<?xml version='1.0' encoding='utf-8'?>
<zapit api="4">
  <satellites>
    <satellite key="0dde0000:0001:20fa" name="Sat-5W" namespace="0x0dde0000" position="-5">
      <transponder key="0dde0000:0001:20fa" frequency="11509000" symbol_rate="29500000" polarization="H" fec="6" system="0" modulation="0">
        <service id="0x0041" sid="65" name="France 2 HD" type="25" provider="GR1 A" onid="8442" tsid="1" namespace="0x0dde0000" />
        <service id="0x006e" sid="110" name="France 3 Sat HD" type="25" provider="GR1" onid="8442" tsid="1" namespace="0x0dde0000" />
        <service id="0x0044" sid="68" name="France 4 HD" type="25" provider="GR1 A" onid="8442" tsid="1" namespace="0x0dde0000" />
        <service id="0x0045" sid="69" name="France Ô" type="25" provider="GR1 A" onid="8442" tsid="1" namespace="0x0dde0000" />
        <service id="0x006a" sid="106" name="franceinfo:" type="25" provider="GR1 B" onid="8442" tsid="1" namespace="0x0dde0000" />
      </transponder>
    </satellite>
    <satellite key="0dde0000:0001:013e" name="Sat-5W" namespace="0x0dde0000" position="-5">
      <transponder key="0dde0000:0001:013e" frequency="11676000" symbol_rate="30000000" polarization="H" fec="2" system="0" modulation="0">
        <service id="0x0d4b" sid="3403" name="Rai 3 TGR Piemonte" type="25" provider="RAI" onid="318" tsid="1" namespace="0x0dde0000" />
      </transponder>
    </satellite>
    <satellite key="0dde0000:0002:20fa" name="Sat-5W" namespace="0x0dde0000" position="-5">
      <transponder key="0dde0000:0002:20fa" frequency="12648000" symbol_rate="29500000" polarization="V" fec="6" system="0" modulation="0">
        <service id="0x00cb" sid="203" name="BFM TV HD" type="25" provider="NTN" onid="8442" tsid="2" namespace="0x0dde0000" />
        <service id="0x00c9" sid="201" name="C8 HD" type="25" provider="NTN" onid="8442" tsid="2" namespace="0x0dde0000" />
        <service id="0x00cd" sid="205" name="CStar HD" type="25" provider="NTN" onid="8442" tsid="2" namespace="0x0dde0000" />
        <service id="0x00ce" sid="206" name="Gulli HD" type="25" provider="NTN" onid="8442" tsid="2" namespace="0x0dde0000" />
        <service id="0x00cc" sid="204" name="iTELE HD" type="25" provider="NTN" onid="8442" tsid="2" namespace="0x0dde0000" />
      </transponder>
    </satellite>
    <satellite key="0dde0000:0002:013e" name="Sat-5W" namespace="0x0dde0000" position="-5">
      <transponder key="0dde0000:0002:013e" frequency="11012000" symbol_rate="30000000" polarization="V" fec="7" system="0" modulation="0">
        <service id="0x0374" sid="884" name="Rai 5" type="25" provider="RAI" onid="318" tsid="2" namespace="0x0dde0000" />
        <service id="0x087f" sid="2175" name="Rai Scuola" type="25" provider="RAI" onid="318" tsid="2" namespace="0x0dde0000" />
        <service id="0x087b" sid="2171" name="Rai Sport 1" type="25" provider="RAI" onid="318" tsid="2" namespace="0x0dde0000" />
        <service id="0x087c" sid="2172" name="Rai Sport 2" type="25" provider="RAI" onid="318" tsid="2" namespace="0x0dde0000" />
        <service id="0x0375" sid="885" name="Rai Storia" type="25" provider="RAI" onid="318" tsid="2" namespace="0x0dde0000" />
        <service id="0x087d" sid="2173" name="TV 2000" type="25" provider="RAI" onid="318" tsid="2" namespace="0x0dde0000" />
      </transponder>
    </satellite>
    <satellite key="0dde0000:0003:20fa" name="Sat-5W" namespace="0x0dde0000" position="-5">
      <transponder key="0dde0000:0003:20fa" frequency="12648000" symbol_rate="29500000" polarization="V" fec="6" system="0" modulation="0">
        <service id="0x012e" sid="302" name="Canal+ Cinéma HD" type="25" provider="CNH" onid="8442" tsid="3" namespace="0x0dde0000" />
        <service id="0x012d" sid="301" name="Canal+ crypté|  Diffusion pendant les plages cryptées" type="25" provider="CNH" onid="8442" tsid="3" namespace="0x0dde0000" />
        <service id="0x030a" sid="778" name="Canal+ HD" type="25" provider="CNH" onid="8442" tsid="3" namespace="0x0dde0000" />
        <service id="0x012f" sid="303" name="Canal+ Sport HD" type="25" provider="CNH" onid="8442" tsid="3" namespace="0x0dde0000" />
        <service id="0x0086" sid="134" name="LCI - La Chaîne Info" type="25" provider="CNH" onid="8442" tsid="3" namespace="0x0dde0000" />
        <service id="0x0087" sid="135" name="Paris Première" type="25" provider="CNH" onid="8442" tsid="3" namespace="0x0dde0000" />
        <service id="0x0082" sid="130" name="Planète+ HD" type="25" provider="CNH" onid="8442" tsid="3" namespace="0x0dde0000" />
      </transponder>
    </satellite>
    <satellite key="0dde0000:0004:20fa" name="Sat-5W" namespace="0x0dde0000" position="-5">
      <transponder key="0dde0000:0004:20fa" frequency="11509000" symbol_rate="29500000" polarization="H" fec="6" system="0" modulation="0">
        <service id="0x01a0" sid="416" name="6ter" type="25" provider="Multi4" onid="8442" tsid="4" namespace="0x0dde0000" />
        <service id="0x00c5" sid="197" name="Arte HD" type="25" provider="Multi4" onid="8442" tsid="4" namespace="0x0dde0000" />
        <service id="0x019f" sid="415" name="France 5 HD" type="25" provider="Multi4" onid="8442" tsid="4" namespace="0x0dde0000" />
        <service id="0x00bf" sid="191" name="M6 HD" type="25" provider="Multi4" onid="8442" tsid="4" namespace="0x0dde0000" />
        <service id="0x00c0" sid="192" name="W9 HD" type="25" provider="Multi4" onid="8442" tsid="4" namespace="0x0dde0000" />
      </transponder>
    </satellite>
    <satellite key="0dde0000:0004:013e" name="Sat-5W" namespace="0x0dde0000" position="-5">
      <transponder key="0dde0000:0004:013e" frequency="11179000" symbol_rate="30000000" polarization="V" fec="7" system="0" modulation="0">
        <service id="0x218c" sid="8588" name="Rai 1 HD" type="25" provider="RAI" onid="318" tsid="4" namespace="0x0dde0000" />
        <service id="0x088b" sid="2187" name="Rai 4" type="25" provider="RAI" onid="318" tsid="4" namespace="0x0dde0000" />
        <service id="0x088c" sid="2188" name="Rai Gulp" type="25" provider="RAI" onid="318" tsid="4" namespace="0x0dde0000" />
        <service id="0x088d" sid="2189" name="Rai Movie" type="25" provider="RAI" onid="318" tsid="4" namespace="0x0dde0000" />
        <service id="0x0379" sid="889" name="Rai Premium" type="25" provider="RAI" onid="318" tsid="4" namespace="0x0dde0000" />
        <service id="0x088a" sid="2186" name="Rai Yoyo" type="25" provider="RAI" onid="318" tsid="4" namespace="0x0dde0000" />
      </transponder>
    </satellite>
    <satellite key="0dde0000:0005:013e" name="Sat-5W" namespace="0x0dde0000" position="-5">
      <transponder key="0dde0000:0005:013e" frequency="11179000" symbol_rate="30000000" polarization="V" fec="7" system="0" modulation="0">
        <service id="0x088e" sid="2190" name="Rai 2 HD" type="25" provider="RAI" onid="318" tsid="5" namespace="0x0dde0000" />
        <service id="0x088f" sid="2191" name="Rai 3 HD" type="25" provider="RAI" onid="318" tsid="5" namespace="0x0dde0000" />
        <service id="0x037f" sid="895" name="Rai Sport 1 HD" type="25" provider="RAI" onid="318" tsid="5" namespace="0x0dde0000" />
      </transponder>
    </satellite>
    <satellite key="0dde0000:0006:20fa" name="Sat-5W" namespace="0x0dde0000" position="-5">
      <transponder key="0dde0000:0006:20fa" frequency="11509000" symbol_rate="29500000" polarization="H" fec="6" system="0" modulation="0">
        <service id="0x0105" sid="261" name="LCP HD" type="25" provider="SMR6" onid="8442" tsid="6" namespace="0x0dde0000" />
        <service id="0x025a" sid="602" name="NRJ 12 HD" type="25" provider="SMR6" onid="8442" tsid="6" namespace="0x0dde0000" />
        <service id="0x0104" sid="260" name="NT 1 HD" type="25" provider="SMR6" onid="8442" tsid="6" namespace="0x0dde0000" />
        <service id="0x0103" sid="259" name="TF 1" type="25" provider="SMR6" onid="8442" tsid="6" namespace="0x0dde0000" />
        <service id="0x025e" sid="606" name="TMC HD" type="25" provider="SMR6" onid="8442" tsid="6" namespace="0x0dde0000" />
      </transponder>
    </satellite>
    <satellite key="0dde0000:000a:20fa" name="Sat-5W" namespace="0x0dde0000" position="-5">
      <transponder key="0dde0000:000a:20fa" frequency="12648000" symbol_rate="29500000" polarization="V" fec="6" system="0" modulation="0">
        <service id="0x0a03" sid="2563" name="Cherie 25" type="25" provider="MHD7" onid="8442" tsid="10" namespace="0x0dde0000" />
        <service id="0x0a01" sid="2561" name="HD1" type="25" provider="MHD7" onid="8442" tsid="10" namespace="0x0dde0000" />
        <service id="0x0a02" sid="2562" name="LEquipe 21" type="25" provider="MHD7" onid="8442" tsid="10" namespace="0x0dde0000" />
        <service id="0x0a05" sid="2565" name="Numéro 23" type="25" provider="MHD7" onid="8442" tsid="10" namespace="0x0dde0000" />
        <service id="0x0a04" sid="2564" name="RMC Découverte" type="25" provider="MHD7" onid="8442" tsid="10" namespace="0x0dde0000" />
      </transponder>
    </satellite>
    <satellite key="0dde0000:00d2:0104" name="Sat-5W" namespace="0x0dde0000" position="-5">
      <transponder key="0dde0000:00d2:0104" frequency="11179000" symbol_rate="30000000" polarization="V" fec="7" system="0" modulation="0">
        <service id="0x0ce7" sid="3303" name="Rai 3 TGR Campania" type="25" provider="RAI" onid="260" tsid="210" namespace="0x0dde0000" />
      </transponder>
    </satellite>
    <satellite key="0dde0000:00fa:00c8" name="Sat-5W" namespace="0x0dde0000" position="-5">
      <transponder key="0dde0000:00fa:00c8" frequency="11012000" symbol_rate="30000000" polarization="V" fec="7" system="0" modulation="0">
        <service id="0x0c83" sid="3203" name="Rai 3 TGR Piemonte" type="25" provider="RAI" onid="200" tsid="250" namespace="0x0dde0000" />
      </transponder>
    </satellite>
    <satellite key="0dde0000:0107:217c" name="Sat-5W" namespace="0x0dde0000" position="-5">
      <transponder key="0dde0000:0107:217c" frequency="12606000" symbol_rate="35000000" polarization="V" fec="2" system="0" modulation="0">
        <service id="0x02c7" sid="711" name="La 7" type="25" provider="" onid="8572" tsid="263" namespace="0x0dde0000" />
        <service id="0x02f9" sid="761" name="La 7" type="25" provider="" onid="8572" tsid="263" namespace="0x0dde0000" />
        <service id="0x02c8" sid="712" name="La 7 d" type="25" provider="" onid="8572" tsid="263" namespace="0x0dde0000" />
        <service id="0x02ef" sid="751" name="La 7 HD" type="25" provider="" onid="8572" tsid="263" namespace="0x0dde0000" />
        <service id="0x02f0" sid="752" name="La7d HD" type="25" provider="" onid="8572" tsid="263" namespace="0x0dde0000" />
      </transponder>
    </satellite>
    <satellite key="0dde0000:032a:0110" name="Sat-5W" namespace="0x0dde0000" position="-5">
      <transponder key="0dde0000:032a:0110" frequency="12606000" symbol_rate="35000000" polarization="V" fec="2" system="0" modulation="0">
        <service id="0x1fa9" sid="8105" name="Canale 5 HD" type="25" provider="Mediaset" onid="272" tsid="810" namespace="0x0dde0000" />
        <service id="0x1faa" sid="8106" name="Italia 1 HD" type="25" provider="Mediaset" onid="272" tsid="810" namespace="0x0dde0000" />
        <service id="0x1fd7" sid="8151" name="Premium Action HD" type="25" provider="Mediaset" onid="272" tsid="810" namespace="0x0dde0000" />
        <service id="0x1fc5" sid="8133" name="Premium Crime HD" type="25" provider="Mediaset" onid="272" tsid="810" namespace="0x0dde0000" />
      </transponder>
    </satellite>
    <satellite key="0dde0000:0384:0110" name="Sat-5W" namespace="0x0dde0000" position="-5">
      <transponder key="0dde0000:0384:0110" frequency="12627000" symbol_rate="35000000" polarization="H" fec="7" system="0" modulation="0">
        <service id="0x1bd1" sid="7121" name="Premium Cinema 2 HD" type="25" provider="Mediaset" onid="272" tsid="900" namespace="0x0dde0000" />
        <service id="0x1bcd" sid="7117" name="Premium Cinema HD" type="25" provider="Mediaset" onid="272" tsid="900" namespace="0x0dde0000" />
        <service id="0x1bdc" sid="7132" name="Premium Energy HD" type="25" provider="Mediaset" onid="272" tsid="900" namespace="0x0dde0000" />
        <service id="0x1c16" sid="7190" name="Sport Italia" type="25" provider="Mediaset" onid="272" tsid="900" namespace="0x0dde0000" />
        <service id="0x1c17" sid="7191" name="Sportitalia" type="25" provider="" onid="272" tsid="900" namespace="0x0dde0000" />
        <service id="0x1c18" sid="7192" name="Tele Padre Pio" type="25" provider="Telespazio" onid="272" tsid="900" namespace="0x0dde0000" />
      </transponder>
    </satellite>
    <satellite key="0dde0000:0385:0110" name="Sat-5W" namespace="0x0dde0000" position="-5">
      <transponder key="0dde0000:0385:0110" frequency="12585000" symbol_rate="35000000" polarization="H" fec="7" system="0" modulation="0">
        <service id="0x009d" sid="157" name="Cartoon Network" type="25" provider="Mediaset" onid="272" tsid="901" namespace="0x0dde0000" />
        <service id="0x007b" sid="123" name="Premium Action +24" type="25" provider="Mediaset" onid="272" tsid="901" namespace="0x0dde0000" />
        <service id="0x002a" sid="42" name="Premium Calcio 1" type="25" provider="Mediaset" onid="272" tsid="901" namespace="0x0dde0000" />
        <service id="0x008d" sid="141" name="Premium Calcio 1 HD" type="25" provider="Mediaset" onid="272" tsid="901" namespace="0x0dde0000" />
        <service id="0x002b" sid="43" name="Premium Calcio 2" type="25" provider="Mediaset" onid="272" tsid="901" namespace="0x0dde0000" />
        <service id="0x002c" sid="44" name="Premium Calcio 3" type="25" provider="Mediaset" onid="272" tsid="901" namespace="0x0dde0000" />
        <service id="0x002d" sid="45" name="Premium Calcio 4" type="25" provider="Mediaset" onid="272" tsid="901" namespace="0x0dde0000" />
        <service id="0x006a" sid="106" name="Premium Calcio 5" type="25" provider="Mediaset" onid="272" tsid="901" namespace="0x0dde0000" />
        <service id="0x006b" sid="107" name="Premium Calcio 6" type="25" provider="Mediaset" onid="272" tsid="901" namespace="0x0dde0000" />
        <service id="0x007a" sid="122" name="Premium Cinema 2 +24" type="25" provider="Mediaset" onid="272" tsid="901" namespace="0x0dde0000" />
        <service id="0x0033" sid="51" name="Premium Menu" type="25" provider="Mediaset" onid="272" tsid="901" namespace="0x0dde0000" />
        <service id="0x004e" sid="78" name="Premium Sport" type="25" provider="Mediaset" onid="272" tsid="901" namespace="0x0dde0000" />
        <service id="0x0029" sid="41" name="Premium Sport 2" type="25" provider="Mediaset" onid="272" tsid="901" namespace="0x0dde0000" />
        <service id="0x00bf" sid="191" name="Premium Sport 4K" type="25" provider="" onid="272" tsid="901" namespace="0x0dde0000" />
        <service id="0x004d" sid="77" name="Premium Stories +24" type="25" provider="Mediaset" onid="272" tsid="901" namespace="0x0dde0000" />
      </transponder>
    </satellite>
    <satellite key="0dde0000:0389:0110" name="Sat-5W" namespace="0x0dde0000" position="-5">
      <transponder key="0dde0000:0389:0110" frequency="12669000" symbol_rate="35000000" polarization="H" fec="7" system="0" modulation="0">
        <service id="0x005b" sid="91" name="Boing" type="25" provider="Mediaset" onid="272" tsid="905" namespace="0x0dde0000" />
        <service id="0x005d" sid="93" name="Cartoonito" type="25" provider="Mediaset" onid="272" tsid="905" namespace="0x0dde0000" />
        <service id="0x009a" sid="154" name="Fine Living Network" type="25" provider="Mediaset" onid="272" tsid="905" namespace="0x0dde0000" />
        <service id="0x016c" sid="364" name="Mediaset Extra" type="25" provider="Mediaset" onid="272" tsid="905" namespace="0x0dde0000" />
        <service id="0x016b" sid="363" name="Mediaset Italia Due" type="25" provider="Mediaset" onid="272" tsid="905" namespace="0x0dde0000" />
        <service id="0x0169" sid="361" name="QVC Italia" type="25" provider="Mediaset" onid="272" tsid="905" namespace="0x0dde0000" />
        <service id="0x015a" sid="346" name="Rete 4 HD" type="25" provider="Mediaset" onid="272" tsid="905" namespace="0x0dde0000" />
        <service id="0x000f" sid="15" name="Servizio 21" type="25" provider="" onid="272" tsid="905" namespace="0x0dde0000" />
        <service id="0x016a" sid="362" name="TOPcrime" type="25" provider="Mediaset" onid="272" tsid="905" namespace="0x0dde0000" />
      </transponder>
    </satellite>
    <satellite key="0dde0000:03a2:0110" name="Sat-5W" namespace="0x0dde0000" position="-5">
      <transponder key="0dde0000:03a2:0110" frequency="12627000" symbol_rate="35000000" polarization="H" fec="2" system="0" modulation="0">
        <service id="0x0c3f" sid="3135" name="Eurosport 1" type="25" provider="Mediaset" onid="272" tsid="930" namespace="0x0dde0000" />
        <service id="0x0c40" sid="3136" name="Eurosport 2" type="25" provider="Mediaset" onid="272" tsid="930" namespace="0x0dde0000" />
        <service id="0x0c43" sid="3139" name="Premium Calcio HD" type="25" provider="Mediaset" onid="272" tsid="930" namespace="0x0dde0000" />
        <service id="0x0c4e" sid="3150" name="Premium Comedy" type="25" provider="Mediaset" onid="272" tsid="930" namespace="0x0dde0000" />
        <service id="0x0c44" sid="3140" name="Premium Sport HD" type="25" provider="Mediaset" onid="272" tsid="930" namespace="0x0dde0000" />
      </transponder>
    </satellite>
    <satellite key="0dde0000:03ac:0110" name="Sat-5W" namespace="0x0dde0000" position="-5">
      <transponder key="0dde0000:03ac:0110" frequency="12669000" symbol_rate="35000000" polarization="H" fec="7" system="0" modulation="0">
        <service id="0x0fa5" sid="4005" name="Canale 5" type="25" provider="Mediaset" onid="272" tsid="940" namespace="0x0dde0000" />
        <service id="0x0faf" sid="4015" name="Iris" type="25" provider="Mediaset" onid="272" tsid="940" namespace="0x0dde0000" />
        <service id="0x0fa6" sid="4006" name="Italia Uno" type="25" provider="Mediaset" onid="272" tsid="940" namespace="0x0dde0000" />
        <service id="0x0fad" sid="4013" name="La5" type="25" provider="Mediaset" onid="272" tsid="940" namespace="0x0dde0000" />
        <service id="0x0fa4" sid="4004" name="Rete 4" type="25" provider="Mediaset" onid="272" tsid="940" namespace="0x0dde0000" />
        <service id="0x03f0" sid="1008" name="Servizio8" type="25" provider="" onid="272" tsid="940" namespace="0x0dde0000" />
        <service id="0x0fae" sid="4014" name="TgCom24" type="25" provider="Mediaset" onid="272" tsid="940" namespace="0x0dde0000" />
      </transponder>
    </satellite>
    <satellite key="0dde0000:03b6:0110" name="Sat-5W" namespace="0x0dde0000" position="-5">
      <transponder key="0dde0000:03b6:0110" frequency="12585000" symbol_rate="35000000" polarization="H" fec="7" system="0" modulation="0">
        <service id="0x141a" sid="5146" name="Investigation Discovery Italy" type="25" provider="Mediaset" onid="272" tsid="950" namespace="0x0dde0000" />
        <service id="0x13f7" sid="5111" name="Joi" type="25" provider="Mediaset" onid="272" tsid="950" namespace="0x0dde0000" />
        <service id="0x13fe" sid="5118" name="Joi +24" type="25" provider="Mediaset" onid="272" tsid="950" namespace="0x0dde0000" />
        <service id="0x13fb" sid="5115" name="Premium Cinema +24" type="25" provider="Mediaset" onid="272" tsid="950" namespace="0x0dde0000" />
        <service id="0x13fc" sid="5116" name="Premium Crime +24" type="25" provider="Mediaset" onid="272" tsid="950" namespace="0x0dde0000" />
        <service id="0x140b" sid="5131" name="Premium Emotion" type="25" provider="Mediaset" onid="272" tsid="950" namespace="0x0dde0000" />
        <service id="0x058b" sid="1419" name="Premium Energy +24" type="25" provider="Mediaset" onid="272" tsid="950" namespace="0x0dde0000" />
        <service id="0x13f8" sid="5112" name="Premium Stories" type="25" provider="Mediaset" onid="272" tsid="950" namespace="0x0dde0000" />
        <service id="0x13f9" sid="5113" name="Studio Universal (Italy)" type="25" provider="Mediaset" onid="272" tsid="950" namespace="0x0dde0000" />
      </transponder>
    </satellite>
    <satellite key="0dde0000:23f1:0801" name="Sat-5W" namespace="0x0dde0000" position="-5">
      <transponder key="0dde0000:23f1:0801" frequency="12543000" symbol_rate="27500000" polarization="H" fec="3" system="0" modulation="0">
        <service id="0x2b61" sid="11105" name="beIN Sports 1" type="1" provider="Bis" onid="2049" tsid="9201" namespace="0x0dde0000" />
        <service id="0x2b62" sid="11106" name="beIN Sports 2" type="1" provider="Bis" onid="2049" tsid="9201" namespace="0x0dde0000" />
        <service id="0x044d" sid="1101" name="GCPE1" type="1" provider="GlobeCast" onid="2049" tsid="9201" namespace="0x0dde0000" />
        <service id="0x044e" sid="1102" name="GCPE2" type="1" provider="GlobeCast" onid="2049" tsid="9201" namespace="0x0dde0000" />
        <service id="0x044c" sid="1100" name="Occa HD2 Europa" type="1" provider="Globecast" onid="2049" tsid="9201" namespace="0x0dde0000" />
      </transponder>
    </satellite>
    <satellite key="0dde0000:4000:013e" name="Sat-5W" namespace="0x0dde0000" position="-5">
      <transponder key="0dde0000:4000:013e" frequency="11637000" symbol_rate="30000000" polarization="V" fec="7" system="0" modulation="0">
        <service id="0x0d49" sid="3401" name="Rai 1" type="25" provider="RAI" onid="318" tsid="16384" namespace="0x0dde0000" />
        <service id="0x0d4a" sid="3402" name="Rai 2" type="25" provider="RAI" onid="318" tsid="16384" namespace="0x0dde0000" />
        <service id="0x0d4b" sid="3403" name="Rai 3 TGR Liguria" type="25" provider="RAI" onid="318" tsid="16384" namespace="0x0dde0000" />
        <service id="0x0d53" sid="3411" name="Rai News 24" type="25" provider="RAI" onid="318" tsid="16384" namespace="0x0dde0000" />
      </transponder>
    </satellite>
    <satellite key="0dde0000:4800:013e" name="Sat-5W" namespace="0x0dde0000" position="-5">
      <transponder key="0dde0000:4800:013e" frequency="11676000" symbol_rate="30000000" polarization="H" fec="2" system="0" modulation="0">
        <service id="0x0d4b" sid="3403" name="Rai 3 TGR Emilia Romagna" type="25" provider="RAI" onid="318" tsid="18432" namespace="0x0dde0000" />
      </transponder>
    </satellite>
    <satellite key="0dde0000:4e84:055f" name="Sat-5W" namespace="0x0dde0000" position="-5">
      <transponder key="0dde0000:4e84:055f" frequency="11471000" symbol_rate="29950000" polarization="V" fec="3" system="0" modulation="0">
        <service id="0x0bc4" sid="3012" name="BFM TV HD" type="25" provider="Bis" onid="1375" tsid="20100" namespace="0x0dde0000" />
        <service id="0x0bc5" sid="3013" name="C8 HD" type="25" provider="Bis" onid="1375" tsid="20100" namespace="0x0dde0000" />
        <service id="0x0bbe" sid="3006" name="Canal J HD" type="25" provider="Fransat" onid="1375" tsid="20100" namespace="0x0dde0000" />
        <service id="0x0bbd" sid="3005" name="Cherie 25" type="25" provider="Bis" onid="1375" tsid="20100" namespace="0x0dde0000" />
        <service id="0x0bc6" sid="3014" name="CStar HD" type="25" provider="Bis" onid="1375" tsid="20100" namespace="0x0dde0000" />
        <service id="0x0bc7" sid="3015" name="Gulli HD" type="25" provider="Bis" onid="1375" tsid="20100" namespace="0x0dde0000" />
        <service id="0x0bb8" sid="3000" name="HD1" type="25" provider="Bis" onid="1375" tsid="20100" namespace="0x0dde0000" />
        <service id="0x0bc3" sid="3011" name="iTELE HD" type="25" provider="Bis" onid="1375" tsid="20100" namespace="0x0dde0000" />
        <service id="0x0bb9" sid="3001" name="LEquipe 21" type="25" provider="Bis" onid="1375" tsid="20100" namespace="0x0dde0000" />
        <service id="0x0bbb" sid="3003" name="Numéro 23" type="25" provider="Bis" onid="1375" tsid="20100" namespace="0x0dde0000" />
        <service id="0x0bbc" sid="3004" name="RMC Découverte" type="25" provider="Bis" onid="1375" tsid="20100" namespace="0x0dde0000" />
        <service id="0x0bbf" sid="3007" name="TiJi HD" type="25" provider="Fransat" onid="1375" tsid="20100" namespace="0x0dde0000" />
      </transponder>
    </satellite>
    <satellite key="0dde0000:4ee8:055f" name="Sat-5W" namespace="0x0dde0000" position="-5">
      <transponder key="0dde0000:4ee8:055f" frequency="11512000" symbol_rate="29950000" polarization="V" fec="3" system="0" modulation="0">
        <service id="0x00cb" sid="203" name="AB 1" type="25" provider="Bis" onid="1375" tsid="20200" namespace="0x0dde0000" />
        <service id="0x00cc" sid="204" name="AB Moteurs" type="25" provider="Bis" onid="1375" tsid="20200" namespace="0x0dde0000" />
        <service id="0x00d4" sid="212" name="Action" type="25" provider="Bis" onid="1375" tsid="20200" namespace="0x0dde0000" />
        <service id="0x00d0" sid="208" name="Animaux" type="25" provider="Bis" onid="1375" tsid="20200" namespace="0x0dde0000" />
        <service id="0x00d5" sid="213" name="Bis Télévisions Promo" type="25" provider="Bis" onid="1375" tsid="20200" namespace="0x0dde0000" />
        <service id="0x00d3" sid="211" name="Chasse et Pêche" type="25" provider="Bis" onid="1375" tsid="20200" namespace="0x0dde0000" />
        <service id="0x00d7" sid="215" name="Crime District" type="25" provider="Bis" onid="1375" tsid="20200" namespace="0x0dde0000" />
        <service id="0x00d9" sid="217" name="Dorcel TV" type="25" provider="Bis" onid="1375" tsid="20200" namespace="0x0dde0000" />
        <service id="0x00dc" sid="220" name="Equidia Live" type="25" provider="Bis" onid="1375" tsid="20200" namespace="0x0dde0000" />
        <service id="0x00ce" sid="206" name="Game One" type="25" provider="Bis" onid="1375" tsid="20200" namespace="0x0dde0000" />
        <service id="0x00cd" sid="205" name="Golf Channel France" type="25" provider="Bis" onid="1375" tsid="20200" namespace="0x0dde0000" />
        <service id="0x00ca" sid="202" name="Mangas" type="25" provider="Bis" onid="1375" tsid="20200" namespace="0x0dde0000" />
        <service id="0x00d6" sid="214" name="Paramount Channel France" type="25" provider="Bis" onid="1375" tsid="20200" namespace="0x0dde0000" />
        <service id="0x00c9" sid="201" name="RTL 9" type="25" provider="Bis" onid="1375" tsid="20200" namespace="0x0dde0000" />
        <service id="0x00d1" sid="209" name="Science et Vie" type="25" provider="Bis" onid="1375" tsid="20200" namespace="0x0dde0000" />
        <service id="0x00d2" sid="210" name="Toute l´Histoire" type="25" provider="Bis" onid="1375" tsid="20200" namespace="0x0dde0000" />
        <service id="0x00cf" sid="207" name="Trek" type="25" provider="Bis" onid="1375" tsid="20200" namespace="0x0dde0000" />
        <service id="0x00db" sid="219" name="Téva" type="25" provider="Bis" onid="1375" tsid="20200" namespace="0x0dde0000" />
        <service id="0x00d8" sid="216" name="XXL" type="25" provider="Bis" onid="1375" tsid="20200" namespace="0x0dde0000" />
      </transponder>
    </satellite>
    <satellite key="0dde0000:4f4c:055f" name="Sat-5W" namespace="0x0dde0000" position="-5">
      <transponder key="0dde0000:4f4c:055f" frequency="11555000" symbol_rate="29950000" polarization="V" fec="3" system="0" modulation="0">
        <service id="0x0054" sid="84" name="Canal+ HD" type="25" provider="Bis" onid="1375" tsid="20300" namespace="0x0dde0000" />
        <service id="0x012d" sid="301" name="France 2 HD" type="25" provider="Bis" onid="1375" tsid="20300" namespace="0x0dde0000" />
        <service id="0x012e" sid="302" name="France 3 Sat HD" type="25" provider="Bis" onid="1375" tsid="20300" namespace="0x0dde0000" />
        <service id="0x012f" sid="303" name="France 4 HD" type="25" provider="Bis" onid="1375" tsid="20300" namespace="0x0dde0000" />
        <service id="0x0052" sid="82" name="France Ô" type="25" provider="Bis" onid="1375" tsid="20300" namespace="0x0dde0000" />
        <service id="0x0053" sid="83" name="franceinfo:" type="25" provider="Bis" onid="1375" tsid="20300" namespace="0x0dde0000" />
        <service id="0x008e" sid="142" name="Fransat Info HD" type="25" provider="EUTELSAT" onid="1375" tsid="20300" namespace="0x0dde0000" />
        <service id="0x0055" sid="85" name="LCI - La Chaîne Info" type="25" provider="Bis" onid="1375" tsid="20300" namespace="0x0dde0000" />
        <service id="0x0058" sid="88" name="OCS Choc" type="25" provider="EUTELSAT" onid="1375" tsid="20300" namespace="0x0dde0000" />
        <service id="0x0057" sid="87" name="OCS City" type="25" provider="EUTELSAT" onid="1375" tsid="20300" namespace="0x0dde0000" />
        <service id="0x0059" sid="89" name="OCS Géants" type="25" provider="EUTELSAT" onid="1375" tsid="20300" namespace="0x0dde0000" />
        <service id="0x008a" sid="138" name="OCS Max HD" type="25" provider="EUTELSAT" onid="1375" tsid="20300" namespace="0x0dde0000" />
      </transponder>
    </satellite>
    <satellite key="0dde0000:4fb0:055f" name="Sat-5W" namespace="0x0dde0000" position="-5">
      <transponder key="0dde0000:4fb0:055f" frequency="11096000" symbol_rate="29950000" polarization="V" fec="3" system="0" modulation="0">
        <service id="0x01a6" sid="422" name="6ter" type="25" provider="Bis" onid="1375" tsid="20400" namespace="0x0dde0000" />
        <service id="0x00c2" sid="194" name="Arte HD" type="25" provider="Bis" onid="1375" tsid="20400" namespace="0x0dde0000" />
        <service id="0x019a" sid="410" name="Boing HD France" type="25" provider="Fransat" onid="1375" tsid="20400" namespace="0x0dde0000" />
        <service id="0x019b" sid="411" name="Boomerang France HD" type="25" provider="Fransat" onid="1375" tsid="20400" namespace="0x0dde0000" />
        <service id="0x01a3" sid="419" name="France 5 HD" type="25" provider="Bis" onid="1375" tsid="20400" namespace="0x0dde0000" />
        <service id="0x01a9" sid="425" name="LCP HD" type="25" provider="Bis" onid="1375" tsid="20400" namespace="0x0dde0000" />
        <service id="0x00c1" sid="193" name="M6 HD" type="25" provider="Bis" onid="1375" tsid="20400" namespace="0x0dde0000" />
        <service id="0x01a1" sid="417" name="NRJ 12 HD" type="25" provider="Bis" onid="1375" tsid="20400" namespace="0x0dde0000" />
        <service id="0x01a8" sid="424" name="NT 1 HD" type="25" provider="Bis" onid="1375" tsid="20400" namespace="0x0dde0000" />
        <service id="0x00bf" sid="191" name="TF 1" type="25" provider="Bis" onid="1375" tsid="20400" namespace="0x0dde0000" />
        <service id="0x01a7" sid="423" name="TMC HD" type="25" provider="Bis" onid="1375" tsid="20400" namespace="0x0dde0000" />
        <service id="0x019c" sid="412" name="Toonami France HD" type="25" provider="Fransat" onid="1375" tsid="20400" namespace="0x0dde0000" />
        <service id="0x01a5" sid="421" name="W9 HD" type="25" provider="Bis" onid="1375" tsid="20400" namespace="0x0dde0000" />
      </transponder>
    </satellite>
    <satellite key="0dde0000:5000:013e" name="Sat-5W" namespace="0x0dde0000" position="-5">
      <transponder key="0dde0000:5000:013e" frequency="11637000" symbol_rate="30000000" polarization="V" fec="7" system="0" modulation="0">
        <service id="0x0d4b" sid="3403" name="Rai 3 TGR Toscana" type="25" provider="RAI" onid="318" tsid="20480" namespace="0x0dde0000" />
      </transponder>
    </satellite>
    <satellite key="0dde0000:5014:055f" name="Sat-5W" namespace="0x0dde0000" position="-5">
      <transponder key="0dde0000:5014:055f" frequency="11054000" symbol_rate="29950000" polarization="V" fec="3" system="0" modulation="0">
        <service id="0x01f5" sid="501" name="Dici TV" type="25" provider="Fransat" onid="1375" tsid="20500" namespace="0x0dde0000" />
        <service id="0x01f6" sid="502" name="ETB 1" type="25" provider="Fransat" onid="1375" tsid="20500" namespace="0x0dde0000" />
        <service id="0x01f7" sid="503" name="ETB3" type="25" provider="Fransat" onid="1375" tsid="20500" namespace="0x0dde0000" />
        <service id="0x03e9" sid="1001" name="France 3 Amiens" type="25" provider="Bis" onid="1375" tsid="20500" namespace="0x0dde0000" />
        <service id="0x03f0" sid="1008" name="France 3 Lille" type="25" provider="Bis" onid="1375" tsid="20500" namespace="0x0dde0000" />
        <service id="0x03f5" sid="1013" name="France 3 Nancy" type="25" provider="Bis" onid="1375" tsid="20500" namespace="0x0dde0000" />
        <service id="0x03f7" sid="1015" name="France 3 Nice" type="25" provider="Bis" onid="1375" tsid="20500" namespace="0x0dde0000" />
        <service id="0x03fa" sid="1018" name="France 3 Poitiers" type="25" provider="Bis" onid="1375" tsid="20500" namespace="0x0dde0000" />
        <service id="0x03fb" sid="1019" name="France 3 Reims" type="25" provider="Bis" onid="1375" tsid="20500" namespace="0x0dde0000" />
        <service id="0x03fe" sid="1022" name="France 3 Strasbourg" type="25" provider="Bis" onid="1375" tsid="20500" namespace="0x0dde0000" />
        <service id="0x03ff" sid="1023" name="France 3 Toulouse" type="25" provider="Bis" onid="1375" tsid="20500" namespace="0x0dde0000" />
        <service id="0x0190" sid="400" name="Via Stella" type="25" provider="Bis" onid="1375" tsid="20500" namespace="0x0dde0000" />
      </transponder>
    </satellite>
    <satellite key="0dde0000:5078:055f" name="Sat-5W" namespace="0x0dde0000" position="-5">
      <transponder key="0dde0000:5078:055f" frequency="10971000" symbol_rate="29950000" polarization="V" fec="3" system="0" modulation="0">
        <service id="0x0a36" sid="2614" name="BFM Business" type="25" provider="Fransat" onid="1375" tsid="20600" namespace="0x0dde0000" />
        <service id="0x03eb" sid="1003" name="France 3 Bordeaux" type="25" provider="Bis" onid="1375" tsid="20600" namespace="0x0dde0000" />
        <service id="0x03ed" sid="1005" name="France 3 Clermont Ferrand" type="25" provider="Bis" onid="1375" tsid="20600" namespace="0x0dde0000" />
        <service id="0x03ef" sid="1007" name="France 3 Grenoble" type="25" provider="Bis" onid="1375" tsid="20600" namespace="0x0dde0000" />
        <service id="0x03f1" sid="1009" name="France 3 Limoges" type="25" provider="Bis" onid="1375" tsid="20600" namespace="0x0dde0000" />
        <service id="0x03f2" sid="1010" name="France 3 Lyon" type="25" provider="Bis" onid="1375" tsid="20600" namespace="0x0dde0000" />
        <service id="0x03f3" sid="1011" name="France 3 Marseille" type="25" provider="Bis" onid="1375" tsid="20600" namespace="0x0dde0000" />
        <service id="0x03f4" sid="1012" name="France 3 Montpellier" type="25" provider="Bis" onid="1375" tsid="20600" namespace="0x0dde0000" />
        <service id="0x03f6" sid="1014" name="France 3 Nantes" type="25" provider="Bis" onid="1375" tsid="20600" namespace="0x0dde0000" />
        <service id="0x03fc" sid="1020" name="France 3 Rennes" type="25" provider="Bis" onid="1375" tsid="20600" namespace="0x0dde0000" />
        <service id="0x0a35" sid="2613" name="QVC France" type="25" provider="Fransat" onid="1375" tsid="20600" namespace="0x0dde0000" />
        <service id="0x0067" sid="103" name="TV 5 Monde (France Belgique Suisse)" type="25" provider="Bis" onid="1375" tsid="20600" namespace="0x0dde0000" />
      </transponder>
    </satellite>
    <satellite key="0dde0000:5140:055f" name="Sat-5W" namespace="0x0dde0000" position="-5">
      <transponder key="0dde0000:5140:055f" frequency="11679000" symbol_rate="29950000" polarization="V" fec="3" system="0" modulation="0">
        <service id="0x03ea" sid="1002" name="France 3 Besançon" type="25" provider="Bis" onid="1375" tsid="20800" namespace="0x0dde0000" />
        <service id="0x03ec" sid="1004" name="France 3 Caen" type="25" provider="Bis" onid="1375" tsid="20800" namespace="0x0dde0000" />
        <service id="0x03ee" sid="1006" name="France 3 Dijon" type="25" provider="Bis" onid="1375" tsid="20800" namespace="0x0dde0000" />
        <service id="0x03f8" sid="1016" name="France 3 Orléans" type="25" provider="Bis" onid="1375" tsid="20800" namespace="0x0dde0000" />
        <service id="0x03f9" sid="1017" name="France 3 Paris Ile-de-France" type="25" provider="Bis" onid="1375" tsid="20800" namespace="0x0dde0000" />
        <service id="0x03fd" sid="1021" name="France 3 Rouen" type="25" provider="Bis" onid="1375" tsid="20800" namespace="0x0dde0000" />
        <service id="0x0003" sid="3" name="France 3 Sat" type="25" provider="Bis" onid="1375" tsid="20800" namespace="0x0dde0000" />
        <service id="0x008d" sid="141" name="SFR Sport 2 HD" type="25" provider="EUTELSAT" onid="1375" tsid="20800" namespace="0x0dde0000" />
        <service id="0x008e" sid="142" name="SFR Sport 3 HD" type="25" provider="EUTELSAT" onid="1375" tsid="20800" namespace="0x0dde0000" />
      </transponder>
    </satellite>
    <satellite key="0dde0000:51a4:055f" name="Sat-5W" namespace="0x0dde0000" position="-5">
      <transponder key="0dde0000:51a4:055f" frequency="12564000" symbol_rate="29950000" polarization="V" fec="2" system="0" modulation="0">
        <service id="0x0b52" sid="2898" name="BeIN Sport 1 HD" type="25" provider="Bis" onid="1375" tsid="20900" namespace="0x0dde0000" />
        <service id="0x0b53" sid="2899" name="beIN Sport 2 HD" type="25" provider="Bis" onid="1375" tsid="20900" namespace="0x0dde0000" />
        <service id="0x0b80" sid="2944" name="BeIN Sport Actu" type="25" provider="EUTELSAT" onid="1375" tsid="20900" namespace="0x0dde0000" />
        <service id="0x0b81" sid="2945" name="beIN Sports 3 HD" type="25" provider="Bis" onid="1375" tsid="20900" namespace="0x0dde0000" />
        <service id="0x0b9c" sid="2972" name="Berbère Jeunesse" type="25" provider="EUTELSAT" onid="1375" tsid="20900" namespace="0x0dde0000" />
        <service id="0x0b9d" sid="2973" name="Berbère Music" type="25" provider="EUTELSAT" onid="1375" tsid="20900" namespace="0x0dde0000" />
        <service id="0x0b9b" sid="2971" name="Berbère Télévision" type="25" provider="EUTELSAT" onid="1375" tsid="20900" namespace="0x0dde0000" />
        <service id="0x0ba2" sid="2978" name="GrandLille.TV" type="25" provider="Fransat" onid="1375" tsid="20900" namespace="0x0dde0000" />
        <service id="0x0b85" sid="2949" name="KTO" type="25" provider="Fransat" onid="1375" tsid="20900" namespace="0x0dde0000" />
        <service id="0x0b89" sid="2953" name="TV8 Mont Blanc" type="25" provider="Fransat" onid="1375" tsid="20900" namespace="0x0dde0000" />
        <service id="0x0ba1" sid="2977" name="Télé Mélody" type="25" provider="Fransat" onid="1375" tsid="20900" namespace="0x0dde0000" />
        <service id="0x0b83" sid="2947" name="Vosges Television" type="25" provider="Fransat" onid="1375" tsid="20900" namespace="0x0dde0000" />
      </transponder>
    </satellite>
    <satellite key="0dde0000:526c:055e" name="Sat-5W" namespace="0x0dde0000" position="-5">
      <transponder key="0dde0000:526c:055e" frequency="12690000" symbol_rate="29950000" polarization="V" fec="3" system="0" modulation="0">
        <service id="0x044e" sid="1102" name="Berbère Jeunesse" type="25" provider="brtv" onid="1374" tsid="21100" namespace="0x0dde0000" />
        <service id="0x044d" sid="1101" name="Berbère Music" type="25" provider="brtv" onid="1374" tsid="21100" namespace="0x0dde0000" />
        <service id="0x044c" sid="1100" name="Berbère Télévision" type="25" provider="brtv" onid="1374" tsid="21100" namespace="0x0dde0000" />
        <service id="0x01c6" sid="454" name="ORTB" type="25" provider="Eutelsat" onid="1374" tsid="21100" namespace="0x0dde0000" />
        <service id="0x044f" sid="1103" name="RTI La Première" type="25" provider="EUTELSAT" onid="1374" tsid="21100" namespace="0x0dde0000" />
        <service id="0x01c7" sid="455" name="Sikka TV" type="25" provider="DiviCom Customer" onid="1374" tsid="21100" namespace="0x0dde0000" />
      </transponder>
    </satellite>
    <satellite key="0dde0000:5800:013e" name="Sat-5W" namespace="0x0dde0000" position="-5">
      <transponder key="0dde0000:5800:013e" frequency="11637000" symbol_rate="30000000" polarization="V" fec="7" system="0" modulation="0">
        <service id="0x0d4b" sid="3403" name="Rai 3 TGR Umbria" type="25" provider="RAI" onid="318" tsid="22528" namespace="0x0dde0000" />
      </transponder>
    </satellite>
    <satellite key="0dde0000:6000:013e" name="Sat-5W" namespace="0x0dde0000" position="-5">
      <transponder key="0dde0000:6000:013e" frequency="11637000" symbol_rate="30000000" polarization="V" fec="7" system="0" modulation="0">
        <service id="0x0d4b" sid="3403" name="Rai 3 TGR Marche" type="25" provider="RAI" onid="318" tsid="24576" namespace="0x0dde0000" />
      </transponder>
    </satellite>
    <satellite key="0dde0000:6800:013e" name="Sat-5W" namespace="0x0dde0000" position="-5">
      <transponder key="0dde0000:6800:013e" frequency="11637000" symbol_rate="30000000" polarization="V" fec="7" system="0" modulation="0">
        <service id="0x0d4b" sid="3403" name="Rai 3 TGR Lazio" type="25" provider="RAI" onid="318" tsid="26624" namespace="0x0dde0000" />
      </transponder>
    </satellite>
    <satellite key="0dde0000:7000:013e" name="Sat-5W" namespace="0x0dde0000" position="-5">
      <transponder key="0dde0000:7000:013e" frequency="11676000" symbol_rate="30000000" polarization="H" fec="2" system="0" modulation="0">
        <service id="0x0d4b" sid="3403" name="Rai 3 TGR Abruzzo" type="25" provider="RAI" onid="318" tsid="28672" namespace="0x0dde0000" />
      </transponder>
    </satellite>
    <satellite key="0dde0000:7788:055f" name="Sat-5W" namespace="0x0dde0000" position="-5">
      <transponder key="0dde0000:7788:055f" frequency="12732000" symbol_rate="30000000" polarization="V" fec="3" system="0" modulation="0">
        <service id="0x06a5" sid="1701" name="FRANSAT UHD" type="25" provider="Fransat" onid="1375" tsid="30600" namespace="0x0dde0000" />
      </transponder>
    </satellite>
    <satellite key="0dde0000:7800:013e" name="Sat-5W" namespace="0x0dde0000" position="-5">
      <transponder key="0dde0000:7800:013e" frequency="11676000" symbol_rate="30000000" polarization="H" fec="2" system="0" modulation="0">
        <service id="0x0d4b" sid="3403" name="Rai 3 TGR Molise" type="25" provider="RAI" onid="318" tsid="30720" namespace="0x0dde0000" />
      </transponder>
    </satellite>
    <satellite key="0dde0000:8800:013e" name="Sat-5W" namespace="0x0dde0000" position="-5">
      <transponder key="0dde0000:8800:013e" frequency="11676000" symbol_rate="30000000" polarization="H" fec="2" system="0" modulation="0">
        <service id="0x0d4b" sid="3403" name="Rai 3 TGR Puglia" type="25" provider="RAI" onid="318" tsid="34816" namespace="0x0dde0000" />
      </transponder>
    </satellite>
    <satellite key="0dde0000:9000:013e" name="Sat-5W" namespace="0x0dde0000" position="-5">
      <transponder key="0dde0000:9000:013e" frequency="11676000" symbol_rate="30000000" polarization="H" fec="2" system="0" modulation="0">
        <service id="0x0d4b" sid="3403" name="Rai 3 TGR Basilicata" type="25" provider="RAI" onid="318" tsid="36864" namespace="0x0dde0000" />
      </transponder>
    </satellite>
    <satellite key="0dde0000:9800:013e" name="Sat-5W" namespace="0x0dde0000" position="-5">
      <transponder key="0dde0000:9800:013e" frequency="11676000" symbol_rate="30000000" polarization="H" fec="2" system="0" modulation="0">
        <service id="0x0d4b" sid="3403" name="Rai 3 TGR Calabria" type="25" provider="RAI" onid="318" tsid="38912" namespace="0x0dde0000" />
      </transponder>
    </satellite>
    <satellite key="0dde0000:a000:013e" name="Sat-5W" namespace="0x0dde0000" position="-5">
      <transponder key="0dde0000:a000:013e" frequency="11676000" symbol_rate="30000000" polarization="H" fec="2" system="0" modulation="0">
        <service id="0x0d4b" sid="3403" name="Rai 3 TGR Sicilia" type="25" provider="RAI" onid="318" tsid="40960" namespace="0x0dde0000" />
      </transponder>
    </satellite>
    <satellite key="0dde2b33:2a94:ffff" name="Sat-5W" namespace="0x0dde2b33" position="-5">
      <transponder key="0dde2b33:2a94:ffff" frequency="11059000" symbol_rate="23700000" polarization="H" fec="3" system="0" modulation="0">
        <service id="0x0067" sid="103" name="Algerie 3" type="1" provider="TDA" onid="65535" tsid="10900" namespace="0x0dde2b33" />
        <service id="0x025b" sid="603" name="Canal 6-Feed" type="1" provider="TDA" onid="65535" tsid="10900" namespace="0x0dde2b33" />
        <service id="0x025a" sid="602" name="Canal Algérie" type="1" provider="TDA" onid="65535" tsid="10900" namespace="0x0dde2b33" />
        <service id="0x025c" sid="604" name="ENTV" type="1" provider="TDA" onid="65535" tsid="10900" namespace="0x0dde2b33" />
        <service id="0x006c" sid="108" name="TV Coran" type="1" provider="TDA" onid="65535" tsid="10900" namespace="0x0dde2b33" />
        <service id="0x006d" sid="109" name="TV Tamazight" type="1" provider="TDA" onid="65535" tsid="10900" namespace="0x0dde2b33" />
      </transponder>
    </satellite>
    <satellite key="ffce31a7:0107:217c" name="Sat-5W" namespace="0xffce31a7" position="-5">
      <transponder key="ffce31a7:0107:217c" frequency="12711000" symbol_rate="35500000" polarization="H" fec="2" system="0" modulation="0">
        <service id="0x02c7" sid="711" name="La 7" type="25" provider="" onid="8572" tsid="263" namespace="0xffce31a7" />
        <service id="0x02c8" sid="712" name="La 7 d" type="25" provider="" onid="8572" tsid="263" namespace="0xffce31a7" />
        <service id="0x02ef" sid="751" name="La 7 HD" type="25" provider="" onid="8572" tsid="263" namespace="0xffce31a7" />
        <service id="0x02f9" sid="761" name="LA7 TEST" type="25" provider="" onid="8572" tsid="263" namespace="0xffce31a7" />
        <service id="0x02f0" sid="752" name="La7d HD" type="25" provider="" onid="8572" tsid="263" namespace="0xffce31a7" />
      </transponder>
    </satellite>
    <satellite key="ffcead75:4000:013e" name="Sat-5W" namespace="0xffcead75" position="-5">
      <transponder key="ffcead75:4000:013e" frequency="11637000" symbol_rate="30000000" polarization="V" fec="7" system="0" modulation="0">
        <service id="0x0d4b" sid="3403" name="Rai 3 TGR Liguria" type="25" provider="RAI" onid="318" tsid="16384" namespace="0xffcead75" />
      </transponder>
    </satellite>
  </satellites>
</zapit>
