<?xml version='1.0' encoding='utf-8'?>
<zapit api="4">
  <terrestrials>
    <terrestrial key="eeee0000:5560:217c" name="Service-Provider" namespace="0xeeee0000">
      <transponder key="eeee0000:5560:217c" frequency="642000000" symbol_rate="0" polarization="H" fec="5" system="0" modulation="4">
        <service id="0x002a" sid="42" name="Canale 10" type="1" provider="Canale 10" onid="8572" tsid="21856" namespace="0xeeee0000" />
        <service id="0x0052" sid="82" name="CANALE 10 1" type="1" provider="mux canale10" onid="8572" tsid="21856" namespace="0xeeee0000" />
        <service id="0x00fe" sid="254" name="IMPERO ROMANISTA" type="1" provider="Service Provider" onid="8572" tsid="21856" namespace="0xeeee0000" />
        <service id="0x03e8" sid="1000" name="La tv dei tifosi della lazio" type="1" provider="CANALE 10" onid="8572" tsid="21856" namespace="0xeeee0000" />
        <service id="0x05f0" sid="1520" name="RETESOLE" type="1" provider="TANDBERG" onid="8572" tsid="21856" namespace="0xeeee0000" />
        <service id="0x0003" sid="3" name="StandBy Tv" type="1" provider="Service Provider" onid="8572" tsid="21856" namespace="0xeeee0000" />
        <service id="0x0034" sid="52" name="VENDENDO VENDENDO" type="1" provider="Tandberg" onid="8572" tsid="21856" namespace="0xeeee0000" />
        <service id="0x00c8" sid="200" name="YOUNG TV" type="1" provider="Service Provider" onid="8572" tsid="21856" namespace="0xeeee0000" />
      </transponder>
    </terrestrial>
  </terrestrials>
</zapit>
