<?xml version='1.0' encoding='utf-8'?>
<zapit api="4">
  <satellites>
    <satellite key="02120000:59d8:013e" name="Sat-53E" namespace="0x02120000" position="53">
      <transponder key="02120000:59d8:013e" frequency="12594000" symbol_rate="27500000" polarization="V" fec="2" system="0" modulation="0">
        <service id="0x0009" sid="9" name="AZADI" type="1" provider="" onid="318" tsid="23000" namespace="0x02120000" />
        <service id="0x000e" sid="14" name="IMAM HUSSEIN 1" type="1" provider="Wide Network Solutions" onid="318" tsid="23000" namespace="0x02120000" />
        <service id="0x0005" sid="5" name="Kalemeh TV" type="1" provider="Wide Network Solutions" onid="318" tsid="23000" namespace="0x02120000" />
        <service id="0x000c" sid="12" name="Kurdsat SD" type="1" provider="" onid="318" tsid="23000" namespace="0x02120000" />
        <service id="0x0003" sid="3" name="Mohabat TV" type="1" provider="Wide Network Solutions" onid="318" tsid="23000" namespace="0x02120000" />
        <service id="0x000b" sid="11" name="Payam Aramesh" type="1" provider="Wide Network Solutions" onid="318" tsid="23000" namespace="0x02120000" />
        <service id="0x0007" sid="7" name="Radio Javan HD" type="1" provider="Wide Network Solutions" onid="318" tsid="23000" namespace="0x02120000" />
        <service id="0x0002" sid="2" name="Radio Javan SD" type="1" provider="Wide Network Solutions" onid="318" tsid="23000" namespace="0x02120000" />
        <service id="0x0006" sid="6" name="Teleshoma TV" type="1" provider="Wide Network Solutions" onid="318" tsid="23000" namespace="0x02120000" />
        <service id="0x000a" sid="10" name="TISHK TV HD" type="1" provider="Wide Network Solutions" onid="318" tsid="23000" namespace="0x02120000" />
        <service id="0x000d" sid="13" name="Towheed TV" type="1" provider="" onid="318" tsid="23000" namespace="0x02120000" />
        <service id="0x000f" sid="15" name="Your Time TV" type="1" provider="Wide Network Solutions" onid="318" tsid="23000" namespace="0x02120000" />
        <service id="0x0001" sid="1" name="R Radio" type="2" provider="" onid="318" tsid="23000" namespace="0x02120000" radio="1" />
      </transponder>
    </satellite>
    <satellite key="0212b157:0001:ffff" name="Sat-53E" namespace="0x0212b157" position="53">
      <transponder key="0212b157:0001:ffff" frequency="12631000" symbol_rate="3000000" polarization="V" fec="3" system="0" modulation="0">
        <service id="0x0001" sid="1" name="Al Manar" type="1" provider="Al Manar" onid="65535" tsid="1" namespace="0x0212b157" />
        <service id="0x0002" sid="2" name="Al Nour" type="2" provider="Al Manar" onid="65535" tsid="1" namespace="0x0212b157" radio="1" />
      </transponder>
    </satellite>
    <satellite key="0212b172:0001:0000" name="Sat-53E" namespace="0x0212b172" position="53">
      <transponder key="0212b172:0001:0000" frequency="12658000" symbol_rate="7500000" polarization="V" fec="4" system="0" modulation="0">
        <service id="0x0003" sid="3" name="M_LEB_BH" type="1" provider="SV" onid="0" tsid="1" namespace="0x0212b172" />
        <service id="0x0005" sid="5" name="MTV-HD-BH" type="1" provider="SV" onid="0" tsid="1" namespace="0x0212b172" />
        <service id="0x0001" sid="1" name="ONE_BH" type="1" provider="SV" onid="0" tsid="1" namespace="0x0212b172" />
        <service id="0x0006" sid="6" name="WASAT_TV_BH" type="1" provider="" onid="0" tsid="1" namespace="0x0212b172" />
      </transponder>
    </satellite>
    <satellite key="0212b17b:0001:ffff" name="Sat-53E" namespace="0x0212b17b" position="53">
      <transponder key="0212b17b:0001:ffff" frequency="12667000" symbol_rate="4240000" polarization="V" fec="4" system="0" modulation="0">
        <service id="0x0001" sid="1" name="Kurdsat HD" type="1" provider="Service Provider" onid="65535" tsid="1" namespace="0x0212b17b" />
      </transponder>
    </satellite>
    <satellite key="0212b17f:0000:0000" name="Sat-53E" namespace="0x0212b17f" position="53">
      <transponder key="0212b17f:0000:0000" frequency="12671000" symbol_rate="2277000" polarization="V" fec="4" system="0" modulation="0">
        <service id="0x010a" sid="266" name="ALALAM service" type="1" provider="" onid="0" tsid="0" namespace="0x0212b17f" />
        <service id="0x0029" sid="41" name="AFAQ FM" type="2" provider="" onid="0" tsid="0" namespace="0x0212b17f" radio="1" />
        <service id="0x00c9" sid="201" name="SAM FM" type="2" provider="" onid="0" tsid="0" namespace="0x0212b17f" radio="1" />
        <service id="0x012d" sid="301" name="SAWT ALAHRAR FM" type="2" provider="" onid="0" tsid="0" namespace="0x0212b17f" radio="1" />
      </transponder>
    </satellite>
    <satellite key="0212b183:0001:ffff" name="Sat-53E" namespace="0x0212b183" position="53">
      <transponder key="0212b183:0001:ffff" frequency="12675000" symbol_rate="4240000" polarization="V" fec="4" system="0" modulation="0">
        <service id="0x0001" sid="1" name="Kurdsat News" type="1" provider="Service Provider" onid="65535" tsid="1" namespace="0x0212b183" />
      </transponder>
    </satellite>
    <satellite key="0212b18b:1000:2000" name="Sat-53E" namespace="0x0212b18b" position="53">
      <transponder key="0212b18b:1000:2000" frequency="12683000" symbol_rate="1100000" polarization="V" fec="4" system="0" modulation="0">
        <service id="0x0001" sid="1" name="Allhthah TV" type="1" provider="Harmonic" onid="8192" tsid="4096" namespace="0x0212b18b" />
        <service id="0x0002" sid="2" name="Allahthah-FM" type="2" provider="Harmonic" onid="8192" tsid="4096" namespace="0x0212b18b" radio="1" />
      </transponder>
    </satellite>
  </satellites>
</zapit>
