<?xml version='1.0' encoding='utf-8'?>
<zapit>
  <bouquet name="General" category="tv">
    <channel service_ref="1:0:1:006a:8340:217c:eeee0000:0:0:0:" name="ABC DIGITAL" service_name="ABC DIGITAL" provider="TELEOGGI" sid="106" onid="8572" tsid="33600" />
    <channel service_ref="1:0:1:03e9:8340:217c:eeee0000:0:0:0:" name="CANALE 77 SUD" service_name="CANALE 77 SUD" provider="TELEOGGI" sid="1001" onid="8572" tsid="33600" />
    <channel service_ref="1:0:1:0001:8340:217c:eeee0000:0:0:0:" name="CANALE 9" service_name="CANALE 9" provider="TELEOGGI" sid="1" onid="8572" tsid="33600" />
    <channel service_ref="1:0:1:001a:8340:217c:eeee0000:0:0:0:" name="Canale 9 +1" service_name="Canale 9 +1" provider="TELEOGGI" sid="26" onid="8572" tsid="33600" />
    <channel service_ref="1:0:1:001b:8340:217c:eeee0000:0:0:0:" name="CANALE 9 HD" service_name="CANALE 9 HD" provider="TELEOGGI" sid="27" onid="8572" tsid="33600" />
    <channel service_ref="1:0:1:002a:8340:217c:eeee0000:0:0:0:" name="CRC TARGATO ITALIA" service_name="CRC TARGATO ITALIA" provider="TELEOGGI" sid="42" onid="8572" tsid="33600" />
    <channel service_ref="1:0:1:002c:8340:217c:eeee0000:0:0:0:" name="GT CHANNEL" service_name="GT CHANNEL" provider="TELEOGGI" sid="44" onid="8572" tsid="33600" />
    <channel service_ref="1:0:1:006b:8340:217c:eeee0000:0:0:0:" name="JONETV" service_name="JONETV" provider="TELEOGGI" sid="107" onid="8572" tsid="33600" />
    <channel service_ref="1:0:1:03fc:8340:217c:eeee0000:0:0:0:" name="ORA TV HD" service_name="ORA TV HD" provider="TELEOGGI" sid="1020" onid="8572" tsid="33600" />
    <channel service_ref="1:0:1:0029:8340:217c:eeee0000:0:0:0:" name="PARTENOPE TV" service_name="PARTENOPE TV" provider="TELEOGGI" sid="41" onid="8572" tsid="33600" />
    <channel service_ref="1:0:1:03eb:8340:217c:eeee0000:0:0:0:" name="RADIO KEMONIA" service_name="RADIO KEMONIA" provider="TELEOGGI" sid="1003" onid="8572" tsid="33600" />
    <channel service_ref="1:0:1:03ef:8340:217c:eeee0000:0:0:0:" name="RADIO MARGHERITA TV" service_name="RADIO MARGHERITA TV" provider="TELEOGGI" sid="1007" onid="8572" tsid="33600" />
    <channel service_ref="1:0:1:03ec:8340:217c:eeee0000:0:0:0:" name="RADIO MI VIDA" service_name="RADIO MI VIDA" provider="TELEOGGI" sid="1004" onid="8572" tsid="33600" />
    <channel service_ref="1:0:1:002b:8340:217c:eeee0000:0:0:0:" name="TELEVOMERO 2" service_name="TELEVOMERO 2" provider="TELEOGGI" sid="43" onid="8572" tsid="33600" />
    <channel service_ref="1:0:1:006c:8340:217c:eeee0000:0:0:0:" name="TV LUNA NAPOLI" service_name="TV LUNA NAPOLI" provider="TELEOGGI" sid="108" onid="8572" tsid="33600" />
    <channel service_ref="1:0:1:002d:8340:217c:eeee0000:0:0:0:" name="TVA" service_name="TVA" provider="TELEOGGI" sid="45" onid="8572" tsid="33600" />
  </bouquet>
  <bouquet name="RAI" category="tv">
    <channel service_ref="1:0:1:002a:8340:217c:eeee0000:0:0:0:" name="CRC TARGATO ITALIA" service_name="CRC TARGATO ITALIA" provider="TELEOGGI" sid="42" onid="8572" tsid="33600" />
  </bouquet>
  <bouquet name="TF1" category="tv">
    <channel service_ref="1:0:1:03e9:8340:217c:eeee0000:0:0:0:" name="CANALE 77 SUD" service_name="CANALE 77 SUD" provider="TELEOGGI" sid="1001" onid="8572" tsid="33600" />
    <channel service_ref="1:0:1:0001:8340:217c:eeee0000:0:0:0:" name="CANALE 9" service_name="CANALE 9" provider="TELEOGGI" sid="1" onid="8572" tsid="33600" />
    <channel service_ref="1:0:1:001a:8340:217c:eeee0000:0:0:0:" name="Canale 9 +1" service_name="Canale 9 +1" provider="TELEOGGI" sid="26" onid="8572" tsid="33600" />
    <channel service_ref="1:0:1:001b:8340:217c:eeee0000:0:0:0:" name="CANALE 9 HD" service_name="CANALE 9 HD" provider="TELEOGGI" sid="27" onid="8572" tsid="33600" />
  </bouquet>
  <bouquet name="Switzerland" category="tv">
    <channel service_ref="1:0:1:006a:8340:217c:eeee0000:0:0:0:" name="ABC DIGITAL" service_name="ABC DIGITAL" provider="TELEOGGI" sid="106" onid="8572" tsid="33600" />
    <channel service_ref="1:0:1:002c:8340:217c:eeee0000:0:0:0:" name="GT CHANNEL" service_name="GT CHANNEL" provider="TELEOGGI" sid="44" onid="8572" tsid="33600" />
    <channel service_ref="1:0:1:006b:8340:217c:eeee0000:0:0:0:" name="JONETV" service_name="JONETV" provider="TELEOGGI" sid="107" onid="8572" tsid="33600" />
    <channel service_ref="1:0:1:03fc:8340:217c:eeee0000:0:0:0:" name="ORA TV HD" service_name="ORA TV HD" provider="TELEOGGI" sid="1020" onid="8572" tsid="33600" />
    <channel service_ref="1:0:1:0029:8340:217c:eeee0000:0:0:0:" name="PARTENOPE TV" service_name="PARTENOPE TV" provider="TELEOGGI" sid="41" onid="8572" tsid="33600" />
    <channel service_ref="1:0:1:03eb:8340:217c:eeee0000:0:0:0:" name="RADIO KEMONIA" service_name="RADIO KEMONIA" provider="TELEOGGI" sid="1003" onid="8572" tsid="33600" />
    <channel service_ref="1:0:1:03ef:8340:217c:eeee0000:0:0:0:" name="RADIO MARGHERITA TV" service_name="RADIO MARGHERITA TV" provider="TELEOGGI" sid="1007" onid="8572" tsid="33600" />
    <channel service_ref="1:0:1:03ec:8340:217c:eeee0000:0:0:0:" name="RADIO MI VIDA" service_name="RADIO MI VIDA" provider="TELEOGGI" sid="1004" onid="8572" tsid="33600" />
    <channel service_ref="1:0:1:002b:8340:217c:eeee0000:0:0:0:" name="TELEVOMERO 2" service_name="TELEVOMERO 2" provider="TELEOGGI" sid="43" onid="8572" tsid="33600" />
    <channel service_ref="1:0:1:006c:8340:217c:eeee0000:0:0:0:" name="TV LUNA NAPOLI" service_name="TV LUNA NAPOLI" provider="TELEOGGI" sid="108" onid="8572" tsid="33600" />
    <channel service_ref="1:0:1:002d:8340:217c:eeee0000:0:0:0:" name="TVA" service_name="TVA" provider="TELEOGGI" sid="45" onid="8572" tsid="33600" />
  </bouquet>
  <bouquet name="Resolution - HD" category="tv">
    <channel service_ref="1:0:1:001b:8340:217c:eeee0000:0:0:0:" name="CANALE 9 HD" service_name="CANALE 9 HD" provider="TELEOGGI" sid="27" onid="8572" tsid="33600" />
    <channel service_ref="1:0:1:03fc:8340:217c:eeee0000:0:0:0:" name="ORA TV HD" service_name="ORA TV HD" provider="TELEOGGI" sid="1020" onid="8572" tsid="33600" />
  </bouquet>
  <bouquet name="Radio" category="radio">
    <channel service_ref="1:0:2:03ee:8340:217c:eeee0000:0:0:0:" name="RCN" service_name="RCN" provider="TELEOGGI" sid="1006" onid="8572" tsid="33600" />
    <channel service_ref="1:0:2:03ed:8340:217c:eeee0000:0:0:0:" name="RMA altri suoni!" service_name="RMA altri suoni!" provider="TELEOGGI" sid="1005" onid="8572" tsid="33600" />
  </bouquet>
  <bouquet name="Digitale terrestre                     by Rogist" category="tv">
    <channel service_ref="1:0:1:1b:8340:217c:eeee0000:0:0:0:" name="CANALE 9 HD" service_name="CANALE 9 HD" provider="TELEOGGI" sid="27" onid="8572" tsid="33600" />
    <channel service_ref="1:0:1:1:8340:217c:eeee0000:0:0:0:" name="CANALE 9" service_name="CANALE 9" provider="TELEOGGI" sid="1" onid="8572" tsid="33600" />
    <channel service_ref="1:0:1:1a:8340:217c:eeee0000:0:0:0:" name="Canale 9 +1" service_name="Canale 9 +1" provider="TELEOGGI" sid="26" onid="8572" tsid="33600" />
    <channel service_ref="1:0:1:6c:8340:217c:eeee0000:0:0:0:" name="TV LUNA NAPOLI" service_name="TV LUNA NAPOLI" provider="TELEOGGI" sid="108" onid="8572" tsid="33600" />
    <channel service_ref="1:0:1:6a:8340:217c:eeee0000:0:0:0:" name="ABC DIGITAL" service_name="ABC DIGITAL" provider="TELEOGGI" sid="106" onid="8572" tsid="33600" />
    <channel service_ref="1:0:1:6b:8340:217c:eeee0000:0:0:0:" name="JONETV" service_name="JONETV" provider="TELEOGGI" sid="107" onid="8572" tsid="33600" />
    <channel service_ref="1:0:1:3e9:8340:217c:eeee0000:0:0:0:" name="CANALE 77 SUD" service_name="CANALE 77 SUD" provider="TELEOGGI" sid="1001" onid="8572" tsid="33600" />
    <channel service_ref="1:0:1:3fc:8340:217c:eeee0000:0:0:0:" name="ORA TV HD" service_name="ORA TV HD" provider="TELEOGGI" sid="1020" onid="8572" tsid="33600" />
    <channel service_ref="1:0:1:3ef:8340:217c:eeee0000:0:0:0:" name="RADIO MARGHERITA TV" service_name="RADIO MARGHERITA TV" provider="TELEOGGI" sid="1007" onid="8572" tsid="33600" />
    <channel service_ref="1:0:1:3eb:8340:217c:eeee0000:0:0:0:" name="RADIO KEMONIA" service_name="RADIO KEMONIA" provider="TELEOGGI" sid="1003" onid="8572" tsid="33600" />
    <channel service_ref="1:0:1:3ec:8340:217c:eeee0000:0:0:0:" name="RADIO MI VIDA" service_name="RADIO MI VIDA" provider="TELEOGGI" sid="1004" onid="8572" tsid="33600" />
    <channel service_ref="1:0:2:3ee:8340:217c:eeee0000:0:0:0:" name="RCN" service_name="RCN" provider="TELEOGGI" sid="1006" onid="8572" tsid="33600" />
    <channel service_ref="1:0:2:3ed:8340:217c:eeee0000:0:0:0:" name="RMA altri suoni!" service_name="RMA altri suoni!" provider="TELEOGGI" sid="1005" onid="8572" tsid="33600" />
  </bouquet>
  <bouquet name="Digitale terrestre                     by Rogist" category="tv">
    <channel service_ref="1:0:1:1:8340:217c:eeee0000:0:0:0:" name="CANALE 9" service_name="CANALE 9" provider="TELEOGGI" sid="1" onid="8572" tsid="33600" />
    <channel service_ref="1:0:1:3e9:8340:217c:eeee0000:0:0:0:" name="CANALE 77 SUD" service_name="CANALE 77 SUD" provider="TELEOGGI" sid="1001" onid="8572" tsid="33600" />
    <channel service_ref="1:0:2:3eb:8340:217c:eeee0000:0:0:0:" name="RADIO KEMONIA" service_name="RADIO KEMONIA" provider="TELEOGGI" sid="1003" onid="8572" tsid="33600" />
    <channel service_ref="1:0:2:3ec:8340:217c:eeee0000:0:0:0:" name="RADIO MI VIDA" service_name="RADIO MI VIDA" provider="TELEOGGI" sid="1004" onid="8572" tsid="33600" />
    <channel service_ref="1:0:2:3ed:8340:217c:eeee0000:0:0:0:" name="RMA altri suoni!" service_name="RMA altri suoni!" provider="TELEOGGI" sid="1005" onid="8572" tsid="33600" />
  </bouquet>
  <bouquet name="Digitale terrestre                     by Rgist" category="tv">
    <channel service_ref="1:0:1:1:8340:217c:eeee0000:0:0:0:" name="CANALE 9" service_name="CANALE 9" provider="TELEOGGI" sid="1" onid="8572" tsid="33600" />
    <channel service_ref="1:0:1:3e9:8340:217c:eeee0000:0:0:0:" name="CANALE 77 SUD" service_name="CANALE 77 SUD" provider="TELEOGGI" sid="1001" onid="8572" tsid="33600" />
    <channel service_ref="1:0:1:3ef:8340:217c:eeee0000:0:0:0:" name="RADIO MARGHERITA TV" service_name="RADIO MARGHERITA TV" provider="TELEOGGI" sid="1007" onid="8572" tsid="33600" />
  </bouquet>
</zapit>
