<?xml version='1.0' encoding='utf-8'?>
<zapit api="4">
  <satellites>
    <satellite key="02080000:0001:0002" name="Sat-52E" namespace="0x02080000" position="52">
      <transponder key="02080000:0001:0002" frequency="12226000" symbol_rate="28000000" polarization="V" fec="4" system="0" modulation="0">
        <service id="0x01ff" sid="511" name="FRIDAY international" type="22" provider="1" onid="2" tsid="1" namespace="0x02080000" />
        <service id="0x00c8" sid="200" name="Nickelodeon" type="1" provider="1" onid="2" tsid="1" namespace="0x02080000" />
        <service id="0x00c9" sid="201" name="O! International" type="1" provider="1" onid="2" tsid="1" namespace="0x02080000" />
        <service id="0x01fe" sid="510" name="REN-TV" type="1" provider="1" onid="2" tsid="1" namespace="0x02080000" />
        <service id="0x00cb" sid="203" name="TV 1000" type="1" provider="1" onid="2" tsid="1" namespace="0x02080000" />
        <service id="0x00cc" sid="204" name="TV 1000 Action" type="1" provider="1" onid="2" tsid="1" namespace="0x02080000" />
        <service id="0x00cd" sid="205" name="TВ 1000. Русское кино" type="1" provider="1" onid="2" tsid="1" namespace="0x02080000" />
        <service id="0x00d1" sid="209" name="Viasat Explore" type="1" provider="1" onid="2" tsid="1" namespace="0x02080000" />
        <service id="0x020a" sid="522" name="Viasat History" type="1" provider="1" onid="2" tsid="1" namespace="0x02080000" />
        <service id="0x020b" sid="523" name="Viasat Nature" type="1" provider="1" onid="2" tsid="1" namespace="0x02080000" />
        <service id="0x020c" sid="524" name="Viasat Sport" type="1" provider="1" onid="2" tsid="1" namespace="0x02080000" />
        <service id="0x00d0" sid="208" name="Vip Comedy HD" type="1" provider="1" onid="2" tsid="1" namespace="0x02080000" />
        <service id="0x00cf" sid="207" name="Vip Megahit HD" type="1" provider="1" onid="2" tsid="1" namespace="0x02080000" />
        <service id="0x00ce" sid="206" name="Vip Premiere HD" type="1" provider="1" onid="2" tsid="1" namespace="0x02080000" />
        <service id="0x00ca" sid="202" name="Zee TV" type="1" provider="1" onid="2" tsid="1" namespace="0x02080000" />
        <service id="0x01fd" sid="509" name="Домашний I" type="1" provider="1" onid="2" tsid="1" namespace="0x02080000" />
        <service id="0x01fc" sid="508" name="Карусель" type="1" provider="1" onid="2" tsid="1" namespace="0x02080000" />
        <service id="0x020d" sid="525" name="Матч! Планета" type="1" provider="1" onid="2" tsid="1" namespace="0x02080000" />
        <service id="0x020e" sid="526" name="Мульт" type="1" provider="1" onid="2" tsid="1" namespace="0x02080000" />
        <service id="0x020f" sid="527" name="НСТВ" type="1" provider="1" onid="2" tsid="1" namespace="0x02080000" />
        <service id="0x01f8" sid="504" name="НТВ мир" type="1" provider="1" onid="2" tsid="1" namespace="0x02080000" />
        <service id="0x01f5" sid="501" name="Первый канал. Всемирная сеть" type="1" provider="1" onid="2" tsid="1" namespace="0x02080000" />
        <service id="0x01f9" sid="505" name="Победа" type="1" provider="1" onid="2" tsid="1" namespace="0x02080000" />
        <service id="0x01f7" sid="503" name="Россия 24" type="1" provider="1" onid="2" tsid="1" namespace="0x02080000" />
        <service id="0x01f6" sid="502" name="РТР Планета" type="1" provider="1" onid="2" tsid="1" namespace="0x02080000" />
        <service id="0x00d2" sid="210" name="СТС I" type="1" provider="1" onid="2" tsid="1" namespace="0x02080000" />
        <service id="0x01fa" sid="506" name="ТНТ" type="22" provider="1" onid="2" tsid="1" namespace="0x02080000" />
        <service id="0x01fb" sid="507" name="ТНТ 4" type="1" provider="1" onid="2" tsid="1" namespace="0x02080000" />
      </transponder>
    </satellite>
    <satellite key="02080000:0002:0002" name="Sat-52E" namespace="0x02080000" position="52">
      <transponder key="02080000:0002:0002" frequency="12341000" symbol_rate="28000000" polarization="V" fec="4" system="0" modulation="0">
        <service id="0x026a" sid="618" name="Amedia 1" type="1" provider="2" onid="2" tsid="2" namespace="0x02080000" />
        <service id="0x026b" sid="619" name="Amedia 2" type="1" provider="2" onid="2" tsid="2" namespace="0x02080000" />
        <service id="0x026d" sid="621" name="Amedia Hit HD" type="1" provider="2" onid="2" tsid="2" namespace="0x02080000" />
        <service id="0x026c" sid="620" name="Amedia Premium HD" type="1" provider="2" onid="2" tsid="2" namespace="0x02080000" />
        <service id="0x026e" sid="622" name="Animal Planet HD" type="1" provider="2" onid="2" tsid="2" namespace="0x02080000" />
        <service id="0x010c" sid="268" name="Black" type="1" provider="2" onid="2" tsid="2" namespace="0x02080000" />
        <service id="0x010f" sid="271" name="MMA-TV.com" type="22" provider="2" onid="2" tsid="2" namespace="0x02080000" />
        <service id="0x026f" sid="623" name="Nat Geo Wild HD" type="1" provider="2" onid="2" tsid="2" namespace="0x02080000" />
        <service id="0x010b" sid="267" name="Red" type="1" provider="2" onid="2" tsid="2" namespace="0x02080000" />
        <service id="0x010d" sid="269" name="Sci-Fi" type="1" provider="2" onid="2" tsid="2" namespace="0x02080000" />
        <service id="0x010e" sid="270" name="Travel + Adventure" type="1" provider="2" onid="2" tsid="2" namespace="0x02080000" />
        <service id="0x006e" sid="110" name="БОКС ТВ" type="22" provider="2" onid="2" tsid="2" namespace="0x02080000" />
        <service id="0x010a" sid="266" name="ДОРАМА" type="1" provider="2" onid="2" tsid="2" namespace="0x02080000" />
        <service id="0x006d" sid="109" name="Золотая коллекция Мосфильма" type="1" provider="2" onid="2" tsid="2" namespace="0x02080000" />
        <service id="0x025f" sid="607" name="ИНДИЙСКОЕ КИНО" type="22" provider="2" onid="2" tsid="2" namespace="0x02080000" />
        <service id="0x0068" sid="104" name="КИНОКОМЕДИЯ" type="22" provider="2" onid="2" tsid="2" namespace="0x02080000" />
        <service id="0x025c" sid="604" name="КИНОМИКС" type="22" provider="2" onid="2" tsid="2" namespace="0x02080000" />
        <service id="0x025a" sid="602" name="КИНОПРЕМЬЕРА HD" type="1" provider="2" onid="2" tsid="2" namespace="0x02080000" />
        <service id="0x0069" sid="105" name="КИНОСВИДАНИЕ" type="22" provider="2" onid="2" tsid="2" namespace="0x02080000" />
        <service id="0x025d" sid="605" name="КИНОСЕМЬЯ" type="22" provider="2" onid="2" tsid="2" namespace="0x02080000" />
        <service id="0x006b" sid="107" name="КИНОСЕРИЯ" type="22" provider="2" onid="2" tsid="2" namespace="0x02080000" />
        <service id="0x0066" sid="102" name="КИНОУЖАС HD" type="1" provider="2" onid="2" tsid="2" namespace="0x02080000" />
        <service id="0x025e" sid="606" name="КИНОХИТ" type="22" provider="2" onid="2" tsid="2" namespace="0x02080000" />
        <service id="0x025b" sid="603" name="МУЖСКОЕ КИНО" type="22" provider="2" onid="2" tsid="2" namespace="0x02080000" />
        <service id="0x006a" sid="106" name="НАШЕ НОВОЕ КИНО" type="22" provider="2" onid="2" tsid="2" namespace="0x02080000" />
        <service id="0x006c" sid="108" name="РОДНОЕ КИНО" type="22" provider="2" onid="2" tsid="2" namespace="0x02080000" />
        <service id="0x0071" sid="113" name="СТС Kids" type="1" provider="2" onid="2" tsid="2" namespace="0x02080000" />
      </transponder>
    </satellite>
    <satellite key="02080000:0003:0002" name="Sat-52E" namespace="0x02080000" position="52">
      <transponder key="02080000:0003:0002" frequency="12380000" symbol_rate="28000000" polarization="V" fec="4" system="0" modulation="0">
        <service id="0x02bd" sid="701" name="Bollywood HD" type="1" provider="3" onid="2" tsid="3" namespace="0x02080000" />
        <service id="0x02d5" sid="725" name="Cartoon Network" type="1" provider="3" onid="2" tsid="3" namespace="0x02080000" />
        <service id="0x02c3" sid="707" name="Discovery Channel" type="1" provider="3" onid="2" tsid="3" namespace="0x02080000" />
        <service id="0x02bf" sid="703" name="Eurosport 1" type="1" provider="3" onid="2" tsid="3" namespace="0x02080000" />
        <service id="0x02c0" sid="704" name="Eurosport 2" type="1" provider="3" onid="2" tsid="3" namespace="0x02080000" />
        <service id="0x02c5" sid="709" name="Nick Jr" type="1" provider="3" onid="2" tsid="3" namespace="0x02080000" />
        <service id="0x02be" sid="702" name="Test-702" type="1" provider="3" onid="2" tsid="3" namespace="0x02080000" />
        <service id="0x02c1" sid="705" name="Test-705" type="1" provider="3" onid="2" tsid="3" namespace="0x02080000" />
        <service id="0x02d2" sid="722" name="Test-722" type="1" provider="3" onid="2" tsid="3" namespace="0x02080000" />
        <service id="0x02d7" sid="727" name="Test-727" type="1" provider="3" onid="2" tsid="3" namespace="0x02080000" />
        <service id="0x02d8" sid="728" name="Test-728" type="1" provider="3" onid="2" tsid="3" namespace="0x02080000" />
        <service id="0x02c6" sid="710" name="TiJi" type="1" provider="3" onid="2" tsid="3" namespace="0x02080000" />
        <service id="0x02c2" sid="706" name="TLC" type="1" provider="3" onid="2" tsid="3" namespace="0x02080000" />
        <service id="0x02cc" sid="716" name="Бобер" type="1" provider="3" onid="2" tsid="3" namespace="0x02080000" />
        <service id="0x02c9" sid="713" name="Дом кино" type="1" provider="3" onid="2" tsid="3" namespace="0x02080000" />
        <service id="0x02ca" sid="714" name="Дом Кино Премиум" type="1" provider="3" onid="2" tsid="3" namespace="0x02080000" />
        <service id="0x02df" sid="735" name="Звезда" type="22" provider="3" onid="2" tsid="3" namespace="0x02080000" />
        <service id="0x02c4" sid="708" name="Малыш" type="22" provider="3" onid="2" tsid="3" namespace="0x02080000" />
        <service id="0x02db" sid="731" name="Мир" type="1" provider="3" onid="2" tsid="3" namespace="0x02080000" />
        <service id="0x02dc" sid="732" name="Мир 24" type="1" provider="3" onid="2" tsid="3" namespace="0x02080000" />
        <service id="0x02ce" sid="718" name="Моя Планета" type="1" provider="3" onid="2" tsid="3" namespace="0x02080000" />
        <service id="0x02c8" sid="712" name="Музыка Первого" type="1" provider="3" onid="2" tsid="3" namespace="0x02080000" />
        <service id="0x02cf" sid="719" name="Охотник и рыболов HD" type="1" provider="3" onid="2" tsid="3" namespace="0x02080000" />
        <service id="0x02cb" sid="715" name="Синема" type="1" provider="3" onid="2" tsid="3" namespace="0x02080000" />
        <service id="0x02cd" sid="717" name="ТелеКафе" type="1" provider="3" onid="2" tsid="3" namespace="0x02080000" />
        <service id="0x02c7" sid="711" name="Техно 24" type="1" provider="3" onid="2" tsid="3" namespace="0x02080000" />
        <service id="0x02de" sid="734" name="ТНТ Music" type="1" provider="3" onid="2" tsid="3" namespace="0x02080000" />
        <service id="0x02dd" sid="733" name="Ю ТВ" type="1" provider="3" onid="2" tsid="3" namespace="0x02080000" />
      </transponder>
    </satellite>
    <satellite key="02080000:0004:0002" name="Sat-52E" namespace="0x02080000" position="52">
      <transponder key="02080000:0004:0002" frequency="10845000" symbol_rate="30000000" polarization="H" fec="3" system="0" modulation="0">
        <service id="0x0094" sid="148" name="Ginger" type="1" provider="4" onid="2" tsid="4" namespace="0x02080000" />
        <service id="0x032e" sid="814" name="HDL" type="1" provider="4" onid="2" tsid="4" namespace="0x02080000" />
        <service id="0x0093" sid="147" name="Insight" type="1" provider="4" onid="2" tsid="4" namespace="0x02080000" />
        <service id="0x0092" sid="146" name="National Geographic Channel HD" type="1" provider="4" onid="2" tsid="4" namespace="0x02080000" />
        <service id="0x008d" sid="141" name="SPORT-1" type="1" provider="4" onid="2" tsid="4" namespace="0x02080000" />
        <service id="0x008e" sid="142" name="SPORT-2" type="1" provider="4" onid="2" tsid="4" namespace="0x02080000" />
        <service id="0x008f" sid="143" name="SPORT-3" type="1" provider="4" onid="2" tsid="4" namespace="0x02080000" />
        <service id="0x0090" sid="144" name="SPORT-4" type="1" provider="4" onid="2" tsid="4" namespace="0x02080000" />
        <service id="0x0091" sid="145" name="Test-805" type="1" provider="4" onid="2" tsid="4" namespace="0x02080000" />
        <service id="0x032c" sid="812" name="Test-812" type="25" provider="4" onid="2" tsid="4" namespace="0x02080000" />
        <service id="0x032d" sid="813" name="Test-813" type="25" provider="4" onid="2" tsid="4" namespace="0x02080000" />
        <service id="0x0095" sid="149" name="Первый космический HD" type="1" provider="4" onid="2" tsid="4" namespace="0x02080000" />
        <service id="0x032a" sid="810" name="Телепутешествия HD" type="1" provider="4" onid="2" tsid="4" namespace="0x02080000" />
      </transponder>
    </satellite>
    <satellite key="02080000:0005:0002" name="Sat-52E" namespace="0x02080000" position="52">
      <transponder key="02080000:0005:0002" frequency="10887000" symbol_rate="30000000" polarization="H" fec="3" system="0" modulation="0">
        <service id="0x038b" sid="907" name="Bolajon" type="1" provider="5" onid="2" tsid="5" namespace="0x02080000" />
        <service id="0x038a" sid="906" name="Dunyo Boylab" type="1" provider="5" onid="2" tsid="5" namespace="0x02080000" />
        <service id="0x03a3" sid="931" name="Euronews" type="1" provider="5" onid="2" tsid="5" namespace="0x02080000" />
        <service id="0x038e" sid="910" name="Kinoteatr" type="1" provider="5" onid="2" tsid="5" namespace="0x02080000" />
        <service id="0x00b9" sid="185" name="Madaniyat va marifat" type="1" provider="5" onid="2" tsid="5" namespace="0x02080000" />
        <service id="0x038d" sid="909" name="Mahalla" type="1" provider="5" onid="2" tsid="5" namespace="0x02080000" />
        <service id="0x038c" sid="908" name="Navo" type="1" provider="5" onid="2" tsid="5" namespace="0x02080000" />
        <service id="0x00b8" sid="184" name="Sport UZ" type="1" provider="5" onid="2" tsid="5" namespace="0x02080000" />
        <service id="0x00bb" sid="187" name="Test-913" type="1" provider="5" onid="2" tsid="5" namespace="0x02080000" />
        <service id="0x00bc" sid="188" name="Test-914" type="1" provider="5" onid="2" tsid="5" namespace="0x02080000" />
        <service id="0x00bd" sid="189" name="Test-915" type="1" provider="5" onid="2" tsid="5" namespace="0x02080000" />
        <service id="0x018a" sid="394" name="Test-916" type="1" provider="5" onid="2" tsid="5" namespace="0x02080000" />
        <service id="0x018b" sid="395" name="Test-917" type="1" provider="5" onid="2" tsid="5" namespace="0x02080000" />
        <service id="0x018c" sid="396" name="Test-918" type="1" provider="5" onid="2" tsid="5" namespace="0x02080000" />
        <service id="0x018d" sid="397" name="Test-919" type="1" provider="5" onid="2" tsid="5" namespace="0x02080000" />
        <service id="0x018e" sid="398" name="Test-920" type="1" provider="5" onid="2" tsid="5" namespace="0x02080000" />
        <service id="0x018f" sid="399" name="Test-921" type="1" provider="5" onid="2" tsid="5" namespace="0x02080000" />
        <service id="0x039f" sid="927" name="Test-927" type="1" provider="5" onid="2" tsid="5" namespace="0x02080000" />
        <service id="0x00b7" sid="183" name="Toshkent" type="1" provider="5" onid="2" tsid="5" namespace="0x02080000" />
        <service id="0x00b5" sid="181" name="Uzbekistan" type="1" provider="5" onid="2" tsid="5" namespace="0x02080000" />
        <service id="0x00b6" sid="182" name="Yoshlar" type="1" provider="5" onid="2" tsid="5" namespace="0x02080000" />
        <service id="0x03a2" sid="930" name="Восток ТВ" type="1" provider="5" onid="2" tsid="5" namespace="0x02080000" />
        <service id="0x014e" sid="334" name="Домашний I" type="1" provider="5" onid="2" tsid="5" namespace="0x02080000" />
        <service id="0x03a1" sid="929" name="Европа Плюс" type="1" provider="5" onid="2" tsid="5" namespace="0x02080000" />
        <service id="0x039c" sid="924" name="НТВ Мир" type="1" provider="5" onid="2" tsid="5" namespace="0x02080000" />
        <service id="0x039a" sid="922" name="Первый канал. Всемирная сеть" type="1" provider="5" onid="2" tsid="5" namespace="0x02080000" />
        <service id="0x03a0" sid="928" name="РБК" type="1" provider="5" onid="2" tsid="5" namespace="0x02080000" />
        <service id="0x039b" sid="923" name="РТР Планета" type="1" provider="5" onid="2" tsid="5" namespace="0x02080000" />
        <service id="0x039e" sid="926" name="СТС I" type="1" provider="5" onid="2" tsid="5" namespace="0x02080000" />
        <service id="0x039d" sid="925" name="ТНТ" type="1" provider="5" onid="2" tsid="5" namespace="0x02080000" />
      </transponder>
    </satellite>
    <satellite key="02080000:0258:0e26" name="Sat-52E" namespace="0x02080000" position="52">
      <transponder key="02080000:0258:0e26" frequency="10752000" symbol_rate="2500000" polarization="H" fec="3" system="0" modulation="0">
        <service id="0x003a" sid="58" name="IFILM2" type="1" provider="" onid="3622" tsid="600" namespace="0x02080000" />
        <service id="0x008c" sid="140" name="SAHAR AFGHANISTAN" type="1" provider="IRIB" onid="3622" tsid="600" namespace="0x02080000" />
      </transponder>
    </satellite>
    <satellite key="02080000:194e:194e" name="Sat-52E" namespace="0x02080000" position="52">
      <transponder key="02080000:194e:194e" frequency="10845000" symbol_rate="27500000" polarization="V" fec="2" system="0" modulation="0">
        <service id="0x02bd" sid="701" name="Ariana TV" type="1" provider="WNS" onid="6478" tsid="6478" namespace="0x02080000" />
        <service id="0x014b" sid="331" name="AVA Family" type="1" provider="WNS" onid="6478" tsid="6478" namespace="0x02080000" />
        <service id="0x001a" sid="26" name="Drama TV" type="1" provider="WNS" onid="6478" tsid="6478" namespace="0x02080000" />
        <service id="0x0094" sid="148" name="Dunya naw TV - farah" type="1" provider="WNS" onid="6478" tsid="6478" namespace="0x02080000" />
        <service id="0x0012" sid="18" name="Eslah Radio" type="1" provider="WNS" onid="6478" tsid="6478" namespace="0x02080000" />
        <service id="0x02c7" sid="711" name="Eslah TV" type="1" provider="WNS" onid="6478" tsid="6478" namespace="0x02080000" />
        <service id="0x000d" sid="13" name="HOD HOD TV HD" type="1" provider="WNS" onid="6478" tsid="6478" namespace="0x02080000" />
        <service id="0x02c1" sid="705" name="IRAN INTERNATIONAL" type="1" provider="WNS" onid="6478" tsid="6478" namespace="0x02080000" />
        <service id="0x0011" sid="17" name="Iran-e-Farda TV" type="1" provider="WNS" onid="6478" tsid="6478" namespace="0x02080000" />
        <service id="0x000c" sid="12" name="ITN" type="1" provider="WNS" onid="6478" tsid="6478" namespace="0x02080000" />
        <service id="0x001d" sid="29" name="ME2" type="1" provider="WNS" onid="6478" tsid="6478" namespace="0x02080000" />
        <service id="0x0001" sid="1" name="Movie Box" type="1" provider="WNS" onid="6478" tsid="6478" namespace="0x02080000" />
        <service id="0x001b" sid="27" name="My Movie" type="1" provider="WNS" onid="6478" tsid="6478" namespace="0x02080000" />
        <service id="0x014a" sid="330" name="Navahang" type="1" provider="WNS" onid="6478" tsid="6478" namespace="0x02080000" />
        <service id="0x008f" sid="143" name="OXIR TV" type="1" provider="WNS" onid="6478" tsid="6478" namespace="0x02080000" />
        <service id="0x001c" sid="28" name="Pars TV" type="1" provider="WNS" onid="6478" tsid="6478" namespace="0x02080000" />
        <service id="0x000f" sid="15" name="Payam E Doost" type="1" provider="WNS" onid="6478" tsid="6478" namespace="0x02080000" />
        <service id="0x0004" sid="4" name="Radio Begum" type="1" provider="WNS" onid="6478" tsid="6478" namespace="0x02080000" />
        <service id="0x0013" sid="19" name="Radio Jawanan" type="1" provider="WNS" onid="6478" tsid="6478" namespace="0x02080000" />
        <service id="0x0010" sid="16" name="Radio Yar" type="1" provider="WNS" onid="6478" tsid="6478" namespace="0x02080000" />
        <service id="0x0095" sid="149" name="SL two" type="1" provider="WNS" onid="6478" tsid="6478" namespace="0x02080000" />
        <service id="0x0090" sid="144" name="WNS" type="1" provider="WNS" onid="6478" tsid="6478" namespace="0x02080000" />
        <service id="0x0003" sid="3" name="Your Time TV HD" type="1" provider="WNS" onid="6478" tsid="6478" namespace="0x02080000" />
        <service id="0x0002" sid="2" name="Iran International Radio" type="2" provider="WNS" onid="6478" tsid="6478" namespace="0x02080000" radio="1" />
      </transponder>
    </satellite>
    <satellite key="02080000:1d36:1d36" name="Sat-52E" namespace="0x02080000" position="52">
      <transponder key="02080000:1d36:1d36" frequency="10804000" symbol_rate="27500000" polarization="H" fec="2" system="0" modulation="0">
        <service id="0x001b" sid="27" name="1 TV" type="1" provider="WNS" onid="7478" tsid="7478" namespace="0x02080000" />
        <service id="0x000d" sid="13" name="ANT TV" type="1" provider="WNS" onid="7478" tsid="7478" namespace="0x02080000" />
        <service id="0x001d" sid="29" name="Ayna TV" type="1" provider="WNS" onid="7478" tsid="7478" namespace="0x02080000" />
        <service id="0x0003" sid="3" name="Persiana Cinema" type="1" provider="Persiana Cast" onid="7478" tsid="7478" namespace="0x02080000" />
        <service id="0x0007" sid="7" name="Persiana Comedy" type="1" provider="Persiana Cast" onid="7478" tsid="7478" namespace="0x02080000" />
        <service id="0x0001" sid="1" name="Persiana Family" type="1" provider="Persiana Cast" onid="7478" tsid="7478" namespace="0x02080000" />
        <service id="0x0005" sid="5" name="Persiana Iranian" type="1" provider="Persiana Cast" onid="7478" tsid="7478" namespace="0x02080000" />
        <service id="0x0004" sid="4" name="Persiana Junior" type="1" provider="Persiana Cast" onid="7478" tsid="7478" namespace="0x02080000" />
        <service id="0x000c" sid="12" name="Persiana Korea" type="1" provider="Persiana Cast" onid="7478" tsid="7478" namespace="0x02080000" />
        <service id="0x000b" sid="11" name="Persiana Sonati" type="1" provider="WNS" onid="7478" tsid="7478" namespace="0x02080000" />
        <service id="0x0008" sid="8" name="Persiana1" type="1" provider="Persiana Cast" onid="7478" tsid="7478" namespace="0x02080000" />
        <service id="0x000e" sid="14" name="T2" type="1" provider="WNS" onid="7478" tsid="7478" namespace="0x02080000" />
        <service id="0x0002" sid="2" name="TBN Nejat" type="1" provider="WNS" onid="7478" tsid="7478" namespace="0x02080000" />
        <service id="0x001c" sid="28" name="TZiK TV" type="1" provider="WNS" onid="7478" tsid="7478" namespace="0x02080000" />
        <service id="0x001a" sid="26" name="VOA Persian" type="1" provider="WNS" onid="7478" tsid="7478" namespace="0x02080000" />
        <service id="0x000a" sid="10" name="Wayking TV" type="1" provider="WNS" onid="7478" tsid="7478" namespace="0x02080000" />
      </transponder>
    </satellite>
    <satellite key="02080000:211e:211e" name="Sat-52E" namespace="0x02080000" position="52">
      <transponder key="02080000:211e:211e" frequency="10887000" symbol_rate="27500000" polarization="V" fec="2" system="0" modulation="0">
        <service id="0x001b" sid="27" name="ABN" type="1" provider="WNS" onid="8478" tsid="8478" namespace="0x02080000" />
        <service id="0x001a" sid="26" name="Channel One HD" type="1" provider="WNS" onid="8478" tsid="8478" namespace="0x02080000" />
        <service id="0x000e" sid="14" name="Didar TV" type="1" provider="WNS" onid="8478" tsid="8478" namespace="0x02080000" />
        <service id="0x0007" sid="7" name="HOD HOD TV" type="1" provider="WNS" onid="8478" tsid="8478" namespace="0x02080000" />
        <service id="0x000a" sid="10" name="Iran Intl Radio" type="1" provider="WNS" onid="8478" tsid="8478" namespace="0x02080000" />
        <service id="0x0004" sid="4" name="Maah TV" type="1" provider="WNS" onid="8478" tsid="8478" namespace="0x02080000" />
        <service id="0x000d" sid="13" name="Maarif TV" type="1" provider="WNS" onid="8478" tsid="8478" namespace="0x02080000" />
        <service id="0x0008" sid="8" name="Mono TV HD" type="1" provider="WNS" onid="8478" tsid="8478" namespace="0x02080000" />
        <service id="0x0006" sid="6" name="Payam Aramesh HD" type="1" provider="WNS" onid="8478" tsid="8478" namespace="0x02080000" />
        <service id="0x001f" sid="31" name="PN TV" type="1" provider="WNS" onid="8478" tsid="8478" namespace="0x02080000" />
        <service id="0x0010" sid="16" name="Radio Afghanistan" type="1" provider="WNS" onid="8478" tsid="8478" namespace="0x02080000" />
        <service id="0x000c" sid="12" name="Radio Javan HD" type="1" provider="WNS" onid="8478" tsid="8478" namespace="0x02080000" />
        <service id="0x0003" sid="3" name="Radio Javan SD" type="1" provider="WNS" onid="8478" tsid="8478" namespace="0x02080000" />
        <service id="0x000f" sid="15" name="Radio Kabul" type="1" provider="WNS" onid="8478" tsid="8478" namespace="0x02080000" />
        <service id="0x0002" sid="2" name="RTA HD" type="1" provider="WNS" onid="8478" tsid="8478" namespace="0x02080000" />
        <service id="0x000b" sid="11" name="RTA SPORTS" type="1" provider="WNS" onid="8478" tsid="8478" namespace="0x02080000" />
        <service id="0x0005" sid="5" name="SL one" type="1" provider="WNS" onid="8478" tsid="8478" namespace="0x02080000" />
        <service id="0x0009" sid="9" name="Vox 2" type="1" provider="WNS" onid="8478" tsid="8478" namespace="0x02080000" />
        <service id="0x0001" sid="1" name="WNS" type="1" provider="WNS" onid="8478" tsid="8478" namespace="0x02080000" />
      </transponder>
    </satellite>
    <satellite key="02080000:2506:2506" name="Sat-52E" namespace="0x02080000" position="52">
      <transponder key="02080000:2506:2506" frequency="11221000" symbol_rate="27500000" polarization="V" fec="2" system="0" modulation="0">
        <service id="0x0005" sid="5" name="247Box" type="1" provider="WNS" onid="9478" tsid="9478" namespace="0x02080000" />
        <service id="0x0004" sid="4" name="Afghanistan Intl" type="1" provider="WNS" onid="9478" tsid="9478" namespace="0x02080000" />
        <service id="0x000b" sid="11" name="Afghanistan Intl Radio" type="1" provider="WNS" onid="9478" tsid="9478" namespace="0x02080000" />
        <service id="0x000f" sid="15" name="Afghanistan Intl SD" type="1" provider="WNS" onid="9478" tsid="9478" namespace="0x02080000" />
        <service id="0x000c" sid="12" name="Emrooz Radio" type="1" provider="WNS" onid="9478" tsid="9478" namespace="0x02080000" />
        <service id="0x0001" sid="1" name="FX HD" type="1" provider="WNS" onid="9478" tsid="9478" namespace="0x02080000" />
        <service id="0x000a" sid="10" name="ICNET2" type="1" provider="WNS" onid="9478" tsid="9478" namespace="0x02080000" />
        <service id="0x000d" sid="13" name="IranProud" type="1" provider="WNS" onid="9478" tsid="9478" namespace="0x02080000" />
        <service id="0x0003" sid="3" name="ITN HD" type="1" provider="WNS" onid="9478" tsid="9478" namespace="0x02080000" />
        <service id="0x000e" sid="14" name="Keshish Hamid" type="1" provider="WNS" onid="9478" tsid="9478" namespace="0x02080000" />
        <service id="0x001a" sid="26" name="Meraj TV" type="1" provider="WNS" onid="9478" tsid="9478" namespace="0x02080000" />
        <service id="0x0008" sid="8" name="PEN TV" type="1" provider="WNS" onid="9478" tsid="9478" namespace="0x02080000" />
        <service id="0x0009" sid="9" name="Simay Azadi SD" type="1" provider="WNS" onid="9478" tsid="9478" namespace="0x02080000" />
        <service id="0x0002" sid="2" name="Toonix HD" type="1" provider="WNS" onid="9478" tsid="9478" namespace="0x02080000" />
      </transponder>
    </satellite>
    <satellite key="0208afe8:0001:0001" name="Sat-52E" namespace="0x0208afe8" position="52">
      <transponder key="0208afe8:0001:0001" frequency="12264000" symbol_rate="27500000" polarization="V" fec="2" system="0" modulation="0">
        <service id="0x00c9" sid="201" name="Altyn Asyr" type="1" provider="Turkmenistan" onid="1" tsid="1" namespace="0x0208afe8" />
        <service id="0x00cb" sid="203" name="Miras" type="1" provider="Turkmenistan" onid="1" tsid="1" namespace="0x0208afe8" />
        <service id="0x00cc" sid="204" name="Turkmenistan" type="1" provider="Turkmenistan" onid="1" tsid="1" namespace="0x0208afe8" />
        <service id="0x00ca" sid="202" name="Yaslyk" type="1" provider="Turkmenistan" onid="1" tsid="1" namespace="0x0208afe8" />
        <service id="0x012f" sid="303" name="Char-tarapdan" type="2" provider="" onid="1" tsid="1" namespace="0x0208afe8" radio="1" />
        <service id="0x0053" sid="83" name="Miras" type="2" provider="" onid="1" tsid="1" namespace="0x0208afe8" radio="1" />
        <service id="0x0057" sid="87" name="Owaz" type="2" provider="" onid="1" tsid="1" namespace="0x0208afe8" radio="1" />
        <service id="0x012d" sid="301" name="Watan" type="2" provider="" onid="1" tsid="1" namespace="0x0208afe8" radio="1" />
      </transponder>
    </satellite>
    <satellite key="0208b00f:0001:0001" name="Sat-52E" namespace="0x0208b00f" position="52">
      <transponder key="0208b00f:0001:0001" frequency="12303000" symbol_rate="27500000" polarization="V" fec="2" system="0" modulation="0">
        <service id="0x00cd" sid="205" name="Asgabat" type="1" provider="Turkmenistan" onid="1" tsid="1" namespace="0x0208b00f" />
        <service id="0x00ce" sid="206" name="Turkmen Owazy" type="1" provider="Turkmenistan" onid="1" tsid="1" namespace="0x0208b00f" />
        <service id="0x00cf" sid="207" name="Turkmenistan Sport" type="1" provider="Turkmenistan" onid="1" tsid="1" namespace="0x0208b00f" />
      </transponder>
    </satellite>
  </satellites>
</zapit>
