<?xml version='1.0' encoding='utf-8'?>
<zapit>
  <bouquet name="General" category="tv">
    <channel service_ref="1:0:1:0002:13ec:217c:eeee0000:0:0:0:" name="13 TV" service_name="13 TV" provider="GRP" sid="2" onid="8572" tsid="5100" />
    <channel service_ref="1:0:1:0006:13ec:217c:eeee0000:0:0:0:" name="GRP DUE PUNTO ZERO" service_name="GRP DUE PUNTO ZERO" provider="GRP" sid="6" onid="8572" tsid="5100" />
    <channel service_ref="1:0:1:0003:13ec:217c:eeee0000:0:0:0:" name="GRP MARKET" service_name="GRP MARKET" provider="GRP" sid="3" onid="8572" tsid="5100" />
    <channel service_ref="1:0:1:0005:13ec:217c:eeee0000:0:0:0:" name="GRP PIEDMONT" service_name="GRP PIEDMONT" provider="GRP" sid="5" onid="8572" tsid="5100" />
    <channel service_ref="1:0:1:0004:13ec:217c:eeee0000:0:0:0:" name="GRP SEI TU" service_name="GRP SEI TU" provider="GRP" sid="4" onid="8572" tsid="5100" />
    <channel service_ref="1:0:1:0001:13ec:217c:eeee0000:0:0:0:" name="GRP TELEVISIONE" service_name="GRP TELEVISIONE" provider="GRP" sid="1" onid="8572" tsid="5100" />
    <channel service_ref="1:0:1:0007:13ec:217c:eeee0000:0:0:0:" name="TBNE - TCI" service_name="TBNE - TCI" provider="GRP" sid="7" onid="8572" tsid="5100" />
  </bouquet>
  <bouquet name="Switzerland" category="tv">
    <channel service_ref="1:0:1:0002:13ec:217c:eeee0000:0:0:0:" name="13 TV" service_name="13 TV" provider="GRP" sid="2" onid="8572" tsid="5100" />
    <channel service_ref="1:0:1:0001:13ec:217c:eeee0000:0:0:0:" name="GRP TELEVISIONE" service_name="GRP TELEVISIONE" provider="GRP" sid="1" onid="8572" tsid="5100" />
  </bouquet>
  <bouquet name="Others" category="tv">
    <channel service_ref="1:0:1:0006:13ec:217c:eeee0000:0:0:0:" name="GRP DUE PUNTO ZERO" service_name="GRP DUE PUNTO ZERO" provider="GRP" sid="6" onid="8572" tsid="5100" />
    <channel service_ref="1:0:1:0003:13ec:217c:eeee0000:0:0:0:" name="GRP MARKET" service_name="GRP MARKET" provider="GRP" sid="3" onid="8572" tsid="5100" />
    <channel service_ref="1:0:1:0005:13ec:217c:eeee0000:0:0:0:" name="GRP PIEDMONT" service_name="GRP PIEDMONT" provider="GRP" sid="5" onid="8572" tsid="5100" />
    <channel service_ref="1:0:1:0004:13ec:217c:eeee0000:0:0:0:" name="GRP SEI TU" service_name="GRP SEI TU" provider="GRP" sid="4" onid="8572" tsid="5100" />
    <channel service_ref="1:0:1:0007:13ec:217c:eeee0000:0:0:0:" name="TBNE - TCI" service_name="TBNE - TCI" provider="GRP" sid="7" onid="8572" tsid="5100" />
  </bouquet>
  <bouquet name="Digitale Terrestre" category="tv">
    <channel service_ref="1:0:1:1:13ec:217c:eeee0000:0:0:0:" name="GRP TELEVISIONE" service_name="GRP TELEVISIONE" provider="GRP" sid="1" onid="8572" tsid="5100" />
    <channel service_ref="1:0:1:2:13ec:217c:eeee0000:0:0:0:" name="13 TV" service_name="13 TV" provider="GRP" sid="2" onid="8572" tsid="5100" />
    <channel service_ref="1:0:1:3:13ec:217c:eeee0000:0:0:0:" name="GRP MARKET" service_name="GRP MARKET" provider="GRP" sid="3" onid="8572" tsid="5100" />
    <channel service_ref="1:0:1:4:13ec:217c:eeee0000:0:0:0:" name="GRP SEI TU" service_name="GRP SEI TU" provider="GRP" sid="4" onid="8572" tsid="5100" />
    <channel service_ref="1:0:1:5:13ec:217c:eeee0000:0:0:0:" name="GRP PIEDMONT" service_name="GRP PIEDMONT" provider="GRP" sid="5" onid="8572" tsid="5100" />
    <channel service_ref="1:0:1:6:13ec:217c:eeee0000:0:0:0:" name="GRP DUE PUNTO ZERO" service_name="GRP DUE PUNTO ZERO" provider="GRP" sid="6" onid="8572" tsid="5100" />
    <channel service_ref="1:0:1:7:13ec:217c:eeee0000:0:0:0:" name="TBNE - TCI" service_name="TBNE - TCI" provider="GRP" sid="7" onid="8572" tsid="5100" />
  </bouquet>
  <bouquet name="Digitale Terrestre" category="tv">
    <channel service_ref="1:0:1:7:13ec:217c:eeee0000:0:0:0:" name="TBNE - TCI" service_name="TBNE - TCI" provider="GRP" sid="7" onid="8572" tsid="5100" />
    <channel service_ref="1:0:1:1:13ec:217c:eeee0000:0:0:0:" name="GRP TELEVISIONE" service_name="GRP TELEVISIONE" provider="GRP" sid="1" onid="8572" tsid="5100" />
    <channel service_ref="1:0:1:3:13ec:217c:eeee0000:0:0:0:" name="GRP MARKET" service_name="GRP MARKET" provider="GRP" sid="3" onid="8572" tsid="5100" />
    <channel service_ref="1:0:1:4:13ec:217c:eeee0000:0:0:0:" name="GRP SEI TU" service_name="GRP SEI TU" provider="GRP" sid="4" onid="8572" tsid="5100" />
    <channel service_ref="1:0:1:5:13ec:217c:eeee0000:0:0:0:" name="GRP PIEDMONT" service_name="GRP PIEDMONT" provider="GRP" sid="5" onid="8572" tsid="5100" />
    <channel service_ref="1:0:1:6:13ec:217c:eeee0000:0:0:0:" name="GRP DUE PUNTO ZERO" service_name="GRP DUE PUNTO ZERO" provider="GRP" sid="6" onid="8572" tsid="5100" />
    <channel service_ref="1:0:1:2:13ec:217c:eeee0000:0:0:0:" name="13 TV" service_name="13 TV" provider="GRP" sid="2" onid="8572" tsid="5100" />
  </bouquet>
  <bouquet name="Digitale Terrestre                         by Gerry" category="tv">
    <channel service_ref="1:0:1:1:13ec:217c:eeee0000:0:0:0:" name="GRP TELEVISIONE" service_name="GRP TELEVISIONE" provider="GRP" sid="1" onid="8572" tsid="5100" />
    <channel service_ref="1:0:1:2:13ec:217c:eeee0000:0:0:0:" name="13 TV" service_name="13 TV" provider="GRP" sid="2" onid="8572" tsid="5100" />
    <channel service_ref="1:0:1:3:13ec:217c:eeee0000:0:0:0:" name="GRP MARKET" service_name="GRP MARKET" provider="GRP" sid="3" onid="8572" tsid="5100" />
    <channel service_ref="1:0:1:4:13ec:217c:eeee0000:0:0:0:" name="GRP SEI TU" service_name="GRP SEI TU" provider="GRP" sid="4" onid="8572" tsid="5100" />
    <channel service_ref="1:0:1:5:13ec:217c:eeee0000:0:0:0:" name="GRP PIEDMONT" service_name="GRP PIEDMONT" provider="GRP" sid="5" onid="8572" tsid="5100" />
    <channel service_ref="1:0:1:6:13ec:217c:eeee0000:0:0:0:" name="GRP DUE PUNTO ZERO" service_name="GRP DUE PUNTO ZERO" provider="GRP" sid="6" onid="8572" tsid="5100" />
    <channel service_ref="1:0:1:7:13ec:217c:eeee0000:0:0:0:" name="TBNE - TCI" service_name="TBNE - TCI" provider="GRP" sid="7" onid="8572" tsid="5100" />
  </bouquet>
  <bouquet name="Digitale Terrestre                  by Gerry" category="tv">
    <channel service_ref="1:0:1:1:13ec:217c:eeee0000:0:0:0:" name="GRP TELEVISIONE" service_name="GRP TELEVISIONE" provider="GRP" sid="1" onid="8572" tsid="5100" />
    <channel service_ref="1:0:1:2:13ec:217c:eeee0000:0:0:0:" name="13 TV" service_name="13 TV" provider="GRP" sid="2" onid="8572" tsid="5100" />
    <channel service_ref="1:0:1:3:13ec:217c:eeee0000:0:0:0:" name="GRP MARKET" service_name="GRP MARKET" provider="GRP" sid="3" onid="8572" tsid="5100" />
    <channel service_ref="1:0:1:4:13ec:217c:eeee0000:0:0:0:" name="GRP SEI TU" service_name="GRP SEI TU" provider="GRP" sid="4" onid="8572" tsid="5100" />
    <channel service_ref="1:0:1:5:13ec:217c:eeee0000:0:0:0:" name="GRP PIEDMONT" service_name="GRP PIEDMONT" provider="GRP" sid="5" onid="8572" tsid="5100" />
    <channel service_ref="1:0:1:6:13ec:217c:eeee0000:0:0:0:" name="GRP DUE PUNTO ZERO" service_name="GRP DUE PUNTO ZERO" provider="GRP" sid="6" onid="8572" tsid="5100" />
    <channel service_ref="1:0:1:7:13ec:217c:eeee0000:0:0:0:" name="TBNE - TCI" service_name="TBNE - TCI" provider="GRP" sid="7" onid="8572" tsid="5100" />
  </bouquet>
  <bouquet name="Digitale Terrestre                  By Gerry" category="tv">
    <channel service_ref="1:0:1:1:13ec:217c:eeee0000:0:0:0:" name="GRP TELEVISIONE" service_name="GRP TELEVISIONE" provider="GRP" sid="1" onid="8572" tsid="5100" />
    <channel service_ref="1:0:1:2:13ec:217c:eeee0000:0:0:0:" name="13 TV" service_name="13 TV" provider="GRP" sid="2" onid="8572" tsid="5100" />
    <channel service_ref="1:0:1:3:13ec:217c:eeee0000:0:0:0:" name="GRP MARKET" service_name="GRP MARKET" provider="GRP" sid="3" onid="8572" tsid="5100" />
    <channel service_ref="1:0:1:4:13ec:217c:eeee0000:0:0:0:" name="GRP SEI TU" service_name="GRP SEI TU" provider="GRP" sid="4" onid="8572" tsid="5100" />
    <channel service_ref="1:0:1:5:13ec:217c:eeee0000:0:0:0:" name="GRP PIEDMONT" service_name="GRP PIEDMONT" provider="GRP" sid="5" onid="8572" tsid="5100" />
    <channel service_ref="1:0:1:6:13ec:217c:eeee0000:0:0:0:" name="GRP DUE PUNTO ZERO" service_name="GRP DUE PUNTO ZERO" provider="GRP" sid="6" onid="8572" tsid="5100" />
    <channel service_ref="1:0:1:7:13ec:217c:eeee0000:0:0:0:" name="TBNE - TCI" service_name="TBNE - TCI" provider="GRP" sid="7" onid="8572" tsid="5100" />
  </bouquet>
  <bouquet name="Digitale Terrestre             by Gerry" category="tv">
    <channel service_ref="1:0:1:1:13ec:217c:eeee0000:0:0:0:" name="GRP TELEVISIONE" service_name="GRP TELEVISIONE" provider="GRP" sid="1" onid="8572" tsid="5100" />
    <channel service_ref="1:0:1:2:13ec:217c:eeee0000:0:0:0:" name="13 TV" service_name="13 TV" provider="GRP" sid="2" onid="8572" tsid="5100" />
    <channel service_ref="1:0:1:3:13ec:217c:eeee0000:0:0:0:" name="GRP MARKET" service_name="GRP MARKET" provider="GRP" sid="3" onid="8572" tsid="5100" />
    <channel service_ref="1:0:1:4:13ec:217c:eeee0000:0:0:0:" name="GRP SEI TU" service_name="GRP SEI TU" provider="GRP" sid="4" onid="8572" tsid="5100" />
    <channel service_ref="1:0:1:5:13ec:217c:eeee0000:0:0:0:" name="GRP PIEDMONT" service_name="GRP PIEDMONT" provider="GRP" sid="5" onid="8572" tsid="5100" />
    <channel service_ref="1:0:1:6:13ec:217c:eeee0000:0:0:0:" name="GRP DUE PUNTO ZERO" service_name="GRP DUE PUNTO ZERO" provider="GRP" sid="6" onid="8572" tsid="5100" />
    <channel service_ref="1:0:1:7:13ec:217c:eeee0000:0:0:0:" name="TBNE - TCI" service_name="TBNE - TCI" provider="GRP" sid="7" onid="8572" tsid="5100" />
  </bouquet>
  <bouquet name="Digitale Terrestre" category="tv">
    <channel service_ref="1:0:1:1:13ec:217c:eeee0000:0:0:0:" name="GRP TELEVISIONE" service_name="GRP TELEVISIONE" provider="GRP" sid="1" onid="8572" tsid="5100" />
    <channel service_ref="1:0:1:2:13ec:217c:eeee0000:0:0:0:" name="13 TV" service_name="13 TV" provider="GRP" sid="2" onid="8572" tsid="5100" />
    <channel service_ref="1:0:1:3:13ec:217c:eeee0000:0:0:0:" name="GRP MARKET" service_name="GRP MARKET" provider="GRP" sid="3" onid="8572" tsid="5100" />
    <channel service_ref="1:0:1:4:13ec:217c:eeee0000:0:0:0:" name="GRP SEI TU" service_name="GRP SEI TU" provider="GRP" sid="4" onid="8572" tsid="5100" />
    <channel service_ref="1:0:1:5:13ec:217c:eeee0000:0:0:0:" name="GRP PIEDMONT" service_name="GRP PIEDMONT" provider="GRP" sid="5" onid="8572" tsid="5100" />
    <channel service_ref="1:0:1:6:13ec:217c:eeee0000:0:0:0:" name="GRP DUE PUNTO ZERO" service_name="GRP DUE PUNTO ZERO" provider="GRP" sid="6" onid="8572" tsid="5100" />
    <channel service_ref="1:0:1:7:13ec:217c:eeee0000:0:0:0:" name="TBNE - TCI" service_name="TBNE - TCI" provider="GRP" sid="7" onid="8572" tsid="5100" />
  </bouquet>
</zapit>
