<?xml version='1.0' encoding='utf-8'?>
<zapit>
  <bouquet name="General" category="tv">
    <channel service_ref="1:0:1:001e:0001:0001:02ad3112:0:0:0:" name="ACNN TV" service_name="ACNN TV" provider="ViewMedia" sid="30" onid="1" tsid="1" />
    <channel service_ref="1:0:25:000e:001a:0014:02ad0000:0:0:0:" name="Amazing Facts" service_name="Amazing Facts" provider="iKO Media Group" sid="14" onid="20" tsid="26" />
    <channel service_ref="1:0:1:00e4:0002:0049:02ad0000:0:0:0:" name="Ambience TV" service_name="Ambience TV" provider="Sentech" sid="228" onid="73" tsid="2" />
    <channel service_ref="1:0:1:0002:0022:0014:02ad0000:0:0:0:" name="Amen TV" service_name="Amen TV" provider="ViewMedia" sid="2" onid="20" tsid="34" />
    <channel service_ref="1:0:1:c670:0006:0049:02ad0000:0:0:0:" name="ANGEL TV" service_name="ANGEL TV" provider="STN PLC" sid="50800" onid="73" tsid="6" />
    <channel service_ref="1:0:1:00e0:0002:0049:02ad0000:0:0:0:" name="APTIM TV" service_name="APTIM TV" provider="SENTECH" sid="224" onid="73" tsid="2" />
    <channel service_ref="1:0:1:010b:0005:0049:02ad0000:0:0:0:" name="APTIM TV" service_name="APTIM TV" provider="Sentech" sid="267" onid="73" tsid="5" />
    <channel service_ref="1:0:1:0003:001a:0014:02ad0000:0:0:0:" name="AVO - Channels TV" service_name="AVO - Channels TV" provider="ViewMedia" sid="3" onid="20" tsid="26" />
    <channel service_ref="1:0:1:0007:001a:0014:02ad0000:0:0:0:" name="AVO - TVC Entertainment" service_name="AVO - TVC Entertainment" provider="ViewMedia" sid="7" onid="20" tsid="26" />
    <channel service_ref="1:0:1:0006:001a:0014:02ad0000:0:0:0:" name="AVO - TVC News" service_name="AVO - TVC News" provider="ViewMedia" sid="6" onid="20" tsid="26" />
    <channel service_ref="1:0:1:0004:001a:0014:02ad0000:0:0:0:" name="AVO - WAP TV" service_name="AVO - WAP TV" provider="ViewMedia" sid="4" onid="20" tsid="26" />
    <channel service_ref="1:0:1:000f:0001:0001:02ad3112:0:0:0:" name="Bible Explorations TV" service_name="Bible Explorations TV" provider="ViewMedia" sid="15" onid="1" tsid="1" />
    <channel service_ref="1:0:1:00eb:0005:0049:02ad0000:0:0:0:" name="BLESSED TV" service_name="BLESSED TV" provider="SENTECH" sid="235" onid="73" tsid="5" />
    <channel service_ref="1:0:1:000e:0001:0001:02adb15a:0:0:0:" name="BTV 1" service_name="BTV 1" provider="DBS" sid="14" onid="1" tsid="1" />
    <channel service_ref="1:0:1:0012:0001:0001:02adb15a:0:0:0:" name="BTV 2" service_name="BTV 2" provider="DBS" sid="18" onid="1" tsid="1" />
    <channel service_ref="1:0:1:0001:0001:ffff:02adb171:0:0:0:" name="BTV ENC A" service_name="BTV ENC A" provider="DBS" sid="1" onid="65535" tsid="1" />
    <channel service_ref="1:0:1:001a:0001:0001:02adb15a:0:0:0:" name="BTV Mobile" service_name="BTV Mobile" provider="DBS" sid="26" onid="1" tsid="1" />
    <channel service_ref="1:0:1:000f:0001:0001:02adb15a:0:0:0:" name="BTV News" service_name="BTV News" provider="DBS" sid="15" onid="1" tsid="1" />
    <channel service_ref="1:0:1:00cb:0005:0049:02ad0000:0:0:0:" name="Celebration TV" service_name="Celebration TV" provider="SENTECH" sid="203" onid="73" tsid="5" />
    <channel service_ref="1:0:1:00cc:0002:0049:02ad0000:0:0:0:" name="Celebration TV_35K" service_name="Celebration TV_35K" provider="Sentech" sid="204" onid="73" tsid="2" />
    <channel service_ref="1:0:1:00cf:0002:0049:02ad0000:0:0:0:" name="Champions TV Plus" service_name="Champions TV Plus" provider="SENTECH" sid="207" onid="73" tsid="2" />
    <channel service_ref="1:0:1:010a:0005:0049:02ad0000:0:0:0:" name="Champions TV Plus" service_name="Champions TV Plus" provider="Sentech" sid="266" onid="73" tsid="5" />
    <channel service_ref="1:0:1:000a:0001:0001:02ad3112:0:0:0:" name="Chosen TV" service_name="Chosen TV" provider="ViewMedia" sid="10" onid="1" tsid="1" />
    <channel service_ref="1:0:1:c587:0006:0049:02ad0000:0:0:0:" name="CHRIST-TV" service_name="CHRIST-TV" provider="PTM" sid="50567" onid="73" tsid="6" />
    <channel service_ref="1:0:1:0006:0001:0001:02ad3112:0:0:0:" name="COZA TV" service_name="COZA TV" provider="ViewMedia" sid="6" onid="1" tsid="1" />
    <channel service_ref="1:0:1:001c:0001:0001:02ad3112:0:0:0:" name="CVV TV" service_name="CVV TV" provider="ViewMedia" sid="28" onid="1" tsid="1" />
    <channel service_ref="1:0:1:c57f:0006:0049:02ad0000:0:0:0:" name="DAYSTAR" service_name="DAYSTAR" provider="DTK-SATELIO" sid="50559" onid="73" tsid="6" />
    <channel service_ref="1:0:1:00e8:0005:0049:02ad0000:0:0:0:" name="Divine Hand TV" service_name="Divine Hand TV" provider="Sentech" sid="232" onid="73" tsid="5" />
    <channel service_ref="1:0:1:00ec:0002:0049:02ad0000:0:0:0:" name="Divine Hand TV_35K" service_name="Divine Hand TV_35K" provider="Sentech" sid="236" onid="73" tsid="2" />
    <channel service_ref="1:0:1:001a:0001:0001:02ad3112:0:0:0:" name="Dove Entertainment" service_name="Dove Entertainment" provider="ViewMedia" sid="26" onid="1" tsid="1" />
    <channel service_ref="1:0:1:000b:0001:0001:02ad3112:0:0:0:" name="DOVE TV" service_name="DOVE TV" provider="ViewMedia" sid="11" onid="1" tsid="1" />
    <channel service_ref="1:0:1:00d4:0005:0049:02ad0000:0:0:0:" name="DUNAMIS TV" service_name="DUNAMIS TV" provider="SENTECH" sid="212" onid="73" tsid="5" />
    <channel service_ref="1:0:1:00d5:0002:0049:02ad0000:0:0:0:" name="DUNIMAS TV_35K" service_name="DUNIMAS TV_35K" provider="Sentech" sid="213" onid="73" tsid="2" />
    <channel service_ref="1:0:1:00ed:0002:0049:02ad0000:0:0:0:" name="EBENEZER TV_35K" service_name="EBENEZER TV_35K" provider="Sentech" sid="237" onid="73" tsid="2" />
    <channel service_ref="1:0:1:00ea:0005:0049:02ad0000:0:0:0:" name="EBENZER TV" service_name="EBENZER TV" provider="SENTECH" sid="234" onid="73" tsid="5" />
    <channel service_ref="1:0:1:c585:0006:0049:02ad0000:0:0:0:" name="EMMANUEL TV HD" service_name="EMMANUEL TV HD" provider="DTK-SATELIO" sid="50565" onid="73" tsid="6" />
    <channel service_ref="1:0:1:007f:0005:0049:02ad0000:0:0:0:" name="Encounter Jesus TV" service_name="Encounter Jesus TV" provider="Sentech" sid="127" onid="73" tsid="5" />
    <channel service_ref="1:0:1:0033:0002:0049:02ad0000:0:0:0:" name="Encounter Jesus TV2" service_name="Encounter Jesus TV2" provider="Sentech" sid="51" onid="73" tsid="2" />
    <channel service_ref="1:0:1:0042:0005:0049:02ad0000:0:0:0:" name="Encounter TV" service_name="Encounter TV" provider="Sentech" sid="66" onid="73" tsid="5" />
    <channel service_ref="1:0:1:010d:0002:0049:02ad0000:0:0:0:" name="Encounter TV_35K" service_name="Encounter TV_35K" provider="Sentech" sid="269" onid="73" tsid="2" />
    <channel service_ref="1:0:1:c582:0006:0049:02ad0000:0:0:0:" name="Ezekiel HD" service_name="Ezekiel HD" provider="DTK-SATELIO" sid="50562" onid="73" tsid="6" />
    <channel service_ref="1:0:1:003a:0002:0049:02ad0000:0:0:0:" name="FANO TV" service_name="FANO TV" provider="SENTECH" sid="58" onid="73" tsid="2" />
    <channel service_ref="1:0:1:0005:0001:0001:02ad3112:0:0:0:" name="Flame TV" service_name="Flame TV" provider="ViewMedia" sid="5" onid="1" tsid="1" />
    <channel service_ref="1:0:1:0011:0001:0001:02adb15a:0:0:0:" name="France24" service_name="France24" provider="DBS" sid="17" onid="1" tsid="1" />
    <channel service_ref="1:0:1:006a:0002:0049:02ad0000:0:0:0:" name="Free Indeed TV" service_name="Free Indeed TV" provider="Sentech" sid="106" onid="73" tsid="2" />
    <channel service_ref="1:0:1:006a:0005:0049:02ad0000:0:0:0:" name="Free Indeed TV" service_name="Free Indeed TV" provider="Sentech" sid="106" onid="73" tsid="5" />
    <channel service_ref="1:0:25:000a:001a:0014:02ad0000:0:0:0:" name="Freedom on air HD" service_name="Freedom on air HD" provider="" sid="10" onid="20" tsid="26" />
    <channel service_ref="1:0:1:000b:001a:0014:02ad0000:0:0:0:" name="Freedom on air SD" service_name="Freedom on air SD" provider="" sid="11" onid="20" tsid="26" />
    <channel service_ref="1:0:1:0005:0022:0014:02ad0000:0:0:0:" name="Full Life TV" service_name="Full Life TV" provider="ViewMedia" sid="5" onid="20" tsid="34" />
    <channel service_ref="1:0:1:00f2:0005:0049:02ad0000:0:0:0:" name="Full Life TV" service_name="Full Life TV" provider="Sentech" sid="242" onid="73" tsid="5" />
    <channel service_ref="1:0:1:0004:0022:0014:02ad0000:0:0:0:" name="GFN Soccer" service_name="GFN Soccer" provider="ViewMedia" sid="4" onid="20" tsid="34" />
    <channel service_ref="1:0:1:00f5:0005:0049:02ad0000:0:0:0:" name="GNF TV" service_name="GNF TV" provider="SENTECH" sid="245" onid="73" tsid="5" />
    <channel service_ref="1:0:1:000c:001a:0014:02ad0000:0:0:0:" name="HC Tanzania" service_name="HC Tanzania" provider="Hope Channel" sid="12" onid="20" tsid="26" />
    <channel service_ref="1:0:1:000f:001a:0014:02ad0000:0:0:0:" name="HC Uganda" service_name="HC Uganda" provider="Hope Channel" sid="15" onid="20" tsid="26" />
    <channel service_ref="1:0:1:000d:001a:0014:02ad0000:0:0:0:" name="HC Zambia" service_name="HC Zambia" provider="Hope Channel" sid="13" onid="20" tsid="26" />
    <channel service_ref="1:0:1:0003:0001:0001:02ad3112:0:0:0:" name="Homebase TV" service_name="Homebase TV" provider="ViewMedia" sid="3" onid="1" tsid="1" />
    <channel service_ref="1:0:1:0005:001a:0014:02ad0000:0:0:0:" name="Honor TV Ibadan" service_name="Honor TV Ibadan" provider="ViewMedia" sid="5" onid="20" tsid="26" />
    <channel service_ref="1:0:1:0092:0001:0e26:02ad0000:0:0:0:" name="iFILM ENG" service_name="iFILM ENG" provider="IRIB" sid="146" onid="3622" tsid="1" />
    <channel service_ref="1:0:1:010f:0002:0049:02ad0000:0:0:0:" name="Impact Voice Network" service_name="Impact Voice Network" provider="Sentech" sid="271" onid="73" tsid="2" />
    <channel service_ref="1:0:1:0028:0022:0014:02ad0000:0:0:0:" name="Intelsat FUS Test" service_name="Intelsat FUS Test" provider="Intelsat" sid="40" onid="20" tsid="34" />
    <channel service_ref="1:0:1:00c8:0022:0014:02ad0000:0:0:0:" name="Intelsat FUS Test" service_name="Intelsat FUS Test" provider="Intelsat" sid="200" onid="20" tsid="34" />
    <channel service_ref="1:0:1:0010:0001:0001:02adb15a:0:0:0:" name="KhudugaHD" service_name="KhudugaHD" provider="DBS" sid="16" onid="1" tsid="1" />
    <channel service_ref="1:0:1:0013:0001:0001:02ad3112:0:0:0:" name="KICC TV" service_name="KICC TV" provider="ViewMedia" sid="19" onid="1" tsid="1" />
    <channel service_ref="1:0:1:000c:0001:0001:02ad3112:0:0:0:" name="Kingdom TV" service_name="Kingdom TV" provider="ViewMedia" sid="12" onid="1" tsid="1" />
    <channel service_ref="1:0:1:007d:0002:0049:02ad0000:0:0:0:" name="KLN" service_name="KLN" provider="SENTECH" sid="125" onid="73" tsid="2" />
    <channel service_ref="1:0:1:006c:0005:0049:02ad0000:0:0:0:" name="KLN TV" service_name="KLN TV" provider="Sentech" sid="108" onid="73" tsid="5" />
    <channel service_ref="1:0:1:00e2:0002:0049:02ad0000:0:0:0:" name="Liberation TV" service_name="Liberation TV" provider="Sentech" sid="226" onid="73" tsid="2" />
    <channel service_ref="1:0:1:010c:0005:0049:02ad0000:0:0:0:" name="Liberation TV" service_name="Liberation TV" provider="Sentech" sid="268" onid="73" tsid="5" />
    <channel service_ref="1:0:1:0004:0001:0001:02ad3112:0:0:0:" name="LN24 International" service_name="LN24 International" provider="ViewMedia" sid="4" onid="1" tsid="1" />
    <channel service_ref="1:0:25:0001:0001:0001:02ad3112:0:0:0:" name="LoveWorld SAT" service_name="LoveWorld SAT" provider="ViewMedia" sid="1" onid="1" tsid="1" />
    <channel service_ref="1:0:1:000d:0001:0001:02ad3112:0:0:0:" name="MCTV Global 02" service_name="MCTV Global 02" provider="ViewMedia" sid="13" onid="1" tsid="1" />
    <channel service_ref="1:0:1:006b:0005:0049:02ad0000:0:0:0:" name="Mercy TV Plus" service_name="Mercy TV Plus" provider="Sentech" sid="107" onid="73" tsid="5" />
    <channel service_ref="1:0:1:006d:0002:0049:02ad0000:0:0:0:" name="Mercy TV Plus" service_name="Mercy TV Plus" provider="SENTECH" sid="109" onid="73" tsid="2" />
    <channel service_ref="1:0:1:004b:0005:0049:02ad0000:0:0:0:" name="MERIBA TV" service_name="MERIBA TV" provider="SENTECH" sid="75" onid="73" tsid="5" />
    <channel service_ref="1:0:1:004c:0002:0049:02ad0000:0:0:0:" name="MERIBA TV_35K" service_name="MERIBA TV_35K" provider="Sentech" sid="76" onid="73" tsid="2" />
    <channel service_ref="1:0:1:0010:0001:0001:02ad3112:0:0:0:" name="Miracle TV" service_name="Miracle TV" provider="ViewMedia" sid="16" onid="1" tsid="1" />
    <channel service_ref="1:0:1:c671:0006:0049:02ad0000:0:0:0:" name="NAC" service_name="NAC" provider="TELEMEDIA" sid="50801" onid="73" tsid="6" />
    <channel service_ref="1:0:1:00de:0005:0049:02ad0000:0:0:0:" name="NEW JERUSALEM" service_name="NEW JERUSALEM" provider="Sentech" sid="222" onid="73" tsid="5" />
    <channel service_ref="1:0:1:0091:0001:0e26:02ad0000:0:0:0:" name="PRESS TV" service_name="PRESS TV" provider="IRIB" sid="145" onid="3622" tsid="1" />
    <channel service_ref="1:0:1:002d:0002:0049:02ad0000:0:0:0:" name="Prophetic" service_name="Prophetic" provider="Sentech" sid="45" onid="73" tsid="2" />
    <channel service_ref="1:0:1:0045:0005:0049:02ad0000:0:0:0:" name="Prophetic Channel" service_name="Prophetic Channel" provider="Sentech" sid="69" onid="73" tsid="5" />
    <channel service_ref="1:0:1:0001:001a:0014:02ad0000:0:0:0:" name="Rapid TV" service_name="Rapid TV" provider="Quickstream" sid="1" onid="20" tsid="26" />
    <channel service_ref="1:0:1:00d9:0005:0049:02ad0000:0:0:0:" name="REMITE TV" service_name="REMITE TV" provider="Sentech" sid="217" onid="73" tsid="5" />
    <channel service_ref="1:0:1:000e:0001:0001:02ad3112:0:0:0:" name="REVIVAL CHANNEL" service_name="REVIVAL CHANNEL" provider="ViewMedia" sid="14" onid="1" tsid="1" />
    <channel service_ref="1:0:1:0043:0005:0049:02ad0000:0:0:0:" name="RHEMA TV" service_name="RHEMA TV" provider="Sentech" sid="67" onid="73" tsid="5" />
    <channel service_ref="1:0:1:010e:0002:0049:02ad0000:0:0:0:" name="RHEMA TV_35K" service_name="RHEMA TV_35K" provider="Sentech" sid="270" onid="73" tsid="2" />
    <channel service_ref="1:0:1:001f:0001:0001:02ad3112:0:0:0:" name="ROV TV" service_name="ROV TV" provider="ViewMedia" sid="31" onid="1" tsid="1" />
    <channel service_ref="1:0:1:0035:0002:0049:02ad0000:0:0:0:" name="RTM TV" service_name="RTM TV" provider="Sentech" sid="53" onid="73" tsid="2" />
    <channel service_ref="1:0:1:006d:0005:0049:02ad0000:0:0:0:" name="RTM TV" service_name="RTM TV" provider="Sentech" sid="109" onid="73" tsid="5" />
    <channel service_ref="1:0:25:0009:0001:0001:02ad3112:0:0:0:" name="Salvation TV" service_name="Salvation TV" provider="ViewMedia" sid="9" onid="1" tsid="1" />
    <channel service_ref="1:0:1:0007:0001:0001:02ad3112:0:0:0:" name="Samuel Mutendi TV" service_name="Samuel Mutendi TV" provider="ViewMedia" sid="7" onid="1" tsid="1" />
    <channel service_ref="1:0:1:00e9:0005:0049:02ad0000:0:0:0:" name="SHEKINAH TV" service_name="SHEKINAH TV" provider="Sentech" sid="233" onid="73" tsid="5" />
    <channel service_ref="1:0:1:0001:0022:0014:02ad0000:0:0:0:" name="SMTV" service_name="SMTV" provider="" sid="1" onid="20" tsid="34" />
    <channel service_ref="1:0:1:0002:0001:0001:02ad3112:0:0:0:" name="Sonlife" service_name="Sonlife" provider="ViewMedia" sid="2" onid="1" tsid="1" />
    <channel service_ref="1:0:1:c577:0006:0049:02ad0000:0:0:0:" name="SPARE" service_name="SPARE" provider="DTK-SATELIO" sid="50551" onid="73" tsid="6" />
    <channel service_ref="1:0:1:c576:0006:0049:02ad0000:0:0:0:" name="SPARE1" service_name="SPARE1" provider="DTK-SATELIO" sid="50550" onid="73" tsid="6" />
    <channel service_ref="1:0:1:001b:0001:0001:02ad3112:0:0:0:" name="SYNAGOGUE TV" service_name="SYNAGOGUE TV" provider="ViewMedia" sid="27" onid="1" tsid="1" />
    <channel service_ref="1:0:1:00f1:0005:0049:02ad0000:0:0:0:" name="Temple TV" service_name="Temple TV" provider="SENTECH" sid="241" onid="73" tsid="5" />
    <channel service_ref="1:0:1:00f4:0002:0049:02ad0000:0:0:0:" name="Temple TV_35K" service_name="Temple TV_35K" provider="Sentech" sid="244" onid="73" tsid="2" />
    <channel service_ref="1:0:1:00f3:0005:0049:02ad0000:0:0:0:" name="Truth TV" service_name="Truth TV" provider="Sentech" sid="243" onid="73" tsid="5" />
    <channel service_ref="1:0:1:002a:0002:0049:02ad0000:0:0:0:" name="UBN" service_name="UBN" provider="UBN" sid="42" onid="73" tsid="2" />
    <channel service_ref="1:0:1:0044:0005:0049:02ad0000:0:0:0:" name="UBN" service_name="UBN" provider="Sentech" sid="68" onid="73" tsid="5" />
    <channel service_ref="1:0:1:0008:0001:0001:02ad3112:0:0:0:" name="WRM Television" service_name="WRM Television" provider="ViewMedia" sid="8" onid="1" tsid="1" />
    <channel service_ref="1:0:1:007e:0005:0049:02ad0000:0:0:0:" name="WRM TV" service_name="WRM TV" provider="Sentech" sid="126" onid="73" tsid="5" />
    <channel service_ref="1:0:1:0013:0001:0001:02adb15a:0:0:0:" name="YTV Botswana" service_name="YTV Botswana" provider="DBS" sid="19" onid="1" tsid="1" />
  </bouquet>
  <bouquet name="Movies" category="tv">
    <channel service_ref="1:0:1:0092:0001:0e26:02ad0000:0:0:0:" name="iFILM ENG" service_name="iFILM ENG" provider="IRIB" sid="146" onid="3622" tsid="1" />
  </bouquet>
  <bouquet name="News" category="tv">
    <channel service_ref="1:0:1:0006:001a:0014:02ad0000:0:0:0:" name="AVO - TVC News" service_name="AVO - TVC News" provider="ViewMedia" sid="6" onid="20" tsid="26" />
    <channel service_ref="1:0:1:000f:0001:0001:02adb15a:0:0:0:" name="BTV News" service_name="BTV News" provider="DBS" sid="15" onid="1" tsid="1" />
  </bouquet>
  <bouquet name="Music" category="tv">
    <channel service_ref="1:0:1:000e:0001:0001:02ad3112:0:0:0:" name="REVIVAL CHANNEL" service_name="REVIVAL CHANNEL" provider="ViewMedia" sid="14" onid="1" tsid="1" />
    <channel service_ref="1:0:1:0001:0022:0014:02ad0000:0:0:0:" name="SMTV" service_name="SMTV" provider="" sid="1" onid="20" tsid="34" />
  </bouquet>
  <bouquet name="ARD/ZDF" category="tv">
    <channel service_ref="1:0:1:00cb:0005:0049:02ad0000:0:0:0:" name="Celebration TV" service_name="Celebration TV" provider="SENTECH" sid="203" onid="73" tsid="5" />
    <channel service_ref="1:0:1:00cc:0002:0049:02ad0000:0:0:0:" name="Celebration TV_35K" service_name="Celebration TV_35K" provider="Sentech" sid="204" onid="73" tsid="2" />
    <channel service_ref="1:0:1:c587:0006:0049:02ad0000:0:0:0:" name="CHRIST-TV" service_name="CHRIST-TV" provider="PTM" sid="50567" onid="73" tsid="6" />
  </bouquet>
  <bouquet name="TF1" category="tv">
    <channel service_ref="1:0:1:0011:0001:0001:02adb15a:0:0:0:" name="France24" service_name="France24" provider="DBS" sid="17" onid="1" tsid="1" />
  </bouquet>
  <bouquet name="Switzerland" category="tv">
    <channel service_ref="1:0:1:00ec:0002:0049:02ad0000:0:0:0:" name="Divine Hand TV_35K" service_name="Divine Hand TV_35K" provider="Sentech" sid="236" onid="73" tsid="2" />
    <channel service_ref="1:0:1:00d5:0002:0049:02ad0000:0:0:0:" name="DUNIMAS TV_35K" service_name="DUNIMAS TV_35K" provider="Sentech" sid="213" onid="73" tsid="2" />
    <channel service_ref="1:0:1:00ed:0002:0049:02ad0000:0:0:0:" name="EBENEZER TV_35K" service_name="EBENEZER TV_35K" provider="Sentech" sid="237" onid="73" tsid="2" />
    <channel service_ref="1:0:1:010d:0002:0049:02ad0000:0:0:0:" name="Encounter TV_35K" service_name="Encounter TV_35K" provider="Sentech" sid="269" onid="73" tsid="2" />
    <channel service_ref="1:0:1:004c:0002:0049:02ad0000:0:0:0:" name="MERIBA TV_35K" service_name="MERIBA TV_35K" provider="Sentech" sid="76" onid="73" tsid="2" />
    <channel service_ref="1:0:1:c671:0006:0049:02ad0000:0:0:0:" name="NAC" service_name="NAC" provider="TELEMEDIA" sid="50801" onid="73" tsid="6" />
    <channel service_ref="1:0:1:010e:0002:0049:02ad0000:0:0:0:" name="RHEMA TV_35K" service_name="RHEMA TV_35K" provider="Sentech" sid="270" onid="73" tsid="2" />
    <channel service_ref="1:0:1:00f4:0002:0049:02ad0000:0:0:0:" name="Temple TV_35K" service_name="Temple TV_35K" provider="Sentech" sid="244" onid="73" tsid="2" />
    <channel service_ref="1:0:1:0008:0001:0001:02ad3112:0:0:0:" name="WRM Television" service_name="WRM Television" provider="ViewMedia" sid="8" onid="1" tsid="1" />
  </bouquet>
  <bouquet name="Resolution - HD" category="tv">
    <channel service_ref="1:0:1:c585:0006:0049:02ad0000:0:0:0:" name="EMMANUEL TV HD" service_name="EMMANUEL TV HD" provider="DTK-SATELIO" sid="50565" onid="73" tsid="6" />
    <channel service_ref="1:0:1:c582:0006:0049:02ad0000:0:0:0:" name="Ezekiel HD" service_name="Ezekiel HD" provider="DTK-SATELIO" sid="50562" onid="73" tsid="6" />
    <channel service_ref="1:0:25:000a:001a:0014:02ad0000:0:0:0:" name="Freedom on air HD" service_name="Freedom on air HD" provider="" sid="10" onid="20" tsid="26" />
    <channel service_ref="1:0:1:0010:0001:0001:02adb15a:0:0:0:" name="KhudugaHD" service_name="KhudugaHD" provider="DBS" sid="16" onid="1" tsid="1" />
  </bouquet>
  <bouquet name="Resolution - SD" category="tv">
    <channel service_ref="1:0:1:000b:001a:0014:02ad0000:0:0:0:" name="Freedom on air SD" service_name="Freedom on air SD" provider="" sid="11" onid="20" tsid="26" />
  </bouquet>
  <bouquet name="Religion" category="tv">
    <channel service_ref="1:0:1:000c:001a:0014:02ad0000:0:0:0:" name="HC Tanzania" service_name="HC Tanzania" provider="Hope Channel" sid="12" onid="20" tsid="26" />
    <channel service_ref="1:0:1:000f:001a:0014:02ad0000:0:0:0:" name="HC Uganda" service_name="HC Uganda" provider="Hope Channel" sid="15" onid="20" tsid="26" />
    <channel service_ref="1:0:1:000d:001a:0014:02ad0000:0:0:0:" name="HC Zambia" service_name="HC Zambia" provider="Hope Channel" sid="13" onid="20" tsid="26" />
    <channel service_ref="1:0:1:000d:0001:0001:02ad3112:0:0:0:" name="MCTV Global 02" service_name="MCTV Global 02" provider="ViewMedia" sid="13" onid="1" tsid="1" />
  </bouquet>
  <bouquet name="International" category="tv">
    <channel service_ref="1:0:25:0001:0001:0001:02ad3112:0:0:0:" name="LoveWorld SAT" service_name="LoveWorld SAT" provider="ViewMedia" sid="1" onid="1" tsid="1" />
  </bouquet>
  <bouquet name="Others" category="tv">
    <channel service_ref="1:0:1:001e:0001:0001:02ad3112:0:0:0:" name="ACNN TV" service_name="ACNN TV" provider="ViewMedia" sid="30" onid="1" tsid="1" />
    <channel service_ref="1:0:25:000e:001a:0014:02ad0000:0:0:0:" name="Amazing Facts" service_name="Amazing Facts" provider="iKO Media Group" sid="14" onid="20" tsid="26" />
    <channel service_ref="1:0:1:00e4:0002:0049:02ad0000:0:0:0:" name="Ambience TV" service_name="Ambience TV" provider="Sentech" sid="228" onid="73" tsid="2" />
    <channel service_ref="1:0:1:0002:0022:0014:02ad0000:0:0:0:" name="Amen TV" service_name="Amen TV" provider="ViewMedia" sid="2" onid="20" tsid="34" />
    <channel service_ref="1:0:1:c670:0006:0049:02ad0000:0:0:0:" name="ANGEL TV" service_name="ANGEL TV" provider="STN PLC" sid="50800" onid="73" tsid="6" />
    <channel service_ref="1:0:1:00e0:0002:0049:02ad0000:0:0:0:" name="APTIM TV" service_name="APTIM TV" provider="SENTECH" sid="224" onid="73" tsid="2" />
    <channel service_ref="1:0:1:010b:0005:0049:02ad0000:0:0:0:" name="APTIM TV" service_name="APTIM TV" provider="Sentech" sid="267" onid="73" tsid="5" />
    <channel service_ref="1:0:1:0003:001a:0014:02ad0000:0:0:0:" name="AVO - Channels TV" service_name="AVO - Channels TV" provider="ViewMedia" sid="3" onid="20" tsid="26" />
    <channel service_ref="1:0:1:0007:001a:0014:02ad0000:0:0:0:" name="AVO - TVC Entertainment" service_name="AVO - TVC Entertainment" provider="ViewMedia" sid="7" onid="20" tsid="26" />
    <channel service_ref="1:0:1:0004:001a:0014:02ad0000:0:0:0:" name="AVO - WAP TV" service_name="AVO - WAP TV" provider="ViewMedia" sid="4" onid="20" tsid="26" />
    <channel service_ref="1:0:1:000f:0001:0001:02ad3112:0:0:0:" name="Bible Explorations TV" service_name="Bible Explorations TV" provider="ViewMedia" sid="15" onid="1" tsid="1" />
    <channel service_ref="1:0:1:00eb:0005:0049:02ad0000:0:0:0:" name="BLESSED TV" service_name="BLESSED TV" provider="SENTECH" sid="235" onid="73" tsid="5" />
    <channel service_ref="1:0:1:000e:0001:0001:02adb15a:0:0:0:" name="BTV 1" service_name="BTV 1" provider="DBS" sid="14" onid="1" tsid="1" />
    <channel service_ref="1:0:1:0012:0001:0001:02adb15a:0:0:0:" name="BTV 2" service_name="BTV 2" provider="DBS" sid="18" onid="1" tsid="1" />
    <channel service_ref="1:0:1:0001:0001:ffff:02adb171:0:0:0:" name="BTV ENC A" service_name="BTV ENC A" provider="DBS" sid="1" onid="65535" tsid="1" />
    <channel service_ref="1:0:1:001a:0001:0001:02adb15a:0:0:0:" name="BTV Mobile" service_name="BTV Mobile" provider="DBS" sid="26" onid="1" tsid="1" />
    <channel service_ref="1:0:1:00cf:0002:0049:02ad0000:0:0:0:" name="Champions TV Plus" service_name="Champions TV Plus" provider="SENTECH" sid="207" onid="73" tsid="2" />
    <channel service_ref="1:0:1:010a:0005:0049:02ad0000:0:0:0:" name="Champions TV Plus" service_name="Champions TV Plus" provider="Sentech" sid="266" onid="73" tsid="5" />
    <channel service_ref="1:0:1:000a:0001:0001:02ad3112:0:0:0:" name="Chosen TV" service_name="Chosen TV" provider="ViewMedia" sid="10" onid="1" tsid="1" />
    <channel service_ref="1:0:1:0006:0001:0001:02ad3112:0:0:0:" name="COZA TV" service_name="COZA TV" provider="ViewMedia" sid="6" onid="1" tsid="1" />
    <channel service_ref="1:0:1:001c:0001:0001:02ad3112:0:0:0:" name="CVV TV" service_name="CVV TV" provider="ViewMedia" sid="28" onid="1" tsid="1" />
    <channel service_ref="1:0:1:c57f:0006:0049:02ad0000:0:0:0:" name="DAYSTAR" service_name="DAYSTAR" provider="DTK-SATELIO" sid="50559" onid="73" tsid="6" />
    <channel service_ref="1:0:1:00e8:0005:0049:02ad0000:0:0:0:" name="Divine Hand TV" service_name="Divine Hand TV" provider="Sentech" sid="232" onid="73" tsid="5" />
    <channel service_ref="1:0:1:001a:0001:0001:02ad3112:0:0:0:" name="Dove Entertainment" service_name="Dove Entertainment" provider="ViewMedia" sid="26" onid="1" tsid="1" />
    <channel service_ref="1:0:1:000b:0001:0001:02ad3112:0:0:0:" name="DOVE TV" service_name="DOVE TV" provider="ViewMedia" sid="11" onid="1" tsid="1" />
    <channel service_ref="1:0:1:00d4:0005:0049:02ad0000:0:0:0:" name="DUNAMIS TV" service_name="DUNAMIS TV" provider="SENTECH" sid="212" onid="73" tsid="5" />
    <channel service_ref="1:0:1:00ea:0005:0049:02ad0000:0:0:0:" name="EBENZER TV" service_name="EBENZER TV" provider="SENTECH" sid="234" onid="73" tsid="5" />
    <channel service_ref="1:0:1:c585:0006:0049:02ad0000:0:0:0:" name="EMMANUEL TV HD" service_name="EMMANUEL TV HD" provider="DTK-SATELIO" sid="50565" onid="73" tsid="6" />
    <channel service_ref="1:0:1:007f:0005:0049:02ad0000:0:0:0:" name="Encounter Jesus TV" service_name="Encounter Jesus TV" provider="Sentech" sid="127" onid="73" tsid="5" />
    <channel service_ref="1:0:1:0033:0002:0049:02ad0000:0:0:0:" name="Encounter Jesus TV2" service_name="Encounter Jesus TV2" provider="Sentech" sid="51" onid="73" tsid="2" />
    <channel service_ref="1:0:1:0042:0005:0049:02ad0000:0:0:0:" name="Encounter TV" service_name="Encounter TV" provider="Sentech" sid="66" onid="73" tsid="5" />
    <channel service_ref="1:0:1:c582:0006:0049:02ad0000:0:0:0:" name="Ezekiel HD" service_name="Ezekiel HD" provider="DTK-SATELIO" sid="50562" onid="73" tsid="6" />
    <channel service_ref="1:0:1:003a:0002:0049:02ad0000:0:0:0:" name="FANO TV" service_name="FANO TV" provider="SENTECH" sid="58" onid="73" tsid="2" />
    <channel service_ref="1:0:1:0005:0001:0001:02ad3112:0:0:0:" name="Flame TV" service_name="Flame TV" provider="ViewMedia" sid="5" onid="1" tsid="1" />
    <channel service_ref="1:0:1:006a:0002:0049:02ad0000:0:0:0:" name="Free Indeed TV" service_name="Free Indeed TV" provider="Sentech" sid="106" onid="73" tsid="2" />
    <channel service_ref="1:0:1:006a:0005:0049:02ad0000:0:0:0:" name="Free Indeed TV" service_name="Free Indeed TV" provider="Sentech" sid="106" onid="73" tsid="5" />
    <channel service_ref="1:0:25:000a:001a:0014:02ad0000:0:0:0:" name="Freedom on air HD" service_name="Freedom on air HD" provider="" sid="10" onid="20" tsid="26" />
    <channel service_ref="1:0:1:000b:001a:0014:02ad0000:0:0:0:" name="Freedom on air SD" service_name="Freedom on air SD" provider="" sid="11" onid="20" tsid="26" />
    <channel service_ref="1:0:1:0005:0022:0014:02ad0000:0:0:0:" name="Full Life TV" service_name="Full Life TV" provider="ViewMedia" sid="5" onid="20" tsid="34" />
    <channel service_ref="1:0:1:00f2:0005:0049:02ad0000:0:0:0:" name="Full Life TV" service_name="Full Life TV" provider="Sentech" sid="242" onid="73" tsid="5" />
    <channel service_ref="1:0:1:0004:0022:0014:02ad0000:0:0:0:" name="GFN Soccer" service_name="GFN Soccer" provider="ViewMedia" sid="4" onid="20" tsid="34" />
    <channel service_ref="1:0:1:00f5:0005:0049:02ad0000:0:0:0:" name="GNF TV" service_name="GNF TV" provider="SENTECH" sid="245" onid="73" tsid="5" />
    <channel service_ref="1:0:1:0003:0001:0001:02ad3112:0:0:0:" name="Homebase TV" service_name="Homebase TV" provider="ViewMedia" sid="3" onid="1" tsid="1" />
    <channel service_ref="1:0:1:0005:001a:0014:02ad0000:0:0:0:" name="Honor TV Ibadan" service_name="Honor TV Ibadan" provider="ViewMedia" sid="5" onid="20" tsid="26" />
    <channel service_ref="1:0:1:010f:0002:0049:02ad0000:0:0:0:" name="Impact Voice Network" service_name="Impact Voice Network" provider="Sentech" sid="271" onid="73" tsid="2" />
    <channel service_ref="1:0:1:0028:0022:0014:02ad0000:0:0:0:" name="Intelsat FUS Test" service_name="Intelsat FUS Test" provider="Intelsat" sid="40" onid="20" tsid="34" />
    <channel service_ref="1:0:1:00c8:0022:0014:02ad0000:0:0:0:" name="Intelsat FUS Test" service_name="Intelsat FUS Test" provider="Intelsat" sid="200" onid="20" tsid="34" />
    <channel service_ref="1:0:1:0010:0001:0001:02adb15a:0:0:0:" name="KhudugaHD" service_name="KhudugaHD" provider="DBS" sid="16" onid="1" tsid="1" />
    <channel service_ref="1:0:1:0013:0001:0001:02ad3112:0:0:0:" name="KICC TV" service_name="KICC TV" provider="ViewMedia" sid="19" onid="1" tsid="1" />
    <channel service_ref="1:0:1:000c:0001:0001:02ad3112:0:0:0:" name="Kingdom TV" service_name="Kingdom TV" provider="ViewMedia" sid="12" onid="1" tsid="1" />
    <channel service_ref="1:0:1:007d:0002:0049:02ad0000:0:0:0:" name="KLN" service_name="KLN" provider="SENTECH" sid="125" onid="73" tsid="2" />
    <channel service_ref="1:0:1:006c:0005:0049:02ad0000:0:0:0:" name="KLN TV" service_name="KLN TV" provider="Sentech" sid="108" onid="73" tsid="5" />
    <channel service_ref="1:0:1:00e2:0002:0049:02ad0000:0:0:0:" name="Liberation TV" service_name="Liberation TV" provider="Sentech" sid="226" onid="73" tsid="2" />
    <channel service_ref="1:0:1:010c:0005:0049:02ad0000:0:0:0:" name="Liberation TV" service_name="Liberation TV" provider="Sentech" sid="268" onid="73" tsid="5" />
    <channel service_ref="1:0:1:0004:0001:0001:02ad3112:0:0:0:" name="LN24 International" service_name="LN24 International" provider="ViewMedia" sid="4" onid="1" tsid="1" />
    <channel service_ref="1:0:1:006b:0005:0049:02ad0000:0:0:0:" name="Mercy TV Plus" service_name="Mercy TV Plus" provider="Sentech" sid="107" onid="73" tsid="5" />
    <channel service_ref="1:0:1:006d:0002:0049:02ad0000:0:0:0:" name="Mercy TV Plus" service_name="Mercy TV Plus" provider="SENTECH" sid="109" onid="73" tsid="2" />
    <channel service_ref="1:0:1:004b:0005:0049:02ad0000:0:0:0:" name="MERIBA TV" service_name="MERIBA TV" provider="SENTECH" sid="75" onid="73" tsid="5" />
    <channel service_ref="1:0:1:0010:0001:0001:02ad3112:0:0:0:" name="Miracle TV" service_name="Miracle TV" provider="ViewMedia" sid="16" onid="1" tsid="1" />
    <channel service_ref="1:0:1:00de:0005:0049:02ad0000:0:0:0:" name="NEW JERUSALEM" service_name="NEW JERUSALEM" provider="Sentech" sid="222" onid="73" tsid="5" />
    <channel service_ref="1:0:1:0091:0001:0e26:02ad0000:0:0:0:" name="PRESS TV" service_name="PRESS TV" provider="IRIB" sid="145" onid="3622" tsid="1" />
    <channel service_ref="1:0:1:002d:0002:0049:02ad0000:0:0:0:" name="Prophetic" service_name="Prophetic" provider="Sentech" sid="45" onid="73" tsid="2" />
    <channel service_ref="1:0:1:0045:0005:0049:02ad0000:0:0:0:" name="Prophetic Channel" service_name="Prophetic Channel" provider="Sentech" sid="69" onid="73" tsid="5" />
    <channel service_ref="1:0:1:0001:001a:0014:02ad0000:0:0:0:" name="Rapid TV" service_name="Rapid TV" provider="Quickstream" sid="1" onid="20" tsid="26" />
    <channel service_ref="1:0:1:00d9:0005:0049:02ad0000:0:0:0:" name="REMITE TV" service_name="REMITE TV" provider="Sentech" sid="217" onid="73" tsid="5" />
    <channel service_ref="1:0:1:0043:0005:0049:02ad0000:0:0:0:" name="RHEMA TV" service_name="RHEMA TV" provider="Sentech" sid="67" onid="73" tsid="5" />
    <channel service_ref="1:0:1:001f:0001:0001:02ad3112:0:0:0:" name="ROV TV" service_name="ROV TV" provider="ViewMedia" sid="31" onid="1" tsid="1" />
    <channel service_ref="1:0:1:0035:0002:0049:02ad0000:0:0:0:" name="RTM TV" service_name="RTM TV" provider="Sentech" sid="53" onid="73" tsid="2" />
    <channel service_ref="1:0:1:006d:0005:0049:02ad0000:0:0:0:" name="RTM TV" service_name="RTM TV" provider="Sentech" sid="109" onid="73" tsid="5" />
    <channel service_ref="1:0:25:0009:0001:0001:02ad3112:0:0:0:" name="Salvation TV" service_name="Salvation TV" provider="ViewMedia" sid="9" onid="1" tsid="1" />
    <channel service_ref="1:0:1:0007:0001:0001:02ad3112:0:0:0:" name="Samuel Mutendi TV" service_name="Samuel Mutendi TV" provider="ViewMedia" sid="7" onid="1" tsid="1" />
    <channel service_ref="1:0:1:00e9:0005:0049:02ad0000:0:0:0:" name="SHEKINAH TV" service_name="SHEKINAH TV" provider="Sentech" sid="233" onid="73" tsid="5" />
    <channel service_ref="1:0:1:0002:0001:0001:02ad3112:0:0:0:" name="Sonlife" service_name="Sonlife" provider="ViewMedia" sid="2" onid="1" tsid="1" />
    <channel service_ref="1:0:1:c577:0006:0049:02ad0000:0:0:0:" name="SPARE" service_name="SPARE" provider="DTK-SATELIO" sid="50551" onid="73" tsid="6" />
    <channel service_ref="1:0:1:c576:0006:0049:02ad0000:0:0:0:" name="SPARE1" service_name="SPARE1" provider="DTK-SATELIO" sid="50550" onid="73" tsid="6" />
    <channel service_ref="1:0:1:001b:0001:0001:02ad3112:0:0:0:" name="SYNAGOGUE TV" service_name="SYNAGOGUE TV" provider="ViewMedia" sid="27" onid="1" tsid="1" />
    <channel service_ref="1:0:1:00f1:0005:0049:02ad0000:0:0:0:" name="Temple TV" service_name="Temple TV" provider="SENTECH" sid="241" onid="73" tsid="5" />
    <channel service_ref="1:0:1:00f3:0005:0049:02ad0000:0:0:0:" name="Truth TV" service_name="Truth TV" provider="Sentech" sid="243" onid="73" tsid="5" />
    <channel service_ref="1:0:1:002a:0002:0049:02ad0000:0:0:0:" name="UBN" service_name="UBN" provider="UBN" sid="42" onid="73" tsid="2" />
    <channel service_ref="1:0:1:0044:0005:0049:02ad0000:0:0:0:" name="UBN" service_name="UBN" provider="Sentech" sid="68" onid="73" tsid="5" />
    <channel service_ref="1:0:1:007e:0005:0049:02ad0000:0:0:0:" name="WRM TV" service_name="WRM TV" provider="Sentech" sid="126" onid="73" tsid="5" />
    <channel service_ref="1:0:1:0013:0001:0001:02adb15a:0:0:0:" name="YTV Botswana" service_name="YTV Botswana" provider="DBS" sid="19" onid="1" tsid="1" />
  </bouquet>
  <bouquet name="Radio" category="radio">
    <channel service_ref="1:0:2:005f:001a:0014:02ad0000:0:0:0:" name="AWR SID Radio" service_name="AWR SID Radio" provider="Hope Channel" sid="95" onid="20" tsid="26" />
    <channel service_ref="1:0:2:005b:001a:0014:02ad0000:0:0:0:" name="AWR Tanzania" service_name="AWR Tanzania" provider="Hope Channel" sid="91" onid="20" tsid="26" />
    <channel service_ref="1:0:2:005d:0002:0049:02ad0000:0:0:0:" name="ChAfr" service_name="ChAfr" provider="ChAfr" sid="93" onid="73" tsid="2" />
    <channel service_ref="1:0:2:014b:0005:0049:02ad0000:0:0:0:" name="Channel Africa_new" service_name="Channel Africa_new" provider="Sentech" sid="331" onid="73" tsid="5" />
    <channel service_ref="1:0:2:008d:0002:0049:02ad0000:0:0:0:" name="Cii" service_name="Cii" provider="Sentech" sid="141" onid="73" tsid="2" />
    <channel service_ref="1:0:2:005a:0005:0049:02ad0000:0:0:0:" name="Cii_new" service_name="Cii_new" provider="Sentech" sid="90" onid="73" tsid="5" />
    <channel service_ref="1:0:2:005d:001a:0014:02ad0000:0:0:0:" name="Malawi Adventist Radio" service_name="Malawi Adventist Radio" provider="Hope Channel" sid="93" onid="20" tsid="26" />
    <channel service_ref="1:0:2:c57d:0006:0049:02ad0000:0:0:0:" name="Markaz Sahaba" service_name="Markaz Sahaba" provider="DTK-SATELIO" sid="50557" onid="73" tsid="6" />
    <channel service_ref="1:0:2:0093:0001:0e26:02ad0000:0:0:0:" name="RADIO 06 WORLD SERVICE" service_name="RADIO 06 WORLD SERVICE" provider="IRIB" sid="147" onid="3622" tsid="1" />
    <channel service_ref="1:0:2:008f:0002:0049:02ad0000:0:0:0:" name="Radio Islam" service_name="Radio Islam" provider="Sentech" sid="143" onid="73" tsid="2" />
    <channel service_ref="1:0:2:005c:0005:0049:02ad0000:0:0:0:" name="Radio Islam_new" service_name="Radio Islam_new" provider="Sentech" sid="92" onid="73" tsid="5" />
    <channel service_ref="1:0:2:005c:001a:0014:02ad0000:0:0:0:" name="Radio Maranatha" service_name="Radio Maranatha" provider="Hope Channel" sid="92" onid="20" tsid="26" />
    <channel service_ref="1:0:2:005e:001a:0014:02ad0000:0:0:0:" name="Radio Novo Tempo" service_name="Radio Novo Tempo" provider="Hope Channel" sid="94" onid="20" tsid="26" />
    <channel service_ref="1:0:2:008e:0002:0049:02ad0000:0:0:0:" name="Salaamedia" service_name="Salaamedia" provider="Sentech" sid="142" onid="73" tsid="2" />
    <channel service_ref="1:0:2:005b:0005:0049:02ad0000:0:0:0:" name="Salaamedia_new" service_name="Salaamedia_new" provider="Sentech" sid="91" onid="73" tsid="5" />
  </bouquet>
</zapit>
