<?xml version='1.0' encoding='utf-8'?>
<zapit>
  <bouquet name="General" category="tv">
    <channel service_ref="1:0:1:00f9:13a8:217c:eeee0000:0:0:0:" name="LOMBARDIA TV 585" service_name="LOMBARDIA TV 585" provider="RETE 7 DIGITALE" sid="249" onid="8572" tsid="5032" />
    <channel service_ref="1:0:1:03e9:13a8:217c:eeee0000:0:0:0:" name="NORDOVEST 7 VDA" service_name="NORDOVEST 7 VDA" provider="RETE 7 DIGITALE" sid="1001" onid="8572" tsid="5032" />
    <channel service_ref="1:0:1:00b1:13a8:217c:eeee0000:0:0:0:" name="Odeon 24" service_name="Odeon 24" provider="BeS" sid="177" onid="8572" tsid="5032" />
    <channel service_ref="1:0:1:0002:13a8:217c:eeee0000:0:0:0:" name="People TV" service_name="People TV" provider="RETE 7 DIGITALE" sid="2" onid="8572" tsid="5032" />
    <channel service_ref="1:0:1:006e:13a8:217c:eeee0000:0:0:0:" name="PIEMONTE +" service_name="PIEMONTE +" provider="RETE 7 DIGITALE" sid="110" onid="8572" tsid="5032" />
    <channel service_ref="1:0:1:0003:13a8:217c:eeee0000:0:0:0:" name="RETE 7" service_name="RETE 7" provider="RETE 7 DIGITALE" sid="3" onid="8572" tsid="5032" />
    <channel service_ref="1:0:1:005b:13a8:217c:eeee0000:0:0:0:" name="SUPERTV TO" service_name="SUPERTV TO" provider="SSBT" sid="91" onid="8572" tsid="5032" />
    <channel service_ref="1:0:1:032e:13a8:217c:eeee0000:0:0:0:" name="SUPERTV TO" service_name="SUPERTV TO" provider="SSBT" sid="814" onid="8572" tsid="5032" />
    <channel service_ref="1:0:1:0027:13a8:217c:eeee0000:0:0:0:" name="TELE RITMO" service_name="TELE RITMO" provider="PIRENEI" sid="39" onid="8572" tsid="5032" />
    <channel service_ref="1:0:1:000c:13a8:217c:eeee0000:0:0:0:" name="TeleCupole" service_name="TeleCupole" provider="PROVIDER" sid="12" onid="8572" tsid="5032" />
    <channel service_ref="1:0:1:00ba:13a8:217c:eeee0000:0:0:0:" name="teleGRANDA" service_name="teleGRANDA" provider="PROVIDER" sid="186" onid="8572" tsid="5032" />
    <channel service_ref="1:0:1:010b:13a8:217c:eeee0000:0:0:0:" name="TELENORD" service_name="TELENORD" provider="TELENORD" sid="267" onid="8572" tsid="5032" />
    <channel service_ref="1:0:1:02a3:13a8:217c:eeee0000:0:0:0:" name="VCO AZZURRA TV" service_name="VCO AZZURRA TV" provider="RETE 7 DIGITALE" sid="675" onid="8572" tsid="5032" />
    <channel service_ref="1:0:1:03ef:13a8:217c:eeee0000:0:0:0:" name="Videonord" service_name="Videonord" provider="VIDEONORD" sid="1007" onid="8572" tsid="5032" />
    <channel service_ref="1:0:1:0001:13a8:217c:eeee0000:0:0:0:" name="VIDEONOVARA" service_name="VIDEONOVARA" provider="PIRENEI" sid="1" onid="8572" tsid="5032" />
  </bouquet>
  <bouquet name="ARD/ZDF" category="tv">
    <channel service_ref="1:0:1:00f9:13a8:217c:eeee0000:0:0:0:" name="LOMBARDIA TV 585" service_name="LOMBARDIA TV 585" provider="RETE 7 DIGITALE" sid="249" onid="8572" tsid="5032" />
  </bouquet>
  <bouquet name="Switzerland" category="tv">
    <channel service_ref="1:0:1:0027:13a8:217c:eeee0000:0:0:0:" name="TELE RITMO" service_name="TELE RITMO" provider="PIRENEI" sid="39" onid="8572" tsid="5032" />
    <channel service_ref="1:0:1:000c:13a8:217c:eeee0000:0:0:0:" name="TeleCupole" service_name="TeleCupole" provider="PROVIDER" sid="12" onid="8572" tsid="5032" />
    <channel service_ref="1:0:1:00ba:13a8:217c:eeee0000:0:0:0:" name="teleGRANDA" service_name="teleGRANDA" provider="PROVIDER" sid="186" onid="8572" tsid="5032" />
    <channel service_ref="1:0:1:010b:13a8:217c:eeee0000:0:0:0:" name="TELENORD" service_name="TELENORD" provider="TELENORD" sid="267" onid="8572" tsid="5032" />
  </bouquet>
  <bouquet name="International" category="tv">
    <channel service_ref="1:0:1:03e9:13a8:217c:eeee0000:0:0:0:" name="NORDOVEST 7 VDA" service_name="NORDOVEST 7 VDA" provider="RETE 7 DIGITALE" sid="1001" onid="8572" tsid="5032" />
    <channel service_ref="1:0:1:0002:13a8:217c:eeee0000:0:0:0:" name="People TV" service_name="People TV" provider="RETE 7 DIGITALE" sid="2" onid="8572" tsid="5032" />
    <channel service_ref="1:0:1:006e:13a8:217c:eeee0000:0:0:0:" name="PIEMONTE +" service_name="PIEMONTE +" provider="RETE 7 DIGITALE" sid="110" onid="8572" tsid="5032" />
    <channel service_ref="1:0:1:0003:13a8:217c:eeee0000:0:0:0:" name="RETE 7" service_name="RETE 7" provider="RETE 7 DIGITALE" sid="3" onid="8572" tsid="5032" />
    <channel service_ref="1:0:1:02a3:13a8:217c:eeee0000:0:0:0:" name="VCO AZZURRA TV" service_name="VCO AZZURRA TV" provider="RETE 7 DIGITALE" sid="675" onid="8572" tsid="5032" />
    <channel service_ref="1:0:1:0001:13a8:217c:eeee0000:0:0:0:" name="VIDEONOVARA" service_name="VIDEONOVARA" provider="PIRENEI" sid="1" onid="8572" tsid="5032" />
  </bouquet>
  <bouquet name="Others" category="tv">
    <channel service_ref="1:0:1:00b1:13a8:217c:eeee0000:0:0:0:" name="Odeon 24" service_name="Odeon 24" provider="BeS" sid="177" onid="8572" tsid="5032" />
    <channel service_ref="1:0:1:005b:13a8:217c:eeee0000:0:0:0:" name="SUPERTV TO" service_name="SUPERTV TO" provider="SSBT" sid="91" onid="8572" tsid="5032" />
    <channel service_ref="1:0:1:032e:13a8:217c:eeee0000:0:0:0:" name="SUPERTV TO" service_name="SUPERTV TO" provider="SSBT" sid="814" onid="8572" tsid="5032" />
    <channel service_ref="1:0:1:03ef:13a8:217c:eeee0000:0:0:0:" name="Videonord" service_name="Videonord" provider="VIDEONORD" sid="1007" onid="8572" tsid="5032" />
  </bouquet>
  <bouquet name="Radio" category="radio">
    <channel service_ref="1:0:2:0012:13a8:217c:eeee0000:0:0:0:" name="PARTYGROOVE RADIO" service_name="PARTYGROOVE RADIO" provider="RETE 7 DIGITALE" sid="18" onid="8572" tsid="5032" />
    <channel service_ref="1:0:2:0011:13a8:217c:eeee0000:0:0:0:" name="RADIO MANILA" service_name="RADIO MANILA" provider="RETE 7 DIGITALE" sid="17" onid="8572" tsid="5032" />
    <channel service_ref="1:0:2:0010:13a8:217c:eeee0000:0:0:0:" name="Radio Studio Aperto" service_name="Radio Studio Aperto" provider="RETE 7 DIGITALE" sid="16" onid="8572" tsid="5032" />
    <channel service_ref="1:0:2:000e:13a8:217c:eeee0000:0:0:0:" name="Radio Veronica" service_name="Radio Veronica" provider="RETE 7 DIGITALE" sid="14" onid="8572" tsid="5032" />
  </bouquet>
  <bouquet name="Digitale Terrestre" category="tv">
    <channel service_ref="1:0:1:3e9:13a8:217c:eeee0000:0:0:0:" name="NORDOVEST 7 VDA" service_name="NORDOVEST 7 VDA" provider="RETE 7 DIGITALE" sid="1001" onid="8572" tsid="5032" />
    <channel service_ref="1:0:1:b1:13a8:217c:eeee0000:0:0:0:" name="Odeon 24" service_name="Odeon 24" provider="BeS" sid="177" onid="8572" tsid="5032" />
    <channel service_ref="1:0:1:2:13a8:217c:eeee0000:0:0:0:" name="People TV" service_name="People TV" provider="RETE 7 DIGITALE" sid="2" onid="8572" tsid="5032" />
    <channel service_ref="1:0:1:6e:13a8:217c:eeee0000:0:0:0:" name="PIEMONTE +" service_name="PIEMONTE +" provider="RETE 7 DIGITALE" sid="110" onid="8572" tsid="5032" />
    <channel service_ref="1:0:1:3:13a8:217c:eeee0000:0:0:0:" name="RETE 7" service_name="RETE 7" provider="RETE 7 DIGITALE" sid="3" onid="8572" tsid="5032" />
    <channel service_ref="1:0:1:5b:13a8:217c:eeee0000:0:0:0:" name="SUPERTV TO" service_name="SUPERTV TO" provider="SSBT" sid="91" onid="8572" tsid="5032" />
    <channel service_ref="1:0:1:32e:13a8:217c:eeee0000:0:0:0:" name="SUPERTV TO" service_name="SUPERTV TO" provider="SSBT" sid="814" onid="8572" tsid="5032" />
    <channel service_ref="1:0:1:c:13a8:217c:eeee0000:0:0:0:" name="TeleCupole" service_name="TeleCupole" provider="PROVIDER" sid="12" onid="8572" tsid="5032" />
    <channel service_ref="1:0:1:ba:13a8:217c:eeee0000:0:0:0:" name="teleGRANDA" service_name="teleGRANDA" provider="PROVIDER" sid="186" onid="8572" tsid="5032" />
    <channel service_ref="1:0:1:3ef:13a8:217c:eeee0000:0:0:0:" name="Videonord" service_name="Videonord" provider="VIDEONORD" sid="1007" onid="8572" tsid="5032" />
    <channel service_ref="1:0:1:1:13a8:217c:eeee0000:0:0:0:" name="VIDEONOVARA" service_name="VIDEONOVARA" provider="PIRENEI" sid="1" onid="8572" tsid="5032" />
  </bouquet>
  <bouquet name="Digitale Terrestre" category="tv">
    <channel service_ref="1:0:1:3:13a8:217c:eeee0000:0:0:0:" name="RETE 7" service_name="RETE 7" provider="RETE 7 DIGITALE" sid="3" onid="8572" tsid="5032" />
    <channel service_ref="1:0:1:3e9:13a8:217c:eeee0000:0:0:0:" name="NORDOVEST 7 VDA" service_name="NORDOVEST 7 VDA" provider="RETE 7 DIGITALE" sid="1001" onid="8572" tsid="5032" />
    <channel service_ref="1:0:1:b1:13a8:217c:eeee0000:0:0:0:" name="Odeon 24" service_name="Odeon 24" provider="BeS" sid="177" onid="8572" tsid="5032" />
    <channel service_ref="1:0:1:2:13a8:217c:eeee0000:0:0:0:" name="People TV" service_name="People TV" provider="RETE 7 DIGITALE" sid="2" onid="8572" tsid="5032" />
    <channel service_ref="1:0:1:6e:13a8:217c:eeee0000:0:0:0:" name="PIEMONTE +" service_name="PIEMONTE +" provider="RETE 7 DIGITALE" sid="110" onid="8572" tsid="5032" />
    <channel service_ref="1:0:1:5b:13a8:217c:eeee0000:0:0:0:" name="SUPERTV TO" service_name="SUPERTV TO" provider="SSBT" sid="91" onid="8572" tsid="5032" />
    <channel service_ref="1:0:1:32e:13a8:217c:eeee0000:0:0:0:" name="SUPERTV TO" service_name="SUPERTV TO" provider="SSBT" sid="814" onid="8572" tsid="5032" />
    <channel service_ref="1:0:1:c:13a8:217c:eeee0000:0:0:0:" name="TeleCupole" service_name="TeleCupole" provider="PROVIDER" sid="12" onid="8572" tsid="5032" />
    <channel service_ref="1:0:1:ba:13a8:217c:eeee0000:0:0:0:" name="teleGRANDA" service_name="teleGRANDA" provider="PROVIDER" sid="186" onid="8572" tsid="5032" />
    <channel service_ref="1:0:1:3ef:13a8:217c:eeee0000:0:0:0:" name="Videonord" service_name="Videonord" provider="VIDEONORD" sid="1007" onid="8572" tsid="5032" />
    <channel service_ref="1:0:1:1:13a8:217c:eeee0000:0:0:0:" name="VIDEONOVARA" service_name="VIDEONOVARA" provider="PIRENEI" sid="1" onid="8572" tsid="5032" />
  </bouquet>
  <bouquet name="Digitale Terrestre                         by Gerry" category="tv">
    <channel service_ref="1:0:1:3e9:13a8:217c:eeee0000:0:0:0:" name="NORDOVEST 7 VDA" service_name="NORDOVEST 7 VDA" provider="RETE 7 DIGITALE" sid="1001" onid="8572" tsid="5032" />
    <channel service_ref="1:0:1:b1:13a8:217c:eeee0000:0:0:0:" name="Odeon 24" service_name="Odeon 24" provider="BeS" sid="177" onid="8572" tsid="5032" />
    <channel service_ref="1:0:1:2:13a8:217c:eeee0000:0:0:0:" name="People TV" service_name="People TV" provider="RETE 7 DIGITALE" sid="2" onid="8572" tsid="5032" />
    <channel service_ref="1:0:1:6e:13a8:217c:eeee0000:0:0:0:" name="PIEMONTE +" service_name="PIEMONTE +" provider="RETE 7 DIGITALE" sid="110" onid="8572" tsid="5032" />
    <channel service_ref="1:0:1:3:13a8:217c:eeee0000:0:0:0:" name="RETE 7" service_name="RETE 7" provider="RETE 7 DIGITALE" sid="3" onid="8572" tsid="5032" />
    <channel service_ref="1:0:1:5b:13a8:217c:eeee0000:0:0:0:" name="SUPERTV TO" service_name="SUPERTV TO" provider="SSBT" sid="91" onid="8572" tsid="5032" />
    <channel service_ref="1:0:1:32e:13a8:217c:eeee0000:0:0:0:" name="SUPERTV TO" service_name="SUPERTV TO" provider="SSBT" sid="814" onid="8572" tsid="5032" />
    <channel service_ref="1:0:1:c:13a8:217c:eeee0000:0:0:0:" name="TeleCupole" service_name="TeleCupole" provider="PROVIDER" sid="12" onid="8572" tsid="5032" />
    <channel service_ref="1:0:1:ba:13a8:217c:eeee0000:0:0:0:" name="teleGRANDA" service_name="teleGRANDA" provider="PROVIDER" sid="186" onid="8572" tsid="5032" />
    <channel service_ref="1:0:1:3ef:13a8:217c:eeee0000:0:0:0:" name="Videonord" service_name="Videonord" provider="VIDEONORD" sid="1007" onid="8572" tsid="5032" />
    <channel service_ref="1:0:1:1:13a8:217c:eeee0000:0:0:0:" name="VIDEONOVARA" service_name="VIDEONOVARA" provider="PIRENEI" sid="1" onid="8572" tsid="5032" />
  </bouquet>
  <bouquet name="Digitale Terrestre                  by Gerry" category="tv">
    <channel service_ref="1:0:1:3e9:13a8:217c:eeee0000:0:0:0:" name="NORDOVEST 7 VDA" service_name="NORDOVEST 7 VDA" provider="RETE 7 DIGITALE" sid="1001" onid="8572" tsid="5032" />
    <channel service_ref="1:0:1:b1:13a8:217c:eeee0000:0:0:0:" name="Odeon 24" service_name="Odeon 24" provider="BeS" sid="177" onid="8572" tsid="5032" />
    <channel service_ref="1:0:1:2:13a8:217c:eeee0000:0:0:0:" name="People TV" service_name="People TV" provider="RETE 7 DIGITALE" sid="2" onid="8572" tsid="5032" />
    <channel service_ref="1:0:1:6e:13a8:217c:eeee0000:0:0:0:" name="PIEMONTE +" service_name="PIEMONTE +" provider="RETE 7 DIGITALE" sid="110" onid="8572" tsid="5032" />
    <channel service_ref="1:0:1:3:13a8:217c:eeee0000:0:0:0:" name="RETE 7" service_name="RETE 7" provider="RETE 7 DIGITALE" sid="3" onid="8572" tsid="5032" />
    <channel service_ref="1:0:1:5b:13a8:217c:eeee0000:0:0:0:" name="SUPERTV TO" service_name="SUPERTV TO" provider="SSBT" sid="91" onid="8572" tsid="5032" />
    <channel service_ref="1:0:1:32e:13a8:217c:eeee0000:0:0:0:" name="SUPERTV TO" service_name="SUPERTV TO" provider="SSBT" sid="814" onid="8572" tsid="5032" />
    <channel service_ref="1:0:1:c:13a8:217c:eeee0000:0:0:0:" name="TeleCupole" service_name="TeleCupole" provider="PROVIDER" sid="12" onid="8572" tsid="5032" />
    <channel service_ref="1:0:1:ba:13a8:217c:eeee0000:0:0:0:" name="teleGRANDA" service_name="teleGRANDA" provider="PROVIDER" sid="186" onid="8572" tsid="5032" />
    <channel service_ref="1:0:1:3ef:13a8:217c:eeee0000:0:0:0:" name="Videonord" service_name="Videonord" provider="VIDEONORD" sid="1007" onid="8572" tsid="5032" />
    <channel service_ref="1:0:1:1:13a8:217c:eeee0000:0:0:0:" name="VIDEONOVARA" service_name="VIDEONOVARA" provider="PIRENEI" sid="1" onid="8572" tsid="5032" />
  </bouquet>
  <bouquet name="Digitale Terrestre                  By Gerry" category="tv">
    <channel service_ref="1:0:1:2a3:13a8:217c:eeee0000:0:0:0:" name="VCO AZZURRA TV" service_name="VCO AZZURRA TV" provider="RETE 7 DIGITALE" sid="675" onid="8572" tsid="5032" />
    <channel service_ref="1:0:1:3e9:13a8:217c:eeee0000:0:0:0:" name="NORDOVEST 7 VDA" service_name="NORDOVEST 7 VDA" provider="RETE 7 DIGITALE" sid="1001" onid="8572" tsid="5032" />
    <channel service_ref="1:0:1:b1:13a8:217c:eeee0000:0:0:0:" name="Odeon 24" service_name="Odeon 24" provider="BeS" sid="177" onid="8572" tsid="5032" />
    <channel service_ref="1:0:1:2:13a8:217c:eeee0000:0:0:0:" name="People TV" service_name="People TV" provider="RETE 7 DIGITALE" sid="2" onid="8572" tsid="5032" />
    <channel service_ref="1:0:1:6e:13a8:217c:eeee0000:0:0:0:" name="PIEMONTE +" service_name="PIEMONTE +" provider="RETE 7 DIGITALE" sid="110" onid="8572" tsid="5032" />
    <channel service_ref="1:0:1:3:13a8:217c:eeee0000:0:0:0:" name="RETE 7" service_name="RETE 7" provider="RETE 7 DIGITALE" sid="3" onid="8572" tsid="5032" />
    <channel service_ref="1:0:1:5b:13a8:217c:eeee0000:0:0:0:" name="SUPERTV TO" service_name="SUPERTV TO" provider="SSBT" sid="91" onid="8572" tsid="5032" />
    <channel service_ref="1:0:1:32e:13a8:217c:eeee0000:0:0:0:" name="SUPERTV TO" service_name="SUPERTV TO" provider="SSBT" sid="814" onid="8572" tsid="5032" />
    <channel service_ref="1:0:1:c:13a8:217c:eeee0000:0:0:0:" name="TeleCupole" service_name="TeleCupole" provider="PROVIDER" sid="12" onid="8572" tsid="5032" />
    <channel service_ref="1:0:1:ba:13a8:217c:eeee0000:0:0:0:" name="teleGRANDA" service_name="teleGRANDA" provider="PROVIDER" sid="186" onid="8572" tsid="5032" />
    <channel service_ref="1:0:1:3ef:13a8:217c:eeee0000:0:0:0:" name="Videonord" service_name="Videonord" provider="VIDEONORD" sid="1007" onid="8572" tsid="5032" />
    <channel service_ref="1:0:1:1:13a8:217c:eeee0000:0:0:0:" name="VIDEONOVARA" service_name="VIDEONOVARA" provider="PIRENEI" sid="1" onid="8572" tsid="5032" />
  </bouquet>
  <bouquet name="Digitale Terrestre             by Gerry" category="tv">
    <channel service_ref="1:0:1:3:13a8:217c:eeee0000:0:0:0:" name="RETE 7" service_name="RETE 7" provider="RETE 7 DIGITALE" sid="3" onid="8572" tsid="5032" />
    <channel service_ref="1:0:1:2:13a8:217c:eeee0000:0:0:0:" name="People TV" service_name="People TV" provider="RETE 7 DIGITALE" sid="2" onid="8572" tsid="5032" />
    <channel service_ref="1:0:1:1:13a8:217c:eeee0000:0:0:0:" name="VIDEONOVARA" service_name="VIDEONOVARA" provider="PIRENEI" sid="1" onid="8572" tsid="5032" />
    <channel service_ref="1:0:1:c:13a8:217c:eeee0000:0:0:0:" name="TeleCupole" service_name="TeleCupole" provider="PROVIDER" sid="12" onid="8572" tsid="5032" />
    <channel service_ref="1:0:1:5b:13a8:217c:eeee0000:0:0:0:" name="SUPERTV TO" service_name="SUPERTV TO" provider="SSBT" sid="91" onid="8572" tsid="5032" />
    <channel service_ref="1:0:1:6e:13a8:217c:eeee0000:0:0:0:" name="PIEMONTE +" service_name="PIEMONTE +" provider="RETE 7 DIGITALE" sid="110" onid="8572" tsid="5032" />
    <channel service_ref="1:0:1:b1:13a8:217c:eeee0000:0:0:0:" name="Odeon 24" service_name="Odeon 24" provider="BeS" sid="177" onid="8572" tsid="5032" />
    <channel service_ref="1:0:1:ba:13a8:217c:eeee0000:0:0:0:" name="teleGRANDA" service_name="teleGRANDA" provider="PROVIDER" sid="186" onid="8572" tsid="5032" />
    <channel service_ref="1:0:1:32e:13a8:217c:eeee0000:0:0:0:" name="SUPERTV TO" service_name="SUPERTV TO" provider="SSBT" sid="814" onid="8572" tsid="5032" />
    <channel service_ref="1:0:1:3e9:13a8:217c:eeee0000:0:0:0:" name="NORDOVEST 7 VDA" service_name="NORDOVEST 7 VDA" provider="RETE 7 DIGITALE" sid="1001" onid="8572" tsid="5032" />
    <channel service_ref="1:0:1:3ef:13a8:217c:eeee0000:0:0:0:" name="Videonord" service_name="Videonord" provider="VIDEONORD" sid="1007" onid="8572" tsid="5032" />
  </bouquet>
  <bouquet name="Digitale Terrestre" category="tv">
    <channel service_ref="1:0:1:1:13a8:217c:eeee0000:0:0:0:" name="VIDEONOVARA" service_name="VIDEONOVARA" provider="PIRENEI" sid="1" onid="8572" tsid="5032" />
    <channel service_ref="1:0:1:2:13a8:217c:eeee0000:0:0:0:" name="People TV" service_name="People TV" provider="RETE 7 DIGITALE" sid="2" onid="8572" tsid="5032" />
    <channel service_ref="1:0:1:3:13a8:217c:eeee0000:0:0:0:" name="RETE 7" service_name="RETE 7" provider="RETE 7 DIGITALE" sid="3" onid="8572" tsid="5032" />
    <channel service_ref="1:0:1:c:13a8:217c:eeee0000:0:0:0:" name="TeleCupole" service_name="TeleCupole" provider="PROVIDER" sid="12" onid="8572" tsid="5032" />
    <channel service_ref="1:0:1:32e:13a8:217c:eeee0000:0:0:0:" name="SUPERTV TO" service_name="SUPERTV TO" provider="SSBT" sid="814" onid="8572" tsid="5032" />
    <channel service_ref="1:0:1:5b:13a8:217c:eeee0000:0:0:0:" name="SUPERTV TO" service_name="SUPERTV TO" provider="SSBT" sid="91" onid="8572" tsid="5032" />
    <channel service_ref="1:0:1:6e:13a8:217c:eeee0000:0:0:0:" name="PIEMONTE +" service_name="PIEMONTE +" provider="RETE 7 DIGITALE" sid="110" onid="8572" tsid="5032" />
    <channel service_ref="1:0:1:b1:13a8:217c:eeee0000:0:0:0:" name="Odeon 24" service_name="Odeon 24" provider="BeS" sid="177" onid="8572" tsid="5032" />
    <channel service_ref="1:0:1:ba:13a8:217c:eeee0000:0:0:0:" name="teleGRANDA" service_name="teleGRANDA" provider="PROVIDER" sid="186" onid="8572" tsid="5032" />
    <channel service_ref="1:0:1:3e9:13a8:217c:eeee0000:0:0:0:" name="NORDOVEST 7 VDA" service_name="NORDOVEST 7 VDA" provider="RETE 7 DIGITALE" sid="1001" onid="8572" tsid="5032" />
    <channel service_ref="1:0:1:3ef:13a8:217c:eeee0000:0:0:0:" name="Videonord" service_name="Videonord" provider="VIDEONORD" sid="1007" onid="8572" tsid="5032" />
  </bouquet>
</zapit>
