<?xml version='1.0' encoding='utf-8'?>
<zapit>
  <bouquet name="General" category="tv">
    <channel service_ref="1:0:1:0004:13c5:217c:eeee0000:0:0:0:" name="Canal6 Piemonte" service_name="Canal6 Piemonte" provider="TL" sid="4" onid="8572" tsid="5061" />
    <channel service_ref="1:0:1:000b:13c5:217c:eeee0000:0:0:0:" name="Channel 4x4" service_name="Channel 4x4" provider="TL" sid="11" onid="8572" tsid="5061" />
    <channel service_ref="1:0:1:000c:13c5:217c:eeee0000:0:0:0:" name="Radio Evangelo" service_name="Radio Evangelo" provider="TL" sid="12" onid="8572" tsid="5061" />
    <channel service_ref="1:0:1:0009:13c5:217c:eeee0000:0:0:0:" name="Supercinema1" service_name="Supercinema1" provider="TL" sid="9" onid="8572" tsid="5061" />
    <channel service_ref="1:0:1:0005:13c5:217c:eeee0000:0:0:0:" name="Supercinema2" service_name="Supercinema2" provider="TL" sid="5" onid="8572" tsid="5061" />
    <channel service_ref="1:0:1:0006:13c5:217c:eeee0000:0:0:0:" name="Top Calcio 24" service_name="Top Calcio 24" provider="TL" sid="6" onid="8572" tsid="5061" />
    <channel service_ref="1:0:1:0008:13c5:217c:eeee0000:0:0:0:" name="TOP TECH" service_name="TOP TECH" provider="TL" sid="8" onid="8572" tsid="5061" />
    <channel service_ref="1:0:1:0002:13c5:217c:eeee0000:0:0:0:" name="Videogruppo +1" service_name="Videogruppo +1" provider="TL" sid="2" onid="8572" tsid="5061" />
    <channel service_ref="1:0:1:0001:13c5:217c:eeee0000:0:0:0:" name="VideogruppoPiemonte" service_name="VideogruppoPiemonte" provider="Scopus" sid="1" onid="8572" tsid="5061" />
  </bouquet>
  <bouquet name="Movies" category="tv">
    <channel service_ref="1:0:1:0009:13c5:217c:eeee0000:0:0:0:" name="Supercinema1" service_name="Supercinema1" provider="TL" sid="9" onid="8572" tsid="5061" />
    <channel service_ref="1:0:1:0005:13c5:217c:eeee0000:0:0:0:" name="Supercinema2" service_name="Supercinema2" provider="TL" sid="5" onid="8572" tsid="5061" />
  </bouquet>
  <bouquet name="TF1" category="tv">
    <channel service_ref="1:0:1:0004:13c5:217c:eeee0000:0:0:0:" name="Canal6 Piemonte" service_name="Canal6 Piemonte" provider="TL" sid="4" onid="8572" tsid="5061" />
  </bouquet>
  <bouquet name="Religion" category="tv">
    <channel service_ref="1:0:1:000c:13c5:217c:eeee0000:0:0:0:" name="Radio Evangelo" service_name="Radio Evangelo" provider="TL" sid="12" onid="8572" tsid="5061" />
  </bouquet>
  <bouquet name="Others" category="tv">
    <channel service_ref="1:0:1:000b:13c5:217c:eeee0000:0:0:0:" name="Channel 4x4" service_name="Channel 4x4" provider="TL" sid="11" onid="8572" tsid="5061" />
    <channel service_ref="1:0:1:0006:13c5:217c:eeee0000:0:0:0:" name="Top Calcio 24" service_name="Top Calcio 24" provider="TL" sid="6" onid="8572" tsid="5061" />
    <channel service_ref="1:0:1:0008:13c5:217c:eeee0000:0:0:0:" name="TOP TECH" service_name="TOP TECH" provider="TL" sid="8" onid="8572" tsid="5061" />
    <channel service_ref="1:0:1:0002:13c5:217c:eeee0000:0:0:0:" name="Videogruppo +1" service_name="Videogruppo +1" provider="TL" sid="2" onid="8572" tsid="5061" />
    <channel service_ref="1:0:1:0001:13c5:217c:eeee0000:0:0:0:" name="VideogruppoPiemonte" service_name="VideogruppoPiemonte" provider="Scopus" sid="1" onid="8572" tsid="5061" />
  </bouquet>
  <bouquet name="Digitale Terrestre" category="tv">
    <channel service_ref="1:0:1:1:13c5:217c:eeee0000:0:0:0:" name="VideogruppoPiemonte" service_name="VideogruppoPiemonte" provider="Scopus" sid="1" onid="8572" tsid="5061" />
    <channel service_ref="1:0:1:2:13c5:217c:eeee0000:0:0:0:" name="Videogruppo +1" service_name="Videogruppo +1" provider="TL" sid="2" onid="8572" tsid="5061" />
    <channel service_ref="1:0:1:4:13c5:217c:eeee0000:0:0:0:" name="Canal6 Piemonte" service_name="Canal6 Piemonte" provider="TL" sid="4" onid="8572" tsid="5061" />
    <channel service_ref="1:0:1:5:13c5:217c:eeee0000:0:0:0:" name="Supercinema2" service_name="Supercinema2" provider="TL" sid="5" onid="8572" tsid="5061" />
    <channel service_ref="1:0:1:6:13c5:217c:eeee0000:0:0:0:" name="Top Calcio 24" service_name="Top Calcio 24" provider="TL" sid="6" onid="8572" tsid="5061" />
    <channel service_ref="1:0:1:8:13c5:217c:eeee0000:0:0:0:" name="TOP TECH" service_name="TOP TECH" provider="TL" sid="8" onid="8572" tsid="5061" />
    <channel service_ref="1:0:1:9:13c5:217c:eeee0000:0:0:0:" name="Supercinema1" service_name="Supercinema1" provider="TL" sid="9" onid="8572" tsid="5061" />
    <channel service_ref="1:0:1:b:13c5:217c:eeee0000:0:0:0:" name="Channel 4x4" service_name="Channel 4x4" provider="TL" sid="11" onid="8572" tsid="5061" />
    <channel service_ref="1:0:1:c:13c5:217c:eeee0000:0:0:0:" name="Radio Evangelo" service_name="Radio Evangelo" provider="TL" sid="12" onid="8572" tsid="5061" />
  </bouquet>
  <bouquet name="Digitale Terrestre" category="tv">
    <channel service_ref="1:0:1:1:13c5:217c:eeee0000:0:0:0:" name="VideogruppoPiemonte" service_name="VideogruppoPiemonte" provider="Scopus" sid="1" onid="8572" tsid="5061" />
    <channel service_ref="1:0:1:2:13c5:217c:eeee0000:0:0:0:" name="Videogruppo +1" service_name="Videogruppo +1" provider="TL" sid="2" onid="8572" tsid="5061" />
    <channel service_ref="1:0:1:4:13c5:217c:eeee0000:0:0:0:" name="Canal6 Piemonte" service_name="Canal6 Piemonte" provider="TL" sid="4" onid="8572" tsid="5061" />
    <channel service_ref="1:0:1:9:13c5:217c:eeee0000:0:0:0:" name="Supercinema1" service_name="Supercinema1" provider="TL" sid="9" onid="8572" tsid="5061" />
    <channel service_ref="1:0:1:5:13c5:217c:eeee0000:0:0:0:" name="Supercinema2" service_name="Supercinema2" provider="TL" sid="5" onid="8572" tsid="5061" />
    <channel service_ref="1:0:1:6:13c5:217c:eeee0000:0:0:0:" name="Top Calcio 24" service_name="Top Calcio 24" provider="TL" sid="6" onid="8572" tsid="5061" />
    <channel service_ref="1:0:1:8:13c5:217c:eeee0000:0:0:0:" name="TOP TECH" service_name="TOP TECH" provider="TL" sid="8" onid="8572" tsid="5061" />
    <channel service_ref="1:0:1:b:13c5:217c:eeee0000:0:0:0:" name="Channel 4x4" service_name="Channel 4x4" provider="TL" sid="11" onid="8572" tsid="5061" />
    <channel service_ref="1:0:1:c:13c5:217c:eeee0000:0:0:0:" name="Radio Evangelo" service_name="Radio Evangelo" provider="TL" sid="12" onid="8572" tsid="5061" />
  </bouquet>
  <bouquet name="Digitale Terrestre                         by Gerry" category="tv">
    <channel service_ref="1:0:1:1:13c5:217c:eeee0000:0:0:0:" name="VideogruppoPiemonte" service_name="VideogruppoPiemonte" provider="Scopus" sid="1" onid="8572" tsid="5061" />
    <channel service_ref="1:0:1:2:13c5:217c:eeee0000:0:0:0:" name="Videogruppo +1" service_name="Videogruppo +1" provider="TL" sid="2" onid="8572" tsid="5061" />
    <channel service_ref="1:0:1:4:13c5:217c:eeee0000:0:0:0:" name="Canal6 Piemonte" service_name="Canal6 Piemonte" provider="TL" sid="4" onid="8572" tsid="5061" />
    <channel service_ref="1:0:1:5:13c5:217c:eeee0000:0:0:0:" name="Supercinema2" service_name="Supercinema2" provider="TL" sid="5" onid="8572" tsid="5061" />
    <channel service_ref="1:0:1:6:13c5:217c:eeee0000:0:0:0:" name="Top Calcio 24" service_name="Top Calcio 24" provider="TL" sid="6" onid="8572" tsid="5061" />
    <channel service_ref="1:0:1:8:13c5:217c:eeee0000:0:0:0:" name="TOP TECH" service_name="TOP TECH" provider="TL" sid="8" onid="8572" tsid="5061" />
    <channel service_ref="1:0:1:9:13c5:217c:eeee0000:0:0:0:" name="Supercinema1" service_name="Supercinema1" provider="TL" sid="9" onid="8572" tsid="5061" />
    <channel service_ref="1:0:1:b:13c5:217c:eeee0000:0:0:0:" name="Channel 4x4" service_name="Channel 4x4" provider="TL" sid="11" onid="8572" tsid="5061" />
    <channel service_ref="1:0:1:c:13c5:217c:eeee0000:0:0:0:" name="Radio Evangelo" service_name="Radio Evangelo" provider="TL" sid="12" onid="8572" tsid="5061" />
  </bouquet>
  <bouquet name="Digitale Terrestre                  by Gerry" category="tv">
    <channel service_ref="1:0:1:1:13c5:217c:eeee0000:0:0:0:" name="VideogruppoPiemonte" service_name="VideogruppoPiemonte" provider="Scopus" sid="1" onid="8572" tsid="5061" />
    <channel service_ref="1:0:1:2:13c5:217c:eeee0000:0:0:0:" name="Videogruppo +1" service_name="Videogruppo +1" provider="TL" sid="2" onid="8572" tsid="5061" />
    <channel service_ref="1:0:1:4:13c5:217c:eeee0000:0:0:0:" name="Canal6 Piemonte" service_name="Canal6 Piemonte" provider="TL" sid="4" onid="8572" tsid="5061" />
    <channel service_ref="1:0:1:5:13c5:217c:eeee0000:0:0:0:" name="Supercinema2" service_name="Supercinema2" provider="TL" sid="5" onid="8572" tsid="5061" />
    <channel service_ref="1:0:1:6:13c5:217c:eeee0000:0:0:0:" name="Top Calcio 24" service_name="Top Calcio 24" provider="TL" sid="6" onid="8572" tsid="5061" />
    <channel service_ref="1:0:1:8:13c5:217c:eeee0000:0:0:0:" name="TOP TECH" service_name="TOP TECH" provider="TL" sid="8" onid="8572" tsid="5061" />
    <channel service_ref="1:0:1:9:13c5:217c:eeee0000:0:0:0:" name="Supercinema1" service_name="Supercinema1" provider="TL" sid="9" onid="8572" tsid="5061" />
    <channel service_ref="1:0:1:b:13c5:217c:eeee0000:0:0:0:" name="Channel 4x4" service_name="Channel 4x4" provider="TL" sid="11" onid="8572" tsid="5061" />
    <channel service_ref="1:0:1:c:13c5:217c:eeee0000:0:0:0:" name="Radio Evangelo" service_name="Radio Evangelo" provider="TL" sid="12" onid="8572" tsid="5061" />
  </bouquet>
  <bouquet name="Digitale Terrestre                  By Gerry" category="tv">
    <channel service_ref="1:0:1:1:13c5:217c:eeee0000:0:0:0:" name="VideogruppoPiemonte" service_name="VideogruppoPiemonte" provider="Scopus" sid="1" onid="8572" tsid="5061" />
    <channel service_ref="1:0:1:2:13c5:217c:eeee0000:0:0:0:" name="Videogruppo +1" service_name="Videogruppo +1" provider="TL" sid="2" onid="8572" tsid="5061" />
    <channel service_ref="1:0:1:4:13c5:217c:eeee0000:0:0:0:" name="Canal6 Piemonte" service_name="Canal6 Piemonte" provider="TL" sid="4" onid="8572" tsid="5061" />
    <channel service_ref="1:0:1:5:13c5:217c:eeee0000:0:0:0:" name="Supercinema2" service_name="Supercinema2" provider="TL" sid="5" onid="8572" tsid="5061" />
    <channel service_ref="1:0:1:6:13c5:217c:eeee0000:0:0:0:" name="Top Calcio 24" service_name="Top Calcio 24" provider="TL" sid="6" onid="8572" tsid="5061" />
    <channel service_ref="1:0:1:8:13c5:217c:eeee0000:0:0:0:" name="TOP TECH" service_name="TOP TECH" provider="TL" sid="8" onid="8572" tsid="5061" />
    <channel service_ref="1:0:1:9:13c5:217c:eeee0000:0:0:0:" name="Supercinema1" service_name="Supercinema1" provider="TL" sid="9" onid="8572" tsid="5061" />
    <channel service_ref="1:0:1:b:13c5:217c:eeee0000:0:0:0:" name="Channel 4x4" service_name="Channel 4x4" provider="TL" sid="11" onid="8572" tsid="5061" />
    <channel service_ref="1:0:1:c:13c5:217c:eeee0000:0:0:0:" name="Radio Evangelo" service_name="Radio Evangelo" provider="TL" sid="12" onid="8572" tsid="5061" />
  </bouquet>
  <bouquet name="Digitale Terrestre             by Gerry" category="tv">
    <channel service_ref="1:0:1:1:13c5:217c:eeee0000:0:0:0:" name="VideogruppoPiemonte" service_name="VideogruppoPiemonte" provider="Scopus" sid="1" onid="8572" tsid="5061" />
    <channel service_ref="1:0:1:2:13c5:217c:eeee0000:0:0:0:" name="Videogruppo +1" service_name="Videogruppo +1" provider="TL" sid="2" onid="8572" tsid="5061" />
    <channel service_ref="1:0:1:4:13c5:217c:eeee0000:0:0:0:" name="Canal6 Piemonte" service_name="Canal6 Piemonte" provider="TL" sid="4" onid="8572" tsid="5061" />
    <channel service_ref="1:0:1:5:13c5:217c:eeee0000:0:0:0:" name="Supercinema2" service_name="Supercinema2" provider="TL" sid="5" onid="8572" tsid="5061" />
    <channel service_ref="1:0:1:6:13c5:217c:eeee0000:0:0:0:" name="Top Calcio 24" service_name="Top Calcio 24" provider="TL" sid="6" onid="8572" tsid="5061" />
    <channel service_ref="1:0:1:8:13c5:217c:eeee0000:0:0:0:" name="TOP TECH" service_name="TOP TECH" provider="TL" sid="8" onid="8572" tsid="5061" />
    <channel service_ref="1:0:1:9:13c5:217c:eeee0000:0:0:0:" name="Supercinema1" service_name="Supercinema1" provider="TL" sid="9" onid="8572" tsid="5061" />
    <channel service_ref="1:0:1:b:13c5:217c:eeee0000:0:0:0:" name="Channel 4x4" service_name="Channel 4x4" provider="TL" sid="11" onid="8572" tsid="5061" />
    <channel service_ref="1:0:1:c:13c5:217c:eeee0000:0:0:0:" name="Radio Evangelo" service_name="Radio Evangelo" provider="TL" sid="12" onid="8572" tsid="5061" />
  </bouquet>
  <bouquet name="Digitale Terrestre" category="tv">
    <channel service_ref="1:0:1:1:13c5:217c:eeee0000:0:0:0:" name="VideogruppoPiemonte" service_name="VideogruppoPiemonte" provider="Scopus" sid="1" onid="8572" tsid="5061" />
    <channel service_ref="1:0:1:2:13c5:217c:eeee0000:0:0:0:" name="Videogruppo +1" service_name="Videogruppo +1" provider="TL" sid="2" onid="8572" tsid="5061" />
    <channel service_ref="1:0:1:4:13c5:217c:eeee0000:0:0:0:" name="Canal6 Piemonte" service_name="Canal6 Piemonte" provider="TL" sid="4" onid="8572" tsid="5061" />
    <channel service_ref="1:0:1:5:13c5:217c:eeee0000:0:0:0:" name="Supercinema2" service_name="Supercinema2" provider="TL" sid="5" onid="8572" tsid="5061" />
    <channel service_ref="1:0:1:6:13c5:217c:eeee0000:0:0:0:" name="Top Calcio 24" service_name="Top Calcio 24" provider="TL" sid="6" onid="8572" tsid="5061" />
    <channel service_ref="1:0:1:8:13c5:217c:eeee0000:0:0:0:" name="TOP TECH" service_name="TOP TECH" provider="TL" sid="8" onid="8572" tsid="5061" />
    <channel service_ref="1:0:1:9:13c5:217c:eeee0000:0:0:0:" name="Supercinema1" service_name="Supercinema1" provider="TL" sid="9" onid="8572" tsid="5061" />
    <channel service_ref="1:0:1:b:13c5:217c:eeee0000:0:0:0:" name="Channel 4x4" service_name="Channel 4x4" provider="TL" sid="11" onid="8572" tsid="5061" />
    <channel service_ref="1:0:1:c:13c5:217c:eeee0000:0:0:0:" name="Radio Evangelo" service_name="Radio Evangelo" provider="TL" sid="12" onid="8572" tsid="5061" />
  </bouquet>
</zapit>
