<?xml version='1.0' encoding='utf-8'?>
<zapit>
  <bouquet name="General" category="tv">
    <channel service_ref="1:0:1:05dc:2710:217c:eeee0000:0:0:0:" name="CAMPANIA TV" service_name="CAMPANIA TV" provider="DTV" sid="1500" onid="8572" tsid="10000" />
    <channel service_ref="1:0:1:03e8:2710:217c:eeee0000:0:0:0:" name="RETE+ITALIA" service_name="RETE+ITALIA" provider="TandbergTV" sid="1000" onid="8572" tsid="10000" />
  </bouquet>
  <bouquet name="RAI" category="tv">
    <channel service_ref="1:0:1:03e8:2710:217c:eeee0000:0:0:0:" name="RETE+ITALIA" service_name="RETE+ITALIA" provider="TandbergTV" sid="1000" onid="8572" tsid="10000" />
  </bouquet>
  <bouquet name="Others" category="tv">
    <channel service_ref="1:0:1:05dc:2710:217c:eeee0000:0:0:0:" name="CAMPANIA TV" service_name="CAMPANIA TV" provider="DTV" sid="1500" onid="8572" tsid="10000" />
  </bouquet>
  <bouquet name="Digitale Terrestre                    by MisterX" category="tv">
    <channel service_ref="1:0:1:3e8:2710:217c:eeee0000:0:0:0:" name="RETE+ITALIA" service_name="RETE+ITALIA" provider="TandbergTV" sid="1000" onid="8572" tsid="10000" />
    <channel service_ref="1:0:1:5dc:2710:217c:eeee0000:0:0:0:" name="CAMPANIA TV" service_name="CAMPANIA TV" provider="DTV" sid="1500" onid="8572" tsid="10000" />
  </bouquet>
</zapit>
