{
  "api_version": 4,
  "bouquet_count": "488",
  "category": "all",
  "deduplicated_services": "0",
  "display_name": "All",
  "lamedb_version": "4",
  "last_seen": "unknown",
  "service_count": "1565",
  "source": "work/ingest/oe-alliance/vhannibal.hotbird/enigma2",
  "stale": "unknown",
  "stats": "{\"bouquet_count\": 39, \"cable_services\": 0, \"radio_services\": 238, \"sat_services\": 1565, \"terrestrial_services\": 0, \"total_services\": 1565}",
  "thresholds": "{\"cable\": 20, \"sat\": 50, \"terrestrial\": 20}",
  "transponder_count": "103"
}