<?xml version='1.0' encoding='utf-8'?>
<zapit api="4">
  <terrestrials>
    <terrestrial key="eeee0000:20e1:217c" name="TOTOPARTNER" namespace="0xeeee0000">
      <transponder key="eeee0000:20e1:217c" frequency="482000000" symbol_rate="0" polarization="H" fec="5" system="0" modulation="4">
        <service id="0x07d5" sid="2005" name="Bergamo TV HD" type="25" provider="" onid="8572" tsid="8417" namespace="0xeeee0000" />
        <service id="0x07dd" sid="2013" name="CANALE ITALIA 77" type="1" provider="Canale Italia" onid="8572" tsid="8417" namespace="0xeeee0000" />
        <service id="0x07e3" sid="2019" name="DTV1" type="1" provider="" onid="8572" tsid="8417" namespace="0xeeee0000" />
        <service id="0x07d4" sid="2004" name="Espansione Tv HD" type="25" provider="Espansione TV" onid="8572" tsid="8417" namespace="0xeeee0000" />
        <service id="0x07e2" sid="2018" name="OROBIK 98" type="1" provider="OROBIK 98" onid="8572" tsid="8417" namespace="0xeeee0000" />
        <service id="0x07db" sid="2011" name="PIU VALLI TV" type="25" provider="PIU VALLI TV" onid="8572" tsid="8417" namespace="0xeeee0000" />
        <service id="0x07d6" sid="2006" name="R55" type="25" provider="TOTOPARTNER" onid="8572" tsid="8417" namespace="0xeeee0000" />
        <service id="0x07df" sid="2015" name="RADIO BRUNO Lombardia" type="25" provider="RADIO BRUNO" onid="8572" tsid="8417" namespace="0xeeee0000" />
        <service id="0x07d1" sid="2001" name="RADIO MATER DAB*" type="1" provider="RADIO MATER DAB*" onid="8572" tsid="8417" namespace="0xeeee0000" />
        <service id="0x07de" sid="2014" name="SEILATV Bergamo HD" type="1" provider="COELMEDIA" onid="8572" tsid="8417" namespace="0xeeee0000" />
        <service id="0x07da" sid="2010" name="SUPERTV" type="1" provider="SUPERTV" onid="8572" tsid="8417" namespace="0xeeee0000" />
        <service id="0x07d3" sid="2003" name="Telecity Lombardia" type="1" provider="In Aria!" onid="8572" tsid="8417" namespace="0xeeee0000" />
        <service id="0x07d9" sid="2009" name="TI RICORDI TV" type="22" provider="TOTOPARTNER" onid="8572" tsid="8417" namespace="0xeeee0000" />
        <service id="0x07d8" sid="2008" name="TSN" type="1" provider="TSN" onid="8572" tsid="8417" namespace="0xeeee0000" />
        <service id="0x07d7" sid="2007" name="TT-TELETUTTO" type="25" provider="EI-TOWERS" onid="8572" tsid="8417" namespace="0xeeee0000" />
        <service id="0x07e0" sid="2016" name="VALENZA TV" type="22" provider="VALENZA TV" onid="8572" tsid="8417" namespace="0xeeee0000" />
      </transponder>
    </terrestrial>
  </terrestrials>
</zapit>
