{
  "api_version": 4,
  "bouquet_count": "745",
  "category": "sat",
  "deduplicated_services": "0",
  "display_name": "Sat-53E",
  "lamedb_version": "4",
  "last_seen": "unknown",
  "satellite_code": "S53E",
  "service_count": "14467",
  "source": "work/ingest/oe-alliance/vhannibal.motor.and.dtt.milano/enigma2",
  "stale": "unknown",
  "stats": "{\"bouquet_count\": 50, \"cable_services\": 0, \"radio_services\": 2231, \"sat_services\": 14060, \"terrestrial_services\": 407, \"total_services\": 14467}",
  "thresholds": "{\"cable\": 20, \"sat\": 50, \"terrestrial\": 20}",
  "transponder_count": "1147"
}