<?xml version='1.0' encoding='utf-8'?>
<zapit api="4">
  <satellites>
    <satellite key="0dde0000:0003:20fa" name="Sat-5W" namespace="0x0dde0000" position="-5">
      <transponder key="0dde0000:0003:20fa" frequency="11456000" symbol_rate="2400000" polarization="H" fec="3" system="0" modulation="0">
        <service id="0x07d2" sid="2002" name="NOST IDF" type="2" provider="TWC" onid="8442" tsid="3" namespace="0x0dde0000" radio="1" />
        <service id="0x07d1" sid="2001" name="NRJ IDF" type="2" provider="TWC" onid="8442" tsid="3" namespace="0x0dde0000" radio="1" />
        <service id="0x03e9" sid="1001" name="SKYROCK-SAT" type="2" provider="TOWERCAST 1-M" onid="8442" tsid="3" namespace="0x0dde0000" radio="1" />
      </transponder>
    </satellite>
    <satellite key="0dde0000:2711:0090" name="Sat-5W" namespace="0x0dde0000" position="-5">
      <transponder key="0dde0000:2711:0090" frequency="11480000" symbol_rate="3215000" polarization="H" fec="3" system="0" modulation="0">
        <service id="0x042c" sid="1068" name="BFM" type="2" provider="FM-DVB TDF TFL" onid="144" tsid="10001" namespace="0x0dde0000" radio="1" />
        <service id="0x0c1c" sid="3100" name="Europe1" type="2" provider="FM-DVB TDF TFL" onid="144" tsid="10001" namespace="0x0dde0000" radio="1" />
        <service id="0x05ee" sid="1518" name="FIP" type="2" provider="FM-DVB TDF TFL" onid="144" tsid="10001" namespace="0x0dde0000" radio="1" />
        <service id="0x05aa" sid="1450" name="France Culture" type="2" provider="FM-DVB TDF TFL" onid="144" tsid="10001" namespace="0x0dde0000" radio="1" />
        <service id="0x15e0" sid="5600" name="France Info" type="2" provider="FM-DVB TDF TFL" onid="144" tsid="10001" namespace="0x0dde0000" radio="1" />
        <service id="0x13ec" sid="5100" name="France Inter" type="2" provider="FM-DVB TDF TFL" onid="144" tsid="10001" namespace="0x0dde0000" radio="1" />
        <service id="0x14b4" sid="5300" name="France Musique" type="2" provider="FM-DVB TDF TFL" onid="144" tsid="10001" namespace="0x0dde0000" radio="1" />
        <service id="0x00ca" sid="202" name="FUN" type="2" provider="FM-DVB TDF TFL" onid="144" tsid="10001" namespace="0x0dde0000" radio="1" />
        <service id="0x16a8" sid="5800" name="Le Mouv'" type="2" provider="FM-DVB TDF TFL" onid="144" tsid="10001" namespace="0x0dde0000" radio="1" />
        <service id="0x17d4" sid="6100" name="MFM" type="2" provider="FM-DVB TDF TFL" onid="144" tsid="10001" namespace="0x0dde0000" radio="1" />
        <service id="0x0156" sid="342" name="Radio Classique" type="2" provider="FM-DVB TDF TFL" onid="144" tsid="10001" namespace="0x0dde0000" radio="1" />
        <service id="0x0ce4" sid="3300" name="RFM" type="2" provider="FM-DVB TDF TFL" onid="144" tsid="10001" namespace="0x0dde0000" radio="1" />
        <service id="0x03ec" sid="1004" name="RMC" type="2" provider="FM-DVB TDF TFL" onid="144" tsid="10001" namespace="0x0dde0000" radio="1" />
        <service id="0x044c" sid="1100" name="RTL" type="2" provider="FM-DVB TDF TFL" onid="144" tsid="10001" namespace="0x0dde0000" radio="1" />
        <service id="0x04b0" sid="1200" name="RTL2" type="2" provider="FM-DVB TDF TFL" onid="144" tsid="10001" namespace="0x0dde0000" radio="1" />
        <service id="0x01f4" sid="500" name="Sec TDF1: Radio Courtoisie" type="2" provider="FM-DVB TDF TFL" onid="144" tsid="10001" namespace="0x0dde0000" radio="1" />
        <service id="0x0066" sid="102" name="Sec TDF2: RCF 38" type="2" provider="FM-DVB TDF TFL" onid="144" tsid="10001" namespace="0x0dde0000" radio="1" />
        <service id="0x1bbc" sid="7100" name="Sud Radio" type="2" provider="FM-DVB TDF TFL" onid="144" tsid="10001" namespace="0x0dde0000" radio="1" />
        <service id="0x0028" sid="40" name="TDF-RDS1" type="2" provider="FM-DVB TDF TFL" onid="144" tsid="10001" namespace="0x0dde0000" radio="1" />
        <service id="0x00c8" sid="200" name="TDF-RDS2" type="2" provider="FM-DVB TDF TFL" onid="144" tsid="10001" namespace="0x0dde0000" radio="1" />
        <service id="0x012c" sid="300" name="Tiers-RDS" type="2" provider="FM-DVB TDF TFL" onid="144" tsid="10001" namespace="0x0dde0000" radio="1" />
        <service id="0x00b4" sid="180" name="TWC-SIRC" type="2" provider="FM-DVB TDF TFL" onid="144" tsid="10001" namespace="0x0dde0000" radio="1" />
        <service id="0x0c80" sid="3200" name="Virgin" type="2" provider="FM-DVB TDF TFL" onid="144" tsid="10001" namespace="0x0dde0000" radio="1" />
      </transponder>
    </satellite>
    <satellite key="0dde0000:2904:055f" name="Sat-5W" namespace="0x0dde0000" position="-5">
      <transponder key="0dde0000:2904:055f" frequency="11137000" symbol_rate="29950000" polarization="V" fec="2" system="0" modulation="0">
        <service id="0x02d4" sid="724" name="13EME RUE" type="25" provider="EUTELSAT" onid="1375" tsid="10500" namespace="0x0dde0000" />
        <service id="0x071e" sid="1822" name="ALTICE STUDIO" type="25" provider="EUTELSAT" onid="1375" tsid="10500" namespace="0x0dde0000" />
        <service id="0x02d5" sid="725" name="E !" type="25" provider="EUTELSAT" onid="1375" tsid="10500" namespace="0x0dde0000" />
        <service id="0x071c" sid="1820" name="RMC SPORT 1" type="25" provider="EUTELSAT" onid="1375" tsid="10500" namespace="0x0dde0000" />
        <service id="0x02d1" sid="721" name="RMC SPORT 2" type="25" provider="EUTELSAT" onid="1375" tsid="10500" namespace="0x0dde0000" />
        <service id="0x02d2" sid="722" name="RMC SPORT 3" type="25" provider="EUTELSAT" onid="1375" tsid="10500" namespace="0x0dde0000" />
        <service id="0x071d" sid="1821" name="RMC SPORT 4" type="25" provider="EUTELSAT" onid="1375" tsid="10500" namespace="0x0dde0000" />
        <service id="0x02d3" sid="723" name="RMC SPORT NEWS" type="25" provider="EUTELSAT" onid="1375" tsid="10500" namespace="0x0dde0000" />
        <service id="0x071f" sid="1823" name="SYFY" type="25" provider="EUTELSAT" onid="1375" tsid="10500" namespace="0x0dde0000" />
      </transponder>
    </satellite>
    <satellite key="0dde0000:4e84:055f" name="Sat-5W" namespace="0x0dde0000" position="-5">
      <transponder key="0dde0000:4e84:055f" frequency="11471000" symbol_rate="29950000" polarization="V" fec="3" system="0" modulation="0">
        <service id="0x0bc0" sid="3008" name="BEIN SPORTS MAX 4" type="22" provider="EUTELSAT" onid="1375" tsid="20100" namespace="0x0dde0000" />
        <service id="0x0bc1" sid="3009" name="BEIN SPORTS MAX 5" type="22" provider="EUTELSAT" onid="1375" tsid="20100" namespace="0x0dde0000" />
      </transponder>
    </satellite>
    <satellite key="0dde0000:4ee8:055f" name="Sat-5W" namespace="0x0dde0000" position="-5">
      <transponder key="0dde0000:4ee8:055f" frequency="11512000" symbol_rate="29950000" polarization="V" fec="3" system="0" modulation="0">
        <service id="0x00d3" sid="211" name="CHASSE ET PECHE" type="22" provider="EUTELSAT" onid="1375" tsid="20200" namespace="0x0dde0000" />
        <service id="0x00d7" sid="215" name="CRIME DISTRICT" type="22" provider="EUTELSAT" onid="1375" tsid="20200" namespace="0x0dde0000" />
        <service id="0x00d9" sid="217" name="DORCEL TV" type="22" provider="EUTELSAT" onid="1375" tsid="20200" namespace="0x0dde0000" />
        <service id="0x00dc" sid="220" name="EQUIDIA" type="22" provider="EUTELSAT" onid="1375" tsid="20200" namespace="0x0dde0000" />
        <service id="0x00ce" sid="206" name="GAME ONE" type="22" provider="EUTELSAT" onid="1375" tsid="20200" namespace="0x0dde0000" />
        <service id="0x00cd" sid="205" name="GOLF CHANNEL" type="22" provider="EUTELSAT" onid="1375" tsid="20200" namespace="0x0dde0000" />
        <service id="0x00ca" sid="202" name="MANGAS" type="22" provider="EUTELSAT" onid="1375" tsid="20200" namespace="0x0dde0000" />
        <service id="0x00d5" sid="213" name="OFFRE BIS.TV" type="22" provider="EUTELSAT" onid="1375" tsid="20200" namespace="0x0dde0000" />
        <service id="0x00d6" sid="214" name="PARAMOUNT CHANNEL" type="22" provider="EUTELSAT" onid="1375" tsid="20200" namespace="0x0dde0000" />
        <service id="0x00db" sid="219" name="TEVA" type="22" provider="EUTELSAT" onid="1375" tsid="20200" namespace="0x0dde0000" />
        <service id="0x00d2" sid="210" name="TOUTE L'HISTOIRE" type="22" provider="EUTELSAT" onid="1375" tsid="20200" namespace="0x0dde0000" />
        <service id="0x00d8" sid="216" name="XXL" type="22" provider="EUTELSAT" onid="1375" tsid="20200" namespace="0x0dde0000" />
      </transponder>
    </satellite>
    <satellite key="0dde0000:4f4c:055f" name="Sat-5W" namespace="0x0dde0000" position="-5">
      <transponder key="0dde0000:4f4c:055f" frequency="11554000" symbol_rate="29950000" polarization="V" fec="3" system="0" modulation="0">
        <service id="0x0054" sid="84" name="CANAL+" type="25" provider="EUTELSAT" onid="1375" tsid="20300" namespace="0x0dde0000" />
        <service id="0x012d" sid="301" name="FRANCE 2" type="25" provider="EUTELSAT" onid="1375" tsid="20300" namespace="0x0dde0000" />
        <service id="0x012e" sid="302" name="FRANCE 3" type="25" provider="EUTELSAT" onid="1375" tsid="20300" namespace="0x0dde0000" />
        <service id="0x012f" sid="303" name="FRANCE 4" type="25" provider="EUTELSAT" onid="1375" tsid="20300" namespace="0x0dde0000" />
        <service id="0x0052" sid="82" name="FRANCE O" type="22" provider="EUTELSAT" onid="1375" tsid="20300" namespace="0x0dde0000" />
        <service id="0x0053" sid="83" name="FRANCEINFO:" type="22" provider="EUTELSAT" onid="1375" tsid="20300" namespace="0x0dde0000" />
        <service id="0x008e" sid="142" name="FRANSAT INFO" type="25" provider="EUTELSAT" onid="1375" tsid="20300" namespace="0x0dde0000" />
        <service id="0x0055" sid="85" name="LCI" type="25" provider="EUTELSAT" onid="1375" tsid="20300" namespace="0x0dde0000" />
        <service id="0x0058" sid="88" name="OCS CHOC" type="25" provider="EUTELSAT" onid="1375" tsid="20300" namespace="0x0dde0000" />
        <service id="0x0057" sid="87" name="OCS CITY" type="25" provider="EUTELSAT" onid="1375" tsid="20300" namespace="0x0dde0000" />
        <service id="0x0059" sid="89" name="OCS GEANTS" type="25" provider="EUTELSAT" onid="1375" tsid="20300" namespace="0x0dde0000" />
        <service id="0x008a" sid="138" name="OCS MAX" type="25" provider="EUTELSAT" onid="1375" tsid="20300" namespace="0x0dde0000" />
      </transponder>
    </satellite>
    <satellite key="0dde0000:4fb0:055f" name="Sat-5W" namespace="0x0dde0000" position="-5">
      <transponder key="0dde0000:4fb0:055f" frequency="11096000" symbol_rate="29950000" polarization="V" fec="3" system="0" modulation="0">
        <service id="0x00c2" sid="194" name="ARTE" type="25" provider="EUTELSAT" onid="1375" tsid="20400" namespace="0x0dde0000" />
        <service id="0x019a" sid="410" name="BOING" type="25" provider="EUTELSAT" onid="1375" tsid="20400" namespace="0x0dde0000" />
        <service id="0x019b" sid="411" name="BOOMERANG" type="25" provider="EUTELSAT" onid="1375" tsid="20400" namespace="0x0dde0000" />
        <service id="0x01a3" sid="419" name="FRANCE 5" type="25" provider="EUTELSAT" onid="1375" tsid="20400" namespace="0x0dde0000" />
        <service id="0x00c1" sid="193" name="M6" type="25" provider="EUTELSAT" onid="1375" tsid="20400" namespace="0x0dde0000" />
        <service id="0x01a1" sid="417" name="NRJ12" type="25" provider="EUTELSAT" onid="1375" tsid="20400" namespace="0x0dde0000" />
        <service id="0x00bf" sid="191" name="TF1" type="25" provider="EUTELSAT" onid="1375" tsid="20400" namespace="0x0dde0000" />
        <service id="0x019c" sid="412" name="TOONAMI" type="25" provider="EUTELSAT" onid="1375" tsid="20400" namespace="0x0dde0000" />
        <service id="0x01a5" sid="421" name="W9" type="25" provider="EUTELSAT" onid="1375" tsid="20400" namespace="0x0dde0000" />
      </transponder>
    </satellite>
    <satellite key="0dde0000:5014:055f" name="Sat-5W" namespace="0x0dde0000" position="-5">
      <transponder key="0dde0000:5014:055f" frequency="11054000" symbol_rate="29950000" polarization="V" fec="3" system="0" modulation="0">
        <service id="0x01f5" sid="501" name="D!CI TV" type="22" provider="EUTELSAT" onid="1375" tsid="20500" namespace="0x0dde0000" />
        <service id="0x01f6" sid="502" name="ETB1" type="22" provider="EUTELSAT" onid="1375" tsid="20500" namespace="0x0dde0000" />
        <service id="0x01f7" sid="503" name="ETB3" type="22" provider="EUTELSAT" onid="1375" tsid="20500" namespace="0x0dde0000" />
        <service id="0x03e9" sid="1001" name="FRANCE 3 AMIENS" type="1" provider="EUTELSAT" onid="1375" tsid="20500" namespace="0x0dde0000" />
        <service id="0x03f0" sid="1008" name="FRANCE 3 LILLE" type="1" provider="EUTELSAT" onid="1375" tsid="20500" namespace="0x0dde0000" />
        <service id="0x03f5" sid="1013" name="FRANCE 3 NANCY" type="1" provider="EUTELSAT" onid="1375" tsid="20500" namespace="0x0dde0000" />
        <service id="0x03f7" sid="1015" name="FRANCE 3 NICE" type="1" provider="EUTELSAT" onid="1375" tsid="20500" namespace="0x0dde0000" />
        <service id="0x03fa" sid="1018" name="FRANCE 3 POITIERS" type="1" provider="EUTELSAT" onid="1375" tsid="20500" namespace="0x0dde0000" />
        <service id="0x03fb" sid="1019" name="FRANCE 3 REIMS" type="1" provider="EUTELSAT" onid="1375" tsid="20500" namespace="0x0dde0000" />
        <service id="0x03fe" sid="1022" name="FRANCE 3 STRASBOURG" type="1" provider="EUTELSAT" onid="1375" tsid="20500" namespace="0x0dde0000" />
        <service id="0x03ff" sid="1023" name="FRANCE 3 TOULOUSE" type="1" provider="EUTELSAT" onid="1375" tsid="20500" namespace="0x0dde0000" />
        <service id="0x0190" sid="400" name="FRANCE 3 VIA STELLA" type="1" provider="EUTELSAT" onid="1375" tsid="20500" namespace="0x0dde0000" />
      </transponder>
    </satellite>
    <satellite key="0dde0000:5078:055f" name="Sat-5W" namespace="0x0dde0000" position="-5">
      <transponder key="0dde0000:5078:055f" frequency="10972000" symbol_rate="29950000" polarization="V" fec="3" system="0" modulation="0">
        <service id="0x03eb" sid="1003" name="FRANCE 3 BORDEAUX" type="1" provider="EUTELSAT" onid="1375" tsid="20600" namespace="0x0dde0000" />
        <service id="0x03ed" sid="1005" name="FRANCE 3 CLERMONT-FERRAND" type="1" provider="EUTELSAT" onid="1375" tsid="20600" namespace="0x0dde0000" />
        <service id="0x03ef" sid="1007" name="FRANCE 3 GRENOBLE" type="1" provider="EUTELSAT" onid="1375" tsid="20600" namespace="0x0dde0000" />
        <service id="0x03f1" sid="1009" name="FRANCE 3 LIMOGES" type="1" provider="EUTELSAT" onid="1375" tsid="20600" namespace="0x0dde0000" />
        <service id="0x03f2" sid="1010" name="FRANCE 3 LYON" type="1" provider="EUTELSAT" onid="1375" tsid="20600" namespace="0x0dde0000" />
        <service id="0x03f3" sid="1011" name="FRANCE 3 MARSEILLE" type="1" provider="EUTELSAT" onid="1375" tsid="20600" namespace="0x0dde0000" />
        <service id="0x03f4" sid="1012" name="FRANCE 3 MONTPELLIER" type="1" provider="EUTELSAT" onid="1375" tsid="20600" namespace="0x0dde0000" />
        <service id="0x03f6" sid="1014" name="FRANCE 3 NANTES" type="1" provider="EUTELSAT" onid="1375" tsid="20600" namespace="0x0dde0000" />
        <service id="0x03fc" sid="1020" name="FRANCE 3 RENNES" type="1" provider="EUTELSAT" onid="1375" tsid="20600" namespace="0x0dde0000" />
        <service id="0x0a35" sid="2613" name="QVC" type="22" provider="EUTELSAT" onid="1375" tsid="20600" namespace="0x0dde0000" />
        <service id="0x0067" sid="103" name="TV5 MONDE FBS" type="1" provider="EUTELSAT" onid="1375" tsid="20600" namespace="0x0dde0000" />
      </transponder>
    </satellite>
    <satellite key="0dde0000:5140:055f" name="Sat-5W" namespace="0x0dde0000" position="-5">
      <transponder key="0dde0000:5140:055f" frequency="11679000" symbol_rate="29950000" polarization="V" fec="3" system="0" modulation="0">
        <service id="0x0093" sid="147" name="BEIN SPORTS MAX 10" type="22" provider="EUTELSAT" onid="1375" tsid="20800" namespace="0x0dde0000" />
        <service id="0x008f" sid="143" name="BEIN SPORTS MAX 6" type="22" provider="EUTELSAT" onid="1375" tsid="20800" namespace="0x0dde0000" />
        <service id="0x0090" sid="144" name="BEIN SPORTS MAX 7" type="22" provider="EUTELSAT" onid="1375" tsid="20800" namespace="0x0dde0000" />
        <service id="0x0091" sid="145" name="BEIN SPORTS MAX 8" type="22" provider="EUTELSAT" onid="1375" tsid="20800" namespace="0x0dde0000" />
        <service id="0x0092" sid="146" name="BEIN SPORTS MAX 9" type="22" provider="EUTELSAT" onid="1375" tsid="20800" namespace="0x0dde0000" />
        <service id="0x0003" sid="3" name="FRANCE 3" type="1" provider="EUTELSAT" onid="1375" tsid="20800" namespace="0x0dde0000" />
        <service id="0x03ea" sid="1002" name="FRANCE 3 BESANCON" type="1" provider="EUTELSAT" onid="1375" tsid="20800" namespace="0x0dde0000" />
        <service id="0x03ec" sid="1004" name="FRANCE 3 CAEN" type="1" provider="EUTELSAT" onid="1375" tsid="20800" namespace="0x0dde0000" />
        <service id="0x03ee" sid="1006" name="FRANCE 3 DIJON" type="1" provider="EUTELSAT" onid="1375" tsid="20800" namespace="0x0dde0000" />
        <service id="0x03f8" sid="1016" name="FRANCE 3 ORLEANS" type="1" provider="EUTELSAT" onid="1375" tsid="20800" namespace="0x0dde0000" />
        <service id="0x03f9" sid="1017" name="FRANCE 3 PARIS" type="1" provider="EUTELSAT" onid="1375" tsid="20800" namespace="0x0dde0000" />
        <service id="0x03fd" sid="1021" name="FRANCE 3 ROUEN" type="1" provider="EUTELSAT" onid="1375" tsid="20800" namespace="0x0dde0000" />
      </transponder>
    </satellite>
    <satellite key="0dde0000:51a4:055f" name="Sat-5W" namespace="0x0dde0000" position="-5">
      <transponder key="0dde0000:51a4:055f" frequency="12564000" symbol_rate="29950000" polarization="V" fec="2" system="0" modulation="0">
        <service id="0x0b52" sid="2898" name="BEIN SPORTS 1" type="25" provider="EUTELSAT" onid="1375" tsid="20900" namespace="0x0dde0000" />
        <service id="0x0b53" sid="2899" name="BEIN SPORTS 2" type="25" provider="EUTELSAT" onid="1375" tsid="20900" namespace="0x0dde0000" />
        <service id="0x0b81" sid="2945" name="BEIN SPORTS 3" type="25" provider="EUTELSAT" onid="1375" tsid="20900" namespace="0x0dde0000" />
        <service id="0x0b9c" sid="2972" name="BERBERE JEUNESSE" type="22" provider="EUTELSAT" onid="1375" tsid="20900" namespace="0x0dde0000" />
        <service id="0x0b9d" sid="2973" name="BERBERE MUSIC" type="22" provider="EUTELSAT" onid="1375" tsid="20900" namespace="0x0dde0000" />
        <service id="0x0b9b" sid="2971" name="BERBERE TV" type="22" provider="EUTELSAT" onid="1375" tsid="20900" namespace="0x0dde0000" />
        <service id="0x0b85" sid="2949" name="KTO" type="22" provider="EUTELSAT" onid="1375" tsid="20900" namespace="0x0dde0000" />
        <service id="0x0b89" sid="2953" name="MB LIVE" type="22" provider="EUTELSAT" onid="1375" tsid="20900" namespace="0x0dde0000" />
        <service id="0x0ba1" sid="2977" name="MELODY" type="25" provider="EUTELSAT" onid="1375" tsid="20900" namespace="0x0dde0000" />
        <service id="0x0b83" sid="2947" name="VOSGES TV" type="22" provider="EUTELSAT" onid="1375" tsid="20900" namespace="0x0dde0000" />
        <service id="0x0b91" sid="2961" name="BFM" type="2" provider="EUTELSAT" onid="1375" tsid="20900" namespace="0x0dde0000" radio="1" />
        <service id="0x0b96" sid="2966" name="CHERIE FM" type="2" provider="EUTELSAT" onid="1375" tsid="20900" namespace="0x0dde0000" radio="1" />
        <service id="0x0b97" sid="2967" name="EUROPE 1" type="2" provider="EUTELSAT" onid="1375" tsid="20900" namespace="0x0dde0000" radio="1" />
        <service id="0x0b8e" sid="2958" name="FIP" type="2" provider="EUTELSAT" onid="1375" tsid="20900" namespace="0x0dde0000" radio="1" />
        <service id="0x0b54" sid="2900" name="FRANCE BLEU 107.1" type="2" provider="EUTELSAT" onid="1375" tsid="20900" namespace="0x0dde0000" radio="1" />
        <service id="0x0b55" sid="2901" name="FRANCE BLEU ALSACE" type="2" provider="EUTELSAT" onid="1375" tsid="20900" namespace="0x0dde0000" radio="1" />
        <service id="0x0b56" sid="2902" name="FRANCE BLEU ARMORIQUE" type="2" provider="EUTELSAT" onid="1375" tsid="20900" namespace="0x0dde0000" radio="1" />
        <service id="0x0b57" sid="2903" name="FRANCE BLEU AUXERRE" type="2" provider="EUTELSAT" onid="1375" tsid="20900" namespace="0x0dde0000" radio="1" />
        <service id="0x0b58" sid="2904" name="FRANCE BLEU AZUR" type="2" provider="EUTELSAT" onid="1375" tsid="20900" namespace="0x0dde0000" radio="1" />
        <service id="0x0b59" sid="2905" name="FRANCE BLEU BASSE NORMANDIE" type="2" provider="EUTELSAT" onid="1375" tsid="20900" namespace="0x0dde0000" radio="1" />
        <service id="0x0b5a" sid="2906" name="FRANCE BLEU BEARN" type="2" provider="EUTELSAT" onid="1375" tsid="20900" namespace="0x0dde0000" radio="1" />
        <service id="0x0b5b" sid="2907" name="FRANCE BLEU BELFORT MONTBELIARD" type="2" provider="EUTELSAT" onid="1375" tsid="20900" namespace="0x0dde0000" radio="1" />
        <service id="0x0b5c" sid="2908" name="FRANCE BLEU BERRY" type="2" provider="EUTELSAT" onid="1375" tsid="20900" namespace="0x0dde0000" radio="1" />
        <service id="0x0b5d" sid="2909" name="FRANCE BLEU BESANCON" type="2" provider="EUTELSAT" onid="1375" tsid="20900" namespace="0x0dde0000" radio="1" />
        <service id="0x0b5e" sid="2910" name="FRANCE BLEU BOURGOGNE" type="2" provider="EUTELSAT" onid="1375" tsid="20900" namespace="0x0dde0000" radio="1" />
        <service id="0x0b5f" sid="2911" name="FRANCE BLEU BREIZH IZEL" type="2" provider="EUTELSAT" onid="1375" tsid="20900" namespace="0x0dde0000" radio="1" />
        <service id="0x0b60" sid="2912" name="FRANCE BLEU CHAMPAGNE" type="2" provider="EUTELSAT" onid="1375" tsid="20900" namespace="0x0dde0000" radio="1" />
        <service id="0x0b61" sid="2913" name="FRANCE BLEU COTENTIN" type="2" provider="EUTELSAT" onid="1375" tsid="20900" namespace="0x0dde0000" radio="1" />
        <service id="0x0b62" sid="2914" name="FRANCE BLEU CREUSE" type="2" provider="EUTELSAT" onid="1375" tsid="20900" namespace="0x0dde0000" radio="1" />
        <service id="0x0b63" sid="2915" name="FRANCE BLEU DROME ARDECHE" type="2" provider="EUTELSAT" onid="1375" tsid="20900" namespace="0x0dde0000" radio="1" />
        <service id="0x0b64" sid="2916" name="FRANCE BLEU FREQUENZA MORA" type="2" provider="EUTELSAT" onid="1375" tsid="20900" namespace="0x0dde0000" radio="1" />
        <service id="0x0b65" sid="2917" name="FRANCE BLEU GARD LOZERE" type="2" provider="EUTELSAT" onid="1375" tsid="20900" namespace="0x0dde0000" radio="1" />
        <service id="0x0b66" sid="2918" name="FRANCE BLEU GASCOGNE" type="2" provider="EUTELSAT" onid="1375" tsid="20900" namespace="0x0dde0000" radio="1" />
        <service id="0x0b67" sid="2919" name="FRANCE BLEU GIRONDE" type="2" provider="EUTELSAT" onid="1375" tsid="20900" namespace="0x0dde0000" radio="1" />
        <service id="0x0b68" sid="2920" name="FRANCE BLEU HAUTE NORMANDIE" type="2" provider="EUTELSAT" onid="1375" tsid="20900" namespace="0x0dde0000" radio="1" />
        <service id="0x0b69" sid="2921" name="FRANCE BLEU HERAULT" type="2" provider="EUTELSAT" onid="1375" tsid="20900" namespace="0x0dde0000" radio="1" />
        <service id="0x0b6a" sid="2922" name="FRANCE BLEU ISERE" type="2" provider="EUTELSAT" onid="1375" tsid="20900" namespace="0x0dde0000" radio="1" />
        <service id="0x0b6b" sid="2923" name="FRANCE BLEU LA ROCHELLE" type="2" provider="EUTELSAT" onid="1375" tsid="20900" namespace="0x0dde0000" radio="1" />
        <service id="0x0b6c" sid="2924" name="FRANCE BLEU LIMOUSIN" type="2" provider="EUTELSAT" onid="1375" tsid="20900" namespace="0x0dde0000" radio="1" />
        <service id="0x0b6d" sid="2925" name="FRANCE BLEU LOIRE OCEAN" type="2" provider="EUTELSAT" onid="1375" tsid="20900" namespace="0x0dde0000" radio="1" />
        <service id="0x0b6e" sid="2926" name="FRANCE BLEU LORRAINE NORD" type="2" provider="EUTELSAT" onid="1375" tsid="20900" namespace="0x0dde0000" radio="1" />
        <service id="0x0b6f" sid="2927" name="FRANCE BLEU MAINE" type="2" provider="EUTELSAT" onid="1375" tsid="20900" namespace="0x0dde0000" radio="1" />
        <service id="0x0b70" sid="2928" name="FRANCE BLEU MAYENNE" type="2" provider="EUTELSAT" onid="1375" tsid="20900" namespace="0x0dde0000" radio="1" />
        <service id="0x0b71" sid="2929" name="FRANCE BLEU NORD" type="2" provider="EUTELSAT" onid="1375" tsid="20900" namespace="0x0dde0000" radio="1" />
        <service id="0x0b72" sid="2930" name="FRANCE BLEU ORLEANS" type="2" provider="EUTELSAT" onid="1375" tsid="20900" namespace="0x0dde0000" radio="1" />
        <service id="0x0b73" sid="2931" name="FRANCE BLEU PAYS BASQUE" type="2" provider="EUTELSAT" onid="1375" tsid="20900" namespace="0x0dde0000" radio="1" />
        <service id="0x0b74" sid="2932" name="FRANCE BLEU PAYS D'AUVERGNE" type="2" provider="EUTELSAT" onid="1375" tsid="20900" namespace="0x0dde0000" radio="1" />
        <service id="0x0b75" sid="2933" name="FRANCE BLEU PAYS DE SAVOIE" type="2" provider="EUTELSAT" onid="1375" tsid="20900" namespace="0x0dde0000" radio="1" />
        <service id="0x0b76" sid="2934" name="FRANCE BLEU PERIGORD" type="2" provider="EUTELSAT" onid="1375" tsid="20900" namespace="0x0dde0000" radio="1" />
        <service id="0x0b77" sid="2935" name="FRANCE BLEU PICARDIE" type="2" provider="EUTELSAT" onid="1375" tsid="20900" namespace="0x0dde0000" radio="1" />
        <service id="0x0b78" sid="2936" name="FRANCE BLEU POITOU" type="2" provider="EUTELSAT" onid="1375" tsid="20900" namespace="0x0dde0000" radio="1" />
        <service id="0x0b79" sid="2937" name="FRANCE BLEU PROVENCE" type="2" provider="EUTELSAT" onid="1375" tsid="20900" namespace="0x0dde0000" radio="1" />
        <service id="0x0b7a" sid="2938" name="FRANCE BLEU ROUSSILLON" type="2" provider="EUTELSAT" onid="1375" tsid="20900" namespace="0x0dde0000" radio="1" />
        <service id="0x0b7b" sid="2939" name="FRANCE BLEU SAINT ETIENNE" type="2" provider="EUTELSAT" onid="1375" tsid="20900" namespace="0x0dde0000" radio="1" />
        <service id="0x0b7c" sid="2940" name="FRANCE BLEU SUD LORRAINE" type="2" provider="EUTELSAT" onid="1375" tsid="20900" namespace="0x0dde0000" radio="1" />
        <service id="0x0b7d" sid="2941" name="FRANCE BLEU TOULOUSE" type="2" provider="EUTELSAT" onid="1375" tsid="20900" namespace="0x0dde0000" radio="1" />
        <service id="0x0b7e" sid="2942" name="FRANCE BLEU TOURAINE" type="2" provider="EUTELSAT" onid="1375" tsid="20900" namespace="0x0dde0000" radio="1" />
        <service id="0x0b7f" sid="2943" name="FRANCE BLEU VAUCLUSE" type="2" provider="EUTELSAT" onid="1375" tsid="20900" namespace="0x0dde0000" radio="1" />
        <service id="0x0b8c" sid="2956" name="FRANCE CULTURE" type="2" provider="EUTELSAT" onid="1375" tsid="20900" namespace="0x0dde0000" radio="1" />
        <service id="0x0b8f" sid="2959" name="FRANCE INFO" type="2" provider="EUTELSAT" onid="1375" tsid="20900" namespace="0x0dde0000" radio="1" />
        <service id="0x0b8b" sid="2955" name="FRANCE INTER" type="2" provider="EUTELSAT" onid="1375" tsid="20900" namespace="0x0dde0000" radio="1" />
        <service id="0x0b8d" sid="2957" name="FRANCE MUSIQUE" type="2" provider="EUTELSAT" onid="1375" tsid="20900" namespace="0x0dde0000" radio="1" />
        <service id="0x0b90" sid="2960" name="LE MOUV" type="2" provider="EUTELSAT" onid="1375" tsid="20900" namespace="0x0dde0000" radio="1" />
        <service id="0x0ba3" sid="2979" name="METROPOLYS" type="2" provider="EUTELSAT" onid="1375" tsid="20900" namespace="0x0dde0000" radio="1" />
        <service id="0x0b93" sid="2963" name="NOSTALGIE" type="2" provider="EUTELSAT" onid="1375" tsid="20900" namespace="0x0dde0000" radio="1" />
        <service id="0x0b94" sid="2964" name="NRJ" type="2" provider="EUTELSAT" onid="1375" tsid="20900" namespace="0x0dde0000" radio="1" />
        <service id="0x0b9a" sid="2970" name="RADIO AFRICA N01" type="2" provider="EUTELSAT" onid="1375" tsid="20900" namespace="0x0dde0000" radio="1" />
        <service id="0x0b9f" sid="2975" name="RADIO ANTINEA" type="2" provider="EUTELSAT" onid="1375" tsid="20900" namespace="0x0dde0000" radio="1" />
        <service id="0x0b9e" sid="2974" name="RADIO BERBERE" type="2" provider="EUTELSAT" onid="1375" tsid="20900" namespace="0x0dde0000" radio="1" />
        <service id="0x0b99" sid="2969" name="RFM" type="2" provider="EUTELSAT" onid="1375" tsid="20900" namespace="0x0dde0000" radio="1" />
        <service id="0x0b95" sid="2965" name="RIRE ET CHANSONS" type="2" provider="EUTELSAT" onid="1375" tsid="20900" namespace="0x0dde0000" radio="1" />
        <service id="0x0b92" sid="2962" name="RMC" type="2" provider="EUTELSAT" onid="1375" tsid="20900" namespace="0x0dde0000" radio="1" />
        <service id="0x0b98" sid="2968" name="VIRGIN RADIO" type="2" provider="EUTELSAT" onid="1375" tsid="20900" namespace="0x0dde0000" radio="1" />
      </transponder>
    </satellite>
    <satellite key="0dde0000:526c:055e" name="Sat-5W" namespace="0x0dde0000" position="-5">
      <transponder key="0dde0000:526c:055e" frequency="12690000" symbol_rate="29950000" polarization="V" fec="3" system="0" modulation="0">
        <service id="0x044e" sid="1102" name="Label TV" type="22" provider="Eutelsat" onid="1374" tsid="21100" namespace="0x0dde0000" />
        <service id="0x049f" sid="1183" name="RCF" type="1" provider="" onid="1374" tsid="21100" namespace="0x0dde0000" />
        <service id="0x01ef" sid="495" name="RCF01_PAYS_DE_L_AIN" type="1" provider="" onid="1374" tsid="21100" namespace="0x0dde0000" />
        <service id="0x04a8" sid="1192" name="RCF03_ALLIER" type="1" provider="" onid="1374" tsid="21100" namespace="0x0dde0000" />
        <service id="0x04aa" sid="1194" name="RCF05_HAUTES_ALPES" type="1" provider="" onid="1374" tsid="21100" namespace="0x0dde0000" />
        <service id="0x01f0" sid="496" name="RCF07_VIVARAIS" type="1" provider="" onid="1374" tsid="21100" namespace="0x0dde0000" />
        <service id="0x04ac" sid="1196" name="RCF10_AUBE" type="1" provider="" onid="1374" tsid="21100" namespace="0x0dde0000" />
        <service id="0x01f1" sid="497" name="RCF11_PAYS_D_AUDE" type="1" provider="" onid="1374" tsid="21100" namespace="0x0dde0000" />
        <service id="0x01f2" sid="498" name="RCF18_BERRY" type="1" provider="" onid="1374" tsid="21100" namespace="0x0dde0000" />
        <service id="0x04a3" sid="1187" name="RCF21" type="1" provider="" onid="1374" tsid="21100" namespace="0x0dde0000" />
        <service id="0x04ab" sid="1195" name="RCF25_BESANCON" type="1" provider="" onid="1374" tsid="21100" namespace="0x0dde0000" />
        <service id="0x049a" sid="1178" name="RCF26" type="1" provider="" onid="1374" tsid="21100" namespace="0x0dde0000" />
        <service id="0x04a9" sid="1193" name="RCF33_BORDEAUX" type="1" provider="" onid="1374" tsid="21100" namespace="0x0dde0000" />
        <service id="0x01ee" sid="494" name="RCF35_ALPHA" type="1" provider="" onid="1374" tsid="21100" namespace="0x0dde0000" />
        <service id="0x04a4" sid="1188" name="RCF37" type="1" provider="" onid="1374" tsid="21100" namespace="0x0dde0000" />
        <service id="0x049d" sid="1181" name="RCF38_ISERE" type="1" provider="" onid="1374" tsid="21100" namespace="0x0dde0000" />
        <service id="0x049b" sid="1179" name="RCF41" type="1" provider="" onid="1374" tsid="21100" namespace="0x0dde0000" />
        <service id="0x04a1" sid="1185" name="RCF43_LE_PUY_EN_VELAY" type="1" provider="" onid="1374" tsid="21100" namespace="0x0dde0000" />
        <service id="0x045e" sid="1118" name="RCF49_ANJOU" type="1" provider="" onid="1374" tsid="21100" namespace="0x0dde0000" />
        <service id="0x04a5" sid="1189" name="RCF51" type="1" provider="" onid="1374" tsid="21100" namespace="0x0dde0000" />
        <service id="0x04ae" sid="1198" name="RCF51_MARNE_MEUSE" type="1" provider="" onid="1374" tsid="21100" namespace="0x0dde0000" />
        <service id="0x045f" sid="1119" name="RCF57_LORRAINE_MEUSE" type="1" provider="" onid="1374" tsid="21100" namespace="0x0dde0000" />
        <service id="0x04a0" sid="1184" name="RCF69_LYON_FOURVIERE" type="1" provider="" onid="1374" tsid="21100" namespace="0x0dde0000" />
        <service id="0x049c" sid="1180" name="RCF73_SAVOIE" type="1" provider="" onid="1374" tsid="21100" namespace="0x0dde0000" />
        <service id="0x04a7" sid="1191" name="RCF74_HAUTE_SAVOIE" type="1" provider="" onid="1374" tsid="21100" namespace="0x0dde0000" />
        <service id="0x04a6" sid="1190" name="RCF76" type="1" provider="" onid="1374" tsid="21100" namespace="0x0dde0000" />
        <service id="0x049e" sid="1182" name="RCF83_OUEST_VAR" type="1" provider="" onid="1374" tsid="21100" namespace="0x0dde0000" />
        <service id="0x04a2" sid="1186" name="RCF84_LUMIERES" type="1" provider="" onid="1374" tsid="21100" namespace="0x0dde0000" />
        <service id="0x04ad" sid="1197" name="RCF86_POITOU" type="1" provider="" onid="1374" tsid="21100" namespace="0x0dde0000" />
        <service id="0x01f3" sid="499" name="RCF_CORREZE" type="1" provider="" onid="1374" tsid="21100" namespace="0x0dde0000" />
        <service id="0x044d" sid="1101" name="VEOA Occasion" type="22" provider="Eutelsat" onid="1374" tsid="21100" namespace="0x0dde0000" />
        <service id="0x048f" sid="1167" name="FIP Region" type="2" provider="Eutelsat" onid="1374" tsid="21100" namespace="0x0dde0000" radio="1" />
        <service id="0x01cc" sid="460" name="France Bleu 107.1" type="2" provider="Eutelsat" onid="1374" tsid="21100" namespace="0x0dde0000" radio="1" />
        <service id="0x01cd" sid="461" name="France Bleu Alsace" type="2" provider="Eutelsat" onid="1374" tsid="21100" namespace="0x0dde0000" radio="1" />
        <service id="0x01ce" sid="462" name="France Bleu Armorique" type="2" provider="Eutelsat" onid="1374" tsid="21100" namespace="0x0dde0000" radio="1" />
        <service id="0x01cf" sid="463" name="France Bleu Auxerre" type="2" provider="Eutelsat" onid="1374" tsid="21100" namespace="0x0dde0000" radio="1" />
        <service id="0x01d0" sid="464" name="France Bleu Azur" type="2" provider="Eutelsat" onid="1374" tsid="21100" namespace="0x0dde0000" radio="1" />
        <service id="0x01d1" sid="465" name="France Bleu Basse Normandie" type="2" provider="Eutelsat" onid="1374" tsid="21100" namespace="0x0dde0000" radio="1" />
        <service id="0x01d2" sid="466" name="France Bleu Bearn" type="2" provider="Eutelsat" onid="1374" tsid="21100" namespace="0x0dde0000" radio="1" />
        <service id="0x01d3" sid="467" name="France Bleu Belfort Montbeliard" type="2" provider="Eutelsat" onid="1374" tsid="21100" namespace="0x0dde0000" radio="1" />
        <service id="0x01d4" sid="468" name="France Bleu Berry" type="2" provider="Eutelsat" onid="1374" tsid="21100" namespace="0x0dde0000" radio="1" />
        <service id="0x01d5" sid="469" name="France Bleu Besancon" type="2" provider="Eutelsat" onid="1374" tsid="21100" namespace="0x0dde0000" radio="1" />
        <service id="0x046a" sid="1130" name="France Bleu Bourgogne" type="2" provider="Eutelsat" onid="1374" tsid="21100" namespace="0x0dde0000" radio="1" />
        <service id="0x046b" sid="1131" name="France Bleu Breizh Izel" type="2" provider="Eutelsat" onid="1374" tsid="21100" namespace="0x0dde0000" radio="1" />
        <service id="0x046c" sid="1132" name="France Bleu Champagne" type="2" provider="Eutelsat" onid="1374" tsid="21100" namespace="0x0dde0000" radio="1" />
        <service id="0x046d" sid="1133" name="France Bleu Cotentin" type="2" provider="Eutelsat" onid="1374" tsid="21100" namespace="0x0dde0000" radio="1" />
        <service id="0x046e" sid="1134" name="France Bleu Creuse" type="2" provider="Eutelsat" onid="1374" tsid="21100" namespace="0x0dde0000" radio="1" />
        <service id="0x046f" sid="1135" name="France Bleu Drome Ardeche" type="2" provider="Eutelsat" onid="1374" tsid="21100" namespace="0x0dde0000" radio="1" />
        <service id="0x01d6" sid="470" name="France Bleu Frequenza Mora" type="2" provider="Eutelsat" onid="1374" tsid="21100" namespace="0x0dde0000" radio="1" />
        <service id="0x01d7" sid="471" name="France Bleu Gard Lozere" type="2" provider="Eutelsat" onid="1374" tsid="21100" namespace="0x0dde0000" radio="1" />
        <service id="0x01d8" sid="472" name="France Bleu Gascogne" type="2" provider="Eutelsat" onid="1374" tsid="21100" namespace="0x0dde0000" radio="1" />
        <service id="0x01d9" sid="473" name="France Bleu Gironde" type="2" provider="Eutelsat" onid="1374" tsid="21100" namespace="0x0dde0000" radio="1" />
        <service id="0x01da" sid="474" name="France Bleu Haute Normandie" type="2" provider="Eutelsat" onid="1374" tsid="21100" namespace="0x0dde0000" radio="1" />
        <service id="0x01db" sid="475" name="France Bleu Herault" type="2" provider="Eutelsat" onid="1374" tsid="21100" namespace="0x0dde0000" radio="1" />
        <service id="0x01dc" sid="476" name="France Bleu Isere" type="2" provider="Eutelsat" onid="1374" tsid="21100" namespace="0x0dde0000" radio="1" />
        <service id="0x01dd" sid="477" name="France Bleu La Rochelle" type="2" provider="Eutelsat" onid="1374" tsid="21100" namespace="0x0dde0000" radio="1" />
        <service id="0x01de" sid="478" name="France Bleu Limousin" type="2" provider="Eutelsat" onid="1374" tsid="21100" namespace="0x0dde0000" radio="1" />
        <service id="0x01df" sid="479" name="France Bleu Loire Ocean" type="2" provider="Eutelsat" onid="1374" tsid="21100" namespace="0x0dde0000" radio="1" />
        <service id="0x047a" sid="1146" name="France Bleu Lorraine Nord" type="2" provider="Eutelsat" onid="1374" tsid="21100" namespace="0x0dde0000" radio="1" />
        <service id="0x047b" sid="1147" name="France Bleu Maine" type="2" provider="Eutelsat" onid="1374" tsid="21100" namespace="0x0dde0000" radio="1" />
        <service id="0x047c" sid="1148" name="France Bleu Mayenne" type="2" provider="Eutelsat" onid="1374" tsid="21100" namespace="0x0dde0000" radio="1" />
        <service id="0x01eb" sid="491" name="France Bleu Natio" type="2" provider="Eutelsat" onid="1374" tsid="21100" namespace="0x0dde0000" radio="1" />
        <service id="0x047d" sid="1149" name="France Bleu Nord" type="2" provider="Eutelsat" onid="1374" tsid="21100" namespace="0x0dde0000" radio="1" />
        <service id="0x047e" sid="1150" name="France Bleu Orleans" type="2" provider="Eutelsat" onid="1374" tsid="21100" namespace="0x0dde0000" radio="1" />
        <service id="0x047f" sid="1151" name="France Bleu Pays Basque" type="2" provider="Eutelsat" onid="1374" tsid="21100" namespace="0x0dde0000" radio="1" />
        <service id="0x01e0" sid="480" name="France Bleu Pays d Auvergne" type="2" provider="Eutelsat" onid="1374" tsid="21100" namespace="0x0dde0000" radio="1" />
        <service id="0x01e1" sid="481" name="France Bleu Pays de Savoie" type="2" provider="Eutelsat" onid="1374" tsid="21100" namespace="0x0dde0000" radio="1" />
        <service id="0x01e2" sid="482" name="France Bleu Perigord" type="2" provider="Eutelsat" onid="1374" tsid="21100" namespace="0x0dde0000" radio="1" />
        <service id="0x01e3" sid="483" name="France Bleu Picardie" type="2" provider="Eutelsat" onid="1374" tsid="21100" namespace="0x0dde0000" radio="1" />
        <service id="0x01e4" sid="484" name="France Bleu Poitou" type="2" provider="Eutelsat" onid="1374" tsid="21100" namespace="0x0dde0000" radio="1" />
        <service id="0x01e5" sid="485" name="France Bleu Provence" type="2" provider="Eutelsat" onid="1374" tsid="21100" namespace="0x0dde0000" radio="1" />
        <service id="0x01e6" sid="486" name="France Bleu Roussillon" type="2" provider="Eutelsat" onid="1374" tsid="21100" namespace="0x0dde0000" radio="1" />
        <service id="0x01e7" sid="487" name="France Bleu Saint Etienne" type="2" provider="Eutelsat" onid="1374" tsid="21100" namespace="0x0dde0000" radio="1" />
        <service id="0x01e8" sid="488" name="France Bleu Sud Lorraine" type="2" provider="Eutelsat" onid="1374" tsid="21100" namespace="0x0dde0000" radio="1" />
        <service id="0x01e9" sid="489" name="France Bleu Toulouse" type="2" provider="Eutelsat" onid="1374" tsid="21100" namespace="0x0dde0000" radio="1" />
        <service id="0x048a" sid="1162" name="France Bleu Touraine" type="2" provider="Eutelsat" onid="1374" tsid="21100" namespace="0x0dde0000" radio="1" />
        <service id="0x048b" sid="1163" name="France Bleu Vaucluse" type="2" provider="Eutelsat" onid="1374" tsid="21100" namespace="0x0dde0000" radio="1" />
        <service id="0x01ec" sid="492" name="Mediadix3" type="2" provider="Eutelsat" onid="1374" tsid="21100" namespace="0x0dde0000" radio="1" />
        <service id="0x01ed" sid="493" name="Radio Esperance" type="2" provider="Eutelsat" onid="1374" tsid="21100" namespace="0x0dde0000" radio="1" />
        <service id="0x01ea" sid="490" name="RF Contrib" type="2" provider="Eutelsat" onid="1374" tsid="21100" namespace="0x0dde0000" radio="1" />
      </transponder>
    </satellite>
    <satellite key="0dde0000:5398:055f" name="Sat-5W" namespace="0x0dde0000" position="-5">
      <transponder key="0dde0000:5398:055f" frequency="11595000" symbol_rate="29950000" polarization="V" fec="2" system="0" modulation="0">
        <service id="0x058e" sid="1422" name="BFM BUSINESS" type="25" provider="EUTELSAT" onid="1375" tsid="21400" namespace="0x0dde0000" />
        <service id="0x058d" sid="1421" name="BFM PARIS" type="25" provider="EUTELSAT" onid="1375" tsid="21400" namespace="0x0dde0000" />
        <service id="0x00f6" sid="246" name="CANAL SAV" type="22" provider="EUTELSAT" onid="1375" tsid="21400" namespace="0x0dde0000" />
        <service id="0x058f" sid="1423" name="DISCOVERY CHANNEL" type="25" provider="EUTELSAT" onid="1375" tsid="21400" namespace="0x0dde0000" />
        <service id="0x00fc" sid="252" name="DISCOVERY FAMILY" type="25" provider="EUTELSAT" onid="1375" tsid="21400" namespace="0x0dde0000" />
        <service id="0x024e" sid="590" name="DISCOVERY ID" type="25" provider="EUTELSAT" onid="1375" tsid="21400" namespace="0x0dde0000" />
        <service id="0x00fb" sid="251" name="DISCOVERY SCIENCE" type="25" provider="EUTELSAT" onid="1375" tsid="21400" namespace="0x0dde0000" />
        <service id="0x024f" sid="591" name="I24 NEWS" type="25" provider="EUTELSAT" onid="1375" tsid="21400" namespace="0x0dde0000" />
        <service id="0x00fa" sid="250" name="MY CUISINE" type="25" provider="EUTELSAT" onid="1375" tsid="21400" namespace="0x0dde0000" />
        <service id="0x00f8" sid="248" name="RT FRANCE" type="22" provider="EUTELSAT" onid="1375" tsid="21400" namespace="0x0dde0000" />
        <service id="0x058c" sid="1420" name="SFR SAT" type="25" provider="EUTELSAT" onid="1375" tsid="21400" namespace="0x0dde0000" />
      </transponder>
    </satellite>
    <satellite key="0dde0000:7788:055f" name="Sat-5W" namespace="0x0dde0000" position="-5">
      <transponder key="0dde0000:7788:055f" frequency="12732000" symbol_rate="29950000" polarization="V" fec="2" system="0" modulation="0">
        <service id="0x06a5" sid="1701" name="FRANSAT ULTRA HD DEMO" type="25" provider="EUTELSAT" onid="1375" tsid="30600" namespace="0x0dde0000" />
        <service id="0x06a7" sid="1703" name="FRANSAT ULTRA HD DEMO 3" type="25" provider="EUTELSAT" onid="1375" tsid="30600" namespace="0x0dde0000" />
        <service id="0x06a6" sid="1702" name="NASA TV UHD" type="31" provider="EUTELSAT" onid="1375" tsid="30600" namespace="0x0dde0000" />
        <service id="0x06a8" sid="1704" name="RMC SPORT 1 UHD" type="31" provider="EUTELSAT" onid="1375" tsid="30600" namespace="0x0dde0000" />
      </transponder>
    </satellite>
  </satellites>
</zapit>
