<?xml version='1.0' encoding='utf-8'?>
<zapit>
  <bouquet name="General" category="tv">
    <channel service_ref="1:0:1:00d3:0002:0001:0d7a0000:0:0:0:" name="Church of Jesus Christ" service_name="Church of Jesus Christ" provider="" sid="211" onid="1" tsid="2" />
    <channel service_ref="1:0:1:0001:0001:0001:0d7a312c:0:0:0:" name="DAD 4 - FT-11" service_name="DAD 4 - FT-11" provider="NBC News" sid="1" onid="1" tsid="1" />
    <channel service_ref="1:0:1:0002:0001:0001:0d7a312c:0:0:0:" name="DAD 5 - FT-12" service_name="DAD 5 - FT-12" provider="NBC News" sid="2" onid="1" tsid="1" />
    <channel service_ref="1:0:1:0001:0000:0000:0d7a30e9:0:0:0:" name="DAD-5 Fiber TX-12" service_name="DAD-5 Fiber TX-12" provider="NBC SATOPS" sid="1" onid="0" tsid="0" />
    <channel service_ref="1:0:1:00b5:0001:0000:0d7a3141:0:0:0:" name="Espn 901" service_name="Espn 901" provider="ESPN" sid="181" onid="0" tsid="1" />
    <channel service_ref="1:0:1:00b6:0001:0000:0d7a3141:0:0:0:" name="Espn 902" service_name="Espn 902" provider="ESPN" sid="182" onid="0" tsid="1" />
    <channel service_ref="1:0:1:00cd:0002:0001:0d7a0000:0:0:0:" name="EU Swe - Fin" service_name="EU Swe - Fin" provider="" sid="205" onid="1" tsid="2" />
    <channel service_ref="1:0:1:00d4:0002:0001:0d7a0000:0:0:0:" name="EU: Arm - Bul" service_name="EU: Arm - Bul" provider="" sid="212" onid="1" tsid="2" />
    <channel service_ref="1:0:1:00cf:0002:0001:0d7a0000:0:0:0:" name="EU: Dut - Man" service_name="EU: Dut - Man" provider="" sid="207" onid="1" tsid="2" />
    <channel service_ref="1:0:1:00d6:0002:0001:0d7a0000:0:0:0:" name="EU: Eng - Fre" service_name="EU: Eng - Fre" provider="" sid="214" onid="1" tsid="2" />
    <channel service_ref="1:0:1:00c9:0002:0001:0d7a0000:0:0:0:" name="EU: Eng - Ger" service_name="EU: Eng - Ger" provider="" sid="201" onid="1" tsid="2" />
    <channel service_ref="1:0:1:00cb:0002:0001:0d7a0000:0:0:0:" name="EU: Eng - Ita" service_name="EU: Eng - Ita" provider="" sid="203" onid="1" tsid="2" />
    <channel service_ref="1:0:1:00d5:0002:0001:0d7a0000:0:0:0:" name="EU: Eng - Por" service_name="EU: Eng - Por" provider="" sid="213" onid="1" tsid="2" />
    <channel service_ref="1:0:1:00ce:0002:0001:0d7a0000:0:0:0:" name="EU: Eng - Rus" service_name="EU: Eng - Rus" provider="" sid="206" onid="1" tsid="2" />
    <channel service_ref="1:0:1:00d7:0002:0001:0d7a0000:0:0:0:" name="EU: Eng - Spa" service_name="EU: Eng - Spa" provider="" sid="215" onid="1" tsid="2" />
    <channel service_ref="1:0:1:00d2:0002:0001:0d7a0000:0:0:0:" name="EU: Est - Ukr" service_name="EU: Est - Ukr" provider="" sid="210" onid="1" tsid="2" />
    <channel service_ref="1:0:1:00d9:0002:0001:0d7a0000:0:0:0:" name="EU: Far - Lat" service_name="EU: Far - Lat" provider="" sid="217" onid="1" tsid="2" />
    <channel service_ref="1:0:1:00d8:0002:0001:0d7a0000:0:0:0:" name="EU: Gre - Cze" service_name="EU: Gre - Cze" provider="" sid="216" onid="1" tsid="2" />
    <channel service_ref="1:0:1:00d0:0002:0001:0d7a0000:0:0:0:" name="EU: Hun - Rom" service_name="EU: Hun - Rom" provider="" sid="208" onid="1" tsid="2" />
    <channel service_ref="1:0:1:00cc:0002:0001:0d7a0000:0:0:0:" name="EU: Nor - Dan" service_name="EU: Nor - Dan" provider="" sid="204" onid="1" tsid="2" />
    <channel service_ref="1:0:1:00d1:0002:0001:0d7a0000:0:0:0:" name="EU: Pol - Alb" service_name="EU: Pol - Alb" provider="" sid="209" onid="1" tsid="2" />
    <channel service_ref="1:0:1:00ca:0002:0001:0d7a0000:0:0:0:" name="EU: Spa - Por" service_name="EU: Spa - Por" provider="" sid="202" onid="1" tsid="2" />
    <channel service_ref="1:0:1:0001:0000:0000:0d7a30da:0:0:0:" name="MSNBC feed" service_name="MSNBC feed" provider="" sid="1" onid="0" tsid="0" />
  </bouquet>
  <bouquet name="News" category="tv">
    <channel service_ref="1:0:1:0001:0001:0001:0d7a312c:0:0:0:" name="DAD 4 - FT-11" service_name="DAD 4 - FT-11" provider="NBC News" sid="1" onid="1" tsid="1" />
    <channel service_ref="1:0:1:0002:0001:0001:0d7a312c:0:0:0:" name="DAD 5 - FT-12" service_name="DAD 5 - FT-12" provider="NBC News" sid="2" onid="1" tsid="1" />
  </bouquet>
  <bouquet name="Sports" category="tv">
    <channel service_ref="1:0:1:00b5:0001:0000:0d7a3141:0:0:0:" name="Espn 901" service_name="Espn 901" provider="ESPN" sid="181" onid="0" tsid="1" />
    <channel service_ref="1:0:1:00b6:0001:0000:0d7a3141:0:0:0:" name="Espn 902" service_name="Espn 902" provider="ESPN" sid="182" onid="0" tsid="1" />
  </bouquet>
  <bouquet name="ARD/ZDF" category="tv">
    <channel service_ref="1:0:1:00d3:0002:0001:0d7a0000:0:0:0:" name="Church of Jesus Christ" service_name="Church of Jesus Christ" provider="" sid="211" onid="1" tsid="2" />
  </bouquet>
  <bouquet name="Switzerland" category="tv">
    <channel service_ref="1:0:1:0001:0000:0000:0d7a30e9:0:0:0:" name="DAD-5 Fiber TX-12" service_name="DAD-5 Fiber TX-12" provider="NBC SATOPS" sid="1" onid="0" tsid="0" />
  </bouquet>
  <bouquet name="Others" category="tv">
    <channel service_ref="1:0:1:00cd:0002:0001:0d7a0000:0:0:0:" name="EU Swe - Fin" service_name="EU Swe - Fin" provider="" sid="205" onid="1" tsid="2" />
    <channel service_ref="1:0:1:00d4:0002:0001:0d7a0000:0:0:0:" name="EU: Arm - Bul" service_name="EU: Arm - Bul" provider="" sid="212" onid="1" tsid="2" />
    <channel service_ref="1:0:1:00cf:0002:0001:0d7a0000:0:0:0:" name="EU: Dut - Man" service_name="EU: Dut - Man" provider="" sid="207" onid="1" tsid="2" />
    <channel service_ref="1:0:1:00d6:0002:0001:0d7a0000:0:0:0:" name="EU: Eng - Fre" service_name="EU: Eng - Fre" provider="" sid="214" onid="1" tsid="2" />
    <channel service_ref="1:0:1:00c9:0002:0001:0d7a0000:0:0:0:" name="EU: Eng - Ger" service_name="EU: Eng - Ger" provider="" sid="201" onid="1" tsid="2" />
    <channel service_ref="1:0:1:00cb:0002:0001:0d7a0000:0:0:0:" name="EU: Eng - Ita" service_name="EU: Eng - Ita" provider="" sid="203" onid="1" tsid="2" />
    <channel service_ref="1:0:1:00d5:0002:0001:0d7a0000:0:0:0:" name="EU: Eng - Por" service_name="EU: Eng - Por" provider="" sid="213" onid="1" tsid="2" />
    <channel service_ref="1:0:1:00ce:0002:0001:0d7a0000:0:0:0:" name="EU: Eng - Rus" service_name="EU: Eng - Rus" provider="" sid="206" onid="1" tsid="2" />
    <channel service_ref="1:0:1:00d7:0002:0001:0d7a0000:0:0:0:" name="EU: Eng - Spa" service_name="EU: Eng - Spa" provider="" sid="215" onid="1" tsid="2" />
    <channel service_ref="1:0:1:00d2:0002:0001:0d7a0000:0:0:0:" name="EU: Est - Ukr" service_name="EU: Est - Ukr" provider="" sid="210" onid="1" tsid="2" />
    <channel service_ref="1:0:1:00d9:0002:0001:0d7a0000:0:0:0:" name="EU: Far - Lat" service_name="EU: Far - Lat" provider="" sid="217" onid="1" tsid="2" />
    <channel service_ref="1:0:1:00d8:0002:0001:0d7a0000:0:0:0:" name="EU: Gre - Cze" service_name="EU: Gre - Cze" provider="" sid="216" onid="1" tsid="2" />
    <channel service_ref="1:0:1:00d0:0002:0001:0d7a0000:0:0:0:" name="EU: Hun - Rom" service_name="EU: Hun - Rom" provider="" sid="208" onid="1" tsid="2" />
    <channel service_ref="1:0:1:00cc:0002:0001:0d7a0000:0:0:0:" name="EU: Nor - Dan" service_name="EU: Nor - Dan" provider="" sid="204" onid="1" tsid="2" />
    <channel service_ref="1:0:1:00d1:0002:0001:0d7a0000:0:0:0:" name="EU: Pol - Alb" service_name="EU: Pol - Alb" provider="" sid="209" onid="1" tsid="2" />
    <channel service_ref="1:0:1:00ca:0002:0001:0d7a0000:0:0:0:" name="EU: Spa - Por" service_name="EU: Spa - Por" provider="" sid="202" onid="1" tsid="2" />
    <channel service_ref="1:0:1:0001:0000:0000:0d7a30da:0:0:0:" name="MSNBC feed" service_name="MSNBC feed" provider="" sid="1" onid="0" tsid="0" />
  </bouquet>
  <bouquet name="Radio" category="radio">
    <channel service_ref="1:0:2:0014:0001:0001:0d7aacf2:0:0:0:" name="EXRN1" service_name="EXRN1" provider="International Datacasting" sid="20" onid="1" tsid="1" />
    <channel service_ref="1:0:2:0015:0001:0001:0d7aacf2:0:0:0:" name="EXRN2" service_name="EXRN2" provider="International Datacasting" sid="21" onid="1" tsid="1" />
  </bouquet>
</zapit>
