<?xml version='1.0' encoding='utf-8'?>
<zapit api="4">
  <terrestrials>
    <terrestrial key="eeee0000:27fb:0148" name="STUDIO1" namespace="0xeeee0000">
      <transponder key="eeee0000:27fb:0148" frequency="554000000" symbol_rate="0" polarization="H" fec="5" system="0" modulation="4">
        <service id="0x00ce" sid="206" name="ARTE INVESTIMENTI" type="1" provider="STUDIO1" onid="328" tsid="10235" namespace="0xeeee0000" />
        <service id="0x00ca" sid="202" name="BFC" type="1" provider="STUDIO1" onid="328" tsid="10235" namespace="0xeeee0000" />
        <service id="0x00cb" sid="203" name="BIKE" type="1" provider="STUDIO1" onid="328" tsid="10235" namespace="0xeeee0000" />
        <service id="0x002b" sid="43" name="CR1 TEST RAIWAY" type="1" provider="STUDIO1" onid="328" tsid="10235" namespace="0xeeee0000" />
        <service id="0x0004" sid="4" name="CREMONA 1" type="1" provider="STUDIO1" onid="328" tsid="10235" namespace="0xeeee0000" />
        <service id="0x0001" sid="1" name="CREMONA1" type="1" provider="STUDIO1" onid="328" tsid="10235" namespace="0xeeee0000" />
        <service id="0x006c" sid="108" name="DELUXE139 Provvisorio" type="1" provider="STUDIO1" onid="328" tsid="10235" namespace="0xeeee0000" />
        <service id="0x006a" sid="106" name="DONNA SHOPPING182" type="1" provider="STUDIO1" onid="328" tsid="10235" namespace="0xeeee0000" />
        <service id="0x000f" sid="15" name="GENIUS 240" type="1" provider="STUDIO1" onid="328" tsid="10235" namespace="0xeeee0000" />
        <service id="0x0009" sid="9" name="GIORNALE RADIO" type="1" provider="STUDIO1" onid="328" tsid="10235" namespace="0xeeee0000" />
        <service id="0x000c" sid="12" name="LA 8" type="1" provider="STUDIO1" onid="328" tsid="10235" namespace="0xeeee0000" />
        <service id="0x006d" sid="109" name="LA 9 NORD" type="1" provider="STUDIO1" onid="328" tsid="10235" namespace="0xeeee0000" />
        <service id="0x00c9" sid="201" name="PREMIO LIVE" type="1" provider="STUDIO1" onid="328" tsid="10235" namespace="0xeeee0000" />
        <service id="0x00cd" sid="205" name="PREMIO SPORT" type="1" provider="STUDIO1" onid="328" tsid="10235" namespace="0xeeee0000" />
        <service id="0x002a" sid="42" name="QTV" type="1" provider="STUDIO1" onid="328" tsid="10235" namespace="0xeeee0000" />
        <service id="0x002c" sid="44" name="RADIO BIRIKINA TV" type="1" provider="STUDIO1" onid="328" tsid="10235" namespace="0xeeee0000" />
        <service id="0x0008" sid="8" name="RADIO BRUNO" type="1" provider="STUDIO1" onid="328" tsid="10235" namespace="0xeeee0000" />
        <service id="0x0005" sid="5" name="STUDIO 1" type="1" provider="STUDIO1" onid="328" tsid="10235" namespace="0xeeee0000" />
        <service id="0x0003" sid="3" name="STUDIO LIVE" type="1" provider="STUDIO1" onid="328" tsid="10235" namespace="0xeeee0000" />
        <service id="0x0002" sid="2" name="STUDIO1" type="1" provider="STUDIO1" onid="328" tsid="10235" namespace="0xeeee0000" />
        <service id="0x002e" sid="46" name="TELECAMPIONE" type="1" provider="STUDIO1" onid="328" tsid="10235" namespace="0xeeee0000" />
        <service id="0x0006" sid="6" name="TESORY CHANNEL" type="1" provider="STUDIO1" onid="328" tsid="10235" namespace="0xeeee0000" />
        <service id="0x00cc" sid="204" name="WELCOME IN" type="1" provider="STUDIO1" onid="328" tsid="10235" namespace="0xeeee0000" />
        <service id="0x0029" sid="41" name="ZETA TV" type="1" provider="STUDIO1" onid="328" tsid="10235" namespace="0xeeee0000" />
      </transponder>
    </terrestrial>
  </terrestrials>
</zapit>
