<?xml version='1.0' encoding='utf-8'?>
<zapit>
  <bouquet name="General" category="tv">
    <channel service_ref="1:0:1:026e:3034:217c:eeee0000:0:0:0:" name="Davvero TV" service_name="Davvero TV" provider="Byoblue" sid="622" onid="8572" tsid="12340" />
    <channel service_ref="1:0:1:0028:3034:217c:eeee0000:0:0:0:" name="DITV" service_name="DITV" provider="DITV" sid="40" onid="8572" tsid="12340" />
    <channel service_ref="1:0:1:0067:3034:217c:eeee0000:0:0:0:" name="DITV" service_name="DITV" provider="DITV" sid="103" onid="8572" tsid="12340" />
    <channel service_ref="1:0:1:00d2:3034:217c:eeee0000:0:0:0:" name="DITV 210" service_name="DITV 210" provider="ditv" sid="210" onid="8572" tsid="12340" />
    <channel service_ref="1:0:1:0029:3034:217c:eeee0000:0:0:0:" name="DITV 92" service_name="DITV 92" provider="DITV" sid="41" onid="8572" tsid="12340" />
    <channel service_ref="1:0:1:005d:3034:217c:eeee0000:0:0:0:" name="Giovanni paolo TV" service_name="Giovanni paolo TV" provider="GPTV" sid="93" onid="8572" tsid="12340" />
    <channel service_ref="1:0:1:000f:3034:217c:eeee0000:0:0:0:" name="MS SPORT" service_name="MS SPORT" provider="" sid="15" onid="8572" tsid="12340" />
    <channel service_ref="1:0:1:00be:3034:217c:eeee0000:0:0:0:" name="Policinema" service_name="Policinema" provider="itc" sid="190" onid="8572" tsid="12340" />
    <channel service_ref="1:0:1:00c2:3034:217c:eeee0000:0:0:0:" name="radio 4 you" service_name="radio 4 you" provider="radio 4 you" sid="194" onid="8572" tsid="12340" />
    <channel service_ref="1:0:1:03e8:3034:217c:eeee0000:0:0:0:" name="RADIO BRUNO TV" service_name="RADIO BRUNO TV" provider="DITV" sid="1000" onid="8572" tsid="12340" />
    <channel service_ref="1:0:1:03ed:3034:217c:eeee0000:0:0:0:" name="Radio Musica" service_name="Radio Musica" provider="" sid="1005" onid="8572" tsid="12340" />
    <channel service_ref="1:0:1:02a4:3034:217c:eeee0000:0:0:0:" name="Radio Radio" service_name="Radio Radio" provider="Radio Radio" sid="676" onid="8572" tsid="12340" />
    <channel service_ref="1:0:1:00a0:3034:217c:eeee0000:0:0:0:" name="supersix" service_name="supersix" provider="supersix" sid="160" onid="8572" tsid="12340" />
    <channel service_ref="1:0:1:0005:3034:217c:eeee0000:0:0:0:" name="Telecentro-Odeon" service_name="Telecentro-Odeon" provider="Mainlevel" sid="5" onid="8572" tsid="12340" />
    <channel service_ref="1:0:1:0004:3034:217c:eeee0000:0:0:0:" name="TeleFerrara live" service_name="TeleFerrara live" provider="itc" sid="4" onid="8572" tsid="12340" />
    <channel service_ref="1:0:1:0025:3034:217c:eeee0000:0:0:0:" name="TELEPACE" service_name="TELEPACE" provider="TELEPACE" sid="37" onid="8572" tsid="12340" />
    <channel service_ref="1:0:1:0001:3034:217c:eeee0000:0:0:0:" name="TELESANTERNO" service_name="TELESANTERNO" provider="GTV" sid="1" onid="8572" tsid="12340" />
    <channel service_ref="1:0:1:00ba:3034:217c:eeee0000:0:0:0:" name="TELESANTERNO 3" service_name="TELESANTERNO 3" provider="ts3" sid="186" onid="8572" tsid="12340" />
    <channel service_ref="1:0:1:0003:3034:217c:eeee0000:0:0:0:" name="Telestense" service_name="Telestense" provider="R.E.I." sid="3" onid="8572" tsid="12340" />
    <channel service_ref="1:0:1:012a:3034:217c:eeee0000:0:0:0:" name="Telestense" service_name="Telestense" provider="R.E.I." sid="298" onid="8572" tsid="12340" />
    <channel service_ref="1:0:1:000d:3034:217c:eeee0000:0:0:0:" name="TVQUI" service_name="TVQUI" provider="TVQUI" sid="13" onid="8572" tsid="12340" />
    <channel service_ref="1:0:1:006c:3034:217c:eeee0000:0:0:0:" name="Via Emilia TV" service_name="Via Emilia TV" provider="SCT" sid="108" onid="8572" tsid="12340" />
  </bouquet>
  <bouquet name="Movies" category="tv">
    <channel service_ref="1:0:1:00be:3034:217c:eeee0000:0:0:0:" name="Policinema" service_name="Policinema" provider="itc" sid="190" onid="8572" tsid="12340" />
  </bouquet>
  <bouquet name="Sports" category="tv">
    <channel service_ref="1:0:1:000f:3034:217c:eeee0000:0:0:0:" name="MS SPORT" service_name="MS SPORT" provider="" sid="15" onid="8572" tsid="12340" />
  </bouquet>
  <bouquet name="Music" category="tv">
    <channel service_ref="1:0:1:03ed:3034:217c:eeee0000:0:0:0:" name="Radio Musica" service_name="Radio Musica" provider="" sid="1005" onid="8572" tsid="12340" />
  </bouquet>
  <bouquet name="ARD/ZDF" category="tv">
    <channel service_ref="1:0:1:03e8:3034:217c:eeee0000:0:0:0:" name="RADIO BRUNO TV" service_name="RADIO BRUNO TV" provider="DITV" sid="1000" onid="8572" tsid="12340" />
  </bouquet>
  <bouquet name="Switzerland" category="tv">
    <channel service_ref="1:0:1:0005:3034:217c:eeee0000:0:0:0:" name="Telecentro-Odeon" service_name="Telecentro-Odeon" provider="Mainlevel" sid="5" onid="8572" tsid="12340" />
    <channel service_ref="1:0:1:0004:3034:217c:eeee0000:0:0:0:" name="TeleFerrara live" service_name="TeleFerrara live" provider="itc" sid="4" onid="8572" tsid="12340" />
    <channel service_ref="1:0:1:0025:3034:217c:eeee0000:0:0:0:" name="TELEPACE" service_name="TELEPACE" provider="TELEPACE" sid="37" onid="8572" tsid="12340" />
    <channel service_ref="1:0:1:0001:3034:217c:eeee0000:0:0:0:" name="TELESANTERNO" service_name="TELESANTERNO" provider="GTV" sid="1" onid="8572" tsid="12340" />
    <channel service_ref="1:0:1:00ba:3034:217c:eeee0000:0:0:0:" name="TELESANTERNO 3" service_name="TELESANTERNO 3" provider="ts3" sid="186" onid="8572" tsid="12340" />
    <channel service_ref="1:0:1:0003:3034:217c:eeee0000:0:0:0:" name="Telestense" service_name="Telestense" provider="R.E.I." sid="3" onid="8572" tsid="12340" />
    <channel service_ref="1:0:1:012a:3034:217c:eeee0000:0:0:0:" name="Telestense" service_name="Telestense" provider="R.E.I." sid="298" onid="8572" tsid="12340" />
  </bouquet>
  <bouquet name="Others" category="tv">
    <channel service_ref="1:0:1:026e:3034:217c:eeee0000:0:0:0:" name="Davvero TV" service_name="Davvero TV" provider="Byoblue" sid="622" onid="8572" tsid="12340" />
    <channel service_ref="1:0:1:0028:3034:217c:eeee0000:0:0:0:" name="DITV" service_name="DITV" provider="DITV" sid="40" onid="8572" tsid="12340" />
    <channel service_ref="1:0:1:0067:3034:217c:eeee0000:0:0:0:" name="DITV" service_name="DITV" provider="DITV" sid="103" onid="8572" tsid="12340" />
    <channel service_ref="1:0:1:00d2:3034:217c:eeee0000:0:0:0:" name="DITV 210" service_name="DITV 210" provider="ditv" sid="210" onid="8572" tsid="12340" />
    <channel service_ref="1:0:1:0029:3034:217c:eeee0000:0:0:0:" name="DITV 92" service_name="DITV 92" provider="DITV" sid="41" onid="8572" tsid="12340" />
    <channel service_ref="1:0:1:005d:3034:217c:eeee0000:0:0:0:" name="Giovanni paolo TV" service_name="Giovanni paolo TV" provider="GPTV" sid="93" onid="8572" tsid="12340" />
    <channel service_ref="1:0:1:00c2:3034:217c:eeee0000:0:0:0:" name="radio 4 you" service_name="radio 4 you" provider="radio 4 you" sid="194" onid="8572" tsid="12340" />
    <channel service_ref="1:0:1:02a4:3034:217c:eeee0000:0:0:0:" name="Radio Radio" service_name="Radio Radio" provider="Radio Radio" sid="676" onid="8572" tsid="12340" />
    <channel service_ref="1:0:1:00a0:3034:217c:eeee0000:0:0:0:" name="supersix" service_name="supersix" provider="supersix" sid="160" onid="8572" tsid="12340" />
    <channel service_ref="1:0:1:000d:3034:217c:eeee0000:0:0:0:" name="TVQUI" service_name="TVQUI" provider="TVQUI" sid="13" onid="8572" tsid="12340" />
    <channel service_ref="1:0:1:006c:3034:217c:eeee0000:0:0:0:" name="Via Emilia TV" service_name="Via Emilia TV" provider="SCT" sid="108" onid="8572" tsid="12340" />
  </bouquet>
  <bouquet name="UK" category="tv">
    <channel service_ref="1:0:1:0028:3034:217c:eeee0000:0:0:0:" name="DITV" service_name="DITV" provider="DITV" sid="40" onid="8572" tsid="12340" />
    <channel service_ref="1:0:1:0067:3034:217c:eeee0000:0:0:0:" name="DITV" service_name="DITV" provider="DITV" sid="103" onid="8572" tsid="12340" />
    <channel service_ref="1:0:1:00d2:3034:217c:eeee0000:0:0:0:" name="DITV 210" service_name="DITV 210" provider="ditv" sid="210" onid="8572" tsid="12340" />
    <channel service_ref="1:0:1:0029:3034:217c:eeee0000:0:0:0:" name="DITV 92" service_name="DITV 92" provider="DITV" sid="41" onid="8572" tsid="12340" />
    <channel service_ref="1:0:1:03e8:3034:217c:eeee0000:0:0:0:" name="RADIO BRUNO TV" service_name="RADIO BRUNO TV" provider="DITV" sid="1000" onid="8572" tsid="12340" />
  </bouquet>
  <bouquet name="Radio" category="radio">
    <channel service_ref="1:0:2:03eb:3034:217c:eeee0000:0:0:0:" name="RADIO CENTRALE" service_name="RADIO CENTRALE" provider="Radio Centrale" sid="1003" onid="8572" tsid="12340" />
  </bouquet>
  <bouquet name="Digitale Terrestre" category="tv">
    <channel service_ref="1:0:1:c2:3034:217c:eeee0000:0:0:0:" name="radio 4 you" service_name="radio 4 you" provider="radio 4 you" sid="194" onid="8572" tsid="12340" />
    <channel service_ref="1:0:1:3ed:3034:217c:eeee0000:0:0:0:" name="Radio Musica" service_name="Radio Musica" provider="" sid="1005" onid="8572" tsid="12340" />
    <channel service_ref="1:0:1:5d:3034:217c:eeee0000:0:0:0:" name="Giovanni paolo TV" service_name="Giovanni paolo TV" provider="GPTV" sid="93" onid="8572" tsid="12340" />
    <channel service_ref="1:0:1:1:3034:217c:eeee0000:0:0:0:" name="TELESANTERNO" service_name="TELESANTERNO" provider="GTV" sid="1" onid="8572" tsid="12340" />
    <channel service_ref="1:0:1:ba:3034:217c:eeee0000:0:0:0:" name="TELESANTERNO 3" service_name="TELESANTERNO 3" provider="ts3" sid="186" onid="8572" tsid="12340" />
    <channel service_ref="1:0:1:3:3034:217c:eeee0000:0:0:0:" name="Telestense" service_name="Telestense" provider="R.E.I." sid="3" onid="8572" tsid="12340" />
    <channel service_ref="1:0:1:4:3034:217c:eeee0000:0:0:0:" name="TeleFerrara live" service_name="TeleFerrara live" provider="itc" sid="4" onid="8572" tsid="12340" />
    <channel service_ref="1:0:1:5:3034:217c:eeee0000:0:0:0:" name="Telecentro-Odeon" service_name="Telecentro-Odeon" provider="Mainlevel" sid="5" onid="8572" tsid="12340" />
    <channel service_ref="1:0:1:d2:3034:217c:eeee0000:0:0:0:" name="DITV 210" service_name="DITV 210" provider="ditv" sid="210" onid="8572" tsid="12340" />
    <channel service_ref="1:0:1:6c:3034:217c:eeee0000:0:0:0:" name="Via Emilia TV" service_name="Via Emilia TV" provider="SCT" sid="108" onid="8572" tsid="12340" />
    <channel service_ref="1:0:1:be:3034:217c:eeee0000:0:0:0:" name="Policinema" service_name="Policinema" provider="itc" sid="190" onid="8572" tsid="12340" />
    <channel service_ref="1:0:1:26e:3034:217c:eeee0000:0:0:0:" name="Davvero TV" service_name="Davvero TV" provider="Byoblue" sid="622" onid="8572" tsid="12340" />
    <channel service_ref="1:0:1:2a4:3034:217c:eeee0000:0:0:0:" name="Radio Radio" service_name="Radio Radio" provider="Radio Radio" sid="676" onid="8572" tsid="12340" />
    <channel service_ref="1:0:1:3e8:3034:217c:eeee0000:0:0:0:" name="RADIO BRUNO TV" service_name="RADIO BRUNO TV" provider="DITV" sid="1000" onid="8572" tsid="12340" />
    <channel service_ref="1:0:1:12a:3034:217c:eeee0000:0:0:0:" name="Telestense" service_name="Telestense" provider="R.E.I." sid="298" onid="8572" tsid="12340" />
    <channel service_ref="1:0:2:3eb:3034:217c:eeee0000:0:0:0:" name="RADIO CENTRALE" service_name="RADIO CENTRALE" provider="Radio Centrale" sid="1003" onid="8572" tsid="12340" />
  </bouquet>
  <bouquet name="Digitale Terrestre" category="tv">
    <channel service_ref="1:0:1:1:3034:217c:eeee0000:0:0:0:" name="TELESANTERNO" service_name="TELESANTERNO" provider="GTV" sid="1" onid="8572" tsid="12340" />
    <channel service_ref="1:0:1:6c:3034:217c:eeee0000:0:0:0:" name="Via Emilia TV" service_name="Via Emilia TV" provider="SCT" sid="108" onid="8572" tsid="12340" />
    <channel service_ref="1:0:1:ba:3034:217c:eeee0000:0:0:0:" name="TELESANTERNO 3" service_name="TELESANTERNO 3" provider="ts3" sid="186" onid="8572" tsid="12340" />
    <channel service_ref="1:0:1:5:3034:217c:eeee0000:0:0:0:" name="Telecentro-Odeon" service_name="Telecentro-Odeon" provider="Mainlevel" sid="5" onid="8572" tsid="12340" />
    <channel service_ref="1:0:1:3:3034:217c:eeee0000:0:0:0:" name="Telestense" service_name="Telestense" provider="R.E.I." sid="3" onid="8572" tsid="12340" />
    <channel service_ref="1:0:1:4:3034:217c:eeee0000:0:0:0:" name="TeleFerrara live" service_name="TeleFerrara live" provider="itc" sid="4" onid="8572" tsid="12340" />
  </bouquet>
</zapit>
