<?xml version='1.0' encoding='utf-8'?>
<zapit api="4">
  <satellites>
    <satellite key="0ce40000:0001:22d4" name="Sat-30W" namespace="0x0ce40000" position="-30">
      <transponder key="0ce40000:0001:22d4" frequency="11491000" symbol_rate="7522000" polarization="V" fec="6" system="0" modulation="0">
        <service id="0x0001" sid="1" name="CASTILLA-LAMANCHA" type="1" provider="CMT" onid="8916" tsid="1" namespace="0x0ce40000" />
        <service id="0x0002" sid="2" name="HDCASTILLA-LAMANCHA" type="25" provider="CMT" onid="8916" tsid="1" namespace="0x0ce40000" />
        <service id="0x0004" sid="4" name="RCLM AB" type="2" provider="CMT" onid="8916" tsid="1" namespace="0x0ce40000" radio="1" />
        <service id="0x0006" sid="6" name="RCLM CR" type="2" provider="CMT" onid="8916" tsid="1" namespace="0x0ce40000" radio="1" />
        <service id="0x0007" sid="7" name="RCLM CU" type="2" provider="CMT" onid="8916" tsid="1" namespace="0x0ce40000" radio="1" />
        <service id="0x0008" sid="8" name="RCLM GU" type="2" provider="CMT" onid="8916" tsid="1" namespace="0x0ce40000" radio="1" />
        <service id="0x000a" sid="10" name="RCLM TLV" type="2" provider="CMT" onid="8916" tsid="1" namespace="0x0ce40000" radio="1" />
        <service id="0x0003" sid="3" name="RCLM TO" type="2" provider="CMT" onid="8916" tsid="1" namespace="0x0ce40000" radio="1" />
      </transponder>
    </satellite>
    <satellite key="0ce40000:0006:0006" name="Sat-30W" namespace="0x0ce40000" position="-30">
      <transponder key="0ce40000:0006:0006" frequency="10770000" symbol_rate="30000000" polarization="H" fec="4" system="0" modulation="0">
        <service id="0x0001" sid="1" name="AMC" type="1" provider="AMCN-Iberia" onid="6" tsid="6" namespace="0x0ce40000" />
        <service id="0x000c" sid="12" name="BLAZE" type="1" provider="AMCN-Iberia" onid="6" tsid="6" namespace="0x0ce40000" />
        <service id="0x000d" sid="13" name="CI" type="1" provider="AMCN-Iberia" onid="6" tsid="6" namespace="0x0ce40000" />
        <service id="0x0009" sid="9" name="COCINA" type="1" provider="AMCN-Iberia" onid="6" tsid="6" namespace="0x0ce40000" />
        <service id="0x0156" sid="342" name="CUBAVISION INTERNACIONAL" type="1" provider="TSA" onid="6" tsid="6" namespace="0x0ce40000" />
        <service id="0x0004" sid="4" name="DARK" type="1" provider="AMCN-Iberia" onid="6" tsid="6" namespace="0x0ce40000" />
        <service id="0x000a" sid="10" name="DECASA" type="1" provider="AMCN-Iberia" onid="6" tsid="6" namespace="0x0ce40000" />
        <service id="0x08fc" sid="2300" name="GOD Channel" type="1" provider="TSA" onid="6" tsid="6" namespace="0x0ce40000" />
        <service id="0x000f" sid="15" name="HISTORIA" type="1" provider="AMCN-Iberia" onid="6" tsid="6" namespace="0x0ce40000" />
        <service id="0x000b" sid="11" name="HOLLYWOOD" type="1" provider="AMCN-Iberia" onid="6" tsid="6" namespace="0x0ce40000" />
        <service id="0x0005" sid="5" name="PANDA" type="1" provider="AMCN-Iberia" onid="6" tsid="6" namespace="0x0ce40000" />
        <service id="0x017e" sid="382" name="RT Esp HD" type="1" provider="TSA" onid="6" tsid="6" namespace="0x0ce40000" />
        <service id="0x0af0" sid="2800" name="RTPi 3" type="22" provider="TSA" onid="6" tsid="6" namespace="0x0ce40000" />
        <service id="0x0006" sid="6" name="SOL" type="1" provider="AMCN-Iberia" onid="6" tsid="6" namespace="0x0ce40000" />
        <service id="0x0008" sid="8" name="SOMOS" type="1" provider="AMCN-Iberia" onid="6" tsid="6" namespace="0x0ce40000" />
        <service id="0x03c0" sid="960" name="Sonlife Broadcasting Network" type="1" provider="TSA" onid="6" tsid="6" namespace="0x0ce40000" />
        <service id="0x0002" sid="2" name="SUNDANCE" type="1" provider="AMCN-Iberia" onid="6" tsid="6" namespace="0x0ce40000" />
        <service id="0x0a8c" sid="2700" name="TSA-Record News" type="1" provider="TSA" onid="6" tsid="6" namespace="0x0ce40000" />
        <service id="0x09c4" sid="2500" name="TSA-Record TV HD" type="1" provider="TSA" onid="6" tsid="6" namespace="0x0ce40000" />
        <service id="0x07d0" sid="2000" name="TVI Internacional" type="1" provider="TSA" onid="6" tsid="6" namespace="0x0ce40000" />
        <service id="0x0003" sid="3" name="XTRM" type="1" provider="AMCN-Iberia" onid="6" tsid="6" namespace="0x0ce40000" />
      </transponder>
    </satellite>
    <satellite key="0ce40000:000f:0002" name="Sat-30W" namespace="0x0ce40000" position="-30">
      <transponder key="0ce40000:000f:0002" frequency="10890000" symbol_rate="27500000" polarization="V" fec="3" system="0" modulation="0">
        <service id="0x0005" sid="5" name="Feeds 2 TSA" type="1" provider="TSA" onid="2" tsid="15" namespace="0x0ce40000" />
        <service id="0x0006" sid="6" name="Feeds 3 TSA" type="1" provider="TSA" onid="2" tsid="15" namespace="0x0ce40000" />
        <service id="0x0002" sid="2" name="Parlamento" type="1" provider="TSA" onid="2" tsid="15" namespace="0x0ce40000" />
        <service id="0x0003" sid="3" name="Telesur SD" type="1" provider="TSA" onid="2" tsid="15" namespace="0x0ce40000" />
        <service id="0x03e8" sid="1000" name="NAIZ irratia" type="2" provider="TSA" onid="2" tsid="15" namespace="0x0ce40000" radio="1" />
      </transponder>
    </satellite>
    <satellite key="0ce40000:0026:0036" name="Sat-30W" namespace="0x0ce40000" position="-30">
      <transponder key="0ce40000:0026:0036" frequency="12360000" symbol_rate="27500000" polarization="H" fec="3" system="0" modulation="0">
        <service id="0x014f" sid="335" name="12360H SID 0x14f" type="1" provider="DVB-S2 8PSK 12360H 330.0Â°E" onid="54" tsid="38" namespace="0x0ce40000" />
        <service id="0x00ac" sid="172" name="12360H SID 0x370" type="1" provider="DVB-S2 8PSK 12360H 330.0Â°E" onid="54" tsid="38" namespace="0x0ce40000" />
        <service id="0x00ad" sid="173" name="12360H SID 0x371" type="1" provider="DVB-S2 8PSK 12360H 330.0Â°E" onid="54" tsid="38" namespace="0x0ce40000" />
        <service id="0x009c" sid="156" name="12360H SID 0x9c" type="1" provider="DVB-S2 8PSK 12360H 330.0Â°E" onid="54" tsid="38" namespace="0x0ce40000" />
        <service id="0x009e" sid="158" name="12360H SID 0x9e" type="1" provider="DVB-S2 8PSK 12360H 330.0Â°E" onid="54" tsid="38" namespace="0x0ce40000" />
        <service id="0x009f" sid="159" name="12360H SID 0x9f" type="1" provider="DVB-S2 8PSK 12360H 330.0Â°E" onid="54" tsid="38" namespace="0x0ce40000" />
        <service id="0x00a1" sid="161" name="12360H SID 0xa1" type="1" provider="DVB-S2 8PSK 12360H 330.0Â°E" onid="54" tsid="38" namespace="0x0ce40000" />
        <service id="0x00a2" sid="162" name="12360H SID 0xa2" type="1" provider="DVB-S2 8PSK 12360H 330.0Â°E" onid="54" tsid="38" namespace="0x0ce40000" />
        <service id="0x00a4" sid="164" name="12360H SID 0xa4" type="1" provider="DVB-S2 8PSK 12360H 330.0Â°E" onid="54" tsid="38" namespace="0x0ce40000" />
        <service id="0x014b" sid="331" name="Bloomberg" type="1" provider="Bloomberg" onid="54" tsid="38" namespace="0x0ce40000" />
        <service id="0x06ff" sid="1791" name="Bloomberg" type="1" provider="" onid="54" tsid="38" namespace="0x0ce40000" />
        <service id="0x017a" sid="378" name="Canal de Teste" type="1" provider="Canal de Testes" onid="54" tsid="38" namespace="0x0ce40000" />
        <service id="0x00b2" sid="178" name="Canal Panda" type="1" provider="SID Panda" onid="54" tsid="38" namespace="0x0ce40000" />
        <service id="0x06f8" sid="1784" name="Canal Panda" type="1" provider="" onid="54" tsid="38" namespace="0x0ce40000" />
        <service id="0x008f" sid="143" name="Canal Q" type="1" provider="Canal Q" onid="54" tsid="38" namespace="0x0ce40000" />
        <service id="0x06fd" sid="1789" name="Canal Q" type="1" provider="" onid="54" tsid="38" namespace="0x0ce40000" />
        <service id="0x005f" sid="95" name="Canção Nova" type="1" provider="Canção Nova" onid="54" tsid="38" namespace="0x0ce40000" />
        <service id="0x178f" sid="6031" name="Canção Nova" type="1" provider="" onid="54" tsid="38" namespace="0x0ce40000" />
        <service id="0x008e" sid="142" name="Cartoon Network" type="1" provider="Cartoon Network" onid="54" tsid="38" namespace="0x0ce40000" />
        <service id="0x06fc" sid="1788" name="Cartoon Network" type="1" provider="" onid="54" tsid="38" namespace="0x0ce40000" />
        <service id="0x014c" sid="332" name="CNBC" type="1" provider="CNBC" onid="54" tsid="38" namespace="0x0ce40000" />
        <service id="0x02bc" sid="700" name="CNBC Europe" type="1" provider="" onid="54" tsid="38" namespace="0x0ce40000" />
        <service id="0x02bf" sid="703" name="Crime+Investigation" type="1" provider="" onid="54" tsid="38" namespace="0x0ce40000" />
        <service id="0x005c" sid="92" name="E! Entertainment" type="1" provider="E! Entertainment" onid="54" tsid="38" namespace="0x0ce40000" />
        <service id="0x178c" sid="6028" name="E! Entertainment" type="1" provider="" onid="54" tsid="38" namespace="0x0ce40000" />
        <service id="0x008d" sid="141" name="Eurosport 2" type="1" provider="Eurosport 2" onid="54" tsid="38" namespace="0x0ce40000" />
        <service id="0x06fb" sid="1787" name="Eurosport 2" type="1" provider="" onid="54" tsid="38" namespace="0x0ce40000" />
        <service id="0x005d" sid="93" name="FTV" type="1" provider="FTV" onid="54" tsid="38" namespace="0x0ce40000" />
        <service id="0x178d" sid="6029" name="FTV" type="1" provider="" onid="54" tsid="38" namespace="0x0ce40000" />
        <service id="0x008b" sid="139" name="Hollywood" type="1" provider="SID Hollywood" onid="54" tsid="38" namespace="0x0ce40000" />
        <service id="0x06f9" sid="1785" name="Hollywood HD" type="1" provider="" onid="54" tsid="38" namespace="0x0ce40000" />
        <service id="0x005e" sid="94" name="MCM Pop" type="1" provider="MCM Pop" onid="54" tsid="38" namespace="0x0ce40000" />
        <service id="0x178e" sid="6030" name="MCM POP" type="1" provider="" onid="54" tsid="38" namespace="0x0ce40000" />
        <service id="0x013e" sid="318" name="Odisseia" type="1" provider="SID Odisseia" onid="54" tsid="38" namespace="0x0ce40000" />
        <service id="0x06fa" sid="1786" name="Odisseia" type="1" provider="" onid="54" tsid="38" namespace="0x0ce40000" />
        <service id="0x014a" sid="330" name="PFC" type="1" provider="PFC" onid="54" tsid="38" namespace="0x0ce40000" />
        <service id="0x06fe" sid="1790" name="PFC" type="1" provider="" onid="54" tsid="38" namespace="0x0ce40000" />
        <service id="0x014e" sid="334" name="Playboy TV" type="1" provider="Playboy TV" onid="54" tsid="38" namespace="0x0ce40000" />
        <service id="0x02be" sid="702" name="Playboy TV" type="1" provider="" onid="54" tsid="38" namespace="0x0ce40000" />
        <service id="0x005b" sid="91" name="SIC Caras" type="1" provider="SIC Caras" onid="54" tsid="38" namespace="0x0ce40000" />
        <service id="0x178b" sid="6027" name="SIC Caras" type="1" provider="" onid="54" tsid="38" namespace="0x0ce40000" />
        <service id="0x00b1" sid="177" name="SIC Notícias" type="1" provider="SID SIC N" onid="54" tsid="38" namespace="0x0ce40000" />
        <service id="0x177e" sid="6014" name="SIC Notícias" type="1" provider="" onid="54" tsid="38" namespace="0x0ce40000" />
        <service id="0x005a" sid="90" name="SIC Radical" type="1" provider="SIC Radical" onid="54" tsid="38" namespace="0x0ce40000" />
        <service id="0x178a" sid="6026" name="SIC Radical" type="1" provider="" onid="54" tsid="38" namespace="0x0ce40000" />
        <service id="0x0057" sid="87" name="Sport TV 4 HD" type="1" provider="Sport TV 4 HD" onid="54" tsid="38" namespace="0x0ce40000" />
        <service id="0x06f7" sid="1783" name="SPORT TV 4 HD" type="1" provider="" onid="54" tsid="38" namespace="0x0ce40000" />
        <service id="0x0ed9" sid="3801" name="Sport TV 5 HD" type="1" provider="Sport TV 5 HD" onid="54" tsid="38" namespace="0x0ce40000" />
        <service id="0x17b5" sid="6069" name="Sport TV 5 HD" type="1" provider="" onid="54" tsid="38" namespace="0x0ce40000" />
        <service id="0x0edb" sid="3803" name="Sport TV 6 HD" type="1" provider="Sport TV 6 HD" onid="54" tsid="38" namespace="0x0ce40000" />
        <service id="0x17b6" sid="6070" name="Sport TV 6 HD" type="1" provider="" onid="54" tsid="38" namespace="0x0ce40000" />
        <service id="0x014d" sid="333" name="TV Galicia" type="1" provider="TV Galicia" onid="54" tsid="38" namespace="0x0ce40000" />
        <service id="0x02bd" sid="701" name="TV Galicia" type="1" provider="" onid="54" tsid="38" namespace="0x0ce40000" />
        <service id="0x037b" sid="891" name="TVI Ficção" type="1" provider="TVI Ficção" onid="54" tsid="38" namespace="0x0ce40000" />
        <service id="0x177f" sid="6015" name="TVI Ficção" type="1" provider="" onid="54" tsid="38" namespace="0x0ce40000" />
      </transponder>
    </satellite>
    <satellite key="0ce40000:0027:0036" name="Sat-30W" namespace="0x0ce40000" position="-30">
      <transponder key="0ce40000:0027:0036" frequency="12399000" symbol_rate="27500000" polarization="H" fec="3" system="0" modulation="0">
        <service id="0x01d0" sid="464" name="12399H SID 0x1d0" type="1" provider="DVB-S2 8PSK 12399H 330.0Â°E" onid="54" tsid="39" namespace="0x0ce40000" />
        <service id="0x00c0" sid="192" name="24 Kitchen HD" type="1" provider="SID 24 Kitchen HD" onid="54" tsid="39" namespace="0x0ce40000" />
        <service id="0x13ad" sid="5037" name="24 Kitchen HD" type="1" provider="" onid="54" tsid="39" namespace="0x0ce40000" />
        <service id="0x00bf" sid="191" name="AXN Movies HD" type="1" provider="AXN Movies HD" onid="54" tsid="39" namespace="0x0ce40000" />
        <service id="0x13a6" sid="5030" name="AXN Movies HD" type="1" provider="" onid="54" tsid="39" namespace="0x0ce40000" />
        <service id="0x00c4" sid="196" name="AXN White HD" type="1" provider="AXN White HD" onid="54" tsid="39" namespace="0x0ce40000" />
        <service id="0x13a9" sid="5033" name="AXN White HD" type="1" provider="" onid="54" tsid="39" namespace="0x0ce40000" />
        <service id="0x0121" sid="289" name="Casa e Cozinha HD" type="1" provider="Casa e Cozinha HD" onid="54" tsid="39" namespace="0x0ce40000" />
        <service id="0x13ae" sid="5038" name="Eleven 1 HD" type="1" provider="" onid="54" tsid="39" namespace="0x0ce40000" />
        <service id="0x13af" sid="5039" name="Eleven 1 HD" type="1" provider="" onid="54" tsid="39" namespace="0x0ce40000" />
        <service id="0x13b0" sid="5040" name="Eleven 4" type="1" provider="" onid="54" tsid="39" namespace="0x0ce40000" />
        <service id="0x13b1" sid="5041" name="Eleven 5" type="1" provider="" onid="54" tsid="39" namespace="0x0ce40000" />
        <service id="0x00d1" sid="209" name="Eleven Sports 1" type="1" provider="Canal Eleven Sports 1" onid="54" tsid="39" namespace="0x0ce40000" />
        <service id="0x020b" sid="523" name="Eleven Sports 4" type="1" provider="Eleven Sports 4" onid="54" tsid="39" namespace="0x0ce40000" />
        <service id="0x020c" sid="524" name="Eleven Sports 5" type="1" provider="Eleven Sports 5" onid="54" tsid="39" namespace="0x0ce40000" />
        <service id="0x008a" sid="138" name="Eurosport 1" type="1" provider="SID Eurosport 1" onid="54" tsid="39" namespace="0x0ce40000" />
        <service id="0x00c7" sid="199" name="Eurosport 1 HD" type="1" provider="SID Eurosport 1 HD" onid="54" tsid="39" namespace="0x0ce40000" />
        <service id="0x13aa" sid="5034" name="Eurosport 1 HD" type="1" provider="" onid="54" tsid="39" namespace="0x0ce40000" />
        <service id="0x00c1" sid="193" name="FOX Crime HD" type="1" provider="FOX Crime HD" onid="54" tsid="39" namespace="0x0ce40000" />
        <service id="0x13ac" sid="5036" name="FOX Crime HD" type="1" provider="" onid="54" tsid="39" namespace="0x0ce40000" />
        <service id="0x019a" sid="410" name="FOX Life HD" type="1" provider="SID FOX Life HD" onid="54" tsid="39" namespace="0x0ce40000" />
        <service id="0x13ab" sid="5035" name="FOX Life HD" type="1" provider="" onid="54" tsid="39" namespace="0x0ce40000" />
        <service id="0x01cb" sid="459" name="ID Investigation Discovery" type="1" provider="ID Investigation Discovery" onid="54" tsid="39" namespace="0x0ce40000" />
        <service id="0x01cf" sid="463" name="National Geographic WILD" type="1" provider="National Geographic WILD" onid="54" tsid="39" namespace="0x0ce40000" />
        <service id="0x02c3" sid="707" name="National Geographic Wild" type="1" provider="" onid="54" tsid="39" namespace="0x0ce40000" />
        <service id="0x02c0" sid="704" name="NBA TV HD" type="1" provider="" onid="54" tsid="39" namespace="0x0ce40000" />
        <service id="0x01ce" sid="462" name="Sport TV NBA" type="1" provider="SID Sport TV NBA" onid="54" tsid="39" namespace="0x0ce40000" />
        <service id="0x179a" sid="6042" name="Trace Urban" type="1" provider="" onid="54" tsid="39" namespace="0x0ce40000" />
        <service id="0x00c3" sid="195" name="Travel Channel HD" type="1" provider="SID Travel Channel HD" onid="54" tsid="39" namespace="0x0ce40000" />
        <service id="0x02c1" sid="705" name="TV Cine Edition HD" type="1" provider="" onid="54" tsid="39" namespace="0x0ce40000" />
        <service id="0x02c2" sid="706" name="TV Cine Emotion HD" type="1" provider="" onid="54" tsid="39" namespace="0x0ce40000" />
        <service id="0x064a" sid="1610" name="TVCine EDITION HD" type="1" provider="TVCine EDITION HD" onid="54" tsid="39" namespace="0x0ce40000" />
        <service id="0x011a" sid="282" name="TVCine EMOTION HD" type="1" provider="TVCine EMOTION HD" onid="54" tsid="39" namespace="0x0ce40000" />
      </transponder>
    </satellite>
    <satellite key="0ce40000:002f:0036" name="Sat-30W" namespace="0x0ce40000" position="-30">
      <transponder key="0ce40000:002f:0036" frequency="12437000" symbol_rate="27500000" polarization="H" fec="3" system="0" modulation="0">
        <service id="0x179b" sid="6043" name="11" type="1" provider="" onid="54" tsid="47" namespace="0x0ce40000" />
        <service id="0x01ce" sid="462" name="12437H SID 0x1ce" type="1" provider="DVB-S2 8PSK 12437H 330.0Â°E" onid="54" tsid="47" namespace="0x0ce40000" />
        <service id="0x02bc" sid="700" name="12437H SID 0x2bc" type="1" provider="DVB-S2 8PSK 12437H 330.0Â°E" onid="54" tsid="47" namespace="0x0ce40000" />
        <service id="0x02bd" sid="701" name="12437H SID 0x2bd" type="1" provider="DVB-S2 8PSK 12437H 330.0Â°E" onid="54" tsid="47" namespace="0x0ce40000" />
        <service id="0x033a" sid="826" name="12437H SID 0x33a" type="1" provider="DVB-S2 8PSK 12437H 330.0Â°E" onid="54" tsid="47" namespace="0x0ce40000" />
        <service id="0x033b" sid="827" name="12437H SID 0x33b" type="1" provider="DVB-S2 8PSK 12437H 330.0Â°E" onid="54" tsid="47" namespace="0x0ce40000" />
        <service id="0x033c" sid="828" name="12437H SID 0x33c" type="1" provider="DVB-S2 8PSK 12437H 330.0Â°E" onid="54" tsid="47" namespace="0x0ce40000" />
        <service id="0x033d" sid="829" name="12437H SID 0x33d" type="1" provider="DVB-S2 8PSK 12437H 330.0Â°E" onid="54" tsid="47" namespace="0x0ce40000" />
        <service id="0x003f" sid="63" name="12437H SID 0x99" type="1" provider="DVB-S2 8PSK 12437H 330.0Â°E" onid="54" tsid="47" namespace="0x0ce40000" />
        <service id="0x009a" sid="154" name="12437H SID 0x9a" type="1" provider="DVB-S2 8PSK 12437H 330.0Â°E" onid="54" tsid="47" namespace="0x0ce40000" />
        <service id="0x17a8" sid="6056" name="Afro Music" type="1" provider="" onid="54" tsid="47" namespace="0x0ce40000" />
        <service id="0x00cf" sid="207" name="AMC" type="1" provider="AMC" onid="54" tsid="47" namespace="0x0ce40000" />
        <service id="0x00c8" sid="200" name="AMC HD" type="1" provider="AMC HD" onid="54" tsid="47" namespace="0x0ce40000" />
        <service id="0x179f" sid="6047" name="AMC HD" type="1" provider="" onid="54" tsid="47" namespace="0x0ce40000" />
        <service id="0x051d" sid="1309" name="BBC Entertainment" type="1" provider="Canal BBC Entertainment" onid="54" tsid="47" namespace="0x0ce40000" />
        <service id="0x17a5" sid="6053" name="BBC Entertainment" type="1" provider="" onid="54" tsid="47" namespace="0x0ce40000" />
        <service id="0x053a" sid="1338" name="Canal 11 HD" type="1" provider="Canal 11 HD" onid="54" tsid="47" namespace="0x0ce40000" />
        <service id="0x032f" sid="815" name="Caça e Pesca" type="1" provider="SID Caça e Pesca" onid="54" tsid="47" namespace="0x0ce40000" />
        <service id="0x17aa" sid="6058" name="Deutsche Welle (A)" type="1" provider="" onid="54" tsid="47" namespace="0x0ce40000" />
        <service id="0x013d" sid="317" name="Discovery Channel" type="1" provider="SID Discovery" onid="54" tsid="47" namespace="0x0ce40000" />
        <service id="0x17a0" sid="6048" name="Discovery Channel HD" type="1" provider="" onid="54" tsid="47" namespace="0x0ce40000" />
        <service id="0x014c" sid="332" name="Discovery HD" type="1" provider="Discovery HD" onid="54" tsid="47" namespace="0x0ce40000" />
        <service id="0x0096" sid="150" name="Disney Channel" type="1" provider="Disney Channel" onid="54" tsid="47" namespace="0x0ce40000" />
        <service id="0x179c" sid="6044" name="Disney Channel" type="1" provider="" onid="54" tsid="47" namespace="0x0ce40000" />
        <service id="0x0095" sid="149" name="Fuel TV" type="1" provider="SID Fuel TV" onid="54" tsid="47" namespace="0x0ce40000" />
        <service id="0x17a2" sid="6050" name="Fuel TV" type="1" provider="" onid="54" tsid="47" namespace="0x0ce40000" />
        <service id="0x17a7" sid="6055" name="Globo News" type="1" provider="" onid="54" tsid="47" namespace="0x0ce40000" />
        <service id="0x0099" sid="153" name="Globo Now" type="1" provider="Globo Now" onid="54" tsid="47" namespace="0x0ce40000" />
        <service id="0x051a" sid="1306" name="Motorvision" type="1" provider="SID Motorvision" onid="54" tsid="47" namespace="0x0ce40000" />
        <service id="0x17a9" sid="6057" name="NHK World Japan" type="1" provider="" onid="54" tsid="47" namespace="0x0ce40000" />
        <service id="0x014a" sid="330" name="Nick Jr." type="1" provider="SID Nick Jr." onid="54" tsid="47" namespace="0x0ce40000" />
        <service id="0x0094" sid="148" name="Nickelodeon" type="1" provider="SID Nickelodeon" onid="54" tsid="47" namespace="0x0ce40000" />
        <service id="0x17a1" sid="6049" name="Nickelodeon" type="1" provider="" onid="54" tsid="47" namespace="0x0ce40000" />
        <service id="0x053d" sid="1341" name="NOS Studios HD" type="1" provider="NOS Studios HD" onid="54" tsid="47" namespace="0x0ce40000" />
        <service id="0x053e" sid="1342" name="NOS Studios HD" type="1" provider="NOS Studios HD" onid="54" tsid="47" namespace="0x0ce40000" />
        <service id="0x0093" sid="147" name="Trace Toca" type="1" provider="Trace Toca" onid="54" tsid="47" namespace="0x0ce40000" />
        <service id="0x17a3" sid="6051" name="Trace Toca" type="1" provider="" onid="54" tsid="47" namespace="0x0ce40000" />
        <service id="0x179e" sid="6046" name="TV Cine Action HD" type="1" provider="" onid="54" tsid="47" namespace="0x0ce40000" />
        <service id="0x179d" sid="6045" name="TV Cine Top HD" type="1" provider="" onid="54" tsid="47" namespace="0x0ce40000" />
        <service id="0x0090" sid="144" name="TVCine ACTION HD" type="1" provider="TVCine ACTION HD" onid="54" tsid="47" namespace="0x0ce40000" />
        <service id="0x03b3" sid="947" name="TVCine TOP HD" type="1" provider="TVCine TOP HD" onid="54" tsid="47" namespace="0x0ce40000" />
        <service id="0x17ab" sid="6059" name="Venus" type="1" provider="" onid="54" tsid="47" namespace="0x0ce40000" />
        <service id="0x053c" sid="1340" name="ZAP Viva HD" type="1" provider="SID ZAP Viva HD" onid="54" tsid="47" namespace="0x0ce40000" />
        <service id="0x008c" sid="140" name="TSF" type="2" provider="SID TSF" onid="54" tsid="47" namespace="0x0ce40000" radio="1" />
        <service id="0x17a6" sid="6054" name="TSF" type="2" provider="" onid="54" tsid="47" namespace="0x0ce40000" radio="1" />
      </transponder>
    </satellite>
    <satellite key="0ce40000:0030:0036" name="Sat-30W" namespace="0x0ce40000" position="-30">
      <transponder key="0ce40000:0030:0036" frequency="12476000" symbol_rate="27500000" polarization="H" fec="3" system="0" modulation="0">
        <service id="0x00a3" sid="163" name="12476H SID 0xa3" type="1" provider="DVB-S2 8PSK 12476H 330.0Â°E" onid="54" tsid="48" namespace="0x0ce40000" />
        <service id="0x00f4" sid="244" name="BBC World News" type="1" provider="SID BBC World News" onid="54" tsid="48" namespace="0x0ce40000" />
        <service id="0x023d" sid="573" name="BBC World News" type="1" provider="" onid="54" tsid="48" namespace="0x0ce40000" />
        <service id="0x00f0" sid="240" name="Biggs" type="1" provider="SID Biggs" onid="54" tsid="48" namespace="0x0ce40000" />
        <service id="0x056f" sid="1391" name="Biggs" type="1" provider="" onid="54" tsid="48" namespace="0x0ce40000" />
        <service id="0x00eb" sid="235" name="Blaze" type="1" provider="Blaze" onid="54" tsid="48" namespace="0x0ce40000" />
        <service id="0x138c" sid="5004" name="Blaze" type="1" provider="" onid="54" tsid="48" namespace="0x0ce40000" />
        <service id="0x12ec" sid="4844" name="Canal NOS" type="1" provider="Canal NOS" onid="54" tsid="48" namespace="0x0ce40000" />
        <service id="0x12ed" sid="4845" name="Canal NOS" type="1" provider="Canal NOS" onid="54" tsid="48" namespace="0x0ce40000" />
        <service id="0x12ee" sid="4846" name="Canal NOS" type="1" provider="Canal NOS" onid="54" tsid="48" namespace="0x0ce40000" />
        <service id="0x00f2" sid="242" name="CNN" type="1" provider="SID CNN" onid="54" tsid="48" namespace="0x0ce40000" />
        <service id="0x023b" sid="571" name="CNN" type="1" provider="" onid="54" tsid="48" namespace="0x0ce40000" />
        <service id="0x00fa" sid="250" name="Disney Junior" type="1" provider="Disney Junior" onid="54" tsid="48" namespace="0x0ce40000" />
        <service id="0x139b" sid="5019" name="Disney Júnior" type="1" provider="" onid="54" tsid="48" namespace="0x0ce40000" />
        <service id="0x00f5" sid="245" name="Euronews" type="1" provider="Euronews" onid="54" tsid="48" namespace="0x0ce40000" />
        <service id="0x023e" sid="574" name="Euronews" type="1" provider="" onid="54" tsid="48" namespace="0x0ce40000" />
        <service id="0x00e9" sid="233" name="FOX Movies" type="1" provider="Canal FOX Movies" onid="54" tsid="48" namespace="0x0ce40000" />
        <service id="0x138a" sid="5002" name="FOX Movies" type="1" provider="" onid="54" tsid="48" namespace="0x0ce40000" />
        <service id="0x023f" sid="575" name="France 24" type="1" provider="" onid="54" tsid="48" namespace="0x0ce40000" />
        <service id="0x00f6" sid="246" name="France 24 (I)" type="1" provider="France 24 (I)" onid="54" tsid="48" namespace="0x0ce40000" />
        <service id="0x00f9" sid="249" name="Hot" type="1" provider="Hot" onid="54" tsid="48" namespace="0x0ce40000" />
        <service id="0x139a" sid="5018" name="HOT" type="1" provider="" onid="54" tsid="48" namespace="0x0ce40000" />
        <service id="0x17b4" sid="6068" name="Kuriakos TV" type="1" provider="" onid="54" tsid="48" namespace="0x0ce40000" />
        <service id="0x00fd" sid="253" name="Kuriakos TV HD" type="1" provider="Kuriakos TV HD" onid="54" tsid="48" namespace="0x0ce40000" />
        <service id="0x00ee" sid="238" name="Mezzo" type="1" provider="SID Mezzo" onid="54" tsid="48" namespace="0x0ce40000" />
        <service id="0x138f" sid="5007" name="Mezzo" type="1" provider="" onid="54" tsid="48" namespace="0x0ce40000" />
        <service id="0x00ed" sid="237" name="MTV 00s" type="1" provider="MTV 00s" onid="54" tsid="48" namespace="0x0ce40000" />
        <service id="0x138e" sid="5006" name="MTV 00s" type="1" provider="" onid="54" tsid="48" namespace="0x0ce40000" />
        <service id="0x00e7" sid="231" name="SIC Mulher" type="1" provider="SID SIC Mulher" onid="54" tsid="48" namespace="0x0ce40000" />
        <service id="0x056c" sid="1388" name="SIC Mulher" type="1" provider="" onid="54" tsid="48" namespace="0x0ce40000" />
        <service id="0x00f3" sid="243" name="Sky News" type="1" provider="Sky News" onid="54" tsid="48" namespace="0x0ce40000" />
        <service id="0x023c" sid="572" name="SKY News" type="1" provider="" onid="54" tsid="48" namespace="0x0ce40000" />
        <service id="0x138d" sid="5005" name="SPORT TV +" type="1" provider="" onid="54" tsid="48" namespace="0x0ce40000" />
        <service id="0x00ec" sid="236" name="SPORT TV+" type="1" provider="SPORT TV+" onid="54" tsid="48" namespace="0x0ce40000" />
        <service id="0x00fb" sid="251" name="Sporting TV" type="1" provider="SID Sporting TV" onid="54" tsid="48" namespace="0x0ce40000" />
        <service id="0x139c" sid="5020" name="Sporting TV" type="1" provider="" onid="54" tsid="48" namespace="0x0ce40000" />
        <service id="0x00fc" sid="252" name="SYFY" type="1" provider="SYFY" onid="54" tsid="48" namespace="0x0ce40000" />
        <service id="0x177d" sid="6013" name="SyFy" type="1" provider="" onid="54" tsid="48" namespace="0x0ce40000" />
        <service id="0x00e8" sid="232" name="TLC" type="1" provider="TLC" onid="54" tsid="48" namespace="0x0ce40000" />
        <service id="0x056d" sid="1389" name="TLC" type="1" provider="" onid="54" tsid="48" namespace="0x0ce40000" />
        <service id="0x00f8" sid="248" name="Toros TV" type="1" provider="Toros TV" onid="54" tsid="48" namespace="0x0ce40000" />
        <service id="0x0241" sid="577" name="Toros TV" type="1" provider="" onid="54" tsid="48" namespace="0x0ce40000" />
        <service id="0x00cc" sid="204" name="TV5 Monde" type="1" provider="SID TV5 Monde" onid="54" tsid="48" namespace="0x0ce40000" />
        <service id="0x139d" sid="5021" name="TV5 Monde" type="1" provider="" onid="54" tsid="48" namespace="0x0ce40000" />
        <service id="0x00f1" sid="241" name="TVE 24h" type="1" provider="SID TVE 24h" onid="54" tsid="48" namespace="0x0ce40000" />
        <service id="0x023a" sid="570" name="TVE 24H" type="1" provider="" onid="54" tsid="48" namespace="0x0ce40000" />
        <service id="0x00ef" sid="239" name="TVE Internacional" type="1" provider="SID TVE Internacional" onid="54" tsid="48" namespace="0x0ce40000" />
        <service id="0x056e" sid="1390" name="TVEi" type="1" provider="" onid="54" tsid="48" namespace="0x0ce40000" />
        <service id="0x00e6" sid="230" name="TVI Reality" type="1" provider="SID - TVI Reality" onid="54" tsid="48" namespace="0x0ce40000" />
        <service id="0x13b2" sid="5042" name="TVI Reality" type="1" provider="" onid="54" tsid="48" namespace="0x0ce40000" />
        <service id="0x00d3" sid="211" name="Marginal" type="2" provider="Marginal" onid="54" tsid="48" namespace="0x0ce40000" radio="1" />
        <service id="0x020b" sid="523" name="Oxigénio" type="2" provider="Oxigénio" onid="54" tsid="48" namespace="0x0ce40000" radio="1" />
        <service id="0x020e" sid="526" name="Radar" type="2" provider="Radar" onid="54" tsid="48" namespace="0x0ce40000" radio="1" />
        <service id="0x17af" sid="6063" name="Radio Amália" type="2" provider="" onid="54" tsid="48" namespace="0x0ce40000" radio="1" />
        <service id="0x17ac" sid="6060" name="Radio Marginal" type="2" provider="" onid="54" tsid="48" namespace="0x0ce40000" radio="1" />
        <service id="0x17b1" sid="6065" name="Radio Super Bock Super Rock" type="2" provider="" onid="54" tsid="48" namespace="0x0ce40000" radio="1" />
        <service id="0x051f" sid="1311" name="Rádio Amalia" type="2" provider="Rádio Amalia" onid="54" tsid="48" namespace="0x0ce40000" radio="1" />
        <service id="0x052e" sid="1326" name="Rádio Regional" type="2" provider="Rádio Regional" onid="54" tsid="48" namespace="0x0ce40000" radio="1" />
        <service id="0x052a" sid="1322" name="SBSR" type="2" provider="SBSR" onid="54" tsid="48" namespace="0x0ce40000" radio="1" />
        <service id="0x17b0" sid="6064" name="Super FM" type="2" provider="" onid="54" tsid="48" namespace="0x0ce40000" radio="1" />
        <service id="0x052d" sid="1325" name="SuperFM" type="2" provider="SuperFM" onid="54" tsid="48" namespace="0x0ce40000" radio="1" />
      </transponder>
    </satellite>
    <satellite key="0ce40000:0064:0021" name="Sat-30W" namespace="0x0ce40000" position="-30">
      <transponder key="0ce40000:0064:0021" frequency="11276000" symbol_rate="7140000" polarization="H" fec="0" system="0" modulation="0">
        <service id="0x0001" sid="1" name="PushVOD" type="12" provider="Hispasat" onid="33" tsid="100" namespace="0x0ce40000" />
      </transponder>
    </satellite>
    <satellite key="0ce40000:0065:0053" name="Sat-30W" namespace="0x0ce40000" position="-30">
      <transponder key="0ce40000:0065:0053" frequency="12130000" symbol_rate="27500000" polarization="H" fec="3" system="0" modulation="0">
        <service id="0x004e" sid="78" name="ARTV" type="1" provider="" onid="83" tsid="101" namespace="0x0ce40000" />
        <service id="0x00a5" sid="165" name="ARTV" type="1" provider="ARTV" onid="83" tsid="101" namespace="0x0ce40000" />
        <service id="0x002f" sid="47" name="Baby TV" type="1" provider="" onid="83" tsid="101" namespace="0x0ce40000" />
        <service id="0x00a1" sid="161" name="Baby TV" type="1" provider="Baby TV" onid="83" tsid="101" namespace="0x0ce40000" />
        <service id="0x00a2" sid="162" name="Canal História" type="1" provider="Canal História" onid="83" tsid="101" namespace="0x0ce40000" />
        <service id="0x006e" sid="110" name="Cinemundo" type="1" provider="" onid="83" tsid="101" namespace="0x0ce40000" />
        <service id="0x009d" sid="157" name="CMTV" type="1" provider="CMTV" onid="83" tsid="101" namespace="0x0ce40000" />
        <service id="0x01c5" sid="453" name="CMTV" type="1" provider="" onid="83" tsid="101" namespace="0x0ce40000" />
        <service id="0x0037" sid="55" name="CNN Portugal" type="1" provider="" onid="83" tsid="101" namespace="0x0ce40000" />
        <service id="0x009c" sid="156" name="CNN Portugal" type="1" provider="CNN Portugal" onid="83" tsid="101" namespace="0x0ce40000" />
        <service id="0x008a" sid="138" name="Globo" type="1" provider="" onid="83" tsid="101" namespace="0x0ce40000" />
        <service id="0x009e" sid="158" name="Globo" type="1" provider="Globo" onid="83" tsid="101" namespace="0x0ce40000" />
        <service id="0x002e" sid="46" name="História" type="1" provider="" onid="83" tsid="101" namespace="0x0ce40000" />
        <service id="0x0034" sid="52" name="Jim Jam" type="1" provider="" onid="83" tsid="101" namespace="0x0ce40000" />
        <service id="0x0032" sid="50" name="MTV Portugal" type="1" provider="" onid="83" tsid="101" namespace="0x0ce40000" />
        <service id="0x00a4" sid="164" name="MTV Portugal" type="1" provider="MTV Portugal" onid="83" tsid="101" namespace="0x0ce40000" />
        <service id="0x009f" sid="159" name="Porto Canal" type="1" provider="Porto Canal" onid="83" tsid="101" namespace="0x0ce40000" />
        <service id="0x01c7" sid="455" name="Porto Canal" type="1" provider="" onid="83" tsid="101" namespace="0x0ce40000" />
        <service id="0x003d" sid="61" name="RTP 1 HD" type="1" provider="RTP 1 HD" onid="83" tsid="101" namespace="0x0ce40000" />
        <service id="0x003e" sid="62" name="RTP 2 HD" type="1" provider="RTP 2 HD" onid="83" tsid="101" namespace="0x0ce40000" />
        <service id="0x009b" sid="155" name="RTP 3" type="1" provider="RTP 3" onid="83" tsid="101" namespace="0x0ce40000" />
        <service id="0x004d" sid="77" name="RTP Açores" type="1" provider="" onid="83" tsid="101" namespace="0x0ce40000" />
        <service id="0x006b" sid="107" name="RTP Açores" type="1" provider="" onid="83" tsid="101" namespace="0x0ce40000" />
        <service id="0x00a7" sid="167" name="RTP Açores" type="1" provider="RTP Açores" onid="83" tsid="101" namespace="0x0ce40000" />
        <service id="0x004c" sid="76" name="RTP Madeira" type="1" provider="" onid="83" tsid="101" namespace="0x0ce40000" />
        <service id="0x006a" sid="106" name="RTP Madeira" type="1" provider="" onid="83" tsid="101" namespace="0x0ce40000" />
        <service id="0x00a8" sid="168" name="RTP Madeira" type="1" provider="RTP Madeira" onid="83" tsid="101" namespace="0x0ce40000" />
        <service id="0x00a3" sid="163" name="RTP Memória" type="1" provider="RTP Memória" onid="83" tsid="101" namespace="0x0ce40000" />
        <service id="0x01cb" sid="459" name="RTP Memória" type="1" provider="" onid="83" tsid="101" namespace="0x0ce40000" />
        <service id="0x00a6" sid="166" name="RTP África" type="1" provider="RTP África" onid="83" tsid="101" namespace="0x0ce40000" />
        <service id="0x045c" sid="1116" name="RTP África" type="1" provider="" onid="83" tsid="101" namespace="0x0ce40000" />
        <service id="0x0029" sid="41" name="RTP1" type="1" provider="" onid="83" tsid="101" namespace="0x0ce40000" />
        <service id="0x002a" sid="42" name="RTP2" type="1" provider="" onid="83" tsid="101" namespace="0x0ce40000" />
        <service id="0x002d" sid="45" name="RTP3" type="1" provider="" onid="83" tsid="101" namespace="0x0ce40000" />
        <service id="0x044f" sid="1103" name="SIC" type="1" provider="" onid="83" tsid="101" namespace="0x0ce40000" />
        <service id="0x003f" sid="63" name="SIC HD" type="1" provider="SIC HD" onid="83" tsid="101" namespace="0x0ce40000" />
        <service id="0x007f" sid="127" name="SIC K" type="1" provider="" onid="83" tsid="101" namespace="0x0ce40000" />
        <service id="0x00a0" sid="160" name="SIC K" type="1" provider="SIC K" onid="83" tsid="101" namespace="0x0ce40000" />
        <service id="0x002b" sid="43" name="TV Record" type="1" provider="" onid="83" tsid="101" namespace="0x0ce40000" />
        <service id="0x00a9" sid="169" name="TV Record" type="1" provider="TV Record" onid="83" tsid="101" namespace="0x0ce40000" />
        <service id="0x01c2" sid="450" name="TVI" type="1" provider="" onid="83" tsid="101" namespace="0x0ce40000" />
        <service id="0x009a" sid="154" name="TVI HD" type="1" provider="TVI HD" onid="83" tsid="101" namespace="0x0ce40000" />
        <service id="0x00aa" sid="170" name="Antena 1" type="2" provider="Antena 1" onid="83" tsid="101" namespace="0x0ce40000" radio="1" />
        <service id="0x01cc" sid="460" name="Antena 1" type="2" provider="" onid="83" tsid="101" namespace="0x0ce40000" radio="1" />
        <service id="0x00ab" sid="171" name="Antena 2" type="2" provider="Antena 2" onid="83" tsid="101" namespace="0x0ce40000" radio="1" />
        <service id="0x01cd" sid="461" name="Antena 2" type="2" provider="" onid="83" tsid="101" namespace="0x0ce40000" radio="1" />
        <service id="0x00ac" sid="172" name="Antena 3" type="2" provider="Antena 3" onid="83" tsid="101" namespace="0x0ce40000" radio="1" />
        <service id="0x01ce" sid="462" name="Antena 3" type="2" provider="" onid="83" tsid="101" namespace="0x0ce40000" radio="1" />
        <service id="0x00af" sid="175" name="Cidade FM" type="2" provider="Cidade FM" onid="83" tsid="101" namespace="0x0ce40000" radio="1" />
        <service id="0x01d1" sid="465" name="Cidade FM" type="2" provider="" onid="83" tsid="101" namespace="0x0ce40000" radio="1" />
        <service id="0x01d0" sid="464" name="Lusitânia" type="2" provider="" onid="83" tsid="101" namespace="0x0ce40000" radio="1" />
        <service id="0x00b5" sid="181" name="M80" type="2" provider="M80" onid="83" tsid="101" namespace="0x0ce40000" radio="1" />
        <service id="0x046b" sid="1131" name="M80" type="2" provider="" onid="83" tsid="101" namespace="0x0ce40000" radio="1" />
        <service id="0x00b2" sid="178" name="Mega Hits" type="2" provider="Mega Hits" onid="83" tsid="101" namespace="0x0ce40000" radio="1" />
        <service id="0x01d4" sid="468" name="Mega Hits" type="2" provider="" onid="83" tsid="101" namespace="0x0ce40000" radio="1" />
        <service id="0x00ad" sid="173" name="RDP África" type="2" provider="RDP África" onid="83" tsid="101" namespace="0x0ce40000" radio="1" />
        <service id="0x01cf" sid="463" name="RDP África" type="2" provider="" onid="83" tsid="101" namespace="0x0ce40000" radio="1" />
        <service id="0x00b3" sid="179" name="Renascença" type="2" provider="Renascença" onid="83" tsid="101" namespace="0x0ce40000" radio="1" />
        <service id="0x01d5" sid="469" name="Renascença" type="2" provider="" onid="83" tsid="101" namespace="0x0ce40000" radio="1" />
        <service id="0x00b1" sid="177" name="RFM" type="2" provider="RFM" onid="83" tsid="101" namespace="0x0ce40000" radio="1" />
        <service id="0x01d3" sid="467" name="RFM" type="2" provider="" onid="83" tsid="101" namespace="0x0ce40000" radio="1" />
        <service id="0x00b4" sid="180" name="Rádio Comercial" type="2" provider="Rádio Comercial" onid="83" tsid="101" namespace="0x0ce40000" radio="1" />
        <service id="0x046a" sid="1130" name="Rádio Comercial" type="2" provider="" onid="83" tsid="101" namespace="0x0ce40000" radio="1" />
        <service id="0x00ae" sid="174" name="Rádio Lusitânia" type="2" provider="Rádio Lusitânia" onid="83" tsid="101" namespace="0x0ce40000" radio="1" />
        <service id="0x00b0" sid="176" name="Smooth FM" type="2" provider="Smooth FM" onid="83" tsid="101" namespace="0x0ce40000" radio="1" />
        <service id="0x01d2" sid="466" name="Smooth FM" type="2" provider="" onid="83" tsid="101" namespace="0x0ce40000" radio="1" />
      </transponder>
    </satellite>
    <satellite key="0ce40000:0068:0053" name="Sat-30W" namespace="0x0ce40000" position="-30">
      <transponder key="0ce40000:0068:0053" frequency="12245000" symbol_rate="27500000" polarization="H" fec="3" system="0" modulation="0">
        <service id="0x01cb" sid="459" name="12245H SID 0x1cb" type="1" provider="DVB-S2 8PSK 12245H 330.0Â°E" onid="83" tsid="104" namespace="0x0ce40000" />
        <service id="0x01cc" sid="460" name="12245H SID 0x1cc" type="1" provider="DVB-S2 8PSK 12245H 330.0Â°E" onid="83" tsid="104" namespace="0x0ce40000" />
        <service id="0x01cd" sid="461" name="12245H SID 0x1cd" type="1" provider="DVB-S2 8PSK 12245H 330.0Â°E" onid="83" tsid="104" namespace="0x0ce40000" />
        <service id="0x00c4" sid="196" name="A Bola TV" type="1" provider="" onid="83" tsid="104" namespace="0x0ce40000" />
        <service id="0x01c7" sid="455" name="AXN HD" type="1" provider="SID AXN HD" onid="83" tsid="104" namespace="0x0ce40000" />
        <service id="0x057d" sid="1405" name="AXN HD" type="1" provider="" onid="83" tsid="104" namespace="0x0ce40000" />
        <service id="0x00c1" sid="193" name="Boomerang" type="1" provider="" onid="83" tsid="104" namespace="0x0ce40000" />
        <service id="0x01ca" sid="458" name="BTV 1 HD" type="1" provider="SID BTV 1 HD" onid="83" tsid="104" namespace="0x0ce40000" />
        <service id="0x00f4" sid="244" name="BTV HD" type="1" provider="" onid="83" tsid="104" namespace="0x0ce40000" />
        <service id="0x00bf" sid="191" name="Caçavision" type="1" provider="" onid="83" tsid="104" namespace="0x0ce40000" />
        <service id="0x00c5" sid="197" name="CBS Reality" type="1" provider="" onid="83" tsid="104" namespace="0x0ce40000" />
        <service id="0x00c6" sid="198" name="Channel 1 Russia" type="1" provider="" onid="83" tsid="104" namespace="0x0ce40000" />
        <service id="0x00f5" sid="245" name="Eleven 2 HD" type="1" provider="" onid="83" tsid="104" namespace="0x0ce40000" />
        <service id="0x057f" sid="1407" name="Eleven 2 HD" type="1" provider="" onid="83" tsid="104" namespace="0x0ce40000" />
        <service id="0x00f7" sid="247" name="Eleven 3" type="1" provider="" onid="83" tsid="104" namespace="0x0ce40000" />
        <service id="0x024a" sid="586" name="Eleven 3" type="1" provider="" onid="83" tsid="104" namespace="0x0ce40000" />
        <service id="0x00f9" sid="249" name="Eleven 6" type="1" provider="" onid="83" tsid="104" namespace="0x0ce40000" />
        <service id="0x01c9" sid="457" name="Eleven Sports 2" type="1" provider="Canal Eleven Sports 2" onid="83" tsid="104" namespace="0x0ce40000" />
        <service id="0x01d0" sid="464" name="Eleven Sports 3" type="1" provider="Eleven Sports 3" onid="83" tsid="104" namespace="0x0ce40000" />
        <service id="0x01cf" sid="463" name="Eleven Sports 6" type="1" provider="Eleven Sports 6" onid="83" tsid="104" namespace="0x0ce40000" />
        <service id="0x00f8" sid="248" name="Fox Comedy" type="1" provider="" onid="83" tsid="104" namespace="0x0ce40000" />
        <service id="0x01ce" sid="462" name="FOX Comedy" type="1" provider="FOX Comedy" onid="83" tsid="104" namespace="0x0ce40000" />
        <service id="0x01c8" sid="456" name="FOX HD" type="1" provider="SID FOX HD" onid="83" tsid="104" namespace="0x0ce40000" />
        <service id="0x057e" sid="1406" name="FOX HD" type="1" provider="" onid="83" tsid="104" namespace="0x0ce40000" />
        <service id="0x00c0" sid="192" name="Lolly Kids" type="1" provider="" onid="83" tsid="104" namespace="0x0ce40000" />
        <service id="0x00c7" sid="199" name="MEO" type="1" provider="" onid="83" tsid="104" namespace="0x0ce40000" />
        <service id="0x01c6" sid="454" name="National Geographic HD" type="1" provider="SID National Geographic HD" onid="83" tsid="104" namespace="0x0ce40000" />
        <service id="0x057c" sid="1404" name="National Geographic HD" type="1" provider="" onid="83" tsid="104" namespace="0x0ce40000" />
        <service id="0x00c3" sid="195" name="Panda Kids" type="1" provider="" onid="83" tsid="104" namespace="0x0ce40000" />
        <service id="0x00f3" sid="243" name="SPORT TV 1 HD" type="1" provider="" onid="83" tsid="104" namespace="0x0ce40000" />
        <service id="0x01c3" sid="451" name="Sport TV 1 HD" type="1" provider="SID Sport TV 1 HD" onid="83" tsid="104" namespace="0x0ce40000" />
        <service id="0x01c4" sid="452" name="Sport TV 2 HD" type="1" provider="SID Sport TV 2 HD" onid="83" tsid="104" namespace="0x0ce40000" />
        <service id="0x057a" sid="1402" name="SPORT TV 2 HD" type="1" provider="" onid="83" tsid="104" namespace="0x0ce40000" />
        <service id="0x01c5" sid="453" name="Sport TV 3 HD" type="1" provider="Sport TV 3 HD" onid="83" tsid="104" namespace="0x0ce40000" />
        <service id="0x057b" sid="1403" name="SPORT TV 3 HD" type="1" provider="" onid="83" tsid="104" namespace="0x0ce40000" />
        <service id="0x024b" sid="587" name="80s RFM" type="2" provider="" onid="83" tsid="104" namespace="0x0ce40000" radio="1" />
        <service id="0x024c" sid="588" name="Antena 1 - Fado" type="2" provider="" onid="83" tsid="104" namespace="0x0ce40000" radio="1" />
        <service id="0x024d" sid="589" name="Antena 1 - Memória" type="2" provider="" onid="83" tsid="104" namespace="0x0ce40000" radio="1" />
        <service id="0x058a" sid="1418" name="Antena 1 - Vida" type="2" provider="" onid="83" tsid="104" namespace="0x0ce40000" radio="1" />
        <service id="0x058b" sid="1419" name="Antena 2 - Ópera" type="2" provider="" onid="83" tsid="104" namespace="0x0ce40000" radio="1" />
        <service id="0x058c" sid="1420" name="Oceano Pacífico" type="2" provider="" onid="83" tsid="104" namespace="0x0ce40000" radio="1" />
        <service id="0x058d" sid="1421" name="RFM Clubbing" type="2" provider="" onid="83" tsid="104" namespace="0x0ce40000" radio="1" />
        <service id="0x058e" sid="1422" name="RFM On The Rock" type="2" provider="" onid="83" tsid="104" namespace="0x0ce40000" radio="1" />
      </transponder>
    </satellite>
    <satellite key="0ce40000:0069:0053" name="Sat-30W" namespace="0x0ce40000" position="-30">
      <transponder key="0ce40000:0069:0053" frequency="12283000" symbol_rate="27500000" polarization="H" fec="3" system="0" modulation="0">
        <service id="0x01f5" sid="501" name="Hispasat 4K" type="31" provider="" onid="83" tsid="105" namespace="0x0ce40000" />
      </transponder>
    </satellite>
    <satellite key="0ce40000:00c8:0022" name="Sat-30W" namespace="0x0ce40000" position="-30">
      <transponder key="0ce40000:00c8:0022" frequency="11382000" symbol_rate="30000000" polarization="V" fec="3" system="0" modulation="0">
        <service id="0x0001" sid="1" name="UHD Spain en HDR" type="31" provider="Hispasat" onid="34" tsid="200" namespace="0x0ce40000" />
        <service id="0x0002" sid="2" name="UHD Spain en SDR" type="31" provider="Hispasat" onid="34" tsid="200" namespace="0x0ce40000" />
      </transponder>
    </satellite>
    <satellite key="0ce40000:03e9:22d4" name="Sat-30W" namespace="0x0ce40000" position="-30">
      <transponder key="0ce40000:03e9:22d4" frequency="11330000" symbol_rate="9140000" polarization="H" fec="3" system="0" modulation="0">
        <service id="0x27b0" sid="10160" name="ARAGON TV" type="1" provider="CARTV" onid="8916" tsid="1001" namespace="0x0ce40000" />
        <service id="0x27b2" sid="10162" name="ARAGON TV HD" type="25" provider="CARTV" onid="8916" tsid="1001" namespace="0x0ce40000" />
        <service id="0x27b5" sid="10165" name="ARAGON RADIO HUESCA" type="2" provider="CARTV" onid="8916" tsid="1001" namespace="0x0ce40000" radio="1" />
        <service id="0x27b6" sid="10166" name="ARAGON RADIO TERUEL" type="2" provider="CARTV" onid="8916" tsid="1001" namespace="0x0ce40000" radio="1" />
        <service id="0x27b1" sid="10161" name="ARAGON RADIO ZARAGOZA" type="2" provider="CARTV" onid="8916" tsid="1001" namespace="0x0ce40000" radio="1" />
      </transponder>
    </satellite>
    <satellite key="0ce40000:1450:22d4" name="Sat-30W" namespace="0x0ce40000" position="-30">
      <transponder key="0ce40000:1450:22d4" frequency="11496000" symbol_rate="7884000" polarization="H" fec="6" system="0" modulation="0">
        <service id="0x27ec" sid="10220" name="A7" type="1" provider="TPA" onid="8916" tsid="5200" namespace="0x0ce40000" />
        <service id="0x27f1" sid="10225" name="A8" type="1" provider="TPA" onid="8916" tsid="5200" namespace="0x0ce40000" />
        <service id="0x27f7" sid="10231" name="tdp" type="1" provider="RTVE" onid="8916" tsid="5200" namespace="0x0ce40000" />
        <service id="0x27f6" sid="10230" name="TPA HD" type="1" provider="TPA" onid="8916" tsid="5200" namespace="0x0ce40000" />
        <service id="0x27fa" sid="10234" name="R. Langreo" type="2" provider="TPA" onid="8916" tsid="5200" namespace="0x0ce40000" radio="1" />
        <service id="0x27fb" sid="10235" name="RPA" type="2" provider="TPA" onid="8916" tsid="5200" namespace="0x0ce40000" radio="1" />
      </transponder>
    </satellite>
    <satellite key="0ce40000:ea74:0001" name="Sat-30W" namespace="0x0ce40000" position="-30">
      <transponder key="0ce40000:ea74:0001" frequency="11222000" symbol_rate="30000000" polarization="H" fec="3" system="0" modulation="0">
        <service id="0x0bd1" sid="3025" name="11222H SID 0xbd1" type="100" provider="DVB-S2 8PSK 11222H 330.0Â°E" onid="1" tsid="60020" namespace="0x0ce40000" />
        <service id="0x0bd2" sid="3026" name="11222H SID 0xbd2" type="100" provider="DVB-S2 8PSK 11222H 330.0Â°E" onid="1" tsid="60020" namespace="0x0ce40000" />
        <service id="0x0bd3" sid="3027" name="11222H SID 0xbd3" type="100" provider="DVB-S2 8PSK 11222H 330.0Â°E" onid="1" tsid="60020" namespace="0x0ce40000" />
        <service id="0x0bd4" sid="3028" name="11222H SID 0xbd4" type="100" provider="DVB-S2 8PSK 11222H 330.0Â°E" onid="1" tsid="60020" namespace="0x0ce40000" />
        <service id="0x0bdb" sid="3035" name="11222H SID 0xbdb" type="100" provider="DVB-S2 8PSK 11222H 330.0Â°E" onid="1" tsid="60020" namespace="0x0ce40000" />
        <service id="0x0bdc" sid="3036" name="11222H SID 0xbdc" type="100" provider="DVB-S2 8PSK 11222H 330.0Â°E" onid="1" tsid="60020" namespace="0x0ce40000" />
        <service id="0x0bdd" sid="3037" name="11222H SID 0xbdd" type="100" provider="DVB-S2 8PSK 11222H 330.0Â°E" onid="1" tsid="60020" namespace="0x0ce40000" />
        <service id="0x0bde" sid="3038" name="11222H SID 0xbde" type="100" provider="DVB-S2 8PSK 11222H 330.0Â°E" onid="1" tsid="60020" namespace="0x0ce40000" />
        <service id="0x0bea" sid="3050" name="11222H SID 0xbea" type="100" provider="DVB-S2 8PSK 11222H 330.0Â°E" onid="1" tsid="60020" namespace="0x0ce40000" />
        <service id="0x0bf4" sid="3060" name="11222H SID 0xbf4" type="100" provider="DVB-S2 8PSK 11222H 330.0Â°E" onid="1" tsid="60020" namespace="0x0ce40000" />
        <service id="0xfffe" sid="65534" name="11222H SID 0xfffe" type="100" provider="DVB-S2 8PSK 11222H 330.0Â°E" onid="1" tsid="60020" namespace="0x0ce40000" />
        <service id="0x01da" sid="474" name="R1_ALICAN_PRADO" type="2" provider="RNE" onid="1" tsid="60020" namespace="0x0ce40000" radio="1" />
        <service id="0x047e" sid="1150" name="R1_CASTEL_PRADO" type="2" provider="RNE" onid="1" tsid="60020" namespace="0x0ce40000" radio="1" />
        <service id="0x023a" sid="570" name="R1_VALENC_PRADO" type="2" provider="RNE" onid="1" tsid="60020" namespace="0x0ce40000" radio="1" />
        <service id="0x00c8" sid="200" name="R2_NACION_PRADO" type="2" provider="RNE" onid="1" tsid="60020" namespace="0x0ce40000" radio="1" />
        <service id="0x012c" sid="300" name="R3_NACION_PRADO" type="2" provider="RNE" onid="1" tsid="60020" namespace="0x0ce40000" radio="1" />
        <service id="0x067c" sid="1660" name="R5_ALICAN_PRADO" type="2" provider="RNE" onid="1" tsid="60020" namespace="0x0ce40000" radio="1" />
        <service id="0x02ae" sid="686" name="R5_CASTEL_PRADO" type="2" provider="RNE" onid="1" tsid="60020" namespace="0x0ce40000" radio="1" />
        <service id="0x01d6" sid="470" name="R5_VALENC_PRADO" type="2" provider="RNE" onid="1" tsid="60020" namespace="0x0ce40000" radio="1" />
      </transponder>
    </satellite>
    <satellite key="0ce40000:ea76:0001" name="Sat-30W" namespace="0x0ce40000" position="-30">
      <transponder key="0ce40000:ea76:0001" frequency="11302000" symbol_rate="30000000" polarization="H" fec="3" system="0" modulation="0">
        <service id="0x0cc6" sid="3270" name="11302H SID 0xcc6" type="100" provider="DVB-S2 8PSK 11302H 330.0Â°E" onid="1" tsid="60022" namespace="0x0ce40000" />
        <service id="0x0cc7" sid="3271" name="11302H SID 0xcc7" type="100" provider="DVB-S2 8PSK 11302H 330.0Â°E" onid="1" tsid="60022" namespace="0x0ce40000" />
        <service id="0x0cc8" sid="3272" name="11302H SID 0xcc8" type="100" provider="DVB-S2 8PSK 11302H 330.0Â°E" onid="1" tsid="60022" namespace="0x0ce40000" />
        <service id="0x0cc9" sid="3273" name="11302H SID 0xcc9" type="100" provider="DVB-S2 8PSK 11302H 330.0Â°E" onid="1" tsid="60022" namespace="0x0ce40000" />
        <service id="0x0cca" sid="3274" name="11302H SID 0xcca" type="100" provider="DVB-S2 8PSK 11302H 330.0Â°E" onid="1" tsid="60022" namespace="0x0ce40000" />
        <service id="0x0cd1" sid="3281" name="11302H SID 0xcd1" type="100" provider="DVB-S2 8PSK 11302H 330.0Â°E" onid="1" tsid="60022" namespace="0x0ce40000" />
        <service id="0x0cd2" sid="3282" name="11302H SID 0xcd2" type="100" provider="DVB-S2 8PSK 11302H 330.0Â°E" onid="1" tsid="60022" namespace="0x0ce40000" />
        <service id="0x0cd3" sid="3283" name="11302H SID 0xcd3" type="100" provider="DVB-S2 8PSK 11302H 330.0Â°E" onid="1" tsid="60022" namespace="0x0ce40000" />
        <service id="0x0cd4" sid="3284" name="11302H SID 0xcd4" type="100" provider="DVB-S2 8PSK 11302H 330.0Â°E" onid="1" tsid="60022" namespace="0x0ce40000" />
        <service id="0xfffe" sid="65534" name="11302H SID 0xfffe" type="100" provider="DVB-S2 8PSK 11302H 330.0Â°E" onid="1" tsid="60022" namespace="0x0ce40000" />
        <service id="0x019a" sid="410" name="R1_ASTURI_PRADO" type="2" provider="RNE" onid="1" tsid="60022" namespace="0x0ce40000" radio="1" />
        <service id="0x015c" sid="348" name="R1_AVILA__PRADO" type="2" provider="RNE" onid="1" tsid="60022" namespace="0x0ce40000" radio="1" />
        <service id="0x00a0" sid="160" name="R1_BURGOS_PRADO" type="2" provider="RNE" onid="1" tsid="60022" namespace="0x0ce40000" radio="1" />
        <service id="0x014a" sid="330" name="R1_CANTAB_PRADO" type="2" provider="RNE" onid="1" tsid="60022" namespace="0x0ce40000" radio="1" />
        <service id="0x00fa" sid="250" name="R1_CYLEON_PRADO" type="2" provider="RNE" onid="1" tsid="60022" namespace="0x0ce40000" radio="1" />
        <service id="0x009a" sid="154" name="R1_EXTREM_PRADO" type="2" provider="RNE" onid="1" tsid="60022" namespace="0x0ce40000" radio="1" />
        <service id="0x0044" sid="68" name="R1_GALICI_PRADO" type="2" provider="RNE" onid="1" tsid="60022" namespace="0x0ce40000" radio="1" />
        <service id="0x02ee" sid="750" name="R1_GIJON__PRADO" type="2" provider="RNE" onid="1" tsid="60022" namespace="0x0ce40000" radio="1" />
        <service id="0x021c" sid="540" name="R1_LARIOJ_PRADO" type="2" provider="RNE" onid="1" tsid="60022" namespace="0x0ce40000" radio="1" />
        <service id="0x035c" sid="860" name="R1_LEON___PRADO" type="2" provider="RNE" onid="1" tsid="60022" namespace="0x0ce40000" radio="1" />
        <service id="0x03fc" sid="1020" name="R1_MERIDA_PRADO" type="2" provider="RNE" onid="1" tsid="60022" namespace="0x0ce40000" radio="1" />
        <service id="0x0028" sid="40" name="R1_NACION_PRADO" type="2" provider="RNE" onid="1" tsid="60022" namespace="0x0ce40000" radio="1" />
        <service id="0x015e" sid="350" name="R1_NAVARR_TORRE" type="2" provider="RNE" onid="1" tsid="60022" namespace="0x0ce40000" radio="1" />
        <service id="0x041a" sid="1050" name="R1_ORENSE_PRADO" type="2" provider="RNE" onid="1" tsid="60022" namespace="0x0ce40000" radio="1" />
        <service id="0x038e" sid="910" name="R1_PALENC_PRADO" type="2" provider="RNE" onid="1" tsid="60022" namespace="0x0ce40000" radio="1" />
        <service id="0x016e" sid="366" name="R1_PONFER_PRADO" type="2" provider="RNE" onid="1" tsid="60022" namespace="0x0ce40000" radio="1" />
        <service id="0x01a8" sid="424" name="R1_PONTEV_PRADO" type="2" provider="RNE" onid="1" tsid="60022" namespace="0x0ce40000" radio="1" />
        <service id="0x00a8" sid="168" name="R1_PVASCO_PRADO" type="2" provider="RNE" onid="1" tsid="60022" namespace="0x0ce40000" radio="1" />
        <service id="0x018e" sid="398" name="R1_SALAMA_PRADO" type="2" provider="RNE" onid="1" tsid="60022" namespace="0x0ce40000" radio="1" />
        <service id="0x046a" sid="1130" name="R1_SANSEB_PRADO" type="2" provider="RNE" onid="1" tsid="60022" namespace="0x0ce40000" radio="1" />
        <service id="0x00c4" sid="196" name="R1_SANTIA_PRADO" type="2" provider="RNE" onid="1" tsid="60022" namespace="0x0ce40000" radio="1" />
        <service id="0x03a2" sid="930" name="R1_SEGOVI_PRADO" type="2" provider="RNE" onid="1" tsid="60022" namespace="0x0ce40000" radio="1" />
        <service id="0x03ac" sid="940" name="R1_SORIA__PRADO" type="2" provider="RNE" onid="1" tsid="60022" namespace="0x0ce40000" radio="1" />
        <service id="0x042e" sid="1070" name="R1_VIGO___PRADO" type="2" provider="RNE" onid="1" tsid="60022" namespace="0x0ce40000" radio="1" />
        <service id="0x03b6" sid="950" name="R1_ZAMORA_PRADO" type="2" provider="RNE" onid="1" tsid="60022" namespace="0x0ce40000" radio="1" />
        <service id="0x00c8" sid="200" name="R2_NACION_PRADO" type="2" provider="RNE" onid="1" tsid="60022" namespace="0x0ce40000" radio="1" />
        <service id="0x012c" sid="300" name="R3_NACION_PRADO" type="2" provider="RNE" onid="1" tsid="60022" namespace="0x0ce40000" radio="1" />
        <service id="0x00be" sid="190" name="R4_CATALU_PRADO" type="2" provider="RNE" onid="1" tsid="60022" namespace="0x0ce40000" radio="1" />
        <service id="0x00dc" sid="220" name="R5_ASTURI_PRADO" type="2" provider="RNE" onid="1" tsid="60022" namespace="0x0ce40000" radio="1" />
        <service id="0x00f6" sid="246" name="R5_AVILA__PRADO" type="2" provider="RNE" onid="1" tsid="60022" namespace="0x0ce40000" radio="1" />
        <service id="0x029c" sid="668" name="R5_BILBAO_PRADO" type="2" provider="RNE" onid="1" tsid="60022" namespace="0x0ce40000" radio="1" />
        <service id="0x058c" sid="1420" name="R5_BURGOS_PRADO" type="2" provider="RNE" onid="1" tsid="60022" namespace="0x0ce40000" radio="1" />
        <service id="0x00d0" sid="208" name="R5_CANTAB_PRADO" type="2" provider="RNE" onid="1" tsid="60022" namespace="0x0ce40000" radio="1" />
        <service id="0x008c" sid="140" name="R5_CYLEON_PRADO" type="2" provider="RNE" onid="1" tsid="60022" namespace="0x0ce40000" radio="1" />
        <service id="0x003c" sid="60" name="R5_EXTREM_PRADO" type="2" provider="RNE" onid="1" tsid="60022" namespace="0x0ce40000" radio="1" />
        <service id="0x00d6" sid="214" name="R5_GIJON__PRADO" type="2" provider="RNE" onid="1" tsid="60022" namespace="0x0ce40000" radio="1" />
        <service id="0x01b8" sid="440" name="R5_LARIOJ_PRADO" type="2" provider="RNE" onid="1" tsid="60022" namespace="0x0ce40000" radio="1" />
        <service id="0x00fe" sid="254" name="R5_LEON___PRADO" type="2" provider="RNE" onid="1" tsid="60022" namespace="0x0ce40000" radio="1" />
        <service id="0x026e" sid="622" name="R5_LUGO___PRADO" type="2" provider="RNE" onid="1" tsid="60022" namespace="0x0ce40000" radio="1" />
        <service id="0x060e" sid="1550" name="R5_MERIDA_PRADO" type="2" provider="RNE" onid="1" tsid="60022" namespace="0x0ce40000" radio="1" />
        <service id="0x01f4" sid="500" name="R5_NACION_PRADO" type="2" provider="RNE" onid="1" tsid="60022" namespace="0x0ce40000" radio="1" />
        <service id="0x00e6" sid="230" name="R5_NAVARR_PRADO" type="2" provider="RNE" onid="1" tsid="60022" namespace="0x0ce40000" radio="1" />
        <service id="0x0118" sid="280" name="R5_ORENSE_PRADO" type="2" provider="RNE" onid="1" tsid="60022" namespace="0x0ce40000" radio="1" />
        <service id="0x05aa" sid="1450" name="R5_PALENC_PRADO" type="2" provider="RNE" onid="1" tsid="60022" namespace="0x0ce40000" radio="1" />
        <service id="0x05a0" sid="1440" name="R5_PONFER_PRADO" type="2" provider="RNE" onid="1" tsid="60022" namespace="0x0ce40000" radio="1" />
        <service id="0x064a" sid="1610" name="R5_PONTEV_PRADO" type="2" provider="RNE" onid="1" tsid="60022" namespace="0x0ce40000" radio="1" />
        <service id="0x01cc" sid="460" name="R5_PVASCO_PRADO" type="2" provider="RNE" onid="1" tsid="60022" namespace="0x0ce40000" radio="1" />
        <service id="0x05b4" sid="1460" name="R5_SALAMA_PRADO" type="2" provider="RNE" onid="1" tsid="60022" namespace="0x0ce40000" radio="1" />
        <service id="0x02a0" sid="672" name="R5_SANSEB_PRADO" type="2" provider="RNE" onid="1" tsid="60022" namespace="0x0ce40000" radio="1" />
        <service id="0x026a" sid="618" name="R5_SANTIA_PRADO" type="2" provider="RNE" onid="1" tsid="60022" namespace="0x0ce40000" radio="1" />
        <service id="0x05be" sid="1470" name="R5_SEGOV__PRADO" type="2" provider="RNE" onid="1" tsid="60022" namespace="0x0ce40000" radio="1" />
        <service id="0x05dc" sid="1500" name="R5_SORIA__PRADO" type="2" provider="RNE" onid="1" tsid="60022" namespace="0x0ce40000" radio="1" />
        <service id="0x028e" sid="654" name="R5_VIGO___PRADO" type="2" provider="RNE" onid="1" tsid="60022" namespace="0x0ce40000" radio="1" />
        <service id="0x05e6" sid="1510" name="R5_ZAMORA_PRADO" type="2" provider="RNE" onid="1" tsid="60022" namespace="0x0ce40000" radio="1" />
      </transponder>
    </satellite>
    <satellite key="0ce40000:ea79:0001" name="Sat-30W" namespace="0x0ce40000" position="-30">
      <transponder key="0ce40000:ea79:0001" frequency="11382000" symbol_rate="30000000" polarization="H" fec="3" system="0" modulation="0">
        <service id="0x0dc0" sid="3520" name="11382H SID 0xdc0" type="100" provider="DVB-S2 8PSK 11382H 330.0Â°E" onid="1" tsid="60025" namespace="0x0ce40000" />
        <service id="0x0dc1" sid="3521" name="11382H SID 0xdc1" type="100" provider="DVB-S2 8PSK 11382H 330.0Â°E" onid="1" tsid="60025" namespace="0x0ce40000" />
        <service id="0x0dc2" sid="3522" name="11382H SID 0xdc2" type="100" provider="DVB-S2 8PSK 11382H 330.0Â°E" onid="1" tsid="60025" namespace="0x0ce40000" />
        <service id="0x0dc3" sid="3523" name="11382H SID 0xdc3" type="100" provider="DVB-S2 8PSK 11382H 330.0Â°E" onid="1" tsid="60025" namespace="0x0ce40000" />
        <service id="0x0dc4" sid="3524" name="11382H SID 0xdc4" type="100" provider="DVB-S2 8PSK 11382H 330.0Â°E" onid="1" tsid="60025" namespace="0x0ce40000" />
        <service id="0x0dcb" sid="3531" name="11382H SID 0xdcb" type="100" provider="DVB-S2 8PSK 11382H 330.0Â°E" onid="1" tsid="60025" namespace="0x0ce40000" />
        <service id="0x0dcc" sid="3532" name="11382H SID 0xdcc" type="100" provider="DVB-S2 8PSK 11382H 330.0Â°E" onid="1" tsid="60025" namespace="0x0ce40000" />
        <service id="0x0dcd" sid="3533" name="11382H SID 0xdcd" type="100" provider="DVB-S2 8PSK 11382H 330.0Â°E" onid="1" tsid="60025" namespace="0x0ce40000" />
        <service id="0x0dce" sid="3534" name="11382H SID 0xdce" type="100" provider="DVB-S2 8PSK 11382H 330.0Â°E" onid="1" tsid="60025" namespace="0x0ce40000" />
        <service id="0xfffe" sid="65534" name="11382H SID 0xfffe" type="100" provider="DVB-S2 8PSK 11382H 330.0Â°E" onid="1" tsid="60025" namespace="0x0ce40000" />
        <service id="0x012e" sid="302" name="R1_ALBACE_PRADO" type="2" provider="RNE" onid="1" tsid="60025" namespace="0x0ce40000" radio="1" />
        <service id="0x006a" sid="106" name="R1_ALMERI_PRADO" type="2" provider="RNE" onid="1" tsid="60025" namespace="0x0ce40000" radio="1" />
        <service id="0x008c" sid="140" name="R1_ANDALU_PRADO" type="2" provider="RNE" onid="1" tsid="60025" namespace="0x0ce40000" radio="1" />
        <service id="0x01fe" sid="510" name="R1_ARAGON_PRADO" type="2" provider="RNE" onid="1" tsid="60025" namespace="0x0ce40000" radio="1" />
        <service id="0x00e6" sid="230" name="R1_BALEAR_PRADO" type="2" provider="RNE" onid="1" tsid="60025" namespace="0x0ce40000" radio="1" />
        <service id="0x032a" sid="810" name="R1_C_REAL_PRADO" type="2" provider="RNE" onid="1" tsid="60025" namespace="0x0ce40000" radio="1" />
        <service id="0x026c" sid="620" name="R1_CADIZ__PRADO" type="2" provider="RNE" onid="1" tsid="60025" namespace="0x0ce40000" radio="1" />
        <service id="0x01c8" sid="456" name="R1_CARTAG_PRADO" type="2" provider="RNE" onid="1" tsid="60025" namespace="0x0ce40000" radio="1" />
        <service id="0x01ae" sid="430" name="R1_CATALU_PRADO" type="2" provider="RNE" onid="1" tsid="60025" namespace="0x0ce40000" radio="1" />
        <service id="0x02c6" sid="710" name="R1_CEUTA__PRADO" type="2" provider="RNE" onid="1" tsid="60025" namespace="0x0ce40000" radio="1" />
        <service id="0x0034" sid="52" name="R1_CLMANC_PRADO" type="2" provider="RNE" onid="1" tsid="60025" namespace="0x0ce40000" radio="1" />
        <service id="0x0076" sid="118" name="R1_CORDOB_PRADO" type="2" provider="RNE" onid="1" tsid="60025" namespace="0x0ce40000" radio="1" />
        <service id="0x014e" sid="334" name="R1_CUENCA_PRADO" type="2" provider="RNE" onid="1" tsid="60025" namespace="0x0ce40000" radio="1" />
        <service id="0x03ca" sid="970" name="R1_GIRONA_PRADO" type="2" provider="RNE" onid="1" tsid="60025" namespace="0x0ce40000" radio="1" />
        <service id="0x028a" sid="650" name="R1_GRANAD_PRADO" type="2" provider="RNE" onid="1" tsid="60025" namespace="0x0ce40000" radio="1" />
        <service id="0x033e" sid="830" name="R1_GUADAL_PRADO" type="2" provider="RNE" onid="1" tsid="60025" namespace="0x0ce40000" radio="1" />
        <service id="0x007e" sid="126" name="R1_HUELVA_PRADO" type="2" provider="RNE" onid="1" tsid="60025" namespace="0x0ce40000" radio="1" />
        <service id="0x02da" sid="730" name="R1_HUESCA_PRADO" type="2" provider="RNE" onid="1" tsid="60025" namespace="0x0ce40000" radio="1" />
        <service id="0x029e" sid="670" name="R1_JAEN___PRADO" type="2" provider="RNE" onid="1" tsid="60025" namespace="0x0ce40000" radio="1" />
        <service id="0x03f2" sid="1010" name="R1_LLEIDA_PRADO" type="2" provider="RNE" onid="1" tsid="60025" namespace="0x0ce40000" radio="1" />
        <service id="0x0072" sid="114" name="R1_MALAGA_PRADO" type="2" provider="RNE" onid="1" tsid="60025" namespace="0x0ce40000" radio="1" />
        <service id="0x02d0" sid="720" name="R1_MELILL_PRADO" type="2" provider="RNE" onid="1" tsid="60025" namespace="0x0ce40000" radio="1" />
        <service id="0x01c2" sid="450" name="R1_MURCIA_PRADO" type="2" provider="RNE" onid="1" tsid="60025" namespace="0x0ce40000" radio="1" />
        <service id="0x0028" sid="40" name="R1_NACION_PRADO" type="2" provider="RNE" onid="1" tsid="60025" namespace="0x0ce40000" radio="1" />
        <service id="0x03c0" sid="960" name="R1_TARRAG_PRADO" type="2" provider="RNE" onid="1" tsid="60025" namespace="0x0ce40000" radio="1" />
        <service id="0x02e4" sid="740" name="R1_TERUEL_PRADO" type="2" provider="RNE" onid="1" tsid="60025" namespace="0x0ce40000" radio="1" />
        <service id="0x00c8" sid="200" name="R2_NACION_PRADO" type="2" provider="RNE" onid="1" tsid="60025" namespace="0x0ce40000" radio="1" />
        <service id="0x012c" sid="300" name="R3_NACION_PRADO" type="2" provider="RNE" onid="1" tsid="60025" namespace="0x0ce40000" radio="1" />
        <service id="0x00be" sid="190" name="R4_CATALU_PRADO" type="2" provider="RNE" onid="1" tsid="60025" namespace="0x0ce40000" radio="1" />
        <service id="0x053c" sid="1340" name="R5_ALBACE_PRADO" type="2" provider="RNE" onid="1" tsid="60025" namespace="0x0ce40000" radio="1" />
        <service id="0x01e8" sid="488" name="R5_ALMERI_PRADO" type="2" provider="RNE" onid="1" tsid="60025" namespace="0x0ce40000" radio="1" />
        <service id="0x006e" sid="110" name="R5_ANDALU_PRADO" type="2" provider="RNE" onid="1" tsid="60025" namespace="0x0ce40000" radio="1" />
        <service id="0x01a4" sid="420" name="R5_ARAGON_PRADO" type="2" provider="RNE" onid="1" tsid="60025" namespace="0x0ce40000" radio="1" />
        <service id="0x004e" sid="78" name="R5_BALEAR_PRADO" type="2" provider="RNE" onid="1" tsid="60025" namespace="0x0ce40000" radio="1" />
        <service id="0x00de" sid="222" name="R5_C_REAL_PRADO" type="2" provider="RNE" onid="1" tsid="60025" namespace="0x0ce40000" radio="1" />
        <service id="0x01ec" sid="492" name="R5_CADIZ__PRADO" type="2" provider="RNE" onid="1" tsid="60025" namespace="0x0ce40000" radio="1" />
        <service id="0x065e" sid="1630" name="R5_CARTAG_PRADO" type="2" provider="RNE" onid="1" tsid="60025" namespace="0x0ce40000" radio="1" />
        <service id="0x00d4" sid="212" name="R5_CATALU_PRADO" type="2" provider="RNE" onid="1" tsid="60025" namespace="0x0ce40000" radio="1" />
        <service id="0x04ec" sid="1260" name="R5_CEUTA__PRADO" type="2" provider="RNE" onid="1" tsid="60025" namespace="0x0ce40000" radio="1" />
        <service id="0x00f0" sid="240" name="R5_CLMANC_PRADO" type="2" provider="RNE" onid="1" tsid="60025" namespace="0x0ce40000" radio="1" />
        <service id="0x04c4" sid="1220" name="R5_CORDOB_PRADO" type="2" provider="RNE" onid="1" tsid="60025" namespace="0x0ce40000" radio="1" />
        <service id="0x00e2" sid="226" name="R5_CUENCA_PRADO" type="2" provider="RNE" onid="1" tsid="60025" namespace="0x0ce40000" radio="1" />
        <service id="0x05fa" sid="1530" name="R5_GIRONA_PRADO" type="2" provider="RNE" onid="1" tsid="60025" namespace="0x0ce40000" radio="1" />
        <service id="0x04ce" sid="1230" name="R5_GRANAD_PRADO" type="2" provider="RNE" onid="1" tsid="60025" namespace="0x0ce40000" radio="1" />
        <service id="0x055a" sid="1370" name="R5_GUADAL_PRADO" type="2" provider="RNE" onid="1" tsid="60025" namespace="0x0ce40000" radio="1" />
        <service id="0x04d8" sid="1240" name="R5_HUELVA_PRADO" type="2" provider="RNE" onid="1" tsid="60025" namespace="0x0ce40000" radio="1" />
        <service id="0x051e" sid="1310" name="R5_HUESCA_PRADO" type="2" provider="RNE" onid="1" tsid="60025" namespace="0x0ce40000" radio="1" />
        <service id="0x04e2" sid="1250" name="R5_JAEN___PRADO" type="2" provider="RNE" onid="1" tsid="60025" namespace="0x0ce40000" radio="1" />
        <service id="0x025c" sid="604" name="R5_LLEIDA_PRADO" type="2" provider="RNE" onid="1" tsid="60025" namespace="0x0ce40000" radio="1" />
        <service id="0x0058" sid="88" name="R5_MADRID_PRADO" type="2" provider="RNE" onid="1" tsid="60025" namespace="0x0ce40000" radio="1" />
        <service id="0x04ba" sid="1210" name="R5_MALAGA_PRADO" type="2" provider="RNE" onid="1" tsid="60025" namespace="0x0ce40000" radio="1" />
        <service id="0x04f6" sid="1270" name="R5_MELILL_PRADO" type="2" provider="RNE" onid="1" tsid="60025" namespace="0x0ce40000" radio="1" />
        <service id="0x01f4" sid="500" name="R5_NACION_PRADO" type="2" provider="RNE" onid="1" tsid="60025" namespace="0x0ce40000" radio="1" />
        <service id="0x05f0" sid="1520" name="R5_TARRAG_PRADO" type="2" provider="RNE" onid="1" tsid="60025" namespace="0x0ce40000" radio="1" />
        <service id="0x00d2" sid="210" name="R5_TERUEL_PRADO" type="2" provider="RNE" onid="1" tsid="60025" namespace="0x0ce40000" radio="1" />
      </transponder>
    </satellite>
    <satellite key="0ce42a3a:0044:0000" name="Sat-30W" namespace="0x0ce42a3a" position="-30">
      <transponder key="0ce42a3a:0044:0000" frequency="10810000" symbol_rate="30000000" polarization="H" fec="6" system="0" modulation="0">
        <service id="0x02a9" sid="681" name="10810H SID 0x2a9" type="100" provider="DVB-S2 QPSK 10810H 330.0Â°E" onid="0" tsid="68" namespace="0x0ce42a3a" />
      </transponder>
    </satellite>
    <satellite key="0ce42a8a:000d:ff00" name="Sat-30W" namespace="0x0ce42a8a" position="-30">
      <transponder key="0ce42a8a:000d:ff00" frequency="10890000" symbol_rate="29990000" polarization="H" fec="3" system="0" modulation="0">
        <service id="0x051e" sid="1310" name="Funbox UHD" type="1" provider="MB Satellite" onid="65280" tsid="13" namespace="0x0ce42a8a" />
      </transponder>
    </satellite>
    <satellite key="0ce42c53:ea77:0000" name="Sat-30W" namespace="0x0ce42c53" position="-30">
      <transponder key="0ce42c53:ea77:0000" frequency="11347000" symbol_rate="20858000" polarization="H" fec="3" system="0" modulation="0">
        <service id="0x0ce5" sid="3301" name="11347H SID 0xce5" type="100" provider="DVB-S2 8PSK 11347H 330.0Â°E" onid="0" tsid="60023" namespace="0x0ce42c53" />
        <service id="0x0ce6" sid="3302" name="11347H SID 0xce6" type="100" provider="DVB-S2 8PSK 11347H 330.0Â°E" onid="0" tsid="60023" namespace="0x0ce42c53" />
        <service id="0x0ce7" sid="3303" name="11347H SID 0xce7" type="100" provider="DVB-S2 8PSK 11347H 330.0Â°E" onid="0" tsid="60023" namespace="0x0ce42c53" />
        <service id="0x0ce8" sid="3304" name="11347H SID 0xce8" type="100" provider="DVB-S2 8PSK 11347H 330.0Â°E" onid="0" tsid="60023" namespace="0x0ce42c53" />
        <service id="0x0ce9" sid="3305" name="11347H SID 0xce9" type="100" provider="DVB-S2 8PSK 11347H 330.0Â°E" onid="0" tsid="60023" namespace="0x0ce42c53" />
        <service id="0x0cea" sid="3306" name="11347H SID 0xcea" type="100" provider="DVB-S2 8PSK 11347H 330.0Â°E" onid="0" tsid="60023" namespace="0x0ce42c53" />
        <service id="0x0ceb" sid="3307" name="11347H SID 0xceb" type="100" provider="DVB-S2 8PSK 11347H 330.0Â°E" onid="0" tsid="60023" namespace="0x0ce42c53" />
        <service id="0xfffe" sid="65534" name="11347H SID 0xfffe" type="100" provider="DVB-S2 8PSK 11347H 330.0Â°E" onid="0" tsid="60023" namespace="0x0ce42c53" />
      </transponder>
    </satellite>
    <satellite key="0ce42d85:ea63:0000" name="Sat-30W" namespace="0x0ce42d85" position="-30">
      <transponder key="0ce42d85:ea63:0000" frequency="11653000" symbol_rate="19680000" polarization="H" fec="3" system="0" modulation="0">
        <service id="0x00cb" sid="203" name="11653H SID 0x515" type="100" provider="DVB-S2 8PSK 11653H 330.0Â°E" onid="0" tsid="60003" namespace="0x0ce42d85" />
        <service id="0x00cd" sid="205" name="11653H SID 0x517" type="100" provider="DVB-S2 8PSK 11653H 330.0Â°E" onid="0" tsid="60003" namespace="0x0ce42d85" />
        <service id="0xfffe" sid="65534" name="11653H SID 0xfffe" type="100" provider="DVB-S2 8PSK 11653H 330.0Â°E" onid="0" tsid="60003" namespace="0x0ce42d85" />
      </transponder>
    </satellite>
    <satellite key="0ce42d9b:ea64:0000" name="Sat-30W" namespace="0x0ce42d9b" position="-30">
      <transponder key="0ce42d9b:ea64:0000" frequency="11675000" symbol_rate="15750000" polarization="H" fec="3" system="0" modulation="0">
        <service id="0x058c" sid="1420" name="11675H SID 0x58c" type="100" provider="DVB-S2 8PSK 11675H 330.0Â°E" onid="0" tsid="60004" namespace="0x0ce42d9b" />
        <service id="0x058d" sid="1421" name="11675H SID 0x58d" type="100" provider="DVB-S2 8PSK 11675H 330.0Â°E" onid="0" tsid="60004" namespace="0x0ce42d9b" />
        <service id="0x058f" sid="1423" name="11675H SID 0x58f" type="100" provider="DVB-S2 8PSK 11675H 330.0Â°E" onid="0" tsid="60004" namespace="0x0ce42d9b" />
        <service id="0x00ff" sid="255" name="11675H SID 0x597" type="100" provider="DVB-S2 8PSK 11675H 330.0Â°E" onid="0" tsid="60004" namespace="0x0ce42d9b" />
        <service id="0x0101" sid="257" name="11675H SID 0x599" type="100" provider="DVB-S2 8PSK 11675H 330.0Â°E" onid="0" tsid="60004" namespace="0x0ce42d9b" />
        <service id="0x05a0" sid="1440" name="11675H SID 0x5a0" type="100" provider="DVB-S2 8PSK 11675H 330.0Â°E" onid="0" tsid="60004" namespace="0x0ce42d9b" />
        <service id="0xfffe" sid="65534" name="11675H SID 0xfffe" type="100" provider="DVB-S2 8PSK 11675H 330.0Â°E" onid="0" tsid="60004" namespace="0x0ce42d9b" />
      </transponder>
    </satellite>
    <satellite key="0ce42da9:0065:0000" name="Sat-30W" namespace="0x0ce42da9" position="-30">
      <transponder key="0ce42da9:0065:0000" frequency="11689000" symbol_rate="4000000" polarization="H" fec="2" system="0" modulation="0">
        <service id="0x000a" sid="10" name="Cadena 100" type="2" provider="Cadena 100" onid="0" tsid="101" namespace="0x0ce42da9" radio="1" />
        <service id="0x0013" sid="19" name="COPE" type="2" provider="COPE" onid="0" tsid="101" namespace="0x0ce42da9" radio="1" />
        <service id="0x001e" sid="30" name="COPE SAT 2" type="2" provider="COPE SAT 2" onid="0" tsid="101" namespace="0x0ce42da9" radio="1" />
        <service id="0x0004" sid="4" name="esRadio" type="2" provider="esRadio" onid="0" tsid="101" namespace="0x0ce42da9" radio="1" />
        <service id="0x0002" sid="2" name="Europa FM" type="2" provider="Europa FM" onid="0" tsid="101" namespace="0x0ce42da9" radio="1" />
        <service id="0x004a" sid="74" name="EXTREMADURA FM" type="2" provider="EXTREMADURA FM" onid="0" tsid="101" namespace="0x0ce42da9" radio="1" />
        <service id="0x003b" sid="59" name="FM HUESCA" type="2" provider="FM HUESCA" onid="0" tsid="101" namespace="0x0ce42da9" radio="1" />
        <service id="0x003c" sid="60" name="FM TERUEL" type="2" provider="FM TERUEL" onid="0" tsid="101" namespace="0x0ce42da9" radio="1" />
        <service id="0x003a" sid="58" name="FM ZARAGOZA" type="2" provider="FM ZARAGOZA" onid="0" tsid="101" namespace="0x0ce42da9" radio="1" />
        <service id="0x001a" sid="26" name="HIT FM" type="2" provider="HIT FM" onid="0" tsid="101" namespace="0x0ce42da9" radio="1" />
        <service id="0x000d" sid="13" name="Kiss FM" type="2" provider="Kiss FM" onid="0" tsid="101" namespace="0x0ce42da9" radio="1" />
        <service id="0x001b" sid="27" name="MegaStar" type="2" provider="MegaStar" onid="0" tsid="101" namespace="0x0ce42da9" radio="1" />
        <service id="0x0003" sid="3" name="Melodia FM" type="2" provider="Melodia FM" onid="0" tsid="101" namespace="0x0ce42da9" radio="1" />
        <service id="0x0001" sid="1" name="Onda Cero" type="2" provider="Onda Cero" onid="0" tsid="101" namespace="0x0ce42da9" radio="1" />
        <service id="0x0008" sid="8" name="RADIO MARIA" type="2" provider="RADIO MARIA" onid="0" tsid="101" namespace="0x0ce42da9" radio="1" />
        <service id="0x000b" sid="11" name="ROCK FM" type="2" provider="ROCK FM" onid="0" tsid="101" namespace="0x0ce42da9" radio="1" />
      </transponder>
    </satellite>
    <satellite key="0ce43113:0000:ff00" name="Sat-30W" namespace="0x0ce43113" position="-30">
      <transponder key="0ce43113:0000:ff00" frequency="12563000" symbol_rate="4684000" polarization="H" fec="3" system="0" modulation="0">
        <service id="0x00cc" sid="204" name="Agencia EFE" type="1" provider="" onid="65280" tsid="0" namespace="0x0ce43113" />
        <service id="0x00cd" sid="205" name="EFE Radio" type="1" provider="" onid="65280" tsid="0" namespace="0x0ce43113" />
      </transponder>
    </satellite>
    <satellite key="0ce4aaaa:0001:0001" name="Sat-30W" namespace="0x0ce4aaaa" position="-30">
      <transponder key="0ce4aaaa:0001:0001" frequency="10922000" symbol_rate="1667000" polarization="V" fec="9" system="0" modulation="0">
        <service id="0x0001" sid="1" name="BOM" type="1" provider="M-Three Satcom" onid="1" tsid="1" namespace="0x0ce4aaaa" />
      </transponder>
    </satellite>
    <satellite key="0ce4acf6:0065:0000" name="Sat-30W" namespace="0x0ce4acf6" position="-30">
      <transponder key="0ce4acf6:0065:0000" frequency="11510000" symbol_rate="10000000" polarization="V" fec="3" system="0" modulation="0">
        <service id="0x000a" sid="10" name="Cadena 100" type="2" provider="Cadena 100" onid="0" tsid="101" namespace="0x0ce4acf6" radio="1" />
        <service id="0x0013" sid="19" name="COPE" type="2" provider="COPE" onid="0" tsid="101" namespace="0x0ce4acf6" radio="1" />
        <service id="0x001e" sid="30" name="COPE SAT 2" type="2" provider="COPE SAT 2" onid="0" tsid="101" namespace="0x0ce4acf6" radio="1" />
        <service id="0x0004" sid="4" name="esRadio" type="2" provider="esRadio" onid="0" tsid="101" namespace="0x0ce4acf6" radio="1" />
        <service id="0x0002" sid="2" name="Europa FM" type="2" provider="Europa FM" onid="0" tsid="101" namespace="0x0ce4acf6" radio="1" />
        <service id="0x004a" sid="74" name="EXTREMADURA FM" type="2" provider="EXTREMADURA FM" onid="0" tsid="101" namespace="0x0ce4acf6" radio="1" />
        <service id="0x003b" sid="59" name="FM HUESCA" type="2" provider="FM HUESCA" onid="0" tsid="101" namespace="0x0ce4acf6" radio="1" />
        <service id="0x003c" sid="60" name="FM TERUEL" type="2" provider="FM TERUEL" onid="0" tsid="101" namespace="0x0ce4acf6" radio="1" />
        <service id="0x003a" sid="58" name="FM ZARAGOZA" type="2" provider="FM ZARAGOZA" onid="0" tsid="101" namespace="0x0ce4acf6" radio="1" />
        <service id="0x001a" sid="26" name="HIT FM" type="2" provider="HIT FM" onid="0" tsid="101" namespace="0x0ce4acf6" radio="1" />
        <service id="0x000d" sid="13" name="Kiss FM" type="2" provider="Kiss FM" onid="0" tsid="101" namespace="0x0ce4acf6" radio="1" />
        <service id="0x001b" sid="27" name="MegaStar" type="2" provider="MegaStar" onid="0" tsid="101" namespace="0x0ce4acf6" radio="1" />
        <service id="0x0003" sid="3" name="Melodia FM" type="2" provider="Melodia FM" onid="0" tsid="101" namespace="0x0ce4acf6" radio="1" />
        <service id="0x0001" sid="1" name="Onda Cero" type="2" provider="Onda Cero" onid="0" tsid="101" namespace="0x0ce4acf6" radio="1" />
        <service id="0x0008" sid="8" name="RADIO MARIA" type="2" provider="RADIO MARIA" onid="0" tsid="101" namespace="0x0ce4acf6" radio="1" />
        <service id="0x000b" sid="11" name="ROCK FM" type="2" provider="ROCK FM" onid="0" tsid="101" namespace="0x0ce4acf6" radio="1" />
      </transponder>
    </satellite>
    <satellite key="0ce4b0e7:0001:0001" name="Sat-30W" namespace="0x0ce4b0e7" position="-30">
      <transponder key="0ce4b0e7:0001:0001" frequency="12519000" symbol_rate="1481000" polarization="V" fec="3" system="0" modulation="0">
        <service id="0x0006" sid="6" name="ACORES" type="2" provider="RTP" onid="1" tsid="1" namespace="0x0ce4b0e7" radio="1" />
        <service id="0x0009" sid="9" name="ANT1 MADEIRA" type="2" provider="RTP" onid="1" tsid="1" namespace="0x0ce4b0e7" radio="1" />
        <service id="0x000a" sid="10" name="ANT3 MADEIRA" type="2" provider="RTP" onid="1" tsid="1" namespace="0x0ce4b0e7" radio="1" />
        <service id="0x0001" sid="1" name="ANTENA 1" type="2" provider="RTP" onid="1" tsid="1" namespace="0x0ce4b0e7" radio="1" />
        <service id="0x0002" sid="2" name="ANTENA 2" type="2" provider="RTP" onid="1" tsid="1" namespace="0x0ce4b0e7" radio="1" />
        <service id="0x0003" sid="3" name="ANTENA 3" type="2" provider="RTP" onid="1" tsid="1" namespace="0x0ce4b0e7" radio="1" />
        <service id="0x0005" sid="5" name="OCASIONAIS" type="2" provider="RTP" onid="1" tsid="1" namespace="0x0ce4b0e7" radio="1" />
        <service id="0x0008" sid="8" name="ONDA MEDIA" type="2" provider="RTP" onid="1" tsid="1" namespace="0x0ce4b0e7" radio="1" />
        <service id="0x0004" sid="4" name="RDP AFRICA" type="2" provider="RTP" onid="1" tsid="1" namespace="0x0ce4b0e7" radio="1" />
      </transponder>
    </satellite>
    <satellite key="0ce4b104:ea67:0000" name="Sat-30W" namespace="0x0ce4b104" position="-30">
      <transponder key="0ce4b104:ea67:0000" frequency="12548000" symbol_rate="29600000" polarization="V" fec="3" system="0" modulation="0">
        <service id="0x06a5" sid="1701" name="12548V SID 0x6a5" type="100" provider="DVB-S2 8PSK 12548V 330.0Â°E" onid="0" tsid="60007" namespace="0x0ce4b104" />
        <service id="0x06a6" sid="1702" name="12548V SID 0x6a6" type="100" provider="DVB-S2 8PSK 12548V 330.0Â°E" onid="0" tsid="60007" namespace="0x0ce4b104" />
        <service id="0x06a7" sid="1703" name="12548V SID 0x6a7" type="100" provider="DVB-S2 8PSK 12548V 330.0Â°E" onid="0" tsid="60007" namespace="0x0ce4b104" />
        <service id="0xfffe" sid="65534" name="12548V SID 0xfffe" type="100" provider="DVB-S2 8PSK 12548V 330.0Â°E" onid="0" tsid="60007" namespace="0x0ce4b104" />
      </transponder>
    </satellite>
    <satellite key="0ce4b157:ea62:0000" name="Sat-30W" namespace="0x0ce4b157" position="-30">
      <transponder key="0ce4b157:ea62:0000" frequency="12631000" symbol_rate="30000000" polarization="V" fec="3" system="0" modulation="0">
        <service id="0x03e9" sid="1001" name="12631V SID 0x3e9" type="100" provider="DVB-S2 8PSK 12631V 330.0Â°E" onid="0" tsid="60002" namespace="0x0ce4b157" />
        <service id="0x03ea" sid="1002" name="12631V SID 0x3ea" type="100" provider="DVB-S2 8PSK 12631V 330.0Â°E" onid="0" tsid="60002" namespace="0x0ce4b157" />
        <service id="0x03eb" sid="1003" name="12631V SID 0x3eb" type="100" provider="DVB-S2 8PSK 12631V 330.0Â°E" onid="0" tsid="60002" namespace="0x0ce4b157" />
        <service id="0xfffe" sid="65534" name="12631V SID 0xfffe" type="100" provider="DVB-S2 8PSK 12631V 330.0Â°E" onid="0" tsid="60002" namespace="0x0ce4b157" />
      </transponder>
    </satellite>
    <satellite key="0ce4b17f:ea61:0000" name="Sat-30W" namespace="0x0ce4b17f" position="-30">
      <transponder key="0ce4b17f:ea61:0000" frequency="12671000" symbol_rate="30000000" polarization="V" fec="3" system="0" modulation="0">
        <service id="0x03ec" sid="1004" name="12671V SID 0x3ec" type="100" provider="DVB-S2 8PSK 12671V 330.0Â°E" onid="0" tsid="60001" namespace="0x0ce4b17f" />
        <service id="0x03ed" sid="1005" name="12671V SID 0x3ed" type="100" provider="DVB-S2 8PSK 12671V 330.0Â°E" onid="0" tsid="60001" namespace="0x0ce4b17f" />
        <service id="0x03ee" sid="1006" name="12671V SID 0x3ee" type="100" provider="DVB-S2 8PSK 12671V 330.0Â°E" onid="0" tsid="60001" namespace="0x0ce4b17f" />
        <service id="0xfffe" sid="65534" name="12671V SID 0xfffe" type="100" provider="DVB-S2 8PSK 12671V 330.0Â°E" onid="0" tsid="60001" namespace="0x0ce4b17f" />
      </transponder>
    </satellite>
  </satellites>
</zapit>
