<?xml version='1.0' encoding='utf-8'?>
<zapit>
  <bouquet name="General" category="tv">
    <channel service_ref="1:0:1:0001:0001:ffff:0d842adf:0:0:0:" name="Al Manar" service_name="Al Manar" provider="Al Manar" sid="1" onid="65535" tsid="1" />
    <channel service_ref="1:0:1:0001:0001:ffff:0d842cc0:0:0:0:" name="Al Manar" service_name="Al Manar" provider="Al Manar" sid="1" onid="65535" tsid="1" />
    <channel service_ref="1:0:1:0003:0003:0000:0d842b70:0:0:0:" name="RT auf Deutsch SD" service_name="RT auf Deutsch SD" provider="SynterraMedia" sid="3" onid="0" tsid="3" />
  </bouquet>
  <bouquet name="Resolution - SD" category="tv">
    <channel service_ref="1:0:1:0003:0003:0000:0d842b70:0:0:0:" name="RT auf Deutsch SD" service_name="RT auf Deutsch SD" provider="SynterraMedia" sid="3" onid="0" tsid="3" />
  </bouquet>
  <bouquet name="Others" category="tv">
    <channel service_ref="1:0:1:0001:0001:ffff:0d842adf:0:0:0:" name="Al Manar" service_name="Al Manar" provider="Al Manar" sid="1" onid="65535" tsid="1" />
    <channel service_ref="1:0:1:0001:0001:ffff:0d842cc0:0:0:0:" name="Al Manar" service_name="Al Manar" provider="Al Manar" sid="1" onid="65535" tsid="1" />
    <channel service_ref="1:0:1:0003:0003:0000:0d842b70:0:0:0:" name="RT auf Deutsch SD" service_name="RT auf Deutsch SD" provider="SynterraMedia" sid="3" onid="0" tsid="3" />
  </bouquet>
  <bouquet name="Radio" category="radio">
    <channel service_ref="1:0:2:0002:0001:ffff:0d842adf:0:0:0:" name="Al Nour" service_name="Al Nour" provider="Al Manar" sid="2" onid="65535" tsid="1" />
    <channel service_ref="1:0:2:0002:0001:ffff:0d842cc0:0:0:0:" name="Al Nour" service_name="Al Nour" provider="Al Manar" sid="2" onid="65535" tsid="1" />
    <channel service_ref="1:0:2:0001:0008:1111:0d840000:0:0:0:" name="Radio CH50" service_name="Radio CH50" provider="RSCC" sid="1" onid="4369" tsid="8" />
    <channel service_ref="1:0:2:0002:0008:1111:0d840000:0:0:0:" name="Radio CH51" service_name="Radio CH51" provider="RSCC" sid="2" onid="4369" tsid="8" />
    <channel service_ref="1:0:2:0003:0008:1111:0d840000:0:0:0:" name="Radio CH52" service_name="Radio CH52" provider="RSCC" sid="3" onid="4369" tsid="8" />
    <channel service_ref="1:0:2:0004:0008:1111:0d840000:0:0:0:" name="Radio CH54" service_name="Radio CH54" provider="RSCC" sid="4" onid="4369" tsid="8" />
    <channel service_ref="1:0:2:0005:0008:1111:0d840000:0:0:0:" name="Radio CH55" service_name="Radio CH55" provider="RSCC" sid="5" onid="4369" tsid="8" />
    <channel service_ref="1:0:2:0006:0008:1111:0d840000:0:0:0:" name="Radio CH56" service_name="Radio CH56" provider="RSCC" sid="6" onid="4369" tsid="8" />
    <channel service_ref="1:0:2:0007:0008:1111:0d840000:0:0:0:" name="Radio CH57" service_name="Radio CH57" provider="RSCC" sid="7" onid="4369" tsid="8" />
    <channel service_ref="1:0:2:0008:0008:1111:0d840000:0:0:0:" name="Radio CH58" service_name="Radio CH58" provider="RSCC" sid="8" onid="4369" tsid="8" />
    <channel service_ref="1:0:2:0009:0008:1111:0d840000:0:0:0:" name="Radio CH59" service_name="Radio CH59" provider="RSCC" sid="9" onid="4369" tsid="8" />
  </bouquet>
</zapit>
