<?xml version='1.0' encoding='utf-8'?>
<zapit>
  <bouquet name="General" category="tv">
    <channel service_ref="1:0:1:12c3:0037:0001:01680000:0:0:0:" name="1 ARKHI" service_name="1 ARKHI" provider="" sid="4803" onid="1" tsid="55" />
    <channel service_ref="1:0:22:004d:00f5:0001:01680000:0:0:0:" name="24 Kitchen Adria" service_name="24 Kitchen Adria" provider="Overon" sid="77" onid="1" tsid="245" />
    <channel service_ref="1:0:25:0001:0001:0001:0168ab61:0:0:0:" name="ALRASHEED TV" service_name="ALRASHEED TV" provider="Vislink" sid="1" onid="1" tsid="1" />
    <channel service_ref="1:0:1:0001:0001:0001:01682d4e:0:0:0:" name="ALYAUM TV" service_name="ALYAUM TV" provider="SYR" sid="1" onid="1" tsid="1" />
    <channel service_ref="1:0:1:0001:0001:ffff:01683193:0:0:0:" name="assirat-ch" service_name="assirat-ch" provider="SD Unnamed" sid="1" onid="65535" tsid="1" />
    <channel service_ref="1:0:22:006b:00f5:0001:01680000:0:0:0:" name="Disney Channel" service_name="Disney Channel" provider="" sid="107" onid="1" tsid="245" />
    <channel service_ref="1:0:22:006a:00f5:0001:01680000:0:0:0:" name="Disney Junior" service_name="Disney Junior" provider="EDML" sid="106" onid="1" tsid="245" />
    <channel service_ref="1:0:25:002e:00f5:0001:01680000:0:0:0:" name="Disney Junior HD France" service_name="Disney Junior HD France" provider="EDML" sid="46" onid="1" tsid="245" />
    <channel service_ref="1:0:1:03e9:0037:0001:01680000:0:0:0:" name="FOX CIS" service_name="FOX CIS" provider="" sid="1001" onid="1" tsid="55" />
    <channel service_ref="1:0:1:03ea:0037:0001:01680000:0:0:0:" name="FOX HD CIS" service_name="FOX HD CIS" provider="" sid="1002" onid="1" tsid="55" />
    <channel service_ref="1:0:1:03eb:0037:0001:01680000:0:0:0:" name="FOX Life CIS" service_name="FOX Life CIS" provider="" sid="1003" onid="1" tsid="55" />
    <channel service_ref="1:0:1:03ec:0037:0001:01680000:0:0:0:" name="FOX Life HD CIS" service_name="FOX Life HD CIS" provider="" sid="1004" onid="1" tsid="55" />
    <channel service_ref="1:0:25:002b:00f5:0001:01680000:0:0:0:" name="FX Greece HD" service_name="FX Greece HD" provider="Overon" sid="43" onid="1" tsid="245" />
    <channel service_ref="1:0:25:002c:00f5:0001:01680000:0:0:0:" name="FX Life Greece HD" service_name="FX Life Greece HD" provider="Overon" sid="44" onid="1" tsid="245" />
    <channel service_ref="1:0:25:0001:0000:0000:0168ad24:0:0:0:" name="IHA ANA YAYIN" service_name="IHA ANA YAYIN" provider="" sid="1" onid="0" tsid="0" />
    <channel service_ref="1:0:25:0005:0001:0539:01680000:0:0:0:" name="Karbala Documentary" service_name="Karbala Documentary" provider="KSCG" sid="5" onid="1337" tsid="1" />
    <channel service_ref="1:0:25:0001:0001:0539:01680000:0:0:0:" name="Karbala TV" service_name="Karbala TV" provider="KSCG" sid="1" onid="1337" tsid="1" />
    <channel service_ref="1:0:1:03ed:0037:0001:01680000:0:0:0:" name="National Geographic CIS" service_name="National Geographic CIS" provider="" sid="1005" onid="1" tsid="55" />
    <channel service_ref="1:0:1:03ee:0037:0001:01680000:0:0:0:" name="National Geographic HD CIS" service_name="National Geographic HD CIS" provider="" sid="1006" onid="1" tsid="55" />
    <channel service_ref="1:0:1:03f0:0037:0001:01680000:0:0:0:" name="National Geographic WILD HD CIS" service_name="National Geographic WILD HD CIS" provider="" sid="1008" onid="1" tsid="55" />
    <channel service_ref="1:0:1:03ef:0037:0001:01680000:0:0:0:" name="National Geographic WILD SD CIS" service_name="National Geographic WILD SD CIS" provider="" sid="1007" onid="1" tsid="55" />
    <channel service_ref="1:0:1:002d:00f5:0001:01680000:0:0:0:" name="NG HD Greece" service_name="NG HD Greece" provider="" sid="45" onid="1" tsid="245" />
    <channel service_ref="1:0:22:004c:00f5:0001:01680000:0:0:0:" name="NGC Adria" service_name="NGC Adria" provider="Overon" sid="76" onid="1" tsid="245" />
    <channel service_ref="1:0:1:006c:00f5:0001:01680000:0:0:0:" name="Nick Jr Bulgaria" service_name="Nick Jr Bulgaria" provider="DGB1" sid="108" onid="1" tsid="245" />
    <channel service_ref="1:0:1:002a:00f5:0001:01680000:0:0:0:" name="Nickelodeon BG" service_name="Nickelodeon BG" provider="DGB1" sid="42" onid="1" tsid="245" />
    <channel service_ref="1:0:1:006d:00f5:0001:01680000:0:0:0:" name="NickToons BG" service_name="NickToons BG" provider="DGB1" sid="109" onid="1" tsid="245" />
    <channel service_ref="1:0:1:12c1:0037:0001:01680000:0:0:0:" name="Postv" service_name="Postv" provider="Custom" sid="4801" onid="1" tsid="55" />
    <channel service_ref="1:0:25:0002:0001:0539:01680000:0:0:0:" name="Quran TV" service_name="Quran TV" provider="KSCG" sid="2" onid="1337" tsid="1" />
    <channel service_ref="1:0:1:03f1:0037:0001:01680000:0:0:0:" name="Ribalka i Ohota" service_name="Ribalka i Ohota" provider="" sid="1009" onid="1" tsid="55" />
    <channel service_ref="1:0:25:03e8:0001:0001:0168ad9f:0:0:0:" name="RUDAW TV" service_name="RUDAW TV" provider="RUDAW" sid="1000" onid="1" tsid="1" />
    <channel service_ref="1:0:1:0001:0001:0001:01682d42:0:0:0:" name="Service 01" service_name="Service 01" provider="Net 1" sid="1" onid="1" tsid="1" />
    <channel service_ref="1:0:1:0001:0001:ffff:0168acf4:0:0:0:" name="Service-1" service_name="Service-1" provider="Service Provider" sid="1" onid="65535" tsid="1" />
    <channel service_ref="1:0:1:0001:0001:ffff:0168ad4a:0:0:0:" name="Service-1" service_name="Service-1" provider="Service Provider" sid="1" onid="65535" tsid="1" />
    <channel service_ref="1:0:22:0031:00f5:0001:01680000:0:0:0:" name="STAR Adria" service_name="STAR Adria" provider="Overon" sid="49" onid="1" tsid="245" />
    <channel service_ref="1:0:22:004b:00f5:0001:01680000:0:0:0:" name="STAR Crime Adria" service_name="STAR Crime Adria" provider="Overon" sid="75" onid="1" tsid="245" />
    <channel service_ref="1:0:22:004a:00f5:0001:01680000:0:0:0:" name="STAR Life Adria" service_name="STAR Life Adria" provider="Overon" sid="74" onid="1" tsid="245" />
    <channel service_ref="1:0:1:12c4:0037:0001:01680000:0:0:0:" name="TV 2" service_name="TV 2" provider="" sid="4804" onid="1" tsid="55" />
  </bouquet>
  <bouquet name="Kids" category="tv">
    <channel service_ref="1:0:22:006b:00f5:0001:01680000:0:0:0:" name="Disney Channel" service_name="Disney Channel" provider="" sid="107" onid="1" tsid="245" />
    <channel service_ref="1:0:22:006a:00f5:0001:01680000:0:0:0:" name="Disney Junior" service_name="Disney Junior" provider="EDML" sid="106" onid="1" tsid="245" />
    <channel service_ref="1:0:25:002e:00f5:0001:01680000:0:0:0:" name="Disney Junior HD France" service_name="Disney Junior HD France" provider="EDML" sid="46" onid="1" tsid="245" />
    <channel service_ref="1:0:1:002a:00f5:0001:01680000:0:0:0:" name="Nickelodeon BG" service_name="Nickelodeon BG" provider="DGB1" sid="42" onid="1" tsid="245" />
  </bouquet>
  <bouquet name="Documentary" category="tv">
    <channel service_ref="1:0:25:0005:0001:0539:01680000:0:0:0:" name="Karbala Documentary" service_name="Karbala Documentary" provider="KSCG" sid="5" onid="1337" tsid="1" />
    <channel service_ref="1:0:1:03ed:0037:0001:01680000:0:0:0:" name="National Geographic CIS" service_name="National Geographic CIS" provider="" sid="1005" onid="1" tsid="55" />
    <channel service_ref="1:0:1:03ee:0037:0001:01680000:0:0:0:" name="National Geographic HD CIS" service_name="National Geographic HD CIS" provider="" sid="1006" onid="1" tsid="55" />
    <channel service_ref="1:0:1:03f0:0037:0001:01680000:0:0:0:" name="National Geographic WILD HD CIS" service_name="National Geographic WILD HD CIS" provider="" sid="1008" onid="1" tsid="55" />
    <channel service_ref="1:0:1:03ef:0037:0001:01680000:0:0:0:" name="National Geographic WILD SD CIS" service_name="National Geographic WILD SD CIS" provider="" sid="1007" onid="1" tsid="55" />
  </bouquet>
  <bouquet name="Resolution - HD" category="tv">
    <channel service_ref="1:0:25:002e:00f5:0001:01680000:0:0:0:" name="Disney Junior HD France" service_name="Disney Junior HD France" provider="EDML" sid="46" onid="1" tsid="245" />
    <channel service_ref="1:0:1:03ea:0037:0001:01680000:0:0:0:" name="FOX HD CIS" service_name="FOX HD CIS" provider="" sid="1002" onid="1" tsid="55" />
    <channel service_ref="1:0:1:03ec:0037:0001:01680000:0:0:0:" name="FOX Life HD CIS" service_name="FOX Life HD CIS" provider="" sid="1004" onid="1" tsid="55" />
    <channel service_ref="1:0:25:002b:00f5:0001:01680000:0:0:0:" name="FX Greece HD" service_name="FX Greece HD" provider="Overon" sid="43" onid="1" tsid="245" />
    <channel service_ref="1:0:25:002c:00f5:0001:01680000:0:0:0:" name="FX Life Greece HD" service_name="FX Life Greece HD" provider="Overon" sid="44" onid="1" tsid="245" />
    <channel service_ref="1:0:1:03ee:0037:0001:01680000:0:0:0:" name="National Geographic HD CIS" service_name="National Geographic HD CIS" provider="" sid="1006" onid="1" tsid="55" />
    <channel service_ref="1:0:1:03f0:0037:0001:01680000:0:0:0:" name="National Geographic WILD HD CIS" service_name="National Geographic WILD HD CIS" provider="" sid="1008" onid="1" tsid="55" />
    <channel service_ref="1:0:1:002d:00f5:0001:01680000:0:0:0:" name="NG HD Greece" service_name="NG HD Greece" provider="" sid="45" onid="1" tsid="245" />
  </bouquet>
  <bouquet name="Resolution - SD" category="tv">
    <channel service_ref="1:0:1:0001:0001:ffff:01683193:0:0:0:" name="assirat-ch" service_name="assirat-ch" provider="SD Unnamed" sid="1" onid="65535" tsid="1" />
    <channel service_ref="1:0:1:03ef:0037:0001:01680000:0:0:0:" name="National Geographic WILD SD CIS" service_name="National Geographic WILD SD CIS" provider="" sid="1007" onid="1" tsid="55" />
  </bouquet>
  <bouquet name="Others" category="tv">
    <channel service_ref="1:0:1:12c3:0037:0001:01680000:0:0:0:" name="1 ARKHI" service_name="1 ARKHI" provider="" sid="4803" onid="1" tsid="55" />
    <channel service_ref="1:0:22:004d:00f5:0001:01680000:0:0:0:" name="24 Kitchen Adria" service_name="24 Kitchen Adria" provider="Overon" sid="77" onid="1" tsid="245" />
    <channel service_ref="1:0:25:0001:0001:0001:0168ab61:0:0:0:" name="ALRASHEED TV" service_name="ALRASHEED TV" provider="Vislink" sid="1" onid="1" tsid="1" />
    <channel service_ref="1:0:1:0001:0001:0001:01682d4e:0:0:0:" name="ALYAUM TV" service_name="ALYAUM TV" provider="SYR" sid="1" onid="1" tsid="1" />
    <channel service_ref="1:0:1:0001:0001:ffff:01683193:0:0:0:" name="assirat-ch" service_name="assirat-ch" provider="SD Unnamed" sid="1" onid="65535" tsid="1" />
    <channel service_ref="1:0:1:03e9:0037:0001:01680000:0:0:0:" name="FOX CIS" service_name="FOX CIS" provider="" sid="1001" onid="1" tsid="55" />
    <channel service_ref="1:0:1:03ea:0037:0001:01680000:0:0:0:" name="FOX HD CIS" service_name="FOX HD CIS" provider="" sid="1002" onid="1" tsid="55" />
    <channel service_ref="1:0:1:03eb:0037:0001:01680000:0:0:0:" name="FOX Life CIS" service_name="FOX Life CIS" provider="" sid="1003" onid="1" tsid="55" />
    <channel service_ref="1:0:1:03ec:0037:0001:01680000:0:0:0:" name="FOX Life HD CIS" service_name="FOX Life HD CIS" provider="" sid="1004" onid="1" tsid="55" />
    <channel service_ref="1:0:25:002b:00f5:0001:01680000:0:0:0:" name="FX Greece HD" service_name="FX Greece HD" provider="Overon" sid="43" onid="1" tsid="245" />
    <channel service_ref="1:0:25:002c:00f5:0001:01680000:0:0:0:" name="FX Life Greece HD" service_name="FX Life Greece HD" provider="Overon" sid="44" onid="1" tsid="245" />
    <channel service_ref="1:0:25:0001:0000:0000:0168ad24:0:0:0:" name="IHA ANA YAYIN" service_name="IHA ANA YAYIN" provider="" sid="1" onid="0" tsid="0" />
    <channel service_ref="1:0:25:0001:0001:0539:01680000:0:0:0:" name="Karbala TV" service_name="Karbala TV" provider="KSCG" sid="1" onid="1337" tsid="1" />
    <channel service_ref="1:0:1:002d:00f5:0001:01680000:0:0:0:" name="NG HD Greece" service_name="NG HD Greece" provider="" sid="45" onid="1" tsid="245" />
    <channel service_ref="1:0:22:004c:00f5:0001:01680000:0:0:0:" name="NGC Adria" service_name="NGC Adria" provider="Overon" sid="76" onid="1" tsid="245" />
    <channel service_ref="1:0:1:006c:00f5:0001:01680000:0:0:0:" name="Nick Jr Bulgaria" service_name="Nick Jr Bulgaria" provider="DGB1" sid="108" onid="1" tsid="245" />
    <channel service_ref="1:0:1:006d:00f5:0001:01680000:0:0:0:" name="NickToons BG" service_name="NickToons BG" provider="DGB1" sid="109" onid="1" tsid="245" />
    <channel service_ref="1:0:1:12c1:0037:0001:01680000:0:0:0:" name="Postv" service_name="Postv" provider="Custom" sid="4801" onid="1" tsid="55" />
    <channel service_ref="1:0:25:0002:0001:0539:01680000:0:0:0:" name="Quran TV" service_name="Quran TV" provider="KSCG" sid="2" onid="1337" tsid="1" />
    <channel service_ref="1:0:1:03f1:0037:0001:01680000:0:0:0:" name="Ribalka i Ohota" service_name="Ribalka i Ohota" provider="" sid="1009" onid="1" tsid="55" />
    <channel service_ref="1:0:25:03e8:0001:0001:0168ad9f:0:0:0:" name="RUDAW TV" service_name="RUDAW TV" provider="RUDAW" sid="1000" onid="1" tsid="1" />
    <channel service_ref="1:0:1:0001:0001:0001:01682d42:0:0:0:" name="Service 01" service_name="Service 01" provider="Net 1" sid="1" onid="1" tsid="1" />
    <channel service_ref="1:0:1:0001:0001:ffff:0168acf4:0:0:0:" name="Service-1" service_name="Service-1" provider="Service Provider" sid="1" onid="65535" tsid="1" />
    <channel service_ref="1:0:1:0001:0001:ffff:0168ad4a:0:0:0:" name="Service-1" service_name="Service-1" provider="Service Provider" sid="1" onid="65535" tsid="1" />
    <channel service_ref="1:0:22:0031:00f5:0001:01680000:0:0:0:" name="STAR Adria" service_name="STAR Adria" provider="Overon" sid="49" onid="1" tsid="245" />
    <channel service_ref="1:0:22:004b:00f5:0001:01680000:0:0:0:" name="STAR Crime Adria" service_name="STAR Crime Adria" provider="Overon" sid="75" onid="1" tsid="245" />
    <channel service_ref="1:0:22:004a:00f5:0001:01680000:0:0:0:" name="STAR Life Adria" service_name="STAR Life Adria" provider="Overon" sid="74" onid="1" tsid="245" />
    <channel service_ref="1:0:1:12c4:0037:0001:01680000:0:0:0:" name="TV 2" service_name="TV 2" provider="" sid="4804" onid="1" tsid="55" />
  </bouquet>
  <bouquet name="Radio" category="radio">
    <channel service_ref="1:0:2:0004:0001:0539:01680000:0:0:0:" name="Al-Husanya Radio" service_name="Al-Husanya Radio" provider="KSCG" sid="4" onid="1337" tsid="1" />
  </bouquet>
</zapit>
