<?xml version='1.0' encoding='utf-8'?>
<zapit api="4">
  <satellites>
    <satellite key="0cfd0000:1000:0001" name="Sat-27.5W" namespace="0x0cfd0000" position="-27.5">
      <transponder key="0cfd0000:1000:0001" frequency="11495000" symbol_rate="44100000" polarization="V" fec="9" system="0" modulation="0">
        <service id="0x4f20" sid="20256" name="5SELECT" type="22" provider="Channel 5 Broadcasting Ltd" onid="1" tsid="4096" namespace="0x0cfd0000" />
        <service id="0x12fc" sid="4860" name="BBC Alba" type="1" provider="BBC" onid="1" tsid="4096" namespace="0x0cfd0000" />
        <service id="0x11c0" sid="4544" name="BBC FOUR" type="1" provider="BBC" onid="1" tsid="4096" namespace="0x0cfd0000" />
        <service id="0x04e0" sid="1248" name="BBC FOUR HD" type="25" provider="BBC" onid="1" tsid="4096" namespace="0x0cfd0000" />
        <service id="0x044c" sid="1100" name="BBC NEWS" type="1" provider="BBC" onid="1" tsid="4096" namespace="0x0cfd0000" />
        <service id="0x019e" sid="414" name="BBC ONE" type="1" provider="BBC" onid="1" tsid="4096" namespace="0x0cfd0000" />
        <service id="0x04a0" sid="1184" name="BBC One HD" type="25" provider="BBC" onid="1" tsid="4096" namespace="0x0cfd0000" />
        <service id="0x107d" sid="4221" name="BBC ONE NI" type="1" provider="BBC" onid="1" tsid="4096" namespace="0x0cfd0000" />
        <service id="0x107c" sid="4220" name="BBC ONE Scot" type="1" provider="BBC" onid="1" tsid="4096" namespace="0x0cfd0000" />
        <service id="0x107e" sid="4222" name="BBC ONE Wales" type="1" provider="BBC" onid="1" tsid="4096" namespace="0x0cfd0000" />
        <service id="0x1c40" sid="7232" name="BBC RB 0" type="1" provider="BBC" onid="1" tsid="4096" namespace="0x0cfd0000" />
        <service id="0x1c00" sid="7168" name="BBC RB 1" type="1" provider="BBC" onid="1" tsid="4096" namespace="0x0cfd0000" />
        <service id="0x01da" sid="474" name="BBC Red Button" type="1" provider="BBC" onid="1" tsid="4096" namespace="0x0cfd0000" />
        <service id="0x133c" sid="4924" name="BBC Scotland" type="1" provider="BBC" onid="1" tsid="4096" namespace="0x0cfd0000" />
        <service id="0x433c" sid="17212" name="BBC Scotland HD" type="25" provider="BBC" onid="1" tsid="4096" namespace="0x0cfd0000" />
        <service id="0x10c0" sid="4288" name="BBC THREE" type="1" provider="BBC" onid="1" tsid="4096" namespace="0x0cfd0000" />
        <service id="0x11f8" sid="4600" name="BBC Three HD" type="25" provider="BBC" onid="1" tsid="4096" namespace="0x0cfd0000" />
        <service id="0x10bf" sid="4287" name="BBC TWO" type="1" provider="BBC" onid="1" tsid="4096" namespace="0x0cfd0000" />
        <service id="0x0486" sid="1158" name="BBC Two HD" type="25" provider="BBC" onid="1" tsid="4096" namespace="0x0cfd0000" />
        <service id="0x04b0" sid="1200" name="CBBC" type="1" provider="BBC" onid="1" tsid="4096" namespace="0x0cfd0000" />
        <service id="0x46c0" sid="18112" name="CBBC HD" type="25" provider="BBC" onid="1" tsid="4096" namespace="0x0cfd0000" />
        <service id="0x04d8" sid="1240" name="CBeebies" type="1" provider="BBC" onid="1" tsid="4096" namespace="0x0cfd0000" />
        <service id="0x04aa" sid="1194" name="Channel 4 HD" type="25" provider="Channel 4 Broadcasting" onid="1" tsid="4096" namespace="0x0cfd0000" />
        <service id="0x11bc" sid="4540" name="Channel 5 HD" type="25" provider="BBC" onid="1" tsid="4096" namespace="0x0cfd0000" />
        <service id="0x44c8" sid="17608" name="ITV1 HD" type="25" provider="ITV" onid="1" tsid="4096" namespace="0x0cfd0000" />
        <service id="0x01f4" sid="500" name="Parliament" type="1" provider="BBC" onid="1" tsid="4096" namespace="0x0cfd0000" />
        <service id="0x11e4" sid="4580" name="S4C HD" type="25" provider="S4C" onid="1" tsid="4096" namespace="0x0cfd0000" />
        <service id="0x45c0" sid="17856" name="STV HD" type="25" provider="STV" onid="1" tsid="4096" namespace="0x0cfd0000" />
        <service id="0x4ec0" sid="20160" name="TBN UK" type="22" provider="Governance Ministries" onid="1" tsid="4096" namespace="0x0cfd0000" />
        <service id="0x4e80" sid="20096" name="UTV HD" type="25" provider="UTV" onid="1" tsid="4096" namespace="0x0cfd0000" />
        <service id="0x06a4" sid="1700" name="BBC 1 Xtra" type="2" provider="BBC" onid="1" tsid="4096" namespace="0x0cfd0000" radio="1" />
        <service id="0x02b2" sid="690" name="BBC 6 Music" type="2" provider="BBC" onid="1" tsid="4096" namespace="0x0cfd0000" radio="1" />
        <service id="0x06cc" sid="1740" name="BBC Asian Net." type="2" provider="BBC" onid="1" tsid="4096" namespace="0x0cfd0000" radio="1" />
        <service id="0x0280" sid="640" name="BBC R5L" type="2" provider="BBC" onid="1" tsid="4096" namespace="0x0cfd0000" radio="1" />
        <service id="0x029c" sid="668" name="BBC R5SX" type="2" provider="BBC" onid="1" tsid="4096" namespace="0x0cfd0000" radio="1" />
        <service id="0x1a40" sid="6720" name="BBC Radio 1" type="2" provider="BBC" onid="1" tsid="4096" namespace="0x0cfd0000" radio="1" />
        <service id="0x1a80" sid="6784" name="BBC Radio 2" type="2" provider="BBC" onid="1" tsid="4096" namespace="0x0cfd0000" radio="1" />
        <service id="0x1ac0" sid="6848" name="BBC Radio 3" type="2" provider="BBC" onid="1" tsid="4096" namespace="0x0cfd0000" radio="1" />
        <service id="0x1b00" sid="6912" name="BBC Radio 4" type="2" provider="BBC" onid="1" tsid="4096" namespace="0x0cfd0000" radio="1" />
        <service id="0x16c0" sid="5824" name="BBC Radio 4 Ex" type="2" provider="BBC" onid="1" tsid="4096" namespace="0x0cfd0000" radio="1" />
        <service id="0x06f4" sid="1780" name="BBC World Sv." type="2" provider="BBC" onid="1" tsid="4096" namespace="0x0cfd0000" radio="1" />
        <service id="0x197e" sid="6526" name="Radio Cymru" type="2" provider="BBC" onid="1" tsid="4096" namespace="0x0cfd0000" radio="1" />
        <service id="0x19be" sid="6590" name="Radio Cymru 2" type="2" provider="BBC" onid="1" tsid="4096" namespace="0x0cfd0000" radio="1" />
        <service id="0x18fd" sid="6397" name="Radio Foyle" type="2" provider="BBC" onid="1" tsid="4096" namespace="0x0cfd0000" radio="1" />
        <service id="0x187c" sid="6268" name="Radio N Gael" type="2" provider="BBC" onid="1" tsid="4096" namespace="0x0cfd0000" radio="1" />
        <service id="0x183c" sid="6204" name="Radio Scotland" type="2" provider="BBC" onid="1" tsid="4096" namespace="0x0cfd0000" radio="1" />
        <service id="0x18bd" sid="6333" name="Radio Ulster" type="2" provider="BBC" onid="1" tsid="4096" namespace="0x0cfd0000" radio="1" />
        <service id="0x193e" sid="6462" name="Radio Wales" type="2" provider="BBC" onid="1" tsid="4096" namespace="0x0cfd0000" radio="1" />
      </transponder>
    </satellite>
  </satellites>
</zapit>
