{
  "api_version": 4,
  "bouquet_count": "742",
  "category": "terrestrial",
  "deduplicated_services": "0",
  "display_name": "Rai",
  "lamedb_version": "4",
  "last_seen": "unknown",
  "region_code": "rai",
  "service_count": "14475",
  "source": "work/ingest/oe-alliance/vhannibal.motor.and.dtt.roma/enigma2",
  "stale": "unknown",
  "stats": "{\"bouquet_count\": 49, \"cable_services\": 0, \"radio_services\": 2220, \"sat_services\": 14094, \"terrestrial_services\": 381, \"total_services\": 14475}",
  "thresholds": "{\"cable\": 20, \"sat\": 50, \"terrestrial\": 20}",
  "transponder_count": "1124"
}