<?xml version='1.0' encoding='utf-8'?>
<zapit api="4">
  <satellites>
    <satellite key="005a0000:0001:0009" name="Eutelsat-9.0E" namespace="0x005a0000" position="9">
      <transponder key="005a0000:0001:0009" frequency="11804000" symbol_rate="27500000" polarization="V" fec="3" system="0" modulation="0">
        <service id="0x0009" sid="9" name="AFN Family" type="1" provider="" onid="9" tsid="1" namespace="0x005a0000" />
        <service id="0x0007" sid="7" name="AFN Guide" type="1" provider="" onid="9" tsid="1" namespace="0x005a0000" />
        <service id="0x000a" sid="10" name="AFN Movie Channel" type="1" provider="" onid="9" tsid="1" namespace="0x005a0000" />
        <service id="0x0005" sid="5" name="AFN News" type="1" provider="" onid="9" tsid="1" namespace="0x005a0000" />
        <service id="0x0002" sid="2" name="AFN Prime Atlantic Benelux" type="1" provider="" onid="9" tsid="1" namespace="0x005a0000" />
        <service id="0x0004" sid="4" name="AFN Prime Pacific" type="1" provider="" onid="9" tsid="1" namespace="0x005a0000" />
        <service id="0x0003" sid="3" name="AFN Spectrum" type="1" provider="" onid="9" tsid="1" namespace="0x005a0000" />
        <service id="0x0001" sid="1" name="AFN Sports" type="1" provider="" onid="9" tsid="1" namespace="0x005a0000" />
        <service id="0x0006" sid="6" name="AFN Sports 2" type="1" provider="" onid="9" tsid="1" namespace="0x005a0000" />
        <service id="0x000b" sid="11" name="AFN Sports HD" type="1" provider="" onid="9" tsid="1" namespace="0x005a0000" />
        <service id="0x006b" sid="107" name="Decoder Expired" type="1" provider="" onid="9" tsid="1" namespace="0x005a0000" />
        <service id="0x003f" sid="63" name="Download" type="1" provider="" onid="9" tsid="1" namespace="0x005a0000" />
        <service id="0x012c" sid="300" name="Slate" type="1" provider="" onid="9" tsid="1" namespace="0x005a0000" />
      </transponder>
    </satellite>
    <satellite key="005a0000:0001:00aa" name="Eutelsat-9.0E" namespace="0x005a0000" position="9">
      <transponder key="005a0000:0001:00aa" frequency="11843000" symbol_rate="27500000" polarization="V" fec="2" system="0" modulation="0">
        <service id="0x01b8" sid="440" name="BBC World News" type="25" provider="Cosmote" onid="170" tsid="1" namespace="0x005a0000" />
        <service id="0x041d" sid="1053" name="C-Music" type="25" provider="Cosmote" onid="170" tsid="1" namespace="0x005a0000" />
        <service id="0x043d" sid="1085" name="CNBC Europe" type="25" provider="Cosmote" onid="170" tsid="1" namespace="0x005a0000" />
        <service id="0x01c4" sid="452" name="E! HD" type="25" provider="Cosmote" onid="170" tsid="1" namespace="0x005a0000" />
        <service id="0x043b" sid="1083" name="France 24 (en Français)" type="25" provider="Cosmote" onid="170" tsid="1" namespace="0x005a0000" />
        <service id="0x03f5" sid="1013" name="iConcert" type="25" provider="Cosmote" onid="170" tsid="1" namespace="0x005a0000" />
        <service id="0x01c6" sid="454" name="ID Xtra HD MEA" type="25" provider="Cosmote" onid="170" tsid="1" namespace="0x005a0000" />
        <service id="0x03fd" sid="1021" name="Kriti TV Satelite" type="25" provider="Cosmote" onid="170" tsid="1" namespace="0x005a0000" />
        <service id="0x00c5" sid="197" name="Luxe TV" type="25" provider="Cosmote" onid="170" tsid="1" namespace="0x005a0000" />
        <service id="0x041e" sid="1054" name="Mad Hits" type="25" provider="Cosmote" onid="170" tsid="1" namespace="0x005a0000" />
        <service id="0x01c1" sid="449" name="Mezzo" type="25" provider="Cosmote" onid="170" tsid="1" namespace="0x005a0000" />
        <service id="0x045a" sid="1114" name="MTV Live HD" type="25" provider="Cosmote" onid="170" tsid="1" namespace="0x005a0000" />
        <service id="0x01b5" sid="437" name="Star Central Greece" type="25" provider="Cosmote" onid="170" tsid="1" namespace="0x005a0000" />
      </transponder>
    </satellite>
    <satellite key="005a0000:0001:0064" name="Eutelsat-9.0E" namespace="0x005a0000" position="9">
      <transponder key="005a0000:0001:0064" frequency="11823000" symbol_rate="27500000" polarization="H" fec="3" system="0" modulation="0">
        <service id="0x02da" sid="730" name="Sisal TV" type="1" provider="Eutelsat" onid="100" tsid="1" namespace="0x005a0000" />
        <service id="0x02c8" sid="712" name="Sisal TV|  (1)" type="1" provider="Eutelsat" onid="100" tsid="1" namespace="0x005a0000" />
        <service id="0x071c" sid="1820" name="Sisal TV|  (2)" type="1" provider="Eutelsat" onid="100" tsid="1" namespace="0x005a0000" />
        <service id="0x02d6" sid="726" name="Sisal TV|  (3)" type="1" provider="Eutelsat" onid="100" tsid="1" namespace="0x005a0000" />
      </transponder>
    </satellite>
    <satellite key="005a0000:0002:00aa" name="Eutelsat-9.0E" namespace="0x005a0000" position="9">
      <transponder key="005a0000:0002:00aa" frequency="12054000" symbol_rate="27500000" polarization="H" fec="2" system="0" modulation="0">
        <service id="0x03f4" sid="1012" name="4E Hellas Orthodox" type="25" provider="OTE" onid="170" tsid="2" namespace="0x005a0000" />
        <service id="0x043c" sid="1084" name="Al Jazeera English" type="25" provider="Cosmote" onid="170" tsid="2" namespace="0x005a0000" />
        <service id="0x00c4" sid="196" name="ANT 1" type="25" provider="Cosmote" onid="170" tsid="2" namespace="0x005a0000" />
        <service id="0x042d" sid="1069" name="Ant1 Europe" type="25" provider="Arabesque" onid="170" tsid="2" namespace="0x005a0000" />
        <service id="0x01ae" sid="430" name="Baby TV" type="25" provider="Cosmote" onid="170" tsid="2" namespace="0x005a0000" />
        <service id="0x043f" sid="1087" name="Bloomberg Europe" type="25" provider="Cosmote" onid="170" tsid="2" namespace="0x005a0000" />
        <service id="0x040a" sid="1034" name="Channel 9" type="25" provider="Cosmote" onid="170" tsid="2" namespace="0x005a0000" />
        <service id="0x040f" sid="1039" name="Cosmote Sport 4 HD" type="25" provider="Cosmote" onid="170" tsid="2" namespace="0x005a0000" />
        <service id="0x01bb" sid="443" name="Cosmote Sport 7 HD" type="25" provider="Cosmote" onid="170" tsid="2" namespace="0x005a0000" />
        <service id="0x019a" sid="410" name="Discovery Channel" type="25" provider="Cosmote" onid="170" tsid="2" namespace="0x005a0000" />
        <service id="0x019f" sid="415" name="Discovery HD Showcase" type="25" provider="Cosmote" onid="170" tsid="2" namespace="0x005a0000" />
        <service id="0x01b7" sid="439" name="DW-TV (Deutsche Welle)" type="25" provider="Cosmote" onid="170" tsid="2" namespace="0x005a0000" />
        <service id="0x03e9" sid="1001" name="ERT 1" type="25" provider="Cosmote" onid="170" tsid="2" namespace="0x005a0000" />
        <service id="0x01b6" sid="438" name="EuroNews" type="25" provider="Cosmote" onid="170" tsid="2" namespace="0x005a0000" />
        <service id="0x01aa" sid="426" name="Fashion TV" type="25" provider="Cosmote" onid="170" tsid="2" namespace="0x005a0000" />
        <service id="0x03ed" sid="1005" name="Kanali Voulis" type="25" provider="OTE" onid="170" tsid="2" namespace="0x005a0000" />
        <service id="0x01a8" sid="424" name="Kosmos TV" type="25" provider="Cosmote" onid="170" tsid="2" namespace="0x005a0000" />
        <service id="0x045c" sid="1116" name="MTV Europe" type="25" provider="Cosmote" onid="170" tsid="2" namespace="0x005a0000" />
        <service id="0x041a" sid="1050" name="NatGeo Wild HD" type="25" provider="Cosmote" onid="170" tsid="2" namespace="0x005a0000" />
        <service id="0x043e" sid="1086" name="Russia Today" type="25" provider="Cosmote" onid="170" tsid="2" namespace="0x005a0000" />
        <service id="0x044a" sid="1098" name="Sundance Channel HD" type="25" provider="Cosmote" onid="170" tsid="2" namespace="0x005a0000" />
        <service id="0x01ab" sid="427" name="World Fashion Channel" type="25" provider="Cosmote" onid="170" tsid="2" namespace="0x005a0000" />
      </transponder>
    </satellite>
    <satellite key="005a0000:0004:00aa" name="Eutelsat-9.0E" namespace="0x005a0000" position="9">
      <transponder key="005a0000:0004:00aa" frequency="12207000" symbol_rate="27500000" polarization="H" fec="2" system="0" modulation="0">
        <service id="0x00c7" sid="199" name="ALERT" type="25" provider="Cosmote" onid="170" tsid="4" namespace="0x005a0000" />
        <service id="0x019d" sid="413" name="Alpha TV Greece" type="25" provider="Cosmote" onid="170" tsid="4" namespace="0x005a0000" />
        <service id="0x01a0" sid="416" name="Cosmote Cinema 4 HD" type="25" provider="Cosmote" onid="170" tsid="4" namespace="0x005a0000" />
        <service id="0x042f" sid="1071" name="Cosmote Sport Highlights HD" type="25" provider="Cosmote" onid="170" tsid="4" namespace="0x005a0000" />
        <service id="0x042e" sid="1070" name="Disney Channel Greece" type="25" provider="Cosmote" onid="170" tsid="4" namespace="0x005a0000" />
        <service id="0x01bc" sid="444" name="Edge Sport HD Greece" type="25" provider="Cosmote" onid="170" tsid="4" namespace="0x005a0000" />
        <service id="0x01c0" sid="448" name="Eurosport 1 HD" type="25" provider="Cosmote" onid="170" tsid="4" namespace="0x005a0000" />
        <service id="0x00c6" sid="198" name="Eurosport 2" type="25" provider="Cosmote" onid="170" tsid="4" namespace="0x005a0000" />
        <service id="0x01cd" sid="461" name="Fox Life Greece HD" type="25" provider="Cosmote" onid="170" tsid="4" namespace="0x005a0000" />
        <service id="0x040b" sid="1035" name="Mega Channel" type="25" provider="Cosmote" onid="170" tsid="4" namespace="0x005a0000" />
        <service id="0x00bf" sid="191" name="Motorvision HD" type="25" provider="Cosmote" onid="170" tsid="4" namespace="0x005a0000" />
        <service id="0x01c5" sid="453" name="National Geographic Greece" type="25" provider="Cosmote" onid="170" tsid="4" namespace="0x005a0000" />
        <service id="0x01b9" sid="441" name="Skai" type="25" provider="Cosmote" onid="170" tsid="4" namespace="0x005a0000" />
        <service id="0x040c" sid="1036" name="Smile TV (Greece)" type="25" provider="Cosmote" onid="170" tsid="4" namespace="0x005a0000" />
        <service id="0x044b" sid="1099" name="Star" type="25" provider="Cosmote" onid="170" tsid="4" namespace="0x005a0000" />
        <service id="0x03fc" sid="1020" name="TEST 5" type="25" provider="Cosmote" onid="170" tsid="4" namespace="0x005a0000" />
        <service id="0x041b" sid="1051" name="VH-1 (Video Hits One)" type="25" provider="Cosmote" onid="170" tsid="4" namespace="0x005a0000" />
        <service id="0x045b" sid="1115" name="Viasat History" type="25" provider="Cosmote" onid="170" tsid="4" namespace="0x005a0000" />
      </transponder>
    </satellite>
    <satellite key="005a0000:0005:00aa" name="Eutelsat-9.0E" namespace="0x005a0000" position="9">
      <transponder key="005a0000:0005:00aa" frequency="12284000" symbol_rate="27500000" polarization="H" fec="2" system="0" modulation="0">
        <service id="0x01ba" sid="442" name="Blue Hustler" type="25" provider="Cosmote" onid="170" tsid="5" namespace="0x005a0000" />
        <service id="0x03f3" sid="1011" name="CinemaOnDemand 2" type="25" provider="Cosmote" onid="170" tsid="5" namespace="0x005a0000" />
        <service id="0x03fe" sid="1022" name="CinemaOnDemand 3" type="25" provider="Cosmote" onid="170" tsid="5" namespace="0x005a0000" />
        <service id="0x03ff" sid="1023" name="CinemaOnDemand 4" type="25" provider="Cosmote" onid="170" tsid="5" namespace="0x005a0000" />
        <service id="0x03f0" sid="1008" name="Cosmote Cinema 1 HD" type="25" provider="Cosmote" onid="170" tsid="5" namespace="0x005a0000" />
        <service id="0x045d" sid="1117" name="Cosmote History" type="25" provider="Cosmote" onid="170" tsid="5" namespace="0x005a0000" />
        <service id="0x01bf" sid="447" name="Cosmote Sport 1 HD" type="25" provider="Cosmote" onid="170" tsid="5" namespace="0x005a0000" />
        <service id="0x00c3" sid="195" name="E TV" type="25" provider="Cosmote" onid="170" tsid="5" namespace="0x005a0000" />
        <service id="0x03ef" sid="1007" name="Extra 3 Channel" type="25" provider="Cosmote" onid="170" tsid="5" namespace="0x005a0000" />
        <service id="0x019b" sid="411" name="Hustler HD 3D" type="25" provider="Cosmote" onid="170" tsid="5" namespace="0x005a0000" />
        <service id="0x041f" sid="1055" name="Kontra Channel" type="25" provider="Cosmote" onid="170" tsid="5" namespace="0x005a0000" />
        <service id="0x00c0" sid="192" name="Macedonia TV" type="25" provider="Cosmote" onid="170" tsid="5" namespace="0x005a0000" />
        <service id="0x01a9" sid="425" name="Penthouse HD 1" type="25" provider="Cosmote" onid="170" tsid="5" namespace="0x005a0000" />
        <service id="0x01c8" sid="456" name="Private TV" type="25" provider="Cosmote" onid="170" tsid="5" namespace="0x005a0000" />
        <service id="0x03f2" sid="1010" name="SBC TV" type="25" provider="Cosmote" onid="170" tsid="5" namespace="0x005a0000" />
        <service id="0x03ec" sid="1004" name="Sirina TV HD" type="25" provider="Cosmote" onid="170" tsid="5" namespace="0x005a0000" />
        <service id="0x01b2" sid="434" name="TEST 1" type="25" provider="Cosmote" onid="170" tsid="5" namespace="0x005a0000" />
        <service id="0x01b4" sid="436" name="TV 100" type="25" provider="Cosmote" onid="170" tsid="5" namespace="0x005a0000" />
      </transponder>
    </satellite>
    <satellite key="005a0000:0006:00aa" name="Eutelsat-9.0E" namespace="0x005a0000" position="9">
      <transponder key="005a0000:0006:00aa" frequency="12399000" symbol_rate="27500000" polarization="H" fec="2" system="0" modulation="0">
        <service id="0x01a3" sid="419" name="Animal Planet HD" type="25" provider="Cosmote" onid="170" tsid="6" namespace="0x005a0000" />
        <service id="0x03fa" sid="1018" name="Art TV" type="25" provider="Cosmote" onid="170" tsid="6" namespace="0x005a0000" />
        <service id="0x044e" sid="1102" name="Best TV" type="25" provider="Cosmote" onid="170" tsid="6" namespace="0x005a0000" />
        <service id="0x03f6" sid="1014" name="Blue Sky" type="25" provider="Cosmote" onid="170" tsid="6" namespace="0x005a0000" />
        <service id="0x01a2" sid="418" name="Body In Balance" type="25" provider="Cosmote" onid="170" tsid="6" namespace="0x005a0000" />
        <service id="0x044f" sid="1103" name="Corfu Channel" type="25" provider="Cosmote" onid="170" tsid="6" namespace="0x005a0000" />
        <service id="0x01be" sid="446" name="Cosmote Cinema 3" type="25" provider="Cosmote" onid="170" tsid="6" namespace="0x005a0000" />
        <service id="0x03f7" sid="1015" name="Cosmote Sport 2 HD" type="25" provider="Cosmote" onid="170" tsid="6" namespace="0x005a0000" />
        <service id="0x00c2" sid="194" name="Cosmote Sport 3 HD" type="25" provider="Cosmote" onid="170" tsid="6" namespace="0x005a0000" />
        <service id="0x044d" sid="1101" name="Cosmote Sport 8 HD" type="25" provider="Cosmote" onid="170" tsid="6" namespace="0x005a0000" />
        <service id="0x03f1" sid="1009" name="Delta TV" type="25" provider="Cosmote" onid="170" tsid="6" namespace="0x005a0000" />
        <service id="0x00be" sid="190" name="Diktio TV" type="25" provider="Cosmote" onid="170" tsid="6" namespace="0x005a0000" />
        <service id="0x00c1" sid="193" name="Disney Junior Middle-East &amp; Africa" type="25" provider="Cosmote" onid="170" tsid="6" namespace="0x005a0000" />
        <service id="0x01b1" sid="433" name="Disney XD Greece" type="25" provider="Cosmote" onid="170" tsid="6" namespace="0x005a0000" />
        <service id="0x01c2" sid="450" name="Egean TV" type="25" provider="Cosmote" onid="170" tsid="6" namespace="0x005a0000" />
        <service id="0x043a" sid="1082" name="France 24 (in English)" type="25" provider="Cosmote" onid="170" tsid="6" namespace="0x005a0000" />
        <service id="0x03f9" sid="1017" name="Ipeiros TV1" type="25" provider="Cosmote" onid="170" tsid="6" namespace="0x005a0000" />
        <service id="0x01a4" sid="420" name="Mad TV" type="25" provider="Cosmote" onid="170" tsid="6" namespace="0x005a0000" />
        <service id="0x01bd" sid="445" name="Nickelodeon HD" type="25" provider="Cosmote" onid="170" tsid="6" namespace="0x005a0000" />
        <service id="0x019e" sid="414" name="TLC Greece" type="25" provider="Cosmote" onid="170" tsid="6" namespace="0x005a0000" />
        <service id="0x040d" sid="1037" name="Travel Channel HD" type="25" provider="Cosmote" onid="170" tsid="6" namespace="0x005a0000" />
        <service id="0x045e" sid="1118" name="TRT (Thessalian Radio Television)" type="25" provider="Cosmote" onid="170" tsid="6" namespace="0x005a0000" />
        <service id="0x01a1" sid="417" name="Zoom TV" type="25" provider="Cosmote" onid="170" tsid="6" namespace="0x005a0000" />
      </transponder>
    </satellite>
    <satellite key="005a0000:0007:00aa" name="Eutelsat-9.0E" namespace="0x005a0000" position="9">
      <transponder key="005a0000:0007:00aa" frequency="12475000" symbol_rate="27500000" polarization="H" fec="2" system="0" modulation="0">
        <service id="0x01cc" sid="460" name="Cosmote Cinema 2 HD" type="25" provider="Cosmote" onid="170" tsid="7" namespace="0x005a0000" />
        <service id="0x01c7" sid="455" name="Cosmote Sport 5 HD" type="25" provider="Cosmote" onid="170" tsid="7" namespace="0x005a0000" />
        <service id="0x03eb" sid="1003" name="Cosmote Sport 6 HD" type="25" provider="Cosmote" onid="170" tsid="7" namespace="0x005a0000" />
        <service id="0x01c9" sid="457" name="Discovery Science HD Greece" type="25" provider="Cosmote" onid="170" tsid="7" namespace="0x005a0000" />
        <service id="0x01cb" sid="459" name="ERT 2" type="25" provider="Cosmote" onid="170" tsid="7" namespace="0x005a0000" />
        <service id="0x03ea" sid="1002" name="ERT 3" type="25" provider="Cosmote" onid="170" tsid="7" namespace="0x005a0000" />
        <service id="0x01c3" sid="451" name="ERT HD" type="25" provider="Cosmote" onid="170" tsid="7" namespace="0x005a0000" />
        <service id="0x040e" sid="1038" name="FOX Greece HD" type="25" provider="Cosmote" onid="170" tsid="7" namespace="0x005a0000" />
        <service id="0x01b3" sid="435" name="HD CinemaOnDemand" type="25" provider="Cosmote" onid="170" tsid="7" namespace="0x005a0000" />
        <service id="0x01ca" sid="458" name="National Geographic HD East Europe" type="25" provider="Cosmote" onid="170" tsid="7" namespace="0x005a0000" />
        <service id="0x01ad" sid="429" name="TEST 2" type="25" provider="Cosmote" onid="170" tsid="7" namespace="0x005a0000" />
        <service id="0x041c" sid="1052" name="TEST 4" type="25" provider="Cosmote" onid="170" tsid="7" namespace="0x005a0000" />
        <service id="0x03f8" sid="1016" name="Village Cinema HD" type="25" provider="Cosmote" onid="170" tsid="7" namespace="0x005a0000" />
      </transponder>
    </satellite>
    <satellite key="005a0000:0008:00aa" name="Eutelsat-9.0E" namespace="0x005a0000" position="9">
      <transponder key="005a0000:0008:00aa" frequency="12168000" symbol_rate="27492000" polarization="H" fec="2" system="0" modulation="0">
        <service id="0x03fb" sid="1019" name="Cosmote Promo" type="25" provider="Cosmote" onid="170" tsid="8" namespace="0x005a0000" />
      </transponder>
    </satellite>
    <satellite key="005a0000:0107:217c" name="Eutelsat-9.0E" namespace="0x005a0000" position="9">
      <transponder key="005a0000:0107:217c" frequency="12341000" symbol_rate="31400000" polarization="V" fec="4" system="0" modulation="0">
        <service id="0x02c7" sid="711" name="La 7" type="25" provider="" onid="8572" tsid="263" namespace="0x005a0000" />
        <service id="0x02f9" sid="761" name="La 7" type="25" provider="" onid="8572" tsid="263" namespace="0x005a0000" />
        <service id="0x02c8" sid="712" name="La 7 d" type="25" provider="" onid="8572" tsid="263" namespace="0x005a0000" />
        <service id="0x02ef" sid="751" name="La 7 HD" type="25" provider="" onid="8572" tsid="263" namespace="0x005a0000" />
        <service id="0x02f0" sid="752" name="La7d HD" type="25" provider="" onid="8572" tsid="263" namespace="0x005a0000" />
      </transponder>
    </satellite>
    <satellite key="005a0000:0191:000a" name="Eutelsat-9.0E" namespace="0x005a0000" position="9">
      <transponder key="005a0000:0191:000a" frequency="11766000" symbol_rate="27500000" polarization="V" fec="3" system="0" modulation="0">
        <service id="0x022b" sid="555" name="AFN Guide" type="1" provider="MEDIA BROADCAST" onid="10" tsid="401" namespace="0x005a0000" />
        <service id="0x08a3" sid="2211" name="Athavan TV" type="1" provider="BSS" onid="10" tsid="401" namespace="0x005a0000" />
      </transponder>
    </satellite>
    <satellite key="005a0000:1388:009c" name="Eutelsat-9.0E" namespace="0x005a0000" position="9">
      <transponder key="005a0000:1388:009c" frequency="11727000" symbol_rate="27500000" polarization="V" fec="3" system="0" modulation="0">
        <service id="0x06cc" sid="1740" name="Disney Channel Romania, Bulgaria &amp; Ukraine" type="1" provider="Arqiva" onid="156" tsid="5000" namespace="0x005a0000" />
        <service id="0x06cd" sid="1741" name="Disney Channel Romania, Bulgaria &amp; Ukraine" type="1" provider="Arqiva" onid="156" tsid="5000" namespace="0x005a0000" />
        <service id="0x06f9" sid="1785" name="IBC Tamil" type="1" provider="Arqiva" onid="156" tsid="5000" namespace="0x005a0000" />
        <service id="0x06a4" sid="1700" name="Motors TV HD" type="1" provider="Arqiva" onid="156" tsid="5000" namespace="0x005a0000" />
        <service id="0x06d8" sid="1752" name="NTD TV (New Tang Dynasty TV)" type="1" provider="Arqiva" onid="156" tsid="5000" namespace="0x005a0000" />
        <service id="0x06f4" sid="1780" name="VH-1 (Video Hits One)" type="1" provider="Arqiva" onid="156" tsid="5000" namespace="0x005a0000" />
      </transponder>
    </satellite>
    <satellite key="005a0000:14b4:009c" name="Eutelsat-9.0E" namespace="0x005a0000" position="9">
      <transponder key="005a0000:14b4:009c" frequency="11785000" symbol_rate="27500000" polarization="H" fec="2" system="0" modulation="0">
        <service id="0x00f0" sid="240" name="BBC World News" type="25" provider="BASIS 1" onid="156" tsid="5300" namespace="0x005a0000" />
        <service id="0x00f4" sid="244" name="Bibel TV" type="25" provider="BASIS 1" onid="156" tsid="5300" namespace="0x005a0000" />
        <service id="0x00f1" sid="241" name="Bloomberg Europe" type="25" provider="BASIS 1" onid="156" tsid="5300" namespace="0x005a0000" />
        <service id="0x00cc" sid="204" name="Channel 21" type="25" provider="BASIS 1" onid="156" tsid="5300" namespace="0x005a0000" />
        <service id="0x00d8" sid="216" name="Comedy Central Germany| |  Nights" type="25" provider="BASIS 1" onid="156" tsid="5300" namespace="0x005a0000" />
        <service id="0x00f6" sid="246" name="Deluxe Music" type="25" provider="BASIS 1" onid="156" tsid="5300" namespace="0x005a0000" />
        <service id="0x00f3" sid="243" name="Deutsches Musik Fernsehen" type="25" provider="BASIS 1" onid="156" tsid="5300" namespace="0x005a0000" />
        <service id="0x00e4" sid="228" name="HSE24 Extra" type="25" provider="BASIS 1" onid="156" tsid="5300" namespace="0x005a0000" />
        <service id="0x00ca" sid="202" name="MTV HD Germany" type="25" provider="Kabelkiosk" onid="156" tsid="5300" namespace="0x005a0000" />
        <service id="0x00cb" sid="203" name="N24 HD" type="25" provider="Kabelkiosk" onid="156" tsid="5300" namespace="0x005a0000" />
        <service id="0x00d5" sid="213" name="Nickelodeon Germany" type="25" provider="BASIS 1" onid="156" tsid="5300" namespace="0x005a0000" />
        <service id="0x00c9" sid="201" name="ProSieben MAXX HD" type="25" provider="Kabelkiosk" onid="156" tsid="5300" namespace="0x005a0000" />
        <service id="0x00d4" sid="212" name="QVC Plus" type="25" provider="BASIS 1" onid="156" tsid="5300" namespace="0x005a0000" />
        <service id="0x00f5" sid="245" name="Servus TV Deutschland" type="25" provider="BASIS 1" onid="156" tsid="5300" namespace="0x005a0000" />
        <service id="0x00f2" sid="242" name="TV5 Monde Europe" type="25" provider="BASIS 1" onid="156" tsid="5300" namespace="0x005a0000" />
      </transponder>
    </satellite>
    <satellite key="005a0000:1644:009c" name="Eutelsat-9.0E" namespace="0x005a0000" position="9">
      <transponder key="005a0000:1644:009c" frequency="11862000" symbol_rate="27500000" polarization="H" fec="2" system="0" modulation="0">
        <service id="0x00e7" sid="231" name="DMAX HD" type="25" provider="Kabelkiosk" onid="156" tsid="5700" namespace="0x005a0000" />
        <service id="0x00e6" sid="230" name="Kabel 1 HD" type="25" provider="Kabelkiosk" onid="156" tsid="5700" namespace="0x005a0000" />
        <service id="0x00e9" sid="233" name="Nick HD Germany" type="25" provider="Kabelkiosk" onid="156" tsid="5700" namespace="0x005a0000" />
        <service id="0x00ea" sid="234" name="Sport 1 HD (Germany)" type="25" provider="Kabelkiosk" onid="156" tsid="5700" namespace="0x005a0000" />
        <service id="0x00e8" sid="232" name="Tele 5 HD" type="25" provider="Kabelkiosk" onid="156" tsid="5700" namespace="0x005a0000" />
        <service id="0x00eb" sid="235" name="TLC HD" type="25" provider="Kabelkiosk" onid="156" tsid="5700" namespace="0x005a0000" />
      </transponder>
    </satellite>
    <satellite key="005a0000:16a8:009c" name="Eutelsat-9.0E" namespace="0x005a0000" position="9">
      <transponder key="005a0000:16a8:009c" frequency="11881000" symbol_rate="27500000" polarization="V" fec="2" system="0" modulation="0">
        <service id="0x0dad" sid="3501" name="Eurosport News" type="25" provider="RRSat" onid="156" tsid="5800" namespace="0x005a0000" />
        <service id="0x0dae" sid="3502" name="iConcert" type="25" provider="AustriaSat Magyarország" onid="156" tsid="5800" namespace="0x005a0000" />
        <service id="0x0db1" sid="3505" name="Russian Travel Guide" type="25" provider="RRSat" onid="156" tsid="5800" namespace="0x005a0000" />
      </transponder>
    </satellite>
    <satellite key="005a0000:170c:009e" name="Eutelsat-9.0E" namespace="0x005a0000" position="9">
      <transponder key="005a0000:170c:009e" frequency="11900000" symbol_rate="27500000" polarization="H" fec="2" system="0" modulation="0">
        <service id="0x0001" sid="1" name="Better 1" type="25" provider="Encoder" onid="158" tsid="5900" namespace="0x005a0000" />
        <service id="0x0002" sid="2" name="Better 2" type="25" provider="Encoder" onid="158" tsid="5900" namespace="0x005a0000" />
        <service id="0x0003" sid="3" name="Better 3" type="25" provider="Encoder" onid="158" tsid="5900" namespace="0x005a0000" />
        <service id="0x0004" sid="4" name="Better 4" type="25" provider="Encoder" onid="158" tsid="5900" namespace="0x005a0000" />
        <service id="0x00e9" sid="233" name="EBS - Europe by Satellite" type="25" provider="Eutelsat" onid="158" tsid="5900" namespace="0x005a0000" />
        <service id="0x01b1" sid="433" name="EBS - Europe by Satellite" type="25" provider="Eutelsat" onid="158" tsid="5900" namespace="0x005a0000" />
        <service id="0x02a0" sid="672" name="MyZen.tv" type="25" provider="AustriaSat Magyarország" onid="158" tsid="5900" namespace="0x005a0000" />
        <service id="0x000b" sid="11" name="RTB" type="25" provider="" onid="158" tsid="5900" namespace="0x005a0000" />
        <service id="0x000f" sid="15" name="Trace Urban International HD" type="25" provider="AustriaSat Magyarország" onid="158" tsid="5900" namespace="0x005a0000" />
        <service id="0x000e" sid="14" name="TVT International" type="25" provider="TVT" onid="158" tsid="5900" namespace="0x005a0000" />
      </transponder>
    </satellite>
    <satellite key="005a0000:1770:0064" name="Eutelsat-9.0E" namespace="0x005a0000" position="9">
      <transponder key="005a0000:1770:0064" frequency="11919000" symbol_rate="27500000" polarization="V" fec="3" system="0" modulation="0">
        <service id="0x0014" sid="20" name="Apostolic Oneness" type="1" provider="RRsat" onid="100" tsid="6000" namespace="0x005a0000" />
        <service id="0x0001" sid="1" name="Fashion Television" type="1" provider="RRsat" onid="100" tsid="6000" namespace="0x005a0000" />
        <service id="0x000a" sid="10" name="Holy God" type="1" provider="RR Media" onid="100" tsid="6000" namespace="0x005a0000" />
        <service id="0x002c" sid="44" name="Italy Service 2" type="1" provider="RRSat" onid="100" tsid="6000" namespace="0x005a0000" />
        <service id="0x003a" sid="58" name="Italy Service 3" type="1" provider="RRSat" onid="100" tsid="6000" namespace="0x005a0000" />
        <service id="0x003c" sid="60" name="Italy Service 5" type="1" provider="RRsat" onid="100" tsid="6000" namespace="0x005a0000" />
        <service id="0x0004" sid="4" name="Karusel Int" type="1" provider="RRSat" onid="100" tsid="6000" namespace="0x005a0000" />
        <service id="0x002d" sid="45" name="Monitor Games" type="1" provider="RRSat" onid="100" tsid="6000" namespace="0x005a0000" />
        <service id="0x000b" sid="11" name="NLM TV" type="1" provider="RRSat" onid="100" tsid="6000" namespace="0x005a0000" />
        <service id="0x002a" sid="42" name="Star Vijay" type="1" provider="RRsat" onid="100" tsid="6000" namespace="0x005a0000" />
        <service id="0x0008" sid="8" name="SVT World" type="1" provider="RRSat" onid="100" tsid="6000" namespace="0x005a0000" />
        <service id="0x000c" sid="12" name="TIN - The Israeli Network" type="1" provider="RRSat" onid="100" tsid="6000" namespace="0x005a0000" />
      </transponder>
    </satellite>
    <satellite key="005a0000:17d4:009e" name="Eutelsat-9.0E" namespace="0x005a0000" position="9">
      <transponder key="005a0000:17d4:009e" frequency="11938000" symbol_rate="27500000" polarization="H" fec="3" system="0" modulation="0">
        <service id="0x00b5" sid="181" name="Afrique Media" type="1" provider="GLOBECAST" onid="158" tsid="6100" namespace="0x005a0000" />
        <service id="0x038f" sid="911" name="CGTN Documentary" type="1" provider="GlobeCast" onid="158" tsid="6100" namespace="0x005a0000" />
        <service id="0x039e" sid="926" name="Disney Channel Middle-East &amp; Africa" type="1" provider="Globecast UK" onid="158" tsid="6100" namespace="0x005a0000" />
        <service id="0x00b7" sid="183" name="Jiangsu TV" type="1" provider="GlobeCast" onid="158" tsid="6100" namespace="0x005a0000" />
        <service id="0x00b6" sid="182" name="PTV Global" type="1" provider="GlobeCast" onid="158" tsid="6100" namespace="0x005a0000" />
        <service id="0x039d" sid="925" name="Raitalia 3 Africa" type="1" provider="TandbergTV" onid="158" tsid="6100" namespace="0x005a0000" />
        <service id="0x00bb" sid="187" name="TV Globo" type="1" provider="GLOBECAST" onid="158" tsid="6100" namespace="0x005a0000" />
      </transponder>
    </satellite>
    <satellite key="005a0000:1838:009e" name="Eutelsat-9.0E" namespace="0x005a0000" position="9">
      <transponder key="005a0000:1838:009e" frequency="11958000" symbol_rate="27500000" polarization="V" fec="2" system="0" modulation="0">
        <service id="0x002f" sid="47" name="Duna 1 HD" type="25" provider="MTVA" onid="158" tsid="6200" namespace="0x005a0000" />
        <service id="0x002b" sid="43" name="Duna HD" type="25" provider="AustriaSat Magyarország" onid="158" tsid="6200" namespace="0x005a0000" />
        <service id="0x002d" sid="45" name="Duna World" type="25" provider="AustriaSat Magyarország" onid="158" tsid="6200" namespace="0x005a0000" />
        <service id="0x0029" sid="41" name="M1 HD" type="25" provider="AustriaSat Magyarország" onid="158" tsid="6200" namespace="0x005a0000" />
        <service id="0x006f" sid="111" name="M1 HD" type="25" provider="MTVA" onid="158" tsid="6200" namespace="0x005a0000" />
        <service id="0x002a" sid="42" name="M2 HD" type="25" provider="AustriaSat Magyarország" onid="158" tsid="6200" namespace="0x005a0000" />
        <service id="0x002e" sid="46" name="M2 HD" type="25" provider="MTVA" onid="158" tsid="6200" namespace="0x005a0000" />
        <service id="0x006e" sid="110" name="M3" type="25" provider="AustriaSat Magyarország" onid="158" tsid="6200" namespace="0x005a0000" />
        <service id="0x002c" sid="44" name="M4 Sport HD" type="25" provider="AustriaSat Magyarország" onid="158" tsid="6200" namespace="0x005a0000" />
        <service id="0x0030" sid="48" name="M4 Sport HD" type="25" provider="MTVA" onid="158" tsid="6200" namespace="0x005a0000" />
        <service id="0x004a" sid="74" name="M5 HD" type="25" provider="MTVA" onid="158" tsid="6200" namespace="0x005a0000" />
        <service id="0x006a" sid="106" name="M5 HD" type="25" provider="MTVA" onid="158" tsid="6200" namespace="0x005a0000" />
      </transponder>
    </satellite>
    <satellite key="005a0000:1900:009c" name="Eutelsat-9.0E" namespace="0x005a0000" position="9">
      <transponder key="005a0000:1900:009c" frequency="11996000" symbol_rate="27500000" polarization="V" fec="3" system="0" modulation="0">
        <service id="0x006b" sid="107" name="BBC Entertainment Europe" type="1" provider="Globecast UK" onid="156" tsid="6400" namespace="0x005a0000" />
        <service id="0x026b" sid="619" name="CCTV 4" type="1" provider="Globecast" onid="156" tsid="6400" namespace="0x005a0000" />
        <service id="0x026c" sid="620" name="CCTV E" type="1" provider="Globecast" onid="156" tsid="6400" namespace="0x005a0000" />
        <service id="0x026e" sid="622" name="CCTV-A" type="1" provider="Globecast" onid="156" tsid="6400" namespace="0x005a0000" />
        <service id="0x026d" sid="621" name="CCTV-R" type="1" provider="Globecast" onid="156" tsid="6400" namespace="0x005a0000" />
        <service id="0x006f" sid="111" name="Deepam TV" type="1" provider="Globecast UK" onid="156" tsid="6400" namespace="0x005a0000" />
        <service id="0x006e" sid="110" name="EFB 1" type="1" provider="Globecast UK" onid="156" tsid="6400" namespace="0x005a0000" />
        <service id="0x0070" sid="112" name="EFB 2" type="1" provider="Globecast UK" onid="156" tsid="6400" namespace="0x005a0000" />
        <service id="0x0071" sid="113" name="OPAP Horse Races" type="1" provider="Globecast" onid="156" tsid="6400" namespace="0x005a0000" />
        <service id="0x0075" sid="117" name="OPAP Horse Races" type="1" provider="Globecast" onid="156" tsid="6400" namespace="0x005a0000" />
      </transponder>
    </satellite>
    <satellite key="005a0000:1964:009c" name="Eutelsat-9.0E" namespace="0x005a0000" position="9">
      <transponder key="005a0000:1964:009c" frequency="12015000" symbol_rate="27500000" polarization="H" fec="2" system="0" modulation="0">
        <service id="0x01a3" sid="419" name="Comedy Central HD Germany|  Nights" type="25" provider="Kabelkiosk" onid="156" tsid="6500" namespace="0x005a0000" />
        <service id="0x01a2" sid="418" name="Deluxe Music HD" type="25" provider="Kabelkiosk" onid="156" tsid="6500" namespace="0x005a0000" />
        <service id="0x01a4" sid="420" name="Disney Channel HD Germany" type="25" provider="Kabelkiosk" onid="156" tsid="6500" namespace="0x005a0000" />
        <service id="0x01a1" sid="417" name="RTL 2 HD" type="25" provider="Kabelkiosk" onid="156" tsid="6500" namespace="0x005a0000" />
        <service id="0x01a0" sid="416" name="Sixx HD" type="25" provider="Kabelkiosk" onid="156" tsid="6500" namespace="0x005a0000" />
        <service id="0x00c4" sid="196" name="Super RTL HD" type="25" provider="Kabelkiosk" onid="156" tsid="6500" namespace="0x005a0000" />
      </transponder>
    </satellite>
    <satellite key="005a0000:19c8:009e" name="Eutelsat-9.0E" namespace="0x005a0000" position="9">
      <transponder key="005a0000:19c8:009e" frequency="12034000" symbol_rate="27500000" polarization="V" fec="3" system="0" modulation="0">
        <service id="0x00cc" sid="204" name="6ter|  Version pour la Suisse" type="25" provider="GLOBECAST" onid="158" tsid="6600" namespace="0x005a0000" />
        <service id="0x00ca" sid="202" name="M6 HD" type="25" provider="GlobeCast" onid="158" tsid="6600" namespace="0x005a0000" />
        <service id="0x00a1" sid="161" name="Phoenix InfoNews" type="25" provider="Globecast" onid="158" tsid="6600" namespace="0x005a0000" />
        <service id="0x00cd" sid="205" name="W9 Suisse HD" type="25" provider="GLOBECAST" onid="158" tsid="6600" namespace="0x005a0000" />
      </transponder>
    </satellite>
    <satellite key="005a0000:1a90:009e" name="Eutelsat-9.0E" namespace="0x005a0000" position="9">
      <transponder key="005a0000:1a90:009e" frequency="12073000" symbol_rate="27500000" polarization="V" fec="3" system="0" modulation="0">
        <service id="0x000a" sid="10" name="Duck TV" type="25" provider="AustriaSat Magyarország" onid="158" tsid="6800" namespace="0x005a0000" />
      </transponder>
    </satellite>
    <satellite key="005a0000:1af4:009e" name="Eutelsat-9.0E" namespace="0x005a0000" position="9">
      <transponder key="005a0000:1af4:009e" frequency="12092000" symbol_rate="27500000" polarization="H" fec="3" system="0" modulation="0">
        <service id="0x045b" sid="1115" name="Disney Channel Turkey" type="25" provider="Arqiva" onid="158" tsid="6900" namespace="0x005a0000" />
        <service id="0x01c3" sid="451" name="Disney Junior Middle-East &amp; Africa" type="25" provider="Arqiva" onid="158" tsid="6900" namespace="0x005a0000" />
        <service id="0x045c" sid="1116" name="DTE" type="25" provider="Arqiva" onid="158" tsid="6900" namespace="0x005a0000" />
        <service id="0x01df" sid="479" name="E! HD" type="25" provider="Arqiva" onid="158" tsid="6900" namespace="0x005a0000" />
        <service id="0x01c8" sid="456" name="Luxe TV" type="25" provider="Arqiva" onid="158" tsid="6900" namespace="0x005a0000" />
        <service id="0x01e8" sid="488" name="TV 5 Monde (France Belgique Suisse)" type="25" provider="Arqiva LTD" onid="158" tsid="6900" namespace="0x005a0000" />
        <service id="0x046a" sid="1130" name="Vivolta" type="25" provider="Arqiva" onid="158" tsid="6900" namespace="0x005a0000" />
      </transponder>
    </satellite>
    <satellite key="005a0000:1bbc:009c" name="Eutelsat-9.0E" namespace="0x005a0000" position="9">
      <transponder key="005a0000:1bbc:009c" frequency="12130000" symbol_rate="27500000" polarization="H" fec="2" system="0" modulation="0">
        <service id="0x0bb8" sid="3000" name="Bon Gusto" type="25" provider="Kabelkiosk" onid="156" tsid="7100" namespace="0x005a0000" />
        <service id="0x0fb4" sid="4020" name="Boomerang" type="25" provider="Kabelkiosk" onid="156" tsid="7100" namespace="0x005a0000" />
        <service id="0x09c4" sid="2500" name="Euro Star" type="25" provider="Kabelkiosk" onid="156" tsid="7100" namespace="0x005a0000" />
        <service id="0x0aaa" sid="2730" name="EuroNews" type="25" provider="Kabelkiosk" onid="156" tsid="7100" namespace="0x005a0000" />
        <service id="0x0aa0" sid="2720" name="EuroNews French" type="25" provider="Kabelkiosk" onid="156" tsid="7100" namespace="0x005a0000" />
        <service id="0x0ab4" sid="2740" name="EuroNews German" type="25" provider="Kabelkiosk" onid="156" tsid="7100" namespace="0x005a0000" />
        <service id="0x0a28" sid="2600" name="EuroNews Italian" type="25" provider="Kabelkiosk" onid="156" tsid="7100" namespace="0x005a0000" />
        <service id="0x0a96" sid="2710" name="EuroNews Portuguese" type="25" provider="Kabelkiosk" onid="156" tsid="7100" namespace="0x005a0000" />
        <service id="0x0a8c" sid="2700" name="EuroNews Russia" type="25" provider="Kabelkiosk" onid="156" tsid="7100" namespace="0x005a0000" />
        <service id="0x0a5a" sid="2650" name="EuroNews Spanish" type="25" provider="Kabelkiosk" onid="156" tsid="7100" namespace="0x005a0000" />
        <service id="0x0b86" sid="2950" name="Kinowelt TV" type="25" provider="Kabelkiosk" onid="156" tsid="7100" namespace="0x005a0000" />
        <service id="0x0abe" sid="2750" name="Marco Polo TV Germany" type="25" provider="Kabelkiosk" onid="156" tsid="7100" namespace="0x005a0000" />
        <service id="0x0b22" sid="2850" name="ORT International (Perviy kanal Vsemirnaja set)" type="25" provider="Kabelkiosk" onid="156" tsid="7100" namespace="0x005a0000" />
        <service id="0x09f6" sid="2550" name="RTR Planeta" type="25" provider="Kabelkiosk" onid="156" tsid="7100" namespace="0x005a0000" />
        <service id="0x0fa0" sid="4000" name="Silverline" type="25" provider="Kabelkiosk" onid="156" tsid="7100" namespace="0x005a0000" />
        <service id="0x0faa" sid="4010" name="Sony Entertainment TV HD Germany" type="25" provider="Kabelkiosk" onid="156" tsid="7100" namespace="0x005a0000" />
        <service id="0xfffd" sid="65533" name="SWDL 65533" type="25" provider="KabelKiosk" onid="156" tsid="7100" namespace="0x005a0000" />
      </transponder>
    </satellite>
    <satellite key="005a0000:1edc:009c" name="Eutelsat-9.0E" namespace="0x005a0000" position="9">
      <transponder key="005a0000:1edc:009c" frequency="12245000" symbol_rate="27500000" polarization="H" fec="2" system="0" modulation="0">
        <service id="0x0055" sid="85" name="n-tv HD" type="25" provider="Kabelkiosk" onid="156" tsid="7900" namespace="0x005a0000" />
        <service id="0x0052" sid="82" name="Prosieben HD" type="25" provider="Kabelkiosk" onid="156" tsid="7900" namespace="0x005a0000" />
        <service id="0x012d" sid="301" name="RTL HD" type="25" provider="Kabelkiosk" onid="156" tsid="7900" namespace="0x005a0000" />
        <service id="0x0054" sid="84" name="RTL Nitro HD" type="25" provider="Kabelkiosk" onid="156" tsid="7900" namespace="0x005a0000" />
        <service id="0x012f" sid="303" name="Sat 1 HD" type="25" provider="Kabelkiosk" onid="156" tsid="7900" namespace="0x005a0000" />
        <service id="0x012e" sid="302" name="Vox HD" type="25" provider="Kabelkiosk" onid="156" tsid="7900" namespace="0x005a0000" />
      </transponder>
    </satellite>
    <satellite key="005a0000:1fa4:009c" name="Eutelsat-9.0E" namespace="0x005a0000" position="9">
      <transponder key="005a0000:1fa4:009c" frequency="12322000" symbol_rate="27500000" polarization="H" fec="2" system="0" modulation="0">
        <service id="0x02a0" sid="672" name="Animal Planet HD" type="25" provider="Kabelkiosk" onid="156" tsid="8100" namespace="0x005a0000" />
        <service id="0x00de" sid="222" name="ATV Avrupa" type="25" provider="Kabelkiosk" onid="156" tsid="8100" namespace="0x005a0000" />
        <service id="0x0118" sid="280" name="Deutsches Wetterfernsehen" type="25" provider="Kabelkiosk" onid="156" tsid="8100" namespace="0x005a0000" />
        <service id="0x04b0" sid="1200" name="Euro D" type="25" provider="Kabelkiosk" onid="156" tsid="8100" namespace="0x005a0000" />
        <service id="0x047e" sid="1150" name="Kanal 7 Avrupa" type="25" provider="Kabelkiosk" onid="156" tsid="8100" namespace="0x005a0000" />
        <service id="0x06a4" sid="1700" name="MTV Live HD" type="25" provider="Kabelkiosk" onid="156" tsid="8100" namespace="0x005a0000" />
        <service id="0x044c" sid="1100" name="NTV Avrupa" type="25" provider="Kabelkiosk" onid="156" tsid="8100" namespace="0x005a0000" />
        <service id="0x00ca" sid="202" name="Rai 1" type="25" provider="Kabelkiosk" onid="156" tsid="8100" namespace="0x005a0000" />
        <service id="0x00f2" sid="242" name="Rai 3" type="25" provider="Kabelkiosk" onid="156" tsid="8100" namespace="0x005a0000" />
        <service id="0x041a" sid="1050" name="Show Türk" type="25" provider="Kabelkiosk" onid="156" tsid="8100" namespace="0x005a0000" />
        <service id="0x060e" sid="1550" name="TRT Türk" type="25" provider="Kabelkiosk" onid="156" tsid="8100" namespace="0x005a0000" />
        <service id="0x04e2" sid="1250" name="TV 8 Turkey" type="25" provider="Kabelkiosk" onid="156" tsid="8100" namespace="0x005a0000" />
        <service id="0x05dc" sid="1500" name="TV Polonia" type="25" provider="Kabelkiosk" onid="156" tsid="8100" namespace="0x005a0000" />
      </transponder>
    </satellite>
    <satellite key="005a0000:206c:009c" name="Eutelsat-9.0E" namespace="0x005a0000" position="9">
      <transponder key="005a0000:206c:009c" frequency="12360000" symbol_rate="27500000" polarization="H" fec="2" system="0" modulation="0">
        <service id="0x026c" sid="620" name="13th Street HD" type="25" provider="Kabelkiosk" onid="156" tsid="8300" namespace="0x005a0000" />
        <service id="0x026a" sid="618" name="A&amp;E HD Germany" type="25" provider="Kabelkiosk" onid="156" tsid="8300" namespace="0x005a0000" />
        <service id="0x010d" sid="269" name="History Channel Germany" type="25" provider="Kabelkiosk" onid="156" tsid="8300" namespace="0x005a0000" />
        <service id="0x026e" sid="622" name="National Geographic HD Germany" type="25" provider="Kabelkiosk" onid="156" tsid="8300" namespace="0x005a0000" />
        <service id="0x010b" sid="267" name="Nick Junior Germany" type="25" provider="Kabelkiosk" onid="156" tsid="8300" namespace="0x005a0000" />
        <service id="0x010c" sid="268" name="Spiegel TV Wissen HD" type="25" provider="Kabelkiosk" onid="156" tsid="8300" namespace="0x005a0000" />
        <service id="0x026d" sid="621" name="SyFy HD Deutschland" type="25" provider="Kabelkiosk" onid="156" tsid="8300" namespace="0x005a0000" />
        <service id="0x026b" sid="619" name="Travel Channel" type="25" provider="Kabelkiosk" onid="156" tsid="8300" namespace="0x005a0000" />
      </transponder>
    </satellite>
    <satellite key="005a0000:2134:009c" name="Eutelsat-9.0E" namespace="0x005a0000" position="9">
      <transponder key="005a0000:2134:009c" frequency="11977000" symbol_rate="27500000" polarization="H" fec="2" system="0" modulation="0">
        <service id="0x01f8" sid="504" name="Auto Motor Sport" type="25" provider="Kabelkiosk" onid="156" tsid="8500" namespace="0x005a0000" />
        <service id="0x01fc" sid="508" name="Blue Hustler" type="25" provider="Kabelkiosk" onid="156" tsid="8500" namespace="0x005a0000" />
        <service id="0x01f6" sid="502" name="C-Music" type="25" provider="Kabelkiosk" onid="156" tsid="8500" namespace="0x005a0000" />
        <service id="0x00ca" sid="202" name="Duck TV HD" type="25" provider="Kabelkiosk" onid="156" tsid="8500" namespace="0x005a0000" />
        <service id="0x01fa" sid="506" name="Fix &amp; Foxi" type="25" provider="Kabelkiosk" onid="156" tsid="8500" namespace="0x005a0000" />
        <service id="0x01f9" sid="505" name="Fuel HD" type="25" provider="Kabelkiosk" onid="156" tsid="8500" namespace="0x005a0000" />
        <service id="0x01ff" sid="511" name="Kinomir" type="25" provider="Kabelkiosk" onid="156" tsid="8500" namespace="0x005a0000" />
        <service id="0x01f5" sid="501" name="Mediaset Italia" type="25" provider="Kabelkiosk" onid="156" tsid="8500" namespace="0x005a0000" />
        <service id="0x01fd" sid="509" name="Mezzo Live HD" type="25" provider="Kabelkiosk" onid="156" tsid="8500" namespace="0x005a0000" />
        <service id="0x01fb" sid="507" name="Penthouse  HD" type="25" provider="Kabelkiosk" onid="156" tsid="8500" namespace="0x005a0000" />
        <service id="0x00c9" sid="201" name="PENTHOUSE HD (20-06)" type="25" provider="Kabelkiosk" onid="156" tsid="8500" namespace="0x005a0000" />
        <service id="0x01fe" sid="510" name="RTVD" type="25" provider="Kabelkiosk" onid="156" tsid="8500" namespace="0x005a0000" />
        <service id="0x00c8" sid="200" name="TeleBom/TeleDom" type="25" provider="Kabelkiosk" onid="156" tsid="8500" namespace="0x005a0000" />
        <service id="0x01f7" sid="503" name="TVN International Europe" type="25" provider="Kabelkiosk" onid="156" tsid="8500" namespace="0x005a0000" />
      </transponder>
    </satellite>
    <satellite key="005a0000:21fc:009c" name="Eutelsat-9.0E" namespace="0x005a0000" position="9">
      <transponder key="005a0000:21fc:009c" frequency="12437000" symbol_rate="27500000" polarization="H" fec="2" system="0" modulation="0">
        <service id="0x4eeb" sid="20203" name="AXN HD Germany" type="25" provider="Kabelkiosk" onid="156" tsid="8700" namespace="0x005a0000" />
        <service id="0x4ef4" sid="20212" name="Cartoon Network Germany" type="25" provider="Kabelkiosk" onid="156" tsid="8700" namespace="0x005a0000" />
        <service id="0x4ef3" sid="20211" name="Discovery HD Deutschland" type="25" provider="Kabelkiosk" onid="156" tsid="8700" namespace="0x005a0000" />
        <service id="0x4eed" sid="20205" name="E! Germany" type="25" provider="Kabelkiosk" onid="156" tsid="8700" namespace="0x005a0000" />
        <service id="0x4ef1" sid="20209" name="Eurosport 2 Germany" type="25" provider="Kabelkiosk" onid="156" tsid="8700" namespace="0x005a0000" />
        <service id="0x4ef6" sid="20214" name="Fox HD Germany" type="25" provider="Kabelkiosk" onid="156" tsid="8700" namespace="0x005a0000" />
        <service id="0x4ef2" sid="20210" name="Gute Laune TV" type="25" provider="Kabelkiosk" onid="156" tsid="8700" namespace="0x005a0000" />
        <service id="0x4eea" sid="20202" name="Romance TV" type="25" provider="Kabelkiosk" onid="156" tsid="8700" namespace="0x005a0000" />
        <service id="0x4eef" sid="20207" name="Sportdigital HD" type="25" provider="Kabelkiosk" onid="156" tsid="8700" namespace="0x005a0000" />
        <service id="0x4ee9" sid="20201" name="TNT Film" type="25" provider="Kabelkiosk" onid="156" tsid="8700" namespace="0x005a0000" />
      </transponder>
    </satellite>
  </satellites>
</zapit>
