<?xml version='1.0' encoding='utf-8'?>
<zapit>
  <bouquet name="General" category="tv">
    <channel service_ref="1:0:22:0001:80e4:217c:eeee0000:0:0:0:" name="CalcioNapoli 24" service_name="CalcioNapoli 24" provider="AjV - Ottcast" sid="1" onid="8572" tsid="32996" />
    <channel service_ref="1:0:1:0004:80e4:217c:eeee0000:0:0:0:" name="Campi Flegrei" service_name="Campi Flegrei" provider="AjV - Ottcast" sid="4" onid="8572" tsid="32996" />
    <channel service_ref="1:0:1:000e:80e4:217c:eeee0000:0:0:0:" name="Canale 95 event" service_name="Canale 95 event" provider="AjV - Ottcast" sid="14" onid="8572" tsid="32996" />
    <channel service_ref="1:0:22:0006:80e4:217c:eeee0000:0:0:0:" name="Eduardo" service_name="Eduardo" provider="" sid="6" onid="8572" tsid="32996" />
    <channel service_ref="1:0:22:000c:80e4:217c:eeee0000:0:0:0:" name="Nuvola TV" service_name="Nuvola TV" provider="NuvolaTv" sid="12" onid="8572" tsid="32996" />
    <channel service_ref="1:0:1:000b:80e4:217c:eeee0000:0:0:0:" name="PARTENOPE TV" service_name="PARTENOPE TV" provider="In Aria!" sid="11" onid="8572" tsid="32996" />
    <channel service_ref="1:0:25:000a:80e4:217c:eeee0000:0:0:0:" name="RADIO CRC TV" service_name="RADIO CRC TV" provider="AjV-Ottcast" sid="10" onid="8572" tsid="32996" />
    <channel service_ref="1:0:1:0002:80e4:217c:eeee0000:0:0:0:" name="TELEISCHIA" service_name="TELEISCHIA" provider="CANALE 8" sid="2" onid="8572" tsid="32996" />
  </bouquet>
  <bouquet name="ARD/ZDF" category="tv">
    <channel service_ref="1:0:22:0006:80e4:217c:eeee0000:0:0:0:" name="Eduardo" service_name="Eduardo" provider="" sid="6" onid="8572" tsid="32996" />
  </bouquet>
  <bouquet name="TF1" category="tv">
    <channel service_ref="1:0:1:000e:80e4:217c:eeee0000:0:0:0:" name="Canale 95 event" service_name="Canale 95 event" provider="AjV - Ottcast" sid="14" onid="8572" tsid="32996" />
    <channel service_ref="1:0:1:0002:80e4:217c:eeee0000:0:0:0:" name="TELEISCHIA" service_name="TELEISCHIA" provider="CANALE 8" sid="2" onid="8572" tsid="32996" />
  </bouquet>
  <bouquet name="Austria" category="tv">
    <channel service_ref="1:0:22:000c:80e4:217c:eeee0000:0:0:0:" name="Nuvola TV" service_name="Nuvola TV" provider="NuvolaTv" sid="12" onid="8572" tsid="32996" />
  </bouquet>
  <bouquet name="Others" category="tv">
    <channel service_ref="1:0:22:0001:80e4:217c:eeee0000:0:0:0:" name="CalcioNapoli 24" service_name="CalcioNapoli 24" provider="AjV - Ottcast" sid="1" onid="8572" tsid="32996" />
    <channel service_ref="1:0:1:0004:80e4:217c:eeee0000:0:0:0:" name="Campi Flegrei" service_name="Campi Flegrei" provider="AjV - Ottcast" sid="4" onid="8572" tsid="32996" />
    <channel service_ref="1:0:1:000b:80e4:217c:eeee0000:0:0:0:" name="PARTENOPE TV" service_name="PARTENOPE TV" provider="In Aria!" sid="11" onid="8572" tsid="32996" />
    <channel service_ref="1:0:25:000a:80e4:217c:eeee0000:0:0:0:" name="RADIO CRC TV" service_name="RADIO CRC TV" provider="AjV-Ottcast" sid="10" onid="8572" tsid="32996" />
  </bouquet>
  <bouquet name="Digitale Terrestre                    by MisterX" category="tv">
    <channel service_ref="1:0:16:1:80e4:217c:eeee0000:0:0:0:" name="CalcioNapoli 24" service_name="CalcioNapoli 24" provider="AjV - Ottcast" sid="1" onid="8572" tsid="32996" />
    <channel service_ref="1:0:1:2:80e4:217c:eeee0000:0:0:0:" name="TELEISCHIA" service_name="TELEISCHIA" provider="CANALE 8" sid="2" onid="8572" tsid="32996" />
    <channel service_ref="1:0:1:4:80e4:217c:eeee0000:0:0:0:" name="Campi Flegrei" service_name="Campi Flegrei" provider="AjV - Ottcast" sid="4" onid="8572" tsid="32996" />
    <channel service_ref="1:0:16:6:80e4:217c:eeee0000:0:0:0:" name="Eduardo" service_name="Eduardo" provider="" sid="6" onid="8572" tsid="32996" />
    <channel service_ref="1:0:1:b:80e4:217c:eeee0000:0:0:0:" name="PARTENOPE TV" service_name="PARTENOPE TV" provider="In Aria!" sid="11" onid="8572" tsid="32996" />
    <channel service_ref="1:0:16:c:80e4:217c:eeee0000:0:0:0:" name="Nuvola TV" service_name="Nuvola TV" provider="NuvolaTv" sid="12" onid="8572" tsid="32996" />
  </bouquet>
</zapit>
