{
  "api_version": 4,
  "bouquet_count": "502",
  "category": "sat",
  "deduplicated_services": "0",
  "display_name": "Sat-52E",
  "lamedb_version": "4",
  "last_seen": "unknown",
  "satellite_code": "S52E",
  "service_count": "14779",
  "source": "work/ingest/oe-alliance/vhannibal.motor.and.dtt.forli/enigma2",
  "stale": "unknown",
  "stats": "{\"bouquet_count\": 48, \"cable_services\": 0, \"radio_services\": 2298, \"sat_services\": 14316, \"terrestrial_services\": 463, \"total_services\": 14779}",
  "thresholds": "{\"cable\": 20, \"sat\": 50, \"terrestrial\": 20}",
  "transponder_count": "1136"
}