<?xml version='1.0' encoding='utf-8'?>
<zapit>
  <bouquet name="General" category="tv">
    <channel service_ref="1:0:25:026c:206c:009c:005a0000:0:0:0:" name="13th Street HD" service_name="13th Street HD" provider="KabelKiosk" sid="620" onid="156" tsid="8300" />
    <channel service_ref="1:0:1:00cc:19c8:009e:005a0000:0:0:0:" name="6 TER Suisse HD" service_name="6 TER Suisse HD" provider="GLOBECAST" sid="204" onid="158" tsid="6600" />
    <channel service_ref="1:0:25:026a:206c:009c:005a0000:0:0:0:" name="A&amp;E HD" service_name="A&amp;E HD" provider="KabelKiosk" sid="618" onid="156" tsid="8300" />
    <channel service_ref="1:0:25:006c:0065:0012:005a0000:0:0:0:" name="AFN|family" service_name="AFN|family" provider="" sid="108" onid="18" tsid="101" />
    <channel service_ref="1:0:25:006d:0065:0012:005a0000:0:0:0:" name="AFN|movie" service_name="AFN|movie" provider="" sid="109" onid="18" tsid="101" />
    <channel service_ref="1:0:25:002b:0065:0012:005a0000:0:0:0:" name="AFN|news" service_name="AFN|news" provider="" sid="43" onid="18" tsid="101" />
    <channel service_ref="1:0:25:002a:0065:0012:005a0000:0:0:0:" name="AFN|prime Atlantic" service_name="AFN|prime Atlantic" provider="" sid="42" onid="18" tsid="101" />
    <channel service_ref="1:0:25:002d:0065:0012:005a0000:0:0:0:" name="AFN|prime Pacific" service_name="AFN|prime Pacific" provider="" sid="45" onid="18" tsid="101" />
    <channel service_ref="1:0:25:006a:0065:0012:005a0000:0:0:0:" name="AFN|spectrum" service_name="AFN|spectrum" provider="" sid="106" onid="18" tsid="101" />
    <channel service_ref="1:0:25:002c:0065:0012:005a0000:0:0:0:" name="AFN|sports" service_name="AFN|sports" provider="" sid="44" onid="18" tsid="101" />
    <channel service_ref="1:0:22:006b:0065:0012:005a0000:0:0:0:" name="AFN|sports 2" service_name="AFN|sports 2" provider="" sid="107" onid="18" tsid="101" />
    <channel service_ref="1:0:25:02a0:1fa4:009c:005a0000:0:0:0:" name="Animal Planet HD" service_name="Animal Planet HD" provider="KabelKiosk" sid="672" onid="156" tsid="8100" />
    <channel service_ref="1:0:1:00de:1fa4:009c:005a0000:0:0:0:" name="ATV Avrupa" service_name="ATV Avrupa" provider="KabelKiosk" sid="222" onid="156" tsid="8100" />
    <channel service_ref="1:0:1:01f8:2134:009c:005a0000:0:0:0:" name="auto motor und sport channel" service_name="auto motor und sport channel" provider="KabelKiosk" sid="504" onid="156" tsid="8500" />
    <channel service_ref="1:0:25:4eeb:21fc:009c:005a0000:0:0:0:" name="AXN HD" service_name="AXN HD" provider="KabelKiosk" sid="20203" onid="156" tsid="8700" />
    <channel service_ref="1:0:25:00c0:0065:0012:005a0000:0:0:0:" name="Bars &amp; Tone" service_name="Bars &amp; Tone" provider="" sid="192" onid="18" tsid="101" />
    <channel service_ref="1:0:1:00f0:14b4:009c:005a0000:0:0:0:" name="BBC World" service_name="BBC World" provider="BASIS 1" sid="240" onid="156" tsid="5300" />
    <channel service_ref="1:0:1:00a5:19c8:009e:005a0000:0:0:0:" name="BBC_Entertainment_Europe" service_name="BBC_Entertainment_Europe" provider="Globecast" sid="165" onid="158" tsid="6600" />
    <channel service_ref="1:0:1:006f:170c:009e:005a0000:0:0:0:" name="Better-1" service_name="Better-1" provider="encoder" sid="111" onid="158" tsid="5900" />
    <channel service_ref="1:0:1:025a:c3c8:009e:005a0000:0:0:0:" name="Better-1" service_name="Better-1" provider="encoder" sid="602" onid="158" tsid="50120" />
    <channel service_ref="1:0:1:002e:170c:009e:005a0000:0:0:0:" name="Better-2" service_name="Better-2" provider="encoder" sid="46" onid="158" tsid="5900" />
    <channel service_ref="1:0:1:025b:c3c8:009e:005a0000:0:0:0:" name="Better-2" service_name="Better-2" provider="encoder" sid="603" onid="158" tsid="50120" />
    <channel service_ref="1:0:1:002f:170c:009e:005a0000:0:0:0:" name="Better-3" service_name="Better-3" provider="encoder" sid="47" onid="158" tsid="5900" />
    <channel service_ref="1:0:1:025c:c3c8:009e:005a0000:0:0:0:" name="Better-3" service_name="Better-3" provider="encoder" sid="604" onid="158" tsid="50120" />
    <channel service_ref="1:0:1:0030:170c:009e:005a0000:0:0:0:" name="Better-4" service_name="Better-4" provider="encoder" sid="48" onid="158" tsid="5900" />
    <channel service_ref="1:0:1:025d:c3c8:009e:005a0000:0:0:0:" name="Better-4" service_name="Better-4" provider="encoder" sid="605" onid="158" tsid="50120" />
    <channel service_ref="1:0:1:00f1:14b4:009c:005a0000:0:0:0:" name="Bloomberg" service_name="Bloomberg" provider="BASIS 1" sid="241" onid="156" tsid="5300" />
    <channel service_ref="1:0:1:01fc:2134:009c:005a0000:0:0:0:" name="Blue Hustler" service_name="Blue Hustler" provider="KabelKiosk" sid="508" onid="156" tsid="8500" />
    <channel service_ref="1:0:1:0bb8:1bbc:009c:005a0000:0:0:0:" name="BonGusto" service_name="BonGusto" provider="KabelKiosk" sid="3000" onid="156" tsid="7100" />
    <channel service_ref="1:0:22:0095:c35a:009e:005a0000:0:0:0:" name="CAZ" service_name="CAZ" provider="Joyne" sid="149" onid="158" tsid="50010" />
    <channel service_ref="1:0:1:026b:1900:009c:005a0000:0:0:0:" name="CCTV-4" service_name="CCTV-4" provider="Globecast" sid="619" onid="156" tsid="6400" />
    <channel service_ref="1:0:1:026f:1900:009c:005a0000:0:0:0:" name="CGTN Documentary" service_name="CGTN Documentary" provider="Globecast" sid="623" onid="156" tsid="6400" />
    <channel service_ref="1:0:1:026e:1900:009c:005a0000:0:0:0:" name="CGTN-A" service_name="CGTN-A" provider="Globecast" sid="622" onid="156" tsid="6400" />
    <channel service_ref="1:0:1:026c:1900:009c:005a0000:0:0:0:" name="CGTN-E" service_name="CGTN-E" provider="Globecast" sid="620" onid="156" tsid="6400" />
    <channel service_ref="1:0:1:026d:1900:009c:005a0000:0:0:0:" name="CGTN-R" service_name="CGTN-R" provider="Globecast" sid="621" onid="156" tsid="6400" />
    <channel service_ref="1:0:1:00cc:14b4:009c:005a0000:0:0:0:" name="Channel 21 Shop" service_name="Channel 21 Shop" provider="BASIS 1" sid="204" onid="156" tsid="5300" />
    <channel service_ref="1:0:1:0b22:1bbc:009c:005a0000:0:0:0:" name="Channel One Russia" service_name="Channel One Russia" provider="KabelKiosk" sid="2850" onid="156" tsid="7100" />
    <channel service_ref="1:0:1:044c:1fa4:009c:005a0000:0:0:0:" name="CNN TURK" service_name="CNN TURK" provider="KabelKiosk" sid="1100" onid="156" tsid="8100" />
    <channel service_ref="1:0:1:00d8:14b4:009c:005a0000:0:0:0:" name="Comedy Central" service_name="Comedy Central" provider="BASIS 1" sid="216" onid="156" tsid="5300" />
    <channel service_ref="1:0:25:01a3:1964:009c:005a0000:0:0:0:" name="Comedy Central HD" service_name="Comedy Central HD" provider="BASIS 1" sid="419" onid="156" tsid="6500" />
    <channel service_ref="1:0:1:00f6:14b4:009c:005a0000:0:0:0:" name="Deluxe Music" service_name="Deluxe Music" provider="BASIS 1" sid="246" onid="156" tsid="5300" />
    <channel service_ref="1:0:25:01a2:1964:009c:005a0000:0:0:0:" name="Deluxe Music HD" service_name="Deluxe Music HD" provider="BASIS 1" sid="418" onid="156" tsid="6500" />
    <channel service_ref="1:0:25:4ef3:21fc:009c:005a0000:0:0:0:" name="Discovery Channel HD" service_name="Discovery Channel HD" provider="KabelKiosk" sid="20211" onid="156" tsid="8700" />
    <channel service_ref="1:0:1:01c3:1af4:009e:005a0000:0:0:0:" name="DISJ1_CEMA" service_name="DISJ1_CEMA" provider="Arqiva" sid="451" onid="158" tsid="6900" />
    <channel service_ref="1:0:25:01a4:1964:009c:005a0000:0:0:0:" name="Disney Channel HD" service_name="Disney Channel HD" provider="BASIS 1" sid="420" onid="156" tsid="6500" />
    <channel service_ref="1:0:1:00a6:19c8:009e:005a0000:0:0:0:" name="Disney Channel ME" service_name="Disney Channel ME" provider="ARC/DCM2 TSOIP" sid="166" onid="158" tsid="6600" />
    <channel service_ref="1:0:25:00e7:1644:009c:005a0000:0:0:0:" name="DMAX HD" service_name="DMAX HD" provider="BASIS 1" sid="231" onid="156" tsid="5700" />
    <channel service_ref="1:0:22:4eee:21fc:009c:005a0000:0:0:0:" name="Duck TV SD" service_name="Duck TV SD" provider="KabelKiosk" sid="20206" onid="156" tsid="8700" />
    <channel service_ref="1:0:25:002b:1838:009e:005a0000:0:0:0:" name="Duna HD" service_name="Duna HD" provider="MTVA" sid="43" onid="158" tsid="6200" />
    <channel service_ref="1:0:25:002f:1838:009e:005a0000:0:0:0:" name="Duna HD (Europa)" service_name="Duna HD (Europa)" provider="MTVA" sid="47" onid="158" tsid="6200" />
    <channel service_ref="1:0:22:002d:1838:009e:005a0000:0:0:0:" name="Duna World SD" service_name="Duna World SD" provider="MTVA" sid="45" onid="158" tsid="6200" />
    <channel service_ref="1:0:1:4eed:21fc:009c:005a0000:0:0:0:" name="E! Entertainment D" service_name="E! Entertainment D" provider="KabelKiosk" sid="20205" onid="156" tsid="8700" />
    <channel service_ref="1:0:25:01df:1af4:009e:005a0000:0:0:0:" name="E! Entertainment Europe" service_name="E! Entertainment Europe" provider="Arqiva" sid="479" onid="158" tsid="6900" />
    <channel service_ref="1:0:25:01b1:170c:009e:005a0000:0:0:0:" name="EBS+HD" service_name="EBS+HD" provider="" sid="433" onid="158" tsid="5900" />
    <channel service_ref="1:0:25:00e9:170c:009e:005a0000:0:0:0:" name="EBSHD" service_name="EBSHD" provider="" sid="233" onid="158" tsid="5900" />
    <channel service_ref="1:0:1:04b0:1fa4:009c:005a0000:0:0:0:" name="Euro D" service_name="Euro D" provider="KabelKiosk" sid="1200" onid="156" tsid="8100" />
    <channel service_ref="1:0:1:09c4:1bbc:009c:005a0000:0:0:0:" name="Euro Star" service_name="Euro Star" provider="KabelKiosk" sid="2500" onid="156" tsid="7100" />
    <channel service_ref="1:0:1:0db7:16a8:009c:005a0000:0:0:0:" name="EUROBET 11" service_name="EUROBET 11" provider="encoder" sid="3511" onid="156" tsid="5800" />
    <channel service_ref="1:0:1:0db8:16a8:009c:005a0000:0:0:0:" name="EUROBET 12" service_name="EUROBET 12" provider="encoder" sid="3512" onid="156" tsid="5800" />
    <channel service_ref="1:0:1:0db9:16a8:009c:005a0000:0:0:0:" name="EUROBET 13" service_name="EUROBET 13" provider="encoder" sid="3513" onid="156" tsid="5800" />
    <channel service_ref="1:0:1:0dba:16a8:009c:005a0000:0:0:0:" name="EUROBET 14" service_name="EUROBET 14" provider="encoder" sid="3514" onid="156" tsid="5800" />
    <channel service_ref="1:0:1:0aaa:1bbc:009c:005a0000:0:0:0:" name="EuroNews English" service_name="EuroNews English" provider="KabelKiosk" sid="2730" onid="156" tsid="7100" />
    <channel service_ref="1:0:1:0aa0:1bbc:009c:005a0000:0:0:0:" name="EuroNews French" service_name="EuroNews French" provider="KabelKiosk" sid="2720" onid="156" tsid="7100" />
    <channel service_ref="1:0:25:00cd:14b4:009c:005a0000:0:0:0:" name="Eurosport 1 HD" service_name="Eurosport 1 HD" provider="BASIS 1" sid="205" onid="156" tsid="5300" />
    <channel service_ref="1:0:1:4ef1:21fc:009c:005a0000:0:0:0:" name="Eurosport 2" service_name="Eurosport 2" provider="KabelKiosk" sid="20209" onid="156" tsid="8700" />
    <channel service_ref="1:0:1:0001:1770:0064:005a0000:0:0:0:" name="Fashion Television" service_name="Fashion Television" provider="RRsat" sid="1" onid="100" tsid="6000" />
    <channel service_ref="1:0:1:01fa:2134:009c:005a0000:0:0:0:" name="Fix &amp; Foxi" service_name="Fix &amp; Foxi" provider="KabelKiosk" sid="506" onid="156" tsid="8500" />
    <channel service_ref="1:0:25:4ef6:21fc:009c:005a0000:0:0:0:" name="FOX HD" service_name="FOX HD" provider="KabelKiosk" sid="20214" onid="156" tsid="8700" />
    <channel service_ref="1:0:25:01f9:2134:009c:005a0000:0:0:0:" name="FUEL TV HD" service_name="FUEL TV HD" provider="KabelKiosk" sid="505" onid="156" tsid="8500" />
    <channel service_ref="1:0:1:4ef2:21fc:009c:005a0000:0:0:0:" name="Gute Laune TV" service_name="Gute Laune TV" provider="KabelKiosk" sid="20210" onid="156" tsid="8700" />
    <channel service_ref="1:0:1:0bea:1bbc:009c:005a0000:0:0:0:" name="Heimatkanal" service_name="Heimatkanal" provider="KabelKiosk" sid="3050" onid="156" tsid="7100" />
    <channel service_ref="1:0:1:010d:206c:009c:005a0000:0:0:0:" name="History" service_name="History" provider="KabelKiosk" sid="269" onid="156" tsid="8300" />
    <channel service_ref="1:0:1:000a:1770:0064:005a0000:0:0:0:" name="Holy God TV" service_name="Holy God TV" provider="RR Media" sid="10" onid="100" tsid="6000" />
    <channel service_ref="1:0:1:00e4:14b4:009c:005a0000:0:0:0:" name="HSE 24 Extra" service_name="HSE 24 Extra" provider="BASIS 1" sid="228" onid="156" tsid="5300" />
    <channel service_ref="1:0:1:002c:1770:0064:005a0000:0:0:0:" name="Italy Service 2" service_name="Italy Service 2" provider="RRSat" sid="44" onid="100" tsid="6000" />
    <channel service_ref="1:0:1:003a:1770:0064:005a0000:0:0:0:" name="Italy Service 3" service_name="Italy Service 3" provider="RRSat" sid="58" onid="100" tsid="6000" />
    <channel service_ref="1:0:1:003c:1770:0064:005a0000:0:0:0:" name="Italy Service 5" service_name="Italy Service 5" provider="RRsat" sid="60" onid="100" tsid="6000" />
    <channel service_ref="1:0:1:01f7:2134:009c:005a0000:0:0:0:" name="iTVN" service_name="iTVN" provider="KabelKiosk" sid="503" onid="156" tsid="8500" />
    <channel service_ref="1:0:25:00e6:1644:009c:005a0000:0:0:0:" name="Kabel eins HD" service_name="Kabel eins HD" provider="BASIS 1" sid="230" onid="156" tsid="5700" />
    <channel service_ref="1:0:1:047e:1fa4:009c:005a0000:0:0:0:" name="Kanal 7 avrupa" service_name="Kanal 7 avrupa" provider="KabelKiosk" sid="1150" onid="156" tsid="8100" />
    <channel service_ref="1:0:1:00a8:19c8:009e:005a0000:0:0:0:" name="Karusel Int" service_name="Karusel Int" provider="GLOBECAST" sid="168" onid="158" tsid="6600" />
    <channel service_ref="1:0:1:01ff:2134:009c:005a0000:0:0:0:" name="Kinomir" service_name="Kinomir" provider="KabelKiosk" sid="511" onid="156" tsid="8500" />
    <channel service_ref="1:0:1:0b86:1bbc:009c:005a0000:0:0:0:" name="Kinowelt TV" service_name="Kinowelt TV" provider="KabelKiosk" sid="2950" onid="156" tsid="7100" />
    <channel service_ref="1:0:1:0dbe:16a8:009c:005a0000:0:0:0:" name="Love Nature HD" service_name="Love Nature HD" provider="iKO Media Group" sid="3518" onid="156" tsid="5800" />
    <channel service_ref="1:0:25:01c8:1af4:009e:005a0000:0:0:0:" name="Luxe TV" service_name="Luxe TV" provider="Arqiva" sid="456" onid="158" tsid="6900" />
    <channel service_ref="1:0:25:0029:1838:009e:005a0000:0:0:0:" name="M1 HD" service_name="M1 HD" provider="MTVA" sid="41" onid="158" tsid="6200" />
    <channel service_ref="1:0:25:006f:1838:009e:005a0000:0:0:0:" name="M1 HD (Europa)" service_name="M1 HD (Europa)" provider="MTVA" sid="111" onid="158" tsid="6200" />
    <channel service_ref="1:0:25:002a:1838:009e:005a0000:0:0:0:" name="M2 HD" service_name="M2 HD" provider="MTVA" sid="42" onid="158" tsid="6200" />
    <channel service_ref="1:0:25:002e:1838:009e:005a0000:0:0:0:" name="M2 HD (Europa)" service_name="M2 HD (Europa)" provider="MTVA" sid="46" onid="158" tsid="6200" />
    <channel service_ref="1:0:1:006e:1838:009e:005a0000:0:0:0:" name="M3" service_name="M3" provider="MTVA" sid="110" onid="158" tsid="6200" />
    <channel service_ref="1:0:25:002c:1838:009e:005a0000:0:0:0:" name="M4 Sport HD" service_name="M4 Sport HD" provider="MTVA" sid="44" onid="158" tsid="6200" />
    <channel service_ref="1:0:25:0030:1838:009e:005a0000:0:0:0:" name="M4 Sport HD (Europa)" service_name="M4 Sport HD (Europa)" provider="MTVA" sid="48" onid="158" tsid="6200" />
    <channel service_ref="1:0:25:006a:1838:009e:005a0000:0:0:0:" name="M5 HD" service_name="M5 HD" provider="MTVA" sid="106" onid="158" tsid="6200" />
    <channel service_ref="1:0:25:004a:1838:009e:005a0000:0:0:0:" name="M5 HD (Europa)" service_name="M5 HD (Europa)" provider="MTVA" sid="74" onid="158" tsid="6200" />
    <channel service_ref="1:0:1:00ca:19c8:009e:005a0000:0:0:0:" name="M6 Suisse HD" service_name="M6 Suisse HD" provider="GLOBECAST" sid="202" onid="158" tsid="6600" />
    <channel service_ref="1:0:1:0abe:1bbc:009c:005a0000:0:0:0:" name="Marco Polo TV" service_name="Marco Polo TV" provider="KabelKiosk" sid="2750" onid="156" tsid="7100" />
    <channel service_ref="1:0:1:01f5:2134:009c:005a0000:0:0:0:" name="Mediaset Italia" service_name="Mediaset Italia" provider="KabelKiosk" sid="501" onid="156" tsid="8500" />
    <channel service_ref="1:0:25:01fd:2134:009c:005a0000:0:0:0:" name="Mezzo Live HD" service_name="Mezzo Live HD" provider="KabelKiosk" sid="509" onid="156" tsid="8500" />
    <channel service_ref="1:0:25:00ca:14b4:009c:005a0000:0:0:0:" name="MTV HD" service_name="MTV HD" provider="BASIS 1" sid="202" onid="156" tsid="5300" />
    <channel service_ref="1:0:25:06a4:1fa4:009c:005a0000:0:0:0:" name="MTV Live HD" service_name="MTV Live HD" provider="KabelKiosk" sid="1700" onid="156" tsid="8100" />
    <channel service_ref="1:0:25:02a0:170c:009e:005a0000:0:0:0:" name="myZen.tv HD" service_name="myZen.tv HD" provider="Eutelsat" sid="672" onid="158" tsid="5900" />
    <channel service_ref="1:0:25:0055:1edc:009c:005a0000:0:0:0:" name="n-tv HD" service_name="n-tv HD" provider="BASIS 1" sid="85" onid="156" tsid="7900" />
    <channel service_ref="1:0:22:019b:c40e:009e:005a0000:0:0:0:" name="NashvilleTV" service_name="NashvilleTV" provider="Joyne" sid="411" onid="158" tsid="50190" />
    <channel service_ref="1:0:25:026e:206c:009c:005a0000:0:0:0:" name="National Geographic HD" service_name="National Geographic HD" provider="KabelKiosk" sid="622" onid="156" tsid="8300" />
    <channel service_ref="1:0:1:010b:206c:009c:005a0000:0:0:0:" name="Nick Jr." service_name="Nick Jr." provider="KabelKiosk" sid="267" onid="156" tsid="8300" />
    <channel service_ref="1:0:1:00d5:14b4:009c:005a0000:0:0:0:" name="NICK/MTV+" service_name="NICK/MTV+" provider="BASIS 1" sid="213" onid="156" tsid="5300" />
    <channel service_ref="1:0:25:00e9:1644:009c:005a0000:0:0:0:" name="NICK/MTV+ HD" service_name="NICK/MTV+ HD" provider="BASIS 1" sid="233" onid="156" tsid="5700" />
    <channel service_ref="1:0:25:0054:1edc:009c:005a0000:0:0:0:" name="NITRO HD" service_name="NITRO HD" provider="BASIS 1" sid="84" onid="156" tsid="7900" />
    <channel service_ref="1:0:22:019d:c40e:009e:005a0000:0:0:0:" name="NL Regionaal 1" service_name="NL Regionaal 1" provider="Joyne" sid="413" onid="158" tsid="50190" />
    <channel service_ref="1:0:22:019e:c40e:009e:005a0000:0:0:0:" name="NL Regionaal 2" service_name="NL Regionaal 2" provider="Joyne" sid="414" onid="158" tsid="50190" />
    <channel service_ref="1:0:1:000b:1770:0064:005a0000:0:0:0:" name="NLM TV" service_name="NLM TV" provider="RRSat" sid="11" onid="100" tsid="6000" />
    <channel service_ref="1:0:22:01cc:1af4:009e:005a0000:0:0:0:" name="NTDTV" service_name="NTDTV" provider="ARQIVA" sid="460" onid="158" tsid="6900" />
    <channel service_ref="1:0:1:0dc3:16a8:009c:005a0000:0:0:0:" name="OPAP HR" service_name="OPAP HR" provider="Encoder" sid="3523" onid="156" tsid="5800" />
    <channel service_ref="1:0:1:0dc2:16a8:009c:005a0000:0:0:0:" name="OPAP MG" service_name="OPAP MG" provider="encoder" sid="3522" onid="156" tsid="5800" />
    <channel service_ref="1:0:1:0dc1:16a8:009c:005a0000:0:0:0:" name="OPAP VG1" service_name="OPAP VG1" provider="encoder" sid="3521" onid="156" tsid="5800" />
    <channel service_ref="1:0:1:0dbb:16a8:009c:005a0000:0:0:0:" name="ORTB TV" service_name="ORTB TV" provider="" sid="3515" onid="156" tsid="5800" />
    <channel service_ref="1:0:1:00a2:19c8:009e:005a0000:0:0:0:" name="ORTM" service_name="ORTM" provider="GLOBECAST" sid="162" onid="158" tsid="6600" />
    <channel service_ref="1:0:1:01fe:2134:009c:005a0000:0:0:0:" name="OstWest" service_name="OstWest" provider="KabelKiosk" sid="510" onid="156" tsid="8500" />
    <channel service_ref="1:0:25:01fb:2134:009c:005a0000:0:0:0:" name="Penthouse Passion" service_name="Penthouse Passion" provider="KabelKiosk" sid="507" onid="156" tsid="8500" />
    <channel service_ref="1:0:25:00c9:2134:009c:005a0000:0:0:0:" name="Penthouse Passion (20-06)" service_name="Penthouse Passion (20-06)" provider="KabelKiosk" sid="201" onid="156" tsid="8500" />
    <channel service_ref="1:0:1:00a1:19c8:009e:005a0000:0:0:0:" name="Phoenix Info News" service_name="Phoenix Info News" provider="GLOBECAST" sid="161" onid="158" tsid="6600" />
    <channel service_ref="1:0:1:01f6:2134:009c:005a0000:0:0:0:" name="Playboy TV" service_name="Playboy TV" provider="KabelKiosk" sid="502" onid="156" tsid="8500" />
    <channel service_ref="1:0:1:00cb:2134:009c:005a0000:0:0:0:" name="Playboy TV SD (20-06)" service_name="Playboy TV SD (20-06)" provider="KabelKiosk" sid="203" onid="156" tsid="8500" />
    <channel service_ref="1:0:25:0052:1edc:009c:005a0000:0:0:0:" name="PRO 7 HD" service_name="PRO 7 HD" provider="BASIS 1" sid="82" onid="156" tsid="7900" />
    <channel service_ref="1:0:25:0b54:1bbc:009c:005a0000:0:0:0:" name="Pro7 FUN HD" service_name="Pro7 FUN HD" provider="KabelKiosk" sid="2900" onid="156" tsid="7100" />
    <channel service_ref="1:0:25:00c9:14b4:009c:005a0000:0:0:0:" name="ProSieben MAXX HD" service_name="ProSieben MAXX HD" provider="BASIS 1" sid="201" onid="156" tsid="5300" />
    <channel service_ref="1:0:1:006e:1900:009c:005a0000:0:0:0:" name="PTV Global" service_name="PTV Global" provider="Globecast" sid="110" onid="156" tsid="6400" />
    <channel service_ref="1:0:1:0daf:16a8:009c:005a0000:0:0:0:" name="Rai Africa" service_name="Rai Africa" provider="Rai" sid="3503" onid="156" tsid="5800" />
    <channel service_ref="1:0:1:00f2:1fa4:009c:005a0000:0:0:0:" name="RAI Tre" service_name="RAI Tre" provider="KabelKiosk" sid="242" onid="156" tsid="8100" />
    <channel service_ref="1:0:1:00ca:1fa4:009c:005a0000:0:0:0:" name="RAI Uno" service_name="RAI Uno" provider="KabelKiosk" sid="202" onid="156" tsid="8100" />
    <channel service_ref="1:0:25:00bf:0065:0012:005a0000:0:0:0:" name="Reaper (EPG Video)" service_name="Reaper (EPG Video)" provider="" sid="191" onid="18" tsid="101" />
    <channel service_ref="1:0:1:4eea:21fc:009c:005a0000:0:0:0:" name="Romance TV" service_name="Romance TV" provider="KabelKiosk" sid="20202" onid="156" tsid="8700" />
    <channel service_ref="1:0:1:000c:170c:009e:005a0000:0:0:0:" name="RTB Radio" service_name="RTB Radio" provider="" sid="12" onid="158" tsid="5900" />
    <channel service_ref="1:0:1:000b:170c:009e:005a0000:0:0:0:" name="RTB TV" service_name="RTB TV" provider="" sid="11" onid="158" tsid="5900" />
    <channel service_ref="1:0:1:00a0:19c8:009e:005a0000:0:0:0:" name="RTG int" service_name="RTG int" provider="GLOBECAST" sid="160" onid="158" tsid="6600" />
    <channel service_ref="1:0:1:0db5:16a8:009c:005a0000:0:0:0:" name="RTI" service_name="RTI" provider="" sid="3509" onid="156" tsid="5800" />
    <channel service_ref="1:0:25:01a1:1964:009c:005a0000:0:0:0:" name="RTL 2 HD" service_name="RTL 2 HD" provider="BASIS 2" sid="417" onid="156" tsid="6500" />
    <channel service_ref="1:0:25:012d:1edc:009c:005a0000:0:0:0:" name="RTL HD" service_name="RTL HD" provider="BASIS 1" sid="301" onid="156" tsid="7900" />
    <channel service_ref="1:0:1:09f6:1bbc:009c:005a0000:0:0:0:" name="RTR Planeta" service_name="RTR Planeta" provider="KabelKiosk" sid="2550" onid="156" tsid="7100" />
    <channel service_ref="1:0:1:0dbf:16a8:009c:005a0000:0:0:0:" name="RTS 1" service_name="RTS 1" provider="Scopus Network Technologies" sid="3519" onid="156" tsid="5800" />
    <channel service_ref="1:0:25:0029:170c:009e:005a0000:0:0:0:" name="RTS2" service_name="RTS2" provider="aCAN Group" sid="41" onid="158" tsid="5900" />
    <channel service_ref="1:0:25:012f:1edc:009c:005a0000:0:0:0:" name="SAT.1 HD" service_name="SAT.1 HD" provider="BASIS 1" sid="303" onid="156" tsid="7900" />
    <channel service_ref="1:0:22:019a:c40e:009e:005a0000:0:0:0:" name="SchlagerTV" service_name="SchlagerTV" provider="Joyne" sid="410" onid="158" tsid="50190" />
    <channel service_ref="1:0:1:00f5:14b4:009c:005a0000:0:0:0:" name="Servus TV" service_name="Servus TV" provider="BASIS 1" sid="245" onid="156" tsid="5300" />
    <channel service_ref="1:0:1:041a:1fa4:009c:005a0000:0:0:0:" name="Show Turk" service_name="Show Turk" provider="KabelKiosk" sid="1050" onid="156" tsid="8100" />
    <channel service_ref="1:0:1:0fa0:1bbc:009c:005a0000:0:0:0:" name="Silverline" service_name="Silverline" provider="KabelKiosk" sid="4000" onid="156" tsid="7100" />
    <channel service_ref="1:0:1:02c8:0001:0064:005a0000:0:0:0:" name="SISAL 1" service_name="SISAL 1" provider="Eutelsat" sid="712" onid="100" tsid="1" />
    <channel service_ref="1:0:1:071c:0001:0064:005a0000:0:0:0:" name="SISAL 2" service_name="SISAL 2" provider="Eutelsat" sid="1820" onid="100" tsid="1" />
    <channel service_ref="1:0:1:02d6:0001:0064:005a0000:0:0:0:" name="SISAL 3" service_name="SISAL 3" provider="Eutelsat" sid="726" onid="100" tsid="1" />
    <channel service_ref="1:0:1:02da:0001:0064:005a0000:0:0:0:" name="SISAL 4" service_name="SISAL 4" provider="Eutelsat" sid="730" onid="100" tsid="1" />
    <channel service_ref="1:0:1:073a:0001:0064:005a0000:0:0:0:" name="SISAL 5" service_name="SISAL 5" provider="Eutelsat" sid="1850" onid="100" tsid="1" />
    <channel service_ref="1:0:25:01a0:1964:009c:005a0000:0:0:0:" name="sixx HD" service_name="sixx HD" provider="BASIS 2" sid="416" onid="156" tsid="6500" />
    <channel service_ref="1:0:25:0faa:1bbc:009c:005a0000:0:0:0:" name="SONY CHANNEL HD" service_name="SONY CHANNEL HD" provider="KabelKiosk" sid="4010" onid="156" tsid="7100" />
    <channel service_ref="1:0:25:010c:206c:009c:005a0000:0:0:0:" name="Spiegel TV Wissen HD" service_name="Spiegel TV Wissen HD" provider="KabelKiosk" sid="268" onid="156" tsid="8300" />
    <channel service_ref="1:0:25:00ea:1644:009c:005a0000:0:0:0:" name="SPORT 1 HD" service_name="SPORT 1 HD" provider="BASIS 1" sid="234" onid="156" tsid="5700" />
    <channel service_ref="1:0:25:026f:206c:009c:005a0000:0:0:0:" name="SPORT1+ HD" service_name="SPORT1+ HD" provider="KabelKiosk" sid="623" onid="156" tsid="8300" />
    <channel service_ref="1:0:25:4eef:21fc:009c:005a0000:0:0:0:" name="sportdigital HD" service_name="sportdigital HD" provider="KabelKiosk" sid="20207" onid="156" tsid="8700" />
    <channel service_ref="1:0:1:002a:1770:0064:005a0000:0:0:0:" name="Star Vijay" service_name="Star Vijay" provider="RRsat" sid="42" onid="100" tsid="6000" />
    <channel service_ref="1:0:25:00c4:1964:009c:005a0000:0:0:0:" name="SUPER RTL HD" service_name="SUPER RTL HD" provider="BASIS 2" sid="196" onid="156" tsid="6500" />
    <channel service_ref="1:0:1:fffd:1bbc:009c:005a0000:0:0:0:" name="SWDL 65533" service_name="SWDL 65533" provider="KabelKiosk" sid="65533" onid="156" tsid="7100" />
    <channel service_ref="1:0:25:026d:206c:009c:005a0000:0:0:0:" name="SyFy HD" service_name="SyFy HD" provider="KabelKiosk" sid="621" onid="156" tsid="8300" />
    <channel service_ref="1:0:25:00e8:1644:009c:005a0000:0:0:0:" name="TELE 5 HD" service_name="TELE 5 HD" provider="BASIS 1" sid="232" onid="156" tsid="5700" />
    <channel service_ref="1:0:1:00c8:2134:009c:005a0000:0:0:0:" name="TeleBom/TeleDom" service_name="TeleBom/TeleDom" provider="KabelKiosk" sid="200" onid="156" tsid="8500" />
    <channel service_ref="1:0:1:000c:1770:0064:005a0000:0:0:0:" name="TIN_972737998873" service_name="TIN_972737998873" provider="RRSat" sid="12" onid="100" tsid="6000" />
    <channel service_ref="1:0:25:00eb:1644:009c:005a0000:0:0:0:" name="TLC HD" service_name="TLC HD" provider="BASIS 1" sid="235" onid="156" tsid="5700" />
    <channel service_ref="1:0:1:060e:1fa4:009c:005a0000:0:0:0:" name="TRT-Turk TV" service_name="TRT-Turk TV" provider="KabelKiosk" sid="1550" onid="156" tsid="8100" />
    <channel service_ref="1:0:22:00c7:c40e:009e:005a0000:0:0:0:" name="TV Oranje" service_name="TV Oranje" provider="Joyne" sid="199" onid="158" tsid="50190" />
    <channel service_ref="1:0:1:05dc:1fa4:009c:005a0000:0:0:0:" name="TV Polonia" service_name="TV Polonia" provider="KabelKiosk" sid="1500" onid="156" tsid="8100" />
    <channel service_ref="1:0:1:01e8:1af4:009e:005a0000:0:0:0:" name="TV5MONDE France Belgique Suisse" service_name="TV5MONDE France Belgique Suisse" provider="Arqiva LTD" sid="488" onid="158" tsid="6900" />
    <channel service_ref="1:0:1:04e2:1fa4:009c:005a0000:0:0:0:" name="TV8 Int" service_name="TV8 Int" provider="KabelKiosk" sid="1250" onid="156" tsid="8100" />
    <channel service_ref="1:0:22:000e:170c:009e:005a0000:0:0:0:" name="TVT International" service_name="TVT International" provider="TVT" sid="14" onid="158" tsid="5900" />
    <channel service_ref="1:0:1:00a3:19c8:009e:005a0000:0:0:0:" name="Télé Sahel" service_name="Télé Sahel" provider="GLOBECAST" sid="163" onid="158" tsid="6600" />
    <channel service_ref="1:0:1:0dae:16a8:009c:005a0000:0:0:0:" name="Virtual Giallo" service_name="Virtual Giallo" provider="Telespazio" sid="3502" onid="156" tsid="5800" />
    <channel service_ref="1:0:1:0dad:16a8:009c:005a0000:0:0:0:" name="Virtual Verde" service_name="Virtual Verde" provider="Telespazio" sid="3501" onid="156" tsid="5800" />
    <channel service_ref="1:0:1:046a:1af4:009e:005a0000:0:0:0:" name="Vivolta" service_name="Vivolta" provider="Arqiva" sid="1130" onid="158" tsid="6900" />
    <channel service_ref="1:0:25:012e:1edc:009c:005a0000:0:0:0:" name="VOX HD" service_name="VOX HD" provider="BASIS 1" sid="302" onid="156" tsid="7900" />
    <channel service_ref="1:0:1:00cd:19c8:009e:005a0000:0:0:0:" name="W9 Suisse HD" service_name="W9 Suisse HD" provider="GLOBECAST" sid="205" onid="158" tsid="6600" />
    <channel service_ref="1:0:25:00cb:14b4:009c:005a0000:0:0:0:" name="WELT HD" service_name="WELT HD" provider="BASIS 1" sid="203" onid="156" tsid="5300" />
    <channel service_ref="1:0:1:0118:1fa4:009c:005a0000:0:0:0:" name="wetter.com TV" service_name="wetter.com TV" provider="KabelKiosk" sid="280" onid="156" tsid="8100" />
    <channel service_ref="1:0:1:00f3:14b4:009c:005a0000:0:0:0:" name="Deutsches Musik Fernsehen" service_name="Deutsches Musik Fernsehen" provider="BASIS 1" sid="243" onid="156" tsid="5300" />
  </bouquet>
  <bouquet name="Movies" category="tv">
    <channel service_ref="1:0:25:006d:0065:0012:005a0000:0:0:0:" name="AFN|movie" service_name="AFN|movie" provider="" sid="109" onid="18" tsid="101" />
  </bouquet>
  <bouquet name="News" category="tv">
    <channel service_ref="1:0:25:002b:0065:0012:005a0000:0:0:0:" name="AFN|news" service_name="AFN|news" provider="" sid="43" onid="18" tsid="101" />
    <channel service_ref="1:0:1:0aaa:1bbc:009c:005a0000:0:0:0:" name="EuroNews English" service_name="EuroNews English" provider="KabelKiosk" sid="2730" onid="156" tsid="7100" />
    <channel service_ref="1:0:1:0aa0:1bbc:009c:005a0000:0:0:0:" name="EuroNews French" service_name="EuroNews French" provider="KabelKiosk" sid="2720" onid="156" tsid="7100" />
    <channel service_ref="1:0:1:00a1:19c8:009e:005a0000:0:0:0:" name="Phoenix Info News" service_name="Phoenix Info News" provider="GLOBECAST" sid="161" onid="158" tsid="6600" />
  </bouquet>
  <bouquet name="Sports" category="tv">
    <channel service_ref="1:0:25:002c:0065:0012:005a0000:0:0:0:" name="AFN|sports" service_name="AFN|sports" provider="" sid="44" onid="18" tsid="101" />
    <channel service_ref="1:0:22:006b:0065:0012:005a0000:0:0:0:" name="AFN|sports 2" service_name="AFN|sports 2" provider="" sid="107" onid="18" tsid="101" />
    <channel service_ref="1:0:1:01f8:2134:009c:005a0000:0:0:0:" name="auto motor und sport channel" service_name="auto motor und sport channel" provider="KabelKiosk" sid="504" onid="156" tsid="8500" />
    <channel service_ref="1:0:25:00cd:14b4:009c:005a0000:0:0:0:" name="Eurosport 1 HD" service_name="Eurosport 1 HD" provider="BASIS 1" sid="205" onid="156" tsid="5300" />
    <channel service_ref="1:0:1:4ef1:21fc:009c:005a0000:0:0:0:" name="Eurosport 2" service_name="Eurosport 2" provider="KabelKiosk" sid="20209" onid="156" tsid="8700" />
    <channel service_ref="1:0:25:002c:1838:009e:005a0000:0:0:0:" name="M4 Sport HD" service_name="M4 Sport HD" provider="MTVA" sid="44" onid="158" tsid="6200" />
    <channel service_ref="1:0:25:0030:1838:009e:005a0000:0:0:0:" name="M4 Sport HD (Europa)" service_name="M4 Sport HD (Europa)" provider="MTVA" sid="48" onid="158" tsid="6200" />
    <channel service_ref="1:0:25:00ea:1644:009c:005a0000:0:0:0:" name="SPORT 1 HD" service_name="SPORT 1 HD" provider="BASIS 1" sid="234" onid="156" tsid="5700" />
    <channel service_ref="1:0:25:026f:206c:009c:005a0000:0:0:0:" name="SPORT1+ HD" service_name="SPORT1+ HD" provider="KabelKiosk" sid="623" onid="156" tsid="8300" />
    <channel service_ref="1:0:25:4eef:21fc:009c:005a0000:0:0:0:" name="sportdigital HD" service_name="sportdigital HD" provider="KabelKiosk" sid="20207" onid="156" tsid="8700" />
  </bouquet>
  <bouquet name="Kids" category="tv">
    <channel service_ref="1:0:25:01a4:1964:009c:005a0000:0:0:0:" name="Disney Channel HD" service_name="Disney Channel HD" provider="BASIS 1" sid="420" onid="156" tsid="6500" />
    <channel service_ref="1:0:1:00a6:19c8:009e:005a0000:0:0:0:" name="Disney Channel ME" service_name="Disney Channel ME" provider="ARC/DCM2 TSOIP" sid="166" onid="158" tsid="6600" />
  </bouquet>
  <bouquet name="Music" category="tv">
    <channel service_ref="1:0:1:00f6:14b4:009c:005a0000:0:0:0:" name="Deluxe Music" service_name="Deluxe Music" provider="BASIS 1" sid="246" onid="156" tsid="5300" />
    <channel service_ref="1:0:25:01a2:1964:009c:005a0000:0:0:0:" name="Deluxe Music HD" service_name="Deluxe Music HD" provider="BASIS 1" sid="418" onid="156" tsid="6500" />
    <channel service_ref="1:0:25:002b:1838:009e:005a0000:0:0:0:" name="Duna HD" service_name="Duna HD" provider="MTVA" sid="43" onid="158" tsid="6200" />
    <channel service_ref="1:0:25:002f:1838:009e:005a0000:0:0:0:" name="Duna HD (Europa)" service_name="Duna HD (Europa)" provider="MTVA" sid="47" onid="158" tsid="6200" />
    <channel service_ref="1:0:22:002d:1838:009e:005a0000:0:0:0:" name="Duna World SD" service_name="Duna World SD" provider="MTVA" sid="45" onid="158" tsid="6200" />
    <channel service_ref="1:0:25:0029:1838:009e:005a0000:0:0:0:" name="M1 HD" service_name="M1 HD" provider="MTVA" sid="41" onid="158" tsid="6200" />
    <channel service_ref="1:0:25:006f:1838:009e:005a0000:0:0:0:" name="M1 HD (Europa)" service_name="M1 HD (Europa)" provider="MTVA" sid="111" onid="158" tsid="6200" />
    <channel service_ref="1:0:25:002a:1838:009e:005a0000:0:0:0:" name="M2 HD" service_name="M2 HD" provider="MTVA" sid="42" onid="158" tsid="6200" />
    <channel service_ref="1:0:25:002e:1838:009e:005a0000:0:0:0:" name="M2 HD (Europa)" service_name="M2 HD (Europa)" provider="MTVA" sid="46" onid="158" tsid="6200" />
    <channel service_ref="1:0:1:006e:1838:009e:005a0000:0:0:0:" name="M3" service_name="M3" provider="MTVA" sid="110" onid="158" tsid="6200" />
    <channel service_ref="1:0:25:006a:1838:009e:005a0000:0:0:0:" name="M5 HD" service_name="M5 HD" provider="MTVA" sid="106" onid="158" tsid="6200" />
    <channel service_ref="1:0:25:004a:1838:009e:005a0000:0:0:0:" name="M5 HD (Europa)" service_name="M5 HD (Europa)" provider="MTVA" sid="74" onid="158" tsid="6200" />
    <channel service_ref="1:0:25:01fd:2134:009c:005a0000:0:0:0:" name="Mezzo Live HD" service_name="Mezzo Live HD" provider="KabelKiosk" sid="509" onid="156" tsid="8500" />
    <channel service_ref="1:0:25:00ca:14b4:009c:005a0000:0:0:0:" name="MTV HD" service_name="MTV HD" provider="BASIS 1" sid="202" onid="156" tsid="5300" />
    <channel service_ref="1:0:25:06a4:1fa4:009c:005a0000:0:0:0:" name="MTV Live HD" service_name="MTV Live HD" provider="KabelKiosk" sid="1700" onid="156" tsid="8100" />
    <channel service_ref="1:0:1:00d5:14b4:009c:005a0000:0:0:0:" name="NICK/MTV+" service_name="NICK/MTV+" provider="BASIS 1" sid="213" onid="156" tsid="5300" />
    <channel service_ref="1:0:25:00e9:1644:009c:005a0000:0:0:0:" name="NICK/MTV+ HD" service_name="NICK/MTV+ HD" provider="BASIS 1" sid="233" onid="156" tsid="5700" />
    <channel service_ref="1:0:1:00f3:14b4:009c:005a0000:0:0:0:" name="Deutsches Musik Fernsehen" service_name="Deutsches Musik Fernsehen" provider="BASIS 1" sid="243" onid="156" tsid="5300" />
  </bouquet>
  <bouquet name="Documentary" category="tv">
    <channel service_ref="1:0:25:02a0:1fa4:009c:005a0000:0:0:0:" name="Animal Planet HD" service_name="Animal Planet HD" provider="KabelKiosk" sid="672" onid="156" tsid="8100" />
    <channel service_ref="1:0:1:026f:1900:009c:005a0000:0:0:0:" name="CGTN Documentary" service_name="CGTN Documentary" provider="Globecast" sid="623" onid="156" tsid="6400" />
    <channel service_ref="1:0:1:010d:206c:009c:005a0000:0:0:0:" name="History" service_name="History" provider="KabelKiosk" sid="269" onid="156" tsid="8300" />
    <channel service_ref="1:0:25:026e:206c:009c:005a0000:0:0:0:" name="National Geographic HD" service_name="National Geographic HD" provider="KabelKiosk" sid="622" onid="156" tsid="8300" />
    <channel service_ref="1:0:1:09f6:1bbc:009c:005a0000:0:0:0:" name="RTR Planeta" service_name="RTR Planeta" provider="KabelKiosk" sid="2550" onid="156" tsid="7100" />
  </bouquet>
  <bouquet name="RTL" category="tv">
    <channel service_ref="1:0:25:0054:1edc:009c:005a0000:0:0:0:" name="NITRO HD" service_name="NITRO HD" provider="BASIS 1" sid="84" onid="156" tsid="7900" />
    <channel service_ref="1:0:25:01a1:1964:009c:005a0000:0:0:0:" name="RTL 2 HD" service_name="RTL 2 HD" provider="BASIS 2" sid="417" onid="156" tsid="6500" />
    <channel service_ref="1:0:25:012d:1edc:009c:005a0000:0:0:0:" name="RTL HD" service_name="RTL HD" provider="BASIS 1" sid="301" onid="156" tsid="7900" />
    <channel service_ref="1:0:25:00c4:1964:009c:005a0000:0:0:0:" name="SUPER RTL HD" service_name="SUPER RTL HD" provider="BASIS 2" sid="196" onid="156" tsid="6500" />
    <channel service_ref="1:0:25:012e:1edc:009c:005a0000:0:0:0:" name="VOX HD" service_name="VOX HD" provider="BASIS 1" sid="302" onid="156" tsid="7900" />
  </bouquet>
  <bouquet name="ProSiebenSat.1" category="tv">
    <channel service_ref="1:0:25:00c9:14b4:009c:005a0000:0:0:0:" name="ProSieben MAXX HD" service_name="ProSieben MAXX HD" provider="BASIS 1" sid="201" onid="156" tsid="5300" />
    <channel service_ref="1:0:25:012f:1edc:009c:005a0000:0:0:0:" name="SAT.1 HD" service_name="SAT.1 HD" provider="BASIS 1" sid="303" onid="156" tsid="7900" />
    <channel service_ref="1:0:25:01a0:1964:009c:005a0000:0:0:0:" name="sixx HD" service_name="sixx HD" provider="BASIS 2" sid="416" onid="156" tsid="6500" />
  </bouquet>
  <bouquet name="ARD/ZDF" category="tv">
    <channel service_ref="1:0:1:0dc3:16a8:009c:005a0000:0:0:0:" name="OPAP HR" service_name="OPAP HR" provider="Encoder" sid="3523" onid="156" tsid="5800" />
  </bouquet>
  <bouquet name="ServusTV" category="tv">
    <channel service_ref="1:0:1:00f5:14b4:009c:005a0000:0:0:0:" name="Servus TV" service_name="Servus TV" provider="BASIS 1" sid="245" onid="156" tsid="5300" />
  </bouquet>
  <bouquet name="BBC" category="tv">
    <channel service_ref="1:0:1:00f0:14b4:009c:005a0000:0:0:0:" name="BBC World" service_name="BBC World" provider="BASIS 1" sid="240" onid="156" tsid="5300" />
    <channel service_ref="1:0:1:00a5:19c8:009e:005a0000:0:0:0:" name="BBC_Entertainment_Europe" service_name="BBC_Entertainment_Europe" provider="Globecast" sid="165" onid="158" tsid="6600" />
  </bouquet>
  <bouquet name="RAI" category="tv">
    <channel service_ref="1:0:1:01f5:2134:009c:005a0000:0:0:0:" name="Mediaset Italia" service_name="Mediaset Italia" provider="KabelKiosk" sid="501" onid="156" tsid="8500" />
    <channel service_ref="1:0:1:0daf:16a8:009c:005a0000:0:0:0:" name="Rai Africa" service_name="Rai Africa" provider="Rai" sid="3503" onid="156" tsid="5800" />
    <channel service_ref="1:0:1:0daf:16a8:009c:005a0000:0:0:0:" name="Rai Africa" service_name="Rai Africa" provider="Rai" sid="3503" onid="156" tsid="5800" />
    <channel service_ref="1:0:1:00f2:1fa4:009c:005a0000:0:0:0:" name="RAI Tre" service_name="RAI Tre" provider="KabelKiosk" sid="242" onid="156" tsid="8100" />
    <channel service_ref="1:0:1:00ca:1fa4:009c:005a0000:0:0:0:" name="RAI Uno" service_name="RAI Uno" provider="KabelKiosk" sid="202" onid="156" tsid="8100" />
  </bouquet>
  <bouquet name="TF1" category="tv">
    <channel service_ref="1:0:1:00ca:19c8:009e:005a0000:0:0:0:" name="M6 Suisse HD" service_name="M6 Suisse HD" provider="GLOBECAST" sid="202" onid="158" tsid="6600" />
    <channel service_ref="1:0:1:01e8:1af4:009e:005a0000:0:0:0:" name="TV5MONDE France Belgique Suisse" service_name="TV5MONDE France Belgique Suisse" provider="Arqiva LTD" sid="488" onid="158" tsid="6900" />
  </bouquet>
  <bouquet name="Austria" category="tv">
    <channel service_ref="1:0:1:00de:1fa4:009c:005a0000:0:0:0:" name="ATV Avrupa" service_name="ATV Avrupa" provider="KabelKiosk" sid="222" onid="156" tsid="8100" />
  </bouquet>
  <bouquet name="Switzerland" category="tv">
    <channel service_ref="1:0:25:026c:206c:009c:005a0000:0:0:0:" name="13th Street HD" service_name="13th Street HD" provider="KabelKiosk" sid="620" onid="156" tsid="8300" />
    <channel service_ref="1:0:1:002f:170c:009e:005a0000:0:0:0:" name="Better-3" service_name="Better-3" provider="encoder" sid="47" onid="158" tsid="5900" />
    <channel service_ref="1:0:1:025c:c3c8:009e:005a0000:0:0:0:" name="Better-3" service_name="Better-3" provider="encoder" sid="604" onid="158" tsid="50120" />
    <channel service_ref="1:0:1:0db9:16a8:009c:005a0000:0:0:0:" name="EUROBET 13" service_name="EUROBET 13" provider="encoder" sid="3513" onid="156" tsid="5800" />
    <channel service_ref="1:0:1:0001:1770:0064:005a0000:0:0:0:" name="Fashion Television" service_name="Fashion Television" provider="RRsat" sid="1" onid="100" tsid="6000" />
    <channel service_ref="1:0:1:003a:1770:0064:005a0000:0:0:0:" name="Italy Service 3" service_name="Italy Service 3" provider="RRSat" sid="58" onid="100" tsid="6000" />
    <channel service_ref="1:0:1:003c:1770:0064:005a0000:0:0:0:" name="Italy Service 5" service_name="Italy Service 5" provider="RRsat" sid="60" onid="100" tsid="6000" />
    <channel service_ref="1:0:1:02d6:0001:0064:005a0000:0:0:0:" name="SISAL 3" service_name="SISAL 3" provider="Eutelsat" sid="726" onid="100" tsid="1" />
    <channel service_ref="1:0:1:073a:0001:0064:005a0000:0:0:0:" name="SISAL 5" service_name="SISAL 5" provider="Eutelsat" sid="1850" onid="100" tsid="1" />
    <channel service_ref="1:0:1:fffd:1bbc:009c:005a0000:0:0:0:" name="SWDL 65533" service_name="SWDL 65533" provider="KabelKiosk" sid="65533" onid="156" tsid="7100" />
    <channel service_ref="1:0:25:00e8:1644:009c:005a0000:0:0:0:" name="TELE 5 HD" service_name="TELE 5 HD" provider="BASIS 1" sid="232" onid="156" tsid="5700" />
    <channel service_ref="1:0:1:00c8:2134:009c:005a0000:0:0:0:" name="TeleBom/TeleDom" service_name="TeleBom/TeleDom" provider="KabelKiosk" sid="200" onid="156" tsid="8500" />
    <channel service_ref="1:0:1:000c:1770:0064:005a0000:0:0:0:" name="TIN_972737998873" service_name="TIN_972737998873" provider="RRSat" sid="12" onid="100" tsid="6000" />
    <channel service_ref="1:0:1:0dae:16a8:009c:005a0000:0:0:0:" name="Virtual Giallo" service_name="Virtual Giallo" provider="Telespazio" sid="3502" onid="156" tsid="5800" />
    <channel service_ref="1:0:1:0dad:16a8:009c:005a0000:0:0:0:" name="Virtual Verde" service_name="Virtual Verde" provider="Telespazio" sid="3501" onid="156" tsid="5800" />
  </bouquet>
  <bouquet name="Poland" category="tv">
    <channel service_ref="1:0:1:05dc:1fa4:009c:005a0000:0:0:0:" name="TV Polonia" service_name="TV Polonia" provider="KabelKiosk" sid="1500" onid="156" tsid="8100" />
  </bouquet>
  <bouquet name="Resolution - HD" category="tv">
    <channel service_ref="1:0:25:026c:206c:009c:005a0000:0:0:0:" name="13th Street HD" service_name="13th Street HD" provider="KabelKiosk" sid="620" onid="156" tsid="8300" />
    <channel service_ref="1:0:1:00cc:19c8:009e:005a0000:0:0:0:" name="6 TER Suisse HD" service_name="6 TER Suisse HD" provider="GLOBECAST" sid="204" onid="158" tsid="6600" />
    <channel service_ref="1:0:25:026a:206c:009c:005a0000:0:0:0:" name="A&amp;E HD" service_name="A&amp;E HD" provider="KabelKiosk" sid="618" onid="156" tsid="8300" />
    <channel service_ref="1:0:25:02a0:1fa4:009c:005a0000:0:0:0:" name="Animal Planet HD" service_name="Animal Planet HD" provider="KabelKiosk" sid="672" onid="156" tsid="8100" />
    <channel service_ref="1:0:25:4eeb:21fc:009c:005a0000:0:0:0:" name="AXN HD" service_name="AXN HD" provider="KabelKiosk" sid="20203" onid="156" tsid="8700" />
    <channel service_ref="1:0:25:01a3:1964:009c:005a0000:0:0:0:" name="Comedy Central HD" service_name="Comedy Central HD" provider="BASIS 1" sid="419" onid="156" tsid="6500" />
    <channel service_ref="1:0:25:01a2:1964:009c:005a0000:0:0:0:" name="Deluxe Music HD" service_name="Deluxe Music HD" provider="BASIS 1" sid="418" onid="156" tsid="6500" />
    <channel service_ref="1:0:25:4ef3:21fc:009c:005a0000:0:0:0:" name="Discovery Channel HD" service_name="Discovery Channel HD" provider="KabelKiosk" sid="20211" onid="156" tsid="8700" />
    <channel service_ref="1:0:25:01a4:1964:009c:005a0000:0:0:0:" name="Disney Channel HD" service_name="Disney Channel HD" provider="BASIS 1" sid="420" onid="156" tsid="6500" />
    <channel service_ref="1:0:25:00e7:1644:009c:005a0000:0:0:0:" name="DMAX HD" service_name="DMAX HD" provider="BASIS 1" sid="231" onid="156" tsid="5700" />
    <channel service_ref="1:0:25:002b:1838:009e:005a0000:0:0:0:" name="Duna HD" service_name="Duna HD" provider="MTVA" sid="43" onid="158" tsid="6200" />
    <channel service_ref="1:0:25:002f:1838:009e:005a0000:0:0:0:" name="Duna HD (Europa)" service_name="Duna HD (Europa)" provider="MTVA" sid="47" onid="158" tsid="6200" />
    <channel service_ref="1:0:25:01b1:170c:009e:005a0000:0:0:0:" name="EBS+HD" service_name="EBS+HD" provider="" sid="433" onid="158" tsid="5900" />
    <channel service_ref="1:0:25:00e9:170c:009e:005a0000:0:0:0:" name="EBSHD" service_name="EBSHD" provider="" sid="233" onid="158" tsid="5900" />
    <channel service_ref="1:0:25:00cd:14b4:009c:005a0000:0:0:0:" name="Eurosport 1 HD" service_name="Eurosport 1 HD" provider="BASIS 1" sid="205" onid="156" tsid="5300" />
    <channel service_ref="1:0:25:4ef6:21fc:009c:005a0000:0:0:0:" name="FOX HD" service_name="FOX HD" provider="KabelKiosk" sid="20214" onid="156" tsid="8700" />
    <channel service_ref="1:0:25:01f9:2134:009c:005a0000:0:0:0:" name="FUEL TV HD" service_name="FUEL TV HD" provider="KabelKiosk" sid="505" onid="156" tsid="8500" />
    <channel service_ref="1:0:25:00e6:1644:009c:005a0000:0:0:0:" name="Kabel eins HD" service_name="Kabel eins HD" provider="BASIS 1" sid="230" onid="156" tsid="5700" />
    <channel service_ref="1:0:1:0dbe:16a8:009c:005a0000:0:0:0:" name="Love Nature HD" service_name="Love Nature HD" provider="iKO Media Group" sid="3518" onid="156" tsid="5800" />
    <channel service_ref="1:0:25:0029:1838:009e:005a0000:0:0:0:" name="M1 HD" service_name="M1 HD" provider="MTVA" sid="41" onid="158" tsid="6200" />
    <channel service_ref="1:0:25:006f:1838:009e:005a0000:0:0:0:" name="M1 HD (Europa)" service_name="M1 HD (Europa)" provider="MTVA" sid="111" onid="158" tsid="6200" />
    <channel service_ref="1:0:25:002a:1838:009e:005a0000:0:0:0:" name="M2 HD" service_name="M2 HD" provider="MTVA" sid="42" onid="158" tsid="6200" />
    <channel service_ref="1:0:25:002e:1838:009e:005a0000:0:0:0:" name="M2 HD (Europa)" service_name="M2 HD (Europa)" provider="MTVA" sid="46" onid="158" tsid="6200" />
    <channel service_ref="1:0:25:002c:1838:009e:005a0000:0:0:0:" name="M4 Sport HD" service_name="M4 Sport HD" provider="MTVA" sid="44" onid="158" tsid="6200" />
    <channel service_ref="1:0:25:0030:1838:009e:005a0000:0:0:0:" name="M4 Sport HD (Europa)" service_name="M4 Sport HD (Europa)" provider="MTVA" sid="48" onid="158" tsid="6200" />
    <channel service_ref="1:0:25:006a:1838:009e:005a0000:0:0:0:" name="M5 HD" service_name="M5 HD" provider="MTVA" sid="106" onid="158" tsid="6200" />
    <channel service_ref="1:0:25:004a:1838:009e:005a0000:0:0:0:" name="M5 HD (Europa)" service_name="M5 HD (Europa)" provider="MTVA" sid="74" onid="158" tsid="6200" />
    <channel service_ref="1:0:1:00ca:19c8:009e:005a0000:0:0:0:" name="M6 Suisse HD" service_name="M6 Suisse HD" provider="GLOBECAST" sid="202" onid="158" tsid="6600" />
    <channel service_ref="1:0:25:01fd:2134:009c:005a0000:0:0:0:" name="Mezzo Live HD" service_name="Mezzo Live HD" provider="KabelKiosk" sid="509" onid="156" tsid="8500" />
    <channel service_ref="1:0:25:00ca:14b4:009c:005a0000:0:0:0:" name="MTV HD" service_name="MTV HD" provider="BASIS 1" sid="202" onid="156" tsid="5300" />
    <channel service_ref="1:0:25:06a4:1fa4:009c:005a0000:0:0:0:" name="MTV Live HD" service_name="MTV Live HD" provider="KabelKiosk" sid="1700" onid="156" tsid="8100" />
    <channel service_ref="1:0:25:02a0:170c:009e:005a0000:0:0:0:" name="myZen.tv HD" service_name="myZen.tv HD" provider="Eutelsat" sid="672" onid="158" tsid="5900" />
    <channel service_ref="1:0:25:0055:1edc:009c:005a0000:0:0:0:" name="n-tv HD" service_name="n-tv HD" provider="BASIS 1" sid="85" onid="156" tsid="7900" />
    <channel service_ref="1:0:25:026e:206c:009c:005a0000:0:0:0:" name="National Geographic HD" service_name="National Geographic HD" provider="KabelKiosk" sid="622" onid="156" tsid="8300" />
    <channel service_ref="1:0:25:00e9:1644:009c:005a0000:0:0:0:" name="NICK/MTV+ HD" service_name="NICK/MTV+ HD" provider="BASIS 1" sid="233" onid="156" tsid="5700" />
    <channel service_ref="1:0:25:0054:1edc:009c:005a0000:0:0:0:" name="NITRO HD" service_name="NITRO HD" provider="BASIS 1" sid="84" onid="156" tsid="7900" />
    <channel service_ref="1:0:25:0052:1edc:009c:005a0000:0:0:0:" name="PRO 7 HD" service_name="PRO 7 HD" provider="BASIS 1" sid="82" onid="156" tsid="7900" />
    <channel service_ref="1:0:25:0b54:1bbc:009c:005a0000:0:0:0:" name="Pro7 FUN HD" service_name="Pro7 FUN HD" provider="KabelKiosk" sid="2900" onid="156" tsid="7100" />
    <channel service_ref="1:0:25:00c9:14b4:009c:005a0000:0:0:0:" name="ProSieben MAXX HD" service_name="ProSieben MAXX HD" provider="BASIS 1" sid="201" onid="156" tsid="5300" />
    <channel service_ref="1:0:25:01a1:1964:009c:005a0000:0:0:0:" name="RTL 2 HD" service_name="RTL 2 HD" provider="BASIS 2" sid="417" onid="156" tsid="6500" />
    <channel service_ref="1:0:25:012d:1edc:009c:005a0000:0:0:0:" name="RTL HD" service_name="RTL HD" provider="BASIS 1" sid="301" onid="156" tsid="7900" />
    <channel service_ref="1:0:25:012f:1edc:009c:005a0000:0:0:0:" name="SAT.1 HD" service_name="SAT.1 HD" provider="BASIS 1" sid="303" onid="156" tsid="7900" />
    <channel service_ref="1:0:25:01a0:1964:009c:005a0000:0:0:0:" name="sixx HD" service_name="sixx HD" provider="BASIS 2" sid="416" onid="156" tsid="6500" />
    <channel service_ref="1:0:25:0faa:1bbc:009c:005a0000:0:0:0:" name="SONY CHANNEL HD" service_name="SONY CHANNEL HD" provider="KabelKiosk" sid="4010" onid="156" tsid="7100" />
    <channel service_ref="1:0:25:010c:206c:009c:005a0000:0:0:0:" name="Spiegel TV Wissen HD" service_name="Spiegel TV Wissen HD" provider="KabelKiosk" sid="268" onid="156" tsid="8300" />
    <channel service_ref="1:0:25:00ea:1644:009c:005a0000:0:0:0:" name="SPORT 1 HD" service_name="SPORT 1 HD" provider="BASIS 1" sid="234" onid="156" tsid="5700" />
    <channel service_ref="1:0:25:026f:206c:009c:005a0000:0:0:0:" name="SPORT1+ HD" service_name="SPORT1+ HD" provider="KabelKiosk" sid="623" onid="156" tsid="8300" />
    <channel service_ref="1:0:25:4eef:21fc:009c:005a0000:0:0:0:" name="sportdigital HD" service_name="sportdigital HD" provider="KabelKiosk" sid="20207" onid="156" tsid="8700" />
    <channel service_ref="1:0:25:00c4:1964:009c:005a0000:0:0:0:" name="SUPER RTL HD" service_name="SUPER RTL HD" provider="BASIS 2" sid="196" onid="156" tsid="6500" />
    <channel service_ref="1:0:25:026d:206c:009c:005a0000:0:0:0:" name="SyFy HD" service_name="SyFy HD" provider="KabelKiosk" sid="621" onid="156" tsid="8300" />
    <channel service_ref="1:0:25:00e8:1644:009c:005a0000:0:0:0:" name="TELE 5 HD" service_name="TELE 5 HD" provider="BASIS 1" sid="232" onid="156" tsid="5700" />
    <channel service_ref="1:0:25:00eb:1644:009c:005a0000:0:0:0:" name="TLC HD" service_name="TLC HD" provider="BASIS 1" sid="235" onid="156" tsid="5700" />
    <channel service_ref="1:0:25:012e:1edc:009c:005a0000:0:0:0:" name="VOX HD" service_name="VOX HD" provider="BASIS 1" sid="302" onid="156" tsid="7900" />
    <channel service_ref="1:0:1:00cd:19c8:009e:005a0000:0:0:0:" name="W9 Suisse HD" service_name="W9 Suisse HD" provider="GLOBECAST" sid="205" onid="158" tsid="6600" />
    <channel service_ref="1:0:25:00cb:14b4:009c:005a0000:0:0:0:" name="WELT HD" service_name="WELT HD" provider="BASIS 1" sid="203" onid="156" tsid="5300" />
  </bouquet>
  <bouquet name="Resolution - SD" category="tv">
    <channel service_ref="1:0:22:4eee:21fc:009c:005a0000:0:0:0:" name="Duck TV SD" service_name="Duck TV SD" provider="KabelKiosk" sid="20206" onid="156" tsid="8700" />
    <channel service_ref="1:0:22:002d:1838:009e:005a0000:0:0:0:" name="Duna World SD" service_name="Duna World SD" provider="MTVA" sid="45" onid="158" tsid="6200" />
    <channel service_ref="1:0:1:00cb:2134:009c:005a0000:0:0:0:" name="Playboy TV SD (20-06)" service_name="Playboy TV SD (20-06)" provider="KabelKiosk" sid="203" onid="156" tsid="8500" />
  </bouquet>
  <bouquet name="Shopping" category="tv">
    <channel service_ref="1:0:1:00cc:14b4:009c:005a0000:0:0:0:" name="Channel 21 Shop" service_name="Channel 21 Shop" provider="BASIS 1" sid="204" onid="156" tsid="5300" />
    <channel service_ref="1:0:1:00e4:14b4:009c:005a0000:0:0:0:" name="HSE 24 Extra" service_name="HSE 24 Extra" provider="BASIS 1" sid="228" onid="156" tsid="5300" />
  </bouquet>
  <bouquet name="Religion" category="tv">
    <channel service_ref="1:0:1:026b:1900:009c:005a0000:0:0:0:" name="CCTV-4" service_name="CCTV-4" provider="Globecast" sid="619" onid="156" tsid="6400" />
  </bouquet>
  <bouquet name="Adult" category="tv">
    <channel service_ref="1:0:1:01fc:2134:009c:005a0000:0:0:0:" name="Blue Hustler" service_name="Blue Hustler" provider="KabelKiosk" sid="508" onid="156" tsid="8500" />
    <channel service_ref="1:0:1:01f6:2134:009c:005a0000:0:0:0:" name="Playboy TV" service_name="Playboy TV" provider="KabelKiosk" sid="502" onid="156" tsid="8500" />
    <channel service_ref="1:0:1:00cb:2134:009c:005a0000:0:0:0:" name="Playboy TV SD (20-06)" service_name="Playboy TV SD (20-06)" provider="KabelKiosk" sid="203" onid="156" tsid="8500" />
  </bouquet>
  <bouquet name="International" category="tv">
    <channel service_ref="1:0:1:00cc:19c8:009e:005a0000:0:0:0:" name="6 TER Suisse HD" service_name="6 TER Suisse HD" provider="GLOBECAST" sid="204" onid="158" tsid="6600" />
    <channel service_ref="1:0:1:026e:1900:009c:005a0000:0:0:0:" name="CGTN-A" service_name="CGTN-A" provider="Globecast" sid="622" onid="156" tsid="6400" />
    <channel service_ref="1:0:1:026c:1900:009c:005a0000:0:0:0:" name="CGTN-E" service_name="CGTN-E" provider="Globecast" sid="620" onid="156" tsid="6400" />
    <channel service_ref="1:0:1:026d:1900:009c:005a0000:0:0:0:" name="CGTN-R" service_name="CGTN-R" provider="Globecast" sid="621" onid="156" tsid="6400" />
    <channel service_ref="1:0:1:044c:1fa4:009c:005a0000:0:0:0:" name="CNN TURK" service_name="CNN TURK" provider="KabelKiosk" sid="1100" onid="156" tsid="8100" />
    <channel service_ref="1:0:1:002c:1770:0064:005a0000:0:0:0:" name="Italy Service 2" service_name="Italy Service 2" provider="RRSat" sid="44" onid="100" tsid="6000" />
    <channel service_ref="1:0:1:00a8:19c8:009e:005a0000:0:0:0:" name="Karusel Int" service_name="Karusel Int" provider="GLOBECAST" sid="168" onid="158" tsid="6600" />
    <channel service_ref="1:0:1:00a2:19c8:009e:005a0000:0:0:0:" name="ORTM" service_name="ORTM" provider="GLOBECAST" sid="162" onid="158" tsid="6600" />
    <channel service_ref="1:0:1:006e:1900:009c:005a0000:0:0:0:" name="PTV Global" service_name="PTV Global" provider="Globecast" sid="110" onid="156" tsid="6400" />
    <channel service_ref="1:0:1:00a0:19c8:009e:005a0000:0:0:0:" name="RTG int" service_name="RTG int" provider="GLOBECAST" sid="160" onid="158" tsid="6600" />
    <channel service_ref="1:0:1:041a:1fa4:009c:005a0000:0:0:0:" name="Show Turk" service_name="Show Turk" provider="KabelKiosk" sid="1050" onid="156" tsid="8100" />
    <channel service_ref="1:0:1:060e:1fa4:009c:005a0000:0:0:0:" name="TRT-Turk TV" service_name="TRT-Turk TV" provider="KabelKiosk" sid="1550" onid="156" tsid="8100" />
    <channel service_ref="1:0:1:00a3:19c8:009e:005a0000:0:0:0:" name="Télé Sahel" service_name="Télé Sahel" provider="GLOBECAST" sid="163" onid="158" tsid="6600" />
    <channel service_ref="1:0:1:00cd:19c8:009e:005a0000:0:0:0:" name="W9 Suisse HD" service_name="W9 Suisse HD" provider="GLOBECAST" sid="205" onid="158" tsid="6600" />
  </bouquet>
  <bouquet name="Others" category="tv">
    <channel service_ref="1:0:25:026a:206c:009c:005a0000:0:0:0:" name="A&amp;E HD" service_name="A&amp;E HD" provider="KabelKiosk" sid="618" onid="156" tsid="8300" />
    <channel service_ref="1:0:25:006c:0065:0012:005a0000:0:0:0:" name="AFN|family" service_name="AFN|family" provider="" sid="108" onid="18" tsid="101" />
    <channel service_ref="1:0:25:002a:0065:0012:005a0000:0:0:0:" name="AFN|prime Atlantic" service_name="AFN|prime Atlantic" provider="" sid="42" onid="18" tsid="101" />
    <channel service_ref="1:0:25:002d:0065:0012:005a0000:0:0:0:" name="AFN|prime Pacific" service_name="AFN|prime Pacific" provider="" sid="45" onid="18" tsid="101" />
    <channel service_ref="1:0:25:006a:0065:0012:005a0000:0:0:0:" name="AFN|spectrum" service_name="AFN|spectrum" provider="" sid="106" onid="18" tsid="101" />
    <channel service_ref="1:0:25:4eeb:21fc:009c:005a0000:0:0:0:" name="AXN HD" service_name="AXN HD" provider="KabelKiosk" sid="20203" onid="156" tsid="8700" />
    <channel service_ref="1:0:25:00c0:0065:0012:005a0000:0:0:0:" name="Bars &amp; Tone" service_name="Bars &amp; Tone" provider="" sid="192" onid="18" tsid="101" />
    <channel service_ref="1:0:1:006f:170c:009e:005a0000:0:0:0:" name="Better-1" service_name="Better-1" provider="encoder" sid="111" onid="158" tsid="5900" />
    <channel service_ref="1:0:1:025a:c3c8:009e:005a0000:0:0:0:" name="Better-1" service_name="Better-1" provider="encoder" sid="602" onid="158" tsid="50120" />
    <channel service_ref="1:0:1:002e:170c:009e:005a0000:0:0:0:" name="Better-2" service_name="Better-2" provider="encoder" sid="46" onid="158" tsid="5900" />
    <channel service_ref="1:0:1:025b:c3c8:009e:005a0000:0:0:0:" name="Better-2" service_name="Better-2" provider="encoder" sid="603" onid="158" tsid="50120" />
    <channel service_ref="1:0:1:0030:170c:009e:005a0000:0:0:0:" name="Better-4" service_name="Better-4" provider="encoder" sid="48" onid="158" tsid="5900" />
    <channel service_ref="1:0:1:025d:c3c8:009e:005a0000:0:0:0:" name="Better-4" service_name="Better-4" provider="encoder" sid="605" onid="158" tsid="50120" />
    <channel service_ref="1:0:1:00f1:14b4:009c:005a0000:0:0:0:" name="Bloomberg" service_name="Bloomberg" provider="BASIS 1" sid="241" onid="156" tsid="5300" />
    <channel service_ref="1:0:1:0bb8:1bbc:009c:005a0000:0:0:0:" name="BonGusto" service_name="BonGusto" provider="KabelKiosk" sid="3000" onid="156" tsid="7100" />
    <channel service_ref="1:0:22:0095:c35a:009e:005a0000:0:0:0:" name="CAZ" service_name="CAZ" provider="Joyne" sid="149" onid="158" tsid="50010" />
    <channel service_ref="1:0:1:0b22:1bbc:009c:005a0000:0:0:0:" name="Channel One Russia" service_name="Channel One Russia" provider="KabelKiosk" sid="2850" onid="156" tsid="7100" />
    <channel service_ref="1:0:1:00d8:14b4:009c:005a0000:0:0:0:" name="Comedy Central" service_name="Comedy Central" provider="BASIS 1" sid="216" onid="156" tsid="5300" />
    <channel service_ref="1:0:25:01a3:1964:009c:005a0000:0:0:0:" name="Comedy Central HD" service_name="Comedy Central HD" provider="BASIS 1" sid="419" onid="156" tsid="6500" />
    <channel service_ref="1:0:25:4ef3:21fc:009c:005a0000:0:0:0:" name="Discovery Channel HD" service_name="Discovery Channel HD" provider="KabelKiosk" sid="20211" onid="156" tsid="8700" />
    <channel service_ref="1:0:1:01c3:1af4:009e:005a0000:0:0:0:" name="DISJ1_CEMA" service_name="DISJ1_CEMA" provider="Arqiva" sid="451" onid="158" tsid="6900" />
    <channel service_ref="1:0:25:00e7:1644:009c:005a0000:0:0:0:" name="DMAX HD" service_name="DMAX HD" provider="BASIS 1" sid="231" onid="156" tsid="5700" />
    <channel service_ref="1:0:22:4eee:21fc:009c:005a0000:0:0:0:" name="Duck TV SD" service_name="Duck TV SD" provider="KabelKiosk" sid="20206" onid="156" tsid="8700" />
    <channel service_ref="1:0:1:4eed:21fc:009c:005a0000:0:0:0:" name="E! Entertainment D" service_name="E! Entertainment D" provider="KabelKiosk" sid="20205" onid="156" tsid="8700" />
    <channel service_ref="1:0:25:01df:1af4:009e:005a0000:0:0:0:" name="E! Entertainment Europe" service_name="E! Entertainment Europe" provider="Arqiva" sid="479" onid="158" tsid="6900" />
    <channel service_ref="1:0:25:01b1:170c:009e:005a0000:0:0:0:" name="EBS+HD" service_name="EBS+HD" provider="" sid="433" onid="158" tsid="5900" />
    <channel service_ref="1:0:25:00e9:170c:009e:005a0000:0:0:0:" name="EBSHD" service_name="EBSHD" provider="" sid="233" onid="158" tsid="5900" />
    <channel service_ref="1:0:1:04b0:1fa4:009c:005a0000:0:0:0:" name="Euro D" service_name="Euro D" provider="KabelKiosk" sid="1200" onid="156" tsid="8100" />
    <channel service_ref="1:0:1:09c4:1bbc:009c:005a0000:0:0:0:" name="Euro Star" service_name="Euro Star" provider="KabelKiosk" sid="2500" onid="156" tsid="7100" />
    <channel service_ref="1:0:1:0db7:16a8:009c:005a0000:0:0:0:" name="EUROBET 11" service_name="EUROBET 11" provider="encoder" sid="3511" onid="156" tsid="5800" />
    <channel service_ref="1:0:1:0db8:16a8:009c:005a0000:0:0:0:" name="EUROBET 12" service_name="EUROBET 12" provider="encoder" sid="3512" onid="156" tsid="5800" />
    <channel service_ref="1:0:1:0dba:16a8:009c:005a0000:0:0:0:" name="EUROBET 14" service_name="EUROBET 14" provider="encoder" sid="3514" onid="156" tsid="5800" />
    <channel service_ref="1:0:1:01fa:2134:009c:005a0000:0:0:0:" name="Fix &amp; Foxi" service_name="Fix &amp; Foxi" provider="KabelKiosk" sid="506" onid="156" tsid="8500" />
    <channel service_ref="1:0:25:4ef6:21fc:009c:005a0000:0:0:0:" name="FOX HD" service_name="FOX HD" provider="KabelKiosk" sid="20214" onid="156" tsid="8700" />
    <channel service_ref="1:0:25:01f9:2134:009c:005a0000:0:0:0:" name="FUEL TV HD" service_name="FUEL TV HD" provider="KabelKiosk" sid="505" onid="156" tsid="8500" />
    <channel service_ref="1:0:1:4ef2:21fc:009c:005a0000:0:0:0:" name="Gute Laune TV" service_name="Gute Laune TV" provider="KabelKiosk" sid="20210" onid="156" tsid="8700" />
    <channel service_ref="1:0:1:0bea:1bbc:009c:005a0000:0:0:0:" name="Heimatkanal" service_name="Heimatkanal" provider="KabelKiosk" sid="3050" onid="156" tsid="7100" />
    <channel service_ref="1:0:1:000a:1770:0064:005a0000:0:0:0:" name="Holy God TV" service_name="Holy God TV" provider="RR Media" sid="10" onid="100" tsid="6000" />
    <channel service_ref="1:0:1:01f7:2134:009c:005a0000:0:0:0:" name="iTVN" service_name="iTVN" provider="KabelKiosk" sid="503" onid="156" tsid="8500" />
    <channel service_ref="1:0:25:00e6:1644:009c:005a0000:0:0:0:" name="Kabel eins HD" service_name="Kabel eins HD" provider="BASIS 1" sid="230" onid="156" tsid="5700" />
    <channel service_ref="1:0:1:047e:1fa4:009c:005a0000:0:0:0:" name="Kanal 7 avrupa" service_name="Kanal 7 avrupa" provider="KabelKiosk" sid="1150" onid="156" tsid="8100" />
    <channel service_ref="1:0:1:01ff:2134:009c:005a0000:0:0:0:" name="Kinomir" service_name="Kinomir" provider="KabelKiosk" sid="511" onid="156" tsid="8500" />
    <channel service_ref="1:0:1:0b86:1bbc:009c:005a0000:0:0:0:" name="Kinowelt TV" service_name="Kinowelt TV" provider="KabelKiosk" sid="2950" onid="156" tsid="7100" />
    <channel service_ref="1:0:1:0dbe:16a8:009c:005a0000:0:0:0:" name="Love Nature HD" service_name="Love Nature HD" provider="iKO Media Group" sid="3518" onid="156" tsid="5800" />
    <channel service_ref="1:0:25:01c8:1af4:009e:005a0000:0:0:0:" name="Luxe TV" service_name="Luxe TV" provider="Arqiva" sid="456" onid="158" tsid="6900" />
    <channel service_ref="1:0:1:0abe:1bbc:009c:005a0000:0:0:0:" name="Marco Polo TV" service_name="Marco Polo TV" provider="KabelKiosk" sid="2750" onid="156" tsid="7100" />
    <channel service_ref="1:0:25:02a0:170c:009e:005a0000:0:0:0:" name="myZen.tv HD" service_name="myZen.tv HD" provider="Eutelsat" sid="672" onid="158" tsid="5900" />
    <channel service_ref="1:0:25:0055:1edc:009c:005a0000:0:0:0:" name="n-tv HD" service_name="n-tv HD" provider="BASIS 1" sid="85" onid="156" tsid="7900" />
    <channel service_ref="1:0:22:019b:c40e:009e:005a0000:0:0:0:" name="NashvilleTV" service_name="NashvilleTV" provider="Joyne" sid="411" onid="158" tsid="50190" />
    <channel service_ref="1:0:1:010b:206c:009c:005a0000:0:0:0:" name="Nick Jr." service_name="Nick Jr." provider="KabelKiosk" sid="267" onid="156" tsid="8300" />
    <channel service_ref="1:0:22:019d:c40e:009e:005a0000:0:0:0:" name="NL Regionaal 1" service_name="NL Regionaal 1" provider="Joyne" sid="413" onid="158" tsid="50190" />
    <channel service_ref="1:0:22:019e:c40e:009e:005a0000:0:0:0:" name="NL Regionaal 2" service_name="NL Regionaal 2" provider="Joyne" sid="414" onid="158" tsid="50190" />
    <channel service_ref="1:0:1:000b:1770:0064:005a0000:0:0:0:" name="NLM TV" service_name="NLM TV" provider="RRSat" sid="11" onid="100" tsid="6000" />
    <channel service_ref="1:0:22:01cc:1af4:009e:005a0000:0:0:0:" name="NTDTV" service_name="NTDTV" provider="ARQIVA" sid="460" onid="158" tsid="6900" />
    <channel service_ref="1:0:1:0dc2:16a8:009c:005a0000:0:0:0:" name="OPAP MG" service_name="OPAP MG" provider="encoder" sid="3522" onid="156" tsid="5800" />
    <channel service_ref="1:0:1:0dc1:16a8:009c:005a0000:0:0:0:" name="OPAP VG1" service_name="OPAP VG1" provider="encoder" sid="3521" onid="156" tsid="5800" />
    <channel service_ref="1:0:1:0dbb:16a8:009c:005a0000:0:0:0:" name="ORTB TV" service_name="ORTB TV" provider="" sid="3515" onid="156" tsid="5800" />
    <channel service_ref="1:0:1:01fe:2134:009c:005a0000:0:0:0:" name="OstWest" service_name="OstWest" provider="KabelKiosk" sid="510" onid="156" tsid="8500" />
    <channel service_ref="1:0:25:01fb:2134:009c:005a0000:0:0:0:" name="Penthouse Passion" service_name="Penthouse Passion" provider="KabelKiosk" sid="507" onid="156" tsid="8500" />
    <channel service_ref="1:0:25:00c9:2134:009c:005a0000:0:0:0:" name="Penthouse Passion (20-06)" service_name="Penthouse Passion (20-06)" provider="KabelKiosk" sid="201" onid="156" tsid="8500" />
    <channel service_ref="1:0:25:0052:1edc:009c:005a0000:0:0:0:" name="PRO 7 HD" service_name="PRO 7 HD" provider="BASIS 1" sid="82" onid="156" tsid="7900" />
    <channel service_ref="1:0:25:0b54:1bbc:009c:005a0000:0:0:0:" name="Pro7 FUN HD" service_name="Pro7 FUN HD" provider="KabelKiosk" sid="2900" onid="156" tsid="7100" />
    <channel service_ref="1:0:25:00bf:0065:0012:005a0000:0:0:0:" name="Reaper (EPG Video)" service_name="Reaper (EPG Video)" provider="" sid="191" onid="18" tsid="101" />
    <channel service_ref="1:0:1:4eea:21fc:009c:005a0000:0:0:0:" name="Romance TV" service_name="Romance TV" provider="KabelKiosk" sid="20202" onid="156" tsid="8700" />
    <channel service_ref="1:0:1:000c:170c:009e:005a0000:0:0:0:" name="RTB Radio" service_name="RTB Radio" provider="" sid="12" onid="158" tsid="5900" />
    <channel service_ref="1:0:1:000b:170c:009e:005a0000:0:0:0:" name="RTB TV" service_name="RTB TV" provider="" sid="11" onid="158" tsid="5900" />
    <channel service_ref="1:0:1:0db5:16a8:009c:005a0000:0:0:0:" name="RTI" service_name="RTI" provider="" sid="3509" onid="156" tsid="5800" />
    <channel service_ref="1:0:1:0dbf:16a8:009c:005a0000:0:0:0:" name="RTS 1" service_name="RTS 1" provider="Scopus Network Technologies" sid="3519" onid="156" tsid="5800" />
    <channel service_ref="1:0:25:0029:170c:009e:005a0000:0:0:0:" name="RTS2" service_name="RTS2" provider="aCAN Group" sid="41" onid="158" tsid="5900" />
    <channel service_ref="1:0:22:019a:c40e:009e:005a0000:0:0:0:" name="SchlagerTV" service_name="SchlagerTV" provider="Joyne" sid="410" onid="158" tsid="50190" />
    <channel service_ref="1:0:1:0fa0:1bbc:009c:005a0000:0:0:0:" name="Silverline" service_name="Silverline" provider="KabelKiosk" sid="4000" onid="156" tsid="7100" />
    <channel service_ref="1:0:1:02c8:0001:0064:005a0000:0:0:0:" name="SISAL 1" service_name="SISAL 1" provider="Eutelsat" sid="712" onid="100" tsid="1" />
    <channel service_ref="1:0:1:071c:0001:0064:005a0000:0:0:0:" name="SISAL 2" service_name="SISAL 2" provider="Eutelsat" sid="1820" onid="100" tsid="1" />
    <channel service_ref="1:0:1:02da:0001:0064:005a0000:0:0:0:" name="SISAL 4" service_name="SISAL 4" provider="Eutelsat" sid="730" onid="100" tsid="1" />
    <channel service_ref="1:0:25:0faa:1bbc:009c:005a0000:0:0:0:" name="SONY CHANNEL HD" service_name="SONY CHANNEL HD" provider="KabelKiosk" sid="4010" onid="156" tsid="7100" />
    <channel service_ref="1:0:25:010c:206c:009c:005a0000:0:0:0:" name="Spiegel TV Wissen HD" service_name="Spiegel TV Wissen HD" provider="KabelKiosk" sid="268" onid="156" tsid="8300" />
    <channel service_ref="1:0:1:002a:1770:0064:005a0000:0:0:0:" name="Star Vijay" service_name="Star Vijay" provider="RRsat" sid="42" onid="100" tsid="6000" />
    <channel service_ref="1:0:25:026d:206c:009c:005a0000:0:0:0:" name="SyFy HD" service_name="SyFy HD" provider="KabelKiosk" sid="621" onid="156" tsid="8300" />
    <channel service_ref="1:0:25:00eb:1644:009c:005a0000:0:0:0:" name="TLC HD" service_name="TLC HD" provider="BASIS 1" sid="235" onid="156" tsid="5700" />
    <channel service_ref="1:0:22:00c7:c40e:009e:005a0000:0:0:0:" name="TV Oranje" service_name="TV Oranje" provider="Joyne" sid="199" onid="158" tsid="50190" />
    <channel service_ref="1:0:1:04e2:1fa4:009c:005a0000:0:0:0:" name="TV8 Int" service_name="TV8 Int" provider="KabelKiosk" sid="1250" onid="156" tsid="8100" />
    <channel service_ref="1:0:22:000e:170c:009e:005a0000:0:0:0:" name="TVT International" service_name="TVT International" provider="TVT" sid="14" onid="158" tsid="5900" />
    <channel service_ref="1:0:1:046a:1af4:009e:005a0000:0:0:0:" name="Vivolta" service_name="Vivolta" provider="Arqiva" sid="1130" onid="158" tsid="6900" />
    <channel service_ref="1:0:25:00cb:14b4:009c:005a0000:0:0:0:" name="WELT HD" service_name="WELT HD" provider="BASIS 1" sid="203" onid="156" tsid="5300" />
    <channel service_ref="1:0:1:0118:1fa4:009c:005a0000:0:0:0:" name="wetter.com TV" service_name="wetter.com TV" provider="KabelKiosk" sid="280" onid="156" tsid="8100" />
  </bouquet>
  <bouquet name="PayTV - Sky - DE - HD" category="tv">
    <channel service_ref="1:0:25:026c:206c:009c:005a0000:0:0:0:" name="13th Street HD" service_name="13th Street HD" provider="KabelKiosk" sid="620" onid="156" tsid="8300" />
    <channel service_ref="1:0:1:4eed:21fc:009c:005a0000:0:0:0:" name="E! Entertainment D" service_name="E! Entertainment D" provider="KabelKiosk" sid="20205" onid="156" tsid="8700" />
    <channel service_ref="1:0:25:01df:1af4:009e:005a0000:0:0:0:" name="E! Entertainment Europe" service_name="E! Entertainment Europe" provider="Arqiva" sid="479" onid="158" tsid="6900" />
    <channel service_ref="1:0:25:026d:206c:009c:005a0000:0:0:0:" name="SyFy HD" service_name="SyFy HD" provider="KabelKiosk" sid="621" onid="156" tsid="8300" />
  </bouquet>
  <bouquet name="Radio" category="radio">
    <channel service_ref="1:0:2:01b7:c40e:009e:005a0000:0:0:0:" name="100% NL" service_name="100% NL" provider="Joyne" sid="439" onid="158" tsid="50190" />
    <channel service_ref="1:0:2:004e:0065:0012:005a0000:0:0:0:" name="AFN Atlantic Eagle" service_name="AFN Atlantic Eagle" provider="" sid="78" onid="18" tsid="101" />
    <channel service_ref="1:0:2:0036:0065:0012:005a0000:0:0:0:" name="AFN Contingency" service_name="AFN Contingency" provider="" sid="54" onid="18" tsid="101" />
    <channel service_ref="1:0:2:0033:0065:0012:005a0000:0:0:0:" name="AFN Country" service_name="AFN Country" provider="" sid="51" onid="18" tsid="101" />
    <channel service_ref="1:0:2:007c:0065:0012:005a0000:0:0:0:" name="AFN Fans" service_name="AFN Fans" provider="" sid="124" onid="18" tsid="101" />
    <channel service_ref="1:0:2:0032:0065:0012:005a0000:0:0:0:" name="AFN Gravity" service_name="AFN Gravity" provider="" sid="50" onid="18" tsid="101" />
    <channel service_ref="1:0:2:007d:0065:0012:005a0000:0:0:0:" name="AFN Hot AC" service_name="AFN Hot AC" provider="" sid="125" onid="18" tsid="101" />
    <channel service_ref="1:0:2:007f:0065:0012:005a0000:0:0:0:" name="AFN Joe FM" service_name="AFN Joe FM" provider="" sid="127" onid="18" tsid="101" />
    <channel service_ref="1:0:2:007e:0065:0012:005a0000:0:0:0:" name="AFN Legacy" service_name="AFN Legacy" provider="" sid="126" onid="18" tsid="101" />
    <channel service_ref="1:0:2:0035:0065:0012:005a0000:0:0:0:" name="AFN Seasonal" service_name="AFN Seasonal" provider="" sid="53" onid="18" tsid="101" />
    <channel service_ref="1:0:2:0039:0065:0012:005a0000:0:0:0:" name="Aviano Eagle" service_name="Aviano Eagle" provider="" sid="57" onid="18" tsid="101" />
    <channel service_ref="1:0:2:0073:1900:009c:005a0000:0:0:0:" name="Babcock FM Feed 1" service_name="Babcock FM Feed 1" provider="Globecast" sid="115" onid="156" tsid="6400" />
    <channel service_ref="1:0:2:003f:1838:009e:005a0000:0:0:0:" name="Bartok Radio (AAC)" service_name="Bartok Radio (AAC)" provider="MTVA" sid="63" onid="158" tsid="6200" />
    <channel service_ref="1:0:2:00a3:1838:009e:005a0000:0:0:0:" name="Bartok Radio (L2)" service_name="Bartok Radio (L2)" provider="MTVA" sid="163" onid="158" tsid="6200" />
    <channel service_ref="1:0:2:003a:0065:0012:005a0000:0:0:0:" name="Bavaria Eagle" service_name="Bavaria Eagle" provider="" sid="58" onid="18" tsid="101" />
    <channel service_ref="1:0:2:003b:0065:0012:005a0000:0:0:0:" name="Benelux Eagle" service_name="Benelux Eagle" provider="" sid="59" onid="18" tsid="101" />
    <channel service_ref="1:0:2:065e:0001:0064:005a0000:0:0:0:" name="Carrefour Iper" service_name="Carrefour Iper" provider="Eutelsat" sid="1630" onid="100" tsid="1" />
    <channel service_ref="1:0:2:029c:0001:0064:005a0000:0:0:0:" name="Carrefour Market" service_name="Carrefour Market" provider="Eutelsat" sid="668" onid="100" tsid="1" />
    <channel service_ref="1:0:2:007b:0065:0012:005a0000:0:0:0:" name="Clutch Sports Radio" service_name="Clutch Sports Radio" provider="" sid="123" onid="18" tsid="101" />
    <channel service_ref="1:0:2:00a8:1838:009e:005a0000:0:0:0:" name="D192ser" service_name="D192ser" provider="MTVA" sid="168" onid="158" tsid="6200" />
    <channel service_ref="1:0:2:009c:1838:009e:005a0000:0:0:0:" name="Danko Radio (AAC)" service_name="Danko Radio (AAC)" provider="MTVA" sid="156" onid="158" tsid="6200" />
    <channel service_ref="1:0:2:00a6:1838:009e:005a0000:0:0:0:" name="Danko Radio (L2)" service_name="Danko Radio (L2)" provider="MTVA" sid="166" onid="158" tsid="6200" />
    <channel service_ref="1:0:2:009d:1838:009e:005a0000:0:0:0:" name="Duna World Radio (AAC)" service_name="Duna World Radio (AAC)" provider="MTVA" sid="157" onid="158" tsid="6200" />
    <channel service_ref="1:0:2:0037:0065:0012:005a0000:0:0:0:" name="Freedom Radio" service_name="Freedom Radio" provider="" sid="55" onid="18" tsid="101" />
    <channel service_ref="1:0:2:033e:c35a:009e:005a0000:0:0:0:" name="Groot nieuws Radio" service_name="Groot nieuws Radio" provider="Joyne" sid="830" onid="158" tsid="50010" />
    <channel service_ref="1:0:2:008a:0065:0012:005a0000:0:0:0:" name="Incirlik Eagle" service_name="Incirlik Eagle" provider="" sid="138" onid="18" tsid="101" />
    <channel service_ref="1:0:2:033b:c35a:009e:005a0000:0:0:0:" name="Joe" service_name="Joe" provider="Joyne" sid="827" onid="158" tsid="50010" />
    <channel service_ref="1:0:2:00a7:1838:009e:005a0000:0:0:0:" name="K192ser" service_name="K192ser" provider="MTVA" sid="167" onid="158" tsid="6200" />
    <channel service_ref="1:0:2:008b:0065:0012:005a0000:0:0:0:" name="Kaiserslautern Eagle" service_name="Kaiserslautern Eagle" provider="" sid="139" onid="18" tsid="101" />
    <channel service_ref="1:0:2:009e:1838:009e:005a0000:0:0:0:" name="Katolikus Radio (AAC)" service_name="Katolikus Radio (AAC)" provider="Katolikus Radio" sid="158" onid="158" tsid="6200" />
    <channel service_ref="1:0:2:0097:c35a:009e:005a0000:0:0:0:" name="Klara" service_name="Klara" provider="Joyne" sid="151" onid="158" tsid="50010" />
    <channel service_ref="1:0:2:0098:c35a:009e:005a0000:0:0:0:" name="Klara Continuo" service_name="Klara Continuo" provider="Joyne" sid="152" onid="158" tsid="50010" />
    <channel service_ref="1:0:2:003d:1838:009e:005a0000:0:0:0:" name="Kossuth Radio (AAC)" service_name="Kossuth Radio (AAC)" provider="MTVA" sid="61" onid="158" tsid="6200" />
    <channel service_ref="1:0:2:00a1:1838:009e:005a0000:0:0:0:" name="Kossuth Radio (L2)" service_name="Kossuth Radio (L2)" provider="MTVA" sid="161" onid="158" tsid="6200" />
    <channel service_ref="1:0:2:00a4:19c8:009e:005a0000:0:0:0:" name="La Voix Du Sahel" service_name="La Voix Du Sahel" provider="GLOBECAST" sid="164" onid="158" tsid="6600" />
    <channel service_ref="1:0:2:014e:c35a:009e:005a0000:0:0:0:" name="MNM" service_name="MNM" provider="Joyne" sid="334" onid="158" tsid="50010" />
    <channel service_ref="1:0:2:014f:c35a:009e:005a0000:0:0:0:" name="MNM Hits" service_name="MNM Hits" provider="Joyne" sid="335" onid="158" tsid="50010" />
    <channel service_ref="1:0:2:008c:0065:0012:005a0000:0:0:0:" name="Naples Eagle" service_name="Naples Eagle" provider="" sid="140" onid="18" tsid="101" />
    <channel service_ref="1:0:2:009a:1838:009e:005a0000:0:0:0:" name="Nemzetisegi Radio (AAC)" service_name="Nemzetisegi Radio (AAC)" provider="MTVA" sid="154" onid="158" tsid="6200" />
    <channel service_ref="1:0:2:033c:c35a:009e:005a0000:0:0:0:" name="Nostalgie" service_name="Nostalgie" provider="Joyne" sid="828" onid="158" tsid="50010" />
    <channel service_ref="1:0:2:01b1:c40e:009e:005a0000:0:0:0:" name="NPO Radio 1" service_name="NPO Radio 1" provider="Joyne" sid="433" onid="158" tsid="50190" />
    <channel service_ref="1:0:2:01b2:c40e:009e:005a0000:0:0:0:" name="NPO Radio 2" service_name="NPO Radio 2" provider="Joyne" sid="434" onid="158" tsid="50190" />
    <channel service_ref="1:0:2:01b3:c40e:009e:005a0000:0:0:0:" name="NPO Radio 3" service_name="NPO Radio 3" provider="Joyne" sid="435" onid="158" tsid="50190" />
    <channel service_ref="1:0:2:01b4:c40e:009e:005a0000:0:0:0:" name="NPO Radio 4" service_name="NPO Radio 4" provider="Joyne" sid="436" onid="158" tsid="50190" />
    <channel service_ref="1:0:2:01b5:c40e:009e:005a0000:0:0:0:" name="NPO Radio 5" service_name="NPO Radio 5" provider="Joyne" sid="437" onid="158" tsid="50190" />
    <channel service_ref="1:0:2:0034:0065:0012:005a0000:0:0:0:" name="NPR International" service_name="NPR International" provider="" sid="52" onid="18" tsid="101" />
    <channel service_ref="1:0:2:009b:1838:009e:005a0000:0:0:0:" name="Parlamenti Radio (AAC)" service_name="Parlamenti Radio (AAC)" provider="MTVA" sid="155" onid="158" tsid="6200" />
    <channel service_ref="1:0:2:003e:1838:009e:005a0000:0:0:0:" name="Petofi Radio (AAC)" service_name="Petofi Radio (AAC)" provider="MTVA" sid="62" onid="158" tsid="6200" />
    <channel service_ref="1:0:2:00a2:1838:009e:005a0000:0:0:0:" name="Petofi Radio (L2)" service_name="Petofi Radio (L2)" provider="MTVA" sid="162" onid="158" tsid="6200" />
    <channel service_ref="1:0:2:007a:0065:0012:005a0000:0:0:0:" name="Power Talk" service_name="Power Talk" provider="" sid="122" onid="18" tsid="101" />
    <channel service_ref="1:0:2:033a:c35a:009e:005a0000:0:0:0:" name="Q Music" service_name="Q Music" provider="Joyne" sid="826" onid="158" tsid="50010" />
    <channel service_ref="1:0:2:01b9:c40e:009e:005a0000:0:0:0:" name="Radio 538" service_name="Radio 538" provider="Joyne" sid="441" onid="158" tsid="50190" />
    <channel service_ref="1:0:2:033d:c35a:009e:005a0000:0:0:0:" name="Radio Continu" service_name="Radio Continu" provider="Joyne" sid="829" onid="158" tsid="50010" />
    <channel service_ref="1:0:2:01b6:c40e:009e:005a0000:0:0:0:" name="Radio NL" service_name="Radio NL" provider="Joyne" sid="438" onid="158" tsid="50190" />
    <channel service_ref="1:0:2:06a4:0001:0064:005a0000:0:0:0:" name="RADIO WE" service_name="RADIO WE" provider="" sid="1700" onid="100" tsid="1" />
    <channel service_ref="1:0:2:064a:0001:0064:005a0000:0:0:0:" name="Ros * Ros" service_name="Ros * Ros" provider="Eutelsat" sid="1610" onid="100" tsid="1" />
    <channel service_ref="1:0:2:028e:0001:0064:005a0000:0:0:0:" name="Ros * Ros Selex" service_name="Ros * Ros Selex" provider="Eutelsat" sid="654" onid="100" tsid="1" />
    <channel service_ref="1:0:2:008d:0065:0012:005a0000:0:0:0:" name="Rota Eagle" service_name="Rota Eagle" provider="" sid="141" onid="18" tsid="101" />
    <channel service_ref="1:0:2:0dc0:16a8:009c:005a0000:0:0:0:" name="RSI" service_name="RSI" provider="Scopus Network Technologies" sid="3520" onid="156" tsid="5800" />
    <channel service_ref="1:0:2:005e:0065:0012:005a0000:0:0:0:" name="Sembach Afternoon Radio" service_name="Sembach Afternoon Radio" provider="" sid="94" onid="18" tsid="101" />
    <channel service_ref="1:0:2:01b8:c40e:009e:005a0000:0:0:0:" name="Sky Radio" service_name="Sky Radio" provider="Joyne" sid="440" onid="158" tsid="50190" />
    <channel service_ref="1:0:2:008e:0065:0012:005a0000:0:0:0:" name="Souda Bay Eagle" service_name="Souda Bay Eagle" provider="" sid="142" onid="18" tsid="101" />
    <channel service_ref="1:0:2:008f:0065:0012:005a0000:0:0:0:" name="Spangdahlem Eagle" service_name="Spangdahlem Eagle" provider="" sid="143" onid="18" tsid="101" />
    <channel service_ref="1:0:2:0099:c35a:009e:005a0000:0:0:0:" name="Sporza" service_name="Sporza" provider="Joyne" sid="153" onid="158" tsid="50010" />
    <channel service_ref="1:0:2:0096:c35a:009e:005a0000:0:0:0:" name="Studio Brussel" service_name="Studio Brussel" provider="Joyne" sid="150" onid="158" tsid="50010" />
    <channel service_ref="1:0:2:005a:0065:0012:005a0000:0:0:0:" name="Stuttgart Eagle" service_name="Stuttgart Eagle" provider="" sid="90" onid="18" tsid="101" />
    <channel service_ref="1:0:2:004f:0065:0012:005a0000:0:0:0:" name="The Voice" service_name="The Voice" provider="" sid="79" onid="18" tsid="101" />
    <channel service_ref="1:0:2:0dc4:16a8:009c:005a0000:0:0:0:" name="TRT Tamil Oli" service_name="TRT Tamil Oli" provider="iKOMG" sid="3524" onid="156" tsid="5800" />
    <channel service_ref="1:0:2:000f:170c:009e:005a0000:0:0:0:" name="TVT Radio 1 (Radio Lome)" service_name="TVT Radio 1 (Radio Lome)" provider="" sid="15" onid="158" tsid="5900" />
    <channel service_ref="1:0:2:000a:170c:009e:005a0000:0:0:0:" name="TVT Radio 2 (Radio Kara)" service_name="TVT Radio 2 (Radio Kara)" provider="" sid="10" onid="158" tsid="5900" />
    <channel service_ref="1:0:2:01ba:c40e:009e:005a0000:0:0:0:" name="Veronica" service_name="Veronica" provider="Joyne" sid="442" onid="158" tsid="50190" />
    <channel service_ref="1:0:2:005b:0065:0012:005a0000:0:0:0:" name="Vicenza Eagle" service_name="Vicenza Eagle" provider="" sid="91" onid="18" tsid="101" />
    <channel service_ref="1:0:2:014d:c35a:009e:005a0000:0:0:0:" name="VRT NMS" service_name="VRT NMS" provider="Joyne" sid="333" onid="158" tsid="50010" />
    <channel service_ref="1:0:2:014b:c35a:009e:005a0000:0:0:0:" name="VRT Radio 1" service_name="VRT Radio 1" provider="Joyne" sid="331" onid="158" tsid="50010" />
    <channel service_ref="1:0:2:014c:c35a:009e:005a0000:0:0:0:" name="VRT Radio 2" service_name="VRT Radio 2" provider="Joyne" sid="332" onid="158" tsid="50010" />
    <channel service_ref="1:0:2:005c:0065:0012:005a0000:0:0:0:" name="Weisbaden Eagle" service_name="Weisbaden Eagle" provider="" sid="92" onid="18" tsid="101" />
  </bouquet>
  <bouquet name="Radio - Music" category="radio">
    <channel service_ref="1:0:2:007f:0065:0012:005a0000:0:0:0:" name="AFN Joe FM" service_name="AFN Joe FM" provider="" sid="127" onid="18" tsid="101" />
    <channel service_ref="1:0:2:0073:1900:009c:005a0000:0:0:0:" name="Babcock FM Feed 1" service_name="Babcock FM Feed 1" provider="Globecast" sid="115" onid="156" tsid="6400" />
    <channel service_ref="1:0:2:014f:c35a:009e:005a0000:0:0:0:" name="MNM Hits" service_name="MNM Hits" provider="Joyne" sid="335" onid="158" tsid="50010" />
    <channel service_ref="1:0:2:033a:c35a:009e:005a0000:0:0:0:" name="Q Music" service_name="Q Music" provider="Joyne" sid="826" onid="158" tsid="50010" />
  </bouquet>
  <bouquet name="Radio - News" category="radio">
    <channel service_ref="1:0:2:0034:0065:0012:005a0000:0:0:0:" name="NPR International" service_name="NPR International" provider="" sid="52" onid="18" tsid="101" />
  </bouquet>
  <bouquet name="Radio - Regional" category="radio">
    <channel service_ref="1:0:2:0096:c35a:009e:005a0000:0:0:0:" name="Studio Brussel" service_name="Studio Brussel" provider="Joyne" sid="150" onid="158" tsid="50010" />
  </bouquet>
</zapit>
