{
  "api_version": 4,
  "bouquet_count": "486",
  "category": "sat",
  "deduplicated_services": "0",
  "display_name": "Astra-19.2E",
  "lamedb_version": "4",
  "last_seen": "unknown",
  "satellite_code": "S19.2E",
  "service_count": "3261",
  "source": "work/ingest/oe-alliance/vhannibal.trial/enigma2",
  "stale": "unknown",
  "stats": "{\"bouquet_count\": 43, \"cable_services\": 0, \"radio_services\": 588, \"sat_services\": 3261, \"terrestrial_services\": 0, \"total_services\": 3261}",
  "thresholds": "{\"cable\": 20, \"sat\": 50, \"terrestrial\": 20}",
  "transponder_count": "224"
}