<?xml version='1.0' encoding='utf-8'?>
<zapit api="4">
  <terrestrials>
    <terrestrial key="eeee0000:240d:217c" name="MSP" namespace="0xeeee0000">
      <transponder key="eeee0000:240d:217c" frequency="778000000" symbol_rate="0" polarization="H" fec="5" system="0" modulation="4">
        <service id="0x000c" sid="12" name="Babayaga Tv" type="1" provider="MSP" onid="8572" tsid="9229" namespace="0xeeee0000" />
        <service id="0x0004" sid="4" name="CHIESA TV" type="1" provider="MSP" onid="8572" tsid="9229" namespace="0xeeee0000" />
        <service id="0x0001" sid="1" name="TELENOVA" type="1" provider="MSP" onid="8572" tsid="9229" namespace="0xeeee0000" />
        <service id="0x001b" sid="27" name="TELENOVA 2" type="1" provider="MSP" onid="8572" tsid="9229" namespace="0xeeee0000" />
        <service id="0x000d" sid="13" name="Telenova 4" type="1" provider="MSP" onid="8572" tsid="9229" namespace="0xeeee0000" />
        <service id="0x0005" sid="5" name="Telenova 5" type="1" provider="MSP" onid="8572" tsid="9229" namespace="0xeeee0000" />
        <service id="0x000a" sid="10" name="Telenova+1" type="1" provider="MSP" onid="8572" tsid="9229" namespace="0xeeee0000" />
        <service id="0x000e" sid="14" name="Radio Marconi" type="2" provider="MSP" onid="8572" tsid="9229" namespace="0xeeee0000" radio="1" />
        <service id="0x000f" sid="15" name="Radio Marconi Classic" type="2" provider="MSP" onid="8572" tsid="9229" namespace="0xeeee0000" radio="1" />
      </transponder>
    </terrestrial>
  </terrestrials>
</zapit>
