<?xml version='1.0' encoding='utf-8'?>
<zapit api="4">
  <satellites>
    <satellite key="00eb0000:0bc6:0003" name="Astra-23.5E" namespace="0x00eb0000" position="23.5">
      <transponder key="00eb0000:0bc6:0003" frequency="12517000" symbol_rate="16871000" polarization="V" fec="3" system="0" modulation="0">
        <service id="0x1db7" sid="7607" name="Acasa TV Gold" type="25" provider="Pro TV" onid="3" tsid="3014" namespace="0x00eb0000" />
        <service id="0x1db2" sid="7602" name="Acasá TV" type="25" provider="Pro TV" onid="3" tsid="3014" namespace="0x00eb0000" />
        <service id="0x1db6" sid="7606" name="MTV Romania" type="25" provider="Pro TV" onid="3" tsid="3014" namespace="0x00eb0000" />
        <service id="0x1db4" sid="7604" name="Pro Cinema" type="25" provider="Pro TV" onid="3" tsid="3014" namespace="0x00eb0000" />
        <service id="0x1db1" sid="7601" name="Pro TV" type="25" provider="Pro TV" onid="3" tsid="3014" namespace="0x00eb0000" />
        <service id="0x1db3" sid="7603" name="Pro TV International" type="25" provider="Pro TV" onid="3" tsid="3014" namespace="0x00eb0000" />
        <service id="0x1db5" sid="7605" name="Sport.ro" type="25" provider="Pro TV" onid="3" tsid="3014" namespace="0x00eb0000" />
      </transponder>
    </satellite>
    <satellite key="00eb0000:0c82:0003" name="Astra-23.5E" namespace="0x00eb0000" position="23.5">
      <transponder key="00eb0000:0c82:0003" frequency="11739000" symbol_rate="29900000" polarization="V" fec="2" system="0" modulation="0">
        <service id="0x177f" sid="6015" name="192TV" type="25" provider="Canal Digitaal" onid="3" tsid="3202" namespace="0x00eb0000" />
        <service id="0x02bd" sid="701" name="Boomerang" type="25" provider="Canal Digitaal" onid="3" tsid="3202" namespace="0x00eb0000" />
        <service id="0x02be" sid="702" name="Boomerang CZ" type="25" provider="SkyLink" onid="3" tsid="3202" namespace="0x00eb0000" />
        <service id="0x17e0" sid="6112" name="Canal Digitaal Infokanal" type="25" provider="Canal Digitaal" onid="3" tsid="3202" namespace="0x00eb0000" />
        <service id="0x17d1" sid="6097" name="Discovery Channel Nederland" type="25" provider="Canal Digitaal" onid="3" tsid="3202" namespace="0x00eb0000" />
        <service id="0x17b1" sid="6065" name="Disney Channel Benelux" type="25" provider="Canal Digitaal" onid="3" tsid="3202" namespace="0x00eb0000" />
        <service id="0x17df" sid="6111" name="Edge" type="25" provider="Canal Digitaal" onid="3" tsid="3202" namespace="0x00eb0000" />
        <service id="0x070f" sid="1807" name="EDGE CZ" type="25" provider="SkyLink" onid="3" tsid="3202" namespace="0x00eb0000" />
        <service id="0x17a7" sid="6055" name="Evenaar" type="25" provider="Mobistar" onid="3" tsid="3202" namespace="0x00eb0000" />
        <service id="0x178e" sid="6030" name="Fox Channel Netherlands" type="25" provider="Canal Digitaal" onid="3" tsid="3202" namespace="0x00eb0000" />
        <service id="0x17cc" sid="6092" name="Fox Sports Eredivisie 1 HD" type="25" provider="Canal Digitaal" onid="3" tsid="3202" namespace="0x00eb0000" />
        <service id="0x179d" sid="6045" name="Investigation Discovery Europe" type="25" provider="Canal Digitaal" onid="3" tsid="3202" namespace="0x00eb0000" />
        <service id="0x17c0" sid="6080" name="NPO 2 HD" type="25" provider="Canal Digitaal" onid="3" tsid="3202" namespace="0x00eb0000" />
        <service id="0x06fd" sid="1789" name="NPO Best| |  Time sharing" type="25" provider="Canal Digitaal" onid="3" tsid="3202" namespace="0x00eb0000" />
        <service id="0x177a" sid="6010" name="NPO Politiek" type="25" provider="Canal Digitaal" onid="3" tsid="3202" namespace="0x00eb0000" />
        <service id="0x17ca" sid="6090" name="SBS 6 HD" type="25" provider="Canal Digitaal" onid="3" tsid="3202" namespace="0x00eb0000" />
        <service id="0x17b3" sid="6067" name="Test 2" type="25" provider="Canal Digitaal" onid="3" tsid="3202" namespace="0x00eb0000" />
        <service id="0x17b4" sid="6068" name="Test 3" type="25" provider="Canal Digitaal" onid="3" tsid="3202" namespace="0x00eb0000" />
        <service id="0x17ce" sid="6094" name="The Q You" type="25" provider="Canal Digitaal" onid="3" tsid="3202" namespace="0x00eb0000" />
        <service id="0x17cf" sid="6095" name="the QYOU CZ" type="25" provider="SkyLink" onid="3" tsid="3202" namespace="0x00eb0000" />
        <service id="0x17e1" sid="6113" name="TVV Infokanaal" type="25" provider="Canal Digitaal" onid="3" tsid="3202" namespace="0x00eb0000" />
      </transponder>
    </satellite>
    <satellite key="00eb0000:0c84:0003" name="Astra-23.5E" namespace="0x00eb0000" position="23.5">
      <transponder key="00eb0000:0c84:0003" frequency="11778000" symbol_rate="27500000" polarization="V" fec="9" system="0" modulation="0">
        <service id="0x05e9" sid="1513" name="SES UHD Demo" type="25" provider="SES" onid="3" tsid="3204" namespace="0x00eb0000" />
        <service id="0x150e" sid="5390" name="SES UHD Demo" type="25" provider="SES" onid="3" tsid="3204" namespace="0x00eb0000" />
      </transponder>
    </satellite>
    <satellite key="00eb0000:0c85:0003" name="Astra-23.5E" namespace="0x00eb0000" position="23.5">
      <transponder key="00eb0000:0c85:0003" frequency="11797000" symbol_rate="29500000" polarization="H" fec="3" system="0" modulation="0">
        <service id="0x058f" sid="1423" name="AMC Eastern Europe" type="25" provider="SkyLink" onid="3" tsid="3205" namespace="0x00eb0000" />
        <service id="0x13a8" sid="5032" name="Discovery Channel Eastern Europe" type="25" provider="SkyLink" onid="3" tsid="3205" namespace="0x00eb0000" />
        <service id="0x13a6" sid="5030" name="Disney Channel Hungary &amp; Czechia" type="25" provider="SkyLink" onid="3" tsid="3205" namespace="0x00eb0000" />
        <service id="0x141a" sid="5146" name="Duck TV" type="25" provider="SkyLink" onid="3" tsid="3205" namespace="0x00eb0000" />
        <service id="0x141b" sid="5147" name="duck TV DUT" type="25" provider="Canal Digitaal" onid="3" tsid="3205" namespace="0x00eb0000" />
        <service id="0x024e" sid="590" name="E! Eastern Europe" type="25" provider="Canal Digitaal" onid="3" tsid="3205" namespace="0x00eb0000" />
        <service id="0x058c" sid="1420" name="E! Entertainment CZ" type="25" provider="SkyLink" onid="3" tsid="3205" namespace="0x00eb0000" />
        <service id="0x13a7" sid="5031" name="Film + Czechia &amp; Slovakia" type="25" provider="SkyLink" onid="3" tsid="3205" namespace="0x00eb0000" />
        <service id="0x13aa" sid="5034" name="Filmbox Extra HD Hungary" type="25" provider="SkyLink" onid="3" tsid="3205" namespace="0x00eb0000" />
        <service id="0x13ba" sid="5050" name="Filmbox Family" type="25" provider="SkyLink" onid="3" tsid="3205" namespace="0x00eb0000" />
        <service id="0x13af" sid="5039" name="Filmbox Plus" type="25" provider="SkyLink" onid="3" tsid="3205" namespace="0x00eb0000" />
        <service id="0x13bb" sid="5051" name="Filmbox Premium" type="25" provider="SkyLink" onid="3" tsid="3205" namespace="0x00eb0000" />
        <service id="0x058d" sid="1421" name="KinoSvet" type="25" provider="SkyLink" onid="3" tsid="3205" namespace="0x00eb0000" />
        <service id="0x141f" sid="5151" name="Mnam TV" type="25" provider="SkyLink" onid="3" tsid="3205" namespace="0x00eb0000" />
        <service id="0x058e" sid="1422" name="Nautical HD" type="25" provider="Canal Digitaal" onid="3" tsid="3205" namespace="0x00eb0000" />
        <service id="0x13bd" sid="5053" name="Nickelodeon Czech" type="25" provider="SkyLink" onid="3" tsid="3205" namespace="0x00eb0000" />
        <service id="0x13bc" sid="5052" name="Retro Music Television" type="25" provider="Canal Digitaal" onid="3" tsid="3205" namespace="0x00eb0000" />
        <service id="0x13ad" sid="5037" name="Sport 2 HD Czechia" type="25" provider="SkyLink" onid="3" tsid="3205" namespace="0x00eb0000" />
        <service id="0x13be" sid="5054" name="Sport 5" type="25" provider="SkyLink" onid="3" tsid="3205" namespace="0x00eb0000" />
        <service id="0x058b" sid="1419" name="Test" type="25" provider="SkyLink" onid="3" tsid="3205" namespace="0x00eb0000" />
        <service id="0x13ac" sid="5036" name="The Golf Channel" type="25" provider="SkyLink" onid="3" tsid="3205" namespace="0x00eb0000" />
        <service id="0x13ae" sid="5038" name="TV Paprika" type="25" provider="SkyLink" onid="3" tsid="3205" namespace="0x00eb0000" />
        <service id="0x141d" sid="5149" name="TV Rebel" type="25" provider="M7 Group" onid="3" tsid="3205" namespace="0x00eb0000" />
        <service id="0x141c" sid="5148" name="TV Relax" type="25" provider="M7 Group" onid="3" tsid="3205" namespace="0x00eb0000" />
        <service id="0x13ab" sid="5035" name="Viasat HD Czech" type="25" provider="SkyLink" onid="3" tsid="3205" namespace="0x00eb0000" />
      </transponder>
    </satellite>
    <satellite key="00eb0000:0c88:0003" name="Astra-23.5E" namespace="0x00eb0000" position="23.5">
      <transponder key="00eb0000:0c88:0003" frequency="11856000" symbol_rate="29900000" polarization="V" fec="2" system="0" modulation="0">
        <service id="0x1b94" sid="7060" name="Eurosport 2 Netherlands" type="25" provider="Canal Digitaal" onid="3" tsid="3208" namespace="0x00eb0000" />
        <service id="0x1b90" sid="7056" name="Q2 HD" type="25" provider="TeleSat" onid="3" tsid="3208" namespace="0x00eb0000" />
        <service id="0x1b80" sid="7040" name="Reality Kings" type="25" provider="Canal Digitaal" onid="3" tsid="3208" namespace="0x00eb0000" />
        <service id="0x1b81" sid="7041" name="Reality Kings CZ" type="25" provider="SkyLink" onid="3" tsid="3208" namespace="0x00eb0000" />
        <service id="0x1b6c" sid="7020" name="RTL 4 HD" type="25" provider="Canal Digitaal" onid="3" tsid="3208" namespace="0x00eb0000" />
        <service id="0x1b6f" sid="7023" name="RTL 5 HD" type="25" provider="Canal Digitaal" onid="3" tsid="3208" namespace="0x00eb0000" />
        <service id="0x1b73" sid="7027" name="RTL 7 HD" type="25" provider="Canal Digitaal" onid="3" tsid="3208" namespace="0x00eb0000" />
        <service id="0x1b7c" sid="7036" name="RTL 8 HD" type="25" provider="Canal Digitaal" onid="3" tsid="3208" namespace="0x00eb0000" />
        <service id="0x1b82" sid="7042" name="RTL Lounge" type="25" provider="Canal Digitaal" onid="3" tsid="3208" namespace="0x00eb0000" />
        <service id="0x1b92" sid="7058" name="RTL Z" type="25" provider="Canal Digitaal" onid="3" tsid="3208" namespace="0x00eb0000" />
        <service id="0x1b8a" sid="7050" name="TV Limburg" type="25" provider="Canal Digitaal" onid="3" tsid="3208" namespace="0x00eb0000" />
        <service id="0x1b91" sid="7057" name="Vier HD" type="25" provider="Canal Digitaal" onid="3" tsid="3208" namespace="0x00eb0000" />
        <service id="0x1b76" sid="7030" name="VTM HD" type="25" provider="Mobistar" onid="3" tsid="3208" namespace="0x00eb0000" />
        <service id="0x1b95" sid="7061" name="Zes" type="25" provider="Mobistar" onid="3" tsid="3208" namespace="0x00eb0000" />
      </transponder>
    </satellite>
    <satellite key="00eb0000:0c89:0003" name="Astra-23.5E" namespace="0x00eb0000" position="23.5">
      <transponder key="00eb0000:0c89:0003" frequency="11875000" symbol_rate="29900000" polarization="H" fec="3" system="0" modulation="0">
        <service id="0x0d45" sid="3397" name="Dajto HD" type="25" provider="SkyLink" onid="3" tsid="3209" namespace="0x00eb0000" />
        <service id="0x0d42" sid="3394" name="Fanda HD" type="25" provider="SkyLink" onid="3" tsid="3209" namespace="0x00eb0000" />
        <service id="0x0d46" sid="3398" name="J@J HD" type="25" provider="SkyLink" onid="3" tsid="3209" namespace="0x00eb0000" />
        <service id="0x0d47" sid="3399" name="J@J PLUS HD" type="25" provider="SkyLink" onid="3" tsid="3209" namespace="0x00eb0000" />
        <service id="0x0d43" sid="3395" name="Nova Cinema HD" type="25" provider="SkyLink" onid="3" tsid="3209" namespace="0x00eb0000" />
        <service id="0x0d3f" sid="3391" name="Nova HD" type="25" provider="CS Link" onid="3" tsid="3209" namespace="0x00eb0000" />
        <service id="0x339b" sid="13211" name="Nova International" type="25" provider="SkyLink" onid="3" tsid="3209" namespace="0x00eb0000" />
        <service id="0x0d41" sid="3393" name="Nova Sport HD" type="25" provider="SkyLink" onid="3" tsid="3209" namespace="0x00eb0000" />
        <service id="0x0d44" sid="3396" name="Prima COOL HD" type="25" provider="SkyLink" onid="3" tsid="3209" namespace="0x00eb0000" />
        <service id="0x0d40" sid="3392" name="Prima Televize HD" type="25" provider="CS Link" onid="3" tsid="3209" namespace="0x00eb0000" />
        <service id="0x339a" sid="13210" name="RiK" type="25" provider="SkyLink" onid="3" tsid="3209" namespace="0x00eb0000" />
      </transponder>
    </satellite>
    <satellite key="00eb0000:0c8b:0003" name="Astra-23.5E" namespace="0x00eb0000" position="23.5">
      <transponder key="00eb0000:0c8b:0003" frequency="11914000" symbol_rate="29900000" polarization="H" fec="2" system="0" modulation="0">
        <service id="0x142b" sid="5163" name="Fine Living CZ." type="25" provider="Canal Digitaal" onid="3" tsid="3211" namespace="0x00eb0000" />
        <service id="0x51a5" sid="20901" name="Fine Living HD" type="25" provider="Canal Digitaal" onid="3" tsid="3211" namespace="0x00eb0000" />
        <service id="0x51a6" sid="20902" name="Fine Living HD CZ" type="25" provider="SkyLink" onid="3" tsid="3211" namespace="0x00eb0000" />
        <service id="0x142a" sid="5162" name="Fine Living Network" type="25" provider="Canal Digitaal" onid="3" tsid="3211" namespace="0x00eb0000" />
        <service id="0x142c" sid="5164" name="Food Network" type="25" provider="Canal Digitaal" onid="3" tsid="3211" namespace="0x00eb0000" />
        <service id="0x142d" sid="5165" name="Food Network CZ" type="25" provider="SkyLink" onid="3" tsid="3211" namespace="0x00eb0000" />
        <service id="0x519d" sid="20893" name="Food Network HD" type="25" provider="Canal Digitaal" onid="3" tsid="3211" namespace="0x00eb0000" />
        <service id="0x058e" sid="1422" name="Omroep Brabant Televisie|  6h-0h CET" type="25" provider="Canal Digitaal" onid="3" tsid="3211" namespace="0x00eb0000" />
        <service id="0x058c" sid="1420" name="Omroep Zeeland Televisie|  6h-0h CET" type="25" provider="Canal Digitaal" onid="3" tsid="3211" namespace="0x00eb0000" />
        <service id="0x141c" sid="5148" name="Omrop Fryslân" type="25" provider="Canal Digitaal" onid="3" tsid="3211" namespace="0x00eb0000" />
        <service id="0x51a3" sid="20899" name="Outdoor Channel EMEA HD" type="25" provider="Canal Digitaal" onid="3" tsid="3211" namespace="0x00eb0000" />
        <service id="0x51a4" sid="20900" name="Outdoor Channel HD CZ" type="25" provider="SkyLink" onid="3" tsid="3211" namespace="0x00eb0000" />
        <service id="0x519e" sid="20894" name="The Food Network EMEA HD" type="25" provider="SkyLink" onid="3" tsid="3211" namespace="0x00eb0000" />
        <service id="0x519f" sid="20895" name="Travel Channel HD" type="25" provider="Canal Digitaal" onid="3" tsid="3211" namespace="0x00eb0000" />
        <service id="0x51a1" sid="20897" name="Travel Channel HD CZ" type="25" provider="SkyLink" onid="3" tsid="3211" namespace="0x00eb0000" />
        <service id="0x51a2" sid="20898" name="Travel Channel HD NL" type="25" provider="Canal Digitaal" onid="3" tsid="3211" namespace="0x00eb0000" />
        <service id="0x514c" sid="20812" name="TV Drenthe" type="25" provider="M7 Group" onid="3" tsid="3211" namespace="0x00eb0000" />
        <service id="0x141e" sid="5150" name="TV Gelderland" type="25" provider="Canal Digitaal" onid="3" tsid="3211" namespace="0x00eb0000" />
        <service id="0x514a" sid="20810" name="TV Noord" type="25" provider="Canal Digitaal" onid="3" tsid="3211" namespace="0x00eb0000" />
        <service id="0x514e" sid="20814" name="TV Oost" type="25" provider="Canal Digitaal" onid="3" tsid="3211" namespace="0x00eb0000" />
        <service id="0x058a" sid="1418" name="TV West| |  6h-0h CET" type="25" provider="Canal Digitaal" onid="3" tsid="3211" namespace="0x00eb0000" />
      </transponder>
    </satellite>
    <satellite key="00eb0000:0c8c:0003" name="Astra-23.5E" namespace="0x00eb0000" position="23.5">
      <transponder key="00eb0000:0c8c:0003" frequency="11934000" symbol_rate="27500000" polarization="V" fec="3" system="0" modulation="0">
        <service id="0x36d8" sid="14040" name="Bundespresseamt" type="25" provider="MEDIA BROADCAST SATELLITE" onid="3" tsid="3212" namespace="0x00eb0000" />
        <service id="0x36c4" sid="14020" name="Bundespressekonferenz" type="25" provider="MEDIA BROADCAST SATELLITE" onid="3" tsid="3212" namespace="0x00eb0000" />
        <service id="0x36ce" sid="14030" name="Bundesrat" type="25" provider="MEDIA BROADCAST SATELLITE" onid="3" tsid="3212" namespace="0x00eb0000" />
        <service id="0x36ea" sid="14058" name="CS Film" type="25" provider="SkyLink" onid="3" tsid="3212" namespace="0x00eb0000" />
        <service id="0x36e3" sid="14051" name="DocuBOX HD" type="25" provider="SkyLink" onid="3" tsid="3212" namespace="0x00eb0000" />
        <service id="0x36e7" sid="14055" name="EroXXX HD" type="25" provider="SkyLink" onid="3" tsid="3212" namespace="0x00eb0000" />
        <service id="0x36e2" sid="14050" name="FightBOX HD" type="25" provider="SkyLink" onid="3" tsid="3212" namespace="0x00eb0000" />
        <service id="0x36e9" sid="14057" name="FilmBox" type="25" provider="SkyLink" onid="3" tsid="3212" namespace="0x00eb0000" />
        <service id="0x36d9" sid="14041" name="German Tote TV" type="25" provider="MEDIA BROADCAST SATELLITE" onid="3" tsid="3212" namespace="0x00eb0000" />
        <service id="0x36eb" sid="14059" name="Horor Film" type="25" provider="SkyLink" onid="3" tsid="3212" namespace="0x00eb0000" />
        <service id="0x36ba" sid="14010" name="Parlamentsfernsehen" type="25" provider="MEDIA BROADCAST SATELLITE" onid="3" tsid="3212" namespace="0x00eb0000" />
        <service id="0x36e4" sid="14052" name="Prima Comedy Central" type="25" provider="SkyLink" onid="3" tsid="3212" namespace="0x00eb0000" />
        <service id="0x36ef" sid="14063" name="Prima Love" type="25" provider="SkyLink" onid="3" tsid="3212" namespace="0x00eb0000" />
        <service id="0x36e5" sid="14053" name="Prima Max HD" type="25" provider="SkyLink" onid="3" tsid="3212" namespace="0x00eb0000" />
        <service id="0x36e8" sid="14056" name="Prima Zoom HD" type="25" provider="SkyLink" onid="3" tsid="3212" namespace="0x00eb0000" />
        <service id="0x36ed" sid="14061" name="Spice|  Nights" type="25" provider="SkyLink" onid="3" tsid="3212" namespace="0x00eb0000" />
        <service id="0x36ec" sid="14060" name="Viasat History" type="25" provider="SkyLink" onid="3" tsid="3212" namespace="0x00eb0000" />
        <service id="0x36ee" sid="14062" name="Viasat Nature CEE" type="25" provider="SkyLink" onid="3" tsid="3212" namespace="0x00eb0000" />
      </transponder>
    </satellite>
    <satellite key="00eb0000:0c8e:0003" name="Astra-23.5E" namespace="0x00eb0000" position="23.5">
      <transponder key="00eb0000:0c8e:0003" frequency="11973000" symbol_rate="29900000" polarization="V" fec="2" system="0" modulation="0">
        <service id="0x372b" sid="14123" name="eSportsTV HD" type="25" provider="Canal Digitaal" onid="3" tsid="3214" namespace="0x00eb0000" />
        <service id="0x0e8b" sid="3723" name="JOJ Family HD" type="25" provider="SkyLink" onid="3" tsid="3214" namespace="0x00eb0000" />
        <service id="0x0e8d" sid="3725" name="Leo TV" type="25" provider="SkyLink" onid="3" tsid="3214" namespace="0x00eb0000" />
        <service id="0x0e8e" sid="3726" name="Leo TV DUT" type="25" provider="Canal Digitaal" onid="3" tsid="3214" namespace="0x00eb0000" />
        <service id="0x0e88" sid="3720" name="Markiza International" type="25" provider="SkyLink" onid="3" tsid="3214" namespace="0x00eb0000" />
        <service id="0x0e8c" sid="3724" name="Minimax Czechia" type="25" provider="SkyLink" onid="3" tsid="3214" namespace="0x00eb0000" />
        <service id="0x371e" sid="14110" name="Nova Sport 2 HD" type="25" provider="SkyLink" onid="3" tsid="3214" namespace="0x00eb0000" />
        <service id="0x0e90" sid="3728" name="Penthouse 1 HD CZ" type="25" provider="SkyLink" onid="3" tsid="3214" namespace="0x00eb0000" />
        <service id="0x372a" sid="14122" name="Penthouse 2 HD CZ" type="25" provider="SkyLink" onid="3" tsid="3214" namespace="0x00eb0000" />
        <service id="0x0e8f" sid="3727" name="Penthouse HD 1" type="25" provider="Canal Digitaal" onid="3" tsid="3214" namespace="0x00eb0000" />
        <service id="0x0e91" sid="3729" name="Penthouse HD 2" type="25" provider="Canal Digitaal" onid="3" tsid="3214" namespace="0x00eb0000" />
        <service id="0x0e8a" sid="3722" name="Smichov" type="25" provider="SkyLink" onid="3" tsid="3214" namespace="0x00eb0000" />
        <service id="0x0e89" sid="3721" name="Telka" type="25" provider="SkyLink" onid="3" tsid="3214" namespace="0x00eb0000" />
        <service id="0x371f" sid="14111" name="Wau HD" type="25" provider="SkyLink" onid="3" tsid="3214" namespace="0x00eb0000" />
      </transponder>
    </satellite>
    <satellite key="00eb0000:0c91:0003" name="Astra-23.5E" namespace="0x00eb0000" position="23.5">
      <transponder key="00eb0000:0c91:0003" frequency="12031000" symbol_rate="27500000" polarization="H" fec="9" system="0" modulation="0">
        <service id="0x17d7" sid="6103" name="AutoMotorSport HD" type="25" provider="Canal Digitaal" onid="3" tsid="3217" namespace="0x00eb0000" />
        <service id="0x17d5" sid="6101" name="Unitel Classica HD" type="25" provider="Mobistar" onid="3" tsid="3217" namespace="0x00eb0000" />
      </transponder>
    </satellite>
    <satellite key="00eb0000:0c93:0003" name="Astra-23.5E" namespace="0x00eb0000" position="23.5">
      <transponder key="00eb0000:0c93:0003" frequency="12070000" symbol_rate="27500000" polarization="H" fec="3" system="0" modulation="0">
        <service id="0x0d1f" sid="3359" name="JOJ Cinema HD" type="1" provider="SkyLink" onid="3" tsid="3219" namespace="0x00eb0000" />
        <service id="0x335a" sid="13146" name="Novinka 8" type="1" provider="M7 Group" onid="3" tsid="3219" namespace="0x00eb0000" />
        <service id="0x0d1d" sid="3357" name="Prima +1 HD" type="1" provider="SkyLink" onid="3" tsid="3219" namespace="0x00eb0000" />
        <service id="0x334b" sid="13131" name="Sport 1 HD Czech" type="1" provider="SkyLink" onid="3" tsid="3219" namespace="0x00eb0000" />
        <service id="0x0d1e" sid="3358" name="TV JOJ +1 HD" type="1" provider="SkyLink" onid="3" tsid="3219" namespace="0x00eb0000" />
      </transponder>
    </satellite>
    <satellite key="00eb0000:0c94:0003" name="Astra-23.5E" namespace="0x00eb0000" position="23.5">
      <transponder key="00eb0000:0c94:0003" frequency="12090000" symbol_rate="29900000" polarization="V" fec="2" system="0" modulation="0">
        <service id="0x013b" sid="315" name="AXN Czech" type="25" provider="SkyLink" onid="3" tsid="3220" namespace="0x00eb0000" />
        <service id="0x030f" sid="783" name="Brava HDTV" type="25" provider="Canal Digitaal" onid="3" tsid="3220" namespace="0x00eb0000" />
        <service id="0x030a" sid="778" name="CineMax" type="25" provider="SkyLink" onid="3" tsid="3220" namespace="0x00eb0000" />
        <service id="0x013a" sid="314" name="Fishing &amp; Hunting" type="25" provider="SkyLink" onid="3" tsid="3220" namespace="0x00eb0000" />
        <service id="0x0086" sid="134" name="HBO 2 Central Europe" type="25" provider="SkyLink" onid="3" tsid="3220" namespace="0x00eb0000" />
        <service id="0x0087" sid="135" name="HBO 3 Central Europe" type="25" provider="SkyLink" onid="3" tsid="3220" namespace="0x00eb0000" />
        <service id="0x0085" sid="133" name="HBO HD Czech" type="25" provider="SkyLink" onid="3" tsid="3220" namespace="0x00eb0000" />
        <service id="0x030d" sid="781" name="iConcert" type="25" provider="Canal Digitaal" onid="3" tsid="3220" namespace="0x00eb0000" />
        <service id="0x030e" sid="782" name="iConcerts CZ" type="25" provider="SkyLink" onid="3" tsid="3220" namespace="0x00eb0000" />
        <service id="0x030c" sid="780" name="MTV Czechia" type="25" provider="SkyLink" onid="3" tsid="3220" namespace="0x00eb0000" />
        <service id="0x012f" sid="303" name="Nat Geo HD CZ" type="25" provider="SkyLink" onid="3" tsid="3220" namespace="0x00eb0000" />
        <service id="0x0083" sid="131" name="Nat Geo Wild HD CZ" type="25" provider="SkyLink" onid="3" tsid="3220" namespace="0x00eb0000" />
        <service id="0x0084" sid="132" name="Nat Geo Wild HD DUT" type="25" provider="Canal Digitaal" onid="3" tsid="3220" namespace="0x00eb0000" />
        <service id="0x0082" sid="130" name="NatGeo Wild HD" type="25" provider="Overon" onid="3" tsid="3220" namespace="0x00eb0000" />
        <service id="0x012e" sid="302" name="National Geographic HD East Europe" type="25" provider="SkyLink" onid="3" tsid="3220" namespace="0x00eb0000" />
        <service id="0x008a" sid="138" name="Regionalni TV" type="25" provider="SkyLink" onid="3" tsid="3220" namespace="0x00eb0000" />
        <service id="0x0088" sid="136" name="Spektrum HD" type="25" provider="SkyLink" onid="3" tsid="3220" namespace="0x00eb0000" />
        <service id="0x008b" sid="139" name="Sport 1 CZ_PRELADTE" type="25" provider="M7 Group" onid="3" tsid="3220" namespace="0x00eb0000" />
        <service id="0x030b" sid="779" name="TV Oranje" type="25" provider="Canal Digitaal" onid="3" tsid="3220" namespace="0x00eb0000" />
        <service id="0x0089" sid="137" name="TV Regina" type="25" provider="M7 Group" onid="3" tsid="3220" namespace="0x00eb0000" />
      </transponder>
    </satellite>
    <satellite key="00eb0000:0c95:0003" name="Astra-23.5E" namespace="0x00eb0000" position="23.5">
      <transponder key="00eb0000:0c95:0003" frequency="12109000" symbol_rate="27500000" polarization="H" fec="3" system="0" modulation="0">
        <service id="0x13b0" sid="5040" name="Animal Planet" type="25" provider="Canal Digitaal" onid="3" tsid="3221" namespace="0x00eb0000" />
        <service id="0x13cb" sid="5067" name="Animal Planet Benelux" type="25" provider="SkyLink" onid="3" tsid="3221" namespace="0x00eb0000" />
        <service id="0x13b2" sid="5042" name="Arena Sport Slovakia" type="25" provider="SkyLink" onid="3" tsid="3221" namespace="0x00eb0000" />
        <service id="0x13c2" sid="5058" name="Ceskoslovensko HD" type="25" provider="SkyLink" onid="3" tsid="3221" namespace="0x00eb0000" />
        <service id="0x13c8" sid="5064" name="Crime &amp; Investigation Network" type="25" provider="Canal Digitaal" onid="3" tsid="3221" namespace="0x00eb0000" />
        <service id="0x13b8" sid="5048" name="Crime and Invest. CZ" type="25" provider="SkyLink" onid="3" tsid="3221" namespace="0x00eb0000" />
        <service id="0x13c4" sid="5060" name="Discovery HD Showcase" type="25" provider="Canal Digitaal" onid="3" tsid="3221" namespace="0x00eb0000" />
        <service id="0x13b5" sid="5045" name="Discovery Showcase HD CZ" type="25" provider="SkyLink" onid="3" tsid="3221" namespace="0x00eb0000" />
        <service id="0x13b6" sid="5046" name="Doma HD" type="25" provider="SkyLink" onid="3" tsid="3221" namespace="0x00eb0000" />
        <service id="0x13b7" sid="5047" name="Eurosport 1 HD" type="25" provider="Canal Digitaal" onid="3" tsid="3221" namespace="0x00eb0000" />
        <service id="0x13ca" sid="5066" name="Eurosport 1 HD BE" type="25" provider="Canal Digitaal" onid="3" tsid="3221" namespace="0x00eb0000" />
        <service id="0x13b1" sid="5041" name="Eurosport 2 HD" type="25" provider="SkyLink" onid="3" tsid="3221" namespace="0x00eb0000" />
        <service id="0x13c5" sid="5061" name="Festival HD" type="25" provider="SkyLink" onid="3" tsid="3221" namespace="0x00eb0000" />
        <service id="0x13c6" sid="5062" name="Film Europe HD" type="25" provider="SkyLink" onid="3" tsid="3221" namespace="0x00eb0000" />
        <service id="0x13b3" sid="5043" name="History Channel HD Nordic" type="25" provider="SkyLink" onid="3" tsid="3221" namespace="0x00eb0000" />
        <service id="0x13c7" sid="5063" name="History HD DUT" type="25" provider="Canal Digitaal" onid="3" tsid="3221" namespace="0x00eb0000" />
        <service id="0x141e" sid="5150" name="Jim Jam Nederland" type="25" provider="SkyLink" onid="3" tsid="3221" namespace="0x00eb0000" />
        <service id="0x13cc" sid="5068" name="JimJam" type="25" provider="Canal Digitaal" onid="3" tsid="3221" namespace="0x00eb0000" />
        <service id="0x13b4" sid="5044" name="Markiza HD" type="25" provider="SkyLink" onid="3" tsid="3221" namespace="0x00eb0000" />
        <service id="0x13b9" sid="5049" name="National Geographic Europe" type="25" provider="SkyLink" onid="3" tsid="3221" namespace="0x00eb0000" />
      </transponder>
    </satellite>
    <satellite key="00eb0000:0c96:0003" name="Astra-23.5E" namespace="0x00eb0000" position="23.5">
      <transponder key="00eb0000:0c96:0003" frequency="12129000" symbol_rate="29900000" polarization="V" fec="2" system="0" modulation="0">
        <service id="0x51cc" sid="20940" name="Cartoon Network" type="25" provider="Canal Digitaal" onid="3" tsid="3222" namespace="0x00eb0000" />
        <service id="0x14a2" sid="5282" name="Caz" type="25" provider="Mobistar" onid="3" tsid="3222" namespace="0x00eb0000" />
        <service id="0x52e1" sid="21217" name="Eurosport HD Nederland" type="25" provider="Canal Digitaal" onid="3" tsid="3222" namespace="0x00eb0000" />
        <service id="0x51b8" sid="20920" name="Film1 Action" type="25" provider="Canal Digitaal" onid="3" tsid="3222" namespace="0x00eb0000" />
        <service id="0x51ae" sid="20910" name="Film1 Comedy &amp; Kids" type="25" provider="Canal Digitaal" onid="3" tsid="3222" namespace="0x00eb0000" />
        <service id="0x51db" sid="20955" name="Film1 Premiere HD" type="25" provider="Canal Digitaal" onid="3" tsid="3222" namespace="0x00eb0000" />
        <service id="0x51b3" sid="20915" name="Film1 Sundance" type="25" provider="Canal Digitaal" onid="3" tsid="3222" namespace="0x00eb0000" />
        <service id="0x51c7" sid="20935" name="Fox Sports Eredivisie 3" type="25" provider="Canal Digitaal" onid="3" tsid="3222" namespace="0x00eb0000" />
        <service id="0x149c" sid="5276" name="Kadet" type="25" provider="Mobistar" onid="3" tsid="3222" namespace="0x00eb0000" />
        <service id="0x527c" sid="21116" name="Kanaal Z" type="25" provider="Mobistar" onid="3" tsid="3222" namespace="0x00eb0000" />
        <service id="0x149e" sid="5278" name="Ketop12" type="25" provider="Canal Digitaal" onid="3" tsid="3222" namespace="0x00eb0000" />
        <service id="0x14a4" sid="5284" name="Man-X" type="25" provider="Canal Digitaal" onid="3" tsid="3222" namespace="0x00eb0000" />
        <service id="0x51e5" sid="20965" name="National Geographic HD UK" type="25" provider="Canal Digitaal" onid="3" tsid="3222" namespace="0x00eb0000" />
        <service id="0x51dc" sid="20956" name="ONS" type="25" provider="Canal Digitaal" onid="3" tsid="3222" namespace="0x00eb0000" />
        <service id="0x51b5" sid="20917" name="Penthouse" type="25" provider="Canal Digitaal" onid="3" tsid="3222" namespace="0x00eb0000" />
        <service id="0x51dd" sid="20957" name="Penthouse CZ" type="25" provider="SkyLink" onid="3" tsid="3222" namespace="0x00eb0000" />
        <service id="0x51d1" sid="20945" name="SBS 9" type="25" provider="Canal Digitaal" onid="3" tsid="3222" namespace="0x00eb0000" />
        <service id="0x51d5" sid="20949" name="TLC Netherlands" type="25" provider="Canal Digitaal" onid="3" tsid="3222" namespace="0x00eb0000" />
        <service id="0x14a6" sid="5286" name="VIJF TV" type="25" provider="TeleSat" onid="3" tsid="3222" namespace="0x00eb0000" />
        <service id="0x14a0" sid="5280" name="Vitaya" type="25" provider="Mobistar" onid="3" tsid="3222" namespace="0x00eb0000" />
        <service id="0x51e0" sid="20960" name="Ziggo Sport 1 Select HD" type="25" provider="Canal Digitaal" onid="3" tsid="3222" namespace="0x00eb0000" />
        <service id="0x51bd" sid="20925" name="Ziggo Sport 1 Voetbal" type="25" provider="Canal Digitaal" onid="3" tsid="3222" namespace="0x00eb0000" />
        <service id="0x51c2" sid="20930" name="Ziggo Sport1 Golf" type="25" provider="Canal Digitaal" onid="3" tsid="3222" namespace="0x00eb0000" />
      </transponder>
    </satellite>
    <satellite key="00eb0000:0c98:0003" name="Astra-23.5E" namespace="0x00eb0000" position="23.5">
      <transponder key="00eb0000:0c98:0003" frequency="12168000" symbol_rate="27500000" polarization="V" fec="3" system="0" modulation="0">
        <service id="0x05b8" sid="1464" name="Chamber TV" type="1" provider="SES ASTRA" onid="3" tsid="3224" namespace="0x00eb0000" />
        <service id="0x05ac" sid="1452" name="J@J" type="1" provider="SkyLink" onid="3" tsid="3224" namespace="0x00eb0000" />
        <service id="0x05c6" sid="1478" name="Nordliicht TV|  Sundays 13h-14h CET" type="1" provider="SES ASTRA" onid="3" tsid="3224" namespace="0x00eb0000" />
        <service id="0x05cd" sid="1485" name="Teleippica 1" type="1" provider="Scopus Network Technologies" onid="3" tsid="3224" namespace="0x00eb0000" />
        <service id="0x05ae" sid="1454" name="TV Lux" type="1" provider="CS Link" onid="3" tsid="3224" namespace="0x00eb0000" />
        <service id="0x05ce" sid="1486" name="Unire Sat HD" type="1" provider="" onid="3" tsid="3224" namespace="0x00eb0000" />
        <service id="0x05ab" sid="1451" name="Òcko" type="1" provider="SES ASTRA" onid="3" tsid="3224" namespace="0x00eb0000" />
      </transponder>
    </satellite>
    <satellite key="00eb0000:0c99:0003" name="Astra-23.5E" namespace="0x00eb0000" position="23.5">
      <transponder key="00eb0000:0c99:0003" frequency="12187000" symbol_rate="29900000" polarization="H" fec="2" system="0" modulation="0">
        <service id="0x523f" sid="21055" name="24 Kitchen" type="25" provider="Canal Digitaal" onid="3" tsid="3225" namespace="0x00eb0000" />
        <service id="0x145e" sid="5214" name="AT5" type="25" provider="Canal Digitaal" onid="3" tsid="3225" namespace="0x00eb0000" />
        <service id="0x146a" sid="5226" name="Canvas HD" type="25" provider="Canal Digitaal" onid="3" tsid="3225" namespace="0x00eb0000" />
        <service id="0x522b" sid="21035" name="Disney XD Netherlands HD|  Daytime" type="25" provider="Canal Digitaal" onid="3" tsid="3225" namespace="0x00eb0000" />
        <service id="0x147c" sid="5244" name="Eurosport 2 Belgium" type="25" provider="Canal Digitaal" onid="3" tsid="3225" namespace="0x00eb0000" />
        <service id="0x05c1" sid="1473" name="Fox Sports 2 HD" type="25" provider="Canal Digitaal" onid="3" tsid="3225" namespace="0x00eb0000" />
        <service id="0x521c" sid="21020" name="Net 5 HD" type="25" provider="Canal Digitaal" onid="3" tsid="3225" namespace="0x00eb0000" />
        <service id="0x05bd" sid="1469" name="NPO 1 HD" type="25" provider="Canal Digitaal" onid="3" tsid="3225" namespace="0x00eb0000" />
        <service id="0x146e" sid="5230" name="NPO 3 HD" type="25" provider="Canal Digitaal" onid="3" tsid="3225" namespace="0x00eb0000" />
        <service id="0x523a" sid="21050" name="Test" type="25" provider="Canal Digitaal" onid="3" tsid="3225" namespace="0x00eb0000" />
        <service id="0x05b9" sid="1465" name="één HD" type="25" provider="Canal Digitaal" onid="3" tsid="3225" namespace="0x00eb0000" />
      </transponder>
    </satellite>
    <satellite key="00eb0000:0ca1:0003" name="Astra-23.5E" namespace="0x00eb0000" position="23.5">
      <transponder key="00eb0000:0ca1:0003" frequency="12344000" symbol_rate="29900000" polarization="H" fec="2" system="0" modulation="0">
        <service id="0x1f41" sid="8001" name="CT 1 HD" type="25" provider="SkyLink" onid="3" tsid="3233" namespace="0x00eb0000" />
        <service id="0x1f48" sid="8008" name="CT 1 JM HD" type="25" provider="SkyLink" onid="3" tsid="3233" namespace="0x00eb0000" />
        <service id="0x1f47" sid="8007" name="CT 1 SM HD" type="25" provider="SkyLink" onid="3" tsid="3233" namespace="0x00eb0000" />
        <service id="0x1f42" sid="8002" name="CT 2 HD" type="25" provider="SkyLink" onid="3" tsid="3233" namespace="0x00eb0000" />
        <service id="0x1f43" sid="8003" name="CT 24 HD" type="25" provider="CESKA TELEVIZE" onid="3" tsid="3233" namespace="0x00eb0000" />
        <service id="0x1f45" sid="8005" name="CT :D/art HD" type="25" provider="SkyLink" onid="3" tsid="3233" namespace="0x00eb0000" />
        <service id="0x1f44" sid="8004" name="CT Sport HD" type="25" provider="SkyLink" onid="3" tsid="3233" namespace="0x00eb0000" />
        <service id="0x1f4a" sid="8010" name="Novinka 2" type="25" provider="M7 Group" onid="3" tsid="3233" namespace="0x00eb0000" />
        <service id="0x1f49" sid="8009" name="Prima Plus HD" type="25" provider="SkyLink" onid="3" tsid="3233" namespace="0x00eb0000" />
        <service id="0x1f4b" sid="8011" name="Skylink Ochutnavka" type="25" provider="SkyLink" onid="3" tsid="3233" namespace="0x00eb0000" />
      </transponder>
    </satellite>
    <satellite key="00eb0000:0ca2:0003" name="Astra-23.5E" namespace="0x00eb0000" position="23.5">
      <transponder key="00eb0000:0ca2:0003" frequency="12363000" symbol_rate="29500000" polarization="V" fec="3" system="0" modulation="0">
        <service id="0x132d" sid="4909" name="Barrandov Plus HD" type="25" provider="SkyLink" onid="3" tsid="3234" namespace="0x00eb0000" />
        <service id="0x132f" sid="4911" name="CT 1" type="25" provider="Volna Telka" onid="3" tsid="3234" namespace="0x00eb0000" />
        <service id="0x0214" sid="532" name="CT 2" type="25" provider="Volna Telka" onid="3" tsid="3234" namespace="0x00eb0000" />
        <service id="0x132a" sid="4906" name="Dvojka HD" type="25" provider="SkyLink" onid="3" tsid="3234" namespace="0x00eb0000" />
        <service id="0x0213" sid="531" name="Jednotka HD" type="25" provider="SkyLink" onid="3" tsid="3234" namespace="0x00eb0000" />
        <service id="0x132c" sid="4908" name="Kino Barrandov HD" type="25" provider="SkyLink" onid="3" tsid="3234" namespace="0x00eb0000" />
        <service id="0x132e" sid="4910" name="Noe TV" type="25" provider="Towercom" onid="3" tsid="3234" namespace="0x00eb0000" />
        <service id="0x0212" sid="530" name="Ring HD|  1h-6h CET" type="25" provider="Towercom" onid="3" tsid="3234" namespace="0x00eb0000" />
        <service id="0x0215" sid="533" name="Slagr TV" type="25" provider="Towercom" onid="3" tsid="3234" namespace="0x00eb0000" />
        <service id="0x132b" sid="4907" name="TV Barrandov HD" type="25" provider="SkyLink" onid="3" tsid="3234" namespace="0x00eb0000" />
        <service id="0x0216" sid="534" name="TV8 HD Slovakia" type="25" provider="SkyLink" onid="3" tsid="3234" namespace="0x00eb0000" />
      </transponder>
    </satellite>
  </satellites>
</zapit>
