{
  "api_version": 4,
  "bouquet_count": "746",
  "category": "sat",
  "deduplicated_services": "0",
  "display_name": "Sat-68.5E",
  "lamedb_version": "4",
  "last_seen": "unknown",
  "satellite_code": "S68.5E",
  "service_count": "12901",
  "source": "work/ingest/oe-alliance/vhannibal.motor.and.dtt.italia/enigma2",
  "stale": "unknown",
  "stats": "{\"bouquet_count\": 50, \"cable_services\": 0, \"radio_services\": 2002, \"sat_services\": 12627, \"terrestrial_services\": 274, \"total_services\": 12901}",
  "thresholds": "{\"cable\": 20, \"sat\": 50, \"terrestrial\": 20}",
  "transponder_count": "958"
}