<?xml version='1.0' encoding='utf-8'?>
<zapit>
  <bouquet name="General" category="tv">
    <channel service_ref="1:0:1:0001:0001:ffff:0d842adf:0:0:0:" name="Al Manar TV" service_name="Al Manar TV" provider="Al Manar" sid="1" onid="65535" tsid="1" />
    <channel service_ref="1:0:1:0001:0001:ffff:0d842cc0:0:0:0:" name="Al Manar TV" service_name="Al Manar TV" provider="ALMANAR" sid="1" onid="65535" tsid="1" />
    <channel service_ref="1:0:25:0002:0001:0008:0d840000:0:0:0:" name="Nairabet.com" service_name="Nairabet.com" provider="Romantis" sid="2" onid="8" tsid="1" />
  </bouquet>
  <bouquet name="Others" category="tv">
    <channel service_ref="1:0:1:0001:0001:ffff:0d842adf:0:0:0:" name="Al Manar TV" service_name="Al Manar TV" provider="Al Manar" sid="1" onid="65535" tsid="1" />
    <channel service_ref="1:0:1:0001:0001:ffff:0d842cc0:0:0:0:" name="Al Manar TV" service_name="Al Manar TV" provider="ALMANAR" sid="1" onid="65535" tsid="1" />
    <channel service_ref="1:0:25:0002:0001:0008:0d840000:0:0:0:" name="Nairabet.com" service_name="Nairabet.com" provider="Romantis" sid="2" onid="8" tsid="1" />
  </bouquet>
</zapit>
