{
  "api_version": 4,
  "bouquet_count": "243",
  "category": "terrestrial",
  "deduplicated_services": "0",
  "display_name": "In-Aria!",
  "lamedb_version": "4",
  "last_seen": "unknown",
  "region_code": "in-aria",
  "service_count": "12942",
  "source": "work/ingest/oe-alliance/vhannibal.motor.and.dtt.campania/enigma2",
  "stale": "unknown",
  "stats": "{\"bouquet_count\": 48, \"cable_services\": 0, \"radio_services\": 2007, \"sat_services\": 12633, \"terrestrial_services\": 309, \"total_services\": 12942}",
  "thresholds": "{\"cable\": 20, \"sat\": 50, \"terrestrial\": 20}",
  "transponder_count": "963"
}