<?xml version='1.0' encoding='utf-8'?>
<zapit api="4">
  <satellites>
    <satellite key="01310000:0001:026e" name="Sat-30.5E" namespace="0x01310000" position="30.5">
      <transponder key="01310000:0001:026e" frequency="12510000" symbol_rate="2220000" polarization="V" fec="6" system="0" modulation="0">
        <service id="0x026e" sid="622" name="SERVICE 01" type="1" provider="ALMAJD" onid="622" tsid="1" namespace="0x01310000" />
      </transponder>
    </satellite>
    <satellite key="01310000:0005:000a" name="Sat-30.5E" namespace="0x01310000" position="30.5">
      <transponder key="01310000:0005:000a" frequency="12528000" symbol_rate="2800000" polarization="V" fec="3" system="0" modulation="0">
        <service id="0x0001" sid="1" name="LBC International" type="25" provider="" onid="10" tsid="5" namespace="0x01310000" />
      </transponder>
    </satellite>
    <satellite key="01310000:02bd:02bd" name="Sat-30.5E" namespace="0x01310000" position="30.5">
      <transponder key="01310000:02bd:02bd" frequency="12525000" symbol_rate="1300000" polarization="V" fec="4" system="0" modulation="0">
        <service id="0x0001" sid="1" name="LBCI AM" type="1" provider="" onid="701" tsid="701" namespace="0x01310000" />
      </transponder>
    </satellite>
    <satellite key="01312ae7:0001:ffff" name="Sat-30.5E" namespace="0x01312ae7" position="30.5">
      <transponder key="01312ae7:0001:ffff" frequency="10983000" symbol_rate="2500000" polarization="H" fec="0" system="0" modulation="0">
        <service id="0x0001" sid="1" name="SNG 6 MAIN" type="1" provider="Service Provider" onid="65535" tsid="1" namespace="0x01312ae7" />
      </transponder>
    </satellite>
    <satellite key="01312b90:0001:006e" name="Sat-30.5E" namespace="0x01312b90" position="30.5">
      <transponder key="01312b90:0001:006e" frequency="11152000" symbol_rate="2740000" polarization="H" fec="4" system="0" modulation="0">
        <service id="0x0001" sid="1" name="SBC EN 1" type="1" provider="SAUDI TV1" onid="110" tsid="1" namespace="0x01312b90" />
      </transponder>
    </satellite>
    <satellite key="01312cfb:0000:0000" name="Sat-30.5E" namespace="0x01312cfb" position="30.5">
      <transponder key="01312cfb:0000:0000" frequency="11515000" symbol_rate="30000000" polarization="H" fec="2" system="0" modulation="0">
        <service id="0xc515" sid="50453" name="ALKARMA TURKEY ME1" type="1" provider="TRT" onid="0" tsid="0" namespace="0x01312cfb" />
        <service id="0xc514" sid="50452" name="TRT ARABI HD" type="25" provider="TRT" onid="0" tsid="0" namespace="0x01312cfb" />
        <service id="0xc513" sid="50451" name="TRT WORLD HD" type="25" provider="TRT" onid="0" tsid="0" namespace="0x01312cfb" />
        <service id="0xc512" sid="50450" name="TURKSAT TANITIM" type="1" provider="" onid="0" tsid="0" namespace="0x01312cfb" />
      </transponder>
    </satellite>
    <satellite key="013130f5:0001:ffff" name="Sat-30.5E" namespace="0x013130f5" position="30.5">
      <transponder key="013130f5:0001:ffff" frequency="12533000" symbol_rate="2960000" polarization="H" fec="5" system="0" modulation="0">
        <service id="0x0001" sid="1" name="2M NAT" type="1" provider="SOREAD 2M" onid="65535" tsid="1" namespace="0x013130f5" />
        <service id="0x0002" sid="2" name="RADIO 2M" type="1" provider="SOREAD 2M" onid="65535" tsid="1" namespace="0x013130f5" />
      </transponder>
    </satellite>
    <satellite key="01313196:0000:0000" name="Sat-30.5E" namespace="0x01313196" position="30.5">
      <transponder key="01313196:0000:0000" frequency="12694000" symbol_rate="2000000" polarization="H" fec="6" system="0" modulation="0">
        <service id="0x0001" sid="1" name="Sunna TV" type="1" provider="" onid="0" tsid="0" namespace="0x01313196" />
      </transponder>
    </satellite>
    <satellite key="0131aaf0:0001:ff01" name="Sat-30.5E" namespace="0x0131aaf0" position="30.5">
      <transponder key="0131aaf0:0001:ff01" frequency="10992000" symbol_rate="2222000" polarization="V" fec="3" system="0" modulation="0">
        <service id="0x0001" sid="1" name="TURKSAT TANITIM SD" type="1" provider="TURKSAT" onid="65281" tsid="1" namespace="0x0131aaf0" />
      </transponder>
    </satellite>
    <satellite key="0131ab48:0001:ffff" name="Sat-30.5E" namespace="0x0131ab48" position="30.5">
      <transponder key="0131ab48:0001:ffff" frequency="11080000" symbol_rate="3200000" polarization="V" fec="4" system="0" modulation="0">
        <service id="0x0001" sid="1" name="Al Basrah TV" type="25" provider="" onid="65535" tsid="1" namespace="0x0131ab48" />
      </transponder>
    </satellite>
    <satellite key="0131ab5c:0001:ffff" name="Sat-30.5E" namespace="0x0131ab5c" position="30.5">
      <transponder key="0131ab5c:0001:ffff" frequency="11100000" symbol_rate="2500000" polarization="V" fec="3" system="0" modulation="0">
        <service id="0x0001" sid="1" name="TL SNG5A" type="25" provider="TANDBERG Television" onid="65535" tsid="1" namespace="0x0131ab5c" />
      </transponder>
    </satellite>
    <satellite key="0131ada0:0001:0001" name="Sat-30.5E" namespace="0x0131ada0" position="30.5">
      <transponder key="0131ada0:0001:0001" frequency="11680000" symbol_rate="2850000" polarization="V" fec="3" system="0" modulation="0">
        <service id="0x0001" sid="1" name="AljadeedTv" type="1" provider="none" onid="1" tsid="1" namespace="0x0131ada0" />
      </transponder>
    </satellite>
    <satellite key="0131b0db:0001:0000" name="Sat-30.5E" namespace="0x0131b0db" position="30.5">
      <transponder key="0131b0db:0001:0000" frequency="12507000" symbol_rate="2500000" polarization="V" fec="3" system="0" modulation="0">
        <service id="0x0001" sid="1" name="Digital 1" type="1" provider="" onid="0" tsid="1" namespace="0x0131b0db" />
      </transponder>
    </satellite>
    <satellite key="0131b0f1:0001:ffff" name="Sat-30.5E" namespace="0x0131b0f1" position="30.5">
      <transponder key="0131b0f1:0001:ffff" frequency="12529000" symbol_rate="1600000" polarization="V" fec="4" system="0" modulation="0">
        <service id="0x0001" sid="1" name="TV" type="1" provider="ALDEWAN" onid="65535" tsid="1" namespace="0x0131b0f1" />
      </transponder>
    </satellite>
    <satellite key="0131b0fd:0000:0000" name="Sat-30.5E" namespace="0x0131b0fd" position="30.5">
      <transponder key="0131b0fd:0000:0000" frequency="12541000" symbol_rate="1660000" polarization="V" fec="4" system="0" modulation="0">
        <service id="0x0028" sid="40" name="Tele Liban" type="1" provider="" onid="0" tsid="0" namespace="0x0131b0fd" />
      </transponder>
    </satellite>
    <satellite key="0131b1b6:0001:ffff" name="Sat-30.5E" namespace="0x0131b1b6" position="30.5">
      <transponder key="0131b1b6:0001:ffff" frequency="12726000" symbol_rate="2000000" polarization="V" fec="3" system="0" modulation="0">
        <service id="0x0001" sid="1" name="Ericsson Service" type="1" provider="EricssonTV" onid="65535" tsid="1" namespace="0x0131b1b6" />
      </transponder>
    </satellite>
    <satellite key="0131b1be:0000:0000" name="Sat-30.5E" namespace="0x0131b1be" position="30.5">
      <transponder key="0131b1be:0000:0000" frequency="12734000" symbol_rate="1666000" polarization="V" fec="3" system="0" modulation="0">
        <service id="0x001b" sid="27" name="NBN" type="25" provider="" onid="0" tsid="0" namespace="0x0131b1be" />
      </transponder>
    </satellite>
  </satellites>
</zapit>
