<?xml version='1.0' encoding='utf-8'?>
<zapit api="4">
  <terrestrials>
    <terrestrial key="eeee0000:4da9:217c" name="RETE-8" namespace="0xeeee0000">
      <transponder key="eeee0000:4da9:217c" frequency="562000000" symbol_rate="0" polarization="H" fec="5" system="0" modulation="4">
        <service id="0x004e" sid="78" name="77 IN ROSA" type="1" provider="RETE 8" onid="8572" tsid="19881" namespace="0xeeee0000" />
        <service id="0x0001" sid="1" name="7G" type="1" provider="7 GOLD" onid="8572" tsid="19881" namespace="0xeeee0000" />
        <service id="0x004d" sid="77" name="DOMUS" type="1" provider="RETE 8" onid="8572" tsid="19881" namespace="0xeeee0000" />
        <service id="0x02cc" sid="716" name="RadioItaliaTrend" type="2" provider="RadioItalia" onid="8572" tsid="19881" namespace="0xeeee0000" radio="1" />
      </transponder>
    </terrestrial>
  </terrestrials>
</zapit>
