{
  "api_version": 4,
  "bouquet_count": "728",
  "category": "terrestrial",
  "deduplicated_services": "0",
  "display_name": "Persidera",
  "lamedb_version": "4",
  "last_seen": "unknown",
  "region_code": "persidera",
  "service_count": "1839",
  "source": "work/ingest/oe-alliance/vhannibal.hotbird.and.dtt.italia/enigma2",
  "stale": "unknown",
  "stats": "{\"bouquet_count\": 44, \"cable_services\": 0, \"radio_services\": 261, \"sat_services\": 1565, \"terrestrial_services\": 274, \"total_services\": 1839}",
  "thresholds": "{\"cable\": 20, \"sat\": 50, \"terrestrial\": 20}",
  "transponder_count": "114"
}