<?xml version='1.0' encoding='utf-8'?>
<zapit api="4">
  <satellites>
    <satellite key="02080000:0745:0204" name="Sat-52E" namespace="0x02080000" position="52">
      <transponder key="02080000:0745:0204" frequency="10887000" symbol_rate="27500000" polarization="V" fec="2" system="0" modulation="0">
        <service id="0x046b" sid="1131" name="FRANCE 24 ENGLISH HD" type="1" provider="STN ltd" onid="516" tsid="1861" namespace="0x02080000" />
        <service id="0x046f" sid="1135" name="IFILM 2" type="1" provider="STN PLC" onid="516" tsid="1861" namespace="0x02080000" />
        <service id="0x01d6" sid="470" name="NHK World Japan" type="1" provider="STN PLC" onid="516" tsid="1861" namespace="0x02080000" />
      </transponder>
    </satellite>
    <satellite key="02080000:194e:15e3" name="Sat-52E" namespace="0x02080000" position="52">
      <transponder key="02080000:194e:15e3" frequency="10846000" symbol_rate="27500000" polarization="V" fec="2" system="0" modulation="0">
        <service id="0x008e" sid="142" name="Afghan Business TV" type="1" provider="WNS" onid="5603" tsid="6478" namespace="0x02080000" />
        <service id="0x032e" sid="814" name="Amir TV" type="1" provider="WNS" onid="5603" tsid="6478" namespace="0x02080000" />
        <service id="0x032c" sid="812" name="Ariana USA" type="1" provider="WNS" onid="5603" tsid="6478" namespace="0x02080000" />
        <service id="0x02c8" sid="712" name="ASR TV" type="1" provider="WNS" onid="5603" tsid="6478" namespace="0x02080000" />
        <service id="0x014b" sid="331" name="AVA Family" type="1" provider="WNS" onid="5603" tsid="6478" namespace="0x02080000" />
        <service id="0x014a" sid="330" name="AVA Music" type="1" provider="WNS" onid="5603" tsid="6478" namespace="0x02080000" />
        <service id="0x0094" sid="148" name="Dunya naw TV - farah" type="1" provider="WNS" onid="5603" tsid="6478" namespace="0x02080000" />
        <service id="0x032a" sid="810" name="FLIX" type="1" provider="WNS" onid="5603" tsid="6478" namespace="0x02080000" />
        <service id="0x02c0" sid="704" name="GRAND CINEMA HD" type="1" provider="WNS" onid="5603" tsid="6478" namespace="0x02080000" />
        <service id="0x0095" sid="149" name="HOD HOD TV HD" type="1" provider="WNS" onid="5603" tsid="6478" namespace="0x02080000" />
        <service id="0x02c1" sid="705" name="HOD HOD TV SD" type="1" provider="WNS" onid="5603" tsid="6478" namespace="0x02080000" />
        <service id="0x02be" sid="702" name="Iranian TV" type="1" provider="WNS" onid="5603" tsid="6478" namespace="0x02080000" />
        <service id="0x02c4" sid="708" name="Nex TV HD" type="1" provider="WNS" onid="5603" tsid="6478" namespace="0x02080000" />
        <service id="0x008f" sid="143" name="OXIR TV" type="1" provider="WNS" onid="5603" tsid="6478" namespace="0x02080000" />
        <service id="0x032f" sid="815" name="Persian Network" type="1" provider="WNS" onid="5603" tsid="6478" namespace="0x02080000" />
        <service id="0x02bd" sid="701" name="Persiana TV" type="1" provider="WNS" onid="5603" tsid="6478" namespace="0x02080000" />
        <service id="0x02c9" sid="713" name="Razavi TV" type="1" provider="WNS" onid="5603" tsid="6478" namespace="0x02080000" />
        <service id="0x032d" sid="813" name="Saamen TV" type="1" provider="WNS" onid="5603" tsid="6478" namespace="0x02080000" />
        <service id="0x0093" sid="147" name="Taraqi TV" type="1" provider="WNS" onid="5603" tsid="6478" namespace="0x02080000" />
        <service id="0x032b" sid="811" name="Tele Series" type="1" provider="WNS" onid="5603" tsid="6478" namespace="0x02080000" />
        <service id="0x014c" sid="332" name="Watan HD TV" type="1" provider="WNS" onid="5603" tsid="6478" namespace="0x02080000" />
        <service id="0x0090" sid="144" name="WNS" type="1" provider="WNS" onid="5603" tsid="6478" namespace="0x02080000" />
        <service id="0x02c7" sid="711" name="Zan TV" type="1" provider="WNS" onid="5603" tsid="6478" namespace="0x02080000" />
        <service id="0x02c5" sid="709" name="Pasoon Radio" type="2" provider="WNS" onid="5603" tsid="6478" namespace="0x02080000" radio="1" />
        <service id="0x02bf" sid="703" name="Watan Radio" type="2" provider="WNS" onid="5603" tsid="6478" namespace="0x02080000" radio="1" />
      </transponder>
    </satellite>
    <satellite key="02080000:1d36:1d36" name="Sat-52E" namespace="0x02080000" position="52">
      <transponder key="02080000:1d36:1d36" frequency="12226000" symbol_rate="27500000" polarization="V" fec="2" system="0" modulation="0">
        <service id="0x0004" sid="4" name="France 24 HD (in English)" type="1" provider="WNS" onid="7478" tsid="7478" namespace="0x02080000" />
        <service id="0x0001" sid="1" name="NHK WORLD-JPN" type="1" provider="WNS" onid="7478" tsid="7478" namespace="0x02080000" />
        <service id="0x0002" sid="2" name="TRT Arabi HD" type="1" provider="WNS" onid="7478" tsid="7478" namespace="0x02080000" />
        <service id="0x0005" sid="5" name="TRT AVAZ HD" type="25" provider="WNS" onid="7478" tsid="7478" namespace="0x02080000" />
        <service id="0x0003" sid="3" name="TRT World HD" type="1" provider="WNS" onid="7478" tsid="7478" namespace="0x02080000" />
      </transponder>
    </satellite>
    <satellite key="0208afe9:0001:0001" name="Sat-52E" namespace="0x0208afe9" position="52">
      <transponder key="0208afe9:0001:0001" frequency="12265000" symbol_rate="27500000" polarization="V" fec="2" system="0" modulation="0">
        <service id="0x00c9" sid="201" name="Altyn Asyr" type="1" provider="Turkmenistan" onid="1" tsid="1" namespace="0x0208afe9" />
        <service id="0x00cb" sid="203" name="Miras" type="1" provider="Turkmenistan" onid="1" tsid="1" namespace="0x0208afe9" />
        <service id="0x00cc" sid="204" name="Turkmenistan" type="1" provider="Turkmenistan" onid="1" tsid="1" namespace="0x0208afe9" />
        <service id="0x00ca" sid="202" name="Yaslyk" type="1" provider="Turkmenistan" onid="1" tsid="1" namespace="0x0208afe9" />
        <service id="0x012f" sid="303" name="Char-tarapdan" type="2" provider="" onid="1" tsid="1" namespace="0x0208afe9" radio="1" />
        <service id="0x0053" sid="83" name="Miras" type="2" provider="" onid="1" tsid="1" namespace="0x0208afe9" radio="1" />
        <service id="0x0057" sid="87" name="Owaz" type="2" provider="" onid="1" tsid="1" namespace="0x0208afe9" radio="1" />
        <service id="0x012d" sid="301" name="Watan" type="2" provider="" onid="1" tsid="1" namespace="0x0208afe9" radio="1" />
      </transponder>
    </satellite>
    <satellite key="0208b00f:0001:0001" name="Sat-52E" namespace="0x0208b00f" position="52">
      <transponder key="0208b00f:0001:0001" frequency="12303000" symbol_rate="27500000" polarization="V" fec="2" system="0" modulation="0">
        <service id="0x00cd" sid="205" name="Asgabat" type="1" provider="Turkmenistan" onid="1" tsid="1" namespace="0x0208b00f" />
        <service id="0x00ce" sid="206" name="Turkmen Owazy" type="1" provider="Turkmenistan" onid="1" tsid="1" namespace="0x0208b00f" />
        <service id="0x00cf" sid="207" name="Turkmenistan Sport" type="1" provider="Turkmenistan" onid="1" tsid="1" namespace="0x0208b00f" />
      </transponder>
    </satellite>
    <satellite key="0208b0a8:0001:0000" name="Sat-52E" namespace="0x0208b0a8" position="52">
      <transponder key="0208b0a8:0001:0000" frequency="12456000" symbol_rate="3358000" polarization="V" fec="2" system="0" modulation="0">
        <service id="0x0001" sid="1" name="SuperYacht TV" type="1" provider="Profen" onid="0" tsid="1" namespace="0x0208b0a8" />
      </transponder>
    </satellite>
  </satellites>
</zapit>
