<?xml version='1.0' encoding='utf-8'?>
<zapit>
  <bouquet name="General" category="tv">
    <channel service_ref="1:0:25:0001:000a:fe01:01900000:0:0:0:" name="Channel-01" service_name="Channel-01" provider="" sid="1" onid="65025" tsid="10" />
    <channel service_ref="1:0:25:0002:000a:fe01:01900000:0:0:0:" name="Channel-02" service_name="Channel-02" provider="" sid="2" onid="65025" tsid="10" />
    <channel service_ref="1:0:25:0003:000a:fe01:01900000:0:0:0:" name="Channel-03" service_name="Channel-03" provider="" sid="3" onid="65025" tsid="10" />
    <channel service_ref="1:0:25:0004:000a:fe01:01900000:0:0:0:" name="Channel-04" service_name="Channel-04" provider="" sid="4" onid="65025" tsid="10" />
    <channel service_ref="1:0:25:0005:000a:fe01:01900000:0:0:0:" name="Channel-05" service_name="Channel-05" provider="" sid="5" onid="65025" tsid="10" />
    <channel service_ref="1:0:25:0006:000a:fe01:01900000:0:0:0:" name="Channel-06" service_name="Channel-06" provider="" sid="6" onid="65025" tsid="10" />
    <channel service_ref="1:0:25:0007:000a:fe01:01900000:0:0:0:" name="Channel-07" service_name="Channel-07" provider="" sid="7" onid="65025" tsid="10" />
    <channel service_ref="1:0:25:0008:000a:fe01:01900000:0:0:0:" name="Channel-08" service_name="Channel-08" provider="" sid="8" onid="65025" tsid="10" />
    <channel service_ref="1:0:25:0009:000a:fe01:01900000:0:0:0:" name="Channel-09" service_name="Channel-09" provider="" sid="9" onid="65025" tsid="10" />
    <channel service_ref="1:0:25:000d:000a:fe01:01900000:0:0:0:" name="Channel-19" service_name="Channel-19" provider="" sid="13" onid="65025" tsid="10" />
    <channel service_ref="1:0:25:000e:000a:fe01:01900000:0:0:0:" name="Channel-20" service_name="Channel-20" provider="" sid="14" onid="65025" tsid="10" />
    <channel service_ref="1:0:25:000f:000a:fe01:01900000:0:0:0:" name="Channel-21" service_name="Channel-21" provider="" sid="15" onid="65025" tsid="10" />
    <channel service_ref="1:0:25:000a:000a:fe01:01900000:0:0:0:" name="Channel-22" service_name="Channel-22" provider="" sid="10" onid="65025" tsid="10" />
    <channel service_ref="1:0:25:000b:000a:fe01:01900000:0:0:0:" name="Channel-23" service_name="Channel-23" provider="" sid="11" onid="65025" tsid="10" />
    <channel service_ref="1:0:25:000c:000a:fe01:01900000:0:0:0:" name="Channel-24" service_name="Channel-24" provider="" sid="12" onid="65025" tsid="10" />
  </bouquet>
  <bouquet name="Switzerland" category="tv">
    <channel service_ref="1:0:25:0003:000a:fe01:01900000:0:0:0:" name="Channel-03" service_name="Channel-03" provider="" sid="3" onid="65025" tsid="10" />
    <channel service_ref="1:0:25:0005:000a:fe01:01900000:0:0:0:" name="Channel-05" service_name="Channel-05" provider="" sid="5" onid="65025" tsid="10" />
    <channel service_ref="1:0:25:000b:000a:fe01:01900000:0:0:0:" name="Channel-23" service_name="Channel-23" provider="" sid="11" onid="65025" tsid="10" />
  </bouquet>
  <bouquet name="Others" category="tv">
    <channel service_ref="1:0:25:0001:000a:fe01:01900000:0:0:0:" name="Channel-01" service_name="Channel-01" provider="" sid="1" onid="65025" tsid="10" />
    <channel service_ref="1:0:25:0002:000a:fe01:01900000:0:0:0:" name="Channel-02" service_name="Channel-02" provider="" sid="2" onid="65025" tsid="10" />
    <channel service_ref="1:0:25:0004:000a:fe01:01900000:0:0:0:" name="Channel-04" service_name="Channel-04" provider="" sid="4" onid="65025" tsid="10" />
    <channel service_ref="1:0:25:0006:000a:fe01:01900000:0:0:0:" name="Channel-06" service_name="Channel-06" provider="" sid="6" onid="65025" tsid="10" />
    <channel service_ref="1:0:25:0007:000a:fe01:01900000:0:0:0:" name="Channel-07" service_name="Channel-07" provider="" sid="7" onid="65025" tsid="10" />
    <channel service_ref="1:0:25:0008:000a:fe01:01900000:0:0:0:" name="Channel-08" service_name="Channel-08" provider="" sid="8" onid="65025" tsid="10" />
    <channel service_ref="1:0:25:0009:000a:fe01:01900000:0:0:0:" name="Channel-09" service_name="Channel-09" provider="" sid="9" onid="65025" tsid="10" />
    <channel service_ref="1:0:25:000d:000a:fe01:01900000:0:0:0:" name="Channel-19" service_name="Channel-19" provider="" sid="13" onid="65025" tsid="10" />
    <channel service_ref="1:0:25:000e:000a:fe01:01900000:0:0:0:" name="Channel-20" service_name="Channel-20" provider="" sid="14" onid="65025" tsid="10" />
    <channel service_ref="1:0:25:000f:000a:fe01:01900000:0:0:0:" name="Channel-21" service_name="Channel-21" provider="" sid="15" onid="65025" tsid="10" />
    <channel service_ref="1:0:25:000a:000a:fe01:01900000:0:0:0:" name="Channel-22" service_name="Channel-22" provider="" sid="10" onid="65025" tsid="10" />
    <channel service_ref="1:0:25:000c:000a:fe01:01900000:0:0:0:" name="Channel-24" service_name="Channel-24" provider="" sid="12" onid="65025" tsid="10" />
  </bouquet>
</zapit>
