<?xml version='1.0' encoding='utf-8'?>
<zapit api="4">
  <satellites>
    <satellite key="01900000:000a:fe01" name="Sat-40E" namespace="0x01900000" position="40">
      <transponder key="01900000:000a:fe01" frequency="11012000" symbol_rate="28243000" polarization="H" fec="4" system="0" modulation="0">
        <service id="0x0001" sid="1" name="Channel-01" type="25" provider="" onid="65025" tsid="10" namespace="0x01900000" />
        <service id="0x0002" sid="2" name="Channel-02" type="25" provider="" onid="65025" tsid="10" namespace="0x01900000" />
        <service id="0x0003" sid="3" name="Channel-03" type="25" provider="" onid="65025" tsid="10" namespace="0x01900000" />
        <service id="0x0004" sid="4" name="Channel-04" type="25" provider="" onid="65025" tsid="10" namespace="0x01900000" />
        <service id="0x0005" sid="5" name="Channel-05" type="25" provider="" onid="65025" tsid="10" namespace="0x01900000" />
        <service id="0x0006" sid="6" name="Channel-06" type="25" provider="" onid="65025" tsid="10" namespace="0x01900000" />
        <service id="0x0007" sid="7" name="Channel-07" type="25" provider="" onid="65025" tsid="10" namespace="0x01900000" />
        <service id="0x0008" sid="8" name="Channel-08" type="25" provider="" onid="65025" tsid="10" namespace="0x01900000" />
        <service id="0x0009" sid="9" name="Channel-09" type="25" provider="" onid="65025" tsid="10" namespace="0x01900000" />
        <service id="0x000d" sid="13" name="Channel-19" type="25" provider="" onid="65025" tsid="10" namespace="0x01900000" />
        <service id="0x000e" sid="14" name="Channel-20" type="25" provider="" onid="65025" tsid="10" namespace="0x01900000" />
        <service id="0x000f" sid="15" name="Channel-21" type="25" provider="" onid="65025" tsid="10" namespace="0x01900000" />
        <service id="0x000a" sid="10" name="Channel-22" type="25" provider="" onid="65025" tsid="10" namespace="0x01900000" />
        <service id="0x000b" sid="11" name="Channel-23" type="25" provider="" onid="65025" tsid="10" namespace="0x01900000" />
        <service id="0x000c" sid="12" name="Channel-24" type="25" provider="" onid="65025" tsid="10" namespace="0x01900000" />
      </transponder>
    </satellite>
  </satellites>
</zapit>
