<?xml version='1.0' encoding='utf-8'?>
<zapit api="4">
  <terrestrials>
    <terrestrial key="eeee0000:0385:0110" name="Mediaset" namespace="0xeeee0000">
      <transponder key="eeee0000:0385:0110" frequency="674000000" symbol_rate="0" polarization="H" fec="5" system="0" modulation="4">
        <service id="0x006a" sid="106" name="27Twentyseven HD" type="25" provider="Mediaset" onid="272" tsid="901" namespace="0xeeee0000" />
        <service id="0x009a" sid="154" name="27Twentyseven HD" type="25" provider="Mediaset" onid="272" tsid="901" namespace="0xeeee0000" />
        <service id="0x002b" sid="43" name="Iris HD" type="25" provider="Mediaset" onid="272" tsid="901" namespace="0xeeee0000" />
        <service id="0x003f" sid="63" name="Iris HD" type="25" provider="Mediaset" onid="272" tsid="901" namespace="0xeeee0000" />
        <service id="0x002a" sid="42" name="La5 HD" type="25" provider="Mediaset" onid="272" tsid="901" namespace="0xeeee0000" />
        <service id="0x003e" sid="62" name="La5 HD" type="25" provider="Mediaset" onid="272" tsid="901" namespace="0xeeee0000" />
        <service id="0x002c" sid="44" name="Mediaset Italia2 HD" type="25" provider="Mediaset" onid="272" tsid="901" namespace="0xeeee0000" />
        <service id="0x002d" sid="45" name="Mediaset Italia2 HD" type="25" provider="Mediaset" onid="272" tsid="901" namespace="0xeeee0000" />
        <service id="0x0029" sid="41" name="R101 TV" type="25" provider="Mediaset" onid="272" tsid="901" namespace="0xeeee0000" />
        <service id="0x006b" sid="107" name="R101 TV" type="25" provider="Mediaset" onid="272" tsid="901" namespace="0xeeee0000" />
        <service id="0x003d" sid="61" name="RADIO 105" type="25" provider="Mediaset" onid="272" tsid="901" namespace="0xeeee0000" />
        <service id="0x004a" sid="74" name="RADIO 105" type="25" provider="Mediaset" onid="272" tsid="901" namespace="0xeeee0000" />
        <service id="0x0030" sid="48" name="TGCOM24 HD" type="25" provider="Mediaset" onid="272" tsid="901" namespace="0xeeee0000" />
        <service id="0x0031" sid="49" name="TGCOM24 HD" type="25" provider="Mediaset" onid="272" tsid="901" namespace="0xeeee0000" />
        <service id="0x00a0" sid="160" name="tivu' la guida" type="25" provider="Mediaset" onid="272" tsid="901" namespace="0xeeee0000" />
        <service id="0x004f" sid="79" name="RADIO 105" type="2" provider="Mediaset" onid="272" tsid="901" namespace="0xeeee0000" radio="1" />
        <service id="0x007b" sid="123" name="Radio Monte Carlo" type="2" provider="Mediaset" onid="272" tsid="901" namespace="0xeeee0000" radio="1" />
        <service id="0x004e" sid="78" name="Radio R101" type="2" provider="Mediaset" onid="272" tsid="901" namespace="0xeeee0000" radio="1" />
        <service id="0x007a" sid="122" name="VIRGIN RADIO" type="2" provider="Mediaset" onid="272" tsid="901" namespace="0xeeee0000" radio="1" />
      </transponder>
    </terrestrial>
    <terrestrial key="eeee0000:0389:0110" name="Mediaset" namespace="0xeeee0000">
      <transponder key="eeee0000:0389:0110" frequency="594000000" symbol_rate="0" polarization="H" fec="5" system="0" modulation="4">
        <service id="0x0160" sid="352" name="Boing HD" type="25" provider="Mediaset" onid="272" tsid="905" namespace="0xeeee0000" />
        <service id="0x084c" sid="2124" name="Boing HD" type="25" provider="Mediaset" onid="272" tsid="905" namespace="0xeeee0000" />
        <service id="0x084e" sid="2126" name="Boing Plus" type="22" provider="Mediaset" onid="272" tsid="905" namespace="0xeeee0000" />
        <service id="0x084f" sid="2127" name="Boing Plus" type="22" provider="Mediaset" onid="272" tsid="905" namespace="0xeeee0000" />
        <service id="0x0161" sid="353" name="Cartoonito HD" type="25" provider="Mediaset" onid="272" tsid="905" namespace="0xeeee0000" />
        <service id="0x084d" sid="2125" name="Cartoonito HD" type="25" provider="Mediaset" onid="272" tsid="905" namespace="0xeeee0000" />
        <service id="0x016c" sid="364" name="Cine34 HD" type="25" provider="Mediaset" onid="272" tsid="905" namespace="0xeeee0000" />
        <service id="0x086a" sid="2154" name="Cine34 HD" type="25" provider="Mediaset" onid="272" tsid="905" namespace="0xeeee0000" />
        <service id="0x016b" sid="363" name="Focus HD" type="25" provider="Mediaset" onid="272" tsid="905" namespace="0xeeee0000" />
        <service id="0x086d" sid="2157" name="Focus HD" type="25" provider="Mediaset" onid="272" tsid="905" namespace="0xeeee0000" />
        <service id="0x0169" sid="361" name="QVC HD" type="25" provider="Mediaset" onid="272" tsid="905" namespace="0xeeee0000" />
        <service id="0x016a" sid="362" name="TOPcrime HD" type="25" provider="Mediaset" onid="272" tsid="905" namespace="0xeeee0000" />
        <service id="0x016d" sid="365" name="TOPcrime HD" type="25" provider="Mediaset" onid="272" tsid="905" namespace="0xeeee0000" />
      </transponder>
    </terrestrial>
    <terrestrial key="eeee0000:03a2:0110" name="Mediaset" namespace="0xeeee0000">
      <transponder key="eeee0000:03a2:0110" frequency="610000000" symbol_rate="0" polarization="H" fec="5" system="0" modulation="4">
        <service id="0x0bcc" sid="3020" name="20Mediaset HD" type="25" provider="Mediaset" onid="272" tsid="930" namespace="0xeeee0000" />
        <service id="0x0c30" sid="3120" name="20Mediaset HD" type="25" provider="Mediaset" onid="272" tsid="930" namespace="0xeeee0000" />
        <service id="0x0dc0" sid="3520" name="20Mediaset HD" type="25" provider="Mediaset" onid="272" tsid="930" namespace="0xeeee0000" />
        <service id="0x0bbd" sid="3005" name="Canale5 HD" type="25" provider="Mediaset" onid="272" tsid="930" namespace="0xeeee0000" />
        <service id="0x0c21" sid="3105" name="Canale5 HD" type="25" provider="Mediaset" onid="272" tsid="930" namespace="0xeeee0000" />
        <service id="0x0db1" sid="3505" name="Canale5 HD" type="25" provider="Mediaset" onid="272" tsid="930" namespace="0xeeee0000" />
        <service id="0x0bbe" sid="3006" name="Italia1 HD" type="25" provider="Mediaset" onid="272" tsid="930" namespace="0xeeee0000" />
        <service id="0x0c22" sid="3106" name="Italia1 HD" type="25" provider="Mediaset" onid="272" tsid="930" namespace="0xeeee0000" />
        <service id="0x0db2" sid="3506" name="Italia1 HD" type="25" provider="Mediaset" onid="272" tsid="930" namespace="0xeeee0000" />
        <service id="0x0bef" sid="3055" name="Mediaset Extra HD" type="25" provider="Mediaset" onid="272" tsid="930" namespace="0xeeee0000" />
        <service id="0x0de4" sid="3556" name="Mediaset Extra HD" type="25" provider="Mediaset" onid="272" tsid="930" namespace="0xeeee0000" />
        <service id="0x0bbc" sid="3004" name="Rete4 HD" type="25" provider="Mediaset" onid="272" tsid="930" namespace="0xeeee0000" />
        <service id="0x0c20" sid="3104" name="Rete4 HD" type="25" provider="Mediaset" onid="272" tsid="930" namespace="0xeeee0000" />
        <service id="0x0db0" sid="3504" name="Rete4 HD" type="25" provider="Mediaset" onid="272" tsid="930" namespace="0xeeee0000" />
        <service id="0x0c80" sid="3200" name="Test HEVC Main10" type="31" provider="Mediaset" onid="272" tsid="930" namespace="0xeeee0000" />
      </transponder>
    </terrestrial>
  </terrestrials>
</zapit>
