{
  "api_version": 4,
  "bouquet_count": "68",
  "category": "terrestrial",
  "deduplicated_services": "0",
  "display_name": "Canale-Italia",
  "lamedb_version": "4",
  "last_seen": "unknown",
  "region_code": "canale-italia",
  "service_count": "2994",
  "source": "work/ingest/oe-alliance/vhannibal.dual.feeds.and.dtt.lombardia/enigma2",
  "stale": "unknown",
  "stats": "{\"bouquet_count\": 44, \"cable_services\": 0, \"radio_services\": 407, \"sat_services\": 2674, \"terrestrial_services\": 320, \"total_services\": 2994}",
  "thresholds": "{\"cable\": 20, \"sat\": 50, \"terrestrial\": 20}",
  "transponder_count": "214"
}