<?xml version='1.0' encoding='utf-8'?>
<zapit>
  <bouquet name="General" category="tv">
    <channel service_ref="1:0:1:0001:0000:0000:01cc2b57:0:0:0:" name="1 TV Georgia" service_name="1 TV Georgia" provider="Vector A.G" sid="1" onid="0" tsid="0" />
    <channel service_ref="1:0:1:0002:0000:0000:01cc2b57:0:0:0:" name="Ajara TV" service_name="Ajara TV" provider="Vector A.G" sid="2" onid="0" tsid="0" />
    <channel service_ref="1:0:1:000b:0000:0000:01cc2b57:0:0:0:" name="Apostrof TV" service_name="Apostrof TV" provider="Vector A.G" sid="11" onid="0" tsid="0" />
    <channel service_ref="1:0:1:0003:0001:0000:01ccab10:0:0:0:" name="ARB Gunes HD" service_name="ARB Gunes HD" provider="" sid="3" onid="0" tsid="1" />
    <channel service_ref="1:0:1:0001:0001:0000:01ccab10:0:0:0:" name="ARB HD" service_name="ARB HD" provider="" sid="1" onid="0" tsid="1" />
    <channel service_ref="1:0:1:0002:0001:0000:01ccab10:0:0:0:" name="ARB24 HD" service_name="ARB24 HD" provider="" sid="2" onid="0" tsid="1" />
    <channel service_ref="1:0:1:001b:0000:0000:01cc2b57:0:0:0:" name="Azercosmos Promo" service_name="Azercosmos Promo" provider="Azercosmos" sid="27" onid="0" tsid="0" />
    <channel service_ref="1:0:1:000a:0000:0000:01cc2b57:0:0:0:" name="AzTV" service_name="AzTV" provider="Vector A.G" sid="10" onid="0" tsid="0" />
    <channel service_ref="1:0:1:000c:0000:0000:01cc2b57:0:0:0:" name="Baku TV" service_name="Baku TV" provider="Vector A.G" sid="12" onid="0" tsid="0" />
    <channel service_ref="1:0:1:000d:0000:0000:01cc2b57:0:0:0:" name="Comedy Arkhi" service_name="Comedy Arkhi" provider="Vector A.G" sid="13" onid="0" tsid="0" />
    <channel service_ref="1:0:1:001a:0000:0000:01cc2b57:0:0:0:" name="Equalympic TV" service_name="Equalympic TV" provider="Vector A.G" sid="26" onid="0" tsid="0" />
    <channel service_ref="1:0:1:0004:0000:0000:01cc2b57:0:0:0:" name="GDS TV" service_name="GDS TV" provider="Vector A.G" sid="4" onid="0" tsid="0" />
    <channel service_ref="1:0:1:0003:0000:0000:01cc2b57:0:0:0:" name="Imedi TV" service_name="Imedi TV" provider="Vector A.G" sid="3" onid="0" tsid="0" />
    <channel service_ref="1:0:1:0004:0001:0000:01ccab10:0:0:0:" name="Kanal S" service_name="Kanal S" provider="" sid="4" onid="0" tsid="1" />
    <channel service_ref="1:0:1:0012:0000:0000:01cc2b57:0:0:0:" name="Marao" service_name="Marao" provider="Vector A.G" sid="18" onid="0" tsid="0" />
    <channel service_ref="1:0:1:0013:0000:0000:01cc2b57:0:0:0:" name="Topaz 2" service_name="Topaz 2" provider="Vector A.G" sid="19" onid="0" tsid="0" />
    <channel service_ref="1:0:1:0006:0000:0000:01cc2b57:0:0:0:" name="TV Pirveli" service_name="TV Pirveli" provider="Vector A.G" sid="6" onid="0" tsid="0" />
  </bouquet>
  <bouquet name="Documentary" category="tv">
    <channel service_ref="1:0:1:0001:0000:0000:01cc2b57:0:0:0:" name="1 TV Georgia" service_name="1 TV Georgia" provider="Vector A.G" sid="1" onid="0" tsid="0" />
  </bouquet>
  <bouquet name="Resolution - HD" category="tv">
    <channel service_ref="1:0:1:0003:0001:0000:01ccab10:0:0:0:" name="ARB Gunes HD" service_name="ARB Gunes HD" provider="" sid="3" onid="0" tsid="1" />
    <channel service_ref="1:0:1:0001:0001:0000:01ccab10:0:0:0:" name="ARB HD" service_name="ARB HD" provider="" sid="1" onid="0" tsid="1" />
    <channel service_ref="1:0:1:0002:0001:0000:01ccab10:0:0:0:" name="ARB24 HD" service_name="ARB24 HD" provider="" sid="2" onid="0" tsid="1" />
  </bouquet>
  <bouquet name="Others" category="tv">
    <channel service_ref="1:0:1:0002:0000:0000:01cc2b57:0:0:0:" name="Ajara TV" service_name="Ajara TV" provider="Vector A.G" sid="2" onid="0" tsid="0" />
    <channel service_ref="1:0:1:000b:0000:0000:01cc2b57:0:0:0:" name="Apostrof TV" service_name="Apostrof TV" provider="Vector A.G" sid="11" onid="0" tsid="0" />
    <channel service_ref="1:0:1:0003:0001:0000:01ccab10:0:0:0:" name="ARB Gunes HD" service_name="ARB Gunes HD" provider="" sid="3" onid="0" tsid="1" />
    <channel service_ref="1:0:1:0001:0001:0000:01ccab10:0:0:0:" name="ARB HD" service_name="ARB HD" provider="" sid="1" onid="0" tsid="1" />
    <channel service_ref="1:0:1:0002:0001:0000:01ccab10:0:0:0:" name="ARB24 HD" service_name="ARB24 HD" provider="" sid="2" onid="0" tsid="1" />
    <channel service_ref="1:0:1:001b:0000:0000:01cc2b57:0:0:0:" name="Azercosmos Promo" service_name="Azercosmos Promo" provider="Azercosmos" sid="27" onid="0" tsid="0" />
    <channel service_ref="1:0:1:000a:0000:0000:01cc2b57:0:0:0:" name="AzTV" service_name="AzTV" provider="Vector A.G" sid="10" onid="0" tsid="0" />
    <channel service_ref="1:0:1:000c:0000:0000:01cc2b57:0:0:0:" name="Baku TV" service_name="Baku TV" provider="Vector A.G" sid="12" onid="0" tsid="0" />
    <channel service_ref="1:0:1:000d:0000:0000:01cc2b57:0:0:0:" name="Comedy Arkhi" service_name="Comedy Arkhi" provider="Vector A.G" sid="13" onid="0" tsid="0" />
    <channel service_ref="1:0:1:001a:0000:0000:01cc2b57:0:0:0:" name="Equalympic TV" service_name="Equalympic TV" provider="Vector A.G" sid="26" onid="0" tsid="0" />
    <channel service_ref="1:0:1:0004:0000:0000:01cc2b57:0:0:0:" name="GDS TV" service_name="GDS TV" provider="Vector A.G" sid="4" onid="0" tsid="0" />
    <channel service_ref="1:0:1:0003:0000:0000:01cc2b57:0:0:0:" name="Imedi TV" service_name="Imedi TV" provider="Vector A.G" sid="3" onid="0" tsid="0" />
    <channel service_ref="1:0:1:0004:0001:0000:01ccab10:0:0:0:" name="Kanal S" service_name="Kanal S" provider="" sid="4" onid="0" tsid="1" />
    <channel service_ref="1:0:1:0012:0000:0000:01cc2b57:0:0:0:" name="Marao" service_name="Marao" provider="Vector A.G" sid="18" onid="0" tsid="0" />
    <channel service_ref="1:0:1:0013:0000:0000:01cc2b57:0:0:0:" name="Topaz 2" service_name="Topaz 2" provider="Vector A.G" sid="19" onid="0" tsid="0" />
    <channel service_ref="1:0:1:0006:0000:0000:01cc2b57:0:0:0:" name="TV Pirveli" service_name="TV Pirveli" provider="Vector A.G" sid="6" onid="0" tsid="0" />
  </bouquet>
  <bouquet name="Radio" category="radio">
    <channel service_ref="1:0:2:0010:0000:0000:01cc2b57:0:0:0:" name="Georgian radio" service_name="Georgian radio" provider="Vector A.G" sid="16" onid="0" tsid="0" />
    <channel service_ref="1:0:2:0005:0001:0000:01ccab10:0:0:0:" name="Kepez_FM" service_name="Kepez_FM" provider="" sid="5" onid="0" tsid="1" />
    <channel service_ref="1:0:2:000e:0000:0000:01cc2b57:0:0:0:" name="radio 1 Arkhi Muz." service_name="radio 1 Arkhi Muz." provider="Vector A.G" sid="14" onid="0" tsid="0" />
    <channel service_ref="1:0:2:000f:0000:0000:01cc2b57:0:0:0:" name="radio Ajara" service_name="radio Ajara" provider="Vector A.G" sid="15" onid="0" tsid="0" />
    <channel service_ref="1:0:2:001d:0000:0000:01cc2b57:0:0:0:" name="radio Imedi" service_name="radio Imedi" provider="Vector A.G" sid="29" onid="0" tsid="0" />
    <channel service_ref="1:0:2:001e:0000:0000:01cc2b57:0:0:0:" name="radio Iveria" service_name="radio Iveria" provider="Vector A.G" sid="30" onid="0" tsid="0" />
    <channel service_ref="1:0:2:001f:0000:0000:01cc2b57:0:0:0:" name="radio Saz.Mau" service_name="radio Saz.Mau" provider="Vector A.G" sid="31" onid="0" tsid="0" />
  </bouquet>
  <bouquet name="Radio - Music" category="radio">
    <channel service_ref="1:0:2:0005:0001:0000:01ccab10:0:0:0:" name="Kepez_FM" service_name="Kepez_FM" provider="" sid="5" onid="0" tsid="1" />
  </bouquet>
</zapit>
