{
  "api_version": 4,
  "bouquet_count": "69",
  "category": "terrestrial",
  "deduplicated_services": "0",
  "display_name": "Canale-Italia",
  "lamedb_version": "4",
  "last_seen": "unknown",
  "region_code": "canale-italia",
  "service_count": "1875",
  "source": "work/ingest/oe-alliance/vhannibal.hotbird.and.dtt.campania/enigma2",
  "stale": "unknown",
  "stats": "{\"bouquet_count\": 42, \"cable_services\": 0, \"radio_services\": 263, \"sat_services\": 1566, \"terrestrial_services\": 309, \"total_services\": 1875}",
  "thresholds": "{\"cable\": 20, \"sat\": 50, \"terrestrial\": 20}",
  "transponder_count": "118"
}