<?xml version='1.0' encoding='utf-8'?>
<zapit>
  <bouquet name="General" category="tv">
    <channel service_ref="1:0:22:157c:d403:20bf:eeee0000:0:0:0:" name="24Kitchen" service_name="24Kitchen" provider="OIV" sid="5500" onid="8383" tsid="54275" />
    <channel service_ref="1:0:22:0c21:d405:20bf:eeee0000:0:0:0:" name="Al Jazeera Balkans" service_name="Al Jazeera Balkans" provider="OIV" sid="3105" onid="8383" tsid="54277" />
    <channel service_ref="1:0:22:05ee:d403:20bf:eeee0000:0:0:0:" name="Arenasport 1" service_name="Arenasport 1" provider="OIV" sid="1518" onid="8383" tsid="54275" />
    <channel service_ref="1:0:22:4fba:0019:20bf:eeee0000:0:0:0:" name="Arenasport 10" service_name="Arenasport 10" provider="OIV" sid="20410" onid="8383" tsid="25" />
    <channel service_ref="1:0:22:05ef:d403:20bf:eeee0000:0:0:0:" name="Arenasport 2" service_name="Arenasport 2" provider="OIV" sid="1519" onid="8383" tsid="54275" />
    <channel service_ref="1:0:22:151a:d403:20bf:eeee0000:0:0:0:" name="Arenasport 3" service_name="Arenasport 3" provider="OIV" sid="5402" onid="8383" tsid="54275" />
    <channel service_ref="1:0:22:151b:d403:20bf:eeee0000:0:0:0:" name="Arenasport 4" service_name="Arenasport 4" provider="OIV" sid="5403" onid="8383" tsid="54275" />
    <channel service_ref="1:0:22:151c:d403:20bf:eeee0000:0:0:0:" name="Arenasport 5" service_name="Arenasport 5" provider="OIV" sid="5404" onid="8383" tsid="54275" />
    <channel service_ref="1:0:22:151d:d403:20bf:eeee0000:0:0:0:" name="Arenasport 6" service_name="Arenasport 6" provider="OIV" sid="5405" onid="8383" tsid="54275" />
    <channel service_ref="1:0:25:4fb7:0019:20bf:eeee0000:0:0:0:" name="Arenasport 7" service_name="Arenasport 7" provider="OIV" sid="20407" onid="8383" tsid="25" />
    <channel service_ref="1:0:25:4fb8:0019:20bf:eeee0000:0:0:0:" name="Arenasport 8" service_name="Arenasport 8" provider="OIV" sid="20408" onid="8383" tsid="25" />
    <channel service_ref="1:0:22:4fb9:0019:20bf:eeee0000:0:0:0:" name="Arenasport 9" service_name="Arenasport 9" provider="OIV" sid="20409" onid="8383" tsid="25" />
    <channel service_ref="1:0:22:0c86:d405:20bf:eeee0000:0:0:0:" name="AXN" service_name="AXN" provider="OIV" sid="3206" onid="8383" tsid="54277" />
    <channel service_ref="1:0:22:14b6:d403:20bf:eeee0000:0:0:0:" name="Baby TV" service_name="Baby TV" provider="OIV" sid="5302" onid="8383" tsid="54275" />
    <channel service_ref="1:0:22:14b7:d403:20bf:eeee0000:0:0:0:" name="Boomerang" service_name="Boomerang" provider="OIV" sid="5303" onid="8383" tsid="54275" />
    <channel service_ref="1:0:22:14b8:d403:20bf:eeee0000:0:0:0:" name="Cartoon Network" service_name="Cartoon Network" provider="OIV" sid="5304" onid="8383" tsid="54275" />
    <channel service_ref="1:0:22:0c82:d405:20bf:eeee0000:0:0:0:" name="Cinemax" service_name="Cinemax" provider="OIV" sid="3202" onid="8383" tsid="54277" />
    <channel service_ref="1:0:22:0c83:d405:20bf:eeee0000:0:0:0:" name="Cinemax 2" service_name="Cinemax 2" provider="OIV" sid="3203" onid="8383" tsid="54277" />
    <channel service_ref="1:0:22:0c8a:d405:20bf:eeee0000:0:0:0:" name="Cinestar TV" service_name="Cinestar TV" provider="OIV" sid="3210" onid="8383" tsid="54277" />
    <channel service_ref="1:0:22:05b5:d403:20bf:eeee0000:0:0:0:" name="CineStar TV Action and Thriller" service_name="CineStar TV Action and Thriller" provider="OIV" sid="1461" onid="8383" tsid="54275" />
    <channel service_ref="1:0:22:05b6:d403:20bf:eeee0000:0:0:0:" name="CineStar TV Fantasy" service_name="CineStar TV Fantasy" provider="OIV" sid="1462" onid="8383" tsid="54275" />
    <channel service_ref="1:0:25:145f:d403:20bf:eeee0000:0:0:0:" name="CineStar TV Premiere 1 HD" service_name="CineStar TV Premiere 1 HD" provider="OIV" sid="5215" onid="8383" tsid="54275" />
    <channel service_ref="1:0:25:05b4:d403:20bf:eeee0000:0:0:0:" name="CineStar TV Premiere 2 HD" service_name="CineStar TV Premiere 2 HD" provider="OIV" sid="1460" onid="8383" tsid="54275" />
    <channel service_ref="1:0:31:07dd:0019:20bf:eeee0000:0:0:0:" name="CMC HD" service_name="CMC HD" provider="OIV" sid="2013" onid="8383" tsid="25" />
    <channel service_ref="1:0:22:0c22:d405:20bf:eeee0000:0:0:0:" name="CNN" service_name="CNN" provider="OIV" sid="3106" onid="8383" tsid="54277" />
    <channel service_ref="1:0:22:13ed:d403:20bf:eeee0000:0:0:0:" name="Da Vinci" service_name="Da Vinci" provider="OIV" sid="5101" onid="8383" tsid="54275" />
    <channel service_ref="1:0:22:15e3:d403:20bf:eeee0000:0:0:0:" name="DM Sat" service_name="DM Sat" provider="OIV" sid="5603" onid="8383" tsid="54275" />
    <channel service_ref="1:0:25:0c29:d405:20bf:eeee0000:0:0:0:" name="Doku TV HD" service_name="Doku TV HD" provider="OIV" sid="3113" onid="8383" tsid="54277" />
    <channel service_ref="1:0:31:03f0:000a:20bf:eeee0000:0:0:0:" name="Doma TV HD" service_name="Doma TV HD" provider="OIV" sid="1008" onid="8383" tsid="10" />
    <channel service_ref="1:0:22:0c28:d405:20bf:eeee0000:0:0:0:" name="Epic Drama" service_name="Epic Drama" provider="OIV" sid="3112" onid="8383" tsid="54277" />
    <channel service_ref="1:0:22:0c1c:d405:20bf:eeee0000:0:0:0:" name="EVOtv info" service_name="EVOtv info" provider="OIV" sid="3100" onid="8383" tsid="54277" />
    <channel service_ref="1:0:22:4e9b:0019:20bf:eeee0000:0:0:0:" name="EVOtv info" service_name="EVOtv info" provider="OIV" sid="20123" onid="8383" tsid="25" />
    <channel service_ref="1:0:22:0c1f:d405:20bf:eeee0000:0:0:0:" name="EVOtv portal" service_name="EVOtv portal" provider="OIV" sid="3103" onid="8383" tsid="54277" />
    <channel service_ref="1:0:25:4e9d:0019:20bf:eeee0000:0:0:0:" name="EVOtv promo" service_name="EVOtv promo" provider="OIV" sid="20125" onid="8383" tsid="25" />
    <channel service_ref="1:0:22:0c8b:d405:20bf:eeee0000:0:0:0:" name="FOX" service_name="FOX" provider="OIV" sid="3211" onid="8383" tsid="54277" />
    <channel service_ref="1:0:22:05b7:d403:20bf:eeee0000:0:0:0:" name="Fox Crime" service_name="Fox Crime" provider="OIV" sid="1463" onid="8383" tsid="54275" />
    <channel service_ref="1:0:22:0c8c:d405:20bf:eeee0000:0:0:0:" name="FOX Life" service_name="FOX Life" provider="OIV" sid="3212" onid="8383" tsid="54277" />
    <channel service_ref="1:0:22:05b8:d403:20bf:eeee0000:0:0:0:" name="Fox Movies" service_name="Fox Movies" provider="OIV" sid="1464" onid="8383" tsid="54275" />
    <channel service_ref="1:0:25:0c7f:d405:20bf:eeee0000:0:0:0:" name="HBO HD" service_name="HBO HD" provider="OIV" sid="3199" onid="8383" tsid="54277" />
    <channel service_ref="1:0:25:0c80:d405:20bf:eeee0000:0:0:0:" name="HBO2 HD" service_name="HBO2 HD" provider="OIV" sid="3200" onid="8383" tsid="54277" />
    <channel service_ref="1:0:25:0c81:d405:20bf:eeee0000:0:0:0:" name="HBO3 HD" service_name="HBO3 HD" provider="OIV" sid="3201" onid="8383" tsid="54277" />
    <channel service_ref="1:0:22:151e:d403:20bf:eeee0000:0:0:0:" name="HNTV" service_name="HNTV" provider="OIV" sid="5406" onid="8383" tsid="54275" />
    <channel service_ref="1:0:31:03ed:000a:20bf:eeee0000:0:0:0:" name="HRT3 HD" service_name="HRT3 HD" provider="OIV" sid="1005" onid="8383" tsid="10" />
    <channel service_ref="1:0:31:03ee:000a:20bf:eeee0000:0:0:0:" name="HRT4 HD" service_name="HRT4 HD" provider="OIV" sid="1006" onid="8383" tsid="10" />
    <channel service_ref="1:0:31:03e9:000a:20bf:eeee0000:0:0:0:" name="HTV1 HD" service_name="HTV1 HD" provider="OIV" sid="1001" onid="8383" tsid="10" />
    <channel service_ref="1:0:31:03ea:000a:20bf:eeee0000:0:0:0:" name="HTV2 HD" service_name="HTV2 HD" provider="OIV" sid="1002" onid="8383" tsid="10" />
    <channel service_ref="1:0:22:15e4:d403:20bf:eeee0000:0:0:0:" name="Jugoton" service_name="Jugoton" provider="OIV" sid="5604" onid="8383" tsid="54275" />
    <channel service_ref="1:0:31:09e8:0019:20bf:eeee0000:0:0:0:" name="KANAL RI HD" service_name="KANAL RI HD" provider="OIV" sid="2536" onid="8383" tsid="25" />
    <channel service_ref="1:0:22:0c89:d405:20bf:eeee0000:0:0:0:" name="Kino TV" service_name="Kino TV" provider="OIV" sid="3209" onid="8383" tsid="54277" />
    <channel service_ref="1:0:22:0c84:d405:20bf:eeee0000:0:0:0:" name="Klasik TV" service_name="Klasik TV" provider="OIV" sid="3204" onid="8383" tsid="54277" />
    <channel service_ref="1:0:22:13ee:d403:20bf:eeee0000:0:0:0:" name="Laudato TV" service_name="Laudato TV" provider="OIV" sid="5102" onid="8383" tsid="54275" />
    <channel service_ref="1:0:22:0c8d:d405:20bf:eeee0000:0:0:0:" name="M1 FILM" service_name="M1 FILM" provider="OIV" sid="3213" onid="8383" tsid="54277" />
    <channel service_ref="1:0:22:0c8e:d405:20bf:eeee0000:0:0:0:" name="M1 GOLD" service_name="M1 GOLD" provider="OIV" sid="3214" onid="8383" tsid="54277" />
    <channel service_ref="1:0:22:15e0:d403:20bf:eeee0000:0:0:0:" name="MTV" service_name="MTV" provider="OIV" sid="5600" onid="8383" tsid="54275" />
    <channel service_ref="1:0:22:15e1:d403:20bf:eeee0000:0:0:0:" name="MTV 00s" service_name="MTV 00s" provider="OIV" sid="5601" onid="8383" tsid="54275" />
    <channel service_ref="1:0:22:0c24:d405:20bf:eeee0000:0:0:0:" name="NatGeo Wild" service_name="NatGeo Wild" provider="OIV" sid="3108" onid="8383" tsid="54277" />
    <channel service_ref="1:0:22:0c23:d405:20bf:eeee0000:0:0:0:" name="National Geographic" service_name="National Geographic" provider="OIV" sid="3107" onid="8383" tsid="54277" />
    <channel service_ref="1:0:22:14ba:d403:20bf:eeee0000:0:0:0:" name="Nick Jr." service_name="Nick Jr." provider="OIV" sid="5306" onid="8383" tsid="54275" />
    <channel service_ref="1:0:22:14b9:d403:20bf:eeee0000:0:0:0:" name="Nickelodeon" service_name="Nickelodeon" provider="OIV" sid="5305" onid="8383" tsid="54275" />
    <channel service_ref="1:0:22:14b4:d403:20bf:eeee0000:0:0:0:" name="Nicktoons" service_name="Nicktoons" provider="OIV" sid="5300" onid="8383" tsid="54275" />
    <channel service_ref="1:0:31:03ec:000a:20bf:eeee0000:0:0:0:" name="NOVA TV HD" service_name="NOVA TV HD" provider="OIV" sid="1004" onid="8383" tsid="10" />
    <channel service_ref="1:0:22:0c87:d405:20bf:eeee0000:0:0:0:" name="Pickbox TV" service_name="Pickbox TV" provider="OIV" sid="3207" onid="8383" tsid="54277" />
    <channel service_ref="1:0:31:03ef:000a:20bf:eeee0000:0:0:0:" name="RTL 2 HD" service_name="RTL 2 HD" provider="OIV" sid="1007" onid="8383" tsid="10" />
    <channel service_ref="1:0:22:15e6:d403:20bf:eeee0000:0:0:0:" name="RTL Adria" service_name="RTL Adria" provider="OIV" sid="5606" onid="8383" tsid="54275" />
    <channel service_ref="1:0:22:15e5:d403:20bf:eeee0000:0:0:0:" name="RTL Crime" service_name="RTL Crime" provider="OIV" sid="5605" onid="8383" tsid="54275" />
    <channel service_ref="1:0:31:03eb:000a:20bf:eeee0000:0:0:0:" name="RTL HD" service_name="RTL HD" provider="OIV" sid="1003" onid="8383" tsid="10" />
    <channel service_ref="1:0:31:07dc:0019:20bf:eeee0000:0:0:0:" name="RTL KOCKICA HD" service_name="RTL KOCKICA HD" provider="OIV" sid="2012" onid="8383" tsid="25" />
    <channel service_ref="1:0:22:0c88:d405:20bf:eeee0000:0:0:0:" name="RTL Living" service_name="RTL Living" provider="OIV" sid="3208" onid="8383" tsid="54277" />
    <channel service_ref="1:0:22:15e7:d403:20bf:eeee0000:0:0:0:" name="RTL Passion" service_name="RTL Passion" provider="OIV" sid="5607" onid="8383" tsid="54275" />
    <channel service_ref="1:0:31:07db:0019:20bf:eeee0000:0:0:0:" name="Sportska televizija HD" service_name="Sportska televizija HD" provider="OIV" sid="2011" onid="8383" tsid="25" />
    <channel service_ref="1:0:22:14b5:d403:20bf:eeee0000:0:0:0:" name="Toon kids" service_name="Toon kids" provider="OIV" sid="5301" onid="8383" tsid="54275" />
    <channel service_ref="1:0:31:09ea:0019:20bf:eeee0000:0:0:0:" name="TV NOVA HD" service_name="TV NOVA HD" provider="OIV" sid="2538" onid="8383" tsid="25" />
    <channel service_ref="1:0:22:0c85:d405:20bf:eeee0000:0:0:0:" name="TV1000" service_name="TV1000" provider="OIV" sid="3205" onid="8383" tsid="54277" />
    <channel service_ref="1:0:22:0c25:d405:20bf:eeee0000:0:0:0:" name="Viasat Explore" service_name="Viasat Explore" provider="OIV" sid="3109" onid="8383" tsid="54277" />
    <channel service_ref="1:0:22:0c26:d405:20bf:eeee0000:0:0:0:" name="Viasat History" service_name="Viasat History" provider="OIV" sid="3110" onid="8383" tsid="54277" />
    <channel service_ref="1:0:25:0c2a:d405:20bf:eeee0000:0:0:0:" name="Viasat Nature HD" service_name="Viasat Nature HD" provider="OIV" sid="3114" onid="8383" tsid="54277" />
    <channel service_ref="1:0:22:068d:d403:20bf:eeee0000:0:0:0:" name="Vivid" service_name="Vivid" provider="OIV" sid="1677" onid="8383" tsid="54275" />
  </bouquet>
  <bouquet name="Movies" category="tv">
    <channel service_ref="1:0:22:0c82:d405:20bf:eeee0000:0:0:0:" name="Cinemax" service_name="Cinemax" provider="OIV" sid="3202" onid="8383" tsid="54277" />
    <channel service_ref="1:0:22:0c83:d405:20bf:eeee0000:0:0:0:" name="Cinemax 2" service_name="Cinemax 2" provider="OIV" sid="3203" onid="8383" tsid="54277" />
    <channel service_ref="1:0:22:0c8a:d405:20bf:eeee0000:0:0:0:" name="Cinestar TV" service_name="Cinestar TV" provider="OIV" sid="3210" onid="8383" tsid="54277" />
    <channel service_ref="1:0:22:05b5:d403:20bf:eeee0000:0:0:0:" name="CineStar TV Action and Thriller" service_name="CineStar TV Action and Thriller" provider="OIV" sid="1461" onid="8383" tsid="54275" />
    <channel service_ref="1:0:22:05b6:d403:20bf:eeee0000:0:0:0:" name="CineStar TV Fantasy" service_name="CineStar TV Fantasy" provider="OIV" sid="1462" onid="8383" tsid="54275" />
    <channel service_ref="1:0:25:145f:d403:20bf:eeee0000:0:0:0:" name="CineStar TV Premiere 1 HD" service_name="CineStar TV Premiere 1 HD" provider="OIV" sid="5215" onid="8383" tsid="54275" />
    <channel service_ref="1:0:25:05b4:d403:20bf:eeee0000:0:0:0:" name="CineStar TV Premiere 2 HD" service_name="CineStar TV Premiere 2 HD" provider="OIV" sid="1460" onid="8383" tsid="54275" />
    <channel service_ref="1:0:22:05b8:d403:20bf:eeee0000:0:0:0:" name="Fox Movies" service_name="Fox Movies" provider="OIV" sid="1464" onid="8383" tsid="54275" />
    <channel service_ref="1:0:22:0c8d:d405:20bf:eeee0000:0:0:0:" name="M1 FILM" service_name="M1 FILM" provider="OIV" sid="3213" onid="8383" tsid="54277" />
  </bouquet>
  <bouquet name="Series" category="tv">
    <channel service_ref="1:0:22:0c28:d405:20bf:eeee0000:0:0:0:" name="Epic Drama" service_name="Epic Drama" provider="OIV" sid="3112" onid="8383" tsid="54277" />
  </bouquet>
  <bouquet name="Sports" category="tv">
    <channel service_ref="1:0:22:05ee:d403:20bf:eeee0000:0:0:0:" name="Arenasport 1" service_name="Arenasport 1" provider="OIV" sid="1518" onid="8383" tsid="54275" />
    <channel service_ref="1:0:22:4fba:0019:20bf:eeee0000:0:0:0:" name="Arenasport 10" service_name="Arenasport 10" provider="OIV" sid="20410" onid="8383" tsid="25" />
    <channel service_ref="1:0:22:05ef:d403:20bf:eeee0000:0:0:0:" name="Arenasport 2" service_name="Arenasport 2" provider="OIV" sid="1519" onid="8383" tsid="54275" />
    <channel service_ref="1:0:22:151a:d403:20bf:eeee0000:0:0:0:" name="Arenasport 3" service_name="Arenasport 3" provider="OIV" sid="5402" onid="8383" tsid="54275" />
    <channel service_ref="1:0:22:151b:d403:20bf:eeee0000:0:0:0:" name="Arenasport 4" service_name="Arenasport 4" provider="OIV" sid="5403" onid="8383" tsid="54275" />
    <channel service_ref="1:0:22:151c:d403:20bf:eeee0000:0:0:0:" name="Arenasport 5" service_name="Arenasport 5" provider="OIV" sid="5404" onid="8383" tsid="54275" />
    <channel service_ref="1:0:22:151d:d403:20bf:eeee0000:0:0:0:" name="Arenasport 6" service_name="Arenasport 6" provider="OIV" sid="5405" onid="8383" tsid="54275" />
    <channel service_ref="1:0:25:4fb7:0019:20bf:eeee0000:0:0:0:" name="Arenasport 7" service_name="Arenasport 7" provider="OIV" sid="20407" onid="8383" tsid="25" />
    <channel service_ref="1:0:25:4fb8:0019:20bf:eeee0000:0:0:0:" name="Arenasport 8" service_name="Arenasport 8" provider="OIV" sid="20408" onid="8383" tsid="25" />
    <channel service_ref="1:0:22:4fb9:0019:20bf:eeee0000:0:0:0:" name="Arenasport 9" service_name="Arenasport 9" provider="OIV" sid="20409" onid="8383" tsid="25" />
    <channel service_ref="1:0:31:07db:0019:20bf:eeee0000:0:0:0:" name="Sportska televizija HD" service_name="Sportska televizija HD" provider="OIV" sid="2011" onid="8383" tsid="25" />
  </bouquet>
  <bouquet name="Kids" category="tv">
    <channel service_ref="1:0:22:14b7:d403:20bf:eeee0000:0:0:0:" name="Boomerang" service_name="Boomerang" provider="OIV" sid="5303" onid="8383" tsid="54275" />
    <channel service_ref="1:0:22:14b8:d403:20bf:eeee0000:0:0:0:" name="Cartoon Network" service_name="Cartoon Network" provider="OIV" sid="5304" onid="8383" tsid="54275" />
    <channel service_ref="1:0:22:14b9:d403:20bf:eeee0000:0:0:0:" name="Nickelodeon" service_name="Nickelodeon" provider="OIV" sid="5305" onid="8383" tsid="54275" />
    <channel service_ref="1:0:22:14b5:d403:20bf:eeee0000:0:0:0:" name="Toon kids" service_name="Toon kids" provider="OIV" sid="5301" onid="8383" tsid="54275" />
  </bouquet>
  <bouquet name="Music" category="tv">
    <channel service_ref="1:0:22:15e0:d403:20bf:eeee0000:0:0:0:" name="MTV" service_name="MTV" provider="OIV" sid="5600" onid="8383" tsid="54275" />
    <channel service_ref="1:0:22:15e1:d403:20bf:eeee0000:0:0:0:" name="MTV 00s" service_name="MTV 00s" provider="OIV" sid="5601" onid="8383" tsid="54275" />
  </bouquet>
  <bouquet name="Documentary" category="tv">
    <channel service_ref="1:0:25:0c29:d405:20bf:eeee0000:0:0:0:" name="Doku TV HD" service_name="Doku TV HD" provider="OIV" sid="3113" onid="8383" tsid="54277" />
    <channel service_ref="1:0:22:0c24:d405:20bf:eeee0000:0:0:0:" name="NatGeo Wild" service_name="NatGeo Wild" provider="OIV" sid="3108" onid="8383" tsid="54277" />
    <channel service_ref="1:0:22:0c23:d405:20bf:eeee0000:0:0:0:" name="National Geographic" service_name="National Geographic" provider="OIV" sid="3107" onid="8383" tsid="54277" />
    <channel service_ref="1:0:22:0c26:d405:20bf:eeee0000:0:0:0:" name="Viasat History" service_name="Viasat History" provider="OIV" sid="3110" onid="8383" tsid="54277" />
  </bouquet>
  <bouquet name="RTL" category="tv">
    <channel service_ref="1:0:22:151e:d403:20bf:eeee0000:0:0:0:" name="HNTV" service_name="HNTV" provider="OIV" sid="5406" onid="8383" tsid="54275" />
    <channel service_ref="1:0:31:03ef:000a:20bf:eeee0000:0:0:0:" name="RTL 2 HD" service_name="RTL 2 HD" provider="OIV" sid="1007" onid="8383" tsid="10" />
    <channel service_ref="1:0:22:15e6:d403:20bf:eeee0000:0:0:0:" name="RTL Adria" service_name="RTL Adria" provider="OIV" sid="5606" onid="8383" tsid="54275" />
    <channel service_ref="1:0:22:15e5:d403:20bf:eeee0000:0:0:0:" name="RTL Crime" service_name="RTL Crime" provider="OIV" sid="5605" onid="8383" tsid="54275" />
    <channel service_ref="1:0:31:03eb:000a:20bf:eeee0000:0:0:0:" name="RTL HD" service_name="RTL HD" provider="OIV" sid="1003" onid="8383" tsid="10" />
    <channel service_ref="1:0:31:07dc:0019:20bf:eeee0000:0:0:0:" name="RTL KOCKICA HD" service_name="RTL KOCKICA HD" provider="OIV" sid="2012" onid="8383" tsid="25" />
    <channel service_ref="1:0:22:0c88:d405:20bf:eeee0000:0:0:0:" name="RTL Living" service_name="RTL Living" provider="OIV" sid="3208" onid="8383" tsid="54277" />
    <channel service_ref="1:0:22:15e7:d403:20bf:eeee0000:0:0:0:" name="RTL Passion" service_name="RTL Passion" provider="OIV" sid="5607" onid="8383" tsid="54275" />
  </bouquet>
  <bouquet name="ARD/ZDF" category="tv">
    <channel service_ref="1:0:31:03ed:000a:20bf:eeee0000:0:0:0:" name="HRT3 HD" service_name="HRT3 HD" provider="OIV" sid="1005" onid="8383" tsid="10" />
    <channel service_ref="1:0:31:03ee:000a:20bf:eeee0000:0:0:0:" name="HRT4 HD" service_name="HRT4 HD" provider="OIV" sid="1006" onid="8383" tsid="10" />
  </bouquet>
  <bouquet name="Switzerland" category="tv">
    <channel service_ref="1:0:25:0c81:d405:20bf:eeee0000:0:0:0:" name="HBO3 HD" service_name="HBO3 HD" provider="OIV" sid="3201" onid="8383" tsid="54277" />
  </bouquet>
  <bouquet name="Resolution - HD" category="tv">
    <channel service_ref="1:0:25:145f:d403:20bf:eeee0000:0:0:0:" name="CineStar TV Premiere 1 HD" service_name="CineStar TV Premiere 1 HD" provider="OIV" sid="5215" onid="8383" tsid="54275" />
    <channel service_ref="1:0:25:05b4:d403:20bf:eeee0000:0:0:0:" name="CineStar TV Premiere 2 HD" service_name="CineStar TV Premiere 2 HD" provider="OIV" sid="1460" onid="8383" tsid="54275" />
    <channel service_ref="1:0:31:07dd:0019:20bf:eeee0000:0:0:0:" name="CMC HD" service_name="CMC HD" provider="OIV" sid="2013" onid="8383" tsid="25" />
    <channel service_ref="1:0:25:0c29:d405:20bf:eeee0000:0:0:0:" name="Doku TV HD" service_name="Doku TV HD" provider="OIV" sid="3113" onid="8383" tsid="54277" />
    <channel service_ref="1:0:31:03f0:000a:20bf:eeee0000:0:0:0:" name="Doma TV HD" service_name="Doma TV HD" provider="OIV" sid="1008" onid="8383" tsid="10" />
    <channel service_ref="1:0:25:0c7f:d405:20bf:eeee0000:0:0:0:" name="HBO HD" service_name="HBO HD" provider="OIV" sid="3199" onid="8383" tsid="54277" />
    <channel service_ref="1:0:25:0c80:d405:20bf:eeee0000:0:0:0:" name="HBO2 HD" service_name="HBO2 HD" provider="OIV" sid="3200" onid="8383" tsid="54277" />
    <channel service_ref="1:0:25:0c81:d405:20bf:eeee0000:0:0:0:" name="HBO3 HD" service_name="HBO3 HD" provider="OIV" sid="3201" onid="8383" tsid="54277" />
    <channel service_ref="1:0:31:03ed:000a:20bf:eeee0000:0:0:0:" name="HRT3 HD" service_name="HRT3 HD" provider="OIV" sid="1005" onid="8383" tsid="10" />
    <channel service_ref="1:0:31:03ee:000a:20bf:eeee0000:0:0:0:" name="HRT4 HD" service_name="HRT4 HD" provider="OIV" sid="1006" onid="8383" tsid="10" />
    <channel service_ref="1:0:31:03e9:000a:20bf:eeee0000:0:0:0:" name="HTV1 HD" service_name="HTV1 HD" provider="OIV" sid="1001" onid="8383" tsid="10" />
    <channel service_ref="1:0:31:03ea:000a:20bf:eeee0000:0:0:0:" name="HTV2 HD" service_name="HTV2 HD" provider="OIV" sid="1002" onid="8383" tsid="10" />
    <channel service_ref="1:0:31:09e8:0019:20bf:eeee0000:0:0:0:" name="KANAL RI HD" service_name="KANAL RI HD" provider="OIV" sid="2536" onid="8383" tsid="25" />
    <channel service_ref="1:0:31:03ec:000a:20bf:eeee0000:0:0:0:" name="NOVA TV HD" service_name="NOVA TV HD" provider="OIV" sid="1004" onid="8383" tsid="10" />
    <channel service_ref="1:0:31:03ef:000a:20bf:eeee0000:0:0:0:" name="RTL 2 HD" service_name="RTL 2 HD" provider="OIV" sid="1007" onid="8383" tsid="10" />
    <channel service_ref="1:0:31:03eb:000a:20bf:eeee0000:0:0:0:" name="RTL HD" service_name="RTL HD" provider="OIV" sid="1003" onid="8383" tsid="10" />
    <channel service_ref="1:0:31:07dc:0019:20bf:eeee0000:0:0:0:" name="RTL KOCKICA HD" service_name="RTL KOCKICA HD" provider="OIV" sid="2012" onid="8383" tsid="25" />
    <channel service_ref="1:0:31:07db:0019:20bf:eeee0000:0:0:0:" name="Sportska televizija HD" service_name="Sportska televizija HD" provider="OIV" sid="2011" onid="8383" tsid="25" />
    <channel service_ref="1:0:31:09ea:0019:20bf:eeee0000:0:0:0:" name="TV NOVA HD" service_name="TV NOVA HD" provider="OIV" sid="2538" onid="8383" tsid="25" />
    <channel service_ref="1:0:25:0c2a:d405:20bf:eeee0000:0:0:0:" name="Viasat Nature HD" service_name="Viasat Nature HD" provider="OIV" sid="3114" onid="8383" tsid="54277" />
  </bouquet>
  <bouquet name="International" category="tv">
    <channel service_ref="1:0:31:03ec:000a:20bf:eeee0000:0:0:0:" name="NOVA TV HD" service_name="NOVA TV HD" provider="OIV" sid="1004" onid="8383" tsid="10" />
    <channel service_ref="1:0:31:09ea:0019:20bf:eeee0000:0:0:0:" name="TV NOVA HD" service_name="TV NOVA HD" provider="OIV" sid="2538" onid="8383" tsid="25" />
  </bouquet>
  <bouquet name="UHD/4K" category="tv">
    <channel service_ref="1:0:22:157c:d403:20bf:eeee0000:0:0:0:" name="24Kitchen" service_name="24Kitchen" provider="OIV" sid="5500" onid="8383" tsid="54275" />
  </bouquet>
  <bouquet name="Others" category="tv">
    <channel service_ref="1:0:22:0c21:d405:20bf:eeee0000:0:0:0:" name="Al Jazeera Balkans" service_name="Al Jazeera Balkans" provider="OIV" sid="3105" onid="8383" tsid="54277" />
    <channel service_ref="1:0:22:0c86:d405:20bf:eeee0000:0:0:0:" name="AXN" service_name="AXN" provider="OIV" sid="3206" onid="8383" tsid="54277" />
    <channel service_ref="1:0:22:14b6:d403:20bf:eeee0000:0:0:0:" name="Baby TV" service_name="Baby TV" provider="OIV" sid="5302" onid="8383" tsid="54275" />
    <channel service_ref="1:0:31:07dd:0019:20bf:eeee0000:0:0:0:" name="CMC HD" service_name="CMC HD" provider="OIV" sid="2013" onid="8383" tsid="25" />
    <channel service_ref="1:0:22:0c22:d405:20bf:eeee0000:0:0:0:" name="CNN" service_name="CNN" provider="OIV" sid="3106" onid="8383" tsid="54277" />
    <channel service_ref="1:0:22:13ed:d403:20bf:eeee0000:0:0:0:" name="Da Vinci" service_name="Da Vinci" provider="OIV" sid="5101" onid="8383" tsid="54275" />
    <channel service_ref="1:0:22:15e3:d403:20bf:eeee0000:0:0:0:" name="DM Sat" service_name="DM Sat" provider="OIV" sid="5603" onid="8383" tsid="54275" />
    <channel service_ref="1:0:31:03f0:000a:20bf:eeee0000:0:0:0:" name="Doma TV HD" service_name="Doma TV HD" provider="OIV" sid="1008" onid="8383" tsid="10" />
    <channel service_ref="1:0:22:0c1c:d405:20bf:eeee0000:0:0:0:" name="EVOtv info" service_name="EVOtv info" provider="OIV" sid="3100" onid="8383" tsid="54277" />
    <channel service_ref="1:0:22:4e9b:0019:20bf:eeee0000:0:0:0:" name="EVOtv info" service_name="EVOtv info" provider="OIV" sid="20123" onid="8383" tsid="25" />
    <channel service_ref="1:0:22:0c1f:d405:20bf:eeee0000:0:0:0:" name="EVOtv portal" service_name="EVOtv portal" provider="OIV" sid="3103" onid="8383" tsid="54277" />
    <channel service_ref="1:0:25:4e9d:0019:20bf:eeee0000:0:0:0:" name="EVOtv promo" service_name="EVOtv promo" provider="OIV" sid="20125" onid="8383" tsid="25" />
    <channel service_ref="1:0:22:0c8b:d405:20bf:eeee0000:0:0:0:" name="FOX" service_name="FOX" provider="OIV" sid="3211" onid="8383" tsid="54277" />
    <channel service_ref="1:0:22:05b7:d403:20bf:eeee0000:0:0:0:" name="Fox Crime" service_name="Fox Crime" provider="OIV" sid="1463" onid="8383" tsid="54275" />
    <channel service_ref="1:0:22:0c8c:d405:20bf:eeee0000:0:0:0:" name="FOX Life" service_name="FOX Life" provider="OIV" sid="3212" onid="8383" tsid="54277" />
    <channel service_ref="1:0:25:0c7f:d405:20bf:eeee0000:0:0:0:" name="HBO HD" service_name="HBO HD" provider="OIV" sid="3199" onid="8383" tsid="54277" />
    <channel service_ref="1:0:25:0c80:d405:20bf:eeee0000:0:0:0:" name="HBO2 HD" service_name="HBO2 HD" provider="OIV" sid="3200" onid="8383" tsid="54277" />
    <channel service_ref="1:0:31:03e9:000a:20bf:eeee0000:0:0:0:" name="HTV1 HD" service_name="HTV1 HD" provider="OIV" sid="1001" onid="8383" tsid="10" />
    <channel service_ref="1:0:31:03ea:000a:20bf:eeee0000:0:0:0:" name="HTV2 HD" service_name="HTV2 HD" provider="OIV" sid="1002" onid="8383" tsid="10" />
    <channel service_ref="1:0:22:15e4:d403:20bf:eeee0000:0:0:0:" name="Jugoton" service_name="Jugoton" provider="OIV" sid="5604" onid="8383" tsid="54275" />
    <channel service_ref="1:0:31:09e8:0019:20bf:eeee0000:0:0:0:" name="KANAL RI HD" service_name="KANAL RI HD" provider="OIV" sid="2536" onid="8383" tsid="25" />
    <channel service_ref="1:0:22:0c89:d405:20bf:eeee0000:0:0:0:" name="Kino TV" service_name="Kino TV" provider="OIV" sid="3209" onid="8383" tsid="54277" />
    <channel service_ref="1:0:22:0c84:d405:20bf:eeee0000:0:0:0:" name="Klasik TV" service_name="Klasik TV" provider="OIV" sid="3204" onid="8383" tsid="54277" />
    <channel service_ref="1:0:22:13ee:d403:20bf:eeee0000:0:0:0:" name="Laudato TV" service_name="Laudato TV" provider="OIV" sid="5102" onid="8383" tsid="54275" />
    <channel service_ref="1:0:22:0c8e:d405:20bf:eeee0000:0:0:0:" name="M1 GOLD" service_name="M1 GOLD" provider="OIV" sid="3214" onid="8383" tsid="54277" />
    <channel service_ref="1:0:22:14ba:d403:20bf:eeee0000:0:0:0:" name="Nick Jr." service_name="Nick Jr." provider="OIV" sid="5306" onid="8383" tsid="54275" />
    <channel service_ref="1:0:22:14b4:d403:20bf:eeee0000:0:0:0:" name="Nicktoons" service_name="Nicktoons" provider="OIV" sid="5300" onid="8383" tsid="54275" />
    <channel service_ref="1:0:22:0c87:d405:20bf:eeee0000:0:0:0:" name="Pickbox TV" service_name="Pickbox TV" provider="OIV" sid="3207" onid="8383" tsid="54277" />
    <channel service_ref="1:0:22:0c85:d405:20bf:eeee0000:0:0:0:" name="TV1000" service_name="TV1000" provider="OIV" sid="3205" onid="8383" tsid="54277" />
    <channel service_ref="1:0:22:0c25:d405:20bf:eeee0000:0:0:0:" name="Viasat Explore" service_name="Viasat Explore" provider="OIV" sid="3109" onid="8383" tsid="54277" />
    <channel service_ref="1:0:25:0c2a:d405:20bf:eeee0000:0:0:0:" name="Viasat Nature HD" service_name="Viasat Nature HD" provider="OIV" sid="3114" onid="8383" tsid="54277" />
    <channel service_ref="1:0:22:068d:d403:20bf:eeee0000:0:0:0:" name="Vivid" service_name="Vivid" provider="OIV" sid="1677" onid="8383" tsid="54275" />
  </bouquet>
  <bouquet name="Digitale Terrestre" category="tv">
    <channel service_ref="1:0:19:145f:d403:20bf:eeee0000:0:0:0:" name="CineStar TV Premiere 1 HD" service_name="CineStar TV Premiere 1 HD" provider="OIV" sid="5215" onid="8383" tsid="54275" />
    <channel service_ref="1:0:16:c8a:d405:20bf:eeee0000:0:0:0:" name="Cinestar TV" service_name="Cinestar TV" provider="OIV" sid="3210" onid="8383" tsid="54277" />
    <channel service_ref="1:0:16:c82:d405:20bf:eeee0000:0:0:0:" name="Cinemax" service_name="Cinemax" provider="OIV" sid="3202" onid="8383" tsid="54277" />
    <channel service_ref="1:0:16:c83:d405:20bf:eeee0000:0:0:0:" name="Cinemax 2" service_name="Cinemax 2" provider="OIV" sid="3203" onid="8383" tsid="54277" />
    <channel service_ref="1:0:19:c7f:d405:20bf:eeee0000:0:0:0:" name="HBO HD" service_name="HBO HD" provider="OIV" sid="3199" onid="8383" tsid="54277" />
    <channel service_ref="1:0:19:c80:d405:20bf:eeee0000:0:0:0:" name="HBO2 HD" service_name="HBO2 HD" provider="OIV" sid="3200" onid="8383" tsid="54277" />
    <channel service_ref="1:0:19:c81:d405:20bf:eeee0000:0:0:0:" name="HBO3 HD" service_name="HBO3 HD" provider="OIV" sid="3201" onid="8383" tsid="54277" />
    <channel service_ref="1:0:16:c85:d405:20bf:eeee0000:0:0:0:" name="TV1000" service_name="TV1000" provider="OIV" sid="3205" onid="8383" tsid="54277" />
    <channel service_ref="1:0:16:c89:d405:20bf:eeee0000:0:0:0:" name="Kino TV" service_name="Kino TV" provider="OIV" sid="3209" onid="8383" tsid="54277" />
    <channel service_ref="1:0:16:c84:d405:20bf:eeee0000:0:0:0:" name="Klasik TV" service_name="Klasik TV" provider="OIV" sid="3204" onid="8383" tsid="54277" />
    <channel service_ref="1:0:16:c8d:d405:20bf:eeee0000:0:0:0:" name="M1 FILM" service_name="M1 FILM" provider="OIV" sid="3213" onid="8383" tsid="54277" />
    <channel service_ref="1:0:16:c8e:d405:20bf:eeee0000:0:0:0:" name="M1 GOLD" service_name="M1 GOLD" provider="OIV" sid="3214" onid="8383" tsid="54277" />
    <channel service_ref="1:0:16:151e:d403:20bf:eeee0000:0:0:0:" name="HNTV" service_name="HNTV" provider="OIV" sid="5406" onid="8383" tsid="54275" />
    <channel service_ref="1:0:16:c87:d405:20bf:eeee0000:0:0:0:" name="Pickbox TV" service_name="Pickbox TV" provider="OIV" sid="3207" onid="8383" tsid="54277" />
    <channel service_ref="1:0:16:c8b:d405:20bf:eeee0000:0:0:0:" name="FOX" service_name="FOX" provider="OIV" sid="3211" onid="8383" tsid="54277" />
    <channel service_ref="1:0:16:c8c:d405:20bf:eeee0000:0:0:0:" name="FOX Life" service_name="FOX Life" provider="OIV" sid="3212" onid="8383" tsid="54277" />
    <channel service_ref="1:0:16:c86:d405:20bf:eeee0000:0:0:0:" name="AXN" service_name="AXN" provider="OIV" sid="3206" onid="8383" tsid="54277" />
    <channel service_ref="1:0:16:c28:d405:20bf:eeee0000:0:0:0:" name="Epic Drama" service_name="Epic Drama" provider="OIV" sid="3112" onid="8383" tsid="54277" />
    <channel service_ref="1:0:16:15e6:d403:20bf:eeee0000:0:0:0:" name="RTL Adria" service_name="RTL Adria" provider="OIV" sid="5606" onid="8383" tsid="54275" />
    <channel service_ref="1:0:16:15e7:d403:20bf:eeee0000:0:0:0:" name="RTL Passion" service_name="RTL Passion" provider="OIV" sid="5607" onid="8383" tsid="54275" />
    <channel service_ref="1:0:16:15e5:d403:20bf:eeee0000:0:0:0:" name="RTL Crime" service_name="RTL Crime" provider="OIV" sid="5605" onid="8383" tsid="54275" />
    <channel service_ref="1:0:16:c88:d405:20bf:eeee0000:0:0:0:" name="RTL Living" service_name="RTL Living" provider="OIV" sid="3208" onid="8383" tsid="54277" />
    <channel service_ref="1:0:16:157c:d403:20bf:eeee0000:0:0:0:" name="24Kitchen" service_name="24Kitchen" provider="OIV" sid="5500" onid="8383" tsid="54275" />
    <channel service_ref="1:0:16:151a:d403:20bf:eeee0000:0:0:0:" name="Arenasport 3" service_name="Arenasport 3" provider="OIV" sid="5402" onid="8383" tsid="54275" />
    <channel service_ref="1:0:16:151b:d403:20bf:eeee0000:0:0:0:" name="Arenasport 4" service_name="Arenasport 4" provider="OIV" sid="5403" onid="8383" tsid="54275" />
    <channel service_ref="1:0:16:151c:d403:20bf:eeee0000:0:0:0:" name="Arenasport 5" service_name="Arenasport 5" provider="OIV" sid="5404" onid="8383" tsid="54275" />
    <channel service_ref="1:0:16:151d:d403:20bf:eeee0000:0:0:0:" name="Arenasport 6" service_name="Arenasport 6" provider="OIV" sid="5405" onid="8383" tsid="54275" />
    <channel service_ref="1:0:16:c23:d405:20bf:eeee0000:0:0:0:" name="National Geographic" service_name="National Geographic" provider="OIV" sid="3107" onid="8383" tsid="54277" />
    <channel service_ref="1:0:16:c24:d405:20bf:eeee0000:0:0:0:" name="NatGeo Wild" service_name="NatGeo Wild" provider="OIV" sid="3108" onid="8383" tsid="54277" />
    <channel service_ref="1:0:19:c2a:d405:20bf:eeee0000:0:0:0:" name="Viasat Nature HD" service_name="Viasat Nature HD" provider="OIV" sid="3114" onid="8383" tsid="54277" />
    <channel service_ref="1:0:16:c25:d405:20bf:eeee0000:0:0:0:" name="Viasat Explore" service_name="Viasat Explore" provider="OIV" sid="3109" onid="8383" tsid="54277" />
    <channel service_ref="1:0:16:c26:d405:20bf:eeee0000:0:0:0:" name="Viasat History" service_name="Viasat History" provider="OIV" sid="3110" onid="8383" tsid="54277" />
    <channel service_ref="1:0:19:c29:d405:20bf:eeee0000:0:0:0:" name="Doku TV HD" service_name="Doku TV HD" provider="OIV" sid="3113" onid="8383" tsid="54277" />
    <channel service_ref="1:0:16:13ed:d403:20bf:eeee0000:0:0:0:" name="Da Vinci" service_name="Da Vinci" provider="OIV" sid="5101" onid="8383" tsid="54275" />
    <channel service_ref="1:0:16:15e0:d403:20bf:eeee0000:0:0:0:" name="MTV" service_name="MTV" provider="OIV" sid="5600" onid="8383" tsid="54275" />
    <channel service_ref="1:0:16:15e1:d403:20bf:eeee0000:0:0:0:" name="MTV 00s" service_name="MTV 00s" provider="OIV" sid="5601" onid="8383" tsid="54275" />
    <channel service_ref="1:0:16:15e3:d403:20bf:eeee0000:0:0:0:" name="DM Sat" service_name="DM Sat" provider="OIV" sid="5603" onid="8383" tsid="54275" />
    <channel service_ref="1:0:16:14b8:d403:20bf:eeee0000:0:0:0:" name="Cartoon Network" service_name="Cartoon Network" provider="OIV" sid="5304" onid="8383" tsid="54275" />
    <channel service_ref="1:0:16:14b7:d403:20bf:eeee0000:0:0:0:" name="Boomerang" service_name="Boomerang" provider="OIV" sid="5303" onid="8383" tsid="54275" />
    <channel service_ref="1:0:16:14b9:d403:20bf:eeee0000:0:0:0:" name="Nickelodeon" service_name="Nickelodeon" provider="OIV" sid="5305" onid="8383" tsid="54275" />
    <channel service_ref="1:0:16:14ba:d403:20bf:eeee0000:0:0:0:" name="Nick Jr." service_name="Nick Jr." provider="OIV" sid="5306" onid="8383" tsid="54275" />
    <channel service_ref="1:0:16:14b4:d403:20bf:eeee0000:0:0:0:" name="Nicktoons" service_name="Nicktoons" provider="OIV" sid="5300" onid="8383" tsid="54275" />
    <channel service_ref="1:0:16:14b5:d403:20bf:eeee0000:0:0:0:" name="Toon kids" service_name="Toon kids" provider="OIV" sid="5301" onid="8383" tsid="54275" />
    <channel service_ref="1:0:16:15e4:d403:20bf:eeee0000:0:0:0:" name="Jugoton" service_name="Jugoton" provider="OIV" sid="5604" onid="8383" tsid="54275" />
    <channel service_ref="1:0:16:14b6:d403:20bf:eeee0000:0:0:0:" name="Baby TV" service_name="Baby TV" provider="OIV" sid="5302" onid="8383" tsid="54275" />
    <channel service_ref="1:0:16:c22:d405:20bf:eeee0000:0:0:0:" name="CNN" service_name="CNN" provider="OIV" sid="3106" onid="8383" tsid="54277" />
    <channel service_ref="1:0:16:c21:d405:20bf:eeee0000:0:0:0:" name="Al Jazeera Balkans" service_name="Al Jazeera Balkans" provider="OIV" sid="3105" onid="8383" tsid="54277" />
    <channel service_ref="1:0:16:13ee:d403:20bf:eeee0000:0:0:0:" name="Laudato TV" service_name="Laudato TV" provider="OIV" sid="5102" onid="8383" tsid="54275" />
    <channel service_ref="1:0:16:c1c:d405:20bf:eeee0000:0:0:0:" name="EVOtv info" service_name="EVOtv info" provider="OIV" sid="3100" onid="8383" tsid="54277" />
    <channel service_ref="1:0:16:c1f:d405:20bf:eeee0000:0:0:0:" name="EVOtv portal" service_name="EVOtv portal" provider="OIV" sid="3103" onid="8383" tsid="54277" />
  </bouquet>
  <bouquet name="Digitale Terrestre" category="tv">
    <channel service_ref="1:0:1:15e6:d403:20bf:eeee0000:0:0:0:" name="RTL Adria" service_name="RTL Adria" provider="OIV" sid="5606" onid="8383" tsid="54275" />
    <channel service_ref="1:0:1:15e5:d403:20bf:eeee0000:0:0:0:" name="RTL Crime" service_name="RTL Crime" provider="OIV" sid="5605" onid="8383" tsid="54275" />
    <channel service_ref="1:0:1:151e:d403:20bf:eeee0000:0:0:0:" name="HNTV" service_name="HNTV" provider="OIV" sid="5406" onid="8383" tsid="54275" />
    <channel service_ref="1:0:1:c7f:d405:20bf:eeee0000:0:0:0:" name="HBO HD" service_name="HBO HD" provider="OIV" sid="3199" onid="8383" tsid="54277" />
    <channel service_ref="1:0:1:c80:d405:20bf:eeee0000:0:0:0:" name="HBO2 HD" service_name="HBO2 HD" provider="OIV" sid="3200" onid="8383" tsid="54277" />
    <channel service_ref="1:0:1:c81:d405:20bf:eeee0000:0:0:0:" name="HBO3 HD" service_name="HBO3 HD" provider="OIV" sid="3201" onid="8383" tsid="54277" />
    <channel service_ref="1:0:1:c8a:d405:20bf:eeee0000:0:0:0:" name="Cinestar TV" service_name="Cinestar TV" provider="OIV" sid="3210" onid="8383" tsid="54277" />
    <channel service_ref="1:0:1:145f:d403:20bf:eeee0000:0:0:0:" name="CineStar TV Premiere 1 HD" service_name="CineStar TV Premiere 1 HD" provider="OIV" sid="5215" onid="8383" tsid="54275" />
    <channel service_ref="1:0:1:c82:d405:20bf:eeee0000:0:0:0:" name="Cinemax" service_name="Cinemax" provider="OIV" sid="3202" onid="8383" tsid="54277" />
    <channel service_ref="1:0:1:c83:d405:20bf:eeee0000:0:0:0:" name="Cinemax 2" service_name="Cinemax 2" provider="OIV" sid="3203" onid="8383" tsid="54277" />
    <channel service_ref="1:0:1:c87:d405:20bf:eeee0000:0:0:0:" name="Pickbox TV" service_name="Pickbox TV" provider="OIV" sid="3207" onid="8383" tsid="54277" />
    <channel service_ref="1:0:1:c89:d405:20bf:eeee0000:0:0:0:" name="Kino TV" service_name="Kino TV" provider="OIV" sid="3209" onid="8383" tsid="54277" />
    <channel service_ref="1:0:1:c84:d405:20bf:eeee0000:0:0:0:" name="Klasik TV" service_name="Klasik TV" provider="OIV" sid="3204" onid="8383" tsid="54277" />
    <channel service_ref="1:0:1:c85:d405:20bf:eeee0000:0:0:0:" name="TV1000" service_name="TV1000" provider="OIV" sid="3205" onid="8383" tsid="54277" />
    <channel service_ref="1:0:1:c8d:d405:20bf:eeee0000:0:0:0:" name="M1 FILM" service_name="M1 FILM" provider="OIV" sid="3213" onid="8383" tsid="54277" />
    <channel service_ref="1:0:1:c8b:d405:20bf:eeee0000:0:0:0:" name="FOX" service_name="FOX" provider="OIV" sid="3211" onid="8383" tsid="54277" />
    <channel service_ref="1:0:1:c8c:d405:20bf:eeee0000:0:0:0:" name="FOX Life" service_name="FOX Life" provider="OIV" sid="3212" onid="8383" tsid="54277" />
    <channel service_ref="1:0:1:c86:d405:20bf:eeee0000:0:0:0:" name="AXN" service_name="AXN" provider="OIV" sid="3206" onid="8383" tsid="54277" />
    <channel service_ref="1:0:1:c88:d405:20bf:eeee0000:0:0:0:" name="RTL Living" service_name="RTL Living" provider="OIV" sid="3208" onid="8383" tsid="54277" />
    <channel service_ref="1:0:1:157c:d403:20bf:eeee0000:0:0:0:" name="24Kitchen" service_name="24Kitchen" provider="OIV" sid="5500" onid="8383" tsid="54275" />
    <channel service_ref="1:0:1:151a:d403:20bf:eeee0000:0:0:0:" name="Arenasport 3" service_name="Arenasport 3" provider="OIV" sid="5402" onid="8383" tsid="54275" />
    <channel service_ref="1:0:1:151b:d403:20bf:eeee0000:0:0:0:" name="Arenasport 4" service_name="Arenasport 4" provider="OIV" sid="5403" onid="8383" tsid="54275" />
    <channel service_ref="1:0:1:151c:d403:20bf:eeee0000:0:0:0:" name="Arenasport 5" service_name="Arenasport 5" provider="OIV" sid="5404" onid="8383" tsid="54275" />
    <channel service_ref="1:0:1:151d:d403:20bf:eeee0000:0:0:0:" name="Arenasport 6" service_name="Arenasport 6" provider="OIV" sid="5405" onid="8383" tsid="54275" />
    <channel service_ref="1:0:1:c23:d405:20bf:eeee0000:0:0:0:" name="National Geographic" service_name="National Geographic" provider="OIV" sid="3107" onid="8383" tsid="54277" />
    <channel service_ref="1:0:1:c24:d405:20bf:eeee0000:0:0:0:" name="NatGeo Wild" service_name="NatGeo Wild" provider="OIV" sid="3108" onid="8383" tsid="54277" />
    <channel service_ref="1:0:1:c28:d405:20bf:eeee0000:0:0:0:" name="Epic Drama" service_name="Epic Drama" provider="OIV" sid="3112" onid="8383" tsid="54277" />
    <channel service_ref="1:0:1:c25:d405:20bf:eeee0000:0:0:0:" name="Viasat Explore" service_name="Viasat Explore" provider="OIV" sid="3109" onid="8383" tsid="54277" />
    <channel service_ref="1:0:1:c26:d405:20bf:eeee0000:0:0:0:" name="Viasat History" service_name="Viasat History" provider="OIV" sid="3110" onid="8383" tsid="54277" />
    <channel service_ref="1:0:1:c2a:d405:20bf:eeee0000:0:0:0:" name="Viasat Nature HD" service_name="Viasat Nature HD" provider="OIV" sid="3114" onid="8383" tsid="54277" />
    <channel service_ref="1:0:1:c29:d405:20bf:eeee0000:0:0:0:" name="Doku TV HD" service_name="Doku TV HD" provider="OIV" sid="3113" onid="8383" tsid="54277" />
    <channel service_ref="1:0:1:13ed:d403:20bf:eeee0000:0:0:0:" name="Da Vinci" service_name="Da Vinci" provider="OIV" sid="5101" onid="8383" tsid="54275" />
    <channel service_ref="1:0:1:15e0:d403:20bf:eeee0000:0:0:0:" name="MTV" service_name="MTV" provider="OIV" sid="5600" onid="8383" tsid="54275" />
    <channel service_ref="1:0:1:15e1:d403:20bf:eeee0000:0:0:0:" name="MTV 00s" service_name="MTV 00s" provider="OIV" sid="5601" onid="8383" tsid="54275" />
    <channel service_ref="1:0:1:15e3:d403:20bf:eeee0000:0:0:0:" name="DM Sat" service_name="DM Sat" provider="OIV" sid="5603" onid="8383" tsid="54275" />
    <channel service_ref="1:0:1:15e4:d403:20bf:eeee0000:0:0:0:" name="Jugoton" service_name="Jugoton" provider="OIV" sid="5604" onid="8383" tsid="54275" />
    <channel service_ref="1:0:1:14b5:d403:20bf:eeee0000:0:0:0:" name="Toon kids" service_name="Toon kids" provider="OIV" sid="5301" onid="8383" tsid="54275" />
    <channel service_ref="1:0:1:14b8:d403:20bf:eeee0000:0:0:0:" name="Cartoon Network" service_name="Cartoon Network" provider="OIV" sid="5304" onid="8383" tsid="54275" />
    <channel service_ref="1:0:1:14b7:d403:20bf:eeee0000:0:0:0:" name="Boomerang" service_name="Boomerang" provider="OIV" sid="5303" onid="8383" tsid="54275" />
    <channel service_ref="1:0:1:14b9:d403:20bf:eeee0000:0:0:0:" name="Nickelodeon" service_name="Nickelodeon" provider="OIV" sid="5305" onid="8383" tsid="54275" />
    <channel service_ref="1:0:1:14ba:d403:20bf:eeee0000:0:0:0:" name="Nick Jr." service_name="Nick Jr." provider="OIV" sid="5306" onid="8383" tsid="54275" />
    <channel service_ref="1:0:1:14b6:d403:20bf:eeee0000:0:0:0:" name="Baby TV" service_name="Baby TV" provider="OIV" sid="5302" onid="8383" tsid="54275" />
    <channel service_ref="1:0:1:c22:d405:20bf:eeee0000:0:0:0:" name="CNN" service_name="CNN" provider="OIV" sid="3106" onid="8383" tsid="54277" />
    <channel service_ref="1:0:1:c21:d405:20bf:eeee0000:0:0:0:" name="Al Jazeera Balkans" service_name="Al Jazeera Balkans" provider="OIV" sid="3105" onid="8383" tsid="54277" />
    <channel service_ref="1:0:1:13ee:d403:20bf:eeee0000:0:0:0:" name="Laudato TV" service_name="Laudato TV" provider="OIV" sid="5102" onid="8383" tsid="54275" />
    <channel service_ref="1:0:1:c1c:d405:20bf:eeee0000:0:0:0:" name="EVOtv info" service_name="EVOtv info" provider="OIV" sid="3100" onid="8383" tsid="54277" />
    <channel service_ref="1:0:1:c1f:d405:20bf:eeee0000:0:0:0:" name="EVOtv portal" service_name="EVOtv portal" provider="OIV" sid="3103" onid="8383" tsid="54277" />
  </bouquet>
</zapit>
