{
  "api_version": 4,
  "bouquet_count": "77",
  "category": "all",
  "deduplicated_services": "0",
  "display_name": "All",
  "lamedb_version": "4",
  "last_seen": "unknown",
  "service_count": "5254",
  "source": "work/ingest/oe-alliance/malimali.39e.28e.23e.19e.16e.13e.0.8w/enigma2",
  "stale": "unknown",
  "stats": "{\"bouquet_count\": 36, \"cable_services\": 0, \"radio_services\": 0, \"sat_services\": 5254, \"terrestrial_services\": 0, \"total_services\": 5254}",
  "thresholds": "{\"cable\": 20, \"sat\": 50, \"terrestrial\": 20}",
  "transponder_count": "426"
}