<?xml version='1.0' encoding='utf-8'?>
<zapit>
  <bouquet name="General" category="tv">
    <channel service_ref="1:0:1:a091:101f:217c:eeee0000:0:0:0:" name="7+ CHANNEL" service_name="7+ CHANNEL" provider="Radiocity" sid="41105" onid="8572" tsid="4127" />
    <channel service_ref="1:0:1:b41b:101f:217c:eeee0000:0:0:0:" name="CANALE 227" service_name="CANALE 227" provider="CANALE 227" sid="46107" onid="8572" tsid="4127" />
    <channel service_ref="1:0:1:a09c:101f:217c:eeee0000:0:0:0:" name="Italia 8 Prestige" service_name="Italia 8 Prestige" provider="Telestar" sid="41116" onid="8572" tsid="4127" />
    <channel service_ref="1:0:1:a098:101f:217c:eeee0000:0:0:0:" name="RETE 7" service_name="RETE 7" provider="RETE 7" sid="41112" onid="8572" tsid="4127" />
    <channel service_ref="1:0:1:a093:101f:217c:eeee0000:0:0:0:" name="Telecity" service_name="Telecity" provider="TELESTAR" sid="41107" onid="8572" tsid="4127" />
    <channel service_ref="1:0:1:06d6:101f:217c:eeee0000:0:0:0:" name="Telecity 2" service_name="Telecity 2" provider="Telecity 2" sid="1750" onid="8572" tsid="4127" />
    <channel service_ref="1:0:1:a097:101f:217c:eeee0000:0:0:0:" name="Telecity AL" service_name="Telecity AL" provider="TELESTAR" sid="41111" onid="8572" tsid="4127" />
    <channel service_ref="1:0:1:a477:101f:217c:eeee0000:0:0:0:" name="TELEREPORTER" service_name="TELEREPORTER" provider="TELEREPORTER" sid="42103" onid="8572" tsid="4127" />
    <channel service_ref="1:0:1:a863:101f:217c:eeee0000:0:0:0:" name="TELEREPORTER_" service_name="TELEREPORTER_" provider="TELEREPORTER_" sid="43107" onid="8572" tsid="4127" />
  </bouquet>
  <bouquet name="RAI" category="tv">
    <channel service_ref="1:0:1:a09c:101f:217c:eeee0000:0:0:0:" name="Italia 8 Prestige" service_name="Italia 8 Prestige" provider="Telestar" sid="41116" onid="8572" tsid="4127" />
  </bouquet>
  <bouquet name="TF1" category="tv">
    <channel service_ref="1:0:1:b41b:101f:217c:eeee0000:0:0:0:" name="CANALE 227" service_name="CANALE 227" provider="CANALE 227" sid="46107" onid="8572" tsid="4127" />
  </bouquet>
  <bouquet name="Switzerland" category="tv">
    <channel service_ref="1:0:1:a093:101f:217c:eeee0000:0:0:0:" name="Telecity" service_name="Telecity" provider="TELESTAR" sid="41107" onid="8572" tsid="4127" />
    <channel service_ref="1:0:1:06d6:101f:217c:eeee0000:0:0:0:" name="Telecity 2" service_name="Telecity 2" provider="Telecity 2" sid="1750" onid="8572" tsid="4127" />
    <channel service_ref="1:0:1:a097:101f:217c:eeee0000:0:0:0:" name="Telecity AL" service_name="Telecity AL" provider="TELESTAR" sid="41111" onid="8572" tsid="4127" />
    <channel service_ref="1:0:1:a477:101f:217c:eeee0000:0:0:0:" name="TELEREPORTER" service_name="TELEREPORTER" provider="TELEREPORTER" sid="42103" onid="8572" tsid="4127" />
    <channel service_ref="1:0:1:a863:101f:217c:eeee0000:0:0:0:" name="TELEREPORTER_" service_name="TELEREPORTER_" provider="TELEREPORTER_" sid="43107" onid="8572" tsid="4127" />
  </bouquet>
  <bouquet name="Others" category="tv">
    <channel service_ref="1:0:1:a091:101f:217c:eeee0000:0:0:0:" name="7+ CHANNEL" service_name="7+ CHANNEL" provider="Radiocity" sid="41105" onid="8572" tsid="4127" />
    <channel service_ref="1:0:1:a098:101f:217c:eeee0000:0:0:0:" name="RETE 7" service_name="RETE 7" provider="RETE 7" sid="41112" onid="8572" tsid="4127" />
  </bouquet>
  <bouquet name="Ireland" category="tv">
    <channel service_ref="1:0:1:a477:101f:217c:eeee0000:0:0:0:" name="TELEREPORTER" service_name="TELEREPORTER" provider="TELEREPORTER" sid="42103" onid="8572" tsid="4127" />
    <channel service_ref="1:0:1:a863:101f:217c:eeee0000:0:0:0:" name="TELEREPORTER_" service_name="TELEREPORTER_" provider="TELEREPORTER_" sid="43107" onid="8572" tsid="4127" />
  </bouquet>
  <bouquet name="Radio" category="radio">
    <channel service_ref="1:0:2:a0f8:101f:217c:eeee0000:0:0:0:" name="Radiocity" service_name="Radiocity" provider="Telestar" sid="41208" onid="8572" tsid="4127" />
    <channel service_ref="1:0:2:a0f9:101f:217c:eeee0000:0:0:0:" name="Radiocity SMI" service_name="Radiocity SMI" provider="Telestar" sid="41209" onid="8572" tsid="4127" />
  </bouquet>
  <bouquet name="Digitale Terrestre" category="tv">
    <channel service_ref="1:0:1:a097:101f:217c:eeee0000:0:0:0:" name="Telecity AL" service_name="Telecity AL" provider="TELESTAR" sid="41111" onid="8572" tsid="4127" />
    <channel service_ref="1:0:1:6d6:101f:217c:eeee0000:0:0:0:" name="Telecity 2" service_name="Telecity 2" provider="Telecity 2" sid="1750" onid="8572" tsid="4127" />
    <channel service_ref="1:0:1:a477:101f:217c:eeee0000:0:0:0:" name="TELEREPORTER" service_name="TELEREPORTER" provider="TELEREPORTER" sid="42103" onid="8572" tsid="4127" />
    <channel service_ref="1:0:1:a093:101f:217c:eeee0000:0:0:0:" name="Telecity" service_name="Telecity" provider="TELESTAR" sid="41107" onid="8572" tsid="4127" />
    <channel service_ref="1:0:1:a09c:101f:217c:eeee0000:0:0:0:" name="Italia 8 Prestige" service_name="Italia 8 Prestige" provider="Telestar" sid="41116" onid="8572" tsid="4127" />
    <channel service_ref="1:0:1:a098:101f:217c:eeee0000:0:0:0:" name="RETE 7" service_name="RETE 7" provider="RETE 7" sid="41112" onid="8572" tsid="4127" />
    <channel service_ref="1:0:1:b41b:101f:217c:eeee0000:0:0:0:" name="CANALE 227" service_name="CANALE 227" provider="CANALE 227" sid="46107" onid="8572" tsid="4127" />
    <channel service_ref="1:0:1:a863:101f:217c:eeee0000:0:0:0:" name="TELEREPORTER_" service_name="TELEREPORTER_" provider="TELEREPORTER_" sid="43107" onid="8572" tsid="4127" />
    <channel service_ref="1:0:1:a091:101f:217c:eeee0000:0:0:0:" name="7+ CHANNEL" service_name="7+ CHANNEL" provider="Radiocity" sid="41105" onid="8572" tsid="4127" />
    <channel service_ref="1:0:2:a0f8:101f:217c:eeee0000:0:0:0:" name="Radiocity" service_name="Radiocity" provider="Telestar" sid="41208" onid="8572" tsid="4127" />
    <channel service_ref="1:0:2:a0f9:101f:217c:eeee0000:0:0:0:" name="Radiocity SMI" service_name="Radiocity SMI" provider="Telestar" sid="41209" onid="8572" tsid="4127" />
  </bouquet>
  <bouquet name="Digitale Terrestre" category="tv">
    <channel service_ref="1:0:1:a097:101f:217c:eeee0000:0:0:0:" name="Telecity AL" service_name="Telecity AL" provider="TELESTAR" sid="41111" onid="8572" tsid="4127" />
    <channel service_ref="1:0:1:6d6:101f:217c:eeee0000:0:0:0:" name="Telecity 2" service_name="Telecity 2" provider="Telecity 2" sid="1750" onid="8572" tsid="4127" />
    <channel service_ref="1:0:1:a477:101f:217c:eeee0000:0:0:0:" name="TELEREPORTER" service_name="TELEREPORTER" provider="TELEREPORTER" sid="42103" onid="8572" tsid="4127" />
    <channel service_ref="1:0:1:a093:101f:217c:eeee0000:0:0:0:" name="Telecity" service_name="Telecity" provider="TELESTAR" sid="41107" onid="8572" tsid="4127" />
    <channel service_ref="1:0:1:a09c:101f:217c:eeee0000:0:0:0:" name="Italia 8 Prestige" service_name="Italia 8 Prestige" provider="Telestar" sid="41116" onid="8572" tsid="4127" />
    <channel service_ref="1:0:1:a098:101f:217c:eeee0000:0:0:0:" name="RETE 7" service_name="RETE 7" provider="RETE 7" sid="41112" onid="8572" tsid="4127" />
    <channel service_ref="1:0:1:b41b:101f:217c:eeee0000:0:0:0:" name="CANALE 227" service_name="CANALE 227" provider="CANALE 227" sid="46107" onid="8572" tsid="4127" />
    <channel service_ref="1:0:1:a863:101f:217c:eeee0000:0:0:0:" name="TELEREPORTER_" service_name="TELEREPORTER_" provider="TELEREPORTER_" sid="43107" onid="8572" tsid="4127" />
    <channel service_ref="1:0:1:a091:101f:217c:eeee0000:0:0:0:" name="7+ CHANNEL" service_name="7+ CHANNEL" provider="Radiocity" sid="41105" onid="8572" tsid="4127" />
    <channel service_ref="1:0:2:a0f8:101f:217c:eeee0000:0:0:0:" name="Radiocity" service_name="Radiocity" provider="Telestar" sid="41208" onid="8572" tsid="4127" />
    <channel service_ref="1:0:2:a0f9:101f:217c:eeee0000:0:0:0:" name="Radiocity SMI" service_name="Radiocity SMI" provider="Telestar" sid="41209" onid="8572" tsid="4127" />
  </bouquet>
  <bouquet name="Digitale Terrestre                         by Gerry" category="tv">
    <channel service_ref="1:0:1:a097:101f:217c:eeee0000:0:0:0:" name="Telecity AL" service_name="Telecity AL" provider="TELESTAR" sid="41111" onid="8572" tsid="4127" />
    <channel service_ref="1:0:1:6d6:101f:217c:eeee0000:0:0:0:" name="Telecity 2" service_name="Telecity 2" provider="Telecity 2" sid="1750" onid="8572" tsid="4127" />
    <channel service_ref="1:0:1:a477:101f:217c:eeee0000:0:0:0:" name="TELEREPORTER" service_name="TELEREPORTER" provider="TELEREPORTER" sid="42103" onid="8572" tsid="4127" />
    <channel service_ref="1:0:1:a093:101f:217c:eeee0000:0:0:0:" name="Telecity" service_name="Telecity" provider="TELESTAR" sid="41107" onid="8572" tsid="4127" />
    <channel service_ref="1:0:1:a09c:101f:217c:eeee0000:0:0:0:" name="Italia 8 Prestige" service_name="Italia 8 Prestige" provider="Telestar" sid="41116" onid="8572" tsid="4127" />
    <channel service_ref="1:0:1:a098:101f:217c:eeee0000:0:0:0:" name="RETE 7" service_name="RETE 7" provider="RETE 7" sid="41112" onid="8572" tsid="4127" />
    <channel service_ref="1:0:1:b41b:101f:217c:eeee0000:0:0:0:" name="CANALE 227" service_name="CANALE 227" provider="CANALE 227" sid="46107" onid="8572" tsid="4127" />
    <channel service_ref="1:0:1:a863:101f:217c:eeee0000:0:0:0:" name="TELEREPORTER_" service_name="TELEREPORTER_" provider="TELEREPORTER_" sid="43107" onid="8572" tsid="4127" />
    <channel service_ref="1:0:1:a091:101f:217c:eeee0000:0:0:0:" name="7+ CHANNEL" service_name="7+ CHANNEL" provider="Radiocity" sid="41105" onid="8572" tsid="4127" />
    <channel service_ref="1:0:2:a0f8:101f:217c:eeee0000:0:0:0:" name="Radiocity" service_name="Radiocity" provider="Telestar" sid="41208" onid="8572" tsid="4127" />
    <channel service_ref="1:0:2:a0f9:101f:217c:eeee0000:0:0:0:" name="Radiocity SMI" service_name="Radiocity SMI" provider="Telestar" sid="41209" onid="8572" tsid="4127" />
  </bouquet>
  <bouquet name="Digitale Terrestre                  by Gerry" category="tv">
    <channel service_ref="1:0:1:a097:101f:217c:eeee0000:0:0:0:" name="Telecity AL" service_name="Telecity AL" provider="TELESTAR" sid="41111" onid="8572" tsid="4127" />
    <channel service_ref="1:0:1:6d6:101f:217c:eeee0000:0:0:0:" name="Telecity 2" service_name="Telecity 2" provider="Telecity 2" sid="1750" onid="8572" tsid="4127" />
    <channel service_ref="1:0:1:a477:101f:217c:eeee0000:0:0:0:" name="TELEREPORTER" service_name="TELEREPORTER" provider="TELEREPORTER" sid="42103" onid="8572" tsid="4127" />
    <channel service_ref="1:0:1:a093:101f:217c:eeee0000:0:0:0:" name="Telecity" service_name="Telecity" provider="TELESTAR" sid="41107" onid="8572" tsid="4127" />
    <channel service_ref="1:0:1:a09c:101f:217c:eeee0000:0:0:0:" name="Italia 8 Prestige" service_name="Italia 8 Prestige" provider="Telestar" sid="41116" onid="8572" tsid="4127" />
    <channel service_ref="1:0:1:a098:101f:217c:eeee0000:0:0:0:" name="RETE 7" service_name="RETE 7" provider="RETE 7" sid="41112" onid="8572" tsid="4127" />
    <channel service_ref="1:0:1:b41b:101f:217c:eeee0000:0:0:0:" name="CANALE 227" service_name="CANALE 227" provider="CANALE 227" sid="46107" onid="8572" tsid="4127" />
    <channel service_ref="1:0:1:a863:101f:217c:eeee0000:0:0:0:" name="TELEREPORTER_" service_name="TELEREPORTER_" provider="TELEREPORTER_" sid="43107" onid="8572" tsid="4127" />
    <channel service_ref="1:0:1:a091:101f:217c:eeee0000:0:0:0:" name="7+ CHANNEL" service_name="7+ CHANNEL" provider="Radiocity" sid="41105" onid="8572" tsid="4127" />
    <channel service_ref="1:0:2:a0f8:101f:217c:eeee0000:0:0:0:" name="Radiocity" service_name="Radiocity" provider="Telestar" sid="41208" onid="8572" tsid="4127" />
    <channel service_ref="1:0:2:a0f9:101f:217c:eeee0000:0:0:0:" name="Radiocity SMI" service_name="Radiocity SMI" provider="Telestar" sid="41209" onid="8572" tsid="4127" />
  </bouquet>
  <bouquet name="Digitale Terrestre                  By Gerry" category="tv">
    <channel service_ref="1:0:1:a093:101f:217c:eeee0000:0:0:0:" name="Telecity" service_name="Telecity" provider="TELESTAR" sid="41107" onid="8572" tsid="4127" />
    <channel service_ref="1:0:1:a097:101f:217c:eeee0000:0:0:0:" name="Telecity AL" service_name="Telecity AL" provider="TELESTAR" sid="41111" onid="8572" tsid="4127" />
    <channel service_ref="1:0:1:6d6:101f:217c:eeee0000:0:0:0:" name="Telecity 2" service_name="Telecity 2" provider="Telecity 2" sid="1750" onid="8572" tsid="4127" />
    <channel service_ref="1:0:1:a477:101f:217c:eeee0000:0:0:0:" name="TELEREPORTER" service_name="TELEREPORTER" provider="TELEREPORTER" sid="42103" onid="8572" tsid="4127" />
    <channel service_ref="1:0:1:a098:101f:217c:eeee0000:0:0:0:" name="RETE 7" service_name="RETE 7" provider="RETE 7" sid="41112" onid="8572" tsid="4127" />
    <channel service_ref="1:0:1:a091:101f:217c:eeee0000:0:0:0:" name="7+ CHANNEL" service_name="7+ CHANNEL" provider="Radiocity" sid="41105" onid="8572" tsid="4127" />
    <channel service_ref="1:0:1:a09c:101f:217c:eeee0000:0:0:0:" name="Italia 8 Prestige" service_name="Italia 8 Prestige" provider="Telestar" sid="41116" onid="8572" tsid="4127" />
    <channel service_ref="1:0:1:b41b:101f:217c:eeee0000:0:0:0:" name="CANALE 227" service_name="CANALE 227" provider="CANALE 227" sid="46107" onid="8572" tsid="4127" />
    <channel service_ref="1:0:1:a863:101f:217c:eeee0000:0:0:0:" name="TELEREPORTER_" service_name="TELEREPORTER_" provider="TELEREPORTER_" sid="43107" onid="8572" tsid="4127" />
    <channel service_ref="1:0:2:a0f8:101f:217c:eeee0000:0:0:0:" name="Radiocity" service_name="Radiocity" provider="Telestar" sid="41208" onid="8572" tsid="4127" />
    <channel service_ref="1:0:2:a0f9:101f:217c:eeee0000:0:0:0:" name="Radiocity SMI" service_name="Radiocity SMI" provider="Telestar" sid="41209" onid="8572" tsid="4127" />
  </bouquet>
  <bouquet name="Digitale Terrestre             by Gerry" category="tv">
    <channel service_ref="1:0:1:a097:101f:217c:eeee0000:0:0:0:" name="Telecity AL" service_name="Telecity AL" provider="TELESTAR" sid="41111" onid="8572" tsid="4127" />
    <channel service_ref="1:0:1:6d6:101f:217c:eeee0000:0:0:0:" name="Telecity 2" service_name="Telecity 2" provider="Telecity 2" sid="1750" onid="8572" tsid="4127" />
    <channel service_ref="1:0:1:a477:101f:217c:eeee0000:0:0:0:" name="TELEREPORTER" service_name="TELEREPORTER" provider="TELEREPORTER" sid="42103" onid="8572" tsid="4127" />
    <channel service_ref="1:0:1:a093:101f:217c:eeee0000:0:0:0:" name="Telecity" service_name="Telecity" provider="TELESTAR" sid="41107" onid="8572" tsid="4127" />
    <channel service_ref="1:0:1:a09c:101f:217c:eeee0000:0:0:0:" name="Italia 8 Prestige" service_name="Italia 8 Prestige" provider="Telestar" sid="41116" onid="8572" tsid="4127" />
    <channel service_ref="1:0:1:a098:101f:217c:eeee0000:0:0:0:" name="RETE 7" service_name="RETE 7" provider="RETE 7" sid="41112" onid="8572" tsid="4127" />
    <channel service_ref="1:0:1:b41b:101f:217c:eeee0000:0:0:0:" name="CANALE 227" service_name="CANALE 227" provider="CANALE 227" sid="46107" onid="8572" tsid="4127" />
    <channel service_ref="1:0:1:a863:101f:217c:eeee0000:0:0:0:" name="TELEREPORTER_" service_name="TELEREPORTER_" provider="TELEREPORTER_" sid="43107" onid="8572" tsid="4127" />
    <channel service_ref="1:0:1:a091:101f:217c:eeee0000:0:0:0:" name="7+ CHANNEL" service_name="7+ CHANNEL" provider="Radiocity" sid="41105" onid="8572" tsid="4127" />
    <channel service_ref="1:0:2:a0f8:101f:217c:eeee0000:0:0:0:" name="Radiocity" service_name="Radiocity" provider="Telestar" sid="41208" onid="8572" tsid="4127" />
    <channel service_ref="1:0:2:a0f9:101f:217c:eeee0000:0:0:0:" name="Radiocity SMI" service_name="Radiocity SMI" provider="Telestar" sid="41209" onid="8572" tsid="4127" />
  </bouquet>
  <bouquet name="Digitale Terrestre" category="tv">
    <channel service_ref="1:0:1:b41b:101f:217c:eeee0000:0:0:0:" name="CANALE 227" service_name="CANALE 227" provider="CANALE 227" sid="46107" onid="8572" tsid="4127" />
    <channel service_ref="1:0:1:a477:101f:217c:eeee0000:0:0:0:" name="TELEREPORTER" service_name="TELEREPORTER" provider="TELEREPORTER" sid="42103" onid="8572" tsid="4127" />
    <channel service_ref="1:0:1:a091:101f:217c:eeee0000:0:0:0:" name="7+ CHANNEL" service_name="7+ CHANNEL" provider="Radiocity" sid="41105" onid="8572" tsid="4127" />
    <channel service_ref="1:0:1:a093:101f:217c:eeee0000:0:0:0:" name="Telecity" service_name="Telecity" provider="TELESTAR" sid="41107" onid="8572" tsid="4127" />
    <channel service_ref="1:0:1:a097:101f:217c:eeee0000:0:0:0:" name="Telecity AL" service_name="Telecity AL" provider="TELESTAR" sid="41111" onid="8572" tsid="4127" />
    <channel service_ref="1:0:1:a09c:101f:217c:eeee0000:0:0:0:" name="Italia 8 Prestige" service_name="Italia 8 Prestige" provider="Telestar" sid="41116" onid="8572" tsid="4127" />
    <channel service_ref="1:0:1:6d6:101f:217c:eeee0000:0:0:0:" name="Telecity 2" service_name="Telecity 2" provider="Telecity 2" sid="1750" onid="8572" tsid="4127" />
    <channel service_ref="1:0:2:a0f8:101f:217c:eeee0000:0:0:0:" name="Radiocity" service_name="Radiocity" provider="Telestar" sid="41208" onid="8572" tsid="4127" />
    <channel service_ref="1:0:2:a0f9:101f:217c:eeee0000:0:0:0:" name="Radiocity SMI" service_name="Radiocity SMI" provider="Telestar" sid="41209" onid="8572" tsid="4127" />
  </bouquet>
</zapit>
