<?xml version='1.0' encoding='utf-8'?>
<zapit>
  <bouquet name="General" category="tv">
    <channel service_ref="1:0:1:0004:8060:217c:eeee0000:0:0:0:" name="clubtelevision" service_name="clubtelevision" provider="" sid="4" onid="8572" tsid="32864" />
    <channel service_ref="1:0:22:000d:8060:217c:eeee0000:0:0:0:" name="ITALIAMIA" service_name="ITALIAMIA" provider="TELEVOMERO" sid="13" onid="8572" tsid="32864" />
    <channel service_ref="1:0:1:000b:8060:217c:eeee0000:0:0:0:" name="LIRA TV HD" service_name="LIRA TV HD" provider="TELEVOMERO" sid="11" onid="8572" tsid="32864" />
    <channel service_ref="1:0:1:0002:8060:217c:eeee0000:0:0:0:" name="NAPOLI.live" service_name="NAPOLI.live" provider="" sid="2" onid="8572" tsid="32864" />
    <channel service_ref="1:0:1:0009:8060:217c:eeee0000:0:0:0:" name="NAPOLI.live" service_name="NAPOLI.live" provider="" sid="9" onid="8572" tsid="32864" />
    <channel service_ref="1:0:1:000a:8060:217c:eeee0000:0:0:0:" name="NAPOLI.live" service_name="NAPOLI.live" provider="" sid="10" onid="8572" tsid="32864" />
    <channel service_ref="1:0:1:0014:8060:217c:eeee0000:0:0:0:" name="QUARTO CANALE" service_name="QUARTO CANALE" provider="" sid="20" onid="8572" tsid="32864" />
    <channel service_ref="1:0:1:00a0:8060:217c:eeee0000:0:0:0:" name="TELE CLUB ITALIA" service_name="TELE CLUB ITALIA" provider="" sid="160" onid="8572" tsid="32864" />
    <channel service_ref="1:0:1:0012:8060:217c:eeee0000:0:0:0:" name="TELEISCHIA" service_name="TELEISCHIA" provider="TELEISCHIA" sid="18" onid="8572" tsid="32864" />
    <channel service_ref="1:0:1:0013:8060:217c:eeee0000:0:0:0:" name="teleischia" service_name="teleischia" provider="TELEISCHIA" sid="19" onid="8572" tsid="32864" />
    <channel service_ref="1:0:1:0005:8060:217c:eeee0000:0:0:0:" name="TeleOLTRE" service_name="TeleOLTRE" provider="" sid="5" onid="8572" tsid="32864" />
    <channel service_ref="1:0:1:0001:8060:217c:eeee0000:0:0:0:" name="TELEVOMERO" service_name="TELEVOMERO" provider="" sid="1" onid="8572" tsid="32864" />
    <channel service_ref="1:0:1:0008:8060:217c:eeee0000:0:0:0:" name="televomero" service_name="televomero" provider="" sid="8" onid="8572" tsid="32864" />
    <channel service_ref="1:0:1:0003:8060:217c:eeee0000:0:0:0:" name="TELEVOMERO HD" service_name="TELEVOMERO HD" provider="" sid="3" onid="8572" tsid="32864" />
  </bouquet>
  <bouquet name="RAI" category="tv">
    <channel service_ref="1:0:22:000d:8060:217c:eeee0000:0:0:0:" name="ITALIAMIA" service_name="ITALIAMIA" provider="TELEVOMERO" sid="13" onid="8572" tsid="32864" />
    <channel service_ref="1:0:1:00a0:8060:217c:eeee0000:0:0:0:" name="TELE CLUB ITALIA" service_name="TELE CLUB ITALIA" provider="" sid="160" onid="8572" tsid="32864" />
  </bouquet>
  <bouquet name="TF1" category="tv">
    <channel service_ref="1:0:1:0014:8060:217c:eeee0000:0:0:0:" name="QUARTO CANALE" service_name="QUARTO CANALE" provider="" sid="20" onid="8572" tsid="32864" />
  </bouquet>
  <bouquet name="Switzerland" category="tv">
    <channel service_ref="1:0:1:0004:8060:217c:eeee0000:0:0:0:" name="clubtelevision" service_name="clubtelevision" provider="" sid="4" onid="8572" tsid="32864" />
    <channel service_ref="1:0:1:000b:8060:217c:eeee0000:0:0:0:" name="LIRA TV HD" service_name="LIRA TV HD" provider="TELEVOMERO" sid="11" onid="8572" tsid="32864" />
    <channel service_ref="1:0:1:0012:8060:217c:eeee0000:0:0:0:" name="TELEISCHIA" service_name="TELEISCHIA" provider="TELEISCHIA" sid="18" onid="8572" tsid="32864" />
    <channel service_ref="1:0:1:0013:8060:217c:eeee0000:0:0:0:" name="teleischia" service_name="teleischia" provider="TELEISCHIA" sid="19" onid="8572" tsid="32864" />
    <channel service_ref="1:0:1:0005:8060:217c:eeee0000:0:0:0:" name="TeleOLTRE" service_name="TeleOLTRE" provider="" sid="5" onid="8572" tsid="32864" />
    <channel service_ref="1:0:1:0001:8060:217c:eeee0000:0:0:0:" name="TELEVOMERO" service_name="TELEVOMERO" provider="" sid="1" onid="8572" tsid="32864" />
    <channel service_ref="1:0:1:0008:8060:217c:eeee0000:0:0:0:" name="televomero" service_name="televomero" provider="" sid="8" onid="8572" tsid="32864" />
    <channel service_ref="1:0:1:0003:8060:217c:eeee0000:0:0:0:" name="TELEVOMERO HD" service_name="TELEVOMERO HD" provider="" sid="3" onid="8572" tsid="32864" />
  </bouquet>
  <bouquet name="Resolution - HD" category="tv">
    <channel service_ref="1:0:1:000b:8060:217c:eeee0000:0:0:0:" name="LIRA TV HD" service_name="LIRA TV HD" provider="TELEVOMERO" sid="11" onid="8572" tsid="32864" />
    <channel service_ref="1:0:1:0003:8060:217c:eeee0000:0:0:0:" name="TELEVOMERO HD" service_name="TELEVOMERO HD" provider="" sid="3" onid="8572" tsid="32864" />
  </bouquet>
  <bouquet name="Others" category="tv">
    <channel service_ref="1:0:1:0002:8060:217c:eeee0000:0:0:0:" name="NAPOLI.live" service_name="NAPOLI.live" provider="" sid="2" onid="8572" tsid="32864" />
    <channel service_ref="1:0:1:0009:8060:217c:eeee0000:0:0:0:" name="NAPOLI.live" service_name="NAPOLI.live" provider="" sid="9" onid="8572" tsid="32864" />
    <channel service_ref="1:0:1:000a:8060:217c:eeee0000:0:0:0:" name="NAPOLI.live" service_name="NAPOLI.live" provider="" sid="10" onid="8572" tsid="32864" />
  </bouquet>
  <bouquet name="Radio" category="radio">
    <channel service_ref="1:0:2:000f:8060:217c:eeee0000:0:0:0:" name="RADIO CLUB 91" service_name="RADIO CLUB 91" provider="TELEVOMERO" sid="15" onid="8572" tsid="32864" />
    <channel service_ref="1:0:2:07e2:8060:217c:eeee0000:0:0:0:" name="RADIO NUOVA VOMERO" service_name="RADIO NUOVA VOMERO" provider="TELEVOMERO" sid="2018" onid="8572" tsid="32864" />
  </bouquet>
  <bouquet name="Digitale terrestre                     by Rogist" category="tv">
    <channel service_ref="1:0:1:3:8060:217c:eeee0000:0:0:0:" name="TELEVOMERO HD" service_name="TELEVOMERO HD" provider="" sid="3" onid="8572" tsid="32864" />
    <channel service_ref="1:0:1:1:8060:217c:eeee0000:0:0:0:" name="TELEVOMERO" service_name="TELEVOMERO" provider="" sid="1" onid="8572" tsid="32864" />
    <channel service_ref="1:0:1:2:8060:217c:eeee0000:0:0:0:" name="NAPOLI.live" service_name="NAPOLI.live" provider="" sid="2" onid="8572" tsid="32864" />
    <channel service_ref="1:0:1:5:8060:217c:eeee0000:0:0:0:" name="TeleOLTRE" service_name="TeleOLTRE" provider="" sid="5" onid="8572" tsid="32864" />
    <channel service_ref="1:0:1:a0:8060:217c:eeee0000:0:0:0:" name="TELE CLUB ITALIA" service_name="TELE CLUB ITALIA" provider="" sid="160" onid="8572" tsid="32864" />
    <channel service_ref="1:0:16:13:8060:217c:eeee0000:0:0:0:" name="teleischia" service_name="teleischia" provider="TELEISCHIA" sid="19" onid="8572" tsid="32864" />
    <channel service_ref="1:0:1:4:8060:217c:eeee0000:0:0:0:" name="clubtelevision" service_name="clubtelevision" provider="" sid="4" onid="8572" tsid="32864" />
    <channel service_ref="1:0:1:8:8060:217c:eeee0000:0:0:0:" name="televomero" service_name="televomero" provider="" sid="8" onid="8572" tsid="32864" />
    <channel service_ref="1:0:1:9:8060:217c:eeee0000:0:0:0:" name="NAPOLI.live" service_name="NAPOLI.live" provider="" sid="9" onid="8572" tsid="32864" />
    <channel service_ref="1:0:1:a:8060:217c:eeee0000:0:0:0:" name="NAPOLI.live" service_name="NAPOLI.live" provider="" sid="10" onid="8572" tsid="32864" />
    <channel service_ref="1:0:2:7e2:8060:217c:eeee0000:0:0:0:" name="RADIO NUOVA VOMERO" service_name="RADIO NUOVA VOMERO" provider="TELEVOMERO" sid="2018" onid="8572" tsid="32864" />
  </bouquet>
  <bouquet name="Digitale terrestre                     by Rogist" category="tv">
    <channel service_ref="1:0:1:3:8060:217c:eeee0000:0:0:0:" name="TELEVOMERO HD" service_name="TELEVOMERO HD" provider="" sid="3" onid="8572" tsid="32864" />
    <channel service_ref="1:0:1:1:8060:217c:eeee0000:0:0:0:" name="TELEVOMERO" service_name="TELEVOMERO" provider="" sid="1" onid="8572" tsid="32864" />
    <channel service_ref="1:0:1:2:8060:217c:eeee0000:0:0:0:" name="NAPOLI.live" service_name="NAPOLI.live" provider="" sid="2" onid="8572" tsid="32864" />
    <channel service_ref="1:0:1:5:8060:217c:eeee0000:0:0:0:" name="TeleOLTRE" service_name="TeleOLTRE" provider="" sid="5" onid="8572" tsid="32864" />
    <channel service_ref="1:0:1:a0:8060:217c:eeee0000:0:0:0:" name="TELE CLUB ITALIA" service_name="TELE CLUB ITALIA" provider="" sid="160" onid="8572" tsid="32864" />
    <channel service_ref="1:0:16:13:8060:217c:eeee0000:0:0:0:" name="teleischia" service_name="teleischia" provider="TELEISCHIA" sid="19" onid="8572" tsid="32864" />
    <channel service_ref="1:0:1:4:8060:217c:eeee0000:0:0:0:" name="clubtelevision" service_name="clubtelevision" provider="" sid="4" onid="8572" tsid="32864" />
    <channel service_ref="1:0:1:8:8060:217c:eeee0000:0:0:0:" name="televomero" service_name="televomero" provider="" sid="8" onid="8572" tsid="32864" />
    <channel service_ref="1:0:1:9:8060:217c:eeee0000:0:0:0:" name="NAPOLI.live" service_name="NAPOLI.live" provider="" sid="9" onid="8572" tsid="32864" />
    <channel service_ref="1:0:1:a:8060:217c:eeee0000:0:0:0:" name="NAPOLI.live" service_name="NAPOLI.live" provider="" sid="10" onid="8572" tsid="32864" />
    <channel service_ref="1:0:2:7e2:8060:217c:eeee0000:0:0:0:" name="RADIO NUOVA VOMERO" service_name="RADIO NUOVA VOMERO" provider="TELEVOMERO" sid="2018" onid="8572" tsid="32864" />
  </bouquet>
  <bouquet name="Digitale terrestre                     by Rgist" category="tv">
    <channel service_ref="1:0:1:3:8060:217c:eeee0000:0:0:0:" name="TELEVOMERO HD" service_name="TELEVOMERO HD" provider="" sid="3" onid="8572" tsid="32864" />
    <channel service_ref="1:0:1:1:8060:217c:eeee0000:0:0:0:" name="TELEVOMERO" service_name="TELEVOMERO" provider="" sid="1" onid="8572" tsid="32864" />
    <channel service_ref="1:0:1:2:8060:217c:eeee0000:0:0:0:" name="NAPOLI.live" service_name="NAPOLI.live" provider="" sid="2" onid="8572" tsid="32864" />
    <channel service_ref="1:0:1:5:8060:217c:eeee0000:0:0:0:" name="TeleOLTRE" service_name="TeleOLTRE" provider="" sid="5" onid="8572" tsid="32864" />
    <channel service_ref="1:0:1:13:8060:217c:eeee0000:0:0:0:" name="teleischia" service_name="teleischia" provider="TELEISCHIA" sid="19" onid="8572" tsid="32864" />
    <channel service_ref="1:0:1:a0:8060:217c:eeee0000:0:0:0:" name="TELE CLUB ITALIA" service_name="TELE CLUB ITALIA" provider="" sid="160" onid="8572" tsid="32864" />
    <channel service_ref="1:0:2:7e2:8060:217c:eeee0000:0:0:0:" name="RADIO NUOVA VOMERO" service_name="RADIO NUOVA VOMERO" provider="TELEVOMERO" sid="2018" onid="8572" tsid="32864" />
  </bouquet>
</zapit>
