{
  "api_version": 4,
  "bouquet_count": "91",
  "category": "terrestrial",
  "deduplicated_services": "0",
  "display_name": "TELEVOMERO",
  "lamedb_version": "4",
  "last_seen": "unknown",
  "region_code": "televomero",
  "service_count": "2031",
  "source": "work/ingest/oe-alliance/vhannibal.hotbird.and.dtt.napoli/enigma2",
  "stale": "unknown",
  "stats": "{\"bouquet_count\": 42, \"cable_services\": 0, \"radio_services\": 281, \"sat_services\": 1608, \"terrestrial_services\": 423, \"total_services\": 2031}",
  "thresholds": "{\"cable\": 20, \"sat\": 50, \"terrestrial\": 20}",
  "transponder_count": "114"
}