<?xml version='1.0' encoding='utf-8'?>
<zapit api="4">
  <satellites>
    <satellite key="013b0000:1453:0005" name="Sat-31.5E" namespace="0x013b0000" position="31.5">
      <transponder key="013b0000:1453:0005" frequency="11758000" symbol_rate="27500000" polarization="H" fec="3" system="0" modulation="0">
        <service id="0x1c34" sid="7220" name="BTB" type="1" provider="BTB" onid="5" tsid="5203" namespace="0x013b0000" />
      </transponder>
    </satellite>
    <satellite key="013b0000:1456:0005" name="Sat-31.5E" namespace="0x013b0000" position="31.5">
      <transponder key="013b0000:1456:0005" frequency="11817000" symbol_rate="27500000" polarization="V" fec="3" system="0" modulation="0">
        <service id="0x1d56" sid="7510" name="Astra UHD Demo" type="31" provider="SES ASTRA" onid="5" tsid="5206" namespace="0x013b0000" />
        <service id="0x1d4c" sid="7500" name="DW English" type="1" provider="Deutsche Welle" onid="5" tsid="5206" namespace="0x013b0000" />
        <service id="0x1d97" sid="7575" name="Est TV" type="1" provider="SES ASTRA" onid="5" tsid="5206" namespace="0x013b0000" />
        <service id="0x1d93" sid="7571" name="Estrada TV" type="1" provider="" onid="5" tsid="5206" namespace="0x013b0000" />
        <service id="0x1d4d" sid="7501" name="Turan TV" type="1" provider="" onid="5" tsid="5206" namespace="0x013b0000" />
        <service id="0x1d92" sid="7570" name="VTV Romania" type="1" provider="" onid="5" tsid="5206" namespace="0x013b0000" />
      </transponder>
    </satellite>
    <satellite key="013b0000:1460:00a7" name="Sat-31.5E" namespace="0x013b0000" position="31.5">
      <transponder key="013b0000:1460:00a7" frequency="12012000" symbol_rate="30000000" polarization="V" fec="3" system="0" modulation="0">
        <service id="0x1fb3" sid="8115" name="AXN HD" type="1" provider="GLOBECAST" onid="167" tsid="5216" namespace="0x013b0000" />
        <service id="0x1faa" sid="8106" name="Baby TV" type="1" provider="GLOBECAST" onid="167" tsid="5216" namespace="0x013b0000" />
        <service id="0x1fb8" sid="8120" name="Cinemax 2 HD" type="1" provider="GLOBECAST" onid="167" tsid="5216" namespace="0x013b0000" />
        <service id="0x1fb7" sid="8119" name="CNN International" type="1" provider="GLOBECAST" onid="167" tsid="5216" namespace="0x013b0000" />
        <service id="0x1faf" sid="8111" name="Comedy Central" type="1" provider="GLOBECAST" onid="167" tsid="5216" namespace="0x013b0000" />
        <service id="0x1fb4" sid="8116" name="Crime+ Investigation Channel" type="1" provider="GLOBECAST" onid="167" tsid="5216" namespace="0x013b0000" />
        <service id="0x1fac" sid="8108" name="Discovery Showcase HD" type="1" provider="GLOBECAST" onid="167" tsid="5216" namespace="0x013b0000" />
        <service id="0x1fad" sid="8109" name="DocuBox HD" type="1" provider="GLOBECAST" onid="167" tsid="5216" namespace="0x013b0000" />
        <service id="0x1fb0" sid="8112" name="ETNO HD" type="1" provider="GLOBECAST" onid="167" tsid="5216" namespace="0x013b0000" />
        <service id="0x1fb2" sid="8114" name="Mezzo Live HD" type="1" provider="GLOBECAST" onid="167" tsid="5216" namespace="0x013b0000" />
        <service id="0x1fa8" sid="8104" name="N24 Plus" type="1" provider="GLOBECAST" onid="167" tsid="5216" namespace="0x013b0000" />
        <service id="0x1fa9" sid="8105" name="Nickelodeon HD" type="1" provider="GLOBECAST" onid="167" tsid="5216" namespace="0x013b0000" />
        <service id="0x1fa6" sid="8102" name="Prima" type="1" provider="GLOBECAST" onid="167" tsid="5216" namespace="0x013b0000" />
        <service id="0x1fa5" sid="8101" name="PRO TV HD" type="1" provider="GLOBECAST" onid="167" tsid="5216" namespace="0x013b0000" />
        <service id="0x1fb5" sid="8117" name="PRO TV INTERNATIONAL" type="1" provider="GLOBECAST" onid="167" tsid="5216" namespace="0x013b0000" />
        <service id="0x1fab" sid="8107" name="Trace Sport Stars HD" type="1" provider="GLOBECAST" onid="167" tsid="5216" namespace="0x013b0000" />
        <service id="0x1fa7" sid="8103" name="TVR 3" type="1" provider="GLOBECAST" onid="167" tsid="5216" namespace="0x013b0000" />
        <service id="0x1fb1" sid="8113" name="VH1" type="1" provider="GLOBECAST" onid="167" tsid="5216" namespace="0x013b0000" />
        <service id="0x1fae" sid="8110" name="Viasat Explorer" type="1" provider="GLOBECAST" onid="167" tsid="5216" namespace="0x013b0000" />
      </transponder>
    </satellite>
    <satellite key="013b0000:1464:00a7" name="Sat-31.5E" namespace="0x013b0000" position="31.5">
      <transponder key="013b0000:1464:00a7" frequency="12090000" symbol_rate="30000000" polarization="V" fec="3" system="0" modulation="0">
        <service id="0x07dd" sid="2013" name="AMC" type="1" provider="GLOBECAST" onid="167" tsid="5220" namespace="0x013b0000" />
        <service id="0x07da" sid="2010" name="Animal Planet HD" type="1" provider="GLOBECAST" onid="167" tsid="5220" namespace="0x013b0000" />
        <service id="0x07d9" sid="2009" name="Antena 1 HD" type="1" provider="GLOBECAST" onid="167" tsid="5220" namespace="0x013b0000" />
        <service id="0x200b" sid="8203" name="Antena International HD" type="1" provider="GLOBECAST" onid="167" tsid="5220" namespace="0x013b0000" />
        <service id="0x200c" sid="8204" name="Balkanika" type="1" provider="GLOBECAST" onid="167" tsid="5220" namespace="0x013b0000" />
        <service id="0x07dc" sid="2012" name="BBC Earth" type="1" provider="GLOBECAST" onid="167" tsid="5220" namespace="0x013b0000" />
        <service id="0x200d" sid="8205" name="Duck TV" type="1" provider="GLOBECAST" onid="167" tsid="5220" namespace="0x013b0000" />
        <service id="0x07e3" sid="2019" name="Duna" type="1" provider="GLOBECAST" onid="167" tsid="5220" namespace="0x013b0000" />
        <service id="0x201d" sid="8221" name="HBO3 HD" type="1" provider="GLOBECAST" onid="167" tsid="5220" namespace="0x013b0000" />
        <service id="0x200e" sid="8206" name="Megamax" type="1" provider="GLOBECAST" onid="167" tsid="5220" namespace="0x013b0000" />
        <service id="0x201b" sid="8219" name="MTV" type="1" provider="GLOBECAST" onid="167" tsid="5220" namespace="0x013b0000" />
        <service id="0x200a" sid="8202" name="National TV" type="1" provider="GLOBECAST" onid="167" tsid="5220" namespace="0x013b0000" />
        <service id="0x201c" sid="8220" name="RTL Klub" type="1" provider="GLOBECAST" onid="167" tsid="5220" namespace="0x013b0000" />
        <service id="0x07de" sid="2014" name="Taraf HD" type="1" provider="GLOBECAST" onid="167" tsid="5220" namespace="0x013b0000" />
        <service id="0x07e1" sid="2017" name="Trinitas HD" type="1" provider="GLOBECAST" onid="167" tsid="5220" namespace="0x013b0000" />
        <service id="0x07df" sid="2015" name="Viasat History" type="1" provider="GLOBECAST" onid="167" tsid="5220" namespace="0x013b0000" />
      </transponder>
    </satellite>
    <satellite key="013b0000:1468:00a7" name="Sat-31.5E" namespace="0x013b0000" position="31.5">
      <transponder key="013b0000:1468:00a7" frequency="12168000" symbol_rate="30000000" polarization="V" fec="3" system="0" modulation="0">
        <service id="0x089e" sid="2206" name="AXN Black" type="1" provider="GLOBECAST" onid="167" tsid="5224" namespace="0x013b0000" />
        <service id="0x220c" sid="8716" name="AXN Spin" type="1" provider="GLOBECAST" onid="167" tsid="5224" namespace="0x013b0000" />
        <service id="0x089f" sid="2207" name="AXN White" type="1" provider="GLOBECAST" onid="167" tsid="5224" namespace="0x013b0000" />
        <service id="0x08a0" sid="2208" name="BBC World News" type="1" provider="GLOBECAST" onid="167" tsid="5224" namespace="0x013b0000" />
        <service id="0x21fe" sid="8702" name="DTX HD" type="1" provider="GLOBECAST" onid="167" tsid="5224" namespace="0x013b0000" />
        <service id="0x220f" sid="8719" name="Film+" type="1" provider="GLOBECAST" onid="167" tsid="5224" namespace="0x013b0000" />
        <service id="0x08a2" sid="2210" name="HBO HD" type="1" provider="GLOBECAST" onid="167" tsid="5224" namespace="0x013b0000" />
        <service id="0x0383" sid="899" name="Hustler HD" type="1" provider="GLOBECAST" onid="167" tsid="5224" namespace="0x013b0000" />
        <service id="0x220b" sid="8715" name="JimJam" type="1" provider="GLOBECAST" onid="167" tsid="5224" namespace="0x013b0000" />
        <service id="0x089c" sid="2204" name="Look Plus HD" type="1" provider="GLOBECAST" onid="167" tsid="5224" namespace="0x013b0000" />
        <service id="0x089d" sid="2205" name="Look Sport HD" type="1" provider="GLOBECAST" onid="167" tsid="5224" namespace="0x013b0000" />
        <service id="0x21fd" sid="8701" name="Motorvision HD" type="1" provider="GLOBECAST" onid="167" tsid="5224" namespace="0x013b0000" />
        <service id="0x220d" sid="8717" name="Neptun TV" type="1" provider="GLOBECAST" onid="167" tsid="5224" namespace="0x013b0000" />
        <service id="0x220a" sid="8714" name="Orange Info" type="1" provider="GLOBECAST" onid="167" tsid="5224" namespace="0x013b0000" />
        <service id="0x220e" sid="8718" name="Outdoor HD" type="1" provider="GLOBECAST" onid="167" tsid="5224" namespace="0x013b0000" />
        <service id="0x089a" sid="2202" name="Redlight HD" type="1" provider="GLOBECAST" onid="167" tsid="5224" namespace="0x013b0000" />
        <service id="0x21ff" sid="8703" name="Travel Mix" type="1" provider="GLOBECAST" onid="167" tsid="5224" namespace="0x013b0000" />
      </transponder>
    </satellite>
    <satellite key="013b0000:146c:00a7" name="Sat-31.5E" namespace="0x013b0000" position="31.5">
      <transponder key="013b0000:146c:00a7" frequency="12246000" symbol_rate="30000000" polarization="V" fec="3" system="0" modulation="0">
        <service id="0x206d" sid="8301" name="Antena Stars HD" type="1" provider="GLOBECAST" onid="167" tsid="5228" namespace="0x013b0000" />
        <service id="0x206e" sid="8302" name="B1" type="1" provider="GLOBECAST" onid="167" tsid="5228" namespace="0x013b0000" />
        <service id="0x0334" sid="820" name="Cool TV" type="1" provider="GLOBECAST" onid="167" tsid="5228" namespace="0x013b0000" />
        <service id="0x081a" sid="2074" name="Discovery Channel" type="1" provider="GLOBECAST" onid="167" tsid="5228" namespace="0x013b0000" />
        <service id="0x207b" sid="8315" name="Diva" type="1" provider="GLOBECAST" onid="167" tsid="5228" namespace="0x013b0000" />
        <service id="0x081f" sid="2079" name="Erox HD" type="1" provider="GLOBECAST" onid="167" tsid="5228" namespace="0x013b0000" />
        <service id="0x207c" sid="8316" name="Extreme Sports" type="1" provider="GLOBECAST" onid="167" tsid="5228" namespace="0x013b0000" />
        <service id="0x081b" sid="2075" name="Filmbox Extra HD" type="1" provider="GLOBECAST" onid="167" tsid="5228" namespace="0x013b0000" />
        <service id="0x081e" sid="2078" name="Happy Channel HD" type="1" provider="GLOBECAST" onid="167" tsid="5228" namespace="0x013b0000" />
        <service id="0x0330" sid="816" name="Minimax" type="1" provider="GLOBECAST" onid="167" tsid="5228" namespace="0x013b0000" />
        <service id="0x0335" sid="821" name="Muzsika TV" type="1" provider="GLOBECAST" onid="167" tsid="5228" namespace="0x013b0000" />
        <service id="0x0333" sid="819" name="Nat Geo HD" type="1" provider="GLOBECAST" onid="167" tsid="5228" namespace="0x013b0000" />
        <service id="0x0331" sid="817" name="PRO X HD" type="1" provider="GLOBECAST" onid="167" tsid="5228" namespace="0x013b0000" />
        <service id="0x207e" sid="8318" name="Speranta TV" type="1" provider="GLOBECAST" onid="167" tsid="5228" namespace="0x013b0000" />
        <service id="0x206c" sid="8300" name="SSU" type="1" provider="GLOBECAST" onid="167" tsid="5228" namespace="0x013b0000" />
        <service id="0x0332" sid="818" name="Trace Tropical HD" type="1" provider="GLOBECAST" onid="167" tsid="5228" namespace="0x013b0000" />
        <service id="0x081d" sid="2077" name="Trace Urban HD" type="1" provider="GLOBECAST" onid="167" tsid="5228" namespace="0x013b0000" />
        <service id="0x081c" sid="2076" name="TV5 MONDE" type="1" provider="GLOBECAST" onid="167" tsid="5228" namespace="0x013b0000" />
      </transponder>
    </satellite>
    <satellite key="013b0000:1470:00a7" name="Sat-31.5E" namespace="0x013b0000" position="31.5">
      <transponder key="013b0000:1470:00a7" frequency="12324000" symbol_rate="30000000" polarization="V" fec="3" system="0" modulation="0">
        <service id="0x20d4" sid="8404" name="Antena 3 HD" type="1" provider="GLOBECAST" onid="167" tsid="5232" namespace="0x013b0000" />
        <service id="0x20e3" sid="8419" name="Cartoon Network" type="1" provider="GLOBECAST" onid="167" tsid="5232" namespace="0x013b0000" />
        <service id="0x20db" sid="8411" name="Cinemax HD" type="1" provider="GLOBECAST" onid="167" tsid="5232" namespace="0x013b0000" />
        <service id="0x20d6" sid="8406" name="Disney Channel" type="1" provider="GLOBECAST" onid="167" tsid="5232" namespace="0x013b0000" />
        <service id="0x20da" sid="8410" name="DOQ" type="1" provider="GLOBECAST" onid="167" tsid="5232" namespace="0x013b0000" />
        <service id="0x20df" sid="8415" name="Dorcel XXX" type="1" provider="GLOBECAST" onid="167" tsid="5232" namespace="0x013b0000" />
        <service id="0x20d5" sid="8405" name="Euronews" type="1" provider="GLOBECAST" onid="167" tsid="5232" namespace="0x013b0000" />
        <service id="0x20d9" sid="8409" name="Investigation Discovery" type="1" provider="GLOBECAST" onid="167" tsid="5232" namespace="0x013b0000" />
        <service id="0x20d1" sid="8401" name="Kanal D HD" type="1" provider="GLOBECAST" onid="167" tsid="5232" namespace="0x013b0000" />
        <service id="0x20dc" sid="8412" name="MEZZO" type="1" provider="GLOBECAST" onid="167" tsid="5232" namespace="0x013b0000" />
        <service id="0x20dd" sid="8413" name="Myzen HD" type="1" provider="GLOBECAST" onid="167" tsid="5232" namespace="0x013b0000" />
        <service id="0x20d8" sid="8408" name="Nat Geo Wild HD" type="1" provider="GLOBECAST" onid="167" tsid="5232" namespace="0x013b0000" />
        <service id="0x20e1" sid="8417" name="Paramount Channel" type="1" provider="GLOBECAST" onid="167" tsid="5232" namespace="0x013b0000" />
        <service id="0x20d2" sid="8402" name="PRO 2 HD" type="1" provider="GLOBECAST" onid="167" tsid="5232" namespace="0x013b0000" />
        <service id="0x20e4" sid="8420" name="RTL+" type="1" provider="GLOBECAST" onid="167" tsid="5232" namespace="0x013b0000" />
        <service id="0x20de" sid="8414" name="TV Paprika" type="1" provider="GLOBECAST" onid="167" tsid="5232" namespace="0x013b0000" />
        <service id="0x20d3" sid="8403" name="TVR International" type="1" provider="GLOBECAST" onid="167" tsid="5232" namespace="0x013b0000" />
        <service id="0x20d7" sid="8407" name="Zu TV HD" type="1" provider="GLOBECAST" onid="167" tsid="5232" namespace="0x013b0000" />
      </transponder>
    </satellite>
    <satellite key="013b0000:1474:00a7" name="Sat-31.5E" namespace="0x013b0000" position="31.5">
      <transponder key="013b0000:1474:00a7" frequency="12402000" symbol_rate="30000000" polarization="V" fec="3" system="0" modulation="0">
        <service id="0x035a" sid="858" name="Bollywood HD" type="1" provider="GLOBECAST" onid="167" tsid="5236" namespace="0x013b0000" />
        <service id="0x0361" sid="865" name="Boomerang" type="1" provider="GLOBECAST" onid="167" tsid="5236" namespace="0x013b0000" />
        <service id="0x085b" sid="2139" name="Disney Junior" type="1" provider="GLOBECAST" onid="167" tsid="5236" namespace="0x013b0000" />
        <service id="0x0360" sid="864" name="Epic Drama HD" type="1" provider="GLOBECAST" onid="167" tsid="5236" namespace="0x013b0000" />
        <service id="0x213a" sid="8506" name="Eurosport 1 HD" type="1" provider="GLOBECAST" onid="167" tsid="5236" namespace="0x013b0000" />
        <service id="0x085d" sid="2141" name="FashionBox HD" type="1" provider="GLOBECAST" onid="167" tsid="5236" namespace="0x013b0000" />
        <service id="0x213e" sid="8510" name="Film Cafe" type="1" provider="GLOBECAST" onid="167" tsid="5236" namespace="0x013b0000" />
        <service id="0x035f" sid="863" name="Fishing and Hunting HD" type="1" provider="GLOBECAST" onid="167" tsid="5236" namespace="0x013b0000" />
        <service id="0x085a" sid="2138" name="France 24" type="1" provider="GLOBECAST" onid="167" tsid="5236" namespace="0x013b0000" />
        <service id="0x213f" sid="8511" name="Kiss TV" type="1" provider="GLOBECAST" onid="167" tsid="5236" namespace="0x013b0000" />
        <service id="0x085c" sid="2140" name="MTV Live HD" type="1" provider="GLOBECAST" onid="167" tsid="5236" namespace="0x013b0000" />
        <service id="0x035d" sid="861" name="PRO GOLD" type="1" provider="GLOBECAST" onid="167" tsid="5236" namespace="0x013b0000" />
        <service id="0x035b" sid="859" name="Romania TV" type="1" provider="GLOBECAST" onid="167" tsid="5236" namespace="0x013b0000" />
        <service id="0x214a" sid="8522" name="RTL II" type="1" provider="GLOBECAST" onid="167" tsid="5236" namespace="0x013b0000" />
        <service id="0x085f" sid="2143" name="TLC" type="1" provider="GLOBECAST" onid="167" tsid="5236" namespace="0x013b0000" />
        <service id="0x0359" sid="857" name="TVR 1" type="1" provider="GLOBECAST" onid="167" tsid="5236" namespace="0x013b0000" />
        <service id="0x213d" sid="8509" name="Viasat Nature" type="1" provider="GLOBECAST" onid="167" tsid="5236" namespace="0x013b0000" />
        <service id="0x213c" sid="8508" name="Viasat Nature/History HD" type="1" provider="GLOBECAST" onid="167" tsid="5236" namespace="0x013b0000" />
      </transponder>
    </satellite>
    <satellite key="013b0000:1478:00a7" name="Sat-31.5E" namespace="0x013b0000" position="31.5">
      <transponder key="013b0000:1478:00a7" frequency="12480000" symbol_rate="30000000" polarization="V" fec="3" system="0" modulation="0">
        <service id="0x219f" sid="8607" name="Discovery Science HD" type="1" provider="GLOBECAST" onid="167" tsid="5240" namespace="0x013b0000" />
        <service id="0x21a5" sid="8613" name="E! Entertainment HD" type="1" provider="GLOBECAST" onid="167" tsid="5240" namespace="0x013b0000" />
        <service id="0x21a1" sid="8609" name="Erdely Tv" type="1" provider="GLOBECAST" onid="167" tsid="5240" namespace="0x013b0000" />
        <service id="0x219e" sid="8606" name="Eurosport 2 HD" type="1" provider="GLOBECAST" onid="167" tsid="5240" namespace="0x013b0000" />
        <service id="0x21a3" sid="8611" name="Favorit" type="1" provider="GLOBECAST" onid="167" tsid="5240" namespace="0x013b0000" />
        <service id="0x219c" sid="8604" name="FightBox HD" type="1" provider="GLOBECAST" onid="167" tsid="5240" namespace="0x013b0000" />
        <service id="0x21ac" sid="8620" name="HBO2 HD" type="1" provider="GLOBECAST" onid="167" tsid="5240" namespace="0x013b0000" />
        <service id="0x21a0" sid="8608" name="History HD" type="1" provider="GLOBECAST" onid="167" tsid="5240" namespace="0x013b0000" />
        <service id="0x21a9" sid="8617" name="M1" type="1" provider="GLOBECAST" onid="167" tsid="5240" namespace="0x013b0000" />
        <service id="0x21aa" sid="8618" name="M2" type="1" provider="GLOBECAST" onid="167" tsid="5240" namespace="0x013b0000" />
        <service id="0x21ab" sid="8619" name="PRO CINEMA" type="1" provider="GLOBECAST" onid="167" tsid="5240" namespace="0x013b0000" />
        <service id="0x219b" sid="8603" name="Realitatea TV" type="1" provider="GLOBECAST" onid="167" tsid="5240" namespace="0x013b0000" />
        <service id="0x21a6" sid="8614" name="Travel Channel HD" type="1" provider="GLOBECAST" onid="167" tsid="5240" namespace="0x013b0000" />
        <service id="0x21a2" sid="8610" name="TV1000" type="1" provider="GLOBECAST" onid="167" tsid="5240" namespace="0x013b0000" />
        <service id="0x0381" sid="897" name="TVR 2" type="1" provider="GLOBECAST" onid="167" tsid="5240" namespace="0x013b0000" />
        <service id="0x219a" sid="8602" name="TVR HD" type="1" provider="GLOBECAST" onid="167" tsid="5240" namespace="0x013b0000" />
      </transponder>
    </satellite>
    <satellite key="013b2eb2:0002:0001" name="Sat-31.5E" namespace="0x013b2eb2" position="31.5">
      <transponder key="013b2eb2:0002:0001" frequency="11954000" symbol_rate="27500000" polarization="H" fec="4" system="0" modulation="0">
        <service id="0x00c7" sid="199" name="033 - Nickelodeon" type="1" provider="Magtisat" onid="1" tsid="2" namespace="0x013b2eb2" />
        <service id="0x040a" sid="1034" name="034 - Erox" type="1" provider="Magtisat" onid="1" tsid="2" namespace="0x013b2eb2" />
        <service id="0x040b" sid="1035" name="035 - Sarafan" type="1" provider="Magtisat" onid="1" tsid="2" namespace="0x013b2eb2" />
        <service id="0x040c" sid="1036" name="036 - Fox" type="1" provider="Magtisat" onid="1" tsid="2" namespace="0x013b2eb2" />
        <service id="0x040d" sid="1037" name="037 - ChasseAndPeche" type="1" provider="Magtisat" onid="1" tsid="2" namespace="0x013b2eb2" />
        <service id="0x040e" sid="1038" name="038 - FILMBOX" type="1" provider="Magtisat" onid="1" tsid="2" namespace="0x013b2eb2" />
        <service id="0x040f" sid="1039" name="039 - Russia 24" type="1" provider="Magtisat" onid="1" tsid="2" namespace="0x013b2eb2" />
        <service id="0x019a" sid="410" name="040 - BrazzerTV" type="1" provider="Magtisat" onid="1" tsid="2" namespace="0x013b2eb2" />
        <service id="0x019b" sid="411" name="041 - Rioni" type="1" provider="Magtisat" onid="1" tsid="2" namespace="0x013b2eb2" />
        <service id="0x019c" sid="412" name="042 - Tune Box" type="1" provider="Magtisat" onid="1" tsid="2" namespace="0x013b2eb2" />
        <service id="0x019d" sid="413" name="043 - Spike" type="1" provider="Magtisat" onid="1" tsid="2" namespace="0x013b2eb2" />
        <service id="0x019e" sid="414" name="044 - Cartoon Network" type="1" provider="Magtisat" onid="1" tsid="2" namespace="0x013b2eb2" />
        <service id="0x019f" sid="415" name="045 - Perec" type="1" provider="Magtisat" onid="1" tsid="2" namespace="0x013b2eb2" />
        <service id="0x01a0" sid="416" name="046 - Sony Turbo" type="1" provider="Magtisat" onid="1" tsid="2" namespace="0x013b2eb2" />
        <service id="0x01a1" sid="417" name="047 - Bollywood" type="1" provider="Magtisat" onid="1" tsid="2" namespace="0x013b2eb2" />
        <service id="0x01a2" sid="418" name="048 - Amedia1" type="1" provider="Magtisat" onid="1" tsid="2" namespace="0x013b2eb2" />
        <service id="0x01a3" sid="419" name="049 - Amedia2" type="1" provider="Magtisat" onid="1" tsid="2" namespace="0x013b2eb2" />
        <service id="0x041a" sid="1050" name="050 - Evrokino" type="1" provider="Magtisat" onid="1" tsid="2" namespace="0x013b2eb2" />
        <service id="0x041b" sid="1051" name="051 - THT4" type="1" provider="Magtisat" onid="1" tsid="2" namespace="0x013b2eb2" />
        <service id="0x041c" sid="1052" name="052 - Avto24" type="1" provider="Magtisat" onid="1" tsid="2" namespace="0x013b2eb2" />
        <service id="0x041d" sid="1053" name="053 -IP- saperaviTV" type="1" provider="Magtisat" onid="1" tsid="2" namespace="0x013b2eb2" />
        <service id="0x041e" sid="1054" name="054 - THT Myzicalni" type="1" provider="Magtisat" onid="1" tsid="2" namespace="0x013b2eb2" />
        <service id="0x041f" sid="1055" name="055 - Magti Kino" type="1" provider="Magtisat" onid="1" tsid="2" namespace="0x013b2eb2" />
        <service id="0x01a4" sid="420" name="056 - Rossya Kultura" type="1" provider="Magtisat" onid="1" tsid="2" namespace="0x013b2eb2" />
        <service id="0x01a5" sid="421" name="057 - Travel Channel" type="1" provider="Magtisat" onid="1" tsid="2" namespace="0x013b2eb2" />
        <service id="0x01a6" sid="422" name="058 - Mult" type="1" provider="Magtisat" onid="1" tsid="2" namespace="0x013b2eb2" />
        <service id="0x01a7" sid="423" name="059 - Amedia Premium" type="1" provider="Magtisat" onid="1" tsid="2" namespace="0x013b2eb2" />
        <service id="0x01a8" sid="424" name="060 - illuzion" type="1" provider="Magtisat" onid="1" tsid="2" namespace="0x013b2eb2" />
        <service id="0x01a9" sid="425" name="061 - Ruski illuzion" type="1" provider="Magtisat" onid="1" tsid="2" namespace="0x013b2eb2" />
        <service id="0x01aa" sid="426" name="062 - Karusel" type="1" provider="Magtisat" onid="1" tsid="2" namespace="0x013b2eb2" />
        <service id="0x01ab" sid="427" name="063 - National Geographic" type="1" provider="Magtisat" onid="1" tsid="2" namespace="0x013b2eb2" />
        <service id="0x01ac" sid="428" name="064 - Dom Kino Premium" type="1" provider="Magtisat" onid="1" tsid="2" namespace="0x013b2eb2" />
      </transponder>
    </satellite>
    <satellite key="013b2fea:0004:0001" name="Sat-31.5E" namespace="0x013b2fea" position="31.5">
      <transponder key="013b2fea:0004:0001" frequency="12266000" symbol_rate="27500000" polarization="H" fec="4" system="0" modulation="0">
        <service id="0x01b1" sid="433" name="075 - M1 Global" type="1" provider="Magtisat" onid="1" tsid="4" namespace="0x013b2fea" />
        <service id="0x01b5" sid="437" name="079 - Viasat Sport" type="1" provider="Magtisat" onid="1" tsid="4" namespace="0x013b2fea" />
        <service id="0x043b" sid="1083" name="083 - Da Vinchi Learning" type="1" provider="magtisat" onid="1" tsid="4" namespace="0x013b2fea" />
        <service id="0x043c" sid="1084" name="084 - Istoria" type="1" provider="Magtisat" onid="1" tsid="4" namespace="0x013b2fea" />
        <service id="0x01b9" sid="441" name="089 - Zagaradni" type="1" provider="Magtisat" onid="1" tsid="4" namespace="0x013b2fea" />
        <service id="0x01bb" sid="443" name="091 - ViP Comedy" type="1" provider="Magtisat" onid="1" tsid="4" namespace="0x013b2fea" />
        <service id="0x01bd" sid="445" name="093 - ViP Megahit" type="1" provider="Magtisat" onid="1" tsid="4" namespace="0x013b2fea" />
        <service id="0x01be" sid="446" name="094 - ViP Premiere" type="1" provider="Magtisat" onid="1" tsid="4" namespace="0x013b2fea" />
        <service id="0x01bf" sid="447" name="095 - Jivaya Planeta" type="1" provider="Magtisat" onid="1" tsid="4" namespace="0x013b2fea" />
        <service id="0x01c0" sid="448" name="096 - Cinema" type="1" provider="Magtisat" onid="1" tsid="4" namespace="0x013b2fea" />
        <service id="0x014e" sid="334" name="108 - TV1000 Action" type="1" provider="Magtisat" onid="1" tsid="4" namespace="0x013b2fea" />
        <service id="0x082a" sid="2090" name="109 - Viasat Explore" type="1" provider="Magtisat" onid="1" tsid="4" namespace="0x013b2fea" />
        <service id="0x0156" sid="342" name="110 - TV1000" type="1" provider="Magtisat" onid="1" tsid="4" namespace="0x013b2fea" />
        <service id="0x083e" sid="2110" name="111 - Viasat History" type="1" provider="Magtisat" onid="1" tsid="4" namespace="0x013b2fea" />
        <service id="0x015e" sid="350" name="112 - TV1000 Ruskoe kino" type="1" provider="Magtisat" onid="1" tsid="4" namespace="0x013b2fea" />
        <service id="0x017e" sid="382" name="120 - Viasat Nature" type="1" provider="Magtisat" onid="1" tsid="4" namespace="0x013b2fea" />
        <service id="0x0faa" sid="4010" name="301 -IP- TV Pirveli" type="1" provider="Magtisat" onid="1" tsid="4" namespace="0x013b2fea" />
        <service id="0x0fbe" sid="4030" name="303 -IP- HCTB" type="1" provider="magtisat" onid="1" tsid="4" namespace="0x013b2fea" />
        <service id="0x0fc8" sid="4040" name="304 -IP- Nastaiashee vremia" type="1" provider="magtisat" onid="1" tsid="4" namespace="0x013b2fea" />
        <service id="0x0fd2" sid="4050" name="305 -IP- France24" type="1" provider="Magtisat" onid="1" tsid="4" namespace="0x013b2fea" />
        <service id="0x0fdc" sid="4060" name="306 -IP- Ragbi TV" type="1" provider="magtisat" onid="1" tsid="4" namespace="0x013b2fea" />
        <service id="0x0fe6" sid="4070" name="307 -IP- Pyatnica" type="1" provider="magtisat" onid="1" tsid="4" namespace="0x013b2fea" />
        <service id="0x0ff0" sid="4080" name="308 -IP- CNN" type="1" provider="magtisat" onid="1" tsid="4" namespace="0x013b2fea" />
        <service id="0x0ffa" sid="4090" name="309 -IP- PlanetaHD" type="1" provider="magtisat" onid="1" tsid="4" namespace="0x013b2fea" />
        <service id="0x03ec" sid="1004" name="310 -IP- Nauka" type="1" provider="magtisat" onid="1" tsid="4" namespace="0x013b2fea" />
        <service id="0x100e" sid="4110" name="311 -IP- AzTV" type="1" provider="magtisat" onid="1" tsid="4" namespace="0x013b2fea" />
        <service id="0x03fa" sid="1018" name="312 -IP- ArmeniaTV" type="1" provider="Magtisat" onid="1" tsid="4" namespace="0x013b2fea" />
        <service id="0x03fe" sid="1022" name="313 -IP- RussiaToday" type="1" provider="magtisat" onid="1" tsid="4" namespace="0x013b2fea" />
        <service id="0x102c" sid="4140" name="314 -IP- RBK" type="1" provider="magtisat" onid="1" tsid="4" namespace="0x013b2fea" />
        <service id="0x040c" sid="1036" name="315 -IP- Setanta Georgia" type="1" provider="Magtisat" onid="1" tsid="4" namespace="0x013b2fea" />
        <service id="0x019a" sid="410" name="316 -IP- SetantaPlusGeorgia" type="1" provider="Harmonic" onid="1" tsid="4" namespace="0x013b2fea" />
        <service id="0x104a" sid="4170" name="317 -IP- PalitraNews" type="1" provider="Magtisat" onid="1" tsid="4" namespace="0x013b2fea" />
      </transponder>
    </satellite>
    <satellite key="013baec5:0001:0001" name="Sat-31.5E" namespace="0x013baec5" position="31.5">
      <transponder key="013baec5:0001:0001" frequency="11973000" symbol_rate="27500000" polarization="V" fec="4" system="0" modulation="0">
        <service id="0x03e9" sid="1001" name="001 - Maestro" type="1" provider="Magtisat" onid="1" tsid="1" namespace="0x013baec5" />
        <service id="0x03ea" sid="1002" name="002 - NAT GEO WILD" type="1" provider="Magtisat" onid="1" tsid="1" namespace="0x013baec5" />
        <service id="0x03eb" sid="1003" name="003 - Marao" type="1" provider="Magtisat" onid="1" tsid="1" namespace="0x013baec5" />
        <service id="0x03ec" sid="1004" name="004 - SetantaSports" type="1" provider="Magtisat" onid="1" tsid="1" namespace="0x013baec5" />
        <service id="0x03ed" sid="1005" name="005 - BBC World News" type="1" provider="Magtisat" onid="1" tsid="1" namespace="0x013baec5" />
        <service id="0x03ee" sid="1006" name="006 - Russia RTR" type="1" provider="Magtisat" onid="1" tsid="1" namespace="0x013baec5" />
        <service id="0x03ef" sid="1007" name="007 - FashionTV" type="1" provider="Magtisat" onid="1" tsid="1" namespace="0x013baec5" />
        <service id="0x03f0" sid="1008" name="008 - CNBC" type="1" provider="Magtisat" onid="1" tsid="1" namespace="0x013baec5" />
        <service id="0x03f1" sid="1009" name="009 - RTVi" type="1" provider="Magtisat" onid="1" tsid="1" namespace="0x013baec5" />
        <service id="0x03f2" sid="1010" name="010 - Euronews" type="1" provider="Magtisat" onid="1" tsid="1" namespace="0x013baec5" />
        <service id="0x03f3" sid="1011" name="011 - DOCUBOX" type="1" provider="Magtisat" onid="1" tsid="1" namespace="0x013baec5" />
        <service id="0x03f4" sid="1012" name="012 - Duck TV" type="1" provider="Magtisat" onid="1" tsid="1" namespace="0x013baec5" />
        <service id="0x03f5" sid="1013" name="013 - Fine Living" type="1" provider="Magtisat" onid="1" tsid="1" namespace="0x013baec5" />
        <service id="0x03f6" sid="1014" name="014 - Enkibenki" type="1" provider="Harmonic" onid="1" tsid="1" namespace="0x013baec5" />
        <service id="0x03f7" sid="1015" name="015 - JimJam" type="1" provider="Magtisat" onid="1" tsid="1" namespace="0x013baec5" />
        <service id="0x03f8" sid="1016" name="016 - Dom Kino" type="1" provider="Magtisat" onid="1" tsid="1" namespace="0x013baec5" />
        <service id="0x03f9" sid="1017" name="017 - FIGHTBOX" type="1" provider="Magtisat" onid="1" tsid="1" namespace="0x013baec5" />
        <service id="0x03fa" sid="1018" name="018 - TIJI" type="1" provider="Magtisat" onid="1" tsid="1" namespace="0x013baec5" />
        <service id="0x03fb" sid="1019" name="019 - Amedia Hit" type="1" provider="Magtisat" onid="1" tsid="1" namespace="0x013baec5" />
        <service id="0x03fc" sid="1020" name="020 - Sony Entertiment" type="1" provider="Magtisat" onid="1" tsid="1" namespace="0x013baec5" />
        <service id="0x03fd" sid="1021" name="021 - Eurosport" type="1" provider="Magtisat" onid="1" tsid="1" namespace="0x013baec5" />
        <service id="0x03fe" sid="1022" name="022 - Eurosport 2" type="1" provider="Magtisat" onid="1" tsid="1" namespace="0x013baec5" />
        <service id="0x03ff" sid="1023" name="023 - TLC" type="1" provider="Magtisat" onid="1" tsid="1" namespace="0x013baec5" />
        <service id="0x00be" sid="190" name="024 - ID Xtra" type="1" provider="Magtisat" onid="1" tsid="1" namespace="0x013baec5" />
        <service id="0x00bf" sid="191" name="025 - Discovery Science" type="1" provider="Magtisat" onid="1" tsid="1" namespace="0x013baec5" />
        <service id="0x00c0" sid="192" name="026 - DTX" type="1" provider="Magtisat" onid="1" tsid="1" namespace="0x013baec5" />
        <service id="0x00c1" sid="193" name="027 - Discovery" type="1" provider="Magtisat" onid="1" tsid="1" namespace="0x013baec5" />
        <service id="0x00c2" sid="194" name="028 - Animal Planet" type="1" provider="Magtisat" onid="1" tsid="1" namespace="0x013baec5" />
        <service id="0x00c3" sid="195" name="029 - Paramount Channel" type="1" provider="Magtisat" onid="1" tsid="1" namespace="0x013baec5" />
        <service id="0x00c4" sid="196" name="030 - Nick Jr" type="1" provider="Magtisat" onid="1" tsid="1" namespace="0x013baec5" />
        <service id="0x00c5" sid="197" name="031 - VH1 classic" type="1" provider="Magtisat" onid="1" tsid="1" namespace="0x013baec5" />
        <service id="0x00c6" sid="198" name="032 - MTV" type="1" provider="Magtisat" onid="1" tsid="1" namespace="0x013baec5" />
      </transponder>
    </satellite>
    <satellite key="013bafaf:0003:0001" name="Sat-31.5E" namespace="0x013bafaf" position="31.5">
      <transponder key="013bafaf:0003:0001" frequency="12207000" symbol_rate="27500000" polarization="V" fec="4" system="0" modulation="0">
        <service id="0x01af" sid="431" name="073 - Fast and Fun Box" type="1" provider="Magtisat" onid="1" tsid="3" namespace="0x013bafaf" />
        <service id="0x01b0" sid="432" name="074 - Fashion Box" type="1" provider="Magtisat" onid="1" tsid="3" namespace="0x013bafaf" />
        <service id="0x01b2" sid="434" name="076 - Mezzo" type="1" provider="Magtisat" onid="1" tsid="3" namespace="0x013bafaf" />
        <service id="0x01b3" sid="435" name="077 - Setanta Sports plus" type="1" provider="Magtisat" onid="1" tsid="3" namespace="0x013bafaf" />
        <service id="0x01b4" sid="436" name="078 - Redlight" type="1" provider="Magtisat" onid="1" tsid="3" namespace="0x013bafaf" />
        <service id="0x01b6" sid="438" name="080 - Pervi Kanal" type="1" provider="Magtisat" onid="1" tsid="3" namespace="0x013bafaf" />
        <service id="0x01b7" sid="439" name="081 - O!" type="1" provider="Magtisat" onid="1" tsid="3" namespace="0x013bafaf" />
        <service id="0x043a" sid="1082" name="082 - Paramount Comedy" type="1" provider="Magtisat" onid="1" tsid="3" namespace="0x013bafaf" />
        <service id="0x043e" sid="1086" name="086 - Rustavi2" type="1" provider="Magtisat" onid="1" tsid="3" namespace="0x013bafaf" />
        <service id="0x043f" sid="1087" name="087 - TV25" type="1" provider="Magtisat" onid="1" tsid="3" namespace="0x013bafaf" />
        <service id="0x01b8" sid="440" name="088 - Adjara" type="1" provider="Magtisat" onid="1" tsid="3" namespace="0x013bafaf" />
        <service id="0x01bc" sid="444" name="092 -V- GDSTV" type="1" provider="Magtisat" onid="1" tsid="3" namespace="0x013bafaf" />
        <service id="0x01c1" sid="449" name="097 - Chveni Magti" type="1" provider="Magtisat" onid="1" tsid="3" namespace="0x013bafaf" />
        <service id="0x044a" sid="1098" name="098 -V- ApkhazetisKhma" type="1" provider="Magtisat" onid="1" tsid="3" namespace="0x013bafaf" />
        <service id="0x044b" sid="1099" name="099 -V- MeoreArkhi" type="1" provider="Magtisat" onid="1" tsid="3" namespace="0x013bafaf" />
        <service id="0x07d0" sid="2000" name="100 - Comedy Arkhi" type="1" provider="Magtisat" onid="1" tsid="3" namespace="0x013bafaf" />
        <service id="0x07da" sid="2010" name="101 -V- GurjaaniTV" type="1" provider="Magtisat" onid="1" tsid="3" namespace="0x013bafaf" />
        <service id="0x07e4" sid="2020" name="102 - Obieqtivi" type="1" provider="Magtisat" onid="1" tsid="3" namespace="0x013bafaf" />
        <service id="0x07ee" sid="2030" name="103 - FILMBOXARTHOUSE" type="1" provider="Magtisat" onid="1" tsid="3" namespace="0x013bafaf" />
        <service id="0x07f8" sid="2040" name="104 - TNT Comedy" type="1" provider="Magtisat" onid="1" tsid="3" namespace="0x013bafaf" />
        <service id="0x0142" sid="322" name="105 - 360 TuneBox" type="1" provider="Magtisat" onid="1" tsid="3" namespace="0x013bafaf" />
        <service id="0x014a" sid="330" name="107 - Ertsulovneba" type="1" provider="Magtisat" onid="1" tsid="3" namespace="0x013bafaf" />
        <service id="0x085c" sid="2140" name="114 -V- QartuliArkhi" type="1" provider="Magtisat" onid="1" tsid="3" namespace="0x013bafaf" />
        <service id="0x087a" sid="2170" name="117 - Magti Hit SD" type="1" provider="Magtisat" onid="1" tsid="3" namespace="0x013bafaf" />
        <service id="0x0176" sid="374" name="118 - IberiaTV" type="1" provider="Magtisat" onid="1" tsid="3" namespace="0x013bafaf" />
        <service id="0x088e" sid="2190" name="119 - TVXXI" type="1" provider="Magtisat" onid="1" tsid="3" namespace="0x013bafaf" />
        <service id="0x0bc2" sid="3010" name="201 -V- QualityChannel" type="1" provider="Magtisat" onid="1" tsid="3" namespace="0x013bafaf" />
        <service id="0x0bcc" sid="3020" name="202 -V- DardiMandi" type="1" provider="Magtisat" onid="1" tsid="3" namespace="0x013bafaf" />
        <service id="0x0bd6" sid="3030" name="203 -V- 1TVGeorgia SD" type="1" provider="Magtisat" onid="1" tsid="3" namespace="0x013bafaf" />
        <service id="0x0c08" sid="3080" name="208 -V- Kavkasia" type="1" provider="Magtisat" onid="1" tsid="3" namespace="0x013bafaf" />
        <service id="0x0c1c" sid="3100" name="210 -V- Imedi TV" type="1" provider="Magtisat" onid="1" tsid="3" namespace="0x013bafaf" />
        <service id="0x0c30" sid="3120" name="212 - Silk Universal" type="1" provider="Magtisat" onid="1" tsid="3" namespace="0x013bafaf" />
      </transponder>
    </satellite>
  </satellites>
</zapit>
