<?xml version='1.0' encoding='utf-8'?>
<zapit>
  <bouquet name="General" category="tv">
    <channel service_ref="1:0:25:1a9e:68e1:217c:eeee0000:0:0:0:" name="7 GOLD" service_name="7 GOLD" provider="SETTE GOLD" sid="6814" onid="8572" tsid="26849" />
    <channel service_ref="1:0:1:1a91:68e1:217c:eeee0000:0:0:0:" name="CANALE 10 HD" service_name="CANALE 10 HD" provider="CANALE 10" sid="6801" onid="8572" tsid="26849" />
    <channel service_ref="1:0:1:1a9c:68e1:217c:eeee0000:0:0:0:" name="CANALE ITALIA" service_name="CANALE ITALIA" provider="Canale Italia" sid="6812" onid="8572" tsid="26849" />
    <channel service_ref="1:0:1:1a9f:68e1:217c:eeee0000:0:0:0:" name="GLOBO TV" service_name="GLOBO TV" provider="GLOBO TV" sid="6815" onid="8572" tsid="26849" />
    <channel service_ref="1:0:1:1a92:68e1:217c:eeee0000:0:0:0:" name="GOLD TV" service_name="GOLD TV" provider="GOLD TV" sid="6802" onid="8572" tsid="26849" />
    <channel service_ref="1:0:1:1a94:68e1:217c:eeee0000:0:0:0:" name="LAZIO TV" service_name="LAZIO TV" provider="GOLDTV" sid="6804" onid="8572" tsid="26849" />
    <channel service_ref="1:0:1:1a9b:68e1:217c:eeee0000:0:0:0:" name="MANA' MANA' SPORT" service_name="MANA' MANA' SPORT" provider="MANA' MANA' SPORT" sid="6811" onid="8572" tsid="26849" />
    <channel service_ref="1:0:1:1a95:68e1:217c:eeee0000:0:0:0:" name="Radio Roma News" service_name="Radio Roma News" provider="Amici Network" sid="6805" onid="8572" tsid="26849" />
    <channel service_ref="1:0:1:1a96:68e1:217c:eeee0000:0:0:0:" name="Radio Roma TV" service_name="Radio Roma TV" provider="Radio Roma Tv" sid="6806" onid="8572" tsid="26849" />
    <channel service_ref="1:0:1:1a98:68e1:217c:eeee0000:0:0:0:" name="T9" service_name="T9" provider="GOLD TV" sid="6808" onid="8572" tsid="26849" />
    <channel service_ref="1:0:1:1a9d:68e1:217c:eeee0000:0:0:0:" name="Tele In" service_name="Tele In" provider="Tele In" sid="6813" onid="8572" tsid="26849" />
    <channel service_ref="1:0:22:1aa3:68e1:217c:eeee0000:0:0:0:" name="TELEITALIA 41" service_name="TELEITALIA 41" provider="In Aria!" sid="6819" onid="8572" tsid="26849" />
    <channel service_ref="1:0:1:1aa0:68e1:217c:eeee0000:0:0:0:" name="TELEREGIONE" service_name="TELEREGIONE" provider="GOLDTV" sid="6816" onid="8572" tsid="26849" />
    <channel service_ref="1:0:1:1a97:68e1:217c:eeee0000:0:0:0:" name="TeleRoma 56" service_name="TeleRoma 56" provider="TeleRoma" sid="6807" onid="8572" tsid="26849" />
    <channel service_ref="1:0:1:1a99:68e1:217c:eeee0000:0:0:0:" name="TeleRoma 56 Sport" service_name="TeleRoma 56 Sport" provider="TeleRoma" sid="6809" onid="8572" tsid="26849" />
    <channel service_ref="1:0:1:1a93:68e1:217c:eeee0000:0:0:0:" name="Teleuniverso HD" service_name="Teleuniverso HD" provider="Teleuniverso" sid="6803" onid="8572" tsid="26849" />
    <channel service_ref="1:0:22:1a9a:68e1:217c:eeee0000:0:0:0:" name="TRL" service_name="TRL" provider="TOTOPARTNER" sid="6810" onid="8572" tsid="26849" />
  </bouquet>
  <bouquet name="News" category="tv">
    <channel service_ref="1:0:1:1a95:68e1:217c:eeee0000:0:0:0:" name="Radio Roma News" service_name="Radio Roma News" provider="Amici Network" sid="6805" onid="8572" tsid="26849" />
  </bouquet>
  <bouquet name="Sports" category="tv">
    <channel service_ref="1:0:1:1a9b:68e1:217c:eeee0000:0:0:0:" name="MANA' MANA' SPORT" service_name="MANA' MANA' SPORT" provider="MANA' MANA' SPORT" sid="6811" onid="8572" tsid="26849" />
    <channel service_ref="1:0:1:1a99:68e1:217c:eeee0000:0:0:0:" name="TeleRoma 56 Sport" service_name="TeleRoma 56 Sport" provider="TeleRoma" sid="6809" onid="8572" tsid="26849" />
  </bouquet>
  <bouquet name="RAI" category="tv">
    <channel service_ref="1:0:1:1a9c:68e1:217c:eeee0000:0:0:0:" name="CANALE ITALIA" service_name="CANALE ITALIA" provider="Canale Italia" sid="6812" onid="8572" tsid="26849" />
    <channel service_ref="1:0:22:1aa3:68e1:217c:eeee0000:0:0:0:" name="TELEITALIA 41" service_name="TELEITALIA 41" provider="In Aria!" sid="6819" onid="8572" tsid="26849" />
  </bouquet>
  <bouquet name="TF1" category="tv">
    <channel service_ref="1:0:1:1a91:68e1:217c:eeee0000:0:0:0:" name="CANALE 10 HD" service_name="CANALE 10 HD" provider="CANALE 10" sid="6801" onid="8572" tsid="26849" />
  </bouquet>
  <bouquet name="Switzerland" category="tv">
    <channel service_ref="1:0:1:1a9d:68e1:217c:eeee0000:0:0:0:" name="Tele In" service_name="Tele In" provider="Tele In" sid="6813" onid="8572" tsid="26849" />
    <channel service_ref="1:0:1:1aa0:68e1:217c:eeee0000:0:0:0:" name="TELEREGIONE" service_name="TELEREGIONE" provider="GOLDTV" sid="6816" onid="8572" tsid="26849" />
    <channel service_ref="1:0:1:1a97:68e1:217c:eeee0000:0:0:0:" name="TeleRoma 56" service_name="TeleRoma 56" provider="TeleRoma" sid="6807" onid="8572" tsid="26849" />
    <channel service_ref="1:0:1:1a93:68e1:217c:eeee0000:0:0:0:" name="Teleuniverso HD" service_name="Teleuniverso HD" provider="Teleuniverso" sid="6803" onid="8572" tsid="26849" />
  </bouquet>
  <bouquet name="Resolution - HD" category="tv">
    <channel service_ref="1:0:1:1a91:68e1:217c:eeee0000:0:0:0:" name="CANALE 10 HD" service_name="CANALE 10 HD" provider="CANALE 10" sid="6801" onid="8572" tsid="26849" />
    <channel service_ref="1:0:1:1a93:68e1:217c:eeee0000:0:0:0:" name="Teleuniverso HD" service_name="Teleuniverso HD" provider="Teleuniverso" sid="6803" onid="8572" tsid="26849" />
  </bouquet>
  <bouquet name="Others" category="tv">
    <channel service_ref="1:0:25:1a9e:68e1:217c:eeee0000:0:0:0:" name="7 GOLD" service_name="7 GOLD" provider="SETTE GOLD" sid="6814" onid="8572" tsid="26849" />
    <channel service_ref="1:0:1:1a9f:68e1:217c:eeee0000:0:0:0:" name="GLOBO TV" service_name="GLOBO TV" provider="GLOBO TV" sid="6815" onid="8572" tsid="26849" />
    <channel service_ref="1:0:1:1a92:68e1:217c:eeee0000:0:0:0:" name="GOLD TV" service_name="GOLD TV" provider="GOLD TV" sid="6802" onid="8572" tsid="26849" />
    <channel service_ref="1:0:1:1a94:68e1:217c:eeee0000:0:0:0:" name="LAZIO TV" service_name="LAZIO TV" provider="GOLDTV" sid="6804" onid="8572" tsid="26849" />
    <channel service_ref="1:0:1:1a96:68e1:217c:eeee0000:0:0:0:" name="Radio Roma TV" service_name="Radio Roma TV" provider="Radio Roma Tv" sid="6806" onid="8572" tsid="26849" />
    <channel service_ref="1:0:1:1a98:68e1:217c:eeee0000:0:0:0:" name="T9" service_name="T9" provider="GOLD TV" sid="6808" onid="8572" tsid="26849" />
    <channel service_ref="1:0:22:1a9a:68e1:217c:eeee0000:0:0:0:" name="TRL" service_name="TRL" provider="TOTOPARTNER" sid="6810" onid="8572" tsid="26849" />
  </bouquet>
  <bouquet name="Radio" category="radio">
    <channel service_ref="1:0:2:1aa4:68e1:217c:eeee0000:0:0:0:" name="ROMANTICA RADIO" service_name="ROMANTICA RADIO" provider="ROMANTICA RADIO" sid="6820" onid="8572" tsid="26849" />
    <channel service_ref="1:0:2:1ab8:68e1:217c:eeee0000:0:0:0:" name="RTR 99 TI RICORDI" service_name="RTR 99 TI RICORDI" provider="Intecgroup" sid="6840" onid="8572" tsid="26849" />
  </bouquet>
  <bouquet name="Digitale Terrestre" category="tv">
    <channel service_ref="1:0:1:1a91:68e1:217c:eeee0000:0:0:0:" name="CANALE 10 HD" service_name="CANALE 10 HD" provider="CANALE 10" sid="6801" onid="8572" tsid="26849" />
    <channel service_ref="1:0:1:1a92:68e1:217c:eeee0000:0:0:0:" name="GOLD TV" service_name="GOLD TV" provider="GOLD TV" sid="6802" onid="8572" tsid="26849" />
    <channel service_ref="1:0:1:1a99:68e1:217c:eeee0000:0:0:0:" name="TeleRoma 56 Sport" service_name="TeleRoma 56 Sport" provider="TeleRoma" sid="6809" onid="8572" tsid="26849" />
    <channel service_ref="1:0:1:1a9b:68e1:217c:eeee0000:0:0:0:" name="MANA' MANA' SPORT" service_name="MANA' MANA' SPORT" provider="MANA' MANA' SPORT" sid="6811" onid="8572" tsid="26849" />
    <channel service_ref="1:0:1:1a93:68e1:217c:eeee0000:0:0:0:" name="Teleuniverso HD" service_name="Teleuniverso HD" provider="Teleuniverso" sid="6803" onid="8572" tsid="26849" />
    <channel service_ref="1:0:1:1a94:68e1:217c:eeee0000:0:0:0:" name="LAZIO TV" service_name="LAZIO TV" provider="GOLDTV" sid="6804" onid="8572" tsid="26849" />
    <channel service_ref="1:0:1:1a95:68e1:217c:eeee0000:0:0:0:" name="Radio Roma News" service_name="Radio Roma News" provider="Amici Network" sid="6805" onid="8572" tsid="26849" />
    <channel service_ref="1:0:1:1a96:68e1:217c:eeee0000:0:0:0:" name="Radio Roma TV" service_name="Radio Roma TV" provider="Radio Roma Tv" sid="6806" onid="8572" tsid="26849" />
    <channel service_ref="1:0:1:1a97:68e1:217c:eeee0000:0:0:0:" name="TeleRoma 56" service_name="TeleRoma 56" provider="TeleRoma" sid="6807" onid="8572" tsid="26849" />
    <channel service_ref="1:0:1:1a98:68e1:217c:eeee0000:0:0:0:" name="T9" service_name="T9" provider="GOLD TV" sid="6808" onid="8572" tsid="26849" />
    <channel service_ref="1:0:16:1a9a:68e1:217c:eeee0000:0:0:0:" name="TRL" service_name="TRL" provider="TOTOPARTNER" sid="6810" onid="8572" tsid="26849" />
    <channel service_ref="1:0:1:1a9c:68e1:217c:eeee0000:0:0:0:" name="CANALE ITALIA" service_name="CANALE ITALIA" provider="Canale Italia" sid="6812" onid="8572" tsid="26849" />
    <channel service_ref="1:0:1:1a9d:68e1:217c:eeee0000:0:0:0:" name="Tele In" service_name="Tele In" provider="Tele In" sid="6813" onid="8572" tsid="26849" />
    <channel service_ref="1:0:19:1a9e:68e1:217c:eeee0000:0:0:0:" name="7 GOLD" service_name="7 GOLD" provider="SETTE GOLD" sid="6814" onid="8572" tsid="26849" />
    <channel service_ref="1:0:1:1a9f:68e1:217c:eeee0000:0:0:0:" name="GLOBO TV" service_name="GLOBO TV" provider="GLOBO TV" sid="6815" onid="8572" tsid="26849" />
    <channel service_ref="1:0:1:1aa0:68e1:217c:eeee0000:0:0:0:" name="TELEREGIONE" service_name="TELEREGIONE" provider="GOLDTV" sid="6816" onid="8572" tsid="26849" />
    <channel service_ref="1:0:16:1aa3:68e1:217c:eeee0000:0:0:0:" name="TELEITALIA 41" service_name="TELEITALIA 41" provider="In Aria!" sid="6819" onid="8572" tsid="26849" />
    <channel service_ref="1:0:2:1aa4:68e1:217c:eeee0000:0:0:0:" name="ROMANTICA RADIO" service_name="ROMANTICA RADIO" provider="ROMANTICA RADIO" sid="6820" onid="8572" tsid="26849" />
    <channel service_ref="1:0:2:1ab8:68e1:217c:eeee0000:0:0:0:" name="RTR 99 TI RICORDI" service_name="RTR 99 TI RICORDI" provider="Intecgroup" sid="6840" onid="8572" tsid="26849" />
  </bouquet>
</zapit>
