<?xml version='1.0' encoding='utf-8'?>
<zapit api="4">
  <satellites>
    <satellite key="01a40000:0003:0042" name="Turksat-42.0E" namespace="0x01a40000" position="42">
      <transponder key="01a40000:0003:0042" frequency="12034000" symbol_rate="27500000" polarization="V" fec="4" system="0" modulation="0">
        <service id="0x00d3" sid="211" name="" type="1" provider="DOGAN TV" onid="66" tsid="3" namespace="0x01a40000" />
        <service id="0x00d7" sid="215" name="" type="1" provider="DOGAN TV" onid="66" tsid="3" namespace="0x01a40000" />
        <service id="0x00d9" sid="217" name="" type="1" provider="DOGAN TV" onid="66" tsid="3" namespace="0x01a40000" />
        <service id="0x00db" sid="219" name="" type="1" provider="DOGAN TV" onid="66" tsid="3" namespace="0x01a40000" />
        <service id="0x00df" sid="223" name="" type="1" provider="DOGAN TV" onid="66" tsid="3" namespace="0x01a40000" />
        <service id="0x021b" sid="539" name="" type="1" provider="DOGAN TV" onid="66" tsid="3" namespace="0x01a40000" />
        <service id="0x052f" sid="1327" name="" type="1" provider="DOGAN TV" onid="66" tsid="3" namespace="0x01a40000" />
        <service id="0x053b" sid="1339" name="" type="1" provider="DOGAN TV" onid="66" tsid="3" namespace="0x01a40000" />
        <service id="0x00d5" sid="213" name="Anadolu Yurdum TV" type="1" provider="DOGAN TV" onid="66" tsid="3" namespace="0x01a40000" />
        <service id="0x00cb" sid="203" name="CNN Türk" type="1" provider="DOGAN TV" onid="66" tsid="3" namespace="0x01a40000" />
        <service id="0x053d" sid="1341" name="Dogu TV" type="1" provider="DOGAN TV" onid="66" tsid="3" namespace="0x01a40000" />
        <service id="0x021f" sid="543" name="Dolunay TV" type="1" provider="DOGAN TV" onid="66" tsid="3" namespace="0x01a40000" />
        <service id="0x053f" sid="1343" name="Dolunay TV" type="1" provider="D-Smart" onid="66" tsid="3" namespace="0x01a40000" />
        <service id="0x00dd" sid="221" name="Dou TV" type="1" provider="DOGAN TV" onid="66" tsid="3" namespace="0x01a40000" />
        <service id="0x051b" sid="1307" name="Dream Turk" type="1" provider="D-Smart" onid="66" tsid="3" namespace="0x01a40000" />
        <service id="0x00cf" sid="207" name="Dream TV" type="1" provider="D-Smart" onid="66" tsid="3" namespace="0x01a40000" />
        <service id="0x051d" sid="1309" name="Euro D" type="1" provider="D-Smart" onid="66" tsid="3" namespace="0x01a40000" />
        <service id="0x00e1" sid="225" name="Kanal V" type="1" provider="DOGAN TV" onid="66" tsid="3" namespace="0x01a40000" />
        <service id="0x052d" sid="1325" name="Maya TV (Turkey)" type="1" provider="DOGAN TV" onid="66" tsid="3" namespace="0x01a40000" />
        <service id="0x021d" sid="541" name="Mega Muzik" type="1" provider="DOGAN TV" onid="66" tsid="3" namespace="0x01a40000" />
        <service id="0x052b" sid="1323" name="MGC" type="1" provider="D-Smart" onid="66" tsid="3" namespace="0x01a40000" />
        <service id="0x020e" sid="526" name="TV 8 Turkey" type="1" provider="D-Smart" onid="66" tsid="3" namespace="0x01a40000" />
        <service id="0x00cd" sid="205" name="TV2 (Turkey)" type="1" provider="D-Smart" onid="66" tsid="3" namespace="0x01a40000" />
        <service id="0x00e3" sid="227" name="Yeni Kocaeli TV" type="1" provider="DOGAN TV" onid="66" tsid="3" namespace="0x01a40000" />
      </transponder>
    </satellite>
    <satellite key="01a40000:0004:0042" name="Turksat-42.0E" namespace="0x01a40000" position="42">
      <transponder key="01a40000:0004:0042" frequency="11012000" symbol_rate="30000000" polarization="V" fec="4" system="0" modulation="0">
        <service id="0x024e" sid="590" name="'60'lar" type="25" provider="D-Smart" onid="66" tsid="4" namespace="0x01a40000" />
        <service id="0x058e" sid="1422" name="'80'ler" type="25" provider="D-Smart" onid="66" tsid="4" namespace="0x01a40000" />
        <service id="0x058d" sid="1421" name="'90'lar" type="25" provider="D-Smart" onid="66" tsid="4" namespace="0x01a40000" />
        <service id="0x058c" sid="1420" name="2000'ler" type="25" provider="D-Smart" onid="66" tsid="4" namespace="0x01a40000" />
        <service id="0x024d" sid="589" name="24Kitchen" type="25" provider="D-Smart" onid="66" tsid="4" namespace="0x01a40000" />
        <service id="0x00f3" sid="243" name="AMBIANCE" type="25" provider="D-Smart" onid="66" tsid="4" namespace="0x01a40000" />
        <service id="0x00f6" sid="246" name="AMBIANCE" type="25" provider="D-Smart" onid="66" tsid="4" namespace="0x01a40000" />
        <service id="0x05bc" sid="1468" name="AROUND THE WORLD" type="25" provider="D-Smart" onid="66" tsid="4" namespace="0x01a40000" />
        <service id="0x024f" sid="591" name="BAROQUE" type="25" provider="D-Smart" onid="66" tsid="4" namespace="0x01a40000" />
        <service id="0x057b" sid="1403" name="BBC Earth" type="25" provider="D-Smart" onid="66" tsid="4" namespace="0x01a40000" />
        <service id="0x024b" sid="587" name="BBC World News" type="25" provider="D-Smart" onid="66" tsid="4" namespace="0x01a40000" />
        <service id="0x059a" sid="1434" name="BROADWAY" type="25" provider="D-Smart" onid="66" tsid="4" namespace="0x01a40000" />
        <service id="0x05a9" sid="1449" name="CHANSONS" type="25" provider="D-Smart" onid="66" tsid="4" namespace="0x01a40000" />
        <service id="0x00fc" sid="252" name="CHILLOUT" type="25" provider="D-Smart" onid="66" tsid="4" namespace="0x01a40000" />
        <service id="0x00fb" sid="251" name="CLASSIC MASTERS" type="25" provider="D-Smart" onid="66" tsid="4" namespace="0x01a40000" />
        <service id="0x05a7" sid="1447" name="CLASSIC ROCK" type="25" provider="D-Smart" onid="66" tsid="4" namespace="0x01a40000" />
        <service id="0x05b2" sid="1458" name="CLASSICAL CALM" type="25" provider="D-Smart" onid="66" tsid="4" namespace="0x01a40000" />
        <service id="0x0101" sid="257" name="CLASSICAL GREATS" type="25" provider="D-Smart" onid="66" tsid="4" namespace="0x01a40000" />
        <service id="0x0100" sid="256" name="CLASSICAL ORCHESTRAL" type="25" provider="D-Smart" onid="66" tsid="4" namespace="0x01a40000" />
        <service id="0x00fe" sid="254" name="COOL JAZZ" type="25" provider="D-Smart" onid="66" tsid="4" namespace="0x01a40000" />
        <service id="0x05b9" sid="1465" name="DANCE CLUBBIN'" type="25" provider="D-Smart" onid="66" tsid="4" namespace="0x01a40000" />
        <service id="0x00fa" sid="250" name="DANCEFLOOR FILLERS" type="25" provider="D-Smart" onid="66" tsid="4" namespace="0x01a40000" />
        <service id="0x059b" sid="1435" name="DEEP BLUES" type="25" provider="D-Smart" onid="66" tsid="4" namespace="0x01a40000" />
        <service id="0x024c" sid="588" name="DHA FEED" type="25" provider="DOGAN TV" onid="66" tsid="4" namespace="0x01a40000" />
        <service id="0x057e" sid="1406" name="DocuBox" type="25" provider="D-Smart" onid="66" tsid="4" namespace="0x01a40000" />
        <service id="0x058a" sid="1418" name="DTX" type="25" provider="D-Smart" onid="66" tsid="4" namespace="0x01a40000" />
        <service id="0x00f4" sid="244" name="E! Eastern Europe HD" type="25" provider="D-Smart" onid="66" tsid="4" namespace="0x01a40000" />
        <service id="0x00f8" sid="248" name="E! ENTERTAINMENT" type="25" provider="D-Smart" onid="66" tsid="4" namespace="0x01a40000" />
        <service id="0x058b" sid="1419" name="E! ENTERTAINMENT" type="25" provider="D-Smart" onid="66" tsid="4" namespace="0x01a40000" />
        <service id="0x05b1" sid="1457" name="EASY LISTENING" type="25" provider="D-Smart" onid="66" tsid="4" namespace="0x01a40000" />
        <service id="0x00f5" sid="245" name="Fashion TV" type="25" provider="D-Smart" onid="66" tsid="4" namespace="0x01a40000" />
        <service id="0x00f9" sid="249" name="FASHION TV" type="25" provider="D-Smart" onid="66" tsid="4" namespace="0x01a40000" />
        <service id="0x057f" sid="1407" name="Fast &amp; Fun" type="25" provider="D-Smart" onid="66" tsid="4" namespace="0x01a40000" />
        <service id="0x057d" sid="1405" name="FilmBox" type="25" provider="D-Smart" onid="66" tsid="4" namespace="0x01a40000" />
        <service id="0x05a4" sid="1444" name="FOLK ROOTS" type="25" provider="D-Smart" onid="66" tsid="4" namespace="0x01a40000" />
        <service id="0x05b6" sid="1462" name="Greatest Hits" type="25" provider="D-Smart" onid="66" tsid="4" namespace="0x01a40000" />
        <service id="0x05a2" sid="1442" name="GROOVE (DISCO &amp; FUNK)" type="25" provider="D-Smart" onid="66" tsid="4" namespace="0x01a40000" />
        <service id="0x059e" sid="1438" name="HIP HOP" type="25" provider="D-Smart" onid="66" tsid="4" namespace="0x01a40000" />
        <service id="0x05b7" sid="1463" name="HIT LIST" type="25" provider="D-Smart" onid="66" tsid="4" namespace="0x01a40000" />
        <service id="0x059c" sid="1436" name="HOT COUNTRY UK" type="25" provider="D-Smart" onid="66" tsid="4" namespace="0x01a40000" />
        <service id="0x05ad" sid="1453" name="HOUSE" type="25" provider="D-Smart" onid="66" tsid="4" namespace="0x01a40000" />
        <service id="0x00ff" sid="255" name="JAZZ CLASSICS" type="25" provider="D-Smart" onid="66" tsid="4" namespace="0x01a40000" />
        <service id="0x05b3" sid="1459" name="JAZZ LATINO" type="25" provider="D-Smart" onid="66" tsid="4" namespace="0x01a40000" />
        <service id="0x05b4" sid="1460" name="JAZZ NOW" type="25" provider="D-Smart" onid="66" tsid="4" namespace="0x01a40000" />
        <service id="0x05a0" sid="1440" name="LATINO TROPICAL" type="25" provider="D-Smart" onid="66" tsid="4" namespace="0x01a40000" />
        <service id="0x05ba" sid="1466" name="MAXIMUM PARTY" type="25" provider="D-Smart" onid="66" tsid="4" namespace="0x01a40000" />
        <service id="0x05b5" sid="1461" name="MEDITERREAN MUSIC" type="25" provider="D-Smart" onid="66" tsid="4" namespace="0x01a40000" />
        <service id="0x05b0" sid="1456" name="NICE &amp; COZY" type="25" provider="D-Smart" onid="66" tsid="4" namespace="0x01a40000" />
        <service id="0x05ae" sid="1454" name="OPERA" type="25" provider="D-Smart" onid="66" tsid="4" namespace="0x01a40000" />
        <service id="0x057c" sid="1404" name="Outdoor Channel" type="25" provider="D-Smart" onid="66" tsid="4" namespace="0x01a40000" />
        <service id="0x05bb" sid="1467" name="POPCORN" type="25" provider="D-Smart" onid="66" tsid="4" namespace="0x01a40000" />
        <service id="0x059d" sid="1437" name="RIDDIM" type="25" provider="D-Smart" onid="66" tsid="4" namespace="0x01a40000" />
        <service id="0x05a6" sid="1446" name="ROCK ANTHEMS" type="25" provider="D-Smart" onid="66" tsid="4" namespace="0x01a40000" />
        <service id="0x05a5" sid="1445" name="ROCK'N ROLL" type="25" provider="D-Smart" onid="66" tsid="4" namespace="0x01a40000" />
        <service id="0x05af" sid="1455" name="ROMANCE LATINO" type="25" provider="D-Smart" onid="66" tsid="4" namespace="0x01a40000" />
        <service id="0x05a8" sid="1448" name="SILK (LOVE SONGS)" type="25" provider="D-Smart" onid="66" tsid="4" namespace="0x01a40000" />
        <service id="0x00fd" sid="253" name="SMOOTH JAZZ" type="25" provider="D-Smart" onid="66" tsid="4" namespace="0x01a40000" />
        <service id="0x058f" sid="1423" name="Soho '70s" type="25" provider="D-Smart" onid="66" tsid="4" namespace="0x01a40000" />
        <service id="0x05a1" sid="1441" name="TANGO" type="25" provider="D-Smart" onid="66" tsid="4" namespace="0x01a40000" />
        <service id="0x05a3" sid="1443" name="THE CHILL LOUNGE" type="25" provider="D-Smart" onid="66" tsid="4" namespace="0x01a40000" />
        <service id="0x00f7" sid="247" name="TRACE URBAN" type="25" provider="D-Smart" onid="66" tsid="4" namespace="0x01a40000" />
        <service id="0x024a" sid="586" name="Trace Urban" type="25" provider="D-Smart" onid="66" tsid="4" namespace="0x01a40000" />
        <service id="0x059f" sid="1439" name="TRANCE" type="25" provider="D-Smart" onid="66" tsid="4" namespace="0x01a40000" />
        <service id="0x05ac" sid="1452" name="TURKISH SILK" type="25" provider="D-Smart" onid="66" tsid="4" namespace="0x01a40000" />
        <service id="0x05aa" sid="1450" name="TÜRK MÜZİĞİ" type="25" provider="D-Smart" onid="66" tsid="4" namespace="0x01a40000" />
        <service id="0x05ab" sid="1451" name="TÜRK SANAT MÜZİĞİ" type="25" provider="D-Smart" onid="66" tsid="4" namespace="0x01a40000" />
        <service id="0x05b8" sid="1464" name="URBAN BEATS" type="25" provider="D-Smart" onid="66" tsid="4" namespace="0x01a40000" />
        <service id="0x057a" sid="1402" name="Viasat History" type="25" provider="D-Smart" onid="66" tsid="4" namespace="0x01a40000" />
        <service id="0x05bd" sid="1469" name="Yilbasi TV" type="25" provider="D-Smart" onid="66" tsid="4" namespace="0x01a40000" />
      </transponder>
    </satellite>
    <satellite key="01a40000:0006:0042" name="Turksat-42.0E" namespace="0x01a40000" position="42">
      <transponder key="01a40000:0006:0042" frequency="12072000" symbol_rate="27500000" polarization="V" fec="4" system="0" modulation="0">
        <service id="0x011d" sid="285" name="After Midnight" type="25" provider="D-Smart" onid="66" tsid="6" namespace="0x01a40000" />
        <service id="0x028a" sid="650" name="Baby TV" type="25" provider="D-Smart" onid="66" tsid="6" namespace="0x01a40000" />
        <service id="0x064a" sid="1610" name="BBC" type="25" provider="D-Smart" onid="66" tsid="6" namespace="0x01a40000" />
        <service id="0x0121" sid="289" name="CNN International" type="25" provider="D-Smart" onid="66" tsid="6" namespace="0x01a40000" />
        <service id="0x0120" sid="288" name="Discovery Science" type="25" provider="D-Smart" onid="66" tsid="6" namespace="0x01a40000" />
        <service id="0x064b" sid="1611" name="Erotica" type="25" provider="D-Smart" onid="66" tsid="6" namespace="0x01a40000" />
        <service id="0x011b" sid="283" name="Eurosport 2" type="25" provider="D-Smart" onid="66" tsid="6" namespace="0x01a40000" />
        <service id="0x011e" sid="286" name="Food Network" type="25" provider="D-Smart" onid="66" tsid="6" namespace="0x01a40000" />
        <service id="0x064c" sid="1612" name="Fox Sports Europe" type="25" provider="D-Smart" onid="66" tsid="6" namespace="0x01a40000" />
        <service id="0x064e" sid="1614" name="MAX PREMIUM" type="25" provider="D-Smart" onid="66" tsid="6" namespace="0x01a40000" />
        <service id="0x011c" sid="284" name="NBA TV" type="25" provider="D-Smart" onid="66" tsid="6" namespace="0x01a40000" />
        <service id="0x064f" sid="1615" name="Smart Çocuk" type="25" provider="D-Smart" onid="66" tsid="6" namespace="0x01a40000" />
        <service id="0x011f" sid="287" name="The Fight Network" type="25" provider="D-Smart" onid="66" tsid="6" namespace="0x01a40000" />
        <service id="0x011a" sid="282" name="Travel Channel" type="25" provider="D-Smart" onid="66" tsid="6" namespace="0x01a40000" />
      </transponder>
    </satellite>
    <satellite key="01a40000:0009:002a" name="Turksat-42.0E" namespace="0x01a40000" position="42">
      <transponder key="01a40000:0009:002a" frequency="12540000" symbol_rate="30000000" polarization="H" fec="3" system="0" modulation="0">
        <service id="0x0003" sid="3" name="Ada TV" type="1" provider="TURKSAT" onid="42" tsid="9" namespace="0x01a40000" />
        <service id="0x0002" sid="2" name="BRT Bayrak Aile" type="1" provider="TURKSAT" onid="42" tsid="9" namespace="0x01a40000" />
        <service id="0x0001" sid="1" name="BRT Bayrak Haber" type="1" provider="TURKSAT" onid="42" tsid="9" namespace="0x01a40000" />
        <service id="0x0004" sid="4" name="BRT HD" type="1" provider="TURKSAT" onid="42" tsid="9" namespace="0x01a40000" />
        <service id="0x000a" sid="10" name="Diyalog TV" type="1" provider="" onid="42" tsid="9" namespace="0x01a40000" />
        <service id="0x0005" sid="5" name="Genc TV" type="1" provider="TURKSAT" onid="42" tsid="9" namespace="0x01a40000" />
        <service id="0x0006" sid="6" name="Kanal T" type="1" provider="TURKSAT" onid="42" tsid="9" namespace="0x01a40000" />
        <service id="0x0007" sid="7" name="KTV (Kibris)" type="1" provider="TURKSAT" onid="42" tsid="9" namespace="0x01a40000" />
        <service id="0x0009" sid="9" name="Sokak TV" type="1" provider="TURKSAT" onid="42" tsid="9" namespace="0x01a40000" />
      </transponder>
    </satellite>
    <satellite key="01a40000:0009:0042" name="Turksat-42.0E" namespace="0x01a40000" position="42">
      <transponder key="01a40000:0009:0042" frequency="12188000" symbol_rate="27500000" polarization="V" fec="4" system="0" modulation="0">
        <service id="0x076e" sid="1902" name="Animal Planet" type="25" provider="D-Smart" onid="66" tsid="9" namespace="0x01a40000" />
        <service id="0x077c" sid="1916" name="Boomerang HD" type="25" provider="D-Smart" onid="66" tsid="9" namespace="0x01a40000" />
        <service id="0x076d" sid="1901" name="Discovery Channel" type="25" provider="D-Smart" onid="66" tsid="9" namespace="0x01a40000" />
        <service id="0x0133" sid="307" name="Dizi Premium" type="25" provider="D-Smart" onid="66" tsid="9" namespace="0x01a40000" />
        <service id="0x030b" sid="779" name="DiziSmart Platin HD" type="25" provider="D-Smart" onid="66" tsid="9" namespace="0x01a40000" />
        <service id="0x012f" sid="303" name="Eurosport 1" type="25" provider="D-Smart" onid="66" tsid="9" namespace="0x01a40000" />
        <service id="0x0134" sid="308" name="Movie Classic" type="25" provider="D-Smart" onid="66" tsid="9" namespace="0x01a40000" />
        <service id="0x030a" sid="778" name="Movie Family" type="25" provider="D-Smart" onid="66" tsid="9" namespace="0x01a40000" />
        <service id="0x0130" sid="304" name="Movie Fest" type="25" provider="D-Smart" onid="66" tsid="9" namespace="0x01a40000" />
        <service id="0x0135" sid="309" name="Movie Türk" type="25" provider="D-Smart" onid="66" tsid="9" namespace="0x01a40000" />
        <service id="0x0131" sid="305" name="Penthouse" type="25" provider="D-Smart" onid="66" tsid="9" namespace="0x01a40000" />
        <service id="0x076f" sid="1903" name="Smart Spor" type="25" provider="D-Smart" onid="66" tsid="9" namespace="0x01a40000" />
        <service id="0x012e" sid="302" name="Smart Spor 2" type="25" provider="D-Smart" onid="66" tsid="9" namespace="0x01a40000" />
      </transponder>
    </satellite>
    <satellite key="01a40000:001e:002a" name="Turksat-42.0E" namespace="0x01a40000" position="42">
      <transponder key="01a40000:001e:002a" frequency="11628000" symbol_rate="6666000" polarization="H" fec="4" system="0" modulation="0">
        <service id="0x0001" sid="1" name="ATV" type="1" provider="" onid="42" tsid="30" namespace="0x01a40000" />
      </transponder>
    </satellite>
    <satellite key="01a40000:002d:002a" name="Turksat-42.0E" namespace="0x01a40000" position="42">
      <transponder key="01a40000:002d:002a" frequency="11472000" symbol_rate="23450000" polarization="H" fec="4" system="0" modulation="0">
        <service id="0x0001" sid="1" name="1.tv Georgia" type="1" provider="TURKSAT" onid="42" tsid="45" namespace="0x01a40000" />
        <service id="0x0004" sid="4" name="GDS TV" type="1" provider="TURKSAT" onid="42" tsid="45" namespace="0x01a40000" />
        <service id="0x000c" sid="12" name="Iberia TV" type="1" provider="TURKSAT" onid="42" tsid="45" namespace="0x01a40000" />
        <service id="0x0006" sid="6" name="Imedi TV" type="1" provider="TURKSAT" onid="42" tsid="45" namespace="0x01a40000" />
        <service id="0x000a" sid="10" name="RTR Planeta" type="1" provider="TURKSAT" onid="42" tsid="45" namespace="0x01a40000" />
        <service id="0x000b" sid="11" name="Russia 24" type="1" provider="TURKSAT" onid="42" tsid="45" namespace="0x01a40000" />
      </transponder>
    </satellite>
    <satellite key="01a40000:4e85:002a" name="Turksat-42.0E" namespace="0x01a40000" position="42">
      <transponder key="01a40000:4e85:002a" frequency="11180000" symbol_rate="30000000" polarization="H" fec="3" system="0" modulation="0">
        <service id="0x3c8f" sid="15503" name="Animal Planet Turkey" type="1" provider="Digitürk" onid="42" tsid="20101" namespace="0x01a40000" />
        <service id="0x3c93" sid="15507" name="beIN Gurme" type="1" provider="Digitürk" onid="42" tsid="20101" namespace="0x01a40000" />
        <service id="0x3c94" sid="15508" name="beIN Movies Action" type="1" provider="Digitürk" onid="42" tsid="20101" namespace="0x01a40000" />
        <service id="0x3c96" sid="15510" name="beIN Movies Premier" type="1" provider="Digitürk" onid="42" tsid="20101" namespace="0x01a40000" />
        <service id="0x3c92" sid="15506" name="beIN Movies Türk" type="1" provider="Digitürk" onid="42" tsid="20101" namespace="0x01a40000" />
        <service id="0x3ca5" sid="15525" name="beIN Sports 1 Turkey" type="1" provider="Digitürk" onid="42" tsid="20101" namespace="0x01a40000" />
        <service id="0x3ca6" sid="15526" name="beIN Sports 2 Turkey" type="1" provider="Digitürk" onid="42" tsid="20101" namespace="0x01a40000" />
        <service id="0x3ca7" sid="15527" name="beIN Sports 3 Turkey" type="1" provider="Digitürk" onid="42" tsid="20101" namespace="0x01a40000" />
        <service id="0x3c8d" sid="15501" name="Eurosport 2" type="1" provider="Digitürk" onid="42" tsid="20101" namespace="0x01a40000" />
        <service id="0x3ca8" sid="15528" name="National Geographic Turk" type="1" provider="Digitürk" onid="42" tsid="20101" namespace="0x01a40000" />
        <service id="0x14f1" sid="5361" name="Playboy TV|  Nights" type="1" provider="Digitürk" onid="42" tsid="20101" namespace="0x01a40000" />
        <service id="0x3cab" sid="15531" name="Taraftar 2" type="1" provider="Digitürk" onid="42" tsid="20101" namespace="0x01a40000" />
        <service id="0x3cac" sid="15532" name="Taraftar 3" type="1" provider="Digitürk" onid="42" tsid="20101" namespace="0x01a40000" />
        <service id="0x3caa" sid="15530" name="Taraftar TV" type="1" provider="Digitürk" onid="42" tsid="20101" namespace="0x01a40000" />
      </transponder>
    </satellite>
    <satellite key="01a40000:7595:042e" name="Turksat-42.0E" namespace="0x01a40000" position="42">
      <transponder key="01a40000:7595:042e" frequency="12525000" symbol_rate="22500000" polarization="V" fec="2" system="0" modulation="0">
        <service id="0xc92e" sid="51502" name="A9 TV" type="1" provider="TURKSAT" onid="1070" tsid="30101" namespace="0x01a40000" />
        <service id="0xc92f" sid="51503" name="Akilli TV" type="1" provider="TURKSAT" onid="1070" tsid="30101" namespace="0x01a40000" />
        <service id="0xc92d" sid="51501" name="Gaziantep Olay TV" type="1" provider="TURKSAT" onid="1070" tsid="30101" namespace="0x01a40000" />
        <service id="0xc92c" sid="51500" name="Genc TV" type="1" provider="TURKSAT" onid="1070" tsid="30101" namespace="0x01a40000" />
        <service id="0xc933" sid="51507" name="Line TV" type="1" provider="TURKSAT" onid="1070" tsid="30101" namespace="0x01a40000" />
      </transponder>
    </satellite>
    <satellite key="01a40000:7596:042e" name="Turksat-42.0E" namespace="0x01a40000" position="42">
      <transponder key="01a40000:7596:042e" frequency="12559000" symbol_rate="27500000" polarization="V" fec="2" system="0" modulation="0">
        <service id="0xc4e4" sid="50404" name="Adana Koza TV" type="1" provider="TURKSAT" onid="1070" tsid="30102" namespace="0x01a40000" />
        <service id="0xc4e3" sid="50403" name="Adana TV" type="1" provider="TURKSAT" onid="1070" tsid="30102" namespace="0x01a40000" />
        <service id="0xc4e6" sid="50406" name="Anadolu Dernek TV" type="1" provider="TURKSAT" onid="1070" tsid="30102" namespace="0x01a40000" />
        <service id="0xc4e7" sid="50407" name="Bedir TV" type="1" provider="TURKSAT" onid="1070" tsid="30102" namespace="0x01a40000" />
        <service id="0xc4e1" sid="50401" name="Cem TV" type="1" provider="TURKSAT" onid="1070" tsid="30102" namespace="0x01a40000" />
        <service id="0xc4e8" sid="50408" name="CIFTCI TV" type="1" provider="TURKSAT" onid="1070" tsid="30102" namespace="0x01a40000" />
        <service id="0xc4e0" sid="50400" name="Ful TV" type="1" provider="TURKSAT" onid="1070" tsid="30102" namespace="0x01a40000" />
        <service id="0xc4e9" sid="50409" name="Mavi Karadeniz TV" type="1" provider="TURKSAT" onid="1070" tsid="30102" namespace="0x01a40000" />
        <service id="0xc4e2" sid="50402" name="TV 5 Turkey" type="1" provider="TURKSAT" onid="1070" tsid="30102" namespace="0x01a40000" />
      </transponder>
    </satellite>
    <satellite key="01a40000:75f9:042e" name="Turksat-42.0E" namespace="0x01a40000" position="42">
      <transponder key="01a40000:75f9:042e" frequency="12605000" symbol_rate="27500000" polarization="V" fec="2" system="0" modulation="0">
        <service id="0xc5af" sid="50607" name="Balikesir TV 100" type="1" provider="TURKSAT" onid="1070" tsid="30201" namespace="0x01a40000" />
        <service id="0xc5b1" sid="50609" name="Kanal Firat" type="1" provider="TURKSAT" onid="1070" tsid="30201" namespace="0x01a40000" />
        <service id="0xc5ad" sid="50605" name="Mega Suare" type="1" provider="TURKSAT" onid="1070" tsid="30201" namespace="0x01a40000" />
        <service id="0xc5a9" sid="50601" name="Olay TV (Bursa)" type="1" provider="TURKSAT" onid="1070" tsid="30201" namespace="0x01a40000" />
        <service id="0xc5aa" sid="50602" name="TV 6 Turkey" type="1" provider="TURKSAT" onid="1070" tsid="30201" namespace="0x01a40000" />
        <service id="0xc5a8" sid="50600" name="TV Kayseri" type="1" provider="TURKSAT" onid="1070" tsid="30201" namespace="0x01a40000" />
        <service id="0xc5ab" sid="50603" name="TV1 Kayseri" type="1" provider="TURKSAT" onid="1070" tsid="30201" namespace="0x01a40000" />
        <service id="0xc5b2" sid="50610" name="Zarok TV" type="1" provider="TURKSAT" onid="1070" tsid="30201" namespace="0x01a40000" />
      </transponder>
    </satellite>
    <satellite key="01a40000:7789:042e" name="Turksat-42.0E" namespace="0x01a40000" position="42">
      <transponder key="01a40000:7789:042e" frequency="11557000" symbol_rate="30000000" polarization="V" fec="2" system="0" modulation="0">
        <service id="0xc73a" sid="51002" name="Planet Mutfak" type="1" provider="TURKSAT" onid="1070" tsid="30601" namespace="0x01a40000" />
        <service id="0xc73c" sid="51004" name="Planet Pembe" type="1" provider="TURKSAT" onid="1070" tsid="30601" namespace="0x01a40000" />
        <service id="0xc73b" sid="51003" name="Planet Türk" type="1" provider="TURKSAT" onid="1070" tsid="30601" namespace="0x01a40000" />
        <service id="0xc741" sid="51009" name="Planet Çocuk" type="1" provider="TURKSAT" onid="1070" tsid="30601" namespace="0x01a40000" />
        <service id="0xc73e" sid="51006" name="Semerkand HD" type="1" provider="TURKSAT" onid="1070" tsid="30601" namespace="0x01a40000" />
        <service id="0xc73f" sid="51007" name="Semerkand TV" type="1" provider="TURKSAT" onid="1070" tsid="30601" namespace="0x01a40000" />
        <service id="0xc740" sid="51008" name="Seymen TV" type="1" provider="TURKSAT" onid="1070" tsid="30601" namespace="0x01a40000" />
        <service id="0xc739" sid="51001" name="Viva (Turkey)" type="1" provider="TURKSAT" onid="1070" tsid="30601" namespace="0x01a40000" />
        <service id="0xc742" sid="51010" name="Viva (Turkey)" type="1" provider="TURKSAT" onid="1070" tsid="30601" namespace="0x01a40000" />
      </transponder>
    </satellite>
    <satellite key="01a40000:778a:042e" name="Turksat-42.0E" namespace="0x01a40000" position="42">
      <transponder key="01a40000:778a:042e" frequency="11593000" symbol_rate="25000000" polarization="V" fec="2" system="0" modulation="0">
        <service id="0xc6d4" sid="50900" name="Abant TV" type="1" provider="TURKSAT" onid="1070" tsid="30602" namespace="0x01a40000" />
        <service id="0xc6dd" sid="50909" name="Bahartürk" type="1" provider="TURKSAT" onid="1070" tsid="30602" namespace="0x01a40000" />
        <service id="0xc6d6" sid="50902" name="Dolunay TV" type="1" provider="TURKSAT" onid="1070" tsid="30602" namespace="0x01a40000" />
        <service id="0xc6d5" sid="50901" name="Dost TV" type="1" provider="TURKSAT" onid="1070" tsid="30602" namespace="0x01a40000" />
        <service id="0xc6d7" sid="50903" name="Geylan TV" type="1" provider="" onid="1070" tsid="30602" namespace="0x01a40000" />
        <service id="0xc6d8" sid="50904" name="Guneydogu TV" type="1" provider="TURKSAT" onid="1070" tsid="30602" namespace="0x01a40000" />
        <service id="0xc6dc" sid="50908" name="Kanal 5 (Turkey)" type="1" provider="TURKSAT" onid="1070" tsid="30602" namespace="0x01a40000" />
        <service id="0xc6d9" sid="50905" name="Kanal Tek" type="1" provider="TURKSAT" onid="1070" tsid="30602" namespace="0x01a40000" />
        <service id="0xc6db" sid="50907" name="Kardelen TV" type="1" provider="TURKSAT" onid="1070" tsid="30602" namespace="0x01a40000" />
        <service id="0xc6da" sid="50906" name="TV 2000 (Turkey)" type="1" provider="TURKSAT" onid="1070" tsid="30602" namespace="0x01a40000" />
      </transponder>
    </satellite>
    <satellite key="01a40000:77ee:042e" name="Turksat-42.0E" namespace="0x01a40000" position="42">
      <transponder key="01a40000:77ee:042e" frequency="11650000" symbol_rate="13600000" polarization="V" fec="2" system="0" modulation="0">
        <service id="0xcea6" sid="52902" name="Aksaray Kanal 68" type="1" provider="TURKSAT" onid="1070" tsid="30702" namespace="0x01a40000" />
        <service id="0xceaa" sid="52906" name="Dolunay TV" type="1" provider="TURKSAT" onid="1070" tsid="30702" namespace="0x01a40000" />
        <service id="0xceac" sid="52908" name="Kanal 15" type="1" provider="TURKSAT" onid="1070" tsid="30702" namespace="0x01a40000" />
        <service id="0xcea5" sid="52901" name="Kanal 32" type="1" provider="Service Provider" onid="1070" tsid="30702" namespace="0x01a40000" />
        <service id="0xcead" sid="52909" name="Karabuk BRTV" type="1" provider="TURKSAT" onid="1070" tsid="30702" namespace="0x01a40000" />
        <service id="0xceab" sid="52907" name="SRT Sivas" type="1" provider="TURKSAT" onid="1070" tsid="30702" namespace="0x01a40000" />
      </transponder>
    </satellite>
    <satellite key="01a40000:7851:042e" name="Turksat-42.0E" namespace="0x01a40000" position="42">
      <transponder key="01a40000:7851:042e" frequency="10980000" symbol_rate="12500000" polarization="V" fec="3" system="0" modulation="0">
        <service id="0x3fac" sid="16300" name="TRT 4K" type="25" provider="TURKSAT" onid="1070" tsid="30801" namespace="0x01a40000" />
      </transponder>
    </satellite>
    <satellite key="01a40000:7919:042e" name="Turksat-42.0E" namespace="0x01a40000" position="42">
      <transponder key="01a40000:7919:042e" frequency="11053000" symbol_rate="30000000" polarization="V" fec="3" system="0" modulation="0">
        <service id="0x296e" sid="10606" name="TRT 1 Avrupa" type="25" provider="" onid="1070" tsid="31001" namespace="0x01a40000" />
        <service id="0x0b99" sid="2969" name="TRT 1 HD" type="25" provider="TRT" onid="1070" tsid="31001" namespace="0x01a40000" />
        <service id="0x296b" sid="10603" name="TRT 3 HD" type="25" provider="TRT" onid="1070" tsid="31001" namespace="0x01a40000" />
        <service id="0x296c" sid="10604" name="TRT Belgesel HD" type="25" provider="TRT" onid="1070" tsid="31001" namespace="0x01a40000" />
        <service id="0x296a" sid="10602" name="TRT Haber HD" type="25" provider="TRT" onid="1070" tsid="31001" namespace="0x01a40000" />
        <service id="0x296d" sid="10605" name="TRT World HD" type="25" provider="TRT" onid="1070" tsid="31001" namespace="0x01a40000" />
        <service id="0x0b98" sid="2968" name="TRT Çocuk HD" type="25" provider="" onid="1070" tsid="31001" namespace="0x01a40000" />
      </transponder>
    </satellite>
    <satellite key="01a40000:797d:042e" name="Turksat-42.0E" namespace="0x01a40000" position="42">
      <transponder key="01a40000:797d:042e" frequency="11096000" symbol_rate="30000000" polarization="V" fec="4" system="0" modulation="0">
        <service id="0x2c2f" sid="11311" name="1AN TV" type="1" provider="TURKSAT" onid="1070" tsid="31101" namespace="0x01a40000" />
        <service id="0x2c2a" sid="11306" name="A Shopping TV" type="1" provider="TURKSAT" onid="1070" tsid="31101" namespace="0x01a40000" />
        <service id="0x2c29" sid="11305" name="Arafat TV" type="1" provider="TURKSAT" onid="1070" tsid="31101" namespace="0x01a40000" />
        <service id="0x2c24" sid="11300" name="Derya TV" type="1" provider="TURKSAT" onid="1070" tsid="31101" namespace="0x01a40000" />
        <service id="0x2c27" sid="11303" name="Farkli TV" type="1" provider="TURKSAT" onid="1070" tsid="31101" namespace="0x01a40000" />
        <service id="0x2c25" sid="11301" name="HTV" type="1" provider="TURKSAT" onid="1070" tsid="31101" namespace="0x01a40000" />
        <service id="0x2c2b" sid="11307" name="Metrotürk TV" type="1" provider="TURKSAT" onid="1070" tsid="31101" namespace="0x01a40000" />
        <service id="0x2c2d" sid="11309" name="Son Hedef" type="1" provider="TURKSAT" onid="1070" tsid="31101" namespace="0x01a40000" />
        <service id="0x2c2e" sid="11310" name="TV 19" type="1" provider="TURKSAT" onid="1070" tsid="31101" namespace="0x01a40000" />
        <service id="0x2c30" sid="11312" name="Ulusal Kanal" type="1" provider="TURKSAT" onid="1070" tsid="31101" namespace="0x01a40000" />
        <service id="0x2c2c" sid="11308" name="Yeni Sinema" type="1" provider="TURKSAT" onid="1070" tsid="31101" namespace="0x01a40000" />
      </transponder>
    </satellite>
    <satellite key="01a40000:7a45:042e" name="Turksat-42.0E" namespace="0x01a40000" position="42">
      <transponder key="01a40000:7a45:042e" frequency="12515000" symbol_rate="11666000" polarization="H" fec="2" system="0" modulation="0">
        <service id="0xcabc" sid="51900" name="HRT Akdeniz (Hatay)" type="1" provider="" onid="1070" tsid="31301" namespace="0x01a40000" />
        <service id="0xcabd" sid="51901" name="Kanal 16" type="1" provider="TURKSAT" onid="1070" tsid="31301" namespace="0x01a40000" />
        <service id="0xcabe" sid="51902" name="Quran Hidayah TV" type="1" provider="TURKSAT" onid="1070" tsid="31301" namespace="0x01a40000" />
        <service id="0xcabf" sid="51903" name="TURKSAT TEST 4" type="1" provider="TURKSAT" onid="1070" tsid="31301" namespace="0x01a40000" />
        <service id="0xcac0" sid="51904" name="TURKSAT TEST 5" type="1" provider="TURKSAT" onid="1070" tsid="31301" namespace="0x01a40000" />
        <service id="0xcac2" sid="51906" name="TURKSAT TEST 7" type="1" provider="TURKSAT" onid="1070" tsid="31301" namespace="0x01a40000" />
      </transponder>
    </satellite>
    <satellite key="01a40000:7aa9:042e" name="Turksat-42.0E" namespace="0x01a40000" position="42">
      <transponder key="01a40000:7aa9:042e" frequency="12641000" symbol_rate="30000000" polarization="H" fec="2" system="0" modulation="0">
        <service id="0xc54a" sid="50506" name="Aksu TV K.Mara" type="1" provider="TURKSAT" onid="1070" tsid="31401" namespace="0x01a40000" />
        <service id="0xc54d" sid="50509" name="Anadoluda Vuslat" type="1" provider="TURKSAT" onid="1070" tsid="31401" namespace="0x01a40000" />
        <service id="0xc54c" sid="50508" name="Edessa TV" type="1" provider="TURKSAT" onid="1070" tsid="31401" namespace="0x01a40000" />
        <service id="0xc549" sid="50505" name="Hilâl TV" type="1" provider="TURKSAT" onid="1070" tsid="31401" namespace="0x01a40000" />
        <service id="0xc545" sid="50501" name="Kanal 3 (Afyon)" type="1" provider="TURKSAT" onid="1070" tsid="31401" namespace="0x01a40000" />
        <service id="0xc546" sid="50502" name="Kanal T" type="1" provider="TURKSAT" onid="1070" tsid="31401" namespace="0x01a40000" />
        <service id="0xc54b" sid="50507" name="Kanal Urfa" type="1" provider="TURKSAT" onid="1070" tsid="31401" namespace="0x01a40000" />
        <service id="0xc544" sid="50500" name="Merkez TV" type="1" provider="TURKSAT" onid="1070" tsid="31401" namespace="0x01a40000" />
        <service id="0xc548" sid="50504" name="Tek Rumeli" type="1" provider="TURKSAT" onid="1070" tsid="31401" namespace="0x01a40000" />
        <service id="0xc547" sid="50503" name="Vatan TV" type="1" provider="TURKSAT" onid="1070" tsid="31401" namespace="0x01a40000" />
      </transponder>
    </satellite>
    <satellite key="01a40000:7b0d:042e" name="Turksat-42.0E" namespace="0x01a40000" position="42">
      <transponder key="01a40000:7b0d:042e" frequency="12685000" symbol_rate="30000000" polarization="H" fec="3" system="0" modulation="0">
        <service id="0x0e13" sid="3603" name="Ada TV" type="1" provider="GLOBE LICENCE LTD" onid="1070" tsid="31501" namespace="0x01a40000" />
        <service id="0x35f5" sid="13813" name="Canli TV" type="1" provider="INTERNATIONAL BROADCASTING" onid="1070" tsid="31501" namespace="0x01a40000" />
        <service id="0x35eb" sid="13803" name="Chinko TV" type="1" provider="GLOBAL TV BROADCASTING" onid="1070" tsid="31501" namespace="0x01a40000" />
        <service id="0x35f7" sid="13815" name="Chinko TV" type="1" provider="INTERNATIONAL BROADCASTING" onid="1070" tsid="31501" namespace="0x01a40000" />
        <service id="0x35fa" sid="13818" name="Cinenom" type="1" provider="GLOBE LICENCE LTD" onid="1070" tsid="31501" namespace="0x01a40000" />
        <service id="0x35f8" sid="13816" name="EN TV" type="1" provider="INTERNATIONAL BROADCASTING" onid="1070" tsid="31501" namespace="0x01a40000" />
        <service id="0x35e8" sid="13800" name="F Plus TV" type="1" provider="GLOBAL TV BROADCASTING" onid="1070" tsid="31501" namespace="0x01a40000" />
        <service id="0x35f0" sid="13808" name="Fashion Elite" type="1" provider="GLOBAL TV BROADCASTING" onid="1070" tsid="31501" namespace="0x01a40000" />
        <service id="0x35ed" sid="13805" name="Favori" type="1" provider="GLOBAL TV BROADCASTING" onid="1070" tsid="31501" namespace="0x01a40000" />
        <service id="0x35fd" sid="13821" name="Gonul TV" type="1" provider="GLOBE LICENCE LTD" onid="1070" tsid="31501" namespace="0x01a40000" />
        <service id="0x35f4" sid="13812" name="HD Film" type="1" provider="INTERNATIONAL BROADCASTING" onid="1070" tsid="31501" namespace="0x01a40000" />
        <service id="0x35f2" sid="13810" name="I Film TV" type="1" provider="INTERNATIONAL BROADCASTING" onid="1070" tsid="31501" namespace="0x01a40000" />
        <service id="0x0e12" sid="3602" name="Music Vox" type="1" provider="GLOBE LICENCE LTD" onid="1070" tsid="31501" namespace="0x01a40000" />
        <service id="0x35f6" sid="13814" name="Muzik Ankara" type="1" provider="TTM MEDIA" onid="1070" tsid="31501" namespace="0x01a40000" />
        <service id="0x35ea" sid="13802" name="N Movies TV" type="1" provider="GLOBAL TV BROADCASTING" onid="1070" tsid="31501" namespace="0x01a40000" />
        <service id="0x35ff" sid="13823" name="N Music" type="1" provider="GLOBE LICENCE LTD" onid="1070" tsid="31501" namespace="0x01a40000" />
        <service id="0x35fb" sid="13819" name="Nova" type="1" provider="GLOBE LICENCE LTD" onid="1070" tsid="31501" namespace="0x01a40000" />
        <service id="0x0e10" sid="3600" name="Nova Action" type="1" provider="GLOBE LICENCE LTD" onid="1070" tsid="31501" namespace="0x01a40000" />
        <service id="0x35e9" sid="13801" name="Nova Cinema TV" type="1" provider="GLOBAL TV BROADCASTING" onid="1070" tsid="31501" namespace="0x01a40000" />
        <service id="0x35ef" sid="13807" name="Pix TV" type="1" provider="GLOBAL TV BROADCASTING" onid="1070" tsid="31501" namespace="0x01a40000" />
        <service id="0x35ee" sid="13806" name="Play Animal TV" type="1" provider="GLOBAL TV BROADCASTING" onid="1070" tsid="31501" namespace="0x01a40000" />
        <service id="0x35ec" sid="13804" name="Potpori TV" type="1" provider="GLOBAL TV BROADCASTING" onid="1070" tsid="31501" namespace="0x01a40000" />
        <service id="0x35f3" sid="13811" name="Safran" type="1" provider="INTERNATIONAL BROADCASTING" onid="1070" tsid="31501" namespace="0x01a40000" />
        <service id="0x0e11" sid="3601" name="Sefa" type="1" provider="GLOBE LICENCE LTD" onid="1070" tsid="31501" namespace="0x01a40000" />
        <service id="0x35fe" sid="13822" name="Sinema Max" type="1" provider="GLOBE LICENCE LTD" onid="1070" tsid="31501" namespace="0x01a40000" />
        <service id="0x35fc" sid="13820" name="Tele Time" type="1" provider="GLOBE LICENCE LTD" onid="1070" tsid="31501" namespace="0x01a40000" />
        <service id="0x35f1" sid="13809" name="Wild West TV" type="1" provider="INTERNATIONAL BROADCASTING" onid="1070" tsid="31501" namespace="0x01a40000" />
        <service id="0x35f9" sid="13817" name="Zimane Pop" type="1" provider="INTERNATIONAL BROADCASTING" onid="1070" tsid="31501" namespace="0x01a40000" />
      </transponder>
    </satellite>
    <satellite key="01a40000:7b71:042e" name="Turksat-42.0E" namespace="0x01a40000" position="42">
      <transponder key="01a40000:7b71:042e" frequency="12729000" symbol_rate="27500000" polarization="H" fec="2" system="0" modulation="0">
        <service id="0xc357" sid="50007" name="Al Sunnah Al Nabawiyah TV" type="1" provider="Scopus" onid="1070" tsid="31601" namespace="0x01a40000" />
        <service id="0xc356" sid="50006" name="Kabe TV" type="1" provider="TURKSAT" onid="1070" tsid="31601" namespace="0x01a40000" />
        <service id="0xc352" sid="50002" name="Kanal Avrupa" type="1" provider="TURKSAT" onid="1070" tsid="31601" namespace="0x01a40000" />
        <service id="0xc353" sid="50003" name="MPL" type="1" provider="TURKSAT" onid="1070" tsid="31601" namespace="0x01a40000" />
        <service id="0xc355" sid="50005" name="Nur TV" type="1" provider="TURKSAT" onid="1070" tsid="31601" namespace="0x01a40000" />
        <service id="0xc358" sid="50008" name="Rudaw TV" type="1" provider="TURKSAT" onid="1070" tsid="31601" namespace="0x01a40000" />
        <service id="0xc35a" sid="50010" name="TURKSAT TEST 3" type="1" provider="TURKSAT" onid="1070" tsid="31601" namespace="0x01a40000" />
        <service id="0xc354" sid="50004" name="TURKSAT TEST 4" type="1" provider="Scopus" onid="1070" tsid="31601" namespace="0x01a40000" />
      </transponder>
    </satellite>
    <satellite key="01a40000:7bd5:042e" name="Turksat-42.0E" namespace="0x01a40000" position="42">
      <transponder key="01a40000:7bd5:042e" frequency="11510000" symbol_rate="30000000" polarization="H" fec="2" system="0" modulation="0">
        <service id="0xc7a1" sid="51105" name="Kudus TV" type="1" provider="TURKSAT" onid="1070" tsid="31701" namespace="0x01a40000" />
        <service id="0xc7a0" sid="51104" name="One Damla TV" type="1" provider="TURKSAT" onid="1070" tsid="31701" namespace="0x01a40000" />
        <service id="0xc79e" sid="51102" name="One Super TV" type="1" provider="TURKSAT" onid="1070" tsid="31701" namespace="0x01a40000" />
        <service id="0xc7a8" sid="51112" name="TURKSAT SAAT" type="1" provider="TURKSAT" onid="1070" tsid="31701" namespace="0x01a40000" />
        <service id="0xc7a5" sid="51109" name="Ucankus TV" type="1" provider="TURKSAT" onid="1070" tsid="31701" namespace="0x01a40000" />
        <service id="0xc79d" sid="51101" name="Vizyon" type="1" provider="TURKSAT" onid="1070" tsid="31701" namespace="0x01a40000" />
      </transponder>
    </satellite>
    <satellite key="01a40000:7d01:042e" name="Turksat-42.0E" namespace="0x01a40000" position="42">
      <transponder key="01a40000:7d01:042e" frequency="10985000" symbol_rate="4800000" polarization="H" fec="3" system="0" modulation="0">
        <service id="0x2a94" sid="10900" name="Euro Star" type="1" provider="DOGUS" onid="1070" tsid="32001" namespace="0x01a40000" />
        <service id="0x2a95" sid="10901" name="NTV Avrupa" type="1" provider="DOGUS" onid="1070" tsid="32001" namespace="0x01a40000" />
      </transponder>
    </satellite>
    <satellite key="01a40000:7dc9:042e" name="Turksat-42.0E" namespace="0x01a40000" position="42">
      <transponder key="01a40000:7dc9:042e" frequency="11053000" symbol_rate="8000000" polarization="H" fec="3" system="0" modulation="0">
        <service id="0x2bc1" sid="11201" name="Bloomberg HT" type="1" provider="BLOOMBERG HT" onid="1070" tsid="32201" namespace="0x01a40000" />
        <service id="0x2bc0" sid="11200" name="Haber Turk TV" type="1" provider="HABERTURK" onid="1070" tsid="32201" namespace="0x01a40000" />
      </transponder>
    </satellite>
    <satellite key="01a40000:7dca:042e" name="Turksat-42.0E" namespace="0x01a40000" position="42">
      <transponder key="01a40000:7dca:042e" frequency="11039000" symbol_rate="4800000" polarization="H" fec="2" system="0" modulation="0">
        <service id="0x0dc0" sid="3520" name="Kanal A HD" type="25" provider="SVS TELEKOM" onid="1070" tsid="32202" namespace="0x01a40000" />
        <service id="0x0dc1" sid="3521" name="KANAL A TEST" type="25" provider="SVS TELEKOM" onid="1070" tsid="32202" namespace="0x01a40000" />
      </transponder>
    </satellite>
    <satellite key="01a40000:7dcb:042e" name="Turksat-42.0E" namespace="0x01a40000" position="42">
      <transponder key="01a40000:7dcb:042e" frequency="11062000" symbol_rate="4820000" polarization="H" fec="3" system="0" modulation="0">
        <service id="0x0e00" sid="3584" name="SkyTürk 360" type="1" provider="TURK MEDYA" onid="1070" tsid="32203" namespace="0x01a40000" />
      </transponder>
    </satellite>
    <satellite key="01a40000:7dcc:042e" name="Turksat-42.0E" namespace="0x01a40000" position="42">
      <transponder key="01a40000:7dcc:042e" frequency="11045000" symbol_rate="4800000" polarization="H" fec="3" system="0" modulation="0">
        <service id="0x34bc" sid="13500" name="Show Türk" type="1" provider="" onid="1070" tsid="32204" namespace="0x01a40000" />
        <service id="0x34bd" sid="13501" name="Showmax" type="1" provider="" onid="1070" tsid="32204" namespace="0x01a40000" />
      </transponder>
    </satellite>
    <satellite key="01a40000:9ca5:042e" name="Turksat-42.0E" namespace="0x01a40000" position="42">
      <transponder key="01a40000:9ca5:042e" frequency="11916000" symbol_rate="30000000" polarization="V" fec="3" system="0" modulation="0">
        <service id="0xc869" sid="51305" name="Akit TV" type="1" provider="TURKSAT" onid="1070" tsid="40101" namespace="0x01a40000" />
        <service id="0xc86d" sid="51309" name="Anadolu Kaplanlari 2023 TV" type="1" provider="TURKSAT" onid="1070" tsid="40101" namespace="0x01a40000" />
        <service id="0xc86b" sid="51307" name="Berat TV" type="1" provider="TURKSAT" onid="1070" tsid="40101" namespace="0x01a40000" />
        <service id="0xc86e" sid="51310" name="Canlar TV" type="1" provider="TURKSAT" onid="1070" tsid="40101" namespace="0x01a40000" />
        <service id="0xc86c" sid="51308" name="Ekin Turk" type="1" provider="TURKSAT" onid="1070" tsid="40101" namespace="0x01a40000" />
        <service id="0xc867" sid="51303" name="Fashion One (Turkey)" type="1" provider="TURKSAT" onid="1070" tsid="40101" namespace="0x01a40000" />
        <service id="0xc86a" sid="51306" name="FM TV" type="1" provider="TURKSAT" onid="1070" tsid="40101" namespace="0x01a40000" />
        <service id="0xc864" sid="51300" name="Kanal B" type="1" provider="TURKSAT" onid="1070" tsid="40101" namespace="0x01a40000" />
        <service id="0xc866" sid="51302" name="Köy TV" type="1" provider="TURKSAT" onid="1070" tsid="40101" namespace="0x01a40000" />
        <service id="0xc865" sid="51301" name="NR1 TV HD" type="1" provider="TURKSAT" onid="1070" tsid="40101" namespace="0x01a40000" />
        <service id="0xc868" sid="51304" name="Rehber TV" type="1" provider="TURKSAT" onid="1070" tsid="40101" namespace="0x01a40000" />
      </transponder>
    </satellite>
    <satellite key="01a40000:9ca6:042e" name="Turksat-42.0E" namespace="0x01a40000" position="42">
      <transponder key="01a40000:9ca6:042e" frequency="11883000" symbol_rate="4800000" polarization="V" fec="4" system="0" modulation="0">
        <service id="0x28a1" sid="10401" name="A Haber" type="1" provider="TURKUVAZ" onid="1070" tsid="40102" namespace="0x01a40000" />
        <service id="0x28a0" sid="10400" name="ATV Avrupa" type="1" provider="TURKUVAZ TEK. HIZ" onid="1070" tsid="40102" namespace="0x01a40000" />
      </transponder>
    </satellite>
    <satellite key="01a40000:9d6d:042e" name="Turksat-42.0E" namespace="0x01a40000" position="42">
      <transponder key="01a40000:9d6d:042e" frequency="11957000" symbol_rate="27500000" polarization="V" fec="4" system="0" modulation="0">
        <service id="0x0b58" sid="2904" name="TRT 1" type="1" provider="TRT" onid="1070" tsid="40301" namespace="0x01a40000" />
        <service id="0x0b5b" sid="2907" name="TRT 3 Spor" type="1" provider="TRT" onid="1070" tsid="40301" namespace="0x01a40000" />
        <service id="0x0b5d" sid="2909" name="TRT Belgesel" type="1" provider="TRT" onid="1070" tsid="40301" namespace="0x01a40000" />
        <service id="0x291d" sid="10525" name="TRT DIYANET" type="1" provider="TRT" onid="1070" tsid="40301" namespace="0x01a40000" />
        <service id="0x0b59" sid="2905" name="TRT Haber" type="1" provider="TRT" onid="1070" tsid="40301" namespace="0x01a40000" />
        <service id="0x290b" sid="10507" name="TRT Müzik" type="1" provider="TRT" onid="1070" tsid="40301" namespace="0x01a40000" />
        <service id="0x290a" sid="10506" name="TRT Okul" type="1" provider="TRT" onid="1070" tsid="40301" namespace="0x01a40000" />
        <service id="0x0b5a" sid="2906" name="TRT Türk" type="1" provider="TRT" onid="1070" tsid="40301" namespace="0x01a40000" />
        <service id="0x0b5c" sid="2908" name="TRT Çocuk" type="1" provider="TRT" onid="1070" tsid="40301" namespace="0x01a40000" />
      </transponder>
    </satellite>
    <satellite key="01a40000:9e35:042e" name="Turksat-42.0E" namespace="0x01a40000" position="42">
      <transponder key="01a40000:9e35:042e" frequency="11986000" symbol_rate="9600000" polarization="V" fec="4" system="0" modulation="0">
        <service id="0x2e18" sid="11800" name="24" type="1" provider="STAR MEDYA" onid="1070" tsid="40501" namespace="0x01a40000" />
        <service id="0x2e19" sid="11801" name="TV4 Turkey" type="1" provider="STAR MEDYA" onid="1070" tsid="40501" namespace="0x01a40000" />
      </transponder>
    </satellite>
    <satellite key="01a40000:a155:042e" name="Turksat-42.0E" namespace="0x01a40000" position="42">
      <transponder key="01a40000:a155:042e" frequency="12213000" symbol_rate="5833000" polarization="V" fec="2" system="0" modulation="0">
        <service id="0x30d4" sid="12500" name="TV Net HD" type="25" provider="TVNET" onid="1070" tsid="41301" namespace="0x01a40000" />
      </transponder>
    </satellite>
    <satellite key="01a40000:a156:042e" name="Turksat-42.0E" namespace="0x01a40000" position="42">
      <transponder key="01a40000:a156:042e" frequency="12228000" symbol_rate="8400000" polarization="V" fec="4" system="0" modulation="0">
        <service id="0x0c43" sid="3139" name="TGRT Belgesel" type="1" provider="Service Provider" onid="1070" tsid="41302" namespace="0x01a40000" />
        <service id="0x313a" sid="12602" name="TGRT EU" type="1" provider="Service Provider" onid="1070" tsid="41302" namespace="0x01a40000" />
        <service id="0x0c42" sid="3138" name="TGRT Haber" type="1" provider="TGRT HABER" onid="1070" tsid="41302" namespace="0x01a40000" />
      </transponder>
    </satellite>
    <satellite key="01a40000:a157:042e" name="Turksat-42.0E" namespace="0x01a40000" position="42">
      <transponder key="01a40000:a157:042e" frequency="12238000" symbol_rate="7200000" polarization="V" fec="4" system="0" modulation="0">
        <service id="0x2db6" sid="11702" name="Ezgi TV" type="1" provider="EZGI TV" onid="1070" tsid="41303" namespace="0x01a40000" />
        <service id="0x2db4" sid="11700" name="Kanal 7 Avrupa" type="1" provider="KANAL 7 AVRUPA" onid="1070" tsid="41303" namespace="0x01a40000" />
        <service id="0x2db7" sid="11703" name="TVT" type="1" provider="TVT" onid="1070" tsid="41303" namespace="0x01a40000" />
        <service id="0x2db5" sid="11701" name="Ulke TV" type="1" provider="ulke tv" onid="1070" tsid="41303" namespace="0x01a40000" />
      </transponder>
    </satellite>
    <satellite key="01a40000:a158:042e" name="Turksat-42.0E" namespace="0x01a40000" position="42">
      <transponder key="01a40000:a158:042e" frequency="12220000" symbol_rate="4800000" polarization="V" fec="4" system="0" modulation="0">
        <service id="0x38a4" sid="14500" name="TV Net" type="1" provider="TVNET" onid="1070" tsid="41304" namespace="0x01a40000" />
      </transponder>
    </satellite>
    <satellite key="01a40000:a21d:042e" name="Turksat-42.0E" namespace="0x01a40000" position="42">
      <transponder key="01a40000:a21d:042e" frequency="12265000" symbol_rate="27500000" polarization="V" fec="4" system="0" modulation="0">
        <service id="0x0f4c" sid="3916" name="Bursa TV" type="1" provider="MAKSIMUM RADYO TV" onid="1070" tsid="41501" namespace="0x01a40000" />
        <service id="0x0f47" sid="3911" name="Deha TV" type="1" provider="Digitürk" onid="1070" tsid="41501" namespace="0x01a40000" />
        <service id="0x0f46" sid="3910" name="Diyar TV" type="1" provider="Digitürk" onid="1070" tsid="41501" namespace="0x01a40000" />
        <service id="0x390f" sid="14607" name="Duru TV" type="1" provider="MAKSIMUM RADYO TV" onid="1070" tsid="41501" namespace="0x01a40000" />
        <service id="0x391e" sid="14622" name="Ekim TV" type="1" provider="MAKSIMUM RADYO TV" onid="1070" tsid="41501" namespace="0x01a40000" />
        <service id="0x0f4a" sid="3914" name="ER TV" type="1" provider="Digitürk" onid="1070" tsid="41501" namespace="0x01a40000" />
        <service id="0x391c" sid="14620" name="Ful TV" type="1" provider="MAKSIMUM RADYO TV" onid="1070" tsid="41501" namespace="0x01a40000" />
        <service id="0x390e" sid="14606" name="Kanal 26" type="1" provider="Digitürk" onid="1070" tsid="41501" namespace="0x01a40000" />
        <service id="0x391a" sid="14618" name="Kanal 28" type="1" provider="MAKSIMUM RADYO TV" onid="1070" tsid="41501" namespace="0x01a40000" />
        <service id="0x0f49" sid="3913" name="Kanal F" type="1" provider="MAKSIMUM RADYO TV" onid="1070" tsid="41501" namespace="0x01a40000" />
        <service id="0x391b" sid="14619" name="Maksim TV" type="1" provider="MAKSIMUM RADYO TV" onid="1070" tsid="41501" namespace="0x01a40000" />
        <service id="0x0f4b" sid="3915" name="Mercan TV" type="1" provider="MAKSIMUM RADYO TV" onid="1070" tsid="41501" namespace="0x01a40000" />
        <service id="0x390a" sid="14602" name="Power HD" type="1" provider="POWER GROUP" onid="1070" tsid="41501" namespace="0x01a40000" />
        <service id="0x0f45" sid="3909" name="Power Turk TV" type="1" provider="Digitürk" onid="1070" tsid="41501" namespace="0x01a40000" />
        <service id="0x0f44" sid="3908" name="Power TV (Turkey)" type="1" provider="Digitürk" onid="1070" tsid="41501" namespace="0x01a40000" />
        <service id="0x390b" sid="14603" name="Power Türk HD" type="1" provider="POWER GROUP" onid="1070" tsid="41501" namespace="0x01a40000" />
        <service id="0x391d" sid="14621" name="RTV 23" type="1" provider="MAKSIMUM RADYO TV" onid="1070" tsid="41501" namespace="0x01a40000" />
        <service id="0x390c" sid="14604" name="TEST1" type="1" provider="MAKSIMUM RADYO TV" onid="1070" tsid="41501" namespace="0x01a40000" />
        <service id="0x390d" sid="14605" name="TEST2" type="1" provider="MAKSIMUM RADYO TV" onid="1070" tsid="41501" namespace="0x01a40000" />
        <service id="0x0f59" sid="3929" name="Ton TV" type="1" provider="MAKSIMUM RADYO TV" onid="1070" tsid="41501" namespace="0x01a40000" />
        <service id="0x0f48" sid="3912" name="TV 27" type="1" provider="MAKSIMUM RADYO TV" onid="1070" tsid="41501" namespace="0x01a40000" />
        <service id="0x0f4f" sid="3919" name="TV 41" type="1" provider="Digitürk" onid="1070" tsid="41501" namespace="0x01a40000" />
        <service id="0x0f4e" sid="3918" name="Yasin TV" type="1" provider="Digitürk" onid="1070" tsid="41501" namespace="0x01a40000" />
        <service id="0x0f4d" sid="3917" name="Yek TV" type="1" provider="MAKSIMUM RADYO TV" onid="1070" tsid="41501" namespace="0x01a40000" />
      </transponder>
    </satellite>
    <satellite key="01a40000:a2e5:042e" name="Turksat-42.0E" namespace="0x01a40000" position="42">
      <transponder key="01a40000:a2e5:042e" frequency="12303000" symbol_rate="27500000" polarization="V" fec="4" system="0" modulation="0">
        <service id="0x36b3" sid="14003" name="4 Eylul TV" type="1" provider="HTV" onid="1070" tsid="41701" namespace="0x01a40000" />
        <service id="0x36c0" sid="14016" name="Akilli TV" type="1" provider="TTM MEDYA" onid="1070" tsid="41701" namespace="0x01a40000" />
        <service id="0x36bb" sid="14011" name="AL TV (Turkey)" type="1" provider="HTV" onid="1070" tsid="41701" namespace="0x01a40000" />
        <service id="0x36bf" sid="14015" name="ANC" type="1" provider="TTM MEDYA" onid="1070" tsid="41701" namespace="0x01a40000" />
        <service id="0x36b7" sid="14007" name="Ber TV" type="1" provider="HTV" onid="1070" tsid="41701" namespace="0x01a40000" />
        <service id="0x36ca" sid="14026" name="Expo Channel" type="1" provider="TTM MEDYA" onid="1070" tsid="41701" namespace="0x01a40000" />
        <service id="0x36b9" sid="14009" name="Gala" type="1" provider="" onid="1070" tsid="41701" namespace="0x01a40000" />
        <service id="0x36b2" sid="14002" name="Hazan TV" type="1" provider="HTV" onid="1070" tsid="41701" namespace="0x01a40000" />
        <service id="0x36c5" sid="14021" name="HTV" type="1" provider="HTV" onid="1070" tsid="41701" namespace="0x01a40000" />
        <service id="0x36cc" sid="14028" name="Maxi TV" type="1" provider="TTM MEDIA" onid="1070" tsid="41701" namespace="0x01a40000" />
        <service id="0x36b5" sid="14005" name="Maya TV (Turkey)" type="1" provider="HTV" onid="1070" tsid="41701" namespace="0x01a40000" />
        <service id="0x36bc" sid="14012" name="Medya TV" type="1" provider="HTV" onid="1070" tsid="41701" namespace="0x01a40000" />
        <service id="0x36c3" sid="14019" name="MMC Türk" type="1" provider="TTM MEDYA" onid="1070" tsid="41701" namespace="0x01a40000" />
        <service id="0x36ba" sid="14010" name="MSBC Kanal 2000" type="1" provider="HTV" onid="1070" tsid="41701" namespace="0x01a40000" />
        <service id="0x36b6" sid="14006" name="Müzik Türk" type="1" provider="" onid="1070" tsid="41701" namespace="0x01a40000" />
        <service id="0x36b4" sid="14004" name="Nurs TV" type="1" provider="HTV" onid="1070" tsid="41701" namespace="0x01a40000" />
        <service id="0x36b8" sid="14008" name="ORT Osmaniye" type="1" provider="HTV" onid="1070" tsid="41701" namespace="0x01a40000" />
        <service id="0x36c2" sid="14018" name="Outlet TV" type="1" provider="HTV" onid="1070" tsid="41701" namespace="0x01a40000" />
        <service id="0x36b0" sid="14000" name="Plus Muzik" type="1" provider="HTV" onid="1070" tsid="41701" namespace="0x01a40000" />
        <service id="0x36c7" sid="14023" name="Shopping Channel" type="1" provider="TTM MEDIA" onid="1070" tsid="41701" namespace="0x01a40000" />
        <service id="0x36be" sid="14014" name="Toprak Yildiz TV" type="1" provider="HTV" onid="1070" tsid="41701" namespace="0x01a40000" />
        <service id="0x36bd" sid="14013" name="TV A (Turkey)" type="1" provider="HTV" onid="1070" tsid="41701" namespace="0x01a40000" />
        <service id="0x36c1" sid="14017" name="World Beauty Channel" type="1" provider="HTV" onid="1070" tsid="41701" namespace="0x01a40000" />
        <service id="0x36c4" sid="14020" name="World Beauty Channel" type="1" provider="TTM MEDYA" onid="1070" tsid="41701" namespace="0x01a40000" />
        <service id="0x36c9" sid="14025" name="World Beauty Channel" type="1" provider="TTM MEDIA" onid="1070" tsid="41701" namespace="0x01a40000" />
        <service id="0x36c6" sid="14022" name="Yeni Sinema" type="1" provider="TTM MEDYA" onid="1070" tsid="41701" namespace="0x01a40000" />
      </transponder>
    </satellite>
    <satellite key="01a40000:a3ad:042e" name="Turksat-42.0E" namespace="0x01a40000" position="42">
      <transponder key="01a40000:a3ad:042e" frequency="12344000" symbol_rate="30000000" polarization="V" fec="3" system="0" modulation="0">
        <service id="0xc611" sid="50705" name="Altaş TV Ordu" type="1" provider="TURKSAT" onid="1070" tsid="41901" namespace="0x01a40000" />
        <service id="0xc610" sid="50704" name="ASTV" type="1" provider="TURKSAT" onid="1070" tsid="41901" namespace="0x01a40000" />
        <service id="0xc60d" sid="50701" name="Fenerbahçe TV" type="1" provider="TURKSAT" onid="1070" tsid="41901" namespace="0x01a40000" />
        <service id="0xc616" sid="50710" name="Kanal 42" type="1" provider="TURKSAT" onid="1070" tsid="41901" namespace="0x01a40000" />
        <service id="0xc60f" sid="50703" name="Sports TV" type="1" provider="TURKSAT" onid="1070" tsid="41901" namespace="0x01a40000" />
        <service id="0xc612" sid="50706" name="Turkiyem TV" type="1" provider="TURKSAT" onid="1070" tsid="41901" namespace="0x01a40000" />
        <service id="0xc60c" sid="50700" name="TV EM" type="1" provider="TURKSAT" onid="1070" tsid="41901" namespace="0x01a40000" />
        <service id="0xc619" sid="50713" name="Uzay TV Diyarbakir" type="1" provider="TURKSAT" onid="1070" tsid="41901" namespace="0x01a40000" />
        <service id="0xc615" sid="50709" name="Yıldız TV" type="1" provider="TURKSAT" onid="1070" tsid="41901" namespace="0x01a40000" />
      </transponder>
    </satellite>
    <satellite key="01a40000:a3ae:042e" name="Turksat-42.0E" namespace="0x01a40000" position="42">
      <transponder key="01a40000:a3ae:042e" frequency="12380000" symbol_rate="27500000" polarization="V" fec="3" system="0" modulation="0">
        <service id="0xc806" sid="51206" name="Bereket TV" type="1" provider="TURKSAT" onid="1070" tsid="41902" namespace="0x01a40000" />
        <service id="0xc800" sid="51200" name="Beyaz TV" type="1" provider="TURKSAT" onid="1070" tsid="41902" namespace="0x01a40000" />
        <service id="0xc801" sid="51201" name="Beyaz TV HD" type="1" provider="TURKSAT" onid="1070" tsid="41902" namespace="0x01a40000" />
        <service id="0xc803" sid="51203" name="DRT Denizli" type="1" provider="TURKSAT" onid="1070" tsid="41902" namespace="0x01a40000" />
        <service id="0xc802" sid="51202" name="Kanal A (Ankara)" type="1" provider="TURKSAT" onid="1070" tsid="41902" namespace="0x01a40000" />
        <service id="0xc807" sid="51207" name="Pamukkale TV" type="1" provider="TURKSAT" onid="1070" tsid="41902" namespace="0x01a40000" />
        <service id="0xc804" sid="51204" name="Yek TV" type="1" provider="TURKSAT" onid="1070" tsid="41902" namespace="0x01a40000" />
      </transponder>
    </satellite>
    <satellite key="01a40000:a475:042e" name="Turksat-42.0E" namespace="0x01a40000" position="42">
      <transponder key="01a40000:a475:042e" frequency="12422000" symbol_rate="27500000" polarization="V" fec="3" system="0" modulation="0">
        <service id="0xc3b5" sid="50101" name="Bengü Türk TV" type="1" provider="TURKSAT" onid="1070" tsid="42101" namespace="0x01a40000" />
        <service id="0xc3be" sid="50110" name="Gonca TV" type="1" provider="TURKSAT" onid="1070" tsid="42101" namespace="0x01a40000" />
        <service id="0xc3b4" sid="50100" name="Halk TV" type="1" provider="TURKSAT" onid="1070" tsid="42101" namespace="0x01a40000" />
        <service id="0xc3bc" sid="50108" name="Kaçkar Karadeniz (Rize)" type="1" provider="TURKSAT" onid="1070" tsid="42101" namespace="0x01a40000" />
        <service id="0xc3b7" sid="50103" name="Kon TV" type="1" provider="TURKSAT" onid="1070" tsid="42101" namespace="0x01a40000" />
        <service id="0xc3ca" sid="50122" name="NR1 TV HD" type="1" provider="TURKSAT" onid="1070" tsid="42101" namespace="0x01a40000" />
        <service id="0xc3bb" sid="50107" name="TV 52 (Ordu)" type="1" provider="TURKSAT" onid="1070" tsid="42101" namespace="0x01a40000" />
        <service id="0xc3bd" sid="50109" name="Vizyontürk" type="1" provider="TURKSAT" onid="1070" tsid="42101" namespace="0x01a40000" />
      </transponder>
    </satellite>
    <satellite key="01a40000:a476:042e" name="Turksat-42.0E" namespace="0x01a40000" position="42">
      <transponder key="01a40000:a476:042e" frequency="12458000" symbol_rate="30000000" polarization="V" fec="3" system="0" modulation="0">
        <service id="0xc47f" sid="50303" name="4 Eylul TV" type="1" provider="TURKSAT" onid="1070" tsid="42102" namespace="0x01a40000" />
        <service id="0xc483" sid="50307" name="Al Jazeera English" type="1" provider="TURKSAT" onid="1070" tsid="42102" namespace="0x01a40000" />
        <service id="0xc484" sid="50308" name="Al Jazeera Satellite Channel" type="1" provider="TURKSAT" onid="1070" tsid="42102" namespace="0x01a40000" />
        <service id="0xc47e" sid="50302" name="Bereket TV" type="1" provider="TURKSAT" onid="1070" tsid="42102" namespace="0x01a40000" />
        <service id="0xc481" sid="50305" name="Beykent TV" type="1" provider="TURKSAT" onid="1070" tsid="42102" namespace="0x01a40000" />
        <service id="0xc486" sid="50310" name="Evin TV (Turkey)" type="1" provider="TURKSAT" onid="1070" tsid="42102" namespace="0x01a40000" />
        <service id="0xc480" sid="50304" name="Haberaks TV" type="1" provider="TURKSAT" onid="1070" tsid="42102" namespace="0x01a40000" />
        <service id="0xc47d" sid="50301" name="Kanal 33" type="1" provider="TURKSAT" onid="1070" tsid="42102" namespace="0x01a40000" />
        <service id="0xc488" sid="50312" name="Kanal 58" type="1" provider="TURKSAT" onid="1070" tsid="42102" namespace="0x01a40000" />
        <service id="0xc482" sid="50306" name="Manisa Medya TV" type="1" provider="TURKSAT" onid="1070" tsid="42102" namespace="0x01a40000" />
        <service id="0xc487" sid="50311" name="Medine TV" type="1" provider="TURKSAT" onid="1070" tsid="42102" namespace="0x01a40000" />
        <service id="0xc485" sid="50309" name="One Best TV" type="1" provider="TURKSAT" onid="1070" tsid="42102" namespace="0x01a40000" />
      </transponder>
    </satellite>
    <satellite key="01a40000:a85d:0068" name="Turksat-42.0E" namespace="0x01a40000" position="42">
      <transponder key="01a40000:a85d:0068" frequency="11775000" symbol_rate="27500000" polarization="V" fec="3" system="0" modulation="0">
        <service id="0x1fd1" sid="8145" name="Animal Planet HD" type="25" provider="Platformturk" onid="104" tsid="43101" namespace="0x01a40000" />
        <service id="0x1fcc" sid="8140" name="Discovery Channel HD Turkey" type="25" provider="Platformturk" onid="104" tsid="43101" namespace="0x01a40000" />
        <service id="0x1fc2" sid="8130" name="Dizi TV HD" type="25" provider="PlatformTurk" onid="104" tsid="43101" namespace="0x01a40000" />
        <service id="0x1fd6" sid="8150" name="English Club HD" type="25" provider="Platformturk" onid="104" tsid="43101" namespace="0x01a40000" />
        <service id="0x1fc7" sid="8135" name="Eurosport 1 HD" type="25" provider="Platformturk" onid="104" tsid="43101" namespace="0x01a40000" />
        <service id="0x1fdb" sid="8155" name="Fil TV" type="25" provider="Platformturk" onid="104" tsid="43101" namespace="0x01a40000" />
        <service id="0x1ff4" sid="8180" name="Penthouse  HD|  Nights" type="25" provider="Platformturk" onid="104" tsid="43101" namespace="0x01a40000" />
        <service id="0x1fbd" sid="8125" name="Sinema TV Aile HD" type="25" provider="PlatformTurk" onid="104" tsid="43101" namespace="0x01a40000" />
        <service id="0x1fae" sid="8110" name="Sinema TV Aksiyon HD" type="25" provider="PlatformTurk" onid="104" tsid="43101" namespace="0x01a40000" />
        <service id="0x1fa4" sid="8100" name="Sinema TV HD" type="25" provider="PlatformTurk" onid="104" tsid="43101" namespace="0x01a40000" />
        <service id="0x1fa9" sid="8105" name="Sinema TV HD 2" type="25" provider="PlatformTurk" onid="104" tsid="43101" namespace="0x01a40000" />
        <service id="0x1fb8" sid="8120" name="Sinema1001 HD" type="25" provider="PlatformTurk" onid="104" tsid="43101" namespace="0x01a40000" />
      </transponder>
    </satellite>
    <satellite key="01a40000:a85f:0068" name="Turksat-42.0E" namespace="0x01a40000" position="42">
      <transponder key="01a40000:a85f:0068" frequency="11802000" symbol_rate="17500000" polarization="V" fec="3" system="0" modulation="0">
        <service id="0x3eea" sid="16106" name="Da Vinci Learning" type="25" provider="D-Smart" onid="104" tsid="43103" namespace="0x01a40000" />
        <service id="0x3ee7" sid="16103" name="Discovery HD Showcase" type="25" provider="Platformturk" onid="104" tsid="43103" namespace="0x01a40000" />
        <service id="0x3ee8" sid="16104" name="Discovery Science HD Turkey" type="25" provider="Platformturk" onid="104" tsid="43103" namespace="0x01a40000" />
        <service id="0x3ee6" sid="16102" name="FightBox HD Turkey" type="25" provider="D-Smart" onid="104" tsid="43103" namespace="0x01a40000" />
        <service id="0x3ee4" sid="16100" name="History Channel HD Turkey" type="25" provider="Platformturk" onid="104" tsid="43103" namespace="0x01a40000" />
        <service id="0x3eeb" sid="16107" name="RTL Television" type="25" provider="Platformturk" onid="104" tsid="43103" namespace="0x01a40000" />
        <service id="0x3ee5" sid="16101" name="Trace Urban HD" type="25" provider="Platformturk" onid="104" tsid="43103" namespace="0x01a40000" />
        <service id="0x3ee9" sid="16105" name="Viasat Explore HD" type="25" provider="Platformturk" onid="104" tsid="43103" namespace="0x01a40000" />
      </transponder>
    </satellite>
    <satellite key="01a40000:a926:042e" name="Turksat-42.0E" namespace="0x01a40000" position="42">
      <transponder key="01a40000:a926:042e" frequency="11855000" symbol_rate="30000000" polarization="V" fec="3" system="0" modulation="0">
        <service id="0xc9ff" sid="51711" name="Cay TV (Rize)" type="1" provider="TURKSAT" onid="1070" tsid="43302" namespace="0x01a40000" />
        <service id="0xc9f4" sid="51700" name="EGE TV" type="1" provider="TURKSAT" onid="1070" tsid="43302" namespace="0x01a40000" />
        <service id="0xc9f6" sid="51702" name="Flash TV" type="1" provider="TURKSAT" onid="1070" tsid="43302" namespace="0x01a40000" />
        <service id="0xca01" sid="51713" name="Kablo Info" type="1" provider="TURKSAT" onid="1070" tsid="43302" namespace="0x01a40000" />
        <service id="0xc9f8" sid="51704" name="KRT TV" type="1" provider="TURKSAT" onid="1070" tsid="43302" namespace="0x01a40000" />
        <service id="0xca00" sid="51712" name="Maksim TV" type="1" provider="TURKSAT" onid="1070" tsid="43302" namespace="0x01a40000" />
        <service id="0xc9fd" sid="51709" name="Rumeli TV" type="1" provider="TURKSAT" onid="1070" tsid="43302" namespace="0x01a40000" />
        <service id="0xca02" sid="51714" name="Türksat Promo" type="1" provider="TURKSAT" onid="1070" tsid="43302" namespace="0x01a40000" />
        <service id="0xc9fe" sid="51710" name="Yaban TV" type="1" provider="TURKSAT" onid="1070" tsid="43302" namespace="0x01a40000" />
        <service id="0xc9f9" sid="51705" name="Yasin TV" type="1" provider="TURKSAT" onid="1070" tsid="43302" namespace="0x01a40000" />
      </transponder>
    </satellite>
    <satellite key="01a40000:a927:042e" name="Turksat-42.0E" namespace="0x01a40000" position="42">
      <transponder key="01a40000:a927:042e" frequency="11824000" symbol_rate="8000000" polarization="V" fec="3" system="0" modulation="0">
        <service id="0x37e1" sid="14305" name="CTV (Turkey)" type="1" provider="VAKKORAMA RADYO REKLAM" onid="1070" tsid="43303" namespace="0x01a40000" />
        <service id="0x37de" sid="14302" name="Kulturturk TV" type="1" provider="VAKKORAMA RADYO REKLAM" onid="1070" tsid="43303" namespace="0x01a40000" />
        <service id="0x37dc" sid="14300" name="Power TV (Turkey)" type="1" provider="Digitürk" onid="1070" tsid="43303" namespace="0x01a40000" />
        <service id="0x37dd" sid="14301" name="Sat7 Türk" type="1" provider="Digitürk" onid="1070" tsid="43303" namespace="0x01a40000" />
        <service id="0x37e0" sid="14304" name="TEST A" type="1" provider="VAKKORAMA RADYO REKLAM" onid="1070" tsid="43303" namespace="0x01a40000" />
        <service id="0x37e7" sid="14311" name="TEST B" type="1" provider="VAKKORAMA RADYO REKLAM" onid="1070" tsid="43303" namespace="0x01a40000" />
        <service id="0x37df" sid="14303" name="Yasam TV" type="1" provider="Digitürk" onid="1070" tsid="43303" namespace="0x01a40000" />
      </transponder>
    </satellite>
    <satellite key="01a40000:a928:042e" name="Turksat-42.0E" namespace="0x01a40000" position="42">
      <transponder key="01a40000:a928:042e" frequency="11833000" symbol_rate="6250000" polarization="V" fec="4" system="0" modulation="0">
        <service id="0x3d56" sid="15702" name="AV TV" type="1" provider="MELTEM MEDYA" onid="1070" tsid="43304" namespace="0x01a40000" />
        <service id="0x3d58" sid="15704" name="Kadirga TV (Trabzon)" type="1" provider="MELTEM MEDYA" onid="1070" tsid="43304" namespace="0x01a40000" />
        <service id="0x3d54" sid="15700" name="Meltem TV" type="1" provider="MELTEM MEDYA" onid="1070" tsid="43304" namespace="0x01a40000" />
        <service id="0x3d55" sid="15701" name="Mesaj TV" type="1" provider="MELTEM MEDYA" onid="1070" tsid="43304" namespace="0x01a40000" />
        <service id="0x3d57" sid="15703" name="Sihhat TV" type="1" provider="MELTEM MEDYA" onid="1070" tsid="43304" namespace="0x01a40000" />
      </transponder>
    </satellite>
    <satellite key="01a40000:c5a8:002a" name="Turksat-42.0E" namespace="0x01a40000" position="42">
      <transponder key="01a40000:c5a8:002a" frequency="11675000" symbol_rate="24444000" polarization="V" fec="3" system="0" modulation="0">
        <service id="0x371a" sid="14106" name="beIN Iz" type="1" provider="Digitürk" onid="42" tsid="50600" namespace="0x01a40000" />
        <service id="0x372f" sid="14127" name="beIN Movies 007" type="1" provider="Digitürk" onid="42" tsid="50600" namespace="0x01a40000" />
        <service id="0x0e92" sid="3730" name="beIN Movies Comedy" type="1" provider="Digitürk" onid="42" tsid="50600" namespace="0x01a40000" />
        <service id="0x0e93" sid="3731" name="beIN Movies Family" type="1" provider="Digitürk" onid="42" tsid="50600" namespace="0x01a40000" />
        <service id="0x372e" sid="14126" name="beIN Movies Stars" type="1" provider="Digitürk" onid="42" tsid="50600" namespace="0x01a40000" />
        <service id="0x0e8d" sid="3725" name="beIN Sports 1 HD Turkey" type="1" provider="Digitürk" onid="42" tsid="50600" namespace="0x01a40000" />
        <service id="0x372b" sid="14123" name="beIN Sports 4 Turkey" type="1" provider="Digitürk" onid="42" tsid="50600" namespace="0x01a40000" />
        <service id="0x0e95" sid="3733" name="Beşiktaş (BJK) TV" type="1" provider="Digitürk" onid="42" tsid="50600" namespace="0x01a40000" />
        <service id="0x0e94" sid="3732" name="GS TV" type="1" provider="Digitürk" onid="42" tsid="50600" namespace="0x01a40000" />
      </transponder>
    </satellite>
    <satellite key="01a42af9:0001:0001" name="Turksat-42.0E" namespace="0x01a42af9" position="42">
      <transponder key="01a42af9:0001:0001" frequency="11001000" symbol_rate="3200000" polarization="H" fec="3" system="0" modulation="0">
        <service id="0x0001" sid="1" name="ANS TV" type="1" provider="" onid="1" tsid="1" namespace="0x01a42af9" />
      </transponder>
    </satellite>
    <satellite key="01a42f3f:ffff:ffff" name="Turksat-42.0E" namespace="0x01a42f3f" position="42">
      <transponder key="01a42f3f:ffff:ffff" frequency="12095000" symbol_rate="4800000" polarization="H" fec="4" system="0" modulation="0">
        <service id="0x0001" sid="1" name="Kanal 7" type="1" provider="KANAL7" onid="65535" tsid="65535" namespace="0x01a42f3f" />
      </transponder>
    </satellite>
    <satellite key="01a4aee9:0001:ffff" name="Turksat-42.0E" namespace="0x01a4aee9" position="42">
      <transponder key="01a4aee9:0001:ffff" frequency="12009000" symbol_rate="4444000" polarization="V" fec="2" system="0" modulation="0">
        <service id="0x0001" sid="1" name="Turkmeneli HD" type="25" provider="Turkmeneli HD" onid="65535" tsid="1" namespace="0x01a4aee9" />
      </transponder>
    </satellite>
    <satellite key="01a4b168:ffff:ffff" name="Turksat-42.0E" namespace="0x01a4b168" position="42">
      <transponder key="01a4b168:ffff:ffff" frequency="12648000" symbol_rate="8000000" polarization="V" fec="4" system="0" modulation="0">
        <service id="0x0001" sid="1" name="IST_TX25" type="25" provider="TRT KURUCESME" onid="65535" tsid="65535" namespace="0x01a4b168" />
        <service id="0x0002" sid="2" name="IST_TX26" type="25" provider="TRT KURUCESME" onid="65535" tsid="65535" namespace="0x01a4b168" />
        <service id="0x0003" sid="3" name="IST_TX27" type="25" provider="TRT KURUCESME" onid="65535" tsid="65535" namespace="0x01a4b168" />
        <service id="0x0004" sid="4" name="IST_TX28" type="25" provider="TRT KURUCESME" onid="65535" tsid="65535" namespace="0x01a4b168" />
      </transponder>
    </satellite>
  </satellites>
</zapit>
