<?xml version='1.0' encoding='utf-8'?>
<zapit api="4">
  <satellites>
    <satellite key="0de80000:0001:002a" name="Sat-4W" namespace="0x0de80000" position="-4">
      <transponder key="0de80000:0001:002a" frequency="12369000" symbol_rate="8333000" polarization="H" fec="3" system="0" modulation="0">
        <service id="0x0001" sid="1" name="TEST1" type="1" provider="Ukrkosmos" onid="42" tsid="1" namespace="0x0de80000" />
        <service id="0x0002" sid="2" name="TEST2" type="1" provider="Ukrkosmos" onid="42" tsid="1" namespace="0x0de80000" />
        <service id="0x0003" sid="3" name="TEST3" type="1" provider="Ukrkosmos" onid="42" tsid="1" namespace="0x0de80000" />
        <service id="0x0004" sid="4" name="TEST4" type="1" provider="Ukrkosmos" onid="42" tsid="1" namespace="0x0de80000" />
        <service id="0x0005" sid="5" name="TEST5" type="1" provider="Ukrkosmos" onid="42" tsid="1" namespace="0x0de80000" />
      </transponder>
    </satellite>
    <satellite key="0de80000:0001:0064" name="Sat-4W" namespace="0x0de80000" position="-4">
      <transponder key="0de80000:0001:0064" frequency="10722000" symbol_rate="30000000" polarization="V" fec="2" system="0" modulation="0">
        <service id="0x01d4" sid="468" name="10722V SID 0x468" type="1" provider="DVB-S2 8PSK 10722V 356.0Â°E" onid="100" tsid="1" namespace="0x0de80000" />
        <service id="0x01c6" sid="454" name="ATV Spirit" type="1" provider="T-Home" onid="100" tsid="1" namespace="0x0de80000" />
        <service id="0x000d" sid="13" name="COOL" type="1" provider="T-Home" onid="100" tsid="1" namespace="0x0de80000" />
        <service id="0x044e" sid="1102" name="Dikh TV" type="1" provider="T-Home" onid="100" tsid="1" namespace="0x0de80000" />
        <service id="0x044d" sid="1101" name="Eurosport" type="1" provider="T-Home" onid="100" tsid="1" namespace="0x0de80000" />
        <service id="0x000a" sid="10" name="Film+" type="1" provider="T-Home" onid="100" tsid="1" namespace="0x0de80000" />
        <service id="0x000b" sid="11" name="Fishing&amp;Hunting" type="1" provider="T-Home" onid="100" tsid="1" namespace="0x0de80000" />
        <service id="0x01d1" sid="465" name="GALAXY4" type="1" provider="T-Home" onid="100" tsid="1" namespace="0x0de80000" />
        <service id="0x001e" sid="30" name="Hír TV" type="1" provider="T-Home" onid="100" tsid="1" namespace="0x0de80000" />
        <service id="0x001c" sid="28" name="Life TV" type="1" provider="T-Home" onid="100" tsid="1" namespace="0x0de80000" />
        <service id="0x0004" sid="4" name="M2" type="1" provider="T-Home" onid="100" tsid="1" namespace="0x0de80000" />
        <service id="0x046b" sid="1131" name="Muzsika Tv" type="1" provider="T-Home" onid="100" tsid="1" namespace="0x0de80000" />
        <service id="0x001d" sid="29" name="Ozone TV" type="1" provider="T-Home" onid="100" tsid="1" namespace="0x0de80000" />
        <service id="0x0009" sid="9" name="Private TV" type="1" provider="T-Home" onid="100" tsid="1" namespace="0x0de80000" />
        <service id="0x000c" sid="12" name="RTL GOLD" type="1" provider="T-Home" onid="100" tsid="1" namespace="0x0de80000" />
        <service id="0x000e" sid="14" name="RTL+" type="1" provider="T-Home" onid="100" tsid="1" namespace="0x0de80000" />
        <service id="0x000f" sid="15" name="Sorozat+" type="1" provider="T-Home" onid="100" tsid="1" namespace="0x0de80000" />
        <service id="0x0005" sid="5" name="Spektrum Home" type="1" provider="T-Home" onid="100" tsid="1" namespace="0x0de80000" />
        <service id="0x01c9" sid="457" name="Spíler1 TV" type="1" provider="T-Home" onid="100" tsid="1" namespace="0x0de80000" />
        <service id="0x045a" sid="1114" name="STORY4" type="1" provider="T-Home" onid="100" tsid="1" namespace="0x0de80000" />
        <service id="0x0006" sid="6" name="TV Paprika" type="1" provider="T-Home" onid="100" tsid="1" namespace="0x0de80000" />
        <service id="0x045c" sid="1116" name="TV4" type="1" provider="T-Home" onid="100" tsid="1" namespace="0x0de80000" />
      </transponder>
    </satellite>
    <satellite key="0de80000:0002:002a" name="Sat-4W" namespace="0x0de80000" position="-4">
      <transponder key="0de80000:0002:002a" frequency="12340000" symbol_rate="17900000" polarization="H" fec="3" system="0" modulation="0">
        <service id="0x0001" sid="1" name="12 kanal" type="1" provider="Ukrkosmos" onid="42" tsid="2" namespace="0x0de80000" />
        <service id="0x0003" sid="3" name="1ZAHID HD" type="25" provider="Ukrkosmos" onid="42" tsid="2" namespace="0x0de80000" />
        <service id="0x000d" sid="13" name="4P_INFO" type="1" provider="Ukrkosmos" onid="42" tsid="2" namespace="0x0de80000" />
        <service id="0x000a" sid="10" name="8 channel" type="1" provider="Ukrkosmos" onid="42" tsid="2" namespace="0x0de80000" />
        <service id="0x0009" sid="9" name="BOUTIQUE TV" type="1" provider="Ukrkosmos" onid="42" tsid="2" namespace="0x0de80000" />
        <service id="0x0002" sid="2" name="GALYCHYNA HD" type="25" provider="Ukrkosmos" onid="42" tsid="2" namespace="0x0de80000" />
        <service id="0x000c" sid="12" name="MALYATKO TV" type="1" provider="Ukrkosmos" onid="42" tsid="2" namespace="0x0de80000" />
        <service id="0x0004" sid="4" name="RADA HD" type="25" provider="Ukrkosmos" onid="42" tsid="2" namespace="0x0de80000" />
        <service id="0x000b" sid="11" name="Televsesvit" type="1" provider="Ukrkosmos" onid="42" tsid="2" namespace="0x0de80000" />
        <service id="0x0005" sid="5" name="World Revival Mission" type="1" provider="Ukrkosmos" onid="42" tsid="2" namespace="0x0de80000" />
      </transponder>
    </satellite>
    <satellite key="0de80000:0002:0064" name="Sat-4W" namespace="0x0de80000" position="-4">
      <transponder key="0de80000:0002:0064" frequency="10758000" symbol_rate="30000000" polarization="V" fec="3" system="0" modulation="0">
        <service id="0x04c9" sid="1225" name="Comedy Family" type="1" provider="T-Home" onid="100" tsid="2" namespace="0x0de80000" />
        <service id="0x04c5" sid="1221" name="Discovery Channel" type="1" provider="T-Home" onid="100" tsid="2" namespace="0x0de80000" />
        <service id="0x04cc" sid="1228" name="Dorcel XXX" type="1" provider="T-Home" onid="100" tsid="2" namespace="0x0de80000" />
        <service id="0x04b6" sid="1206" name="Duna Tv" type="1" provider="T-Home" onid="100" tsid="2" namespace="0x0de80000" />
        <service id="0x04c6" sid="1222" name="Duna World" type="1" provider="T-Home" onid="100" tsid="2" namespace="0x0de80000" />
        <service id="0x04b7" sid="1207" name="Hustler TV" type="1" provider="T-Home" onid="100" tsid="2" namespace="0x0de80000" />
        <service id="0x04bd" sid="1213" name="Izaura TV" type="1" provider="T-Home" onid="100" tsid="2" namespace="0x0de80000" />
        <service id="0x04c1" sid="1217" name="JimJam" type="1" provider="T-Home" onid="100" tsid="2" namespace="0x0de80000" />
        <service id="0x04b9" sid="1209" name="M1" type="1" provider="T-Home" onid="100" tsid="2" namespace="0x0de80000" />
        <service id="0x04c0" sid="1216" name="Mediaset" type="1" provider="T-Home" onid="100" tsid="2" namespace="0x0de80000" />
        <service id="0x04c2" sid="1218" name="Mozi+" type="1" provider="T-Home" onid="100" tsid="2" namespace="0x0de80000" />
        <service id="0x04b5" sid="1205" name="Nickelodeon" type="1" provider="T-Home" onid="100" tsid="2" namespace="0x0de80000" />
        <service id="0x04c8" sid="1224" name="ORF1" type="1" provider="T-Home" onid="100" tsid="2" namespace="0x0de80000" />
        <service id="0x04ba" sid="1210" name="Penthouse Gold" type="1" provider="T-Home" onid="100" tsid="2" namespace="0x0de80000" />
        <service id="0x04b4" sid="1204" name="PRIME" type="1" provider="T-Home" onid="100" tsid="2" namespace="0x0de80000" />
        <service id="0x04b1" sid="1201" name="RTL Klub" type="1" provider="T-Home" onid="100" tsid="2" namespace="0x0de80000" />
        <service id="0x04be" sid="1214" name="Spektrum" type="1" provider="T-Home" onid="100" tsid="2" namespace="0x0de80000" />
        <service id="0x04b8" sid="1208" name="Super TV2" type="1" provider="T-Home" onid="100" tsid="2" namespace="0x0de80000" />
        <service id="0x04bc" sid="1212" name="Teszt V" type="1" provider="T-Home" onid="100" tsid="2" namespace="0x0de80000" />
        <service id="0x04ca" sid="1226" name="Travel Channel" type="1" provider="T-Home" onid="100" tsid="2" namespace="0x0de80000" />
        <service id="0x04b2" sid="1202" name="TV2" type="1" provider="T-Home" onid="100" tsid="2" namespace="0x0de80000" />
        <service id="0x04bb" sid="1211" name="TV2 Comedy" type="1" provider="T-Home" onid="100" tsid="2" namespace="0x0de80000" />
        <service id="0x04bf" sid="1215" name="Viasat Explore" type="1" provider="T-Home" onid="100" tsid="2" namespace="0x0de80000" />
        <service id="0x04b3" sid="1203" name="VIASAT3" type="1" provider="T-Home" onid="100" tsid="2" namespace="0x0de80000" />
        <service id="0x04e3" sid="1251" name="MR1" type="2" provider="T-Home" onid="100" tsid="2" namespace="0x0de80000" radio="1" />
        <service id="0x04e4" sid="1252" name="MR2" type="2" provider="T-Home" onid="100" tsid="2" namespace="0x0de80000" radio="1" />
        <service id="0x04e5" sid="1253" name="MR3" type="2" provider="T-Home" onid="100" tsid="2" namespace="0x0de80000" radio="1" />
      </transponder>
    </satellite>
    <satellite key="0de80000:0003:0064" name="Sat-4W" namespace="0x0de80000" position="-4">
      <transponder key="0de80000:0003:0064" frequency="11222000" symbol_rate="30000000" polarization="H" fec="3" system="0" modulation="0">
        <service id="0x051e" sid="1310" name="ATV HD" type="1" provider="T-Home" onid="100" tsid="3" namespace="0x0de80000" />
        <service id="0x051b" sid="1307" name="AXN HD" type="1" provider="T-Home" onid="100" tsid="3" namespace="0x0de80000" />
        <service id="0x00d1" sid="209" name="Cinemax" type="1" provider="T-Home" onid="100" tsid="3" namespace="0x0de80000" />
        <service id="0x051a" sid="1306" name="Cinemax 2" type="1" provider="T-Home" onid="100" tsid="3" namespace="0x0de80000" />
        <service id="0x051c" sid="1308" name="Duna World HD" type="1" provider="T-Home" onid="100" tsid="3" namespace="0x0de80000" />
        <service id="0x020b" sid="523" name="Filmbox Family" type="1" provider="T-Home" onid="100" tsid="3" namespace="0x0de80000" />
        <service id="0x020a" sid="522" name="Filmbox Stars" type="1" provider="T-Home" onid="100" tsid="3" namespace="0x0de80000" />
        <service id="0x051f" sid="1311" name="HBO2" type="1" provider="T-Home" onid="100" tsid="3" namespace="0x0de80000" />
        <service id="0x00cb" sid="203" name="M1 HD" type="1" provider="T-Home" onid="100" tsid="3" namespace="0x0de80000" />
        <service id="0x00cc" sid="204" name="M2 HD" type="1" provider="T-Home" onid="100" tsid="3" namespace="0x0de80000" />
        <service id="0x00ce" sid="206" name="RTL Klub HD" type="1" provider="T-Home" onid="100" tsid="3" namespace="0x0de80000" />
        <service id="0x00cf" sid="207" name="Sport1 HD" type="1" provider="T-Home" onid="100" tsid="3" namespace="0x0de80000" />
        <service id="0x00cd" sid="205" name="STV2 HD" type="1" provider="T-Home" onid="100" tsid="3" namespace="0x0de80000" />
      </transponder>
    </satellite>
    <satellite key="0de80000:0004:0064" name="Sat-4W" namespace="0x0de80000" position="-4">
      <transponder key="0de80000:0004:0064" frequency="11258000" symbol_rate="30000000" polarization="H" fec="3" system="0" modulation="0">
        <service id="0x057f" sid="1407" name="Cool HD" type="1" provider="T-Home" onid="100" tsid="4" namespace="0x0de80000" />
        <service id="0x00f3" sid="243" name="Duna HD" type="1" provider="T-Home" onid="100" tsid="4" namespace="0x0de80000" />
        <service id="0x057c" sid="1404" name="Film+ HD" type="1" provider="T-Home" onid="100" tsid="4" namespace="0x0de80000" />
        <service id="0x057a" sid="1402" name="M4 Sport HD" type="1" provider="T-Home" onid="100" tsid="4" namespace="0x0de80000" />
        <service id="0x057b" sid="1403" name="M5 HD" type="1" provider="T-Home" onid="100" tsid="4" namespace="0x0de80000" />
        <service id="0x00f4" sid="244" name="RTL II HD" type="1" provider="T-Home" onid="100" tsid="4" namespace="0x0de80000" />
        <service id="0x057e" sid="1406" name="Spektrum HD" type="1" provider="T-Home" onid="100" tsid="4" namespace="0x0de80000" />
        <service id="0x057d" sid="1405" name="Sport2 HD" type="1" provider="T-Home" onid="100" tsid="4" namespace="0x0de80000" />
        <service id="0x00f5" sid="245" name="Spíler2 HD" type="1" provider="T-Home" onid="100" tsid="4" namespace="0x0de80000" />
        <service id="0x00f7" sid="247" name="TV2 HD" type="1" provider="T-Home" onid="100" tsid="4" namespace="0x0de80000" />
      </transponder>
    </satellite>
    <satellite key="0de80000:0005:0064" name="Sat-4W" namespace="0x0de80000" position="-4">
      <transponder key="0de80000:0005:0064" frequency="10806000" symbol_rate="30000000" polarization="V" fec="3" system="0" modulation="0">
        <service id="0x05ea" sid="1514" name="Animal Planet" type="1" provider="T-Home" onid="100" tsid="5" namespace="0x0de80000" />
        <service id="0x05e7" sid="1511" name="BBC Earth" type="1" provider="T-Home" onid="100" tsid="5" namespace="0x0de80000" />
        <service id="0x05f8" sid="1528" name="Cartoon Network" type="1" provider="T-Home" onid="100" tsid="5" namespace="0x0de80000" />
        <service id="0x05e8" sid="1512" name="d1 tv" type="1" provider="T-Home" onid="100" tsid="5" namespace="0x0de80000" />
        <service id="0x05df" sid="1503" name="Disney Channel" type="1" provider="T-Home" onid="100" tsid="5" namespace="0x0de80000" />
        <service id="0x05e5" sid="1509" name="Euronews" type="1" provider="T-Home" onid="100" tsid="5" namespace="0x0de80000" />
        <service id="0x05ed" sid="1517" name="FEM3" type="1" provider="T-Home" onid="100" tsid="5" namespace="0x0de80000" />
        <service id="0x05dd" sid="1501" name="Film Cafe" type="1" provider="T-Home" onid="100" tsid="5" namespace="0x0de80000" />
        <service id="0x05f4" sid="1524" name="FILM4" type="1" provider="T-Home" onid="100" tsid="5" namespace="0x0de80000" />
        <service id="0x05ee" sid="1518" name="ID Investigation" type="1" provider="T-Home" onid="100" tsid="5" namespace="0x0de80000" />
        <service id="0x05e6" sid="1510" name="M4 Sport" type="1" provider="T-Home" onid="100" tsid="5" namespace="0x0de80000" />
        <service id="0x05ec" sid="1516" name="M5" type="1" provider="T-Home" onid="100" tsid="5" namespace="0x0de80000" />
        <service id="0x05f2" sid="1522" name="MTV '00s" type="1" provider="T-Home" onid="100" tsid="5" namespace="0x0de80000" />
        <service id="0x05de" sid="1502" name="MTV HITS" type="1" provider="T-Home" onid="100" tsid="5" namespace="0x0de80000" />
        <service id="0x05eb" sid="1515" name="Nat Geo Channel" type="1" provider="T-Home" onid="100" tsid="5" namespace="0x0de80000" />
        <service id="0x05e0" sid="1504" name="Nat Geo HD" type="1" provider="T-Home" onid="100" tsid="5" namespace="0x0de80000" />
        <service id="0x05e1" sid="1505" name="Nat Geo Wild" type="1" provider="T-Home" onid="100" tsid="5" namespace="0x0de80000" />
        <service id="0x05f5" sid="1525" name="Paramount Network" type="1" provider="T-Home" onid="100" tsid="5" namespace="0x0de80000" />
        <service id="0x05e2" sid="1506" name="Pesti TV" type="1" provider="T-Home" onid="100" tsid="5" namespace="0x0de80000" />
        <service id="0x05f6" sid="1526" name="Sláger Tv" type="1" provider="T-Home" onid="100" tsid="5" namespace="0x0de80000" />
        <service id="0x05e3" sid="1507" name="Sport1" type="1" provider="T-Home" onid="100" tsid="5" namespace="0x0de80000" />
        <service id="0x05e4" sid="1508" name="Sport2" type="1" provider="T-Home" onid="100" tsid="5" namespace="0x0de80000" />
        <service id="0x05f3" sid="1523" name="Spíler2 TV" type="1" provider="T-Home" onid="100" tsid="5" namespace="0x0de80000" />
        <service id="0x05ef" sid="1519" name="VIASAT6" type="1" provider="T-Home" onid="100" tsid="5" namespace="0x0de80000" />
        <service id="0x05f1" sid="1521" name="Zenebutik" type="1" provider="T-Home" onid="100" tsid="5" namespace="0x0de80000" />
      </transponder>
    </satellite>
    <satellite key="0de80000:0006:0064" name="Sat-4W" namespace="0x0de80000" position="-4">
      <transponder key="0de80000:0006:0064" frequency="10842000" symbol_rate="30000000" polarization="V" fec="3" system="0" modulation="0">
        <service id="0x065b" sid="1627" name="AMC" type="1" provider="T-Home" onid="100" tsid="6" namespace="0x0de80000" />
        <service id="0x011a" sid="282" name="AXN" type="1" provider="T-Home" onid="100" tsid="6" namespace="0x0de80000" />
        <service id="0x011b" sid="283" name="Boomerang" type="1" provider="T-Home" onid="100" tsid="6" namespace="0x0de80000" />
        <service id="0x0124" sid="292" name="CNN International" type="1" provider="T-Home" onid="100" tsid="6" namespace="0x0de80000" />
        <service id="0x028c" sid="652" name="Comedy Central" type="1" provider="T-Home" onid="100" tsid="6" namespace="0x0de80000" />
        <service id="0x028a" sid="650" name="Da Vinci" type="1" provider="T-Home" onid="100" tsid="6" namespace="0x0de80000" />
        <service id="0x064b" sid="1611" name="EPIC Drama" type="1" provider="T-Home" onid="100" tsid="6" namespace="0x0de80000" />
        <service id="0x0123" sid="291" name="EPIC DRAMA HD" type="1" provider="T-Home" onid="100" tsid="6" namespace="0x0de80000" />
        <service id="0x028f" sid="655" name="Eurosport2" type="1" provider="T-Home" onid="100" tsid="6" namespace="0x0de80000" />
        <service id="0x0121" sid="289" name="Film Mánia" type="1" provider="T-Home" onid="100" tsid="6" namespace="0x0de80000" />
        <service id="0x0119" sid="281" name="HBO" type="1" provider="T-Home" onid="100" tsid="6" namespace="0x0de80000" />
        <service id="0x0120" sid="288" name="KIKA" type="1" provider="T-Home" onid="100" tsid="6" namespace="0x0de80000" />
        <service id="0x0122" sid="290" name="Minimax" type="1" provider="T-Home" onid="100" tsid="6" namespace="0x0de80000" />
        <service id="0x0125" sid="293" name="Nick JR" type="1" provider="T-Home" onid="100" tsid="6" namespace="0x0de80000" />
        <service id="0x011d" sid="285" name="Nicktoons" type="1" provider="T-Home" onid="100" tsid="6" namespace="0x0de80000" />
        <service id="0x064d" sid="1613" name="RTL" type="1" provider="T-Home" onid="100" tsid="6" namespace="0x0de80000" />
        <service id="0x028d" sid="653" name="RTR Planeta" type="1" provider="T-Home" onid="100" tsid="6" namespace="0x0de80000" />
        <service id="0x064c" sid="1612" name="SAT1" type="1" provider="T-Home" onid="100" tsid="6" namespace="0x0de80000" />
        <service id="0x028b" sid="651" name="Stringray Classica" type="1" provider="T-Home" onid="100" tsid="6" namespace="0x0de80000" />
        <service id="0x064e" sid="1614" name="TLC" type="1" provider="T-Home" onid="100" tsid="6" namespace="0x0de80000" />
        <service id="0x011f" sid="287" name="TV2 Kids" type="1" provider="T-Home" onid="100" tsid="6" namespace="0x0de80000" />
        <service id="0x011c" sid="284" name="TV2 Sef" type="1" provider="T-Home" onid="100" tsid="6" namespace="0x0de80000" />
        <service id="0x011e" sid="286" name="TV5 Monde" type="1" provider="T-Home" onid="100" tsid="6" namespace="0x0de80000" />
        <service id="0x028e" sid="654" name="TVE" type="1" provider="T-Home" onid="100" tsid="6" namespace="0x0de80000" />
        <service id="0x065a" sid="1626" name="Viasat Nature" type="1" provider="T-Home" onid="100" tsid="6" namespace="0x0de80000" />
        <service id="0x064a" sid="1610" name="VIVID" type="1" provider="T-Home" onid="100" tsid="6" namespace="0x0de80000" />
        <service id="0x064f" sid="1615" name="ZDF" type="1" provider="T-Home" onid="100" tsid="6" namespace="0x0de80000" />
      </transponder>
    </satellite>
    <satellite key="0de80000:0007:0064" name="Sat-4W" namespace="0x0de80000" position="-4">
      <transponder key="0de80000:0007:0064" frequency="11389000" symbol_rate="30000000" polarization="H" fec="3" system="0" modulation="0">
        <service id="0x06ad" sid="1709" name="AMC HD" type="1" provider="T-Home" onid="100" tsid="7" namespace="0x0de80000" />
        <service id="0x06a8" sid="1704" name="Animal Planet HD" type="1" provider="T-Home" onid="100" tsid="7" namespace="0x0de80000" />
        <service id="0x06aa" sid="1706" name="BBC Earth HD" type="1" provider="T-Home" onid="100" tsid="7" namespace="0x0de80000" />
        <service id="0x06a5" sid="1701" name="Discovery Channel HD" type="1" provider="T-Home" onid="100" tsid="7" namespace="0x0de80000" />
        <service id="0x06ae" sid="1710" name="Eurosport2 HD" type="1" provider="T-Home" onid="100" tsid="7" namespace="0x0de80000" />
        <service id="0x06a9" sid="1705" name="Filmbox Extra HD" type="1" provider="T-Home" onid="100" tsid="7" namespace="0x0de80000" />
        <service id="0x06a7" sid="1703" name="Heti Tv" type="1" provider="T-Home" onid="100" tsid="7" namespace="0x0de80000" />
        <service id="0x06ab" sid="1707" name="Nat Geo Wild HD" type="1" provider="T-Home" onid="100" tsid="7" namespace="0x0de80000" />
        <service id="0x06ac" sid="1708" name="Paramount Network HD" type="1" provider="T-Home" onid="100" tsid="7" namespace="0x0de80000" />
        <service id="0x06a6" sid="1702" name="Spíler1 HD" type="1" provider="T-Home" onid="100" tsid="7" namespace="0x0de80000" />
        <service id="0x06af" sid="1711" name="VIASAT3 HD" type="1" provider="T-Home" onid="100" tsid="7" namespace="0x0de80000" />
      </transponder>
    </satellite>
    <satellite key="0de80000:0008:0064" name="Sat-4W" namespace="0x0de80000" position="-4">
      <transponder key="0de80000:0008:0064" frequency="11425000" symbol_rate="30000000" polarization="H" fec="3" system="0" modulation="0">
        <service id="0x070a" sid="1802" name="Apostol TV" type="1" provider="T-Home" onid="100" tsid="8" namespace="0x0de80000" />
        <service id="0x070e" sid="1806" name="Bónusz" type="1" provider="T-Home" onid="100" tsid="8" namespace="0x0de80000" />
        <service id="0x071c" sid="1820" name="Comedy Central HD" type="1" provider="T-Home" onid="100" tsid="8" namespace="0x0de80000" />
        <service id="0x02cd" sid="717" name="English Club" type="1" provider="T-Home" onid="100" tsid="8" namespace="0x0de80000" />
        <service id="0x02c6" sid="710" name="Eurosport HD" type="1" provider="T-Home" onid="100" tsid="8" namespace="0x0de80000" />
        <service id="0x070d" sid="1805" name="EWTN" type="1" provider="T-Home" onid="100" tsid="8" namespace="0x0de80000" />
        <service id="0x02ce" sid="718" name="Filmbox" type="1" provider="T-Home" onid="100" tsid="8" namespace="0x0de80000" />
        <service id="0x070b" sid="1803" name="FIT HD" type="1" provider="T-Home" onid="100" tsid="8" namespace="0x0de80000" />
        <service id="0x070c" sid="1804" name="Hatoscsatorna" type="1" provider="T-Home" onid="100" tsid="8" namespace="0x0de80000" />
        <service id="0x070f" sid="1807" name="HBO HD" type="1" provider="T-Home" onid="100" tsid="8" namespace="0x0de80000" />
        <service id="0x02cc" sid="716" name="HBO3" type="1" provider="T-Home" onid="100" tsid="8" namespace="0x0de80000" />
        <service id="0x02c5" sid="709" name="HISTORY" type="1" provider="T-Home" onid="100" tsid="8" namespace="0x0de80000" />
        <service id="0x02c7" sid="711" name="HISTORY HD" type="1" provider="T-Home" onid="100" tsid="8" namespace="0x0de80000" />
        <service id="0x071a" sid="1818" name="Jocky TV" type="1" provider="T-Home" onid="100" tsid="8" namespace="0x0de80000" />
        <service id="0x071b" sid="1819" name="Moziverzum" type="1" provider="T-Home" onid="100" tsid="8" namespace="0x0de80000" />
        <service id="0x02ca" sid="714" name="MTV '90s" type="1" provider="T-Home" onid="100" tsid="8" namespace="0x0de80000" />
        <service id="0x02cb" sid="715" name="Sony Max" type="1" provider="T-Home" onid="100" tsid="8" namespace="0x0de80000" />
        <service id="0x02c9" sid="713" name="Sony Movie Channel" type="1" provider="T-Home" onid="100" tsid="8" namespace="0x0de80000" />
        <service id="0x02c4" sid="708" name="Teszt H" type="1" provider="T-Home" onid="100" tsid="8" namespace="0x0de80000" />
        <service id="0x02c8" sid="712" name="Travel HD" type="1" provider="T-Home" onid="100" tsid="8" namespace="0x0de80000" />
        <service id="0x02cf" sid="719" name="Viasat History" type="1" provider="T-Home" onid="100" tsid="8" namespace="0x0de80000" />
      </transponder>
    </satellite>
    <satellite key="0de80000:0065:0061" name="Sat-4W" namespace="0x0de80000" position="-4">
      <transponder key="0de80000:0065:0061" frequency="11175000" symbol_rate="30000000" polarization="H" fec="3" system="0" modulation="0">
        <service id="0x0006" sid="6" name="4 kanal Ukraine" type="1" provider="SLM" onid="97" tsid="101" namespace="0x0de80000" />
        <service id="0x0001" sid="1" name="Channel 5 SD" type="1" provider="SLM" onid="97" tsid="101" namespace="0x0de80000" />
        <service id="0x0009" sid="9" name="Eko TV" type="1" provider="SLM" onid="97" tsid="101" namespace="0x0de80000" />
        <service id="0x0005" sid="5" name="ICTV UA" type="1" provider="SLM" onid="97" tsid="101" namespace="0x0de80000" />
        <service id="0x0003" sid="3" name="MILADY TELEVISION" type="1" provider="SLM" onid="97" tsid="101" namespace="0x0de80000" />
        <service id="0x0002" sid="2" name="NASH" type="22" provider="SLM" onid="97" tsid="101" namespace="0x0de80000" />
        <service id="0x0008" sid="8" name="NEWS 24" type="1" provider="SLM" onid="97" tsid="101" namespace="0x0de80000" />
        <service id="0x000b" sid="11" name="Odesa Live" type="1" provider="SLM" onid="97" tsid="101" namespace="0x0de80000" />
        <service id="0x0004" sid="4" name="PROVENCE" type="1" provider="SLM" onid="97" tsid="101" namespace="0x0de80000" />
        <service id="0x000a" sid="10" name="PRYAMIY SD" type="1" provider="SLM" onid="97" tsid="101" namespace="0x0de80000" />
        <service id="0x000e" sid="14" name="UA KRYM" type="1" provider="SLM" onid="97" tsid="101" namespace="0x0de80000" />
        <service id="0x000d" sid="13" name="UA PERSHYI" type="1" provider="SLM" onid="97" tsid="101" namespace="0x0de80000" />
      </transponder>
    </satellite>
    <satellite key="0de80000:0066:0061" name="Sat-4W" namespace="0x0de80000" position="-4">
      <transponder key="0de80000:0066:0061" frequency="11140000" symbol_rate="30000000" polarization="H" fec="3" system="0" modulation="0">
        <service id="0x0004" sid="4" name="Blackseatv" type="1" provider="SLM" onid="97" tsid="102" namespace="0x0de80000" />
        <service id="0x0007" sid="7" name="GENUINETV" type="1" provider="SLM" onid="97" tsid="102" namespace="0x0de80000" />
        <service id="0x0002" sid="2" name="Pervy delovoy" type="1" provider="SLM" onid="97" tsid="102" namespace="0x0de80000" />
        <service id="0x0006" sid="6" name="PRYAMIY HD" type="1" provider="SLM" onid="97" tsid="102" namespace="0x0de80000" />
        <service id="0x0001" sid="1" name="TEST" type="1" provider="SLM" onid="97" tsid="102" namespace="0x0de80000" />
        <service id="0x000d" sid="13" name="TEST2" type="1" provider="SLM" onid="97" tsid="102" namespace="0x0de80000" />
        <service id="0x0009" sid="9" name="UA KULTURA" type="1" provider="SLM" onid="97" tsid="102" namespace="0x0de80000" />
        <service id="0x0003" sid="3" name="UA ZAKARPATTIA" type="1" provider="SLM" onid="97" tsid="102" namespace="0x0de80000" />
        <service id="0x000b" sid="11" name="Golos Donbasu" type="2" provider="SLM" onid="97" tsid="102" namespace="0x0de80000" radio="1" />
        <service id="0x000f" sid="15" name="Radio Promin" type="2" provider="SLM" onid="97" tsid="102" namespace="0x0de80000" radio="1" />
        <service id="0x000c" sid="12" name="Radio Ukraine international" type="2" provider="SLM" onid="97" tsid="102" namespace="0x0de80000" radio="1" />
        <service id="0x000e" sid="14" name="UR-1" type="2" provider="SLM" onid="97" tsid="102" namespace="0x0de80000" radio="1" />
        <service id="0x000a" sid="10" name="UR-3" type="2" provider="SLM" onid="97" tsid="102" namespace="0x0de80000" radio="1" />
      </transponder>
    </satellite>
    <satellite key="0de80000:0067:0061" name="Sat-4W" namespace="0x0de80000" position="-4">
      <transponder key="0de80000:0067:0061" frequency="12297000" symbol_rate="45000000" polarization="H" fec="2" system="0" modulation="0">
        <service id="0x0002" sid="2" name="ICTV HD" type="25" provider="SLM" onid="97" tsid="103" namespace="0x0de80000" />
        <service id="0x0004" sid="4" name="M1 HD" type="25" provider="SLM" onid="97" tsid="103" namespace="0x0de80000" />
        <service id="0x0005" sid="5" name="M2 HD" type="25" provider="SLM" onid="97" tsid="103" namespace="0x0de80000" />
        <service id="0x0003" sid="3" name="NOVY CHANNEL HD" type="25" provider="SLM" onid="97" tsid="103" namespace="0x0de80000" />
        <service id="0x0006" sid="6" name="OCE HD" type="25" provider="SLM" onid="97" tsid="103" namespace="0x0de80000" />
        <service id="0x0001" sid="1" name="STB HD" type="25" provider="SLM" onid="97" tsid="103" namespace="0x0de80000" />
      </transponder>
    </satellite>
    <satellite key="0de82c28:0001:0001" name="Sat-4W" namespace="0x0de82c28" position="-4">
      <transponder key="0de82c28:0001:0001" frequency="11304000" symbol_rate="8888000" polarization="H" fec="3" system="0" modulation="0">
        <service id="0x0009" sid="9" name="DaVinci" type="25" provider="Antenna Hungaria / Globecast" onid="1" tsid="1" namespace="0x0de82c28" />
        <service id="0x0002" sid="2" name="hirTV" type="1" provider="hirTV / AH / HDT" onid="1" tsid="1" namespace="0x0de82c28" />
        <service id="0x000a" sid="10" name="Karc FM" type="2" provider="Antenna Hungaria" onid="1" tsid="1" namespace="0x0de82c28" radio="1" />
      </transponder>
    </satellite>
    <satellite key="0de82c56:0066:ff22" name="Sat-4W" namespace="0x0de82c56" position="-4">
      <transponder key="0de82c56:0066:ff22" frequency="11350000" symbol_rate="17333000" polarization="H" fec="2" system="0" modulation="0">
        <service id="0x0001" sid="1" name="Tippmix élő 1" type="25" provider="HDT" onid="65314" tsid="102" namespace="0x0de82c56" />
        <service id="0x0002" sid="2" name="Tippmix élő 2" type="25" provider="HDT" onid="65314" tsid="102" namespace="0x0de82c56" />
        <service id="0x0003" sid="3" name="Tippmix élő 3" type="25" provider="HDT" onid="65314" tsid="102" namespace="0x0de82c56" />
        <service id="0x0004" sid="4" name="Tippmix élő 4" type="25" provider="HDT" onid="65314" tsid="102" namespace="0x0de82c56" />
        <service id="0x0005" sid="5" name="Tippmix élő 5" type="25" provider="HDT" onid="65314" tsid="102" namespace="0x0de82c56" />
        <service id="0x0006" sid="6" name="Tippmix élő 6" type="25" provider="HDT" onid="65314" tsid="102" namespace="0x0de82c56" />
        <service id="0x0007" sid="7" name="Tippmix élő 7" type="25" provider="HDT" onid="65314" tsid="102" namespace="0x0de82c56" />
      </transponder>
    </satellite>
    <satellite key="0de83042:0001:ffff" name="Sat-4W" namespace="0x0de83042" position="-4">
      <transponder key="0de83042:0001:ffff" frequency="12354000" symbol_rate="3333000" polarization="H" fec="3" system="0" modulation="0">
        <service id="0x0001" sid="1" name="Romania TV" type="1" provider="Romania TV" onid="65535" tsid="1" namespace="0x0de83042" />
      </transponder>
    </satellite>
    <satellite key="0de8306b:0001:ffff" name="Sat-4W" namespace="0x0de8306b" position="-4">
      <transponder key="0de8306b:0001:ffff" frequency="12395000" symbol_rate="3200000" polarization="H" fec="3" system="0" modulation="0">
        <service id="0x0001" sid="1" name="RTV-DSNG-2" type="1" provider="RTV DSNG" onid="65535" tsid="1" namespace="0x0de8306b" />
      </transponder>
    </satellite>
  </satellites>
</zapit>
