<?xml version='1.0' encoding='utf-8'?>
<zapit>
  <bouquet name="General" category="tv">
    <channel service_ref="1:0:22:1f41:0001:0010:00640000:0:0:0:" name="01 BBC One" service_name="01 BBC One" provider="BFBS" sid="8001" onid="16" tsid="1" />
    <channel service_ref="1:0:22:1f42:0001:0010:00640000:0:0:0:" name="02 BBC Two" service_name="02 BBC Two" provider="BFBS" sid="8002" onid="16" tsid="1" />
    <channel service_ref="1:0:22:1f43:0001:0010:00640000:0:0:0:" name="03 ITV" service_name="03 ITV" provider="BFBS" sid="8003" onid="16" tsid="1" />
    <channel service_ref="1:0:22:1f49:0001:0010:00640000:0:0:0:" name="04 Channel 4" service_name="04 Channel 4" provider="BFBS" sid="8009" onid="16" tsid="1" />
    <channel service_ref="1:0:22:1f4a:0001:0010:00640000:0:0:0:" name="05 Channel 5" service_name="05 Channel 5" provider="BFBS" sid="8010" onid="16" tsid="1" />
    <channel service_ref="1:0:22:1f44:0001:0010:00640000:0:0:0:" name="06 BFBS Extra" service_name="06 BFBS Extra" provider="BFBS" sid="8004" onid="16" tsid="1" />
    <channel service_ref="1:0:22:1f51:0001:0010:00640000:0:0:0:" name="07 BFBS Extra 2" service_name="07 BFBS Extra 2" provider="BFBS" sid="8017" onid="16" tsid="1" />
    <channel service_ref="1:0:22:1f4b:0001:0010:00640000:0:0:0:" name="08 BBC One Delay" service_name="08 BBC One Delay" provider="BFBS" sid="8011" onid="16" tsid="1" />
    <channel service_ref="1:0:22:1f4c:0001:0010:00640000:0:0:0:" name="09 BBC Two Delay" service_name="09 BBC Two Delay" provider="BFBS" sid="8012" onid="16" tsid="1" />
    <channel service_ref="1:0:12:0359:0001:0010:00640000:0:0:0:" name="1 Aldershot" service_name="1 Aldershot" provider="BFBS" sid="857" onid="16" tsid="1" />
    <channel service_ref="1:0:22:1f4d:0001:0010:00640000:0:0:0:" name="10 ITV Delay" service_name="10 ITV Delay" provider="BFBS" sid="8013" onid="16" tsid="1" />
    <channel service_ref="1:0:22:1f4f:0001:0010:00640000:0:0:0:" name="11" service_name="11" provider="BFBS" sid="8015" onid="16" tsid="1" />
    <channel service_ref="1:0:100:4f49:0441:0000:0064abf2:0:0:0:" name="11250V SID 0x4f49" service_name="11250V SID 0x4f49" provider="DVB-S2 QPSK 11250V 10.0Â°E" sid="20297" onid="0" tsid="1089" />
    <channel service_ref="1:0:100:4f4a:0441:0000:0064abf2:0:0:0:" name="11250V SID 0x4f4a" service_name="11250V SID 0x4f4a" provider="DVB-S2 QPSK 11250V 10.0Â°E" sid="20298" onid="0" tsid="1089" />
    <channel service_ref="1:0:100:0574:0441:0000:0064abf2:0:0:0:" name="11250V SID 0x5014" service_name="11250V SID 0x5014" provider="DVB-S2 QPSK 11250V 10.0Â°E" sid="1396" onid="0" tsid="1089" />
    <channel service_ref="1:0:100:76bd:0441:0000:0064abf2:0:0:0:" name="11250V SID 0x76bd" service_name="11250V SID 0x76bd" provider="DVB-S2 QPSK 11250V 10.0Â°E" sid="30397" onid="0" tsid="1089" />
    <channel service_ref="1:0:100:76be:0441:0000:0064abf2:0:0:0:" name="11250V SID 0x76be" service_name="11250V SID 0x76be" provider="DVB-S2 QPSK 11250V 10.0Â°E" sid="30398" onid="0" tsid="1089" />
    <channel service_ref="1:0:100:1e2c:0441:0000:0064abf2:0:0:0:" name="11250V SID 0x7724" service_name="11250V SID 0x7724" provider="DVB-S2 QPSK 11250V 10.0Â°E" sid="7724" onid="0" tsid="1089" />
    <channel service_ref="1:0:100:1e2d:0441:0000:0064abf2:0:0:0:" name="11250V SID 0x7725" service_name="11250V SID 0x7725" provider="DVB-S2 QPSK 11250V 10.0Â°E" sid="7725" onid="0" tsid="1089" />
    <channel service_ref="1:0:100:9c40:0441:0000:0064abf2:0:0:0:" name="11250V SID 0x9c40" service_name="11250V SID 0x9c40" provider="DVB-S2 QPSK 11250V 10.0Â°E" sid="40000" onid="0" tsid="1089" />
    <channel service_ref="1:0:22:1f50:0001:0010:00640000:0:0:0:" name="12" service_name="12" provider="BFBS" sid="8016" onid="16" tsid="1" />
    <channel service_ref="1:0:22:1f4e:0001:0010:00640000:0:0:0:" name="13 BFBS Extra Delay" service_name="13 BFBS Extra Delay" provider="BFBS" sid="8014" onid="16" tsid="1" />
    <channel service_ref="1:0:22:1f54:0001:0010:00640000:0:0:0:" name="14" service_name="14" provider="BFBS" sid="8020" onid="16" tsid="1" />
    <channel service_ref="1:0:22:1f52:0001:0010:00640000:0:0:0:" name="15 Kantipur TV" service_name="15 Kantipur TV" provider="BFBS" sid="8018" onid="16" tsid="1" />
    <channel service_ref="1:0:22:1f53:0001:0010:00640000:0:0:0:" name="16" service_name="16" provider="BFBS" sid="8019" onid="16" tsid="1" />
    <channel service_ref="1:0:22:1f48:0001:0010:00640000:0:0:0:" name="17 Sky News" service_name="17 Sky News" provider="BFBS" sid="8008" onid="16" tsid="1" />
    <channel service_ref="1:0:22:1f45:0001:0010:00640000:0:0:0:" name="18 Sky Sports" service_name="18 Sky Sports" provider="BFBS" sid="8005" onid="16" tsid="1" />
    <channel service_ref="1:0:22:1f46:0001:0010:00640000:0:0:0:" name="19 TNT Sports" service_name="19 TNT Sports" provider="BFBS" sid="8006" onid="16" tsid="1" />
    <channel service_ref="1:0:12:035a:0001:0010:00640000:0:0:0:" name="2 Brize Norton" service_name="2 Brize Norton" provider="BFBS" sid="858" onid="16" tsid="1" />
    <channel service_ref="1:0:22:1f47:0001:0010:00640000:0:0:0:" name="20 BFBS Sport" service_name="20 BFBS Sport" provider="BFBS" sid="8007" onid="16" tsid="1" />
    <channel service_ref="1:0:12:035b:0001:0010:00640000:0:0:0:" name="3 Bulford" service_name="3 Bulford" provider="BFBS" sid="859" onid="16" tsid="1" />
    <channel service_ref="1:0:12:085a:0001:0010:00640000:0:0:0:" name="4 Catterick" service_name="4 Catterick" provider="BFBS" sid="2138" onid="16" tsid="1" />
    <channel service_ref="1:0:12:085b:0001:0010:00640000:0:0:0:" name="5 Colchester" service_name="5 Colchester" provider="BFBS" sid="2139" onid="16" tsid="1" />
    <channel service_ref="1:0:12:213a:0001:0010:00640000:0:0:0:" name="6 Blandford" service_name="6 Blandford" provider="BFBS" sid="8506" onid="16" tsid="1" />
    <channel service_ref="1:0:12:213b:0001:0010:00640000:0:0:0:" name="7 Holywood" service_name="7 Holywood" provider="BFBS" sid="8507" onid="16" tsid="1" />
    <channel service_ref="1:0:22:08aa:0001:0010:00640000:0:0:0:" name="8728 Quadrille Data" service_name="8728 Quadrille Data" provider="BFBS" sid="2218" onid="16" tsid="1" />
    <channel service_ref="1:0:12:03e8:0001:0010:00640000:0:0:0:" name="99(DATA)" service_name="99(DATA)" provider="BFBS" sid="1000" onid="16" tsid="1" />
    <channel service_ref="1:0:25:9c44:7850:010e:00640000:0:0:0:" name="AFP2 EU" service_name="AFP2 EU" provider="EBU" sid="40004" onid="270" tsid="30800" />
    <channel service_ref="1:0:1:9c41:7850:010e:00640000:0:0:0:" name="IPE" service_name="IPE" provider="MAINDATA" sid="40001" onid="270" tsid="30800" />
    <channel service_ref="1:0:1:0001:1000:2000:00640000:0:0:0:" name="ortc" service_name="ortc" provider="Harmonic" sid="1" onid="8192" tsid="4096" />
    <channel service_ref="1:0:12:213c:0001:0010:00640000:0:0:0:" name="Program 8" service_name="Program 8" provider="BFBS" sid="8508" onid="16" tsid="1" />
    <channel service_ref="1:0:12:21fd:0001:0010:00640000:0:0:0:" name="Salisbury EDI B" service_name="Salisbury EDI B" provider="BFBS" sid="8701" onid="16" tsid="1" />
    <channel service_ref="1:0:1:045f:0001:0001:0064b1c0:0:0:0:" name="ZAP VIVA INTERNACIONAL" service_name="ZAP VIVA INTERNACIONAL" provider="ZAP VIVA - PROD" sid="1119" onid="1" tsid="1" />
  </bouquet>
  <bouquet name="News" category="tv">
    <channel service_ref="1:0:22:1f48:0001:0010:00640000:0:0:0:" name="17 Sky News" service_name="17 Sky News" provider="BFBS" sid="8008" onid="16" tsid="1" />
  </bouquet>
  <bouquet name="Sports" category="tv">
    <channel service_ref="1:0:22:1f45:0001:0010:00640000:0:0:0:" name="18 Sky Sports" service_name="18 Sky Sports" provider="BFBS" sid="8005" onid="16" tsid="1" />
    <channel service_ref="1:0:22:1f46:0001:0010:00640000:0:0:0:" name="19 TNT Sports" service_name="19 TNT Sports" provider="BFBS" sid="8006" onid="16" tsid="1" />
    <channel service_ref="1:0:22:1f47:0001:0010:00640000:0:0:0:" name="20 BFBS Sport" service_name="20 BFBS Sport" provider="BFBS" sid="8007" onid="16" tsid="1" />
  </bouquet>
  <bouquet name="Music" category="tv">
    <channel service_ref="1:0:1:045f:0001:0001:0064b1c0:0:0:0:" name="ZAP VIVA INTERNACIONAL" service_name="ZAP VIVA INTERNACIONAL" provider="ZAP VIVA - PROD" sid="1119" onid="1" tsid="1" />
  </bouquet>
  <bouquet name="ARD/ZDF" category="tv">
    <channel service_ref="1:0:12:035a:0001:0010:00640000:0:0:0:" name="2 Brize Norton" service_name="2 Brize Norton" provider="BFBS" sid="858" onid="16" tsid="1" />
  </bouquet>
  <bouquet name="BBC" category="tv">
    <channel service_ref="1:0:22:1f41:0001:0010:00640000:0:0:0:" name="01 BBC One" service_name="01 BBC One" provider="BFBS" sid="8001" onid="16" tsid="1" />
    <channel service_ref="1:0:22:1f42:0001:0010:00640000:0:0:0:" name="02 BBC Two" service_name="02 BBC Two" provider="BFBS" sid="8002" onid="16" tsid="1" />
    <channel service_ref="1:0:22:1f4b:0001:0010:00640000:0:0:0:" name="08 BBC One Delay" service_name="08 BBC One Delay" provider="BFBS" sid="8011" onid="16" tsid="1" />
    <channel service_ref="1:0:22:1f4c:0001:0010:00640000:0:0:0:" name="09 BBC Two Delay" service_name="09 BBC Two Delay" provider="BFBS" sid="8012" onid="16" tsid="1" />
  </bouquet>
  <bouquet name="Switzerland" category="tv">
    <channel service_ref="1:0:22:1f43:0001:0010:00640000:0:0:0:" name="03 ITV" service_name="03 ITV" provider="BFBS" sid="8003" onid="16" tsid="1" />
    <channel service_ref="1:0:22:1f4a:0001:0010:00640000:0:0:0:" name="05 Channel 5" service_name="05 Channel 5" provider="BFBS" sid="8010" onid="16" tsid="1" />
    <channel service_ref="1:0:100:4f49:0441:0000:0064abf2:0:0:0:" name="11250V SID 0x4f49" service_name="11250V SID 0x4f49" provider="DVB-S2 QPSK 11250V 10.0Â°E" sid="20297" onid="0" tsid="1089" />
    <channel service_ref="1:0:100:4f4a:0441:0000:0064abf2:0:0:0:" name="11250V SID 0x4f4a" service_name="11250V SID 0x4f4a" provider="DVB-S2 QPSK 11250V 10.0Â°E" sid="20298" onid="0" tsid="1089" />
    <channel service_ref="1:0:100:0574:0441:0000:0064abf2:0:0:0:" name="11250V SID 0x5014" service_name="11250V SID 0x5014" provider="DVB-S2 QPSK 11250V 10.0Â°E" sid="1396" onid="0" tsid="1089" />
    <channel service_ref="1:0:100:76bd:0441:0000:0064abf2:0:0:0:" name="11250V SID 0x76bd" service_name="11250V SID 0x76bd" provider="DVB-S2 QPSK 11250V 10.0Â°E" sid="30397" onid="0" tsid="1089" />
    <channel service_ref="1:0:100:76be:0441:0000:0064abf2:0:0:0:" name="11250V SID 0x76be" service_name="11250V SID 0x76be" provider="DVB-S2 QPSK 11250V 10.0Â°E" sid="30398" onid="0" tsid="1089" />
    <channel service_ref="1:0:100:1e2c:0441:0000:0064abf2:0:0:0:" name="11250V SID 0x7724" service_name="11250V SID 0x7724" provider="DVB-S2 QPSK 11250V 10.0Â°E" sid="7724" onid="0" tsid="1089" />
    <channel service_ref="1:0:100:1e2d:0441:0000:0064abf2:0:0:0:" name="11250V SID 0x7725" service_name="11250V SID 0x7725" provider="DVB-S2 QPSK 11250V 10.0Â°E" sid="7725" onid="0" tsid="1089" />
    <channel service_ref="1:0:100:9c40:0441:0000:0064abf2:0:0:0:" name="11250V SID 0x9c40" service_name="11250V SID 0x9c40" provider="DVB-S2 QPSK 11250V 10.0Â°E" sid="40000" onid="0" tsid="1089" />
    <channel service_ref="1:0:22:1f4e:0001:0010:00640000:0:0:0:" name="13 BFBS Extra Delay" service_name="13 BFBS Extra Delay" provider="BFBS" sid="8014" onid="16" tsid="1" />
    <channel service_ref="1:0:22:1f52:0001:0010:00640000:0:0:0:" name="15 Kantipur TV" service_name="15 Kantipur TV" provider="BFBS" sid="8018" onid="16" tsid="1" />
    <channel service_ref="1:0:12:035b:0001:0010:00640000:0:0:0:" name="3 Bulford" service_name="3 Bulford" provider="BFBS" sid="859" onid="16" tsid="1" />
    <channel service_ref="1:0:12:085b:0001:0010:00640000:0:0:0:" name="5 Colchester" service_name="5 Colchester" provider="BFBS" sid="2139" onid="16" tsid="1" />
  </bouquet>
  <bouquet name="Others" category="tv">
    <channel service_ref="1:0:22:1f49:0001:0010:00640000:0:0:0:" name="04 Channel 4" service_name="04 Channel 4" provider="BFBS" sid="8009" onid="16" tsid="1" />
    <channel service_ref="1:0:22:1f44:0001:0010:00640000:0:0:0:" name="06 BFBS Extra" service_name="06 BFBS Extra" provider="BFBS" sid="8004" onid="16" tsid="1" />
    <channel service_ref="1:0:22:1f51:0001:0010:00640000:0:0:0:" name="07 BFBS Extra 2" service_name="07 BFBS Extra 2" provider="BFBS" sid="8017" onid="16" tsid="1" />
    <channel service_ref="1:0:12:0359:0001:0010:00640000:0:0:0:" name="1 Aldershot" service_name="1 Aldershot" provider="BFBS" sid="857" onid="16" tsid="1" />
    <channel service_ref="1:0:22:1f4d:0001:0010:00640000:0:0:0:" name="10 ITV Delay" service_name="10 ITV Delay" provider="BFBS" sid="8013" onid="16" tsid="1" />
    <channel service_ref="1:0:22:1f4f:0001:0010:00640000:0:0:0:" name="11" service_name="11" provider="BFBS" sid="8015" onid="16" tsid="1" />
    <channel service_ref="1:0:22:1f50:0001:0010:00640000:0:0:0:" name="12" service_name="12" provider="BFBS" sid="8016" onid="16" tsid="1" />
    <channel service_ref="1:0:22:1f54:0001:0010:00640000:0:0:0:" name="14" service_name="14" provider="BFBS" sid="8020" onid="16" tsid="1" />
    <channel service_ref="1:0:22:1f53:0001:0010:00640000:0:0:0:" name="16" service_name="16" provider="BFBS" sid="8019" onid="16" tsid="1" />
    <channel service_ref="1:0:12:085a:0001:0010:00640000:0:0:0:" name="4 Catterick" service_name="4 Catterick" provider="BFBS" sid="2138" onid="16" tsid="1" />
    <channel service_ref="1:0:12:213a:0001:0010:00640000:0:0:0:" name="6 Blandford" service_name="6 Blandford" provider="BFBS" sid="8506" onid="16" tsid="1" />
    <channel service_ref="1:0:12:213b:0001:0010:00640000:0:0:0:" name="7 Holywood" service_name="7 Holywood" provider="BFBS" sid="8507" onid="16" tsid="1" />
    <channel service_ref="1:0:22:08aa:0001:0010:00640000:0:0:0:" name="8728 Quadrille Data" service_name="8728 Quadrille Data" provider="BFBS" sid="2218" onid="16" tsid="1" />
    <channel service_ref="1:0:12:03e8:0001:0010:00640000:0:0:0:" name="99(DATA)" service_name="99(DATA)" provider="BFBS" sid="1000" onid="16" tsid="1" />
    <channel service_ref="1:0:25:9c44:7850:010e:00640000:0:0:0:" name="AFP2 EU" service_name="AFP2 EU" provider="EBU" sid="40004" onid="270" tsid="30800" />
    <channel service_ref="1:0:1:9c41:7850:010e:00640000:0:0:0:" name="IPE" service_name="IPE" provider="MAINDATA" sid="40001" onid="270" tsid="30800" />
    <channel service_ref="1:0:1:0001:1000:2000:00640000:0:0:0:" name="ortc" service_name="ortc" provider="Harmonic" sid="1" onid="8192" tsid="4096" />
    <channel service_ref="1:0:12:213c:0001:0010:00640000:0:0:0:" name="Program 8" service_name="Program 8" provider="BFBS" sid="8508" onid="16" tsid="1" />
    <channel service_ref="1:0:12:21fd:0001:0010:00640000:0:0:0:" name="Salisbury EDI B" service_name="Salisbury EDI B" provider="BFBS" sid="8701" onid="16" tsid="1" />
  </bouquet>
  <bouquet name="PayTV - Sky - DE - HD" category="tv">
    <channel service_ref="1:0:22:1f45:0001:0010:00640000:0:0:0:" name="18 Sky Sports" service_name="18 Sky Sports" provider="BFBS" sid="8005" onid="16" tsid="1" />
  </bouquet>
  <bouquet name="PayTV - Sky - UK - HD" category="tv">
    <channel service_ref="1:0:22:1f45:0001:0010:00640000:0:0:0:" name="18 Sky Sports" service_name="18 Sky Sports" provider="BFBS" sid="8005" onid="16" tsid="1" />
  </bouquet>
  <bouquet name="Radio" category="radio">
    <channel service_ref="1:0:2:1f5f:0001:0010:00640000:0:0:0:" name="51 BFBS Radio" service_name="51 BFBS Radio" provider="BFBS" sid="8031" onid="16" tsid="1" />
    <channel service_ref="1:0:2:1f58:0001:0010:00640000:0:0:0:" name="52 BFBS Radio 2" service_name="52 BFBS Radio 2" provider="BFBS" sid="8024" onid="16" tsid="1" />
    <channel service_ref="1:0:2:1f5b:0001:0010:00640000:0:0:0:" name="53 BFBS UK National" service_name="53 BFBS UK National" provider="BFBS" sid="8027" onid="16" tsid="1" />
    <channel service_ref="1:0:2:1f55:0001:0010:00640000:0:0:0:" name="61 BFBS Ops" service_name="61 BFBS Ops" provider="BFBS" sid="8021" onid="16" tsid="1" />
    <channel service_ref="1:0:2:1f56:0001:0010:00640000:0:0:0:" name="62 BFBS Cyprus" service_name="62 BFBS Cyprus" provider="BFBS" sid="8022" onid="16" tsid="1" />
    <channel service_ref="1:0:2:1f5d:0001:0010:00640000:0:0:0:" name="63 BFBS East" service_name="63 BFBS East" provider="BFBS" sid="8029" onid="16" tsid="1" />
    <channel service_ref="1:0:2:1f66:0001:0010:00640000:0:0:0:" name="64" service_name="64" provider="BFBS" sid="8038" onid="16" tsid="1" />
    <channel service_ref="1:0:2:1f59:0001:0010:00640000:0:0:0:" name="65 BFBS Germany" service_name="65 BFBS Germany" provider="BFBS" sid="8025" onid="16" tsid="1" />
    <channel service_ref="1:0:2:1f5e:0001:0010:00640000:0:0:0:" name="66 BFBS N.Ireland" service_name="66 BFBS N.Ireland" provider="BFBS" sid="8030" onid="16" tsid="1" />
    <channel service_ref="1:0:2:1f57:0001:0010:00640000:0:0:0:" name="67 BFBS UK Bases" service_name="67 BFBS UK Bases" provider="BFBS" sid="8023" onid="16" tsid="1" />
    <channel service_ref="1:0:2:1f70:0001:0010:00640000:0:0:0:" name="68 BFBS Gurkha East" service_name="68 BFBS Gurkha East" provider="BFBS" sid="8048" onid="16" tsid="1" />
    <channel service_ref="1:0:2:1f61:0001:0010:00640000:0:0:0:" name="69 BFBS Gurkha Radio" service_name="69 BFBS Gurkha Radio" provider="BFBS" sid="8033" onid="16" tsid="1" />
    <channel service_ref="1:0:2:1f60:0001:0010:00640000:0:0:0:" name="71 BFBS Beats" service_name="71 BFBS Beats" provider="BFBS" sid="8032" onid="16" tsid="1" />
    <channel service_ref="1:0:2:1f62:0001:0010:00640000:0:0:0:" name="72 BFBS Edge" service_name="72 BFBS Edge" provider="BFBS" sid="8034" onid="16" tsid="1" />
    <channel service_ref="1:0:2:1f63:0001:0010:00640000:0:0:0:" name="73 BFBS Rewind" service_name="73 BFBS Rewind" provider="BFBS" sid="8035" onid="16" tsid="1" />
    <channel service_ref="1:0:2:1f65:0001:0010:00640000:0:0:0:" name="74 BFBS Samishran" service_name="74 BFBS Samishran" provider="BFBS" sid="8037" onid="16" tsid="1" />
    <channel service_ref="1:0:2:1f5a:0001:0010:00640000:0:0:0:" name="75 BFBS Best of British" service_name="75 BFBS Best of British" provider="BFBS" sid="8026" onid="16" tsid="1" />
    <channel service_ref="1:0:2:1f67:0001:0010:00640000:0:0:0:" name="81" service_name="81" provider="BFBS" sid="8039" onid="16" tsid="1" />
    <channel service_ref="1:0:2:1f68:0001:0010:00640000:0:0:0:" name="82 World Service" service_name="82 World Service" provider="BFBS" sid="8040" onid="16" tsid="1" />
    <channel service_ref="1:0:2:1f69:0001:0010:00640000:0:0:0:" name="83 Fun Kids" service_name="83 Fun Kids" provider="BFBS" sid="8041" onid="16" tsid="1" />
    <channel service_ref="1:0:2:1f6a:0001:0010:00640000:0:0:0:" name="84 Talk Sport" service_name="84 Talk Sport" provider="BFBS" sid="8042" onid="16" tsid="1" />
    <channel service_ref="1:0:2:1f6b:0001:0010:00640000:0:0:0:" name="85 BFBS Blandford" service_name="85 BFBS Blandford" provider="BFBS" sid="8043" onid="16" tsid="1" />
    <channel service_ref="1:0:2:1f6c:0001:0010:00640000:0:0:0:" name="86 BFBS Scotland" service_name="86 BFBS Scotland" provider="BFBS" sid="8044" onid="16" tsid="1" />
    <channel service_ref="1:0:2:1f6d:0001:0010:00640000:0:0:0:" name="87 BFBS BZN" service_name="87 BFBS BZN" provider="BFBS" sid="8045" onid="16" tsid="1" />
    <channel service_ref="1:0:2:1f6e:0001:0010:00640000:0:0:0:" name="88" service_name="88" provider="BFBS" sid="8046" onid="16" tsid="1" />
    <channel service_ref="1:0:2:1f6f:0001:0010:00640000:0:0:0:" name="91 Gibraltar" service_name="91 Gibraltar" provider="BFBS" sid="8047" onid="16" tsid="1" />
    <channel service_ref="1:0:2:1f5c:0001:0010:00640000:0:0:0:" name="92 (Contribution)" service_name="92 (Contribution)" provider="BFBS" sid="8028" onid="16" tsid="1" />
    <channel service_ref="1:0:2:1f64:0001:0010:00640000:0:0:0:" name="93" service_name="93" provider="BFBS" sid="8036" onid="16" tsid="1" />
    <channel service_ref="1:0:2:1f71:0001:0010:00640000:0:0:0:" name="94" service_name="94" provider="BFBS" sid="8049" onid="16" tsid="1" />
    <channel service_ref="1:0:2:1f72:0001:0010:00640000:0:0:0:" name="95" service_name="95" provider="BFBS" sid="8050" onid="16" tsid="1" />
  </bouquet>
  <bouquet name="Radio - Regional" category="radio">
    <channel service_ref="1:0:2:1f65:0001:0010:00640000:0:0:0:" name="74 BFBS Samishran" service_name="74 BFBS Samishran" provider="BFBS" sid="8037" onid="16" tsid="1" />
    <channel service_ref="1:0:2:1f5a:0001:0010:00640000:0:0:0:" name="75 BFBS Best of British" service_name="75 BFBS Best of British" provider="BFBS" sid="8026" onid="16" tsid="1" />
    <channel service_ref="1:0:2:1f6f:0001:0010:00640000:0:0:0:" name="91 Gibraltar" service_name="91 Gibraltar" provider="BFBS" sid="8047" onid="16" tsid="1" />
  </bouquet>
</zapit>
