<?xml version='1.0' encoding='utf-8'?>
<zapit>
  <bouquet name="General" category="tv">
    <channel service_ref="1:0:1:0004:4a1e:217c:eeee0000:0:0:0:" name="SAN MARINO RTV" service_name="SAN MARINO RTV" provider="RAI - RTV" sid="4" onid="8572" tsid="18974" />
    <channel service_ref="1:0:1:0002:4a1e:217c:eeee0000:0:0:0:" name="SAN MARINO RTV 2" service_name="SAN MARINO RTV 2" provider="San Marino RTV" sid="2" onid="8572" tsid="18974" />
    <channel service_ref="1:0:1:026b:4a1e:217c:eeee0000:0:0:0:" name="SAN MARINO RTV 3" service_name="SAN MARINO RTV 3" provider="SAN MARINO RTV" sid="619" onid="8572" tsid="18974" />
    <channel service_ref="1:0:1:02b7:4a1e:217c:eeee0000:0:0:0:" name="SAN MARINO RTV 4" service_name="SAN MARINO RTV 4" provider="SAN MARINO RTV" sid="695" onid="8572" tsid="18974" />
    <channel service_ref="1:0:1:003a:4a1e:217c:eeee0000:0:0:0:" name="SAN MARINO RTV HD" service_name="SAN MARINO RTV HD" provider="San Marino RTV" sid="58" onid="8572" tsid="18974" />
    <channel service_ref="1:0:1:005d:4a1e:217c:eeee0000:0:0:0:" name="SAN MARINO RTV SPORT" service_name="SAN MARINO RTV SPORT" provider="San Marino RTV" sid="93" onid="8572" tsid="18974" />
  </bouquet>
  <bouquet name="Sports" category="tv">
    <channel service_ref="1:0:1:005d:4a1e:217c:eeee0000:0:0:0:" name="SAN MARINO RTV SPORT" service_name="SAN MARINO RTV SPORT" provider="San Marino RTV" sid="93" onid="8572" tsid="18974" />
  </bouquet>
  <bouquet name="RAI" category="tv">
    <channel service_ref="1:0:1:0004:4a1e:217c:eeee0000:0:0:0:" name="SAN MARINO RTV" service_name="SAN MARINO RTV" provider="RAI - RTV" sid="4" onid="8572" tsid="18974" />
    <channel service_ref="1:0:1:0004:4a1e:217c:eeee0000:0:0:0:" name="SAN MARINO RTV" service_name="SAN MARINO RTV" provider="RAI - RTV" sid="4" onid="8572" tsid="18974" />
  </bouquet>
  <bouquet name="Switzerland" category="tv">
    <channel service_ref="1:0:1:026b:4a1e:217c:eeee0000:0:0:0:" name="SAN MARINO RTV 3" service_name="SAN MARINO RTV 3" provider="SAN MARINO RTV" sid="619" onid="8572" tsid="18974" />
  </bouquet>
  <bouquet name="Resolution - HD" category="tv">
    <channel service_ref="1:0:1:003a:4a1e:217c:eeee0000:0:0:0:" name="SAN MARINO RTV HD" service_name="SAN MARINO RTV HD" provider="San Marino RTV" sid="58" onid="8572" tsid="18974" />
  </bouquet>
  <bouquet name="Others" category="tv">
    <channel service_ref="1:0:1:0002:4a1e:217c:eeee0000:0:0:0:" name="SAN MARINO RTV 2" service_name="SAN MARINO RTV 2" provider="San Marino RTV" sid="2" onid="8572" tsid="18974" />
    <channel service_ref="1:0:1:02b7:4a1e:217c:eeee0000:0:0:0:" name="SAN MARINO RTV 4" service_name="SAN MARINO RTV 4" provider="SAN MARINO RTV" sid="695" onid="8572" tsid="18974" />
    <channel service_ref="1:0:1:003a:4a1e:217c:eeee0000:0:0:0:" name="SAN MARINO RTV HD" service_name="SAN MARINO RTV HD" provider="San Marino RTV" sid="58" onid="8572" tsid="18974" />
  </bouquet>
  <bouquet name="Radio" category="radio">
    <channel service_ref="1:0:2:0014:4a1e:217c:eeee0000:0:0:0:" name="RADIO San Marino Classic" service_name="RADIO San Marino Classic" provider="RAI - RTV" sid="20" onid="8572" tsid="18974" />
  </bouquet>
  <bouquet name="Radio - International" category="radio">
    <channel service_ref="1:0:2:0014:4a1e:217c:eeee0000:0:0:0:" name="RADIO San Marino Classic" service_name="RADIO San Marino Classic" provider="RAI - RTV" sid="20" onid="8572" tsid="18974" />
  </bouquet>
  <bouquet name="Digitale Terrestre" category="tv">
    <channel service_ref="1:0:1:4:4a1e:217c:eeee0000:0:0:0:" name="SAN MARINO RTV" service_name="SAN MARINO RTV" provider="RAI - RTV" sid="4" onid="8572" tsid="18974" />
    <channel service_ref="1:0:1:2:4a1e:217c:eeee0000:0:0:0:" name="SAN MARINO RTV 2" service_name="SAN MARINO RTV 2" provider="San Marino RTV" sid="2" onid="8572" tsid="18974" />
    <channel service_ref="1:0:1:26b:4a1e:217c:eeee0000:0:0:0:" name="SAN MARINO RTV 3" service_name="SAN MARINO RTV 3" provider="SAN MARINO RTV" sid="619" onid="8572" tsid="18974" />
    <channel service_ref="1:0:1:2b7:4a1e:217c:eeee0000:0:0:0:" name="SAN MARINO RTV 4" service_name="SAN MARINO RTV 4" provider="SAN MARINO RTV" sid="695" onid="8572" tsid="18974" />
    <channel service_ref="1:0:1:5d:4a1e:217c:eeee0000:0:0:0:" name="SAN MARINO RTV SPORT" service_name="SAN MARINO RTV SPORT" provider="San Marino RTV" sid="93" onid="8572" tsid="18974" />
  </bouquet>
  <bouquet name="Digitale Terrestre" category="tv">
    <channel service_ref="1:0:1:4:4a1e:217c:eeee0000:0:0:0:" name="SAN MARINO RTV" service_name="SAN MARINO RTV" provider="RAI - RTV" sid="4" onid="8572" tsid="18974" />
    <channel service_ref="1:0:1:2:4a1e:217c:eeee0000:0:0:0:" name="SAN MARINO RTV 2" service_name="SAN MARINO RTV 2" provider="San Marino RTV" sid="2" onid="8572" tsid="18974" />
    <channel service_ref="1:0:1:26b:4a1e:217c:eeee0000:0:0:0:" name="SAN MARINO RTV 3" service_name="SAN MARINO RTV 3" provider="SAN MARINO RTV" sid="619" onid="8572" tsid="18974" />
    <channel service_ref="1:0:1:2b7:4a1e:217c:eeee0000:0:0:0:" name="SAN MARINO RTV 4" service_name="SAN MARINO RTV 4" provider="SAN MARINO RTV" sid="695" onid="8572" tsid="18974" />
    <channel service_ref="1:0:1:5d:4a1e:217c:eeee0000:0:0:0:" name="SAN MARINO RTV SPORT" service_name="SAN MARINO RTV SPORT" provider="San Marino RTV" sid="93" onid="8572" tsid="18974" />
  </bouquet>
</zapit>
