<?xml version='1.0' encoding='utf-8'?>
<zapit api="4">
  <satellites>
    <satellite key="00ff0000:0016:006e" name="Sat-25.5E" namespace="0x00ff0000" position="25.5">
      <transponder key="00ff0000:0016:006e" frequency="11678000" symbol_rate="27500000" polarization="H" fec="4" system="0" modulation="0">
        <service id="0x00ba" sid="186" name="Al Alam" type="1" provider="LEBANON" onid="110" tsid="22" namespace="0x00ff0000" />
        <service id="0x009a" sid="154" name="Kalemeh Farsi" type="1" provider="LEBANON" onid="110" tsid="22" namespace="0x00ff0000" />
        <service id="0x00c7" sid="199" name="Orient TV" type="1" provider="LEBANON" onid="110" tsid="22" namespace="0x00ff0000" />
        <service id="0x00a9" sid="169" name="OTV" type="1" provider="NOORSAT" onid="110" tsid="22" namespace="0x00ff0000" />
        <service id="0x00a4" sid="164" name="SonLife Broadcasting Network" type="1" provider="LEBANON" onid="110" tsid="22" namespace="0x00ff0000" />
        <service id="0x00ac" sid="172" name="Taha TV" type="1" provider="LEBANON" onid="110" tsid="22" namespace="0x00ff0000" />
        <service id="0x00a1" sid="161" name="The Word Network" type="1" provider="LEBANON" onid="110" tsid="22" namespace="0x00ff0000" />
        <service id="0x00b9" sid="185" name="Wesal Al Haq" type="1" provider="LEBANON" onid="110" tsid="22" namespace="0x00ff0000" />
      </transponder>
    </satellite>
    <satellite key="00ff0000:0406:00e0" name="Sat-25.5E" namespace="0x00ff0000" position="25.5">
      <transponder key="00ff0000:0406:00e0" frequency="11565000" symbol_rate="27500000" polarization="H" fec="2" system="0" modulation="0">
        <service id="0x0b1a" sid="2842" name="beIN Max 4 HD" type="25" provider="BeIn" onid="224" tsid="1030" namespace="0x00ff0000" />
        <service id="0x0b1b" sid="2843" name="beIN Movies 3 HD" type="25" provider="BeIn" onid="224" tsid="1030" namespace="0x00ff0000" />
        <service id="0x283f" sid="10303" name="beIN Sports HD" type="25" provider="beIN" onid="224" tsid="1030" namespace="0x00ff0000" />
        <service id="0x283e" sid="10302" name="beIN Sports NBA HD" type="25" provider="BeIn" onid="224" tsid="1030" namespace="0x00ff0000" />
        <service id="0x0b18" sid="2840" name="beIN Sports News HD" type="25" provider="beIN" onid="224" tsid="1030" namespace="0x00ff0000" />
        <service id="0x283d" sid="10301" name="beIN Sports Spain HD" type="25" provider="BeIn" onid="224" tsid="1030" namespace="0x00ff0000" />
      </transponder>
    </satellite>
    <satellite key="00ff0000:0410:00e0" name="Sat-25.5E" namespace="0x00ff0000" position="25.5">
      <transponder key="00ff0000:0410:00e0" frequency="11547000" symbol_rate="27500000" polarization="V" fec="2" system="0" modulation="0">
        <service id="0x28a6" sid="10406" name="" type="25" provider="" onid="224" tsid="1040" namespace="0x00ff0000" />
        <service id="0x28a1" sid="10401" name="beIN Sports 1 HD" type="25" provider="beIN" onid="224" tsid="1040" namespace="0x00ff0000" />
        <service id="0x28a2" sid="10402" name="beIN Sports 2 HD" type="25" provider="beIN" onid="224" tsid="1040" namespace="0x00ff0000" />
        <service id="0x28a3" sid="10403" name="beIN Sports 3 HD" type="25" provider="beIN" onid="224" tsid="1040" namespace="0x00ff0000" />
        <service id="0x28a4" sid="10404" name="beIN Sports 4 HD" type="25" provider="beIN" onid="224" tsid="1040" namespace="0x00ff0000" />
      </transponder>
    </satellite>
    <satellite key="00ff0000:041a:00e0" name="Sat-25.5E" namespace="0x00ff0000" position="25.5">
      <transponder key="00ff0000:041a:00e0" frequency="11604000" symbol_rate="27500000" polarization="H" fec="3" system="0" modulation="0">
        <service id="0x0b5c" sid="2908" name="Al Jazeera Documentary" type="1" provider="Al Jazeera" onid="224" tsid="1050" namespace="0x00ff0000" />
        <service id="0x0b5b" sid="2907" name="Al Jazeera English" type="1" provider="Al Jazeera" onid="224" tsid="1050" namespace="0x00ff0000" />
        <service id="0x0b5a" sid="2906" name="Al Jazeera Mubasher" type="1" provider="Al Jazeera" onid="224" tsid="1050" namespace="0x00ff0000" />
        <service id="0x0b5d" sid="2909" name="Al Jazeera Mubasher" type="1" provider="Al Jazeera" onid="224" tsid="1050" namespace="0x00ff0000" />
        <service id="0x0b59" sid="2905" name="Al Jazeera Satellite Channel" type="1" provider="Al Jazeera" onid="224" tsid="1050" namespace="0x00ff0000" />
        <service id="0x290d" sid="10509" name="Qatar TV" type="1" provider="Al Jazeera" onid="224" tsid="1050" namespace="0x00ff0000" />
        <service id="0x290a" sid="10506" name="TEST" type="1" provider="Al Jazeera" onid="224" tsid="1050" namespace="0x00ff0000" />
      </transponder>
    </satellite>
    <satellite key="00ff0000:0424:00e0" name="Sat-25.5E" namespace="0x00ff0000" position="25.5">
      <transponder key="00ff0000:0424:00e0" frequency="11585000" symbol_rate="27500000" polarization="V" fec="2" system="0" modulation="0">
        <service id="0x0b99" sid="2969" name="beIN Sports 5 HD" type="25" provider="BeIn" onid="224" tsid="1060" namespace="0x00ff0000" />
        <service id="0x296a" sid="10602" name="beIN Sports 6 HD" type="25" provider="BeIn" onid="224" tsid="1060" namespace="0x00ff0000" />
        <service id="0x296b" sid="10603" name="beIN Sports 7 HD" type="25" provider="BeIn" onid="224" tsid="1060" namespace="0x00ff0000" />
        <service id="0x296c" sid="10604" name="beIN Sports 8 HD" type="25" provider="BeIn" onid="224" tsid="1060" namespace="0x00ff0000" />
      </transponder>
    </satellite>
    <satellite key="00ff0000:042e:00e0" name="Sat-25.5E" namespace="0x00ff0000" position="25.5">
      <transponder key="00ff0000:042e:00e0" frequency="11642000" symbol_rate="27500000" polarization="H" fec="2" system="0" modulation="0">
        <service id="0x29d2" sid="10706" name="beIN Movies 2HD" type="25" provider="BeIn" onid="224" tsid="1070" namespace="0x00ff0000" />
        <service id="0x29cd" sid="10701" name="beIN Sports 13 HD" type="25" provider="beIN" onid="224" tsid="1070" namespace="0x00ff0000" />
        <service id="0x29ce" sid="10702" name="beIN Sports 14 HD FR" type="25" provider="beIN" onid="224" tsid="1070" namespace="0x00ff0000" />
        <service id="0x29cf" sid="10703" name="beIN Sports 15 HD FR" type="25" provider="beIN" onid="224" tsid="1070" namespace="0x00ff0000" />
        <service id="0x29d0" sid="10704" name="beIN SPORTS 16 HD" type="25" provider="beIN" onid="224" tsid="1070" namespace="0x00ff0000" />
      </transponder>
    </satellite>
    <satellite key="00ff0000:0438:00e0" name="Sat-25.5E" namespace="0x00ff0000" position="25.5">
      <transponder key="00ff0000:0438:00e0" frequency="11623000" symbol_rate="27500000" polarization="V" fec="2" system="0" modulation="0">
        <service id="0x2a35" sid="10805" name="beIN Movies 4 HD" type="25" provider="beIN" onid="224" tsid="1080" namespace="0x00ff0000" />
        <service id="0x2a32" sid="10802" name="beIN Sports 10 HD" type="25" provider="BeIn" onid="224" tsid="1080" namespace="0x00ff0000" />
        <service id="0x2a33" sid="10803" name="beIN Sports 11 HD EN" type="25" provider="beIN" onid="224" tsid="1080" namespace="0x00ff0000" />
        <service id="0x2a34" sid="10804" name="beIN Sports 12 HD EN" type="25" provider="beIN" onid="224" tsid="1080" namespace="0x00ff0000" />
        <service id="0x2a31" sid="10801" name="beIN Sports 9 HD" type="25" provider="BeIn" onid="224" tsid="1080" namespace="0x00ff0000" />
      </transponder>
    </satellite>
    <satellite key="00ff0000:0442:00e0" name="Sat-25.5E" namespace="0x00ff0000" position="25.5">
      <transponder key="00ff0000:0442:00e0" frequency="11142000" symbol_rate="27500000" polarization="V" fec="4" system="0" modulation="0">
        <service id="0x016b" sid="363" name="Al Araby TV" type="1" provider="NOORSAT" onid="224" tsid="1090" namespace="0x00ff0000" />
        <service id="0x016c" sid="364" name="Al Araby TV" type="1" provider="NOORSAT" onid="224" tsid="1090" namespace="0x00ff0000" />
        <service id="0x00aa" sid="170" name="Al Bawadi" type="1" provider="NOORSAT" onid="224" tsid="1090" namespace="0x00ff0000" />
        <service id="0x00a7" sid="167" name="Al Rasoul TV" type="1" provider="NOORSAT" onid="224" tsid="1090" namespace="0x00ff0000" />
        <service id="0x016a" sid="362" name="Al Rayyan HD 2" type="1" provider="NOORSAT" onid="224" tsid="1090" namespace="0x00ff0000" />
        <service id="0x016d" sid="365" name="Mekameleen TV" type="1" provider="ES'HAILSAT" onid="224" tsid="1090" namespace="0x00ff0000" />
        <service id="0x016e" sid="366" name="ZAD TV" type="1" provider="NOORSAT" onid="224" tsid="1090" namespace="0x00ff0000" />
      </transponder>
    </satellite>
    <satellite key="00ff0000:07da:00e0" name="Sat-25.5E" namespace="0x00ff0000" position="25.5">
      <transponder key="00ff0000:07da:00e0" frequency="11180000" symbol_rate="27500000" polarization="V" fec="2" system="0" modulation="0">
        <service id="0x4e89" sid="20105" name="" type="25" provider="" onid="224" tsid="2010" namespace="0x00ff0000" />
        <service id="0x4e85" sid="20101" name="beIN Max 1 HD" type="25" provider="beIN" onid="224" tsid="2010" namespace="0x00ff0000" />
        <service id="0x4e86" sid="20102" name="beIN Max 2 HD" type="25" provider="BeIn" onid="224" tsid="2010" namespace="0x00ff0000" />
        <service id="0x4e87" sid="20103" name="beIN Max 3 HD" type="25" provider="BeIn" onid="224" tsid="2010" namespace="0x00ff0000" />
        <service id="0x4e88" sid="20104" name="beIN Max 4 HD" type="25" provider="BeIn" onid="224" tsid="2010" namespace="0x00ff0000" />
      </transponder>
    </satellite>
  </satellites>
</zapit>
