<?xml version='1.0' encoding='utf-8'?>
<zapit api="4">
  <terrestrials>
    <terrestrial key="eeee0000:000d:00c6" name="Videonola" namespace="0xeeee0000">
      <transponder key="eeee0000:000d:00c6" frequency="666000000" symbol_rate="0" polarization="H" fec="5" system="0" modulation="4">
        <service id="0x0004" sid="4" name="FM Music Television" type="1" provider="FM Music Television" onid="198" tsid="13" namespace="0xeeee0000" />
        <service id="0x04d4" sid="1236" name="FM MUSIC TV" type="1" provider="Videonola" onid="198" tsid="13" namespace="0xeeee0000" />
        <service id="0x000e" sid="14" name="Gigli TV" type="1" provider="Diem" onid="198" tsid="13" namespace="0xeeee0000" />
        <service id="0x00d2" sid="210" name="Jordanus" type="1" provider="Videonola" onid="198" tsid="13" namespace="0xeeee0000" />
        <service id="0x000d" sid="13" name="Parole di Vita" type="1" provider="Videonola" onid="198" tsid="13" namespace="0xeeee0000" />
        <service id="0x07e4" sid="2020" name="Prima TV Napoli" type="1" provider="Videonola" onid="198" tsid="13" namespace="0xeeee0000" />
        <service id="0x07ee" sid="2030" name="PrimaTVNapoli" type="1" provider="Videonola" onid="198" tsid="13" namespace="0xeeee0000" />
        <service id="0x026a" sid="618" name="Radio Musica Television" type="1" provider="Videonola" onid="198" tsid="13" namespace="0xeeee0000" />
        <service id="0x03ed" sid="1005" name="Radio Stereo 5 TV" type="1" provider="Videonola" onid="198" tsid="13" namespace="0xeeee0000" />
        <service id="0x04e2" sid="1250" name="TaxiChannel" type="1" provider="Videonola" onid="198" tsid="13" namespace="0xeeee0000" />
        <service id="0x041a" sid="1050" name="telecolore" type="1" provider="Videonola" onid="198" tsid="13" namespace="0xeeee0000" />
        <service id="0x00c4" sid="196" name="telecolore HD" type="1" provider="Videonola" onid="198" tsid="13" namespace="0xeeee0000" />
        <service id="0x03fc" sid="1020" name="telecolore news" type="1" provider="Videonola" onid="198" tsid="13" namespace="0xeeee0000" />
        <service id="0x019a" sid="410" name="telecolore SPORT" type="1" provider="Videonola" onid="198" tsid="13" namespace="0xeeee0000" />
        <service id="0x01a8" sid="424" name="telecolore televendite" type="1" provider="Videonola" onid="198" tsid="13" namespace="0xeeee0000" />
        <service id="0x0087" sid="135" name="Telenuova" type="1" provider="Videonola" onid="198" tsid="13" namespace="0xeeee0000" />
        <service id="0x0007" sid="7" name="TeleSpazio 1" type="1" provider="Telespazio" onid="198" tsid="13" namespace="0xeeee0000" />
        <service id="0x004d" sid="77" name="Telespazio2" type="1" provider="Telespazio" onid="198" tsid="13" namespace="0xeeee0000" />
        <service id="0x02c4" sid="708" name="Telestabia" type="1" provider="Videonola" onid="198" tsid="13" namespace="0xeeee0000" />
        <service id="0x05aa" sid="1450" name="Video Nola" type="1" provider="Videonola" onid="198" tsid="13" namespace="0xeeee0000" />
        <service id="0x0001" sid="1" name="VideoNola" type="1" provider="DIEM" onid="198" tsid="13" namespace="0xeeee0000" />
        <service id="0x0130" sid="304" name="Videonola HD" type="1" provider="Videonola" onid="198" tsid="13" namespace="0xeeee0000" />
        <service id="0x000c" sid="12" name="Radio Evangelo" type="2" provider="VideoNola" onid="198" tsid="13" namespace="0xeeee0000" radio="1" />
        <service id="0x01ce" sid="462" name="Radio FM Music" type="2" provider="VideoNola" onid="198" tsid="13" namespace="0xeeee0000" radio="1" />
      </transponder>
    </terrestrial>
  </terrestrials>
</zapit>
