<?xml version='1.0' encoding='utf-8'?>
<zapit>
  <bouquet name="General" category="tv">
    <channel service_ref="1:0:25:0001:0003:22c1:eeee0000:0:0:0:" name="SLO1 HD" service_name="SLO1 HD" provider="RTV SLOVENIJA" sid="1" onid="8897" tsid="3" />
    <channel service_ref="1:0:25:0002:0003:22c1:eeee0000:0:0:0:" name="SLO2 HD" service_name="SLO2 HD" provider="RTV SLOVENIJA" sid="2" onid="8897" tsid="3" />
    <channel service_ref="1:0:25:0003:0003:22c1:eeee0000:0:0:0:" name="SLO3 HD" service_name="SLO3 HD" provider="RTV SLOVENIJA" sid="3" onid="8897" tsid="3" />
    <channel service_ref="1:0:25:0005:0003:22c1:eeee0000:0:0:0:" name="TV KOPER" service_name="TV KOPER" provider="RTV SLOVENIJA" sid="5" onid="8897" tsid="3" />
    <channel service_ref="1:0:25:0004:0003:22c1:eeee0000:0:0:0:" name="TV MARIBOR" service_name="TV MARIBOR" provider="RTV SLOVENIJA" sid="4" onid="8897" tsid="3" />
  </bouquet>
  <bouquet name="Switzerland" category="tv">
    <channel service_ref="1:0:25:0003:0003:22c1:eeee0000:0:0:0:" name="SLO3 HD" service_name="SLO3 HD" provider="RTV SLOVENIJA" sid="3" onid="8897" tsid="3" />
  </bouquet>
  <bouquet name="Resolution - HD" category="tv">
    <channel service_ref="1:0:25:0001:0003:22c1:eeee0000:0:0:0:" name="SLO1 HD" service_name="SLO1 HD" provider="RTV SLOVENIJA" sid="1" onid="8897" tsid="3" />
    <channel service_ref="1:0:25:0002:0003:22c1:eeee0000:0:0:0:" name="SLO2 HD" service_name="SLO2 HD" provider="RTV SLOVENIJA" sid="2" onid="8897" tsid="3" />
    <channel service_ref="1:0:25:0003:0003:22c1:eeee0000:0:0:0:" name="SLO3 HD" service_name="SLO3 HD" provider="RTV SLOVENIJA" sid="3" onid="8897" tsid="3" />
  </bouquet>
  <bouquet name="Others" category="tv">
    <channel service_ref="1:0:25:0001:0003:22c1:eeee0000:0:0:0:" name="SLO1 HD" service_name="SLO1 HD" provider="RTV SLOVENIJA" sid="1" onid="8897" tsid="3" />
    <channel service_ref="1:0:25:0002:0003:22c1:eeee0000:0:0:0:" name="SLO2 HD" service_name="SLO2 HD" provider="RTV SLOVENIJA" sid="2" onid="8897" tsid="3" />
    <channel service_ref="1:0:25:0005:0003:22c1:eeee0000:0:0:0:" name="TV KOPER" service_name="TV KOPER" provider="RTV SLOVENIJA" sid="5" onid="8897" tsid="3" />
    <channel service_ref="1:0:25:0004:0003:22c1:eeee0000:0:0:0:" name="TV MARIBOR" service_name="TV MARIBOR" provider="RTV SLOVENIJA" sid="4" onid="8897" tsid="3" />
  </bouquet>
</zapit>
