<?xml version='1.0' encoding='utf-8'?>
<zapit api="4">
  <terrestrials>
    <terrestrial key="eeee0000:3034:217c" name="DITV" namespace="0xeeee0000">
      <transponder key="eeee0000:3034:217c" frequency="586000000" symbol_rate="0" polarization="H" fec="5" system="0" modulation="4">
        <service id="0x026e" sid="622" name="Davvero TV" type="1" provider="Byoblue" onid="8572" tsid="12340" namespace="0xeeee0000" />
        <service id="0x0028" sid="40" name="DITV" type="1" provider="DITV" onid="8572" tsid="12340" namespace="0xeeee0000" />
        <service id="0x0067" sid="103" name="DITV" type="1" provider="DITV" onid="8572" tsid="12340" namespace="0xeeee0000" />
        <service id="0x00d2" sid="210" name="DITV 210" type="1" provider="ditv" onid="8572" tsid="12340" namespace="0xeeee0000" />
        <service id="0x0029" sid="41" name="DITV 92" type="1" provider="DITV" onid="8572" tsid="12340" namespace="0xeeee0000" />
        <service id="0x005d" sid="93" name="Giovanni paolo TV" type="1" provider="GPTV" onid="8572" tsid="12340" namespace="0xeeee0000" />
        <service id="0x000f" sid="15" name="MS SPORT" type="1" provider="" onid="8572" tsid="12340" namespace="0xeeee0000" />
        <service id="0x00be" sid="190" name="Policinema" type="1" provider="itc" onid="8572" tsid="12340" namespace="0xeeee0000" />
        <service id="0x00c2" sid="194" name="radio 4 you" type="1" provider="radio 4 you" onid="8572" tsid="12340" namespace="0xeeee0000" />
        <service id="0x03e8" sid="1000" name="RADIO BRUNO TV" type="1" provider="DITV" onid="8572" tsid="12340" namespace="0xeeee0000" />
        <service id="0x03ed" sid="1005" name="Radio Musica" type="1" provider="" onid="8572" tsid="12340" namespace="0xeeee0000" />
        <service id="0x02a4" sid="676" name="Radio Radio" type="1" provider="Radio Radio" onid="8572" tsid="12340" namespace="0xeeee0000" />
        <service id="0x00a0" sid="160" name="supersix" type="1" provider="supersix" onid="8572" tsid="12340" namespace="0xeeee0000" />
        <service id="0x0005" sid="5" name="Telecentro-Odeon" type="1" provider="Mainlevel" onid="8572" tsid="12340" namespace="0xeeee0000" />
        <service id="0x0004" sid="4" name="TeleFerrara live" type="1" provider="itc" onid="8572" tsid="12340" namespace="0xeeee0000" />
        <service id="0x0025" sid="37" name="TELEPACE" type="1" provider="TELEPACE" onid="8572" tsid="12340" namespace="0xeeee0000" />
        <service id="0x0001" sid="1" name="TELESANTERNO" type="1" provider="GTV" onid="8572" tsid="12340" namespace="0xeeee0000" />
        <service id="0x00ba" sid="186" name="TELESANTERNO 3" type="1" provider="ts3" onid="8572" tsid="12340" namespace="0xeeee0000" />
        <service id="0x0003" sid="3" name="Telestense" type="1" provider="R.E.I." onid="8572" tsid="12340" namespace="0xeeee0000" />
        <service id="0x012a" sid="298" name="Telestense" type="1" provider="R.E.I." onid="8572" tsid="12340" namespace="0xeeee0000" />
        <service id="0x000d" sid="13" name="TVQUI" type="1" provider="TVQUI" onid="8572" tsid="12340" namespace="0xeeee0000" />
        <service id="0x006c" sid="108" name="Via Emilia TV" type="1" provider="SCT" onid="8572" tsid="12340" namespace="0xeeee0000" />
        <service id="0x03eb" sid="1003" name="RADIO CENTRALE" type="2" provider="Radio Centrale" onid="8572" tsid="12340" namespace="0xeeee0000" radio="1" />
      </transponder>
    </terrestrial>
  </terrestrials>
</zapit>
