<?xml version='1.0' encoding='utf-8'?>
<zapit>
  <bouquet name="General" category="tv">
    <channel service_ref="1:0:25:0009:0001:0001:0de82c28:0:0:0:" name="DaVinci" service_name="DaVinci" provider="GlobeCast / AH / HDT" sid="9" onid="1" tsid="1" />
    <channel service_ref="1:0:1:0002:0001:0001:0de82c28:0:0:0:" name="hirTV" service_name="hirTV" provider="hirTV / AH / HDT" sid="2" onid="1" tsid="1" />
    <channel service_ref="1:0:1:0001:0001:ffff:0de82bc6:0:0:0:" name="Romania TV" service_name="Romania TV" provider="Romania TV" sid="1" onid="65535" tsid="1" />
    <channel service_ref="1:0:25:0001:0066:ff22:0de82c56:0:0:0:" name="Tippmix élő 1" service_name="Tippmix élő 1" provider="HDT" sid="1" onid="65314" tsid="102" />
    <channel service_ref="1:0:25:0002:0066:ff22:0de82c56:0:0:0:" name="Tippmix élő 2" service_name="Tippmix élő 2" provider="HDT" sid="2" onid="65314" tsid="102" />
    <channel service_ref="1:0:25:0003:0066:ff22:0de82c56:0:0:0:" name="Tippmix élő 3" service_name="Tippmix élő 3" provider="HDT" sid="3" onid="65314" tsid="102" />
    <channel service_ref="1:0:25:0004:0066:ff22:0de82c56:0:0:0:" name="Tippmix élő 4" service_name="Tippmix élő 4" provider="HDT" sid="4" onid="65314" tsid="102" />
    <channel service_ref="1:0:25:0005:0066:ff22:0de82c56:0:0:0:" name="Tippmix élő 5" service_name="Tippmix élő 5" provider="HDT" sid="5" onid="65314" tsid="102" />
    <channel service_ref="1:0:25:0006:0066:ff22:0de82c56:0:0:0:" name="Tippmix élő 6" service_name="Tippmix élő 6" provider="HDT" sid="6" onid="65314" tsid="102" />
    <channel service_ref="1:0:25:0007:0066:ff22:0de82c56:0:0:0:" name="Tippmix élő 7" service_name="Tippmix élő 7" provider="HDT" sid="7" onid="65314" tsid="102" />
  </bouquet>
  <bouquet name="Switzerland" category="tv">
    <channel service_ref="1:0:25:0003:0066:ff22:0de82c56:0:0:0:" name="Tippmix élő 3" service_name="Tippmix élő 3" provider="HDT" sid="3" onid="65314" tsid="102" />
    <channel service_ref="1:0:25:0005:0066:ff22:0de82c56:0:0:0:" name="Tippmix élő 5" service_name="Tippmix élő 5" provider="HDT" sid="5" onid="65314" tsid="102" />
  </bouquet>
  <bouquet name="International" category="tv">
    <channel service_ref="1:0:25:0009:0001:0001:0de82c28:0:0:0:" name="DaVinci" service_name="DaVinci" provider="GlobeCast / AH / HDT" sid="9" onid="1" tsid="1" />
  </bouquet>
  <bouquet name="Others" category="tv">
    <channel service_ref="1:0:1:0002:0001:0001:0de82c28:0:0:0:" name="hirTV" service_name="hirTV" provider="hirTV / AH / HDT" sid="2" onid="1" tsid="1" />
    <channel service_ref="1:0:1:0001:0001:ffff:0de82bc6:0:0:0:" name="Romania TV" service_name="Romania TV" provider="Romania TV" sid="1" onid="65535" tsid="1" />
    <channel service_ref="1:0:25:0001:0066:ff22:0de82c56:0:0:0:" name="Tippmix élő 1" service_name="Tippmix élő 1" provider="HDT" sid="1" onid="65314" tsid="102" />
    <channel service_ref="1:0:25:0002:0066:ff22:0de82c56:0:0:0:" name="Tippmix élő 2" service_name="Tippmix élő 2" provider="HDT" sid="2" onid="65314" tsid="102" />
    <channel service_ref="1:0:25:0004:0066:ff22:0de82c56:0:0:0:" name="Tippmix élő 4" service_name="Tippmix élő 4" provider="HDT" sid="4" onid="65314" tsid="102" />
    <channel service_ref="1:0:25:0006:0066:ff22:0de82c56:0:0:0:" name="Tippmix élő 6" service_name="Tippmix élő 6" provider="HDT" sid="6" onid="65314" tsid="102" />
    <channel service_ref="1:0:25:0007:0066:ff22:0de82c56:0:0:0:" name="Tippmix élő 7" service_name="Tippmix élő 7" provider="HDT" sid="7" onid="65314" tsid="102" />
  </bouquet>
  <bouquet name="Radio" category="radio">
    <channel service_ref="1:0:2:000a:0001:0001:0de82c28:0:0:0:" name="hirFM" service_name="hirFM" provider="hirFM / AH / HDT" sid="10" onid="1" tsid="1" />
  </bouquet>
  <bouquet name="Radio - Music" category="radio">
    <channel service_ref="1:0:2:000a:0001:0001:0de82c28:0:0:0:" name="hirFM" service_name="hirFM" provider="hirFM / AH / HDT" sid="10" onid="1" tsid="1" />
  </bouquet>
</zapit>
