<?xml version='1.0' encoding='utf-8'?>
<zapit api="4">
  <satellites>
    <satellite key="02ad0000:0002:0049" name="Sat-68.5E" namespace="0x02ad0000" position="68.5">
      <transponder key="02ad0000:0002:0049" frequency="12722000" symbol_rate="26657000" polarization="V" fec="1" system="0" modulation="0">
        <service id="0x004b" sid="75" name="ATV" type="1" provider="SENTECH" onid="73" tsid="2" namespace="0x02ad0000" />
        <service id="0x0033" sid="51" name="CHARIS TV" type="1" provider="SENTECH" onid="73" tsid="2" namespace="0x02ad0000" />
        <service id="0x0039" sid="57" name="Fano TV" type="1" provider="Sentech" onid="73" tsid="2" namespace="0x02ad0000" />
        <service id="0x006b" sid="107" name="KWENA TV" type="1" provider="SENTECH" onid="73" tsid="2" namespace="0x02ad0000" />
        <service id="0x006d" sid="109" name="Mercy TV Plus" type="1" provider="SENTECH" onid="73" tsid="2" namespace="0x02ad0000" />
        <service id="0x002d" sid="45" name="Prophetic" type="1" provider="Sentech" onid="73" tsid="2" namespace="0x02ad0000" />
        <service id="0x006a" sid="106" name="Prophetic Power TV" type="1" provider="Sentech" onid="73" tsid="2" namespace="0x02ad0000" />
        <service id="0x003a" sid="58" name="Success TV +" type="1" provider="Sentech" onid="73" tsid="2" namespace="0x02ad0000" />
        <service id="0x002a" sid="42" name="UBN" type="1" provider="UBN" onid="73" tsid="2" namespace="0x02ad0000" />
        <service id="0x005a" sid="90" name="Al Ansaar" type="2" provider="Sentech" onid="73" tsid="2" namespace="0x02ad0000" radio="1" />
        <service id="0x005d" sid="93" name="ChAfr" type="2" provider="ChAfr" onid="73" tsid="2" namespace="0x02ad0000" radio="1" />
        <service id="0x008d" sid="141" name="Cii" type="2" provider="Sentech" onid="73" tsid="2" namespace="0x02ad0000" radio="1" />
        <service id="0x00a1" sid="161" name="Mash Media" type="2" provider="Mash Media" onid="73" tsid="2" namespace="0x02ad0000" radio="1" />
        <service id="0x008f" sid="143" name="Radio Islam" type="2" provider="Sentech" onid="73" tsid="2" namespace="0x02ad0000" radio="1" />
        <service id="0x008e" sid="142" name="Salaamedia" type="2" provider="Sentech" onid="73" tsid="2" namespace="0x02ad0000" radio="1" />
      </transponder>
    </satellite>
    <satellite key="02ad0000:0005:0049" name="Sat-68.5E" namespace="0x02ad0000" position="68.5">
      <transponder key="02ad0000:0005:0049" frequency="12682000" symbol_rate="30000000" polarization="V" fec="2" system="0" modulation="0">
        <service id="0x00e0" sid="224" name="Ark of God TV" type="1" provider="SENTECH" onid="73" tsid="5" namespace="0x02ad0000" />
        <service id="0x00cb" sid="203" name="Caught Up TV" type="1" provider="SENTECH" onid="73" tsid="5" namespace="0x02ad0000" />
        <service id="0x00d7" sid="215" name="CELEBRATION TV Plus" type="1" provider="SENTECH" onid="73" tsid="5" namespace="0x02ad0000" />
        <service id="0x00f8" sid="248" name="Censers TV" type="1" provider="SENTECH" onid="73" tsid="5" namespace="0x02ad0000" />
        <service id="0x00f9" sid="249" name="CFTV" type="1" provider="SENTECH" onid="73" tsid="5" namespace="0x02ad0000" />
        <service id="0x00dd" sid="221" name="CHM TV International" type="1" provider="Sentech" onid="73" tsid="5" namespace="0x02ad0000" />
        <service id="0x00d8" sid="216" name="CHRIST TV" type="1" provider="PURPLE TURTLE" onid="73" tsid="5" namespace="0x02ad0000" />
        <service id="0x00d5" sid="213" name="DBN TV" type="1" provider="SENTECH" onid="73" tsid="5" namespace="0x02ad0000" />
        <service id="0x00d4" sid="212" name="DUNAMIS TV" type="1" provider="SENTECH" onid="73" tsid="5" namespace="0x02ad0000" />
        <service id="0x00d0" sid="208" name="GOD WITH US TV" type="1" provider="SENTECH" onid="73" tsid="5" namespace="0x02ad0000" />
        <service id="0x00d9" sid="217" name="Good News TV" type="1" provider="Sentech" onid="73" tsid="5" namespace="0x02ad0000" />
        <service id="0x00e1" sid="225" name="Grace TV" type="1" provider="SENTECH" onid="73" tsid="5" namespace="0x02ad0000" />
        <service id="0x00f6" sid="246" name="KINGDOM WAYS TV" type="1" provider="SENTECH" onid="73" tsid="5" namespace="0x02ad0000" />
        <service id="0x00f2" sid="242" name="Marima Fire TV" type="1" provider="SENTECH" onid="73" tsid="5" namespace="0x02ad0000" />
        <service id="0x00df" sid="223" name="NEW GENERATION TV" type="1" provider="SENTECH" onid="73" tsid="5" namespace="0x02ad0000" />
        <service id="0x00cc" sid="204" name="Number 1 TV" type="1" provider="Sentech" onid="73" tsid="5" namespace="0x02ad0000" />
        <service id="0x00d6" sid="214" name="Oracle TV" type="1" provider="SENTECH" onid="73" tsid="5" namespace="0x02ad0000" />
        <service id="0x00f4" sid="244" name="POWER TV" type="1" provider="SENTECH" onid="73" tsid="5" namespace="0x02ad0000" />
        <service id="0x00f3" sid="243" name="Praise TV" type="1" provider="SENTECH" onid="73" tsid="5" namespace="0x02ad0000" />
        <service id="0x00e4" sid="228" name="Reigners TV" type="1" provider="Sentech" onid="73" tsid="5" namespace="0x02ad0000" />
        <service id="0x00cd" sid="205" name="Signs &amp; Wonders TV" type="1" provider="SENTECH" onid="73" tsid="5" namespace="0x02ad0000" />
        <service id="0x00f1" sid="241" name="Temple TV" type="1" provider="SENTECH" onid="73" tsid="5" namespace="0x02ad0000" />
        <service id="0x00d3" sid="211" name="VERBOVIVO TV" type="1" provider="SENTECH" onid="73" tsid="5" namespace="0x02ad0000" />
        <service id="0x008c" sid="140" name="DWR" type="2" provider="Sentech" onid="73" tsid="5" namespace="0x02ad0000" radio="1" />
        <service id="0x00bf" sid="191" name="SIYATHUTHUKA FM" type="2" provider="SENTECH" onid="73" tsid="5" namespace="0x02ad0000" radio="1" />
      </transponder>
    </satellite>
    <satellite key="02ad0000:0006:0049" name="Sat-68.5E" namespace="0x02ad0000" position="68.5">
      <transponder key="02ad0000:0006:0049" frequency="12522000" symbol_rate="27500000" polarization="V" fec="3" system="0" modulation="0">
        <service id="0xc583" sid="50563" name="AMAZING DISCOVERY TV" type="1" provider="MX1" onid="73" tsid="6" namespace="0x02ad0000" />
        <service id="0xc580" sid="50560" name="AMAZING GOD" type="1" provider="MX1" onid="73" tsid="6" namespace="0x02ad0000" />
        <service id="0xc577" sid="50551" name="AMI TV" type="1" provider="MSAT Global" onid="73" tsid="6" namespace="0x02ad0000" />
        <service id="0xc670" sid="50800" name="ANGEL TV" type="1" provider="STN PLC" onid="73" tsid="6" namespace="0x02ad0000" />
        <service id="0xc57f" sid="50559" name="DAYSTAR TV" type="1" provider="MX1" onid="73" tsid="6" namespace="0x02ad0000" />
        <service id="0xc585" sid="50565" name="EMMANUEL TV" type="1" provider="DTK-Satelio" onid="73" tsid="6" namespace="0x02ad0000" />
        <service id="0xc582" sid="50562" name="EZEKIEL TV" type="1" provider="MX1" onid="73" tsid="6" namespace="0x02ad0000" />
        <service id="0xc57b" sid="50555" name="GNF TV" type="1" provider="MSAT Global" onid="73" tsid="6" namespace="0x02ad0000" />
        <service id="0xc58c" sid="50572" name="LIFE DESTINY TV" type="1" provider="MSAT Global" onid="73" tsid="6" namespace="0x02ad0000" />
        <service id="0xc579" sid="50553" name="MSAT TEST" type="1" provider="MSAT Global" onid="73" tsid="6" namespace="0x02ad0000" />
        <service id="0xc584" sid="50564" name="MSAT TEST 1" type="1" provider="MSAT Global" onid="73" tsid="6" namespace="0x02ad0000" />
        <service id="0xc57a" sid="50554" name="RABBONI" type="1" provider="MSAT Global" onid="73" tsid="6" namespace="0x02ad0000" />
        <service id="0xc57d" sid="50557" name="RCG TV" type="1" provider="MSAT Global" onid="73" tsid="6" namespace="0x02ad0000" />
        <service id="0xc586" sid="50566" name="RLW" type="1" provider="MSAT Global" onid="73" tsid="6" namespace="0x02ad0000" />
        <service id="0xc578" sid="50552" name="ROV TV" type="1" provider="MSAT Global" onid="73" tsid="6" namespace="0x02ad0000" />
        <service id="0xc58f" sid="50575" name="SPARE 1" type="1" provider="DTK-Satelio" onid="73" tsid="6" namespace="0x02ad0000" />
        <service id="0xc58e" sid="50574" name="SPARE 12" type="1" provider="MSAT Global" onid="73" tsid="6" namespace="0x02ad0000" />
        <service id="0xc58a" sid="50570" name="SPARE 2" type="1" provider="MSAT Global" onid="73" tsid="6" namespace="0x02ad0000" />
        <service id="0xc58b" sid="50571" name="SPARE 5" type="1" provider="MSAT Global" onid="73" tsid="6" namespace="0x02ad0000" />
        <service id="0xc588" sid="50568" name="SPARE 6" type="1" provider="MSAT Global" onid="73" tsid="6" namespace="0x02ad0000" />
        <service id="0xc57c" sid="50556" name="SPARE 8" type="1" provider="DTK-Satelio" onid="73" tsid="6" namespace="0x02ad0000" />
        <service id="0xc581" sid="50561" name="SPARE-MX1" type="1" provider="MX1" onid="73" tsid="6" namespace="0x02ad0000" />
        <service id="0xc589" sid="50569" name="SPARE4" type="1" provider="MSAT Global" onid="73" tsid="6" namespace="0x02ad0000" />
        <service id="0xc590" sid="50576" name="STN TEST" type="1" provider="STN PLC" onid="73" tsid="6" namespace="0x02ad0000" />
        <service id="0xc587" sid="50567" name="VINEYARD TV" type="1" provider="MX1" onid="73" tsid="6" namespace="0x02ad0000" />
        <service id="0xc591" sid="50577" name="Markaz Sahaba radio" type="2" provider="MSAT Global" onid="73" tsid="6" namespace="0x02ad0000" radio="1" />
      </transponder>
    </satellite>
    <satellite key="02ad2b47:0001:ffff" name="Sat-68.5E" namespace="0x02ad2b47" position="68.5">
      <transponder key="02ad2b47:0001:ffff" frequency="11079000" symbol_rate="1600000" polarization="H" fec="3" system="0" modulation="0">
        <service id="0x0001" sid="1" name="Russia 1. +1" type="1" provider="ERICSSON Television" onid="65535" tsid="1" namespace="0x02ad2b47" />
      </transponder>
    </satellite>
    <satellite key="02ad2b4b:0001:ffff" name="Sat-68.5E" namespace="0x02ad2b4b" position="68.5">
      <transponder key="02ad2b4b:0001:ffff" frequency="11083000" symbol_rate="1600000" polarization="H" fec="3" system="0" modulation="0">
        <service id="0x0001" sid="1" name="Russia 1. +3" type="1" provider="ERICSSON Television" onid="65535" tsid="1" namespace="0x02ad2b4b" />
      </transponder>
    </satellite>
    <satellite key="02ad3112:0001:0001" name="Sat-68.5E" namespace="0x02ad3112" position="68.5">
      <transponder key="02ad3112:0001:0001" frequency="12562000" symbol_rate="27500000" polarization="H" fec="3" system="0" modulation="0">
        <service id="0x000d" sid="13" name="1Touch TV" type="1" provider="ViewSat" onid="1" tsid="1" namespace="0x02ad3112" />
        <service id="0x000c" sid="12" name="A1 Prophecy TV" type="1" provider="ViewSat" onid="1" tsid="1" namespace="0x02ad3112" />
        <service id="0x000f" sid="15" name="Caught Up TV" type="1" provider="ViewSat" onid="1" tsid="1" namespace="0x02ad3112" />
        <service id="0x001e" sid="30" name="Celebration TV" type="1" provider="Harmonic" onid="1" tsid="1" namespace="0x02ad3112" />
        <service id="0x0006" sid="6" name="CHM TV INTL" type="1" provider="ViewSat" onid="1" tsid="1" namespace="0x02ad3112" />
        <service id="0x001a" sid="26" name="EBENEZER TV" type="1" provider="ViewSat" onid="1" tsid="1" namespace="0x02ad3112" />
        <service id="0x0002" sid="2" name="End Time Message TV" type="1" provider="ViewSat" onid="1" tsid="1" namespace="0x02ad3112" />
        <service id="0x000a" sid="10" name="FANO TV" type="1" provider="ViewSat" onid="1" tsid="1" namespace="0x02ad3112" />
        <service id="0x0008" sid="8" name="Free Indeed TV" type="1" provider="ViewSat" onid="1" tsid="1" namespace="0x02ad3112" />
        <service id="0x0007" sid="7" name="HOG TV" type="1" provider="ViewSat" onid="1" tsid="1" namespace="0x02ad3112" />
        <service id="0x001d" sid="29" name="Holyghost Testifiers Television" type="1" provider="ViewSat" onid="1" tsid="1" namespace="0x02ad3112" />
        <service id="0x0003" sid="3" name="Homebase TV" type="1" provider="ViewSat" onid="1" tsid="1" namespace="0x02ad3112" />
        <service id="0x0004" sid="4" name="Hosanna TV" type="1" provider="ViewSat" onid="1" tsid="1" namespace="0x02ad3112" />
        <service id="0x0005" sid="5" name="Liberation TV" type="1" provider="ViewSat" onid="1" tsid="1" namespace="0x02ad3112" />
        <service id="0x0001" sid="1" name="Madani Chnl" type="1" provider="ViewSat" onid="1" tsid="1" namespace="0x02ad3112" />
        <service id="0x001f" sid="31" name="More Grace TV Plus" type="1" provider="ViewSat" onid="1" tsid="1" namespace="0x02ad3112" />
        <service id="0x000e" sid="14" name="Power Line TV" type="1" provider="ViewSat" onid="1" tsid="1" namespace="0x02ad3112" />
        <service id="0x001b" sid="27" name="Rapha TV" type="1" provider="ViewSat" onid="1" tsid="1" namespace="0x02ad3112" />
        <service id="0x001c" sid="28" name="REVELATION TV" type="1" provider="ViewSat" onid="1" tsid="1" namespace="0x02ad3112" />
        <service id="0x0009" sid="9" name="Salvation TV" type="1" provider="ViewSat" onid="1" tsid="1" namespace="0x02ad3112" />
        <service id="0x0011" sid="17" name="SHEKINA MC TV" type="1" provider="ViewSat" onid="1" tsid="1" namespace="0x02ad3112" />
        <service id="0x0012" sid="18" name="Triple A TV" type="1" provider="ViewSat" onid="1" tsid="1" namespace="0x02ad3112" />
        <service id="0x000b" sid="11" name="Untouchable TV" type="1" provider="ViewSat" onid="1" tsid="1" namespace="0x02ad3112" />
      </transponder>
    </satellite>
    <satellite key="02ad315d:0000:0000" name="Sat-68.5E" namespace="0x02ad315d" position="68.5">
      <transponder key="02ad315d:0000:0000" frequency="12637000" symbol_rate="4166000" polarization="H" fec="1" system="0" modulation="0">
        <service id="0x0041" sid="65" name="ACBN" type="1" provider="ACBN" onid="0" tsid="0" namespace="0x02ad315d" />
        <service id="0x012d" sid="301" name="Foursquare TV" type="1" provider="ACBN" onid="0" tsid="0" namespace="0x02ad315d" />
      </transponder>
    </satellite>
    <satellite key="02ad318a:0004:0001" name="Sat-68.5E" namespace="0x02ad318a" position="68.5">
      <transponder key="02ad318a:0004:0001" frequency="12682000" symbol_rate="27500000" polarization="H" fec="3" system="0" modulation="0">
        <service id="0x0001" sid="1" name="ACNN TV" type="1" provider="ViewSat" onid="1" tsid="4" namespace="0x02ad318a" />
        <service id="0x0009" sid="9" name="Champions TV" type="1" provider="ViewSat" onid="1" tsid="4" namespace="0x02ad318a" />
        <service id="0x001e" sid="30" name="CVV" type="1" provider="ViewSat" onid="1" tsid="4" namespace="0x02ad318a" />
        <service id="0x0011" sid="17" name="FULL_LIFE_TV" type="1" provider="ViewSat" onid="1" tsid="4" namespace="0x02ad318a" />
        <service id="0x000a" sid="10" name="HD Demo Channel" type="1" provider="ViewSat" onid="1" tsid="4" namespace="0x02ad318a" />
        <service id="0x001a" sid="26" name="IFILM English" type="1" provider="ViewSat" onid="1" tsid="4" namespace="0x02ad318a" />
        <service id="0x0008" sid="8" name="ITVN" type="1" provider="ViewSat" onid="1" tsid="4" namespace="0x02ad318a" />
        <service id="0x000b" sid="11" name="New Vision TV" type="1" provider="ViewSat" onid="1" tsid="4" namespace="0x02ad318a" />
        <service id="0x000f" sid="15" name="OMEGA" type="1" provider="ViewSat" onid="1" tsid="4" namespace="0x02ad318a" />
        <service id="0x0007" sid="7" name="OPM Doctor Jesus" type="1" provider="ViewSat" onid="1" tsid="4" namespace="0x02ad318a" />
        <service id="0x000d" sid="13" name="PRESS TV" type="1" provider="ViewSat" onid="1" tsid="4" namespace="0x02ad318a" />
        <service id="0x001f" sid="31" name="Shepherds Touch TV" type="1" provider="ViewSat" onid="1" tsid="4" namespace="0x02ad318a" />
        <service id="0x0004" sid="4" name="IRIB 06 WORLD SERVICE" type="2" provider="ViewSat" onid="1" tsid="4" namespace="0x02ad318a" radio="1" />
      </transponder>
    </satellite>
    <satellite key="02ad31a0:b6fd:0000" name="Sat-68.5E" namespace="0x02ad31a0" position="68.5">
      <transponder key="02ad31a0:b6fd:0000" frequency="12704000" symbol_rate="1082000" polarization="H" fec="7" system="0" modulation="0">
        <service id="0x0001" sid="1" name="YESHUA TV" type="1" provider="" onid="0" tsid="46845" namespace="0x02ad31a0" />
      </transponder>
    </satellite>
    <satellite key="02adb10f:1000:2000" name="Sat-68.5E" namespace="0x02adb10f" position="68.5">
      <transponder key="02adb10f:1000:2000" frequency="12559000" symbol_rate="1250000" polarization="V" fec="7" system="0" modulation="0">
        <service id="0x0001" sid="1" name="Salvation TV" type="1" provider="Harmonic" onid="8192" tsid="4096" namespace="0x02adb10f" />
      </transponder>
    </satellite>
    <satellite key="02adb112:0001:0001" name="Sat-68.5E" namespace="0x02adb112" position="68.5">
      <transponder key="02adb112:0001:0001" frequency="12562000" symbol_rate="2866000" polarization="V" fec="1" system="0" modulation="0">
        <service id="0x000e" sid="14" name="NBCU E! Entertainment" type="1" provider="" onid="1" tsid="1" namespace="0x02adb112" />
      </transponder>
    </satellite>
    <satellite key="02adb11f:0005:0001" name="Sat-68.5E" namespace="0x02adb11f" position="68.5">
      <transponder key="02adb11f:0005:0001" frequency="12575000" symbol_rate="9700000" polarization="V" fec="1" system="0" modulation="0">
        <service id="0x0003" sid="3" name="HC Africa" type="1" provider="MX1" onid="1" tsid="5" namespace="0x02adb11f" />
        <service id="0x0001" sid="1" name="HC International" type="1" provider="MX1" onid="1" tsid="5" namespace="0x02adb11f" />
        <service id="0x0004" sid="4" name="HC MorningStar" type="1" provider="MX1" onid="1" tsid="5" namespace="0x02adb11f" />
        <service id="0x0002" sid="2" name="HC Novo Tempo" type="1" provider="MX1" onid="1" tsid="5" namespace="0x02adb11f" />
        <service id="0x0005" sid="5" name="HC Voice of Hope" type="1" provider="MX1" onid="1" tsid="5" namespace="0x02adb11f" />
        <service id="0x0006" sid="6" name="Maranatha" type="2" provider="MX1" onid="1" tsid="5" namespace="0x02adb11f" radio="1" />
      </transponder>
    </satellite>
    <satellite key="02adb13a:0002:0001" name="Sat-68.5E" namespace="0x02adb13a" position="68.5">
      <transponder key="02adb13a:0002:0001" frequency="12602000" symbol_rate="26657000" polarization="V" fec="2" system="0" modulation="0">
        <service id="0x000d" sid="13" name="Alive TV" type="1" provider="ViewSat" onid="1" tsid="2" namespace="0x02adb13a" />
        <service id="0x0004" sid="4" name="BCS StarCross TV" type="1" provider="ViewSat" onid="1" tsid="2" namespace="0x02adb13a" />
        <service id="0x001c" sid="28" name="Brother Fire TV" type="1" provider="ViewSat" onid="1" tsid="2" namespace="0x02adb13a" />
        <service id="0x0007" sid="7" name="CJ TV" type="1" provider="ViewSat" onid="1" tsid="2" namespace="0x02adb13a" />
        <service id="0x0008" sid="8" name="Dove Vision" type="1" provider="ViewSat" onid="1" tsid="2" namespace="0x02adb13a" />
        <service id="0x000c" sid="12" name="God TV" type="1" provider="ViewSat" onid="1" tsid="2" namespace="0x02adb13a" />
        <service id="0x001b" sid="27" name="Living Water TV" type="1" provider="ViewSat" onid="1" tsid="2" namespace="0x02adb13a" />
        <service id="0x000e" sid="14" name="LoveWorld SAT" type="1" provider="ViewSat" onid="1" tsid="2" namespace="0x02adb13a" />
        <service id="0x0001" sid="1" name="Marima Fire TV" type="1" provider="ViewSat" onid="1" tsid="2" namespace="0x02adb13a" />
        <service id="0x000f" sid="15" name="MFM TV" type="1" provider="ViewSat" onid="1" tsid="2" namespace="0x02adb13a" />
        <service id="0x0003" sid="3" name="Miracle Clouds TV" type="1" provider="Harmonic" onid="1" tsid="2" namespace="0x02adb13a" />
        <service id="0x0002" sid="2" name="Pharez TV" type="1" provider="ViewSat" onid="1" tsid="2" namespace="0x02adb13a" />
        <service id="0x0010" sid="16" name="SAM TV" type="1" provider="ViewSat" onid="1" tsid="2" namespace="0x02adb13a" />
        <service id="0x0009" sid="9" name="Sonlife" type="1" provider="ViewSat" onid="1" tsid="2" namespace="0x02adb13a" />
        <service id="0x000a" sid="10" name="Spirit Word Channel" type="1" provider="ViewSat" onid="1" tsid="2" namespace="0x02adb13a" />
        <service id="0x000b" sid="11" name="VOA Southern Africa" type="2" provider="ViewSat" onid="1" tsid="2" namespace="0x02adb13a" radio="1" />
      </transponder>
    </satellite>
    <satellite key="02adb159:0001:0001" name="Sat-68.5E" namespace="0x02adb159" position="68.5">
      <transponder key="02adb159:0001:0001" frequency="12633000" symbol_rate="16166000" polarization="V" fec="4" system="0" modulation="0">
        <service id="0x0013" sid="19" name="Access TV" type="1" provider="DBS" onid="1" tsid="1" namespace="0x02adb159" />
        <service id="0x000e" sid="14" name="BTV Digital" type="1" provider="DBS" onid="1" tsid="1" namespace="0x02adb159" />
        <service id="0x001a" sid="26" name="BTV Mobile" type="1" provider="DBS" onid="1" tsid="1" namespace="0x02adb159" />
        <service id="0x0011" sid="17" name="France24" type="1" provider="DBS" onid="1" tsid="1" namespace="0x02adb159" />
        <service id="0x0010" sid="16" name="KhudugaHD" type="1" provider="DBS" onid="1" tsid="1" namespace="0x02adb159" />
        <service id="0x0012" sid="18" name="Kwese Free Sports" type="1" provider="DBS" onid="1" tsid="1" namespace="0x02adb159" />
        <service id="0x000f" sid="15" name="NOW!" type="1" provider="DBS" onid="1" tsid="1" namespace="0x02adb159" />
      </transponder>
    </satellite>
    <satellite key="02adb170:0001:ffff" name="Sat-68.5E" namespace="0x02adb170" position="68.5">
      <transponder key="02adb170:0001:ffff" frequency="12656000" symbol_rate="4883000" polarization="V" fec="3" system="0" modulation="0">
        <service id="0x0001" sid="1" name="BTV ENC B" type="1" provider="TELEMEDIA" onid="65535" tsid="1" namespace="0x02adb170" />
      </transponder>
    </satellite>
  </satellites>
</zapit>
