<?xml version='1.0' encoding='utf-8'?>
<zapit>
  <bouquet name="General" category="tv">
    <channel service_ref="1:0:22:0022:7918:217c:eeee0000:0:0:0:" name="ALMA TV" service_name="ALMA TV" provider="Persidera" sid="34" onid="8572" tsid="31000" />
    <channel service_ref="1:0:22:0023:7918:217c:eeee0000:0:0:0:" name="ALMA TV" service_name="ALMA TV" provider="Persidera" sid="35" onid="8572" tsid="31000" />
    <channel service_ref="1:0:22:005b:7918:217c:eeee0000:0:0:0:" name="CANALE 144" service_name="CANALE 144" provider="Persidera" sid="91" onid="8572" tsid="31000" />
    <channel service_ref="1:0:22:003b:7918:217c:eeee0000:0:0:0:" name="CANALE 162" service_name="CANALE 162" provider="Persidera" sid="59" onid="8572" tsid="31000" />
    <channel service_ref="1:0:22:003d:7918:217c:eeee0000:0:0:0:" name="CANALE 230" service_name="CANALE 230" provider="Persidera" sid="61" onid="8572" tsid="31000" />
    <channel service_ref="1:0:22:002d:7918:217c:eeee0000:0:0:0:" name="CANALE 232" service_name="CANALE 232" provider="Persidera" sid="45" onid="8572" tsid="31000" />
    <channel service_ref="1:0:22:0029:7918:217c:eeee0000:0:0:0:" name="CANALE 243" service_name="CANALE 243" provider="Persidera" sid="41" onid="8572" tsid="31000" />
    <channel service_ref="1:0:22:002b:7918:217c:eeee0000:0:0:0:" name="CANALE 263" service_name="CANALE 263" provider="Persidera" sid="43" onid="8572" tsid="31000" />
    <channel service_ref="1:0:22:0026:7918:217c:eeee0000:0:0:0:" name="CHANNEL 24" service_name="CHANNEL 24" provider="Persidera" sid="38" onid="8572" tsid="31000" />
    <channel service_ref="1:0:25:0020:0200:001d:eeee0000:0:0:0:" name="Cielo" service_name="Cielo" provider="Persidera" sid="32" onid="29" tsid="512" />
    <channel service_ref="1:0:22:0031:7918:217c:eeee0000:0:0:0:" name="CUSANO NEWS 7" service_name="CUSANO NEWS 7" provider="Persidera" sid="49" onid="8572" tsid="31000" />
    <channel service_ref="1:0:25:001c:7918:217c:eeee0000:0:0:0:" name="Deejay TV HD" service_name="Deejay TV HD" provider="Persidera" sid="28" onid="8572" tsid="31000" />
    <channel service_ref="1:0:22:005c:0200:001d:eeee0000:0:0:0:" name="frisbee" service_name="frisbee" provider="Persidera" sid="92" onid="29" tsid="512" />
    <channel service_ref="1:0:22:0024:7918:217c:eeee0000:0:0:0:" name="GOLD TV ITALIA" service_name="GOLD TV ITALIA" provider="Persidera" sid="36" onid="8572" tsid="31000" />
    <channel service_ref="1:0:25:000d:7918:217c:eeee0000:0:0:0:" name="HGTV - Home&amp;Garden" service_name="HGTV - Home&amp;Garden" provider="Persidera" sid="13" onid="8572" tsid="31000" />
    <channel service_ref="1:0:22:004e:7918:217c:eeee0000:0:0:0:" name="iL61" service_name="iL61" provider="Persidera" sid="78" onid="8572" tsid="31000" />
    <channel service_ref="1:0:22:004f:7918:217c:eeee0000:0:0:0:" name="iL61" service_name="iL61" provider="Persidera" sid="79" onid="8572" tsid="31000" />
    <channel service_ref="1:0:25:00a0:0200:001d:eeee0000:0:0:0:" name="IlSole24ORE TV" service_name="IlSole24ORE TV" provider="Persidera" sid="160" onid="29" tsid="512" />
    <channel service_ref="1:0:22:002f:7918:217c:eeee0000:0:0:0:" name="Italia 141" service_name="Italia 141" provider="Persidera" sid="47" onid="8572" tsid="31000" />
    <channel service_ref="1:0:22:001e:7918:217c:eeee0000:0:0:0:" name="Italia 150" service_name="Italia 150" provider="Persidera" sid="30" onid="8572" tsid="31000" />
    <channel service_ref="1:0:22:002e:7918:217c:eeee0000:0:0:0:" name="Italia 53" service_name="Italia 53" provider="Persidera" sid="46" onid="8572" tsid="31000" />
    <channel service_ref="1:0:22:008b:7918:217c:eeee0000:0:0:0:" name="ITALIA CHANNEL" service_name="ITALIA CHANNEL" provider="Persidera" sid="139" onid="8572" tsid="31000" />
    <channel service_ref="1:0:22:003d:0200:001d:eeee0000:0:0:0:" name="K2" service_name="K2" provider="Persidera" sid="61" onid="29" tsid="512" />
    <channel service_ref="1:0:22:0025:7918:217c:eeee0000:0:0:0:" name="LA 4 ITALIA" service_name="LA 4 ITALIA" provider="Persidera" sid="37" onid="8572" tsid="31000" />
    <channel service_ref="1:0:22:005a:7918:217c:eeee0000:0:0:0:" name="LUXURY CHANNEL 137" service_name="LUXURY CHANNEL 137" provider="Persidera" sid="90" onid="8572" tsid="31000" />
    <channel service_ref="1:0:25:0002:7918:217c:eeee0000:0:0:0:" name="Motor Trend" service_name="Motor Trend" provider="Persidera" sid="2" onid="8572" tsid="31000" />
    <channel service_ref="1:0:25:0001:7918:217c:eeee0000:0:0:0:" name="NOVE" service_name="NOVE" provider="Persidera" sid="1" onid="8572" tsid="31000" />
    <channel service_ref="1:0:25:000e:7918:217c:eeee0000:0:0:0:" name="NOVE" service_name="NOVE" provider="Persidera" sid="14" onid="8572" tsid="31000" />
    <channel service_ref="1:0:25:001d:7918:217c:eeee0000:0:0:0:" name="NOVE" service_name="NOVE" provider="Persidera" sid="29" onid="8572" tsid="31000" />
    <channel service_ref="1:0:22:007d:7918:217c:eeee0000:0:0:0:" name="PAROLE DI VITA" service_name="PAROLE DI VITA" provider="Persidera" sid="125" onid="8572" tsid="31000" />
    <channel service_ref="1:0:22:005d:7918:217c:eeee0000:0:0:0:" name="PROMO FOOD" service_name="PROMO FOOD" provider="Persidera" sid="93" onid="8572" tsid="31000" />
    <channel service_ref="1:0:22:005e:7918:217c:eeee0000:0:0:0:" name="PROMO HOME" service_name="PROMO HOME" provider="Persidera" sid="94" onid="8572" tsid="31000" />
    <channel service_ref="1:0:22:0028:7918:217c:eeee0000:0:0:0:" name="PROMO KIDS" service_name="PROMO KIDS" provider="Persidera" sid="40" onid="8572" tsid="31000" />
    <channel service_ref="1:0:22:005f:7918:217c:eeee0000:0:0:0:" name="PROMO LIFE" service_name="PROMO LIFE" provider="Persidera" sid="95" onid="8572" tsid="31000" />
    <channel service_ref="1:0:22:003c:7918:217c:eeee0000:0:0:0:" name="PROMO LIVING" service_name="PROMO LIVING" provider="Persidera" sid="60" onid="8572" tsid="31000" />
    <channel service_ref="1:0:22:002c:7918:217c:eeee0000:0:0:0:" name="PROMO SHOPPING" service_name="PROMO SHOPPING" provider="Persidera" sid="44" onid="8572" tsid="31000" />
    <channel service_ref="1:0:22:002a:7918:217c:eeee0000:0:0:0:" name="PROMO SPORT" service_name="PROMO SPORT" provider="Persidera" sid="42" onid="8572" tsid="31000" />
    <channel service_ref="1:0:22:003f:7918:217c:eeee0000:0:0:0:" name="PROMO TRAVEL" service_name="PROMO TRAVEL" provider="Persidera" sid="63" onid="8572" tsid="31000" />
    <channel service_ref="1:0:25:006e:0200:001d:eeee0000:0:0:0:" name="RADIO KISS KISS TV" service_name="RADIO KISS KISS TV" provider="Persidera" sid="110" onid="29" tsid="512" />
    <channel service_ref="1:0:25:001d:0200:001d:eeee0000:0:0:0:" name="RadioItaliaTV" service_name="RadioItaliaTV" provider="Persidera" sid="29" onid="29" tsid="512" />
    <channel service_ref="1:0:25:003c:0200:001d:eeee0000:0:0:0:" name="RadioItaliaTV" service_name="RadioItaliaTV" provider="Persidera" sid="60" onid="29" tsid="512" />
    <channel service_ref="1:0:22:0027:7918:217c:eeee0000:0:0:0:" name="RETE ITALIA" service_name="RETE ITALIA" provider="Persidera" sid="39" onid="8572" tsid="31000" />
    <channel service_ref="1:0:25:005a:0200:001d:eeee0000:0:0:0:" name="Sky TG24" service_name="Sky TG24" provider="Persidera" sid="90" onid="29" tsid="512" />
    <channel service_ref="1:0:25:0020:7918:217c:eeee0000:0:0:0:" name="SPORTITALIA HD" service_name="SPORTITALIA HD" provider="Persidera" sid="32" onid="8572" tsid="31000" />
    <channel service_ref="1:0:25:0021:7918:217c:eeee0000:0:0:0:" name="SPORTITALIA HD" service_name="SPORTITALIA HD" provider="Persidera" sid="33" onid="8572" tsid="31000" />
    <channel service_ref="1:0:22:003e:7918:217c:eeee0000:0:0:0:" name="STARMARKET" service_name="STARMARKET" provider="Persidera" sid="62" onid="8572" tsid="31000" />
    <channel service_ref="1:0:22:0019:0200:001d:eeee0000:0:0:0:" name="Super!" service_name="Super!" provider="Persidera" sid="25" onid="29" tsid="512" />
    <channel service_ref="1:0:25:001c:0200:001d:eeee0000:0:0:0:" name="SUPERTENNIS" service_name="SUPERTENNIS" provider="Persidera" sid="28" onid="29" tsid="512" />
    <channel service_ref="1:0:22:003a:7918:217c:eeee0000:0:0:0:" name="TV 153" service_name="TV 153" provider="Persidera" sid="58" onid="8572" tsid="31000" />
    <channel service_ref="1:0:25:0028:0200:001d:eeee0000:0:0:0:" name="TV2000" service_name="TV2000" provider="Persidera" sid="40" onid="29" tsid="512" />
    <channel service_ref="1:0:25:0029:0200:001d:eeee0000:0:0:0:" name="TV2000" service_name="TV2000" provider="Persidera" sid="41" onid="29" tsid="512" />
    <channel service_ref="1:0:25:001e:0200:001d:eeee0000:0:0:0:" name="TV8 HD" service_name="TV8 HD" provider="Persidera" sid="30" onid="29" tsid="512" />
    <channel service_ref="1:0:25:002e:0200:001d:eeee0000:0:0:0:" name="TV8 HD" service_name="TV8 HD" provider="Persidera" sid="46" onid="29" tsid="512" />
    <channel service_ref="1:0:25:002f:0200:001d:eeee0000:0:0:0:" name="TV8 HD" service_name="TV8 HD" provider="Persidera" sid="47" onid="29" tsid="512" />
    <channel service_ref="1:0:1:0070:0200:001d:eeee0000:0:0:0:" name="TV8 News On Demand" service_name="TV8 News On Demand" provider="Persidera" sid="112" onid="29" tsid="512" />
    <channel service_ref="1:0:1:004e:0200:001d:eeee0000:0:0:0:" name="VH1" service_name="VH1" provider="Persidera" sid="78" onid="29" tsid="512" />
  </bouquet>
  <bouquet name="News" category="tv">
    <channel service_ref="1:0:22:0031:7918:217c:eeee0000:0:0:0:" name="CUSANO NEWS 7" service_name="CUSANO NEWS 7" provider="Persidera" sid="49" onid="8572" tsid="31000" />
    <channel service_ref="1:0:1:0070:0200:001d:eeee0000:0:0:0:" name="TV8 News On Demand" service_name="TV8 News On Demand" provider="Persidera" sid="112" onid="29" tsid="512" />
  </bouquet>
  <bouquet name="Sports" category="tv">
    <channel service_ref="1:0:22:002a:7918:217c:eeee0000:0:0:0:" name="PROMO SPORT" service_name="PROMO SPORT" provider="Persidera" sid="42" onid="8572" tsid="31000" />
    <channel service_ref="1:0:25:0020:7918:217c:eeee0000:0:0:0:" name="SPORTITALIA HD" service_name="SPORTITALIA HD" provider="Persidera" sid="32" onid="8572" tsid="31000" />
    <channel service_ref="1:0:25:0021:7918:217c:eeee0000:0:0:0:" name="SPORTITALIA HD" service_name="SPORTITALIA HD" provider="Persidera" sid="33" onid="8572" tsid="31000" />
  </bouquet>
  <bouquet name="Kids" category="tv">
    <channel service_ref="1:0:22:0028:7918:217c:eeee0000:0:0:0:" name="PROMO KIDS" service_name="PROMO KIDS" provider="Persidera" sid="40" onid="8572" tsid="31000" />
  </bouquet>
  <bouquet name="Sky" category="tv">
    <channel service_ref="1:0:25:005a:0200:001d:eeee0000:0:0:0:" name="Sky TG24" service_name="Sky TG24" provider="Persidera" sid="90" onid="29" tsid="512" />
  </bouquet>
  <bouquet name="ARD/ZDF" category="tv">
    <channel service_ref="1:0:25:000d:7918:217c:eeee0000:0:0:0:" name="HGTV - Home&amp;Garden" service_name="HGTV - Home&amp;Garden" provider="Persidera" sid="13" onid="8572" tsid="31000" />
  </bouquet>
  <bouquet name="RAI" category="tv">
    <channel service_ref="1:0:22:0024:7918:217c:eeee0000:0:0:0:" name="GOLD TV ITALIA" service_name="GOLD TV ITALIA" provider="Persidera" sid="36" onid="8572" tsid="31000" />
    <channel service_ref="1:0:22:002f:7918:217c:eeee0000:0:0:0:" name="Italia 141" service_name="Italia 141" provider="Persidera" sid="47" onid="8572" tsid="31000" />
    <channel service_ref="1:0:22:001e:7918:217c:eeee0000:0:0:0:" name="Italia 150" service_name="Italia 150" provider="Persidera" sid="30" onid="8572" tsid="31000" />
    <channel service_ref="1:0:22:002e:7918:217c:eeee0000:0:0:0:" name="Italia 53" service_name="Italia 53" provider="Persidera" sid="46" onid="8572" tsid="31000" />
    <channel service_ref="1:0:22:008b:7918:217c:eeee0000:0:0:0:" name="ITALIA CHANNEL" service_name="ITALIA CHANNEL" provider="Persidera" sid="139" onid="8572" tsid="31000" />
    <channel service_ref="1:0:22:0025:7918:217c:eeee0000:0:0:0:" name="LA 4 ITALIA" service_name="LA 4 ITALIA" provider="Persidera" sid="37" onid="8572" tsid="31000" />
    <channel service_ref="1:0:25:001d:0200:001d:eeee0000:0:0:0:" name="RadioItaliaTV" service_name="RadioItaliaTV" provider="Persidera" sid="29" onid="29" tsid="512" />
    <channel service_ref="1:0:25:003c:0200:001d:eeee0000:0:0:0:" name="RadioItaliaTV" service_name="RadioItaliaTV" provider="Persidera" sid="60" onid="29" tsid="512" />
    <channel service_ref="1:0:22:0027:7918:217c:eeee0000:0:0:0:" name="RETE ITALIA" service_name="RETE ITALIA" provider="Persidera" sid="39" onid="8572" tsid="31000" />
  </bouquet>
  <bouquet name="TF1" category="tv">
    <channel service_ref="1:0:22:005b:7918:217c:eeee0000:0:0:0:" name="CANALE 144" service_name="CANALE 144" provider="Persidera" sid="91" onid="8572" tsid="31000" />
    <channel service_ref="1:0:22:003b:7918:217c:eeee0000:0:0:0:" name="CANALE 162" service_name="CANALE 162" provider="Persidera" sid="59" onid="8572" tsid="31000" />
    <channel service_ref="1:0:22:003d:7918:217c:eeee0000:0:0:0:" name="CANALE 230" service_name="CANALE 230" provider="Persidera" sid="61" onid="8572" tsid="31000" />
    <channel service_ref="1:0:22:002d:7918:217c:eeee0000:0:0:0:" name="CANALE 232" service_name="CANALE 232" provider="Persidera" sid="45" onid="8572" tsid="31000" />
    <channel service_ref="1:0:22:0029:7918:217c:eeee0000:0:0:0:" name="CANALE 243" service_name="CANALE 243" provider="Persidera" sid="41" onid="8572" tsid="31000" />
    <channel service_ref="1:0:22:002b:7918:217c:eeee0000:0:0:0:" name="CANALE 263" service_name="CANALE 263" provider="Persidera" sid="43" onid="8572" tsid="31000" />
  </bouquet>
  <bouquet name="Switzerland" category="tv">
    <channel service_ref="1:0:22:005a:7918:217c:eeee0000:0:0:0:" name="LUXURY CHANNEL 137" service_name="LUXURY CHANNEL 137" provider="Persidera" sid="90" onid="8572" tsid="31000" />
    <channel service_ref="1:0:22:003a:7918:217c:eeee0000:0:0:0:" name="TV 153" service_name="TV 153" provider="Persidera" sid="58" onid="8572" tsid="31000" />
  </bouquet>
  <bouquet name="Resolution - HD" category="tv">
    <channel service_ref="1:0:25:001c:7918:217c:eeee0000:0:0:0:" name="Deejay TV HD" service_name="Deejay TV HD" provider="Persidera" sid="28" onid="8572" tsid="31000" />
    <channel service_ref="1:0:25:0020:7918:217c:eeee0000:0:0:0:" name="SPORTITALIA HD" service_name="SPORTITALIA HD" provider="Persidera" sid="32" onid="8572" tsid="31000" />
    <channel service_ref="1:0:25:0021:7918:217c:eeee0000:0:0:0:" name="SPORTITALIA HD" service_name="SPORTITALIA HD" provider="Persidera" sid="33" onid="8572" tsid="31000" />
    <channel service_ref="1:0:25:001e:0200:001d:eeee0000:0:0:0:" name="TV8 HD" service_name="TV8 HD" provider="Persidera" sid="30" onid="29" tsid="512" />
    <channel service_ref="1:0:25:002e:0200:001d:eeee0000:0:0:0:" name="TV8 HD" service_name="TV8 HD" provider="Persidera" sid="46" onid="29" tsid="512" />
    <channel service_ref="1:0:25:002f:0200:001d:eeee0000:0:0:0:" name="TV8 HD" service_name="TV8 HD" provider="Persidera" sid="47" onid="29" tsid="512" />
  </bouquet>
  <bouquet name="Shopping" category="tv">
    <channel service_ref="1:0:22:002c:7918:217c:eeee0000:0:0:0:" name="PROMO SHOPPING" service_name="PROMO SHOPPING" provider="Persidera" sid="44" onid="8572" tsid="31000" />
  </bouquet>
  <bouquet name="Others" category="tv">
    <channel service_ref="1:0:22:0022:7918:217c:eeee0000:0:0:0:" name="ALMA TV" service_name="ALMA TV" provider="Persidera" sid="34" onid="8572" tsid="31000" />
    <channel service_ref="1:0:22:0023:7918:217c:eeee0000:0:0:0:" name="ALMA TV" service_name="ALMA TV" provider="Persidera" sid="35" onid="8572" tsid="31000" />
    <channel service_ref="1:0:22:0026:7918:217c:eeee0000:0:0:0:" name="CHANNEL 24" service_name="CHANNEL 24" provider="Persidera" sid="38" onid="8572" tsid="31000" />
    <channel service_ref="1:0:25:0020:0200:001d:eeee0000:0:0:0:" name="Cielo" service_name="Cielo" provider="Persidera" sid="32" onid="29" tsid="512" />
    <channel service_ref="1:0:25:001c:7918:217c:eeee0000:0:0:0:" name="Deejay TV HD" service_name="Deejay TV HD" provider="Persidera" sid="28" onid="8572" tsid="31000" />
    <channel service_ref="1:0:22:005c:0200:001d:eeee0000:0:0:0:" name="frisbee" service_name="frisbee" provider="Persidera" sid="92" onid="29" tsid="512" />
    <channel service_ref="1:0:22:004e:7918:217c:eeee0000:0:0:0:" name="iL61" service_name="iL61" provider="Persidera" sid="78" onid="8572" tsid="31000" />
    <channel service_ref="1:0:22:004f:7918:217c:eeee0000:0:0:0:" name="iL61" service_name="iL61" provider="Persidera" sid="79" onid="8572" tsid="31000" />
    <channel service_ref="1:0:25:00a0:0200:001d:eeee0000:0:0:0:" name="IlSole24ORE TV" service_name="IlSole24ORE TV" provider="Persidera" sid="160" onid="29" tsid="512" />
    <channel service_ref="1:0:22:003d:0200:001d:eeee0000:0:0:0:" name="K2" service_name="K2" provider="Persidera" sid="61" onid="29" tsid="512" />
    <channel service_ref="1:0:25:0002:7918:217c:eeee0000:0:0:0:" name="Motor Trend" service_name="Motor Trend" provider="Persidera" sid="2" onid="8572" tsid="31000" />
    <channel service_ref="1:0:25:0001:7918:217c:eeee0000:0:0:0:" name="NOVE" service_name="NOVE" provider="Persidera" sid="1" onid="8572" tsid="31000" />
    <channel service_ref="1:0:25:000e:7918:217c:eeee0000:0:0:0:" name="NOVE" service_name="NOVE" provider="Persidera" sid="14" onid="8572" tsid="31000" />
    <channel service_ref="1:0:25:001d:7918:217c:eeee0000:0:0:0:" name="NOVE" service_name="NOVE" provider="Persidera" sid="29" onid="8572" tsid="31000" />
    <channel service_ref="1:0:22:007d:7918:217c:eeee0000:0:0:0:" name="PAROLE DI VITA" service_name="PAROLE DI VITA" provider="Persidera" sid="125" onid="8572" tsid="31000" />
    <channel service_ref="1:0:22:005d:7918:217c:eeee0000:0:0:0:" name="PROMO FOOD" service_name="PROMO FOOD" provider="Persidera" sid="93" onid="8572" tsid="31000" />
    <channel service_ref="1:0:22:005e:7918:217c:eeee0000:0:0:0:" name="PROMO HOME" service_name="PROMO HOME" provider="Persidera" sid="94" onid="8572" tsid="31000" />
    <channel service_ref="1:0:22:005f:7918:217c:eeee0000:0:0:0:" name="PROMO LIFE" service_name="PROMO LIFE" provider="Persidera" sid="95" onid="8572" tsid="31000" />
    <channel service_ref="1:0:22:003c:7918:217c:eeee0000:0:0:0:" name="PROMO LIVING" service_name="PROMO LIVING" provider="Persidera" sid="60" onid="8572" tsid="31000" />
    <channel service_ref="1:0:22:003f:7918:217c:eeee0000:0:0:0:" name="PROMO TRAVEL" service_name="PROMO TRAVEL" provider="Persidera" sid="63" onid="8572" tsid="31000" />
    <channel service_ref="1:0:25:006e:0200:001d:eeee0000:0:0:0:" name="RADIO KISS KISS TV" service_name="RADIO KISS KISS TV" provider="Persidera" sid="110" onid="29" tsid="512" />
    <channel service_ref="1:0:22:003e:7918:217c:eeee0000:0:0:0:" name="STARMARKET" service_name="STARMARKET" provider="Persidera" sid="62" onid="8572" tsid="31000" />
    <channel service_ref="1:0:22:0019:0200:001d:eeee0000:0:0:0:" name="Super!" service_name="Super!" provider="Persidera" sid="25" onid="29" tsid="512" />
    <channel service_ref="1:0:25:001c:0200:001d:eeee0000:0:0:0:" name="SUPERTENNIS" service_name="SUPERTENNIS" provider="Persidera" sid="28" onid="29" tsid="512" />
    <channel service_ref="1:0:25:0028:0200:001d:eeee0000:0:0:0:" name="TV2000" service_name="TV2000" provider="Persidera" sid="40" onid="29" tsid="512" />
    <channel service_ref="1:0:25:0029:0200:001d:eeee0000:0:0:0:" name="TV2000" service_name="TV2000" provider="Persidera" sid="41" onid="29" tsid="512" />
    <channel service_ref="1:0:25:001e:0200:001d:eeee0000:0:0:0:" name="TV8 HD" service_name="TV8 HD" provider="Persidera" sid="30" onid="29" tsid="512" />
    <channel service_ref="1:0:25:002e:0200:001d:eeee0000:0:0:0:" name="TV8 HD" service_name="TV8 HD" provider="Persidera" sid="46" onid="29" tsid="512" />
    <channel service_ref="1:0:25:002f:0200:001d:eeee0000:0:0:0:" name="TV8 HD" service_name="TV8 HD" provider="Persidera" sid="47" onid="29" tsid="512" />
    <channel service_ref="1:0:1:004e:0200:001d:eeee0000:0:0:0:" name="VH1" service_name="VH1" provider="Persidera" sid="78" onid="29" tsid="512" />
  </bouquet>
  <bouquet name="Radio" category="radio">
    <channel service_ref="1:0:2:002c:0200:001d:eeee0000:0:0:0:" name="inBlu2000" service_name="inBlu2000" provider="Persidera" sid="44" onid="29" tsid="512" />
    <channel service_ref="1:0:2:000d:0200:001d:eeee0000:0:0:0:" name="R Italia SMI" service_name="R Italia SMI" provider="Persidera" sid="13" onid="29" tsid="512" />
    <channel service_ref="1:0:2:000a:7918:217c:eeee0000:0:0:0:" name="Radio Capital" service_name="Radio Capital" provider="Persidera" sid="10" onid="8572" tsid="31000" />
    <channel service_ref="1:0:2:0009:7918:217c:eeee0000:0:0:0:" name="Radio Deejay" service_name="Radio Deejay" provider="Persidera" sid="9" onid="8572" tsid="31000" />
    <channel service_ref="1:0:2:000b:7918:217c:eeee0000:0:0:0:" name="Radio m2o" service_name="Radio m2o" provider="Persidera" sid="11" onid="8572" tsid="31000" />
    <channel service_ref="1:0:2:000c:7918:217c:eeee0000:0:0:0:" name="Radio Maria" service_name="Radio Maria" provider="Persidera" sid="12" onid="8572" tsid="31000" />
    <channel service_ref="1:0:2:002d:0200:001d:eeee0000:0:0:0:" name="RADIO VATICANA ITALIA" service_name="RADIO VATICANA ITALIA" provider="Persidera" sid="45" onid="29" tsid="512" />
    <channel service_ref="1:0:2:005c:7918:217c:eeee0000:0:0:0:" name="RDS 100% GRANDI SUCCESSI" service_name="RDS 100% GRANDI SUCCESSI" provider="Persidera" sid="92" onid="8572" tsid="31000" />
  </bouquet>
  <bouquet name="Digitale Terrestre                 by Mauriemma" category="tv">
    <channel service_ref="1:0:19:1:7918:217c:eeee0000:0:0:0:" name="NOVE" service_name="NOVE" provider="Persidera" sid="1" onid="8572" tsid="31000" />
    <channel service_ref="1:0:19:2:7918:217c:eeee0000:0:0:0:" name="Motor Trend" service_name="Motor Trend" provider="Persidera" sid="2" onid="8572" tsid="31000" />
    <channel service_ref="1:0:16:4e:7918:217c:eeee0000:0:0:0:" name="iL61" service_name="iL61" provider="Persidera" sid="78" onid="8572" tsid="31000" />
    <channel service_ref="1:0:19:29:7918:217c:eeee0000:0:0:0:" name="CANALE 243" service_name="CANALE 243" provider="Persidera" sid="41" onid="8572" tsid="31000" />
    <channel service_ref="1:0:16:7d:7918:217c:eeee0000:0:0:0:" name="PAROLE DI VITA" service_name="PAROLE DI VITA" provider="Persidera" sid="125" onid="8572" tsid="31000" />
    <channel service_ref="1:0:16:5b:7918:217c:eeee0000:0:0:0:" name="CANALE 144" service_name="CANALE 144" provider="Persidera" sid="91" onid="8572" tsid="31000" />
    <channel service_ref="1:0:16:5c:7918:217c:eeee0000:0:0:0:" name="RDS 100% GRANDI SUCCESSI" service_name="RDS 100% GRANDI SUCCESSI" provider="Persidera" sid="92" onid="8572" tsid="31000" />
    <channel service_ref="1:0:16:5a:7918:217c:eeee0000:0:0:0:" name="LUXURY CHANNEL 137" service_name="LUXURY CHANNEL 137" provider="Persidera" sid="90" onid="8572" tsid="31000" />
    <channel service_ref="1:0:16:8b:7918:217c:eeee0000:0:0:0:" name="ITALIA CHANNEL" service_name="ITALIA CHANNEL" provider="Persidera" sid="139" onid="8572" tsid="31000" />
    <channel service_ref="1:0:16:5d:7918:217c:eeee0000:0:0:0:" name="PROMO FOOD" service_name="PROMO FOOD" provider="Persidera" sid="93" onid="8572" tsid="31000" />
    <channel service_ref="1:0:16:5e:7918:217c:eeee0000:0:0:0:" name="PROMO HOME" service_name="PROMO HOME" provider="Persidera" sid="94" onid="8572" tsid="31000" />
    <channel service_ref="1:0:19:1d:7918:217c:eeee0000:0:0:0:" name="NOVE" service_name="NOVE" provider="Persidera" sid="29" onid="8572" tsid="31000" />
    <channel service_ref="1:0:16:4f:7918:217c:eeee0000:0:0:0:" name="iL61" service_name="iL61" provider="Persidera" sid="79" onid="8572" tsid="31000" />
    <channel service_ref="1:0:19:28:7918:217c:eeee0000:0:0:0:" name="PROMO KIDS" service_name="PROMO KIDS" provider="Persidera" sid="40" onid="8572" tsid="31000" />
    <channel service_ref="1:0:16:5f:7918:217c:eeee0000:0:0:0:" name="PROMO LIFE" service_name="PROMO LIFE" provider="Persidera" sid="95" onid="8572" tsid="31000" />
    <channel service_ref="1:0:2:9:7918:217c:eeee0000:0:0:0:" name="Radio Deejay" service_name="Radio Deejay" provider="Persidera" sid="9" onid="8572" tsid="31000" />
    <channel service_ref="1:0:2:a:7918:217c:eeee0000:0:0:0:" name="Radio Capital" service_name="Radio Capital" provider="Persidera" sid="10" onid="8572" tsid="31000" />
    <channel service_ref="1:0:2:b:7918:217c:eeee0000:0:0:0:" name="Radio m2o" service_name="Radio m2o" provider="Persidera" sid="11" onid="8572" tsid="31000" />
    <channel service_ref="1:0:2:c:7918:217c:eeee0000:0:0:0:" name="Radio Maria" service_name="Radio Maria" provider="Persidera" sid="12" onid="8572" tsid="31000" />
  </bouquet>
</zapit>
