<?xml version='1.0' encoding='utf-8'?>
<zapit api="4">
  <satellites>
    <satellite key="01040000:0005:02be" name="Sat-26E" namespace="0x01040000" position="26">
      <transponder key="01040000:0005:02be" frequency="11823000" symbol_rate="27500000" polarization="V" fec="3" system="0" modulation="0">
        <service id="0x07d8" sid="2008" name="&amp;TV ME" type="25" provider="zee" onid="702" tsid="5" namespace="0x01040000" />
        <service id="0x07e4" sid="2020" name="Amrita TV" type="25" provider="JMC" onid="702" tsid="5" namespace="0x01040000" />
        <service id="0x07ec" sid="2028" name="ARY Musik" type="25" provider="JMC" onid="702" tsid="5" namespace="0x01040000" />
        <service id="0x07eb" sid="2027" name="ARY News" type="25" provider="JMC" onid="702" tsid="5" namespace="0x01040000" />
        <service id="0x07ed" sid="2029" name="ARY Zauq" type="25" provider="JMC" onid="702" tsid="5" namespace="0x01040000" />
        <service id="0x07ea" sid="2026" name="ETV Abhiruchi" type="25" provider="Indiacast Colors" onid="702" tsid="5" namespace="0x01040000" />
        <service id="0x07e7" sid="2023" name="ETV Cinema" type="25" provider="Indiacast Colors" onid="702" tsid="5" namespace="0x01040000" />
        <service id="0x07e9" sid="2025" name="ETV Life" type="25" provider="Indiacast Colors" onid="702" tsid="5" namespace="0x01040000" />
        <service id="0x07de" sid="2014" name="ETV News Kannada" type="25" provider="JMC" onid="702" tsid="5" namespace="0x01040000" />
        <service id="0x07e8" sid="2024" name="ETV Plus (India)" type="25" provider="Indiacast Colors" onid="702" tsid="5" namespace="0x01040000" />
        <service id="0x07df" sid="2015" name="Flowers TV" type="25" provider="JMC" onid="702" tsid="5" namespace="0x01040000" />
        <service id="0x03eb" sid="1003" name="GMA Life TV" type="25" provider="JMC" onid="702" tsid="5" namespace="0x01040000" />
        <service id="0x03e9" sid="1001" name="GMA News TV" type="25" provider="JMC" onid="702" tsid="5" namespace="0x01040000" />
        <service id="0x03ec" sid="1004" name="GMA Pinoy TV" type="25" provider="JMC" onid="702" tsid="5" namespace="0x01040000" />
        <service id="0x07dd" sid="2013" name="Mazhavil Mano" type="25" provider="JMC" onid="702" tsid="5" namespace="0x01040000" />
        <service id="0x07d1" sid="2001" name="my Zee Classic Movies" type="25" provider="JMC" onid="702" tsid="5" namespace="0x01040000" />
        <service id="0x07d4" sid="2004" name="my Zee ETC Bollywood" type="25" provider="JMC" onid="702" tsid="5" namespace="0x01040000" />
        <service id="0x07e1" sid="2017" name="Reporter" type="25" provider="JMC" onid="702" tsid="5" namespace="0x01040000" />
        <service id="0x07d2" sid="2002" name="Zee Action Movies" type="25" provider="JMC" onid="702" tsid="5" namespace="0x01040000" />
        <service id="0x07d6" sid="2006" name="Zee Bangala" type="25" provider="JMC" onid="702" tsid="5" namespace="0x01040000" />
        <service id="0x07da" sid="2010" name="Zee Magic" type="25" provider="JMC" onid="702" tsid="5" namespace="0x01040000" />
        <service id="0x07d3" sid="2003" name="Zee News" type="25" provider="JMC" onid="702" tsid="5" namespace="0x01040000" />
        <service id="0x07d5" sid="2005" name="Zee Tamil" type="25" provider="JMC" onid="702" tsid="5" namespace="0x01040000" />
        <service id="0x07d9" sid="2009" name="Zee Telugu" type="25" provider="Harmonic" onid="702" tsid="5" namespace="0x01040000" />
        <service id="0x07d7" sid="2007" name="Zing" type="25" provider="JMC" onid="702" tsid="5" namespace="0x01040000" />
      </transponder>
    </satellite>
    <satellite key="01040000:001a:001b" name="Sat-26E" namespace="0x01040000" position="26">
      <transponder key="01040000:001a:001b" frequency="12523000" symbol_rate="27500000" polarization="H" fec="3" system="0" modulation="0">
        <service id="0x0009" sid="9" name="Al Majlis" type="1" provider="MOI" onid="27" tsid="26" namespace="0x01040000" />
        <service id="0x006e" sid="110" name="HD-KTV Sports" type="1" provider="MOI" onid="27" tsid="26" namespace="0x01040000" />
        <service id="0x0001" sid="1" name="KTV 1" type="1" provider="MOI" onid="27" tsid="26" namespace="0x01040000" />
        <service id="0x0028" sid="40" name="KTV 1 HD" type="1" provider="MOI" onid="27" tsid="26" namespace="0x01040000" />
        <service id="0x0002" sid="2" name="KTV 2" type="1" provider="MOI" onid="27" tsid="26" namespace="0x01040000" />
        <service id="0x0003" sid="3" name="KTV 3 Youth Sport|  11h-23h CET" type="1" provider="MOI" onid="27" tsid="26" namespace="0x01040000" />
        <service id="0x0006" sid="6" name="KTV Al Arabi" type="1" provider="MOI" onid="27" tsid="26" namespace="0x01040000" />
        <service id="0x0005" sid="5" name="KTV Ethraa" type="1" provider="MOI" onid="27" tsid="26" namespace="0x01040000" />
        <service id="0x000a" sid="10" name="Kuwait Plus" type="1" provider="MOI" onid="27" tsid="26" namespace="0x01040000" />
        <service id="0x0004" sid="4" name="Kuwait Sports Plus" type="1" provider="MOI" onid="27" tsid="26" namespace="0x01040000" />
      </transponder>
    </satellite>
    <satellite key="01040000:001a:0088" name="Sat-26E" namespace="0x01040000" position="26">
      <transponder key="01040000:001a:0088" frequency="12563000" symbol_rate="27500000" polarization="V" fec="3" system="0" modulation="0">
        <service id="0x0008" sid="8" name="Chinguit TV" type="1" provider="SVS" onid="136" tsid="26" namespace="0x01040000" />
        <service id="0x0009" sid="9" name="Dava TV" type="1" provider="SVS" onid="136" tsid="26" namespace="0x01040000" />
        <service id="0x0007" sid="7" name="El Mahadra" type="1" provider="SVS" onid="136" tsid="26" namespace="0x01040000" />
        <service id="0x0002" sid="2" name="El Mouritania 2" type="1" provider="TV MAURITANIE" onid="136" tsid="26" namespace="0x01040000" />
        <service id="0x0006" sid="6" name="el-Morabitoune TV" type="1" provider="SVS" onid="136" tsid="26" namespace="0x01040000" />
        <service id="0x0001" sid="1" name="Mauritanian TV" type="1" provider="TV-MAURITANIE" onid="136" tsid="26" namespace="0x01040000" />
        <service id="0x0003" sid="3" name="Sahel TV" type="1" provider="TDM" onid="136" tsid="26" namespace="0x01040000" />
        <service id="0x0005" sid="5" name="TDM Promotional Channel" type="1" provider="SVS" onid="136" tsid="26" namespace="0x01040000" />
        <service id="0x000a" sid="10" name="TV 10" type="1" provider="SVS" onid="136" tsid="26" namespace="0x01040000" />
        <service id="0x000b" sid="11" name="TV 11" type="1" provider="SVS" onid="136" tsid="26" namespace="0x01040000" />
        <service id="0x000c" sid="12" name="TV 12" type="1" provider="SVS" onid="136" tsid="26" namespace="0x01040000" />
        <service id="0x000d" sid="13" name="TV 13" type="1" provider="SVS" onid="136" tsid="26" namespace="0x01040000" />
        <service id="0x000e" sid="14" name="TV 14" type="1" provider="SVS" onid="136" tsid="26" namespace="0x01040000" />
        <service id="0x0004" sid="4" name="Wataniah TV" type="1" provider="SVS" onid="136" tsid="26" namespace="0x01040000" />
      </transponder>
    </satellite>
    <satellite key="01040000:001a:0800" name="Sat-26E" namespace="0x01040000" position="26">
      <transponder key="01040000:001a:0800" frequency="10810000" symbol_rate="27500000" polarization="V" fec="3" system="0" modulation="0">
        <service id="0x0067" sid="103" name="AB 1" type="25" provider="MyHD" onid="2048" tsid="26" namespace="0x01040000" />
        <service id="0x025a" sid="602" name="AB 3" type="25" provider="MyHD" onid="2048" tsid="26" namespace="0x01040000" />
        <service id="0x026a" sid="618" name="AB Moteurs" type="25" provider="MyHD" onid="2048" tsid="26" namespace="0x01040000" />
        <service id="0x025c" sid="604" name="Action" type="25" provider="MyHD" onid="2048" tsid="26" namespace="0x01040000" />
        <service id="0x0069" sid="105" name="Chasse et Pêche" type="25" provider="MyHD" onid="2048" tsid="26" namespace="0x01040000" />
        <service id="0x025d" sid="605" name="Ciné FX" type="25" provider="MyHD" onid="2048" tsid="26" namespace="0x01040000" />
        <service id="0x025e" sid="606" name="Ciné Polar" type="25" provider="MyHD" onid="2048" tsid="26" namespace="0x01040000" />
        <service id="0x010c" sid="268" name="Golf Channel France" type="25" provider="MyHD" onid="2048" tsid="26" namespace="0x01040000" />
        <service id="0x025f" sid="607" name="Mangas" type="25" provider="MyHD" onid="2048" tsid="26" namespace="0x01040000" />
        <service id="0x025b" sid="603" name="RTL 9" type="25" provider="MyHD" onid="2048" tsid="26" namespace="0x01040000" />
        <service id="0x010a" sid="266" name="Science et Vie" type="25" provider="MyHD" onid="2048" tsid="26" namespace="0x01040000" />
        <service id="0x0068" sid="104" name="Trek" type="25" provider="MyHD" onid="2048" tsid="26" namespace="0x01040000" />
      </transponder>
    </satellite>
    <satellite key="01040000:001a:02be" name="Sat-26E" namespace="0x01040000" position="26">
      <transponder key="01040000:001a:02be" frequency="12015000" symbol_rate="27500000" polarization="V" fec="3" system="0" modulation="0">
        <service id="0x0a2d" sid="2605" name="Ajial" type="1" provider="Arabsat" onid="702" tsid="26" namespace="0x01040000" />
        <service id="0x0a2c" sid="2604" name="Al Ekhbaria" type="1" provider="Arabsat" onid="702" tsid="26" namespace="0x01040000" />
        <service id="0x15e4" sid="5604" name="Al Eqtisadia" type="1" provider="Arabsat" onid="702" tsid="26" namespace="0x01040000" />
        <service id="0x15e1" sid="5601" name="Al Haramien" type="1" provider="Arabsat" onid="702" tsid="26" namespace="0x01040000" />
        <service id="0x0a2b" sid="2603" name="Al Riyadiah Satellite" type="1" provider="Arabsat" onid="702" tsid="26" namespace="0x01040000" />
        <service id="0x15e2" sid="5602" name="Al Siera Al Nabaweia" type="1" provider="Arabsat" onid="702" tsid="26" namespace="0x01040000" />
        <service id="0x15e3" sid="5603" name="Al Thakafeyia" type="1" provider="Arabsat" onid="702" tsid="26" namespace="0x01040000" />
        <service id="0x0a29" sid="2601" name="Saudi Channel 1" type="1" provider="Arabsat" onid="702" tsid="26" namespace="0x01040000" />
        <service id="0x0a2a" sid="2602" name="Saudi Channel 2" type="1" provider="Arabsat" onid="702" tsid="26" namespace="0x01040000" />
      </transponder>
    </satellite>
    <satellite key="01040000:0023:02be" name="Sat-26E" namespace="0x01040000" position="26">
      <transponder key="01040000:0023:02be" frequency="12380000" symbol_rate="27500000" polarization="H" fec="3" system="0" modulation="0">
        <service id="0x0031" sid="49" name="Prime 1" type="25" provider="jmc" onid="702" tsid="35" namespace="0x01040000" />
        <service id="0x004a" sid="74" name="prime 2" type="25" provider="jmc" onid="702" tsid="35" namespace="0x01040000" />
        <service id="0x004b" sid="75" name="Prime 3" type="25" provider="jmc" onid="702" tsid="35" namespace="0x01040000" />
        <service id="0x006d" sid="109" name="Seevii  Kharabeesh" type="25" provider="" onid="702" tsid="35" namespace="0x01040000" />
        <service id="0x0030" sid="48" name="Seevii 4k" type="25" provider="" onid="702" tsid="35" namespace="0x01040000" />
        <service id="0x002c" sid="44" name="Seevii Al ola HD" type="25" provider="JMC" onid="702" tsid="35" namespace="0x01040000" />
        <service id="0x0035" sid="53" name="Seevii Alola HD" type="25" provider="" onid="702" tsid="35" namespace="0x01040000" />
        <service id="0x0036" sid="54" name="Seevii Bee link HD" type="25" provider="JMC" onid="702" tsid="35" namespace="0x01040000" />
        <service id="0x00c1" sid="193" name="SeeVii Beelink" type="25" provider="" onid="702" tsid="35" namespace="0x01040000" />
        <service id="0x002d" sid="45" name="Seevii Drama HD" type="25" provider="jmc" onid="702" tsid="35" namespace="0x01040000" />
        <service id="0x0037" sid="55" name="Seevii Drama HD" type="25" provider="" onid="702" tsid="35" namespace="0x01040000" />
        <service id="0x006e" sid="110" name="SeeVii Nautical" type="25" provider="" onid="702" tsid="35" namespace="0x01040000" />
        <service id="0x006f" sid="111" name="SeeVii Premier 2" type="25" provider="" onid="702" tsid="35" namespace="0x01040000" />
        <service id="0x0028" sid="40" name="SeeVii Prime 1 HD" type="25" provider="" onid="702" tsid="35" namespace="0x01040000" />
        <service id="0x0029" sid="41" name="Seevii Prime 2 HD" type="25" provider="" onid="702" tsid="35" namespace="0x01040000" />
        <service id="0x002b" sid="43" name="Seevii Prime 3 HD" type="25" provider="" onid="702" tsid="35" namespace="0x01040000" />
        <service id="0x0034" sid="52" name="SeeVii Shamiya HD" type="25" provider="" onid="702" tsid="35" namespace="0x01040000" />
        <service id="0x006c" sid="108" name="SeeVii Shamiya HD" type="25" provider="" onid="702" tsid="35" namespace="0x01040000" />
        <service id="0x003f" sid="63" name="SeeVii Showcase" type="25" provider="" onid="702" tsid="35" namespace="0x01040000" />
      </transponder>
    </satellite>
    <satellite key="01040000:0064:006f" name="Sat-26E" namespace="0x01040000" position="26">
      <transponder key="01040000:0064:006f" frequency="12437000" symbol_rate="27500000" polarization="V" fec="3" system="0" modulation="0">
        <service id="0x0003" sid="3" name="Al Rayyan HD 2" type="1" provider="Alrayyan" onid="111" tsid="100" namespace="0x01040000" />
        <service id="0x0004" sid="4" name="Al Rayyan HD Europe" type="1" provider="Alrayyan" onid="111" tsid="100" namespace="0x01040000" />
        <service id="0x0002" sid="2" name="Al Rayyan TV" type="1" provider="Alrayyan" onid="111" tsid="100" namespace="0x01040000" />
        <service id="0x0001" sid="1" name="Al Rayyan TV HD" type="1" provider="Alrayyan" onid="111" tsid="100" namespace="0x01040000" />
      </transponder>
    </satellite>
    <satellite key="01040000:012d:02be" name="Sat-26E" namespace="0x01040000" position="26">
      <transponder key="01040000:012d:02be" frequency="10971000" symbol_rate="27500000" polarization="V" fec="3" system="0" modulation="0">
        <service id="0x00c1" sid="193" name="Al Kawthar" type="1" provider="JMC" onid="702" tsid="301" namespace="0x01040000" />
        <service id="0x01d0" sid="464" name="Cartoon Network Arabia" type="1" provider="jmc" onid="702" tsid="301" namespace="0x01040000" />
        <service id="0x06a7" sid="1703" name="RT Arabic HD" type="1" provider="JMC" onid="702" tsid="301" namespace="0x01040000" />
        <service id="0x0001" sid="1" name="SeeVii Drama" type="1" provider="Harmonic" onid="702" tsid="301" namespace="0x01040000" />
      </transponder>
    </satellite>
    <satellite key="01040000:01f6:02be" name="Sat-26E" namespace="0x01040000" position="26">
      <transponder key="01040000:01f6:02be" frequency="11938000" symbol_rate="27500000" polarization="V" fec="4" system="0" modulation="0">
        <service id="0x021d" sid="541" name="Abu Alfeda TV" type="1" provider="JMC" onid="702" tsid="502" namespace="0x01040000" />
        <service id="0x00fa" sid="250" name="Al Arabiya" type="1" provider="JMC" onid="702" tsid="502" namespace="0x01040000" />
        <service id="0x001c" sid="28" name="Al Hurra" type="1" provider="JMC" onid="702" tsid="502" namespace="0x01040000" />
        <service id="0x024f" sid="591" name="Al Hurra HD" type="1" provider="JMC" onid="702" tsid="502" namespace="0x01040000" />
        <service id="0x000d" sid="13" name="Al Hurra Iraq" type="1" provider="JMC`" onid="702" tsid="502" namespace="0x01040000" />
        <service id="0x00e6" sid="230" name="Alarab News Channel" type="1" provider="JMC" onid="702" tsid="502" namespace="0x01040000" />
        <service id="0x00e8" sid="232" name="Alarab News Channel" type="1" provider="JMC" onid="702" tsid="502" namespace="0x01040000" />
        <service id="0x024b" sid="587" name="AREWA24" type="1" provider="JMC" onid="702" tsid="502" namespace="0x01040000" />
        <service id="0x00dd" sid="221" name="DiTVe1" type="1" provider="JMC" onid="702" tsid="502" namespace="0x01040000" />
        <service id="0x00df" sid="223" name="Ma3akom" type="1" provider="JMC" onid="702" tsid="502" namespace="0x01040000" />
        <service id="0x00de" sid="222" name="NHK WORLD RADIO JAPAN" type="1" provider="JMC" onid="702" tsid="502" namespace="0x01040000" />
        <service id="0x00f9" sid="249" name="Quest Arabiya" type="1" provider="JMC" onid="702" tsid="502" namespace="0x01040000" />
        <service id="0x024e" sid="590" name="Test" type="1" provider="JMC" onid="702" tsid="502" namespace="0x01040000" />
      </transponder>
    </satellite>
    <satellite key="01040000:01f7:02be" name="Sat-26E" namespace="0x01040000" position="26">
      <transponder key="01040000:01f7:02be" frequency="11862000" symbol_rate="27500000" polarization="V" fec="3" system="0" modulation="0">
        <service id="0x0006" sid="6" name="Kalba TV" type="1" provider="Provider" onid="702" tsid="503" namespace="0x01040000" />
        <service id="0x0001" sid="1" name="Sharjah TV" type="1" provider="" onid="702" tsid="503" namespace="0x01040000" />
        <service id="0x0004" sid="4" name="TEST" type="1" provider="Provider" onid="702" tsid="503" namespace="0x01040000" />
        <service id="0x0003" sid="3" name="TEST 3" type="1" provider="Provider" onid="702" tsid="503" namespace="0x01040000" />
        <service id="0x0008" sid="8" name="TEST1" type="1" provider="Provider" onid="702" tsid="503" namespace="0x01040000" />
        <service id="0x0007" sid="7" name="TEST2" type="1" provider="TANDBERG" onid="702" tsid="503" namespace="0x01040000" />
      </transponder>
    </satellite>
    <satellite key="01040000:01f8:02be" name="Sat-26E" namespace="0x01040000" position="26">
      <transponder key="01040000:01f8:02be" frequency="11804000" symbol_rate="27500000" polarization="H" fec="3" system="0" modulation="0">
        <service id="0x000b" sid="11" name="Abu Dhabi Drama" type="1" provider="ADTV" onid="702" tsid="504" namespace="0x01040000" />
        <service id="0x000a" sid="10" name="Abu Dhabi Sports 2" type="1" provider="ADTV" onid="702" tsid="504" namespace="0x01040000" />
        <service id="0x0005" sid="5" name="Abu Dhabi Sports HD" type="1" provider="ADTV" onid="702" tsid="504" namespace="0x01040000" />
        <service id="0x0002" sid="2" name="Abu Dhabi TV HD" type="1" provider="ADTV Channel" onid="702" tsid="504" namespace="0x01040000" />
        <service id="0x0003" sid="3" name="Almajd Kids" type="1" provider="ADTV" onid="702" tsid="504" namespace="0x01040000" />
        <service id="0x0001" sid="1" name="Emirates Channel" type="1" provider="ADTV" onid="702" tsid="504" namespace="0x01040000" />
        <service id="0x0008" sid="8" name="National Geographic Abu Dhabi" type="1" provider="ADTV" onid="702" tsid="504" namespace="0x01040000" />
        <service id="0x0006" sid="6" name="YAS Sports" type="1" provider="ADTV" onid="702" tsid="504" namespace="0x01040000" />
      </transponder>
    </satellite>
    <satellite key="01040000:01f9:02be" name="Sat-26E" namespace="0x01040000" position="26">
      <transponder key="01040000:01f9:02be" frequency="11785000" symbol_rate="27500000" polarization="V" fec="3" system="0" modulation="0">
        <service id="0x000b" sid="11" name="Canal Algérie" type="1" provider="ARABSAT" onid="702" tsid="505" namespace="0x01040000" />
        <service id="0x0001" sid="1" name="CCTV-A" type="1" provider="ARABSAT" onid="702" tsid="505" namespace="0x01040000" />
        <service id="0x0067" sid="103" name="CNN International" type="1" provider="Service Provider" onid="702" tsid="505" namespace="0x01040000" />
        <service id="0x000c" sid="12" name="Libya Alwatnya" type="1" provider="ARABSAT" onid="702" tsid="505" namespace="0x01040000" />
        <service id="0x0005" sid="5" name="TEST" type="1" provider="" onid="702" tsid="505" namespace="0x01040000" />
        <service id="0x000e" sid="14" name="TEST" type="1" provider="" onid="702" tsid="505" namespace="0x01040000" />
      </transponder>
    </satellite>
    <satellite key="01040000:01fa:02be" name="Sat-26E" namespace="0x01040000" position="26">
      <transponder key="01040000:01fa:02be" frequency="12054000" symbol_rate="27500000" polarization="V" fec="3" system="0" modulation="0">
        <service id="0x071b" sid="1819" name="Al Arabiya" type="1" provider="" onid="702" tsid="506" namespace="0x01040000" />
        <service id="0x02c5" sid="709" name="Al Hiwar TV" type="1" provider="" onid="702" tsid="506" namespace="0x01040000" />
        <service id="0x070d" sid="1805" name="Alrai TV" type="1" provider="" onid="702" tsid="506" namespace="0x01040000" />
        <service id="0x070b" sid="1803" name="Future TV International" type="1" provider="" onid="702" tsid="506" namespace="0x01040000" />
        <service id="0x070a" sid="1802" name="Jordan Satellite Channel" type="1" provider="" onid="702" tsid="506" namespace="0x01040000" />
        <service id="0x02c8" sid="712" name="Nour El Sham" type="1" provider="" onid="702" tsid="506" namespace="0x01040000" />
        <service id="0x02c7" sid="711" name="Press TV" type="1" provider="" onid="702" tsid="506" namespace="0x01040000" />
        <service id="0x02c9" sid="713" name="Syrian Drama TV" type="1" provider="" onid="702" tsid="506" namespace="0x01040000" />
        <service id="0x070f" sid="1807" name="TEST" type="1" provider="JMC" onid="702" tsid="506" namespace="0x01040000" />
      </transponder>
    </satellite>
    <satellite key="01040000:01fb:02be" name="Sat-26E" namespace="0x01040000" position="26">
      <transponder key="01040000:01fb:02be" frequency="12207000" symbol_rate="27500000" polarization="V" fec="3" system="0" modulation="0">
        <service id="0x0a2d" sid="2605" name="Al Arabiya" type="1" provider="JMC" onid="702" tsid="507" namespace="0x01040000" />
        <service id="0x0a46" sid="2630" name="Citruss TV" type="1" provider="jmc" onid="702" tsid="507" namespace="0x01040000" />
        <service id="0x0a2c" sid="2604" name="Qatar TV" type="1" provider="JMC" onid="702" tsid="507" namespace="0x01040000" />
        <service id="0x0a29" sid="2601" name="RTD Djibouti" type="1" provider="JMC" onid="702" tsid="507" namespace="0x01040000" />
        <service id="0x0a32" sid="2610" name="Sehraya" type="1" provider="JMC" onid="702" tsid="507" namespace="0x01040000" />
        <service id="0x0a2f" sid="2607" name="Southern Sudan TV" type="1" provider="JMC" onid="702" tsid="507" namespace="0x01040000" />
        <service id="0x0a30" sid="2608" name="Test" type="1" provider="JMC" onid="702" tsid="507" namespace="0x01040000" />
        <service id="0x0a49" sid="2633" name="Télé Liban" type="1" provider="JMC" onid="702" tsid="507" namespace="0x01040000" />
      </transponder>
    </satellite>
    <satellite key="01040000:01fc:02be" name="Sat-26E" namespace="0x01040000" position="26">
      <transponder key="01040000:01fc:02be" frequency="12130000" symbol_rate="27500000" polarization="V" fec="3" system="0" modulation="0">
        <service id="0x017f" sid="383" name="Dubai Al Oula" type="1" provider="DU" onid="702" tsid="508" namespace="0x01040000" />
        <service id="0x08a1" sid="2209" name="Dubai Racing 3" type="1" provider="DU" onid="702" tsid="508" namespace="0x01040000" />
        <service id="0x089e" sid="2206" name="Dubai Sports 4" type="1" provider="DU" onid="702" tsid="508" namespace="0x01040000" />
        <service id="0x089a" sid="2202" name="Dubai Sports Channel" type="1" provider="du" onid="702" tsid="508" namespace="0x01040000" />
        <service id="0x08a3" sid="2211" name="Dubai Zaman" type="1" provider="DU" onid="702" tsid="508" namespace="0x01040000" />
        <service id="0x08a0" sid="2208" name="Noor Dubai" type="1" provider="DU" onid="702" tsid="508" namespace="0x01040000" />
        <service id="0x089b" sid="2203" name="One TV" type="1" provider="DU" onid="702" tsid="508" namespace="0x01040000" />
        <service id="0x089c" sid="2204" name="Sama Dubai" type="1" provider="du" onid="702" tsid="508" namespace="0x01040000" />
      </transponder>
    </satellite>
    <satellite key="01040000:01fd:02be" name="Sat-26E" namespace="0x01040000" position="26">
      <transponder key="01040000:01fd:02be" frequency="11996000" symbol_rate="27500000" polarization="H" fec="3" system="0" modulation="0">
        <service id="0x0012" sid="18" name="Al Haqiqa" type="1" provider="ARABSAT" onid="702" tsid="509" namespace="0x01040000" />
        <service id="0x000b" sid="11" name="BBC Arabic" type="1" provider="BBC World Service" onid="702" tsid="509" namespace="0x01040000" />
        <service id="0x000c" sid="12" name="CNBC Arabiyah" type="1" provider="du" onid="702" tsid="509" namespace="0x01040000" />
        <service id="0x000f" sid="15" name="DW-TV Arabic (Deutsche Welle)" type="1" provider="Deutsche Welle" onid="702" tsid="509" namespace="0x01040000" />
        <service id="0x001f" sid="31" name="France 24 (en Français)" type="1" provider="" onid="702" tsid="509" namespace="0x01040000" />
        <service id="0x000a" sid="10" name="France 24 (in Arabic)" type="1" provider="France 24" onid="702" tsid="509" namespace="0x01040000" />
        <service id="0x000e" sid="14" name="France 24 (in English)" type="1" provider="Eutelsat" onid="702" tsid="509" namespace="0x01040000" />
        <service id="0x0013" sid="19" name="Iqraa TV" type="1" provider="ARABSAT" onid="702" tsid="509" namespace="0x01040000" />
        <service id="0x000d" sid="13" name="Sky News Arabia" type="1" provider="OSN" onid="702" tsid="509" namespace="0x01040000" />
      </transponder>
    </satellite>
    <satellite key="01040000:01fe:02be" name="Sat-26E" namespace="0x01040000" position="26">
      <transponder key="01040000:01fe:02be" frequency="12073000" symbol_rate="27500000" polarization="H" fec="3" system="0" modulation="0">
        <service id="0x012e" sid="302" name="Afrique Media" type="1" provider="GLOBECAST" onid="702" tsid="510" namespace="0x01040000" />
        <service id="0x012f" sid="303" name="Al Janoubia" type="1" provider="JMC" onid="702" tsid="510" namespace="0x01040000" />
        <service id="0x0054" sid="84" name="BBC World News|  | Middle-East" type="1" provider="ARABSAT" onid="702" tsid="510" namespace="0x01040000" />
        <service id="0x012d" sid="301" name="EuroNews" type="1" provider="ARABSAT" onid="702" tsid="510" namespace="0x01040000" />
        <service id="0x008f" sid="143" name="Hannibal" type="1" provider="" onid="702" tsid="510" namespace="0x01040000" />
        <service id="0x014b" sid="331" name="Program 1" type="1" provider="" onid="702" tsid="510" namespace="0x01040000" />
        <service id="0x014a" sid="330" name="RTI La Première" type="1" provider="RTI C.I" onid="702" tsid="510" namespace="0x01040000" />
        <service id="0x005f" sid="95" name="TRT World HD" type="1" provider="ARABSAT" onid="702" tsid="510" namespace="0x01040000" />
        <service id="0x005a" sid="90" name="Tunisia Nat 2" type="1" provider="" onid="702" tsid="510" namespace="0x01040000" />
        <service id="0x008e" sid="142" name="Tunisie TV 1" type="1" provider="" onid="702" tsid="510" namespace="0x01040000" />
        <service id="0x0055" sid="85" name="TV5 Monde Orient HD" type="1" provider="" onid="702" tsid="510" namespace="0x01040000" />
      </transponder>
    </satellite>
    <satellite key="01040000:01ff:02be" name="Sat-26E" namespace="0x01040000" position="26">
      <transponder key="01040000:01ff:02be" frequency="12111000" symbol_rate="27500000" polarization="H" fec="3" system="0" modulation="0">
        <service id="0x0009" sid="9" name="Alaan TV" type="1" provider="" onid="702" tsid="511" namespace="0x01040000" />
        <service id="0x0002" sid="2" name="Arirang TV" type="1" provider="" onid="702" tsid="511" namespace="0x01040000" />
        <service id="0x000c" sid="12" name="Ashorooq TV" type="1" provider="" onid="702" tsid="511" namespace="0x01040000" />
        <service id="0x000b" sid="11" name="Citruss TV" type="1" provider="DU" onid="702" tsid="511" namespace="0x01040000" />
        <service id="0x000e" sid="14" name="Jawna" type="1" provider="" onid="702" tsid="511" namespace="0x01040000" />
        <service id="0x000f" sid="15" name="Peace TV" type="1" provider="" onid="702" tsid="511" namespace="0x01040000" />
        <service id="0x000a" sid="10" name="Peace TV HD" type="1" provider="" onid="702" tsid="511" namespace="0x01040000" />
      </transponder>
    </satellite>
    <satellite key="01040000:0200:02be" name="Sat-26E" namespace="0x01040000" position="26">
      <transponder key="01040000:0200:02be" frequency="11919000" symbol_rate="27500000" polarization="H" fec="3" system="0" modulation="0">
        <service id="0x0002" sid="2" name="MBC 1" type="1" provider="MBC" onid="702" tsid="512" namespace="0x01040000" />
        <service id="0x0003" sid="3" name="MBC 2" type="1" provider="MBC" onid="702" tsid="512" namespace="0x01040000" />
        <service id="0x0004" sid="4" name="MBC 3" type="1" provider="MBC" onid="702" tsid="512" namespace="0x01040000" />
        <service id="0x0005" sid="5" name="MBC 4" type="1" provider="MBC" onid="702" tsid="512" namespace="0x01040000" />
        <service id="0x0006" sid="6" name="MBC Action" type="1" provider="MBC" onid="702" tsid="512" namespace="0x01040000" />
        <service id="0x0001" sid="1" name="MBC Bollywood" type="1" provider="MBC" onid="702" tsid="512" namespace="0x01040000" />
        <service id="0x001c" sid="28" name="MBC Drama" type="1" provider="MBC" onid="702" tsid="512" namespace="0x01040000" />
        <service id="0x100e" sid="4110" name="MBC Group" type="1" provider="MBC" onid="702" tsid="512" namespace="0x01040000" />
        <service id="0x0008" sid="8" name="MBC Max" type="1" provider="MBC" onid="702" tsid="512" namespace="0x01040000" />
        <service id="0x001b" sid="27" name="MBC TEST 1" type="1" provider="MBC" onid="702" tsid="512" namespace="0x01040000" />
        <service id="0x003a" sid="58" name="MBC TEST 2" type="1" provider="MBC" onid="702" tsid="512" namespace="0x01040000" />
        <service id="0x0009" sid="9" name="Test" type="1" provider="MBC" onid="702" tsid="512" namespace="0x01040000" />
      </transponder>
    </satellite>
    <satellite key="01040000:0202:02be" name="Sat-26E" namespace="0x01040000" position="26">
      <transponder key="01040000:0202:02be" frequency="12226000" symbol_rate="27500000" polarization="H" fec="3" system="0" modulation="0">
        <service id="0x0001" sid="1" name="Bahrain HD" type="1" provider="" onid="702" tsid="514" namespace="0x01040000" />
        <service id="0x0005" sid="5" name="Bahrain International" type="1" provider="" onid="702" tsid="514" namespace="0x01040000" />
        <service id="0x0002" sid="2" name="Bahrain International HD" type="1" provider="" onid="702" tsid="514" namespace="0x01040000" />
        <service id="0x0006" sid="6" name="Bahrain Quran" type="1" provider="" onid="702" tsid="514" namespace="0x01040000" />
        <service id="0x0003" sid="3" name="Bahrain Sport 1 HD" type="1" provider="" onid="702" tsid="514" namespace="0x01040000" />
        <service id="0x0004" sid="4" name="Bahrain Sport 2 HD" type="1" provider="" onid="702" tsid="514" namespace="0x01040000" />
        <service id="0x0007" sid="7" name="Bahrain TV" type="1" provider="" onid="702" tsid="514" namespace="0x01040000" />
      </transponder>
    </satellite>
    <satellite key="01040000:0208:02be" name="Sat-26E" namespace="0x01040000" position="26">
      <transponder key="01040000:0208:02be" frequency="12092000" symbol_rate="27500000" polarization="V" fec="4" system="0" modulation="0">
        <service id="0x001b" sid="27" name="Al Hadath" type="1" provider="ARABSAT" onid="702" tsid="520" namespace="0x01040000" />
        <service id="0x001d" sid="29" name="Quest Arabiya HD" type="1" provider="Etisalat" onid="702" tsid="520" namespace="0x01040000" />
        <service id="0x001c" sid="28" name="Test" type="1" provider="ARABSAT" onid="702" tsid="520" namespace="0x01040000" />
        <service id="0x000f" sid="15" name="Test1" type="1" provider="ARABSAT 520" onid="702" tsid="520" namespace="0x01040000" />
        <service id="0x000b" sid="11" name="Test3" type="1" provider="ARABSAT 520" onid="702" tsid="520" namespace="0x01040000" />
        <service id="0x000c" sid="12" name="TRT Arapça" type="1" provider="ARABSAT 520" onid="702" tsid="520" namespace="0x01040000" />
      </transponder>
    </satellite>
    <satellite key="01040000:022b:02be" name="Sat-26E" namespace="0x01040000" position="26">
      <transponder key="01040000:022b:02be" frequency="12245000" symbol_rate="27500000" polarization="V" fec="4" system="0" modulation="0">
        <service id="0x0003" sid="3" name="Al Kass HD" type="25" provider="Al Dawri Al Kass" onid="702" tsid="555" namespace="0x01040000" />
        <service id="0x0001" sid="1" name="Al Kass HD Three" type="25" provider="Al Dawri Al Kass" onid="702" tsid="555" namespace="0x01040000" />
        <service id="0x0004" sid="4" name="Al Kass HD Two" type="25" provider="Al Dawri Al Kass" onid="702" tsid="555" namespace="0x01040000" />
      </transponder>
    </satellite>
    <satellite key="01040000:022c:02be" name="Sat-26E" namespace="0x01040000" position="26">
      <transponder key="01040000:022c:02be" frequency="12456000" symbol_rate="27500000" polarization="H" fec="3" system="0" modulation="0">
        <service id="0x001c" sid="28" name="OMAN FEED" type="1" provider="OMAN TV" onid="702" tsid="556" namespace="0x01040000" />
        <service id="0x000a" sid="10" name="Oman TV" type="1" provider="PART" onid="702" tsid="556" namespace="0x01040000" />
        <service id="0x0028" sid="40" name="Oman TV Culture" type="1" provider="PART" onid="702" tsid="556" namespace="0x01040000" />
        <service id="0x005a" sid="90" name="Oman TV Culture HD" type="1" provider="PART" onid="702" tsid="556" namespace="0x01040000" />
        <service id="0x001e" sid="30" name="Oman TV HD" type="1" provider="PART" onid="702" tsid="556" namespace="0x01040000" />
        <service id="0x0014" sid="20" name="Oman TV Live" type="1" provider="PART" onid="702" tsid="556" namespace="0x01040000" />
        <service id="0x0020" sid="32" name="Oman TV Live HD" type="1" provider="OMAN TV" onid="702" tsid="556" namespace="0x01040000" />
        <service id="0x000e" sid="14" name="Oman TV Sport" type="1" provider="PART" onid="702" tsid="556" namespace="0x01040000" />
        <service id="0x002e" sid="46" name="Oman TV Sport HD" type="1" provider="PART" onid="702" tsid="556" namespace="0x01040000" />
      </transponder>
    </satellite>
    <satellite key="01040000:022f:0510" name="Sat-26E" namespace="0x01040000" position="26">
      <transponder key="01040000:022f:0510" frequency="12475000" symbol_rate="27500000" polarization="V" fec="3" system="0" modulation="0">
        <service id="0x0005" sid="5" name="Al Alam Al Yawm" type="1" provider="AL MAJD" onid="1296" tsid="559" namespace="0x01040000" />
        <service id="0x0002" sid="2" name="Al Majd Holy Quran" type="1" provider="AL MAJD" onid="1296" tsid="559" namespace="0x01040000" />
        <service id="0x0004" sid="4" name="Al Majd Islamic Scince" type="1" provider="AL MAJD" onid="1296" tsid="559" namespace="0x01040000" />
        <service id="0x0003" sid="3" name="Al Majd Prophetic Hadeeth" type="1" provider="AL MAJD" onid="1296" tsid="559" namespace="0x01040000" />
        <service id="0x0001" sid="1" name="Al Majd Space Channel" type="1" provider="AL MAJD" onid="1296" tsid="559" namespace="0x01040000" />
        <service id="0x0006" sid="6" name="Almajd Documentary" type="1" provider="AL MAJD" onid="1296" tsid="559" namespace="0x01040000" />
        <service id="0x000a" sid="10" name="Almajd Feeds" type="1" provider="AL MAJD" onid="1296" tsid="559" namespace="0x01040000" />
        <service id="0x0008" sid="8" name="Almajd Kids" type="1" provider="AL MAJD" onid="1296" tsid="559" namespace="0x01040000" />
        <service id="0x000c" sid="12" name="Almajd Mosaic" type="1" provider="AL MAJD" onid="1296" tsid="559" namespace="0x01040000" />
        <service id="0x000d" sid="13" name="Almajd Sayfiyah" type="1" provider="AL MAJD" onid="1296" tsid="559" namespace="0x01040000" />
        <service id="0x0009" sid="9" name="Basmah" type="1" provider="AL MAJD" onid="1296" tsid="559" namespace="0x01040000" />
        <service id="0x000b" sid="11" name="Fakir wa Ela´ab" type="1" provider="AL MAJD" onid="1296" tsid="559" namespace="0x01040000" />
        <service id="0x0007" sid="7" name="Radio Dal TV" type="1" provider="AL MAJD" onid="1296" tsid="559" namespace="0x01040000" />
      </transponder>
    </satellite>
    <satellite key="01040000:024e:02be" name="Sat-26E" namespace="0x01040000" position="26">
      <transponder key="01040000:024e:02be" frequency="10810000" symbol_rate="27500000" polarization="H" fec="3" system="0" modulation="0">
        <service id="0x0004" sid="4" name="Africa TV 2" type="1" provider="" onid="702" tsid="590" namespace="0x01040000" />
        <service id="0x000f" sid="15" name="Africa TV 3" type="1" provider="" onid="702" tsid="590" namespace="0x01040000" />
        <service id="0x000c" sid="12" name="Al Tanasuh TV" type="1" provider="" onid="702" tsid="590" namespace="0x01040000" />
        <service id="0x0002" sid="2" name="Blue Nile Channel" type="1" provider="" onid="702" tsid="590" namespace="0x01040000" />
        <service id="0x000a" sid="10" name="Ixir TV CHANNEL" type="1" provider="" onid="702" tsid="590" namespace="0x01040000" />
        <service id="0x0006" sid="6" name="Neelain Sport" type="1" provider="" onid="702" tsid="590" namespace="0x01040000" />
        <service id="0x000b" sid="11" name="OUS (Open University of Sudan)" type="1" provider="" onid="702" tsid="590" namespace="0x01040000" />
        <service id="0x0008" sid="8" name="Sudan Drama" type="1" provider="" onid="702" tsid="590" namespace="0x01040000" />
        <service id="0x0009" sid="9" name="Sudan Monwaat" type="1" provider="" onid="702" tsid="590" namespace="0x01040000" />
        <service id="0x07da" sid="2010" name="Sudan TV" type="1" provider="" onid="702" tsid="590" namespace="0x01040000" />
        <service id="0x07db" sid="2011" name="Tafawuq TV" type="1" provider="" onid="702" tsid="590" namespace="0x01040000" />
        <service id="0x000e" sid="14" name="Tarteel TV" type="1" provider="" onid="702" tsid="590" namespace="0x01040000" />
        <service id="0x0005" sid="5" name="Tayba Radio" type="1" provider="" onid="702" tsid="590" namespace="0x01040000" />
        <service id="0x0007" sid="7" name="Tayba TV" type="1" provider="" onid="702" tsid="590" namespace="0x01040000" />
      </transponder>
    </satellite>
    <satellite key="01040000:0258:02be" name="Sat-26E" namespace="0x01040000" position="26">
      <transponder key="01040000:0258:02be" frequency="10730000" symbol_rate="27500000" polarization="H" fec="3" system="0" modulation="0">
        <service id="0x178e" sid="6030" name="iEN TV HD" type="1" provider="JMC" onid="702" tsid="600" namespace="0x01040000" />
        <service id="0x0014" sid="20" name="TEST" type="1" provider="jmc" onid="702" tsid="600" namespace="0x01040000" />
        <service id="0x17ac" sid="6060" name="test" type="1" provider="jmc" onid="702" tsid="600" namespace="0x01040000" />
        <service id="0x06f5" sid="1781" name="Test 3" type="1" provider="JMC" onid="702" tsid="600" namespace="0x01040000" />
        <service id="0x06f4" sid="1780" name="Test 4" type="1" provider="JMC" onid="702" tsid="600" namespace="0x01040000" />
      </transponder>
    </satellite>
    <satellite key="01040000:0262:02be" name="Sat-26E" namespace="0x01040000" position="26">
      <transponder key="01040000:0262:02be" frequency="12360000" symbol_rate="27500000" polarization="V" fec="4" system="0" modulation="0">
        <service id="0x0001" sid="1" name="Doros 01" type="1" provider="JASCO" onid="702" tsid="610" namespace="0x01040000" />
        <service id="0x0002" sid="2" name="Doros 02" type="1" provider="JASCO" onid="702" tsid="610" namespace="0x01040000" />
        <service id="0x0003" sid="3" name="Doros 03" type="1" provider="JASCO" onid="702" tsid="610" namespace="0x01040000" />
        <service id="0x0004" sid="4" name="Doros 04" type="1" provider="JASCO" onid="702" tsid="610" namespace="0x01040000" />
        <service id="0x0005" sid="5" name="Doros 05" type="1" provider="JASCO" onid="702" tsid="610" namespace="0x01040000" />
        <service id="0x0006" sid="6" name="Doros 06" type="1" provider="JASCO" onid="702" tsid="610" namespace="0x01040000" />
        <service id="0x0007" sid="7" name="Doros 07" type="1" provider="JASCO" onid="702" tsid="610" namespace="0x01040000" />
        <service id="0x0008" sid="8" name="Doros 08" type="1" provider="JASCO" onid="702" tsid="610" namespace="0x01040000" />
        <service id="0x0009" sid="9" name="Doros 09" type="1" provider="JASCO" onid="702" tsid="610" namespace="0x01040000" />
        <service id="0x000a" sid="10" name="Doros 10" type="1" provider="JASCO" onid="702" tsid="610" namespace="0x01040000" />
        <service id="0x000b" sid="11" name="Doros 11" type="1" provider="JASCO" onid="702" tsid="610" namespace="0x01040000" />
        <service id="0x000c" sid="12" name="Doros 12" type="1" provider="JASCO" onid="702" tsid="610" namespace="0x01040000" />
        <service id="0x000d" sid="13" name="iEN TV" type="1" provider="JASCO" onid="702" tsid="610" namespace="0x01040000" />
        <service id="0x000e" sid="14" name="iEN TV HD" type="1" provider="" onid="702" tsid="610" namespace="0x01040000" />
      </transponder>
    </satellite>
    <satellite key="01040000:0263:02be" name="Sat-26E" namespace="0x01040000" position="26">
      <transponder key="01040000:0263:02be" frequency="10850000" symbol_rate="27500000" polarization="H" fec="4" system="0" modulation="0">
        <service id="0x01f4" sid="500" name="AL-Turkmenia TV" type="1" provider="ARABSAT" onid="702" tsid="611" namespace="0x01040000" />
        <service id="0x0028" sid="40" name="IRAQ NEWS TV Channel" type="1" provider="" onid="702" tsid="611" namespace="0x01040000" />
        <service id="0x00c8" sid="200" name="IRAQ SPORT CH" type="1" provider="" onid="702" tsid="611" namespace="0x01040000" />
      </transponder>
    </satellite>
    <satellite key="01040000:0320:02be" name="Sat-26E" namespace="0x01040000" position="26">
      <transponder key="01040000:0320:02be" frequency="12683000" symbol_rate="27500000" polarization="V" fec="3" system="0" modulation="0">
        <service id="0x000b" sid="11" name="Al Aoula Inter" type="1" provider="SNRT" onid="702" tsid="800" namespace="0x01040000" />
        <service id="0x000c" sid="12" name="Al Aoula Laayoune" type="1" provider="SNRT" onid="702" tsid="800" namespace="0x01040000" />
        <service id="0x0014" sid="20" name="Al Maghribia" type="1" provider="SNRT" onid="702" tsid="800" namespace="0x01040000" />
        <service id="0x001c" sid="28" name="Arrabiaa" type="1" provider="SNRT" onid="702" tsid="800" namespace="0x01040000" />
        <service id="0x001e" sid="30" name="Arriadia" type="1" provider="SNRT" onid="702" tsid="800" namespace="0x01040000" />
        <service id="0x003c" sid="60" name="Assadissa" type="1" provider="SNRT" onid="702" tsid="800" namespace="0x01040000" />
        <service id="0x0020" sid="32" name="Tamazight" type="1" provider="SNRT" onid="702" tsid="800" namespace="0x01040000" />
      </transponder>
    </satellite>
    <satellite key="01040000:1029:02be" name="Sat-26E" namespace="0x01040000" position="26">
      <transponder key="01040000:1029:02be" frequency="12418000" symbol_rate="27500000" polarization="H" fec="4" system="0" modulation="0">
        <service id="0x0030" sid="48" name="Alkass Eight HD" type="25" provider="Al Dawri Al Kass" onid="702" tsid="4137" namespace="0x01040000" />
        <service id="0x006f" sid="111" name="Alkass Five HD" type="25" provider="" onid="702" tsid="4137" namespace="0x01040000" />
        <service id="0x002f" sid="47" name="Alkass Seven HD" type="25" provider="Al Dawri Al Kass" onid="702" tsid="4137" namespace="0x01040000" />
        <service id="0x002e" sid="46" name="Alkass Six HD" type="25" provider="Al Dawri Al Kass" onid="702" tsid="4137" namespace="0x01040000" />
      </transponder>
    </satellite>
    <satellite key="01040000:146d:02be" name="Sat-26E" namespace="0x01040000" position="26">
      <transponder key="01040000:146d:02be" frequency="12265000" symbol_rate="27500000" polarization="H" fec="3" system="0" modulation="0">
        <service id="0x02c9" sid="713" name="France 2 HD" type="25" provider="MyHD" onid="702" tsid="5229" namespace="0x01040000" />
        <service id="0x02ca" sid="714" name="France 3 Sat HD" type="25" provider="MyHD" onid="702" tsid="5229" namespace="0x01040000" />
        <service id="0x02cb" sid="715" name="France 5 HD" type="25" provider="MyHD" onid="702" tsid="5229" namespace="0x01040000" />
        <service id="0x02c7" sid="711" name="Game One HD" type="25" provider="MyHD" onid="702" tsid="5229" namespace="0x01040000" />
        <service id="0x02cc" sid="716" name="Gulli" type="25" provider="" onid="702" tsid="5229" namespace="0x01040000" />
        <service id="0x02cd" sid="717" name="MCM HD" type="25" provider="MyHD" onid="702" tsid="5229" namespace="0x01040000" />
        <service id="0x02c1" sid="705" name="MTV HD France" type="25" provider="MyHD" onid="702" tsid="5229" namespace="0x01040000" />
        <service id="0x02c2" sid="706" name="MTV Hits HD France" type="25" provider="MyHD" onid="702" tsid="5229" namespace="0x01040000" />
        <service id="0x02c3" sid="707" name="Nick Jr HD France" type="25" provider="MyHD" onid="702" tsid="5229" namespace="0x01040000" />
        <service id="0x02c5" sid="709" name="Nickelodeon 4Teen HD" type="25" provider="MyHD" onid="702" tsid="5229" namespace="0x01040000" />
        <service id="0x02c4" sid="708" name="Nickelodeon HD France" type="25" provider="MyHD" onid="702" tsid="5229" namespace="0x01040000" />
        <service id="0x02c8" sid="712" name="Nina TV" type="25" provider="MyHD" onid="702" tsid="5229" namespace="0x01040000" />
        <service id="0x02c0" sid="704" name="Non Stop People HD" type="25" provider="MyHD" onid="702" tsid="5229" namespace="0x01040000" />
        <service id="0x02c6" sid="710" name="Paramount Channel HD France" type="25" provider="MyHD" onid="702" tsid="5229" namespace="0x01040000" />
        <service id="0x02bf" sid="703" name="Trace Sports Stars HD" type="25" provider="MyHD" onid="702" tsid="5229" namespace="0x01040000" />
        <service id="0x02be" sid="702" name="Trace Tropical" type="25" provider="MyHD" onid="702" tsid="5229" namespace="0x01040000" />
        <service id="0x02bd" sid="701" name="Trace Urban" type="25" provider="MyHD" onid="702" tsid="5229" namespace="0x01040000" />
      </transponder>
    </satellite>
    <satellite key="01040000:146e:02be" name="Sat-26E" namespace="0x01040000" position="26">
      <transponder key="01040000:146e:02be" frequency="12284000" symbol_rate="27500000" polarization="V" fec="4" system="0" modulation="0">
        <service id="0x0002" sid="2" name="Al Arabiya HD" type="1" provider="MBC" onid="702" tsid="5230" namespace="0x01040000" />
        <service id="0x0001" sid="1" name="Al Hadath" type="1" provider="MBC" onid="702" tsid="5230" namespace="0x01040000" />
        <service id="0x0004" sid="4" name="MBC 1" type="1" provider="MBC" onid="702" tsid="5230" namespace="0x01040000" />
        <service id="0x0008" sid="8" name="MBC 2" type="1" provider="MBC" onid="702" tsid="5230" namespace="0x01040000" />
        <service id="0x0006" sid="6" name="MBC 3" type="1" provider="MBC" onid="702" tsid="5230" namespace="0x01040000" />
        <service id="0x0005" sid="5" name="MBC 4" type="1" provider="MBC" onid="702" tsid="5230" namespace="0x01040000" />
        <service id="0x0007" sid="7" name="MBC Action" type="1" provider="MBC" onid="702" tsid="5230" namespace="0x01040000" />
        <service id="0x000a" sid="10" name="MBC Bollywood" type="1" provider="MBC" onid="702" tsid="5230" namespace="0x01040000" />
        <service id="0x000b" sid="11" name="MBC Drama" type="1" provider="MBC" onid="702" tsid="5230" namespace="0x01040000" />
        <service id="0x0003" sid="3" name="MBC Group 1" type="1" provider="MBC" onid="702" tsid="5230" namespace="0x01040000" />
        <service id="0x000c" sid="12" name="MBC Group 2" type="1" provider="MBC" onid="702" tsid="5230" namespace="0x01040000" />
        <service id="0x000d" sid="13" name="MBC Group 3" type="1" provider="MBC" onid="702" tsid="5230" namespace="0x01040000" />
        <service id="0x000e" sid="14" name="MBC Group 4" type="1" provider="MBC" onid="702" tsid="5230" namespace="0x01040000" />
        <service id="0x000f" sid="15" name="MBC Group 5" type="1" provider="MBC" onid="702" tsid="5230" namespace="0x01040000" />
        <service id="0x0009" sid="9" name="MBC Max" type="1" provider="MBC" onid="702" tsid="5230" namespace="0x01040000" />
      </transponder>
    </satellite>
    <satellite key="01040000:146f:02be" name="Sat-26E" namespace="0x01040000" position="26">
      <transponder key="01040000:146f:02be" frequency="12303000" symbol_rate="27500000" polarization="H" fec="3" system="0" modulation="0">
        <service id="0x000b" sid="11" name="Al Atlas" type="1" provider="ARABSAT" onid="702" tsid="5231" namespace="0x01040000" />
        <service id="0x0001" sid="1" name="Cordoba TV" type="1" provider="Overon" onid="702" tsid="5231" namespace="0x01040000" />
      </transponder>
    </satellite>
    <satellite key="01040000:15eb:02be" name="Sat-26E" namespace="0x01040000" position="26">
      <transponder key="01040000:15eb:02be" frequency="10930000" symbol_rate="27500000" polarization="H" fec="2" system="0" modulation="0">
        <service id="0x025e" sid="606" name="Animal Planet HD" type="25" provider="Overon" onid="702" tsid="5611" namespace="0x01040000" />
        <service id="0x025a" sid="602" name="Baraem HD" type="25" provider="Overon" onid="702" tsid="5611" namespace="0x01040000" />
        <service id="0x025d" sid="605" name="be Junior" type="25" provider="Overon" onid="702" tsid="5611" namespace="0x01040000" />
        <service id="0x025c" sid="604" name="DTX" type="25" provider="Overon" onid="702" tsid="5611" namespace="0x01040000" />
        <service id="0x025b" sid="603" name="Fatafeat" type="25" provider="Overon" onid="702" tsid="5611" namespace="0x01040000" />
        <service id="0x0067" sid="103" name="Jeem HD" type="25" provider="Overon" onid="702" tsid="5611" namespace="0x01040000" />
      </transponder>
    </satellite>
    <satellite key="01040000:15ec:02be" name="Sat-26E" namespace="0x01040000" position="26">
      <transponder key="01040000:15ec:02be" frequency="10930000" symbol_rate="27500000" polarization="V" fec="3" system="0" modulation="0">
        <service id="0x00cc" sid="204" name="my ABP Ananda" type="25" provider="Etisalat" onid="702" tsid="5612" namespace="0x01040000" />
        <service id="0x00d2" sid="210" name="my Asianet Movies" type="25" provider="MY HD" onid="702" tsid="5612" namespace="0x01040000" />
        <service id="0x00d3" sid="211" name="my Asianet Plus" type="25" provider="MY HD" onid="702" tsid="5612" namespace="0x01040000" />
        <service id="0x00ca" sid="202" name="my Channel V India" type="25" provider="Etisalat" onid="702" tsid="5612" namespace="0x01040000" />
        <service id="0x00dd" sid="221" name="my Colors Bangla" type="25" provider="MY HD" onid="702" tsid="5612" namespace="0x01040000" />
        <service id="0x00cf" sid="207" name="my Duck TV" type="25" provider="MY HD" onid="702" tsid="5612" namespace="0x01040000" />
        <service id="0x00e0" sid="224" name="my ETV Andhra Pardesh / ETV 2" type="25" provider="MY HD" onid="702" tsid="5612" namespace="0x01040000" />
        <service id="0x00e2" sid="226" name="my ETV Bangla News" type="25" provider="MY HD" onid="702" tsid="5612" namespace="0x01040000" />
        <service id="0x00e1" sid="225" name="my ETV Telangana / ETV 3" type="25" provider="MY HD" onid="702" tsid="5612" namespace="0x01040000" />
        <service id="0x00df" sid="223" name="my ETV Telugu" type="25" provider="MY HD" onid="702" tsid="5612" namespace="0x01040000" />
        <service id="0x00dc" sid="220" name="my ETV Urdu" type="25" provider="MY HD" onid="702" tsid="5612" namespace="0x01040000" />
        <service id="0x00da" sid="218" name="my IBN 7" type="25" provider="MY HD" onid="702" tsid="5612" namespace="0x01040000" />
        <service id="0x00cd" sid="205" name="my Jalsha Movies" type="25" provider="Etisalat" onid="702" tsid="5612" namespace="0x01040000" />
        <service id="0x00d5" sid="213" name="my Maa Gold" type="25" provider="MY HD" onid="702" tsid="5612" namespace="0x01040000" />
        <service id="0x00d6" sid="214" name="my Maa Movies" type="25" provider="MY HD" onid="702" tsid="5612" namespace="0x01040000" />
        <service id="0x00d7" sid="215" name="my Maa Music" type="25" provider="MY HD" onid="702" tsid="5612" namespace="0x01040000" />
        <service id="0x00d4" sid="212" name="my Maa TV" type="25" provider="MY HD" onid="702" tsid="5612" namespace="0x01040000" />
        <service id="0x00c9" sid="201" name="my Movies Ok" type="25" provider="Etisalat" onid="702" tsid="5612" namespace="0x01040000" />
        <service id="0x00db" sid="219" name="my MTV Indies" type="25" provider="MY HD" onid="702" tsid="5612" namespace="0x01040000" />
        <service id="0x00d9" sid="217" name="my News 18 India Eng" type="25" provider="MY HD" onid="702" tsid="5612" namespace="0x01040000" />
        <service id="0x00d8" sid="216" name="my Ristey Asia" type="25" provider="MY HD" onid="702" tsid="5612" namespace="0x01040000" />
        <service id="0x00cb" sid="203" name="my Star Utsav" type="25" provider="Etisalat" onid="702" tsid="5612" namespace="0x01040000" />
        <service id="0x00d1" sid="209" name="my Suvarna" type="25" provider="MY HD" onid="702" tsid="5612" namespace="0x01040000" />
        <service id="0x00d0" sid="208" name="my Suvarna Plus" type="25" provider="my HD" onid="702" tsid="5612" namespace="0x01040000" />
        <service id="0x00ce" sid="206" name="Physique TV" type="25" provider="Etisalat" onid="702" tsid="5612" namespace="0x01040000" />
      </transponder>
    </satellite>
    <satellite key="01040000:17d7:02be" name="Sat-26E" namespace="0x01040000" position="26">
      <transponder key="01040000:17d7:02be" frequency="11766000" symbol_rate="27500000" polarization="H" fec="4" system="0" modulation="0">
        <service id="0x07d5" sid="2005" name="Africa TV" type="1" provider="SMC" onid="702" tsid="6103" namespace="0x01040000" />
        <service id="0x07d6" sid="2006" name="Africa TV 2" type="1" provider="SMC" onid="702" tsid="6103" namespace="0x01040000" />
        <service id="0x07d7" sid="2007" name="Africa TV 3" type="1" provider="SMC" onid="702" tsid="6103" namespace="0x01040000" />
        <service id="0x07d8" sid="2008" name="Africa TV 4" type="1" provider="SMC" onid="702" tsid="6103" namespace="0x01040000" />
        <service id="0x07d2" sid="2002" name="Al Tanasuh TV" type="1" provider="SMC" onid="702" tsid="6103" namespace="0x01040000" />
        <service id="0x07dd" sid="2013" name="Alanis TV" type="1" provider="SMC" onid="702" tsid="6103" namespace="0x01040000" />
        <service id="0x07de" sid="2014" name="Belal TV" type="1" provider="SMC" onid="702" tsid="6103" namespace="0x01040000" />
        <service id="0x07d3" sid="2003" name="Dorar TV" type="1" provider="SMC" onid="702" tsid="6103" namespace="0x01040000" />
        <service id="0x07d1" sid="2001" name="Khaer TV" type="1" provider="SMC" onid="702" tsid="6103" namespace="0x01040000" />
        <service id="0x07d4" sid="2004" name="OUS (Open University of Sudan)" type="1" provider="SMC" onid="702" tsid="6103" namespace="0x01040000" />
        <service id="0x07d9" sid="2009" name="Tafawuq TV" type="1" provider="SMC" onid="702" tsid="6103" namespace="0x01040000" />
        <service id="0x07dc" sid="2012" name="Tarteel TV" type="1" provider="SMC" onid="702" tsid="6103" namespace="0x01040000" />
        <service id="0x07d0" sid="2000" name="Tayba TV" type="1" provider="SMC" onid="702" tsid="6103" namespace="0x01040000" />
        <service id="0x07da" sid="2010" name="Tayba TV" type="1" provider="SMC" onid="702" tsid="6103" namespace="0x01040000" />
        <service id="0x07db" sid="2011" name="Test 4" type="1" provider="SMC" onid="702" tsid="6103" namespace="0x01040000" />
      </transponder>
    </satellite>
    <satellite key="01040000:17f5:02be" name="Sat-26E" namespace="0x01040000" position="26">
      <transponder key="01040000:17f5:02be" frequency="12341000" symbol_rate="27500000" polarization="H" fec="3" system="0" modulation="0">
        <service id="0x000a" sid="10" name="Gobx Marhaba" type="25" provider="MBC" onid="702" tsid="6133" namespace="0x01040000" />
        <service id="0x000e" sid="14" name="Gobx Mosaic" type="25" provider="MBC" onid="702" tsid="6133" namespace="0x01040000" />
        <service id="0x0007" sid="7" name="MBC Pro Sports 1" type="25" provider="MBC" onid="702" tsid="6133" namespace="0x01040000" />
        <service id="0x0004" sid="4" name="MBC Pro Sports 1 HD" type="25" provider="MBC" onid="702" tsid="6133" namespace="0x01040000" />
        <service id="0x0008" sid="8" name="MBC Pro Sports 2" type="25" provider="MBC" onid="702" tsid="6133" namespace="0x01040000" />
        <service id="0x0005" sid="5" name="MBC Pro Sports 2 HD" type="25" provider="MBC" onid="702" tsid="6133" namespace="0x01040000" />
        <service id="0x0009" sid="9" name="MBC Pro Sports 3" type="25" provider="MBC" onid="702" tsid="6133" namespace="0x01040000" />
        <service id="0x0006" sid="6" name="MBC Pro Sports 3 HD" type="25" provider="MBC" onid="702" tsid="6133" namespace="0x01040000" />
        <service id="0x000b" sid="11" name="Test" type="25" provider="MBC" onid="702" tsid="6133" namespace="0x01040000" />
        <service id="0x000d" sid="13" name="Test 1" type="25" provider="MBC" onid="702" tsid="6133" namespace="0x01040000" />
      </transponder>
    </satellite>
    <satellite key="01040000:17f8:02be" name="Sat-26E" namespace="0x01040000" position="26">
      <transponder key="01040000:17f8:02be" frequency="12399000" symbol_rate="27500000" polarization="V" fec="3" system="0" modulation="0">
        <service id="0x0054" sid="84" name="Al Arabiya HD" type="25" provider="MBC" onid="702" tsid="6136" namespace="0x01040000" />
        <service id="0x012d" sid="301" name="MBC 1 HD" type="25" provider="MBC" onid="702" tsid="6136" namespace="0x01040000" />
        <service id="0x012e" sid="302" name="MBC 2 HD" type="25" provider="MBC" onid="702" tsid="6136" namespace="0x01040000" />
        <service id="0x0057" sid="87" name="MBC 3 HD" type="25" provider="MBC" onid="702" tsid="6136" namespace="0x01040000" />
        <service id="0x012f" sid="303" name="MBC 4 HD" type="25" provider="MBC" onid="702" tsid="6136" namespace="0x01040000" />
        <service id="0x0052" sid="82" name="MBC Action HD" type="25" provider="MBC" onid="702" tsid="6136" namespace="0x01040000" />
        <service id="0x0055" sid="85" name="MBC Drama HD" type="25" provider="MBC" onid="702" tsid="6136" namespace="0x01040000" />
        <service id="0x0053" sid="83" name="MBC Max HD" type="25" provider="MBC" onid="702" tsid="6136" namespace="0x01040000" />
        <service id="0x0056" sid="86" name="MBC Variety HD" type="25" provider="MBC" onid="702" tsid="6136" namespace="0x01040000" />
        <service id="0x0058" sid="88" name="MBC+ Drama HD" type="25" provider="MBC" onid="702" tsid="6136" namespace="0x01040000" />
      </transponder>
    </satellite>
    <satellite key="01040000:2648:02be" name="Sat-26E" namespace="0x01040000" position="26">
      <transponder key="01040000:2648:02be" frequency="11843000" symbol_rate="27500000" polarization="H" fec="3" system="0" modulation="0">
        <service id="0x000a" sid="10" name="Al Resalah" type="1" provider="JMC" onid="702" tsid="9800" namespace="0x01040000" />
        <service id="0x0003" sid="3" name="LBC Sat" type="1" provider="JMC" onid="702" tsid="9800" namespace="0x01040000" />
        <service id="0x0007" sid="7" name="Rotana Aflam" type="1" provider="JMC" onid="702" tsid="9800" namespace="0x01040000" />
        <service id="0x0008" sid="8" name="Rotana Cinema" type="1" provider="JMC" onid="702" tsid="9800" namespace="0x01040000" />
        <service id="0x0009" sid="9" name="Rotana Classic" type="1" provider="JMC" onid="702" tsid="9800" namespace="0x01040000" />
        <service id="0x0005" sid="5" name="Rotana Clip" type="1" provider="JMC" onid="702" tsid="9800" namespace="0x01040000" />
        <service id="0x0006" sid="6" name="Rotana Khalijiah" type="1" provider="JMC" onid="702" tsid="9800" namespace="0x01040000" />
        <service id="0x0002" sid="2" name="Rotana Masriya" type="1" provider="JMC" onid="702" tsid="9800" namespace="0x01040000" />
        <service id="0x0004" sid="4" name="Rotana Music Channel" type="1" provider="JMC" onid="702" tsid="9800" namespace="0x01040000" />
      </transponder>
    </satellite>
    <satellite key="01042eb6:022b:0001" name="Sat-26E" namespace="0x01042eb6" position="26">
      <transponder key="01042eb6:022b:0001" frequency="11958000" symbol_rate="27500000" polarization="H" fec="4" system="0" modulation="0">
        <service id="0x0d2a" sid="3370" name="Awdeh" type="1" provider="PALSAT" onid="1" tsid="555" namespace="0x01042eb6" />
        <service id="0x0ba4" sid="2980" name="Musawa TV" type="1" provider="PALSAT" onid="1" tsid="555" namespace="0x01042eb6" />
        <service id="0x0d02" sid="3330" name="Palestine LIVE" type="1" provider="PALSAT" onid="1" tsid="555" namespace="0x01042eb6" />
        <service id="0x0003" sid="3" name="Palestine News" type="1" provider="PALSAT" onid="1" tsid="555" namespace="0x01042eb6" />
        <service id="0x0d66" sid="3430" name="Palestine Sport" type="1" provider="PALSAT" onid="1" tsid="555" namespace="0x01042eb6" />
        <service id="0x0d16" sid="3350" name="PSC - Palestinian Satellite Channel" type="1" provider="PALSAT" onid="1" tsid="555" namespace="0x01042eb6" />
      </transponder>
    </satellite>
    <satellite key="01042f02:0004:ff04" name="Sat-26E" namespace="0x01042f02" position="26">
      <transponder key="01042f02:0004:ff04" frequency="12034000" symbol_rate="27500000" polarization="H" fec="4" system="0" modulation="0">
        <service id="0x0004" sid="4" name="Aden" type="1" provider="" onid="65284" tsid="4" namespace="0x01042f02" />
        <service id="0x0006" sid="6" name="Alnashama" type="1" provider="" onid="65284" tsid="4" namespace="0x01042f02" />
        <service id="0x0001" sid="1" name="KSA vision 2030" type="1" provider="" onid="65284" tsid="4" namespace="0x01042f02" />
        <service id="0x0005" sid="5" name="OSAN" type="1" provider="" onid="65284" tsid="4" namespace="0x01042f02" />
        <service id="0x0003" sid="3" name="Rushd TV" type="1" provider="" onid="65284" tsid="4" namespace="0x01042f02" />
        <service id="0x0002" sid="2" name="Sanaa TV" type="1" provider="" onid="65284" tsid="4" namespace="0x01042f02" />
      </transponder>
    </satellite>
    <satellite key="01042f75:001a:02be" name="Sat-26E" namespace="0x01042f75" position="26">
      <transponder key="01042f75:001a:02be" frequency="12149000" symbol_rate="27500000" polarization="H" fec="4" system="0" modulation="0">
        <service id="0x0a2d" sid="2605" name="Ajyal HD" type="25" provider="SBC" onid="702" tsid="26" namespace="0x01042f75" />
        <service id="0x0a2c" sid="2604" name="AL EKhbaria HD" type="25" provider="SBC" onid="702" tsid="26" namespace="0x01042f75" />
        <service id="0x15e4" sid="5604" name="Al Eqtisadiah HD" type="25" provider="SBC" onid="702" tsid="26" namespace="0x01042f75" />
        <service id="0x15e3" sid="5603" name="Al Thaqafiah HD" type="25" provider="SBC" onid="702" tsid="26" namespace="0x01042f75" />
        <service id="0x0a2a" sid="2602" name="Saudi 2 HD" type="25" provider="SBC" onid="702" tsid="26" namespace="0x01042f75" />
        <service id="0x15e1" sid="5601" name="Saudi Quran HD" type="25" provider="SBC" onid="702" tsid="26" namespace="0x01042f75" />
        <service id="0x0a2b" sid="2603" name="Saudi Sport 1 HD" type="25" provider="SBC" onid="702" tsid="26" namespace="0x01042f75" />
        <service id="0x15e5" sid="5605" name="Saudi Sport 2 HD" type="25" provider="SBC" onid="702" tsid="26" namespace="0x01042f75" />
        <service id="0x15e2" sid="5602" name="Saudi Sunnah HD" type="25" provider="SBC" onid="702" tsid="26" namespace="0x01042f75" />
        <service id="0x0a29" sid="2601" name="Saudi TV 1 HD" type="25" provider="SBC" onid="702" tsid="26" namespace="0x01042f75" />
      </transponder>
    </satellite>
    <satellite key="01042f96:0001:ffff" name="Sat-26E" namespace="0x01042f96" position="26">
      <transponder key="01042f96:0001:ffff" frequency="12182000" symbol_rate="16200000" polarization="H" fec="3" system="0" modulation="0">
        <service id="0x0028" sid="40" name="Yemen TV" type="1" provider="SBC" onid="65535" tsid="1" namespace="0x01042f96" />
      </transponder>
    </satellite>
    <satellite key="0104319a:0002:ffff" name="Sat-26E" namespace="0x0104319a" position="26">
      <transponder key="0104319a:0002:ffff" frequency="12698000" symbol_rate="3200000" polarization="H" fec="3" system="0" modulation="0">
        <service id="0x0002" sid="2" name="Future TV International" type="25" provider="FTV" onid="65535" tsid="2" namespace="0x0104319a" />
        <service id="0x0001" sid="1" name="Future USA" type="25" provider="FTV" onid="65535" tsid="2" namespace="0x0104319a" />
      </transponder>
    </satellite>
    <satellite key="010431a2:0001:0001" name="Sat-26E" namespace="0x010431a2" position="26">
      <transponder key="010431a2:0001:0001" frequency="12706000" symbol_rate="1852000" polarization="H" fec="4" system="0" modulation="0">
        <service id="0x0001" sid="1" name="Al Ahvaz TV" type="25" provider="Net 1" onid="1" tsid="1" namespace="0x010431a2" />
      </transponder>
    </satellite>
    <satellite key="010431c2:0001:0001" name="Sat-26E" namespace="0x010431c2" position="26">
      <transponder key="010431c2:0001:0001" frequency="12738000" symbol_rate="2222000" polarization="H" fec="3" system="0" modulation="0">
        <service id="0x0001" sid="1" name="Blue Nile Channel" type="1" provider="Service Provider" onid="1" tsid="1" namespace="0x010431c2" />
      </transponder>
    </satellite>
    <satellite key="0104ade3:012d:02be" name="Sat-26E" namespace="0x0104ade3" position="26">
      <transponder key="0104ade3:012d:02be" frequency="11747000" symbol_rate="27495000" polarization="V" fec="3" system="0" modulation="0">
        <service id="0x00c1" sid="193" name="Al Kawthar" type="1" provider="JMC" onid="702" tsid="301" namespace="0x0104ade3" />
        <service id="0x01d0" sid="464" name="Cartoon Network Arabia" type="1" provider="jmc" onid="702" tsid="301" namespace="0x0104ade3" />
        <service id="0x01d6" sid="470" name="KBS World" type="1" provider="JMC" onid="702" tsid="301" namespace="0x0104ade3" />
        <service id="0x06a7" sid="1703" name="RT Arabic HD" type="1" provider="JMC" onid="702" tsid="301" namespace="0x0104ade3" />
        <service id="0x0001" sid="1" name="SeeVii Drama" type="1" provider="Harmonic" onid="702" tsid="301" namespace="0x0104ade3" />
        <service id="0x064d" sid="1613" name="TEST" type="1" provider="JMC" onid="702" tsid="301" namespace="0x0104ade3" />
        <service id="0x01ba" sid="442" name="Test-3" type="1" provider="JMC" onid="702" tsid="301" namespace="0x0104ade3" />
      </transponder>
    </satellite>
    <satellite key="0104aec8:0005:ff05" name="Sat-26E" namespace="0x0104aec8" position="26">
      <transponder key="0104aec8:0005:ff05" frequency="11976000" symbol_rate="27500000" polarization="V" fec="4" system="0" modulation="0">
        <service id="0x000b" sid="11" name="Al Amaken Satellite Channel" type="1" provider="" onid="65285" tsid="5" namespace="0x0104aec8" />
        <service id="0x001d" sid="29" name="Al Saha" type="1" provider="" onid="65285" tsid="5" namespace="0x0104aec8" />
        <service id="0x001e" sid="30" name="Al Saha 2" type="1" provider="" onid="65285" tsid="5" namespace="0x0104aec8" />
        <service id="0x001b" sid="27" name="Al Saha 3" type="1" provider="" onid="65285" tsid="5" namespace="0x0104aec8" />
        <service id="0x001a" sid="26" name="Al Saha 4" type="1" provider="" onid="65285" tsid="5" namespace="0x0104aec8" />
        <service id="0x001c" sid="28" name="Amasi" type="1" provider="" onid="65285" tsid="5" namespace="0x0104aec8" />
        <service id="0x000c" sid="12" name="El Asayel" type="1" provider="" onid="65285" tsid="5" namespace="0x0104aec8" />
        <service id="0x000a" sid="10" name="KSA vision 2030" type="1" provider="" onid="65285" tsid="5" namespace="0x0104aec8" />
        <service id="0x000f" sid="15" name="Salman Alodah" type="1" provider="" onid="65285" tsid="5" namespace="0x0104aec8" />
        <service id="0x000d" sid="13" name="Shahamh TV" type="1" provider="" onid="65285" tsid="5" namespace="0x0104aec8" />
      </transponder>
    </satellite>
    <satellite key="0104af88:0001:0001" name="Sat-26E" namespace="0x0104af88" position="26">
      <transponder key="0104af88:0001:0001" frequency="12168000" symbol_rate="22000000" polarization="V" fec="3" system="0" modulation="0">
        <service id="0x0001" sid="1" name="Qatar TV" type="25" provider="QTV" onid="1" tsid="1" namespace="0x0104af88" />
        <service id="0x0004" sid="4" name="Qatar TV HD" type="25" provider="QTV" onid="1" tsid="1" namespace="0x0104af88" />
        <service id="0x0002" sid="2" name="Qatar TV Test 1" type="25" provider="QTV" onid="1" tsid="1" namespace="0x0104af88" />
        <service id="0x0003" sid="3" name="Qatar TV Test 2" type="25" provider="QTV" onid="1" tsid="1" namespace="0x0104af88" />
        <service id="0x0005" sid="5" name="Qatar TV Test 3" type="25" provider="QTV" onid="1" tsid="1" namespace="0x0104af88" />
      </transponder>
    </satellite>
    <satellite key="0104b0eb:024e:02be" name="Sat-26E" namespace="0x0104b0eb" position="26">
      <transponder key="0104b0eb:024e:02be" frequency="12523000" symbol_rate="27500000" polarization="V" fec="3" system="0" modulation="0">
        <service id="0x0002" sid="2" name="Blue Nile Channel" type="1" provider="" onid="702" tsid="590" namespace="0x0104b0eb" />
        <service id="0x000a" sid="10" name="Ixir TV CHANNEL" type="1" provider="" onid="702" tsid="590" namespace="0x0104b0eb" />
        <service id="0x0006" sid="6" name="Neelain Sport" type="1" provider="" onid="702" tsid="590" namespace="0x0104b0eb" />
        <service id="0x000b" sid="11" name="OUS (Open University of Sudan)" type="1" provider="" onid="702" tsid="590" namespace="0x0104b0eb" />
        <service id="0x0008" sid="8" name="Sudan Drama" type="1" provider="" onid="702" tsid="590" namespace="0x0104b0eb" />
        <service id="0x0009" sid="9" name="Sudan Monwaat" type="1" provider="" onid="702" tsid="590" namespace="0x0104b0eb" />
        <service id="0x07da" sid="2010" name="Sudan TV" type="1" provider="" onid="702" tsid="590" namespace="0x0104b0eb" />
        <service id="0x07db" sid="2011" name="Tafawuq TV" type="1" provider="" onid="702" tsid="590" namespace="0x0104b0eb" />
        <service id="0x000e" sid="14" name="Tarteel TV" type="1" provider="" onid="702" tsid="590" namespace="0x0104b0eb" />
        <service id="0x0005" sid="5" name="Tayba Radio" type="1" provider="" onid="702" tsid="590" namespace="0x0104b0eb" />
        <service id="0x0007" sid="7" name="Tayba TV" type="1" provider="" onid="702" tsid="590" namespace="0x0104b0eb" />
        <service id="0x0004" sid="4" name="TEST" type="1" provider="" onid="702" tsid="590" namespace="0x0104b0eb" />
        <service id="0x000c" sid="12" name="TEST" type="1" provider="" onid="702" tsid="590" namespace="0x0104b0eb" />
        <service id="0x000f" sid="15" name="TEST" type="1" provider="" onid="702" tsid="590" namespace="0x0104b0eb" />
      </transponder>
    </satellite>
  </satellites>
</zapit>
