<?xml version='1.0' encoding='utf-8'?>
<zapit api="4">
  <satellites>
    <satellite key="01f40000:0005:1f40" name="Sat-50E" namespace="0x01f40000" position="50">
      <transponder key="01f40000:0005:1f40" frequency="10959000" symbol_rate="2222000" polarization="H" fec="4" system="0" modulation="0">
        <service id="0x0001" sid="1" name="TURKSAT TANITIM" type="1" provider="" onid="8000" tsid="5" namespace="0x01f40000" />
      </transponder>
    </satellite>
    <satellite key="01f42da8:0005:1f40" name="Sat-50E" namespace="0x01f42da8" position="50">
      <transponder key="01f42da8:0005:1f40" frequency="11688000" symbol_rate="2222000" polarization="H" fec="4" system="0" modulation="0">
        <service id="0x0001" sid="1" name="TURKSAT TANITIM" type="1" provider="" onid="8000" tsid="5" namespace="0x01f42da8" />
      </transponder>
    </satellite>
    <satellite key="01f4abbc:050e:0001" name="Sat-50E" namespace="0x01f4abbc" position="50">
      <transponder key="01f4abbc:050e:0001" frequency="11196000" symbol_rate="2222000" polarization="V" fec="4" system="0" modulation="0">
        <service id="0x0001" sid="1" name="TURKSAT TANITIM" type="1" provider="" onid="1" tsid="1294" namespace="0x01f4abbc" />
      </transponder>
    </satellite>
  </satellites>
</zapit>
