<?xml version='1.0' encoding='utf-8'?>
<zapit>
  <bouquet name="General" category="tv">
    <channel service_ref="1:0:1:0fb9:03ac:0110:eeee0000:0:0:0:" name="Canale5" service_name="Canale5" provider="" sid="4025" onid="272" tsid="940" />
    <channel service_ref="1:0:1:0fa5:03ac:0110:eeee0000:0:0:0:" name="Canale5 (provvisorio)" service_name="Canale5 (provvisorio)" provider="" sid="4005" onid="272" tsid="940" />
    <channel service_ref="1:0:1:005b:0385:0110:eeee0000:0:0:0:" name="Cielo" service_name="Cielo" provider="" sid="91" onid="272" tsid="901" />
    <channel service_ref="1:0:25:008d:0107:217c:eeee0000:0:0:0:" name="DAZN Channel - Premi Info" service_name="DAZN Channel - Premi Info" provider="" sid="141" onid="8572" tsid="263" />
    <channel service_ref="1:0:1:008d:0385:0110:eeee0000:0:0:0:" name="FOX" service_name="FOX" provider="" sid="141" onid="272" tsid="901" />
    <channel service_ref="1:0:25:03f5:03ac:0110:eeee0000:0:0:0:" name="Iris" service_name="Iris" provider="" sid="1013" onid="272" tsid="940" />
    <channel service_ref="1:0:1:0faf:03ac:0110:eeee0000:0:0:0:" name="Iris" service_name="Iris" provider="" sid="4015" onid="272" tsid="940" />
    <channel service_ref="1:0:1:0fba:03ac:0110:eeee0000:0:0:0:" name="Italia1" service_name="Italia1" provider="" sid="4026" onid="272" tsid="940" />
    <channel service_ref="1:0:1:0fa6:03ac:0110:eeee0000:0:0:0:" name="Italia1 (provvisorio)" service_name="Italia1 (provvisorio)" provider="" sid="4006" onid="272" tsid="940" />
    <channel service_ref="1:0:25:03f3:03ac:0110:eeee0000:0:0:0:" name="La 5" service_name="La 5" provider="" sid="1011" onid="272" tsid="940" />
    <channel service_ref="1:0:1:0fad:03ac:0110:eeee0000:0:0:0:" name="La 5" service_name="La 5" provider="" sid="4013" onid="272" tsid="940" />
    <channel service_ref="1:0:1:02c7:0107:217c:eeee0000:0:0:0:" name="LA7" service_name="LA7" provider="" sid="711" onid="8572" tsid="263" />
    <channel service_ref="1:0:1:02d1:0107:217c:eeee0000:0:0:0:" name="LA7" service_name="LA7" provider="" sid="721" onid="8572" tsid="263" />
    <channel service_ref="1:0:25:02ef:0107:217c:eeee0000:0:0:0:" name="LA7 HD" service_name="LA7 HD" provider="" sid="751" onid="8572" tsid="263" />
    <channel service_ref="1:0:1:013e:0107:217c:eeee0000:0:0:0:" name="LA7 on demand" service_name="LA7 on demand" provider="" sid="318" onid="8572" tsid="263" />
    <channel service_ref="1:0:1:02fa:0107:217c:eeee0000:0:0:0:" name="LA7 Servizi on demand" service_name="LA7 Servizi on demand" provider="" sid="762" onid="8572" tsid="263" />
    <channel service_ref="1:0:1:013d:0107:217c:eeee0000:0:0:0:" name="LA7 Test" service_name="LA7 Test" provider="" sid="317" onid="8572" tsid="263" />
    <channel service_ref="1:0:1:02f9:0107:217c:eeee0000:0:0:0:" name="LA7 TEST" service_name="LA7 TEST" provider="" sid="761" onid="8572" tsid="263" />
    <channel service_ref="1:0:1:02fb:0107:217c:eeee0000:0:0:0:" name="LA7 TEST" service_name="LA7 TEST" provider="" sid="763" onid="8572" tsid="263" />
    <channel service_ref="1:0:1:02fc:0107:217c:eeee0000:0:0:0:" name="LA7 TEST" service_name="LA7 TEST" provider="" sid="764" onid="8572" tsid="263" />
    <channel service_ref="1:0:1:02fd:0107:217c:eeee0000:0:0:0:" name="LA7 TEST" service_name="LA7 TEST" provider="" sid="765" onid="8572" tsid="263" />
    <channel service_ref="1:0:1:02c8:0107:217c:eeee0000:0:0:0:" name="LA7d" service_name="LA7d" provider="" sid="712" onid="8572" tsid="263" />
    <channel service_ref="1:0:1:02d2:0107:217c:eeee0000:0:0:0:" name="LA7d" service_name="LA7d" provider="" sid="722" onid="8572" tsid="263" />
    <channel service_ref="1:0:25:02f0:0107:217c:eeee0000:0:0:0:" name="LA7d HD" service_name="LA7d HD" provider="" sid="752" onid="8572" tsid="263" />
    <channel service_ref="1:0:1:141c:03b6:0110:eeee0000:0:0:0:" name="Premium Action" service_name="Premium Action" provider="" sid="5148" onid="272" tsid="950" />
    <channel service_ref="1:0:1:00c5:0385:0110:eeee0000:0:0:0:" name="Premium Cinema 3" service_name="Premium Cinema 3" provider="" sid="197" onid="272" tsid="901" />
    <channel service_ref="1:0:1:00ad:0385:0110:eeee0000:0:0:0:" name="Premium Crime" service_name="Premium Crime" provider="" sid="173" onid="272" tsid="901" />
    <channel service_ref="1:0:1:00ac:0385:0110:eeee0000:0:0:0:" name="Premium Stories" service_name="Premium Stories" provider="" sid="172" onid="272" tsid="901" />
    <channel service_ref="1:0:1:0fb8:03ac:0110:eeee0000:0:0:0:" name="Rete4" service_name="Rete4" provider="" sid="4024" onid="272" tsid="940" />
    <channel service_ref="1:0:1:0fa4:03ac:0110:eeee0000:0:0:0:" name="Rete4 (provvisorio)" service_name="Rete4 (provvisorio)" provider="" sid="4004" onid="272" tsid="940" />
    <channel service_ref="1:0:1:008c:0385:0110:eeee0000:0:0:0:" name="Sky Atlantic" service_name="Sky Atlantic" provider="" sid="140" onid="272" tsid="901" />
    <channel service_ref="1:0:1:059c:03b6:0110:eeee0000:0:0:0:" name="Sky Sport" service_name="Sky Sport" provider="" sid="1436" onid="272" tsid="950" />
    <channel service_ref="1:0:1:141a:03b6:0110:eeee0000:0:0:0:" name="Sky Sport" service_name="Sky Sport" provider="" sid="5146" onid="272" tsid="950" />
    <channel service_ref="1:0:1:141b:03b6:0110:eeee0000:0:0:0:" name="Sky Sport" service_name="Sky Sport" provider="" sid="5147" onid="272" tsid="950" />
    <channel service_ref="1:0:1:143b:03b6:0110:eeee0000:0:0:0:" name="Sky Sport 24" service_name="Sky Sport 24" provider="" sid="5179" onid="272" tsid="950" />
    <channel service_ref="1:0:1:058b:03b6:0110:eeee0000:0:0:0:" name="Sky Sport Calcio" service_name="Sky Sport Calcio" provider="" sid="1419" onid="272" tsid="950" />
    <channel service_ref="1:0:25:00c1:0385:0110:eeee0000:0:0:0:" name="Sky Sport Calcio HD" service_name="Sky Sport Calcio HD" provider="" sid="193" onid="272" tsid="901" />
    <channel service_ref="1:0:1:059f:03b6:0110:eeee0000:0:0:0:" name="Sky Sport Uno" service_name="Sky Sport Uno" provider="" sid="1439" onid="272" tsid="950" />
    <channel service_ref="1:0:25:143a:03b6:0110:eeee0000:0:0:0:" name="Sky Sport Uno HD" service_name="Sky Sport Uno HD" provider="" sid="5178" onid="272" tsid="950" />
    <channel service_ref="1:0:1:005c:0385:0110:eeee0000:0:0:0:" name="Sky TG24" service_name="Sky TG24" provider="" sid="92" onid="272" tsid="901" />
    <channel service_ref="1:0:1:143c:03b6:0110:eeee0000:0:0:0:" name="Sky Uno" service_name="Sky Uno" provider="" sid="5180" onid="272" tsid="950" />
    <channel service_ref="1:0:31:042c:03ac:0110:eeee0000:0:0:0:" name="Test HEVC Main10" service_name="Test HEVC Main10" provider="" sid="1068" onid="272" tsid="940" />
    <channel service_ref="1:0:22:03f4:03ac:0110:eeee0000:0:0:0:" name="TGCOM24" service_name="TGCOM24" provider="" sid="1012" onid="272" tsid="940" />
    <channel service_ref="1:0:22:0fae:03ac:0110:eeee0000:0:0:0:" name="TGCOM24" service_name="TGCOM24" provider="" sid="4014" onid="272" tsid="940" />
    <channel service_ref="1:0:1:005d:0385:0110:eeee0000:0:0:0:" name="TV8" service_name="TV8" provider="" sid="93" onid="272" tsid="901" />
    <channel service_ref="1:0:1:005e:0385:0110:eeee0000:0:0:0:" name="TV8" service_name="TV8" provider="" sid="94" onid="272" tsid="901" />
    <channel service_ref="1:0:1:005f:0385:0110:eeee0000:0:0:0:" name="TV8" service_name="TV8" provider="" sid="95" onid="272" tsid="901" />
    <channel service_ref="1:0:1:003d:0385:0110:eeee0000:0:0:0:" name="TV8 News On Demand" service_name="TV8 News On Demand" provider="" sid="61" onid="272" tsid="901" />
  </bouquet>
  <bouquet name="Movies" category="tv">
    <channel service_ref="1:0:1:00c5:0385:0110:eeee0000:0:0:0:" name="Premium Cinema 3" service_name="Premium Cinema 3" provider="" sid="197" onid="272" tsid="901" />
  </bouquet>
  <bouquet name="News" category="tv">
    <channel service_ref="1:0:1:003d:0385:0110:eeee0000:0:0:0:" name="TV8 News On Demand" service_name="TV8 News On Demand" provider="" sid="61" onid="272" tsid="901" />
  </bouquet>
  <bouquet name="Sports" category="tv">
    <channel service_ref="1:0:25:008d:0107:217c:eeee0000:0:0:0:" name="DAZN Channel - Premi Info" service_name="DAZN Channel - Premi Info" provider="" sid="141" onid="8572" tsid="263" />
    <channel service_ref="1:0:1:059c:03b6:0110:eeee0000:0:0:0:" name="Sky Sport" service_name="Sky Sport" provider="" sid="1436" onid="272" tsid="950" />
    <channel service_ref="1:0:1:141a:03b6:0110:eeee0000:0:0:0:" name="Sky Sport" service_name="Sky Sport" provider="" sid="5146" onid="272" tsid="950" />
    <channel service_ref="1:0:1:141b:03b6:0110:eeee0000:0:0:0:" name="Sky Sport" service_name="Sky Sport" provider="" sid="5147" onid="272" tsid="950" />
    <channel service_ref="1:0:1:143b:03b6:0110:eeee0000:0:0:0:" name="Sky Sport 24" service_name="Sky Sport 24" provider="" sid="5179" onid="272" tsid="950" />
    <channel service_ref="1:0:1:058b:03b6:0110:eeee0000:0:0:0:" name="Sky Sport Calcio" service_name="Sky Sport Calcio" provider="" sid="1419" onid="272" tsid="950" />
    <channel service_ref="1:0:25:00c1:0385:0110:eeee0000:0:0:0:" name="Sky Sport Calcio HD" service_name="Sky Sport Calcio HD" provider="" sid="193" onid="272" tsid="901" />
    <channel service_ref="1:0:1:059f:03b6:0110:eeee0000:0:0:0:" name="Sky Sport Uno" service_name="Sky Sport Uno" provider="" sid="1439" onid="272" tsid="950" />
    <channel service_ref="1:0:25:143a:03b6:0110:eeee0000:0:0:0:" name="Sky Sport Uno HD" service_name="Sky Sport Uno HD" provider="" sid="5178" onid="272" tsid="950" />
  </bouquet>
  <bouquet name="Sky" category="tv">
    <channel service_ref="1:0:1:008c:0385:0110:eeee0000:0:0:0:" name="Sky Atlantic" service_name="Sky Atlantic" provider="" sid="140" onid="272" tsid="901" />
    <channel service_ref="1:0:1:005c:0385:0110:eeee0000:0:0:0:" name="Sky TG24" service_name="Sky TG24" provider="" sid="92" onid="272" tsid="901" />
    <channel service_ref="1:0:1:143c:03b6:0110:eeee0000:0:0:0:" name="Sky Uno" service_name="Sky Uno" provider="" sid="5180" onid="272" tsid="950" />
  </bouquet>
  <bouquet name="RAI" category="tv">
    <channel service_ref="1:0:1:0fba:03ac:0110:eeee0000:0:0:0:" name="Italia1" service_name="Italia1" provider="" sid="4026" onid="272" tsid="940" />
    <channel service_ref="1:0:1:0fa6:03ac:0110:eeee0000:0:0:0:" name="Italia1 (provvisorio)" service_name="Italia1 (provvisorio)" provider="" sid="4006" onid="272" tsid="940" />
  </bouquet>
  <bouquet name="TF1" category="tv">
    <channel service_ref="1:0:1:0fb9:03ac:0110:eeee0000:0:0:0:" name="Canale5" service_name="Canale5" provider="" sid="4025" onid="272" tsid="940" />
    <channel service_ref="1:0:1:0fa5:03ac:0110:eeee0000:0:0:0:" name="Canale5 (provvisorio)" service_name="Canale5 (provvisorio)" provider="" sid="4005" onid="272" tsid="940" />
  </bouquet>
  <bouquet name="Switzerland" category="tv">
    <channel service_ref="1:0:25:03f3:03ac:0110:eeee0000:0:0:0:" name="La 5" service_name="La 5" provider="" sid="1011" onid="272" tsid="940" />
    <channel service_ref="1:0:1:0fad:03ac:0110:eeee0000:0:0:0:" name="La 5" service_name="La 5" provider="" sid="4013" onid="272" tsid="940" />
  </bouquet>
  <bouquet name="Italy" category="tv">
    <channel service_ref="1:0:1:02c7:0107:217c:eeee0000:0:0:0:" name="LA7" service_name="LA7" provider="" sid="711" onid="8572" tsid="263" />
    <channel service_ref="1:0:1:02d1:0107:217c:eeee0000:0:0:0:" name="LA7" service_name="LA7" provider="" sid="721" onid="8572" tsid="263" />
    <channel service_ref="1:0:25:02ef:0107:217c:eeee0000:0:0:0:" name="LA7 HD" service_name="LA7 HD" provider="" sid="751" onid="8572" tsid="263" />
    <channel service_ref="1:0:1:013e:0107:217c:eeee0000:0:0:0:" name="LA7 on demand" service_name="LA7 on demand" provider="" sid="318" onid="8572" tsid="263" />
    <channel service_ref="1:0:1:02fa:0107:217c:eeee0000:0:0:0:" name="LA7 Servizi on demand" service_name="LA7 Servizi on demand" provider="" sid="762" onid="8572" tsid="263" />
    <channel service_ref="1:0:1:013d:0107:217c:eeee0000:0:0:0:" name="LA7 Test" service_name="LA7 Test" provider="" sid="317" onid="8572" tsid="263" />
    <channel service_ref="1:0:1:02f9:0107:217c:eeee0000:0:0:0:" name="LA7 TEST" service_name="LA7 TEST" provider="" sid="761" onid="8572" tsid="263" />
    <channel service_ref="1:0:1:02fb:0107:217c:eeee0000:0:0:0:" name="LA7 TEST" service_name="LA7 TEST" provider="" sid="763" onid="8572" tsid="263" />
    <channel service_ref="1:0:1:02fc:0107:217c:eeee0000:0:0:0:" name="LA7 TEST" service_name="LA7 TEST" provider="" sid="764" onid="8572" tsid="263" />
    <channel service_ref="1:0:1:02fd:0107:217c:eeee0000:0:0:0:" name="LA7 TEST" service_name="LA7 TEST" provider="" sid="765" onid="8572" tsid="263" />
    <channel service_ref="1:0:1:02c8:0107:217c:eeee0000:0:0:0:" name="LA7d" service_name="LA7d" provider="" sid="712" onid="8572" tsid="263" />
    <channel service_ref="1:0:1:02d2:0107:217c:eeee0000:0:0:0:" name="LA7d" service_name="LA7d" provider="" sid="722" onid="8572" tsid="263" />
    <channel service_ref="1:0:25:02f0:0107:217c:eeee0000:0:0:0:" name="LA7d HD" service_name="LA7d HD" provider="" sid="752" onid="8572" tsid="263" />
  </bouquet>
  <bouquet name="Resolution - HD" category="tv">
    <channel service_ref="1:0:25:02ef:0107:217c:eeee0000:0:0:0:" name="LA7 HD" service_name="LA7 HD" provider="" sid="751" onid="8572" tsid="263" />
    <channel service_ref="1:0:25:02f0:0107:217c:eeee0000:0:0:0:" name="LA7d HD" service_name="LA7d HD" provider="" sid="752" onid="8572" tsid="263" />
    <channel service_ref="1:0:25:00c1:0385:0110:eeee0000:0:0:0:" name="Sky Sport Calcio HD" service_name="Sky Sport Calcio HD" provider="" sid="193" onid="272" tsid="901" />
    <channel service_ref="1:0:25:143a:03b6:0110:eeee0000:0:0:0:" name="Sky Sport Uno HD" service_name="Sky Sport Uno HD" provider="" sid="5178" onid="272" tsid="950" />
  </bouquet>
  <bouquet name="Others" category="tv">
    <channel service_ref="1:0:1:005b:0385:0110:eeee0000:0:0:0:" name="Cielo" service_name="Cielo" provider="" sid="91" onid="272" tsid="901" />
    <channel service_ref="1:0:1:008d:0385:0110:eeee0000:0:0:0:" name="FOX" service_name="FOX" provider="" sid="141" onid="272" tsid="901" />
    <channel service_ref="1:0:25:03f5:03ac:0110:eeee0000:0:0:0:" name="Iris" service_name="Iris" provider="" sid="1013" onid="272" tsid="940" />
    <channel service_ref="1:0:1:0faf:03ac:0110:eeee0000:0:0:0:" name="Iris" service_name="Iris" provider="" sid="4015" onid="272" tsid="940" />
    <channel service_ref="1:0:1:141c:03b6:0110:eeee0000:0:0:0:" name="Premium Action" service_name="Premium Action" provider="" sid="5148" onid="272" tsid="950" />
    <channel service_ref="1:0:1:00ad:0385:0110:eeee0000:0:0:0:" name="Premium Crime" service_name="Premium Crime" provider="" sid="173" onid="272" tsid="901" />
    <channel service_ref="1:0:1:00ac:0385:0110:eeee0000:0:0:0:" name="Premium Stories" service_name="Premium Stories" provider="" sid="172" onid="272" tsid="901" />
    <channel service_ref="1:0:1:0fb8:03ac:0110:eeee0000:0:0:0:" name="Rete4" service_name="Rete4" provider="" sid="4024" onid="272" tsid="940" />
    <channel service_ref="1:0:1:0fa4:03ac:0110:eeee0000:0:0:0:" name="Rete4 (provvisorio)" service_name="Rete4 (provvisorio)" provider="" sid="4004" onid="272" tsid="940" />
    <channel service_ref="1:0:31:042c:03ac:0110:eeee0000:0:0:0:" name="Test HEVC Main10" service_name="Test HEVC Main10" provider="" sid="1068" onid="272" tsid="940" />
    <channel service_ref="1:0:22:03f4:03ac:0110:eeee0000:0:0:0:" name="TGCOM24" service_name="TGCOM24" provider="" sid="1012" onid="272" tsid="940" />
    <channel service_ref="1:0:22:0fae:03ac:0110:eeee0000:0:0:0:" name="TGCOM24" service_name="TGCOM24" provider="" sid="4014" onid="272" tsid="940" />
    <channel service_ref="1:0:1:005d:0385:0110:eeee0000:0:0:0:" name="TV8" service_name="TV8" provider="" sid="93" onid="272" tsid="901" />
    <channel service_ref="1:0:1:005e:0385:0110:eeee0000:0:0:0:" name="TV8" service_name="TV8" provider="" sid="94" onid="272" tsid="901" />
    <channel service_ref="1:0:1:005f:0385:0110:eeee0000:0:0:0:" name="TV8" service_name="TV8" provider="" sid="95" onid="272" tsid="901" />
  </bouquet>
  <bouquet name="PayTV - Sky - DE - HD" category="tv">
    <channel service_ref="1:0:1:008c:0385:0110:eeee0000:0:0:0:" name="Sky Atlantic" service_name="Sky Atlantic" provider="" sid="140" onid="272" tsid="901" />
    <channel service_ref="1:0:1:059c:03b6:0110:eeee0000:0:0:0:" name="Sky Sport" service_name="Sky Sport" provider="" sid="1436" onid="272" tsid="950" />
    <channel service_ref="1:0:1:141a:03b6:0110:eeee0000:0:0:0:" name="Sky Sport" service_name="Sky Sport" provider="" sid="5146" onid="272" tsid="950" />
    <channel service_ref="1:0:1:141b:03b6:0110:eeee0000:0:0:0:" name="Sky Sport" service_name="Sky Sport" provider="" sid="5147" onid="272" tsid="950" />
    <channel service_ref="1:0:1:143b:03b6:0110:eeee0000:0:0:0:" name="Sky Sport 24" service_name="Sky Sport 24" provider="" sid="5179" onid="272" tsid="950" />
    <channel service_ref="1:0:1:058b:03b6:0110:eeee0000:0:0:0:" name="Sky Sport Calcio" service_name="Sky Sport Calcio" provider="" sid="1419" onid="272" tsid="950" />
    <channel service_ref="1:0:25:00c1:0385:0110:eeee0000:0:0:0:" name="Sky Sport Calcio HD" service_name="Sky Sport Calcio HD" provider="" sid="193" onid="272" tsid="901" />
    <channel service_ref="1:0:1:059f:03b6:0110:eeee0000:0:0:0:" name="Sky Sport Uno" service_name="Sky Sport Uno" provider="" sid="1439" onid="272" tsid="950" />
    <channel service_ref="1:0:25:143a:03b6:0110:eeee0000:0:0:0:" name="Sky Sport Uno HD" service_name="Sky Sport Uno HD" provider="" sid="5178" onid="272" tsid="950" />
  </bouquet>
  <bouquet name="PayTV - DAZN - DE - HD" category="tv">
    <channel service_ref="1:0:25:008d:0107:217c:eeee0000:0:0:0:" name="DAZN Channel - Premi Info" service_name="DAZN Channel - Premi Info" provider="" sid="141" onid="8572" tsid="263" />
  </bouquet>
</zapit>
