{
  "api_version": 4,
  "bouquet_count": "63",
  "category": "terrestrial",
  "deduplicated_services": "0",
  "display_name": "Rai-Way",
  "lamedb_version": "4",
  "last_seen": "unknown",
  "region_code": "rai-way",
  "service_count": "1877",
  "source": "work/ingest/oe-alliance/vhannibal.hotbird.and.dtt.lazio/enigma2",
  "stale": "unknown",
  "stats": "{\"bouquet_count\": 41, \"cable_services\": 0, \"radio_services\": 264, \"sat_services\": 1566, \"terrestrial_services\": 311, \"total_services\": 1877}",
  "thresholds": "{\"cable\": 20, \"sat\": 50, \"terrestrial\": 20}",
  "transponder_count": "116"
}