<?xml version='1.0' encoding='utf-8'?>
<zapit api="4">
  <satellites>
    <satellite key="001e0000:0000:0064" name="Sat-3E" namespace="0x001e0000" position="3">
      <transponder key="001e0000:0000:0064" frequency="11476000" symbol_rate="1830000" polarization="H" fec="3" system="0" modulation="0">
        <service id="0x0001" sid="1" name="sama tv" type="22" provider="sama" onid="100" tsid="0" namespace="0x001e0000" />
      </transponder>
    </satellite>
    <satellite key="001e0000:0064:212c" name="Sat-3E" namespace="0x001e0000" position="3">
      <transponder key="001e0000:0064:212c" frequency="12702000" symbol_rate="13960000" polarization="H" fec="7" system="0" modulation="0">
        <service id="0x0028" sid="40" name="ALPHA" type="1" provider="DIGEA" onid="8492" tsid="100" namespace="0x001e0000" />
        <service id="0x012c" sid="300" name="ANT1" type="1" provider="DIGEA" onid="8492" tsid="100" namespace="0x001e0000" />
        <service id="0x008c" sid="140" name="OPEN BEYOND" type="1" provider="DIGEA" onid="8492" tsid="100" namespace="0x001e0000" />
      </transponder>
    </satellite>
    <satellite key="001e0000:0066:212c" name="Sat-3E" namespace="0x001e0000" position="3">
      <transponder key="001e0000:0066:212c" frequency="12720000" symbol_rate="13960000" polarization="H" fec="7" system="0" modulation="0">
        <service id="0x00be" sid="190" name="M.tv" type="1" provider="DIGEA" onid="8492" tsid="102" namespace="0x001e0000" />
        <service id="0x0066" sid="102" name="SKAI" type="1" provider="DIGEA" onid="8492" tsid="102" namespace="0x001e0000" />
        <service id="0x02bc" sid="700" name="STAR" type="1" provider="DIGEA" onid="8492" tsid="102" namespace="0x001e0000" />
      </transponder>
    </satellite>
    <satellite key="001e2cc4:0001:ffff" name="Sat-3E" namespace="0x001e2cc4" position="3">
      <transponder key="001e2cc4:0001:ffff" frequency="11460000" symbol_rate="2640000" polarization="H" fec="3" system="0" modulation="0">
        <service id="0x0002" sid="2" name="SYRIA NEWS" type="1" provider="Service Provider" onid="65535" tsid="1" namespace="0x001e2cc4" />
      </transponder>
    </satellite>
    <satellite key="001e2cd0:0001:ffff" name="Sat-3E" namespace="0x001e2cd0" position="3">
      <transponder key="001e2cd0:0001:ffff" frequency="11472000" symbol_rate="2600000" polarization="H" fec="3" system="0" modulation="0">
        <service id="0x0001" sid="1" name="SYRIA TV" type="1" provider="TandbergTV" onid="65535" tsid="1" namespace="0x001e2cd0" />
      </transponder>
    </satellite>
    <satellite key="001e2d54:0001:ffff" name="Sat-3E" namespace="0x001e2d54" position="3">
      <transponder key="001e2d54:0001:ffff" frequency="11604000" symbol_rate="9720000" polarization="H" fec="3" system="0" modulation="0">
        <service id="0x0006" sid="6" name="ALALAM service" type="1" provider="Service Provider" onid="65535" tsid="1" namespace="0x001e2d54" />
        <service id="0x0001" sid="1" name="Hispa ntv Service" type="1" provider="Service Provider" onid="65535" tsid="1" namespace="0x001e2d54" />
        <service id="0x0028" sid="40" name="IFILM ARABIC" type="1" provider="Service Provider" onid="65535" tsid="1" namespace="0x001e2d54" />
        <service id="0x0005" sid="5" name="IFILM2" type="1" provider="Service Provider" onid="65535" tsid="1" namespace="0x001e2d54" />
        <service id="0x0002" sid="2" name="IFILMServices." type="1" provider="Service Provider" onid="65535" tsid="1" namespace="0x001e2d54" />
        <service id="0x0004" sid="4" name="Prees TV" type="1" provider="Service Provider" onid="65535" tsid="1" namespace="0x001e2d54" />
        <service id="0x0003" sid="3" name="SYRIA" type="1" provider="Service Provider" onid="65535" tsid="1" namespace="0x001e2d54" />
        <service id="0x062d" sid="1581" name="RADIO 01 WORLD SERVICE" type="2" provider="Service Provider" onid="65535" tsid="1" namespace="0x001e2d54" radio="1" />
        <service id="0x062e" sid="1582" name="RADIO 02 WORLD SERVICE" type="2" provider="Service Provider" onid="65535" tsid="1" namespace="0x001e2d54" radio="1" />
        <service id="0x061e" sid="1566" name="RADIO 03 WORLD SERVICE" type="2" provider="Service Provider" onid="65535" tsid="1" namespace="0x001e2d54" radio="1" />
        <service id="0x0114" sid="276" name="RADIO 04 WORLD SERVICE" type="2" provider="Service Provider" onid="65535" tsid="1" namespace="0x001e2d54" radio="1" />
        <service id="0x0115" sid="277" name="RADIO 05 WORLD SERVICE" type="2" provider="Service Provider" onid="65535" tsid="1" namespace="0x001e2d54" radio="1" />
        <service id="0x0116" sid="278" name="RADIO 06 WORLD SERVICE" type="2" provider="Service Provider" onid="65535" tsid="1" namespace="0x001e2d54" radio="1" />
        <service id="0x061c" sid="1564" name="RADIO 07 WORLD SERVICE" type="2" provider="Service Provider" onid="65535" tsid="1" namespace="0x001e2d54" radio="1" />
      </transponder>
    </satellite>
    <satellite key="001e2d8c:0001:0001" name="Sat-3E" namespace="0x001e2d8c" position="3">
      <transponder key="001e2d8c:0001:0001" frequency="11660000" symbol_rate="2222000" polarization="H" fec="4" system="0" modulation="0">
        <service id="0x0001" sid="1" name="misk" type="1" provider="Net 1" onid="1" tsid="1" namespace="0x001e2d8c" />
      </transponder>
    </satellite>
    <satellite key="001e2d95:0000:0000" name="Sat-3E" namespace="0x001e2d95" position="3">
      <transponder key="001e2d95:0000:0000" frequency="11669000" symbol_rate="6592000" polarization="H" fec="2" system="0" modulation="0">
        <service id="0x0001" sid="1" name="TV HD" type="1" provider="none" onid="0" tsid="0" namespace="0x001e2d95" />
        <service id="0x0002" sid="2" name="TV1" type="1" provider="" onid="0" tsid="0" namespace="0x001e2d95" />
        <service id="0x0003" sid="3" name="TV3" type="1" provider="" onid="0" tsid="0" namespace="0x001e2d95" />
      </transponder>
    </satellite>
    <satellite key="001e30de:0001:ffff" name="Sat-3E" namespace="0x001e30de" position="3">
      <transponder key="001e30de:0001:ffff" frequency="12510000" symbol_rate="2688000" polarization="H" fec="3" system="0" modulation="0">
        <service id="0x0001" sid="1" name="HD TEST" type="1" provider="Service Provider" onid="65535" tsid="1" namespace="0x001e30de" />
      </transponder>
    </satellite>
    <satellite key="001e3106:0001:0001" name="Sat-3E" namespace="0x001e3106" position="3">
      <transponder key="001e3106:0001:0001" frequency="12550000" symbol_rate="4444000" polarization="H" fec="3" system="0" modulation="0">
        <service id="0x002b" sid="43" name="2M MENA" type="1" provider="2M" onid="1" tsid="1" namespace="0x001e3106" />
        <service id="0x002a" sid="42" name="2M Monde" type="1" provider="2M" onid="1" tsid="1" namespace="0x001e3106" />
        <service id="0x0029" sid="41" name="2M National" type="1" provider="2M" onid="1" tsid="1" namespace="0x001e3106" />
        <service id="0x002c" sid="44" name="Radio 2M" type="1" provider="2M" onid="1" tsid="1" namespace="0x001e3106" />
      </transponder>
    </satellite>
    <satellite key="001e31c1:0001:0001" name="Sat-3E" namespace="0x001e31c1" position="3">
      <transponder key="001e31c1:0001:0001" frequency="12737000" symbol_rate="2930000" polarization="H" fec="3" system="0" modulation="0">
        <service id="0x0001" sid="1" name="Zadruga" type="1" provider="Pink" onid="1" tsid="1" namespace="0x001e31c1" />
      </transponder>
    </satellite>
    <satellite key="001ead78:0001:0001" name="Sat-3E" namespace="0x001ead78" position="3">
      <transponder key="001ead78:0001:0001" frequency="11640000" symbol_rate="2000000" polarization="V" fec="4" system="0" modulation="0">
        <service id="0x0041" sid="65" name="Samarra TV Service" type="1" provider="TV-Provider" onid="1" tsid="1" namespace="0x001ead78" />
      </transponder>
    </satellite>
    <satellite key="001ead92:0001:ffff" name="Sat-3E" namespace="0x001ead92" position="3">
      <transponder key="001ead92:0001:ffff" frequency="11666000" symbol_rate="1850000" polarization="V" fec="4" system="0" modulation="0">
        <service id="0x0002" sid="2" name="ALNAEEM TV HD" type="1" provider="DTVi" onid="65535" tsid="1" namespace="0x001ead92" />
      </transponder>
    </satellite>
    <satellite key="001eb120:0001:0001" name="Sat-3E" namespace="0x001eb120" position="3">
      <transponder key="001eb120:0001:0001" frequency="12576000" symbol_rate="1515000" polarization="V" fec="2" system="0" modulation="0">
        <service id="0x0001" sid="1" name="Nessma" type="1" provider="Net 1" onid="1" tsid="1" namespace="0x001eb120" />
      </transponder>
    </satellite>
  </satellites>
</zapit>
