<?xml version='1.0' encoding='utf-8'?>
<zapit>
  <bouquet name="General" category="tv">
    <channel service_ref="1:0:1:001d:000e:020d:020d0000:0:0:0:" name="BBC Arabic" service_name="BBC Arabic" provider="Harmonic" sid="29" onid="525" tsid="14" />
    <channel service_ref="1:0:1:14ca:000e:020d:020d0000:0:0:0:" name="Rotana Aflam + HD" service_name="Rotana Aflam + HD" provider="Nilesat" sid="5322" onid="525" tsid="14" />
    <channel service_ref="1:0:1:14c9:000e:020d:020d0000:0:0:0:" name="Rotana HD +" service_name="Rotana HD +" provider="Nilesat" sid="5321" onid="525" tsid="14" />
    <channel service_ref="1:0:1:14cb:000e:020d:020d0000:0:0:0:" name="Rotana M +" service_name="Rotana M +" provider="Nilesat" sid="5323" onid="525" tsid="14" />
    <channel service_ref="1:0:1:14c6:000e:020d:020d0000:0:0:0:" name="RT Arabic HD" service_name="RT Arabic HD" provider="Yahlive 1" sid="5318" onid="525" tsid="14" />
    <channel service_ref="1:0:1:14c8:000e:020d:020d0000:0:0:0:" name="RT France HD" service_name="RT France HD" provider="yahlive1" sid="5320" onid="525" tsid="14" />
  </bouquet>
  <bouquet name="BBC" category="tv">
    <channel service_ref="1:0:1:001d:000e:020d:020d0000:0:0:0:" name="BBC Arabic" service_name="BBC Arabic" provider="Harmonic" sid="29" onid="525" tsid="14" />
  </bouquet>
  <bouquet name="TF1" category="tv">
    <channel service_ref="1:0:1:14c8:000e:020d:020d0000:0:0:0:" name="RT France HD" service_name="RT France HD" provider="yahlive1" sid="5320" onid="525" tsid="14" />
  </bouquet>
  <bouquet name="Resolution - HD" category="tv">
    <channel service_ref="1:0:1:14ca:000e:020d:020d0000:0:0:0:" name="Rotana Aflam + HD" service_name="Rotana Aflam + HD" provider="Nilesat" sid="5322" onid="525" tsid="14" />
    <channel service_ref="1:0:1:14c9:000e:020d:020d0000:0:0:0:" name="Rotana HD +" service_name="Rotana HD +" provider="Nilesat" sid="5321" onid="525" tsid="14" />
    <channel service_ref="1:0:1:14c6:000e:020d:020d0000:0:0:0:" name="RT Arabic HD" service_name="RT Arabic HD" provider="Yahlive 1" sid="5318" onid="525" tsid="14" />
    <channel service_ref="1:0:1:14c8:000e:020d:020d0000:0:0:0:" name="RT France HD" service_name="RT France HD" provider="yahlive1" sid="5320" onid="525" tsid="14" />
  </bouquet>
  <bouquet name="International" category="tv">
    <channel service_ref="1:0:1:14c6:000e:020d:020d0000:0:0:0:" name="RT Arabic HD" service_name="RT Arabic HD" provider="Yahlive 1" sid="5318" onid="525" tsid="14" />
  </bouquet>
  <bouquet name="Others" category="tv">
    <channel service_ref="1:0:1:14ca:000e:020d:020d0000:0:0:0:" name="Rotana Aflam + HD" service_name="Rotana Aflam + HD" provider="Nilesat" sid="5322" onid="525" tsid="14" />
    <channel service_ref="1:0:1:14c9:000e:020d:020d0000:0:0:0:" name="Rotana HD +" service_name="Rotana HD +" provider="Nilesat" sid="5321" onid="525" tsid="14" />
    <channel service_ref="1:0:1:14cb:000e:020d:020d0000:0:0:0:" name="Rotana M +" service_name="Rotana M +" provider="Nilesat" sid="5323" onid="525" tsid="14" />
  </bouquet>
</zapit>
