<?xml version='1.0' encoding='utf-8'?>
<zapit>
  <bouquet name="General" category="tv">
    <channel service_ref="1:0:25:01d4:0001:0064:0de8a9e3:0:0:0:" name="" service_name="" provider="" sid="468" onid="100" tsid="1" />
    <channel service_ref="1:0:25:0a2d:0006:0064:0de80000:0:0:0:" name="" service_name="" provider="" sid="2605" onid="100" tsid="6" />
    <channel service_ref="1:0:25:0a3d:0006:0064:0de80000:0:0:0:" name="" service_name="" provider="" sid="2621" onid="100" tsid="6" />
    <channel service_ref="1:0:1:0003:0001:0001:0de829e2:0:0:0:" name="1+1" service_name="1+1" provider="SPACECOM" sid="3" onid="1" tsid="1" />
    <channel service_ref="1:0:1:0004:0014:0001:0de82a36:0:0:0:" name="112 Ukraine" service_name="112 Ukraine" provider="Harmonic" sid="4" onid="1" tsid="20" />
    <channel service_ref="1:0:1:000c:0014:0001:0de82a36:0:0:0:" name="112 Ukraine HD" service_name="112 Ukraine HD" provider="Harmonic" sid="12" onid="1" tsid="20" />
    <channel service_ref="1:0:1:0001:0001:0001:0de82a5a:0:0:0:" name="1zahid" service_name="1zahid" provider="Ukrkosmos" sid="1" onid="1" tsid="1" />
    <channel service_ref="1:0:1:0008:0001:0001:0de829e2:0:0:0:" name="3S.TV" service_name="3S.TV" provider="SPACECOM" sid="8" onid="1" tsid="1" />
    <channel service_ref="1:0:25:045c:0001:0064:0de8a9e3:0:0:0:" name="4! Story TV" service_name="4! Story TV" provider="T-Home" sid="1116" onid="100" tsid="1" />
    <channel service_ref="1:0:1:0a6e:0018:0044:0de80000:0:0:0:" name="AMC" service_name="AMC" provider="Viasat Ukraine" sid="2670" onid="68" tsid="24" />
    <channel service_ref="1:0:25:065b:0006:0064:0de80000:0:0:0:" name="AMC Eastern Europe" service_name="AMC Eastern Europe" provider="T-Home" sid="1627" onid="100" tsid="6" />
    <channel service_ref="1:0:25:02c9:0008:0064:0de80000:0:0:0:" name="Animal Planet" service_name="Animal Planet" provider="T-Home" sid="713" onid="100" tsid="8" />
    <channel service_ref="1:0:25:05e2:0005:0064:0de80000:0:0:0:" name="Animal Planet HD" service_name="Animal Planet HD" provider="T-Home" sid="1506" onid="100" tsid="5" />
    <channel service_ref="1:0:25:0122:0006:0064:0de80000:0:0:0:" name="Animax+|  Nights" service_name="Animax+|  Nights" provider="T-Home" sid="290" onid="100" tsid="6" />
    <channel service_ref="1:0:25:05ea:0005:0064:0de80000:0:0:0:" name="AXN Black" service_name="AXN Black" provider="T-Home" sid="1514" onid="100" tsid="5" />
    <channel service_ref="1:0:25:011a:0006:0064:0de80000:0:0:0:" name="AXN Central Europe" service_name="AXN Central Europe" provider="T-Home" sid="282" onid="100" tsid="6" />
    <channel service_ref="1:0:25:051b:0003:0064:0de80000:0:0:0:" name="AXN HD" service_name="AXN HD" provider="T-Home" sid="1307" onid="100" tsid="3" />
    <channel service_ref="1:0:25:05ee:0005:0064:0de80000:0:0:0:" name="AXN White" service_name="AXN White" provider="T-Home" sid="1518" onid="100" tsid="5" />
    <channel service_ref="1:0:25:05e7:0005:0064:0de80000:0:0:0:" name="BBC Earth" service_name="BBC Earth" provider="T-Home" sid="1511" onid="100" tsid="5" />
    <channel service_ref="1:0:25:057c:0004:0064:0de80000:0:0:0:" name="BBC Earth HD" service_name="BBC Earth HD" provider="T-Home" sid="1404" onid="100" tsid="4" />
    <channel service_ref="1:0:1:0002:0014:0001:0de82a36:0:0:0:" name="Bigudi TV" service_name="Bigudi TV" provider="Harmonic" sid="2" onid="1" tsid="20" />
    <channel service_ref="1:0:25:04ba:0002:0064:0de80000:0:0:0:" name="Blue Hustler|  Nights" service_name="Blue Hustler|  Nights" provider="T-Home" sid="1210" onid="100" tsid="2" />
    <channel service_ref="1:0:25:011b:0006:0064:0de80000:0:0:0:" name="Boomerang" service_name="Boomerang" provider="T-Home" sid="283" onid="100" tsid="6" />
    <channel service_ref="1:0:1:0004:0001:0001:0de82a5a:0:0:0:" name="Boutique TV" service_name="Boutique TV" provider="Ukrkosmos" sid="4" onid="1" tsid="1" />
    <channel service_ref="1:0:25:064a:0006:0064:0de80000:0:0:0:" name="Brazzers TV| |  Nights" service_name="Brazzers TV| |  Nights" provider="T-Home" sid="1610" onid="100" tsid="6" />
    <channel service_ref="1:0:25:070d:0008:0064:0de80000:0:0:0:" name="Bónum" service_name="Bónum" provider="T-Home" sid="1805" onid="100" tsid="8" />
    <channel service_ref="1:0:25:00f8:0004:0064:0de80000:0:0:0:" name="Bónusz" service_name="Bónusz" provider="T-Home" sid="248" onid="100" tsid="4" />
    <channel service_ref="1:0:25:05f8:0005:0064:0de80000:0:0:0:" name="Cartoon Network Eastern Europe" service_name="Cartoon Network Eastern Europe" provider="T-Home" sid="1528" onid="100" tsid="5" />
    <channel service_ref="1:0:1:0a82:0018:0044:0de80000:0:0:0:" name="CBS Reality" service_name="CBS Reality" provider="Viasat Ukraine" sid="2690" onid="68" tsid="24" />
    <channel service_ref="1:0:1:0005:0001:0001:0de82a5a:0:0:0:" name="Che-Pe Info" service_name="Che-Pe Info" provider="Ukrkosmos" sid="5" onid="1" tsid="1" />
    <channel service_ref="1:0:25:04c2:0002:0064:0de80000:0:0:0:" name="Chili" service_name="Chili" provider="T-Home" sid="1218" onid="100" tsid="2" />
    <channel service_ref="1:0:25:05e6:0005:0064:0de80000:0:0:0:" name="Cinemax 2 Europe" service_name="Cinemax 2 Europe" provider="T-Home" sid="1510" onid="100" tsid="5" />
    <channel service_ref="1:0:25:05ed:0005:0064:0de80000:0:0:0:" name="Cinemax East Europe" service_name="Cinemax East Europe" provider="T-Home" sid="1517" onid="100" tsid="5" />
    <channel service_ref="1:0:25:028b:0006:0064:0de80000:0:0:0:" name="Classica" service_name="Classica" provider="T-Home" sid="651" onid="100" tsid="6" />
    <channel service_ref="1:0:25:0124:0006:0064:0de80000:0:0:0:" name="CNN International" service_name="CNN International" provider="T-Home" sid="292" onid="100" tsid="6" />
    <channel service_ref="1:0:25:05de:0005:0064:0de80000:0:0:0:" name="Comedy Central Extra Central Europe" service_name="Comedy Central Extra Central Europe" provider="T-Home" sid="1502" onid="100" tsid="5" />
    <channel service_ref="1:0:25:028c:0006:0064:0de80000:0:0:0:" name="Comedy Central Hungary" service_name="Comedy Central Hungary" provider="T-Home" sid="652" onid="100" tsid="6" />
    <channel service_ref="1:0:25:057f:0004:0064:0de80000:0:0:0:" name="Cool TV HD" service_name="Cool TV HD" provider="T-Home" sid="1407" onid="100" tsid="4" />
    <channel service_ref="1:0:1:0009:0001:0001:0de82c27:0:0:0:" name="Da Vinci Learning" service_name="Da Vinci Learning" provider="Xtra TV" sid="9" onid="1" tsid="1" />
    <channel service_ref="1:0:25:028a:0006:0064:0de80000:0:0:0:" name="Da Vinci Learning" service_name="Da Vinci Learning" provider="T-Home" sid="650" onid="100" tsid="6" />
    <channel service_ref="1:0:1:09e2:0018:0044:0de80000:0:0:0:" name="Discovery Channel" service_name="Discovery Channel" provider="Viasat Ukraine" sid="2530" onid="68" tsid="24" />
    <channel service_ref="1:0:25:04c5:0002:0064:0de80000:0:0:0:" name="Discovery Channel Hungary" service_name="Discovery Channel Hungary" provider="T-Home" sid="1221" onid="100" tsid="2" />
    <channel service_ref="1:0:25:05e0:0005:0064:0de80000:0:0:0:" name="Discovery HD Showcase" service_name="Discovery HD Showcase" provider="T-Home" sid="1504" onid="100" tsid="5" />
    <channel service_ref="1:0:25:0be0:001a:0044:0de80000:0:0:0:" name="Discovery HD Showcase" service_name="Discovery HD Showcase" provider="Viasat Ukraine" sid="3040" onid="68" tsid="26" />
    <channel service_ref="1:0:25:04c6:0002:0064:0de80000:0:0:0:" name="Discovery Science" service_name="Discovery Science" provider="T-Home" sid="1222" onid="100" tsid="2" />
    <channel service_ref="1:0:1:0a0a:0018:0044:0de80000:0:0:0:" name="Discovery Science" service_name="Discovery Science" provider="Viasat Ukraine" sid="2570" onid="68" tsid="24" />
    <channel service_ref="1:0:25:05df:0005:0064:0de80000:0:0:0:" name="Disney Channel Hungary &amp; Czechia" service_name="Disney Channel Hungary &amp; Czechia" provider="T-Home" sid="1503" onid="100" tsid="5" />
    <channel service_ref="1:0:25:001a:0001:0064:0de8a9e3:0:0:0:" name="DoQ TV" service_name="DoQ TV" provider="T-Home" sid="26" onid="100" tsid="1" />
    <channel service_ref="1:0:25:04cc:0002:0064:0de80000:0:0:0:" name="Dorcel TV| |  Nights" service_name="Dorcel TV| |  Nights" provider="T-Home" sid="1228" onid="100" tsid="2" />
    <channel service_ref="1:0:25:02ca:0008:0064:0de80000:0:0:0:" name="DTX" service_name="DTX" provider="T-Home" sid="714" onid="100" tsid="8" />
    <channel service_ref="1:0:25:00f3:0004:0064:0de80000:0:0:0:" name="Duna 1 HD" service_name="Duna 1 HD" provider="T-Home" sid="243" onid="100" tsid="4" />
    <channel service_ref="1:0:25:04b6:0002:0064:0de80000:0:0:0:" name="Duna TV" service_name="Duna TV" provider="T-Home" sid="1206" onid="100" tsid="2" />
    <channel service_ref="1:0:25:044e:0001:0064:0de8a9e3:0:0:0:" name="Duna World" service_name="Duna World" provider="T-Home" sid="1102" onid="100" tsid="1" />
    <channel service_ref="1:0:25:051c:0003:0064:0de80000:0:0:0:" name="Duna World HD" service_name="Duna World HD" provider="T-Home" sid="1308" onid="100" tsid="3" />
    <channel service_ref="1:0:25:011d:0006:0064:0de80000:0:0:0:" name="Echo TV" service_name="Echo TV" provider="T-Home" sid="285" onid="100" tsid="6" />
    <channel service_ref="1:0:1:0006:0001:0001:0de82a5a:0:0:0:" name="Eko-TV" service_name="Eko-TV" provider="Ukrkosmos" sid="6" onid="1" tsid="1" />
    <channel service_ref="1:0:1:0007:0001:0001:0de829e2:0:0:0:" name="Eko-TV" service_name="Eko-TV" provider="SPACECOM" sid="7" onid="1" tsid="1" />
    <channel service_ref="1:0:25:02cd:0008:0064:0de80000:0:0:0:" name="English Club" service_name="English Club" provider="T-Home" sid="717" onid="100" tsid="8" />
    <channel service_ref="1:0:1:0a32:0018:0044:0de80000:0:0:0:" name="Erotika TV" service_name="Erotika TV" provider="Viasat Ukraine" sid="2610" onid="68" tsid="24" />
    <channel service_ref="1:0:1:0a28:0018:0044:0de80000:0:0:0:" name="Erox" service_name="Erox" provider="Viasat Ukraine" sid="2600" onid="68" tsid="24" />
    <channel service_ref="1:0:1:0a78:0018:0044:0de80000:0:0:0:" name="Eurokino" service_name="Eurokino" provider="Viasat Ukraine" sid="2680" onid="68" tsid="24" />
    <channel service_ref="1:0:1:0005:0014:0001:0de82a36:0:0:0:" name="EuroNews" service_name="EuroNews" provider="Harmonic" sid="5" onid="1" tsid="20" />
    <channel service_ref="1:0:25:05e5:0005:0064:0de80000:0:0:0:" name="EuroNews" service_name="EuroNews" provider="T-Home" sid="1509" onid="100" tsid="5" />
    <channel service_ref="1:0:25:044d:0001:0064:0de8a9e3:0:0:0:" name="Eurosport 1" service_name="Eurosport 1" provider="T-Home" sid="1101" onid="100" tsid="1" />
    <channel service_ref="1:0:25:02c6:0008:0064:0de80000:0:0:0:" name="Eurosport 1 HD" service_name="Eurosport 1 HD" provider="T-Home" sid="710" onid="100" tsid="8" />
    <channel service_ref="1:0:25:028f:0006:0064:0de80000:0:0:0:" name="Eurosport 2 Romania &amp; Hungary" service_name="Eurosport 2 Romania &amp; Hungary" provider="T-Home" sid="655" onid="100" tsid="6" />
    <channel service_ref="1:0:1:0a00:0018:0044:0de80000:0:0:0:" name="Extreme Sports" service_name="Extreme Sports" provider="Viasat Ukraine" sid="2560" onid="68" tsid="24" />
    <channel service_ref="1:0:25:00d1:0003:0064:0de80000:0:0:0:" name="FEM3" service_name="FEM3" provider="T-Home" sid="209" onid="100" tsid="3" />
    <channel service_ref="1:0:25:000a:0001:0064:0de8a9e3:0:0:0:" name="Film +" service_name="Film +" provider="T-Home" sid="10" onid="100" tsid="1" />
    <channel service_ref="1:0:25:000c:0001:0064:0de8a9e3:0:0:0:" name="Film 2+" service_name="Film 2+" provider="T-Home" sid="12" onid="100" tsid="1" />
    <channel service_ref="1:0:25:05dd:0005:0064:0de80000:0:0:0:" name="Film Café" service_name="Film Café" provider="T-Home" sid="1501" onid="100" tsid="5" />
    <channel service_ref="1:0:25:0121:0006:0064:0de80000:0:0:0:" name="Film Mánia" service_name="Film Mánia" provider="T-Home" sid="289" onid="100" tsid="6" />
    <channel service_ref="1:0:25:00f5:0004:0064:0de80000:0:0:0:" name="Film+ HD" service_name="Film+ HD" provider="T-Home" sid="245" onid="100" tsid="4" />
    <channel service_ref="1:0:25:02ce:0008:0064:0de80000:0:0:0:" name="FilmBox" service_name="FilmBox" provider="T-Home" sid="718" onid="100" tsid="8" />
    <channel service_ref="1:0:25:05f2:0005:0064:0de80000:0:0:0:" name="Filmbox Family" service_name="Filmbox Family" provider="T-Home" sid="1522" onid="100" tsid="5" />
    <channel service_ref="1:0:25:05f3:0005:0064:0de80000:0:0:0:" name="Filmbox HD" service_name="Filmbox HD" provider="T-Home" sid="1523" onid="100" tsid="5" />
    <channel service_ref="1:0:25:05f1:0005:0064:0de80000:0:0:0:" name="Filmbox Plus" service_name="Filmbox Plus" provider="T-Home" sid="1521" onid="100" tsid="5" />
    <channel service_ref="1:0:25:0c08:001a:0044:0de80000:0:0:0:" name="Fine Living Network" service_name="Fine Living Network" provider="Viasat Ukraine" sid="3080" onid="68" tsid="26" />
    <channel service_ref="1:0:25:000b:0001:0064:0de8a9e3:0:0:0:" name="Fishing &amp; Hunting" service_name="Fishing &amp; Hunting" provider="T-Home" sid="11" onid="100" tsid="1" />
    <channel service_ref="1:0:25:070b:0008:0064:0de80000:0:0:0:" name="Fit (Hungary)" service_name="Fit (Hungary)" provider="T-Home" sid="1803" onid="100" tsid="8" />
    <channel service_ref="1:0:25:070a:0008:0064:0de80000:0:0:0:" name="Fix.TV" service_name="Fix.TV" provider="T-Home" sid="1802" onid="100" tsid="8" />
    <channel service_ref="1:0:25:05e8:0005:0064:0de80000:0:0:0:" name="Food Network" service_name="Food Network" provider="T-Home" sid="1512" onid="100" tsid="5" />
    <channel service_ref="1:0:25:05f4:0005:0064:0de80000:0:0:0:" name="Fox Hungary" service_name="Fox Hungary" provider="T-Home" sid="1524" onid="100" tsid="5" />
    <channel service_ref="1:0:1:0a14:0018:0044:0de80000:0:0:0:" name="Fox Russia" service_name="Fox Russia" provider="Viasat Ukraine" sid="2580" onid="68" tsid="24" />
    <channel service_ref="1:0:25:01d1:0001:0064:0de8a9e3:0:0:0:" name="Galaxy" service_name="Galaxy" provider="T-Home" sid="465" onid="100" tsid="1" />
    <channel service_ref="1:0:1:0009:0001:0001:0de82a5a:0:0:0:" name="Galychyna" service_name="Galychyna" provider="Ukrkosmos" sid="9" onid="1" tsid="1" />
    <channel service_ref="1:0:25:05ec:0005:0064:0de80000:0:0:0:" name="HBO 2 Central Europe" service_name="HBO 2 Central Europe" provider="T-Home" sid="1516" onid="100" tsid="5" />
    <channel service_ref="1:0:25:05ef:0005:0064:0de80000:0:0:0:" name="HBO Comedy Hungary &amp; Czech" service_name="HBO Comedy Hungary &amp; Czech" provider="T-Home" sid="1519" onid="100" tsid="5" />
    <channel service_ref="1:0:25:070f:0008:0064:0de80000:0:0:0:" name="HBO HD Hungary" service_name="HBO HD Hungary" provider="T-Home" sid="1807" onid="100" tsid="8" />
    <channel service_ref="1:0:25:04b3:0002:0064:0de80000:0:0:0:" name="HBO Hungary" service_name="HBO Hungary" provider="T-Home" sid="1203" onid="100" tsid="2" />
    <channel service_ref="1:0:1:0002:0001:0001:0de82c27:0:0:0:" name="Hir TV" service_name="Hir TV" provider="hirTV / AH / HDT" sid="2" onid="1" tsid="1" />
    <channel service_ref="1:0:25:001e:0001:0064:0de8a9e3:0:0:0:" name="Hir TV" service_name="Hir TV" provider="T-Home" sid="30" onid="100" tsid="1" />
    <channel service_ref="1:0:25:02c5:0008:0064:0de80000:0:0:0:" name="History" service_name="History" provider="T-Home" sid="709" onid="100" tsid="8" />
    <channel service_ref="1:0:25:02c7:0008:0064:0de80000:0:0:0:" name="History HD Europe" service_name="History HD Europe" provider="T-Home" sid="711" onid="100" tsid="8" />
    <channel service_ref="1:0:25:04bb:0002:0064:0de80000:0:0:0:" name="Humor +" service_name="Humor +" provider="T-Home" sid="1211" onid="100" tsid="2" />
    <channel service_ref="1:0:25:04b7:0002:0064:0de80000:0:0:0:" name="Hustler TV|  Nights" service_name="Hustler TV|  Nights" provider="T-Home" sid="1207" onid="100" tsid="2" />
    <channel service_ref="1:0:1:0005:000d:0001:0de82a07:0:0:0:" name="ICTV" service_name="ICTV" provider="Harmonic" sid="5" onid="1" tsid="13" />
    <channel service_ref="1:0:1:0005:0003:0001:0de82ba7:0:0:0:" name="ICTV" service_name="ICTV" provider="Harmonic" sid="5" onid="1" tsid="3" />
    <channel service_ref="1:0:1:0007:0014:0001:0de82a36:0:0:0:" name="Inter" service_name="Inter" provider="Harmonic" sid="7" onid="1" tsid="20" />
    <channel service_ref="1:0:25:02cb:0008:0064:0de80000:0:0:0:" name="Investigation Discovery Xtra" service_name="Investigation Discovery Xtra" provider="T-Home" sid="715" onid="100" tsid="8" />
    <channel service_ref="1:0:25:04bd:0002:0064:0de80000:0:0:0:" name="Izaura TV" service_name="Izaura TV" provider="T-Home" sid="1213" onid="100" tsid="2" />
    <channel service_ref="1:0:25:04c1:0002:0064:0de80000:0:0:0:" name="JimJam EMEA" service_name="JimJam EMEA" provider="T-Home" sid="1217" onid="100" tsid="2" />
    <channel service_ref="1:0:1:000a:0014:0001:0de82a36:0:0:0:" name="KDRTRK" service_name="KDRTRK" provider="Harmonic" sid="10" onid="1" tsid="20" />
    <channel service_ref="1:0:25:0120:0006:0064:0de80000:0:0:0:" name="KIKA - Der KinderKanal" service_name="KIKA - Der KinderKanal" provider="T-Home" sid="288" onid="100" tsid="6" />
    <channel service_ref="1:0:25:011f:0006:0064:0de80000:0:0:0:" name="Kiwi TV" service_name="Kiwi TV" provider="T-Home" sid="287" onid="100" tsid="6" />
    <channel service_ref="1:0:1:000c:000d:0001:0de82a07:0:0:0:" name="Kultura" service_name="Kultura" provider="Harmonic" sid="12" onid="1" tsid="13" />
    <channel service_ref="1:0:1:000c:0003:0001:0de82ba7:0:0:0:" name="Kultura" service_name="Kultura" provider="Harmonic" sid="12" onid="1" tsid="3" />
    <channel service_ref="1:0:25:001c:0001:0064:0de8a9e3:0:0:0:" name="Life Network" service_name="Life Network" provider="T-Home" sid="28" onid="100" tsid="1" />
    <channel service_ref="1:0:1:0002:000d:0001:0de82a07:0:0:0:" name="M1" service_name="M1" provider="Harmonic" sid="2" onid="1" tsid="13" />
    <channel service_ref="1:0:1:0002:0003:0001:0de82ba7:0:0:0:" name="M1" service_name="M1" provider="Harmonic" sid="2" onid="1" tsid="3" />
    <channel service_ref="1:0:25:04b9:0002:0064:0de80000:0:0:0:" name="M1 - Magyar TV" service_name="M1 - Magyar TV" provider="T-Home" sid="1209" onid="100" tsid="2" />
    <channel service_ref="1:0:25:00cb:0003:0064:0de80000:0:0:0:" name="M1 HD" service_name="M1 HD" provider="T-Home" sid="203" onid="100" tsid="3" />
    <channel service_ref="1:0:1:0006:0003:0001:0de82ba7:0:0:0:" name="M2" service_name="M2" provider="Harmonic" sid="6" onid="1" tsid="3" />
    <channel service_ref="1:0:25:00cc:0003:0064:0de80000:0:0:0:" name="M2 HD" service_name="M2 HD" provider="T-Home" sid="204" onid="100" tsid="3" />
    <channel service_ref="1:0:1:0006:000d:0001:0de82a07:0:0:0:" name="M2 Ukrainia" service_name="M2 Ukrainia" provider="Harmonic" sid="6" onid="1" tsid="13" />
    <channel service_ref="1:0:25:01c5:0001:0064:0de8a9e3:0:0:0:" name="M3" service_name="M3" provider="T-Home" sid="453" onid="100" tsid="1" />
    <channel service_ref="1:0:25:051a:0003:0064:0de80000:0:0:0:" name="M4 Sport" service_name="M4 Sport" provider="T-Home" sid="1306" onid="100" tsid="3" />
    <channel service_ref="1:0:25:057a:0004:0064:0de80000:0:0:0:" name="M4 Sport HD" service_name="M4 Sport HD" provider="T-Home" sid="1402" onid="100" tsid="4" />
    <channel service_ref="1:0:25:051f:0003:0064:0de80000:0:0:0:" name="m5" service_name="m5" provider="T-Home" sid="1311" onid="100" tsid="3" />
    <channel service_ref="1:0:25:057b:0004:0064:0de80000:0:0:0:" name="M5 HD" service_name="M5 HD" provider="T-Home" sid="1403" onid="100" tsid="4" />
    <channel service_ref="1:0:25:051e:0003:0064:0de80000:0:0:0:" name="Magyar ATV HD" service_name="Magyar ATV HD" provider="T-Home" sid="1310" onid="100" tsid="3" />
    <channel service_ref="1:0:25:0004:0001:0064:0de8a9e3:0:0:0:" name="Magyar TV 2" service_name="Magyar TV 2" provider="T-Home" sid="4" onid="100" tsid="1" />
    <channel service_ref="1:0:1:0007:0001:0001:0de82a5a:0:0:0:" name="Malyatko TV" service_name="Malyatko TV" provider="Ukrkosmos" sid="7" onid="1" tsid="1" />
    <channel service_ref="1:0:25:04c0:0002:0064:0de80000:0:0:0:" name="Mediaset Italia" service_name="Mediaset Italia" provider="T-Home" sid="1216" onid="100" tsid="2" />
    <channel service_ref="1:0:25:04cb:0002:0064:0de80000:0:0:0:" name="Megamax" service_name="Megamax" provider="T-Home" sid="1227" onid="100" tsid="2" />
    <channel service_ref="1:0:1:0003:000d:0001:0de82a07:0:0:0:" name="Milady Television" service_name="Milady Television" provider="Harmonic" sid="3" onid="1" tsid="13" />
    <channel service_ref="1:0:1:0003:0003:0001:0de82ba7:0:0:0:" name="Milady Television" service_name="Milady Television" provider="Harmonic" sid="3" onid="1" tsid="3" />
    <channel service_ref="1:0:1:0004:0001:0001:0de82c27:0:0:0:" name="Mozi+" service_name="Mozi+" provider="TV2/HDT" sid="4" onid="1" tsid="1" />
    <channel service_ref="1:0:25:011c:0006:0064:0de80000:0:0:0:" name="Mozi+" service_name="Mozi+" provider="T-Home" sid="284" onid="100" tsid="6" />
    <channel service_ref="1:0:25:0004:00a3:0141:0de80000:0:0:0:" name="MTV Adria" service_name="MTV Adria" provider="OiV  Zagreb" sid="4" onid="321" tsid="163" />
    <channel service_ref="1:0:1:0001:0014:0001:0de82a36:0:0:0:" name="MusicBox Ukraine" service_name="MusicBox Ukraine" provider="STB" sid="1" onid="1" tsid="20" />
    <channel service_ref="1:0:25:046b:0001:0064:0de8a9e3:0:0:0:" name="Muzsika TV" service_name="Muzsika TV" provider="T-Home" sid="1131" onid="100" tsid="1" />
    <channel service_ref="1:0:25:05e1:0005:0064:0de80000:0:0:0:" name="NatGeo Wild Hungary" service_name="NatGeo Wild Hungary" provider="T-Home" sid="1505" onid="100" tsid="5" />
    <channel service_ref="1:0:25:05eb:0005:0064:0de80000:0:0:0:" name="National Geographic Europe" service_name="National Geographic Europe" provider="T-Home" sid="1515" onid="100" tsid="5" />
    <channel service_ref="1:0:1:0a3c:0018:0044:0de80000:0:0:0:" name="National Geographic Russia" service_name="National Geographic Russia" provider="Viasat Ukraine" sid="2620" onid="68" tsid="24" />
    <channel service_ref="1:0:1:0008:000d:0001:0de82a07:0:0:0:" name="News 24 (Ukraine)" service_name="News 24 (Ukraine)" provider="Harmonic" sid="8" onid="1" tsid="13" />
    <channel service_ref="1:0:1:0008:0003:0001:0de82ba7:0:0:0:" name="News 24 (Ukraine)" service_name="News 24 (Ukraine)" provider="Harmonic" sid="8" onid="1" tsid="3" />
    <channel service_ref="1:0:1:0a64:0018:0044:0de80000:0:0:0:" name="Nick Jr Russia" service_name="Nick Jr Russia" provider="Viasat Ukraine" sid="2660" onid="68" tsid="24" />
    <channel service_ref="1:0:25:0125:0006:0064:0de80000:0:0:0:" name="Nick Junior" service_name="Nick Junior" provider="T-Home" sid="293" onid="100" tsid="6" />
    <channel service_ref="1:0:25:04b5:0002:0064:0de80000:0:0:0:" name="Nickelodeon Hungary" service_name="Nickelodeon Hungary" provider="T-Home" sid="1205" onid="100" tsid="2" />
    <channel service_ref="1:0:1:0aa0:0018:0044:0de80000:0:0:0:" name="Nickelodeon Russia" service_name="Nickelodeon Russia" provider="Viasat Ukraine" sid="2720" onid="68" tsid="24" />
    <channel service_ref="1:0:1:0004:000d:0001:0de82a07:0:0:0:" name="Novy Kanal" service_name="Novy Kanal" provider="Harmonic" sid="4" onid="1" tsid="13" />
    <channel service_ref="1:0:1:0004:0003:0001:0de82ba7:0:0:0:" name="Novy Kanal" service_name="Novy Kanal" provider="Harmonic" sid="4" onid="1" tsid="3" />
    <channel service_ref="1:0:1:0008:0014:0001:0de82a36:0:0:0:" name="NTN" service_name="NTN" provider="Harmonic" sid="8" onid="1" tsid="20" />
    <channel service_ref="1:0:25:04c8:0002:0064:0de80000:0:0:0:" name="ORF 1" service_name="ORF 1" provider="T-Home" sid="1224" onid="100" tsid="2" />
    <channel service_ref="1:0:1:0002:0001:0001:0de829e2:0:0:0:" name="OTV Music" service_name="OTV Music" provider="SPACECOM" sid="2" onid="1" tsid="1" />
    <channel service_ref="1:0:1:0a46:0018:0044:0de80000:0:0:0:" name="Outdoor Channel" service_name="Outdoor Channel" provider="Viasat Ukraine" sid="2630" onid="68" tsid="24" />
    <channel service_ref="1:0:25:001d:0001:0064:0de8a9e3:0:0:0:" name="Ozone Network" service_name="Ozone Network" provider="T-Home" sid="29" onid="100" tsid="1" />
    <channel service_ref="1:0:25:05f5:0005:0064:0de80000:0:0:0:" name="Paramount Channel Hungary &amp; Romania" service_name="Paramount Channel Hungary &amp; Romania" provider="T-Home" sid="1525" onid="100" tsid="5" />
    <channel service_ref="1:0:1:000b:0014:0001:0de82a36:0:0:0:" name="Pershiy Avtomobilniy" service_name="Pershiy Avtomobilniy" provider="Xtra TV" sid="11" onid="1" tsid="20" />
    <channel service_ref="1:0:1:0a5a:0018:0044:0de80000:0:0:0:" name="Pershiy Avtomobilniy" service_name="Pershiy Avtomobilniy" provider="Viasat Ukraine" sid="2650" onid="68" tsid="24" />
    <channel service_ref="1:0:1:000a:000d:0001:0de82a07:0:0:0:" name="Pershiy Diloviy" service_name="Pershiy Diloviy" provider="Harmonic" sid="10" onid="1" tsid="13" />
    <channel service_ref="1:0:1:000d:000d:0001:0de82a07:0:0:0:" name="Pershiy Nacionalniy" service_name="Pershiy Nacionalniy" provider="" sid="13" onid="1" tsid="13" />
    <channel service_ref="1:0:25:0ac8:001a:0044:0de80000:0:0:0:" name="Playboy TV" service_name="Playboy TV" provider="Viasat Ukraine" sid="2760" onid="68" tsid="26" />
    <channel service_ref="1:0:1:0005:0001:0001:0de829e2:0:0:0:" name="PlusPlus" service_name="PlusPlus" provider="SPACECOM" sid="5" onid="1" tsid="1" />
    <channel service_ref="1:0:1:0003:0001:0001:0de82c27:0:0:0:" name="Prime" service_name="Prime" provider="TV2/HDT" sid="3" onid="1" tsid="1" />
    <channel service_ref="1:0:25:04b4:0002:0064:0de80000:0:0:0:" name="Prime" service_name="Prime" provider="T-Home" sid="1204" onid="100" tsid="2" />
    <channel service_ref="1:0:25:0009:0001:0064:0de8a9e3:0:0:0:" name="Private TV|  Nights" service_name="Private TV|  Nights" provider="T-Home" sid="9" onid="100" tsid="1" />
    <channel service_ref="1:0:1:000b:000d:0001:0de82a07:0:0:0:" name="QTV (Ukraine)" service_name="QTV (Ukraine)" provider="Harmonic" sid="11" onid="1" tsid="13" />
    <channel service_ref="1:0:1:000b:0003:0001:0de82ba7:0:0:0:" name="QTV (Ukraine)" service_name="QTV (Ukraine)" provider="Harmonic" sid="11" onid="1" tsid="3" />
    <channel service_ref="1:0:25:00f4:0004:0064:0de80000:0:0:0:" name="RTL 2 HD Hungary" service_name="RTL 2 HD Hungary" provider="T-Home" sid="244" onid="100" tsid="4" />
    <channel service_ref="1:0:25:04b1:0002:0064:0de80000:0:0:0:" name="RTL Klub" service_name="RTL Klub" provider="T-Home" sid="1201" onid="100" tsid="2" />
    <channel service_ref="1:0:25:00ce:0003:0064:0de80000:0:0:0:" name="RTL Klub HD" service_name="RTL Klub HD" provider="T-Home" sid="206" onid="100" tsid="3" />
    <channel service_ref="1:0:25:05e9:0005:0064:0de80000:0:0:0:" name="RTL Spike" service_name="RTL Spike" provider="T-Home" sid="1513" onid="100" tsid="5" />
    <channel service_ref="1:0:25:064d:0006:0064:0de80000:0:0:0:" name="RTL Television" service_name="RTL Television" provider="T-Home" sid="1613" onid="100" tsid="6" />
    <channel service_ref="1:0:25:000e:0001:0064:0de8a9e3:0:0:0:" name="RTL+" service_name="RTL+" provider="T-Home" sid="14" onid="100" tsid="1" />
    <channel service_ref="1:0:25:028d:0006:0064:0de80000:0:0:0:" name="RTR Planeta" service_name="RTR Planeta" provider="T-Home" sid="653" onid="100" tsid="6" />
    <channel service_ref="1:0:25:064c:0006:0064:0de80000:0:0:0:" name="Sat 1" service_name="Sat 1" provider="T-Home" sid="1612" onid="100" tsid="6" />
    <channel service_ref="1:0:1:0a96:0018:0044:0de80000:0:0:0:" name="SET Eastern Europe" service_name="SET Eastern Europe" provider="Viasat Ukraine" sid="2710" onid="68" tsid="24" />
    <channel service_ref="1:0:25:05f6:0005:0064:0de80000:0:0:0:" name="Slagr TV" service_name="Slagr TV" provider="T-Home" sid="1526" onid="100" tsid="5" />
    <channel service_ref="1:0:1:09c4:0018:0044:0de80000:0:0:0:" name="Sony Sci-Fi Ukraine" service_name="Sony Sci-Fi Ukraine" provider="Viasat Ukraine" sid="2500" onid="68" tsid="24" />
    <channel service_ref="1:0:1:09f6:0018:0044:0de80000:0:0:0:" name="Sony Turbo" service_name="Sony Turbo" provider="Viasat Ukraine" sid="2550" onid="68" tsid="24" />
    <channel service_ref="1:0:25:000f:0001:0064:0de8a9e3:0:0:0:" name="Sorozat +" service_name="Sorozat +" provider="T-Home" sid="15" onid="100" tsid="1" />
    <channel service_ref="1:0:25:057e:0004:0064:0de80000:0:0:0:" name="Spektrum HD" service_name="Spektrum HD" provider="T-Home" sid="1406" onid="100" tsid="4" />
    <channel service_ref="1:0:25:0005:0001:0064:0de8a9e3:0:0:0:" name="Spektrum Home" service_name="Spektrum Home" provider="T-Home" sid="5" onid="100" tsid="1" />
    <channel service_ref="1:0:25:04be:0002:0064:0de80000:0:0:0:" name="Spektrum TV Hungary" service_name="Spektrum TV Hungary" provider="T-Home" sid="1214" onid="100" tsid="2" />
    <channel service_ref="1:0:25:00cf:0003:0064:0de80000:0:0:0:" name="Sport 1 HD Hungary" service_name="Sport 1 HD Hungary" provider="T-Home" sid="207" onid="100" tsid="3" />
    <channel service_ref="1:0:25:05e3:0005:0064:0de80000:0:0:0:" name="Sport 1 Hungary" service_name="Sport 1 Hungary" provider="T-Home" sid="1507" onid="100" tsid="5" />
    <channel service_ref="1:0:25:057d:0004:0064:0de80000:0:0:0:" name="Sport 2 HD Hungary" service_name="Sport 2 HD Hungary" provider="T-Home" sid="1405" onid="100" tsid="4" />
    <channel service_ref="1:0:25:05e4:0005:0064:0de80000:0:0:0:" name="Sport 2 Hungary" service_name="Sport 2 Hungary" provider="T-Home" sid="1508" onid="100" tsid="5" />
    <channel service_ref="1:0:25:070e:0008:0064:0de80000:0:0:0:" name="Sport M" service_name="Sport M" provider="T-Home" sid="1806" onid="100" tsid="8" />
    <channel service_ref="1:0:25:01c9:0001:0064:0de8a9e3:0:0:0:" name="Spíller TV" service_name="Spíller TV" provider="T-Home" sid="457" onid="100" tsid="1" />
    <channel service_ref="1:0:25:045a:0001:0064:0de8a9e3:0:0:0:" name="Story 5" service_name="Story 5" provider="T-Home" sid="1114" onid="100" tsid="1" />
    <channel service_ref="1:0:25:00cd:0003:0064:0de80000:0:0:0:" name="STV2 HD" service_name="STV2 HD" provider="T-Home" sid="205" onid="100" tsid="3" />
    <channel service_ref="1:0:25:064b:0006:0064:0de80000:0:0:0:" name="Sundance TV" service_name="Sundance TV" provider="T-Home" sid="1611" onid="100" tsid="6" />
    <channel service_ref="1:0:1:0005:0001:0001:0de82c27:0:0:0:" name="Super TV 2" service_name="Super TV 2" provider="TV2/HDT" sid="5" onid="1" tsid="1" />
    <channel service_ref="1:0:25:04b8:0002:0064:0de80000:0:0:0:" name="Super TV 2" service_name="Super TV 2" provider="T-Home" sid="1208" onid="100" tsid="2" />
    <channel service_ref="1:0:1:0008:0001:0001:0de82a5a:0:0:0:" name="Tele Vsesvit" service_name="Tele Vsesvit" provider="Ukrkosmos" sid="8" onid="1" tsid="1" />
    <channel service_ref="1:0:1:0001:000d:0001:0de82a07:0:0:0:" name="Telekanal STB" service_name="Telekanal STB" provider="Harmonic" sid="1" onid="1" tsid="13" />
    <channel service_ref="1:0:1:0001:0003:0001:0de82ba7:0:0:0:" name="Telekanal STB" service_name="Telekanal STB" provider="Harmonic" sid="1" onid="1" tsid="3" />
    <channel service_ref="1:0:1:0009:0003:0001:0de82ba7:0:0:0:" name="TEST" service_name="TEST" provider="Harmonic" sid="9" onid="1" tsid="3" />
    <channel service_ref="1:0:1:0009:0001:0001:0de829e2:0:0:0:" name="TEST_9" service_name="TEST_9" provider="Harmonic" sid="9" onid="1" tsid="1" />
    <channel service_ref="1:0:25:000d:0001:0064:0de8a9e3:0:0:0:" name="Teszt" service_name="Teszt" provider="T-Home" sid="13" onid="100" tsid="1" />
    <channel service_ref="1:0:25:02c4:0008:0064:0de80000:0:0:0:" name="Teszt" service_name="Teszt" provider="T-Home" sid="708" onid="100" tsid="8" />
    <channel service_ref="1:0:25:0006:0001:0001:0de82a9c:0:0:0:" name="Tippmix elő 2" service_name="Tippmix elő 2" provider="HDT" sid="6" onid="1" tsid="1" />
    <channel service_ref="1:0:25:0001:0001:0001:0de82a9c:0:0:0:" name="Tippmix info 1" service_name="Tippmix info 1" provider="HDT" sid="1" onid="1" tsid="1" />
    <channel service_ref="1:0:25:0002:0001:0001:0de82a9c:0:0:0:" name="Tippmix info 2" service_name="Tippmix info 2" provider="HDT" sid="2" onid="1" tsid="1" />
    <channel service_ref="1:0:25:0003:0001:0001:0de82a9c:0:0:0:" name="Tippmix info 3" service_name="Tippmix info 3" provider="HDT" sid="3" onid="1" tsid="1" />
    <channel service_ref="1:0:25:0004:0001:0001:0de82a9c:0:0:0:" name="Tippmix info 4" service_name="Tippmix info 4" provider="HDT" sid="4" onid="1" tsid="1" />
    <channel service_ref="1:0:25:0005:0001:0001:0de82a9c:0:0:0:" name="Tippmix élő 1" service_name="Tippmix élő 1" provider="HDT" sid="5" onid="1" tsid="1" />
    <channel service_ref="1:0:1:0003:0014:0001:0de82a36:0:0:0:" name="TISA 1" service_name="TISA 1" provider="Harmonic" sid="3" onid="1" tsid="20" />
    <channel service_ref="1:0:25:064e:0006:0064:0de80000:0:0:0:" name="TLC Europe" service_name="TLC Europe" provider="T-Home" sid="1614" onid="100" tsid="6" />
    <channel service_ref="1:0:1:09d8:0018:0044:0de80000:0:0:0:" name="TLC Russia" service_name="TLC Russia" provider="Viasat Ukraine" sid="2520" onid="68" tsid="24" />
    <channel service_ref="1:0:1:0006:0001:0001:0de829e2:0:0:0:" name="Tonis" service_name="Tonis" provider="SPACECOM" sid="6" onid="1" tsid="1" />
    <channel service_ref="1:0:1:0006:0014:0001:0de82a36:0:0:0:" name="Tonis HD" service_name="Tonis HD" provider="Harmonic" sid="6" onid="1" tsid="20" />
    <channel service_ref="1:0:25:04ca:0002:0064:0de80000:0:0:0:" name="Travel Channel" service_name="Travel Channel" provider="T-Home" sid="1226" onid="100" tsid="2" />
    <channel service_ref="1:0:1:09ec:0018:0044:0de80000:0:0:0:" name="Travel Channel" service_name="Travel Channel" provider="Viasat Ukraine" sid="2540" onid="68" tsid="24" />
    <channel service_ref="1:0:25:02c8:0008:0064:0de80000:0:0:0:" name="Travel Channel HD" service_name="Travel Channel HD" provider="T-Home" sid="712" onid="100" tsid="8" />
    <channel service_ref="1:0:25:0ae6:001a:0044:0de80000:0:0:0:" name="TV 1000 Action East" service_name="TV 1000 Action East" provider="Viasat Ukraine" sid="2790" onid="68" tsid="26" />
    <channel service_ref="1:0:25:03fa:001a:0044:0de80000:0:0:0:" name="TV 1000 Comedy" service_name="TV 1000 Comedy" provider="Viasat" sid="1018" onid="68" tsid="26" />
    <channel service_ref="1:0:25:107c:001a:0044:0de80000:0:0:0:" name="TV 1000 Comedy HD" service_name="TV 1000 Comedy HD" provider="Viasat" sid="4220" onid="68" tsid="26" />
    <channel service_ref="1:0:25:0abe:001a:0044:0de80000:0:0:0:" name="TV 1000 East" service_name="TV 1000 East" provider="Viasat Ukraine" sid="2750" onid="68" tsid="26" />
    <channel service_ref="1:0:25:100e:001a:0044:0de80000:0:0:0:" name="TV 1000 Megahit" service_name="TV 1000 Megahit" provider="Viasat" sid="4110" onid="68" tsid="26" />
    <channel service_ref="1:0:25:01ae:001a:0044:0de80000:0:0:0:" name="TV 1000 Megahit HD" service_name="TV 1000 Megahit HD" provider="Viasat" sid="430" onid="68" tsid="26" />
    <channel service_ref="1:0:25:03ec:001a:0044:0de80000:0:0:0:" name="TV 1000 Premium" service_name="TV 1000 Premium" provider="Viasat" sid="1004" onid="68" tsid="26" />
    <channel service_ref="1:0:25:042c:001a:0044:0de80000:0:0:0:" name="TV 1000 Premium HD" service_name="TV 1000 Premium HD" provider="Viasat" sid="1068" onid="68" tsid="26" />
    <channel service_ref="1:0:25:0afa:001a:0044:0de80000:0:0:0:" name="TV 1000 Russkoe Kino" service_name="TV 1000 Russkoe Kino" provider="Viasat Ukraine" sid="2810" onid="68" tsid="26" />
    <channel service_ref="1:0:25:04b2:0002:0064:0de80000:0:0:0:" name="TV 2 (Hungary)" service_name="TV 2 (Hungary)" provider="T-Home" sid="1202" onid="100" tsid="2" />
    <channel service_ref="1:0:25:00f7:0004:0064:0de80000:0:0:0:" name="TV 2 HD (Hungary)" service_name="TV 2 HD (Hungary)" provider="T-Home" sid="247" onid="100" tsid="4" />
    <channel service_ref="1:0:1:0004:0001:0001:0de829e2:0:0:0:" name="TV Kiev" service_name="TV Kiev" provider="SPACECOM" sid="4" onid="1" tsid="1" />
    <channel service_ref="1:0:1:0002:000a:07d1:0de80000:0:0:0:" name="TV Neptun" service_name="TV Neptun" provider="Soti Cable System" sid="2" onid="2001" tsid="10" />
    <channel service_ref="1:0:25:0006:0001:0064:0de8a9e3:0:0:0:" name="TV Paprika" service_name="TV Paprika" provider="T-Home" sid="6" onid="100" tsid="1" />
    <channel service_ref="1:0:1:0a8c:0018:0044:0de80000:0:0:0:" name="TV XXI" service_name="TV XXI" provider="Viasat Ukraine" sid="2700" onid="68" tsid="24" />
    <channel service_ref="1:0:25:011e:0006:0064:0de80000:0:0:0:" name="TV5 Monde Europe" service_name="TV5 Monde Europe" provider="T-Home" sid="286" onid="100" tsid="6" />
    <channel service_ref="1:0:25:028e:0006:0064:0de80000:0:0:0:" name="TVE International" service_name="TVE International" provider="T-Home" sid="654" onid="100" tsid="6" />
    <channel service_ref="1:0:1:0001:ffff:ffff:0de82d17:0:0:0:" name="TVH 2.0" service_name="TVH 2.0" provider="Service Provider" sid="1" onid="65535" tsid="65535" />
    <channel service_ref="1:0:1:000e:000d:0001:0de82a07:0:0:0:" name="UA Krym" service_name="UA Krym" provider="Harmonic" sid="14" onid="1" tsid="13" />
    <channel service_ref="1:0:1:000e:0003:0001:0de82ba7:0:0:0:" name="UA Krym" service_name="UA Krym" provider="Harmonic" sid="14" onid="1" tsid="3" />
    <channel service_ref="1:0:1:000d:0003:0001:0de82ba7:0:0:0:" name="UA TV" service_name="UA TV" provider="Harmonic" sid="13" onid="1" tsid="3" />
    <channel service_ref="1:0:1:0001:0001:0001:0de829e2:0:0:0:" name="Unian TV" service_name="Unian TV" provider="SPACECOM" sid="1" onid="1" tsid="1" />
    <channel service_ref="1:0:1:0003:0001:0001:0de82a5a:0:0:0:" name="UTR - Ukraina i Svit" service_name="UTR - Ukraina i Svit" provider="Ukrkosmos" sid="3" onid="1" tsid="1" />
    <channel service_ref="1:0:25:020b:0003:0064:0de80000:0:0:0:" name="VH-1 (Video Hits One)" service_name="VH-1 (Video Hits One)" provider="T-Home" sid="523" onid="100" tsid="3" />
    <channel service_ref="1:0:25:0119:0006:0064:0de80000:0:0:0:" name="Viasat 3" service_name="Viasat 3" provider="T-Home" sid="281" onid="100" tsid="6" />
    <channel service_ref="1:0:25:02cc:0008:0064:0de80000:0:0:0:" name="Viasat 6" service_name="Viasat 6" provider="T-Home" sid="716" onid="100" tsid="8" />
    <channel service_ref="1:0:25:04bf:0002:0064:0de80000:0:0:0:" name="Viasat Explore" service_name="Viasat Explore" provider="T-Home" sid="1215" onid="100" tsid="2" />
    <channel service_ref="1:0:25:0ad2:001a:0044:0de80000:0:0:0:" name="Viasat Explore" service_name="Viasat Explore" provider="Viasat Ukraine" sid="2770" onid="68" tsid="26" />
    <channel service_ref="1:0:25:02cf:0008:0064:0de80000:0:0:0:" name="Viasat History" service_name="Viasat History" provider="T-Home" sid="719" onid="100" tsid="8" />
    <channel service_ref="1:0:1:0a1e:0018:0044:0de80000:0:0:0:" name="Viasat History" service_name="Viasat History" provider="Viasat Ukraine" sid="2590" onid="68" tsid="24" />
    <channel service_ref="1:0:25:0bd6:001a:0044:0de80000:0:0:0:" name="Viasat History" service_name="Viasat History" provider="Viasat" sid="3030" onid="68" tsid="26" />
    <channel service_ref="1:0:25:065a:0006:0064:0de80000:0:0:0:" name="Viasat Nature CEE" service_name="Viasat Nature CEE" provider="T-Home" sid="1626" onid="100" tsid="6" />
    <channel service_ref="1:0:1:0ab4:0018:0044:0de80000:0:0:0:" name="Viasat Nature CEE" service_name="Viasat Nature CEE" provider="Viasat Ukraine" sid="2740" onid="68" tsid="24" />
    <channel service_ref="1:0:25:03fe:001a:0044:0de80000:0:0:0:" name="Viasat Sport Baltic &amp; Russia" service_name="Viasat Sport Baltic &amp; Russia" provider="Viasat Ukraine" sid="1022" onid="68" tsid="26" />
    <channel service_ref="1:0:25:043e:001a:0044:0de80000:0:0:0:" name="Viasat Sport HD" service_name="Viasat Sport HD" provider="Viasat" sid="1086" onid="68" tsid="26" />
    <channel service_ref="1:0:25:04c9:0002:0064:0de80000:0:0:0:" name="Viva TV Hungary" service_name="Viva TV Hungary" provider="T-Home" sid="1225" onid="100" tsid="2" />
    <channel service_ref="1:0:1:0002:0001:0001:0de82a5a:0:0:0:" name="Vozrogdenie TV" service_name="Vozrogdenie TV" provider="Ukrkosmos" sid="2" onid="1" tsid="1" />
    <channel service_ref="1:0:25:064f:0006:0064:0de80000:0:0:0:" name="ZDF" service_name="ZDF" provider="T-Home" sid="1615" onid="100" tsid="6" />
    <channel service_ref="1:0:25:020a:0003:0064:0de80000:0:0:0:" name="Zenebutik" service_name="Zenebutik" provider="T-Home" sid="522" onid="100" tsid="3" />
    <channel service_ref="1:0:1:0003:0001:4660:0de80000:0:0:0:" name="Zik (Ukraine)" service_name="Zik (Ukraine)" provider="UKR" sid="3" onid="18016" tsid="1" />
    <channel service_ref="1:0:25:070c:0008:0064:0de80000:0:0:0:" name="Ötös csatorna" service_name="Ötös csatorna" provider="T-Home" sid="1804" onid="100" tsid="8" />
    <channel service_ref="1:0:1:0bb8:0018:0044:0de80000:0:0:0:" name="тест1" service_name="тест1" provider="Viasat Ukraine" sid="3000" onid="68" tsid="24" />
    <channel service_ref="1:0:1:0bc2:0018:0044:0de80000:0:0:0:" name="тест2" service_name="тест2" provider="Viasat Ukraine" sid="3010" onid="68" tsid="24" />
  </bouquet>
  <bouquet name="Movies" category="tv">
    <channel service_ref="1:0:25:05e6:0005:0064:0de80000:0:0:0:" name="Cinemax 2 Europe" service_name="Cinemax 2 Europe" provider="T-Home" sid="1510" onid="100" tsid="5" />
    <channel service_ref="1:0:25:05ed:0005:0064:0de80000:0:0:0:" name="Cinemax East Europe" service_name="Cinemax East Europe" provider="T-Home" sid="1517" onid="100" tsid="5" />
    <channel service_ref="1:0:25:000a:0001:0064:0de8a9e3:0:0:0:" name="Film +" service_name="Film +" provider="T-Home" sid="10" onid="100" tsid="1" />
    <channel service_ref="1:0:25:000c:0001:0064:0de8a9e3:0:0:0:" name="Film 2+" service_name="Film 2+" provider="T-Home" sid="12" onid="100" tsid="1" />
    <channel service_ref="1:0:25:05dd:0005:0064:0de80000:0:0:0:" name="Film Café" service_name="Film Café" provider="T-Home" sid="1501" onid="100" tsid="5" />
    <channel service_ref="1:0:25:0121:0006:0064:0de80000:0:0:0:" name="Film Mánia" service_name="Film Mánia" provider="T-Home" sid="289" onid="100" tsid="6" />
    <channel service_ref="1:0:25:00f5:0004:0064:0de80000:0:0:0:" name="Film+ HD" service_name="Film+ HD" provider="T-Home" sid="245" onid="100" tsid="4" />
    <channel service_ref="1:0:25:02ce:0008:0064:0de80000:0:0:0:" name="FilmBox" service_name="FilmBox" provider="T-Home" sid="718" onid="100" tsid="8" />
    <channel service_ref="1:0:25:05f2:0005:0064:0de80000:0:0:0:" name="Filmbox Family" service_name="Filmbox Family" provider="T-Home" sid="1522" onid="100" tsid="5" />
    <channel service_ref="1:0:25:05f3:0005:0064:0de80000:0:0:0:" name="Filmbox HD" service_name="Filmbox HD" provider="T-Home" sid="1523" onid="100" tsid="5" />
    <channel service_ref="1:0:25:05f1:0005:0064:0de80000:0:0:0:" name="Filmbox Plus" service_name="Filmbox Plus" provider="T-Home" sid="1521" onid="100" tsid="5" />
  </bouquet>
  <bouquet name="News" category="tv">
    <channel service_ref="1:0:1:0005:0014:0001:0de82a36:0:0:0:" name="EuroNews" service_name="EuroNews" provider="Harmonic" sid="5" onid="1" tsid="20" />
    <channel service_ref="1:0:25:05e5:0005:0064:0de80000:0:0:0:" name="EuroNews" service_name="EuroNews" provider="T-Home" sid="1509" onid="100" tsid="5" />
    <channel service_ref="1:0:1:0008:000d:0001:0de82a07:0:0:0:" name="News 24 (Ukraine)" service_name="News 24 (Ukraine)" provider="Harmonic" sid="8" onid="1" tsid="13" />
    <channel service_ref="1:0:1:0008:0003:0001:0de82ba7:0:0:0:" name="News 24 (Ukraine)" service_name="News 24 (Ukraine)" provider="Harmonic" sid="8" onid="1" tsid="3" />
  </bouquet>
  <bouquet name="Sports" category="tv">
    <channel service_ref="1:0:25:044d:0001:0064:0de8a9e3:0:0:0:" name="Eurosport 1" service_name="Eurosport 1" provider="T-Home" sid="1101" onid="100" tsid="1" />
    <channel service_ref="1:0:25:02c6:0008:0064:0de80000:0:0:0:" name="Eurosport 1 HD" service_name="Eurosport 1 HD" provider="T-Home" sid="710" onid="100" tsid="8" />
    <channel service_ref="1:0:25:028f:0006:0064:0de80000:0:0:0:" name="Eurosport 2 Romania &amp; Hungary" service_name="Eurosport 2 Romania &amp; Hungary" provider="T-Home" sid="655" onid="100" tsid="6" />
    <channel service_ref="1:0:1:0a00:0018:0044:0de80000:0:0:0:" name="Extreme Sports" service_name="Extreme Sports" provider="Viasat Ukraine" sid="2560" onid="68" tsid="24" />
    <channel service_ref="1:0:25:051a:0003:0064:0de80000:0:0:0:" name="M4 Sport" service_name="M4 Sport" provider="T-Home" sid="1306" onid="100" tsid="3" />
    <channel service_ref="1:0:25:057a:0004:0064:0de80000:0:0:0:" name="M4 Sport HD" service_name="M4 Sport HD" provider="T-Home" sid="1402" onid="100" tsid="4" />
    <channel service_ref="1:0:25:00cf:0003:0064:0de80000:0:0:0:" name="Sport 1 HD Hungary" service_name="Sport 1 HD Hungary" provider="T-Home" sid="207" onid="100" tsid="3" />
    <channel service_ref="1:0:25:05e3:0005:0064:0de80000:0:0:0:" name="Sport 1 Hungary" service_name="Sport 1 Hungary" provider="T-Home" sid="1507" onid="100" tsid="5" />
    <channel service_ref="1:0:25:057d:0004:0064:0de80000:0:0:0:" name="Sport 2 HD Hungary" service_name="Sport 2 HD Hungary" provider="T-Home" sid="1405" onid="100" tsid="4" />
    <channel service_ref="1:0:25:05e4:0005:0064:0de80000:0:0:0:" name="Sport 2 Hungary" service_name="Sport 2 Hungary" provider="T-Home" sid="1508" onid="100" tsid="5" />
    <channel service_ref="1:0:25:070e:0008:0064:0de80000:0:0:0:" name="Sport M" service_name="Sport M" provider="T-Home" sid="1806" onid="100" tsid="8" />
    <channel service_ref="1:0:25:03fe:001a:0044:0de80000:0:0:0:" name="Viasat Sport Baltic &amp; Russia" service_name="Viasat Sport Baltic &amp; Russia" provider="Viasat Ukraine" sid="1022" onid="68" tsid="26" />
    <channel service_ref="1:0:25:043e:001a:0044:0de80000:0:0:0:" name="Viasat Sport HD" service_name="Viasat Sport HD" provider="Viasat" sid="1086" onid="68" tsid="26" />
  </bouquet>
  <bouquet name="Kids" category="tv">
    <channel service_ref="1:0:25:011b:0006:0064:0de80000:0:0:0:" name="Boomerang" service_name="Boomerang" provider="T-Home" sid="283" onid="100" tsid="6" />
    <channel service_ref="1:0:25:05f8:0005:0064:0de80000:0:0:0:" name="Cartoon Network Eastern Europe" service_name="Cartoon Network Eastern Europe" provider="T-Home" sid="1528" onid="100" tsid="5" />
    <channel service_ref="1:0:25:05df:0005:0064:0de80000:0:0:0:" name="Disney Channel Hungary &amp; Czechia" service_name="Disney Channel Hungary &amp; Czechia" provider="T-Home" sid="1503" onid="100" tsid="5" />
    <channel service_ref="1:0:25:0120:0006:0064:0de80000:0:0:0:" name="KIKA - Der KinderKanal" service_name="KIKA - Der KinderKanal" provider="T-Home" sid="288" onid="100" tsid="6" />
    <channel service_ref="1:0:25:0125:0006:0064:0de80000:0:0:0:" name="Nick Junior" service_name="Nick Junior" provider="T-Home" sid="293" onid="100" tsid="6" />
    <channel service_ref="1:0:25:04b5:0002:0064:0de80000:0:0:0:" name="Nickelodeon Hungary" service_name="Nickelodeon Hungary" provider="T-Home" sid="1205" onid="100" tsid="2" />
    <channel service_ref="1:0:1:0aa0:0018:0044:0de80000:0:0:0:" name="Nickelodeon Russia" service_name="Nickelodeon Russia" provider="Viasat Ukraine" sid="2720" onid="68" tsid="24" />
  </bouquet>
  <bouquet name="Music" category="tv">
    <channel service_ref="1:0:25:0004:00a3:0141:0de80000:0:0:0:" name="MTV Adria" service_name="MTV Adria" provider="OiV  Zagreb" sid="4" onid="321" tsid="163" />
    <channel service_ref="1:0:1:0001:0014:0001:0de82a36:0:0:0:" name="MusicBox Ukraine" service_name="MusicBox Ukraine" provider="STB" sid="1" onid="1" tsid="20" />
    <channel service_ref="1:0:1:0002:0001:0001:0de829e2:0:0:0:" name="OTV Music" service_name="OTV Music" provider="SPACECOM" sid="2" onid="1" tsid="1" />
    <channel service_ref="1:0:25:04c9:0002:0064:0de80000:0:0:0:" name="Viva TV Hungary" service_name="Viva TV Hungary" provider="T-Home" sid="1225" onid="100" tsid="2" />
  </bouquet>
  <bouquet name="Documentary" category="tv">
    <channel service_ref="1:0:25:02c9:0008:0064:0de80000:0:0:0:" name="Animal Planet" service_name="Animal Planet" provider="T-Home" sid="713" onid="100" tsid="8" />
    <channel service_ref="1:0:25:05e2:0005:0064:0de80000:0:0:0:" name="Animal Planet HD" service_name="Animal Planet HD" provider="T-Home" sid="1506" onid="100" tsid="5" />
    <channel service_ref="1:0:25:02c5:0008:0064:0de80000:0:0:0:" name="History" service_name="History" provider="T-Home" sid="709" onid="100" tsid="8" />
    <channel service_ref="1:0:25:02c7:0008:0064:0de80000:0:0:0:" name="History HD Europe" service_name="History HD Europe" provider="T-Home" sid="711" onid="100" tsid="8" />
    <channel service_ref="1:0:25:05e1:0005:0064:0de80000:0:0:0:" name="NatGeo Wild Hungary" service_name="NatGeo Wild Hungary" provider="T-Home" sid="1505" onid="100" tsid="5" />
    <channel service_ref="1:0:25:05eb:0005:0064:0de80000:0:0:0:" name="National Geographic Europe" service_name="National Geographic Europe" provider="T-Home" sid="1515" onid="100" tsid="5" />
    <channel service_ref="1:0:1:0a3c:0018:0044:0de80000:0:0:0:" name="National Geographic Russia" service_name="National Geographic Russia" provider="Viasat Ukraine" sid="2620" onid="68" tsid="24" />
    <channel service_ref="1:0:25:028d:0006:0064:0de80000:0:0:0:" name="RTR Planeta" service_name="RTR Planeta" provider="T-Home" sid="653" onid="100" tsid="6" />
    <channel service_ref="1:0:25:02cf:0008:0064:0de80000:0:0:0:" name="Viasat History" service_name="Viasat History" provider="T-Home" sid="719" onid="100" tsid="8" />
    <channel service_ref="1:0:1:0a1e:0018:0044:0de80000:0:0:0:" name="Viasat History" service_name="Viasat History" provider="Viasat Ukraine" sid="2590" onid="68" tsid="24" />
    <channel service_ref="1:0:25:0bd6:001a:0044:0de80000:0:0:0:" name="Viasat History" service_name="Viasat History" provider="Viasat" sid="3030" onid="68" tsid="26" />
  </bouquet>
  <bouquet name="RTL" category="tv">
    <channel service_ref="1:0:25:00f4:0004:0064:0de80000:0:0:0:" name="RTL 2 HD Hungary" service_name="RTL 2 HD Hungary" provider="T-Home" sid="244" onid="100" tsid="4" />
    <channel service_ref="1:0:25:04b1:0002:0064:0de80000:0:0:0:" name="RTL Klub" service_name="RTL Klub" provider="T-Home" sid="1201" onid="100" tsid="2" />
    <channel service_ref="1:0:25:00ce:0003:0064:0de80000:0:0:0:" name="RTL Klub HD" service_name="RTL Klub HD" provider="T-Home" sid="206" onid="100" tsid="3" />
    <channel service_ref="1:0:25:05e9:0005:0064:0de80000:0:0:0:" name="RTL Spike" service_name="RTL Spike" provider="T-Home" sid="1513" onid="100" tsid="5" />
    <channel service_ref="1:0:25:064d:0006:0064:0de80000:0:0:0:" name="RTL Television" service_name="RTL Television" provider="T-Home" sid="1613" onid="100" tsid="6" />
    <channel service_ref="1:0:25:000e:0001:0064:0de8a9e3:0:0:0:" name="RTL+" service_name="RTL+" provider="T-Home" sid="14" onid="100" tsid="1" />
  </bouquet>
  <bouquet name="ProSiebenSat.1" category="tv">
    <channel service_ref="1:0:25:064c:0006:0064:0de80000:0:0:0:" name="Sat 1" service_name="Sat 1" provider="T-Home" sid="1612" onid="100" tsid="6" />
  </bouquet>
  <bouquet name="ARD/ZDF" category="tv">
    <channel service_ref="1:0:25:064a:0006:0064:0de80000:0:0:0:" name="Brazzers TV| |  Nights" service_name="Brazzers TV| |  Nights" provider="T-Home" sid="1610" onid="100" tsid="6" />
    <channel service_ref="1:0:25:064f:0006:0064:0de80000:0:0:0:" name="ZDF" service_name="ZDF" provider="T-Home" sid="1615" onid="100" tsid="6" />
  </bouquet>
  <bouquet name="ORF" category="tv">
    <channel service_ref="1:0:25:04c8:0002:0064:0de80000:0:0:0:" name="ORF 1" service_name="ORF 1" provider="T-Home" sid="1224" onid="100" tsid="2" />
  </bouquet>
  <bouquet name="BBC" category="tv">
    <channel service_ref="1:0:25:05e7:0005:0064:0de80000:0:0:0:" name="BBC Earth" service_name="BBC Earth" provider="T-Home" sid="1511" onid="100" tsid="5" />
    <channel service_ref="1:0:25:057c:0004:0064:0de80000:0:0:0:" name="BBC Earth HD" service_name="BBC Earth HD" provider="T-Home" sid="1404" onid="100" tsid="4" />
  </bouquet>
  <bouquet name="RAI" category="tv">
    <channel service_ref="1:0:1:0004:0014:0001:0de82a36:0:0:0:" name="112 Ukraine" service_name="112 Ukraine" provider="Harmonic" sid="4" onid="1" tsid="20" />
    <channel service_ref="1:0:1:000c:0014:0001:0de82a36:0:0:0:" name="112 Ukraine HD" service_name="112 Ukraine HD" provider="Harmonic" sid="12" onid="1" tsid="20" />
    <channel service_ref="1:0:1:0a6e:0018:0044:0de80000:0:0:0:" name="AMC" service_name="AMC" provider="Viasat Ukraine" sid="2670" onid="68" tsid="24" />
    <channel service_ref="1:0:1:0a6e:0018:0044:0de80000:0:0:0:" name="AMC" service_name="AMC" provider="Viasat Ukraine" sid="2670" onid="68" tsid="24" />
    <channel service_ref="1:0:1:0a82:0018:0044:0de80000:0:0:0:" name="CBS Reality" service_name="CBS Reality" provider="Viasat Ukraine" sid="2690" onid="68" tsid="24" />
    <channel service_ref="1:0:1:0a82:0018:0044:0de80000:0:0:0:" name="CBS Reality" service_name="CBS Reality" provider="Viasat Ukraine" sid="2690" onid="68" tsid="24" />
    <channel service_ref="1:0:1:09e2:0018:0044:0de80000:0:0:0:" name="Discovery Channel" service_name="Discovery Channel" provider="Viasat Ukraine" sid="2530" onid="68" tsid="24" />
    <channel service_ref="1:0:1:09e2:0018:0044:0de80000:0:0:0:" name="Discovery Channel" service_name="Discovery Channel" provider="Viasat Ukraine" sid="2530" onid="68" tsid="24" />
    <channel service_ref="1:0:25:0be0:001a:0044:0de80000:0:0:0:" name="Discovery HD Showcase" service_name="Discovery HD Showcase" provider="Viasat Ukraine" sid="3040" onid="68" tsid="26" />
    <channel service_ref="1:0:25:0be0:001a:0044:0de80000:0:0:0:" name="Discovery HD Showcase" service_name="Discovery HD Showcase" provider="Viasat Ukraine" sid="3040" onid="68" tsid="26" />
    <channel service_ref="1:0:1:0a0a:0018:0044:0de80000:0:0:0:" name="Discovery Science" service_name="Discovery Science" provider="Viasat Ukraine" sid="2570" onid="68" tsid="24" />
    <channel service_ref="1:0:1:0a0a:0018:0044:0de80000:0:0:0:" name="Discovery Science" service_name="Discovery Science" provider="Viasat Ukraine" sid="2570" onid="68" tsid="24" />
    <channel service_ref="1:0:1:0a32:0018:0044:0de80000:0:0:0:" name="Erotika TV" service_name="Erotika TV" provider="Viasat Ukraine" sid="2610" onid="68" tsid="24" />
    <channel service_ref="1:0:1:0a32:0018:0044:0de80000:0:0:0:" name="Erotika TV" service_name="Erotika TV" provider="Viasat Ukraine" sid="2610" onid="68" tsid="24" />
    <channel service_ref="1:0:1:0a28:0018:0044:0de80000:0:0:0:" name="Erox" service_name="Erox" provider="Viasat Ukraine" sid="2600" onid="68" tsid="24" />
    <channel service_ref="1:0:1:0a28:0018:0044:0de80000:0:0:0:" name="Erox" service_name="Erox" provider="Viasat Ukraine" sid="2600" onid="68" tsid="24" />
    <channel service_ref="1:0:1:0a78:0018:0044:0de80000:0:0:0:" name="Eurokino" service_name="Eurokino" provider="Viasat Ukraine" sid="2680" onid="68" tsid="24" />
    <channel service_ref="1:0:1:0a78:0018:0044:0de80000:0:0:0:" name="Eurokino" service_name="Eurokino" provider="Viasat Ukraine" sid="2680" onid="68" tsid="24" />
    <channel service_ref="1:0:1:0a00:0018:0044:0de80000:0:0:0:" name="Extreme Sports" service_name="Extreme Sports" provider="Viasat Ukraine" sid="2560" onid="68" tsid="24" />
    <channel service_ref="1:0:25:0c08:001a:0044:0de80000:0:0:0:" name="Fine Living Network" service_name="Fine Living Network" provider="Viasat Ukraine" sid="3080" onid="68" tsid="26" />
    <channel service_ref="1:0:25:0c08:001a:0044:0de80000:0:0:0:" name="Fine Living Network" service_name="Fine Living Network" provider="Viasat Ukraine" sid="3080" onid="68" tsid="26" />
    <channel service_ref="1:0:1:0a14:0018:0044:0de80000:0:0:0:" name="Fox Russia" service_name="Fox Russia" provider="Viasat Ukraine" sid="2580" onid="68" tsid="24" />
    <channel service_ref="1:0:1:0a14:0018:0044:0de80000:0:0:0:" name="Fox Russia" service_name="Fox Russia" provider="Viasat Ukraine" sid="2580" onid="68" tsid="24" />
    <channel service_ref="1:0:1:0006:000d:0001:0de82a07:0:0:0:" name="M2 Ukrainia" service_name="M2 Ukrainia" provider="Harmonic" sid="6" onid="1" tsid="13" />
    <channel service_ref="1:0:25:04c0:0002:0064:0de80000:0:0:0:" name="Mediaset Italia" service_name="Mediaset Italia" provider="T-Home" sid="1216" onid="100" tsid="2" />
    <channel service_ref="1:0:1:0a3c:0018:0044:0de80000:0:0:0:" name="National Geographic Russia" service_name="National Geographic Russia" provider="Viasat Ukraine" sid="2620" onid="68" tsid="24" />
    <channel service_ref="1:0:1:0a64:0018:0044:0de80000:0:0:0:" name="Nick Jr Russia" service_name="Nick Jr Russia" provider="Viasat Ukraine" sid="2660" onid="68" tsid="24" />
    <channel service_ref="1:0:1:0a64:0018:0044:0de80000:0:0:0:" name="Nick Jr Russia" service_name="Nick Jr Russia" provider="Viasat Ukraine" sid="2660" onid="68" tsid="24" />
    <channel service_ref="1:0:1:0aa0:0018:0044:0de80000:0:0:0:" name="Nickelodeon Russia" service_name="Nickelodeon Russia" provider="Viasat Ukraine" sid="2720" onid="68" tsid="24" />
    <channel service_ref="1:0:1:0a46:0018:0044:0de80000:0:0:0:" name="Outdoor Channel" service_name="Outdoor Channel" provider="Viasat Ukraine" sid="2630" onid="68" tsid="24" />
    <channel service_ref="1:0:1:0a46:0018:0044:0de80000:0:0:0:" name="Outdoor Channel" service_name="Outdoor Channel" provider="Viasat Ukraine" sid="2630" onid="68" tsid="24" />
    <channel service_ref="1:0:1:0a5a:0018:0044:0de80000:0:0:0:" name="Pershiy Avtomobilniy" service_name="Pershiy Avtomobilniy" provider="Viasat Ukraine" sid="2650" onid="68" tsid="24" />
    <channel service_ref="1:0:1:0a5a:0018:0044:0de80000:0:0:0:" name="Pershiy Avtomobilniy" service_name="Pershiy Avtomobilniy" provider="Viasat Ukraine" sid="2650" onid="68" tsid="24" />
    <channel service_ref="1:0:25:0ac8:001a:0044:0de80000:0:0:0:" name="Playboy TV" service_name="Playboy TV" provider="Viasat Ukraine" sid="2760" onid="68" tsid="26" />
    <channel service_ref="1:0:25:0ac8:001a:0044:0de80000:0:0:0:" name="Playboy TV" service_name="Playboy TV" provider="Viasat Ukraine" sid="2760" onid="68" tsid="26" />
    <channel service_ref="1:0:1:000b:000d:0001:0de82a07:0:0:0:" name="QTV (Ukraine)" service_name="QTV (Ukraine)" provider="Harmonic" sid="11" onid="1" tsid="13" />
    <channel service_ref="1:0:1:000b:0003:0001:0de82ba7:0:0:0:" name="QTV (Ukraine)" service_name="QTV (Ukraine)" provider="Harmonic" sid="11" onid="1" tsid="3" />
    <channel service_ref="1:0:1:0a96:0018:0044:0de80000:0:0:0:" name="SET Eastern Europe" service_name="SET Eastern Europe" provider="Viasat Ukraine" sid="2710" onid="68" tsid="24" />
    <channel service_ref="1:0:1:0a96:0018:0044:0de80000:0:0:0:" name="SET Eastern Europe" service_name="SET Eastern Europe" provider="Viasat Ukraine" sid="2710" onid="68" tsid="24" />
    <channel service_ref="1:0:1:09c4:0018:0044:0de80000:0:0:0:" name="Sony Sci-Fi Ukraine" service_name="Sony Sci-Fi Ukraine" provider="Viasat Ukraine" sid="2500" onid="68" tsid="24" />
    <channel service_ref="1:0:1:09c4:0018:0044:0de80000:0:0:0:" name="Sony Sci-Fi Ukraine" service_name="Sony Sci-Fi Ukraine" provider="Viasat Ukraine" sid="2500" onid="68" tsid="24" />
    <channel service_ref="1:0:1:09f6:0018:0044:0de80000:0:0:0:" name="Sony Turbo" service_name="Sony Turbo" provider="Viasat Ukraine" sid="2550" onid="68" tsid="24" />
    <channel service_ref="1:0:1:09f6:0018:0044:0de80000:0:0:0:" name="Sony Turbo" service_name="Sony Turbo" provider="Viasat Ukraine" sid="2550" onid="68" tsid="24" />
    <channel service_ref="1:0:1:09d8:0018:0044:0de80000:0:0:0:" name="TLC Russia" service_name="TLC Russia" provider="Viasat Ukraine" sid="2520" onid="68" tsid="24" />
    <channel service_ref="1:0:1:09d8:0018:0044:0de80000:0:0:0:" name="TLC Russia" service_name="TLC Russia" provider="Viasat Ukraine" sid="2520" onid="68" tsid="24" />
    <channel service_ref="1:0:1:09ec:0018:0044:0de80000:0:0:0:" name="Travel Channel" service_name="Travel Channel" provider="Viasat Ukraine" sid="2540" onid="68" tsid="24" />
    <channel service_ref="1:0:1:09ec:0018:0044:0de80000:0:0:0:" name="Travel Channel" service_name="Travel Channel" provider="Viasat Ukraine" sid="2540" onid="68" tsid="24" />
    <channel service_ref="1:0:25:0ae6:001a:0044:0de80000:0:0:0:" name="TV 1000 Action East" service_name="TV 1000 Action East" provider="Viasat Ukraine" sid="2790" onid="68" tsid="26" />
    <channel service_ref="1:0:25:0ae6:001a:0044:0de80000:0:0:0:" name="TV 1000 Action East" service_name="TV 1000 Action East" provider="Viasat Ukraine" sid="2790" onid="68" tsid="26" />
    <channel service_ref="1:0:25:0abe:001a:0044:0de80000:0:0:0:" name="TV 1000 East" service_name="TV 1000 East" provider="Viasat Ukraine" sid="2750" onid="68" tsid="26" />
    <channel service_ref="1:0:25:0abe:001a:0044:0de80000:0:0:0:" name="TV 1000 East" service_name="TV 1000 East" provider="Viasat Ukraine" sid="2750" onid="68" tsid="26" />
    <channel service_ref="1:0:25:0afa:001a:0044:0de80000:0:0:0:" name="TV 1000 Russkoe Kino" service_name="TV 1000 Russkoe Kino" provider="Viasat Ukraine" sid="2810" onid="68" tsid="26" />
    <channel service_ref="1:0:25:0afa:001a:0044:0de80000:0:0:0:" name="TV 1000 Russkoe Kino" service_name="TV 1000 Russkoe Kino" provider="Viasat Ukraine" sid="2810" onid="68" tsid="26" />
    <channel service_ref="1:0:1:0a8c:0018:0044:0de80000:0:0:0:" name="TV XXI" service_name="TV XXI" provider="Viasat Ukraine" sid="2700" onid="68" tsid="24" />
    <channel service_ref="1:0:1:0a8c:0018:0044:0de80000:0:0:0:" name="TV XXI" service_name="TV XXI" provider="Viasat Ukraine" sid="2700" onid="68" tsid="24" />
    <channel service_ref="1:0:1:0003:0001:0001:0de82a5a:0:0:0:" name="UTR - Ukraina i Svit" service_name="UTR - Ukraina i Svit" provider="Ukrkosmos" sid="3" onid="1" tsid="1" />
    <channel service_ref="1:0:25:0ad2:001a:0044:0de80000:0:0:0:" name="Viasat Explore" service_name="Viasat Explore" provider="Viasat Ukraine" sid="2770" onid="68" tsid="26" />
    <channel service_ref="1:0:25:0ad2:001a:0044:0de80000:0:0:0:" name="Viasat Explore" service_name="Viasat Explore" provider="Viasat Ukraine" sid="2770" onid="68" tsid="26" />
    <channel service_ref="1:0:1:0a1e:0018:0044:0de80000:0:0:0:" name="Viasat History" service_name="Viasat History" provider="Viasat Ukraine" sid="2590" onid="68" tsid="24" />
    <channel service_ref="1:0:1:0ab4:0018:0044:0de80000:0:0:0:" name="Viasat Nature CEE" service_name="Viasat Nature CEE" provider="Viasat Ukraine" sid="2740" onid="68" tsid="24" />
    <channel service_ref="1:0:1:0ab4:0018:0044:0de80000:0:0:0:" name="Viasat Nature CEE" service_name="Viasat Nature CEE" provider="Viasat Ukraine" sid="2740" onid="68" tsid="24" />
    <channel service_ref="1:0:25:03fe:001a:0044:0de80000:0:0:0:" name="Viasat Sport Baltic &amp; Russia" service_name="Viasat Sport Baltic &amp; Russia" provider="Viasat Ukraine" sid="1022" onid="68" tsid="26" />
    <channel service_ref="1:0:1:0003:0001:4660:0de80000:0:0:0:" name="Zik (Ukraine)" service_name="Zik (Ukraine)" provider="UKR" sid="3" onid="18016" tsid="1" />
    <channel service_ref="1:0:1:0bb8:0018:0044:0de80000:0:0:0:" name="тест1" service_name="тест1" provider="Viasat Ukraine" sid="3000" onid="68" tsid="24" />
    <channel service_ref="1:0:1:0bb8:0018:0044:0de80000:0:0:0:" name="тест1" service_name="тест1" provider="Viasat Ukraine" sid="3000" onid="68" tsid="24" />
    <channel service_ref="1:0:1:0bc2:0018:0044:0de80000:0:0:0:" name="тест2" service_name="тест2" provider="Viasat Ukraine" sid="3010" onid="68" tsid="24" />
    <channel service_ref="1:0:1:0bc2:0018:0044:0de80000:0:0:0:" name="тест2" service_name="тест2" provider="Viasat Ukraine" sid="3010" onid="68" tsid="24" />
  </bouquet>
  <bouquet name="Austria" category="tv">
    <channel service_ref="1:0:25:051e:0003:0064:0de80000:0:0:0:" name="Magyar ATV HD" service_name="Magyar ATV HD" provider="T-Home" sid="1310" onid="100" tsid="3" />
  </bouquet>
  <bouquet name="Switzerland" category="tv">
    <channel service_ref="1:0:1:0008:0001:0001:0de829e2:0:0:0:" name="3S.TV" service_name="3S.TV" provider="SPACECOM" sid="8" onid="1" tsid="1" />
    <channel service_ref="1:0:25:00d1:0003:0064:0de80000:0:0:0:" name="FEM3" service_name="FEM3" provider="T-Home" sid="209" onid="100" tsid="3" />
    <channel service_ref="1:0:25:01c5:0001:0064:0de8a9e3:0:0:0:" name="M3" service_name="M3" provider="T-Home" sid="453" onid="100" tsid="1" />
    <channel service_ref="1:0:25:051f:0003:0064:0de80000:0:0:0:" name="m5" service_name="m5" provider="T-Home" sid="1311" onid="100" tsid="3" />
    <channel service_ref="1:0:25:057b:0004:0064:0de80000:0:0:0:" name="M5 HD" service_name="M5 HD" provider="T-Home" sid="1403" onid="100" tsid="4" />
    <channel service_ref="1:0:1:0003:000d:0001:0de82a07:0:0:0:" name="Milady Television" service_name="Milady Television" provider="Harmonic" sid="3" onid="1" tsid="13" />
    <channel service_ref="1:0:1:0003:0003:0001:0de82ba7:0:0:0:" name="Milady Television" service_name="Milady Television" provider="Harmonic" sid="3" onid="1" tsid="3" />
    <channel service_ref="1:0:25:045a:0001:0064:0de8a9e3:0:0:0:" name="Story 5" service_name="Story 5" provider="T-Home" sid="1114" onid="100" tsid="1" />
    <channel service_ref="1:0:1:0008:0001:0001:0de82a5a:0:0:0:" name="Tele Vsesvit" service_name="Tele Vsesvit" provider="Ukrkosmos" sid="8" onid="1" tsid="1" />
    <channel service_ref="1:0:1:0001:000d:0001:0de82a07:0:0:0:" name="Telekanal STB" service_name="Telekanal STB" provider="Harmonic" sid="1" onid="1" tsid="13" />
    <channel service_ref="1:0:1:0001:0003:0001:0de82ba7:0:0:0:" name="Telekanal STB" service_name="Telekanal STB" provider="Harmonic" sid="1" onid="1" tsid="3" />
    <channel service_ref="1:0:25:0003:0001:0001:0de82a9c:0:0:0:" name="Tippmix info 3" service_name="Tippmix info 3" provider="HDT" sid="3" onid="1" tsid="1" />
    <channel service_ref="1:0:25:011e:0006:0064:0de80000:0:0:0:" name="TV5 Monde Europe" service_name="TV5 Monde Europe" provider="T-Home" sid="286" onid="100" tsid="6" />
    <channel service_ref="1:0:25:0119:0006:0064:0de80000:0:0:0:" name="Viasat 3" service_name="Viasat 3" provider="T-Home" sid="281" onid="100" tsid="6" />
  </bouquet>
  <bouquet name="Spain" category="tv">
    <channel service_ref="1:0:25:028e:0006:0064:0de80000:0:0:0:" name="TVE International" service_name="TVE International" provider="T-Home" sid="654" onid="100" tsid="6" />
  </bouquet>
  <bouquet name="Resolution - HD" category="tv">
    <channel service_ref="1:0:1:000c:0014:0001:0de82a36:0:0:0:" name="112 Ukraine HD" service_name="112 Ukraine HD" provider="Harmonic" sid="12" onid="1" tsid="20" />
    <channel service_ref="1:0:25:05e2:0005:0064:0de80000:0:0:0:" name="Animal Planet HD" service_name="Animal Planet HD" provider="T-Home" sid="1506" onid="100" tsid="5" />
    <channel service_ref="1:0:25:051b:0003:0064:0de80000:0:0:0:" name="AXN HD" service_name="AXN HD" provider="T-Home" sid="1307" onid="100" tsid="3" />
    <channel service_ref="1:0:25:057c:0004:0064:0de80000:0:0:0:" name="BBC Earth HD" service_name="BBC Earth HD" provider="T-Home" sid="1404" onid="100" tsid="4" />
    <channel service_ref="1:0:25:057f:0004:0064:0de80000:0:0:0:" name="Cool TV HD" service_name="Cool TV HD" provider="T-Home" sid="1407" onid="100" tsid="4" />
    <channel service_ref="1:0:25:05e0:0005:0064:0de80000:0:0:0:" name="Discovery HD Showcase" service_name="Discovery HD Showcase" provider="T-Home" sid="1504" onid="100" tsid="5" />
    <channel service_ref="1:0:25:0be0:001a:0044:0de80000:0:0:0:" name="Discovery HD Showcase" service_name="Discovery HD Showcase" provider="Viasat Ukraine" sid="3040" onid="68" tsid="26" />
    <channel service_ref="1:0:25:00f3:0004:0064:0de80000:0:0:0:" name="Duna 1 HD" service_name="Duna 1 HD" provider="T-Home" sid="243" onid="100" tsid="4" />
    <channel service_ref="1:0:25:051c:0003:0064:0de80000:0:0:0:" name="Duna World HD" service_name="Duna World HD" provider="T-Home" sid="1308" onid="100" tsid="3" />
    <channel service_ref="1:0:25:02c6:0008:0064:0de80000:0:0:0:" name="Eurosport 1 HD" service_name="Eurosport 1 HD" provider="T-Home" sid="710" onid="100" tsid="8" />
    <channel service_ref="1:0:25:00f5:0004:0064:0de80000:0:0:0:" name="Film+ HD" service_name="Film+ HD" provider="T-Home" sid="245" onid="100" tsid="4" />
    <channel service_ref="1:0:25:05f3:0005:0064:0de80000:0:0:0:" name="Filmbox HD" service_name="Filmbox HD" provider="T-Home" sid="1523" onid="100" tsid="5" />
    <channel service_ref="1:0:25:070f:0008:0064:0de80000:0:0:0:" name="HBO HD Hungary" service_name="HBO HD Hungary" provider="T-Home" sid="1807" onid="100" tsid="8" />
    <channel service_ref="1:0:25:02c7:0008:0064:0de80000:0:0:0:" name="History HD Europe" service_name="History HD Europe" provider="T-Home" sid="711" onid="100" tsid="8" />
    <channel service_ref="1:0:25:00cb:0003:0064:0de80000:0:0:0:" name="M1 HD" service_name="M1 HD" provider="T-Home" sid="203" onid="100" tsid="3" />
    <channel service_ref="1:0:25:00cc:0003:0064:0de80000:0:0:0:" name="M2 HD" service_name="M2 HD" provider="T-Home" sid="204" onid="100" tsid="3" />
    <channel service_ref="1:0:25:057a:0004:0064:0de80000:0:0:0:" name="M4 Sport HD" service_name="M4 Sport HD" provider="T-Home" sid="1402" onid="100" tsid="4" />
    <channel service_ref="1:0:25:057b:0004:0064:0de80000:0:0:0:" name="M5 HD" service_name="M5 HD" provider="T-Home" sid="1403" onid="100" tsid="4" />
    <channel service_ref="1:0:25:051e:0003:0064:0de80000:0:0:0:" name="Magyar ATV HD" service_name="Magyar ATV HD" provider="T-Home" sid="1310" onid="100" tsid="3" />
    <channel service_ref="1:0:25:00f4:0004:0064:0de80000:0:0:0:" name="RTL 2 HD Hungary" service_name="RTL 2 HD Hungary" provider="T-Home" sid="244" onid="100" tsid="4" />
    <channel service_ref="1:0:25:00ce:0003:0064:0de80000:0:0:0:" name="RTL Klub HD" service_name="RTL Klub HD" provider="T-Home" sid="206" onid="100" tsid="3" />
    <channel service_ref="1:0:25:057e:0004:0064:0de80000:0:0:0:" name="Spektrum HD" service_name="Spektrum HD" provider="T-Home" sid="1406" onid="100" tsid="4" />
    <channel service_ref="1:0:25:00cf:0003:0064:0de80000:0:0:0:" name="Sport 1 HD Hungary" service_name="Sport 1 HD Hungary" provider="T-Home" sid="207" onid="100" tsid="3" />
    <channel service_ref="1:0:25:057d:0004:0064:0de80000:0:0:0:" name="Sport 2 HD Hungary" service_name="Sport 2 HD Hungary" provider="T-Home" sid="1405" onid="100" tsid="4" />
    <channel service_ref="1:0:25:00cd:0003:0064:0de80000:0:0:0:" name="STV2 HD" service_name="STV2 HD" provider="T-Home" sid="205" onid="100" tsid="3" />
    <channel service_ref="1:0:1:0006:0014:0001:0de82a36:0:0:0:" name="Tonis HD" service_name="Tonis HD" provider="Harmonic" sid="6" onid="1" tsid="20" />
    <channel service_ref="1:0:25:02c8:0008:0064:0de80000:0:0:0:" name="Travel Channel HD" service_name="Travel Channel HD" provider="T-Home" sid="712" onid="100" tsid="8" />
    <channel service_ref="1:0:25:107c:001a:0044:0de80000:0:0:0:" name="TV 1000 Comedy HD" service_name="TV 1000 Comedy HD" provider="Viasat" sid="4220" onid="68" tsid="26" />
    <channel service_ref="1:0:25:01ae:001a:0044:0de80000:0:0:0:" name="TV 1000 Megahit HD" service_name="TV 1000 Megahit HD" provider="Viasat" sid="430" onid="68" tsid="26" />
    <channel service_ref="1:0:25:042c:001a:0044:0de80000:0:0:0:" name="TV 1000 Premium HD" service_name="TV 1000 Premium HD" provider="Viasat" sid="1068" onid="68" tsid="26" />
    <channel service_ref="1:0:25:00f7:0004:0064:0de80000:0:0:0:" name="TV 2 HD (Hungary)" service_name="TV 2 HD (Hungary)" provider="T-Home" sid="247" onid="100" tsid="4" />
    <channel service_ref="1:0:25:043e:001a:0044:0de80000:0:0:0:" name="Viasat Sport HD" service_name="Viasat Sport HD" provider="Viasat" sid="1086" onid="68" tsid="26" />
  </bouquet>
  <bouquet name="Religion" category="tv">
    <channel service_ref="1:0:1:0005:000d:0001:0de82a07:0:0:0:" name="ICTV" service_name="ICTV" provider="Harmonic" sid="5" onid="1" tsid="13" />
    <channel service_ref="1:0:1:0005:0003:0001:0de82ba7:0:0:0:" name="ICTV" service_name="ICTV" provider="Harmonic" sid="5" onid="1" tsid="3" />
  </bouquet>
  <bouquet name="Adult" category="tv">
    <channel service_ref="1:0:25:04ba:0002:0064:0de80000:0:0:0:" name="Blue Hustler|  Nights" service_name="Blue Hustler|  Nights" provider="T-Home" sid="1210" onid="100" tsid="2" />
    <channel service_ref="1:0:25:04cc:0002:0064:0de80000:0:0:0:" name="Dorcel TV| |  Nights" service_name="Dorcel TV| |  Nights" provider="T-Home" sid="1228" onid="100" tsid="2" />
    <channel service_ref="1:0:25:04b7:0002:0064:0de80000:0:0:0:" name="Hustler TV|  Nights" service_name="Hustler TV|  Nights" provider="T-Home" sid="1207" onid="100" tsid="2" />
    <channel service_ref="1:0:25:0009:0001:0064:0de8a9e3:0:0:0:" name="Private TV|  Nights" service_name="Private TV|  Nights" provider="T-Home" sid="9" onid="100" tsid="1" />
  </bouquet>
  <bouquet name="International" category="tv">
    <channel service_ref="1:0:25:044e:0001:0064:0de8a9e3:0:0:0:" name="Duna World" service_name="Duna World" provider="T-Home" sid="1102" onid="100" tsid="1" />
    <channel service_ref="1:0:25:051c:0003:0064:0de80000:0:0:0:" name="Duna World HD" service_name="Duna World HD" provider="T-Home" sid="1308" onid="100" tsid="3" />
  </bouquet>
  <bouquet name="Others" category="tv">
    <channel service_ref="1:0:25:01d4:0001:0064:0de8a9e3:0:0:0:" name="" service_name="" provider="" sid="468" onid="100" tsid="1" />
    <channel service_ref="1:0:25:0a2d:0006:0064:0de80000:0:0:0:" name="" service_name="" provider="" sid="2605" onid="100" tsid="6" />
    <channel service_ref="1:0:25:0a3d:0006:0064:0de80000:0:0:0:" name="" service_name="" provider="" sid="2621" onid="100" tsid="6" />
    <channel service_ref="1:0:1:0003:0001:0001:0de829e2:0:0:0:" name="1+1" service_name="1+1" provider="SPACECOM" sid="3" onid="1" tsid="1" />
    <channel service_ref="1:0:1:0001:0001:0001:0de82a5a:0:0:0:" name="1zahid" service_name="1zahid" provider="Ukrkosmos" sid="1" onid="1" tsid="1" />
    <channel service_ref="1:0:25:045c:0001:0064:0de8a9e3:0:0:0:" name="4! Story TV" service_name="4! Story TV" provider="T-Home" sid="1116" onid="100" tsid="1" />
    <channel service_ref="1:0:25:065b:0006:0064:0de80000:0:0:0:" name="AMC Eastern Europe" service_name="AMC Eastern Europe" provider="T-Home" sid="1627" onid="100" tsid="6" />
    <channel service_ref="1:0:25:0122:0006:0064:0de80000:0:0:0:" name="Animax+|  Nights" service_name="Animax+|  Nights" provider="T-Home" sid="290" onid="100" tsid="6" />
    <channel service_ref="1:0:25:05ea:0005:0064:0de80000:0:0:0:" name="AXN Black" service_name="AXN Black" provider="T-Home" sid="1514" onid="100" tsid="5" />
    <channel service_ref="1:0:25:011a:0006:0064:0de80000:0:0:0:" name="AXN Central Europe" service_name="AXN Central Europe" provider="T-Home" sid="282" onid="100" tsid="6" />
    <channel service_ref="1:0:25:051b:0003:0064:0de80000:0:0:0:" name="AXN HD" service_name="AXN HD" provider="T-Home" sid="1307" onid="100" tsid="3" />
    <channel service_ref="1:0:25:05ee:0005:0064:0de80000:0:0:0:" name="AXN White" service_name="AXN White" provider="T-Home" sid="1518" onid="100" tsid="5" />
    <channel service_ref="1:0:1:0002:0014:0001:0de82a36:0:0:0:" name="Bigudi TV" service_name="Bigudi TV" provider="Harmonic" sid="2" onid="1" tsid="20" />
    <channel service_ref="1:0:1:0004:0001:0001:0de82a5a:0:0:0:" name="Boutique TV" service_name="Boutique TV" provider="Ukrkosmos" sid="4" onid="1" tsid="1" />
    <channel service_ref="1:0:25:070d:0008:0064:0de80000:0:0:0:" name="Bónum" service_name="Bónum" provider="T-Home" sid="1805" onid="100" tsid="8" />
    <channel service_ref="1:0:25:00f8:0004:0064:0de80000:0:0:0:" name="Bónusz" service_name="Bónusz" provider="T-Home" sid="248" onid="100" tsid="4" />
    <channel service_ref="1:0:1:0005:0001:0001:0de82a5a:0:0:0:" name="Che-Pe Info" service_name="Che-Pe Info" provider="Ukrkosmos" sid="5" onid="1" tsid="1" />
    <channel service_ref="1:0:25:04c2:0002:0064:0de80000:0:0:0:" name="Chili" service_name="Chili" provider="T-Home" sid="1218" onid="100" tsid="2" />
    <channel service_ref="1:0:25:028b:0006:0064:0de80000:0:0:0:" name="Classica" service_name="Classica" provider="T-Home" sid="651" onid="100" tsid="6" />
    <channel service_ref="1:0:25:0124:0006:0064:0de80000:0:0:0:" name="CNN International" service_name="CNN International" provider="T-Home" sid="292" onid="100" tsid="6" />
    <channel service_ref="1:0:25:05de:0005:0064:0de80000:0:0:0:" name="Comedy Central Extra Central Europe" service_name="Comedy Central Extra Central Europe" provider="T-Home" sid="1502" onid="100" tsid="5" />
    <channel service_ref="1:0:25:028c:0006:0064:0de80000:0:0:0:" name="Comedy Central Hungary" service_name="Comedy Central Hungary" provider="T-Home" sid="652" onid="100" tsid="6" />
    <channel service_ref="1:0:25:057f:0004:0064:0de80000:0:0:0:" name="Cool TV HD" service_name="Cool TV HD" provider="T-Home" sid="1407" onid="100" tsid="4" />
    <channel service_ref="1:0:1:0009:0001:0001:0de82c27:0:0:0:" name="Da Vinci Learning" service_name="Da Vinci Learning" provider="Xtra TV" sid="9" onid="1" tsid="1" />
    <channel service_ref="1:0:25:028a:0006:0064:0de80000:0:0:0:" name="Da Vinci Learning" service_name="Da Vinci Learning" provider="T-Home" sid="650" onid="100" tsid="6" />
    <channel service_ref="1:0:25:04c5:0002:0064:0de80000:0:0:0:" name="Discovery Channel Hungary" service_name="Discovery Channel Hungary" provider="T-Home" sid="1221" onid="100" tsid="2" />
    <channel service_ref="1:0:25:05e0:0005:0064:0de80000:0:0:0:" name="Discovery HD Showcase" service_name="Discovery HD Showcase" provider="T-Home" sid="1504" onid="100" tsid="5" />
    <channel service_ref="1:0:25:04c6:0002:0064:0de80000:0:0:0:" name="Discovery Science" service_name="Discovery Science" provider="T-Home" sid="1222" onid="100" tsid="2" />
    <channel service_ref="1:0:25:001a:0001:0064:0de8a9e3:0:0:0:" name="DoQ TV" service_name="DoQ TV" provider="T-Home" sid="26" onid="100" tsid="1" />
    <channel service_ref="1:0:25:02ca:0008:0064:0de80000:0:0:0:" name="DTX" service_name="DTX" provider="T-Home" sid="714" onid="100" tsid="8" />
    <channel service_ref="1:0:25:00f3:0004:0064:0de80000:0:0:0:" name="Duna 1 HD" service_name="Duna 1 HD" provider="T-Home" sid="243" onid="100" tsid="4" />
    <channel service_ref="1:0:25:04b6:0002:0064:0de80000:0:0:0:" name="Duna TV" service_name="Duna TV" provider="T-Home" sid="1206" onid="100" tsid="2" />
    <channel service_ref="1:0:25:011d:0006:0064:0de80000:0:0:0:" name="Echo TV" service_name="Echo TV" provider="T-Home" sid="285" onid="100" tsid="6" />
    <channel service_ref="1:0:1:0006:0001:0001:0de82a5a:0:0:0:" name="Eko-TV" service_name="Eko-TV" provider="Ukrkosmos" sid="6" onid="1" tsid="1" />
    <channel service_ref="1:0:1:0007:0001:0001:0de829e2:0:0:0:" name="Eko-TV" service_name="Eko-TV" provider="SPACECOM" sid="7" onid="1" tsid="1" />
    <channel service_ref="1:0:25:02cd:0008:0064:0de80000:0:0:0:" name="English Club" service_name="English Club" provider="T-Home" sid="717" onid="100" tsid="8" />
    <channel service_ref="1:0:25:000b:0001:0064:0de8a9e3:0:0:0:" name="Fishing &amp; Hunting" service_name="Fishing &amp; Hunting" provider="T-Home" sid="11" onid="100" tsid="1" />
    <channel service_ref="1:0:25:070b:0008:0064:0de80000:0:0:0:" name="Fit (Hungary)" service_name="Fit (Hungary)" provider="T-Home" sid="1803" onid="100" tsid="8" />
    <channel service_ref="1:0:25:070a:0008:0064:0de80000:0:0:0:" name="Fix.TV" service_name="Fix.TV" provider="T-Home" sid="1802" onid="100" tsid="8" />
    <channel service_ref="1:0:25:05e8:0005:0064:0de80000:0:0:0:" name="Food Network" service_name="Food Network" provider="T-Home" sid="1512" onid="100" tsid="5" />
    <channel service_ref="1:0:25:05f4:0005:0064:0de80000:0:0:0:" name="Fox Hungary" service_name="Fox Hungary" provider="T-Home" sid="1524" onid="100" tsid="5" />
    <channel service_ref="1:0:25:01d1:0001:0064:0de8a9e3:0:0:0:" name="Galaxy" service_name="Galaxy" provider="T-Home" sid="465" onid="100" tsid="1" />
    <channel service_ref="1:0:1:0009:0001:0001:0de82a5a:0:0:0:" name="Galychyna" service_name="Galychyna" provider="Ukrkosmos" sid="9" onid="1" tsid="1" />
    <channel service_ref="1:0:25:05ec:0005:0064:0de80000:0:0:0:" name="HBO 2 Central Europe" service_name="HBO 2 Central Europe" provider="T-Home" sid="1516" onid="100" tsid="5" />
    <channel service_ref="1:0:25:05ef:0005:0064:0de80000:0:0:0:" name="HBO Comedy Hungary &amp; Czech" service_name="HBO Comedy Hungary &amp; Czech" provider="T-Home" sid="1519" onid="100" tsid="5" />
    <channel service_ref="1:0:25:070f:0008:0064:0de80000:0:0:0:" name="HBO HD Hungary" service_name="HBO HD Hungary" provider="T-Home" sid="1807" onid="100" tsid="8" />
    <channel service_ref="1:0:25:04b3:0002:0064:0de80000:0:0:0:" name="HBO Hungary" service_name="HBO Hungary" provider="T-Home" sid="1203" onid="100" tsid="2" />
    <channel service_ref="1:0:1:0002:0001:0001:0de82c27:0:0:0:" name="Hir TV" service_name="Hir TV" provider="hirTV / AH / HDT" sid="2" onid="1" tsid="1" />
    <channel service_ref="1:0:25:001e:0001:0064:0de8a9e3:0:0:0:" name="Hir TV" service_name="Hir TV" provider="T-Home" sid="30" onid="100" tsid="1" />
    <channel service_ref="1:0:25:04bb:0002:0064:0de80000:0:0:0:" name="Humor +" service_name="Humor +" provider="T-Home" sid="1211" onid="100" tsid="2" />
    <channel service_ref="1:0:1:0007:0014:0001:0de82a36:0:0:0:" name="Inter" service_name="Inter" provider="Harmonic" sid="7" onid="1" tsid="20" />
    <channel service_ref="1:0:25:02cb:0008:0064:0de80000:0:0:0:" name="Investigation Discovery Xtra" service_name="Investigation Discovery Xtra" provider="T-Home" sid="715" onid="100" tsid="8" />
    <channel service_ref="1:0:25:04bd:0002:0064:0de80000:0:0:0:" name="Izaura TV" service_name="Izaura TV" provider="T-Home" sid="1213" onid="100" tsid="2" />
    <channel service_ref="1:0:25:04c1:0002:0064:0de80000:0:0:0:" name="JimJam EMEA" service_name="JimJam EMEA" provider="T-Home" sid="1217" onid="100" tsid="2" />
    <channel service_ref="1:0:1:000a:0014:0001:0de82a36:0:0:0:" name="KDRTRK" service_name="KDRTRK" provider="Harmonic" sid="10" onid="1" tsid="20" />
    <channel service_ref="1:0:25:011f:0006:0064:0de80000:0:0:0:" name="Kiwi TV" service_name="Kiwi TV" provider="T-Home" sid="287" onid="100" tsid="6" />
    <channel service_ref="1:0:1:000c:000d:0001:0de82a07:0:0:0:" name="Kultura" service_name="Kultura" provider="Harmonic" sid="12" onid="1" tsid="13" />
    <channel service_ref="1:0:1:000c:0003:0001:0de82ba7:0:0:0:" name="Kultura" service_name="Kultura" provider="Harmonic" sid="12" onid="1" tsid="3" />
    <channel service_ref="1:0:25:001c:0001:0064:0de8a9e3:0:0:0:" name="Life Network" service_name="Life Network" provider="T-Home" sid="28" onid="100" tsid="1" />
    <channel service_ref="1:0:1:0002:000d:0001:0de82a07:0:0:0:" name="M1" service_name="M1" provider="Harmonic" sid="2" onid="1" tsid="13" />
    <channel service_ref="1:0:1:0002:0003:0001:0de82ba7:0:0:0:" name="M1" service_name="M1" provider="Harmonic" sid="2" onid="1" tsid="3" />
    <channel service_ref="1:0:25:04b9:0002:0064:0de80000:0:0:0:" name="M1 - Magyar TV" service_name="M1 - Magyar TV" provider="T-Home" sid="1209" onid="100" tsid="2" />
    <channel service_ref="1:0:25:00cb:0003:0064:0de80000:0:0:0:" name="M1 HD" service_name="M1 HD" provider="T-Home" sid="203" onid="100" tsid="3" />
    <channel service_ref="1:0:1:0006:0003:0001:0de82ba7:0:0:0:" name="M2" service_name="M2" provider="Harmonic" sid="6" onid="1" tsid="3" />
    <channel service_ref="1:0:25:00cc:0003:0064:0de80000:0:0:0:" name="M2 HD" service_name="M2 HD" provider="T-Home" sid="204" onid="100" tsid="3" />
    <channel service_ref="1:0:25:0004:0001:0064:0de8a9e3:0:0:0:" name="Magyar TV 2" service_name="Magyar TV 2" provider="T-Home" sid="4" onid="100" tsid="1" />
    <channel service_ref="1:0:1:0007:0001:0001:0de82a5a:0:0:0:" name="Malyatko TV" service_name="Malyatko TV" provider="Ukrkosmos" sid="7" onid="1" tsid="1" />
    <channel service_ref="1:0:25:04cb:0002:0064:0de80000:0:0:0:" name="Megamax" service_name="Megamax" provider="T-Home" sid="1227" onid="100" tsid="2" />
    <channel service_ref="1:0:1:0004:0001:0001:0de82c27:0:0:0:" name="Mozi+" service_name="Mozi+" provider="TV2/HDT" sid="4" onid="1" tsid="1" />
    <channel service_ref="1:0:25:011c:0006:0064:0de80000:0:0:0:" name="Mozi+" service_name="Mozi+" provider="T-Home" sid="284" onid="100" tsid="6" />
    <channel service_ref="1:0:25:046b:0001:0064:0de8a9e3:0:0:0:" name="Muzsika TV" service_name="Muzsika TV" provider="T-Home" sid="1131" onid="100" tsid="1" />
    <channel service_ref="1:0:1:0004:000d:0001:0de82a07:0:0:0:" name="Novy Kanal" service_name="Novy Kanal" provider="Harmonic" sid="4" onid="1" tsid="13" />
    <channel service_ref="1:0:1:0004:0003:0001:0de82ba7:0:0:0:" name="Novy Kanal" service_name="Novy Kanal" provider="Harmonic" sid="4" onid="1" tsid="3" />
    <channel service_ref="1:0:1:0008:0014:0001:0de82a36:0:0:0:" name="NTN" service_name="NTN" provider="Harmonic" sid="8" onid="1" tsid="20" />
    <channel service_ref="1:0:25:001d:0001:0064:0de8a9e3:0:0:0:" name="Ozone Network" service_name="Ozone Network" provider="T-Home" sid="29" onid="100" tsid="1" />
    <channel service_ref="1:0:25:05f5:0005:0064:0de80000:0:0:0:" name="Paramount Channel Hungary &amp; Romania" service_name="Paramount Channel Hungary &amp; Romania" provider="T-Home" sid="1525" onid="100" tsid="5" />
    <channel service_ref="1:0:1:000b:0014:0001:0de82a36:0:0:0:" name="Pershiy Avtomobilniy" service_name="Pershiy Avtomobilniy" provider="Xtra TV" sid="11" onid="1" tsid="20" />
    <channel service_ref="1:0:1:000a:000d:0001:0de82a07:0:0:0:" name="Pershiy Diloviy" service_name="Pershiy Diloviy" provider="Harmonic" sid="10" onid="1" tsid="13" />
    <channel service_ref="1:0:1:000d:000d:0001:0de82a07:0:0:0:" name="Pershiy Nacionalniy" service_name="Pershiy Nacionalniy" provider="" sid="13" onid="1" tsid="13" />
    <channel service_ref="1:0:1:0005:0001:0001:0de829e2:0:0:0:" name="PlusPlus" service_name="PlusPlus" provider="SPACECOM" sid="5" onid="1" tsid="1" />
    <channel service_ref="1:0:1:0003:0001:0001:0de82c27:0:0:0:" name="Prime" service_name="Prime" provider="TV2/HDT" sid="3" onid="1" tsid="1" />
    <channel service_ref="1:0:25:04b4:0002:0064:0de80000:0:0:0:" name="Prime" service_name="Prime" provider="T-Home" sid="1204" onid="100" tsid="2" />
    <channel service_ref="1:0:25:05f6:0005:0064:0de80000:0:0:0:" name="Slagr TV" service_name="Slagr TV" provider="T-Home" sid="1526" onid="100" tsid="5" />
    <channel service_ref="1:0:25:000f:0001:0064:0de8a9e3:0:0:0:" name="Sorozat +" service_name="Sorozat +" provider="T-Home" sid="15" onid="100" tsid="1" />
    <channel service_ref="1:0:25:057e:0004:0064:0de80000:0:0:0:" name="Spektrum HD" service_name="Spektrum HD" provider="T-Home" sid="1406" onid="100" tsid="4" />
    <channel service_ref="1:0:25:0005:0001:0064:0de8a9e3:0:0:0:" name="Spektrum Home" service_name="Spektrum Home" provider="T-Home" sid="5" onid="100" tsid="1" />
    <channel service_ref="1:0:25:04be:0002:0064:0de80000:0:0:0:" name="Spektrum TV Hungary" service_name="Spektrum TV Hungary" provider="T-Home" sid="1214" onid="100" tsid="2" />
    <channel service_ref="1:0:25:01c9:0001:0064:0de8a9e3:0:0:0:" name="Spíller TV" service_name="Spíller TV" provider="T-Home" sid="457" onid="100" tsid="1" />
    <channel service_ref="1:0:25:00cd:0003:0064:0de80000:0:0:0:" name="STV2 HD" service_name="STV2 HD" provider="T-Home" sid="205" onid="100" tsid="3" />
    <channel service_ref="1:0:25:064b:0006:0064:0de80000:0:0:0:" name="Sundance TV" service_name="Sundance TV" provider="T-Home" sid="1611" onid="100" tsid="6" />
    <channel service_ref="1:0:1:0005:0001:0001:0de82c27:0:0:0:" name="Super TV 2" service_name="Super TV 2" provider="TV2/HDT" sid="5" onid="1" tsid="1" />
    <channel service_ref="1:0:25:04b8:0002:0064:0de80000:0:0:0:" name="Super TV 2" service_name="Super TV 2" provider="T-Home" sid="1208" onid="100" tsid="2" />
    <channel service_ref="1:0:1:0009:0003:0001:0de82ba7:0:0:0:" name="TEST" service_name="TEST" provider="Harmonic" sid="9" onid="1" tsid="3" />
    <channel service_ref="1:0:1:0009:0001:0001:0de829e2:0:0:0:" name="TEST_9" service_name="TEST_9" provider="Harmonic" sid="9" onid="1" tsid="1" />
    <channel service_ref="1:0:25:000d:0001:0064:0de8a9e3:0:0:0:" name="Teszt" service_name="Teszt" provider="T-Home" sid="13" onid="100" tsid="1" />
    <channel service_ref="1:0:25:02c4:0008:0064:0de80000:0:0:0:" name="Teszt" service_name="Teszt" provider="T-Home" sid="708" onid="100" tsid="8" />
    <channel service_ref="1:0:25:0006:0001:0001:0de82a9c:0:0:0:" name="Tippmix elő 2" service_name="Tippmix elő 2" provider="HDT" sid="6" onid="1" tsid="1" />
    <channel service_ref="1:0:25:0001:0001:0001:0de82a9c:0:0:0:" name="Tippmix info 1" service_name="Tippmix info 1" provider="HDT" sid="1" onid="1" tsid="1" />
    <channel service_ref="1:0:25:0002:0001:0001:0de82a9c:0:0:0:" name="Tippmix info 2" service_name="Tippmix info 2" provider="HDT" sid="2" onid="1" tsid="1" />
    <channel service_ref="1:0:25:0004:0001:0001:0de82a9c:0:0:0:" name="Tippmix info 4" service_name="Tippmix info 4" provider="HDT" sid="4" onid="1" tsid="1" />
    <channel service_ref="1:0:25:0005:0001:0001:0de82a9c:0:0:0:" name="Tippmix élő 1" service_name="Tippmix élő 1" provider="HDT" sid="5" onid="1" tsid="1" />
    <channel service_ref="1:0:1:0003:0014:0001:0de82a36:0:0:0:" name="TISA 1" service_name="TISA 1" provider="Harmonic" sid="3" onid="1" tsid="20" />
    <channel service_ref="1:0:25:064e:0006:0064:0de80000:0:0:0:" name="TLC Europe" service_name="TLC Europe" provider="T-Home" sid="1614" onid="100" tsid="6" />
    <channel service_ref="1:0:1:0006:0001:0001:0de829e2:0:0:0:" name="Tonis" service_name="Tonis" provider="SPACECOM" sid="6" onid="1" tsid="1" />
    <channel service_ref="1:0:1:0006:0014:0001:0de82a36:0:0:0:" name="Tonis HD" service_name="Tonis HD" provider="Harmonic" sid="6" onid="1" tsid="20" />
    <channel service_ref="1:0:25:04ca:0002:0064:0de80000:0:0:0:" name="Travel Channel" service_name="Travel Channel" provider="T-Home" sid="1226" onid="100" tsid="2" />
    <channel service_ref="1:0:25:02c8:0008:0064:0de80000:0:0:0:" name="Travel Channel HD" service_name="Travel Channel HD" provider="T-Home" sid="712" onid="100" tsid="8" />
    <channel service_ref="1:0:25:03fa:001a:0044:0de80000:0:0:0:" name="TV 1000 Comedy" service_name="TV 1000 Comedy" provider="Viasat" sid="1018" onid="68" tsid="26" />
    <channel service_ref="1:0:25:107c:001a:0044:0de80000:0:0:0:" name="TV 1000 Comedy HD" service_name="TV 1000 Comedy HD" provider="Viasat" sid="4220" onid="68" tsid="26" />
    <channel service_ref="1:0:25:100e:001a:0044:0de80000:0:0:0:" name="TV 1000 Megahit" service_name="TV 1000 Megahit" provider="Viasat" sid="4110" onid="68" tsid="26" />
    <channel service_ref="1:0:25:01ae:001a:0044:0de80000:0:0:0:" name="TV 1000 Megahit HD" service_name="TV 1000 Megahit HD" provider="Viasat" sid="430" onid="68" tsid="26" />
    <channel service_ref="1:0:25:03ec:001a:0044:0de80000:0:0:0:" name="TV 1000 Premium" service_name="TV 1000 Premium" provider="Viasat" sid="1004" onid="68" tsid="26" />
    <channel service_ref="1:0:25:042c:001a:0044:0de80000:0:0:0:" name="TV 1000 Premium HD" service_name="TV 1000 Premium HD" provider="Viasat" sid="1068" onid="68" tsid="26" />
    <channel service_ref="1:0:25:04b2:0002:0064:0de80000:0:0:0:" name="TV 2 (Hungary)" service_name="TV 2 (Hungary)" provider="T-Home" sid="1202" onid="100" tsid="2" />
    <channel service_ref="1:0:25:00f7:0004:0064:0de80000:0:0:0:" name="TV 2 HD (Hungary)" service_name="TV 2 HD (Hungary)" provider="T-Home" sid="247" onid="100" tsid="4" />
    <channel service_ref="1:0:1:0004:0001:0001:0de829e2:0:0:0:" name="TV Kiev" service_name="TV Kiev" provider="SPACECOM" sid="4" onid="1" tsid="1" />
    <channel service_ref="1:0:1:0002:000a:07d1:0de80000:0:0:0:" name="TV Neptun" service_name="TV Neptun" provider="Soti Cable System" sid="2" onid="2001" tsid="10" />
    <channel service_ref="1:0:25:0006:0001:0064:0de8a9e3:0:0:0:" name="TV Paprika" service_name="TV Paprika" provider="T-Home" sid="6" onid="100" tsid="1" />
    <channel service_ref="1:0:1:0001:ffff:ffff:0de82d17:0:0:0:" name="TVH 2.0" service_name="TVH 2.0" provider="Service Provider" sid="1" onid="65535" tsid="65535" />
    <channel service_ref="1:0:1:000e:000d:0001:0de82a07:0:0:0:" name="UA Krym" service_name="UA Krym" provider="Harmonic" sid="14" onid="1" tsid="13" />
    <channel service_ref="1:0:1:000e:0003:0001:0de82ba7:0:0:0:" name="UA Krym" service_name="UA Krym" provider="Harmonic" sid="14" onid="1" tsid="3" />
    <channel service_ref="1:0:1:000d:0003:0001:0de82ba7:0:0:0:" name="UA TV" service_name="UA TV" provider="Harmonic" sid="13" onid="1" tsid="3" />
    <channel service_ref="1:0:1:0001:0001:0001:0de829e2:0:0:0:" name="Unian TV" service_name="Unian TV" provider="SPACECOM" sid="1" onid="1" tsid="1" />
    <channel service_ref="1:0:25:020b:0003:0064:0de80000:0:0:0:" name="VH-1 (Video Hits One)" service_name="VH-1 (Video Hits One)" provider="T-Home" sid="523" onid="100" tsid="3" />
    <channel service_ref="1:0:25:02cc:0008:0064:0de80000:0:0:0:" name="Viasat 6" service_name="Viasat 6" provider="T-Home" sid="716" onid="100" tsid="8" />
    <channel service_ref="1:0:25:04bf:0002:0064:0de80000:0:0:0:" name="Viasat Explore" service_name="Viasat Explore" provider="T-Home" sid="1215" onid="100" tsid="2" />
    <channel service_ref="1:0:25:065a:0006:0064:0de80000:0:0:0:" name="Viasat Nature CEE" service_name="Viasat Nature CEE" provider="T-Home" sid="1626" onid="100" tsid="6" />
    <channel service_ref="1:0:1:0002:0001:0001:0de82a5a:0:0:0:" name="Vozrogdenie TV" service_name="Vozrogdenie TV" provider="Ukrkosmos" sid="2" onid="1" tsid="1" />
    <channel service_ref="1:0:25:020a:0003:0064:0de80000:0:0:0:" name="Zenebutik" service_name="Zenebutik" provider="T-Home" sid="522" onid="100" tsid="3" />
    <channel service_ref="1:0:25:070c:0008:0064:0de80000:0:0:0:" name="Ötös csatorna" service_name="Ötös csatorna" provider="T-Home" sid="1804" onid="100" tsid="8" />
  </bouquet>
  <bouquet name="PayTV - Sky - DE - HD" category="tv">
    <channel service_ref="1:0:25:05de:0005:0064:0de80000:0:0:0:" name="Comedy Central Extra Central Europe" service_name="Comedy Central Extra Central Europe" provider="T-Home" sid="1502" onid="100" tsid="5" />
  </bouquet>
</zapit>
