{
  "api_version": 4,
  "bouquet_count": "726",
  "category": "sat",
  "deduplicated_services": "0",
  "display_name": "Astra-23.5E",
  "lamedb_version": "4",
  "last_seen": "unknown",
  "satellite_code": "S23.5E",
  "service_count": "3991",
  "source": "work/ingest/oe-alliance/vhannibal.quad.13e.19e.23e.28e/enigma2",
  "stale": "unknown",
  "stats": "{\"bouquet_count\": 44, \"cable_services\": 0, \"radio_services\": 529, \"sat_services\": 3991, \"terrestrial_services\": 0, \"total_services\": 3991}",
  "thresholds": "{\"cable\": 20, \"sat\": 50, \"terrestrial\": 20}",
  "transponder_count": "277"
}