<?xml version='1.0' encoding='utf-8'?>
<zapit>
  <bouquet name="General" category="tv">
    <channel service_ref="1:0:1:015e:0389:0110:eeee0000:0:0:0:" name="20 Mediaset" service_name="20 Mediaset" provider="Mediaset" sid="350" onid="272" tsid="905" />
    <channel service_ref="1:0:1:07e4:0389:0110:eeee0000:0:0:0:" name="20 Mediaset (provvisorio)" service_name="20 Mediaset (provvisorio)" provider="Mediaset" sid="2020" onid="272" tsid="905" />
    <channel service_ref="1:0:25:0bcc:03a2:0110:eeee0000:0:0:0:" name="20 Mediaset HD" service_name="20 Mediaset HD" provider="Mediaset" sid="3020" onid="272" tsid="930" />
    <channel service_ref="1:0:25:0c30:03a2:0110:eeee0000:0:0:0:" name="20 Mediaset HD" service_name="20 Mediaset HD" provider="Mediaset" sid="3120" onid="272" tsid="930" />
    <channel service_ref="1:0:22:006a:0385:0110:eeee0000:0:0:0:" name="27 Twentyseven" service_name="27 Twentyseven" provider="Mediaset" sid="106" onid="272" tsid="901" />
    <channel service_ref="1:0:1:005b:0389:0110:eeee0000:0:0:0:" name="Boing" service_name="Boing" provider="Mediaset" sid="91" onid="272" tsid="905" />
    <channel service_ref="1:0:25:0bbd:03a2:0110:eeee0000:0:0:0:" name="Canale5 HD" service_name="Canale5 HD" provider="Mediaset" sid="3005" onid="272" tsid="930" />
    <channel service_ref="1:0:25:0c21:03a2:0110:eeee0000:0:0:0:" name="Canale5 HD" service_name="Canale5 HD" provider="Mediaset" sid="3105" onid="272" tsid="930" />
    <channel service_ref="1:0:1:005d:0389:0110:eeee0000:0:0:0:" name="Cartoonito" service_name="Cartoonito" provider="Mediaset" sid="93" onid="272" tsid="905" />
    <channel service_ref="1:0:1:016c:0389:0110:eeee0000:0:0:0:" name="Cine34" service_name="Cine34" provider="Mediaset" sid="364" onid="272" tsid="905" />
    <channel service_ref="1:0:1:084b:0389:0110:eeee0000:0:0:0:" name="Cine34" service_name="Cine34" provider="Mediaset" sid="2123" onid="272" tsid="905" />
    <channel service_ref="1:0:1:1c11:0384:0110:eeee0000:0:0:0:" name="Deluxe 139" service_name="Deluxe 139" provider="" sid="7185" onid="272" tsid="900" />
    <channel service_ref="1:0:1:1c0e:0384:0110:eeee0000:0:0:0:" name="FASCINO TV" service_name="FASCINO TV" provider="" sid="7182" onid="272" tsid="900" />
    <channel service_ref="1:0:1:016b:0389:0110:eeee0000:0:0:0:" name="Focus" service_name="Focus" provider="Mediaset" sid="363" onid="272" tsid="905" />
    <channel service_ref="1:0:1:084a:0389:0110:eeee0000:0:0:0:" name="Focus" service_name="Focus" provider="Mediaset" sid="2122" onid="272" tsid="905" />
    <channel service_ref="1:0:1:0168:0389:0110:eeee0000:0:0:0:" name="Food Network" service_name="Food Network" provider="Mediaset" sid="360" onid="272" tsid="905" />
    <channel service_ref="1:0:1:008d:0385:0110:eeee0000:0:0:0:" name="FOX" service_name="FOX" provider="" sid="141" onid="272" tsid="901" />
    <channel service_ref="1:0:130:1f4f:0384:0110:eeee0000:0:0:0:" name="HUMAX DOWNLOAD SVC" service_name="HUMAX DOWNLOAD SVC" provider="" sid="8015" onid="272" tsid="900" />
    <channel service_ref="1:0:22:002b:0385:0110:eeee0000:0:0:0:" name="Iris" service_name="Iris" provider="Mediaset" sid="43" onid="272" tsid="901" />
    <channel service_ref="1:0:25:0bbe:03a2:0110:eeee0000:0:0:0:" name="Italia1 HD" service_name="Italia1 HD" provider="Mediaset" sid="3006" onid="272" tsid="930" />
    <channel service_ref="1:0:25:0c22:03a2:0110:eeee0000:0:0:0:" name="Italia1 HD" service_name="Italia1 HD" provider="Mediaset" sid="3106" onid="272" tsid="930" />
    <channel service_ref="1:0:22:002a:0385:0110:eeee0000:0:0:0:" name="La5" service_name="La5" provider="Mediaset" sid="42" onid="272" tsid="901" />
    <channel service_ref="1:0:1:0bef:03a2:0110:eeee0000:0:0:0:" name="Mediaset Extra" service_name="Mediaset Extra" provider="Mediaset" sid="3055" onid="272" tsid="930" />
    <channel service_ref="1:0:22:002c:0385:0110:eeee0000:0:0:0:" name="Mediaset Italia Due" service_name="Mediaset Italia Due" provider="Mediaset" sid="44" onid="272" tsid="901" />
    <channel service_ref="1:0:22:002d:0385:0110:eeee0000:0:0:0:" name="Mediaset Italia Due" service_name="Mediaset Italia Due" provider="Mediaset" sid="45" onid="272" tsid="901" />
    <channel service_ref="1:0:22:1b8e:0384:0110:eeee0000:0:0:0:" name="Mediaset Italia Due" service_name="Mediaset Italia Due" provider="Mediaset" sid="7054" onid="272" tsid="900" />
    <channel service_ref="1:0:1:1c18:0384:0110:eeee0000:0:0:0:" name="PADRE PIO TV" service_name="PADRE PIO TV" provider="" sid="7192" onid="272" tsid="900" />
    <channel service_ref="1:0:1:1c13:0384:0110:eeee0000:0:0:0:" name="PRIMA FREE" service_name="PRIMA FREE" provider="" sid="7187" onid="272" tsid="900" />
    <channel service_ref="1:0:1:0169:0389:0110:eeee0000:0:0:0:" name="QVC" service_name="QVC" provider="Mediaset" sid="361" onid="272" tsid="905" />
    <channel service_ref="1:0:22:0029:0385:0110:eeee0000:0:0:0:" name="R101 TV" service_name="R101 TV" provider="Mediaset" sid="41" onid="272" tsid="901" />
    <channel service_ref="1:0:22:006b:0385:0110:eeee0000:0:0:0:" name="R101 TV" service_name="R101 TV" provider="Mediaset" sid="107" onid="272" tsid="901" />
    <channel service_ref="1:0:22:1b8b:0384:0110:eeee0000:0:0:0:" name="RADIO 105" service_name="RADIO 105" provider="Mediaset" sid="7051" onid="272" tsid="900" />
    <channel service_ref="1:0:22:1b8c:0384:0110:eeee0000:0:0:0:" name="RADIO 105" service_name="RADIO 105" provider="Mediaset" sid="7052" onid="272" tsid="900" />
    <channel service_ref="1:0:25:0bbc:03a2:0110:eeee0000:0:0:0:" name="Rete4 HD" service_name="Rete4 HD" provider="Mediaset" sid="3004" onid="272" tsid="930" />
    <channel service_ref="1:0:25:0c20:03a2:0110:eeee0000:0:0:0:" name="Rete4 HD" service_name="Rete4 HD" provider="Mediaset" sid="3104" onid="272" tsid="930" />
    <channel service_ref="1:0:1:008c:0385:0110:eeee0000:0:0:0:" name="Sky Atlantic" service_name="Sky Atlantic" provider="" sid="140" onid="272" tsid="901" />
    <channel service_ref="1:0:1:1c17:0384:0110:eeee0000:0:0:0:" name="Sportitalia" service_name="Sportitalia" provider="" sid="7191" onid="272" tsid="900" />
    <channel service_ref="1:0:1:1c12:0384:0110:eeee0000:0:0:0:" name="TESORY CHANNEL" service_name="TESORY CHANNEL" provider="" sid="7186" onid="272" tsid="900" />
    <channel service_ref="1:0:1:015f:0389:0110:eeee0000:0:0:0:" name="TOPcrime" service_name="TOPcrime" provider="Mediaset" sid="351" onid="272" tsid="905" />
    <channel service_ref="1:0:1:016a:0389:0110:eeee0000:0:0:0:" name="TOPcrime" service_name="TOPcrime" provider="Mediaset" sid="362" onid="272" tsid="905" />
    <channel service_ref="1:0:1:1c16:0384:0110:eeee0000:0:0:0:" name="TV 153" service_name="TV 153" provider="" sid="7190" onid="272" tsid="900" />
    <channel service_ref="1:0:1:1c0c:0384:0110:eeee0000:0:0:0:" name="TV 243" service_name="TV 243" provider="" sid="7180" onid="272" tsid="900" />
    <channel service_ref="1:0:1:005f:0385:0110:eeee0000:0:0:0:" name="TV8 PROVVISORIO" service_name="TV8 PROVVISORIO" provider="" sid="95" onid="272" tsid="901" />
  </bouquet>
  <bouquet name="Movies" category="tv">
    <channel service_ref="1:0:1:016c:0389:0110:eeee0000:0:0:0:" name="Cine34" service_name="Cine34" provider="Mediaset" sid="364" onid="272" tsid="905" />
    <channel service_ref="1:0:1:084b:0389:0110:eeee0000:0:0:0:" name="Cine34" service_name="Cine34" provider="Mediaset" sid="2123" onid="272" tsid="905" />
  </bouquet>
  <bouquet name="Sports" category="tv">
    <channel service_ref="1:0:1:1c17:0384:0110:eeee0000:0:0:0:" name="Sportitalia" service_name="Sportitalia" provider="" sid="7191" onid="272" tsid="900" />
  </bouquet>
  <bouquet name="Kids" category="tv">
    <channel service_ref="1:0:1:005d:0389:0110:eeee0000:0:0:0:" name="Cartoonito" service_name="Cartoonito" provider="Mediaset" sid="93" onid="272" tsid="905" />
  </bouquet>
  <bouquet name="Sky" category="tv">
    <channel service_ref="1:0:1:008c:0385:0110:eeee0000:0:0:0:" name="Sky Atlantic" service_name="Sky Atlantic" provider="" sid="140" onid="272" tsid="901" />
  </bouquet>
  <bouquet name="RAI" category="tv">
    <channel service_ref="1:0:25:0bbe:03a2:0110:eeee0000:0:0:0:" name="Italia1 HD" service_name="Italia1 HD" provider="Mediaset" sid="3006" onid="272" tsid="930" />
    <channel service_ref="1:0:25:0c22:03a2:0110:eeee0000:0:0:0:" name="Italia1 HD" service_name="Italia1 HD" provider="Mediaset" sid="3106" onid="272" tsid="930" />
    <channel service_ref="1:0:22:002c:0385:0110:eeee0000:0:0:0:" name="Mediaset Italia Due" service_name="Mediaset Italia Due" provider="Mediaset" sid="44" onid="272" tsid="901" />
    <channel service_ref="1:0:22:002d:0385:0110:eeee0000:0:0:0:" name="Mediaset Italia Due" service_name="Mediaset Italia Due" provider="Mediaset" sid="45" onid="272" tsid="901" />
    <channel service_ref="1:0:22:1b8e:0384:0110:eeee0000:0:0:0:" name="Mediaset Italia Due" service_name="Mediaset Italia Due" provider="Mediaset" sid="7054" onid="272" tsid="900" />
  </bouquet>
  <bouquet name="TF1" category="tv">
    <channel service_ref="1:0:25:0bbd:03a2:0110:eeee0000:0:0:0:" name="Canale5 HD" service_name="Canale5 HD" provider="Mediaset" sid="3005" onid="272" tsid="930" />
    <channel service_ref="1:0:25:0c21:03a2:0110:eeee0000:0:0:0:" name="Canale5 HD" service_name="Canale5 HD" provider="Mediaset" sid="3105" onid="272" tsid="930" />
  </bouquet>
  <bouquet name="Switzerland" category="tv">
    <channel service_ref="1:0:1:1c11:0384:0110:eeee0000:0:0:0:" name="Deluxe 139" service_name="Deluxe 139" provider="" sid="7185" onid="272" tsid="900" />
    <channel service_ref="1:0:22:002a:0385:0110:eeee0000:0:0:0:" name="La5" service_name="La5" provider="Mediaset" sid="42" onid="272" tsid="901" />
    <channel service_ref="1:0:22:1b8b:0384:0110:eeee0000:0:0:0:" name="RADIO 105" service_name="RADIO 105" provider="Mediaset" sid="7051" onid="272" tsid="900" />
    <channel service_ref="1:0:22:1b8c:0384:0110:eeee0000:0:0:0:" name="RADIO 105" service_name="RADIO 105" provider="Mediaset" sid="7052" onid="272" tsid="900" />
    <channel service_ref="1:0:1:1c16:0384:0110:eeee0000:0:0:0:" name="TV 153" service_name="TV 153" provider="" sid="7190" onid="272" tsid="900" />
    <channel service_ref="1:0:1:1c0c:0384:0110:eeee0000:0:0:0:" name="TV 243" service_name="TV 243" provider="" sid="7180" onid="272" tsid="900" />
  </bouquet>
  <bouquet name="Italy" category="tv">
    <channel service_ref="1:0:1:015e:0389:0110:eeee0000:0:0:0:" name="20 Mediaset" service_name="20 Mediaset" provider="Mediaset" sid="350" onid="272" tsid="905" />
    <channel service_ref="1:0:1:015e:0389:0110:eeee0000:0:0:0:" name="20 Mediaset" service_name="20 Mediaset" provider="Mediaset" sid="350" onid="272" tsid="905" />
    <channel service_ref="1:0:1:07e4:0389:0110:eeee0000:0:0:0:" name="20 Mediaset (provvisorio)" service_name="20 Mediaset (provvisorio)" provider="Mediaset" sid="2020" onid="272" tsid="905" />
    <channel service_ref="1:0:1:07e4:0389:0110:eeee0000:0:0:0:" name="20 Mediaset (provvisorio)" service_name="20 Mediaset (provvisorio)" provider="Mediaset" sid="2020" onid="272" tsid="905" />
    <channel service_ref="1:0:25:0bcc:03a2:0110:eeee0000:0:0:0:" name="20 Mediaset HD" service_name="20 Mediaset HD" provider="Mediaset" sid="3020" onid="272" tsid="930" />
    <channel service_ref="1:0:25:0bcc:03a2:0110:eeee0000:0:0:0:" name="20 Mediaset HD" service_name="20 Mediaset HD" provider="Mediaset" sid="3020" onid="272" tsid="930" />
    <channel service_ref="1:0:25:0c30:03a2:0110:eeee0000:0:0:0:" name="20 Mediaset HD" service_name="20 Mediaset HD" provider="Mediaset" sid="3120" onid="272" tsid="930" />
    <channel service_ref="1:0:25:0c30:03a2:0110:eeee0000:0:0:0:" name="20 Mediaset HD" service_name="20 Mediaset HD" provider="Mediaset" sid="3120" onid="272" tsid="930" />
    <channel service_ref="1:0:22:006a:0385:0110:eeee0000:0:0:0:" name="27 Twentyseven" service_name="27 Twentyseven" provider="Mediaset" sid="106" onid="272" tsid="901" />
    <channel service_ref="1:0:22:006a:0385:0110:eeee0000:0:0:0:" name="27 Twentyseven" service_name="27 Twentyseven" provider="Mediaset" sid="106" onid="272" tsid="901" />
    <channel service_ref="1:0:1:005b:0389:0110:eeee0000:0:0:0:" name="Boing" service_name="Boing" provider="Mediaset" sid="91" onid="272" tsid="905" />
    <channel service_ref="1:0:1:005b:0389:0110:eeee0000:0:0:0:" name="Boing" service_name="Boing" provider="Mediaset" sid="91" onid="272" tsid="905" />
    <channel service_ref="1:0:25:0bbd:03a2:0110:eeee0000:0:0:0:" name="Canale5 HD" service_name="Canale5 HD" provider="Mediaset" sid="3005" onid="272" tsid="930" />
    <channel service_ref="1:0:25:0c21:03a2:0110:eeee0000:0:0:0:" name="Canale5 HD" service_name="Canale5 HD" provider="Mediaset" sid="3105" onid="272" tsid="930" />
    <channel service_ref="1:0:1:005d:0389:0110:eeee0000:0:0:0:" name="Cartoonito" service_name="Cartoonito" provider="Mediaset" sid="93" onid="272" tsid="905" />
    <channel service_ref="1:0:1:016c:0389:0110:eeee0000:0:0:0:" name="Cine34" service_name="Cine34" provider="Mediaset" sid="364" onid="272" tsid="905" />
    <channel service_ref="1:0:1:084b:0389:0110:eeee0000:0:0:0:" name="Cine34" service_name="Cine34" provider="Mediaset" sid="2123" onid="272" tsid="905" />
    <channel service_ref="1:0:1:016b:0389:0110:eeee0000:0:0:0:" name="Focus" service_name="Focus" provider="Mediaset" sid="363" onid="272" tsid="905" />
    <channel service_ref="1:0:1:016b:0389:0110:eeee0000:0:0:0:" name="Focus" service_name="Focus" provider="Mediaset" sid="363" onid="272" tsid="905" />
    <channel service_ref="1:0:1:084a:0389:0110:eeee0000:0:0:0:" name="Focus" service_name="Focus" provider="Mediaset" sid="2122" onid="272" tsid="905" />
    <channel service_ref="1:0:1:084a:0389:0110:eeee0000:0:0:0:" name="Focus" service_name="Focus" provider="Mediaset" sid="2122" onid="272" tsid="905" />
    <channel service_ref="1:0:1:0168:0389:0110:eeee0000:0:0:0:" name="Food Network" service_name="Food Network" provider="Mediaset" sid="360" onid="272" tsid="905" />
    <channel service_ref="1:0:1:0168:0389:0110:eeee0000:0:0:0:" name="Food Network" service_name="Food Network" provider="Mediaset" sid="360" onid="272" tsid="905" />
    <channel service_ref="1:0:22:002b:0385:0110:eeee0000:0:0:0:" name="Iris" service_name="Iris" provider="Mediaset" sid="43" onid="272" tsid="901" />
    <channel service_ref="1:0:22:002b:0385:0110:eeee0000:0:0:0:" name="Iris" service_name="Iris" provider="Mediaset" sid="43" onid="272" tsid="901" />
    <channel service_ref="1:0:25:0bbe:03a2:0110:eeee0000:0:0:0:" name="Italia1 HD" service_name="Italia1 HD" provider="Mediaset" sid="3006" onid="272" tsid="930" />
    <channel service_ref="1:0:25:0c22:03a2:0110:eeee0000:0:0:0:" name="Italia1 HD" service_name="Italia1 HD" provider="Mediaset" sid="3106" onid="272" tsid="930" />
    <channel service_ref="1:0:22:002a:0385:0110:eeee0000:0:0:0:" name="La5" service_name="La5" provider="Mediaset" sid="42" onid="272" tsid="901" />
    <channel service_ref="1:0:1:0bef:03a2:0110:eeee0000:0:0:0:" name="Mediaset Extra" service_name="Mediaset Extra" provider="Mediaset" sid="3055" onid="272" tsid="930" />
    <channel service_ref="1:0:1:0bef:03a2:0110:eeee0000:0:0:0:" name="Mediaset Extra" service_name="Mediaset Extra" provider="Mediaset" sid="3055" onid="272" tsid="930" />
    <channel service_ref="1:0:22:002c:0385:0110:eeee0000:0:0:0:" name="Mediaset Italia Due" service_name="Mediaset Italia Due" provider="Mediaset" sid="44" onid="272" tsid="901" />
    <channel service_ref="1:0:22:002d:0385:0110:eeee0000:0:0:0:" name="Mediaset Italia Due" service_name="Mediaset Italia Due" provider="Mediaset" sid="45" onid="272" tsid="901" />
    <channel service_ref="1:0:22:1b8e:0384:0110:eeee0000:0:0:0:" name="Mediaset Italia Due" service_name="Mediaset Italia Due" provider="Mediaset" sid="7054" onid="272" tsid="900" />
    <channel service_ref="1:0:1:0169:0389:0110:eeee0000:0:0:0:" name="QVC" service_name="QVC" provider="Mediaset" sid="361" onid="272" tsid="905" />
    <channel service_ref="1:0:1:0169:0389:0110:eeee0000:0:0:0:" name="QVC" service_name="QVC" provider="Mediaset" sid="361" onid="272" tsid="905" />
    <channel service_ref="1:0:22:0029:0385:0110:eeee0000:0:0:0:" name="R101 TV" service_name="R101 TV" provider="Mediaset" sid="41" onid="272" tsid="901" />
    <channel service_ref="1:0:22:0029:0385:0110:eeee0000:0:0:0:" name="R101 TV" service_name="R101 TV" provider="Mediaset" sid="41" onid="272" tsid="901" />
    <channel service_ref="1:0:22:006b:0385:0110:eeee0000:0:0:0:" name="R101 TV" service_name="R101 TV" provider="Mediaset" sid="107" onid="272" tsid="901" />
    <channel service_ref="1:0:22:006b:0385:0110:eeee0000:0:0:0:" name="R101 TV" service_name="R101 TV" provider="Mediaset" sid="107" onid="272" tsid="901" />
    <channel service_ref="1:0:22:1b8b:0384:0110:eeee0000:0:0:0:" name="RADIO 105" service_name="RADIO 105" provider="Mediaset" sid="7051" onid="272" tsid="900" />
    <channel service_ref="1:0:22:1b8c:0384:0110:eeee0000:0:0:0:" name="RADIO 105" service_name="RADIO 105" provider="Mediaset" sid="7052" onid="272" tsid="900" />
    <channel service_ref="1:0:25:0bbc:03a2:0110:eeee0000:0:0:0:" name="Rete4 HD" service_name="Rete4 HD" provider="Mediaset" sid="3004" onid="272" tsid="930" />
    <channel service_ref="1:0:25:0bbc:03a2:0110:eeee0000:0:0:0:" name="Rete4 HD" service_name="Rete4 HD" provider="Mediaset" sid="3004" onid="272" tsid="930" />
    <channel service_ref="1:0:25:0c20:03a2:0110:eeee0000:0:0:0:" name="Rete4 HD" service_name="Rete4 HD" provider="Mediaset" sid="3104" onid="272" tsid="930" />
    <channel service_ref="1:0:25:0c20:03a2:0110:eeee0000:0:0:0:" name="Rete4 HD" service_name="Rete4 HD" provider="Mediaset" sid="3104" onid="272" tsid="930" />
    <channel service_ref="1:0:1:015f:0389:0110:eeee0000:0:0:0:" name="TOPcrime" service_name="TOPcrime" provider="Mediaset" sid="351" onid="272" tsid="905" />
    <channel service_ref="1:0:1:015f:0389:0110:eeee0000:0:0:0:" name="TOPcrime" service_name="TOPcrime" provider="Mediaset" sid="351" onid="272" tsid="905" />
    <channel service_ref="1:0:1:016a:0389:0110:eeee0000:0:0:0:" name="TOPcrime" service_name="TOPcrime" provider="Mediaset" sid="362" onid="272" tsid="905" />
    <channel service_ref="1:0:1:016a:0389:0110:eeee0000:0:0:0:" name="TOPcrime" service_name="TOPcrime" provider="Mediaset" sid="362" onid="272" tsid="905" />
  </bouquet>
  <bouquet name="Resolution - HD" category="tv">
    <channel service_ref="1:0:25:0bcc:03a2:0110:eeee0000:0:0:0:" name="20 Mediaset HD" service_name="20 Mediaset HD" provider="Mediaset" sid="3020" onid="272" tsid="930" />
    <channel service_ref="1:0:25:0c30:03a2:0110:eeee0000:0:0:0:" name="20 Mediaset HD" service_name="20 Mediaset HD" provider="Mediaset" sid="3120" onid="272" tsid="930" />
    <channel service_ref="1:0:25:0bbd:03a2:0110:eeee0000:0:0:0:" name="Canale5 HD" service_name="Canale5 HD" provider="Mediaset" sid="3005" onid="272" tsid="930" />
    <channel service_ref="1:0:25:0c21:03a2:0110:eeee0000:0:0:0:" name="Canale5 HD" service_name="Canale5 HD" provider="Mediaset" sid="3105" onid="272" tsid="930" />
    <channel service_ref="1:0:25:0bbe:03a2:0110:eeee0000:0:0:0:" name="Italia1 HD" service_name="Italia1 HD" provider="Mediaset" sid="3006" onid="272" tsid="930" />
    <channel service_ref="1:0:25:0c22:03a2:0110:eeee0000:0:0:0:" name="Italia1 HD" service_name="Italia1 HD" provider="Mediaset" sid="3106" onid="272" tsid="930" />
    <channel service_ref="1:0:25:0bbc:03a2:0110:eeee0000:0:0:0:" name="Rete4 HD" service_name="Rete4 HD" provider="Mediaset" sid="3004" onid="272" tsid="930" />
    <channel service_ref="1:0:25:0c20:03a2:0110:eeee0000:0:0:0:" name="Rete4 HD" service_name="Rete4 HD" provider="Mediaset" sid="3104" onid="272" tsid="930" />
  </bouquet>
  <bouquet name="Others" category="tv">
    <channel service_ref="1:0:1:1c0e:0384:0110:eeee0000:0:0:0:" name="FASCINO TV" service_name="FASCINO TV" provider="" sid="7182" onid="272" tsid="900" />
    <channel service_ref="1:0:1:008d:0385:0110:eeee0000:0:0:0:" name="FOX" service_name="FOX" provider="" sid="141" onid="272" tsid="901" />
    <channel service_ref="1:0:130:1f4f:0384:0110:eeee0000:0:0:0:" name="HUMAX DOWNLOAD SVC" service_name="HUMAX DOWNLOAD SVC" provider="" sid="8015" onid="272" tsid="900" />
    <channel service_ref="1:0:1:1c18:0384:0110:eeee0000:0:0:0:" name="PADRE PIO TV" service_name="PADRE PIO TV" provider="" sid="7192" onid="272" tsid="900" />
    <channel service_ref="1:0:1:1c13:0384:0110:eeee0000:0:0:0:" name="PRIMA FREE" service_name="PRIMA FREE" provider="" sid="7187" onid="272" tsid="900" />
    <channel service_ref="1:0:1:1c12:0384:0110:eeee0000:0:0:0:" name="TESORY CHANNEL" service_name="TESORY CHANNEL" provider="" sid="7186" onid="272" tsid="900" />
    <channel service_ref="1:0:1:005f:0385:0110:eeee0000:0:0:0:" name="TV8 PROVVISORIO" service_name="TV8 PROVVISORIO" provider="" sid="95" onid="272" tsid="901" />
  </bouquet>
  <bouquet name="PayTV - Sky - DE - HD" category="tv">
    <channel service_ref="1:0:1:008c:0385:0110:eeee0000:0:0:0:" name="Sky Atlantic" service_name="Sky Atlantic" provider="" sid="140" onid="272" tsid="901" />
  </bouquet>
  <bouquet name="Radio" category="radio">
    <channel service_ref="1:0:2:1bbf:0384:0110:eeee0000:0:0:0:" name="RADIO 105" service_name="RADIO 105" provider="Mediaset" sid="7103" onid="272" tsid="900" />
    <channel service_ref="1:0:2:1bc1:0384:0110:eeee0000:0:0:0:" name="Radio Monte Carlo" service_name="Radio Monte Carlo" provider="Mediaset" sid="7105" onid="272" tsid="900" />
    <channel service_ref="1:0:2:1bbe:0384:0110:eeee0000:0:0:0:" name="Radio R101" service_name="Radio R101" provider="Mediaset" sid="7102" onid="272" tsid="900" />
    <channel service_ref="1:0:2:1bc0:0384:0110:eeee0000:0:0:0:" name="VIRGIN RADIO" service_name="VIRGIN RADIO" provider="Mediaset" sid="7104" onid="272" tsid="900" />
  </bouquet>
</zapit>
