<?xml version='1.0' encoding='utf-8'?>
<zapit>
  <bouquet name="General" category="tv">
    <channel service_ref="1:0:1:0001:0001:ffff:0d842ade:0:0:0:" name="AL Manar" service_name="AL Manar" provider="AL Manar" sid="1" onid="65535" tsid="1" />
    <channel service_ref="1:0:1:0001:0001:ffff:0d842cc0:0:0:0:" name="AL Manar" service_name="AL Manar" provider="AL Manar" sid="1" onid="65535" tsid="1" />
    <channel service_ref="1:0:1:0003:0006:0001:0d840000:0:0:0:" name="Belarus-24 HD" service_name="Belarus-24 HD" provider="RSCC" sid="3" onid="1" tsid="6" />
    <channel service_ref="1:0:1:0001:0001:ffff:0d842adb:0:0:0:" name="Etihad" service_name="Etihad" provider="Etihad" sid="1" onid="65535" tsid="1" />
    <channel service_ref="1:0:1:0004:0006:0001:0d840000:0:0:0:" name="Radio Belarus Inter" service_name="Radio Belarus Inter" provider="RSCC" sid="4" onid="1" tsid="6" />
    <channel service_ref="1:0:1:0001:0066:0001:0d840000:0:0:0:" name="RT ARABIC HD" service_name="RT ARABIC HD" provider="" sid="1" onid="1" tsid="102" />
    <channel service_ref="1:0:1:0005:0066:0001:0d840000:0:0:0:" name="RT France" service_name="RT France" provider="" sid="5" onid="1" tsid="102" />
    <channel service_ref="1:0:1:0002:0066:0001:0d840000:0:0:0:" name="RT Int" service_name="RT Int" provider="" sid="2" onid="1" tsid="102" />
    <channel service_ref="1:0:1:0001:0011:0001:0d840000:0:0:0:" name="RTR-Planeta Europa" service_name="RTR-Planeta Europa" provider="RSCC" sid="1" onid="1" tsid="17" />
  </bouquet>
  <bouquet name="Documentary" category="tv">
    <channel service_ref="1:0:1:0001:0011:0001:0d840000:0:0:0:" name="RTR-Planeta Europa" service_name="RTR-Planeta Europa" provider="RSCC" sid="1" onid="1" tsid="17" />
  </bouquet>
  <bouquet name="TF1" category="tv">
    <channel service_ref="1:0:1:0005:0066:0001:0d840000:0:0:0:" name="RT France" service_name="RT France" provider="" sid="5" onid="1" tsid="102" />
  </bouquet>
  <bouquet name="Resolution - HD" category="tv">
    <channel service_ref="1:0:1:0003:0006:0001:0d840000:0:0:0:" name="Belarus-24 HD" service_name="Belarus-24 HD" provider="RSCC" sid="3" onid="1" tsid="6" />
    <channel service_ref="1:0:1:0001:0066:0001:0d840000:0:0:0:" name="RT ARABIC HD" service_name="RT ARABIC HD" provider="" sid="1" onid="1" tsid="102" />
  </bouquet>
  <bouquet name="International" category="tv">
    <channel service_ref="1:0:1:0001:0066:0001:0d840000:0:0:0:" name="RT ARABIC HD" service_name="RT ARABIC HD" provider="" sid="1" onid="1" tsid="102" />
  </bouquet>
  <bouquet name="Others" category="tv">
    <channel service_ref="1:0:1:0001:0001:ffff:0d842ade:0:0:0:" name="AL Manar" service_name="AL Manar" provider="AL Manar" sid="1" onid="65535" tsid="1" />
    <channel service_ref="1:0:1:0001:0001:ffff:0d842cc0:0:0:0:" name="AL Manar" service_name="AL Manar" provider="AL Manar" sid="1" onid="65535" tsid="1" />
    <channel service_ref="1:0:1:0003:0006:0001:0d840000:0:0:0:" name="Belarus-24 HD" service_name="Belarus-24 HD" provider="RSCC" sid="3" onid="1" tsid="6" />
    <channel service_ref="1:0:1:0001:0001:ffff:0d842adb:0:0:0:" name="Etihad" service_name="Etihad" provider="Etihad" sid="1" onid="65535" tsid="1" />
    <channel service_ref="1:0:1:0004:0006:0001:0d840000:0:0:0:" name="Radio Belarus Inter" service_name="Radio Belarus Inter" provider="RSCC" sid="4" onid="1" tsid="6" />
    <channel service_ref="1:0:1:0002:0066:0001:0d840000:0:0:0:" name="RT Int" service_name="RT Int" provider="" sid="2" onid="1" tsid="102" />
  </bouquet>
</zapit>
