<?xml version='1.0' encoding='utf-8'?>
<zapit api="4">
  <satellites>
    <satellite key="0d840000:0006:0001" name="Sat-14W" namespace="0x0d840000" position="-14">
      <transponder key="0d840000:0006:0001" frequency="11579000" symbol_rate="2890000" polarization="V" fec="3" system="0" modulation="0">
        <service id="0x0003" sid="3" name="Belarus-24 HD" type="1" provider="RSCC" onid="1" tsid="6" namespace="0x0d840000" />
        <service id="0x0004" sid="4" name="Radio Belarus Inter" type="1" provider="RSCC" onid="1" tsid="6" namespace="0x0d840000" />
      </transponder>
    </satellite>
    <satellite key="0d840000:0011:0001" name="Sat-14W" namespace="0x0d840000" position="-14">
      <transponder key="0d840000:0011:0001" frequency="11484000" symbol_rate="3535000" polarization="H" fec="7" system="0" modulation="0">
        <service id="0x0001" sid="1" name="RTR-Planeta Europa" type="1" provider="RSCC" onid="1" tsid="17" namespace="0x0d840000" />
      </transponder>
    </satellite>
    <satellite key="0d840000:0066:0001" name="Sat-14W" namespace="0x0d840000" position="-14">
      <transponder key="0d840000:0066:0001" frequency="11541000" symbol_rate="9985000" polarization="H" fec="3" system="0" modulation="0">
        <service id="0x0001" sid="1" name="RT ARABIC HD" type="1" provider="" onid="1" tsid="102" namespace="0x0d840000" />
        <service id="0x0005" sid="5" name="RT France" type="1" provider="" onid="1" tsid="102" namespace="0x0d840000" />
        <service id="0x0002" sid="2" name="RT Int" type="1" provider="" onid="1" tsid="102" namespace="0x0d840000" />
      </transponder>
    </satellite>
    <satellite key="0d842adb:0001:ffff" name="Sat-14W" namespace="0x0d842adb" position="-14">
      <transponder key="0d842adb:0001:ffff" frequency="10971000" symbol_rate="1500000" polarization="H" fec="2" system="0" modulation="0">
        <service id="0x0001" sid="1" name="Etihad" type="1" provider="Etihad" onid="65535" tsid="1" namespace="0x0d842adb" />
      </transponder>
    </satellite>
    <satellite key="0d842ade:0001:ffff" name="Sat-14W" namespace="0x0d842ade" position="-14">
      <transponder key="0d842ade:0001:ffff" frequency="10974000" symbol_rate="2962000" polarization="H" fec="3" system="0" modulation="0">
        <service id="0x0001" sid="1" name="AL Manar" type="1" provider="AL Manar" onid="65535" tsid="1" namespace="0x0d842ade" />
      </transponder>
    </satellite>
    <satellite key="0d842cc0:0001:ffff" name="Sat-14W" namespace="0x0d842cc0" position="-14">
      <transponder key="0d842cc0:0001:ffff" frequency="11456000" symbol_rate="3000000" polarization="H" fec="3" system="0" modulation="0">
        <service id="0x0001" sid="1" name="AL Manar" type="1" provider="AL Manar" onid="65535" tsid="1" namespace="0x0d842cc0" />
      </transponder>
    </satellite>
  </satellites>
</zapit>
