<?xml version='1.0' encoding='utf-8'?>
<zapit>
  <bouquet name="General" category="tv">
    <channel service_ref="1:0:1:000c:6806:217c:eeee0000:0:0:0:" name="Gold TV" service_name="Gold TV" provider="Lazio TV" sid="12" onid="8572" tsid="26630" />
    <channel service_ref="1:0:1:0007:6806:217c:eeee0000:0:0:0:" name="Lazio TV Frosinone" service_name="Lazio TV Frosinone" provider="Lazio TV" sid="7" onid="8572" tsid="26630" />
    <channel service_ref="1:0:1:0005:6806:217c:eeee0000:0:0:0:" name="Lazio TV Latina" service_name="Lazio TV Latina" provider="Lazio TV" sid="5" onid="8572" tsid="26630" />
    <channel service_ref="1:0:1:0001:6806:217c:eeee0000:0:0:0:" name="Teleuniverso" service_name="Teleuniverso" provider="" sid="1" onid="8572" tsid="26630" />
    <channel service_ref="1:0:1:0002:6806:217c:eeee0000:0:0:0:" name="Teleuniverso +1" service_name="Teleuniverso +1" provider="Teleuniverso" sid="2" onid="8572" tsid="26630" />
    <channel service_ref="1:0:25:0008:6806:217c:eeee0000:0:0:0:" name="Teleuniverso HD" service_name="Teleuniverso HD" provider="Teleuniverso" sid="8" onid="8572" tsid="26630" />
    <channel service_ref="1:0:1:0003:6806:217c:eeee0000:0:0:0:" name="TU DAY" service_name="TU DAY" provider="Teleuniverso" sid="3" onid="8572" tsid="26630" />
    <channel service_ref="1:0:1:0004:6806:217c:eeee0000:0:0:0:" name="TU Donna" service_name="TU Donna" provider="Teleuniverso" sid="4" onid="8572" tsid="26630" />
    <channel service_ref="1:0:1:000a:6806:217c:eeee0000:0:0:0:" name="TU Movie" service_name="TU Movie" provider="Teleuniverso" sid="10" onid="8572" tsid="26630" />
    <channel service_ref="1:0:1:0006:6806:217c:eeee0000:0:0:0:" name="TU Shop" service_name="TU Shop" provider="Teleuniverso" sid="6" onid="8572" tsid="26630" />
  </bouquet>
  <bouquet name="Movies" category="tv">
    <channel service_ref="1:0:1:000a:6806:217c:eeee0000:0:0:0:" name="TU Movie" service_name="TU Movie" provider="Teleuniverso" sid="10" onid="8572" tsid="26630" />
  </bouquet>
  <bouquet name="Switzerland" category="tv">
    <channel service_ref="1:0:1:0001:6806:217c:eeee0000:0:0:0:" name="Teleuniverso" service_name="Teleuniverso" provider="" sid="1" onid="8572" tsid="26630" />
    <channel service_ref="1:0:1:0002:6806:217c:eeee0000:0:0:0:" name="Teleuniverso +1" service_name="Teleuniverso +1" provider="Teleuniverso" sid="2" onid="8572" tsid="26630" />
    <channel service_ref="1:0:25:0008:6806:217c:eeee0000:0:0:0:" name="Teleuniverso HD" service_name="Teleuniverso HD" provider="Teleuniverso" sid="8" onid="8572" tsid="26630" />
    <channel service_ref="1:0:1:0003:6806:217c:eeee0000:0:0:0:" name="TU DAY" service_name="TU DAY" provider="Teleuniverso" sid="3" onid="8572" tsid="26630" />
    <channel service_ref="1:0:1:0004:6806:217c:eeee0000:0:0:0:" name="TU Donna" service_name="TU Donna" provider="Teleuniverso" sid="4" onid="8572" tsid="26630" />
    <channel service_ref="1:0:1:0006:6806:217c:eeee0000:0:0:0:" name="TU Shop" service_name="TU Shop" provider="Teleuniverso" sid="6" onid="8572" tsid="26630" />
  </bouquet>
  <bouquet name="Resolution - HD" category="tv">
    <channel service_ref="1:0:25:0008:6806:217c:eeee0000:0:0:0:" name="Teleuniverso HD" service_name="Teleuniverso HD" provider="Teleuniverso" sid="8" onid="8572" tsid="26630" />
  </bouquet>
  <bouquet name="Others" category="tv">
    <channel service_ref="1:0:1:000c:6806:217c:eeee0000:0:0:0:" name="Gold TV" service_name="Gold TV" provider="Lazio TV" sid="12" onid="8572" tsid="26630" />
    <channel service_ref="1:0:1:0007:6806:217c:eeee0000:0:0:0:" name="Lazio TV Frosinone" service_name="Lazio TV Frosinone" provider="Lazio TV" sid="7" onid="8572" tsid="26630" />
    <channel service_ref="1:0:1:0005:6806:217c:eeee0000:0:0:0:" name="Lazio TV Latina" service_name="Lazio TV Latina" provider="Lazio TV" sid="5" onid="8572" tsid="26630" />
  </bouquet>
  <bouquet name="Digitale terrestre               by Dragonfire" category="tv">
    <channel service_ref="1:0:19:8:6806:217c:eeee0000:0:0:0:" name="Teleuniverso HD" service_name="Teleuniverso HD" provider="Teleuniverso" sid="8" onid="8572" tsid="26630" />
    <channel service_ref="1:0:1:1:6806:217c:eeee0000:0:0:0:" name="Teleuniverso" service_name="Teleuniverso" provider="" sid="1" onid="8572" tsid="26630" />
    <channel service_ref="1:0:1:2:6806:217c:eeee0000:0:0:0:" name="Teleuniverso +1" service_name="Teleuniverso +1" provider="Teleuniverso" sid="2" onid="8572" tsid="26630" />
    <channel service_ref="1:0:1:5:6806:217c:eeee0000:0:0:0:" name="Lazio TV Latina" service_name="Lazio TV Latina" provider="Lazio TV" sid="5" onid="8572" tsid="26630" />
    <channel service_ref="1:0:1:7:6806:217c:eeee0000:0:0:0:" name="Lazio TV Frosinone" service_name="Lazio TV Frosinone" provider="Lazio TV" sid="7" onid="8572" tsid="26630" />
    <channel service_ref="1:0:1:a:6806:217c:eeee0000:0:0:0:" name="TU Movie" service_name="TU Movie" provider="Teleuniverso" sid="10" onid="8572" tsid="26630" />
    <channel service_ref="1:0:1:3:6806:217c:eeee0000:0:0:0:" name="TU DAY" service_name="TU DAY" provider="Teleuniverso" sid="3" onid="8572" tsid="26630" />
    <channel service_ref="1:0:1:4:6806:217c:eeee0000:0:0:0:" name="TU Donna" service_name="TU Donna" provider="Teleuniverso" sid="4" onid="8572" tsid="26630" />
    <channel service_ref="1:0:1:6:6806:217c:eeee0000:0:0:0:" name="TU Shop" service_name="TU Shop" provider="Teleuniverso" sid="6" onid="8572" tsid="26630" />
    <channel service_ref="1:0:1:c:6806:217c:eeee0000:0:0:0:" name="Gold TV" service_name="Gold TV" provider="Lazio TV" sid="12" onid="8572" tsid="26630" />
  </bouquet>
  <bouquet name="Digitale terrestre               by Dragonfire" category="tv">
    <channel service_ref="1:0:1:1:6806:217c:eeee0000:0:0:0:" name="Teleuniverso" service_name="Teleuniverso" provider="" sid="1" onid="8572" tsid="26630" />
    <channel service_ref="1:0:1:2:6806:217c:eeee0000:0:0:0:" name="Teleuniverso +1" service_name="Teleuniverso +1" provider="Teleuniverso" sid="2" onid="8572" tsid="26630" />
    <channel service_ref="1:0:1:3:6806:217c:eeee0000:0:0:0:" name="TU DAY" service_name="TU DAY" provider="Teleuniverso" sid="3" onid="8572" tsid="26630" />
    <channel service_ref="1:0:1:4:6806:217c:eeee0000:0:0:0:" name="TU Donna" service_name="TU Donna" provider="Teleuniverso" sid="4" onid="8572" tsid="26630" />
    <channel service_ref="1:0:1:5:6806:217c:eeee0000:0:0:0:" name="Lazio TV Latina" service_name="Lazio TV Latina" provider="Lazio TV" sid="5" onid="8572" tsid="26630" />
    <channel service_ref="1:0:1:6:6806:217c:eeee0000:0:0:0:" name="TU Shop" service_name="TU Shop" provider="Teleuniverso" sid="6" onid="8572" tsid="26630" />
    <channel service_ref="1:0:1:7:6806:217c:eeee0000:0:0:0:" name="Lazio TV Frosinone" service_name="Lazio TV Frosinone" provider="Lazio TV" sid="7" onid="8572" tsid="26630" />
    <channel service_ref="1:0:1:8:6806:217c:eeee0000:0:0:0:" name="Teleuniverso HD" service_name="Teleuniverso HD" provider="Teleuniverso" sid="8" onid="8572" tsid="26630" />
    <channel service_ref="1:0:1:a:6806:217c:eeee0000:0:0:0:" name="TU Movie" service_name="TU Movie" provider="Teleuniverso" sid="10" onid="8572" tsid="26630" />
    <channel service_ref="1:0:1:c:6806:217c:eeee0000:0:0:0:" name="Gold TV" service_name="Gold TV" provider="Lazio TV" sid="12" onid="8572" tsid="26630" />
  </bouquet>
  <bouquet name="Digitale terrestre               by Dragonfire" category="tv">
    <channel service_ref="1:0:1:1:6806:217c:eeee0000:0:0:0:" name="Teleuniverso" service_name="Teleuniverso" provider="" sid="1" onid="8572" tsid="26630" />
    <channel service_ref="1:0:1:2:6806:217c:eeee0000:0:0:0:" name="Teleuniverso +1" service_name="Teleuniverso +1" provider="Teleuniverso" sid="2" onid="8572" tsid="26630" />
    <channel service_ref="1:0:1:3:6806:217c:eeee0000:0:0:0:" name="TU DAY" service_name="TU DAY" provider="Teleuniverso" sid="3" onid="8572" tsid="26630" />
    <channel service_ref="1:0:1:4:6806:217c:eeee0000:0:0:0:" name="TU Donna" service_name="TU Donna" provider="Teleuniverso" sid="4" onid="8572" tsid="26630" />
    <channel service_ref="1:0:1:5:6806:217c:eeee0000:0:0:0:" name="Lazio TV Latina" service_name="Lazio TV Latina" provider="Lazio TV" sid="5" onid="8572" tsid="26630" />
    <channel service_ref="1:0:1:6:6806:217c:eeee0000:0:0:0:" name="TU Shop" service_name="TU Shop" provider="Teleuniverso" sid="6" onid="8572" tsid="26630" />
    <channel service_ref="1:0:1:7:6806:217c:eeee0000:0:0:0:" name="Lazio TV Frosinone" service_name="Lazio TV Frosinone" provider="Lazio TV" sid="7" onid="8572" tsid="26630" />
    <channel service_ref="1:0:1:8:6806:217c:eeee0000:0:0:0:" name="Teleuniverso HD" service_name="Teleuniverso HD" provider="Teleuniverso" sid="8" onid="8572" tsid="26630" />
    <channel service_ref="1:0:1:a:6806:217c:eeee0000:0:0:0:" name="TU Movie" service_name="TU Movie" provider="Teleuniverso" sid="10" onid="8572" tsid="26630" />
    <channel service_ref="1:0:1:c:6806:217c:eeee0000:0:0:0:" name="Gold TV" service_name="Gold TV" provider="Lazio TV" sid="12" onid="8572" tsid="26630" />
  </bouquet>
</zapit>
