{
  "api_version": 4,
  "bouquet_count": "69",
  "category": "terrestrial",
  "deduplicated_services": "0",
  "display_name": "AjV---Ottcast",
  "lamedb_version": "4",
  "last_seen": "unknown",
  "region_code": "ajv-ottcast",
  "service_count": "2984",
  "source": "work/ingest/oe-alliance/vhannibal.dual.feeds.and.dtt.campania/enigma2",
  "stale": "unknown",
  "stats": "{\"bouquet_count\": 45, \"cable_services\": 0, \"radio_services\": 408, \"sat_services\": 2675, \"terrestrial_services\": 309, \"total_services\": 2984}",
  "thresholds": "{\"cable\": 20, \"sat\": 50, \"terrestrial\": 20}",
  "transponder_count": "215"
}