{
  "api_version": 4,
  "bouquet_count": "84",
  "category": "sat",
  "deduplicated_services": "0",
  "display_name": "Astra-28.2E",
  "lamedb_version": "4",
  "last_seen": "unknown",
  "satellite_code": "S28.2E",
  "service_count": "6418",
  "source": "work/ingest/oe-alliance/malimali.39e.28e.26e.23e.19e.16e.13e.7e.0.8w/enigma2",
  "stale": "unknown",
  "stats": "{\"bouquet_count\": 37, \"cable_services\": 0, \"radio_services\": 0, \"sat_services\": 6418, \"terrestrial_services\": 0, \"total_services\": 6418}",
  "thresholds": "{\"cable\": 20, \"sat\": 50, \"terrestrial\": 20}",
  "transponder_count": "528"
}