{
  "api_version": 4,
  "bouquet_count": "728",
  "category": "sat",
  "deduplicated_services": "0",
  "display_name": "Hotbird-13.0E",
  "lamedb_version": "4",
  "last_seen": "unknown",
  "satellite_code": "S13E",
  "service_count": "2948",
  "source": "work/ingest/oe-alliance/vhannibal.dual.feeds.and.dtt.italia/enigma2",
  "stale": "unknown",
  "stats": "{\"bouquet_count\": 47, \"cable_services\": 0, \"radio_services\": 406, \"sat_services\": 2674, \"terrestrial_services\": 274, \"total_services\": 2948}",
  "thresholds": "{\"cable\": 20, \"sat\": 50, \"terrestrial\": 20}",
  "transponder_count": "211"
}