<?xml version='1.0' encoding='utf-8'?>
<zapit>
  <bouquet name="General" category="tv">
    <channel service_ref="1:0:1:0fac:0144:217c:eeee0000:0:0:0:" name="19 Espansione TV" service_name="19 Espansione TV" provider="19 Espansione TV" sid="4012" onid="8572" tsid="324" />
    <channel service_ref="1:0:1:0faa:0144:217c:eeee0000:0:0:0:" name="19 EspansioneTV" service_name="19 EspansioneTV" provider="19 EspansioneTv" sid="4010" onid="8572" tsid="324" />
    <channel service_ref="1:0:1:0002:0144:217c:eeee0000:0:0:0:" name="ANTENNATRE" service_name="ANTENNATRE" provider="TELELOMBARDIA" sid="2" onid="8572" tsid="324" />
    <channel service_ref="1:0:1:023b:0144:217c:eeee0000:0:0:0:" name="ANTENNATRE HD" service_name="ANTENNATRE HD" provider="ANTENNATRE" sid="571" onid="8572" tsid="324" />
    <channel service_ref="1:0:1:0fad:0144:217c:eeee0000:0:0:0:" name="Espansione TV HD" service_name="Espansione TV HD" provider="Espansione TV" sid="4013" onid="8572" tsid="324" />
    <channel service_ref="1:0:1:0006:0144:217c:eeee0000:0:0:0:" name="MILANOW" service_name="MILANOW" provider="TELELOMBARDIA" sid="6" onid="8572" tsid="324" />
    <channel service_ref="1:0:1:0001:0144:217c:eeee0000:0:0:0:" name="TELELOMBARDIA" service_name="TELELOMBARDIA" provider="TELELOMBARDIA" sid="1" onid="8572" tsid="324" />
    <channel service_ref="1:0:1:023a:0144:217c:eeee0000:0:0:0:" name="TELELOMBARDIA HD" service_name="TELELOMBARDIA HD" provider="ANTENNATRE" sid="570" onid="8572" tsid="324" />
    <channel service_ref="1:0:1:0004:0144:217c:eeee0000:0:0:0:" name="TOP CALCIO 24" service_name="TOP CALCIO 24" provider="TELELOMBARDIA" sid="4" onid="8572" tsid="324" />
    <channel service_ref="1:0:1:0009:0144:217c:eeee0000:0:0:0:" name="TOP MUSIC" service_name="TOP MUSIC" provider="ANTENNATRE" sid="9" onid="8572" tsid="324" />
    <channel service_ref="1:0:1:0003:0144:217c:eeee0000:0:0:0:" name="TOP PLANET TOP GUSTO - C6" service_name="TOP PLANET TOP GUSTO - C6" provider="AntennaTre" sid="3" onid="8572" tsid="324" />
    <channel service_ref="1:0:1:0008:0144:217c:eeee0000:0:0:0:" name="TOP TECH" service_name="TOP TECH" provider="ANTENNATRE" sid="8" onid="8572" tsid="324" />
    <channel service_ref="1:0:1:0fae:0144:217c:eeee0000:0:0:0:" name="ViVo Pavia" service_name="ViVo Pavia" provider="ViVo Pavia" sid="4014" onid="8572" tsid="324" />
  </bouquet>
  <bouquet name="Music" category="tv">
    <channel service_ref="1:0:1:0009:0144:217c:eeee0000:0:0:0:" name="TOP MUSIC" service_name="TOP MUSIC" provider="ANTENNATRE" sid="9" onid="8572" tsid="324" />
  </bouquet>
  <bouquet name="Documentary" category="tv">
    <channel service_ref="1:0:1:0003:0144:217c:eeee0000:0:0:0:" name="TOP PLANET TOP GUSTO - C6" service_name="TOP PLANET TOP GUSTO - C6" provider="AntennaTre" sid="3" onid="8572" tsid="324" />
  </bouquet>
  <bouquet name="ARD/ZDF" category="tv">
    <channel service_ref="1:0:1:0002:0144:217c:eeee0000:0:0:0:" name="ANTENNATRE" service_name="ANTENNATRE" provider="TELELOMBARDIA" sid="2" onid="8572" tsid="324" />
    <channel service_ref="1:0:1:0006:0144:217c:eeee0000:0:0:0:" name="MILANOW" service_name="MILANOW" provider="TELELOMBARDIA" sid="6" onid="8572" tsid="324" />
    <channel service_ref="1:0:1:0001:0144:217c:eeee0000:0:0:0:" name="TELELOMBARDIA" service_name="TELELOMBARDIA" provider="TELELOMBARDIA" sid="1" onid="8572" tsid="324" />
    <channel service_ref="1:0:1:023a:0144:217c:eeee0000:0:0:0:" name="TELELOMBARDIA HD" service_name="TELELOMBARDIA HD" provider="ANTENNATRE" sid="570" onid="8572" tsid="324" />
    <channel service_ref="1:0:1:0004:0144:217c:eeee0000:0:0:0:" name="TOP CALCIO 24" service_name="TOP CALCIO 24" provider="TELELOMBARDIA" sid="4" onid="8572" tsid="324" />
  </bouquet>
  <bouquet name="Spain" category="tv">
    <channel service_ref="1:0:1:0fac:0144:217c:eeee0000:0:0:0:" name="19 Espansione TV" service_name="19 Espansione TV" provider="19 Espansione TV" sid="4012" onid="8572" tsid="324" />
    <channel service_ref="1:0:1:0faa:0144:217c:eeee0000:0:0:0:" name="19 EspansioneTV" service_name="19 EspansioneTV" provider="19 EspansioneTv" sid="4010" onid="8572" tsid="324" />
    <channel service_ref="1:0:1:0fad:0144:217c:eeee0000:0:0:0:" name="Espansione TV HD" service_name="Espansione TV HD" provider="Espansione TV" sid="4013" onid="8572" tsid="324" />
  </bouquet>
  <bouquet name="Resolution - HD" category="tv">
    <channel service_ref="1:0:1:023b:0144:217c:eeee0000:0:0:0:" name="ANTENNATRE HD" service_name="ANTENNATRE HD" provider="ANTENNATRE" sid="571" onid="8572" tsid="324" />
    <channel service_ref="1:0:1:0fad:0144:217c:eeee0000:0:0:0:" name="Espansione TV HD" service_name="Espansione TV HD" provider="Espansione TV" sid="4013" onid="8572" tsid="324" />
    <channel service_ref="1:0:1:023a:0144:217c:eeee0000:0:0:0:" name="TELELOMBARDIA HD" service_name="TELELOMBARDIA HD" provider="ANTENNATRE" sid="570" onid="8572" tsid="324" />
  </bouquet>
  <bouquet name="Others" category="tv">
    <channel service_ref="1:0:1:023b:0144:217c:eeee0000:0:0:0:" name="ANTENNATRE HD" service_name="ANTENNATRE HD" provider="ANTENNATRE" sid="571" onid="8572" tsid="324" />
    <channel service_ref="1:0:1:0008:0144:217c:eeee0000:0:0:0:" name="TOP TECH" service_name="TOP TECH" provider="ANTENNATRE" sid="8" onid="8572" tsid="324" />
    <channel service_ref="1:0:1:0fae:0144:217c:eeee0000:0:0:0:" name="ViVo Pavia" service_name="ViVo Pavia" provider="ViVo Pavia" sid="4014" onid="8572" tsid="324" />
  </bouquet>
</zapit>
