<?xml version='1.0' encoding='utf-8'?>
<zapit>
  <bouquet name="General" category="tv">
    <channel service_ref="1:0:1:002b:0001:0001:001e2d86:0:0:0:" name="2M MENA" service_name="2M MENA" provider="2M" sid="43" onid="1" tsid="1" />
    <channel service_ref="1:0:1:002a:0001:0001:001e2d86:0:0:0:" name="2M Monde" service_name="2M Monde" provider="2M" sid="42" onid="1" tsid="1" />
    <channel service_ref="1:0:1:0029:0001:0001:001e2d86:0:0:0:" name="2M National" service_name="2M National" provider="2M" sid="41" onid="1" tsid="1" />
    <channel service_ref="1:0:1:0001:0000:0000:001e2d82:0:0:0:" name="AIC" service_name="AIC" provider="Encoder" sid="1" onid="0" tsid="0" />
    <channel service_ref="1:0:1:0c1c:0069:212c:001e0000:0:0:0:" name="ALPHA" service_name="ALPHA" provider="DIGEA" sid="3100" onid="8492" tsid="105" />
    <channel service_ref="1:0:1:0ce4:0069:212c:001e0000:0:0:0:" name="ANT1" service_name="ANT1" provider="DIGEA" sid="3300" onid="8492" tsid="105" />
    <channel service_ref="1:0:1:0001:0001:ffff:001e2cbf:0:0:0:" name="Benghazi office" service_name="Benghazi office" provider="Total Media Cast" sid="1" onid="65535" tsid="1" />
    <channel service_ref="1:0:1:0041:0001:0001:001e2a95:0:0:0:" name="GLOBAL TV AFRICA" service_name="GLOBAL TV AFRICA" provider="" sid="65" onid="1" tsid="1" />
    <channel service_ref="1:0:1:0e74:0069:212c:001e0000:0:0:0:" name="m.TV" service_name="m.TV" provider="DIGEA" sid="3700" onid="8492" tsid="105" />
    <channel service_ref="1:0:1:0e10:0069:212c:001e0000:0:0:0:" name="MEGA" service_name="MEGA" provider="DIGEA" sid="3600" onid="8492" tsid="105" />
    <channel service_ref="1:0:1:0d48:0069:212c:001e0000:0:0:0:" name="OPEN BEYOND" service_name="OPEN BEYOND" provider="DIGEA" sid="3400" onid="8492" tsid="105" />
    <channel service_ref="1:0:1:002c:0001:0001:001e2d86:0:0:0:" name="Radio 2M" service_name="Radio 2M" provider="2M" sid="44" onid="1" tsid="1" />
    <channel service_ref="1:0:1:0001:0001:ffff:001e2daa:0:0:0:" name="Service-1" service_name="Service-1" provider="Service Provider" sid="1" onid="65535" tsid="1" />
    <channel service_ref="1:0:1:0c80:0069:212c:001e0000:0:0:0:" name="SKAI" service_name="SKAI" provider="DIGEA" sid="3200" onid="8492" tsid="105" />
    <channel service_ref="1:0:1:0dac:0069:212c:001e0000:0:0:0:" name="STAR" service_name="STAR" provider="DIGEA" sid="3500" onid="8492" tsid="105" />
    <channel service_ref="1:0:1:0001:0000:0000:001eb0db:0:0:0:" name="TV HD" service_name="TV HD" provider="none" sid="1" onid="0" tsid="0" />
    <channel service_ref="1:0:1:0002:0000:0000:001eb0db:0:0:0:" name="TV1" service_name="TV1" provider="" sid="2" onid="0" tsid="0" />
    <channel service_ref="1:0:1:0001:0001:ffff:001e2da8:0:0:0:" name="W.TV WATTEN" service_name="W.TV WATTEN" provider="Service Provider" sid="1" onid="65535" tsid="1" />
  </bouquet>
  <bouquet name="Resolution - HD" category="tv">
    <channel service_ref="1:0:1:0001:0000:0000:001eb0db:0:0:0:" name="TV HD" service_name="TV HD" provider="none" sid="1" onid="0" tsid="0" />
  </bouquet>
  <bouquet name="Others" category="tv">
    <channel service_ref="1:0:1:002b:0001:0001:001e2d86:0:0:0:" name="2M MENA" service_name="2M MENA" provider="2M" sid="43" onid="1" tsid="1" />
    <channel service_ref="1:0:1:002a:0001:0001:001e2d86:0:0:0:" name="2M Monde" service_name="2M Monde" provider="2M" sid="42" onid="1" tsid="1" />
    <channel service_ref="1:0:1:0029:0001:0001:001e2d86:0:0:0:" name="2M National" service_name="2M National" provider="2M" sid="41" onid="1" tsid="1" />
    <channel service_ref="1:0:1:0001:0000:0000:001e2d82:0:0:0:" name="AIC" service_name="AIC" provider="Encoder" sid="1" onid="0" tsid="0" />
    <channel service_ref="1:0:1:0c1c:0069:212c:001e0000:0:0:0:" name="ALPHA" service_name="ALPHA" provider="DIGEA" sid="3100" onid="8492" tsid="105" />
    <channel service_ref="1:0:1:0ce4:0069:212c:001e0000:0:0:0:" name="ANT1" service_name="ANT1" provider="DIGEA" sid="3300" onid="8492" tsid="105" />
    <channel service_ref="1:0:1:0001:0001:ffff:001e2cbf:0:0:0:" name="Benghazi office" service_name="Benghazi office" provider="Total Media Cast" sid="1" onid="65535" tsid="1" />
    <channel service_ref="1:0:1:0041:0001:0001:001e2a95:0:0:0:" name="GLOBAL TV AFRICA" service_name="GLOBAL TV AFRICA" provider="" sid="65" onid="1" tsid="1" />
    <channel service_ref="1:0:1:0e74:0069:212c:001e0000:0:0:0:" name="m.TV" service_name="m.TV" provider="DIGEA" sid="3700" onid="8492" tsid="105" />
    <channel service_ref="1:0:1:0e10:0069:212c:001e0000:0:0:0:" name="MEGA" service_name="MEGA" provider="DIGEA" sid="3600" onid="8492" tsid="105" />
    <channel service_ref="1:0:1:0d48:0069:212c:001e0000:0:0:0:" name="OPEN BEYOND" service_name="OPEN BEYOND" provider="DIGEA" sid="3400" onid="8492" tsid="105" />
    <channel service_ref="1:0:1:002c:0001:0001:001e2d86:0:0:0:" name="Radio 2M" service_name="Radio 2M" provider="2M" sid="44" onid="1" tsid="1" />
    <channel service_ref="1:0:1:0001:0001:ffff:001e2daa:0:0:0:" name="Service-1" service_name="Service-1" provider="Service Provider" sid="1" onid="65535" tsid="1" />
    <channel service_ref="1:0:1:0c80:0069:212c:001e0000:0:0:0:" name="SKAI" service_name="SKAI" provider="DIGEA" sid="3200" onid="8492" tsid="105" />
    <channel service_ref="1:0:1:0dac:0069:212c:001e0000:0:0:0:" name="STAR" service_name="STAR" provider="DIGEA" sid="3500" onid="8492" tsid="105" />
    <channel service_ref="1:0:1:0001:0000:0000:001eb0db:0:0:0:" name="TV HD" service_name="TV HD" provider="none" sid="1" onid="0" tsid="0" />
    <channel service_ref="1:0:1:0002:0000:0000:001eb0db:0:0:0:" name="TV1" service_name="TV1" provider="" sid="2" onid="0" tsid="0" />
    <channel service_ref="1:0:1:0001:0001:ffff:001e2da8:0:0:0:" name="W.TV WATTEN" service_name="W.TV WATTEN" provider="Service Provider" sid="1" onid="65535" tsid="1" />
  </bouquet>
</zapit>
