<?xml version='1.0' encoding='utf-8'?>
<zapit>
  <bouquet name="General" category="tv">
    <channel service_ref="1:0:25:1c00:1000:0001:0cfdace7:0:0:0:" name="301." service_name="301." provider="BBC" sid="7168" onid="1" tsid="4096" />
    <channel service_ref="1:0:25:11c0:1000:0001:0cfdace7:0:0:0:" name="BBC Four" service_name="BBC Four" provider="BBC" sid="4544" onid="1" tsid="4096" />
    <channel service_ref="1:0:25:0486:1000:0001:0cfdace7:0:0:0:" name="BBC HD" service_name="BBC HD" provider="BBC" sid="1158" onid="1" tsid="4096" />
    <channel service_ref="1:0:25:044c:1000:0001:0cfdace7:0:0:0:" name="BBC News" service_name="BBC News" provider="BBC" sid="1100" onid="1" tsid="4096" />
    <channel service_ref="1:0:25:019e:1000:0001:0cfdace7:0:0:0:" name="BBC One England" service_name="BBC One England" provider="BBC" sid="414" onid="1" tsid="4096" />
    <channel service_ref="1:0:25:04a0:1000:0001:0cfdace7:0:0:0:" name="BBC One HD" service_name="BBC One HD" provider="BBC" sid="1184" onid="1" tsid="4096" />
    <channel service_ref="1:0:25:107d:1000:0001:0cfdace7:0:0:0:" name="BBC One Northern Ireland" service_name="BBC One Northern Ireland" provider="BBC" sid="4221" onid="1" tsid="4096" />
    <channel service_ref="1:0:25:107c:1000:0001:0cfdace7:0:0:0:" name="BBC One Scotland" service_name="BBC One Scotland" provider="BBC" sid="4220" onid="1" tsid="4096" />
    <channel service_ref="1:0:25:107e:1000:0001:0cfdace7:0:0:0:" name="BBC One Wales" service_name="BBC One Wales" provider="BBC" sid="4222" onid="1" tsid="4096" />
    <channel service_ref="1:0:25:01f4:1000:0001:0cfdace7:0:0:0:" name="BBC Parliament" service_name="BBC Parliament" provider="BBC" sid="500" onid="1" tsid="4096" />
    <channel service_ref="1:0:25:10bf:1000:0001:0cfdace7:0:0:0:" name="BBC Two England" service_name="BBC Two England" provider="BBC" sid="4287" onid="1" tsid="4096" />
    <channel service_ref="1:0:25:04b0:1000:0001:0cfdace7:0:0:0:" name="CBBC" service_name="CBBC" provider="BBC" sid="1200" onid="1" tsid="4096" />
    <channel service_ref="1:0:25:04d8:1000:0001:0cfdace7:0:0:0:" name="CBeebies" service_name="CBeebies" provider="BBC" sid="1240" onid="1" tsid="4096" />
    <channel service_ref="1:0:25:04aa:1000:0001:0cfdace7:0:0:0:" name="Channel 4 HD" service_name="Channel 4 HD" provider="Channel 4 Broadcasting" sid="1194" onid="1" tsid="4096" />
    <channel service_ref="1:0:25:11bc:1000:0001:0cfdace7:0:0:0:" name="Channel 5 HD" service_name="Channel 5 HD" provider="BBC" sid="4540" onid="1" tsid="4096" />
    <channel service_ref="1:0:25:4f80:1000:0001:0cfdace7:0:0:0:" name="Film4 +1" service_name="Film4 +1" provider="Channel 4" sid="20352" onid="1" tsid="4096" />
    <channel service_ref="1:0:25:44c8:1000:0001:0cfdace7:0:0:0:" name="ITV 1 Central West HD" service_name="ITV 1 Central West HD" provider="ITV" sid="17608" onid="1" tsid="4096" />
    <channel service_ref="1:0:25:45c0:1000:0001:0cfdace7:0:0:0:" name="STV HD" service_name="STV HD" provider="STV" sid="17856" onid="1" tsid="4096" />
    <channel service_ref="1:0:25:4e80:1000:0001:0cfdace7:0:0:0:" name="UTV HD" service_name="UTV HD" provider="UTV" sid="20096" onid="1" tsid="4096" />
  </bouquet>
  <bouquet name="Movies" category="tv">
    <channel service_ref="1:0:25:4f80:1000:0001:0cfdace7:0:0:0:" name="Film4 +1" service_name="Film4 +1" provider="Channel 4" sid="20352" onid="1" tsid="4096" />
  </bouquet>
  <bouquet name="News" category="tv">
    <channel service_ref="1:0:25:044c:1000:0001:0cfdace7:0:0:0:" name="BBC News" service_name="BBC News" provider="BBC" sid="1100" onid="1" tsid="4096" />
  </bouquet>
  <bouquet name="ARD/ZDF" category="tv">
    <channel service_ref="1:0:25:04aa:1000:0001:0cfdace7:0:0:0:" name="Channel 4 HD" service_name="Channel 4 HD" provider="Channel 4 Broadcasting" sid="1194" onid="1" tsid="4096" />
  </bouquet>
  <bouquet name="BBC" category="tv">
    <channel service_ref="1:0:25:1c00:1000:0001:0cfdace7:0:0:0:" name="301." service_name="301." provider="BBC" sid="7168" onid="1" tsid="4096" />
    <channel service_ref="1:0:25:1c00:1000:0001:0cfdace7:0:0:0:" name="301." service_name="301." provider="BBC" sid="7168" onid="1" tsid="4096" />
    <channel service_ref="1:0:25:11c0:1000:0001:0cfdace7:0:0:0:" name="BBC Four" service_name="BBC Four" provider="BBC" sid="4544" onid="1" tsid="4096" />
    <channel service_ref="1:0:25:11c0:1000:0001:0cfdace7:0:0:0:" name="BBC Four" service_name="BBC Four" provider="BBC" sid="4544" onid="1" tsid="4096" />
    <channel service_ref="1:0:25:0486:1000:0001:0cfdace7:0:0:0:" name="BBC HD" service_name="BBC HD" provider="BBC" sid="1158" onid="1" tsid="4096" />
    <channel service_ref="1:0:25:0486:1000:0001:0cfdace7:0:0:0:" name="BBC HD" service_name="BBC HD" provider="BBC" sid="1158" onid="1" tsid="4096" />
    <channel service_ref="1:0:25:044c:1000:0001:0cfdace7:0:0:0:" name="BBC News" service_name="BBC News" provider="BBC" sid="1100" onid="1" tsid="4096" />
    <channel service_ref="1:0:25:019e:1000:0001:0cfdace7:0:0:0:" name="BBC One England" service_name="BBC One England" provider="BBC" sid="414" onid="1" tsid="4096" />
    <channel service_ref="1:0:25:019e:1000:0001:0cfdace7:0:0:0:" name="BBC One England" service_name="BBC One England" provider="BBC" sid="414" onid="1" tsid="4096" />
    <channel service_ref="1:0:25:04a0:1000:0001:0cfdace7:0:0:0:" name="BBC One HD" service_name="BBC One HD" provider="BBC" sid="1184" onid="1" tsid="4096" />
    <channel service_ref="1:0:25:04a0:1000:0001:0cfdace7:0:0:0:" name="BBC One HD" service_name="BBC One HD" provider="BBC" sid="1184" onid="1" tsid="4096" />
    <channel service_ref="1:0:25:107d:1000:0001:0cfdace7:0:0:0:" name="BBC One Northern Ireland" service_name="BBC One Northern Ireland" provider="BBC" sid="4221" onid="1" tsid="4096" />
    <channel service_ref="1:0:25:107d:1000:0001:0cfdace7:0:0:0:" name="BBC One Northern Ireland" service_name="BBC One Northern Ireland" provider="BBC" sid="4221" onid="1" tsid="4096" />
    <channel service_ref="1:0:25:107c:1000:0001:0cfdace7:0:0:0:" name="BBC One Scotland" service_name="BBC One Scotland" provider="BBC" sid="4220" onid="1" tsid="4096" />
    <channel service_ref="1:0:25:107c:1000:0001:0cfdace7:0:0:0:" name="BBC One Scotland" service_name="BBC One Scotland" provider="BBC" sid="4220" onid="1" tsid="4096" />
    <channel service_ref="1:0:25:107e:1000:0001:0cfdace7:0:0:0:" name="BBC One Wales" service_name="BBC One Wales" provider="BBC" sid="4222" onid="1" tsid="4096" />
    <channel service_ref="1:0:25:107e:1000:0001:0cfdace7:0:0:0:" name="BBC One Wales" service_name="BBC One Wales" provider="BBC" sid="4222" onid="1" tsid="4096" />
    <channel service_ref="1:0:25:01f4:1000:0001:0cfdace7:0:0:0:" name="BBC Parliament" service_name="BBC Parliament" provider="BBC" sid="500" onid="1" tsid="4096" />
    <channel service_ref="1:0:25:01f4:1000:0001:0cfdace7:0:0:0:" name="BBC Parliament" service_name="BBC Parliament" provider="BBC" sid="500" onid="1" tsid="4096" />
    <channel service_ref="1:0:25:10bf:1000:0001:0cfdace7:0:0:0:" name="BBC Two England" service_name="BBC Two England" provider="BBC" sid="4287" onid="1" tsid="4096" />
    <channel service_ref="1:0:25:10bf:1000:0001:0cfdace7:0:0:0:" name="BBC Two England" service_name="BBC Two England" provider="BBC" sid="4287" onid="1" tsid="4096" />
    <channel service_ref="1:0:25:04b0:1000:0001:0cfdace7:0:0:0:" name="CBBC" service_name="CBBC" provider="BBC" sid="1200" onid="1" tsid="4096" />
    <channel service_ref="1:0:25:04b0:1000:0001:0cfdace7:0:0:0:" name="CBBC" service_name="CBBC" provider="BBC" sid="1200" onid="1" tsid="4096" />
    <channel service_ref="1:0:25:04d8:1000:0001:0cfdace7:0:0:0:" name="CBeebies" service_name="CBeebies" provider="BBC" sid="1240" onid="1" tsid="4096" />
    <channel service_ref="1:0:25:04d8:1000:0001:0cfdace7:0:0:0:" name="CBeebies" service_name="CBeebies" provider="BBC" sid="1240" onid="1" tsid="4096" />
    <channel service_ref="1:0:25:11bc:1000:0001:0cfdace7:0:0:0:" name="Channel 5 HD" service_name="Channel 5 HD" provider="BBC" sid="4540" onid="1" tsid="4096" />
    <channel service_ref="1:0:25:11bc:1000:0001:0cfdace7:0:0:0:" name="Channel 5 HD" service_name="Channel 5 HD" provider="BBC" sid="4540" onid="1" tsid="4096" />
  </bouquet>
  <bouquet name="Resolution - HD" category="tv">
    <channel service_ref="1:0:25:0486:1000:0001:0cfdace7:0:0:0:" name="BBC HD" service_name="BBC HD" provider="BBC" sid="1158" onid="1" tsid="4096" />
    <channel service_ref="1:0:25:04a0:1000:0001:0cfdace7:0:0:0:" name="BBC One HD" service_name="BBC One HD" provider="BBC" sid="1184" onid="1" tsid="4096" />
    <channel service_ref="1:0:25:04aa:1000:0001:0cfdace7:0:0:0:" name="Channel 4 HD" service_name="Channel 4 HD" provider="Channel 4 Broadcasting" sid="1194" onid="1" tsid="4096" />
    <channel service_ref="1:0:25:11bc:1000:0001:0cfdace7:0:0:0:" name="Channel 5 HD" service_name="Channel 5 HD" provider="BBC" sid="4540" onid="1" tsid="4096" />
    <channel service_ref="1:0:25:44c8:1000:0001:0cfdace7:0:0:0:" name="ITV 1 Central West HD" service_name="ITV 1 Central West HD" provider="ITV" sid="17608" onid="1" tsid="4096" />
    <channel service_ref="1:0:25:45c0:1000:0001:0cfdace7:0:0:0:" name="STV HD" service_name="STV HD" provider="STV" sid="17856" onid="1" tsid="4096" />
    <channel service_ref="1:0:25:4e80:1000:0001:0cfdace7:0:0:0:" name="UTV HD" service_name="UTV HD" provider="UTV" sid="20096" onid="1" tsid="4096" />
  </bouquet>
  <bouquet name="Others" category="tv">
    <channel service_ref="1:0:25:44c8:1000:0001:0cfdace7:0:0:0:" name="ITV 1 Central West HD" service_name="ITV 1 Central West HD" provider="ITV" sid="17608" onid="1" tsid="4096" />
    <channel service_ref="1:0:25:45c0:1000:0001:0cfdace7:0:0:0:" name="STV HD" service_name="STV HD" provider="STV" sid="17856" onid="1" tsid="4096" />
    <channel service_ref="1:0:25:4e80:1000:0001:0cfdace7:0:0:0:" name="UTV HD" service_name="UTV HD" provider="UTV" sid="20096" onid="1" tsid="4096" />
  </bouquet>
  <bouquet name="UK" category="tv">
    <channel service_ref="1:0:25:44c8:1000:0001:0cfdace7:0:0:0:" name="ITV 1 Central West HD" service_name="ITV 1 Central West HD" provider="ITV" sid="17608" onid="1" tsid="4096" />
  </bouquet>
</zapit>
