<?xml version='1.0' encoding='utf-8'?>
<zapit api="4">
  <terrestrials>
    <terrestrial key="eeee0000:2000:217c" name="Rai-Way" namespace="0xeeee0000">
      <transponder key="eeee0000:2000:217c" frequency="578000000" symbol_rate="0" polarization="H" fec="5" system="0" modulation="4">
        <service id="0x0010" sid="16" name="Antenna 2" type="1" provider="Rai Way" onid="8572" tsid="8192" namespace="0xeeee0000" />
        <service id="0x000c" sid="12" name="Antenna 3 HD." type="1" provider="Rai Way" onid="8572" tsid="8192" namespace="0xeeee0000" />
        <service id="0x0012" sid="18" name="CANALE ITALIA +" type="1" provider="Rai Way" onid="8572" tsid="8192" namespace="0xeeee0000" />
        <service id="0x001d" sid="29" name="CR 1" type="25" provider="Rai Way" onid="8572" tsid="8192" namespace="0xeeee0000" />
        <service id="0x001a" sid="26" name="GIOCABET.TV" type="1" provider="Rai Way" onid="8572" tsid="8192" namespace="0xeeee0000" />
        <service id="0x005e" sid="94" name="ITALIA 8 PRESTIGE" type="1" provider="Rai Way" onid="8572" tsid="8192" namespace="0xeeee0000" />
        <service id="0x000f" sid="15" name="Milano Pavia TV" type="1" provider="Rai Way" onid="8572" tsid="8192" namespace="0xeeee0000" />
        <service id="0x001f" sid="31" name="Milano Pavia TV" type="1" provider="Rai Way" onid="8572" tsid="8192" namespace="0xeeee0000" />
        <service id="0x001c" sid="28" name="MILANOW." type="1" provider="Rai Way" onid="8572" tsid="8192" namespace="0xeeee0000" />
        <service id="0x001b" sid="27" name="RETE 7" type="25" provider="Rai Way" onid="8572" tsid="8192" namespace="0xeeee0000" />
        <service id="0x001e" sid="30" name="TeleBoario" type="25" provider="Rai Way" onid="8572" tsid="8192" namespace="0xeeee0000" />
        <service id="0x000d" sid="13" name="TELECOLOR." type="1" provider="Rai Way" onid="8572" tsid="8192" namespace="0xeeee0000" />
        <service id="0x000a" sid="10" name="Telelombardia HD." type="1" provider="Rai Way" onid="8572" tsid="8192" namespace="0xeeee0000" />
        <service id="0x000e" sid="14" name="TELEREPORTER" type="1" provider="Rai Way" onid="8572" tsid="8192" namespace="0xeeee0000" />
        <service id="0x000b" sid="11" name="TopCalcio24 HD." type="1" provider="Rai Way" onid="8572" tsid="8192" namespace="0xeeee0000" />
        <service id="0x0011" sid="17" name="TRS" type="1" provider="Rai Way" onid="8572" tsid="8192" namespace="0xeeee0000" />
        <service id="0x0013" sid="19" name="TVS Televallassina" type="25" provider="Rai Way" onid="8572" tsid="8192" namespace="0xeeee0000" />
      </transponder>
    </terrestrial>
  </terrestrials>
</zapit>
