<?xml version='1.0' encoding='utf-8'?>
<zapit api="4">
  <satellites>
    <satellite key="00a00000:0001:016e" name="Eutelsat-16.0E" namespace="0x00a00000" position="16">
      <transponder key="00a00000:0001:016e" frequency="11262000" symbol_rate="30000000" polarization="H" fec="2" system="0" modulation="0">
        <service id="0x0029" sid="41" name="Al Jazeera Balkans HD" type="25" provider="TEAM:SAT" onid="366" tsid="1" namespace="0x00a00000" />
        <service id="0x004c" sid="76" name="AMC Balkan" type="22" provider="TEAM:SAT" onid="366" tsid="1" namespace="0x00a00000" />
        <service id="0x000c" sid="12" name="BN BIH HD" type="25" provider="TEAM:SAT" onid="366" tsid="1" namespace="0x00a00000" />
        <service id="0x0005" sid="5" name="BN Music HD" type="25" provider="TEAM:SAT" onid="366" tsid="1" namespace="0x00a00000" />
        <service id="0x0004" sid="4" name="BN SAT HD" type="25" provider="TEAM:SAT" onid="366" tsid="1" namespace="0x00a00000" />
        <service id="0x004a" sid="74" name="Duga Plus" type="22" provider="TEAM:SAT" onid="366" tsid="1" namespace="0x00a00000" />
        <service id="0x002b" sid="43" name="MINIMAX" type="22" provider="TEAM:SAT" onid="366" tsid="1" namespace="0x00a00000" />
        <service id="0x000a" sid="10" name="Bobar Radio" type="2" provider="TEAM:SAT" onid="366" tsid="1" namespace="0x00a00000" radio="1" />
        <service id="0x000b" sid="11" name="Radio BIR" type="2" provider="TEAM:SAT" onid="366" tsid="1" namespace="0x00a00000" radio="1" />
        <service id="0x000d" sid="13" name="Radio Mir Medjugorje" type="2" provider="TEAM:SAT" onid="366" tsid="1" namespace="0x00a00000" radio="1" />
        <service id="0x000e" sid="14" name="Radio MIX" type="2" provider="TEAM:SAT" onid="366" tsid="1" namespace="0x00a00000" radio="1" />
        <service id="0x0008" sid="8" name="Radio Stari Grad" type="2" provider="TEAM:SAT" onid="366" tsid="1" namespace="0x00a00000" radio="1" />
        <service id="0x0032" sid="50" name="RM Albania" type="2" provider="TEAM:SAT" onid="366" tsid="1" namespace="0x00a00000" radio="1" />
        <service id="0x0033" sid="51" name="RM BiH" type="2" provider="TEAM:SAT" onid="366" tsid="1" namespace="0x00a00000" radio="1" />
        <service id="0x0036" sid="54" name="RM Hungary" type="2" provider="TEAM:SAT" onid="366" tsid="1" namespace="0x00a00000" radio="1" />
        <service id="0x0034" sid="52" name="RM Kosovo" type="2" provider="TEAM:SAT" onid="366" tsid="1" namespace="0x00a00000" radio="1" />
        <service id="0x007f" sid="127" name="RM Romania HU" type="2" provider="TEAM:SAT" onid="366" tsid="1" namespace="0x00a00000" radio="1" />
        <service id="0x007e" sid="126" name="RM Romania RO" type="2" provider="TEAM:SAT" onid="366" tsid="1" namespace="0x00a00000" radio="1" />
        <service id="0x007d" sid="125" name="RM Serbia HU" type="2" provider="TEAM:SAT" onid="366" tsid="1" namespace="0x00a00000" radio="1" />
        <service id="0x007c" sid="124" name="RM Serbia SRB" type="2" provider="TEAM:SAT" onid="366" tsid="1" namespace="0x00a00000" radio="1" />
        <service id="0x002a" sid="42" name="Studio 99" type="2" provider="TEAM:SAT" onid="366" tsid="1" namespace="0x00a00000" radio="1" />
      </transponder>
    </satellite>
    <satellite key="00a00000:0001:0040" name="Eutelsat-16.0E" namespace="0x00a00000" position="16">
      <transponder key="00a00000:0001:0040" frequency="11512000" symbol_rate="30000000" polarization="H" fec="3" system="0" modulation="0">
        <service id="0x002a" sid="42" name="11512H SID 0x42" type="1" provider="DVB-S2 8PSK 11512H 16.0Â°E" onid="64" tsid="1" namespace="0x00a00000" />
        <service id="0x006c" sid="108" name="Arena Sport 3 HD." type="25" provider="T-HT" onid="64" tsid="1" namespace="0x00a00000" />
        <service id="0x009a" sid="154" name="Aurora TV." type="22" provider="T-HT" onid="64" tsid="1" namespace="0x00a00000" />
        <service id="0x0016" sid="22" name="Baby TV." type="22" provider="T-HT" onid="64" tsid="1" namespace="0x00a00000" />
        <service id="0x002c" sid="44" name="BBC Earth." type="22" provider="T-HT" onid="64" tsid="1" namespace="0x00a00000" />
        <service id="0x0017" sid="23" name="Cartoon Network." type="22" provider="T-HT" onid="64" tsid="1" namespace="0x00a00000" />
        <service id="0x0015" sid="21" name="Cartoonito." type="22" provider="T-HT" onid="64" tsid="1" namespace="0x00a00000" />
        <service id="0x002f" sid="47" name="Cinestar Fantasy." type="22" provider="T-HT" onid="64" tsid="1" namespace="0x00a00000" />
        <service id="0x002e" sid="46" name="Disney Junior." type="22" provider="T-HT" onid="64" tsid="1" namespace="0x00a00000" />
        <service id="0x0014" sid="20" name="Disney." type="22" provider="T-HT" onid="64" tsid="1" namespace="0x00a00000" />
        <service id="0x003e" sid="62" name="FOX Crime." type="22" provider="T-HT" onid="64" tsid="1" namespace="0x00a00000" />
        <service id="0x003d" sid="61" name="FOX Life." type="22" provider="T-HT" onid="64" tsid="1" namespace="0x00a00000" />
        <service id="0x003c" sid="60" name="Jugoton TV." type="22" provider="T-HT" onid="64" tsid="1" namespace="0x00a00000" />
        <service id="0x00d9" sid="217" name="MAXSport 1." type="25" provider="T-HT" onid="64" tsid="1" namespace="0x00a00000" />
        <service id="0x001e" sid="30" name="Nickelodeon HR." type="22" provider="T-HT" onid="64" tsid="1" namespace="0x00a00000" />
        <service id="0x001f" sid="31" name="NickJr CRO." type="22" provider="T-HT" onid="64" tsid="1" namespace="0x00a00000" />
        <service id="0x000f" sid="15" name="RTL Kockica." type="22" provider="T-HT" onid="64" tsid="1" namespace="0x00a00000" />
        <service id="0x000e" sid="14" name="RTL Living." type="22" provider="T-HT" onid="64" tsid="1" namespace="0x00a00000" />
      </transponder>
    </satellite>
    <satellite key="00a00000:0002:0040" name="Eutelsat-16.0E" namespace="0x00a00000" position="16">
      <transponder key="00a00000:0002:0040" frequency="11595000" symbol_rate="30000000" polarization="H" fec="3" system="0" modulation="0">
        <service id="0x0021" sid="33" name="Arena Sport 7 HD." type="25" provider="T-HT" onid="64" tsid="2" namespace="0x00a00000" />
        <service id="0x004e" sid="78" name="CMC - Croatian Music Channel." type="22" provider="T-HT" onid="64" tsid="2" namespace="0x00a00000" />
        <service id="0x008c" sid="140" name="CNN." type="22" provider="T-HT" onid="64" tsid="2" namespace="0x00a00000" />
        <service id="0x0033" sid="51" name="Da Vinci Learning." type="22" provider="T-HT" onid="64" tsid="2" namespace="0x00a00000" />
        <service id="0x005d" sid="93" name="Extreme Sports." type="22" provider="T-HT" onid="64" tsid="2" namespace="0x00a00000" />
        <service id="0x003e" sid="62" name="FOX Movies." type="22" provider="T-HT" onid="64" tsid="2" namespace="0x00a00000" />
        <service id="0x00c5" sid="197" name="Fox." type="22" provider="T-HT" onid="64" tsid="2" namespace="0x00a00000" />
        <service id="0x000f" sid="15" name="History Channel." type="22" provider="T-HT" onid="64" tsid="2" namespace="0x00a00000" />
        <service id="0x007f" sid="127" name="HRT1 HD." type="22" provider="T-HT" onid="64" tsid="2" namespace="0x00a00000" />
        <service id="0x0028" sid="40" name="HRT2 HD." type="25" provider="T-HT" onid="64" tsid="2" namespace="0x00a00000" />
        <service id="0x001d" sid="29" name="M1 Gold." type="22" provider="T-HT" onid="64" tsid="2" namespace="0x00a00000" />
        <service id="0x0020" sid="32" name="MAXSport 2." type="25" provider="T-HT" onid="64" tsid="2" namespace="0x00a00000" />
        <service id="0x007e" sid="126" name="MTV 80s." type="22" provider="T-HT" onid="64" tsid="2" namespace="0x00a00000" />
        <service id="0x00c2" sid="194" name="OTV Valentino." type="22" provider="T-HT" onid="64" tsid="2" namespace="0x00a00000" />
        <service id="0x00c3" sid="195" name="PrivateTV." type="22" provider="T-HT" onid="64" tsid="2" namespace="0x00a00000" />
        <service id="0x00c0" sid="192" name="RTL Crime." type="22" provider="T-HT" onid="64" tsid="2" namespace="0x00a00000" />
        <service id="0x00a6" sid="166" name="RTL Passion." type="22" provider="T-HT" onid="64" tsid="2" namespace="0x00a00000" />
        <service id="0x009b" sid="155" name="TVCG MNE." type="22" provider="T-HT" onid="64" tsid="2" namespace="0x00a00000" />
        <service id="0x00c1" sid="193" name="Vivid Touch." type="22" provider="T-HT" onid="64" tsid="2" namespace="0x00a00000" />
        <service id="0x002b" sid="43" name="Z1" type="22" provider="T-HT" onid="64" tsid="2" namespace="0x00a00000" />
        <service id="0x00cb" sid="203" name="Antena Zagreb." type="2" provider="T-HT" onid="64" tsid="2" namespace="0x00a00000" radio="1" />
        <service id="0x00ca" sid="202" name="bravo!." type="2" provider="T-HT" onid="64" tsid="2" namespace="0x00a00000" radio="1" />
        <service id="0x00db" sid="219" name="Enter ZG." type="2" provider="T-HT" onid="64" tsid="2" namespace="0x00a00000" radio="1" />
        <service id="0x00d4" sid="212" name="Happy FM." type="2" provider="T-HT" onid="64" tsid="2" namespace="0x00a00000" radio="1" />
        <service id="0x00dc" sid="220" name="ORV Valentino." type="2" provider="T-HT" onid="64" tsid="2" namespace="0x00a00000" radio="1" />
        <service id="0x00c9" sid="201" name="Otvoreni." type="2" provider="T-HT" onid="64" tsid="2" namespace="0x00a00000" radio="1" />
        <service id="0x00da" sid="218" name="R. Mediaservis" type="2" provider="T-HT" onid="64" tsid="2" namespace="0x00a00000" radio="1" />
        <service id="0x00d3" sid="211" name="R.Marija." type="2" provider="T-HT" onid="64" tsid="2" namespace="0x00a00000" radio="1" />
        <service id="0x009c" sid="156" name="Radio CG." type="2" provider="T-HT" onid="64" tsid="2" namespace="0x00a00000" radio="1" />
        <service id="0x00df" sid="223" name="Radio Rovinj." type="2" provider="T-HT" onid="64" tsid="2" namespace="0x00a00000" radio="1" />
      </transponder>
    </satellite>
    <satellite key="00a00000:0003:0040" name="Eutelsat-16.0E" namespace="0x00a00000" position="16">
      <transponder key="00a00000:0003:0040" frequency="11678000" symbol_rate="30000000" polarization="H" fec="3" system="0" modulation="0">
        <service id="0x002a" sid="42" name="24 Kitchen." type="1" provider="T-HT" onid="64" tsid="3" namespace="0x00a00000" />
        <service id="0x019c" sid="412" name="Arena Sport 1 HD." type="25" provider="T-HT" onid="64" tsid="3" namespace="0x00a00000" />
        <service id="0x00be" sid="190" name="Arena Sport 5 HD." type="25" provider="T-HT" onid="64" tsid="3" namespace="0x00a00000" />
        <service id="0x002f" sid="47" name="Arena Sport 9 HD." type="22" provider="T-HT" onid="64" tsid="3" namespace="0x00a00000" />
        <service id="0x005a" sid="90" name="Balkan Trip." type="22" provider="T-HT" onid="64" tsid="3" namespace="0x00a00000" />
        <service id="0x00bf" sid="191" name="BlueHustler." type="22" provider="T-HT" onid="64" tsid="3" namespace="0x00a00000" />
        <service id="0x007a" sid="122" name="Club MTV." type="22" provider="T-HT" onid="64" tsid="3" namespace="0x00a00000" />
        <service id="0x007c" sid="124" name="DJazz.tv." type="22" provider="T-HT" onid="64" tsid="3" namespace="0x00a00000" />
        <service id="0x007e" sid="126" name="Doma TV." type="22" provider="T-HT" onid="64" tsid="3" namespace="0x00a00000" />
        <service id="0x002d" sid="45" name="History 2." type="22" provider="T-HT" onid="64" tsid="3" namespace="0x00a00000" />
        <service id="0x00c6" sid="198" name="HRT3." type="22" provider="T-HT" onid="64" tsid="3" namespace="0x00a00000" />
        <service id="0x012a" sid="298" name="HRT4." type="22" provider="T-HT" onid="64" tsid="3" namespace="0x00a00000" />
        <service id="0x00d8" sid="216" name="Klasik." type="22" provider="T-HT" onid="64" tsid="3" namespace="0x00a00000" />
        <service id="0x00d7" sid="215" name="LaudatoTV." type="22" provider="T-HT" onid="64" tsid="3" namespace="0x00a00000" />
        <service id="0x0050" sid="80" name="M1." type="22" provider="T-HT" onid="64" tsid="3" namespace="0x00a00000" />
        <service id="0x07e5" sid="2021" name="Maria Vision" type="22" provider="T-HT" onid="64" tsid="3" namespace="0x00a00000" />
        <service id="0x012d" sid="301" name="Mini TV." type="22" provider="T-HT" onid="64" tsid="3" namespace="0x00a00000" />
        <service id="0x007b" sid="123" name="MTV Hits." type="22" provider="T-HT" onid="64" tsid="3" namespace="0x00a00000" />
        <service id="0x0027" sid="39" name="Nova24 TV." type="22" provider="T-HT" onid="64" tsid="3" namespace="0x00a00000" />
        <service id="0x001a" sid="26" name="PickboxTV." type="22" provider="T-HT" onid="64" tsid="3" namespace="0x00a00000" />
        <service id="0x007d" sid="125" name="RTL2." type="22" provider="T-HT" onid="64" tsid="3" namespace="0x00a00000" />
        <service id="0x01ae" sid="430" name="SPTV." type="22" provider="T-HT" onid="64" tsid="3" namespace="0x00a00000" />
        <service id="0x002c" sid="44" name="TV Koper" type="22" provider="T-HT" onid="64" tsid="3" namespace="0x00a00000" />
        <service id="0x003b" sid="59" name="Viasat Nature." type="22" provider="T-HT" onid="64" tsid="3" namespace="0x00a00000" />
        <service id="0x005b" sid="91" name="Vivid Red." type="22" provider="T-HT" onid="64" tsid="3" namespace="0x00a00000" />
        <service id="0x0010" sid="16" name="Vivid TV." type="22" provider="T-HT" onid="64" tsid="3" namespace="0x00a00000" />
        <service id="0x002b" sid="43" name="Woman." type="22" provider="T-HT" onid="64" tsid="3" namespace="0x00a00000" />
        <service id="0x00ce" sid="206" name="Radio Maria Vision Medugorje" type="2" provider="T-HT" onid="64" tsid="3" namespace="0x00a00000" radio="1" />
      </transponder>
    </satellite>
    <satellite key="00a00000:0064:0064" name="Eutelsat-16.0E" namespace="0x00a00000" position="16">
      <transponder key="00a00000:0064:0064" frequency="12717000" symbol_rate="6250000" polarization="H" fec="3" system="0" modulation="0">
        <service id="0x000b" sid="11" name="Favorit FM" type="1" provider="ABC Plus Media" onid="100" tsid="100" namespace="0x00a00000" />
        <service id="0x000e" sid="14" name="Favorit TV" type="22" provider="" onid="100" tsid="100" namespace="0x00a00000" />
        <service id="0x000a" sid="10" name="N24 Plus" type="22" provider="" onid="100" tsid="100" namespace="0x00a00000" />
        <service id="0x000f" sid="15" name="National FM" type="1" provider="" onid="100" tsid="100" namespace="0x00a00000" />
      </transponder>
    </satellite>
    <satellite key="00a00000:0065:0001" name="Eutelsat-16.0E" namespace="0x00a00000" position="16">
      <transponder key="00a00000:0065:0001" frequency="12699000" symbol_rate="9880000" polarization="H" fec="2" system="0" modulation="0">
        <service id="0x0005" sid="5" name="CH 5 - Virtuali 2" type="1" provider="" onid="1" tsid="101" namespace="0x00a00000" />
        <service id="0x0019" sid="25" name="CH 55 - Virtuali 3" type="1" provider="Teleippica" onid="1" tsid="101" namespace="0x00a00000" />
        <service id="0x001b" sid="27" name="CH 57 - Virtuali 1" type="1" provider="TIP HD" onid="1" tsid="101" namespace="0x00a00000" />
        <service id="0x004d" sid="77" name="SNAI TV Audio Unico" type="1" provider="" onid="1" tsid="101" namespace="0x00a00000" />
        <service id="0x0007" sid="7" name="SNAI TV Virtuali 1" type="1" provider="" onid="1" tsid="101" namespace="0x00a00000" />
        <service id="0x0001" sid="1" name="Virtuali 4" type="17" provider="TIP" onid="1" tsid="101" namespace="0x00a00000" />
        <service id="0x001c" sid="28" name="EPQ C2" type="2" provider="" onid="1" tsid="101" namespace="0x00a00000" radio="1" />
      </transponder>
    </satellite>
    <satellite key="00a00000:00c8:0001" name="Eutelsat-16.0E" namespace="0x00a00000" position="16">
      <transponder key="00a00000:00c8:0001" frequency="11512000" symbol_rate="29950000" polarization="V" fec="2" system="0" modulation="0">
        <service id="0x0004" sid="4" name="TVR" type="1" provider="SRTV" onid="1" tsid="200" namespace="0x00a00000" />
        <service id="0x0003" sid="3" name="TVR 3" type="1" provider="SRTV" onid="1" tsid="200" namespace="0x00a00000" />
        <service id="0x0006" sid="6" name="TVR International" type="1" provider="SRTV" onid="1" tsid="200" namespace="0x00a00000" />
        <service id="0x000f" sid="15" name="Radio Romania Actualitati" type="10" provider="" onid="1" tsid="200" namespace="0x00a00000" radio="1" />
        <service id="0x000c" sid="12" name="Radio Romania Antena Satelor" type="10" provider="" onid="1" tsid="200" namespace="0x00a00000" radio="1" />
        <service id="0x000a" sid="10" name="Radio Romania Cultural" type="10" provider="" onid="1" tsid="200" namespace="0x00a00000" radio="1" />
        <service id="0x000d" sid="13" name="Radio Romania International 1" type="10" provider="" onid="1" tsid="200" namespace="0x00a00000" radio="1" />
        <service id="0x001a" sid="26" name="Radio Romania International 2" type="10" provider="" onid="1" tsid="200" namespace="0x00a00000" radio="1" />
        <service id="0x001b" sid="27" name="Radio Romania International 3" type="10" provider="" onid="1" tsid="200" namespace="0x00a00000" radio="1" />
        <service id="0x000b" sid="11" name="Radio Romania Muzical" type="10" provider="" onid="1" tsid="200" namespace="0x00a00000" radio="1" />
      </transponder>
    </satellite>
    <satellite key="00a00000:012c:0003" name="Eutelsat-16.0E" namespace="0x00a00000" position="16">
      <transponder key="00a00000:012c:0003" frequency="12568000" symbol_rate="16665000" polarization="V" fec="2" system="0" modulation="0">
        <service id="0x000a" sid="10" name="Alfa Omega TV" type="1" provider="Djemba IT C" onid="3" tsid="300" namespace="0x00a00000" />
        <service id="0x000f" sid="15" name="Credo TV" type="1" provider="Djemba ITC" onid="3" tsid="300" namespace="0x00a00000" />
        <service id="0x000d" sid="13" name="Realitatea Plus" type="22" provider="" onid="3" tsid="300" namespace="0x00a00000" />
      </transponder>
    </satellite>
    <satellite key="00a00000:01f4:0005" name="Eutelsat-16.0E" namespace="0x00a00000" position="16">
      <transponder key="00a00000:01f4:0005" frequency="12643000" symbol_rate="27500000" polarization="V" fec="2" system="0" modulation="0">
        <service id="0x0007" sid="7" name="ACASA" type="22" provider="PROTV" onid="5" tsid="500" namespace="0x00a00000" />
        <service id="0x0001" sid="1" name="ACASA GOLD" type="22" provider="PROTV" onid="5" tsid="500" namespace="0x00a00000" />
        <service id="0x0004" sid="4" name="Boomerang" type="1" provider="" onid="5" tsid="500" namespace="0x00a00000" />
        <service id="0x00c9" sid="201" name="FEED" type="1" provider="S.R.T.V." onid="5" tsid="500" namespace="0x00a00000" />
        <service id="0x0002" sid="2" name="Kanal D" type="1" provider="" onid="5" tsid="500" namespace="0x00a00000" />
        <service id="0x0003" sid="3" name="National TV" type="1" provider="" onid="5" tsid="500" namespace="0x00a00000" />
        <service id="0x0006" sid="6" name="PRO ARENA" type="22" provider="PROTV" onid="5" tsid="500" namespace="0x00a00000" />
        <service id="0x0008" sid="8" name="PRO CINEMA" type="22" provider="PROTV" onid="5" tsid="500" namespace="0x00a00000" />
        <service id="0x0005" sid="5" name="PRO TV" type="22" provider="PROTV" onid="5" tsid="500" namespace="0x00a00000" />
        <service id="0x00c8" sid="200" name="SRTV Feed HD" type="1" provider="" onid="5" tsid="500" namespace="0x00a00000" />
        <service id="0x000f" sid="15" name="TVR Cluj" type="1" provider="SRTV" onid="5" tsid="500" namespace="0x00a00000" />
        <service id="0x000a" sid="10" name="TVR Craiova" type="1" provider="SRTV" onid="5" tsid="500" namespace="0x00a00000" />
        <service id="0x000b" sid="11" name="TVR Iasi" type="1" provider="SRTV" onid="5" tsid="500" namespace="0x00a00000" />
        <service id="0x000d" sid="13" name="TVR Tg Mures" type="1" provider="SRTV" onid="5" tsid="500" namespace="0x00a00000" />
        <service id="0x000c" sid="12" name="TVR Timisoara" type="1" provider="SRTV" onid="5" tsid="500" namespace="0x00a00000" />
        <service id="0x0009" sid="9" name="Warner TV" type="1" provider="" onid="5" tsid="500" namespace="0x00a00000" />
        <service id="0x0029" sid="41" name="Radio Trinitas" type="2" provider="Djemba IT&amp;C" onid="5" tsid="500" namespace="0x00a00000" radio="1" />
      </transponder>
    </satellite>
    <satellite key="00a00000:0a78:0001" name="Eutelsat-16.0E" namespace="0x00a00000" position="16">
      <transponder key="00a00000:0a78:0001" frequency="12593000" symbol_rate="2500000" polarization="V" fec="2" system="0" modulation="0">
        <service id="0x0001" sid="1" name="DM-SAT" type="1" provider="DM-SAT" onid="1" tsid="2680" namespace="0x00a00000" />
      </transponder>
    </satellite>
    <satellite key="00a00000:145c:0005" name="Eutelsat-16.0E" namespace="0x00a00000" position="16">
      <transponder key="00a00000:145c:0005" frequency="12516000" symbol_rate="19365000" polarization="V" fec="2" system="0" modulation="0">
        <service id="0x1db2" sid="7602" name="ACASA" type="1" provider="PROTV" onid="5" tsid="5212" namespace="0x00a00000" />
        <service id="0x1db7" sid="7607" name="ACASA GOLD" type="1" provider="PROTV" onid="5" tsid="5212" namespace="0x00a00000" />
        <service id="0x1db5" sid="7605" name="PRO ARENA" type="1" provider="PROTV" onid="5" tsid="5212" namespace="0x00a00000" />
        <service id="0x1db4" sid="7604" name="PRO Cinema" type="1" provider="PROTV" onid="5" tsid="5212" namespace="0x00a00000" />
        <service id="0x1db1" sid="7601" name="PRO TV" type="1" provider="PROTV" onid="5" tsid="5212" namespace="0x00a00000" />
        <service id="0x1db3" sid="7603" name="PRO TV International" type="1" provider="PROTV" onid="5" tsid="5212" namespace="0x00a00000" />
        <service id="0x1dba" sid="7610" name="TEST HD" type="1" provider="PROTV" onid="5" tsid="5212" namespace="0x00a00000" />
      </transponder>
    </satellite>
    <satellite key="00a00000:4f4c:016e" name="Eutelsat-16.0E" namespace="0x00a00000" position="16">
      <transponder key="00a00000:4f4c:016e" frequency="10762000" symbol_rate="30000000" polarization="H" fec="7" system="0" modulation="0">
        <service id="0x019a" sid="410" name="Bang Bang" type="1" provider="DigitALB" onid="366" tsid="20300" namespace="0x00a00000" />
        <service id="0x01a8" sid="424" name="EXP shkence" type="1" provider="DigitALB" onid="366" tsid="20300" namespace="0x00a00000" />
        <service id="0x05dc" sid="1500" name="Film Aksion HD" type="25" provider="DigitALB" onid="366" tsid="20300" namespace="0x00a00000" />
        <service id="0x05c8" sid="1480" name="Film Hits HD" type="25" provider="DigitALB" onid="366" tsid="20300" namespace="0x00a00000" />
        <service id="0x044c" sid="1100" name="Film Komedi" type="1" provider="DigitALB" onid="366" tsid="20300" namespace="0x00a00000" />
        <service id="0x00d6" sid="214" name="First Channel" type="1" provider="DigitALB" onid="366" tsid="20300" namespace="0x00a00000" />
        <service id="0x04b0" sid="1200" name="Klan Kosova" type="1" provider="DigitALB" onid="366" tsid="20300" namespace="0x00a00000" />
        <service id="0x01cc" sid="460" name="Klan Music" type="22" provider="DigitALB" onid="366" tsid="20300" namespace="0x00a00000" />
        <service id="0x04d8" sid="1240" name="News 24" type="1" provider="DigitALB" onid="366" tsid="20300" namespace="0x00a00000" />
        <service id="0x05a0" sid="1440" name="Ora News HD" type="25" provider="DigitALB" onid="366" tsid="20300" namespace="0x00a00000" />
        <service id="0x03e8" sid="1000" name="RTK-1" type="1" provider="DigitALB" onid="366" tsid="20300" namespace="0x00a00000" />
        <service id="0x049c" sid="1180" name="RTV Ora" type="1" provider="DigitALB" onid="366" tsid="20300" namespace="0x00a00000" />
        <service id="0x00e2" sid="226" name="RTV-21 M" type="1" provider="DigitALB" onid="366" tsid="20300" namespace="0x00a00000" />
        <service id="0x058c" sid="1420" name="SS-7 HD" type="25" provider="DigitALB" onid="366" tsid="20300" namespace="0x00a00000" />
        <service id="0x01e8" sid="488" name="Stinet" type="1" provider="DigitALB" onid="366" tsid="20300" namespace="0x00a00000" />
        <service id="0x01b6" sid="438" name="Syri TV" type="22" provider="DigitALB" onid="366" tsid="20300" namespace="0x00a00000" />
        <service id="0x00f2" sid="242" name="T HD" type="25" provider="DigitALB" onid="366" tsid="20300" namespace="0x00a00000" />
        <service id="0x025c" sid="604" name="Top Channel HD" type="25" provider="DigitALB" onid="366" tsid="20300" namespace="0x00a00000" />
        <service id="0x05f0" sid="1520" name="Top News HD" type="25" provider="DIGITALB" onid="366" tsid="20300" namespace="0x00a00000" />
        <service id="0x04ec" sid="1260" name="X1" type="1" provider="DigitALB" onid="366" tsid="20300" namespace="0x00a00000" />
        <service id="0x00ca" sid="202" name="Ziko TV" type="1" provider="DigitALB" onid="366" tsid="20300" namespace="0x00a00000" />
        <service id="0x02c4" sid="708" name="Top Albania Radio" type="2" provider="DigitALB" onid="366" tsid="20300" namespace="0x00a00000" radio="1" />
        <service id="0x071c" sid="1820" name="Top Gold Radio" type="2" provider="DigitALB" onid="366" tsid="20300" namespace="0x00a00000" radio="1" />
      </transponder>
    </satellite>
    <satellite key="00a00000:5014:016e" name="Eutelsat-16.0E" namespace="0x00a00000" position="16">
      <transponder key="00a00000:5014:016e" frequency="10804000" symbol_rate="29950000" polarization="H" fec="2" system="0" modulation="0">
        <service id="0x0ce4" sid="3300" name="A2 CNN" type="25" provider="DigitALB" onid="366" tsid="20500" namespace="0x00a00000" />
        <service id="0x024a" sid="586" name="ATV" type="25" provider="DigitALB" onid="366" tsid="20500" namespace="0x00a00000" />
        <service id="0x083e" sid="2110" name="Cufo TV" type="1" provider="DigitALB" onid="366" tsid="20500" namespace="0x00a00000" />
        <service id="0x016e" sid="366" name="EuroFilm" type="1" provider="DigitALB" onid="366" tsid="20500" namespace="0x00a00000" />
        <service id="0x07d0" sid="2000" name="Euronews Albania" type="25" provider="DigitALB" onid="366" tsid="20500" namespace="0x00a00000" />
        <service id="0x085c" sid="2140" name="EXP histori" type="1" provider="DigitALB" onid="366" tsid="20500" namespace="0x00a00000" />
        <service id="0x0162" sid="354" name="EXP natyra" type="1" provider="DigitALB" onid="366" tsid="20500" namespace="0x00a00000" />
        <service id="0x016a" sid="362" name="Fax News" type="1" provider="DigitALB" onid="366" tsid="20500" namespace="0x00a00000" />
        <service id="0x087a" sid="2170" name="Film Autor" type="1" provider="DigitALB" onid="366" tsid="20500" namespace="0x00a00000" />
        <service id="0x017e" sid="382" name="Film Drame" type="1" provider="DigitALB" onid="366" tsid="20500" namespace="0x00a00000" />
        <service id="0x088e" sid="2190" name="Film Thriller" type="1" provider="DigitALB" onid="366" tsid="20500" namespace="0x00a00000" />
        <service id="0x0156" sid="342" name="Junior TV" type="1" provider="DigitALB" onid="366" tsid="20500" namespace="0x00a00000" />
        <service id="0x08ac" sid="2220" name="Klan News" type="1" provider="DigitALB" onid="366" tsid="20500" namespace="0x00a00000" />
        <service id="0x08b6" sid="2230" name="Klan Plus" type="1" provider="DigitALB" onid="366" tsid="20500" namespace="0x00a00000" />
        <service id="0x07da" sid="2010" name="Klan TV HD" type="25" provider="DigitALB" onid="366" tsid="20500" namespace="0x00a00000" />
        <service id="0x08c0" sid="2240" name="Melody.TV" type="1" provider="DigitALB" onid="366" tsid="20500" namespace="0x00a00000" />
        <service id="0x015e" sid="350" name="My Music" type="1" provider="DigitALB" onid="366" tsid="20500" namespace="0x00a00000" />
        <service id="0x08a2" sid="2210" name="RTSH 1" type="1" provider="DigitALB" onid="366" tsid="20500" namespace="0x00a00000" />
        <service id="0x0176" sid="374" name="RTSH Sport" type="1" provider="DigitALB" onid="366" tsid="20500" namespace="0x00a00000" />
        <service id="0x07e4" sid="2020" name="SS-5 HD" type="25" provider="DigitALB" onid="366" tsid="20500" namespace="0x00a00000" />
        <service id="0x07ee" sid="2030" name="SS-6 HD" type="25" provider="DigitALB" onid="366" tsid="20500" namespace="0x00a00000" />
        <service id="0x13f6" sid="5110" name="T7 HD" type="25" provider="DigitALB" onid="366" tsid="20500" namespace="0x00a00000" />
        <service id="0x08ca" sid="2250" name="Zjarr TV" type="1" provider="DigitALB" onid="366" tsid="20500" namespace="0x00a00000" />
        <service id="0x018f" sid="399" name="My Music Radio" type="2" provider="DigitALB" onid="366" tsid="20500" namespace="0x00a00000" radio="1" />
      </transponder>
    </satellite>
    <satellite key="00a00000:50dc:016e" name="Eutelsat-16.0E" namespace="0x00a00000" position="16">
      <transponder key="00a00000:50dc:016e" frequency="10845000" symbol_rate="30000000" polarization="H" fec="7" system="0" modulation="0">
        <service id="0x01c6" sid="454" name="Dukagjini" type="1" provider="DigitALB" onid="366" tsid="20700" namespace="0x00a00000" />
        <service id="0x0bb8" sid="3000" name="Eurosport 2 HD" type="25" provider="DigitALB" onid="366" tsid="20700" namespace="0x00a00000" />
        <service id="0x03eb" sid="1003" name="Family HD" type="25" provider="DigitALB" onid="366" tsid="20700" namespace="0x00a00000" />
        <service id="0x116c" sid="4460" name="FOX Movies" type="22" provider="DigitALB" onid="366" tsid="20700" namespace="0x00a00000" />
        <service id="0x03e9" sid="1001" name="GOLD HD" type="25" provider="DigitALB" onid="366" tsid="20700" namespace="0x00a00000" />
        <service id="0x03ea" sid="1002" name="MAX HD" type="25" provider="DigitALB" onid="366" tsid="20700" namespace="0x00a00000" />
        <service id="0x076c" sid="1900" name="Panorama TV" type="22" provider="DigitALB" onid="366" tsid="20700" namespace="0x00a00000" />
        <service id="0x03fd" sid="1021" name="RTSH Shkolle" type="22" provider="DigitALB" onid="366" tsid="20700" namespace="0x00a00000" />
        <service id="0x03ff" sid="1023" name="Scan TV" type="22" provider="DigitALB" onid="366" tsid="20700" namespace="0x00a00000" />
        <service id="0x03ec" sid="1004" name="SS-1 HD" type="25" provider="DigitALB" onid="366" tsid="20700" namespace="0x00a00000" />
        <service id="0x03ed" sid="1005" name="SS-2 HD" type="25" provider="DigitALB" onid="366" tsid="20700" namespace="0x00a00000" />
        <service id="0x03ee" sid="1006" name="SS-3 HD" type="25" provider="DigitALB" onid="366" tsid="20700" namespace="0x00a00000" />
        <service id="0x03ef" sid="1007" name="SS-4 HD" type="25" provider="DigitALB" onid="366" tsid="20700" namespace="0x00a00000" />
        <service id="0x019a" sid="410" name="STAR PLUS TV" type="22" provider="DigitALB" onid="366" tsid="20700" namespace="0x00a00000" />
        <service id="0x03f1" sid="1009" name="Travel Channel HD" type="25" provider="DigitALB" onid="366" tsid="20700" namespace="0x00a00000" />
        <service id="0x0e74" sid="3700" name="Travel Channel HD" type="25" provider="A1" onid="366" tsid="20700" namespace="0x00a00000" />
      </transponder>
    </satellite>
    <satellite key="00a00000:51a4:016e" name="Eutelsat-16.0E" namespace="0x00a00000" position="16">
      <transponder key="00a00000:51a4:016e" frequency="10887000" symbol_rate="30000000" polarization="H" fec="7" system="0" modulation="0">
        <service id="0x03fd" sid="1021" name="24Kitchen" type="1" provider="DigitALB" onid="366" tsid="20900" namespace="0x00a00000" />
        <service id="0x0cbc" sid="3260" name="ABC HD" type="25" provider="DigitALB" onid="366" tsid="20900" namespace="0x00a00000" />
        <service id="0x111c" sid="4380" name="Alsat M" type="1" provider="DigitALB" onid="366" tsid="20900" namespace="0x00a00000" />
        <service id="0x03ec" sid="1004" name="Animal Planet HD" type="25" provider="DigitALB" onid="366" tsid="20900" namespace="0x00a00000" />
        <service id="0x125c" sid="4700" name="Animal Planet HD" type="25" provider="A1" onid="366" tsid="20900" namespace="0x00a00000" />
        <service id="0x019c" sid="412" name="Discovery Channel" type="1" provider="DigitALB" onid="366" tsid="20900" namespace="0x00a00000" />
        <service id="0x03ed" sid="1005" name="Discovery Science HD" type="25" provider="DigitALB" onid="366" tsid="20900" namespace="0x00a00000" />
        <service id="0x04f6" sid="1270" name="Discovery Science HD" type="25" provider="A1" onid="366" tsid="20900" namespace="0x00a00000" />
        <service id="0x03ff" sid="1023" name="Discovery Turbo Xtra" type="1" provider="DigitALB" onid="366" tsid="20900" namespace="0x00a00000" />
        <service id="0x03ef" sid="1007" name="Dorcel XXX HD" type="25" provider="DigitALB" onid="366" tsid="20900" namespace="0x00a00000" />
        <service id="0x0200" sid="512" name="DTX" type="1" provider="DigitALB" onid="366" tsid="20900" namespace="0x00a00000" />
        <service id="0x03fe" sid="1022" name="FOX" type="1" provider="DigitALB" onid="366" tsid="20900" namespace="0x00a00000" />
        <service id="0x00c0" sid="192" name="Fox Life" type="1" provider="DigitALB" onid="366" tsid="20900" namespace="0x00a00000" />
        <service id="0x10f4" sid="4340" name="Kanal 10" type="1" provider="DigitALB" onid="366" tsid="20900" namespace="0x00a00000" />
        <service id="0x10e0" sid="4320" name="Klan Macedonia" type="1" provider="DigitALB" onid="366" tsid="20900" namespace="0x00a00000" />
        <service id="0x13d8" sid="5080" name="KTV HD" type="25" provider="DigitALB" onid="366" tsid="20900" namespace="0x00a00000" />
        <service id="0x0c80" sid="3200" name="MTV Live HD" type="25" provider="DigitALB" onid="366" tsid="20900" namespace="0x00a00000" />
        <service id="0x00c1" sid="193" name="Nickelodeon" type="1" provider="DigitALB" onid="366" tsid="20900" namespace="0x00a00000" />
        <service id="0x00bf" sid="191" name="Nicktoons" type="1" provider="DigitALB" onid="366" tsid="20900" namespace="0x00a00000" />
        <service id="0x0ca8" sid="3240" name="Playboy TV HD" type="25" provider="DigitALB" onid="366" tsid="20900" namespace="0x00a00000" />
        <service id="0x00c5" sid="197" name="Report TV" type="1" provider="DigitALB" onid="366" tsid="20900" namespace="0x00a00000" />
        <service id="0x10cc" sid="4300" name="RTSH Shqip" type="1" provider="DigitALB" onid="366" tsid="20900" namespace="0x00a00000" />
        <service id="0x13ba" sid="5050" name="RTV-21 HD" type="25" provider="DigitALB" onid="366" tsid="20900" namespace="0x00a00000" />
        <service id="0x03eb" sid="1003" name="STV Folk" type="1" provider="DigitALB" onid="366" tsid="20900" namespace="0x00a00000" />
        <service id="0x00c4" sid="196" name="SuperSonic TV" type="1" provider="DigitALB" onid="366" tsid="20900" namespace="0x00a00000" />
      </transponder>
    </satellite>
    <satellite key="00a00000:526c:016e" name="Eutelsat-16.0E" namespace="0x00a00000" position="16">
      <transponder key="00a00000:526c:016e" frequency="10928000" symbol_rate="30000000" polarization="H" fec="7" system="0" modulation="0">
        <service id="0x01c5" sid="453" name="Epic Drama HD" type="25" provider="A1 Broadcasting" onid="366" tsid="21100" namespace="0x00a00000" />
        <service id="0x01ca" sid="458" name="Epic Drama HD" type="25" provider="A1 Broadcasting" onid="366" tsid="21100" namespace="0x00a00000" />
        <service id="0x01c2" sid="450" name="TV1000 Balkan" type="1" provider="A1 Broadcasting" onid="366" tsid="21100" namespace="0x00a00000" />
        <service id="0x01c3" sid="451" name="TV1000 Russian Kino Global" type="1" provider="A1 Broadcasting" onid="366" tsid="21100" namespace="0x00a00000" />
        <service id="0x01c6" sid="454" name="Viasat Explore HD" type="25" provider="A1 Broadcasting" onid="366" tsid="21100" namespace="0x00a00000" />
        <service id="0x045b" sid="1115" name="Viasat Explore HD" type="25" provider="A1 Broadcasting" onid="366" tsid="21100" namespace="0x00a00000" />
        <service id="0x044e" sid="1102" name="Viasat Explore SD" type="1" provider="A1 Broadcasting" onid="366" tsid="21100" namespace="0x00a00000" />
        <service id="0x01c4" sid="452" name="Viasat History HD" type="25" provider="A1 Broadcasting" onid="366" tsid="21100" namespace="0x00a00000" />
        <service id="0x045c" sid="1116" name="Viasat History HD" type="25" provider="A1 Broadcasting" onid="366" tsid="21100" namespace="0x00a00000" />
        <service id="0x044f" sid="1103" name="Viasat History SD" type="1" provider="A1 Broadcasting" onid="366" tsid="21100" namespace="0x00a00000" />
        <service id="0x045a" sid="1114" name="Viasat Nature HD" type="25" provider="A1 Broadcasting" onid="366" tsid="21100" namespace="0x00a00000" />
        <service id="0x044d" sid="1101" name="Viasat Nature SD" type="1" provider="A1 Broadcasting" onid="366" tsid="21100" namespace="0x00a00000" />
      </transponder>
    </satellite>
    <satellite key="00a00000:75fb:016e" name="Eutelsat-16.0E" namespace="0x00a00000" position="16">
      <transponder key="00a00000:75fb:016e" frequency="10972000" symbol_rate="27500000" polarization="V" fec="7" system="0" modulation="0">
        <service id="0x054a" sid="1354" name="Alfa" type="1" provider="Total TV" onid="366" tsid="30203" namespace="0x00a00000" />
        <service id="0x054f" sid="1359" name="Alfa MKD" type="1" provider="Total TV" onid="366" tsid="30203" namespace="0x00a00000" />
        <service id="0x00e4" sid="228" name="Astra TV" type="1" provider="Total TV" onid="366" tsid="30203" namespace="0x00a00000" />
        <service id="0x022a" sid="554" name="Cinestar Premiere 1" type="1" provider="Total TV" onid="366" tsid="30203" namespace="0x00a00000" />
        <service id="0x022c" sid="556" name="Cinestar Premiere 2" type="1" provider="Total TV" onid="366" tsid="30203" namespace="0x00a00000" />
        <service id="0x00e3" sid="227" name="CineStar TV 1 HRV" type="1" provider="Total TV" onid="366" tsid="30203" namespace="0x00a00000" />
        <service id="0x022d" sid="557" name="Crime &amp; Invest." type="1" provider="Total TV" onid="366" tsid="30203" namespace="0x00a00000" />
        <service id="0x022e" sid="558" name="Dusk! TV" type="1" provider="Total TV" onid="366" tsid="30203" namespace="0x00a00000" />
        <service id="0x00df" sid="223" name="K::CN 1" type="1" provider="Total TV" onid="366" tsid="30203" namespace="0x00a00000" />
        <service id="0x022f" sid="559" name="K::CN Music 2" type="1" provider="Total TV" onid="366" tsid="30203" namespace="0x00a00000" />
        <service id="0x055a" sid="1370" name="K::CN Svet+ 3" type="1" provider="Total TV" onid="366" tsid="30203" namespace="0x00a00000" />
        <service id="0x054e" sid="1358" name="MRT Sobraniski" type="1" provider="Total TV" onid="366" tsid="30203" namespace="0x00a00000" />
        <service id="0x00e2" sid="226" name="Nicktoons" type="1" provider="Total TV" onid="366" tsid="30203" namespace="0x00a00000" />
        <service id="0x00e0" sid="224" name="Palma Plus" type="1" provider="Total TV" onid="366" tsid="30203" namespace="0x00a00000" />
        <service id="0x00e1" sid="225" name="Parlamentarni kanal" type="1" provider="Total TV" onid="366" tsid="30203" namespace="0x00a00000" />
        <service id="0x00e5" sid="229" name="Shoppster" type="1" provider="Total TV" onid="366" tsid="30203" namespace="0x00a00000" />
        <service id="0x022b" sid="555" name="SK Esports" type="1" provider="Total TV" onid="366" tsid="30203" namespace="0x00a00000" />
        <service id="0x054c" sid="1356" name="Televizija 24" type="1" provider="Total TV" onid="366" tsid="30203" namespace="0x00a00000" />
        <service id="0x054d" sid="1357" name="Telma" type="1" provider="Total TV" onid="366" tsid="30203" namespace="0x00a00000" />
        <service id="0x055b" sid="1371" name="Radio Studio B" type="2" provider="Total TV" onid="366" tsid="30203" namespace="0x00a00000" radio="1" />
        <service id="0x055c" sid="1372" name="Test 1" type="2" provider="Total TV" onid="366" tsid="30203" namespace="0x00a00000" radio="1" />
      </transponder>
    </satellite>
    <satellite key="00a00000:75fc:016e" name="Eutelsat-16.0E" namespace="0x00a00000" position="16">
      <transponder key="00a00000:75fc:016e" frequency="11011000" symbol_rate="27500000" polarization="V" fec="7" system="0" modulation="0">
        <service id="0x05b0" sid="1456" name="Discovery HD" type="1" provider="Total TV" onid="366" tsid="30204" namespace="0x00a00000" />
        <service id="0x05b1" sid="1457" name="FOX Movies HD" type="1" provider="Total TV" onid="366" tsid="30204" namespace="0x00a00000" />
        <service id="0x05b4" sid="1460" name="Gradska TV" type="1" provider="Total TV" onid="366" tsid="30204" namespace="0x00a00000" />
        <service id="0x05b5" sid="1461" name="Grand Nostalgija" type="1" provider="Total TV" onid="366" tsid="30204" namespace="0x00a00000" />
        <service id="0x05af" sid="1455" name="HBO 2 HD" type="1" provider="Total TV" onid="366" tsid="30204" namespace="0x00a00000" />
        <service id="0x05ae" sid="1454" name="HBO HD" type="1" provider="Total TV" onid="366" tsid="30204" namespace="0x00a00000" />
        <service id="0x05b2" sid="1458" name="Insajder TV" type="1" provider="Total TV" onid="366" tsid="30204" namespace="0x00a00000" />
        <service id="0x05ad" sid="1453" name="SK 1 CG HD" type="1" provider="Total TV" onid="366" tsid="30204" namespace="0x00a00000" />
        <service id="0x05ab" sid="1451" name="SK 1 HD" type="1" provider="Total TV" onid="366" tsid="30204" namespace="0x00a00000" />
        <service id="0x05ac" sid="1452" name="SK 2 HD" type="1" provider="Total TV" onid="366" tsid="30204" namespace="0x00a00000" />
        <service id="0x05b3" sid="1459" name="TV Vijesti" type="1" provider="Total TV" onid="366" tsid="30204" namespace="0x00a00000" />
      </transponder>
    </satellite>
    <satellite key="00a00000:76c0:016e" name="Eutelsat-16.0E" namespace="0x00a00000" position="16">
      <transponder key="00a00000:76c0:016e" frequency="11055000" symbol_rate="27500000" polarization="V" fec="8" system="0" modulation="0">
        <service id="0x01ea" sid="490" name=":24" type="31" provider="A1 Broadcasting" onid="366" tsid="30400" namespace="0x00a00000" />
        <service id="0x047f" sid="1151" name="AMC HD" type="31" provider="A1 Broadcasting" onid="366" tsid="30400" namespace="0x00a00000" />
        <service id="0x01e5" sid="485" name="Arena Sport 1 HD" type="25" provider="A1 Broadcasting" onid="366" tsid="30400" namespace="0x00a00000" />
        <service id="0x01eb" sid="491" name="AutoMotorSport HD" type="31" provider="A1 Broadcasting" onid="366" tsid="30400" namespace="0x00a00000" />
        <service id="0x01e1" sid="481" name="CT 1 HD" type="31" provider="A1 Broadcasting" onid="366" tsid="30400" namespace="0x00a00000" />
        <service id="0x01e4" sid="484" name="CT 2 HD" type="31" provider="A1 Broadcasting" onid="366" tsid="30400" namespace="0x00a00000" />
        <service id="0x01e2" sid="482" name="CT 24 HD" type="31" provider="A1 Broadcasting" onid="366" tsid="30400" namespace="0x00a00000" />
        <service id="0x01e7" sid="487" name="CT D/ art" type="31" provider="A1 Broadcasting" onid="366" tsid="30400" namespace="0x00a00000" />
        <service id="0x01e8" sid="488" name="CT Sport HD" type="31" provider="A1 Broadcasting" onid="366" tsid="30400" namespace="0x00a00000" />
        <service id="0x048b" sid="1163" name="Discovery" type="31" provider="A1 Broadcasting" onid="366" tsid="30400" namespace="0x00a00000" />
        <service id="0x01e6" sid="486" name="HBO HD" type="31" provider="A1 Broadcasting" onid="366" tsid="30400" namespace="0x00a00000" />
        <service id="0x01e9" sid="489" name="Prima Cool HD" type="31" provider="A1 Broadcasting" onid="366" tsid="30400" namespace="0x00a00000" />
        <service id="0x01e3" sid="483" name="Prima Krimi" type="31" provider="A1 Broadcasting" onid="366" tsid="30400" namespace="0x00a00000" />
        <service id="0x048a" sid="1162" name="Prima Love" type="31" provider="A1 Broadcasting" onid="366" tsid="30400" namespace="0x00a00000" />
        <service id="0x048c" sid="1164" name="Prima MAX HD" type="31" provider="A1 Broadcasting" onid="366" tsid="30400" namespace="0x00a00000" />
        <service id="0x048d" sid="1165" name="Prima PLUS HD" type="31" provider="A1 Broadcasting" onid="366" tsid="30400" namespace="0x00a00000" />
        <service id="0x01ed" sid="493" name="Prima Zoom HD" type="31" provider="A1 Broadcasting" onid="366" tsid="30400" namespace="0x00a00000" />
        <service id="0x048e" sid="1166" name="Sport 1 HD" type="31" provider="A1 Broadcasting" onid="366" tsid="30400" namespace="0x00a00000" />
        <service id="0x048f" sid="1167" name="TLC" type="31" provider="A1 Broadcasting" onid="366" tsid="30400" namespace="0x00a00000" />
        <service id="0x01e0" sid="480" name="TV Barrandov HD" type="31" provider="A1 Broadcasting" onid="366" tsid="30400" namespace="0x00a00000" />
      </transponder>
    </satellite>
    <satellite key="00a00000:76c1:016e" name="Eutelsat-16.0E" namespace="0x00a00000" position="16">
      <transponder key="00a00000:76c1:016e" frequency="11094000" symbol_rate="27500000" polarization="V" fec="8" system="0" modulation="0">
        <service id="0x04b6" sid="1206" name="Arcadia World" type="22" provider="A1 Broadcasting" onid="366" tsid="30401" namespace="0x00a00000" />
        <service id="0x04ba" sid="1210" name="Arena Sport 2" type="22" provider="A1 Broadcasting" onid="366" tsid="30401" namespace="0x00a00000" />
        <service id="0x04ea" sid="1258" name="AXN" type="31" provider="A1 Broadcasting" onid="366" tsid="30401" namespace="0x00a00000" />
        <service id="0x04b4" sid="1204" name="CS Film/CS Horror" type="31" provider="A1 Broadcasting" onid="366" tsid="30401" namespace="0x00a00000" />
        <service id="0x04b8" sid="1208" name="CS Mystery" type="31" provider="A1 Broadcasting" onid="366" tsid="30401" namespace="0x00a00000" />
        <service id="0x04c0" sid="1216" name="Disney Channel" type="31" provider="A1 Broadcasting" onid="366" tsid="30401" namespace="0x00a00000" />
        <service id="0x04b1" sid="1201" name="Eurosport 2 HD" type="31" provider="A1 Broadcasting" onid="366" tsid="30401" namespace="0x00a00000" />
        <service id="0x04bb" sid="1211" name="Extasy HD" type="25" provider="A1 Broadcasting" onid="366" tsid="30401" namespace="0x00a00000" />
        <service id="0x04c1" sid="1217" name="Film +" type="31" provider="A1 Broadcasting" onid="366" tsid="30401" namespace="0x00a00000" />
        <service id="0x04b5" sid="1205" name="Fishing and Hunting" type="31" provider="A1 Broadcasting" onid="366" tsid="30401" namespace="0x00a00000" />
        <service id="0x04b9" sid="1209" name="HBO2 HD" type="31" provider="A1 Broadcasting" onid="366" tsid="30401" namespace="0x00a00000" />
        <service id="0x04bc" sid="1212" name="HBO3 HD" type="31" provider="A1 Broadcsting" onid="366" tsid="30401" namespace="0x00a00000" />
        <service id="0x04cf" sid="1231" name="Jim Jam" type="22" provider="A1 Broadcasting" onid="366" tsid="30401" namespace="0x00a00000" />
        <service id="0x04c5" sid="1221" name="JOJ Cinema HD" type="31" provider="A1 Broadcasting" onid="366" tsid="30401" namespace="0x00a00000" />
        <service id="0x04c9" sid="1225" name="Jojko" type="31" provider="A1 Broadcasting" onid="366" tsid="30401" namespace="0x00a00000" />
        <service id="0x04b7" sid="1207" name="Minimax" type="31" provider="A1 Broadcasting" onid="366" tsid="30401" namespace="0x00a00000" />
        <service id="0x04c6" sid="1222" name="National Geographic Channel" type="31" provider="A1 Broadcasting" onid="366" tsid="30401" namespace="0x00a00000" />
        <service id="0x04be" sid="1214" name="National Geographic Wild HD" type="31" provider="A1 Broadcasting" onid="366" tsid="30401" namespace="0x00a00000" />
        <service id="0x04c7" sid="1223" name="Nickelodeon" type="31" provider="A1 Broadcasting" onid="366" tsid="30401" namespace="0x00a00000" />
        <service id="0x04b3" sid="1203" name="Nova International HD" type="31" provider="A1 Broadcasting" onid="366" tsid="30401" namespace="0x00a00000" />
        <service id="0x04c8" sid="1224" name="RTVS Sport HD" type="31" provider="A1 Broadcasting" onid="366" tsid="30401" namespace="0x00a00000" />
        <service id="0x04bd" sid="1213" name="Senzi TV" type="31" provider="A1 Broadcasting" onid="366" tsid="30401" namespace="0x00a00000" />
        <service id="0x04ca" sid="1226" name="Spektrum" type="31" provider="A1 Broadcasting" onid="366" tsid="30401" namespace="0x00a00000" />
        <service id="0x04cb" sid="1227" name="Spektrum Home" type="31" provider="A1 Broadcasting" onid="366" tsid="30401" namespace="0x00a00000" />
        <service id="0x04cc" sid="1228" name="Sport 2 HD" type="31" provider="A1 Broadcasting" onid="366" tsid="30401" namespace="0x00a00000" />
        <service id="0x04b2" sid="1202" name="TV Lux HD" type="31" provider="A1 Broadcasting" onid="366" tsid="30401" namespace="0x00a00000" />
        <service id="0x04cd" sid="1229" name="TV Paprika" type="31" provider="A1 Broadcasting" onid="366" tsid="30401" namespace="0x00a00000" />
        <service id="0x04bf" sid="1215" name="WAU HD" type="31" provider="A1 Broadcasting" onid="366" tsid="30401" namespace="0x00a00000" />
      </transponder>
    </satellite>
    <satellite key="00a00000:9ca4:016e" name="Eutelsat-16.0E" namespace="0x00a00000" position="16">
      <transponder key="00a00000:9ca4:016e" frequency="11221000" symbol_rate="30000000" polarization="H" fec="7" system="0" modulation="0">
        <service id="0x048d" sid="1165" name="Brainz" type="1" provider="Total TV" onid="366" tsid="40100" namespace="0x00a00000" />
        <service id="0x116c" sid="4460" name="FOX HD" type="1" provider="Total TV" onid="366" tsid="40100" namespace="0x00a00000" />
        <service id="0x116d" sid="4461" name="FOX Life HD" type="1" provider="Total TV" onid="366" tsid="40100" namespace="0x00a00000" />
        <service id="0x116e" sid="4462" name="Hema TV" type="1" provider="Total TV" onid="366" tsid="40100" namespace="0x00a00000" />
        <service id="0x01ec" sid="492" name="HRT 2 HD" type="1" provider="Total TV" onid="366" tsid="40100" namespace="0x00a00000" />
        <service id="0x116b" sid="4459" name="N1 Srb HD" type="1" provider="Total TV" onid="366" tsid="40100" namespace="0x00a00000" />
        <service id="0x048e" sid="1166" name="Nova BH HD" type="1" provider="Total TV" onid="366" tsid="40100" namespace="0x00a00000" />
        <service id="0x01ea" sid="490" name="Nova Sport HD" type="1" provider="Total TV" onid="366" tsid="40100" namespace="0x00a00000" />
        <service id="0x048f" sid="1167" name="Oto" type="1" provider="Total TV" onid="366" tsid="40100" namespace="0x00a00000" />
        <service id="0x01ed" sid="493" name="SCI FI HD" type="1" provider="Total TV" onid="366" tsid="40100" namespace="0x00a00000" />
        <service id="0x116a" sid="4458" name="SK 3 HD" type="1" provider="Total TV" onid="366" tsid="40100" namespace="0x00a00000" />
        <service id="0x01eb" sid="491" name="SK HD" type="1" provider="Total TV" onid="366" tsid="40100" namespace="0x00a00000" />
        <service id="0x01ee" sid="494" name="Radio Kanal 77" type="2" provider="Total TV" onid="366" tsid="40100" namespace="0x00a00000" radio="1" />
      </transponder>
    </satellite>
    <satellite key="00a00000:9d08:016e" name="Eutelsat-16.0E" namespace="0x00a00000" position="16">
      <transponder key="00a00000:9d08:016e" frequency="11231000" symbol_rate="42000000" polarization="V" fec="8" system="0" modulation="0">
        <service id="0x02ff" sid="767" name="AXN" type="1" provider="Total TV" onid="366" tsid="40200" namespace="0x00a00000" />
        <service id="0x02fe" sid="766" name="CineStar A&amp;T SRB" type="1" provider="Total TV" onid="366" tsid="40200" namespace="0x00a00000" />
        <service id="0x02fd" sid="765" name="CineStar TV 1 SRB" type="1" provider="Total TV" onid="366" tsid="40200" namespace="0x00a00000" />
        <service id="0x02f4" sid="756" name="CineStar TV 2" type="1" provider="Total TV" onid="366" tsid="40200" namespace="0x00a00000" />
        <service id="0x012d" sid="301" name="Dorcel HD" type="1" provider="Total TV" onid="366" tsid="40200" namespace="0x00a00000" />
        <service id="0x012e" sid="302" name="Dorcel HD" type="1" provider="Total TV" onid="366" tsid="40200" namespace="0x00a00000" />
        <service id="0x02f7" sid="759" name="E!" type="1" provider="Total TV" onid="366" tsid="40200" namespace="0x00a00000" />
        <service id="0x02fa" sid="762" name="Fox Movies Slo" type="1" provider="Total TV" onid="366" tsid="40200" namespace="0x00a00000" />
        <service id="0x02fc" sid="764" name="HGTV HD" type="1" provider="Total TV" onid="366" tsid="40200" namespace="0x00a00000" />
        <service id="0x02f6" sid="758" name="ID HD" type="1" provider="Total TV" onid="366" tsid="40200" namespace="0x00a00000" />
        <service id="0x02f9" sid="761" name="Nat Geographic HD" type="1" provider="Total TV" onid="366" tsid="40200" namespace="0x00a00000" />
        <service id="0x02fb" sid="763" name="Nat Geographic HD" type="1" provider="Total TV" onid="366" tsid="40200" namespace="0x00a00000" />
        <service id="0x02f2" sid="754" name="Nick Jr." type="1" provider="Total TV" onid="366" tsid="40200" namespace="0x00a00000" />
        <service id="0x02f0" sid="752" name="Nickelodeon" type="1" provider="Total TV" onid="366" tsid="40200" namespace="0x00a00000" />
        <service id="0x02f3" sid="755" name="Nickelodeon Hrv" type="1" provider="Total TV" onid="366" tsid="40200" namespace="0x00a00000" />
        <service id="0x02ef" sid="751" name="O Kanal" type="1" provider="Total TV" onid="366" tsid="40200" namespace="0x00a00000" />
        <service id="0x012c" sid="300" name="Pickbox" type="1" provider="Total TV" onid="366" tsid="40200" namespace="0x00a00000" />
        <service id="0x030b" sid="779" name="Pikaboo Slo/Hr" type="1" provider="Total TV" onid="366" tsid="40200" namespace="0x00a00000" />
        <service id="0x0085" sid="133" name="Prva Kick" type="1" provider="Total TV" onid="366" tsid="40200" namespace="0x00a00000" />
        <service id="0x02f1" sid="753" name="SK 3 SLO" type="1" provider="Total TV" onid="366" tsid="40200" namespace="0x00a00000" />
        <service id="0x0084" sid="132" name="Sport TV 1" type="1" provider="Total TV" onid="366" tsid="40200" namespace="0x00a00000" />
        <service id="0x0086" sid="134" name="TLC HD" type="1" provider="Total TV" onid="366" tsid="40200" namespace="0x00a00000" />
        <service id="0x02f8" sid="760" name="TV Zlati Zvoki" type="1" provider="Total TV" onid="366" tsid="40200" namespace="0x00a00000" />
        <service id="0x030a" sid="778" name="Vavoom" type="1" provider="Total TV" onid="366" tsid="40200" namespace="0x00a00000" />
        <service id="0x0083" sid="131" name="Play radio" type="2" provider="Total TV" onid="366" tsid="40200" namespace="0x00a00000" radio="1" />
      </transponder>
    </satellite>
    <satellite key="00a00000:9dd0:016e" name="Eutelsat-16.0E" namespace="0x00a00000" position="16">
      <transponder key="00a00000:9dd0:016e" frequency="11283000" symbol_rate="30000000" polarization="V" fec="2" system="0" modulation="0">
        <service id="0x0a9c" sid="2716" name="360 TuneBox HD" type="25" provider="Digitalb" onid="366" tsid="40400" namespace="0x00a00000" />
        <service id="0x0aa0" sid="2720" name="360TuneBox" type="22" provider="A1 Broadcasting" onid="366" tsid="40400" namespace="0x00a00000" />
        <service id="0x0a8e" sid="2702" name="Dizi HD" type="25" provider="A1 Broadcasting" onid="366" tsid="40400" namespace="0x00a00000" />
        <service id="0x0a8f" sid="2703" name="Dizi HD" type="25" provider="A1 HR" onid="366" tsid="40400" namespace="0x00a00000" />
        <service id="0x0a90" sid="2704" name="Dizi HD" type="25" provider="Digitalb" onid="366" tsid="40400" namespace="0x00a00000" />
        <service id="0x0a97" sid="2711" name="DocuBox HD" type="25" provider="A1 Broadcasting" onid="366" tsid="40400" namespace="0x00a00000" />
        <service id="0x0aab" sid="2731" name="DocuBox HD" type="25" provider="Digitalb" onid="366" tsid="40400" namespace="0x00a00000" />
        <service id="0x0a9b" sid="2715" name="EroX" type="22" provider="A1 Broadcasting" onid="366" tsid="40400" namespace="0x00a00000" />
        <service id="0x0a9a" sid="2714" name="EroXXX HD" type="25" provider="A1 Broadcasting" onid="366" tsid="40400" namespace="0x00a00000" />
        <service id="0x0aa1" sid="2721" name="FashionBox" type="22" provider="A1 Broadcasting" onid="366" tsid="40400" namespace="0x00a00000" />
        <service id="0x0a98" sid="2712" name="FAST&amp;FUN Box HD" type="25" provider="A1 Broadcasting" onid="366" tsid="40400" namespace="0x00a00000" />
        <service id="0x0aa6" sid="2726" name="FAST&amp;FUN Box HD" type="25" provider="Digitalb" onid="366" tsid="40400" namespace="0x00a00000" />
        <service id="0x0a92" sid="2706" name="FightBox HD" type="25" provider="Digitalb" onid="366" tsid="40400" namespace="0x00a00000" />
        <service id="0x0a99" sid="2713" name="FightBox HD" type="25" provider="A1 Broadcasting" onid="366" tsid="40400" namespace="0x00a00000" />
        <service id="0x0aa2" sid="2722" name="FilmBox" type="22" provider="A1 Broadcasting" onid="366" tsid="40400" namespace="0x00a00000" />
        <service id="0x0a94" sid="2708" name="FilmBox Arthouse" type="22" provider="A1 Broadcasting" onid="366" tsid="40400" namespace="0x00a00000" />
        <service id="0x0a93" sid="2707" name="FilmBox Arthouse AFR" type="22" provider="A1 Broadcasting" onid="366" tsid="40400" namespace="0x00a00000" />
        <service id="0x0aa3" sid="2723" name="FilmBox Baltic" type="22" provider="A1 Broadcasting" onid="366" tsid="40400" namespace="0x00a00000" />
        <service id="0x0a96" sid="2710" name="FilmBox Extra HD" type="25" provider="A1 Broadcasting" onid="366" tsid="40400" namespace="0x00a00000" />
        <service id="0x0a9d" sid="2717" name="FilmBox Extra HD" type="25" provider="A1 Broadcasting" onid="366" tsid="40400" namespace="0x00a00000" />
        <service id="0x0aa8" sid="2728" name="FilmBox Extra HD" type="22" provider="A1 Broadcasting" onid="366" tsid="40400" namespace="0x00a00000" />
        <service id="0x0aa5" sid="2725" name="FilmBox Family" type="22" provider="A1 Broadcasting" onid="366" tsid="40400" namespace="0x00a00000" />
        <service id="0x0aa4" sid="2724" name="FilmBox Premium" type="22" provider="A1 Broadcasting" onid="366" tsid="40400" namespace="0x00a00000" />
        <service id="0x0a9f" sid="2719" name="FilmBox Premium CZ" type="22" provider="A1 Broadcasting" onid="366" tsid="40400" namespace="0x00a00000" />
        <service id="0x0a8d" sid="2701" name="FilmBox Premium HD" type="25" provider="A1 Broadcasting" onid="366" tsid="40400" namespace="0x00a00000" />
        <service id="0x0aaa" sid="2730" name="FilmBox Premium HD" type="25" provider="Digitalb" onid="366" tsid="40400" namespace="0x00a00000" />
        <service id="0x0a95" sid="2709" name="FilmBox Stars" type="22" provider="A1 Broadcasting" onid="366" tsid="40400" namespace="0x00a00000" />
        <service id="0x0aa7" sid="2727" name="FilmBox Stars" type="22" provider="A1 Broadcasting" onid="366" tsid="40400" namespace="0x00a00000" />
        <service id="0x0a9e" sid="2718" name="FilmBox Stars CEE" type="22" provider="A1 Broadcasting" onid="366" tsid="40400" namespace="0x00a00000" />
        <service id="0x0a91" sid="2705" name="Gametoon HD" type="25" provider="Digitalb" onid="366" tsid="40400" namespace="0x00a00000" />
        <service id="0x0aa9" sid="2729" name="Gametoon HD" type="25" provider="A1 Broadcasting" onid="366" tsid="40400" namespace="0x00a00000" />
      </transponder>
    </satellite>
    <satellite key="00a00000:9e98:016e" name="Eutelsat-16.0E" namespace="0x00a00000" position="16">
      <transponder key="00a00000:9e98:016e" frequency="11324000" symbol_rate="30000000" polarization="V" fec="2" system="0" modulation="0">
        <service id="0x07d7" sid="2007" name="Dajto HD" type="31" provider="A1 Broadcasting" onid="366" tsid="40600" namespace="0x00a00000" />
        <service id="0x07d5" sid="2005" name="Doma HD" type="31" provider="A1 Broadcasting" onid="366" tsid="40600" namespace="0x00a00000" />
        <service id="0x07d2" sid="2002" name="Dvojka HD" type="31" provider="A1 Broadcasting" onid="366" tsid="40600" namespace="0x00a00000" />
        <service id="0x07d1" sid="2001" name="Jednotka HD" type="31" provider="A1 Broadcasting" onid="366" tsid="40600" namespace="0x00a00000" />
        <service id="0x07d4" sid="2004" name="JOJ HD" type="31" provider="A1 Broadcasting" onid="366" tsid="40600" namespace="0x00a00000" />
        <service id="0x07d6" sid="2006" name="JOJ Plus HD" type="31" provider="A1 Broadcasting" onid="366" tsid="40600" namespace="0x00a00000" />
        <service id="0x07d3" sid="2003" name="Markiza HD" type="31" provider="A1 Broadcasting" onid="366" tsid="40600" namespace="0x00a00000" />
        <service id="0x07d9" sid="2009" name="Markiza Krimi HD" type="31" provider="A1 Broadcasting" onid="366" tsid="40600" namespace="0x00a00000" />
        <service id="0x07db" sid="2011" name="Slagr" type="31" provider="A1 Broadcasting" onid="366" tsid="40600" namespace="0x00a00000" />
        <service id="0x07dc" sid="2012" name="TA3 HD" type="31" provider="A1 Broadcasting" onid="366" tsid="40600" namespace="0x00a00000" />
      </transponder>
    </satellite>
    <satellite key="00a00000:9fc4:016e" name="Eutelsat-16.0E" namespace="0x00a00000" position="16">
      <transponder key="00a00000:9fc4:016e" frequency="11387000" symbol_rate="30000000" polarization="H" fec="7" system="0" modulation="0">
        <service id="0x02a3" sid="675" name="ATV" type="1" provider="Total TV" onid="366" tsid="40900" namespace="0x00a00000" />
        <service id="0x02a5" sid="677" name="BRIO" type="1" provider="SBB" onid="366" tsid="40900" namespace="0x00a00000" />
        <service id="0x02aa" sid="682" name="Cinemania HD" type="1" provider="Total TV" onid="366" tsid="40900" namespace="0x00a00000" />
        <service id="0x02ad" sid="685" name="CineStar Comedy" type="1" provider="Total TV" onid="366" tsid="40900" namespace="0x00a00000" />
        <service id="0x02a8" sid="680" name="Kanal 5" type="1" provider="Total TV" onid="366" tsid="40900" namespace="0x00a00000" />
        <service id="0x02ab" sid="683" name="Kanal A HD" type="1" provider="SBB" onid="366" tsid="40900" namespace="0x00a00000" />
        <service id="0x02a6" sid="678" name="Kino" type="1" provider="Total TV" onid="366" tsid="40900" namespace="0x00a00000" />
        <service id="0x02ae" sid="686" name="Lov i Ribolov" type="1" provider="Total TV" onid="366" tsid="40900" namespace="0x00a00000" />
        <service id="0x067a" sid="1658" name="MRT 1" type="1" provider="Total TV" onid="366" tsid="40900" namespace="0x00a00000" />
        <service id="0x067e" sid="1662" name="Nova HR HD" type="1" provider="Total TV" onid="366" tsid="40900" namespace="0x00a00000" />
        <service id="0x02af" sid="687" name="Nova M" type="1" provider="Total TV" onid="366" tsid="40900" namespace="0x00a00000" />
        <service id="0x02a9" sid="681" name="Pikaboo" type="1" provider="Total TV" onid="366" tsid="40900" namespace="0x00a00000" />
        <service id="0x067d" sid="1661" name="Pink" type="1" provider="Total TV" onid="366" tsid="40900" namespace="0x00a00000" />
        <service id="0x02a4" sid="676" name="RTRS" type="1" provider="Total TV" onid="366" tsid="40900" namespace="0x00a00000" />
        <service id="0x02a2" sid="674" name="RTS 3" type="1" provider="Total TV" onid="366" tsid="40900" namespace="0x00a00000" />
        <service id="0x067f" sid="1663" name="Sitel" type="1" provider="Total TV" onid="366" tsid="40900" namespace="0x00a00000" />
        <service id="0x02ac" sid="684" name="SK 2 SLO" type="1" provider="Total TV" onid="366" tsid="40900" namespace="0x00a00000" />
        <service id="0x02a1" sid="673" name="SK Fight" type="1" provider="Total TV" onid="366" tsid="40900" namespace="0x00a00000" />
        <service id="0x02a7" sid="679" name="TV 3 Medias" type="1" provider="Total TV" onid="366" tsid="40900" namespace="0x00a00000" />
      </transponder>
    </satellite>
    <satellite key="00a00000:c3b4:016e" name="Eutelsat-16.0E" namespace="0x00a00000" position="16">
      <transponder key="00a00000:c3b4:016e" frequency="11471000" symbol_rate="30000000" polarization="H" fec="3" system="0" modulation="0">
        <service id="0x00a5" sid="165" name="BHT 1" type="1" provider="Total TV" onid="366" tsid="50100" namespace="0x00a00000" />
        <service id="0x016d" sid="365" name="Diva" type="1" provider="Total TV" onid="366" tsid="50100" namespace="0x00a00000" />
        <service id="0x016c" sid="364" name="Doku TV HD" type="1" provider="Total TV" onid="366" tsid="50100" namespace="0x00a00000" />
        <service id="0x00a6" sid="166" name="Federalna TV" type="1" provider="Total TV" onid="366" tsid="50100" namespace="0x00a00000" />
        <service id="0x00a3" sid="163" name="Happy" type="1" provider="Total TV" onid="366" tsid="50100" namespace="0x00a00000" />
        <service id="0x00a7" sid="167" name="Happy" type="1" provider="Total TV" onid="366" tsid="50100" namespace="0x00a00000" />
        <service id="0x036c" sid="876" name="IDJ TV HD" type="1" provider="Total TV" onid="366" tsid="50100" namespace="0x00a00000" />
        <service id="0x00aa" sid="170" name="Nova Series" type="1" provider="Total TV" onid="366" tsid="50100" namespace="0x00a00000" />
        <service id="0x035a" sid="858" name="POP TV HD" type="1" provider="SBB" onid="366" tsid="50100" namespace="0x00a00000" />
        <service id="0x00a1" sid="161" name="Prva" type="1" provider="Total TV" onid="366" tsid="50100" namespace="0x00a00000" />
        <service id="0x00a2" sid="162" name="Prva Plus" type="1" provider="Total TV" onid="366" tsid="50100" namespace="0x00a00000" />
        <service id="0x035b" sid="859" name="RTCG 1 HD" type="1" provider="Total TV" onid="366" tsid="50100" namespace="0x00a00000" />
        <service id="0x035c" sid="860" name="RTCG 2 HD" type="1" provider="Total TV" onid="366" tsid="50100" namespace="0x00a00000" />
        <service id="0x00a4" sid="164" name="RTV 1" type="1" provider="Total TV" onid="366" tsid="50100" namespace="0x00a00000" />
        <service id="0x036b" sid="875" name="RTV 2" type="1" provider="Total TV" onid="366" tsid="50100" namespace="0x00a00000" />
        <service id="0x036a" sid="874" name="SK 1 HD" type="1" provider="Total TV" onid="366" tsid="50100" namespace="0x00a00000" />
        <service id="0x016a" sid="362" name="SK 1 HR HD" type="1" provider="Total TV" onid="366" tsid="50100" namespace="0x00a00000" />
        <service id="0x00a8" sid="168" name="SK 1 SLO HD" type="1" provider="Total TV" onid="366" tsid="50100" namespace="0x00a00000" />
        <service id="0x017f" sid="383" name="Test" type="1" provider="Total TV" onid="366" tsid="50100" namespace="0x00a00000" />
        <service id="0x016b" sid="363" name="TV1000" type="1" provider="Total TV" onid="366" tsid="50100" namespace="0x00a00000" />
      </transponder>
    </satellite>
    <satellite key="00a00000:c418:016e" name="Eutelsat-16.0E" namespace="0x00a00000" position="16">
      <transponder key="00a00000:c418:016e" frequency="11471000" symbol_rate="30000000" polarization="V" fec="4" system="0" modulation="0">
        <service id="0x028b" sid="651" name="24 Kitchen HD" type="25" provider="A1 HR" onid="366" tsid="50200" namespace="0x00a00000" />
        <service id="0x026d" sid="621" name="Baby TV" type="22" provider="A1 Broadcasting" onid="366" tsid="50200" namespace="0x00a00000" />
        <service id="0x027f" sid="639" name="Baby TV" type="22" provider="Digitalb" onid="366" tsid="50200" namespace="0x00a00000" />
        <service id="0x006c" sid="108" name="BBC First HD" type="25" provider="A1 Broadcasting" onid="366" tsid="50200" namespace="0x00a00000" />
        <service id="0x028a" sid="650" name="CARTOONITO" type="22" provider="A1 HR" onid="366" tsid="50200" namespace="0x00a00000" />
        <service id="0x0076" sid="118" name="Duck TV" type="22" provider="A1 Broadcasting" onid="366" tsid="50200" namespace="0x00a00000" />
        <service id="0x026f" sid="623" name="Duck TV" type="22" provider="A1 HR" onid="366" tsid="50200" namespace="0x00a00000" />
        <service id="0x010c" sid="268" name="Duck TV SAT" type="22" provider="A1 HR" onid="366" tsid="50200" namespace="0x00a00000" />
        <service id="0x011a" sid="282" name="Eurosport 1 HD" type="25" provider="A1 Broadcasting" onid="366" tsid="50200" namespace="0x00a00000" />
        <service id="0x025e" sid="606" name="Eurosport 1 HD" type="25" provider="A1 Broadcasting" onid="366" tsid="50200" namespace="0x00a00000" />
        <service id="0x025c" sid="604" name="Evil Angel HD" type="25" provider="A1 Broadcasting" onid="366" tsid="50200" namespace="0x00a00000" />
        <service id="0x0067" sid="103" name="Extasy 4K" type="31" provider="Antik" onid="366" tsid="50200" namespace="0x00a00000" />
        <service id="0x0078" sid="120" name="FOX Movies HD" type="25" provider="A1 HR" onid="366" tsid="50200" namespace="0x00a00000" />
        <service id="0x006a" sid="106" name="FunBox UHD" type="31" provider="A1 Broadcasting" onid="366" tsid="50200" namespace="0x00a00000" />
        <service id="0x025b" sid="603" name="ID Xtra HD" type="25" provider="A1 Broadcasting" onid="366" tsid="50200" namespace="0x00a00000" />
        <service id="0x027d" sid="637" name="ID Xtra HD" type="25" provider="Digitalb" onid="366" tsid="50200" namespace="0x00a00000" />
        <service id="0x026e" sid="622" name="Investigation Discovery HD" type="25" provider="A1 Broadcasting" onid="366" tsid="50200" namespace="0x00a00000" />
        <service id="0x025a" sid="602" name="JOJ Sport HD" type="25" provider="Antik" onid="366" tsid="50200" namespace="0x00a00000" />
        <service id="0x006b" sid="107" name="Love Nature HD" type="25" provider="A1 Broadcasting" onid="366" tsid="50200" namespace="0x00a00000" />
        <service id="0x0069" sid="105" name="RiK TV HD" type="25" provider="Antik" onid="366" tsid="50200" namespace="0x00a00000" />
        <service id="0x025d" sid="605" name="Slagr Premium HD" type="25" provider="Antik" onid="366" tsid="50200" namespace="0x00a00000" />
        <service id="0x006e" sid="110" name="TLC" type="22" provider="A1 Broadcasting" onid="366" tsid="50200" namespace="0x00a00000" />
        <service id="0x027e" sid="638" name="TLC" type="22" provider="Digitalb" onid="366" tsid="50200" namespace="0x00a00000" />
        <service id="0x010b" sid="267" name="Radio Osttirol" type="2" provider="A1 Broadcasting" onid="366" tsid="50200" namespace="0x00a00000" radio="1" />
        <service id="0x010a" sid="266" name="Radio POS" type="2" provider="A1 Broadcasting" onid="366" tsid="50200" namespace="0x00a00000" radio="1" />
      </transponder>
    </satellite>
    <satellite key="00a00000:c544:016e" name="Eutelsat-16.0E" namespace="0x00a00000" position="16">
      <transponder key="00a00000:c544:016e" frequency="11554000" symbol_rate="30000000" polarization="H" fec="3" system="0" modulation="0">
        <service id="0x06ed" sid="1773" name="24Kitchen HD" type="1" provider="Total TV" onid="366" tsid="50500" namespace="0x00a00000" />
        <service id="0x06da" sid="1754" name="B92" type="1" provider="Total TV" onid="366" tsid="50500" namespace="0x00a00000" />
        <service id="0x06ec" sid="1772" name="FOX Crime HD" type="1" provider="Total TV" onid="366" tsid="50500" namespace="0x00a00000" />
        <service id="0x06e6" sid="1766" name="Grand" type="1" provider="Total TV" onid="366" tsid="50500" namespace="0x00a00000" />
        <service id="0x06e7" sid="1767" name="N1 BiH" type="1" provider="Total TV" onid="366" tsid="50500" namespace="0x00a00000" />
        <service id="0x06e8" sid="1768" name="N1 Hrv" type="1" provider="Total TV" onid="366" tsid="50500" namespace="0x00a00000" />
        <service id="0x06df" sid="1759" name="Nova Max" type="1" provider="Total TV" onid="366" tsid="50500" namespace="0x00a00000" />
        <service id="0x06e4" sid="1764" name="Nova S HD" type="1" provider="Total TV" onid="366" tsid="50500" namespace="0x00a00000" />
        <service id="0x06db" sid="1755" name="OBN" type="1" provider="Total TV" onid="366" tsid="50500" namespace="0x00a00000" />
        <service id="0x06ea" sid="1770" name="Planet TV" type="1" provider="Total TV" onid="366" tsid="50500" namespace="0x00a00000" />
        <service id="0x06de" sid="1758" name="Prva CG" type="1" provider="Total TV" onid="366" tsid="50500" namespace="0x00a00000" />
        <service id="0x06e3" sid="1763" name="Prva World" type="1" provider="Total TV" onid="366" tsid="50500" namespace="0x00a00000" />
        <service id="0x06d7" sid="1751" name="RTS 1 HD" type="1" provider="Total TV" onid="366" tsid="50500" namespace="0x00a00000" />
        <service id="0x06d8" sid="1752" name="RTS 2 HD" type="1" provider="Total TV" onid="366" tsid="50500" namespace="0x00a00000" />
        <service id="0x06e2" sid="1762" name="SK Golf" type="1" provider="Total TV" onid="366" tsid="50500" namespace="0x00a00000" />
        <service id="0x06dc" sid="1756" name="TV SLO 1 HD" type="1" provider="SBB" onid="366" tsid="50500" namespace="0x00a00000" />
        <service id="0x06dd" sid="1757" name="TV SLO 2 HD" type="1" provider="Total TV" onid="366" tsid="50500" namespace="0x00a00000" />
      </transponder>
    </satellite>
    <satellite key="00a00000:c5a8:016e" name="Eutelsat-16.0E" namespace="0x00a00000" position="16">
      <transponder key="00a00000:c5a8:016e" frequency="11554000" symbol_rate="30000000" polarization="V" fec="4" system="0" modulation="0">
        <service id="0x071a" sid="1818" name="Arena Esport" type="22" provider="A1 HR" onid="366" tsid="50600" namespace="0x00a00000" />
        <service id="0x02cc" sid="716" name="Arena Fight" type="22" provider="A1 HR" onid="366" tsid="50600" namespace="0x00a00000" />
        <service id="0x02c6" sid="710" name="Arena Sport 2 HD" type="25" provider="A1 HR" onid="366" tsid="50600" namespace="0x00a00000" />
        <service id="0x02ce" sid="718" name="Arena Sport 4 HD" type="25" provider="A1 HR" onid="366" tsid="50600" namespace="0x00a00000" />
        <service id="0x02cf" sid="719" name="Arena Sport 6 HD" type="25" provider="A1 HR" onid="366" tsid="50600" namespace="0x00a00000" />
        <service id="0x071d" sid="1821" name="Arena Sport 8 HD" type="25" provider="A1 HR" onid="366" tsid="50600" namespace="0x00a00000" />
        <service id="0x073b" sid="1851" name="AXN" type="22" provider="A1 HR" onid="366" tsid="50600" namespace="0x00a00000" />
        <service id="0x070e" sid="1806" name="Balkanika TV" type="22" provider="A1 HR" onid="366" tsid="50600" namespace="0x00a00000" />
        <service id="0x02c9" sid="713" name="BBC Earth HD" type="25" provider="A1 HR" onid="366" tsid="50600" namespace="0x00a00000" />
        <service id="0x02cb" sid="715" name="CBS Reality" type="22" provider="A1 HR" onid="366" tsid="50600" namespace="0x00a00000" />
        <service id="0x071e" sid="1822" name="CineStar TV 1" type="22" provider="A1 HR" onid="366" tsid="50600" namespace="0x00a00000" />
        <service id="0x071b" sid="1819" name="CineStar TV Action and Thriller" type="22" provider="A1 HR" onid="366" tsid="50600" namespace="0x00a00000" />
        <service id="0x02e1" sid="737" name="CineStar TV Premiere 1 HD" type="25" provider="A1 HR" onid="366" tsid="50600" namespace="0x00a00000" />
        <service id="0x02e0" sid="736" name="CineStar TV Premiere 2" type="22" provider="A1 HR" onid="366" tsid="50600" namespace="0x00a00000" />
        <service id="0x02cd" sid="717" name="DIVA" type="22" provider="A1 HR" onid="366" tsid="50600" namespace="0x00a00000" />
        <service id="0x02e2" sid="738" name="E!" type="22" provider="A1 HR" onid="366" tsid="50600" namespace="0x00a00000" />
        <service id="0x02c5" sid="709" name="Good Times HD" type="25" provider="A1 HR" onid="366" tsid="50600" namespace="0x00a00000" />
        <service id="0x02db" sid="731" name="GP 1" type="22" provider="A1 HR" onid="366" tsid="50600" namespace="0x00a00000" />
        <service id="0x02ca" sid="714" name="HTV3 HD" type="25" provider="A1 HR" onid="366" tsid="50600" namespace="0x00a00000" />
        <service id="0x02dc" sid="732" name="HTV4 HD" type="25" provider="A1 HR" onid="366" tsid="50600" namespace="0x00a00000" />
        <service id="0x02c7" sid="711" name="Hustler HD" type="25" provider="A1 HR" onid="366" tsid="50600" namespace="0x00a00000" />
        <service id="0x02c8" sid="712" name="Hustler TV" type="22" provider="A1 HR" onid="366" tsid="50600" namespace="0x00a00000" />
        <service id="0x02d3" sid="723" name="Kino TV HD" type="25" provider="A1 HR" onid="366" tsid="50600" namespace="0x00a00000" />
        <service id="0x072c" sid="1836" name="Mediaset Italia" type="22" provider="A1 HR" onid="366" tsid="50600" namespace="0x00a00000" />
        <service id="0x072e" sid="1838" name="MTV" type="22" provider="A1 HR" onid="366" tsid="50600" namespace="0x00a00000" />
        <service id="0x02d9" sid="729" name="MTV 00s" type="22" provider="A1 HR" onid="366" tsid="50600" namespace="0x00a00000" />
        <service id="0x070b" sid="1803" name="RiC" type="22" provider="A1 HR" onid="366" tsid="50600" namespace="0x00a00000" />
        <service id="0x071c" sid="1820" name="RTL Crime" type="22" provider="A1 HR" onid="366" tsid="50600" namespace="0x00a00000" />
        <service id="0x071f" sid="1823" name="RTL Passion" type="22" provider="A1 HR" onid="366" tsid="50600" namespace="0x00a00000" />
        <service id="0x070c" sid="1804" name="Toxic Folk" type="22" provider="A1 HR" onid="366" tsid="50600" namespace="0x00a00000" />
        <service id="0x070d" sid="1805" name="Toxic TV" type="22" provider="A1 HR" onid="366" tsid="50600" namespace="0x00a00000" />
        <service id="0x073d" sid="1853" name="Woman" type="22" provider="A1 HR" onid="366" tsid="50600" namespace="0x00a00000" />
      </transponder>
    </satellite>
    <satellite key="00a00000:c6d4:016e" name="Eutelsat-16.0E" namespace="0x00a00000" position="16">
      <transponder key="00a00000:c6d4:016e" frequency="11637000" symbol_rate="30000000" polarization="H" fec="4" system="0" modulation="0">
        <service id="0x030c" sid="780" name="ARENA HD" type="25" provider="A1 Broadcasting" onid="366" tsid="50900" namespace="0x00a00000" />
        <service id="0x030a" sid="778" name="Arena Sport 10 HD" type="25" provider="A1 HR" onid="366" tsid="50900" namespace="0x00a00000" />
        <service id="0x077a" sid="1914" name="AXN Spin" type="22" provider="A1 Broadcasting" onid="366" tsid="50900" namespace="0x00a00000" />
        <service id="0x0134" sid="308" name="B1 HD" type="25" provider="A1 Broadcasting" onid="366" tsid="50900" namespace="0x00a00000" />
        <service id="0x030e" sid="782" name="BabesTV" type="22" provider="A1 Broadcasting" onid="366" tsid="50900" namespace="0x00a00000" />
        <service id="0x077d" sid="1917" name="Barely Legal" type="22" provider="A1 Broadcasting" onid="366" tsid="50900" namespace="0x00a00000" />
        <service id="0x076f" sid="1903" name="Body in Balance HD" type="25" provider="A1 Broadcasting" onid="366" tsid="50900" namespace="0x00a00000" />
        <service id="0x0131" sid="305" name="Cartoon Network" type="22" provider="A1 Broadcasting" onid="366" tsid="50900" namespace="0x00a00000" />
        <service id="0x0139" sid="313" name="Cinemax 2 HD" type="25" provider="A1 HR" onid="366" tsid="50900" namespace="0x00a00000" />
        <service id="0x013e" sid="318" name="Cinemax 2 HD" type="25" provider="A1 Broadcasting" onid="366" tsid="50900" namespace="0x00a00000" />
        <service id="0x0138" sid="312" name="Cinemax HD" type="25" provider="A1 HR" onid="366" tsid="50900" namespace="0x00a00000" />
        <service id="0x079a" sid="1946" name="Cinemax HD" type="25" provider="A1 Broadcasting" onid="366" tsid="50900" namespace="0x00a00000" />
        <service id="0x077f" sid="1919" name="Da Vinci LEARNING" type="22" provider="A1 HR" onid="366" tsid="50900" namespace="0x00a00000" />
        <service id="0x0132" sid="306" name="Disney Channel Romania" type="22" provider="A1 Broadcasting" onid="366" tsid="50900" namespace="0x00a00000" />
        <service id="0x030d" sid="781" name="Gold TV" type="22" provider="A1 Broadcasting" onid="366" tsid="50900" namespace="0x00a00000" />
        <service id="0x0137" sid="311" name="HBO 2 HD" type="25" provider="A1 HR" onid="366" tsid="50900" namespace="0x00a00000" />
        <service id="0x031c" sid="796" name="HBO 3 HD" type="25" provider="A1 HR" onid="366" tsid="50900" namespace="0x00a00000" />
        <service id="0x0136" sid="310" name="HBO HD" type="25" provider="A1 HR" onid="366" tsid="50900" namespace="0x00a00000" />
        <service id="0x0133" sid="307" name="History HD" type="25" provider="A1 HR" onid="366" tsid="50900" namespace="0x00a00000" />
        <service id="0x076e" sid="1902" name="History HD" type="25" provider="A1 Broadcasting" onid="366" tsid="50900" namespace="0x00a00000" />
        <service id="0x030f" sid="783" name="Reality Kings TV" type="22" provider="A1 Broadcasting" onid="366" tsid="50900" namespace="0x00a00000" />
        <service id="0x012e" sid="302" name="RiC International HD" type="25" provider="A1 Broadcasting" onid="366" tsid="50900" namespace="0x00a00000" />
        <service id="0x0130" sid="304" name="Travelxp HD" type="25" provider="A1 Broadcasting" onid="366" tsid="50900" namespace="0x00a00000" />
        <service id="0x076d" sid="1901" name="Wness TV" type="22" provider="A1 Broadcasting" onid="366" tsid="50900" namespace="0x00a00000" />
        <service id="0x030b" sid="779" name="YU PLANET" type="22" provider="A1 Broadcasting" onid="366" tsid="50900" namespace="0x00a00000" />
        <service id="0x012f" sid="303" name="ZDRAVA TV" type="22" provider="A1 Broadcasting" onid="366" tsid="50900" namespace="0x00a00000" />
      </transponder>
    </satellite>
    <satellite key="00a00000:c738:016e" name="Eutelsat-16.0E" namespace="0x00a00000" position="16">
      <transponder key="00a00000:c738:016e" frequency="11637000" symbol_rate="30000000" polarization="V" fec="2" system="0" modulation="0">
        <service id="0x0d49" sid="3401" name="HRT-TV1 HD" type="25" provider="OIV" onid="366" tsid="51000" namespace="0x00a00000" />
        <service id="0x0d4a" sid="3402" name="HRT-TV2 HD" type="25" provider="OIV" onid="366" tsid="51000" namespace="0x00a00000" />
        <service id="0x0d4b" sid="3403" name="HRT-TV3 HD" type="25" provider="OIV" onid="366" tsid="51000" namespace="0x00a00000" />
        <service id="0x0d4c" sid="3404" name="HRT-TV4 HD" type="25" provider="OIV" onid="366" tsid="51000" namespace="0x00a00000" />
        <service id="0x0d4e" sid="3406" name="HRTInt. HD" type="25" provider="OIV" onid="366" tsid="51000" namespace="0x00a00000" />
        <service id="0x0d67" sid="3431" name="SLO1 HD" type="25" provider="RTV SLOVENIJA" onid="366" tsid="51000" namespace="0x00a00000" />
        <service id="0x0d68" sid="3432" name="SLO2 HD" type="25" provider="RTV SLOVENIJA" onid="366" tsid="51000" namespace="0x00a00000" />
        <service id="0x0d69" sid="3433" name="SLO3 HD" type="25" provider="RTV SLOVENIJA" onid="366" tsid="51000" namespace="0x00a00000" />
        <service id="0x0d58" sid="3416" name="HKR" type="2" provider="OIV" onid="366" tsid="51000" namespace="0x00a00000" radio="1" />
        <service id="0x0d53" sid="3411" name="HRT-HR1" type="2" provider="OIV" onid="366" tsid="51000" namespace="0x00a00000" radio="1" />
        <service id="0x0d54" sid="3412" name="HRT-HR2" type="2" provider="OIV" onid="366" tsid="51000" namespace="0x00a00000" radio="1" />
        <service id="0x0d55" sid="3413" name="HRT-HR3" type="2" provider="OIV" onid="366" tsid="51000" namespace="0x00a00000" radio="1" />
        <service id="0x0d6c" sid="3436" name="RASLO ARS" type="2" provider="RTV SLOVENIJA" onid="366" tsid="51000" namespace="0x00a00000" radio="1" />
        <service id="0x0d6a" sid="3434" name="RASLO PRVI" type="2" provider="RTV SLOVENIJA" onid="366" tsid="51000" namespace="0x00a00000" radio="1" />
        <service id="0x0d6d" sid="3437" name="RASLO RADIO SI" type="2" provider="RTV SLOVENIJA" onid="366" tsid="51000" namespace="0x00a00000" radio="1" />
        <service id="0x0d6b" sid="3435" name="RASLO VAL 202" type="2" provider="RTV SLOVENIJA" onid="366" tsid="51000" namespace="0x00a00000" radio="1" />
      </transponder>
    </satellite>
    <satellite key="00a00000:cb2b:016e" name="Eutelsat-16.0E" namespace="0x00a00000" position="16">
      <transponder key="00a00000:cb2b:016e" frequency="11178000" symbol_rate="27500000" polarization="V" fec="7" system="0" modulation="0">
        <service id="0x0025" sid="37" name="City Play" type="1" provider="Pink" onid="366" tsid="52011" namespace="0x00a00000" />
        <service id="0x002b" sid="43" name="HA HA" type="1" provider="Pink" onid="366" tsid="52011" namespace="0x00a00000" />
        <service id="0x002c" sid="44" name="LOL" type="1" provider="Pink" onid="366" tsid="52011" namespace="0x00a00000" />
        <service id="0x0007" sid="7" name="Pink Action" type="1" provider="Pink" onid="366" tsid="52011" namespace="0x00a00000" />
        <service id="0x002d" sid="45" name="Pink BH" type="1" provider="Total TV" onid="366" tsid="52011" namespace="0x00a00000" />
        <service id="0x005b" sid="91" name="Pink Classic" type="1" provider="Pink" onid="366" tsid="52011" namespace="0x00a00000" />
        <service id="0x0002" sid="2" name="Pink Extra" type="1" provider="Pink" onid="366" tsid="52011" namespace="0x00a00000" />
        <service id="0x000c" sid="12" name="Pink Family" type="1" provider="Pink" onid="366" tsid="52011" namespace="0x00a00000" />
        <service id="0x0009" sid="9" name="Pink Film" type="1" provider="Pink" onid="366" tsid="52011" namespace="0x00a00000" />
        <service id="0x0020" sid="32" name="Pink Kids" type="1" provider="Total TV" onid="366" tsid="52011" namespace="0x00a00000" />
        <service id="0x0029" sid="41" name="Pink Kuvar" type="1" provider="Pink" onid="366" tsid="52011" namespace="0x00a00000" />
        <service id="0x006a" sid="106" name="Pink M" type="1" provider="Total TV" onid="366" tsid="52011" namespace="0x00a00000" />
        <service id="0x0008" sid="8" name="Pink Movies" type="1" provider="Pink" onid="366" tsid="52011" namespace="0x00a00000" />
        <service id="0x000a" sid="10" name="Pink Music" type="1" provider="Pink" onid="366" tsid="52011" namespace="0x00a00000" />
        <service id="0x0023" sid="35" name="Pink Music 2" type="1" provider="Pink" onid="366" tsid="52011" namespace="0x00a00000" />
        <service id="0x0001" sid="1" name="Pink Plus" type="1" provider="Pink" onid="366" tsid="52011" namespace="0x00a00000" />
        <service id="0x003e" sid="62" name="Pink Serije" type="1" provider="Pink" onid="366" tsid="52011" namespace="0x00a00000" />
        <service id="0x0028" sid="40" name="Pink Show" type="1" provider="Pink" onid="366" tsid="52011" namespace="0x00a00000" />
        <service id="0x002a" sid="42" name="Pink Super Kids" type="1" provider="Pink" onid="366" tsid="52011" namespace="0x00a00000" />
        <service id="0x005a" sid="90" name="Pink Western" type="1" provider="Pink" onid="366" tsid="52011" namespace="0x00a00000" />
        <service id="0x003f" sid="63" name="Pink World Cinema" type="1" provider="Pink" onid="366" tsid="52011" namespace="0x00a00000" />
        <service id="0x0022" sid="34" name="Zadruga Live 2" type="1" provider="Pink" onid="366" tsid="52011" namespace="0x00a00000" />
        <service id="0x0024" sid="36" name="Zadruga Live 3" type="1" provider="Pink" onid="366" tsid="52011" namespace="0x00a00000" />
        <service id="0x005d" sid="93" name="Zadruga Live 4" type="1" provider="Pink" onid="366" tsid="52011" namespace="0x00a00000" />
        <service id="0x0003" sid="3" name="Radio Pink" type="2" provider="Pink" onid="366" tsid="52011" namespace="0x00a00000" radio="1" />
        <service id="0x000d" sid="13" name="WTF radio" type="2" provider="Total TV" onid="366" tsid="52011" namespace="0x00a00000" radio="1" />
      </transponder>
    </satellite>
    <satellite key="00a00000:cb2c:016e" name="Eutelsat-16.0E" namespace="0x00a00000" position="16">
      <transponder key="00a00000:cb2c:016e" frequency="11139000" symbol_rate="27500000" polarization="V" fec="7" system="0" modulation="0">
        <service id="0x00c1" sid="193" name="Bravo Music" type="1" provider="pink" onid="366" tsid="52012" namespace="0x00a00000" />
        <service id="0x006b" sid="107" name="Insta TV HD" type="25" provider="pink" onid="366" tsid="52012" namespace="0x00a00000" />
        <service id="0x001d" sid="29" name="Pink Comedy" type="1" provider="pink" onid="366" tsid="52012" namespace="0x00a00000" />
        <service id="0x0017" sid="23" name="Pink Crime&amp;Mystery" type="1" provider="pink" onid="366" tsid="52012" namespace="0x00a00000" />
        <service id="0x001c" sid="28" name="Pink Folk" type="1" provider="pink" onid="366" tsid="52012" namespace="0x00a00000" />
        <service id="0x002c" sid="44" name="Pink Folk 2" type="1" provider="pink" onid="366" tsid="52012" namespace="0x00a00000" />
        <service id="0x001e" sid="30" name="Pink HD" type="25" provider="pink" onid="366" tsid="52012" namespace="0x00a00000" />
        <service id="0x00b8" sid="184" name="Pink Hits 1" type="1" provider="pink" onid="366" tsid="52012" namespace="0x00a00000" />
        <service id="0x003e" sid="62" name="Pink Hits 2" type="1" provider="pink" onid="366" tsid="52012" namespace="0x00a00000" />
        <service id="0x002b" sid="43" name="Pink Horror" type="1" provider="pink" onid="366" tsid="52012" namespace="0x00a00000" />
        <service id="0x003f" sid="63" name="Pink Koncert" type="1" provider="pink" onid="366" tsid="52012" namespace="0x00a00000" />
        <service id="0x003d" sid="61" name="Pink Pedia" type="1" provider="pink" onid="366" tsid="52012" namespace="0x00a00000" />
        <service id="0x001b" sid="27" name="Pink Premium HD" type="25" provider="pink" onid="366" tsid="52012" namespace="0x00a00000" />
        <service id="0x001a" sid="26" name="Pink Reality" type="1" provider="pink" onid="366" tsid="52012" namespace="0x00a00000" />
        <service id="0x0018" sid="24" name="Pink Romance" type="1" provider="pink" onid="366" tsid="52012" namespace="0x00a00000" />
        <service id="0x0019" sid="25" name="Pink Sci-Fi&amp;Fantasy" type="1" provider="pink" onid="366" tsid="52012" namespace="0x00a00000" />
        <service id="0x003a" sid="58" name="Pink Soap" type="1" provider="pink" onid="366" tsid="52012" namespace="0x00a00000" />
        <service id="0x005c" sid="92" name="Pink Style" type="1" provider="pink" onid="366" tsid="52012" namespace="0x00a00000" />
        <service id="0x0016" sid="22" name="Pink Thriller" type="1" provider="pink" onid="366" tsid="52012" namespace="0x00a00000" />
        <service id="0x003c" sid="60" name="Pink Zabava" type="1" provider="pink" onid="366" tsid="52012" namespace="0x00a00000" />
        <service id="0x00a6" sid="166" name="Pink&amp;Roll" type="1" provider="pink" onid="366" tsid="52012" namespace="0x00a00000" />
        <service id="0x004e" sid="78" name="Red HD" type="25" provider="pink" onid="366" tsid="52012" namespace="0x00a00000" />
        <service id="0x0015" sid="21" name="Vesti HD" type="25" provider="pink" onid="366" tsid="52012" namespace="0x00a00000" />
      </transponder>
    </satellite>
    <satellite key="00a02b2e:4300:0001" name="Eutelsat-16.0E" namespace="0x00a02b2e" position="16">
      <transponder key="00a02b2e:4300:0001" frequency="11054000" symbol_rate="365000" polarization="H" fec="3" system="0" modulation="0">
        <service id="0x03e8" sid="1000" name="100%NL Main" type="2" provider="CastorNetworks" onid="1" tsid="17152" namespace="0x00a02b2e" radio="1" />
        <service id="0x07d0" sid="2000" name="&gt;Slam! Main" type="2" provider="CastorNetworks" onid="1" tsid="17152" namespace="0x00a02b2e" radio="1" />
      </transponder>
    </satellite>
    <satellite key="00a03111:0001:ffff" name="Eutelsat-16.0E" namespace="0x00a03111" position="16">
      <transponder key="00a03111:0001:ffff" frequency="12561000" symbol_rate="3703000" polarization="H" fec="5" system="0" modulation="0">
        <service id="0x0001" sid="1" name="SIC INTERNACIONAL" type="1" provider="SIC INTERNACIONAL" onid="65535" tsid="1" namespace="0x00a03111" />
      </transponder>
    </satellite>
    <satellite key="00a0315f:0000:0000" name="Eutelsat-16.0E" namespace="0x00a0315f" position="16">
      <transponder key="00a0315f:0000:0000" frequency="12639000" symbol_rate="10833000" polarization="H" fec="7" system="0" modulation="0">
        <service id="0x008c" sid="140" name="RTSH 24 HD" type="25" provider="RTSH" onid="0" tsid="0" namespace="0x00a0315f" />
        <service id="0x004e" sid="78" name="RTSH 3" type="22" provider="RTSH" onid="0" tsid="0" namespace="0x00a0315f" />
        <service id="0x00a0" sid="160" name="RTSH Muzike" type="22" provider="RTSH" onid="0" tsid="0" namespace="0x00a0315f" />
        <service id="0x0034" sid="52" name="RTSH Plus" type="22" provider="RTSH" onid="0" tsid="0" namespace="0x00a0315f" />
        <service id="0x006e" sid="110" name="RTSH SAT HD" type="25" provider="RTSH" onid="0" tsid="0" namespace="0x00a0315f" />
        <service id="0x00f0" sid="240" name="RTSH Shkolle HD" type="25" provider="RTSH" onid="0" tsid="0" namespace="0x00a0315f" />
        <service id="0x003c" sid="60" name="RTSH Shqip" type="22" provider="RTSH" onid="0" tsid="0" namespace="0x00a0315f" />
        <service id="0x0044" sid="68" name="Radio Gjirokastra" type="2" provider="RTSH" onid="0" tsid="0" namespace="0x00a0315f" radio="1" />
        <service id="0x00fa" sid="250" name="Radio Korca" type="2" provider="RTSH" onid="0" tsid="0" namespace="0x00a0315f" radio="1" />
        <service id="0x00d2" sid="210" name="Radio Kukesi" type="2" provider="RTSH" onid="0" tsid="0" namespace="0x00a0315f" radio="1" />
        <service id="0x010e" sid="270" name="Radio Shkodra" type="2" provider="RTSH" onid="0" tsid="0" namespace="0x00a0315f" radio="1" />
        <service id="0x00aa" sid="170" name="Radio Tirana 1" type="2" provider="RTSH" onid="0" tsid="0" namespace="0x00a0315f" radio="1" />
        <service id="0x00b4" sid="180" name="Radio Tirana 2" type="2" provider="RTSH" onid="0" tsid="0" namespace="0x00a0315f" radio="1" />
        <service id="0x00e6" sid="230" name="Radio Tirana 3" type="2" provider="RTSH" onid="0" tsid="0" namespace="0x00a0315f" radio="1" />
        <service id="0x004c" sid="76" name="Radio Tirana Femiije" type="2" provider="RTSH" onid="0" tsid="0" namespace="0x00a0315f" radio="1" />
        <service id="0x00be" sid="190" name="Radio Tirana Internacional" type="2" provider="RTSH" onid="0" tsid="0" namespace="0x00a0315f" radio="1" />
        <service id="0x00dc" sid="220" name="Radio Tirana Jazz" type="2" provider="RTSH" onid="0" tsid="0" namespace="0x00a0315f" radio="1" />
        <service id="0x00c8" sid="200" name="Radio Tirana Klasik" type="2" provider="RTSH" onid="0" tsid="0" namespace="0x00a0315f" radio="1" />
      </transponder>
    </satellite>
    <satellite key="00a03195:0001:0001" name="Eutelsat-16.0E" namespace="0x00a03195" position="16">
      <transponder key="00a03195:0001:0001" frequency="12693000" symbol_rate="2222000" polarization="H" fec="8" system="0" modulation="0">
        <service id="0x0001" sid="1" name="EPQ C1" type="1" provider="EPQ" onid="1" tsid="1" namespace="0x00a03195" />
        <service id="0x0002" sid="2" name="Quad SOGEI" type="1" provider="AUX C" onid="1" tsid="1" namespace="0x00a03195" />
      </transponder>
    </satellite>
    <satellite key="00a031b4:0065:ffff" name="Eutelsat-16.0E" namespace="0x00a031b4" position="16">
      <transponder key="00a031b4:0065:ffff" frequency="12724000" symbol_rate="4099000" polarization="H" fec="3" system="0" modulation="0">
        <service id="0x0029" sid="41" name="101 - IPPICA1" type="1" provider="" onid="65535" tsid="101" namespace="0x00a031b4" />
        <service id="0x002a" sid="42" name="102 - IPPICA2" type="1" provider="" onid="65535" tsid="101" namespace="0x00a031b4" />
      </transponder>
    </satellite>
    <satellite key="00a0b0f9:0001:0001" name="Eutelsat-16.0E" namespace="0x00a0b0f9" position="16">
      <transponder key="00a0b0f9:0001:0001" frequency="12537000" symbol_rate="13465000" polarization="V" fec="3" system="0" modulation="0">
        <service id="0x0007" sid="7" name="Arta TV" type="1" provider="" onid="1" tsid="1" namespace="0x00a0b0f9" />
        <service id="0x000b" sid="11" name="ATV" type="1" provider="" onid="1" tsid="1" namespace="0x00a0b0f9" />
        <service id="0x0006" sid="6" name="First Channel" type="1" provider="GMDS" onid="1" tsid="1" namespace="0x00a0b0f9" />
        <service id="0x0001" sid="1" name="KTV" type="1" provider="GMDS" onid="1" tsid="1" namespace="0x00a0b0f9" />
        <service id="0x0003" sid="3" name="RTV21" type="1" provider="GMDS" onid="1" tsid="1" namespace="0x00a0b0f9" />
        <service id="0x000a" sid="10" name="RTV21M" type="1" provider="" onid="1" tsid="1" namespace="0x00a0b0f9" />
        <service id="0x0008" sid="8" name="T7" type="1" provider="" onid="1" tsid="1" namespace="0x00a0b0f9" />
        <service id="0x0009" sid="9" name="Zico TV" type="1" provider="" onid="1" tsid="1" namespace="0x00a0b0f9" />
      </transponder>
    </satellite>
    <satellite key="00a0b104:0001:0001" name="Eutelsat-16.0E" namespace="0x00a0b104" position="16">
      <transponder key="00a0b104:0001:0001" frequency="12548000" symbol_rate="3617000" polarization="V" fec="3" system="0" modulation="0">
        <service id="0x0001" sid="1" name="Kanal D" type="1" provider="DoganMedia" onid="1" tsid="1" namespace="0x00a0b104" />
      </transponder>
    </satellite>
  </satellites>
</zapit>
