<?xml version='1.0' encoding='utf-8'?>
<zapit>
  <bouquet name="General" category="tv">
    <channel service_ref="1:0:22:1c0c:0384:0110:eeee0000:0:0:0:" name="269ITALIA" service_name="269ITALIA" provider="" sid="7180" onid="272" tsid="900" />
    <channel service_ref="1:0:22:1c25:0384:0110:eeee0000:0:0:0:" name="9Novanta" service_name="9Novanta" provider="" sid="7205" onid="272" tsid="900" />
    <channel service_ref="1:0:22:1c1b:0384:0110:eeee0000:0:0:0:" name="ADNPLAY" service_name="ADNPLAY" provider="" sid="7195" onid="272" tsid="900" />
    <channel service_ref="1:0:22:1c1f:0384:0110:eeee0000:0:0:0:" name="AP CHANNEL" service_name="AP CHANNEL" provider="" sid="7199" onid="272" tsid="900" />
    <channel service_ref="1:0:1:1c12:0384:0110:eeee0000:0:0:0:" name="ArteIN" service_name="ArteIN" provider="" sid="7186" onid="272" tsid="900" />
    <channel service_ref="1:0:22:1c0a:0384:0110:eeee0000:0:0:0:" name="ARTEORA TV" service_name="ARTEORA TV" provider="" sid="7178" onid="272" tsid="900" />
    <channel service_ref="1:0:22:1c19:0384:0110:eeee0000:0:0:0:" name="BABEL" service_name="BABEL" provider="" sid="7193" onid="272" tsid="900" />
    <channel service_ref="1:0:22:1c01:0384:0110:eeee0000:0:0:0:" name="BOM CHANNEL" service_name="BOM CHANNEL" provider="" sid="7169" onid="272" tsid="900" />
    <channel service_ref="1:0:22:1c15:0384:0110:eeee0000:0:0:0:" name="Byoblu" service_name="Byoblu" provider="" sid="7189" onid="272" tsid="900" />
    <channel service_ref="1:0:25:1c03:0384:0110:eeee0000:0:0:0:" name="CANALE 122" service_name="CANALE 122" provider="" sid="7171" onid="272" tsid="900" />
    <channel service_ref="1:0:22:1c06:0384:0110:eeee0000:0:0:0:" name="Canale 165" service_name="Canale 165" provider="" sid="7174" onid="272" tsid="900" />
    <channel service_ref="1:0:22:1c0d:0384:0110:eeee0000:0:0:0:" name="CANALE168" service_name="CANALE168" provider="" sid="7181" onid="272" tsid="900" />
    <channel service_ref="1:0:22:1c0e:0384:0110:eeee0000:0:0:0:" name="CANALE169" service_name="CANALE169" provider="" sid="7182" onid="272" tsid="900" />
    <channel service_ref="1:0:22:1c11:0384:0110:eeee0000:0:0:0:" name="DELUXE 139" service_name="DELUXE 139" provider="" sid="7185" onid="272" tsid="900" />
    <channel service_ref="1:0:1:1c14:0384:0110:eeee0000:0:0:0:" name="EQUtv" service_name="EQUtv" provider="EPIQA" sid="7188" onid="272" tsid="900" />
    <channel service_ref="1:0:22:1c04:0384:0110:eeee0000:0:0:0:" name="FASCINO TV" service_name="FASCINO TV" provider="" sid="7172" onid="272" tsid="900" />
    <channel service_ref="1:0:22:1c13:0384:0110:eeee0000:0:0:0:" name="FIRE TV" service_name="FIRE TV" provider="" sid="7187" onid="272" tsid="900" />
    <channel service_ref="1:0:22:1c0b:0384:0110:eeee0000:0:0:0:" name="GENIUS 240" service_name="GENIUS 240" provider="" sid="7179" onid="272" tsid="900" />
    <channel service_ref="1:0:130:1f4f:0384:0110:eeee0000:0:0:0:" name="HUMAX DOWNLOAD SVC" service_name="HUMAX DOWNLOAD SVC" provider="" sid="8015" onid="272" tsid="900" />
    <channel service_ref="1:0:22:1c10:0384:0110:eeee0000:0:0:0:" name="Lineagem" service_name="Lineagem" provider="" sid="7184" onid="272" tsid="900" />
    <channel service_ref="1:0:22:1c08:0384:0110:eeee0000:0:0:0:" name="Maria Vision" service_name="Maria Vision" provider="" sid="7176" onid="272" tsid="900" />
    <channel service_ref="1:0:22:1c21:0384:0110:eeee0000:0:0:0:" name="MOMENTO TV" service_name="MOMENTO TV" provider="" sid="7201" onid="272" tsid="900" />
    <channel service_ref="1:0:22:1c22:0384:0110:eeee0000:0:0:0:" name="My Plus Tv" service_name="My Plus Tv" provider="" sid="7202" onid="272" tsid="900" />
    <channel service_ref="1:0:22:1c26:0384:0110:eeee0000:0:0:0:" name="Nexum Channel" service_name="Nexum Channel" provider="" sid="7206" onid="272" tsid="900" />
    <channel service_ref="1:0:22:1c17:0384:0110:eeee0000:0:0:0:" name="NTR RADIO 264 MUSIC TV" service_name="NTR RADIO 264 MUSIC TV" provider="" sid="7191" onid="272" tsid="900" />
    <channel service_ref="1:0:22:1c23:0384:0110:eeee0000:0:0:0:" name="Onair Italia" service_name="Onair Italia" provider="" sid="7203" onid="272" tsid="900" />
    <channel service_ref="1:0:22:1c0f:0384:0110:eeee0000:0:0:0:" name="ORLERTV" service_name="ORLERTV" provider="" sid="7183" onid="272" tsid="900" />
    <channel service_ref="1:0:22:1c18:0384:0110:eeee0000:0:0:0:" name="PADRE PIO TV" service_name="PADRE PIO TV" provider="" sid="7192" onid="272" tsid="900" />
    <channel service_ref="1:0:22:1c02:0384:0110:eeee0000:0:0:0:" name="PRIMA FREE" service_name="PRIMA FREE" provider="" sid="7170" onid="272" tsid="900" />
    <channel service_ref="1:0:22:1c05:0384:0110:eeee0000:0:0:0:" name="PRIMASET" service_name="PRIMASET" provider="" sid="7173" onid="272" tsid="900" />
    <channel service_ref="1:0:1:1c20:0384:0110:eeee0000:0:0:0:" name="Radio Margherita Piu'" service_name="Radio Margherita Piu'" provider="" sid="7200" onid="272" tsid="900" />
    <channel service_ref="1:0:22:1c16:0384:0110:eeee0000:0:0:0:" name="Radio Radio TV" service_name="Radio Radio TV" provider="" sid="7190" onid="272" tsid="900" />
    <channel service_ref="1:0:22:1c1a:0384:0110:eeee0000:0:0:0:" name="RADIO ROMA NETWORK" service_name="RADIO ROMA NETWORK" provider="" sid="7194" onid="272" tsid="900" />
    <channel service_ref="1:0:22:1c27:0384:0110:eeee0000:0:0:0:" name="Satisfaction TV" service_name="Satisfaction TV" provider="" sid="7207" onid="272" tsid="900" />
    <channel service_ref="1:0:22:1c00:0384:0110:eeee0000:0:0:0:" name="SICILIA 242" service_name="SICILIA 242" provider="" sid="7168" onid="272" tsid="900" />
    <channel service_ref="1:0:22:1c1d:0384:0110:eeee0000:0:0:0:" name="SUPERSIX TV" service_name="SUPERSIX TV" provider="" sid="7197" onid="272" tsid="900" />
    <channel service_ref="1:0:22:1c1e:0384:0110:eeee0000:0:0:0:" name="TCI" service_name="TCI" provider="" sid="7198" onid="272" tsid="900" />
    <channel service_ref="1:0:22:1c09:0384:0110:eeee0000:0:0:0:" name="Teleshopping" service_name="Teleshopping" provider="" sid="7177" onid="272" tsid="900" />
    <channel service_ref="1:0:22:1c24:0384:0110:eeee0000:0:0:0:" name="Terre Euganee Channel" service_name="Terre Euganee Channel" provider="" sid="7204" onid="272" tsid="900" />
    <channel service_ref="1:0:22:1c07:0384:0110:eeee0000:0:0:0:" name="Tesory Channel" service_name="Tesory Channel" provider="" sid="7175" onid="272" tsid="900" />
    <channel service_ref="1:0:22:1c1c:0384:0110:eeee0000:0:0:0:" name="Tesory Channel" service_name="Tesory Channel" provider="" sid="7196" onid="272" tsid="900" />
  </bouquet>
  <bouquet name="Music" category="tv">
    <channel service_ref="1:0:22:1c17:0384:0110:eeee0000:0:0:0:" name="NTR RADIO 264 MUSIC TV" service_name="NTR RADIO 264 MUSIC TV" provider="" sid="7191" onid="272" tsid="900" />
  </bouquet>
  <bouquet name="RAI" category="tv">
    <channel service_ref="1:0:22:1c0c:0384:0110:eeee0000:0:0:0:" name="269ITALIA" service_name="269ITALIA" provider="" sid="7180" onid="272" tsid="900" />
    <channel service_ref="1:0:22:1c23:0384:0110:eeee0000:0:0:0:" name="Onair Italia" service_name="Onair Italia" provider="" sid="7203" onid="272" tsid="900" />
  </bouquet>
  <bouquet name="TF1" category="tv">
    <channel service_ref="1:0:25:1c03:0384:0110:eeee0000:0:0:0:" name="CANALE 122" service_name="CANALE 122" provider="" sid="7171" onid="272" tsid="900" />
    <channel service_ref="1:0:22:1c06:0384:0110:eeee0000:0:0:0:" name="Canale 165" service_name="Canale 165" provider="" sid="7174" onid="272" tsid="900" />
    <channel service_ref="1:0:22:1c0d:0384:0110:eeee0000:0:0:0:" name="CANALE168" service_name="CANALE168" provider="" sid="7181" onid="272" tsid="900" />
    <channel service_ref="1:0:22:1c0e:0384:0110:eeee0000:0:0:0:" name="CANALE169" service_name="CANALE169" provider="" sid="7182" onid="272" tsid="900" />
  </bouquet>
  <bouquet name="Switzerland" category="tv">
    <channel service_ref="1:0:22:1c11:0384:0110:eeee0000:0:0:0:" name="DELUXE 139" service_name="DELUXE 139" provider="" sid="7185" onid="272" tsid="900" />
    <channel service_ref="1:0:22:1c09:0384:0110:eeee0000:0:0:0:" name="Teleshopping" service_name="Teleshopping" provider="" sid="7177" onid="272" tsid="900" />
  </bouquet>
  <bouquet name="International" category="tv">
    <channel service_ref="1:0:22:1c25:0384:0110:eeee0000:0:0:0:" name="9Novanta" service_name="9Novanta" provider="" sid="7205" onid="272" tsid="900" />
  </bouquet>
  <bouquet name="Others" category="tv">
    <channel service_ref="1:0:22:1c1b:0384:0110:eeee0000:0:0:0:" name="ADNPLAY" service_name="ADNPLAY" provider="" sid="7195" onid="272" tsid="900" />
    <channel service_ref="1:0:22:1c1f:0384:0110:eeee0000:0:0:0:" name="AP CHANNEL" service_name="AP CHANNEL" provider="" sid="7199" onid="272" tsid="900" />
    <channel service_ref="1:0:1:1c12:0384:0110:eeee0000:0:0:0:" name="ArteIN" service_name="ArteIN" provider="" sid="7186" onid="272" tsid="900" />
    <channel service_ref="1:0:22:1c0a:0384:0110:eeee0000:0:0:0:" name="ARTEORA TV" service_name="ARTEORA TV" provider="" sid="7178" onid="272" tsid="900" />
    <channel service_ref="1:0:22:1c19:0384:0110:eeee0000:0:0:0:" name="BABEL" service_name="BABEL" provider="" sid="7193" onid="272" tsid="900" />
    <channel service_ref="1:0:22:1c01:0384:0110:eeee0000:0:0:0:" name="BOM CHANNEL" service_name="BOM CHANNEL" provider="" sid="7169" onid="272" tsid="900" />
    <channel service_ref="1:0:22:1c15:0384:0110:eeee0000:0:0:0:" name="Byoblu" service_name="Byoblu" provider="" sid="7189" onid="272" tsid="900" />
    <channel service_ref="1:0:1:1c14:0384:0110:eeee0000:0:0:0:" name="EQUtv" service_name="EQUtv" provider="EPIQA" sid="7188" onid="272" tsid="900" />
    <channel service_ref="1:0:22:1c04:0384:0110:eeee0000:0:0:0:" name="FASCINO TV" service_name="FASCINO TV" provider="" sid="7172" onid="272" tsid="900" />
    <channel service_ref="1:0:22:1c13:0384:0110:eeee0000:0:0:0:" name="FIRE TV" service_name="FIRE TV" provider="" sid="7187" onid="272" tsid="900" />
    <channel service_ref="1:0:22:1c0b:0384:0110:eeee0000:0:0:0:" name="GENIUS 240" service_name="GENIUS 240" provider="" sid="7179" onid="272" tsid="900" />
    <channel service_ref="1:0:130:1f4f:0384:0110:eeee0000:0:0:0:" name="HUMAX DOWNLOAD SVC" service_name="HUMAX DOWNLOAD SVC" provider="" sid="8015" onid="272" tsid="900" />
    <channel service_ref="1:0:22:1c10:0384:0110:eeee0000:0:0:0:" name="Lineagem" service_name="Lineagem" provider="" sid="7184" onid="272" tsid="900" />
    <channel service_ref="1:0:22:1c08:0384:0110:eeee0000:0:0:0:" name="Maria Vision" service_name="Maria Vision" provider="" sid="7176" onid="272" tsid="900" />
    <channel service_ref="1:0:22:1c21:0384:0110:eeee0000:0:0:0:" name="MOMENTO TV" service_name="MOMENTO TV" provider="" sid="7201" onid="272" tsid="900" />
    <channel service_ref="1:0:22:1c22:0384:0110:eeee0000:0:0:0:" name="My Plus Tv" service_name="My Plus Tv" provider="" sid="7202" onid="272" tsid="900" />
    <channel service_ref="1:0:22:1c26:0384:0110:eeee0000:0:0:0:" name="Nexum Channel" service_name="Nexum Channel" provider="" sid="7206" onid="272" tsid="900" />
    <channel service_ref="1:0:22:1c0f:0384:0110:eeee0000:0:0:0:" name="ORLERTV" service_name="ORLERTV" provider="" sid="7183" onid="272" tsid="900" />
    <channel service_ref="1:0:22:1c18:0384:0110:eeee0000:0:0:0:" name="PADRE PIO TV" service_name="PADRE PIO TV" provider="" sid="7192" onid="272" tsid="900" />
    <channel service_ref="1:0:22:1c02:0384:0110:eeee0000:0:0:0:" name="PRIMA FREE" service_name="PRIMA FREE" provider="" sid="7170" onid="272" tsid="900" />
    <channel service_ref="1:0:22:1c05:0384:0110:eeee0000:0:0:0:" name="PRIMASET" service_name="PRIMASET" provider="" sid="7173" onid="272" tsid="900" />
    <channel service_ref="1:0:1:1c20:0384:0110:eeee0000:0:0:0:" name="Radio Margherita Piu'" service_name="Radio Margherita Piu'" provider="" sid="7200" onid="272" tsid="900" />
    <channel service_ref="1:0:22:1c16:0384:0110:eeee0000:0:0:0:" name="Radio Radio TV" service_name="Radio Radio TV" provider="" sid="7190" onid="272" tsid="900" />
    <channel service_ref="1:0:22:1c1a:0384:0110:eeee0000:0:0:0:" name="RADIO ROMA NETWORK" service_name="RADIO ROMA NETWORK" provider="" sid="7194" onid="272" tsid="900" />
    <channel service_ref="1:0:22:1c27:0384:0110:eeee0000:0:0:0:" name="Satisfaction TV" service_name="Satisfaction TV" provider="" sid="7207" onid="272" tsid="900" />
    <channel service_ref="1:0:22:1c00:0384:0110:eeee0000:0:0:0:" name="SICILIA 242" service_name="SICILIA 242" provider="" sid="7168" onid="272" tsid="900" />
    <channel service_ref="1:0:22:1c1d:0384:0110:eeee0000:0:0:0:" name="SUPERSIX TV" service_name="SUPERSIX TV" provider="" sid="7197" onid="272" tsid="900" />
    <channel service_ref="1:0:22:1c1e:0384:0110:eeee0000:0:0:0:" name="TCI" service_name="TCI" provider="" sid="7198" onid="272" tsid="900" />
    <channel service_ref="1:0:22:1c24:0384:0110:eeee0000:0:0:0:" name="Terre Euganee Channel" service_name="Terre Euganee Channel" provider="" sid="7204" onid="272" tsid="900" />
    <channel service_ref="1:0:22:1c07:0384:0110:eeee0000:0:0:0:" name="Tesory Channel" service_name="Tesory Channel" provider="" sid="7175" onid="272" tsid="900" />
    <channel service_ref="1:0:22:1c1c:0384:0110:eeee0000:0:0:0:" name="Tesory Channel" service_name="Tesory Channel" provider="" sid="7196" onid="272" tsid="900" />
  </bouquet>
</zapit>
