<?xml version='1.0' encoding='utf-8'?>
<zapit api="4">
  <satellites>
    <satellite key="01cc2b57:0000:0000" name="Sat-46E" namespace="0x01cc2b57" position="46">
      <transponder key="01cc2b57:0000:0000" frequency="11095000" symbol_rate="30000000" polarization="H" fec="4" system="0" modulation="0">
        <service id="0x0001" sid="1" name="1 TV Georgia" type="1" provider="Vector A.G" onid="0" tsid="0" namespace="0x01cc2b57" />
        <service id="0x0002" sid="2" name="Ajara TV" type="1" provider="Vector A.G" onid="0" tsid="0" namespace="0x01cc2b57" />
        <service id="0x000b" sid="11" name="Apostrof TV" type="1" provider="Vector A.G" onid="0" tsid="0" namespace="0x01cc2b57" />
        <service id="0x001b" sid="27" name="Azercosmos Promo" type="1" provider="Azercosmos" onid="0" tsid="0" namespace="0x01cc2b57" />
        <service id="0x000a" sid="10" name="AzTV" type="1" provider="Vector A.G" onid="0" tsid="0" namespace="0x01cc2b57" />
        <service id="0x000c" sid="12" name="Baku TV" type="1" provider="Vector A.G" onid="0" tsid="0" namespace="0x01cc2b57" />
        <service id="0x000d" sid="13" name="Comedy Arkhi" type="1" provider="Vector A.G" onid="0" tsid="0" namespace="0x01cc2b57" />
        <service id="0x001a" sid="26" name="Equalympic TV" type="1" provider="Vector A.G" onid="0" tsid="0" namespace="0x01cc2b57" />
        <service id="0x0004" sid="4" name="GDS TV" type="1" provider="Vector A.G" onid="0" tsid="0" namespace="0x01cc2b57" />
        <service id="0x0003" sid="3" name="Imedi TV" type="1" provider="Vector A.G" onid="0" tsid="0" namespace="0x01cc2b57" />
        <service id="0x0012" sid="18" name="Marao" type="1" provider="Vector A.G" onid="0" tsid="0" namespace="0x01cc2b57" />
        <service id="0x0013" sid="19" name="Topaz 2" type="1" provider="Vector A.G" onid="0" tsid="0" namespace="0x01cc2b57" />
        <service id="0x0006" sid="6" name="TV Pirveli" type="1" provider="Vector A.G" onid="0" tsid="0" namespace="0x01cc2b57" />
        <service id="0x0010" sid="16" name="Georgian radio" type="2" provider="Vector A.G" onid="0" tsid="0" namespace="0x01cc2b57" radio="1" />
        <service id="0x000e" sid="14" name="radio 1 Arkhi Muz." type="2" provider="Vector A.G" onid="0" tsid="0" namespace="0x01cc2b57" radio="1" />
        <service id="0x000f" sid="15" name="radio Ajara" type="2" provider="Vector A.G" onid="0" tsid="0" namespace="0x01cc2b57" radio="1" />
        <service id="0x001d" sid="29" name="radio Imedi" type="2" provider="Vector A.G" onid="0" tsid="0" namespace="0x01cc2b57" radio="1" />
        <service id="0x001e" sid="30" name="radio Iveria" type="2" provider="Vector A.G" onid="0" tsid="0" namespace="0x01cc2b57" radio="1" />
        <service id="0x001f" sid="31" name="radio Saz.Mau" type="2" provider="Vector A.G" onid="0" tsid="0" namespace="0x01cc2b57" radio="1" />
      </transponder>
    </satellite>
    <satellite key="01ccab10:0001:0000" name="Sat-46E" namespace="0x01ccab10" position="46">
      <transponder key="01ccab10:0001:0000" frequency="11024000" symbol_rate="12700000" polarization="V" fec="4" system="0" modulation="0">
        <service id="0x0003" sid="3" name="ARB Gunes HD" type="1" provider="" onid="0" tsid="1" namespace="0x01ccab10" />
        <service id="0x0001" sid="1" name="ARB HD" type="1" provider="" onid="0" tsid="1" namespace="0x01ccab10" />
        <service id="0x0002" sid="2" name="ARB24 HD" type="1" provider="" onid="0" tsid="1" namespace="0x01ccab10" />
        <service id="0x0004" sid="4" name="Kanal S" type="1" provider="" onid="0" tsid="1" namespace="0x01ccab10" />
        <service id="0x0005" sid="5" name="Kepez_FM" type="2" provider="" onid="0" tsid="1" namespace="0x01ccab10" radio="1" />
      </transponder>
    </satellite>
  </satellites>
</zapit>
