<?xml version='1.0' encoding='utf-8'?>
<zapit>
  <bouquet name="General" category="tv">
    <channel service_ref="1:0:25:002b:0001:0001:001e30ee:0:0:0:" name="2M MENA" service_name="2M MENA" provider="2M" sid="43" onid="1" tsid="1" />
    <channel service_ref="1:0:25:002a:0001:0001:001e30ee:0:0:0:" name="2M Monde" service_name="2M Monde" provider="2M" sid="42" onid="1" tsid="1" />
    <channel service_ref="1:0:25:0029:0001:0001:001e30ee:0:0:0:" name="2M National" service_name="2M National" provider="2M" sid="41" onid="1" tsid="1" />
    <channel service_ref="1:0:1:066d:ffff:ffff:001e2ce7:0:0:0:" name="Aden" service_name="Aden" provider="" sid="1645" onid="65535" tsid="65535" />
    <channel service_ref="1:0:25:0001:0001:ffff:001e2d7d:0:0:0:" name="Al Ahd" service_name="Al Ahd" provider="Service Provider" sid="1" onid="65535" tsid="1" />
    <channel service_ref="1:0:25:0001:0001:ffff:001e30f4:0:0:0:" name="Al Hiwar Ettounsi TV" service_name="Al Hiwar Ettounsi TV" provider="Ettounisa" sid="1" onid="65535" tsid="1" />
    <channel service_ref="1:0:25:0001:0001:ffff:001eb108:0:0:0:" name="Al Huja TV" service_name="Al Huja TV" provider="Alhujja Sattelite Channel" sid="1" onid="65535" tsid="1" />
    <channel service_ref="1:0:25:0001:0001:ffff:001e2cdd:0:0:0:" name="Al Iman TV" service_name="Al Iman TV" provider="TANDBERG Television" sid="1" onid="65535" tsid="1" />
    <channel service_ref="1:0:25:0001:0001:ffff:001ead94:0:0:0:" name="Al Ittihad" service_name="Al Ittihad" provider="Etihad" sid="1" onid="65535" tsid="1" />
    <channel service_ref="1:0:25:1efa:006e:006e:001e0000:0:0:0:" name="Al Kawthar" service_name="Al Kawthar" provider="IRIB" sid="7930" onid="110" tsid="110" />
    <channel service_ref="1:0:25:0001:0001:ffff:001eb10e:0:0:0:" name="Al Naeem" service_name="Al Naeem" provider="ALNAEEM TV" sid="1" onid="65535" tsid="1" />
    <channel service_ref="1:0:25:0002:0001:ffff:001eb108:0:0:0:" name="Al Thabat TV" service_name="Al Thabat TV" provider="Althabat" sid="2" onid="65535" tsid="1" />
    <channel service_ref="1:0:25:0001:0001:ffff:001e2d8c:0:0:0:" name="Al-Eshragh TV" service_name="Al-Eshragh TV" provider="Service Provider" sid="1" onid="65535" tsid="1" />
    <channel service_ref="1:0:25:0001:0001:ffff:001e2d83:0:0:0:" name="Alghadeer" service_name="Alghadeer" provider="TandbergTV" sid="1" onid="65535" tsid="1" />
    <channel service_ref="1:0:25:0028:0064:212c:001e0000:0:0:0:" name="Alpha TV Greece" service_name="Alpha TV Greece" provider="DIGEA" sid="40" onid="8492" tsid="100" />
    <channel service_ref="1:0:25:012c:0064:212c:001e0000:0:0:0:" name="ANT 1" service_name="ANT 1" provider="DIGEA" sid="300" onid="8492" tsid="100" />
    <channel service_ref="1:0:25:015e:0064:212c:001e0000:0:0:0:" name="Art TV" service_name="Art TV" provider="DIGEA" sid="350" onid="8492" tsid="100" />
    <channel service_ref="1:0:25:0002:0001:0001:001eb110:0:0:0:" name="Asia TV" service_name="Asia TV" provider="Asia Tv" sid="2" onid="1" tsid="1" />
    <channel service_ref="1:0:25:0041:0001:ffff:001ead94:0:0:0:" name="Baeynat Satellite Channel" service_name="Baeynat Satellite Channel" provider="TV-Provider" sid="65" onid="65535" tsid="1" />
    <channel service_ref="1:0:25:0001:0001:0001:001ead9c:0:0:0:" name="Central Asia TV" service_name="Central Asia TV" provider="Net 1" sid="1" onid="1" tsid="1" />
    <channel service_ref="1:0:25:0002:0001:ffff:001e2b21:0:0:0:" name="Dzair News" service_name="Dzair News" provider="Dzair" sid="2" onid="65535" tsid="1" />
    <channel service_ref="1:0:25:0001:0001:ffff:001e2b21:0:0:0:" name="DZair TV" service_name="DZair TV" provider="Dzair" sid="1" onid="65535" tsid="1" />
    <channel service_ref="1:0:25:008c:0064:212c:001e0000:0:0:0:" name="E TV" service_name="E TV" provider="DIGEA" sid="140" onid="8492" tsid="100" />
    <channel service_ref="1:0:25:000a:0002:212c:001e0000:0:0:0:" name="ERT 1" service_name="ERT 1" provider="ERT" sid="10" onid="8492" tsid="2" />
    <channel service_ref="1:0:25:000e:0002:212c:001e0000:0:0:0:" name="ERT 2" service_name="ERT 2" provider="ERT" sid="14" onid="8492" tsid="2" />
    <channel service_ref="1:0:25:0011:0002:212c:001e0000:0:0:0:" name="ERT 3" service_name="ERT 3" provider="ERT" sid="17" onid="8492" tsid="2" />
    <channel service_ref="1:0:25:001c:0002:212c:001e0000:0:0:0:" name="ERT HD" service_name="ERT HD" provider="ERT" sid="28" onid="8492" tsid="2" />
    <channel service_ref="1:0:1:0002:ffff:ffff:001ead41:0:0:0:" name="Fann" service_name="Fann" provider="Orbit" sid="2" onid="65535" tsid="65535" />
    <channel service_ref="1:0:1:0003:ffff:ffff:001ead41:0:0:0:" name="FEED 1" service_name="FEED 1" provider="Orbit" sid="3" onid="65535" tsid="65535" />
    <channel service_ref="1:0:25:0001:0001:ffff:001eace9:0:0:0:" name="Hispan TV" service_name="Hispan TV" provider="Service Provider" sid="1" onid="65535" tsid="1" />
    <channel service_ref="1:0:25:0028:0001:ffff:001eace9:0:0:0:" name="iFilm" service_name="iFilm" provider="Service Provider" sid="40" onid="65535" tsid="1" />
    <channel service_ref="1:0:25:0002:0001:ffff:001eace9:0:0:0:" name="IFILMServices." service_name="IFILMServices." provider="Service Provider" sid="2" onid="65535" tsid="1" />
    <channel service_ref="1:0:25:1ef1:006e:006e:001e0000:0:0:0:" name="IRIB" service_name="IRIB" provider="IRIB" sid="7921" onid="110" tsid="110" />
    <channel service_ref="1:0:25:0001:0001:ffff:001eb11b:0:0:0:" name="JBC" service_name="JBC" provider="Waar" sid="1" onid="65535" tsid="1" />
    <channel service_ref="1:0:25:001e:0002:212c:001e0000:0:0:0:" name="Kanali Voulis" service_name="Kanali Voulis" provider="ERT" sid="30" onid="8492" tsid="2" />
    <channel service_ref="1:0:1:0001:0001:ffff:001e2ce1:0:0:0:" name="Karbala TV" service_name="Karbala TV" provider="Ericsson 2" sid="1" onid="65535" tsid="1" />
    <channel service_ref="1:0:25:000e:0008:0008:001e0000:0:0:0:" name="La Voie Sainte TV (VSTV)" service_name="La Voie Sainte TV (VSTV)" provider="TV-Provider" sid="14" onid="8" tsid="8" />
    <channel service_ref="1:0:1:000a:0001:0001:001e2ce5:0:0:0:" name="Libya ALrasmia TV" service_name="Libya ALrasmia TV" provider="Libya Alrsmia TV" sid="10" onid="1" tsid="1" />
    <channel service_ref="1:0:25:0001:0001:0001:001e2b1e:0:0:0:" name="Libya One" service_name="Libya One" provider="Alriyada" sid="1" onid="1" tsid="1" />
    <channel service_ref="1:0:25:0001:0001:0001:001e2cef:0:0:0:" name="Libya Panorama" service_name="Libya Panorama" provider="none" sid="1" onid="1" tsid="1" />
    <channel service_ref="1:0:25:0001:0001:ffff:001ead55:0:0:0:" name="Lualua TV" service_name="Lualua TV" provider="LuaLua" sid="1" onid="65535" tsid="1" />
    <channel service_ref="1:0:25:00be:0066:212c:001e0000:0:0:0:" name="Macedonia TV" service_name="Macedonia TV" provider="DIGEA" sid="190" onid="8492" tsid="102" />
    <channel service_ref="1:0:25:01f4:0066:212c:001e0000:0:0:0:" name="Mega Channel" service_name="Mega Channel" provider="DIGEA" sid="500" onid="8492" tsid="102" />
    <channel service_ref="1:0:25:0041:0001:0001:001ead98:0:0:0:" name="Music Alremas" service_name="Music Alremas" provider="TV-Provider" sid="65" onid="1" tsid="1" />
    <channel service_ref="1:0:1:0001:ffff:ffff:001ead41:0:0:0:" name="Music Now" service_name="Music Now" provider="Orbit" sid="1" onid="65535" tsid="65535" />
    <channel service_ref="1:0:25:0004:0001:ffff:001eace9:0:0:0:" name="Press TV" service_name="Press TV" provider="Service Provider" sid="4" onid="65535" tsid="1" />
    <channel service_ref="1:0:25:1ef9:006e:006e:001e0000:0:0:0:" name="Sahar TV Kurdish" service_name="Sahar TV Kurdish" provider="IRIB" sid="7929" onid="110" tsid="110" />
    <channel service_ref="1:0:25:1ef8:006e:006e:001e0000:0:0:0:" name="SAHAR UR" service_name="SAHAR UR" provider="IRIB" sid="7928" onid="110" tsid="110" />
    <channel service_ref="1:0:1:0001:0001:ffff:001e2ccc:0:0:0:" name="Sama TV" service_name="Sama TV" provider="SNG" sid="1" onid="65535" tsid="1" />
    <channel service_ref="1:0:25:0066:0066:212c:001e0000:0:0:0:" name="Skai" service_name="Skai" provider="DIGEA" sid="102" onid="8492" tsid="102" />
    <channel service_ref="1:0:25:02bc:0066:212c:001e0000:0:0:0:" name="Star Channel" service_name="Star Channel" provider="DIGEA" sid="700" onid="8492" tsid="102" />
    <channel service_ref="1:0:1:0002:0001:ffff:001e2cd3:0:0:0:" name="Syria News" service_name="Syria News" provider="SD Unnamed" sid="2" onid="65535" tsid="1" />
    <channel service_ref="1:0:25:0001:0001:0001:001eb107:0:0:0:" name="Thaqalayn TV" service_name="Thaqalayn TV" provider="Net 1" sid="1" onid="1" tsid="1" />
  </bouquet>
  <bouquet name="Movies" category="tv">
    <channel service_ref="1:0:25:0028:0001:ffff:001eace9:0:0:0:" name="iFilm" service_name="iFilm" provider="Service Provider" sid="40" onid="65535" tsid="1" />
    <channel service_ref="1:0:25:0002:0001:ffff:001eace9:0:0:0:" name="IFILMServices." service_name="IFILMServices." provider="Service Provider" sid="2" onid="65535" tsid="1" />
  </bouquet>
  <bouquet name="News" category="tv">
    <channel service_ref="1:0:25:0002:0001:ffff:001e2b21:0:0:0:" name="Dzair News" service_name="Dzair News" provider="Dzair" sid="2" onid="65535" tsid="1" />
    <channel service_ref="1:0:1:0002:0001:ffff:001e2cd3:0:0:0:" name="Syria News" service_name="Syria News" provider="SD Unnamed" sid="2" onid="65535" tsid="1" />
  </bouquet>
  <bouquet name="Music" category="tv">
    <channel service_ref="1:0:25:0041:0001:0001:001ead98:0:0:0:" name="Music Alremas" service_name="Music Alremas" provider="TV-Provider" sid="65" onid="1" tsid="1" />
    <channel service_ref="1:0:1:0001:ffff:ffff:001ead41:0:0:0:" name="Music Now" service_name="Music Now" provider="Orbit" sid="1" onid="65535" tsid="65535" />
  </bouquet>
  <bouquet name="ARD/ZDF" category="tv">
    <channel service_ref="1:0:25:0001:0001:ffff:001e2d8c:0:0:0:" name="Al-Eshragh TV" service_name="Al-Eshragh TV" provider="Service Provider" sid="1" onid="65535" tsid="1" />
  </bouquet>
  <bouquet name="Switzerland" category="tv">
    <channel service_ref="1:0:25:0001:0001:ffff:001e2cdd:0:0:0:" name="Al Iman TV" service_name="Al Iman TV" provider="TANDBERG Television" sid="1" onid="65535" tsid="1" />
    <channel service_ref="1:0:25:0011:0002:212c:001e0000:0:0:0:" name="ERT 3" service_name="ERT 3" provider="ERT" sid="17" onid="8492" tsid="2" />
  </bouquet>
  <bouquet name="Resolution - HD" category="tv">
    <channel service_ref="1:0:25:0001:0001:ffff:001e2d7d:0:0:0:" name="Al Ahd" service_name="Al Ahd" provider="Service Provider" sid="1" onid="65535" tsid="1" />
    <channel service_ref="1:0:25:001c:0002:212c:001e0000:0:0:0:" name="ERT HD" service_name="ERT HD" provider="ERT" sid="28" onid="8492" tsid="2" />
  </bouquet>
  <bouquet name="Resolution - SD" category="tv">
    <channel service_ref="1:0:1:0002:0001:ffff:001e2cd3:0:0:0:" name="Syria News" service_name="Syria News" provider="SD Unnamed" sid="2" onid="65535" tsid="1" />
  </bouquet>
  <bouquet name="Others" category="tv">
    <channel service_ref="1:0:25:002b:0001:0001:001e30ee:0:0:0:" name="2M MENA" service_name="2M MENA" provider="2M" sid="43" onid="1" tsid="1" />
    <channel service_ref="1:0:25:002a:0001:0001:001e30ee:0:0:0:" name="2M Monde" service_name="2M Monde" provider="2M" sid="42" onid="1" tsid="1" />
    <channel service_ref="1:0:25:0029:0001:0001:001e30ee:0:0:0:" name="2M National" service_name="2M National" provider="2M" sid="41" onid="1" tsid="1" />
    <channel service_ref="1:0:1:066d:ffff:ffff:001e2ce7:0:0:0:" name="Aden" service_name="Aden" provider="" sid="1645" onid="65535" tsid="65535" />
    <channel service_ref="1:0:25:0001:0001:ffff:001e2d7d:0:0:0:" name="Al Ahd" service_name="Al Ahd" provider="Service Provider" sid="1" onid="65535" tsid="1" />
    <channel service_ref="1:0:25:0001:0001:ffff:001e30f4:0:0:0:" name="Al Hiwar Ettounsi TV" service_name="Al Hiwar Ettounsi TV" provider="Ettounisa" sid="1" onid="65535" tsid="1" />
    <channel service_ref="1:0:25:0001:0001:ffff:001eb108:0:0:0:" name="Al Huja TV" service_name="Al Huja TV" provider="Alhujja Sattelite Channel" sid="1" onid="65535" tsid="1" />
    <channel service_ref="1:0:25:0001:0001:ffff:001ead94:0:0:0:" name="Al Ittihad" service_name="Al Ittihad" provider="Etihad" sid="1" onid="65535" tsid="1" />
    <channel service_ref="1:0:25:1efa:006e:006e:001e0000:0:0:0:" name="Al Kawthar" service_name="Al Kawthar" provider="IRIB" sid="7930" onid="110" tsid="110" />
    <channel service_ref="1:0:25:0001:0001:ffff:001eb10e:0:0:0:" name="Al Naeem" service_name="Al Naeem" provider="ALNAEEM TV" sid="1" onid="65535" tsid="1" />
    <channel service_ref="1:0:25:0002:0001:ffff:001eb108:0:0:0:" name="Al Thabat TV" service_name="Al Thabat TV" provider="Althabat" sid="2" onid="65535" tsid="1" />
    <channel service_ref="1:0:25:0001:0001:ffff:001e2d83:0:0:0:" name="Alghadeer" service_name="Alghadeer" provider="TandbergTV" sid="1" onid="65535" tsid="1" />
    <channel service_ref="1:0:25:0028:0064:212c:001e0000:0:0:0:" name="Alpha TV Greece" service_name="Alpha TV Greece" provider="DIGEA" sid="40" onid="8492" tsid="100" />
    <channel service_ref="1:0:25:012c:0064:212c:001e0000:0:0:0:" name="ANT 1" service_name="ANT 1" provider="DIGEA" sid="300" onid="8492" tsid="100" />
    <channel service_ref="1:0:25:015e:0064:212c:001e0000:0:0:0:" name="Art TV" service_name="Art TV" provider="DIGEA" sid="350" onid="8492" tsid="100" />
    <channel service_ref="1:0:25:0002:0001:0001:001eb110:0:0:0:" name="Asia TV" service_name="Asia TV" provider="Asia Tv" sid="2" onid="1" tsid="1" />
    <channel service_ref="1:0:25:0041:0001:ffff:001ead94:0:0:0:" name="Baeynat Satellite Channel" service_name="Baeynat Satellite Channel" provider="TV-Provider" sid="65" onid="65535" tsid="1" />
    <channel service_ref="1:0:25:0001:0001:0001:001ead9c:0:0:0:" name="Central Asia TV" service_name="Central Asia TV" provider="Net 1" sid="1" onid="1" tsid="1" />
    <channel service_ref="1:0:25:0001:0001:ffff:001e2b21:0:0:0:" name="DZair TV" service_name="DZair TV" provider="Dzair" sid="1" onid="65535" tsid="1" />
    <channel service_ref="1:0:25:008c:0064:212c:001e0000:0:0:0:" name="E TV" service_name="E TV" provider="DIGEA" sid="140" onid="8492" tsid="100" />
    <channel service_ref="1:0:25:000a:0002:212c:001e0000:0:0:0:" name="ERT 1" service_name="ERT 1" provider="ERT" sid="10" onid="8492" tsid="2" />
    <channel service_ref="1:0:25:000e:0002:212c:001e0000:0:0:0:" name="ERT 2" service_name="ERT 2" provider="ERT" sid="14" onid="8492" tsid="2" />
    <channel service_ref="1:0:25:001c:0002:212c:001e0000:0:0:0:" name="ERT HD" service_name="ERT HD" provider="ERT" sid="28" onid="8492" tsid="2" />
    <channel service_ref="1:0:1:0002:ffff:ffff:001ead41:0:0:0:" name="Fann" service_name="Fann" provider="Orbit" sid="2" onid="65535" tsid="65535" />
    <channel service_ref="1:0:1:0003:ffff:ffff:001ead41:0:0:0:" name="FEED 1" service_name="FEED 1" provider="Orbit" sid="3" onid="65535" tsid="65535" />
    <channel service_ref="1:0:25:0001:0001:ffff:001eace9:0:0:0:" name="Hispan TV" service_name="Hispan TV" provider="Service Provider" sid="1" onid="65535" tsid="1" />
    <channel service_ref="1:0:25:1ef1:006e:006e:001e0000:0:0:0:" name="IRIB" service_name="IRIB" provider="IRIB" sid="7921" onid="110" tsid="110" />
    <channel service_ref="1:0:25:0001:0001:ffff:001eb11b:0:0:0:" name="JBC" service_name="JBC" provider="Waar" sid="1" onid="65535" tsid="1" />
    <channel service_ref="1:0:25:001e:0002:212c:001e0000:0:0:0:" name="Kanali Voulis" service_name="Kanali Voulis" provider="ERT" sid="30" onid="8492" tsid="2" />
    <channel service_ref="1:0:1:0001:0001:ffff:001e2ce1:0:0:0:" name="Karbala TV" service_name="Karbala TV" provider="Ericsson 2" sid="1" onid="65535" tsid="1" />
    <channel service_ref="1:0:25:000e:0008:0008:001e0000:0:0:0:" name="La Voie Sainte TV (VSTV)" service_name="La Voie Sainte TV (VSTV)" provider="TV-Provider" sid="14" onid="8" tsid="8" />
    <channel service_ref="1:0:1:000a:0001:0001:001e2ce5:0:0:0:" name="Libya ALrasmia TV" service_name="Libya ALrasmia TV" provider="Libya Alrsmia TV" sid="10" onid="1" tsid="1" />
    <channel service_ref="1:0:25:0001:0001:0001:001e2b1e:0:0:0:" name="Libya One" service_name="Libya One" provider="Alriyada" sid="1" onid="1" tsid="1" />
    <channel service_ref="1:0:25:0001:0001:0001:001e2cef:0:0:0:" name="Libya Panorama" service_name="Libya Panorama" provider="none" sid="1" onid="1" tsid="1" />
    <channel service_ref="1:0:25:0001:0001:ffff:001ead55:0:0:0:" name="Lualua TV" service_name="Lualua TV" provider="LuaLua" sid="1" onid="65535" tsid="1" />
    <channel service_ref="1:0:25:00be:0066:212c:001e0000:0:0:0:" name="Macedonia TV" service_name="Macedonia TV" provider="DIGEA" sid="190" onid="8492" tsid="102" />
    <channel service_ref="1:0:25:01f4:0066:212c:001e0000:0:0:0:" name="Mega Channel" service_name="Mega Channel" provider="DIGEA" sid="500" onid="8492" tsid="102" />
    <channel service_ref="1:0:25:0004:0001:ffff:001eace9:0:0:0:" name="Press TV" service_name="Press TV" provider="Service Provider" sid="4" onid="65535" tsid="1" />
    <channel service_ref="1:0:25:1ef9:006e:006e:001e0000:0:0:0:" name="Sahar TV Kurdish" service_name="Sahar TV Kurdish" provider="IRIB" sid="7929" onid="110" tsid="110" />
    <channel service_ref="1:0:25:1ef8:006e:006e:001e0000:0:0:0:" name="SAHAR UR" service_name="SAHAR UR" provider="IRIB" sid="7928" onid="110" tsid="110" />
    <channel service_ref="1:0:1:0001:0001:ffff:001e2ccc:0:0:0:" name="Sama TV" service_name="Sama TV" provider="SNG" sid="1" onid="65535" tsid="1" />
    <channel service_ref="1:0:25:0066:0066:212c:001e0000:0:0:0:" name="Skai" service_name="Skai" provider="DIGEA" sid="102" onid="8492" tsid="102" />
    <channel service_ref="1:0:25:02bc:0066:212c:001e0000:0:0:0:" name="Star Channel" service_name="Star Channel" provider="DIGEA" sid="700" onid="8492" tsid="102" />
    <channel service_ref="1:0:25:0001:0001:0001:001eb107:0:0:0:" name="Thaqalayn TV" service_name="Thaqalayn TV" provider="Net 1" sid="1" onid="1" tsid="1" />
  </bouquet>
</zapit>
