<?xml version='1.0' encoding='utf-8'?>
<zapit api="4">
  <satellites>
    <satellite key="0d1b2f80:0002:ffff" name="Sat-24.5W" namespace="0x0d1b2f80" position="-24.5">
      <transponder key="0d1b2f80:0002:ffff" frequency="12160000" symbol_rate="30000000" polarization="H" fec="2" system="0" modulation="0">
        <service id="0x000d" sid="13" name="A3 HD" type="25" provider="TDA DZ" onid="65535" tsid="2" namespace="0x0d1b2f80" />
        <service id="0x0002" sid="2" name="Canal Algerie HD" type="25" provider="TDA DZ" onid="65535" tsid="2" namespace="0x0d1b2f80" />
        <service id="0x0001" sid="1" name="Programme NationalHD" type="25" provider="TDA DZ" onid="65535" tsid="2" namespace="0x0d1b2f80" />
        <service id="0x000e" sid="14" name="RASDTV" type="1" provider="Scopus" onid="65535" tsid="2" namespace="0x0d1b2f80" />
        <service id="0x0004" sid="4" name="TV 4 HD" type="22" provider="TDA" onid="65535" tsid="2" namespace="0x0d1b2f80" />
        <service id="0x0005" sid="5" name="TV 5 HD" type="1" provider="TDA DZ" onid="65535" tsid="2" namespace="0x0d1b2f80" />
        <service id="0x0006" sid="6" name="TV 6 HD" type="25" provider="TDA DZ" onid="65535" tsid="2" namespace="0x0d1b2f80" />
        <service id="0x0007" sid="7" name="TV7 ELMAARIFA" type="1" provider="TDA" onid="65535" tsid="2" namespace="0x0d1b2f80" />
        <service id="0x0008" sid="8" name="TV8 EDHAKIRA" type="1" provider="TDA" onid="65535" tsid="2" namespace="0x0d1b2f80" />
      </transponder>
    </satellite>
    <satellite key="0d1b2fc8:0001:ffff" name="Sat-24.5W" namespace="0x0d1b2fc8" position="-24.5">
      <transponder key="0d1b2fc8:0001:ffff" frequency="12232000" symbol_rate="15910000" polarization="H" fec="3" system="0" modulation="0">
        <service id="0x0003" sid="3" name="A3" type="1" provider="TDA" onid="65535" tsid="1" namespace="0x0d1b2fc8" />
        <service id="0x0002" sid="2" name="CANAL ALGERIE" type="1" provider="TDA" onid="65535" tsid="1" namespace="0x0d1b2fc8" />
        <service id="0x0001" sid="1" name="PROGRAMME NATIONAL" type="1" provider="TDA" onid="65535" tsid="1" namespace="0x0d1b2fc8" />
        <service id="0x0004" sid="4" name="TV 4" type="1" provider="TDA" onid="65535" tsid="1" namespace="0x0d1b2fc8" />
        <service id="0x0005" sid="5" name="TV 5" type="1" provider="TDA" onid="65535" tsid="1" namespace="0x0d1b2fc8" />
        <service id="0x0006" sid="6" name="TV 6" type="1" provider="TDA" onid="65535" tsid="1" namespace="0x0d1b2fc8" />
      </transponder>
    </satellite>
    <satellite key="0d1b2fda:0001:ffff" name="Sat-24.5W" namespace="0x0d1b2fda" position="-24.5">
      <transponder key="0d1b2fda:0001:ffff" frequency="12250000" symbol_rate="12509000" polarization="H" fec="3" system="0" modulation="0">
        <service id="0x000d" sid="13" name="CHAINE 1" type="2" provider="TDA" onid="65535" tsid="1" namespace="0x0d1b2fda" radio="1" />
        <service id="0x0007" sid="7" name="CHAINE 2" type="2" provider="TDA" onid="65535" tsid="1" namespace="0x0d1b2fda" radio="1" />
        <service id="0x0008" sid="8" name="CHAINE 3" type="2" provider="TDA" onid="65535" tsid="1" namespace="0x0d1b2fda" radio="1" />
        <service id="0x0080" sid="128" name="EL BAHDJA" type="2" provider="TDA" onid="65535" tsid="1" namespace="0x0d1b2fda" radio="1" />
        <service id="0x001e" sid="30" name="Radio Ain Defla" type="2" provider="TDA" onid="65535" tsid="1" namespace="0x0d1b2fda" radio="1" />
        <service id="0x0013" sid="19" name="Radio Ain Timouchent" type="2" provider="TDA" onid="65535" tsid="1" namespace="0x0d1b2fda" radio="1" />
        <service id="0x002a" sid="42" name="Radio Annaba" type="2" provider="TDA" onid="65535" tsid="1" namespace="0x0d1b2fda" radio="1" />
        <service id="0x001b" sid="27" name="Radio Biskra" type="2" provider="TDA" onid="65535" tsid="1" namespace="0x0d1b2fda" radio="1" />
        <service id="0x0019" sid="25" name="Radio Bordj Bou Arreridj" type="2" provider="TDA" onid="65535" tsid="1" namespace="0x0d1b2fda" radio="1" />
        <service id="0x001c" sid="28" name="Radio Bouira" type="2" provider="TDA" onid="65535" tsid="1" namespace="0x0d1b2fda" radio="1" />
        <service id="0x0014" sid="20" name="Radio Boumerdes" type="2" provider="TDA" onid="65535" tsid="1" namespace="0x0d1b2fda" radio="1" />
        <service id="0x003c" sid="60" name="Radio Chlef" type="2" provider="TDA" onid="65535" tsid="1" namespace="0x0d1b2fda" radio="1" />
        <service id="0x003a" sid="58" name="Radio Constantine" type="2" provider="TDA" onid="65535" tsid="1" namespace="0x0d1b2fda" radio="1" />
        <service id="0x003f" sid="63" name="RADIO CORAN" type="2" provider="TDA" onid="65535" tsid="1" namespace="0x0d1b2fda" radio="1" />
        <service id="0x012a" sid="298" name="RADIO CULTURE" type="2" provider="TDA" onid="65535" tsid="1" namespace="0x0d1b2fda" radio="1" />
        <service id="0x0006" sid="6" name="RADIO DECROCHAGE" type="2" provider="TDA" onid="65535" tsid="1" namespace="0x0d1b2fda" radio="1" />
        <service id="0x002f" sid="47" name="Radio Djelfa" type="2" provider="TDA" onid="65535" tsid="1" namespace="0x0d1b2fda" radio="1" />
        <service id="0x002d" sid="45" name="Radio El Bayedh" type="2" provider="TDA" onid="65535" tsid="1" namespace="0x0d1b2fda" radio="1" />
        <service id="0x0012" sid="18" name="Radio Guelma" type="2" provider="TDA" onid="65535" tsid="1" namespace="0x0d1b2fda" radio="1" />
        <service id="0x012b" sid="299" name="RADIO JEUNESSE" type="2" provider="TDA" onid="65535" tsid="1" namespace="0x0d1b2fda" radio="1" />
        <service id="0x000b" sid="11" name="Radio Laghouat" type="2" provider="TDA" onid="65535" tsid="1" namespace="0x0d1b2fda" radio="1" />
        <service id="0x0018" sid="24" name="Radio M'sila" type="2" provider="TDA" onid="65535" tsid="1" namespace="0x0d1b2fda" radio="1" />
        <service id="0x0011" sid="17" name="Radio Mascara" type="2" provider="TDA" onid="65535" tsid="1" namespace="0x0d1b2fda" radio="1" />
        <service id="0x000e" sid="14" name="Radio Mila" type="2" provider="TDA" onid="65535" tsid="1" namespace="0x0d1b2fda" radio="1" />
        <service id="0x0017" sid="23" name="Radio Mostaganem" type="2" provider="TDA" onid="65535" tsid="1" namespace="0x0d1b2fda" radio="1" />
        <service id="0x000c" sid="12" name="Radio Naama" type="2" provider="TDA" onid="65535" tsid="1" namespace="0x0d1b2fda" radio="1" />
        <service id="0x0015" sid="21" name="Radio Oran" type="2" provider="TDA" onid="65535" tsid="1" namespace="0x0d1b2fda" radio="1" />
        <service id="0x003b" sid="59" name="Radio Oum Bouaghi" type="2" provider="TDA" onid="65535" tsid="1" namespace="0x0d1b2fda" radio="1" />
        <service id="0x001d" sid="29" name="Radio Relizan" type="2" provider="TDA" onid="65535" tsid="1" namespace="0x0d1b2fda" radio="1" />
        <service id="0x000f" sid="15" name="Radio Saida" type="2" provider="TDA" onid="65535" tsid="1" namespace="0x0d1b2fda" radio="1" />
        <service id="0x001a" sid="26" name="Radio Setif" type="2" provider="TDA" onid="65535" tsid="1" namespace="0x0d1b2fda" radio="1" />
        <service id="0x003d" sid="61" name="Radio Sidi Belabes" type="2" provider="TDA" onid="65535" tsid="1" namespace="0x0d1b2fda" radio="1" />
        <service id="0x0010" sid="16" name="Radio Skikda" type="2" provider="TDA" onid="65535" tsid="1" namespace="0x0d1b2fda" radio="1" />
        <service id="0x000a" sid="10" name="Radio Souk Ahras" type="2" provider="TDA" onid="65535" tsid="1" namespace="0x0d1b2fda" radio="1" />
        <service id="0x002e" sid="46" name="Radio Tebessa" type="2" provider="TDA" onid="65535" tsid="1" namespace="0x0d1b2fda" radio="1" />
        <service id="0x002c" sid="44" name="Radio Tessemssilt" type="2" provider="TDA" onid="65535" tsid="1" namespace="0x0d1b2fda" radio="1" />
        <service id="0x0016" sid="22" name="Radio Tiaret" type="2" provider="TDA" onid="65535" tsid="1" namespace="0x0d1b2fda" radio="1" />
        <service id="0x001f" sid="31" name="Radio Tipaza" type="2" provider="TDA" onid="65535" tsid="1" namespace="0x0d1b2fda" radio="1" />
        <service id="0x002b" sid="43" name="Radio Tizi Ouzou" type="2" provider="TDA" onid="65535" tsid="1" namespace="0x0d1b2fda" radio="1" />
        <service id="0x0009" sid="9" name="SAHEL" type="2" provider="TDA" onid="65535" tsid="1" namespace="0x0d1b2fda" radio="1" />
      </transponder>
    </satellite>
    <satellite key="0d1b3048:0001:ffff" name="Sat-24.5W" namespace="0x0d1b3048" position="-24.5">
      <transponder key="0d1b3048:0001:ffff" frequency="12360000" symbol_rate="30000000" polarization="H" fec="2" system="0" modulation="0">
        <service id="0x07e5" sid="2021" name="Echorouk NEWS" type="1" provider="" onid="65535" tsid="1" namespace="0x0d1b3048" />
        <service id="0x002c" sid="44" name="Echorouk TV HD" type="1" provider="NWA-SAT" onid="65535" tsid="1" namespace="0x0d1b3048" />
        <service id="0x07ea" sid="2026" name="EL HAYAT TV ALGERIE" type="1" provider="" onid="65535" tsid="1" namespace="0x0d1b3048" />
        <service id="0x0cfd" sid="3325" name="Ennahar TV" type="1" provider="" onid="65535" tsid="1" namespace="0x0d1b3048" />
      </transponder>
    </satellite>
  </satellites>
</zapit>
