<?xml version='1.0' encoding='utf-8'?>
<zapit>
  <bouquet name="General" category="tv">
    <channel service_ref="1:0:1:0001:0000:0000:01cc2b57:0:0:0:" name="1 TV Georgia" service_name="1 TV Georgia" provider="Vector A.G" sid="1" onid="0" tsid="0" />
    <channel service_ref="1:0:1:000b:0000:0000:01cc2b57:0:0:0:" name="1Zahid_test" service_name="1Zahid_test" provider="Vector A.G" sid="11" onid="0" tsid="0" />
    <channel service_ref="1:0:1:0002:0000:0000:01cc2b57:0:0:0:" name="Ajara TV" service_name="Ajara TV" provider="Vector A.G" sid="2" onid="0" tsid="0" />
    <channel service_ref="1:0:1:0001:0001:0000:01ccab11:0:0:0:" name="ARB" service_name="ARB" provider="" sid="1" onid="0" tsid="1" />
    <channel service_ref="1:0:1:0003:0001:0000:01ccab11:0:0:0:" name="ARB 24 HD" service_name="ARB 24 HD" provider="" sid="3" onid="0" tsid="1" />
    <channel service_ref="1:0:1:0004:0001:0000:01ccab11:0:0:0:" name="ARB Gunesh" service_name="ARB Gunesh" provider="" sid="4" onid="0" tsid="1" />
    <channel service_ref="1:0:1:0041:0000:0000:01cc2b7f:0:0:0:" name="AzTV" service_name="AzTV" provider="Teleradio" sid="65" onid="0" tsid="0" />
    <channel service_ref="1:0:1:0141:0000:0000:01cc2b7f:0:0:0:" name="CBC_Sport_HDtv" service_name="CBC_Sport_HDtv" provider="Harmonic" sid="321" onid="0" tsid="0" />
    <channel service_ref="1:0:1:0007:0000:0000:01cc2b7f:0:0:0:" name="DalgaTV" service_name="DalgaTV" provider="Teleradio" sid="7" onid="0" tsid="0" />
    <channel service_ref="1:0:1:0103:0000:0000:01cc2b7f:0:0:0:" name="Dunya TV" service_name="Dunya TV" provider="Teleradio" sid="259" onid="0" tsid="0" />
    <channel service_ref="1:0:1:000e:0000:0000:01cc2b57:0:0:0:" name="France 24 Englis" service_name="France 24 Englis" provider="Vector A.G" sid="14" onid="0" tsid="0" />
    <channel service_ref="1:0:1:0004:0000:0000:01cc2b57:0:0:0:" name="GDS TV" service_name="GDS TV" provider="Vector A.G" sid="4" onid="0" tsid="0" />
    <channel service_ref="1:0:1:0042:0000:0000:01cc2b7f:0:0:0:" name="Ictimai TV" service_name="Ictimai TV" provider="Teleradio" sid="66" onid="0" tsid="0" />
    <channel service_ref="1:0:1:0003:0000:0000:01cc2b57:0:0:0:" name="Imedi TV" service_name="Imedi TV" provider="Vector A.G" sid="3" onid="0" tsid="0" />
    <channel service_ref="1:0:1:012d:0000:0000:01cc2b7f:0:0:0:" name="Lider TV" service_name="Lider TV" provider="Teleradio" sid="301" onid="0" tsid="0" />
    <channel service_ref="1:0:1:0005:0000:0000:01cc2b57:0:0:0:" name="Maestro TV" service_name="Maestro TV" provider="Vector A.G" sid="5" onid="0" tsid="0" />
    <channel service_ref="1:0:1:000a:0000:0000:01cc2b57:0:0:0:" name="Moldova-1_test" service_name="Moldova-1_test" provider="Vector A.G" sid="10" onid="0" tsid="0" />
    <channel service_ref="1:0:1:0008:0000:0000:01cc2b57:0:0:0:" name="Obieqtivi" service_name="Obieqtivi" provider="Vector A.G" sid="8" onid="0" tsid="0" />
    <channel service_ref="1:0:1:00bf:0000:0000:01cc2b7f:0:0:0:" name="Obieqtivi" service_name="Obieqtivi" provider="" sid="191" onid="0" tsid="0" />
    <channel service_ref="1:0:1:000c:0000:0000:01cc2b57:0:0:0:" name="Perviy kanal SNG" service_name="Perviy kanal SNG" provider="Vector A.G" sid="12" onid="0" tsid="0" />
    <channel service_ref="1:0:1:01f5:0000:0000:01cc2b7f:0:0:0:" name="Real_TV" service_name="Real_TV" provider="Harmonic" sid="501" onid="0" tsid="0" />
    <channel service_ref="1:0:1:000f:0000:0000:01cc2b57:0:0:0:" name="RGVK_test" service_name="RGVK_test" provider="Vector A.G" sid="15" onid="0" tsid="0" />
    <channel service_ref="1:0:1:000d:0000:0000:01cc2b57:0:0:0:" name="Rossiya 1" service_name="Rossiya 1" provider="Vector A.G" sid="13" onid="0" tsid="0" />
    <channel service_ref="1:0:1:00c9:0000:0000:01cc2b7f:0:0:0:" name="SPACE TV" service_name="SPACE TV" provider="TELERADIO" sid="201" onid="0" tsid="0" />
    <channel service_ref="1:0:1:0006:0000:0000:01cc2b57:0:0:0:" name="TV Pirveli" service_name="TV Pirveli" provider="Vector A.G" sid="6" onid="0" tsid="0" />
    <channel service_ref="1:0:1:0009:0000:0000:01cc2b57:0:0:0:" name="TV25" service_name="TV25" provider="Vector A.G" sid="9" onid="0" tsid="0" />
  </bouquet>
  <bouquet name="Sports" category="tv">
    <channel service_ref="1:0:1:0141:0000:0000:01cc2b7f:0:0:0:" name="CBC_Sport_HDtv" service_name="CBC_Sport_HDtv" provider="Harmonic" sid="321" onid="0" tsid="0" />
  </bouquet>
  <bouquet name="Documentary" category="tv">
    <channel service_ref="1:0:1:0001:0000:0000:01cc2b57:0:0:0:" name="1 TV Georgia" service_name="1 TV Georgia" provider="Vector A.G" sid="1" onid="0" tsid="0" />
  </bouquet>
  <bouquet name="TF1" category="tv">
    <channel service_ref="1:0:1:000e:0000:0000:01cc2b57:0:0:0:" name="France 24 Englis" service_name="France 24 Englis" provider="Vector A.G" sid="14" onid="0" tsid="0" />
  </bouquet>
  <bouquet name="Austria" category="tv">
    <channel service_ref="1:0:1:0007:0000:0000:01cc2b7f:0:0:0:" name="DalgaTV" service_name="DalgaTV" provider="Teleradio" sid="7" onid="0" tsid="0" />
  </bouquet>
  <bouquet name="Switzerland" category="tv">
    <channel service_ref="1:0:1:0041:0000:0000:01cc2b7f:0:0:0:" name="AzTV" service_name="AzTV" provider="Teleradio" sid="65" onid="0" tsid="0" />
    <channel service_ref="1:0:1:0103:0000:0000:01cc2b7f:0:0:0:" name="Dunya TV" service_name="Dunya TV" provider="Teleradio" sid="259" onid="0" tsid="0" />
    <channel service_ref="1:0:1:0042:0000:0000:01cc2b7f:0:0:0:" name="Ictimai TV" service_name="Ictimai TV" provider="Teleradio" sid="66" onid="0" tsid="0" />
    <channel service_ref="1:0:1:012d:0000:0000:01cc2b7f:0:0:0:" name="Lider TV" service_name="Lider TV" provider="Teleradio" sid="301" onid="0" tsid="0" />
    <channel service_ref="1:0:1:00c9:0000:0000:01cc2b7f:0:0:0:" name="SPACE TV" service_name="SPACE TV" provider="TELERADIO" sid="201" onid="0" tsid="0" />
    <channel service_ref="1:0:1:0009:0000:0000:01cc2b57:0:0:0:" name="TV25" service_name="TV25" provider="Vector A.G" sid="9" onid="0" tsid="0" />
  </bouquet>
  <bouquet name="Resolution - HD" category="tv">
    <channel service_ref="1:0:1:0003:0001:0000:01ccab11:0:0:0:" name="ARB 24 HD" service_name="ARB 24 HD" provider="" sid="3" onid="0" tsid="1" />
  </bouquet>
  <bouquet name="Others" category="tv">
    <channel service_ref="1:0:1:000b:0000:0000:01cc2b57:0:0:0:" name="1Zahid_test" service_name="1Zahid_test" provider="Vector A.G" sid="11" onid="0" tsid="0" />
    <channel service_ref="1:0:1:0002:0000:0000:01cc2b57:0:0:0:" name="Ajara TV" service_name="Ajara TV" provider="Vector A.G" sid="2" onid="0" tsid="0" />
    <channel service_ref="1:0:1:0001:0001:0000:01ccab11:0:0:0:" name="ARB" service_name="ARB" provider="" sid="1" onid="0" tsid="1" />
    <channel service_ref="1:0:1:0003:0001:0000:01ccab11:0:0:0:" name="ARB 24 HD" service_name="ARB 24 HD" provider="" sid="3" onid="0" tsid="1" />
    <channel service_ref="1:0:1:0004:0001:0000:01ccab11:0:0:0:" name="ARB Gunesh" service_name="ARB Gunesh" provider="" sid="4" onid="0" tsid="1" />
    <channel service_ref="1:0:1:0004:0000:0000:01cc2b57:0:0:0:" name="GDS TV" service_name="GDS TV" provider="Vector A.G" sid="4" onid="0" tsid="0" />
    <channel service_ref="1:0:1:0003:0000:0000:01cc2b57:0:0:0:" name="Imedi TV" service_name="Imedi TV" provider="Vector A.G" sid="3" onid="0" tsid="0" />
    <channel service_ref="1:0:1:0005:0000:0000:01cc2b57:0:0:0:" name="Maestro TV" service_name="Maestro TV" provider="Vector A.G" sid="5" onid="0" tsid="0" />
    <channel service_ref="1:0:1:000a:0000:0000:01cc2b57:0:0:0:" name="Moldova-1_test" service_name="Moldova-1_test" provider="Vector A.G" sid="10" onid="0" tsid="0" />
    <channel service_ref="1:0:1:0008:0000:0000:01cc2b57:0:0:0:" name="Obieqtivi" service_name="Obieqtivi" provider="Vector A.G" sid="8" onid="0" tsid="0" />
    <channel service_ref="1:0:1:00bf:0000:0000:01cc2b7f:0:0:0:" name="Obieqtivi" service_name="Obieqtivi" provider="" sid="191" onid="0" tsid="0" />
    <channel service_ref="1:0:1:000c:0000:0000:01cc2b57:0:0:0:" name="Perviy kanal SNG" service_name="Perviy kanal SNG" provider="Vector A.G" sid="12" onid="0" tsid="0" />
    <channel service_ref="1:0:1:01f5:0000:0000:01cc2b7f:0:0:0:" name="Real_TV" service_name="Real_TV" provider="Harmonic" sid="501" onid="0" tsid="0" />
    <channel service_ref="1:0:1:000f:0000:0000:01cc2b57:0:0:0:" name="RGVK_test" service_name="RGVK_test" provider="Vector A.G" sid="15" onid="0" tsid="0" />
    <channel service_ref="1:0:1:000d:0000:0000:01cc2b57:0:0:0:" name="Rossiya 1" service_name="Rossiya 1" provider="Vector A.G" sid="13" onid="0" tsid="0" />
    <channel service_ref="1:0:1:0006:0000:0000:01cc2b57:0:0:0:" name="TV Pirveli" service_name="TV Pirveli" provider="Vector A.G" sid="6" onid="0" tsid="0" />
  </bouquet>
  <bouquet name="Radio" category="radio">
    <channel service_ref="1:0:2:00cf:0000:0000:01cc2b7f:0:0:0:" name="Araz_FM" service_name="Araz_FM" provider="Teleradio" sid="207" onid="0" tsid="0" />
    <channel service_ref="1:0:2:02be:0000:0000:01cc2b7f:0:0:0:" name="Asan_FM" service_name="Asan_FM" provider="Harmonic" sid="702" onid="0" tsid="0" />
    <channel service_ref="1:0:2:0005:0001:0000:01ccab11:0:0:0:" name="Kepez_FM" service_name="Kepez_FM" provider="" sid="5" onid="0" tsid="1" />
    <channel service_ref="1:0:2:001f:0000:0000:01cc2b57:0:0:0:" name="radio Imedi" service_name="radio Imedi" provider="Vector A.G" sid="31" onid="0" tsid="0" />
    <channel service_ref="1:0:2:00ca:0000:0000:01cc2b7f:0:0:0:" name="Radio Respublika" service_name="Radio Respublika" provider="Teleradio" sid="202" onid="0" tsid="0" />
  </bouquet>
  <bouquet name="Radio - Music" category="radio">
    <channel service_ref="1:0:2:00cf:0000:0000:01cc2b7f:0:0:0:" name="Araz_FM" service_name="Araz_FM" provider="Teleradio" sid="207" onid="0" tsid="0" />
    <channel service_ref="1:0:2:02be:0000:0000:01cc2b7f:0:0:0:" name="Asan_FM" service_name="Asan_FM" provider="Harmonic" sid="702" onid="0" tsid="0" />
    <channel service_ref="1:0:2:0005:0001:0000:01ccab11:0:0:0:" name="Kepez_FM" service_name="Kepez_FM" provider="" sid="5" onid="0" tsid="1" />
  </bouquet>
</zapit>
