<?xml version='1.0' encoding='utf-8'?>
<zapit>
  <bouquet name="General" category="tv">
    <channel service_ref="1:0:1:000c:0005:0005:0d1b0000:0:0:0:" name="A&amp;E Spain &amp; Portugal" service_name="A&amp;E Spain &amp; Portugal" provider="AMC Networks Iberia" sid="12" onid="5" tsid="5" />
    <channel service_ref="1:0:1:0001:0004:0004:0d1b0000:0:0:0:" name="AMC Spain" service_name="AMC Spain" provider="AMC Networks Iberia" sid="1" onid="4" tsid="4" />
    <channel service_ref="1:0:25:0007:0001:0001:0d1bace0:0:0:0:" name="Arta" service_name="Arta" provider="" sid="7" onid="1" tsid="1" />
    <channel service_ref="1:0:1:0009:0004:0004:0d1b0000:0:0:0:" name="Canal Cocina" service_name="Canal Cocina" provider="AMC Networks Iberia" sid="9" onid="4" tsid="4" />
    <channel service_ref="1:0:1:000f:0005:0005:0d1b0000:0:0:0:" name="Canal de Historia" service_name="Canal de Historia" provider="AMC Networks Iberia" sid="15" onid="5" tsid="5" />
    <channel service_ref="1:0:1:0005:0001:04d2:0d1b0000:0:0:0:" name="Canal de las Estrellas" service_name="Canal de las Estrellas" provider="Visat" sid="5" onid="1234" tsid="1" />
    <channel service_ref="1:0:1:000b:0004:0004:0d1b0000:0:0:0:" name="Canal Hollywood" service_name="Canal Hollywood" provider="AMC Networks Iberia" sid="11" onid="4" tsid="4" />
    <channel service_ref="1:0:1:0005:0004:0004:0d1b0000:0:0:0:" name="Canal Panda" service_name="Canal Panda" provider="AMC Networks Iberia" sid="5" onid="4" tsid="4" />
    <channel service_ref="1:0:1:0001:0001:04d2:0d1b0000:0:0:0:" name="Clásico TV" service_name="Clásico TV" provider="Visat" sid="1" onid="1234" tsid="1" />
    <channel service_ref="1:0:1:000d:0005:0005:0d1b0000:0:0:0:" name="Crímen e Investigación" service_name="Crímen e Investigación" provider="AMC Networks Iberia" sid="13" onid="5" tsid="5" />
    <channel service_ref="1:0:1:0004:0004:0004:0d1b0000:0:0:0:" name="Dark" service_name="Dark" provider="AMC Networks Iberia" sid="4" onid="4" tsid="4" />
    <channel service_ref="1:0:1:0004:0001:04d2:0d1b0000:0:0:0:" name="De Pelicula" service_name="De Pelicula" provider="Visat" sid="4" onid="1234" tsid="1" />
    <channel service_ref="1:0:1:000a:0004:0004:0d1b0000:0:0:0:" name="Decasa TV" service_name="Decasa TV" provider="AMC Networks Iberia" sid="10" onid="4" tsid="4" />
    <channel service_ref="1:0:1:0002:0001:0190:0d1b0000:0:0:0:" name="Italy 1" service_name="Italy 1" provider="Encoder" sid="2" onid="400" tsid="1" />
    <channel service_ref="1:0:1:0003:0001:0190:0d1b0000:0:0:0:" name="Italy 4" service_name="Italy 4" provider="Encoder" sid="3" onid="400" tsid="1" />
    <channel service_ref="1:0:1:0001:0001:0001:0d1baccc:0:0:0:" name="ITN Newsnet" service_name="ITN Newsnet" provider="Service Provider" sid="1" onid="1" tsid="1" />
    <channel service_ref="1:0:25:0006:0001:0001:0d1bace0:0:0:0:" name="Klan Kosova" service_name="Klan Kosova" provider="" sid="6" onid="1" tsid="1" />
    <channel service_ref="1:0:25:0002:0001:0001:0d1bace0:0:0:0:" name="Klan Kosova HD" service_name="Klan Kosova HD" provider="" sid="2" onid="1" tsid="1" />
    <channel service_ref="1:0:25:0001:0001:0001:0d1bace0:0:0:0:" name="KTV Kohavision HD" service_name="KTV Kohavision HD" provider="" sid="1" onid="1" tsid="1" />
    <channel service_ref="1:0:1:000e:0001:0190:0d1b0000:0:0:0:" name="NTA" service_name="NTA" provider="Nigerian Television" sid="14" onid="400" tsid="1" />
    <channel service_ref="1:0:1:000c:0004:0004:0d1b0000:0:0:0:" name="Odisea" service_name="Odisea" provider="AMC Networks Iberia" sid="12" onid="4" tsid="4" />
    <channel service_ref="1:0:1:0a8c:0005:0005:0d1b0000:0:0:0:" name="Record News" service_name="Record News" provider="Harmonic" sid="2700" onid="5" tsid="5" />
    <channel service_ref="1:0:1:0002:0001:04d2:0d1b0000:0:0:0:" name="RitmoSon Latino" service_name="RitmoSon Latino" provider="Visat" sid="2" onid="1234" tsid="1" />
    <channel service_ref="1:0:25:0008:0001:0001:0d1bace0:0:0:0:" name="RRokum" service_name="RRokum" provider="" sid="8" onid="1" tsid="1" />
    <channel service_ref="1:0:25:0003:0001:0001:0d1bace0:0:0:0:" name="RTV 21 HD" service_name="RTV 21 HD" provider="" sid="3" onid="1" tsid="1" />
    <channel service_ref="1:0:25:000b:0001:0001:0d1bace0:0:0:0:" name="RTV 21 Plus" service_name="RTV 21 Plus" provider="" sid="11" onid="1" tsid="1" />
    <channel service_ref="1:0:25:0004:0001:0001:0d1bace0:0:0:0:" name="RTV 21 Sat" service_name="RTV 21 Sat" provider="" sid="4" onid="1" tsid="1" />
    <channel service_ref="1:0:1:0006:0004:0004:0d1b0000:0:0:0:" name="Sol Música" service_name="Sol Música" provider="AMC Networks Iberia" sid="6" onid="4" tsid="4" />
    <channel service_ref="1:0:1:0008:0004:0004:0d1b0000:0:0:0:" name="Somos" service_name="Somos" provider="AMC Networks Iberia" sid="8" onid="4" tsid="4" />
    <channel service_ref="1:0:1:0002:0005:0005:0d1b0000:0:0:0:" name="Sundance TV" service_name="Sundance TV" provider="AMC Networks Iberia" sid="2" onid="5" tsid="5" />
    <channel service_ref="1:0:1:0003:0001:04d2:0d1b0000:0:0:0:" name="TeleHit" service_name="TeleHit" provider="Visat" sid="3" onid="1234" tsid="1" />
    <channel service_ref="1:0:1:0006:0001:04d2:0d1b0000:0:0:0:" name="Telenovelas" service_name="Telenovelas" provider="Visat" sid="6" onid="1234" tsid="1" />
    <channel service_ref="1:0:25:0005:0001:0001:0d1bace0:0:0:0:" name="TV Klan" service_name="TV Klan" provider="" sid="5" onid="1" tsid="1" />
    <channel service_ref="1:0:1:09c4:0005:0005:0d1b0000:0:0:0:" name="TV Record HD" service_name="TV Record HD" provider="Telefonica Servicios Audiovisuales" sid="2500" onid="5" tsid="5" />
    <channel service_ref="1:0:1:0003:0004:0004:0d1b0000:0:0:0:" name="XTRM" service_name="XTRM" provider="AMC Networks Iberia" sid="3" onid="4" tsid="4" />
  </bouquet>
  <bouquet name="News" category="tv">
    <channel service_ref="1:0:1:0001:0001:0001:0d1baccc:0:0:0:" name="ITN Newsnet" service_name="ITN Newsnet" provider="Service Provider" sid="1" onid="1" tsid="1" />
    <channel service_ref="1:0:1:0a8c:0005:0005:0d1b0000:0:0:0:" name="Record News" service_name="Record News" provider="Harmonic" sid="2700" onid="5" tsid="5" />
  </bouquet>
  <bouquet name="TF1" category="tv">
    <channel service_ref="1:0:1:0009:0004:0004:0d1b0000:0:0:0:" name="Canal Cocina" service_name="Canal Cocina" provider="AMC Networks Iberia" sid="9" onid="4" tsid="4" />
    <channel service_ref="1:0:1:000f:0005:0005:0d1b0000:0:0:0:" name="Canal de Historia" service_name="Canal de Historia" provider="AMC Networks Iberia" sid="15" onid="5" tsid="5" />
    <channel service_ref="1:0:1:0005:0001:04d2:0d1b0000:0:0:0:" name="Canal de las Estrellas" service_name="Canal de las Estrellas" provider="Visat" sid="5" onid="1234" tsid="1" />
    <channel service_ref="1:0:1:000b:0004:0004:0d1b0000:0:0:0:" name="Canal Hollywood" service_name="Canal Hollywood" provider="AMC Networks Iberia" sid="11" onid="4" tsid="4" />
    <channel service_ref="1:0:1:0005:0004:0004:0d1b0000:0:0:0:" name="Canal Panda" service_name="Canal Panda" provider="AMC Networks Iberia" sid="5" onid="4" tsid="4" />
  </bouquet>
  <bouquet name="Switzerland" category="tv">
    <channel service_ref="1:0:1:000e:0001:0190:0d1b0000:0:0:0:" name="NTA" service_name="NTA" provider="Nigerian Television" sid="14" onid="400" tsid="1" />
    <channel service_ref="1:0:1:0003:0001:04d2:0d1b0000:0:0:0:" name="TeleHit" service_name="TeleHit" provider="Visat" sid="3" onid="1234" tsid="1" />
    <channel service_ref="1:0:1:0006:0001:04d2:0d1b0000:0:0:0:" name="Telenovelas" service_name="Telenovelas" provider="Visat" sid="6" onid="1234" tsid="1" />
    <channel service_ref="1:0:1:09c4:0005:0005:0d1b0000:0:0:0:" name="TV Record HD" service_name="TV Record HD" provider="Telefonica Servicios Audiovisuales" sid="2500" onid="5" tsid="5" />
  </bouquet>
  <bouquet name="Resolution - HD" category="tv">
    <channel service_ref="1:0:25:0002:0001:0001:0d1bace0:0:0:0:" name="Klan Kosova HD" service_name="Klan Kosova HD" provider="" sid="2" onid="1" tsid="1" />
    <channel service_ref="1:0:25:0001:0001:0001:0d1bace0:0:0:0:" name="KTV Kohavision HD" service_name="KTV Kohavision HD" provider="" sid="1" onid="1" tsid="1" />
    <channel service_ref="1:0:25:0003:0001:0001:0d1bace0:0:0:0:" name="RTV 21 HD" service_name="RTV 21 HD" provider="" sid="3" onid="1" tsid="1" />
    <channel service_ref="1:0:1:09c4:0005:0005:0d1b0000:0:0:0:" name="TV Record HD" service_name="TV Record HD" provider="Telefonica Servicios Audiovisuales" sid="2500" onid="5" tsid="5" />
  </bouquet>
  <bouquet name="International" category="tv">
    <channel service_ref="1:0:1:0002:0001:0190:0d1b0000:0:0:0:" name="Italy 1" service_name="Italy 1" provider="Encoder" sid="2" onid="400" tsid="1" />
    <channel service_ref="1:0:1:0003:0001:0190:0d1b0000:0:0:0:" name="Italy 4" service_name="Italy 4" provider="Encoder" sid="3" onid="400" tsid="1" />
  </bouquet>
  <bouquet name="Others" category="tv">
    <channel service_ref="1:0:1:000c:0005:0005:0d1b0000:0:0:0:" name="A&amp;E Spain &amp; Portugal" service_name="A&amp;E Spain &amp; Portugal" provider="AMC Networks Iberia" sid="12" onid="5" tsid="5" />
    <channel service_ref="1:0:1:0001:0004:0004:0d1b0000:0:0:0:" name="AMC Spain" service_name="AMC Spain" provider="AMC Networks Iberia" sid="1" onid="4" tsid="4" />
    <channel service_ref="1:0:25:0007:0001:0001:0d1bace0:0:0:0:" name="Arta" service_name="Arta" provider="" sid="7" onid="1" tsid="1" />
    <channel service_ref="1:0:1:0001:0001:04d2:0d1b0000:0:0:0:" name="Clásico TV" service_name="Clásico TV" provider="Visat" sid="1" onid="1234" tsid="1" />
    <channel service_ref="1:0:1:000d:0005:0005:0d1b0000:0:0:0:" name="Crímen e Investigación" service_name="Crímen e Investigación" provider="AMC Networks Iberia" sid="13" onid="5" tsid="5" />
    <channel service_ref="1:0:1:0004:0004:0004:0d1b0000:0:0:0:" name="Dark" service_name="Dark" provider="AMC Networks Iberia" sid="4" onid="4" tsid="4" />
    <channel service_ref="1:0:1:0004:0001:04d2:0d1b0000:0:0:0:" name="De Pelicula" service_name="De Pelicula" provider="Visat" sid="4" onid="1234" tsid="1" />
    <channel service_ref="1:0:1:000a:0004:0004:0d1b0000:0:0:0:" name="Decasa TV" service_name="Decasa TV" provider="AMC Networks Iberia" sid="10" onid="4" tsid="4" />
    <channel service_ref="1:0:25:0006:0001:0001:0d1bace0:0:0:0:" name="Klan Kosova" service_name="Klan Kosova" provider="" sid="6" onid="1" tsid="1" />
    <channel service_ref="1:0:25:0002:0001:0001:0d1bace0:0:0:0:" name="Klan Kosova HD" service_name="Klan Kosova HD" provider="" sid="2" onid="1" tsid="1" />
    <channel service_ref="1:0:25:0001:0001:0001:0d1bace0:0:0:0:" name="KTV Kohavision HD" service_name="KTV Kohavision HD" provider="" sid="1" onid="1" tsid="1" />
    <channel service_ref="1:0:1:000c:0004:0004:0d1b0000:0:0:0:" name="Odisea" service_name="Odisea" provider="AMC Networks Iberia" sid="12" onid="4" tsid="4" />
    <channel service_ref="1:0:1:0002:0001:04d2:0d1b0000:0:0:0:" name="RitmoSon Latino" service_name="RitmoSon Latino" provider="Visat" sid="2" onid="1234" tsid="1" />
    <channel service_ref="1:0:25:0008:0001:0001:0d1bace0:0:0:0:" name="RRokum" service_name="RRokum" provider="" sid="8" onid="1" tsid="1" />
    <channel service_ref="1:0:25:0003:0001:0001:0d1bace0:0:0:0:" name="RTV 21 HD" service_name="RTV 21 HD" provider="" sid="3" onid="1" tsid="1" />
    <channel service_ref="1:0:25:000b:0001:0001:0d1bace0:0:0:0:" name="RTV 21 Plus" service_name="RTV 21 Plus" provider="" sid="11" onid="1" tsid="1" />
    <channel service_ref="1:0:25:0004:0001:0001:0d1bace0:0:0:0:" name="RTV 21 Sat" service_name="RTV 21 Sat" provider="" sid="4" onid="1" tsid="1" />
    <channel service_ref="1:0:1:0006:0004:0004:0d1b0000:0:0:0:" name="Sol Música" service_name="Sol Música" provider="AMC Networks Iberia" sid="6" onid="4" tsid="4" />
    <channel service_ref="1:0:1:0008:0004:0004:0d1b0000:0:0:0:" name="Somos" service_name="Somos" provider="AMC Networks Iberia" sid="8" onid="4" tsid="4" />
    <channel service_ref="1:0:1:0002:0005:0005:0d1b0000:0:0:0:" name="Sundance TV" service_name="Sundance TV" provider="AMC Networks Iberia" sid="2" onid="5" tsid="5" />
    <channel service_ref="1:0:25:0005:0001:0001:0d1bace0:0:0:0:" name="TV Klan" service_name="TV Klan" provider="" sid="5" onid="1" tsid="1" />
    <channel service_ref="1:0:1:0003:0004:0004:0d1b0000:0:0:0:" name="XTRM" service_name="XTRM" provider="AMC Networks Iberia" sid="3" onid="4" tsid="4" />
  </bouquet>
</zapit>
