<?xml version='1.0' encoding='utf-8'?>
<zapit>
  <bouquet name="General" category="tv">
    <channel service_ref="1:0:1:004e:4da9:217c:eeee0000:0:0:0:" name="77 IN ROSA" service_name="77 IN ROSA" provider="RETE 8" sid="78" onid="8572" tsid="19881" />
    <channel service_ref="1:0:1:0001:4da9:217c:eeee0000:0:0:0:" name="7G" service_name="7G" provider="7 GOLD" sid="1" onid="8572" tsid="19881" />
    <channel service_ref="1:0:1:004d:4da9:217c:eeee0000:0:0:0:" name="DOMUS" service_name="DOMUS" provider="RETE 8" sid="77" onid="8572" tsid="19881" />
  </bouquet>
  <bouquet name="Others" category="tv">
    <channel service_ref="1:0:1:004e:4da9:217c:eeee0000:0:0:0:" name="77 IN ROSA" service_name="77 IN ROSA" provider="RETE 8" sid="78" onid="8572" tsid="19881" />
    <channel service_ref="1:0:1:0001:4da9:217c:eeee0000:0:0:0:" name="7G" service_name="7G" provider="7 GOLD" sid="1" onid="8572" tsid="19881" />
    <channel service_ref="1:0:1:004d:4da9:217c:eeee0000:0:0:0:" name="DOMUS" service_name="DOMUS" provider="RETE 8" sid="77" onid="8572" tsid="19881" />
  </bouquet>
  <bouquet name="Radio" category="radio">
    <channel service_ref="1:0:2:02cc:4da9:217c:eeee0000:0:0:0:" name="RadioItaliaTrend" service_name="RadioItaliaTrend" provider="RadioItalia" sid="716" onid="8572" tsid="19881" />
  </bouquet>
  <bouquet name="Digitale Terrestre" category="tv">
    <channel service_ref="1:0:1:1:4da9:217c:eeee0000:0:0:0:" name="7G" service_name="7G" provider="7 GOLD" sid="1" onid="8572" tsid="19881" />
    <channel service_ref="1:0:1:4d:4da9:217c:eeee0000:0:0:0:" name="DOMUS" service_name="DOMUS" provider="RETE 8" sid="77" onid="8572" tsid="19881" />
    <channel service_ref="1:0:1:4e:4da9:217c:eeee0000:0:0:0:" name="77 IN ROSA" service_name="77 IN ROSA" provider="RETE 8" sid="78" onid="8572" tsid="19881" />
    <channel service_ref="1:0:2:2cc:4da9:217c:eeee0000:0:0:0:" name="RadioItaliaTrend" service_name="RadioItaliaTrend" provider="RadioItalia" sid="716" onid="8572" tsid="19881" />
  </bouquet>
  <bouquet name="Digitale Terrestre" category="tv">
    <channel service_ref="1:0:1:1:4da9:217c:eeee0000:0:0:0:" name="7G" service_name="7G" provider="7 GOLD" sid="1" onid="8572" tsid="19881" />
    <channel service_ref="1:0:1:4d:4da9:217c:eeee0000:0:0:0:" name="DOMUS" service_name="DOMUS" provider="RETE 8" sid="77" onid="8572" tsid="19881" />
    <channel service_ref="1:0:1:4e:4da9:217c:eeee0000:0:0:0:" name="77 IN ROSA" service_name="77 IN ROSA" provider="RETE 8" sid="78" onid="8572" tsid="19881" />
    <channel service_ref="1:0:2:2cc:4da9:217c:eeee0000:0:0:0:" name="RadioItaliaTrend" service_name="RadioItaliaTrend" provider="RadioItalia" sid="716" onid="8572" tsid="19881" />
  </bouquet>
</zapit>
