<?xml version='1.0' encoding='utf-8'?>
<zapit api="4">
  <terrestrials>
    <terrestrial key="eeee0000:0039:217c" name="BeS" namespace="0xeeee0000">
      <transponder key="eeee0000:0039:217c" frequency="762000000" symbol_rate="0" polarization="H" fec="5" system="0" modulation="4">
        <service id="0x00e1" sid="225" name="225 TV" type="22" provider="BeS" onid="8572" tsid="57" namespace="0xeeee0000" />
        <service id="0x00e2" sid="226" name="249 SPORT" type="22" provider="BeS" onid="8572" tsid="57" namespace="0xeeee0000" />
        <service id="0x00e0" sid="224" name="AMICI NETWORK" type="1" provider="BeS" onid="8572" tsid="57" namespace="0xeeee0000" />
        <service id="0x00de" sid="222" name="Amici per LItalia" type="1" provider="BeS" onid="8572" tsid="57" namespace="0xeeee0000" />
        <service id="0x1c1f" sid="7199" name="BFC Provvisorio" type="1" provider="BeS" onid="8572" tsid="57" namespace="0xeeee0000" />
        <service id="0x1c20" sid="7200" name="BIKE Provvisorio" type="1" provider="BeS" onid="8572" tsid="57" namespace="0xeeee0000" />
        <service id="0x0005" sid="5" name="Capri Casino'" type="1" provider="BeS" onid="8572" tsid="57" namespace="0xeeee0000" />
        <service id="0x00f7" sid="247" name="Capri Fashion" type="1" provider="BeS" onid="8572" tsid="57" namespace="0xeeee0000" />
        <service id="0x1c34" sid="7220" name="DONNA SHOPPING" type="1" provider="Bes" onid="8572" tsid="57" namespace="0xeeee0000" />
        <service id="0x003d" sid="61" name="EPIQA" type="1" provider="BeS" onid="8572" tsid="57" namespace="0xeeee0000" />
        <service id="0x00f0" sid="240" name="GENIUS 240" type="1" provider="BeS" onid="8572" tsid="57" namespace="0xeeee0000" />
        <service id="0x1c48" sid="7240" name="GIORNALE RADIO" type="1" provider="BeS" onid="8572" tsid="57" namespace="0xeeee0000" />
        <service id="0x033c" sid="828" name="IT CHANNEL" type="25" provider="BeS" onid="8572" tsid="57" namespace="0xeeee0000" />
        <service id="0x00df" sid="223" name="ITALIA SERA" type="1" provider="BeS" onid="8572" tsid="57" namespace="0xeeee0000" />
        <service id="0x00fe" sid="254" name="LA GRANDE ITALIA" type="1" provider="BeS" onid="8572" tsid="57" namespace="0xeeee0000" />
        <service id="0x03e9" sid="1001" name="LCN 82" type="1" provider="BeS" onid="8572" tsid="57" namespace="0xeeee0000" />
        <service id="0x02f3" sid="755" name="MSSport" type="1" provider="BeS" onid="8572" tsid="57" namespace="0xeeee0000" />
        <service id="0x0141" sid="321" name="ODEON 24" type="1" provider="BeS" onid="8572" tsid="57" namespace="0xeeee0000" />
        <service id="0x1c3e" sid="7230" name="PREMIO 800 Provvisorio" type="1" provider="BeS" onid="8572" tsid="57" namespace="0xeeee0000" />
        <service id="0x1c1a" sid="7194" name="PREMIO LIVE Provvisorio" type="1" provider="BeS" onid="8572" tsid="57" namespace="0xeeee0000" />
        <service id="0x1c2a" sid="7210" name="PREMIO SPORT Provvisorio" type="1" provider="BeS" onid="8572" tsid="57" namespace="0xeeee0000" />
        <service id="0x00c1" sid="193" name="RADIO MATER" type="1" provider="BeS" onid="8572" tsid="57" namespace="0xeeee0000" />
        <service id="0x00a3" sid="163" name="RETECAPRI" type="1" provider="BeS" onid="8572" tsid="57" namespace="0xeeee0000" />
        <service id="0x00bf" sid="191" name="SUPERSIX" type="1" provider="BeS" onid="8572" tsid="57" namespace="0xeeee0000" />
        <service id="0x036d" sid="877" name="TELEMODA" type="1" provider="BeS" onid="8572" tsid="57" namespace="0xeeee0000" />
        <service id="0x00e3" sid="227" name="TV1" type="22" provider="BeS" onid="8572" tsid="57" namespace="0xeeee0000" />
        <service id="0x010d" sid="269" name="ZETA TV" type="1" provider="BeS" onid="8572" tsid="57" namespace="0xeeee0000" />
        <service id="0x000a" sid="10" name="Radio Capri" type="2" provider="BeS" onid="8572" tsid="57" namespace="0xeeee0000" radio="1" />
        <service id="0x000b" sid="11" name="RADIO CAPRI" type="2" provider="BeS" onid="8572" tsid="57" namespace="0xeeee0000" radio="1" />
      </transponder>
    </terrestrial>
  </terrestrials>
</zapit>
