{
  "api_version": 4,
  "bouquet_count": "242",
  "category": "sat",
  "deduplicated_services": "0",
  "display_name": "Sat-30.5E",
  "lamedb_version": "4",
  "last_seen": "unknown",
  "satellite_code": "S30.5E",
  "service_count": "12944",
  "source": "work/ingest/oe-alliance/vhannibal.motor.and.dtt.lazio/enigma2",
  "stale": "unknown",
  "stats": "{\"bouquet_count\": 48, \"cable_services\": 0, \"radio_services\": 2008, \"sat_services\": 12633, \"terrestrial_services\": 311, \"total_services\": 12944}",
  "thresholds": "{\"cable\": 20, \"sat\": 50, \"terrestrial\": 20}",
  "transponder_count": "961"
}