<?xml version='1.0' encoding='utf-8'?>
<zapit>
  <bouquet name="General" category="tv">
    <channel service_ref="1:0:22:0013:791a:217c:eeee0000:0:0:0:" name="AIR ITALIA" service_name="AIR ITALIA" provider="Persidera" sid="19" onid="8572" tsid="31002" />
    <channel service_ref="1:0:22:001e:0200:001d:eeee0000:0:0:0:" name="Boing Plus" service_name="Boing Plus" provider="Persidera" sid="30" onid="29" tsid="512" />
    <channel service_ref="1:0:1:001d:0202:001d:eeee0000:0:0:0:" name="BOM Channel" service_name="BOM Channel" provider="Persidera" sid="29" onid="29" tsid="514" />
    <channel service_ref="1:0:22:0039:0202:001d:eeee0000:0:0:0:" name="Byoblu" service_name="Byoblu" provider="Persidera" sid="57" onid="29" tsid="514" />
    <channel service_ref="1:0:22:0008:791a:217c:eeee0000:0:0:0:" name="CANALE 162" service_name="CANALE 162" provider="Persidera" sid="8" onid="8572" tsid="31002" />
    <channel service_ref="1:0:22:002d:791a:217c:eeee0000:0:0:0:" name="CANALE 165" service_name="CANALE 165" provider="Persidera" sid="45" onid="8572" tsid="31002" />
    <channel service_ref="1:0:22:003e:791a:217c:eeee0000:0:0:0:" name="CANALE 232" service_name="CANALE 232" provider="Persidera" sid="62" onid="8572" tsid="31002" />
    <channel service_ref="1:0:25:003c:7918:217c:eeee0000:0:0:0:" name="CANALE 239" service_name="CANALE 239" provider="Persidera" sid="60" onid="8572" tsid="31000" />
    <channel service_ref="1:0:22:001f:791a:217c:eeee0000:0:0:0:" name="CANALE 263" service_name="CANALE 263" provider="Persidera" sid="31" onid="8572" tsid="31002" />
    <channel service_ref="1:0:22:0009:791a:217c:eeee0000:0:0:0:" name="CANALE 268" service_name="CANALE 268" provider="Persidera" sid="9" onid="8572" tsid="31002" />
    <channel service_ref="1:0:22:005a:0202:001d:eeee0000:0:0:0:" name="CANALE 63" service_name="CANALE 63" provider="Persidera" sid="90" onid="29" tsid="514" />
    <channel service_ref="1:0:22:0003:0202:001d:eeee0000:0:0:0:" name="CHANNEL 24" service_name="CHANNEL 24" provider="Persidera" sid="3" onid="29" tsid="514" />
    <channel service_ref="1:0:1:000b:791a:217c:eeee0000:0:0:0:" name="CHANNEL 24 - Provvisorio" service_name="CHANNEL 24 - Provvisorio" provider="Persidera" sid="11" onid="8572" tsid="31002" />
    <channel service_ref="1:0:25:0031:0202:001d:eeee0000:0:0:0:" name="CUSANO ITALIA TV" service_name="CUSANO ITALIA TV" provider="Persidera" sid="49" onid="29" tsid="514" />
    <channel service_ref="1:0:25:001c:7918:217c:eeee0000:0:0:0:" name="Deejay TV" service_name="Deejay TV" provider="Persidera" sid="28" onid="8572" tsid="31000" />
    <channel service_ref="1:0:25:001d:7918:217c:eeee0000:0:0:0:" name="Deejay TV HD" service_name="Deejay TV HD" provider="Persidera" sid="29" onid="8572" tsid="31000" />
    <channel service_ref="1:0:1:0014:0204:001d:eeee0000:0:0:0:" name="DMAX" service_name="DMAX" provider="Persidera" sid="20" onid="29" tsid="516" />
    <channel service_ref="1:0:22:001b:791a:217c:eeee0000:0:0:0:" name="DONNA SPORT TV" service_name="DONNA SPORT TV" provider="Persidera" sid="27" onid="8572" tsid="31002" />
    <channel service_ref="1:0:22:001a:791a:217c:eeee0000:0:0:0:" name="EnerJill" service_name="EnerJill" provider="Persidera" sid="26" onid="8572" tsid="31002" />
    <channel service_ref="1:0:1:005a:0204:001d:eeee0000:0:0:0:" name="Entertainment Fact" service_name="Entertainment Fact" provider="Persidera" sid="90" onid="29" tsid="516" />
    <channel service_ref="1:0:22:005f:791a:217c:eeee0000:0:0:0:" name="FIRE TV" service_name="FIRE TV" provider="Persidera" sid="95" onid="8572" tsid="31002" />
    <channel service_ref="1:0:1:005c:0200:001d:eeee0000:0:0:0:" name="frisbee" service_name="frisbee" provider="Persidera" sid="92" onid="29" tsid="512" />
    <channel service_ref="1:0:1:000a:0204:001d:eeee0000:0:0:0:" name="GM24.IT" service_name="GM24.IT" provider="Persidera" sid="10" onid="29" tsid="516" />
    <channel service_ref="1:0:1:000b:0204:001d:eeee0000:0:0:0:" name="GM24.IT HD" service_name="GM24.IT HD" provider="Persidera" sid="11" onid="29" tsid="516" />
    <channel service_ref="1:0:22:002f:791a:217c:eeee0000:0:0:0:" name="GO-TV" service_name="GO-TV" provider="Persidera" sid="47" onid="8572" tsid="31002" />
    <channel service_ref="1:0:22:0001:0202:001d:eeee0000:0:0:0:" name="GOLD TV ITALIA" service_name="GOLD TV ITALIA" provider="Persidera" sid="1" onid="29" tsid="514" />
    <channel service_ref="1:0:1:000f:791a:217c:eeee0000:0:0:0:" name="GOLD TV ITALIA - Provvisorio" service_name="GOLD TV ITALIA - Provvisorio" provider="Persidera" sid="15" onid="8572" tsid="31002" />
    <channel service_ref="1:0:1:000d:7918:217c:eeee0000:0:0:0:" name="HGTV - Home&amp;Garden" service_name="HGTV - Home&amp;Garden" provider="Persidera" sid="13" onid="8572" tsid="31000" />
    <channel service_ref="1:0:22:0007:791a:217c:eeee0000:0:0:0:" name="ILIKE.TV" service_name="ILIKE.TV" provider="Persidera" sid="7" onid="8572" tsid="31002" />
    <channel service_ref="1:0:22:001e:791a:217c:eeee0000:0:0:0:" name="INLINEA TV" service_name="INLINEA TV" provider="Persidera" sid="30" onid="8572" tsid="31002" />
    <channel service_ref="1:0:22:006f:791a:217c:eeee0000:0:0:0:" name="Italia Channel" service_name="Italia Channel" provider="Persidera" sid="111" onid="8572" tsid="31002" />
    <channel service_ref="1:0:22:00d2:0204:001d:eeee0000:0:0:0:" name="Juwelo" service_name="Juwelo" provider="Persidera" sid="210" onid="29" tsid="516" />
    <channel service_ref="1:0:1:003d:0200:001d:eeee0000:0:0:0:" name="K2" service_name="K2" provider="Persidera" sid="61" onid="29" tsid="512" />
    <channel service_ref="1:0:22:0002:0202:001d:eeee0000:0:0:0:" name="LA 4 ITALIA" service_name="LA 4 ITALIA" provider="Persidera" sid="2" onid="29" tsid="514" />
    <channel service_ref="1:0:1:000e:791a:217c:eeee0000:0:0:0:" name="LA 4 ITALIA - Provvisorio" service_name="LA 4 ITALIA - Provvisorio" provider="Persidera" sid="14" onid="8572" tsid="31002" />
    <channel service_ref="1:0:22:0014:7918:217c:eeee0000:0:0:0:" name="LA 9 - Provvisorio" service_name="LA 9 - Provvisorio" provider="Persidera" sid="20" onid="8572" tsid="31000" />
    <channel service_ref="1:0:22:000a:791a:217c:eeee0000:0:0:0:" name="LA242" service_name="LA242" provider="Persidera" sid="10" onid="8572" tsid="31002" />
    <channel service_ref="1:0:22:0006:0202:001d:eeee0000:0:0:0:" name="LINEA ITALIA" service_name="LINEA ITALIA" provider="Persidera" sid="6" onid="29" tsid="514" />
    <channel service_ref="1:0:1:0011:791a:217c:eeee0000:0:0:0:" name="LINEA ITALIA - Provvisorio" service_name="LINEA ITALIA - Provvisorio" provider="Persidera" sid="17" onid="8572" tsid="31002" />
    <channel service_ref="1:0:22:0005:0202:001d:eeee0000:0:0:0:" name="LINEAGEM" service_name="LINEAGEM" provider="Persidera" sid="5" onid="29" tsid="514" />
    <channel service_ref="1:0:1:0010:791a:217c:eeee0000:0:0:0:" name="LINEAGEM - Provvisorio" service_name="LINEAGEM - Provvisorio" provider="Persidera" sid="16" onid="8572" tsid="31002" />
    <channel service_ref="1:0:22:008c:0202:001d:eeee0000:0:0:0:" name="Mediatext.it" service_name="Mediatext.it" provider="Persidera" sid="140" onid="29" tsid="514" />
    <channel service_ref="1:0:22:003d:791a:217c:eeee0000:0:0:0:" name="MONDO CALCIO" service_name="MONDO CALCIO" provider="Persidera" sid="61" onid="8572" tsid="31002" />
    <channel service_ref="1:0:1:0002:7918:217c:eeee0000:0:0:0:" name="Motor Trend" service_name="Motor Trend" provider="Persidera" sid="2" onid="8572" tsid="31000" />
    <channel service_ref="1:0:1:0001:7918:217c:eeee0000:0:0:0:" name="NOVE" service_name="NOVE" provider="Persidera" sid="1" onid="8572" tsid="31000" />
    <channel service_ref="1:0:1:000e:7918:217c:eeee0000:0:0:0:" name="NOVE" service_name="NOVE" provider="Persidera" sid="14" onid="8572" tsid="31000" />
    <channel service_ref="1:0:22:0007:0202:001d:eeee0000:0:0:0:" name="ORLER TV" service_name="ORLER TV" provider="Persidera" sid="7" onid="29" tsid="514" />
    <channel service_ref="1:0:1:0012:791a:217c:eeee0000:0:0:0:" name="ORLER TV - Provvisorio" service_name="ORLER TV - Provvisorio" provider="Persidera" sid="18" onid="8572" tsid="31002" />
    <channel service_ref="1:0:1:0003:7918:217c:eeee0000:0:0:0:" name="Paramount Network" service_name="Paramount Network" provider="Persidera" sid="3" onid="8572" tsid="31000" />
    <channel service_ref="1:0:22:002d:0200:001d:eeee0000:0:0:0:" name="Paramount Network" service_name="Paramount Network" provider="Persidera" sid="45" onid="29" tsid="512" />
    <channel service_ref="1:0:22:007d:0202:001d:eeee0000:0:0:0:" name="Parole di Vita" service_name="Parole di Vita" provider="Persidera" sid="125" onid="29" tsid="514" />
    <channel service_ref="1:0:22:002e:791a:217c:eeee0000:0:0:0:" name="Pianeta Tv" service_name="Pianeta Tv" provider="Persidera" sid="46" onid="8572" tsid="31002" />
    <channel service_ref="1:0:25:004e:0202:001d:eeee0000:0:0:0:" name="RADIO KISS KISS TV" service_name="RADIO KISS KISS TV" provider="Persidera" sid="78" onid="29" tsid="514" />
    <channel service_ref="1:0:22:0008:0202:001d:eeee0000:0:0:0:" name="RADIO RADIO TV" service_name="RADIO RADIO TV" provider="Persidera" sid="8" onid="29" tsid="514" />
    <channel service_ref="1:0:25:0034:0204:001d:eeee0000:0:0:0:" name="RADIO ZETA" service_name="RADIO ZETA" provider="Persidera" sid="52" onid="29" tsid="516" />
    <channel service_ref="1:0:25:0034:0202:001d:eeee0000:0:0:0:" name="RADIO ZETA - Provvisorio" service_name="RADIO ZETA - Provvisorio" provider="Persidera" sid="52" onid="29" tsid="514" />
    <channel service_ref="1:0:25:00da:0204:001d:eeee0000:0:0:0:" name="RADIOFRECCIA" service_name="RADIOFRECCIA" provider="Persidera" sid="218" onid="29" tsid="516" />
    <channel service_ref="1:0:25:00dc:0204:001d:eeee0000:0:0:0:" name="RADIOFRECCIA HD" service_name="RADIOFRECCIA HD" provider="Persidera" sid="220" onid="29" tsid="516" />
    <channel service_ref="1:0:1:003c:0200:001d:eeee0000:0:0:0:" name="RadioItaliaTV" service_name="RadioItaliaTV" provider="Persidera" sid="60" onid="29" tsid="512" />
    <channel service_ref="1:0:1:001d:0200:001d:eeee0000:0:0:0:" name="RadioItaliaTV HD" service_name="RadioItaliaTV HD" provider="Persidera" sid="29" onid="29" tsid="512" />
    <channel service_ref="1:0:25:005b:0202:001d:eeee0000:0:0:0:" name="RDS Social TV" service_name="RDS Social TV" provider="Persidera" sid="91" onid="29" tsid="514" />
    <channel service_ref="1:0:25:005c:0202:001d:eeee0000:0:0:0:" name="RDS Social TV" service_name="RDS Social TV" provider="Persidera" sid="92" onid="29" tsid="514" />
    <channel service_ref="1:0:1:002c:0204:001d:eeee0000:0:0:0:" name="Real Time" service_name="Real Time" provider="Persidera" sid="44" onid="29" tsid="516" />
    <channel service_ref="1:0:22:0004:0202:001d:eeee0000:0:0:0:" name="RETE ITALIA" service_name="RETE ITALIA" provider="Persidera" sid="4" onid="29" tsid="514" />
    <channel service_ref="1:0:25:000f:0204:001d:eeee0000:0:0:0:" name="RTL 102.5" service_name="RTL 102.5" provider="Persidera" sid="15" onid="29" tsid="516" />
    <channel service_ref="1:0:25:00db:0204:001d:eeee0000:0:0:0:" name="RTL 102.5 HD" service_name="RTL 102.5 HD" provider="Persidera" sid="219" onid="29" tsid="516" />
    <channel service_ref="1:0:25:003c:0204:001d:eeee0000:0:0:0:" name="RTL 102.5 NEWS" service_name="RTL 102.5 NEWS" provider="Persidera" sid="60" onid="29" tsid="516" />
    <channel service_ref="1:0:25:003c:0202:001d:eeee0000:0:0:0:" name="RTL 102.5 NEWS - Provvisorio" service_name="RTL 102.5 NEWS - Provvisorio" provider="Persidera" sid="60" onid="29" tsid="514" />
    <channel service_ref="1:0:22:003c:791a:217c:eeee0000:0:0:0:" name="SoloCalcio" service_name="SoloCalcio" provider="Persidera" sid="60" onid="8572" tsid="31002" />
    <channel service_ref="1:0:22:0014:0200:001d:eeee0000:0:0:0:" name="Spike" service_name="Spike" provider="Persidera" sid="20" onid="29" tsid="512" />
    <channel service_ref="1:0:22:0019:0200:001d:eeee0000:0:0:0:" name="Super!" service_name="Super!" provider="Persidera" sid="25" onid="29" tsid="512" />
    <channel service_ref="1:0:1:006a:0204:001d:eeee0000:0:0:0:" name="Super! - Provvisorio" service_name="Super! - Provvisorio" provider="Persidera" sid="106" onid="29" tsid="516" />
    <channel service_ref="1:0:25:001c:0200:001d:eeee0000:0:0:0:" name="SUPERTENNIS" service_name="SUPERTENNIS" provider="Persidera" sid="28" onid="29" tsid="512" />
    <channel service_ref="1:0:22:006e:0202:001d:eeee0000:0:0:0:" name="TCI" service_name="TCI" provider="Persidera" sid="110" onid="29" tsid="514" />
    <channel service_ref="1:0:22:002d:7918:217c:eeee0000:0:0:0:" name="TELE MODA 168" service_name="TELE MODA 168" provider="Persidera" sid="45" onid="8572" tsid="31000" />
    <channel service_ref="1:0:1:0028:0202:001d:eeee0000:0:0:0:" name="TV2000" service_name="TV2000" provider="Persidera" sid="40" onid="29" tsid="514" />
    <channel service_ref="1:0:22:004e:0200:001d:eeee0000:0:0:0:" name="VH1" service_name="VH1" provider="Persidera" sid="78" onid="29" tsid="512" />
    <channel service_ref="1:0:1:004f:0200:001d:eeee0000:0:0:0:" name="VH1" service_name="VH1" provider="Persidera" sid="79" onid="29" tsid="512" />
    <channel service_ref="1:0:1:0071:0200:001d:eeee0000:0:0:0:" name="VH1 On Demand" service_name="VH1 On Demand" provider="Persidera" sid="113" onid="29" tsid="512" />
    <channel service_ref="1:0:1:0072:0200:001d:eeee0000:0:0:0:" name="VH1 On Demand" service_name="VH1 On Demand" provider="Persidera" sid="114" onid="29" tsid="512" />
  </bouquet>
  <bouquet name="News" category="tv">
    <channel service_ref="1:0:25:003c:0204:001d:eeee0000:0:0:0:" name="RTL 102.5 NEWS" service_name="RTL 102.5 NEWS" provider="Persidera" sid="60" onid="29" tsid="516" />
    <channel service_ref="1:0:25:003c:0202:001d:eeee0000:0:0:0:" name="RTL 102.5 NEWS - Provvisorio" service_name="RTL 102.5 NEWS - Provvisorio" provider="Persidera" sid="60" onid="29" tsid="514" />
  </bouquet>
  <bouquet name="Sports" category="tv">
    <channel service_ref="1:0:22:001b:791a:217c:eeee0000:0:0:0:" name="DONNA SPORT TV" service_name="DONNA SPORT TV" provider="Persidera" sid="27" onid="8572" tsid="31002" />
  </bouquet>
  <bouquet name="RTL" category="tv">
    <channel service_ref="1:0:25:000f:0204:001d:eeee0000:0:0:0:" name="RTL 102.5" service_name="RTL 102.5" provider="Persidera" sid="15" onid="29" tsid="516" />
    <channel service_ref="1:0:25:00db:0204:001d:eeee0000:0:0:0:" name="RTL 102.5 HD" service_name="RTL 102.5 HD" provider="Persidera" sid="219" onid="29" tsid="516" />
  </bouquet>
  <bouquet name="ARD/ZDF" category="tv">
    <channel service_ref="1:0:1:000d:7918:217c:eeee0000:0:0:0:" name="HGTV - Home&amp;Garden" service_name="HGTV - Home&amp;Garden" provider="Persidera" sid="13" onid="8572" tsid="31000" />
  </bouquet>
  <bouquet name="RAI" category="tv">
    <channel service_ref="1:0:22:0013:791a:217c:eeee0000:0:0:0:" name="AIR ITALIA" service_name="AIR ITALIA" provider="Persidera" sid="19" onid="8572" tsid="31002" />
    <channel service_ref="1:0:25:0031:0202:001d:eeee0000:0:0:0:" name="CUSANO ITALIA TV" service_name="CUSANO ITALIA TV" provider="Persidera" sid="49" onid="29" tsid="514" />
    <channel service_ref="1:0:22:0001:0202:001d:eeee0000:0:0:0:" name="GOLD TV ITALIA" service_name="GOLD TV ITALIA" provider="Persidera" sid="1" onid="29" tsid="514" />
    <channel service_ref="1:0:1:000f:791a:217c:eeee0000:0:0:0:" name="GOLD TV ITALIA - Provvisorio" service_name="GOLD TV ITALIA - Provvisorio" provider="Persidera" sid="15" onid="8572" tsid="31002" />
    <channel service_ref="1:0:22:006f:791a:217c:eeee0000:0:0:0:" name="Italia Channel" service_name="Italia Channel" provider="Persidera" sid="111" onid="8572" tsid="31002" />
    <channel service_ref="1:0:22:0002:0202:001d:eeee0000:0:0:0:" name="LA 4 ITALIA" service_name="LA 4 ITALIA" provider="Persidera" sid="2" onid="29" tsid="514" />
    <channel service_ref="1:0:1:000e:791a:217c:eeee0000:0:0:0:" name="LA 4 ITALIA - Provvisorio" service_name="LA 4 ITALIA - Provvisorio" provider="Persidera" sid="14" onid="8572" tsid="31002" />
    <channel service_ref="1:0:22:0006:0202:001d:eeee0000:0:0:0:" name="LINEA ITALIA" service_name="LINEA ITALIA" provider="Persidera" sid="6" onid="29" tsid="514" />
    <channel service_ref="1:0:1:0011:791a:217c:eeee0000:0:0:0:" name="LINEA ITALIA - Provvisorio" service_name="LINEA ITALIA - Provvisorio" provider="Persidera" sid="17" onid="8572" tsid="31002" />
    <channel service_ref="1:0:1:003c:0200:001d:eeee0000:0:0:0:" name="RadioItaliaTV" service_name="RadioItaliaTV" provider="Persidera" sid="60" onid="29" tsid="512" />
    <channel service_ref="1:0:1:001d:0200:001d:eeee0000:0:0:0:" name="RadioItaliaTV HD" service_name="RadioItaliaTV HD" provider="Persidera" sid="29" onid="29" tsid="512" />
    <channel service_ref="1:0:22:0004:0202:001d:eeee0000:0:0:0:" name="RETE ITALIA" service_name="RETE ITALIA" provider="Persidera" sid="4" onid="29" tsid="514" />
  </bouquet>
  <bouquet name="TF1" category="tv">
    <channel service_ref="1:0:22:0008:791a:217c:eeee0000:0:0:0:" name="CANALE 162" service_name="CANALE 162" provider="Persidera" sid="8" onid="8572" tsid="31002" />
    <channel service_ref="1:0:22:002d:791a:217c:eeee0000:0:0:0:" name="CANALE 165" service_name="CANALE 165" provider="Persidera" sid="45" onid="8572" tsid="31002" />
    <channel service_ref="1:0:22:003e:791a:217c:eeee0000:0:0:0:" name="CANALE 232" service_name="CANALE 232" provider="Persidera" sid="62" onid="8572" tsid="31002" />
    <channel service_ref="1:0:25:003c:7918:217c:eeee0000:0:0:0:" name="CANALE 239" service_name="CANALE 239" provider="Persidera" sid="60" onid="8572" tsid="31000" />
    <channel service_ref="1:0:22:001f:791a:217c:eeee0000:0:0:0:" name="CANALE 263" service_name="CANALE 263" provider="Persidera" sid="31" onid="8572" tsid="31002" />
    <channel service_ref="1:0:22:0009:791a:217c:eeee0000:0:0:0:" name="CANALE 268" service_name="CANALE 268" provider="Persidera" sid="9" onid="8572" tsid="31002" />
    <channel service_ref="1:0:22:005a:0202:001d:eeee0000:0:0:0:" name="CANALE 63" service_name="CANALE 63" provider="Persidera" sid="90" onid="29" tsid="514" />
  </bouquet>
  <bouquet name="Switzerland" category="tv">
    <channel service_ref="1:0:22:002d:7918:217c:eeee0000:0:0:0:" name="TELE MODA 168" service_name="TELE MODA 168" provider="Persidera" sid="45" onid="8572" tsid="31000" />
  </bouquet>
  <bouquet name="Resolution - HD" category="tv">
    <channel service_ref="1:0:25:001d:7918:217c:eeee0000:0:0:0:" name="Deejay TV HD" service_name="Deejay TV HD" provider="Persidera" sid="29" onid="8572" tsid="31000" />
    <channel service_ref="1:0:1:000b:0204:001d:eeee0000:0:0:0:" name="GM24.IT HD" service_name="GM24.IT HD" provider="Persidera" sid="11" onid="29" tsid="516" />
    <channel service_ref="1:0:25:00dc:0204:001d:eeee0000:0:0:0:" name="RADIOFRECCIA HD" service_name="RADIOFRECCIA HD" provider="Persidera" sid="220" onid="29" tsid="516" />
    <channel service_ref="1:0:1:001d:0200:001d:eeee0000:0:0:0:" name="RadioItaliaTV HD" service_name="RadioItaliaTV HD" provider="Persidera" sid="29" onid="29" tsid="512" />
    <channel service_ref="1:0:25:00db:0204:001d:eeee0000:0:0:0:" name="RTL 102.5 HD" service_name="RTL 102.5 HD" provider="Persidera" sid="219" onid="29" tsid="516" />
  </bouquet>
  <bouquet name="Others" category="tv">
    <channel service_ref="1:0:22:001e:0200:001d:eeee0000:0:0:0:" name="Boing Plus" service_name="Boing Plus" provider="Persidera" sid="30" onid="29" tsid="512" />
    <channel service_ref="1:0:1:001d:0202:001d:eeee0000:0:0:0:" name="BOM Channel" service_name="BOM Channel" provider="Persidera" sid="29" onid="29" tsid="514" />
    <channel service_ref="1:0:22:0039:0202:001d:eeee0000:0:0:0:" name="Byoblu" service_name="Byoblu" provider="Persidera" sid="57" onid="29" tsid="514" />
    <channel service_ref="1:0:22:0003:0202:001d:eeee0000:0:0:0:" name="CHANNEL 24" service_name="CHANNEL 24" provider="Persidera" sid="3" onid="29" tsid="514" />
    <channel service_ref="1:0:1:000b:791a:217c:eeee0000:0:0:0:" name="CHANNEL 24 - Provvisorio" service_name="CHANNEL 24 - Provvisorio" provider="Persidera" sid="11" onid="8572" tsid="31002" />
    <channel service_ref="1:0:25:001c:7918:217c:eeee0000:0:0:0:" name="Deejay TV" service_name="Deejay TV" provider="Persidera" sid="28" onid="8572" tsid="31000" />
    <channel service_ref="1:0:25:001d:7918:217c:eeee0000:0:0:0:" name="Deejay TV HD" service_name="Deejay TV HD" provider="Persidera" sid="29" onid="8572" tsid="31000" />
    <channel service_ref="1:0:1:0014:0204:001d:eeee0000:0:0:0:" name="DMAX" service_name="DMAX" provider="Persidera" sid="20" onid="29" tsid="516" />
    <channel service_ref="1:0:22:001a:791a:217c:eeee0000:0:0:0:" name="EnerJill" service_name="EnerJill" provider="Persidera" sid="26" onid="8572" tsid="31002" />
    <channel service_ref="1:0:1:005a:0204:001d:eeee0000:0:0:0:" name="Entertainment Fact" service_name="Entertainment Fact" provider="Persidera" sid="90" onid="29" tsid="516" />
    <channel service_ref="1:0:22:005f:791a:217c:eeee0000:0:0:0:" name="FIRE TV" service_name="FIRE TV" provider="Persidera" sid="95" onid="8572" tsid="31002" />
    <channel service_ref="1:0:1:005c:0200:001d:eeee0000:0:0:0:" name="frisbee" service_name="frisbee" provider="Persidera" sid="92" onid="29" tsid="512" />
    <channel service_ref="1:0:1:000a:0204:001d:eeee0000:0:0:0:" name="GM24.IT" service_name="GM24.IT" provider="Persidera" sid="10" onid="29" tsid="516" />
    <channel service_ref="1:0:1:000b:0204:001d:eeee0000:0:0:0:" name="GM24.IT HD" service_name="GM24.IT HD" provider="Persidera" sid="11" onid="29" tsid="516" />
    <channel service_ref="1:0:22:002f:791a:217c:eeee0000:0:0:0:" name="GO-TV" service_name="GO-TV" provider="Persidera" sid="47" onid="8572" tsid="31002" />
    <channel service_ref="1:0:22:0007:791a:217c:eeee0000:0:0:0:" name="ILIKE.TV" service_name="ILIKE.TV" provider="Persidera" sid="7" onid="8572" tsid="31002" />
    <channel service_ref="1:0:22:001e:791a:217c:eeee0000:0:0:0:" name="INLINEA TV" service_name="INLINEA TV" provider="Persidera" sid="30" onid="8572" tsid="31002" />
    <channel service_ref="1:0:22:00d2:0204:001d:eeee0000:0:0:0:" name="Juwelo" service_name="Juwelo" provider="Persidera" sid="210" onid="29" tsid="516" />
    <channel service_ref="1:0:1:003d:0200:001d:eeee0000:0:0:0:" name="K2" service_name="K2" provider="Persidera" sid="61" onid="29" tsid="512" />
    <channel service_ref="1:0:22:0014:7918:217c:eeee0000:0:0:0:" name="LA 9 - Provvisorio" service_name="LA 9 - Provvisorio" provider="Persidera" sid="20" onid="8572" tsid="31000" />
    <channel service_ref="1:0:22:000a:791a:217c:eeee0000:0:0:0:" name="LA242" service_name="LA242" provider="Persidera" sid="10" onid="8572" tsid="31002" />
    <channel service_ref="1:0:22:0005:0202:001d:eeee0000:0:0:0:" name="LINEAGEM" service_name="LINEAGEM" provider="Persidera" sid="5" onid="29" tsid="514" />
    <channel service_ref="1:0:1:0010:791a:217c:eeee0000:0:0:0:" name="LINEAGEM - Provvisorio" service_name="LINEAGEM - Provvisorio" provider="Persidera" sid="16" onid="8572" tsid="31002" />
    <channel service_ref="1:0:22:008c:0202:001d:eeee0000:0:0:0:" name="Mediatext.it" service_name="Mediatext.it" provider="Persidera" sid="140" onid="29" tsid="514" />
    <channel service_ref="1:0:22:003d:791a:217c:eeee0000:0:0:0:" name="MONDO CALCIO" service_name="MONDO CALCIO" provider="Persidera" sid="61" onid="8572" tsid="31002" />
    <channel service_ref="1:0:1:0002:7918:217c:eeee0000:0:0:0:" name="Motor Trend" service_name="Motor Trend" provider="Persidera" sid="2" onid="8572" tsid="31000" />
    <channel service_ref="1:0:1:0001:7918:217c:eeee0000:0:0:0:" name="NOVE" service_name="NOVE" provider="Persidera" sid="1" onid="8572" tsid="31000" />
    <channel service_ref="1:0:1:000e:7918:217c:eeee0000:0:0:0:" name="NOVE" service_name="NOVE" provider="Persidera" sid="14" onid="8572" tsid="31000" />
    <channel service_ref="1:0:22:0007:0202:001d:eeee0000:0:0:0:" name="ORLER TV" service_name="ORLER TV" provider="Persidera" sid="7" onid="29" tsid="514" />
    <channel service_ref="1:0:1:0012:791a:217c:eeee0000:0:0:0:" name="ORLER TV - Provvisorio" service_name="ORLER TV - Provvisorio" provider="Persidera" sid="18" onid="8572" tsid="31002" />
    <channel service_ref="1:0:1:0003:7918:217c:eeee0000:0:0:0:" name="Paramount Network" service_name="Paramount Network" provider="Persidera" sid="3" onid="8572" tsid="31000" />
    <channel service_ref="1:0:22:002d:0200:001d:eeee0000:0:0:0:" name="Paramount Network" service_name="Paramount Network" provider="Persidera" sid="45" onid="29" tsid="512" />
    <channel service_ref="1:0:22:007d:0202:001d:eeee0000:0:0:0:" name="Parole di Vita" service_name="Parole di Vita" provider="Persidera" sid="125" onid="29" tsid="514" />
    <channel service_ref="1:0:22:002e:791a:217c:eeee0000:0:0:0:" name="Pianeta Tv" service_name="Pianeta Tv" provider="Persidera" sid="46" onid="8572" tsid="31002" />
    <channel service_ref="1:0:25:004e:0202:001d:eeee0000:0:0:0:" name="RADIO KISS KISS TV" service_name="RADIO KISS KISS TV" provider="Persidera" sid="78" onid="29" tsid="514" />
    <channel service_ref="1:0:22:0008:0202:001d:eeee0000:0:0:0:" name="RADIO RADIO TV" service_name="RADIO RADIO TV" provider="Persidera" sid="8" onid="29" tsid="514" />
    <channel service_ref="1:0:25:0034:0204:001d:eeee0000:0:0:0:" name="RADIO ZETA" service_name="RADIO ZETA" provider="Persidera" sid="52" onid="29" tsid="516" />
    <channel service_ref="1:0:25:0034:0202:001d:eeee0000:0:0:0:" name="RADIO ZETA - Provvisorio" service_name="RADIO ZETA - Provvisorio" provider="Persidera" sid="52" onid="29" tsid="514" />
    <channel service_ref="1:0:25:00da:0204:001d:eeee0000:0:0:0:" name="RADIOFRECCIA" service_name="RADIOFRECCIA" provider="Persidera" sid="218" onid="29" tsid="516" />
    <channel service_ref="1:0:25:00dc:0204:001d:eeee0000:0:0:0:" name="RADIOFRECCIA HD" service_name="RADIOFRECCIA HD" provider="Persidera" sid="220" onid="29" tsid="516" />
    <channel service_ref="1:0:25:005b:0202:001d:eeee0000:0:0:0:" name="RDS Social TV" service_name="RDS Social TV" provider="Persidera" sid="91" onid="29" tsid="514" />
    <channel service_ref="1:0:25:005c:0202:001d:eeee0000:0:0:0:" name="RDS Social TV" service_name="RDS Social TV" provider="Persidera" sid="92" onid="29" tsid="514" />
    <channel service_ref="1:0:1:002c:0204:001d:eeee0000:0:0:0:" name="Real Time" service_name="Real Time" provider="Persidera" sid="44" onid="29" tsid="516" />
    <channel service_ref="1:0:22:003c:791a:217c:eeee0000:0:0:0:" name="SoloCalcio" service_name="SoloCalcio" provider="Persidera" sid="60" onid="8572" tsid="31002" />
    <channel service_ref="1:0:22:0014:0200:001d:eeee0000:0:0:0:" name="Spike" service_name="Spike" provider="Persidera" sid="20" onid="29" tsid="512" />
    <channel service_ref="1:0:22:0019:0200:001d:eeee0000:0:0:0:" name="Super!" service_name="Super!" provider="Persidera" sid="25" onid="29" tsid="512" />
    <channel service_ref="1:0:1:006a:0204:001d:eeee0000:0:0:0:" name="Super! - Provvisorio" service_name="Super! - Provvisorio" provider="Persidera" sid="106" onid="29" tsid="516" />
    <channel service_ref="1:0:25:001c:0200:001d:eeee0000:0:0:0:" name="SUPERTENNIS" service_name="SUPERTENNIS" provider="Persidera" sid="28" onid="29" tsid="512" />
    <channel service_ref="1:0:22:006e:0202:001d:eeee0000:0:0:0:" name="TCI" service_name="TCI" provider="Persidera" sid="110" onid="29" tsid="514" />
    <channel service_ref="1:0:1:0028:0202:001d:eeee0000:0:0:0:" name="TV2000" service_name="TV2000" provider="Persidera" sid="40" onid="29" tsid="514" />
    <channel service_ref="1:0:22:004e:0200:001d:eeee0000:0:0:0:" name="VH1" service_name="VH1" provider="Persidera" sid="78" onid="29" tsid="512" />
    <channel service_ref="1:0:1:004f:0200:001d:eeee0000:0:0:0:" name="VH1" service_name="VH1" provider="Persidera" sid="79" onid="29" tsid="512" />
    <channel service_ref="1:0:1:0071:0200:001d:eeee0000:0:0:0:" name="VH1 On Demand" service_name="VH1 On Demand" provider="Persidera" sid="113" onid="29" tsid="512" />
    <channel service_ref="1:0:1:0072:0200:001d:eeee0000:0:0:0:" name="VH1 On Demand" service_name="VH1 On Demand" provider="Persidera" sid="114" onid="29" tsid="512" />
  </bouquet>
  <bouquet name="Radio" category="radio">
    <channel service_ref="1:0:2:00df:0204:001d:eeee0000:0:0:0:" name="FRECCIA" service_name="FRECCIA" provider="Persidera" sid="223" onid="29" tsid="516" />
    <channel service_ref="1:0:2:000d:0200:001d:eeee0000:0:0:0:" name="R Italia SMI" service_name="R Italia SMI" provider="Persidera" sid="13" onid="29" tsid="512" />
    <channel service_ref="1:0:2:000e:0200:001d:eeee0000:0:0:0:" name="R Italia SMI" service_name="R Italia SMI" provider="Persidera" sid="14" onid="29" tsid="512" />
    <channel service_ref="1:0:2:0009:0204:001d:eeee0000:0:0:0:" name="Radio Deejay" service_name="Radio Deejay" provider="Persidera" sid="9" onid="29" tsid="516" />
    <channel service_ref="1:0:2:000c:7918:217c:eeee0000:0:0:0:" name="Radio Maria" service_name="Radio Maria" provider="Persidera" sid="12" onid="8572" tsid="31000" />
    <channel service_ref="1:0:2:002d:0202:001d:eeee0000:0:0:0:" name="RADIO VATICANA ITALIA" service_name="RADIO VATICANA ITALIA" provider="Persidera" sid="45" onid="29" tsid="514" />
    <channel service_ref="1:0:2:00dd:0204:001d:eeee0000:0:0:0:" name="RTL 102.5" service_name="RTL 102.5" provider="Persidera" sid="221" onid="29" tsid="516" />
    <channel service_ref="1:0:2:00de:0204:001d:eeee0000:0:0:0:" name="RTL 102.5 NEWS" service_name="RTL 102.5 NEWS" provider="Persidera" sid="222" onid="29" tsid="516" />
  </bouquet>
  <bouquet name="Radio - News" category="radio">
    <channel service_ref="1:0:2:00de:0204:001d:eeee0000:0:0:0:" name="RTL 102.5 NEWS" service_name="RTL 102.5 NEWS" provider="Persidera" sid="222" onid="29" tsid="516" />
  </bouquet>
  <bouquet name="Digitale Terrestre" category="tv">
    <channel service_ref="1:0:1:1:7918:217c:eeee0000:0:0:0:" name="NOVE" service_name="NOVE" provider="Persidera" sid="1" onid="8572" tsid="31000" />
    <channel service_ref="1:0:1:2:7918:217c:eeee0000:0:0:0:" name="Motor Trend" service_name="Motor Trend" provider="Persidera" sid="2" onid="8572" tsid="31000" />
    <channel service_ref="1:0:19:3c:7918:217c:eeee0000:0:0:0:" name="CANALE 239" service_name="CANALE 239" provider="Persidera" sid="60" onid="8572" tsid="31000" />
    <channel service_ref="1:0:16:8:791a:217c:eeee0000:0:0:0:" name="CANALE 162" service_name="CANALE 162" provider="Persidera" sid="8" onid="8572" tsid="31002" />
    <channel service_ref="1:0:16:2d:791a:217c:eeee0000:0:0:0:" name="CANALE 165" service_name="CANALE 165" provider="Persidera" sid="45" onid="8572" tsid="31002" />
    <channel service_ref="1:0:16:2e:791a:217c:eeee0000:0:0:0:" name="Pianeta Tv" service_name="Pianeta Tv" provider="Persidera" sid="46" onid="8572" tsid="31002" />
    <channel service_ref="1:0:16:9:791a:217c:eeee0000:0:0:0:" name="CANALE 268" service_name="CANALE 268" provider="Persidera" sid="9" onid="8572" tsid="31002" />
    <channel service_ref="1:0:16:5f:791a:217c:eeee0000:0:0:0:" name="FIRE TV" service_name="FIRE TV" provider="Persidera" sid="95" onid="8572" tsid="31002" />
    <channel service_ref="1:0:16:2f:791a:217c:eeee0000:0:0:0:" name="GO-TV" service_name="GO-TV" provider="Persidera" sid="47" onid="8572" tsid="31002" />
    <channel service_ref="1:0:16:7:791a:217c:eeee0000:0:0:0:" name="ILIKE.TV" service_name="ILIKE.TV" provider="Persidera" sid="7" onid="8572" tsid="31002" />
    <channel service_ref="1:0:16:1e:791a:217c:eeee0000:0:0:0:" name="INLINEA TV" service_name="INLINEA TV" provider="Persidera" sid="30" onid="8572" tsid="31002" />
    <channel service_ref="1:0:16:6f:791a:217c:eeee0000:0:0:0:" name="Italia Channel" service_name="Italia Channel" provider="Persidera" sid="111" onid="8572" tsid="31002" />
    <channel service_ref="1:0:16:a:791a:217c:eeee0000:0:0:0:" name="LA242" service_name="LA242" provider="Persidera" sid="10" onid="8572" tsid="31002" />
    <channel service_ref="1:0:16:2d:7918:217c:eeee0000:0:0:0:" name="TELE MODA 168" service_name="TELE MODA 168" provider="Persidera" sid="45" onid="8572" tsid="31000" />
    <channel service_ref="1:0:1:14:7918:217c:eeee0000:0:0:0:" name="LA 9 - Provvisorio" service_name="LA 9 - Provvisorio" provider="Persidera" sid="20" onid="8572" tsid="31000" />
    <channel service_ref="1:0:1:1d:7918:217c:eeee0000:0:0:0:" name="Deejay TV HD" service_name="Deejay TV HD" provider="Persidera" sid="29" onid="8572" tsid="31000" />
    <channel service_ref="1:0:1:3:7918:217c:eeee0000:0:0:0:" name="Paramount Network" service_name="Paramount Network" provider="Persidera" sid="3" onid="8572" tsid="31000" />
    <channel service_ref="1:0:1:f:791a:217c:eeee0000:0:0:0:" name="GOLD TV ITALIA - Provvisorio" service_name="GOLD TV ITALIA - Provvisorio" provider="Persidera" sid="15" onid="8572" tsid="31002" />
    <channel service_ref="1:0:1:1f:791a:217c:eeee0000:0:0:0:" name="CANALE 263" service_name="CANALE 263" provider="Persidera" sid="31" onid="8572" tsid="31002" />
    <channel service_ref="1:0:2:c:7918:217c:eeee0000:0:0:0:" name="Radio Maria" service_name="Radio Maria" provider="Persidera" sid="12" onid="8572" tsid="31000" />
  </bouquet>
  <bouquet name="Digitale Terrestre" category="tv">
    <channel service_ref="1:0:1:1:7918:217c:eeee0000:0:0:0:" name="NOVE" service_name="NOVE" provider="Persidera" sid="1" onid="8572" tsid="31000" />
    <channel service_ref="1:0:1:2:7918:217c:eeee0000:0:0:0:" name="Motor Trend" service_name="Motor Trend" provider="Persidera" sid="2" onid="8572" tsid="31000" />
    <channel service_ref="1:0:1:3:7918:217c:eeee0000:0:0:0:" name="Paramount Network" service_name="Paramount Network" provider="Persidera" sid="3" onid="8572" tsid="31000" />
    <channel service_ref="1:0:1:1e:791a:217c:eeee0000:0:0:0:" name="INLINEA TV" service_name="INLINEA TV" provider="Persidera" sid="30" onid="8572" tsid="31002" />
    <channel service_ref="1:0:1:f:791a:217c:eeee0000:0:0:0:" name="GOLD TV ITALIA - Provvisorio" service_name="GOLD TV ITALIA - Provvisorio" provider="Persidera" sid="15" onid="8572" tsid="31002" />
    <channel service_ref="1:0:1:8:791a:217c:eeee0000:0:0:0:" name="CANALE 162" service_name="CANALE 162" provider="Persidera" sid="8" onid="8572" tsid="31002" />
    <channel service_ref="1:0:1:2d:791a:217c:eeee0000:0:0:0:" name="CANALE 165" service_name="CANALE 165" provider="Persidera" sid="45" onid="8572" tsid="31002" />
    <channel service_ref="1:0:1:5f:791a:217c:eeee0000:0:0:0:" name="FIRE TV" service_name="FIRE TV" provider="Persidera" sid="95" onid="8572" tsid="31002" />
    <channel service_ref="1:0:1:7:791a:217c:eeee0000:0:0:0:" name="ILIKE.TV" service_name="ILIKE.TV" provider="Persidera" sid="7" onid="8572" tsid="31002" />
    <channel service_ref="1:0:1:6f:791a:217c:eeee0000:0:0:0:" name="Italia Channel" service_name="Italia Channel" provider="Persidera" sid="111" onid="8572" tsid="31002" />
    <channel service_ref="1:0:1:2e:791a:217c:eeee0000:0:0:0:" name="Pianeta Tv" service_name="Pianeta Tv" provider="Persidera" sid="46" onid="8572" tsid="31002" />
    <channel service_ref="1:0:1:1f:791a:217c:eeee0000:0:0:0:" name="CANALE 263" service_name="CANALE 263" provider="Persidera" sid="31" onid="8572" tsid="31002" />
    <channel service_ref="1:0:1:14:7918:217c:eeee0000:0:0:0:" name="LA 9 - Provvisorio" service_name="LA 9 - Provvisorio" provider="Persidera" sid="20" onid="8572" tsid="31000" />
    <channel service_ref="1:0:1:1d:7918:217c:eeee0000:0:0:0:" name="Deejay TV HD" service_name="Deejay TV HD" provider="Persidera" sid="29" onid="8572" tsid="31000" />
    <channel service_ref="1:0:2:c:7918:217c:eeee0000:0:0:0:" name="Radio Maria" service_name="Radio Maria" provider="Persidera" sid="12" onid="8572" tsid="31000" />
  </bouquet>
</zapit>
