<?xml version='1.0' encoding='utf-8'?>
<zapit>
  <bouquet name="General" category="tv">
    <channel service_ref="1:0:25:0003:0018:020d:020d0000:0:0:0:" name="Baby TV HD" service_name="Baby TV HD" provider="DU" sid="3" onid="525" tsid="24" />
    <channel service_ref="1:0:1:0003:0005:0001:020d2f16:0:0:0:" name="Bahoriston" service_name="Bahoriston" provider="Tajikistan" sid="3" onid="1" tsid="5" />
    <channel service_ref="1:0:25:000c:0018:020d:020d0000:0:0:0:" name="Disney Channel Middle East" service_name="Disney Channel Middle East" provider="DU" sid="12" onid="525" tsid="24" />
    <channel service_ref="1:0:25:000d:0018:020d:020d0000:0:0:0:" name="Disney Junior" service_name="Disney Junior" provider="DU" sid="13" onid="525" tsid="24" />
    <channel service_ref="1:0:1:0008:0005:0001:020d2f16:0:0:0:" name="Football HD" service_name="Football HD" provider="Tajikistan" sid="8" onid="1" tsid="5" />
    <channel service_ref="1:0:1:0004:0005:0001:020d2f16:0:0:0:" name="Jahonnamo" service_name="Jahonnamo" provider="Tajikistan" sid="4" onid="1" tsid="5" />
    <channel service_ref="1:0:25:000a:0018:020d:020d0000:0:0:0:" name="NG Wild HD" service_name="NG Wild HD" provider="DU" sid="10" onid="525" tsid="24" />
    <channel service_ref="1:0:25:000f:0018:020d:020d0000:0:0:0:" name="NGC HD" service_name="NGC HD" provider="DU" sid="15" onid="525" tsid="24" />
    <channel service_ref="1:0:1:0006:0005:0001:020d2f16:0:0:0:" name="Sinamo" service_name="Sinamo" provider="Tajikistan" sid="6" onid="1" tsid="5" />
    <channel service_ref="1:0:25:0007:0018:020d:020d0000:0:0:0:" name="STAR Action Movies HD" service_name="STAR Action Movies HD" provider="DU" sid="7" onid="525" tsid="24" />
    <channel service_ref="1:0:25:0002:0018:020d:020d0000:0:0:0:" name="STAR Movies HD" service_name="STAR Movies HD" provider="DU" sid="2" onid="525" tsid="24" />
    <channel service_ref="1:0:25:0001:0018:020d:020d0000:0:0:0:" name="STAR World HD" service_name="STAR World HD" provider="DU" sid="1" onid="525" tsid="24" />
    <channel service_ref="1:0:1:0005:0005:0001:020d2f16:0:0:0:" name="TV Varzish" service_name="TV Varzish" provider="Tajikistan" sid="5" onid="1" tsid="5" />
    <channel service_ref="1:0:1:0001:0005:0001:020d2f16:0:0:0:" name="TVT 1" service_name="TVT 1" provider="Tajikistan" sid="1" onid="1" tsid="5" />
  </bouquet>
  <bouquet name="Movies" category="tv">
    <channel service_ref="1:0:25:0007:0018:020d:020d0000:0:0:0:" name="STAR Action Movies HD" service_name="STAR Action Movies HD" provider="DU" sid="7" onid="525" tsid="24" />
    <channel service_ref="1:0:25:0002:0018:020d:020d0000:0:0:0:" name="STAR Movies HD" service_name="STAR Movies HD" provider="DU" sid="2" onid="525" tsid="24" />
  </bouquet>
  <bouquet name="Kids" category="tv">
    <channel service_ref="1:0:25:000c:0018:020d:020d0000:0:0:0:" name="Disney Channel Middle East" service_name="Disney Channel Middle East" provider="DU" sid="12" onid="525" tsid="24" />
    <channel service_ref="1:0:25:000d:0018:020d:020d0000:0:0:0:" name="Disney Junior" service_name="Disney Junior" provider="DU" sid="13" onid="525" tsid="24" />
  </bouquet>
  <bouquet name="Resolution - HD" category="tv">
    <channel service_ref="1:0:25:0003:0018:020d:020d0000:0:0:0:" name="Baby TV HD" service_name="Baby TV HD" provider="DU" sid="3" onid="525" tsid="24" />
    <channel service_ref="1:0:1:0008:0005:0001:020d2f16:0:0:0:" name="Football HD" service_name="Football HD" provider="Tajikistan" sid="8" onid="1" tsid="5" />
    <channel service_ref="1:0:25:000a:0018:020d:020d0000:0:0:0:" name="NG Wild HD" service_name="NG Wild HD" provider="DU" sid="10" onid="525" tsid="24" />
    <channel service_ref="1:0:25:000f:0018:020d:020d0000:0:0:0:" name="NGC HD" service_name="NGC HD" provider="DU" sid="15" onid="525" tsid="24" />
    <channel service_ref="1:0:25:0007:0018:020d:020d0000:0:0:0:" name="STAR Action Movies HD" service_name="STAR Action Movies HD" provider="DU" sid="7" onid="525" tsid="24" />
    <channel service_ref="1:0:25:0002:0018:020d:020d0000:0:0:0:" name="STAR Movies HD" service_name="STAR Movies HD" provider="DU" sid="2" onid="525" tsid="24" />
    <channel service_ref="1:0:25:0001:0018:020d:020d0000:0:0:0:" name="STAR World HD" service_name="STAR World HD" provider="DU" sid="1" onid="525" tsid="24" />
  </bouquet>
  <bouquet name="International" category="tv">
    <channel service_ref="1:0:25:0001:0018:020d:020d0000:0:0:0:" name="STAR World HD" service_name="STAR World HD" provider="DU" sid="1" onid="525" tsid="24" />
  </bouquet>
  <bouquet name="Others" category="tv">
    <channel service_ref="1:0:25:0003:0018:020d:020d0000:0:0:0:" name="Baby TV HD" service_name="Baby TV HD" provider="DU" sid="3" onid="525" tsid="24" />
    <channel service_ref="1:0:1:0003:0005:0001:020d2f16:0:0:0:" name="Bahoriston" service_name="Bahoriston" provider="Tajikistan" sid="3" onid="1" tsid="5" />
    <channel service_ref="1:0:1:0008:0005:0001:020d2f16:0:0:0:" name="Football HD" service_name="Football HD" provider="Tajikistan" sid="8" onid="1" tsid="5" />
    <channel service_ref="1:0:1:0004:0005:0001:020d2f16:0:0:0:" name="Jahonnamo" service_name="Jahonnamo" provider="Tajikistan" sid="4" onid="1" tsid="5" />
    <channel service_ref="1:0:25:000a:0018:020d:020d0000:0:0:0:" name="NG Wild HD" service_name="NG Wild HD" provider="DU" sid="10" onid="525" tsid="24" />
    <channel service_ref="1:0:25:000f:0018:020d:020d0000:0:0:0:" name="NGC HD" service_name="NGC HD" provider="DU" sid="15" onid="525" tsid="24" />
    <channel service_ref="1:0:1:0006:0005:0001:020d2f16:0:0:0:" name="Sinamo" service_name="Sinamo" provider="Tajikistan" sid="6" onid="1" tsid="5" />
    <channel service_ref="1:0:1:0005:0005:0001:020d2f16:0:0:0:" name="TV Varzish" service_name="TV Varzish" provider="Tajikistan" sid="5" onid="1" tsid="5" />
    <channel service_ref="1:0:1:0001:0005:0001:020d2f16:0:0:0:" name="TVT 1" service_name="TVT 1" provider="Tajikistan" sid="1" onid="1" tsid="5" />
  </bouquet>
</zapit>
