<?xml version='1.0' encoding='utf-8'?>
<zapit api="4">
  <terrestrials>
    <terrestrial key="eeee0000:0384:0110" name="Mediaset" namespace="0xeeee0000">
      <transponder key="eeee0000:0384:0110" frequency="706000000" symbol_rate="0" polarization="H" fec="5" system="0" modulation="4">
        <service id="0x1c11" sid="7185" name="Deluxe 139" type="1" provider="" onid="272" tsid="900" namespace="0xeeee0000" />
        <service id="0x1c0e" sid="7182" name="FASCINO TV" type="1" provider="" onid="272" tsid="900" namespace="0xeeee0000" />
        <service id="0x1f4f" sid="8015" name="HUMAX DOWNLOAD SVC" type="130" provider="" onid="272" tsid="900" namespace="0xeeee0000" />
        <service id="0x1b8e" sid="7054" name="Mediaset Italia Due" type="22" provider="Mediaset" onid="272" tsid="900" namespace="0xeeee0000" />
        <service id="0x1c18" sid="7192" name="PADRE PIO TV" type="1" provider="" onid="272" tsid="900" namespace="0xeeee0000" />
        <service id="0x1c13" sid="7187" name="PRIMA FREE" type="1" provider="" onid="272" tsid="900" namespace="0xeeee0000" />
        <service id="0x1b8b" sid="7051" name="RADIO 105" type="22" provider="Mediaset" onid="272" tsid="900" namespace="0xeeee0000" />
        <service id="0x1b8c" sid="7052" name="RADIO 105" type="22" provider="Mediaset" onid="272" tsid="900" namespace="0xeeee0000" />
        <service id="0x1c17" sid="7191" name="Sportitalia" type="1" provider="" onid="272" tsid="900" namespace="0xeeee0000" />
        <service id="0x1c12" sid="7186" name="TESORY CHANNEL" type="1" provider="" onid="272" tsid="900" namespace="0xeeee0000" />
        <service id="0x1c16" sid="7190" name="TV 153" type="1" provider="" onid="272" tsid="900" namespace="0xeeee0000" />
        <service id="0x1c0c" sid="7180" name="TV 243" type="1" provider="" onid="272" tsid="900" namespace="0xeeee0000" />
        <service id="0x1bbf" sid="7103" name="RADIO 105" type="2" provider="Mediaset" onid="272" tsid="900" namespace="0xeeee0000" radio="1" />
        <service id="0x1bc1" sid="7105" name="Radio Monte Carlo" type="2" provider="Mediaset" onid="272" tsid="900" namespace="0xeeee0000" radio="1" />
        <service id="0x1bbe" sid="7102" name="Radio R101" type="2" provider="Mediaset" onid="272" tsid="900" namespace="0xeeee0000" radio="1" />
        <service id="0x1bc0" sid="7104" name="VIRGIN RADIO" type="2" provider="Mediaset" onid="272" tsid="900" namespace="0xeeee0000" radio="1" />
      </transponder>
    </terrestrial>
    <terrestrial key="eeee0000:0385:0110" name="Mediaset" namespace="0xeeee0000">
      <transponder key="eeee0000:0385:0110" frequency="722000000" symbol_rate="0" polarization="H" fec="5" system="0" modulation="4">
        <service id="0x006a" sid="106" name="27 Twentyseven" type="22" provider="Mediaset" onid="272" tsid="901" namespace="0xeeee0000" />
        <service id="0x008d" sid="141" name="FOX" type="1" provider="" onid="272" tsid="901" namespace="0xeeee0000" />
        <service id="0x002b" sid="43" name="Iris" type="22" provider="Mediaset" onid="272" tsid="901" namespace="0xeeee0000" />
        <service id="0x002a" sid="42" name="La5" type="22" provider="Mediaset" onid="272" tsid="901" namespace="0xeeee0000" />
        <service id="0x002c" sid="44" name="Mediaset Italia Due" type="22" provider="Mediaset" onid="272" tsid="901" namespace="0xeeee0000" />
        <service id="0x002d" sid="45" name="Mediaset Italia Due" type="22" provider="Mediaset" onid="272" tsid="901" namespace="0xeeee0000" />
        <service id="0x0029" sid="41" name="R101 TV" type="22" provider="Mediaset" onid="272" tsid="901" namespace="0xeeee0000" />
        <service id="0x006b" sid="107" name="R101 TV" type="22" provider="Mediaset" onid="272" tsid="901" namespace="0xeeee0000" />
        <service id="0x008c" sid="140" name="Sky Atlantic" type="1" provider="" onid="272" tsid="901" namespace="0xeeee0000" />
        <service id="0x005f" sid="95" name="TV8 PROVVISORIO" type="1" provider="" onid="272" tsid="901" namespace="0xeeee0000" />
      </transponder>
    </terrestrial>
    <terrestrial key="eeee0000:0389:0110" name="Mediaset" namespace="0xeeee0000">
      <transponder key="eeee0000:0389:0110" frequency="594000000" symbol_rate="0" polarization="H" fec="5" system="0" modulation="4">
        <service id="0x015e" sid="350" name="20 Mediaset" type="1" provider="Mediaset" onid="272" tsid="905" namespace="0xeeee0000" />
        <service id="0x07e4" sid="2020" name="20 Mediaset (provvisorio)" type="1" provider="Mediaset" onid="272" tsid="905" namespace="0xeeee0000" />
        <service id="0x005b" sid="91" name="Boing" type="1" provider="Mediaset" onid="272" tsid="905" namespace="0xeeee0000" />
        <service id="0x005d" sid="93" name="Cartoonito" type="1" provider="Mediaset" onid="272" tsid="905" namespace="0xeeee0000" />
        <service id="0x016c" sid="364" name="Cine34" type="1" provider="Mediaset" onid="272" tsid="905" namespace="0xeeee0000" />
        <service id="0x084b" sid="2123" name="Cine34" type="1" provider="Mediaset" onid="272" tsid="905" namespace="0xeeee0000" />
        <service id="0x016b" sid="363" name="Focus" type="1" provider="Mediaset" onid="272" tsid="905" namespace="0xeeee0000" />
        <service id="0x084a" sid="2122" name="Focus" type="1" provider="Mediaset" onid="272" tsid="905" namespace="0xeeee0000" />
        <service id="0x0168" sid="360" name="Food Network" type="1" provider="Mediaset" onid="272" tsid="905" namespace="0xeeee0000" />
        <service id="0x0169" sid="361" name="QVC" type="1" provider="Mediaset" onid="272" tsid="905" namespace="0xeeee0000" />
        <service id="0x015f" sid="351" name="TOPcrime" type="1" provider="Mediaset" onid="272" tsid="905" namespace="0xeeee0000" />
        <service id="0x016a" sid="362" name="TOPcrime" type="1" provider="Mediaset" onid="272" tsid="905" namespace="0xeeee0000" />
      </transponder>
    </terrestrial>
    <terrestrial key="eeee0000:03a2:0110" name="Mediaset" namespace="0xeeee0000">
      <transponder key="eeee0000:03a2:0110" frequency="610000000" symbol_rate="0" polarization="H" fec="5" system="0" modulation="4">
        <service id="0x0bcc" sid="3020" name="20 Mediaset HD" type="25" provider="Mediaset" onid="272" tsid="930" namespace="0xeeee0000" />
        <service id="0x0c30" sid="3120" name="20 Mediaset HD" type="25" provider="Mediaset" onid="272" tsid="930" namespace="0xeeee0000" />
        <service id="0x0bbd" sid="3005" name="Canale5 HD" type="25" provider="Mediaset" onid="272" tsid="930" namespace="0xeeee0000" />
        <service id="0x0c21" sid="3105" name="Canale5 HD" type="25" provider="Mediaset" onid="272" tsid="930" namespace="0xeeee0000" />
        <service id="0x0bbe" sid="3006" name="Italia1 HD" type="25" provider="Mediaset" onid="272" tsid="930" namespace="0xeeee0000" />
        <service id="0x0c22" sid="3106" name="Italia1 HD" type="25" provider="Mediaset" onid="272" tsid="930" namespace="0xeeee0000" />
        <service id="0x0bef" sid="3055" name="Mediaset Extra" type="1" provider="Mediaset" onid="272" tsid="930" namespace="0xeeee0000" />
        <service id="0x0bbc" sid="3004" name="Rete4 HD" type="25" provider="Mediaset" onid="272" tsid="930" namespace="0xeeee0000" />
        <service id="0x0c20" sid="3104" name="Rete4 HD" type="25" provider="Mediaset" onid="272" tsid="930" namespace="0xeeee0000" />
      </transponder>
    </terrestrial>
  </terrestrials>
</zapit>
