<?xml version='1.0' encoding='utf-8'?>
<zapit api="4">
  <terrestrials>
    <terrestrial key="eeee0000:20d0:217c" name="Lombardia-Tv" namespace="0xeeee0000">
      <transponder key="eeee0000:20d0:217c" frequency="770000000" symbol_rate="0" polarization="H" fec="5" system="0" modulation="4">
        <service id="0x0007" sid="7" name="EUROPA TV 3" type="1" provider="Europa Tv 3" onid="8572" tsid="8400" namespace="0xeeee0000" />
        <service id="0x0003" sid="3" name="Italy Tv" type="1" provider="Lombardia Tv" onid="8572" tsid="8400" namespace="0xeeee0000" />
        <service id="0x0002" sid="2" name="LOMBARDIA TV" type="1" provider="Lombardia Tv" onid="8572" tsid="8400" namespace="0xeeee0000" />
        <service id="0x000a" sid="10" name="lombardia tv" type="1" provider="Lombardia Tv" onid="8572" tsid="8400" namespace="0xeeee0000" />
        <service id="0x001c" sid="28" name="Nuova ReteBrescia 634" type="1" provider="Nuova ReteBrescia" onid="8572" tsid="8400" namespace="0xeeee0000" />
        <service id="0x001b" sid="27" name="SuperSix" type="1" provider="Lombardia Tv" onid="8572" tsid="8400" namespace="0xeeee0000" />
        <service id="0x0001" sid="1" name="SuperSix HD" type="1" provider="Lombardia Tv" onid="8572" tsid="8400" namespace="0xeeee0000" />
        <service id="0x0009" sid="9" name="TELE MANTOVA" type="1" provider="Tele Mantova" onid="8572" tsid="8400" namespace="0xeeee0000" />
        <service id="0x000e" sid="14" name="Tele Mantova" type="1" provider="Tele Mantova" onid="8572" tsid="8400" namespace="0xeeee0000" />
        <service id="0x0008" sid="8" name="Tele Stella" type="1" provider="Tele stella" onid="8572" tsid="8400" namespace="0xeeee0000" />
        <service id="0x0004" sid="4" name="VALPADANA TV" type="1" provider="Lombardia Tv" onid="8572" tsid="8400" namespace="0xeeee0000" />
        <service id="0x000c" sid="12" name="valpadana tv" type="1" provider="Lombardia Tv" onid="8572" tsid="8400" namespace="0xeeee0000" />
        <service id="0x0006" sid="6" name="VIDEOCREMONA" type="1" provider="Lombardia Tv" onid="8572" tsid="8400" namespace="0xeeee0000" />
        <service id="0x000d" sid="13" name="RADIO IGLESIAS" type="2" provider="Lombardia Tv" onid="8572" tsid="8400" namespace="0xeeee0000" radio="1" />
        <service id="0x000f" sid="15" name="RADIO MATER" type="2" provider="Lombardia Tv" onid="8572" tsid="8400" namespace="0xeeee0000" radio="1" />
        <service id="0x000b" sid="11" name="RADIO ZEUS" type="2" provider="Lombardia Tv" onid="8572" tsid="8400" namespace="0xeeee0000" radio="1" />
      </transponder>
    </terrestrial>
  </terrestrials>
</zapit>
