{
  "api_version": 4,
  "bouquet_count": "124",
  "category": "terrestrial",
  "deduplicated_services": "0",
  "display_name": "Persidera",
  "lamedb_version": "4",
  "last_seen": "unknown",
  "region_code": "persidera",
  "service_count": "3219",
  "source": "work/ingest/oe-alliance/vhannibal.dual.feeds.and.dtt.napoli/enigma2",
  "stale": "unknown",
  "stats": "{\"bouquet_count\": 45, \"cable_services\": 0, \"radio_services\": 431, \"sat_services\": 2796, \"terrestrial_services\": 423, \"total_services\": 3219}",
  "thresholds": "{\"cable\": 20, \"sat\": 50, \"terrestrial\": 20}",
  "transponder_count": "211"
}