{
  "api_version": 4,
  "bouquet_count": "362",
  "category": "sat",
  "deduplicated_services": "0",
  "display_name": "Sat-46E",
  "lamedb_version": "4",
  "last_seen": "unknown",
  "satellite_code": "S46E",
  "service_count": "9411",
  "source": "work/ingest/oe-alliance/liktra.rotor/enigma2",
  "stale": "unknown",
  "stats": "{\"bouquet_count\": 46, \"cable_services\": 0, \"radio_services\": 1529, \"sat_services\": 9411, \"terrestrial_services\": 0, \"total_services\": 9411}",
  "thresholds": "{\"cable\": 20, \"sat\": 50, \"terrestrial\": 20}",
  "transponder_count": "731"
}