<?xml version='1.0' encoding='utf-8'?>
<zapit>
  <bouquet name="General" category="tv">
    <channel service_ref="1:0:1:028e:4c2d:217c:eeee0000:0:0:0:" name="12 TV PARMA." service_name="12 TV PARMA." provider="TV PARMA" sid="654" onid="8572" tsid="19501" />
    <channel service_ref="1:0:1:000b:4c2d:217c:eeee0000:0:0:0:" name="E'TV - 119" service_name="E'TV - 119" provider="E' TV" sid="11" onid="8572" tsid="19501" />
    <channel service_ref="1:0:1:003d:4c2d:217c:eeee0000:0:0:0:" name="E'TV - 97" service_name="E'TV - 97" provider="E'TV" sid="61" onid="8572" tsid="19501" />
    <channel service_ref="1:0:1:000c:4c2d:217c:eeee0000:0:0:0:" name="E'TV RETE 17" service_name="E'TV RETE 17" provider="TELEDUCATO" sid="12" onid="8572" tsid="19501" />
    <channel service_ref="1:0:1:0001:4c2d:217c:eeee0000:0:0:0:" name="E'TV Rete 7" service_name="E'TV Rete 7" provider="E' TV" sid="1" onid="8572" tsid="19501" />
    <channel service_ref="1:0:1:027d:4c2d:217c:eeee0000:0:0:0:" name="E'TV Rete 7" service_name="E'TV Rete 7" provider="E'TV" sid="637" onid="8572" tsid="19501" />
    <channel service_ref="1:0:1:000a:4c2d:217c:eeee0000:0:0:0:" name="E'TV Rete 7." service_name="E'TV Rete 7." provider="E'TV" sid="10" onid="8572" tsid="19501" />
    <channel service_ref="1:0:1:000d:4c2d:217c:eeee0000:0:0:0:" name="E'TV Rete 7." service_name="E'TV Rete 7." provider="E' TV" sid="13" onid="8572" tsid="19501" />
    <channel service_ref="1:0:1:026c:4c2d:217c:eeee0000:0:0:0:" name="MEDIANEWS" service_name="MEDIANEWS" provider="R7" sid="620" onid="8572" tsid="19501" />
    <channel service_ref="1:0:1:027c:4c2d:217c:eeee0000:0:0:0:" name="MEDIANEWS" service_name="MEDIANEWS" provider="E'TV" sid="636" onid="8572" tsid="19501" />
    <channel service_ref="1:0:1:0004:4c2d:217c:eeee0000:0:0:0:" name="MEDIANEWS - 292" service_name="MEDIANEWS - 292" provider="E' TV" sid="4" onid="8572" tsid="19501" />
    <channel service_ref="1:0:1:003f:4c2d:217c:eeee0000:0:0:0:" name="Nettuno TV." service_name="Nettuno TV." provider="Antenna 1" sid="63" onid="8572" tsid="19501" />
    <channel service_ref="1:0:1:0030:4c2d:217c:eeee0000:0:0:0:" name="TELEREGGIO" service_name="TELEREGGIO" provider="TELEREGGIO" sid="48" onid="8572" tsid="19501" />
    <channel service_ref="1:0:1:023f:4c2d:217c:eeee0000:0:0:0:" name="TRC BOLOGNA" service_name="TRC BOLOGNA" provider="TRC" sid="575" onid="8572" tsid="19501" />
    <channel service_ref="1:0:1:15f2:4c2d:217c:eeee0000:0:0:0:" name="TRC BOLOGNA" service_name="TRC BOLOGNA" provider="TRC" sid="5618" onid="8572" tsid="19501" />
    <channel service_ref="1:0:1:03f3:4c2d:217c:eeee0000:0:0:0:" name="TRC MODENA" service_name="TRC MODENA" provider="TRC MODENA" sid="1011" onid="8572" tsid="19501" />
    <channel service_ref="1:0:1:00bb:4c2d:217c:eeee0000:0:0:0:" name="TV PARMA +1." service_name="TV PARMA +1." provider="TV PARMA" sid="187" onid="8572" tsid="19501" />
  </bouquet>
  <bouquet name="News" category="tv">
    <channel service_ref="1:0:1:026c:4c2d:217c:eeee0000:0:0:0:" name="MEDIANEWS" service_name="MEDIANEWS" provider="R7" sid="620" onid="8572" tsid="19501" />
    <channel service_ref="1:0:1:027c:4c2d:217c:eeee0000:0:0:0:" name="MEDIANEWS" service_name="MEDIANEWS" provider="E'TV" sid="636" onid="8572" tsid="19501" />
    <channel service_ref="1:0:1:0004:4c2d:217c:eeee0000:0:0:0:" name="MEDIANEWS - 292" service_name="MEDIANEWS - 292" provider="E' TV" sid="4" onid="8572" tsid="19501" />
  </bouquet>
  <bouquet name="Switzerland" category="tv">
    <channel service_ref="1:0:1:000c:4c2d:217c:eeee0000:0:0:0:" name="E'TV RETE 17" service_name="E'TV RETE 17" provider="TELEDUCATO" sid="12" onid="8572" tsid="19501" />
    <channel service_ref="1:0:1:0030:4c2d:217c:eeee0000:0:0:0:" name="TELEREGGIO" service_name="TELEREGGIO" provider="TELEREGGIO" sid="48" onid="8572" tsid="19501" />
  </bouquet>
  <bouquet name="Others" category="tv">
    <channel service_ref="1:0:1:028e:4c2d:217c:eeee0000:0:0:0:" name="12 TV PARMA." service_name="12 TV PARMA." provider="TV PARMA" sid="654" onid="8572" tsid="19501" />
    <channel service_ref="1:0:1:000b:4c2d:217c:eeee0000:0:0:0:" name="E'TV - 119" service_name="E'TV - 119" provider="E' TV" sid="11" onid="8572" tsid="19501" />
    <channel service_ref="1:0:1:003d:4c2d:217c:eeee0000:0:0:0:" name="E'TV - 97" service_name="E'TV - 97" provider="E'TV" sid="61" onid="8572" tsid="19501" />
    <channel service_ref="1:0:1:0001:4c2d:217c:eeee0000:0:0:0:" name="E'TV Rete 7" service_name="E'TV Rete 7" provider="E' TV" sid="1" onid="8572" tsid="19501" />
    <channel service_ref="1:0:1:027d:4c2d:217c:eeee0000:0:0:0:" name="E'TV Rete 7" service_name="E'TV Rete 7" provider="E'TV" sid="637" onid="8572" tsid="19501" />
    <channel service_ref="1:0:1:000a:4c2d:217c:eeee0000:0:0:0:" name="E'TV Rete 7." service_name="E'TV Rete 7." provider="E'TV" sid="10" onid="8572" tsid="19501" />
    <channel service_ref="1:0:1:000d:4c2d:217c:eeee0000:0:0:0:" name="E'TV Rete 7." service_name="E'TV Rete 7." provider="E' TV" sid="13" onid="8572" tsid="19501" />
    <channel service_ref="1:0:1:003f:4c2d:217c:eeee0000:0:0:0:" name="Nettuno TV." service_name="Nettuno TV." provider="Antenna 1" sid="63" onid="8572" tsid="19501" />
    <channel service_ref="1:0:1:023f:4c2d:217c:eeee0000:0:0:0:" name="TRC BOLOGNA" service_name="TRC BOLOGNA" provider="TRC" sid="575" onid="8572" tsid="19501" />
    <channel service_ref="1:0:1:15f2:4c2d:217c:eeee0000:0:0:0:" name="TRC BOLOGNA" service_name="TRC BOLOGNA" provider="TRC" sid="5618" onid="8572" tsid="19501" />
    <channel service_ref="1:0:1:03f3:4c2d:217c:eeee0000:0:0:0:" name="TRC MODENA" service_name="TRC MODENA" provider="TRC MODENA" sid="1011" onid="8572" tsid="19501" />
    <channel service_ref="1:0:1:00bb:4c2d:217c:eeee0000:0:0:0:" name="TV PARMA +1." service_name="TV PARMA +1." provider="TV PARMA" sid="187" onid="8572" tsid="19501" />
  </bouquet>
  <bouquet name="Digitale Terrestre" category="tv">
    <channel service_ref="1:0:1:1:4c2d:217c:eeee0000:0:0:0:" name="E'TV Rete 7" service_name="E'TV Rete 7" provider="E' TV" sid="1" onid="8572" tsid="19501" />
    <channel service_ref="1:0:1:b:4c2d:217c:eeee0000:0:0:0:" name="E'TV - 119" service_name="E'TV - 119" provider="E' TV" sid="11" onid="8572" tsid="19501" />
    <channel service_ref="1:0:1:3f3:4c2d:217c:eeee0000:0:0:0:" name="TRC MODENA" service_name="TRC MODENA" provider="TRC MODENA" sid="1011" onid="8572" tsid="19501" />
    <channel service_ref="1:0:1:28e:4c2d:217c:eeee0000:0:0:0:" name="12 TV PARMA." service_name="12 TV PARMA." provider="TV PARMA" sid="654" onid="8572" tsid="19501" />
    <channel service_ref="1:0:1:bb:4c2d:217c:eeee0000:0:0:0:" name="TV PARMA +1." service_name="TV PARMA +1." provider="TV PARMA" sid="187" onid="8572" tsid="19501" />
    <channel service_ref="1:0:1:27d:4c2d:217c:eeee0000:0:0:0:" name="E'TV Rete 7" service_name="E'TV Rete 7" provider="E'TV" sid="637" onid="8572" tsid="19501" />
    <channel service_ref="1:0:1:d:4c2d:217c:eeee0000:0:0:0:" name="E'TV Rete 7." service_name="E'TV Rete 7." provider="E' TV" sid="13" onid="8572" tsid="19501" />
    <channel service_ref="1:0:1:26c:4c2d:217c:eeee0000:0:0:0:" name="MEDIANEWS" service_name="MEDIANEWS" provider="R7" sid="620" onid="8572" tsid="19501" />
    <channel service_ref="1:0:1:27c:4c2d:217c:eeee0000:0:0:0:" name="MEDIANEWS" service_name="MEDIANEWS" provider="E'TV" sid="636" onid="8572" tsid="19501" />
    <channel service_ref="1:0:1:4:4c2d:217c:eeee0000:0:0:0:" name="MEDIANEWS - 292" service_name="MEDIANEWS - 292" provider="E' TV" sid="4" onid="8572" tsid="19501" />
    <channel service_ref="1:0:1:15f2:4c2d:217c:eeee0000:0:0:0:" name="TRC BOLOGNA" service_name="TRC BOLOGNA" provider="TRC" sid="5618" onid="8572" tsid="19501" />
    <channel service_ref="1:0:1:c:4c2d:217c:eeee0000:0:0:0:" name="E'TV RETE 17" service_name="E'TV RETE 17" provider="TELEDUCATO" sid="12" onid="8572" tsid="19501" />
  </bouquet>
  <bouquet name="Digitale Terrestre" category="tv">
    <channel service_ref="1:0:1:1:4c2d:217c:eeee0000:0:0:0:" name="E'TV Rete 7" service_name="E'TV Rete 7" provider="E' TV" sid="1" onid="8572" tsid="19501" />
    <channel service_ref="1:0:1:b:4c2d:217c:eeee0000:0:0:0:" name="E'TV - 119" service_name="E'TV - 119" provider="E' TV" sid="11" onid="8572" tsid="19501" />
    <channel service_ref="1:0:1:3f3:4c2d:217c:eeee0000:0:0:0:" name="TRC MODENA" service_name="TRC MODENA" provider="TRC MODENA" sid="1011" onid="8572" tsid="19501" />
    <channel service_ref="1:0:1:c:4c2d:217c:eeee0000:0:0:0:" name="E'TV RETE 17" service_name="E'TV RETE 17" provider="TELEDUCATO" sid="12" onid="8572" tsid="19501" />
    <channel service_ref="1:0:1:27d:4c2d:217c:eeee0000:0:0:0:" name="E'TV Rete 7" service_name="E'TV Rete 7" provider="E'TV" sid="637" onid="8572" tsid="19501" />
    <channel service_ref="1:0:1:d:4c2d:217c:eeee0000:0:0:0:" name="E'TV Rete 7." service_name="E'TV Rete 7." provider="E' TV" sid="13" onid="8572" tsid="19501" />
    <channel service_ref="1:0:1:27c:4c2d:217c:eeee0000:0:0:0:" name="MEDIANEWS" service_name="MEDIANEWS" provider="E'TV" sid="636" onid="8572" tsid="19501" />
    <channel service_ref="1:0:1:26c:4c2d:217c:eeee0000:0:0:0:" name="MEDIANEWS" service_name="MEDIANEWS" provider="R7" sid="620" onid="8572" tsid="19501" />
    <channel service_ref="1:0:1:4:4c2d:217c:eeee0000:0:0:0:" name="MEDIANEWS - 292" service_name="MEDIANEWS - 292" provider="E' TV" sid="4" onid="8572" tsid="19501" />
    <channel service_ref="1:0:1:15f2:4c2d:217c:eeee0000:0:0:0:" name="TRC BOLOGNA" service_name="TRC BOLOGNA" provider="TRC" sid="5618" onid="8572" tsid="19501" />
    <channel service_ref="1:0:1:bb:4c2d:217c:eeee0000:0:0:0:" name="TV PARMA +1." service_name="TV PARMA +1." provider="TV PARMA" sid="187" onid="8572" tsid="19501" />
    <channel service_ref="1:0:1:28e:4c2d:217c:eeee0000:0:0:0:" name="12 TV PARMA." service_name="12 TV PARMA." provider="TV PARMA" sid="654" onid="8572" tsid="19501" />
  </bouquet>
</zapit>
