<?xml version='1.0' encoding='utf-8'?>
<zapit>
  <bouquet name="General" category="tv">
    <channel service_ref="1:0:100:0001:0202:0000:0cb72ccc:0:0:0:" name="11468H SID 0x01" service_name="11468H SID 0x01" provider="DVB-S QPSK 11468H 325.5Â°E" sid="1" onid="0" tsid="514" />
    <channel service_ref="1:0:22:0008:0001:0000:0cb7ad05:0:0:0:" name="ADVANCE TV" service_name="ADVANCE TV" provider="SMTD" sid="8" onid="0" tsid="1" />
    <channel service_ref="1:0:22:0003:0001:0000:0cb7ad05:0:0:0:" name="BALANZA-TV" service_name="BALANZA-TV" provider="SMTD" sid="3" onid="0" tsid="1" />
    <channel service_ref="1:0:1:0005:0001:04d2:0cb70000:0:0:0:" name="Canal de las Estrellas" service_name="Canal de las Estrellas" provider="TELEVISA" sid="5" onid="1234" tsid="1" />
    <channel service_ref="1:0:1:0001:1000:2000:0cb70000:0:0:0:" name="CHERIFLA TV" service_name="CHERIFLA TV" provider="Harmonic" sid="1" onid="8192" tsid="4096" />
    <channel service_ref="1:0:22:0006:0001:0000:0cb7ad05:0:0:0:" name="CHERIFLA_TV" service_name="CHERIFLA_TV" provider="SMTD" sid="6" onid="0" tsid="1" />
    <channel service_ref="1:0:1:0001:0001:04d2:0cb70000:0:0:0:" name="Clasico TV" service_name="Clasico TV" provider="TELEVISA" sid="1" onid="1234" tsid="1" />
    <channel service_ref="1:0:1:0004:0001:04d2:0cb70000:0:0:0:" name="De Pelicula" service_name="De Pelicula" provider="TELEVISA" sid="4" onid="1234" tsid="1" />
    <channel service_ref="1:0:22:0004:0001:0000:0cb7ad05:0:0:0:" name="NIETA TV" service_name="NIETA TV" provider="SMTD_MALI" sid="4" onid="0" tsid="1" />
    <channel service_ref="1:0:22:0001:0001:0000:0cb7ad05:0:0:0:" name="ORTM 1" service_name="ORTM 1" provider="SMTD-DTH" sid="1" onid="0" tsid="1" />
    <channel service_ref="1:0:22:0002:0001:0000:0cb7ad05:0:0:0:" name="ORTM 2" service_name="ORTM 2" provider="SMTD-DTH" sid="2" onid="0" tsid="1" />
    <channel service_ref="1:0:1:0002:0001:04d2:0cb70000:0:0:0:" name="Ritmoson" service_name="Ritmoson" provider="TELEVISA" sid="2" onid="1234" tsid="1" />
    <channel service_ref="1:0:22:0007:0001:0000:0cb7ad05:0:0:0:" name="Service 11-11" service_name="Service 11-11" provider="SMTD" sid="7" onid="0" tsid="1" />
    <channel service_ref="1:0:22:000a:0001:0000:0cb7ad05:0:0:0:" name="Service 11-12 (SD)" service_name="Service 11-12 (SD)" provider="SMTD" sid="10" onid="0" tsid="1" />
    <channel service_ref="1:0:22:000b:0001:0000:0cb7ad05:0:0:0:" name="Service 11-13 (SD)" service_name="Service 11-13 (SD)" provider="SMTD" sid="11" onid="0" tsid="1" />
    <channel service_ref="1:0:22:0009:0001:0000:0cb7ad05:0:0:0:" name="Service 11-17" service_name="Service 11-17" provider="SMTD" sid="9" onid="0" tsid="1" />
    <channel service_ref="1:0:22:000c:0001:0000:0cb7ad05:0:0:0:" name="Service 11-19 (SD)" service_name="Service 11-19 (SD)" provider="SMTD" sid="12" onid="0" tsid="1" />
    <channel service_ref="1:0:1:0003:0001:04d2:0cb70000:0:0:0:" name="Telehit" service_name="Telehit" provider="TELEVISA" sid="3" onid="1234" tsid="1" />
    <channel service_ref="1:0:1:0006:0001:04d2:0cb70000:0:0:0:" name="Telenovelas" service_name="Telenovelas" provider="TELEVISA" sid="6" onid="1234" tsid="1" />
    <channel service_ref="1:0:22:0005:0001:0000:0cb7ad05:0:0:0:" name="TM1" service_name="TM1" provider="SMTD" sid="5" onid="0" tsid="1" />
  </bouquet>
  <bouquet name="TF1" category="tv">
    <channel service_ref="1:0:1:0005:0001:04d2:0cb70000:0:0:0:" name="Canal de las Estrellas" service_name="Canal de las Estrellas" provider="TELEVISA" sid="5" onid="1234" tsid="1" />
  </bouquet>
  <bouquet name="Switzerland" category="tv">
    <channel service_ref="1:0:100:0001:0202:0000:0cb72ccc:0:0:0:" name="11468H SID 0x01" service_name="11468H SID 0x01" provider="DVB-S QPSK 11468H 325.5Â°E" sid="1" onid="0" tsid="514" />
    <channel service_ref="1:0:1:0001:0001:04d2:0cb70000:0:0:0:" name="Clasico TV" service_name="Clasico TV" provider="TELEVISA" sid="1" onid="1234" tsid="1" />
    <channel service_ref="1:0:1:0004:0001:04d2:0cb70000:0:0:0:" name="De Pelicula" service_name="De Pelicula" provider="TELEVISA" sid="4" onid="1234" tsid="1" />
    <channel service_ref="1:0:1:0002:0001:04d2:0cb70000:0:0:0:" name="Ritmoson" service_name="Ritmoson" provider="TELEVISA" sid="2" onid="1234" tsid="1" />
    <channel service_ref="1:0:22:000b:0001:0000:0cb7ad05:0:0:0:" name="Service 11-13 (SD)" service_name="Service 11-13 (SD)" provider="SMTD" sid="11" onid="0" tsid="1" />
    <channel service_ref="1:0:1:0003:0001:04d2:0cb70000:0:0:0:" name="Telehit" service_name="Telehit" provider="TELEVISA" sid="3" onid="1234" tsid="1" />
    <channel service_ref="1:0:1:0006:0001:04d2:0cb70000:0:0:0:" name="Telenovelas" service_name="Telenovelas" provider="TELEVISA" sid="6" onid="1234" tsid="1" />
  </bouquet>
  <bouquet name="Resolution - SD" category="tv">
    <channel service_ref="1:0:22:000a:0001:0000:0cb7ad05:0:0:0:" name="Service 11-12 (SD)" service_name="Service 11-12 (SD)" provider="SMTD" sid="10" onid="0" tsid="1" />
    <channel service_ref="1:0:22:000b:0001:0000:0cb7ad05:0:0:0:" name="Service 11-13 (SD)" service_name="Service 11-13 (SD)" provider="SMTD" sid="11" onid="0" tsid="1" />
    <channel service_ref="1:0:22:000c:0001:0000:0cb7ad05:0:0:0:" name="Service 11-19 (SD)" service_name="Service 11-19 (SD)" provider="SMTD" sid="12" onid="0" tsid="1" />
  </bouquet>
  <bouquet name="Others" category="tv">
    <channel service_ref="1:0:22:0008:0001:0000:0cb7ad05:0:0:0:" name="ADVANCE TV" service_name="ADVANCE TV" provider="SMTD" sid="8" onid="0" tsid="1" />
    <channel service_ref="1:0:22:0003:0001:0000:0cb7ad05:0:0:0:" name="BALANZA-TV" service_name="BALANZA-TV" provider="SMTD" sid="3" onid="0" tsid="1" />
    <channel service_ref="1:0:1:0001:1000:2000:0cb70000:0:0:0:" name="CHERIFLA TV" service_name="CHERIFLA TV" provider="Harmonic" sid="1" onid="8192" tsid="4096" />
    <channel service_ref="1:0:22:0006:0001:0000:0cb7ad05:0:0:0:" name="CHERIFLA_TV" service_name="CHERIFLA_TV" provider="SMTD" sid="6" onid="0" tsid="1" />
    <channel service_ref="1:0:22:0004:0001:0000:0cb7ad05:0:0:0:" name="NIETA TV" service_name="NIETA TV" provider="SMTD_MALI" sid="4" onid="0" tsid="1" />
    <channel service_ref="1:0:22:0001:0001:0000:0cb7ad05:0:0:0:" name="ORTM 1" service_name="ORTM 1" provider="SMTD-DTH" sid="1" onid="0" tsid="1" />
    <channel service_ref="1:0:22:0002:0001:0000:0cb7ad05:0:0:0:" name="ORTM 2" service_name="ORTM 2" provider="SMTD-DTH" sid="2" onid="0" tsid="1" />
    <channel service_ref="1:0:22:0007:0001:0000:0cb7ad05:0:0:0:" name="Service 11-11" service_name="Service 11-11" provider="SMTD" sid="7" onid="0" tsid="1" />
    <channel service_ref="1:0:22:000a:0001:0000:0cb7ad05:0:0:0:" name="Service 11-12 (SD)" service_name="Service 11-12 (SD)" provider="SMTD" sid="10" onid="0" tsid="1" />
    <channel service_ref="1:0:22:0009:0001:0000:0cb7ad05:0:0:0:" name="Service 11-17" service_name="Service 11-17" provider="SMTD" sid="9" onid="0" tsid="1" />
    <channel service_ref="1:0:22:000c:0001:0000:0cb7ad05:0:0:0:" name="Service 11-19 (SD)" service_name="Service 11-19 (SD)" provider="SMTD" sid="12" onid="0" tsid="1" />
    <channel service_ref="1:0:22:0005:0001:0000:0cb7ad05:0:0:0:" name="TM1" service_name="TM1" provider="SMTD" sid="5" onid="0" tsid="1" />
  </bouquet>
  <bouquet name="Radio" category="radio">
    <channel service_ref="1:0:2:000f:0001:0000:0cb7ad05:0:0:0:" name="CHAINE 2" service_name="CHAINE 2" provider="SMTD" sid="15" onid="0" tsid="1" />
    <channel service_ref="1:0:2:000e:0001:0000:0cb7ad05:0:0:0:" name="RADIO_BKU" service_name="RADIO_BKU" provider="SMTD" sid="14" onid="0" tsid="1" />
    <channel service_ref="1:0:2:000d:0001:0000:0cb7ad05:0:0:0:" name="Service Radio 4" service_name="Service Radio 4" provider="radio" sid="13" onid="0" tsid="1" />
  </bouquet>
</zapit>
