<?xml version='1.0' encoding='utf-8'?>
<zapit>
  <bouquet name="General" category="tv">
    <channel service_ref="1:0:1:0004:000d:00c6:eeee0000:0:0:0:" name="FM Music Television" service_name="FM Music Television" provider="FM Music Television" sid="4" onid="198" tsid="13" />
    <channel service_ref="1:0:1:04d4:000d:00c6:eeee0000:0:0:0:" name="FM MUSIC TV" service_name="FM MUSIC TV" provider="Videonola" sid="1236" onid="198" tsid="13" />
    <channel service_ref="1:0:1:000e:000d:00c6:eeee0000:0:0:0:" name="Gigli TV" service_name="Gigli TV" provider="Diem" sid="14" onid="198" tsid="13" />
    <channel service_ref="1:0:1:00d2:000d:00c6:eeee0000:0:0:0:" name="Jordanus" service_name="Jordanus" provider="Videonola" sid="210" onid="198" tsid="13" />
    <channel service_ref="1:0:1:000d:000d:00c6:eeee0000:0:0:0:" name="Parole di Vita" service_name="Parole di Vita" provider="Videonola" sid="13" onid="198" tsid="13" />
    <channel service_ref="1:0:1:07e4:000d:00c6:eeee0000:0:0:0:" name="Prima TV Napoli" service_name="Prima TV Napoli" provider="Videonola" sid="2020" onid="198" tsid="13" />
    <channel service_ref="1:0:1:07ee:000d:00c6:eeee0000:0:0:0:" name="PrimaTVNapoli" service_name="PrimaTVNapoli" provider="Videonola" sid="2030" onid="198" tsid="13" />
    <channel service_ref="1:0:1:026a:000d:00c6:eeee0000:0:0:0:" name="Radio Musica Television" service_name="Radio Musica Television" provider="Videonola" sid="618" onid="198" tsid="13" />
    <channel service_ref="1:0:1:03ed:000d:00c6:eeee0000:0:0:0:" name="Radio Stereo 5 TV" service_name="Radio Stereo 5 TV" provider="Videonola" sid="1005" onid="198" tsid="13" />
    <channel service_ref="1:0:1:04e2:000d:00c6:eeee0000:0:0:0:" name="TaxiChannel" service_name="TaxiChannel" provider="Videonola" sid="1250" onid="198" tsid="13" />
    <channel service_ref="1:0:1:041a:000d:00c6:eeee0000:0:0:0:" name="telecolore" service_name="telecolore" provider="Videonola" sid="1050" onid="198" tsid="13" />
    <channel service_ref="1:0:1:00c4:000d:00c6:eeee0000:0:0:0:" name="telecolore HD" service_name="telecolore HD" provider="Videonola" sid="196" onid="198" tsid="13" />
    <channel service_ref="1:0:1:03fc:000d:00c6:eeee0000:0:0:0:" name="telecolore news" service_name="telecolore news" provider="Videonola" sid="1020" onid="198" tsid="13" />
    <channel service_ref="1:0:1:019a:000d:00c6:eeee0000:0:0:0:" name="telecolore SPORT" service_name="telecolore SPORT" provider="Videonola" sid="410" onid="198" tsid="13" />
    <channel service_ref="1:0:1:01a8:000d:00c6:eeee0000:0:0:0:" name="telecolore televendite" service_name="telecolore televendite" provider="Videonola" sid="424" onid="198" tsid="13" />
    <channel service_ref="1:0:1:0087:000d:00c6:eeee0000:0:0:0:" name="Telenuova" service_name="Telenuova" provider="Videonola" sid="135" onid="198" tsid="13" />
    <channel service_ref="1:0:1:0007:000d:00c6:eeee0000:0:0:0:" name="TeleSpazio 1" service_name="TeleSpazio 1" provider="Telespazio" sid="7" onid="198" tsid="13" />
    <channel service_ref="1:0:1:004d:000d:00c6:eeee0000:0:0:0:" name="Telespazio2" service_name="Telespazio2" provider="Telespazio" sid="77" onid="198" tsid="13" />
    <channel service_ref="1:0:1:02c4:000d:00c6:eeee0000:0:0:0:" name="Telestabia" service_name="Telestabia" provider="Videonola" sid="708" onid="198" tsid="13" />
    <channel service_ref="1:0:1:05aa:000d:00c6:eeee0000:0:0:0:" name="Video Nola" service_name="Video Nola" provider="Videonola" sid="1450" onid="198" tsid="13" />
    <channel service_ref="1:0:1:0001:000d:00c6:eeee0000:0:0:0:" name="VideoNola" service_name="VideoNola" provider="DIEM" sid="1" onid="198" tsid="13" />
    <channel service_ref="1:0:1:0130:000d:00c6:eeee0000:0:0:0:" name="Videonola HD" service_name="Videonola HD" provider="Videonola" sid="304" onid="198" tsid="13" />
  </bouquet>
  <bouquet name="News" category="tv">
    <channel service_ref="1:0:1:03fc:000d:00c6:eeee0000:0:0:0:" name="telecolore news" service_name="telecolore news" provider="Videonola" sid="1020" onid="198" tsid="13" />
  </bouquet>
  <bouquet name="Sports" category="tv">
    <channel service_ref="1:0:1:019a:000d:00c6:eeee0000:0:0:0:" name="telecolore SPORT" service_name="telecolore SPORT" provider="Videonola" sid="410" onid="198" tsid="13" />
  </bouquet>
  <bouquet name="Music" category="tv">
    <channel service_ref="1:0:1:0004:000d:00c6:eeee0000:0:0:0:" name="FM Music Television" service_name="FM Music Television" provider="FM Music Television" sid="4" onid="198" tsid="13" />
    <channel service_ref="1:0:1:04d4:000d:00c6:eeee0000:0:0:0:" name="FM MUSIC TV" service_name="FM MUSIC TV" provider="Videonola" sid="1236" onid="198" tsid="13" />
    <channel service_ref="1:0:1:026a:000d:00c6:eeee0000:0:0:0:" name="Radio Musica Television" service_name="Radio Musica Television" provider="Videonola" sid="618" onid="198" tsid="13" />
  </bouquet>
  <bouquet name="Austria" category="tv">
    <channel service_ref="1:0:1:07ee:000d:00c6:eeee0000:0:0:0:" name="PrimaTVNapoli" service_name="PrimaTVNapoli" provider="Videonola" sid="2030" onid="198" tsid="13" />
  </bouquet>
  <bouquet name="Switzerland" category="tv">
    <channel service_ref="1:0:1:03ed:000d:00c6:eeee0000:0:0:0:" name="Radio Stereo 5 TV" service_name="Radio Stereo 5 TV" provider="Videonola" sid="1005" onid="198" tsid="13" />
    <channel service_ref="1:0:1:041a:000d:00c6:eeee0000:0:0:0:" name="telecolore" service_name="telecolore" provider="Videonola" sid="1050" onid="198" tsid="13" />
    <channel service_ref="1:0:1:00c4:000d:00c6:eeee0000:0:0:0:" name="telecolore HD" service_name="telecolore HD" provider="Videonola" sid="196" onid="198" tsid="13" />
    <channel service_ref="1:0:1:01a8:000d:00c6:eeee0000:0:0:0:" name="telecolore televendite" service_name="telecolore televendite" provider="Videonola" sid="424" onid="198" tsid="13" />
    <channel service_ref="1:0:1:0087:000d:00c6:eeee0000:0:0:0:" name="Telenuova" service_name="Telenuova" provider="Videonola" sid="135" onid="198" tsid="13" />
    <channel service_ref="1:0:1:0007:000d:00c6:eeee0000:0:0:0:" name="TeleSpazio 1" service_name="TeleSpazio 1" provider="Telespazio" sid="7" onid="198" tsid="13" />
    <channel service_ref="1:0:1:004d:000d:00c6:eeee0000:0:0:0:" name="Telespazio2" service_name="Telespazio2" provider="Telespazio" sid="77" onid="198" tsid="13" />
    <channel service_ref="1:0:1:02c4:000d:00c6:eeee0000:0:0:0:" name="Telestabia" service_name="Telestabia" provider="Videonola" sid="708" onid="198" tsid="13" />
  </bouquet>
  <bouquet name="Resolution - HD" category="tv">
    <channel service_ref="1:0:1:00c4:000d:00c6:eeee0000:0:0:0:" name="telecolore HD" service_name="telecolore HD" provider="Videonola" sid="196" onid="198" tsid="13" />
    <channel service_ref="1:0:1:0130:000d:00c6:eeee0000:0:0:0:" name="Videonola HD" service_name="Videonola HD" provider="Videonola" sid="304" onid="198" tsid="13" />
  </bouquet>
  <bouquet name="Others" category="tv">
    <channel service_ref="1:0:1:000e:000d:00c6:eeee0000:0:0:0:" name="Gigli TV" service_name="Gigli TV" provider="Diem" sid="14" onid="198" tsid="13" />
    <channel service_ref="1:0:1:00d2:000d:00c6:eeee0000:0:0:0:" name="Jordanus" service_name="Jordanus" provider="Videonola" sid="210" onid="198" tsid="13" />
    <channel service_ref="1:0:1:000d:000d:00c6:eeee0000:0:0:0:" name="Parole di Vita" service_name="Parole di Vita" provider="Videonola" sid="13" onid="198" tsid="13" />
    <channel service_ref="1:0:1:07e4:000d:00c6:eeee0000:0:0:0:" name="Prima TV Napoli" service_name="Prima TV Napoli" provider="Videonola" sid="2020" onid="198" tsid="13" />
    <channel service_ref="1:0:1:04e2:000d:00c6:eeee0000:0:0:0:" name="TaxiChannel" service_name="TaxiChannel" provider="Videonola" sid="1250" onid="198" tsid="13" />
    <channel service_ref="1:0:1:05aa:000d:00c6:eeee0000:0:0:0:" name="Video Nola" service_name="Video Nola" provider="Videonola" sid="1450" onid="198" tsid="13" />
    <channel service_ref="1:0:1:0001:000d:00c6:eeee0000:0:0:0:" name="VideoNola" service_name="VideoNola" provider="DIEM" sid="1" onid="198" tsid="13" />
    <channel service_ref="1:0:1:0130:000d:00c6:eeee0000:0:0:0:" name="Videonola HD" service_name="Videonola HD" provider="Videonola" sid="304" onid="198" tsid="13" />
  </bouquet>
  <bouquet name="Radio" category="radio">
    <channel service_ref="1:0:2:000c:000d:00c6:eeee0000:0:0:0:" name="Radio Evangelo" service_name="Radio Evangelo" provider="VideoNola" sid="12" onid="198" tsid="13" />
    <channel service_ref="1:0:2:01ce:000d:00c6:eeee0000:0:0:0:" name="Radio FM Music" service_name="Radio FM Music" provider="VideoNola" sid="462" onid="198" tsid="13" />
  </bouquet>
  <bouquet name="Radio - Music" category="radio">
    <channel service_ref="1:0:2:01ce:000d:00c6:eeee0000:0:0:0:" name="Radio FM Music" service_name="Radio FM Music" provider="VideoNola" sid="462" onid="198" tsid="13" />
  </bouquet>
</zapit>
