<?xml version='1.0' encoding='utf-8'?>
<zapit>
  <bouquet name="General" category="tv">
    <channel service_ref="1:0:1:00ad:6e69:217c:eeee0000:0:0:0:" name="AmiciTV" service_name="AmiciTV" provider="" sid="173" onid="8572" tsid="28265" />
    <channel service_ref="1:0:1:00b2:6e69:217c:eeee0000:0:0:0:" name="Azzurra TV" service_name="Azzurra TV" provider="Azzurra TV" sid="178" onid="8572" tsid="28265" />
    <channel service_ref="1:0:1:0030:6e69:217c:eeee0000:0:0:0:" name="CANALE 23 TELETUSCOLO" service_name="CANALE 23 TELETUSCOLO" provider="G&amp;P SOC COPERATIVA" sid="48" onid="8572" tsid="28265" />
    <channel service_ref="1:0:1:007d:6e69:217c:eeee0000:0:0:0:" name="CanaleZero" service_name="CanaleZero" provider="CanaleZero" sid="125" onid="8572" tsid="28265" />
    <channel service_ref="1:0:1:007c:6e69:217c:eeee0000:0:0:0:" name="Europa TV 6" service_name="Europa TV 6" provider="" sid="124" onid="8572" tsid="28265" />
    <channel service_ref="1:0:1:05ec:6e69:217c:eeee0000:0:0:0:" name="Europa TV HD" service_name="Europa TV HD" provider="" sid="1516" onid="8572" tsid="28265" />
    <channel service_ref="1:0:1:004a:6e69:217c:eeee0000:0:0:0:" name="EuropaTV" service_name="EuropaTV" provider="" sid="74" onid="8572" tsid="28265" />
    <channel service_ref="1:0:1:002e:6e69:217c:eeee0000:0:0:0:" name="Gary TV" service_name="Gary TV" provider="Gary tv" sid="46" onid="8572" tsid="28265" />
    <channel service_ref="1:0:1:011f:6e69:217c:eeee0000:0:0:0:" name="Gtv Intermotori" service_name="Gtv Intermotori" provider="" sid="287" onid="8572" tsid="28265" />
    <channel service_ref="1:0:1:012a:6e69:217c:eeee0000:0:0:0:" name="La Voce TV" service_name="La Voce TV" provider="La Voce TV" sid="298" onid="8572" tsid="28265" />
    <channel service_ref="1:0:1:002f:6e69:217c:eeee0000:0:0:0:" name="LombardiaTV" service_name="LombardiaTV" provider="LombardiaTV" sid="47" onid="8572" tsid="28265" />
    <channel service_ref="1:0:1:00b9:6e69:217c:eeee0000:0:0:0:" name="MS SPORT" service_name="MS SPORT" provider="" sid="185" onid="8572" tsid="28265" />
    <channel service_ref="1:0:1:003d:6e69:217c:eeee0000:0:0:0:" name="Policinema" service_name="Policinema" provider="" sid="61" onid="8572" tsid="28265" />
    <channel service_ref="1:0:1:00c9:6e69:217c:eeee0000:0:0:0:" name="RADIO ROMA" service_name="RADIO ROMA" provider="DTV Provider" sid="201" onid="8572" tsid="28265" />
    <channel service_ref="1:0:1:02b9:6e69:217c:eeee0000:0:0:0:" name="RadioColonna TV" service_name="RadioColonna TV" provider="Mainlevel" sid="697" onid="8572" tsid="28265" />
    <channel service_ref="1:0:1:005b:6e69:217c:eeee0000:0:0:0:" name="SL 48" service_name="SL 48" provider="" sid="91" onid="8572" tsid="28265" />
    <channel service_ref="1:0:1:000e:6e69:217c:eeee0000:0:0:0:" name="Supernova" service_name="Supernova" provider="" sid="14" onid="8572" tsid="28265" />
    <channel service_ref="1:0:1:00ca:6e69:217c:eeee0000:0:0:0:" name="Supernova 4" service_name="Supernova 4" provider="" sid="202" onid="8572" tsid="28265" />
    <channel service_ref="1:0:1:05ea:6e69:217c:eeee0000:0:0:0:" name="Supernova hd" service_name="Supernova hd" provider="" sid="1514" onid="8572" tsid="28265" />
    <channel service_ref="1:0:1:00c1:6e69:217c:eeee0000:0:0:0:" name="Supernova1" service_name="Supernova1" provider="" sid="193" onid="8572" tsid="28265" />
    <channel service_ref="1:0:1:03e8:6e69:217c:eeee0000:0:0:0:" name="SuperTV" service_name="SuperTV" provider="" sid="1000" onid="8572" tsid="28265" />
    <channel service_ref="1:0:1:045c:6e69:217c:eeee0000:0:0:0:" name="Tele Centro Lazio" service_name="Tele Centro Lazio" provider="" sid="1116" onid="8572" tsid="28265" />
    <channel service_ref="1:0:1:0001:6e69:217c:eeee0000:0:0:0:" name="TeleAmbiente" service_name="TeleAmbiente" provider="TA" sid="1" onid="8572" tsid="28265" />
    <channel service_ref="1:0:1:004e:6e69:217c:eeee0000:0:0:0:" name="Telepontina" service_name="Telepontina" provider="" sid="78" onid="8572" tsid="28265" />
    <channel service_ref="1:0:1:02ba:6e69:217c:eeee0000:0:0:0:" name="Travel Tv" service_name="Travel Tv" provider="Doria" sid="698" onid="8572" tsid="28265" />
    <channel service_ref="1:0:1:002b:6e69:217c:eeee0000:0:0:0:" name="YOUNG TV" service_name="YOUNG TV" provider="YOUNG TV" sid="43" onid="8572" tsid="28265" />
  </bouquet>
  <bouquet name="Movies" category="tv">
    <channel service_ref="1:0:1:003d:6e69:217c:eeee0000:0:0:0:" name="Policinema" service_name="Policinema" provider="" sid="61" onid="8572" tsid="28265" />
  </bouquet>
  <bouquet name="Sports" category="tv">
    <channel service_ref="1:0:1:00b9:6e69:217c:eeee0000:0:0:0:" name="MS SPORT" service_name="MS SPORT" provider="" sid="185" onid="8572" tsid="28265" />
  </bouquet>
  <bouquet name="ARD/ZDF" category="tv">
    <channel service_ref="1:0:1:002f:6e69:217c:eeee0000:0:0:0:" name="LombardiaTV" service_name="LombardiaTV" provider="LombardiaTV" sid="47" onid="8572" tsid="28265" />
  </bouquet>
  <bouquet name="TF1" category="tv">
    <channel service_ref="1:0:1:0030:6e69:217c:eeee0000:0:0:0:" name="CANALE 23 TELETUSCOLO" service_name="CANALE 23 TELETUSCOLO" provider="G&amp;P SOC COPERATIVA" sid="48" onid="8572" tsid="28265" />
    <channel service_ref="1:0:1:007d:6e69:217c:eeee0000:0:0:0:" name="CanaleZero" service_name="CanaleZero" provider="CanaleZero" sid="125" onid="8572" tsid="28265" />
  </bouquet>
  <bouquet name="Austria" category="tv">
    <channel service_ref="1:0:1:004a:6e69:217c:eeee0000:0:0:0:" name="EuropaTV" service_name="EuropaTV" provider="" sid="74" onid="8572" tsid="28265" />
  </bouquet>
  <bouquet name="Switzerland" category="tv">
    <channel service_ref="1:0:1:045c:6e69:217c:eeee0000:0:0:0:" name="Tele Centro Lazio" service_name="Tele Centro Lazio" provider="" sid="1116" onid="8572" tsid="28265" />
    <channel service_ref="1:0:1:0001:6e69:217c:eeee0000:0:0:0:" name="TeleAmbiente" service_name="TeleAmbiente" provider="TA" sid="1" onid="8572" tsid="28265" />
    <channel service_ref="1:0:1:004e:6e69:217c:eeee0000:0:0:0:" name="Telepontina" service_name="Telepontina" provider="" sid="78" onid="8572" tsid="28265" />
  </bouquet>
  <bouquet name="Resolution - HD" category="tv">
    <channel service_ref="1:0:1:05ec:6e69:217c:eeee0000:0:0:0:" name="Europa TV HD" service_name="Europa TV HD" provider="" sid="1516" onid="8572" tsid="28265" />
    <channel service_ref="1:0:1:05ea:6e69:217c:eeee0000:0:0:0:" name="Supernova hd" service_name="Supernova hd" provider="" sid="1514" onid="8572" tsid="28265" />
  </bouquet>
  <bouquet name="International" category="tv">
    <channel service_ref="1:0:1:000e:6e69:217c:eeee0000:0:0:0:" name="Supernova" service_name="Supernova" provider="" sid="14" onid="8572" tsid="28265" />
    <channel service_ref="1:0:1:00ca:6e69:217c:eeee0000:0:0:0:" name="Supernova 4" service_name="Supernova 4" provider="" sid="202" onid="8572" tsid="28265" />
    <channel service_ref="1:0:1:05ea:6e69:217c:eeee0000:0:0:0:" name="Supernova hd" service_name="Supernova hd" provider="" sid="1514" onid="8572" tsid="28265" />
    <channel service_ref="1:0:1:00c1:6e69:217c:eeee0000:0:0:0:" name="Supernova1" service_name="Supernova1" provider="" sid="193" onid="8572" tsid="28265" />
  </bouquet>
  <bouquet name="Others" category="tv">
    <channel service_ref="1:0:1:00ad:6e69:217c:eeee0000:0:0:0:" name="AmiciTV" service_name="AmiciTV" provider="" sid="173" onid="8572" tsid="28265" />
    <channel service_ref="1:0:1:00b2:6e69:217c:eeee0000:0:0:0:" name="Azzurra TV" service_name="Azzurra TV" provider="Azzurra TV" sid="178" onid="8572" tsid="28265" />
    <channel service_ref="1:0:1:007c:6e69:217c:eeee0000:0:0:0:" name="Europa TV 6" service_name="Europa TV 6" provider="" sid="124" onid="8572" tsid="28265" />
    <channel service_ref="1:0:1:05ec:6e69:217c:eeee0000:0:0:0:" name="Europa TV HD" service_name="Europa TV HD" provider="" sid="1516" onid="8572" tsid="28265" />
    <channel service_ref="1:0:1:002e:6e69:217c:eeee0000:0:0:0:" name="Gary TV" service_name="Gary TV" provider="Gary tv" sid="46" onid="8572" tsid="28265" />
    <channel service_ref="1:0:1:011f:6e69:217c:eeee0000:0:0:0:" name="Gtv Intermotori" service_name="Gtv Intermotori" provider="" sid="287" onid="8572" tsid="28265" />
    <channel service_ref="1:0:1:012a:6e69:217c:eeee0000:0:0:0:" name="La Voce TV" service_name="La Voce TV" provider="La Voce TV" sid="298" onid="8572" tsid="28265" />
    <channel service_ref="1:0:1:00c9:6e69:217c:eeee0000:0:0:0:" name="RADIO ROMA" service_name="RADIO ROMA" provider="DTV Provider" sid="201" onid="8572" tsid="28265" />
    <channel service_ref="1:0:1:02b9:6e69:217c:eeee0000:0:0:0:" name="RadioColonna TV" service_name="RadioColonna TV" provider="Mainlevel" sid="697" onid="8572" tsid="28265" />
    <channel service_ref="1:0:1:005b:6e69:217c:eeee0000:0:0:0:" name="SL 48" service_name="SL 48" provider="" sid="91" onid="8572" tsid="28265" />
    <channel service_ref="1:0:1:03e8:6e69:217c:eeee0000:0:0:0:" name="SuperTV" service_name="SuperTV" provider="" sid="1000" onid="8572" tsid="28265" />
    <channel service_ref="1:0:1:02ba:6e69:217c:eeee0000:0:0:0:" name="Travel Tv" service_name="Travel Tv" provider="Doria" sid="698" onid="8572" tsid="28265" />
    <channel service_ref="1:0:1:002b:6e69:217c:eeee0000:0:0:0:" name="YOUNG TV" service_name="YOUNG TV" provider="YOUNG TV" sid="43" onid="8572" tsid="28265" />
  </bouquet>
  <bouquet name="Digitale terrestre               by Dragonfire" category="tv">
    <channel service_ref="1:0:1:b9:6e69:217c:eeee0000:0:0:0:" name="MS SPORT" service_name="MS SPORT" provider="" sid="185" onid="8572" tsid="28265" />
    <channel service_ref="1:0:1:11f:6e69:217c:eeee0000:0:0:0:" name="Gtv Intermotori" service_name="Gtv Intermotori" provider="" sid="287" onid="8572" tsid="28265" />
    <channel service_ref="1:0:1:5ea:6e69:217c:eeee0000:0:0:0:" name="Supernova hd" service_name="Supernova hd" provider="" sid="1514" onid="8572" tsid="28265" />
    <channel service_ref="1:0:1:e:6e69:217c:eeee0000:0:0:0:" name="Supernova" service_name="Supernova" provider="" sid="14" onid="8572" tsid="28265" />
    <channel service_ref="1:0:1:c1:6e69:217c:eeee0000:0:0:0:" name="Supernova1" service_name="Supernova1" provider="" sid="193" onid="8572" tsid="28265" />
    <channel service_ref="1:0:1:45c:6e69:217c:eeee0000:0:0:0:" name="Tele Centro Lazio" service_name="Tele Centro Lazio" provider="" sid="1116" onid="8572" tsid="28265" />
    <channel service_ref="1:0:1:12a:6e69:217c:eeee0000:0:0:0:" name="La Voce TV" service_name="La Voce TV" provider="La Voce TV" sid="298" onid="8572" tsid="28265" />
    <channel service_ref="1:0:1:5b:6e69:217c:eeee0000:0:0:0:" name="SL 48" service_name="SL 48" provider="" sid="91" onid="8572" tsid="28265" />
    <channel service_ref="1:0:1:5ec:6e69:217c:eeee0000:0:0:0:" name="Europa TV HD" service_name="Europa TV HD" provider="" sid="1516" onid="8572" tsid="28265" />
    <channel service_ref="1:0:1:1:6e69:217c:eeee0000:0:0:0:" name="TeleAmbiente" service_name="TeleAmbiente" provider="TA" sid="1" onid="8572" tsid="28265" />
    <channel service_ref="1:0:1:ad:6e69:217c:eeee0000:0:0:0:" name="AmiciTV" service_name="AmiciTV" provider="" sid="173" onid="8572" tsid="28265" />
    <channel service_ref="1:0:1:3e8:6e69:217c:eeee0000:0:0:0:" name="SuperTV" service_name="SuperTV" provider="" sid="1000" onid="8572" tsid="28265" />
    <channel service_ref="1:0:1:b2:6e69:217c:eeee0000:0:0:0:" name="Azzurra TV" service_name="Azzurra TV" provider="Azzurra TV" sid="178" onid="8572" tsid="28265" />
    <channel service_ref="1:0:1:2ba:6e69:217c:eeee0000:0:0:0:" name="Travel Tv" service_name="Travel Tv" provider="Doria" sid="698" onid="8572" tsid="28265" />
    <channel service_ref="1:0:1:2b9:6e69:217c:eeee0000:0:0:0:" name="RadioColonna TV" service_name="RadioColonna TV" provider="Mainlevel" sid="697" onid="8572" tsid="28265" />
  </bouquet>
  <bouquet name="Digitale terrestre               by Dragonfire" category="tv">
    <channel service_ref="1:0:1:e:6e69:217c:eeee0000:0:0:0:" name="Supernova" service_name="Supernova" provider="" sid="14" onid="8572" tsid="28265" />
    <channel service_ref="1:0:1:4e:6e69:217c:eeee0000:0:0:0:" name="Telepontina" service_name="Telepontina" provider="" sid="78" onid="8572" tsid="28265" />
    <channel service_ref="1:0:1:5b:6e69:217c:eeee0000:0:0:0:" name="SL 48" service_name="SL 48" provider="" sid="91" onid="8572" tsid="28265" />
    <channel service_ref="1:0:1:12a:6e69:217c:eeee0000:0:0:0:" name="La Voce TV" service_name="La Voce TV" provider="La Voce TV" sid="298" onid="8572" tsid="28265" />
    <channel service_ref="1:0:1:ad:6e69:217c:eeee0000:0:0:0:" name="AmiciTV" service_name="AmiciTV" provider="" sid="173" onid="8572" tsid="28265" />
    <channel service_ref="1:0:1:c1:6e69:217c:eeee0000:0:0:0:" name="Supernova1" service_name="Supernova1" provider="" sid="193" onid="8572" tsid="28265" />
  </bouquet>
</zapit>
