<?xml version='1.0' encoding='utf-8'?>
<zapit>
  <bouquet name="General" category="tv">
    <channel service_ref="1:0:1:000d:0001:0001:02ad3112:0:0:0:" name="1Touch TV" service_name="1Touch TV" provider="ViewSat" sid="13" onid="1" tsid="1" />
    <channel service_ref="1:0:1:000c:0001:0001:02ad3112:0:0:0:" name="A1 Prophecy TV" service_name="A1 Prophecy TV" provider="ViewSat" sid="12" onid="1" tsid="1" />
    <channel service_ref="1:0:1:0041:0000:0000:02ad315d:0:0:0:" name="ACBN" service_name="ACBN" provider="ACBN" sid="65" onid="0" tsid="0" />
    <channel service_ref="1:0:1:0013:0001:0001:02adb159:0:0:0:" name="Access TV" service_name="Access TV" provider="DBS" sid="19" onid="1" tsid="1" />
    <channel service_ref="1:0:1:0001:0004:0001:02ad318a:0:0:0:" name="ACNN TV" service_name="ACNN TV" provider="ViewSat" sid="1" onid="1" tsid="4" />
    <channel service_ref="1:0:1:000d:0002:0001:02adb13a:0:0:0:" name="Alive TV" service_name="Alive TV" provider="ViewSat" sid="13" onid="1" tsid="2" />
    <channel service_ref="1:0:1:c583:0006:0049:02ad0000:0:0:0:" name="AMAZING DISCOVERY TV" service_name="AMAZING DISCOVERY TV" provider="MX1" sid="50563" onid="73" tsid="6" />
    <channel service_ref="1:0:1:c580:0006:0049:02ad0000:0:0:0:" name="AMAZING GOD" service_name="AMAZING GOD" provider="MX1" sid="50560" onid="73" tsid="6" />
    <channel service_ref="1:0:1:c577:0006:0049:02ad0000:0:0:0:" name="AMI TV" service_name="AMI TV" provider="MSAT Global" sid="50551" onid="73" tsid="6" />
    <channel service_ref="1:0:1:c670:0006:0049:02ad0000:0:0:0:" name="ANGEL TV" service_name="ANGEL TV" provider="STN PLC" sid="50800" onid="73" tsid="6" />
    <channel service_ref="1:0:1:00e0:0005:0049:02ad0000:0:0:0:" name="Ark of God TV" service_name="Ark of God TV" provider="SENTECH" sid="224" onid="73" tsid="5" />
    <channel service_ref="1:0:1:004b:0002:0049:02ad0000:0:0:0:" name="ATV" service_name="ATV" provider="SENTECH" sid="75" onid="73" tsid="2" />
    <channel service_ref="1:0:1:0004:0002:0001:02adb13a:0:0:0:" name="BCS StarCross TV" service_name="BCS StarCross TV" provider="ViewSat" sid="4" onid="1" tsid="2" />
    <channel service_ref="1:0:1:001c:0002:0001:02adb13a:0:0:0:" name="Brother Fire TV" service_name="Brother Fire TV" provider="ViewSat" sid="28" onid="1" tsid="2" />
    <channel service_ref="1:0:1:000e:0001:0001:02adb159:0:0:0:" name="BTV Digital" service_name="BTV Digital" provider="DBS" sid="14" onid="1" tsid="1" />
    <channel service_ref="1:0:1:0001:0001:ffff:02adb170:0:0:0:" name="BTV ENC B" service_name="BTV ENC B" provider="TELEMEDIA" sid="1" onid="65535" tsid="1" />
    <channel service_ref="1:0:1:001a:0001:0001:02adb159:0:0:0:" name="BTV Mobile" service_name="BTV Mobile" provider="DBS" sid="26" onid="1" tsid="1" />
    <channel service_ref="1:0:1:000f:0001:0001:02ad3112:0:0:0:" name="Caught Up TV" service_name="Caught Up TV" provider="ViewSat" sid="15" onid="1" tsid="1" />
    <channel service_ref="1:0:1:00cb:0005:0049:02ad0000:0:0:0:" name="Caught Up TV" service_name="Caught Up TV" provider="SENTECH" sid="203" onid="73" tsid="5" />
    <channel service_ref="1:0:1:001e:0001:0001:02ad3112:0:0:0:" name="Celebration TV" service_name="Celebration TV" provider="Harmonic" sid="30" onid="1" tsid="1" />
    <channel service_ref="1:0:1:00d7:0005:0049:02ad0000:0:0:0:" name="CELEBRATION TV Plus" service_name="CELEBRATION TV Plus" provider="SENTECH" sid="215" onid="73" tsid="5" />
    <channel service_ref="1:0:1:00f8:0005:0049:02ad0000:0:0:0:" name="Censers TV" service_name="Censers TV" provider="SENTECH" sid="248" onid="73" tsid="5" />
    <channel service_ref="1:0:1:00f9:0005:0049:02ad0000:0:0:0:" name="CFTV" service_name="CFTV" provider="SENTECH" sid="249" onid="73" tsid="5" />
    <channel service_ref="1:0:1:0009:0004:0001:02ad318a:0:0:0:" name="Champions TV" service_name="Champions TV" provider="ViewSat" sid="9" onid="1" tsid="4" />
    <channel service_ref="1:0:1:0033:0002:0049:02ad0000:0:0:0:" name="CHARIS TV" service_name="CHARIS TV" provider="SENTECH" sid="51" onid="73" tsid="2" />
    <channel service_ref="1:0:1:00dd:0005:0049:02ad0000:0:0:0:" name="CHM TV International" service_name="CHM TV International" provider="Sentech" sid="221" onid="73" tsid="5" />
    <channel service_ref="1:0:1:0006:0001:0001:02ad3112:0:0:0:" name="CHM TV INTL" service_name="CHM TV INTL" provider="ViewSat" sid="6" onid="1" tsid="1" />
    <channel service_ref="1:0:1:00d8:0005:0049:02ad0000:0:0:0:" name="CHRIST TV" service_name="CHRIST TV" provider="PURPLE TURTLE" sid="216" onid="73" tsid="5" />
    <channel service_ref="1:0:1:0007:0002:0001:02adb13a:0:0:0:" name="CJ TV" service_name="CJ TV" provider="ViewSat" sid="7" onid="1" tsid="2" />
    <channel service_ref="1:0:1:001e:0004:0001:02ad318a:0:0:0:" name="CVV" service_name="CVV" provider="ViewSat" sid="30" onid="1" tsid="4" />
    <channel service_ref="1:0:1:c57f:0006:0049:02ad0000:0:0:0:" name="DAYSTAR TV" service_name="DAYSTAR TV" provider="MX1" sid="50559" onid="73" tsid="6" />
    <channel service_ref="1:0:1:00d5:0005:0049:02ad0000:0:0:0:" name="DBN TV" service_name="DBN TV" provider="SENTECH" sid="213" onid="73" tsid="5" />
    <channel service_ref="1:0:1:0008:0002:0001:02adb13a:0:0:0:" name="Dove Vision" service_name="Dove Vision" provider="ViewSat" sid="8" onid="1" tsid="2" />
    <channel service_ref="1:0:1:00d4:0005:0049:02ad0000:0:0:0:" name="DUNAMIS TV" service_name="DUNAMIS TV" provider="SENTECH" sid="212" onid="73" tsid="5" />
    <channel service_ref="1:0:1:001a:0001:0001:02ad3112:0:0:0:" name="EBENEZER TV" service_name="EBENEZER TV" provider="ViewSat" sid="26" onid="1" tsid="1" />
    <channel service_ref="1:0:1:c585:0006:0049:02ad0000:0:0:0:" name="EMMANUEL TV" service_name="EMMANUEL TV" provider="DTK-Satelio" sid="50565" onid="73" tsid="6" />
    <channel service_ref="1:0:1:0002:0001:0001:02ad3112:0:0:0:" name="End Time Message TV" service_name="End Time Message TV" provider="ViewSat" sid="2" onid="1" tsid="1" />
    <channel service_ref="1:0:1:c582:0006:0049:02ad0000:0:0:0:" name="EZEKIEL TV" service_name="EZEKIEL TV" provider="MX1" sid="50562" onid="73" tsid="6" />
    <channel service_ref="1:0:1:000a:0001:0001:02ad3112:0:0:0:" name="FANO TV" service_name="FANO TV" provider="ViewSat" sid="10" onid="1" tsid="1" />
    <channel service_ref="1:0:1:0039:0002:0049:02ad0000:0:0:0:" name="Fano TV" service_name="Fano TV" provider="Sentech" sid="57" onid="73" tsid="2" />
    <channel service_ref="1:0:1:012d:0000:0000:02ad315d:0:0:0:" name="Foursquare TV" service_name="Foursquare TV" provider="ACBN" sid="301" onid="0" tsid="0" />
    <channel service_ref="1:0:1:0011:0001:0001:02adb159:0:0:0:" name="France24" service_name="France24" provider="DBS" sid="17" onid="1" tsid="1" />
    <channel service_ref="1:0:1:0008:0001:0001:02ad3112:0:0:0:" name="Free Indeed TV" service_name="Free Indeed TV" provider="ViewSat" sid="8" onid="1" tsid="1" />
    <channel service_ref="1:0:1:0011:0004:0001:02ad318a:0:0:0:" name="FULL_LIFE_TV" service_name="FULL_LIFE_TV" provider="ViewSat" sid="17" onid="1" tsid="4" />
    <channel service_ref="1:0:1:c57b:0006:0049:02ad0000:0:0:0:" name="GNF TV" service_name="GNF TV" provider="MSAT Global" sid="50555" onid="73" tsid="6" />
    <channel service_ref="1:0:1:000c:0002:0001:02adb13a:0:0:0:" name="God TV" service_name="God TV" provider="ViewSat" sid="12" onid="1" tsid="2" />
    <channel service_ref="1:0:1:00d0:0005:0049:02ad0000:0:0:0:" name="GOD WITH US TV" service_name="GOD WITH US TV" provider="SENTECH" sid="208" onid="73" tsid="5" />
    <channel service_ref="1:0:1:00d9:0005:0049:02ad0000:0:0:0:" name="Good News TV" service_name="Good News TV" provider="Sentech" sid="217" onid="73" tsid="5" />
    <channel service_ref="1:0:1:00e1:0005:0049:02ad0000:0:0:0:" name="Grace TV" service_name="Grace TV" provider="SENTECH" sid="225" onid="73" tsid="5" />
    <channel service_ref="1:0:1:0003:0005:0001:02adb11f:0:0:0:" name="HC Africa" service_name="HC Africa" provider="MX1" sid="3" onid="1" tsid="5" />
    <channel service_ref="1:0:1:0001:0005:0001:02adb11f:0:0:0:" name="HC International" service_name="HC International" provider="MX1" sid="1" onid="1" tsid="5" />
    <channel service_ref="1:0:1:0004:0005:0001:02adb11f:0:0:0:" name="HC MorningStar" service_name="HC MorningStar" provider="MX1" sid="4" onid="1" tsid="5" />
    <channel service_ref="1:0:1:0002:0005:0001:02adb11f:0:0:0:" name="HC Novo Tempo" service_name="HC Novo Tempo" provider="MX1" sid="2" onid="1" tsid="5" />
    <channel service_ref="1:0:1:0005:0005:0001:02adb11f:0:0:0:" name="HC Voice of Hope" service_name="HC Voice of Hope" provider="MX1" sid="5" onid="1" tsid="5" />
    <channel service_ref="1:0:1:000a:0004:0001:02ad318a:0:0:0:" name="HD Demo Channel" service_name="HD Demo Channel" provider="ViewSat" sid="10" onid="1" tsid="4" />
    <channel service_ref="1:0:1:0007:0001:0001:02ad3112:0:0:0:" name="HOG TV" service_name="HOG TV" provider="ViewSat" sid="7" onid="1" tsid="1" />
    <channel service_ref="1:0:1:001d:0001:0001:02ad3112:0:0:0:" name="Holyghost Testifiers Television" service_name="Holyghost Testifiers Television" provider="ViewSat" sid="29" onid="1" tsid="1" />
    <channel service_ref="1:0:1:0003:0001:0001:02ad3112:0:0:0:" name="Homebase TV" service_name="Homebase TV" provider="ViewSat" sid="3" onid="1" tsid="1" />
    <channel service_ref="1:0:1:0004:0001:0001:02ad3112:0:0:0:" name="Hosanna TV" service_name="Hosanna TV" provider="ViewSat" sid="4" onid="1" tsid="1" />
    <channel service_ref="1:0:1:001a:0004:0001:02ad318a:0:0:0:" name="IFILM English" service_name="IFILM English" provider="ViewSat" sid="26" onid="1" tsid="4" />
    <channel service_ref="1:0:1:0008:0004:0001:02ad318a:0:0:0:" name="ITVN" service_name="ITVN" provider="ViewSat" sid="8" onid="1" tsid="4" />
    <channel service_ref="1:0:1:0010:0001:0001:02adb159:0:0:0:" name="KhudugaHD" service_name="KhudugaHD" provider="DBS" sid="16" onid="1" tsid="1" />
    <channel service_ref="1:0:1:00f6:0005:0049:02ad0000:0:0:0:" name="KINGDOM WAYS TV" service_name="KINGDOM WAYS TV" provider="SENTECH" sid="246" onid="73" tsid="5" />
    <channel service_ref="1:0:1:006b:0002:0049:02ad0000:0:0:0:" name="KWENA TV" service_name="KWENA TV" provider="SENTECH" sid="107" onid="73" tsid="2" />
    <channel service_ref="1:0:1:0012:0001:0001:02adb159:0:0:0:" name="Kwese Free Sports" service_name="Kwese Free Sports" provider="DBS" sid="18" onid="1" tsid="1" />
    <channel service_ref="1:0:1:0005:0001:0001:02ad3112:0:0:0:" name="Liberation TV" service_name="Liberation TV" provider="ViewSat" sid="5" onid="1" tsid="1" />
    <channel service_ref="1:0:1:c58c:0006:0049:02ad0000:0:0:0:" name="LIFE DESTINY TV" service_name="LIFE DESTINY TV" provider="MSAT Global" sid="50572" onid="73" tsid="6" />
    <channel service_ref="1:0:1:001b:0002:0001:02adb13a:0:0:0:" name="Living Water TV" service_name="Living Water TV" provider="ViewSat" sid="27" onid="1" tsid="2" />
    <channel service_ref="1:0:1:000e:0002:0001:02adb13a:0:0:0:" name="LoveWorld SAT" service_name="LoveWorld SAT" provider="ViewSat" sid="14" onid="1" tsid="2" />
    <channel service_ref="1:0:1:0001:0001:0001:02ad3112:0:0:0:" name="Madani Chnl" service_name="Madani Chnl" provider="ViewSat" sid="1" onid="1" tsid="1" />
    <channel service_ref="1:0:1:0001:0002:0001:02adb13a:0:0:0:" name="Marima Fire TV" service_name="Marima Fire TV" provider="ViewSat" sid="1" onid="1" tsid="2" />
    <channel service_ref="1:0:1:00f2:0005:0049:02ad0000:0:0:0:" name="Marima Fire TV" service_name="Marima Fire TV" provider="SENTECH" sid="242" onid="73" tsid="5" />
    <channel service_ref="1:0:1:006d:0002:0049:02ad0000:0:0:0:" name="Mercy TV Plus" service_name="Mercy TV Plus" provider="SENTECH" sid="109" onid="73" tsid="2" />
    <channel service_ref="1:0:1:000f:0002:0001:02adb13a:0:0:0:" name="MFM TV" service_name="MFM TV" provider="ViewSat" sid="15" onid="1" tsid="2" />
    <channel service_ref="1:0:1:0003:0002:0001:02adb13a:0:0:0:" name="Miracle Clouds TV" service_name="Miracle Clouds TV" provider="Harmonic" sid="3" onid="1" tsid="2" />
    <channel service_ref="1:0:1:001f:0001:0001:02ad3112:0:0:0:" name="More Grace TV Plus" service_name="More Grace TV Plus" provider="ViewSat" sid="31" onid="1" tsid="1" />
    <channel service_ref="1:0:1:c579:0006:0049:02ad0000:0:0:0:" name="MSAT TEST" service_name="MSAT TEST" provider="MSAT Global" sid="50553" onid="73" tsid="6" />
    <channel service_ref="1:0:1:c584:0006:0049:02ad0000:0:0:0:" name="MSAT TEST 1" service_name="MSAT TEST 1" provider="MSAT Global" sid="50564" onid="73" tsid="6" />
    <channel service_ref="1:0:1:000e:0001:0001:02adb112:0:0:0:" name="NBCU E! Entertainment" service_name="NBCU E! Entertainment" provider="" sid="14" onid="1" tsid="1" />
    <channel service_ref="1:0:1:00df:0005:0049:02ad0000:0:0:0:" name="NEW GENERATION TV" service_name="NEW GENERATION TV" provider="SENTECH" sid="223" onid="73" tsid="5" />
    <channel service_ref="1:0:1:000b:0004:0001:02ad318a:0:0:0:" name="New Vision TV" service_name="New Vision TV" provider="ViewSat" sid="11" onid="1" tsid="4" />
    <channel service_ref="1:0:1:000f:0001:0001:02adb159:0:0:0:" name="NOW!" service_name="NOW!" provider="DBS" sid="15" onid="1" tsid="1" />
    <channel service_ref="1:0:1:00cc:0005:0049:02ad0000:0:0:0:" name="Number 1 TV" service_name="Number 1 TV" provider="Sentech" sid="204" onid="73" tsid="5" />
    <channel service_ref="1:0:1:000f:0004:0001:02ad318a:0:0:0:" name="OMEGA" service_name="OMEGA" provider="ViewSat" sid="15" onid="1" tsid="4" />
    <channel service_ref="1:0:1:0007:0004:0001:02ad318a:0:0:0:" name="OPM Doctor Jesus" service_name="OPM Doctor Jesus" provider="ViewSat" sid="7" onid="1" tsid="4" />
    <channel service_ref="1:0:1:00d6:0005:0049:02ad0000:0:0:0:" name="Oracle TV" service_name="Oracle TV" provider="SENTECH" sid="214" onid="73" tsid="5" />
    <channel service_ref="1:0:1:0002:0002:0001:02adb13a:0:0:0:" name="Pharez TV" service_name="Pharez TV" provider="ViewSat" sid="2" onid="1" tsid="2" />
    <channel service_ref="1:0:1:000e:0001:0001:02ad3112:0:0:0:" name="Power Line TV" service_name="Power Line TV" provider="ViewSat" sid="14" onid="1" tsid="1" />
    <channel service_ref="1:0:1:00f4:0005:0049:02ad0000:0:0:0:" name="POWER TV" service_name="POWER TV" provider="SENTECH" sid="244" onid="73" tsid="5" />
    <channel service_ref="1:0:1:00f3:0005:0049:02ad0000:0:0:0:" name="Praise TV" service_name="Praise TV" provider="SENTECH" sid="243" onid="73" tsid="5" />
    <channel service_ref="1:0:1:000d:0004:0001:02ad318a:0:0:0:" name="PRESS TV" service_name="PRESS TV" provider="ViewSat" sid="13" onid="1" tsid="4" />
    <channel service_ref="1:0:1:002d:0002:0049:02ad0000:0:0:0:" name="Prophetic" service_name="Prophetic" provider="Sentech" sid="45" onid="73" tsid="2" />
    <channel service_ref="1:0:1:006a:0002:0049:02ad0000:0:0:0:" name="Prophetic Power TV" service_name="Prophetic Power TV" provider="Sentech" sid="106" onid="73" tsid="2" />
    <channel service_ref="1:0:1:c57a:0006:0049:02ad0000:0:0:0:" name="RABBONI" service_name="RABBONI" provider="MSAT Global" sid="50554" onid="73" tsid="6" />
    <channel service_ref="1:0:1:001b:0001:0001:02ad3112:0:0:0:" name="Rapha TV" service_name="Rapha TV" provider="ViewSat" sid="27" onid="1" tsid="1" />
    <channel service_ref="1:0:1:c57d:0006:0049:02ad0000:0:0:0:" name="RCG TV" service_name="RCG TV" provider="MSAT Global" sid="50557" onid="73" tsid="6" />
    <channel service_ref="1:0:1:00e4:0005:0049:02ad0000:0:0:0:" name="Reigners TV" service_name="Reigners TV" provider="Sentech" sid="228" onid="73" tsid="5" />
    <channel service_ref="1:0:1:001c:0001:0001:02ad3112:0:0:0:" name="REVELATION TV" service_name="REVELATION TV" provider="ViewSat" sid="28" onid="1" tsid="1" />
    <channel service_ref="1:0:1:c586:0006:0049:02ad0000:0:0:0:" name="RLW" service_name="RLW" provider="MSAT Global" sid="50566" onid="73" tsid="6" />
    <channel service_ref="1:0:1:c578:0006:0049:02ad0000:0:0:0:" name="ROV TV" service_name="ROV TV" provider="MSAT Global" sid="50552" onid="73" tsid="6" />
    <channel service_ref="1:0:1:0001:0001:ffff:02ad2b47:0:0:0:" name="Russia 1. +1" service_name="Russia 1. +1" provider="ERICSSON Television" sid="1" onid="65535" tsid="1" />
    <channel service_ref="1:0:1:0001:0001:ffff:02ad2b4b:0:0:0:" name="Russia 1. +3" service_name="Russia 1. +3" provider="ERICSSON Television" sid="1" onid="65535" tsid="1" />
    <channel service_ref="1:0:1:0001:1000:2000:02adb10f:0:0:0:" name="Salvation TV" service_name="Salvation TV" provider="Harmonic" sid="1" onid="8192" tsid="4096" />
    <channel service_ref="1:0:1:0009:0001:0001:02ad3112:0:0:0:" name="Salvation TV" service_name="Salvation TV" provider="ViewSat" sid="9" onid="1" tsid="1" />
    <channel service_ref="1:0:1:0010:0002:0001:02adb13a:0:0:0:" name="SAM TV" service_name="SAM TV" provider="ViewSat" sid="16" onid="1" tsid="2" />
    <channel service_ref="1:0:1:0011:0001:0001:02ad3112:0:0:0:" name="SHEKINA MC TV" service_name="SHEKINA MC TV" provider="ViewSat" sid="17" onid="1" tsid="1" />
    <channel service_ref="1:0:1:001f:0004:0001:02ad318a:0:0:0:" name="Shepherds Touch TV" service_name="Shepherds Touch TV" provider="ViewSat" sid="31" onid="1" tsid="4" />
    <channel service_ref="1:0:1:00cd:0005:0049:02ad0000:0:0:0:" name="Signs &amp; Wonders TV" service_name="Signs &amp; Wonders TV" provider="SENTECH" sid="205" onid="73" tsid="5" />
    <channel service_ref="1:0:1:0009:0002:0001:02adb13a:0:0:0:" name="Sonlife" service_name="Sonlife" provider="ViewSat" sid="9" onid="1" tsid="2" />
    <channel service_ref="1:0:1:c58f:0006:0049:02ad0000:0:0:0:" name="SPARE 1" service_name="SPARE 1" provider="DTK-Satelio" sid="50575" onid="73" tsid="6" />
    <channel service_ref="1:0:1:c58e:0006:0049:02ad0000:0:0:0:" name="SPARE 12" service_name="SPARE 12" provider="MSAT Global" sid="50574" onid="73" tsid="6" />
    <channel service_ref="1:0:1:c58a:0006:0049:02ad0000:0:0:0:" name="SPARE 2" service_name="SPARE 2" provider="MSAT Global" sid="50570" onid="73" tsid="6" />
    <channel service_ref="1:0:1:c58b:0006:0049:02ad0000:0:0:0:" name="SPARE 5" service_name="SPARE 5" provider="MSAT Global" sid="50571" onid="73" tsid="6" />
    <channel service_ref="1:0:1:c588:0006:0049:02ad0000:0:0:0:" name="SPARE 6" service_name="SPARE 6" provider="MSAT Global" sid="50568" onid="73" tsid="6" />
    <channel service_ref="1:0:1:c57c:0006:0049:02ad0000:0:0:0:" name="SPARE 8" service_name="SPARE 8" provider="DTK-Satelio" sid="50556" onid="73" tsid="6" />
    <channel service_ref="1:0:1:c581:0006:0049:02ad0000:0:0:0:" name="SPARE-MX1" service_name="SPARE-MX1" provider="MX1" sid="50561" onid="73" tsid="6" />
    <channel service_ref="1:0:1:c589:0006:0049:02ad0000:0:0:0:" name="SPARE4" service_name="SPARE4" provider="MSAT Global" sid="50569" onid="73" tsid="6" />
    <channel service_ref="1:0:1:000a:0002:0001:02adb13a:0:0:0:" name="Spirit Word Channel" service_name="Spirit Word Channel" provider="ViewSat" sid="10" onid="1" tsid="2" />
    <channel service_ref="1:0:1:c590:0006:0049:02ad0000:0:0:0:" name="STN TEST" service_name="STN TEST" provider="STN PLC" sid="50576" onid="73" tsid="6" />
    <channel service_ref="1:0:1:003a:0002:0049:02ad0000:0:0:0:" name="Success TV +" service_name="Success TV +" provider="Sentech" sid="58" onid="73" tsid="2" />
    <channel service_ref="1:0:1:00f1:0005:0049:02ad0000:0:0:0:" name="Temple TV" service_name="Temple TV" provider="SENTECH" sid="241" onid="73" tsid="5" />
    <channel service_ref="1:0:1:0012:0001:0001:02ad3112:0:0:0:" name="Triple A TV" service_name="Triple A TV" provider="ViewSat" sid="18" onid="1" tsid="1" />
    <channel service_ref="1:0:1:002a:0002:0049:02ad0000:0:0:0:" name="UBN" service_name="UBN" provider="UBN" sid="42" onid="73" tsid="2" />
    <channel service_ref="1:0:1:000b:0001:0001:02ad3112:0:0:0:" name="Untouchable TV" service_name="Untouchable TV" provider="ViewSat" sid="11" onid="1" tsid="1" />
    <channel service_ref="1:0:1:00d3:0005:0049:02ad0000:0:0:0:" name="VERBOVIVO TV" service_name="VERBOVIVO TV" provider="SENTECH" sid="211" onid="73" tsid="5" />
    <channel service_ref="1:0:1:c587:0006:0049:02ad0000:0:0:0:" name="VINEYARD TV" service_name="VINEYARD TV" provider="MX1" sid="50567" onid="73" tsid="6" />
    <channel service_ref="1:0:1:0001:b6fd:0000:02ad31a0:0:0:0:" name="YESHUA TV" service_name="YESHUA TV" provider="" sid="1" onid="0" tsid="46845" />
  </bouquet>
  <bouquet name="Movies" category="tv">
    <channel service_ref="1:0:1:001a:0004:0001:02ad318a:0:0:0:" name="IFILM English" service_name="IFILM English" provider="ViewSat" sid="26" onid="1" tsid="4" />
  </bouquet>
  <bouquet name="News" category="tv">
    <channel service_ref="1:0:1:00d9:0005:0049:02ad0000:0:0:0:" name="Good News TV" service_name="Good News TV" provider="Sentech" sid="217" onid="73" tsid="5" />
  </bouquet>
  <bouquet name="Sports" category="tv">
    <channel service_ref="1:0:1:0012:0001:0001:02adb159:0:0:0:" name="Kwese Free Sports" service_name="Kwese Free Sports" provider="DBS" sid="18" onid="1" tsid="1" />
  </bouquet>
  <bouquet name="RTL" category="tv">
    <channel service_ref="1:0:1:00d8:0005:0049:02ad0000:0:0:0:" name="CHRIST TV" service_name="CHRIST TV" provider="PURPLE TURTLE" sid="216" onid="73" tsid="5" />
  </bouquet>
  <bouquet name="ARD/ZDF" category="tv">
    <channel service_ref="1:0:1:001c:0002:0001:02adb13a:0:0:0:" name="Brother Fire TV" service_name="Brother Fire TV" provider="ViewSat" sid="28" onid="1" tsid="2" />
    <channel service_ref="1:0:1:001e:0001:0001:02ad3112:0:0:0:" name="Celebration TV" service_name="Celebration TV" provider="Harmonic" sid="30" onid="1" tsid="1" />
    <channel service_ref="1:0:1:00d7:0005:0049:02ad0000:0:0:0:" name="CELEBRATION TV Plus" service_name="CELEBRATION TV Plus" provider="SENTECH" sid="215" onid="73" tsid="5" />
    <channel service_ref="1:0:1:c587:0006:0049:02ad0000:0:0:0:" name="VINEYARD TV" service_name="VINEYARD TV" provider="MX1" sid="50567" onid="73" tsid="6" />
  </bouquet>
  <bouquet name="RAI" category="tv">
    <channel service_ref="1:0:1:00f3:0005:0049:02ad0000:0:0:0:" name="Praise TV" service_name="Praise TV" provider="SENTECH" sid="243" onid="73" tsid="5" />
  </bouquet>
  <bouquet name="TF1" category="tv">
    <channel service_ref="1:0:1:0011:0001:0001:02adb159:0:0:0:" name="France24" service_name="France24" provider="DBS" sid="17" onid="1" tsid="1" />
  </bouquet>
  <bouquet name="Austria" category="tv">
    <channel service_ref="1:0:1:004b:0002:0049:02ad0000:0:0:0:" name="ATV" service_name="ATV" provider="SENTECH" sid="75" onid="73" tsid="2" />
  </bouquet>
  <bouquet name="Switzerland" category="tv">
    <channel service_ref="1:0:1:0001:0001:ffff:02adb170:0:0:0:" name="BTV ENC B" service_name="BTV ENC B" provider="TELEMEDIA" sid="1" onid="65535" tsid="1" />
    <channel service_ref="1:0:1:001d:0001:0001:02ad3112:0:0:0:" name="Holyghost Testifiers Television" service_name="Holyghost Testifiers Television" provider="ViewSat" sid="29" onid="1" tsid="1" />
    <channel service_ref="1:0:1:0001:0001:ffff:02ad2b47:0:0:0:" name="Russia 1. +1" service_name="Russia 1. +1" provider="ERICSSON Television" sid="1" onid="65535" tsid="1" />
    <channel service_ref="1:0:1:0001:0001:ffff:02ad2b4b:0:0:0:" name="Russia 1. +3" service_name="Russia 1. +3" provider="ERICSSON Television" sid="1" onid="65535" tsid="1" />
    <channel service_ref="1:0:1:c58b:0006:0049:02ad0000:0:0:0:" name="SPARE 5" service_name="SPARE 5" provider="MSAT Global" sid="50571" onid="73" tsid="6" />
  </bouquet>
  <bouquet name="Resolution - HD" category="tv">
    <channel service_ref="1:0:1:000a:0004:0001:02ad318a:0:0:0:" name="HD Demo Channel" service_name="HD Demo Channel" provider="ViewSat" sid="10" onid="1" tsid="4" />
    <channel service_ref="1:0:1:0010:0001:0001:02adb159:0:0:0:" name="KhudugaHD" service_name="KhudugaHD" provider="DBS" sid="16" onid="1" tsid="1" />
  </bouquet>
  <bouquet name="Religion" category="tv">
    <channel service_ref="1:0:1:0005:0005:0001:02adb11f:0:0:0:" name="HC Voice of Hope" service_name="HC Voice of Hope" provider="MX1" sid="5" onid="1" tsid="5" />
  </bouquet>
  <bouquet name="International" category="tv">
    <channel service_ref="1:0:1:000e:0001:0001:02adb159:0:0:0:" name="BTV Digital" service_name="BTV Digital" provider="DBS" sid="14" onid="1" tsid="1" />
    <channel service_ref="1:0:1:000e:0002:0001:02adb13a:0:0:0:" name="LoveWorld SAT" service_name="LoveWorld SAT" provider="ViewSat" sid="14" onid="1" tsid="2" />
  </bouquet>
  <bouquet name="Others" category="tv">
    <channel service_ref="1:0:1:000d:0001:0001:02ad3112:0:0:0:" name="1Touch TV" service_name="1Touch TV" provider="ViewSat" sid="13" onid="1" tsid="1" />
    <channel service_ref="1:0:1:000c:0001:0001:02ad3112:0:0:0:" name="A1 Prophecy TV" service_name="A1 Prophecy TV" provider="ViewSat" sid="12" onid="1" tsid="1" />
    <channel service_ref="1:0:1:0041:0000:0000:02ad315d:0:0:0:" name="ACBN" service_name="ACBN" provider="ACBN" sid="65" onid="0" tsid="0" />
    <channel service_ref="1:0:1:0013:0001:0001:02adb159:0:0:0:" name="Access TV" service_name="Access TV" provider="DBS" sid="19" onid="1" tsid="1" />
    <channel service_ref="1:0:1:0001:0004:0001:02ad318a:0:0:0:" name="ACNN TV" service_name="ACNN TV" provider="ViewSat" sid="1" onid="1" tsid="4" />
    <channel service_ref="1:0:1:000d:0002:0001:02adb13a:0:0:0:" name="Alive TV" service_name="Alive TV" provider="ViewSat" sid="13" onid="1" tsid="2" />
    <channel service_ref="1:0:1:c583:0006:0049:02ad0000:0:0:0:" name="AMAZING DISCOVERY TV" service_name="AMAZING DISCOVERY TV" provider="MX1" sid="50563" onid="73" tsid="6" />
    <channel service_ref="1:0:1:c580:0006:0049:02ad0000:0:0:0:" name="AMAZING GOD" service_name="AMAZING GOD" provider="MX1" sid="50560" onid="73" tsid="6" />
    <channel service_ref="1:0:1:c577:0006:0049:02ad0000:0:0:0:" name="AMI TV" service_name="AMI TV" provider="MSAT Global" sid="50551" onid="73" tsid="6" />
    <channel service_ref="1:0:1:c670:0006:0049:02ad0000:0:0:0:" name="ANGEL TV" service_name="ANGEL TV" provider="STN PLC" sid="50800" onid="73" tsid="6" />
    <channel service_ref="1:0:1:00e0:0005:0049:02ad0000:0:0:0:" name="Ark of God TV" service_name="Ark of God TV" provider="SENTECH" sid="224" onid="73" tsid="5" />
    <channel service_ref="1:0:1:0004:0002:0001:02adb13a:0:0:0:" name="BCS StarCross TV" service_name="BCS StarCross TV" provider="ViewSat" sid="4" onid="1" tsid="2" />
    <channel service_ref="1:0:1:001a:0001:0001:02adb159:0:0:0:" name="BTV Mobile" service_name="BTV Mobile" provider="DBS" sid="26" onid="1" tsid="1" />
    <channel service_ref="1:0:1:000f:0001:0001:02ad3112:0:0:0:" name="Caught Up TV" service_name="Caught Up TV" provider="ViewSat" sid="15" onid="1" tsid="1" />
    <channel service_ref="1:0:1:00cb:0005:0049:02ad0000:0:0:0:" name="Caught Up TV" service_name="Caught Up TV" provider="SENTECH" sid="203" onid="73" tsid="5" />
    <channel service_ref="1:0:1:00f8:0005:0049:02ad0000:0:0:0:" name="Censers TV" service_name="Censers TV" provider="SENTECH" sid="248" onid="73" tsid="5" />
    <channel service_ref="1:0:1:00f9:0005:0049:02ad0000:0:0:0:" name="CFTV" service_name="CFTV" provider="SENTECH" sid="249" onid="73" tsid="5" />
    <channel service_ref="1:0:1:0009:0004:0001:02ad318a:0:0:0:" name="Champions TV" service_name="Champions TV" provider="ViewSat" sid="9" onid="1" tsid="4" />
    <channel service_ref="1:0:1:0033:0002:0049:02ad0000:0:0:0:" name="CHARIS TV" service_name="CHARIS TV" provider="SENTECH" sid="51" onid="73" tsid="2" />
    <channel service_ref="1:0:1:00dd:0005:0049:02ad0000:0:0:0:" name="CHM TV International" service_name="CHM TV International" provider="Sentech" sid="221" onid="73" tsid="5" />
    <channel service_ref="1:0:1:0006:0001:0001:02ad3112:0:0:0:" name="CHM TV INTL" service_name="CHM TV INTL" provider="ViewSat" sid="6" onid="1" tsid="1" />
    <channel service_ref="1:0:1:0007:0002:0001:02adb13a:0:0:0:" name="CJ TV" service_name="CJ TV" provider="ViewSat" sid="7" onid="1" tsid="2" />
    <channel service_ref="1:0:1:001e:0004:0001:02ad318a:0:0:0:" name="CVV" service_name="CVV" provider="ViewSat" sid="30" onid="1" tsid="4" />
    <channel service_ref="1:0:1:c57f:0006:0049:02ad0000:0:0:0:" name="DAYSTAR TV" service_name="DAYSTAR TV" provider="MX1" sid="50559" onid="73" tsid="6" />
    <channel service_ref="1:0:1:00d5:0005:0049:02ad0000:0:0:0:" name="DBN TV" service_name="DBN TV" provider="SENTECH" sid="213" onid="73" tsid="5" />
    <channel service_ref="1:0:1:0008:0002:0001:02adb13a:0:0:0:" name="Dove Vision" service_name="Dove Vision" provider="ViewSat" sid="8" onid="1" tsid="2" />
    <channel service_ref="1:0:1:00d4:0005:0049:02ad0000:0:0:0:" name="DUNAMIS TV" service_name="DUNAMIS TV" provider="SENTECH" sid="212" onid="73" tsid="5" />
    <channel service_ref="1:0:1:001a:0001:0001:02ad3112:0:0:0:" name="EBENEZER TV" service_name="EBENEZER TV" provider="ViewSat" sid="26" onid="1" tsid="1" />
    <channel service_ref="1:0:1:c585:0006:0049:02ad0000:0:0:0:" name="EMMANUEL TV" service_name="EMMANUEL TV" provider="DTK-Satelio" sid="50565" onid="73" tsid="6" />
    <channel service_ref="1:0:1:0002:0001:0001:02ad3112:0:0:0:" name="End Time Message TV" service_name="End Time Message TV" provider="ViewSat" sid="2" onid="1" tsid="1" />
    <channel service_ref="1:0:1:c582:0006:0049:02ad0000:0:0:0:" name="EZEKIEL TV" service_name="EZEKIEL TV" provider="MX1" sid="50562" onid="73" tsid="6" />
    <channel service_ref="1:0:1:000a:0001:0001:02ad3112:0:0:0:" name="FANO TV" service_name="FANO TV" provider="ViewSat" sid="10" onid="1" tsid="1" />
    <channel service_ref="1:0:1:0039:0002:0049:02ad0000:0:0:0:" name="Fano TV" service_name="Fano TV" provider="Sentech" sid="57" onid="73" tsid="2" />
    <channel service_ref="1:0:1:012d:0000:0000:02ad315d:0:0:0:" name="Foursquare TV" service_name="Foursquare TV" provider="ACBN" sid="301" onid="0" tsid="0" />
    <channel service_ref="1:0:1:0008:0001:0001:02ad3112:0:0:0:" name="Free Indeed TV" service_name="Free Indeed TV" provider="ViewSat" sid="8" onid="1" tsid="1" />
    <channel service_ref="1:0:1:0011:0004:0001:02ad318a:0:0:0:" name="FULL_LIFE_TV" service_name="FULL_LIFE_TV" provider="ViewSat" sid="17" onid="1" tsid="4" />
    <channel service_ref="1:0:1:c57b:0006:0049:02ad0000:0:0:0:" name="GNF TV" service_name="GNF TV" provider="MSAT Global" sid="50555" onid="73" tsid="6" />
    <channel service_ref="1:0:1:000c:0002:0001:02adb13a:0:0:0:" name="God TV" service_name="God TV" provider="ViewSat" sid="12" onid="1" tsid="2" />
    <channel service_ref="1:0:1:00d0:0005:0049:02ad0000:0:0:0:" name="GOD WITH US TV" service_name="GOD WITH US TV" provider="SENTECH" sid="208" onid="73" tsid="5" />
    <channel service_ref="1:0:1:00e1:0005:0049:02ad0000:0:0:0:" name="Grace TV" service_name="Grace TV" provider="SENTECH" sid="225" onid="73" tsid="5" />
    <channel service_ref="1:0:1:0003:0005:0001:02adb11f:0:0:0:" name="HC Africa" service_name="HC Africa" provider="MX1" sid="3" onid="1" tsid="5" />
    <channel service_ref="1:0:1:0001:0005:0001:02adb11f:0:0:0:" name="HC International" service_name="HC International" provider="MX1" sid="1" onid="1" tsid="5" />
    <channel service_ref="1:0:1:0004:0005:0001:02adb11f:0:0:0:" name="HC MorningStar" service_name="HC MorningStar" provider="MX1" sid="4" onid="1" tsid="5" />
    <channel service_ref="1:0:1:0002:0005:0001:02adb11f:0:0:0:" name="HC Novo Tempo" service_name="HC Novo Tempo" provider="MX1" sid="2" onid="1" tsid="5" />
    <channel service_ref="1:0:1:000a:0004:0001:02ad318a:0:0:0:" name="HD Demo Channel" service_name="HD Demo Channel" provider="ViewSat" sid="10" onid="1" tsid="4" />
    <channel service_ref="1:0:1:0007:0001:0001:02ad3112:0:0:0:" name="HOG TV" service_name="HOG TV" provider="ViewSat" sid="7" onid="1" tsid="1" />
    <channel service_ref="1:0:1:0003:0001:0001:02ad3112:0:0:0:" name="Homebase TV" service_name="Homebase TV" provider="ViewSat" sid="3" onid="1" tsid="1" />
    <channel service_ref="1:0:1:0004:0001:0001:02ad3112:0:0:0:" name="Hosanna TV" service_name="Hosanna TV" provider="ViewSat" sid="4" onid="1" tsid="1" />
    <channel service_ref="1:0:1:0008:0004:0001:02ad318a:0:0:0:" name="ITVN" service_name="ITVN" provider="ViewSat" sid="8" onid="1" tsid="4" />
    <channel service_ref="1:0:1:0010:0001:0001:02adb159:0:0:0:" name="KhudugaHD" service_name="KhudugaHD" provider="DBS" sid="16" onid="1" tsid="1" />
    <channel service_ref="1:0:1:00f6:0005:0049:02ad0000:0:0:0:" name="KINGDOM WAYS TV" service_name="KINGDOM WAYS TV" provider="SENTECH" sid="246" onid="73" tsid="5" />
    <channel service_ref="1:0:1:006b:0002:0049:02ad0000:0:0:0:" name="KWENA TV" service_name="KWENA TV" provider="SENTECH" sid="107" onid="73" tsid="2" />
    <channel service_ref="1:0:1:0005:0001:0001:02ad3112:0:0:0:" name="Liberation TV" service_name="Liberation TV" provider="ViewSat" sid="5" onid="1" tsid="1" />
    <channel service_ref="1:0:1:c58c:0006:0049:02ad0000:0:0:0:" name="LIFE DESTINY TV" service_name="LIFE DESTINY TV" provider="MSAT Global" sid="50572" onid="73" tsid="6" />
    <channel service_ref="1:0:1:001b:0002:0001:02adb13a:0:0:0:" name="Living Water TV" service_name="Living Water TV" provider="ViewSat" sid="27" onid="1" tsid="2" />
    <channel service_ref="1:0:1:0001:0001:0001:02ad3112:0:0:0:" name="Madani Chnl" service_name="Madani Chnl" provider="ViewSat" sid="1" onid="1" tsid="1" />
    <channel service_ref="1:0:1:0001:0002:0001:02adb13a:0:0:0:" name="Marima Fire TV" service_name="Marima Fire TV" provider="ViewSat" sid="1" onid="1" tsid="2" />
    <channel service_ref="1:0:1:00f2:0005:0049:02ad0000:0:0:0:" name="Marima Fire TV" service_name="Marima Fire TV" provider="SENTECH" sid="242" onid="73" tsid="5" />
    <channel service_ref="1:0:1:006d:0002:0049:02ad0000:0:0:0:" name="Mercy TV Plus" service_name="Mercy TV Plus" provider="SENTECH" sid="109" onid="73" tsid="2" />
    <channel service_ref="1:0:1:000f:0002:0001:02adb13a:0:0:0:" name="MFM TV" service_name="MFM TV" provider="ViewSat" sid="15" onid="1" tsid="2" />
    <channel service_ref="1:0:1:0003:0002:0001:02adb13a:0:0:0:" name="Miracle Clouds TV" service_name="Miracle Clouds TV" provider="Harmonic" sid="3" onid="1" tsid="2" />
    <channel service_ref="1:0:1:001f:0001:0001:02ad3112:0:0:0:" name="More Grace TV Plus" service_name="More Grace TV Plus" provider="ViewSat" sid="31" onid="1" tsid="1" />
    <channel service_ref="1:0:1:c579:0006:0049:02ad0000:0:0:0:" name="MSAT TEST" service_name="MSAT TEST" provider="MSAT Global" sid="50553" onid="73" tsid="6" />
    <channel service_ref="1:0:1:c584:0006:0049:02ad0000:0:0:0:" name="MSAT TEST 1" service_name="MSAT TEST 1" provider="MSAT Global" sid="50564" onid="73" tsid="6" />
    <channel service_ref="1:0:1:000e:0001:0001:02adb112:0:0:0:" name="NBCU E! Entertainment" service_name="NBCU E! Entertainment" provider="" sid="14" onid="1" tsid="1" />
    <channel service_ref="1:0:1:00df:0005:0049:02ad0000:0:0:0:" name="NEW GENERATION TV" service_name="NEW GENERATION TV" provider="SENTECH" sid="223" onid="73" tsid="5" />
    <channel service_ref="1:0:1:000b:0004:0001:02ad318a:0:0:0:" name="New Vision TV" service_name="New Vision TV" provider="ViewSat" sid="11" onid="1" tsid="4" />
    <channel service_ref="1:0:1:000f:0001:0001:02adb159:0:0:0:" name="NOW!" service_name="NOW!" provider="DBS" sid="15" onid="1" tsid="1" />
    <channel service_ref="1:0:1:00cc:0005:0049:02ad0000:0:0:0:" name="Number 1 TV" service_name="Number 1 TV" provider="Sentech" sid="204" onid="73" tsid="5" />
    <channel service_ref="1:0:1:000f:0004:0001:02ad318a:0:0:0:" name="OMEGA" service_name="OMEGA" provider="ViewSat" sid="15" onid="1" tsid="4" />
    <channel service_ref="1:0:1:0007:0004:0001:02ad318a:0:0:0:" name="OPM Doctor Jesus" service_name="OPM Doctor Jesus" provider="ViewSat" sid="7" onid="1" tsid="4" />
    <channel service_ref="1:0:1:00d6:0005:0049:02ad0000:0:0:0:" name="Oracle TV" service_name="Oracle TV" provider="SENTECH" sid="214" onid="73" tsid="5" />
    <channel service_ref="1:0:1:0002:0002:0001:02adb13a:0:0:0:" name="Pharez TV" service_name="Pharez TV" provider="ViewSat" sid="2" onid="1" tsid="2" />
    <channel service_ref="1:0:1:000e:0001:0001:02ad3112:0:0:0:" name="Power Line TV" service_name="Power Line TV" provider="ViewSat" sid="14" onid="1" tsid="1" />
    <channel service_ref="1:0:1:00f4:0005:0049:02ad0000:0:0:0:" name="POWER TV" service_name="POWER TV" provider="SENTECH" sid="244" onid="73" tsid="5" />
    <channel service_ref="1:0:1:000d:0004:0001:02ad318a:0:0:0:" name="PRESS TV" service_name="PRESS TV" provider="ViewSat" sid="13" onid="1" tsid="4" />
    <channel service_ref="1:0:1:002d:0002:0049:02ad0000:0:0:0:" name="Prophetic" service_name="Prophetic" provider="Sentech" sid="45" onid="73" tsid="2" />
    <channel service_ref="1:0:1:006a:0002:0049:02ad0000:0:0:0:" name="Prophetic Power TV" service_name="Prophetic Power TV" provider="Sentech" sid="106" onid="73" tsid="2" />
    <channel service_ref="1:0:1:c57a:0006:0049:02ad0000:0:0:0:" name="RABBONI" service_name="RABBONI" provider="MSAT Global" sid="50554" onid="73" tsid="6" />
    <channel service_ref="1:0:1:001b:0001:0001:02ad3112:0:0:0:" name="Rapha TV" service_name="Rapha TV" provider="ViewSat" sid="27" onid="1" tsid="1" />
    <channel service_ref="1:0:1:c57d:0006:0049:02ad0000:0:0:0:" name="RCG TV" service_name="RCG TV" provider="MSAT Global" sid="50557" onid="73" tsid="6" />
    <channel service_ref="1:0:1:00e4:0005:0049:02ad0000:0:0:0:" name="Reigners TV" service_name="Reigners TV" provider="Sentech" sid="228" onid="73" tsid="5" />
    <channel service_ref="1:0:1:001c:0001:0001:02ad3112:0:0:0:" name="REVELATION TV" service_name="REVELATION TV" provider="ViewSat" sid="28" onid="1" tsid="1" />
    <channel service_ref="1:0:1:c586:0006:0049:02ad0000:0:0:0:" name="RLW" service_name="RLW" provider="MSAT Global" sid="50566" onid="73" tsid="6" />
    <channel service_ref="1:0:1:c578:0006:0049:02ad0000:0:0:0:" name="ROV TV" service_name="ROV TV" provider="MSAT Global" sid="50552" onid="73" tsid="6" />
    <channel service_ref="1:0:1:0001:1000:2000:02adb10f:0:0:0:" name="Salvation TV" service_name="Salvation TV" provider="Harmonic" sid="1" onid="8192" tsid="4096" />
    <channel service_ref="1:0:1:0009:0001:0001:02ad3112:0:0:0:" name="Salvation TV" service_name="Salvation TV" provider="ViewSat" sid="9" onid="1" tsid="1" />
    <channel service_ref="1:0:1:0010:0002:0001:02adb13a:0:0:0:" name="SAM TV" service_name="SAM TV" provider="ViewSat" sid="16" onid="1" tsid="2" />
    <channel service_ref="1:0:1:0011:0001:0001:02ad3112:0:0:0:" name="SHEKINA MC TV" service_name="SHEKINA MC TV" provider="ViewSat" sid="17" onid="1" tsid="1" />
    <channel service_ref="1:0:1:001f:0004:0001:02ad318a:0:0:0:" name="Shepherds Touch TV" service_name="Shepherds Touch TV" provider="ViewSat" sid="31" onid="1" tsid="4" />
    <channel service_ref="1:0:1:00cd:0005:0049:02ad0000:0:0:0:" name="Signs &amp; Wonders TV" service_name="Signs &amp; Wonders TV" provider="SENTECH" sid="205" onid="73" tsid="5" />
    <channel service_ref="1:0:1:0009:0002:0001:02adb13a:0:0:0:" name="Sonlife" service_name="Sonlife" provider="ViewSat" sid="9" onid="1" tsid="2" />
    <channel service_ref="1:0:1:c58f:0006:0049:02ad0000:0:0:0:" name="SPARE 1" service_name="SPARE 1" provider="DTK-Satelio" sid="50575" onid="73" tsid="6" />
    <channel service_ref="1:0:1:c58e:0006:0049:02ad0000:0:0:0:" name="SPARE 12" service_name="SPARE 12" provider="MSAT Global" sid="50574" onid="73" tsid="6" />
    <channel service_ref="1:0:1:c58a:0006:0049:02ad0000:0:0:0:" name="SPARE 2" service_name="SPARE 2" provider="MSAT Global" sid="50570" onid="73" tsid="6" />
    <channel service_ref="1:0:1:c588:0006:0049:02ad0000:0:0:0:" name="SPARE 6" service_name="SPARE 6" provider="MSAT Global" sid="50568" onid="73" tsid="6" />
    <channel service_ref="1:0:1:c57c:0006:0049:02ad0000:0:0:0:" name="SPARE 8" service_name="SPARE 8" provider="DTK-Satelio" sid="50556" onid="73" tsid="6" />
    <channel service_ref="1:0:1:c581:0006:0049:02ad0000:0:0:0:" name="SPARE-MX1" service_name="SPARE-MX1" provider="MX1" sid="50561" onid="73" tsid="6" />
    <channel service_ref="1:0:1:c589:0006:0049:02ad0000:0:0:0:" name="SPARE4" service_name="SPARE4" provider="MSAT Global" sid="50569" onid="73" tsid="6" />
    <channel service_ref="1:0:1:000a:0002:0001:02adb13a:0:0:0:" name="Spirit Word Channel" service_name="Spirit Word Channel" provider="ViewSat" sid="10" onid="1" tsid="2" />
    <channel service_ref="1:0:1:c590:0006:0049:02ad0000:0:0:0:" name="STN TEST" service_name="STN TEST" provider="STN PLC" sid="50576" onid="73" tsid="6" />
    <channel service_ref="1:0:1:003a:0002:0049:02ad0000:0:0:0:" name="Success TV +" service_name="Success TV +" provider="Sentech" sid="58" onid="73" tsid="2" />
    <channel service_ref="1:0:1:00f1:0005:0049:02ad0000:0:0:0:" name="Temple TV" service_name="Temple TV" provider="SENTECH" sid="241" onid="73" tsid="5" />
    <channel service_ref="1:0:1:0012:0001:0001:02ad3112:0:0:0:" name="Triple A TV" service_name="Triple A TV" provider="ViewSat" sid="18" onid="1" tsid="1" />
    <channel service_ref="1:0:1:002a:0002:0049:02ad0000:0:0:0:" name="UBN" service_name="UBN" provider="UBN" sid="42" onid="73" tsid="2" />
    <channel service_ref="1:0:1:000b:0001:0001:02ad3112:0:0:0:" name="Untouchable TV" service_name="Untouchable TV" provider="ViewSat" sid="11" onid="1" tsid="1" />
    <channel service_ref="1:0:1:00d3:0005:0049:02ad0000:0:0:0:" name="VERBOVIVO TV" service_name="VERBOVIVO TV" provider="SENTECH" sid="211" onid="73" tsid="5" />
    <channel service_ref="1:0:1:0001:b6fd:0000:02ad31a0:0:0:0:" name="YESHUA TV" service_name="YESHUA TV" provider="" sid="1" onid="0" tsid="46845" />
  </bouquet>
  <bouquet name="PayTV - Sky - DE - HD" category="tv">
    <channel service_ref="1:0:1:000e:0001:0001:02adb112:0:0:0:" name="NBCU E! Entertainment" service_name="NBCU E! Entertainment" provider="" sid="14" onid="1" tsid="1" />
  </bouquet>
  <bouquet name="Radio" category="radio">
    <channel service_ref="1:0:2:005a:0002:0049:02ad0000:0:0:0:" name="Al Ansaar" service_name="Al Ansaar" provider="Sentech" sid="90" onid="73" tsid="2" />
    <channel service_ref="1:0:2:005d:0002:0049:02ad0000:0:0:0:" name="ChAfr" service_name="ChAfr" provider="ChAfr" sid="93" onid="73" tsid="2" />
    <channel service_ref="1:0:2:008d:0002:0049:02ad0000:0:0:0:" name="Cii" service_name="Cii" provider="Sentech" sid="141" onid="73" tsid="2" />
    <channel service_ref="1:0:2:008c:0005:0049:02ad0000:0:0:0:" name="DWR" service_name="DWR" provider="Sentech" sid="140" onid="73" tsid="5" />
    <channel service_ref="1:0:2:0004:0004:0001:02ad318a:0:0:0:" name="IRIB 06 WORLD SERVICE" service_name="IRIB 06 WORLD SERVICE" provider="ViewSat" sid="4" onid="1" tsid="4" />
    <channel service_ref="1:0:2:0006:0005:0001:02adb11f:0:0:0:" name="Maranatha" service_name="Maranatha" provider="MX1" sid="6" onid="1" tsid="5" />
    <channel service_ref="1:0:2:c591:0006:0049:02ad0000:0:0:0:" name="Markaz Sahaba radio" service_name="Markaz Sahaba radio" provider="MSAT Global" sid="50577" onid="73" tsid="6" />
    <channel service_ref="1:0:2:00a1:0002:0049:02ad0000:0:0:0:" name="Mash Media" service_name="Mash Media" provider="Mash Media" sid="161" onid="73" tsid="2" />
    <channel service_ref="1:0:2:008f:0002:0049:02ad0000:0:0:0:" name="Radio Islam" service_name="Radio Islam" provider="Sentech" sid="143" onid="73" tsid="2" />
    <channel service_ref="1:0:2:008e:0002:0049:02ad0000:0:0:0:" name="Salaamedia" service_name="Salaamedia" provider="Sentech" sid="142" onid="73" tsid="2" />
    <channel service_ref="1:0:2:00bf:0005:0049:02ad0000:0:0:0:" name="SIYATHUTHUKA FM" service_name="SIYATHUTHUKA FM" provider="SENTECH" sid="191" onid="73" tsid="5" />
    <channel service_ref="1:0:2:000b:0002:0001:02adb13a:0:0:0:" name="VOA Southern Africa" service_name="VOA Southern Africa" provider="ViewSat" sid="11" onid="1" tsid="2" />
  </bouquet>
  <bouquet name="Radio - Music" category="radio">
    <channel service_ref="1:0:2:00bf:0005:0049:02ad0000:0:0:0:" name="SIYATHUTHUKA FM" service_name="SIYATHUTHUKA FM" provider="SENTECH" sid="191" onid="73" tsid="5" />
  </bouquet>
</zapit>
