<?xml version='1.0' encoding='utf-8'?>
<zapit>
  <bouquet name="General" category="tv">
    <channel service_ref="1:0:1:0009:7000:217c:eeee0000:0:0:0:" name="ERNICA TV" service_name="ERNICA TV" provider="Service Provider" sid="9" onid="8572" tsid="28672" />
    <channel service_ref="1:0:1:000c:7000:217c:eeee0000:0:0:0:" name="EXTRA TV" service_name="EXTRA TV" provider="International Tele Radio" sid="12" onid="8572" tsid="28672" />
    <channel service_ref="1:0:1:0007:7000:217c:eeee0000:0:0:0:" name="I.T.R." service_name="I.T.R." provider="International Tele Radio" sid="7" onid="8572" tsid="28672" />
    <channel service_ref="1:0:1:0006:7000:217c:eeee0000:0:0:0:" name="I.T.R. Magazine" service_name="I.T.R. Magazine" provider="International Tele Radio" sid="6" onid="8572" tsid="28672" />
    <channel service_ref="1:0:1:0008:7000:217c:eeee0000:0:0:0:" name="I.T.R. News" service_name="I.T.R. News" provider="International Tele Radio" sid="8" onid="8572" tsid="28672" />
    <channel service_ref="1:0:1:0005:7000:217c:eeee0000:0:0:0:" name="I.T.R. Ragazzi" service_name="I.T.R. Ragazzi" provider="International Tele Radio" sid="5" onid="8572" tsid="28672" />
    <channel service_ref="1:0:1:01f5:7000:217c:eeee0000:0:0:0:" name="RADIO IMMAGINE TV" service_name="RADIO IMMAGINE TV" provider="DTV Provider" sid="501" onid="8572" tsid="28672" />
    <channel service_ref="1:0:1:0028:7000:217c:eeee0000:0:0:0:" name="Teleroma 1" service_name="Teleroma 1" provider="International Tele Radio" sid="40" onid="8572" tsid="28672" />
    <channel service_ref="1:0:1:003b:7000:217c:eeee0000:0:0:0:" name="TELEUNIVERSO" service_name="TELEUNIVERSO" provider="International Tele Radio" sid="59" onid="8572" tsid="28672" />
  </bouquet>
  <bouquet name="News" category="tv">
    <channel service_ref="1:0:1:0008:7000:217c:eeee0000:0:0:0:" name="I.T.R. News" service_name="I.T.R. News" provider="International Tele Radio" sid="8" onid="8572" tsid="28672" />
  </bouquet>
  <bouquet name="Switzerland" category="tv">
    <channel service_ref="1:0:1:000c:7000:217c:eeee0000:0:0:0:" name="EXTRA TV" service_name="EXTRA TV" provider="International Tele Radio" sid="12" onid="8572" tsid="28672" />
    <channel service_ref="1:0:1:0007:7000:217c:eeee0000:0:0:0:" name="I.T.R." service_name="I.T.R." provider="International Tele Radio" sid="7" onid="8572" tsid="28672" />
    <channel service_ref="1:0:1:0006:7000:217c:eeee0000:0:0:0:" name="I.T.R. Magazine" service_name="I.T.R. Magazine" provider="International Tele Radio" sid="6" onid="8572" tsid="28672" />
    <channel service_ref="1:0:1:0005:7000:217c:eeee0000:0:0:0:" name="I.T.R. Ragazzi" service_name="I.T.R. Ragazzi" provider="International Tele Radio" sid="5" onid="8572" tsid="28672" />
    <channel service_ref="1:0:1:0028:7000:217c:eeee0000:0:0:0:" name="Teleroma 1" service_name="Teleroma 1" provider="International Tele Radio" sid="40" onid="8572" tsid="28672" />
    <channel service_ref="1:0:1:003b:7000:217c:eeee0000:0:0:0:" name="TELEUNIVERSO" service_name="TELEUNIVERSO" provider="International Tele Radio" sid="59" onid="8572" tsid="28672" />
  </bouquet>
  <bouquet name="Others" category="tv">
    <channel service_ref="1:0:1:0009:7000:217c:eeee0000:0:0:0:" name="ERNICA TV" service_name="ERNICA TV" provider="Service Provider" sid="9" onid="8572" tsid="28672" />
    <channel service_ref="1:0:1:01f5:7000:217c:eeee0000:0:0:0:" name="RADIO IMMAGINE TV" service_name="RADIO IMMAGINE TV" provider="DTV Provider" sid="501" onid="8572" tsid="28672" />
  </bouquet>
  <bouquet name="Radio" category="radio">
    <channel service_ref="1:0:2:000f:7000:217c:eeee0000:0:0:0:" name="Extra Radio" service_name="Extra Radio" provider="VDL SRL" sid="15" onid="8572" tsid="28672" />
    <channel service_ref="1:0:2:000e:7000:217c:eeee0000:0:0:0:" name="Radio Dolcemusica" service_name="Radio Dolcemusica" provider="VDL SRL" sid="14" onid="8572" tsid="28672" />
    <channel service_ref="1:0:2:000a:7000:217c:eeee0000:0:0:0:" name="Radio Evangelo" service_name="Radio Evangelo" provider="VDL SRL" sid="10" onid="8572" tsid="28672" />
  </bouquet>
  <bouquet name="Radio - Music" category="radio">
    <channel service_ref="1:0:2:000e:7000:217c:eeee0000:0:0:0:" name="Radio Dolcemusica" service_name="Radio Dolcemusica" provider="VDL SRL" sid="14" onid="8572" tsid="28672" />
  </bouquet>
  <bouquet name="Digitale terrestre               by Dragonfire" category="tv">
    <channel service_ref="1:0:1:7:7000:217c:eeee0000:0:0:0:" name="I.T.R." service_name="I.T.R." provider="International Tele Radio" sid="7" onid="8572" tsid="28672" />
    <channel service_ref="1:0:1:6:7000:217c:eeee0000:0:0:0:" name="I.T.R. Magazine" service_name="I.T.R. Magazine" provider="International Tele Radio" sid="6" onid="8572" tsid="28672" />
    <channel service_ref="1:0:1:5:7000:217c:eeee0000:0:0:0:" name="I.T.R. Ragazzi" service_name="I.T.R. Ragazzi" provider="International Tele Radio" sid="5" onid="8572" tsid="28672" />
    <channel service_ref="1:0:1:8:7000:217c:eeee0000:0:0:0:" name="I.T.R. News" service_name="I.T.R. News" provider="International Tele Radio" sid="8" onid="8572" tsid="28672" />
    <channel service_ref="1:0:1:9:7000:217c:eeee0000:0:0:0:" name="ERNICA TV" service_name="ERNICA TV" provider="Service Provider" sid="9" onid="8572" tsid="28672" />
    <channel service_ref="1:0:1:a:7000:217c:eeee0000:0:0:0:" name="Radio Evangelo" service_name="Radio Evangelo" provider="VDL SRL" sid="10" onid="8572" tsid="28672" />
    <channel service_ref="1:0:1:c:7000:217c:eeee0000:0:0:0:" name="EXTRA TV" service_name="EXTRA TV" provider="International Tele Radio" sid="12" onid="8572" tsid="28672" />
    <channel service_ref="1:0:2:e:7000:217c:eeee0000:0:0:0:" name="Radio Dolcemusica" service_name="Radio Dolcemusica" provider="VDL SRL" sid="14" onid="8572" tsid="28672" />
    <channel service_ref="1:0:2:f:7000:217c:eeee0000:0:0:0:" name="Extra Radio" service_name="Extra Radio" provider="VDL SRL" sid="15" onid="8572" tsid="28672" />
  </bouquet>
</zapit>
