<?xml version='1.0' encoding='utf-8'?>
<zapit api="4">
  <terrestrials>
    <terrestrial key="eeee0000:000a:20bf" name="OIV" namespace="0xeeee0000">
      <transponder key="eeee0000:000a:20bf" frequency="530000000" symbol_rate="0" polarization="H" fec="5" system="0" modulation="4">
        <service id="0x03f0" sid="1008" name="Doma TV HD" type="31" provider="OIV" onid="8383" tsid="10" namespace="0xeeee0000" />
        <service id="0x03ed" sid="1005" name="HRT3 HD" type="31" provider="OIV" onid="8383" tsid="10" namespace="0xeeee0000" />
        <service id="0x03ee" sid="1006" name="HRT4 HD" type="31" provider="OIV" onid="8383" tsid="10" namespace="0xeeee0000" />
        <service id="0x03e9" sid="1001" name="HTV1 HD" type="31" provider="OIV" onid="8383" tsid="10" namespace="0xeeee0000" />
        <service id="0x03ea" sid="1002" name="HTV2 HD" type="31" provider="OIV" onid="8383" tsid="10" namespace="0xeeee0000" />
        <service id="0x03ec" sid="1004" name="NOVA TV HD" type="31" provider="OIV" onid="8383" tsid="10" namespace="0xeeee0000" />
        <service id="0x03ef" sid="1007" name="RTL 2 HD" type="31" provider="OIV" onid="8383" tsid="10" namespace="0xeeee0000" />
        <service id="0x03eb" sid="1003" name="RTL HD" type="31" provider="OIV" onid="8383" tsid="10" namespace="0xeeee0000" />
      </transponder>
    </terrestrial>
    <terrestrial key="eeee0000:0019:20bf" name="OIV" namespace="0xeeee0000">
      <transponder key="eeee0000:0019:20bf" frequency="490000000" symbol_rate="0" polarization="H" fec="5" system="0" modulation="4">
        <service id="0x4fba" sid="20410" name="Arenasport 10" type="22" provider="OIV" onid="8383" tsid="25" namespace="0xeeee0000" />
        <service id="0x4fb7" sid="20407" name="Arenasport 7" type="25" provider="OIV" onid="8383" tsid="25" namespace="0xeeee0000" />
        <service id="0x4fb8" sid="20408" name="Arenasport 8" type="25" provider="OIV" onid="8383" tsid="25" namespace="0xeeee0000" />
        <service id="0x4fb9" sid="20409" name="Arenasport 9" type="22" provider="OIV" onid="8383" tsid="25" namespace="0xeeee0000" />
        <service id="0x07dd" sid="2013" name="CMC HD" type="31" provider="OIV" onid="8383" tsid="25" namespace="0xeeee0000" />
        <service id="0x09e8" sid="2536" name="KANAL RI HD" type="31" provider="OIV" onid="8383" tsid="25" namespace="0xeeee0000" />
        <service id="0x4fb6" sid="20406" name="MAXSport 1" type="25" provider="OIV" onid="8383" tsid="25" namespace="0xeeee0000" />
        <service id="0x07dc" sid="2012" name="RTL KOCKICA HD" type="31" provider="OIV" onid="8383" tsid="25" namespace="0xeeee0000" />
        <service id="0x07db" sid="2011" name="Sportska televizija HD" type="31" provider="OIV" onid="8383" tsid="25" namespace="0xeeee0000" />
        <service id="0x09ea" sid="2538" name="TV NOVA HD" type="31" provider="OIV" onid="8383" tsid="25" namespace="0xeeee0000" />
        <service id="0x510e" sid="20750" name="VividRed" type="22" provider="OIV" onid="8383" tsid="25" namespace="0xeeee0000" />
      </transponder>
    </terrestrial>
    <terrestrial key="eeee0000:d403:20bf" name="OIV" namespace="0xeeee0000">
      <transponder key="eeee0000:d403:20bf" frequency="618000000" symbol_rate="0" polarization="H" fec="5" system="0" modulation="4">
        <service id="0x157c" sid="5500" name="24Kitchen" type="22" provider="OIV" onid="8383" tsid="54275" namespace="0xeeee0000" />
        <service id="0x05ee" sid="1518" name="Arenasport 1" type="22" provider="OIV" onid="8383" tsid="54275" namespace="0xeeee0000" />
        <service id="0x05ef" sid="1519" name="Arenasport 2" type="22" provider="OIV" onid="8383" tsid="54275" namespace="0xeeee0000" />
        <service id="0x151a" sid="5402" name="Arenasport 3" type="22" provider="OIV" onid="8383" tsid="54275" namespace="0xeeee0000" />
        <service id="0x151b" sid="5403" name="Arenasport 4" type="22" provider="OIV" onid="8383" tsid="54275" namespace="0xeeee0000" />
        <service id="0x151c" sid="5404" name="Arenasport 5" type="22" provider="OIV" onid="8383" tsid="54275" namespace="0xeeee0000" />
        <service id="0x151d" sid="5405" name="Arenasport 6" type="22" provider="OIV" onid="8383" tsid="54275" namespace="0xeeee0000" />
        <service id="0x14b6" sid="5302" name="Baby TV" type="22" provider="OIV" onid="8383" tsid="54275" namespace="0xeeee0000" />
        <service id="0x145f" sid="5215" name="CineStar 2" type="25" provider="OIV" onid="8383" tsid="54275" namespace="0xeeee0000" />
        <service id="0x05b5" sid="1461" name="CineStar Action and Thriller" type="22" provider="OIV" onid="8383" tsid="54275" namespace="0xeeee0000" />
        <service id="0x05b4" sid="1460" name="CineStar Comedy and Family" type="22" provider="OIV" onid="8383" tsid="54275" namespace="0xeeee0000" />
        <service id="0x05b6" sid="1462" name="CineStar Fantasy" type="22" provider="OIV" onid="8383" tsid="54275" namespace="0xeeee0000" />
        <service id="0x13ed" sid="5101" name="Da Vinci" type="22" provider="OIV" onid="8383" tsid="54275" namespace="0xeeee0000" />
        <service id="0x14b7" sid="5303" name="Disney Channel" type="22" provider="OIV" onid="8383" tsid="54275" namespace="0xeeee0000" />
        <service id="0x14b8" sid="5304" name="Disney Junior" type="22" provider="OIV" onid="8383" tsid="54275" namespace="0xeeee0000" />
        <service id="0x15e3" sid="5603" name="DM Sat" type="22" provider="OIV" onid="8383" tsid="54275" namespace="0xeeee0000" />
        <service id="0x15e4" sid="5604" name="Jugoton" type="22" provider="OIV" onid="8383" tsid="54275" namespace="0xeeee0000" />
        <service id="0x13ee" sid="5102" name="Laudato TV" type="22" provider="OIV" onid="8383" tsid="54275" namespace="0xeeee0000" />
        <service id="0x15e0" sid="5600" name="MTV" type="22" provider="OIV" onid="8383" tsid="54275" namespace="0xeeee0000" />
        <service id="0x15e1" sid="5601" name="MTV 00s" type="22" provider="OIV" onid="8383" tsid="54275" namespace="0xeeee0000" />
        <service id="0x14ba" sid="5306" name="Nick Jr." type="22" provider="OIV" onid="8383" tsid="54275" namespace="0xeeee0000" />
        <service id="0x14b9" sid="5305" name="Nickelodeon" type="22" provider="OIV" onid="8383" tsid="54275" namespace="0xeeee0000" />
        <service id="0x14b4" sid="5300" name="Nicktoons" type="22" provider="OIV" onid="8383" tsid="54275" namespace="0xeeee0000" />
        <service id="0x15e6" sid="5606" name="RTL Adria" type="22" provider="OIV" onid="8383" tsid="54275" namespace="0xeeee0000" />
        <service id="0x15e5" sid="5605" name="RTL Crime" type="22" provider="OIV" onid="8383" tsid="54275" namespace="0xeeee0000" />
        <service id="0x15e7" sid="5607" name="RTL Passion" type="22" provider="OIV" onid="8383" tsid="54275" namespace="0xeeee0000" />
        <service id="0x05b7" sid="1463" name="STAR Crime" type="22" provider="OIV" onid="8383" tsid="54275" namespace="0xeeee0000" />
        <service id="0x05b8" sid="1464" name="STAR Movies" type="22" provider="OIV" onid="8383" tsid="54275" namespace="0xeeee0000" />
        <service id="0x14b5" sid="5301" name="Toon kids" type="22" provider="OIV" onid="8383" tsid="54275" namespace="0xeeee0000" />
        <service id="0x068d" sid="1677" name="Vivid" type="22" provider="OIV" onid="8383" tsid="54275" namespace="0xeeee0000" />
      </transponder>
    </terrestrial>
    <terrestrial key="eeee0000:d405:20bf" name="OIV" namespace="0xeeee0000">
      <transponder key="eeee0000:d405:20bf" frequency="538000000" symbol_rate="0" polarization="H" fec="5" system="0" modulation="4">
        <service id="0x0c21" sid="3105" name="Al Jazeera Balkans" type="22" provider="OIV" onid="8383" tsid="54277" namespace="0xeeee0000" />
        <service id="0x0c82" sid="3202" name="Cinemax" type="22" provider="OIV" onid="8383" tsid="54277" namespace="0xeeee0000" />
        <service id="0x0c83" sid="3203" name="Cinemax 2" type="22" provider="OIV" onid="8383" tsid="54277" namespace="0xeeee0000" />
        <service id="0x0c8a" sid="3210" name="CineStar 1" type="22" provider="OIV" onid="8383" tsid="54277" namespace="0xeeee0000" />
        <service id="0x0c22" sid="3106" name="CNN" type="22" provider="OIV" onid="8383" tsid="54277" namespace="0xeeee0000" />
        <service id="0x0c29" sid="3113" name="Doku TV HD" type="25" provider="OIV" onid="8383" tsid="54277" namespace="0xeeee0000" />
        <service id="0x0c28" sid="3112" name="Epic Drama" type="22" provider="OIV" onid="8383" tsid="54277" namespace="0xeeee0000" />
        <service id="0x0c1c" sid="3100" name="EVOtv info" type="22" provider="OIV" onid="8383" tsid="54277" namespace="0xeeee0000" />
        <service id="0x0c7f" sid="3199" name="HBO HD" type="25" provider="OIV" onid="8383" tsid="54277" namespace="0xeeee0000" />
        <service id="0x0c80" sid="3200" name="HBO2 HD" type="25" provider="OIV" onid="8383" tsid="54277" namespace="0xeeee0000" />
        <service id="0x0c81" sid="3201" name="HBO3 HD" type="25" provider="OIV" onid="8383" tsid="54277" namespace="0xeeee0000" />
        <service id="0x0c89" sid="3209" name="Kino TV" type="22" provider="OIV" onid="8383" tsid="54277" namespace="0xeeee0000" />
        <service id="0x0c84" sid="3204" name="Klasik" type="22" provider="OIV" onid="8383" tsid="54277" namespace="0xeeee0000" />
        <service id="0x0c8d" sid="3213" name="M1 FILM" type="22" provider="OIV" onid="8383" tsid="54277" namespace="0xeeee0000" />
        <service id="0x0c8e" sid="3214" name="M1 GOLD" type="22" provider="OIV" onid="8383" tsid="54277" namespace="0xeeee0000" />
        <service id="0x0c86" sid="3206" name="MGTV" type="22" provider="OIV" onid="8383" tsid="54277" namespace="0xeeee0000" />
        <service id="0x0c24" sid="3108" name="NatGeo Wild" type="22" provider="OIV" onid="8383" tsid="54277" namespace="0xeeee0000" />
        <service id="0x0c23" sid="3107" name="National Geographic" type="22" provider="OIV" onid="8383" tsid="54277" namespace="0xeeee0000" />
        <service id="0x0c1f" sid="3103" name="PickboxTV" type="22" provider="OIV" onid="8383" tsid="54277" namespace="0xeeee0000" />
        <service id="0x0c88" sid="3208" name="RTL Living" type="22" provider="OIV" onid="8383" tsid="54277" namespace="0xeeee0000" />
        <service id="0x0c8b" sid="3211" name="STAR" type="22" provider="OIV" onid="8383" tsid="54277" namespace="0xeeee0000" />
        <service id="0x0c8c" sid="3212" name="STAR Life" type="22" provider="OIV" onid="8383" tsid="54277" namespace="0xeeee0000" />
        <service id="0x0c25" sid="3109" name="Viasat Explore" type="22" provider="OIV" onid="8383" tsid="54277" namespace="0xeeee0000" />
        <service id="0x0c26" sid="3110" name="Viasat History" type="22" provider="OIV" onid="8383" tsid="54277" namespace="0xeeee0000" />
        <service id="0x0c85" sid="3205" name="Viasat Kino" type="22" provider="OIV" onid="8383" tsid="54277" namespace="0xeeee0000" />
        <service id="0x0c2a" sid="3114" name="Viasat Nature HD" type="25" provider="OIV" onid="8383" tsid="54277" namespace="0xeeee0000" />
      </transponder>
    </terrestrial>
  </terrestrials>
</zapit>
