<?xml version='1.0' encoding='utf-8'?>
<zapit>
  <bouquet name="General" category="tv">
    <channel service_ref="1:0:1:002a:5560:217c:eeee0000:0:0:0:" name="Canale 10" service_name="Canale 10" provider="Canale 10" sid="42" onid="8572" tsid="21856" />
    <channel service_ref="1:0:1:0052:5560:217c:eeee0000:0:0:0:" name="CANALE 10 1" service_name="CANALE 10 1" provider="mux canale10" sid="82" onid="8572" tsid="21856" />
    <channel service_ref="1:0:1:00fe:5560:217c:eeee0000:0:0:0:" name="IMPERO ROMANISTA" service_name="IMPERO ROMANISTA" provider="Service Provider" sid="254" onid="8572" tsid="21856" />
    <channel service_ref="1:0:1:03e8:5560:217c:eeee0000:0:0:0:" name="La tv dei tifosi della lazio" service_name="La tv dei tifosi della lazio" provider="CANALE 10" sid="1000" onid="8572" tsid="21856" />
    <channel service_ref="1:0:1:05f0:5560:217c:eeee0000:0:0:0:" name="RETESOLE" service_name="RETESOLE" provider="TANDBERG" sid="1520" onid="8572" tsid="21856" />
    <channel service_ref="1:0:1:0003:5560:217c:eeee0000:0:0:0:" name="StandBy Tv" service_name="StandBy Tv" provider="Service Provider" sid="3" onid="8572" tsid="21856" />
    <channel service_ref="1:0:1:0034:5560:217c:eeee0000:0:0:0:" name="VENDENDO VENDENDO" service_name="VENDENDO VENDENDO" provider="Tandberg" sid="52" onid="8572" tsid="21856" />
    <channel service_ref="1:0:1:00c8:5560:217c:eeee0000:0:0:0:" name="YOUNG TV" service_name="YOUNG TV" provider="Service Provider" sid="200" onid="8572" tsid="21856" />
  </bouquet>
  <bouquet name="TF1" category="tv">
    <channel service_ref="1:0:1:002a:5560:217c:eeee0000:0:0:0:" name="Canale 10" service_name="Canale 10" provider="Canale 10" sid="42" onid="8572" tsid="21856" />
    <channel service_ref="1:0:1:0052:5560:217c:eeee0000:0:0:0:" name="CANALE 10 1" service_name="CANALE 10 1" provider="mux canale10" sid="82" onid="8572" tsid="21856" />
    <channel service_ref="1:0:1:03e8:5560:217c:eeee0000:0:0:0:" name="La tv dei tifosi della lazio" service_name="La tv dei tifosi della lazio" provider="CANALE 10" sid="1000" onid="8572" tsid="21856" />
  </bouquet>
  <bouquet name="Others" category="tv">
    <channel service_ref="1:0:1:00fe:5560:217c:eeee0000:0:0:0:" name="IMPERO ROMANISTA" service_name="IMPERO ROMANISTA" provider="Service Provider" sid="254" onid="8572" tsid="21856" />
    <channel service_ref="1:0:1:05f0:5560:217c:eeee0000:0:0:0:" name="RETESOLE" service_name="RETESOLE" provider="TANDBERG" sid="1520" onid="8572" tsid="21856" />
    <channel service_ref="1:0:1:0003:5560:217c:eeee0000:0:0:0:" name="StandBy Tv" service_name="StandBy Tv" provider="Service Provider" sid="3" onid="8572" tsid="21856" />
    <channel service_ref="1:0:1:0034:5560:217c:eeee0000:0:0:0:" name="VENDENDO VENDENDO" service_name="VENDENDO VENDENDO" provider="Tandberg" sid="52" onid="8572" tsid="21856" />
    <channel service_ref="1:0:1:00c8:5560:217c:eeee0000:0:0:0:" name="YOUNG TV" service_name="YOUNG TV" provider="Service Provider" sid="200" onid="8572" tsid="21856" />
  </bouquet>
  <bouquet name="Digitale terrestre               by Dragonfire" category="tv">
    <channel service_ref="1:0:1:3e8:5560:217c:eeee0000:0:0:0:" name="La tv dei tifosi della lazio" service_name="La tv dei tifosi della lazio" provider="CANALE 10" sid="1000" onid="8572" tsid="21856" />
    <channel service_ref="1:0:1:fe:5560:217c:eeee0000:0:0:0:" name="IMPERO ROMANISTA" service_name="IMPERO ROMANISTA" provider="Service Provider" sid="254" onid="8572" tsid="21856" />
    <channel service_ref="1:0:1:c8:5560:217c:eeee0000:0:0:0:" name="YOUNG TV" service_name="YOUNG TV" provider="Service Provider" sid="200" onid="8572" tsid="21856" />
    <channel service_ref="1:0:1:3:5560:217c:eeee0000:0:0:0:" name="StandBy Tv" service_name="StandBy Tv" provider="Service Provider" sid="3" onid="8572" tsid="21856" />
    <channel service_ref="1:0:1:5f0:5560:217c:eeee0000:0:0:0:" name="RETESOLE" service_name="RETESOLE" provider="TANDBERG" sid="1520" onid="8572" tsid="21856" />
  </bouquet>
  <bouquet name="Digitale terrestre               by Dragonfire" category="tv">
    <channel service_ref="1:0:1:3e8:5560:217c:eeee0000:0:0:0:" name="La tv dei tifosi della lazio" service_name="La tv dei tifosi della lazio" provider="CANALE 10" sid="1000" onid="8572" tsid="21856" />
    <channel service_ref="1:0:1:3:5560:217c:eeee0000:0:0:0:" name="StandBy Tv" service_name="StandBy Tv" provider="Service Provider" sid="3" onid="8572" tsid="21856" />
    <channel service_ref="1:0:1:5f0:5560:217c:eeee0000:0:0:0:" name="RETESOLE" service_name="RETESOLE" provider="TANDBERG" sid="1520" onid="8572" tsid="21856" />
  </bouquet>
</zapit>
