<?xml version='1.0' encoding='utf-8'?>
<zapit api="4">
  <satellites>
    <satellite key="0dc00000:0001:002a" name="Sat-8W" namespace="0x0dc00000" position="-8">
      <transponder key="0dc00000:0001:002a" frequency="11137000" symbol_rate="27500000" polarization="H" fec="4" system="0" modulation="0">
        <service id="0x0aa1" sid="2721" name="Aden" type="25" provider="" onid="42" tsid="1" namespace="0x0dc00000" />
        <service id="0x0aa0" sid="2720" name="Al Eman" type="25" provider="" onid="42" tsid="1" namespace="0x0dc00000" />
        <service id="0x0a8e" sid="2702" name="Al Safwa" type="25" provider="" onid="42" tsid="1" namespace="0x0dc00000" />
        <service id="0x0a8d" sid="2701" name="Al Yawm" type="25" provider="" onid="42" tsid="1" namespace="0x0dc00000" />
        <service id="0x0a96" sid="2710" name="Alfa Khalijiyat Radio" type="1" provider="Medialooks" onid="42" tsid="1" namespace="0x0dc00000" />
        <service id="0x0a8f" sid="2703" name="Cinema 1" type="25" provider="" onid="42" tsid="1" namespace="0x0dc00000" />
        <service id="0x0a90" sid="2704" name="Cinema 2" type="25" provider="" onid="42" tsid="1" namespace="0x0dc00000" />
        <service id="0x0a98" sid="2712" name="DW Arabia HD" type="1" provider="Deutsche Welle" onid="42" tsid="1" namespace="0x0dc00000" />
        <service id="0x0aef" sid="2799" name="Eutelsat Data 1" type="1" provider="Eutelsat" onid="42" tsid="1" namespace="0x0dc00000" />
        <service id="0x0a93" sid="2707" name="Fann" type="25" provider="" onid="42" tsid="1" namespace="0x0dc00000" />
        <service id="0x0a97" sid="2711" name="Mounawat Radio" type="1" provider="Medialooks" onid="42" tsid="1" namespace="0x0dc00000" />
        <service id="0x0a94" sid="2708" name="Music Now" type="25" provider="" onid="42" tsid="1" namespace="0x0dc00000" />
        <service id="0x0a9c" sid="2716" name="SAT.TV" type="25" provider="" onid="42" tsid="1" namespace="0x0dc00000" />
        <service id="0x0a91" sid="2705" name="Series +2 HD" type="25" provider="" onid="42" tsid="1" namespace="0x0dc00000" />
        <service id="0x0a92" sid="2706" name="Series Channel HD" type="25" provider="" onid="42" tsid="1" namespace="0x0dc00000" />
        <service id="0x0a9f" sid="2719" name="Sheba" type="25" provider="" onid="42" tsid="1" namespace="0x0dc00000" />
        <service id="0x0a95" sid="2709" name="Tarabiyat Radio" type="1" provider="Medialooks" onid="42" tsid="1" namespace="0x0dc00000" />
        <service id="0x0a9e" sid="2718" name="Yemen Documentary" type="25" provider="" onid="42" tsid="1" namespace="0x0dc00000" />
        <service id="0x0a99" sid="2713" name="DW-A2" type="2" provider="Deutsche Welle" onid="42" tsid="1" namespace="0x0dc00000" radio="1" />
        <service id="0x0a9a" sid="2714" name="DW05" type="2" provider="Deutsche Welle" onid="42" tsid="1" namespace="0x0dc00000" radio="1" />
      </transponder>
    </satellite>
    <satellite key="0dc00000:0048:0001" name="Sat-8W" namespace="0x0dc00000" position="-8">
      <transponder key="0dc00000:0048:0001" frequency="12563000" symbol_rate="27500000" polarization="H" fec="4" system="0" modulation="0">
        <service id="0x1c3b" sid="7227" name="Iraqi interior radio" type="1" provider="" onid="1" tsid="72" namespace="0x0dc00000" />
        <service id="0x1c29" sid="7209" name="Iraqia Ent HD" type="1" provider="" onid="1" tsid="72" namespace="0x0dc00000" />
        <service id="0x1c26" sid="7206" name="Iraqia Kurd" type="1" provider="" onid="1" tsid="72" namespace="0x0dc00000" />
        <service id="0x1c21" sid="7201" name="Iraqia News HD" type="1" provider="" onid="1" tsid="72" namespace="0x0dc00000" />
        <service id="0x1c27" sid="7207" name="Iraqia Sport HD" type="1" provider="" onid="1" tsid="72" namespace="0x0dc00000" />
        <service id="0x1c34" sid="7220" name="Iraqia Syriac HD" type="1" provider="" onid="1" tsid="72" namespace="0x0dc00000" />
        <service id="0x1c25" sid="7205" name="Iraqia Turkuman" type="1" provider="" onid="1" tsid="72" namespace="0x0dc00000" />
        <service id="0x1c2b" sid="7211" name="Radio AI-Forqan" type="1" provider="" onid="1" tsid="72" namespace="0x0dc00000" />
        <service id="0x1c2a" sid="7210" name="Radio AL-Iraqia" type="1" provider="" onid="1" tsid="72" namespace="0x0dc00000" />
        <service id="0x1c2c" sid="7212" name="Radio Baghdad" type="1" provider="" onid="1" tsid="72" namespace="0x0dc00000" />
      </transponder>
    </satellite>
    <satellite key="0dc00000:0049:0800" name="Sat-8W" namespace="0x0dc00000" position="-8">
      <transponder key="0dc00000:0049:0800" frequency="11137000" symbol_rate="27500000" polarization="V" fec="3" system="0" modulation="0">
        <service id="0x1c86" sid="7302" name="Al Basra" type="25" provider="Nilesat" onid="2048" tsid="73" namespace="0x0dc00000" />
        <service id="0x1c94" sid="7316" name="Al Forat HD" type="25" provider="Nilesat" onid="2048" tsid="73" namespace="0x0dc00000" />
        <service id="0x1c85" sid="7301" name="Al Mawsleya HD" type="25" provider="Nilesat" onid="2048" tsid="73" namespace="0x0dc00000" />
        <service id="0x1c8e" sid="7310" name="Alerth-Alnbawi" type="1" provider="Nilesat" onid="2048" tsid="73" namespace="0x0dc00000" />
        <service id="0x1c89" sid="7305" name="BIN OTHAIMEEN" type="1" provider="Nilesat" onid="2048" tsid="73" namespace="0x0dc00000" />
        <service id="0x1c9b" sid="7323" name="Cartoon Network" type="22" provider="" onid="2048" tsid="73" namespace="0x0dc00000" />
        <service id="0x1c95" sid="7317" name="CNBC ARABIYA" type="25" provider="Nilesat" onid="2048" tsid="73" namespace="0x0dc00000" />
        <service id="0x1c98" sid="7320" name="CNN" type="22" provider="Nilesat" onid="2048" tsid="73" namespace="0x0dc00000" />
        <service id="0x1c8c" sid="7308" name="ELMEHWAR-HD" type="25" provider="Nilesat" onid="2048" tsid="73" namespace="0x0dc00000" />
        <service id="0x1c8a" sid="7306" name="Eriteria TV" type="1" provider="Nilesat" onid="2048" tsid="73" namespace="0x0dc00000" />
        <service id="0x1c99" sid="7321" name="ISC" type="25" provider="Nilesat" onid="2048" tsid="73" namespace="0x0dc00000" />
        <service id="0x1c91" sid="7313" name="Kaifa" type="1" provider="Nilesat" onid="2048" tsid="73" namespace="0x0dc00000" />
        <service id="0x1c88" sid="7304" name="LIBYA ALMOKHTAR" type="25" provider="Nilesat" onid="2048" tsid="73" namespace="0x0dc00000" />
        <service id="0x1c87" sid="7303" name="Libya Almustaqbal" type="25" provider="Nilesat" onid="2048" tsid="73" namespace="0x0dc00000" />
        <service id="0x1c8f" sid="7311" name="LIBYA IFTA TV" type="22" provider="Nilesat" onid="2048" tsid="73" namespace="0x0dc00000" />
        <service id="0x1c92" sid="7314" name="Misk Syria" type="22" provider="Nilesat" onid="2048" tsid="73" namespace="0x0dc00000" />
        <service id="0x1c96" sid="7318" name="Nilesat Feed" type="25" provider="Nilesat" onid="2048" tsid="73" namespace="0x0dc00000" />
        <service id="0x1c8b" sid="7307" name="Sharm TV" type="25" provider="Nilesat" onid="2048" tsid="73" namespace="0x0dc00000" />
        <service id="0x1c90" sid="7312" name="TANASUH EDUCATION TV" type="22" provider="Nilesat" onid="2048" tsid="73" namespace="0x0dc00000" />
        <service id="0x1c8d" sid="7309" name="TANASUH TV" type="22" provider="Nilesat" onid="2048" tsid="73" namespace="0x0dc00000" />
        <service id="0x1c93" sid="7315" name="Test" type="1" provider="Nilesat" onid="2048" tsid="73" namespace="0x0dc00000" />
        <service id="0x1c97" sid="7319" name="Test" type="25" provider="Nilesat" onid="2048" tsid="73" namespace="0x0dc00000" />
        <service id="0x1c9a" sid="7322" name="Test" type="1" provider="Nilesat" onid="2048" tsid="73" namespace="0x0dc00000" />
        <service id="0x1ca8" sid="7336" name="Al Basra" type="2" provider="Nilesat" onid="2048" tsid="73" namespace="0x0dc00000" radio="1" />
        <service id="0x1ca3" sid="7331" name="ERI Radio 2" type="2" provider="Nilesat" onid="2048" tsid="73" namespace="0x0dc00000" radio="1" />
        <service id="0x1ca4" sid="7332" name="ERI Radio 3" type="2" provider="Nilesat" onid="2048" tsid="73" namespace="0x0dc00000" radio="1" />
        <service id="0x1ca5" sid="7333" name="ERI Radio 4" type="2" provider="Nilesat" onid="2048" tsid="73" namespace="0x0dc00000" radio="1" />
        <service id="0x1ca2" sid="7330" name="ERI Radio1" type="2" provider="Nilesat" onid="2048" tsid="73" namespace="0x0dc00000" radio="1" />
        <service id="0x1ca7" sid="7335" name="LIBYA IFTA RADIO" type="2" provider="Nilesat" onid="2048" tsid="73" namespace="0x0dc00000" radio="1" />
        <service id="0x1ca9" sid="7337" name="Radio alomma" type="2" provider="Nilesat" onid="2048" tsid="73" namespace="0x0dc00000" radio="1" />
        <service id="0x1ca6" sid="7334" name="TANASUH RADIO" type="2" provider="Nilesat" onid="2048" tsid="73" namespace="0x0dc00000" radio="1" />
      </transponder>
    </satellite>
    <satellite key="0dc00000:004a:0800" name="Sat-8W" namespace="0x0dc00000" position="-8">
      <transponder key="0dc00000:004a:0800" frequency="11179000" symbol_rate="27500000" polarization="V" fec="4" system="0" modulation="0">
        <service id="0x1cef" sid="7407" name="AL Masryia SD" type="1" provider="" onid="2048" tsid="74" namespace="0x0dc00000" />
        <service id="0x1ceb" sid="7403" name="ALASKANDRIA" type="1" provider="Nilesat" onid="2048" tsid="74" namespace="0x0dc00000" />
        <service id="0x1cf6" sid="7414" name="ALASSEMA" type="1" provider="" onid="2048" tsid="74" namespace="0x0dc00000" />
        <service id="0x1cec" sid="7404" name="ALDELTA" type="1" provider="Libya Alaan" onid="2048" tsid="74" namespace="0x0dc00000" />
        <service id="0x1ce9" sid="7401" name="ALKAHERA" type="1" provider="Nilesat" onid="2048" tsid="74" namespace="0x0dc00000" />
        <service id="0x1cea" sid="7402" name="ALKANAL" type="1" provider="Nilesat" onid="2048" tsid="74" namespace="0x0dc00000" />
        <service id="0x1ced" sid="7405" name="ALSA3EED" type="1" provider="Nilesat" onid="2048" tsid="74" namespace="0x0dc00000" />
        <service id="0x1cf0" sid="7408" name="Diwan" type="25" provider="" onid="2048" tsid="74" namespace="0x0dc00000" />
        <service id="0x1cf2" sid="7410" name="EDUC 1" type="1" provider="" onid="2048" tsid="74" namespace="0x0dc00000" />
        <service id="0x1cf4" sid="7412" name="Learning passport SD1" type="1" provider="Nilesat" onid="2048" tsid="74" namespace="0x0dc00000" />
        <service id="0x1cf5" sid="7413" name="Learning passport SD2" type="1" provider="Nilesat" onid="2048" tsid="74" namespace="0x0dc00000" />
        <service id="0x1cf1" sid="7409" name="Madrastna 2" type="1" provider="" onid="2048" tsid="74" namespace="0x0dc00000" />
        <service id="0x1cf3" sid="7411" name="Sudan Basic Edu" type="1" provider="" onid="2048" tsid="74" namespace="0x0dc00000" />
        <service id="0x1cee" sid="7406" name="TEBA" type="1" provider="" onid="2048" tsid="74" namespace="0x0dc00000" />
        <service id="0x1cf7" sid="7415" name="Test" type="25" provider="Nilesat" onid="2048" tsid="74" namespace="0x0dc00000" />
        <service id="0x1d2e" sid="7470" name="Test" type="2" provider="Nilesat" onid="2048" tsid="74" namespace="0x0dc00000" radio="1" />
        <service id="0x1d2f" sid="7471" name="Test" type="2" provider="Nilesat" onid="2048" tsid="74" namespace="0x0dc00000" radio="1" />
        <service id="0x1d30" sid="7472" name="Test" type="2" provider="Nilesat" onid="2048" tsid="74" namespace="0x0dc00000" radio="1" />
        <service id="0x1d31" sid="7473" name="Test" type="2" provider="Nilesat" onid="2048" tsid="74" namespace="0x0dc00000" radio="1" />
      </transponder>
    </satellite>
    <satellite key="0dc00000:004b:0800" name="Sat-8W" namespace="0x0dc00000" position="-8">
      <transponder key="0dc00000:004b:0800" frequency="12729000" symbol_rate="27500000" polarization="H" fec="2" system="0" modulation="0">
        <service id="0x1d4d" sid="7501" name="Nilesat PROMO" type="25" provider="Gulfsat" onid="2048" tsid="75" namespace="0x0dc00000" />
        <service id="0x1d4f" sid="7503" name="Sky News Arabia" type="1" provider="Gulfsat" onid="2048" tsid="75" namespace="0x0dc00000" />
        <service id="0x1d4e" sid="7502" name="Sky News Arabia HD" type="25" provider="Gulfsat" onid="2048" tsid="75" namespace="0x0dc00000" />
      </transponder>
    </satellite>
    <satellite key="0dc00000:0064:077e" name="Sat-8W" namespace="0x0dc00000" position="-8">
      <transponder key="0dc00000:0064:077e" frequency="11013000" symbol_rate="27500000" polarization="H" fec="2" system="0" modulation="0">
        <service id="0x07d1" sid="2001" name="beIN SPORTS 1" type="25" provider="beIN SPORTS" onid="1918" tsid="100" namespace="0x0dc00000" />
        <service id="0x07d2" sid="2002" name="beIN SPORTS 2" type="25" provider="beIN SPORTS" onid="1918" tsid="100" namespace="0x0dc00000" />
        <service id="0x07d3" sid="2003" name="beIN SPORTS 3" type="25" provider="beIN SPORTS" onid="1918" tsid="100" namespace="0x0dc00000" />
        <service id="0x07d4" sid="2004" name="beIN SPORTS 5" type="25" provider="beIN SPORTS" onid="1918" tsid="100" namespace="0x0dc00000" />
        <service id="0x07d6" sid="2006" name="beIN SPORTS MAX 2" type="25" provider="beIN SPORTS" onid="1918" tsid="100" namespace="0x0dc00000" />
        <service id="0x07d7" sid="2007" name="beIN SPORTS MAX 2" type="25" provider="beIN" onid="1918" tsid="100" namespace="0x0dc00000" />
        <service id="0x07d5" sid="2005" name="beIN SPORTS MAX 3" type="25" provider="beIN SPORTS" onid="1918" tsid="100" namespace="0x0dc00000" />
        <service id="0x07d8" sid="2008" name="beIN SPORTS XTRA 5" type="25" provider="beIN" onid="1918" tsid="100" namespace="0x0dc00000" />
        <service id="0x07d9" sid="2009" name="beIN SPORTS XTRA 7" type="25" provider="beIN" onid="1918" tsid="100" namespace="0x0dc00000" />
      </transponder>
    </satellite>
    <satellite key="0dc00000:00c8:077e" name="Sat-8W" namespace="0x0dc00000" position="-8">
      <transponder key="0dc00000:00c8:077e" frequency="11054000" symbol_rate="27500000" polarization="H" fec="2" system="0" modulation="0">
        <service id="0x083a" sid="2106" name="beIN SPORTS" type="25" provider="beIN SPORTS" onid="1918" tsid="200" namespace="0x0dc00000" />
        <service id="0x0158" sid="344" name="beIN SPORTS 4" type="25" provider="beIN SPORTS" onid="1918" tsid="200" namespace="0x0dc00000" />
        <service id="0x0157" sid="343" name="beIN SPORTS 6" type="25" provider="beIN SPORTS" onid="1918" tsid="200" namespace="0x0dc00000" />
        <service id="0x015b" sid="347" name="beIN SPORTS 7" type="25" provider="beIN SPORTS" onid="1918" tsid="200" namespace="0x0dc00000" />
        <service id="0x0159" sid="345" name="beIN SPORTS 8" type="25" provider="beIN SPORTS" onid="1918" tsid="200" namespace="0x0dc00000" />
        <service id="0x015a" sid="346" name="beIN SPORTS XTRA 3" type="25" provider="beIN SPORTS" onid="1918" tsid="200" namespace="0x0dc00000" />
      </transponder>
    </satellite>
    <satellite key="0dc00000:0190:5000" name="Sat-8W" namespace="0x0dc00000" position="-8">
      <transponder key="0dc00000:0190:5000" frequency="11564000" symbol_rate="27500000" polarization="H" fec="3" system="0" modulation="0">
        <service id="0x178e" sid="6030" name="Ali Gate TV" type="22" provider="MY TV" onid="20480" tsid="400" namespace="0x0dc00000" />
        <service id="0x182e" sid="6190" name="ALLIBIYA TV" type="25" provider="MY TV" onid="20480" tsid="400" namespace="0x0dc00000" />
        <service id="0x18d8" sid="6360" name="Awdeh HD" type="25" provider="MY TV" onid="20480" tsid="400" namespace="0x0dc00000" />
        <service id="0x17e8" sid="6120" name="Baghdad TV" type="22" provider="MY TV" onid="20480" tsid="400" namespace="0x0dc00000" />
        <service id="0x17ca" sid="6090" name="Bahrain International HD" type="25" provider="MY TV" onid="20480" tsid="400" namespace="0x0dc00000" />
        <service id="0x17c0" sid="6080" name="Bahrain TV HD" type="25" provider="MY TV" onid="20480" tsid="400" namespace="0x0dc00000" />
        <service id="0x186a" sid="6250" name="ESAN TV" type="22" provider="MY TV" onid="20480" tsid="400" namespace="0x0dc00000" />
        <service id="0x177a" sid="6010" name="Gali Kurdistan HD" type="25" provider="MY TV" onid="20480" tsid="400" namespace="0x0dc00000" />
        <service id="0x02f8" sid="760" name="Huda TV" type="1" provider="MY TV" onid="20480" tsid="400" namespace="0x0dc00000" />
        <service id="0x06f8" sid="1784" name="Kirkuk TV HD" type="25" provider="MY TV" onid="20480" tsid="400" namespace="0x0dc00000" />
        <service id="0x189c" sid="6300" name="Libya Al Maydan TV" type="22" provider="MY TV" onid="20480" tsid="400" namespace="0x0dc00000" />
        <service id="0x02dc" sid="732" name="Libya Government TV" type="25" provider="MY TV" onid="20480" tsid="400" namespace="0x0dc00000" />
        <service id="0x18b0" sid="6320" name="MUSAWA HD" type="25" provider="MY TV" onid="20480" tsid="400" namespace="0x0dc00000" />
        <service id="0x17b6" sid="6070" name="NEW LIBYA" type="22" provider="MY TV" onid="20480" tsid="400" namespace="0x0dc00000" />
        <service id="0x18ce" sid="6350" name="Palestine EDU" type="25" provider="MY TV" onid="20480" tsid="400" namespace="0x0dc00000" />
        <service id="0x18a6" sid="6310" name="Palestine HD" type="25" provider="MY TV" onid="20480" tsid="400" namespace="0x0dc00000" />
        <service id="0x18ba" sid="6330" name="Palestine Live HD" type="25" provider="MY TV" onid="20480" tsid="400" namespace="0x0dc00000" />
        <service id="0x18c4" sid="6340" name="Palestine News HD" type="25" provider="MY TV" onid="20480" tsid="400" namespace="0x0dc00000" />
        <service id="0x17d4" sid="6100" name="Test" type="22" provider="MY TV" onid="20480" tsid="400" namespace="0x0dc00000" />
        <service id="0x187e" sid="6270" name="TRT World HD" type="25" provider="MY TV" onid="20480" tsid="400" namespace="0x0dc00000" />
        <service id="0x18e2" sid="6370" name="Voice of Palestine HD" type="25" provider="MY TV" onid="20480" tsid="400" namespace="0x0dc00000" />
        <service id="0x17de" sid="6110" name="Radio WAL" type="10" provider="MY TV" onid="20480" tsid="400" namespace="0x0dc00000" radio="1" />
      </transponder>
    </satellite>
    <satellite key="0dc00000:01bc:0001" name="Sat-8W" namespace="0x0dc00000" position="-8">
      <transponder key="0dc00000:01bc:0001" frequency="12620000" symbol_rate="890000" polarization="V" fec="1" system="0" modulation="0">
        <service id="0x00c0" sid="192" name="Bel RTL" type="2" provider="Radio Contact" onid="1" tsid="444" namespace="0x0dc00000" radio="1" />
        <service id="0x00bf" sid="191" name="MAXIMUM" type="2" provider="Radio Contact" onid="1" tsid="444" namespace="0x0dc00000" radio="1" />
        <service id="0x00be" sid="190" name="Radio Contact FR" type="2" provider="Radio Contact" onid="1" tsid="444" namespace="0x0dc00000" radio="1" />
      </transponder>
    </satellite>
    <satellite key="0dc00000:01f4:5000" name="Sat-8W" namespace="0x0dc00000" position="-8">
      <transponder key="0dc00000:01f4:5000" frequency="10727000" symbol_rate="27500000" polarization="H" fec="5" system="0" modulation="0">
        <service id="0x12ac" sid="4780" name="AL BAHRANY TV" type="25" provider="Gulfsat" onid="20480" tsid="500" namespace="0x0dc00000" />
        <service id="0x12b6" sid="4790" name="Al Huriya Yamin TV" type="1" provider="Gulfsat" onid="20480" tsid="500" namespace="0x0dc00000" />
        <service id="0x137e" sid="4990" name="Al Kout TV" type="25" provider="Gulfsat" onid="20480" tsid="500" namespace="0x0dc00000" />
        <service id="0x06b8" sid="1720" name="AL MALAKOOT SATÃTHE KINGDOM SAT" type="1" provider="Gulfsat" onid="20480" tsid="500" namespace="0x0dc00000" />
        <service id="0x054c" sid="1356" name="Al shirazioun" type="25" provider="Gulfsat" onid="20480" tsid="500" namespace="0x0dc00000" />
        <service id="0x134c" sid="4940" name="Al-askari TV" type="25" provider="Gulfsat" onid="20480" tsid="500" namespace="0x0dc00000" />
        <service id="0x078c" sid="1932" name="Al-Awhad TV" type="25" provider="Gulfsat" onid="20480" tsid="500" namespace="0x0dc00000" />
        <service id="0x053a" sid="1338" name="Al-Jawad TV" type="25" provider="Gulfsat" onid="20480" tsid="500" namespace="0x0dc00000" />
        <service id="0x053e" sid="1342" name="ALBASRA 1 TV" type="25" provider="Gulfsat" onid="20480" tsid="500" namespace="0x0dc00000" />
        <service id="0x12c0" sid="4800" name="Alnajaf Alashraf tv" type="25" provider="Gulfsat" onid="20480" tsid="500" namespace="0x0dc00000" />
        <service id="0x173e" sid="5950" name="ALWAQIE TV HD" type="25" provider="Gulfsat" onid="20480" tsid="500" namespace="0x0dc00000" />
        <service id="0x127a" sid="4730" name="Asil TV" type="1" provider="Gulfsat" onid="20480" tsid="500" namespace="0x0dc00000" />
        <service id="0x06c6" sid="1734" name="France 24 (in Arabic)" type="1" provider="Gulfsat" onid="20480" tsid="500" namespace="0x0dc00000" />
        <service id="0x12fc" sid="4860" name="G+" type="1" provider="Gulfsat" onid="20480" tsid="500" namespace="0x0dc00000" />
        <service id="0x12f2" sid="4850" name="Kidsy TV" type="1" provider="Gulfsat" onid="20480" tsid="500" namespace="0x0dc00000" />
        <service id="0x056c" sid="1388" name="MASSAYA TV" type="1" provider="Gulfsat" onid="20480" tsid="500" namespace="0x0dc00000" />
        <service id="0x132e" sid="4910" name="Palestine" type="1" provider="Gulfsat" onid="20480" tsid="500" namespace="0x0dc00000" />
        <service id="0x052c" sid="1324" name="Saout alaqila" type="25" provider="Gulfsat" onid="20480" tsid="500" namespace="0x0dc00000" />
        <service id="0x06d4" sid="1748" name="Test" type="25" provider="Gulfsat" onid="20480" tsid="500" namespace="0x0dc00000" />
        <service id="0x128e" sid="4750" name="UTV Iraq" type="1" provider="Gulfsat" onid="20480" tsid="500" namespace="0x0dc00000" />
        <service id="0x01f8" sid="504" name="WAAR HD" type="25" provider="Gulfsat" onid="20480" tsid="500" namespace="0x0dc00000" />
        <service id="0x1f54" sid="8020" name="al kafeel" type="2" provider="Gulfsat" onid="20480" tsid="500" namespace="0x0dc00000" radio="1" />
        <service id="0x172a" sid="5930" name="MCD Radio" type="2" provider="Gulfsat" onid="20480" tsid="500" namespace="0x0dc00000" radio="1" />
      </transponder>
    </satellite>
    <satellite key="0dc00000:0208:02be" name="Sat-8W" namespace="0x0dc00000" position="-8">
      <transponder key="0dc00000:0208:02be" frequency="11013000" symbol_rate="27500000" polarization="V" fec="4" system="0" modulation="0">
        <service id="0x0005" sid="5" name="Al Wousta from Al Dhaid HD" type="25" provider="SBA" onid="702" tsid="520" namespace="0x0dc00000" />
        <service id="0x0001" sid="1" name="Sharjah HD" type="25" provider="SBA" onid="702" tsid="520" namespace="0x0dc00000" />
        <service id="0x0008" sid="8" name="Sharjah Quran TV" type="25" provider="SBA" onid="702" tsid="520" namespace="0x0dc00000" />
        <service id="0x0002" sid="2" name="Sharjah SD" type="1" provider="SBA" onid="702" tsid="520" namespace="0x0dc00000" />
        <service id="0x0006" sid="6" name="Sharjah Sport HD" type="25" provider="SBA" onid="702" tsid="520" namespace="0x0dc00000" />
        <service id="0x0007" sid="7" name="Sharjah Sport SD" type="1" provider="SBA" onid="702" tsid="520" namespace="0x0dc00000" />
        <service id="0x0003" sid="3" name="Sharqiya from Kalba HD" type="25" provider="SBA" onid="702" tsid="520" namespace="0x0dc00000" />
        <service id="0x000b" sid="11" name="Pulse95 SHJ" type="10" provider="SBA" onid="702" tsid="520" namespace="0x0dc00000" radio="1" />
        <service id="0x000a" sid="10" name="Sharjah Quran" type="10" provider="SBA" onid="702" tsid="520" namespace="0x0dc00000" radio="1" />
        <service id="0x0009" sid="9" name="Sharjah Radio" type="10" provider="SBA" onid="702" tsid="520" namespace="0x0dc00000" radio="1" />
        <service id="0x000c" sid="12" name="WATAR SHJ" type="10" provider="SBA" onid="702" tsid="520" namespace="0x0dc00000" radio="1" />
      </transponder>
    </satellite>
    <satellite key="0dc00000:0320:5000" name="Sat-8W" namespace="0x0dc00000" position="-8">
      <transponder key="0dc00000:0320:5000" frequency="10971000" symbol_rate="27500000" polarization="H" fec="5" system="0" modulation="0">
        <service id="0x14d2" sid="5330" name="1 Baghdad" type="25" provider="MY TV" onid="20480" tsid="800" namespace="0x0dc00000" />
        <service id="0x05a6" sid="1446" name="AL ARABY TV" type="1" provider="MY TV" onid="20480" tsid="800" namespace="0x0dc00000" />
        <service id="0x05aa" sid="1450" name="Al Hiwar TV" type="25" provider="MY TV" onid="20480" tsid="800" namespace="0x0dc00000" />
        <service id="0x154a" sid="5450" name="Al-Aqila TV" type="1" provider="MY TV" onid="20480" tsid="800" namespace="0x0dc00000" />
        <service id="0x069e" sid="1694" name="Al-Shaaer TV" type="25" provider="MY TV" onid="20480" tsid="800" namespace="0x0dc00000" />
        <service id="0x068c" sid="1676" name="Alanwar TV" type="25" provider="MY TV" onid="20480" tsid="800" namespace="0x0dc00000" />
        <service id="0x05d8" sid="1496" name="Alawla Iraq TV" type="25" provider="MY TV" onid="20480" tsid="800" namespace="0x0dc00000" />
        <service id="0x169e" sid="5790" name="Albaghdadiya" type="25" provider="MY TV" onid="20480" tsid="800" namespace="0x0dc00000" />
        <service id="0x146e" sid="5230" name="ALKARBALAEIA TV" type="25" provider="MY TV" onid="20480" tsid="800" namespace="0x0dc00000" />
        <service id="0x05b8" sid="1464" name="ALSHOOR TV" type="25" provider="MY TV" onid="20480" tsid="800" namespace="0x0dc00000" />
        <service id="0x0278" sid="632" name="Dream Al Wan" type="1" provider="MY TV" onid="20480" tsid="800" namespace="0x0dc00000" />
        <service id="0x148c" sid="5260" name="Dream Al Youm" type="1" provider="MY TV" onid="20480" tsid="800" namespace="0x0dc00000" />
        <service id="0x05c6" sid="1478" name="Dream Cinema" type="1" provider="MY TV" onid="20480" tsid="800" namespace="0x0dc00000" />
        <service id="0x157c" sid="5500" name="Dream Monawaet" type="1" provider="MY TV" onid="20480" tsid="800" namespace="0x0dc00000" />
        <service id="0x065e" sid="1630" name="Falastini.tv" type="1" provider="MY TV" onid="20480" tsid="800" namespace="0x0dc00000" />
        <service id="0x14c8" sid="5320" name="G+" type="1" provider="MY TV" onid="20480" tsid="800" namespace="0x0dc00000" />
        <service id="0x02b2" sid="690" name="Hala Arabia" type="25" provider="MY TV" onid="20480" tsid="800" namespace="0x0dc00000" />
        <service id="0x05ca" sid="1482" name="MarjaeyatTV 2 HD" type="25" provider="MY TV" onid="20480" tsid="800" namespace="0x0dc00000" />
        <service id="0x14aa" sid="5290" name="SALAM" type="25" provider="MY TV" onid="20480" tsid="800" namespace="0x0dc00000" />
        <service id="0x145a" sid="5210" name="Syria TV" type="1" provider="MY TV" onid="20480" tsid="800" namespace="0x0dc00000" />
      </transponder>
    </satellite>
    <satellite key="0dc00000:0384:5000" name="Sat-8W" namespace="0x0dc00000" position="-8">
      <transponder key="0dc00000:0384:5000" frequency="12645000" symbol_rate="27500000" polarization="H" fec="5" system="0" modulation="0">
        <service id="0x0ed8" sid="3800" name="AL ARABY TV HD" type="1" provider="Gulfsat" onid="20480" tsid="900" namespace="0x0dc00000" />
        <service id="0x0f0a" sid="3850" name="AL KERAZA TV" type="1" provider="Gulfsat" onid="20480" tsid="900" namespace="0x0dc00000" />
        <service id="0x0d2a" sid="3370" name="Awdeh" type="1" provider="PALSAT" onid="20480" tsid="900" namespace="0x0dc00000" />
        <service id="0x0f00" sid="3840" name="Elfadjer drama Dz" type="25" provider="Gulfsat" onid="20480" tsid="900" namespace="0x0dc00000" />
        <service id="0x0f32" sid="3890" name="Gulfsat" type="22" provider="Gulfsat" onid="20480" tsid="900" namespace="0x0dc00000" />
        <service id="0x0cf8" sid="3320" name="Maan TV" type="1" provider="Palsat" onid="20480" tsid="900" namespace="0x0dc00000" />
        <service id="0x0eec" sid="3820" name="Moga Cinema" type="1" provider="Gulfsat" onid="20480" tsid="900" namespace="0x0dc00000" />
        <service id="0x0f1e" sid="3870" name="Moga Comedy TV" type="1" provider="Gulfsat" onid="20480" tsid="900" namespace="0x0dc00000" />
        <service id="0x0ef6" sid="3830" name="Moga Drama" type="1" provider="Gulfsat" onid="20480" tsid="900" namespace="0x0dc00000" />
        <service id="0x0f28" sid="3880" name="Moga Today" type="1" provider="Gulfsat" onid="20480" tsid="900" namespace="0x0dc00000" />
        <service id="0x0ba4" sid="2980" name="MUSAWA" type="1" provider="Palsat" onid="20480" tsid="900" namespace="0x0dc00000" />
        <service id="0x0d16" sid="3350" name="Palestine" type="1" provider="Palsat" onid="20480" tsid="900" namespace="0x0dc00000" />
        <service id="0x0d02" sid="3330" name="Palestine Live" type="1" provider="Palsat" onid="20480" tsid="900" namespace="0x0dc00000" />
        <service id="0x0bae" sid="2990" name="Palestine News" type="1" provider="Palsat" onid="20480" tsid="900" namespace="0x0dc00000" />
        <service id="0x0d66" sid="3430" name="Palestine Sport" type="25" provider="Palsat" onid="20480" tsid="900" namespace="0x0dc00000" />
        <service id="0x0f3c" sid="3900" name="PLAY AFLAM" type="1" provider="Gulfsat" onid="20480" tsid="900" namespace="0x0dc00000" />
        <service id="0x0f46" sid="3910" name="PLAY CINEMA" type="1" provider="Gulfsat" onid="20480" tsid="900" namespace="0x0dc00000" />
        <service id="0x0f50" sid="3920" name="PLAY DRAMA" type="1" provider="Gulfsat" onid="20480" tsid="900" namespace="0x0dc00000" />
        <service id="0x0f5a" sid="3930" name="PLAY HEKAYAT" type="1" provider="Gulfsat" onid="20480" tsid="900" namespace="0x0dc00000" />
        <service id="0x0f64" sid="3940" name="PLAY TODAY" type="1" provider="Gulfsat" onid="20480" tsid="900" namespace="0x0dc00000" />
        <service id="0x138e" sid="5006" name="Athan Tulkarem" type="10" provider="Palsat" onid="20480" tsid="900" namespace="0x0dc00000" radio="1" />
        <service id="0x138d" sid="5005" name="Nablus Radio" type="10" provider="Palsat" onid="20480" tsid="900" namespace="0x0dc00000" radio="1" />
        <service id="0x138c" sid="5004" name="Pal Quraan 2" type="10" provider="Palsat" onid="20480" tsid="900" namespace="0x0dc00000" radio="1" />
        <service id="0x138b" sid="5003" name="Palestine Quraan" type="10" provider="Palsat" onid="20480" tsid="900" namespace="0x0dc00000" radio="1" />
        <service id="0x056d" sid="1389" name="Voice of Palestine" type="10" provider="Palsat" onid="20480" tsid="900" namespace="0x0dc00000" radio="1" />
      </transponder>
    </satellite>
    <satellite key="0dc00000:0d48:00eb" name="Sat-8W" namespace="0x0dc00000" position="-8">
      <transponder key="0dc00000:0d48:00eb" frequency="12582000" symbol_rate="2222000" polarization="V" fec="1" system="0" modulation="0">
        <service id="0x0001" sid="1" name="MARQUEUR" type="1" provider="Globecast" onid="235" tsid="3400" namespace="0x0dc00000" />
      </transponder>
    </satellite>
    <satellite key="0dc00000:4ee8:077e" name="Sat-8W" namespace="0x0dc00000" position="-8">
      <transponder key="0dc00000:4ee8:077e" frequency="10971000" symbol_rate="27500000" polarization="V" fec="3" system="0" modulation="0">
        <service id="0x00bf" sid="191" name="Al Jazeera" type="1" provider="Al Jazeera" onid="1918" tsid="20200" namespace="0x0dc00000" />
        <service id="0x00c2" sid="194" name="Al Jazeera Documentary" type="1" provider="Al Jazeera" onid="1918" tsid="20200" namespace="0x0dc00000" />
        <service id="0x00c1" sid="193" name="Al Jazeera English" type="1" provider="Al Jazeera" onid="1918" tsid="20200" namespace="0x0dc00000" />
        <service id="0x00c0" sid="192" name="Al Jazeera Mubasher" type="1" provider="Al Jazeera" onid="1918" tsid="20200" namespace="0x0dc00000" />
        <service id="0x00c3" sid="195" name="Al Jazeera Mubasher 2" type="1" provider="Al Jazeera" onid="1918" tsid="20200" namespace="0x0dc00000" />
        <service id="0x00c4" sid="196" name="TEST" type="1" provider="Al Jazeera" onid="1918" tsid="20200" namespace="0x0dc00000" />
        <service id="0x019b" sid="411" name="Sout Al Rayyan" type="2" provider="Al Jazeera" onid="1918" tsid="20200" namespace="0x0dc00000" radio="1" />
        <service id="0x019c" sid="412" name="Sout Al-Islam Doha" type="2" provider="Al Jazeera" onid="1918" tsid="20200" namespace="0x0dc00000" radio="1" />
      </transponder>
    </satellite>
    <satellite key="0dc00000:7594:077e" name="Sat-8W" namespace="0x0dc00000" position="-8">
      <transponder key="0dc00000:7594:077e" frequency="11054000" symbol_rate="27500000" polarization="V" fec="2" system="0" modulation="0">
        <service id="0x044e" sid="1102" name="AL-AKHBAR" type="25" provider="MOI" onid="1918" tsid="30100" namespace="0x0dc00000" />
        <service id="0x01c3" sid="451" name="Kuwait Sport Plus" type="25" provider="MOI" onid="1918" tsid="30100" namespace="0x0dc00000" />
        <service id="0x01c2" sid="450" name="Kuwait Sports" type="25" provider="MOI" onid="1918" tsid="30100" namespace="0x0dc00000" />
        <service id="0x044d" sid="1101" name="Kuwait TV 1" type="25" provider="MOI" onid="1918" tsid="30100" namespace="0x0dc00000" />
        <service id="0x044f" sid="1103" name="Kuwait TV 2" type="25" provider="MOI" onid="1918" tsid="30100" namespace="0x0dc00000" />
        <service id="0x000e" sid="14" name="Kuwait Al-Thikr Al-Hakeem" type="2" provider="Kuwait Radio" onid="1918" tsid="30100" namespace="0x0dc00000" radio="1" />
        <service id="0x000d" sid="13" name="Kuwait Dana" type="2" provider="Kuwait Radio" onid="1918" tsid="30100" namespace="0x0dc00000" radio="1" />
        <service id="0x000c" sid="12" name="Kuwait Dar Al-Ethaa" type="2" provider="Kuwait Radio" onid="1918" tsid="30100" namespace="0x0dc00000" radio="1" />
        <service id="0x000f" sid="15" name="Kuwait FM" type="2" provider="Kuwait Radio" onid="1918" tsid="30100" namespace="0x0dc00000" radio="1" />
        <service id="0x000b" sid="11" name="Kuwait Old Arabic" type="2" provider="Kuwait Radio" onid="1918" tsid="30100" namespace="0x0dc00000" radio="1" />
        <service id="0x000a" sid="10" name="Kuwait Super Station" type="2" provider="Kuwait Radio" onid="1918" tsid="30100" namespace="0x0dc00000" radio="1" />
      </transponder>
    </satellite>
    <satellite key="0dc00000:eac4:077e" name="Sat-8W" namespace="0x0dc00000" position="-8">
      <transponder key="0dc00000:eac4:077e" frequency="12521000" symbol_rate="27500000" polarization="H" fec="2" system="0" modulation="0">
        <service id="0x01f8" sid="504" name="Al Jazeera Documentary HD" type="25" provider="Al Jazeera" onid="1918" tsid="60100" namespace="0x0dc00000" />
        <service id="0x01f7" sid="503" name="Al Jazeera English HD" type="25" provider="Al Jazeera" onid="1918" tsid="60100" namespace="0x0dc00000" />
        <service id="0x01f5" sid="501" name="Al Jazeera HD" type="25" provider="Al Jazeera" onid="1918" tsid="60100" namespace="0x0dc00000" />
        <service id="0x01f9" sid="505" name="Al Jazeera Mubasher 2 HD" type="25" provider="Al Jazeera" onid="1918" tsid="60100" namespace="0x0dc00000" />
        <service id="0x01f6" sid="502" name="Al Jazeera Mubasher HD" type="25" provider="Al Jazeera" onid="1918" tsid="60100" namespace="0x0dc00000" />
        <service id="0x01ff" sid="511" name="Al Rayyan Al Qadeem HD" type="25" provider="Al Jazeera" onid="1918" tsid="60100" namespace="0x0dc00000" />
        <service id="0x01fe" sid="510" name="Al Rayyan HD" type="25" provider="Al Jazeera" onid="1918" tsid="60100" namespace="0x0dc00000" />
      </transponder>
    </satellite>
    <satellite key="0dc00000:ffdc:0001" name="Sat-8W" namespace="0x0dc00000" position="-8">
      <transponder key="0dc00000:ffdc:0001" frequency="12687000" symbol_rate="27500000" polarization="H" fec="5" system="0" modulation="0">
        <service id="0x05be" sid="1470" name="Al Shams" type="1" provider="MENASAT" onid="1" tsid="65500" namespace="0x0dc00000" />
        <service id="0x029c" sid="668" name="AlQanat 9" type="1" provider="MENASAT" onid="1" tsid="65500" namespace="0x0dc00000" />
        <service id="0x064a" sid="1610" name="AlShaoub TV" type="25" provider="MENASAT" onid="1" tsid="65500" namespace="0x0dc00000" />
        <service id="0x05c8" sid="1480" name="Alyaum TV" type="25" provider="MENASAT" onid="1" tsid="65500" namespace="0x0dc00000" />
        <service id="0x0118" sid="280" name="Anewz" type="1" provider="IKOMG" onid="1" tsid="65500" namespace="0x0dc00000" />
        <service id="0x02a0" sid="672" name="CTV EGYPT" type="1" provider="MENASAT" onid="1" tsid="65500" namespace="0x0dc00000" />
        <service id="0x00fe" sid="254" name="El Sharq TV" type="1" provider="MENASAT" onid="1" tsid="65500" namespace="0x0dc00000" />
        <service id="0x027c" sid="636" name="ERISAT" type="1" provider="MENASAT" onid="1" tsid="65500" namespace="0x0dc00000" />
        <service id="0x026e" sid="622" name="i24 News Arabic" type="1" provider="MENASAT" onid="1" tsid="65500" namespace="0x0dc00000" />
        <service id="0x05aa" sid="1450" name="Mekameleen TV" type="1" provider="MENASAT" onid="1" tsid="65500" namespace="0x0dc00000" />
        <service id="0x05e6" sid="1510" name="NUCE TV" type="1" provider="MENASAT" onid="1" tsid="65500" namespace="0x0dc00000" />
        <service id="0x067c" sid="1660" name="RUDAW" type="1" provider="MENASAT" onid="1" tsid="65500" namespace="0x0dc00000" />
        <service id="0x025c" sid="604" name="WATAN TV" type="1" provider="MENASAT" onid="1" tsid="65500" namespace="0x0dc00000" />
        <service id="0x05b4" sid="1460" name="Yemen Education" type="1" provider="MENASAT" onid="1" tsid="65500" namespace="0x0dc00000" />
        <service id="0x065e" sid="1630" name="Radio 21 September" type="2" provider="MENASAT" onid="1" tsid="65500" namespace="0x0dc00000" radio="1" />
        <service id="0x02b2" sid="690" name="ROJAVA FM" type="2" provider="MENASAT" onid="1" tsid="65500" namespace="0x0dc00000" radio="1" />
      </transponder>
    </satellite>
    <satellite key="0dc02b58:0008:ffff" name="Sat-8W" namespace="0x0dc02b58" position="-8">
      <transponder key="0dc02b58:0008:ffff" frequency="11096000" symbol_rate="27500000" polarization="H" fec="5" system="0" modulation="0">
        <service id="0x0004" sid="4" name="Al Sahat" type="1" provider="ViewMedia" onid="65535" tsid="8" namespace="0x0dc02b58" />
        <service id="0x0006" sid="6" name="ALHAWYAH TV" type="1" provider="ViewMedia" onid="65535" tsid="8" namespace="0x0dc02b58" />
        <service id="0x0002" sid="2" name="Alkarma ME 1" type="1" provider="ViewMedia" onid="65535" tsid="8" namespace="0x0dc02b58" />
        <service id="0x000f" sid="15" name="ALLAHDAH TV" type="1" provider="ViewMedia" onid="65535" tsid="8" namespace="0x0dc02b58" />
        <service id="0x000a" sid="10" name="Almasirah Mubashar" type="1" provider="ViewMedia" onid="65535" tsid="8" namespace="0x0dc02b58" />
        <service id="0x000e" sid="14" name="ALMASIRAH TV" type="1" provider="ViewMedia" onid="65535" tsid="8" namespace="0x0dc02b58" />
        <service id="0x0008" sid="8" name="GFN Soccer" type="1" provider="ViewMedia" onid="65535" tsid="8" namespace="0x0dc02b58" />
        <service id="0x0011" sid="17" name="Iraq Future" type="1" provider="ViewMedia" onid="65535" tsid="8" namespace="0x0dc02b58" />
        <service id="0x001c" sid="28" name="Libya WTV HD" type="25" provider="ViewMedia" onid="65535" tsid="8" namespace="0x0dc02b58" />
        <service id="0x000b" sid="11" name="Logos TV" type="1" provider="ViewMedia" onid="65535" tsid="8" namespace="0x0dc02b58" />
        <service id="0x0001" sid="1" name="Loveworld Arabic" type="1" provider="ViewMedia" onid="65535" tsid="8" namespace="0x0dc02b58" />
        <service id="0x0005" sid="5" name="Mahdi has appeared TV" type="1" provider="ViewMedia" onid="65535" tsid="8" namespace="0x0dc02b58" />
        <service id="0x000c" sid="12" name="Misr ElBald" type="1" provider="ViewMedia" onid="65535" tsid="8" namespace="0x0dc02b58" />
        <service id="0x002c" sid="44" name="Nour Al Sharq" type="1" provider="ViewMedia" onid="65535" tsid="8" namespace="0x0dc02b58" />
        <service id="0x002d" sid="45" name="Nour Koddass" type="1" provider="ViewMedia" onid="65535" tsid="8" namespace="0x0dc02b58" />
        <service id="0x001a" sid="26" name="Nour Mariam" type="1" provider="ViewMedia" onid="65535" tsid="8" namespace="0x0dc02b58" />
        <service id="0x0003" sid="3" name="SALVATION TV MENA" type="1" provider="ViewMedia" onid="65535" tsid="8" namespace="0x0dc02b58" />
        <service id="0x0007" sid="7" name="Yemen TV HD" type="25" provider="ViewMedia" onid="65535" tsid="8" namespace="0x0dc02b58" />
        <service id="0x001f" sid="31" name="Radio Sawt El Shaa" type="2" provider="ViewMedia" onid="65535" tsid="8" namespace="0x0dc02b58" radio="1" />
        <service id="0x0014" sid="20" name="Yemen Radio" type="2" provider="ViewMedia" onid="65535" tsid="8" namespace="0x0dc02b58" radio="1" />
      </transponder>
    </satellite>
    <satellite key="0dc0b14d:0001:0001" name="Sat-8W" namespace="0x0dc0b14d" position="-8">
      <transponder key="0dc0b14d:0001:0001" frequency="12621000" symbol_rate="468000" polarization="V" fec="3" system="0" modulation="0">
        <service id="0x03e8" sid="1000" name="Radio1" type="2" provider="Hitwest" onid="1" tsid="1" namespace="0x0dc0b14d" radio="1" />
        <service id="0x07d0" sid="2000" name="Radio2" type="2" provider="Hitwest" onid="1" tsid="1" namespace="0x0dc0b14d" radio="1" />
      </transponder>
    </satellite>
  </satellites>
</zapit>
