<?xml version='1.0' encoding='utf-8'?>
<zapit api="4">
  <terrestrials>
    <terrestrial key="eeee0000:10e1:217c" name="COELMEDIA" namespace="0xeeee0000">
      <transponder key="eeee0000:10e1:217c" frequency="634000000" symbol_rate="0" polarization="H" fec="5" system="0" modulation="4">
        <service id="0x03ee" sid="1006" name="CANALE ITALIA" type="1" provider="Canale Italia" onid="8572" tsid="4321" namespace="0xeeee0000" />
        <service id="0x03ef" sid="1007" name="CANALE ITALIA Piemonte" type="1" provider="Canale Italia" onid="8572" tsid="4321" namespace="0xeeee0000" />
        <service id="0x03f3" sid="1011" name="GRP TV" type="22" provider="In Aria!" onid="8572" tsid="4321" namespace="0xeeee0000" />
        <service id="0x03f7" sid="1015" name="Motori TV" type="25" provider="Motori TV" onid="8572" tsid="4321" namespace="0xeeee0000" />
        <service id="0x03f6" sid="1014" name="Onda Novara Tv" type="22" provider="Global" onid="8572" tsid="4321" namespace="0xeeee0000" />
        <service id="0x040a" sid="1034" name="Onda Novara Tv" type="25" provider="Global" onid="8572" tsid="4321" namespace="0xeeee0000" />
        <service id="0x03ed" sid="1005" name="Primantenna" type="25" provider="Primantenna" onid="8572" tsid="4321" namespace="0xeeee0000" />
        <service id="0x03f2" sid="1010" name="RETE 7 HD" type="25" provider="RETE 7" onid="8572" tsid="4321" namespace="0xeeee0000" />
        <service id="0x03eb" sid="1003" name="Sesta Rete" type="22" provider="Global" onid="8572" tsid="4321" namespace="0xeeee0000" />
        <service id="0x03f0" sid="1008" name="Telecity Piemonte" type="1" provider="In Aria!" onid="8572" tsid="4321" namespace="0xeeee0000" />
        <service id="0x040c" sid="1036" name="Telecity Piemonte" type="1" provider="In Aria!" onid="8572" tsid="4321" namespace="0xeeee0000" />
        <service id="0x03ec" sid="1004" name="TELECUPOLE" type="25" provider="TELECUPOLE-TLT" onid="8572" tsid="4321" namespace="0xeeee0000" />
        <service id="0x03e9" sid="1001" name="TopCalcio24 HD" type="25" provider="" onid="8572" tsid="4321" namespace="0xeeee0000" />
        <service id="0x03f1" sid="1009" name="VALENZA TV" type="22" provider="VALENZA TV" onid="8572" tsid="4321" namespace="0xeeee0000" />
        <service id="0x040d" sid="1037" name="VALENZA TV" type="22" provider="VALENZA TV" onid="8572" tsid="4321" namespace="0xeeee0000" />
        <service id="0x00c6" sid="198" name="VCO AZZURRA TV" type="1" provider="VCO AZZURRA TV" onid="8572" tsid="4321" namespace="0xeeee0000" />
        <service id="0x03f4" sid="1012" name="VCO AZZURRA TV" type="1" provider="COELMEDIA" onid="8572" tsid="4321" namespace="0xeeee0000" />
        <service id="0x03ea" sid="1002" name="VideoGruppo" type="25" provider="MEDIAPASON" onid="8572" tsid="4321" namespace="0xeeee0000" />
        <service id="0x00c7" sid="199" name="VIDEONOVARA" type="1" provider="COELMEDIA" onid="8572" tsid="4321" namespace="0xeeee0000" />
        <service id="0x03f5" sid="1013" name="VIDEONOVARA" type="1" provider="COELMEDIA" onid="8572" tsid="4321" namespace="0xeeee0000" />
      </transponder>
    </terrestrial>
  </terrestrials>
</zapit>
