<?xml version='1.0' encoding='utf-8'?>
<zapit api="4">
  <terrestrials>
    <terrestrial key="eeee0000:47d0:217c" name="Canale-Italia" namespace="0xeeee0000">
      <transponder key="eeee0000:47d0:217c" frequency="522000000" symbol_rate="0" polarization="H" fec="5" system="0" modulation="4">
        <service id="0x0001" sid="1" name="CANALE ITALIA 83" type="1" provider="Canale Italia" onid="8572" tsid="18384" namespace="0xeeee0000" />
        <service id="0x000a" sid="10" name="CANALE ITALIA 83" type="1" provider="Canale Italia" onid="8572" tsid="18384" namespace="0xeeee0000" />
        <service id="0x0002" sid="2" name="CANALE ITALIA 84" type="1" provider="Canale Italia" onid="8572" tsid="18384" namespace="0xeeee0000" />
        <service id="0x000b" sid="11" name="CANALE ITALIA 84" type="1" provider="Canale Italia" onid="8572" tsid="18384" namespace="0xeeee0000" />
        <service id="0x0004" sid="4" name="CANTANDO BALLANDO" type="1" provider="Canale Italia" onid="8572" tsid="18384" namespace="0xeeee0000" />
        <service id="0x001c" sid="28" name="FRANCE 24" type="1" provider="Canale Italia" onid="8572" tsid="18384" namespace="0xeeee0000" />
        <service id="0x0006" sid="6" name="ITALIA 121" type="1" provider="Canale Italia" onid="8572" tsid="18384" namespace="0xeeee0000" />
        <service id="0x001f" sid="31" name="ITALIA 134" type="1" provider="Canale Italia" onid="8572" tsid="18384" namespace="0xeeee0000" />
        <service id="0x0007" sid="7" name="ITALIA 141" type="1" provider="Canale Italia" onid="8572" tsid="18384" namespace="0xeeee0000" />
        <service id="0x001b" sid="27" name="ITALIA 143" type="1" provider="Canale Italia" onid="8572" tsid="18384" namespace="0xeeee0000" />
        <service id="0x0005" sid="5" name="ITALIA 150" type="1" provider="Canale Italia" onid="8572" tsid="18384" namespace="0xeeee0000" />
        <service id="0x0003" sid="3" name="ITALIA 156" type="1" provider="Canale Italia" onid="8572" tsid="18384" namespace="0xeeee0000" />
        <service id="0x001d" sid="29" name="ITALIA 156" type="1" provider="Canale Italia" onid="8572" tsid="18384" namespace="0xeeee0000" />
        <service id="0x0008" sid="8" name="ITALIA 160" type="1" provider="Canale Italia" onid="8572" tsid="18384" namespace="0xeeee0000" />
        <service id="0x001e" sid="30" name="ITALIA 160" type="1" provider="Canale Italia" onid="8572" tsid="18384" namespace="0xeeee0000" />
        <service id="0x000c" sid="12" name="ITALIA 53" type="1" provider="Canale Italia" onid="8572" tsid="18384" namespace="0xeeee0000" />
        <service id="0x000e" sid="14" name="ITALIA 53" type="1" provider="Canale Italia" onid="8572" tsid="18384" namespace="0xeeee0000" />
        <service id="0x0009" sid="9" name="RPL - LA TUA RADIO" type="1" provider="Canale Italia" onid="8572" tsid="18384" namespace="0xeeee0000" />
        <service id="0x000d" sid="13" name="SHOPPING TV" type="1" provider="Canale Italia" onid="8572" tsid="18384" namespace="0xeeee0000" />
        <service id="0x000f" sid="15" name="RADIO CANALE ITALIA" type="2" provider="Canale Italia" onid="8572" tsid="18384" namespace="0xeeee0000" radio="1" />
        <service id="0x0010" sid="16" name="VOLAMI NEL CUORE" type="2" provider="Canale Italia" onid="8572" tsid="18384" namespace="0xeeee0000" radio="1" />
      </transponder>
    </terrestrial>
  </terrestrials>
</zapit>
