<?xml version='1.0' encoding='utf-8'?>
<zapit>
  <bouquet name="General" category="tv">
    <channel service_ref="1:0:1:0010:2000:217c:eeee0000:0:0:0:" name="Antenna 2" service_name="Antenna 2" provider="Rai Way" sid="16" onid="8572" tsid="8192" />
    <channel service_ref="1:0:1:000c:2000:217c:eeee0000:0:0:0:" name="Antenna 3 HD." service_name="Antenna 3 HD." provider="Rai Way" sid="12" onid="8572" tsid="8192" />
    <channel service_ref="1:0:1:0012:2000:217c:eeee0000:0:0:0:" name="CANALE ITALIA +" service_name="CANALE ITALIA +" provider="Rai Way" sid="18" onid="8572" tsid="8192" />
    <channel service_ref="1:0:25:001d:2000:217c:eeee0000:0:0:0:" name="CR 1" service_name="CR 1" provider="Rai Way" sid="29" onid="8572" tsid="8192" />
    <channel service_ref="1:0:1:001a:2000:217c:eeee0000:0:0:0:" name="GIOCABET.TV" service_name="GIOCABET.TV" provider="Rai Way" sid="26" onid="8572" tsid="8192" />
    <channel service_ref="1:0:1:005e:2000:217c:eeee0000:0:0:0:" name="ITALIA 8 PRESTIGE" service_name="ITALIA 8 PRESTIGE" provider="Rai Way" sid="94" onid="8572" tsid="8192" />
    <channel service_ref="1:0:1:000f:2000:217c:eeee0000:0:0:0:" name="Milano Pavia TV" service_name="Milano Pavia TV" provider="Rai Way" sid="15" onid="8572" tsid="8192" />
    <channel service_ref="1:0:1:001f:2000:217c:eeee0000:0:0:0:" name="Milano Pavia TV" service_name="Milano Pavia TV" provider="Rai Way" sid="31" onid="8572" tsid="8192" />
    <channel service_ref="1:0:1:001c:2000:217c:eeee0000:0:0:0:" name="MILANOW." service_name="MILANOW." provider="Rai Way" sid="28" onid="8572" tsid="8192" />
    <channel service_ref="1:0:25:001b:2000:217c:eeee0000:0:0:0:" name="RETE 7" service_name="RETE 7" provider="Rai Way" sid="27" onid="8572" tsid="8192" />
    <channel service_ref="1:0:25:001e:2000:217c:eeee0000:0:0:0:" name="TeleBoario" service_name="TeleBoario" provider="Rai Way" sid="30" onid="8572" tsid="8192" />
    <channel service_ref="1:0:1:000d:2000:217c:eeee0000:0:0:0:" name="TELECOLOR." service_name="TELECOLOR." provider="Rai Way" sid="13" onid="8572" tsid="8192" />
    <channel service_ref="1:0:1:000a:2000:217c:eeee0000:0:0:0:" name="Telelombardia HD." service_name="Telelombardia HD." provider="Rai Way" sid="10" onid="8572" tsid="8192" />
    <channel service_ref="1:0:1:000e:2000:217c:eeee0000:0:0:0:" name="TELEREPORTER" service_name="TELEREPORTER" provider="Rai Way" sid="14" onid="8572" tsid="8192" />
    <channel service_ref="1:0:1:000b:2000:217c:eeee0000:0:0:0:" name="TopCalcio24 HD." service_name="TopCalcio24 HD." provider="Rai Way" sid="11" onid="8572" tsid="8192" />
    <channel service_ref="1:0:1:0011:2000:217c:eeee0000:0:0:0:" name="TRS" service_name="TRS" provider="Rai Way" sid="17" onid="8572" tsid="8192" />
    <channel service_ref="1:0:25:0013:2000:217c:eeee0000:0:0:0:" name="TVS Televallassina" service_name="TVS Televallassina" provider="Rai Way" sid="19" onid="8572" tsid="8192" />
  </bouquet>
  <bouquet name="ARD/ZDF" category="tv">
    <channel service_ref="1:0:1:000a:2000:217c:eeee0000:0:0:0:" name="Telelombardia HD." service_name="Telelombardia HD." provider="Rai Way" sid="10" onid="8572" tsid="8192" />
  </bouquet>
  <bouquet name="RAI" category="tv">
    <channel service_ref="1:0:1:0010:2000:217c:eeee0000:0:0:0:" name="Antenna 2" service_name="Antenna 2" provider="Rai Way" sid="16" onid="8572" tsid="8192" />
    <channel service_ref="1:0:1:0010:2000:217c:eeee0000:0:0:0:" name="Antenna 2" service_name="Antenna 2" provider="Rai Way" sid="16" onid="8572" tsid="8192" />
    <channel service_ref="1:0:1:000c:2000:217c:eeee0000:0:0:0:" name="Antenna 3 HD." service_name="Antenna 3 HD." provider="Rai Way" sid="12" onid="8572" tsid="8192" />
    <channel service_ref="1:0:1:000c:2000:217c:eeee0000:0:0:0:" name="Antenna 3 HD." service_name="Antenna 3 HD." provider="Rai Way" sid="12" onid="8572" tsid="8192" />
    <channel service_ref="1:0:1:0012:2000:217c:eeee0000:0:0:0:" name="CANALE ITALIA +" service_name="CANALE ITALIA +" provider="Rai Way" sid="18" onid="8572" tsid="8192" />
    <channel service_ref="1:0:1:0012:2000:217c:eeee0000:0:0:0:" name="CANALE ITALIA +" service_name="CANALE ITALIA +" provider="Rai Way" sid="18" onid="8572" tsid="8192" />
    <channel service_ref="1:0:25:001d:2000:217c:eeee0000:0:0:0:" name="CR 1" service_name="CR 1" provider="Rai Way" sid="29" onid="8572" tsid="8192" />
    <channel service_ref="1:0:25:001d:2000:217c:eeee0000:0:0:0:" name="CR 1" service_name="CR 1" provider="Rai Way" sid="29" onid="8572" tsid="8192" />
    <channel service_ref="1:0:1:001a:2000:217c:eeee0000:0:0:0:" name="GIOCABET.TV" service_name="GIOCABET.TV" provider="Rai Way" sid="26" onid="8572" tsid="8192" />
    <channel service_ref="1:0:1:001a:2000:217c:eeee0000:0:0:0:" name="GIOCABET.TV" service_name="GIOCABET.TV" provider="Rai Way" sid="26" onid="8572" tsid="8192" />
    <channel service_ref="1:0:1:005e:2000:217c:eeee0000:0:0:0:" name="ITALIA 8 PRESTIGE" service_name="ITALIA 8 PRESTIGE" provider="Rai Way" sid="94" onid="8572" tsid="8192" />
    <channel service_ref="1:0:1:005e:2000:217c:eeee0000:0:0:0:" name="ITALIA 8 PRESTIGE" service_name="ITALIA 8 PRESTIGE" provider="Rai Way" sid="94" onid="8572" tsid="8192" />
    <channel service_ref="1:0:1:000f:2000:217c:eeee0000:0:0:0:" name="Milano Pavia TV" service_name="Milano Pavia TV" provider="Rai Way" sid="15" onid="8572" tsid="8192" />
    <channel service_ref="1:0:1:000f:2000:217c:eeee0000:0:0:0:" name="Milano Pavia TV" service_name="Milano Pavia TV" provider="Rai Way" sid="15" onid="8572" tsid="8192" />
    <channel service_ref="1:0:1:001f:2000:217c:eeee0000:0:0:0:" name="Milano Pavia TV" service_name="Milano Pavia TV" provider="Rai Way" sid="31" onid="8572" tsid="8192" />
    <channel service_ref="1:0:1:001f:2000:217c:eeee0000:0:0:0:" name="Milano Pavia TV" service_name="Milano Pavia TV" provider="Rai Way" sid="31" onid="8572" tsid="8192" />
    <channel service_ref="1:0:1:001c:2000:217c:eeee0000:0:0:0:" name="MILANOW." service_name="MILANOW." provider="Rai Way" sid="28" onid="8572" tsid="8192" />
    <channel service_ref="1:0:1:001c:2000:217c:eeee0000:0:0:0:" name="MILANOW." service_name="MILANOW." provider="Rai Way" sid="28" onid="8572" tsid="8192" />
    <channel service_ref="1:0:25:001b:2000:217c:eeee0000:0:0:0:" name="RETE 7" service_name="RETE 7" provider="Rai Way" sid="27" onid="8572" tsid="8192" />
    <channel service_ref="1:0:25:001b:2000:217c:eeee0000:0:0:0:" name="RETE 7" service_name="RETE 7" provider="Rai Way" sid="27" onid="8572" tsid="8192" />
    <channel service_ref="1:0:25:001e:2000:217c:eeee0000:0:0:0:" name="TeleBoario" service_name="TeleBoario" provider="Rai Way" sid="30" onid="8572" tsid="8192" />
    <channel service_ref="1:0:25:001e:2000:217c:eeee0000:0:0:0:" name="TeleBoario" service_name="TeleBoario" provider="Rai Way" sid="30" onid="8572" tsid="8192" />
    <channel service_ref="1:0:1:000d:2000:217c:eeee0000:0:0:0:" name="TELECOLOR." service_name="TELECOLOR." provider="Rai Way" sid="13" onid="8572" tsid="8192" />
    <channel service_ref="1:0:1:000d:2000:217c:eeee0000:0:0:0:" name="TELECOLOR." service_name="TELECOLOR." provider="Rai Way" sid="13" onid="8572" tsid="8192" />
    <channel service_ref="1:0:1:000a:2000:217c:eeee0000:0:0:0:" name="Telelombardia HD." service_name="Telelombardia HD." provider="Rai Way" sid="10" onid="8572" tsid="8192" />
    <channel service_ref="1:0:1:000e:2000:217c:eeee0000:0:0:0:" name="TELEREPORTER" service_name="TELEREPORTER" provider="Rai Way" sid="14" onid="8572" tsid="8192" />
    <channel service_ref="1:0:1:000e:2000:217c:eeee0000:0:0:0:" name="TELEREPORTER" service_name="TELEREPORTER" provider="Rai Way" sid="14" onid="8572" tsid="8192" />
    <channel service_ref="1:0:1:000b:2000:217c:eeee0000:0:0:0:" name="TopCalcio24 HD." service_name="TopCalcio24 HD." provider="Rai Way" sid="11" onid="8572" tsid="8192" />
    <channel service_ref="1:0:1:000b:2000:217c:eeee0000:0:0:0:" name="TopCalcio24 HD." service_name="TopCalcio24 HD." provider="Rai Way" sid="11" onid="8572" tsid="8192" />
    <channel service_ref="1:0:1:0011:2000:217c:eeee0000:0:0:0:" name="TRS" service_name="TRS" provider="Rai Way" sid="17" onid="8572" tsid="8192" />
    <channel service_ref="1:0:1:0011:2000:217c:eeee0000:0:0:0:" name="TRS" service_name="TRS" provider="Rai Way" sid="17" onid="8572" tsid="8192" />
    <channel service_ref="1:0:25:0013:2000:217c:eeee0000:0:0:0:" name="TVS Televallassina" service_name="TVS Televallassina" provider="Rai Way" sid="19" onid="8572" tsid="8192" />
    <channel service_ref="1:0:25:0013:2000:217c:eeee0000:0:0:0:" name="TVS Televallassina" service_name="TVS Televallassina" provider="Rai Way" sid="19" onid="8572" tsid="8192" />
  </bouquet>
  <bouquet name="Resolution - HD" category="tv">
    <channel service_ref="1:0:1:000c:2000:217c:eeee0000:0:0:0:" name="Antenna 3 HD." service_name="Antenna 3 HD." provider="Rai Way" sid="12" onid="8572" tsid="8192" />
    <channel service_ref="1:0:1:000a:2000:217c:eeee0000:0:0:0:" name="Telelombardia HD." service_name="Telelombardia HD." provider="Rai Way" sid="10" onid="8572" tsid="8192" />
    <channel service_ref="1:0:1:000b:2000:217c:eeee0000:0:0:0:" name="TopCalcio24 HD." service_name="TopCalcio24 HD." provider="Rai Way" sid="11" onid="8572" tsid="8192" />
  </bouquet>
  <bouquet name="Digitale Terrestre                    by Rennys" category="tv">
    <channel service_ref="1:0:19:1a:2000:217c:eeee0000:0:0:0:" name="GIOCABET.TV" service_name="GIOCABET.TV" provider="Rai Way" sid="26" onid="8572" tsid="8192" />
    <channel service_ref="1:0:1:1b:2000:217c:eeee0000:0:0:0:" name="RETE 7" service_name="RETE 7" provider="Rai Way" sid="27" onid="8572" tsid="8192" />
    <channel service_ref="1:0:1:1c:2000:217c:eeee0000:0:0:0:" name="MILANOW." service_name="MILANOW." provider="Rai Way" sid="28" onid="8572" tsid="8192" />
    <channel service_ref="1:0:19:1d:2000:217c:eeee0000:0:0:0:" name="CR 1" service_name="CR 1" provider="Rai Way" sid="29" onid="8572" tsid="8192" />
    <channel service_ref="1:0:19:1e:2000:217c:eeee0000:0:0:0:" name="TeleBoario" service_name="TeleBoario" provider="Rai Way" sid="30" onid="8572" tsid="8192" />
    <channel service_ref="1:0:1:1f:2000:217c:eeee0000:0:0:0:" name="Milano Pavia TV" service_name="Milano Pavia TV" provider="Rai Way" sid="31" onid="8572" tsid="8192" />
  </bouquet>
</zapit>
