<?xml version='1.0' encoding='utf-8'?>
<zapit>
  <bouquet name="General" category="tv">
    <channel service_ref="1:0:1:006b:0065:0e26:026c0000:0:0:0:" name="AMOOZESH" service_name="AMOOZESH" provider="IRIB" sid="107" onid="3622" tsid="101" />
    <channel service_ref="1:0:1:0030:0065:0e26:026c0000:0:0:0:" name="iFILM" service_name="iFILM" provider="IRIB" sid="48" onid="3622" tsid="101" />
    <channel service_ref="1:0:1:006f:0065:0e26:026c0000:0:0:0:" name="IRAN KALA" service_name="IRAN KALA" provider="IRIB" sid="111" onid="3622" tsid="101" />
    <channel service_ref="1:0:1:006c:0065:0e26:026c0000:0:0:0:" name="IRIB QURAN" service_name="IRIB QURAN" provider="IRIB" sid="108" onid="3622" tsid="101" />
    <channel service_ref="1:0:1:00c1:0065:0e26:026c0000:0:0:0:" name="IRIB TEST" service_name="IRIB TEST" provider="IRIB" sid="193" onid="3622" tsid="101" />
    <channel service_ref="1:0:1:0029:0065:0e26:026c0000:0:0:0:" name="IRIB TV1" service_name="IRIB TV1" provider="IRIB" sid="41" onid="3622" tsid="101" />
    <channel service_ref="1:0:1:002a:0065:0e26:026c0000:0:0:0:" name="IRIB TV2" service_name="IRIB TV2" provider="IRIB" sid="42" onid="3622" tsid="101" />
    <channel service_ref="1:0:1:002b:0065:0e26:026c0000:0:0:0:" name="IRIB TV3" service_name="IRIB TV3" provider="IRIB" sid="43" onid="3622" tsid="101" />
    <channel service_ref="1:0:1:002c:0065:0e26:026c0000:0:0:0:" name="IRIB TV4" service_name="IRIB TV4" provider="IRIB" sid="44" onid="3622" tsid="101" />
    <channel service_ref="1:0:1:002d:0065:0e26:026c0000:0:0:0:" name="IRIB TV5" service_name="IRIB TV5" provider="IRIB" sid="45" onid="3622" tsid="101" />
    <channel service_ref="1:0:1:006d:0065:0e26:026c0000:0:0:0:" name="MOSTANAD" service_name="MOSTANAD" provider="IRIB" sid="109" onid="3622" tsid="101" />
    <channel service_ref="1:0:1:00c6:0065:0e26:026c0000:0:0:0:" name="MOSTANAD HD" service_name="MOSTANAD HD" provider="IRIB" sid="198" onid="3622" tsid="101" />
    <channel service_ref="1:0:1:002e:0065:0e26:026c0000:0:0:0:" name="NAMAYESH" service_name="NAMAYESH" provider="IRIB" sid="46" onid="3622" tsid="101" />
    <channel service_ref="1:0:1:004e:0065:0e26:026c0000:0:0:0:" name="NASIM" service_name="NASIM" provider="IRIB" sid="78" onid="3622" tsid="101" />
    <channel service_ref="1:0:1:002f:0065:0e26:026c0000:0:0:0:" name="OFOGH" service_name="OFOGH" provider="IRIB" sid="47" onid="3622" tsid="101" />
    <channel service_ref="1:0:1:006e:0065:0e26:026c0000:0:0:0:" name="OMID" service_name="OMID" provider="IRIB" sid="110" onid="3622" tsid="101" />
    <channel service_ref="1:0:1:004c:0065:0e26:026c0000:0:0:0:" name="POOYA" service_name="POOYA" provider="IRIB" sid="76" onid="3622" tsid="101" />
    <channel service_ref="1:0:1:004d:0065:0e26:026c0000:0:0:0:" name="SALAMAT" service_name="SALAMAT" provider="IRIB" sid="77" onid="3622" tsid="101" />
    <channel service_ref="1:0:1:007f:0065:0e26:026c0000:0:0:0:" name="SEPEHR" service_name="SEPEHR" provider="IRIB" sid="127" onid="3622" tsid="101" />
    <channel service_ref="1:0:1:004a:0065:0e26:026c0000:0:0:0:" name="SHOMA" service_name="SHOMA" provider="IRIB" sid="74" onid="3622" tsid="101" />
    <channel service_ref="1:0:1:0031:0065:0e26:026c0000:0:0:0:" name="TAMASHA" service_name="TAMASHA" provider="IRIB" sid="49" onid="3622" tsid="101" />
    <channel service_ref="1:0:1:00c4:0065:0e26:026c0000:0:0:0:" name="TAMASHA HD" service_name="TAMASHA HD" provider="IRIB" sid="196" onid="3622" tsid="101" />
    <channel service_ref="1:0:1:00c5:0065:0e26:026c0000:0:0:0:" name="TV3 HD" service_name="TV3 HD" provider="IRIB" sid="197" onid="3622" tsid="101" />
    <channel service_ref="1:0:1:004b:0065:0e26:026c0000:0:0:0:" name="VARZESH" service_name="VARZESH" provider="IRIB" sid="75" onid="3622" tsid="101" />
    <channel service_ref="1:0:1:00c7:0065:0e26:026c0000:0:0:0:" name="VARZESH HD" service_name="VARZESH HD" provider="IRIB" sid="199" onid="3622" tsid="101" />
  </bouquet>
  <bouquet name="Movies" category="tv">
    <channel service_ref="1:0:1:0030:0065:0e26:026c0000:0:0:0:" name="iFILM" service_name="iFILM" provider="IRIB" sid="48" onid="3622" tsid="101" />
  </bouquet>
  <bouquet name="ARD/ZDF" category="tv">
    <channel service_ref="1:0:1:007f:0065:0e26:026c0000:0:0:0:" name="SEPEHR" service_name="SEPEHR" provider="IRIB" sid="127" onid="3622" tsid="101" />
  </bouquet>
  <bouquet name="Switzerland" category="tv">
    <channel service_ref="1:0:1:002b:0065:0e26:026c0000:0:0:0:" name="IRIB TV3" service_name="IRIB TV3" provider="IRIB" sid="43" onid="3622" tsid="101" />
    <channel service_ref="1:0:1:002d:0065:0e26:026c0000:0:0:0:" name="IRIB TV5" service_name="IRIB TV5" provider="IRIB" sid="45" onid="3622" tsid="101" />
    <channel service_ref="1:0:1:00c5:0065:0e26:026c0000:0:0:0:" name="TV3 HD" service_name="TV3 HD" provider="IRIB" sid="197" onid="3622" tsid="101" />
  </bouquet>
  <bouquet name="Resolution - HD" category="tv">
    <channel service_ref="1:0:1:00c6:0065:0e26:026c0000:0:0:0:" name="MOSTANAD HD" service_name="MOSTANAD HD" provider="IRIB" sid="198" onid="3622" tsid="101" />
    <channel service_ref="1:0:1:00c4:0065:0e26:026c0000:0:0:0:" name="TAMASHA HD" service_name="TAMASHA HD" provider="IRIB" sid="196" onid="3622" tsid="101" />
    <channel service_ref="1:0:1:00c5:0065:0e26:026c0000:0:0:0:" name="TV3 HD" service_name="TV3 HD" provider="IRIB" sid="197" onid="3622" tsid="101" />
    <channel service_ref="1:0:1:00c7:0065:0e26:026c0000:0:0:0:" name="VARZESH HD" service_name="VARZESH HD" provider="IRIB" sid="199" onid="3622" tsid="101" />
  </bouquet>
  <bouquet name="Others" category="tv">
    <channel service_ref="1:0:1:006b:0065:0e26:026c0000:0:0:0:" name="AMOOZESH" service_name="AMOOZESH" provider="IRIB" sid="107" onid="3622" tsid="101" />
    <channel service_ref="1:0:1:006f:0065:0e26:026c0000:0:0:0:" name="IRAN KALA" service_name="IRAN KALA" provider="IRIB" sid="111" onid="3622" tsid="101" />
    <channel service_ref="1:0:1:006c:0065:0e26:026c0000:0:0:0:" name="IRIB QURAN" service_name="IRIB QURAN" provider="IRIB" sid="108" onid="3622" tsid="101" />
    <channel service_ref="1:0:1:00c1:0065:0e26:026c0000:0:0:0:" name="IRIB TEST" service_name="IRIB TEST" provider="IRIB" sid="193" onid="3622" tsid="101" />
    <channel service_ref="1:0:1:0029:0065:0e26:026c0000:0:0:0:" name="IRIB TV1" service_name="IRIB TV1" provider="IRIB" sid="41" onid="3622" tsid="101" />
    <channel service_ref="1:0:1:002a:0065:0e26:026c0000:0:0:0:" name="IRIB TV2" service_name="IRIB TV2" provider="IRIB" sid="42" onid="3622" tsid="101" />
    <channel service_ref="1:0:1:002c:0065:0e26:026c0000:0:0:0:" name="IRIB TV4" service_name="IRIB TV4" provider="IRIB" sid="44" onid="3622" tsid="101" />
    <channel service_ref="1:0:1:006d:0065:0e26:026c0000:0:0:0:" name="MOSTANAD" service_name="MOSTANAD" provider="IRIB" sid="109" onid="3622" tsid="101" />
    <channel service_ref="1:0:1:00c6:0065:0e26:026c0000:0:0:0:" name="MOSTANAD HD" service_name="MOSTANAD HD" provider="IRIB" sid="198" onid="3622" tsid="101" />
    <channel service_ref="1:0:1:002e:0065:0e26:026c0000:0:0:0:" name="NAMAYESH" service_name="NAMAYESH" provider="IRIB" sid="46" onid="3622" tsid="101" />
    <channel service_ref="1:0:1:004e:0065:0e26:026c0000:0:0:0:" name="NASIM" service_name="NASIM" provider="IRIB" sid="78" onid="3622" tsid="101" />
    <channel service_ref="1:0:1:002f:0065:0e26:026c0000:0:0:0:" name="OFOGH" service_name="OFOGH" provider="IRIB" sid="47" onid="3622" tsid="101" />
    <channel service_ref="1:0:1:006e:0065:0e26:026c0000:0:0:0:" name="OMID" service_name="OMID" provider="IRIB" sid="110" onid="3622" tsid="101" />
    <channel service_ref="1:0:1:004c:0065:0e26:026c0000:0:0:0:" name="POOYA" service_name="POOYA" provider="IRIB" sid="76" onid="3622" tsid="101" />
    <channel service_ref="1:0:1:004d:0065:0e26:026c0000:0:0:0:" name="SALAMAT" service_name="SALAMAT" provider="IRIB" sid="77" onid="3622" tsid="101" />
    <channel service_ref="1:0:1:004a:0065:0e26:026c0000:0:0:0:" name="SHOMA" service_name="SHOMA" provider="IRIB" sid="74" onid="3622" tsid="101" />
    <channel service_ref="1:0:1:0031:0065:0e26:026c0000:0:0:0:" name="TAMASHA" service_name="TAMASHA" provider="IRIB" sid="49" onid="3622" tsid="101" />
    <channel service_ref="1:0:1:00c4:0065:0e26:026c0000:0:0:0:" name="TAMASHA HD" service_name="TAMASHA HD" provider="IRIB" sid="196" onid="3622" tsid="101" />
    <channel service_ref="1:0:1:004b:0065:0e26:026c0000:0:0:0:" name="VARZESH" service_name="VARZESH" provider="IRIB" sid="75" onid="3622" tsid="101" />
    <channel service_ref="1:0:1:00c7:0065:0e26:026c0000:0:0:0:" name="VARZESH HD" service_name="VARZESH HD" provider="IRIB" sid="199" onid="3622" tsid="101" />
  </bouquet>
  <bouquet name="Radio" category="radio">
    <channel service_ref="1:0:2:0043:0065:0e26:026c0000:0:0:0:" name="ARABIC RADIO WORLD SERVICE" service_name="ARABIC RADIO WORLD SERVICE" provider="IRIB" sid="67" onid="3622" tsid="101" />
    <channel service_ref="1:0:2:0042:0065:0e26:026c0000:0:0:0:" name="ENGLISH RADIO WORLD SERVICE" service_name="ENGLISH RADIO WORLD SERVICE" provider="IRIB" sid="66" onid="3622" tsid="101" />
    <channel service_ref="1:0:2:00f2:0065:0e26:026c0000:0:0:0:" name="RADIO AVA" service_name="RADIO AVA" provider="IRIB" sid="242" onid="3622" tsid="101" />
    <channel service_ref="1:0:2:0044:0065:0e26:026c0000:0:0:0:" name="RADIO BOROONMARZI" service_name="RADIO BOROONMARZI" provider="IRIB" sid="68" onid="3622" tsid="101" />
    <channel service_ref="1:0:2:0045:0065:0e26:026c0000:0:0:0:" name="RADIO BOROONMARZI RAZAVI" service_name="RADIO BOROONMARZI RAZAVI" provider="IRIB" sid="69" onid="3622" tsid="101" />
    <channel service_ref="1:0:2:00fa:0065:0e26:026c0000:0:0:0:" name="RADIO EGHTESAD" service_name="RADIO EGHTESAD" provider="IRIB" sid="250" onid="3622" tsid="101" />
    <channel service_ref="1:0:2:00ff:0065:0e26:026c0000:0:0:0:" name="RADIO ENGHELAB" service_name="RADIO ENGHELAB" provider="IRIB" sid="255" onid="3622" tsid="101" />
    <channel service_ref="1:0:2:00f8:0065:0e26:026c0000:0:0:0:" name="RADIO FARHANG" service_name="RADIO FARHANG" provider="IRIB" sid="248" onid="3622" tsid="101" />
    <channel service_ref="1:0:2:00fb:0065:0e26:026c0000:0:0:0:" name="RADIO GOFTOGOO" service_name="RADIO GOFTOGOO" provider="IRIB" sid="251" onid="3622" tsid="101" />
    <channel service_ref="1:0:2:00f1:0065:0e26:026c0000:0:0:0:" name="RADIO IRAN" service_name="RADIO IRAN" provider="IRIB" sid="241" onid="3622" tsid="101" />
    <channel service_ref="1:0:2:00f3:0065:0e26:026c0000:0:0:0:" name="RADIO JAVAN" service_name="RADIO JAVAN" provider="IRIB" sid="243" onid="3622" tsid="101" />
    <channel service_ref="1:0:2:00f6:0065:0e26:026c0000:0:0:0:" name="RADIO MAAREF" service_name="RADIO MAAREF" provider="IRIB" sid="246" onid="3622" tsid="101" />
    <channel service_ref="1:0:2:00fc:0065:0e26:026c0000:0:0:0:" name="RADIO NAMAYESH" service_name="RADIO NAMAYESH" provider="IRIB" sid="252" onid="3622" tsid="101" />
    <channel service_ref="1:0:2:00f4:0065:0e26:026c0000:0:0:0:" name="RADIO PAYAM" service_name="RADIO PAYAM" provider="IRIB" sid="244" onid="3622" tsid="101" />
    <channel service_ref="1:0:2:00f7:0065:0e26:026c0000:0:0:0:" name="RADIO QURAN" service_name="RADIO QURAN" provider="IRIB" sid="247" onid="3622" tsid="101" />
    <channel service_ref="1:0:2:00fe:0065:0e26:026c0000:0:0:0:" name="RADIO SABA" service_name="RADIO SABA" provider="IRIB" sid="254" onid="3622" tsid="101" />
    <channel service_ref="1:0:2:00f9:0065:0e26:026c0000:0:0:0:" name="RADIO SALAMAT" service_name="RADIO SALAMAT" provider="IRIB" sid="249" onid="3622" tsid="101" />
    <channel service_ref="1:0:2:0040:0065:0e26:026c0000:0:0:0:" name="RADIO TALAVAT" service_name="RADIO TALAVAT" provider="IRIB" sid="64" onid="3622" tsid="101" />
    <channel service_ref="1:0:2:0041:0065:0e26:026c0000:0:0:0:" name="RADIO TARTIL" service_name="RADIO TARTIL" provider="IRIB" sid="65" onid="3622" tsid="101" />
    <channel service_ref="1:0:2:00fd:0065:0e26:026c0000:0:0:0:" name="RADIO TEHRAN" service_name="RADIO TEHRAN" provider="IRIB" sid="253" onid="3622" tsid="101" />
    <channel service_ref="1:0:2:00f5:0065:0e26:026c0000:0:0:0:" name="RADIO VARZESH" service_name="RADIO VARZESH" provider="IRIB" sid="245" onid="3622" tsid="101" />
    <channel service_ref="1:0:2:006a:0065:0e26:026c0000:0:0:0:" name="RADIO ZIYARAT" service_name="RADIO ZIYARAT" provider="IRIB" sid="106" onid="3622" tsid="101" />
  </bouquet>
  <bouquet name="Radio - Regional" category="radio">
    <channel service_ref="1:0:2:00fd:0065:0e26:026c0000:0:0:0:" name="RADIO TEHRAN" service_name="RADIO TEHRAN" provider="IRIB" sid="253" onid="3622" tsid="101" />
  </bouquet>
</zapit>
