<?xml version='1.0' encoding='utf-8'?>
<zapit>
  <bouquet name="General" category="tv">
    <channel service_ref="1:0:1:0004:0004:0001:0de82b84:0:0:0:" name="112 SD" service_name="112 SD" provider="Harmonic" sid="4" onid="1" tsid="4" />
    <channel service_ref="1:0:1:0006:0003:002a:0de80000:0:0:0:" name="12 kanal" service_name="12 kanal" provider="Ukrkosmos" sid="6" onid="42" tsid="3" />
    <channel service_ref="1:0:1:0001:0001:002a:0de80000:0:0:0:" name="1ZAHID" service_name="1ZAHID" provider="Ukrkosmos" sid="1" onid="42" tsid="1" />
    <channel service_ref="1:0:1:0004:0002:002a:0de80000:0:0:0:" name="4ever music HD" service_name="4ever music HD" provider="VIANET" sid="4" onid="42" tsid="2" />
    <channel service_ref="1:0:1:0005:0001:002a:0de80000:0:0:0:" name="4P_INFO" service_name="4P_INFO" provider="Ukrkosmos" sid="5" onid="42" tsid="1" />
    <channel service_ref="1:0:1:000c:0001:002a:0de80000:0:0:0:" name="8 channel" service_name="8 channel" provider="Ukrkosmos" sid="12" onid="42" tsid="1" />
    <channel service_ref="1:0:1:0007:0003:002a:0de80000:0:0:0:" name="ATR HD" service_name="ATR HD" provider="Ukrkosmos" sid="7" onid="42" tsid="3" />
    <channel service_ref="1:0:1:0008:0003:002a:0de80000:0:0:0:" name="ATR SD" service_name="ATR SD" provider="Ukrkosmos" sid="8" onid="42" tsid="3" />
    <channel service_ref="1:0:1:0004:0001:002a:0de80000:0:0:0:" name="BOUTIQUE TV" service_name="BOUTIQUE TV" provider="Ukrkosmos" sid="4" onid="42" tsid="1" />
    <channel service_ref="1:0:1:0009:0004:0001:0de82b84:0:0:0:" name="Culture" service_name="Culture" provider="Harmonic" sid="9" onid="1" tsid="4" />
    <channel service_ref="1:0:1:0009:0001:0001:0de82c28:0:0:0:" name="DaVinci Learning" service_name="DaVinci Learning" provider="Antenna Hungaria / Globecast" sid="9" onid="1" tsid="1" />
    <channel service_ref="1:0:1:000a:0001:002a:0de80000:0:0:0:" name="Donechchyna.TV" service_name="Donechchyna.TV" provider="Ukrkosmos" sid="10" onid="42" tsid="1" />
    <channel service_ref="1:0:1:0009:0003:0001:0de82ba7:0:0:0:" name="Eko TV" service_name="Eko TV" provider="Harmonic" sid="9" onid="1" tsid="3" />
    <channel service_ref="1:0:1:0001:0002:002a:0de80000:0:0:0:" name="EU MUSIC HD" service_name="EU MUSIC HD" provider="VIANET" sid="1" onid="42" tsid="2" />
    <channel service_ref="1:0:1:0009:0001:002a:0de80000:0:0:0:" name="GALYCHYNA" service_name="GALYCHYNA" provider="Ukrkosmos" sid="9" onid="42" tsid="1" />
    <channel service_ref="1:0:1:0002:0001:0001:0de82c28:0:0:0:" name="hirTV" service_name="hirTV" provider="hirTV / AH / HDT" sid="2" onid="1" tsid="1" />
    <channel service_ref="1:0:1:0005:0003:0001:0de82ba7:0:0:0:" name="ICTV" service_name="ICTV" provider="Harmonic" sid="5" onid="1" tsid="3" />
    <channel service_ref="1:0:1:0001:0003:0001:0de82ba7:0:0:0:" name="KIEV STB" service_name="KIEV STB" provider="Harmonic" sid="1" onid="1" tsid="3" />
    <channel service_ref="1:0:1:0009:0003:002a:0de80000:0:0:0:" name="LALE SD" service_name="LALE SD" provider="Ukrkosmos" sid="9" onid="42" tsid="3" />
    <channel service_ref="1:0:1:0002:0003:0001:0de82ba7:0:0:0:" name="M1" service_name="M1" provider="Harmonic" sid="2" onid="1" tsid="3" />
    <channel service_ref="1:0:1:0006:0003:0001:0de82ba7:0:0:0:" name="M2" service_name="M2" provider="Harmonic" sid="6" onid="1" tsid="3" />
    <channel service_ref="1:0:1:0007:0001:002a:0de80000:0:0:0:" name="MALYATKO TV" service_name="MALYATKO TV" provider="Ukrkosmos" sid="7" onid="42" tsid="1" />
    <channel service_ref="1:0:1:0003:0003:0001:0de82ba7:0:0:0:" name="MILADY TELEVISION" service_name="MILADY TELEVISION" provider="Harmonic" sid="3" onid="1" tsid="3" />
    <channel service_ref="1:0:1:0008:0003:0001:0de82ba7:0:0:0:" name="NEWS 24" service_name="NEWS 24" provider="Harmonic" sid="8" onid="1" tsid="3" />
    <channel service_ref="1:0:1:0002:0002:002a:0de80000:0:0:0:" name="NIKI Junior HD" service_name="NIKI Junior HD" provider="VIANET" sid="2" onid="42" tsid="2" />
    <channel service_ref="1:0:1:0003:0002:002a:0de80000:0:0:0:" name="NIKI Kids HD" service_name="NIKI Kids HD" provider="VIANET" sid="3" onid="42" tsid="2" />
    <channel service_ref="1:0:1:0004:0003:0001:0de82ba7:0:0:0:" name="NOVY CHANNEL" service_name="NOVY CHANNEL" provider="Harmonic" sid="4" onid="1" tsid="3" />
    <channel service_ref="1:0:1:000b:0003:0001:0de82ba7:0:0:0:" name="OCE" service_name="OCE" provider="Harmonic" sid="11" onid="1" tsid="3" />
    <channel service_ref="1:0:1:0002:0004:0001:0de82b84:0:0:0:" name="Pervy delovoy" service_name="Pervy delovoy" provider="Harmonic" sid="2" onid="1" tsid="4" />
    <channel service_ref="1:0:1:0003:0001:002a:0de80000:0:0:0:" name="Pravda Tyt" service_name="Pravda Tyt" provider="Ukrkosmos" sid="3" onid="42" tsid="1" />
    <channel service_ref="1:0:1:000b:0001:002a:0de80000:0:0:0:" name="Pravda Tyt SD" service_name="Pravda Tyt SD" provider="Ukrkosmos" sid="11" onid="42" tsid="1" />
    <channel service_ref="1:0:1:0006:0004:0001:0de82b84:0:0:0:" name="PRYAMIY HD" service_name="PRYAMIY HD" provider="Harmonic" sid="6" onid="1" tsid="4" />
    <channel service_ref="1:0:1:000a:0003:0001:0de82ba7:0:0:0:" name="PRYAMIY SD" service_name="PRYAMIY SD" provider="Harmonic" sid="10" onid="1" tsid="3" />
    <channel service_ref="1:0:1:0001:0001:ffff:0de83042:0:0:0:" name="Romania TV" service_name="Romania TV" provider="Romania TV" sid="1" onid="65535" tsid="1" />
    <channel service_ref="1:0:1:0008:0001:002a:0de80000:0:0:0:" name="Televsesvit" service_name="Televsesvit" provider="Ukrkosmos" sid="8" onid="42" tsid="1" />
    <channel service_ref="1:0:25:0005:0001:0001:0de82d68:0:0:0:" name="Tippmix elő 5" service_name="Tippmix elő 5" provider="HDT" sid="5" onid="1" tsid="1" />
    <channel service_ref="1:0:25:0001:0001:0001:0de82d68:0:0:0:" name="Tippmix élő 1" service_name="Tippmix élő 1" provider="HDT" sid="1" onid="1" tsid="1" />
    <channel service_ref="1:0:25:0002:0001:0001:0de82d68:0:0:0:" name="Tippmix élő 2" service_name="Tippmix élő 2" provider="HDT" sid="2" onid="1" tsid="1" />
    <channel service_ref="1:0:25:0003:0001:0001:0de82d68:0:0:0:" name="Tippmix élő 3" service_name="Tippmix élő 3" provider="HDT" sid="3" onid="1" tsid="1" />
    <channel service_ref="1:0:25:0004:0001:0001:0de82d68:0:0:0:" name="Tippmix élő 4" service_name="Tippmix élő 4" provider="HDT" sid="4" onid="1" tsid="1" />
    <channel service_ref="1:0:1:0005:0003:002a:0de80000:0:0:0:" name="TVA" service_name="TVA" provider="Ukrkosmos" sid="5" onid="42" tsid="3" />
    <channel service_ref="1:0:1:000d:0001:002a:0de80000:0:0:0:" name="TVi" service_name="TVi" provider="Ukrkosmos" sid="13" onid="42" tsid="1" />
    <channel service_ref="1:0:1:000d:0003:0001:0de82ba7:0:0:0:" name="UA" service_name="UA" provider="Harmonic" sid="13" onid="1" tsid="3" />
    <channel service_ref="1:0:1:000e:0003:0001:0de82ba7:0:0:0:" name="UA KRYM" service_name="UA KRYM" provider="Harmonic" sid="14" onid="1" tsid="3" />
    <channel service_ref="1:0:1:0003:0004:0001:0de82b84:0:0:0:" name="UA ZAKARPATTYA" service_name="UA ZAKARPATTYA" provider="Harmonic" sid="3" onid="1" tsid="4" />
    <channel service_ref="1:0:1:0002:0001:002a:0de80000:0:0:0:" name="Vozrogdenie TV" service_name="Vozrogdenie TV" provider="Ukrkosmos" sid="2" onid="42" tsid="1" />
    <channel service_ref="1:0:1:0001:0004:0001:0de82b84:0:0:0:" name="XSPORT" service_name="XSPORT" provider="Harmonic" sid="1" onid="1" tsid="4" />
  </bouquet>
  <bouquet name="News" category="tv">
    <channel service_ref="1:0:1:0008:0003:0001:0de82ba7:0:0:0:" name="NEWS 24" service_name="NEWS 24" provider="Harmonic" sid="8" onid="1" tsid="3" />
  </bouquet>
  <bouquet name="Sports" category="tv">
    <channel service_ref="1:0:1:0001:0004:0001:0de82b84:0:0:0:" name="XSPORT" service_name="XSPORT" provider="Harmonic" sid="1" onid="1" tsid="4" />
  </bouquet>
  <bouquet name="Kids" category="tv">
    <channel service_ref="1:0:1:0002:0002:002a:0de80000:0:0:0:" name="NIKI Junior HD" service_name="NIKI Junior HD" provider="VIANET" sid="2" onid="42" tsid="2" />
    <channel service_ref="1:0:1:0003:0002:002a:0de80000:0:0:0:" name="NIKI Kids HD" service_name="NIKI Kids HD" provider="VIANET" sid="3" onid="42" tsid="2" />
  </bouquet>
  <bouquet name="Music" category="tv">
    <channel service_ref="1:0:1:0004:0002:002a:0de80000:0:0:0:" name="4ever music HD" service_name="4ever music HD" provider="VIANET" sid="4" onid="42" tsid="2" />
    <channel service_ref="1:0:1:0001:0002:002a:0de80000:0:0:0:" name="EU MUSIC HD" service_name="EU MUSIC HD" provider="VIANET" sid="1" onid="42" tsid="2" />
  </bouquet>
  <bouquet name="Switzerland" category="tv">
    <channel service_ref="1:0:1:0003:0003:0001:0de82ba7:0:0:0:" name="MILADY TELEVISION" service_name="MILADY TELEVISION" provider="Harmonic" sid="3" onid="1" tsid="3" />
    <channel service_ref="1:0:1:0008:0001:002a:0de80000:0:0:0:" name="Televsesvit" service_name="Televsesvit" provider="Ukrkosmos" sid="8" onid="42" tsid="1" />
    <channel service_ref="1:0:25:0005:0001:0001:0de82d68:0:0:0:" name="Tippmix elő 5" service_name="Tippmix elő 5" provider="HDT" sid="5" onid="1" tsid="1" />
    <channel service_ref="1:0:25:0003:0001:0001:0de82d68:0:0:0:" name="Tippmix élő 3" service_name="Tippmix élő 3" provider="HDT" sid="3" onid="1" tsid="1" />
  </bouquet>
  <bouquet name="Resolution - HD" category="tv">
    <channel service_ref="1:0:1:0004:0002:002a:0de80000:0:0:0:" name="4ever music HD" service_name="4ever music HD" provider="VIANET" sid="4" onid="42" tsid="2" />
    <channel service_ref="1:0:1:0007:0003:002a:0de80000:0:0:0:" name="ATR HD" service_name="ATR HD" provider="Ukrkosmos" sid="7" onid="42" tsid="3" />
    <channel service_ref="1:0:1:0001:0002:002a:0de80000:0:0:0:" name="EU MUSIC HD" service_name="EU MUSIC HD" provider="VIANET" sid="1" onid="42" tsid="2" />
    <channel service_ref="1:0:1:0002:0002:002a:0de80000:0:0:0:" name="NIKI Junior HD" service_name="NIKI Junior HD" provider="VIANET" sid="2" onid="42" tsid="2" />
    <channel service_ref="1:0:1:0003:0002:002a:0de80000:0:0:0:" name="NIKI Kids HD" service_name="NIKI Kids HD" provider="VIANET" sid="3" onid="42" tsid="2" />
    <channel service_ref="1:0:1:0006:0004:0001:0de82b84:0:0:0:" name="PRYAMIY HD" service_name="PRYAMIY HD" provider="Harmonic" sid="6" onid="1" tsid="4" />
  </bouquet>
  <bouquet name="Resolution - SD" category="tv">
    <channel service_ref="1:0:1:0004:0004:0001:0de82b84:0:0:0:" name="112 SD" service_name="112 SD" provider="Harmonic" sid="4" onid="1" tsid="4" />
    <channel service_ref="1:0:1:0008:0003:002a:0de80000:0:0:0:" name="ATR SD" service_name="ATR SD" provider="Ukrkosmos" sid="8" onid="42" tsid="3" />
    <channel service_ref="1:0:1:0009:0003:002a:0de80000:0:0:0:" name="LALE SD" service_name="LALE SD" provider="Ukrkosmos" sid="9" onid="42" tsid="3" />
    <channel service_ref="1:0:1:000b:0001:002a:0de80000:0:0:0:" name="Pravda Tyt SD" service_name="Pravda Tyt SD" provider="Ukrkosmos" sid="11" onid="42" tsid="1" />
    <channel service_ref="1:0:1:000a:0003:0001:0de82ba7:0:0:0:" name="PRYAMIY SD" service_name="PRYAMIY SD" provider="Harmonic" sid="10" onid="1" tsid="3" />
  </bouquet>
  <bouquet name="Religion" category="tv">
    <channel service_ref="1:0:1:0005:0003:0001:0de82ba7:0:0:0:" name="ICTV" service_name="ICTV" provider="Harmonic" sid="5" onid="1" tsid="3" />
  </bouquet>
  <bouquet name="International" category="tv">
    <channel service_ref="1:0:1:0009:0001:0001:0de82c28:0:0:0:" name="DaVinci Learning" service_name="DaVinci Learning" provider="Antenna Hungaria / Globecast" sid="9" onid="1" tsid="1" />
  </bouquet>
  <bouquet name="Others" category="tv">
    <channel service_ref="1:0:1:0004:0004:0001:0de82b84:0:0:0:" name="112 SD" service_name="112 SD" provider="Harmonic" sid="4" onid="1" tsid="4" />
    <channel service_ref="1:0:1:0006:0003:002a:0de80000:0:0:0:" name="12 kanal" service_name="12 kanal" provider="Ukrkosmos" sid="6" onid="42" tsid="3" />
    <channel service_ref="1:0:1:0001:0001:002a:0de80000:0:0:0:" name="1ZAHID" service_name="1ZAHID" provider="Ukrkosmos" sid="1" onid="42" tsid="1" />
    <channel service_ref="1:0:1:0005:0001:002a:0de80000:0:0:0:" name="4P_INFO" service_name="4P_INFO" provider="Ukrkosmos" sid="5" onid="42" tsid="1" />
    <channel service_ref="1:0:1:000c:0001:002a:0de80000:0:0:0:" name="8 channel" service_name="8 channel" provider="Ukrkosmos" sid="12" onid="42" tsid="1" />
    <channel service_ref="1:0:1:0007:0003:002a:0de80000:0:0:0:" name="ATR HD" service_name="ATR HD" provider="Ukrkosmos" sid="7" onid="42" tsid="3" />
    <channel service_ref="1:0:1:0008:0003:002a:0de80000:0:0:0:" name="ATR SD" service_name="ATR SD" provider="Ukrkosmos" sid="8" onid="42" tsid="3" />
    <channel service_ref="1:0:1:0004:0001:002a:0de80000:0:0:0:" name="BOUTIQUE TV" service_name="BOUTIQUE TV" provider="Ukrkosmos" sid="4" onid="42" tsid="1" />
    <channel service_ref="1:0:1:0009:0004:0001:0de82b84:0:0:0:" name="Culture" service_name="Culture" provider="Harmonic" sid="9" onid="1" tsid="4" />
    <channel service_ref="1:0:1:000a:0001:002a:0de80000:0:0:0:" name="Donechchyna.TV" service_name="Donechchyna.TV" provider="Ukrkosmos" sid="10" onid="42" tsid="1" />
    <channel service_ref="1:0:1:0009:0003:0001:0de82ba7:0:0:0:" name="Eko TV" service_name="Eko TV" provider="Harmonic" sid="9" onid="1" tsid="3" />
    <channel service_ref="1:0:1:0009:0001:002a:0de80000:0:0:0:" name="GALYCHYNA" service_name="GALYCHYNA" provider="Ukrkosmos" sid="9" onid="42" tsid="1" />
    <channel service_ref="1:0:1:0002:0001:0001:0de82c28:0:0:0:" name="hirTV" service_name="hirTV" provider="hirTV / AH / HDT" sid="2" onid="1" tsid="1" />
    <channel service_ref="1:0:1:0001:0003:0001:0de82ba7:0:0:0:" name="KIEV STB" service_name="KIEV STB" provider="Harmonic" sid="1" onid="1" tsid="3" />
    <channel service_ref="1:0:1:0009:0003:002a:0de80000:0:0:0:" name="LALE SD" service_name="LALE SD" provider="Ukrkosmos" sid="9" onid="42" tsid="3" />
    <channel service_ref="1:0:1:0002:0003:0001:0de82ba7:0:0:0:" name="M1" service_name="M1" provider="Harmonic" sid="2" onid="1" tsid="3" />
    <channel service_ref="1:0:1:0006:0003:0001:0de82ba7:0:0:0:" name="M2" service_name="M2" provider="Harmonic" sid="6" onid="1" tsid="3" />
    <channel service_ref="1:0:1:0007:0001:002a:0de80000:0:0:0:" name="MALYATKO TV" service_name="MALYATKO TV" provider="Ukrkosmos" sid="7" onid="42" tsid="1" />
    <channel service_ref="1:0:1:0004:0003:0001:0de82ba7:0:0:0:" name="NOVY CHANNEL" service_name="NOVY CHANNEL" provider="Harmonic" sid="4" onid="1" tsid="3" />
    <channel service_ref="1:0:1:000b:0003:0001:0de82ba7:0:0:0:" name="OCE" service_name="OCE" provider="Harmonic" sid="11" onid="1" tsid="3" />
    <channel service_ref="1:0:1:0002:0004:0001:0de82b84:0:0:0:" name="Pervy delovoy" service_name="Pervy delovoy" provider="Harmonic" sid="2" onid="1" tsid="4" />
    <channel service_ref="1:0:1:0003:0001:002a:0de80000:0:0:0:" name="Pravda Tyt" service_name="Pravda Tyt" provider="Ukrkosmos" sid="3" onid="42" tsid="1" />
    <channel service_ref="1:0:1:000b:0001:002a:0de80000:0:0:0:" name="Pravda Tyt SD" service_name="Pravda Tyt SD" provider="Ukrkosmos" sid="11" onid="42" tsid="1" />
    <channel service_ref="1:0:1:0006:0004:0001:0de82b84:0:0:0:" name="PRYAMIY HD" service_name="PRYAMIY HD" provider="Harmonic" sid="6" onid="1" tsid="4" />
    <channel service_ref="1:0:1:000a:0003:0001:0de82ba7:0:0:0:" name="PRYAMIY SD" service_name="PRYAMIY SD" provider="Harmonic" sid="10" onid="1" tsid="3" />
    <channel service_ref="1:0:1:0001:0001:ffff:0de83042:0:0:0:" name="Romania TV" service_name="Romania TV" provider="Romania TV" sid="1" onid="65535" tsid="1" />
    <channel service_ref="1:0:25:0001:0001:0001:0de82d68:0:0:0:" name="Tippmix élő 1" service_name="Tippmix élő 1" provider="HDT" sid="1" onid="1" tsid="1" />
    <channel service_ref="1:0:25:0002:0001:0001:0de82d68:0:0:0:" name="Tippmix élő 2" service_name="Tippmix élő 2" provider="HDT" sid="2" onid="1" tsid="1" />
    <channel service_ref="1:0:25:0004:0001:0001:0de82d68:0:0:0:" name="Tippmix élő 4" service_name="Tippmix élő 4" provider="HDT" sid="4" onid="1" tsid="1" />
    <channel service_ref="1:0:1:0005:0003:002a:0de80000:0:0:0:" name="TVA" service_name="TVA" provider="Ukrkosmos" sid="5" onid="42" tsid="3" />
    <channel service_ref="1:0:1:000d:0001:002a:0de80000:0:0:0:" name="TVi" service_name="TVi" provider="Ukrkosmos" sid="13" onid="42" tsid="1" />
    <channel service_ref="1:0:1:000d:0003:0001:0de82ba7:0:0:0:" name="UA" service_name="UA" provider="Harmonic" sid="13" onid="1" tsid="3" />
    <channel service_ref="1:0:1:000e:0003:0001:0de82ba7:0:0:0:" name="UA KRYM" service_name="UA KRYM" provider="Harmonic" sid="14" onid="1" tsid="3" />
    <channel service_ref="1:0:1:0003:0004:0001:0de82b84:0:0:0:" name="UA ZAKARPATTYA" service_name="UA ZAKARPATTYA" provider="Harmonic" sid="3" onid="1" tsid="4" />
    <channel service_ref="1:0:1:0002:0001:002a:0de80000:0:0:0:" name="Vozrogdenie TV" service_name="Vozrogdenie TV" provider="Ukrkosmos" sid="2" onid="42" tsid="1" />
  </bouquet>
  <bouquet name="Radio" category="radio">
    <channel service_ref="1:0:2:000b:0004:0001:0de82b84:0:0:0:" name="Golos Donbasu" service_name="Golos Donbasu" provider="Harmonic" sid="11" onid="1" tsid="4" />
    <channel service_ref="1:0:2:000a:0001:0001:0de82c28:0:0:0:" name="Karc FM" service_name="Karc FM" provider="Antenna Hungaria" sid="10" onid="1" tsid="1" />
    <channel service_ref="1:0:2:0029:0003:002a:0de80000:0:0:0:" name="MEYDAN" service_name="MEYDAN" provider="Ukrkosmos" sid="41" onid="42" tsid="3" />
    <channel service_ref="1:0:2:000f:0004:0001:0de82b84:0:0:0:" name="Radio Promin" service_name="Radio Promin" provider="Harmonic" sid="15" onid="1" tsid="4" />
    <channel service_ref="1:0:2:000c:0004:0001:0de82b84:0:0:0:" name="Radio Ukraine international" service_name="Radio Ukraine international" provider="Harmonic" sid="12" onid="1" tsid="4" />
    <channel service_ref="1:0:2:000e:0004:0001:0de82b84:0:0:0:" name="UR-1" service_name="UR-1" provider="Harmonic" sid="14" onid="1" tsid="4" />
    <channel service_ref="1:0:2:000a:0004:0001:0de82b84:0:0:0:" name="UR-3" service_name="UR-3" provider="Harmonic" sid="10" onid="1" tsid="4" />
  </bouquet>
  <bouquet name="Radio - International" category="radio">
    <channel service_ref="1:0:2:000c:0004:0001:0de82b84:0:0:0:" name="Radio Ukraine international" service_name="Radio Ukraine international" provider="Harmonic" sid="12" onid="1" tsid="4" />
  </bouquet>
  <bouquet name="Radio - Music" category="radio">
    <channel service_ref="1:0:2:000a:0001:0001:0de82c28:0:0:0:" name="Karc FM" service_name="Karc FM" provider="Antenna Hungaria" sid="10" onid="1" tsid="1" />
  </bouquet>
</zapit>
