<?xml version='1.0' encoding='utf-8'?>
<zapit api="4">
  <terrestrials>
    <terrestrial key="eeee0000:0066:217c" name="TCD" namespace="0xeeee0000">
      <transponder key="eeee0000:0066:217c" frequency="634000000" symbol_rate="0" polarization="H" fec="5" system="0" modulation="4">
        <service id="0x03e8" sid="1000" name="87TV" type="1" provider="TCD" onid="8572" tsid="102" namespace="0xeeee0000" />
        <service id="0x01c2" sid="450" name="CAPRI EVENT" type="1" provider="TCD" onid="8572" tsid="102" namespace="0xeeee0000" />
        <service id="0x01c3" sid="451" name="CAPRI EVENT" type="1" provider="TCD" onid="8572" tsid="102" namespace="0xeeee0000" />
        <service id="0x0003" sid="3" name="Lira Tv" type="1" provider="TCD" onid="8572" tsid="102" namespace="0xeeee0000" />
        <service id="0x000b" sid="11" name="MEDIACAPRI 11" type="1" provider="TCD" onid="8572" tsid="102" namespace="0xeeee0000" />
        <service id="0x0004" sid="4" name="MEDIACAPRI 76" type="1" provider="Telecapri" onid="8572" tsid="102" namespace="0xeeee0000" />
        <service id="0x0005" sid="5" name="MEDIACAPRI 76" type="1" provider="Telecapri" onid="8572" tsid="102" namespace="0xeeee0000" />
        <service id="0x00d5" sid="213" name="PARADISE TV" type="1" provider="TCD" onid="8572" tsid="102" namespace="0xeeee0000" />
        <service id="0x0028" sid="40" name="SeiTV 661" type="1" provider="TCD" onid="8572" tsid="102" namespace="0xeeee0000" />
        <service id="0x00ca" sid="202" name="TELECAPRI" type="1" provider="TCD" onid="8572" tsid="102" namespace="0xeeee0000" />
        <service id="0x00cb" sid="203" name="TELECAPRI" type="1" provider="TCD" onid="8572" tsid="102" namespace="0xeeee0000" />
        <service id="0x0002" sid="2" name="Telecapri NEWS" type="1" provider="TCD" onid="8572" tsid="102" namespace="0xeeee0000" />
        <service id="0x0001" sid="1" name="Telecapri SPORT HD" type="1" provider="TCD" onid="8572" tsid="102" namespace="0xeeee0000" />
        <service id="0x016a" sid="362" name="RADIO CAPRI" type="2" provider="TCD" onid="8572" tsid="102" namespace="0xeeee0000" radio="1" />
      </transponder>
    </terrestrial>
    <terrestrial key="eeee0000:8056:217c" name="TCD" namespace="0xeeee0000">
      <transponder key="eeee0000:8056:217c" frequency="738000000" symbol_rate="0" polarization="H" fec="5" system="0" modulation="4">
        <service id="0x01c2" sid="450" name="CAPRI EVENT" type="1" provider="TCD" onid="8572" tsid="32854" namespace="0xeeee0000" />
        <service id="0x01c4" sid="452" name="CAPRI EVENT" type="1" provider="TCD" onid="8572" tsid="32854" namespace="0xeeee0000" />
        <service id="0x01c3" sid="451" name="CAPRI EVENT2" type="1" provider="TCD" onid="8572" tsid="32854" namespace="0xeeee0000" />
        <service id="0x000b" sid="11" name="MEDIACAPRI 11" type="1" provider="TCD" onid="8572" tsid="32854" namespace="0xeeee0000" />
        <service id="0x0bbc" sid="3004" name="NOTTE PARADISE TV" type="1" provider="TCD" onid="8572" tsid="32854" namespace="0xeeee0000" />
        <service id="0x00ca" sid="202" name="TELECAPRI" type="1" provider="BS" onid="8572" tsid="32854" namespace="0xeeee0000" />
        <service id="0x016a" sid="362" name="RADIO CAPRI" type="2" provider="TCD" onid="8572" tsid="32854" namespace="0xeeee0000" radio="1" />
        <service id="0x016b" sid="363" name="RADIO CAPRI" type="2" provider="TCD" onid="8572" tsid="32854" namespace="0xeeee0000" radio="1" />
      </transponder>
    </terrestrial>
  </terrestrials>
</zapit>
