<?xml version='1.0' encoding='utf-8'?>
<zapit api="4">
  <terrestrials>
    <terrestrial key="eeee0000:80de:217c" name="ANTENNA-3" namespace="0xeeee0000">
      <transponder key="eeee0000:80de:217c" frequency="650000000" symbol_rate="0" polarization="H" fec="5" system="0" modulation="4">
        <service id="0x01fa" sid="506" name="ANGRI 24" type="1" provider="ANTENNA 3" onid="8572" tsid="32990" namespace="0xeeee0000" />
        <service id="0x025e" sid="606" name="ANGRI 24" type="1" provider="ANTENNA 3" onid="8572" tsid="32990" namespace="0xeeee0000" />
        <service id="0x01f6" sid="502" name="ANTENNA 3" type="1" provider="ANTENNA 3" onid="8572" tsid="32990" namespace="0xeeee0000" />
        <service id="0x025a" sid="602" name="ANTENNA 3" type="1" provider="ANTENNA 3" onid="8572" tsid="32990" namespace="0xeeee0000" />
        <service id="0x07ac" sid="1964" name="CALCIO NAPOLI 24" type="1" provider="ANTENNA 3" onid="8572" tsid="32990" namespace="0xeeee0000" />
        <service id="0x06ea" sid="1770" name="CANALE 11" type="1" provider="ANTENNA 3" onid="8572" tsid="32990" namespace="0xeeee0000" />
        <service id="0x2af8" sid="11000" name="CLUB ECONOMY TV" type="1" provider="ANTENNA 3" onid="8572" tsid="32990" namespace="0xeeee0000" />
        <service id="0x2ee0" sid="12000" name="FL TELEVISION" type="1" provider="ANTENNA 3" onid="8572" tsid="32990" namespace="0xeeee0000" />
        <service id="0x01fc" sid="508" name="FM MUSIC" type="1" provider="ANTENNA 3" onid="8572" tsid="32990" namespace="0xeeee0000" />
        <service id="0x0396" sid="918" name="MONDO TV" type="1" provider="ANTENNA 3" onid="8572" tsid="32990" namespace="0xeeee0000" />
        <service id="0x251c" sid="9500" name="PANORAMA TV" type="1" provider="ANTENNA 3" onid="8572" tsid="32990" namespace="0xeeee0000" />
        <service id="0x30d4" sid="12500" name="PORTICI TV" type="1" provider="ANTENNA 3" onid="8572" tsid="32990" namespace="0xeeee0000" />
        <service id="0x01f8" sid="504" name="RTA LIVE" type="1" provider="ANTENNA 3" onid="8572" tsid="32990" namespace="0xeeee0000" />
        <service id="0x2cec" sid="11500" name="RTN TV" type="1" provider="ANTENNA 3" onid="8572" tsid="32990" namespace="0xeeee0000" />
        <service id="0x01f5" sid="501" name="Secondo Canale" type="1" provider="ANTENNA 3" onid="8572" tsid="32990" namespace="0xeeee0000" />
        <service id="0x0a96" sid="2710" name="SPAZIO TV" type="1" provider="ANTENNA 3" onid="8572" tsid="32990" namespace="0xeeee0000" />
        <service id="0x0b58" sid="2904" name="TELEBLU" type="1" provider="ANTENNA 3" onid="8572" tsid="32990" namespace="0xeeee0000" />
        <service id="0x025f" sid="607" name="TELEFUTURA" type="1" provider="ANTENNA 3" onid="8572" tsid="32990" namespace="0xeeee0000" />
        <service id="0x1b58" sid="7000" name="Telefutura eventi" type="1" provider="ANTENNA 3" onid="8572" tsid="32990" namespace="0xeeee0000" />
        <service id="0x32c8" sid="13000" name="TLC" type="1" provider="ANTENNA 3" onid="8572" tsid="32990" namespace="0xeeee0000" />
        <service id="0x01f9" sid="505" name="TV LUNA NAPOLI" type="1" provider="ANTENNA 3" onid="8572" tsid="32990" namespace="0xeeee0000" />
        <service id="0x1d4c" sid="7500" name="TV3 Baiano" type="1" provider="ANTENNA 3" onid="8572" tsid="32990" namespace="0xeeee0000" />
        <service id="0x0068" sid="104" name="Yes TV" type="1" provider="ANTENNA 3" onid="8572" tsid="32990" namespace="0xeeee0000" />
        <service id="0x1f40" sid="8000" name="Yes TV" type="1" provider="ANTENNA 3" onid="8572" tsid="32990" namespace="0xeeee0000" />
      </transponder>
    </terrestrial>
  </terrestrials>
</zapit>
