{
  "api_version": 4,
  "bouquet_count": "330",
  "category": "all",
  "deduplicated_services": "0",
  "display_name": "All",
  "lamedb_version": "4",
  "last_seen": "unknown",
  "service_count": "1979",
  "source": "work/ingest/oe-alliance/vhannibal.hotbird.and.dtt.roma/enigma2",
  "stale": "unknown",
  "stats": "{\"bouquet_count\": 43, \"cable_services\": 0, \"radio_services\": 274, \"sat_services\": 1598, \"terrestrial_services\": 381, \"total_services\": 1979}",
  "thresholds": "{\"cable\": 20, \"sat\": 50, \"terrestrial\": 20}",
  "transponder_count": "112"
}