{
  "api_version": 4,
  "bouquet_count": "69",
  "category": "all",
  "deduplicated_services": "0",
  "display_name": "All",
  "lamedb_version": "4",
  "last_seen": "unknown",
  "service_count": "2982",
  "source": "work/ingest/oe-alliance/vhannibal.dual.feeds.and.dtt.campania/enigma2",
  "stale": "unknown",
  "stats": "{\"bouquet_count\": 45, \"cable_services\": 0, \"radio_services\": 406, \"sat_services\": 2674, \"terrestrial_services\": 308, \"total_services\": 2982}",
  "thresholds": "{\"cable\": 20, \"sat\": 50, \"terrestrial\": 20}",
  "transponder_count": "215"
}