<?xml version='1.0' encoding='utf-8'?>
<zapit api="4">
  <terrestrials>
    <terrestrial key="eeee0000:032a:0110" name="ns-eeee0000" namespace="0xeeee0000">
      <transponder key="eeee0000:032a:0110" frequency="786000000" symbol_rate="0" polarization="H" fec="5" system="0" modulation="4">
        <service id="0x07d9" sid="2009" name="SPORTITALIA HD" type="25" provider="" onid="272" tsid="810" namespace="0xeeee0000" />
      </transponder>
    </terrestrial>
    <terrestrial key="eeee0000:03ac:0110" name="ns-eeee0000" namespace="0xeeee0000">
      <transponder key="eeee0000:03ac:0110" frequency="698000000" symbol_rate="0" polarization="H" fec="5" system="0" modulation="4">
        <service id="0x0fb9" sid="4025" name="Canale5" type="1" provider="" onid="272" tsid="940" namespace="0xeeee0000" />
        <service id="0x0fa5" sid="4005" name="Canale5 (provvisorio)" type="1" provider="" onid="272" tsid="940" namespace="0xeeee0000" />
        <service id="0x03f5" sid="1013" name="Iris" type="25" provider="" onid="272" tsid="940" namespace="0xeeee0000" />
        <service id="0x0faf" sid="4015" name="Iris (provvisorio)" type="1" provider="" onid="272" tsid="940" namespace="0xeeee0000" />
        <service id="0x0fba" sid="4026" name="Italia1" type="1" provider="" onid="272" tsid="940" namespace="0xeeee0000" />
        <service id="0x0fa6" sid="4006" name="Italia1 (provvisorio)" type="1" provider="" onid="272" tsid="940" namespace="0xeeee0000" />
        <service id="0x03f3" sid="1011" name="La 5" type="25" provider="" onid="272" tsid="940" namespace="0xeeee0000" />
        <service id="0x0fad" sid="4013" name="La 5 (provvisorio)" type="1" provider="" onid="272" tsid="940" namespace="0xeeee0000" />
        <service id="0x0fb8" sid="4024" name="Rete4" type="1" provider="" onid="272" tsid="940" namespace="0xeeee0000" />
        <service id="0x0fa4" sid="4004" name="Rete4 (provvisorio)" type="1" provider="" onid="272" tsid="940" namespace="0xeeee0000" />
        <service id="0x042c" sid="1068" name="Test HEVC Main10" type="31" provider="" onid="272" tsid="940" namespace="0xeeee0000" />
        <service id="0x03f4" sid="1012" name="TGCOM24" type="22" provider="" onid="272" tsid="940" namespace="0xeeee0000" />
        <service id="0x0fae" sid="4014" name="TGCOM24" type="22" provider="" onid="272" tsid="940" namespace="0xeeee0000" />
      </transponder>
    </terrestrial>
    <terrestrial key="eeee0000:03b6:0110" name="ns-eeee0000" namespace="0xeeee0000">
      <transponder key="eeee0000:03b6:0110" frequency="754000000" symbol_rate="0" polarization="H" fec="5" system="0" modulation="4">
        <service id="0x141a" sid="5146" name="Sky Sport" type="1" provider="" onid="272" tsid="950" namespace="0xeeee0000" />
        <service id="0x141b" sid="5147" name="Sky Sport" type="1" provider="" onid="272" tsid="950" namespace="0xeeee0000" />
        <service id="0x143b" sid="5179" name="Sky Sport 24" type="1" provider="" onid="272" tsid="950" namespace="0xeeee0000" />
        <service id="0x058b" sid="1419" name="Sky Sport Calcio" type="1" provider="" onid="272" tsid="950" namespace="0xeeee0000" />
        <service id="0x059f" sid="1439" name="Sky Sport Uno" type="1" provider="" onid="272" tsid="950" namespace="0xeeee0000" />
        <service id="0x143a" sid="5178" name="Sky Sport Uno HD" type="25" provider="" onid="272" tsid="950" namespace="0xeeee0000" />
        <service id="0x143c" sid="5180" name="Sky Uno" type="1" provider="" onid="272" tsid="950" namespace="0xeeee0000" />
      </transponder>
    </terrestrial>
  </terrestrials>
</zapit>
