{
  "api_version": 4,
  "bouquet_count": "726",
  "category": "sat",
  "deduplicated_services": "0",
  "display_name": "Hotbird-13.0E",
  "lamedb_version": "4",
  "last_seen": "unknown",
  "satellite_code": "S13E",
  "service_count": "3965",
  "source": "work/ingest/oe-alliance/vhannibal.quad.9e.13e.16e.19e/enigma2",
  "stale": "unknown",
  "stats": "{\"bouquet_count\": 45, \"cable_services\": 0, \"radio_services\": 507, \"sat_services\": 3965, \"terrestrial_services\": 0, \"total_services\": 3965}",
  "thresholds": "{\"cable\": 20, \"sat\": 50, \"terrestrial\": 20}",
  "transponder_count": "266"
}