{
  "api_version": 4,
  "bouquet_count": "36",
  "category": "sat",
  "deduplicated_services": "0",
  "display_name": "Astra-19.2E",
  "lamedb_version": "4",
  "last_seen": "unknown",
  "satellite_code": "S19.2E",
  "service_count": "2429",
  "source": "work/ingest/oe-alliance/malimali.13e.19e/enigma2",
  "stale": "unknown",
  "stats": "{\"bouquet_count\": 34, \"cable_services\": 0, \"radio_services\": 0, \"sat_services\": 2429, \"terrestrial_services\": 0, \"total_services\": 2429}",
  "thresholds": "{\"cable\": 20, \"sat\": 50, \"terrestrial\": 20}",
  "transponder_count": "202"
}