<?xml version='1.0' encoding='utf-8'?>
<zapit>
  <bouquet name="General" category="tv">
    <channel service_ref="1:0:22:03f2:0001:2283:02250000:0:0:0:" name="01 ПЕРВЫЙ КАНАЛ" service_name="01 ПЕРВЫЙ КАНАЛ" provider="РТРС" sid="1010" onid="8835" tsid="1" />
    <channel service_ref="1:0:22:03f2:0001:2283:0225b182:0:0:0:" name="01 ПЕРВЫЙ КАНАЛ" service_name="01 ПЕРВЫЙ КАНАЛ" provider="РТРС" sid="1010" onid="8835" tsid="1" />
    <channel service_ref="1:0:22:03fc:0000:2283:02250000:0:0:0:" name="02 РОССИЯ-1" service_name="02 РОССИЯ-1" provider="РТРС" sid="1020" onid="8835" tsid="0" />
    <channel service_ref="1:0:22:03fc:0002:2283:02250000:0:0:0:" name="02 РОССИЯ-1" service_name="02 РОССИЯ-1" provider="РТРС" sid="1020" onid="8835" tsid="2" />
    <channel service_ref="1:0:22:03fc:0003:2283:02250000:0:0:0:" name="02 РОССИЯ-1" service_name="02 РОССИЯ-1" provider="РТРС" sid="1020" onid="8835" tsid="3" />
    <channel service_ref="1:0:22:03fc:0014:2283:02250000:0:0:0:" name="02 РОССИЯ-1" service_name="02 РОССИЯ-1" provider="РТРС" sid="1020" onid="8835" tsid="20" />
    <channel service_ref="1:0:22:03fc:0000:0000:0225b147:0:0:0:" name="02 РОССИЯ-1" service_name="02 РОССИЯ-1" provider="РТРС" sid="1020" onid="0" tsid="0" />
    <channel service_ref="1:0:22:03fc:0000:0000:0225b14e:0:0:0:" name="02 РОССИЯ-1" service_name="02 РОССИЯ-1" provider="РТРС" sid="1020" onid="0" tsid="0" />
    <channel service_ref="1:0:22:03fc:0000:0000:0225b168:0:0:0:" name="02 РОССИЯ-1" service_name="02 РОССИЯ-1" provider="РТРС" sid="1020" onid="0" tsid="0" />
    <channel service_ref="1:0:22:00c4:0001:2283:02250000:0:0:0:" name="03 МАТЧ!" service_name="03 МАТЧ!" provider="РТРС" sid="196" onid="8835" tsid="1" />
    <channel service_ref="1:0:22:00c4:0001:2283:0225b182:0:0:0:" name="03 МАТЧ!" service_name="03 МАТЧ!" provider="РТРС" sid="196" onid="8835" tsid="1" />
    <channel service_ref="1:0:22:019a:0001:2283:02250000:0:0:0:" name="04 НТВ" service_name="04 НТВ" provider="РТРС" sid="410" onid="8835" tsid="1" />
    <channel service_ref="1:0:22:019a:0001:2283:0225b182:0:0:0:" name="04 НТВ" service_name="04 НТВ" provider="РТРС" sid="410" onid="8835" tsid="1" />
    <channel service_ref="1:0:22:041a:0001:2283:02250000:0:0:0:" name="05 ПЯТЫЙ КАНАЛ" service_name="05 ПЯТЫЙ КАНАЛ" provider="РТРС" sid="1050" onid="8835" tsid="1" />
    <channel service_ref="1:0:22:041a:0001:2283:0225b182:0:0:0:" name="05 ПЯТЫЙ КАНАЛ" service_name="05 ПЯТЫЙ КАНАЛ" provider="РТРС" sid="1050" onid="8835" tsid="1" />
    <channel service_ref="1:0:22:01a8:0001:2283:02250000:0:0:0:" name="06 РОССИЯ-К" service_name="06 РОССИЯ-К" provider="РТРС" sid="424" onid="8835" tsid="1" />
    <channel service_ref="1:0:22:01a8:0001:2283:0225b182:0:0:0:" name="06 РОССИЯ-К" service_name="06 РОССИЯ-К" provider="РТРС" sid="424" onid="8835" tsid="1" />
    <channel service_ref="1:0:22:042e:0000:2283:02250000:0:0:0:" name="07 РОССИЯ-24" service_name="07 РОССИЯ-24" provider="РТРС" sid="1070" onid="8835" tsid="0" />
    <channel service_ref="1:0:22:042e:0002:2283:02250000:0:0:0:" name="07 РОССИЯ-24" service_name="07 РОССИЯ-24" provider="РТРС" sid="1070" onid="8835" tsid="2" />
    <channel service_ref="1:0:22:042e:0003:2283:02250000:0:0:0:" name="07 РОССИЯ-24" service_name="07 РОССИЯ-24" provider="РТРС" sid="1070" onid="8835" tsid="3" />
    <channel service_ref="1:0:22:042e:0014:2283:02250000:0:0:0:" name="07 РОССИЯ-24" service_name="07 РОССИЯ-24" provider="РТРС" sid="1070" onid="8835" tsid="20" />
    <channel service_ref="1:0:22:042e:0000:0000:0225b147:0:0:0:" name="07 РОССИЯ-24" service_name="07 РОССИЯ-24" provider="РТРС" sid="1070" onid="0" tsid="0" />
    <channel service_ref="1:0:22:042e:0000:0000:0225b14e:0:0:0:" name="07 РОССИЯ-24" service_name="07 РОССИЯ-24" provider="РТРС" sid="1070" onid="0" tsid="0" />
    <channel service_ref="1:0:22:042e:0000:0000:0225b168:0:0:0:" name="07 РОССИЯ-24" service_name="07 РОССИЯ-24" provider="РТРС" sid="1070" onid="0" tsid="0" />
    <channel service_ref="1:0:22:01b6:0001:2283:02250000:0:0:0:" name="08 КАРУСЕЛЬ" service_name="08 КАРУСЕЛЬ" provider="РТРС" sid="438" onid="8835" tsid="1" />
    <channel service_ref="1:0:22:01b6:0001:2283:0225b182:0:0:0:" name="08 КАРУСЕЛЬ" service_name="08 КАРУСЕЛЬ" provider="РТРС" sid="438" onid="8835" tsid="1" />
    <channel service_ref="1:0:22:01ba:0002:2283:02250000:0:0:0:" name="09 ОТР" service_name="09 ОТР" provider="РТРС" sid="442" onid="8835" tsid="2" />
    <channel service_ref="1:0:22:01ba:0003:2283:02250000:0:0:0:" name="09 ОТР" service_name="09 ОТР" provider="РТРС" sid="442" onid="8835" tsid="3" />
    <channel service_ref="1:0:22:01ba:0014:2283:02250000:0:0:0:" name="09 ОТР" service_name="09 ОТР" provider="РТРС" sid="442" onid="8835" tsid="20" />
    <channel service_ref="1:0:22:01ba:0000:0000:0225b147:0:0:0:" name="09 ОТР" service_name="09 ОТР" provider="РТРС" sid="442" onid="0" tsid="0" />
    <channel service_ref="1:0:22:01ba:0000:0000:0225b14e:0:0:0:" name="09 ОТР" service_name="09 ОТР" provider="РТРС" sid="442" onid="0" tsid="0" />
    <channel service_ref="1:0:22:01ba:0000:0000:0225b168:0:0:0:" name="09 ОТР" service_name="09 ОТР" provider="РТРС" sid="442" onid="0" tsid="0" />
    <channel service_ref="1:0:22:044c:0001:2283:02250000:0:0:0:" name="10 ТВ Центр" service_name="10 ТВ Центр" provider="РТРС" sid="1100" onid="8835" tsid="1" />
    <channel service_ref="1:0:22:044c:0001:2283:0225b182:0:0:0:" name="10 ТВ Центр" service_name="10 ТВ Центр" provider="РТРС" sid="1100" onid="8835" tsid="1" />
    <channel service_ref="1:0:22:07da:000b:2283:02250000:0:0:0:" name="11 РЕН ТВ" service_name="11 РЕН ТВ" provider="РТРС" sid="2010" onid="8835" tsid="11" />
    <channel service_ref="1:0:22:07e4:000b:2283:02250000:0:0:0:" name="12 Спас" service_name="12 Спас" provider="РТРС" sid="2020" onid="8835" tsid="11" />
    <channel service_ref="1:0:22:07ee:000b:2283:02250000:0:0:0:" name="13 СТС" service_name="13 СТС" provider="РТРС" sid="2030" onid="8835" tsid="11" />
    <channel service_ref="1:0:22:07f8:000b:2283:02250000:0:0:0:" name="14 Домашний" service_name="14 Домашний" provider="РТРС" sid="2040" onid="8835" tsid="11" />
    <channel service_ref="1:0:22:0142:000b:2283:02250000:0:0:0:" name="15 ТВ3" service_name="15 ТВ3" provider="РТРС" sid="322" onid="8835" tsid="11" />
    <channel service_ref="1:0:22:080c:000b:2283:02250000:0:0:0:" name="16 Пятница" service_name="16 Пятница" provider="РТРС" sid="2060" onid="8835" tsid="11" />
    <channel service_ref="1:0:22:014a:000b:2283:02250000:0:0:0:" name="17 Звезда" service_name="17 Звезда" provider="РТРС" sid="330" onid="8835" tsid="11" />
    <channel service_ref="1:0:22:014e:000b:2283:02250000:0:0:0:" name="18 МИР" service_name="18 МИР" provider="РТРС" sid="334" onid="8835" tsid="11" />
    <channel service_ref="1:0:22:082a:000b:2283:02250000:0:0:0:" name="19 ТНТ" service_name="19 ТНТ" provider="РТРС" sid="2090" onid="8835" tsid="11" />
    <channel service_ref="1:0:22:0156:000b:2283:02250000:0:0:0:" name="20 МУЗ ТВ" service_name="20 МУЗ ТВ" provider="РТРС" sid="342" onid="8835" tsid="11" />
    <channel service_ref="1:0:1:0001:0001:0000:022530f3:0:0:0:" name="Business" service_name="Business" provider="CONNECTO.TV" sid="1" onid="0" tsid="1" />
    <channel service_ref="1:0:1:00a0:0009:055e:02250000:0:0:0:" name="Crimea 24" service_name="Crimea 24" provider="STP" sid="160" onid="1374" tsid="9" />
    <channel service_ref="1:0:1:0002:0009:055e:02250000:0:0:0:" name="Kanal Disney +2" service_name="Kanal Disney +2" provider="GAZPROM_SS" sid="2" onid="1374" tsid="9" />
    <channel service_ref="1:0:1:0bcc:0001:0001:0225b1a1:0:0:0:" name="Mir-24" service_name="Mir-24" provider="RSCC" sid="3020" onid="1" tsid="1" />
    <channel service_ref="1:0:1:0c08:0001:0001:0225b1a1:0:0:0:" name="Moskva-24" service_name="Moskva-24" provider="RSCC" sid="3080" onid="1" tsid="1" />
    <channel service_ref="1:0:1:003c:0009:055e:02250000:0:0:0:" name="Perviy Crimea" service_name="Perviy Crimea" provider="STP" sid="60" onid="1374" tsid="9" />
    <channel service_ref="1:0:1:019f:0001:0000:022530f3:0:0:0:" name="Radio Kniga" service_name="Radio Kniga" provider="CONNECTO.TV" sid="415" onid="0" tsid="1" />
    <channel service_ref="1:0:1:004e:0009:055e:02250000:0:0:0:" name="TB 41" service_name="TB 41" provider="GAZPROM_SS" sid="78" onid="1374" tsid="9" />
    <channel service_ref="1:0:1:0003:0009:055e:02250000:0:0:0:" name="U +2" service_name="U +2" provider="GAZPROM_SS" sid="3" onid="1374" tsid="9" />
  </bouquet>
  <bouquet name="Kids" category="tv">
    <channel service_ref="1:0:1:0002:0009:055e:02250000:0:0:0:" name="Kanal Disney +2" service_name="Kanal Disney +2" provider="GAZPROM_SS" sid="2" onid="1374" tsid="9" />
  </bouquet>
  <bouquet name="Switzerland" category="tv">
    <channel service_ref="1:0:22:00c4:0001:2283:02250000:0:0:0:" name="03 МАТЧ!" service_name="03 МАТЧ!" provider="РТРС" sid="196" onid="8835" tsid="1" />
    <channel service_ref="1:0:22:00c4:0001:2283:0225b182:0:0:0:" name="03 МАТЧ!" service_name="03 МАТЧ!" provider="РТРС" sid="196" onid="8835" tsid="1" />
    <channel service_ref="1:0:22:041a:0001:2283:02250000:0:0:0:" name="05 ПЯТЫЙ КАНАЛ" service_name="05 ПЯТЫЙ КАНАЛ" provider="РТРС" sid="1050" onid="8835" tsid="1" />
    <channel service_ref="1:0:22:041a:0001:2283:0225b182:0:0:0:" name="05 ПЯТЫЙ КАНАЛ" service_name="05 ПЯТЫЙ КАНАЛ" provider="РТРС" sid="1050" onid="8835" tsid="1" />
    <channel service_ref="1:0:22:07ee:000b:2283:02250000:0:0:0:" name="13 СТС" service_name="13 СТС" provider="РТРС" sid="2030" onid="8835" tsid="11" />
    <channel service_ref="1:0:22:0142:000b:2283:02250000:0:0:0:" name="15 ТВ3" service_name="15 ТВ3" provider="РТРС" sid="322" onid="8835" tsid="11" />
  </bouquet>
  <bouquet name="Others" category="tv">
    <channel service_ref="1:0:22:03f2:0001:2283:02250000:0:0:0:" name="01 ПЕРВЫЙ КАНАЛ" service_name="01 ПЕРВЫЙ КАНАЛ" provider="РТРС" sid="1010" onid="8835" tsid="1" />
    <channel service_ref="1:0:22:03f2:0001:2283:0225b182:0:0:0:" name="01 ПЕРВЫЙ КАНАЛ" service_name="01 ПЕРВЫЙ КАНАЛ" provider="РТРС" sid="1010" onid="8835" tsid="1" />
    <channel service_ref="1:0:22:03fc:0000:2283:02250000:0:0:0:" name="02 РОССИЯ-1" service_name="02 РОССИЯ-1" provider="РТРС" sid="1020" onid="8835" tsid="0" />
    <channel service_ref="1:0:22:03fc:0002:2283:02250000:0:0:0:" name="02 РОССИЯ-1" service_name="02 РОССИЯ-1" provider="РТРС" sid="1020" onid="8835" tsid="2" />
    <channel service_ref="1:0:22:03fc:0003:2283:02250000:0:0:0:" name="02 РОССИЯ-1" service_name="02 РОССИЯ-1" provider="РТРС" sid="1020" onid="8835" tsid="3" />
    <channel service_ref="1:0:22:03fc:0014:2283:02250000:0:0:0:" name="02 РОССИЯ-1" service_name="02 РОССИЯ-1" provider="РТРС" sid="1020" onid="8835" tsid="20" />
    <channel service_ref="1:0:22:03fc:0000:0000:0225b147:0:0:0:" name="02 РОССИЯ-1" service_name="02 РОССИЯ-1" provider="РТРС" sid="1020" onid="0" tsid="0" />
    <channel service_ref="1:0:22:03fc:0000:0000:0225b14e:0:0:0:" name="02 РОССИЯ-1" service_name="02 РОССИЯ-1" provider="РТРС" sid="1020" onid="0" tsid="0" />
    <channel service_ref="1:0:22:03fc:0000:0000:0225b168:0:0:0:" name="02 РОССИЯ-1" service_name="02 РОССИЯ-1" provider="РТРС" sid="1020" onid="0" tsid="0" />
    <channel service_ref="1:0:22:019a:0001:2283:02250000:0:0:0:" name="04 НТВ" service_name="04 НТВ" provider="РТРС" sid="410" onid="8835" tsid="1" />
    <channel service_ref="1:0:22:019a:0001:2283:0225b182:0:0:0:" name="04 НТВ" service_name="04 НТВ" provider="РТРС" sid="410" onid="8835" tsid="1" />
    <channel service_ref="1:0:22:01a8:0001:2283:02250000:0:0:0:" name="06 РОССИЯ-К" service_name="06 РОССИЯ-К" provider="РТРС" sid="424" onid="8835" tsid="1" />
    <channel service_ref="1:0:22:01a8:0001:2283:0225b182:0:0:0:" name="06 РОССИЯ-К" service_name="06 РОССИЯ-К" provider="РТРС" sid="424" onid="8835" tsid="1" />
    <channel service_ref="1:0:22:042e:0000:2283:02250000:0:0:0:" name="07 РОССИЯ-24" service_name="07 РОССИЯ-24" provider="РТРС" sid="1070" onid="8835" tsid="0" />
    <channel service_ref="1:0:22:042e:0002:2283:02250000:0:0:0:" name="07 РОССИЯ-24" service_name="07 РОССИЯ-24" provider="РТРС" sid="1070" onid="8835" tsid="2" />
    <channel service_ref="1:0:22:042e:0003:2283:02250000:0:0:0:" name="07 РОССИЯ-24" service_name="07 РОССИЯ-24" provider="РТРС" sid="1070" onid="8835" tsid="3" />
    <channel service_ref="1:0:22:042e:0014:2283:02250000:0:0:0:" name="07 РОССИЯ-24" service_name="07 РОССИЯ-24" provider="РТРС" sid="1070" onid="8835" tsid="20" />
    <channel service_ref="1:0:22:042e:0000:0000:0225b147:0:0:0:" name="07 РОССИЯ-24" service_name="07 РОССИЯ-24" provider="РТРС" sid="1070" onid="0" tsid="0" />
    <channel service_ref="1:0:22:042e:0000:0000:0225b14e:0:0:0:" name="07 РОССИЯ-24" service_name="07 РОССИЯ-24" provider="РТРС" sid="1070" onid="0" tsid="0" />
    <channel service_ref="1:0:22:042e:0000:0000:0225b168:0:0:0:" name="07 РОССИЯ-24" service_name="07 РОССИЯ-24" provider="РТРС" sid="1070" onid="0" tsid="0" />
    <channel service_ref="1:0:22:01b6:0001:2283:02250000:0:0:0:" name="08 КАРУСЕЛЬ" service_name="08 КАРУСЕЛЬ" provider="РТРС" sid="438" onid="8835" tsid="1" />
    <channel service_ref="1:0:22:01b6:0001:2283:0225b182:0:0:0:" name="08 КАРУСЕЛЬ" service_name="08 КАРУСЕЛЬ" provider="РТРС" sid="438" onid="8835" tsid="1" />
    <channel service_ref="1:0:22:01ba:0002:2283:02250000:0:0:0:" name="09 ОТР" service_name="09 ОТР" provider="РТРС" sid="442" onid="8835" tsid="2" />
    <channel service_ref="1:0:22:01ba:0003:2283:02250000:0:0:0:" name="09 ОТР" service_name="09 ОТР" provider="РТРС" sid="442" onid="8835" tsid="3" />
    <channel service_ref="1:0:22:01ba:0014:2283:02250000:0:0:0:" name="09 ОТР" service_name="09 ОТР" provider="РТРС" sid="442" onid="8835" tsid="20" />
    <channel service_ref="1:0:22:01ba:0000:0000:0225b147:0:0:0:" name="09 ОТР" service_name="09 ОТР" provider="РТРС" sid="442" onid="0" tsid="0" />
    <channel service_ref="1:0:22:01ba:0000:0000:0225b14e:0:0:0:" name="09 ОТР" service_name="09 ОТР" provider="РТРС" sid="442" onid="0" tsid="0" />
    <channel service_ref="1:0:22:01ba:0000:0000:0225b168:0:0:0:" name="09 ОТР" service_name="09 ОТР" provider="РТРС" sid="442" onid="0" tsid="0" />
    <channel service_ref="1:0:22:044c:0001:2283:02250000:0:0:0:" name="10 ТВ Центр" service_name="10 ТВ Центр" provider="РТРС" sid="1100" onid="8835" tsid="1" />
    <channel service_ref="1:0:22:044c:0001:2283:0225b182:0:0:0:" name="10 ТВ Центр" service_name="10 ТВ Центр" provider="РТРС" sid="1100" onid="8835" tsid="1" />
    <channel service_ref="1:0:22:07da:000b:2283:02250000:0:0:0:" name="11 РЕН ТВ" service_name="11 РЕН ТВ" provider="РТРС" sid="2010" onid="8835" tsid="11" />
    <channel service_ref="1:0:22:07e4:000b:2283:02250000:0:0:0:" name="12 Спас" service_name="12 Спас" provider="РТРС" sid="2020" onid="8835" tsid="11" />
    <channel service_ref="1:0:22:07f8:000b:2283:02250000:0:0:0:" name="14 Домашний" service_name="14 Домашний" provider="РТРС" sid="2040" onid="8835" tsid="11" />
    <channel service_ref="1:0:22:080c:000b:2283:02250000:0:0:0:" name="16 Пятница" service_name="16 Пятница" provider="РТРС" sid="2060" onid="8835" tsid="11" />
    <channel service_ref="1:0:22:014a:000b:2283:02250000:0:0:0:" name="17 Звезда" service_name="17 Звезда" provider="РТРС" sid="330" onid="8835" tsid="11" />
    <channel service_ref="1:0:22:014e:000b:2283:02250000:0:0:0:" name="18 МИР" service_name="18 МИР" provider="РТРС" sid="334" onid="8835" tsid="11" />
    <channel service_ref="1:0:22:082a:000b:2283:02250000:0:0:0:" name="19 ТНТ" service_name="19 ТНТ" provider="РТРС" sid="2090" onid="8835" tsid="11" />
    <channel service_ref="1:0:22:0156:000b:2283:02250000:0:0:0:" name="20 МУЗ ТВ" service_name="20 МУЗ ТВ" provider="РТРС" sid="342" onid="8835" tsid="11" />
    <channel service_ref="1:0:1:0001:0001:0000:022530f3:0:0:0:" name="Business" service_name="Business" provider="CONNECTO.TV" sid="1" onid="0" tsid="1" />
    <channel service_ref="1:0:1:00a0:0009:055e:02250000:0:0:0:" name="Crimea 24" service_name="Crimea 24" provider="STP" sid="160" onid="1374" tsid="9" />
    <channel service_ref="1:0:1:0bcc:0001:0001:0225b1a1:0:0:0:" name="Mir-24" service_name="Mir-24" provider="RSCC" sid="3020" onid="1" tsid="1" />
    <channel service_ref="1:0:1:0c08:0001:0001:0225b1a1:0:0:0:" name="Moskva-24" service_name="Moskva-24" provider="RSCC" sid="3080" onid="1" tsid="1" />
    <channel service_ref="1:0:1:003c:0009:055e:02250000:0:0:0:" name="Perviy Crimea" service_name="Perviy Crimea" provider="STP" sid="60" onid="1374" tsid="9" />
    <channel service_ref="1:0:1:019f:0001:0000:022530f3:0:0:0:" name="Radio Kniga" service_name="Radio Kniga" provider="CONNECTO.TV" sid="415" onid="0" tsid="1" />
    <channel service_ref="1:0:1:004e:0009:055e:02250000:0:0:0:" name="TB 41" service_name="TB 41" provider="GAZPROM_SS" sid="78" onid="1374" tsid="9" />
    <channel service_ref="1:0:1:0003:0009:055e:02250000:0:0:0:" name="U +2" service_name="U +2" provider="GAZPROM_SS" sid="3" onid="1374" tsid="9" />
  </bouquet>
  <bouquet name="Radio" category="radio">
    <channel service_ref="1:0:2:0006:0001:0000:022530f3:0:0:0:" name="107.8" service_name="107.8" provider="CONNECTO.TV" sid="6" onid="0" tsid="1" />
    <channel service_ref="1:0:2:000c:0001:0000:022530f3:0:0:0:" name="Avtoradio_0" service_name="Avtoradio_0" provider="CONNECTO.TV" sid="12" onid="0" tsid="1" />
    <channel service_ref="1:0:2:000b:0001:0000:022530f3:0:0:0:" name="Avtoradio_2" service_name="Avtoradio_2" provider="CONNECTO.TV" sid="11" onid="0" tsid="1" />
    <channel service_ref="1:0:2:00c2:0001:0000:022530f3:0:0:0:" name="Avtoradio_4" service_name="Avtoradio_4" provider="CONNECTO.TV" sid="194" onid="0" tsid="1" />
    <channel service_ref="1:0:2:0009:0001:0000:022530f3:0:0:0:" name="Avtoradio_MSK" service_name="Avtoradio_MSK" provider="CONNECTO.TV" sid="9" onid="0" tsid="1" />
    <channel service_ref="1:0:2:000e:0001:0000:022530f3:0:0:0:" name="Comedy_M0" service_name="Comedy_M0" provider="CONNECTO.TV" sid="14" onid="0" tsid="1" />
    <channel service_ref="1:0:2:0007:0001:0000:022530f3:0:0:0:" name="Comedy_M2" service_name="Comedy_M2" provider="CONNECTO.TV" sid="7" onid="0" tsid="1" />
    <channel service_ref="1:0:2:0034:0009:055e:02250000:0:0:0:" name="CTPAHA FM" service_name="CTPAHA FM" provider="GAZPROM_SS" sid="52" onid="1374" tsid="9" />
    <channel service_ref="1:0:2:0008:0001:0000:022530f3:0:0:0:" name="Energy_M0" service_name="Energy_M0" provider="CONNECTO.TV" sid="8" onid="0" tsid="1" />
    <channel service_ref="1:0:2:019c:0001:0000:022530f3:0:0:0:" name="Energy_M2" service_name="Energy_M2" provider="CONNECTO.TV" sid="412" onid="0" tsid="1" />
    <channel service_ref="1:0:2:006e:0009:055e:02250000:0:0:0:" name="FWcontrol" service_name="FWcontrol" provider="GAZPROM_SS" sid="110" onid="1374" tsid="9" />
    <channel service_ref="1:0:2:0002:0001:0000:022530f3:0:0:0:" name="Humor_0" service_name="Humor_0" provider="CONNECTO.TV" sid="2" onid="0" tsid="1" />
    <channel service_ref="1:0:2:002b:0001:0000:022530f3:0:0:0:" name="Humor_2" service_name="Humor_2" provider="CONNECTO.TV" sid="43" onid="0" tsid="1" />
    <channel service_ref="1:0:2:00c6:0001:0000:022530f3:0:0:0:" name="Humor_4" service_name="Humor_4" provider="CONNECTO.TV" sid="198" onid="0" tsid="1" />
    <channel service_ref="1:0:2:000d:0001:0000:022530f3:0:0:0:" name="Humor_MR" service_name="Humor_MR" provider="CONNECTO.TV" sid="13" onid="0" tsid="1" />
    <channel service_ref="1:0:2:00aa:0009:055e:02250000:0:0:0:" name="Radio Crimea" service_name="Radio Crimea" provider="STP" sid="170" onid="1374" tsid="9" />
    <channel service_ref="1:0:2:00b4:0009:055e:02250000:0:0:0:" name="Radio More" service_name="Radio More" provider="STP" sid="180" onid="1374" tsid="9" />
    <channel service_ref="1:0:2:008c:0009:055e:02250000:0:0:0:" name="Radio Record" service_name="Radio Record" provider="GAZPROM_SS" sid="140" onid="1374" tsid="9" />
    <channel service_ref="1:0:2:000a:0001:0000:022530f3:0:0:0:" name="Relax" service_name="Relax" provider="CONNECTO.TV" sid="10" onid="0" tsid="1" />
    <channel service_ref="1:0:2:019d:0001:0000:022530f3:0:0:0:" name="Romantika" service_name="Romantika" provider="CONNECTO.TV" sid="413" onid="0" tsid="1" />
    <channel service_ref="1:0:2:01c8:0001:2283:02250000:0:0:0:" name="ВЕСТИ ФМ" service_name="ВЕСТИ ФМ" provider="РТРС" sid="456" onid="8835" tsid="1" />
    <channel service_ref="1:0:2:01c8:0001:2283:0225b182:0:0:0:" name="ВЕСТИ ФМ" service_name="ВЕСТИ ФМ" provider="РТРС" sid="456" onid="8835" tsid="1" />
    <channel service_ref="1:0:2:01cc:0001:2283:02250000:0:0:0:" name="МАЯК" service_name="МАЯК" provider="РТРС" sid="460" onid="8835" tsid="1" />
    <channel service_ref="1:0:2:01cc:0001:2283:0225b182:0:0:0:" name="МАЯК" service_name="МАЯК" provider="РТРС" sid="460" onid="8835" tsid="1" />
    <channel service_ref="1:0:2:046a:0000:2283:02250000:0:0:0:" name="Радио России" service_name="Радио России" provider="РТРС" sid="1130" onid="8835" tsid="0" />
    <channel service_ref="1:0:2:046a:0002:2283:02250000:0:0:0:" name="Радио России" service_name="Радио России" provider="РТРС" sid="1130" onid="8835" tsid="2" />
    <channel service_ref="1:0:2:046a:0003:2283:02250000:0:0:0:" name="Радио России" service_name="Радио России" provider="РТРС" sid="1130" onid="8835" tsid="3" />
    <channel service_ref="1:0:2:046a:0014:2283:02250000:0:0:0:" name="Радио России" service_name="Радио России" provider="РТРС" sid="1130" onid="8835" tsid="20" />
    <channel service_ref="1:0:2:046a:0000:0000:0225b147:0:0:0:" name="Радио России" service_name="Радио России" provider="РТРС" sid="1130" onid="0" tsid="0" />
    <channel service_ref="1:0:2:046a:0000:0000:0225b14e:0:0:0:" name="Радио России" service_name="Радио России" provider="РТРС" sid="1130" onid="0" tsid="0" />
    <channel service_ref="1:0:2:046a:0000:0000:0225b168:0:0:0:" name="Радио России" service_name="Радио России" provider="РТРС" sid="1130" onid="0" tsid="0" />
  </bouquet>
  <bouquet name="Radio - Music" category="radio">
    <channel service_ref="1:0:2:0034:0009:055e:02250000:0:0:0:" name="CTPAHA FM" service_name="CTPAHA FM" provider="GAZPROM_SS" sid="52" onid="1374" tsid="9" />
  </bouquet>
</zapit>
