<?xml version='1.0' encoding='utf-8'?>
<zapit api="4">
  <satellites>
    <satellite key="02250000:0000:2283" name="Sat-54.9E" namespace="0x02250000" position="54.9">
      <transponder key="02250000:0000:2283" frequency="12714000" symbol_rate="10260000" polarization="V" fec="3" system="0" modulation="0">
        <service id="0x03fc" sid="1020" name="02 РОССИЯ-1" type="22" provider="РТРС" onid="8835" tsid="0" namespace="0x02250000" />
        <service id="0x042e" sid="1070" name="07 РОССИЯ-24" type="22" provider="РТРС" onid="8835" tsid="0" namespace="0x02250000" />
        <service id="0x046a" sid="1130" name="Радио России" type="2" provider="РТРС" onid="8835" tsid="0" namespace="0x02250000" radio="1" />
      </transponder>
    </satellite>
    <satellite key="02250000:0001:2283" name="Sat-54.9E" namespace="0x02250000" position="54.9">
      <transponder key="02250000:0001:2283" frequency="12635000" symbol_rate="15284000" polarization="V" fec="3" system="0" modulation="0">
        <service id="0x03f2" sid="1010" name="01 ПЕРВЫЙ КАНАЛ" type="22" provider="РТРС" onid="8835" tsid="1" namespace="0x02250000" />
        <service id="0x00c4" sid="196" name="03 МАТЧ!" type="22" provider="РТРС" onid="8835" tsid="1" namespace="0x02250000" />
        <service id="0x019a" sid="410" name="04 НТВ" type="22" provider="РТРС" onid="8835" tsid="1" namespace="0x02250000" />
        <service id="0x041a" sid="1050" name="05 ПЯТЫЙ КАНАЛ" type="22" provider="РТРС" onid="8835" tsid="1" namespace="0x02250000" />
        <service id="0x01a8" sid="424" name="06 РОССИЯ-К" type="22" provider="РТРС" onid="8835" tsid="1" namespace="0x02250000" />
        <service id="0x01b6" sid="438" name="08 КАРУСЕЛЬ" type="22" provider="РТРС" onid="8835" tsid="1" namespace="0x02250000" />
        <service id="0x044c" sid="1100" name="10 ТВ Центр" type="22" provider="РТРС" onid="8835" tsid="1" namespace="0x02250000" />
        <service id="0x01c8" sid="456" name="ВЕСТИ ФМ" type="2" provider="РТРС" onid="8835" tsid="1" namespace="0x02250000" radio="1" />
        <service id="0x01cc" sid="460" name="МАЯК" type="2" provider="РТРС" onid="8835" tsid="1" namespace="0x02250000" radio="1" />
      </transponder>
    </satellite>
    <satellite key="02250000:0002:2283" name="Sat-54.9E" namespace="0x02250000" position="54.9">
      <transponder key="02250000:0002:2283" frequency="12635000" symbol_rate="15284000" polarization="V" fec="3" system="0" modulation="0">
        <service id="0x03fc" sid="1020" name="02 РОССИЯ-1" type="22" provider="РТРС" onid="8835" tsid="2" namespace="0x02250000" />
        <service id="0x042e" sid="1070" name="07 РОССИЯ-24" type="22" provider="РТРС" onid="8835" tsid="2" namespace="0x02250000" />
        <service id="0x01ba" sid="442" name="09 ОТР" type="22" provider="РТРС" onid="8835" tsid="2" namespace="0x02250000" />
        <service id="0x046a" sid="1130" name="Радио России" type="2" provider="РТРС" onid="8835" tsid="2" namespace="0x02250000" radio="1" />
      </transponder>
    </satellite>
    <satellite key="02250000:0003:2283" name="Sat-54.9E" namespace="0x02250000" position="54.9">
      <transponder key="02250000:0003:2283" frequency="12714000" symbol_rate="10260000" polarization="V" fec="3" system="0" modulation="0">
        <service id="0x03fc" sid="1020" name="02 РОССИЯ-1" type="22" provider="РТРС" onid="8835" tsid="3" namespace="0x02250000" />
        <service id="0x042e" sid="1070" name="07 РОССИЯ-24" type="22" provider="РТРС" onid="8835" tsid="3" namespace="0x02250000" />
        <service id="0x01ba" sid="442" name="09 ОТР" type="22" provider="РТРС" onid="8835" tsid="3" namespace="0x02250000" />
        <service id="0x046a" sid="1130" name="Радио России" type="2" provider="РТРС" onid="8835" tsid="3" namespace="0x02250000" radio="1" />
      </transponder>
    </satellite>
    <satellite key="02250000:0009:055e" name="Sat-54.9E" namespace="0x02250000" position="54.9">
      <transponder key="02250000:0009:055e" frequency="12522000" symbol_rate="27500000" polarization="V" fec="3" system="0" modulation="0">
        <service id="0x00a0" sid="160" name="Crimea 24" type="1" provider="STP" onid="1374" tsid="9" namespace="0x02250000" />
        <service id="0x0002" sid="2" name="Kanal Disney +2" type="1" provider="GAZPROM_SS" onid="1374" tsid="9" namespace="0x02250000" />
        <service id="0x003c" sid="60" name="Perviy Crimea" type="1" provider="STP" onid="1374" tsid="9" namespace="0x02250000" />
        <service id="0x004e" sid="78" name="TB 41" type="1" provider="GAZPROM_SS" onid="1374" tsid="9" namespace="0x02250000" />
        <service id="0x0003" sid="3" name="U +2" type="1" provider="GAZPROM_SS" onid="1374" tsid="9" namespace="0x02250000" />
        <service id="0x0034" sid="52" name="CTPAHA FM" type="2" provider="GAZPROM_SS" onid="1374" tsid="9" namespace="0x02250000" radio="1" />
        <service id="0x006e" sid="110" name="FWcontrol" type="2" provider="GAZPROM_SS" onid="1374" tsid="9" namespace="0x02250000" radio="1" />
        <service id="0x00aa" sid="170" name="Radio Crimea" type="2" provider="STP" onid="1374" tsid="9" namespace="0x02250000" radio="1" />
        <service id="0x00b4" sid="180" name="Radio More" type="2" provider="STP" onid="1374" tsid="9" namespace="0x02250000" radio="1" />
        <service id="0x008c" sid="140" name="Radio Record" type="2" provider="GAZPROM_SS" onid="1374" tsid="9" namespace="0x02250000" radio="1" />
      </transponder>
    </satellite>
    <satellite key="02250000:000b:2283" name="Sat-54.9E" namespace="0x02250000" position="54.9">
      <transponder key="02250000:000b:2283" frequency="12694000" symbol_rate="15284000" polarization="V" fec="3" system="0" modulation="0">
        <service id="0x07da" sid="2010" name="11 РЕН ТВ" type="22" provider="РТРС" onid="8835" tsid="11" namespace="0x02250000" />
        <service id="0x07e4" sid="2020" name="12 Спас" type="22" provider="РТРС" onid="8835" tsid="11" namespace="0x02250000" />
        <service id="0x07ee" sid="2030" name="13 СТС" type="22" provider="РТРС" onid="8835" tsid="11" namespace="0x02250000" />
        <service id="0x07f8" sid="2040" name="14 Домашний" type="22" provider="РТРС" onid="8835" tsid="11" namespace="0x02250000" />
        <service id="0x0142" sid="322" name="15 ТВ3" type="22" provider="РТРС" onid="8835" tsid="11" namespace="0x02250000" />
        <service id="0x080c" sid="2060" name="16 Пятница" type="22" provider="РТРС" onid="8835" tsid="11" namespace="0x02250000" />
        <service id="0x014a" sid="330" name="17 Звезда" type="22" provider="РТРС" onid="8835" tsid="11" namespace="0x02250000" />
        <service id="0x014e" sid="334" name="18 МИР" type="22" provider="РТРС" onid="8835" tsid="11" namespace="0x02250000" />
        <service id="0x082a" sid="2090" name="19 ТНТ" type="22" provider="РТРС" onid="8835" tsid="11" namespace="0x02250000" />
        <service id="0x0156" sid="342" name="20 МУЗ ТВ" type="22" provider="РТРС" onid="8835" tsid="11" namespace="0x02250000" />
      </transponder>
    </satellite>
    <satellite key="02250000:0014:2283" name="Sat-54.9E" namespace="0x02250000" position="54.9">
      <transponder key="02250000:0014:2283" frequency="12674000" symbol_rate="15284000" polarization="V" fec="3" system="0" modulation="0">
        <service id="0x03fc" sid="1020" name="02 РОССИЯ-1" type="22" provider="РТРС" onid="8835" tsid="20" namespace="0x02250000" />
        <service id="0x042e" sid="1070" name="07 РОССИЯ-24" type="22" provider="РТРС" onid="8835" tsid="20" namespace="0x02250000" />
        <service id="0x01ba" sid="442" name="09 ОТР" type="22" provider="РТРС" onid="8835" tsid="20" namespace="0x02250000" />
        <service id="0x046a" sid="1130" name="Радио России" type="2" provider="РТРС" onid="8835" tsid="20" namespace="0x02250000" radio="1" />
      </transponder>
    </satellite>
    <satellite key="022530f3:0001:0000" name="Sat-54.9E" namespace="0x022530f3" position="54.9">
      <transponder key="022530f3:0001:0000" frequency="12531000" symbol_rate="2500000" polarization="H" fec="4" system="0" modulation="0">
        <service id="0x0001" sid="1" name="Business" type="1" provider="CONNECTO.TV" onid="0" tsid="1" namespace="0x022530f3" />
        <service id="0x019f" sid="415" name="Radio Kniga" type="1" provider="CONNECTO.TV" onid="0" tsid="1" namespace="0x022530f3" />
        <service id="0x0006" sid="6" name="107.8" type="2" provider="CONNECTO.TV" onid="0" tsid="1" namespace="0x022530f3" radio="1" />
        <service id="0x000c" sid="12" name="Avtoradio_0" type="2" provider="CONNECTO.TV" onid="0" tsid="1" namespace="0x022530f3" radio="1" />
        <service id="0x000b" sid="11" name="Avtoradio_2" type="2" provider="CONNECTO.TV" onid="0" tsid="1" namespace="0x022530f3" radio="1" />
        <service id="0x00c2" sid="194" name="Avtoradio_4" type="2" provider="CONNECTO.TV" onid="0" tsid="1" namespace="0x022530f3" radio="1" />
        <service id="0x0009" sid="9" name="Avtoradio_MSK" type="2" provider="CONNECTO.TV" onid="0" tsid="1" namespace="0x022530f3" radio="1" />
        <service id="0x000e" sid="14" name="Comedy_M0" type="2" provider="CONNECTO.TV" onid="0" tsid="1" namespace="0x022530f3" radio="1" />
        <service id="0x0007" sid="7" name="Comedy_M2" type="2" provider="CONNECTO.TV" onid="0" tsid="1" namespace="0x022530f3" radio="1" />
        <service id="0x0008" sid="8" name="Energy_M0" type="2" provider="CONNECTO.TV" onid="0" tsid="1" namespace="0x022530f3" radio="1" />
        <service id="0x019c" sid="412" name="Energy_M2" type="2" provider="CONNECTO.TV" onid="0" tsid="1" namespace="0x022530f3" radio="1" />
        <service id="0x0002" sid="2" name="Humor_0" type="2" provider="CONNECTO.TV" onid="0" tsid="1" namespace="0x022530f3" radio="1" />
        <service id="0x002b" sid="43" name="Humor_2" type="2" provider="CONNECTO.TV" onid="0" tsid="1" namespace="0x022530f3" radio="1" />
        <service id="0x00c6" sid="198" name="Humor_4" type="2" provider="CONNECTO.TV" onid="0" tsid="1" namespace="0x022530f3" radio="1" />
        <service id="0x000d" sid="13" name="Humor_MR" type="2" provider="CONNECTO.TV" onid="0" tsid="1" namespace="0x022530f3" radio="1" />
        <service id="0x000a" sid="10" name="Relax" type="2" provider="CONNECTO.TV" onid="0" tsid="1" namespace="0x022530f3" radio="1" />
        <service id="0x019d" sid="413" name="Romantika" type="2" provider="CONNECTO.TV" onid="0" tsid="1" namespace="0x022530f3" radio="1" />
      </transponder>
    </satellite>
    <satellite key="0225b147:0000:0000" name="Sat-54.9E" namespace="0x0225b147" position="54.9">
      <transponder key="0225b147:0000:0000" frequency="12615000" symbol_rate="5120000" polarization="V" fec="3" system="0" modulation="0">
        <service id="0x03fc" sid="1020" name="02 РОССИЯ-1" type="22" provider="РТРС" onid="0" tsid="0" namespace="0x0225b147" />
        <service id="0x042e" sid="1070" name="07 РОССИЯ-24" type="22" provider="РТРС" onid="0" tsid="0" namespace="0x0225b147" />
        <service id="0x01ba" sid="442" name="09 ОТР" type="22" provider="РТРС" onid="0" tsid="0" namespace="0x0225b147" />
        <service id="0x046a" sid="1130" name="Радио России" type="2" provider="РТРС" onid="0" tsid="0" namespace="0x0225b147" radio="1" />
      </transponder>
    </satellite>
    <satellite key="0225b14e:0000:0000" name="Sat-54.9E" namespace="0x0225b14e" position="54.9">
      <transponder key="0225b14e:0000:0000" frequency="12622000" symbol_rate="5120000" polarization="V" fec="3" system="0" modulation="0">
        <service id="0x03fc" sid="1020" name="02 РОССИЯ-1" type="22" provider="РТРС" onid="0" tsid="0" namespace="0x0225b14e" />
        <service id="0x042e" sid="1070" name="07 РОССИЯ-24" type="22" provider="РТРС" onid="0" tsid="0" namespace="0x0225b14e" />
        <service id="0x01ba" sid="442" name="09 ОТР" type="22" provider="РТРС" onid="0" tsid="0" namespace="0x0225b14e" />
        <service id="0x046a" sid="1130" name="Радио России" type="2" provider="РТРС" onid="0" tsid="0" namespace="0x0225b14e" radio="1" />
      </transponder>
    </satellite>
    <satellite key="0225b168:0000:0000" name="Sat-54.9E" namespace="0x0225b168" position="54.9">
      <transponder key="0225b168:0000:0000" frequency="12648000" symbol_rate="5120000" polarization="V" fec="3" system="0" modulation="0">
        <service id="0x03fc" sid="1020" name="02 РОССИЯ-1" type="22" provider="РТРС" onid="0" tsid="0" namespace="0x0225b168" />
        <service id="0x042e" sid="1070" name="07 РОССИЯ-24" type="22" provider="РТРС" onid="0" tsid="0" namespace="0x0225b168" />
        <service id="0x01ba" sid="442" name="09 ОТР" type="22" provider="РТРС" onid="0" tsid="0" namespace="0x0225b168" />
        <service id="0x046a" sid="1130" name="Радио России" type="2" provider="РТРС" onid="0" tsid="0" namespace="0x0225b168" radio="1" />
      </transponder>
    </satellite>
    <satellite key="0225b182:0001:2283" name="Sat-54.9E" namespace="0x0225b182" position="54.9">
      <transponder key="0225b182:0001:2283" frequency="12674000" symbol_rate="15284000" polarization="V" fec="3" system="0" modulation="0">
        <service id="0x03f2" sid="1010" name="01 ПЕРВЫЙ КАНАЛ" type="22" provider="РТРС" onid="8835" tsid="1" namespace="0x0225b182" />
        <service id="0x00c4" sid="196" name="03 МАТЧ!" type="22" provider="РТРС" onid="8835" tsid="1" namespace="0x0225b182" />
        <service id="0x019a" sid="410" name="04 НТВ" type="22" provider="РТРС" onid="8835" tsid="1" namespace="0x0225b182" />
        <service id="0x041a" sid="1050" name="05 ПЯТЫЙ КАНАЛ" type="22" provider="РТРС" onid="8835" tsid="1" namespace="0x0225b182" />
        <service id="0x01a8" sid="424" name="06 РОССИЯ-К" type="22" provider="РТРС" onid="8835" tsid="1" namespace="0x0225b182" />
        <service id="0x01b6" sid="438" name="08 КАРУСЕЛЬ" type="22" provider="РТРС" onid="8835" tsid="1" namespace="0x0225b182" />
        <service id="0x044c" sid="1100" name="10 ТВ Центр" type="22" provider="РТРС" onid="8835" tsid="1" namespace="0x0225b182" />
        <service id="0x01c8" sid="456" name="ВЕСТИ ФМ" type="2" provider="РТРС" onid="8835" tsid="1" namespace="0x0225b182" radio="1" />
        <service id="0x01cc" sid="460" name="МАЯК" type="2" provider="РТРС" onid="8835" tsid="1" namespace="0x0225b182" radio="1" />
      </transponder>
    </satellite>
    <satellite key="0225b1a1:0001:0001" name="Sat-54.9E" namespace="0x0225b1a1" position="54.9">
      <transponder key="0225b1a1:0001:0001" frequency="12705000" symbol_rate="2828000" polarization="V" fec="3" system="0" modulation="0">
        <service id="0x0bcc" sid="3020" name="Mir-24" type="1" provider="RSCC" onid="1" tsid="1" namespace="0x0225b1a1" />
        <service id="0x0c08" sid="3080" name="Moskva-24" type="1" provider="RSCC" onid="1" tsid="1" namespace="0x0225b1a1" />
      </transponder>
    </satellite>
  </satellites>
</zapit>
