<?xml version='1.0' encoding='utf-8'?>
<zapit>
  <bouquet name="General" category="tv">
    <channel service_ref="1:0:1:0002:0001:0001:00d7ad61:0:0:0:" name="2M" service_name="2M" provider="SNRT" sid="2" onid="1" tsid="1" />
    <channel service_ref="1:0:1:0007:0000:0000:00d7ad61:0:0:0:" name="Aflam HD" service_name="Aflam HD" provider="SNRT" sid="7" onid="0" tsid="0" />
    <channel service_ref="1:0:1:002c:0002:0001:00d70000:0:0:0:" name="AHTV-HD" service_name="AHTV-HD" provider="" sid="44" onid="1" tsid="2" />
    <channel service_ref="1:0:1:0001:0001:ffff:00d7acd4:0:0:0:" name="AJYAL TV" service_name="AJYAL TV" provider="TandbergTV" sid="1" onid="65535" tsid="1" />
    <channel service_ref="1:0:1:0001:0001:0001:00d7ad61:0:0:0:" name="Al Aoula" service_name="Al Aoula" provider="SNRT" sid="1" onid="1" tsid="1" />
    <channel service_ref="1:0:1:0005:0001:0001:00d7ad61:0:0:0:" name="Al Maghribia" service_name="Al Maghribia" provider="SNRT" sid="5" onid="1" tsid="1" />
    <channel service_ref="1:0:1:0001:0001:ffff:00d7ada1:0:0:0:" name="Al Taleaa TV" service_name="Al Taleaa TV" provider="" sid="1" onid="65535" tsid="1" />
    <channel service_ref="1:0:1:0001:0001:0000:00d7ad9e:0:0:0:" name="Alarabiy Alhadath" service_name="Alarabiy Alhadath" provider="du" sid="1" onid="0" tsid="1" />
    <channel service_ref="1:0:1:0003:0001:0001:00d7ad61:0:0:0:" name="Arryadia" service_name="Arryadia" provider="SNRT" sid="3" onid="1" tsid="1" />
    <channel service_ref="1:0:1:000d:0000:0000:00d7ad61:0:0:0:" name="Arryadia HD" service_name="Arryadia HD" provider="SNRT" sid="13" onid="0" tsid="0" />
    <channel service_ref="1:0:1:0004:0016:0001:00d72d31:0:0:0:" name="Arryadia HD SAT Pr" service_name="Arryadia HD SAT Pr" provider="SNRT" sid="4" onid="1" tsid="22" />
    <channel service_ref="1:0:1:0003:0016:0001:00d72d31:0:0:0:" name="Arryadia HD TNT Pr" service_name="Arryadia HD TNT Pr" provider="SNRT" sid="3" onid="1" tsid="22" />
    <channel service_ref="1:0:1:0001:0016:0001:00d72d31:0:0:0:" name="Arryadia SD SAT Pr" service_name="Arryadia SD SAT Pr" provider="SNRT" sid="1" onid="1" tsid="22" />
    <channel service_ref="1:0:1:0002:0016:0001:00d72d31:0:0:0:" name="Arryadia SD TNT Pr" service_name="Arryadia SD TNT Pr" provider="SNRT" sid="2" onid="1" tsid="22" />
    <channel service_ref="1:0:1:0006:0001:0001:00d7ad61:0:0:0:" name="Assadissa" service_name="Assadissa" provider="SNRT" sid="6" onid="1" tsid="1" />
    <channel service_ref="1:0:1:000a:0000:0000:00d7ad61:0:0:0:" name="Assadissa HD" service_name="Assadissa HD" provider="SNRT" sid="10" onid="0" tsid="0" />
    <channel service_ref="1:0:1:003e:0002:0001:00d70000:0:0:0:" name="ASTV-HD" service_name="ASTV-HD" provider="" sid="62" onid="1" tsid="2" />
    <channel service_ref="1:0:1:0004:0001:0001:00d7ad61:0:0:0:" name="Athaqafia" service_name="Athaqafia" provider="SNRT" sid="4" onid="1" tsid="1" />
    <channel service_ref="1:0:1:003f:0002:0001:00d70000:0:0:0:" name="BTV-HD" service_name="BTV-HD" provider="" sid="63" onid="1" tsid="2" />
    <channel service_ref="1:0:25:1f7c:021c:012d:00d70000:0:0:0:" name="BWTV HD" service_name="BWTV HD" provider="MBS" sid="8060" onid="301" tsid="540" />
    <channel service_ref="1:0:25:1f7c:021d:012d:00d70000:0:0:0:" name="BWTV HD" service_name="BWTV HD" provider="MBS" sid="8060" onid="301" tsid="541" />
    <channel service_ref="1:0:1:002a:0001:0001:00d72b62:0:0:0:" name="canal 1" service_name="canal 1" provider="INTRALOT" sid="42" onid="1" tsid="1" />
    <channel service_ref="1:0:1:002c:0001:0001:00d72b62:0:0:0:" name="canal 2" service_name="canal 2" provider="INTRALOT" sid="44" onid="1" tsid="1" />
    <channel service_ref="1:0:1:0001:0001:0001:00d72ce6:0:0:0:" name="CCB" service_name="CCB" provider="none" sid="1" onid="1" tsid="1" />
    <channel service_ref="1:0:1:0015:0002:0001:00d70000:0:0:0:" name="CCTV1-HD" service_name="CCTV1-HD" provider="" sid="21" onid="1" tsid="2" />
    <channel service_ref="1:0:1:003c:0002:0001:00d70000:0:0:0:" name="CCTV13-HD" service_name="CCTV13-HD" provider="" sid="60" onid="1" tsid="2" />
    <channel service_ref="1:0:1:0016:0002:0001:00d70000:0:0:0:" name="CCTV2-HD" service_name="CCTV2-HD" provider="" sid="22" onid="1" tsid="2" />
    <channel service_ref="1:0:1:0017:0002:0001:00d70000:0:0:0:" name="CCTV3-HD" service_name="CCTV3-HD" provider="" sid="23" onid="1" tsid="2" />
    <channel service_ref="1:0:1:0018:0002:0001:00d70000:0:0:0:" name="CCTV4-HD" service_name="CCTV4-HD" provider="" sid="24" onid="1" tsid="2" />
    <channel service_ref="1:0:1:003b:0002:0001:00d70000:0:0:0:" name="CCTV7-HD" service_name="CCTV7-HD" provider="" sid="59" onid="1" tsid="2" />
    <channel service_ref="1:0:1:003a:0002:0001:00d70000:0:0:0:" name="CCTV8-HD" service_name="CCTV8-HD" provider="" sid="58" onid="1" tsid="2" />
    <channel service_ref="1:0:1:001a:0002:0001:00d70000:0:0:0:" name="CHC-HD" service_name="CHC-HD" provider="" sid="26" onid="1" tsid="2" />
    <channel service_ref="1:0:1:0028:0000:0001:00d7ad8c:0:0:0:" name="DEFU: TV" service_name="DEFU: TV" provider="" sid="40" onid="1" tsid="0" />
    <channel service_ref="1:0:25:0001:0041:0800:00d70000:0:0:0:" name="FEED HD MBC" service_name="FEED HD MBC" provider="" sid="1" onid="2048" tsid="65" />
    <channel service_ref="1:0:1:001d:0002:0001:00d70000:0:0:0:" name="HNTV-HD" service_name="HNTV-HD" provider="" sid="29" onid="1" tsid="2" />
    <channel service_ref="1:0:1:0001:0001:ffff:00d72cc3:0:0:0:" name="Iman TV" service_name="Iman TV" provider="IDC" sid="1" onid="65535" tsid="1" />
    <channel service_ref="1:0:1:1ee3:21fc:013e:00d70000:0:0:0:" name="IRAN PRESS" service_name="IRAN PRESS" provider="IRAN PRESS" sid="7907" onid="318" tsid="8700" />
    <channel service_ref="1:0:1:002a:0002:0001:00d70000:0:0:0:" name="JSTV-HD" service_name="JSTV-HD" provider="" sid="42" onid="1" tsid="2" />
    <channel service_ref="1:0:1:003d:0002:0001:00d70000:0:0:0:" name="KAKU-HD" service_name="KAKU-HD" provider="" sid="61" onid="1" tsid="2" />
    <channel service_ref="1:0:1:0009:0000:0000:00d7ad61:0:0:0:" name="Laayoune TV" service_name="Laayoune TV" provider="SNRT" sid="9" onid="0" tsid="0" />
    <channel service_ref="1:0:1:0002:0001:fffe:00d7adac:0:0:0:" name="lad" service_name="lad" provider="Al M" sid="2" onid="65534" tsid="1" />
    <channel service_ref="1:0:1:0001:0001:ffff:00d7ad94:0:0:0:" name="Libya Sport 1 SD" service_name="Libya Sport 1 SD" provider="Service Provider" sid="1" onid="65535" tsid="1" />
    <channel service_ref="1:0:1:0001:0001:ffff:00d7ad96:0:0:0:" name="Libya Sport 2 HD" service_name="Libya Sport 2 HD" provider="TANDBERG Television" sid="1" onid="65535" tsid="1" />
    <channel service_ref="1:0:1:002d:0002:0001:00d70000:0:0:0:" name="LNTV-HD" service_name="LNTV-HD" provider="" sid="45" onid="1" tsid="2" />
    <channel service_ref="1:0:1:0001:0001:ffff:00d7ada5:0:0:0:" name="LuaLua" service_name="LuaLua" provider="LuaLua" sid="1" onid="65535" tsid="1" />
    <channel service_ref="1:0:1:0001:0001:0001:00d7ad3f:0:0:0:" name="MBC HOTBIRD" service_name="MBC HOTBIRD" provider="MBC" sid="1" onid="1" tsid="1" />
    <channel service_ref="1:0:1:0001:0045:02be:00d70000:0:0:0:" name="MBC Test1" service_name="MBC Test1" provider="MBC" sid="1" onid="702" tsid="69" />
    <channel service_ref="1:0:1:0002:0045:02be:00d70000:0:0:0:" name="MBC Test2" service_name="MBC Test2" provider="MBC" sid="2" onid="702" tsid="69" />
    <channel service_ref="1:0:1:000b:0001:0001:00d7ad61:0:0:0:" name="Medi1 TV" service_name="Medi1 TV" provider="SNRT" sid="11" onid="1" tsid="1" />
    <channel service_ref="1:0:1:002e:0002:0001:00d70000:0:0:0:" name="PHX Info HD" service_name="PHX Info HD" provider="" sid="46" onid="1" tsid="2" />
    <channel service_ref="1:0:1:0001:0001:ffff:00d7ad42:0:0:0:" name="Riyadh MCR" service_name="Riyadh MCR" provider="Service Provider" sid="1" onid="65535" tsid="1" />
    <channel service_ref="1:0:25:03e8:0001:0001:00d72da2:0:0:0:" name="RUDAW TV" service_name="RUDAW TV" provider="RUDAW" sid="1000" onid="1" tsid="1" />
    <channel service_ref="1:0:1:001c:0002:0001:00d70000:0:0:0:" name="SBN-HD" service_name="SBN-HD" provider="" sid="28" onid="1" tsid="2" />
    <channel service_ref="1:0:1:0001:0001:ffff:00d7ad8f:0:0:0:" name="Service-1" service_name="Service-1" provider="Service Provider" sid="1" onid="65535" tsid="1" />
    <channel service_ref="1:0:1:0001:000c:ffff:00d7acf4:0:0:0:" name="Service1" service_name="Service1" provider="Service Provider" sid="1" onid="65535" tsid="12" />
    <channel service_ref="1:0:1:001b:0002:0001:00d70000:0:0:0:" name="SPORT+HD" service_name="SPORT+HD" provider="" sid="27" onid="1" tsid="2" />
    <channel service_ref="1:0:1:0019:0002:0001:00d70000:0:0:0:" name="SPORT-HD" service_name="SPORT-HD" provider="" sid="25" onid="1" tsid="2" />
    <channel service_ref="1:0:1:0008:0000:0000:00d7ad61:0:0:0:" name="Tamazight" service_name="Tamazight" provider="SNRT" sid="8" onid="0" tsid="0" />
    <channel service_ref="1:0:1:0001:0000:0000:00d7ada3:0:0:0:" name="TV-001" service_name="TV-001" provider="Encoder" sid="1" onid="0" tsid="0" />
    <channel service_ref="1:0:1:0001:0000:0000:00d7ad61:0:0:0:" name="TX SPORT 2" service_name="TX SPORT 2" provider="Harmonic" sid="1" onid="0" tsid="0" />
    <channel service_ref="1:0:1:0001:1000:2000:00d70000:0:0:0:" name="YEMEN TODAY TV" service_name="YEMEN TODAY TV" provider="Harmonic" sid="1" onid="8192" tsid="4096" />
    <channel service_ref="1:0:1:002b:0002:0001:00d70000:0:0:0:" name="ZJTV-HD" service_name="ZJTV-HD" provider="" sid="43" onid="1" tsid="2" />
  </bouquet>
  <bouquet name="Sports" category="tv">
    <channel service_ref="1:0:1:0001:0001:ffff:00d7ad94:0:0:0:" name="Libya Sport 1 SD" service_name="Libya Sport 1 SD" provider="Service Provider" sid="1" onid="65535" tsid="1" />
    <channel service_ref="1:0:1:0001:0001:ffff:00d7ad96:0:0:0:" name="Libya Sport 2 HD" service_name="Libya Sport 2 HD" provider="TANDBERG Television" sid="1" onid="65535" tsid="1" />
    <channel service_ref="1:0:1:001b:0002:0001:00d70000:0:0:0:" name="SPORT+HD" service_name="SPORT+HD" provider="" sid="27" onid="1" tsid="2" />
    <channel service_ref="1:0:1:0019:0002:0001:00d70000:0:0:0:" name="SPORT-HD" service_name="SPORT-HD" provider="" sid="25" onid="1" tsid="2" />
    <channel service_ref="1:0:1:0001:0000:0000:00d7ad61:0:0:0:" name="TX SPORT 2" service_name="TX SPORT 2" provider="Harmonic" sid="1" onid="0" tsid="0" />
  </bouquet>
  <bouquet name="RTL" category="tv">
    <channel service_ref="1:0:1:001d:0002:0001:00d70000:0:0:0:" name="HNTV-HD" service_name="HNTV-HD" provider="" sid="29" onid="1" tsid="2" />
    <channel service_ref="1:0:1:002d:0002:0001:00d70000:0:0:0:" name="LNTV-HD" service_name="LNTV-HD" provider="" sid="45" onid="1" tsid="2" />
  </bouquet>
  <bouquet name="ARD/ZDF" category="tv">
    <channel service_ref="1:0:1:0005:0001:0001:00d7ad61:0:0:0:" name="Al Maghribia" service_name="Al Maghribia" provider="SNRT" sid="5" onid="1" tsid="1" />
  </bouquet>
  <bouquet name="TF1" category="tv">
    <channel service_ref="1:0:1:002a:0001:0001:00d72b62:0:0:0:" name="canal 1" service_name="canal 1" provider="INTRALOT" sid="42" onid="1" tsid="1" />
    <channel service_ref="1:0:1:002c:0001:0001:00d72b62:0:0:0:" name="canal 2" service_name="canal 2" provider="INTRALOT" sid="44" onid="1" tsid="1" />
  </bouquet>
  <bouquet name="Switzerland" category="tv">
    <channel service_ref="1:0:1:003c:0002:0001:00d70000:0:0:0:" name="CCTV13-HD" service_name="CCTV13-HD" provider="" sid="60" onid="1" tsid="2" />
    <channel service_ref="1:0:1:0017:0002:0001:00d70000:0:0:0:" name="CCTV3-HD" service_name="CCTV3-HD" provider="" sid="23" onid="1" tsid="2" />
  </bouquet>
  <bouquet name="Resolution - HD" category="tv">
    <channel service_ref="1:0:1:0007:0000:0000:00d7ad61:0:0:0:" name="Aflam HD" service_name="Aflam HD" provider="SNRT" sid="7" onid="0" tsid="0" />
    <channel service_ref="1:0:1:002c:0002:0001:00d70000:0:0:0:" name="AHTV-HD" service_name="AHTV-HD" provider="" sid="44" onid="1" tsid="2" />
    <channel service_ref="1:0:1:000d:0000:0000:00d7ad61:0:0:0:" name="Arryadia HD" service_name="Arryadia HD" provider="SNRT" sid="13" onid="0" tsid="0" />
    <channel service_ref="1:0:1:0004:0016:0001:00d72d31:0:0:0:" name="Arryadia HD SAT Pr" service_name="Arryadia HD SAT Pr" provider="SNRT" sid="4" onid="1" tsid="22" />
    <channel service_ref="1:0:1:0003:0016:0001:00d72d31:0:0:0:" name="Arryadia HD TNT Pr" service_name="Arryadia HD TNT Pr" provider="SNRT" sid="3" onid="1" tsid="22" />
    <channel service_ref="1:0:1:000a:0000:0000:00d7ad61:0:0:0:" name="Assadissa HD" service_name="Assadissa HD" provider="SNRT" sid="10" onid="0" tsid="0" />
    <channel service_ref="1:0:1:003e:0002:0001:00d70000:0:0:0:" name="ASTV-HD" service_name="ASTV-HD" provider="" sid="62" onid="1" tsid="2" />
    <channel service_ref="1:0:1:003f:0002:0001:00d70000:0:0:0:" name="BTV-HD" service_name="BTV-HD" provider="" sid="63" onid="1" tsid="2" />
    <channel service_ref="1:0:25:1f7c:021c:012d:00d70000:0:0:0:" name="BWTV HD" service_name="BWTV HD" provider="MBS" sid="8060" onid="301" tsid="540" />
    <channel service_ref="1:0:25:1f7c:021d:012d:00d70000:0:0:0:" name="BWTV HD" service_name="BWTV HD" provider="MBS" sid="8060" onid="301" tsid="541" />
    <channel service_ref="1:0:1:0015:0002:0001:00d70000:0:0:0:" name="CCTV1-HD" service_name="CCTV1-HD" provider="" sid="21" onid="1" tsid="2" />
    <channel service_ref="1:0:1:003c:0002:0001:00d70000:0:0:0:" name="CCTV13-HD" service_name="CCTV13-HD" provider="" sid="60" onid="1" tsid="2" />
    <channel service_ref="1:0:1:0016:0002:0001:00d70000:0:0:0:" name="CCTV2-HD" service_name="CCTV2-HD" provider="" sid="22" onid="1" tsid="2" />
    <channel service_ref="1:0:1:0017:0002:0001:00d70000:0:0:0:" name="CCTV3-HD" service_name="CCTV3-HD" provider="" sid="23" onid="1" tsid="2" />
    <channel service_ref="1:0:1:0018:0002:0001:00d70000:0:0:0:" name="CCTV4-HD" service_name="CCTV4-HD" provider="" sid="24" onid="1" tsid="2" />
    <channel service_ref="1:0:1:003b:0002:0001:00d70000:0:0:0:" name="CCTV7-HD" service_name="CCTV7-HD" provider="" sid="59" onid="1" tsid="2" />
    <channel service_ref="1:0:1:003a:0002:0001:00d70000:0:0:0:" name="CCTV8-HD" service_name="CCTV8-HD" provider="" sid="58" onid="1" tsid="2" />
    <channel service_ref="1:0:1:001a:0002:0001:00d70000:0:0:0:" name="CHC-HD" service_name="CHC-HD" provider="" sid="26" onid="1" tsid="2" />
    <channel service_ref="1:0:25:0001:0041:0800:00d70000:0:0:0:" name="FEED HD MBC" service_name="FEED HD MBC" provider="" sid="1" onid="2048" tsid="65" />
    <channel service_ref="1:0:1:001d:0002:0001:00d70000:0:0:0:" name="HNTV-HD" service_name="HNTV-HD" provider="" sid="29" onid="1" tsid="2" />
    <channel service_ref="1:0:1:002a:0002:0001:00d70000:0:0:0:" name="JSTV-HD" service_name="JSTV-HD" provider="" sid="42" onid="1" tsid="2" />
    <channel service_ref="1:0:1:003d:0002:0001:00d70000:0:0:0:" name="KAKU-HD" service_name="KAKU-HD" provider="" sid="61" onid="1" tsid="2" />
    <channel service_ref="1:0:1:0001:0001:ffff:00d7ad96:0:0:0:" name="Libya Sport 2 HD" service_name="Libya Sport 2 HD" provider="TANDBERG Television" sid="1" onid="65535" tsid="1" />
    <channel service_ref="1:0:1:002d:0002:0001:00d70000:0:0:0:" name="LNTV-HD" service_name="LNTV-HD" provider="" sid="45" onid="1" tsid="2" />
    <channel service_ref="1:0:1:002e:0002:0001:00d70000:0:0:0:" name="PHX Info HD" service_name="PHX Info HD" provider="" sid="46" onid="1" tsid="2" />
    <channel service_ref="1:0:1:001c:0002:0001:00d70000:0:0:0:" name="SBN-HD" service_name="SBN-HD" provider="" sid="28" onid="1" tsid="2" />
    <channel service_ref="1:0:1:001b:0002:0001:00d70000:0:0:0:" name="SPORT+HD" service_name="SPORT+HD" provider="" sid="27" onid="1" tsid="2" />
    <channel service_ref="1:0:1:0019:0002:0001:00d70000:0:0:0:" name="SPORT-HD" service_name="SPORT-HD" provider="" sid="25" onid="1" tsid="2" />
    <channel service_ref="1:0:1:002b:0002:0001:00d70000:0:0:0:" name="ZJTV-HD" service_name="ZJTV-HD" provider="" sid="43" onid="1" tsid="2" />
  </bouquet>
  <bouquet name="Resolution - SD" category="tv">
    <channel service_ref="1:0:1:0001:0016:0001:00d72d31:0:0:0:" name="Arryadia SD SAT Pr" service_name="Arryadia SD SAT Pr" provider="SNRT" sid="1" onid="1" tsid="22" />
    <channel service_ref="1:0:1:0002:0016:0001:00d72d31:0:0:0:" name="Arryadia SD TNT Pr" service_name="Arryadia SD TNT Pr" provider="SNRT" sid="2" onid="1" tsid="22" />
    <channel service_ref="1:0:1:0001:0001:ffff:00d7ad94:0:0:0:" name="Libya Sport 1 SD" service_name="Libya Sport 1 SD" provider="Service Provider" sid="1" onid="65535" tsid="1" />
  </bouquet>
  <bouquet name="Religion" category="tv">
    <channel service_ref="1:0:1:0015:0002:0001:00d70000:0:0:0:" name="CCTV1-HD" service_name="CCTV1-HD" provider="" sid="21" onid="1" tsid="2" />
    <channel service_ref="1:0:1:0016:0002:0001:00d70000:0:0:0:" name="CCTV2-HD" service_name="CCTV2-HD" provider="" sid="22" onid="1" tsid="2" />
    <channel service_ref="1:0:1:0018:0002:0001:00d70000:0:0:0:" name="CCTV4-HD" service_name="CCTV4-HD" provider="" sid="24" onid="1" tsid="2" />
    <channel service_ref="1:0:1:003b:0002:0001:00d70000:0:0:0:" name="CCTV7-HD" service_name="CCTV7-HD" provider="" sid="59" onid="1" tsid="2" />
    <channel service_ref="1:0:1:003a:0002:0001:00d70000:0:0:0:" name="CCTV8-HD" service_name="CCTV8-HD" provider="" sid="58" onid="1" tsid="2" />
  </bouquet>
  <bouquet name="International" category="tv">
    <channel service_ref="1:0:1:0001:0001:0000:00d7ad9e:0:0:0:" name="Alarabiy Alhadath" service_name="Alarabiy Alhadath" provider="du" sid="1" onid="0" tsid="1" />
  </bouquet>
  <bouquet name="Others" category="tv">
    <channel service_ref="1:0:1:0002:0001:0001:00d7ad61:0:0:0:" name="2M" service_name="2M" provider="SNRT" sid="2" onid="1" tsid="1" />
    <channel service_ref="1:0:1:0007:0000:0000:00d7ad61:0:0:0:" name="Aflam HD" service_name="Aflam HD" provider="SNRT" sid="7" onid="0" tsid="0" />
    <channel service_ref="1:0:1:002c:0002:0001:00d70000:0:0:0:" name="AHTV-HD" service_name="AHTV-HD" provider="" sid="44" onid="1" tsid="2" />
    <channel service_ref="1:0:1:0001:0001:ffff:00d7acd4:0:0:0:" name="AJYAL TV" service_name="AJYAL TV" provider="TandbergTV" sid="1" onid="65535" tsid="1" />
    <channel service_ref="1:0:1:0001:0001:0001:00d7ad61:0:0:0:" name="Al Aoula" service_name="Al Aoula" provider="SNRT" sid="1" onid="1" tsid="1" />
    <channel service_ref="1:0:1:0001:0001:ffff:00d7ada1:0:0:0:" name="Al Taleaa TV" service_name="Al Taleaa TV" provider="" sid="1" onid="65535" tsid="1" />
    <channel service_ref="1:0:1:0003:0001:0001:00d7ad61:0:0:0:" name="Arryadia" service_name="Arryadia" provider="SNRT" sid="3" onid="1" tsid="1" />
    <channel service_ref="1:0:1:000d:0000:0000:00d7ad61:0:0:0:" name="Arryadia HD" service_name="Arryadia HD" provider="SNRT" sid="13" onid="0" tsid="0" />
    <channel service_ref="1:0:1:0004:0016:0001:00d72d31:0:0:0:" name="Arryadia HD SAT Pr" service_name="Arryadia HD SAT Pr" provider="SNRT" sid="4" onid="1" tsid="22" />
    <channel service_ref="1:0:1:0003:0016:0001:00d72d31:0:0:0:" name="Arryadia HD TNT Pr" service_name="Arryadia HD TNT Pr" provider="SNRT" sid="3" onid="1" tsid="22" />
    <channel service_ref="1:0:1:0001:0016:0001:00d72d31:0:0:0:" name="Arryadia SD SAT Pr" service_name="Arryadia SD SAT Pr" provider="SNRT" sid="1" onid="1" tsid="22" />
    <channel service_ref="1:0:1:0002:0016:0001:00d72d31:0:0:0:" name="Arryadia SD TNT Pr" service_name="Arryadia SD TNT Pr" provider="SNRT" sid="2" onid="1" tsid="22" />
    <channel service_ref="1:0:1:0006:0001:0001:00d7ad61:0:0:0:" name="Assadissa" service_name="Assadissa" provider="SNRT" sid="6" onid="1" tsid="1" />
    <channel service_ref="1:0:1:000a:0000:0000:00d7ad61:0:0:0:" name="Assadissa HD" service_name="Assadissa HD" provider="SNRT" sid="10" onid="0" tsid="0" />
    <channel service_ref="1:0:1:003e:0002:0001:00d70000:0:0:0:" name="ASTV-HD" service_name="ASTV-HD" provider="" sid="62" onid="1" tsid="2" />
    <channel service_ref="1:0:1:0004:0001:0001:00d7ad61:0:0:0:" name="Athaqafia" service_name="Athaqafia" provider="SNRT" sid="4" onid="1" tsid="1" />
    <channel service_ref="1:0:1:003f:0002:0001:00d70000:0:0:0:" name="BTV-HD" service_name="BTV-HD" provider="" sid="63" onid="1" tsid="2" />
    <channel service_ref="1:0:25:1f7c:021c:012d:00d70000:0:0:0:" name="BWTV HD" service_name="BWTV HD" provider="MBS" sid="8060" onid="301" tsid="540" />
    <channel service_ref="1:0:25:1f7c:021d:012d:00d70000:0:0:0:" name="BWTV HD" service_name="BWTV HD" provider="MBS" sid="8060" onid="301" tsid="541" />
    <channel service_ref="1:0:1:0001:0001:0001:00d72ce6:0:0:0:" name="CCB" service_name="CCB" provider="none" sid="1" onid="1" tsid="1" />
    <channel service_ref="1:0:1:001a:0002:0001:00d70000:0:0:0:" name="CHC-HD" service_name="CHC-HD" provider="" sid="26" onid="1" tsid="2" />
    <channel service_ref="1:0:1:0028:0000:0001:00d7ad8c:0:0:0:" name="DEFU: TV" service_name="DEFU: TV" provider="" sid="40" onid="1" tsid="0" />
    <channel service_ref="1:0:25:0001:0041:0800:00d70000:0:0:0:" name="FEED HD MBC" service_name="FEED HD MBC" provider="" sid="1" onid="2048" tsid="65" />
    <channel service_ref="1:0:1:0001:0001:ffff:00d72cc3:0:0:0:" name="Iman TV" service_name="Iman TV" provider="IDC" sid="1" onid="65535" tsid="1" />
    <channel service_ref="1:0:1:1ee3:21fc:013e:00d70000:0:0:0:" name="IRAN PRESS" service_name="IRAN PRESS" provider="IRAN PRESS" sid="7907" onid="318" tsid="8700" />
    <channel service_ref="1:0:1:002a:0002:0001:00d70000:0:0:0:" name="JSTV-HD" service_name="JSTV-HD" provider="" sid="42" onid="1" tsid="2" />
    <channel service_ref="1:0:1:003d:0002:0001:00d70000:0:0:0:" name="KAKU-HD" service_name="KAKU-HD" provider="" sid="61" onid="1" tsid="2" />
    <channel service_ref="1:0:1:0009:0000:0000:00d7ad61:0:0:0:" name="Laayoune TV" service_name="Laayoune TV" provider="SNRT" sid="9" onid="0" tsid="0" />
    <channel service_ref="1:0:1:0002:0001:fffe:00d7adac:0:0:0:" name="lad" service_name="lad" provider="Al M" sid="2" onid="65534" tsid="1" />
    <channel service_ref="1:0:1:0001:0001:ffff:00d7ada5:0:0:0:" name="LuaLua" service_name="LuaLua" provider="LuaLua" sid="1" onid="65535" tsid="1" />
    <channel service_ref="1:0:1:0001:0001:0001:00d7ad3f:0:0:0:" name="MBC HOTBIRD" service_name="MBC HOTBIRD" provider="MBC" sid="1" onid="1" tsid="1" />
    <channel service_ref="1:0:1:0001:0045:02be:00d70000:0:0:0:" name="MBC Test1" service_name="MBC Test1" provider="MBC" sid="1" onid="702" tsid="69" />
    <channel service_ref="1:0:1:0002:0045:02be:00d70000:0:0:0:" name="MBC Test2" service_name="MBC Test2" provider="MBC" sid="2" onid="702" tsid="69" />
    <channel service_ref="1:0:1:000b:0001:0001:00d7ad61:0:0:0:" name="Medi1 TV" service_name="Medi1 TV" provider="SNRT" sid="11" onid="1" tsid="1" />
    <channel service_ref="1:0:1:002e:0002:0001:00d70000:0:0:0:" name="PHX Info HD" service_name="PHX Info HD" provider="" sid="46" onid="1" tsid="2" />
    <channel service_ref="1:0:1:0001:0001:ffff:00d7ad42:0:0:0:" name="Riyadh MCR" service_name="Riyadh MCR" provider="Service Provider" sid="1" onid="65535" tsid="1" />
    <channel service_ref="1:0:25:03e8:0001:0001:00d72da2:0:0:0:" name="RUDAW TV" service_name="RUDAW TV" provider="RUDAW" sid="1000" onid="1" tsid="1" />
    <channel service_ref="1:0:1:001c:0002:0001:00d70000:0:0:0:" name="SBN-HD" service_name="SBN-HD" provider="" sid="28" onid="1" tsid="2" />
    <channel service_ref="1:0:1:0001:0001:ffff:00d7ad8f:0:0:0:" name="Service-1" service_name="Service-1" provider="Service Provider" sid="1" onid="65535" tsid="1" />
    <channel service_ref="1:0:1:0001:000c:ffff:00d7acf4:0:0:0:" name="Service1" service_name="Service1" provider="Service Provider" sid="1" onid="65535" tsid="12" />
    <channel service_ref="1:0:1:0008:0000:0000:00d7ad61:0:0:0:" name="Tamazight" service_name="Tamazight" provider="SNRT" sid="8" onid="0" tsid="0" />
    <channel service_ref="1:0:1:0001:0000:0000:00d7ada3:0:0:0:" name="TV-001" service_name="TV-001" provider="Encoder" sid="1" onid="0" tsid="0" />
    <channel service_ref="1:0:1:0001:1000:2000:00d70000:0:0:0:" name="YEMEN TODAY TV" service_name="YEMEN TODAY TV" provider="Harmonic" sid="1" onid="8192" tsid="4096" />
    <channel service_ref="1:0:1:002b:0002:0001:00d70000:0:0:0:" name="ZJTV-HD" service_name="ZJTV-HD" provider="" sid="43" onid="1" tsid="2" />
  </bouquet>
  <bouquet name="Radio" category="radio">
    <channel service_ref="1:0:2:001f:0004:0000:00d7ad61:0:0:0:" name="chaine amazigh" service_name="chaine amazigh" provider="SNRT" sid="31" onid="0" tsid="4" />
    <channel service_ref="1:0:2:000f:0004:0000:00d7ad61:0:0:0:" name="chaine Inter" service_name="chaine Inter" provider="SNRT" sid="15" onid="0" tsid="4" />
    <channel service_ref="1:0:2:001d:0004:0000:00d7ad61:0:0:0:" name="chaine Med VI" service_name="chaine Med VI" provider="SNRT" sid="29" onid="0" tsid="4" />
    <channel service_ref="1:0:2:000b:0004:0000:00d7ad61:0:0:0:" name="chaine nationale" service_name="chaine nationale" provider="SNRT" sid="11" onid="0" tsid="4" />
    <channel service_ref="1:0:2:0001:0004:0000:00d7ad61:0:0:0:" name="Info Trafic" service_name="Info Trafic" provider="SNRT" sid="1" onid="0" tsid="4" />
    <channel service_ref="1:0:2:03e8:0001:0001:00d82d39:0:0:0:" name="Program 1000" service_name="Program 1000" provider="Qbit GmbH" sid="1000" onid="1" tsid="1" />
    <channel service_ref="1:0:2:07d0:0001:0001:00d82d39:0:0:0:" name="Program 2000" service_name="Program 2000" provider="Qbit GmbH" sid="2000" onid="1" tsid="1" />
    <channel service_ref="1:0:2:1f7d:021c:012d:00d70000:0:0:0:" name="RADIO ANDERNACH" service_name="RADIO ANDERNACH" provider="MBS" sid="8061" onid="301" tsid="540" />
    <channel service_ref="1:0:2:1f7d:021d:012d:00d70000:0:0:0:" name="RADIO ANDERNACH" service_name="RADIO ANDERNACH" provider="MBS" sid="8061" onid="301" tsid="541" />
    <channel service_ref="1:0:2:0002:0004:0000:00d7ad61:0:0:0:" name="Radio sud" service_name="Radio sud" provider="SNRT" sid="2" onid="0" tsid="4" />
    <channel service_ref="1:0:2:0014:0004:0000:00d7ad61:0:0:0:" name="Str Agadir" service_name="Str Agadir" provider="SNRT" sid="20" onid="0" tsid="4" />
    <channel service_ref="1:0:2:023c:0004:0000:00d7ad61:0:0:0:" name="Str Alhouceima" service_name="Str Alhouceima" provider="SNRT" sid="572" onid="0" tsid="4" />
    <channel service_ref="1:0:2:0018:0004:0000:00d7ad61:0:0:0:" name="Str Casa" service_name="Str Casa" provider="SNRT" sid="24" onid="0" tsid="4" />
    <channel service_ref="1:0:2:005b:0004:0000:00d7ad61:0:0:0:" name="Str Dakhla" service_name="Str Dakhla" provider="SNRT" sid="91" onid="0" tsid="4" />
    <channel service_ref="1:0:2:001e:0004:0000:00d7ad61:0:0:0:" name="Str Fes" service_name="Str Fes" provider="SNRT" sid="30" onid="0" tsid="4" />
    <channel service_ref="1:0:2:005a:0004:0000:00d7ad61:0:0:0:" name="Str Laayoune" service_name="Str Laayoune" provider="SNRT" sid="90" onid="0" tsid="4" />
    <channel service_ref="1:0:2:001c:0004:0000:00d7ad61:0:0:0:" name="Str Marrakech" service_name="Str Marrakech" provider="SNRT" sid="28" onid="0" tsid="4" />
    <channel service_ref="1:0:2:0020:0004:0000:00d7ad61:0:0:0:" name="Str Meknes" service_name="Str Meknes" provider="SNRT" sid="32" onid="0" tsid="4" />
    <channel service_ref="1:0:2:0017:0004:0000:00d7ad61:0:0:0:" name="Str Oujda" service_name="Str Oujda" provider="SNRT" sid="23" onid="0" tsid="4" />
    <channel service_ref="1:0:2:000e:0004:0000:00d7ad61:0:0:0:" name="Str tanger" service_name="Str tanger" provider="SNRT" sid="14" onid="0" tsid="4" />
    <channel service_ref="1:0:2:002e:0004:0000:00d7ad61:0:0:0:" name="Str tetouan" service_name="Str tetouan" provider="SNRT" sid="46" onid="0" tsid="4" />
  </bouquet>
  <bouquet name="Radio - News" category="radio">
    <channel service_ref="1:0:2:0001:0004:0000:00d7ad61:0:0:0:" name="Info Trafic" service_name="Info Trafic" provider="SNRT" sid="1" onid="0" tsid="4" />
  </bouquet>
</zapit>
