<?xml version='1.0' encoding='utf-8'?>
<zapit>
  <bouquet name="General" category="tv">
    <channel service_ref="1:0:22:000d:0064:2324:0d840000:0:0:0:" name="03 МАТЧ!" service_name="03 МАТЧ!" provider="РТРС" sid="13" onid="8996" tsid="100" />
    <channel service_ref="1:0:22:000e:0064:2324:0d840000:0:0:0:" name="04 НТВ" service_name="04 НТВ" provider="РТРС" sid="14" onid="8996" tsid="100" />
    <channel service_ref="1:0:22:000f:0064:2324:0d840000:0:0:0:" name="05 ПЯТЫЙ КАНАЛ" service_name="05 ПЯТЫЙ КАНАЛ" provider="РТРС" sid="15" onid="8996" tsid="100" />
    <channel service_ref="1:0:22:000a:0064:2324:0d840000:0:0:0:" name="06 РОССИЯ-К" service_name="06 РОССИЯ-К" provider="РТРС" sid="10" onid="8996" tsid="100" />
    <channel service_ref="1:0:22:000b:0064:2324:0d840000:0:0:0:" name="07 РОССИЯ-24" service_name="07 РОССИЯ-24" provider="РТРС" sid="11" onid="8996" tsid="100" />
    <channel service_ref="1:0:22:000c:0064:2324:0d840000:0:0:0:" name="08 КАРУСЕЛЬ" service_name="08 КАРУСЕЛЬ" provider="РТРС" sid="12" onid="8996" tsid="100" />
    <channel service_ref="1:0:22:000f:00c8:2324:0d840000:0:0:0:" name="09 ОТР" service_name="09 ОТР" provider="РТРС" sid="15" onid="8996" tsid="200" />
    <channel service_ref="1:0:22:000a:00c8:2324:0d840000:0:0:0:" name="10 ТВ Центр" service_name="10 ТВ Центр" provider="РТРС" sid="10" onid="8996" tsid="200" />
    <channel service_ref="1:0:22:000b:00c8:2324:0d840000:0:0:0:" name="11 РЕН ТВ" service_name="11 РЕН ТВ" provider="РТРС" sid="11" onid="8996" tsid="200" />
    <channel service_ref="1:0:22:000c:00c8:2324:0d840000:0:0:0:" name="12 Спас" service_name="12 Спас" provider="РТРС" sid="12" onid="8996" tsid="200" />
    <channel service_ref="1:0:22:000d:00c8:2324:0d840000:0:0:0:" name="13 СТС" service_name="13 СТС" provider="РТРС" sid="13" onid="8996" tsid="200" />
    <channel service_ref="1:0:22:001a:00c8:2324:0d840000:0:0:0:" name="14 Домашний" service_name="14 Домашний" provider="РТРС" sid="26" onid="8996" tsid="200" />
    <channel service_ref="1:0:22:001b:00c8:2324:0d840000:0:0:0:" name="15 ТВ3" service_name="15 ТВ3" provider="РТРС" sid="27" onid="8996" tsid="200" />
    <channel service_ref="1:0:22:001c:00c8:2324:0d840000:0:0:0:" name="16 Пятница" service_name="16 Пятница" provider="РТРС" sid="28" onid="8996" tsid="200" />
    <channel service_ref="1:0:22:001f:012c:2324:0d840000:0:0:0:" name="17 Звезда" service_name="17 Звезда" provider="РТРС" sid="31" onid="8996" tsid="300" />
    <channel service_ref="1:0:22:000e:012c:2324:0d840000:0:0:0:" name="18 МИР" service_name="18 МИР" provider="РТРС" sid="14" onid="8996" tsid="300" />
    <channel service_ref="1:0:22:000f:012c:2324:0d840000:0:0:0:" name="19 ТНТ" service_name="19 ТНТ" provider="РТРС" sid="15" onid="8996" tsid="300" />
    <channel service_ref="1:0:22:0010:012c:2324:0d840000:0:0:0:" name="20 МУЗ ТВ" service_name="20 МУЗ ТВ" provider="РТРС" sid="16" onid="8996" tsid="300" />
    <channel service_ref="1:0:22:0011:012c:2324:0d840000:0:0:0:" name="21 Мир-24" service_name="21 Мир-24" provider="РТРС" sid="17" onid="8996" tsid="300" />
    <channel service_ref="1:0:22:0012:012c:2324:0d840000:0:0:0:" name="22 Москва-24" service_name="22 Москва-24" provider="РТРС" sid="18" onid="8996" tsid="300" />
    <channel service_ref="1:0:22:0013:012c:2324:0d840000:0:0:0:" name="23 Первый Крымский" service_name="23 Первый Крымский" provider="РТРС" sid="19" onid="8996" tsid="300" />
    <channel service_ref="1:0:1:0001:0001:ffff:0d842adf:0:0:0:" name="Al Manar" service_name="Al Manar" provider="Al Manar" sid="1" onid="65535" tsid="1" />
    <channel service_ref="1:0:1:0001:0001:ffff:0d842cc0:0:0:0:" name="Al Manar" service_name="Al Manar" provider="Al Manar" sid="1" onid="65535" tsid="1" />
    <channel service_ref="1:0:1:0003:0003:0000:0d842b70:0:0:0:" name="RT auf Deutsch SD" service_name="RT auf Deutsch SD" provider="SynterraMedia" sid="3" onid="0" tsid="3" />
  </bouquet>
  <bouquet name="Switzerland" category="tv">
    <channel service_ref="1:0:22:000d:0064:2324:0d840000:0:0:0:" name="03 МАТЧ!" service_name="03 МАТЧ!" provider="РТРС" sid="13" onid="8996" tsid="100" />
    <channel service_ref="1:0:22:000f:0064:2324:0d840000:0:0:0:" name="05 ПЯТЫЙ КАНАЛ" service_name="05 ПЯТЫЙ КАНАЛ" provider="РТРС" sid="15" onid="8996" tsid="100" />
    <channel service_ref="1:0:22:000d:00c8:2324:0d840000:0:0:0:" name="13 СТС" service_name="13 СТС" provider="РТРС" sid="13" onid="8996" tsid="200" />
    <channel service_ref="1:0:22:001b:00c8:2324:0d840000:0:0:0:" name="15 ТВ3" service_name="15 ТВ3" provider="РТРС" sid="27" onid="8996" tsid="200" />
    <channel service_ref="1:0:22:0013:012c:2324:0d840000:0:0:0:" name="23 Первый Крымский" service_name="23 Первый Крымский" provider="РТРС" sid="19" onid="8996" tsid="300" />
  </bouquet>
  <bouquet name="Resolution - SD" category="tv">
    <channel service_ref="1:0:1:0003:0003:0000:0d842b70:0:0:0:" name="RT auf Deutsch SD" service_name="RT auf Deutsch SD" provider="SynterraMedia" sid="3" onid="0" tsid="3" />
  </bouquet>
  <bouquet name="Others" category="tv">
    <channel service_ref="1:0:22:000e:0064:2324:0d840000:0:0:0:" name="04 НТВ" service_name="04 НТВ" provider="РТРС" sid="14" onid="8996" tsid="100" />
    <channel service_ref="1:0:22:000a:0064:2324:0d840000:0:0:0:" name="06 РОССИЯ-К" service_name="06 РОССИЯ-К" provider="РТРС" sid="10" onid="8996" tsid="100" />
    <channel service_ref="1:0:22:000b:0064:2324:0d840000:0:0:0:" name="07 РОССИЯ-24" service_name="07 РОССИЯ-24" provider="РТРС" sid="11" onid="8996" tsid="100" />
    <channel service_ref="1:0:22:000c:0064:2324:0d840000:0:0:0:" name="08 КАРУСЕЛЬ" service_name="08 КАРУСЕЛЬ" provider="РТРС" sid="12" onid="8996" tsid="100" />
    <channel service_ref="1:0:22:000f:00c8:2324:0d840000:0:0:0:" name="09 ОТР" service_name="09 ОТР" provider="РТРС" sid="15" onid="8996" tsid="200" />
    <channel service_ref="1:0:22:000a:00c8:2324:0d840000:0:0:0:" name="10 ТВ Центр" service_name="10 ТВ Центр" provider="РТРС" sid="10" onid="8996" tsid="200" />
    <channel service_ref="1:0:22:000b:00c8:2324:0d840000:0:0:0:" name="11 РЕН ТВ" service_name="11 РЕН ТВ" provider="РТРС" sid="11" onid="8996" tsid="200" />
    <channel service_ref="1:0:22:000c:00c8:2324:0d840000:0:0:0:" name="12 Спас" service_name="12 Спас" provider="РТРС" sid="12" onid="8996" tsid="200" />
    <channel service_ref="1:0:22:001a:00c8:2324:0d840000:0:0:0:" name="14 Домашний" service_name="14 Домашний" provider="РТРС" sid="26" onid="8996" tsid="200" />
    <channel service_ref="1:0:22:001c:00c8:2324:0d840000:0:0:0:" name="16 Пятница" service_name="16 Пятница" provider="РТРС" sid="28" onid="8996" tsid="200" />
    <channel service_ref="1:0:22:001f:012c:2324:0d840000:0:0:0:" name="17 Звезда" service_name="17 Звезда" provider="РТРС" sid="31" onid="8996" tsid="300" />
    <channel service_ref="1:0:22:000e:012c:2324:0d840000:0:0:0:" name="18 МИР" service_name="18 МИР" provider="РТРС" sid="14" onid="8996" tsid="300" />
    <channel service_ref="1:0:22:000f:012c:2324:0d840000:0:0:0:" name="19 ТНТ" service_name="19 ТНТ" provider="РТРС" sid="15" onid="8996" tsid="300" />
    <channel service_ref="1:0:22:0010:012c:2324:0d840000:0:0:0:" name="20 МУЗ ТВ" service_name="20 МУЗ ТВ" provider="РТРС" sid="16" onid="8996" tsid="300" />
    <channel service_ref="1:0:22:0011:012c:2324:0d840000:0:0:0:" name="21 Мир-24" service_name="21 Мир-24" provider="РТРС" sid="17" onid="8996" tsid="300" />
    <channel service_ref="1:0:22:0012:012c:2324:0d840000:0:0:0:" name="22 Москва-24" service_name="22 Москва-24" provider="РТРС" sid="18" onid="8996" tsid="300" />
    <channel service_ref="1:0:1:0001:0001:ffff:0d842adf:0:0:0:" name="Al Manar" service_name="Al Manar" provider="Al Manar" sid="1" onid="65535" tsid="1" />
    <channel service_ref="1:0:1:0001:0001:ffff:0d842cc0:0:0:0:" name="Al Manar" service_name="Al Manar" provider="Al Manar" sid="1" onid="65535" tsid="1" />
    <channel service_ref="1:0:1:0003:0003:0000:0d842b70:0:0:0:" name="RT auf Deutsch SD" service_name="RT auf Deutsch SD" provider="SynterraMedia" sid="3" onid="0" tsid="3" />
  </bouquet>
  <bouquet name="Radio" category="radio">
    <channel service_ref="1:0:2:01c8:0001:0000:0d84ad2c:0:0:0:" name="11564V SID 0x456" service_name="11564V SID 0x456" provider="DVB-S2 8PSK 11564V 346.0Â°E" sid="456" onid="0" tsid="1" />
    <channel service_ref="1:0:2:01cc:0001:0000:0d84ad2c:0:0:0:" name="11564V SID 0x460" service_name="11564V SID 0x460" provider="DVB-S2 8PSK 11564V 346.0Â°E" sid="460" onid="0" tsid="1" />
    <channel service_ref="1:0:2:046a:0001:0000:0d84ad2c:0:0:0:" name="11564V SID 0x46a" service_name="11564V SID 0x46a" provider="DVB-S2 8PSK 11564V 346.0Â°E" sid="1130" onid="0" tsid="1" />
    <channel service_ref="1:0:2:0002:0001:ffff:0d842adf:0:0:0:" name="Al Nour" service_name="Al Nour" provider="Al Manar" sid="2" onid="65535" tsid="1" />
    <channel service_ref="1:0:2:0002:0001:ffff:0d842cc0:0:0:0:" name="Al Nour" service_name="Al Nour" provider="Al Manar" sid="2" onid="65535" tsid="1" />
    <channel service_ref="1:0:2:0001:0008:1111:0d840000:0:0:0:" name="Radio CH50" service_name="Radio CH50" provider="RSCC" sid="1" onid="4369" tsid="8" />
    <channel service_ref="1:0:2:0002:0008:1111:0d840000:0:0:0:" name="Radio CH51" service_name="Radio CH51" provider="RSCC" sid="2" onid="4369" tsid="8" />
    <channel service_ref="1:0:2:0003:0008:1111:0d840000:0:0:0:" name="Radio CH52" service_name="Radio CH52" provider="RSCC" sid="3" onid="4369" tsid="8" />
    <channel service_ref="1:0:2:0004:0008:1111:0d840000:0:0:0:" name="Radio CH54" service_name="Radio CH54" provider="RSCC" sid="4" onid="4369" tsid="8" />
    <channel service_ref="1:0:2:0005:0008:1111:0d840000:0:0:0:" name="Radio CH55" service_name="Radio CH55" provider="RSCC" sid="5" onid="4369" tsid="8" />
    <channel service_ref="1:0:2:0006:0008:1111:0d840000:0:0:0:" name="Radio CH56" service_name="Radio CH56" provider="RSCC" sid="6" onid="4369" tsid="8" />
    <channel service_ref="1:0:2:0007:0008:1111:0d840000:0:0:0:" name="Radio CH57" service_name="Radio CH57" provider="RSCC" sid="7" onid="4369" tsid="8" />
    <channel service_ref="1:0:2:0008:0008:1111:0d840000:0:0:0:" name="Radio CH58" service_name="Radio CH58" provider="RSCC" sid="8" onid="4369" tsid="8" />
    <channel service_ref="1:0:2:0009:0008:1111:0d840000:0:0:0:" name="Radio CH59" service_name="Radio CH59" provider="RSCC" sid="9" onid="4369" tsid="8" />
    <channel service_ref="1:0:2:01c8:0064:2324:0d840000:0:0:0:" name="ВЕСТИ ФМ" service_name="ВЕСТИ ФМ" provider="РТРС" sid="456" onid="8996" tsid="100" />
    <channel service_ref="1:0:2:01cc:0064:2324:0d840000:0:0:0:" name="МАЯК" service_name="МАЯК" provider="РТРС" sid="460" onid="8996" tsid="100" />
    <channel service_ref="1:0:2:046a:0064:2324:0d840000:0:0:0:" name="Радио России" service_name="Радио России" provider="РТРС" sid="1130" onid="8996" tsid="100" />
  </bouquet>
</zapit>
