{
  "api_version": 4,
  "bouquet_count": "506",
  "category": "sat",
  "deduplicated_services": "0",
  "display_name": "Sat-51.5E",
  "lamedb_version": "4",
  "last_seen": "unknown",
  "satellite_code": "S51.5E",
  "service_count": "12626",
  "source": "work/ingest/oe-alliance/vhannibal.motor/enigma2",
  "stale": "unknown",
  "stats": "{\"bouquet_count\": 47, \"cable_services\": 0, \"radio_services\": 1982, \"sat_services\": 12626, \"terrestrial_services\": 0, \"total_services\": 12626}",
  "thresholds": "{\"cable\": 20, \"sat\": 50, \"terrestrial\": 20}",
  "transponder_count": "947"
}