<?xml version='1.0' encoding='utf-8'?>
<zapit api="4">
  <satellites>
    <satellite key="0df20000:0039:217c" name="Sat-3W" namespace="0x0df20000" position="-3">
      <transponder key="0df20000:0039:217c" frequency="12739000" symbol_rate="13172000" polarization="V" fec="2" system="0" modulation="0">
        <service id="0x00e1" sid="225" name="225 TV" type="22" provider="BeS" onid="8572" tsid="57" namespace="0x0df20000" />
        <service id="0x00e2" sid="226" name="249 SPORT" type="22" provider="BeS" onid="8572" tsid="57" namespace="0x0df20000" />
        <service id="0x02f3" sid="755" name="877" type="1" provider="BeS" onid="8572" tsid="57" namespace="0x0df20000" />
        <service id="0x009d" sid="157" name="AMICI NETWORK" type="1" provider="BeS" onid="8572" tsid="57" namespace="0x0df20000" />
        <service id="0x009b" sid="155" name="Amici per L'Italia" type="1" provider="BeS" onid="8572" tsid="57" namespace="0x0df20000" />
        <service id="0x1c1f" sid="7199" name="BFC" type="1" provider="BeS" onid="8572" tsid="57" namespace="0x0df20000" />
        <service id="0x1c20" sid="7200" name="BIKE" type="1" provider="BeS" onid="8572" tsid="57" namespace="0x0df20000" />
        <service id="0x0005" sid="5" name="Capri Casino'" type="1" provider="BeS" onid="8572" tsid="57" namespace="0x0df20000" />
        <service id="0x00f7" sid="247" name="Capri Fashion" type="1" provider="BeS" onid="8572" tsid="57" namespace="0x0df20000" />
        <service id="0x00bf" sid="191" name="CHANNEL 401" type="1" provider="BeS" onid="8572" tsid="57" namespace="0x0df20000" />
        <service id="0x1c34" sid="7220" name="DONNA SHOPPING" type="1" provider="Bes" onid="8572" tsid="57" namespace="0x0df20000" />
        <service id="0x003d" sid="61" name="EPIQA" type="1" provider="BeS" onid="8572" tsid="57" namespace="0x0df20000" />
        <service id="0x00f0" sid="240" name="GENIUS 240" type="1" provider="BeS" onid="8572" tsid="57" namespace="0x0df20000" />
        <service id="0x033c" sid="828" name="IT CHANNEL" type="25" provider="BeS" onid="8572" tsid="57" namespace="0x0df20000" />
        <service id="0x009c" sid="156" name="ITALIA SERA" type="1" provider="BeS" onid="8572" tsid="57" namespace="0x0df20000" />
        <service id="0x00fe" sid="254" name="La Grande Italia" type="1" provider="BeS" onid="8572" tsid="57" namespace="0x0df20000" />
        <service id="0x03e9" sid="1001" name="LCN82" type="1" provider="BeS" onid="8572" tsid="57" namespace="0x0df20000" />
        <service id="0x0141" sid="321" name="ODEON 24" type="1" provider="BeS" onid="8572" tsid="57" namespace="0x0df20000" />
        <service id="0x1c3e" sid="7230" name="PREMIO 800" type="1" provider="BeS" onid="8572" tsid="57" namespace="0x0df20000" />
        <service id="0x1c1a" sid="7194" name="PREMIO LIVE" type="1" provider="BeS" onid="8572" tsid="57" namespace="0x0df20000" />
        <service id="0x1c2a" sid="7210" name="PREMIO SPORT" type="1" provider="BeS" onid="8572" tsid="57" namespace="0x0df20000" />
        <service id="0x00c1" sid="193" name="RADIO MATER" type="1" provider="BeS" onid="8572" tsid="57" namespace="0x0df20000" />
        <service id="0x00a3" sid="163" name="RETECAPRI" type="1" provider="BeS" onid="8572" tsid="57" namespace="0x0df20000" />
        <service id="0x00f6" sid="246" name="TELEMODA" type="1" provider="BeS" onid="8572" tsid="57" namespace="0x0df20000" />
        <service id="0x00e3" sid="227" name="TV1" type="22" provider="BeS" onid="8572" tsid="57" namespace="0x0df20000" />
        <service id="0x1c25" sid="7205" name="WELCOME TV" type="1" provider="BeS" onid="8572" tsid="57" namespace="0x0df20000" />
        <service id="0x010d" sid="269" name="ZETA TV" type="1" provider="BeS" onid="8572" tsid="57" namespace="0x0df20000" />
        <service id="0x000a" sid="10" name="Radio Capri" type="2" provider="BeS" onid="8572" tsid="57" namespace="0x0df20000" radio="1" />
        <service id="0x000b" sid="11" name="RADIO CAPRI" type="2" provider="BeS" onid="8572" tsid="57" namespace="0x0df20000" radio="1" />
      </transponder>
    </satellite>
    <satellite key="0df22ccb:0001:0001" name="Sat-3W" namespace="0x0df22ccb" position="-3">
      <transponder key="0df22ccb:0001:0001" frequency="11467000" symbol_rate="1667000" polarization="H" fec="3" system="0" modulation="0">
        <service id="0x0001" sid="1" name="RASDTV" type="1" provider="Scopus" onid="1" tsid="1" namespace="0x0df22ccb" />
      </transponder>
    </satellite>
  </satellites>
</zapit>
