{
  "api_version": 4,
  "bouquet_count": "67",
  "category": "all",
  "deduplicated_services": "0",
  "display_name": "All",
  "lamedb_version": "4",
  "last_seen": "unknown",
  "service_count": "2947",
  "source": "work/ingest/oe-alliance/vhannibal.dual.feeds.and.dtt.lazio/enigma2",
  "stale": "unknown",
  "stats": "{\"bouquet_count\": 44, \"cable_services\": 0, \"radio_services\": 398, \"sat_services\": 2674, \"terrestrial_services\": 273, \"total_services\": 2947}",
  "thresholds": "{\"cable\": 20, \"sat\": 50, \"terrestrial\": 20}",
  "transponder_count": "212"
}