<?xml version='1.0' encoding='utf-8'?>
<zapit api="4">
  <satellites>
    <satellite key="00640000:0001:0002" name="Sat-10E" namespace="0x00640000" position="10">
      <transponder key="00640000:0001:0002" frequency="10748000" symbol_rate="4000000" polarization="V" fec="9" system="0" modulation="0">
        <service id="0x01cc" sid="460" name="Mod_VSAT_AO:PT" type="1" provider="ERICSSON Television" onid="2" tsid="1" namespace="0x00640000" />
      </transponder>
    </satellite>
    <satellite key="00640000:0001:0010" name="Sat-10E" namespace="0x00640000" position="10">
      <transponder key="00640000:0001:0010" frequency="11221000" symbol_rate="30000000" polarization="V" fec="4" system="0" modulation="0">
        <service id="0x1f41" sid="8001" name="01 BBC One" type="22" provider="BFBS" onid="16" tsid="1" namespace="0x00640000" />
        <service id="0x1f42" sid="8002" name="02 BBC Two" type="22" provider="BFBS" onid="16" tsid="1" namespace="0x00640000" />
        <service id="0x1f43" sid="8003" name="03 ITV" type="22" provider="BFBS" onid="16" tsid="1" namespace="0x00640000" />
        <service id="0x1f44" sid="8004" name="04 BFBS Extra" type="22" provider="BFBS" onid="16" tsid="1" namespace="0x00640000" />
        <service id="0x1f45" sid="8005" name="05 Sky Sports" type="22" provider="BFBS" onid="16" tsid="1" namespace="0x00640000" />
        <service id="0x1f46" sid="8006" name="06 BT Sport" type="22" provider="BFBS" onid="16" tsid="1" namespace="0x00640000" />
        <service id="0x1f47" sid="8007" name="07 BFBS Sport" type="22" provider="BFBS" onid="16" tsid="1" namespace="0x00640000" />
        <service id="0x1f48" sid="8008" name="08 Sky News" type="22" provider="BFBS" onid="16" tsid="1" namespace="0x00640000" />
        <service id="0x1f49" sid="8009" name="09 Channel 4" type="22" provider="BFBS" onid="16" tsid="1" namespace="0x00640000" />
        <service id="0x1f4a" sid="8010" name="10 Channel 5" type="22" provider="BFBS" onid="16" tsid="1" namespace="0x00640000" />
        <service id="0x1f4b" sid="8011" name="11 BBC One Delay" type="22" provider="BFBS" onid="16" tsid="1" namespace="0x00640000" />
        <service id="0x1f4c" sid="8012" name="12 BBC Two Delay" type="22" provider="BFBS" onid="16" tsid="1" namespace="0x00640000" />
        <service id="0x1f4d" sid="8013" name="13 ITV Delay" type="22" provider="BFBS" onid="16" tsid="1" namespace="0x00640000" />
        <service id="0x1f4e" sid="8014" name="14 BFBS Extra Delay" type="22" provider="BFBS" onid="16" tsid="1" namespace="0x00640000" />
        <service id="0x1f4f" sid="8015" name="15" type="22" provider="BFBS" onid="16" tsid="1" namespace="0x00640000" />
        <service id="0x1f50" sid="8016" name="16" type="22" provider="BFBS" onid="16" tsid="1" namespace="0x00640000" />
        <service id="0x1f51" sid="8017" name="17 Sky Cinema" type="22" provider="BFBS" onid="16" tsid="1" namespace="0x00640000" />
        <service id="0x1f52" sid="8018" name="18 Nepal TV" type="22" provider="BFBS" onid="16" tsid="1" namespace="0x00640000" />
        <service id="0x1f53" sid="8019" name="19" type="22" provider="BFBS" onid="16" tsid="1" namespace="0x00640000" />
        <service id="0x1f54" sid="8020" name="20" type="22" provider="BFBS" onid="16" tsid="1" namespace="0x00640000" />
        <service id="0x08aa" sid="2218" name="8728 Quadrille Data" type="1" provider="BFBS" onid="16" tsid="1" namespace="0x00640000" />
        <service id="0x1f5f" sid="8031" name="51 BFBS Radio" type="2" provider="BFBS" onid="16" tsid="1" namespace="0x00640000" radio="1" />
        <service id="0x1f58" sid="8024" name="52 BFBS Radio 2" type="2" provider="BFBS" onid="16" tsid="1" namespace="0x00640000" radio="1" />
        <service id="0x1f5b" sid="8027" name="53 BFBS UK National" type="2" provider="BFBS" onid="16" tsid="1" namespace="0x00640000" radio="1" />
        <service id="0x1f55" sid="8021" name="61 BFBS Ops" type="2" provider="BFBS" onid="16" tsid="1" namespace="0x00640000" radio="1" />
        <service id="0x1f56" sid="8022" name="62 BFBS Cyprus" type="2" provider="BFBS" onid="16" tsid="1" namespace="0x00640000" radio="1" />
        <service id="0x1f5d" sid="8029" name="63 BFBS East" type="2" provider="BFBS" onid="16" tsid="1" namespace="0x00640000" radio="1" />
        <service id="0x1f66" sid="8038" name="64" type="2" provider="BFBS" onid="16" tsid="1" namespace="0x00640000" radio="1" />
        <service id="0x1f59" sid="8025" name="65 BFBS Germany" type="2" provider="BFBS" onid="16" tsid="1" namespace="0x00640000" radio="1" />
        <service id="0x1f5e" sid="8030" name="66 BFBS N Ireland" type="2" provider="BFBS" onid="16" tsid="1" namespace="0x00640000" radio="1" />
        <service id="0x1f57" sid="8023" name="67 BFBS UK Bases" type="2" provider="BFBS" onid="16" tsid="1" namespace="0x00640000" radio="1" />
        <service id="0x1f70" sid="8048" name="68 BFBS Gurkha East" type="2" provider="BFBS" onid="16" tsid="1" namespace="0x00640000" radio="1" />
        <service id="0x1f61" sid="8033" name="69 BFBS Gurkha Radio" type="2" provider="BFBS" onid="16" tsid="1" namespace="0x00640000" radio="1" />
        <service id="0x1f60" sid="8032" name="71 BFBS Beats" type="2" provider="BFBS" onid="16" tsid="1" namespace="0x00640000" radio="1" />
        <service id="0x1f62" sid="8034" name="72 BFBS Dirt" type="2" provider="BFBS" onid="16" tsid="1" namespace="0x00640000" radio="1" />
        <service id="0x1f63" sid="8035" name="73 BFBS Rewind" type="2" provider="BFBS" onid="16" tsid="1" namespace="0x00640000" radio="1" />
        <service id="0x1f65" sid="8037" name="74 BFBS Shamishran" type="2" provider="BFBS" onid="16" tsid="1" namespace="0x00640000" radio="1" />
        <service id="0x1f5a" sid="8026" name="75 BFBS Unwind" type="2" provider="BFBS" onid="16" tsid="1" namespace="0x00640000" radio="1" />
        <service id="0x1f67" sid="8039" name="81" type="2" provider="BFBS" onid="16" tsid="1" namespace="0x00640000" radio="1" />
        <service id="0x1f68" sid="8040" name="82 World Service" type="2" provider="BFBS" onid="16" tsid="1" namespace="0x00640000" radio="1" />
        <service id="0x1f69" sid="8041" name="83 Fun kids" type="2" provider="BFBS" onid="16" tsid="1" namespace="0x00640000" radio="1" />
        <service id="0x1f6a" sid="8042" name="84 Talk Sport" type="2" provider="BFBS" onid="16" tsid="1" namespace="0x00640000" radio="1" />
        <service id="0x1f6b" sid="8043" name="85 BFBS Blandford" type="2" provider="BFBS" onid="16" tsid="1" namespace="0x00640000" radio="1" />
        <service id="0x1f6c" sid="8044" name="86 BFBS Scotland" type="2" provider="BFBS" onid="16" tsid="1" namespace="0x00640000" radio="1" />
        <service id="0x1f6d" sid="8045" name="87 BFBS BZN" type="2" provider="BFBS" onid="16" tsid="1" namespace="0x00640000" radio="1" />
        <service id="0x1f6e" sid="8046" name="88" type="2" provider="BFBS" onid="16" tsid="1" namespace="0x00640000" radio="1" />
        <service id="0x1f6f" sid="8047" name="91 Gibraltar" type="2" provider="BFBS" onid="16" tsid="1" namespace="0x00640000" radio="1" />
        <service id="0x1f5c" sid="8028" name="92 (Contribution)" type="2" provider="BFBS" onid="16" tsid="1" namespace="0x00640000" radio="1" />
        <service id="0x1f64" sid="8036" name="93" type="2" provider="BFBS" onid="16" tsid="1" namespace="0x00640000" radio="1" />
        <service id="0x1f71" sid="8049" name="94" type="2" provider="BFBS" onid="16" tsid="1" namespace="0x00640000" radio="1" />
        <service id="0x1f72" sid="8050" name="95" type="2" provider="BFBS" onid="16" tsid="1" namespace="0x00640000" radio="1" />
      </transponder>
    </satellite>
    <satellite key="00640000:7d1b:0003" name="Sat-10E" namespace="0x00640000" position="10">
      <transponder key="00640000:7d1b:0003" frequency="11631000" symbol_rate="1778000" polarization="H" fec="3" system="0" modulation="0">
        <service id="0x010f" sid="271" name="RT NEWS" type="1" provider="" onid="3" tsid="32027" namespace="0x00640000" />
      </transponder>
    </satellite>
    <satellite key="00642b68:0001:ffff" name="Sat-10E" namespace="0x00642b68" position="10">
      <transponder key="00642b68:0001:ffff" frequency="11112000" symbol_rate="1333000" polarization="H" fec="2" system="0" modulation="0">
        <service id="0x0001" sid="1" name="Gryphon PV-2" type="1" provider="DTVi" onid="65535" tsid="1" namespace="0x00642b68" />
      </transponder>
    </satellite>
    <satellite key="00642c52:0001:0001" name="Sat-10E" namespace="0x00642c52" position="10">
      <transponder key="00642c52:0001:0001" frequency="11346000" symbol_rate="27500000" polarization="H" fec="3" system="0" modulation="0">
        <service id="0x0004" sid="4" name="AFP1 EU" type="25" provider="EBU" onid="1" tsid="1" namespace="0x00642c52" />
        <service id="0x0001" sid="1" name="IPE" type="1" provider="MAINDATA" onid="1" tsid="1" namespace="0x00642c52" />
      </transponder>
    </satellite>
    <satellite key="0064a9d4:0001:0001" name="Sat-10E" namespace="0x0064a9d4" position="10">
      <transponder key="0064a9d4:0001:0001" frequency="10708000" symbol_rate="3675000" polarization="V" fec="0" system="0" modulation="0">
        <service id="0x0008" sid="8" name="Service 8" type="1" provider="iPlex" onid="1" tsid="1" namespace="0x0064a9d4" />
      </transponder>
    </satellite>
    <satellite key="0064a9ec:0001:0001" name="Sat-10E" namespace="0x0064a9ec" position="10">
      <transponder key="0064a9ec:0001:0001" frequency="10732000" symbol_rate="2025000" polarization="V" fec="4" system="0" modulation="0">
        <service id="0x0003" sid="3" name="Service 3" type="1" provider="iPlex" onid="1" tsid="1" namespace="0x0064a9ec" />
      </transponder>
    </satellite>
    <satellite key="0064a9ff:00b0:00b1" name="Sat-10E" namespace="0x0064a9ff" position="10">
      <transponder key="0064a9ff:00b0:00b1" frequency="10751000" symbol_rate="2061000" polarization="V" fec="3" system="0" modulation="0">
        <service id="0x0001" sid="1" name="ortc_" type="1" provider="Harmonic" onid="177" tsid="176" namespace="0x0064a9ff" />
      </transponder>
    </satellite>
    <satellite key="0064aa54:0001:ffff" name="Sat-10E" namespace="0x0064aa54" position="10">
      <transponder key="0064aa54:0001:ffff" frequency="10836000" symbol_rate="3000000" polarization="V" fec="3" system="0" modulation="0">
        <service id="0x0001" sid="1" name="E-73" type="1" provider="TVpalanca" onid="65535" tsid="1" namespace="0x0064aa54" />
      </transponder>
    </satellite>
    <satellite key="0064aaf1:0001:ffff" name="Sat-10E" namespace="0x0064aaf1" position="10">
      <transponder key="0064aaf1:0001:ffff" frequency="10993000" symbol_rate="4000000" polarization="V" fec="3" system="0" modulation="0">
        <service id="0x0001" sid="1" name="Al-Forat HD" type="1" provider="Service Provider" onid="65535" tsid="1" namespace="0x0064aaf1" />
      </transponder>
    </satellite>
    <satellite key="0064ab6a:0001:0001" name="Sat-10E" namespace="0x0064ab6a" position="10">
      <transponder key="0064ab6a:0001:0001" frequency="11114000" symbol_rate="2500000" polarization="V" fec="3" system="0" modulation="0">
        <service id="0x0001" sid="1" name="Service 01" type="1" provider="Net 1" onid="1" tsid="1" namespace="0x0064ab6a" />
      </transponder>
    </satellite>
    <satellite key="0064acda:0001:ffff" name="Sat-10E" namespace="0x0064acda" position="10">
      <transponder key="0064acda:0001:ffff" frequency="11482000" symbol_rate="2857000" polarization="V" fec="4" system="0" modulation="0">
        <service id="0x0001" sid="1" name="Service-1" type="1" provider="Service Provider" onid="65535" tsid="1" namespace="0x0064acda" />
      </transponder>
    </satellite>
    <satellite key="0064acde:0001:ffff" name="Sat-10E" namespace="0x0064acde" position="10">
      <transponder key="0064acde:0001:ffff" frequency="11486000" symbol_rate="2500000" polarization="V" fec="3" system="0" modulation="0">
        <service id="0x0001" sid="1" name="Service-1" type="1" provider="Service Provider" onid="65535" tsid="1" namespace="0x0064acde" />
      </transponder>
    </satellite>
    <satellite key="0064ad1b:1000:2000" name="Sat-10E" namespace="0x0064ad1b" position="10">
      <transponder key="0064ad1b:1000:2000" frequency="11547000" symbol_rate="1442000" polarization="V" fec="3" system="0" modulation="0">
        <service id="0x0001" sid="1" name="M24 MAROC" type="1" provider="Harmonic" onid="8192" tsid="4096" namespace="0x0064ad1b" />
      </transponder>
    </satellite>
    <satellite key="0064ad30:0001:0001" name="Sat-10E" namespace="0x0064ad30" position="10">
      <transponder key="0064ad30:0001:0001" frequency="11568000" symbol_rate="2500000" polarization="V" fec="2" system="0" modulation="0">
        <service id="0x0001" sid="1" name="feed1" type="1" provider="" onid="1" tsid="1" namespace="0x0064ad30" />
      </transponder>
    </satellite>
    <satellite key="0064b15d:0001:0001" name="Sat-10E" namespace="0x0064b15d" position="10">
      <transponder key="0064b15d:0001:0001" frequency="12637000" symbol_rate="18400000" polarization="V" fec="2" system="0" modulation="0">
        <service id="0x00c8" sid="200" name="AP DIRECT" type="1" provider="Associated Press" onid="1" tsid="1" namespace="0x0064b15d" />
        <service id="0x0028" sid="40" name="AP GVW" type="1" provider="Associated Press" onid="1" tsid="1" namespace="0x0064b15d" />
      </transponder>
    </satellite>
    <satellite key="0064b184:0001:0000" name="Sat-10E" namespace="0x0064b184" position="10">
      <transponder key="0064b184:0001:0000" frequency="12676000" symbol_rate="256000" polarization="V" fec="1" system="0" modulation="0">
        <service id="0x0001" sid="1" name="12676V SID 0x01" type="2" provider="DVB-S 8PSK 12676V 10.0Â°E" onid="0" tsid="1" namespace="0x0064b184" radio="1" />
      </transponder>
    </satellite>
  </satellites>
</zapit>
