<?xml version='1.0' encoding='utf-8'?>
<zapit api="4">
  <satellites>
    <satellite key="01cc2b57:0000:0000" name="Sat-46E" namespace="0x01cc2b57" position="46">
      <transponder key="01cc2b57:0000:0000" frequency="11095000" symbol_rate="30000000" polarization="H" fec="4" system="0" modulation="0">
        <service id="0x0001" sid="1" name="1 TV Georgia" type="1" provider="Vector A.G" onid="0" tsid="0" namespace="0x01cc2b57" />
        <service id="0x000b" sid="11" name="1Zahid_test" type="1" provider="Vector A.G" onid="0" tsid="0" namespace="0x01cc2b57" />
        <service id="0x0002" sid="2" name="Ajara TV" type="1" provider="Vector A.G" onid="0" tsid="0" namespace="0x01cc2b57" />
        <service id="0x000e" sid="14" name="France 24 Englis" type="1" provider="Vector A.G" onid="0" tsid="0" namespace="0x01cc2b57" />
        <service id="0x0004" sid="4" name="GDS TV" type="1" provider="Vector A.G" onid="0" tsid="0" namespace="0x01cc2b57" />
        <service id="0x0003" sid="3" name="Imedi TV" type="1" provider="Vector A.G" onid="0" tsid="0" namespace="0x01cc2b57" />
        <service id="0x0005" sid="5" name="Maestro TV" type="1" provider="Vector A.G" onid="0" tsid="0" namespace="0x01cc2b57" />
        <service id="0x000a" sid="10" name="Moldova-1_test" type="1" provider="Vector A.G" onid="0" tsid="0" namespace="0x01cc2b57" />
        <service id="0x0008" sid="8" name="Obieqtivi" type="1" provider="Vector A.G" onid="0" tsid="0" namespace="0x01cc2b57" />
        <service id="0x000c" sid="12" name="Perviy kanal SNG" type="1" provider="Vector A.G" onid="0" tsid="0" namespace="0x01cc2b57" />
        <service id="0x000f" sid="15" name="RGVK_test" type="1" provider="Vector A.G" onid="0" tsid="0" namespace="0x01cc2b57" />
        <service id="0x000d" sid="13" name="Rossiya 1" type="1" provider="Vector A.G" onid="0" tsid="0" namespace="0x01cc2b57" />
        <service id="0x0006" sid="6" name="TV Pirveli" type="1" provider="Vector A.G" onid="0" tsid="0" namespace="0x01cc2b57" />
        <service id="0x0009" sid="9" name="TV25" type="1" provider="Vector A.G" onid="0" tsid="0" namespace="0x01cc2b57" />
        <service id="0x001f" sid="31" name="radio Imedi" type="2" provider="Vector A.G" onid="0" tsid="0" namespace="0x01cc2b57" radio="1" />
      </transponder>
    </satellite>
    <satellite key="01cc2b7f:0000:0000" name="Sat-46E" namespace="0x01cc2b7f" position="46">
      <transponder key="01cc2b7f:0000:0000" frequency="11135000" symbol_rate="27500000" polarization="H" fec="4" system="0" modulation="0">
        <service id="0x0041" sid="65" name="AzTV" type="1" provider="Teleradio" onid="0" tsid="0" namespace="0x01cc2b7f" />
        <service id="0x0141" sid="321" name="CBC_Sport_HDtv" type="1" provider="Harmonic" onid="0" tsid="0" namespace="0x01cc2b7f" />
        <service id="0x0007" sid="7" name="DalgaTV" type="1" provider="Teleradio" onid="0" tsid="0" namespace="0x01cc2b7f" />
        <service id="0x0103" sid="259" name="Dunya TV" type="1" provider="Teleradio" onid="0" tsid="0" namespace="0x01cc2b7f" />
        <service id="0x0042" sid="66" name="Ictimai TV" type="1" provider="Teleradio" onid="0" tsid="0" namespace="0x01cc2b7f" />
        <service id="0x012d" sid="301" name="Lider TV" type="1" provider="Teleradio" onid="0" tsid="0" namespace="0x01cc2b7f" />
        <service id="0x00bf" sid="191" name="Obieqtivi" type="1" provider="" onid="0" tsid="0" namespace="0x01cc2b7f" />
        <service id="0x01f5" sid="501" name="Real_TV" type="1" provider="Harmonic" onid="0" tsid="0" namespace="0x01cc2b7f" />
        <service id="0x00c9" sid="201" name="SPACE TV" type="1" provider="TELERADIO" onid="0" tsid="0" namespace="0x01cc2b7f" />
        <service id="0x00cf" sid="207" name="Araz_FM" type="2" provider="Teleradio" onid="0" tsid="0" namespace="0x01cc2b7f" radio="1" />
        <service id="0x02be" sid="702" name="Asan_FM" type="2" provider="Harmonic" onid="0" tsid="0" namespace="0x01cc2b7f" radio="1" />
        <service id="0x00ca" sid="202" name="Radio Respublika" type="2" provider="Teleradio" onid="0" tsid="0" namespace="0x01cc2b7f" radio="1" />
      </transponder>
    </satellite>
    <satellite key="01ccab11:0001:0000" name="Sat-46E" namespace="0x01ccab11" position="46">
      <transponder key="01ccab11:0001:0000" frequency="11025000" symbol_rate="12690000" polarization="V" fec="4" system="0" modulation="0">
        <service id="0x0001" sid="1" name="ARB" type="1" provider="" onid="0" tsid="1" namespace="0x01ccab11" />
        <service id="0x0003" sid="3" name="ARB 24 HD" type="1" provider="" onid="0" tsid="1" namespace="0x01ccab11" />
        <service id="0x0004" sid="4" name="ARB Gunesh" type="1" provider="" onid="0" tsid="1" namespace="0x01ccab11" />
        <service id="0x0005" sid="5" name="Kepez_FM" type="2" provider="" onid="0" tsid="1" namespace="0x01ccab11" radio="1" />
      </transponder>
    </satellite>
  </satellites>
</zapit>
