{
  "api_version": 4,
  "bouquet_count": "39",
  "category": "all",
  "deduplicated_services": "0",
  "display_name": "All",
  "lamedb_version": "4",
  "last_seen": "unknown",
  "service_count": "2728",
  "source": "work/ingest/oe-alliance/malimali.9e.13e.19e/enigma2",
  "stale": "unknown",
  "stats": "{\"bouquet_count\": 34, \"cable_services\": 0, \"radio_services\": 0, \"sat_services\": 2728, \"terrestrial_services\": 0, \"total_services\": 2728}",
  "thresholds": "{\"cable\": 20, \"sat\": 50, \"terrestrial\": 20}",
  "transponder_count": "232"
}