<?xml version='1.0' encoding='utf-8'?>
<zapit api="4">
  <terrestrials>
    <terrestrial key="eeee0000:8060:217c" name="TELEVOMERO" namespace="0xeeee0000">
      <transponder key="eeee0000:8060:217c" frequency="538000000" symbol_rate="0" polarization="H" fec="5" system="0" modulation="4">
        <service id="0x0004" sid="4" name="clubtelevision" type="1" provider="" onid="8572" tsid="32864" namespace="0xeeee0000" />
        <service id="0x000d" sid="13" name="ITALIAMIA" type="22" provider="TELEVOMERO" onid="8572" tsid="32864" namespace="0xeeee0000" />
        <service id="0x000b" sid="11" name="LIRA TV HD" type="1" provider="TELEVOMERO" onid="8572" tsid="32864" namespace="0xeeee0000" />
        <service id="0x0002" sid="2" name="NAPOLI.live" type="1" provider="" onid="8572" tsid="32864" namespace="0xeeee0000" />
        <service id="0x0009" sid="9" name="NAPOLI.live" type="1" provider="" onid="8572" tsid="32864" namespace="0xeeee0000" />
        <service id="0x000a" sid="10" name="NAPOLI.live" type="1" provider="" onid="8572" tsid="32864" namespace="0xeeee0000" />
        <service id="0x0014" sid="20" name="QUARTO CANALE" type="1" provider="" onid="8572" tsid="32864" namespace="0xeeee0000" />
        <service id="0x00a0" sid="160" name="TELE CLUB ITALIA" type="1" provider="" onid="8572" tsid="32864" namespace="0xeeee0000" />
        <service id="0x0012" sid="18" name="TELEISCHIA" type="1" provider="TELEISCHIA" onid="8572" tsid="32864" namespace="0xeeee0000" />
        <service id="0x0013" sid="19" name="teleischia" type="1" provider="TELEISCHIA" onid="8572" tsid="32864" namespace="0xeeee0000" />
        <service id="0x0005" sid="5" name="TeleOLTRE" type="1" provider="" onid="8572" tsid="32864" namespace="0xeeee0000" />
        <service id="0x0001" sid="1" name="TELEVOMERO" type="1" provider="" onid="8572" tsid="32864" namespace="0xeeee0000" />
        <service id="0x0008" sid="8" name="televomero" type="1" provider="" onid="8572" tsid="32864" namespace="0xeeee0000" />
        <service id="0x0003" sid="3" name="TELEVOMERO HD" type="1" provider="" onid="8572" tsid="32864" namespace="0xeeee0000" />
        <service id="0x000f" sid="15" name="RADIO CLUB 91" type="2" provider="TELEVOMERO" onid="8572" tsid="32864" namespace="0xeeee0000" radio="1" />
        <service id="0x07e2" sid="2018" name="RADIO NUOVA VOMERO" type="2" provider="TELEVOMERO" onid="8572" tsid="32864" namespace="0xeeee0000" radio="1" />
      </transponder>
    </terrestrial>
  </terrestrials>
</zapit>
