<?xml version='1.0' encoding='utf-8'?>
<zapit>
  <bouquet name="General" category="tv">
    <channel service_ref="1:0:1:00c2:0001:0000:022530f3:0:0:0:" name="Avtoradio_4" service_name="Avtoradio_4" provider="CONNECTO.TV" sid="194" onid="0" tsid="1" />
    <channel service_ref="1:0:1:000e:0001:0000:022530f3:0:0:0:" name="Comedy_M0" service_name="Comedy_M0" provider="CONNECTO.TV" sid="14" onid="0" tsid="1" />
    <channel service_ref="1:0:1:0007:0001:0000:022530f3:0:0:0:" name="Comedy_M2" service_name="Comedy_M2" provider="CONNECTO.TV" sid="7" onid="0" tsid="1" />
    <channel service_ref="1:0:1:0008:0001:0000:022530f3:0:0:0:" name="Energy_M0" service_name="Energy_M0" provider="CONNECTO.TV" sid="8" onid="0" tsid="1" />
    <channel service_ref="1:0:1:019c:0001:0000:022530f3:0:0:0:" name="Energy_M4" service_name="Energy_M4" provider="CONNECTO.TV" sid="412" onid="0" tsid="1" />
    <channel service_ref="1:0:1:00d4:0037:0064:02250000:0:0:0:" name="FRIDAY_+0_mp4" service_name="FRIDAY_+0_mp4" provider="Harmonic" sid="212" onid="100" tsid="55" />
    <channel service_ref="1:0:1:002b:0001:0000:022530f3:0:0:0:" name="Humor 2" service_name="Humor 2" provider="CONNECTO.TV" sid="43" onid="0" tsid="1" />
    <channel service_ref="1:0:1:00c6:0001:0000:022530f3:0:0:0:" name="Humor_4" service_name="Humor_4" provider="CONNECTO.TV" sid="198" onid="0" tsid="1" />
    <channel service_ref="1:0:1:0002:0037:0064:02250000:0:0:0:" name="NTV 2" service_name="NTV 2" provider="GAZPROM SS" sid="2" onid="100" tsid="55" />
    <channel service_ref="1:0:1:019f:0001:0000:022530f3:0:0:0:" name="Radio Kniga" service_name="Radio Kniga" provider="CONNECTO.TV" sid="415" onid="0" tsid="1" />
    <channel service_ref="1:0:1:00be:0037:0064:02250000:0:0:0:" name="rentv0" service_name="rentv0" provider="GAZPROM SS" sid="190" onid="100" tsid="55" />
    <channel service_ref="1:0:1:012c:0037:0064:02250000:0:0:0:" name="rentv2" service_name="rentv2" provider="GAZPROM SS" sid="300" onid="100" tsid="55" />
    <channel service_ref="1:0:1:01c2:0037:0064:02250000:0:0:0:" name="rentv4" service_name="rentv4" provider="GAZPROM SS" sid="450" onid="100" tsid="55" />
    <channel service_ref="1:0:1:00d0:0037:0064:02250000:0:0:0:" name="TB3_+0_mp4" service_name="TB3_+0_mp4" provider="GAZPROM_SS" sid="208" onid="100" tsid="55" />
    <channel service_ref="1:0:1:01b8:0037:0064:02250000:0:0:0:" name="TEST 1" service_name="TEST 1" provider="GAZPROM SS" sid="440" onid="100" tsid="55" />
    <channel service_ref="1:0:1:01f4:0037:0064:02250000:0:0:0:" name="TEST 2" service_name="TEST 2" provider="GAZPROM_SS" sid="500" onid="100" tsid="55" />
    <channel service_ref="1:0:1:01ae:0037:0064:02250000:0:0:0:" name="TEST 3" service_name="TEST 3" provider="GAZPROM SS" sid="430" onid="100" tsid="55" />
    <channel service_ref="1:0:1:01a4:0037:0064:02250000:0:0:0:" name="TNT +2" service_name="TNT +2" provider="GAZPROM SS" sid="420" onid="100" tsid="55" />
    <channel service_ref="1:0:1:019a:0037:0064:02250000:0:0:0:" name="TNT 0" service_name="TNT 0" provider="GAZPROM SS" sid="410" onid="100" tsid="55" />
  </bouquet>
  <bouquet name="RTL" category="tv">
    <channel service_ref="1:0:1:0002:0037:0064:02250000:0:0:0:" name="NTV 2" service_name="NTV 2" provider="GAZPROM SS" sid="2" onid="100" tsid="55" />
    <channel service_ref="1:0:1:00be:0037:0064:02250000:0:0:0:" name="rentv0" service_name="rentv0" provider="GAZPROM SS" sid="190" onid="100" tsid="55" />
    <channel service_ref="1:0:1:012c:0037:0064:02250000:0:0:0:" name="rentv2" service_name="rentv2" provider="GAZPROM SS" sid="300" onid="100" tsid="55" />
    <channel service_ref="1:0:1:01c2:0037:0064:02250000:0:0:0:" name="rentv4" service_name="rentv4" provider="GAZPROM SS" sid="450" onid="100" tsid="55" />
  </bouquet>
  <bouquet name="Switzerland" category="tv">
    <channel service_ref="1:0:1:00d0:0037:0064:02250000:0:0:0:" name="TB3_+0_mp4" service_name="TB3_+0_mp4" provider="GAZPROM_SS" sid="208" onid="100" tsid="55" />
    <channel service_ref="1:0:1:01ae:0037:0064:02250000:0:0:0:" name="TEST 3" service_name="TEST 3" provider="GAZPROM SS" sid="430" onid="100" tsid="55" />
  </bouquet>
  <bouquet name="Others" category="tv">
    <channel service_ref="1:0:1:00c2:0001:0000:022530f3:0:0:0:" name="Avtoradio_4" service_name="Avtoradio_4" provider="CONNECTO.TV" sid="194" onid="0" tsid="1" />
    <channel service_ref="1:0:1:000e:0001:0000:022530f3:0:0:0:" name="Comedy_M0" service_name="Comedy_M0" provider="CONNECTO.TV" sid="14" onid="0" tsid="1" />
    <channel service_ref="1:0:1:0007:0001:0000:022530f3:0:0:0:" name="Comedy_M2" service_name="Comedy_M2" provider="CONNECTO.TV" sid="7" onid="0" tsid="1" />
    <channel service_ref="1:0:1:0008:0001:0000:022530f3:0:0:0:" name="Energy_M0" service_name="Energy_M0" provider="CONNECTO.TV" sid="8" onid="0" tsid="1" />
    <channel service_ref="1:0:1:019c:0001:0000:022530f3:0:0:0:" name="Energy_M4" service_name="Energy_M4" provider="CONNECTO.TV" sid="412" onid="0" tsid="1" />
    <channel service_ref="1:0:1:00d4:0037:0064:02250000:0:0:0:" name="FRIDAY_+0_mp4" service_name="FRIDAY_+0_mp4" provider="Harmonic" sid="212" onid="100" tsid="55" />
    <channel service_ref="1:0:1:002b:0001:0000:022530f3:0:0:0:" name="Humor 2" service_name="Humor 2" provider="CONNECTO.TV" sid="43" onid="0" tsid="1" />
    <channel service_ref="1:0:1:00c6:0001:0000:022530f3:0:0:0:" name="Humor_4" service_name="Humor_4" provider="CONNECTO.TV" sid="198" onid="0" tsid="1" />
    <channel service_ref="1:0:1:019f:0001:0000:022530f3:0:0:0:" name="Radio Kniga" service_name="Radio Kniga" provider="CONNECTO.TV" sid="415" onid="0" tsid="1" />
    <channel service_ref="1:0:1:01b8:0037:0064:02250000:0:0:0:" name="TEST 1" service_name="TEST 1" provider="GAZPROM SS" sid="440" onid="100" tsid="55" />
    <channel service_ref="1:0:1:01f4:0037:0064:02250000:0:0:0:" name="TEST 2" service_name="TEST 2" provider="GAZPROM_SS" sid="500" onid="100" tsid="55" />
    <channel service_ref="1:0:1:01a4:0037:0064:02250000:0:0:0:" name="TNT +2" service_name="TNT +2" provider="GAZPROM SS" sid="420" onid="100" tsid="55" />
    <channel service_ref="1:0:1:019a:0037:0064:02250000:0:0:0:" name="TNT 0" service_name="TNT 0" provider="GAZPROM SS" sid="410" onid="100" tsid="55" />
  </bouquet>
  <bouquet name="Radio" category="radio">
    <channel service_ref="1:0:2:0006:0001:0000:022530f3:0:0:0:" name="107.8" service_name="107.8" provider="CONNECTO.TV" sid="6" onid="0" tsid="1" />
    <channel service_ref="1:0:2:000c:0001:0000:022530f3:0:0:0:" name="Avtoradio_0" service_name="Avtoradio_0" provider="CONNECTO.TV" sid="12" onid="0" tsid="1" />
    <channel service_ref="1:0:2:000b:0001:0000:022530f3:0:0:0:" name="Avtoradio_2" service_name="Avtoradio_2" provider="CONNECTO.TV" sid="11" onid="0" tsid="1" />
    <channel service_ref="1:0:2:0009:0001:0000:022530f3:0:0:0:" name="Avtoradio_M" service_name="Avtoradio_M" provider="CONNECTO.TV" sid="9" onid="0" tsid="1" />
    <channel service_ref="1:0:2:0001:0001:0000:022530f3:0:0:0:" name="Business" service_name="Business" provider="CONNECTO.TV" sid="1" onid="0" tsid="1" />
    <channel service_ref="1:0:2:01ea:0037:0064:02250000:0:0:0:" name="Dorozhnoe" service_name="Dorozhnoe" provider="GAZPROM SS" sid="490" onid="100" tsid="55" />
    <channel service_ref="1:0:2:021c:0037:0064:02250000:0:0:0:" name="Europa Plus_55E" service_name="Europa Plus_55E" provider="GAZPROM_SS" sid="540" onid="100" tsid="55" />
    <channel service_ref="1:0:2:0002:0001:0000:022530f3:0:0:0:" name="Humor_0" service_name="Humor_0" provider="CONNECTO.TV" sid="2" onid="0" tsid="1" />
    <channel service_ref="1:0:2:000d:0001:0000:022530f3:0:0:0:" name="Humor_MR" service_name="Humor_MR" provider="CONNECTO.TV" sid="13" onid="0" tsid="1" />
    <channel service_ref="1:0:2:00e2:0037:0064:02250000:0:0:0:" name="Radio 7_55E" service_name="Radio 7_55E" provider="GAZPROM_SS" sid="226" onid="100" tsid="55" />
    <channel service_ref="1:0:2:001f:0037:0064:02250000:0:0:0:" name="RADIO CHANSON +2" service_name="RADIO CHANSON +2" provider="GAZPROM SS" sid="31" onid="100" tsid="55" />
    <channel service_ref="1:0:2:01fe:0037:0064:02250000:0:0:0:" name="RADIO CHANSON+0" service_name="RADIO CHANSON+0" provider="GAZPROM_SS" sid="510" onid="100" tsid="55" />
    <channel service_ref="1:0:2:000a:0001:0000:022530f3:0:0:0:" name="Relax" service_name="Relax" provider="CONNECTO.TV" sid="10" onid="0" tsid="1" />
    <channel service_ref="1:0:2:023a:0037:0064:02250000:0:0:0:" name="Retro FM_55E" service_name="Retro FM_55E" provider="GAZPROM_SS" sid="570" onid="100" tsid="55" />
    <channel service_ref="1:0:2:019d:0001:0000:022530f3:0:0:0:" name="Romantika" service_name="Romantika" provider="CONNECTO.TV" sid="413" onid="0" tsid="1" />
    <channel service_ref="1:0:2:00e6:0037:0064:02250000:0:0:0:" name="Sport FM_55E" service_name="Sport FM_55E" provider="GAZPROM_SS" sid="230" onid="100" tsid="55" />
  </bouquet>
  <bouquet name="Radio - Music" category="radio">
    <channel service_ref="1:0:2:023a:0037:0064:02250000:0:0:0:" name="Retro FM_55E" service_name="Retro FM_55E" provider="GAZPROM_SS" sid="570" onid="100" tsid="55" />
    <channel service_ref="1:0:2:00e6:0037:0064:02250000:0:0:0:" name="Sport FM_55E" service_name="Sport FM_55E" provider="GAZPROM_SS" sid="230" onid="100" tsid="55" />
  </bouquet>
</zapit>
