<?xml version='1.0' encoding='utf-8'?>
<zapit>
  <bouquet name="General" category="tv">
    <channel service_ref="1:0:25:28a6:0410:00e0:00ff0000:0:0:0:" name="" service_name="" provider="" sid="10406" onid="224" tsid="1040" />
    <channel service_ref="1:0:25:4e89:07da:00e0:00ff0000:0:0:0:" name="" service_name="" provider="" sid="20105" onid="224" tsid="2010" />
    <channel service_ref="1:0:1:00ba:0016:006e:00ff0000:0:0:0:" name="Al Alam" service_name="Al Alam" provider="LEBANON" sid="186" onid="110" tsid="22" />
    <channel service_ref="1:0:1:016b:0442:00e0:00ff0000:0:0:0:" name="Al Araby TV" service_name="Al Araby TV" provider="NOORSAT" sid="363" onid="224" tsid="1090" />
    <channel service_ref="1:0:1:016c:0442:00e0:00ff0000:0:0:0:" name="Al Araby TV" service_name="Al Araby TV" provider="NOORSAT" sid="364" onid="224" tsid="1090" />
    <channel service_ref="1:0:1:00aa:0442:00e0:00ff0000:0:0:0:" name="Al Bawadi" service_name="Al Bawadi" provider="NOORSAT" sid="170" onid="224" tsid="1090" />
    <channel service_ref="1:0:1:0b5c:041a:00e0:00ff0000:0:0:0:" name="Al Jazeera Documentary" service_name="Al Jazeera Documentary" provider="Al Jazeera" sid="2908" onid="224" tsid="1050" />
    <channel service_ref="1:0:1:0b5b:041a:00e0:00ff0000:0:0:0:" name="Al Jazeera English" service_name="Al Jazeera English" provider="Al Jazeera" sid="2907" onid="224" tsid="1050" />
    <channel service_ref="1:0:1:0b5a:041a:00e0:00ff0000:0:0:0:" name="Al Jazeera Mubasher" service_name="Al Jazeera Mubasher" provider="Al Jazeera" sid="2906" onid="224" tsid="1050" />
    <channel service_ref="1:0:1:0b5d:041a:00e0:00ff0000:0:0:0:" name="Al Jazeera Mubasher" service_name="Al Jazeera Mubasher" provider="Al Jazeera" sid="2909" onid="224" tsid="1050" />
    <channel service_ref="1:0:1:0b59:041a:00e0:00ff0000:0:0:0:" name="Al Jazeera Satellite Channel" service_name="Al Jazeera Satellite Channel" provider="Al Jazeera" sid="2905" onid="224" tsid="1050" />
    <channel service_ref="1:0:1:00a7:0442:00e0:00ff0000:0:0:0:" name="Al Rasoul TV" service_name="Al Rasoul TV" provider="NOORSAT" sid="167" onid="224" tsid="1090" />
    <channel service_ref="1:0:1:016a:0442:00e0:00ff0000:0:0:0:" name="Al Rayyan HD 2" service_name="Al Rayyan HD 2" provider="NOORSAT" sid="362" onid="224" tsid="1090" />
    <channel service_ref="1:0:25:4e85:07da:00e0:00ff0000:0:0:0:" name="beIN Max 1 HD" service_name="beIN Max 1 HD" provider="beIN" sid="20101" onid="224" tsid="2010" />
    <channel service_ref="1:0:25:4e86:07da:00e0:00ff0000:0:0:0:" name="beIN Max 2 HD" service_name="beIN Max 2 HD" provider="BeIn" sid="20102" onid="224" tsid="2010" />
    <channel service_ref="1:0:25:4e87:07da:00e0:00ff0000:0:0:0:" name="beIN Max 3 HD" service_name="beIN Max 3 HD" provider="BeIn" sid="20103" onid="224" tsid="2010" />
    <channel service_ref="1:0:25:0b1a:0406:00e0:00ff0000:0:0:0:" name="beIN Max 4 HD" service_name="beIN Max 4 HD" provider="BeIn" sid="2842" onid="224" tsid="1030" />
    <channel service_ref="1:0:25:4e88:07da:00e0:00ff0000:0:0:0:" name="beIN Max 4 HD" service_name="beIN Max 4 HD" provider="BeIn" sid="20104" onid="224" tsid="2010" />
    <channel service_ref="1:0:25:29d2:042e:00e0:00ff0000:0:0:0:" name="beIN Movies 2HD" service_name="beIN Movies 2HD" provider="BeIn" sid="10706" onid="224" tsid="1070" />
    <channel service_ref="1:0:25:0b1b:0406:00e0:00ff0000:0:0:0:" name="beIN Movies 3 HD" service_name="beIN Movies 3 HD" provider="BeIn" sid="2843" onid="224" tsid="1030" />
    <channel service_ref="1:0:25:2a35:0438:00e0:00ff0000:0:0:0:" name="beIN Movies 4 HD" service_name="beIN Movies 4 HD" provider="beIN" sid="10805" onid="224" tsid="1080" />
    <channel service_ref="1:0:25:28a1:0410:00e0:00ff0000:0:0:0:" name="beIN Sports 1 HD" service_name="beIN Sports 1 HD" provider="beIN" sid="10401" onid="224" tsid="1040" />
    <channel service_ref="1:0:25:2a32:0438:00e0:00ff0000:0:0:0:" name="beIN Sports 10 HD" service_name="beIN Sports 10 HD" provider="BeIn" sid="10802" onid="224" tsid="1080" />
    <channel service_ref="1:0:25:2a33:0438:00e0:00ff0000:0:0:0:" name="beIN Sports 11 HD EN" service_name="beIN Sports 11 HD EN" provider="beIN" sid="10803" onid="224" tsid="1080" />
    <channel service_ref="1:0:25:2a34:0438:00e0:00ff0000:0:0:0:" name="beIN Sports 12 HD EN" service_name="beIN Sports 12 HD EN" provider="beIN" sid="10804" onid="224" tsid="1080" />
    <channel service_ref="1:0:25:29cd:042e:00e0:00ff0000:0:0:0:" name="beIN Sports 13 HD" service_name="beIN Sports 13 HD" provider="beIN" sid="10701" onid="224" tsid="1070" />
    <channel service_ref="1:0:25:29ce:042e:00e0:00ff0000:0:0:0:" name="beIN Sports 14 HD FR" service_name="beIN Sports 14 HD FR" provider="beIN" sid="10702" onid="224" tsid="1070" />
    <channel service_ref="1:0:25:29cf:042e:00e0:00ff0000:0:0:0:" name="beIN Sports 15 HD FR" service_name="beIN Sports 15 HD FR" provider="beIN" sid="10703" onid="224" tsid="1070" />
    <channel service_ref="1:0:25:29d0:042e:00e0:00ff0000:0:0:0:" name="beIN SPORTS 16 HD" service_name="beIN SPORTS 16 HD" provider="beIN" sid="10704" onid="224" tsid="1070" />
    <channel service_ref="1:0:25:28a2:0410:00e0:00ff0000:0:0:0:" name="beIN Sports 2 HD" service_name="beIN Sports 2 HD" provider="beIN" sid="10402" onid="224" tsid="1040" />
    <channel service_ref="1:0:25:28a3:0410:00e0:00ff0000:0:0:0:" name="beIN Sports 3 HD" service_name="beIN Sports 3 HD" provider="beIN" sid="10403" onid="224" tsid="1040" />
    <channel service_ref="1:0:25:28a4:0410:00e0:00ff0000:0:0:0:" name="beIN Sports 4 HD" service_name="beIN Sports 4 HD" provider="beIN" sid="10404" onid="224" tsid="1040" />
    <channel service_ref="1:0:25:0b99:0424:00e0:00ff0000:0:0:0:" name="beIN Sports 5 HD" service_name="beIN Sports 5 HD" provider="BeIn" sid="2969" onid="224" tsid="1060" />
    <channel service_ref="1:0:25:296a:0424:00e0:00ff0000:0:0:0:" name="beIN Sports 6 HD" service_name="beIN Sports 6 HD" provider="BeIn" sid="10602" onid="224" tsid="1060" />
    <channel service_ref="1:0:25:296b:0424:00e0:00ff0000:0:0:0:" name="beIN Sports 7 HD" service_name="beIN Sports 7 HD" provider="BeIn" sid="10603" onid="224" tsid="1060" />
    <channel service_ref="1:0:25:296c:0424:00e0:00ff0000:0:0:0:" name="beIN Sports 8 HD" service_name="beIN Sports 8 HD" provider="BeIn" sid="10604" onid="224" tsid="1060" />
    <channel service_ref="1:0:25:2a31:0438:00e0:00ff0000:0:0:0:" name="beIN Sports 9 HD" service_name="beIN Sports 9 HD" provider="BeIn" sid="10801" onid="224" tsid="1080" />
    <channel service_ref="1:0:25:283f:0406:00e0:00ff0000:0:0:0:" name="beIN Sports HD" service_name="beIN Sports HD" provider="beIN" sid="10303" onid="224" tsid="1030" />
    <channel service_ref="1:0:25:283e:0406:00e0:00ff0000:0:0:0:" name="beIN Sports NBA HD" service_name="beIN Sports NBA HD" provider="BeIn" sid="10302" onid="224" tsid="1030" />
    <channel service_ref="1:0:25:0b18:0406:00e0:00ff0000:0:0:0:" name="beIN Sports News HD" service_name="beIN Sports News HD" provider="beIN" sid="2840" onid="224" tsid="1030" />
    <channel service_ref="1:0:25:283d:0406:00e0:00ff0000:0:0:0:" name="beIN Sports Spain HD" service_name="beIN Sports Spain HD" provider="BeIn" sid="10301" onid="224" tsid="1030" />
    <channel service_ref="1:0:1:009a:0016:006e:00ff0000:0:0:0:" name="Kalemeh Farsi" service_name="Kalemeh Farsi" provider="LEBANON" sid="154" onid="110" tsid="22" />
    <channel service_ref="1:0:1:016d:0442:00e0:00ff0000:0:0:0:" name="Mekameleen TV" service_name="Mekameleen TV" provider="ES'HAILSAT" sid="365" onid="224" tsid="1090" />
    <channel service_ref="1:0:1:00c7:0016:006e:00ff0000:0:0:0:" name="Orient TV" service_name="Orient TV" provider="LEBANON" sid="199" onid="110" tsid="22" />
    <channel service_ref="1:0:1:00a9:0016:006e:00ff0000:0:0:0:" name="OTV" service_name="OTV" provider="NOORSAT" sid="169" onid="110" tsid="22" />
    <channel service_ref="1:0:1:290d:041a:00e0:00ff0000:0:0:0:" name="Qatar TV" service_name="Qatar TV" provider="Al Jazeera" sid="10509" onid="224" tsid="1050" />
    <channel service_ref="1:0:1:00a4:0016:006e:00ff0000:0:0:0:" name="SonLife Broadcasting Network" service_name="SonLife Broadcasting Network" provider="LEBANON" sid="164" onid="110" tsid="22" />
    <channel service_ref="1:0:1:00ac:0016:006e:00ff0000:0:0:0:" name="Taha TV" service_name="Taha TV" provider="LEBANON" sid="172" onid="110" tsid="22" />
    <channel service_ref="1:0:1:290a:041a:00e0:00ff0000:0:0:0:" name="TEST" service_name="TEST" provider="Al Jazeera" sid="10506" onid="224" tsid="1050" />
    <channel service_ref="1:0:1:00a1:0016:006e:00ff0000:0:0:0:" name="The Word Network" service_name="The Word Network" provider="LEBANON" sid="161" onid="110" tsid="22" />
    <channel service_ref="1:0:1:00b9:0016:006e:00ff0000:0:0:0:" name="Wesal Al Haq" service_name="Wesal Al Haq" provider="LEBANON" sid="185" onid="110" tsid="22" />
    <channel service_ref="1:0:1:016e:0442:00e0:00ff0000:0:0:0:" name="ZAD TV" service_name="ZAD TV" provider="NOORSAT" sid="366" onid="224" tsid="1090" />
  </bouquet>
  <bouquet name="Movies" category="tv">
    <channel service_ref="1:0:25:29d2:042e:00e0:00ff0000:0:0:0:" name="beIN Movies 2HD" service_name="beIN Movies 2HD" provider="BeIn" sid="10706" onid="224" tsid="1070" />
    <channel service_ref="1:0:25:0b1b:0406:00e0:00ff0000:0:0:0:" name="beIN Movies 3 HD" service_name="beIN Movies 3 HD" provider="BeIn" sid="2843" onid="224" tsid="1030" />
    <channel service_ref="1:0:25:2a35:0438:00e0:00ff0000:0:0:0:" name="beIN Movies 4 HD" service_name="beIN Movies 4 HD" provider="beIN" sid="10805" onid="224" tsid="1080" />
  </bouquet>
  <bouquet name="News" category="tv">
    <channel service_ref="1:0:25:0b18:0406:00e0:00ff0000:0:0:0:" name="beIN Sports News HD" service_name="beIN Sports News HD" provider="beIN" sid="2840" onid="224" tsid="1030" />
  </bouquet>
  <bouquet name="Sports" category="tv">
    <channel service_ref="1:0:25:28a1:0410:00e0:00ff0000:0:0:0:" name="beIN Sports 1 HD" service_name="beIN Sports 1 HD" provider="beIN" sid="10401" onid="224" tsid="1040" />
    <channel service_ref="1:0:25:2a32:0438:00e0:00ff0000:0:0:0:" name="beIN Sports 10 HD" service_name="beIN Sports 10 HD" provider="BeIn" sid="10802" onid="224" tsid="1080" />
    <channel service_ref="1:0:25:2a33:0438:00e0:00ff0000:0:0:0:" name="beIN Sports 11 HD EN" service_name="beIN Sports 11 HD EN" provider="beIN" sid="10803" onid="224" tsid="1080" />
    <channel service_ref="1:0:25:2a34:0438:00e0:00ff0000:0:0:0:" name="beIN Sports 12 HD EN" service_name="beIN Sports 12 HD EN" provider="beIN" sid="10804" onid="224" tsid="1080" />
    <channel service_ref="1:0:25:29cd:042e:00e0:00ff0000:0:0:0:" name="beIN Sports 13 HD" service_name="beIN Sports 13 HD" provider="beIN" sid="10701" onid="224" tsid="1070" />
    <channel service_ref="1:0:25:29ce:042e:00e0:00ff0000:0:0:0:" name="beIN Sports 14 HD FR" service_name="beIN Sports 14 HD FR" provider="beIN" sid="10702" onid="224" tsid="1070" />
    <channel service_ref="1:0:25:29cf:042e:00e0:00ff0000:0:0:0:" name="beIN Sports 15 HD FR" service_name="beIN Sports 15 HD FR" provider="beIN" sid="10703" onid="224" tsid="1070" />
    <channel service_ref="1:0:25:29d0:042e:00e0:00ff0000:0:0:0:" name="beIN SPORTS 16 HD" service_name="beIN SPORTS 16 HD" provider="beIN" sid="10704" onid="224" tsid="1070" />
    <channel service_ref="1:0:25:28a2:0410:00e0:00ff0000:0:0:0:" name="beIN Sports 2 HD" service_name="beIN Sports 2 HD" provider="beIN" sid="10402" onid="224" tsid="1040" />
    <channel service_ref="1:0:25:28a3:0410:00e0:00ff0000:0:0:0:" name="beIN Sports 3 HD" service_name="beIN Sports 3 HD" provider="beIN" sid="10403" onid="224" tsid="1040" />
    <channel service_ref="1:0:25:28a4:0410:00e0:00ff0000:0:0:0:" name="beIN Sports 4 HD" service_name="beIN Sports 4 HD" provider="beIN" sid="10404" onid="224" tsid="1040" />
    <channel service_ref="1:0:25:0b99:0424:00e0:00ff0000:0:0:0:" name="beIN Sports 5 HD" service_name="beIN Sports 5 HD" provider="BeIn" sid="2969" onid="224" tsid="1060" />
    <channel service_ref="1:0:25:296a:0424:00e0:00ff0000:0:0:0:" name="beIN Sports 6 HD" service_name="beIN Sports 6 HD" provider="BeIn" sid="10602" onid="224" tsid="1060" />
    <channel service_ref="1:0:25:296b:0424:00e0:00ff0000:0:0:0:" name="beIN Sports 7 HD" service_name="beIN Sports 7 HD" provider="BeIn" sid="10603" onid="224" tsid="1060" />
    <channel service_ref="1:0:25:296c:0424:00e0:00ff0000:0:0:0:" name="beIN Sports 8 HD" service_name="beIN Sports 8 HD" provider="BeIn" sid="10604" onid="224" tsid="1060" />
    <channel service_ref="1:0:25:2a31:0438:00e0:00ff0000:0:0:0:" name="beIN Sports 9 HD" service_name="beIN Sports 9 HD" provider="BeIn" sid="10801" onid="224" tsid="1080" />
    <channel service_ref="1:0:25:283f:0406:00e0:00ff0000:0:0:0:" name="beIN Sports HD" service_name="beIN Sports HD" provider="beIN" sid="10303" onid="224" tsid="1030" />
    <channel service_ref="1:0:25:283e:0406:00e0:00ff0000:0:0:0:" name="beIN Sports NBA HD" service_name="beIN Sports NBA HD" provider="BeIn" sid="10302" onid="224" tsid="1030" />
    <channel service_ref="1:0:25:283d:0406:00e0:00ff0000:0:0:0:" name="beIN Sports Spain HD" service_name="beIN Sports Spain HD" provider="BeIn" sid="10301" onid="224" tsid="1030" />
  </bouquet>
  <bouquet name="Documentary" category="tv">
    <channel service_ref="1:0:1:0b5c:041a:00e0:00ff0000:0:0:0:" name="Al Jazeera Documentary" service_name="Al Jazeera Documentary" provider="Al Jazeera" sid="2908" onid="224" tsid="1050" />
  </bouquet>
  <bouquet name="ARD/ZDF" category="tv">
    <channel service_ref="1:0:1:00a4:0016:006e:00ff0000:0:0:0:" name="SonLife Broadcasting Network" service_name="SonLife Broadcasting Network" provider="LEBANON" sid="164" onid="110" tsid="22" />
  </bouquet>
  <bouquet name="Switzerland" category="tv">
    <channel service_ref="1:0:25:4e87:07da:00e0:00ff0000:0:0:0:" name="beIN Max 3 HD" service_name="beIN Max 3 HD" provider="BeIn" sid="20103" onid="224" tsid="2010" />
  </bouquet>
  <bouquet name="Resolution - HD" category="tv">
    <channel service_ref="1:0:1:016a:0442:00e0:00ff0000:0:0:0:" name="Al Rayyan HD 2" service_name="Al Rayyan HD 2" provider="NOORSAT" sid="362" onid="224" tsid="1090" />
    <channel service_ref="1:0:25:4e85:07da:00e0:00ff0000:0:0:0:" name="beIN Max 1 HD" service_name="beIN Max 1 HD" provider="beIN" sid="20101" onid="224" tsid="2010" />
    <channel service_ref="1:0:25:4e86:07da:00e0:00ff0000:0:0:0:" name="beIN Max 2 HD" service_name="beIN Max 2 HD" provider="BeIn" sid="20102" onid="224" tsid="2010" />
    <channel service_ref="1:0:25:4e87:07da:00e0:00ff0000:0:0:0:" name="beIN Max 3 HD" service_name="beIN Max 3 HD" provider="BeIn" sid="20103" onid="224" tsid="2010" />
    <channel service_ref="1:0:25:0b1a:0406:00e0:00ff0000:0:0:0:" name="beIN Max 4 HD" service_name="beIN Max 4 HD" provider="BeIn" sid="2842" onid="224" tsid="1030" />
    <channel service_ref="1:0:25:4e88:07da:00e0:00ff0000:0:0:0:" name="beIN Max 4 HD" service_name="beIN Max 4 HD" provider="BeIn" sid="20104" onid="224" tsid="2010" />
    <channel service_ref="1:0:25:29d2:042e:00e0:00ff0000:0:0:0:" name="beIN Movies 2HD" service_name="beIN Movies 2HD" provider="BeIn" sid="10706" onid="224" tsid="1070" />
    <channel service_ref="1:0:25:0b1b:0406:00e0:00ff0000:0:0:0:" name="beIN Movies 3 HD" service_name="beIN Movies 3 HD" provider="BeIn" sid="2843" onid="224" tsid="1030" />
    <channel service_ref="1:0:25:2a35:0438:00e0:00ff0000:0:0:0:" name="beIN Movies 4 HD" service_name="beIN Movies 4 HD" provider="beIN" sid="10805" onid="224" tsid="1080" />
    <channel service_ref="1:0:25:28a1:0410:00e0:00ff0000:0:0:0:" name="beIN Sports 1 HD" service_name="beIN Sports 1 HD" provider="beIN" sid="10401" onid="224" tsid="1040" />
    <channel service_ref="1:0:25:2a32:0438:00e0:00ff0000:0:0:0:" name="beIN Sports 10 HD" service_name="beIN Sports 10 HD" provider="BeIn" sid="10802" onid="224" tsid="1080" />
    <channel service_ref="1:0:25:2a33:0438:00e0:00ff0000:0:0:0:" name="beIN Sports 11 HD EN" service_name="beIN Sports 11 HD EN" provider="beIN" sid="10803" onid="224" tsid="1080" />
    <channel service_ref="1:0:25:2a34:0438:00e0:00ff0000:0:0:0:" name="beIN Sports 12 HD EN" service_name="beIN Sports 12 HD EN" provider="beIN" sid="10804" onid="224" tsid="1080" />
    <channel service_ref="1:0:25:29cd:042e:00e0:00ff0000:0:0:0:" name="beIN Sports 13 HD" service_name="beIN Sports 13 HD" provider="beIN" sid="10701" onid="224" tsid="1070" />
    <channel service_ref="1:0:25:29ce:042e:00e0:00ff0000:0:0:0:" name="beIN Sports 14 HD FR" service_name="beIN Sports 14 HD FR" provider="beIN" sid="10702" onid="224" tsid="1070" />
    <channel service_ref="1:0:25:29cf:042e:00e0:00ff0000:0:0:0:" name="beIN Sports 15 HD FR" service_name="beIN Sports 15 HD FR" provider="beIN" sid="10703" onid="224" tsid="1070" />
    <channel service_ref="1:0:25:29d0:042e:00e0:00ff0000:0:0:0:" name="beIN SPORTS 16 HD" service_name="beIN SPORTS 16 HD" provider="beIN" sid="10704" onid="224" tsid="1070" />
    <channel service_ref="1:0:25:28a2:0410:00e0:00ff0000:0:0:0:" name="beIN Sports 2 HD" service_name="beIN Sports 2 HD" provider="beIN" sid="10402" onid="224" tsid="1040" />
    <channel service_ref="1:0:25:28a3:0410:00e0:00ff0000:0:0:0:" name="beIN Sports 3 HD" service_name="beIN Sports 3 HD" provider="beIN" sid="10403" onid="224" tsid="1040" />
    <channel service_ref="1:0:25:28a4:0410:00e0:00ff0000:0:0:0:" name="beIN Sports 4 HD" service_name="beIN Sports 4 HD" provider="beIN" sid="10404" onid="224" tsid="1040" />
    <channel service_ref="1:0:25:0b99:0424:00e0:00ff0000:0:0:0:" name="beIN Sports 5 HD" service_name="beIN Sports 5 HD" provider="BeIn" sid="2969" onid="224" tsid="1060" />
    <channel service_ref="1:0:25:296a:0424:00e0:00ff0000:0:0:0:" name="beIN Sports 6 HD" service_name="beIN Sports 6 HD" provider="BeIn" sid="10602" onid="224" tsid="1060" />
    <channel service_ref="1:0:25:296b:0424:00e0:00ff0000:0:0:0:" name="beIN Sports 7 HD" service_name="beIN Sports 7 HD" provider="BeIn" sid="10603" onid="224" tsid="1060" />
    <channel service_ref="1:0:25:296c:0424:00e0:00ff0000:0:0:0:" name="beIN Sports 8 HD" service_name="beIN Sports 8 HD" provider="BeIn" sid="10604" onid="224" tsid="1060" />
    <channel service_ref="1:0:25:2a31:0438:00e0:00ff0000:0:0:0:" name="beIN Sports 9 HD" service_name="beIN Sports 9 HD" provider="BeIn" sid="10801" onid="224" tsid="1080" />
    <channel service_ref="1:0:25:283f:0406:00e0:00ff0000:0:0:0:" name="beIN Sports HD" service_name="beIN Sports HD" provider="beIN" sid="10303" onid="224" tsid="1030" />
    <channel service_ref="1:0:25:283e:0406:00e0:00ff0000:0:0:0:" name="beIN Sports NBA HD" service_name="beIN Sports NBA HD" provider="BeIn" sid="10302" onid="224" tsid="1030" />
    <channel service_ref="1:0:25:0b18:0406:00e0:00ff0000:0:0:0:" name="beIN Sports News HD" service_name="beIN Sports News HD" provider="beIN" sid="2840" onid="224" tsid="1030" />
    <channel service_ref="1:0:25:283d:0406:00e0:00ff0000:0:0:0:" name="beIN Sports Spain HD" service_name="beIN Sports Spain HD" provider="BeIn" sid="10301" onid="224" tsid="1030" />
  </bouquet>
  <bouquet name="International" category="tv">
    <channel service_ref="1:0:1:016b:0442:00e0:00ff0000:0:0:0:" name="Al Araby TV" service_name="Al Araby TV" provider="NOORSAT" sid="363" onid="224" tsid="1090" />
    <channel service_ref="1:0:1:016c:0442:00e0:00ff0000:0:0:0:" name="Al Araby TV" service_name="Al Araby TV" provider="NOORSAT" sid="364" onid="224" tsid="1090" />
    <channel service_ref="1:0:25:4e85:07da:00e0:00ff0000:0:0:0:" name="beIN Max 1 HD" service_name="beIN Max 1 HD" provider="beIN" sid="20101" onid="224" tsid="2010" />
    <channel service_ref="1:0:25:4e86:07da:00e0:00ff0000:0:0:0:" name="beIN Max 2 HD" service_name="beIN Max 2 HD" provider="BeIn" sid="20102" onid="224" tsid="2010" />
    <channel service_ref="1:0:25:0b1a:0406:00e0:00ff0000:0:0:0:" name="beIN Max 4 HD" service_name="beIN Max 4 HD" provider="BeIn" sid="2842" onid="224" tsid="1030" />
    <channel service_ref="1:0:25:4e88:07da:00e0:00ff0000:0:0:0:" name="beIN Max 4 HD" service_name="beIN Max 4 HD" provider="BeIn" sid="20104" onid="224" tsid="2010" />
  </bouquet>
  <bouquet name="Others" category="tv">
    <channel service_ref="1:0:25:28a6:0410:00e0:00ff0000:0:0:0:" name="" service_name="" provider="" sid="10406" onid="224" tsid="1040" />
    <channel service_ref="1:0:25:4e89:07da:00e0:00ff0000:0:0:0:" name="" service_name="" provider="" sid="20105" onid="224" tsid="2010" />
    <channel service_ref="1:0:1:00ba:0016:006e:00ff0000:0:0:0:" name="Al Alam" service_name="Al Alam" provider="LEBANON" sid="186" onid="110" tsid="22" />
    <channel service_ref="1:0:1:00aa:0442:00e0:00ff0000:0:0:0:" name="Al Bawadi" service_name="Al Bawadi" provider="NOORSAT" sid="170" onid="224" tsid="1090" />
    <channel service_ref="1:0:1:0b5b:041a:00e0:00ff0000:0:0:0:" name="Al Jazeera English" service_name="Al Jazeera English" provider="Al Jazeera" sid="2907" onid="224" tsid="1050" />
    <channel service_ref="1:0:1:0b5a:041a:00e0:00ff0000:0:0:0:" name="Al Jazeera Mubasher" service_name="Al Jazeera Mubasher" provider="Al Jazeera" sid="2906" onid="224" tsid="1050" />
    <channel service_ref="1:0:1:0b5d:041a:00e0:00ff0000:0:0:0:" name="Al Jazeera Mubasher" service_name="Al Jazeera Mubasher" provider="Al Jazeera" sid="2909" onid="224" tsid="1050" />
    <channel service_ref="1:0:1:0b59:041a:00e0:00ff0000:0:0:0:" name="Al Jazeera Satellite Channel" service_name="Al Jazeera Satellite Channel" provider="Al Jazeera" sid="2905" onid="224" tsid="1050" />
    <channel service_ref="1:0:1:00a7:0442:00e0:00ff0000:0:0:0:" name="Al Rasoul TV" service_name="Al Rasoul TV" provider="NOORSAT" sid="167" onid="224" tsid="1090" />
    <channel service_ref="1:0:1:016a:0442:00e0:00ff0000:0:0:0:" name="Al Rayyan HD 2" service_name="Al Rayyan HD 2" provider="NOORSAT" sid="362" onid="224" tsid="1090" />
    <channel service_ref="1:0:1:009a:0016:006e:00ff0000:0:0:0:" name="Kalemeh Farsi" service_name="Kalemeh Farsi" provider="LEBANON" sid="154" onid="110" tsid="22" />
    <channel service_ref="1:0:1:016d:0442:00e0:00ff0000:0:0:0:" name="Mekameleen TV" service_name="Mekameleen TV" provider="ES'HAILSAT" sid="365" onid="224" tsid="1090" />
    <channel service_ref="1:0:1:00c7:0016:006e:00ff0000:0:0:0:" name="Orient TV" service_name="Orient TV" provider="LEBANON" sid="199" onid="110" tsid="22" />
    <channel service_ref="1:0:1:00a9:0016:006e:00ff0000:0:0:0:" name="OTV" service_name="OTV" provider="NOORSAT" sid="169" onid="110" tsid="22" />
    <channel service_ref="1:0:1:290d:041a:00e0:00ff0000:0:0:0:" name="Qatar TV" service_name="Qatar TV" provider="Al Jazeera" sid="10509" onid="224" tsid="1050" />
    <channel service_ref="1:0:1:00ac:0016:006e:00ff0000:0:0:0:" name="Taha TV" service_name="Taha TV" provider="LEBANON" sid="172" onid="110" tsid="22" />
    <channel service_ref="1:0:1:290a:041a:00e0:00ff0000:0:0:0:" name="TEST" service_name="TEST" provider="Al Jazeera" sid="10506" onid="224" tsid="1050" />
    <channel service_ref="1:0:1:00a1:0016:006e:00ff0000:0:0:0:" name="The Word Network" service_name="The Word Network" provider="LEBANON" sid="161" onid="110" tsid="22" />
    <channel service_ref="1:0:1:00b9:0016:006e:00ff0000:0:0:0:" name="Wesal Al Haq" service_name="Wesal Al Haq" provider="LEBANON" sid="185" onid="110" tsid="22" />
    <channel service_ref="1:0:1:016e:0442:00e0:00ff0000:0:0:0:" name="ZAD TV" service_name="ZAD TV" provider="NOORSAT" sid="366" onid="224" tsid="1090" />
  </bouquet>
</zapit>
