<?xml version='1.0' encoding='utf-8'?>
<zapit api="4">
  <terrestrials>
    <terrestrial key="eeee0000:0200:001d" name="Persidera" namespace="0xeeee0000">
      <transponder key="eeee0000:0200:001d" frequency="690000000" symbol_rate="0" polarization="H" fec="5" system="0" modulation="4">
        <service id="0x0020" sid="32" name="Cielo" type="22" provider="Persidera" onid="29" tsid="512" namespace="0xeeee0000" />
        <service id="0x005c" sid="92" name="frisbee" type="1" provider="Persidera" onid="29" tsid="512" namespace="0xeeee0000" />
        <service id="0x003d" sid="61" name="K2" type="1" provider="Persidera" onid="29" tsid="512" namespace="0xeeee0000" />
        <service id="0x002d" sid="45" name="Paramount Network" type="22" provider="Persidera" onid="29" tsid="512" namespace="0xeeee0000" />
        <service id="0x003c" sid="60" name="RadioItaliaTV" type="1" provider="Persidera" onid="29" tsid="512" namespace="0xeeee0000" />
        <service id="0x001d" sid="29" name="RadioItaliaTV HD" type="1" provider="Persidera" onid="29" tsid="512" namespace="0xeeee0000" />
        <service id="0x005a" sid="90" name="Sky TG24" type="22" provider="Persidera" onid="29" tsid="512" namespace="0xeeee0000" />
        <service id="0x0014" sid="20" name="Spike" type="22" provider="Persidera" onid="29" tsid="512" namespace="0xeeee0000" />
        <service id="0x0019" sid="25" name="Super!" type="22" provider="Persidera" onid="29" tsid="512" namespace="0xeeee0000" />
        <service id="0x001c" sid="28" name="SUPERTENNIS" type="25" provider="Persidera" onid="29" tsid="512" namespace="0xeeee0000" />
        <service id="0x001e" sid="30" name="TV8" type="1" provider="Persidera" onid="29" tsid="512" namespace="0xeeee0000" />
        <service id="0x002e" sid="46" name="TV8" type="1" provider="Persidera" onid="29" tsid="512" namespace="0xeeee0000" />
        <service id="0x002f" sid="47" name="TV8" type="1" provider="Persidera" onid="29" tsid="512" namespace="0xeeee0000" />
        <service id="0x0070" sid="112" name="TV8 News On Demand" type="1" provider="Persidera" onid="29" tsid="512" namespace="0xeeee0000" />
        <service id="0x004e" sid="78" name="VH1" type="22" provider="Persidera" onid="29" tsid="512" namespace="0xeeee0000" />
        <service id="0x004f" sid="79" name="VH1" type="1" provider="Persidera" onid="29" tsid="512" namespace="0xeeee0000" />
        <service id="0x0071" sid="113" name="VH1 On Demand" type="1" provider="Persidera" onid="29" tsid="512" namespace="0xeeee0000" />
        <service id="0x0072" sid="114" name="VH1 On Demand" type="1" provider="Persidera" onid="29" tsid="512" namespace="0xeeee0000" />
        <service id="0x000d" sid="13" name="R Italia SMI" type="2" provider="Persidera" onid="29" tsid="512" namespace="0xeeee0000" radio="1" />
        <service id="0x000e" sid="14" name="R Italia SMI" type="2" provider="Persidera" onid="29" tsid="512" namespace="0xeeee0000" radio="1" />
      </transponder>
    </terrestrial>
    <terrestrial key="eeee0000:0202:001d" name="Persidera" namespace="0xeeee0000">
      <transponder key="eeee0000:0202:001d" frequency="746000000" symbol_rate="0" polarization="H" fec="5" system="0" modulation="4">
        <service id="0x003c" sid="60" name="ALMA TV" type="22" provider="Persidera" onid="29" tsid="514" namespace="0xeeee0000" />
        <service id="0x03f6" sid="1014" name="BFC" type="22" provider="Persidera" onid="29" tsid="514" namespace="0xeeee0000" />
        <service id="0x03f5" sid="1013" name="BIKE" type="22" provider="Persidera" onid="29" tsid="514" namespace="0xeeee0000" />
        <service id="0x001d" sid="29" name="BOM Channel" type="22" provider="Persidera" onid="29" tsid="514" namespace="0xeeee0000" />
        <service id="0x0039" sid="57" name="Byoblu" type="22" provider="Persidera" onid="29" tsid="514" namespace="0xeeee0000" />
        <service id="0x03ea" sid="1002" name="CANALE 235" type="22" provider="Persidera" onid="29" tsid="514" namespace="0xeeee0000" />
        <service id="0x000d" sid="13" name="CANALE 237" type="22" provider="Persidera" onid="29" tsid="514" namespace="0xeeee0000" />
        <service id="0x000f" sid="15" name="CANALE 263" type="22" provider="Persidera" onid="29" tsid="514" namespace="0xeeee0000" />
        <service id="0x03eb" sid="1003" name="CANALE 268" type="22" provider="Persidera" onid="29" tsid="514" namespace="0xeeee0000" />
        <service id="0x0003" sid="3" name="CHANNEL 24" type="22" provider="Persidera" onid="29" tsid="514" namespace="0xeeee0000" />
        <service id="0x0031" sid="49" name="CUSANO ITALIA TV" type="25" provider="Persidera" onid="29" tsid="514" namespace="0xeeee0000" />
        <service id="0x0009" sid="9" name="DONNA SPORT TV" type="22" provider="Persidera" onid="29" tsid="514" namespace="0xeeee0000" />
        <service id="0x000c" sid="12" name="FIRE TV" type="22" provider="Persidera" onid="29" tsid="514" namespace="0xeeee0000" />
        <service id="0x005a" sid="90" name="GO-TV" type="22" provider="Persidera" onid="29" tsid="514" namespace="0xeeee0000" />
        <service id="0x0001" sid="1" name="GOLD TV ITALIA" type="22" provider="Persidera" onid="29" tsid="514" namespace="0xeeee0000" />
        <service id="0x000b" sid="11" name="ILIKE.TV" type="22" provider="Persidera" onid="29" tsid="514" namespace="0xeeee0000" />
        <service id="0x000a" sid="10" name="INLINEA TV" type="22" provider="Persidera" onid="29" tsid="514" namespace="0xeeee0000" />
        <service id="0x008b" sid="139" name="ITALIA CHANNEL" type="22" provider="Persidera" onid="29" tsid="514" namespace="0xeeee0000" />
        <service id="0x0002" sid="2" name="LA 4 ITALIA" type="22" provider="Persidera" onid="29" tsid="514" namespace="0xeeee0000" />
        <service id="0x000e" sid="14" name="LA242" type="22" provider="Persidera" onid="29" tsid="514" namespace="0xeeee0000" />
        <service id="0x0006" sid="6" name="LINEA ITALIA" type="22" provider="Persidera" onid="29" tsid="514" namespace="0xeeee0000" />
        <service id="0x0005" sid="5" name="LINEAGEM" type="22" provider="Persidera" onid="29" tsid="514" namespace="0xeeee0000" />
        <service id="0x008c" sid="140" name="Mediatext.it" type="22" provider="Persidera" onid="29" tsid="514" namespace="0xeeee0000" />
        <service id="0x007d" sid="125" name="Parole di Vita" type="22" provider="Persidera" onid="29" tsid="514" namespace="0xeeee0000" />
        <service id="0x008d" sid="141" name="PIANETA TV" type="22" provider="Persidera" onid="29" tsid="514" namespace="0xeeee0000" />
        <service id="0x03fa" sid="1018" name="PREMIO 800" type="1" provider="Persidera" onid="29" tsid="514" namespace="0xeeee0000" />
        <service id="0x03f7" sid="1015" name="PREMIO LIVE" type="22" provider="Persidera" onid="29" tsid="514" namespace="0xeeee0000" />
        <service id="0x03f8" sid="1016" name="PREMIO SPORT" type="22" provider="Persidera" onid="29" tsid="514" namespace="0xeeee0000" />
        <service id="0x03f9" sid="1017" name="PREMIO SPORT 2" type="22" provider="Persidera" onid="29" tsid="514" namespace="0xeeee0000" />
        <service id="0x03ec" sid="1004" name="PROMO FOOD" type="22" provider="Persidera" onid="29" tsid="514" namespace="0xeeee0000" />
        <service id="0x03ee" sid="1006" name="PROMO HOME" type="22" provider="Persidera" onid="29" tsid="514" namespace="0xeeee0000" />
        <service id="0x03f3" sid="1011" name="PROMO KIDS" type="22" provider="Persidera" onid="29" tsid="514" namespace="0xeeee0000" />
        <service id="0x03f0" sid="1008" name="PROMO LIFE" type="22" provider="Persidera" onid="29" tsid="514" namespace="0xeeee0000" />
        <service id="0x03ef" sid="1007" name="PROMO LIVING" type="22" provider="Persidera" onid="29" tsid="514" namespace="0xeeee0000" />
        <service id="0x03f2" sid="1010" name="PROMO MUSIC" type="22" provider="Persidera" onid="29" tsid="514" namespace="0xeeee0000" />
        <service id="0x03f1" sid="1009" name="PROMO SHOPPING" type="22" provider="Persidera" onid="29" tsid="514" namespace="0xeeee0000" />
        <service id="0x03ed" sid="1005" name="PROMO TRAVEL" type="22" provider="Persidera" onid="29" tsid="514" namespace="0xeeee0000" />
        <service id="0x004e" sid="78" name="RADIO KISS KISS TV" type="25" provider="Persidera" onid="29" tsid="514" namespace="0xeeee0000" />
        <service id="0x0008" sid="8" name="RADIO RADIO TV" type="22" provider="Persidera" onid="29" tsid="514" namespace="0xeeee0000" />
        <service id="0x005b" sid="91" name="RDS Social TV" type="25" provider="Persidera" onid="29" tsid="514" namespace="0xeeee0000" />
        <service id="0x005c" sid="92" name="RDS Social TV" type="25" provider="Persidera" onid="29" tsid="514" namespace="0xeeee0000" />
        <service id="0x0004" sid="4" name="RETE ITALIA" type="22" provider="Persidera" onid="29" tsid="514" namespace="0xeeee0000" />
        <service id="0x03e9" sid="1001" name="SoloCalcio" type="22" provider="Persidera" onid="29" tsid="514" namespace="0xeeee0000" />
        <service id="0x006e" sid="110" name="TCI" type="22" provider="Persidera" onid="29" tsid="514" namespace="0xeeee0000" />
        <service id="0x0028" sid="40" name="TV2000" type="1" provider="Persidera" onid="29" tsid="514" namespace="0xeeee0000" />
        <service id="0x03f4" sid="1012" name="WELCOME IN" type="22" provider="Persdiera" onid="29" tsid="514" namespace="0xeeee0000" />
        <service id="0x002d" sid="45" name="RADIO VATICANA ITALIA" type="2" provider="Persidera" onid="29" tsid="514" namespace="0xeeee0000" radio="1" />
      </transponder>
    </terrestrial>
    <terrestrial key="eeee0000:0204:001d" name="Persidera" namespace="0xeeee0000">
      <transponder key="eeee0000:0204:001d" frequency="682000000" symbol_rate="0" polarization="H" fec="5" system="0" modulation="4">
        <service id="0x0014" sid="20" name="DMAX" type="1" provider="Persidera" onid="29" tsid="516" namespace="0xeeee0000" />
        <service id="0x005a" sid="90" name="Entertainment Fact" type="1" provider="Persidera" onid="29" tsid="516" namespace="0xeeee0000" />
        <service id="0x000a" sid="10" name="GM24.IT" type="1" provider="Persidera" onid="29" tsid="516" namespace="0xeeee0000" />
        <service id="0x000b" sid="11" name="GM24.IT HD" type="1" provider="Persidera" onid="29" tsid="516" namespace="0xeeee0000" />
        <service id="0x00d2" sid="210" name="Juwelo" type="22" provider="Persidera" onid="29" tsid="516" namespace="0xeeee0000" />
        <service id="0x000d" sid="13" name="ORLER TV" type="22" provider="Persidera" onid="29" tsid="516" namespace="0xeeee0000" />
        <service id="0x001a" sid="26" name="PROMO SPORT" type="22" provider="Persidera" onid="29" tsid="516" namespace="0xeeee0000" />
        <service id="0x0034" sid="52" name="RADIO ZETA" type="25" provider="Persidera" onid="29" tsid="516" namespace="0xeeee0000" />
        <service id="0x008c" sid="140" name="RADIO ZETA HD" type="25" provider="Persidera" onid="29" tsid="516" namespace="0xeeee0000" />
        <service id="0x00da" sid="218" name="RADIOFRECCIA" type="25" provider="Persidera" onid="29" tsid="516" namespace="0xeeee0000" />
        <service id="0x00dc" sid="220" name="RADIOFRECCIA HD" type="25" provider="Persidera" onid="29" tsid="516" namespace="0xeeee0000" />
        <service id="0x002c" sid="44" name="Real Time" type="1" provider="Persidera" onid="29" tsid="516" namespace="0xeeee0000" />
        <service id="0x000f" sid="15" name="RTL 102.5" type="25" provider="Persidera" onid="29" tsid="516" namespace="0xeeee0000" />
        <service id="0x00db" sid="219" name="RTL 102.5 HD" type="25" provider="Persidera" onid="29" tsid="516" namespace="0xeeee0000" />
        <service id="0x003c" sid="60" name="RTL 102.5 NEWS" type="25" provider="Persidera" onid="29" tsid="516" namespace="0xeeee0000" />
        <service id="0x00a0" sid="160" name="RTL 102.5 NEWS HD" type="25" provider="Persidera" onid="29" tsid="516" namespace="0xeeee0000" />
        <service id="0x006a" sid="106" name="Super! - Provvisorio" type="1" provider="Persidera" onid="29" tsid="516" namespace="0xeeee0000" />
        <service id="0x0009" sid="9" name="Radio Deejay" type="2" provider="Persidera" onid="29" tsid="516" namespace="0xeeee0000" radio="1" />
        <service id="0x00dd" sid="221" name="RTL 102.5" type="2" provider="Persidera" onid="29" tsid="516" namespace="0xeeee0000" radio="1" />
      </transponder>
    </terrestrial>
    <terrestrial key="eeee0000:7918:217c" name="Persidera" namespace="0xeeee0000">
      <transponder key="eeee0000:7918:217c" frequency="658000000" symbol_rate="0" polarization="H" fec="5" system="0" modulation="4">
        <service id="0x0004" sid="4" name="27 Twentyseven" type="1" provider="Persidera" onid="8572" tsid="31000" namespace="0xeeee0000" />
        <service id="0x0003" sid="3" name="27 Twentyseven (provvisorio)" type="1" provider="Persidera" onid="8572" tsid="31000" namespace="0xeeee0000" />
        <service id="0x003c" sid="60" name="CANALE 239" type="25" provider="Persidera" onid="8572" tsid="31000" namespace="0xeeee0000" />
        <service id="0x001c" sid="28" name="Deejay TV" type="25" provider="Persidera" onid="8572" tsid="31000" namespace="0xeeee0000" />
        <service id="0x000d" sid="13" name="HGTV - Home&amp;Garden" type="1" provider="Persidera" onid="8572" tsid="31000" namespace="0xeeee0000" />
        <service id="0x002f" sid="47" name="Italia 141" type="22" provider="Persidera" onid="8572" tsid="31000" namespace="0xeeee0000" />
        <service id="0x002e" sid="46" name="Italia 53" type="22" provider="Persidera" onid="8572" tsid="31000" namespace="0xeeee0000" />
        <service id="0x0014" sid="20" name="LA 9" type="22" provider="Persidera" onid="8572" tsid="31000" namespace="0xeeee0000" />
        <service id="0x0002" sid="2" name="Motor Trend" type="1" provider="Persidera" onid="8572" tsid="31000" namespace="0xeeee0000" />
        <service id="0x0001" sid="1" name="NOVE" type="1" provider="Persidera" onid="8572" tsid="31000" namespace="0xeeee0000" />
        <service id="0x000e" sid="14" name="NOVE" type="1" provider="Persidera" onid="8572" tsid="31000" namespace="0xeeee0000" />
        <service id="0x001d" sid="29" name="NOVE" type="1" provider="Persidera" onid="8572" tsid="31000" namespace="0xeeee0000" />
        <service id="0x0020" sid="32" name="SPORTITALIA" type="22" provider="Persidera" onid="8572" tsid="31000" namespace="0xeeee0000" />
        <service id="0x0021" sid="33" name="SPORTITALIA HD" type="22" provider="Persidera" onid="8572" tsid="31000" namespace="0xeeee0000" />
        <service id="0x000c" sid="12" name="Radio Maria" type="2" provider="Persidera" onid="8572" tsid="31000" namespace="0xeeee0000" radio="1" />
      </transponder>
    </terrestrial>
  </terrestrials>
</zapit>
