<?xml version='1.0' encoding='utf-8'?>
<zapit api="4">
  <satellites>
    <satellite key="01040000:001a:001b" name="Sat-26E" namespace="0x01040000" position="26">
      <transponder key="01040000:001a:001b" frequency="12523000" symbol_rate="27500000" polarization="H" fec="3" system="0" modulation="0">
        <service id="0x0009" sid="9" name="AL MAJLIS" type="1" provider="MOI" onid="27" tsid="26" namespace="0x01040000" />
        <service id="0x0006" sid="6" name="KTV AL ARABI" type="1" provider="MOI" onid="27" tsid="26" namespace="0x01040000" />
        <service id="0x0001" sid="1" name="KTV CH1" type="1" provider="MOI" onid="27" tsid="26" namespace="0x01040000" />
        <service id="0x0028" sid="40" name="KTV CH1 HD" type="25" provider="MOI" onid="27" tsid="26" namespace="0x01040000" />
        <service id="0x0002" sid="2" name="KTV CH2" type="1" provider="MOI" onid="27" tsid="26" namespace="0x01040000" />
        <service id="0x0005" sid="5" name="KTV ETHRAA" type="1" provider="MOI" onid="27" tsid="26" namespace="0x01040000" />
        <service id="0x0004" sid="4" name="KTV Kids" type="1" provider="MOI" onid="27" tsid="26" namespace="0x01040000" />
        <service id="0x0003" sid="3" name="KTV S.Plus" type="1" provider="MOI" onid="27" tsid="26" namespace="0x01040000" />
        <service id="0x006e" sid="110" name="KTV Sport HD" type="25" provider="MOI" onid="27" tsid="26" namespace="0x01040000" />
        <service id="0x000b" sid="11" name="Kuwait Classical" type="2" provider="Kuwait Radio" onid="27" tsid="26" namespace="0x01040000" radio="1" />
        <service id="0x000f" sid="15" name="Kuwait FM" type="2" provider="Kuwait Radio" onid="27" tsid="26" namespace="0x01040000" radio="1" />
        <service id="0x000c" sid="12" name="Kuwait Shaabyia" type="2" provider="Kuwait Radio" onid="27" tsid="26" namespace="0x01040000" radio="1" />
        <service id="0x000a" sid="10" name="Kuwait Super" type="2" provider="Kuwait Radio" onid="27" tsid="26" namespace="0x01040000" radio="1" />
        <service id="0x000e" sid="14" name="Kuwait_Radio_1" type="2" provider="Kuwait Radio" onid="27" tsid="26" namespace="0x01040000" radio="1" />
        <service id="0x000d" sid="13" name="OFM" type="2" provider="Kuwait Radio" onid="27" tsid="26" namespace="0x01040000" radio="1" />
      </transponder>
    </satellite>
    <satellite key="01040000:001a:0088" name="Sat-26E" namespace="0x01040000" position="26">
      <transponder key="01040000:001a:0088" frequency="12563000" symbol_rate="27500000" polarization="V" fec="3" system="0" modulation="0">
        <service id="0x000c" sid="12" name="AL BARLEMANIA" type="1" provider="TDM" onid="136" tsid="26" namespace="0x01040000" />
        <service id="0x000f" sid="15" name="AL MOURITANIYA HD" type="1" provider="" onid="136" tsid="26" namespace="0x01040000" />
        <service id="0x0006" sid="6" name="ALMOURABITOUNE" type="1" provider="TDM" onid="136" tsid="26" namespace="0x01040000" />
        <service id="0x000b" sid="11" name="Arriadia MR" type="1" provider="TDM" onid="136" tsid="26" namespace="0x01040000" />
        <service id="0x000a" sid="10" name="Athagavia MR" type="1" provider="SVS" onid="136" tsid="26" namespace="0x01040000" />
        <service id="0x0008" sid="8" name="CHINGUIT TV" type="1" provider="SVS" onid="136" tsid="26" namespace="0x01040000" />
        <service id="0x0009" sid="9" name="DAVA TV" type="1" provider="SVS" onid="136" tsid="26" namespace="0x01040000" />
        <service id="0x0007" sid="7" name="EL MAHADRA" type="1" provider="SVS" onid="136" tsid="26" namespace="0x01040000" />
        <service id="0x0004" sid="4" name="EL WATANIA TV" type="1" provider="SVS" onid="136" tsid="26" namespace="0x01040000" />
        <service id="0x0001" sid="1" name="ELMOURITANIA" type="1" provider="TV-MAURITANIE" onid="136" tsid="26" namespace="0x01040000" />
        <service id="0x0002" sid="2" name="ELMOURITANIA 2" type="1" provider="TV MAURITANIE" onid="136" tsid="26" namespace="0x01040000" />
        <service id="0x0003" sid="3" name="SAHEL TV" type="1" provider="TDM" onid="136" tsid="26" namespace="0x01040000" />
        <service id="0x0005" sid="5" name="TDM Promotional Channel" type="1" provider="TDM" onid="136" tsid="26" namespace="0x01040000" />
        <service id="0x000d" sid="13" name="TV 13" type="1" provider="TDM" onid="136" tsid="26" namespace="0x01040000" />
        <service id="0x000e" sid="14" name="TV 14" type="1" provider="TDM" onid="136" tsid="26" namespace="0x01040000" />
        <service id="0x0037" sid="55" name="MFM MAURITANID" type="2" provider="" onid="136" tsid="26" namespace="0x01040000" radio="1" />
        <service id="0x00ed" sid="237" name="R Nouakchott" type="2" provider="TDM" onid="136" tsid="26" namespace="0x01040000" radio="1" />
        <service id="0x00f0" sid="240" name="Radio 10 test" type="2" provider="TDM" onid="136" tsid="26" namespace="0x01040000" radio="1" />
        <service id="0x00f1" sid="241" name="Radio 11 test" type="2" provider="TDM" onid="136" tsid="26" namespace="0x01040000" radio="1" />
        <service id="0x00f2" sid="242" name="Radio 12 test" type="2" provider="TDM" onid="136" tsid="26" namespace="0x01040000" radio="1" />
        <service id="0x00f3" sid="243" name="Radio 13 test" type="2" provider="TDM" onid="136" tsid="26" namespace="0x01040000" radio="1" />
        <service id="0x00f4" sid="244" name="Radio 14 test" type="2" provider="TDM" onid="136" tsid="26" namespace="0x01040000" radio="1" />
        <service id="0x00f5" sid="245" name="Radio 15 test" type="2" provider="TDM" onid="136" tsid="26" namespace="0x01040000" radio="1" />
        <service id="0x00ee" sid="238" name="Radio 8 test" type="2" provider="TDM" onid="136" tsid="26" namespace="0x01040000" radio="1" />
        <service id="0x00ef" sid="239" name="Radio 9 test" type="2" provider="TDM" onid="136" tsid="26" namespace="0x01040000" radio="1" />
        <service id="0x0035" sid="53" name="RADIO CORAN" type="2" provider="TDM" onid="136" tsid="26" namespace="0x01040000" radio="1" />
        <service id="0x0036" sid="54" name="RADIO JEUNESSE" type="2" provider="" onid="136" tsid="26" namespace="0x01040000" radio="1" />
        <service id="0x003a" sid="58" name="RADIO KOUBENI" type="2" provider="TDM" onid="136" tsid="26" namespace="0x01040000" radio="1" />
        <service id="0x0034" sid="52" name="RADIO MAURITANIE" type="2" provider="" onid="136" tsid="26" namespace="0x01040000" radio="1" />
        <service id="0x0039" sid="57" name="SAHARA MEDIA" type="2" provider="TDM" onid="136" tsid="26" namespace="0x01040000" radio="1" />
      </transponder>
    </satellite>
    <satellite key="01040000:001a:001a" name="Sat-26E" namespace="0x01040000" position="26">
      <transponder key="01040000:001a:001a" frequency="11958000" symbol_rate="27500000" polarization="H" fec="4" system="0" modulation="0">
        <service id="0x0d2a" sid="3370" name="Awdeh" type="1" provider="PALSAT" onid="26" tsid="26" namespace="0x01040000" />
        <service id="0x0ba4" sid="2980" name="MUSAWA" type="1" provider="PALSAT" onid="26" tsid="26" namespace="0x01040000" />
        <service id="0x0bb8" sid="3000" name="MUSAWA HD" type="1" provider="Harmonic" onid="26" tsid="26" namespace="0x01040000" />
        <service id="0x0d16" sid="3350" name="Palestine" type="1" provider="PALSAT" onid="26" tsid="26" namespace="0x01040000" />
        <service id="0x0b9a" sid="2970" name="Palestine HD" type="1" provider="PALSAT" onid="26" tsid="26" namespace="0x01040000" />
        <service id="0x0d02" sid="3330" name="Palestine Live" type="1" provider="PALSAT" onid="26" tsid="26" namespace="0x01040000" />
        <service id="0x08ac" sid="2220" name="Palestine Live HD" type="1" provider="PALSAT" onid="26" tsid="26" namespace="0x01040000" />
        <service id="0x0bae" sid="2990" name="Palestine News" type="1" provider="PALSAT" onid="26" tsid="26" namespace="0x01040000" />
        <service id="0x0d66" sid="3430" name="Palestine Sport" type="1" provider="PALSAT" onid="26" tsid="26" namespace="0x01040000" />
        <service id="0x138b" sid="5003" name="Palestine Quraan" type="2" provider="PALSAT" onid="26" tsid="26" namespace="0x01040000" radio="1" />
        <service id="0x056d" sid="1389" name="Voice of Palestine" type="2" provider="PALSAT" onid="26" tsid="26" namespace="0x01040000" radio="1" />
      </transponder>
    </satellite>
    <satellite key="01040000:001a:02be" name="Sat-26E" namespace="0x01040000" position="26">
      <transponder key="01040000:001a:02be" frequency="12015000" symbol_rate="27500000" polarization="V" fec="3" system="0" modulation="0">
        <service id="0x0a2c" sid="2604" name="Al EKhbaria" type="1" provider="Arabsat" onid="702" tsid="26" namespace="0x01040000" />
        <service id="0x15e4" sid="5604" name="KAS Sports +1" type="1" provider="Arabsat" onid="702" tsid="26" namespace="0x01040000" />
        <service id="0x0a2a" sid="2602" name="KSA SPORT 2" type="1" provider="Arabsat" onid="702" tsid="26" namespace="0x01040000" />
        <service id="0x0a2d" sid="2605" name="KSA Sports +2" type="1" provider="Arabsat" onid="702" tsid="26" namespace="0x01040000" />
        <service id="0x0a2b" sid="2603" name="KSA SPORTS 1" type="1" provider="Arabsat" onid="702" tsid="26" namespace="0x01040000" />
        <service id="0x0a29" sid="2601" name="Saudi 1" type="1" provider="Arabsat" onid="702" tsid="26" namespace="0x01040000" />
        <service id="0x15e1" sid="5601" name="Saudi Ch For Quran" type="1" provider="Arabsat" onid="702" tsid="26" namespace="0x01040000" />
        <service id="0x15e2" sid="5602" name="Saudi Ch For Sunnah" type="1" provider="Arabsat" onid="702" tsid="26" namespace="0x01040000" />
        <service id="0x15e3" sid="5603" name="SBC" type="1" provider="Arabsat" onid="702" tsid="26" namespace="0x01040000" />
        <service id="0x0a3f" sid="2623" name="European Radio" type="2" provider="Arabsat" onid="702" tsid="26" namespace="0x01040000" radio="1" />
        <service id="0x0a3c" sid="2620" name="Holy Quran Radio" type="2" provider="Arabsat" onid="702" tsid="26" namespace="0x01040000" radio="1" />
        <service id="0x0a41" sid="2625" name="Nedaa El Islam" type="2" provider="Arabsat" onid="702" tsid="26" namespace="0x01040000" radio="1" />
        <service id="0x0a40" sid="2624" name="Radio 5" type="2" provider="Arabsat" onid="702" tsid="26" namespace="0x01040000" radio="1" />
        <service id="0x0a3d" sid="2621" name="Saudi Radio 1" type="2" provider="Arabsat" onid="702" tsid="26" namespace="0x01040000" radio="1" />
        <service id="0x0a3e" sid="2622" name="Saudi Radio 2" type="2" provider="Arabsat" onid="702" tsid="26" namespace="0x01040000" radio="1" />
      </transponder>
    </satellite>
    <satellite key="01040000:01fa:02be" name="Sat-26E" namespace="0x01040000" position="26">
      <transponder key="01040000:01fa:02be" frequency="12054000" symbol_rate="27500000" polarization="V" fec="4" system="0" modulation="0">
        <service id="0x02c5" sid="709" name="Al Hiwar TV" type="1" provider="JMC" onid="702" tsid="506" namespace="0x01040000" />
        <service id="0x071a" sid="1818" name="Almamlaka TV" type="25" provider="JMC" onid="702" tsid="506" namespace="0x01040000" />
        <service id="0x070b" sid="1803" name="Future TV" type="1" provider="JMC" onid="702" tsid="506" namespace="0x01040000" />
        <service id="0x02da" sid="730" name="Iqra TV" type="1" provider="JMC" onid="702" tsid="506" namespace="0x01040000" />
        <service id="0x070a" sid="1802" name="Jordan TV" type="1" provider="JMC" onid="702" tsid="506" namespace="0x01040000" />
        <service id="0x071b" sid="1819" name="RO`YA HD" type="25" provider="JMC" onid="702" tsid="506" namespace="0x01040000" />
        <service id="0x02d9" sid="729" name="RTD-Djibouti" type="1" provider="JMC" onid="702" tsid="506" namespace="0x01040000" />
        <service id="0x072a" sid="1834" name="SSBC" type="1" provider="JMC" onid="702" tsid="506" namespace="0x01040000" />
        <service id="0x072b" sid="1835" name="Teleliban TV" type="1" provider="JMC" onid="702" tsid="506" namespace="0x01040000" />
        <service id="0x02ca" sid="714" name="Amman FM" type="2" provider="JMC" onid="702" tsid="506" namespace="0x01040000" radio="1" />
        <service id="0x072d" sid="1837" name="DJIBOUTI R1" type="2" provider="JMC" onid="702" tsid="506" namespace="0x01040000" radio="1" />
        <service id="0x072e" sid="1838" name="DJIBOUTI R2" type="2" provider="JMC" onid="702" tsid="506" namespace="0x01040000" radio="1" />
        <service id="0x072f" sid="1839" name="DJIBOUTI R3" type="2" provider="JMC" onid="702" tsid="506" namespace="0x01040000" radio="1" />
        <service id="0x02ce" sid="718" name="Jordan Radio Foreign" type="2" provider="jmc" onid="702" tsid="506" namespace="0x01040000" radio="1" />
        <service id="0x02d6" sid="726" name="Radio Orient" type="2" provider="JMC" onid="702" tsid="506" namespace="0x01040000" radio="1" />
        <service id="0x02dc" sid="732" name="SSBC RADIO" type="2" provider="JMC" onid="702" tsid="506" namespace="0x01040000" radio="1" />
      </transponder>
    </satellite>
    <satellite key="01040000:01fc:02be" name="Sat-26E" namespace="0x01040000" position="26">
      <transponder key="01040000:01fc:02be" frequency="12130000" symbol_rate="27500000" polarization="V" fec="3" system="0" modulation="0">
        <service id="0x089b" sid="2203" name="Dubai One" type="1" provider="ETISALAT" onid="702" tsid="508" namespace="0x01040000" />
        <service id="0x08a2" sid="2210" name="Dubai Racing 2" type="1" provider="ETISALAT" onid="702" tsid="508" namespace="0x01040000" />
        <service id="0x08a1" sid="2209" name="Dubai Racing 3" type="1" provider="ETISALAT" onid="702" tsid="508" namespace="0x01040000" />
        <service id="0x089e" sid="2206" name="Dubai Sports 2" type="1" provider="ETISALAT" onid="702" tsid="508" namespace="0x01040000" />
        <service id="0x089a" sid="2202" name="Dubai Sports 3" type="1" provider="ETISALAT" onid="702" tsid="508" namespace="0x01040000" />
        <service id="0x017f" sid="383" name="Dubai TV" type="1" provider="ETISALAT" onid="702" tsid="508" namespace="0x01040000" />
        <service id="0x08a3" sid="2211" name="Dubai Zaman" type="1" provider="ETISALAT" onid="702" tsid="508" namespace="0x01040000" />
        <service id="0x08a0" sid="2208" name="Noor Dubai" type="1" provider="ETISALAT" onid="702" tsid="508" namespace="0x01040000" />
        <service id="0x089c" sid="2204" name="Sama Dubai" type="1" provider="ETISALAT" onid="702" tsid="508" namespace="0x01040000" />
      </transponder>
    </satellite>
    <satellite key="01040000:01fd:02be" name="Sat-26E" namespace="0x01040000" position="26">
      <transponder key="01040000:01fd:02be" frequency="11996000" symbol_rate="27500000" polarization="H" fec="3" system="0" modulation="0">
        <service id="0x0017" sid="23" name="Afrique Media TV" type="1" provider="GLOBECAST" onid="702" tsid="509" namespace="0x01040000" />
        <service id="0x000b" sid="11" name="BBC Arabic" type="1" provider="BBC World Service" onid="702" tsid="509" namespace="0x01040000" />
        <service id="0x000c" sid="12" name="CNBC Arabiya" type="1" provider="du" onid="702" tsid="509" namespace="0x01040000" />
        <service id="0x001d" sid="29" name="CNBC Arabiya R1" type="1" provider="du" onid="702" tsid="509" namespace="0x01040000" />
        <service id="0x000f" sid="15" name="DW Arabia" type="1" provider="Deutsche Welle" onid="702" tsid="509" namespace="0x01040000" />
        <service id="0x0016" sid="22" name="Euronews" type="1" provider="EURONEWS" onid="702" tsid="509" namespace="0x01040000" />
        <service id="0x001f" sid="31" name="France 24 (en Français)" type="1" provider="France 24" onid="702" tsid="509" namespace="0x01040000" />
        <service id="0x000a" sid="10" name="France 24 (in Arabic)" type="1" provider="France 24" onid="702" tsid="509" namespace="0x01040000" />
        <service id="0x000e" sid="14" name="France 24 (in English)" type="1" provider="France 24" onid="702" tsid="509" namespace="0x01040000" />
        <service id="0x0018" sid="24" name="RTI 1" type="1" provider="RTI 1 PRINCIPAL" onid="702" tsid="509" namespace="0x01040000" />
        <service id="0x000d" sid="13" name="Sky News Arabia" type="1" provider="Sky News Arabia" onid="702" tsid="509" namespace="0x01040000" />
        <service id="0x0011" sid="17" name="Sky News Arabia Radio" type="1" provider="Sky News Arabia" onid="702" tsid="509" namespace="0x01040000" />
        <service id="0x002f" sid="47" name="BBC Horn of Africa" type="2" provider="BBC World Service" onid="702" tsid="509" namespace="0x01040000" radio="1" />
        <service id="0x002d" sid="45" name="BBC World Service Arabic" type="2" provider="BBC World Service" onid="702" tsid="509" namespace="0x01040000" radio="1" />
        <service id="0x002e" sid="46" name="BBC World Service English Middle East" type="2" provider="BBC World Service" onid="702" tsid="509" namespace="0x01040000" radio="1" />
        <service id="0x002c" sid="44" name="DW A2" type="2" provider="Deutsche Welle" onid="702" tsid="509" namespace="0x01040000" radio="1" />
        <service id="0x0015" sid="21" name="RMC Doualia" type="2" provider="GLOBECAST" onid="702" tsid="509" namespace="0x01040000" radio="1" />
        <service id="0x002a" sid="42" name="WRN (Sawt Al Alam) R1" type="2" provider="Globecast" onid="702" tsid="509" namespace="0x01040000" radio="1" />
      </transponder>
    </satellite>
    <satellite key="01040000:01ff:02be" name="Sat-26E" namespace="0x01040000" position="26">
      <transponder key="01040000:01ff:02be" frequency="12111000" symbol_rate="27500000" polarization="H" fec="4" system="0" modulation="0">
        <service id="0x0009" sid="9" name="ALAAN TV" type="1" provider="dU" onid="702" tsid="511" namespace="0x01040000" />
        <service id="0x000c" sid="12" name="ALAAN TV HD" type="25" provider="DU" onid="702" tsid="511" namespace="0x01040000" />
        <service id="0x0002" sid="2" name="ARIRANG" type="1" provider="dU" onid="702" tsid="511" namespace="0x01040000" />
        <service id="0x000b" sid="11" name="CITRUSS TV HD" type="25" provider="Du" onid="702" tsid="511" namespace="0x01040000" />
        <service id="0x001e" sid="30" name="Dubai Holy Quran" type="1" provider="du" onid="702" tsid="511" namespace="0x01040000" />
        <service id="0x000d" sid="13" name="HAWAS TV HD" type="25" provider="DU" onid="702" tsid="511" namespace="0x01040000" />
        <service id="0x000e" sid="14" name="JAWNA" type="1" provider="dU" onid="702" tsid="511" namespace="0x01040000" />
        <service id="0x000a" sid="10" name="PEACE TV HD" type="25" provider="dU" onid="702" tsid="511" namespace="0x01040000" />
      </transponder>
    </satellite>
    <satellite key="01040000:0202:02be" name="Sat-26E" namespace="0x01040000" position="26">
      <transponder key="01040000:0202:02be" frequency="12226000" symbol_rate="27500000" polarization="H" fec="3" system="0" modulation="0">
        <service id="0x0005" sid="5" name="Bahrain International" type="1" provider="Bahrain TV" onid="702" tsid="514" namespace="0x01040000" />
        <service id="0x0002" sid="2" name="Bahrain International HD" type="25" provider="Bahrain TV" onid="702" tsid="514" namespace="0x01040000" />
        <service id="0x0006" sid="6" name="Bahrain Quran" type="1" provider="Bahrain TV" onid="702" tsid="514" namespace="0x01040000" />
        <service id="0x0003" sid="3" name="Bahrain Sport 1 HD" type="25" provider="Bahrain TV" onid="702" tsid="514" namespace="0x01040000" />
        <service id="0x0004" sid="4" name="Bahrain Sport 2 HD" type="25" provider="Bahrain TV" onid="702" tsid="514" namespace="0x01040000" />
        <service id="0x0007" sid="7" name="Bahrain TV" type="1" provider="Bahrain TV" onid="702" tsid="514" namespace="0x01040000" />
        <service id="0x0001" sid="1" name="Bahrain TV HD" type="25" provider="Bahrain TV" onid="702" tsid="514" namespace="0x01040000" />
        <service id="0x000e" sid="14" name="Arab Class'l 96.9 FM" type="2" provider="Bahrain TV" onid="702" tsid="514" namespace="0x01040000" radio="1" />
        <service id="0x000f" sid="15" name="Arab'n Gulfradio102.7FM" type="2" provider="Bahrain TV" onid="702" tsid="514" namespace="0x01040000" radio="1" />
        <service id="0x000b" sid="11" name="Holy Quran ch 106.1 FM" type="2" provider="Bahrain TV" onid="702" tsid="514" namespace="0x01040000" radio="1" />
        <service id="0x000d" sid="13" name="Radio Bah 96.5 FM" type="2" provider="Bahrain TV" onid="702" tsid="514" namespace="0x01040000" radio="1" />
        <service id="0x000c" sid="12" name="Trad'l Music 95.0FM" type="2" provider="Bahrain TV" onid="702" tsid="514" namespace="0x01040000" radio="1" />
      </transponder>
    </satellite>
    <satellite key="01040000:022b:02be" name="Sat-26E" namespace="0x01040000" position="26">
      <transponder key="01040000:022b:02be" frequency="12245000" symbol_rate="27500000" polarization="V" fec="3" system="0" modulation="0">
        <service id="0x0005" sid="5" name="Alkass four HD" type="1" provider="Alkass sports channels" onid="702" tsid="555" namespace="0x01040000" />
        <service id="0x0003" sid="3" name="Alkass one HD" type="1" provider="Al Dawri Al Kass" onid="702" tsid="555" namespace="0x01040000" />
        <service id="0x0001" sid="1" name="Alkass three HD" type="1" provider="Al Dawri Al Kass" onid="702" tsid="555" namespace="0x01040000" />
        <service id="0x0004" sid="4" name="Alkass two HD" type="1" provider="Al Dawri Al Kass" onid="702" tsid="555" namespace="0x01040000" />
        <service id="0x0006" sid="6" name="Alkass Radio 01" type="2" provider="Al Dawri Al Kass" onid="702" tsid="555" namespace="0x01040000" radio="1" />
      </transponder>
    </satellite>
    <satellite key="01040000:024e:02be" name="Sat-26E" namespace="0x01040000" position="26">
      <transponder key="01040000:024e:02be" frequency="12523000" symbol_rate="27500000" polarization="V" fec="3" system="0" modulation="0">
        <service id="0x0004" sid="4" name="ASHOROOQ" type="1" provider="" onid="702" tsid="590" namespace="0x01040000" />
        <service id="0x0006" sid="6" name="Neelain Sport" type="1" provider="" onid="702" tsid="590" namespace="0x01040000" />
        <service id="0x0005" sid="5" name="S24" type="1" provider="" onid="702" tsid="590" namespace="0x01040000" />
        <service id="0x07da" sid="2010" name="Sudan" type="1" provider="" onid="702" tsid="590" namespace="0x01040000" />
        <service id="0x0008" sid="8" name="Sudan Drama" type="1" provider="" onid="702" tsid="590" namespace="0x01040000" />
        <service id="0x005a" sid="90" name="Sudan monwaat" type="1" provider="" onid="702" tsid="590" namespace="0x01040000" />
        <service id="0x0029" sid="41" name="Sudan Sport HD" type="25" provider="Sudan Sport" onid="702" tsid="590" namespace="0x01040000" />
        <service id="0x0014" sid="20" name="Sudania24HD" type="25" provider="Sudania24 Group" onid="702" tsid="590" namespace="0x01040000" />
        <service id="0x0007" sid="7" name="Tayba TV" type="1" provider="" onid="702" tsid="590" namespace="0x01040000" />
        <service id="0x001d" sid="29" name="Albasira FM" type="2" provider="" onid="702" tsid="590" namespace="0x01040000" radio="1" />
        <service id="0x002f" sid="47" name="Beladi Sudan" type="2" provider="" onid="702" tsid="590" namespace="0x01040000" radio="1" />
        <service id="0x0011" sid="17" name="BLADI SUDAN" type="2" provider="" onid="702" tsid="590" namespace="0x01040000" radio="1" />
        <service id="0x000c" sid="12" name="Darfur FM" type="2" provider="" onid="702" tsid="590" namespace="0x01040000" radio="1" />
        <service id="0x000a" sid="10" name="FM-100" type="2" provider="" onid="702" tsid="590" namespace="0x01040000" radio="1" />
        <service id="0x000b" sid="11" name="Omdurman Radio" type="2" provider="" onid="702" tsid="590" namespace="0x01040000" radio="1" />
        <service id="0x002e" sid="46" name="OUS-Sudan" type="2" provider="" onid="702" tsid="590" namespace="0x01040000" radio="1" />
        <service id="0x000f" sid="15" name="Quran Omdurman" type="2" provider="" onid="702" tsid="590" namespace="0x01040000" radio="1" />
        <service id="0x001f" sid="31" name="Radio_011" type="2" provider="" onid="702" tsid="590" namespace="0x01040000" radio="1" />
        <service id="0x000e" sid="14" name="Radio_012" type="2" provider="" onid="702" tsid="590" namespace="0x01040000" radio="1" />
        <service id="0x0013" sid="19" name="Radio_017" type="2" provider="" onid="702" tsid="590" namespace="0x01040000" radio="1" />
        <service id="0x001a" sid="26" name="Radio_018" type="2" provider="" onid="702" tsid="590" namespace="0x01040000" radio="1" />
        <service id="0x001b" sid="27" name="Radio_019" type="2" provider="" onid="702" tsid="590" namespace="0x01040000" radio="1" />
        <service id="0x001c" sid="28" name="Radio_020" type="2" provider="" onid="702" tsid="590" namespace="0x01040000" radio="1" />
        <service id="0x001e" sid="30" name="Radio_028" type="2" provider="" onid="702" tsid="590" namespace="0x01040000" radio="1" />
        <service id="0x0012" sid="18" name="Sahiroon" type="2" provider="" onid="702" tsid="590" namespace="0x01040000" radio="1" />
        <service id="0x0010" sid="16" name="Sports FM104" type="2" provider="" onid="702" tsid="590" namespace="0x01040000" radio="1" />
      </transponder>
    </satellite>
    <satellite key="01040000:0320:02be" name="Sat-26E" namespace="0x01040000" position="26">
      <transponder key="01040000:0320:02be" frequency="12683000" symbol_rate="27500000" polarization="V" fec="3" system="0" modulation="0">
        <service id="0x000b" sid="11" name="Al Aoula Inter" type="1" provider="SNRT" onid="702" tsid="800" namespace="0x01040000" />
        <service id="0x0001" sid="1" name="Al Aoula Inter HD" type="1" provider="SNRT" onid="702" tsid="800" namespace="0x01040000" />
        <service id="0x0014" sid="20" name="Al Maghribia" type="1" provider="SNRT" onid="702" tsid="800" namespace="0x01040000" />
        <service id="0x001c" sid="28" name="Arrabiaa" type="1" provider="SNRT" onid="702" tsid="800" namespace="0x01040000" />
        <service id="0x001e" sid="30" name="Arryadia" type="1" provider="SNRT" onid="702" tsid="800" namespace="0x01040000" />
        <service id="0x001f" sid="31" name="Arryadia HD" type="1" provider="SNRT" onid="702" tsid="800" namespace="0x01040000" />
        <service id="0x003c" sid="60" name="Assadissa" type="1" provider="SNRT" onid="702" tsid="800" namespace="0x01040000" />
        <service id="0x000c" sid="12" name="Laayoune TV" type="1" provider="SNRT" onid="702" tsid="800" namespace="0x01040000" />
        <service id="0x0020" sid="32" name="Tamazight" type="1" provider="SNRT" onid="702" tsid="800" namespace="0x01040000" />
        <service id="0x005c" sid="92" name="Radio Amazigh" type="2" provider="SNRT" onid="702" tsid="800" namespace="0x01040000" radio="1" />
        <service id="0x005b" sid="91" name="Radio Inter" type="2" provider="SNRT" onid="702" tsid="800" namespace="0x01040000" radio="1" />
        <service id="0x005d" sid="93" name="Radio Med VI" type="2" provider="SNRT" onid="702" tsid="800" namespace="0x01040000" radio="1" />
        <service id="0x005a" sid="90" name="Radio Nationale" type="2" provider="SNRT" onid="702" tsid="800" namespace="0x01040000" radio="1" />
      </transponder>
    </satellite>
    <satellite key="01040000:1137:02be" name="Sat-26E" namespace="0x01040000" position="26">
      <transponder key="01040000:1137:02be" frequency="12643000" symbol_rate="27500000" polarization="H" fec="4" system="0" modulation="0">
        <service id="0x044c" sid="1100" name="HD1" type="25" provider="" onid="702" tsid="4407" namespace="0x01040000" />
        <service id="0x04b0" sid="1200" name="HD2" type="25" provider="" onid="702" tsid="4407" namespace="0x01040000" />
        <service id="0x08fc" sid="2300" name="Radio1" type="1" provider="" onid="702" tsid="4407" namespace="0x01040000" />
        <service id="0x000a" sid="10" name="SD6" type="1" provider="" onid="702" tsid="4407" namespace="0x01040000" />
        <service id="0x000b" sid="11" name="SD7" type="1" provider="" onid="702" tsid="4407" namespace="0x01040000" />
        <service id="0x000c" sid="12" name="SD8" type="1" provider="" onid="702" tsid="4407" namespace="0x01040000" />
        <service id="0x001b" sid="27" name="R- Tunisie Culture" type="2" provider="" onid="702" tsid="4407" namespace="0x01040000" radio="1" />
        <service id="0x001a" sid="26" name="R- Tunisie Internationale" type="2" provider="" onid="702" tsid="4407" namespace="0x01040000" radio="1" />
        <service id="0x000d" sid="13" name="R- Tunisie Nationale" type="2" provider="" onid="702" tsid="4407" namespace="0x01040000" radio="1" />
        <service id="0x0c80" sid="3200" name="Radio10" type="2" provider="" onid="702" tsid="4407" namespace="0x01040000" radio="1" />
        <service id="0x0ce4" sid="3300" name="Radio11" type="2" provider="" onid="702" tsid="4407" namespace="0x01040000" radio="1" />
        <service id="0x0d48" sid="3400" name="Radio12" type="2" provider="" onid="702" tsid="4407" namespace="0x01040000" radio="1" />
        <service id="0x001c" sid="28" name="Radio16" type="2" provider="" onid="702" tsid="4407" namespace="0x01040000" radio="1" />
        <service id="0x001d" sid="29" name="Radio17" type="2" provider="" onid="702" tsid="4407" namespace="0x01040000" radio="1" />
        <service id="0x001e" sid="30" name="Radio18" type="2" provider="" onid="702" tsid="4407" namespace="0x01040000" radio="1" />
        <service id="0x001f" sid="31" name="Radio19" type="2" provider="" onid="702" tsid="4407" namespace="0x01040000" radio="1" />
        <service id="0x03c0" sid="960" name="Radio2" type="2" provider="" onid="702" tsid="4407" namespace="0x01040000" radio="1" />
        <service id="0x000e" sid="14" name="Radio20" type="2" provider="" onid="702" tsid="4407" namespace="0x01040000" radio="1" />
        <service id="0x000f" sid="15" name="Radio21" type="2" provider="" onid="702" tsid="4407" namespace="0x01040000" radio="1" />
        <service id="0x046a" sid="1130" name="Radio22" type="2" provider="" onid="702" tsid="4407" namespace="0x01040000" radio="1" />
        <service id="0x04aa" sid="1194" name="Radio23" type="2" provider="" onid="702" tsid="4407" namespace="0x01040000" radio="1" />
        <service id="0x11f8" sid="4600" name="Radio24" type="2" provider="" onid="702" tsid="4407" namespace="0x01040000" radio="1" />
        <service id="0x09c4" sid="2500" name="Radio3" type="2" provider="" onid="702" tsid="4407" namespace="0x01040000" radio="1" />
        <service id="0x0a28" sid="2600" name="Radio4" type="2" provider="" onid="702" tsid="4407" namespace="0x01040000" radio="1" />
        <service id="0x0a8c" sid="2700" name="Radio5" type="2" provider="" onid="702" tsid="4407" namespace="0x01040000" radio="1" />
        <service id="0x0af0" sid="2800" name="Radio6" type="2" provider="" onid="702" tsid="4407" namespace="0x01040000" radio="1" />
        <service id="0x0b54" sid="2900" name="Radio7" type="2" provider="" onid="702" tsid="4407" namespace="0x01040000" radio="1" />
        <service id="0x0bb8" sid="3000" name="Radio8" type="2" provider="" onid="702" tsid="4407" namespace="0x01040000" radio="1" />
        <service id="0x0c1c" sid="3100" name="Radio9" type="2" provider="" onid="702" tsid="4407" namespace="0x01040000" radio="1" />
      </transponder>
    </satellite>
    <satellite key="0104af88:0001:0001" name="Sat-26E" namespace="0x0104af88" position="26">
      <transponder key="0104af88:0001:0001" frequency="12168000" symbol_rate="22000000" polarization="V" fec="3" system="0" modulation="0">
        <service id="0x0004" sid="4" name="Qatar TV HD" type="1" provider="Qatar TV" onid="1" tsid="1" namespace="0x0104af88" />
        <service id="0x000b" sid="11" name="Qatar Oryx Radio" type="2" provider="Qatar TV" onid="1" tsid="1" namespace="0x0104af88" radio="1" />
        <service id="0x000c" sid="12" name="Qatar QBS Radio" type="2" provider="Qatar TV" onid="1" tsid="1" namespace="0x0104af88" radio="1" />
        <service id="0x000a" sid="10" name="Qatar R Quran" type="2" provider="Qatar TV" onid="1" tsid="1" namespace="0x0104af88" radio="1" />
        <service id="0x000f" sid="15" name="Qatar Radio" type="2" provider="Qatar TV" onid="1" tsid="1" namespace="0x0104af88" radio="1" />
        <service id="0x000d" sid="13" name="Qatar Urdu Radio" type="2" provider="Qatar TV" onid="1" tsid="1" namespace="0x0104af88" radio="1" />
      </transponder>
    </satellite>
  </satellites>
</zapit>
