<?xml version='1.0' encoding='utf-8'?>
<zapit api="4">
  <satellites>
    <satellite key="01680000:0001:036e" name="Sat-36E" namespace="0x01680000" position="36">
      <transponder key="01680000:0001:036e" frequency="11212000" symbol_rate="14400000" polarization="H" fec="7" system="0" modulation="0">
        <service id="0x035a" sid="858" name="Comedy Arkhi" type="25" provider="GEOSAT" onid="878" tsid="1" namespace="0x01680000" />
        <service id="0x213e" sid="8510" name="Kartuli TV" type="25" provider="GEOSAT" onid="878" tsid="1" namespace="0x01680000" />
        <service id="0x085a" sid="2138" name="Kavkasia" type="25" provider="GEOSAT" onid="878" tsid="1" namespace="0x01680000" />
        <service id="0x035b" sid="859" name="Marao TV" type="25" provider="GEOSAT" onid="878" tsid="1" namespace="0x01680000" />
        <service id="0x085c" sid="2140" name="Palitra News" type="25" provider="GEOSAT" onid="878" tsid="1" namespace="0x01680000" />
        <service id="0x0359" sid="857" name="Rustavi 2" type="25" provider="GEOSAT" onid="878" tsid="1" namespace="0x01680000" />
        <service id="0x213a" sid="8506" name="STS International" type="25" provider="GLOBECAST" onid="878" tsid="1" namespace="0x01680000" />
        <service id="0x085b" sid="2139" name="TNT (Russia)" type="25" provider="GLOBECAST" onid="878" tsid="1" namespace="0x01680000" />
      </transponder>
    </satellite>
    <satellite key="01680000:0015:0064" name="Sat-36E" namespace="0x01680000" position="36">
      <transponder key="01680000:0015:0064" frequency="11429000" symbol_rate="3200000" polarization="H" fec="2" system="0" modulation="0">
        <service id="0x0001" sid="1" name="Telemedia 1" type="25" provider="" onid="100" tsid="21" namespace="0x01680000" />
        <service id="0x0002" sid="2" name="Telemedia 5" type="25" provider="" onid="100" tsid="21" namespace="0x01680000" />
      </transponder>
    </satellite>
    <satellite key="01680000:00f5:036e" name="Sat-36E" namespace="0x01680000" position="36">
      <transponder key="01680000:00f5:036e" frequency="11254000" symbol_rate="15000000" polarization="H" fec="2" system="0" modulation="0">
        <service id="0x002a" sid="42" name="BNT World" type="25" provider="" onid="878" tsid="245" namespace="0x01680000" />
        <service id="0x0029" sid="41" name="Nat Geo Wild Europe HD" type="25" provider="" onid="878" tsid="245" namespace="0x01680000" />
      </transponder>
    </satellite>
    <satellite key="01680000:27b7:2774" name="Sat-36E" namespace="0x01680000" position="36">
      <transponder key="01680000:27b7:2774" frequency="12699000" symbol_rate="6000000" polarization="V" fec="3" system="0" modulation="0">
        <service id="0x27b0" sid="10160" name="Al Iraqiya TV" type="1" provider="IMN" onid="10100" tsid="10167" namespace="0x01680000" />
      </transponder>
    </satellite>
    <satellite key="01680000:ff79:036e" name="Sat-36E" namespace="0x01680000" position="36">
      <transponder key="01680000:ff79:036e" frequency="12245000" symbol_rate="27500000" polarization="H" fec="3" system="0" modulation="0">
        <service id="0x006e" sid="110" name="Africa Magic Family" type="1" provider="Multichoice Africa" onid="878" tsid="65401" namespace="0x01680000" />
        <service id="0x002d" sid="45" name="BBC Lifestyle" type="1" provider="Multichoice Africa" onid="878" tsid="65401" namespace="0x01680000" />
        <service id="0x006b" sid="107" name="Discovery Channel Middle-East" type="1" provider="Multichoice Africa" onid="878" tsid="65401" namespace="0x01680000" />
        <service id="0x002e" sid="46" name="Faith Africa" type="1" provider="Multichoice Africa" onid="878" tsid="65401" namespace="0x01680000" />
        <service id="0x002a" sid="42" name="M-Net Movies 1" type="1" provider="Multichoice Africa" onid="878" tsid="65401" namespace="0x01680000" />
        <service id="0x006f" sid="111" name="M-Net Movies Drama &amp; Romance" type="1" provider="Multichoice Africa" onid="878" tsid="65401" namespace="0x01680000" />
        <service id="0x0029" sid="41" name="M-Net West" type="1" provider="Multichoice Africa" onid="878" tsid="65401" namespace="0x01680000" />
        <service id="0x0030" sid="48" name="Max1P" type="1" provider="Multichoice Africa" onid="878" tsid="65401" namespace="0x01680000" />
        <service id="0x006d" sid="109" name="MCity" type="1" provider="Multichoice Africa" onid="878" tsid="65401" namespace="0x01680000" />
        <service id="0x0031" sid="49" name="Mira" type="1" provider="Multichoice Africa" onid="878" tsid="65401" namespace="0x01680000" />
        <service id="0x006c" sid="108" name="SABC Africa" type="1" provider="Multichoice Africa" onid="878" tsid="65401" namespace="0x01680000" />
        <service id="0x004a" sid="74" name="SS3 P" type="1" provider="MCK" onid="878" tsid="65401" namespace="0x01680000" />
        <service id="0x002b" sid="43" name="SuperSport 1" type="1" provider="Multichoice Africa" onid="878" tsid="65401" namespace="0x01680000" />
        <service id="0x002c" sid="44" name="SuperSport 3" type="1" provider="Multichoice Africa" onid="878" tsid="65401" namespace="0x01680000" />
        <service id="0x006a" sid="106" name="SuperSport MaXimo" type="1" provider="Multichoice Africa" onid="878" tsid="65401" namespace="0x01680000" />
      </transponder>
    </satellite>
    <satellite key="01680000:ff7a:036e" name="Sat-36E" namespace="0x01680000" position="36">
      <transponder key="01680000:ff7a:036e" frequency="12054000" symbol_rate="27500000" polarization="H" fec="3" system="0" modulation="0">
        <service id="0x00ca" sid="202" name="BBC B" type="1" provider="Multichoice Africa" onid="878" tsid="65402" namespace="0x01680000" />
        <service id="0x00ce" sid="206" name="BBC World News" type="1" provider="Multichoice Africa" onid="878" tsid="65402" namespace="0x01680000" />
        <service id="0x00d7" sid="215" name="Crime &amp; Investigation Network" type="1" provider="Multichoice Africa" onid="878" tsid="65402" namespace="0x01680000" />
        <service id="0x00d5" sid="213" name="Disney Channel U.K." type="1" provider="Multichoice Africa" onid="878" tsid="65402" namespace="0x01680000" />
        <service id="0x00d0" sid="208" name="M-Net Action" type="1" provider="Multichoice Africa" onid="878" tsid="65402" namespace="0x01680000" />
        <service id="0x00c9" sid="201" name="M-Net East" type="1" provider="Multichoice Africa" onid="878" tsid="65402" namespace="0x01680000" />
        <service id="0x00cb" sid="203" name="M-Net Stars" type="1" provider="Multichoice Africa" onid="878" tsid="65402" namespace="0x01680000" />
        <service id="0x00d1" sid="209" name="Max3P" type="1" provider="Multichoice Africa" onid="878" tsid="65402" namespace="0x01680000" />
        <service id="0x00d6" sid="214" name="Mfmly" type="1" provider="Multichoice Africa" onid="878" tsid="65402" namespace="0x01680000" />
        <service id="0x00cf" sid="207" name="MTV Base Africa" type="1" provider="Multichoice Africa" onid="878" tsid="65402" namespace="0x01680000" />
        <service id="0x00d2" sid="210" name="MTV Europe" type="1" provider="Multichoice Africa" onid="878" tsid="65402" namespace="0x01680000" />
        <service id="0x00d8" sid="216" name="SS9 P" type="1" provider="MCK" onid="878" tsid="65402" namespace="0x01680000" />
        <service id="0x00cd" sid="205" name="SuperSport 2" type="1" provider="Multichoice Africa" onid="878" tsid="65402" namespace="0x01680000" />
        <service id="0x00d4" sid="212" name="SuperSport Select" type="1" provider="Multichoice Africa" onid="878" tsid="65402" namespace="0x01680000" />
      </transponder>
    </satellite>
    <satellite key="01680000:ff7b:036e" name="Sat-36E" namespace="0x01680000" position="36">
      <transponder key="01680000:ff7b:036e" frequency="12015000" symbol_rate="27500000" polarization="H" fec="3" system="0" modulation="0">
        <service id="0x0058" sid="88" name="CMTV" type="1" provider="Multichoice Africa" onid="878" tsid="65403" namespace="0x01680000" />
        <service id="0x008b" sid="139" name="EuroNews" type="1" provider="Multichoice Africa" onid="878" tsid="65403" namespace="0x01680000" />
        <service id="0x008a" sid="138" name="EuroP" type="1" provider="MCK" onid="878" tsid="65403" namespace="0x01680000" />
        <service id="0x013c" sid="316" name="EVA P" type="1" provider="MCK" onid="878" tsid="65403" namespace="0x01680000" />
        <service id="0x013a" sid="314" name="Fox Movies Portugal" type="1" provider="Multichoice Africa" onid="878" tsid="65403" namespace="0x01680000" />
        <service id="0x0057" sid="87" name="HipTV" type="1" provider="Multichoice Africa" onid="878" tsid="65403" namespace="0x01680000" />
        <service id="0x012f" sid="303" name="InfoSport+" type="1" provider="Multichoice Africa" onid="878" tsid="65403" namespace="0x01680000" />
        <service id="0x012d" sid="301" name="JimJam EMEA" type="1" provider="Multichoice Africa" onid="878" tsid="65403" namespace="0x01680000" />
        <service id="0x0053" sid="83" name="Raitalia 3 Africa" type="1" provider="Multichoice Africa" onid="878" tsid="65403" namespace="0x01680000" />
        <service id="0x012e" sid="302" name="Record News" type="1" provider="Multichoice Africa" onid="878" tsid="65403" namespace="0x01680000" />
        <service id="0x013b" sid="315" name="SPICE" type="1" provider="Multichoice Africa" onid="878" tsid="65403" namespace="0x01680000" />
        <service id="0x0059" sid="89" name="Style Network EMEA" type="1" provider="Multichoice Africa" onid="878" tsid="65403" namespace="0x01680000" />
        <service id="0x0054" sid="84" name="Travel Channel" type="1" provider="Multichoice Africa" onid="878" tsid="65403" namespace="0x01680000" />
        <service id="0x0052" sid="82" name="True Movies 1 Africa" type="1" provider="Multichoice Africa" onid="878" tsid="65403" namespace="0x01680000" />
      </transponder>
    </satellite>
    <satellite key="01680000:ff7c:036e" name="Sat-36E" namespace="0x01680000" position="36">
      <transponder key="01680000:ff7c:036e" frequency="11977000" symbol_rate="27500000" polarization="H" fec="3" system="0" modulation="0">
        <service id="0x00c3" sid="195" name="B4U Movies" type="1" provider="Multichoice Africa" onid="878" tsid="65404" namespace="0x01680000" />
        <service id="0x00c0" sid="192" name="Canal+ Horizons" type="1" provider="Multichoice Africa" onid="878" tsid="65404" namespace="0x01680000" />
        <service id="0x00bf" sid="191" name="E ! P" type="1" provider="MCK" onid="878" tsid="65404" namespace="0x01680000" />
        <service id="0x00c1" sid="193" name="E! Entertainment TV" type="1" provider="Multichoice Africa" onid="878" tsid="65404" namespace="0x01680000" />
        <service id="0x019c" sid="412" name="Fine Living Network" type="1" provider="Multichoice Africa" onid="878" tsid="65404" namespace="0x01680000" />
        <service id="0x019f" sid="415" name="Food Network" type="1" provider="Multichoice Africa" onid="878" tsid="65404" namespace="0x01680000" />
        <service id="0x019d" sid="413" name="FoodP" type="1" provider="MCK" onid="878" tsid="65404" namespace="0x01680000" />
        <service id="0x00c4" sid="196" name="iO M" type="1" provider="Multichoice Africa" onid="878" tsid="65404" namespace="0x01680000" />
        <service id="0x00c6" sid="198" name="NDTV 24x7" type="1" provider="Multichoice Africa" onid="878" tsid="65404" namespace="0x01680000" />
        <service id="0x00c7" sid="199" name="NTA International" type="1" provider="Multichoice Africa" onid="878" tsid="65404" namespace="0x01680000" />
        <service id="0x019a" sid="410" name="RTP International" type="1" provider="Multichoice Africa" onid="878" tsid="65404" namespace="0x01680000" />
        <service id="0x00c5" sid="197" name="SET Max" type="1" provider="Multichoice Africa" onid="878" tsid="65404" namespace="0x01680000" />
        <service id="0x00c2" sid="194" name="TV 5 Monde Afrique" type="1" provider="Multichoice Africa" onid="878" tsid="65404" namespace="0x01680000" />
        <service id="0x019b" sid="411" name="TV Brasil Canal Integración" type="1" provider="Multichoice Africa" onid="878" tsid="65404" namespace="0x01680000" />
      </transponder>
    </satellite>
    <satellite key="01680000:ff7d:036e" name="Sat-36E" namespace="0x01680000" position="36">
      <transponder key="01680000:ff7d:036e" frequency="11938000" symbol_rate="27500000" polarization="H" fec="3" system="0" modulation="0">
        <service id="0x01f7" sid="503" name="AIT National" type="1" provider="Multichoice Africa" onid="878" tsid="65405" namespace="0x01680000" />
        <service id="0x01fc" sid="508" name="Al Jazeera English" type="1" provider="Multichoice Africa" onid="878" tsid="65405" namespace="0x01680000" />
        <service id="0x01f9" sid="505" name="AMC" type="1" provider="Multichoice Africa" onid="878" tsid="65405" namespace="0x01680000" />
        <service id="0x01fa" sid="506" name="Boomerang" type="1" provider="Multichoice Africa" onid="878" tsid="65405" namespace="0x01680000" />
        <service id="0x01f6" sid="502" name="CCTV 4" type="1" provider="Multichoice Africa" onid="878" tsid="65405" namespace="0x01680000" />
        <service id="0x01f5" sid="501" name="CCTV News" type="1" provider="Multichoice Africa" onid="878" tsid="65405" namespace="0x01680000" />
        <service id="0x01fd" sid="509" name="Daystar TV Network" type="1" provider="Multichoice Africa" onid="878" tsid="65405" namespace="0x01680000" />
        <service id="0x01f8" sid="504" name="Discovery World" type="1" provider="Multichoice Africa" onid="878" tsid="65405" namespace="0x01680000" />
        <service id="0x00c9" sid="201" name="Fashion One" type="1" provider="Multichoice Africa" onid="878" tsid="65405" namespace="0x01680000" />
        <service id="0x01fe" sid="510" name="MITV" type="1" provider="Multichoice Africa" onid="878" tsid="65405" namespace="0x01680000" />
        <service id="0x01fb" sid="507" name="Nick Jr Africa" type="1" provider="Multichoice Africa" onid="878" tsid="65405" namespace="0x01680000" />
      </transponder>
    </satellite>
    <satellite key="01680000:ff7e:036e" name="Sat-36E" namespace="0x01680000" position="36">
      <transponder key="01680000:ff7e:036e" frequency="11900000" symbol_rate="27500000" polarization="H" fec="3" system="0" modulation="0">
        <service id="0x025f" sid="607" name="Africa Magic Epic Movies" type="1" provider="Multichoice Africa" onid="878" tsid="65406" namespace="0x01680000" />
        <service id="0x010a" sid="266" name="Africa Magic Hausa" type="1" provider="MCK" onid="878" tsid="65406" namespace="0x01680000" />
        <service id="0x006d" sid="109" name="Africa Magic Yoruba" type="1" provider="Multichoice Africa" onid="878" tsid="65406" namespace="0x01680000" />
        <service id="0x010b" sid="267" name="BltzP" type="1" provider="MCK" onid="878" tsid="65406" namespace="0x01680000" />
        <service id="0x025c" sid="604" name="Cartoon Network Africa" type="1" provider="Multichoice Africa" onid="878" tsid="65406" namespace="0x01680000" />
        <service id="0x0067" sid="103" name="CBS P" type="1" provider="MCK" onid="878" tsid="65406" namespace="0x01680000" />
        <service id="0x025a" sid="602" name="CBS Reality" type="1" provider="Multichoice Africa" onid="878" tsid="65406" namespace="0x01680000" />
        <service id="0x006b" sid="107" name="Magic World" type="1" provider="Multichoice Africa" onid="878" tsid="65406" namespace="0x01680000" />
        <service id="0x025e" sid="606" name="National Geographic Europe" type="1" provider="Multichoice Africa" onid="878" tsid="65406" namespace="0x01680000" />
        <service id="0x006a" sid="106" name="Sky News International" type="1" provider="Multichoice Africa" onid="878" tsid="65406" namespace="0x01680000" />
        <service id="0x010c" sid="268" name="SS4 P" type="1" provider="MCK" onid="878" tsid="65406" namespace="0x01680000" />
        <service id="0x010d" sid="269" name="SS5 P" type="1" provider="MCK" onid="878" tsid="65406" namespace="0x01680000" />
        <service id="0x026a" sid="618" name="SS7 P" type="1" provider="MCK" onid="878" tsid="65406" namespace="0x01680000" />
        <service id="0x006c" sid="108" name="SuperSport 4" type="1" provider="Multichoice Africa" onid="878" tsid="65406" namespace="0x01680000" />
        <service id="0x025b" sid="603" name="SuperSport 5" type="1" provider="Multichoice Africa" onid="878" tsid="65406" namespace="0x01680000" />
        <service id="0x0069" sid="105" name="SuperSport 7" type="1" provider="Multichoice Africa" onid="878" tsid="65406" namespace="0x01680000" />
        <service id="0x0068" sid="104" name="SuperSport Blitz" type="1" provider="Multichoice Africa" onid="878" tsid="65406" namespace="0x01680000" />
      </transponder>
    </satellite>
    <satellite key="01680000:ff7f:036e" name="Sat-36E" namespace="0x01680000" position="36">
      <transponder key="01680000:ff7f:036e" frequency="11862000" symbol_rate="27500000" polarization="H" fec="3" system="0" modulation="0">
        <service id="0x1b5e" sid="7006" name="AMIgb" type="1" provider="Multichoice Africa" onid="878" tsid="65407" namespace="0x01680000" />
        <service id="0x1b5c" sid="7004" name="Citizen TV" type="1" provider="Multichoice Africa" onid="878" tsid="65407" namespace="0x01680000" />
        <service id="0x1b59" sid="7001" name="EDGEW" type="1" provider="Multichoice Africa" onid="878" tsid="65407" namespace="0x01680000" />
        <service id="0x1b5f" sid="7007" name="M-Net Edge" type="1" provider="Multichoice Africa" onid="878" tsid="65407" namespace="0x01680000" />
        <service id="0x1b64" sid="7012" name="M-Net Movies Zone" type="1" provider="Multichoice Africa" onid="878" tsid="65407" namespace="0x01680000" />
        <service id="0x1b62" sid="7010" name="Maisha Magic" type="1" provider="Multichoice Africa" onid="878" tsid="65407" namespace="0x01680000" />
        <service id="0x1b5d" sid="7005" name="SLCT2" type="1" provider="MCK" onid="878" tsid="65407" namespace="0x01680000" />
        <service id="0x1b5a" sid="7002" name="Star TV Tanzania" type="1" provider="Multichoice Africa" onid="878" tsid="65407" namespace="0x01680000" />
        <service id="0x1b5b" sid="7003" name="SuperSport 9 East Africa" type="1" provider="Multichoice Africa" onid="878" tsid="65407" namespace="0x01680000" />
        <service id="0x1b60" sid="7008" name="Vuzu Amp" type="1" provider="Multichoice Africa" onid="878" tsid="65407" namespace="0x01680000" />
        <service id="0x1b61" sid="7009" name="Zee TV" type="1" provider="MCK" onid="878" tsid="65407" namespace="0x01680000" />
        <service id="0x1b63" sid="7011" name="ZeeW" type="1" provider="Multichoice Africa" onid="878" tsid="65407" namespace="0x01680000" />
        <service id="0x1b65" sid="7013" name="ZeeWP" type="1" provider="Multichoice Africa" onid="878" tsid="65407" namespace="0x01680000" />
      </transponder>
    </satellite>
    <satellite key="01680000:ff80:036e" name="Sat-36E" namespace="0x01680000" position="36">
      <transponder key="01680000:ff80:036e" frequency="11823000" symbol_rate="27500000" polarization="H" fec="3" system="0" modulation="0">
        <service id="0x0094" sid="148" name="Canal+ Cinema" type="1" provider="Multichoice Africa" onid="878" tsid="65408" namespace="0x01680000" />
        <service id="0x008d" sid="141" name="Cine+ Star" type="1" provider="Multichoice Africa" onid="878" tsid="65408" namespace="0x01680000" />
        <service id="0x008e" sid="142" name="France 2" type="1" provider="Multichoice Africa" onid="878" tsid="65408" namespace="0x01680000" />
        <service id="0x014b" sid="331" name="France 5" type="1" provider="Multichoice Africa" onid="878" tsid="65408" namespace="0x01680000" />
        <service id="0x0091" sid="145" name="Planète+" type="1" provider="Multichoice Africa" onid="878" tsid="65408" namespace="0x01680000" />
        <service id="0x0092" sid="146" name="RTL 9" type="1" provider="Multichoice Africa" onid="878" tsid="65408" namespace="0x01680000" />
        <service id="0x032d" sid="813" name="SIC International" type="1" provider="Multichoice Africa" onid="878" tsid="65408" namespace="0x01680000" />
        <service id="0x0093" sid="147" name="Syfy Africa" type="1" provider="Multichoice Africa" onid="878" tsid="65408" namespace="0x01680000" />
        <service id="0x032c" sid="812" name="TF 1" type="1" provider="Multichoice Africa" onid="878" tsid="65408" namespace="0x01680000" />
        <service id="0x032b" sid="811" name="TiJi" type="1" provider="Multichoice Africa" onid="878" tsid="65408" namespace="0x01680000" />
        <service id="0x0095" sid="149" name="Trace Urban" type="1" provider="Multichoice Africa" onid="878" tsid="65408" namespace="0x01680000" />
        <service id="0x032a" sid="810" name="TV Mundial" type="1" provider="Multichoice Africa" onid="878" tsid="65408" namespace="0x01680000" />
        <service id="0x0090" sid="144" name="Télétoon+" type="1" provider="Multichoice Africa" onid="878" tsid="65408" namespace="0x01680000" />
      </transponder>
    </satellite>
    <satellite key="01680000:ff81:036e" name="Sat-36E" namespace="0x01680000" position="36">
      <transponder key="01680000:ff81:036e" frequency="11958000" symbol_rate="27500000" polarization="V" fec="3" system="0" modulation="0">
        <service id="0x00ba" sid="186" name="Afro Music Channel" type="1" provider="Multichoice Africa" onid="878" tsid="65409" namespace="0x01680000" />
        <service id="0x00b7" sid="183" name="AMC Africa" type="1" provider="Multichoice Africa" onid="878" tsid="65409" namespace="0x01680000" />
        <service id="0x00bc" sid="188" name="DSTV Kids" type="1" provider="Multichoice Africa" onid="878" tsid="65409" namespace="0x01680000" />
        <service id="0x00b8" sid="184" name="JimJam EMEA" type="1" provider="Multichoice Africa" onid="878" tsid="65409" namespace="0x01680000" />
        <service id="0x038f" sid="911" name="LifeT" type="1" provider="Multichoice Africa" onid="878" tsid="65409" namespace="0x01680000" />
        <service id="0x038a" sid="906" name="MTV Portugal" type="1" provider="Multichoice Africa" onid="878" tsid="65409" namespace="0x01680000" />
        <service id="0x038b" sid="907" name="National Geographic Portugal" type="1" provider="Multichoice Africa" onid="878" tsid="65409" namespace="0x01680000" />
        <service id="0x00b5" sid="181" name="RTP Africa" type="1" provider="Multichoice Africa" onid="878" tsid="65409" namespace="0x01680000" />
        <service id="0x00bd" sid="189" name="SIC Noticias" type="1" provider="Multichoice Africa" onid="878" tsid="65409" namespace="0x01680000" />
        <service id="0x038c" sid="908" name="TeleM" type="1" provider="MCK" onid="878" tsid="65409" namespace="0x01680000" />
        <service id="0x038d" sid="909" name="TELEM" type="1" provider="Multichoice Africa" onid="878" tsid="65409" namespace="0x01680000" />
        <service id="0x00b9" sid="185" name="TToca" type="1" provider="Multichoice Africa" onid="878" tsid="65409" namespace="0x01680000" />
        <service id="0x00bb" sid="187" name="TV Globo" type="1" provider="Multichoice Africa" onid="878" tsid="65409" namespace="0x01680000" />
        <service id="0x00b6" sid="182" name="TV Record" type="1" provider="Multichoice Africa" onid="878" tsid="65409" namespace="0x01680000" />
      </transponder>
    </satellite>
    <satellite key="01680000:ff82:036e" name="Sat-36E" namespace="0x01680000" position="36">
      <transponder key="01680000:ff82:036e" frequency="11996000" symbol_rate="27500000" polarization="V" fec="3" system="0" modulation="0">
        <service id="0x03ec" sid="1004" name="AXN HD" type="25" provider="Multichoice Africa" onid="878" tsid="65410" namespace="0x01680000" />
        <service id="0x03e9" sid="1001" name="Discovery Channel HD Middle-East &amp; Africa" type="25" provider="Multichoice Africa" onid="878" tsid="65410" namespace="0x01680000" />
        <service id="0x03ea" sid="1002" name="Record África HD" type="25" provider="Multichoice Africa" onid="878" tsid="65410" namespace="0x01680000" />
        <service id="0x03ed" sid="1005" name="Studio Universal HD Africa" type="25" provider="Multichoice Africa" onid="878" tsid="65410" namespace="0x01680000" />
        <service id="0x03eb" sid="1003" name="TVCine HD" type="25" provider="Multichoice Africa" onid="878" tsid="65410" namespace="0x01680000" />
      </transponder>
    </satellite>
    <satellite key="01680000:ff83:036e" name="Sat-36E" namespace="0x01680000" position="36">
      <transponder key="01680000:ff83:036e" frequency="12073000" symbol_rate="27500000" polarization="V" fec="3" system="0" modulation="0">
        <service id="0x07d2" sid="2002" name="Afro Music Channel" type="1" provider="Multichoice Africa" onid="878" tsid="65411" namespace="0x01680000" />
        <service id="0x07d5" sid="2005" name="CCTV F" type="1" provider="Multichoice Africa" onid="878" tsid="65411" namespace="0x01680000" />
        <service id="0x07d4" sid="2004" name="Discovery World" type="1" provider="Multichoice Africa" onid="878" tsid="65411" namespace="0x01680000" />
        <service id="0x07dc" sid="2012" name="Dove" type="1" provider="Multichoice Africa" onid="878" tsid="65411" namespace="0x01680000" />
        <service id="0x07db" sid="2011" name="F2011" type="1" provider="Multichoice Africa" onid="878" tsid="65411" namespace="0x01680000" />
        <service id="0x07de" sid="2014" name="F2014" type="1" provider="MCK" onid="878" tsid="65411" namespace="0x01680000" />
        <service id="0x07da" sid="2010" name="F37" type="1" provider="MCK" onid="878" tsid="65411" namespace="0x01680000" />
        <service id="0x07d7" sid="2007" name="NBStv" type="1" provider="MCK" onid="878" tsid="65411" namespace="0x01680000" />
        <service id="0x07d6" sid="2006" name="Nick Toons Africa" type="1" provider="Multichoice Africa" onid="878" tsid="65411" namespace="0x01680000" />
        <service id="0x07dd" sid="2013" name="Odisseia" type="1" provider="Multichoice Africa" onid="878" tsid="65411" namespace="0x01680000" />
        <service id="0x07d8" sid="2008" name="PFC" type="1" provider="Multichoice Africa" onid="878" tsid="65411" namespace="0x01680000" />
        <service id="0x07d1" sid="2001" name="Plnca" type="1" provider="MCK" onid="878" tsid="65411" namespace="0x01680000" />
        <service id="0x07d3" sid="2003" name="QTV" type="1" provider="MCK" onid="878" tsid="65411" namespace="0x01680000" />
        <service id="0x07d9" sid="2009" name="TV 3 Ghana" type="1" provider="Multichoice Africa" onid="878" tsid="65411" namespace="0x01680000" />
      </transponder>
    </satellite>
    <satellite key="01680000:ff85:036e" name="Sat-36E" namespace="0x01680000" position="36">
      <transponder key="01680000:ff85:036e" frequency="12034000" symbol_rate="27500000" polarization="V" fec="3" system="0" modulation="0">
        <service id="0x00cd" sid="205" name="A&amp;E Spain &amp; Portugal" type="1" provider="Multichoice Africa" onid="878" tsid="65413" namespace="0x01680000" />
        <service id="0x051a" sid="1306" name="Bloomberg Europe" type="1" provider="Multichoice Africa" onid="878" tsid="65413" namespace="0x01680000" />
        <service id="0x00d0" sid="208" name="CCTV 9 Documentary" type="1" provider="Multichoice Africa" onid="878" tsid="65413" namespace="0x01680000" />
        <service id="0x00cc" sid="204" name="CNC World" type="1" provider="Multichoice Africa" onid="878" tsid="65413" namespace="0x01680000" />
        <service id="0x00cf" sid="207" name="EBC Ethiopia" type="1" provider="Multichoice Africa" onid="878" tsid="65413" namespace="0x01680000" />
        <service id="0x051f" sid="1311" name="EWTN Africa &amp; India" type="1" provider="Multichoice Africa" onid="878" tsid="65413" namespace="0x01680000" />
        <service id="0x051e" sid="1310" name="France 24 (in English)" type="1" provider="Multichoice Africa" onid="878" tsid="65413" namespace="0x01680000" />
        <service id="0x00ce" sid="206" name="History" type="1" provider="Multichoice Africa" onid="878" tsid="65413" namespace="0x01680000" />
        <service id="0x00cb" sid="203" name="JimJam EMEA" type="1" provider="Multichoice Africa" onid="878" tsid="65413" namespace="0x01680000" />
        <service id="0x051b" sid="1307" name="Kingdom Life Network" type="1" provider="Multichoice Africa" onid="878" tsid="65413" namespace="0x01680000" />
        <service id="0x051c" sid="1308" name="NDTV 24x7" type="1" provider="Multichoice Africa" onid="878" tsid="65413" namespace="0x01680000" />
        <service id="0x00d1" sid="209" name="Trace Sports" type="1" provider="Multichoice Africa" onid="878" tsid="65413" namespace="0x01680000" />
        <service id="0x051d" sid="1309" name="Vox Africa" type="1" provider="Multichoice Africa" onid="878" tsid="65413" namespace="0x01680000" />
      </transponder>
    </satellite>
    <satellite key="01680000:ff86:036e" name="Sat-36E" namespace="0x01680000" position="36">
      <transponder key="01680000:ff86:036e" frequency="11747000" symbol_rate="27500000" polarization="H" fec="3" system="0" modulation="0">
        <service id="0x057f" sid="1407" name="CNBC Africa" type="1" provider="Multichoice Africa" onid="878" tsid="65414" namespace="0x01680000" />
        <service id="0x00f7" sid="247" name="CNN International" type="1" provider="Multichoice Africa" onid="878" tsid="65414" namespace="0x01680000" />
        <service id="0x057e" sid="1406" name="Disney Junior Middle-East &amp; Africa" type="1" provider="MCK" onid="878" tsid="65414" namespace="0x01680000" />
        <service id="0x00f4" sid="244" name="Disney XD Middle-East &amp; Africa" type="1" provider="Multichoice Africa" onid="878" tsid="65414" namespace="0x01680000" />
        <service id="0x00f6" sid="246" name="ED" type="1" provider="Multichoice Africa" onid="878" tsid="65414" namespace="0x01680000" />
        <service id="0x057b" sid="1403" name="History" type="1" provider="MCK" onid="878" tsid="65414" namespace="0x01680000" />
        <service id="0x00f3" sid="243" name="M-Net Movies Action+" type="1" provider="Multichoice Africa" onid="878" tsid="65414" namespace="0x01680000" />
        <service id="0x00f8" sid="248" name="M-Net Movies Comedy" type="1" provider="Multichoice Africa" onid="878" tsid="65414" namespace="0x01680000" />
        <service id="0x057a" sid="1402" name="M-Net Movies Family" type="1" provider="Multichoice Africa" onid="878" tsid="65414" namespace="0x01680000" />
        <service id="0x00f5" sid="245" name="SET Africa" type="1" provider="Multichoice Africa" onid="878" tsid="65414" namespace="0x01680000" />
        <service id="0x00f9" sid="249" name="SS6 P" type="1" provider="MCK" onid="878" tsid="65414" namespace="0x01680000" />
        <service id="0x057c" sid="1404" name="SuperSport 6" type="1" provider="Multichoice Africa" onid="878" tsid="65414" namespace="0x01680000" />
        <service id="0x057d" sid="1405" name="VUZU" type="1" provider="Multichoice Africa" onid="878" tsid="65414" namespace="0x01680000" />
      </transponder>
    </satellite>
    <satellite key="01680000:ff87:036e" name="Sat-36E" namespace="0x01680000" position="36">
      <transponder key="01680000:ff87:036e" frequency="11881000" symbol_rate="27500000" polarization="V" fec="3" system="0" modulation="0">
        <service id="0x3aa2" sid="15010" name="AEW" type="1" provider="Multichoice Africa" onid="878" tsid="65415" namespace="0x01680000" />
        <service id="0x3a9b" sid="15003" name="Disney Junior Middle-East &amp; Africa" type="1" provider="Multichoice Africa" onid="878" tsid="65415" namespace="0x01680000" />
        <service id="0x3aa1" sid="15009" name="JLuxo" type="1" provider="Multichoice Africa" onid="878" tsid="65415" namespace="0x01680000" />
        <service id="0x3a9c" sid="15004" name="M-Net Movies Showcase" type="1" provider="Multichoice Africa" onid="878" tsid="65415" namespace="0x01680000" />
        <service id="0x3aa3" sid="15011" name="Max2P" type="1" provider="Multichoice Africa" onid="878" tsid="65415" namespace="0x01680000" />
        <service id="0x3a9a" sid="15002" name="Mindset Learn" type="1" provider="Multichoice Africa" onid="878" tsid="65415" namespace="0x01680000" />
        <service id="0x3a9f" sid="15007" name="Rhema Network| Sunday mornings" type="1" provider="Multichoice Africa" onid="878" tsid="65415" namespace="0x01680000" />
        <service id="0x3a9e" sid="15006" name="SuperSport MaXimo 2" type="1" provider="Multichoice Africa" onid="878" tsid="65415" namespace="0x01680000" />
        <service id="0x3a9d" sid="15005" name="TCM - Turner Classic Movies" type="1" provider="Multichoice Africa" onid="878" tsid="65415" namespace="0x01680000" />
        <service id="0x3aa0" sid="15008" name="The History Channel Africa" type="1" provider="Multichoice Africa" onid="878" tsid="65415" namespace="0x01680000" />
        <service id="0x3a99" sid="15001" name="TV Zimbo" type="1" provider="Multichoice Africa" onid="878" tsid="65415" namespace="0x01680000" />
      </transponder>
    </satellite>
    <satellite key="01680000:ff88:036e" name="Sat-36E" namespace="0x01680000" position="36">
      <transponder key="01680000:ff88:036e" frequency="11919000" symbol_rate="27500000" polarization="V" fec="2" system="0" modulation="0">
        <service id="0x011a" sid="282" name="M-Net HD" type="25" provider="Multichoice Africa" onid="878" tsid="65416" namespace="0x01680000" />
        <service id="0x011d" sid="285" name="M-Net Movies Premier HD" type="25" provider="Multichoice Africa" onid="878" tsid="65416" namespace="0x01680000" />
        <service id="0x067b" sid="1659" name="PVOD" type="25" provider="Multichoice Africa" onid="878" tsid="65416" namespace="0x01680000" />
        <service id="0x064a" sid="1610" name="SSHD3 P" type="25" provider="MCK" onid="878" tsid="65416" namespace="0x01680000" />
        <service id="0x011e" sid="286" name="SSHD6 P" type="25" provider="MCK" onid="878" tsid="65416" namespace="0x01680000" />
        <service id="0x011b" sid="283" name="SuperSport HD 3" type="25" provider="Multichoice Africa" onid="878" tsid="65416" namespace="0x01680000" />
        <service id="0x064b" sid="1611" name="SuperSport HD 3 Nigeria" type="25" provider="Multichoice Africa" onid="878" tsid="65416" namespace="0x01680000" />
        <service id="0x064c" sid="1612" name="SuperSport HD 5 Nigeria" type="25" provider="Multichoice Africa" onid="878" tsid="65416" namespace="0x01680000" />
        <service id="0x0119" sid="281" name="SuperSport HD 6" type="25" provider="Multichoice Africa" onid="878" tsid="65416" namespace="0x01680000" />
      </transponder>
    </satellite>
    <satellite key="01680000:ff89:036e" name="Sat-36E" namespace="0x01680000" position="36">
      <transponder key="01680000:ff89:036e" frequency="11804000" symbol_rate="27500000" polarization="V" fec="2" system="0" modulation="0">
        <service id="0x06bc" sid="1724" name="ODS VOD" type="25" provider="Multichoice Africa" onid="878" tsid="65417" namespace="0x01680000" />
        <service id="0x06af" sid="1711" name="SSHD5 P" type="25" provider="MCK" onid="878" tsid="65417" namespace="0x01680000" />
        <service id="0x06ae" sid="1710" name="SuperSport HD 5" type="25" provider="Multichoice Africa" onid="878" tsid="65417" namespace="0x01680000" />
      </transponder>
    </satellite>
    <satellite key="01680000:ff8a:036e" name="Sat-36E" namespace="0x01680000" position="36">
      <transponder key="01680000:ff8a:036e" frequency="11843000" symbol_rate="27500000" polarization="V" fec="3" system="0" modulation="0">
        <service id="0x02c9" sid="713" name="Africa Magic Showcase Africa" type="1" provider="Multichoice Africa" onid="878" tsid="65418" namespace="0x01680000" />
        <service id="0x02c8" sid="712" name="Africa Magic Urban Movies" type="1" provider="Multichoice Africa" onid="878" tsid="65418" namespace="0x01680000" />
        <service id="0x070b" sid="1803" name="Dish on TV promo" type="1" provider="Multichoice Africa" onid="878" tsid="65418" namespace="0x01680000" />
        <service id="0x02c5" sid="709" name="DSTV On Demand" type="1" provider="Multichoice Africa" onid="878" tsid="65418" namespace="0x01680000" />
        <service id="0x070a" sid="1802" name="E.TV" type="1" provider="Multichoice Africa" onid="878" tsid="65418" namespace="0x01680000" />
        <service id="0x02cb" sid="715" name="M360P" type="1" provider="MCK" onid="878" tsid="65418" namespace="0x01680000" />
        <service id="0x02c6" sid="710" name="Maisha Magic Swahili" type="1" provider="Multichoice Africa" onid="878" tsid="65418" namespace="0x01680000" />
        <service id="0x070f" sid="1807" name="Max 2" type="1" provider="Multichoice Africa" onid="878" tsid="65418" namespace="0x01680000" />
        <service id="0x02ca" sid="714" name="Max2P" type="1" provider="MCK" onid="878" tsid="65418" namespace="0x01680000" />
        <service id="0x070c" sid="1804" name="MShow" type="1" provider="Multichoice Africa" onid="878" tsid="65418" namespace="0x01680000" />
        <service id="0x02cc" sid="716" name="SlctP" type="1" provider="MCK" onid="878" tsid="65418" namespace="0x01680000" />
        <service id="0x02c7" sid="711" name="SuperSport Select" type="1" provider="Multichoice Africa" onid="878" tsid="65418" namespace="0x01680000" />
        <service id="0x070e" sid="1806" name="TBC 1" type="1" provider="Multichoice Africa" onid="878" tsid="65418" namespace="0x01680000" />
      </transponder>
    </satellite>
    <satellite key="01680000:ff8b:036e" name="Sat-36E" namespace="0x01680000" position="36">
      <transponder key="01680000:ff8b:036e" frequency="11766000" symbol_rate="27500000" polarization="V" fec="3" system="0" modulation="0">
        <service id="0x0132" sid="306" name="CBeebies" type="1" provider="Multichoice Africa" onid="878" tsid="65419" namespace="0x01680000" />
        <service id="0x0130" sid="304" name="CBS Action" type="1" provider="Multichoice Africa" onid="878" tsid="65419" namespace="0x01680000" />
        <service id="0x0131" sid="305" name="CBS Drama" type="1" provider="Multichoice Africa" onid="878" tsid="65419" namespace="0x01680000" />
        <service id="0x012f" sid="303" name="Comedy Central Africa" type="1" provider="Multichoice Africa" onid="878" tsid="65419" namespace="0x01680000" />
        <service id="0x030a" sid="778" name="Fox Africa" type="1" provider="Multichoice Africa" onid="878" tsid="65419" namespace="0x01680000" />
        <service id="0x076f" sid="1903" name="Investigation Discovery Africa" type="1" provider="Multichoice Africa" onid="878" tsid="65419" namespace="0x01680000" />
        <service id="0x0135" sid="309" name="Nickelodeon Africa" type="1" provider="Multichoice Africa" onid="878" tsid="65419" namespace="0x01680000" />
        <service id="0x0133" sid="307" name="SET Africa" type="1" provider="Multichoice Africa" onid="878" tsid="65419" namespace="0x01680000" />
        <service id="0x0134" sid="308" name="SET Max" type="1" provider="Multichoice Africa" onid="878" tsid="65419" namespace="0x01680000" />
        <service id="0x076e" sid="1902" name="Studio Universal Africa" type="1" provider="Multichoice Africa" onid="878" tsid="65419" namespace="0x01680000" />
        <service id="0x012e" sid="302" name="TLC Africa" type="1" provider="Multichoice Africa" onid="878" tsid="65419" namespace="0x01680000" />
        <service id="0x076d" sid="1901" name="Universal Channel South Africa" type="1" provider="Multichoice Africa" onid="878" tsid="65419" namespace="0x01680000" />
      </transponder>
    </satellite>
    <satellite key="01680000:ff8c:036e" name="Sat-36E" namespace="0x01680000" position="36">
      <transponder key="01680000:ff8c:036e" frequency="11727000" symbol_rate="27500000" polarization="V" fec="3" system="0" modulation="0">
        <service id="0x4e24" sid="20004" name="004" type="1" provider="Multichoice Africa" onid="878" tsid="65420" namespace="0x01680000" />
        <service id="0x4e25" sid="20005" name="Afro Music Channel" type="1" provider="Multichoice Africa" onid="878" tsid="65420" namespace="0x01680000" />
        <service id="0x4e27" sid="20007" name="Arise News" type="1" provider="MCK" onid="878" tsid="65420" namespace="0x01680000" />
        <service id="0x4e2a" sid="20010" name="CineM" type="1" provider="Multichoice Africa" onid="878" tsid="65420" namespace="0x01680000" />
        <service id="0x4e26" sid="20006" name="Disney Junior Portugal" type="1" provider="Multichoice Africa" onid="878" tsid="65420" namespace="0x01680000" />
        <service id="0x4e2b" sid="20011" name="DStv1" type="1" provider="MCK" onid="878" tsid="65420" namespace="0x01680000" />
        <service id="0x4e22" sid="20002" name="Ebony Life TV" type="1" provider="Multichoice Africa" onid="878" tsid="65420" namespace="0x01680000" />
        <service id="0x4e2c" sid="20012" name="Novel" type="1" provider="MCK" onid="878" tsid="65420" namespace="0x01680000" />
        <service id="0x4e28" sid="20008" name="Panda Biggs" type="1" provider="Multichoice Africa" onid="878" tsid="65420" namespace="0x01680000" />
        <service id="0x4e29" sid="20009" name="Ppoca" type="1" provider="MCK" onid="878" tsid="65420" namespace="0x01680000" />
        <service id="0x4e23" sid="20003" name="TCV Internacional" type="1" provider="Multichoice Africa" onid="878" tsid="65420" namespace="0x01680000" />
        <service id="0x4e21" sid="20001" name="TLN" type="1" provider="Multichoice Africa" onid="878" tsid="65420" namespace="0x01680000" />
      </transponder>
    </satellite>
    <satellite key="01680000:ffde:036e" name="Sat-36E" namespace="0x01680000" position="36">
      <transponder key="01680000:ffde:036e" frequency="11785000" symbol_rate="27500000" polarization="H" fec="3" system="0" modulation="0">
        <service id="0x0fa2" sid="4002" name="Afro Music Channel" type="1" provider="Multichoice Africa" onid="878" tsid="65502" namespace="0x01680000" />
        <service id="0x0fa8" sid="4008" name="BET on Jazz International" type="1" provider="Multichoice Africa" onid="878" tsid="65502" namespace="0x01680000" />
        <service id="0x0fa7" sid="4007" name="Bloomberg Europe" type="1" provider="Multichoice Africa" onid="878" tsid="65502" namespace="0x01680000" />
        <service id="0x0fa3" sid="4003" name="Canal+" type="1" provider="Multichoice Africa" onid="878" tsid="65502" namespace="0x01680000" />
        <service id="0x0fa1" sid="4001" name="Canal+ Sport" type="1" provider="Multichoice Africa" onid="878" tsid="65502" namespace="0x01680000" />
        <service id="0x0fa6" sid="4006" name="Ghana TV" type="1" provider="Multichoice Africa" onid="878" tsid="65502" namespace="0x01680000" />
        <service id="0x0fab" sid="4011" name="Islam Channel" type="1" provider="Multichoice Africa" onid="878" tsid="65502" namespace="0x01680000" />
        <service id="0x0fac" sid="4012" name="Lifetime Africa" type="1" provider="Multichoice Africa" onid="878" tsid="65502" namespace="0x01680000" />
        <service id="0x0fa4" sid="4004" name="NatGeo Wild" type="1" provider="Multichoice Africa" onid="878" tsid="65502" namespace="0x01680000" />
        <service id="0x0faf" sid="4015" name="NatGeo Wild" type="1" provider="Multichoice Africa" onid="878" tsid="65502" namespace="0x01680000" />
        <service id="0x0fa5" sid="4005" name="Nick Toons Africa" type="1" provider="Multichoice Africa" onid="878" tsid="65502" namespace="0x01680000" />
        <service id="0x0faa" sid="4010" name="Sound City Premium" type="1" provider="Multichoice Africa" onid="878" tsid="65502" namespace="0x01680000" />
        <service id="0x0fa9" sid="4009" name="Trace Sports" type="1" provider="Multichoice Africa" onid="878" tsid="65502" namespace="0x01680000" />
      </transponder>
    </satellite>
    <satellite key="01683022:ff7a:0001" name="Sat-36E" namespace="0x01683022" position="36">
      <transponder key="01683022:ff7a:0001" frequency="12322000" symbol_rate="23438000" polarization="H" fec="2" system="0" modulation="0">
        <service id="0x07d0" sid="2000" name="EBRU" type="1" provider="" onid="1" tsid="65402" namespace="0x01683022" />
        <service id="0x1f40" sid="8000" name="LoveWorld Plus" type="1" provider="DVB-Program1" onid="1" tsid="65402" namespace="0x01683022" />
        <service id="0x32c8" sid="13000" name="ORTC" type="1" provider="Scopus Network Technologies" onid="1" tsid="65402" namespace="0x01683022" />
        <service id="0x0009" sid="9" name="TRT Türk" type="1" provider="TRT" onid="1" tsid="65402" namespace="0x01683022" />
      </transponder>
    </satellite>
    <satellite key="01683098:ff7a:0001" name="Sat-36E" namespace="0x01683098" position="36">
      <transponder key="01683098:ff7a:0001" frequency="12440000" symbol_rate="23438000" polarization="H" fec="3" system="0" modulation="0">
        <service id="0x0a96" sid="2710" name="DRTV International" type="1" provider="TandbergTV" onid="1" tsid="65402" namespace="0x01683098" />
        <service id="0x07d0" sid="2000" name="EBRU" type="1" provider="" onid="1" tsid="65402" namespace="0x01683098" />
        <service id="0x0fa0" sid="4000" name="Golfe TV International" type="1" provider="Harmonic" onid="1" tsid="65402" namespace="0x01683098" />
        <service id="0x03e8" sid="1000" name="LCF - La Chaine du Futur" type="1" provider="Scopus Network Technologies" onid="1" tsid="65402" namespace="0x01683098" />
        <service id="0x1f40" sid="8000" name="LoveWorld Plus" type="1" provider="DVB-Program1" onid="1" tsid="65402" namespace="0x01683098" />
        <service id="0x0396" sid="918" name="OHTV" type="1" provider="OH-TV" onid="1" tsid="65402" namespace="0x01683098" />
        <service id="0x1b58" sid="7000" name="ORTB" type="1" provider="Scopus Network Technologies" onid="1" tsid="65402" namespace="0x01683098" />
        <service id="0x32c8" sid="13000" name="ORTC" type="1" provider="Scopus Network Technologies" onid="1" tsid="65402" namespace="0x01683098" />
        <service id="0x056c" sid="1388" name="RDV" type="1" provider="Scopus" onid="1" tsid="65402" namespace="0x01683098" />
      </transponder>
    </satellite>
    <satellite key="016830df:00b0:00b1" name="Sat-36E" namespace="0x016830df" position="36">
      <transponder key="016830df:00b0:00b1" frequency="12511000" symbol_rate="4340000" polarization="H" fec="1" system="0" modulation="0">
        <service id="0x0001" sid="1" name="Kazakh TV" type="1" provider="Kazteleradio" onid="177" tsid="176" namespace="0x016830df" />
      </transponder>
    </satellite>
    <satellite key="01683184:0001:ffff" name="Sat-36E" namespace="0x01683184" position="36">
      <transponder key="01683184:0001:ffff" frequency="12676000" symbol_rate="2200000" polarization="H" fec="3" system="0" modulation="0">
        <service id="0x0001" sid="1" name="RBG" type="1" provider="EricssonTV" onid="65535" tsid="1" namespace="0x01683184" />
      </transponder>
    </satellite>
    <satellite key="01683192:0001:ffff" name="Sat-36E" namespace="0x01683192" position="36">
      <transponder key="01683192:0001:ffff" frequency="12690000" symbol_rate="1450000" polarization="H" fec="4" system="0" modulation="0">
        <service id="0x0001" sid="1" name="Dewan Al Arab" type="1" provider="Dewan" onid="65535" tsid="1" namespace="0x01683192" />
      </transponder>
    </satellite>
    <satellite key="0168ace3:0001:ffff" name="Sat-36E" namespace="0x0168ace3" position="36">
      <transponder key="0168ace3:0001:ffff" frequency="11491000" symbol_rate="2200000" polarization="V" fec="4" system="0" modulation="0">
        <service id="0x0001" sid="1" name="Al Mayadeen" type="25" provider="TandbergTV" onid="65535" tsid="1" namespace="0x0168ace3" />
      </transponder>
    </satellite>
    <satellite key="0168adac:ffff:ffff" name="Sat-36E" namespace="0x0168adac" position="36">
      <transponder key="0168adac:ffff:ffff" frequency="11692000" symbol_rate="1555000" polarization="V" fec="4" system="0" modulation="0">
        <service id="0x0001" sid="1" name="STV – Soico Televisão" type="25" provider="" onid="65535" tsid="65535" namespace="0x0168adac" />
      </transponder>
    </satellite>
    <satellite key="0168b0e8:0001:ffff" name="Sat-36E" namespace="0x0168b0e8" position="36">
      <transponder key="0168b0e8:0001:ffff" frequency="12520000" symbol_rate="1428000" polarization="V" fec="4" system="0" modulation="0">
        <service id="0x0001" sid="1" name="Al Masar" type="25" provider="ALMasar" onid="65535" tsid="1" namespace="0x0168b0e8" />
      </transponder>
    </satellite>
    <satellite key="0168b0fd:0001:ffff" name="Sat-36E" namespace="0x0168b0fd" position="36">
      <transponder key="0168b0fd:0001:ffff" frequency="12541000" symbol_rate="2222000" polarization="V" fec="3" system="0" modulation="0">
        <service id="0x0004" sid="4" name="CNC World" type="1" provider="TandbergTV" onid="65535" tsid="1" namespace="0x0168b0fd" />
      </transponder>
    </satellite>
    <satellite key="0168b11d:0001:ffff" name="Sat-36E" namespace="0x0168b11d" position="36">
      <transponder key="0168b11d:0001:ffff" frequency="12573000" symbol_rate="1785000" polarization="V" fec="3" system="0" modulation="0">
        <service id="0x0001" sid="1" name="Al Etejah TV" type="25" provider="AL_ETEJAH TV" onid="65535" tsid="1" namespace="0x0168b11d" />
      </transponder>
    </satellite>
    <satellite key="0168b191:0001:ffff" name="Sat-36E" namespace="0x0168b191" position="36">
      <transponder key="0168b191:0001:ffff" frequency="12689000" symbol_rate="2170000" polarization="V" fec="3" system="0" modulation="0">
        <service id="0x0001" sid="1" name="Scope TV" type="1" provider="TandbergTV" onid="65535" tsid="1" namespace="0x0168b191" />
      </transponder>
    </satellite>
    <satellite key="0168b1a5:0001:ffff" name="Sat-36E" namespace="0x0168b1a5" position="36">
      <transponder key="0168b1a5:0001:ffff" frequency="12709000" symbol_rate="2500000" polarization="V" fec="5" system="0" modulation="0">
        <service id="0x0001" sid="1" name="Al Iraqiya 3 Sports" type="1" provider="AIWTHEKATV" onid="65535" tsid="1" namespace="0x0168b1a5" />
      </transponder>
    </satellite>
    <satellite key="0168b1ab:0001:0001" name="Sat-36E" namespace="0x0168b1ab" position="36">
      <transponder key="0168b1ab:0001:0001" frequency="12715000" symbol_rate="1800000" polarization="V" fec="5" system="0" modulation="0">
        <service id="0x0001" sid="1" name="Türkmen TV" type="1" provider="Service Provider" onid="1" tsid="1" namespace="0x0168b1ab" />
      </transponder>
    </satellite>
  </satellites>
</zapit>
