<?xml version='1.0' encoding='utf-8'?>
<zapit>
  <bouquet name="General" category="tv">
    <channel service_ref="1:0:1:002b:0001:0001:001e3106:0:0:0:" name="2M MENA" service_name="2M MENA" provider="2M" sid="43" onid="1" tsid="1" />
    <channel service_ref="1:0:1:002a:0001:0001:001e3106:0:0:0:" name="2M Monde" service_name="2M Monde" provider="2M" sid="42" onid="1" tsid="1" />
    <channel service_ref="1:0:1:0029:0001:0001:001e3106:0:0:0:" name="2M National" service_name="2M National" provider="2M" sid="41" onid="1" tsid="1" />
    <channel service_ref="1:0:1:0006:0001:ffff:001e2d54:0:0:0:" name="ALALAM service" service_name="ALALAM service" provider="Service Provider" sid="6" onid="65535" tsid="1" />
    <channel service_ref="1:0:1:0002:0001:ffff:001ead92:0:0:0:" name="ALNAEEM TV HD" service_name="ALNAEEM TV HD" provider="DTVi" sid="2" onid="65535" tsid="1" />
    <channel service_ref="1:0:1:0028:0064:212c:001e0000:0:0:0:" name="ALPHA" service_name="ALPHA" provider="DIGEA" sid="40" onid="8492" tsid="100" />
    <channel service_ref="1:0:1:012c:0064:212c:001e0000:0:0:0:" name="ANT1" service_name="ANT1" provider="DIGEA" sid="300" onid="8492" tsid="100" />
    <channel service_ref="1:0:1:0001:0001:ffff:001e30de:0:0:0:" name="HD TEST" service_name="HD TEST" provider="Service Provider" sid="1" onid="65535" tsid="1" />
    <channel service_ref="1:0:1:0001:0001:ffff:001e2d54:0:0:0:" name="Hispa ntv Service" service_name="Hispa ntv Service" provider="Service Provider" sid="1" onid="65535" tsid="1" />
    <channel service_ref="1:0:1:0028:0001:ffff:001e2d54:0:0:0:" name="IFILM ARABIC" service_name="IFILM ARABIC" provider="Service Provider" sid="40" onid="65535" tsid="1" />
    <channel service_ref="1:0:1:0005:0001:ffff:001e2d54:0:0:0:" name="IFILM2" service_name="IFILM2" provider="Service Provider" sid="5" onid="65535" tsid="1" />
    <channel service_ref="1:0:1:0002:0001:ffff:001e2d54:0:0:0:" name="IFILMServices." service_name="IFILMServices." provider="Service Provider" sid="2" onid="65535" tsid="1" />
    <channel service_ref="1:0:1:00be:0066:212c:001e0000:0:0:0:" name="M.tv" service_name="M.tv" provider="DIGEA" sid="190" onid="8492" tsid="102" />
    <channel service_ref="1:0:1:0001:0001:0001:001e2d8c:0:0:0:" name="misk" service_name="misk" provider="Net 1" sid="1" onid="1" tsid="1" />
    <channel service_ref="1:0:1:0001:0001:0001:001eb120:0:0:0:" name="Nessma" service_name="Nessma" provider="Net 1" sid="1" onid="1" tsid="1" />
    <channel service_ref="1:0:1:008c:0064:212c:001e0000:0:0:0:" name="OPEN BEYOND" service_name="OPEN BEYOND" provider="DIGEA" sid="140" onid="8492" tsid="100" />
    <channel service_ref="1:0:1:0004:0001:ffff:001e2d54:0:0:0:" name="Prees TV" service_name="Prees TV" provider="Service Provider" sid="4" onid="65535" tsid="1" />
    <channel service_ref="1:0:1:002c:0001:0001:001e3106:0:0:0:" name="Radio 2M" service_name="Radio 2M" provider="2M" sid="44" onid="1" tsid="1" />
    <channel service_ref="1:0:22:0001:0000:0064:001e0000:0:0:0:" name="sama tv" service_name="sama tv" provider="sama" sid="1" onid="100" tsid="0" />
    <channel service_ref="1:0:1:0041:0001:0001:001ead78:0:0:0:" name="Samarra TV Service" service_name="Samarra TV Service" provider="TV-Provider" sid="65" onid="1" tsid="1" />
    <channel service_ref="1:0:1:0066:0066:212c:001e0000:0:0:0:" name="SKAI" service_name="SKAI" provider="DIGEA" sid="102" onid="8492" tsid="102" />
    <channel service_ref="1:0:1:02bc:0066:212c:001e0000:0:0:0:" name="STAR" service_name="STAR" provider="DIGEA" sid="700" onid="8492" tsid="102" />
    <channel service_ref="1:0:1:0003:0001:ffff:001e2d54:0:0:0:" name="SYRIA" service_name="SYRIA" provider="Service Provider" sid="3" onid="65535" tsid="1" />
    <channel service_ref="1:0:1:0002:0001:ffff:001e2cc4:0:0:0:" name="SYRIA NEWS" service_name="SYRIA NEWS" provider="Service Provider" sid="2" onid="65535" tsid="1" />
    <channel service_ref="1:0:1:0001:0001:ffff:001e2cd0:0:0:0:" name="SYRIA TV" service_name="SYRIA TV" provider="TandbergTV" sid="1" onid="65535" tsid="1" />
    <channel service_ref="1:0:1:0001:0000:0000:001e2d95:0:0:0:" name="TV HD" service_name="TV HD" provider="none" sid="1" onid="0" tsid="0" />
    <channel service_ref="1:0:1:0002:0000:0000:001e2d95:0:0:0:" name="TV1" service_name="TV1" provider="" sid="2" onid="0" tsid="0" />
    <channel service_ref="1:0:1:0003:0000:0000:001e2d95:0:0:0:" name="TV3" service_name="TV3" provider="" sid="3" onid="0" tsid="0" />
    <channel service_ref="1:0:1:0001:0001:0001:001e31c1:0:0:0:" name="Zadruga" service_name="Zadruga" provider="Pink" sid="1" onid="1" tsid="1" />
  </bouquet>
  <bouquet name="Movies" category="tv">
    <channel service_ref="1:0:1:0028:0001:ffff:001e2d54:0:0:0:" name="IFILM ARABIC" service_name="IFILM ARABIC" provider="Service Provider" sid="40" onid="65535" tsid="1" />
    <channel service_ref="1:0:1:0005:0001:ffff:001e2d54:0:0:0:" name="IFILM2" service_name="IFILM2" provider="Service Provider" sid="5" onid="65535" tsid="1" />
    <channel service_ref="1:0:1:0002:0001:ffff:001e2d54:0:0:0:" name="IFILMServices." service_name="IFILMServices." provider="Service Provider" sid="2" onid="65535" tsid="1" />
  </bouquet>
  <bouquet name="News" category="tv">
    <channel service_ref="1:0:1:0002:0001:ffff:001e2cc4:0:0:0:" name="SYRIA NEWS" service_name="SYRIA NEWS" provider="Service Provider" sid="2" onid="65535" tsid="1" />
  </bouquet>
  <bouquet name="RTL" category="tv">
    <channel service_ref="1:0:1:0001:0001:ffff:001e2d54:0:0:0:" name="Hispa ntv Service" service_name="Hispa ntv Service" provider="Service Provider" sid="1" onid="65535" tsid="1" />
  </bouquet>
  <bouquet name="Switzerland" category="tv">
    <channel service_ref="1:0:1:0003:0000:0000:001e2d95:0:0:0:" name="TV3" service_name="TV3" provider="" sid="3" onid="0" tsid="0" />
  </bouquet>
  <bouquet name="Resolution - HD" category="tv">
    <channel service_ref="1:0:1:0002:0001:ffff:001ead92:0:0:0:" name="ALNAEEM TV HD" service_name="ALNAEEM TV HD" provider="DTVi" sid="2" onid="65535" tsid="1" />
    <channel service_ref="1:0:1:0001:0001:ffff:001e30de:0:0:0:" name="HD TEST" service_name="HD TEST" provider="Service Provider" sid="1" onid="65535" tsid="1" />
    <channel service_ref="1:0:1:0001:0000:0000:001e2d95:0:0:0:" name="TV HD" service_name="TV HD" provider="none" sid="1" onid="0" tsid="0" />
  </bouquet>
  <bouquet name="Others" category="tv">
    <channel service_ref="1:0:1:002b:0001:0001:001e3106:0:0:0:" name="2M MENA" service_name="2M MENA" provider="2M" sid="43" onid="1" tsid="1" />
    <channel service_ref="1:0:1:002a:0001:0001:001e3106:0:0:0:" name="2M Monde" service_name="2M Monde" provider="2M" sid="42" onid="1" tsid="1" />
    <channel service_ref="1:0:1:0029:0001:0001:001e3106:0:0:0:" name="2M National" service_name="2M National" provider="2M" sid="41" onid="1" tsid="1" />
    <channel service_ref="1:0:1:0006:0001:ffff:001e2d54:0:0:0:" name="ALALAM service" service_name="ALALAM service" provider="Service Provider" sid="6" onid="65535" tsid="1" />
    <channel service_ref="1:0:1:0002:0001:ffff:001ead92:0:0:0:" name="ALNAEEM TV HD" service_name="ALNAEEM TV HD" provider="DTVi" sid="2" onid="65535" tsid="1" />
    <channel service_ref="1:0:1:0028:0064:212c:001e0000:0:0:0:" name="ALPHA" service_name="ALPHA" provider="DIGEA" sid="40" onid="8492" tsid="100" />
    <channel service_ref="1:0:1:012c:0064:212c:001e0000:0:0:0:" name="ANT1" service_name="ANT1" provider="DIGEA" sid="300" onid="8492" tsid="100" />
    <channel service_ref="1:0:1:0001:0001:ffff:001e30de:0:0:0:" name="HD TEST" service_name="HD TEST" provider="Service Provider" sid="1" onid="65535" tsid="1" />
    <channel service_ref="1:0:1:00be:0066:212c:001e0000:0:0:0:" name="M.tv" service_name="M.tv" provider="DIGEA" sid="190" onid="8492" tsid="102" />
    <channel service_ref="1:0:1:0001:0001:0001:001e2d8c:0:0:0:" name="misk" service_name="misk" provider="Net 1" sid="1" onid="1" tsid="1" />
    <channel service_ref="1:0:1:0001:0001:0001:001eb120:0:0:0:" name="Nessma" service_name="Nessma" provider="Net 1" sid="1" onid="1" tsid="1" />
    <channel service_ref="1:0:1:008c:0064:212c:001e0000:0:0:0:" name="OPEN BEYOND" service_name="OPEN BEYOND" provider="DIGEA" sid="140" onid="8492" tsid="100" />
    <channel service_ref="1:0:1:0004:0001:ffff:001e2d54:0:0:0:" name="Prees TV" service_name="Prees TV" provider="Service Provider" sid="4" onid="65535" tsid="1" />
    <channel service_ref="1:0:1:002c:0001:0001:001e3106:0:0:0:" name="Radio 2M" service_name="Radio 2M" provider="2M" sid="44" onid="1" tsid="1" />
    <channel service_ref="1:0:22:0001:0000:0064:001e0000:0:0:0:" name="sama tv" service_name="sama tv" provider="sama" sid="1" onid="100" tsid="0" />
    <channel service_ref="1:0:1:0041:0001:0001:001ead78:0:0:0:" name="Samarra TV Service" service_name="Samarra TV Service" provider="TV-Provider" sid="65" onid="1" tsid="1" />
    <channel service_ref="1:0:1:0066:0066:212c:001e0000:0:0:0:" name="SKAI" service_name="SKAI" provider="DIGEA" sid="102" onid="8492" tsid="102" />
    <channel service_ref="1:0:1:02bc:0066:212c:001e0000:0:0:0:" name="STAR" service_name="STAR" provider="DIGEA" sid="700" onid="8492" tsid="102" />
    <channel service_ref="1:0:1:0003:0001:ffff:001e2d54:0:0:0:" name="SYRIA" service_name="SYRIA" provider="Service Provider" sid="3" onid="65535" tsid="1" />
    <channel service_ref="1:0:1:0001:0001:ffff:001e2cd0:0:0:0:" name="SYRIA TV" service_name="SYRIA TV" provider="TandbergTV" sid="1" onid="65535" tsid="1" />
    <channel service_ref="1:0:1:0001:0000:0000:001e2d95:0:0:0:" name="TV HD" service_name="TV HD" provider="none" sid="1" onid="0" tsid="0" />
    <channel service_ref="1:0:1:0002:0000:0000:001e2d95:0:0:0:" name="TV1" service_name="TV1" provider="" sid="2" onid="0" tsid="0" />
    <channel service_ref="1:0:1:0001:0001:0001:001e31c1:0:0:0:" name="Zadruga" service_name="Zadruga" provider="Pink" sid="1" onid="1" tsid="1" />
  </bouquet>
  <bouquet name="Radio" category="radio">
    <channel service_ref="1:0:2:062d:0001:ffff:001e2d54:0:0:0:" name="RADIO 01 WORLD SERVICE" service_name="RADIO 01 WORLD SERVICE" provider="Service Provider" sid="1581" onid="65535" tsid="1" />
    <channel service_ref="1:0:2:062e:0001:ffff:001e2d54:0:0:0:" name="RADIO 02 WORLD SERVICE" service_name="RADIO 02 WORLD SERVICE" provider="Service Provider" sid="1582" onid="65535" tsid="1" />
    <channel service_ref="1:0:2:061e:0001:ffff:001e2d54:0:0:0:" name="RADIO 03 WORLD SERVICE" service_name="RADIO 03 WORLD SERVICE" provider="Service Provider" sid="1566" onid="65535" tsid="1" />
    <channel service_ref="1:0:2:0114:0001:ffff:001e2d54:0:0:0:" name="RADIO 04 WORLD SERVICE" service_name="RADIO 04 WORLD SERVICE" provider="Service Provider" sid="276" onid="65535" tsid="1" />
    <channel service_ref="1:0:2:0115:0001:ffff:001e2d54:0:0:0:" name="RADIO 05 WORLD SERVICE" service_name="RADIO 05 WORLD SERVICE" provider="Service Provider" sid="277" onid="65535" tsid="1" />
    <channel service_ref="1:0:2:0116:0001:ffff:001e2d54:0:0:0:" name="RADIO 06 WORLD SERVICE" service_name="RADIO 06 WORLD SERVICE" provider="Service Provider" sid="278" onid="65535" tsid="1" />
    <channel service_ref="1:0:2:061c:0001:ffff:001e2d54:0:0:0:" name="RADIO 07 WORLD SERVICE" service_name="RADIO 07 WORLD SERVICE" provider="Service Provider" sid="1564" onid="65535" tsid="1" />
  </bouquet>
</zapit>
