<?xml version='1.0' encoding='utf-8'?>
<zapit api="4">
  <satellites>
    <satellite key="020d0000:000e:020d" name="Sat-52.5E" namespace="0x020d0000" position="52.5">
      <transponder key="020d0000:000e:020d" frequency="11976000" symbol_rate="27500000" polarization="H" fec="6" system="0" modulation="0">
        <service id="0x001d" sid="29" name="BBC Arabic" type="1" provider="Harmonic" onid="525" tsid="14" namespace="0x020d0000" />
        <service id="0x14ca" sid="5322" name="Rotana Aflam + HD" type="1" provider="" onid="525" tsid="14" namespace="0x020d0000" />
        <service id="0x14c9" sid="5321" name="Rotana HD +" type="1" provider="" onid="525" tsid="14" namespace="0x020d0000" />
        <service id="0x14cb" sid="5323" name="Rotana M +" type="1" provider="Nilesat" onid="525" tsid="14" namespace="0x020d0000" />
        <service id="0x14c6" sid="5318" name="RT Arabic HD" type="1" provider="Yahlive 1" onid="525" tsid="14" namespace="0x020d0000" />
        <service id="0x14c8" sid="5320" name="RT France HD" type="1" provider="yahlive1" onid="525" tsid="14" namespace="0x020d0000" />
      </transponder>
    </satellite>
  </satellites>
</zapit>
