<?xml version='1.0' encoding='utf-8'?>
<zapit api="4">
  <satellites>
    <satellite key="02943139:0001:0001" name="Sat-66E" namespace="0x02943139" position="66">
      <transponder key="02943139:0001:0001" frequency="12601000" symbol_rate="2000000" polarization="H" fec="4" system="0" modulation="0">
        <service id="0x002d" sid="45" name="107.8" type="2" provider="CONNECTO.TV" onid="1" tsid="1" namespace="0x02943139" radio="1" />
        <service id="0x003d" sid="61" name="Avtoradio 0" type="2" provider="CONNECTO.TV" onid="1" tsid="1" namespace="0x02943139" radio="1" />
        <service id="0x001c" sid="28" name="Avtoradio 2" type="2" provider="CONNECTO.TV" onid="1" tsid="1" namespace="0x02943139" radio="1" />
        <service id="0x003e" sid="62" name="Avtoradio 4" type="2" provider="CONNECTO.TV" onid="1" tsid="1" namespace="0x02943139" radio="1" />
        <service id="0x003f" sid="63" name="Avtoradio 7" type="2" provider="CONNECTO.TV" onid="1" tsid="1" namespace="0x02943139" radio="1" />
        <service id="0x002c" sid="44" name="Avtoradio Piter" type="2" provider="CONNECTO.TV" onid="1" tsid="1" namespace="0x02943139" radio="1" />
        <service id="0x002f" sid="47" name="Business" type="2" provider="CONNECTO.TV" onid="1" tsid="1" namespace="0x02943139" radio="1" />
        <service id="0x003c" sid="60" name="Energy_M2" type="2" provider="CONNECTO.TV" onid="1" tsid="1" namespace="0x02943139" radio="1" />
        <service id="0x002e" sid="46" name="Energy_M4" type="2" provider="CONNECTO.TV" onid="1" tsid="1" namespace="0x02943139" radio="1" />
        <service id="0x002b" sid="43" name="Humor 2" type="2" provider="CONNECTO.TV" onid="1" tsid="1" namespace="0x02943139" radio="1" />
        <service id="0x001d" sid="29" name="Humor 4" type="2" provider="CONNECTO.TV" onid="1" tsid="1" namespace="0x02943139" radio="1" />
        <service id="0x002a" sid="42" name="Humor 7" type="2" provider="CONNECTO.TV" onid="1" tsid="1" namespace="0x02943139" radio="1" />
        <service id="0x019f" sid="415" name="Radio Kniga" type="2" provider="CONNECTO.TV" onid="1" tsid="1" namespace="0x02943139" radio="1" />
      </transponder>
    </satellite>
    <satellite key="0294ab5a:0001:0001" name="Sat-66E" namespace="0x0294ab5a" position="66">
      <transponder key="0294ab5a:0001:0001" frequency="11098000" symbol_rate="400000" polarization="V" fec="3" system="0" modulation="0">
        <service id="0x0005" sid="5" name="GORRAN RADIO" type="2" provider="SKYMEDIA BROADCAST" onid="1" tsid="1" namespace="0x0294ab5a" radio="1" />
        <service id="0x0008" sid="8" name="NAWA ARABIC" type="2" provider="SKYMEDIA BROADCAST" onid="1" tsid="1" namespace="0x0294ab5a" radio="1" />
        <service id="0x0006" sid="6" name="NAWA KURDISH" type="2" provider="SKYMEDIA BROADCAST" onid="1" tsid="1" namespace="0x0294ab5a" radio="1" />
        <service id="0x0007" sid="7" name="NAWA MUSIC" type="2" provider="SKYMEDIA BROADCAST" onid="1" tsid="1" namespace="0x0294ab5a" radio="1" />
      </transponder>
    </satellite>
    <satellite key="0294ab64:0001:0001" name="Sat-66E" namespace="0x0294ab64" position="66">
      <transponder key="0294ab64:0001:0001" frequency="11108000" symbol_rate="2000000" polarization="V" fec="1" system="0" modulation="0">
        <service id="0x0005" sid="5" name="GORRAN RADIO" type="2" provider="SKYMEDIA BROADCAST" onid="1" tsid="1" namespace="0x0294ab64" radio="1" />
        <service id="0x0008" sid="8" name="NAWA ARABIC" type="2" provider="SKYMEDIA BROADCAST" onid="1" tsid="1" namespace="0x0294ab64" radio="1" />
        <service id="0x0006" sid="6" name="NAWA KURDISH" type="2" provider="SKYMEDIA BROADCAST" onid="1" tsid="1" namespace="0x0294ab64" radio="1" />
        <service id="0x0007" sid="7" name="NAWA MUSIC" type="2" provider="SKYMEDIA BROADCAST" onid="1" tsid="1" namespace="0x0294ab64" radio="1" />
      </transponder>
    </satellite>
  </satellites>
</zapit>
