<?xml version='1.0' encoding='utf-8'?>
<zapit api="4">
  <satellites>
    <satellite key="00eb0000:000a:002c" name="Astra-23.5E" namespace="0x00eb0000" position="23.5">
      <transponder key="00eb0000:000a:002c" frequency="12285000" symbol_rate="30000000" polarization="V" fec="2" system="0" modulation="0">
        <service id="0x0006" sid="6" name="TECT6" type="22" provider="" onid="44" tsid="10" namespace="0x00eb0000" />
        <service id="0x0001" sid="1" name="Армія ТБ" type="22" provider="" onid="44" tsid="10" namespace="0x00eb0000" />
        <service id="0x0003" sid="3" name="Мегого Спорт ТЕСТ" type="22" provider="" onid="44" tsid="10" namespace="0x00eb0000" />
        <service id="0x0004" sid="4" name="Ми-Україна" type="25" provider="" onid="44" tsid="10" namespace="0x00eb0000" />
        <service id="0x0009" sid="9" name="Перший" type="22" provider="" onid="44" tsid="10" namespace="0x00eb0000" />
        <service id="0x0002" sid="2" name="Рада" type="25" provider="" onid="44" tsid="10" namespace="0x00eb0000" />
        <service id="0x000a" sid="10" name="ТЕСТ10" type="22" provider="" onid="44" tsid="10" namespace="0x00eb0000" />
        <service id="0x000b" sid="11" name="ТЕСТ11" type="22" provider="" onid="44" tsid="10" namespace="0x00eb0000" />
        <service id="0x000c" sid="12" name="ТЕСТ12" type="22" provider="" onid="44" tsid="10" namespace="0x00eb0000" />
        <service id="0x0005" sid="5" name="ТЕСТ5" type="22" provider="" onid="44" tsid="10" namespace="0x00eb0000" />
        <service id="0x0007" sid="7" name="ТЕСТ7" type="22" provider="" onid="44" tsid="10" namespace="0x00eb0000" />
        <service id="0x0008" sid="8" name="ТЕСТ8" type="25" provider="" onid="44" tsid="10" namespace="0x00eb0000" />
      </transponder>
    </satellite>
    <satellite key="00eb0000:000c:002c" name="Astra-23.5E" namespace="0x00eb0000" position="23.5">
      <transponder key="00eb0000:000c:002c" frequency="12285000" symbol_rate="30000000" polarization="V" fec="2" system="0" modulation="0">
        <service id="0x0001" sid="1" name="DSNS Informed" type="22" provider="BRT" onid="44" tsid="12" namespace="0x00eb0000" />
        <service id="0x0002" sid="2" name="DSNS Informed" type="22" provider="BRT" onid="44" tsid="12" namespace="0x00eb0000" />
        <service id="0x0003" sid="3" name="DSNS Informed" type="22" provider="BRT" onid="44" tsid="12" namespace="0x00eb0000" />
        <service id="0x0004" sid="4" name="DSNS Informed" type="22" provider="BRT" onid="44" tsid="12" namespace="0x00eb0000" />
        <service id="0x0005" sid="5" name="DSNS Informed" type="22" provider="BRT" onid="44" tsid="12" namespace="0x00eb0000" />
        <service id="0x0006" sid="6" name="DSNS Informed" type="22" provider="BRT" onid="44" tsid="12" namespace="0x00eb0000" />
        <service id="0x0007" sid="7" name="DSNS Informed" type="22" provider="BRT" onid="44" tsid="12" namespace="0x00eb0000" />
        <service id="0x0008" sid="8" name="DSNS Informed" type="22" provider="BRT" onid="44" tsid="12" namespace="0x00eb0000" />
        <service id="0x0009" sid="9" name="DSNS Informed" type="22" provider="BRT" onid="44" tsid="12" namespace="0x00eb0000" />
        <service id="0x000a" sid="10" name="DSNS Informed" type="22" provider="BRT" onid="44" tsid="12" namespace="0x00eb0000" />
        <service id="0x000b" sid="11" name="DSNS Informed" type="22" provider="BRT" onid="44" tsid="12" namespace="0x00eb0000" />
        <service id="0x000c" sid="12" name="DSNS Informed" type="22" provider="BRT" onid="44" tsid="12" namespace="0x00eb0000" />
      </transponder>
    </satellite>
    <satellite key="00eb0000:0c82:0003" name="Astra-23.5E" namespace="0x00eb0000" position="23.5">
      <transponder key="00eb0000:0c82:0003" frequency="11739000" symbol_rate="29900000" polarization="V" fec="3" system="0" modulation="0">
        <service id="0x17cf" sid="6095" name="CANAL+ Action" type="25" provider="M7 Group" onid="3" tsid="3202" namespace="0x00eb0000" />
        <service id="0x17e0" sid="6112" name="CD Infokanaal" type="22" provider="M7 Group" onid="3" tsid="3202" namespace="0x00eb0000" />
        <service id="0x17b1" sid="6065" name="Disney Channel" type="22" provider="M7 Group" onid="3" tsid="3202" namespace="0x00eb0000" />
        <service id="0x17b4" sid="6068" name="ESPN 4 HD" type="25" provider="M7 Group" onid="3" tsid="3202" namespace="0x00eb0000" />
        <service id="0x17cc" sid="6092" name="ESPN HD" type="25" provider="M7 Group" onid="3" tsid="3202" namespace="0x00eb0000" />
        <service id="0x17ea" sid="6122" name="FIGHTBOX" type="22" provider="M7 Group" onid="3" tsid="3202" namespace="0x00eb0000" />
        <service id="0x17ce" sid="6094" name="Filmbox NL HD" type="25" provider="M7 Group" onid="3" tsid="3202" namespace="0x00eb0000" />
        <service id="0x17e3" sid="6115" name="HirTV" type="22" provider="M7 Group" onid="3" tsid="3202" namespace="0x00eb0000" />
        <service id="0x17e5" sid="6117" name="M1" type="22" provider="M7 Group" onid="3" tsid="3202" namespace="0x00eb0000" />
        <service id="0x17e6" sid="6118" name="M2 / Petofi" type="22" provider="M7 Group" onid="3" tsid="3202" namespace="0x00eb0000" />
        <service id="0x17e7" sid="6119" name="M4" type="22" provider="M7 Group" onid="3" tsid="3202" namespace="0x00eb0000" />
        <service id="0x02ce" sid="718" name="Mezzo" type="22" provider="M7 Group" onid="3" tsid="3202" namespace="0x00eb0000" />
        <service id="0x17c0" sid="6080" name="NPO2 HD" type="25" provider="M7 Group" onid="3" tsid="3202" namespace="0x00eb0000" />
        <service id="0x17b3" sid="6067" name="ONS" type="22" provider="M7 Group" onid="3" tsid="3202" namespace="0x00eb0000" />
        <service id="0x17e8" sid="6120" name="RTL" type="22" provider="M7 Group" onid="3" tsid="3202" namespace="0x00eb0000" />
        <service id="0x17ca" sid="6090" name="SBS6 HD" type="25" provider="M7 Group" onid="3" tsid="3202" namespace="0x00eb0000" />
        <service id="0x178e" sid="6030" name="Star Channel" type="22" provider="M7 Group" onid="3" tsid="3202" namespace="0x00eb0000" />
        <service id="0x17ae" sid="6062" name="Travel XP" type="22" provider="M7 Group" onid="3" tsid="3202" namespace="0x00eb0000" />
        <service id="0x17af" sid="6063" name="Travel XP BNL" type="22" provider="M7 Group" onid="3" tsid="3202" namespace="0x00eb0000" />
        <service id="0x17e9" sid="6121" name="TV2" type="22" provider="M7 Group" onid="3" tsid="3202" namespace="0x00eb0000" />
        <service id="0x17e1" sid="6113" name="TVV Infokanaal" type="22" provider="M7 Group" onid="3" tsid="3202" namespace="0x00eb0000" />
        <service id="0x17e2" sid="6114" name="Vixen HD" type="25" provider="M7 Group" onid="3" tsid="3202" namespace="0x00eb0000" />
        <service id="0x17f1" sid="6129" name="Alleen Klassiek" type="2" provider="M7 Group" onid="3" tsid="3202" namespace="0x00eb0000" radio="1" />
        <service id="0x17f0" sid="6128" name="Arrow Classic Rock" type="2" provider="M7 Group" onid="3" tsid="3202" namespace="0x00eb0000" radio="1" />
        <service id="0x182f" sid="6191" name="FunX" type="2" provider="M7 Group" onid="3" tsid="3202" namespace="0x00eb0000" radio="1" />
        <service id="0x17ef" sid="6127" name="Joe" type="2" provider="M7 Group" onid="3" tsid="3202" namespace="0x00eb0000" radio="1" />
        <service id="0x02d6" sid="726" name="L1Radio" type="2" provider="M7 Group" onid="3" tsid="3202" namespace="0x00eb0000" radio="1" />
        <service id="0x17ee" sid="6126" name="Q-Music" type="2" provider="M7 Group" onid="3" tsid="3202" namespace="0x00eb0000" radio="1" />
        <service id="0x17f2" sid="6130" name="Radio Veronica" type="2" provider="M7 Group" onid="3" tsid="3202" namespace="0x00eb0000" radio="1" />
        <service id="0x02d7" sid="727" name="Veronica Goud van Oud" type="2" provider="M7 Group" onid="3" tsid="3202" namespace="0x00eb0000" radio="1" />
      </transponder>
    </satellite>
    <satellite key="00eb0000:0c88:0003" name="Astra-23.5E" namespace="0x00eb0000" position="23.5">
      <transponder key="00eb0000:0c88:0003" frequency="11856000" symbol_rate="29900000" polarization="V" fec="3" system="0" modulation="0">
        <service id="0x1c17" sid="7191" name="Cool" type="22" provider="M7 Group" onid="3" tsid="3208" namespace="0x00eb0000" />
        <service id="0x1b97" sid="7063" name="Crime+Investigation" type="22" provider="M7 Group" onid="3" tsid="3208" namespace="0x00eb0000" />
        <service id="0x1b62" sid="7010" name="DreamWorks" type="22" provider="M7 Group" onid="3" tsid="3208" namespace="0x00eb0000" />
        <service id="0x1c16" sid="7190" name="Duna SD" type="22" provider="M7 Group" onid="3" tsid="3208" namespace="0x00eb0000" />
        <service id="0x1c10" sid="7184" name="Duna World / M4 Sport+" type="22" provider="M7 Group" onid="3" tsid="3208" namespace="0x00eb0000" />
        <service id="0x1bfc" sid="7164" name="ESPN 2 HD" type="25" provider="M7 Group" onid="3" tsid="3208" namespace="0x00eb0000" />
        <service id="0x1c15" sid="7189" name="Film+ Hungary" type="22" provider="M7 Group" onid="3" tsid="3208" namespace="0x00eb0000" />
        <service id="0x1bfd" sid="7165" name="Nautical HD" type="25" provider="M7 Group" onid="3" tsid="3208" namespace="0x00eb0000" />
        <service id="0x1bfe" sid="7166" name="Penthouse Gold" type="25" provider="M7 Group" onid="3" tsid="3208" namespace="0x00eb0000" />
        <service id="0x1c0c" sid="7180" name="Penthouse Gold CZ" type="25" provider="M7 Group" onid="3" tsid="3208" namespace="0x00eb0000" />
        <service id="0x1bff" sid="7167" name="Penthouse Reality TV" type="25" provider="M7 Group" onid="3" tsid="3208" namespace="0x00eb0000" />
        <service id="0x1c0d" sid="7181" name="Penthouse Reality TV CZ" type="25" provider="M7 Group" onid="3" tsid="3208" namespace="0x00eb0000" />
        <service id="0x1b91" sid="7057" name="Play4" type="25" provider="M7 Group" onid="3" tsid="3208" namespace="0x00eb0000" />
        <service id="0x1b95" sid="7061" name="Play6" type="22" provider="M7 Group" onid="3" tsid="3208" namespace="0x00eb0000" />
        <service id="0x1b92" sid="7058" name="RTL Z" type="22" provider="M7 Group" onid="3" tsid="3208" namespace="0x00eb0000" />
        <service id="0x1b6c" sid="7020" name="RTL4 HD" type="25" provider="M7 Group" onid="3" tsid="3208" namespace="0x00eb0000" />
        <service id="0x1b6f" sid="7023" name="RTL5 HD" type="25" provider="M7 Group" onid="3" tsid="3208" namespace="0x00eb0000" />
        <service id="0x1b73" sid="7027" name="RTL7 HD" type="25" provider="M7 Group" onid="3" tsid="3208" namespace="0x00eb0000" />
        <service id="0x1b7c" sid="7036" name="RTL8 HD" type="25" provider="M7 Group" onid="3" tsid="3208" namespace="0x00eb0000" />
        <service id="0x1b90" sid="7056" name="VTM 2 HD" type="25" provider="M7 Group" onid="3" tsid="3208" namespace="0x00eb0000" />
        <service id="0x1b76" sid="7030" name="VTM HD" type="25" provider="M7 Group" onid="3" tsid="3208" namespace="0x00eb0000" />
      </transponder>
    </satellite>
    <satellite key="00eb0000:0c8b:0003" name="Astra-23.5E" namespace="0x00eb0000" position="23.5">
      <transponder key="00eb0000:0c8b:0003" frequency="11914000" symbol_rate="30000000" polarization="H" fec="3" system="0" modulation="0">
        <service id="0x4e32" sid="20018" name="Agro TV HD" type="25" provider="Telekom Srbija" onid="3" tsid="3211" namespace="0x00eb0000" />
        <service id="0x4ef3" sid="20211" name="Arena_Sport 5" type="1" provider="Telekom Srbija" onid="3" tsid="3211" namespace="0x00eb0000" />
        <service id="0x4ec4" sid="20164" name="Blic TV HD" type="1" provider="Telekom Srbija" onid="3" tsid="3211" namespace="0x00eb0000" />
        <service id="0x4e33" sid="20019" name="Dexy TV" type="1" provider="Telekom Srbija" onid="3" tsid="3211" namespace="0x00eb0000" />
        <service id="0x4ea3" sid="20131" name="Dox TV" type="1" provider="Telekom Srbija" onid="3" tsid="3211" namespace="0x00eb0000" />
        <service id="0x4ef9" sid="20217" name="Duna" type="1" provider="Telekom Srbija" onid="3" tsid="3211" namespace="0x00eb0000" />
        <service id="0x4efa" sid="20218" name="Duna world" type="1" provider="" onid="3" tsid="3211" namespace="0x00eb0000" />
        <service id="0x4ef2" sid="20210" name="M1" type="1" provider="Telekom Srbija" onid="3" tsid="3211" namespace="0x00eb0000" />
        <service id="0x4e20" sid="20000" name="mSAT Info" type="1" provider="Telekom Srbija" onid="3" tsid="3211" namespace="0x00eb0000" />
        <service id="0x4ef4" sid="20212" name="RTL" type="1" provider="Telekom Srbija" onid="3" tsid="3211" namespace="0x00eb0000" />
        <service id="0x4ef8" sid="20216" name="RTL KETTŐ" type="1" provider="Telekom Srbija" onid="3" tsid="3211" namespace="0x00eb0000" />
        <service id="0x4e21" sid="20001" name="RTS 1 HD" type="25" provider="Telekom Srbija" onid="3" tsid="3211" namespace="0x00eb0000" />
        <service id="0x4e22" sid="20002" name="RTS 2 HD" type="25" provider="Telekom Srbija" onid="3" tsid="3211" namespace="0x00eb0000" />
        <service id="0x4e82" sid="20098" name="RTS 3 HD" type="1" provider="Telekom Srbija" onid="3" tsid="3211" namespace="0x00eb0000" />
        <service id="0x4e7b" sid="20091" name="RTS Drama" type="1" provider="Telekom Srbija" onid="3" tsid="3211" namespace="0x00eb0000" />
        <service id="0x4e6f" sid="20079" name="RTS Klasika" type="1" provider="Telekom Srbija" onid="3" tsid="3211" namespace="0x00eb0000" />
        <service id="0x4e7c" sid="20092" name="RTS Kolo" type="1" provider="Telekom Srbija" onid="3" tsid="3211" namespace="0x00eb0000" />
        <service id="0x4e7e" sid="20094" name="RTS Muzika" type="1" provider="Telekom Srbija" onid="3" tsid="3211" namespace="0x00eb0000" />
        <service id="0x4e7f" sid="20095" name="RTS Poletarac" type="1" provider="Telekom Srbija" onid="3" tsid="3211" namespace="0x00eb0000" />
        <service id="0x4e83" sid="20099" name="RTS Svet HD" type="25" provider="Telekom Srbija" onid="3" tsid="3211" namespace="0x00eb0000" />
        <service id="0x4e7d" sid="20093" name="RTS Trezor" type="1" provider="Telekom Srbija" onid="3" tsid="3211" namespace="0x00eb0000" />
        <service id="0x4e7a" sid="20090" name="RTS Život" type="1" provider="Telekom Srbija" onid="3" tsid="3211" namespace="0x00eb0000" />
        <service id="0x4ef6" sid="20214" name="Story 4" type="1" provider="Telekom Srbija" onid="3" tsid="3211" namespace="0x00eb0000" />
        <service id="0x4e2c" sid="20012" name="Superstar 2" type="1" provider="Telekom Srbija" onid="3" tsid="3211" namespace="0x00eb0000" />
        <service id="0x4e23" sid="20003" name="SUPERSTAR TV HD" type="25" provider="Telekom Srbija" onid="3" tsid="3211" namespace="0x00eb0000" />
        <service id="0x059a" sid="1434" name="AS FM radio" type="2" provider="Telekom Srbija" onid="3" tsid="3211" namespace="0x00eb0000" radio="1" />
        <service id="0x059b" sid="1435" name="Play radio" type="2" provider="Telekom Srbija" onid="3" tsid="3211" namespace="0x00eb0000" radio="1" />
        <service id="0x058e" sid="1422" name="Radio Beograd 1" type="2" provider="Telekom Srbija" onid="3" tsid="3211" namespace="0x00eb0000" radio="1" />
        <service id="0x058f" sid="1423" name="Radio Beograd 2" type="2" provider="Telekom Srbija" onid="3" tsid="3211" namespace="0x00eb0000" radio="1" />
        <service id="0x0590" sid="1424" name="Radio Beograd 202" type="2" provider="Telekom Srbija" onid="3" tsid="3211" namespace="0x00eb0000" radio="1" />
      </transponder>
    </satellite>
    <satellite key="00eb0000:0c8c:0003" name="Astra-23.5E" namespace="0x00eb0000" position="23.5">
      <transponder key="00eb0000:0c8c:0003" frequency="11934000" symbol_rate="29900000" polarization="V" fec="3" system="0" modulation="0">
        <service id="0x36fb" sid="14075" name="AMC" type="22" provider="M7 Group" onid="3" tsid="3212" namespace="0x00eb0000" />
        <service id="0x36f5" sid="14069" name="Cartoon Network CZ" type="22" provider="M7 Group" onid="3" tsid="3212" namespace="0x00eb0000" />
        <service id="0x36ff" sid="14079" name="CNN Prima News HD" type="25" provider="M7 Group" onid="3" tsid="3212" namespace="0x00eb0000" />
        <service id="0x36ea" sid="14058" name="CS Film" type="22" provider="M7 Group" onid="3" tsid="3212" namespace="0x00eb0000" />
        <service id="0x36eb" sid="14059" name="CS Horror" type="22" provider="M7 Group" onid="3" tsid="3212" namespace="0x00eb0000" />
        <service id="0x36fc" sid="14076" name="Disney CZ" type="22" provider="M7 Group" onid="3" tsid="3212" namespace="0x00eb0000" />
        <service id="0x36e3" sid="14051" name="DOCUBOX" type="22" provider="M7 Group" onid="3" tsid="3212" namespace="0x00eb0000" />
        <service id="0x36fd" sid="14077" name="duck TV" type="22" provider="M7 Group" onid="3" tsid="3212" namespace="0x00eb0000" />
        <service id="0x36f4" sid="14068" name="duck TV DUT" type="22" provider="M7 Group" onid="3" tsid="3212" namespace="0x00eb0000" />
        <service id="0x0e74" sid="3700" name="Epic Drama HD" type="25" provider="M7 Group" onid="3" tsid="3212" namespace="0x00eb0000" />
        <service id="0x36f8" sid="14072" name="Film+ SK" type="22" provider="M7 Group" onid="3" tsid="3212" namespace="0x00eb0000" />
        <service id="0x36e9" sid="14057" name="Filmbox HD" type="25" provider="M7 Group" onid="3" tsid="3212" namespace="0x00eb0000" />
        <service id="0x36f0" sid="14064" name="Nick Jr Czech" type="22" provider="M7 Group" onid="3" tsid="3212" namespace="0x00eb0000" />
        <service id="0x36f7" sid="14071" name="Nicktoons CZ" type="22" provider="M7 Group" onid="3" tsid="3212" namespace="0x00eb0000" />
        <service id="0x36e6" sid="14054" name="Nova Sport 3 HD" type="25" provider="M7 Group" onid="3" tsid="3212" namespace="0x00eb0000" />
        <service id="0x36e7" sid="14055" name="Nova Sport 4 HD" type="25" provider="M7 Group" onid="3" tsid="3212" namespace="0x00eb0000" />
        <service id="0x36e4" sid="14052" name="Paramount Network" type="22" provider="M7 Group" onid="3" tsid="3212" namespace="0x00eb0000" />
        <service id="0x36ec" sid="14060" name="Prima Krimi HD" type="25" provider="M7 Group" onid="3" tsid="3212" namespace="0x00eb0000" />
        <service id="0x36ef" sid="14063" name="Prima Love" type="22" provider="M7 Group" onid="3" tsid="3212" namespace="0x00eb0000" />
        <service id="0x36e5" sid="14053" name="Prima MAX HD" type="25" provider="M7 Group" onid="3" tsid="3212" namespace="0x00eb0000" />
        <service id="0x36ee" sid="14062" name="Prima Show" type="22" provider="M7 Group" onid="3" tsid="3212" namespace="0x00eb0000" />
        <service id="0x36ed" sid="14061" name="Prima STAR" type="22" provider="M7 Group" onid="3" tsid="3212" namespace="0x00eb0000" />
        <service id="0x36e8" sid="14056" name="Prima ZOOM HD" type="25" provider="M7 Group" onid="3" tsid="3212" namespace="0x00eb0000" />
        <service id="0x36f1" sid="14065" name="Senzi" type="22" provider="M7 Group" onid="3" tsid="3212" namespace="0x00eb0000" />
        <service id="0x36f6" sid="14070" name="Spektrum Home" type="22" provider="M7 Group" onid="3" tsid="3212" namespace="0x00eb0000" />
        <service id="0x36fe" sid="14078" name="TV Paprika" type="22" provider="M7 Group" onid="3" tsid="3212" namespace="0x00eb0000" />
      </transponder>
    </satellite>
    <satellite key="00eb0000:0c8e:0003" name="Astra-23.5E" namespace="0x00eb0000" position="23.5">
      <transponder key="00eb0000:0c8e:0003" frequency="11973000" symbol_rate="29900000" polarization="V" fec="3" system="0" modulation="0">
        <service id="0x372b" sid="14123" name="AMC SK" type="22" provider="M7 Group" onid="3" tsid="3214" namespace="0x00eb0000" />
        <service id="0x0e8c" sid="3724" name="Arena Sport 2 HD" type="25" provider="M7 Group" onid="3" tsid="3214" namespace="0x00eb0000" />
        <service id="0x0e98" sid="3736" name="CANAL+ Action" type="25" provider="M7 Group" onid="3" tsid="3214" namespace="0x00eb0000" />
        <service id="0x0e95" sid="3733" name="CANAL+ Sport (CZ)" type="25" provider="M7 Group" onid="3" tsid="3214" namespace="0x00eb0000" />
        <service id="0x0e96" sid="3734" name="CANAL+ Sport (SK)" type="25" provider="M7 Group" onid="3" tsid="3214" namespace="0x00eb0000" />
        <service id="0x0e94" sid="3732" name="DOMA HD" type="25" provider="M7 Group" onid="3" tsid="3214" namespace="0x00eb0000" />
        <service id="0x371f" sid="14111" name="Galaxy4" type="22" provider="M7 Group" onid="3" tsid="3214" namespace="0x00eb0000" />
        <service id="0x0e93" sid="3731" name="Markiza HD" type="25" provider="M7 Group" onid="3" tsid="3214" namespace="0x00eb0000" />
        <service id="0x0e88" sid="3720" name="Markiza International" type="22" provider="M7 Group" onid="3" tsid="3214" namespace="0x00eb0000" />
        <service id="0x0e8a" sid="3722" name="Nova Fun HD" type="25" provider="M7 Group" onid="3" tsid="3214" namespace="0x00eb0000" />
        <service id="0x0e89" sid="3721" name="Nova Gold" type="22" provider="M7 Group" onid="3" tsid="3214" namespace="0x00eb0000" />
        <service id="0x0e8b" sid="3723" name="Nova Lady" type="22" provider="M7 Group" onid="3" tsid="3214" namespace="0x00eb0000" />
        <service id="0x371e" sid="14110" name="Nova Sport 2 HD" type="25" provider="M7 Group" onid="3" tsid="3214" namespace="0x00eb0000" />
        <service id="0x372c" sid="14124" name="Nova Sport 5 HD (CZ)" type="25" provider="M7 Group" onid="3" tsid="3214" namespace="0x00eb0000" />
        <service id="0x0e8d" sid="3725" name="Prima COOL HD SK" type="25" provider="M7 Group" onid="3" tsid="3214" namespace="0x00eb0000" />
        <service id="0x0e8e" sid="3726" name="Prima Love HD SK" type="25" provider="M7 Group" onid="3" tsid="3214" namespace="0x00eb0000" />
        <service id="0x372e" sid="14126" name="SuperTV2" type="22" provider="M7 Group" onid="3" tsid="3214" namespace="0x00eb0000" />
        <service id="0x0ea2" sid="3746" name="Proglas" type="2" provider="M7 Group" onid="3" tsid="3214" namespace="0x00eb0000" radio="1" />
      </transponder>
    </satellite>
    <satellite key="00eb0000:0c90:0003" name="Astra-23.5E" namespace="0x00eb0000" position="23.5">
      <transponder key="00eb0000:0c90:0003" frequency="12012000" symbol_rate="29900000" polarization="V" fec="3" system="0" modulation="0">
        <service id="0x3c29" sid="15401" name="Arena Sport 1 HD" type="25" provider="M7 Group" onid="3" tsid="3216" namespace="0x00eb0000" />
        <service id="0x3c38" sid="15416" name="CANAL+ Sport 2 (SK)" type="25" provider="M7 Group" onid="3" tsid="3216" namespace="0x00eb0000" />
        <service id="0x3c2c" sid="15404" name="Cinemax HD" type="25" provider="M7 Group" onid="3" tsid="3216" namespace="0x00eb0000" />
        <service id="0x3c3d" sid="15421" name="Dvojka HD" type="25" provider="M7 Group" onid="3" tsid="3216" namespace="0x00eb0000" />
        <service id="0x3c2d" sid="15405" name="Film Europe HD" type="25" provider="M7 Group" onid="3" tsid="3216" namespace="0x00eb0000" />
        <service id="0x3c2e" sid="15406" name="Filmbox Extra HD" type="25" provider="M7 Group" onid="3" tsid="3216" namespace="0x00eb0000" />
        <service id="0x3c34" sid="15412" name="Filmbox Family" type="22" provider="M7 Group" onid="3" tsid="3216" namespace="0x00eb0000" />
        <service id="0x3c3c" sid="15420" name="Jednotka HD" type="25" provider="M7 Group" onid="3" tsid="3216" namespace="0x00eb0000" />
        <service id="0x3c37" sid="15415" name="JimJam CZ" type="22" provider="M7 Group" onid="3" tsid="3216" namespace="0x00eb0000" />
        <service id="0x3c2a" sid="15402" name="LALA TV" type="22" provider="M7 Group" onid="3" tsid="3216" namespace="0x00eb0000" />
        <service id="0x3c2b" sid="15403" name="Markiza Klasik" type="22" provider="M7 Group" onid="3" tsid="3216" namespace="0x00eb0000" />
        <service id="0x3c3a" sid="15418" name="Retro Music TV" type="22" provider="M7 Group" onid="3" tsid="3216" namespace="0x00eb0000" />
        <service id="0x3c3e" sid="15422" name="RTVS 24 HD" type="25" provider="M7 Group" onid="3" tsid="3216" namespace="0x00eb0000" />
        <service id="0x3c3f" sid="15423" name="RTVS SPORT HD" type="25" provider="M7 Group" onid="3" tsid="3216" namespace="0x00eb0000" />
        <service id="0x3c30" sid="15408" name="Sport 1 HD CZ" type="25" provider="M7 Group" onid="3" tsid="3216" namespace="0x00eb0000" />
        <service id="0x3c2f" sid="15407" name="Viasat Explore" type="22" provider="M7 Group" onid="3" tsid="3216" namespace="0x00eb0000" />
      </transponder>
    </satellite>
    <satellite key="00eb0000:0c91:0003" name="Astra-23.5E" namespace="0x00eb0000" position="23.5">
      <transponder key="00eb0000:0c91:0003" frequency="12032000" symbol_rate="27500000" polarization="H" fec="9" system="0" modulation="0">
        <service id="0x17d7" sid="6103" name="AutoMotorSport HD" type="25" provider="BetaDigital" onid="3" tsid="3217" namespace="0x00eb0000" />
        <service id="0x4e84" sid="20100" name="RTS Nauka" type="1" provider="Telekom Srbija" onid="3" tsid="3217" namespace="0x00eb0000" />
        <service id="0x4f26" sid="20262" name="RTS Poletarac 2" type="1" provider="Telekom Srbija" onid="3" tsid="3217" namespace="0x00eb0000" />
        <service id="0x17d8" sid="6104" name="TVGE Internacional" type="1" provider="" onid="3" tsid="3217" namespace="0x00eb0000" />
        <service id="0x17d9" sid="6105" name="Radio Nacional" type="2" provider="" onid="3" tsid="3217" namespace="0x00eb0000" radio="1" />
      </transponder>
    </satellite>
    <satellite key="00eb0000:0c93:0003" name="Astra-23.5E" namespace="0x00eb0000" position="23.5">
      <transponder key="00eb0000:0c93:0003" frequency="12070000" symbol_rate="27500000" polarization="H" fec="3" system="0" modulation="0">
        <service id="0x335a" sid="13146" name="CS History" type="22" provider="M7 Group" onid="3" tsid="3219" namespace="0x00eb0000" />
        <service id="0x334d" sid="13133" name="CS Mystery" type="22" provider="M7 Group" onid="3" tsid="3219" namespace="0x00eb0000" />
        <service id="0x0d1f" sid="3359" name="JOJ Cinema HD" type="25" provider="M7 Group" onid="3" tsid="3219" namespace="0x00eb0000" />
        <service id="0x0d16" sid="3350" name="JOJ Family HD" type="25" provider="M7 Group" onid="3" tsid="3219" namespace="0x00eb0000" />
        <service id="0x335c" sid="13148" name="Nickelodeon CZ" type="22" provider="M7 Group" onid="3" tsid="3219" namespace="0x00eb0000" />
        <service id="0x335b" sid="13147" name="Seznam.cz HD" type="25" provider="M7 Group" onid="3" tsid="3219" namespace="0x00eb0000" />
        <service id="0x334e" sid="13134" name="Slager Original" type="22" provider="M7 Group" onid="3" tsid="3219" namespace="0x00eb0000" />
        <service id="0x334b" sid="13131" name="Sport 1 SK HD" type="25" provider="M7 Group" onid="3" tsid="3219" namespace="0x00eb0000" />
        <service id="0x334f" sid="13135" name="WAU HD" type="25" provider="M7 Group" onid="3" tsid="3219" namespace="0x00eb0000" />
      </transponder>
    </satellite>
    <satellite key="00eb0000:0c94:0003" name="Astra-23.5E" namespace="0x00eb0000" position="23.5">
      <transponder key="00eb0000:0c94:0003" frequency="12090000" symbol_rate="29900000" polarization="V" fec="3" system="0" modulation="0">
        <service id="0x013b" sid="315" name="AXN CZ" type="22" provider="M7 Group" onid="3" tsid="3220" namespace="0x00eb0000" />
        <service id="0x031e" sid="798" name="Barrandov Krimi" type="22" provider="M7 Group" onid="3" tsid="3220" namespace="0x00eb0000" />
        <service id="0x030b" sid="779" name="Cartoonito" type="22" provider="M7 Group" onid="3" tsid="3220" namespace="0x00eb0000" />
        <service id="0x013a" sid="314" name="Fishing and Hunting" type="22" provider="M7 Group" onid="3" tsid="3220" namespace="0x00eb0000" />
        <service id="0x0089" sid="137" name="Golf Channel" type="22" provider="M7 Group" onid="3" tsid="3220" namespace="0x00eb0000" />
        <service id="0x0085" sid="133" name="HBO HD" type="25" provider="M7 Group" onid="3" tsid="3220" namespace="0x00eb0000" />
        <service id="0x031d" sid="797" name="Kino Barrandov" type="22" provider="M7 Group" onid="3" tsid="3220" namespace="0x00eb0000" />
        <service id="0x031b" sid="795" name="Love Nature HD BNL" type="25" provider="M7 Group" onid="3" tsid="3220" namespace="0x00eb0000" />
        <service id="0x030f" sid="783" name="Love Nature HD CZ" type="25" provider="M7 Group" onid="3" tsid="3220" namespace="0x00eb0000" />
        <service id="0x031a" sid="794" name="Love Nature HD INT" type="25" provider="M7 Group" onid="3" tsid="3220" namespace="0x00eb0000" />
        <service id="0x030c" sid="780" name="MTV Europe CZ" type="22" provider="M7 Group" onid="3" tsid="3220" namespace="0x00eb0000" />
        <service id="0x012e" sid="302" name="Nat Geo HD" type="25" provider="M7 Group" onid="3" tsid="3220" namespace="0x00eb0000" />
        <service id="0x012f" sid="303" name="Nat Geo HD CZ" type="25" provider="M7 Group" onid="3" tsid="3220" namespace="0x00eb0000" />
        <service id="0x0082" sid="130" name="National Geographic Wild HD" type="25" provider="M7 Group" onid="3" tsid="3220" namespace="0x00eb0000" />
        <service id="0x0083" sid="131" name="National Geographic Wild HD CZ" type="25" provider="M7 Group" onid="3" tsid="3220" namespace="0x00eb0000" />
        <service id="0x0084" sid="132" name="National Geographic Wild HD DUT" type="25" provider="M7 Group" onid="3" tsid="3220" namespace="0x00eb0000" />
        <service id="0x008a" sid="138" name="Nova Sport 6 HD" type="25" provider="M7 Group" onid="3" tsid="3220" namespace="0x00eb0000" />
        <service id="0x0087" sid="135" name="OCKO STAR" type="22" provider="M7 Group" onid="3" tsid="3220" namespace="0x00eb0000" />
        <service id="0x030a" sid="778" name="Premium HD" type="25" provider="M7 Group" onid="3" tsid="3220" namespace="0x00eb0000" />
        <service id="0x0086" sid="134" name="Prima KRIMI SK HD" type="25" provider="M7 Group" onid="3" tsid="3220" namespace="0x00eb0000" />
        <service id="0x0088" sid="136" name="Spektrum HD" type="25" provider="M7 Group" onid="3" tsid="3220" namespace="0x00eb0000" />
        <service id="0x013e" sid="318" name="Sport 2 HD" type="25" provider="M7 Group" onid="3" tsid="3220" namespace="0x00eb0000" />
        <service id="0x030d" sid="781" name="Stingray CMusic" type="22" provider="M7 Group" onid="3" tsid="3220" namespace="0x00eb0000" />
        <service id="0x030e" sid="782" name="Stingray CMusic CZ" type="22" provider="M7 Group" onid="3" tsid="3220" namespace="0x00eb0000" />
        <service id="0x031c" sid="796" name="TV Barrandov" type="22" provider="M7 Group" onid="3" tsid="3220" namespace="0x00eb0000" />
        <service id="0x013f" sid="319" name="TV2Klub" type="22" provider="M7 Group" onid="3" tsid="3220" namespace="0x00eb0000" />
      </transponder>
    </satellite>
    <satellite key="00eb0000:0c95:0003" name="Astra-23.5E" namespace="0x00eb0000" position="23.5">
      <transponder key="00eb0000:0c95:0003" frequency="12110000" symbol_rate="29900000" polarization="H" fec="3" system="0" modulation="0">
        <service id="0x3d00" sid="15616" name="AXN Black Central Europe" type="22" provider="M7 Group" onid="3" tsid="3221" namespace="0x00eb0000" />
        <service id="0x3d01" sid="15617" name="AXN White Central Europe" type="22" provider="M7 Group" onid="3" tsid="3221" namespace="0x00eb0000" />
        <service id="0x3cf6" sid="15606" name="Cinemax2 HD" type="25" provider="M7 Group" onid="3" tsid="3221" namespace="0x00eb0000" />
        <service id="0x3cfa" sid="15610" name="Comedy Central Hungary" type="22" provider="M7 Group" onid="3" tsid="3221" namespace="0x00eb0000" />
        <service id="0x3cf7" sid="15607" name="Film Europe+ HD" type="25" provider="M7 Group" onid="3" tsid="3221" namespace="0x00eb0000" />
        <service id="0x3cf2" sid="15602" name="Film+ HD" type="25" provider="M7 Group" onid="3" tsid="3221" namespace="0x00eb0000" />
        <service id="0x3cf5" sid="15605" name="Filmbox Premium HD" type="25" provider="M7 Group" onid="3" tsid="3221" namespace="0x00eb0000" />
        <service id="0x3cf9" sid="15609" name="Filmbox Stars" type="22" provider="M7 Group" onid="3" tsid="3221" namespace="0x00eb0000" />
        <service id="0x3cf3" sid="15603" name="HBO2 HD" type="25" provider="M7 Group" onid="3" tsid="3221" namespace="0x00eb0000" />
        <service id="0x3cf4" sid="15604" name="HBO3 HD" type="25" provider="M7 Group" onid="3" tsid="3221" namespace="0x00eb0000" />
        <service id="0x3cff" sid="15615" name="History HD" type="25" provider="M7 Group" onid="3" tsid="3221" namespace="0x00eb0000" />
        <service id="0x3cfe" sid="15614" name="Kanal 1" type="22" provider="M7 Group" onid="3" tsid="3221" namespace="0x00eb0000" />
        <service id="0x3cfc" sid="15612" name="Leo TV (22-06)" type="22" provider="M7 Group" onid="3" tsid="3221" namespace="0x00eb0000" />
        <service id="0x3cfb" sid="15611" name="Minimax" type="22" provider="M7 Group" onid="3" tsid="3221" namespace="0x00eb0000" />
        <service id="0x3cf8" sid="15608" name="STORY4 HD" type="25" provider="M7 Group" onid="3" tsid="3221" namespace="0x00eb0000" />
        <service id="0x3cfd" sid="15613" name="TV8" type="22" provider="M7 Group" onid="3" tsid="3221" namespace="0x00eb0000" />
        <service id="0x3cf0" sid="15600" name="Viasat History HD" type="25" provider="M7 Group" onid="3" tsid="3221" namespace="0x00eb0000" />
        <service id="0x3cf1" sid="15601" name="Viasat Nature HD" type="25" provider="M7 Group" onid="3" tsid="3221" namespace="0x00eb0000" />
      </transponder>
    </satellite>
    <satellite key="00eb0000:0c96:0003" name="Astra-23.5E" namespace="0x00eb0000" position="23.5">
      <transponder key="00eb0000:0c96:0003" frequency="12129000" symbol_rate="29900000" polarization="V" fec="3" system="0" modulation="0">
        <service id="0x52ec" sid="21228" name="DAZN Pro League 1 NL" type="22" provider="M7 Group" onid="3" tsid="3222" namespace="0x00eb0000" />
        <service id="0x51da" sid="20954" name="Eclips TV" type="22" provider="M7 Group" onid="3" tsid="3222" namespace="0x00eb0000" />
        <service id="0x51b8" sid="20920" name="Film1 Action" type="22" provider="M7 Group" onid="3" tsid="3222" namespace="0x00eb0000" />
        <service id="0x51b3" sid="20915" name="Film1 Drama" type="22" provider="M7 Group" onid="3" tsid="3222" namespace="0x00eb0000" />
        <service id="0x51ae" sid="20910" name="Film1 Family" type="22" provider="M7 Group" onid="3" tsid="3222" namespace="0x00eb0000" />
        <service id="0x51db" sid="20955" name="Film1 Premiere HD" type="25" provider="M7 Group" onid="3" tsid="3222" namespace="0x00eb0000" />
        <service id="0x05db" sid="1499" name="History NL" type="22" provider="M7 Group" onid="3" tsid="3222" namespace="0x00eb0000" />
        <service id="0x149e" sid="5278" name="Ketnet" type="22" provider="M7 Group" onid="3" tsid="3222" namespace="0x00eb0000" />
        <service id="0x14a4" sid="5284" name="Man-X" type="22" provider="M7 Group" onid="3" tsid="3222" namespace="0x00eb0000" />
        <service id="0x51d5" sid="20949" name="Ment Pop" type="22" provider="M7 Group" onid="3" tsid="3222" namespace="0x00eb0000" />
        <service id="0x52f3" sid="21235" name="Muzsika TV" type="22" provider="M7 Group" onid="3" tsid="3222" namespace="0x00eb0000" />
        <service id="0x51e5" sid="20965" name="NGC HD" type="25" provider="M7 Group" onid="3" tsid="3222" namespace="0x00eb0000" />
        <service id="0x14c4" sid="5316" name="Nova Sport 5 HD (SK)" type="25" provider="M7 Group" onid="3" tsid="3222" namespace="0x00eb0000" />
        <service id="0x14a6" sid="5286" name="Play5" type="22" provider="M7 Group" onid="3" tsid="3222" namespace="0x00eb0000" />
        <service id="0x14a7" sid="5287" name="Play7" type="22" provider="M7 Group" onid="3" tsid="3222" namespace="0x00eb0000" />
        <service id="0x14c2" sid="5314" name="RTL GOLD" type="22" provider="M7 Group" onid="3" tsid="3222" namespace="0x00eb0000" />
        <service id="0x51d1" sid="20945" name="SBS9" type="25" provider="M7 Group" onid="3" tsid="3222" namespace="0x00eb0000" />
        <service id="0x52f5" sid="21237" name="Slager TV" type="22" provider="M7 Group" onid="3" tsid="3222" namespace="0x00eb0000" />
        <service id="0x52ed" sid="21229" name="Sport 10" type="22" provider="M7 Group" onid="3" tsid="3222" namespace="0x00eb0000" />
        <service id="0x14c3" sid="5315" name="TV2 Sef" type="22" provider="M7 Group" onid="3" tsid="3222" namespace="0x00eb0000" />
        <service id="0x14a0" sid="5280" name="VTM 3" type="22" provider="M7 Group" onid="3" tsid="3222" namespace="0x00eb0000" />
        <service id="0x14a2" sid="5282" name="VTM 4" type="22" provider="M7 Group" onid="3" tsid="3222" namespace="0x00eb0000" />
        <service id="0x149c" sid="5276" name="VTM Gold" type="22" provider="M7 Group" onid="3" tsid="3222" namespace="0x00eb0000" />
        <service id="0x527c" sid="21116" name="VTM XMAS" type="22" provider="M7 Group" onid="3" tsid="3222" namespace="0x00eb0000" />
        <service id="0x51e0" sid="20960" name="Ziggo Sport" type="25" provider="M7 Group" onid="3" tsid="3222" namespace="0x00eb0000" />
        <service id="0x51bd" sid="20925" name="Ziggo Sport 2" type="22" provider="M7 Group" onid="3" tsid="3222" namespace="0x00eb0000" />
        <service id="0x51c2" sid="20930" name="Ziggo Sport 6" type="22" provider="M7 Group" onid="3" tsid="3222" namespace="0x00eb0000" />
        <service id="0x52dc" sid="21212" name="Klara" type="2" provider="M7 Group" onid="3" tsid="3222" namespace="0x00eb0000" radio="1" />
        <service id="0x52da" sid="21210" name="MNM" type="2" provider="M7 Group" onid="3" tsid="3222" namespace="0x00eb0000" radio="1" />
        <service id="0x52eb" sid="21227" name="Sky Radio" type="2" provider="M7 Group" onid="3" tsid="3222" namespace="0x00eb0000" radio="1" />
        <service id="0x52db" sid="21211" name="Studio Brussel" type="2" provider="M7 Group" onid="3" tsid="3222" namespace="0x00eb0000" radio="1" />
      </transponder>
    </satellite>
    <satellite key="00eb0000:0c98:0003" name="Astra-23.5E" namespace="0x00eb0000" position="23.5">
      <transponder key="00eb0000:0c98:0003" frequency="12168000" symbol_rate="27500000" polarization="V" fec="3" system="0" modulation="0">
        <service id="0x05bd" sid="1469" name="Chamber TV HD" type="1" provider="SES ASTRA" onid="3" tsid="3224" namespace="0x00eb0000" />
        <service id="0x05c6" sid="1478" name="RTL Tele Letzebuerg 23.5" type="1" provider="SES ASTRA" onid="3" tsid="3224" namespace="0x00eb0000" />
        <service id="0x05af" sid="1455" name="SES_LCN2" type="1" provider="SES ASTRA" onid="3" tsid="3224" namespace="0x00eb0000" />
        <service id="0x03fb" sid="1019" name="1.BuMux" type="2" provider="Media Broadcast" onid="3" tsid="3224" namespace="0x00eb0000" radio="1" />
        <service id="0x101a" sid="4122" name="2.BuMux" type="2" provider="Media Broadcast" onid="3" tsid="3224" namespace="0x00eb0000" radio="1" />
        <service id="0x147e" sid="5246" name="Radio 100.7 Letzebuerg" type="2" provider="SES ASTRA" onid="3" tsid="3224" namespace="0x00eb0000" radio="1" />
        <service id="0x147d" sid="5245" name="RTL Radio Letzebuerg" type="2" provider="SES ASTRA" onid="3" tsid="3224" namespace="0x00eb0000" radio="1" />
      </transponder>
    </satellite>
    <satellite key="00eb0000:0c99:0003" name="Astra-23.5E" namespace="0x00eb0000" position="23.5">
      <transponder key="00eb0000:0c99:0003" frequency="12188000" symbol_rate="29900000" polarization="H" fec="3" system="0" modulation="0">
        <service id="0x523f" sid="21055" name="24Kitchen" type="22" provider="M7 Group" onid="3" tsid="3225" namespace="0x00eb0000" />
        <service id="0x52b0" sid="21168" name="BBC NL" type="25" provider="M7 Group" onid="3" tsid="3225" namespace="0x00eb0000" />
        <service id="0x149b" sid="5275" name="Comedy Central NL" type="22" provider="M7 Group" onid="3" tsid="3225" namespace="0x00eb0000" />
        <service id="0x528c" sid="21132" name="MTV NL" type="22" provider="M7 Group" onid="3" tsid="3225" namespace="0x00eb0000" />
        <service id="0x521c" sid="21020" name="NET5 HD" type="25" provider="M7 Group" onid="3" tsid="3225" namespace="0x00eb0000" />
        <service id="0x149a" sid="5274" name="Nickelodeon" type="22" provider="M7 Group" onid="3" tsid="3225" namespace="0x00eb0000" />
        <service id="0x05bd" sid="1469" name="NPO1 HD" type="25" provider="M7 Group" onid="3" tsid="3225" namespace="0x00eb0000" />
        <service id="0x146e" sid="5230" name="NPO3 HD" type="25" provider="M7 Group" onid="3" tsid="3225" namespace="0x00eb0000" />
        <service id="0x05d6" sid="1494" name="Omroep Brabant Televisie" type="22" provider="M7 Group" onid="3" tsid="3225" namespace="0x00eb0000" />
        <service id="0x524d" sid="21069" name="Omrop Fryslan Televisie" type="22" provider="M7 Group" onid="3" tsid="3225" namespace="0x00eb0000" />
        <service id="0x05cc" sid="1484" name="Oost" type="22" provider="M7 Group" onid="3" tsid="3225" namespace="0x00eb0000" />
        <service id="0x528b" sid="21131" name="Paramount Network" type="22" provider="M7 Group" onid="3" tsid="3225" namespace="0x00eb0000" />
        <service id="0x529f" sid="21151" name="RTL HAROM" type="22" provider="M7 Group" onid="3" tsid="3225" namespace="0x00eb0000" />
        <service id="0x52a0" sid="21152" name="RTL KETTO" type="22" provider="M7 Group" onid="3" tsid="3225" namespace="0x00eb0000" />
        <service id="0x52a1" sid="21153" name="Sorozat+" type="22" provider="M7 Group" onid="3" tsid="3225" namespace="0x00eb0000" />
        <service id="0x524f" sid="21071" name="TV Drenthe" type="22" provider="M7 Group" onid="3" tsid="3225" namespace="0x00eb0000" />
        <service id="0x05ca" sid="1482" name="TV Gelderland" type="22" provider="M7 Group" onid="3" tsid="3225" namespace="0x00eb0000" />
        <service id="0x05d3" sid="1491" name="TV Noord" type="22" provider="M7 Group" onid="3" tsid="3225" namespace="0x00eb0000" />
        <service id="0x14ac" sid="5292" name="TV Oranje" type="22" provider="M7 Group" onid="3" tsid="3225" namespace="0x00eb0000" />
        <service id="0x522b" sid="21035" name="Veronica / Disney Jr." type="25" provider="M7 Group" onid="3" tsid="3225" namespace="0x00eb0000" />
        <service id="0x05b9" sid="1465" name="VRT 1" type="25" provider="M7 Group" onid="3" tsid="3225" namespace="0x00eb0000" />
        <service id="0x146a" sid="5226" name="VRT Canvas HD" type="25" provider="M7 Group" onid="3" tsid="3225" namespace="0x00eb0000" />
        <service id="0x05cd" sid="1485" name="100% NL" type="2" provider="M7 Group" onid="3" tsid="3225" namespace="0x00eb0000" radio="1" />
        <service id="0x4ed1" sid="20177" name="BNR Nieuwsradio" type="2" provider="M7 Group" onid="3" tsid="3225" namespace="0x00eb0000" radio="1" />
        <service id="0x525a" sid="21082" name="NPO 3FM" type="2" provider="M7 Group" onid="3" tsid="3225" namespace="0x00eb0000" radio="1" />
        <service id="0x525b" sid="21083" name="NPO KLASSIEK" type="2" provider="M7 group" onid="3" tsid="3225" namespace="0x00eb0000" radio="1" />
        <service id="0x148a" sid="5258" name="NPO Radio1" type="2" provider="M7 Group" onid="3" tsid="3225" namespace="0x00eb0000" radio="1" />
        <service id="0x148b" sid="5259" name="NPO Radio2" type="2" provider="M7 Group" onid="3" tsid="3225" namespace="0x00eb0000" radio="1" />
        <service id="0x525c" sid="21084" name="NPO Radio5" type="2" provider="M7 group" onid="3" tsid="3225" namespace="0x00eb0000" radio="1" />
        <service id="0x525d" sid="21085" name="Radio 10" type="2" provider="M7 Group" onid="3" tsid="3225" namespace="0x00eb0000" radio="1" />
        <service id="0x148c" sid="5260" name="Radio 538" type="2" provider="M7 Group" onid="3" tsid="3225" namespace="0x00eb0000" radio="1" />
        <service id="0x525e" sid="21086" name="Radio Gelderland" type="2" provider="M7 Group" onid="3" tsid="3225" namespace="0x00eb0000" radio="1" />
        <service id="0x525f" sid="21087" name="Radio Oost" type="2" provider="M7 Group" onid="3" tsid="3225" namespace="0x00eb0000" radio="1" />
        <service id="0x148e" sid="5262" name="SLAM!" type="2" provider="M7 Group" onid="3" tsid="3225" namespace="0x00eb0000" radio="1" />
      </transponder>
    </satellite>
    <satellite key="00eb0000:0c9c:0003" name="Astra-23.5E" namespace="0x00eb0000" position="23.5">
      <transponder key="00eb0000:0c9c:0003" frequency="12246000" symbol_rate="30000000" polarization="V" fec="3" system="0" modulation="0">
        <service id="0x4f23" sid="20259" name="Arena Premium 4 HD" type="1" provider="Telekom Srbija" onid="3" tsid="3228" namespace="0x00eb0000" />
        <service id="0x4e43" sid="20035" name="Arena Tenis HD" type="1" provider="Telekom Srbija" onid="3" tsid="3228" namespace="0x00eb0000" />
        <service id="0x4ec9" sid="20169" name="Cartoonito" type="1" provider="Telekom Srbija" onid="3" tsid="3228" namespace="0x00eb0000" />
        <service id="0x4f1f" sid="20255" name="Elita live 1" type="1" provider="Telekom Srbija" onid="3" tsid="3228" namespace="0x00eb0000" />
        <service id="0x4f21" sid="20257" name="Elita live 3" type="1" provider="Telekom Srbija" onid="3" tsid="3228" namespace="0x00eb0000" />
        <service id="0x4ed8" sid="20184" name="Euro Cinema 1" type="1" provider="Telekom Srbija" onid="3" tsid="3228" namespace="0x00eb0000" />
        <service id="0x4edb" sid="20187" name="Euro Cinema 3" type="1" provider="Telekom Srbija" onid="3" tsid="3228" namespace="0x00eb0000" />
        <service id="0x4f3b" sid="20283" name="Euronews Montenegro" type="1" provider="Telekom Srbija" onid="3" tsid="3228" namespace="0x00eb0000" />
        <service id="0x4ef1" sid="20209" name="Fashion TV" type="1" provider="Telekom Srbija" onid="3" tsid="3228" namespace="0x00eb0000" />
        <service id="0x4f18" sid="20248" name="France 24" type="1" provider="Telekom Srbija" onid="3" tsid="3228" namespace="0x00eb0000" />
        <service id="0x4e72" sid="20082" name="Kuvo TV" type="1" provider="Telekom Srbija" onid="3" tsid="3228" namespace="0x00eb0000" />
        <service id="0x4eef" sid="20207" name="Love Nature" type="1" provider="Telekom Srbija" onid="3" tsid="3228" namespace="0x00eb0000" />
        <service id="0x4efd" sid="20221" name="MTV 00s" type="1" provider="Telekom Srbija" onid="3" tsid="3228" namespace="0x00eb0000" />
        <service id="0x4e39" sid="20025" name="NBA TV" type="1" provider="Telekom Srbija" onid="3" tsid="3228" namespace="0x00eb0000" />
        <service id="0x4ea5" sid="20133" name="Nicktoons" type="1" provider="Telekom Srbija" onid="3" tsid="3228" namespace="0x00eb0000" />
        <service id="0x4e42" sid="20034" name="Pink Romance" type="1" provider="Telekom Srbija" onid="3" tsid="3228" namespace="0x00eb0000" />
        <service id="0x4ed6" sid="20182" name="Private TV" type="1" provider="Telekom Srbija" onid="3" tsid="3228" namespace="0x00eb0000" />
        <service id="0x4edd" sid="20189" name="Prva Kick" type="1" provider="Telekom Srbija" onid="3" tsid="3228" namespace="0x00eb0000" />
        <service id="0x4ed2" sid="20178" name="Sci Fi" type="1" provider="Telekom Srbija" onid="3" tsid="3228" namespace="0x00eb0000" />
        <service id="0x4ee7" sid="20199" name="Skymusic Entertaiment" type="1" provider="Telekom Srbija" onid="3" tsid="3228" namespace="0x00eb0000" />
        <service id="0x4f0f" sid="20239" name="TVE International" type="1" provider="Telekom Srbija" onid="3" tsid="3228" namespace="0x00eb0000" />
      </transponder>
    </satellite>
    <satellite key="00eb0000:0c9d:0003" name="Astra-23.5E" namespace="0x00eb0000" position="23.5">
      <transponder key="00eb0000:0c9d:0003" frequency="12266000" symbol_rate="29900000" polarization="H" fec="3" system="0" modulation="0">
        <service id="0x0d45" sid="3397" name="DAJTO HD" type="25" provider="M7 Group" onid="3" tsid="3229" namespace="0x00eb0000" />
        <service id="0x33a0" sid="13216" name="JOJ 24 HD" type="25" provider="M7 Group" onid="3" tsid="3229" namespace="0x00eb0000" />
        <service id="0x0d47" sid="3399" name="JOJ PLUS HD" type="25" provider="M7 Group" onid="3" tsid="3229" namespace="0x00eb0000" />
        <service id="0x339e" sid="13214" name="JOJ Sport HD" type="25" provider="M7 Group" onid="3" tsid="3229" namespace="0x00eb0000" />
        <service id="0x339a" sid="13210" name="Jojko" type="22" provider="M7 Group" onid="3" tsid="3229" namespace="0x00eb0000" />
        <service id="0x339f" sid="13215" name="Markiza Krimi HD" type="25" provider="M7 Group" onid="3" tsid="3229" namespace="0x00eb0000" />
        <service id="0x0d42" sid="3394" name="Nova Action HD" type="25" provider="M7 Group" onid="3" tsid="3229" namespace="0x00eb0000" />
        <service id="0x0d43" sid="3395" name="Nova Cinema HD" type="25" provider="M7 Group" onid="3" tsid="3229" namespace="0x00eb0000" />
        <service id="0x0d3f" sid="3391" name="Nova HD" type="25" provider="M7 Group" onid="3" tsid="3229" namespace="0x00eb0000" />
        <service id="0x339b" sid="13211" name="Nova International" type="22" provider="M7 Group" onid="3" tsid="3229" namespace="0x00eb0000" />
        <service id="0x0d41" sid="3393" name="Nova Sport 1 HD" type="25" provider="M7 Group" onid="3" tsid="3229" namespace="0x00eb0000" />
        <service id="0x0d44" sid="3396" name="Prima COOL HD" type="25" provider="M7 Group" onid="3" tsid="3229" namespace="0x00eb0000" />
        <service id="0x0d40" sid="3392" name="Prima HD" type="25" provider="M7 Group" onid="3" tsid="3229" namespace="0x00eb0000" />
        <service id="0x339d" sid="13213" name="Slager Muzika" type="22" provider="M7 Group" onid="3" tsid="3229" namespace="0x00eb0000" />
        <service id="0x0d46" sid="3398" name="TV JOJ HD" type="25" provider="M7 Group" onid="3" tsid="3229" namespace="0x00eb0000" />
      </transponder>
    </satellite>
    <satellite key="00eb0000:0c9e:0003" name="Astra-23.5E" namespace="0x00eb0000" position="23.5">
      <transponder key="00eb0000:0c9e:0003" frequency="12285000" symbol_rate="30000000" polarization="V" fec="2" system="0" modulation="0">
        <service id="0x1e5b" sid="7771" name="1+1" type="22" provider="1plus1 Media" onid="3" tsid="3230" namespace="0x00eb0000" />
        <service id="0x1e5a" sid="7770" name="1+1 International" type="22" provider="1plus1 Media" onid="3" tsid="3230" namespace="0x00eb0000" />
        <service id="0x1e46" sid="7750" name="Espreso TV HD" type="25" provider="" onid="3" tsid="3230" namespace="0x00eb0000" />
        <service id="0x1e64" sid="7780" name="ICTV" type="22" provider="" onid="3" tsid="3230" namespace="0x00eb0000" />
        <service id="0x1e50" sid="7760" name="Inter HD" type="25" provider="" onid="3" tsid="3230" namespace="0x00eb0000" />
        <service id="0x1e66" sid="7782" name="NOVY CHANNEL" type="22" provider="" onid="3" tsid="3230" namespace="0x00eb0000" />
        <service id="0x1e33" sid="7731" name="Pershiy" type="1" provider="" onid="3" tsid="3230" namespace="0x00eb0000" />
        <service id="0x1e6e" sid="7790" name="SONCE" type="22" provider="" onid="3" tsid="3230" namespace="0x00eb0000" />
        <service id="0x1e65" sid="7781" name="STB" type="22" provider="" onid="3" tsid="3230" namespace="0x00eb0000" />
        <service id="0x1e35" sid="7733" name="Suspilne Kultura" type="1" provider="" onid="3" tsid="3230" namespace="0x00eb0000" />
        <service id="0x1e2a" sid="7722" name="ARMY FM" type="2" provider="" onid="3" tsid="3230" namespace="0x00eb0000" radio="1" />
        <service id="0x1e2e" sid="7726" name="Golos Kyiva" type="2" provider="" onid="3" tsid="3230" namespace="0x00eb0000" radio="1" />
        <service id="0x1e22" sid="7714" name="Radio Culture" type="2" provider="" onid="3" tsid="3230" namespace="0x00eb0000" radio="1" />
        <service id="0x1e2c" sid="7724" name="radio nv" type="2" provider="TRK ERA" onid="3" tsid="3230" namespace="0x00eb0000" radio="1" />
        <service id="0x1e20" sid="7712" name="Radio Promin" type="2" provider="" onid="3" tsid="3230" namespace="0x00eb0000" radio="1" />
        <service id="0x1e24" sid="7716" name="RadioTochka" type="2" provider="" onid="3" tsid="3230" namespace="0x00eb0000" radio="1" />
        <service id="0x1e28" sid="7720" name="Tysa FM" type="2" provider="" onid="3" tsid="3230" namespace="0x00eb0000" radio="1" />
        <service id="0x1e1e" sid="7710" name="Ukrayinske Radio" type="2" provider="" onid="3" tsid="3230" namespace="0x00eb0000" radio="1" />
        <service id="0x1e26" sid="7718" name="Voice" type="2" provider="" onid="3" tsid="3230" namespace="0x00eb0000" radio="1" />
      </transponder>
    </satellite>
    <satellite key="00eb0000:0c9f:0003" name="Astra-23.5E" namespace="0x00eb0000" position="23.5">
      <transponder key="00eb0000:0c9f:0003" frequency="12304000" symbol_rate="30000000" polarization="H" fec="3" system="0" modulation="0">
        <service id="0x4e9a" sid="20122" name="Arena Adrenalin" type="1" provider="Telekom Srbija" onid="3" tsid="3231" namespace="0x00eb0000" />
        <service id="0x4f2f" sid="20271" name="Arena Premium 5 HD" type="1" provider="Telekom Srbija" onid="3" tsid="3231" namespace="0x00eb0000" />
        <service id="0x4f17" sid="20247" name="BBC News" type="1" provider="Telekom Srbija" onid="3" tsid="3231" namespace="0x00eb0000" />
        <service id="0x4e93" sid="20115" name="Cartoon Network" type="1" provider="Telekom Srbija" onid="3" tsid="3231" namespace="0x00eb0000" />
        <service id="0x4eee" sid="20206" name="Crime and Investigation" type="1" provider="Telekom Srbija" onid="3" tsid="3231" namespace="0x00eb0000" />
        <service id="0x4e65" sid="20069" name="DaVinci" type="1" provider="Telekom Srbija" onid="3" tsid="3231" namespace="0x00eb0000" />
        <service id="0x4f20" sid="20256" name="Elita live 2" type="1" provider="Telekom Srbija" onid="3" tsid="3231" namespace="0x00eb0000" />
        <service id="0x4f22" sid="20258" name="Elita live 4" type="1" provider="Telekom Srbija" onid="3" tsid="3231" namespace="0x00eb0000" />
        <service id="0x4f19" sid="20249" name="Epic Drama" type="1" provider="Telekom Srbija" onid="3" tsid="3231" namespace="0x00eb0000" />
        <service id="0x4ed9" sid="20185" name="Euro Cinema 2" type="1" provider="Telekom Srbija" onid="3" tsid="3231" namespace="0x00eb0000" />
        <service id="0x4edc" sid="20188" name="Euro Cinema 4" type="1" provider="Telekom Srbija" onid="3" tsid="3231" namespace="0x00eb0000" />
        <service id="0x4ed3" sid="20179" name="FilmBox Premium" type="1" provider="Telekom Srbija" onid="3" tsid="3231" namespace="0x00eb0000" />
        <service id="0x4ec1" sid="20161" name="JimJam" type="1" provider="Telekom Srbija" onid="3" tsid="3231" namespace="0x00eb0000" />
        <service id="0x4e54" sid="20052" name="LFCTV" type="1" provider="Telekom Srbija" onid="3" tsid="3231" namespace="0x00eb0000" />
        <service id="0x4efc" sid="20220" name="Moja Happy Muzika" type="1" provider="Telekom Srbija" onid="3" tsid="3231" namespace="0x00eb0000" />
        <service id="0x4e2e" sid="20014" name="Prva Max" type="1" provider="Telekom Srbija" onid="3" tsid="3231" namespace="0x00eb0000" />
        <service id="0x4ee5" sid="20197" name="Prva Plus" type="1" provider="Telekom Srbija" onid="3" tsid="3231" namespace="0x00eb0000" />
        <service id="0x4f0e" sid="20238" name="RAI 1" type="1" provider="Telekom Srbija" onid="3" tsid="3231" namespace="0x00eb0000" />
        <service id="0x4ed7" sid="20183" name="TimlessDiziChannel" type="1" provider="Telekom Srbija" onid="3" tsid="3231" namespace="0x00eb0000" />
        <service id="0x4ef0" sid="20208" name="Travelxp" type="1" provider="Telekom Srbija" onid="3" tsid="3231" namespace="0x00eb0000" />
        <service id="0x4ed1" sid="20177" name="Viasat Kino" type="1" provider="Telekom Srbija" onid="3" tsid="3231" namespace="0x00eb0000" />
      </transponder>
    </satellite>
    <satellite key="00eb0000:0ca1:0003" name="Astra-23.5E" namespace="0x00eb0000" position="23.5">
      <transponder key="00eb0000:0ca1:0003" frequency="12344000" symbol_rate="29900000" polarization="H" fec="3" system="0" modulation="0">
        <service id="0x1f4b" sid="8011" name="CANAL+ Sport 2 (CZ)" type="25" provider="M7 Group" onid="3" tsid="3233" namespace="0x00eb0000" />
        <service id="0x1f48" sid="8008" name="CT 1 JM HD" type="25" provider="CESKA TELEVIZE" onid="3" tsid="3233" namespace="0x00eb0000" />
        <service id="0x1f4c" sid="8012" name="CT 1 JZC HD" type="25" provider="CESKA TELEVIZE" onid="3" tsid="3233" namespace="0x00eb0000" />
        <service id="0x1f41" sid="8001" name="CT 1 PHA HD" type="25" provider="CESKA TELEVIZE" onid="3" tsid="3233" namespace="0x00eb0000" />
        <service id="0x1f47" sid="8007" name="CT 1 SM HD" type="25" provider="CESKA TELEVIZE" onid="3" tsid="3233" namespace="0x00eb0000" />
        <service id="0x1f4a" sid="8010" name="CT 1 SVC HD" type="25" provider="CESKA TELEVIZE" onid="3" tsid="3233" namespace="0x00eb0000" />
        <service id="0x1f42" sid="8002" name="CT 2 HD" type="25" provider="CESKA TELEVIZE" onid="3" tsid="3233" namespace="0x00eb0000" />
        <service id="0x1f43" sid="8003" name="CT 24 HD" type="25" provider="CESKA TELEVIZE" onid="3" tsid="3233" namespace="0x00eb0000" />
        <service id="0x1f45" sid="8005" name="CT :D/art HD" type="25" provider="CESKA TELEVIZE" onid="3" tsid="3233" namespace="0x00eb0000" />
        <service id="0x1f44" sid="8004" name="CT sport HD" type="25" provider="CESKA TELEVIZE" onid="3" tsid="3233" namespace="0x00eb0000" />
        <service id="0x1f4f" sid="8015" name="JOJ Svet HD" type="25" provider="M7 Group" onid="3" tsid="3233" namespace="0x00eb0000" />
        <service id="0x1f51" sid="8017" name="M5" type="22" provider="M7 Group" onid="3" tsid="3233" namespace="0x00eb0000" />
        <service id="0x1f49" sid="8009" name="Prima SK" type="25" provider="M7 Group" onid="3" tsid="3233" namespace="0x00eb0000" />
        <service id="0x1f50" sid="8016" name="STORY4 HU" type="22" provider="M7 Group" onid="3" tsid="3233" namespace="0x00eb0000" />
        <service id="0x1f4e" sid="8014" name="TV Lux HD" type="25" provider="M7 Group" onid="3" tsid="3233" namespace="0x00eb0000" />
        <service id="0x1f7e" sid="8062" name="CRo BRNO" type="10" provider="Cesky Rozhlas" onid="3" tsid="3233" namespace="0x00eb0000" radio="1" />
        <service id="0x1f7f" sid="8063" name="CRo C.BUDEJOVICE" type="10" provider="Cesky Rozhlas" onid="3" tsid="3233" namespace="0x00eb0000" radio="1" />
        <service id="0x1f79" sid="8057" name="CRo D-DUR" type="10" provider="Cesky Rozhlas" onid="3" tsid="3233" namespace="0x00eb0000" radio="1" />
        <service id="0x1f74" sid="8052" name="CRo DVOJKA" type="10" provider="Cesky Rozhlas" onid="3" tsid="3233" namespace="0x00eb0000" radio="1" />
        <service id="0x1f80" sid="8064" name="CRo H.KRALOVE" type="10" provider="Cesky Rozhlas" onid="3" tsid="3233" namespace="0x00eb0000" radio="1" />
        <service id="0x1f7a" sid="8058" name="CRo JAZZ" type="10" provider="Cesky Rozhlas" onid="3" tsid="3233" namespace="0x00eb0000" radio="1" />
        <service id="0x1f81" sid="8065" name="CRo KARLOVY VARY" type="10" provider="Cesky Rozhlas" onid="3" tsid="3233" namespace="0x00eb0000" radio="1" />
        <service id="0x1f82" sid="8066" name="CRo LIBEREC" type="10" provider="Cesky Rozhlas" onid="3" tsid="3233" namespace="0x00eb0000" radio="1" />
        <service id="0x1f86" sid="8070" name="CRo OLOMOUC" type="10" provider="Cesky Rozhlas" onid="3" tsid="3233" namespace="0x00eb0000" radio="1" />
        <service id="0x1f87" sid="8071" name="CRo OSTRAVA" type="10" provider="Cesky Rozhlas" onid="3" tsid="3233" namespace="0x00eb0000" radio="1" />
        <service id="0x1f84" sid="8068" name="CRo PARDUBICE" type="10" provider="Cesky Rozhlas" onid="3" tsid="3233" namespace="0x00eb0000" radio="1" />
        <service id="0x1f76" sid="8054" name="CRo PLUS" type="10" provider="Cesky Rozhlas" onid="3" tsid="3233" namespace="0x00eb0000" radio="1" />
        <service id="0x1f85" sid="8069" name="CRo PLZEN" type="10" provider="Cesky Rozhlas" onid="3" tsid="3233" namespace="0x00eb0000" radio="1" />
        <service id="0x1f78" sid="8056" name="CRo RADIO JUNIOR" type="10" provider="Cesky Rozhlas" onid="3" tsid="3233" namespace="0x00eb0000" radio="1" />
        <service id="0x1f7d" sid="8061" name="CRo RADIO PRAGUE Int" type="10" provider="Cesky Rozhlas" onid="3" tsid="3233" namespace="0x00eb0000" radio="1" />
        <service id="0x1f7b" sid="8059" name="CRo RADIO PRAHA" type="10" provider="Cesky Rozhlas" onid="3" tsid="3233" namespace="0x00eb0000" radio="1" />
        <service id="0x1f77" sid="8055" name="CRo RADIO WAVE" type="10" provider="Cesky Rozhlas" onid="3" tsid="3233" namespace="0x00eb0000" radio="1" />
        <service id="0x1f73" sid="8051" name="CRo RADIOZURNAL" type="10" provider="Cesky Rozhlas" onid="3" tsid="3233" namespace="0x00eb0000" radio="1" />
        <service id="0x1f88" sid="8072" name="CRo SEVER" type="10" provider="Cesky Rozhlas" onid="3" tsid="3233" namespace="0x00eb0000" radio="1" />
        <service id="0x1f7c" sid="8060" name="CRo STREDNI CECHY" type="10" provider="Cesky Rozhlas" onid="3" tsid="3233" namespace="0x00eb0000" radio="1" />
        <service id="0x1f75" sid="8053" name="CRo VLTAVA" type="10" provider="Cesky Rozhlas" onid="3" tsid="3233" namespace="0x00eb0000" radio="1" />
        <service id="0x1f83" sid="8067" name="CRo VYSOCINA" type="10" provider="Cesky Rozhlas" onid="3" tsid="3233" namespace="0x00eb0000" radio="1" />
        <service id="0x1f89" sid="8073" name="CRo ZLIN" type="10" provider="Cesky Rozhlas" onid="3" tsid="3233" namespace="0x00eb0000" radio="1" />
      </transponder>
    </satellite>
    <satellite key="00eb0000:0ca2:0003" name="Astra-23.5E" namespace="0x00eb0000" position="23.5">
      <transponder key="00eb0000:0ca2:0003" frequency="12363000" symbol_rate="29500000" polarization="V" fec="3" system="0" modulation="0">
        <service id="0x134f" sid="4943" name="BEAT JZ" type="1" provider="Towercom" onid="3" tsid="3234" namespace="0x00eb0000" />
        <service id="0x0222" sid="546" name="BEAT SV" type="1" provider="Towercom" onid="3" tsid="3234" namespace="0x00eb0000" />
        <service id="0x0224" sid="548" name="COUNTRY JZ" type="1" provider="Towercom" onid="3" tsid="3234" namespace="0x00eb0000" />
        <service id="0x0225" sid="549" name="COUNTRY SV" type="1" provider="Towercom" onid="3" tsid="3234" namespace="0x00eb0000" />
        <service id="0x4e84" sid="20100" name="RTS Nauka" type="1" provider="Telekom Srbija" onid="3" tsid="3234" namespace="0x00eb0000" />
        <service id="0x4f26" sid="20262" name="RTS Poletarac 2" type="1" provider="Telekom Srbija" onid="3" tsid="3234" namespace="0x00eb0000" />
        <service id="0x0212" sid="530" name="TA3 HD" type="25" provider="Towercom" onid="3" tsid="3234" namespace="0x00eb0000" />
        <service id="0x143c" sid="5180" name="TBN Ukraine" type="1" provider="" onid="3" tsid="3234" namespace="0x00eb0000" />
        <service id="0x05a6" sid="1446" name="TV Rain" type="1" provider="FFmpeg" onid="3" tsid="3234" namespace="0x00eb0000" />
        <service id="0x134c" sid="4940" name="BEAT" type="2" provider="Towercom" onid="3" tsid="3234" namespace="0x00eb0000" radio="1" />
        <service id="0x134d" sid="4941" name="BEAT JM" type="2" provider="Towercom" onid="3" tsid="3234" namespace="0x00eb0000" radio="1" />
        <service id="0x134e" sid="4942" name="BEAT SM" type="2" provider="Towercom" onid="3" tsid="3234" namespace="0x00eb0000" radio="1" />
        <service id="0x054c" sid="1356" name="BEAT V" type="2" provider="Towercom" onid="3" tsid="3234" namespace="0x00eb0000" radio="1" />
        <service id="0x0223" sid="547" name="COUNTRY JM" type="2" provider="Towercom" onid="3" tsid="3234" namespace="0x00eb0000" radio="1" />
        <service id="0x133d" sid="4925" name="Devin" type="2" provider="Towercom" onid="3" tsid="3234" namespace="0x00eb0000" radio="1" />
        <service id="0x135b" sid="4955" name="Europa 2 S" type="2" provider="Towercom" onid="3" tsid="3234" namespace="0x00eb0000" radio="1" />
        <service id="0x135c" sid="4956" name="Europa 2 V" type="2" provider="Towercom" onid="3" tsid="3234" namespace="0x00eb0000" radio="1" />
        <service id="0x135a" sid="4954" name="Europa 2 Z" type="2" provider="Towercom" onid="3" tsid="3234" namespace="0x00eb0000" radio="1" />
        <service id="0x0256" sid="598" name="European Radio for Belarus" type="2" provider="SES ASTRA" onid="3" tsid="3234" namespace="0x00eb0000" radio="1" />
        <service id="0x054e" sid="1358" name="Expres S" type="2" provider="Towercom" onid="3" tsid="3234" namespace="0x00eb0000" radio="1" />
        <service id="0x054f" sid="1359" name="Expres V" type="2" provider="Towercom" onid="3" tsid="3234" namespace="0x00eb0000" radio="1" />
        <service id="0x054d" sid="1357" name="Expres Z" type="2" provider="Towercom" onid="3" tsid="3234" namespace="0x00eb0000" radio="1" />
        <service id="0x135e" sid="4958" name="FUNRADIO S" type="2" provider="Towercom" onid="3" tsid="3234" namespace="0x00eb0000" radio="1" />
        <service id="0x135f" sid="4959" name="FUNRADIO V" type="2" provider="Towercom" onid="3" tsid="3234" namespace="0x00eb0000" radio="1" />
        <service id="0x135d" sid="4957" name="FUNRADIO Z" type="2" provider="Towercom" onid="3" tsid="3234" namespace="0x00eb0000" radio="1" />
        <service id="0x053d" sid="1341" name="Junior" type="2" provider="Towercom" onid="3" tsid="3234" namespace="0x00eb0000" radio="1" />
        <service id="0x053c" sid="1340" name="Litera" type="2" provider="Towercom" onid="3" tsid="3234" namespace="0x00eb0000" radio="1" />
        <service id="0x021e" sid="542" name="Melody S" type="2" provider="Towercom" onid="3" tsid="3234" namespace="0x00eb0000" radio="1" />
        <service id="0x021f" sid="543" name="Melody V" type="2" provider="Towercom" onid="3" tsid="3234" namespace="0x00eb0000" radio="1" />
        <service id="0x021d" sid="541" name="Melody Z" type="2" provider="Towercom" onid="3" tsid="3234" namespace="0x00eb0000" radio="1" />
        <service id="0x134a" sid="4938" name="Patria" type="2" provider="Towercom" onid="3" tsid="3234" namespace="0x00eb0000" radio="1" />
        <service id="0x053e" sid="1342" name="PatriaFM" type="2" provider="Towercom" onid="3" tsid="3234" namespace="0x00eb0000" radio="1" />
        <service id="0x053f" sid="1343" name="PatriaRD" type="2" provider="Towercom" onid="3" tsid="3234" namespace="0x00eb0000" radio="1" />
        <service id="0x134b" sid="4939" name="PROSTOR" type="2" provider="Towercom" onid="3" tsid="3234" namespace="0x00eb0000" radio="1" />
        <service id="0x0220" sid="544" name="Radio Lumen" type="2" provider="Towercom" onid="3" tsid="3234" namespace="0x00eb0000" radio="1" />
        <service id="0x133e" sid="4926" name="Radio_FM" type="2" provider="Towercom" onid="3" tsid="3234" namespace="0x00eb0000" radio="1" />
        <service id="0x133a" sid="4922" name="ReginaBA" type="2" provider="Towercom" onid="3" tsid="3234" namespace="0x00eb0000" radio="1" />
        <service id="0x133b" sid="4923" name="ReginaBB" type="2" provider="Towercom" onid="3" tsid="3234" namespace="0x00eb0000" radio="1" />
        <service id="0x133c" sid="4924" name="ReginaKE" type="2" provider="Towercom" onid="3" tsid="3234" namespace="0x00eb0000" radio="1" />
        <service id="0x0221" sid="545" name="ROCK" type="2" provider="Towercom" onid="3" tsid="3234" namespace="0x00eb0000" radio="1" />
        <service id="0x021c" sid="540" name="Slovakia" type="2" provider="Towercom" onid="3" tsid="3234" namespace="0x00eb0000" radio="1" />
        <service id="0x053b" sid="1339" name="Slovensko" type="2" provider="Towercom" onid="3" tsid="3234" namespace="0x00eb0000" radio="1" />
        <service id="0x0252" sid="594" name="VLNA SS" type="2" provider="Towercom" onid="3" tsid="3234" namespace="0x00eb0000" radio="1" />
        <service id="0x0253" sid="595" name="VLNA VS" type="2" provider="Towercom" onid="3" tsid="3234" namespace="0x00eb0000" radio="1" />
        <service id="0x0251" sid="593" name="VLNA ZS" type="2" provider="Towercom" onid="3" tsid="3234" namespace="0x00eb0000" radio="1" />
      </transponder>
    </satellite>
    <satellite key="00eb0000:0ca4:0003" name="Astra-23.5E" namespace="0x00eb0000" position="23.5">
      <transponder key="00eb0000:0ca4:0003" frequency="12402000" symbol_rate="30000000" polarization="V" fec="3" system="0" modulation="0">
        <service id="0x4eac" sid="20140" name="24Kitchen" type="1" provider="Telekom Srbija" onid="3" tsid="3236" namespace="0x00eb0000" />
        <service id="0x4ebd" sid="20157" name="Arena 1x2" type="1" provider="Telekom Srbija" onid="3" tsid="3236" namespace="0x00eb0000" />
        <service id="0x4eaf" sid="20143" name="Arena Premium 1" type="1" provider="Telekom Srbija" onid="3" tsid="3236" namespace="0x00eb0000" />
        <service id="0x4ea9" sid="20137" name="Arena Premium_1" type="1" provider="Telekom Srbija" onid="3" tsid="3236" namespace="0x00eb0000" />
        <service id="0x4ea0" sid="20128" name="Arena Premium_2" type="25" provider="Telekom Srbija" onid="3" tsid="3236" namespace="0x00eb0000" />
        <service id="0x4eae" sid="20142" name="Arena Sport 10 HD" type="1" provider="Telekom Srbija" onid="3" tsid="3236" namespace="0x00eb0000" />
        <service id="0x4eed" sid="20205" name="Arena Sport 8 HD" type="1" provider="" onid="3" tsid="3236" namespace="0x00eb0000" />
        <service id="0x4e8f" sid="20111" name="ATV" type="1" provider="Telekom Srbija" onid="3" tsid="3236" namespace="0x00eb0000" />
        <service id="0x4e99" sid="20121" name="BBC Earth" type="1" provider="Telekom Srbija" onid="3" tsid="3236" namespace="0x00eb0000" />
        <service id="0x4eba" sid="20154" name="BN Music" type="1" provider="Telekom Srbija" onid="3" tsid="3236" namespace="0x00eb0000" />
        <service id="0x4ed5" sid="20181" name="Brazzers" type="1" provider="" onid="3" tsid="3236" namespace="0x00eb0000" />
        <service id="0x4ebe" sid="20158" name="City Play" type="1" provider="Telekom Srbija" onid="3" tsid="3236" namespace="0x00eb0000" />
        <service id="0x4ec5" sid="20165" name="CNN" type="1" provider="Telekom Srbija" onid="3" tsid="3236" namespace="0x00eb0000" />
        <service id="0x4e98" sid="20120" name="Discovery Channel" type="1" provider="Telekom Srbija" onid="3" tsid="3236" namespace="0x00eb0000" />
        <service id="0x4ebb" sid="20155" name="DM SAT" type="1" provider="Telekom Srbija" onid="3" tsid="3236" namespace="0x00eb0000" />
        <service id="0x4ec2" sid="20162" name="Duga plus" type="1" provider="Telekom Srbija" onid="3" tsid="3236" namespace="0x00eb0000" />
        <service id="0x4ec7" sid="20167" name="DW English" type="1" provider="Telekom Srbija" onid="3" tsid="3236" namespace="0x00eb0000" />
        <service id="0x4ec6" sid="20166" name="Euronews" type="1" provider="Telekom Srbija" onid="3" tsid="3236" namespace="0x00eb0000" />
        <service id="0x4e9d" sid="20125" name="History 2" type="25" provider="Telekom Srbija" onid="3" tsid="3236" namespace="0x00eb0000" />
        <service id="0x4ea4" sid="20132" name="ID" type="1" provider="Telekom Srbija" onid="3" tsid="3236" namespace="0x00eb0000" />
        <service id="0x4ea6" sid="20134" name="KCN 1" type="1" provider="Telekom Srbija" onid="3" tsid="3236" namespace="0x00eb0000" />
        <service id="0x4e9b" sid="20123" name="National Geographic" type="1" provider="Telekom Srbija" onid="3" tsid="3236" namespace="0x00eb0000" />
        <service id="0x4e9c" sid="20124" name="National Geographic Wild" type="25" provider="Telekom Srbija" onid="3" tsid="3236" namespace="0x00eb0000" />
        <service id="0x4eb6" sid="20150" name="Nova BH" type="1" provider="Telekom Srbija" onid="3" tsid="3236" namespace="0x00eb0000" />
        <service id="0x4ead" sid="20141" name="Pink Folk" type="1" provider="Telekom Srbija" onid="3" tsid="3236" namespace="0x00eb0000" />
        <service id="0x4eb8" sid="20152" name="Pink Hits 1" type="1" provider="Telekom Srbija" onid="3" tsid="3236" namespace="0x00eb0000" />
        <service id="0x4eb9" sid="20153" name="Pink&amp;Roll" type="1" provider="Telekom Srbija" onid="3" tsid="3236" namespace="0x00eb0000" />
        <service id="0x4ec8" sid="20168" name="RT" type="1" provider="Telekom Srbija" onid="3" tsid="3236" namespace="0x00eb0000" />
        <service id="0x4eb0" sid="20144" name="RTL Croatia" type="1" provider="Telekom Srbija" onid="3" tsid="3236" namespace="0x00eb0000" />
        <service id="0x4ec3" sid="20163" name="RTR Planeta" type="1" provider="Telekom Srbija" onid="3" tsid="3236" namespace="0x00eb0000" />
        <service id="0x4e97" sid="20119" name="RTRS Plus" type="1" provider="Telekom Srbija" onid="3" tsid="3236" namespace="0x00eb0000" />
        <service id="0x4e64" sid="20068" name="Star Crime HD" type="1" provider="Telekom Srbija" onid="3" tsid="3236" namespace="0x00eb0000" />
        <service id="0x4e63" sid="20067" name="Star Life HD" type="1" provider="Telekom Srbija" onid="3" tsid="3236" namespace="0x00eb0000" />
        <service id="0x4ee6" sid="20198" name="Telemark" type="1" provider="Telekom Srbija" onid="3" tsid="3236" namespace="0x00eb0000" />
        <service id="0x4ea7" sid="20135" name="Toxic Folk" type="1" provider="Telekom Srbija" onid="3" tsid="3236" namespace="0x00eb0000" />
        <service id="0x4ebc" sid="20156" name="Toxic Rap" type="1" provider="Telekom Srbija" onid="3" tsid="3236" namespace="0x00eb0000" />
        <service id="0x4eb1" sid="20145" name="TV Hayat" type="1" provider="Telekom Srbija" onid="3" tsid="3236" namespace="0x00eb0000" />
        <service id="0x4eb2" sid="20146" name="TV Hayat 2" type="1" provider="Telekom Srbija" onid="3" tsid="3236" namespace="0x00eb0000" />
        <service id="0x4eb4" sid="20148" name="TV Hayat Folk Box" type="1" provider="Telekom Srbija" onid="3" tsid="3236" namespace="0x00eb0000" />
        <service id="0x4eb5" sid="20149" name="TV Hayat Music Box" type="1" provider="Telekom Srbija" onid="3" tsid="3236" namespace="0x00eb0000" />
        <service id="0x4eb3" sid="20147" name="TV Hayatovci" type="1" provider="Telekom Srbija" onid="3" tsid="3236" namespace="0x00eb0000" />
        <service id="0x4e9f" sid="20127" name="Viasat Explore" type="25" provider="Telekom Srbija" onid="3" tsid="3236" namespace="0x00eb0000" />
        <service id="0x4e9e" sid="20126" name="Viasat History" type="25" provider="Telekom Srbija" onid="3" tsid="3236" namespace="0x00eb0000" />
      </transponder>
    </satellite>
    <satellite key="00eb0000:0ca5:0003" name="Astra-23.5E" namespace="0x00eb0000" position="23.5">
      <transponder key="00eb0000:0ca5:0003" frequency="12422000" symbol_rate="30000000" polarization="H" fec="3" system="0" modulation="0">
        <service id="0x4f1b" sid="20251" name="Adria TV" type="1" provider="Telekom Srbija" onid="3" tsid="3237" namespace="0x00eb0000" />
        <service id="0x4e6b" sid="20075" name="Arena Fight" type="1" provider="Telekom Srbija" onid="3" tsid="3237" namespace="0x00eb0000" />
        <service id="0x4eca" sid="20170" name="Arena Premium 3" type="1" provider="Telekom Srbija" onid="3" tsid="3237" namespace="0x00eb0000" />
        <service id="0x4f08" sid="20232" name="Arena Premium_3" type="1" provider="Telekom Srbija" onid="3" tsid="3237" namespace="0x00eb0000" />
        <service id="0x4ee9" sid="20201" name="Arena Sport 1 HD CG" type="1" provider="Telekom Srbija" onid="3" tsid="3237" namespace="0x00eb0000" />
        <service id="0x4ee8" sid="20200" name="Arena Sport_1 HD" type="1" provider="Telekom Srbija" onid="3" tsid="3237" namespace="0x00eb0000" />
        <service id="0x4efb" sid="20219" name="Arena_Sport 4" type="1" provider="Telekom Srbija" onid="3" tsid="3237" namespace="0x00eb0000" />
        <service id="0x4f09" sid="20233" name="Arena_Sport 6" type="1" provider="Telekom Srbija" onid="3" tsid="3237" namespace="0x00eb0000" />
        <service id="0x4f24" sid="20260" name="Baby TV" type="1" provider="Telekom Srbija" onid="3" tsid="3237" namespace="0x00eb0000" />
        <service id="0x4e56" sid="20054" name="Balkan Trip" type="1" provider="Telekom Srbija" onid="3" tsid="3237" namespace="0x00eb0000" />
        <service id="0x4f01" sid="20225" name="Cool TV" type="1" provider="Telekom Srbija" onid="3" tsid="3237" namespace="0x00eb0000" />
        <service id="0x4f02" sid="20226" name="Digi 24" type="1" provider="Telekom Srbija" onid="3" tsid="3237" namespace="0x00eb0000" />
        <service id="0x4ed4" sid="20180" name="Dorcel" type="1" provider="Telekom Srbija" onid="3" tsid="3237" namespace="0x00eb0000" />
        <service id="0x4f06" sid="20230" name="Etno" type="1" provider="Telekom Srbija" onid="3" tsid="3237" namespace="0x00eb0000" />
        <service id="0x4f14" sid="20244" name="Face TV" type="1" provider="Telekom Srbija" onid="3" tsid="3237" namespace="0x00eb0000" />
        <service id="0x4f07" sid="20231" name="Favorit TV" type="1" provider="Telekom Srbija" onid="3" tsid="3237" namespace="0x00eb0000" />
        <service id="0x4f00" sid="20224" name="Film +" type="1" provider="Telekom Srbija" onid="3" tsid="3237" namespace="0x00eb0000" />
        <service id="0x4efe" sid="20222" name="Film 4" type="1" provider="Telekom Srbija" onid="3" tsid="3237" namespace="0x00eb0000" />
        <service id="0x4ecb" sid="20171" name="FOX News" type="1" provider="Telekom Srbija" onid="3" tsid="3237" namespace="0x00eb0000" />
        <service id="0x4eda" sid="20186" name="Hustler" type="1" provider="Telekom Srbija" onid="3" tsid="3237" namespace="0x00eb0000" />
        <service id="0x4f04" sid="20228" name="Informer TV" type="1" provider="Telekom Srbija" onid="3" tsid="3237" namespace="0x00eb0000" />
        <service id="0x4f16" sid="20246" name="K3" type="1" provider="Telekom Srbija" onid="3" tsid="3237" namespace="0x00eb0000" />
        <service id="0x4e4d" sid="20045" name="Kurir TV" type="1" provider="Telekom Srbija" onid="3" tsid="3237" namespace="0x00eb0000" />
        <service id="0x4ece" sid="20174" name="Novi Pazar" type="1" provider="Telekom Srbija" onid="3" tsid="3237" namespace="0x00eb0000" />
        <service id="0x4ee1" sid="20193" name="Novosadska TV" type="1" provider="Telekom Srbija" onid="3" tsid="3237" namespace="0x00eb0000" />
        <service id="0x4f11" sid="20241" name="OBN" type="1" provider="Telekom Srbija" onid="3" tsid="3237" namespace="0x00eb0000" />
        <service id="0x4ee0" sid="20192" name="Panon TV" type="1" provider="Telekom Srbija" onid="3" tsid="3237" namespace="0x00eb0000" />
        <service id="0x4f13" sid="20243" name="Pink BiH" type="1" provider="Telekom Srbija" onid="3" tsid="3237" namespace="0x00eb0000" />
        <service id="0x4f03" sid="20227" name="Pro TV International" type="1" provider="Telekom Srbija" onid="3" tsid="3237" namespace="0x00eb0000" />
        <service id="0x4f12" sid="20242" name="RTL" type="1" provider="Telekom Srbija" onid="3" tsid="3237" namespace="0x00eb0000" />
        <service id="0x4f15" sid="20245" name="RTL 2" type="1" provider="Telekom Srbija" onid="3" tsid="3237" namespace="0x00eb0000" />
        <service id="0x4f0a" sid="20234" name="RTL Gold" type="1" provider="Telekom Srbija" onid="3" tsid="3237" namespace="0x00eb0000" />
        <service id="0x4eff" sid="20223" name="RTL Harom" type="1" provider="Telekom Srbija" onid="3" tsid="3237" namespace="0x00eb0000" />
        <service id="0x4f0b" sid="20235" name="Sorozat +" type="1" provider="Telekom Srbija" onid="3" tsid="3237" namespace="0x00eb0000" />
        <service id="0x4f0d" sid="20237" name="Super TV2" type="1" provider="Telekom Srbija" onid="3" tsid="3237" namespace="0x00eb0000" />
        <service id="0x4eea" sid="20202" name="Superstar TV_HD" type="1" provider="Telekom Srbija" onid="3" tsid="3237" namespace="0x00eb0000" />
        <service id="0x4ecc" sid="20172" name="Tanjug TV" type="1" provider="Telekom Srbija" onid="3" tsid="3237" namespace="0x00eb0000" />
        <service id="0x4e60" sid="20064" name="Toxic" type="1" provider="" onid="3" tsid="3237" namespace="0x00eb0000" />
        <service id="0x4f05" sid="20229" name="Trinitas" type="1" provider="Telekom Srbija" onid="3" tsid="3237" namespace="0x00eb0000" />
        <service id="0x4f0c" sid="20236" name="TV 2" type="1" provider="Telekom Srbija" onid="3" tsid="3237" namespace="0x00eb0000" />
        <service id="0x4ee4" sid="20196" name="TV 5" type="1" provider="Telekom Srbija" onid="3" tsid="3237" namespace="0x00eb0000" />
        <service id="0x4f10" sid="20240" name="TV Mreza Most" type="1" provider="Telekom Srbija" onid="3" tsid="3237" namespace="0x00eb0000" />
        <service id="0x4f1a" sid="20250" name="TV Niksic" type="1" provider="Telekom Srbija" onid="3" tsid="3237" namespace="0x00eb0000" />
        <service id="0x4f1c" sid="20252" name="TV Pljevlja" type="1" provider="Telekom Srbija" onid="3" tsid="3237" namespace="0x00eb0000" />
        <service id="0x4ecd" sid="20173" name="TVCG3" type="1" provider="Telekom Srbija" onid="3" tsid="3237" namespace="0x00eb0000" />
        <service id="0x4e30" sid="20016" name="UNA TV" type="1" provider="Telekom Srbija" onid="3" tsid="3237" namespace="0x00eb0000" />
        <service id="0x4ede" sid="20190" name="Zona Plus" type="1" provider="Telekom Srbija" onid="3" tsid="3237" namespace="0x00eb0000" />
      </transponder>
    </satellite>
    <satellite key="00eb0000:0ca6:0003" name="Astra-23.5E" namespace="0x00eb0000" position="23.5">
      <transponder key="00eb0000:0ca6:0003" frequency="12441000" symbol_rate="30000000" polarization="V" fec="3" system="0" modulation="0">
        <service id="0x4f38" sid="20280" name="24Kitchen Adria" type="1" provider="Telekom Srbija" onid="3" tsid="3238" namespace="0x00eb0000" />
        <service id="0x4f32" sid="20274" name="Alfa TV" type="1" provider="Telekom Srbija" onid="3" tsid="3238" namespace="0x00eb0000" />
        <service id="0x4f33" sid="20275" name="Alsat M" type="1" provider="Telekom Srbija" onid="3" tsid="3238" namespace="0x00eb0000" />
        <service id="0x4f3a" sid="20282" name="Arena Sport 9 HD" type="1" provider="Telekom Srbija" onid="3" tsid="3238" namespace="0x00eb0000" />
        <service id="0x4e46" sid="20038" name="Arena Sport_2 HD" type="1" provider="Telekom Srbija" onid="3" tsid="3238" namespace="0x00eb0000" />
        <service id="0x4e57" sid="20055" name="Arena Sport_3 HD" type="1" provider="Telekom Srbija" onid="3" tsid="3238" namespace="0x00eb0000" />
        <service id="0x4e6d" sid="20077" name="Bloomberg Adria" type="1" provider="Telekom Srbija" onid="3" tsid="3238" namespace="0x00eb0000" />
        <service id="0x4ebf" sid="20159" name="Bravo music" type="1" provider="Telekom Srbija" onid="3" tsid="3238" namespace="0x00eb0000" />
        <service id="0x4ed0" sid="20176" name="Eko Vizija" type="1" provider="Telekom Srbija" onid="3" tsid="3238" namespace="0x00eb0000" />
        <service id="0x4f1e" sid="20254" name="HGTV" type="1" provider="Telekom Srbija" onid="3" tsid="3238" namespace="0x00eb0000" />
        <service id="0x4f34" sid="20276" name="Kanal 5" type="1" provider="Telekom Srbija" onid="3" tsid="3238" namespace="0x00eb0000" />
        <service id="0x4e5c" sid="20060" name="KCN 3 Svet plus" type="1" provider="Telekom Srbija" onid="3" tsid="3238" namespace="0x00eb0000" />
        <service id="0x4ef5" sid="20213" name="KCN Music 2" type="1" provider="Telekom Srbija" onid="3" tsid="3238" namespace="0x00eb0000" />
        <service id="0x4e92" sid="20114" name="Koreni" type="1" provider="Telekom Srbija" onid="3" tsid="3238" namespace="0x00eb0000" />
        <service id="0x4f25" sid="20261" name="MRT 1" type="1" provider="" onid="3" tsid="3238" namespace="0x00eb0000" />
        <service id="0x4f27" sid="20263" name="MRT 2" type="1" provider="" onid="3" tsid="3238" namespace="0x00eb0000" />
        <service id="0x4f28" sid="20264" name="MRT 3" type="1" provider="" onid="3" tsid="3238" namespace="0x00eb0000" />
        <service id="0x4f29" sid="20265" name="MRT 4" type="1" provider="" onid="3" tsid="3238" namespace="0x00eb0000" />
        <service id="0x4f2a" sid="20266" name="MRT 5" type="1" provider="" onid="3" tsid="3238" namespace="0x00eb0000" />
        <service id="0x4ecf" sid="20175" name="Narodna TV" type="1" provider="Telekom Srbija" onid="3" tsid="3238" namespace="0x00eb0000" />
        <service id="0x4f2c" sid="20268" name="Nasha TV" type="1" provider="" onid="3" tsid="3238" namespace="0x00eb0000" />
        <service id="0x4f37" sid="20279" name="Nat Geo Adria" type="1" provider="Telekom Srbija" onid="3" tsid="3238" namespace="0x00eb0000" />
        <service id="0x4e6e" sid="20078" name="Ona" type="1" provider="Telekom Srbija" onid="3" tsid="3238" namespace="0x00eb0000" />
        <service id="0x4e70" sid="20080" name="Pink family" type="1" provider="Telekom Srbija" onid="3" tsid="3238" namespace="0x00eb0000" />
        <service id="0x4eb7" sid="20151" name="Pink music" type="1" provider="Telekom Srbija" onid="3" tsid="3238" namespace="0x00eb0000" />
        <service id="0x4ec0" sid="20160" name="Pink music 2" type="1" provider="Telekom Srbija" onid="3" tsid="3238" namespace="0x00eb0000" />
        <service id="0x4f39" sid="20281" name="Premier League TV HD" type="1" provider="Telekom Srbija" onid="3" tsid="3238" namespace="0x00eb0000" />
        <service id="0x4f2d" sid="20269" name="RTV 21 M" type="1" provider="" onid="3" tsid="3238" namespace="0x00eb0000" />
        <service id="0x4f30" sid="20272" name="Sitel" type="1" provider="Telekom Srbija" onid="3" tsid="3238" namespace="0x00eb0000" />
        <service id="0x4f2b" sid="20267" name="Sobraniski Kanal" type="1" provider="" onid="3" tsid="3238" namespace="0x00eb0000" />
        <service id="0x4f35" sid="20277" name="Star Adria" type="1" provider="Telekom Srbija" onid="3" tsid="3238" namespace="0x00eb0000" />
        <service id="0x4f36" sid="20278" name="Star Crime Adria" type="1" provider="Telekom Srbija" onid="3" tsid="3238" namespace="0x00eb0000" />
        <service id="0x4f31" sid="20273" name="Telma" type="1" provider="Telekom Srbija" onid="3" tsid="3238" namespace="0x00eb0000" />
        <service id="0x4eaa" sid="20138" name="Top Channel" type="1" provider="Telekom Srbija" onid="3" tsid="3238" namespace="0x00eb0000" />
        <service id="0x4eab" sid="20139" name="Tring Action" type="1" provider="Telekom Srbija" onid="3" tsid="3238" namespace="0x00eb0000" />
        <service id="0x4ea2" sid="20130" name="Tring Tring" type="1" provider="Telekom Srbija" onid="3" tsid="3238" namespace="0x00eb0000" />
        <service id="0x4ea1" sid="20129" name="Turizam" type="1" provider="Telekom Srbija" onid="3" tsid="3238" namespace="0x00eb0000" />
        <service id="0x4f2e" sid="20270" name="TV 24" type="1" provider="" onid="3" tsid="3238" namespace="0x00eb0000" />
        <service id="0x4f1d" sid="20253" name="TV Budva" type="1" provider="Telekom Srbija" onid="3" tsid="3238" namespace="0x00eb0000" />
        <service id="0x4ee3" sid="20195" name="TV Galaksija 32" type="1" provider="Telekom Srbija" onid="3" tsid="3238" namespace="0x00eb0000" />
        <service id="0x4ea8" sid="20136" name="TV Klan" type="1" provider="Telekom Srbija" onid="3" tsid="3238" namespace="0x00eb0000" />
        <service id="0x4edf" sid="20191" name="TV Palma" type="1" provider="Telekom Srbija" onid="3" tsid="3238" namespace="0x00eb0000" />
        <service id="0x4ee2" sid="20194" name="V5" type="1" provider="Telekom Srbija" onid="3" tsid="3238" namespace="0x00eb0000" />
        <service id="0x0591" sid="1425" name="BN radio" type="2" provider="Telekom Srbija" onid="3" tsid="3238" namespace="0x00eb0000" radio="1" />
      </transponder>
    </satellite>
    <satellite key="00eb0000:0ca7:0003" name="Astra-23.5E" namespace="0x00eb0000" position="23.5">
      <transponder key="00eb0000:0ca7:0003" frequency="12460000" symbol_rate="30000000" polarization="H" fec="3" system="0" modulation="0">
        <service id="0x4e52" sid="20050" name="Arena ESport" type="1" provider="" onid="3" tsid="3239" namespace="0x00eb0000" />
        <service id="0x4e34" sid="20020" name="Arena Sport 1 HD" type="25" provider="Telekom Srbija" onid="3" tsid="3239" namespace="0x00eb0000" />
        <service id="0x4e35" sid="20021" name="Arena Sport 2 HD" type="25" provider="Telekom Srbija" onid="3" tsid="3239" namespace="0x00eb0000" />
        <service id="0x4e36" sid="20022" name="Arena Sport 3 HD" type="25" provider="Telekom Srbija" onid="3" tsid="3239" namespace="0x00eb0000" />
        <service id="0x4e37" sid="20023" name="Arena Sport 4 HD" type="25" provider="Telekom Srbija" onid="3" tsid="3239" namespace="0x00eb0000" />
        <service id="0x4e38" sid="20024" name="Arena Sport 5 HD" type="25" provider="Telekom Srbija" onid="3" tsid="3239" namespace="0x00eb0000" />
        <service id="0x4e26" sid="20006" name="B92" type="1" provider="Telekom Srbija" onid="3" tsid="3239" namespace="0x00eb0000" />
        <service id="0x4e45" sid="20037" name="Disney" type="1" provider="Telekom Srbija" onid="3" tsid="3239" namespace="0x00eb0000" />
        <service id="0x4e47" sid="20039" name="Disney Jr" type="1" provider="Telekom Srbija" onid="3" tsid="3239" namespace="0x00eb0000" />
        <service id="0x4e41" sid="20033" name="Euronews Serbia" type="1" provider="Telekom Srbija" onid="3" tsid="3239" namespace="0x00eb0000" />
        <service id="0x4e3a" sid="20026" name="Eurosport 1 HD" type="25" provider="Telekom Srbija" onid="3" tsid="3239" namespace="0x00eb0000" />
        <service id="0x4e3b" sid="20027" name="Eurosport 2 HD" type="25" provider="Telekom Srbija" onid="3" tsid="3239" namespace="0x00eb0000" />
        <service id="0x4e27" sid="20007" name="Happy TV" type="1" provider="Telekom Srbija" onid="3" tsid="3239" namespace="0x00eb0000" />
        <service id="0x4e48" sid="20040" name="HRT 1" type="1" provider="Telekom Srbija" onid="3" tsid="3239" namespace="0x00eb0000" />
        <service id="0x4e49" sid="20041" name="HRT 2" type="1" provider="Telekom Srbija" onid="3" tsid="3239" namespace="0x00eb0000" />
        <service id="0x4e4b" sid="20043" name="HRT 3" type="1" provider="Telekom Srbija" onid="3" tsid="3239" namespace="0x00eb0000" />
        <service id="0x4e44" sid="20036" name="Hype TV" type="1" provider="Telekom Srbija" onid="3" tsid="3239" namespace="0x00eb0000" />
        <service id="0x4e6c" sid="20076" name="Klasik TV" type="1" provider="Telekom Srbija" onid="3" tsid="3239" namespace="0x00eb0000" />
        <service id="0x4e3f" sid="20031" name="Minimax" type="1" provider="Telekom Srbija" onid="3" tsid="3239" namespace="0x00eb0000" />
        <service id="0x4e3e" sid="20030" name="Nickelodeon" type="1" provider="Telekom Srbija" onid="3" tsid="3239" namespace="0x00eb0000" />
        <service id="0x4e40" sid="20032" name="Nickelodeon Junior" type="1" provider="Telekom Srbija" onid="3" tsid="3239" namespace="0x00eb0000" />
        <service id="0x4e2f" sid="20015" name="Niš TV" type="1" provider="Telekom Srbija" onid="3" tsid="3239" namespace="0x00eb0000" />
        <service id="0x4e4e" sid="20046" name="Pink Action" type="1" provider="Telekom Srbija" onid="3" tsid="3239" namespace="0x00eb0000" />
        <service id="0x4e51" sid="20049" name="Pink Comedy" type="1" provider="Telekom Srbija" onid="3" tsid="3239" namespace="0x00eb0000" />
        <service id="0x4e50" sid="20048" name="Pink Crime &amp; Mystery" type="1" provider="Telekom Srbija" onid="3" tsid="3239" namespace="0x00eb0000" />
        <service id="0x4e4c" sid="20044" name="Pink Premium" type="1" provider="Telekom Srbija" onid="3" tsid="3239" namespace="0x00eb0000" />
        <service id="0x4e55" sid="20053" name="Pink Sci-Fi &amp; Fantasy" type="1" provider="Telekom Srbija" onid="3" tsid="3239" namespace="0x00eb0000" />
        <service id="0x4e4f" sid="20047" name="Pink Thriller" type="1" provider="Telekom Srbija" onid="3" tsid="3239" namespace="0x00eb0000" />
        <service id="0x4e53" sid="20051" name="Pink Western" type="1" provider="Telekom Srbija" onid="3" tsid="3239" namespace="0x00eb0000" />
        <service id="0x4e25" sid="20005" name="Prva" type="1" provider="Telekom Srbija" onid="3" tsid="3239" namespace="0x00eb0000" />
        <service id="0x4e2a" sid="20010" name="Red TV" type="1" provider="Telekom Srbija" onid="3" tsid="3239" namespace="0x00eb0000" />
        <service id="0x4e3d" sid="20029" name="SOS Kanal Plus" type="1" provider="Telekom Srbija" onid="3" tsid="3239" namespace="0x00eb0000" />
        <service id="0x4e28" sid="20008" name="Studio B" type="1" provider="Telekom Srbija" onid="3" tsid="3239" namespace="0x00eb0000" />
        <service id="0x4e2d" sid="20013" name="Superstar 3" type="1" provider="Telekom Srbija" onid="3" tsid="3239" namespace="0x00eb0000" />
        <service id="0x4e24" sid="20004" name="TV Pink" type="1" provider="Telekom Srbija" onid="3" tsid="3239" namespace="0x00eb0000" />
        <service id="0x4e2b" sid="20011" name="Vesti" type="1" provider="Telekom Srbija" onid="3" tsid="3239" namespace="0x00eb0000" />
        <service id="0x4e3c" sid="20028" name="Viasat Nature" type="1" provider="Telekom Srbija" onid="3" tsid="3239" namespace="0x00eb0000" />
      </transponder>
    </satellite>
    <satellite key="00eb0000:0ca8:0003" name="Astra-23.5E" namespace="0x00eb0000" position="23.5">
      <transponder key="00eb0000:0ca8:0003" frequency="12480000" symbol_rate="30000000" polarization="V" fec="3" system="0" modulation="0">
        <service id="0x4e86" sid="20102" name="Al Jazeera" type="1" provider="Telekom Srbija" onid="3" tsid="3240" namespace="0x00eb0000" />
        <service id="0x4e5a" sid="20058" name="AMC" type="1" provider="Telekom Srbija" onid="3" tsid="3240" namespace="0x00eb0000" />
        <service id="0x4e5b" sid="20059" name="Arena Premium 2" type="1" provider="Telekom Srbija" onid="3" tsid="3240" namespace="0x00eb0000" />
        <service id="0x4eeb" sid="20203" name="Arena Sport 6 HD" type="1" provider="" onid="3" tsid="3240" namespace="0x00eb0000" />
        <service id="0x4eec" sid="20204" name="Arena Sport 7 HD" type="1" provider="" onid="3" tsid="3240" namespace="0x00eb0000" />
        <service id="0x4e90" sid="20112" name="BHTV" type="1" provider="Telekom Srbija" onid="3" tsid="3240" namespace="0x00eb0000" />
        <service id="0x4e87" sid="20103" name="BN 2" type="1" provider="Telekom Srbija" onid="3" tsid="3240" namespace="0x00eb0000" />
        <service id="0x4e88" sid="20104" name="BN HD" type="1" provider="Telekom Srbija" onid="3" tsid="3240" namespace="0x00eb0000" />
        <service id="0x4e69" sid="20073" name="Cinemax" type="25" provider="Telekom Srbija" onid="3" tsid="3240" namespace="0x00eb0000" />
        <service id="0x4e6a" sid="20074" name="Cinemax 2" type="25" provider="Telekom Srbija" onid="3" tsid="3240" namespace="0x00eb0000" />
        <service id="0x4e5f" sid="20063" name="DIVA" type="1" provider="Telekom Srbija" onid="3" tsid="3240" namespace="0x00eb0000" />
        <service id="0x4e91" sid="20113" name="FTV" type="1" provider="Telekom Srbija" onid="3" tsid="3240" namespace="0x00eb0000" />
        <service id="0x4e67" sid="20071" name="HBO 2 HD" type="25" provider="Telekom Srbija" onid="3" tsid="3240" namespace="0x00eb0000" />
        <service id="0x4e68" sid="20072" name="HBO 3" type="25" provider="Telekom Srbija" onid="3" tsid="3240" namespace="0x00eb0000" />
        <service id="0x4e66" sid="20070" name="HBO HD" type="25" provider="Telekom Srbija" onid="3" tsid="3240" namespace="0x00eb0000" />
        <service id="0x4e94" sid="20116" name="History" type="1" provider="Telekom Srbija" onid="3" tsid="3240" namespace="0x00eb0000" />
        <service id="0x4e5e" sid="20062" name="Hype 2 TV" type="1" provider="Telekom Srbija" onid="3" tsid="3240" namespace="0x00eb0000" />
        <service id="0x4e77" sid="20087" name="K1" type="1" provider="Telekom Srbija" onid="3" tsid="3240" namespace="0x00eb0000" />
        <service id="0x4e79" sid="20089" name="Kazbuka" type="1" provider="Telekom Srbija" onid="3" tsid="3240" namespace="0x00eb0000" />
        <service id="0x4e59" sid="20057" name="M2" type="1" provider="Telekom Srbija" onid="3" tsid="3240" namespace="0x00eb0000" />
        <service id="0x4e5d" sid="20061" name="Muzsika TV" type="1" provider="Telekom Srbija" onid="3" tsid="3240" namespace="0x00eb0000" />
        <service id="0x4e75" sid="20085" name="Newsmax Balkans" type="1" provider="Telekom Srbija" onid="3" tsid="3240" namespace="0x00eb0000" />
        <service id="0x4e73" sid="20083" name="Pink Classic" type="1" provider="Telekom Srbija" onid="3" tsid="3240" namespace="0x00eb0000" />
        <service id="0x4e58" sid="20056" name="Pink Film" type="1" provider="Telekom Srbija" onid="3" tsid="3240" namespace="0x00eb0000" />
        <service id="0x4e78" sid="20088" name="Pink Movies" type="1" provider="Telekom Srbija" onid="3" tsid="3240" namespace="0x00eb0000" />
        <service id="0x4e96" sid="20118" name="Pink Reality" type="1" provider="Telekom Srbija" onid="3" tsid="3240" namespace="0x00eb0000" />
        <service id="0x4e71" sid="20081" name="Pink Serije" type="1" provider="Telekom Srbija" onid="3" tsid="3240" namespace="0x00eb0000" />
        <service id="0x4e74" sid="20084" name="Pink world Cinema" type="1" provider="Telekom Srbija" onid="3" tsid="3240" namespace="0x00eb0000" />
        <service id="0x4e76" sid="20086" name="Prva World" type="1" provider="Telekom Srbija" onid="3" tsid="3240" namespace="0x00eb0000" />
        <service id="0x4e85" sid="20101" name="RTRS" type="1" provider="Telekom Srbija" onid="3" tsid="3240" namespace="0x00eb0000" />
        <service id="0x4e80" sid="20096" name="RTV 1" type="1" provider="Telekom Srbija" onid="3" tsid="3240" namespace="0x00eb0000" />
        <service id="0x4e81" sid="20097" name="RTV 2" type="1" provider="Telekom Srbija" onid="3" tsid="3240" namespace="0x00eb0000" />
        <service id="0x4e61" sid="20065" name="Star HD" type="1" provider="Telekom Srbija" onid="3" tsid="3240" namespace="0x00eb0000" />
        <service id="0x4e62" sid="20066" name="Star Movies HD" type="1" provider="Telekom Srbija" onid="3" tsid="3240" namespace="0x00eb0000" />
        <service id="0x4e95" sid="20117" name="TLC" type="1" provider="Telekom Srbija" onid="3" tsid="3240" namespace="0x00eb0000" />
        <service id="0x4e89" sid="20105" name="TV Hram" type="1" provider="Telekom Srbija" onid="3" tsid="3240" namespace="0x00eb0000" />
        <service id="0x4e8e" sid="20110" name="TV Pink M" type="1" provider="Telekom Srbija" onid="3" tsid="3240" namespace="0x00eb0000" />
        <service id="0x4e8d" sid="20109" name="TV Prva (Crna Gora)" type="1" provider="Telekom Srbija" onid="3" tsid="3240" namespace="0x00eb0000" />
        <service id="0x4e8c" sid="20108" name="TV Vijesti" type="1" provider="Telekom Srbija" onid="3" tsid="3240" namespace="0x00eb0000" />
        <service id="0x4e8a" sid="20106" name="TVCG1" type="1" provider="Telekom Srbija" onid="3" tsid="3240" namespace="0x00eb0000" />
        <service id="0x4e8b" sid="20107" name="TVCG2" type="1" provider="Telekom Srbija" onid="3" tsid="3240" namespace="0x00eb0000" />
      </transponder>
    </satellite>
  </satellites>
</zapit>
