<?xml version='1.0' encoding='utf-8'?>
<zapit>
  <bouquet name="General" category="tv">
    <channel service_ref="1:0:25:01c3:0001:0001:0064a9fc:0:0:0:" name="&lt;|&gt;" service_name="&lt;|&gt;" provider="ERICSSON Television" sid="451" onid="1" tsid="1" />
    <channel service_ref="1:0:25:0001:0001:ffff:00642ad3:0:0:0:" name="Al Forat" service_name="Al Forat" provider="EricssonTV" sid="1" onid="65535" tsid="1" />
    <channel service_ref="1:0:25:0002:0001:fffe:006430e8:0:0:0:" name="Al Naba TV" service_name="Al Naba TV" provider="Al M" sid="2" onid="65534" tsid="1" />
    <channel service_ref="1:0:25:0001:0001:0001:0064ab98:0:0:0:" name="Al Rasheed" service_name="Al Rasheed" provider="Net" sid="1" onid="1" tsid="1" />
    <channel service_ref="1:0:1:0003:0003:0001:00642d76:0:0:0:" name="AMC Africa" service_name="AMC Africa" provider="RR Media" sid="3" onid="1" tsid="3" />
    <channel service_ref="1:0:1:0001:0003:0001:00642d76:0:0:0:" name="AMC Eastern Europe" service_name="AMC Eastern Europe" provider="RR Media" sid="1" onid="1" tsid="3" />
    <channel service_ref="1:0:25:0028:0001:0001:0064b15d:0:0:0:" name="AP GVW" service_name="AP GVW" provider="Harmonic" sid="40" onid="1" tsid="1" />
    <channel service_ref="1:0:25:00c8:0001:0001:0064b15d:0:0:0:" name="APTN London" service_name="APTN London" provider="Harmonic" sid="200" onid="1" tsid="1" />
    <channel service_ref="1:0:25:0005:0001:0001:00642c9b:0:0:0:" name="Baraem Europe" service_name="Baraem Europe" provider="AL JAZEERA CHILDREN" sid="5" onid="1" tsid="1" />
    <channel service_ref="1:0:25:0001:0001:0001:00642c9b:0:0:0:" name="Baraem HD" service_name="Baraem HD" provider="AL JAZEERA CHILDREN CHANNEL" sid="1" onid="1" tsid="1" />
    <channel service_ref="1:0:25:1f4b:0001:0010:00640000:0:0:0:" name="BBC One Delay" service_name="BBC One Delay" provider="BFBS" sid="8011" onid="16" tsid="1" />
    <channel service_ref="1:0:25:1f41:0001:0010:00640000:0:0:0:" name="BBC One England" service_name="BBC One England" provider="BFBS" sid="8001" onid="16" tsid="1" />
    <channel service_ref="1:0:25:1f4c:0001:0010:00640000:0:0:0:" name="BBC Two Delay" service_name="BBC Two Delay" provider="BFBS" sid="8012" onid="16" tsid="1" />
    <channel service_ref="1:0:25:1f42:0001:0010:00640000:0:0:0:" name="BBC Two England" service_name="BBC Two England" provider="BFBS" sid="8002" onid="16" tsid="1" />
    <channel service_ref="1:0:1:0001:0001:ffff:006430dd:0:0:0:" name="Beladi Satellite Channel" service_name="Beladi Satellite Channel" provider="TandbergTV" sid="1" onid="65535" tsid="1" />
    <channel service_ref="1:0:25:1f45:0001:0010:00640000:0:0:0:" name="BFBS 5 (Sky Sports 1)" service_name="BFBS 5 (Sky Sports 1)" provider="BFBS" sid="8005" onid="16" tsid="1" />
    <channel service_ref="1:0:25:1f46:0001:0010:00640000:0:0:0:" name="BFBS 6 (Sky Sports 2)" service_name="BFBS 6 (Sky Sports 2)" provider="BFBS" sid="8006" onid="16" tsid="1" />
    <channel service_ref="1:0:25:1f44:0001:0010:00640000:0:0:0:" name="BFBS Extra" service_name="BFBS Extra" provider="BFBS" sid="8004" onid="16" tsid="1" />
    <channel service_ref="1:0:25:1f4e:0001:0010:00640000:0:0:0:" name="BFBS Extra Delay" service_name="BFBS Extra Delay" provider="BFBS" sid="8014" onid="16" tsid="1" />
    <channel service_ref="1:0:25:1f47:0001:0010:00640000:0:0:0:" name="BFBS Sport" service_name="BFBS Sport" provider="BFBS" sid="8007" onid="16" tsid="1" />
    <channel service_ref="1:0:1:000a:0001:0001:00642c51:0:0:0:" name="El Hiwar Ettounsi" service_name="El Hiwar Ettounsi" provider="TV-Provider" sid="10" onid="1" tsid="1" />
    <channel service_ref="1:0:25:0002:0001:0001:0064ad31:0:0:0:" name="Ennahar Laki" service_name="Ennahar Laki" provider="" sid="2" onid="1" tsid="1" />
    <channel service_ref="1:0:25:0001:0001:0001:0064ad31:0:0:0:" name="Ennahar TV Algérie" service_name="Ennahar TV Algérie" provider="" sid="1" onid="1" tsid="1" />
    <channel service_ref="1:0:25:1f49:0001:0010:00640000:0:0:0:" name="Forces TV" service_name="Forces TV" provider="BFBS" sid="8009" onid="16" tsid="1" />
    <channel service_ref="1:0:25:1f43:0001:0010:00640000:0:0:0:" name="ITV" service_name="ITV" provider="BFBS" sid="8003" onid="16" tsid="1" />
    <channel service_ref="1:0:25:1f4d:0001:0010:00640000:0:0:0:" name="ITV Delay" service_name="ITV Delay" provider="BFBS" sid="8013" onid="16" tsid="1" />
    <channel service_ref="1:0:25:0004:0001:0001:00642c9b:0:0:0:" name="Jeem Europe" service_name="Jeem Europe" provider="AL JAZEERA CHILDREN" sid="4" onid="1" tsid="1" />
    <channel service_ref="1:0:25:0003:0001:0001:00642c9b:0:0:0:" name="Jeem HD" service_name="Jeem HD" provider="AL JAZEERA CHILDREN" sid="3" onid="1" tsid="1" />
    <channel service_ref="1:0:25:0001:0001:ffff:00642d7d:0:0:0:" name="Kurdistan 24 HD" service_name="Kurdistan 24 HD" provider="Kurdistan 24" sid="1" onid="65535" tsid="1" />
    <channel service_ref="1:0:1:0001:0001:ffff:0064ab00:0:0:0:" name="Kurdistan TV" service_name="Kurdistan TV" provider="Service Provider" sid="1" onid="65535" tsid="1" />
    <channel service_ref="1:0:25:01f4:0005:000a:00640000:0:0:0:" name="LBC Europe" service_name="LBC Europe" provider="LBC" sid="500" onid="10" tsid="5" />
    <channel service_ref="1:0:25:01f5:0005:000a:00640000:0:0:0:" name="LDC (Lebanese Diaspora Channel)" service_name="LDC (Lebanese Diaspora Channel)" provider="LBC" sid="501" onid="10" tsid="5" />
    <channel service_ref="1:0:25:01f6:0005:000a:00640000:0:0:0:" name="LDC America" service_name="LDC America" provider="LBCI" sid="502" onid="10" tsid="5" />
    <channel service_ref="1:0:1:0001:0001:ffff:00642bb5:0:0:0:" name="Libya Al Ahrar" service_name="Libya Al Ahrar" provider="Libya" sid="1" onid="65535" tsid="1" />
    <channel service_ref="1:0:25:0001:0008:0001:0064acdb:0:0:0:" name="Manchester United TV" service_name="Manchester United TV" provider="RRsat" sid="1" onid="1" tsid="8" />
    <channel service_ref="1:0:25:1f52:0001:0010:00640000:0:0:0:" name="Nepali Television" service_name="Nepali Television" provider="BFBS" sid="8018" onid="16" tsid="1" />
    <channel service_ref="1:0:25:0001:0001:ffff:00642acb:0:0:0:" name="NourSat" service_name="NourSat" provider="unnamed" sid="1" onid="65535" tsid="1" />
    <channel service_ref="1:0:1:0001:1000:2000:0064aa58:0:0:0:" name="ORTC" service_name="ORTC" provider="Harmonic" sid="1" onid="8192" tsid="4096" />
    <channel service_ref="1:0:25:0001:0001:ffff:0064aa54:0:0:0:" name="Palanca TV" service_name="Palanca TV" provider="TVPALANCA" sid="1" onid="65535" tsid="1" />
    <channel service_ref="1:0:25:0002:4321:00eb:0064ac29:0:0:0:" name="Service 1" service_name="Service 1" provider="EBUER" sid="2" onid="235" tsid="17185" />
    <channel service_ref="1:0:25:1f51:0001:0010:00640000:0:0:0:" name="Sky Movies 1" service_name="Sky Movies 1" provider="BFBS" sid="8017" onid="16" tsid="1" />
    <channel service_ref="1:0:25:1f48:0001:0010:00640000:0:0:0:" name="Sky News" service_name="Sky News" provider="BFBS" sid="8008" onid="16" tsid="1" />
    <channel service_ref="1:0:25:01cd:0001:0001:0064a9fc:0:0:0:" name="TLN Network" service_name="TLN Network" provider="ERICSSON Television" sid="461" onid="1" tsid="1" />
    <channel service_ref="1:0:1:0001:0001:ffff:0064aa06:0:0:0:" name="TV Zimbo" service_name="TV Zimbo" provider="Tv Zimbo" sid="1" onid="65535" tsid="1" />
  </bouquet>
  <bouquet name="Movies" category="tv">
    <channel service_ref="1:0:25:1f51:0001:0010:00640000:0:0:0:" name="Sky Movies 1" service_name="Sky Movies 1" provider="BFBS" sid="8017" onid="16" tsid="1" />
  </bouquet>
  <bouquet name="News" category="tv">
    <channel service_ref="1:0:25:1f48:0001:0010:00640000:0:0:0:" name="Sky News" service_name="Sky News" provider="BFBS" sid="8008" onid="16" tsid="1" />
  </bouquet>
  <bouquet name="Sports" category="tv">
    <channel service_ref="1:0:25:1f45:0001:0010:00640000:0:0:0:" name="BFBS 5 (Sky Sports 1)" service_name="BFBS 5 (Sky Sports 1)" provider="BFBS" sid="8005" onid="16" tsid="1" />
    <channel service_ref="1:0:25:1f46:0001:0010:00640000:0:0:0:" name="BFBS 6 (Sky Sports 2)" service_name="BFBS 6 (Sky Sports 2)" provider="BFBS" sid="8006" onid="16" tsid="1" />
    <channel service_ref="1:0:25:1f47:0001:0010:00640000:0:0:0:" name="BFBS Sport" service_name="BFBS Sport" provider="BFBS" sid="8007" onid="16" tsid="1" />
  </bouquet>
  <bouquet name="RTL" category="tv">
    <channel service_ref="1:0:25:0001:0001:ffff:00642ad3:0:0:0:" name="Al Forat" service_name="Al Forat" provider="EricssonTV" sid="1" onid="65535" tsid="1" />
  </bouquet>
  <bouquet name="ARD/ZDF" category="tv">
    <channel service_ref="1:0:1:0001:0001:ffff:00642bb5:0:0:0:" name="Libya Al Ahrar" service_name="Libya Al Ahrar" provider="Libya" sid="1" onid="65535" tsid="1" />
  </bouquet>
  <bouquet name="BBC" category="tv">
    <channel service_ref="1:0:25:1f4b:0001:0010:00640000:0:0:0:" name="BBC One Delay" service_name="BBC One Delay" provider="BFBS" sid="8011" onid="16" tsid="1" />
    <channel service_ref="1:0:25:1f41:0001:0010:00640000:0:0:0:" name="BBC One England" service_name="BBC One England" provider="BFBS" sid="8001" onid="16" tsid="1" />
    <channel service_ref="1:0:25:1f4c:0001:0010:00640000:0:0:0:" name="BBC Two Delay" service_name="BBC Two Delay" provider="BFBS" sid="8012" onid="16" tsid="1" />
    <channel service_ref="1:0:25:1f42:0001:0010:00640000:0:0:0:" name="BBC Two England" service_name="BBC Two England" provider="BFBS" sid="8002" onid="16" tsid="1" />
  </bouquet>
  <bouquet name="Switzerland" category="tv">
    <channel service_ref="1:0:25:01c3:0001:0001:0064a9fc:0:0:0:" name="&lt;|&gt;" service_name="&lt;|&gt;" provider="ERICSSON Television" sid="451" onid="1" tsid="1" />
    <channel service_ref="1:0:25:1f52:0001:0010:00640000:0:0:0:" name="Nepali Television" service_name="Nepali Television" provider="BFBS" sid="8018" onid="16" tsid="1" />
    <channel service_ref="1:0:25:01cd:0001:0001:0064a9fc:0:0:0:" name="TLN Network" service_name="TLN Network" provider="ERICSSON Television" sid="461" onid="1" tsid="1" />
  </bouquet>
  <bouquet name="Poland" category="tv">
    <channel service_ref="1:0:25:0001:0001:ffff:0064aa54:0:0:0:" name="Palanca TV" service_name="Palanca TV" provider="TVPALANCA" sid="1" onid="65535" tsid="1" />
    <channel service_ref="1:0:25:0001:0001:ffff:0064aa54:0:0:0:" name="Palanca TV" service_name="Palanca TV" provider="TVPALANCA" sid="1" onid="65535" tsid="1" />
  </bouquet>
  <bouquet name="Resolution - HD" category="tv">
    <channel service_ref="1:0:25:0001:0001:0001:00642c9b:0:0:0:" name="Baraem HD" service_name="Baraem HD" provider="AL JAZEERA CHILDREN CHANNEL" sid="1" onid="1" tsid="1" />
    <channel service_ref="1:0:25:0003:0001:0001:00642c9b:0:0:0:" name="Jeem HD" service_name="Jeem HD" provider="AL JAZEERA CHILDREN" sid="3" onid="1" tsid="1" />
    <channel service_ref="1:0:25:0001:0001:ffff:00642d7d:0:0:0:" name="Kurdistan 24 HD" service_name="Kurdistan 24 HD" provider="Kurdistan 24" sid="1" onid="65535" tsid="1" />
  </bouquet>
  <bouquet name="Others" category="tv">
    <channel service_ref="1:0:25:0002:0001:fffe:006430e8:0:0:0:" name="Al Naba TV" service_name="Al Naba TV" provider="Al M" sid="2" onid="65534" tsid="1" />
    <channel service_ref="1:0:25:0001:0001:0001:0064ab98:0:0:0:" name="Al Rasheed" service_name="Al Rasheed" provider="Net" sid="1" onid="1" tsid="1" />
    <channel service_ref="1:0:1:0003:0003:0001:00642d76:0:0:0:" name="AMC Africa" service_name="AMC Africa" provider="RR Media" sid="3" onid="1" tsid="3" />
    <channel service_ref="1:0:1:0001:0003:0001:00642d76:0:0:0:" name="AMC Eastern Europe" service_name="AMC Eastern Europe" provider="RR Media" sid="1" onid="1" tsid="3" />
    <channel service_ref="1:0:25:0028:0001:0001:0064b15d:0:0:0:" name="AP GVW" service_name="AP GVW" provider="Harmonic" sid="40" onid="1" tsid="1" />
    <channel service_ref="1:0:25:00c8:0001:0001:0064b15d:0:0:0:" name="APTN London" service_name="APTN London" provider="Harmonic" sid="200" onid="1" tsid="1" />
    <channel service_ref="1:0:25:0005:0001:0001:00642c9b:0:0:0:" name="Baraem Europe" service_name="Baraem Europe" provider="AL JAZEERA CHILDREN" sid="5" onid="1" tsid="1" />
    <channel service_ref="1:0:25:0001:0001:0001:00642c9b:0:0:0:" name="Baraem HD" service_name="Baraem HD" provider="AL JAZEERA CHILDREN CHANNEL" sid="1" onid="1" tsid="1" />
    <channel service_ref="1:0:1:0001:0001:ffff:006430dd:0:0:0:" name="Beladi Satellite Channel" service_name="Beladi Satellite Channel" provider="TandbergTV" sid="1" onid="65535" tsid="1" />
    <channel service_ref="1:0:25:1f44:0001:0010:00640000:0:0:0:" name="BFBS Extra" service_name="BFBS Extra" provider="BFBS" sid="8004" onid="16" tsid="1" />
    <channel service_ref="1:0:25:1f4e:0001:0010:00640000:0:0:0:" name="BFBS Extra Delay" service_name="BFBS Extra Delay" provider="BFBS" sid="8014" onid="16" tsid="1" />
    <channel service_ref="1:0:1:000a:0001:0001:00642c51:0:0:0:" name="El Hiwar Ettounsi" service_name="El Hiwar Ettounsi" provider="TV-Provider" sid="10" onid="1" tsid="1" />
    <channel service_ref="1:0:25:0002:0001:0001:0064ad31:0:0:0:" name="Ennahar Laki" service_name="Ennahar Laki" provider="" sid="2" onid="1" tsid="1" />
    <channel service_ref="1:0:25:0001:0001:0001:0064ad31:0:0:0:" name="Ennahar TV Algérie" service_name="Ennahar TV Algérie" provider="" sid="1" onid="1" tsid="1" />
    <channel service_ref="1:0:25:1f49:0001:0010:00640000:0:0:0:" name="Forces TV" service_name="Forces TV" provider="BFBS" sid="8009" onid="16" tsid="1" />
    <channel service_ref="1:0:25:1f43:0001:0010:00640000:0:0:0:" name="ITV" service_name="ITV" provider="BFBS" sid="8003" onid="16" tsid="1" />
    <channel service_ref="1:0:25:1f4d:0001:0010:00640000:0:0:0:" name="ITV Delay" service_name="ITV Delay" provider="BFBS" sid="8013" onid="16" tsid="1" />
    <channel service_ref="1:0:25:0004:0001:0001:00642c9b:0:0:0:" name="Jeem Europe" service_name="Jeem Europe" provider="AL JAZEERA CHILDREN" sid="4" onid="1" tsid="1" />
    <channel service_ref="1:0:25:0003:0001:0001:00642c9b:0:0:0:" name="Jeem HD" service_name="Jeem HD" provider="AL JAZEERA CHILDREN" sid="3" onid="1" tsid="1" />
    <channel service_ref="1:0:25:0001:0001:ffff:00642d7d:0:0:0:" name="Kurdistan 24 HD" service_name="Kurdistan 24 HD" provider="Kurdistan 24" sid="1" onid="65535" tsid="1" />
    <channel service_ref="1:0:1:0001:0001:ffff:0064ab00:0:0:0:" name="Kurdistan TV" service_name="Kurdistan TV" provider="Service Provider" sid="1" onid="65535" tsid="1" />
    <channel service_ref="1:0:25:01f4:0005:000a:00640000:0:0:0:" name="LBC Europe" service_name="LBC Europe" provider="LBC" sid="500" onid="10" tsid="5" />
    <channel service_ref="1:0:25:01f5:0005:000a:00640000:0:0:0:" name="LDC (Lebanese Diaspora Channel)" service_name="LDC (Lebanese Diaspora Channel)" provider="LBC" sid="501" onid="10" tsid="5" />
    <channel service_ref="1:0:25:01f6:0005:000a:00640000:0:0:0:" name="LDC America" service_name="LDC America" provider="LBCI" sid="502" onid="10" tsid="5" />
    <channel service_ref="1:0:25:0001:0008:0001:0064acdb:0:0:0:" name="Manchester United TV" service_name="Manchester United TV" provider="RRsat" sid="1" onid="1" tsid="8" />
    <channel service_ref="1:0:25:0001:0001:ffff:00642acb:0:0:0:" name="NourSat" service_name="NourSat" provider="unnamed" sid="1" onid="65535" tsid="1" />
    <channel service_ref="1:0:1:0001:1000:2000:0064aa58:0:0:0:" name="ORTC" service_name="ORTC" provider="Harmonic" sid="1" onid="8192" tsid="4096" />
    <channel service_ref="1:0:25:0002:4321:00eb:0064ac29:0:0:0:" name="Service 1" service_name="Service 1" provider="EBUER" sid="2" onid="235" tsid="17185" />
    <channel service_ref="1:0:1:0001:0001:ffff:0064aa06:0:0:0:" name="TV Zimbo" service_name="TV Zimbo" provider="Tv Zimbo" sid="1" onid="65535" tsid="1" />
  </bouquet>
  <bouquet name="PayTV - Sky - DE - HD" category="tv">
    <channel service_ref="1:0:25:1f45:0001:0010:00640000:0:0:0:" name="BFBS 5 (Sky Sports 1)" service_name="BFBS 5 (Sky Sports 1)" provider="BFBS" sid="8005" onid="16" tsid="1" />
    <channel service_ref="1:0:25:1f46:0001:0010:00640000:0:0:0:" name="BFBS 6 (Sky Sports 2)" service_name="BFBS 6 (Sky Sports 2)" provider="BFBS" sid="8006" onid="16" tsid="1" />
  </bouquet>
  <bouquet name="PayTV - Sky - UK - HD" category="tv">
    <channel service_ref="1:0:25:1f45:0001:0010:00640000:0:0:0:" name="BFBS 5 (Sky Sports 1)" service_name="BFBS 5 (Sky Sports 1)" provider="BFBS" sid="8005" onid="16" tsid="1" />
    <channel service_ref="1:0:25:1f46:0001:0010:00640000:0:0:0:" name="BFBS 6 (Sky Sports 2)" service_name="BFBS 6 (Sky Sports 2)" provider="BFBS" sid="8006" onid="16" tsid="1" />
  </bouquet>
</zapit>
