<?xml version='1.0' encoding='utf-8'?>
<zapit api="4">
  <satellites>
    <satellite key="00640000:0001:0010" name="Sat-10E" namespace="0x00640000" position="10">
      <transponder key="00640000:0001:0010" frequency="11221000" symbol_rate="30000000" polarization="V" fec="4" system="0" modulation="0">
        <service id="0x1f4b" sid="8011" name="BBC One Delay" type="25" provider="BFBS" onid="16" tsid="1" namespace="0x00640000" />
        <service id="0x1f41" sid="8001" name="BBC One England" type="25" provider="BFBS" onid="16" tsid="1" namespace="0x00640000" />
        <service id="0x1f4c" sid="8012" name="BBC Two Delay" type="25" provider="BFBS" onid="16" tsid="1" namespace="0x00640000" />
        <service id="0x1f42" sid="8002" name="BBC Two England" type="25" provider="BFBS" onid="16" tsid="1" namespace="0x00640000" />
        <service id="0x1f45" sid="8005" name="BFBS 5 (Sky Sports 1)" type="25" provider="BFBS" onid="16" tsid="1" namespace="0x00640000" />
        <service id="0x1f46" sid="8006" name="BFBS 6 (Sky Sports 2)" type="25" provider="BFBS" onid="16" tsid="1" namespace="0x00640000" />
        <service id="0x1f44" sid="8004" name="BFBS Extra" type="25" provider="BFBS" onid="16" tsid="1" namespace="0x00640000" />
        <service id="0x1f4e" sid="8014" name="BFBS Extra Delay" type="25" provider="BFBS" onid="16" tsid="1" namespace="0x00640000" />
        <service id="0x1f47" sid="8007" name="BFBS Sport" type="25" provider="BFBS" onid="16" tsid="1" namespace="0x00640000" />
        <service id="0x1f49" sid="8009" name="Forces TV" type="25" provider="BFBS" onid="16" tsid="1" namespace="0x00640000" />
        <service id="0x1f43" sid="8003" name="ITV" type="25" provider="BFBS" onid="16" tsid="1" namespace="0x00640000" />
        <service id="0x1f4d" sid="8013" name="ITV Delay" type="25" provider="BFBS" onid="16" tsid="1" namespace="0x00640000" />
        <service id="0x1f52" sid="8018" name="Nepali Television" type="25" provider="BFBS" onid="16" tsid="1" namespace="0x00640000" />
        <service id="0x1f51" sid="8017" name="Sky Movies 1" type="25" provider="BFBS" onid="16" tsid="1" namespace="0x00640000" />
        <service id="0x1f48" sid="8008" name="Sky News" type="25" provider="BFBS" onid="16" tsid="1" namespace="0x00640000" />
      </transponder>
    </satellite>
    <satellite key="00640000:0005:000a" name="Sat-10E" namespace="0x00640000" position="10">
      <transponder key="00640000:0005:000a" frequency="11681000" symbol_rate="3200000" polarization="H" fec="4" system="0" modulation="0">
        <service id="0x01f4" sid="500" name="LBC Europe" type="25" provider="LBC" onid="10" tsid="5" namespace="0x00640000" />
        <service id="0x01f5" sid="501" name="LDC (Lebanese Diaspora Channel)" type="25" provider="LBC" onid="10" tsid="5" namespace="0x00640000" />
        <service id="0x01f6" sid="502" name="LDC America" type="25" provider="LBCI" onid="10" tsid="5" namespace="0x00640000" />
      </transponder>
    </satellite>
    <satellite key="00642acb:0001:ffff" name="Sat-10E" namespace="0x00642acb" position="10">
      <transponder key="00642acb:0001:ffff" frequency="10955000" symbol_rate="2400000" polarization="H" fec="2" system="0" modulation="0">
        <service id="0x0001" sid="1" name="NourSat" type="25" provider="unnamed" onid="65535" tsid="1" namespace="0x00642acb" />
      </transponder>
    </satellite>
    <satellite key="00642ad3:0001:ffff" name="Sat-10E" namespace="0x00642ad3" position="10">
      <transponder key="00642ad3:0001:ffff" frequency="10963000" symbol_rate="2880000" polarization="H" fec="3" system="0" modulation="0">
        <service id="0x0001" sid="1" name="Al Forat" type="25" provider="EricssonTV" onid="65535" tsid="1" namespace="0x00642ad3" />
      </transponder>
    </satellite>
    <satellite key="00642bb5:0001:ffff" name="Sat-10E" namespace="0x00642bb5" position="10">
      <transponder key="00642bb5:0001:ffff" frequency="11189000" symbol_rate="2352000" polarization="H" fec="3" system="0" modulation="0">
        <service id="0x0001" sid="1" name="Libya Al Ahrar" type="1" provider="Libya" onid="65535" tsid="1" namespace="0x00642bb5" />
      </transponder>
    </satellite>
    <satellite key="00642c51:0001:0001" name="Sat-10E" namespace="0x00642c51" position="10">
      <transponder key="00642c51:0001:0001" frequency="11345000" symbol_rate="27500000" polarization="H" fec="3" system="0" modulation="0">
        <service id="0x000a" sid="10" name="El Hiwar Ettounsi" type="1" provider="TV-Provider" onid="1" tsid="1" namespace="0x00642c51" />
      </transponder>
    </satellite>
    <satellite key="00642c9b:0001:0001" name="Sat-10E" namespace="0x00642c9b" position="10">
      <transponder key="00642c9b:0001:0001" frequency="11419000" symbol_rate="11814000" polarization="H" fec="4" system="0" modulation="0">
        <service id="0x0005" sid="5" name="Baraem Europe" type="25" provider="AL JAZEERA CHILDREN" onid="1" tsid="1" namespace="0x00642c9b" />
        <service id="0x0001" sid="1" name="Baraem HD" type="25" provider="AL JAZEERA CHILDREN CHANNEL" onid="1" tsid="1" namespace="0x00642c9b" />
        <service id="0x0004" sid="4" name="Jeem Europe" type="25" provider="AL JAZEERA CHILDREN" onid="1" tsid="1" namespace="0x00642c9b" />
        <service id="0x0003" sid="3" name="Jeem HD" type="25" provider="AL JAZEERA CHILDREN" onid="1" tsid="1" namespace="0x00642c9b" />
      </transponder>
    </satellite>
    <satellite key="00642d76:0003:0001" name="Sat-10E" namespace="0x00642d76" position="10">
      <transponder key="00642d76:0003:0001" frequency="11638000" symbol_rate="5300000" polarization="H" fec="4" system="0" modulation="0">
        <service id="0x0003" sid="3" name="AMC Africa" type="1" provider="RR Media" onid="1" tsid="3" namespace="0x00642d76" />
        <service id="0x0001" sid="1" name="AMC Eastern Europe" type="1" provider="RR Media" onid="1" tsid="3" namespace="0x00642d76" />
      </transponder>
    </satellite>
    <satellite key="00642d7d:0001:ffff" name="Sat-10E" namespace="0x00642d7d" position="10">
      <transponder key="00642d7d:0001:ffff" frequency="11645000" symbol_rate="4800000" polarization="H" fec="2" system="0" modulation="0">
        <service id="0x0001" sid="1" name="Kurdistan 24 HD" type="25" provider="Kurdistan 24" onid="65535" tsid="1" namespace="0x00642d7d" />
      </transponder>
    </satellite>
    <satellite key="006430dd:0001:ffff" name="Sat-10E" namespace="0x006430dd" position="10">
      <transponder key="006430dd:0001:ffff" frequency="12509000" symbol_rate="2666000" polarization="H" fec="4" system="0" modulation="0">
        <service id="0x0001" sid="1" name="Beladi Satellite Channel" type="1" provider="TandbergTV" onid="65535" tsid="1" namespace="0x006430dd" />
      </transponder>
    </satellite>
    <satellite key="006430e8:0001:fffe" name="Sat-10E" namespace="0x006430e8" position="10">
      <transponder key="006430e8:0001:fffe" frequency="12520000" symbol_rate="1100000" polarization="H" fec="4" system="0" modulation="0">
        <service id="0x0002" sid="2" name="Al Naba TV" type="25" provider="Al M" onid="65534" tsid="1" namespace="0x006430e8" />
      </transponder>
    </satellite>
    <satellite key="0064a9fc:0001:0001" name="Sat-10E" namespace="0x0064a9fc" position="10">
      <transponder key="0064a9fc:0001:0001" frequency="10748000" symbol_rate="4000000" polarization="V" fec="4" system="0" modulation="0">
        <service id="0x01c3" sid="451" name="&lt;|&gt;" type="25" provider="ERICSSON Television" onid="1" tsid="1" namespace="0x0064a9fc" />
        <service id="0x01cd" sid="461" name="TLN Network" type="25" provider="ERICSSON Television" onid="1" tsid="1" namespace="0x0064a9fc" />
      </transponder>
    </satellite>
    <satellite key="0064aa06:0001:ffff" name="Sat-10E" namespace="0x0064aa06" position="10">
      <transponder key="0064aa06:0001:ffff" frequency="10758000" symbol_rate="2480000" polarization="V" fec="5" system="0" modulation="0">
        <service id="0x0001" sid="1" name="TV Zimbo" type="1" provider="Tv Zimbo" onid="65535" tsid="1" namespace="0x0064aa06" />
      </transponder>
    </satellite>
    <satellite key="0064aa54:0001:ffff" name="Sat-10E" namespace="0x0064aa54" position="10">
      <transponder key="0064aa54:0001:ffff" frequency="10836000" symbol_rate="3000000" polarization="V" fec="3" system="0" modulation="0">
        <service id="0x0001" sid="1" name="Palanca TV" type="25" provider="TVPALANCA" onid="65535" tsid="1" namespace="0x0064aa54" />
      </transponder>
    </satellite>
    <satellite key="0064aa58:1000:2000" name="Sat-10E" namespace="0x0064aa58" position="10">
      <transponder key="0064aa58:1000:2000" frequency="10840000" symbol_rate="3255000" polarization="V" fec="1" system="0" modulation="0">
        <service id="0x0001" sid="1" name="ORTC" type="1" provider="Harmonic" onid="8192" tsid="4096" namespace="0x0064aa58" />
      </transponder>
    </satellite>
    <satellite key="0064ab00:0001:ffff" name="Sat-10E" namespace="0x0064ab00" position="10">
      <transponder key="0064ab00:0001:ffff" frequency="11008000" symbol_rate="2962000" polarization="V" fec="3" system="0" modulation="0">
        <service id="0x0001" sid="1" name="Kurdistan TV" type="1" provider="Service Provider" onid="65535" tsid="1" namespace="0x0064ab00" />
      </transponder>
    </satellite>
    <satellite key="0064ab98:0001:0001" name="Sat-10E" namespace="0x0064ab98" position="10">
      <transponder key="0064ab98:0001:0001" frequency="11160000" symbol_rate="2500000" polarization="V" fec="3" system="0" modulation="0">
        <service id="0x0001" sid="1" name="Al Rasheed" type="25" provider="Net" onid="1" tsid="1" namespace="0x0064ab98" />
      </transponder>
    </satellite>
    <satellite key="0064ac29:4321:00eb" name="Sat-10E" namespace="0x0064ac29" position="10">
      <transponder key="0064ac29:4321:00eb" frequency="11305000" symbol_rate="30000000" polarization="V" fec="4" system="0" modulation="0">
        <service id="0x0002" sid="2" name="Service 1" type="25" provider="EBUER" onid="235" tsid="17185" namespace="0x0064ac29" />
      </transponder>
    </satellite>
    <satellite key="0064acdb:0008:0001" name="Sat-10E" namespace="0x0064acdb" position="10">
      <transponder key="0064acdb:0008:0001" frequency="11483000" symbol_rate="4000000" polarization="V" fec="4" system="0" modulation="0">
        <service id="0x0001" sid="1" name="Manchester United TV" type="25" provider="RRsat" onid="1" tsid="8" namespace="0x0064acdb" />
      </transponder>
    </satellite>
    <satellite key="0064ad31:0001:0001" name="Sat-10E" namespace="0x0064ad31" position="10">
      <transponder key="0064ad31:0001:0001" frequency="11569000" symbol_rate="5000000" polarization="V" fec="6" system="0" modulation="0">
        <service id="0x0002" sid="2" name="Ennahar Laki" type="25" provider="" onid="1" tsid="1" namespace="0x0064ad31" />
        <service id="0x0001" sid="1" name="Ennahar TV Algérie" type="25" provider="" onid="1" tsid="1" namespace="0x0064ad31" />
      </transponder>
    </satellite>
    <satellite key="0064b15d:0001:0001" name="Sat-10E" namespace="0x0064b15d" position="10">
      <transponder key="0064b15d:0001:0001" frequency="12637000" symbol_rate="18400000" polarization="V" fec="2" system="0" modulation="0">
        <service id="0x0028" sid="40" name="AP GVW" type="25" provider="Harmonic" onid="1" tsid="1" namespace="0x0064b15d" />
        <service id="0x00c8" sid="200" name="APTN London" type="25" provider="Harmonic" onid="1" tsid="1" namespace="0x0064b15d" />
      </transponder>
    </satellite>
  </satellites>
</zapit>
