<?xml version='1.0' encoding='utf-8'?>
<zapit api="4">
  <satellites>
    <satellite key="02080000:0028:0001" name="Sat-52E" namespace="0x02080000" position="52">
      <transponder key="02080000:0028:0001" frequency="10926000" symbol_rate="27500000" polarization="H" fec="3" system="0" modulation="0">
        <service id="0x0007" sid="7" name="Bolajon" type="1" provider="CRRT" onid="1" tsid="40" namespace="0x02080000" />
        <service id="0x0006" sid="6" name="Dunyo Bo`ylab" type="1" provider="CRRT" onid="1" tsid="40" namespace="0x02080000" />
        <service id="0x000d" sid="13" name="LUX TV" type="1" provider="CRRT" onid="1" tsid="40" namespace="0x02080000" />
        <service id="0x0005" sid="5" name="Madaniyat va Ma`rifat" type="1" provider="CRRT" onid="1" tsid="40" namespace="0x02080000" />
        <service id="0x0009" sid="9" name="Mahalla HD" type="1" provider="CRRT" onid="1" tsid="40" namespace="0x02080000" />
        <service id="0x0008" sid="8" name="Navo" type="1" provider="CRRT" onid="1" tsid="40" namespace="0x02080000" />
        <service id="0x0001" sid="1" name="O`zbekiston" type="1" provider="CRRT" onid="1" tsid="40" namespace="0x02080000" />
        <service id="0x000a" sid="10" name="service_3" type="1" provider="CRRT" onid="1" tsid="40" namespace="0x02080000" />
        <service id="0x000b" sid="11" name="service_5" type="1" provider="CRRT" onid="1" tsid="40" namespace="0x02080000" />
        <service id="0x000c" sid="12" name="service_6" type="1" provider="CRRT" onid="1" tsid="40" namespace="0x02080000" />
        <service id="0x0004" sid="4" name="Sport Uz" type="1" provider="CRRT" onid="1" tsid="40" namespace="0x02080000" />
        <service id="0x0002" sid="2" name="Yoshlar" type="1" provider="CRRT" onid="1" tsid="40" namespace="0x02080000" />
        <service id="0x000e" sid="14" name="Radio Mahalla" type="2" provider="CRRT" onid="1" tsid="40" namespace="0x02080000" radio="1" />
        <service id="0x000f" sid="15" name="Radio O`zbekiston 24" type="2" provider="CRRT" onid="1" tsid="40" namespace="0x02080000" radio="1" />
      </transponder>
    </satellite>
    <satellite key="02080000:0258:0e26" name="Sat-52E" namespace="0x02080000" position="52">
      <transponder key="02080000:0258:0e26" frequency="11204000" symbol_rate="2500000" polarization="H" fec="3" system="0" modulation="0">
        <service id="0x003a" sid="58" name="IFILM 2" type="1" provider="" onid="3622" tsid="600" namespace="0x02080000" />
        <service id="0x008c" sid="140" name="SAHAR AFGHANISTAN" type="1" provider="" onid="3622" tsid="600" namespace="0x02080000" />
      </transponder>
    </satellite>
    <satellite key="02080000:117e:117e" name="Sat-52E" namespace="0x02080000" position="52">
      <transponder key="02080000:117e:117e" frequency="10762000" symbol_rate="30000000" polarization="H" fec="3" system="0" modulation="0">
        <service id="0x000b" sid="11" name="1TV" type="1" provider="WNS" onid="4478" tsid="4478" namespace="0x02080000" />
        <service id="0x000a" sid="10" name="4Te" type="1" provider="" onid="4478" tsid="4478" namespace="0x02080000" />
        <service id="0x000e" sid="14" name="4U Family" type="1" provider="WNS" onid="4478" tsid="4478" namespace="0x02080000" />
        <service id="0x0008" sid="8" name="Afghanistan Intl HD" type="1" provider="WNS" onid="4478" tsid="4478" namespace="0x02080000" />
        <service id="0x000d" sid="13" name="Afra Film HD" type="1" provider="WNS" onid="4478" tsid="4478" namespace="0x02080000" />
        <service id="0x0002" sid="2" name="Afra Series HD" type="1" provider="WNS" onid="4478" tsid="4478" namespace="0x02080000" />
        <service id="0x001b" sid="27" name="Atrina TV" type="1" provider="WNS" onid="4478" tsid="4478" namespace="0x02080000" />
        <service id="0x0004" sid="4" name="Derakhte Zendegi" type="1" provider="WNS" onid="4478" tsid="4478" namespace="0x02080000" />
        <service id="0x000f" sid="15" name="Iran International HD" type="1" provider="WNS" onid="4478" tsid="4478" namespace="0x02080000" />
        <service id="0x0009" sid="9" name="Kanal Yek HD" type="1" provider="WNS" onid="4478" tsid="4478" namespace="0x02080000" />
        <service id="0x0007" sid="7" name="Meta Film HD" type="1" provider="WNS" onid="4478" tsid="4478" namespace="0x02080000" />
        <service id="0x0001" sid="1" name="Nahade Azadi" type="1" provider="WNS" onid="4478" tsid="4478" namespace="0x02080000" />
        <service id="0x000c" sid="12" name="Omide Javdan" type="1" provider="WNS" onid="4478" tsid="4478" namespace="0x02080000" />
        <service id="0x0005" sid="5" name="Persiana Latino" type="1" provider="Persiana Cast" onid="4478" tsid="4478" namespace="0x02080000" />
        <service id="0x001a" sid="26" name="Persiana Medical" type="1" provider="Persiana Cast" onid="4478" tsid="4478" namespace="0x02080000" />
        <service id="0x0006" sid="6" name="Persiana Reality" type="1" provider="Persiana Cast" onid="4478" tsid="4478" namespace="0x02080000" />
        <service id="0x0012" sid="18" name="PMC SELECT" type="1" provider="WNS" onid="4478" tsid="4478" namespace="0x02080000" />
        <service id="0x0003" sid="3" name="Pro Sport" type="1" provider="WNS" onid="4478" tsid="4478" namespace="0x02080000" />
        <service id="0x0011" sid="17" name="Sun Music TV" type="1" provider="WNS" onid="4478" tsid="4478" namespace="0x02080000" />
        <service id="0x0010" sid="16" name="Tapesh HD" type="1" provider="WNS" onid="4478" tsid="4478" namespace="0x02080000" />
      </transponder>
    </satellite>
    <satellite key="02080000:1566:1566" name="Sat-52E" namespace="0x02080000" position="52">
      <transponder key="02080000:1566:1566" frequency="10762000" symbol_rate="27500000" polarization="V" fec="2" system="0" modulation="0">
        <service id="0x000e" sid="14" name="4Turk HD" type="1" provider="WNS" onid="5478" tsid="5478" namespace="0x02080000" />
        <service id="0x0003" sid="3" name="Arko Movie" type="1" provider="WNS" onid="5478" tsid="5478" namespace="0x02080000" />
        <service id="0x0001" sid="1" name="Avang TV" type="1" provider="WNS" onid="5478" tsid="5478" namespace="0x02080000" />
        <service id="0x000c" sid="12" name="Cafe Trade" type="1" provider="WNS" onid="5478" tsid="5478" namespace="0x02080000" />
        <service id="0x000d" sid="13" name="Eplanet TV" type="1" provider="WNS" onid="5478" tsid="5478" namespace="0x02080000" />
        <service id="0x000b" sid="11" name="FX 2 HD" type="1" provider="WNS" onid="5478" tsid="5478" namespace="0x02080000" />
        <service id="0x000f" sid="15" name="Gord Afarid TV" type="1" provider="WNS" onid="5478" tsid="5478" namespace="0x02080000" />
        <service id="0x000a" sid="10" name="Gord Afarid TV SD" type="1" provider="WNS" onid="5478" tsid="5478" namespace="0x02080000" />
        <service id="0x0002" sid="2" name="NET TV" type="1" provider="WNS" onid="5478" tsid="5478" namespace="0x02080000" />
        <service id="0x0008" sid="8" name="Persiana Sports HD" type="1" provider="WNS" onid="5478" tsid="5478" namespace="0x02080000" />
        <service id="0x0007" sid="7" name="Persiana Vibe" type="1" provider="WNS" onid="5478" tsid="5478" namespace="0x02080000" />
      </transponder>
    </satellite>
    <satellite key="02080000:194e:194e" name="Sat-52E" namespace="0x02080000" position="52">
      <transponder key="02080000:194e:194e" frequency="10845000" symbol_rate="27500000" polarization="V" fec="2" system="0" modulation="0">
        <service id="0x0005" sid="5" name="ASR TV" type="1" provider="WNS" onid="6478" tsid="6478" namespace="0x02080000" />
        <service id="0x014b" sid="331" name="AVA Family" type="1" provider="WNS" onid="6478" tsid="6478" namespace="0x02080000" />
        <service id="0x0094" sid="148" name="Dunya naw TV - farah" type="1" provider="WNS" onid="6478" tsid="6478" namespace="0x02080000" />
        <service id="0x02c7" sid="711" name="Eslah TV" type="1" provider="WNS" onid="6478" tsid="6478" namespace="0x02080000" />
        <service id="0x002a" sid="42" name="ICC - Film &amp; Series" type="1" provider="WNS" onid="6478" tsid="6478" namespace="0x02080000" />
        <service id="0x02c1" sid="705" name="IRAN INTERNATIONAL" type="1" provider="WNS" onid="6478" tsid="6478" namespace="0x02080000" />
        <service id="0x0011" sid="17" name="Iran-e-Farda TV" type="1" provider="WNS" onid="6478" tsid="6478" namespace="0x02080000" />
        <service id="0x000c" sid="12" name="ITN" type="1" provider="WNS" onid="6478" tsid="6478" namespace="0x02080000" />
        <service id="0x001a" sid="26" name="Kanal Jadid" type="1" provider="WNS" onid="6478" tsid="6478" namespace="0x02080000" />
        <service id="0x0001" sid="1" name="Mihan TV" type="1" provider="WNS" onid="6478" tsid="6478" namespace="0x02080000" />
        <service id="0x001d" sid="29" name="Mix Plus Two" type="1" provider="WNS" onid="6478" tsid="6478" namespace="0x02080000" />
        <service id="0x014a" sid="330" name="Navahang" type="1" provider="WNS" onid="6478" tsid="6478" namespace="0x02080000" />
        <service id="0x001b" sid="27" name="Orange TV" type="1" provider="WNS" onid="6478" tsid="6478" namespace="0x02080000" />
        <service id="0x008f" sid="143" name="OXIR TV" type="1" provider="WNS" onid="6478" tsid="6478" namespace="0x02080000" />
        <service id="0x001c" sid="28" name="Pars TV" type="1" provider="WNS" onid="6478" tsid="6478" namespace="0x02080000" />
        <service id="0x000f" sid="15" name="Payam E Doost" type="1" provider="WNS" onid="6478" tsid="6478" namespace="0x02080000" />
        <service id="0x002b" sid="43" name="Premier" type="1" provider="WNS" onid="6478" tsid="6478" namespace="0x02080000" />
        <service id="0x0004" sid="4" name="Radio Begum" type="1" provider="WNS" onid="6478" tsid="6478" namespace="0x02080000" />
        <service id="0x0013" sid="19" name="Radio Jawanan" type="1" provider="WNS" onid="6478" tsid="6478" namespace="0x02080000" />
        <service id="0x0010" sid="16" name="Radio Yar" type="1" provider="WNS" onid="6478" tsid="6478" namespace="0x02080000" />
        <service id="0x02bd" sid="701" name="Sharq Global TV" type="1" provider="WNS" onid="6478" tsid="6478" namespace="0x02080000" />
        <service id="0x0095" sid="149" name="SL two" type="1" provider="WNS" onid="6478" tsid="6478" namespace="0x02080000" />
        <service id="0x0006" sid="6" name="TMTV" type="1" provider="WNS" onid="6478" tsid="6478" namespace="0x02080000" />
        <service id="0x000d" sid="13" name="Your Time TV" type="1" provider="WNS" onid="6478" tsid="6478" namespace="0x02080000" />
        <service id="0x0003" sid="3" name="Your Time TV HD" type="1" provider="WNS" onid="6478" tsid="6478" namespace="0x02080000" />
        <service id="0x0002" sid="2" name="Audio Iran International" type="2" provider="WNS" onid="6478" tsid="6478" namespace="0x02080000" radio="1" />
      </transponder>
    </satellite>
    <satellite key="02080000:1d36:1d36" name="Sat-52E" namespace="0x02080000" position="52">
      <transponder key="02080000:1d36:1d36" frequency="10804000" symbol_rate="27500000" polarization="H" fec="2" system="0" modulation="0">
        <service id="0x002f" sid="47" name="4Kurd" type="1" provider="Persiana Cast" onid="7478" tsid="7478" namespace="0x02080000" />
        <service id="0x000e" sid="14" name="4Music HD" type="1" provider="Persiana Cast" onid="7478" tsid="7478" namespace="0x02080000" />
        <service id="0x001f" sid="31" name="Classic TV" type="1" provider="Persiana Cast" onid="7478" tsid="7478" namespace="0x02080000" />
        <service id="0x000a" sid="10" name="Home+ HD" type="1" provider="Persiana Cast" onid="7478" tsid="7478" namespace="0x02080000" />
        <service id="0x0003" sid="3" name="Persiana Cinema" type="1" provider="Persiana Cast" onid="7478" tsid="7478" namespace="0x02080000" />
        <service id="0x0007" sid="7" name="Persiana Comedy" type="1" provider="Persiana Cast" onid="7478" tsid="7478" namespace="0x02080000" />
        <service id="0x0001" sid="1" name="Persiana Family" type="1" provider="Persiana Cast" onid="7478" tsid="7478" namespace="0x02080000" />
        <service id="0x000b" sid="11" name="Persiana Folk" type="1" provider="Persiana Cast" onid="7478" tsid="7478" namespace="0x02080000" />
        <service id="0x0005" sid="5" name="Persiana Iranian" type="1" provider="Persiana Cast" onid="7478" tsid="7478" namespace="0x02080000" />
        <service id="0x0004" sid="4" name="Persiana Junior" type="1" provider="Persiana Cast" onid="7478" tsid="7478" namespace="0x02080000" />
        <service id="0x000c" sid="12" name="Persiana Korea" type="1" provider="Persiana Cast" onid="7478" tsid="7478" namespace="0x02080000" />
        <service id="0x000d" sid="13" name="Persiana Music" type="1" provider="Persiana Cast" onid="7478" tsid="7478" namespace="0x02080000" />
        <service id="0x0008" sid="8" name="Persiana Series" type="1" provider="Persiana Cast" onid="7478" tsid="7478" namespace="0x02080000" />
        <service id="0x002d" sid="45" name="Persiana Sports" type="1" provider="Persiana Cast" onid="7478" tsid="7478" namespace="0x02080000" />
        <service id="0x0002" sid="2" name="TBN Nejat" type="1" provider="Persiana Cast" onid="7478" tsid="7478" namespace="0x02080000" />
      </transponder>
    </satellite>
    <satellite key="02080000:211e:211e" name="Sat-52E" namespace="0x02080000" position="52">
      <transponder key="02080000:211e:211e" frequency="10887000" symbol_rate="27500000" polarization="V" fec="2" system="0" modulation="0">
        <service id="0x0017" sid="23" name="4 Afghanistan" type="1" provider="WNS" onid="8478" tsid="8478" namespace="0x02080000" />
        <service id="0x000d" sid="13" name="ARAX TV" type="1" provider="WNS" onid="8478" tsid="8478" namespace="0x02080000" />
        <service id="0x0009" sid="9" name="ARKO TV" type="1" provider="WNS" onid="8478" tsid="8478" namespace="0x02080000" />
        <service id="0x001b" sid="27" name="Audio Iran International" type="1" provider="WNS" onid="8478" tsid="8478" namespace="0x02080000" />
        <service id="0x000a" sid="10" name="DATIS TV" type="1" provider="WNS" onid="8478" tsid="8478" namespace="0x02080000" />
        <service id="0x0008" sid="8" name="ICNET 3 HD" type="1" provider="WNS" onid="8478" tsid="8478" namespace="0x02080000" />
        <service id="0x001c" sid="28" name="ICNET2 HD" type="1" provider="WNS" onid="8478" tsid="8478" namespace="0x02080000" />
        <service id="0x0004" sid="4" name="Maah TV" type="1" provider="WNS" onid="8478" tsid="8478" namespace="0x02080000" />
        <service id="0x000e" sid="14" name="MBC Persia SD" type="1" provider="WNS" onid="8478" tsid="8478" namespace="0x02080000" />
        <service id="0x0006" sid="6" name="Payam Aramesh HD" type="1" provider="WNS" onid="8478" tsid="8478" namespace="0x02080000" />
        <service id="0x000c" sid="12" name="Radio Javan HD" type="1" provider="WNS" onid="8478" tsid="8478" namespace="0x02080000" />
        <service id="0x0003" sid="3" name="Radio Javan SD" type="1" provider="WNS" onid="8478" tsid="8478" namespace="0x02080000" />
        <service id="0x000f" sid="15" name="Rah E Ferda TV" type="1" provider="WNS" onid="8478" tsid="8478" namespace="0x02080000" />
        <service id="0x001d" sid="29" name="Simaye Azadi HD" type="1" provider="WNS" onid="8478" tsid="8478" namespace="0x02080000" />
        <service id="0x0005" sid="5" name="SL one" type="1" provider="WNS" onid="8478" tsid="8478" namespace="0x02080000" />
        <service id="0x000b" sid="11" name="Tamadon HD" type="1" provider="WNS" onid="8478" tsid="8478" namespace="0x02080000" />
        <service id="0x0007" sid="7" name="Woman TV" type="1" provider="WNS" onid="8478" tsid="8478" namespace="0x02080000" />
      </transponder>
    </satellite>
    <satellite key="02080000:2506:2506" name="Sat-52E" namespace="0x02080000" position="52">
      <transponder key="02080000:2506:2506" frequency="11221000" symbol_rate="27500000" polarization="V" fec="2" system="0" modulation="0">
        <service id="0x0005" sid="5" name="247Box" type="1" provider="WNS" onid="9478" tsid="9478" namespace="0x02080000" />
        <service id="0x000c" sid="12" name="4U TV HD" type="1" provider="WNS" onid="9478" tsid="9478" namespace="0x02080000" />
        <service id="0x003c" sid="60" name="Afghanistan Intl" type="1" provider="WNS" onid="9478" tsid="9478" namespace="0x02080000" />
        <service id="0x003e" sid="62" name="Afghanistan Intl Radio" type="1" provider="WNS" onid="9478" tsid="9478" namespace="0x02080000" />
        <service id="0x003d" sid="61" name="Afghanistan Intl SD" type="1" provider="WNS" onid="9478" tsid="9478" namespace="0x02080000" />
        <service id="0x001b" sid="27" name="Iran Film HD" type="1" provider="WNS" onid="9478" tsid="9478" namespace="0x02080000" />
        <service id="0x0001" sid="1" name="Iran Nama HD" type="1" provider="WNS" onid="9478" tsid="9478" namespace="0x02080000" />
        <service id="0x0003" sid="3" name="ITN HD" type="1" provider="WNS" onid="9478" tsid="9478" namespace="0x02080000" />
        <service id="0x001c" sid="28" name="MBC Persia HD" type="1" provider="WNS" onid="9478" tsid="9478" namespace="0x02080000" />
        <service id="0x001a" sid="26" name="Meraj TV" type="1" provider="WNS" onid="9478" tsid="9478" namespace="0x02080000" />
        <service id="0x0014" sid="20" name="NEWFLIX" type="1" provider="WNS" onid="9478" tsid="9478" namespace="0x02080000" />
        <service id="0x000a" sid="10" name="Persiana Fight HD" type="1" provider="WNS" onid="9478" tsid="9478" namespace="0x02080000" />
        <service id="0x000b" sid="11" name="PMC HD" type="1" provider="WNS" onid="9478" tsid="9478" namespace="0x02080000" />
        <service id="0x0009" sid="9" name="Simaye Azadi SD" type="1" provider="WNS" onid="9478" tsid="9478" namespace="0x02080000" />
      </transponder>
    </satellite>
    <satellite key="02082a5d:0004:0000" name="Sat-52E" namespace="0x02082a5d" position="52">
      <transponder key="02082a5d:0004:0000" frequency="10845000" symbol_rate="30000000" polarization="H" fec="3" system="0" modulation="0">
        <service id="0x014f" sid="335" name="( Test-F )" type="1" provider="AREF" onid="0" tsid="4" namespace="0x02082a5d" />
        <service id="0x017d" sid="381" name="BIZ MISIC" type="1" provider="AREF" onid="0" tsid="4" namespace="0x02082a5d" />
        <service id="0x0091" sid="145" name="FX HD" type="1" provider="AREF" onid="0" tsid="4" namespace="0x02082a5d" />
        <service id="0x0094" sid="148" name="FX Life HD" type="1" provider="AREF" onid="0" tsid="4" namespace="0x02082a5d" />
        <service id="0x032e" sid="814" name="History HD" type="1" provider="AREF" onid="0" tsid="4" namespace="0x02082a5d" />
        <service id="0x0093" sid="147" name="Nat Geo Wild HD" type="1" provider="AREF" onid="0" tsid="4" namespace="0x02082a5d" />
        <service id="0x0092" sid="146" name="National Geographic Channel HD" type="1" provider="AREF" onid="0" tsid="4" namespace="0x02082a5d" />
        <service id="0x033c" sid="828" name="RED DOCU. HD" type="1" provider="AREF" onid="0" tsid="4" namespace="0x02082a5d" />
        <service id="0x033e" sid="830" name="RED JUNIOR HD" type="1" provider="AREF" onid="0" tsid="4" namespace="0x02082a5d" />
        <service id="0x0099" sid="153" name="RED MUSIC HD" type="1" provider="AREF" onid="0" tsid="4" namespace="0x02082a5d" />
        <service id="0x033a" sid="826" name="RED MUSIC RETRO HD" type="1" provider="AREF" onid="0" tsid="4" namespace="0x02082a5d" />
        <service id="0x033b" sid="827" name="RED PREMIUM HD" type="1" provider="AREF" onid="0" tsid="4" namespace="0x02082a5d" />
        <service id="0x033d" sid="829" name="RED THRILLER HD" type="1" provider="AREF" onid="0" tsid="4" namespace="0x02082a5d" />
        <service id="0x008d" sid="141" name="SPORT 1" type="25" provider="AREF" onid="0" tsid="4" namespace="0x02082a5d" />
        <service id="0x008e" sid="142" name="SPORT 2" type="25" provider="AREF" onid="0" tsid="4" namespace="0x02082a5d" />
        <service id="0x008f" sid="143" name="SPORT 3" type="25" provider="AREF" onid="0" tsid="4" namespace="0x02082a5d" />
        <service id="0x0090" sid="144" name="SPORT 4" type="25" provider="AREF" onid="0" tsid="4" namespace="0x02082a5d" />
        <service id="0x032c" sid="812" name="TEST-812" type="1" provider="AREF" onid="0" tsid="4" namespace="0x02082a5d" />
        <service id="0x032d" sid="813" name="TEST-813" type="1" provider="AREF" onid="0" tsid="4" namespace="0x02082a5d" />
        <service id="0x032f" sid="815" name="КИНОМАН" type="1" provider="AREF" onid="0" tsid="4" namespace="0x02082a5d" />
        <service id="0x014e" sid="334" name="Конный мир" type="1" provider="AREF" onid="0" tsid="4" namespace="0x02082a5d" />
        <service id="0x014b" sid="331" name="Любимое кино" type="1" provider="AREF" onid="0" tsid="4" namespace="0x02082a5d" />
        <service id="0x014a" sid="330" name="Мир Сериала" type="1" provider="AREF" onid="0" tsid="4" namespace="0x02082a5d" />
        <service id="0x0098" sid="152" name="Русский Бестселлер" type="1" provider="AREF" onid="0" tsid="4" namespace="0x02082a5d" />
        <service id="0x0097" sid="151" name="Русский Детектив" type="1" provider="AREF" onid="0" tsid="4" namespace="0x02082a5d" />
        <service id="0x0096" sid="150" name="Русский Роман" type="1" provider="AREF" onid="0" tsid="4" namespace="0x02082a5d" />
        <service id="0x014d" sid="333" name="Тайны галактики HD" type="1" provider="AREF" onid="0" tsid="4" namespace="0x02082a5d" />
        <service id="0x014c" sid="332" name="ТВ 21" type="1" provider="AREF" onid="0" tsid="4" namespace="0x02082a5d" />
        <service id="0x032a" sid="810" name="Удар" type="1" provider="AREF" onid="0" tsid="4" namespace="0x02082a5d" />
      </transponder>
    </satellite>
    <satellite key="02082a87:0005:0000" name="Sat-52E" namespace="0x02082a87" position="52">
      <transponder key="02082a87:0005:0000" frequency="10887000" symbol_rate="30000000" polarization="H" fec="3" system="0" modulation="0">
        <service id="0x00b9" sid="185" name="8 TV" type="1" provider="AREF" onid="0" tsid="5" namespace="0x02082a87" />
        <service id="0x017e" sid="382" name="BIZ CINEMA" type="1" provider="AREF" onid="0" tsid="5" namespace="0x02082a87" />
        <service id="0x03a3" sid="931" name="Euronews" type="1" provider="AREF" onid="0" tsid="5" namespace="0x02082a87" />
        <service id="0x03a9" sid="937" name="KINOLIVING" type="1" provider="AREF" onid="0" tsid="5" namespace="0x02082a87" />
        <service id="0x00b5" sid="181" name="Milliy TV" type="1" provider="AREF" onid="0" tsid="5" namespace="0x02082a87" />
        <service id="0x017f" sid="383" name="MY5" type="1" provider="AREF" onid="0" tsid="5" namespace="0x02082a87" />
        <service id="0x03a6" sid="934" name="QSport HD" type="25" provider="AREF" onid="0" tsid="5" namespace="0x02082a87" />
        <service id="0x00b8" sid="184" name="Renessans TV" type="1" provider="AREF" onid="0" tsid="5" namespace="0x02082a87" />
        <service id="0x03a8" sid="936" name="Saga TV" type="1" provider="AREF" onid="0" tsid="5" namespace="0x02082a87" />
        <service id="0x00b6" sid="182" name="Sevimli TV" type="1" provider="AREF" onid="0" tsid="5" namespace="0x02082a87" />
        <service id="0x00ba" sid="186" name="Test-912" type="1" provider="AREF" onid="0" tsid="5" namespace="0x02082a87" />
        <service id="0x00bb" sid="187" name="Test-913" type="1" provider="AREF" onid="0" tsid="5" namespace="0x02082a87" />
        <service id="0x00bc" sid="188" name="Test-914" type="1" provider="AREF" onid="0" tsid="5" namespace="0x02082a87" />
        <service id="0x00bd" sid="189" name="Test-915" type="1" provider="AREF" onid="0" tsid="5" namespace="0x02082a87" />
        <service id="0x018a" sid="394" name="Test-916" type="1" provider="AREF" onid="0" tsid="5" namespace="0x02082a87" />
        <service id="0x018b" sid="395" name="Test-917" type="1" provider="AREF" onid="0" tsid="5" namespace="0x02082a87" />
        <service id="0x018c" sid="396" name="Test-918" type="25" provider="AREF" onid="0" tsid="5" namespace="0x02082a87" />
        <service id="0x018d" sid="397" name="Test-919" type="1" provider="AREF" onid="0" tsid="5" namespace="0x02082a87" />
        <service id="0x018e" sid="398" name="Test-920" type="1" provider="AREF" onid="0" tsid="5" namespace="0x02082a87" />
        <service id="0x018f" sid="399" name="Test-921" type="1" provider="AREF" onid="0" tsid="5" namespace="0x02082a87" />
        <service id="0x00b4" sid="180" name="ZOR TV" type="1" provider="AREF" onid="0" tsid="5" namespace="0x02082a87" />
        <service id="0x03a2" sid="930" name="Восток ТВ" type="1" provider="AREF" onid="0" tsid="5" namespace="0x02082a87" />
        <service id="0x00b7" sid="183" name="Дастурхон-ТВ" type="1" provider="AREF" onid="0" tsid="5" namespace="0x02082a87" />
        <service id="0x039d" sid="925" name="Домашний I" type="1" provider="AREF" onid="0" tsid="5" namespace="0x02082a87" />
        <service id="0x03a7" sid="935" name="Дорама" type="1" provider="AREF" onid="0" tsid="5" namespace="0x02082a87" />
        <service id="0x03a4" sid="932" name="Кинеко HD" type="1" provider="AREF" onid="0" tsid="5" namespace="0x02082a87" />
        <service id="0x039c" sid="924" name="НТВ Мир" type="1" provider="AREF" onid="0" tsid="5" namespace="0x02082a87" />
        <service id="0x039a" sid="922" name="Первый канал. Всемирная сеть" type="1" provider="AREF" onid="0" tsid="5" namespace="0x02082a87" />
        <service id="0x03a0" sid="928" name="РБК" type="1" provider="AREF" onid="0" tsid="5" namespace="0x02082a87" />
        <service id="0x039b" sid="923" name="РТР Планета" type="1" provider="AREF" onid="0" tsid="5" namespace="0x02082a87" />
        <service id="0x03a5" sid="933" name="Сапфир HD" type="1" provider="AREF" onid="0" tsid="5" namespace="0x02082a87" />
        <service id="0x039f" sid="927" name="СТС I" type="1" provider="AREF" onid="0" tsid="5" namespace="0x02082a87" />
        <service id="0x039e" sid="926" name="ТНТ" type="1" provider="AREF" onid="0" tsid="5" namespace="0x02082a87" />
      </transponder>
    </satellite>
    <satellite key="0208ac9c:0001:0000" name="Sat-52E" namespace="0x0208ac9c" position="52">
      <transponder key="0208ac9c:0001:0000" frequency="11420000" symbol_rate="27500000" polarization="V" fec="3" system="0" modulation="0">
        <service id="0x0001" sid="1" name="AVA Family" type="1" provider="WNS" onid="0" tsid="1" namespace="0x0208ac9c" />
        <service id="0x0004" sid="4" name="Home Plus HD" type="1" provider="WNS" onid="0" tsid="1" namespace="0x0208ac9c" />
        <service id="0x0002" sid="2" name="Oxir TV" type="1" provider="WNS" onid="0" tsid="1" namespace="0x0208ac9c" />
        <service id="0x0003" sid="3" name="Your Time HD" type="1" provider="WNS" onid="0" tsid="1" namespace="0x0208ac9c" />
      </transponder>
    </satellite>
    <satellite key="0208afc2:0001:0000" name="Sat-52E" namespace="0x0208afc2" position="52">
      <transponder key="0208afc2:0001:0000" frequency="12226000" symbol_rate="28000000" polarization="V" fec="4" system="0" modulation="0">
        <service id="0x01ff" sid="511" name="FRIDAY International" type="22" provider="AREF" onid="0" tsid="1" namespace="0x0208afc2" />
        <service id="0x00d5" sid="213" name="O! International" type="1" provider="AREF" onid="0" tsid="1" namespace="0x0208afc2" />
        <service id="0x01fe" sid="510" name="REN-TV" type="1" provider="AREF" onid="0" tsid="1" namespace="0x0208afc2" />
        <service id="0x00d6" sid="214" name="Service 1" type="1" provider="TKM" onid="0" tsid="1" namespace="0x0208afc2" />
        <service id="0x00d1" sid="209" name="viju Explore" type="1" provider="AREF" onid="0" tsid="1" namespace="0x0208afc2" />
        <service id="0x020a" sid="522" name="viju History" type="1" provider="AREF" onid="0" tsid="1" namespace="0x0208afc2" />
        <service id="0x020b" sid="523" name="viju Nature" type="1" provider="AREF" onid="0" tsid="1" namespace="0x0208afc2" />
        <service id="0x00cb" sid="203" name="viju TV1000" type="1" provider="AREF" onid="0" tsid="1" namespace="0x0208afc2" />
        <service id="0x00cc" sid="204" name="viju TV1000 action" type="31" provider="AREF" onid="0" tsid="1" namespace="0x0208afc2" />
        <service id="0x00cd" sid="205" name="viju TV1000 русское" type="1" provider="AREF" onid="0" tsid="1" namespace="0x0208afc2" />
        <service id="0x00d0" sid="208" name="viju+ Comedy HD" type="1" provider="AREF" onid="0" tsid="1" namespace="0x0208afc2" />
        <service id="0x00cf" sid="207" name="viju+ Megahit HD" type="1" provider="AREF" onid="0" tsid="1" namespace="0x0208afc2" />
        <service id="0x00ce" sid="206" name="viju+ Premiere HD" type="1" provider="AREF" onid="0" tsid="1" namespace="0x0208afc2" />
        <service id="0x020c" sid="524" name="viju+ Sport" type="1" provider="AREF" onid="0" tsid="1" namespace="0x0208afc2" />
        <service id="0x00d4" sid="212" name="Детский мир" type="1" provider="AREF" onid="0" tsid="1" namespace="0x0208afc2" />
        <service id="0x01fd" sid="509" name="Домашний I" type="1" provider="AREF" onid="0" tsid="1" namespace="0x0208afc2" />
        <service id="0x00ca" sid="202" name="Золотая коллекция Мосфильма" type="1" provider="AREF" onid="0" tsid="1" namespace="0x0208afc2" />
        <service id="0x00d3" sid="211" name="Известия" type="1" provider="AREF" onid="0" tsid="1" namespace="0x0208afc2" />
        <service id="0x01fc" sid="508" name="Карусель" type="1" provider="AREF" onid="0" tsid="1" namespace="0x0208afc2" />
        <service id="0x020d" sid="525" name="Матч! Планета" type="1" provider="AREF" onid="0" tsid="1" namespace="0x0208afc2" />
        <service id="0x020e" sid="526" name="Мульт" type="1" provider="AREF" onid="0" tsid="1" namespace="0x0208afc2" />
        <service id="0x020f" sid="527" name="НСТВ" type="22" provider="AREF" onid="0" tsid="1" namespace="0x0208afc2" />
        <service id="0x01f8" sid="504" name="НТВ Мир" type="1" provider="AREF" onid="0" tsid="1" namespace="0x0208afc2" />
        <service id="0x01f5" sid="501" name="Первый канал. Всемирная сеть" type="1" provider="AREF" onid="0" tsid="1" namespace="0x0208afc2" />
        <service id="0x00c8" sid="200" name="Перец" type="1" provider="AREF" onid="0" tsid="1" namespace="0x0208afc2" />
        <service id="0x01f9" sid="505" name="Победа" type="1" provider="AREF" onid="0" tsid="1" namespace="0x0208afc2" />
        <service id="0x01f7" sid="503" name="Россия 24" type="1" provider="AREF" onid="0" tsid="1" namespace="0x0208afc2" />
        <service id="0x01f6" sid="502" name="РТР Планета" type="1" provider="AREF" onid="0" tsid="1" namespace="0x0208afc2" />
        <service id="0x00d2" sid="210" name="СТС I" type="1" provider="AREF" onid="0" tsid="1" namespace="0x0208afc2" />
        <service id="0x00c9" sid="201" name="ТВ-3 Int" type="1" provider="AREF" onid="0" tsid="1" namespace="0x0208afc2" />
        <service id="0x01fa" sid="506" name="ТНТ" type="1" provider="AREF" onid="0" tsid="1" namespace="0x0208afc2" />
        <service id="0x01fb" sid="507" name="ТНТ4" type="1" provider="AREF" onid="0" tsid="1" namespace="0x0208afc2" />
      </transponder>
    </satellite>
    <satellite key="0208afe8:0001:0001" name="Sat-52E" namespace="0x0208afe8" position="52">
      <transponder key="0208afe8:0001:0001" frequency="12264000" symbol_rate="27500000" polarization="V" fec="2" system="0" modulation="0">
        <service id="0x00c9" sid="201" name="Altyn Asyr" type="1" provider="Turkmenistan" onid="1" tsid="1" namespace="0x0208afe8" />
        <service id="0x00cb" sid="203" name="Miras" type="1" provider="Turkmenistan" onid="1" tsid="1" namespace="0x0208afe8" />
        <service id="0x00cc" sid="204" name="Turkmenistan" type="1" provider="Turkmenistan" onid="1" tsid="1" namespace="0x0208afe8" />
        <service id="0x00ca" sid="202" name="Yaslyk" type="1" provider="Turkmenistan" onid="1" tsid="1" namespace="0x0208afe8" />
        <service id="0x012f" sid="303" name="Char-tarapdan" type="2" provider="" onid="1" tsid="1" namespace="0x0208afe8" radio="1" />
        <service id="0x0053" sid="83" name="Miras" type="2" provider="" onid="1" tsid="1" namespace="0x0208afe8" radio="1" />
        <service id="0x0057" sid="87" name="Owaz" type="2" provider="" onid="1" tsid="1" namespace="0x0208afe8" radio="1" />
        <service id="0x012d" sid="301" name="Watan" type="2" provider="" onid="1" tsid="1" namespace="0x0208afe8" radio="1" />
      </transponder>
    </satellite>
    <satellite key="0208b00f:0001:0001" name="Sat-52E" namespace="0x0208b00f" position="52">
      <transponder key="0208b00f:0001:0001" frequency="12303000" symbol_rate="27500000" polarization="V" fec="2" system="0" modulation="0">
        <service id="0x00d0" sid="208" name="Arkadag" type="1" provider="Turkmenistan" onid="1" tsid="1" namespace="0x0208b00f" />
        <service id="0x00cd" sid="205" name="Asgabat" type="1" provider="Turkmenistan" onid="1" tsid="1" namespace="0x0208b00f" />
        <service id="0x00ce" sid="206" name="Turkmen Owazy" type="1" provider="Turkmenistan" onid="1" tsid="1" namespace="0x0208b00f" />
        <service id="0x0001" sid="1" name="Turkmen Radio" type="1" provider="TandbergTV" onid="1" tsid="1" namespace="0x0208b00f" />
        <service id="0x00cf" sid="207" name="Turkmenistan Sport" type="1" provider="Turkmenistan" onid="1" tsid="1" namespace="0x0208b00f" />
      </transponder>
    </satellite>
    <satellite key="0208b035:0002:0000" name="Sat-52E" namespace="0x0208b035" position="52">
      <transponder key="0208b035:0002:0000" frequency="12341000" symbol_rate="28000000" polarization="V" fec="4" system="0" modulation="0">
        <service id="0x010c" sid="268" name=".Black" type="1" provider="AREF" onid="0" tsid="2" namespace="0x0208b035" />
        <service id="0x010b" sid="267" name=".Red HD" type="1" provider="AREF" onid="0" tsid="2" namespace="0x0208b035" />
        <service id="0x010d" sid="269" name=".Sci-Fi" type="1" provider="AREF" onid="0" tsid="2" namespace="0x0208b035" />
        <service id="0x027a" sid="634" name="365 дней ТВ" type="1" provider="AREF" onid="0" tsid="2" namespace="0x0208b035" />
        <service id="0x026e" sid="622" name="Animal Planet" type="1" provider="AREF" onid="0" tsid="2" namespace="0x0208b035" />
        <service id="0x010f" sid="271" name="MMA-TV.com HD" type="1" provider="AREF" onid="0" tsid="2" namespace="0x0208b035" />
        <service id="0x026b" sid="619" name="Авто Плюс" type="1" provider="AREF" onid="0" tsid="2" namespace="0x0208b035" />
        <service id="0x006e" sid="110" name="БОКС ТВ" type="1" provider="AREF" onid="0" tsid="2" namespace="0x0208b035" />
        <service id="0x0074" sid="116" name="В гостях у сказки HD" type="1" provider="AREF" onid="0" tsid="2" namespace="0x0208b035" />
        <service id="0x0072" sid="114" name="Дикая охота HD" type="1" provider="AREF" onid="0" tsid="2" namespace="0x0208b035" />
        <service id="0x0073" sid="115" name="Дикая рыбалка HD" type="1" provider="AREF" onid="0" tsid="2" namespace="0x0208b035" />
        <service id="0x0075" sid="117" name="Живи!" type="1" provider="AREF" onid="0" tsid="2" namespace="0x0208b035" />
        <service id="0x025f" sid="607" name="Индийское Кино" type="1" provider="AREF" onid="0" tsid="2" namespace="0x0208b035" />
        <service id="0x006d" sid="109" name="Индия" type="1" provider="AREF" onid="0" tsid="2" namespace="0x0208b035" />
        <service id="0x027b" sid="635" name="КВН ТВ" type="1" provider="AREF" onid="0" tsid="2" namespace="0x0208b035" />
        <service id="0x0068" sid="104" name="КИНОКОМЕДИЯ" type="1" provider="AREF" onid="0" tsid="2" namespace="0x0208b035" />
        <service id="0x025c" sid="604" name="Киномикс HD" type="1" provider="AREF" onid="0" tsid="2" namespace="0x0208b035" />
        <service id="0x025a" sid="602" name="Кинопремьера HD" type="1" provider="AREF" onid="0" tsid="2" namespace="0x0208b035" />
        <service id="0x0069" sid="105" name="Киносвидание HD" type="1" provider="AREF" onid="0" tsid="2" namespace="0x0208b035" />
        <service id="0x025d" sid="605" name="Киносемья HD" type="1" provider="AREF" onid="0" tsid="2" namespace="0x0208b035" />
        <service id="0x006b" sid="107" name="Киносерия HD" type="1" provider="AREF" onid="0" tsid="2" namespace="0x0208b035" />
        <service id="0x0066" sid="102" name="Киноужас HD" type="1" provider="AREF" onid="0" tsid="2" namespace="0x0208b035" />
        <service id="0x025e" sid="606" name="Кинохит HD" type="1" provider="AREF" onid="0" tsid="2" namespace="0x0208b035" />
        <service id="0x026a" sid="618" name="Кухня ТВ" type="1" provider="AREF" onid="0" tsid="2" namespace="0x0208b035" />
        <service id="0x025b" sid="603" name="Мужское Кино HD" type="1" provider="AREF" onid="0" tsid="2" namespace="0x0208b035" />
        <service id="0x006a" sid="106" name="Наше Новое Кино HD" type="1" provider="AREF" onid="0" tsid="2" namespace="0x0208b035" />
        <service id="0x006c" sid="108" name="Родное Кино" type="1" provider="AREF" onid="0" tsid="2" namespace="0x0208b035" />
        <service id="0x0071" sid="113" name="СТС Kids" type="1" provider="AREF" onid="0" tsid="2" namespace="0x0208b035" />
        <service id="0x026c" sid="620" name="СуперГерои" type="1" provider="AREF" onid="0" tsid="2" namespace="0x0208b035" />
        <service id="0x026f" sid="623" name="ТОЧКА.РФ" type="1" provider="AREF" onid="0" tsid="2" namespace="0x0208b035" />
      </transponder>
    </satellite>
    <satellite key="0208b05c:0003:0000" name="Sat-52E" namespace="0x0208b05c" position="52">
      <transponder key="0208b05c:0003:0000" frequency="12380000" symbol_rate="28000000" polarization="V" fec="4" system="0" modulation="0">
        <service id="0x02e1" sid="737" name="A1" type="1" provider="AREF" onid="0" tsid="3" namespace="0x0208b05c" />
        <service id="0x02e2" sid="738" name="A2" type="1" provider="AREF" onid="0" tsid="3" namespace="0x0208b05c" />
        <service id="0x02cb" sid="715" name="Amedia Hit HD" type="1" provider="AREF" onid="0" tsid="3" namespace="0x0208b05c" />
        <service id="0x02cc" sid="716" name="Amedia Premium HD" type="1" provider="AREF" onid="0" tsid="3" namespace="0x0208b05c" />
        <service id="0x02e7" sid="743" name="Big Planet HD" type="1" provider="AREF" onid="0" tsid="3" namespace="0x0208b05c" />
        <service id="0x02e8" sid="744" name="BIZ TV" type="1" provider="AREF" onid="0" tsid="3" namespace="0x0208b05c" />
        <service id="0x02bd" sid="701" name="Bollywood" type="1" provider="AREF" onid="0" tsid="3" namespace="0x0208b05c" />
        <service id="0x02c3" sid="707" name="Discovery Channel" type="25" provider="AREF" onid="0" tsid="3" namespace="0x0208b05c" />
        <service id="0x02bf" sid="703" name="Eurosport 1 HD" type="25" provider="AREF" onid="0" tsid="3" namespace="0x0208b05c" />
        <service id="0x02c0" sid="704" name="Eurosport 2 HD" type="25" provider="AREF" onid="0" tsid="3" namespace="0x0208b05c" />
        <service id="0x02c1" sid="705" name="ID" type="1" provider="AREF" onid="0" tsid="3" namespace="0x0208b05c" />
        <service id="0x02e0" sid="736" name="KHL Prime HD" type="1" provider="AREF" onid="0" tsid="3" namespace="0x0208b05c" />
        <service id="0x02c5" sid="709" name="Nick Jr." type="1" provider="AREF" onid="0" tsid="3" namespace="0x0208b05c" />
        <service id="0x02c6" sid="710" name="Nickelodeon" type="1" provider="AREF" onid="0" tsid="3" namespace="0x0208b05c" />
        <service id="0x02e6" sid="742" name="Terra HD" type="1" provider="AREF" onid="0" tsid="3" namespace="0x0208b05c" />
        <service id="0x02be" sid="702" name="Test-702" type="22" provider="AREF" onid="0" tsid="3" namespace="0x0208b05c" />
        <service id="0x02d2" sid="722" name="Test-722" type="1" provider="AREF" onid="0" tsid="3" namespace="0x0208b05c" />
        <service id="0x02d7" sid="727" name="Test-727" type="1" provider="AREF" onid="0" tsid="3" namespace="0x0208b05c" />
        <service id="0x02d8" sid="728" name="Test-728" type="25" provider="AREF" onid="0" tsid="3" namespace="0x0208b05c" />
        <service id="0x02c2" sid="706" name="TLC" type="1" provider="AREF" onid="0" tsid="3" namespace="0x0208b05c" />
        <service id="0x02e5" sid="741" name="viju TV1000 новелла" type="1" provider="AREF" onid="0" tsid="3" namespace="0x0208b05c" />
        <service id="0x02e3" sid="739" name="viju+ Planet HD" type="1" provider="AREF" onid="0" tsid="3" namespace="0x0208b05c" />
        <service id="0x02e4" sid="740" name="viju+ Serial HD" type="1" provider="AREF" onid="0" tsid="3" namespace="0x0208b05c" />
        <service id="0x02c8" sid="712" name="Дом Кино" type="1" provider="AREF" onid="0" tsid="3" namespace="0x0208b05c" />
        <service id="0x02c9" sid="713" name="Дом Кино Премиум" type="1" provider="AREF" onid="0" tsid="3" namespace="0x0208b05c" />
        <service id="0x02df" sid="735" name="Звезда" type="1" provider="AREF" onid="0" tsid="3" namespace="0x0208b05c" />
        <service id="0x02dc" sid="732" name="МИР" type="1" provider="AREF" onid="0" tsid="3" namespace="0x0208b05c" />
        <service id="0x02db" sid="731" name="МИР 24" type="1" provider="AREF" onid="0" tsid="3" namespace="0x0208b05c" />
        <service id="0x02cd" sid="717" name="Моя Планета" type="1" provider="AREF" onid="0" tsid="3" namespace="0x0208b05c" />
        <service id="0x02ca" sid="714" name="Синема" type="1" provider="AREF" onid="0" tsid="3" namespace="0x0208b05c" />
        <service id="0x02c7" sid="711" name="Т24" type="1" provider="AREF" onid="0" tsid="3" namespace="0x0208b05c" />
        <service id="0x02de" sid="734" name="ТНТ Music HD" type="25" provider="AREF" onid="0" tsid="3" namespace="0x0208b05c" />
        <service id="0x02dd" sid="733" name="Ю ТВ" type="22" provider="AREF" onid="0" tsid="3" namespace="0x0208b05c" />
      </transponder>
    </satellite>
  </satellites>
</zapit>
