{
  "api_version": 4,
  "bouquet_count": "242",
  "category": "sat",
  "deduplicated_services": "0",
  "display_name": "Sat-52E",
  "lamedb_version": "4",
  "last_seen": "unknown",
  "satellite_code": "S52E",
  "service_count": "12934",
  "source": "work/ingest/oe-alliance/vhannibal.motor.and.dtt.lazio/enigma2",
  "stale": "unknown",
  "stats": "{\"bouquet_count\": 48, \"cable_services\": 0, \"radio_services\": 2001, \"sat_services\": 12661, \"terrestrial_services\": 273, \"total_services\": 12934}",
  "thresholds": "{\"cable\": 20, \"sat\": 50, \"terrestrial\": 20}",
  "transponder_count": "971"
}