<?xml version='1.0' encoding='utf-8'?>
<zapit api="4">
  <satellites>
    <satellite key="00130000:0009:0003" name="Sat-1.9E" namespace="0x00130000" position="1.9">
      <transponder key="00130000:0009:0003" frequency="12303000" symbol_rate="30000000" polarization="H" fec="2" system="0" modulation="0">
        <service id="0x018b" sid="395" name="Al Jazeera" type="1" provider="Bulgaria Sat" onid="3" tsid="9" namespace="0x00130000" />
        <service id="0x00c1" sid="193" name="AMC" type="1" provider="Bulgaria Sat" onid="3" tsid="9" namespace="0x00130000" />
        <service id="0x00bf" sid="191" name="Animal Planet" type="1" provider="Bulgaria Sat" onid="3" tsid="9" namespace="0x00130000" />
        <service id="0x018a" sid="394" name="Baby TV" type="1" provider="Bulgaria Sat" onid="3" tsid="9" namespace="0x00130000" />
        <service id="0x00bc" sid="188" name="Balkanika" type="1" provider="Bulgaria Sat" onid="3" tsid="9" namespace="0x00130000" />
        <service id="0x017d" sid="381" name="Eurosport" type="1" provider="Bulgaria Sat" onid="3" tsid="9" namespace="0x00130000" />
        <service id="0x017e" sid="382" name="Fashion TV" type="1" provider="Bulgaria Sat" onid="3" tsid="9" namespace="0x00130000" />
        <service id="0x00bd" sid="189" name="FILMBOX EXTRA" type="1" provider="Bulgaria Sat" onid="3" tsid="9" namespace="0x00130000" />
        <service id="0x00bb" sid="187" name="Fine Living" type="1" provider="Bulgaria Sat" onid="3" tsid="9" namespace="0x00130000" />
        <service id="0x018f" sid="399" name="Hobby TV" type="1" provider="Bulgaria Sat" onid="3" tsid="9" namespace="0x00130000" />
        <service id="0x00be" sid="190" name="ID Xtra" type="1" provider="Bulgaria Sat" onid="3" tsid="9" namespace="0x00130000" />
        <service id="0x00b4" sid="180" name="MTV Hits" type="1" provider="Bulgaria Sat" onid="3" tsid="9" namespace="0x00130000" />
        <service id="0x01ad" sid="429" name="NG Wild" type="1" provider="Bulgaria Sat" onid="3" tsid="9" namespace="0x00130000" />
        <service id="0x00b5" sid="181" name="Nick Bulgaria" type="1" provider="Bulgaria Sat" onid="3" tsid="9" namespace="0x00130000" />
        <service id="0x018d" sid="397" name="Nick Jr" type="1" provider="Bulgaria Sat" onid="3" tsid="9" namespace="0x00130000" />
        <service id="0x00b8" sid="184" name="Nick Jr Bulgaria" type="1" provider="Bulgaria Sat" onid="3" tsid="9" namespace="0x00130000" />
        <service id="0x018e" sid="398" name="Planeta TV" type="1" provider="Bulgaria Sat" onid="3" tsid="9" namespace="0x00130000" />
        <service id="0x018c" sid="396" name="TLC" type="1" provider="Bulgaria Sat" onid="3" tsid="9" namespace="0x00130000" />
        <service id="0x017f" sid="383" name="Travel Channel" type="1" provider="Bulgaria Sat" onid="3" tsid="9" namespace="0x00130000" />
        <service id="0x00b9" sid="185" name="VH 1" type="1" provider="Bulgaria Sat" onid="3" tsid="9" namespace="0x00130000" />
        <service id="0x00ba" sid="186" name="VH 1 classic" type="1" provider="Bulgaria Sat" onid="3" tsid="9" namespace="0x00130000" />
        <service id="0x00c0" sid="192" name="Viasat Explorer" type="1" provider="Bulgaria Sat" onid="3" tsid="9" namespace="0x00130000" />
        <service id="0x00b6" sid="182" name="Viasat History" type="1" provider="Bulgaria Sat" onid="3" tsid="9" namespace="0x00130000" />
        <service id="0x00b7" sid="183" name="Viasat Nature" type="1" provider="Bulgaria Sat" onid="3" tsid="9" namespace="0x00130000" />
      </transponder>
    </satellite>
    <satellite key="0013305c:000b:0001" name="Sat-1.9E" namespace="0x0013305c" position="1.9">
      <transponder key="0013305c:000b:0001" frequency="12380000" symbol_rate="30000000" polarization="H" fec="2" system="0" modulation="0">
        <service id="0x01cf" sid="463" name="Arena Sport 1" type="1" provider="POLARIS" onid="1" tsid="11" namespace="0x0013305c" />
        <service id="0x01d0" sid="464" name="Arena Sport 2" type="1" provider="POLARIS" onid="1" tsid="11" namespace="0x0013305c" />
        <service id="0x01d1" sid="465" name="Arena Sport 3" type="1" provider="POLARIS" onid="1" tsid="11" namespace="0x0013305c" />
        <service id="0x01d2" sid="466" name="Arena Sport 4" type="1" provider="POLARIS" onid="1" tsid="11" namespace="0x0013305c" />
        <service id="0x01e2" sid="482" name="Arena Sport 5" type="1" provider="POLARIS" onid="1" tsid="11" namespace="0x0013305c" />
        <service id="0x01d8" sid="472" name="AXN Adria" type="1" provider="POLARIS" onid="1" tsid="11" namespace="0x0013305c" />
        <service id="0x01db" sid="475" name="Discovery Science" type="1" provider="POLARIS" onid="1" tsid="11" namespace="0x0013305c" />
        <service id="0x01d9" sid="473" name="Discovery Serbia" type="1" provider="POLARIS" onid="1" tsid="11" namespace="0x0013305c" />
        <service id="0x01d3" sid="467" name="H2" type="1" provider="POLARIS" onid="1" tsid="11" namespace="0x0013305c" />
        <service id="0x01d7" sid="471" name="Happy TV" type="1" provider="POLARIS" onid="1" tsid="11" namespace="0x0013305c" />
        <service id="0x01da" sid="474" name="KCN Kopernikus 1" type="1" provider="POLARIS" onid="1" tsid="11" namespace="0x0013305c" />
        <service id="0x01df" sid="479" name="Minimax" type="1" provider="POLARIS" onid="1" tsid="11" namespace="0x0013305c" />
        <service id="0x01dd" sid="477" name="National Geographic" type="1" provider="POLARIS" onid="1" tsid="11" namespace="0x0013305c" />
        <service id="0x01e1" sid="481" name="OBN" type="1" provider="POLARIS" onid="1" tsid="11" namespace="0x0013305c" />
        <service id="0x01d4" sid="468" name="PRVA" type="1" provider="POLARIS" onid="1" tsid="11" namespace="0x0013305c" />
        <service id="0x01cd" sid="461" name="RTS 1" type="1" provider="POLARIS" onid="1" tsid="11" namespace="0x0013305c" />
        <service id="0x01ce" sid="462" name="RTS 2" type="1" provider="POLARIS" onid="1" tsid="11" namespace="0x0013305c" />
        <service id="0x01e4" sid="484" name="RTS Kolo" type="1" provider="POLARIS" onid="1" tsid="11" namespace="0x0013305c" />
        <service id="0x01e0" sid="480" name="RTS Muzika" type="1" provider="POLARIS" onid="1" tsid="11" namespace="0x0013305c" />
        <service id="0x01d5" sid="469" name="RTV Novi Pazar" type="1" provider="POLARIS" onid="1" tsid="11" namespace="0x0013305c" />
        <service id="0x01dc" sid="476" name="RTV1" type="1" provider="POLARIS" onid="1" tsid="11" namespace="0x0013305c" />
        <service id="0x01e3" sid="483" name="SOS Kanal" type="1" provider="POLARIS" onid="1" tsid="11" namespace="0x0013305c" />
        <service id="0x01d6" sid="470" name="TV B92" type="1" provider="POLARIS" onid="1" tsid="11" namespace="0x0013305c" />
        <service id="0x01de" sid="478" name="TV Pink" type="1" provider="POLARIS" onid="1" tsid="11" namespace="0x0013305c" />
      </transponder>
    </satellite>
    <satellite key="001330a8:000a:0002" name="Sat-1.9E" namespace="0x001330a8" position="1.9">
      <transponder key="001330a8:000a:0002" frequency="12456000" symbol_rate="30000000" polarization="H" fec="2" system="0" modulation="0">
        <service id="0x01bb" sid="443" name="AXN Spin" type="1" provider="POLARIS" onid="2" tsid="10" namespace="0x001330a8" />
        <service id="0x01a7" sid="423" name="Belle Amie" type="1" provider="POLARIS" onid="2" tsid="10" namespace="0x001330a8" />
        <service id="0x01ae" sid="430" name="CineStar TV" type="1" provider="POLARIS" onid="2" tsid="10" namespace="0x001330a8" />
        <service id="0x01af" sid="431" name="CineStar TV Action" type="1" provider="POLARIS" onid="2" tsid="10" namespace="0x001330a8" />
        <service id="0x01b8" sid="440" name="CineStar TV Fantasy" type="1" provider="POLARIS" onid="2" tsid="10" namespace="0x001330a8" />
        <service id="0x01b2" sid="434" name="DM Sat" type="1" provider="POLARIS" onid="2" tsid="10" namespace="0x001330a8" />
        <service id="0x01b4" sid="436" name="Docu Box" type="1" provider="POLARIS" onid="2" tsid="10" namespace="0x001330a8" />
        <service id="0x01ad" sid="429" name="Eurosport 2" type="1" provider="POLARIS" onid="2" tsid="10" namespace="0x001330a8" />
        <service id="0x01b7" sid="439" name="Film Box Plus" type="1" provider="POLARIS" onid="2" tsid="10" namespace="0x001330a8" />
        <service id="0x01b5" sid="437" name="Food Network" type="1" provider="POLARIS" onid="2" tsid="10" namespace="0x001330a8" />
        <service id="0x01ab" sid="427" name="Hobby Lov" type="1" provider="POLARIS" onid="2" tsid="10" namespace="0x001330a8" />
        <service id="0x01bf" sid="447" name="Hustler" type="1" provider="POLARIS" onid="2" tsid="10" namespace="0x001330a8" />
        <service id="0x01ac" sid="428" name="KCN Music 2" type="1" provider="POLARIS" onid="2" tsid="10" namespace="0x001330a8" />
        <service id="0x01b9" sid="441" name="Passion XXX" type="1" provider="POLARIS" onid="2" tsid="10" namespace="0x001330a8" />
        <service id="0x01ba" sid="442" name="Penthouse" type="1" provider="POLARIS" onid="2" tsid="10" namespace="0x001330a8" />
        <service id="0x01b6" sid="438" name="Perviy Kanal" type="1" provider="POLARIS" onid="2" tsid="10" namespace="0x001330a8" />
        <service id="0x01a8" sid="424" name="RTS Drama" type="1" provider="POLARIS" onid="2" tsid="10" namespace="0x001330a8" />
        <service id="0x01bc" sid="444" name="RTS Trezor" type="1" provider="POLARIS" onid="2" tsid="10" namespace="0x001330a8" />
        <service id="0x01bd" sid="445" name="RTS Zivot" type="1" provider="POLARIS" onid="2" tsid="10" namespace="0x001330a8" />
        <service id="0x01a5" sid="421" name="RTS3" type="1" provider="POLARIS" onid="2" tsid="10" namespace="0x001330a8" />
        <service id="0x01a6" sid="422" name="RTV2" type="1" provider="POLARIS" onid="2" tsid="10" namespace="0x001330a8" />
        <service id="0x01a9" sid="425" name="The Voice" type="1" provider="POLARIS" onid="2" tsid="10" namespace="0x001330a8" />
        <service id="0x01aa" sid="426" name="TV Duga Plus" type="1" provider="POLARIS" onid="2" tsid="10" namespace="0x001330a8" />
        <service id="0x01be" sid="446" name="XYPLUS" type="1" provider="POLARIS" onid="2" tsid="10" namespace="0x001330a8" />
        <service id="0x008f" sid="143" name="Radio 202" type="2" provider="POLARIS" onid="2" tsid="10" namespace="0x001330a8" radio="1" />
      </transponder>
    </satellite>
  </satellites>
</zapit>
