<?xml version='1.0' encoding='utf-8'?>
<zapit>
  <bouquet name="General" category="tv">
    <channel service_ref="1:0:22:0001:27fb:0148:eeee0000:0:0:0:" name="CREMONA1" service_name="CREMONA1" provider="STUDIO1" sid="1" onid="328" tsid="10235" />
    <channel service_ref="1:0:25:0008:27fb:0148:eeee0000:0:0:0:" name="RADIO BRUNO" service_name="RADIO BRUNO" provider="STUDIO1" sid="8" onid="328" tsid="10235" />
    <channel service_ref="1:0:22:0002:27fb:0148:eeee0000:0:0:0:" name="STUDIO1 LOMBARDIA" service_name="STUDIO1 LOMBARDIA" provider="STUDIO1" sid="2" onid="328" tsid="10235" />
    <channel service_ref="1:0:22:002e:27fb:0148:eeee0000:0:0:0:" name="TELECAMPIONE" service_name="TELECAMPIONE" provider="STUDIO1" sid="46" onid="328" tsid="10235" />
  </bouquet>
  <bouquet name="ARD/ZDF" category="tv">
    <channel service_ref="1:0:25:0008:27fb:0148:eeee0000:0:0:0:" name="RADIO BRUNO" service_name="RADIO BRUNO" provider="STUDIO1" sid="8" onid="328" tsid="10235" />
    <channel service_ref="1:0:22:0002:27fb:0148:eeee0000:0:0:0:" name="STUDIO1 LOMBARDIA" service_name="STUDIO1 LOMBARDIA" provider="STUDIO1" sid="2" onid="328" tsid="10235" />
  </bouquet>
  <bouquet name="Switzerland" category="tv">
    <channel service_ref="1:0:22:002e:27fb:0148:eeee0000:0:0:0:" name="TELECAMPIONE" service_name="TELECAMPIONE" provider="STUDIO1" sid="46" onid="328" tsid="10235" />
  </bouquet>
  <bouquet name="Others" category="tv">
    <channel service_ref="1:0:22:0001:27fb:0148:eeee0000:0:0:0:" name="CREMONA1" service_name="CREMONA1" provider="STUDIO1" sid="1" onid="328" tsid="10235" />
  </bouquet>
</zapit>
