<?xml version='1.0' encoding='utf-8'?>
<zapit api="4">
  <satellites>
    <satellite key="00640000:0001:282e" name="Sat-10E" namespace="0x00640000" position="10">
      <transponder key="00640000:0001:282e" frequency="12654000" symbol_rate="2300000" polarization="V" fec="5" system="0" modulation="0">
        <service id="0x02c8" sid="712" name="Tiernan" type="1" provider="Cable" onid="10286" tsid="1" namespace="0x00640000" />
      </transponder>
    </satellite>
    <satellite key="00640000:0001:0010" name="Sat-10E" namespace="0x00640000" position="10">
      <transponder key="00640000:0001:0010" frequency="11222000" symbol_rate="30000000" polarization="V" fec="4" system="0" modulation="0">
        <service id="0x1f41" sid="8001" name="01 BBC One" type="1" provider="BFBS" onid="16" tsid="1" namespace="0x00640000" />
        <service id="0x1f42" sid="8002" name="02 BBC Two" type="1" provider="BFBS" onid="16" tsid="1" namespace="0x00640000" />
        <service id="0x1f43" sid="8003" name="03 ITV" type="1" provider="BFBS" onid="16" tsid="1" namespace="0x00640000" />
        <service id="0x1f44" sid="8004" name="04 BFBS Extra" type="1" provider="BFBS" onid="16" tsid="1" namespace="0x00640000" />
        <service id="0x1f45" sid="8005" name="05 Sky Sports" type="1" provider="BFBS" onid="16" tsid="1" namespace="0x00640000" />
        <service id="0x1f46" sid="8006" name="06 BT Sport" type="1" provider="BFBS" onid="16" tsid="1" namespace="0x00640000" />
        <service id="0x1f47" sid="8007" name="07 BFBS Sport" type="1" provider="BFBS" onid="16" tsid="1" namespace="0x00640000" />
        <service id="0x1f48" sid="8008" name="08 Sky News" type="1" provider="BFBS" onid="16" tsid="1" namespace="0x00640000" />
        <service id="0x1f49" sid="8009" name="09 Forces TV" type="1" provider="BFBS" onid="16" tsid="1" namespace="0x00640000" />
        <service id="0x1f4a" sid="8010" name="10" type="22" provider="BFBS" onid="16" tsid="1" namespace="0x00640000" />
        <service id="0x1f4b" sid="8011" name="11 BBC One Delay" type="22" provider="BFBS" onid="16" tsid="1" namespace="0x00640000" />
        <service id="0x1f4c" sid="8012" name="12 BBC Two Delay" type="22" provider="BFBS" onid="16" tsid="1" namespace="0x00640000" />
        <service id="0x1f4d" sid="8013" name="13 ITV Delay" type="22" provider="BFBS" onid="16" tsid="1" namespace="0x00640000" />
        <service id="0x1f4e" sid="8014" name="14 BFBS Extra Delay" type="22" provider="BFBS" onid="16" tsid="1" namespace="0x00640000" />
        <service id="0x1f4f" sid="8015" name="15" type="22" provider="BFBS" onid="16" tsid="1" namespace="0x00640000" />
        <service id="0x1f50" sid="8016" name="16" type="22" provider="BFBS" onid="16" tsid="1" namespace="0x00640000" />
        <service id="0x1f51" sid="8017" name="17 Sky Cinema" type="22" provider="BFBS" onid="16" tsid="1" namespace="0x00640000" />
        <service id="0x1f52" sid="8018" name="18 Nepal TV" type="22" provider="BFBS" onid="16" tsid="1" namespace="0x00640000" />
        <service id="0x1f53" sid="8019" name="19" type="22" provider="BFBS" onid="16" tsid="1" namespace="0x00640000" />
        <service id="0x1f54" sid="8020" name="20" type="22" provider="BFBS" onid="16" tsid="1" namespace="0x00640000" />
        <service id="0x1f5f" sid="8031" name="51 BFBS Radio" type="2" provider="BFBS" onid="16" tsid="1" namespace="0x00640000" radio="1" />
        <service id="0x1f58" sid="8024" name="52 BFBS Radio 2" type="2" provider="BFBS" onid="16" tsid="1" namespace="0x00640000" radio="1" />
        <service id="0x1f5b" sid="8027" name="53 BFBS UK National" type="2" provider="BFBS" onid="16" tsid="1" namespace="0x00640000" radio="1" />
        <service id="0x1f55" sid="8021" name="61 BFBS Ops" type="2" provider="BFBS" onid="16" tsid="1" namespace="0x00640000" radio="1" />
        <service id="0x1f56" sid="8022" name="62 BFBS Cyprus" type="2" provider="BFBS" onid="16" tsid="1" namespace="0x00640000" radio="1" />
        <service id="0x1f5d" sid="8029" name="63 BFBS East" type="2" provider="BFBS" onid="16" tsid="1" namespace="0x00640000" radio="1" />
        <service id="0x1f66" sid="8038" name="64" type="2" provider="BFBS" onid="16" tsid="1" namespace="0x00640000" radio="1" />
        <service id="0x1f59" sid="8025" name="65 BFBS Germany" type="2" provider="BFBS" onid="16" tsid="1" namespace="0x00640000" radio="1" />
        <service id="0x1f5e" sid="8030" name="66 BFBS N Ireland" type="2" provider="BFBS" onid="16" tsid="1" namespace="0x00640000" radio="1" />
        <service id="0x1f57" sid="8023" name="67 BFBS UK Bases" type="2" provider="BFBS" onid="16" tsid="1" namespace="0x00640000" radio="1" />
        <service id="0x1f70" sid="8048" name="68 BFBS Gurkha East" type="2" provider="BFBS" onid="16" tsid="1" namespace="0x00640000" radio="1" />
        <service id="0x1f61" sid="8033" name="69 BFBS Gurkha Radio" type="2" provider="BFBS" onid="16" tsid="1" namespace="0x00640000" radio="1" />
        <service id="0x1f60" sid="8032" name="71 BFBS Beats" type="2" provider="BFBS" onid="16" tsid="1" namespace="0x00640000" radio="1" />
        <service id="0x1f62" sid="8034" name="72 BFBS Dirt" type="2" provider="BFBS" onid="16" tsid="1" namespace="0x00640000" radio="1" />
        <service id="0x1f63" sid="8035" name="73 BFBS Rewind" type="2" provider="BFBS" onid="16" tsid="1" namespace="0x00640000" radio="1" />
        <service id="0x1f65" sid="8037" name="74 BFBS Shamishran" type="2" provider="BFBS" onid="16" tsid="1" namespace="0x00640000" radio="1" />
        <service id="0x1f5a" sid="8026" name="75 BFBS Unwind" type="2" provider="BFBS" onid="16" tsid="1" namespace="0x00640000" radio="1" />
        <service id="0x1f67" sid="8039" name="81" type="2" provider="BFBS" onid="16" tsid="1" namespace="0x00640000" radio="1" />
        <service id="0x1f68" sid="8040" name="82 World Service" type="2" provider="BFBS" onid="16" tsid="1" namespace="0x00640000" radio="1" />
        <service id="0x1f69" sid="8041" name="83 Fun kids" type="2" provider="BFBS" onid="16" tsid="1" namespace="0x00640000" radio="1" />
        <service id="0x1f6a" sid="8042" name="84 Talk Sport" type="2" provider="BFBS" onid="16" tsid="1" namespace="0x00640000" radio="1" />
        <service id="0x1f6b" sid="8043" name="85" type="2" provider="BFBS" onid="16" tsid="1" namespace="0x00640000" radio="1" />
        <service id="0x1f6c" sid="8044" name="86" type="2" provider="BFBS" onid="16" tsid="1" namespace="0x00640000" radio="1" />
        <service id="0x1f6d" sid="8045" name="87" type="2" provider="BFBS" onid="16" tsid="1" namespace="0x00640000" radio="1" />
        <service id="0x1f6e" sid="8046" name="88" type="2" provider="BFBS" onid="16" tsid="1" namespace="0x00640000" radio="1" />
        <service id="0x1f6f" sid="8047" name="91 Gibraltar" type="2" provider="BFBS" onid="16" tsid="1" namespace="0x00640000" radio="1" />
        <service id="0x1f5c" sid="8028" name="92 (Contribution)" type="2" provider="BFBS" onid="16" tsid="1" namespace="0x00640000" radio="1" />
        <service id="0x1f64" sid="8036" name="93" type="2" provider="BFBS" onid="16" tsid="1" namespace="0x00640000" radio="1" />
        <service id="0x1f71" sid="8049" name="94" type="2" provider="BFBS" onid="16" tsid="1" namespace="0x00640000" radio="1" />
        <service id="0x1f72" sid="8050" name="95" type="2" provider="BFBS" onid="16" tsid="1" namespace="0x00640000" radio="1" />
      </transponder>
    </satellite>
    <satellite key="00640000:0005:000a" name="Sat-10E" namespace="0x00640000" position="10">
      <transponder key="00640000:0005:000a" frequency="11682000" symbol_rate="3200000" polarization="H" fec="4" system="0" modulation="0">
        <service id="0x01f4" sid="500" name="LBC Europe" type="1" provider="LBC" onid="10" tsid="5" namespace="0x00640000" />
        <service id="0x01f5" sid="501" name="LDC" type="1" provider="LBC" onid="10" tsid="5" namespace="0x00640000" />
        <service id="0x01f6" sid="502" name="LDC AM" type="1" provider="LBC" onid="10" tsid="5" namespace="0x00640000" />
      </transponder>
    </satellite>
    <satellite key="00642a58:00b0:00b1" name="Sat-10E" namespace="0x00642a58" position="10">
      <transponder key="00642a58:00b0:00b1" frequency="10840000" symbol_rate="3255000" polarization="V" fec="1" system="0" modulation="0">
        <service id="0x0001" sid="1" name="SCOPUS-NET-TECH" type="1" provider="Scopus Network Technologies" onid="177" tsid="176" namespace="0x00642a58" />
      </transponder>
    </satellite>
    <satellite key="00642ad0:0001:ffff" name="Sat-10E" namespace="0x00642ad0" position="10">
      <transponder key="00642ad0:0001:ffff" frequency="10960000" symbol_rate="1333000" polarization="H" fec="2" system="0" modulation="0">
        <service id="0x0001" sid="1" name="-noorsatt" type="1" provider="unnamed" onid="65535" tsid="1" namespace="0x00642ad0" />
      </transponder>
    </satellite>
    <satellite key="00642adb:0001:ffff" name="Sat-10E" namespace="0x00642adb" position="10">
      <transponder key="00642adb:0001:ffff" frequency="10971000" symbol_rate="3123000" polarization="H" fec="1" system="0" modulation="0">
        <service id="0x0001" sid="1" name="IHA-529" type="1" provider="IHA" onid="65535" tsid="1" namespace="0x00642adb" />
      </transponder>
    </satellite>
    <satellite key="00642adf:0001:ffff" name="Sat-10E" namespace="0x00642adf" position="10">
      <transponder key="00642adf:0001:ffff" frequency="10975000" symbol_rate="3125000" polarization="H" fec="2" system="0" modulation="0">
        <service id="0x0001" sid="1" name="IHA-540" type="1" provider="IHA" onid="65535" tsid="1" namespace="0x00642adf" />
      </transponder>
    </satellite>
    <satellite key="00642ae1:0001:ffff" name="Sat-10E" namespace="0x00642ae1" position="10">
      <transponder key="00642ae1:0001:ffff" frequency="10977000" symbol_rate="3123000" polarization="H" fec="3" system="0" modulation="0">
        <service id="0x0001" sid="1" name="IHA-540" type="1" provider="IHA" onid="65535" tsid="1" namespace="0x00642ae1" />
      </transponder>
    </satellite>
    <satellite key="00642b00:0001:ffff" name="Sat-10E" namespace="0x00642b00" position="10">
      <transponder key="00642b00:0001:ffff" frequency="11008000" symbol_rate="4800000" polarization="V" fec="3" system="0" modulation="0">
        <service id="0x0001" sid="1" name="Al-Forat HD1" type="25" provider="Al-Forat HD1" onid="65535" tsid="1" namespace="0x00642b00" />
      </transponder>
    </satellite>
    <satellite key="00642c52:0001:0001" name="Sat-10E" namespace="0x00642c52" position="10">
      <transponder key="00642c52:0001:0001" frequency="11346000" symbol_rate="27500000" polarization="H" fec="3" system="0" modulation="0">
        <service id="0x000a" sid="10" name="El Hiwar Ettounsi" type="1" provider="TV-Provider" onid="1" tsid="1" namespace="0x00642c52" />
        <service id="0x0003" sid="3" name="KaSat Event" type="1" provider="Eutelsat" onid="1" tsid="1" namespace="0x00642c52" />
        <service id="0x0002" sid="2" name="Demo Radio" type="2" provider="Radio d¨¦mo" onid="1" tsid="1" namespace="0x00642c52" radio="1" />
      </transponder>
    </satellite>
    <satellite key="00642d68:1000:2000" name="Sat-10E" namespace="0x00642d68" position="10">
      <transponder key="00642d68:1000:2000" frequency="11624000" symbol_rate="3800000" polarization="V" fec="8" system="0" modulation="0">
        <service id="0x0001" sid="1" name="Kurdistan TV" type="1" provider="Harmonic" onid="8192" tsid="4096" namespace="0x00642d68" />
      </transponder>
    </satellite>
    <satellite key="00642d6d:1000:2000" name="Sat-10E" namespace="0x00642d6d" position="10">
      <transponder key="00642d6d:1000:2000" frequency="11629000" symbol_rate="3800000" polarization="V" fec="8" system="0" modulation="0">
        <service id="0x0001" sid="1" name="Zagros TV" type="1" provider="Harmonic" onid="8192" tsid="4096" namespace="0x00642d6d" />
      </transponder>
    </satellite>
    <satellite key="00642d76:0003:0001" name="Sat-10E" namespace="0x00642d76" position="10">
      <transponder key="00642d76:0003:0001" frequency="11638000" symbol_rate="5300000" polarization="H" fec="4" system="0" modulation="0">
        <service id="0x0003" sid="3" name="AMC Africa" type="1" provider="RR Media" onid="1" tsid="3" namespace="0x00642d76" />
        <service id="0x0001" sid="1" name="AMC PE" type="1" provider="RR Media" onid="1" tsid="3" namespace="0x00642d76" />
      </transponder>
    </satellite>
    <satellite key="00642d77:0001:0000" name="Sat-10E" namespace="0x00642d77" position="10">
      <transponder key="00642d77:0001:0000" frequency="11639000" symbol_rate="3650000" polarization="V" fec="2" system="0" modulation="0">
        <service id="0x0001" sid="1" name="WAAR HD" type="25" provider="Waar" onid="0" tsid="1" namespace="0x00642d77" />
      </transponder>
    </satellite>
    <satellite key="006430dd:0001:ffff" name="Sat-10E" namespace="0x006430dd" position="10">
      <transponder key="006430dd:0001:ffff" frequency="12509000" symbol_rate="2666000" polarization="H" fec="4" system="0" modulation="0">
        <service id="0x0001" sid="1" name="BELADI TV" type="1" provider="TandbergTV" onid="65535" tsid="1" namespace="0x006430dd" />
      </transponder>
    </satellite>
    <satellite key="006430e8:0001:fffe" name="Sat-10E" namespace="0x006430e8" position="10">
      <transponder key="006430e8:0001:fffe" frequency="12520000" symbol_rate="1100000" polarization="H" fec="4" system="0" modulation="0">
        <service id="0x0002" sid="2" name="lad" type="1" provider="Al M" onid="65534" tsid="1" namespace="0x006430e8" />
      </transponder>
    </satellite>
    <satellite key="0064315c:0001:0001" name="Sat-10E" namespace="0x0064315c" position="10">
      <transponder key="0064315c:0001:0001" frequency="12636000" symbol_rate="18400000" polarization="V" fec="2" system="0" modulation="0">
        <service id="0x00c8" sid="200" name="AP DIRECT" type="1" provider="Associated Press" onid="1" tsid="1" namespace="0x0064315c" />
        <service id="0x0028" sid="40" name="AP GVW" type="1" provider="Associated Press" onid="1" tsid="1" namespace="0x0064315c" />
      </transponder>
    </satellite>
  </satellites>
</zapit>
