<?xml version='1.0' encoding='utf-8'?>
<zapit>
  <bouquet name="General" category="tv">
    <channel service_ref="1:0:1:008e:194e:15e3:02080000:0:0:0:" name="Afghan Business TV" service_name="Afghan Business TV" provider="WNS" sid="142" onid="5603" tsid="6478" />
    <channel service_ref="1:0:1:00c9:0001:0001:0208afe9:0:0:0:" name="Altyn Asyr" service_name="Altyn Asyr" provider="Turkmenistan" sid="201" onid="1" tsid="1" />
    <channel service_ref="1:0:1:032e:194e:15e3:02080000:0:0:0:" name="Amir TV" service_name="Amir TV" provider="WNS" sid="814" onid="5603" tsid="6478" />
    <channel service_ref="1:0:1:032c:194e:15e3:02080000:0:0:0:" name="Ariana USA" service_name="Ariana USA" provider="WNS" sid="812" onid="5603" tsid="6478" />
    <channel service_ref="1:0:1:00cd:0001:0001:0208b00f:0:0:0:" name="Asgabat" service_name="Asgabat" provider="Turkmenistan" sid="205" onid="1" tsid="1" />
    <channel service_ref="1:0:1:02c8:194e:15e3:02080000:0:0:0:" name="ASR TV" service_name="ASR TV" provider="WNS" sid="712" onid="5603" tsid="6478" />
    <channel service_ref="1:0:1:014b:194e:15e3:02080000:0:0:0:" name="AVA Family" service_name="AVA Family" provider="WNS" sid="331" onid="5603" tsid="6478" />
    <channel service_ref="1:0:1:014a:194e:15e3:02080000:0:0:0:" name="AVA Music" service_name="AVA Music" provider="WNS" sid="330" onid="5603" tsid="6478" />
    <channel service_ref="1:0:1:0094:194e:15e3:02080000:0:0:0:" name="Dunya naw TV - farah" service_name="Dunya naw TV - farah" provider="WNS" sid="148" onid="5603" tsid="6478" />
    <channel service_ref="1:0:1:032a:194e:15e3:02080000:0:0:0:" name="FLIX" service_name="FLIX" provider="WNS" sid="810" onid="5603" tsid="6478" />
    <channel service_ref="1:0:1:046b:0745:0204:02080000:0:0:0:" name="FRANCE 24 ENGLISH HD" service_name="FRANCE 24 ENGLISH HD" provider="STN ltd" sid="1131" onid="516" tsid="1861" />
    <channel service_ref="1:0:1:0004:1d36:1d36:02080000:0:0:0:" name="France 24 HD (in English)" service_name="France 24 HD (in English)" provider="WNS" sid="4" onid="7478" tsid="7478" />
    <channel service_ref="1:0:1:02c0:194e:15e3:02080000:0:0:0:" name="GRAND CINEMA HD" service_name="GRAND CINEMA HD" provider="WNS" sid="704" onid="5603" tsid="6478" />
    <channel service_ref="1:0:1:0095:194e:15e3:02080000:0:0:0:" name="HOD HOD TV HD" service_name="HOD HOD TV HD" provider="WNS" sid="149" onid="5603" tsid="6478" />
    <channel service_ref="1:0:1:02c1:194e:15e3:02080000:0:0:0:" name="HOD HOD TV SD" service_name="HOD HOD TV SD" provider="WNS" sid="705" onid="5603" tsid="6478" />
    <channel service_ref="1:0:1:046f:0745:0204:02080000:0:0:0:" name="IFILM 2" service_name="IFILM 2" provider="STN PLC" sid="1135" onid="516" tsid="1861" />
    <channel service_ref="1:0:1:02be:194e:15e3:02080000:0:0:0:" name="Iranian TV" service_name="Iranian TV" provider="WNS" sid="702" onid="5603" tsid="6478" />
    <channel service_ref="1:0:1:00cb:0001:0001:0208afe9:0:0:0:" name="Miras" service_name="Miras" provider="Turkmenistan" sid="203" onid="1" tsid="1" />
    <channel service_ref="1:0:1:02c4:194e:15e3:02080000:0:0:0:" name="Nex TV HD" service_name="Nex TV HD" provider="WNS" sid="708" onid="5603" tsid="6478" />
    <channel service_ref="1:0:1:01d6:0745:0204:02080000:0:0:0:" name="NHK World Japan" service_name="NHK World Japan" provider="STN PLC" sid="470" onid="516" tsid="1861" />
    <channel service_ref="1:0:1:0001:1d36:1d36:02080000:0:0:0:" name="NHK WORLD-JPN" service_name="NHK WORLD-JPN" provider="WNS" sid="1" onid="7478" tsid="7478" />
    <channel service_ref="1:0:1:008f:194e:15e3:02080000:0:0:0:" name="OXIR TV" service_name="OXIR TV" provider="WNS" sid="143" onid="5603" tsid="6478" />
    <channel service_ref="1:0:1:032f:194e:15e3:02080000:0:0:0:" name="Persian Network" service_name="Persian Network" provider="WNS" sid="815" onid="5603" tsid="6478" />
    <channel service_ref="1:0:1:02bd:194e:15e3:02080000:0:0:0:" name="Persiana TV" service_name="Persiana TV" provider="WNS" sid="701" onid="5603" tsid="6478" />
    <channel service_ref="1:0:1:02c9:194e:15e3:02080000:0:0:0:" name="Razavi TV" service_name="Razavi TV" provider="WNS" sid="713" onid="5603" tsid="6478" />
    <channel service_ref="1:0:1:032d:194e:15e3:02080000:0:0:0:" name="Saamen TV" service_name="Saamen TV" provider="WNS" sid="813" onid="5603" tsid="6478" />
    <channel service_ref="1:0:1:0001:0001:0000:0208b0a8:0:0:0:" name="SuperYacht TV" service_name="SuperYacht TV" provider="Profen" sid="1" onid="0" tsid="1" />
    <channel service_ref="1:0:1:0093:194e:15e3:02080000:0:0:0:" name="Taraqi TV" service_name="Taraqi TV" provider="WNS" sid="147" onid="5603" tsid="6478" />
    <channel service_ref="1:0:1:032b:194e:15e3:02080000:0:0:0:" name="Tele Series" service_name="Tele Series" provider="WNS" sid="811" onid="5603" tsid="6478" />
    <channel service_ref="1:0:1:0002:1d36:1d36:02080000:0:0:0:" name="TRT Arabi HD" service_name="TRT Arabi HD" provider="WNS" sid="2" onid="7478" tsid="7478" />
    <channel service_ref="1:0:25:0005:1d36:1d36:02080000:0:0:0:" name="TRT AVAZ HD" service_name="TRT AVAZ HD" provider="WNS" sid="5" onid="7478" tsid="7478" />
    <channel service_ref="1:0:1:0003:1d36:1d36:02080000:0:0:0:" name="TRT World HD" service_name="TRT World HD" provider="WNS" sid="3" onid="7478" tsid="7478" />
    <channel service_ref="1:0:1:00ce:0001:0001:0208b00f:0:0:0:" name="Turkmen Owazy" service_name="Turkmen Owazy" provider="Turkmenistan" sid="206" onid="1" tsid="1" />
    <channel service_ref="1:0:1:00cc:0001:0001:0208afe9:0:0:0:" name="Turkmenistan" service_name="Turkmenistan" provider="Turkmenistan" sid="204" onid="1" tsid="1" />
    <channel service_ref="1:0:1:00cf:0001:0001:0208b00f:0:0:0:" name="Turkmenistan Sport" service_name="Turkmenistan Sport" provider="Turkmenistan" sid="207" onid="1" tsid="1" />
    <channel service_ref="1:0:1:014c:194e:15e3:02080000:0:0:0:" name="Watan HD TV" service_name="Watan HD TV" provider="WNS" sid="332" onid="5603" tsid="6478" />
    <channel service_ref="1:0:1:0090:194e:15e3:02080000:0:0:0:" name="WNS" service_name="WNS" provider="WNS" sid="144" onid="5603" tsid="6478" />
    <channel service_ref="1:0:1:00ca:0001:0001:0208afe9:0:0:0:" name="Yaslyk" service_name="Yaslyk" provider="Turkmenistan" sid="202" onid="1" tsid="1" />
    <channel service_ref="1:0:1:02c7:194e:15e3:02080000:0:0:0:" name="Zan TV" service_name="Zan TV" provider="WNS" sid="711" onid="5603" tsid="6478" />
  </bouquet>
  <bouquet name="Movies" category="tv">
    <channel service_ref="1:0:1:02c0:194e:15e3:02080000:0:0:0:" name="GRAND CINEMA HD" service_name="GRAND CINEMA HD" provider="WNS" sid="704" onid="5603" tsid="6478" />
    <channel service_ref="1:0:1:046f:0745:0204:02080000:0:0:0:" name="IFILM 2" service_name="IFILM 2" provider="STN PLC" sid="1135" onid="516" tsid="1861" />
  </bouquet>
  <bouquet name="Series" category="tv">
    <channel service_ref="1:0:1:032b:194e:15e3:02080000:0:0:0:" name="Tele Series" service_name="Tele Series" provider="WNS" sid="811" onid="5603" tsid="6478" />
  </bouquet>
  <bouquet name="Sports" category="tv">
    <channel service_ref="1:0:1:00cf:0001:0001:0208b00f:0:0:0:" name="Turkmenistan Sport" service_name="Turkmenistan Sport" provider="Turkmenistan" sid="207" onid="1" tsid="1" />
  </bouquet>
  <bouquet name="Music" category="tv">
    <channel service_ref="1:0:1:014a:194e:15e3:02080000:0:0:0:" name="AVA Music" service_name="AVA Music" provider="WNS" sid="330" onid="5603" tsid="6478" />
  </bouquet>
  <bouquet name="TF1" category="tv">
    <channel service_ref="1:0:1:046b:0745:0204:02080000:0:0:0:" name="FRANCE 24 ENGLISH HD" service_name="FRANCE 24 ENGLISH HD" provider="STN ltd" sid="1131" onid="516" tsid="1861" />
    <channel service_ref="1:0:1:0004:1d36:1d36:02080000:0:0:0:" name="France 24 HD (in English)" service_name="France 24 HD (in English)" provider="WNS" sid="4" onid="7478" tsid="7478" />
  </bouquet>
  <bouquet name="Resolution - HD" category="tv">
    <channel service_ref="1:0:1:046b:0745:0204:02080000:0:0:0:" name="FRANCE 24 ENGLISH HD" service_name="FRANCE 24 ENGLISH HD" provider="STN ltd" sid="1131" onid="516" tsid="1861" />
    <channel service_ref="1:0:1:0004:1d36:1d36:02080000:0:0:0:" name="France 24 HD (in English)" service_name="France 24 HD (in English)" provider="WNS" sid="4" onid="7478" tsid="7478" />
    <channel service_ref="1:0:1:02c0:194e:15e3:02080000:0:0:0:" name="GRAND CINEMA HD" service_name="GRAND CINEMA HD" provider="WNS" sid="704" onid="5603" tsid="6478" />
    <channel service_ref="1:0:1:0095:194e:15e3:02080000:0:0:0:" name="HOD HOD TV HD" service_name="HOD HOD TV HD" provider="WNS" sid="149" onid="5603" tsid="6478" />
    <channel service_ref="1:0:1:02c4:194e:15e3:02080000:0:0:0:" name="Nex TV HD" service_name="Nex TV HD" provider="WNS" sid="708" onid="5603" tsid="6478" />
    <channel service_ref="1:0:1:0002:1d36:1d36:02080000:0:0:0:" name="TRT Arabi HD" service_name="TRT Arabi HD" provider="WNS" sid="2" onid="7478" tsid="7478" />
    <channel service_ref="1:0:25:0005:1d36:1d36:02080000:0:0:0:" name="TRT AVAZ HD" service_name="TRT AVAZ HD" provider="WNS" sid="5" onid="7478" tsid="7478" />
    <channel service_ref="1:0:1:0003:1d36:1d36:02080000:0:0:0:" name="TRT World HD" service_name="TRT World HD" provider="WNS" sid="3" onid="7478" tsid="7478" />
    <channel service_ref="1:0:1:014c:194e:15e3:02080000:0:0:0:" name="Watan HD TV" service_name="Watan HD TV" provider="WNS" sid="332" onid="5603" tsid="6478" />
  </bouquet>
  <bouquet name="Resolution - SD" category="tv">
    <channel service_ref="1:0:1:02c1:194e:15e3:02080000:0:0:0:" name="HOD HOD TV SD" service_name="HOD HOD TV SD" provider="WNS" sid="705" onid="5603" tsid="6478" />
  </bouquet>
  <bouquet name="International" category="tv">
    <channel service_ref="1:0:1:00c9:0001:0001:0208afe9:0:0:0:" name="Altyn Asyr" service_name="Altyn Asyr" provider="Turkmenistan" sid="201" onid="1" tsid="1" />
    <channel service_ref="1:0:1:00cd:0001:0001:0208b00f:0:0:0:" name="Asgabat" service_name="Asgabat" provider="Turkmenistan" sid="205" onid="1" tsid="1" />
    <channel service_ref="1:0:1:00cb:0001:0001:0208afe9:0:0:0:" name="Miras" service_name="Miras" provider="Turkmenistan" sid="203" onid="1" tsid="1" />
    <channel service_ref="1:0:1:01d6:0745:0204:02080000:0:0:0:" name="NHK World Japan" service_name="NHK World Japan" provider="STN PLC" sid="470" onid="516" tsid="1861" />
    <channel service_ref="1:0:1:0001:1d36:1d36:02080000:0:0:0:" name="NHK WORLD-JPN" service_name="NHK WORLD-JPN" provider="WNS" sid="1" onid="7478" tsid="7478" />
    <channel service_ref="1:0:1:0002:1d36:1d36:02080000:0:0:0:" name="TRT Arabi HD" service_name="TRT Arabi HD" provider="WNS" sid="2" onid="7478" tsid="7478" />
    <channel service_ref="1:0:1:0003:1d36:1d36:02080000:0:0:0:" name="TRT World HD" service_name="TRT World HD" provider="WNS" sid="3" onid="7478" tsid="7478" />
    <channel service_ref="1:0:1:00ce:0001:0001:0208b00f:0:0:0:" name="Turkmen Owazy" service_name="Turkmen Owazy" provider="Turkmenistan" sid="206" onid="1" tsid="1" />
    <channel service_ref="1:0:1:00cc:0001:0001:0208afe9:0:0:0:" name="Turkmenistan" service_name="Turkmenistan" provider="Turkmenistan" sid="204" onid="1" tsid="1" />
    <channel service_ref="1:0:1:00ca:0001:0001:0208afe9:0:0:0:" name="Yaslyk" service_name="Yaslyk" provider="Turkmenistan" sid="202" onid="1" tsid="1" />
  </bouquet>
  <bouquet name="Others" category="tv">
    <channel service_ref="1:0:1:008e:194e:15e3:02080000:0:0:0:" name="Afghan Business TV" service_name="Afghan Business TV" provider="WNS" sid="142" onid="5603" tsid="6478" />
    <channel service_ref="1:0:1:032e:194e:15e3:02080000:0:0:0:" name="Amir TV" service_name="Amir TV" provider="WNS" sid="814" onid="5603" tsid="6478" />
    <channel service_ref="1:0:1:032c:194e:15e3:02080000:0:0:0:" name="Ariana USA" service_name="Ariana USA" provider="WNS" sid="812" onid="5603" tsid="6478" />
    <channel service_ref="1:0:1:02c8:194e:15e3:02080000:0:0:0:" name="ASR TV" service_name="ASR TV" provider="WNS" sid="712" onid="5603" tsid="6478" />
    <channel service_ref="1:0:1:014b:194e:15e3:02080000:0:0:0:" name="AVA Family" service_name="AVA Family" provider="WNS" sid="331" onid="5603" tsid="6478" />
    <channel service_ref="1:0:1:0094:194e:15e3:02080000:0:0:0:" name="Dunya naw TV - farah" service_name="Dunya naw TV - farah" provider="WNS" sid="148" onid="5603" tsid="6478" />
    <channel service_ref="1:0:1:032a:194e:15e3:02080000:0:0:0:" name="FLIX" service_name="FLIX" provider="WNS" sid="810" onid="5603" tsid="6478" />
    <channel service_ref="1:0:1:0095:194e:15e3:02080000:0:0:0:" name="HOD HOD TV HD" service_name="HOD HOD TV HD" provider="WNS" sid="149" onid="5603" tsid="6478" />
    <channel service_ref="1:0:1:02c1:194e:15e3:02080000:0:0:0:" name="HOD HOD TV SD" service_name="HOD HOD TV SD" provider="WNS" sid="705" onid="5603" tsid="6478" />
    <channel service_ref="1:0:1:02be:194e:15e3:02080000:0:0:0:" name="Iranian TV" service_name="Iranian TV" provider="WNS" sid="702" onid="5603" tsid="6478" />
    <channel service_ref="1:0:1:02c4:194e:15e3:02080000:0:0:0:" name="Nex TV HD" service_name="Nex TV HD" provider="WNS" sid="708" onid="5603" tsid="6478" />
    <channel service_ref="1:0:1:008f:194e:15e3:02080000:0:0:0:" name="OXIR TV" service_name="OXIR TV" provider="WNS" sid="143" onid="5603" tsid="6478" />
    <channel service_ref="1:0:1:032f:194e:15e3:02080000:0:0:0:" name="Persian Network" service_name="Persian Network" provider="WNS" sid="815" onid="5603" tsid="6478" />
    <channel service_ref="1:0:1:02bd:194e:15e3:02080000:0:0:0:" name="Persiana TV" service_name="Persiana TV" provider="WNS" sid="701" onid="5603" tsid="6478" />
    <channel service_ref="1:0:1:02c9:194e:15e3:02080000:0:0:0:" name="Razavi TV" service_name="Razavi TV" provider="WNS" sid="713" onid="5603" tsid="6478" />
    <channel service_ref="1:0:1:032d:194e:15e3:02080000:0:0:0:" name="Saamen TV" service_name="Saamen TV" provider="WNS" sid="813" onid="5603" tsid="6478" />
    <channel service_ref="1:0:1:0001:0001:0000:0208b0a8:0:0:0:" name="SuperYacht TV" service_name="SuperYacht TV" provider="Profen" sid="1" onid="0" tsid="1" />
    <channel service_ref="1:0:1:0093:194e:15e3:02080000:0:0:0:" name="Taraqi TV" service_name="Taraqi TV" provider="WNS" sid="147" onid="5603" tsid="6478" />
    <channel service_ref="1:0:25:0005:1d36:1d36:02080000:0:0:0:" name="TRT AVAZ HD" service_name="TRT AVAZ HD" provider="WNS" sid="5" onid="7478" tsid="7478" />
    <channel service_ref="1:0:1:014c:194e:15e3:02080000:0:0:0:" name="Watan HD TV" service_name="Watan HD TV" provider="WNS" sid="332" onid="5603" tsid="6478" />
    <channel service_ref="1:0:1:0090:194e:15e3:02080000:0:0:0:" name="WNS" service_name="WNS" provider="WNS" sid="144" onid="5603" tsid="6478" />
    <channel service_ref="1:0:1:02c7:194e:15e3:02080000:0:0:0:" name="Zan TV" service_name="Zan TV" provider="WNS" sid="711" onid="5603" tsid="6478" />
  </bouquet>
  <bouquet name="Radio" category="radio">
    <channel service_ref="1:0:2:012f:0001:0001:0208afe9:0:0:0:" name="Char-tarapdan" service_name="Char-tarapdan" provider="" sid="303" onid="1" tsid="1" />
    <channel service_ref="1:0:2:0053:0001:0001:0208afe9:0:0:0:" name="Miras" service_name="Miras" provider="" sid="83" onid="1" tsid="1" />
    <channel service_ref="1:0:2:0057:0001:0001:0208afe9:0:0:0:" name="Owaz" service_name="Owaz" provider="" sid="87" onid="1" tsid="1" />
    <channel service_ref="1:0:2:02c5:194e:15e3:02080000:0:0:0:" name="Pasoon Radio" service_name="Pasoon Radio" provider="WNS" sid="709" onid="5603" tsid="6478" />
    <channel service_ref="1:0:2:012d:0001:0001:0208afe9:0:0:0:" name="Watan" service_name="Watan" provider="" sid="301" onid="1" tsid="1" />
    <channel service_ref="1:0:2:02bf:194e:15e3:02080000:0:0:0:" name="Watan Radio" service_name="Watan Radio" provider="WNS" sid="703" onid="5603" tsid="6478" />
  </bouquet>
</zapit>
