<?xml version='1.0' encoding='utf-8'?>
<zapit>
  <bouquet name="General" category="tv">
    <channel service_ref="1:0:1:07d0:f001:2268:014a0000:0:0:0:" name="B" service_name="B" provider="Cyfrowy Polsat" sid="2000" onid="8808" tsid="61441" />
    <channel service_ref="1:0:1:0004:14b4:2064:014a0000:0:0:0:" name="BNT" service_name="BNT" provider="" sid="4" onid="8292" tsid="5300" />
    <channel service_ref="1:0:1:0005:14b4:2064:014a0000:0:0:0:" name="BNT2" service_name="BNT2" provider="" sid="5" onid="8292" tsid="5300" />
    <channel service_ref="1:0:1:0006:14b4:2064:014a0000:0:0:0:" name="BNT3" service_name="BNT3" provider="" sid="6" onid="8292" tsid="5300" />
    <channel service_ref="1:0:1:0002:14b4:2064:014a0000:0:0:0:" name="bTV" service_name="bTV" provider="" sid="2" onid="8292" tsid="5300" />
    <channel service_ref="1:0:1:0008:14b4:2064:014a0000:0:0:0:" name="Bulgaria on Air" service_name="Bulgaria on Air" provider="" sid="8" onid="8292" tsid="5300" />
    <channel service_ref="1:0:1:0001:000a:062e:014a0000:0:0:0:" name="Channel-01" service_name="Channel-01" provider="" sid="1" onid="1582" tsid="10" />
    <channel service_ref="1:0:1:0002:000a:062e:014a0000:0:0:0:" name="Channel-02" service_name="Channel-02" provider="" sid="2" onid="1582" tsid="10" />
    <channel service_ref="1:0:1:0003:000a:062e:014a0000:0:0:0:" name="Channel-03" service_name="Channel-03" provider="" sid="3" onid="1582" tsid="10" />
    <channel service_ref="1:0:1:0004:000a:062e:014a0000:0:0:0:" name="Channel-04" service_name="Channel-04" provider="" sid="4" onid="1582" tsid="10" />
    <channel service_ref="1:0:1:0005:000a:062e:014a0000:0:0:0:" name="Channel-05" service_name="Channel-05" provider="" sid="5" onid="1582" tsid="10" />
    <channel service_ref="1:0:1:0006:000a:062e:014a0000:0:0:0:" name="Channel-06" service_name="Channel-06" provider="" sid="6" onid="1582" tsid="10" />
    <channel service_ref="1:0:1:0007:000a:062e:014a0000:0:0:0:" name="Channel-07" service_name="Channel-07" provider="" sid="7" onid="1582" tsid="10" />
    <channel service_ref="1:0:1:0008:000a:062e:014a0000:0:0:0:" name="Channel-08" service_name="Channel-08" provider="" sid="8" onid="1582" tsid="10" />
    <channel service_ref="1:0:1:0009:000a:062e:014a0000:0:0:0:" name="Channel-09" service_name="Channel-09" provider="" sid="9" onid="1582" tsid="10" />
    <channel service_ref="1:0:1:000d:000a:062e:014a0000:0:0:0:" name="Channel-19" service_name="Channel-19" provider="" sid="13" onid="1582" tsid="10" />
    <channel service_ref="1:0:1:000e:000a:062e:014a0000:0:0:0:" name="Channel-20" service_name="Channel-20" provider="" sid="14" onid="1582" tsid="10" />
    <channel service_ref="1:0:1:000f:000a:062e:014a0000:0:0:0:" name="Channel-21" service_name="Channel-21" provider="" sid="15" onid="1582" tsid="10" />
    <channel service_ref="1:0:1:000a:000a:062e:014a0000:0:0:0:" name="Channel-22" service_name="Channel-22" provider="" sid="10" onid="1582" tsid="10" />
    <channel service_ref="1:0:1:000b:000a:062e:014a0000:0:0:0:" name="Channel-23" service_name="Channel-23" provider="" sid="11" onid="1582" tsid="10" />
    <channel service_ref="1:0:1:000c:000a:062e:014a0000:0:0:0:" name="Channel-24" service_name="Channel-24" provider="" sid="12" onid="1582" tsid="10" />
    <channel service_ref="1:0:1:000d:0001:062e:014a0000:0:0:0:" name="Channel-25" service_name="Channel-25" provider="" sid="13" onid="1582" tsid="1" />
    <channel service_ref="1:0:1:001d:0001:062e:014a0000:0:0:0:" name="Channel-29" service_name="Channel-29" provider="" sid="29" onid="1582" tsid="1" />
    <channel service_ref="1:0:1:001e:0001:062e:014a0000:0:0:0:" name="Channel-30" service_name="Channel-30" provider="" sid="30" onid="1582" tsid="1" />
    <channel service_ref="1:0:1:001f:0001:062e:014a0000:0:0:0:" name="Channel-31" service_name="Channel-31" provider="" sid="31" onid="1582" tsid="1" />
    <channel service_ref="1:0:1:000e:0001:062e:014a0000:0:0:0:" name="Channel-32" service_name="Channel-32" provider="" sid="14" onid="1582" tsid="1" />
    <channel service_ref="1:0:1:000f:0001:062e:014a0000:0:0:0:" name="Channel-33" service_name="Channel-33" provider="" sid="15" onid="1582" tsid="1" />
    <channel service_ref="1:0:1:0010:0001:062e:014a0000:0:0:0:" name="Channel-34" service_name="Channel-34" provider="" sid="16" onid="1582" tsid="1" />
    <channel service_ref="1:0:1:0011:0001:062e:014a0000:0:0:0:" name="Channel-35" service_name="Channel-35" provider="" sid="17" onid="1582" tsid="1" />
    <channel service_ref="1:0:1:0012:0001:062e:014a0000:0:0:0:" name="Channel-36" service_name="Channel-36" provider="" sid="18" onid="1582" tsid="1" />
    <channel service_ref="1:0:1:0013:0001:062e:014a0000:0:0:0:" name="Channel-37" service_name="Channel-37" provider="" sid="19" onid="1582" tsid="1" />
    <channel service_ref="1:0:1:001c:0001:062e:014a0000:0:0:0:" name="Channel-40" service_name="Channel-40" provider="" sid="28" onid="1582" tsid="1" />
    <channel service_ref="1:0:1:002d:f001:2268:014a0000:0:0:0:" name="Comedy Central" service_name="Comedy Central" provider="Cyfrowy Polsat" sid="45" onid="8808" tsid="61441" />
    <channel service_ref="1:0:1:007a:f001:2268:014a0000:0:0:0:" name="Comedy Central Family" service_name="Comedy Central Family" provider="Cyfrowy Polsat S.A." sid="122" onid="8808" tsid="61441" />
    <channel service_ref="1:0:1:006b:f001:2268:014a0000:0:0:0:" name="Kino Polska" service_name="Kino Polska" provider="Cyfrowy Polsat" sid="107" onid="8808" tsid="61441" />
    <channel service_ref="1:0:1:006a:f001:2268:014a0000:0:0:0:" name="Nickelodeon" service_name="Nickelodeon" provider="Cyfrowy Polsat" sid="106" onid="8808" tsid="61441" />
    <channel service_ref="1:0:1:0003:14b4:2064:014a0000:0:0:0:" name="Nova TV" service_name="Nova TV" provider="" sid="3" onid="8292" tsid="5300" />
    <channel service_ref="1:0:1:007b:f001:2268:014a0000:0:0:0:" name="Polsat Cafe" service_name="Polsat Cafe" provider="Cyfrowy Polsat S.A." sid="123" onid="8808" tsid="61441" />
    <channel service_ref="1:0:1:002c:f001:2268:014a0000:0:0:0:" name="Polsat Film" service_name="Polsat Film" provider="Cyfrowy Polsat" sid="44" onid="8808" tsid="61441" />
    <channel service_ref="1:0:1:0029:f001:2268:014a0000:0:0:0:" name="Polsat News" service_name="Polsat News" provider="Cyfrowy Polsat" sid="41" onid="8808" tsid="61441" />
    <channel service_ref="1:0:1:007c:f001:2268:014a0000:0:0:0:" name="Polsat Play" service_name="Polsat Play" provider="Cyfrowy Polsat S.A." sid="124" onid="8808" tsid="61441" />
    <channel service_ref="1:0:1:002b:f001:2268:014a0000:0:0:0:" name="Polsat Sport" service_name="Polsat Sport" provider="Cyfrowy Polsat" sid="43" onid="8808" tsid="61441" />
    <channel service_ref="1:0:1:006c:f001:2268:014a0000:0:0:0:" name="Polsat Sport Extra" service_name="Polsat Sport Extra" provider="Cyfrowy Polsat" sid="108" onid="8808" tsid="61441" />
    <channel service_ref="1:0:1:007d:f001:2268:014a0000:0:0:0:" name="TELE5" service_name="TELE5" provider="Cyfrowy Polsat S.A." sid="125" onid="8808" tsid="61441" />
    <channel service_ref="1:0:1:0008:0001:0001:014ab135:0:0:0:" name="TF1 HD Suisse" service_name="TF1 HD Suisse" provider="" sid="8" onid="1" tsid="1" />
    <channel service_ref="1:0:1:0007:0001:0001:014ab135:0:0:0:" name="TFX Suisse" service_name="TFX Suisse" provider="" sid="7" onid="1" tsid="1" />
    <channel service_ref="1:0:1:0006:0001:0001:014ab135:0:0:0:" name="TMC Suisse" service_name="TMC Suisse" provider="" sid="6" onid="1" tsid="1" />
    <channel service_ref="1:0:1:002a:f001:2268:014a0000:0:0:0:" name="TVP Seriale" service_name="TVP Seriale" provider="Cyfrowy Polsat" sid="42" onid="8808" tsid="61441" />
    <channel service_ref="1:0:1:006d:f001:2268:014a0000:0:0:0:" name="Wydarzenia 24 HD HEVC" service_name="Wydarzenia 24 HD HEVC" provider="Cyfrowy Polsat" sid="109" onid="8808" tsid="61441" />
  </bouquet>
  <bouquet name="Movies" category="tv">
    <channel service_ref="1:0:1:002c:f001:2268:014a0000:0:0:0:" name="Polsat Film" service_name="Polsat Film" provider="Cyfrowy Polsat" sid="44" onid="8808" tsid="61441" />
  </bouquet>
  <bouquet name="News" category="tv">
    <channel service_ref="1:0:1:0029:f001:2268:014a0000:0:0:0:" name="Polsat News" service_name="Polsat News" provider="Cyfrowy Polsat" sid="41" onid="8808" tsid="61441" />
  </bouquet>
  <bouquet name="Sports" category="tv">
    <channel service_ref="1:0:1:002b:f001:2268:014a0000:0:0:0:" name="Polsat Sport" service_name="Polsat Sport" provider="Cyfrowy Polsat" sid="43" onid="8808" tsid="61441" />
    <channel service_ref="1:0:1:006c:f001:2268:014a0000:0:0:0:" name="Polsat Sport Extra" service_name="Polsat Sport Extra" provider="Cyfrowy Polsat" sid="108" onid="8808" tsid="61441" />
  </bouquet>
  <bouquet name="Kids" category="tv">
    <channel service_ref="1:0:1:006a:f001:2268:014a0000:0:0:0:" name="Nickelodeon" service_name="Nickelodeon" provider="Cyfrowy Polsat" sid="106" onid="8808" tsid="61441" />
  </bouquet>
  <bouquet name="TF1" category="tv">
    <channel service_ref="1:0:1:0008:0001:0001:014ab135:0:0:0:" name="TF1 HD Suisse" service_name="TF1 HD Suisse" provider="" sid="8" onid="1" tsid="1" />
    <channel service_ref="1:0:1:0007:0001:0001:014ab135:0:0:0:" name="TFX Suisse" service_name="TFX Suisse" provider="" sid="7" onid="1" tsid="1" />
  </bouquet>
  <bouquet name="Switzerland" category="tv">
    <channel service_ref="1:0:1:0006:14b4:2064:014a0000:0:0:0:" name="BNT3" service_name="BNT3" provider="" sid="6" onid="8292" tsid="5300" />
    <channel service_ref="1:0:1:0003:000a:062e:014a0000:0:0:0:" name="Channel-03" service_name="Channel-03" provider="" sid="3" onid="1582" tsid="10" />
    <channel service_ref="1:0:1:0005:000a:062e:014a0000:0:0:0:" name="Channel-05" service_name="Channel-05" provider="" sid="5" onid="1582" tsid="10" />
    <channel service_ref="1:0:1:000b:000a:062e:014a0000:0:0:0:" name="Channel-23" service_name="Channel-23" provider="" sid="11" onid="1582" tsid="10" />
    <channel service_ref="1:0:1:000d:0001:062e:014a0000:0:0:0:" name="Channel-25" service_name="Channel-25" provider="" sid="13" onid="1582" tsid="1" />
    <channel service_ref="1:0:1:001e:0001:062e:014a0000:0:0:0:" name="Channel-30" service_name="Channel-30" provider="" sid="30" onid="1582" tsid="1" />
    <channel service_ref="1:0:1:001f:0001:062e:014a0000:0:0:0:" name="Channel-31" service_name="Channel-31" provider="" sid="31" onid="1582" tsid="1" />
    <channel service_ref="1:0:1:000e:0001:062e:014a0000:0:0:0:" name="Channel-32" service_name="Channel-32" provider="" sid="14" onid="1582" tsid="1" />
    <channel service_ref="1:0:1:000f:0001:062e:014a0000:0:0:0:" name="Channel-33" service_name="Channel-33" provider="" sid="15" onid="1582" tsid="1" />
    <channel service_ref="1:0:1:0010:0001:062e:014a0000:0:0:0:" name="Channel-34" service_name="Channel-34" provider="" sid="16" onid="1582" tsid="1" />
    <channel service_ref="1:0:1:0011:0001:062e:014a0000:0:0:0:" name="Channel-35" service_name="Channel-35" provider="" sid="17" onid="1582" tsid="1" />
    <channel service_ref="1:0:1:0012:0001:062e:014a0000:0:0:0:" name="Channel-36" service_name="Channel-36" provider="" sid="18" onid="1582" tsid="1" />
    <channel service_ref="1:0:1:0013:0001:062e:014a0000:0:0:0:" name="Channel-37" service_name="Channel-37" provider="" sid="19" onid="1582" tsid="1" />
    <channel service_ref="1:0:1:007d:f001:2268:014a0000:0:0:0:" name="TELE5" service_name="TELE5" provider="Cyfrowy Polsat S.A." sid="125" onid="8808" tsid="61441" />
  </bouquet>
  <bouquet name="Poland" category="tv">
    <channel service_ref="1:0:1:07d0:f001:2268:014a0000:0:0:0:" name="B" service_name="B" provider="Cyfrowy Polsat" sid="2000" onid="8808" tsid="61441" />
    <channel service_ref="1:0:1:07d0:f001:2268:014a0000:0:0:0:" name="B" service_name="B" provider="Cyfrowy Polsat" sid="2000" onid="8808" tsid="61441" />
    <channel service_ref="1:0:1:002d:f001:2268:014a0000:0:0:0:" name="Comedy Central" service_name="Comedy Central" provider="Cyfrowy Polsat" sid="45" onid="8808" tsid="61441" />
    <channel service_ref="1:0:1:002d:f001:2268:014a0000:0:0:0:" name="Comedy Central" service_name="Comedy Central" provider="Cyfrowy Polsat" sid="45" onid="8808" tsid="61441" />
    <channel service_ref="1:0:1:007a:f001:2268:014a0000:0:0:0:" name="Comedy Central Family" service_name="Comedy Central Family" provider="Cyfrowy Polsat S.A." sid="122" onid="8808" tsid="61441" />
    <channel service_ref="1:0:1:007a:f001:2268:014a0000:0:0:0:" name="Comedy Central Family" service_name="Comedy Central Family" provider="Cyfrowy Polsat S.A." sid="122" onid="8808" tsid="61441" />
    <channel service_ref="1:0:1:006b:f001:2268:014a0000:0:0:0:" name="Kino Polska" service_name="Kino Polska" provider="Cyfrowy Polsat" sid="107" onid="8808" tsid="61441" />
    <channel service_ref="1:0:1:006b:f001:2268:014a0000:0:0:0:" name="Kino Polska" service_name="Kino Polska" provider="Cyfrowy Polsat" sid="107" onid="8808" tsid="61441" />
    <channel service_ref="1:0:1:006a:f001:2268:014a0000:0:0:0:" name="Nickelodeon" service_name="Nickelodeon" provider="Cyfrowy Polsat" sid="106" onid="8808" tsid="61441" />
    <channel service_ref="1:0:1:007b:f001:2268:014a0000:0:0:0:" name="Polsat Cafe" service_name="Polsat Cafe" provider="Cyfrowy Polsat S.A." sid="123" onid="8808" tsid="61441" />
    <channel service_ref="1:0:1:007b:f001:2268:014a0000:0:0:0:" name="Polsat Cafe" service_name="Polsat Cafe" provider="Cyfrowy Polsat S.A." sid="123" onid="8808" tsid="61441" />
    <channel service_ref="1:0:1:002c:f001:2268:014a0000:0:0:0:" name="Polsat Film" service_name="Polsat Film" provider="Cyfrowy Polsat" sid="44" onid="8808" tsid="61441" />
    <channel service_ref="1:0:1:0029:f001:2268:014a0000:0:0:0:" name="Polsat News" service_name="Polsat News" provider="Cyfrowy Polsat" sid="41" onid="8808" tsid="61441" />
    <channel service_ref="1:0:1:007c:f001:2268:014a0000:0:0:0:" name="Polsat Play" service_name="Polsat Play" provider="Cyfrowy Polsat S.A." sid="124" onid="8808" tsid="61441" />
    <channel service_ref="1:0:1:007c:f001:2268:014a0000:0:0:0:" name="Polsat Play" service_name="Polsat Play" provider="Cyfrowy Polsat S.A." sid="124" onid="8808" tsid="61441" />
    <channel service_ref="1:0:1:002b:f001:2268:014a0000:0:0:0:" name="Polsat Sport" service_name="Polsat Sport" provider="Cyfrowy Polsat" sid="43" onid="8808" tsid="61441" />
    <channel service_ref="1:0:1:006c:f001:2268:014a0000:0:0:0:" name="Polsat Sport Extra" service_name="Polsat Sport Extra" provider="Cyfrowy Polsat" sid="108" onid="8808" tsid="61441" />
    <channel service_ref="1:0:1:007d:f001:2268:014a0000:0:0:0:" name="TELE5" service_name="TELE5" provider="Cyfrowy Polsat S.A." sid="125" onid="8808" tsid="61441" />
    <channel service_ref="1:0:1:002a:f001:2268:014a0000:0:0:0:" name="TVP Seriale" service_name="TVP Seriale" provider="Cyfrowy Polsat" sid="42" onid="8808" tsid="61441" />
    <channel service_ref="1:0:1:002a:f001:2268:014a0000:0:0:0:" name="TVP Seriale" service_name="TVP Seriale" provider="Cyfrowy Polsat" sid="42" onid="8808" tsid="61441" />
    <channel service_ref="1:0:1:006d:f001:2268:014a0000:0:0:0:" name="Wydarzenia 24 HD HEVC" service_name="Wydarzenia 24 HD HEVC" provider="Cyfrowy Polsat" sid="109" onid="8808" tsid="61441" />
    <channel service_ref="1:0:1:006d:f001:2268:014a0000:0:0:0:" name="Wydarzenia 24 HD HEVC" service_name="Wydarzenia 24 HD HEVC" provider="Cyfrowy Polsat" sid="109" onid="8808" tsid="61441" />
  </bouquet>
  <bouquet name="Resolution - HD" category="tv">
    <channel service_ref="1:0:1:0008:0001:0001:014ab135:0:0:0:" name="TF1 HD Suisse" service_name="TF1 HD Suisse" provider="" sid="8" onid="1" tsid="1" />
    <channel service_ref="1:0:1:006d:f001:2268:014a0000:0:0:0:" name="Wydarzenia 24 HD HEVC" service_name="Wydarzenia 24 HD HEVC" provider="Cyfrowy Polsat" sid="109" onid="8808" tsid="61441" />
  </bouquet>
  <bouquet name="International" category="tv">
    <channel service_ref="1:0:1:0003:14b4:2064:014a0000:0:0:0:" name="Nova TV" service_name="Nova TV" provider="" sid="3" onid="8292" tsid="5300" />
  </bouquet>
  <bouquet name="Others" category="tv">
    <channel service_ref="1:0:1:0004:14b4:2064:014a0000:0:0:0:" name="BNT" service_name="BNT" provider="" sid="4" onid="8292" tsid="5300" />
    <channel service_ref="1:0:1:0005:14b4:2064:014a0000:0:0:0:" name="BNT2" service_name="BNT2" provider="" sid="5" onid="8292" tsid="5300" />
    <channel service_ref="1:0:1:0002:14b4:2064:014a0000:0:0:0:" name="bTV" service_name="bTV" provider="" sid="2" onid="8292" tsid="5300" />
    <channel service_ref="1:0:1:0008:14b4:2064:014a0000:0:0:0:" name="Bulgaria on Air" service_name="Bulgaria on Air" provider="" sid="8" onid="8292" tsid="5300" />
    <channel service_ref="1:0:1:0001:000a:062e:014a0000:0:0:0:" name="Channel-01" service_name="Channel-01" provider="" sid="1" onid="1582" tsid="10" />
    <channel service_ref="1:0:1:0002:000a:062e:014a0000:0:0:0:" name="Channel-02" service_name="Channel-02" provider="" sid="2" onid="1582" tsid="10" />
    <channel service_ref="1:0:1:0004:000a:062e:014a0000:0:0:0:" name="Channel-04" service_name="Channel-04" provider="" sid="4" onid="1582" tsid="10" />
    <channel service_ref="1:0:1:0006:000a:062e:014a0000:0:0:0:" name="Channel-06" service_name="Channel-06" provider="" sid="6" onid="1582" tsid="10" />
    <channel service_ref="1:0:1:0007:000a:062e:014a0000:0:0:0:" name="Channel-07" service_name="Channel-07" provider="" sid="7" onid="1582" tsid="10" />
    <channel service_ref="1:0:1:0008:000a:062e:014a0000:0:0:0:" name="Channel-08" service_name="Channel-08" provider="" sid="8" onid="1582" tsid="10" />
    <channel service_ref="1:0:1:0009:000a:062e:014a0000:0:0:0:" name="Channel-09" service_name="Channel-09" provider="" sid="9" onid="1582" tsid="10" />
    <channel service_ref="1:0:1:000d:000a:062e:014a0000:0:0:0:" name="Channel-19" service_name="Channel-19" provider="" sid="13" onid="1582" tsid="10" />
    <channel service_ref="1:0:1:000e:000a:062e:014a0000:0:0:0:" name="Channel-20" service_name="Channel-20" provider="" sid="14" onid="1582" tsid="10" />
    <channel service_ref="1:0:1:000f:000a:062e:014a0000:0:0:0:" name="Channel-21" service_name="Channel-21" provider="" sid="15" onid="1582" tsid="10" />
    <channel service_ref="1:0:1:000a:000a:062e:014a0000:0:0:0:" name="Channel-22" service_name="Channel-22" provider="" sid="10" onid="1582" tsid="10" />
    <channel service_ref="1:0:1:000c:000a:062e:014a0000:0:0:0:" name="Channel-24" service_name="Channel-24" provider="" sid="12" onid="1582" tsid="10" />
    <channel service_ref="1:0:1:001d:0001:062e:014a0000:0:0:0:" name="Channel-29" service_name="Channel-29" provider="" sid="29" onid="1582" tsid="1" />
    <channel service_ref="1:0:1:001c:0001:062e:014a0000:0:0:0:" name="Channel-40" service_name="Channel-40" provider="" sid="28" onid="1582" tsid="1" />
    <channel service_ref="1:0:1:0006:0001:0001:014ab135:0:0:0:" name="TMC Suisse" service_name="TMC Suisse" provider="" sid="6" onid="1" tsid="1" />
  </bouquet>
  <bouquet name="Radio" category="radio">
    <channel service_ref="1:0:2:03ed:f001:2268:014a0000:0:0:0:" name="Antyradio" service_name="Antyradio" provider="Cyfrowy Polsat" sid="1005" onid="8808" tsid="61441" />
    <channel service_ref="1:0:2:03e8:f001:2268:014a0000:0:0:0:" name="Muzo.fm" service_name="Muzo.fm" provider="Cyfrowy Polsat" sid="1000" onid="8808" tsid="61441" />
    <channel service_ref="1:0:2:03ef:f001:2268:014a0000:0:0:0:" name="Radio 100,1 FM Zlote Przeboje" service_name="Radio 100,1 FM Zlote Przeboje" provider="Cyfrowy Polsat" sid="1007" onid="8808" tsid="61441" />
    <channel service_ref="1:0:2:100a:f001:2268:014a0000:0:0:0:" name="Radio Eska ROCK" service_name="Radio Eska ROCK" provider="Cyfrowy Polsat" sid="4106" onid="8808" tsid="61441" />
    <channel service_ref="1:0:2:03ee:f001:2268:014a0000:0:0:0:" name="Radio Plus" service_name="Radio Plus" provider="Cyfrowy Polsat" sid="1006" onid="8808" tsid="61441" />
    <channel service_ref="1:0:2:03ec:f001:2268:014a0000:0:0:0:" name="Radio Zet" service_name="Radio Zet" provider="Cyfrowy Polsat" sid="1004" onid="8808" tsid="61441" />
    <channel service_ref="1:0:2:001d:000a:062e:014a0000:0:0:0:" name="Radio-01" service_name="Radio-01" provider="" sid="29" onid="1582" tsid="10" />
    <channel service_ref="1:0:2:002a:000a:062e:014a0000:0:0:0:" name="Radio-02" service_name="Radio-02" provider="" sid="42" onid="1582" tsid="10" />
    <channel service_ref="1:0:2:002b:000a:062e:014a0000:0:0:0:" name="Radio-03" service_name="Radio-03" provider="" sid="43" onid="1582" tsid="10" />
    <channel service_ref="1:0:2:002c:000a:062e:014a0000:0:0:0:" name="Radio-04" service_name="Radio-04" provider="" sid="44" onid="1582" tsid="10" />
    <channel service_ref="1:0:2:002d:000a:062e:014a0000:0:0:0:" name="Radio-05" service_name="Radio-05" provider="" sid="45" onid="1582" tsid="10" />
    <channel service_ref="1:0:2:002e:000a:062e:014a0000:0:0:0:" name="Radio-06" service_name="Radio-06" provider="" sid="46" onid="1582" tsid="10" />
    <channel service_ref="1:0:2:002f:000a:062e:014a0000:0:0:0:" name="Radio-07" service_name="Radio-07" provider="" sid="47" onid="1582" tsid="10" />
    <channel service_ref="1:0:2:001e:000a:062e:014a0000:0:0:0:" name="Radio-08" service_name="Radio-08" provider="" sid="30" onid="1582" tsid="10" />
    <channel service_ref="1:0:2:001f:000a:062e:014a0000:0:0:0:" name="Radio-09" service_name="Radio-09" provider="" sid="31" onid="1582" tsid="10" />
    <channel service_ref="1:0:2:0014:000a:062e:014a0000:0:0:0:" name="Radio-10" service_name="Radio-10" provider="" sid="20" onid="1582" tsid="10" />
    <channel service_ref="1:0:2:0015:000a:062e:014a0000:0:0:0:" name="Radio-11" service_name="Radio-11" provider="" sid="21" onid="1582" tsid="10" />
    <channel service_ref="1:0:2:0016:000a:062e:014a0000:0:0:0:" name="Radio-12" service_name="Radio-12" provider="" sid="22" onid="1582" tsid="10" />
    <channel service_ref="1:0:2:0017:0001:062e:014a0000:0:0:0:" name="Radio-13" service_name="Radio-13" provider="" sid="23" onid="1582" tsid="1" />
    <channel service_ref="1:0:2:0018:0001:062e:014a0000:0:0:0:" name="Radio-14" service_name="Radio-14" provider="" sid="24" onid="1582" tsid="1" />
    <channel service_ref="1:0:2:0019:0001:062e:014a0000:0:0:0:" name="Radio-15" service_name="Radio-15" provider="" sid="25" onid="1582" tsid="1" />
    <channel service_ref="1:0:2:001a:0001:062e:014a0000:0:0:0:" name="Radio-16" service_name="Radio-16" provider="" sid="26" onid="1582" tsid="1" />
    <channel service_ref="1:0:2:001b:0001:062e:014a0000:0:0:0:" name="Radio-17" service_name="Radio-17" provider="" sid="27" onid="1582" tsid="1" />
    <channel service_ref="1:0:2:003a:0001:062e:014a0000:0:0:0:" name="Radio-18" service_name="Radio-18" provider="" sid="58" onid="1582" tsid="1" />
    <channel service_ref="1:0:2:003b:0001:062e:014a0000:0:0:0:" name="Radio-19" service_name="Radio-19" provider="" sid="59" onid="1582" tsid="1" />
    <channel service_ref="1:0:2:003c:0001:062e:014a0000:0:0:0:" name="Radio-20" service_name="Radio-20" provider="" sid="60" onid="1582" tsid="1" />
    <channel service_ref="1:0:2:003d:0001:062e:014a0000:0:0:0:" name="Radio-21" service_name="Radio-21" provider="" sid="61" onid="1582" tsid="1" />
    <channel service_ref="1:0:2:003e:0001:062e:014a0000:0:0:0:" name="Radio-22" service_name="Radio-22" provider="" sid="62" onid="1582" tsid="1" />
    <channel service_ref="1:0:2:003f:0001:062e:014a0000:0:0:0:" name="Radio-23" service_name="Radio-23" provider="" sid="63" onid="1582" tsid="1" />
    <channel service_ref="1:0:2:03ea:f001:2268:014a0000:0:0:0:" name="RMF FM" service_name="RMF FM" provider="Cyfrowy Polsat" sid="1002" onid="8808" tsid="61441" />
    <channel service_ref="1:0:2:03eb:f001:2268:014a0000:0:0:0:" name="RMF MAXXX" service_name="RMF MAXXX" provider="Cyfrowy Polsat" sid="1003" onid="8808" tsid="61441" />
    <channel service_ref="1:0:2:03f1:f001:2268:014a0000:0:0:0:" name="Rock Radio" service_name="Rock Radio" provider="Cyfrowy Polsat" sid="1009" onid="8808" tsid="61441" />
    <channel service_ref="1:0:2:03e9:f001:2268:014a0000:0:0:0:" name="TEST" service_name="TEST" provider="Cyfrowy Polsat" sid="1001" onid="8808" tsid="61441" />
    <channel service_ref="1:0:2:03f0:f001:2268:014a0000:0:0:0:" name="TOK FM" service_name="TOK FM" provider="Cyfrowy Polsat" sid="1008" onid="8808" tsid="61441" />
    <channel service_ref="1:0:2:100b:f001:2268:014a0000:0:0:0:" name="Vox FM" service_name="Vox FM" provider="Cyfrowy Polsat" sid="4107" onid="8808" tsid="61441" />
  </bouquet>
  <bouquet name="Radio - Music" category="radio">
    <channel service_ref="1:0:2:03e8:f001:2268:014a0000:0:0:0:" name="Muzo.fm" service_name="Muzo.fm" provider="Cyfrowy Polsat" sid="1000" onid="8808" tsid="61441" />
    <channel service_ref="1:0:2:03ef:f001:2268:014a0000:0:0:0:" name="Radio 100,1 FM Zlote Przeboje" service_name="Radio 100,1 FM Zlote Przeboje" provider="Cyfrowy Polsat" sid="1007" onid="8808" tsid="61441" />
    <channel service_ref="1:0:2:100a:f001:2268:014a0000:0:0:0:" name="Radio Eska ROCK" service_name="Radio Eska ROCK" provider="Cyfrowy Polsat" sid="4106" onid="8808" tsid="61441" />
    <channel service_ref="1:0:2:03ea:f001:2268:014a0000:0:0:0:" name="RMF FM" service_name="RMF FM" provider="Cyfrowy Polsat" sid="1002" onid="8808" tsid="61441" />
    <channel service_ref="1:0:2:03f1:f001:2268:014a0000:0:0:0:" name="Rock Radio" service_name="Rock Radio" provider="Cyfrowy Polsat" sid="1009" onid="8808" tsid="61441" />
    <channel service_ref="1:0:2:03f0:f001:2268:014a0000:0:0:0:" name="TOK FM" service_name="TOK FM" provider="Cyfrowy Polsat" sid="1008" onid="8808" tsid="61441" />
    <channel service_ref="1:0:2:100b:f001:2268:014a0000:0:0:0:" name="Vox FM" service_name="Vox FM" provider="Cyfrowy Polsat" sid="4107" onid="8808" tsid="61441" />
  </bouquet>
</zapit>
