<?xml version='1.0' encoding='utf-8'?>
<zapit api="4">
  <satellites>
    <satellite key="0d340000:0032:0032" name="Sat-22W" namespace="0x0d340000" position="-22">
      <transponder key="0d340000:0032:0032" frequency="11128000" symbol_rate="17250000" polarization="H" fec="7" system="0" modulation="0">
        <service id="0x0001" sid="1" name="Reuters TV News" type="1" provider="Reuters" onid="50" tsid="50" namespace="0x0d340000" />
      </transponder>
    </satellite>
    <satellite key="0d343182:0001:ffff" name="Sat-22W" namespace="0x0d343182" position="-22">
      <transponder key="0d343182:0001:ffff" frequency="12674000" symbol_rate="20740000" polarization="H" fec="3" system="0" modulation="0">
        <service id="0x0003" sid="3" name="A3" type="1" provider="TDA" onid="65535" tsid="1" namespace="0x0d343182" />
        <service id="0x0002" sid="2" name="CANAL ALGERIE" type="1" provider="TDA" onid="65535" tsid="1" namespace="0x0d343182" />
        <service id="0x0004" sid="4" name="PROGRAMME NATIONAL" type="1" provider="TDA" onid="65535" tsid="1" namespace="0x0d343182" />
        <service id="0x0005" sid="5" name="SRV_05" type="1" provider="" onid="65535" tsid="1" namespace="0x0d343182" />
        <service id="0x0001" sid="1" name="TV 6" type="1" provider="TDA" onid="65535" tsid="1" namespace="0x0d343182" />
        <service id="0x000d" sid="13" name="CHAINE 1" type="2" provider="TDA" onid="65535" tsid="1" namespace="0x0d343182" radio="1" />
        <service id="0x0007" sid="7" name="CHAINE 2" type="2" provider="TDA" onid="65535" tsid="1" namespace="0x0d343182" radio="1" />
        <service id="0x0008" sid="8" name="CHAINE 3" type="2" provider="TDA" onid="65535" tsid="1" namespace="0x0d343182" radio="1" />
        <service id="0x0080" sid="128" name="EL BAHDJA" type="2" provider="TDA" onid="65535" tsid="1" namespace="0x0d343182" radio="1" />
        <service id="0x001e" sid="30" name="Radio Ain Defla" type="2" provider="TDA" onid="65535" tsid="1" namespace="0x0d343182" radio="1" />
        <service id="0x0013" sid="19" name="Radio Ain Timouchent" type="2" provider="TDA" onid="65535" tsid="1" namespace="0x0d343182" radio="1" />
        <service id="0x002a" sid="42" name="Radio Annaba" type="2" provider="TDA" onid="65535" tsid="1" namespace="0x0d343182" radio="1" />
        <service id="0x001b" sid="27" name="Radio Biskra" type="2" provider="TDA" onid="65535" tsid="1" namespace="0x0d343182" radio="1" />
        <service id="0x0019" sid="25" name="Radio Bordj Bou Arreridj" type="2" provider="TDA" onid="65535" tsid="1" namespace="0x0d343182" radio="1" />
        <service id="0x001c" sid="28" name="Radio Bouira" type="2" provider="TDA" onid="65535" tsid="1" namespace="0x0d343182" radio="1" />
        <service id="0x0014" sid="20" name="Radio Boumerdes" type="2" provider="TDA" onid="65535" tsid="1" namespace="0x0d343182" radio="1" />
        <service id="0x003c" sid="60" name="Radio Chlef" type="2" provider="TDA" onid="65535" tsid="1" namespace="0x0d343182" radio="1" />
        <service id="0x003a" sid="58" name="Radio Constantine" type="2" provider="TDA" onid="65535" tsid="1" namespace="0x0d343182" radio="1" />
        <service id="0x003f" sid="63" name="RADIO CORAN" type="2" provider="TDA" onid="65535" tsid="1" namespace="0x0d343182" radio="1" />
        <service id="0x012a" sid="298" name="RADIO CULTURE" type="2" provider="TDA" onid="65535" tsid="1" namespace="0x0d343182" radio="1" />
        <service id="0x0006" sid="6" name="RADIO DECROCHAGE" type="2" provider="TDA" onid="65535" tsid="1" namespace="0x0d343182" radio="1" />
        <service id="0x002f" sid="47" name="Radio Djelfa" type="2" provider="TDA" onid="65535" tsid="1" namespace="0x0d343182" radio="1" />
        <service id="0x002d" sid="45" name="Radio El Bayedh" type="2" provider="TDA" onid="65535" tsid="1" namespace="0x0d343182" radio="1" />
        <service id="0x0012" sid="18" name="Radio Guelma" type="2" provider="TDA" onid="65535" tsid="1" namespace="0x0d343182" radio="1" />
        <service id="0x012b" sid="299" name="RADIO JEUNESSE" type="2" provider="TDA" onid="65535" tsid="1" namespace="0x0d343182" radio="1" />
        <service id="0x000b" sid="11" name="Radio Laghouat" type="2" provider="TDA" onid="65535" tsid="1" namespace="0x0d343182" radio="1" />
        <service id="0x0018" sid="24" name="Radio M'sila" type="2" provider="TDA" onid="65535" tsid="1" namespace="0x0d343182" radio="1" />
        <service id="0x0011" sid="17" name="Radio Mascara" type="2" provider="TDA" onid="65535" tsid="1" namespace="0x0d343182" radio="1" />
        <service id="0x000e" sid="14" name="Radio Mila" type="2" provider="TDA" onid="65535" tsid="1" namespace="0x0d343182" radio="1" />
        <service id="0x0017" sid="23" name="Radio Mostaganem" type="2" provider="TDA" onid="65535" tsid="1" namespace="0x0d343182" radio="1" />
        <service id="0x000c" sid="12" name="Radio Naama" type="2" provider="TDA" onid="65535" tsid="1" namespace="0x0d343182" radio="1" />
        <service id="0x0015" sid="21" name="Radio Oran" type="2" provider="TDA" onid="65535" tsid="1" namespace="0x0d343182" radio="1" />
        <service id="0x003b" sid="59" name="Radio Oum Bouaghi" type="2" provider="TDA" onid="65535" tsid="1" namespace="0x0d343182" radio="1" />
        <service id="0x001d" sid="29" name="Radio Relizan" type="2" provider="TDA" onid="65535" tsid="1" namespace="0x0d343182" radio="1" />
        <service id="0x000f" sid="15" name="Radio Saida" type="2" provider="TDA" onid="65535" tsid="1" namespace="0x0d343182" radio="1" />
        <service id="0x001a" sid="26" name="Radio Setif" type="2" provider="TDA" onid="65535" tsid="1" namespace="0x0d343182" radio="1" />
        <service id="0x003d" sid="61" name="Radio Sidi Belabes" type="2" provider="TDA" onid="65535" tsid="1" namespace="0x0d343182" radio="1" />
        <service id="0x0010" sid="16" name="Radio Skikda" type="2" provider="TDA" onid="65535" tsid="1" namespace="0x0d343182" radio="1" />
        <service id="0x000a" sid="10" name="Radio Souk Ahras" type="2" provider="TDA" onid="65535" tsid="1" namespace="0x0d343182" radio="1" />
        <service id="0x002e" sid="46" name="Radio Tebessa" type="2" provider="TDA" onid="65535" tsid="1" namespace="0x0d343182" radio="1" />
        <service id="0x002c" sid="44" name="Radio Tessemssilt" type="2" provider="TDA" onid="65535" tsid="1" namespace="0x0d343182" radio="1" />
        <service id="0x0016" sid="22" name="Radio Tiaret" type="2" provider="TDA" onid="65535" tsid="1" namespace="0x0d343182" radio="1" />
        <service id="0x001f" sid="31" name="Radio Tipaza" type="2" provider="TDA" onid="65535" tsid="1" namespace="0x0d343182" radio="1" />
        <service id="0x002b" sid="43" name="Radio Tizi Ouzou" type="2" provider="TDA" onid="65535" tsid="1" namespace="0x0d343182" radio="1" />
        <service id="0x0009" sid="9" name="SAHEL" type="2" provider="TDA" onid="65535" tsid="1" namespace="0x0d343182" radio="1" />
      </transponder>
    </satellite>
  </satellites>
</zapit>
