<?xml version='1.0' encoding='utf-8'?>
<zapit api="4">
  <terrestrials>
    <terrestrial key="eeee0000:0001:217c" name="Rai" namespace="0xeeee0000">
      <transponder key="eeee0000:0001:217c" frequency="514000000" symbol_rate="0" polarization="H" fec="5" system="0" modulation="4">
        <service id="0x03eb" sid="1003" name="Rai 1 HD" type="25" provider="Rai" onid="8572" tsid="1" namespace="0xeeee0000" />
        <service id="0x03ef" sid="1007" name="Rai 4" type="22" provider="Rai" onid="8572" tsid="1" namespace="0xeeee0000" />
        <service id="0x03ec" sid="1004" name="Rai Gulp" type="22" provider="Rai" onid="8572" tsid="1" namespace="0xeeee0000" />
        <service id="0x03ea" sid="1002" name="Rai Movie" type="22" provider="Rai" onid="8572" tsid="1" namespace="0xeeee0000" />
        <service id="0x03ee" sid="1006" name="Rai Premium" type="22" provider="Rai" onid="8572" tsid="1" namespace="0xeeee0000" />
        <service id="0x03e9" sid="1001" name="Rai Sport + HD" type="25" provider="Rai" onid="8572" tsid="1" namespace="0xeeee0000" />
        <service id="0x03ed" sid="1005" name="Rai YoYo" type="22" provider="Rai" onid="8572" tsid="1" namespace="0xeeee0000" />
      </transponder>
    </terrestrial>
    <terrestrial key="eeee0000:0002:217c" name="Rai" namespace="0xeeee0000">
      <transponder key="eeee0000:0002:217c" frequency="626000000" symbol_rate="0" polarization="H" fec="5" system="0" modulation="4">
        <service id="0x041c" sid="1052" name="Rai 2 HD" type="25" provider="Rai" onid="8572" tsid="2" namespace="0xeeee0000" />
        <service id="0x041b" sid="1051" name="Rai 3 HD" type="25" provider="Rai" onid="8572" tsid="2" namespace="0xeeee0000" />
        <service id="0x01a5" sid="421" name="Rai 5" type="22" provider="Rai" onid="8572" tsid="2" namespace="0xeeee0000" />
        <service id="0x041e" sid="1054" name="Rai Scuola" type="22" provider="Rai" onid="8572" tsid="2" namespace="0xeeee0000" />
        <service id="0x041d" sid="1053" name="Rai Sport" type="22" provider="Rai" onid="8572" tsid="2" namespace="0xeeee0000" />
        <service id="0x041f" sid="1055" name="Rai Storia" type="22" provider="Rai" onid="8572" tsid="2" namespace="0xeeee0000" />
        <service id="0x01a6" sid="422" name="RTV San Marino" type="22" provider="Rai" onid="8572" tsid="2" namespace="0xeeee0000" />
      </transponder>
    </terrestrial>
    <terrestrial key="eeee0000:0071:217c" name="Rai" namespace="0xeeee0000">
      <transponder key="eeee0000:0071:217c" frequency="482000000" symbol_rate="0" polarization="H" fec="5" system="0" modulation="4">
        <service id="0x044d" sid="1101" name="Rai 1" type="1" provider="Rai" onid="8572" tsid="113" namespace="0xeeee0000" />
        <service id="0x044e" sid="1102" name="Rai 2" type="1" provider="Rai" onid="8572" tsid="113" namespace="0xeeee0000" />
        <service id="0x01cb" sid="459" name="Rai 3 TGR Emilia-Romagna" type="1" provider="Rai" onid="8572" tsid="113" namespace="0xeeee0000" />
        <service id="0x045c" sid="1116" name="Rai 3 TGR Emilia-Romagna" type="1" provider="Rai" onid="8572" tsid="113" namespace="0xeeee0000" />
        <service id="0x01c9" sid="457" name="Rai 3 TGR Lombardia" type="1" provider="Rai" onid="8572" tsid="113" namespace="0xeeee0000" />
        <service id="0x045a" sid="1114" name="Rai 3 TGR Lombardia" type="1" provider="Rai" onid="8572" tsid="113" namespace="0xeeee0000" />
        <service id="0x01ca" sid="458" name="Rai 3 TGR Piemonte" type="1" provider="Rai" onid="8572" tsid="113" namespace="0xeeee0000" />
        <service id="0x045b" sid="1115" name="Rai 3 TGR Piemonte" type="1" provider="Rai" onid="8572" tsid="113" namespace="0xeeee0000" />
        <service id="0x044f" sid="1103" name="Rai News 24" type="22" provider="Rai" onid="8572" tsid="113" namespace="0xeeee0000" />
      </transponder>
    </terrestrial>
  </terrestrials>
</zapit>
