<?xml version='1.0' encoding='utf-8'?>
<zapit>
  <bouquet name="General" category="tv">
    <channel service_ref="1:0:25:14d2:0320:5000:0dc00000:0:0:0:" name="1 Baghdad" service_name="1 Baghdad" provider="MY TV" sid="5330" onid="20480" tsid="800" />
    <channel service_ref="1:0:25:0aa1:0001:002a:0dc00000:0:0:0:" name="Aden" service_name="Aden" provider="" sid="2721" onid="42" tsid="1" />
    <channel service_ref="1:0:1:05a6:0320:5000:0dc00000:0:0:0:" name="AL ARABY TV" service_name="AL ARABY TV" provider="MY TV" sid="1446" onid="20480" tsid="800" />
    <channel service_ref="1:0:1:0ed8:0384:5000:0dc00000:0:0:0:" name="AL ARABY TV HD" service_name="AL ARABY TV HD" provider="Gulfsat" sid="3800" onid="20480" tsid="900" />
    <channel service_ref="1:0:25:12ac:01f4:5000:0dc00000:0:0:0:" name="AL BAHRANY TV" service_name="AL BAHRANY TV" provider="Gulfsat" sid="4780" onid="20480" tsid="500" />
    <channel service_ref="1:0:25:1c86:0049:0800:0dc00000:0:0:0:" name="Al Basra" service_name="Al Basra" provider="Nilesat" sid="7302" onid="2048" tsid="73" />
    <channel service_ref="1:0:25:0aa0:0001:002a:0dc00000:0:0:0:" name="Al Eman" service_name="Al Eman" provider="" sid="2720" onid="42" tsid="1" />
    <channel service_ref="1:0:25:1c94:0049:0800:0dc00000:0:0:0:" name="Al Forat HD" service_name="Al Forat HD" provider="Nilesat" sid="7316" onid="2048" tsid="73" />
    <channel service_ref="1:0:25:05aa:0320:5000:0dc00000:0:0:0:" name="Al Hiwar TV" service_name="Al Hiwar TV" provider="MY TV" sid="1450" onid="20480" tsid="800" />
    <channel service_ref="1:0:1:12b6:01f4:5000:0dc00000:0:0:0:" name="Al Huriya Yamin TV" service_name="Al Huriya Yamin TV" provider="Gulfsat" sid="4790" onid="20480" tsid="500" />
    <channel service_ref="1:0:1:00bf:4ee8:077e:0dc00000:0:0:0:" name="Al Jazeera" service_name="Al Jazeera" provider="Al Jazeera" sid="191" onid="1918" tsid="20200" />
    <channel service_ref="1:0:1:00c2:4ee8:077e:0dc00000:0:0:0:" name="Al Jazeera Documentary" service_name="Al Jazeera Documentary" provider="Al Jazeera" sid="194" onid="1918" tsid="20200" />
    <channel service_ref="1:0:25:01f8:eac4:077e:0dc00000:0:0:0:" name="Al Jazeera Documentary HD" service_name="Al Jazeera Documentary HD" provider="Al Jazeera" sid="504" onid="1918" tsid="60100" />
    <channel service_ref="1:0:1:00c1:4ee8:077e:0dc00000:0:0:0:" name="Al Jazeera English" service_name="Al Jazeera English" provider="Al Jazeera" sid="193" onid="1918" tsid="20200" />
    <channel service_ref="1:0:25:01f7:eac4:077e:0dc00000:0:0:0:" name="Al Jazeera English HD" service_name="Al Jazeera English HD" provider="Al Jazeera" sid="503" onid="1918" tsid="60100" />
    <channel service_ref="1:0:25:01f5:eac4:077e:0dc00000:0:0:0:" name="Al Jazeera HD" service_name="Al Jazeera HD" provider="Al Jazeera" sid="501" onid="1918" tsid="60100" />
    <channel service_ref="1:0:1:00c0:4ee8:077e:0dc00000:0:0:0:" name="Al Jazeera Mubasher" service_name="Al Jazeera Mubasher" provider="Al Jazeera" sid="192" onid="1918" tsid="20200" />
    <channel service_ref="1:0:1:00c3:4ee8:077e:0dc00000:0:0:0:" name="Al Jazeera Mubasher 2" service_name="Al Jazeera Mubasher 2" provider="Al Jazeera" sid="195" onid="1918" tsid="20200" />
    <channel service_ref="1:0:25:01f9:eac4:077e:0dc00000:0:0:0:" name="Al Jazeera Mubasher 2 HD" service_name="Al Jazeera Mubasher 2 HD" provider="Al Jazeera" sid="505" onid="1918" tsid="60100" />
    <channel service_ref="1:0:25:01f6:eac4:077e:0dc00000:0:0:0:" name="Al Jazeera Mubasher HD" service_name="Al Jazeera Mubasher HD" provider="Al Jazeera" sid="502" onid="1918" tsid="60100" />
    <channel service_ref="1:0:1:0f0a:0384:5000:0dc00000:0:0:0:" name="AL KERAZA TV" service_name="AL KERAZA TV" provider="Gulfsat" sid="3850" onid="20480" tsid="900" />
    <channel service_ref="1:0:25:137e:01f4:5000:0dc00000:0:0:0:" name="Al Kout TV" service_name="Al Kout TV" provider="Gulfsat" sid="4990" onid="20480" tsid="500" />
    <channel service_ref="1:0:1:06b8:01f4:5000:0dc00000:0:0:0:" name="AL MALAKOOT SATÃTHE KINGDOM SAT" service_name="AL MALAKOOT SATÃTHE KINGDOM SAT" provider="Gulfsat" sid="1720" onid="20480" tsid="500" />
    <channel service_ref="1:0:1:1cef:004a:0800:0dc00000:0:0:0:" name="AL Masryia SD" service_name="AL Masryia SD" provider="" sid="7407" onid="2048" tsid="74" />
    <channel service_ref="1:0:25:1c85:0049:0800:0dc00000:0:0:0:" name="Al Mawsleya HD" service_name="Al Mawsleya HD" provider="Nilesat" sid="7301" onid="2048" tsid="73" />
    <channel service_ref="1:0:1:0aa2:0001:002a:0dc00000:0:0:0:" name="Al Mayadeen" service_name="Al Mayadeen" provider="Medialooks" sid="2722" onid="42" tsid="1" />
    <channel service_ref="1:0:25:01ff:eac4:077e:0dc00000:0:0:0:" name="Al Rayyan Al Qadeem HD" service_name="Al Rayyan Al Qadeem HD" provider="Al Jazeera" sid="511" onid="1918" tsid="60100" />
    <channel service_ref="1:0:25:01fe:eac4:077e:0dc00000:0:0:0:" name="Al Rayyan HD" service_name="Al Rayyan HD" provider="Al Jazeera" sid="510" onid="1918" tsid="60100" />
    <channel service_ref="1:0:25:0a8e:0001:002a:0dc00000:0:0:0:" name="Al Safwa" service_name="Al Safwa" provider="" sid="2702" onid="42" tsid="1" />
    <channel service_ref="1:0:1:0004:0008:ffff:0dc02b58:0:0:0:" name="Al Sahat" service_name="Al Sahat" provider="ViewMedia" sid="4" onid="65535" tsid="8" />
    <channel service_ref="1:0:25:054c:01f4:5000:0dc00000:0:0:0:" name="Al shirazioun" service_name="Al shirazioun" provider="Gulfsat" sid="1356" onid="20480" tsid="500" />
    <channel service_ref="1:0:25:0005:0208:02be:0dc00000:0:0:0:" name="Al Wousta from Al Dhaid HD" service_name="Al Wousta from Al Dhaid HD" provider="SBA" sid="5" onid="702" tsid="520" />
    <channel service_ref="1:0:25:0a8d:0001:002a:0dc00000:0:0:0:" name="Al Yawm" service_name="Al Yawm" provider="" sid="2701" onid="42" tsid="1" />
    <channel service_ref="1:0:25:044e:7594:077e:0dc00000:0:0:0:" name="AL-AKHBAR" service_name="AL-AKHBAR" provider="MOI" sid="1102" onid="1918" tsid="30100" />
    <channel service_ref="1:0:1:154a:0320:5000:0dc00000:0:0:0:" name="Al-Aqila TV" service_name="Al-Aqila TV" provider="MY TV" sid="5450" onid="20480" tsid="800" />
    <channel service_ref="1:0:25:134c:01f4:5000:0dc00000:0:0:0:" name="Al-askari TV" service_name="Al-askari TV" provider="Gulfsat" sid="4940" onid="20480" tsid="500" />
    <channel service_ref="1:0:25:078c:01f4:5000:0dc00000:0:0:0:" name="Al-Awhad TV" service_name="Al-Awhad TV" provider="Gulfsat" sid="1932" onid="20480" tsid="500" />
    <channel service_ref="1:0:25:053a:01f4:5000:0dc00000:0:0:0:" name="Al-Jawad TV" service_name="Al-Jawad TV" provider="Gulfsat" sid="1338" onid="20480" tsid="500" />
    <channel service_ref="1:0:25:069e:0320:5000:0dc00000:0:0:0:" name="Al-Shaaer TV" service_name="Al-Shaaer TV" provider="MY TV" sid="1694" onid="20480" tsid="800" />
    <channel service_ref="1:0:25:068c:0320:5000:0dc00000:0:0:0:" name="Alanwar TV" service_name="Alanwar TV" provider="MY TV" sid="1676" onid="20480" tsid="800" />
    <channel service_ref="1:0:1:1ceb:004a:0800:0dc00000:0:0:0:" name="ALASKANDRIA" service_name="ALASKANDRIA" provider="Nilesat" sid="7403" onid="2048" tsid="74" />
    <channel service_ref="1:0:1:1cf6:004a:0800:0dc00000:0:0:0:" name="ALASSEMA" service_name="ALASSEMA" provider="" sid="7414" onid="2048" tsid="74" />
    <channel service_ref="1:0:25:05d8:0320:5000:0dc00000:0:0:0:" name="Alawla Iraq TV" service_name="Alawla Iraq TV" provider="MY TV" sid="1496" onid="20480" tsid="800" />
    <channel service_ref="1:0:25:169e:0320:5000:0dc00000:0:0:0:" name="Albaghdadiya" service_name="Albaghdadiya" provider="MY TV" sid="5790" onid="20480" tsid="800" />
    <channel service_ref="1:0:25:053e:01f4:5000:0dc00000:0:0:0:" name="ALBASRA 1 TV" service_name="ALBASRA 1 TV" provider="Gulfsat" sid="1342" onid="20480" tsid="500" />
    <channel service_ref="1:0:1:1cec:004a:0800:0dc00000:0:0:0:" name="ALDELTA" service_name="ALDELTA" provider="Libya Alaan" sid="7404" onid="2048" tsid="74" />
    <channel service_ref="1:0:1:1c8e:0049:0800:0dc00000:0:0:0:" name="Alerth-Alnbawi" service_name="Alerth-Alnbawi" provider="Nilesat" sid="7310" onid="2048" tsid="73" />
    <channel service_ref="1:0:1:0a96:0001:002a:0dc00000:0:0:0:" name="Alfa Khalijiyat Radio" service_name="Alfa Khalijiyat Radio" provider="Medialooks" sid="2710" onid="42" tsid="1" />
    <channel service_ref="1:0:1:0006:0008:ffff:0dc02b58:0:0:0:" name="ALHAWYAH TV" service_name="ALHAWYAH TV" provider="ViewMedia" sid="6" onid="65535" tsid="8" />
    <channel service_ref="1:0:22:178e:0190:5000:0dc00000:0:0:0:" name="Ali Gate TV" service_name="Ali Gate TV" provider="MY TV" sid="6030" onid="20480" tsid="400" />
    <channel service_ref="1:0:1:1ce9:004a:0800:0dc00000:0:0:0:" name="ALKAHERA" service_name="ALKAHERA" provider="Nilesat" sid="7401" onid="2048" tsid="74" />
    <channel service_ref="1:0:1:1cea:004a:0800:0dc00000:0:0:0:" name="ALKANAL" service_name="ALKANAL" provider="Nilesat" sid="7402" onid="2048" tsid="74" />
    <channel service_ref="1:0:25:146e:0320:5000:0dc00000:0:0:0:" name="ALKARBALAEIA TV" service_name="ALKARBALAEIA TV" provider="MY TV" sid="5230" onid="20480" tsid="800" />
    <channel service_ref="1:0:1:0002:0008:ffff:0dc02b58:0:0:0:" name="Alkarma ME 1" service_name="Alkarma ME 1" provider="ViewMedia" sid="2" onid="65535" tsid="8" />
    <channel service_ref="1:0:1:000f:0008:ffff:0dc02b58:0:0:0:" name="ALLAHDAH TV" service_name="ALLAHDAH TV" provider="ViewMedia" sid="15" onid="65535" tsid="8" />
    <channel service_ref="1:0:25:182e:0190:5000:0dc00000:0:0:0:" name="ALLIBIYA TV" service_name="ALLIBIYA TV" provider="MY TV" sid="6190" onid="20480" tsid="400" />
    <channel service_ref="1:0:1:000a:0008:ffff:0dc02b58:0:0:0:" name="Almasirah Mubashar" service_name="Almasirah Mubashar" provider="ViewMedia" sid="10" onid="65535" tsid="8" />
    <channel service_ref="1:0:1:000e:0008:ffff:0dc02b58:0:0:0:" name="ALMASIRAH TV" service_name="ALMASIRAH TV" provider="ViewMedia" sid="14" onid="65535" tsid="8" />
    <channel service_ref="1:0:22:0ee2:0384:5000:0dc00000:0:0:0:" name="Almawlid Alnabawi" service_name="Almawlid Alnabawi" provider="Gulfsat" sid="3810" onid="20480" tsid="900" />
    <channel service_ref="1:0:25:12c0:01f4:5000:0dc00000:0:0:0:" name="Alnajaf Alashraf tv" service_name="Alnajaf Alashraf tv" provider="Gulfsat" sid="4800" onid="20480" tsid="500" />
    <channel service_ref="1:0:1:029c:ffdc:0001:0dc00000:0:0:0:" name="AlQanat 9" service_name="AlQanat 9" provider="MENASAT" sid="668" onid="1" tsid="65500" />
    <channel service_ref="1:0:1:1ced:004a:0800:0dc00000:0:0:0:" name="ALSA3EED" service_name="ALSA3EED" provider="Nilesat" sid="7405" onid="2048" tsid="74" />
    <channel service_ref="1:0:25:064a:ffdc:0001:0dc00000:0:0:0:" name="AlShaoub TV" service_name="AlShaoub TV" provider="MENASAT" sid="1610" onid="1" tsid="65500" />
    <channel service_ref="1:0:25:05b8:0320:5000:0dc00000:0:0:0:" name="ALSHOOR TV" service_name="ALSHOOR TV" provider="MY TV" sid="1464" onid="20480" tsid="800" />
    <channel service_ref="1:0:25:173e:01f4:5000:0dc00000:0:0:0:" name="ALWAQIE TV HD" service_name="ALWAQIE TV HD" provider="Gulfsat" sid="5950" onid="20480" tsid="500" />
    <channel service_ref="1:0:25:05c8:ffdc:0001:0dc00000:0:0:0:" name="Alyaum TV" service_name="Alyaum TV" provider="MENASAT" sid="1480" onid="1" tsid="65500" />
    <channel service_ref="1:0:1:0118:ffdc:0001:0dc00000:0:0:0:" name="Anewz" service_name="Anewz" provider="IKOMG" sid="280" onid="1" tsid="65500" />
    <channel service_ref="1:0:22:17d4:0190:5000:0dc00000:0:0:0:" name="ARC" service_name="ARC" provider="MY TV" sid="6100" onid="20480" tsid="400" />
    <channel service_ref="1:0:1:127a:01f4:5000:0dc00000:0:0:0:" name="Asil TV" service_name="Asil TV" provider="Gulfsat" sid="4730" onid="20480" tsid="500" />
    <channel service_ref="1:0:1:0d2a:0384:5000:0dc00000:0:0:0:" name="Awdeh" service_name="Awdeh" provider="PALSAT" sid="3370" onid="20480" tsid="900" />
    <channel service_ref="1:0:25:18d8:0190:5000:0dc00000:0:0:0:" name="Awdeh HD" service_name="Awdeh HD" provider="MY TV" sid="6360" onid="20480" tsid="400" />
    <channel service_ref="1:0:22:17e8:0190:5000:0dc00000:0:0:0:" name="Baghdad TV" service_name="Baghdad TV" provider="MY TV" sid="6120" onid="20480" tsid="400" />
    <channel service_ref="1:0:25:17ca:0190:5000:0dc00000:0:0:0:" name="Bahrain International HD" service_name="Bahrain International HD" provider="MY TV" sid="6090" onid="20480" tsid="400" />
    <channel service_ref="1:0:25:1d65:004b:0800:0dc00000:0:0:0:" name="Bahrain International HD" service_name="Bahrain International HD" provider="Gulfsat" sid="7525" onid="2048" tsid="75" />
    <channel service_ref="1:0:25:17c0:0190:5000:0dc00000:0:0:0:" name="Bahrain TV HD" service_name="Bahrain TV HD" provider="MY TV" sid="6080" onid="20480" tsid="400" />
    <channel service_ref="1:0:25:1d63:004b:0800:0dc00000:0:0:0:" name="Bahrain TV HD" service_name="Bahrain TV HD" provider="Gulfsat" sid="7523" onid="2048" tsid="75" />
    <channel service_ref="1:0:25:083a:00c8:077e:0dc00000:0:0:0:" name="beIN SPORTS" service_name="beIN SPORTS" provider="beIN SPORTS" sid="2106" onid="1918" tsid="200" />
    <channel service_ref="1:0:25:07d1:0064:077e:0dc00000:0:0:0:" name="beIN SPORTS 1" service_name="beIN SPORTS 1" provider="beIN SPORTS" sid="2001" onid="1918" tsid="100" />
    <channel service_ref="1:0:25:07d2:0064:077e:0dc00000:0:0:0:" name="beIN SPORTS 2" service_name="beIN SPORTS 2" provider="beIN SPORTS" sid="2002" onid="1918" tsid="100" />
    <channel service_ref="1:0:25:07d3:0064:077e:0dc00000:0:0:0:" name="beIN SPORTS 3" service_name="beIN SPORTS 3" provider="beIN SPORTS" sid="2003" onid="1918" tsid="100" />
    <channel service_ref="1:0:25:0158:00c8:077e:0dc00000:0:0:0:" name="beIN SPORTS 4" service_name="beIN SPORTS 4" provider="beIN SPORTS" sid="344" onid="1918" tsid="200" />
    <channel service_ref="1:0:25:07d4:0064:077e:0dc00000:0:0:0:" name="beIN SPORTS 5" service_name="beIN SPORTS 5" provider="beIN SPORTS" sid="2004" onid="1918" tsid="100" />
    <channel service_ref="1:0:25:0157:00c8:077e:0dc00000:0:0:0:" name="beIN SPORTS 6" service_name="beIN SPORTS 6" provider="beIN SPORTS" sid="343" onid="1918" tsid="200" />
    <channel service_ref="1:0:25:015b:00c8:077e:0dc00000:0:0:0:" name="beIN SPORTS 7" service_name="beIN SPORTS 7" provider="beIN SPORTS" sid="347" onid="1918" tsid="200" />
    <channel service_ref="1:0:25:0159:00c8:077e:0dc00000:0:0:0:" name="beIN SPORTS 8" service_name="beIN SPORTS 8" provider="beIN SPORTS" sid="345" onid="1918" tsid="200" />
    <channel service_ref="1:0:25:07d6:0064:077e:0dc00000:0:0:0:" name="beIN SPORTS MAX 2" service_name="beIN SPORTS MAX 2" provider="beIN SPORTS" sid="2006" onid="1918" tsid="100" />
    <channel service_ref="1:0:25:07d7:0064:077e:0dc00000:0:0:0:" name="beIN SPORTS MAX 2" service_name="beIN SPORTS MAX 2" provider="beIN" sid="2007" onid="1918" tsid="100" />
    <channel service_ref="1:0:25:07d5:0064:077e:0dc00000:0:0:0:" name="beIN SPORTS MAX 3" service_name="beIN SPORTS MAX 3" provider="beIN SPORTS" sid="2005" onid="1918" tsid="100" />
    <channel service_ref="1:0:25:015a:00c8:077e:0dc00000:0:0:0:" name="beIN SPORTS XTRA 3" service_name="beIN SPORTS XTRA 3" provider="beIN SPORTS" sid="346" onid="1918" tsid="200" />
    <channel service_ref="1:0:25:07d8:0064:077e:0dc00000:0:0:0:" name="beIN SPORTS XTRA 5" service_name="beIN SPORTS XTRA 5" provider="beIN" sid="2008" onid="1918" tsid="100" />
    <channel service_ref="1:0:25:07d9:0064:077e:0dc00000:0:0:0:" name="beIN SPORTS XTRA 7" service_name="beIN SPORTS XTRA 7" provider="beIN" sid="2009" onid="1918" tsid="100" />
    <channel service_ref="1:0:1:1c89:0049:0800:0dc00000:0:0:0:" name="BIN OTHAIMEEN" service_name="BIN OTHAIMEEN" provider="Nilesat" sid="7305" onid="2048" tsid="73" />
    <channel service_ref="1:0:22:1c9b:0049:0800:0dc00000:0:0:0:" name="Cartoon Network" service_name="Cartoon Network" provider="" sid="7323" onid="2048" tsid="73" />
    <channel service_ref="1:0:25:0a8f:0001:002a:0dc00000:0:0:0:" name="Cinema 1" service_name="Cinema 1" provider="" sid="2703" onid="42" tsid="1" />
    <channel service_ref="1:0:25:0a90:0001:002a:0dc00000:0:0:0:" name="Cinema 2" service_name="Cinema 2" provider="" sid="2704" onid="42" tsid="1" />
    <channel service_ref="1:0:25:1c95:0049:0800:0dc00000:0:0:0:" name="CNBC ARABIYA" service_name="CNBC ARABIYA" provider="Nilesat" sid="7317" onid="2048" tsid="73" />
    <channel service_ref="1:0:22:1c98:0049:0800:0dc00000:0:0:0:" name="CNN" service_name="CNN" provider="Nilesat" sid="7320" onid="2048" tsid="73" />
    <channel service_ref="1:0:1:02a0:ffdc:0001:0dc00000:0:0:0:" name="CTV EGYPT" service_name="CTV EGYPT" provider="MENASAT" sid="672" onid="1" tsid="65500" />
    <channel service_ref="1:0:25:1cf0:004a:0800:0dc00000:0:0:0:" name="Diwan" service_name="Diwan" provider="" sid="7408" onid="2048" tsid="74" />
    <channel service_ref="1:0:1:0278:0320:5000:0dc00000:0:0:0:" name="Dream Al Wan" service_name="Dream Al Wan" provider="MY TV" sid="632" onid="20480" tsid="800" />
    <channel service_ref="1:0:1:148c:0320:5000:0dc00000:0:0:0:" name="Dream Al Youm" service_name="Dream Al Youm" provider="MY TV" sid="5260" onid="20480" tsid="800" />
    <channel service_ref="1:0:1:05c6:0320:5000:0dc00000:0:0:0:" name="Dream Cinema" service_name="Dream Cinema" provider="MY TV" sid="1478" onid="20480" tsid="800" />
    <channel service_ref="1:0:1:157c:0320:5000:0dc00000:0:0:0:" name="Dream Monawaet" service_name="Dream Monawaet" provider="MY TV" sid="5500" onid="20480" tsid="800" />
    <channel service_ref="1:0:1:0a98:0001:002a:0dc00000:0:0:0:" name="DW Arabia HD" service_name="DW Arabia HD" provider="Deutsche Welle" sid="2712" onid="42" tsid="1" />
    <channel service_ref="1:0:1:1cf2:004a:0800:0dc00000:0:0:0:" name="EDUC 1" service_name="EDUC 1" provider="" sid="7410" onid="2048" tsid="74" />
    <channel service_ref="1:0:1:00fe:ffdc:0001:0dc00000:0:0:0:" name="El Sharq TV" service_name="El Sharq TV" provider="MENASAT" sid="254" onid="1" tsid="65500" />
    <channel service_ref="1:0:25:0f00:0384:5000:0dc00000:0:0:0:" name="Elfadjer drama Dz" service_name="Elfadjer drama Dz" provider="Gulfsat" sid="3840" onid="20480" tsid="900" />
    <channel service_ref="1:0:25:1c8c:0049:0800:0dc00000:0:0:0:" name="ELMEHWAR-HD" service_name="ELMEHWAR-HD" provider="Nilesat" sid="7308" onid="2048" tsid="73" />
    <channel service_ref="1:0:1:027c:ffdc:0001:0dc00000:0:0:0:" name="ERISAT" service_name="ERISAT" provider="MENASAT" sid="636" onid="1" tsid="65500" />
    <channel service_ref="1:0:1:1c8a:0049:0800:0dc00000:0:0:0:" name="Eriteria TV" service_name="Eriteria TV" provider="Nilesat" sid="7306" onid="2048" tsid="73" />
    <channel service_ref="1:0:22:186a:0190:5000:0dc00000:0:0:0:" name="ESAN TV" service_name="ESAN TV" provider="MY TV" sid="6250" onid="20480" tsid="400" />
    <channel service_ref="1:0:1:0aef:0001:002a:0dc00000:0:0:0:" name="Eutelsat Data 1" service_name="Eutelsat Data 1" provider="Eutelsat" sid="2799" onid="42" tsid="1" />
    <channel service_ref="1:0:1:065e:0320:5000:0dc00000:0:0:0:" name="Falastini.tv" service_name="Falastini.tv" provider="MY TV" sid="1630" onid="20480" tsid="800" />
    <channel service_ref="1:0:25:0a93:0001:002a:0dc00000:0:0:0:" name="Fann" service_name="Fann" provider="" sid="2707" onid="42" tsid="1" />
    <channel service_ref="1:0:1:06c6:01f4:5000:0dc00000:0:0:0:" name="France 24 (in Arabic)" service_name="France 24 (in Arabic)" provider="Gulfsat" sid="1734" onid="20480" tsid="500" />
    <channel service_ref="1:0:1:14c8:0320:5000:0dc00000:0:0:0:" name="G+" service_name="G+" provider="MY TV" sid="5320" onid="20480" tsid="800" />
    <channel service_ref="1:0:25:177a:0190:5000:0dc00000:0:0:0:" name="Gali Kurdistan HD" service_name="Gali Kurdistan HD" provider="MY TV" sid="6010" onid="20480" tsid="400" />
    <channel service_ref="1:0:1:0008:0008:ffff:0dc02b58:0:0:0:" name="GFN Soccer" service_name="GFN Soccer" provider="ViewMedia" sid="8" onid="65535" tsid="8" />
    <channel service_ref="1:0:22:0f32:0384:5000:0dc00000:0:0:0:" name="Gulfsat" service_name="Gulfsat" provider="Gulfsat" sid="3890" onid="20480" tsid="900" />
    <channel service_ref="1:0:25:02b2:0320:5000:0dc00000:0:0:0:" name="Hala Arabia" service_name="Hala Arabia" provider="MY TV" sid="690" onid="20480" tsid="800" />
    <channel service_ref="1:0:25:1d67:004b:0800:0dc00000:0:0:0:" name="Hala Arabia" service_name="Hala Arabia" provider="Gulfsat" sid="7527" onid="2048" tsid="75" />
    <channel service_ref="1:0:1:02f8:0190:5000:0dc00000:0:0:0:" name="Huda TV" service_name="Huda TV" provider="MY TV" sid="760" onid="20480" tsid="400" />
    <channel service_ref="1:0:1:026e:ffdc:0001:0dc00000:0:0:0:" name="i24 News Arabic" service_name="i24 News Arabic" provider="MENASAT" sid="622" onid="1" tsid="65500" />
    <channel service_ref="1:0:1:0011:0008:ffff:0dc02b58:0:0:0:" name="Iraq Future" service_name="Iraq Future" provider="ViewMedia" sid="17" onid="65535" tsid="8" />
    <channel service_ref="1:0:1:1c3b:0048:0001:0dc00000:0:0:0:" name="Iraqi interior radio" service_name="Iraqi interior radio" provider="" sid="7227" onid="1" tsid="72" />
    <channel service_ref="1:0:1:1c29:0048:0001:0dc00000:0:0:0:" name="Iraqia Ent HD" service_name="Iraqia Ent HD" provider="" sid="7209" onid="1" tsid="72" />
    <channel service_ref="1:0:1:1c26:0048:0001:0dc00000:0:0:0:" name="Iraqia Kurd" service_name="Iraqia Kurd" provider="" sid="7206" onid="1" tsid="72" />
    <channel service_ref="1:0:1:1c21:0048:0001:0dc00000:0:0:0:" name="Iraqia News HD" service_name="Iraqia News HD" provider="" sid="7201" onid="1" tsid="72" />
    <channel service_ref="1:0:1:1c27:0048:0001:0dc00000:0:0:0:" name="Iraqia Sport HD" service_name="Iraqia Sport HD" provider="" sid="7207" onid="1" tsid="72" />
    <channel service_ref="1:0:1:1c34:0048:0001:0dc00000:0:0:0:" name="Iraqia Syriac HD" service_name="Iraqia Syriac HD" provider="" sid="7220" onid="1" tsid="72" />
    <channel service_ref="1:0:1:1c25:0048:0001:0dc00000:0:0:0:" name="Iraqia Turkuman" service_name="Iraqia Turkuman" provider="" sid="7205" onid="1" tsid="72" />
    <channel service_ref="1:0:25:1c99:0049:0800:0dc00000:0:0:0:" name="ISC" service_name="ISC" provider="Nilesat" sid="7321" onid="2048" tsid="73" />
    <channel service_ref="1:0:1:1c91:0049:0800:0dc00000:0:0:0:" name="Kaifa" service_name="Kaifa" provider="Nilesat" sid="7313" onid="2048" tsid="73" />
    <channel service_ref="1:0:1:12f2:01f4:5000:0dc00000:0:0:0:" name="Kidsy TV" service_name="Kidsy TV" provider="Gulfsat" sid="4850" onid="20480" tsid="500" />
    <channel service_ref="1:0:25:06f8:0190:5000:0dc00000:0:0:0:" name="Kirkuk TV HD" service_name="Kirkuk TV HD" provider="MY TV" sid="1784" onid="20480" tsid="400" />
    <channel service_ref="1:0:25:01c3:7594:077e:0dc00000:0:0:0:" name="Kuwait Sport Plus" service_name="Kuwait Sport Plus" provider="MOI" sid="451" onid="1918" tsid="30100" />
    <channel service_ref="1:0:25:01c2:7594:077e:0dc00000:0:0:0:" name="Kuwait Sports" service_name="Kuwait Sports" provider="MOI" sid="450" onid="1918" tsid="30100" />
    <channel service_ref="1:0:25:044d:7594:077e:0dc00000:0:0:0:" name="Kuwait TV 1" service_name="Kuwait TV 1" provider="MOI" sid="1101" onid="1918" tsid="30100" />
    <channel service_ref="1:0:25:044f:7594:077e:0dc00000:0:0:0:" name="Kuwait TV 2" service_name="Kuwait TV 2" provider="MOI" sid="1103" onid="1918" tsid="30100" />
    <channel service_ref="1:0:1:1cf4:004a:0800:0dc00000:0:0:0:" name="Learning passport SD1" service_name="Learning passport SD1" provider="Nilesat" sid="7412" onid="2048" tsid="74" />
    <channel service_ref="1:0:1:1cf5:004a:0800:0dc00000:0:0:0:" name="Learning passport SD2" service_name="Learning passport SD2" provider="Nilesat" sid="7413" onid="2048" tsid="74" />
    <channel service_ref="1:0:22:189c:0190:5000:0dc00000:0:0:0:" name="Libya Al Maydan TV" service_name="Libya Al Maydan TV" provider="MY TV" sid="6300" onid="20480" tsid="400" />
    <channel service_ref="1:0:25:1c88:0049:0800:0dc00000:0:0:0:" name="LIBYA ALMOKHTAR" service_name="LIBYA ALMOKHTAR" provider="Nilesat" sid="7304" onid="2048" tsid="73" />
    <channel service_ref="1:0:25:1c87:0049:0800:0dc00000:0:0:0:" name="Libya Almustaqbal" service_name="Libya Almustaqbal" provider="Nilesat" sid="7303" onid="2048" tsid="73" />
    <channel service_ref="1:0:25:02dc:0190:5000:0dc00000:0:0:0:" name="Libya Government TV" service_name="Libya Government TV" provider="MY TV" sid="732" onid="20480" tsid="400" />
    <channel service_ref="1:0:22:1c8f:0049:0800:0dc00000:0:0:0:" name="LIBYA IFTA TV" service_name="LIBYA IFTA TV" provider="Nilesat" sid="7311" onid="2048" tsid="73" />
    <channel service_ref="1:0:25:001c:0008:ffff:0dc02b58:0:0:0:" name="Libya WTV HD" service_name="Libya WTV HD" provider="ViewMedia" sid="28" onid="65535" tsid="8" />
    <channel service_ref="1:0:1:000b:0008:ffff:0dc02b58:0:0:0:" name="Logos TV" service_name="Logos TV" provider="ViewMedia" sid="11" onid="65535" tsid="8" />
    <channel service_ref="1:0:1:0001:0008:ffff:0dc02b58:0:0:0:" name="Loveworld Arabic" service_name="Loveworld Arabic" provider="ViewMedia" sid="1" onid="65535" tsid="8" />
    <channel service_ref="1:0:1:0cf8:0384:5000:0dc00000:0:0:0:" name="Maan TV" service_name="Maan TV" provider="Palsat" sid="3320" onid="20480" tsid="900" />
    <channel service_ref="1:0:1:1cf1:004a:0800:0dc00000:0:0:0:" name="Madrastna 2" service_name="Madrastna 2" provider="" sid="7409" onid="2048" tsid="74" />
    <channel service_ref="1:0:1:0005:0008:ffff:0dc02b58:0:0:0:" name="Mahdi has appeared TV" service_name="Mahdi has appeared TV" provider="ViewMedia" sid="5" onid="65535" tsid="8" />
    <channel service_ref="1:0:25:05ca:0320:5000:0dc00000:0:0:0:" name="MarjaeyatTV 2 HD" service_name="MarjaeyatTV 2 HD" provider="MY TV" sid="1482" onid="20480" tsid="800" />
    <channel service_ref="1:0:1:0001:0d48:00eb:0dc00000:0:0:0:" name="MARQUEUR" service_name="MARQUEUR" provider="Globecast" sid="1" onid="235" tsid="3400" />
    <channel service_ref="1:0:1:056c:01f4:5000:0dc00000:0:0:0:" name="MASSAYA TV" service_name="MASSAYA TV" provider="Gulfsat" sid="1388" onid="20480" tsid="500" />
    <channel service_ref="1:0:1:05aa:ffdc:0001:0dc00000:0:0:0:" name="Mekameleen TV" service_name="Mekameleen TV" provider="MENASAT" sid="1450" onid="1" tsid="65500" />
    <channel service_ref="1:0:22:1c92:0049:0800:0dc00000:0:0:0:" name="Misk Syria" service_name="Misk Syria" provider="Nilesat" sid="7314" onid="2048" tsid="73" />
    <channel service_ref="1:0:1:000c:0008:ffff:0dc02b58:0:0:0:" name="Misr ElBald" service_name="Misr ElBald" provider="ViewMedia" sid="12" onid="65535" tsid="8" />
    <channel service_ref="1:0:1:0eec:0384:5000:0dc00000:0:0:0:" name="Moga Cinema" service_name="Moga Cinema" provider="Gulfsat" sid="3820" onid="20480" tsid="900" />
    <channel service_ref="1:0:1:0f1e:0384:5000:0dc00000:0:0:0:" name="Moga Comedy TV" service_name="Moga Comedy TV" provider="Gulfsat" sid="3870" onid="20480" tsid="900" />
    <channel service_ref="1:0:1:0ef6:0384:5000:0dc00000:0:0:0:" name="Moga Drama" service_name="Moga Drama" provider="Gulfsat" sid="3830" onid="20480" tsid="900" />
    <channel service_ref="1:0:1:0f28:0384:5000:0dc00000:0:0:0:" name="Moga Today" service_name="Moga Today" provider="Gulfsat" sid="3880" onid="20480" tsid="900" />
    <channel service_ref="1:0:1:0a97:0001:002a:0dc00000:0:0:0:" name="Mounawat Radio" service_name="Mounawat Radio" provider="Medialooks" sid="2711" onid="42" tsid="1" />
    <channel service_ref="1:0:1:0ba4:0384:5000:0dc00000:0:0:0:" name="MUSAWA" service_name="MUSAWA" provider="Palsat" sid="2980" onid="20480" tsid="900" />
    <channel service_ref="1:0:25:18b0:0190:5000:0dc00000:0:0:0:" name="MUSAWA HD" service_name="MUSAWA HD" provider="MY TV" sid="6320" onid="20480" tsid="400" />
    <channel service_ref="1:0:25:0a94:0001:002a:0dc00000:0:0:0:" name="Music Now" service_name="Music Now" provider="" sid="2708" onid="42" tsid="1" />
    <channel service_ref="1:0:22:17b6:0190:5000:0dc00000:0:0:0:" name="NEW LIBYA" service_name="NEW LIBYA" provider="MY TV" sid="6070" onid="20480" tsid="400" />
    <channel service_ref="1:0:25:1c96:0049:0800:0dc00000:0:0:0:" name="Nilesat Feed" service_name="Nilesat Feed" provider="Nilesat" sid="7318" onid="2048" tsid="73" />
    <channel service_ref="1:0:25:1d4f:004b:0800:0dc00000:0:0:0:" name="Nilesat PROMO" service_name="Nilesat PROMO" provider="Gulfsat" sid="7503" onid="2048" tsid="75" />
    <channel service_ref="1:0:1:002c:0008:ffff:0dc02b58:0:0:0:" name="Nour Al Sharq" service_name="Nour Al Sharq" provider="ViewMedia" sid="44" onid="65535" tsid="8" />
    <channel service_ref="1:0:1:002d:0008:ffff:0dc02b58:0:0:0:" name="Nour Koddass" service_name="Nour Koddass" provider="ViewMedia" sid="45" onid="65535" tsid="8" />
    <channel service_ref="1:0:1:001a:0008:ffff:0dc02b58:0:0:0:" name="Nour Mariam" service_name="Nour Mariam" provider="ViewMedia" sid="26" onid="65535" tsid="8" />
    <channel service_ref="1:0:1:0d16:0384:5000:0dc00000:0:0:0:" name="Palestine" service_name="Palestine" provider="Palsat" sid="3350" onid="20480" tsid="900" />
    <channel service_ref="1:0:1:132e:01f4:5000:0dc00000:0:0:0:" name="Palestine" service_name="Palestine" provider="Gulfsat" sid="4910" onid="20480" tsid="500" />
    <channel service_ref="1:0:25:18ce:0190:5000:0dc00000:0:0:0:" name="Palestine EDU" service_name="Palestine EDU" provider="MY TV" sid="6350" onid="20480" tsid="400" />
    <channel service_ref="1:0:25:18a6:0190:5000:0dc00000:0:0:0:" name="Palestine HD" service_name="Palestine HD" provider="MY TV" sid="6310" onid="20480" tsid="400" />
    <channel service_ref="1:0:1:0d02:0384:5000:0dc00000:0:0:0:" name="Palestine Live" service_name="Palestine Live" provider="Palsat" sid="3330" onid="20480" tsid="900" />
    <channel service_ref="1:0:25:18ba:0190:5000:0dc00000:0:0:0:" name="Palestine Live HD" service_name="Palestine Live HD" provider="MY TV" sid="6330" onid="20480" tsid="400" />
    <channel service_ref="1:0:1:0bae:0384:5000:0dc00000:0:0:0:" name="Palestine News" service_name="Palestine News" provider="Palsat" sid="2990" onid="20480" tsid="900" />
    <channel service_ref="1:0:25:18c4:0190:5000:0dc00000:0:0:0:" name="Palestine News HD" service_name="Palestine News HD" provider="MY TV" sid="6340" onid="20480" tsid="400" />
    <channel service_ref="1:0:25:0d66:0384:5000:0dc00000:0:0:0:" name="Palestine Sport" service_name="Palestine Sport" provider="Palsat" sid="3430" onid="20480" tsid="900" />
    <channel service_ref="1:0:1:0f3c:0384:5000:0dc00000:0:0:0:" name="PLAY AFLAM" service_name="PLAY AFLAM" provider="Gulfsat" sid="3900" onid="20480" tsid="900" />
    <channel service_ref="1:0:1:0f46:0384:5000:0dc00000:0:0:0:" name="PLAY CINEMA" service_name="PLAY CINEMA" provider="Gulfsat" sid="3910" onid="20480" tsid="900" />
    <channel service_ref="1:0:1:0f50:0384:5000:0dc00000:0:0:0:" name="PLAY DRAMA" service_name="PLAY DRAMA" provider="Gulfsat" sid="3920" onid="20480" tsid="900" />
    <channel service_ref="1:0:1:0f5a:0384:5000:0dc00000:0:0:0:" name="PLAY HEKAYAT" service_name="PLAY HEKAYAT" provider="Gulfsat" sid="3930" onid="20480" tsid="900" />
    <channel service_ref="1:0:1:0f64:0384:5000:0dc00000:0:0:0:" name="PLAY TODAY" service_name="PLAY TODAY" provider="Gulfsat" sid="3940" onid="20480" tsid="900" />
    <channel service_ref="1:0:1:1c2b:0048:0001:0dc00000:0:0:0:" name="Radio AI-Forqan" service_name="Radio AI-Forqan" provider="" sid="7211" onid="1" tsid="72" />
    <channel service_ref="1:0:1:1c2a:0048:0001:0dc00000:0:0:0:" name="Radio AL-Iraqia" service_name="Radio AL-Iraqia" provider="" sid="7210" onid="1" tsid="72" />
    <channel service_ref="1:0:1:1c2c:0048:0001:0dc00000:0:0:0:" name="Radio Baghdad" service_name="Radio Baghdad" provider="" sid="7212" onid="1" tsid="72" />
    <channel service_ref="1:0:1:067c:ffdc:0001:0dc00000:0:0:0:" name="RUDAW" service_name="RUDAW" provider="MENASAT" sid="1660" onid="1" tsid="65500" />
    <channel service_ref="1:0:25:14aa:0320:5000:0dc00000:0:0:0:" name="SALAM" service_name="SALAM" provider="MY TV" sid="5290" onid="20480" tsid="800" />
    <channel service_ref="1:0:1:0003:0008:ffff:0dc02b58:0:0:0:" name="SALVATION TV MENA" service_name="SALVATION TV MENA" provider="ViewMedia" sid="3" onid="65535" tsid="8" />
    <channel service_ref="1:0:25:052c:01f4:5000:0dc00000:0:0:0:" name="Saout alaqila" service_name="Saout alaqila" provider="Gulfsat" sid="1324" onid="20480" tsid="500" />
    <channel service_ref="1:0:25:0a9c:0001:002a:0dc00000:0:0:0:" name="SAT.TV" service_name="SAT.TV" provider="" sid="2716" onid="42" tsid="1" />
    <channel service_ref="1:0:25:0a91:0001:002a:0dc00000:0:0:0:" name="Series +2 HD" service_name="Series +2 HD" provider="" sid="2705" onid="42" tsid="1" />
    <channel service_ref="1:0:25:0a92:0001:002a:0dc00000:0:0:0:" name="Series Channel HD" service_name="Series Channel HD" provider="" sid="2706" onid="42" tsid="1" />
    <channel service_ref="1:0:25:0001:0208:02be:0dc00000:0:0:0:" name="Sharjah HD" service_name="Sharjah HD" provider="SBA" sid="1" onid="702" tsid="520" />
    <channel service_ref="1:0:25:0008:0208:02be:0dc00000:0:0:0:" name="Sharjah Quran TV" service_name="Sharjah Quran TV" provider="SBA" sid="8" onid="702" tsid="520" />
    <channel service_ref="1:0:1:0002:0208:02be:0dc00000:0:0:0:" name="Sharjah SD" service_name="Sharjah SD" provider="SBA" sid="2" onid="702" tsid="520" />
    <channel service_ref="1:0:25:0006:0208:02be:0dc00000:0:0:0:" name="Sharjah Sport HD" service_name="Sharjah Sport HD" provider="SBA" sid="6" onid="702" tsid="520" />
    <channel service_ref="1:0:1:0007:0208:02be:0dc00000:0:0:0:" name="Sharjah Sport SD" service_name="Sharjah Sport SD" provider="SBA" sid="7" onid="702" tsid="520" />
    <channel service_ref="1:0:25:1c8b:0049:0800:0dc00000:0:0:0:" name="Sharm TV" service_name="Sharm TV" provider="Nilesat" sid="7307" onid="2048" tsid="73" />
    <channel service_ref="1:0:25:0003:0208:02be:0dc00000:0:0:0:" name="Sharqiya from Kalba HD" service_name="Sharqiya from Kalba HD" provider="SBA" sid="3" onid="702" tsid="520" />
    <channel service_ref="1:0:25:0a9f:0001:002a:0dc00000:0:0:0:" name="Sheba" service_name="Sheba" provider="" sid="2719" onid="42" tsid="1" />
    <channel service_ref="1:0:1:1cf3:004a:0800:0dc00000:0:0:0:" name="Sudan Basic Edu" service_name="Sudan Basic Edu" provider="" sid="7411" onid="2048" tsid="74" />
    <channel service_ref="1:0:1:145a:0320:5000:0dc00000:0:0:0:" name="Syria TV" service_name="Syria TV" provider="MY TV" sid="5210" onid="20480" tsid="800" />
    <channel service_ref="1:0:22:1c90:0049:0800:0dc00000:0:0:0:" name="TANASUH EDUCATION TV" service_name="TANASUH EDUCATION TV" provider="Nilesat" sid="7312" onid="2048" tsid="73" />
    <channel service_ref="1:0:22:1c8d:0049:0800:0dc00000:0:0:0:" name="TANASUH TV" service_name="TANASUH TV" provider="Nilesat" sid="7309" onid="2048" tsid="73" />
    <channel service_ref="1:0:1:0a95:0001:002a:0dc00000:0:0:0:" name="Tarabiyat Radio" service_name="Tarabiyat Radio" provider="Medialooks" sid="2709" onid="42" tsid="1" />
    <channel service_ref="1:0:1:1cee:004a:0800:0dc00000:0:0:0:" name="TEBA" service_name="TEBA" provider="" sid="7406" onid="2048" tsid="74" />
    <channel service_ref="1:0:1:00c4:4ee8:077e:0dc00000:0:0:0:" name="TEST" service_name="TEST" provider="Al Jazeera" sid="196" onid="1918" tsid="20200" />
    <channel service_ref="1:0:25:06d4:01f4:5000:0dc00000:0:0:0:" name="Test" service_name="Test" provider="Gulfsat" sid="1748" onid="20480" tsid="500" />
    <channel service_ref="1:0:1:1c93:0049:0800:0dc00000:0:0:0:" name="Test" service_name="Test" provider="Nilesat" sid="7315" onid="2048" tsid="73" />
    <channel service_ref="1:0:25:1c97:0049:0800:0dc00000:0:0:0:" name="Test" service_name="Test" provider="Nilesat" sid="7319" onid="2048" tsid="73" />
    <channel service_ref="1:0:1:1c9a:0049:0800:0dc00000:0:0:0:" name="Test" service_name="Test" provider="Nilesat" sid="7322" onid="2048" tsid="73" />
    <channel service_ref="1:0:25:1cf7:004a:0800:0dc00000:0:0:0:" name="Test" service_name="Test" provider="Nilesat" sid="7415" onid="2048" tsid="74" />
    <channel service_ref="1:0:25:187e:0190:5000:0dc00000:0:0:0:" name="TRT World HD" service_name="TRT World HD" provider="MY TV" sid="6270" onid="20480" tsid="400" />
    <channel service_ref="1:0:1:128e:01f4:5000:0dc00000:0:0:0:" name="UTV Iraq" service_name="UTV Iraq" provider="Gulfsat" sid="4750" onid="20480" tsid="500" />
    <channel service_ref="1:0:25:18e2:0190:5000:0dc00000:0:0:0:" name="Voice of Palestine HD" service_name="Voice of Palestine HD" provider="MY TV" sid="6370" onid="20480" tsid="400" />
    <channel service_ref="1:0:25:01f8:01f4:5000:0dc00000:0:0:0:" name="WAAR HD" service_name="WAAR HD" provider="Gulfsat" sid="504" onid="20480" tsid="500" />
    <channel service_ref="1:0:1:025c:ffdc:0001:0dc00000:0:0:0:" name="WATAN TV" service_name="WATAN TV" provider="MENASAT" sid="604" onid="1" tsid="65500" />
    <channel service_ref="1:0:25:0a9e:0001:002a:0dc00000:0:0:0:" name="Yemen Documentary" service_name="Yemen Documentary" provider="" sid="2718" onid="42" tsid="1" />
    <channel service_ref="1:0:1:05b4:ffdc:0001:0dc00000:0:0:0:" name="Yemen Education" service_name="Yemen Education" provider="MENASAT" sid="1460" onid="1" tsid="65500" />
    <channel service_ref="1:0:1:05dc:ffdc:0001:0dc00000:0:0:0:" name="Yemen Today TV" service_name="Yemen Today TV" provider="MENASAT" sid="1500" onid="1" tsid="65500" />
    <channel service_ref="1:0:25:0007:0008:ffff:0dc02b58:0:0:0:" name="Yemen TV HD" service_name="Yemen TV HD" provider="ViewMedia" sid="7" onid="65535" tsid="8" />
  </bouquet>
  <bouquet name="Movies" category="tv">
    <channel service_ref="1:0:25:0a8f:0001:002a:0dc00000:0:0:0:" name="Cinema 1" service_name="Cinema 1" provider="" sid="2703" onid="42" tsid="1" />
    <channel service_ref="1:0:25:0a90:0001:002a:0dc00000:0:0:0:" name="Cinema 2" service_name="Cinema 2" provider="" sid="2704" onid="42" tsid="1" />
    <channel service_ref="1:0:1:05c6:0320:5000:0dc00000:0:0:0:" name="Dream Cinema" service_name="Dream Cinema" provider="MY TV" sid="1478" onid="20480" tsid="800" />
    <channel service_ref="1:0:1:0eec:0384:5000:0dc00000:0:0:0:" name="Moga Cinema" service_name="Moga Cinema" provider="Gulfsat" sid="3820" onid="20480" tsid="900" />
    <channel service_ref="1:0:1:0f46:0384:5000:0dc00000:0:0:0:" name="PLAY CINEMA" service_name="PLAY CINEMA" provider="Gulfsat" sid="3910" onid="20480" tsid="900" />
  </bouquet>
  <bouquet name="Series" category="tv">
    <channel service_ref="1:0:25:0f00:0384:5000:0dc00000:0:0:0:" name="Elfadjer drama Dz" service_name="Elfadjer drama Dz" provider="Gulfsat" sid="3840" onid="20480" tsid="900" />
    <channel service_ref="1:0:1:0ef6:0384:5000:0dc00000:0:0:0:" name="Moga Drama" service_name="Moga Drama" provider="Gulfsat" sid="3830" onid="20480" tsid="900" />
    <channel service_ref="1:0:1:0f50:0384:5000:0dc00000:0:0:0:" name="PLAY DRAMA" service_name="PLAY DRAMA" provider="Gulfsat" sid="3920" onid="20480" tsid="900" />
    <channel service_ref="1:0:25:0a91:0001:002a:0dc00000:0:0:0:" name="Series +2 HD" service_name="Series +2 HD" provider="" sid="2705" onid="42" tsid="1" />
    <channel service_ref="1:0:25:0a92:0001:002a:0dc00000:0:0:0:" name="Series Channel HD" service_name="Series Channel HD" provider="" sid="2706" onid="42" tsid="1" />
  </bouquet>
  <bouquet name="News" category="tv">
    <channel service_ref="1:0:1:026e:ffdc:0001:0dc00000:0:0:0:" name="i24 News Arabic" service_name="i24 News Arabic" provider="MENASAT" sid="622" onid="1" tsid="65500" />
    <channel service_ref="1:0:1:1c21:0048:0001:0dc00000:0:0:0:" name="Iraqia News HD" service_name="Iraqia News HD" provider="" sid="7201" onid="1" tsid="72" />
    <channel service_ref="1:0:1:0bae:0384:5000:0dc00000:0:0:0:" name="Palestine News" service_name="Palestine News" provider="Palsat" sid="2990" onid="20480" tsid="900" />
    <channel service_ref="1:0:25:18c4:0190:5000:0dc00000:0:0:0:" name="Palestine News HD" service_name="Palestine News HD" provider="MY TV" sid="6340" onid="20480" tsid="400" />
  </bouquet>
  <bouquet name="Sports" category="tv">
    <channel service_ref="1:0:1:1c8e:0049:0800:0dc00000:0:0:0:" name="Alerth-Alnbawi" service_name="Alerth-Alnbawi" provider="Nilesat" sid="7310" onid="2048" tsid="73" />
    <channel service_ref="1:0:25:083a:00c8:077e:0dc00000:0:0:0:" name="beIN SPORTS" service_name="beIN SPORTS" provider="beIN SPORTS" sid="2106" onid="1918" tsid="200" />
    <channel service_ref="1:0:25:07d1:0064:077e:0dc00000:0:0:0:" name="beIN SPORTS 1" service_name="beIN SPORTS 1" provider="beIN SPORTS" sid="2001" onid="1918" tsid="100" />
    <channel service_ref="1:0:25:07d2:0064:077e:0dc00000:0:0:0:" name="beIN SPORTS 2" service_name="beIN SPORTS 2" provider="beIN SPORTS" sid="2002" onid="1918" tsid="100" />
    <channel service_ref="1:0:25:07d3:0064:077e:0dc00000:0:0:0:" name="beIN SPORTS 3" service_name="beIN SPORTS 3" provider="beIN SPORTS" sid="2003" onid="1918" tsid="100" />
    <channel service_ref="1:0:25:0158:00c8:077e:0dc00000:0:0:0:" name="beIN SPORTS 4" service_name="beIN SPORTS 4" provider="beIN SPORTS" sid="344" onid="1918" tsid="200" />
    <channel service_ref="1:0:25:07d4:0064:077e:0dc00000:0:0:0:" name="beIN SPORTS 5" service_name="beIN SPORTS 5" provider="beIN SPORTS" sid="2004" onid="1918" tsid="100" />
    <channel service_ref="1:0:25:0157:00c8:077e:0dc00000:0:0:0:" name="beIN SPORTS 6" service_name="beIN SPORTS 6" provider="beIN SPORTS" sid="343" onid="1918" tsid="200" />
    <channel service_ref="1:0:25:015b:00c8:077e:0dc00000:0:0:0:" name="beIN SPORTS 7" service_name="beIN SPORTS 7" provider="beIN SPORTS" sid="347" onid="1918" tsid="200" />
    <channel service_ref="1:0:25:0159:00c8:077e:0dc00000:0:0:0:" name="beIN SPORTS 8" service_name="beIN SPORTS 8" provider="beIN SPORTS" sid="345" onid="1918" tsid="200" />
    <channel service_ref="1:0:25:07d6:0064:077e:0dc00000:0:0:0:" name="beIN SPORTS MAX 2" service_name="beIN SPORTS MAX 2" provider="beIN SPORTS" sid="2006" onid="1918" tsid="100" />
    <channel service_ref="1:0:25:07d7:0064:077e:0dc00000:0:0:0:" name="beIN SPORTS MAX 2" service_name="beIN SPORTS MAX 2" provider="beIN" sid="2007" onid="1918" tsid="100" />
    <channel service_ref="1:0:25:07d5:0064:077e:0dc00000:0:0:0:" name="beIN SPORTS MAX 3" service_name="beIN SPORTS MAX 3" provider="beIN SPORTS" sid="2005" onid="1918" tsid="100" />
    <channel service_ref="1:0:25:015a:00c8:077e:0dc00000:0:0:0:" name="beIN SPORTS XTRA 3" service_name="beIN SPORTS XTRA 3" provider="beIN SPORTS" sid="346" onid="1918" tsid="200" />
    <channel service_ref="1:0:25:07d8:0064:077e:0dc00000:0:0:0:" name="beIN SPORTS XTRA 5" service_name="beIN SPORTS XTRA 5" provider="beIN" sid="2008" onid="1918" tsid="100" />
    <channel service_ref="1:0:25:07d9:0064:077e:0dc00000:0:0:0:" name="beIN SPORTS XTRA 7" service_name="beIN SPORTS XTRA 7" provider="beIN" sid="2009" onid="1918" tsid="100" />
    <channel service_ref="1:0:1:1c27:0048:0001:0dc00000:0:0:0:" name="Iraqia Sport HD" service_name="Iraqia Sport HD" provider="" sid="7207" onid="1" tsid="72" />
    <channel service_ref="1:0:25:01c3:7594:077e:0dc00000:0:0:0:" name="Kuwait Sport Plus" service_name="Kuwait Sport Plus" provider="MOI" sid="451" onid="1918" tsid="30100" />
    <channel service_ref="1:0:25:01c2:7594:077e:0dc00000:0:0:0:" name="Kuwait Sports" service_name="Kuwait Sports" provider="MOI" sid="450" onid="1918" tsid="30100" />
    <channel service_ref="1:0:1:1cf4:004a:0800:0dc00000:0:0:0:" name="Learning passport SD1" service_name="Learning passport SD1" provider="Nilesat" sid="7412" onid="2048" tsid="74" />
    <channel service_ref="1:0:1:1cf5:004a:0800:0dc00000:0:0:0:" name="Learning passport SD2" service_name="Learning passport SD2" provider="Nilesat" sid="7413" onid="2048" tsid="74" />
    <channel service_ref="1:0:25:0d66:0384:5000:0dc00000:0:0:0:" name="Palestine Sport" service_name="Palestine Sport" provider="Palsat" sid="3430" onid="20480" tsid="900" />
    <channel service_ref="1:0:25:0006:0208:02be:0dc00000:0:0:0:" name="Sharjah Sport HD" service_name="Sharjah Sport HD" provider="SBA" sid="6" onid="702" tsid="520" />
    <channel service_ref="1:0:1:0007:0208:02be:0dc00000:0:0:0:" name="Sharjah Sport SD" service_name="Sharjah Sport SD" provider="SBA" sid="7" onid="702" tsid="520" />
  </bouquet>
  <bouquet name="Kids" category="tv">
    <channel service_ref="1:0:22:1c9b:0049:0800:0dc00000:0:0:0:" name="Cartoon Network" service_name="Cartoon Network" provider="" sid="7323" onid="2048" tsid="73" />
    <channel service_ref="1:0:1:12f2:01f4:5000:0dc00000:0:0:0:" name="Kidsy TV" service_name="Kidsy TV" provider="Gulfsat" sid="4850" onid="20480" tsid="500" />
  </bouquet>
  <bouquet name="Music" category="tv">
    <channel service_ref="1:0:25:0a94:0001:002a:0dc00000:0:0:0:" name="Music Now" service_name="Music Now" provider="" sid="2708" onid="42" tsid="1" />
  </bouquet>
  <bouquet name="Documentary" category="tv">
    <channel service_ref="1:0:1:00c2:4ee8:077e:0dc00000:0:0:0:" name="Al Jazeera Documentary" service_name="Al Jazeera Documentary" provider="Al Jazeera" sid="194" onid="1918" tsid="20200" />
    <channel service_ref="1:0:25:01f8:eac4:077e:0dc00000:0:0:0:" name="Al Jazeera Documentary HD" service_name="Al Jazeera Documentary HD" provider="Al Jazeera" sid="504" onid="1918" tsid="60100" />
    <channel service_ref="1:0:25:0a9e:0001:002a:0dc00000:0:0:0:" name="Yemen Documentary" service_name="Yemen Documentary" provider="" sid="2718" onid="42" tsid="1" />
  </bouquet>
  <bouquet name="ARD/ZDF" category="tv">
    <channel service_ref="1:0:25:12ac:01f4:5000:0dc00000:0:0:0:" name="AL BAHRANY TV" service_name="AL BAHRANY TV" provider="Gulfsat" sid="4780" onid="20480" tsid="500" />
    <channel service_ref="1:0:1:1ceb:004a:0800:0dc00000:0:0:0:" name="ALASKANDRIA" service_name="ALASKANDRIA" provider="Nilesat" sid="7403" onid="2048" tsid="74" />
    <channel service_ref="1:0:25:12c0:01f4:5000:0dc00000:0:0:0:" name="Alnajaf Alashraf tv" service_name="Alnajaf Alashraf tv" provider="Gulfsat" sid="4800" onid="20480" tsid="500" />
    <channel service_ref="1:0:25:17ca:0190:5000:0dc00000:0:0:0:" name="Bahrain International HD" service_name="Bahrain International HD" provider="MY TV" sid="6090" onid="20480" tsid="400" />
    <channel service_ref="1:0:25:1d65:004b:0800:0dc00000:0:0:0:" name="Bahrain International HD" service_name="Bahrain International HD" provider="Gulfsat" sid="7525" onid="2048" tsid="75" />
    <channel service_ref="1:0:25:17c0:0190:5000:0dc00000:0:0:0:" name="Bahrain TV HD" service_name="Bahrain TV HD" provider="MY TV" sid="6080" onid="20480" tsid="400" />
    <channel service_ref="1:0:25:1d63:004b:0800:0dc00000:0:0:0:" name="Bahrain TV HD" service_name="Bahrain TV HD" provider="Gulfsat" sid="7523" onid="2048" tsid="75" />
  </bouquet>
  <bouquet name="TF1" category="tv">
    <channel service_ref="1:0:1:06c6:01f4:5000:0dc00000:0:0:0:" name="France 24 (in Arabic)" service_name="France 24 (in Arabic)" provider="Gulfsat" sid="1734" onid="20480" tsid="500" />
  </bouquet>
  <bouquet name="Switzerland" category="tv">
    <channel service_ref="1:0:1:1ced:004a:0800:0dc00000:0:0:0:" name="ALSA3EED" service_name="ALSA3EED" provider="Nilesat" sid="7405" onid="2048" tsid="74" />
  </bouquet>
  <bouquet name="Resolution - HD" category="tv">
    <channel service_ref="1:0:1:0ed8:0384:5000:0dc00000:0:0:0:" name="AL ARABY TV HD" service_name="AL ARABY TV HD" provider="Gulfsat" sid="3800" onid="20480" tsid="900" />
    <channel service_ref="1:0:25:1c94:0049:0800:0dc00000:0:0:0:" name="Al Forat HD" service_name="Al Forat HD" provider="Nilesat" sid="7316" onid="2048" tsid="73" />
    <channel service_ref="1:0:25:01f8:eac4:077e:0dc00000:0:0:0:" name="Al Jazeera Documentary HD" service_name="Al Jazeera Documentary HD" provider="Al Jazeera" sid="504" onid="1918" tsid="60100" />
    <channel service_ref="1:0:25:01f7:eac4:077e:0dc00000:0:0:0:" name="Al Jazeera English HD" service_name="Al Jazeera English HD" provider="Al Jazeera" sid="503" onid="1918" tsid="60100" />
    <channel service_ref="1:0:25:01f5:eac4:077e:0dc00000:0:0:0:" name="Al Jazeera HD" service_name="Al Jazeera HD" provider="Al Jazeera" sid="501" onid="1918" tsid="60100" />
    <channel service_ref="1:0:25:01f9:eac4:077e:0dc00000:0:0:0:" name="Al Jazeera Mubasher 2 HD" service_name="Al Jazeera Mubasher 2 HD" provider="Al Jazeera" sid="505" onid="1918" tsid="60100" />
    <channel service_ref="1:0:25:01f6:eac4:077e:0dc00000:0:0:0:" name="Al Jazeera Mubasher HD" service_name="Al Jazeera Mubasher HD" provider="Al Jazeera" sid="502" onid="1918" tsid="60100" />
    <channel service_ref="1:0:25:1c85:0049:0800:0dc00000:0:0:0:" name="Al Mawsleya HD" service_name="Al Mawsleya HD" provider="Nilesat" sid="7301" onid="2048" tsid="73" />
    <channel service_ref="1:0:25:01ff:eac4:077e:0dc00000:0:0:0:" name="Al Rayyan Al Qadeem HD" service_name="Al Rayyan Al Qadeem HD" provider="Al Jazeera" sid="511" onid="1918" tsid="60100" />
    <channel service_ref="1:0:25:01fe:eac4:077e:0dc00000:0:0:0:" name="Al Rayyan HD" service_name="Al Rayyan HD" provider="Al Jazeera" sid="510" onid="1918" tsid="60100" />
    <channel service_ref="1:0:25:0005:0208:02be:0dc00000:0:0:0:" name="Al Wousta from Al Dhaid HD" service_name="Al Wousta from Al Dhaid HD" provider="SBA" sid="5" onid="702" tsid="520" />
    <channel service_ref="1:0:25:173e:01f4:5000:0dc00000:0:0:0:" name="ALWAQIE TV HD" service_name="ALWAQIE TV HD" provider="Gulfsat" sid="5950" onid="20480" tsid="500" />
    <channel service_ref="1:0:25:18d8:0190:5000:0dc00000:0:0:0:" name="Awdeh HD" service_name="Awdeh HD" provider="MY TV" sid="6360" onid="20480" tsid="400" />
    <channel service_ref="1:0:25:17ca:0190:5000:0dc00000:0:0:0:" name="Bahrain International HD" service_name="Bahrain International HD" provider="MY TV" sid="6090" onid="20480" tsid="400" />
    <channel service_ref="1:0:25:1d65:004b:0800:0dc00000:0:0:0:" name="Bahrain International HD" service_name="Bahrain International HD" provider="Gulfsat" sid="7525" onid="2048" tsid="75" />
    <channel service_ref="1:0:25:17c0:0190:5000:0dc00000:0:0:0:" name="Bahrain TV HD" service_name="Bahrain TV HD" provider="MY TV" sid="6080" onid="20480" tsid="400" />
    <channel service_ref="1:0:25:1d63:004b:0800:0dc00000:0:0:0:" name="Bahrain TV HD" service_name="Bahrain TV HD" provider="Gulfsat" sid="7523" onid="2048" tsid="75" />
    <channel service_ref="1:0:1:0a98:0001:002a:0dc00000:0:0:0:" name="DW Arabia HD" service_name="DW Arabia HD" provider="Deutsche Welle" sid="2712" onid="42" tsid="1" />
    <channel service_ref="1:0:25:1c8c:0049:0800:0dc00000:0:0:0:" name="ELMEHWAR-HD" service_name="ELMEHWAR-HD" provider="Nilesat" sid="7308" onid="2048" tsid="73" />
    <channel service_ref="1:0:25:177a:0190:5000:0dc00000:0:0:0:" name="Gali Kurdistan HD" service_name="Gali Kurdistan HD" provider="MY TV" sid="6010" onid="20480" tsid="400" />
    <channel service_ref="1:0:1:1c29:0048:0001:0dc00000:0:0:0:" name="Iraqia Ent HD" service_name="Iraqia Ent HD" provider="" sid="7209" onid="1" tsid="72" />
    <channel service_ref="1:0:1:1c21:0048:0001:0dc00000:0:0:0:" name="Iraqia News HD" service_name="Iraqia News HD" provider="" sid="7201" onid="1" tsid="72" />
    <channel service_ref="1:0:1:1c27:0048:0001:0dc00000:0:0:0:" name="Iraqia Sport HD" service_name="Iraqia Sport HD" provider="" sid="7207" onid="1" tsid="72" />
    <channel service_ref="1:0:1:1c34:0048:0001:0dc00000:0:0:0:" name="Iraqia Syriac HD" service_name="Iraqia Syriac HD" provider="" sid="7220" onid="1" tsid="72" />
    <channel service_ref="1:0:25:06f8:0190:5000:0dc00000:0:0:0:" name="Kirkuk TV HD" service_name="Kirkuk TV HD" provider="MY TV" sid="1784" onid="20480" tsid="400" />
    <channel service_ref="1:0:25:001c:0008:ffff:0dc02b58:0:0:0:" name="Libya WTV HD" service_name="Libya WTV HD" provider="ViewMedia" sid="28" onid="65535" tsid="8" />
    <channel service_ref="1:0:25:05ca:0320:5000:0dc00000:0:0:0:" name="MarjaeyatTV 2 HD" service_name="MarjaeyatTV 2 HD" provider="MY TV" sid="1482" onid="20480" tsid="800" />
    <channel service_ref="1:0:25:18b0:0190:5000:0dc00000:0:0:0:" name="MUSAWA HD" service_name="MUSAWA HD" provider="MY TV" sid="6320" onid="20480" tsid="400" />
    <channel service_ref="1:0:25:18a6:0190:5000:0dc00000:0:0:0:" name="Palestine HD" service_name="Palestine HD" provider="MY TV" sid="6310" onid="20480" tsid="400" />
    <channel service_ref="1:0:25:18ba:0190:5000:0dc00000:0:0:0:" name="Palestine Live HD" service_name="Palestine Live HD" provider="MY TV" sid="6330" onid="20480" tsid="400" />
    <channel service_ref="1:0:25:18c4:0190:5000:0dc00000:0:0:0:" name="Palestine News HD" service_name="Palestine News HD" provider="MY TV" sid="6340" onid="20480" tsid="400" />
    <channel service_ref="1:0:25:0a91:0001:002a:0dc00000:0:0:0:" name="Series +2 HD" service_name="Series +2 HD" provider="" sid="2705" onid="42" tsid="1" />
    <channel service_ref="1:0:25:0a92:0001:002a:0dc00000:0:0:0:" name="Series Channel HD" service_name="Series Channel HD" provider="" sid="2706" onid="42" tsid="1" />
    <channel service_ref="1:0:25:0001:0208:02be:0dc00000:0:0:0:" name="Sharjah HD" service_name="Sharjah HD" provider="SBA" sid="1" onid="702" tsid="520" />
    <channel service_ref="1:0:25:0006:0208:02be:0dc00000:0:0:0:" name="Sharjah Sport HD" service_name="Sharjah Sport HD" provider="SBA" sid="6" onid="702" tsid="520" />
    <channel service_ref="1:0:25:0003:0208:02be:0dc00000:0:0:0:" name="Sharqiya from Kalba HD" service_name="Sharqiya from Kalba HD" provider="SBA" sid="3" onid="702" tsid="520" />
    <channel service_ref="1:0:25:187e:0190:5000:0dc00000:0:0:0:" name="TRT World HD" service_name="TRT World HD" provider="MY TV" sid="6270" onid="20480" tsid="400" />
    <channel service_ref="1:0:25:18e2:0190:5000:0dc00000:0:0:0:" name="Voice of Palestine HD" service_name="Voice of Palestine HD" provider="MY TV" sid="6370" onid="20480" tsid="400" />
    <channel service_ref="1:0:25:01f8:01f4:5000:0dc00000:0:0:0:" name="WAAR HD" service_name="WAAR HD" provider="Gulfsat" sid="504" onid="20480" tsid="500" />
    <channel service_ref="1:0:25:0007:0008:ffff:0dc02b58:0:0:0:" name="Yemen TV HD" service_name="Yemen TV HD" provider="ViewMedia" sid="7" onid="65535" tsid="8" />
  </bouquet>
  <bouquet name="Resolution - SD" category="tv">
    <channel service_ref="1:0:1:1cef:004a:0800:0dc00000:0:0:0:" name="AL Masryia SD" service_name="AL Masryia SD" provider="" sid="7407" onid="2048" tsid="74" />
    <channel service_ref="1:0:1:0002:0208:02be:0dc00000:0:0:0:" name="Sharjah SD" service_name="Sharjah SD" provider="SBA" sid="2" onid="702" tsid="520" />
    <channel service_ref="1:0:1:0007:0208:02be:0dc00000:0:0:0:" name="Sharjah Sport SD" service_name="Sharjah Sport SD" provider="SBA" sid="7" onid="702" tsid="520" />
  </bouquet>
  <bouquet name="Religion" category="tv">
    <channel service_ref="1:0:1:02a0:ffdc:0001:0dc00000:0:0:0:" name="CTV EGYPT" service_name="CTV EGYPT" provider="MENASAT" sid="672" onid="1" tsid="65500" />
  </bouquet>
  <bouquet name="International" category="tv">
    <channel service_ref="1:0:1:05a6:0320:5000:0dc00000:0:0:0:" name="AL ARABY TV" service_name="AL ARABY TV" provider="MY TV" sid="1446" onid="20480" tsid="800" />
    <channel service_ref="1:0:1:0ed8:0384:5000:0dc00000:0:0:0:" name="AL ARABY TV HD" service_name="AL ARABY TV HD" provider="Gulfsat" sid="3800" onid="20480" tsid="900" />
    <channel service_ref="1:0:25:1c95:0049:0800:0dc00000:0:0:0:" name="CNBC ARABIYA" service_name="CNBC ARABIYA" provider="Nilesat" sid="7317" onid="2048" tsid="73" />
    <channel service_ref="1:0:1:0a98:0001:002a:0dc00000:0:0:0:" name="DW Arabia HD" service_name="DW Arabia HD" provider="Deutsche Welle" sid="2712" onid="42" tsid="1" />
    <channel service_ref="1:0:25:02b2:0320:5000:0dc00000:0:0:0:" name="Hala Arabia" service_name="Hala Arabia" provider="MY TV" sid="690" onid="20480" tsid="800" />
    <channel service_ref="1:0:25:1d67:004b:0800:0dc00000:0:0:0:" name="Hala Arabia" service_name="Hala Arabia" provider="Gulfsat" sid="7527" onid="2048" tsid="75" />
    <channel service_ref="1:0:1:1c25:0048:0001:0dc00000:0:0:0:" name="Iraqia Turkuman" service_name="Iraqia Turkuman" provider="" sid="7205" onid="1" tsid="72" />
    <channel service_ref="1:0:1:0001:0008:ffff:0dc02b58:0:0:0:" name="Loveworld Arabic" service_name="Loveworld Arabic" provider="ViewMedia" sid="1" onid="65535" tsid="8" />
    <channel service_ref="1:0:1:0001:0d48:00eb:0dc00000:0:0:0:" name="MARQUEUR" service_name="MARQUEUR" provider="Globecast" sid="1" onid="235" tsid="3400" />
    <channel service_ref="1:0:1:0a95:0001:002a:0dc00000:0:0:0:" name="Tarabiyat Radio" service_name="Tarabiyat Radio" provider="Medialooks" sid="2709" onid="42" tsid="1" />
    <channel service_ref="1:0:25:187e:0190:5000:0dc00000:0:0:0:" name="TRT World HD" service_name="TRT World HD" provider="MY TV" sid="6270" onid="20480" tsid="400" />
  </bouquet>
  <bouquet name="Others" category="tv">
    <channel service_ref="1:0:25:14d2:0320:5000:0dc00000:0:0:0:" name="1 Baghdad" service_name="1 Baghdad" provider="MY TV" sid="5330" onid="20480" tsid="800" />
    <channel service_ref="1:0:25:0aa1:0001:002a:0dc00000:0:0:0:" name="Aden" service_name="Aden" provider="" sid="2721" onid="42" tsid="1" />
    <channel service_ref="1:0:25:1c86:0049:0800:0dc00000:0:0:0:" name="Al Basra" service_name="Al Basra" provider="Nilesat" sid="7302" onid="2048" tsid="73" />
    <channel service_ref="1:0:25:0aa0:0001:002a:0dc00000:0:0:0:" name="Al Eman" service_name="Al Eman" provider="" sid="2720" onid="42" tsid="1" />
    <channel service_ref="1:0:25:1c94:0049:0800:0dc00000:0:0:0:" name="Al Forat HD" service_name="Al Forat HD" provider="Nilesat" sid="7316" onid="2048" tsid="73" />
    <channel service_ref="1:0:25:05aa:0320:5000:0dc00000:0:0:0:" name="Al Hiwar TV" service_name="Al Hiwar TV" provider="MY TV" sid="1450" onid="20480" tsid="800" />
    <channel service_ref="1:0:1:12b6:01f4:5000:0dc00000:0:0:0:" name="Al Huriya Yamin TV" service_name="Al Huriya Yamin TV" provider="Gulfsat" sid="4790" onid="20480" tsid="500" />
    <channel service_ref="1:0:1:00bf:4ee8:077e:0dc00000:0:0:0:" name="Al Jazeera" service_name="Al Jazeera" provider="Al Jazeera" sid="191" onid="1918" tsid="20200" />
    <channel service_ref="1:0:1:00c1:4ee8:077e:0dc00000:0:0:0:" name="Al Jazeera English" service_name="Al Jazeera English" provider="Al Jazeera" sid="193" onid="1918" tsid="20200" />
    <channel service_ref="1:0:25:01f7:eac4:077e:0dc00000:0:0:0:" name="Al Jazeera English HD" service_name="Al Jazeera English HD" provider="Al Jazeera" sid="503" onid="1918" tsid="60100" />
    <channel service_ref="1:0:25:01f5:eac4:077e:0dc00000:0:0:0:" name="Al Jazeera HD" service_name="Al Jazeera HD" provider="Al Jazeera" sid="501" onid="1918" tsid="60100" />
    <channel service_ref="1:0:1:00c0:4ee8:077e:0dc00000:0:0:0:" name="Al Jazeera Mubasher" service_name="Al Jazeera Mubasher" provider="Al Jazeera" sid="192" onid="1918" tsid="20200" />
    <channel service_ref="1:0:1:00c3:4ee8:077e:0dc00000:0:0:0:" name="Al Jazeera Mubasher 2" service_name="Al Jazeera Mubasher 2" provider="Al Jazeera" sid="195" onid="1918" tsid="20200" />
    <channel service_ref="1:0:25:01f9:eac4:077e:0dc00000:0:0:0:" name="Al Jazeera Mubasher 2 HD" service_name="Al Jazeera Mubasher 2 HD" provider="Al Jazeera" sid="505" onid="1918" tsid="60100" />
    <channel service_ref="1:0:25:01f6:eac4:077e:0dc00000:0:0:0:" name="Al Jazeera Mubasher HD" service_name="Al Jazeera Mubasher HD" provider="Al Jazeera" sid="502" onid="1918" tsid="60100" />
    <channel service_ref="1:0:1:0f0a:0384:5000:0dc00000:0:0:0:" name="AL KERAZA TV" service_name="AL KERAZA TV" provider="Gulfsat" sid="3850" onid="20480" tsid="900" />
    <channel service_ref="1:0:25:137e:01f4:5000:0dc00000:0:0:0:" name="Al Kout TV" service_name="Al Kout TV" provider="Gulfsat" sid="4990" onid="20480" tsid="500" />
    <channel service_ref="1:0:1:06b8:01f4:5000:0dc00000:0:0:0:" name="AL MALAKOOT SATÃTHE KINGDOM SAT" service_name="AL MALAKOOT SATÃTHE KINGDOM SAT" provider="Gulfsat" sid="1720" onid="20480" tsid="500" />
    <channel service_ref="1:0:1:1cef:004a:0800:0dc00000:0:0:0:" name="AL Masryia SD" service_name="AL Masryia SD" provider="" sid="7407" onid="2048" tsid="74" />
    <channel service_ref="1:0:25:1c85:0049:0800:0dc00000:0:0:0:" name="Al Mawsleya HD" service_name="Al Mawsleya HD" provider="Nilesat" sid="7301" onid="2048" tsid="73" />
    <channel service_ref="1:0:1:0aa2:0001:002a:0dc00000:0:0:0:" name="Al Mayadeen" service_name="Al Mayadeen" provider="Medialooks" sid="2722" onid="42" tsid="1" />
    <channel service_ref="1:0:25:01ff:eac4:077e:0dc00000:0:0:0:" name="Al Rayyan Al Qadeem HD" service_name="Al Rayyan Al Qadeem HD" provider="Al Jazeera" sid="511" onid="1918" tsid="60100" />
    <channel service_ref="1:0:25:01fe:eac4:077e:0dc00000:0:0:0:" name="Al Rayyan HD" service_name="Al Rayyan HD" provider="Al Jazeera" sid="510" onid="1918" tsid="60100" />
    <channel service_ref="1:0:25:0a8e:0001:002a:0dc00000:0:0:0:" name="Al Safwa" service_name="Al Safwa" provider="" sid="2702" onid="42" tsid="1" />
    <channel service_ref="1:0:1:0004:0008:ffff:0dc02b58:0:0:0:" name="Al Sahat" service_name="Al Sahat" provider="ViewMedia" sid="4" onid="65535" tsid="8" />
    <channel service_ref="1:0:25:054c:01f4:5000:0dc00000:0:0:0:" name="Al shirazioun" service_name="Al shirazioun" provider="Gulfsat" sid="1356" onid="20480" tsid="500" />
    <channel service_ref="1:0:25:0005:0208:02be:0dc00000:0:0:0:" name="Al Wousta from Al Dhaid HD" service_name="Al Wousta from Al Dhaid HD" provider="SBA" sid="5" onid="702" tsid="520" />
    <channel service_ref="1:0:25:0a8d:0001:002a:0dc00000:0:0:0:" name="Al Yawm" service_name="Al Yawm" provider="" sid="2701" onid="42" tsid="1" />
    <channel service_ref="1:0:25:044e:7594:077e:0dc00000:0:0:0:" name="AL-AKHBAR" service_name="AL-AKHBAR" provider="MOI" sid="1102" onid="1918" tsid="30100" />
    <channel service_ref="1:0:1:154a:0320:5000:0dc00000:0:0:0:" name="Al-Aqila TV" service_name="Al-Aqila TV" provider="MY TV" sid="5450" onid="20480" tsid="800" />
    <channel service_ref="1:0:25:134c:01f4:5000:0dc00000:0:0:0:" name="Al-askari TV" service_name="Al-askari TV" provider="Gulfsat" sid="4940" onid="20480" tsid="500" />
    <channel service_ref="1:0:25:078c:01f4:5000:0dc00000:0:0:0:" name="Al-Awhad TV" service_name="Al-Awhad TV" provider="Gulfsat" sid="1932" onid="20480" tsid="500" />
    <channel service_ref="1:0:25:053a:01f4:5000:0dc00000:0:0:0:" name="Al-Jawad TV" service_name="Al-Jawad TV" provider="Gulfsat" sid="1338" onid="20480" tsid="500" />
    <channel service_ref="1:0:25:069e:0320:5000:0dc00000:0:0:0:" name="Al-Shaaer TV" service_name="Al-Shaaer TV" provider="MY TV" sid="1694" onid="20480" tsid="800" />
    <channel service_ref="1:0:25:068c:0320:5000:0dc00000:0:0:0:" name="Alanwar TV" service_name="Alanwar TV" provider="MY TV" sid="1676" onid="20480" tsid="800" />
    <channel service_ref="1:0:1:1cf6:004a:0800:0dc00000:0:0:0:" name="ALASSEMA" service_name="ALASSEMA" provider="" sid="7414" onid="2048" tsid="74" />
    <channel service_ref="1:0:25:05d8:0320:5000:0dc00000:0:0:0:" name="Alawla Iraq TV" service_name="Alawla Iraq TV" provider="MY TV" sid="1496" onid="20480" tsid="800" />
    <channel service_ref="1:0:25:169e:0320:5000:0dc00000:0:0:0:" name="Albaghdadiya" service_name="Albaghdadiya" provider="MY TV" sid="5790" onid="20480" tsid="800" />
    <channel service_ref="1:0:25:053e:01f4:5000:0dc00000:0:0:0:" name="ALBASRA 1 TV" service_name="ALBASRA 1 TV" provider="Gulfsat" sid="1342" onid="20480" tsid="500" />
    <channel service_ref="1:0:1:1cec:004a:0800:0dc00000:0:0:0:" name="ALDELTA" service_name="ALDELTA" provider="Libya Alaan" sid="7404" onid="2048" tsid="74" />
    <channel service_ref="1:0:1:0a96:0001:002a:0dc00000:0:0:0:" name="Alfa Khalijiyat Radio" service_name="Alfa Khalijiyat Radio" provider="Medialooks" sid="2710" onid="42" tsid="1" />
    <channel service_ref="1:0:1:0006:0008:ffff:0dc02b58:0:0:0:" name="ALHAWYAH TV" service_name="ALHAWYAH TV" provider="ViewMedia" sid="6" onid="65535" tsid="8" />
    <channel service_ref="1:0:22:178e:0190:5000:0dc00000:0:0:0:" name="Ali Gate TV" service_name="Ali Gate TV" provider="MY TV" sid="6030" onid="20480" tsid="400" />
    <channel service_ref="1:0:1:1ce9:004a:0800:0dc00000:0:0:0:" name="ALKAHERA" service_name="ALKAHERA" provider="Nilesat" sid="7401" onid="2048" tsid="74" />
    <channel service_ref="1:0:1:1cea:004a:0800:0dc00000:0:0:0:" name="ALKANAL" service_name="ALKANAL" provider="Nilesat" sid="7402" onid="2048" tsid="74" />
    <channel service_ref="1:0:25:146e:0320:5000:0dc00000:0:0:0:" name="ALKARBALAEIA TV" service_name="ALKARBALAEIA TV" provider="MY TV" sid="5230" onid="20480" tsid="800" />
    <channel service_ref="1:0:1:0002:0008:ffff:0dc02b58:0:0:0:" name="Alkarma ME 1" service_name="Alkarma ME 1" provider="ViewMedia" sid="2" onid="65535" tsid="8" />
    <channel service_ref="1:0:1:000f:0008:ffff:0dc02b58:0:0:0:" name="ALLAHDAH TV" service_name="ALLAHDAH TV" provider="ViewMedia" sid="15" onid="65535" tsid="8" />
    <channel service_ref="1:0:25:182e:0190:5000:0dc00000:0:0:0:" name="ALLIBIYA TV" service_name="ALLIBIYA TV" provider="MY TV" sid="6190" onid="20480" tsid="400" />
    <channel service_ref="1:0:1:000a:0008:ffff:0dc02b58:0:0:0:" name="Almasirah Mubashar" service_name="Almasirah Mubashar" provider="ViewMedia" sid="10" onid="65535" tsid="8" />
    <channel service_ref="1:0:1:000e:0008:ffff:0dc02b58:0:0:0:" name="ALMASIRAH TV" service_name="ALMASIRAH TV" provider="ViewMedia" sid="14" onid="65535" tsid="8" />
    <channel service_ref="1:0:22:0ee2:0384:5000:0dc00000:0:0:0:" name="Almawlid Alnabawi" service_name="Almawlid Alnabawi" provider="Gulfsat" sid="3810" onid="20480" tsid="900" />
    <channel service_ref="1:0:1:029c:ffdc:0001:0dc00000:0:0:0:" name="AlQanat 9" service_name="AlQanat 9" provider="MENASAT" sid="668" onid="1" tsid="65500" />
    <channel service_ref="1:0:25:064a:ffdc:0001:0dc00000:0:0:0:" name="AlShaoub TV" service_name="AlShaoub TV" provider="MENASAT" sid="1610" onid="1" tsid="65500" />
    <channel service_ref="1:0:25:05b8:0320:5000:0dc00000:0:0:0:" name="ALSHOOR TV" service_name="ALSHOOR TV" provider="MY TV" sid="1464" onid="20480" tsid="800" />
    <channel service_ref="1:0:25:173e:01f4:5000:0dc00000:0:0:0:" name="ALWAQIE TV HD" service_name="ALWAQIE TV HD" provider="Gulfsat" sid="5950" onid="20480" tsid="500" />
    <channel service_ref="1:0:25:05c8:ffdc:0001:0dc00000:0:0:0:" name="Alyaum TV" service_name="Alyaum TV" provider="MENASAT" sid="1480" onid="1" tsid="65500" />
    <channel service_ref="1:0:1:0118:ffdc:0001:0dc00000:0:0:0:" name="Anewz" service_name="Anewz" provider="IKOMG" sid="280" onid="1" tsid="65500" />
    <channel service_ref="1:0:22:17d4:0190:5000:0dc00000:0:0:0:" name="ARC" service_name="ARC" provider="MY TV" sid="6100" onid="20480" tsid="400" />
    <channel service_ref="1:0:1:127a:01f4:5000:0dc00000:0:0:0:" name="Asil TV" service_name="Asil TV" provider="Gulfsat" sid="4730" onid="20480" tsid="500" />
    <channel service_ref="1:0:1:0d2a:0384:5000:0dc00000:0:0:0:" name="Awdeh" service_name="Awdeh" provider="PALSAT" sid="3370" onid="20480" tsid="900" />
    <channel service_ref="1:0:25:18d8:0190:5000:0dc00000:0:0:0:" name="Awdeh HD" service_name="Awdeh HD" provider="MY TV" sid="6360" onid="20480" tsid="400" />
    <channel service_ref="1:0:22:17e8:0190:5000:0dc00000:0:0:0:" name="Baghdad TV" service_name="Baghdad TV" provider="MY TV" sid="6120" onid="20480" tsid="400" />
    <channel service_ref="1:0:1:1c89:0049:0800:0dc00000:0:0:0:" name="BIN OTHAIMEEN" service_name="BIN OTHAIMEEN" provider="Nilesat" sid="7305" onid="2048" tsid="73" />
    <channel service_ref="1:0:22:1c98:0049:0800:0dc00000:0:0:0:" name="CNN" service_name="CNN" provider="Nilesat" sid="7320" onid="2048" tsid="73" />
    <channel service_ref="1:0:25:1cf0:004a:0800:0dc00000:0:0:0:" name="Diwan" service_name="Diwan" provider="" sid="7408" onid="2048" tsid="74" />
    <channel service_ref="1:0:1:0278:0320:5000:0dc00000:0:0:0:" name="Dream Al Wan" service_name="Dream Al Wan" provider="MY TV" sid="632" onid="20480" tsid="800" />
    <channel service_ref="1:0:1:148c:0320:5000:0dc00000:0:0:0:" name="Dream Al Youm" service_name="Dream Al Youm" provider="MY TV" sid="5260" onid="20480" tsid="800" />
    <channel service_ref="1:0:1:157c:0320:5000:0dc00000:0:0:0:" name="Dream Monawaet" service_name="Dream Monawaet" provider="MY TV" sid="5500" onid="20480" tsid="800" />
    <channel service_ref="1:0:1:1cf2:004a:0800:0dc00000:0:0:0:" name="EDUC 1" service_name="EDUC 1" provider="" sid="7410" onid="2048" tsid="74" />
    <channel service_ref="1:0:1:00fe:ffdc:0001:0dc00000:0:0:0:" name="El Sharq TV" service_name="El Sharq TV" provider="MENASAT" sid="254" onid="1" tsid="65500" />
    <channel service_ref="1:0:25:1c8c:0049:0800:0dc00000:0:0:0:" name="ELMEHWAR-HD" service_name="ELMEHWAR-HD" provider="Nilesat" sid="7308" onid="2048" tsid="73" />
    <channel service_ref="1:0:1:027c:ffdc:0001:0dc00000:0:0:0:" name="ERISAT" service_name="ERISAT" provider="MENASAT" sid="636" onid="1" tsid="65500" />
    <channel service_ref="1:0:1:1c8a:0049:0800:0dc00000:0:0:0:" name="Eriteria TV" service_name="Eriteria TV" provider="Nilesat" sid="7306" onid="2048" tsid="73" />
    <channel service_ref="1:0:22:186a:0190:5000:0dc00000:0:0:0:" name="ESAN TV" service_name="ESAN TV" provider="MY TV" sid="6250" onid="20480" tsid="400" />
    <channel service_ref="1:0:1:0aef:0001:002a:0dc00000:0:0:0:" name="Eutelsat Data 1" service_name="Eutelsat Data 1" provider="Eutelsat" sid="2799" onid="42" tsid="1" />
    <channel service_ref="1:0:1:065e:0320:5000:0dc00000:0:0:0:" name="Falastini.tv" service_name="Falastini.tv" provider="MY TV" sid="1630" onid="20480" tsid="800" />
    <channel service_ref="1:0:25:0a93:0001:002a:0dc00000:0:0:0:" name="Fann" service_name="Fann" provider="" sid="2707" onid="42" tsid="1" />
    <channel service_ref="1:0:1:14c8:0320:5000:0dc00000:0:0:0:" name="G+" service_name="G+" provider="MY TV" sid="5320" onid="20480" tsid="800" />
    <channel service_ref="1:0:25:177a:0190:5000:0dc00000:0:0:0:" name="Gali Kurdistan HD" service_name="Gali Kurdistan HD" provider="MY TV" sid="6010" onid="20480" tsid="400" />
    <channel service_ref="1:0:1:0008:0008:ffff:0dc02b58:0:0:0:" name="GFN Soccer" service_name="GFN Soccer" provider="ViewMedia" sid="8" onid="65535" tsid="8" />
    <channel service_ref="1:0:22:0f32:0384:5000:0dc00000:0:0:0:" name="Gulfsat" service_name="Gulfsat" provider="Gulfsat" sid="3890" onid="20480" tsid="900" />
    <channel service_ref="1:0:1:02f8:0190:5000:0dc00000:0:0:0:" name="Huda TV" service_name="Huda TV" provider="MY TV" sid="760" onid="20480" tsid="400" />
    <channel service_ref="1:0:1:0011:0008:ffff:0dc02b58:0:0:0:" name="Iraq Future" service_name="Iraq Future" provider="ViewMedia" sid="17" onid="65535" tsid="8" />
    <channel service_ref="1:0:1:1c3b:0048:0001:0dc00000:0:0:0:" name="Iraqi interior radio" service_name="Iraqi interior radio" provider="" sid="7227" onid="1" tsid="72" />
    <channel service_ref="1:0:1:1c29:0048:0001:0dc00000:0:0:0:" name="Iraqia Ent HD" service_name="Iraqia Ent HD" provider="" sid="7209" onid="1" tsid="72" />
    <channel service_ref="1:0:1:1c26:0048:0001:0dc00000:0:0:0:" name="Iraqia Kurd" service_name="Iraqia Kurd" provider="" sid="7206" onid="1" tsid="72" />
    <channel service_ref="1:0:1:1c34:0048:0001:0dc00000:0:0:0:" name="Iraqia Syriac HD" service_name="Iraqia Syriac HD" provider="" sid="7220" onid="1" tsid="72" />
    <channel service_ref="1:0:25:1c99:0049:0800:0dc00000:0:0:0:" name="ISC" service_name="ISC" provider="Nilesat" sid="7321" onid="2048" tsid="73" />
    <channel service_ref="1:0:1:1c91:0049:0800:0dc00000:0:0:0:" name="Kaifa" service_name="Kaifa" provider="Nilesat" sid="7313" onid="2048" tsid="73" />
    <channel service_ref="1:0:25:06f8:0190:5000:0dc00000:0:0:0:" name="Kirkuk TV HD" service_name="Kirkuk TV HD" provider="MY TV" sid="1784" onid="20480" tsid="400" />
    <channel service_ref="1:0:25:044d:7594:077e:0dc00000:0:0:0:" name="Kuwait TV 1" service_name="Kuwait TV 1" provider="MOI" sid="1101" onid="1918" tsid="30100" />
    <channel service_ref="1:0:25:044f:7594:077e:0dc00000:0:0:0:" name="Kuwait TV 2" service_name="Kuwait TV 2" provider="MOI" sid="1103" onid="1918" tsid="30100" />
    <channel service_ref="1:0:22:189c:0190:5000:0dc00000:0:0:0:" name="Libya Al Maydan TV" service_name="Libya Al Maydan TV" provider="MY TV" sid="6300" onid="20480" tsid="400" />
    <channel service_ref="1:0:25:1c88:0049:0800:0dc00000:0:0:0:" name="LIBYA ALMOKHTAR" service_name="LIBYA ALMOKHTAR" provider="Nilesat" sid="7304" onid="2048" tsid="73" />
    <channel service_ref="1:0:25:1c87:0049:0800:0dc00000:0:0:0:" name="Libya Almustaqbal" service_name="Libya Almustaqbal" provider="Nilesat" sid="7303" onid="2048" tsid="73" />
    <channel service_ref="1:0:25:02dc:0190:5000:0dc00000:0:0:0:" name="Libya Government TV" service_name="Libya Government TV" provider="MY TV" sid="732" onid="20480" tsid="400" />
    <channel service_ref="1:0:22:1c8f:0049:0800:0dc00000:0:0:0:" name="LIBYA IFTA TV" service_name="LIBYA IFTA TV" provider="Nilesat" sid="7311" onid="2048" tsid="73" />
    <channel service_ref="1:0:25:001c:0008:ffff:0dc02b58:0:0:0:" name="Libya WTV HD" service_name="Libya WTV HD" provider="ViewMedia" sid="28" onid="65535" tsid="8" />
    <channel service_ref="1:0:1:000b:0008:ffff:0dc02b58:0:0:0:" name="Logos TV" service_name="Logos TV" provider="ViewMedia" sid="11" onid="65535" tsid="8" />
    <channel service_ref="1:0:1:0cf8:0384:5000:0dc00000:0:0:0:" name="Maan TV" service_name="Maan TV" provider="Palsat" sid="3320" onid="20480" tsid="900" />
    <channel service_ref="1:0:1:1cf1:004a:0800:0dc00000:0:0:0:" name="Madrastna 2" service_name="Madrastna 2" provider="" sid="7409" onid="2048" tsid="74" />
    <channel service_ref="1:0:1:0005:0008:ffff:0dc02b58:0:0:0:" name="Mahdi has appeared TV" service_name="Mahdi has appeared TV" provider="ViewMedia" sid="5" onid="65535" tsid="8" />
    <channel service_ref="1:0:25:05ca:0320:5000:0dc00000:0:0:0:" name="MarjaeyatTV 2 HD" service_name="MarjaeyatTV 2 HD" provider="MY TV" sid="1482" onid="20480" tsid="800" />
    <channel service_ref="1:0:1:056c:01f4:5000:0dc00000:0:0:0:" name="MASSAYA TV" service_name="MASSAYA TV" provider="Gulfsat" sid="1388" onid="20480" tsid="500" />
    <channel service_ref="1:0:1:05aa:ffdc:0001:0dc00000:0:0:0:" name="Mekameleen TV" service_name="Mekameleen TV" provider="MENASAT" sid="1450" onid="1" tsid="65500" />
    <channel service_ref="1:0:22:1c92:0049:0800:0dc00000:0:0:0:" name="Misk Syria" service_name="Misk Syria" provider="Nilesat" sid="7314" onid="2048" tsid="73" />
    <channel service_ref="1:0:1:000c:0008:ffff:0dc02b58:0:0:0:" name="Misr ElBald" service_name="Misr ElBald" provider="ViewMedia" sid="12" onid="65535" tsid="8" />
    <channel service_ref="1:0:1:0f1e:0384:5000:0dc00000:0:0:0:" name="Moga Comedy TV" service_name="Moga Comedy TV" provider="Gulfsat" sid="3870" onid="20480" tsid="900" />
    <channel service_ref="1:0:1:0f28:0384:5000:0dc00000:0:0:0:" name="Moga Today" service_name="Moga Today" provider="Gulfsat" sid="3880" onid="20480" tsid="900" />
    <channel service_ref="1:0:1:0a97:0001:002a:0dc00000:0:0:0:" name="Mounawat Radio" service_name="Mounawat Radio" provider="Medialooks" sid="2711" onid="42" tsid="1" />
    <channel service_ref="1:0:1:0ba4:0384:5000:0dc00000:0:0:0:" name="MUSAWA" service_name="MUSAWA" provider="Palsat" sid="2980" onid="20480" tsid="900" />
    <channel service_ref="1:0:25:18b0:0190:5000:0dc00000:0:0:0:" name="MUSAWA HD" service_name="MUSAWA HD" provider="MY TV" sid="6320" onid="20480" tsid="400" />
    <channel service_ref="1:0:22:17b6:0190:5000:0dc00000:0:0:0:" name="NEW LIBYA" service_name="NEW LIBYA" provider="MY TV" sid="6070" onid="20480" tsid="400" />
    <channel service_ref="1:0:25:1c96:0049:0800:0dc00000:0:0:0:" name="Nilesat Feed" service_name="Nilesat Feed" provider="Nilesat" sid="7318" onid="2048" tsid="73" />
    <channel service_ref="1:0:25:1d4f:004b:0800:0dc00000:0:0:0:" name="Nilesat PROMO" service_name="Nilesat PROMO" provider="Gulfsat" sid="7503" onid="2048" tsid="75" />
    <channel service_ref="1:0:1:002c:0008:ffff:0dc02b58:0:0:0:" name="Nour Al Sharq" service_name="Nour Al Sharq" provider="ViewMedia" sid="44" onid="65535" tsid="8" />
    <channel service_ref="1:0:1:002d:0008:ffff:0dc02b58:0:0:0:" name="Nour Koddass" service_name="Nour Koddass" provider="ViewMedia" sid="45" onid="65535" tsid="8" />
    <channel service_ref="1:0:1:001a:0008:ffff:0dc02b58:0:0:0:" name="Nour Mariam" service_name="Nour Mariam" provider="ViewMedia" sid="26" onid="65535" tsid="8" />
    <channel service_ref="1:0:1:0d16:0384:5000:0dc00000:0:0:0:" name="Palestine" service_name="Palestine" provider="Palsat" sid="3350" onid="20480" tsid="900" />
    <channel service_ref="1:0:1:132e:01f4:5000:0dc00000:0:0:0:" name="Palestine" service_name="Palestine" provider="Gulfsat" sid="4910" onid="20480" tsid="500" />
    <channel service_ref="1:0:25:18ce:0190:5000:0dc00000:0:0:0:" name="Palestine EDU" service_name="Palestine EDU" provider="MY TV" sid="6350" onid="20480" tsid="400" />
    <channel service_ref="1:0:25:18a6:0190:5000:0dc00000:0:0:0:" name="Palestine HD" service_name="Palestine HD" provider="MY TV" sid="6310" onid="20480" tsid="400" />
    <channel service_ref="1:0:1:0d02:0384:5000:0dc00000:0:0:0:" name="Palestine Live" service_name="Palestine Live" provider="Palsat" sid="3330" onid="20480" tsid="900" />
    <channel service_ref="1:0:25:18ba:0190:5000:0dc00000:0:0:0:" name="Palestine Live HD" service_name="Palestine Live HD" provider="MY TV" sid="6330" onid="20480" tsid="400" />
    <channel service_ref="1:0:1:0f3c:0384:5000:0dc00000:0:0:0:" name="PLAY AFLAM" service_name="PLAY AFLAM" provider="Gulfsat" sid="3900" onid="20480" tsid="900" />
    <channel service_ref="1:0:1:0f5a:0384:5000:0dc00000:0:0:0:" name="PLAY HEKAYAT" service_name="PLAY HEKAYAT" provider="Gulfsat" sid="3930" onid="20480" tsid="900" />
    <channel service_ref="1:0:1:0f64:0384:5000:0dc00000:0:0:0:" name="PLAY TODAY" service_name="PLAY TODAY" provider="Gulfsat" sid="3940" onid="20480" tsid="900" />
    <channel service_ref="1:0:1:1c2b:0048:0001:0dc00000:0:0:0:" name="Radio AI-Forqan" service_name="Radio AI-Forqan" provider="" sid="7211" onid="1" tsid="72" />
    <channel service_ref="1:0:1:1c2a:0048:0001:0dc00000:0:0:0:" name="Radio AL-Iraqia" service_name="Radio AL-Iraqia" provider="" sid="7210" onid="1" tsid="72" />
    <channel service_ref="1:0:1:1c2c:0048:0001:0dc00000:0:0:0:" name="Radio Baghdad" service_name="Radio Baghdad" provider="" sid="7212" onid="1" tsid="72" />
    <channel service_ref="1:0:1:067c:ffdc:0001:0dc00000:0:0:0:" name="RUDAW" service_name="RUDAW" provider="MENASAT" sid="1660" onid="1" tsid="65500" />
    <channel service_ref="1:0:25:14aa:0320:5000:0dc00000:0:0:0:" name="SALAM" service_name="SALAM" provider="MY TV" sid="5290" onid="20480" tsid="800" />
    <channel service_ref="1:0:1:0003:0008:ffff:0dc02b58:0:0:0:" name="SALVATION TV MENA" service_name="SALVATION TV MENA" provider="ViewMedia" sid="3" onid="65535" tsid="8" />
    <channel service_ref="1:0:25:052c:01f4:5000:0dc00000:0:0:0:" name="Saout alaqila" service_name="Saout alaqila" provider="Gulfsat" sid="1324" onid="20480" tsid="500" />
    <channel service_ref="1:0:25:0a9c:0001:002a:0dc00000:0:0:0:" name="SAT.TV" service_name="SAT.TV" provider="" sid="2716" onid="42" tsid="1" />
    <channel service_ref="1:0:25:0001:0208:02be:0dc00000:0:0:0:" name="Sharjah HD" service_name="Sharjah HD" provider="SBA" sid="1" onid="702" tsid="520" />
    <channel service_ref="1:0:25:0008:0208:02be:0dc00000:0:0:0:" name="Sharjah Quran TV" service_name="Sharjah Quran TV" provider="SBA" sid="8" onid="702" tsid="520" />
    <channel service_ref="1:0:1:0002:0208:02be:0dc00000:0:0:0:" name="Sharjah SD" service_name="Sharjah SD" provider="SBA" sid="2" onid="702" tsid="520" />
    <channel service_ref="1:0:25:1c8b:0049:0800:0dc00000:0:0:0:" name="Sharm TV" service_name="Sharm TV" provider="Nilesat" sid="7307" onid="2048" tsid="73" />
    <channel service_ref="1:0:25:0003:0208:02be:0dc00000:0:0:0:" name="Sharqiya from Kalba HD" service_name="Sharqiya from Kalba HD" provider="SBA" sid="3" onid="702" tsid="520" />
    <channel service_ref="1:0:25:0a9f:0001:002a:0dc00000:0:0:0:" name="Sheba" service_name="Sheba" provider="" sid="2719" onid="42" tsid="1" />
    <channel service_ref="1:0:1:1cf3:004a:0800:0dc00000:0:0:0:" name="Sudan Basic Edu" service_name="Sudan Basic Edu" provider="" sid="7411" onid="2048" tsid="74" />
    <channel service_ref="1:0:1:145a:0320:5000:0dc00000:0:0:0:" name="Syria TV" service_name="Syria TV" provider="MY TV" sid="5210" onid="20480" tsid="800" />
    <channel service_ref="1:0:22:1c90:0049:0800:0dc00000:0:0:0:" name="TANASUH EDUCATION TV" service_name="TANASUH EDUCATION TV" provider="Nilesat" sid="7312" onid="2048" tsid="73" />
    <channel service_ref="1:0:22:1c8d:0049:0800:0dc00000:0:0:0:" name="TANASUH TV" service_name="TANASUH TV" provider="Nilesat" sid="7309" onid="2048" tsid="73" />
    <channel service_ref="1:0:1:1cee:004a:0800:0dc00000:0:0:0:" name="TEBA" service_name="TEBA" provider="" sid="7406" onid="2048" tsid="74" />
    <channel service_ref="1:0:1:00c4:4ee8:077e:0dc00000:0:0:0:" name="TEST" service_name="TEST" provider="Al Jazeera" sid="196" onid="1918" tsid="20200" />
    <channel service_ref="1:0:25:06d4:01f4:5000:0dc00000:0:0:0:" name="Test" service_name="Test" provider="Gulfsat" sid="1748" onid="20480" tsid="500" />
    <channel service_ref="1:0:1:1c93:0049:0800:0dc00000:0:0:0:" name="Test" service_name="Test" provider="Nilesat" sid="7315" onid="2048" tsid="73" />
    <channel service_ref="1:0:25:1c97:0049:0800:0dc00000:0:0:0:" name="Test" service_name="Test" provider="Nilesat" sid="7319" onid="2048" tsid="73" />
    <channel service_ref="1:0:1:1c9a:0049:0800:0dc00000:0:0:0:" name="Test" service_name="Test" provider="Nilesat" sid="7322" onid="2048" tsid="73" />
    <channel service_ref="1:0:25:1cf7:004a:0800:0dc00000:0:0:0:" name="Test" service_name="Test" provider="Nilesat" sid="7415" onid="2048" tsid="74" />
    <channel service_ref="1:0:1:128e:01f4:5000:0dc00000:0:0:0:" name="UTV Iraq" service_name="UTV Iraq" provider="Gulfsat" sid="4750" onid="20480" tsid="500" />
    <channel service_ref="1:0:25:18e2:0190:5000:0dc00000:0:0:0:" name="Voice of Palestine HD" service_name="Voice of Palestine HD" provider="MY TV" sid="6370" onid="20480" tsid="400" />
    <channel service_ref="1:0:25:01f8:01f4:5000:0dc00000:0:0:0:" name="WAAR HD" service_name="WAAR HD" provider="Gulfsat" sid="504" onid="20480" tsid="500" />
    <channel service_ref="1:0:1:025c:ffdc:0001:0dc00000:0:0:0:" name="WATAN TV" service_name="WATAN TV" provider="MENASAT" sid="604" onid="1" tsid="65500" />
    <channel service_ref="1:0:1:05b4:ffdc:0001:0dc00000:0:0:0:" name="Yemen Education" service_name="Yemen Education" provider="MENASAT" sid="1460" onid="1" tsid="65500" />
    <channel service_ref="1:0:1:05dc:ffdc:0001:0dc00000:0:0:0:" name="Yemen Today TV" service_name="Yemen Today TV" provider="MENASAT" sid="1500" onid="1" tsid="65500" />
    <channel service_ref="1:0:25:0007:0008:ffff:0dc02b58:0:0:0:" name="Yemen TV HD" service_name="Yemen TV HD" provider="ViewMedia" sid="7" onid="65535" tsid="8" />
  </bouquet>
  <bouquet name="Radio" category="radio">
    <channel service_ref="1:0:2:1ca8:0049:0800:0dc00000:0:0:0:" name="Al Basra" service_name="Al Basra" provider="Nilesat" sid="7336" onid="2048" tsid="73" />
    <channel service_ref="1:0:2:1f54:01f4:5000:0dc00000:0:0:0:" name="al kafeel" service_name="al kafeel" provider="Gulfsat" sid="8020" onid="20480" tsid="500" />
    <channel service_ref="1:0:10:138e:0384:5000:0dc00000:0:0:0:" name="Athan Tulkarem" service_name="Athan Tulkarem" provider="Palsat" sid="5006" onid="20480" tsid="900" />
    <channel service_ref="1:0:2:00c0:01bc:0001:0dc00000:0:0:0:" name="Bel RTL" service_name="Bel RTL" provider="Radio Contact" sid="192" onid="1" tsid="444" />
    <channel service_ref="1:0:2:0a99:0001:002a:0dc00000:0:0:0:" name="DW-A2" service_name="DW-A2" provider="Deutsche Welle" sid="2713" onid="42" tsid="1" />
    <channel service_ref="1:0:2:0a9a:0001:002a:0dc00000:0:0:0:" name="DW05" service_name="DW05" provider="Deutsche Welle" sid="2714" onid="42" tsid="1" />
    <channel service_ref="1:0:2:1ca3:0049:0800:0dc00000:0:0:0:" name="ERI Radio 2" service_name="ERI Radio 2" provider="Nilesat" sid="7331" onid="2048" tsid="73" />
    <channel service_ref="1:0:2:1ca4:0049:0800:0dc00000:0:0:0:" name="ERI Radio 3" service_name="ERI Radio 3" provider="Nilesat" sid="7332" onid="2048" tsid="73" />
    <channel service_ref="1:0:2:1ca5:0049:0800:0dc00000:0:0:0:" name="ERI Radio 4" service_name="ERI Radio 4" provider="Nilesat" sid="7333" onid="2048" tsid="73" />
    <channel service_ref="1:0:2:1ca2:0049:0800:0dc00000:0:0:0:" name="ERI Radio1" service_name="ERI Radio1" provider="Nilesat" sid="7330" onid="2048" tsid="73" />
    <channel service_ref="1:0:2:000e:7594:077e:0dc00000:0:0:0:" name="Kuwait Al-Thikr Al-Hakeem" service_name="Kuwait Al-Thikr Al-Hakeem" provider="Kuwait Radio" sid="14" onid="1918" tsid="30100" />
    <channel service_ref="1:0:2:000d:7594:077e:0dc00000:0:0:0:" name="Kuwait Dana" service_name="Kuwait Dana" provider="Kuwait Radio" sid="13" onid="1918" tsid="30100" />
    <channel service_ref="1:0:2:000c:7594:077e:0dc00000:0:0:0:" name="Kuwait Dar Al-Ethaa" service_name="Kuwait Dar Al-Ethaa" provider="Kuwait Radio" sid="12" onid="1918" tsid="30100" />
    <channel service_ref="1:0:2:000f:7594:077e:0dc00000:0:0:0:" name="Kuwait FM" service_name="Kuwait FM" provider="Kuwait Radio" sid="15" onid="1918" tsid="30100" />
    <channel service_ref="1:0:2:000b:7594:077e:0dc00000:0:0:0:" name="Kuwait Old Arabic" service_name="Kuwait Old Arabic" provider="Kuwait Radio" sid="11" onid="1918" tsid="30100" />
    <channel service_ref="1:0:2:000a:7594:077e:0dc00000:0:0:0:" name="Kuwait Super Station" service_name="Kuwait Super Station" provider="Kuwait Radio" sid="10" onid="1918" tsid="30100" />
    <channel service_ref="1:0:2:1ca7:0049:0800:0dc00000:0:0:0:" name="LIBYA IFTA RADIO" service_name="LIBYA IFTA RADIO" provider="Nilesat" sid="7335" onid="2048" tsid="73" />
    <channel service_ref="1:0:2:00bf:01bc:0001:0dc00000:0:0:0:" name="MAXIMUM" service_name="MAXIMUM" provider="Radio Contact" sid="191" onid="1" tsid="444" />
    <channel service_ref="1:0:2:172a:01f4:5000:0dc00000:0:0:0:" name="MCD Radio" service_name="MCD Radio" provider="Gulfsat" sid="5930" onid="20480" tsid="500" />
    <channel service_ref="1:0:10:138d:0384:5000:0dc00000:0:0:0:" name="Nablus Radio" service_name="Nablus Radio" provider="Palsat" sid="5005" onid="20480" tsid="900" />
    <channel service_ref="1:0:10:138c:0384:5000:0dc00000:0:0:0:" name="Pal Quraan 2" service_name="Pal Quraan 2" provider="Palsat" sid="5004" onid="20480" tsid="900" />
    <channel service_ref="1:0:10:138b:0384:5000:0dc00000:0:0:0:" name="Palestine Quraan" service_name="Palestine Quraan" provider="Palsat" sid="5003" onid="20480" tsid="900" />
    <channel service_ref="1:0:10:000b:0208:02be:0dc00000:0:0:0:" name="Pulse95 SHJ" service_name="Pulse95 SHJ" provider="SBA" sid="11" onid="702" tsid="520" />
    <channel service_ref="1:0:2:065e:ffdc:0001:0dc00000:0:0:0:" name="Radio 21 September" service_name="Radio 21 September" provider="MENASAT" sid="1630" onid="1" tsid="65500" />
    <channel service_ref="1:0:2:1ca9:0049:0800:0dc00000:0:0:0:" name="Radio alomma" service_name="Radio alomma" provider="Nilesat" sid="7337" onid="2048" tsid="73" />
    <channel service_ref="1:0:2:00be:01bc:0001:0dc00000:0:0:0:" name="Radio Contact FR" service_name="Radio Contact FR" provider="Radio Contact" sid="190" onid="1" tsid="444" />
    <channel service_ref="1:0:10:17f2:0190:5000:0dc00000:0:0:0:" name="Radio Erena (new)" service_name="Radio Erena (new)" provider="MY TV" sid="6130" onid="20480" tsid="400" />
    <channel service_ref="1:0:2:001f:0008:ffff:0dc02b58:0:0:0:" name="Radio Sawt El Shaa" service_name="Radio Sawt El Shaa" provider="ViewMedia" sid="31" onid="65535" tsid="8" />
    <channel service_ref="1:0:10:17de:0190:5000:0dc00000:0:0:0:" name="Radio WAL" service_name="Radio WAL" provider="MY TV" sid="6110" onid="20480" tsid="400" />
    <channel service_ref="1:0:2:03e8:0001:0001:0dc0b14d:0:0:0:" name="Radio1" service_name="Radio1" provider="Hitwest" sid="1000" onid="1" tsid="1" />
    <channel service_ref="1:0:2:07d0:0001:0001:0dc0b14d:0:0:0:" name="Radio2" service_name="Radio2" provider="Hitwest" sid="2000" onid="1" tsid="1" />
    <channel service_ref="1:0:2:02b2:ffdc:0001:0dc00000:0:0:0:" name="ROJAVA FM" service_name="ROJAVA FM" provider="MENASAT" sid="690" onid="1" tsid="65500" />
    <channel service_ref="1:0:10:000a:0208:02be:0dc00000:0:0:0:" name="Sharjah Quran" service_name="Sharjah Quran" provider="SBA" sid="10" onid="702" tsid="520" />
    <channel service_ref="1:0:10:0009:0208:02be:0dc00000:0:0:0:" name="Sharjah Radio" service_name="Sharjah Radio" provider="SBA" sid="9" onid="702" tsid="520" />
    <channel service_ref="1:0:2:019b:4ee8:077e:0dc00000:0:0:0:" name="Sout Al Rayyan" service_name="Sout Al Rayyan" provider="Al Jazeera" sid="411" onid="1918" tsid="20200" />
    <channel service_ref="1:0:2:019c:4ee8:077e:0dc00000:0:0:0:" name="Sout Al-Islam Doha" service_name="Sout Al-Islam Doha" provider="Al Jazeera" sid="412" onid="1918" tsid="20200" />
    <channel service_ref="1:0:2:1ca6:0049:0800:0dc00000:0:0:0:" name="TANASUH RADIO" service_name="TANASUH RADIO" provider="Nilesat" sid="7334" onid="2048" tsid="73" />
    <channel service_ref="1:0:2:1d2e:004a:0800:0dc00000:0:0:0:" name="Test" service_name="Test" provider="Nilesat" sid="7470" onid="2048" tsid="74" />
    <channel service_ref="1:0:2:1d2f:004a:0800:0dc00000:0:0:0:" name="Test" service_name="Test" provider="Nilesat" sid="7471" onid="2048" tsid="74" />
    <channel service_ref="1:0:2:1d30:004a:0800:0dc00000:0:0:0:" name="Test" service_name="Test" provider="Nilesat" sid="7472" onid="2048" tsid="74" />
    <channel service_ref="1:0:2:1d31:004a:0800:0dc00000:0:0:0:" name="Test" service_name="Test" provider="Nilesat" sid="7473" onid="2048" tsid="74" />
    <channel service_ref="1:0:10:056d:0384:5000:0dc00000:0:0:0:" name="Voice of Palestine" service_name="Voice of Palestine" provider="Palsat" sid="1389" onid="20480" tsid="900" />
    <channel service_ref="1:0:10:000c:0208:02be:0dc00000:0:0:0:" name="WATAR SHJ" service_name="WATAR SHJ" provider="SBA" sid="12" onid="702" tsid="520" />
    <channel service_ref="1:0:2:0014:0008:ffff:0dc02b58:0:0:0:" name="Yemen Radio" service_name="Yemen Radio" provider="ViewMedia" sid="20" onid="65535" tsid="8" />
  </bouquet>
  <bouquet name="Radio - Music" category="radio">
    <channel service_ref="1:0:2:000f:7594:077e:0dc00000:0:0:0:" name="Kuwait FM" service_name="Kuwait FM" provider="Kuwait Radio" sid="15" onid="1918" tsid="30100" />
    <channel service_ref="1:0:2:02b2:ffdc:0001:0dc00000:0:0:0:" name="ROJAVA FM" service_name="ROJAVA FM" provider="MENASAT" sid="690" onid="1" tsid="65500" />
  </bouquet>
</zapit>
