{
  "api_version": 4,
  "bouquet_count": "63",
  "category": "all",
  "deduplicated_services": "0",
  "display_name": "All",
  "lamedb_version": "4",
  "last_seen": "unknown",
  "service_count": "1836",
  "source": "work/ingest/oe-alliance/vhannibal.hotbird.and.dtt.lazio/enigma2",
  "stale": "unknown",
  "stats": "{\"bouquet_count\": 41, \"cable_services\": 0, \"radio_services\": 253, \"sat_services\": 1563, \"terrestrial_services\": 273, \"total_services\": 1836}",
  "thresholds": "{\"cable\": 20, \"sat\": 50, \"terrestrial\": 20}",
  "transponder_count": "115"
}