<?xml version='1.0' encoding='utf-8'?>
<zapit api="4">
  <satellites>
    <satellite key="00130000:0008:0003" name="Sat-1.9E" namespace="0x00130000" position="1.9">
      <transponder key="00130000:0008:0003" frequency="12226000" symbol_rate="30000000" polarization="H" fec="2" system="0" modulation="0">
        <service id="0x00a5" sid="165" name="Barely Legal" type="1" provider="neosat" onid="3" tsid="8" namespace="0x00130000" />
        <service id="0x015c" sid="348" name="Erox HD" type="1" provider="neosat" onid="3" tsid="8" namespace="0x00130000" />
        <service id="0x015d" sid="349" name="Eroxxx HD" type="1" provider="neosat" onid="3" tsid="8" namespace="0x00130000" />
        <service id="0x015a" sid="346" name="Evil Angel HD" type="1" provider="neosat" onid="3" tsid="8" namespace="0x00130000" />
        <service id="0x00a4" sid="164" name="Fantazzy TV" type="1" provider="neosat" onid="3" tsid="8" namespace="0x00130000" />
        <service id="0x00a1" sid="161" name="Hustler" type="1" provider="neosat" onid="3" tsid="8" namespace="0x00130000" />
        <service id="0x009f" sid="159" name="Hustler HD" type="1" provider="neosat" onid="3" tsid="8" namespace="0x00130000" />
        <service id="0x009c" sid="156" name="Playboy TV HD" type="1" provider="neosat" onid="3" tsid="8" namespace="0x00130000" />
        <service id="0x015b" sid="347" name="Private HD" type="1" provider="neosat" onid="3" tsid="8" namespace="0x00130000" />
        <service id="0x009b" sid="155" name="Super One" type="1" provider="neosat" onid="3" tsid="8" namespace="0x00130000" />
      </transponder>
    </satellite>
    <satellite key="00130000:000a:0002" name="Sat-1.9E" namespace="0x00130000" position="1.9">
      <transponder key="00130000:000a:0002" frequency="12456000" symbol_rate="30000000" polarization="H" fec="2" system="0" modulation="0">
        <service id="0x01bb" sid="443" name="Agro Tv" type="1" provider="neosat" onid="2" tsid="10" namespace="0x00130000" />
        <service id="0x01c1" sid="449" name="Al Jazerra" type="1" provider="neosat" onid="2" tsid="10" namespace="0x00130000" />
        <service id="0x01a8" sid="424" name="AMC" type="1" provider="neosat" onid="2" tsid="10" namespace="0x00130000" />
        <service id="0x01bc" sid="444" name="BHTV" type="1" provider="neosat" onid="2" tsid="10" namespace="0x00130000" />
        <service id="0x01b2" sid="434" name="DM Sat" type="1" provider="neosat" onid="2" tsid="10" namespace="0x00130000" />
        <service id="0x01ad" sid="429" name="Duga" type="1" provider="neosat" onid="2" tsid="10" namespace="0x00130000" />
        <service id="0x00cf" sid="207" name="DW" type="1" provider="neosat" onid="2" tsid="10" namespace="0x00130000" />
        <service id="0x01aa" sid="426" name="ESPRESO TV" type="1" provider="neosat" onid="2" tsid="10" namespace="0x00130000" />
        <service id="0x01ac" sid="428" name="KCN Music 2" type="1" provider="neosat" onid="2" tsid="10" namespace="0x00130000" />
        <service id="0x01b9" sid="441" name="Passion XXX" type="1" provider="neosat" onid="2" tsid="10" namespace="0x00130000" />
        <service id="0x01bf" sid="447" name="Passion XXX 2" type="1" provider="neosat" onid="2" tsid="10" namespace="0x00130000" />
        <service id="0x01b8" sid="440" name="RTP Internacional" type="1" provider="neosat" onid="2" tsid="10" namespace="0x00130000" />
        <service id="0x01a5" sid="421" name="SAT1" type="1" provider="neosat" onid="2" tsid="10" namespace="0x00130000" />
        <service id="0x01bd" sid="445" name="Skat TV" type="1" provider="neosat" onid="2" tsid="10" namespace="0x00130000" />
        <service id="0x01c2" sid="450" name="Svet Plus" type="1" provider="neosat" onid="2" tsid="10" namespace="0x00130000" />
        <service id="0x01ae" sid="430" name="TG COM24" type="1" provider="neosat" onid="2" tsid="10" namespace="0x00130000" />
        <service id="0x01b1" sid="433" name="Tiankov Orient Folk" type="1" provider="neosat" onid="2" tsid="10" namespace="0x00130000" />
        <service id="0x01b7" sid="439" name="TLC" type="1" provider="neosat" onid="2" tsid="10" namespace="0x00130000" />
        <service id="0x01b5" sid="437" name="TVE Internacional" type="1" provider="neosat" onid="2" tsid="10" namespace="0x00130000" />
        <service id="0x01ab" sid="427" name="XY max" type="1" provider="neosat" onid="2" tsid="10" namespace="0x00130000" />
        <service id="0x01c0" sid="448" name="XY mix" type="1" provider="neosat" onid="2" tsid="10" namespace="0x00130000" />
        <service id="0x01be" sid="446" name="XY plus" type="1" provider="neosat" onid="2" tsid="10" namespace="0x00130000" />
      </transponder>
    </satellite>
    <satellite key="00130000:000c:0003" name="Sat-1.9E" namespace="0x00130000" position="1.9">
      <transponder key="00130000:000c:0003" frequency="12111000" symbol_rate="30000000" polarization="H" fec="2" system="0" modulation="0">
        <service id="0x004e" sid="78" name="Animal Planet HD" type="1" provider="neosat" onid="3" tsid="12" namespace="0x00130000" />
        <service id="0x004d" sid="77" name="DocuBox HD" type="1" provider="neosat" onid="3" tsid="12" namespace="0x00130000" />
        <service id="0x004f" sid="79" name="Euronews HD" type="1" provider="neosat" onid="3" tsid="12" namespace="0x00130000" />
        <service id="0x004a" sid="74" name="Fashion TV HD" type="1" provider="neosat" onid="3" tsid="12" namespace="0x00130000" />
        <service id="0x004c" sid="76" name="FilmBox Extra HD" type="1" provider="neosat" onid="3" tsid="12" namespace="0x00130000" />
        <service id="0x004b" sid="75" name="Travel Channel HD" type="1" provider="neosat" onid="3" tsid="12" namespace="0x00130000" />
        <service id="0x001e" sid="30" name="Viasat Explore HD" type="1" provider="neosat" onid="3" tsid="12" namespace="0x00130000" />
        <service id="0x002e" sid="46" name="Viasat History HD" type="1" provider="neosat" onid="3" tsid="12" namespace="0x00130000" />
        <service id="0x002f" sid="47" name="Viasat Nature HD" type="1" provider="neosat" onid="3" tsid="12" namespace="0x00130000" />
      </transponder>
    </satellite>
    <satellite key="00130000:000e:0003" name="Sat-1.9E" namespace="0x00130000" position="1.9">
      <transponder key="00130000:000e:0003" frequency="12360000" symbol_rate="30000000" polarization="V" fec="2" system="0" modulation="0">
        <service id="0x002f" sid="47" name="AXN" type="1" provider="neosat" onid="3" tsid="14" namespace="0x00130000" />
        <service id="0x004a" sid="74" name="BG Music Channel" type="1" provider="neosat" onid="3" tsid="14" namespace="0x00130000" />
        <service id="0x0029" sid="41" name="City TV" type="1" provider="neosat" onid="3" tsid="14" namespace="0x00130000" />
        <service id="0x006d" sid="109" name="CNN Int" type="1" provider="neosat" onid="3" tsid="14" namespace="0x00130000" />
        <service id="0x0031" sid="49" name="Current Time" type="1" provider="neosat" onid="3" tsid="14" namespace="0x00130000" />
        <service id="0x002a" sid="42" name="Da Vinci" type="1" provider="neosat" onid="3" tsid="14" namespace="0x00130000" />
        <service id="0x006e" sid="110" name="DSTV" type="1" provider="neosat" onid="3" tsid="14" namespace="0x00130000" />
        <service id="0x007b" sid="123" name="Euronews Bulgaria" type="1" provider="neosat" onid="3" tsid="14" namespace="0x00130000" />
        <service id="0x002b" sid="43" name="Folklor TV" type="1" provider="neosat" onid="3" tsid="14" namespace="0x00130000" />
        <service id="0x006f" sid="111" name="France 24" type="1" provider="neosat" onid="3" tsid="14" namespace="0x00130000" />
        <service id="0x002c" sid="44" name="France 24 eng" type="1" provider="neosat" onid="3" tsid="14" namespace="0x00130000" />
        <service id="0x002e" sid="46" name="Motorvision" type="1" provider="neosat" onid="3" tsid="14" namespace="0x00130000" />
        <service id="0x006b" sid="107" name="PPTV" type="1" provider="neosat" onid="3" tsid="14" namespace="0x00130000" />
        <service id="0x004e" sid="78" name="The World" type="1" provider="neosat" onid="3" tsid="14" namespace="0x00130000" />
        <service id="0x004f" sid="79" name="TV1000" type="1" provider="neosat" onid="3" tsid="14" namespace="0x00130000" />
        <service id="0x0032" sid="50" name="TV5 Monde" type="1" provider="neosat" onid="3" tsid="14" namespace="0x00130000" />
        <service id="0x004b" sid="75" name="TVT" type="1" provider="neosat" onid="3" tsid="14" namespace="0x00130000" />
      </transponder>
    </satellite>
    <satellite key="00130000:000f:0003" name="Sat-1.9E" namespace="0x00130000" position="1.9">
      <transponder key="00130000:000f:0003" frequency="12341000" symbol_rate="30000000" polarization="H" fec="2" system="0" modulation="0">
        <service id="0x005b" sid="91" name="Balkanika HD" type="1" provider="neosat" onid="3" tsid="15" namespace="0x00130000" />
        <service id="0x008a" sid="138" name="BNT 1 HD" type="1" provider="neosat" onid="3" tsid="15" namespace="0x00130000" />
        <service id="0x008d" sid="141" name="BNT 2 HD" type="1" provider="neosat" onid="3" tsid="15" namespace="0x00130000" />
        <service id="0x008f" sid="143" name="BNT 3 HD" type="1" provider="neosat" onid="3" tsid="15" namespace="0x00130000" />
        <service id="0x005c" sid="92" name="bTV Action HD" type="1" provider="neosat" onid="3" tsid="15" namespace="0x00130000" />
        <service id="0x003b" sid="59" name="bTV HD" type="1" provider="neosat" onid="3" tsid="15" namespace="0x00130000" />
        <service id="0x008c" sid="140" name="Discovery Channel HD" type="1" provider="neosat" onid="3" tsid="15" namespace="0x00130000" />
      </transponder>
    </satellite>
    <satellite key="00130000:0010:0003" name="Sat-1.9E" namespace="0x00130000" position="1.9">
      <transponder key="00130000:0010:0003" frequency="12303000" symbol_rate="30000000" polarization="H" fec="3" system="0" modulation="0">
        <service id="0x00a7" sid="167" name="Bulgaria 24 HD" type="1" provider="neosat" onid="3" tsid="16" namespace="0x00130000" />
        <service id="0x00a8" sid="168" name="Bulgaria On Air HD" type="1" provider="neosat" onid="3" tsid="16" namespace="0x00130000" />
        <service id="0x00ab" sid="171" name="Dizi HD" type="1" provider="neosat" onid="3" tsid="16" namespace="0x00130000" />
        <service id="0x00a1" sid="161" name="HGTV HD" type="1" provider="neosat" onid="3" tsid="16" namespace="0x00130000" />
        <service id="0x00a6" sid="166" name="MAX Sport 1 HD" type="1" provider="neosat" onid="3" tsid="16" namespace="0x00130000" />
        <service id="0x00a3" sid="163" name="MAX Sport 3 HD" type="1" provider="neosat" onid="3" tsid="16" namespace="0x00130000" />
        <service id="0x00a0" sid="160" name="MAX Sport 4 HD" type="1" provider="neosat" onid="3" tsid="16" namespace="0x00130000" />
        <service id="0x00aa" sid="170" name="TV Rodina HD" type="1" provider="neosat" onid="3" tsid="16" namespace="0x00130000" />
        <service id="0x00a4" sid="164" name="TV1 HD" type="1" provider="neosat" onid="3" tsid="16" namespace="0x00130000" />
      </transponder>
    </satellite>
    <satellite key="00130000:0012:0003" name="Sat-1.9E" namespace="0x00130000" position="1.9">
      <transponder key="00130000:0012:0003" frequency="12418000" symbol_rate="30000000" polarization="H" fec="2" system="0" modulation="0">
        <service id="0x00d6" sid="214" name="Bloomberg TV HD" type="1" provider="neosat" onid="3" tsid="18" namespace="0x00130000" />
        <service id="0x00d4" sid="212" name="Cinemania HD" type="1" provider="neosat" onid="3" tsid="18" namespace="0x00130000" />
        <service id="0x00d7" sid="215" name="Code Fashion HD" type="1" provider="neosat" onid="3" tsid="18" namespace="0x00130000" />
        <service id="0x00d2" sid="210" name="Eurosport 1 HD" type="1" provider="neosat" onid="3" tsid="18" namespace="0x00130000" />
        <service id="0x00d3" sid="211" name="Eurosport 2 HD" type="1" provider="neosat" onid="3" tsid="18" namespace="0x00130000" />
        <service id="0x00cd" sid="205" name="FEN TV HD" type="1" provider="neosat" onid="3" tsid="18" namespace="0x00130000" />
        <service id="0x00d1" sid="209" name="FilmBox Stars HD" type="1" provider="neosat" onid="3" tsid="18" namespace="0x00130000" />
        <service id="0x00d5" sid="213" name="Nostalgia HD" type="1" provider="neosat" onid="3" tsid="18" namespace="0x00130000" />
        <service id="0x00cc" sid="204" name="Planeta HD" type="1" provider="neosat" onid="3" tsid="18" namespace="0x00130000" />
      </transponder>
    </satellite>
    <satellite key="00130000:0013:0003" name="Sat-1.9E" namespace="0x00130000" position="1.9">
      <transponder key="00130000:0013:0003" frequency="12322000" symbol_rate="30000000" polarization="V" fec="2" system="0" modulation="0">
        <service id="0x00e9" sid="233" name="bTV Cinema HD" type="1" provider="neosat" onid="3" tsid="19" namespace="0x00130000" />
        <service id="0x00de" sid="222" name="bTV Comedy HD" type="1" provider="neosat" onid="3" tsid="19" namespace="0x00130000" />
        <service id="0x00df" sid="223" name="bTV Story HD" type="1" provider="neosat" onid="3" tsid="19" namespace="0x00130000" />
        <service id="0x00e3" sid="227" name="CNBC Europe HD" type="1" provider="neosat" onid="3" tsid="19" namespace="0x00130000" />
        <service id="0x00ea" sid="234" name="Hit Mix HD" type="1" provider="neosat" onid="3" tsid="19" namespace="0x00130000" />
        <service id="0x00dd" sid="221" name="MAX Sport 2 HD" type="1" provider="neosat" onid="3" tsid="19" namespace="0x00130000" />
        <service id="0x00e7" sid="231" name="Planeta Folk" type="1" provider="neosat" onid="3" tsid="19" namespace="0x00130000" />
        <service id="0x00e8" sid="232" name="RING HD" type="1" provider="neosat" onid="3" tsid="19" namespace="0x00130000" />
        <service id="0x00e6" sid="230" name="VTK" type="1" provider="neosat" onid="3" tsid="19" namespace="0x00130000" />
      </transponder>
    </satellite>
    <satellite key="00130000:0015:0003" name="Sat-1.9E" namespace="0x00130000" position="1.9">
      <transponder key="00130000:0015:0003" frequency="12207000" symbol_rate="30000000" polarization="V" fec="2" system="0" modulation="0">
        <service id="0x010d" sid="269" name="BNT 4 HD" type="25" provider="neosat" onid="3" tsid="21" namespace="0x00130000" />
        <service id="0x0044" sid="68" name="Evrokom HD" type="25" provider="neosat" onid="3" tsid="21" namespace="0x00130000" />
        <service id="0x006b" sid="107" name="Fen Folk" type="22" provider="neosat" onid="3" tsid="21" namespace="0x00130000" />
        <service id="0x010a" sid="266" name="FilmBox" type="22" provider="neosat" onid="3" tsid="21" namespace="0x00130000" />
        <service id="0x010e" sid="270" name="Kitchen TV HD" type="25" provider="neosat" onid="3" tsid="21" namespace="0x00130000" />
        <service id="0x006e" sid="110" name="Nick Jr" type="22" provider="neosat" onid="3" tsid="21" namespace="0x00130000" />
        <service id="0x0046" sid="70" name="Nicktoons" type="22" provider="neosat" onid="3" tsid="21" namespace="0x00130000" />
        <service id="0x0045" sid="69" name="Sky News" type="22" provider="neosat" onid="3" tsid="21" namespace="0x00130000" />
        <service id="0x004a" sid="74" name="Tiankov Folk HD" type="25" provider="neosat" onid="3" tsid="21" namespace="0x00130000" />
        <service id="0x006d" sid="109" name="Travel TV" type="22" provider="neosat" onid="3" tsid="21" namespace="0x00130000" />
      </transponder>
    </satellite>
    <satellite key="00130000:0017:0003" name="Sat-1.9E" namespace="0x00130000" position="1.9">
      <transponder key="00130000:0017:0003" frequency="12380000" symbol_rate="30000000" polarization="H" fec="5" system="0" modulation="0">
        <service id="0x020c" sid="524" name="24 Horas" type="1" provider="neosat" onid="3" tsid="23" namespace="0x00130000" />
        <service id="0x00ca" sid="202" name="Arirang" type="1" provider="neosat" onid="3" tsid="23" namespace="0x00130000" />
        <service id="0x01f5" sid="501" name="AXN Black" type="1" provider="neosat" onid="3" tsid="23" namespace="0x00130000" />
        <service id="0x01f4" sid="500" name="AXN White" type="1" provider="neosat" onid="3" tsid="23" namespace="0x00130000" />
        <service id="0x01fc" sid="508" name="Cartoon Network" type="1" provider="neosat" onid="3" tsid="23" namespace="0x00130000" />
        <service id="0x01ff" sid="511" name="Classical Harmony" type="1" provider="neosat" onid="3" tsid="23" namespace="0x00130000" />
        <service id="0x00d9" sid="217" name="Code Health TV" type="1" provider="neosat" onid="3" tsid="23" namespace="0x00130000" />
        <service id="0x01fd" sid="509" name="English Club" type="1" provider="neosat" onid="3" tsid="23" namespace="0x00130000" />
        <service id="0x020a" sid="522" name="ERT World" type="1" provider="neosat" onid="3" tsid="23" namespace="0x00130000" />
        <service id="0x020e" sid="526" name="Fix and Foxi" type="1" provider="neosat" onid="3" tsid="23" namespace="0x00130000" />
        <service id="0x00d7" sid="215" name="Freedom" type="1" provider="neosat" onid="3" tsid="23" namespace="0x00130000" />
        <service id="0x00d8" sid="216" name="Kanal 3" type="1" provider="neosat" onid="3" tsid="23" namespace="0x00130000" />
        <service id="0x00c8" sid="200" name="Karusel" type="1" provider="neosat" onid="3" tsid="23" namespace="0x00130000" />
        <service id="0x01f9" sid="505" name="M1-Global" type="1" provider="neosat" onid="3" tsid="23" namespace="0x00130000" />
        <service id="0x020d" sid="525" name="MTV" type="1" provider="neosat" onid="3" tsid="23" namespace="0x00130000" />
        <service id="0x00ce" sid="206" name="MTV 00s" type="1" provider="neosat" onid="3" tsid="23" namespace="0x00130000" />
        <service id="0x00cf" sid="207" name="MTV 80s" type="1" provider="neosat" onid="3" tsid="23" namespace="0x00130000" />
        <service id="0x00cc" sid="204" name="MTV 90s" type="1" provider="neosat" onid="3" tsid="23" namespace="0x00130000" />
        <service id="0x00cd" sid="205" name="MTV Hits" type="1" provider="neosat" onid="3" tsid="23" namespace="0x00130000" />
        <service id="0x01fb" sid="507" name="NHK WORLD" type="1" provider="neosat" onid="3" tsid="23" namespace="0x00130000" />
        <service id="0x00cb" sid="203" name="Nick Junior" type="1" provider="neosat" onid="3" tsid="23" namespace="0x00130000" />
        <service id="0x020b" sid="523" name="RIK Sat" type="1" provider="neosat" onid="3" tsid="23" namespace="0x00130000" />
        <service id="0x00da" sid="218" name="SHOW TURK" type="1" provider="neosat" onid="3" tsid="23" namespace="0x00130000" />
        <service id="0x00d4" sid="212" name="TRT World" type="1" provider="neosat" onid="3" tsid="23" namespace="0x00130000" />
        <service id="0x01f8" sid="504" name="TV Shumen" type="1" provider="neosat" onid="3" tsid="23" namespace="0x00130000" />
        <service id="0x01f6" sid="502" name="TV1000" type="1" provider="neosat" onid="3" tsid="23" namespace="0x00130000" />
        <service id="0x021a" sid="538" name="radio test 101" type="10" provider="" onid="3" tsid="23" namespace="0x00130000" radio="1" />
      </transponder>
    </satellite>
    <satellite key="00130000:0018:0003" name="Sat-1.9E" namespace="0x00130000" position="1.9">
      <transponder key="00130000:0018:0003" frequency="12169000" symbol_rate="30000000" polarization="V" fec="2" system="0" modulation="0">
        <service id="0x00dd" sid="221" name="7/8 TV HD" type="1" provider="neosat" onid="3" tsid="24" namespace="0x00130000" />
        <service id="0x021e" sid="542" name="Chasse et Peche HD" type="1" provider="neosat" onid="3" tsid="24" namespace="0x00130000" />
        <service id="0x00e0" sid="224" name="Deluxe Music HD" type="1" provider="neosat" onid="3" tsid="24" namespace="0x00130000" />
        <service id="0x00de" sid="222" name="Epic Drama HD" type="1" provider="neosat" onid="3" tsid="24" namespace="0x00130000" />
        <service id="0x00dc" sid="220" name="Gametoon HD" type="1" provider="neosat" onid="3" tsid="24" namespace="0x00130000" />
        <service id="0x00e6" sid="230" name="Jim Jam" type="1" provider="neosat" onid="3" tsid="24" namespace="0x00130000" />
        <service id="0x022a" sid="554" name="Kanal 0" type="1" provider="neosat" onid="3" tsid="24" namespace="0x00130000" />
        <service id="0x00e5" sid="229" name="Lolly Kids HD" type="1" provider="neosat" onid="3" tsid="24" namespace="0x00130000" />
        <service id="0x00e3" sid="227" name="PRO7" type="1" provider="neosat" onid="3" tsid="24" namespace="0x00130000" />
        <service id="0x022f" sid="559" name="RiC" type="1" provider="neosat" onid="3" tsid="24" namespace="0x00130000" />
        <service id="0x022e" sid="558" name="RTL" type="1" provider="neosat" onid="3" tsid="24" namespace="0x00130000" />
        <service id="0x022c" sid="556" name="Super RTL" type="1" provider="neosat" onid="3" tsid="24" namespace="0x00130000" />
        <service id="0x021d" sid="541" name="Test 42 HD" type="1" provider="neosat" onid="3" tsid="24" namespace="0x00130000" />
        <service id="0x00e7" sid="231" name="This is Bulgaria HD" type="1" provider="neosat" onid="3" tsid="24" namespace="0x00130000" />
        <service id="0x00e8" sid="232" name="TNT Music" type="1" provider="neosat" onid="3" tsid="24" namespace="0x00130000" />
        <service id="0x022d" sid="557" name="Toggo Plus" type="1" provider="neosat" onid="3" tsid="24" namespace="0x00130000" />
        <service id="0x021c" sid="540" name="TVRi" type="1" provider="neosat" onid="3" tsid="24" namespace="0x00130000" />
        <service id="0x00e2" sid="226" name="VOX" type="1" provider="neosat" onid="3" tsid="24" namespace="0x00130000" />
        <service id="0x021f" sid="543" name="WNESS TV HD" type="1" provider="neosat" onid="3" tsid="24" namespace="0x00130000" />
        <service id="0x00ee" sid="238" name="Eparhiiski glas" type="2" provider="neosat" onid="3" tsid="24" namespace="0x00130000" radio="1" />
        <service id="0x00ed" sid="237" name="radio BG Radio" type="2" provider="neosat" onid="3" tsid="24" namespace="0x00130000" radio="1" />
        <service id="0x00ef" sid="239" name="radio BNR Horizont" type="2" provider="neosat" onid="3" tsid="24" namespace="0x00130000" radio="1" />
        <service id="0x023a" sid="570" name="radio Darik radio" type="2" provider="neosat" onid="3" tsid="24" namespace="0x00130000" radio="1" />
        <service id="0x00ec" sid="236" name="radio Radio 1" type="2" provider="neosat" onid="3" tsid="24" namespace="0x00130000" radio="1" />
      </transponder>
    </satellite>
    <satellite key="00130000:0019:0003" name="Sat-1.9E" namespace="0x00130000" position="1.9">
      <transponder key="00130000:0019:0003" frequency="12092000" symbol_rate="30000000" polarization="V" fec="2" system="0" modulation="0">
        <service id="0x024a" sid="586" name="360 TuneBox HD" type="1" provider="neosat" onid="3" tsid="25" namespace="0x00130000" />
        <service id="0x024b" sid="587" name="Deluxe Lounge HD" type="1" provider="neosat" onid="3" tsid="25" namespace="0x00130000" />
        <service id="0x00f8" sid="248" name="Dom Kino Premium HD" type="1" provider="neosat" onid="3" tsid="25" namespace="0x00130000" />
        <service id="0x00fa" sid="250" name="FashionBox HD" type="1" provider="neosat" onid="3" tsid="25" namespace="0x00130000" />
        <service id="0x00fc" sid="252" name="Fight Box HD" type="1" provider="neosat" onid="3" tsid="25" namespace="0x00130000" />
        <service id="0x00fd" sid="253" name="Fight Network HD" type="1" provider="neosat" onid="3" tsid="25" namespace="0x00130000" />
        <service id="0x00f6" sid="246" name="FilmBox Arthouse HD" type="1" provider="neosat" onid="3" tsid="25" namespace="0x00130000" />
        <service id="0x00f4" sid="244" name="Fishing and Hunting HD" type="1" provider="neosat" onid="3" tsid="25" namespace="0x00130000" />
        <service id="0x024c" sid="588" name="Jukebox HD" type="1" provider="neosat" onid="3" tsid="25" namespace="0x00130000" />
        <service id="0x00f9" sid="249" name="Rock TV HD" type="1" provider="neosat" onid="3" tsid="25" namespace="0x00130000" />
        <service id="0x0065" sid="101" name="radio Magic FM" type="2" provider="neosat" onid="3" tsid="25" namespace="0x00130000" radio="1" />
        <service id="0x0064" sid="100" name="radio The Voice" type="2" provider="neosat" onid="3" tsid="25" namespace="0x00130000" radio="1" />
        <service id="0x00ff" sid="255" name="radio Veronika" type="2" provider="neosat" onid="3" tsid="25" namespace="0x00130000" radio="1" />
      </transponder>
    </satellite>
    <satellite key="00130000:001a:0003" name="Sat-1.9E" namespace="0x00130000" position="1.9">
      <transponder key="00130000:001a:0003" frequency="12072000" symbol_rate="30000000" polarization="H" fec="2" system="0" modulation="0">
        <service id="0x025e" sid="606" name="Ambience TV" type="1" provider="neosat" onid="3" tsid="26" namespace="0x00130000" />
        <service id="0x010b" sid="267" name="Auto Motor und Sport HD" type="1" provider="neosat" onid="3" tsid="26" namespace="0x00130000" />
        <service id="0x0066" sid="102" name="BG+ HD" type="1" provider="neosat" onid="3" tsid="26" namespace="0x00130000" />
        <service id="0x025d" sid="605" name="Datann" type="1" provider="" onid="3" tsid="26" namespace="0x00130000" />
        <service id="0x025c" sid="604" name="Dizi HD" type="1" provider="neosat" onid="3" tsid="26" namespace="0x00130000" />
        <service id="0x0069" sid="105" name="Fast and FunBox HD" type="1" provider="neosat" onid="3" tsid="26" namespace="0x00130000" />
        <service id="0x010c" sid="268" name="iConcert HD" type="1" provider="neosat" onid="3" tsid="26" namespace="0x00130000" />
        <service id="0x006d" sid="109" name="Investigation Discovery HD" type="1" provider="neosat" onid="3" tsid="26" namespace="0x00130000" />
        <service id="0x025b" sid="603" name="VNT HD" type="1" provider="neosat" onid="3" tsid="26" namespace="0x00130000" />
        <service id="0x026a" sid="618" name="radio N-Joy" type="2" provider="neosat" onid="3" tsid="26" namespace="0x00130000" radio="1" />
        <service id="0x026c" sid="620" name="radio Veselina" type="2" provider="neosat" onid="3" tsid="26" namespace="0x00130000" radio="1" />
        <service id="0x026b" sid="619" name="radio Z-rock" type="2" provider="neosat" onid="3" tsid="26" namespace="0x00130000" radio="1" />
      </transponder>
    </satellite>
  </satellites>
</zapit>
