<?xml version='1.0' encoding='utf-8'?>
<zapit>
  <bouquet name="General" category="tv">
    <channel service_ref="1:0:22:00e1:0039:217c:eeee0000:0:0:0:" name="225 TV" service_name="225 TV" provider="BeS" sid="225" onid="8572" tsid="57" />
    <channel service_ref="1:0:22:00e2:0039:217c:eeee0000:0:0:0:" name="249 SPORT" service_name="249 SPORT" provider="BeS" sid="226" onid="8572" tsid="57" />
    <channel service_ref="1:0:1:02f3:0039:217c:eeee0000:0:0:0:" name="877" service_name="877" provider="BeS" sid="755" onid="8572" tsid="57" />
    <channel service_ref="1:0:1:009d:0039:217c:eeee0000:0:0:0:" name="AMICI NETWORK" service_name="AMICI NETWORK" provider="BeS" sid="157" onid="8572" tsid="57" />
    <channel service_ref="1:0:1:009b:0039:217c:eeee0000:0:0:0:" name="Amici per L'Italia" service_name="Amici per L'Italia" provider="BeS" sid="155" onid="8572" tsid="57" />
    <channel service_ref="1:0:1:1c1f:0039:217c:eeee0000:0:0:0:" name="BFC" service_name="BFC" provider="BeS" sid="7199" onid="8572" tsid="57" />
    <channel service_ref="1:0:1:1c20:0039:217c:eeee0000:0:0:0:" name="BIKE" service_name="BIKE" provider="BeS" sid="7200" onid="8572" tsid="57" />
    <channel service_ref="1:0:1:0005:0039:217c:eeee0000:0:0:0:" name="Capri Casino'" service_name="Capri Casino'" provider="BeS" sid="5" onid="8572" tsid="57" />
    <channel service_ref="1:0:1:00f7:0039:217c:eeee0000:0:0:0:" name="Capri Fashion" service_name="Capri Fashion" provider="BeS" sid="247" onid="8572" tsid="57" />
    <channel service_ref="1:0:1:00bf:0039:217c:eeee0000:0:0:0:" name="CHANNEL 401" service_name="CHANNEL 401" provider="BeS" sid="191" onid="8572" tsid="57" />
    <channel service_ref="1:0:1:1c34:0039:217c:eeee0000:0:0:0:" name="DONNA SHOPPING" service_name="DONNA SHOPPING" provider="Bes" sid="7220" onid="8572" tsid="57" />
    <channel service_ref="1:0:1:003d:0039:217c:eeee0000:0:0:0:" name="EPIQA" service_name="EPIQA" provider="BeS" sid="61" onid="8572" tsid="57" />
    <channel service_ref="1:0:1:00f0:0039:217c:eeee0000:0:0:0:" name="GENIUS 240" service_name="GENIUS 240" provider="BeS" sid="240" onid="8572" tsid="57" />
    <channel service_ref="1:0:25:033c:0039:217c:eeee0000:0:0:0:" name="IT CHANNEL" service_name="IT CHANNEL" provider="BeS" sid="828" onid="8572" tsid="57" />
    <channel service_ref="1:0:25:033d:0039:217c:eeee0000:0:0:0:" name="IT CHANNEL" service_name="IT CHANNEL" provider="BeS" sid="829" onid="8572" tsid="57" />
    <channel service_ref="1:0:1:009c:0039:217c:eeee0000:0:0:0:" name="ITALIA SERA" service_name="ITALIA SERA" provider="BeS" sid="156" onid="8572" tsid="57" />
    <channel service_ref="1:0:1:00fe:0039:217c:eeee0000:0:0:0:" name="La Grande Italia" service_name="La Grande Italia" provider="BeS" sid="254" onid="8572" tsid="57" />
    <channel service_ref="1:0:1:03e9:0039:217c:eeee0000:0:0:0:" name="LCN82" service_name="LCN82" provider="BeS" sid="1001" onid="8572" tsid="57" />
    <channel service_ref="1:0:1:0141:0039:217c:eeee0000:0:0:0:" name="ODEON 24" service_name="ODEON 24" provider="BeS" sid="321" onid="8572" tsid="57" />
    <channel service_ref="1:0:1:1c1a:0039:217c:eeee0000:0:0:0:" name="PREMIO LIVE" service_name="PREMIO LIVE" provider="BeS" sid="7194" onid="8572" tsid="57" />
    <channel service_ref="1:0:1:1c2a:0039:217c:eeee0000:0:0:0:" name="PREMIO SPORT" service_name="PREMIO SPORT" provider="BeS" sid="7210" onid="8572" tsid="57" />
    <channel service_ref="1:0:1:00a3:0039:217c:eeee0000:0:0:0:" name="RETECAPRI" service_name="RETECAPRI" provider="BeS" sid="163" onid="8572" tsid="57" />
    <channel service_ref="1:0:1:00f6:0039:217c:eeee0000:0:0:0:" name="TELEMODA" service_name="TELEMODA" provider="BeS" sid="246" onid="8572" tsid="57" />
    <channel service_ref="1:0:22:00e3:0039:217c:eeee0000:0:0:0:" name="TV1" service_name="TV1" provider="BeS" sid="227" onid="8572" tsid="57" />
    <channel service_ref="1:0:1:1c25:0039:217c:eeee0000:0:0:0:" name="WELCOME TV" service_name="WELCOME TV" provider="BeS" sid="7205" onid="8572" tsid="57" />
    <channel service_ref="1:0:1:010d:0039:217c:eeee0000:0:0:0:" name="ZETA TV" service_name="ZETA TV" provider="BeS" sid="269" onid="8572" tsid="57" />
  </bouquet>
  <bouquet name="Sports" category="tv">
    <channel service_ref="1:0:22:00e2:0039:217c:eeee0000:0:0:0:" name="249 SPORT" service_name="249 SPORT" provider="BeS" sid="226" onid="8572" tsid="57" />
    <channel service_ref="1:0:1:1c2a:0039:217c:eeee0000:0:0:0:" name="PREMIO SPORT" service_name="PREMIO SPORT" provider="BeS" sid="7210" onid="8572" tsid="57" />
  </bouquet>
  <bouquet name="RAI" category="tv">
    <channel service_ref="1:0:1:009b:0039:217c:eeee0000:0:0:0:" name="Amici per L'Italia" service_name="Amici per L'Italia" provider="BeS" sid="155" onid="8572" tsid="57" />
    <channel service_ref="1:0:1:009c:0039:217c:eeee0000:0:0:0:" name="ITALIA SERA" service_name="ITALIA SERA" provider="BeS" sid="156" onid="8572" tsid="57" />
    <channel service_ref="1:0:1:00fe:0039:217c:eeee0000:0:0:0:" name="La Grande Italia" service_name="La Grande Italia" provider="BeS" sid="254" onid="8572" tsid="57" />
  </bouquet>
  <bouquet name="Switzerland" category="tv">
    <channel service_ref="1:0:22:00e1:0039:217c:eeee0000:0:0:0:" name="225 TV" service_name="225 TV" provider="BeS" sid="225" onid="8572" tsid="57" />
    <channel service_ref="1:0:1:00f6:0039:217c:eeee0000:0:0:0:" name="TELEMODA" service_name="TELEMODA" provider="BeS" sid="246" onid="8572" tsid="57" />
  </bouquet>
  <bouquet name="Shopping" category="tv">
    <channel service_ref="1:0:1:1c34:0039:217c:eeee0000:0:0:0:" name="DONNA SHOPPING" service_name="DONNA SHOPPING" provider="Bes" sid="7220" onid="8572" tsid="57" />
  </bouquet>
  <bouquet name="Others" category="tv">
    <channel service_ref="1:0:1:02f3:0039:217c:eeee0000:0:0:0:" name="877" service_name="877" provider="BeS" sid="755" onid="8572" tsid="57" />
    <channel service_ref="1:0:1:009d:0039:217c:eeee0000:0:0:0:" name="AMICI NETWORK" service_name="AMICI NETWORK" provider="BeS" sid="157" onid="8572" tsid="57" />
    <channel service_ref="1:0:1:1c1f:0039:217c:eeee0000:0:0:0:" name="BFC" service_name="BFC" provider="BeS" sid="7199" onid="8572" tsid="57" />
    <channel service_ref="1:0:1:1c20:0039:217c:eeee0000:0:0:0:" name="BIKE" service_name="BIKE" provider="BeS" sid="7200" onid="8572" tsid="57" />
    <channel service_ref="1:0:1:0005:0039:217c:eeee0000:0:0:0:" name="Capri Casino'" service_name="Capri Casino'" provider="BeS" sid="5" onid="8572" tsid="57" />
    <channel service_ref="1:0:1:00f7:0039:217c:eeee0000:0:0:0:" name="Capri Fashion" service_name="Capri Fashion" provider="BeS" sid="247" onid="8572" tsid="57" />
    <channel service_ref="1:0:1:00bf:0039:217c:eeee0000:0:0:0:" name="CHANNEL 401" service_name="CHANNEL 401" provider="BeS" sid="191" onid="8572" tsid="57" />
    <channel service_ref="1:0:1:003d:0039:217c:eeee0000:0:0:0:" name="EPIQA" service_name="EPIQA" provider="BeS" sid="61" onid="8572" tsid="57" />
    <channel service_ref="1:0:1:00f0:0039:217c:eeee0000:0:0:0:" name="GENIUS 240" service_name="GENIUS 240" provider="BeS" sid="240" onid="8572" tsid="57" />
    <channel service_ref="1:0:25:033c:0039:217c:eeee0000:0:0:0:" name="IT CHANNEL" service_name="IT CHANNEL" provider="BeS" sid="828" onid="8572" tsid="57" />
    <channel service_ref="1:0:25:033d:0039:217c:eeee0000:0:0:0:" name="IT CHANNEL" service_name="IT CHANNEL" provider="BeS" sid="829" onid="8572" tsid="57" />
    <channel service_ref="1:0:1:03e9:0039:217c:eeee0000:0:0:0:" name="LCN82" service_name="LCN82" provider="BeS" sid="1001" onid="8572" tsid="57" />
    <channel service_ref="1:0:1:0141:0039:217c:eeee0000:0:0:0:" name="ODEON 24" service_name="ODEON 24" provider="BeS" sid="321" onid="8572" tsid="57" />
    <channel service_ref="1:0:1:1c1a:0039:217c:eeee0000:0:0:0:" name="PREMIO LIVE" service_name="PREMIO LIVE" provider="BeS" sid="7194" onid="8572" tsid="57" />
    <channel service_ref="1:0:1:00a3:0039:217c:eeee0000:0:0:0:" name="RETECAPRI" service_name="RETECAPRI" provider="BeS" sid="163" onid="8572" tsid="57" />
    <channel service_ref="1:0:22:00e3:0039:217c:eeee0000:0:0:0:" name="TV1" service_name="TV1" provider="BeS" sid="227" onid="8572" tsid="57" />
    <channel service_ref="1:0:1:1c25:0039:217c:eeee0000:0:0:0:" name="WELCOME TV" service_name="WELCOME TV" provider="BeS" sid="7205" onid="8572" tsid="57" />
    <channel service_ref="1:0:1:010d:0039:217c:eeee0000:0:0:0:" name="ZETA TV" service_name="ZETA TV" provider="BeS" sid="269" onid="8572" tsid="57" />
  </bouquet>
  <bouquet name="Radio" category="radio">
    <channel service_ref="1:0:2:000a:0039:217c:eeee0000:0:0:0:" name="Radio Capri" service_name="Radio Capri" provider="BeS" sid="10" onid="8572" tsid="57" />
    <channel service_ref="1:0:2:000b:0039:217c:eeee0000:0:0:0:" name="RADIO CAPRI" service_name="RADIO CAPRI" provider="BeS" sid="11" onid="8572" tsid="57" />
  </bouquet>
</zapit>
