<?xml version='1.0' encoding='utf-8'?>
<zapit>
  <bouquet name="General" category="tv">
    <channel service_ref="1:0:25:03eb:0001:217c:eeee0000:0:0:0:" name="Rai 1 HD" service_name="Rai 1 HD" provider="Rai" sid="1003" onid="8572" tsid="1" />
    <channel service_ref="1:0:25:041c:0002:217c:eeee0000:0:0:0:" name="Rai 2 HD" service_name="Rai 2 HD" provider="Rai" sid="1052" onid="8572" tsid="2" />
    <channel service_ref="1:0:25:041b:0002:217c:eeee0000:0:0:0:" name="Rai 3 HD" service_name="Rai 3 HD" provider="Rai" sid="1051" onid="8572" tsid="2" />
    <channel service_ref="1:0:22:03ef:0001:217c:eeee0000:0:0:0:" name="Rai 4" service_name="Rai 4" provider="Rai" sid="1007" onid="8572" tsid="1" />
    <channel service_ref="1:0:22:01a5:0002:217c:eeee0000:0:0:0:" name="Rai 5" service_name="Rai 5" provider="Rai" sid="421" onid="8572" tsid="2" />
    <channel service_ref="1:0:22:03ec:0001:217c:eeee0000:0:0:0:" name="Rai Gulp" service_name="Rai Gulp" provider="Rai" sid="1004" onid="8572" tsid="1" />
    <channel service_ref="1:0:22:03ea:0001:217c:eeee0000:0:0:0:" name="Rai Movie" service_name="Rai Movie" provider="Rai" sid="1002" onid="8572" tsid="1" />
    <channel service_ref="1:0:1:0d53:0009:013e:eeee0000:0:0:0:" name="Rai News 24" service_name="Rai News 24" provider="Rai" sid="3411" onid="318" tsid="9" />
    <channel service_ref="1:0:22:03ee:0001:217c:eeee0000:0:0:0:" name="Rai Premium" service_name="Rai Premium" provider="Rai" sid="1006" onid="8572" tsid="1" />
    <channel service_ref="1:0:22:041e:0002:217c:eeee0000:0:0:0:" name="Rai Scuola" service_name="Rai Scuola" provider="Rai" sid="1054" onid="8572" tsid="2" />
    <channel service_ref="1:0:22:041d:0002:217c:eeee0000:0:0:0:" name="Rai Sport" service_name="Rai Sport" provider="Rai" sid="1053" onid="8572" tsid="2" />
    <channel service_ref="1:0:25:03e9:0001:217c:eeee0000:0:0:0:" name="Rai Sport + HD" service_name="Rai Sport + HD" provider="Rai" sid="1001" onid="8572" tsid="1" />
    <channel service_ref="1:0:22:041f:0002:217c:eeee0000:0:0:0:" name="Rai Storia" service_name="Rai Storia" provider="Rai" sid="1055" onid="8572" tsid="2" />
    <channel service_ref="1:0:22:03ed:0001:217c:eeee0000:0:0:0:" name="Rai YoYo" service_name="Rai YoYo" provider="Rai" sid="1005" onid="8572" tsid="1" />
    <channel service_ref="1:0:22:0d54:0009:013e:eeee0000:0:0:0:" name="Rete Oro" service_name="Rete Oro" provider="Rai" sid="3412" onid="318" tsid="9" />
    <channel service_ref="1:0:22:01a6:0002:217c:eeee0000:0:0:0:" name="RTV San Marino" service_name="RTV San Marino" provider="Rai" sid="422" onid="8572" tsid="2" />
    <channel service_ref="1:0:1:217c:0009:013e:eeee0000:0:0:0:" name="TEST RaiDue" service_name="TEST RaiDue" provider="Rai" sid="8572" onid="318" tsid="9" />
    <channel service_ref="1:0:1:217d:0009:013e:eeee0000:0:0:0:" name="TEST RaiTre" service_name="TEST RaiTre" provider="Rai" sid="8573" onid="318" tsid="9" />
    <channel service_ref="1:0:1:217b:0009:013e:eeee0000:0:0:0:" name="TEST RaiUno" service_name="TEST RaiUno" provider="Rai" sid="8571" onid="318" tsid="9" />
  </bouquet>
  <bouquet name="Movies" category="tv">
    <channel service_ref="1:0:22:03ea:0001:217c:eeee0000:0:0:0:" name="Rai Movie" service_name="Rai Movie" provider="Rai" sid="1002" onid="8572" tsid="1" />
  </bouquet>
  <bouquet name="News" category="tv">
    <channel service_ref="1:0:1:0d53:0009:013e:eeee0000:0:0:0:" name="Rai News 24" service_name="Rai News 24" provider="Rai" sid="3411" onid="318" tsid="9" />
  </bouquet>
  <bouquet name="Sports" category="tv">
    <channel service_ref="1:0:22:041d:0002:217c:eeee0000:0:0:0:" name="Rai Sport" service_name="Rai Sport" provider="Rai" sid="1053" onid="8572" tsid="2" />
    <channel service_ref="1:0:25:03e9:0001:217c:eeee0000:0:0:0:" name="Rai Sport + HD" service_name="Rai Sport + HD" provider="Rai" sid="1001" onid="8572" tsid="1" />
  </bouquet>
  <bouquet name="RAI" category="tv">
    <channel service_ref="1:0:25:03eb:0001:217c:eeee0000:0:0:0:" name="Rai 1 HD" service_name="Rai 1 HD" provider="Rai" sid="1003" onid="8572" tsid="1" />
    <channel service_ref="1:0:25:03eb:0001:217c:eeee0000:0:0:0:" name="Rai 1 HD" service_name="Rai 1 HD" provider="Rai" sid="1003" onid="8572" tsid="1" />
    <channel service_ref="1:0:25:041c:0002:217c:eeee0000:0:0:0:" name="Rai 2 HD" service_name="Rai 2 HD" provider="Rai" sid="1052" onid="8572" tsid="2" />
    <channel service_ref="1:0:25:041c:0002:217c:eeee0000:0:0:0:" name="Rai 2 HD" service_name="Rai 2 HD" provider="Rai" sid="1052" onid="8572" tsid="2" />
    <channel service_ref="1:0:25:041b:0002:217c:eeee0000:0:0:0:" name="Rai 3 HD" service_name="Rai 3 HD" provider="Rai" sid="1051" onid="8572" tsid="2" />
    <channel service_ref="1:0:25:041b:0002:217c:eeee0000:0:0:0:" name="Rai 3 HD" service_name="Rai 3 HD" provider="Rai" sid="1051" onid="8572" tsid="2" />
    <channel service_ref="1:0:22:03ef:0001:217c:eeee0000:0:0:0:" name="Rai 4" service_name="Rai 4" provider="Rai" sid="1007" onid="8572" tsid="1" />
    <channel service_ref="1:0:22:03ef:0001:217c:eeee0000:0:0:0:" name="Rai 4" service_name="Rai 4" provider="Rai" sid="1007" onid="8572" tsid="1" />
    <channel service_ref="1:0:22:01a5:0002:217c:eeee0000:0:0:0:" name="Rai 5" service_name="Rai 5" provider="Rai" sid="421" onid="8572" tsid="2" />
    <channel service_ref="1:0:22:01a5:0002:217c:eeee0000:0:0:0:" name="Rai 5" service_name="Rai 5" provider="Rai" sid="421" onid="8572" tsid="2" />
    <channel service_ref="1:0:22:03ec:0001:217c:eeee0000:0:0:0:" name="Rai Gulp" service_name="Rai Gulp" provider="Rai" sid="1004" onid="8572" tsid="1" />
    <channel service_ref="1:0:22:03ec:0001:217c:eeee0000:0:0:0:" name="Rai Gulp" service_name="Rai Gulp" provider="Rai" sid="1004" onid="8572" tsid="1" />
    <channel service_ref="1:0:22:03ea:0001:217c:eeee0000:0:0:0:" name="Rai Movie" service_name="Rai Movie" provider="Rai" sid="1002" onid="8572" tsid="1" />
    <channel service_ref="1:0:1:0d53:0009:013e:eeee0000:0:0:0:" name="Rai News 24" service_name="Rai News 24" provider="Rai" sid="3411" onid="318" tsid="9" />
    <channel service_ref="1:0:22:03ee:0001:217c:eeee0000:0:0:0:" name="Rai Premium" service_name="Rai Premium" provider="Rai" sid="1006" onid="8572" tsid="1" />
    <channel service_ref="1:0:22:03ee:0001:217c:eeee0000:0:0:0:" name="Rai Premium" service_name="Rai Premium" provider="Rai" sid="1006" onid="8572" tsid="1" />
    <channel service_ref="1:0:22:041e:0002:217c:eeee0000:0:0:0:" name="Rai Scuola" service_name="Rai Scuola" provider="Rai" sid="1054" onid="8572" tsid="2" />
    <channel service_ref="1:0:22:041e:0002:217c:eeee0000:0:0:0:" name="Rai Scuola" service_name="Rai Scuola" provider="Rai" sid="1054" onid="8572" tsid="2" />
    <channel service_ref="1:0:22:041d:0002:217c:eeee0000:0:0:0:" name="Rai Sport" service_name="Rai Sport" provider="Rai" sid="1053" onid="8572" tsid="2" />
    <channel service_ref="1:0:25:03e9:0001:217c:eeee0000:0:0:0:" name="Rai Sport + HD" service_name="Rai Sport + HD" provider="Rai" sid="1001" onid="8572" tsid="1" />
    <channel service_ref="1:0:22:041f:0002:217c:eeee0000:0:0:0:" name="Rai Storia" service_name="Rai Storia" provider="Rai" sid="1055" onid="8572" tsid="2" />
    <channel service_ref="1:0:22:041f:0002:217c:eeee0000:0:0:0:" name="Rai Storia" service_name="Rai Storia" provider="Rai" sid="1055" onid="8572" tsid="2" />
    <channel service_ref="1:0:22:03ed:0001:217c:eeee0000:0:0:0:" name="Rai YoYo" service_name="Rai YoYo" provider="Rai" sid="1005" onid="8572" tsid="1" />
    <channel service_ref="1:0:22:03ed:0001:217c:eeee0000:0:0:0:" name="Rai YoYo" service_name="Rai YoYo" provider="Rai" sid="1005" onid="8572" tsid="1" />
    <channel service_ref="1:0:22:0d54:0009:013e:eeee0000:0:0:0:" name="Rete Oro" service_name="Rete Oro" provider="Rai" sid="3412" onid="318" tsid="9" />
    <channel service_ref="1:0:22:0d54:0009:013e:eeee0000:0:0:0:" name="Rete Oro" service_name="Rete Oro" provider="Rai" sid="3412" onid="318" tsid="9" />
    <channel service_ref="1:0:22:01a6:0002:217c:eeee0000:0:0:0:" name="RTV San Marino" service_name="RTV San Marino" provider="Rai" sid="422" onid="8572" tsid="2" />
    <channel service_ref="1:0:22:01a6:0002:217c:eeee0000:0:0:0:" name="RTV San Marino" service_name="RTV San Marino" provider="Rai" sid="422" onid="8572" tsid="2" />
    <channel service_ref="1:0:1:217c:0009:013e:eeee0000:0:0:0:" name="TEST RaiDue" service_name="TEST RaiDue" provider="Rai" sid="8572" onid="318" tsid="9" />
    <channel service_ref="1:0:1:217c:0009:013e:eeee0000:0:0:0:" name="TEST RaiDue" service_name="TEST RaiDue" provider="Rai" sid="8572" onid="318" tsid="9" />
    <channel service_ref="1:0:1:217d:0009:013e:eeee0000:0:0:0:" name="TEST RaiTre" service_name="TEST RaiTre" provider="Rai" sid="8573" onid="318" tsid="9" />
    <channel service_ref="1:0:1:217d:0009:013e:eeee0000:0:0:0:" name="TEST RaiTre" service_name="TEST RaiTre" provider="Rai" sid="8573" onid="318" tsid="9" />
    <channel service_ref="1:0:1:217b:0009:013e:eeee0000:0:0:0:" name="TEST RaiUno" service_name="TEST RaiUno" provider="Rai" sid="8571" onid="318" tsid="9" />
    <channel service_ref="1:0:1:217b:0009:013e:eeee0000:0:0:0:" name="TEST RaiUno" service_name="TEST RaiUno" provider="Rai" sid="8571" onid="318" tsid="9" />
  </bouquet>
  <bouquet name="Resolution - HD" category="tv">
    <channel service_ref="1:0:25:03eb:0001:217c:eeee0000:0:0:0:" name="Rai 1 HD" service_name="Rai 1 HD" provider="Rai" sid="1003" onid="8572" tsid="1" />
    <channel service_ref="1:0:25:041c:0002:217c:eeee0000:0:0:0:" name="Rai 2 HD" service_name="Rai 2 HD" provider="Rai" sid="1052" onid="8572" tsid="2" />
    <channel service_ref="1:0:25:041b:0002:217c:eeee0000:0:0:0:" name="Rai 3 HD" service_name="Rai 3 HD" provider="Rai" sid="1051" onid="8572" tsid="2" />
    <channel service_ref="1:0:25:03e9:0001:217c:eeee0000:0:0:0:" name="Rai Sport + HD" service_name="Rai Sport + HD" provider="Rai" sid="1001" onid="8572" tsid="1" />
  </bouquet>
</zapit>
