<?xml version='1.0' encoding='utf-8'?>
<zapit api="4">
  <terrestrials>
    <terrestrial key="eeee0000:4a1e:217c" name="San-Marino-RTV" namespace="0xeeee0000">
      <transponder key="eeee0000:4a1e:217c" frequency="714000000" symbol_rate="0" polarization="H" fec="6" system="0" modulation="0">
        <service id="0x0004" sid="4" name="SAN MARINO RTV" type="1" provider="RAI - RTV" onid="8572" tsid="18974" namespace="0xeeee0000" />
        <service id="0x0002" sid="2" name="SAN MARINO RTV 2" type="1" provider="San Marino RTV" onid="8572" tsid="18974" namespace="0xeeee0000" />
        <service id="0x026b" sid="619" name="SAN MARINO RTV 3" type="1" provider="SAN MARINO RTV" onid="8572" tsid="18974" namespace="0xeeee0000" />
        <service id="0x02b7" sid="695" name="SAN MARINO RTV 4" type="1" provider="SAN MARINO RTV" onid="8572" tsid="18974" namespace="0xeeee0000" />
        <service id="0x003a" sid="58" name="SAN MARINO RTV HD" type="1" provider="San Marino RTV" onid="8572" tsid="18974" namespace="0xeeee0000" />
        <service id="0x005d" sid="93" name="SAN MARINO RTV SPORT" type="1" provider="San Marino RTV" onid="8572" tsid="18974" namespace="0xeeee0000" />
        <service id="0x0014" sid="20" name="RADIO San Marino Classic" type="2" provider="RAI - RTV" onid="8572" tsid="18974" namespace="0xeeee0000" radio="1" />
      </transponder>
    </terrestrial>
  </terrestrials>
</zapit>
