<?xml version='1.0' encoding='utf-8'?>
<zapit api="4">
  <terrestrials>
    <terrestrial key="eeee0000:0107:217c" name="ns-eeee0000" namespace="0xeeee0000">
      <transponder key="eeee0000:0107:217c" frequency="506000000" symbol_rate="0" polarization="H" fec="5" system="0" modulation="4">
        <service id="0x008d" sid="141" name="DAZN Channel - Premi Info" type="25" provider="" onid="8572" tsid="263" namespace="0xeeee0000" />
        <service id="0x02c7" sid="711" name="LA7" type="1" provider="" onid="8572" tsid="263" namespace="0xeeee0000" />
        <service id="0x02d1" sid="721" name="LA7" type="1" provider="" onid="8572" tsid="263" namespace="0xeeee0000" />
        <service id="0x02ef" sid="751" name="LA7 HD" type="25" provider="" onid="8572" tsid="263" namespace="0xeeee0000" />
        <service id="0x013e" sid="318" name="LA7 on demand" type="1" provider="" onid="8572" tsid="263" namespace="0xeeee0000" />
        <service id="0x02fa" sid="762" name="LA7 Servizi on demand" type="1" provider="" onid="8572" tsid="263" namespace="0xeeee0000" />
        <service id="0x013d" sid="317" name="LA7 Test" type="1" provider="" onid="8572" tsid="263" namespace="0xeeee0000" />
        <service id="0x02f9" sid="761" name="LA7 TEST" type="1" provider="" onid="8572" tsid="263" namespace="0xeeee0000" />
        <service id="0x02fb" sid="763" name="LA7 TEST" type="1" provider="" onid="8572" tsid="263" namespace="0xeeee0000" />
        <service id="0x02fc" sid="764" name="LA7 TEST" type="1" provider="" onid="8572" tsid="263" namespace="0xeeee0000" />
        <service id="0x02fd" sid="765" name="LA7 TEST" type="1" provider="" onid="8572" tsid="263" namespace="0xeeee0000" />
        <service id="0x02c8" sid="712" name="LA7d" type="1" provider="" onid="8572" tsid="263" namespace="0xeeee0000" />
        <service id="0x02d2" sid="722" name="LA7d" type="1" provider="" onid="8572" tsid="263" namespace="0xeeee0000" />
        <service id="0x02f0" sid="752" name="LA7d HD" type="25" provider="" onid="8572" tsid="263" namespace="0xeeee0000" />
      </transponder>
    </terrestrial>
    <terrestrial key="eeee0000:0385:0110" name="ns-eeee0000" namespace="0xeeee0000">
      <transponder key="eeee0000:0385:0110" frequency="722000000" symbol_rate="0" polarization="H" fec="5" system="0" modulation="4">
        <service id="0x005b" sid="91" name="Cielo" type="1" provider="" onid="272" tsid="901" namespace="0xeeee0000" />
        <service id="0x008d" sid="141" name="FOX" type="1" provider="" onid="272" tsid="901" namespace="0xeeee0000" />
        <service id="0x00c5" sid="197" name="Premium Cinema 3" type="1" provider="" onid="272" tsid="901" namespace="0xeeee0000" />
        <service id="0x00ad" sid="173" name="Premium Crime" type="1" provider="" onid="272" tsid="901" namespace="0xeeee0000" />
        <service id="0x00ac" sid="172" name="Premium Stories" type="1" provider="" onid="272" tsid="901" namespace="0xeeee0000" />
        <service id="0x008c" sid="140" name="Sky Atlantic" type="1" provider="" onid="272" tsid="901" namespace="0xeeee0000" />
        <service id="0x00c1" sid="193" name="Sky Sport Calcio HD" type="25" provider="" onid="272" tsid="901" namespace="0xeeee0000" />
        <service id="0x005c" sid="92" name="Sky TG24" type="1" provider="" onid="272" tsid="901" namespace="0xeeee0000" />
        <service id="0x005d" sid="93" name="TV8" type="1" provider="" onid="272" tsid="901" namespace="0xeeee0000" />
        <service id="0x005e" sid="94" name="TV8" type="1" provider="" onid="272" tsid="901" namespace="0xeeee0000" />
        <service id="0x005f" sid="95" name="TV8" type="1" provider="" onid="272" tsid="901" namespace="0xeeee0000" />
        <service id="0x003d" sid="61" name="TV8 News On Demand" type="1" provider="" onid="272" tsid="901" namespace="0xeeee0000" />
      </transponder>
    </terrestrial>
    <terrestrial key="eeee0000:03ac:0110" name="ns-eeee0000" namespace="0xeeee0000">
      <transponder key="eeee0000:03ac:0110" frequency="698000000" symbol_rate="0" polarization="H" fec="5" system="0" modulation="4">
        <service id="0x0fb9" sid="4025" name="Canale5" type="1" provider="" onid="272" tsid="940" namespace="0xeeee0000" />
        <service id="0x0fa5" sid="4005" name="Canale5 (provvisorio)" type="1" provider="" onid="272" tsid="940" namespace="0xeeee0000" />
        <service id="0x03f5" sid="1013" name="Iris" type="25" provider="" onid="272" tsid="940" namespace="0xeeee0000" />
        <service id="0x0faf" sid="4015" name="Iris" type="1" provider="" onid="272" tsid="940" namespace="0xeeee0000" />
        <service id="0x0fba" sid="4026" name="Italia1" type="1" provider="" onid="272" tsid="940" namespace="0xeeee0000" />
        <service id="0x0fa6" sid="4006" name="Italia1 (provvisorio)" type="1" provider="" onid="272" tsid="940" namespace="0xeeee0000" />
        <service id="0x03f3" sid="1011" name="La 5" type="25" provider="" onid="272" tsid="940" namespace="0xeeee0000" />
        <service id="0x0fad" sid="4013" name="La 5" type="1" provider="" onid="272" tsid="940" namespace="0xeeee0000" />
        <service id="0x0fb8" sid="4024" name="Rete4" type="1" provider="" onid="272" tsid="940" namespace="0xeeee0000" />
        <service id="0x0fa4" sid="4004" name="Rete4 (provvisorio)" type="1" provider="" onid="272" tsid="940" namespace="0xeeee0000" />
        <service id="0x042c" sid="1068" name="Test HEVC Main10" type="31" provider="" onid="272" tsid="940" namespace="0xeeee0000" />
        <service id="0x03f4" sid="1012" name="TGCOM24" type="22" provider="" onid="272" tsid="940" namespace="0xeeee0000" />
        <service id="0x0fae" sid="4014" name="TGCOM24" type="22" provider="" onid="272" tsid="940" namespace="0xeeee0000" />
      </transponder>
    </terrestrial>
    <terrestrial key="eeee0000:03b6:0110" name="ns-eeee0000" namespace="0xeeee0000">
      <transponder key="eeee0000:03b6:0110" frequency="754000000" symbol_rate="0" polarization="H" fec="5" system="0" modulation="4">
        <service id="0x141c" sid="5148" name="Premium Action" type="1" provider="" onid="272" tsid="950" namespace="0xeeee0000" />
        <service id="0x059c" sid="1436" name="Sky Sport" type="1" provider="" onid="272" tsid="950" namespace="0xeeee0000" />
        <service id="0x141a" sid="5146" name="Sky Sport" type="1" provider="" onid="272" tsid="950" namespace="0xeeee0000" />
        <service id="0x141b" sid="5147" name="Sky Sport" type="1" provider="" onid="272" tsid="950" namespace="0xeeee0000" />
        <service id="0x143b" sid="5179" name="Sky Sport 24" type="1" provider="" onid="272" tsid="950" namespace="0xeeee0000" />
        <service id="0x058b" sid="1419" name="Sky Sport Calcio" type="1" provider="" onid="272" tsid="950" namespace="0xeeee0000" />
        <service id="0x059f" sid="1439" name="Sky Sport Uno" type="1" provider="" onid="272" tsid="950" namespace="0xeeee0000" />
        <service id="0x143a" sid="5178" name="Sky Sport Uno HD" type="25" provider="" onid="272" tsid="950" namespace="0xeeee0000" />
        <service id="0x143c" sid="5180" name="Sky Uno" type="1" provider="" onid="272" tsid="950" namespace="0xeeee0000" />
      </transponder>
    </terrestrial>
  </terrestrials>
</zapit>
