{
  "api_version": 4,
  "bouquet_count": "306",
  "category": "terrestrial",
  "deduplicated_services": "0",
  "display_name": "ns-eeee0000",
  "lamedb_version": "4",
  "last_seen": "unknown",
  "region_code": "ns-eeee0000",
  "service_count": "3184",
  "source": "work/ingest/oe-alliance/vhannibal.dual.feeds.and.dtt.torino/enigma2",
  "stale": "unknown",
  "stats": "{\"bouquet_count\": 50, \"cable_services\": 0, \"radio_services\": 426, \"sat_services\": 2785, \"terrestrial_services\": 399, \"total_services\": 3184}",
  "thresholds": "{\"cable\": 20, \"sat\": 50, \"terrestrial\": 20}",
  "transponder_count": "210"
}