<?xml version='1.0' encoding='utf-8'?>
<zapit api="4">
  <satellites>
    <satellite key="0da20000:0039:217c" name="Sat-11W" namespace="0x0da20000" position="-11">
      <transponder key="0da20000:0039:217c" frequency="11566000" symbol_rate="8000000" polarization="H" fec="3" system="0" modulation="0">
        <service id="0x0005" sid="5" name="Capri Casinò" type="25" provider="" onid="8572" tsid="57" namespace="0x0da20000" />
        <service id="0x00f7" sid="247" name="Capri Fashion" type="25" provider="BeS" onid="8572" tsid="57" namespace="0x0da20000" />
        <service id="0x00ca" sid="202" name="Capri Gourmet" type="25" provider="TCSD" onid="8572" tsid="57" namespace="0x0da20000" />
        <service id="0x0001" sid="1" name="Capri Store" type="25" provider="BS" onid="8572" tsid="57" namespace="0x0da20000" />
        <service id="0x0004" sid="4" name="Neko TV" type="25" provider="" onid="8572" tsid="57" namespace="0x0da20000" />
        <service id="0x00a3" sid="163" name="RadioCapriTelevisiON" type="25" provider="" onid="8572" tsid="57" namespace="0x0da20000" />
        <service id="0x0022" sid="34" name="Rete 82 Plus" type="25" provider="ptp" onid="8572" tsid="57" namespace="0x0da20000" />
        <service id="0x0002" sid="2" name="Rete Capri" type="25" provider="" onid="8572" tsid="57" namespace="0x0da20000" />
        <service id="0x004e" sid="78" name="Rete Capri 2" type="25" provider="BS" onid="8572" tsid="57" namespace="0x0da20000" />
        <service id="0x0003" sid="3" name="RetecapriHD" type="25" provider="" onid="8572" tsid="57" namespace="0x0da20000" />
      </transponder>
    </satellite>
  </satellites>
</zapit>
