<?xml version='1.0' encoding='utf-8'?>
<zapit>
  <bouquet name="General" category="tv">
    <channel service_ref="1:0:1:00cb:01fb:2f22:eeee0000:0:0:0:" name="" service_name="" provider="VIDEOSTAR" sid="203" onid="12066" tsid="507" />
    <channel service_ref="1:0:1:006f:01fb:2f22:eeee0000:0:0:0:" name="Bazar" service_name="Bazar" provider="Mux Videostar" sid="111" onid="12066" tsid="507" />
    <channel service_ref="1:0:1:0002:01fb:2f22:eeee0000:0:0:0:" name="BSO CHANNEL TV" service_name="BSO CHANNEL TV" provider="Mux Videostar" sid="2" onid="12066" tsid="507" />
    <channel service_ref="1:0:1:002c:01fb:2f22:eeee0000:0:0:0:" name="ONE TV" service_name="ONE TV" provider="Mux Videostar" sid="44" onid="12066" tsid="507" />
    <channel service_ref="1:0:1:000a:01fb:2f22:eeee0000:0:0:0:" name="Radio Roma" service_name="Radio Roma" provider="Videostar" sid="10" onid="12066" tsid="507" />
    <channel service_ref="1:0:1:1c58:01fb:2f22:eeee0000:0:0:0:" name="RETE 7" service_name="RETE 7" provider="Videostar" sid="7256" onid="12066" tsid="507" />
    <channel service_ref="1:0:1:0004:01fb:2f22:eeee0000:0:0:0:" name="SUPERTV LOMB" service_name="SUPERTV LOMB" provider="Mux Videostar" sid="4" onid="12066" tsid="507" />
    <channel service_ref="1:0:1:000e:01fb:2f22:eeee0000:0:0:0:" name="SUPERTV LOMB" service_name="SUPERTV LOMB" provider="SUPERTV" sid="14" onid="12066" tsid="507" />
    <channel service_ref="1:0:1:000f:01fb:2f22:eeee0000:0:0:0:" name="Video Novara" service_name="Video Novara" provider="Mux Videostar" sid="15" onid="12066" tsid="507" />
    <channel service_ref="1:0:1:00ca:01fb:2f22:eeee0000:0:0:0:" name="VIDEOBRESCIA LOMB" service_name="VIDEOBRESCIA LOMB" provider="Mux Videostar" sid="202" onid="12066" tsid="507" />
    <channel service_ref="1:0:1:0001:01fb:2f22:eeee0000:0:0:0:" name="Videostar" service_name="Videostar" provider="Mux Videostar" sid="1" onid="12066" tsid="507" />
    <channel service_ref="1:0:1:000b:01fb:2f22:eeee0000:0:0:0:" name="Videostar" service_name="Videostar" provider="Mux Videostar" sid="11" onid="12066" tsid="507" />
    <channel service_ref="1:0:1:001a:01fb:2f22:eeee0000:0:0:0:" name="Videostar 2" service_name="Videostar 2" provider="Mux Videostar" sid="26" onid="12066" tsid="507" />
    <channel service_ref="1:0:1:0028:01fb:2f22:eeee0000:0:0:0:" name="Videostar 2" service_name="Videostar 2" provider="Mux Videostar" sid="40" onid="12066" tsid="507" />
    <channel service_ref="1:0:1:006a:01fb:2f22:eeee0000:0:0:0:" name="Videostar 2 HD" service_name="Videostar 2 HD" provider="Mux Videostar" sid="106" onid="12066" tsid="507" />
    <channel service_ref="1:0:1:000d:01fb:2f22:eeee0000:0:0:0:" name="Videostar Sport" service_name="Videostar Sport" provider="Mux Videostar" sid="13" onid="12066" tsid="507" />
    <channel service_ref="1:0:1:000c:01fb:2f22:eeee0000:0:0:0:" name="Videostar Sport HD" service_name="Videostar Sport HD" provider="Mux Videostar" sid="12" onid="12066" tsid="507" />
  </bouquet>
  <bouquet name="Sports" category="tv">
    <channel service_ref="1:0:1:000d:01fb:2f22:eeee0000:0:0:0:" name="Videostar Sport" service_name="Videostar Sport" provider="Mux Videostar" sid="13" onid="12066" tsid="507" />
    <channel service_ref="1:0:1:000c:01fb:2f22:eeee0000:0:0:0:" name="Videostar Sport HD" service_name="Videostar Sport HD" provider="Mux Videostar" sid="12" onid="12066" tsid="507" />
  </bouquet>
  <bouquet name="ARD/ZDF" category="tv">
    <channel service_ref="1:0:1:00ca:01fb:2f22:eeee0000:0:0:0:" name="VIDEOBRESCIA LOMB" service_name="VIDEOBRESCIA LOMB" provider="Mux Videostar" sid="202" onid="12066" tsid="507" />
  </bouquet>
  <bouquet name="Resolution - HD" category="tv">
    <channel service_ref="1:0:1:006a:01fb:2f22:eeee0000:0:0:0:" name="Videostar 2 HD" service_name="Videostar 2 HD" provider="Mux Videostar" sid="106" onid="12066" tsid="507" />
    <channel service_ref="1:0:1:000c:01fb:2f22:eeee0000:0:0:0:" name="Videostar Sport HD" service_name="Videostar Sport HD" provider="Mux Videostar" sid="12" onid="12066" tsid="507" />
  </bouquet>
  <bouquet name="International" category="tv">
    <channel service_ref="1:0:1:000f:01fb:2f22:eeee0000:0:0:0:" name="Video Novara" service_name="Video Novara" provider="Mux Videostar" sid="15" onid="12066" tsid="507" />
  </bouquet>
  <bouquet name="Others" category="tv">
    <channel service_ref="1:0:1:00cb:01fb:2f22:eeee0000:0:0:0:" name="" service_name="" provider="VIDEOSTAR" sid="203" onid="12066" tsid="507" />
    <channel service_ref="1:0:1:006f:01fb:2f22:eeee0000:0:0:0:" name="Bazar" service_name="Bazar" provider="Mux Videostar" sid="111" onid="12066" tsid="507" />
    <channel service_ref="1:0:1:0002:01fb:2f22:eeee0000:0:0:0:" name="BSO CHANNEL TV" service_name="BSO CHANNEL TV" provider="Mux Videostar" sid="2" onid="12066" tsid="507" />
    <channel service_ref="1:0:1:002c:01fb:2f22:eeee0000:0:0:0:" name="ONE TV" service_name="ONE TV" provider="Mux Videostar" sid="44" onid="12066" tsid="507" />
    <channel service_ref="1:0:1:000a:01fb:2f22:eeee0000:0:0:0:" name="Radio Roma" service_name="Radio Roma" provider="Videostar" sid="10" onid="12066" tsid="507" />
    <channel service_ref="1:0:1:1c58:01fb:2f22:eeee0000:0:0:0:" name="RETE 7" service_name="RETE 7" provider="Videostar" sid="7256" onid="12066" tsid="507" />
    <channel service_ref="1:0:1:0004:01fb:2f22:eeee0000:0:0:0:" name="SUPERTV LOMB" service_name="SUPERTV LOMB" provider="Mux Videostar" sid="4" onid="12066" tsid="507" />
    <channel service_ref="1:0:1:000e:01fb:2f22:eeee0000:0:0:0:" name="SUPERTV LOMB" service_name="SUPERTV LOMB" provider="SUPERTV" sid="14" onid="12066" tsid="507" />
    <channel service_ref="1:0:1:0001:01fb:2f22:eeee0000:0:0:0:" name="Videostar" service_name="Videostar" provider="Mux Videostar" sid="1" onid="12066" tsid="507" />
    <channel service_ref="1:0:1:000b:01fb:2f22:eeee0000:0:0:0:" name="Videostar" service_name="Videostar" provider="Mux Videostar" sid="11" onid="12066" tsid="507" />
    <channel service_ref="1:0:1:001a:01fb:2f22:eeee0000:0:0:0:" name="Videostar 2" service_name="Videostar 2" provider="Mux Videostar" sid="26" onid="12066" tsid="507" />
    <channel service_ref="1:0:1:0028:01fb:2f22:eeee0000:0:0:0:" name="Videostar 2" service_name="Videostar 2" provider="Mux Videostar" sid="40" onid="12066" tsid="507" />
    <channel service_ref="1:0:1:006a:01fb:2f22:eeee0000:0:0:0:" name="Videostar 2 HD" service_name="Videostar 2 HD" provider="Mux Videostar" sid="106" onid="12066" tsid="507" />
  </bouquet>
  <bouquet name="Radio" category="radio">
    <channel service_ref="1:0:2:001f:01fb:2f22:eeee0000:0:0:0:" name="Radio Star" service_name="Radio Star" provider="Mux Videostar" sid="31" onid="12066" tsid="507" />
    <channel service_ref="1:0:2:002a:01fb:2f22:eeee0000:0:0:0:" name="VD Radio Star*" service_name="VD Radio Star*" provider="Mux Videostar" sid="42" onid="12066" tsid="507" />
  </bouquet>
</zapit>
