<?xml version='1.0' encoding='utf-8'?>
<zapit api="4">
  <terrestrials>
    <terrestrial key="eeee0000:6806:217c" name="Teleuniverso" namespace="0xeeee0000">
      <transponder key="eeee0000:6806:217c" frequency="498000000" symbol_rate="0" polarization="H" fec="5" system="0" modulation="4">
        <service id="0x000c" sid="12" name="Gold TV" type="1" provider="Lazio TV" onid="8572" tsid="26630" namespace="0xeeee0000" />
        <service id="0x0007" sid="7" name="Lazio TV Frosinone" type="1" provider="Lazio TV" onid="8572" tsid="26630" namespace="0xeeee0000" />
        <service id="0x0005" sid="5" name="Lazio TV Latina" type="1" provider="Lazio TV" onid="8572" tsid="26630" namespace="0xeeee0000" />
        <service id="0x0001" sid="1" name="Teleuniverso" type="1" provider="" onid="8572" tsid="26630" namespace="0xeeee0000" />
        <service id="0x0002" sid="2" name="Teleuniverso +1" type="1" provider="Teleuniverso" onid="8572" tsid="26630" namespace="0xeeee0000" />
        <service id="0x0008" sid="8" name="Teleuniverso HD" type="25" provider="Teleuniverso" onid="8572" tsid="26630" namespace="0xeeee0000" />
        <service id="0x0003" sid="3" name="TU DAY" type="1" provider="Teleuniverso" onid="8572" tsid="26630" namespace="0xeeee0000" />
        <service id="0x0004" sid="4" name="TU Donna" type="1" provider="Teleuniverso" onid="8572" tsid="26630" namespace="0xeeee0000" />
        <service id="0x000a" sid="10" name="TU Movie" type="1" provider="Teleuniverso" onid="8572" tsid="26630" namespace="0xeeee0000" />
        <service id="0x0006" sid="6" name="TU Shop" type="1" provider="Teleuniverso" onid="8572" tsid="26630" namespace="0xeeee0000" />
      </transponder>
    </terrestrial>
  </terrestrials>
</zapit>
