<?xml version='1.0' encoding='utf-8'?>
<zapit>
  <bouquet name="General" category="tv">
    <channel service_ref="1:0:1:03e9:0001:0001:013baec5:0:0:0:" name="001 - Maestro" service_name="001 - Maestro" provider="Magtisat" sid="1001" onid="1" tsid="1" />
    <channel service_ref="1:0:1:03ea:0001:0001:013baec5:0:0:0:" name="002 - NAT GEO WILD" service_name="002 - NAT GEO WILD" provider="Magtisat" sid="1002" onid="1" tsid="1" />
    <channel service_ref="1:0:1:03eb:0001:0001:013baec5:0:0:0:" name="003 - Marao" service_name="003 - Marao" provider="Magtisat" sid="1003" onid="1" tsid="1" />
    <channel service_ref="1:0:1:03ec:0001:0001:013baec5:0:0:0:" name="004 - Hollywood HD" service_name="004 - Hollywood HD" provider="Magtisat" sid="1004" onid="1" tsid="1" />
    <channel service_ref="1:0:1:03ed:0001:0001:013baec5:0:0:0:" name="005 - BBC World News" service_name="005 - BBC World News" provider="Magtisat" sid="1005" onid="1" tsid="1" />
    <channel service_ref="1:0:1:03ee:0001:0001:013baec5:0:0:0:" name="006 - Russia RTR" service_name="006 - Russia RTR" provider="Magtisat" sid="1006" onid="1" tsid="1" />
    <channel service_ref="1:0:1:03ef:0001:0001:013baec5:0:0:0:" name="007 - FashionTV" service_name="007 - FashionTV" provider="Magtisat" sid="1007" onid="1" tsid="1" />
    <channel service_ref="1:0:1:03f0:0001:0001:013baec5:0:0:0:" name="008 - CNBC" service_name="008 - CNBC" provider="Magtisat" sid="1008" onid="1" tsid="1" />
    <channel service_ref="1:0:1:03f1:0001:0001:013baec5:0:0:0:" name="009 - RTVi" service_name="009 - RTVi" provider="Magtisat" sid="1009" onid="1" tsid="1" />
    <channel service_ref="1:0:1:03f2:0001:0001:013baec5:0:0:0:" name="010 - Euronews" service_name="010 - Euronews" provider="Magtisat" sid="1010" onid="1" tsid="1" />
    <channel service_ref="1:0:1:03f3:0001:0001:013baec5:0:0:0:" name="011 - DOCUBOX" service_name="011 - DOCUBOX" provider="Magtisat" sid="1011" onid="1" tsid="1" />
    <channel service_ref="1:0:1:03f4:0001:0001:013baec5:0:0:0:" name="012 - Duck TV" service_name="012 - Duck TV" provider="Magtisat" sid="1012" onid="1" tsid="1" />
    <channel service_ref="1:0:1:03f5:0001:0001:013baec5:0:0:0:" name="013 - Da Vinchi Learning" service_name="013 - Da Vinchi Learning" provider="Magtisat" sid="1013" onid="1" tsid="1" />
    <channel service_ref="1:0:1:03f6:0001:0001:013baec5:0:0:0:" name="014 - Enkibenki" service_name="014 - Enkibenki" provider="Harmonic" sid="1014" onid="1" tsid="1" />
    <channel service_ref="1:0:1:03f7:0001:0001:013baec5:0:0:0:" name="015 - JimJam" service_name="015 - JimJam" provider="Magtisat" sid="1015" onid="1" tsid="1" />
    <channel service_ref="1:0:1:03f8:0001:0001:013baec5:0:0:0:" name="016 - Dom Kino" service_name="016 - Dom Kino" provider="Magtisat" sid="1016" onid="1" tsid="1" />
    <channel service_ref="1:0:1:03f9:0001:0001:013baec5:0:0:0:" name="017 - FIGHTBOX" service_name="017 - FIGHTBOX" provider="Magtisat" sid="1017" onid="1" tsid="1" />
    <channel service_ref="1:0:1:03fa:0001:0001:013baec5:0:0:0:" name="018 - TIJI" service_name="018 - TIJI" provider="Magtisat" sid="1018" onid="1" tsid="1" />
    <channel service_ref="1:0:1:03fb:0001:0001:013baec5:0:0:0:" name="019 - Amedia Hit" service_name="019 - Amedia Hit" provider="Magtisat" sid="1019" onid="1" tsid="1" />
    <channel service_ref="1:0:1:03fd:0001:0001:013baec5:0:0:0:" name="021 - Eurosport" service_name="021 - Eurosport" provider="Magtisat" sid="1021" onid="1" tsid="1" />
    <channel service_ref="1:0:1:03fe:0001:0001:013baec5:0:0:0:" name="022 - Eurosport 2" service_name="022 - Eurosport 2" provider="Magtisat" sid="1022" onid="1" tsid="1" />
    <channel service_ref="1:0:1:03ff:0001:0001:013baec5:0:0:0:" name="023 - TLC" service_name="023 - TLC" provider="Magtisat" sid="1023" onid="1" tsid="1" />
    <channel service_ref="1:0:1:00be:0001:0001:013baec5:0:0:0:" name="024 - ID Xtra" service_name="024 - ID Xtra" provider="Magtisat" sid="190" onid="1" tsid="1" />
    <channel service_ref="1:0:1:00bf:0001:0001:013baec5:0:0:0:" name="025 - Discovery Science" service_name="025 - Discovery Science" provider="Magtisat" sid="191" onid="1" tsid="1" />
    <channel service_ref="1:0:1:00c0:0001:0001:013baec5:0:0:0:" name="026 - DTX" service_name="026 - DTX" provider="Magtisat" sid="192" onid="1" tsid="1" />
    <channel service_ref="1:0:1:00c1:0001:0001:013baec5:0:0:0:" name="027 - Discovery" service_name="027 - Discovery" provider="Magtisat" sid="193" onid="1" tsid="1" />
    <channel service_ref="1:0:1:00c2:0001:0001:013baec5:0:0:0:" name="028 - Animal Planet" service_name="028 - Animal Planet" provider="Magtisat" sid="194" onid="1" tsid="1" />
    <channel service_ref="1:0:1:00c3:0001:0001:013baec5:0:0:0:" name="029 - Paramount Channel" service_name="029 - Paramount Channel" provider="Magtisat" sid="195" onid="1" tsid="1" />
    <channel service_ref="1:0:1:00c4:0001:0001:013baec5:0:0:0:" name="030 - Nick Jr" service_name="030 - Nick Jr" provider="Magtisat" sid="196" onid="1" tsid="1" />
    <channel service_ref="1:0:1:00c5:0001:0001:013baec5:0:0:0:" name="031 - VH1 classic" service_name="031 - VH1 classic" provider="Magtisat" sid="197" onid="1" tsid="1" />
    <channel service_ref="1:0:1:00c6:0001:0001:013baec5:0:0:0:" name="032 - MTV" service_name="032 - MTV" provider="Magtisat" sid="198" onid="1" tsid="1" />
    <channel service_ref="1:0:1:00c7:0002:0001:013b0000:0:0:0:" name="033 - Nickelodeon" service_name="033 - Nickelodeon" provider="Magtisat" sid="199" onid="1" tsid="2" />
    <channel service_ref="1:0:1:040a:0002:0001:013b0000:0:0:0:" name="034 - Erox" service_name="034 - Erox" provider="Magtisat" sid="1034" onid="1" tsid="2" />
    <channel service_ref="1:0:1:040b:0002:0001:013b0000:0:0:0:" name="035 - Sarafan" service_name="035 - Sarafan" provider="Magtisat" sid="1035" onid="1" tsid="2" />
    <channel service_ref="1:0:1:040c:0002:0001:013b0000:0:0:0:" name="036 - Fox" service_name="036 - Fox" provider="Magtisat" sid="1036" onid="1" tsid="2" />
    <channel service_ref="1:0:1:040d:0002:0001:013b0000:0:0:0:" name="037 - ChasseAndPeche" service_name="037 - ChasseAndPeche" provider="Magtisat" sid="1037" onid="1" tsid="2" />
    <channel service_ref="1:0:1:040e:0002:0001:013b0000:0:0:0:" name="038 - FILMBOX" service_name="038 - FILMBOX" provider="Magtisat" sid="1038" onid="1" tsid="2" />
    <channel service_ref="1:0:1:040f:0002:0001:013b0000:0:0:0:" name="039 - Russia 24" service_name="039 - Russia 24" provider="Magtisat" sid="1039" onid="1" tsid="2" />
    <channel service_ref="1:0:1:019a:0002:0001:013b0000:0:0:0:" name="040 - BrazzerTV" service_name="040 - BrazzerTV" provider="Magtisat" sid="410" onid="1" tsid="2" />
    <channel service_ref="1:0:1:019b:0002:0001:013b0000:0:0:0:" name="041 - Rioni" service_name="041 - Rioni" provider="Magtisat" sid="411" onid="1" tsid="2" />
    <channel service_ref="1:0:1:019c:0002:0001:013b0000:0:0:0:" name="042 - Tune Box" service_name="042 - Tune Box" provider="Magtisat" sid="412" onid="1" tsid="2" />
    <channel service_ref="1:0:1:019e:0002:0001:013b0000:0:0:0:" name="044 - Cartoon Network" service_name="044 - Cartoon Network" provider="Magtisat" sid="414" onid="1" tsid="2" />
    <channel service_ref="1:0:1:019f:0002:0001:013b0000:0:0:0:" name="045 - Perec" service_name="045 - Perec" provider="Magtisat" sid="415" onid="1" tsid="2" />
    <channel service_ref="1:0:1:01a0:0002:0001:013b0000:0:0:0:" name="046 - Gulli" service_name="046 - Gulli" provider="Magtisat" sid="416" onid="1" tsid="2" />
    <channel service_ref="1:0:1:01a1:0002:0001:013b0000:0:0:0:" name="047 - Bollywood" service_name="047 - Bollywood" provider="Magtisat" sid="417" onid="1" tsid="2" />
    <channel service_ref="1:0:1:01a2:0002:0001:013b0000:0:0:0:" name="048 - Amedia1" service_name="048 - Amedia1" provider="Magtisat" sid="418" onid="1" tsid="2" />
    <channel service_ref="1:0:1:01a3:0002:0001:013b0000:0:0:0:" name="049 - Amedia2" service_name="049 - Amedia2" provider="Magtisat" sid="419" onid="1" tsid="2" />
    <channel service_ref="1:0:1:041a:0002:0001:013b0000:0:0:0:" name="050 - Evrokino" service_name="050 - Evrokino" provider="Magtisat" sid="1050" onid="1" tsid="2" />
    <channel service_ref="1:0:1:041c:0002:0001:013b0000:0:0:0:" name="052 - Avto24" service_name="052 - Avto24" provider="Magtisat" sid="1052" onid="1" tsid="2" />
    <channel service_ref="1:0:1:041d:0002:0001:013b0000:0:0:0:" name="053 -IP- saperaviTV" service_name="053 -IP- saperaviTV" provider="Magtisat" sid="1053" onid="1" tsid="2" />
    <channel service_ref="1:0:1:041e:0002:0001:013b0000:0:0:0:" name="054 - THT Myzicalni" service_name="054 - THT Myzicalni" provider="Magtisat" sid="1054" onid="1" tsid="2" />
    <channel service_ref="1:0:1:041f:0002:0001:013b0000:0:0:0:" name="055 - Magti Kino" service_name="055 - Magti Kino" provider="Magtisat" sid="1055" onid="1" tsid="2" />
    <channel service_ref="1:0:1:01a4:0002:0001:013b0000:0:0:0:" name="056 - Rossya Kultura" service_name="056 - Rossya Kultura" provider="Magtisat" sid="420" onid="1" tsid="2" />
    <channel service_ref="1:0:1:01a6:0002:0001:013b0000:0:0:0:" name="058 - Mult" service_name="058 - Mult" provider="Magtisat" sid="422" onid="1" tsid="2" />
    <channel service_ref="1:0:1:01a7:0002:0001:013b0000:0:0:0:" name="059 - Amedia Premium" service_name="059 - Amedia Premium" provider="Magtisat" sid="423" onid="1" tsid="2" />
    <channel service_ref="1:0:1:01a8:0002:0001:013b0000:0:0:0:" name="060 - illuzion" service_name="060 - illuzion" provider="Magtisat" sid="424" onid="1" tsid="2" />
    <channel service_ref="1:0:1:01a9:0002:0001:013b0000:0:0:0:" name="061 - Ruski illuzion" service_name="061 - Ruski illuzion" provider="Magtisat" sid="425" onid="1" tsid="2" />
    <channel service_ref="1:0:1:01aa:0002:0001:013b0000:0:0:0:" name="062 - Karusel" service_name="062 - Karusel" provider="Magtisat" sid="426" onid="1" tsid="2" />
    <channel service_ref="1:0:1:01ab:0002:0001:013b0000:0:0:0:" name="063 - National Geographic" service_name="063 - National Geographic" provider="Magtisat" sid="427" onid="1" tsid="2" />
    <channel service_ref="1:0:1:01ac:0002:0001:013b0000:0:0:0:" name="064 - Dom Kino Premium" service_name="064 - Dom Kino Premium" provider="Magtisat" sid="428" onid="1" tsid="2" />
    <channel service_ref="1:0:1:01af:0003:0001:013b0000:0:0:0:" name="073 - Fast and Fun Box" service_name="073 - Fast and Fun Box" provider="Magtisat" sid="431" onid="1" tsid="3" />
    <channel service_ref="1:0:1:01b0:0003:0001:013b0000:0:0:0:" name="074 - Fashion Box" service_name="074 - Fashion Box" provider="Magtisat" sid="432" onid="1" tsid="3" />
    <channel service_ref="1:0:1:01b1:0004:0001:013b0000:0:0:0:" name="075 - MMA-TV.com" service_name="075 - MMA-TV.com" provider="Magtisat" sid="433" onid="1" tsid="4" />
    <channel service_ref="1:0:1:01b2:0003:0001:013b0000:0:0:0:" name="076 - Mezzo" service_name="076 - Mezzo" provider="Magtisat" sid="434" onid="1" tsid="3" />
    <channel service_ref="1:0:1:01b3:0003:0001:013b0000:0:0:0:" name="077 - AdjaraSport2" service_name="077 - AdjaraSport2" provider="Magtisat" sid="435" onid="1" tsid="3" />
    <channel service_ref="1:0:1:01b4:0003:0001:013b0000:0:0:0:" name="078 - Redlight" service_name="078 - Redlight" provider="Magtisat" sid="436" onid="1" tsid="3" />
    <channel service_ref="1:0:1:01b5:0004:0001:013b0000:0:0:0:" name="079 - Viasat Sport" service_name="079 - Viasat Sport" provider="Magtisat" sid="437" onid="1" tsid="4" />
    <channel service_ref="1:0:1:01b6:0003:0001:013b0000:0:0:0:" name="080 - Pervi Kanal" service_name="080 - Pervi Kanal" provider="Magtisat" sid="438" onid="1" tsid="3" />
    <channel service_ref="1:0:1:01b7:0003:0001:013b0000:0:0:0:" name="081 - O!" service_name="081 - O!" provider="Magtisat" sid="439" onid="1" tsid="3" />
    <channel service_ref="1:0:1:043a:0003:0001:013b0000:0:0:0:" name="082 - Paramount Comedy" service_name="082 - Paramount Comedy" provider="Magtisat" sid="1082" onid="1" tsid="3" />
    <channel service_ref="1:0:1:043b:0004:0001:013b0000:0:0:0:" name="083 - IP - PosTV" service_name="083 - IP - PosTV" provider="magtisat" sid="1083" onid="1" tsid="4" />
    <channel service_ref="1:0:1:043c:0004:0001:013b0000:0:0:0:" name="084 - Istoria" service_name="084 - Istoria" provider="Magtisat" sid="1084" onid="1" tsid="4" />
    <channel service_ref="1:0:1:043e:0003:0001:013b0000:0:0:0:" name="086 - Rustavi2" service_name="086 - Rustavi2" provider="Magtisat" sid="1086" onid="1" tsid="3" />
    <channel service_ref="1:0:1:043f:0003:0001:013b0000:0:0:0:" name="087 - TV25" service_name="087 - TV25" provider="Magtisat" sid="1087" onid="1" tsid="3" />
    <channel service_ref="1:0:1:01b8:0003:0001:013b0000:0:0:0:" name="088 - Adjara" service_name="088 - Adjara" provider="Magtisat" sid="440" onid="1" tsid="3" />
    <channel service_ref="1:0:1:01b9:0004:0001:013b0000:0:0:0:" name="089 - Zagaradni" service_name="089 - Zagaradni" provider="Magtisat" sid="441" onid="1" tsid="4" />
    <channel service_ref="1:0:1:01bc:0003:0001:013b0000:0:0:0:" name="092 -V- GDSTV" service_name="092 -V- GDSTV" provider="Magtisat" sid="444" onid="1" tsid="3" />
    <channel service_ref="1:0:1:01bd:0004:0001:013b0000:0:0:0:" name="093 - SetantaSports 1" service_name="093 - SetantaSports 1" provider="Magtisat" sid="445" onid="1" tsid="4" />
    <channel service_ref="1:0:1:01be:0004:0001:013b0000:0:0:0:" name="094 - SetantaSports 2" service_name="094 - SetantaSports 2" provider="Magtisat" sid="446" onid="1" tsid="4" />
    <channel service_ref="1:0:1:01bf:0004:0001:013b0000:0:0:0:" name="095 - Jivaya Planeta" service_name="095 - Jivaya Planeta" provider="Magtisat" sid="447" onid="1" tsid="4" />
    <channel service_ref="1:0:1:01c0:0004:0001:013b0000:0:0:0:" name="096 - Cinema" service_name="096 - Cinema" provider="Magtisat" sid="448" onid="1" tsid="4" />
    <channel service_ref="1:0:1:01c1:0003:0001:013b0000:0:0:0:" name="097 - Chveni Magti" service_name="097 - Chveni Magti" provider="Magtisat" sid="449" onid="1" tsid="3" />
    <channel service_ref="1:0:1:044a:0003:0001:013b0000:0:0:0:" name="098 -V- ApkhazetisKhma" service_name="098 -V- ApkhazetisKhma" provider="Magtisat" sid="1098" onid="1" tsid="3" />
    <channel service_ref="1:0:1:044b:0003:0001:013b0000:0:0:0:" name="099 -V- MeoreArkhi" service_name="099 -V- MeoreArkhi" provider="Magtisat" sid="1099" onid="1" tsid="3" />
    <channel service_ref="1:0:1:07d0:0003:0001:013b0000:0:0:0:" name="100 - Comedy Arkhi" service_name="100 - Comedy Arkhi" provider="Magtisat" sid="2000" onid="1" tsid="3" />
    <channel service_ref="1:0:1:07da:0003:0001:013b0000:0:0:0:" name="101 -V- GurjaaniTV" service_name="101 -V- GurjaaniTV" provider="Magtisat" sid="2010" onid="1" tsid="3" />
    <channel service_ref="1:0:1:07e4:0003:0001:013b0000:0:0:0:" name="102 - IP - Obieqtivi" service_name="102 - IP - Obieqtivi" provider="Magtisat" sid="2020" onid="1" tsid="3" />
    <channel service_ref="1:0:1:07ee:0003:0001:013b0000:0:0:0:" name="103 - FILMBOXARTHOUSE" service_name="103 - FILMBOXARTHOUSE" provider="Magtisat" sid="2030" onid="1" tsid="3" />
    <channel service_ref="1:0:1:07f8:0003:0001:013b0000:0:0:0:" name="104 - FashionBox" service_name="104 - FashionBox" provider="Magtisat" sid="2040" onid="1" tsid="3" />
    <channel service_ref="1:0:1:0142:0003:0001:013b0000:0:0:0:" name="105 - 360 TuneBox" service_name="105 - 360 TuneBox" provider="Magtisat" sid="322" onid="1" tsid="3" />
    <channel service_ref="1:0:1:014a:0003:0001:013b0000:0:0:0:" name="107 - Ertsulovneba" service_name="107 - Ertsulovneba" provider="Magtisat" sid="330" onid="1" tsid="3" />
    <channel service_ref="1:0:1:014e:0004:0001:013b0000:0:0:0:" name="108 - TV1000 Action" service_name="108 - TV1000 Action" provider="Magtisat" sid="334" onid="1" tsid="4" />
    <channel service_ref="1:0:1:082a:0004:0001:013b0000:0:0:0:" name="109 - Viasat Explore" service_name="109 - Viasat Explore" provider="Magtisat" sid="2090" onid="1" tsid="4" />
    <channel service_ref="1:0:1:0156:0004:0001:013b0000:0:0:0:" name="110 - TV1000" service_name="110 - TV1000" provider="Magtisat" sid="342" onid="1" tsid="4" />
    <channel service_ref="1:0:1:083e:0004:0001:013b0000:0:0:0:" name="111 - Viasat History" service_name="111 - Viasat History" provider="Magtisat" sid="2110" onid="1" tsid="4" />
    <channel service_ref="1:0:1:015e:0004:0001:013b0000:0:0:0:" name="112 - TV1000 Ruskoe kino" service_name="112 - TV1000 Ruskoe kino" provider="Magtisat" sid="350" onid="1" tsid="4" />
    <channel service_ref="1:0:1:085c:0003:0001:013b0000:0:0:0:" name="114 -V- QartuliArkhi" service_name="114 -V- QartuliArkhi" provider="Magtisat" sid="2140" onid="1" tsid="3" />
    <channel service_ref="1:0:1:087a:0003:0001:013b0000:0:0:0:" name="117 - Magti Hit SD" service_name="117 - Magti Hit SD" provider="Magtisat" sid="2170" onid="1" tsid="3" />
    <channel service_ref="1:0:1:0176:0003:0001:013b0000:0:0:0:" name="118 - Mtavari Arkhi" service_name="118 - Mtavari Arkhi" provider="Magtisat" sid="374" onid="1" tsid="3" />
    <channel service_ref="1:0:1:088e:0003:0001:013b0000:0:0:0:" name="119 - TVXXI" service_name="119 - TVXXI" provider="Magtisat" sid="2190" onid="1" tsid="3" />
    <channel service_ref="1:0:1:017e:0004:0001:013b0000:0:0:0:" name="120 - Viasat Nature" service_name="120 - Viasat Nature" provider="Magtisat" sid="382" onid="1" tsid="4" />
    <channel service_ref="1:0:1:0bc2:0003:0001:013b0000:0:0:0:" name="201 -V- QualityChannel" service_name="201 -V- QualityChannel" provider="Magtisat" sid="3010" onid="1" tsid="3" />
    <channel service_ref="1:0:1:0bcc:0003:0001:013b0000:0:0:0:" name="202 -V- DardiMandi" service_name="202 -V- DardiMandi" provider="Magtisat" sid="3020" onid="1" tsid="3" />
    <channel service_ref="1:0:1:0bd6:0003:0001:013b0000:0:0:0:" name="203 -V- 1TVGeorgia SD" service_name="203 -V- 1TVGeorgia SD" provider="Magtisat" sid="3030" onid="1" tsid="3" />
    <channel service_ref="1:0:1:0c08:0003:0001:013b0000:0:0:0:" name="208 -V- Kavkasia" service_name="208 -V- Kavkasia" provider="Magtisat" sid="3080" onid="1" tsid="3" />
    <channel service_ref="1:0:1:0c1c:0003:0001:013b0000:0:0:0:" name="210 -V- Imedi TV" service_name="210 -V- Imedi TV" provider="Magtisat" sid="3100" onid="1" tsid="3" />
    <channel service_ref="1:0:1:0c30:0003:0001:013b0000:0:0:0:" name="212 - Silk Universal" service_name="212 - Silk Universal" provider="Magtisat" sid="3120" onid="1" tsid="3" />
    <channel service_ref="1:0:1:0faa:0004:0001:013b0000:0:0:0:" name="301 -IP- TV Pirveli" service_name="301 -IP- TV Pirveli" provider="Magtisat" sid="4010" onid="1" tsid="4" />
    <channel service_ref="1:0:1:0fbe:0004:0001:013b0000:0:0:0:" name="303 -IP- HCTB" service_name="303 -IP- HCTB" provider="magtisat" sid="4030" onid="1" tsid="4" />
    <channel service_ref="1:0:1:0fc8:0004:0001:013b0000:0:0:0:" name="304 -IP- Nastaiashee vremia" service_name="304 -IP- Nastaiashee vremia" provider="magtisat" sid="4040" onid="1" tsid="4" />
    <channel service_ref="1:0:1:0fd2:0004:0001:013b0000:0:0:0:" name="305 -IP- France24" service_name="305 -IP- France24" provider="Magtisat" sid="4050" onid="1" tsid="4" />
    <channel service_ref="1:0:1:0fdc:0004:0001:013b0000:0:0:0:" name="306 -IP- Ragbi TV" service_name="306 -IP- Ragbi TV" provider="magtisat" sid="4060" onid="1" tsid="4" />
    <channel service_ref="1:0:1:0fe6:0004:0001:013b0000:0:0:0:" name="307 -IP- Pyatnica" service_name="307 -IP- Pyatnica" provider="magtisat" sid="4070" onid="1" tsid="4" />
    <channel service_ref="1:0:1:0ff0:0004:0001:013b0000:0:0:0:" name="308 -IP- CNN" service_name="308 -IP- CNN" provider="magtisat" sid="4080" onid="1" tsid="4" />
    <channel service_ref="1:0:1:0ffa:0004:0001:013b0000:0:0:0:" name="309 -IP- PlanetaHD" service_name="309 -IP- PlanetaHD" provider="magtisat" sid="4090" onid="1" tsid="4" />
    <channel service_ref="1:0:1:03ec:0004:0001:013b0000:0:0:0:" name="310 -IP- Nauka" service_name="310 -IP- Nauka" provider="magtisat" sid="1004" onid="1" tsid="4" />
    <channel service_ref="1:0:1:100e:0004:0001:013b0000:0:0:0:" name="311 -IP- AzTV" service_name="311 -IP- AzTV" provider="magtisat" sid="4110" onid="1" tsid="4" />
    <channel service_ref="1:0:1:03fa:0004:0001:013b0000:0:0:0:" name="312 -IP- ArmeniaTV" service_name="312 -IP- ArmeniaTV" provider="Magtisat" sid="1018" onid="1" tsid="4" />
    <channel service_ref="1:0:1:03fe:0004:0001:013b0000:0:0:0:" name="313 -IP- RussiaToday" service_name="313 -IP- RussiaToday" provider="magtisat" sid="1022" onid="1" tsid="4" />
    <channel service_ref="1:0:1:102c:0004:0001:013b0000:0:0:0:" name="314 -IP- RBK" service_name="314 -IP- RBK" provider="magtisat" sid="4140" onid="1" tsid="4" />
    <channel service_ref="1:0:1:040c:0004:0001:013b0000:0:0:0:" name="315 -IP- AdjaraSport" service_name="315 -IP- AdjaraSport" provider="Magtisat" sid="1036" onid="1" tsid="4" />
    <channel service_ref="1:0:1:019a:0004:0001:013b0000:0:0:0:" name="316 -IP- Formula" service_name="316 -IP- Formula" provider="Harmonic" sid="410" onid="1" tsid="4" />
    <channel service_ref="1:0:1:104a:0004:0001:013b0000:0:0:0:" name="317 -IP- PalitraNews" service_name="317 -IP- PalitraNews" provider="Magtisat" sid="4170" onid="1" tsid="4" />
    <channel service_ref="1:0:1:207d:146c:00a7:013b0000:0:0:0:" name="Aleph Business SD" service_name="Aleph Business SD" provider="GLOBECAST" sid="8317" onid="167" tsid="5228" />
    <channel service_ref="1:0:1:0382:1468:00a7:013b0000:0:0:0:" name="Aleph News" service_name="Aleph News" provider="GLOBECAST" sid="898" onid="167" tsid="5224" />
    <channel service_ref="1:0:1:207a:146c:00a7:013b0000:0:0:0:" name="Aleph Smart SD" service_name="Aleph Smart SD" provider="GLOBECAST" sid="8314" onid="167" tsid="5228" />
    <channel service_ref="1:0:1:07dd:1464:00a7:013b0000:0:0:0:" name="AMC" service_name="AMC" provider="GLOBECAST" sid="2013" onid="167" tsid="5220" />
    <channel service_ref="1:0:1:07da:1464:00a7:013b0000:0:0:0:" name="Animal Planet HD" service_name="Animal Planet HD" provider="GLOBECAST" sid="2010" onid="167" tsid="5220" />
    <channel service_ref="1:0:1:07d9:1464:00a7:013b0000:0:0:0:" name="Antena 1 HD" service_name="Antena 1 HD" provider="GLOBECAST" sid="2009" onid="167" tsid="5220" />
    <channel service_ref="1:0:1:20d4:1470:00a7:013b0000:0:0:0:" name="Antena 3 HD" service_name="Antena 3 HD" provider="GLOBECAST" sid="8404" onid="167" tsid="5232" />
    <channel service_ref="1:0:1:200b:1464:00a7:013b0000:0:0:0:" name="Antena International HD" service_name="Antena International HD" provider="GLOBECAST" sid="8203" onid="167" tsid="5220" />
    <channel service_ref="1:0:1:206d:146c:00a7:013b0000:0:0:0:" name="Antena Stars HD" service_name="Antena Stars HD" provider="GLOBECAST" sid="8301" onid="167" tsid="5228" />
    <channel service_ref="1:0:1:089e:1468:00a7:013b0000:0:0:0:" name="AXN Black" service_name="AXN Black" provider="GLOBECAST" sid="2206" onid="167" tsid="5224" />
    <channel service_ref="1:0:1:1fb3:1460:00a7:013b0000:0:0:0:" name="AXN HD" service_name="AXN HD" provider="GLOBECAST" sid="8115" onid="167" tsid="5216" />
    <channel service_ref="1:0:1:220c:1468:00a7:013b0000:0:0:0:" name="AXN Spin" service_name="AXN Spin" provider="GLOBECAST" sid="8716" onid="167" tsid="5224" />
    <channel service_ref="1:0:1:089f:1468:00a7:013b0000:0:0:0:" name="AXN White" service_name="AXN White" provider="GLOBECAST" sid="2207" onid="167" tsid="5224" />
    <channel service_ref="1:0:1:21fe:1468:00a7:013b0000:0:0:0:" name="b1 HD" service_name="b1 HD" provider="GLOBECAST" sid="8702" onid="167" tsid="5224" />
    <channel service_ref="1:0:1:200c:1464:00a7:013b0000:0:0:0:" name="Balkanika" service_name="Balkanika" provider="GLOBECAST" sid="8204" onid="167" tsid="5220" />
    <channel service_ref="1:0:1:07dc:1464:00a7:013b0000:0:0:0:" name="BBC Earth" service_name="BBC Earth" provider="GLOBECAST" sid="2012" onid="167" tsid="5220" />
    <channel service_ref="1:0:1:08a0:1468:00a7:013b0000:0:0:0:" name="BBC World News" service_name="BBC World News" provider="GLOBECAST" sid="2208" onid="167" tsid="5224" />
    <channel service_ref="1:0:1:035a:1474:00a7:013b0000:0:0:0:" name="Bollywood HD" service_name="Bollywood HD" provider="GLOBECAST" sid="858" onid="167" tsid="5236" />
    <channel service_ref="1:0:1:0361:1474:00a7:013b0000:0:0:0:" name="Boomerang" service_name="Boomerang" provider="GLOBECAST" sid="865" onid="167" tsid="5236" />
    <channel service_ref="1:0:1:20e3:1470:00a7:013b0000:0:0:0:" name="Cartoon Network" service_name="Cartoon Network" provider="GLOBECAST" sid="8419" onid="167" tsid="5232" />
    <channel service_ref="1:0:1:21a4:1478:00a7:013b0000:0:0:0:" name="CBS Reality" service_name="CBS Reality" provider="GLOBECAST" sid="8612" onid="167" tsid="5240" />
    <channel service_ref="1:0:1:0333:146c:00a7:013b0000:0:0:0:" name="Cinemaraton HD" service_name="Cinemaraton HD" provider="GLOBECAST" sid="819" onid="167" tsid="5228" />
    <channel service_ref="1:0:1:1fb8:1460:00a7:013b0000:0:0:0:" name="Cinemax 2 HD" service_name="Cinemax 2 HD" provider="GLOBECAST" sid="8120" onid="167" tsid="5216" />
    <channel service_ref="1:0:1:20db:1470:00a7:013b0000:0:0:0:" name="Cinemax HD" service_name="Cinemax HD" provider="GLOBECAST" sid="8411" onid="167" tsid="5232" />
    <channel service_ref="1:0:1:1fb7:1460:00a7:013b0000:0:0:0:" name="CNN International" service_name="CNN International" provider="GLOBECAST" sid="8119" onid="167" tsid="5216" />
    <channel service_ref="1:0:1:1faf:1460:00a7:013b0000:0:0:0:" name="Comedy Central" service_name="Comedy Central" provider="GLOBECAST" sid="8111" onid="167" tsid="5216" />
    <channel service_ref="1:0:1:0334:146c:00a7:013b0000:0:0:0:" name="Cool TV" service_name="Cool TV" provider="GLOBECAST" sid="820" onid="167" tsid="5228" />
    <channel service_ref="1:0:1:1fb4:1460:00a7:013b0000:0:0:0:" name="Crime+ Investigation Channel" service_name="Crime+ Investigation Channel" provider="GLOBECAST" sid="8116" onid="167" tsid="5216" />
    <channel service_ref="1:0:1:081a:146c:00a7:013b0000:0:0:0:" name="Discovery Channel HD" service_name="Discovery Channel HD" provider="GLOBECAST" sid="2074" onid="167" tsid="5228" />
    <channel service_ref="1:0:1:20d6:1470:00a7:013b0000:0:0:0:" name="Disney Channel" service_name="Disney Channel" provider="GLOBECAST" sid="8406" onid="167" tsid="5232" />
    <channel service_ref="1:0:1:085b:1474:00a7:013b0000:0:0:0:" name="Disney Junior" service_name="Disney Junior" provider="GLOBECAST" sid="2139" onid="167" tsid="5236" />
    <channel service_ref="1:0:1:207b:146c:00a7:013b0000:0:0:0:" name="Diva" service_name="Diva" provider="GLOBECAST" sid="8315" onid="167" tsid="5228" />
    <channel service_ref="1:0:1:1fad:1460:00a7:013b0000:0:0:0:" name="DocuBox HD" service_name="DocuBox HD" provider="GLOBECAST" sid="8109" onid="167" tsid="5216" />
    <channel service_ref="1:0:1:20df:1470:00a7:013b0000:0:0:0:" name="Dorcel XXX" service_name="Dorcel XXX" provider="GLOBECAST" sid="8415" onid="167" tsid="5232" />
    <channel service_ref="1:0:1:200d:1464:00a7:013b0000:0:0:0:" name="Duck TV" service_name="Duck TV" provider="GLOBECAST" sid="8205" onid="167" tsid="5220" />
    <channel service_ref="1:0:1:07e3:1464:00a7:013b0000:0:0:0:" name="Duna" service_name="Duna" provider="GLOBECAST" sid="2019" onid="167" tsid="5220" />
    <channel service_ref="1:0:25:1d7e:1456:0005:013b0000:0:0:0:" name="DW English HD" service_name="DW English HD" provider="SES ASTRA" sid="7550" onid="5" tsid="5206" />
    <channel service_ref="1:0:1:21a5:1478:00a7:013b0000:0:0:0:" name="E! Entertainment HD" service_name="E! Entertainment HD" provider="GLOBECAST" sid="8613" onid="167" tsid="5240" />
    <channel service_ref="1:0:1:0360:1474:00a7:013b0000:0:0:0:" name="Epic Drama HD" service_name="Epic Drama HD" provider="GLOBECAST" sid="864" onid="167" tsid="5236" />
    <channel service_ref="1:0:1:21a1:1478:00a7:013b0000:0:0:0:" name="Erdely Tv" service_name="Erdely Tv" provider="GLOBECAST" sid="8609" onid="167" tsid="5240" />
    <channel service_ref="1:0:1:081f:146c:00a7:013b0000:0:0:0:" name="Erox HD" service_name="Erox HD" provider="GLOBECAST" sid="2079" onid="167" tsid="5228" />
    <channel service_ref="1:0:1:1fb0:1460:00a7:013b0000:0:0:0:" name="ETNO" service_name="ETNO" provider="GLOBECAST" sid="8112" onid="167" tsid="5216" />
    <channel service_ref="1:0:1:20d5:1470:00a7:013b0000:0:0:0:" name="Euronews" service_name="Euronews" provider="GLOBECAST" sid="8405" onid="167" tsid="5232" />
    <channel service_ref="1:0:1:213a:1474:00a7:013b0000:0:0:0:" name="Eurosport 1 HD" service_name="Eurosport 1 HD" provider="GLOBECAST" sid="8506" onid="167" tsid="5236" />
    <channel service_ref="1:0:1:219e:1478:00a7:013b0000:0:0:0:" name="Eurosport 2 HD" service_name="Eurosport 2 HD" provider="GLOBECAST" sid="8606" onid="167" tsid="5240" />
    <channel service_ref="1:0:1:207c:146c:00a7:013b0000:0:0:0:" name="Extreme Sports" service_name="Extreme Sports" provider="GLOBECAST" sid="8316" onid="167" tsid="5228" />
    <channel service_ref="1:0:1:085d:1474:00a7:013b0000:0:0:0:" name="FashionBox HD" service_name="FashionBox HD" provider="GLOBECAST" sid="2141" onid="167" tsid="5236" />
    <channel service_ref="1:0:1:21a3:1478:00a7:013b0000:0:0:0:" name="Favorit" service_name="Favorit" provider="GLOBECAST" sid="8611" onid="167" tsid="5240" />
    <channel service_ref="1:0:1:219c:1478:00a7:013b0000:0:0:0:" name="FightBox HD" service_name="FightBox HD" provider="GLOBECAST" sid="8604" onid="167" tsid="5240" />
    <channel service_ref="1:0:1:213e:1474:00a7:013b0000:0:0:0:" name="Film Cafe" service_name="Film Cafe" provider="GLOBECAST" sid="8510" onid="167" tsid="5236" />
    <channel service_ref="1:0:1:220f:1468:00a7:013b0000:0:0:0:" name="Film+" service_name="Film+" provider="GLOBECAST" sid="8719" onid="167" tsid="5224" />
    <channel service_ref="1:0:1:081b:146c:00a7:013b0000:0:0:0:" name="Filmbox Extra HD" service_name="Filmbox Extra HD" provider="GLOBECAST" sid="2075" onid="167" tsid="5228" />
    <channel service_ref="1:0:1:1faa:1460:00a7:013b0000:0:0:0:" name="Filmbox SD" service_name="Filmbox SD" provider="GLOBECAST" sid="8106" onid="167" tsid="5216" />
    <channel service_ref="1:0:1:035f:1474:00a7:013b0000:0:0:0:" name="Fishing and Hunting HD" service_name="Fishing and Hunting HD" provider="GLOBECAST" sid="863" onid="167" tsid="5236" />
    <channel service_ref="1:0:1:085a:1474:00a7:013b0000:0:0:0:" name="France 24" service_name="France 24" provider="GLOBECAST" sid="2138" onid="167" tsid="5236" />
    <channel service_ref="1:0:1:081e:146c:00a7:013b0000:0:0:0:" name="Happy Channel HD" service_name="Happy Channel HD" provider="GLOBECAST" sid="2078" onid="167" tsid="5228" />
    <channel service_ref="1:0:1:08a2:1468:00a7:013b0000:0:0:0:" name="HBO HD" service_name="HBO HD" provider="GLOBECAST" sid="2210" onid="167" tsid="5224" />
    <channel service_ref="1:0:1:21ac:1478:00a7:013b0000:0:0:0:" name="HBO2 HD" service_name="HBO2 HD" provider="GLOBECAST" sid="8620" onid="167" tsid="5240" />
    <channel service_ref="1:0:1:201d:1464:00a7:013b0000:0:0:0:" name="HBO3 HD" service_name="HBO3 HD" provider="GLOBECAST" sid="8221" onid="167" tsid="5220" />
    <channel service_ref="1:0:1:21a0:1478:00a7:013b0000:0:0:0:" name="History HD" service_name="History HD" provider="GLOBECAST" sid="8608" onid="167" tsid="5240" />
    <channel service_ref="1:0:1:0383:1468:00a7:013b0000:0:0:0:" name="Hustler HD" service_name="Hustler HD" provider="GLOBECAST" sid="899" onid="167" tsid="5224" />
    <channel service_ref="1:0:1:20d9:1470:00a7:013b0000:0:0:0:" name="Investigation Discovery HD" service_name="Investigation Discovery HD" provider="GLOBECAST" sid="8409" onid="167" tsid="5232" />
    <channel service_ref="1:0:1:220b:1468:00a7:013b0000:0:0:0:" name="JimJam" service_name="JimJam" provider="GLOBECAST" sid="8715" onid="167" tsid="5224" />
    <channel service_ref="1:0:1:20d1:1470:00a7:013b0000:0:0:0:" name="Kanal D HD" service_name="Kanal D HD" provider="GLOBECAST" sid="8401" onid="167" tsid="5232" />
    <channel service_ref="1:0:1:213f:1474:00a7:013b0000:0:0:0:" name="Kiss TV" service_name="Kiss TV" provider="GLOBECAST" sid="8511" onid="167" tsid="5236" />
    <channel service_ref="1:0:1:089c:1468:00a7:013b0000:0:0:0:" name="Look Plus HD" service_name="Look Plus HD" provider="GLOBECAST" sid="2204" onid="167" tsid="5224" />
    <channel service_ref="1:0:1:200f:1464:00a7:013b0000:0:0:0:" name="Look Sport 2 HD" service_name="Look Sport 2 HD" provider="GLOBECAST" sid="8207" onid="167" tsid="5220" />
    <channel service_ref="1:0:1:206f:146c:00a7:013b0000:0:0:0:" name="Look Sport 3 HD" service_name="Look Sport 3 HD" provider="GLOBECAST" sid="8303" onid="167" tsid="5228" />
    <channel service_ref="1:0:1:089d:1468:00a7:013b0000:0:0:0:" name="Look Sport HD" service_name="Look Sport HD" provider="GLOBECAST" sid="2205" onid="167" tsid="5224" />
    <channel service_ref="1:0:1:21a9:1478:00a7:013b0000:0:0:0:" name="M1" service_name="M1" provider="GLOBECAST" sid="8617" onid="167" tsid="5240" />
    <channel service_ref="1:0:1:21aa:1478:00a7:013b0000:0:0:0:" name="M2" service_name="M2" provider="GLOBECAST" sid="8618" onid="167" tsid="5240" />
    <channel service_ref="1:0:1:20d8:1470:00a7:013b0000:0:0:0:" name="Magic TV" service_name="Magic TV" provider="GLOBECAST" sid="8408" onid="167" tsid="5232" />
    <channel service_ref="1:0:1:20dc:1470:00a7:013b0000:0:0:0:" name="MEZZO" service_name="MEZZO" provider="GLOBECAST" sid="8412" onid="167" tsid="5232" />
    <channel service_ref="1:0:1:1fb2:1460:00a7:013b0000:0:0:0:" name="Mezzo Live HD" service_name="Mezzo Live HD" provider="GLOBECAST" sid="8114" onid="167" tsid="5216" />
    <channel service_ref="1:0:1:0330:146c:00a7:013b0000:0:0:0:" name="Minimax" service_name="Minimax" provider="GLOBECAST" sid="816" onid="167" tsid="5228" />
    <channel service_ref="1:0:1:21fd:1468:00a7:013b0000:0:0:0:" name="Motorvision HD" service_name="Motorvision HD" provider="GLOBECAST" sid="8701" onid="167" tsid="5224" />
    <channel service_ref="1:0:1:201b:1464:00a7:013b0000:0:0:0:" name="MTV" service_name="MTV" provider="GLOBECAST" sid="8219" onid="167" tsid="5220" />
    <channel service_ref="1:0:1:1fb1:1460:00a7:013b0000:0:0:0:" name="MTV 00s" service_name="MTV 00s" provider="GLOBECAST" sid="8113" onid="167" tsid="5216" />
    <channel service_ref="1:0:1:085c:1474:00a7:013b0000:0:0:0:" name="MTV Live HD" service_name="MTV Live HD" provider="GLOBECAST" sid="2140" onid="167" tsid="5236" />
    <channel service_ref="1:0:1:0335:146c:00a7:013b0000:0:0:0:" name="Muzsika TV" service_name="Muzsika TV" provider="GLOBECAST" sid="821" onid="167" tsid="5228" />
    <channel service_ref="1:0:1:20dd:1470:00a7:013b0000:0:0:0:" name="Myzen HD" service_name="Myzen HD" provider="GLOBECAST" sid="8413" onid="167" tsid="5232" />
    <channel service_ref="1:0:1:1fa8:1460:00a7:013b0000:0:0:0:" name="N24 Plus" service_name="N24 Plus" provider="GLOBECAST" sid="8104" onid="167" tsid="5216" />
    <channel service_ref="1:0:1:200a:1464:00a7:013b0000:0:0:0:" name="National TV" service_name="National TV" provider="GLOBECAST" sid="8202" onid="167" tsid="5220" />
    <channel service_ref="1:0:1:07db:1464:00a7:013b0000:0:0:0:" name="Nick Jr." service_name="Nick Jr." provider="GLOBECAST" sid="2011" onid="167" tsid="5220" />
    <channel service_ref="1:0:1:1fa9:1460:00a7:013b0000:0:0:0:" name="Nickelodeon" service_name="Nickelodeon" provider="GLOBECAST" sid="8105" onid="167" tsid="5216" />
    <channel service_ref="1:0:1:20da:1470:00a7:013b0000:0:0:0:" name="Nicktoons" service_name="Nicktoons" provider="GLOBECAST" sid="8410" onid="167" tsid="5232" />
    <channel service_ref="1:0:1:220a:1468:00a7:013b0000:0:0:0:" name="Orange Info" service_name="Orange Info" provider="GLOBECAST" sid="8714" onid="167" tsid="5224" />
    <channel service_ref="1:0:1:1fa6:1460:00a7:013b0000:0:0:0:" name="Prima HD" service_name="Prima HD" provider="GLOBECAST" sid="8102" onid="167" tsid="5216" />
    <channel service_ref="1:0:1:20d2:1470:00a7:013b0000:0:0:0:" name="PRO 2 HD" service_name="PRO 2 HD" provider="GLOBECAST" sid="8402" onid="167" tsid="5232" />
    <channel service_ref="1:0:1:21ab:1478:00a7:013b0000:0:0:0:" name="PRO CINEMA HD" service_name="PRO CINEMA HD" provider="GLOBECAST" sid="8619" onid="167" tsid="5240" />
    <channel service_ref="1:0:1:035d:1474:00a7:013b0000:0:0:0:" name="PRO GOLD HD" service_name="PRO GOLD HD" provider="GLOBECAST" sid="861" onid="167" tsid="5236" />
    <channel service_ref="1:0:1:1fa5:1460:00a7:013b0000:0:0:0:" name="PRO TV HD" service_name="PRO TV HD" provider="GLOBECAST" sid="8101" onid="167" tsid="5216" />
    <channel service_ref="1:0:1:0331:146c:00a7:013b0000:0:0:0:" name="PRO X HD" service_name="PRO X HD" provider="GLOBECAST" sid="817" onid="167" tsid="5228" />
    <channel service_ref="1:0:1:219d:1478:00a7:013b0000:0:0:0:" name="Profit ro" service_name="Profit ro" provider="GLOBECAST" sid="8605" onid="167" tsid="5240" />
    <channel service_ref="1:0:1:219b:1478:00a7:013b0000:0:0:0:" name="Realitatea Plus" service_name="Realitatea Plus" provider="GLOBECAST" sid="8603" onid="167" tsid="5240" />
    <channel service_ref="1:0:1:089a:1468:00a7:013b0000:0:0:0:" name="Redlight HD" service_name="Redlight HD" provider="GLOBECAST" sid="2202" onid="167" tsid="5224" />
    <channel service_ref="1:0:1:213b:1474:00a7:013b0000:0:0:0:" name="Rock TV" service_name="Rock TV" provider="GLOBECAST" sid="8507" onid="167" tsid="5236" />
    <channel service_ref="1:0:1:035b:1474:00a7:013b0000:0:0:0:" name="Romania TV" service_name="Romania TV" provider="GLOBECAST" sid="859" onid="167" tsid="5236" />
    <channel service_ref="1:0:1:214a:1474:00a7:013b0000:0:0:0:" name="RTL II" service_name="RTL II" provider="GLOBECAST" sid="8522" onid="167" tsid="5236" />
    <channel service_ref="1:0:1:201c:1464:00a7:013b0000:0:0:0:" name="RTL Klub" service_name="RTL Klub" provider="GLOBECAST" sid="8220" onid="167" tsid="5220" />
    <channel service_ref="1:0:1:20e4:1470:00a7:013b0000:0:0:0:" name="RTL+" service_name="RTL+" provider="GLOBECAST" sid="8420" onid="167" tsid="5232" />
    <channel service_ref="1:0:1:207e:146c:00a7:013b0000:0:0:0:" name="Speranta TV" service_name="Speranta TV" provider="GLOBECAST" sid="8318" onid="167" tsid="5228" />
    <channel service_ref="1:0:1:206c:146c:00a7:013b0000:0:0:0:" name="SSU" service_name="SSU" provider="GLOBECAST" sid="8300" onid="167" tsid="5228" />
    <channel service_ref="1:0:1:07de:1464:00a7:013b0000:0:0:0:" name="Taraf HD" service_name="Taraf HD" provider="GLOBECAST" sid="2014" onid="167" tsid="5220" />
    <channel service_ref="1:0:1:085f:1474:00a7:013b0000:0:0:0:" name="TLC HD" service_name="TLC HD" provider="GLOBECAST" sid="2143" onid="167" tsid="5236" />
    <channel service_ref="1:0:1:0332:146c:00a7:013b0000:0:0:0:" name="Trace Caribbean HD" service_name="Trace Caribbean HD" provider="GLOBECAST" sid="818" onid="167" tsid="5228" />
    <channel service_ref="1:0:1:1fab:1460:00a7:013b0000:0:0:0:" name="Trace Sport Stars HD" service_name="Trace Sport Stars HD" provider="GLOBECAST" sid="8107" onid="167" tsid="5216" />
    <channel service_ref="1:0:1:081d:146c:00a7:013b0000:0:0:0:" name="Trace Urban HD" service_name="Trace Urban HD" provider="GLOBECAST" sid="2077" onid="167" tsid="5228" />
    <channel service_ref="1:0:1:21a6:1478:00a7:013b0000:0:0:0:" name="Travel Channel HD" service_name="Travel Channel HD" provider="GLOBECAST" sid="8614" onid="167" tsid="5240" />
    <channel service_ref="1:0:1:21ff:1468:00a7:013b0000:0:0:0:" name="Travel Mix HD" service_name="Travel Mix HD" provider="GLOBECAST" sid="8703" onid="167" tsid="5224" />
    <channel service_ref="1:0:1:07e1:1464:00a7:013b0000:0:0:0:" name="Trinitas HD" service_name="Trinitas HD" provider="GLOBECAST" sid="2017" onid="167" tsid="5220" />
    <channel service_ref="1:0:1:1d4d:1456:0005:013b0000:0:0:0:" name="Turan TV" service_name="Turan TV" provider="" sid="7501" onid="5" tsid="5206" />
    <channel service_ref="1:0:1:20de:1470:00a7:013b0000:0:0:0:" name="TV Paprika" service_name="TV Paprika" provider="GLOBECAST" sid="8414" onid="167" tsid="5232" />
    <channel service_ref="1:0:1:21a2:1478:00a7:013b0000:0:0:0:" name="TV1000" service_name="TV1000" provider="GLOBECAST" sid="8610" onid="167" tsid="5240" />
    <channel service_ref="1:0:1:081c:146c:00a7:013b0000:0:0:0:" name="TV5 MONDE" service_name="TV5 MONDE" provider="GLOBECAST" sid="2076" onid="167" tsid="5228" />
    <channel service_ref="1:0:1:219a:1478:00a7:013b0000:0:0:0:" name="TVR 1 HD" service_name="TVR 1 HD" provider="GLOBECAST" sid="8602" onid="167" tsid="5240" />
    <channel service_ref="1:0:1:0381:1478:00a7:013b0000:0:0:0:" name="TVR 2 HD" service_name="TVR 2 HD" provider="GLOBECAST" sid="897" onid="167" tsid="5240" />
    <channel service_ref="1:0:1:1fa7:1460:00a7:013b0000:0:0:0:" name="TVR 3" service_name="TVR 3" provider="GLOBECAST" sid="8103" onid="167" tsid="5216" />
    <channel service_ref="1:0:1:20d3:1470:00a7:013b0000:0:0:0:" name="TVR International" service_name="TVR International" provider="GLOBECAST" sid="8403" onid="167" tsid="5232" />
    <channel service_ref="1:0:1:1fae:1460:00a7:013b0000:0:0:0:" name="Viasat Explore HD" service_name="Viasat Explore HD" provider="GLOBECAST" sid="8110" onid="167" tsid="5216" />
    <channel service_ref="1:0:1:07df:1464:00a7:013b0000:0:0:0:" name="Viasat History HD" service_name="Viasat History HD" provider="GLOBECAST" sid="2015" onid="167" tsid="5220" />
    <channel service_ref="1:0:1:213d:1474:00a7:013b0000:0:0:0:" name="Viasat Nature HD" service_name="Viasat Nature HD" provider="GLOBECAST" sid="8509" onid="167" tsid="5236" />
    <channel service_ref="1:0:1:1d92:1456:0005:013b0000:0:0:0:" name="VTV Romania" service_name="VTV Romania" provider="" sid="7570" onid="5" tsid="5206" />
    <channel service_ref="1:0:1:20d7:1470:00a7:013b0000:0:0:0:" name="Zu TV HD" service_name="Zu TV HD" provider="GLOBECAST" sid="8407" onid="167" tsid="5232" />
  </bouquet>
  <bouquet name="Movies" category="tv">
    <channel service_ref="1:0:1:040e:0002:0001:013b0000:0:0:0:" name="038 - FILMBOX" service_name="038 - FILMBOX" provider="Magtisat" sid="1038" onid="1" tsid="2" />
    <channel service_ref="1:0:1:01c0:0004:0001:013b0000:0:0:0:" name="096 - Cinema" service_name="096 - Cinema" provider="Magtisat" sid="448" onid="1" tsid="4" />
    <channel service_ref="1:0:1:07ee:0003:0001:013b0000:0:0:0:" name="103 - FILMBOXARTHOUSE" service_name="103 - FILMBOXARTHOUSE" provider="Magtisat" sid="2030" onid="1" tsid="3" />
    <channel service_ref="1:0:1:0333:146c:00a7:013b0000:0:0:0:" name="Cinemaraton HD" service_name="Cinemaraton HD" provider="GLOBECAST" sid="819" onid="167" tsid="5228" />
    <channel service_ref="1:0:1:1fb8:1460:00a7:013b0000:0:0:0:" name="Cinemax 2 HD" service_name="Cinemax 2 HD" provider="GLOBECAST" sid="8120" onid="167" tsid="5216" />
    <channel service_ref="1:0:1:20db:1470:00a7:013b0000:0:0:0:" name="Cinemax HD" service_name="Cinemax HD" provider="GLOBECAST" sid="8411" onid="167" tsid="5232" />
    <channel service_ref="1:0:1:213e:1474:00a7:013b0000:0:0:0:" name="Film Cafe" service_name="Film Cafe" provider="GLOBECAST" sid="8510" onid="167" tsid="5236" />
    <channel service_ref="1:0:1:220f:1468:00a7:013b0000:0:0:0:" name="Film+" service_name="Film+" provider="GLOBECAST" sid="8719" onid="167" tsid="5224" />
    <channel service_ref="1:0:1:081b:146c:00a7:013b0000:0:0:0:" name="Filmbox Extra HD" service_name="Filmbox Extra HD" provider="GLOBECAST" sid="2075" onid="167" tsid="5228" />
    <channel service_ref="1:0:1:1faa:1460:00a7:013b0000:0:0:0:" name="Filmbox SD" service_name="Filmbox SD" provider="GLOBECAST" sid="8106" onid="167" tsid="5216" />
    <channel service_ref="1:0:1:21ab:1478:00a7:013b0000:0:0:0:" name="PRO CINEMA HD" service_name="PRO CINEMA HD" provider="GLOBECAST" sid="8619" onid="167" tsid="5240" />
  </bouquet>
  <bouquet name="Series" category="tv">
    <channel service_ref="1:0:1:0360:1474:00a7:013b0000:0:0:0:" name="Epic Drama HD" service_name="Epic Drama HD" provider="GLOBECAST" sid="864" onid="167" tsid="5236" />
  </bouquet>
  <bouquet name="News" category="tv">
    <channel service_ref="1:0:1:03ed:0001:0001:013baec5:0:0:0:" name="005 - BBC World News" service_name="005 - BBC World News" provider="Magtisat" sid="1005" onid="1" tsid="1" />
    <channel service_ref="1:0:1:03f2:0001:0001:013baec5:0:0:0:" name="010 - Euronews" service_name="010 - Euronews" provider="Magtisat" sid="1010" onid="1" tsid="1" />
    <channel service_ref="1:0:1:104a:0004:0001:013b0000:0:0:0:" name="317 -IP- PalitraNews" service_name="317 -IP- PalitraNews" provider="Magtisat" sid="4170" onid="1" tsid="4" />
    <channel service_ref="1:0:1:0382:1468:00a7:013b0000:0:0:0:" name="Aleph News" service_name="Aleph News" provider="GLOBECAST" sid="898" onid="167" tsid="5224" />
    <channel service_ref="1:0:1:08a0:1468:00a7:013b0000:0:0:0:" name="BBC World News" service_name="BBC World News" provider="GLOBECAST" sid="2208" onid="167" tsid="5224" />
    <channel service_ref="1:0:1:20d5:1470:00a7:013b0000:0:0:0:" name="Euronews" service_name="Euronews" provider="GLOBECAST" sid="8405" onid="167" tsid="5232" />
  </bouquet>
  <bouquet name="Sports" category="tv">
    <channel service_ref="1:0:1:03fd:0001:0001:013baec5:0:0:0:" name="021 - Eurosport" service_name="021 - Eurosport" provider="Magtisat" sid="1021" onid="1" tsid="1" />
    <channel service_ref="1:0:1:03fe:0001:0001:013baec5:0:0:0:" name="022 - Eurosport 2" service_name="022 - Eurosport 2" provider="Magtisat" sid="1022" onid="1" tsid="1" />
    <channel service_ref="1:0:1:01b3:0003:0001:013b0000:0:0:0:" name="077 - AdjaraSport2" service_name="077 - AdjaraSport2" provider="Magtisat" sid="435" onid="1" tsid="3" />
    <channel service_ref="1:0:1:01b5:0004:0001:013b0000:0:0:0:" name="079 - Viasat Sport" service_name="079 - Viasat Sport" provider="Magtisat" sid="437" onid="1" tsid="4" />
    <channel service_ref="1:0:1:01bd:0004:0001:013b0000:0:0:0:" name="093 - SetantaSports 1" service_name="093 - SetantaSports 1" provider="Magtisat" sid="445" onid="1" tsid="4" />
    <channel service_ref="1:0:1:01be:0004:0001:013b0000:0:0:0:" name="094 - SetantaSports 2" service_name="094 - SetantaSports 2" provider="Magtisat" sid="446" onid="1" tsid="4" />
    <channel service_ref="1:0:1:040c:0004:0001:013b0000:0:0:0:" name="315 -IP- AdjaraSport" service_name="315 -IP- AdjaraSport" provider="Magtisat" sid="1036" onid="1" tsid="4" />
    <channel service_ref="1:0:1:213a:1474:00a7:013b0000:0:0:0:" name="Eurosport 1 HD" service_name="Eurosport 1 HD" provider="GLOBECAST" sid="8506" onid="167" tsid="5236" />
    <channel service_ref="1:0:1:219e:1478:00a7:013b0000:0:0:0:" name="Eurosport 2 HD" service_name="Eurosport 2 HD" provider="GLOBECAST" sid="8606" onid="167" tsid="5240" />
    <channel service_ref="1:0:1:207c:146c:00a7:013b0000:0:0:0:" name="Extreme Sports" service_name="Extreme Sports" provider="GLOBECAST" sid="8316" onid="167" tsid="5228" />
    <channel service_ref="1:0:1:200f:1464:00a7:013b0000:0:0:0:" name="Look Sport 2 HD" service_name="Look Sport 2 HD" provider="GLOBECAST" sid="8207" onid="167" tsid="5220" />
    <channel service_ref="1:0:1:206f:146c:00a7:013b0000:0:0:0:" name="Look Sport 3 HD" service_name="Look Sport 3 HD" provider="GLOBECAST" sid="8303" onid="167" tsid="5228" />
    <channel service_ref="1:0:1:089d:1468:00a7:013b0000:0:0:0:" name="Look Sport HD" service_name="Look Sport HD" provider="GLOBECAST" sid="2205" onid="167" tsid="5224" />
    <channel service_ref="1:0:1:1fab:1460:00a7:013b0000:0:0:0:" name="Trace Sport Stars HD" service_name="Trace Sport Stars HD" provider="GLOBECAST" sid="8107" onid="167" tsid="5216" />
  </bouquet>
  <bouquet name="Kids" category="tv">
    <channel service_ref="1:0:1:00c7:0002:0001:013b0000:0:0:0:" name="033 - Nickelodeon" service_name="033 - Nickelodeon" provider="Magtisat" sid="199" onid="1" tsid="2" />
    <channel service_ref="1:0:1:019e:0002:0001:013b0000:0:0:0:" name="044 - Cartoon Network" service_name="044 - Cartoon Network" provider="Magtisat" sid="414" onid="1" tsid="2" />
    <channel service_ref="1:0:1:0361:1474:00a7:013b0000:0:0:0:" name="Boomerang" service_name="Boomerang" provider="GLOBECAST" sid="865" onid="167" tsid="5236" />
    <channel service_ref="1:0:1:20e3:1470:00a7:013b0000:0:0:0:" name="Cartoon Network" service_name="Cartoon Network" provider="GLOBECAST" sid="8419" onid="167" tsid="5232" />
    <channel service_ref="1:0:1:20d6:1470:00a7:013b0000:0:0:0:" name="Disney Channel" service_name="Disney Channel" provider="GLOBECAST" sid="8406" onid="167" tsid="5232" />
    <channel service_ref="1:0:1:085b:1474:00a7:013b0000:0:0:0:" name="Disney Junior" service_name="Disney Junior" provider="GLOBECAST" sid="2139" onid="167" tsid="5236" />
    <channel service_ref="1:0:1:1fa9:1460:00a7:013b0000:0:0:0:" name="Nickelodeon" service_name="Nickelodeon" provider="GLOBECAST" sid="8105" onid="167" tsid="5216" />
  </bouquet>
  <bouquet name="Music" category="tv">
    <channel service_ref="1:0:1:00c6:0001:0001:013baec5:0:0:0:" name="032 - MTV" service_name="032 - MTV" provider="Magtisat" sid="198" onid="1" tsid="1" />
    <channel service_ref="1:0:1:01b2:0003:0001:013b0000:0:0:0:" name="076 - Mezzo" service_name="076 - Mezzo" provider="Magtisat" sid="434" onid="1" tsid="3" />
    <channel service_ref="1:0:1:20dc:1470:00a7:013b0000:0:0:0:" name="MEZZO" service_name="MEZZO" provider="GLOBECAST" sid="8412" onid="167" tsid="5232" />
    <channel service_ref="1:0:1:1fb2:1460:00a7:013b0000:0:0:0:" name="Mezzo Live HD" service_name="Mezzo Live HD" provider="GLOBECAST" sid="8114" onid="167" tsid="5216" />
    <channel service_ref="1:0:1:201b:1464:00a7:013b0000:0:0:0:" name="MTV" service_name="MTV" provider="GLOBECAST" sid="8219" onid="167" tsid="5220" />
    <channel service_ref="1:0:1:1fb1:1460:00a7:013b0000:0:0:0:" name="MTV 00s" service_name="MTV 00s" provider="GLOBECAST" sid="8113" onid="167" tsid="5216" />
    <channel service_ref="1:0:1:085c:1474:00a7:013b0000:0:0:0:" name="MTV Live HD" service_name="MTV Live HD" provider="GLOBECAST" sid="2140" onid="167" tsid="5236" />
    <channel service_ref="1:0:1:0332:146c:00a7:013b0000:0:0:0:" name="Trace Caribbean HD" service_name="Trace Caribbean HD" provider="GLOBECAST" sid="818" onid="167" tsid="5228" />
    <channel service_ref="1:0:1:081d:146c:00a7:013b0000:0:0:0:" name="Trace Urban HD" service_name="Trace Urban HD" provider="GLOBECAST" sid="2077" onid="167" tsid="5228" />
  </bouquet>
  <bouquet name="Documentary" category="tv">
    <channel service_ref="1:0:1:03ea:0001:0001:013baec5:0:0:0:" name="002 - NAT GEO WILD" service_name="002 - NAT GEO WILD" provider="Magtisat" sid="1002" onid="1" tsid="1" />
    <channel service_ref="1:0:1:00c2:0001:0001:013baec5:0:0:0:" name="028 - Animal Planet" service_name="028 - Animal Planet" provider="Magtisat" sid="194" onid="1" tsid="1" />
    <channel service_ref="1:0:1:01ab:0002:0001:013b0000:0:0:0:" name="063 - National Geographic" service_name="063 - National Geographic" provider="Magtisat" sid="427" onid="1" tsid="2" />
    <channel service_ref="1:0:1:01bf:0004:0001:013b0000:0:0:0:" name="095 - Jivaya Planeta" service_name="095 - Jivaya Planeta" provider="Magtisat" sid="447" onid="1" tsid="4" />
    <channel service_ref="1:0:1:083e:0004:0001:013b0000:0:0:0:" name="111 - Viasat History" service_name="111 - Viasat History" provider="Magtisat" sid="2110" onid="1" tsid="4" />
    <channel service_ref="1:0:1:0bd6:0003:0001:013b0000:0:0:0:" name="203 -V- 1TVGeorgia SD" service_name="203 -V- 1TVGeorgia SD" provider="Magtisat" sid="3030" onid="1" tsid="3" />
    <channel service_ref="1:0:1:0ffa:0004:0001:013b0000:0:0:0:" name="309 -IP- PlanetaHD" service_name="309 -IP- PlanetaHD" provider="magtisat" sid="4090" onid="1" tsid="4" />
    <channel service_ref="1:0:1:07da:1464:00a7:013b0000:0:0:0:" name="Animal Planet HD" service_name="Animal Planet HD" provider="GLOBECAST" sid="2010" onid="167" tsid="5220" />
    <channel service_ref="1:0:1:21a0:1478:00a7:013b0000:0:0:0:" name="History HD" service_name="History HD" provider="GLOBECAST" sid="8608" onid="167" tsid="5240" />
    <channel service_ref="1:0:1:07df:1464:00a7:013b0000:0:0:0:" name="Viasat History HD" service_name="Viasat History HD" provider="GLOBECAST" sid="2015" onid="167" tsid="5220" />
  </bouquet>
  <bouquet name="RTL" category="tv">
    <channel service_ref="1:0:1:03ef:0001:0001:013baec5:0:0:0:" name="007 - FashionTV" service_name="007 - FashionTV" provider="Magtisat" sid="1007" onid="1" tsid="1" />
    <channel service_ref="1:0:1:214a:1474:00a7:013b0000:0:0:0:" name="RTL II" service_name="RTL II" provider="GLOBECAST" sid="8522" onid="167" tsid="5236" />
    <channel service_ref="1:0:1:201c:1464:00a7:013b0000:0:0:0:" name="RTL Klub" service_name="RTL Klub" provider="GLOBECAST" sid="8220" onid="167" tsid="5220" />
    <channel service_ref="1:0:1:20e4:1470:00a7:013b0000:0:0:0:" name="RTL+" service_name="RTL+" provider="GLOBECAST" sid="8420" onid="167" tsid="5232" />
  </bouquet>
  <bouquet name="ARD/ZDF" category="tv">
    <channel service_ref="1:0:1:019a:0002:0001:013b0000:0:0:0:" name="040 - BrazzerTV" service_name="040 - BrazzerTV" provider="Magtisat" sid="410" onid="1" tsid="2" />
    <channel service_ref="1:0:1:0bcc:0003:0001:013b0000:0:0:0:" name="202 -V- DardiMandi" service_name="202 -V- DardiMandi" provider="Magtisat" sid="3020" onid="1" tsid="3" />
  </bouquet>
  <bouquet name="BBC" category="tv">
    <channel service_ref="1:0:1:07dc:1464:00a7:013b0000:0:0:0:" name="BBC Earth" service_name="BBC Earth" provider="GLOBECAST" sid="2012" onid="167" tsid="5220" />
  </bouquet>
  <bouquet name="TF1" category="tv">
    <channel service_ref="1:0:1:0fd2:0004:0001:013b0000:0:0:0:" name="305 -IP- France24" service_name="305 -IP- France24" provider="Magtisat" sid="4050" onid="1" tsid="4" />
    <channel service_ref="1:0:1:085a:1474:00a7:013b0000:0:0:0:" name="France 24" service_name="France 24" provider="GLOBECAST" sid="2138" onid="167" tsid="5236" />
  </bouquet>
  <bouquet name="Austria" category="tv">
    <channel service_ref="1:0:1:03fa:0004:0001:013b0000:0:0:0:" name="312 -IP- ArmeniaTV" service_name="312 -IP- ArmeniaTV" provider="Magtisat" sid="1018" onid="1" tsid="4" />
  </bouquet>
  <bouquet name="Switzerland" category="tv">
    <channel service_ref="1:0:1:03eb:0001:0001:013baec5:0:0:0:" name="003 - Marao" service_name="003 - Marao" provider="Magtisat" sid="1003" onid="1" tsid="1" />
    <channel service_ref="1:0:1:03f5:0001:0001:013baec5:0:0:0:" name="013 - Da Vinchi Learning" service_name="013 - Da Vinchi Learning" provider="Magtisat" sid="1013" onid="1" tsid="1" />
    <channel service_ref="1:0:1:03f7:0001:0001:013baec5:0:0:0:" name="015 - JimJam" service_name="015 - JimJam" provider="Magtisat" sid="1015" onid="1" tsid="1" />
    <channel service_ref="1:0:1:03ff:0001:0001:013baec5:0:0:0:" name="023 - TLC" service_name="023 - TLC" provider="Magtisat" sid="1023" onid="1" tsid="1" />
    <channel service_ref="1:0:1:00bf:0001:0001:013baec5:0:0:0:" name="025 - Discovery Science" service_name="025 - Discovery Science" provider="Magtisat" sid="191" onid="1" tsid="1" />
    <channel service_ref="1:0:1:00c4:0001:0001:013baec5:0:0:0:" name="030 - Nick Jr" service_name="030 - Nick Jr" provider="Magtisat" sid="196" onid="1" tsid="1" />
    <channel service_ref="1:0:1:00c5:0001:0001:013baec5:0:0:0:" name="031 - VH1 classic" service_name="031 - VH1 classic" provider="Magtisat" sid="197" onid="1" tsid="1" />
    <channel service_ref="1:0:1:040a:0002:0001:013b0000:0:0:0:" name="034 - Erox" service_name="034 - Erox" provider="Magtisat" sid="1034" onid="1" tsid="2" />
    <channel service_ref="1:0:1:040b:0002:0001:013b0000:0:0:0:" name="035 - Sarafan" service_name="035 - Sarafan" provider="Magtisat" sid="1035" onid="1" tsid="2" />
    <channel service_ref="1:0:1:040c:0002:0001:013b0000:0:0:0:" name="036 - Fox" service_name="036 - Fox" provider="Magtisat" sid="1036" onid="1" tsid="2" />
    <channel service_ref="1:0:1:040d:0002:0001:013b0000:0:0:0:" name="037 - ChasseAndPeche" service_name="037 - ChasseAndPeche" provider="Magtisat" sid="1037" onid="1" tsid="2" />
    <channel service_ref="1:0:1:040f:0002:0001:013b0000:0:0:0:" name="039 - Russia 24" service_name="039 - Russia 24" provider="Magtisat" sid="1039" onid="1" tsid="2" />
    <channel service_ref="1:0:1:019f:0002:0001:013b0000:0:0:0:" name="045 - Perec" service_name="045 - Perec" provider="Magtisat" sid="415" onid="1" tsid="2" />
    <channel service_ref="1:0:1:041a:0002:0001:013b0000:0:0:0:" name="050 - Evrokino" service_name="050 - Evrokino" provider="Magtisat" sid="1050" onid="1" tsid="2" />
    <channel service_ref="1:0:1:041c:0002:0001:013b0000:0:0:0:" name="052 - Avto24" service_name="052 - Avto24" provider="Magtisat" sid="1052" onid="1" tsid="2" />
    <channel service_ref="1:0:1:041d:0002:0001:013b0000:0:0:0:" name="053 -IP- saperaviTV" service_name="053 -IP- saperaviTV" provider="Magtisat" sid="1053" onid="1" tsid="2" />
    <channel service_ref="1:0:1:041e:0002:0001:013b0000:0:0:0:" name="054 - THT Myzicalni" service_name="054 - THT Myzicalni" provider="Magtisat" sid="1054" onid="1" tsid="2" />
    <channel service_ref="1:0:1:041f:0002:0001:013b0000:0:0:0:" name="055 - Magti Kino" service_name="055 - Magti Kino" provider="Magtisat" sid="1055" onid="1" tsid="2" />
    <channel service_ref="1:0:1:01a4:0002:0001:013b0000:0:0:0:" name="056 - Rossya Kultura" service_name="056 - Rossya Kultura" provider="Magtisat" sid="420" onid="1" tsid="2" />
    <channel service_ref="1:0:1:01a6:0002:0001:013b0000:0:0:0:" name="058 - Mult" service_name="058 - Mult" provider="Magtisat" sid="422" onid="1" tsid="2" />
    <channel service_ref="1:0:1:01a7:0002:0001:013b0000:0:0:0:" name="059 - Amedia Premium" service_name="059 - Amedia Premium" provider="Magtisat" sid="423" onid="1" tsid="2" />
    <channel service_ref="1:0:1:01af:0003:0001:013b0000:0:0:0:" name="073 - Fast and Fun Box" service_name="073 - Fast and Fun Box" provider="Magtisat" sid="431" onid="1" tsid="3" />
    <channel service_ref="1:0:1:01b1:0004:0001:013b0000:0:0:0:" name="075 - MMA-TV.com" service_name="075 - MMA-TV.com" provider="Magtisat" sid="433" onid="1" tsid="4" />
    <channel service_ref="1:0:1:043b:0004:0001:013b0000:0:0:0:" name="083 - IP - PosTV" service_name="083 - IP - PosTV" provider="magtisat" sid="1083" onid="1" tsid="4" />
    <channel service_ref="1:0:1:043f:0003:0001:013b0000:0:0:0:" name="087 - TV25" service_name="087 - TV25" provider="Magtisat" sid="1087" onid="1" tsid="3" />
    <channel service_ref="1:0:1:0142:0003:0001:013b0000:0:0:0:" name="105 - 360 TuneBox" service_name="105 - 360 TuneBox" provider="Magtisat" sid="322" onid="1" tsid="3" />
    <channel service_ref="1:0:1:0faa:0004:0001:013b0000:0:0:0:" name="301 -IP- TV Pirveli" service_name="301 -IP- TV Pirveli" provider="Magtisat" sid="4010" onid="1" tsid="4" />
    <channel service_ref="1:0:1:0fbe:0004:0001:013b0000:0:0:0:" name="303 -IP- HCTB" service_name="303 -IP- HCTB" provider="magtisat" sid="4030" onid="1" tsid="4" />
    <channel service_ref="1:0:1:0fc8:0004:0001:013b0000:0:0:0:" name="304 -IP- Nastaiashee vremia" service_name="304 -IP- Nastaiashee vremia" provider="magtisat" sid="4040" onid="1" tsid="4" />
    <channel service_ref="1:0:1:0fdc:0004:0001:013b0000:0:0:0:" name="306 -IP- Ragbi TV" service_name="306 -IP- Ragbi TV" provider="magtisat" sid="4060" onid="1" tsid="4" />
    <channel service_ref="1:0:1:0fe6:0004:0001:013b0000:0:0:0:" name="307 -IP- Pyatnica" service_name="307 -IP- Pyatnica" provider="magtisat" sid="4070" onid="1" tsid="4" />
    <channel service_ref="1:0:1:0ff0:0004:0001:013b0000:0:0:0:" name="308 -IP- CNN" service_name="308 -IP- CNN" provider="magtisat" sid="4080" onid="1" tsid="4" />
    <channel service_ref="1:0:1:03ec:0004:0001:013b0000:0:0:0:" name="310 -IP- Nauka" service_name="310 -IP- Nauka" provider="magtisat" sid="1004" onid="1" tsid="4" />
    <channel service_ref="1:0:1:100e:0004:0001:013b0000:0:0:0:" name="311 -IP- AzTV" service_name="311 -IP- AzTV" provider="magtisat" sid="4110" onid="1" tsid="4" />
    <channel service_ref="1:0:1:03fe:0004:0001:013b0000:0:0:0:" name="313 -IP- RussiaToday" service_name="313 -IP- RussiaToday" provider="magtisat" sid="1022" onid="1" tsid="4" />
    <channel service_ref="1:0:1:102c:0004:0001:013b0000:0:0:0:" name="314 -IP- RBK" service_name="314 -IP- RBK" provider="magtisat" sid="4140" onid="1" tsid="4" />
    <channel service_ref="1:0:1:019a:0004:0001:013b0000:0:0:0:" name="316 -IP- Formula" service_name="316 -IP- Formula" provider="Harmonic" sid="410" onid="1" tsid="4" />
    <channel service_ref="1:0:1:20d4:1470:00a7:013b0000:0:0:0:" name="Antena 3 HD" service_name="Antena 3 HD" provider="GLOBECAST" sid="8404" onid="167" tsid="5232" />
    <channel service_ref="1:0:1:201d:1464:00a7:013b0000:0:0:0:" name="HBO3 HD" service_name="HBO3 HD" provider="GLOBECAST" sid="8221" onid="167" tsid="5220" />
    <channel service_ref="1:0:1:081c:146c:00a7:013b0000:0:0:0:" name="TV5 MONDE" service_name="TV5 MONDE" provider="GLOBECAST" sid="2076" onid="167" tsid="5228" />
    <channel service_ref="1:0:1:1fa7:1460:00a7:013b0000:0:0:0:" name="TVR 3" service_name="TVR 3" provider="GLOBECAST" sid="8103" onid="167" tsid="5216" />
  </bouquet>
  <bouquet name="Spain" category="tv">
    <channel service_ref="1:0:1:07d9:1464:00a7:013b0000:0:0:0:" name="Antena 1 HD" service_name="Antena 1 HD" provider="GLOBECAST" sid="2009" onid="167" tsid="5220" />
    <channel service_ref="1:0:1:200b:1464:00a7:013b0000:0:0:0:" name="Antena International HD" service_name="Antena International HD" provider="GLOBECAST" sid="8203" onid="167" tsid="5220" />
    <channel service_ref="1:0:1:206d:146c:00a7:013b0000:0:0:0:" name="Antena Stars HD" service_name="Antena Stars HD" provider="GLOBECAST" sid="8301" onid="167" tsid="5228" />
  </bouquet>
  <bouquet name="Resolution - HD" category="tv">
    <channel service_ref="1:0:1:03ec:0001:0001:013baec5:0:0:0:" name="004 - Hollywood HD" service_name="004 - Hollywood HD" provider="Magtisat" sid="1004" onid="1" tsid="1" />
    <channel service_ref="1:0:1:0ffa:0004:0001:013b0000:0:0:0:" name="309 -IP- PlanetaHD" service_name="309 -IP- PlanetaHD" provider="magtisat" sid="4090" onid="1" tsid="4" />
    <channel service_ref="1:0:1:07da:1464:00a7:013b0000:0:0:0:" name="Animal Planet HD" service_name="Animal Planet HD" provider="GLOBECAST" sid="2010" onid="167" tsid="5220" />
    <channel service_ref="1:0:1:07d9:1464:00a7:013b0000:0:0:0:" name="Antena 1 HD" service_name="Antena 1 HD" provider="GLOBECAST" sid="2009" onid="167" tsid="5220" />
    <channel service_ref="1:0:1:20d4:1470:00a7:013b0000:0:0:0:" name="Antena 3 HD" service_name="Antena 3 HD" provider="GLOBECAST" sid="8404" onid="167" tsid="5232" />
    <channel service_ref="1:0:1:200b:1464:00a7:013b0000:0:0:0:" name="Antena International HD" service_name="Antena International HD" provider="GLOBECAST" sid="8203" onid="167" tsid="5220" />
    <channel service_ref="1:0:1:206d:146c:00a7:013b0000:0:0:0:" name="Antena Stars HD" service_name="Antena Stars HD" provider="GLOBECAST" sid="8301" onid="167" tsid="5228" />
    <channel service_ref="1:0:1:1fb3:1460:00a7:013b0000:0:0:0:" name="AXN HD" service_name="AXN HD" provider="GLOBECAST" sid="8115" onid="167" tsid="5216" />
    <channel service_ref="1:0:1:21fe:1468:00a7:013b0000:0:0:0:" name="b1 HD" service_name="b1 HD" provider="GLOBECAST" sid="8702" onid="167" tsid="5224" />
    <channel service_ref="1:0:1:035a:1474:00a7:013b0000:0:0:0:" name="Bollywood HD" service_name="Bollywood HD" provider="GLOBECAST" sid="858" onid="167" tsid="5236" />
    <channel service_ref="1:0:1:0333:146c:00a7:013b0000:0:0:0:" name="Cinemaraton HD" service_name="Cinemaraton HD" provider="GLOBECAST" sid="819" onid="167" tsid="5228" />
    <channel service_ref="1:0:1:1fb8:1460:00a7:013b0000:0:0:0:" name="Cinemax 2 HD" service_name="Cinemax 2 HD" provider="GLOBECAST" sid="8120" onid="167" tsid="5216" />
    <channel service_ref="1:0:1:20db:1470:00a7:013b0000:0:0:0:" name="Cinemax HD" service_name="Cinemax HD" provider="GLOBECAST" sid="8411" onid="167" tsid="5232" />
    <channel service_ref="1:0:1:081a:146c:00a7:013b0000:0:0:0:" name="Discovery Channel HD" service_name="Discovery Channel HD" provider="GLOBECAST" sid="2074" onid="167" tsid="5228" />
    <channel service_ref="1:0:1:1fad:1460:00a7:013b0000:0:0:0:" name="DocuBox HD" service_name="DocuBox HD" provider="GLOBECAST" sid="8109" onid="167" tsid="5216" />
    <channel service_ref="1:0:25:1d7e:1456:0005:013b0000:0:0:0:" name="DW English HD" service_name="DW English HD" provider="SES ASTRA" sid="7550" onid="5" tsid="5206" />
    <channel service_ref="1:0:1:21a5:1478:00a7:013b0000:0:0:0:" name="E! Entertainment HD" service_name="E! Entertainment HD" provider="GLOBECAST" sid="8613" onid="167" tsid="5240" />
    <channel service_ref="1:0:1:0360:1474:00a7:013b0000:0:0:0:" name="Epic Drama HD" service_name="Epic Drama HD" provider="GLOBECAST" sid="864" onid="167" tsid="5236" />
    <channel service_ref="1:0:1:081f:146c:00a7:013b0000:0:0:0:" name="Erox HD" service_name="Erox HD" provider="GLOBECAST" sid="2079" onid="167" tsid="5228" />
    <channel service_ref="1:0:1:213a:1474:00a7:013b0000:0:0:0:" name="Eurosport 1 HD" service_name="Eurosport 1 HD" provider="GLOBECAST" sid="8506" onid="167" tsid="5236" />
    <channel service_ref="1:0:1:219e:1478:00a7:013b0000:0:0:0:" name="Eurosport 2 HD" service_name="Eurosport 2 HD" provider="GLOBECAST" sid="8606" onid="167" tsid="5240" />
    <channel service_ref="1:0:1:085d:1474:00a7:013b0000:0:0:0:" name="FashionBox HD" service_name="FashionBox HD" provider="GLOBECAST" sid="2141" onid="167" tsid="5236" />
    <channel service_ref="1:0:1:219c:1478:00a7:013b0000:0:0:0:" name="FightBox HD" service_name="FightBox HD" provider="GLOBECAST" sid="8604" onid="167" tsid="5240" />
    <channel service_ref="1:0:1:081b:146c:00a7:013b0000:0:0:0:" name="Filmbox Extra HD" service_name="Filmbox Extra HD" provider="GLOBECAST" sid="2075" onid="167" tsid="5228" />
    <channel service_ref="1:0:1:035f:1474:00a7:013b0000:0:0:0:" name="Fishing and Hunting HD" service_name="Fishing and Hunting HD" provider="GLOBECAST" sid="863" onid="167" tsid="5236" />
    <channel service_ref="1:0:1:081e:146c:00a7:013b0000:0:0:0:" name="Happy Channel HD" service_name="Happy Channel HD" provider="GLOBECAST" sid="2078" onid="167" tsid="5228" />
    <channel service_ref="1:0:1:08a2:1468:00a7:013b0000:0:0:0:" name="HBO HD" service_name="HBO HD" provider="GLOBECAST" sid="2210" onid="167" tsid="5224" />
    <channel service_ref="1:0:1:21ac:1478:00a7:013b0000:0:0:0:" name="HBO2 HD" service_name="HBO2 HD" provider="GLOBECAST" sid="8620" onid="167" tsid="5240" />
    <channel service_ref="1:0:1:201d:1464:00a7:013b0000:0:0:0:" name="HBO3 HD" service_name="HBO3 HD" provider="GLOBECAST" sid="8221" onid="167" tsid="5220" />
    <channel service_ref="1:0:1:21a0:1478:00a7:013b0000:0:0:0:" name="History HD" service_name="History HD" provider="GLOBECAST" sid="8608" onid="167" tsid="5240" />
    <channel service_ref="1:0:1:0383:1468:00a7:013b0000:0:0:0:" name="Hustler HD" service_name="Hustler HD" provider="GLOBECAST" sid="899" onid="167" tsid="5224" />
    <channel service_ref="1:0:1:20d9:1470:00a7:013b0000:0:0:0:" name="Investigation Discovery HD" service_name="Investigation Discovery HD" provider="GLOBECAST" sid="8409" onid="167" tsid="5232" />
    <channel service_ref="1:0:1:20d1:1470:00a7:013b0000:0:0:0:" name="Kanal D HD" service_name="Kanal D HD" provider="GLOBECAST" sid="8401" onid="167" tsid="5232" />
    <channel service_ref="1:0:1:089c:1468:00a7:013b0000:0:0:0:" name="Look Plus HD" service_name="Look Plus HD" provider="GLOBECAST" sid="2204" onid="167" tsid="5224" />
    <channel service_ref="1:0:1:200f:1464:00a7:013b0000:0:0:0:" name="Look Sport 2 HD" service_name="Look Sport 2 HD" provider="GLOBECAST" sid="8207" onid="167" tsid="5220" />
    <channel service_ref="1:0:1:206f:146c:00a7:013b0000:0:0:0:" name="Look Sport 3 HD" service_name="Look Sport 3 HD" provider="GLOBECAST" sid="8303" onid="167" tsid="5228" />
    <channel service_ref="1:0:1:089d:1468:00a7:013b0000:0:0:0:" name="Look Sport HD" service_name="Look Sport HD" provider="GLOBECAST" sid="2205" onid="167" tsid="5224" />
    <channel service_ref="1:0:1:1fb2:1460:00a7:013b0000:0:0:0:" name="Mezzo Live HD" service_name="Mezzo Live HD" provider="GLOBECAST" sid="8114" onid="167" tsid="5216" />
    <channel service_ref="1:0:1:21fd:1468:00a7:013b0000:0:0:0:" name="Motorvision HD" service_name="Motorvision HD" provider="GLOBECAST" sid="8701" onid="167" tsid="5224" />
    <channel service_ref="1:0:1:085c:1474:00a7:013b0000:0:0:0:" name="MTV Live HD" service_name="MTV Live HD" provider="GLOBECAST" sid="2140" onid="167" tsid="5236" />
    <channel service_ref="1:0:1:20dd:1470:00a7:013b0000:0:0:0:" name="Myzen HD" service_name="Myzen HD" provider="GLOBECAST" sid="8413" onid="167" tsid="5232" />
    <channel service_ref="1:0:1:1fa6:1460:00a7:013b0000:0:0:0:" name="Prima HD" service_name="Prima HD" provider="GLOBECAST" sid="8102" onid="167" tsid="5216" />
    <channel service_ref="1:0:1:20d2:1470:00a7:013b0000:0:0:0:" name="PRO 2 HD" service_name="PRO 2 HD" provider="GLOBECAST" sid="8402" onid="167" tsid="5232" />
    <channel service_ref="1:0:1:21ab:1478:00a7:013b0000:0:0:0:" name="PRO CINEMA HD" service_name="PRO CINEMA HD" provider="GLOBECAST" sid="8619" onid="167" tsid="5240" />
    <channel service_ref="1:0:1:035d:1474:00a7:013b0000:0:0:0:" name="PRO GOLD HD" service_name="PRO GOLD HD" provider="GLOBECAST" sid="861" onid="167" tsid="5236" />
    <channel service_ref="1:0:1:1fa5:1460:00a7:013b0000:0:0:0:" name="PRO TV HD" service_name="PRO TV HD" provider="GLOBECAST" sid="8101" onid="167" tsid="5216" />
    <channel service_ref="1:0:1:0331:146c:00a7:013b0000:0:0:0:" name="PRO X HD" service_name="PRO X HD" provider="GLOBECAST" sid="817" onid="167" tsid="5228" />
    <channel service_ref="1:0:1:089a:1468:00a7:013b0000:0:0:0:" name="Redlight HD" service_name="Redlight HD" provider="GLOBECAST" sid="2202" onid="167" tsid="5224" />
    <channel service_ref="1:0:1:07de:1464:00a7:013b0000:0:0:0:" name="Taraf HD" service_name="Taraf HD" provider="GLOBECAST" sid="2014" onid="167" tsid="5220" />
    <channel service_ref="1:0:1:085f:1474:00a7:013b0000:0:0:0:" name="TLC HD" service_name="TLC HD" provider="GLOBECAST" sid="2143" onid="167" tsid="5236" />
    <channel service_ref="1:0:1:0332:146c:00a7:013b0000:0:0:0:" name="Trace Caribbean HD" service_name="Trace Caribbean HD" provider="GLOBECAST" sid="818" onid="167" tsid="5228" />
    <channel service_ref="1:0:1:1fab:1460:00a7:013b0000:0:0:0:" name="Trace Sport Stars HD" service_name="Trace Sport Stars HD" provider="GLOBECAST" sid="8107" onid="167" tsid="5216" />
    <channel service_ref="1:0:1:081d:146c:00a7:013b0000:0:0:0:" name="Trace Urban HD" service_name="Trace Urban HD" provider="GLOBECAST" sid="2077" onid="167" tsid="5228" />
    <channel service_ref="1:0:1:21a6:1478:00a7:013b0000:0:0:0:" name="Travel Channel HD" service_name="Travel Channel HD" provider="GLOBECAST" sid="8614" onid="167" tsid="5240" />
    <channel service_ref="1:0:1:21ff:1468:00a7:013b0000:0:0:0:" name="Travel Mix HD" service_name="Travel Mix HD" provider="GLOBECAST" sid="8703" onid="167" tsid="5224" />
    <channel service_ref="1:0:1:07e1:1464:00a7:013b0000:0:0:0:" name="Trinitas HD" service_name="Trinitas HD" provider="GLOBECAST" sid="2017" onid="167" tsid="5220" />
    <channel service_ref="1:0:1:219a:1478:00a7:013b0000:0:0:0:" name="TVR 1 HD" service_name="TVR 1 HD" provider="GLOBECAST" sid="8602" onid="167" tsid="5240" />
    <channel service_ref="1:0:1:0381:1478:00a7:013b0000:0:0:0:" name="TVR 2 HD" service_name="TVR 2 HD" provider="GLOBECAST" sid="897" onid="167" tsid="5240" />
    <channel service_ref="1:0:1:1fae:1460:00a7:013b0000:0:0:0:" name="Viasat Explore HD" service_name="Viasat Explore HD" provider="GLOBECAST" sid="8110" onid="167" tsid="5216" />
    <channel service_ref="1:0:1:07df:1464:00a7:013b0000:0:0:0:" name="Viasat History HD" service_name="Viasat History HD" provider="GLOBECAST" sid="2015" onid="167" tsid="5220" />
    <channel service_ref="1:0:1:213d:1474:00a7:013b0000:0:0:0:" name="Viasat Nature HD" service_name="Viasat Nature HD" provider="GLOBECAST" sid="8509" onid="167" tsid="5236" />
    <channel service_ref="1:0:1:20d7:1470:00a7:013b0000:0:0:0:" name="Zu TV HD" service_name="Zu TV HD" provider="GLOBECAST" sid="8407" onid="167" tsid="5232" />
  </bouquet>
  <bouquet name="Resolution - SD" category="tv">
    <channel service_ref="1:0:1:087a:0003:0001:013b0000:0:0:0:" name="117 - Magti Hit SD" service_name="117 - Magti Hit SD" provider="Magtisat" sid="2170" onid="1" tsid="3" />
    <channel service_ref="1:0:1:0bd6:0003:0001:013b0000:0:0:0:" name="203 -V- 1TVGeorgia SD" service_name="203 -V- 1TVGeorgia SD" provider="Magtisat" sid="3030" onid="1" tsid="3" />
    <channel service_ref="1:0:1:207d:146c:00a7:013b0000:0:0:0:" name="Aleph Business SD" service_name="Aleph Business SD" provider="GLOBECAST" sid="8317" onid="167" tsid="5228" />
    <channel service_ref="1:0:1:207a:146c:00a7:013b0000:0:0:0:" name="Aleph Smart SD" service_name="Aleph Smart SD" provider="GLOBECAST" sid="8314" onid="167" tsid="5228" />
    <channel service_ref="1:0:1:1faa:1460:00a7:013b0000:0:0:0:" name="Filmbox SD" service_name="Filmbox SD" provider="GLOBECAST" sid="8106" onid="167" tsid="5216" />
  </bouquet>
  <bouquet name="Adult" category="tv">
    <channel service_ref="1:0:1:01b4:0003:0001:013b0000:0:0:0:" name="078 - Redlight" service_name="078 - Redlight" provider="Magtisat" sid="436" onid="1" tsid="3" />
    <channel service_ref="1:0:1:20df:1470:00a7:013b0000:0:0:0:" name="Dorcel XXX" service_name="Dorcel XXX" provider="GLOBECAST" sid="8415" onid="167" tsid="5232" />
    <channel service_ref="1:0:1:0383:1468:00a7:013b0000:0:0:0:" name="Hustler HD" service_name="Hustler HD" provider="GLOBECAST" sid="899" onid="167" tsid="5224" />
    <channel service_ref="1:0:1:089a:1468:00a7:013b0000:0:0:0:" name="Redlight HD" service_name="Redlight HD" provider="GLOBECAST" sid="2202" onid="167" tsid="5224" />
  </bouquet>
  <bouquet name="International" category="tv">
    <channel service_ref="1:0:1:207d:146c:00a7:013b0000:0:0:0:" name="Aleph Business SD" service_name="Aleph Business SD" provider="GLOBECAST" sid="8317" onid="167" tsid="5228" />
    <channel service_ref="1:0:1:207a:146c:00a7:013b0000:0:0:0:" name="Aleph Smart SD" service_name="Aleph Smart SD" provider="GLOBECAST" sid="8314" onid="167" tsid="5228" />
    <channel service_ref="1:0:1:07dd:1464:00a7:013b0000:0:0:0:" name="AMC" service_name="AMC" provider="GLOBECAST" sid="2013" onid="167" tsid="5220" />
    <channel service_ref="1:0:1:089e:1468:00a7:013b0000:0:0:0:" name="AXN Black" service_name="AXN Black" provider="GLOBECAST" sid="2206" onid="167" tsid="5224" />
    <channel service_ref="1:0:1:1fb3:1460:00a7:013b0000:0:0:0:" name="AXN HD" service_name="AXN HD" provider="GLOBECAST" sid="8115" onid="167" tsid="5216" />
    <channel service_ref="1:0:1:220c:1468:00a7:013b0000:0:0:0:" name="AXN Spin" service_name="AXN Spin" provider="GLOBECAST" sid="8716" onid="167" tsid="5224" />
    <channel service_ref="1:0:1:089f:1468:00a7:013b0000:0:0:0:" name="AXN White" service_name="AXN White" provider="GLOBECAST" sid="2207" onid="167" tsid="5224" />
    <channel service_ref="1:0:1:21fe:1468:00a7:013b0000:0:0:0:" name="b1 HD" service_name="b1 HD" provider="GLOBECAST" sid="8702" onid="167" tsid="5224" />
    <channel service_ref="1:0:1:200c:1464:00a7:013b0000:0:0:0:" name="Balkanika" service_name="Balkanika" provider="GLOBECAST" sid="8204" onid="167" tsid="5220" />
    <channel service_ref="1:0:1:035a:1474:00a7:013b0000:0:0:0:" name="Bollywood HD" service_name="Bollywood HD" provider="GLOBECAST" sid="858" onid="167" tsid="5236" />
    <channel service_ref="1:0:1:21a4:1478:00a7:013b0000:0:0:0:" name="CBS Reality" service_name="CBS Reality" provider="GLOBECAST" sid="8612" onid="167" tsid="5240" />
    <channel service_ref="1:0:1:1fb7:1460:00a7:013b0000:0:0:0:" name="CNN International" service_name="CNN International" provider="GLOBECAST" sid="8119" onid="167" tsid="5216" />
    <channel service_ref="1:0:1:1faf:1460:00a7:013b0000:0:0:0:" name="Comedy Central" service_name="Comedy Central" provider="GLOBECAST" sid="8111" onid="167" tsid="5216" />
    <channel service_ref="1:0:1:0334:146c:00a7:013b0000:0:0:0:" name="Cool TV" service_name="Cool TV" provider="GLOBECAST" sid="820" onid="167" tsid="5228" />
    <channel service_ref="1:0:1:1fb4:1460:00a7:013b0000:0:0:0:" name="Crime+ Investigation Channel" service_name="Crime+ Investigation Channel" provider="GLOBECAST" sid="8116" onid="167" tsid="5216" />
    <channel service_ref="1:0:1:081a:146c:00a7:013b0000:0:0:0:" name="Discovery Channel HD" service_name="Discovery Channel HD" provider="GLOBECAST" sid="2074" onid="167" tsid="5228" />
    <channel service_ref="1:0:1:207b:146c:00a7:013b0000:0:0:0:" name="Diva" service_name="Diva" provider="GLOBECAST" sid="8315" onid="167" tsid="5228" />
    <channel service_ref="1:0:1:1fad:1460:00a7:013b0000:0:0:0:" name="DocuBox HD" service_name="DocuBox HD" provider="GLOBECAST" sid="8109" onid="167" tsid="5216" />
    <channel service_ref="1:0:1:200d:1464:00a7:013b0000:0:0:0:" name="Duck TV" service_name="Duck TV" provider="GLOBECAST" sid="8205" onid="167" tsid="5220" />
    <channel service_ref="1:0:1:07e3:1464:00a7:013b0000:0:0:0:" name="Duna" service_name="Duna" provider="GLOBECAST" sid="2019" onid="167" tsid="5220" />
    <channel service_ref="1:0:1:21a5:1478:00a7:013b0000:0:0:0:" name="E! Entertainment HD" service_name="E! Entertainment HD" provider="GLOBECAST" sid="8613" onid="167" tsid="5240" />
    <channel service_ref="1:0:1:21a1:1478:00a7:013b0000:0:0:0:" name="Erdely Tv" service_name="Erdely Tv" provider="GLOBECAST" sid="8609" onid="167" tsid="5240" />
    <channel service_ref="1:0:1:081f:146c:00a7:013b0000:0:0:0:" name="Erox HD" service_name="Erox HD" provider="GLOBECAST" sid="2079" onid="167" tsid="5228" />
    <channel service_ref="1:0:1:1fb0:1460:00a7:013b0000:0:0:0:" name="ETNO" service_name="ETNO" provider="GLOBECAST" sid="8112" onid="167" tsid="5216" />
    <channel service_ref="1:0:1:085d:1474:00a7:013b0000:0:0:0:" name="FashionBox HD" service_name="FashionBox HD" provider="GLOBECAST" sid="2141" onid="167" tsid="5236" />
    <channel service_ref="1:0:1:21a3:1478:00a7:013b0000:0:0:0:" name="Favorit" service_name="Favorit" provider="GLOBECAST" sid="8611" onid="167" tsid="5240" />
    <channel service_ref="1:0:1:219c:1478:00a7:013b0000:0:0:0:" name="FightBox HD" service_name="FightBox HD" provider="GLOBECAST" sid="8604" onid="167" tsid="5240" />
    <channel service_ref="1:0:1:035f:1474:00a7:013b0000:0:0:0:" name="Fishing and Hunting HD" service_name="Fishing and Hunting HD" provider="GLOBECAST" sid="863" onid="167" tsid="5236" />
    <channel service_ref="1:0:1:081e:146c:00a7:013b0000:0:0:0:" name="Happy Channel HD" service_name="Happy Channel HD" provider="GLOBECAST" sid="2078" onid="167" tsid="5228" />
    <channel service_ref="1:0:1:08a2:1468:00a7:013b0000:0:0:0:" name="HBO HD" service_name="HBO HD" provider="GLOBECAST" sid="2210" onid="167" tsid="5224" />
    <channel service_ref="1:0:1:21ac:1478:00a7:013b0000:0:0:0:" name="HBO2 HD" service_name="HBO2 HD" provider="GLOBECAST" sid="8620" onid="167" tsid="5240" />
    <channel service_ref="1:0:1:20d9:1470:00a7:013b0000:0:0:0:" name="Investigation Discovery HD" service_name="Investigation Discovery HD" provider="GLOBECAST" sid="8409" onid="167" tsid="5232" />
    <channel service_ref="1:0:1:220b:1468:00a7:013b0000:0:0:0:" name="JimJam" service_name="JimJam" provider="GLOBECAST" sid="8715" onid="167" tsid="5224" />
    <channel service_ref="1:0:1:20d1:1470:00a7:013b0000:0:0:0:" name="Kanal D HD" service_name="Kanal D HD" provider="GLOBECAST" sid="8401" onid="167" tsid="5232" />
    <channel service_ref="1:0:1:213f:1474:00a7:013b0000:0:0:0:" name="Kiss TV" service_name="Kiss TV" provider="GLOBECAST" sid="8511" onid="167" tsid="5236" />
    <channel service_ref="1:0:1:089c:1468:00a7:013b0000:0:0:0:" name="Look Plus HD" service_name="Look Plus HD" provider="GLOBECAST" sid="2204" onid="167" tsid="5224" />
    <channel service_ref="1:0:1:21a9:1478:00a7:013b0000:0:0:0:" name="M1" service_name="M1" provider="GLOBECAST" sid="8617" onid="167" tsid="5240" />
    <channel service_ref="1:0:1:21aa:1478:00a7:013b0000:0:0:0:" name="M2" service_name="M2" provider="GLOBECAST" sid="8618" onid="167" tsid="5240" />
    <channel service_ref="1:0:1:20d8:1470:00a7:013b0000:0:0:0:" name="Magic TV" service_name="Magic TV" provider="GLOBECAST" sid="8408" onid="167" tsid="5232" />
    <channel service_ref="1:0:1:0330:146c:00a7:013b0000:0:0:0:" name="Minimax" service_name="Minimax" provider="GLOBECAST" sid="816" onid="167" tsid="5228" />
    <channel service_ref="1:0:1:21fd:1468:00a7:013b0000:0:0:0:" name="Motorvision HD" service_name="Motorvision HD" provider="GLOBECAST" sid="8701" onid="167" tsid="5224" />
    <channel service_ref="1:0:1:0335:146c:00a7:013b0000:0:0:0:" name="Muzsika TV" service_name="Muzsika TV" provider="GLOBECAST" sid="821" onid="167" tsid="5228" />
    <channel service_ref="1:0:1:20dd:1470:00a7:013b0000:0:0:0:" name="Myzen HD" service_name="Myzen HD" provider="GLOBECAST" sid="8413" onid="167" tsid="5232" />
    <channel service_ref="1:0:1:1fa8:1460:00a7:013b0000:0:0:0:" name="N24 Plus" service_name="N24 Plus" provider="GLOBECAST" sid="8104" onid="167" tsid="5216" />
    <channel service_ref="1:0:1:200a:1464:00a7:013b0000:0:0:0:" name="National TV" service_name="National TV" provider="GLOBECAST" sid="8202" onid="167" tsid="5220" />
    <channel service_ref="1:0:1:07db:1464:00a7:013b0000:0:0:0:" name="Nick Jr." service_name="Nick Jr." provider="GLOBECAST" sid="2011" onid="167" tsid="5220" />
    <channel service_ref="1:0:1:20da:1470:00a7:013b0000:0:0:0:" name="Nicktoons" service_name="Nicktoons" provider="GLOBECAST" sid="8410" onid="167" tsid="5232" />
    <channel service_ref="1:0:1:220a:1468:00a7:013b0000:0:0:0:" name="Orange Info" service_name="Orange Info" provider="GLOBECAST" sid="8714" onid="167" tsid="5224" />
    <channel service_ref="1:0:1:1fa6:1460:00a7:013b0000:0:0:0:" name="Prima HD" service_name="Prima HD" provider="GLOBECAST" sid="8102" onid="167" tsid="5216" />
    <channel service_ref="1:0:1:20d2:1470:00a7:013b0000:0:0:0:" name="PRO 2 HD" service_name="PRO 2 HD" provider="GLOBECAST" sid="8402" onid="167" tsid="5232" />
    <channel service_ref="1:0:1:035d:1474:00a7:013b0000:0:0:0:" name="PRO GOLD HD" service_name="PRO GOLD HD" provider="GLOBECAST" sid="861" onid="167" tsid="5236" />
    <channel service_ref="1:0:1:1fa5:1460:00a7:013b0000:0:0:0:" name="PRO TV HD" service_name="PRO TV HD" provider="GLOBECAST" sid="8101" onid="167" tsid="5216" />
    <channel service_ref="1:0:1:0331:146c:00a7:013b0000:0:0:0:" name="PRO X HD" service_name="PRO X HD" provider="GLOBECAST" sid="817" onid="167" tsid="5228" />
    <channel service_ref="1:0:1:219d:1478:00a7:013b0000:0:0:0:" name="Profit ro" service_name="Profit ro" provider="GLOBECAST" sid="8605" onid="167" tsid="5240" />
    <channel service_ref="1:0:1:219b:1478:00a7:013b0000:0:0:0:" name="Realitatea Plus" service_name="Realitatea Plus" provider="GLOBECAST" sid="8603" onid="167" tsid="5240" />
    <channel service_ref="1:0:1:213b:1474:00a7:013b0000:0:0:0:" name="Rock TV" service_name="Rock TV" provider="GLOBECAST" sid="8507" onid="167" tsid="5236" />
    <channel service_ref="1:0:1:035b:1474:00a7:013b0000:0:0:0:" name="Romania TV" service_name="Romania TV" provider="GLOBECAST" sid="859" onid="167" tsid="5236" />
    <channel service_ref="1:0:1:207e:146c:00a7:013b0000:0:0:0:" name="Speranta TV" service_name="Speranta TV" provider="GLOBECAST" sid="8318" onid="167" tsid="5228" />
    <channel service_ref="1:0:1:206c:146c:00a7:013b0000:0:0:0:" name="SSU" service_name="SSU" provider="GLOBECAST" sid="8300" onid="167" tsid="5228" />
    <channel service_ref="1:0:1:07de:1464:00a7:013b0000:0:0:0:" name="Taraf HD" service_name="Taraf HD" provider="GLOBECAST" sid="2014" onid="167" tsid="5220" />
    <channel service_ref="1:0:1:085f:1474:00a7:013b0000:0:0:0:" name="TLC HD" service_name="TLC HD" provider="GLOBECAST" sid="2143" onid="167" tsid="5236" />
    <channel service_ref="1:0:1:21a6:1478:00a7:013b0000:0:0:0:" name="Travel Channel HD" service_name="Travel Channel HD" provider="GLOBECAST" sid="8614" onid="167" tsid="5240" />
    <channel service_ref="1:0:1:21ff:1468:00a7:013b0000:0:0:0:" name="Travel Mix HD" service_name="Travel Mix HD" provider="GLOBECAST" sid="8703" onid="167" tsid="5224" />
    <channel service_ref="1:0:1:07e1:1464:00a7:013b0000:0:0:0:" name="Trinitas HD" service_name="Trinitas HD" provider="GLOBECAST" sid="2017" onid="167" tsid="5220" />
    <channel service_ref="1:0:1:20de:1470:00a7:013b0000:0:0:0:" name="TV Paprika" service_name="TV Paprika" provider="GLOBECAST" sid="8414" onid="167" tsid="5232" />
    <channel service_ref="1:0:1:21a2:1478:00a7:013b0000:0:0:0:" name="TV1000" service_name="TV1000" provider="GLOBECAST" sid="8610" onid="167" tsid="5240" />
    <channel service_ref="1:0:1:219a:1478:00a7:013b0000:0:0:0:" name="TVR 1 HD" service_name="TVR 1 HD" provider="GLOBECAST" sid="8602" onid="167" tsid="5240" />
    <channel service_ref="1:0:1:0381:1478:00a7:013b0000:0:0:0:" name="TVR 2 HD" service_name="TVR 2 HD" provider="GLOBECAST" sid="897" onid="167" tsid="5240" />
    <channel service_ref="1:0:1:20d3:1470:00a7:013b0000:0:0:0:" name="TVR International" service_name="TVR International" provider="GLOBECAST" sid="8403" onid="167" tsid="5232" />
    <channel service_ref="1:0:1:1fae:1460:00a7:013b0000:0:0:0:" name="Viasat Explore HD" service_name="Viasat Explore HD" provider="GLOBECAST" sid="8110" onid="167" tsid="5216" />
    <channel service_ref="1:0:1:213d:1474:00a7:013b0000:0:0:0:" name="Viasat Nature HD" service_name="Viasat Nature HD" provider="GLOBECAST" sid="8509" onid="167" tsid="5236" />
    <channel service_ref="1:0:1:20d7:1470:00a7:013b0000:0:0:0:" name="Zu TV HD" service_name="Zu TV HD" provider="GLOBECAST" sid="8407" onid="167" tsid="5232" />
  </bouquet>
  <bouquet name="Others" category="tv">
    <channel service_ref="1:0:1:03e9:0001:0001:013baec5:0:0:0:" name="001 - Maestro" service_name="001 - Maestro" provider="Magtisat" sid="1001" onid="1" tsid="1" />
    <channel service_ref="1:0:1:03ec:0001:0001:013baec5:0:0:0:" name="004 - Hollywood HD" service_name="004 - Hollywood HD" provider="Magtisat" sid="1004" onid="1" tsid="1" />
    <channel service_ref="1:0:1:03ee:0001:0001:013baec5:0:0:0:" name="006 - Russia RTR" service_name="006 - Russia RTR" provider="Magtisat" sid="1006" onid="1" tsid="1" />
    <channel service_ref="1:0:1:03f0:0001:0001:013baec5:0:0:0:" name="008 - CNBC" service_name="008 - CNBC" provider="Magtisat" sid="1008" onid="1" tsid="1" />
    <channel service_ref="1:0:1:03f1:0001:0001:013baec5:0:0:0:" name="009 - RTVi" service_name="009 - RTVi" provider="Magtisat" sid="1009" onid="1" tsid="1" />
    <channel service_ref="1:0:1:03f3:0001:0001:013baec5:0:0:0:" name="011 - DOCUBOX" service_name="011 - DOCUBOX" provider="Magtisat" sid="1011" onid="1" tsid="1" />
    <channel service_ref="1:0:1:03f4:0001:0001:013baec5:0:0:0:" name="012 - Duck TV" service_name="012 - Duck TV" provider="Magtisat" sid="1012" onid="1" tsid="1" />
    <channel service_ref="1:0:1:03f6:0001:0001:013baec5:0:0:0:" name="014 - Enkibenki" service_name="014 - Enkibenki" provider="Harmonic" sid="1014" onid="1" tsid="1" />
    <channel service_ref="1:0:1:03f8:0001:0001:013baec5:0:0:0:" name="016 - Dom Kino" service_name="016 - Dom Kino" provider="Magtisat" sid="1016" onid="1" tsid="1" />
    <channel service_ref="1:0:1:03f9:0001:0001:013baec5:0:0:0:" name="017 - FIGHTBOX" service_name="017 - FIGHTBOX" provider="Magtisat" sid="1017" onid="1" tsid="1" />
    <channel service_ref="1:0:1:03fa:0001:0001:013baec5:0:0:0:" name="018 - TIJI" service_name="018 - TIJI" provider="Magtisat" sid="1018" onid="1" tsid="1" />
    <channel service_ref="1:0:1:03fb:0001:0001:013baec5:0:0:0:" name="019 - Amedia Hit" service_name="019 - Amedia Hit" provider="Magtisat" sid="1019" onid="1" tsid="1" />
    <channel service_ref="1:0:1:00be:0001:0001:013baec5:0:0:0:" name="024 - ID Xtra" service_name="024 - ID Xtra" provider="Magtisat" sid="190" onid="1" tsid="1" />
    <channel service_ref="1:0:1:00c0:0001:0001:013baec5:0:0:0:" name="026 - DTX" service_name="026 - DTX" provider="Magtisat" sid="192" onid="1" tsid="1" />
    <channel service_ref="1:0:1:00c1:0001:0001:013baec5:0:0:0:" name="027 - Discovery" service_name="027 - Discovery" provider="Magtisat" sid="193" onid="1" tsid="1" />
    <channel service_ref="1:0:1:00c3:0001:0001:013baec5:0:0:0:" name="029 - Paramount Channel" service_name="029 - Paramount Channel" provider="Magtisat" sid="195" onid="1" tsid="1" />
    <channel service_ref="1:0:1:019b:0002:0001:013b0000:0:0:0:" name="041 - Rioni" service_name="041 - Rioni" provider="Magtisat" sid="411" onid="1" tsid="2" />
    <channel service_ref="1:0:1:019c:0002:0001:013b0000:0:0:0:" name="042 - Tune Box" service_name="042 - Tune Box" provider="Magtisat" sid="412" onid="1" tsid="2" />
    <channel service_ref="1:0:1:01a0:0002:0001:013b0000:0:0:0:" name="046 - Gulli" service_name="046 - Gulli" provider="Magtisat" sid="416" onid="1" tsid="2" />
    <channel service_ref="1:0:1:01a1:0002:0001:013b0000:0:0:0:" name="047 - Bollywood" service_name="047 - Bollywood" provider="Magtisat" sid="417" onid="1" tsid="2" />
    <channel service_ref="1:0:1:01a2:0002:0001:013b0000:0:0:0:" name="048 - Amedia1" service_name="048 - Amedia1" provider="Magtisat" sid="418" onid="1" tsid="2" />
    <channel service_ref="1:0:1:01a3:0002:0001:013b0000:0:0:0:" name="049 - Amedia2" service_name="049 - Amedia2" provider="Magtisat" sid="419" onid="1" tsid="2" />
    <channel service_ref="1:0:1:01a8:0002:0001:013b0000:0:0:0:" name="060 - illuzion" service_name="060 - illuzion" provider="Magtisat" sid="424" onid="1" tsid="2" />
    <channel service_ref="1:0:1:01a9:0002:0001:013b0000:0:0:0:" name="061 - Ruski illuzion" service_name="061 - Ruski illuzion" provider="Magtisat" sid="425" onid="1" tsid="2" />
    <channel service_ref="1:0:1:01aa:0002:0001:013b0000:0:0:0:" name="062 - Karusel" service_name="062 - Karusel" provider="Magtisat" sid="426" onid="1" tsid="2" />
    <channel service_ref="1:0:1:01ac:0002:0001:013b0000:0:0:0:" name="064 - Dom Kino Premium" service_name="064 - Dom Kino Premium" provider="Magtisat" sid="428" onid="1" tsid="2" />
    <channel service_ref="1:0:1:01b0:0003:0001:013b0000:0:0:0:" name="074 - Fashion Box" service_name="074 - Fashion Box" provider="Magtisat" sid="432" onid="1" tsid="3" />
    <channel service_ref="1:0:1:01b6:0003:0001:013b0000:0:0:0:" name="080 - Pervi Kanal" service_name="080 - Pervi Kanal" provider="Magtisat" sid="438" onid="1" tsid="3" />
    <channel service_ref="1:0:1:01b7:0003:0001:013b0000:0:0:0:" name="081 - O!" service_name="081 - O!" provider="Magtisat" sid="439" onid="1" tsid="3" />
    <channel service_ref="1:0:1:043a:0003:0001:013b0000:0:0:0:" name="082 - Paramount Comedy" service_name="082 - Paramount Comedy" provider="Magtisat" sid="1082" onid="1" tsid="3" />
    <channel service_ref="1:0:1:043c:0004:0001:013b0000:0:0:0:" name="084 - Istoria" service_name="084 - Istoria" provider="Magtisat" sid="1084" onid="1" tsid="4" />
    <channel service_ref="1:0:1:043e:0003:0001:013b0000:0:0:0:" name="086 - Rustavi2" service_name="086 - Rustavi2" provider="Magtisat" sid="1086" onid="1" tsid="3" />
    <channel service_ref="1:0:1:01b8:0003:0001:013b0000:0:0:0:" name="088 - Adjara" service_name="088 - Adjara" provider="Magtisat" sid="440" onid="1" tsid="3" />
    <channel service_ref="1:0:1:01b9:0004:0001:013b0000:0:0:0:" name="089 - Zagaradni" service_name="089 - Zagaradni" provider="Magtisat" sid="441" onid="1" tsid="4" />
    <channel service_ref="1:0:1:01bc:0003:0001:013b0000:0:0:0:" name="092 -V- GDSTV" service_name="092 -V- GDSTV" provider="Magtisat" sid="444" onid="1" tsid="3" />
    <channel service_ref="1:0:1:01c1:0003:0001:013b0000:0:0:0:" name="097 - Chveni Magti" service_name="097 - Chveni Magti" provider="Magtisat" sid="449" onid="1" tsid="3" />
    <channel service_ref="1:0:1:044a:0003:0001:013b0000:0:0:0:" name="098 -V- ApkhazetisKhma" service_name="098 -V- ApkhazetisKhma" provider="Magtisat" sid="1098" onid="1" tsid="3" />
    <channel service_ref="1:0:1:044b:0003:0001:013b0000:0:0:0:" name="099 -V- MeoreArkhi" service_name="099 -V- MeoreArkhi" provider="Magtisat" sid="1099" onid="1" tsid="3" />
    <channel service_ref="1:0:1:07d0:0003:0001:013b0000:0:0:0:" name="100 - Comedy Arkhi" service_name="100 - Comedy Arkhi" provider="Magtisat" sid="2000" onid="1" tsid="3" />
    <channel service_ref="1:0:1:07da:0003:0001:013b0000:0:0:0:" name="101 -V- GurjaaniTV" service_name="101 -V- GurjaaniTV" provider="Magtisat" sid="2010" onid="1" tsid="3" />
    <channel service_ref="1:0:1:07e4:0003:0001:013b0000:0:0:0:" name="102 - IP - Obieqtivi" service_name="102 - IP - Obieqtivi" provider="Magtisat" sid="2020" onid="1" tsid="3" />
    <channel service_ref="1:0:1:07f8:0003:0001:013b0000:0:0:0:" name="104 - FashionBox" service_name="104 - FashionBox" provider="Magtisat" sid="2040" onid="1" tsid="3" />
    <channel service_ref="1:0:1:014a:0003:0001:013b0000:0:0:0:" name="107 - Ertsulovneba" service_name="107 - Ertsulovneba" provider="Magtisat" sid="330" onid="1" tsid="3" />
    <channel service_ref="1:0:1:014e:0004:0001:013b0000:0:0:0:" name="108 - TV1000 Action" service_name="108 - TV1000 Action" provider="Magtisat" sid="334" onid="1" tsid="4" />
    <channel service_ref="1:0:1:082a:0004:0001:013b0000:0:0:0:" name="109 - Viasat Explore" service_name="109 - Viasat Explore" provider="Magtisat" sid="2090" onid="1" tsid="4" />
    <channel service_ref="1:0:1:0156:0004:0001:013b0000:0:0:0:" name="110 - TV1000" service_name="110 - TV1000" provider="Magtisat" sid="342" onid="1" tsid="4" />
    <channel service_ref="1:0:1:015e:0004:0001:013b0000:0:0:0:" name="112 - TV1000 Ruskoe kino" service_name="112 - TV1000 Ruskoe kino" provider="Magtisat" sid="350" onid="1" tsid="4" />
    <channel service_ref="1:0:1:085c:0003:0001:013b0000:0:0:0:" name="114 -V- QartuliArkhi" service_name="114 -V- QartuliArkhi" provider="Magtisat" sid="2140" onid="1" tsid="3" />
    <channel service_ref="1:0:1:087a:0003:0001:013b0000:0:0:0:" name="117 - Magti Hit SD" service_name="117 - Magti Hit SD" provider="Magtisat" sid="2170" onid="1" tsid="3" />
    <channel service_ref="1:0:1:0176:0003:0001:013b0000:0:0:0:" name="118 - Mtavari Arkhi" service_name="118 - Mtavari Arkhi" provider="Magtisat" sid="374" onid="1" tsid="3" />
    <channel service_ref="1:0:1:088e:0003:0001:013b0000:0:0:0:" name="119 - TVXXI" service_name="119 - TVXXI" provider="Magtisat" sid="2190" onid="1" tsid="3" />
    <channel service_ref="1:0:1:017e:0004:0001:013b0000:0:0:0:" name="120 - Viasat Nature" service_name="120 - Viasat Nature" provider="Magtisat" sid="382" onid="1" tsid="4" />
    <channel service_ref="1:0:1:0bc2:0003:0001:013b0000:0:0:0:" name="201 -V- QualityChannel" service_name="201 -V- QualityChannel" provider="Magtisat" sid="3010" onid="1" tsid="3" />
    <channel service_ref="1:0:1:0c08:0003:0001:013b0000:0:0:0:" name="208 -V- Kavkasia" service_name="208 -V- Kavkasia" provider="Magtisat" sid="3080" onid="1" tsid="3" />
    <channel service_ref="1:0:1:0c1c:0003:0001:013b0000:0:0:0:" name="210 -V- Imedi TV" service_name="210 -V- Imedi TV" provider="Magtisat" sid="3100" onid="1" tsid="3" />
    <channel service_ref="1:0:1:0c30:0003:0001:013b0000:0:0:0:" name="212 - Silk Universal" service_name="212 - Silk Universal" provider="Magtisat" sid="3120" onid="1" tsid="3" />
    <channel service_ref="1:0:25:1d7e:1456:0005:013b0000:0:0:0:" name="DW English HD" service_name="DW English HD" provider="SES ASTRA" sid="7550" onid="5" tsid="5206" />
    <channel service_ref="1:0:1:1d4d:1456:0005:013b0000:0:0:0:" name="Turan TV" service_name="Turan TV" provider="" sid="7501" onid="5" tsid="5206" />
    <channel service_ref="1:0:1:1d92:1456:0005:013b0000:0:0:0:" name="VTV Romania" service_name="VTV Romania" provider="" sid="7570" onid="5" tsid="5206" />
  </bouquet>
  <bouquet name="PayTV - Sky - DE - HD" category="tv">
    <channel service_ref="1:0:1:21a5:1478:00a7:013b0000:0:0:0:" name="E! Entertainment HD" service_name="E! Entertainment HD" provider="GLOBECAST" sid="8613" onid="167" tsid="5240" />
  </bouquet>
</zapit>
