{
  "api_version": 4,
  "bouquet_count": "242",
  "category": "sat",
  "deduplicated_services": "0",
  "display_name": "Turksat-42.0E",
  "lamedb_version": "4",
  "last_seen": "unknown",
  "satellite_code": "S42E",
  "service_count": "12960",
  "source": "work/ingest/oe-alliance/vhannibal.motor.and.dtt.piemonte/enigma2",
  "stale": "unknown",
  "stats": "{\"bouquet_count\": 48, \"cable_services\": 0, \"radio_services\": 2009, \"sat_services\": 12661, \"terrestrial_services\": 299, \"total_services\": 12960}",
  "thresholds": "{\"cable\": 20, \"sat\": 50, \"terrestrial\": 20}",
  "transponder_count": "972"
}