<?xml version='1.0' encoding='utf-8'?>
<zapit>
  <bouquet name="General" category="tv">
    <channel service_ref="1:0:1:0003:0001:ffff:0d1b2fc8:0:0:0:" name="A3" service_name="A3" provider="TDA" sid="3" onid="65535" tsid="1" />
    <channel service_ref="1:0:25:000d:0002:ffff:0d1b2f80:0:0:0:" name="A3 HD" service_name="A3 HD" provider="TDA DZ" sid="13" onid="65535" tsid="2" />
    <channel service_ref="1:0:1:0002:0001:ffff:0d1b2fc8:0:0:0:" name="CANAL ALGERIE" service_name="CANAL ALGERIE" provider="TDA" sid="2" onid="65535" tsid="1" />
    <channel service_ref="1:0:25:0002:0002:ffff:0d1b2f80:0:0:0:" name="Canal Algerie HD" service_name="Canal Algerie HD" provider="TDA DZ" sid="2" onid="65535" tsid="2" />
    <channel service_ref="1:0:1:07e5:0001:ffff:0d1b3048:0:0:0:" name="Echorouk NEWS" service_name="Echorouk NEWS" provider="" sid="2021" onid="65535" tsid="1" />
    <channel service_ref="1:0:1:002c:0001:ffff:0d1b3048:0:0:0:" name="Echorouk TV HD" service_name="Echorouk TV HD" provider="NWA-SAT" sid="44" onid="65535" tsid="1" />
    <channel service_ref="1:0:1:07ea:0001:ffff:0d1b3048:0:0:0:" name="EL HAYAT TV ALGERIE" service_name="EL HAYAT TV ALGERIE" provider="" sid="2026" onid="65535" tsid="1" />
    <channel service_ref="1:0:1:0cfd:0001:ffff:0d1b3048:0:0:0:" name="Ennahar TV" service_name="Ennahar TV" provider="DU" sid="3325" onid="65535" tsid="1" />
    <channel service_ref="1:0:1:0001:0001:ffff:0d1b2fc8:0:0:0:" name="PROGRAMME NATIONAL" service_name="PROGRAMME NATIONAL" provider="TDA" sid="1" onid="65535" tsid="1" />
    <channel service_ref="1:0:25:0001:0002:ffff:0d1b2f80:0:0:0:" name="Programme NationalHD" service_name="Programme NationalHD" provider="TDA DZ" sid="1" onid="65535" tsid="2" />
    <channel service_ref="1:0:1:000e:0002:ffff:0d1b2f80:0:0:0:" name="RASDTV" service_name="RASDTV" provider="Scopus" sid="14" onid="65535" tsid="2" />
    <channel service_ref="1:0:22:0004:0002:ffff:0d1b2f80:0:0:0:" name="TV 4" service_name="TV 4" provider="TDA" sid="4" onid="65535" tsid="2" />
    <channel service_ref="1:0:1:0004:0001:ffff:0d1b2fc8:0:0:0:" name="TV 4" service_name="TV 4" provider="TDA" sid="4" onid="65535" tsid="1" />
    <channel service_ref="1:0:1:0005:0002:ffff:0d1b2f80:0:0:0:" name="TV 5" service_name="TV 5" provider="TDA DZ" sid="5" onid="65535" tsid="2" />
    <channel service_ref="1:0:1:0005:0001:ffff:0d1b2fc8:0:0:0:" name="TV 5" service_name="TV 5" provider="TDA" sid="5" onid="65535" tsid="1" />
    <channel service_ref="1:0:1:0006:0001:ffff:0d1b2fc8:0:0:0:" name="TV 6" service_name="TV 6" provider="TDA" sid="6" onid="65535" tsid="1" />
    <channel service_ref="1:0:25:0006:0002:ffff:0d1b2f80:0:0:0:" name="TV 6 HD" service_name="TV 6 HD" provider="TDA DZ" sid="6" onid="65535" tsid="2" />
    <channel service_ref="1:0:1:0007:0002:ffff:0d1b2f80:0:0:0:" name="TV7 ELMAARIFA" service_name="TV7 ELMAARIFA" provider="TDA" sid="7" onid="65535" tsid="2" />
    <channel service_ref="1:0:1:0008:0002:ffff:0d1b2f80:0:0:0:" name="TV8 EDHAKIRA" service_name="TV8 EDHAKIRA" provider="TDA" sid="8" onid="65535" tsid="2" />
  </bouquet>
  <bouquet name="News" category="tv">
    <channel service_ref="1:0:1:07e5:0001:ffff:0d1b3048:0:0:0:" name="Echorouk NEWS" service_name="Echorouk NEWS" provider="" sid="2021" onid="65535" tsid="1" />
  </bouquet>
  <bouquet name="TF1" category="tv">
    <channel service_ref="1:0:1:0002:0001:ffff:0d1b2fc8:0:0:0:" name="CANAL ALGERIE" service_name="CANAL ALGERIE" provider="TDA" sid="2" onid="65535" tsid="1" />
    <channel service_ref="1:0:25:0002:0002:ffff:0d1b2f80:0:0:0:" name="Canal Algerie HD" service_name="Canal Algerie HD" provider="TDA DZ" sid="2" onid="65535" tsid="2" />
  </bouquet>
  <bouquet name="Switzerland" category="tv">
    <channel service_ref="1:0:1:0003:0001:ffff:0d1b2fc8:0:0:0:" name="A3" service_name="A3" provider="TDA" sid="3" onid="65535" tsid="1" />
    <channel service_ref="1:0:25:000d:0002:ffff:0d1b2f80:0:0:0:" name="A3 HD" service_name="A3 HD" provider="TDA DZ" sid="13" onid="65535" tsid="2" />
    <channel service_ref="1:0:1:0005:0002:ffff:0d1b2f80:0:0:0:" name="TV 5" service_name="TV 5" provider="TDA DZ" sid="5" onid="65535" tsid="2" />
    <channel service_ref="1:0:1:0005:0001:ffff:0d1b2fc8:0:0:0:" name="TV 5" service_name="TV 5" provider="TDA" sid="5" onid="65535" tsid="1" />
  </bouquet>
  <bouquet name="Resolution - HD" category="tv">
    <channel service_ref="1:0:25:000d:0002:ffff:0d1b2f80:0:0:0:" name="A3 HD" service_name="A3 HD" provider="TDA DZ" sid="13" onid="65535" tsid="2" />
    <channel service_ref="1:0:25:0002:0002:ffff:0d1b2f80:0:0:0:" name="Canal Algerie HD" service_name="Canal Algerie HD" provider="TDA DZ" sid="2" onid="65535" tsid="2" />
    <channel service_ref="1:0:1:002c:0001:ffff:0d1b3048:0:0:0:" name="Echorouk TV HD" service_name="Echorouk TV HD" provider="NWA-SAT" sid="44" onid="65535" tsid="1" />
    <channel service_ref="1:0:25:0001:0002:ffff:0d1b2f80:0:0:0:" name="Programme NationalHD" service_name="Programme NationalHD" provider="TDA DZ" sid="1" onid="65535" tsid="2" />
    <channel service_ref="1:0:25:0006:0002:ffff:0d1b2f80:0:0:0:" name="TV 6 HD" service_name="TV 6 HD" provider="TDA DZ" sid="6" onid="65535" tsid="2" />
  </bouquet>
  <bouquet name="Others" category="tv">
    <channel service_ref="1:0:1:002c:0001:ffff:0d1b3048:0:0:0:" name="Echorouk TV HD" service_name="Echorouk TV HD" provider="NWA-SAT" sid="44" onid="65535" tsid="1" />
    <channel service_ref="1:0:1:07ea:0001:ffff:0d1b3048:0:0:0:" name="EL HAYAT TV ALGERIE" service_name="EL HAYAT TV ALGERIE" provider="" sid="2026" onid="65535" tsid="1" />
    <channel service_ref="1:0:1:0cfd:0001:ffff:0d1b3048:0:0:0:" name="Ennahar TV" service_name="Ennahar TV" provider="DU" sid="3325" onid="65535" tsid="1" />
    <channel service_ref="1:0:1:0001:0001:ffff:0d1b2fc8:0:0:0:" name="PROGRAMME NATIONAL" service_name="PROGRAMME NATIONAL" provider="TDA" sid="1" onid="65535" tsid="1" />
    <channel service_ref="1:0:25:0001:0002:ffff:0d1b2f80:0:0:0:" name="Programme NationalHD" service_name="Programme NationalHD" provider="TDA DZ" sid="1" onid="65535" tsid="2" />
    <channel service_ref="1:0:1:000e:0002:ffff:0d1b2f80:0:0:0:" name="RASDTV" service_name="RASDTV" provider="Scopus" sid="14" onid="65535" tsid="2" />
    <channel service_ref="1:0:22:0004:0002:ffff:0d1b2f80:0:0:0:" name="TV 4" service_name="TV 4" provider="TDA" sid="4" onid="65535" tsid="2" />
    <channel service_ref="1:0:1:0004:0001:ffff:0d1b2fc8:0:0:0:" name="TV 4" service_name="TV 4" provider="TDA" sid="4" onid="65535" tsid="1" />
    <channel service_ref="1:0:1:0006:0001:ffff:0d1b2fc8:0:0:0:" name="TV 6" service_name="TV 6" provider="TDA" sid="6" onid="65535" tsid="1" />
    <channel service_ref="1:0:25:0006:0002:ffff:0d1b2f80:0:0:0:" name="TV 6 HD" service_name="TV 6 HD" provider="TDA DZ" sid="6" onid="65535" tsid="2" />
    <channel service_ref="1:0:1:0007:0002:ffff:0d1b2f80:0:0:0:" name="TV7 ELMAARIFA" service_name="TV7 ELMAARIFA" provider="TDA" sid="7" onid="65535" tsid="2" />
    <channel service_ref="1:0:1:0008:0002:ffff:0d1b2f80:0:0:0:" name="TV8 EDHAKIRA" service_name="TV8 EDHAKIRA" provider="TDA" sid="8" onid="65535" tsid="2" />
  </bouquet>
  <bouquet name="Radio" category="radio">
    <channel service_ref="1:0:2:000d:0001:ffff:0d1b2fda:0:0:0:" name="CHAINE 1" service_name="CHAINE 1" provider="TDA" sid="13" onid="65535" tsid="1" />
    <channel service_ref="1:0:2:0007:0001:ffff:0d1b2fda:0:0:0:" name="CHAINE 2" service_name="CHAINE 2" provider="TDA" sid="7" onid="65535" tsid="1" />
    <channel service_ref="1:0:2:0008:0001:ffff:0d1b2fda:0:0:0:" name="CHAINE 3" service_name="CHAINE 3" provider="TDA" sid="8" onid="65535" tsid="1" />
    <channel service_ref="1:0:2:0080:0001:ffff:0d1b2fda:0:0:0:" name="EL BAHDJA" service_name="EL BAHDJA" provider="TDA" sid="128" onid="65535" tsid="1" />
    <channel service_ref="1:0:2:001e:0001:ffff:0d1b2fda:0:0:0:" name="Radio Ain Defla" service_name="Radio Ain Defla" provider="TDA" sid="30" onid="65535" tsid="1" />
    <channel service_ref="1:0:2:0013:0001:ffff:0d1b2fda:0:0:0:" name="Radio Ain Timouchent" service_name="Radio Ain Timouchent" provider="TDA" sid="19" onid="65535" tsid="1" />
    <channel service_ref="1:0:2:002a:0001:ffff:0d1b2fda:0:0:0:" name="Radio Annaba" service_name="Radio Annaba" provider="TDA" sid="42" onid="65535" tsid="1" />
    <channel service_ref="1:0:2:001b:0001:ffff:0d1b2fda:0:0:0:" name="Radio Biskra" service_name="Radio Biskra" provider="TDA" sid="27" onid="65535" tsid="1" />
    <channel service_ref="1:0:2:0019:0001:ffff:0d1b2fda:0:0:0:" name="Radio Bordj Bou Arreridj" service_name="Radio Bordj Bou Arreridj" provider="TDA" sid="25" onid="65535" tsid="1" />
    <channel service_ref="1:0:2:001c:0001:ffff:0d1b2fda:0:0:0:" name="Radio Bouira" service_name="Radio Bouira" provider="TDA" sid="28" onid="65535" tsid="1" />
    <channel service_ref="1:0:2:0014:0001:ffff:0d1b2fda:0:0:0:" name="Radio Boumerdes" service_name="Radio Boumerdes" provider="TDA" sid="20" onid="65535" tsid="1" />
    <channel service_ref="1:0:2:003c:0001:ffff:0d1b2fda:0:0:0:" name="Radio Chlef" service_name="Radio Chlef" provider="TDA" sid="60" onid="65535" tsid="1" />
    <channel service_ref="1:0:2:003a:0001:ffff:0d1b2fda:0:0:0:" name="Radio Constantine" service_name="Radio Constantine" provider="TDA" sid="58" onid="65535" tsid="1" />
    <channel service_ref="1:0:2:003f:0001:ffff:0d1b2fda:0:0:0:" name="RADIO CORAN" service_name="RADIO CORAN" provider="TDA" sid="63" onid="65535" tsid="1" />
    <channel service_ref="1:0:2:012a:0001:ffff:0d1b2fda:0:0:0:" name="RADIO CULTURE" service_name="RADIO CULTURE" provider="TDA" sid="298" onid="65535" tsid="1" />
    <channel service_ref="1:0:2:0006:0001:ffff:0d1b2fda:0:0:0:" name="RADIO DECROCHAGE" service_name="RADIO DECROCHAGE" provider="TDA" sid="6" onid="65535" tsid="1" />
    <channel service_ref="1:0:2:002f:0001:ffff:0d1b2fda:0:0:0:" name="Radio Djelfa" service_name="Radio Djelfa" provider="TDA" sid="47" onid="65535" tsid="1" />
    <channel service_ref="1:0:2:002d:0001:ffff:0d1b2fda:0:0:0:" name="Radio El Bayedh" service_name="Radio El Bayedh" provider="TDA" sid="45" onid="65535" tsid="1" />
    <channel service_ref="1:0:2:0012:0001:ffff:0d1b2fda:0:0:0:" name="Radio Guelma" service_name="Radio Guelma" provider="TDA" sid="18" onid="65535" tsid="1" />
    <channel service_ref="1:0:2:012b:0001:ffff:0d1b2fda:0:0:0:" name="RADIO JEUNESSE" service_name="RADIO JEUNESSE" provider="TDA" sid="299" onid="65535" tsid="1" />
    <channel service_ref="1:0:2:000b:0001:ffff:0d1b2fda:0:0:0:" name="Radio Laghouat" service_name="Radio Laghouat" provider="TDA" sid="11" onid="65535" tsid="1" />
    <channel service_ref="1:0:2:0018:0001:ffff:0d1b2fda:0:0:0:" name="Radio M'sila" service_name="Radio M'sila" provider="TDA" sid="24" onid="65535" tsid="1" />
    <channel service_ref="1:0:2:0011:0001:ffff:0d1b2fda:0:0:0:" name="Radio Mascara" service_name="Radio Mascara" provider="TDA" sid="17" onid="65535" tsid="1" />
    <channel service_ref="1:0:2:000e:0001:ffff:0d1b2fda:0:0:0:" name="Radio Mila" service_name="Radio Mila" provider="TDA" sid="14" onid="65535" tsid="1" />
    <channel service_ref="1:0:2:0017:0001:ffff:0d1b2fda:0:0:0:" name="Radio Mostaganem" service_name="Radio Mostaganem" provider="TDA" sid="23" onid="65535" tsid="1" />
    <channel service_ref="1:0:2:000c:0001:ffff:0d1b2fda:0:0:0:" name="Radio Naama" service_name="Radio Naama" provider="TDA" sid="12" onid="65535" tsid="1" />
    <channel service_ref="1:0:2:0015:0001:ffff:0d1b2fda:0:0:0:" name="Radio Oran" service_name="Radio Oran" provider="TDA" sid="21" onid="65535" tsid="1" />
    <channel service_ref="1:0:2:003b:0001:ffff:0d1b2fda:0:0:0:" name="Radio Oum Bouaghi" service_name="Radio Oum Bouaghi" provider="TDA" sid="59" onid="65535" tsid="1" />
    <channel service_ref="1:0:2:001d:0001:ffff:0d1b2fda:0:0:0:" name="Radio Relizan" service_name="Radio Relizan" provider="TDA" sid="29" onid="65535" tsid="1" />
    <channel service_ref="1:0:2:000f:0001:ffff:0d1b2fda:0:0:0:" name="Radio Saida" service_name="Radio Saida" provider="TDA" sid="15" onid="65535" tsid="1" />
    <channel service_ref="1:0:2:001a:0001:ffff:0d1b2fda:0:0:0:" name="Radio Setif" service_name="Radio Setif" provider="TDA" sid="26" onid="65535" tsid="1" />
    <channel service_ref="1:0:2:003d:0001:ffff:0d1b2fda:0:0:0:" name="Radio Sidi Belabes" service_name="Radio Sidi Belabes" provider="TDA" sid="61" onid="65535" tsid="1" />
    <channel service_ref="1:0:2:0010:0001:ffff:0d1b2fda:0:0:0:" name="Radio Skikda" service_name="Radio Skikda" provider="TDA" sid="16" onid="65535" tsid="1" />
    <channel service_ref="1:0:2:000a:0001:ffff:0d1b2fda:0:0:0:" name="Radio Souk Ahras" service_name="Radio Souk Ahras" provider="TDA" sid="10" onid="65535" tsid="1" />
    <channel service_ref="1:0:2:002e:0001:ffff:0d1b2fda:0:0:0:" name="Radio Tebessa" service_name="Radio Tebessa" provider="TDA" sid="46" onid="65535" tsid="1" />
    <channel service_ref="1:0:2:002c:0001:ffff:0d1b2fda:0:0:0:" name="Radio Tessemssilt" service_name="Radio Tessemssilt" provider="TDA" sid="44" onid="65535" tsid="1" />
    <channel service_ref="1:0:2:0016:0001:ffff:0d1b2fda:0:0:0:" name="Radio Tiaret" service_name="Radio Tiaret" provider="TDA" sid="22" onid="65535" tsid="1" />
    <channel service_ref="1:0:2:001f:0001:ffff:0d1b2fda:0:0:0:" name="Radio Tipaza" service_name="Radio Tipaza" provider="TDA" sid="31" onid="65535" tsid="1" />
    <channel service_ref="1:0:2:002b:0001:ffff:0d1b2fda:0:0:0:" name="Radio Tizi Ouzou" service_name="Radio Tizi Ouzou" provider="TDA" sid="43" onid="65535" tsid="1" />
    <channel service_ref="1:0:2:0009:0001:ffff:0d1b2fda:0:0:0:" name="SAHEL" service_name="SAHEL" provider="TDA" sid="9" onid="65535" tsid="1" />
  </bouquet>
  <bouquet name="Radio - Regional" category="radio">
    <channel service_ref="1:0:2:000a:0001:ffff:0d1b2fda:0:0:0:" name="Radio Souk Ahras" service_name="Radio Souk Ahras" provider="TDA" sid="10" onid="65535" tsid="1" />
  </bouquet>
</zapit>
