<?xml version='1.0' encoding='utf-8'?>
<zapit>
  <bouquet name="General" category="tv">
    <channel service_ref="1:0:25:04f3:1269:0601:0d7a0000:0:0:0:" name="AMC Eastern Europe" service_name="AMC Eastern Europe" provider="DMC" sid="1267" onid="1537" tsid="4713" />
    <channel service_ref="1:0:25:04f4:1269:0601:0d7a0000:0:0:0:" name="AMC Middle-East HD" service_name="AMC Middle-East HD" provider="DMC" sid="1268" onid="1537" tsid="4713" />
    <channel service_ref="1:0:25:00c9:0002:0001:0d7a2d30:0:0:0:" name="BYU TV" service_name="BYU TV" provider="" sid="201" onid="1" tsid="2" />
    <channel service_ref="1:0:1:04f7:127b:0601:0d7a0000:0:0:0:" name="CBS Drama" service_name="CBS Drama" provider="DMC" sid="1271" onid="1537" tsid="4731" />
    <channel service_ref="1:0:1:04f8:127b:0601:0d7a0000:0:0:0:" name="CBS Reality" service_name="CBS Reality" provider="DMC" sid="1272" onid="1537" tsid="4731" />
    <channel service_ref="1:0:1:12cb:12df:0601:0d7a0000:0:0:0:" name="Crime &amp; Investigation Network" service_name="Crime &amp; Investigation Network" provider="DMC" sid="4811" onid="1537" tsid="4831" />
    <channel service_ref="1:0:25:00d4:0002:0001:0d7a2d30:0:0:0:" name="EA:  Arm - Bul" service_name="EA:  Arm - Bul" provider="" sid="212" onid="1" tsid="2" />
    <channel service_ref="1:0:25:00cf:0002:0001:0d7a2d30:0:0:0:" name="EA:  Dut - Man" service_name="EA:  Dut - Man" provider="" sid="207" onid="1" tsid="2" />
    <channel service_ref="1:0:25:00d3:0002:0001:0d7a2d30:0:0:0:" name="EA:  Efi - Ara" service_name="EA:  Efi - Ara" provider="" sid="211" onid="1" tsid="2" />
    <channel service_ref="1:0:25:00d6:0002:0001:0d7a2d30:0:0:0:" name="EA:  Eng - Fre" service_name="EA:  Eng - Fre" provider="" sid="214" onid="1" tsid="2" />
    <channel service_ref="1:0:25:00cb:0002:0001:0d7a2d30:0:0:0:" name="EA:  Eng - Ita" service_name="EA:  Eng - Ita" provider="" sid="203" onid="1" tsid="2" />
    <channel service_ref="1:0:25:00d5:0002:0001:0d7a2d30:0:0:0:" name="EA:  Eng - Por" service_name="EA:  Eng - Por" provider="" sid="213" onid="1" tsid="2" />
    <channel service_ref="1:0:25:00ce:0002:0001:0d7a2d30:0:0:0:" name="EA:  Eng - Rus" service_name="EA:  Eng - Rus" provider="" sid="206" onid="1" tsid="2" />
    <channel service_ref="1:0:25:00d7:0002:0001:0d7a2d30:0:0:0:" name="EA:  Eng - Spa" service_name="EA:  Eng - Spa" provider="" sid="215" onid="1" tsid="2" />
    <channel service_ref="1:0:25:00d2:0002:0001:0d7a2d30:0:0:0:" name="EA:  Est - Ukr" service_name="EA:  Est - Ukr" provider="" sid="210" onid="1" tsid="2" />
    <channel service_ref="1:0:25:00d9:0002:0001:0d7a2d30:0:0:0:" name="EA:  Far - Lat" service_name="EA:  Far - Lat" provider="" sid="217" onid="1" tsid="2" />
    <channel service_ref="1:0:25:00d8:0002:0001:0d7a2d30:0:0:0:" name="EA:  Gre - Cze" service_name="EA:  Gre - Cze" provider="" sid="216" onid="1" tsid="2" />
    <channel service_ref="1:0:25:00d0:0002:0001:0d7a2d30:0:0:0:" name="EA:  Hun - Rom" service_name="EA:  Hun - Rom" provider="" sid="208" onid="1" tsid="2" />
    <channel service_ref="1:0:25:00cc:0002:0001:0d7a2d30:0:0:0:" name="EA:  Nor - Dan" service_name="EA:  Nor - Dan" provider="" sid="204" onid="1" tsid="2" />
    <channel service_ref="1:0:25:00d1:0002:0001:0d7a2d30:0:0:0:" name="EA:  Pol - Alb" service_name="EA:  Pol - Alb" provider="" sid="209" onid="1" tsid="2" />
    <channel service_ref="1:0:25:00ca:0002:0001:0d7a2d30:0:0:0:" name="EA:  Spa - Por" service_name="EA:  Spa - Por" provider="" sid="202" onid="1" tsid="2" />
    <channel service_ref="1:0:25:00cd:0002:0001:0d7a2d30:0:0:0:" name="EA:  Swe - Fin" service_name="EA:  Swe - Fin" provider="" sid="205" onid="1" tsid="2" />
    <channel service_ref="1:0:1:00b6:0001:0001:0d7a31c1:0:0:0:" name="ESPN" service_name="ESPN" provider="Espn" sid="182" onid="1" tsid="1" />
    <channel service_ref="1:0:1:00b5:0001:0001:0d7a31c1:0:0:0:" name="ESPN Caribbean" service_name="ESPN Caribbean" provider="Espn" sid="181" onid="1" tsid="1" />
    <channel service_ref="1:0:25:126d:1269:0601:0d7a0000:0:0:0:" name="Eva" service_name="Eva" provider="DMC" sid="4717" onid="1537" tsid="4713" />
    <channel service_ref="1:0:1:04fc:127b:0601:0d7a0000:0:0:0:" name="Extreme Sports" service_name="Extreme Sports" provider="DMC" sid="1276" onid="1537" tsid="4731" />
    <channel service_ref="1:0:25:126c:1269:0601:0d7a0000:0:0:0:" name="Food Russia HD" service_name="Food Russia HD" provider="DMC" sid="4716" onid="1537" tsid="4713" />
    <channel service_ref="1:0:1:0009:0002:0002:0d7a3140:0:0:0:" name="Gunaz TV" service_name="Gunaz TV" provider="Gunaz" sid="9" onid="2" tsid="2" />
    <channel service_ref="1:0:1:12cc:12df:0601:0d7a0000:0:0:0:" name="History Channel Eastern Europe" service_name="History Channel Eastern Europe" provider="DMC" sid="4812" onid="1537" tsid="4831" />
    <channel service_ref="1:0:25:04f5:1269:0601:0d7a0000:0:0:0:" name="History Channel Romania" service_name="History Channel Romania" provider="DMC" sid="1269" onid="1537" tsid="4713" />
    <channel service_ref="1:0:1:04fa:127b:0601:0d7a0000:0:0:0:" name="JimJam EMEA" service_name="JimJam EMEA" provider="DMC" sid="1274" onid="1537" tsid="4731" />
    <channel service_ref="1:0:1:04fb:127b:0601:0d7a0000:0:0:0:" name="JimJam EMEA" service_name="JimJam EMEA" provider="DMC" sid="1275" onid="1537" tsid="4731" />
    <channel service_ref="1:0:1:0001:0001:0001:0d7a3129:0:0:0:" name="MSNBC" service_name="MSNBC" provider="" sid="1" onid="1" tsid="1" />
    <channel service_ref="1:0:25:0001:0001:ffff:0d7a30e3:0:0:0:" name="NBC/CNBC/MSNBC Feeds" service_name="NBC/CNBC/MSNBC Feeds" provider="NBC NEWS" sid="1" onid="65535" tsid="1" />
    <channel service_ref="1:0:25:126a:1269:0601:0d7a0000:0:0:0:" name="Outdoor Channel EMEA HD" service_name="Outdoor Channel EMEA HD" provider="DMC" sid="4714" onid="1537" tsid="4713" />
    <channel service_ref="1:0:1:12cd:12df:0601:0d7a0000:0:0:0:" name="Playboy TV" service_name="Playboy TV" provider="DMC" sid="4813" onid="1537" tsid="4831" />
    <channel service_ref="1:0:25:0001:0001:0001:0d7a3130:0:0:0:" name="The 700 Club|  20h-22h CET" service_name="The 700 Club|  20h-22h CET" provider="" sid="1" onid="1" tsid="1" />
    <channel service_ref="1:0:25:01fe:0001:0001:0d7a31a3:0:0:0:" name="The Fight Network" service_name="The Fight Network" provider="" sid="510" onid="1" tsid="1" />
    <channel service_ref="1:0:1:0001:0002:ffff:0d7aace8:0:0:0:" name="Zagros" service_name="Zagros" provider="Zagros" sid="1" onid="65535" tsid="2" />
  </bouquet>
  <bouquet name="Series" category="tv">
    <channel service_ref="1:0:1:04f7:127b:0601:0d7a0000:0:0:0:" name="CBS Drama" service_name="CBS Drama" provider="DMC" sid="1271" onid="1537" tsid="4731" />
  </bouquet>
  <bouquet name="News" category="tv">
    <channel service_ref="1:0:25:0001:0001:ffff:0d7a30e3:0:0:0:" name="NBC/CNBC/MSNBC Feeds" service_name="NBC/CNBC/MSNBC Feeds" provider="NBC NEWS" sid="1" onid="65535" tsid="1" />
  </bouquet>
  <bouquet name="Sports" category="tv">
    <channel service_ref="1:0:1:00b6:0001:0001:0d7a31c1:0:0:0:" name="ESPN" service_name="ESPN" provider="Espn" sid="182" onid="1" tsid="1" />
    <channel service_ref="1:0:1:00b5:0001:0001:0d7a31c1:0:0:0:" name="ESPN Caribbean" service_name="ESPN Caribbean" provider="Espn" sid="181" onid="1" tsid="1" />
    <channel service_ref="1:0:1:04fc:127b:0601:0d7a0000:0:0:0:" name="Extreme Sports" service_name="Extreme Sports" provider="DMC" sid="1276" onid="1537" tsid="4731" />
  </bouquet>
  <bouquet name="Documentary" category="tv">
    <channel service_ref="1:0:1:12cc:12df:0601:0d7a0000:0:0:0:" name="History Channel Eastern Europe" service_name="History Channel Eastern Europe" provider="DMC" sid="4812" onid="1537" tsid="4831" />
    <channel service_ref="1:0:25:04f5:1269:0601:0d7a0000:0:0:0:" name="History Channel Romania" service_name="History Channel Romania" provider="DMC" sid="1269" onid="1537" tsid="4713" />
  </bouquet>
  <bouquet name="Resolution - HD" category="tv">
    <channel service_ref="1:0:25:04f4:1269:0601:0d7a0000:0:0:0:" name="AMC Middle-East HD" service_name="AMC Middle-East HD" provider="DMC" sid="1268" onid="1537" tsid="4713" />
    <channel service_ref="1:0:25:126c:1269:0601:0d7a0000:0:0:0:" name="Food Russia HD" service_name="Food Russia HD" provider="DMC" sid="4716" onid="1537" tsid="4713" />
    <channel service_ref="1:0:25:126a:1269:0601:0d7a0000:0:0:0:" name="Outdoor Channel EMEA HD" service_name="Outdoor Channel EMEA HD" provider="DMC" sid="4714" onid="1537" tsid="4713" />
  </bouquet>
  <bouquet name="Adult" category="tv">
    <channel service_ref="1:0:1:12cd:12df:0601:0d7a0000:0:0:0:" name="Playboy TV" service_name="Playboy TV" provider="DMC" sid="4813" onid="1537" tsid="4831" />
  </bouquet>
  <bouquet name="Others" category="tv">
    <channel service_ref="1:0:25:04f3:1269:0601:0d7a0000:0:0:0:" name="AMC Eastern Europe" service_name="AMC Eastern Europe" provider="DMC" sid="1267" onid="1537" tsid="4713" />
    <channel service_ref="1:0:25:04f4:1269:0601:0d7a0000:0:0:0:" name="AMC Middle-East HD" service_name="AMC Middle-East HD" provider="DMC" sid="1268" onid="1537" tsid="4713" />
    <channel service_ref="1:0:25:00c9:0002:0001:0d7a2d30:0:0:0:" name="BYU TV" service_name="BYU TV" provider="" sid="201" onid="1" tsid="2" />
    <channel service_ref="1:0:1:04f8:127b:0601:0d7a0000:0:0:0:" name="CBS Reality" service_name="CBS Reality" provider="DMC" sid="1272" onid="1537" tsid="4731" />
    <channel service_ref="1:0:1:12cb:12df:0601:0d7a0000:0:0:0:" name="Crime &amp; Investigation Network" service_name="Crime &amp; Investigation Network" provider="DMC" sid="4811" onid="1537" tsid="4831" />
    <channel service_ref="1:0:25:00d4:0002:0001:0d7a2d30:0:0:0:" name="EA:  Arm - Bul" service_name="EA:  Arm - Bul" provider="" sid="212" onid="1" tsid="2" />
    <channel service_ref="1:0:25:00cf:0002:0001:0d7a2d30:0:0:0:" name="EA:  Dut - Man" service_name="EA:  Dut - Man" provider="" sid="207" onid="1" tsid="2" />
    <channel service_ref="1:0:25:00d3:0002:0001:0d7a2d30:0:0:0:" name="EA:  Efi - Ara" service_name="EA:  Efi - Ara" provider="" sid="211" onid="1" tsid="2" />
    <channel service_ref="1:0:25:00d6:0002:0001:0d7a2d30:0:0:0:" name="EA:  Eng - Fre" service_name="EA:  Eng - Fre" provider="" sid="214" onid="1" tsid="2" />
    <channel service_ref="1:0:25:00cb:0002:0001:0d7a2d30:0:0:0:" name="EA:  Eng - Ita" service_name="EA:  Eng - Ita" provider="" sid="203" onid="1" tsid="2" />
    <channel service_ref="1:0:25:00d5:0002:0001:0d7a2d30:0:0:0:" name="EA:  Eng - Por" service_name="EA:  Eng - Por" provider="" sid="213" onid="1" tsid="2" />
    <channel service_ref="1:0:25:00ce:0002:0001:0d7a2d30:0:0:0:" name="EA:  Eng - Rus" service_name="EA:  Eng - Rus" provider="" sid="206" onid="1" tsid="2" />
    <channel service_ref="1:0:25:00d7:0002:0001:0d7a2d30:0:0:0:" name="EA:  Eng - Spa" service_name="EA:  Eng - Spa" provider="" sid="215" onid="1" tsid="2" />
    <channel service_ref="1:0:25:00d2:0002:0001:0d7a2d30:0:0:0:" name="EA:  Est - Ukr" service_name="EA:  Est - Ukr" provider="" sid="210" onid="1" tsid="2" />
    <channel service_ref="1:0:25:00d9:0002:0001:0d7a2d30:0:0:0:" name="EA:  Far - Lat" service_name="EA:  Far - Lat" provider="" sid="217" onid="1" tsid="2" />
    <channel service_ref="1:0:25:00d8:0002:0001:0d7a2d30:0:0:0:" name="EA:  Gre - Cze" service_name="EA:  Gre - Cze" provider="" sid="216" onid="1" tsid="2" />
    <channel service_ref="1:0:25:00d0:0002:0001:0d7a2d30:0:0:0:" name="EA:  Hun - Rom" service_name="EA:  Hun - Rom" provider="" sid="208" onid="1" tsid="2" />
    <channel service_ref="1:0:25:00cc:0002:0001:0d7a2d30:0:0:0:" name="EA:  Nor - Dan" service_name="EA:  Nor - Dan" provider="" sid="204" onid="1" tsid="2" />
    <channel service_ref="1:0:25:00d1:0002:0001:0d7a2d30:0:0:0:" name="EA:  Pol - Alb" service_name="EA:  Pol - Alb" provider="" sid="209" onid="1" tsid="2" />
    <channel service_ref="1:0:25:00ca:0002:0001:0d7a2d30:0:0:0:" name="EA:  Spa - Por" service_name="EA:  Spa - Por" provider="" sid="202" onid="1" tsid="2" />
    <channel service_ref="1:0:25:00cd:0002:0001:0d7a2d30:0:0:0:" name="EA:  Swe - Fin" service_name="EA:  Swe - Fin" provider="" sid="205" onid="1" tsid="2" />
    <channel service_ref="1:0:25:126d:1269:0601:0d7a0000:0:0:0:" name="Eva" service_name="Eva" provider="DMC" sid="4717" onid="1537" tsid="4713" />
    <channel service_ref="1:0:25:126c:1269:0601:0d7a0000:0:0:0:" name="Food Russia HD" service_name="Food Russia HD" provider="DMC" sid="4716" onid="1537" tsid="4713" />
    <channel service_ref="1:0:1:0009:0002:0002:0d7a3140:0:0:0:" name="Gunaz TV" service_name="Gunaz TV" provider="Gunaz" sid="9" onid="2" tsid="2" />
    <channel service_ref="1:0:1:04fa:127b:0601:0d7a0000:0:0:0:" name="JimJam EMEA" service_name="JimJam EMEA" provider="DMC" sid="1274" onid="1537" tsid="4731" />
    <channel service_ref="1:0:1:04fb:127b:0601:0d7a0000:0:0:0:" name="JimJam EMEA" service_name="JimJam EMEA" provider="DMC" sid="1275" onid="1537" tsid="4731" />
    <channel service_ref="1:0:1:0001:0001:0001:0d7a3129:0:0:0:" name="MSNBC" service_name="MSNBC" provider="" sid="1" onid="1" tsid="1" />
    <channel service_ref="1:0:25:126a:1269:0601:0d7a0000:0:0:0:" name="Outdoor Channel EMEA HD" service_name="Outdoor Channel EMEA HD" provider="DMC" sid="4714" onid="1537" tsid="4713" />
    <channel service_ref="1:0:25:0001:0001:0001:0d7a3130:0:0:0:" name="The 700 Club|  20h-22h CET" service_name="The 700 Club|  20h-22h CET" provider="" sid="1" onid="1" tsid="1" />
    <channel service_ref="1:0:25:01fe:0001:0001:0d7a31a3:0:0:0:" name="The Fight Network" service_name="The Fight Network" provider="" sid="510" onid="1" tsid="1" />
    <channel service_ref="1:0:1:0001:0002:ffff:0d7aace8:0:0:0:" name="Zagros" service_name="Zagros" provider="Zagros" sid="1" onid="65535" tsid="2" />
  </bouquet>
</zapit>
