{
  "api_version": 4,
  "bouquet_count": "728",
  "category": "terrestrial",
  "deduplicated_services": "0",
  "display_name": "Lombardia-Tv",
  "lamedb_version": "4",
  "last_seen": "unknown",
  "region_code": "lombardia-tv",
  "service_count": "3143",
  "source": "work/ingest/oe-alliance/vhannibal.dual.feeds.and.dtt.milano/enigma2",
  "stale": "unknown",
  "stats": "{\"bouquet_count\": 48, \"cable_services\": 0, \"radio_services\": 425, \"sat_services\": 2736, \"terrestrial_services\": 407, \"total_services\": 3143}",
  "thresholds": "{\"cable\": 20, \"sat\": 50, \"terrestrial\": 20}",
  "transponder_count": "209"
}