<?xml version='1.0' encoding='utf-8'?>
<zapit api="4">
  <satellites>
    <satellite key="00eb0000:0c82:0003" name="Astra-23.5E" namespace="0x00eb0000" position="23.5">
      <transponder key="00eb0000:0c82:0003" frequency="11739000" symbol_rate="29900000" polarization="V" fec="2" system="0" modulation="0">
        <service id="0x177f" sid="6015" name="192TV" type="22" provider="M7 Group" onid="3" tsid="3202" namespace="0x00eb0000" />
        <service id="0x02c8" sid="712" name="Adventure TV" type="22" provider="M7 Group" onid="3" tsid="3202" namespace="0x00eb0000" />
        <service id="0x17ad" sid="6061" name="Be2Can HD" type="25" provider="M7 Group" onid="3" tsid="3202" namespace="0x00eb0000" />
        <service id="0x02bd" sid="701" name="Boomerang" type="22" provider="M7 Group" onid="3" tsid="3202" namespace="0x00eb0000" />
        <service id="0x02be" sid="702" name="Boomerang CZ" type="22" provider="M7 Group" onid="3" tsid="3202" namespace="0x00eb0000" />
        <service id="0x17e9" sid="6121" name="Cartoon Network" type="22" provider="M7 Group" onid="3" tsid="3202" namespace="0x00eb0000" />
        <service id="0x17e0" sid="6112" name="CD Infokanaal" type="22" provider="M7 Group" onid="3" tsid="3202" namespace="0x00eb0000" />
        <service id="0x17b0" sid="6064" name="Ceskoslovensko HD" type="25" provider="M7 Group" onid="3" tsid="3202" namespace="0x00eb0000" />
        <service id="0x17d1" sid="6097" name="Discovery Channel" type="22" provider="M7 Group" onid="3" tsid="3202" namespace="0x00eb0000" />
        <service id="0x17b1" sid="6065" name="Disney Channel" type="22" provider="M7 Group" onid="3" tsid="3202" namespace="0x00eb0000" />
        <service id="0x17ea" sid="6122" name="E! Entertainment BNL" type="22" provider="M7 Group" onid="3" tsid="3202" namespace="0x00eb0000" />
        <service id="0x17eb" sid="6123" name="E! Entertainment CZ" type="22" provider="M7 Group" onid="3" tsid="3202" namespace="0x00eb0000" />
        <service id="0x178e" sid="6030" name="FOX Channel" type="22" provider="M7 Group" onid="3" tsid="3202" namespace="0x00eb0000" />
        <service id="0x17cc" sid="6092" name="FOX Sports 1 HD" type="25" provider="M7 Group" onid="3" tsid="3202" namespace="0x00eb0000" />
        <service id="0x17b4" sid="6068" name="FOX Sports 4 HD" type="25" provider="M7 Group" onid="3" tsid="3202" namespace="0x00eb0000" />
        <service id="0x179d" sid="6045" name="Investigation Discovery" type="22" provider="M7 Group" onid="3" tsid="3202" namespace="0x00eb0000" />
        <service id="0x177a" sid="6010" name="NPO Politiek" type="22" provider="M7 Group" onid="3" tsid="3202" namespace="0x00eb0000" />
        <service id="0x17c0" sid="6080" name="NPO2 HD" type="25" provider="M7 Group" onid="3" tsid="3202" namespace="0x00eb0000" />
        <service id="0x17b3" sid="6067" name="ONS" type="22" provider="M7 Group" onid="3" tsid="3202" namespace="0x00eb0000" />
        <service id="0x17ed" sid="6125" name="Retro Music TV" type="22" provider="M7 Group" onid="3" tsid="3202" namespace="0x00eb0000" />
        <service id="0x17ca" sid="6090" name="SBS6 HD" type="25" provider="M7 Group" onid="3" tsid="3202" namespace="0x00eb0000" />
        <service id="0x17ce" sid="6094" name="the QYOU" type="25" provider="M7 Group" onid="3" tsid="3202" namespace="0x00eb0000" />
        <service id="0x17cf" sid="6095" name="the QYOU CZ" type="25" provider="M7 Group" onid="3" tsid="3202" namespace="0x00eb0000" />
        <service id="0x17ae" sid="6062" name="Travel XP HD" type="25" provider="M7 Group" onid="3" tsid="3202" namespace="0x00eb0000" />
        <service id="0x17af" sid="6063" name="Travel XP HD BNL" type="25" provider="M7 Group" onid="3" tsid="3202" namespace="0x00eb0000" />
        <service id="0x17e1" sid="6113" name="TVV Infokanaal" type="22" provider="M7 Group" onid="3" tsid="3202" namespace="0x00eb0000" />
        <service id="0x17f0" sid="6128" name="Arrow Classic Rock" type="2" provider="M7 Group" onid="3" tsid="3202" namespace="0x00eb0000" radio="1" />
        <service id="0x17f1" sid="6129" name="Classic FM" type="2" provider="M7 Group" onid="3" tsid="3202" namespace="0x00eb0000" radio="1" />
        <service id="0x17ef" sid="6127" name="Joe FM" type="2" provider="M7 Group" onid="3" tsid="3202" namespace="0x00eb0000" radio="1" />
        <service id="0x17ee" sid="6126" name="Q-Music" type="2" provider="M7 Group" onid="3" tsid="3202" namespace="0x00eb0000" radio="1" />
        <service id="0x17f2" sid="6130" name="Radio Veronica" type="2" provider="M7 Group" onid="3" tsid="3202" namespace="0x00eb0000" radio="1" />
      </transponder>
    </satellite>
    <satellite key="00eb0000:0c84:0003" name="Astra-23.5E" namespace="0x00eb0000" position="23.5">
      <transponder key="00eb0000:0c84:0003" frequency="11778000" symbol_rate="27500000" polarization="V" fec="2" system="0" modulation="0">
        <service id="0x150e" sid="5390" name="Astra UHD Demo" type="31" provider="SES ASTRA" onid="3" tsid="3204" namespace="0x00eb0000" />
        <service id="0x05e9" sid="1513" name="SES UHD Demo" type="31" provider="SES" onid="3" tsid="3204" namespace="0x00eb0000" />
      </transponder>
    </satellite>
    <satellite key="00eb0000:0c88:0003" name="Astra-23.5E" namespace="0x00eb0000" position="23.5">
      <transponder key="00eb0000:0c88:0003" frequency="11856000" symbol_rate="29900000" polarization="V" fec="2" system="0" modulation="0">
        <service id="0x1bfe" sid="7166" name="Eurosport 1 HD" type="25" provider="M7 Group" onid="3" tsid="3208" namespace="0x00eb0000" />
        <service id="0x1bff" sid="7167" name="Eurosport 1 HD BE" type="25" provider="M7 Group" onid="3" tsid="3208" namespace="0x00eb0000" />
        <service id="0x1b94" sid="7060" name="Eurosport 2 NL" type="22" provider="M7 Group" onid="3" tsid="3208" namespace="0x00eb0000" />
        <service id="0x1bfc" sid="7164" name="FOX Sports 2 HD" type="25" provider="M7 Group" onid="3" tsid="3208" namespace="0x00eb0000" />
        <service id="0x1c01" sid="7169" name="JimJam CZ" type="22" provider="M7 Group" onid="3" tsid="3208" namespace="0x00eb0000" />
        <service id="0x1bfd" sid="7165" name="Nautical HD" type="25" provider="M7 Group" onid="3" tsid="3208" namespace="0x00eb0000" />
        <service id="0x1b90" sid="7056" name="Q2 HD" type="25" provider="M7 Group" onid="3" tsid="3208" namespace="0x00eb0000" />
        <service id="0x1b80" sid="7040" name="Reality Kings" type="22" provider="M7 Group" onid="3" tsid="3208" namespace="0x00eb0000" />
        <service id="0x1b81" sid="7041" name="Reality Kings CZ" type="22" provider="M7 Group" onid="3" tsid="3208" namespace="0x00eb0000" />
        <service id="0x1b92" sid="7058" name="RTL Z" type="22" provider="M7 Group" onid="3" tsid="3208" namespace="0x00eb0000" />
        <service id="0x1b6c" sid="7020" name="RTL4 HD" type="25" provider="M7 Group" onid="3" tsid="3208" namespace="0x00eb0000" />
        <service id="0x1b6f" sid="7023" name="RTL5 HD" type="25" provider="M7 Group" onid="3" tsid="3208" namespace="0x00eb0000" />
        <service id="0x1b73" sid="7027" name="RTL7 HD" type="25" provider="M7 Group" onid="3" tsid="3208" namespace="0x00eb0000" />
        <service id="0x1b7c" sid="7036" name="RTL8 HD" type="25" provider="M7 Group" onid="3" tsid="3208" namespace="0x00eb0000" />
        <service id="0x1b91" sid="7057" name="VIER HD" type="25" provider="M7 Group" onid="3" tsid="3208" namespace="0x00eb0000" />
        <service id="0x1b76" sid="7030" name="VTM HD" type="25" provider="M7 Group" onid="3" tsid="3208" namespace="0x00eb0000" />
        <service id="0x1b95" sid="7061" name="ZES" type="22" provider="M7 Group" onid="3" tsid="3208" namespace="0x00eb0000" />
        <service id="0x1b72" sid="7026" name="Test" type="2" provider="M7 Group" onid="3" tsid="3208" namespace="0x00eb0000" radio="1" />
        <service id="0x1b74" sid="7028" name="Test 1" type="2" provider="M7 Group" onid="3" tsid="3208" namespace="0x00eb0000" radio="1" />
      </transponder>
    </satellite>
    <satellite key="00eb0000:0c89:0003" name="Astra-23.5E" namespace="0x00eb0000" position="23.5">
      <transponder key="00eb0000:0c89:0003" frequency="11876000" symbol_rate="29900000" polarization="H" fec="3" system="0" modulation="0">
        <service id="0x0d45" sid="3397" name="DAJTO HD" type="25" provider="M7 Group" onid="3" tsid="3209" namespace="0x00eb0000" />
        <service id="0x339f" sid="13215" name="Discovery CZ" type="22" provider="M7 Group" onid="3" tsid="3209" namespace="0x00eb0000" />
        <service id="0x339e" sid="13214" name="Epic Drama HD" type="25" provider="M7 Group" onid="3" tsid="3209" namespace="0x00eb0000" />
        <service id="0x0d47" sid="3399" name="JOJ PLUS HD" type="25" provider="M7 Group" onid="3" tsid="3209" namespace="0x00eb0000" />
        <service id="0x0d42" sid="3394" name="Nova Action HD" type="25" provider="M7 Group" onid="3" tsid="3209" namespace="0x00eb0000" />
        <service id="0x0d43" sid="3395" name="Nova Cinema HD" type="25" provider="M7 Group" onid="3" tsid="3209" namespace="0x00eb0000" />
        <service id="0x0d3f" sid="3391" name="Nova HD" type="25" provider="M7 Group" onid="3" tsid="3209" namespace="0x00eb0000" />
        <service id="0x339b" sid="13211" name="Nova International" type="22" provider="M7 Group" onid="3" tsid="3209" namespace="0x00eb0000" />
        <service id="0x0d41" sid="3393" name="Nova Sport 1 HD" type="25" provider="M7 Group" onid="3" tsid="3209" namespace="0x00eb0000" />
        <service id="0x0d44" sid="3396" name="Prima COOL HD" type="25" provider="M7 Group" onid="3" tsid="3209" namespace="0x00eb0000" />
        <service id="0x0d40" sid="3392" name="Prima HD" type="25" provider="M7 Group" onid="3" tsid="3209" namespace="0x00eb0000" />
        <service id="0x339c" sid="13212" name="Prima KRIMI" type="22" provider="M7 Group" onid="3" tsid="3209" namespace="0x00eb0000" />
        <service id="0x339a" sid="13210" name="RiK" type="22" provider="M7 Group" onid="3" tsid="3209" namespace="0x00eb0000" />
        <service id="0x339d" sid="13213" name="Slagr 2" type="22" provider="M7 Group" onid="3" tsid="3209" namespace="0x00eb0000" />
        <service id="0x0d46" sid="3398" name="TV JOJ HD" type="25" provider="M7 Group" onid="3" tsid="3209" namespace="0x00eb0000" />
      </transponder>
    </satellite>
    <satellite key="00eb0000:0c8c:0003" name="Astra-23.5E" namespace="0x00eb0000" position="23.5">
      <transponder key="00eb0000:0c8c:0003" frequency="11934000" symbol_rate="27500000" polarization="V" fec="3" system="0" modulation="0">
        <service id="0x36fb" sid="14075" name="AMC" type="22" provider="M7 Group" onid="3" tsid="3212" namespace="0x00eb0000" />
        <service id="0x36f5" sid="14069" name="Cartoon Network CZ" type="22" provider="M7 Group" onid="3" tsid="3212" namespace="0x00eb0000" />
        <service id="0x36f8" sid="14072" name="Comedy Central" type="22" provider="M7 Group" onid="3" tsid="3212" namespace="0x00eb0000" />
        <service id="0x36ea" sid="14058" name="CS Film/CS Mini" type="22" provider="M7 Group" onid="3" tsid="3212" namespace="0x00eb0000" />
        <service id="0x36fc" sid="14076" name="Disney CZ" type="22" provider="M7 Group" onid="3" tsid="3212" namespace="0x00eb0000" />
        <service id="0x36e3" sid="14051" name="DOCUBOX" type="22" provider="M7 Group" onid="3" tsid="3212" namespace="0x00eb0000" />
        <service id="0x36fd" sid="14077" name="duck TV" type="22" provider="M7 Group" onid="3" tsid="3212" namespace="0x00eb0000" />
        <service id="0x36f4" sid="14068" name="duck TV DUT" type="22" provider="M7 Group" onid="3" tsid="3212" namespace="0x00eb0000" />
        <service id="0x36e2" sid="14050" name="FIGHTBOX" type="22" provider="M7 Group" onid="3" tsid="3212" namespace="0x00eb0000" />
        <service id="0x36e9" sid="14057" name="Filmbox" type="22" provider="M7 Group" onid="3" tsid="3212" namespace="0x00eb0000" />
        <service id="0x36f3" sid="14067" name="Filmbox Extra HD" type="25" provider="M7 Group" onid="3" tsid="3212" namespace="0x00eb0000" />
        <service id="0x36d9" sid="14041" name="GERMAN TOTE TV" type="1" provider="MB Satellite" onid="3" tsid="3212" namespace="0x00eb0000" />
        <service id="0x36e6" sid="14054" name="History HD BNL" type="25" provider="M7 Group" onid="3" tsid="3212" namespace="0x00eb0000" />
        <service id="0x36eb" sid="14059" name="HOROR FILM" type="22" provider="M7 Group" onid="3" tsid="3212" namespace="0x00eb0000" />
        <service id="0x36f6" sid="14070" name="MTV NL" type="22" provider="M7 Group" onid="3" tsid="3212" namespace="0x00eb0000" />
        <service id="0x36f0" sid="14064" name="Nick Jr Czech" type="22" provider="M7 Group" onid="3" tsid="3212" namespace="0x00eb0000" />
        <service id="0x36fa" sid="14074" name="Nickelodeon" type="22" provider="M7 Group" onid="3" tsid="3212" namespace="0x00eb0000" />
        <service id="0x36f7" sid="14071" name="Nickelodeon / Spike" type="22" provider="M7 Group" onid="3" tsid="3212" namespace="0x00eb0000" />
        <service id="0x36e4" sid="14052" name="Prima Comedy Central" type="22" provider="M7 Group" onid="3" tsid="3212" namespace="0x00eb0000" />
        <service id="0x36ef" sid="14063" name="Prima Love" type="22" provider="M7 Group" onid="3" tsid="3212" namespace="0x00eb0000" />
        <service id="0x36e5" sid="14053" name="Prima MAX HD" type="25" provider="M7 Group" onid="3" tsid="3212" namespace="0x00eb0000" />
        <service id="0x36e8" sid="14056" name="Prima ZOOM HD" type="25" provider="M7 Group" onid="3" tsid="3212" namespace="0x00eb0000" />
        <service id="0x36f1" sid="14065" name="Senzi" type="22" provider="M7 Group" onid="3" tsid="3212" namespace="0x00eb0000" />
        <service id="0x36f9" sid="14073" name="Spike 24" type="22" provider="M7 Group" onid="3" tsid="3212" namespace="0x00eb0000" />
        <service id="0x36fe" sid="14078" name="TV Paprika" type="22" provider="M7 Group" onid="3" tsid="3212" namespace="0x00eb0000" />
        <service id="0x36ed" sid="14061" name="Viasat Explore" type="22" provider="M7 Group" onid="3" tsid="3212" namespace="0x00eb0000" />
        <service id="0x36ec" sid="14060" name="Viasat History" type="22" provider="M7 Group" onid="3" tsid="3212" namespace="0x00eb0000" />
        <service id="0x36ee" sid="14062" name="Viasat Nature" type="22" provider="M7 Group" onid="3" tsid="3212" namespace="0x00eb0000" />
      </transponder>
    </satellite>
    <satellite key="00eb0000:0c8e:0003" name="Astra-23.5E" namespace="0x00eb0000" position="23.5">
      <transponder key="00eb0000:0c8e:0003" frequency="11973000" symbol_rate="29900000" polarization="V" fec="2" system="0" modulation="0">
        <service id="0x0e94" sid="3732" name="DOMA HD" type="25" provider="M7 Group" onid="3" tsid="3214" namespace="0x00eb0000" />
        <service id="0x372e" sid="14126" name="Golf Channel." type="22" provider="M7 Group" onid="3" tsid="3214" namespace="0x00eb0000" />
        <service id="0x0e8b" sid="3723" name="JOJ Family HD" type="25" provider="M7 Group" onid="3" tsid="3214" namespace="0x00eb0000" />
        <service id="0x372f" sid="14127" name="KinoSvet." type="22" provider="M7 Group" onid="3" tsid="3214" namespace="0x00eb0000" />
        <service id="0x0e8d" sid="3725" name="Leo TV" type="22" provider="M7 Group" onid="3" tsid="3214" namespace="0x00eb0000" />
        <service id="0x0e8e" sid="3726" name="Leo TV BNL" type="22" provider="M7 Group" onid="3" tsid="3214" namespace="0x00eb0000" />
        <service id="0x372d" sid="14125" name="Markiza +1 HD" type="25" provider="M7 Group" onid="3" tsid="3214" namespace="0x00eb0000" />
        <service id="0x0e93" sid="3731" name="Markiza HD" type="25" provider="M7 Group" onid="3" tsid="3214" namespace="0x00eb0000" />
        <service id="0x0e88" sid="3720" name="Markiza International" type="22" provider="M7 Group" onid="3" tsid="3214" namespace="0x00eb0000" />
        <service id="0x0e8c" sid="3724" name="Minimax" type="22" provider="M7 Group" onid="3" tsid="3214" namespace="0x00eb0000" />
        <service id="0x0e92" sid="3730" name="Mnam TV" type="22" provider="M7 Group" onid="3" tsid="3214" namespace="0x00eb0000" />
        <service id="0x372c" sid="14124" name="Nova +1 HD" type="25" provider="M7 Group" onid="3" tsid="3214" namespace="0x00eb0000" />
        <service id="0x0e8a" sid="3722" name="Nova 2" type="22" provider="M7 Group" onid="3" tsid="3214" namespace="0x00eb0000" />
        <service id="0x0e89" sid="3721" name="Nova Gold" type="22" provider="M7 Group" onid="3" tsid="3214" namespace="0x00eb0000" />
        <service id="0x371e" sid="14110" name="Nova Sport 2 HD" type="25" provider="M7 Group" onid="3" tsid="3214" namespace="0x00eb0000" />
        <service id="0x0e8f" sid="3727" name="Penthouse Gold" type="25" provider="M7 Group" onid="3" tsid="3214" namespace="0x00eb0000" />
        <service id="0x0e90" sid="3728" name="Penthouse Gold CZ" type="25" provider="M7 Group" onid="3" tsid="3214" namespace="0x00eb0000" />
        <service id="0x0e91" sid="3729" name="Penthouse Quickies" type="25" provider="M7 Group" onid="3" tsid="3214" namespace="0x00eb0000" />
        <service id="0x372a" sid="14122" name="Penthouse Quickies CZ" type="25" provider="M7 Group" onid="3" tsid="3214" namespace="0x00eb0000" />
        <service id="0x371f" sid="14111" name="WAU HD" type="25" provider="M7 Group" onid="3" tsid="3214" namespace="0x00eb0000" />
        <service id="0x0ea3" sid="3747" name="Funx" type="2" provider="M7 Group" onid="3" tsid="3214" namespace="0x00eb0000" radio="1" />
        <service id="0x0ea2" sid="3746" name="Proglas" type="2" provider="M7 Group" onid="3" tsid="3214" namespace="0x00eb0000" radio="1" />
      </transponder>
    </satellite>
    <satellite key="00eb0000:0c91:0003" name="Astra-23.5E" namespace="0x00eb0000" position="23.5">
      <transponder key="00eb0000:0c91:0003" frequency="12032000" symbol_rate="27500000" polarization="H" fec="9" system="0" modulation="0">
        <service id="0x17d7" sid="6103" name="AutoMotorSport HD" type="25" provider="BetaDigital" onid="3" tsid="3217" namespace="0x00eb0000" />
        <service id="0x17d6" sid="6102" name="iConcert" type="25" provider="MX1" onid="3" tsid="3217" namespace="0x00eb0000" />
        <service id="0x17de" sid="6110" name="SES Demo HD" type="25" provider="MX1" onid="3" tsid="3217" namespace="0x00eb0000" />
        <service id="0x17d5" sid="6101" name="UNITEL CLASSICA HD" type="25" provider="BetaDigital" onid="3" tsid="3217" namespace="0x00eb0000" />
      </transponder>
    </satellite>
    <satellite key="00eb0000:0c93:0003" name="Astra-23.5E" namespace="0x00eb0000" position="23.5">
      <transponder key="00eb0000:0c93:0003" frequency="12070000" symbol_rate="27500000" polarization="H" fec="3" system="0" modulation="0">
        <service id="0x0d19" sid="3353" name="JOJ Cinema +1 HD" type="25" provider="M7 Group" onid="3" tsid="3219" namespace="0x00eb0000" />
        <service id="0x0d1f" sid="3359" name="JOJ Cinema HD" type="25" provider="M7 Group" onid="3" tsid="3219" namespace="0x00eb0000" />
        <service id="0x334d" sid="13133" name="KinoSvet" type="22" provider="M7 Group" onid="3" tsid="3219" namespace="0x00eb0000" />
        <service id="0x335c" sid="13148" name="Nickelodeon CZ" type="22" provider="M7 Group" onid="3" tsid="3219" namespace="0x00eb0000" />
        <service id="0x335b" sid="13147" name="Seznam.cz HD" type="25" provider="M7 Group" onid="3" tsid="3219" namespace="0x00eb0000" />
        <service id="0x334b" sid="13131" name="Sport 1 HD" type="25" provider="M7 Group" onid="3" tsid="3219" namespace="0x00eb0000" />
        <service id="0x334c" sid="13132" name="TLC" type="22" provider="M7 Group" onid="3" tsid="3219" namespace="0x00eb0000" />
        <service id="0x0d1e" sid="3358" name="TV JOJ +1 HD" type="25" provider="M7 Group" onid="3" tsid="3219" namespace="0x00eb0000" />
        <service id="0x335a" sid="13146" name="TV WAR" type="22" provider="M7 Group" onid="3" tsid="3219" namespace="0x00eb0000" />
      </transponder>
    </satellite>
    <satellite key="00eb0000:0c94:0003" name="Astra-23.5E" namespace="0x00eb0000" position="23.5">
      <transponder key="00eb0000:0c94:0003" frequency="12090000" symbol_rate="29900000" polarization="V" fec="2" system="0" modulation="0">
        <service id="0x013b" sid="315" name="AXN CZ" type="22" provider="M7 Group" onid="3" tsid="3220" namespace="0x00eb0000" />
        <service id="0x030a" sid="778" name="Cinemax" type="22" provider="M7 Group" onid="3" tsid="3220" namespace="0x00eb0000" />
        <service id="0x0089" sid="137" name="Eurosport 2 HD" type="25" provider="M7 Group" onid="3" tsid="3220" namespace="0x00eb0000" />
        <service id="0x013a" sid="314" name="Fishing and Hunting" type="22" provider="M7 Group" onid="3" tsid="3220" namespace="0x00eb0000" />
        <service id="0x013d" sid="317" name="Fishing and Hunting INT" type="22" provider="M7 Group" onid="3" tsid="3220" namespace="0x00eb0000" />
        <service id="0x0085" sid="133" name="HBO HD" type="25" provider="M7 Group" onid="3" tsid="3220" namespace="0x00eb0000" />
        <service id="0x0086" sid="134" name="HBO2" type="22" provider="M7 Group" onid="3" tsid="3220" namespace="0x00eb0000" />
        <service id="0x0087" sid="135" name="HBO3" type="22" provider="M7 Group" onid="3" tsid="3220" namespace="0x00eb0000" />
        <service id="0x030c" sid="780" name="MTV Europe CZ" type="22" provider="M7 Group" onid="3" tsid="3220" namespace="0x00eb0000" />
        <service id="0x012e" sid="302" name="Nat Geo HD" type="25" provider="M7 Group" onid="3" tsid="3220" namespace="0x00eb0000" />
        <service id="0x012f" sid="303" name="Nat Geo HD CZ" type="25" provider="M7 Group" onid="3" tsid="3220" namespace="0x00eb0000" />
        <service id="0x0082" sid="130" name="National Geographic Wild HD" type="25" provider="M7 Group" onid="3" tsid="3220" namespace="0x00eb0000" />
        <service id="0x0083" sid="131" name="National Geographic Wild HD CZ" type="25" provider="M7 Group" onid="3" tsid="3220" namespace="0x00eb0000" />
        <service id="0x0084" sid="132" name="National Geographic Wild HD DUT" type="25" provider="M7 Group" onid="3" tsid="3220" namespace="0x00eb0000" />
        <service id="0x008b" sid="139" name="NGC" type="22" provider="M7 Group" onid="3" tsid="3220" namespace="0x00eb0000" />
        <service id="0x013c" sid="316" name="REBEL 2" type="22" provider="M7 Group" onid="3" tsid="3220" namespace="0x00eb0000" />
        <service id="0x008a" sid="138" name="regionalnitelevize.cz" type="22" provider="M7 Group" onid="3" tsid="3220" namespace="0x00eb0000" />
        <service id="0x0088" sid="136" name="Spektrum HD" type="25" provider="M7 Group" onid="3" tsid="3220" namespace="0x00eb0000" />
        <service id="0x013e" sid="318" name="Sport 2 HD" type="25" provider="M7 Group" onid="3" tsid="3220" namespace="0x00eb0000" />
        <service id="0x013f" sid="319" name="Sport 5" type="22" provider="M7 Group" onid="3" tsid="3220" namespace="0x00eb0000" />
        <service id="0x030f" sid="783" name="Stingray Brava HD" type="25" provider="M7 Group" onid="3" tsid="3220" namespace="0x00eb0000" />
        <service id="0x030d" sid="781" name="Stingray CMusic" type="22" provider="M7 Group" onid="3" tsid="3220" namespace="0x00eb0000" />
        <service id="0x030e" sid="782" name="Stingray CMusic CZ" type="22" provider="M7 Group" onid="3" tsid="3220" namespace="0x00eb0000" />
        <service id="0x030b" sid="779" name="TV Oranje" type="22" provider="M7 Group" onid="3" tsid="3220" namespace="0x00eb0000" />
      </transponder>
    </satellite>
    <satellite key="00eb0000:0c96:0003" name="Astra-23.5E" namespace="0x00eb0000" position="23.5">
      <transponder key="00eb0000:0c96:0003" frequency="12129000" symbol_rate="29900000" polarization="V" fec="2" system="0" modulation="0">
        <service id="0x52ea" sid="21226" name="Animal Planet" type="22" provider="M7 Group" onid="3" tsid="3222" namespace="0x00eb0000" />
        <service id="0x52e9" sid="21225" name="Animal Planet CZ" type="22" provider="M7 Group" onid="3" tsid="3222" namespace="0x00eb0000" />
        <service id="0x14a2" sid="5282" name="CAZ" type="22" provider="M7 Group" onid="3" tsid="3222" namespace="0x00eb0000" />
        <service id="0x52e1" sid="21217" name="Eurosport 1 HD NL" type="25" provider="M7 Group" onid="3" tsid="3222" namespace="0x00eb0000" />
        <service id="0x51da" sid="20954" name="EVENAAR" type="22" provider="M7 Group" onid="3" tsid="3222" namespace="0x00eb0000" />
        <service id="0x52e7" sid="21223" name="Film Europe HD" type="25" provider="M7 Group" onid="3" tsid="3222" namespace="0x00eb0000" />
        <service id="0x52e8" sid="21224" name="Film Europe HD INT" type="25" provider="M7 Group" onid="3" tsid="3222" namespace="0x00eb0000" />
        <service id="0x52e2" sid="21218" name="Film+" type="22" provider="M7 Group" onid="3" tsid="3222" namespace="0x00eb0000" />
        <service id="0x51b8" sid="20920" name="Film1 Action" type="22" provider="M7 Group" onid="3" tsid="3222" namespace="0x00eb0000" />
        <service id="0x51b3" sid="20915" name="Film1 Drama" type="22" provider="M7 Group" onid="3" tsid="3222" namespace="0x00eb0000" />
        <service id="0x51ae" sid="20910" name="Film1 Family" type="22" provider="M7 Group" onid="3" tsid="3222" namespace="0x00eb0000" />
        <service id="0x51db" sid="20955" name="Film1 Premiere HD" type="25" provider="M7 Group" onid="3" tsid="3222" namespace="0x00eb0000" />
        <service id="0x52e3" sid="21219" name="Filmbox Plus" type="22" provider="M7 Group" onid="3" tsid="3222" namespace="0x00eb0000" />
        <service id="0x52e4" sid="21220" name="Filmbox Premium" type="22" provider="M7 Group" onid="3" tsid="3222" namespace="0x00eb0000" />
        <service id="0x149e" sid="5278" name="KetOp12" type="22" provider="M7 Group" onid="3" tsid="3222" namespace="0x00eb0000" />
        <service id="0x14a4" sid="5284" name="Man-X" type="22" provider="M7 Group" onid="3" tsid="3222" namespace="0x00eb0000" />
        <service id="0x51e5" sid="20965" name="NGC HD" type="25" provider="M7 Group" onid="3" tsid="3222" namespace="0x00eb0000" />
        <service id="0x51d1" sid="20945" name="SBS9" type="22" provider="M7 Group" onid="3" tsid="3222" namespace="0x00eb0000" />
        <service id="0x51d5" sid="20949" name="TLC" type="22" provider="M7 Group" onid="3" tsid="3222" namespace="0x00eb0000" />
        <service id="0x52e5" sid="21221" name="UP NETWORK CZ" type="22" provider="M7 Group" onid="3" tsid="3222" namespace="0x00eb0000" />
        <service id="0x14a6" sid="5286" name="VIJF" type="22" provider="M7 Group" onid="3" tsid="3222" namespace="0x00eb0000" />
        <service id="0x14a0" sid="5280" name="Vitaya" type="22" provider="M7 Group" onid="3" tsid="3222" namespace="0x00eb0000" />
        <service id="0x149c" sid="5276" name="vtm KIDS JR" type="22" provider="M7 Group" onid="3" tsid="3222" namespace="0x00eb0000" />
        <service id="0x527c" sid="21116" name="vtm KIDS/Kanaal Z" type="22" provider="M7 Group" onid="3" tsid="3222" namespace="0x00eb0000" />
        <service id="0x51c2" sid="20930" name="Ziggo Sport Golf" type="22" provider="M7 Group" onid="3" tsid="3222" namespace="0x00eb0000" />
        <service id="0x51e0" sid="20960" name="Ziggo Sport Select HD" type="25" provider="M7 Group" onid="3" tsid="3222" namespace="0x00eb0000" />
        <service id="0x51bd" sid="20925" name="Ziggo Sport Voetbal" type="22" provider="M7 Group" onid="3" tsid="3222" namespace="0x00eb0000" />
        <service id="0x52dc" sid="21212" name="Klara" type="2" provider="M7 Group" onid="3" tsid="3222" namespace="0x00eb0000" radio="1" />
        <service id="0x52da" sid="21210" name="MNM" type="2" provider="M7 Group" onid="3" tsid="3222" namespace="0x00eb0000" radio="1" />
        <service id="0x52eb" sid="21227" name="Sky Radio" type="2" provider="M7 Group" onid="3" tsid="3222" namespace="0x00eb0000" radio="1" />
        <service id="0x52db" sid="21211" name="Studio Brussel" type="2" provider="M7 Group" onid="3" tsid="3222" namespace="0x00eb0000" radio="1" />
      </transponder>
    </satellite>
    <satellite key="00eb0000:0c98:0003" name="Astra-23.5E" namespace="0x00eb0000" position="23.5">
      <transponder key="00eb0000:0c98:0003" frequency="12168000" symbol_rate="27500000" polarization="V" fec="3" system="0" modulation="0">
        <service id="0x05bd" sid="1469" name="Chamber TV HD" type="1" provider="SES ASTRA" onid="3" tsid="3224" namespace="0x00eb0000" />
        <service id="0x05ab" sid="1451" name="Ocko TV" type="22" provider="SES ASTRA" onid="3" tsid="3224" namespace="0x00eb0000" />
        <service id="0x05c6" sid="1478" name="RTL Tele Letzebuerg 23.5" type="1" provider="SES ASTRA" onid="3" tsid="3224" namespace="0x00eb0000" />
        <service id="0x05af" sid="1455" name="SES_LCN2" type="1" provider="SES ASTRA" onid="3" tsid="3224" namespace="0x00eb0000" />
        <service id="0x05cd" sid="1485" name="TELEIPPICA 1" type="1" provider="Scopus Network Technologies" onid="3" tsid="3224" namespace="0x00eb0000" />
        <service id="0x05ce" sid="1486" name="TELEIPPICA 2" type="1" provider="" onid="3" tsid="3224" namespace="0x00eb0000" />
        <service id="0x145a" sid="5210" name="TV Lux HD" type="25" provider="SES ASTRA" onid="3" tsid="3224" namespace="0x00eb0000" />
        <service id="0x147e" sid="5246" name="radio 100,7 Letzebuerg" type="2" provider="SES ASTRA" onid="3" tsid="3224" namespace="0x00eb0000" radio="1" />
        <service id="0x147d" sid="5245" name="RTL Radio Letzebuerg" type="2" provider="SES ASTRA" onid="3" tsid="3224" namespace="0x00eb0000" radio="1" />
      </transponder>
    </satellite>
    <satellite key="00eb0000:0c99:0003" name="Astra-23.5E" namespace="0x00eb0000" position="23.5">
      <transponder key="00eb0000:0c99:0003" frequency="12188000" symbol_rate="29900000" polarization="H" fec="2" system="0" modulation="0">
        <service id="0x523f" sid="21055" name="24Kitchen" type="22" provider="M7 Group" onid="3" tsid="3225" namespace="0x00eb0000" />
        <service id="0x524b" sid="21067" name="Arena Sport" type="22" provider="M7 Group" onid="3" tsid="3225" namespace="0x00eb0000" />
        <service id="0x146a" sid="5226" name="Canvas HD" type="25" provider="M7 Group" onid="3" tsid="3225" namespace="0x00eb0000" />
        <service id="0x52b0" sid="21168" name="Discovery Showcase HD" type="25" provider="M7 Group" onid="3" tsid="3225" namespace="0x00eb0000" />
        <service id="0x524c" sid="21068" name="Discovery Showcase HD CZ" type="25" provider="M7 Group" onid="3" tsid="3225" namespace="0x00eb0000" />
        <service id="0x05b9" sid="1465" name="een HD" type="25" provider="M7 Group" onid="3" tsid="3225" namespace="0x00eb0000" />
        <service id="0x147f" sid="5247" name="Eurosport2 BE" type="22" provider="M7 Group" onid="3" tsid="3225" namespace="0x00eb0000" />
        <service id="0x526a" sid="21098" name="Golf Channel" type="22" provider="M7 Group" onid="3" tsid="3225" namespace="0x00eb0000" />
        <service id="0x521c" sid="21020" name="NET5 HD" type="25" provider="M7 Group" onid="3" tsid="3225" namespace="0x00eb0000" />
        <service id="0x05bd" sid="1469" name="NPO1 HD" type="25" provider="M7 Group" onid="3" tsid="3225" namespace="0x00eb0000" />
        <service id="0x146e" sid="5230" name="NPO3 HD" type="25" provider="M7 Group" onid="3" tsid="3225" namespace="0x00eb0000" />
        <service id="0x05d6" sid="1494" name="Omroep Brabant Televisie" type="22" provider="M7 Group" onid="3" tsid="3225" namespace="0x00eb0000" />
        <service id="0x524d" sid="21069" name="Omrop Fryslan Televisie" type="22" provider="M7 Group" onid="3" tsid="3225" namespace="0x00eb0000" />
        <service id="0x05c8" sid="1480" name="REBEL" type="22" provider="M7 Group" onid="3" tsid="3225" namespace="0x00eb0000" />
        <service id="0x05c9" sid="1481" name="RELAX" type="22" provider="M7 Group" onid="3" tsid="3225" namespace="0x00eb0000" />
        <service id="0x524f" sid="21071" name="TV Drenthe" type="22" provider="M7 Group" onid="3" tsid="3225" namespace="0x00eb0000" />
        <service id="0x05ca" sid="1482" name="TV Gelderland" type="22" provider="M7 Group" onid="3" tsid="3225" namespace="0x00eb0000" />
        <service id="0x05d3" sid="1491" name="TV Noord" type="22" provider="M7 Group" onid="3" tsid="3225" namespace="0x00eb0000" />
        <service id="0x05cc" sid="1484" name="TV Oost" type="22" provider="M7 Group" onid="3" tsid="3225" namespace="0x00eb0000" />
        <service id="0x522b" sid="21035" name="Veronica/DisneyXD HD" type="25" provider="M7 Group" onid="3" tsid="3225" namespace="0x00eb0000" />
        <service id="0x05cd" sid="1485" name="100% NL" type="2" provider="M7 Group" onid="3" tsid="3225" namespace="0x00eb0000" radio="1" />
        <service id="0x05ce" sid="1486" name="Arrow Classic Rock" type="2" provider="M7 Group" onid="3" tsid="3225" namespace="0x00eb0000" radio="1" />
        <service id="0x4ed1" sid="20177" name="BNR Nieuwsradio" type="2" provider="M7 Group" onid="3" tsid="3225" namespace="0x00eb0000" radio="1" />
        <service id="0x05d0" sid="1488" name="Classic FM" type="2" provider="M7 Group" onid="3" tsid="3225" namespace="0x00eb0000" radio="1" />
        <service id="0x05d1" sid="1489" name="Funx" type="2" provider="M7 Group" onid="3" tsid="3225" namespace="0x00eb0000" radio="1" />
        <service id="0x525a" sid="21082" name="NPO 3FM" type="2" provider="M7 Group" onid="3" tsid="3225" namespace="0x00eb0000" radio="1" />
        <service id="0x148a" sid="5258" name="NPO Radio1" type="2" provider="M7 Group" onid="3" tsid="3225" namespace="0x00eb0000" radio="1" />
        <service id="0x148b" sid="5259" name="NPO Radio2" type="2" provider="M7 Group" onid="3" tsid="3225" namespace="0x00eb0000" radio="1" />
        <service id="0x525b" sid="21083" name="NPO Radio4" type="2" provider="M7 group" onid="3" tsid="3225" namespace="0x00eb0000" radio="1" />
        <service id="0x525c" sid="21084" name="NPO Radio5" type="2" provider="M7 group" onid="3" tsid="3225" namespace="0x00eb0000" radio="1" />
        <service id="0x525d" sid="21085" name="Radio 10" type="2" provider="M7 Group" onid="3" tsid="3225" namespace="0x00eb0000" radio="1" />
        <service id="0x148c" sid="5260" name="Radio 538" type="2" provider="M7 Group" onid="3" tsid="3225" namespace="0x00eb0000" radio="1" />
        <service id="0x525e" sid="21086" name="Radio Gelderland" type="2" provider="M7 Group" onid="3" tsid="3225" namespace="0x00eb0000" radio="1" />
        <service id="0x525f" sid="21087" name="Radio Oost" type="2" provider="M7 Group" onid="3" tsid="3225" namespace="0x00eb0000" radio="1" />
        <service id="0x148f" sid="5263" name="Radio Veronica" type="2" provider="M7 Group" onid="3" tsid="3225" namespace="0x00eb0000" radio="1" />
        <service id="0x148d" sid="5261" name="Sky Radio" type="2" provider="M7 Group" onid="3" tsid="3225" namespace="0x00eb0000" radio="1" />
        <service id="0x148e" sid="5262" name="SLAM!" type="2" provider="M7 Group" onid="3" tsid="3225" namespace="0x00eb0000" radio="1" />
      </transponder>
    </satellite>
    <satellite key="00eb0000:0ca1:0003" name="Astra-23.5E" namespace="0x00eb0000" position="23.5">
      <transponder key="00eb0000:0ca1:0003" frequency="12344000" symbol_rate="29900000" polarization="H" fec="2" system="0" modulation="0">
        <service id="0x1f41" sid="8001" name="CT 1 HD" type="25" provider="CESKA TELEVIZE" onid="3" tsid="3233" namespace="0x00eb0000" />
        <service id="0x1f48" sid="8008" name="CT 1 JM HD" type="25" provider="CESKA TELEVIZE" onid="3" tsid="3233" namespace="0x00eb0000" />
        <service id="0x1f47" sid="8007" name="CT 1 SM HD" type="25" provider="CESKA TELEVIZE" onid="3" tsid="3233" namespace="0x00eb0000" />
        <service id="0x1f42" sid="8002" name="CT 2 HD" type="25" provider="CESKA TELEVIZE" onid="3" tsid="3233" namespace="0x00eb0000" />
        <service id="0x1f43" sid="8003" name="CT 24 HD" type="25" provider="CESKA TELEVIZE" onid="3" tsid="3233" namespace="0x00eb0000" />
        <service id="0x1f45" sid="8005" name="CT :D/art HD" type="25" provider="CESKA TELEVIZE" onid="3" tsid="3233" namespace="0x00eb0000" />
        <service id="0x1f44" sid="8004" name="CT sport HD" type="25" provider="CESKA TELEVIZE" onid="3" tsid="3233" namespace="0x00eb0000" />
        <service id="0x1f4c" sid="8012" name="Prima +1 HD" type="25" provider="M7 Group" onid="3" tsid="3233" namespace="0x00eb0000" />
        <service id="0x1f49" sid="8009" name="Prima PLUS HD" type="25" provider="M7 Group" onid="3" tsid="3233" namespace="0x00eb0000" />
        <service id="0x1f4b" sid="8011" name="Skylink 7" type="25" provider="M7 Group" onid="3" tsid="3233" namespace="0x00eb0000" />
        <service id="0x1f4d" sid="8013" name="TESTS7" type="25" provider="M7 Group" onid="3" tsid="3233" namespace="0x00eb0000" />
        <service id="0x1f79" sid="8057" name="CRo D-DUR" type="2" provider="Cesky Rozhlas" onid="3" tsid="3233" namespace="0x00eb0000" radio="1" />
        <service id="0x1f74" sid="8052" name="CRo DVOJKA" type="2" provider="Cesky Rozhlas" onid="3" tsid="3233" namespace="0x00eb0000" radio="1" />
        <service id="0x1f7a" sid="8058" name="CRo JAZZ" type="2" provider="Cesky Rozhlas" onid="3" tsid="3233" namespace="0x00eb0000" radio="1" />
        <service id="0x1f76" sid="8054" name="CRo PLUS" type="2" provider="Cesky Rozhlas" onid="3" tsid="3233" namespace="0x00eb0000" radio="1" />
        <service id="0x1f78" sid="8056" name="CRo RADIO JUNIOR" type="2" provider="Cesky Rozhlas" onid="3" tsid="3233" namespace="0x00eb0000" radio="1" />
        <service id="0x1f7d" sid="8061" name="CRo RADIO PRAHA" type="2" provider="Cesky Rozhlas" onid="3" tsid="3233" namespace="0x00eb0000" radio="1" />
        <service id="0x1f77" sid="8055" name="CRo RADIO WAVE" type="2" provider="Cesky Rozhlas" onid="3" tsid="3233" namespace="0x00eb0000" radio="1" />
        <service id="0x1f73" sid="8051" name="CRo RADIOZURNAL" type="2" provider="Cesky Rozhlas" onid="3" tsid="3233" namespace="0x00eb0000" radio="1" />
        <service id="0x1f7b" sid="8059" name="CRo REGINA DAB" type="2" provider="Cesky Rozhlas" onid="3" tsid="3233" namespace="0x00eb0000" radio="1" />
        <service id="0x1f7e" sid="8062" name="CRo TEST DD" type="2" provider="Cesky Rozhlas" onid="3" tsid="3233" namespace="0x00eb0000" radio="1" />
        <service id="0x1f75" sid="8053" name="CRo VLTAVA" type="2" provider="Cesky Rozhlas" onid="3" tsid="3233" namespace="0x00eb0000" radio="1" />
      </transponder>
    </satellite>
    <satellite key="00eb0000:0ca2:0003" name="Astra-23.5E" namespace="0x00eb0000" position="23.5">
      <transponder key="00eb0000:0ca2:0003" frequency="12363000" symbol_rate="29500000" polarization="V" fec="3" system="0" modulation="0">
        <service id="0x132d" sid="4909" name="Barrandov Krimi HD" type="25" provider="Towercom" onid="3" tsid="3234" namespace="0x00eb0000" />
        <service id="0x132c" sid="4908" name="Kino Barrandov HD" type="25" provider="Towercom" onid="3" tsid="3234" namespace="0x00eb0000" />
        <service id="0x0219" sid="537" name="OCKO STAR" type="22" provider="Towercom" onid="3" tsid="3234" namespace="0x00eb0000" />
        <service id="0x0214" sid="532" name="POWER TV" type="22" provider="Towercom" onid="3" tsid="3234" namespace="0x00eb0000" />
        <service id="0x053a" sid="1338" name="RDS SAT" type="12" provider="Towercom" onid="3" tsid="3234" namespace="0x00eb0000" />
        <service id="0x0215" sid="533" name="Slagr TV" type="1" provider="Towercom" onid="3" tsid="3234" namespace="0x00eb0000" />
        <service id="0x0213" sid="531" name="STV1 HD" type="25" provider="Towercom" onid="3" tsid="3234" namespace="0x00eb0000" />
        <service id="0x132a" sid="4906" name="STV2 HD" type="25" provider="Towercom" onid="3" tsid="3234" namespace="0x00eb0000" />
        <service id="0x0212" sid="530" name="TA3 HD" type="25" provider="Towercom" onid="3" tsid="3234" namespace="0x00eb0000" />
        <service id="0x132b" sid="4907" name="TV Barrandov HD" type="25" provider="Towercom" onid="3" tsid="3234" namespace="0x00eb0000" />
        <service id="0x132e" sid="4910" name="TV Noe HD" type="25" provider="Towercom" onid="3" tsid="3234" namespace="0x00eb0000" />
        <service id="0x0216" sid="534" name="TV8 HD" type="25" provider="Towercom" onid="3" tsid="3234" namespace="0x00eb0000" />
        <service id="0x0221" sid="545" name="Antena Rock" type="2" provider="Towercom" onid="3" tsid="3234" namespace="0x00eb0000" radio="1" />
        <service id="0x134c" sid="4940" name="BEAT" type="2" provider="Towercom" onid="3" tsid="3234" namespace="0x00eb0000" radio="1" />
        <service id="0x134d" sid="4941" name="BEAT JM" type="2" provider="Towercom" onid="3" tsid="3234" namespace="0x00eb0000" radio="1" />
        <service id="0x134f" sid="4943" name="BEAT JZ" type="2" provider="Towercom" onid="3" tsid="3234" namespace="0x00eb0000" radio="1" />
        <service id="0x134e" sid="4942" name="BEAT SM" type="2" provider="Towercom" onid="3" tsid="3234" namespace="0x00eb0000" radio="1" />
        <service id="0x0222" sid="546" name="BEAT SV" type="2" provider="Towercom" onid="3" tsid="3234" namespace="0x00eb0000" radio="1" />
        <service id="0x0223" sid="547" name="COUNTRY JM" type="2" provider="Towercom" onid="3" tsid="3234" namespace="0x00eb0000" radio="1" />
        <service id="0x0224" sid="548" name="COUNTRY JZ" type="2" provider="Towercom" onid="3" tsid="3234" namespace="0x00eb0000" radio="1" />
        <service id="0x0225" sid="549" name="COUNTRY SV" type="2" provider="Towercom" onid="3" tsid="3234" namespace="0x00eb0000" radio="1" />
        <service id="0x133d" sid="4925" name="Devin" type="2" provider="Towercom" onid="3" tsid="3234" namespace="0x00eb0000" radio="1" />
        <service id="0x021e" sid="542" name="Jemne S" type="2" provider="Towercom" onid="3" tsid="3234" namespace="0x00eb0000" radio="1" />
        <service id="0x021f" sid="543" name="Jemne V" type="2" provider="Towercom" onid="3" tsid="3234" namespace="0x00eb0000" radio="1" />
        <service id="0x021d" sid="541" name="Jemne Z" type="2" provider="Towercom" onid="3" tsid="3234" namespace="0x00eb0000" radio="1" />
        <service id="0x053d" sid="1341" name="Junior" type="2" provider="Towercom" onid="3" tsid="3234" namespace="0x00eb0000" radio="1" />
        <service id="0x053c" sid="1340" name="Litera" type="2" provider="Towercom" onid="3" tsid="3234" namespace="0x00eb0000" radio="1" />
        <service id="0x053e" sid="1342" name="PatriaFM" type="2" provider="Towercom" onid="3" tsid="3234" namespace="0x00eb0000" radio="1" />
        <service id="0x053f" sid="1343" name="PatriaRD" type="2" provider="Towercom" onid="3" tsid="3234" namespace="0x00eb0000" radio="1" />
        <service id="0x133f" sid="4927" name="Pyramida" type="2" provider="Towercom" onid="3" tsid="3234" namespace="0x00eb0000" radio="1" />
        <service id="0x021b" sid="539" name="Radio Jazz" type="2" provider="Towercom" onid="3" tsid="3234" namespace="0x00eb0000" radio="1" />
        <service id="0x0220" sid="544" name="Radio Lumen" type="2" provider="Towercom" onid="3" tsid="3234" namespace="0x00eb0000" radio="1" />
        <service id="0x134a" sid="4938" name="Radio-7" type="2" provider="Towercom" onid="3" tsid="3234" namespace="0x00eb0000" radio="1" />
        <service id="0x133e" sid="4926" name="Radio_FM" type="2" provider="Towercom" onid="3" tsid="3234" namespace="0x00eb0000" radio="1" />
        <service id="0x133a" sid="4922" name="ReginaBA" type="2" provider="Towercom" onid="3" tsid="3234" namespace="0x00eb0000" radio="1" />
        <service id="0x133b" sid="4923" name="ReginaBB" type="2" provider="Towercom" onid="3" tsid="3234" namespace="0x00eb0000" radio="1" />
        <service id="0x133c" sid="4924" name="ReginaKE" type="2" provider="Towercom" onid="3" tsid="3234" namespace="0x00eb0000" radio="1" />
        <service id="0x021c" sid="540" name="Slovakia" type="2" provider="Towercom" onid="3" tsid="3234" namespace="0x00eb0000" radio="1" />
        <service id="0x053b" sid="1339" name="Slovensko" type="2" provider="Towercom" onid="3" tsid="3234" namespace="0x00eb0000" radio="1" />
        <service id="0x0252" sid="594" name="VLNA SS" type="2" provider="Towercom" onid="3" tsid="3234" namespace="0x00eb0000" radio="1" />
        <service id="0x0253" sid="595" name="VLNA VS" type="2" provider="Towercom" onid="3" tsid="3234" namespace="0x00eb0000" radio="1" />
        <service id="0x0251" sid="593" name="VLNA ZS" type="2" provider="Towercom" onid="3" tsid="3234" namespace="0x00eb0000" radio="1" />
        <service id="0x134b" sid="4939" name="ZET" type="2" provider="Towercom" onid="3" tsid="3234" namespace="0x00eb0000" radio="1" />
      </transponder>
    </satellite>
    <satellite key="00eb0000:145c:0005" name="Astra-23.5E" namespace="0x00eb0000" position="23.5">
      <transponder key="00eb0000:145c:0005" frequency="12517000" symbol_rate="16872000" polarization="V" fec="3" system="0" modulation="0">
        <service id="0x1db2" sid="7602" name="PRO 2" type="1" provider="ProTV" onid="5" tsid="5212" namespace="0x00eb0000" />
        <service id="0x1db4" sid="7604" name="PRO CINEMA" type="1" provider="ProTV" onid="5" tsid="5212" namespace="0x00eb0000" />
        <service id="0x1db7" sid="7607" name="PRO GOLD" type="1" provider="ProTV" onid="5" tsid="5212" namespace="0x00eb0000" />
        <service id="0x1db1" sid="7601" name="PRO TV" type="1" provider="Pro Tv" onid="5" tsid="5212" namespace="0x00eb0000" />
        <service id="0x1db5" sid="7605" name="PRO X" type="1" provider="ProTV" onid="5" tsid="5212" namespace="0x00eb0000" />
        <service id="0x1db3" sid="7603" name="PTI Test" type="1" provider="ProTV" onid="5" tsid="5212" namespace="0x00eb0000" />
        <service id="0x1db6" sid="7606" name="TEST 1" type="1" provider="ProTV" onid="5" tsid="5212" namespace="0x00eb0000" />
      </transponder>
    </satellite>
    <satellite key="00eb2d7c:0000:0001" name="Astra-23.5E" namespace="0x00eb2d7c" position="23.5">
      <transponder key="00eb2d7c:0000:0001" frequency="11644000" symbol_rate="5500000" polarization="H" fec="3" system="0" modulation="0">
        <service id="0x041a" sid="1050" name="1050 - WAWA Kielce" type="1" provider="" onid="1" tsid="0" namespace="0x00eb2d7c" />
        <service id="0x042e" sid="1070" name="1070 - WAWA Krakow" type="1" provider="" onid="1" tsid="0" namespace="0x00eb2d7c" />
        <service id="0x044c" sid="1100" name="1100 - WAWA Lodz" type="1" provider="" onid="1" tsid="0" namespace="0x00eb2d7c" />
        <service id="0x01cc" sid="460" name="1120 - WAWA Opole" type="1" provider="" onid="1" tsid="0" namespace="0x00eb2d7c" />
        <service id="0x047e" sid="1150" name="1150 - WAWA Torun" type="1" provider="" onid="1" tsid="0" namespace="0x00eb2d7c" />
        <service id="0x01ec" sid="492" name="1170 - WAWA Gdansk" type="1" provider="" onid="1" tsid="0" namespace="0x00eb2d7c" />
        <service id="0x049c" sid="1180" name="1180 - WAWA Wroclaw" type="1" provider="" onid="1" tsid="0" namespace="0x00eb2d7c" />
        <service id="0x04d8" sid="1240" name="1240 - WAWA Rzeszow" type="1" provider="" onid="1" tsid="0" namespace="0x00eb2d7c" />
        <service id="0x04ec" sid="1260" name="1260 - WAWA Szczecin" type="1" provider="" onid="1" tsid="0" namespace="0x00eb2d7c" />
        <service id="0x050a" sid="1290" name="1290 - WAWA Nowy Sacz" type="1" provider="" onid="1" tsid="0" namespace="0x00eb2d7c" />
        <service id="0x00ea" sid="234" name="1380 - WAWA Warszawa" type="1" provider="" onid="1" tsid="0" namespace="0x00eb2d7c" />
        <service id="0x05c8" sid="1480" name="1480 - WAWA Jelenia Gora" type="1" provider="" onid="1" tsid="0" namespace="0x00eb2d7c" />
        <service id="0x05e6" sid="1510" name="1510 - WAWA Trzebnica" type="1" provider="" onid="1" tsid="0" namespace="0x00eb2d7c" />
        <service id="0x07d0" sid="2000" name="2000 - ESKA SES" type="1" provider="" onid="1" tsid="0" namespace="0x00eb2d7c" />
        <service id="0x07da" sid="2010" name="2010 - ESKA Belchatow" type="1" provider="" onid="1" tsid="0" namespace="0x00eb2d7c" />
        <service id="0x07e4" sid="2020" name="2020 - ESKA Bialystok" type="1" provider="" onid="1" tsid="0" namespace="0x00eb2d7c" />
        <service id="0x07ee" sid="2030" name="2030 - ESKA Bydgoszcz" type="1" provider="" onid="1" tsid="0" namespace="0x00eb2d7c" />
        <service id="0x07f8" sid="2040" name="2040 - ESKA Gorzow" type="1" provider="" onid="1" tsid="0" namespace="0x00eb2d7c" />
        <service id="0x0142" sid="322" name="2050 - ESKA Kielce" type="1" provider="" onid="1" tsid="0" namespace="0x00eb2d7c" />
        <service id="0x080c" sid="2060" name="2060 - ESKA Siedlce" type="1" provider="" onid="1" tsid="0" namespace="0x00eb2d7c" />
        <service id="0x014a" sid="330" name="2070 - ESKA Krakow" type="1" provider="" onid="1" tsid="0" namespace="0x00eb2d7c" />
        <service id="0x014e" sid="334" name="2080 - ESKA Leszno" type="1" provider="" onid="1" tsid="0" namespace="0x00eb2d7c" />
        <service id="0x082a" sid="2090" name="2090 - ESKA Pila" type="1" provider="" onid="1" tsid="0" namespace="0x00eb2d7c" />
        <service id="0x0156" sid="342" name="2100 - ESKA Lodz" type="1" provider="" onid="1" tsid="0" namespace="0x00eb2d7c" />
        <service id="0x083e" sid="2110" name="2110 - ESKA Olsztyn" type="1" provider="" onid="1" tsid="0" namespace="0x00eb2d7c" />
        <service id="0x015e" sid="350" name="2120 - ESKA Opole" type="1" provider="" onid="1" tsid="0" namespace="0x00eb2d7c" />
        <service id="0x0162" sid="354" name="2130 - ESKA Lublin" type="1" provider="" onid="1" tsid="0" namespace="0x00eb2d7c" />
        <service id="0x085c" sid="2140" name="2140 - ESKA Poznan" type="1" provider="" onid="1" tsid="0" namespace="0x00eb2d7c" />
        <service id="0x016a" sid="362" name="2150 - ESKA Torun" type="1" provider="" onid="1" tsid="0" namespace="0x00eb2d7c" />
        <service id="0x016e" sid="366" name="2160 - ESKA Tarnow" type="1" provider="" onid="1" tsid="0" namespace="0x00eb2d7c" />
        <service id="0x087a" sid="2170" name="2170 - ESKA Trojmiasto" type="1" provider="" onid="1" tsid="0" namespace="0x00eb2d7c" />
        <service id="0x0176" sid="374" name="2180 - ESKA Wroclaw" type="1" provider="" onid="1" tsid="0" namespace="0x00eb2d7c" />
        <service id="0x088e" sid="2190" name="2190 - ESKA Zielona Gora" type="1" provider="" onid="1" tsid="0" namespace="0x00eb2d7c" />
        <service id="0x017e" sid="382" name="2200 - ESKA Ostrow" type="1" provider="" onid="1" tsid="0" namespace="0x00eb2d7c" />
        <service id="0x08a2" sid="2210" name="2210 - ESKA Radom" type="1" provider="" onid="1" tsid="0" namespace="0x00eb2d7c" />
        <service id="0x08ac" sid="2220" name="2220 - ESKA Slask" type="1" provider="" onid="1" tsid="0" namespace="0x00eb2d7c" />
        <service id="0x08b6" sid="2230" name="2230 - ESKA Zamosc" type="1" provider="" onid="1" tsid="0" namespace="0x00eb2d7c" />
        <service id="0x08c0" sid="2240" name="2240 - ESKA Rzeszow" type="1" provider="" onid="1" tsid="0" namespace="0x00eb2d7c" />
        <service id="0x08ca" sid="2250" name="2250 - ESKA Plock" type="1" provider="" onid="1" tsid="0" namespace="0x00eb2d7c" />
        <service id="0x08d4" sid="2260" name="2260 - ESKA Szczecin" type="1" provider="" onid="1" tsid="0" namespace="0x00eb2d7c" />
        <service id="0x08de" sid="2270" name="2270 - ESKA Koszalin" type="1" provider="" onid="1" tsid="0" namespace="0x00eb2d7c" />
        <service id="0x08fc" sid="2300" name="2300 - ESKA Beskidy/Zywiec" type="1" provider="" onid="1" tsid="0" namespace="0x00eb2d7c" />
        <service id="0x038a" sid="906" name="2310 - ESKA Szczecinek" type="1" provider="" onid="1" tsid="0" namespace="0x00eb2d7c" />
        <service id="0x038e" sid="910" name="2320 - ESKA Przemyśl" type="1" provider="" onid="1" tsid="0" namespace="0x00eb2d7c" />
        <service id="0x091a" sid="2330" name="2330 - ESKA Malopolska" type="1" provider="" onid="1" tsid="0" namespace="0x00eb2d7c" />
        <service id="0x03aa" sid="938" name="2360 - ESKA Krasnik" type="1" provider="" onid="1" tsid="0" namespace="0x00eb2d7c" />
        <service id="0x03c0" sid="960" name="2400 - ESKA Starachowice" type="1" provider="" onid="1" tsid="0" namespace="0x00eb2d7c" />
        <service id="0x03ce" sid="974" name="2420 - ESKA Zary" type="1" provider="" onid="1" tsid="0" namespace="0x00eb2d7c" />
        <service id="0x097e" sid="2430" name="2430 - ESKA Elblag" type="1" provider="" onid="1" tsid="0" namespace="0x00eb2d7c" />
        <service id="0x03dc" sid="988" name="2440 - ESKA Ilawa" type="1" provider="" onid="1" tsid="0" namespace="0x00eb2d7c" />
        <service id="0x03e0" sid="992" name="2450 - ESKA Grudziadz" type="1" provider="" onid="1" tsid="0" namespace="0x00eb2d7c" />
        <service id="0x099c" sid="2460" name="2460 - ESKA Lomza" type="1" provider="" onid="1" tsid="0" namespace="0x00eb2d7c" />
        <service id="0x09b0" sid="2480" name="2480 - ESKA Wroclaw JG" type="1" provider="" onid="1" tsid="0" namespace="0x00eb2d7c" />
        <service id="0x09c4" sid="2500" name="2500 - ESKA Ostrzeszow" type="1" provider="" onid="1" tsid="0" namespace="0x00eb2d7c" />
        <service id="0x0be0" sid="3040" name="3040 - VOX Gorzow" type="1" provider="" onid="1" tsid="0" namespace="0x00eb2d7c" />
        <service id="0x0c8a" sid="3210" name="3210 - VOX Radom" type="1" provider="" onid="1" tsid="0" namespace="0x00eb2d7c" />
        <service id="0x0f96" sid="3990" name="3990 - VOX" type="1" provider="" onid="1" tsid="0" namespace="0x00eb2d7c" />
        <service id="0x0fa0" sid="4000" name="4000 - PLUS SES" type="1" provider="" onid="1" tsid="0" namespace="0x00eb2d7c" />
        <service id="0x100e" sid="4110" name="4110 - PLUS Olsztyn" type="1" provider="" onid="1" tsid="0" namespace="0x00eb2d7c" />
        <service id="0x03fe" sid="1022" name="4130 - PLUS Lublin" type="1" provider="" onid="1" tsid="0" namespace="0x00eb2d7c" />
        <service id="0x10ae" sid="4270" name="4270 - PLUS Koszalin" type="1" provider="" onid="1" tsid="0" namespace="0x00eb2d7c" />
        <service id="0x10f4" sid="4340" name="4340 - PLUS Podhale" type="1" provider="" onid="1" tsid="0" namespace="0x00eb2d7c" />
        <service id="0x1f4a" sid="8010" name="8010 - Radio Rodzina" type="1" provider="" onid="1" tsid="0" namespace="0x00eb2d7c" />
      </transponder>
    </satellite>
    <satellite key="00ebb15f:0001:0001" name="Astra-23.5E" namespace="0x00ebb15f" position="23.5">
      <transponder key="00ebb15f:0001:0001" frequency="12639000" symbol_rate="940000" polarization="V" fec="1" system="0" modulation="0">
        <service id="0x03e8" sid="1000" name="DLF USI2" type="2" provider="MB Satellite" onid="1" tsid="1" namespace="0x00ebb15f" radio="1" />
        <service id="0x07d0" sid="2000" name="DLFK USI2" type="2" provider="MB Satellite" onid="1" tsid="1" namespace="0x00ebb15f" radio="1" />
      </transponder>
    </satellite>
    <satellite key="00ebb167:0001:0001" name="Astra-23.5E" namespace="0x00ebb167" position="23.5">
      <transponder key="00ebb167:0001:0001" frequency="12647000" symbol_rate="285000" polarization="V" fec="5" system="0" modulation="0">
        <service id="0x03e8" sid="1000" name="NRW Enc1 Ltg-Dssd." type="2" provider="MEDIA BROADCAST" onid="1" tsid="1" namespace="0x00ebb167" radio="1" />
      </transponder>
    </satellite>
  </satellites>
</zapit>
