<?xml version='1.0' encoding='utf-8'?>
<zapit>
  <bouquet name="General" category="tv">
    <channel service_ref="1:0:22:004a:a001:217c:eeee0000:0:0:0:" name="ALPAUNO" service_name="ALPAUNO" provider="Rai Way" sid="74" onid="8572" tsid="40961" />
    <channel service_ref="1:0:22:005b:a001:217c:eeee0000:0:0:0:" name="Canale 8" service_name="Canale 8" provider="Rai Way" sid="91" onid="8572" tsid="40961" />
    <channel service_ref="1:0:22:002e:a001:217c:eeee0000:0:0:0:" name="CANALE 97" service_name="CANALE 97" provider="Rai Way" sid="46" onid="8572" tsid="40961" />
    <channel service_ref="1:0:25:005d:a001:217c:eeee0000:0:0:0:" name="LA TR3" service_name="LA TR3" provider="Rai Way" sid="93" onid="8572" tsid="40961" />
    <channel service_ref="1:0:22:0030:a001:217c:eeee0000:0:0:0:" name="RETECHIARA" service_name="RETECHIARA" provider="Rai Way" sid="48" onid="8572" tsid="40961" />
    <channel service_ref="1:0:25:006a:a001:217c:eeee0000:0:0:0:" name="RMK TV" service_name="RMK TV" provider="Rai Way" sid="106" onid="8572" tsid="40961" />
    <channel service_ref="1:0:22:007a:a001:217c:eeee0000:0:0:0:" name="TELE 8" service_name="TELE 8" provider="Rai Way" sid="122" onid="8572" tsid="40961" />
    <channel service_ref="1:0:1:007b:a001:217c:eeee0000:0:0:0:" name="Tele Gela" service_name="Tele Gela" provider="Rai Way" sid="123" onid="8572" tsid="40961" />
    <channel service_ref="1:0:22:006e:a001:217c:eeee0000:0:0:0:" name="Tele Radio Studio 98" service_name="Tele Radio Studio 98" provider="Rai Way" sid="110" onid="8572" tsid="40961" />
    <channel service_ref="1:0:25:004d:a001:217c:eeee0000:0:0:0:" name="TELEIBLEA" service_name="TELEIBLEA" provider="Rai Way" sid="77" onid="8572" tsid="40961" />
    <channel service_ref="1:0:25:006f:a001:217c:eeee0000:0:0:0:" name="TELESUD TRAPANI" service_name="TELESUD TRAPANI" provider="Rai Way" sid="111" onid="8572" tsid="40961" />
    <channel service_ref="1:0:25:006b:a001:217c:eeee0000:0:0:0:" name="TFN" service_name="TFN" provider="Rai Way" sid="107" onid="8572" tsid="40961" />
    <channel service_ref="1:0:25:006c:a001:217c:eeee0000:0:0:0:" name="TVM" service_name="TVM" provider="Rai Way" sid="108" onid="8572" tsid="40961" />
    <channel service_ref="1:0:25:0031:a001:217c:eeee0000:0:0:0:" name="VIDEOSICILIA" service_name="VIDEOSICILIA" provider="Rai Way" sid="49" onid="8572" tsid="40961" />
    <channel service_ref="1:0:25:004b:a001:217c:eeee0000:0:0:0:" name="VINTAGE RADIO TV" service_name="VINTAGE RADIO TV" provider="Rai Way" sid="75" onid="8572" tsid="40961" />
  </bouquet>
  <bouquet name="RAI" category="tv">
    <channel service_ref="1:0:22:004a:a001:217c:eeee0000:0:0:0:" name="ALPAUNO" service_name="ALPAUNO" provider="Rai Way" sid="74" onid="8572" tsid="40961" />
    <channel service_ref="1:0:22:004a:a001:217c:eeee0000:0:0:0:" name="ALPAUNO" service_name="ALPAUNO" provider="Rai Way" sid="74" onid="8572" tsid="40961" />
    <channel service_ref="1:0:22:005b:a001:217c:eeee0000:0:0:0:" name="Canale 8" service_name="Canale 8" provider="Rai Way" sid="91" onid="8572" tsid="40961" />
    <channel service_ref="1:0:22:005b:a001:217c:eeee0000:0:0:0:" name="Canale 8" service_name="Canale 8" provider="Rai Way" sid="91" onid="8572" tsid="40961" />
    <channel service_ref="1:0:22:002e:a001:217c:eeee0000:0:0:0:" name="CANALE 97" service_name="CANALE 97" provider="Rai Way" sid="46" onid="8572" tsid="40961" />
    <channel service_ref="1:0:22:002e:a001:217c:eeee0000:0:0:0:" name="CANALE 97" service_name="CANALE 97" provider="Rai Way" sid="46" onid="8572" tsid="40961" />
    <channel service_ref="1:0:25:005d:a001:217c:eeee0000:0:0:0:" name="LA TR3" service_name="LA TR3" provider="Rai Way" sid="93" onid="8572" tsid="40961" />
    <channel service_ref="1:0:25:005d:a001:217c:eeee0000:0:0:0:" name="LA TR3" service_name="LA TR3" provider="Rai Way" sid="93" onid="8572" tsid="40961" />
    <channel service_ref="1:0:22:0030:a001:217c:eeee0000:0:0:0:" name="RETECHIARA" service_name="RETECHIARA" provider="Rai Way" sid="48" onid="8572" tsid="40961" />
    <channel service_ref="1:0:22:0030:a001:217c:eeee0000:0:0:0:" name="RETECHIARA" service_name="RETECHIARA" provider="Rai Way" sid="48" onid="8572" tsid="40961" />
    <channel service_ref="1:0:25:006a:a001:217c:eeee0000:0:0:0:" name="RMK TV" service_name="RMK TV" provider="Rai Way" sid="106" onid="8572" tsid="40961" />
    <channel service_ref="1:0:25:006a:a001:217c:eeee0000:0:0:0:" name="RMK TV" service_name="RMK TV" provider="Rai Way" sid="106" onid="8572" tsid="40961" />
    <channel service_ref="1:0:22:007a:a001:217c:eeee0000:0:0:0:" name="TELE 8" service_name="TELE 8" provider="Rai Way" sid="122" onid="8572" tsid="40961" />
    <channel service_ref="1:0:22:007a:a001:217c:eeee0000:0:0:0:" name="TELE 8" service_name="TELE 8" provider="Rai Way" sid="122" onid="8572" tsid="40961" />
    <channel service_ref="1:0:1:007b:a001:217c:eeee0000:0:0:0:" name="Tele Gela" service_name="Tele Gela" provider="Rai Way" sid="123" onid="8572" tsid="40961" />
    <channel service_ref="1:0:1:007b:a001:217c:eeee0000:0:0:0:" name="Tele Gela" service_name="Tele Gela" provider="Rai Way" sid="123" onid="8572" tsid="40961" />
    <channel service_ref="1:0:22:006e:a001:217c:eeee0000:0:0:0:" name="Tele Radio Studio 98" service_name="Tele Radio Studio 98" provider="Rai Way" sid="110" onid="8572" tsid="40961" />
    <channel service_ref="1:0:22:006e:a001:217c:eeee0000:0:0:0:" name="Tele Radio Studio 98" service_name="Tele Radio Studio 98" provider="Rai Way" sid="110" onid="8572" tsid="40961" />
    <channel service_ref="1:0:25:004d:a001:217c:eeee0000:0:0:0:" name="TELEIBLEA" service_name="TELEIBLEA" provider="Rai Way" sid="77" onid="8572" tsid="40961" />
    <channel service_ref="1:0:25:004d:a001:217c:eeee0000:0:0:0:" name="TELEIBLEA" service_name="TELEIBLEA" provider="Rai Way" sid="77" onid="8572" tsid="40961" />
    <channel service_ref="1:0:25:006f:a001:217c:eeee0000:0:0:0:" name="TELESUD TRAPANI" service_name="TELESUD TRAPANI" provider="Rai Way" sid="111" onid="8572" tsid="40961" />
    <channel service_ref="1:0:25:006f:a001:217c:eeee0000:0:0:0:" name="TELESUD TRAPANI" service_name="TELESUD TRAPANI" provider="Rai Way" sid="111" onid="8572" tsid="40961" />
    <channel service_ref="1:0:25:006b:a001:217c:eeee0000:0:0:0:" name="TFN" service_name="TFN" provider="Rai Way" sid="107" onid="8572" tsid="40961" />
    <channel service_ref="1:0:25:006b:a001:217c:eeee0000:0:0:0:" name="TFN" service_name="TFN" provider="Rai Way" sid="107" onid="8572" tsid="40961" />
    <channel service_ref="1:0:25:006c:a001:217c:eeee0000:0:0:0:" name="TVM" service_name="TVM" provider="Rai Way" sid="108" onid="8572" tsid="40961" />
    <channel service_ref="1:0:25:006c:a001:217c:eeee0000:0:0:0:" name="TVM" service_name="TVM" provider="Rai Way" sid="108" onid="8572" tsid="40961" />
    <channel service_ref="1:0:25:0031:a001:217c:eeee0000:0:0:0:" name="VIDEOSICILIA" service_name="VIDEOSICILIA" provider="Rai Way" sid="49" onid="8572" tsid="40961" />
    <channel service_ref="1:0:25:0031:a001:217c:eeee0000:0:0:0:" name="VIDEOSICILIA" service_name="VIDEOSICILIA" provider="Rai Way" sid="49" onid="8572" tsid="40961" />
    <channel service_ref="1:0:25:004b:a001:217c:eeee0000:0:0:0:" name="VINTAGE RADIO TV" service_name="VINTAGE RADIO TV" provider="Rai Way" sid="75" onid="8572" tsid="40961" />
    <channel service_ref="1:0:25:004b:a001:217c:eeee0000:0:0:0:" name="VINTAGE RADIO TV" service_name="VINTAGE RADIO TV" provider="Rai Way" sid="75" onid="8572" tsid="40961" />
  </bouquet>
  <bouquet name="Digitale Terrestre                       by Lanus" category="tv">
    <channel service_ref="1:0:19:6a:a001:217c:eeee0000:0:0:0:" name="RMK TV" service_name="RMK TV" provider="Rai Way" sid="106" onid="8572" tsid="40961" />
    <channel service_ref="1:0:19:6b:a001:217c:eeee0000:0:0:0:" name="TFN" service_name="TFN" provider="Rai Way" sid="107" onid="8572" tsid="40961" />
    <channel service_ref="1:0:19:6c:a001:217c:eeee0000:0:0:0:" name="TVM" service_name="TVM" provider="Rai Way" sid="108" onid="8572" tsid="40961" />
    <channel service_ref="1:0:16:6e:a001:217c:eeee0000:0:0:0:" name="Tele Radio Studio 98" service_name="Tele Radio Studio 98" provider="Rai Way" sid="110" onid="8572" tsid="40961" />
    <channel service_ref="1:0:19:6f:a001:217c:eeee0000:0:0:0:" name="TELESUD TRAPANI" service_name="TELESUD TRAPANI" provider="Rai Way" sid="111" onid="8572" tsid="40961" />
    <channel service_ref="1:0:16:7a:a001:217c:eeee0000:0:0:0:" name="TELE 8" service_name="TELE 8" provider="Rai Way" sid="122" onid="8572" tsid="40961" />
    <channel service_ref="1:0:1:7b:a001:217c:eeee0000:0:0:0:" name="Tele Gela" service_name="Tele Gela" provider="Rai Way" sid="123" onid="8572" tsid="40961" />
  </bouquet>
</zapit>
