<?xml version='1.0' encoding='utf-8'?>
<zapit api="4">
  <terrestrials>
    <terrestrial key="eeee0000:a001:217c" name="Rai-Way" namespace="0xeeee0000">
      <transponder key="eeee0000:a001:217c" frequency="562000000" symbol_rate="0" polarization="H" fec="5" system="0" modulation="4">
        <service id="0x004a" sid="74" name="ALPAUNO" type="22" provider="Rai Way" onid="8572" tsid="40961" namespace="0xeeee0000" />
        <service id="0x005b" sid="91" name="Canale 8" type="22" provider="Rai Way" onid="8572" tsid="40961" namespace="0xeeee0000" />
        <service id="0x002e" sid="46" name="CANALE 97" type="22" provider="Rai Way" onid="8572" tsid="40961" namespace="0xeeee0000" />
        <service id="0x005d" sid="93" name="LA TR3" type="25" provider="Rai Way" onid="8572" tsid="40961" namespace="0xeeee0000" />
        <service id="0x0030" sid="48" name="RETECHIARA" type="22" provider="Rai Way" onid="8572" tsid="40961" namespace="0xeeee0000" />
        <service id="0x006a" sid="106" name="RMK TV" type="25" provider="Rai Way" onid="8572" tsid="40961" namespace="0xeeee0000" />
        <service id="0x007a" sid="122" name="TELE 8" type="22" provider="Rai Way" onid="8572" tsid="40961" namespace="0xeeee0000" />
        <service id="0x007b" sid="123" name="Tele Gela" type="1" provider="Rai Way" onid="8572" tsid="40961" namespace="0xeeee0000" />
        <service id="0x006e" sid="110" name="Tele Radio Studio 98" type="22" provider="Rai Way" onid="8572" tsid="40961" namespace="0xeeee0000" />
        <service id="0x004d" sid="77" name="TELEIBLEA" type="25" provider="Rai Way" onid="8572" tsid="40961" namespace="0xeeee0000" />
        <service id="0x006f" sid="111" name="TELESUD TRAPANI" type="25" provider="Rai Way" onid="8572" tsid="40961" namespace="0xeeee0000" />
        <service id="0x006b" sid="107" name="TFN" type="25" provider="Rai Way" onid="8572" tsid="40961" namespace="0xeeee0000" />
        <service id="0x006c" sid="108" name="TVM" type="25" provider="Rai Way" onid="8572" tsid="40961" namespace="0xeeee0000" />
        <service id="0x0031" sid="49" name="VIDEOSICILIA" type="25" provider="Rai Way" onid="8572" tsid="40961" namespace="0xeeee0000" />
        <service id="0x004b" sid="75" name="VINTAGE RADIO TV" type="25" provider="Rai Way" onid="8572" tsid="40961" namespace="0xeeee0000" />
      </transponder>
    </terrestrial>
  </terrestrials>
</zapit>
