<?xml version='1.0' encoding='utf-8'?>
<zapit api="4">
  <terrestrials>
    <terrestrial key="eeee0000:23e5:217c" name="Beacom" namespace="0xeeee0000">
      <transponder key="eeee0000:23e5:217c" frequency="642000000" symbol_rate="0" polarization="H" fec="5" system="0" modulation="4">
        <service id="0x00bc" sid="188" name="AITV" type="1" provider="Beacom" onid="8572" tsid="9189" namespace="0xeeee0000" />
        <service id="0x011d" sid="285" name="MsSport" type="1" provider="Beacom" onid="8572" tsid="9189" namespace="0xeeee0000" />
        <service id="0x010d" sid="269" name="NBC Milano" type="1" provider="Beacom" onid="8572" tsid="9189" namespace="0xeeee0000" />
        <service id="0x025e" sid="606" name="NBC Milano TV" type="1" provider="Beacom" onid="8572" tsid="9189" namespace="0xeeee0000" />
        <service id="0x006b" sid="107" name="Onda Novara TV" type="1" provider="Beacom" onid="8572" tsid="9189" namespace="0xeeee0000" />
        <service id="0x00a8" sid="168" name="Onda Novara TV" type="1" provider="Onda Novara TV" onid="8572" tsid="9189" namespace="0xeeee0000" />
        <service id="0x006f" sid="111" name="OttO fm tv" type="1" provider="OttO fm tv" onid="8572" tsid="9189" namespace="0xeeee0000" />
        <service id="0x033b" sid="827" name="Parole di Vita" type="1" provider="Beacom" onid="8572" tsid="9189" namespace="0xeeee0000" />
        <service id="0x00c2" sid="194" name="Radio 4 You TV" type="1" provider="Radio 4 You" onid="8572" tsid="9189" namespace="0xeeee0000" />
        <service id="0x026e" sid="622" name="Radio 4 You TV" type="1" provider="Beacom" onid="8572" tsid="9189" namespace="0xeeee0000" />
        <service id="0x02b5" sid="693" name="Radio Millennium TV" type="1" provider="Beacom" onid="8572" tsid="9189" namespace="0xeeee0000" />
        <service id="0x0068" sid="104" name="Radio Musica TV" type="1" provider="Radio Musica TV" onid="8572" tsid="9189" namespace="0xeeee0000" />
        <service id="0x007a" sid="122" name="RADIO POPIZZ-TV" type="1" provider="Radio POPIZZ" onid="8572" tsid="9189" namespace="0xeeee0000" />
        <service id="0x028e" sid="654" name="Radio Popolare TV" type="1" provider="Radio Popolare TV" onid="8572" tsid="9189" namespace="0xeeee0000" />
        <service id="0x035d" sid="861" name="Radio Punto TV" type="1" provider="Beacom" onid="8572" tsid="9189" namespace="0xeeee0000" />
        <service id="0x032f" sid="815" name="Rainbow Television" type="1" provider="Beacom" onid="8572" tsid="9189" namespace="0xeeee0000" />
        <service id="0x005f" sid="95" name="RDS Social TV" type="1" provider="RDS" onid="8572" tsid="9189" namespace="0xeeee0000" />
        <service id="0x0002" sid="2" name="RETE 55" type="1" provider="RETE55 SRL" onid="8572" tsid="9189" namespace="0xeeee0000" />
        <service id="0x004e" sid="78" name="Telemilano Musica Italiana Channel" type="1" provider="Beacom" onid="8572" tsid="9189" namespace="0xeeee0000" />
        <service id="0x003d" sid="61" name="Telemilano Piu' Blu Lombardia" type="1" provider="Beacom" onid="8572" tsid="9189" namespace="0xeeee0000" />
        <service id="0x02ba" sid="698" name="Telemilano Radio Milan Inter" type="1" provider="Beacom" onid="8572" tsid="9189" namespace="0xeeee0000" />
        <service id="0x029e" sid="670" name="Telemilano Tele TV 2" type="1" provider="Beacom" onid="8572" tsid="9189" namespace="0xeeee0000" />
        <service id="0x02a0" sid="672" name="Telemilano Tele TV 3" type="1" provider="Beacom" onid="8572" tsid="9189" namespace="0xeeee0000" />
        <service id="0x000c" sid="12" name="Telemilano TeleTv" type="1" provider="Beacom" onid="8572" tsid="9189" namespace="0xeeee0000" />
        <service id="0x007c" sid="124" name="VCO Azzurra TV" type="1" provider="Beacom" onid="8572" tsid="9189" namespace="0xeeee0000" />
        <service id="0x00b9" sid="185" name="Videonovara" type="1" provider="Beacom" onid="8572" tsid="9189" namespace="0xeeee0000" />
        <service id="0x00ac" sid="172" name="Radiorizzonti Fm88" type="2" provider="Beacom" onid="8572" tsid="9189" namespace="0xeeee0000" radio="1" />
      </transponder>
    </terrestrial>
  </terrestrials>
</zapit>
