<?xml version='1.0' encoding='utf-8'?>
<zapit>
  <bouquet name="General" category="tv">
    <channel service_ref="1:0:1:0001:0005:1f40:01f40000:0:0:0:" name="TURKSAT TANITIM" service_name="TURKSAT TANITIM" provider="" sid="1" onid="8000" tsid="5" />
    <channel service_ref="1:0:1:0001:050e:0001:01f4abbc:0:0:0:" name="TURKSAT TANITIM" service_name="TURKSAT TANITIM" provider="" sid="1" onid="1" tsid="1294" />
  </bouquet>
  <bouquet name="International" category="tv">
    <channel service_ref="1:0:1:0001:0005:1f40:01f40000:0:0:0:" name="TURKSAT TANITIM" service_name="TURKSAT TANITIM" provider="" sid="1" onid="8000" tsid="5" />
    <channel service_ref="1:0:1:0001:050e:0001:01f4abbc:0:0:0:" name="TURKSAT TANITIM" service_name="TURKSAT TANITIM" provider="" sid="1" onid="1" tsid="1294" />
  </bouquet>
</zapit>
