<?xml version='1.0' encoding='utf-8'?>
<zapit>
  <bouquet name="General" category="tv">
    <channel service_ref="1:0:1:0003:0000:0000:0d1b2fc8:0:0:0:" name="A3" service_name="A3" provider="TDA" sid="3" onid="0" tsid="0" />
    <channel service_ref="1:0:1:000d:0002:ffff:0d1b2f80:0:0:0:" name="A3 HD" service_name="A3 HD" provider="TDA" sid="13" onid="65535" tsid="2" />
    <channel service_ref="1:0:1:0002:0000:0000:0d1b2fc8:0:0:0:" name="CANAL ALGERIE" service_name="CANAL ALGERIE" provider="TDA" sid="2" onid="0" tsid="0" />
    <channel service_ref="1:0:1:0002:0002:ffff:0d1b2f80:0:0:0:" name="Canal algerie HD" service_name="Canal algerie HD" provider="TDA" sid="2" onid="65535" tsid="2" />
    <channel service_ref="1:0:1:07e5:0001:04dd:0d1b0000:0:0:0:" name="Echorouk News" service_name="Echorouk News" provider="TDA" sid="2021" onid="1245" tsid="1" />
    <channel service_ref="1:0:1:07e6:0001:04dd:0d1b0000:0:0:0:" name="Echorouk TV" service_name="Echorouk TV" provider="TDA" sid="2022" onid="1245" tsid="1" />
    <channel service_ref="1:0:1:0009:0002:ffff:0d1b2f80:0:0:0:" name="El barlamaniya" service_name="El barlamaniya" provider="TDA" sid="9" onid="65535" tsid="2" />
    <channel service_ref="1:0:1:07ea:0001:04dd:0d1b0000:0:0:0:" name="El Hayat TV Algerie" service_name="El Hayat TV Algerie" provider="TDA" sid="2026" onid="1245" tsid="1" />
    <channel service_ref="1:0:1:07f8:0001:04dd:0d1b0000:0:0:0:" name="Ennahar TV Algerie" service_name="Ennahar TV Algerie" provider="TDA" sid="2040" onid="1245" tsid="1" />
    <channel service_ref="1:0:1:0001:0000:0000:0d1b2fc8:0:0:0:" name="PROGRAMME NATIONAL" service_name="PROGRAMME NATIONAL" provider="TDA" sid="1" onid="0" tsid="0" />
    <channel service_ref="1:0:1:0001:0002:ffff:0d1b2f80:0:0:0:" name="programme nationale HD" service_name="programme nationale HD" provider="TDA" sid="1" onid="65535" tsid="2" />
    <channel service_ref="1:0:1:0003:0001:0000:0d1b317f:0:0:0:" name="RASD TV" service_name="RASD TV" provider="TDA" sid="3" onid="0" tsid="1" />
    <channel service_ref="1:0:1:0004:0002:ffff:0d1b2f80:0:0:0:" name="TV 4" service_name="TV 4" provider="TDA" sid="4" onid="65535" tsid="2" />
    <channel service_ref="1:0:1:0004:0000:0000:0d1b2fc8:0:0:0:" name="TV 4" service_name="TV 4" provider="TDA" sid="4" onid="0" tsid="0" />
    <channel service_ref="1:0:1:0005:0002:ffff:0d1b2f80:0:0:0:" name="TV 5" service_name="TV 5" provider="TDA" sid="5" onid="65535" tsid="2" />
    <channel service_ref="1:0:1:0005:0000:0000:0d1b2fc8:0:0:0:" name="TV 5" service_name="TV 5" provider="TDA" sid="5" onid="0" tsid="0" />
    <channel service_ref="1:0:1:0006:0000:0000:0d1b2fc8:0:0:0:" name="TV 6" service_name="TV 6" provider="TDA" sid="6" onid="0" tsid="0" />
    <channel service_ref="1:0:1:0006:0002:ffff:0d1b2f80:0:0:0:" name="TV6 HD" service_name="TV6 HD" provider="TDA" sid="6" onid="65535" tsid="2" />
    <channel service_ref="1:0:1:0007:0002:ffff:0d1b2f80:0:0:0:" name="TV7 ELMAARIFA" service_name="TV7 ELMAARIFA" provider="TDA" sid="7" onid="65535" tsid="2" />
    <channel service_ref="1:0:1:0008:0002:ffff:0d1b2f80:0:0:0:" name="TV8 EDHAKIRA" service_name="TV8 EDHAKIRA" provider="TDA" sid="8" onid="65535" tsid="2" />
  </bouquet>
  <bouquet name="News" category="tv">
    <channel service_ref="1:0:1:07e5:0001:04dd:0d1b0000:0:0:0:" name="Echorouk News" service_name="Echorouk News" provider="TDA" sid="2021" onid="1245" tsid="1" />
  </bouquet>
  <bouquet name="TF1" category="tv">
    <channel service_ref="1:0:1:0002:0000:0000:0d1b2fc8:0:0:0:" name="CANAL ALGERIE" service_name="CANAL ALGERIE" provider="TDA" sid="2" onid="0" tsid="0" />
    <channel service_ref="1:0:1:0002:0002:ffff:0d1b2f80:0:0:0:" name="Canal algerie HD" service_name="Canal algerie HD" provider="TDA" sid="2" onid="65535" tsid="2" />
  </bouquet>
  <bouquet name="Switzerland" category="tv">
    <channel service_ref="1:0:1:0003:0000:0000:0d1b2fc8:0:0:0:" name="A3" service_name="A3" provider="TDA" sid="3" onid="0" tsid="0" />
    <channel service_ref="1:0:1:000d:0002:ffff:0d1b2f80:0:0:0:" name="A3 HD" service_name="A3 HD" provider="TDA" sid="13" onid="65535" tsid="2" />
    <channel service_ref="1:0:1:0005:0002:ffff:0d1b2f80:0:0:0:" name="TV 5" service_name="TV 5" provider="TDA" sid="5" onid="65535" tsid="2" />
    <channel service_ref="1:0:1:0005:0000:0000:0d1b2fc8:0:0:0:" name="TV 5" service_name="TV 5" provider="TDA" sid="5" onid="0" tsid="0" />
  </bouquet>
  <bouquet name="Resolution - HD" category="tv">
    <channel service_ref="1:0:1:000d:0002:ffff:0d1b2f80:0:0:0:" name="A3 HD" service_name="A3 HD" provider="TDA" sid="13" onid="65535" tsid="2" />
    <channel service_ref="1:0:1:0002:0002:ffff:0d1b2f80:0:0:0:" name="Canal algerie HD" service_name="Canal algerie HD" provider="TDA" sid="2" onid="65535" tsid="2" />
    <channel service_ref="1:0:1:0001:0002:ffff:0d1b2f80:0:0:0:" name="programme nationale HD" service_name="programme nationale HD" provider="TDA" sid="1" onid="65535" tsid="2" />
    <channel service_ref="1:0:1:0006:0002:ffff:0d1b2f80:0:0:0:" name="TV6 HD" service_name="TV6 HD" provider="TDA" sid="6" onid="65535" tsid="2" />
  </bouquet>
  <bouquet name="Others" category="tv">
    <channel service_ref="1:0:1:07e6:0001:04dd:0d1b0000:0:0:0:" name="Echorouk TV" service_name="Echorouk TV" provider="TDA" sid="2022" onid="1245" tsid="1" />
    <channel service_ref="1:0:1:0009:0002:ffff:0d1b2f80:0:0:0:" name="El barlamaniya" service_name="El barlamaniya" provider="TDA" sid="9" onid="65535" tsid="2" />
    <channel service_ref="1:0:1:07ea:0001:04dd:0d1b0000:0:0:0:" name="El Hayat TV Algerie" service_name="El Hayat TV Algerie" provider="TDA" sid="2026" onid="1245" tsid="1" />
    <channel service_ref="1:0:1:07f8:0001:04dd:0d1b0000:0:0:0:" name="Ennahar TV Algerie" service_name="Ennahar TV Algerie" provider="TDA" sid="2040" onid="1245" tsid="1" />
    <channel service_ref="1:0:1:0001:0000:0000:0d1b2fc8:0:0:0:" name="PROGRAMME NATIONAL" service_name="PROGRAMME NATIONAL" provider="TDA" sid="1" onid="0" tsid="0" />
    <channel service_ref="1:0:1:0001:0002:ffff:0d1b2f80:0:0:0:" name="programme nationale HD" service_name="programme nationale HD" provider="TDA" sid="1" onid="65535" tsid="2" />
    <channel service_ref="1:0:1:0003:0001:0000:0d1b317f:0:0:0:" name="RASD TV" service_name="RASD TV" provider="TDA" sid="3" onid="0" tsid="1" />
    <channel service_ref="1:0:1:0004:0002:ffff:0d1b2f80:0:0:0:" name="TV 4" service_name="TV 4" provider="TDA" sid="4" onid="65535" tsid="2" />
    <channel service_ref="1:0:1:0004:0000:0000:0d1b2fc8:0:0:0:" name="TV 4" service_name="TV 4" provider="TDA" sid="4" onid="0" tsid="0" />
    <channel service_ref="1:0:1:0006:0000:0000:0d1b2fc8:0:0:0:" name="TV 6" service_name="TV 6" provider="TDA" sid="6" onid="0" tsid="0" />
    <channel service_ref="1:0:1:0006:0002:ffff:0d1b2f80:0:0:0:" name="TV6 HD" service_name="TV6 HD" provider="TDA" sid="6" onid="65535" tsid="2" />
    <channel service_ref="1:0:1:0007:0002:ffff:0d1b2f80:0:0:0:" name="TV7 ELMAARIFA" service_name="TV7 ELMAARIFA" provider="TDA" sid="7" onid="65535" tsid="2" />
    <channel service_ref="1:0:1:0008:0002:ffff:0d1b2f80:0:0:0:" name="TV8 EDHAKIRA" service_name="TV8 EDHAKIRA" provider="TDA" sid="8" onid="65535" tsid="2" />
  </bouquet>
  <bouquet name="Radio" category="radio">
    <channel service_ref="1:0:2:000d:0001:0001:0d1b2fda:0:0:0:" name="CHAINE 1" service_name="CHAINE 1" provider="TDA" sid="13" onid="1" tsid="1" />
    <channel service_ref="1:0:2:0007:0001:0001:0d1b2fda:0:0:0:" name="CHAINE 2" service_name="CHAINE 2" provider="TDA" sid="7" onid="1" tsid="1" />
    <channel service_ref="1:0:2:0008:0001:0001:0d1b2fda:0:0:0:" name="CHAINE 3" service_name="CHAINE 3" provider="TDA" sid="8" onid="1" tsid="1" />
    <channel service_ref="1:0:2:0080:0001:0001:0d1b2fda:0:0:0:" name="EL BAHDJA" service_name="EL BAHDJA" provider="TDA" sid="128" onid="1" tsid="1" />
    <channel service_ref="1:0:2:0009:0001:0001:0d1b2fda:0:0:0:" name="Ifrikya FM" service_name="Ifrikya FM" provider="TDA" sid="9" onid="1" tsid="1" />
    <channel service_ref="1:0:2:001e:0001:0001:0d1b2fda:0:0:0:" name="Radio Ain Defla" service_name="Radio Ain Defla" provider="TDA" sid="30" onid="1" tsid="1" />
    <channel service_ref="1:0:2:0013:0001:0001:0d1b2fda:0:0:0:" name="Radio Aintemouchent" service_name="Radio Aintemouchent" provider="TDA" sid="19" onid="1" tsid="1" />
    <channel service_ref="1:0:2:002a:0001:0001:0d1b2fda:0:0:0:" name="Radio Annaba" service_name="Radio Annaba" provider="TDA" sid="42" onid="1" tsid="1" />
    <channel service_ref="1:0:2:001b:0001:0001:0d1b2fda:0:0:0:" name="Radio Biskra" service_name="Radio Biskra" provider="TDA" sid="27" onid="1" tsid="1" />
    <channel service_ref="1:0:2:0019:0001:0001:0d1b2fda:0:0:0:" name="Radio Bordj Bou Arreridj" service_name="Radio Bordj Bou Arreridj" provider="TDA" sid="25" onid="1" tsid="1" />
    <channel service_ref="1:0:2:001c:0001:0001:0d1b2fda:0:0:0:" name="Radio Bouira" service_name="Radio Bouira" provider="TDA" sid="28" onid="1" tsid="1" />
    <channel service_ref="1:0:2:0014:0001:0001:0d1b2fda:0:0:0:" name="Radio Boumerdes" service_name="Radio Boumerdes" provider="TDA" sid="20" onid="1" tsid="1" />
    <channel service_ref="1:0:2:003c:0001:0001:0d1b2fda:0:0:0:" name="Radio Chlef" service_name="Radio Chlef" provider="TDA" sid="60" onid="1" tsid="1" />
    <channel service_ref="1:0:2:003a:0001:0001:0d1b2fda:0:0:0:" name="Radio Constantine" service_name="Radio Constantine" provider="TDA" sid="58" onid="1" tsid="1" />
    <channel service_ref="1:0:2:003f:0001:0001:0d1b2fda:0:0:0:" name="RADIO CORAN" service_name="RADIO CORAN" provider="TDA" sid="63" onid="1" tsid="1" />
    <channel service_ref="1:0:2:012a:0001:0001:0d1b2fda:0:0:0:" name="RADIO CULTURE" service_name="RADIO CULTURE" provider="TDA" sid="298" onid="1" tsid="1" />
    <channel service_ref="1:0:2:0006:0001:0001:0d1b2fda:0:0:0:" name="RADIO DECROCHAGE" service_name="RADIO DECROCHAGE" provider="TDA" sid="6" onid="1" tsid="1" />
    <channel service_ref="1:0:2:002f:0001:0001:0d1b2fda:0:0:0:" name="Radio Djelfa" service_name="Radio Djelfa" provider="TDA" sid="47" onid="1" tsid="1" />
    <channel service_ref="1:0:2:002d:0001:0001:0d1b2fda:0:0:0:" name="Radio El Bayedh" service_name="Radio El Bayedh" provider="TDA" sid="45" onid="1" tsid="1" />
    <channel service_ref="1:0:2:0012:0001:0001:0d1b2fda:0:0:0:" name="Radio Guelma" service_name="Radio Guelma" provider="TDA" sid="18" onid="1" tsid="1" />
    <channel service_ref="1:0:2:012b:0001:0001:0d1b2fda:0:0:0:" name="RADIO JEUNESSE" service_name="RADIO JEUNESSE" provider="TDA" sid="299" onid="1" tsid="1" />
    <channel service_ref="1:0:2:000b:0001:0001:0d1b2fda:0:0:0:" name="Radio Laghouat" service_name="Radio Laghouat" provider="TDA" sid="11" onid="1" tsid="1" />
    <channel service_ref="1:0:2:0018:0001:0001:0d1b2fda:0:0:0:" name="Radio M'sila" service_name="Radio M'sila" provider="TDA" sid="24" onid="1" tsid="1" />
    <channel service_ref="1:0:2:0011:0001:0001:0d1b2fda:0:0:0:" name="Radio Mascara" service_name="Radio Mascara" provider="TDA" sid="17" onid="1" tsid="1" />
    <channel service_ref="1:0:2:000e:0001:0001:0d1b2fda:0:0:0:" name="Radio Mila" service_name="Radio Mila" provider="TDA" sid="14" onid="1" tsid="1" />
    <channel service_ref="1:0:2:0017:0001:0001:0d1b2fda:0:0:0:" name="Radio Mostaganem" service_name="Radio Mostaganem" provider="TDA" sid="23" onid="1" tsid="1" />
    <channel service_ref="1:0:2:000c:0001:0001:0d1b2fda:0:0:0:" name="Radio Naama" service_name="Radio Naama" provider="TDA" sid="12" onid="1" tsid="1" />
    <channel service_ref="1:0:2:0015:0001:0001:0d1b2fda:0:0:0:" name="Radio Oran" service_name="Radio Oran" provider="TDA" sid="21" onid="1" tsid="1" />
    <channel service_ref="1:0:2:003b:0001:0001:0d1b2fda:0:0:0:" name="Radio Oum Bouaghi" service_name="Radio Oum Bouaghi" provider="TDA" sid="59" onid="1" tsid="1" />
    <channel service_ref="1:0:2:001d:0001:0001:0d1b2fda:0:0:0:" name="Radio Relizan" service_name="Radio Relizan" provider="TDA" sid="29" onid="1" tsid="1" />
    <channel service_ref="1:0:2:000f:0001:0001:0d1b2fda:0:0:0:" name="Radio Saida" service_name="Radio Saida" provider="TDA" sid="15" onid="1" tsid="1" />
    <channel service_ref="1:0:2:001a:0001:0001:0d1b2fda:0:0:0:" name="Radio Setif" service_name="Radio Setif" provider="TDA" sid="26" onid="1" tsid="1" />
    <channel service_ref="1:0:2:003d:0001:0001:0d1b2fda:0:0:0:" name="Radio Sidi Belabes" service_name="Radio Sidi Belabes" provider="TDA" sid="61" onid="1" tsid="1" />
    <channel service_ref="1:0:2:0010:0001:0001:0d1b2fda:0:0:0:" name="Radio Skikda" service_name="Radio Skikda" provider="TDA" sid="16" onid="1" tsid="1" />
    <channel service_ref="1:0:2:000a:0001:0001:0d1b2fda:0:0:0:" name="Radio Souk Ahras" service_name="Radio Souk Ahras" provider="TDA" sid="10" onid="1" tsid="1" />
    <channel service_ref="1:0:2:002e:0001:0001:0d1b2fda:0:0:0:" name="Radio Tebessa" service_name="Radio Tebessa" provider="TDA" sid="46" onid="1" tsid="1" />
    <channel service_ref="1:0:2:002c:0001:0001:0d1b2fda:0:0:0:" name="Radio Tessemssilt" service_name="Radio Tessemssilt" provider="TDA" sid="44" onid="1" tsid="1" />
    <channel service_ref="1:0:2:0016:0001:0001:0d1b2fda:0:0:0:" name="Radio Tiaret" service_name="Radio Tiaret" provider="TDA" sid="22" onid="1" tsid="1" />
    <channel service_ref="1:0:2:001f:0001:0001:0d1b2fda:0:0:0:" name="Radio Tipaza" service_name="Radio Tipaza" provider="TDA" sid="31" onid="1" tsid="1" />
    <channel service_ref="1:0:2:002b:0001:0001:0d1b2fda:0:0:0:" name="Radio Tizi Ouzou" service_name="Radio Tizi Ouzou" provider="TDA" sid="43" onid="1" tsid="1" />
    <channel service_ref="1:0:2:0020:0001:0001:0d1b2fda:0:0:0:" name="Radio UFC" service_name="Radio UFC" provider="Service Provider" sid="32" onid="1" tsid="1" />
  </bouquet>
  <bouquet name="Radio - Music" category="radio">
    <channel service_ref="1:0:2:0009:0001:0001:0d1b2fda:0:0:0:" name="Ifrikya FM" service_name="Ifrikya FM" provider="TDA" sid="9" onid="1" tsid="1" />
  </bouquet>
  <bouquet name="Radio - Regional" category="radio">
    <channel service_ref="1:0:2:000a:0001:0001:0d1b2fda:0:0:0:" name="Radio Souk Ahras" service_name="Radio Souk Ahras" provider="TDA" sid="10" onid="1" tsid="1" />
  </bouquet>
</zapit>
