<?xml version='1.0' encoding='utf-8'?>
<zapit>
  <bouquet name="General" category="tv">
    <channel service_ref="1:0:1:03e8:0066:217c:eeee0000:0:0:0:" name="87TV" service_name="87TV" provider="TCD" sid="1000" onid="8572" tsid="102" />
    <channel service_ref="1:0:1:01c2:0066:217c:eeee0000:0:0:0:" name="CAPRI EVENT" service_name="CAPRI EVENT" provider="TCD" sid="450" onid="8572" tsid="102" />
    <channel service_ref="1:0:1:01c2:8056:217c:eeee0000:0:0:0:" name="CAPRI EVENT" service_name="CAPRI EVENT" provider="TCD" sid="450" onid="8572" tsid="32854" />
    <channel service_ref="1:0:1:01c3:0066:217c:eeee0000:0:0:0:" name="CAPRI EVENT" service_name="CAPRI EVENT" provider="TCD" sid="451" onid="8572" tsid="102" />
    <channel service_ref="1:0:1:01c4:8056:217c:eeee0000:0:0:0:" name="CAPRI EVENT" service_name="CAPRI EVENT" provider="TCD" sid="452" onid="8572" tsid="32854" />
    <channel service_ref="1:0:1:01c3:8056:217c:eeee0000:0:0:0:" name="CAPRI EVENT2" service_name="CAPRI EVENT2" provider="TCD" sid="451" onid="8572" tsid="32854" />
    <channel service_ref="1:0:1:0003:0066:217c:eeee0000:0:0:0:" name="Lira Tv" service_name="Lira Tv" provider="TCD" sid="3" onid="8572" tsid="102" />
    <channel service_ref="1:0:1:000b:0066:217c:eeee0000:0:0:0:" name="MEDIACAPRI 11" service_name="MEDIACAPRI 11" provider="TCD" sid="11" onid="8572" tsid="102" />
    <channel service_ref="1:0:1:000b:8056:217c:eeee0000:0:0:0:" name="MEDIACAPRI 11" service_name="MEDIACAPRI 11" provider="TCD" sid="11" onid="8572" tsid="32854" />
    <channel service_ref="1:0:1:0004:0066:217c:eeee0000:0:0:0:" name="MEDIACAPRI 76" service_name="MEDIACAPRI 76" provider="Telecapri" sid="4" onid="8572" tsid="102" />
    <channel service_ref="1:0:1:0005:0066:217c:eeee0000:0:0:0:" name="MEDIACAPRI 76" service_name="MEDIACAPRI 76" provider="Telecapri" sid="5" onid="8572" tsid="102" />
    <channel service_ref="1:0:1:0bbc:8056:217c:eeee0000:0:0:0:" name="NOTTE PARADISE TV" service_name="NOTTE PARADISE TV" provider="TCD" sid="3004" onid="8572" tsid="32854" />
    <channel service_ref="1:0:1:00d5:0066:217c:eeee0000:0:0:0:" name="PARADISE TV" service_name="PARADISE TV" provider="TCD" sid="213" onid="8572" tsid="102" />
    <channel service_ref="1:0:1:0028:0066:217c:eeee0000:0:0:0:" name="SeiTV 661" service_name="SeiTV 661" provider="TCD" sid="40" onid="8572" tsid="102" />
    <channel service_ref="1:0:1:00ca:0066:217c:eeee0000:0:0:0:" name="TELECAPRI" service_name="TELECAPRI" provider="TCD" sid="202" onid="8572" tsid="102" />
    <channel service_ref="1:0:1:00ca:8056:217c:eeee0000:0:0:0:" name="TELECAPRI" service_name="TELECAPRI" provider="BS" sid="202" onid="8572" tsid="32854" />
    <channel service_ref="1:0:1:00cb:0066:217c:eeee0000:0:0:0:" name="TELECAPRI" service_name="TELECAPRI" provider="TCD" sid="203" onid="8572" tsid="102" />
    <channel service_ref="1:0:1:0002:0066:217c:eeee0000:0:0:0:" name="Telecapri NEWS" service_name="Telecapri NEWS" provider="TCD" sid="2" onid="8572" tsid="102" />
    <channel service_ref="1:0:1:0001:0066:217c:eeee0000:0:0:0:" name="Telecapri SPORT HD" service_name="Telecapri SPORT HD" provider="TCD" sid="1" onid="8572" tsid="102" />
  </bouquet>
  <bouquet name="News" category="tv">
    <channel service_ref="1:0:1:0002:0066:217c:eeee0000:0:0:0:" name="Telecapri NEWS" service_name="Telecapri NEWS" provider="TCD" sid="2" onid="8572" tsid="102" />
  </bouquet>
  <bouquet name="Sports" category="tv">
    <channel service_ref="1:0:1:0001:0066:217c:eeee0000:0:0:0:" name="Telecapri SPORT HD" service_name="Telecapri SPORT HD" provider="TCD" sid="1" onid="8572" tsid="102" />
  </bouquet>
  <bouquet name="Switzerland" category="tv">
    <channel service_ref="1:0:1:0004:0066:217c:eeee0000:0:0:0:" name="MEDIACAPRI 76" service_name="MEDIACAPRI 76" provider="Telecapri" sid="4" onid="8572" tsid="102" />
    <channel service_ref="1:0:1:0005:0066:217c:eeee0000:0:0:0:" name="MEDIACAPRI 76" service_name="MEDIACAPRI 76" provider="Telecapri" sid="5" onid="8572" tsid="102" />
    <channel service_ref="1:0:1:00ca:0066:217c:eeee0000:0:0:0:" name="TELECAPRI" service_name="TELECAPRI" provider="TCD" sid="202" onid="8572" tsid="102" />
    <channel service_ref="1:0:1:00ca:8056:217c:eeee0000:0:0:0:" name="TELECAPRI" service_name="TELECAPRI" provider="BS" sid="202" onid="8572" tsid="32854" />
    <channel service_ref="1:0:1:00cb:0066:217c:eeee0000:0:0:0:" name="TELECAPRI" service_name="TELECAPRI" provider="TCD" sid="203" onid="8572" tsid="102" />
  </bouquet>
  <bouquet name="Resolution - HD" category="tv">
    <channel service_ref="1:0:1:0001:0066:217c:eeee0000:0:0:0:" name="Telecapri SPORT HD" service_name="Telecapri SPORT HD" provider="TCD" sid="1" onid="8572" tsid="102" />
  </bouquet>
  <bouquet name="Others" category="tv">
    <channel service_ref="1:0:1:03e8:0066:217c:eeee0000:0:0:0:" name="87TV" service_name="87TV" provider="TCD" sid="1000" onid="8572" tsid="102" />
    <channel service_ref="1:0:1:01c2:0066:217c:eeee0000:0:0:0:" name="CAPRI EVENT" service_name="CAPRI EVENT" provider="TCD" sid="450" onid="8572" tsid="102" />
    <channel service_ref="1:0:1:01c2:8056:217c:eeee0000:0:0:0:" name="CAPRI EVENT" service_name="CAPRI EVENT" provider="TCD" sid="450" onid="8572" tsid="32854" />
    <channel service_ref="1:0:1:01c3:0066:217c:eeee0000:0:0:0:" name="CAPRI EVENT" service_name="CAPRI EVENT" provider="TCD" sid="451" onid="8572" tsid="102" />
    <channel service_ref="1:0:1:01c4:8056:217c:eeee0000:0:0:0:" name="CAPRI EVENT" service_name="CAPRI EVENT" provider="TCD" sid="452" onid="8572" tsid="32854" />
    <channel service_ref="1:0:1:01c3:8056:217c:eeee0000:0:0:0:" name="CAPRI EVENT2" service_name="CAPRI EVENT2" provider="TCD" sid="451" onid="8572" tsid="32854" />
    <channel service_ref="1:0:1:0003:0066:217c:eeee0000:0:0:0:" name="Lira Tv" service_name="Lira Tv" provider="TCD" sid="3" onid="8572" tsid="102" />
    <channel service_ref="1:0:1:000b:0066:217c:eeee0000:0:0:0:" name="MEDIACAPRI 11" service_name="MEDIACAPRI 11" provider="TCD" sid="11" onid="8572" tsid="102" />
    <channel service_ref="1:0:1:000b:8056:217c:eeee0000:0:0:0:" name="MEDIACAPRI 11" service_name="MEDIACAPRI 11" provider="TCD" sid="11" onid="8572" tsid="32854" />
    <channel service_ref="1:0:1:0bbc:8056:217c:eeee0000:0:0:0:" name="NOTTE PARADISE TV" service_name="NOTTE PARADISE TV" provider="TCD" sid="3004" onid="8572" tsid="32854" />
    <channel service_ref="1:0:1:00d5:0066:217c:eeee0000:0:0:0:" name="PARADISE TV" service_name="PARADISE TV" provider="TCD" sid="213" onid="8572" tsid="102" />
    <channel service_ref="1:0:1:0028:0066:217c:eeee0000:0:0:0:" name="SeiTV 661" service_name="SeiTV 661" provider="TCD" sid="40" onid="8572" tsid="102" />
  </bouquet>
  <bouquet name="Radio" category="radio">
    <channel service_ref="1:0:2:016a:0066:217c:eeee0000:0:0:0:" name="RADIO CAPRI" service_name="RADIO CAPRI" provider="TCD" sid="362" onid="8572" tsid="102" />
    <channel service_ref="1:0:2:016a:8056:217c:eeee0000:0:0:0:" name="RADIO CAPRI" service_name="RADIO CAPRI" provider="TCD" sid="362" onid="8572" tsid="32854" />
    <channel service_ref="1:0:2:016b:8056:217c:eeee0000:0:0:0:" name="RADIO CAPRI" service_name="RADIO CAPRI" provider="TCD" sid="363" onid="8572" tsid="32854" />
  </bouquet>
  <bouquet name="Digitale terrestre                     by Rogist" category="tv">
    <channel service_ref="1:0:1:1c2:8056:217c:eeee0000:0:0:0:" name="CAPRI EVENT" service_name="CAPRI EVENT" provider="TCD" sid="450" onid="8572" tsid="32854" />
    <channel service_ref="1:0:1:1c3:8056:217c:eeee0000:0:0:0:" name="CAPRI EVENT2" service_name="CAPRI EVENT2" provider="TCD" sid="451" onid="8572" tsid="32854" />
    <channel service_ref="1:0:1:b:8056:217c:eeee0000:0:0:0:" name="MEDIACAPRI 11" service_name="MEDIACAPRI 11" provider="TCD" sid="11" onid="8572" tsid="32854" />
    <channel service_ref="1:0:1:bbc:8056:217c:eeee0000:0:0:0:" name="NOTTE PARADISE TV" service_name="NOTTE PARADISE TV" provider="TCD" sid="3004" onid="8572" tsid="32854" />
    <channel service_ref="1:0:1:1c4:8056:217c:eeee0000:0:0:0:" name="CAPRI EVENT" service_name="CAPRI EVENT" provider="TCD" sid="452" onid="8572" tsid="32854" />
  </bouquet>
</zapit>
