<?xml version='1.0' encoding='utf-8'?>
<zapit>
  <bouquet name="General" category="tv">
    <channel service_ref="1:0:1:000c:240d:217c:eeee0000:0:0:0:" name="Babayaga Tv" service_name="Babayaga Tv" provider="MSP" sid="12" onid="8572" tsid="9229" />
    <channel service_ref="1:0:1:0004:240d:217c:eeee0000:0:0:0:" name="CHIESA TV" service_name="CHIESA TV" provider="MSP" sid="4" onid="8572" tsid="9229" />
    <channel service_ref="1:0:1:0001:240d:217c:eeee0000:0:0:0:" name="TELENOVA" service_name="TELENOVA" provider="MSP" sid="1" onid="8572" tsid="9229" />
    <channel service_ref="1:0:1:001b:240d:217c:eeee0000:0:0:0:" name="TELENOVA 2" service_name="TELENOVA 2" provider="MSP" sid="27" onid="8572" tsid="9229" />
    <channel service_ref="1:0:1:000d:240d:217c:eeee0000:0:0:0:" name="Telenova 4" service_name="Telenova 4" provider="MSP" sid="13" onid="8572" tsid="9229" />
    <channel service_ref="1:0:1:0005:240d:217c:eeee0000:0:0:0:" name="Telenova 5" service_name="Telenova 5" provider="MSP" sid="5" onid="8572" tsid="9229" />
    <channel service_ref="1:0:1:000a:240d:217c:eeee0000:0:0:0:" name="Telenova+1" service_name="Telenova+1" provider="MSP" sid="10" onid="8572" tsid="9229" />
  </bouquet>
  <bouquet name="Switzerland" category="tv">
    <channel service_ref="1:0:1:0001:240d:217c:eeee0000:0:0:0:" name="TELENOVA" service_name="TELENOVA" provider="MSP" sid="1" onid="8572" tsid="9229" />
    <channel service_ref="1:0:1:001b:240d:217c:eeee0000:0:0:0:" name="TELENOVA 2" service_name="TELENOVA 2" provider="MSP" sid="27" onid="8572" tsid="9229" />
    <channel service_ref="1:0:1:000d:240d:217c:eeee0000:0:0:0:" name="Telenova 4" service_name="Telenova 4" provider="MSP" sid="13" onid="8572" tsid="9229" />
    <channel service_ref="1:0:1:0005:240d:217c:eeee0000:0:0:0:" name="Telenova 5" service_name="Telenova 5" provider="MSP" sid="5" onid="8572" tsid="9229" />
    <channel service_ref="1:0:1:000a:240d:217c:eeee0000:0:0:0:" name="Telenova+1" service_name="Telenova+1" provider="MSP" sid="10" onid="8572" tsid="9229" />
  </bouquet>
  <bouquet name="Others" category="tv">
    <channel service_ref="1:0:1:000c:240d:217c:eeee0000:0:0:0:" name="Babayaga Tv" service_name="Babayaga Tv" provider="MSP" sid="12" onid="8572" tsid="9229" />
    <channel service_ref="1:0:1:0004:240d:217c:eeee0000:0:0:0:" name="CHIESA TV" service_name="CHIESA TV" provider="MSP" sid="4" onid="8572" tsid="9229" />
  </bouquet>
  <bouquet name="Radio" category="radio">
    <channel service_ref="1:0:2:000e:240d:217c:eeee0000:0:0:0:" name="Radio Marconi" service_name="Radio Marconi" provider="MSP" sid="14" onid="8572" tsid="9229" />
    <channel service_ref="1:0:2:000f:240d:217c:eeee0000:0:0:0:" name="Radio Marconi Classic" service_name="Radio Marconi Classic" provider="MSP" sid="15" onid="8572" tsid="9229" />
  </bouquet>
  <bouquet name="Last Scanned DTT Milano 03/08/2021" category="tv">
    <channel service_ref="1:0:1:1:240d:217c:eeee0000:0:0:0:" name="TELENOVA" service_name="TELENOVA" provider="MSP" sid="1" onid="8572" tsid="9229" />
    <channel service_ref="1:0:1:4:240d:217c:eeee0000:0:0:0:" name="CHIESA TV" service_name="CHIESA TV" provider="MSP" sid="4" onid="8572" tsid="9229" />
    <channel service_ref="1:0:1:5:240d:217c:eeee0000:0:0:0:" name="Telenova 5" service_name="Telenova 5" provider="MSP" sid="5" onid="8572" tsid="9229" />
    <channel service_ref="1:0:1:a:240d:217c:eeee0000:0:0:0:" name="Telenova+1" service_name="Telenova+1" provider="MSP" sid="10" onid="8572" tsid="9229" />
    <channel service_ref="1:0:1:d:240d:217c:eeee0000:0:0:0:" name="Telenova 4" service_name="Telenova 4" provider="MSP" sid="13" onid="8572" tsid="9229" />
    <channel service_ref="1:0:1:e:240d:217c:eeee0000:0:0:0:" name="Radio Marconi" service_name="Radio Marconi" provider="MSP" sid="14" onid="8572" tsid="9229" />
  </bouquet>
  <bouquet name="Digitale Terrestre" category="tv">
    <channel service_ref="1:0:1:4:240d:217c:eeee0000:0:0:0:" name="CHIESA TV" service_name="CHIESA TV" provider="MSP" sid="4" onid="8572" tsid="9229" />
    <channel service_ref="1:0:1:e:240d:217c:eeee0000:0:0:0:" name="Radio Marconi" service_name="Radio Marconi" provider="MSP" sid="14" onid="8572" tsid="9229" />
    <channel service_ref="1:0:1:1:240d:217c:eeee0000:0:0:0:" name="TELENOVA" service_name="TELENOVA" provider="MSP" sid="1" onid="8572" tsid="9229" />
    <channel service_ref="1:0:1:a:240d:217c:eeee0000:0:0:0:" name="Telenova+1" service_name="Telenova+1" provider="MSP" sid="10" onid="8572" tsid="9229" />
    <channel service_ref="1:0:1:d:240d:217c:eeee0000:0:0:0:" name="Telenova 4" service_name="Telenova 4" provider="MSP" sid="13" onid="8572" tsid="9229" />
    <channel service_ref="1:0:1:5:240d:217c:eeee0000:0:0:0:" name="Telenova 5" service_name="Telenova 5" provider="MSP" sid="5" onid="8572" tsid="9229" />
  </bouquet>
  <bouquet name="Digitale Terrestre                  by Rennys" category="tv">
    <channel service_ref="1:0:1:4:240d:217c:eeee0000:0:0:0:" name="CHIESA TV" service_name="CHIESA TV" provider="MSP" sid="4" onid="8572" tsid="9229" />
    <channel service_ref="1:0:1:e:240d:217c:eeee0000:0:0:0:" name="Radio Marconi" service_name="Radio Marconi" provider="MSP" sid="14" onid="8572" tsid="9229" />
    <channel service_ref="1:0:1:1:240d:217c:eeee0000:0:0:0:" name="TELENOVA" service_name="TELENOVA" provider="MSP" sid="1" onid="8572" tsid="9229" />
    <channel service_ref="1:0:1:a:240d:217c:eeee0000:0:0:0:" name="Telenova+1" service_name="Telenova+1" provider="MSP" sid="10" onid="8572" tsid="9229" />
    <channel service_ref="1:0:1:d:240d:217c:eeee0000:0:0:0:" name="Telenova 4" service_name="Telenova 4" provider="MSP" sid="13" onid="8572" tsid="9229" />
    <channel service_ref="1:0:1:5:240d:217c:eeee0000:0:0:0:" name="Telenova 5" service_name="Telenova 5" provider="MSP" sid="5" onid="8572" tsid="9229" />
  </bouquet>
  <bouquet name="Digitale Terrestre                by Rennys" category="tv">
    <channel service_ref="1:0:1:4:240d:217c:eeee0000:0:0:0:" name="CHIESA TV" service_name="CHIESA TV" provider="MSP" sid="4" onid="8572" tsid="9229" />
    <channel service_ref="1:0:1:e:240d:217c:eeee0000:0:0:0:" name="Radio Marconi" service_name="Radio Marconi" provider="MSP" sid="14" onid="8572" tsid="9229" />
    <channel service_ref="1:0:1:1:240d:217c:eeee0000:0:0:0:" name="TELENOVA" service_name="TELENOVA" provider="MSP" sid="1" onid="8572" tsid="9229" />
    <channel service_ref="1:0:1:a:240d:217c:eeee0000:0:0:0:" name="Telenova+1" service_name="Telenova+1" provider="MSP" sid="10" onid="8572" tsid="9229" />
    <channel service_ref="1:0:1:1b:240d:217c:eeee0000:0:0:0:" name="TELENOVA 2" service_name="TELENOVA 2" provider="MSP" sid="27" onid="8572" tsid="9229" />
    <channel service_ref="1:0:1:d:240d:217c:eeee0000:0:0:0:" name="Telenova 4" service_name="Telenova 4" provider="MSP" sid="13" onid="8572" tsid="9229" />
    <channel service_ref="1:0:1:5:240d:217c:eeee0000:0:0:0:" name="Telenova 5" service_name="Telenova 5" provider="MSP" sid="5" onid="8572" tsid="9229" />
  </bouquet>
  <bouquet name="Digitale terrestre             by Rennys" category="tv">
    <channel service_ref="1:0:1:f:240d:217c:eeee0000:0:0:0:" name="Radio Marconi Classic" service_name="Radio Marconi Classic" provider="MSP" sid="15" onid="8572" tsid="9229" />
    <channel service_ref="1:0:1:4:240d:217c:eeee0000:0:0:0:" name="CHIESA TV" service_name="CHIESA TV" provider="MSP" sid="4" onid="8572" tsid="9229" />
    <channel service_ref="1:0:1:e:240d:217c:eeee0000:0:0:0:" name="Radio Marconi" service_name="Radio Marconi" provider="MSP" sid="14" onid="8572" tsid="9229" />
    <channel service_ref="1:0:1:1:240d:217c:eeee0000:0:0:0:" name="TELENOVA" service_name="TELENOVA" provider="MSP" sid="1" onid="8572" tsid="9229" />
    <channel service_ref="1:0:1:a:240d:217c:eeee0000:0:0:0:" name="Telenova+1" service_name="Telenova+1" provider="MSP" sid="10" onid="8572" tsid="9229" />
    <channel service_ref="1:0:1:d:240d:217c:eeee0000:0:0:0:" name="Telenova 4" service_name="Telenova 4" provider="MSP" sid="13" onid="8572" tsid="9229" />
    <channel service_ref="1:0:1:5:240d:217c:eeee0000:0:0:0:" name="Telenova 5" service_name="Telenova 5" provider="MSP" sid="5" onid="8572" tsid="9229" />
    <channel service_ref="1:0:1:c:240d:217c:eeee0000:0:0:0:" name="Babayaga Tv" service_name="Babayaga Tv" provider="MSP" sid="12" onid="8572" tsid="9229" />
  </bouquet>
</zapit>
