<?xml version='1.0' encoding='utf-8'?>
<zapit api="4">
  <terrestrials>
    <terrestrial key="eeee0000:0001:013e" name="RAI" namespace="0xeeee0000">
      <transponder key="eeee0000:0001:013e" frequency="184500000" symbol_rate="1" polarization="H" fec="5" system="0" modulation="4">
        <service id="0x0d49" sid="3401" name="Rai 1" type="1" provider="RAI" onid="318" tsid="1" namespace="0xeeee0000" />
        <service id="0x0d4a" sid="3402" name="Rai 2" type="1" provider="RAI" onid="318" tsid="1" namespace="0xeeee0000" />
        <service id="0x0d4b" sid="3403" name="Rai 3 TGR Lazio" type="1" provider="Rai" onid="318" tsid="1" namespace="0xeeee0000" />
        <service id="0x0d53" sid="3411" name="Rai News 24" type="1" provider="Rai" onid="318" tsid="1" namespace="0xeeee0000" />
        <service id="0x0d54" sid="3412" name="Rete Oro" type="22" provider="Rai" onid="318" tsid="1" namespace="0xeeee0000" />
        <service id="0x0d52" sid="3410" name="Test HEVC main10" type="31" provider="Rai" onid="318" tsid="1" namespace="0xeeee0000" />
        <service id="0x0d4c" sid="3404" name="Rai Radio1" type="2" provider="RAI" onid="318" tsid="1" namespace="0xeeee0000" radio="1" />
        <service id="0x0d4d" sid="3405" name="Rai Radio2" type="2" provider="RAI" onid="318" tsid="1" namespace="0xeeee0000" radio="1" />
        <service id="0x0d4e" sid="3406" name="Rai Radio3" type="2" provider="RAI" onid="318" tsid="1" namespace="0xeeee0000" radio="1" />
      </transponder>
    </terrestrial>
  </terrestrials>
</zapit>
