<?xml version='1.0' encoding='utf-8'?>
<zapit api="4">
  <terrestrials>
    <terrestrial key="eeee0000:0107:217c" name="Canale-Italia" namespace="0xeeee0000">
      <transponder key="eeee0000:0107:217c" frequency="570000000" symbol_rate="0" polarization="H" fec="5" system="0" modulation="4">
        <service id="0x0bba" sid="3002" name="ARTE ITALIA 124" type="1" provider="Canale Italia" onid="8572" tsid="263" namespace="0xeeee0000" />
        <service id="0x0bbb" sid="3003" name="ARTE ITALIA 125" type="1" provider="Canale Italia" onid="8572" tsid="263" namespace="0xeeee0000" />
        <service id="0x02fb" sid="763" name="Caccia e Pesca" type="1" provider="" onid="8572" tsid="263" namespace="0xeeee0000" />
        <service id="0x0c84" sid="3204" name="FRANCE 24" type="1" provider="Canale Italia" onid="8572" tsid="263" namespace="0xeeee0000" />
        <service id="0x0bb9" sid="3001" name="ITALIA 121" type="1" provider="Canale Italia" onid="8572" tsid="263" namespace="0xeeee0000" />
        <service id="0x0bbc" sid="3004" name="ITALIA 126" type="1" provider="Canale Italia" onid="8572" tsid="263" namespace="0xeeee0000" />
        <service id="0x0bbd" sid="3005" name="ITALIA 127" type="1" provider="Canale Italia" onid="8572" tsid="263" namespace="0xeeee0000" />
        <service id="0x0bbf" sid="3007" name="ITALIA 134" type="1" provider="Canale Italia" onid="8572" tsid="263" namespace="0xeeee0000" />
        <service id="0x0bbe" sid="3006" name="ITALIA 135" type="1" provider="Canale Italia" onid="8572" tsid="263" namespace="0xeeee0000" />
        <service id="0x0c1f" sid="3103" name="ITALIA 136" type="1" provider="Canale Italia" onid="8572" tsid="263" namespace="0xeeee0000" />
        <service id="0x0c82" sid="3202" name="ITALIA 142" type="1" provider="Canale Italia" onid="8572" tsid="263" namespace="0xeeee0000" />
        <service id="0x0c22" sid="3106" name="ITALIA 143" type="1" provider="Canale Italia" onid="8572" tsid="263" namespace="0xeeee0000" />
        <service id="0x0c21" sid="3105" name="ITALIA 148" type="1" provider="Canale Italia" onid="8572" tsid="263" namespace="0xeeee0000" />
        <service id="0x0c20" sid="3104" name="ITALIA 154" type="1" provider="Canale Italia" onid="8572" tsid="263" namespace="0xeeee0000" />
        <service id="0x0c87" sid="3207" name="ITALIA 155" type="1" provider="Canale Italia" onid="8572" tsid="263" namespace="0xeeee0000" />
        <service id="0x0c1e" sid="3102" name="ITALIA 156" type="1" provider="Canale Italia" onid="8572" tsid="263" namespace="0xeeee0000" />
        <service id="0x0c85" sid="3205" name="ITALIA 159" type="1" provider="Canale Italia" onid="8572" tsid="263" namespace="0xeeee0000" />
        <service id="0x0c83" sid="3203" name="ITALIA 160" type="1" provider="Canale Italia" onid="8572" tsid="263" namespace="0xeeee0000" />
        <service id="0x0c1d" sid="3101" name="ITALIA 161" type="1" provider="Canale Italia" onid="8572" tsid="263" namespace="0xeeee0000" />
        <service id="0x0c23" sid="3107" name="ITALIA 164" type="1" provider="Canale Italia" onid="8572" tsid="263" namespace="0xeeee0000" />
        <service id="0x02c7" sid="711" name="LA7 HD" type="25" provider="" onid="8572" tsid="263" namespace="0xeeee0000" />
        <service id="0x02d1" sid="721" name="LA7 HD" type="25" provider="" onid="8572" tsid="263" namespace="0xeeee0000" />
        <service id="0x02ef" sid="751" name="LA7 HD" type="25" provider="" onid="8572" tsid="263" namespace="0xeeee0000" />
        <service id="0x013e" sid="318" name="LA7 on demand" type="25" provider="" onid="8572" tsid="263" namespace="0xeeee0000" />
        <service id="0x02fa" sid="762" name="LA7 Servizi on demand" type="1" provider="" onid="8572" tsid="263" namespace="0xeeee0000" />
        <service id="0x013d" sid="317" name="LA7 Test" type="1" provider="" onid="8572" tsid="263" namespace="0xeeee0000" />
        <service id="0x02f9" sid="761" name="LA7 TEST" type="1" provider="" onid="8572" tsid="263" namespace="0xeeee0000" />
        <service id="0x02fc" sid="764" name="LA7 TEST" type="1" provider="" onid="8572" tsid="263" namespace="0xeeee0000" />
        <service id="0x02c8" sid="712" name="LA7CINEMA" type="25" provider="" onid="8572" tsid="263" namespace="0xeeee0000" />
        <service id="0x02d2" sid="722" name="LA7CINEMA" type="25" provider="" onid="8572" tsid="263" namespace="0xeeee0000" />
        <service id="0x02f0" sid="752" name="LA7CINEMA" type="25" provider="" onid="8572" tsid="263" namespace="0xeeee0000" />
        <service id="0x02fd" sid="765" name="LA7CINEMA TEST" type="1" provider="" onid="8572" tsid="263" namespace="0xeeee0000" />
      </transponder>
    </terrestrial>
  </terrestrials>
</zapit>
