<?xml version='1.0' encoding='utf-8'?>
<zapit api="4">
  <terrestrials>
    <terrestrial key="eeee0000:80e1:217c" name="In-Aria!" namespace="0xeeee0000">
      <transponder key="eeee0000:80e1:217c" frequency="634000000" symbol_rate="0" polarization="H" fec="5" system="0" modulation="4">
        <service id="0x1f41" sid="8001" name="CANALE 21" type="1" provider="CANALE 21" onid="8572" tsid="32993" namespace="0xeeee0000" />
        <service id="0x1f45" sid="8005" name="CANALE 8" type="1" provider="CANALE 8" onid="8572" tsid="32993" namespace="0xeeee0000" />
        <service id="0x1f44" sid="8004" name="Canale 9" type="1" provider="Canale 9" onid="8572" tsid="32993" namespace="0xeeee0000" />
        <service id="0x1f4b" sid="8011" name="IRPINIATV" type="1" provider="GLOBAL" onid="8572" tsid="32993" namespace="0xeeee0000" />
        <service id="0x1f4c" sid="8012" name="KISS KISS NAPOLI TV" type="1" provider="KISS KISS NAPOLI TV" onid="8572" tsid="32993" namespace="0xeeee0000" />
        <service id="0x1f49" sid="8009" name="LIRA TV" type="25" provider="LIRA TV" onid="8572" tsid="32993" namespace="0xeeee0000" />
        <service id="0x1f47" sid="8007" name="Otto Channel" type="1" provider="Otto Channel" onid="8572" tsid="32993" namespace="0xeeee0000" />
        <service id="0x1f48" sid="8008" name="Primativvù" type="1" provider="Primativvù" onid="8572" tsid="32993" namespace="0xeeee0000" />
        <service id="0x1f43" sid="8003" name="Tele A" type="1" provider="AjV-Ottcast" onid="8572" tsid="32993" namespace="0xeeee0000" />
        <service id="0x1f46" sid="8006" name="TELECAPRI" type="25" provider="In Aria!" onid="8572" tsid="32993" namespace="0xeeee0000" />
        <service id="0x1f4d" sid="8013" name="TELECLUBITALIA" type="1" provider="ASSOCIAZIONE DREAMER" onid="8572" tsid="32993" namespace="0xeeee0000" />
        <service id="0x1f42" sid="8002" name="TELEVOMERO" type="1" provider="TELEVOMERO" onid="8572" tsid="32993" namespace="0xeeee0000" />
        <service id="0x1f4a" sid="8010" name="TV LUNA HD" type="25" provider="In Aria!" onid="8572" tsid="32993" namespace="0xeeee0000" />
      </transponder>
    </terrestrial>
    <terrestrial key="eeee0000:80e3:217c" name="In-Aria!" namespace="0xeeee0000">
      <transponder key="eeee0000:80e3:217c" frequency="554000000" symbol_rate="0" polarization="H" fec="5" system="0" modulation="4">
        <service id="0x1f66" sid="8038" name="105TV" type="1" provider="In Aria!" onid="8572" tsid="32995" namespace="0xeeee0000" />
        <service id="0x1f61" sid="8033" name="CANALE 58" type="1" provider="CANALE 58" onid="8572" tsid="32995" namespace="0xeeee0000" />
        <service id="0x1f60" sid="8032" name="CANALE ITALIA" type="1" provider="Canale Italia" onid="8572" tsid="32995" namespace="0xeeee0000" />
        <service id="0x1f68" sid="8040" name="GT CHANNEL" type="25" provider="AjV-Ottcast" onid="8572" tsid="32995" namespace="0xeeee0000" />
        <service id="0x1f67" sid="8039" name="NAPOFLIX" type="1" provider="NAPOFLIX" onid="8572" tsid="32995" namespace="0xeeee0000" />
        <service id="0x1f6d" sid="8045" name="RADIO MARTE TV" type="1" provider="RADIO MARTE TV" onid="8572" tsid="32995" namespace="0xeeee0000" />
        <service id="0x1f71" sid="8049" name="ROMANTICA RADIO" type="1" provider="ROMANTICA RADIO" onid="8572" tsid="32995" namespace="0xeeee0000" />
        <service id="0x1f5f" sid="8031" name="STILETV" type="22" provider="STILETV" onid="8572" tsid="32995" namespace="0xeeee0000" />
        <service id="0x1f63" sid="8035" name="TDS" type="1" provider="TDS" onid="8572" tsid="32995" namespace="0xeeee0000" />
        <service id="0x1f70" sid="8048" name="Tele Dehon" type="25" provider="Tele Dehon" onid="8572" tsid="32995" namespace="0xeeee0000" />
        <service id="0x1f64" sid="8036" name="TELECAPRI SPORT" type="25" provider="In Aria!" onid="8572" tsid="32995" namespace="0xeeee0000" />
        <service id="0x1f6a" sid="8042" name="TELENOSTRA" type="1" provider="TELENOSTRA" onid="8572" tsid="32995" namespace="0xeeee0000" />
        <service id="0x1f65" sid="8037" name="VIDEONOLA" type="1" provider="VIDEONOLA" onid="8572" tsid="32995" namespace="0xeeee0000" />
      </transponder>
    </terrestrial>
  </terrestrials>
</zapit>
