<?xml version='1.0' encoding='utf-8'?>
<zapit api="4">
  <satellites>
    <satellite key="00460000:0a12:007e" name="Sat-7E" namespace="0x00460000" position="7">
      <transponder key="00460000:0a12:007e" frequency="10721000" symbol_rate="27500000" polarization="V" fec="3" system="0" modulation="0">
        <service id="0x369d" sid="13981" name="ISP1" type="1" provider="" onid="126" tsid="2578" namespace="0x00460000" />
        <service id="0x369e" sid="13982" name="ISP2" type="1" provider="" onid="126" tsid="2578" namespace="0x00460000" />
        <service id="0x0e5d" sid="3677" name="BBC Afghan" type="2" provider="BBC World Service" onid="126" tsid="2578" namespace="0x00460000" radio="1" />
        <service id="0x365c" sid="13916" name="BBC Arabic" type="2" provider="BBC World Service" onid="126" tsid="2578" namespace="0x00460000" radio="1" />
        <service id="0x0e45" sid="3653" name="BBC English (Europe)" type="2" provider="BBC World Service" onid="126" tsid="2578" namespace="0x00460000" radio="1" />
        <service id="0x0e47" sid="3655" name="BBC English Aus NZ" type="2" provider="BBC World Service" onid="126" tsid="2578" namespace="0x00460000" radio="1" />
        <service id="0x0e48" sid="3656" name="BBC English News" type="2" provider="BBC World Service" onid="126" tsid="2578" namespace="0x00460000" radio="1" />
        <service id="0x0e6d" sid="3693" name="BBC Eur Feed 1" type="2" provider="BBC World Service" onid="126" tsid="2578" namespace="0x00460000" radio="1" />
        <service id="0x0e6e" sid="3694" name="BBC Eur Feed 2" type="2" provider="BBC World Service" onid="126" tsid="2578" namespace="0x00460000" radio="1" />
        <service id="0x0e6f" sid="3695" name="BBC Eur Feed 3" type="2" provider="BBC World Service" onid="126" tsid="2578" namespace="0x00460000" radio="1" />
        <service id="0x0e70" sid="3696" name="BBC Eur Feed 4" type="2" provider="BBC World Service" onid="126" tsid="2578" namespace="0x00460000" radio="1" />
        <service id="0x0e71" sid="3697" name="BBC Eur Feed 5" type="2" provider="BBC World Service" onid="126" tsid="2578" namespace="0x00460000" radio="1" />
        <service id="0x0e72" sid="3698" name="BBC Eur Feed 6" type="2" provider="BBC World Service" onid="126" tsid="2578" namespace="0x00460000" radio="1" />
      </transponder>
    </satellite>
    <satellite key="00460000:4fb0:007e" name="Sat-7E" namespace="0x00460000" position="7">
      <transponder key="00460000:4fb0:007e" frequency="10803000" symbol_rate="30000000" polarization="V" fec="4" system="0" modulation="0">
        <service id="0x213d" sid="8509" name="DİYANET TV" type="1" provider="Digital Platform" onid="126" tsid="20400" namespace="0x00460000" />
        <service id="0x213b" sid="8507" name="TRT 3/TRT SPOR" type="1" provider="Digital Platform" onid="126" tsid="20400" namespace="0x00460000" />
        <service id="0x0359" sid="857" name="TRT AVAZ" type="1" provider="Digital Platform" onid="126" tsid="20400" namespace="0x00460000" />
        <service id="0x085a" sid="2138" name="TRT BELGESEL" type="1" provider="Digital Platform" onid="126" tsid="20400" namespace="0x00460000" />
        <service id="0x085e" sid="2142" name="TRT BELGESEL HD" type="25" provider="Digital Platform" onid="126" tsid="20400" namespace="0x00460000" />
        <service id="0x035b" sid="859" name="TRT EL ARABIA" type="1" provider="Digital Platform" onid="126" tsid="20400" namespace="0x00460000" />
        <service id="0x213c" sid="8508" name="TRT HABER" type="1" provider="Digital Platform" onid="126" tsid="20400" namespace="0x00460000" />
        <service id="0x085d" sid="2141" name="TRT HABER HD" type="25" provider="Digital Platform" onid="126" tsid="20400" namespace="0x00460000" />
        <service id="0x213a" sid="8506" name="TRT KURDİ" type="1" provider="Digital Platform" onid="126" tsid="20400" namespace="0x00460000" />
        <service id="0x213e" sid="8510" name="TRT MÜZİK" type="1" provider="Digital Platform" onid="126" tsid="20400" namespace="0x00460000" />
        <service id="0x035a" sid="858" name="TRT OKUL" type="1" provider="Digital Platform" onid="126" tsid="20400" namespace="0x00460000" />
        <service id="0x085c" sid="2140" name="TRT SPOR" type="1" provider="Digital Platform" onid="126" tsid="20400" namespace="0x00460000" />
        <service id="0x085f" sid="2143" name="TRT SPOR HD" type="25" provider="Digital Platform" onid="126" tsid="20400" namespace="0x00460000" />
        <service id="0x085b" sid="2139" name="TRT TÜRK" type="1" provider="Digital Platform" onid="126" tsid="20400" namespace="0x00460000" />
        <service id="0x213f" sid="8511" name="TRT ÇOCUK" type="1" provider="Digital Platform" onid="126" tsid="20400" namespace="0x00460000" />
      </transponder>
    </satellite>
    <satellite key="00460000:5014:007e" name="Sat-7E" namespace="0x00460000" position="7">
      <transponder key="00460000:5014:007e" frequency="10803000" symbol_rate="30000000" polarization="H" fec="4" system="0" modulation="0">
        <service id="0x09ce" sid="2510" name="beIN SERIES SCI-FI HD" type="25" provider="Digital Platform" onid="126" tsid="20500" namespace="0x00460000" />
        <service id="0x09cc" sid="2508" name="beIN SPORTS HABER HD" type="25" provider="Digital Platform" onid="126" tsid="20500" namespace="0x00460000" />
        <service id="0x09c9" sid="2505" name="EUROSPORT 1 HD" type="25" provider="Digital Platform" onid="126" tsid="20500" namespace="0x00460000" />
        <service id="0x09cf" sid="2511" name="EUROSPORT 2 HD" type="25" provider="Digital Platform" onid="126" tsid="20500" namespace="0x00460000" />
        <service id="0x09c8" sid="2504" name="HISTORY HD" type="25" provider="Digital Platform" onid="126" tsid="20500" namespace="0x00460000" />
        <service id="0x09cd" sid="2509" name="KANAL 7 HD" type="25" provider="Digital Platform" onid="126" tsid="20500" namespace="0x00460000" />
        <service id="0x09c5" sid="2501" name="MTV Live HD" type="25" provider="Digital Platform" onid="126" tsid="20500" namespace="0x00460000" />
        <service id="0x09ca" sid="2506" name="NICKELODEON HD" type="25" provider="Digital Platform" onid="126" tsid="20500" namespace="0x00460000" />
      </transponder>
    </satellite>
    <satellite key="00460000:50dc:007e" name="Sat-7E" namespace="0x00460000" position="7">
      <transponder key="00460000:50dc:007e" frequency="10845000" symbol_rate="30000000" polarization="H" fec="4" system="0" modulation="0">
        <service id="0x1fa8" sid="8104" name="A SPOR" type="1" provider="Digital Platform" onid="126" tsid="20700" namespace="0x00460000" />
        <service id="0x1fb6" sid="8118" name="beIN İZ HD" type="25" provider="Digital Platform" onid="126" tsid="20700" namespace="0x00460000" />
        <service id="0x1ffd" sid="8189" name="beIN İZ HD" type="25" provider="Digital Platform" onid="126" tsid="20700" namespace="0x00460000" />
        <service id="0x1fa5" sid="8101" name="beIN MOVIES FAMILY HD" type="25" provider="Digital Platform" onid="126" tsid="20700" namespace="0x00460000" />
        <service id="0x1fab" sid="8107" name="BEYAZ TV HD" type="25" provider="Digital Platform" onid="126" tsid="20700" namespace="0x00460000" />
        <service id="0x1fa7" sid="8103" name="BURSASPOR TV" type="1" provider="Digital Platform" onid="126" tsid="20700" namespace="0x00460000" />
        <service id="0x1faa" sid="8106" name="DISCOVERY CHANNEL HD" type="25" provider="Digital Platform" onid="126" tsid="20700" namespace="0x00460000" />
        <service id="0x07d7" sid="2007" name="DMAX HD" type="25" provider="Digital Platform" onid="126" tsid="20700" namespace="0x00460000" />
        <service id="0x1fae" sid="8110" name="S SPORT HD" type="25" provider="Digital Platform" onid="126" tsid="20700" namespace="0x00460000" />
        <service id="0x1fa9" sid="8105" name="TJK TV" type="1" provider="Digital Platform" onid="126" tsid="20700" namespace="0x00460000" />
        <service id="0x1fa6" sid="8102" name="NAT GEO WILD HD" type="25" provider="Digital Platform" onid="126" tsid="20700" namespace="0x00460000" />
      </transponder>
    </satellite>
    <satellite key="00460000:5140:007e" name="Sat-7E" namespace="0x00460000" position="7">
      <transponder key="00460000:5140:007e" frequency="10845000" symbol_rate="30000000" polarization="V" fec="4" system="0" modulation="0">
        <service id="0x1f46" sid="8006" name="A NEWS HD" type="25" provider="Digital Platform" onid="126" tsid="20800" namespace="0x00460000" />
        <service id="0x1f44" sid="8004" name="A2 HD" type="25" provider="Digital Platform" onid="126" tsid="20800" namespace="0x00460000" />
        <service id="0x1f49" sid="8009" name="AL JAZEERA English HD" type="25" provider="Digital Platform" onid="126" tsid="20800" namespace="0x00460000" />
        <service id="0x1f41" sid="8001" name="BJK TV HD" type="25" provider="Digital Platform" onid="126" tsid="20800" namespace="0x00460000" />
        <service id="0x1f47" sid="8007" name="DMAX" type="1" provider="Digital Platform" onid="126" tsid="20800" namespace="0x00460000" />
        <service id="0x1f48" sid="8008" name="FOX SPORTS HD" type="25" provider="Digital Platform" onid="126" tsid="20800" namespace="0x00460000" />
        <service id="0x1f4a" sid="8010" name="FRANCE 24 HD" type="25" provider="Digital Platform" onid="126" tsid="20800" namespace="0x00460000" />
        <service id="0x1f43" sid="8003" name="TV8.5 HD" type="25" provider="Digital Platform" onid="126" tsid="20800" namespace="0x00460000" />
        <service id="0x1f42" sid="8002" name="ÜLKE TV HD" type="25" provider="Digital Platform" onid="126" tsid="20800" namespace="0x00460000" />
      </transponder>
    </satellite>
    <satellite key="00460000:51a4:007e" name="Sat-7E" namespace="0x00460000" position="7">
      <transponder key="00460000:51a4:007e" frequency="10886000" symbol_rate="30000000" polarization="H" fec="4" system="0" modulation="0">
        <service id="0x1eee" sid="7918" name="A HABER HD" type="25" provider="Digital Platform" onid="126" tsid="20900" namespace="0x00460000" />
        <service id="0x1eed" sid="7917" name="ATV HD" type="25" provider="Digital Platform" onid="126" tsid="20900" namespace="0x00460000" />
        <service id="0x1ee8" sid="7912" name="beIN MOVIES STARS HD" type="25" provider="Digital Platform" onid="126" tsid="20900" namespace="0x00460000" />
        <service id="0x1ede" sid="7902" name="beIN SERIES DRAMA HD" type="25" provider="Digital Platform" onid="126" tsid="20900" namespace="0x00460000" />
        <service id="0x1ee1" sid="7905" name="FOX HD" type="25" provider="Digital Platform" onid="126" tsid="20900" namespace="0x00460000" />
        <service id="0x1ee2" sid="7906" name="KANAL D HD" type="25" provider="Digital Platform" onid="126" tsid="20900" namespace="0x00460000" />
        <service id="0x1eea" sid="7914" name="STAR TV HD" type="25" provider="Digital Platform" onid="126" tsid="20900" namespace="0x00460000" />
        <service id="0x1ee4" sid="7908" name="TV8 HD" type="25" provider="Digital Platform" onid="126" tsid="20900" namespace="0x00460000" />
      </transponder>
    </satellite>
    <satellite key="00460000:5208:007e" name="Sat-7E" namespace="0x00460000" position="7">
      <transponder key="00460000:5208:007e" frequency="10928000" symbol_rate="30000000" polarization="H" fec="4" system="0" modulation="0">
        <service id="0x1e82" sid="7810" name="24 HD" type="25" provider="Digital Platform" onid="126" tsid="21000" namespace="0x00460000" />
        <service id="0x1e85" sid="7813" name="Al Quran Al Kareem TV HD" type="25" provider="Digital Platform" onid="126" tsid="21000" namespace="0x00460000" />
        <service id="0x1e84" sid="7812" name="Al Sunnah Al Nabawiyah TV HD" type="25" provider="Digital Platform" onid="126" tsid="21000" namespace="0x00460000" />
        <service id="0x1e80" sid="7808" name="beIN HD" type="25" provider="Digital Platform" onid="126" tsid="21000" namespace="0x00460000" />
        <service id="0x1e81" sid="7809" name="BLOOMBERG HT HD" type="25" provider="Digital Platform" onid="126" tsid="21000" namespace="0x00460000" />
        <service id="0x1e79" sid="7801" name="DISCOVERY SCIENCE HD" type="25" provider="Digital Platform" onid="126" tsid="21000" namespace="0x00460000" />
        <service id="0x1e7c" sid="7804" name="NAT GEO PEOPLE HD" type="25" provider="Digital Platform" onid="126" tsid="21000" namespace="0x00460000" />
        <service id="0x1e7e" sid="7806" name="TEVE2 HD" type="25" provider="Digital Platform" onid="126" tsid="21000" namespace="0x00460000" />
      </transponder>
    </satellite>
    <satellite key="00460000:526c:007e" name="Sat-7E" namespace="0x00460000" position="7">
      <transponder key="00460000:526c:007e" frequency="10886000" symbol_rate="30000000" polarization="V" fec="4" system="0" modulation="0">
        <service id="0x00cb" sid="203" name="beIN GURME HD" type="25" provider="Digital Platform" onid="126" tsid="21100" namespace="0x00460000" />
        <service id="0x00cd" sid="205" name="beIN MOVIES PREMIERE HD" type="25" provider="Digital Platform" onid="126" tsid="21100" namespace="0x00460000" />
        <service id="0x00cc" sid="204" name="beIN MOVIES TURK HD" type="25" provider="Digital Platform" onid="126" tsid="21100" namespace="0x00460000" />
        <service id="0x00d2" sid="210" name="beIN SERIES VICE HD" type="25" provider="Digital Platform" onid="126" tsid="21100" namespace="0x00460000" />
        <service id="0x00ca" sid="202" name="beIN SPORTS HD 1" type="25" provider="Digital Platform" onid="126" tsid="21100" namespace="0x00460000" />
        <service id="0x00d0" sid="208" name="beIN SPORTS HD 3" type="25" provider="Digital Platform" onid="126" tsid="21100" namespace="0x00460000" />
        <service id="0x006d" sid="109" name="TARAFTAR 3 HD" type="25" provider="Digital Platform" onid="126" tsid="21100" namespace="0x00460000" />
        <service id="0x00de" sid="222" name="TARAFTAR HD" type="25" provider="Digital Platform" onid="126" tsid="21100" namespace="0x00460000" />
        <service id="0x00df" sid="223" name="TİCARİ beIN SPORTS HD 1" type="25" provider="Digital Platform" onid="126" tsid="21100" namespace="0x00460000" />
        <service id="0x006c" sid="108" name="TİCARİ beIN SPORTS HD 3" type="25" provider="Digital Platform" onid="126" tsid="21100" namespace="0x00460000" />
        <service id="0x00ce" sid="206" name="TRT WORLD HD" type="25" provider="Digital Platform" onid="126" tsid="21100" namespace="0x00460000" />
        <service id="0x011e" sid="286" name="TRT WORLD HD" type="25" provider="Digital Platform" onid="126" tsid="21100" namespace="0x00460000" />
      </transponder>
    </satellite>
    <satellite key="00460000:52d0:007e" name="Sat-7E" namespace="0x00460000" position="7">
      <transponder key="00460000:52d0:007e" frequency="10928000" symbol_rate="30000000" polarization="V" fec="4" system="0" modulation="0">
        <service id="0x206d" sid="8301" name="beIN H&amp;E HD" type="25" provider="Digital Platform" onid="126" tsid="21200" namespace="0x00460000" />
        <service id="0x20bd" sid="8381" name="beIN H&amp;E HD" type="25" provider="Digital Platform" onid="126" tsid="21200" namespace="0x00460000" />
        <service id="0x081f" sid="2079" name="beIN MOVIES ACTION HD" type="25" provider="Digital Platform" onid="126" tsid="21200" namespace="0x00460000" />
        <service id="0x206e" sid="8302" name="beIN MOVIES COMEDY HD" type="25" provider="Digital Platform" onid="126" tsid="21200" namespace="0x00460000" />
        <service id="0x081b" sid="2075" name="beIN MOVIES FESTIVAL HD" type="25" provider="Digital Platform" onid="126" tsid="21200" namespace="0x00460000" />
        <service id="0x081a" sid="2074" name="beIN MOVIES PREMIERE 2 HD" type="25" provider="Digital Platform" onid="126" tsid="21200" namespace="0x00460000" />
        <service id="0x0331" sid="817" name="beIN SERIES COMEDY HD" type="25" provider="Digital Platform" onid="126" tsid="21200" namespace="0x00460000" />
        <service id="0x081c" sid="2076" name="beIN SPORTS MAX HD 2" type="25" provider="Digital Platform" onid="126" tsid="21200" namespace="0x00460000" />
        <service id="0x207a" sid="8314" name="EKOTÜRK HD" type="25" provider="Digital Platform" onid="126" tsid="21200" namespace="0x00460000" />
        <service id="0x0332" sid="818" name="FB TV HD" type="25" provider="Digital Platform" onid="126" tsid="21200" namespace="0x00460000" />
      </transponder>
    </satellite>
    <satellite key="00460000:9efc:007e" name="Sat-7E" namespace="0x00460000" position="7">
      <transponder key="00460000:9efc:007e" frequency="11221000" symbol_rate="27500000" polarization="H" fec="3" system="0" modulation="0">
        <service id="0x065e" sid="1630" name="Andisheh TV" type="1" provider="" onid="126" tsid="40700" namespace="0x00460000" />
        <service id="0x064c" sid="1612" name="Erfan Halgheh" type="1" provider="" onid="126" tsid="40700" namespace="0x00460000" />
        <service id="0x029f" sid="671" name="IRAN INTERNATIONAL To Eutelsat" type="1" provider="ABS" onid="126" tsid="40700" namespace="0x00460000" />
        <service id="0x1af4" sid="6900" name="IRANEFARDA" type="1" provider="Eutelsat" onid="126" tsid="40700" namespace="0x00460000" />
        <service id="0x15ea" sid="5610" name="Kalemeh TV" type="1" provider="" onid="126" tsid="40700" namespace="0x00460000" />
        <service id="0x065a" sid="1626" name="Kanal Yek TV" type="1" provider="" onid="126" tsid="40700" namespace="0x00460000" />
        <service id="0x0288" sid="648" name="PTN" type="1" provider="" onid="126" tsid="40700" namespace="0x00460000" />
        <service id="0x066f" sid="1647" name="TFM Senegal" type="1" provider="Eutelsat" onid="126" tsid="40700" namespace="0x00460000" />
        <service id="0x067b" sid="1659" name="TPAI" type="1" provider="Eutelsat" onid="126" tsid="40700" namespace="0x00460000" />
        <service id="0x066d" sid="1645" name="MOOD MEDIA" type="2" provider="Eutelsat" onid="126" tsid="40700" namespace="0x00460000" radio="1" />
        <service id="0x066e" sid="1646" name="MOOD RADIO" type="2" provider="Eutelsat" onid="126" tsid="40700" namespace="0x00460000" radio="1" />
        <service id="0x15e0" sid="5600" name="PUBLIRAD" type="2" provider="Eutelsat" onid="126" tsid="40700" namespace="0x00460000" radio="1" />
        <service id="0x029e" sid="670" name="RFM Senegal" type="2" provider="Eutelsat" onid="126" tsid="40700" namespace="0x00460000" radio="1" />
      </transponder>
    </satellite>
    <satellite key="00460000:c3b4:007e" name="Sat-7E" namespace="0x00460000" position="7">
      <transponder key="00460000:c3b4:007e" frequency="11471000" symbol_rate="30000000" polarization="H" fec="4" system="0" modulation="0">
        <service id="0x1d6b" sid="7531" name="BEYAZ TV" type="1" provider="Digital Platform" onid="126" tsid="50100" namespace="0x00460000" />
        <service id="0x1d6c" sid="7532" name="BLOOMBERG HT" type="1" provider="Digital Platform" onid="126" tsid="50100" namespace="0x00460000" />
        <service id="0x1d69" sid="7529" name="BOOMERANG HD" type="25" provider="Digital Platform" onid="126" tsid="50100" namespace="0x00460000" />
        <service id="0x1d6d" sid="7533" name="HABER GLOBAL HD" type="25" provider="Digital Platform" onid="126" tsid="50100" namespace="0x00460000" />
      </transponder>
    </satellite>
    <satellite key="00460000:c418:007e" name="Sat-7E" namespace="0x00460000" position="7">
      <transponder key="00460000:c418:007e" frequency="11492000" symbol_rate="30000000" polarization="V" fec="4" system="0" modulation="0">
        <service id="0x010a" sid="266" name="360 HD" type="25" provider="Digital Platform" onid="126" tsid="50200" namespace="0x00460000" />
        <service id="0x060b" sid="1547" name="A NEWS" type="1" provider="Digital Platform" onid="126" tsid="50200" namespace="0x00460000" />
        <service id="0x060f" sid="1551" name="beIN BOX OFFICE HD 1" type="25" provider="Digital Platform" onid="126" tsid="50200" namespace="0x00460000" />
        <service id="0x0106" sid="262" name="beIN BOX OFFICE HD 2" type="25" provider="Digital Platform" onid="126" tsid="50200" namespace="0x00460000" />
        <service id="0x0107" sid="263" name="beIN BOX OFFICE HD 3" type="25" provider="Digital Platform" onid="126" tsid="50200" namespace="0x00460000" />
        <service id="0x025f" sid="607" name="EURO STAR" type="1" provider="Digital Platform" onid="126" tsid="50200" namespace="0x00460000" />
        <service id="0x0109" sid="265" name="NTV HD" type="25" provider="Digital Platform" onid="126" tsid="50200" namespace="0x00460000" />
        <service id="0x0104" sid="260" name="TGRT HABER" type="1" provider="Digital Platform" onid="126" tsid="50200" namespace="0x00460000" />
        <service id="0x060a" sid="1546" name="TRT ÇOCUK" type="1" provider="Digital Platform" onid="126" tsid="50200" namespace="0x00460000" />
        <service id="0x0105" sid="261" name="TVNET" type="1" provider="Digital Platform" onid="126" tsid="50200" namespace="0x00460000" />
        <service id="0x0108" sid="264" name="CNN TÜRK HD" type="25" provider="Digital Platform" onid="126" tsid="50200" namespace="0x00460000" />
      </transponder>
    </satellite>
    <satellite key="00460000:c47c:007e" name="Sat-7E" namespace="0x00460000" position="7">
      <transponder key="00460000:c47c:007e" frequency="11637000" symbol_rate="30000000" polarization="H" fec="4" system="0" modulation="0">
        <service id="0x026d" sid="621" name="A SPOR HD" type="25" provider="Digital Platform" onid="126" tsid="50300" namespace="0x00460000" />
        <service id="0x026e" sid="622" name="beIN SPORTS HD 2" type="25" provider="Digital Platform" onid="126" tsid="50300" namespace="0x00460000" />
        <service id="0x026a" sid="618" name="beIN SPORTS HD 4" type="25" provider="Digital Platform" onid="126" tsid="50300" namespace="0x00460000" />
        <service id="0x026b" sid="619" name="SHOW TV HD" type="25" provider="Digital Platform" onid="126" tsid="50300" namespace="0x00460000" />
        <service id="0x011a" sid="282" name="TARAFTAR 2 HD" type="25" provider="Digital Platform" onid="126" tsid="50300" namespace="0x00460000" />
        <service id="0x0074" sid="116" name="TİCARİ beIN SPORTS HD 2" type="25" provider="Digital Platform" onid="126" tsid="50300" namespace="0x00460000" />
        <service id="0x027e" sid="638" name="TİCARİ beIN SPORTS HD 4" type="25" provider="Digital Platform" onid="126" tsid="50300" namespace="0x00460000" />
        <service id="0x026f" sid="623" name="TRT SPOR HD" type="25" provider="Digital Platform" onid="126" tsid="50300" namespace="0x00460000" />
        <service id="0x02b5" sid="693" name="TRT SPOR HD" type="25" provider="Digital Platform" onid="126" tsid="50300" namespace="0x00460000" />
        <service id="0x026c" sid="620" name="TRT1 HD" type="25" provider="Digital Platform" onid="126" tsid="50300" namespace="0x00460000" />
        <service id="0x02b2" sid="690" name="TRT1 HD" type="25" provider="Digital Platform" onid="126" tsid="50300" namespace="0x00460000" />
      </transponder>
    </satellite>
    <satellite key="00460000:c4e0:007e" name="Sat-7E" namespace="0x00460000" position="7">
      <transponder key="00460000:c4e0:007e" frequency="11533000" symbol_rate="30000000" polarization="V" fec="4" system="0" modulation="0">
        <service id="0x06df" sid="1759" name="BABY FIRST" type="1" provider="Digital Platform" onid="126" tsid="50400" namespace="0x00460000" />
        <service id="0x06ce" sid="1742" name="BABY TV" type="1" provider="Digital Platform" onid="126" tsid="50400" namespace="0x00460000" />
        <service id="0x06e9" sid="1769" name="BBC WORLD NEWS HD" type="25" provider="Digital Platform" onid="126" tsid="50400" namespace="0x00460000" />
        <service id="0x06e3" sid="1763" name="beIN SPORTS MAX HD 1" type="25" provider="Digital Platform" onid="126" tsid="50400" namespace="0x00460000" />
        <service id="0x06e6" sid="1766" name="CARTOON NETWORK" type="1" provider="Digital Platform" onid="126" tsid="50400" namespace="0x00460000" />
        <service id="0x06cf" sid="1743" name="DISNEY JUNIOR" type="1" provider="Digital Platform" onid="126" tsid="50400" namespace="0x00460000" />
        <service id="0x06ea" sid="1770" name="EKOTÜRK" type="1" provider="Digital Platform" onid="126" tsid="50400" namespace="0x00460000" />
        <service id="0x06e2" sid="1762" name="ID HD" type="25" provider="Digital Platform" onid="126" tsid="50400" namespace="0x00460000" />
        <service id="0x06da" sid="1754" name="İDMAN AZERBAYCAN" type="1" provider="Digital Platform" onid="126" tsid="50400" namespace="0x00460000" />
        <service id="0x06d0" sid="1744" name="LIFETIME" type="1" provider="Digital Platform" onid="126" tsid="50400" namespace="0x00460000" />
        <service id="0x06dd" sid="1757" name="MTV Hits" type="1" provider="Digital Platform" onid="126" tsid="50400" namespace="0x00460000" />
        <service id="0x06de" sid="1758" name="NICK JR." type="1" provider="Digital Platform" onid="126" tsid="50400" namespace="0x00460000" />
        <service id="0x06d2" sid="1746" name="STAR" type="1" provider="Digital Platform" onid="126" tsid="50400" namespace="0x00460000" />
        <service id="0x06d1" sid="1745" name="TRT1" type="1" provider="Digital Platform" onid="126" tsid="50400" namespace="0x00460000" />
      </transponder>
    </satellite>
    <satellite key="00460000:c544:007e" name="Sat-7E" namespace="0x00460000" position="7">
      <transponder key="00460000:c544:007e" frequency="11554000" symbol_rate="30000000" polarization="H" fec="4" system="0" modulation="0">
        <service id="0x1de5" sid="7653" name="360" type="1" provider="Digital Platform" onid="126" tsid="50500" namespace="0x00460000" />
        <service id="0x1de3" sid="7651" name="A HABER" type="1" provider="Digital Platform" onid="126" tsid="50500" namespace="0x00460000" />
        <service id="0x1de7" sid="7655" name="A2" type="1" provider="Digital Platform" onid="126" tsid="50500" namespace="0x00460000" />
        <service id="0x1ded" sid="7661" name="ANIMAL PLANET HD" type="25" provider="Digital Platform" onid="126" tsid="50500" namespace="0x00460000" />
        <service id="0x1de2" sid="7650" name="ATV" type="1" provider="Digital Platform" onid="126" tsid="50500" namespace="0x00460000" />
        <service id="0x1dec" sid="7660" name="DISNEY CHANNEL" type="1" provider="Digital Platform" onid="126" tsid="50500" namespace="0x00460000" />
        <service id="0x1ddf" sid="7647" name="GS TV HD" type="25" provider="Digital Platform" onid="126" tsid="50500" namespace="0x00460000" />
        <service id="0x1de6" sid="7654" name="KANAL 7" type="1" provider="Digital Platform" onid="126" tsid="50500" namespace="0x00460000" />
        <service id="0x1de1" sid="7649" name="NTV" type="1" provider="Digital Platform" onid="126" tsid="50500" namespace="0x00460000" />
        <service id="0x1de9" sid="7657" name="TLC" type="1" provider="Digital Platform" onid="126" tsid="50500" namespace="0x00460000" />
        <service id="0x1de4" sid="7652" name="TV8" type="1" provider="Digital Platform" onid="126" tsid="50500" namespace="0x00460000" />
        <service id="0x1de0" sid="7648" name="CNN TÜRK" type="1" provider="Digital Platform" onid="126" tsid="50500" namespace="0x00460000" />
      </transponder>
    </satellite>
    <satellite key="00460000:c5a8:007e" name="Sat-7E" namespace="0x00460000" position="7">
      <transponder key="00460000:c5a8:007e" frequency="11575000" symbol_rate="30000000" polarization="V" fec="3" system="0" modulation="0">
        <service id="0x090a" sid="2314" name="24" type="1" provider="Digital Platform" onid="126" tsid="50600" namespace="0x00460000" />
        <service id="0x092e" sid="2350" name="BLOOMBERG" type="1" provider="Digital Platform" onid="126" tsid="50600" namespace="0x00460000" />
        <service id="0x038c" sid="908" name="DISNEY XD" type="1" provider="Digital Platform" onid="126" tsid="50600" namespace="0x00460000" />
        <service id="0x090d" sid="2317" name="FB TV" type="1" provider="Digital Platform" onid="126" tsid="50600" namespace="0x00460000" />
        <service id="0x0180" sid="384" name="FOX" type="1" provider="Digital Platform" onid="126" tsid="50600" namespace="0x00460000" />
        <service id="0x038d" sid="909" name="HABERTÜRK" type="1" provider="Digital Platform" onid="126" tsid="50600" namespace="0x00460000" />
        <service id="0x091a" sid="2330" name="HALK TV" type="1" provider="Digital Platform" onid="126" tsid="50600" namespace="0x00460000" />
        <service id="0x095b" sid="2395" name="IGUIDE-R" type="1" provider="Digital Platform" onid="126" tsid="50600" namespace="0x00460000" />
        <service id="0x090e" sid="2318" name="TEVE2" type="1" provider="Digital Platform" onid="126" tsid="50600" namespace="0x00460000" />
        <service id="0x090c" sid="2316" name="TV8.5" type="1" provider="Digital Platform" onid="126" tsid="50600" namespace="0x00460000" />
        <service id="0x08fe" sid="2302" name="KANAL D" type="1" provider="Digital Platform" onid="126" tsid="50600" namespace="0x00460000" />
        <service id="0x08fd" sid="2301" name="SHOW TV" type="1" provider="Digital Platform" onid="126" tsid="50600" namespace="0x00460000" />
        <service id="0x090b" sid="2315" name="ÜLKE TV" type="1" provider="Digital Platform" onid="126" tsid="50600" namespace="0x00460000" />
      </transponder>
    </satellite>
    <satellite key="00460000:c60c:007e" name="Sat-7E" namespace="0x00460000" position="7">
      <transponder key="00460000:c60c:007e" frequency="11595000" symbol_rate="30000000" polarization="H" fec="4" system="0" modulation="0">
        <service id="0x031a" sid="794" name="A PARA" type="1" provider="Digital Platform" onid="126" tsid="50700" namespace="0x00460000" />
        <service id="0x0317" sid="791" name="BBC ENT" type="1" provider="Digital Platform" onid="126" tsid="50700" namespace="0x00460000" />
        <service id="0x078b" sid="1931" name="CNN INT HD" type="25" provider="Digital Platform" onid="126" tsid="50700" namespace="0x00460000" />
        <service id="0x0319" sid="793" name="EURO D" type="1" provider="Digital Platform" onid="126" tsid="50700" namespace="0x00460000" />
        <service id="0x192c" sid="6444" name="EURONEWS" type="1" provider="Digital Platform" onid="126" tsid="50700" namespace="0x00460000" />
        <service id="0x0316" sid="790" name="EXTREME SPORTS" type="1" provider="Digital Platform" onid="126" tsid="50700" namespace="0x00460000" />
        <service id="0x031b" sid="795" name="HABER GLOBAL" type="1" provider="Digital Platform" onid="126" tsid="50700" namespace="0x00460000" />
        <service id="0x078e" sid="1934" name="MEZZO HD" type="25" provider="Digital Platform" onid="126" tsid="50700" namespace="0x00460000" />
        <service id="0x0318" sid="792" name="MİNİKAGO" type="1" provider="Digital Platform" onid="126" tsid="50700" namespace="0x00460000" />
        <service id="0x193e" sid="6462" name="NICKELODEON" type="1" provider="Digital Platform" onid="126" tsid="50700" namespace="0x00460000" />
        <service id="0x192f" sid="6447" name="PRO 7" type="1" provider="Digital Platform" onid="126" tsid="50700" namespace="0x00460000" />
        <service id="0x0315" sid="789" name="RAI 1" type="1" provider="Digital Platform" onid="126" tsid="50700" namespace="0x00460000" />
        <service id="0x192b" sid="6443" name="RTR PLANETA" type="1" provider="Digital Platform" onid="126" tsid="50700" namespace="0x00460000" />
        <service id="0x192e" sid="6446" name="TV5 MONDE EUROPE" type="1" provider="Digital Platform" onid="126" tsid="50700" namespace="0x00460000" />
        <service id="0x078f" sid="1935" name="VH1" type="1" provider="Digital Platform" onid="126" tsid="50700" namespace="0x00460000" />
      </transponder>
    </satellite>
    <satellite key="00460000:c6d4:007e" name="Sat-7E" namespace="0x00460000" position="7">
      <transponder key="00460000:c6d4:007e" frequency="11513000" symbol_rate="29900000" polarization="H" fec="4" system="0" modulation="0">
        <service id="0x14ba" sid="5306" name="BBC HD" type="25" provider="Digital Platform" onid="126" tsid="50900" namespace="0x00460000" />
        <service id="0x14b6" sid="5302" name="beIN MOVIES ACTION 2 HD" type="25" provider="Digital Platform" onid="126" tsid="50900" namespace="0x00460000" />
        <service id="0x14b5" sid="5301" name="DIGITURK 4K" type="31" provider="Digital Platform" onid="126" tsid="50900" namespace="0x00460000" />
        <service id="0x14b9" sid="5305" name="DISCOVERY SHOWCASE HD" type="25" provider="Digital Platform" onid="126" tsid="50900" namespace="0x00460000" />
      </transponder>
    </satellite>
    <satellite key="00460000:c738:007e" name="Sat-7E" namespace="0x00460000" position="7">
      <transponder key="00460000:c738:007e" frequency="11616000" symbol_rate="30000000" polarization="V" fec="4" system="0" modulation="0">
        <service id="0x1c8d" sid="7309" name="A PARA HD" type="25" provider="Digital Platform" onid="126" tsid="51000" namespace="0x00460000" />
        <service id="0x1c85" sid="7301" name="BBC CBeebies HD" type="25" provider="Digital Platform" onid="126" tsid="51000" namespace="0x00460000" />
        <service id="0x1c86" sid="7302" name="BBC EARTH HD" type="25" provider="Digital Platform" onid="126" tsid="51000" namespace="0x00460000" />
        <service id="0x1c89" sid="7305" name="FASHION TV HD" type="25" provider="Digital Platform" onid="126" tsid="51000" namespace="0x00460000" />
        <service id="0x1c8b" sid="7307" name="HABERTÜRK HD" type="25" provider="Digital Platform" onid="126" tsid="51000" namespace="0x00460000" />
        <service id="0x1c88" sid="7304" name="MCM TOP HD" type="25" provider="Digital Platform" onid="126" tsid="51000" namespace="0x00460000" />
        <service id="0x1c8c" sid="7308" name="NAT GEO HD" type="25" provider="Digital Platform" onid="126" tsid="51000" namespace="0x00460000" />
        <service id="0x1c8a" sid="7306" name="TJK TV HD" type="25" provider="Digital Platform" onid="126" tsid="51000" namespace="0x00460000" />
        <service id="0x1c87" sid="7303" name="TVNET HD" type="25" provider="Digital Platform" onid="126" tsid="51000" namespace="0x00460000" />
      </transponder>
    </satellite>
    <satellite key="0046310c:0016:0001" name="Sat-7E" namespace="0x0046310c" position="7">
      <transponder key="0046310c:0016:0001" frequency="12556000" symbol_rate="4035000" polarization="V" fec="4" system="0" modulation="0">
        <service id="0x0001" sid="1" name="FOX SPORT EUROPE" type="1" provider="MX1" onid="1" tsid="22" namespace="0x0046310c" />
      </transponder>
    </satellite>
  </satellites>
</zapit>
