<?xml version='1.0' encoding='utf-8'?>
<zapit>
  <bouquet name="General" category="tv">
    <channel service_ref="1:0:1:0008:303e:217c:eeee0000:0:0:0:" name="RADIO FREJUS" service_name="RADIO FREJUS" provider="TELECUPOLE" sid="8" onid="8572" tsid="12350" />
    <channel service_ref="1:0:1:000c:303e:217c:eeee0000:0:0:0:" name="RADIO G.R.P." service_name="RADIO G.R.P." provider="TELECUPOLE" sid="12" onid="8572" tsid="12350" />
    <channel service_ref="1:0:1:0007:303e:217c:eeee0000:0:0:0:" name="RADIO MATER" service_name="RADIO MATER" provider="TELECUPOLE" sid="7" onid="8572" tsid="12350" />
    <channel service_ref="1:0:1:0006:303e:217c:eeee0000:0:0:0:" name="RETE 7" service_name="RETE 7" provider="TELECUPOLE" sid="6" onid="8572" tsid="12350" />
    <channel service_ref="1:0:1:0001:303e:217c:eeee0000:0:0:0:" name="Telecupole" service_name="Telecupole" provider="TELECUPOLE" sid="1" onid="8572" tsid="12350" />
    <channel service_ref="1:0:1:0002:303e:217c:eeee0000:0:0:0:" name="Telecupole Music" service_name="Telecupole Music" provider="TELECUPOLE" sid="2" onid="8572" tsid="12350" />
    <channel service_ref="1:0:1:0004:303e:217c:eeee0000:0:0:0:" name="Telecupole Story" service_name="Telecupole Story" provider="TELECUPOLE" sid="4" onid="8572" tsid="12350" />
  </bouquet>
  <bouquet name="Music" category="tv">
    <channel service_ref="1:0:1:0002:303e:217c:eeee0000:0:0:0:" name="Telecupole Music" service_name="Telecupole Music" provider="TELECUPOLE" sid="2" onid="8572" tsid="12350" />
  </bouquet>
  <bouquet name="Switzerland" category="tv">
    <channel service_ref="1:0:1:0008:303e:217c:eeee0000:0:0:0:" name="RADIO FREJUS" service_name="RADIO FREJUS" provider="TELECUPOLE" sid="8" onid="8572" tsid="12350" />
    <channel service_ref="1:0:1:000c:303e:217c:eeee0000:0:0:0:" name="RADIO G.R.P." service_name="RADIO G.R.P." provider="TELECUPOLE" sid="12" onid="8572" tsid="12350" />
    <channel service_ref="1:0:1:0007:303e:217c:eeee0000:0:0:0:" name="RADIO MATER" service_name="RADIO MATER" provider="TELECUPOLE" sid="7" onid="8572" tsid="12350" />
    <channel service_ref="1:0:1:0006:303e:217c:eeee0000:0:0:0:" name="RETE 7" service_name="RETE 7" provider="TELECUPOLE" sid="6" onid="8572" tsid="12350" />
    <channel service_ref="1:0:1:0001:303e:217c:eeee0000:0:0:0:" name="Telecupole" service_name="Telecupole" provider="TELECUPOLE" sid="1" onid="8572" tsid="12350" />
    <channel service_ref="1:0:1:0004:303e:217c:eeee0000:0:0:0:" name="Telecupole Story" service_name="Telecupole Story" provider="TELECUPOLE" sid="4" onid="8572" tsid="12350" />
  </bouquet>
  <bouquet name="Digitale Terrestre" category="tv">
    <channel service_ref="1:0:1:8:303e:217c:eeee0000:0:0:0:" name="RADIO FREJUS" service_name="RADIO FREJUS" provider="TELECUPOLE" sid="8" onid="8572" tsid="12350" />
    <channel service_ref="1:0:1:1:303e:217c:eeee0000:0:0:0:" name="Telecupole" service_name="Telecupole" provider="TELECUPOLE" sid="1" onid="8572" tsid="12350" />
    <channel service_ref="1:0:1:2:303e:217c:eeee0000:0:0:0:" name="Telecupole Music" service_name="Telecupole Music" provider="TELECUPOLE" sid="2" onid="8572" tsid="12350" />
    <channel service_ref="1:0:1:4:303e:217c:eeee0000:0:0:0:" name="Telecupole Story" service_name="Telecupole Story" provider="TELECUPOLE" sid="4" onid="8572" tsid="12350" />
    <channel service_ref="1:0:1:6:303e:217c:eeee0000:0:0:0:" name="RETE 7" service_name="RETE 7" provider="TELECUPOLE" sid="6" onid="8572" tsid="12350" />
    <channel service_ref="1:0:1:c:303e:217c:eeee0000:0:0:0:" name="RADIO G.R.P." service_name="RADIO G.R.P." provider="TELECUPOLE" sid="12" onid="8572" tsid="12350" />
    <channel service_ref="1:0:1:7:303e:217c:eeee0000:0:0:0:" name="RADIO MATER" service_name="RADIO MATER" provider="TELECUPOLE" sid="7" onid="8572" tsid="12350" />
  </bouquet>
  <bouquet name="Digitale Terrestre" category="tv">
    <channel service_ref="1:0:1:8:303e:217c:eeee0000:0:0:0:" name="RADIO FREJUS" service_name="RADIO FREJUS" provider="TELECUPOLE" sid="8" onid="8572" tsid="12350" />
    <channel service_ref="1:0:1:1:303e:217c:eeee0000:0:0:0:" name="Telecupole" service_name="Telecupole" provider="TELECUPOLE" sid="1" onid="8572" tsid="12350" />
    <channel service_ref="1:0:1:4:303e:217c:eeee0000:0:0:0:" name="Telecupole Story" service_name="Telecupole Story" provider="TELECUPOLE" sid="4" onid="8572" tsid="12350" />
    <channel service_ref="1:0:1:2:303e:217c:eeee0000:0:0:0:" name="Telecupole Music" service_name="Telecupole Music" provider="TELECUPOLE" sid="2" onid="8572" tsid="12350" />
    <channel service_ref="1:0:1:6:303e:217c:eeee0000:0:0:0:" name="RETE 7" service_name="RETE 7" provider="TELECUPOLE" sid="6" onid="8572" tsid="12350" />
    <channel service_ref="1:0:1:c:303e:217c:eeee0000:0:0:0:" name="RADIO G.R.P." service_name="RADIO G.R.P." provider="TELECUPOLE" sid="12" onid="8572" tsid="12350" />
    <channel service_ref="1:0:1:7:303e:217c:eeee0000:0:0:0:" name="RADIO MATER" service_name="RADIO MATER" provider="TELECUPOLE" sid="7" onid="8572" tsid="12350" />
  </bouquet>
  <bouquet name="Digitale Terrestre                         by Gerry" category="tv">
    <channel service_ref="1:0:1:8:303e:217c:eeee0000:0:0:0:" name="RADIO FREJUS" service_name="RADIO FREJUS" provider="TELECUPOLE" sid="8" onid="8572" tsid="12350" />
    <channel service_ref="1:0:1:1:303e:217c:eeee0000:0:0:0:" name="Telecupole" service_name="Telecupole" provider="TELECUPOLE" sid="1" onid="8572" tsid="12350" />
    <channel service_ref="1:0:1:2:303e:217c:eeee0000:0:0:0:" name="Telecupole Music" service_name="Telecupole Music" provider="TELECUPOLE" sid="2" onid="8572" tsid="12350" />
    <channel service_ref="1:0:1:4:303e:217c:eeee0000:0:0:0:" name="Telecupole Story" service_name="Telecupole Story" provider="TELECUPOLE" sid="4" onid="8572" tsid="12350" />
    <channel service_ref="1:0:1:6:303e:217c:eeee0000:0:0:0:" name="RETE 7" service_name="RETE 7" provider="TELECUPOLE" sid="6" onid="8572" tsid="12350" />
    <channel service_ref="1:0:1:c:303e:217c:eeee0000:0:0:0:" name="RADIO G.R.P." service_name="RADIO G.R.P." provider="TELECUPOLE" sid="12" onid="8572" tsid="12350" />
    <channel service_ref="1:0:1:7:303e:217c:eeee0000:0:0:0:" name="RADIO MATER" service_name="RADIO MATER" provider="TELECUPOLE" sid="7" onid="8572" tsid="12350" />
  </bouquet>
  <bouquet name="Digitale Terrestre                  by Gerry" category="tv">
    <channel service_ref="1:0:1:8:303e:217c:eeee0000:0:0:0:" name="RADIO FREJUS" service_name="RADIO FREJUS" provider="TELECUPOLE" sid="8" onid="8572" tsid="12350" />
    <channel service_ref="1:0:1:1:303e:217c:eeee0000:0:0:0:" name="Telecupole" service_name="Telecupole" provider="TELECUPOLE" sid="1" onid="8572" tsid="12350" />
    <channel service_ref="1:0:1:2:303e:217c:eeee0000:0:0:0:" name="Telecupole Music" service_name="Telecupole Music" provider="TELECUPOLE" sid="2" onid="8572" tsid="12350" />
    <channel service_ref="1:0:1:4:303e:217c:eeee0000:0:0:0:" name="Telecupole Story" service_name="Telecupole Story" provider="TELECUPOLE" sid="4" onid="8572" tsid="12350" />
    <channel service_ref="1:0:1:6:303e:217c:eeee0000:0:0:0:" name="RETE 7" service_name="RETE 7" provider="TELECUPOLE" sid="6" onid="8572" tsid="12350" />
    <channel service_ref="1:0:1:c:303e:217c:eeee0000:0:0:0:" name="RADIO G.R.P." service_name="RADIO G.R.P." provider="TELECUPOLE" sid="12" onid="8572" tsid="12350" />
    <channel service_ref="1:0:1:7:303e:217c:eeee0000:0:0:0:" name="RADIO MATER" service_name="RADIO MATER" provider="TELECUPOLE" sid="7" onid="8572" tsid="12350" />
  </bouquet>
  <bouquet name="Digitale Terrestre                  By Gerry" category="tv">
    <channel service_ref="1:0:1:8:303e:217c:eeee0000:0:0:0:" name="RADIO FREJUS" service_name="RADIO FREJUS" provider="TELECUPOLE" sid="8" onid="8572" tsid="12350" />
    <channel service_ref="1:0:1:1:303e:217c:eeee0000:0:0:0:" name="Telecupole" service_name="Telecupole" provider="TELECUPOLE" sid="1" onid="8572" tsid="12350" />
    <channel service_ref="1:0:1:2:303e:217c:eeee0000:0:0:0:" name="Telecupole Music" service_name="Telecupole Music" provider="TELECUPOLE" sid="2" onid="8572" tsid="12350" />
    <channel service_ref="1:0:1:4:303e:217c:eeee0000:0:0:0:" name="Telecupole Story" service_name="Telecupole Story" provider="TELECUPOLE" sid="4" onid="8572" tsid="12350" />
    <channel service_ref="1:0:1:6:303e:217c:eeee0000:0:0:0:" name="RETE 7" service_name="RETE 7" provider="TELECUPOLE" sid="6" onid="8572" tsid="12350" />
    <channel service_ref="1:0:1:c:303e:217c:eeee0000:0:0:0:" name="RADIO G.R.P." service_name="RADIO G.R.P." provider="TELECUPOLE" sid="12" onid="8572" tsid="12350" />
    <channel service_ref="1:0:1:7:303e:217c:eeee0000:0:0:0:" name="RADIO MATER" service_name="RADIO MATER" provider="TELECUPOLE" sid="7" onid="8572" tsid="12350" />
  </bouquet>
  <bouquet name="Digitale Terrestre             by Gerry" category="tv">
    <channel service_ref="1:0:1:1:303e:217c:eeee0000:0:0:0:" name="Telecupole" service_name="Telecupole" provider="TELECUPOLE" sid="1" onid="8572" tsid="12350" />
    <channel service_ref="1:0:1:2:303e:217c:eeee0000:0:0:0:" name="Telecupole Music" service_name="Telecupole Music" provider="TELECUPOLE" sid="2" onid="8572" tsid="12350" />
    <channel service_ref="1:0:1:4:303e:217c:eeee0000:0:0:0:" name="Telecupole Story" service_name="Telecupole Story" provider="TELECUPOLE" sid="4" onid="8572" tsid="12350" />
    <channel service_ref="1:0:1:6:303e:217c:eeee0000:0:0:0:" name="RETE 7" service_name="RETE 7" provider="TELECUPOLE" sid="6" onid="8572" tsid="12350" />
    <channel service_ref="1:0:1:c:303e:217c:eeee0000:0:0:0:" name="RADIO G.R.P." service_name="RADIO G.R.P." provider="TELECUPOLE" sid="12" onid="8572" tsid="12350" />
    <channel service_ref="1:0:1:7:303e:217c:eeee0000:0:0:0:" name="RADIO MATER" service_name="RADIO MATER" provider="TELECUPOLE" sid="7" onid="8572" tsid="12350" />
  </bouquet>
  <bouquet name="Digitale Terrestre" category="tv">
    <channel service_ref="1:0:1:1:303e:217c:eeee0000:0:0:0:" name="Telecupole" service_name="Telecupole" provider="TELECUPOLE" sid="1" onid="8572" tsid="12350" />
    <channel service_ref="1:0:1:2:303e:217c:eeee0000:0:0:0:" name="Telecupole Music" service_name="Telecupole Music" provider="TELECUPOLE" sid="2" onid="8572" tsid="12350" />
    <channel service_ref="1:0:1:4:303e:217c:eeee0000:0:0:0:" name="Telecupole Story" service_name="Telecupole Story" provider="TELECUPOLE" sid="4" onid="8572" tsid="12350" />
    <channel service_ref="1:0:1:6:303e:217c:eeee0000:0:0:0:" name="RETE 7" service_name="RETE 7" provider="TELECUPOLE" sid="6" onid="8572" tsid="12350" />
    <channel service_ref="1:0:1:7:303e:217c:eeee0000:0:0:0:" name="RADIO MATER" service_name="RADIO MATER" provider="TELECUPOLE" sid="7" onid="8572" tsid="12350" />
    <channel service_ref="1:0:1:c:303e:217c:eeee0000:0:0:0:" name="RADIO G.R.P." service_name="RADIO G.R.P." provider="TELECUPOLE" sid="12" onid="8572" tsid="12350" />
  </bouquet>
</zapit>
