<?xml version='1.0' encoding='utf-8'?>
<zapit api="4">
  <satellites>
    <satellite key="0ce40000:0001:0031" name="Sat-30W" namespace="0x0ce40000" position="-30">
      <transponder key="0ce40000:0001:0031" frequency="12380000" symbol_rate="27500000" polarization="V" fec="3" system="0" modulation="0">
        <service id="0x0021" sid="33" name="BeIn LaLiga" type="1" provider="Movistar+ (Hispasat)" onid="49" tsid="1" namespace="0x0ce40000" />
        <service id="0x0bc1" sid="3009" name="BeIn LaLiga" type="1" provider="Movistar+ (Hispasat)" onid="49" tsid="1" namespace="0x0ce40000" />
        <service id="0x000e" sid="14" name="Calle 13" type="1" provider="Movistar+ (Hispasat)" onid="49" tsid="1" namespace="0x0ce40000" />
        <service id="0x0017" sid="23" name="Canal+ Deportes" type="1" provider="Movistar+ (Hispasat)" onid="49" tsid="1" namespace="0x0ce40000" />
        <service id="0x001b" sid="27" name="Canal+ Fútbol" type="1" provider="Movistar+ (Hispasat)" onid="49" tsid="1" namespace="0x0ce40000" />
        <service id="0x0019" sid="25" name="Canal+ Golf" type="1" provider="Movistar+ (Hispasat)" onid="49" tsid="1" namespace="0x0ce40000" />
        <service id="0x001a" sid="26" name="Decasa TV" type="1" provider="Movistar+ (Hispasat)" onid="49" tsid="1" namespace="0x0ce40000" />
        <service id="0x0015" sid="21" name="LALIGATV BAR" type="1" provider="Movistar+ (Hispasat)" onid="49" tsid="1" namespace="0x0ce40000" />
        <service id="0x001f" sid="31" name="National Geographic Spain" type="1" provider="Movistar+ (Hispasat)" onid="49" tsid="1" namespace="0x0ce40000" />
        <service id="0x001e" sid="30" name="Odisea" type="1" provider="Movistar+ (Hispasat)" onid="49" tsid="1" namespace="0x0ce40000" />
        <service id="0x003f" sid="63" name="Playboy TV" type="1" provider="Movistar+ (Hispasat)" onid="49" tsid="1" namespace="0x0ce40000" />
        <service id="0x03e7" sid="999" name="PORTADA" type="1" provider="Digital+" onid="49" tsid="1" namespace="0x0ce40000" />
        <service id="0x03e8" sid="1000" name="PORTADA" type="1" provider="Movistar+ (Hispasat)" onid="49" tsid="1" namespace="0x0ce40000" />
        <service id="0x04af" sid="1199" name="PORTADA" type="1" provider="DIGITAL+" onid="49" tsid="1" namespace="0x0ce40000" />
        <service id="0x000d" sid="13" name="SyFy Universal Spain" type="1" provider="Movistar+ (Hispasat)" onid="49" tsid="1" namespace="0x0ce40000" />
      </transponder>
    </satellite>
    <satellite key="0ce40000:0002:0031" name="Sat-30W" namespace="0x0ce40000" position="-30">
      <transponder key="0ce40000:0002:0031" frequency="11851000" symbol_rate="27500000" polarization="V" fec="3" system="0" modulation="0">
        <service id="0x0bcb" sid="3019" name="AMC Spain" type="1" provider="Movistar+ (Hispasat)" onid="49" tsid="2" namespace="0x0ce40000" />
        <service id="0x0013" sid="19" name="Canal Cocina" type="1" provider="Movistar+ (Hispasat)" onid="49" tsid="2" namespace="0x0ce40000" />
        <service id="0x0001" sid="1" name="Canal+ Estrenos" type="1" provider="Movistar+ (Hispasat)" onid="49" tsid="2" namespace="0x0ce40000" />
        <service id="0x0002" sid="2" name="Canal+ Series Xtra" type="1" provider="Movistar+ (Hispasat)" onid="49" tsid="2" namespace="0x0ce40000" />
        <service id="0x000b" sid="11" name="Comedy Central Spain" type="1" provider="Movistar+ (Hispasat)" onid="49" tsid="2" namespace="0x0ce40000" />
        <service id="0x002e" sid="46" name="Disney Channel Spain" type="1" provider="Movistar+ (Hispasat)" onid="49" tsid="2" namespace="0x0ce40000" />
        <service id="0x0020" sid="32" name="Los 40" type="1" provider="Movistar+ (Hispasat)" onid="49" tsid="2" namespace="0x0ce40000" />
        <service id="0x0027" sid="39" name="RADIOS" type="1" provider="DIGITAL+" onid="49" tsid="2" namespace="0x0ce40000" />
        <service id="0x002d" sid="45" name="TCM Spain" type="1" provider="Movistar+ (Hispasat)" onid="49" tsid="2" namespace="0x0ce40000" />
        <service id="0x003c" sid="60" name="Teledeporte" type="1" provider="Movistar+ (Hispasat)" onid="49" tsid="2" namespace="0x0ce40000" />
        <service id="0x0010" sid="16" name="Viajar" type="1" provider="Movistar+ (Hispasat)" onid="49" tsid="2" namespace="0x0ce40000" />
      </transponder>
    </satellite>
    <satellite key="0ce40000:0003:0031" name="Sat-30W" namespace="0x0ce40000" position="-30">
      <transponder key="0ce40000:0003:0031" frequency="11771000" symbol_rate="27500000" polarization="V" fec="3" system="0" modulation="0">
        <service id="0x03f4" sid="1012" name="" type="1" provider="DIGITAL+" onid="49" tsid="3" namespace="0x0ce40000" />
        <service id="0x002b" sid="43" name="BBC World News" type="1" provider="Movistar+ (Hispasat)" onid="49" tsid="3" namespace="0x0ce40000" />
        <service id="0x0022" sid="34" name="MTV Rocks" type="1" provider="Movistar+ (Hispasat)" onid="49" tsid="3" namespace="0x0ce40000" />
      </transponder>
    </satellite>
    <satellite key="0ce40000:0004:0031" name="Sat-30W" namespace="0x0ce40000" position="-30">
      <transponder key="0ce40000:0004:0031" frequency="11891000" symbol_rate="30000000" polarization="V" fec="4" system="0" modulation="0">
        <service id="0x03ef" sid="1007" name="" type="1" provider="DIGITAL +" onid="49" tsid="4" namespace="0x0ce40000" />
        <service id="0x0bbf" sid="3007" name="#0" type="1" provider="Movistar+ (Hispasat)" onid="49" tsid="4" namespace="0x0ce40000" />
        <service id="0x000a" sid="10" name="AXN Spain" type="1" provider="Movistar+ (Hispasat)" onid="49" tsid="4" namespace="0x0ce40000" />
        <service id="0x001c" sid="28" name="Canal Iberalia" type="1" provider="Movistar+ (Hispasat)" onid="49" tsid="4" namespace="0x0ce40000" />
        <service id="0x002f" sid="47" name="Disney Junior Spain" type="1" provider="Movistar+ (Hispasat)" onid="49" tsid="4" namespace="0x0ce40000" />
        <service id="0x001b" sid="27" name="FOX Life Spain" type="1" provider="Movistar+ (Hispasat)" onid="49" tsid="4" namespace="0x0ce40000" />
        <service id="0x000f" sid="15" name="Fox Spain" type="1" provider="Movistar+ (Hispasat)" onid="49" tsid="4" namespace="0x0ce40000" />
        <service id="0x01d8" sid="472" name="GUÍA FÁCIL" type="1" provider="PRISA TV" onid="49" tsid="4" namespace="0x0ce40000" />
        <service id="0x001d" sid="29" name="M. ACCIÓN" type="1" provider="Movistar+ (Hispasat)" onid="49" tsid="4" namespace="0x0ce40000" />
        <service id="0x002a" sid="42" name="M. COMEDIA" type="1" provider="Movistar+ (Hispasat)" onid="49" tsid="4" namespace="0x0ce40000" />
        <service id="0x002b" sid="43" name="M. DCINE" type="1" provider="Movistar+ (Hispasat)" onid="49" tsid="4" namespace="0x0ce40000" />
        <service id="0x005f" sid="95" name="Nova" type="1" provider="Movistar+ (Hispasat)" onid="49" tsid="4" namespace="0x0ce40000" />
        <service id="0x03e9" sid="1001" name="Paquetes" type="1" provider="Movistar+ (Hispasat)" onid="49" tsid="4" namespace="0x0ce40000" />
      </transponder>
    </satellite>
    <satellite key="0ce40000:0005:0031" name="Sat-30W" namespace="0x0ce40000" position="-30">
      <transponder key="0ce40000:0005:0031" frequency="12226000" symbol_rate="27500000" polarization="V" fec="3" system="0" modulation="0">
        <service id="0x004d" sid="77" name="Baby TV" type="1" provider="Movistar+ (Hispasat)" onid="49" tsid="5" namespace="0x0ce40000" />
        <service id="0x003f" sid="63" name="Barça TV" type="1" provider="Movistar+ (Hispasat)" onid="49" tsid="5" namespace="0x0ce40000" />
        <service id="0x004e" sid="78" name="Boing Spain" type="1" provider="Movistar+ (Hispasat)" onid="49" tsid="5" namespace="0x0ce40000" />
        <service id="0x005a" sid="90" name="Divinity" type="1" provider="Movistar+ (Hispasat)" onid="49" tsid="5" namespace="0x0ce40000" />
        <service id="0x005b" sid="91" name="Energy" type="1" provider="Movistar+ (Hispasat)" onid="49" tsid="5" namespace="0x0ce40000" />
        <service id="0x0011" sid="17" name="Eurosport 1" type="1" provider="Movistar+ (Hispasat)" onid="49" tsid="5" namespace="0x0ce40000" />
        <service id="0x002d" sid="45" name="Fox News" type="1" provider="Movistar+ (Hispasat)" onid="49" tsid="5" namespace="0x0ce40000" />
        <service id="0x004b" sid="75" name="Gol" type="1" provider="Movistar+ (Hispasat)" onid="49" tsid="5" namespace="0x0ce40000" />
        <service id="0x001b" sid="27" name="LTC - La Tienda en Casa" type="1" provider="Movistar+ (Hispasat)" onid="49" tsid="5" namespace="0x0ce40000" />
        <service id="0x001d" sid="29" name="Movistar F1" type="1" provider="Movistar+ (Hispasat)" onid="49" tsid="5" namespace="0x0ce40000" />
      </transponder>
    </satellite>
    <satellite key="0ce40000:0006:0031" name="Sat-30W" namespace="0x0ce40000" position="-30">
      <transponder key="0ce40000:0006:0031" frequency="11931000" symbol_rate="27500000" polarization="V" fec="3" system="0" modulation="0">
        <service id="0x007f" sid="127" name="Alquiler 3" type="1" provider="Movistar+ (Hispasat)" onid="49" tsid="6" namespace="0x0ce40000" />
        <service id="0x0032" sid="50" name="Alquiler 4" type="1" provider="Movistar+ (Hispasat)" onid="49" tsid="6" namespace="0x0ce40000" />
        <service id="0x007d" sid="125" name="Alquiler 5" type="1" provider="Movistar+ (Hispasat)" onid="49" tsid="6" namespace="0x0ce40000" />
        <service id="0x007e" sid="126" name="Alquiler 6" type="1" provider="Movistar+ (Hispasat)" onid="49" tsid="6" namespace="0x0ce40000" />
        <service id="0x0035" sid="53" name="Alquiler X" type="1" provider="Movistar+ (Hispasat)" onid="49" tsid="6" namespace="0x0ce40000" />
        <service id="0x0036" sid="54" name="Alquiler XX" type="1" provider="Movistar+ (Hispasat)" onid="49" tsid="6" namespace="0x0ce40000" />
        <service id="0x0037" sid="55" name="Alquiler XXHard" type="1" provider="Movistar+ (Hispasat)" onid="49" tsid="6" namespace="0x0ce40000" />
        <service id="0x005f" sid="95" name="BeIN Max 2 Spain" type="1" provider="Movistar+ (Hispasat)" onid="49" tsid="6" namespace="0x0ce40000" />
        <service id="0x0c70" sid="3184" name="BeIN Max 3 Spain" type="1" provider="Movistar+ (Hispasat)" onid="49" tsid="6" namespace="0x0ce40000" />
        <service id="0x0c72" sid="3186" name="BeIN Max 4 Spain" type="1" provider="Movistar+ (Hispasat)" onid="49" tsid="6" namespace="0x0ce40000" />
        <service id="0x0c73" sid="3187" name="BeIN Max 5 Spain" type="1" provider="Movistar+ (Hispasat)" onid="49" tsid="6" namespace="0x0ce40000" />
        <service id="0x00c4" sid="196" name="BeIN Max 8 Spain" type="1" provider="Movistar+ (Hispasat)" onid="49" tsid="6" namespace="0x0ce40000" />
        <service id="0x0beb" sid="3051" name="Bein Sports Spain" type="1" provider="Movistar+ (Hispasat)" onid="49" tsid="6" namespace="0x0ce40000" />
        <service id="0x0016" sid="22" name="BEINLALIGA1" type="1" provider="Movistar+ (Hispasat)" onid="49" tsid="6" namespace="0x0ce40000" />
        <service id="0x0be8" sid="3048" name="BEINLALIGA2" type="1" provider="Movistar+ (Hispasat)" onid="49" tsid="6" namespace="0x0ce40000" />
        <service id="0x0c6e" sid="3182" name="BEINLALIGA5" type="1" provider="Movistar+ (Hispasat)" onid="49" tsid="6" namespace="0x0ce40000" />
        <service id="0x0c6f" sid="3183" name="BEINLALIGA6" type="1" provider="Movistar+ (Hispasat)" onid="49" tsid="6" namespace="0x0ce40000" />
        <service id="0x0c6b" sid="3179" name="BEINLALIGA7" type="1" provider="Movistar+ (Hispasat)" onid="49" tsid="6" namespace="0x0ce40000" />
        <service id="0x0c84" sid="3204" name="Canal+ Liga" type="1" provider="Movistar+ (Hispasat)" onid="49" tsid="6" namespace="0x0ce40000" />
        <service id="0x0038" sid="56" name="Multi-X" type="1" provider="Movistar+ (Hispasat)" onid="49" tsid="6" namespace="0x0ce40000" />
        <service id="0x003a" sid="58" name="Multi-X" type="1" provider="Movistar+ (Hispasat)" onid="49" tsid="6" namespace="0x0ce40000" />
        <service id="0x003b" sid="59" name="Multi-X" type="1" provider="Movistar+ (Hispasat)" onid="49" tsid="6" namespace="0x0ce40000" />
        <service id="0x008a" sid="138" name="Multi-X" type="1" provider="Movistar+ (Hispasat)" onid="49" tsid="6" namespace="0x0ce40000" />
        <service id="0x00be" sid="190" name="MULTIDEP.1" type="1" provider="Movistar+ (Hispasat)" onid="49" tsid="6" namespace="0x0ce40000" />
        <service id="0x00bf" sid="191" name="MULTIDEP.2" type="1" provider="Movistar+ (Hispasat)" onid="49" tsid="6" namespace="0x0ce40000" />
        <service id="0x00c0" sid="192" name="MULTIDEP.3" type="1" provider="Movistar+ (Hispasat)" onid="49" tsid="6" namespace="0x0ce40000" />
        <service id="0x005e" sid="94" name="MULTIDEP.4" type="1" provider="Movistar+ (Hispasat)" onid="49" tsid="6" namespace="0x0ce40000" />
        <service id="0x0c6c" sid="3180" name="MULTIFUT. 2" type="1" provider="Movistar+ (Hispasat)" onid="49" tsid="6" namespace="0x0ce40000" />
        <service id="0x0c6d" sid="3181" name="MULTIFUT. 3" type="1" provider="Movistar+ (Hispasat)" onid="49" tsid="6" namespace="0x0ce40000" />
        <service id="0x002b" sid="43" name="Toros" type="1" provider="Movistar+ (Hispasat)" onid="49" tsid="6" namespace="0x0ce40000" />
      </transponder>
    </satellite>
    <satellite key="0ce40000:0007:0031" name="Sat-30W" namespace="0x0ce40000" position="-30">
      <transponder key="0ce40000:0007:0031" frequency="11811000" symbol_rate="27500000" polarization="V" fec="3" system="0" modulation="0">
        <service id="0x03f3" sid="1011" name="" type="1" provider="DIGITAL+" onid="49" tsid="7" namespace="0x0ce40000" />
        <service id="0x03f4" sid="1012" name="" type="1" provider="Movistar+ (Hispasat)" onid="49" tsid="7" namespace="0x0ce40000" />
        <service id="0x03fe" sid="1022" name="" type="1" provider="Movistar+ (Hispasat)" onid="49" tsid="7" namespace="0x0ce40000" />
        <service id="0x004e" sid="78" name="ALQUILER" type="1" provider="Movistar+" onid="49" tsid="7" namespace="0x0ce40000" />
        <service id="0x000d" sid="13" name="Antena 3" type="1" provider="Movistar+ (Hispasat)" onid="49" tsid="7" namespace="0x0ce40000" />
        <service id="0x0c53" sid="3155" name="Aragón Sat" type="1" provider="Movistar+ (Hispasat)" onid="49" tsid="7" namespace="0x0ce40000" />
        <service id="0x0007" sid="7" name="Bajo Demanda" type="1" provider="Movistar+ (Hispasat)" onid="49" tsid="7" namespace="0x0ce40000" />
        <service id="0x004c" sid="76" name="Canal Panda" type="1" provider="Movistar+ (Hispasat)" onid="49" tsid="7" namespace="0x0ce40000" />
        <service id="0x0018" sid="24" name="Canal+ Deporte 2" type="1" provider="Movistar+ (Hispasat)" onid="49" tsid="7" namespace="0x0ce40000" />
        <service id="0x0c25" sid="3109" name="Classica" type="1" provider="Movistar+ (Hispasat)" onid="49" tsid="7" namespace="0x0ce40000" />
        <service id="0x005d" sid="93" name="Eurosport 2" type="1" provider="Movistar+ (Hispasat)" onid="49" tsid="7" namespace="0x0ce40000" />
        <service id="0x003c" sid="60" name="Neox" type="1" provider="Movistar+ (Hispasat)" onid="49" tsid="7" namespace="0x0ce40000" />
        <service id="0x005e" sid="94" name="Paramount Channel Spain" type="1" provider="Movistar+ (Hispasat)" onid="49" tsid="7" namespace="0x0ce40000" />
        <service id="0x003e" sid="62" name="Real Madrid TV" type="1" provider="Movistar+ (Hispasat)" onid="49" tsid="7" namespace="0x0ce40000" />
      </transponder>
    </satellite>
    <satellite key="0ce40000:0008:0031" name="Sat-30W" namespace="0x0ce40000" position="-30">
      <transponder key="0ce40000:0008:0031" frequency="12303000" symbol_rate="27500000" polarization="V" fec="3" system="0" modulation="0">
        <service id="0x004f" sid="79" name="Alquiler 1" type="1" provider="Movistar+ (Hispasat)" onid="49" tsid="8" namespace="0x0ce40000" />
        <service id="0x007a" sid="122" name="Alquiler 2" type="1" provider="Movistar+ (Hispasat)" onid="49" tsid="8" namespace="0x0ce40000" />
        <service id="0x0039" sid="57" name="Alquiler XY" type="1" provider="Movistar+ (Hispasat)" onid="49" tsid="8" namespace="0x0ce40000" />
        <service id="0x0cb3" sid="3251" name="BeIN Max 1 Spain" type="1" provider="Movistar+ (Hispasat)" onid="49" tsid="8" namespace="0x0ce40000" />
        <service id="0x0c74" sid="3188" name="BeIN Max 6 Spain" type="1" provider="Movistar+ (Hispasat)" onid="49" tsid="8" namespace="0x0ce40000" />
        <service id="0x0c75" sid="3189" name="BeIN Max 7 Spain" type="1" provider="Movistar+ (Hispasat)" onid="49" tsid="8" namespace="0x0ce40000" />
        <service id="0x0c71" sid="3185" name="BEINLALIGA4" type="1" provider="Movistar+ (Hispasat)" onid="49" tsid="8" namespace="0x0ce40000" />
        <service id="0x0c80" sid="3200" name="BEINLALIGA8." type="1" provider="Movistar+ (Hispasat)" onid="49" tsid="8" namespace="0x0ce40000" />
        <service id="0x0c3d" sid="3133" name="Canal Orbe 21" type="1" provider="Movistar+ (Hispasat)" onid="49" tsid="8" namespace="0x0ce40000" />
        <service id="0x0be7" sid="3047" name="Canal+ Partidazo" type="1" provider="Movistar+ (Hispasat)" onid="49" tsid="8" namespace="0x0ce40000" />
        <service id="0x0004" sid="4" name="Canal+ Series Spain" type="1" provider="Movistar+ (Hispasat)" onid="49" tsid="8" namespace="0x0ce40000" />
        <service id="0x0c85" sid="3205" name="LALIGATVBAR1" type="1" provider="Movistar+ (Hispasat)" onid="49" tsid="8" namespace="0x0ce40000" />
        <service id="0x0025" sid="37" name="Mezzo" type="1" provider="Movistar+ (Hispasat)" onid="49" tsid="8" namespace="0x0ce40000" />
        <service id="0x0c82" sid="3202" name="MULTIDEP. 5" type="1" provider="Movistar+ (Hispasat)" onid="49" tsid="8" namespace="0x0ce40000" />
        <service id="0x0008" sid="8" name="MULTIDEPORTE" type="1" provider="Movistar+ (Hispasat)" onid="49" tsid="8" namespace="0x0ce40000" />
        <service id="0x0014" sid="20" name="Multideporte" type="1" provider="Movistar+ (Hispasat)" onid="49" tsid="8" namespace="0x0ce40000" />
        <service id="0x0c83" sid="3203" name="MULTIFUT. 1" type="1" provider="Movistar+ (Hispasat)" onid="49" tsid="8" namespace="0x0ce40000" />
        <service id="0x0c81" sid="3201" name="MULTIFUT. 4" type="1" provider="Movistar+ (Hispasat)" onid="49" tsid="8" namespace="0x0ce40000" />
        <service id="0x0bc0" sid="3008" name="Nick Junior Spain" type="1" provider="Movistar+ (Hispasat)" onid="49" tsid="8" namespace="0x0ce40000" />
        <service id="0x004a" sid="74" name="Nickelodeon Spain" type="1" provider="Movistar+ (Hispasat)" onid="49" tsid="8" namespace="0x0ce40000" />
        <service id="0x0bdf" sid="3039" name="Sundance TV" type="1" provider="Movistar+ (Hispasat)" onid="49" tsid="8" namespace="0x0ce40000" />
      </transponder>
    </satellite>
    <satellite key="0ce40000:000a:0031" name="Sat-30W" namespace="0x0ce40000" position="-30">
      <transponder key="0ce40000:000a:0031" frequency="11731000" symbol_rate="27500000" polarization="V" fec="3" system="0" modulation="0">
        <service id="0x0028" sid="40" name="24 HORAS" type="1" provider="Movistar+ (Hispasat)" onid="49" tsid="10" namespace="0x0ce40000" />
        <service id="0x0012" sid="18" name="A&amp;E Spain &amp; Portugal" type="1" provider="Movistar+ (Hispasat)" onid="49" tsid="10" namespace="0x0ce40000" />
        <service id="0x000f" sid="15" name="Canal de Historia" type="1" provider="Movistar+ (Hispasat)" onid="49" tsid="10" namespace="0x0ce40000" />
        <service id="0x012c" sid="300" name="Canal Sur Andalucia" type="1" provider="Movistar+ (Hispasat)" onid="49" tsid="10" namespace="0x0ce40000" />
        <service id="0x002a" sid="42" name="Caza y Pesca" type="1" provider="Movistar+ (Hispasat)" onid="49" tsid="10" namespace="0x0ce40000" />
        <service id="0x001a" sid="26" name="Cosmopolitan TV" type="1" provider="Movistar+ (Hispasat)" onid="49" tsid="10" namespace="0x0ce40000" />
        <service id="0x006f" sid="111" name="Crimen + Investigación" type="1" provider="Movistar+ (Hispasat)" onid="49" tsid="10" namespace="0x0ce40000" />
        <service id="0x003d" sid="61" name="Discovery Channel Spain &amp; Portugal" type="1" provider="Movistar+ (Hispasat)" onid="49" tsid="10" namespace="0x0ce40000" />
        <service id="0x001e" sid="30" name="Disney XD Spain" type="1" provider="Movistar+ (Hispasat)" onid="49" tsid="10" namespace="0x0ce40000" />
        <service id="0x0bf2" sid="3058" name="Movistar MotoGP" type="1" provider="Movistar+ (Hispasat)" onid="49" tsid="10" namespace="0x0ce40000" />
        <service id="0x003b" sid="59" name="Non Stop People Spain" type="1" provider="Movistar+ (Hispasat)" onid="49" tsid="10" namespace="0x0ce40000" />
      </transponder>
    </satellite>
    <satellite key="0ce40000:000c:0031" name="Sat-30W" namespace="0x0ce40000" position="-30">
      <transponder key="0ce40000:000c:0031" frequency="12456000" symbol_rate="30000000" polarization="V" fec="4" system="0" modulation="0">
        <service id="0x03e9" sid="1001" name="" type="1" provider="" onid="49" tsid="12" namespace="0x0ce40000" />
        <service id="0x03eb" sid="1003" name="" type="1" provider="Digital+" onid="49" tsid="12" namespace="0x0ce40000" />
        <service id="0x03f2" sid="1010" name="" type="1" provider="Digital+" onid="49" tsid="12" namespace="0x0ce40000" />
        <service id="0x03f6" sid="1014" name="" type="1" provider="Digital+" onid="49" tsid="12" namespace="0x0ce40000" />
        <service id="0x03ff" sid="1023" name="" type="1" provider="DIGITAL+" onid="49" tsid="12" namespace="0x0ce40000" />
        <service id="0x03f5" sid="1013" name="Amigos+" type="1" provider="Sogecable" onid="49" tsid="12" namespace="0x0ce40000" />
        <service id="0x03ee" sid="1006" name="BAR+" type="1" provider="DIGITAL+" onid="49" tsid="12" namespace="0x0ce40000" />
        <service id="0x0005" sid="5" name="C+ XTRA" type="1" provider="Movistar+ (Hispasat)" onid="49" tsid="12" namespace="0x0ce40000" />
        <service id="0x002e" sid="46" name="Canal Hollywood" type="1" provider="Movistar+ (Hispasat)" onid="49" tsid="12" namespace="0x0ce40000" />
        <service id="0x004f" sid="79" name="Clan TVE" type="1" provider="Movistar+ (Hispasat)" onid="49" tsid="12" namespace="0x0ce40000" />
        <service id="0x03ea" sid="1002" name="Contactanos" type="1" provider="Contactanos" onid="49" tsid="12" namespace="0x0ce40000" />
        <service id="0x03f8" sid="1016" name="CONTRATO" type="1" provider="DIGITAL+" onid="49" tsid="12" namespace="0x0ce40000" />
        <service id="0x03ec" sid="1004" name="El mando" type="1" provider="Digital+" onid="49" tsid="12" namespace="0x0ce40000" />
        <service id="0x005c" sid="92" name="Factoria de Ficcion" type="1" provider="Movistar+ (Hispasat)" onid="49" tsid="12" namespace="0x0ce40000" />
        <service id="0x00c8" sid="200" name="GUÍA" type="1" provider="DIGITAL+" onid="49" tsid="12" namespace="0x0ce40000" />
        <service id="0x03fc" sid="1020" name="GUÍA" type="1" provider="Digital+" onid="49" tsid="12" namespace="0x0ce40000" />
        <service id="0x000b" sid="11" name="La 1" type="1" provider="Movistar+ (Hispasat)" onid="49" tsid="12" namespace="0x0ce40000" />
        <service id="0x000a" sid="10" name="La Sexta" type="1" provider="Movistar+ (Hispasat)" onid="49" tsid="12" namespace="0x0ce40000" />
        <service id="0x002c" sid="44" name="M. XTRA" type="1" provider="Movistar+ (Hispasat)" onid="49" tsid="12" namespace="0x0ce40000" />
        <service id="0x000e" sid="14" name="NatGeo Wild Spain" type="1" provider="Movistar+ (Hispasat)" onid="49" tsid="12" namespace="0x0ce40000" />
        <service id="0x000f" sid="15" name="Telecinco" type="1" provider="Movistar+ (Hispasat)" onid="49" tsid="12" namespace="0x0ce40000" />
        <service id="0x000c" sid="12" name="TNT (Spain)" type="1" provider="Movistar+ (Hispasat)" onid="49" tsid="12" namespace="0x0ce40000" />
      </transponder>
    </satellite>
    <satellite key="0ce40000:000d:0028" name="Sat-30W" namespace="0x0ce40000" position="-30">
      <transponder key="0ce40000:000d:0028" frequency="12092000" symbol_rate="27500000" polarization="V" fec="3" system="0" modulation="0">
        <service id="0x01eb" sid="491" name="Cubavision Internacional" type="1" provider="Overon" onid="40" tsid="13" namespace="0x0ce40000" />
        <service id="0x00b4" sid="180" name="Disney Channel Portugal" type="1" provider="Nos" onid="40" tsid="13" namespace="0x0ce40000" />
        <service id="0x056d" sid="1389" name="Russia Today" type="1" provider="GLOBECAST" onid="40" tsid="13" namespace="0x0ce40000" />
        <service id="0x138a" sid="5002" name="Russia Today Español" type="1" provider="GLOBECAST" onid="40" tsid="13" namespace="0x0ce40000" />
        <service id="0x01ea" sid="490" name="TBN Espana" type="1" provider="OVERON" onid="40" tsid="13" namespace="0x0ce40000" />
      </transponder>
    </satellite>
    <satellite key="0ce40000:0024:0036" name="Sat-30W" namespace="0x0ce40000" position="-30">
      <transponder key="0ce40000:0024:0036" frequency="12322000" symbol_rate="27500000" polarization="H" fec="3" system="0" modulation="0">
        <service id="0x002d" sid="45" name="Benfica TV 1" type="1" provider="Nos" onid="54" tsid="36" namespace="0x0ce40000" />
        <service id="0x0001" sid="1" name="Canal de Teste" type="1" provider="Canal de Testes" onid="54" tsid="36" namespace="0x0ce40000" />
        <service id="0x006f" sid="111" name="Canal de Teste" type="1" provider="Canal de Testes" onid="54" tsid="36" namespace="0x0ce40000" />
        <service id="0x02c4" sid="708" name="Canal Panda" type="1" provider="Nos" onid="54" tsid="36" namespace="0x0ce40000" />
        <service id="0x07d4" sid="2004" name="DSMCC - IPPV" type="1" provider="TVCABO" onid="54" tsid="36" namespace="0x0ce40000" />
        <service id="0x07d5" sid="2005" name="DSMCC - RADIOS" type="1" provider="DSMCC - RADIOS" onid="54" tsid="36" namespace="0x0ce40000" />
        <service id="0x006a" sid="106" name="Novo SD TSCS 1 - 01" type="1" provider="Nos" onid="54" tsid="36" namespace="0x0ce40000" />
        <service id="0x032b" sid="811" name="RTP 1" type="1" provider="Nos" onid="54" tsid="36" namespace="0x0ce40000" />
        <service id="0x032c" sid="812" name="RTP 2" type="1" provider="Nos" onid="54" tsid="36" namespace="0x0ce40000" />
        <service id="0x0029" sid="41" name="RTP 3" type="1" provider="Nos" onid="54" tsid="36" namespace="0x0ce40000" />
        <service id="0x002b" sid="43" name="RTP Açores" type="1" provider="Nos" onid="54" tsid="36" namespace="0x0ce40000" />
        <service id="0x002c" sid="44" name="RTP Madeira" type="1" provider="Nos" onid="54" tsid="36" namespace="0x0ce40000" />
        <service id="0x032d" sid="813" name="SIC" type="1" provider="Nos" onid="54" tsid="36" namespace="0x0ce40000" />
        <service id="0x008d" sid="141" name="SIC Noticias" type="1" provider="Nos" onid="54" tsid="36" namespace="0x0ce40000" />
        <service id="0x032e" sid="814" name="TVI" type="1" provider="Nos" onid="54" tsid="36" namespace="0x0ce40000" />
      </transponder>
    </satellite>
    <satellite key="0ce40000:0026:0036" name="Sat-30W" namespace="0x0ce40000" position="-30">
      <transponder key="0ce40000:0026:0036" frequency="12360000" symbol_rate="27500000" polarization="H" fec="4" system="0" modulation="0">
        <service id="0x013c" sid="316" name="Canal de Historia" type="1" provider="Nos" onid="54" tsid="38" namespace="0x0ce40000" />
        <service id="0x012e" sid="302" name="Canal de Teste" type="1" provider="SID Canal de teste" onid="54" tsid="38" namespace="0x0ce40000" />
        <service id="0x008b" sid="139" name="Canal Hollywood Portugal" type="1" provider="Nos" onid="54" tsid="38" namespace="0x0ce40000" />
        <service id="0x013d" sid="317" name="Discovery Channel Spain &amp; Portugal" type="1" provider="Nos" onid="54" tsid="38" namespace="0x0ce40000" />
        <service id="0x008a" sid="138" name="Eurosport 1" type="1" provider="Nos" onid="54" tsid="38" namespace="0x0ce40000" />
        <service id="0x0052" sid="82" name="Globo" type="1" provider="Nos" onid="54" tsid="38" namespace="0x0ce40000" />
        <service id="0x013b" sid="315" name="MTV Portugal" type="1" provider="Nos" onid="54" tsid="38" namespace="0x0ce40000" />
        <service id="0x013e" sid="318" name="Odisseia" type="1" provider="Nos" onid="54" tsid="38" namespace="0x0ce40000" />
        <service id="0x016e" sid="366" name="Sport TV" type="1" provider="Nos" onid="54" tsid="38" namespace="0x0ce40000" />
        <service id="0x012d" sid="301" name="Sport TV 2" type="1" provider="Nos" onid="54" tsid="38" namespace="0x0ce40000" />
        <service id="0x0054" sid="84" name="Sport TV 3" type="1" provider="Nos" onid="54" tsid="38" namespace="0x0ce40000" />
        <service id="0x0057" sid="87" name="Sport TV 4" type="1" provider="Nos" onid="54" tsid="38" namespace="0x0ce40000" />
        <service id="0x0056" sid="86" name="TV Record" type="1" provider="Nos" onid="54" tsid="38" namespace="0x0ce40000" />
        <service id="0x012f" sid="303" name="TV Record" type="1" provider="Nos" onid="54" tsid="38" namespace="0x0ce40000" />
        <service id="0x0053" sid="83" name="TVI 24" type="1" provider="Nos" onid="54" tsid="38" namespace="0x0ce40000" />
      </transponder>
    </satellite>
    <satellite key="0ce40000:0027:0036" name="Sat-30W" namespace="0x0ce40000" position="-30">
      <transponder key="0ce40000:0027:0036" frequency="12398000" symbol_rate="27500000" polarization="H" fec="3" system="0" modulation="0">
        <service id="0x00c0" sid="192" name="24 Kitchen HD" type="25" provider="Nos" onid="54" tsid="39" namespace="0x0ce40000" />
        <service id="0x13ad" sid="5037" name="24 Kitchen HD" type="25" provider="Meo" onid="54" tsid="39" namespace="0x0ce40000" />
        <service id="0x00bf" sid="191" name="AXN Black HD" type="25" provider="Nos" onid="54" tsid="39" namespace="0x0ce40000" />
        <service id="0x13a6" sid="5030" name="AXN Black HD" type="25" provider="Meo" onid="54" tsid="39" namespace="0x0ce40000" />
        <service id="0x00c4" sid="196" name="AXN White HD" type="25" provider="Nos" onid="54" tsid="39" namespace="0x0ce40000" />
        <service id="0x13a9" sid="5033" name="AXN White HD" type="25" provider="Meo" onid="54" tsid="39" namespace="0x0ce40000" />
        <service id="0x00c7" sid="199" name="Eurosport 1 HD" type="25" provider="Nos" onid="54" tsid="39" namespace="0x0ce40000" />
        <service id="0x13aa" sid="5034" name="Eurosport 1 HD" type="25" provider="Meo" onid="54" tsid="39" namespace="0x0ce40000" />
        <service id="0x13ac" sid="5036" name="FOX Crime HD" type="25" provider="Meo" onid="54" tsid="39" namespace="0x0ce40000" />
        <service id="0x00c1" sid="193" name="FOX Crime Portugal HD" type="25" provider="Nos" onid="54" tsid="39" namespace="0x0ce40000" />
        <service id="0x13ab" sid="5035" name="Fox Life HD" type="25" provider="Meo" onid="54" tsid="39" namespace="0x0ce40000" />
        <service id="0x019a" sid="410" name="Fox Life HD Spain &amp; Portugal" type="25" provider="Nos" onid="54" tsid="39" namespace="0x0ce40000" />
        <service id="0x00c3" sid="195" name="Travel Channel HD" type="25" provider="Nos" onid="54" tsid="39" namespace="0x0ce40000" />
        <service id="0x13a8" sid="5032" name="Travel Channel HD" type="25" provider="Meo" onid="54" tsid="39" namespace="0x0ce40000" />
        <service id="0x0121" sid="289" name="TV Séries HD" type="25" provider="Nos" onid="54" tsid="39" namespace="0x0ce40000" />
        <service id="0x064a" sid="1610" name="TVCine 2 HD" type="25" provider="Nos" onid="54" tsid="39" namespace="0x0ce40000" />
        <service id="0x011a" sid="282" name="TVCine 3 HD" type="25" provider="Nos" onid="54" tsid="39" namespace="0x0ce40000" />
      </transponder>
    </satellite>
    <satellite key="0ce40000:0030:0036" name="Sat-30W" namespace="0x0ce40000" position="-30">
      <transponder key="0ce40000:0030:0036" frequency="12476000" symbol_rate="27500000" polarization="H" fec="3" system="0" modulation="0">
        <service id="0x01f8" sid="504" name="" type="25" provider="Nos" onid="54" tsid="48" namespace="0x0ce40000" />
        <service id="0x138d" sid="5005" name="" type="25" provider="Meo" onid="54" tsid="48" namespace="0x0ce40000" />
        <service id="0x139c" sid="5020" name="" type="25" provider="Meo" onid="54" tsid="48" namespace="0x0ce40000" />
        <service id="0x00eb" sid="235" name="A&amp;E" type="25" provider="Nos" onid="54" tsid="48" namespace="0x0ce40000" />
        <service id="0x138c" sid="5004" name="A&amp;E Spain &amp; Portugal" type="25" provider="Meo" onid="54" tsid="48" namespace="0x0ce40000" />
        <service id="0x01f5" sid="501" name="ARTV" type="25" provider="Nos" onid="54" tsid="48" namespace="0x0ce40000" />
        <service id="0x00f4" sid="244" name="BBC World News" type="25" provider="Nos" onid="54" tsid="48" namespace="0x0ce40000" />
        <service id="0x023d" sid="573" name="BBC World News" type="25" provider="Meo" onid="54" tsid="48" namespace="0x0ce40000" />
        <service id="0x056f" sid="1391" name="Biggs" type="25" provider="Meo" onid="54" tsid="48" namespace="0x0ce40000" />
        <service id="0x00f1" sid="241" name="Canal 24 Horas" type="25" provider="Nos" onid="54" tsid="48" namespace="0x0ce40000" />
        <service id="0x023b" sid="571" name="CNN" type="25" provider="Meo" onid="54" tsid="48" namespace="0x0ce40000" />
        <service id="0x00f2" sid="242" name="CNN International Europe" type="25" provider="Nos" onid="54" tsid="48" namespace="0x0ce40000" />
        <service id="0x139b" sid="5019" name="Disney Junior" type="25" provider="Meo" onid="54" tsid="48" namespace="0x0ce40000" />
        <service id="0x00fa" sid="250" name="Disney Junior Portugal" type="25" provider="Nos" onid="54" tsid="48" namespace="0x0ce40000" />
        <service id="0x00f5" sid="245" name="EuroNews" type="25" provider="Nos" onid="54" tsid="48" namespace="0x0ce40000" />
        <service id="0x023e" sid="574" name="Euronews" type="25" provider="Meo" onid="54" tsid="48" namespace="0x0ce40000" />
        <service id="0x138b" sid="5003" name="Eurosport News" type="25" provider="Meo" onid="54" tsid="48" namespace="0x0ce40000" />
        <service id="0x00ea" sid="234" name="EuroSport News Spain" type="25" provider="Nos" onid="54" tsid="48" namespace="0x0ce40000" />
        <service id="0x138a" sid="5002" name="Fox Movies" type="25" provider="Meo" onid="54" tsid="48" namespace="0x0ce40000" />
        <service id="0x00e9" sid="233" name="Fox Movies Portugal" type="25" provider="Meo" onid="54" tsid="48" namespace="0x0ce40000" />
        <service id="0x023f" sid="575" name="France 24" type="25" provider="Meo" onid="54" tsid="48" namespace="0x0ce40000" />
        <service id="0x00f6" sid="246" name="France 24 (in English)" type="25" provider="Nos" onid="54" tsid="48" namespace="0x0ce40000" />
        <service id="0x00f9" sid="249" name="Hot" type="25" provider="Nos" onid="54" tsid="48" namespace="0x0ce40000" />
        <service id="0x139a" sid="5018" name="HOT" type="25" provider="Meo" onid="54" tsid="48" namespace="0x0ce40000" />
        <service id="0x00ee" sid="238" name="Mezzo" type="25" provider="Nos" onid="54" tsid="48" namespace="0x0ce40000" />
        <service id="0x138f" sid="5007" name="Mezzo" type="25" provider="Meo" onid="54" tsid="48" namespace="0x0ce40000" />
        <service id="0x00f0" sid="240" name="Panda Biggs" type="25" provider="Nos" onid="54" tsid="48" namespace="0x0ce40000" />
        <service id="0x00e7" sid="231" name="SIC Mulher" type="25" provider="Meo" onid="54" tsid="48" namespace="0x0ce40000" />
        <service id="0x056c" sid="1388" name="SIC Mulher" type="25" provider="Meo" onid="54" tsid="48" namespace="0x0ce40000" />
        <service id="0x023c" sid="572" name="SKY News" type="25" provider="Meo" onid="54" tsid="48" namespace="0x0ce40000" />
        <service id="0x00f3" sid="243" name="Sky News International" type="25" provider="Nos" onid="54" tsid="48" namespace="0x0ce40000" />
        <service id="0x00ec" sid="236" name="Sport TV +" type="25" provider="Nos" onid="54" tsid="48" namespace="0x0ce40000" />
        <service id="0x00f7" sid="247" name="Sport TV 5" type="25" provider="Meo" onid="54" tsid="48" namespace="0x0ce40000" />
        <service id="0x0240" sid="576" name="SPORT TV 5" type="25" provider="Meo" onid="54" tsid="48" namespace="0x0ce40000" />
        <service id="0x00fb" sid="251" name="Sporting TV" type="25" provider="Nos" onid="54" tsid="48" namespace="0x0ce40000" />
        <service id="0x00e8" sid="232" name="TLC" type="25" provider="Nos" onid="54" tsid="48" namespace="0x0ce40000" />
        <service id="0x056d" sid="1389" name="TLC Europe" type="25" provider="Meo" onid="54" tsid="48" namespace="0x0ce40000" />
        <service id="0x00f8" sid="248" name="Toros TV" type="25" provider="Nos" onid="54" tsid="48" namespace="0x0ce40000" />
        <service id="0x0241" sid="577" name="Toros TV" type="25" provider="Meo" onid="54" tsid="48" namespace="0x0ce40000" />
        <service id="0x139d" sid="5021" name="TV5 Monde" type="25" provider="Meo" onid="54" tsid="48" namespace="0x0ce40000" />
        <service id="0x00cc" sid="204" name="TV5 Monde Europe" type="25" provider="Nos" onid="54" tsid="48" namespace="0x0ce40000" />
        <service id="0x023a" sid="570" name="TVE 24H" type="25" provider="Meo" onid="54" tsid="48" namespace="0x0ce40000" />
        <service id="0x00ef" sid="239" name="TVE International" type="25" provider="Nos" onid="54" tsid="48" namespace="0x0ce40000" />
        <service id="0x056e" sid="1390" name="TVEi" type="25" provider="Meo" onid="54" tsid="48" namespace="0x0ce40000" />
        <service id="0x00e6" sid="230" name="TVI Reality" type="25" provider="Nos" onid="54" tsid="48" namespace="0x0ce40000" />
        <service id="0x00ed" sid="237" name="VH-1 (Video Hits One)" type="25" provider="Nos" onid="54" tsid="48" namespace="0x0ce40000" />
        <service id="0x138e" sid="5006" name="VH1" type="25" provider="Meo" onid="54" tsid="48" namespace="0x0ce40000" />
      </transponder>
    </satellite>
    <satellite key="0ce40000:0032:0031" name="Sat-30W" namespace="0x0ce40000" position="-30">
      <transponder key="0ce40000:0032:0031" frequency="10911000" symbol_rate="1950000" polarization="H" fec="4" system="0" modulation="0">
        <service id="0x0015" sid="21" name="Premium Channel" type="1" provider="Almo" onid="49" tsid="50" namespace="0x0ce40000" />
      </transponder>
    </satellite>
    <satellite key="0ce40000:0032:0036" name="Sat-30W" namespace="0x0ce40000" position="-30">
      <transponder key="0ce40000:0032:0036" frequency="11422000" symbol_rate="3333000" polarization="V" fec="3" system="0" modulation="0">
        <service id="0x0bb8" sid="3000" name="Kuriakos TV HD" type="25" provider="Kuriakos TV HD" onid="54" tsid="50" namespace="0x0ce40000" />
      </transponder>
    </satellite>
    <satellite key="0ce40000:0065:0053" name="Sat-30W" namespace="0x0ce40000" position="-30">
      <transponder key="0ce40000:0065:0053" frequency="12130000" symbol_rate="27500000" polarization="H" fec="3" system="0" modulation="0">
        <service id="0x008e" sid="142" name="" type="25" provider="" onid="83" tsid="101" namespace="0x0ce40000" />
        <service id="0x004b" sid="75" name="AMC (Portugal)" type="25" provider="Meo" onid="83" tsid="101" namespace="0x0ce40000" />
        <service id="0x004e" sid="78" name="ARTV" type="25" provider="Meo" onid="83" tsid="101" namespace="0x0ce40000" />
        <service id="0x002f" sid="47" name="Baby TV" type="25" provider="Meo" onid="83" tsid="101" namespace="0x0ce40000" />
        <service id="0x008a" sid="138" name="C-Music" type="25" provider="Meo" onid="83" tsid="101" namespace="0x0ce40000" />
        <service id="0x006e" sid="110" name="Canal Cinemundo" type="25" provider="Meo" onid="83" tsid="101" namespace="0x0ce40000" />
        <service id="0x002e" sid="46" name="Canal de Historia" type="25" provider="Meo" onid="83" tsid="101" namespace="0x0ce40000" />
        <service id="0x0031" sid="49" name="Canal Hollywood Portugal" type="25" provider="Meo" onid="83" tsid="101" namespace="0x0ce40000" />
        <service id="0x006c" sid="108" name="Eurosport 1" type="25" provider="Meo" onid="83" tsid="101" namespace="0x0ce40000" />
        <service id="0x0030" sid="48" name="Eurosport 2 Xtra" type="25" provider="Meo" onid="83" tsid="101" namespace="0x0ce40000" />
        <service id="0x0034" sid="52" name="JimJam EMEA" type="25" provider="Meo" onid="83" tsid="101" namespace="0x0ce40000" />
        <service id="0x0032" sid="50" name="MTV Portugal" type="25" provider="Meo" onid="83" tsid="101" namespace="0x0ce40000" />
        <service id="0x003a" sid="58" name="Real Madrid TV" type="25" provider="Meo" onid="83" tsid="101" namespace="0x0ce40000" />
        <service id="0x0029" sid="41" name="RTP 1" type="25" provider="Meo" onid="83" tsid="101" namespace="0x0ce40000" />
        <service id="0x002a" sid="42" name="RTP 2" type="25" provider="Meo" onid="83" tsid="101" namespace="0x0ce40000" />
        <service id="0x002d" sid="45" name="RTP 3" type="25" provider="Meo" onid="83" tsid="101" namespace="0x0ce40000" />
        <service id="0x004d" sid="77" name="RTP Açores" type="25" provider="Meo" onid="83" tsid="101" namespace="0x0ce40000" />
        <service id="0x006b" sid="107" name="RTP Açores" type="25" provider="Meo" onid="83" tsid="101" namespace="0x0ce40000" />
        <service id="0x004c" sid="76" name="RTP Madeira" type="25" provider="Meo" onid="83" tsid="101" namespace="0x0ce40000" />
        <service id="0x006a" sid="106" name="RTP Madeira" type="25" provider="Meo" onid="83" tsid="101" namespace="0x0ce40000" />
        <service id="0x007f" sid="127" name="SIC Kids" type="25" provider="Meo" onid="83" tsid="101" namespace="0x0ce40000" />
        <service id="0x0033" sid="51" name="Sport TV 4" type="25" provider="Meo" onid="83" tsid="101" namespace="0x0ce40000" />
        <service id="0x002b" sid="43" name="TV Record" type="25" provider="" onid="83" tsid="101" namespace="0x0ce40000" />
        <service id="0x004a" sid="74" name="TVCine 2" type="25" provider="Meo" onid="83" tsid="101" namespace="0x0ce40000" />
        <service id="0x0035" sid="53" name="TVCine 4" type="25" provider="Meo" onid="83" tsid="101" namespace="0x0ce40000" />
        <service id="0x0037" sid="55" name="TVI 24" type="25" provider="Meo" onid="83" tsid="101" namespace="0x0ce40000" />
      </transponder>
    </satellite>
    <satellite key="0ce40000:0066:0053" name="Sat-30W" namespace="0x0ce40000" position="-30">
      <transponder key="0ce40000:0066:0053" frequency="12168000" symbol_rate="27500000" polarization="H" fec="3" system="0" modulation="0">
        <service id="0x00e7" sid="231" name="A Bola TV" type="25" provider="Meo" onid="83" tsid="102" namespace="0x0ce40000" />
        <service id="0x00da" sid="218" name="Afro Music Channel" type="25" provider="Meo" onid="83" tsid="102" namespace="0x0ce40000" />
        <service id="0x00d9" sid="217" name="CBS Reality" type="25" provider="Meo" onid="83" tsid="102" namespace="0x0ce40000" />
        <service id="0x00d1" sid="209" name="Discovery Channel Spain &amp; Portugal" type="25" provider="Meo" onid="83" tsid="102" namespace="0x0ce40000" />
        <service id="0x00e1" sid="225" name="Disney Channel Portugal" type="25" provider="Meo" onid="83" tsid="102" namespace="0x0ce40000" />
        <service id="0x00e2" sid="226" name="DW-TV (Deutsche Welle)" type="25" provider="Meo" onid="83" tsid="102" namespace="0x0ce40000" />
        <service id="0x00d3" sid="211" name="Fox News" type="25" provider="Meo" onid="83" tsid="102" namespace="0x0ce40000" />
        <service id="0x00ce" sid="206" name="MCS Extreme" type="25" provider="Meo" onid="83" tsid="102" namespace="0x0ce40000" />
        <service id="0x00d0" sid="208" name="Motors TV" type="25" provider="Meo" onid="83" tsid="102" namespace="0x0ce40000" />
        <service id="0x00d2" sid="210" name="Odisseia" type="25" provider="Meo" onid="83" tsid="102" namespace="0x0ce40000" />
        <service id="0x00ec" sid="236" name="Record News" type="25" provider="Meo" onid="83" tsid="102" namespace="0x0ce40000" />
        <service id="0x00c9" sid="201" name="SIC" type="25" provider="Meo" onid="83" tsid="102" namespace="0x0ce40000" />
        <service id="0x00ca" sid="202" name="SIC Noticias" type="25" provider="Meo" onid="83" tsid="102" namespace="0x0ce40000" />
        <service id="0x00cd" sid="205" name="Sport TV 2" type="25" provider="Meo" onid="83" tsid="102" namespace="0x0ce40000" />
        <service id="0x00d4" sid="212" name="Sport TV 3" type="25" provider="Meo" onid="83" tsid="102" namespace="0x0ce40000" />
        <service id="0x00cc" sid="204" name="Sy Fy Portugal" type="25" provider="Meo" onid="83" tsid="102" namespace="0x0ce40000" />
        <service id="0x00e5" sid="229" name="Trace Urban" type="25" provider="Meo" onid="83" tsid="102" namespace="0x0ce40000" />
        <service id="0x00d8" sid="216" name="TV Séries" type="25" provider="Meo" onid="83" tsid="102" namespace="0x0ce40000" />
        <service id="0x00d6" sid="214" name="TVC 1" type="25" provider="Meo" onid="83" tsid="102" namespace="0x0ce40000" />
        <service id="0x00d7" sid="215" name="TVCine 3" type="25" provider="Meo" onid="83" tsid="102" namespace="0x0ce40000" />
        <service id="0x00e6" sid="230" name="TVI Ficção" type="25" provider="Meo" onid="83" tsid="102" namespace="0x0ce40000" />
        <service id="0x00d5" sid="213" name="Venus TV Argentina" type="25" provider="Meo" onid="83" tsid="102" namespace="0x0ce40000" />
      </transponder>
    </satellite>
    <satellite key="0ce40000:0067:0053" name="Sat-30W" namespace="0x0ce40000" position="-30">
      <transponder key="0ce40000:0067:0053" frequency="12207000" symbol_rate="27500000" polarization="H" fec="3" system="0" modulation="0">
        <service id="0x00d1" sid="209" name="Bloomberg" type="25" provider="Meo" onid="83" tsid="103" namespace="0x0ce40000" />
        <service id="0x016b" sid="363" name="Bloomberg Europe" type="25" provider="Meo" onid="83" tsid="103" namespace="0x0ce40000" />
        <service id="0x0057" sid="87" name="Canal Panda" type="25" provider="Meo" onid="83" tsid="103" namespace="0x0ce40000" />
        <service id="0x016d" sid="365" name="Canal Q" type="25" provider="Nos" onid="83" tsid="103" namespace="0x0ce40000" />
        <service id="0x00b2" sid="178" name="Canção Nova" type="25" provider="Nos" onid="83" tsid="103" namespace="0x0ce40000" />
        <service id="0x052e" sid="1326" name="Canção Nova" type="25" provider="Meo" onid="83" tsid="103" namespace="0x0ce40000" />
        <service id="0x00ce" sid="206" name="Cartoon Network" type="25" provider="Meo" onid="83" tsid="103" namespace="0x0ce40000" />
        <service id="0x00a2" sid="162" name="Cartoon Network Portugal" type="25" provider="Nos" onid="83" tsid="103" namespace="0x0ce40000" />
        <service id="0x017a" sid="378" name="Cartoon Network Portugal" type="25" provider="Nos" onid="83" tsid="103" namespace="0x0ce40000" />
        <service id="0x00b3" sid="179" name="CM TV" type="25" provider="Nos" onid="83" tsid="103" namespace="0x0ce40000" />
        <service id="0x052f" sid="1327" name="CM TV" type="25" provider="Meo" onid="83" tsid="103" namespace="0x0ce40000" />
        <service id="0x016c" sid="364" name="CNBC" type="25" provider="Nos" onid="83" tsid="103" namespace="0x0ce40000" />
        <service id="0x020a" sid="522" name="CNBC Europe" type="25" provider="Meo" onid="83" tsid="103" namespace="0x0ce40000" />
        <service id="0x051d" sid="1309" name="E! Entertainment" type="25" provider="Meo" onid="83" tsid="103" namespace="0x0ce40000" />
        <service id="0x00a7" sid="167" name="E! Entertainment TV" type="25" provider="Meo" onid="83" tsid="103" namespace="0x0ce40000" />
        <service id="0x00ac" sid="172" name="Eurosport 2" type="25" provider="Meo" onid="83" tsid="103" namespace="0x0ce40000" />
        <service id="0x00d2" sid="210" name="Eurosport 2" type="25" provider="Meo" onid="83" tsid="103" namespace="0x0ce40000" />
        <service id="0x00a9" sid="169" name="Fashion TV" type="25" provider="Meo" onid="83" tsid="103" namespace="0x0ce40000" />
        <service id="0x051a" sid="1306" name="FOX Comedy" type="25" provider="Meo" onid="83" tsid="103" namespace="0x0ce40000" />
        <service id="0x00a4" sid="164" name="FOX Comedy Spain &amp; Portugal" type="25" provider="Nos" onid="83" tsid="103" namespace="0x0ce40000" />
        <service id="0x051f" sid="1311" name="FTV" type="25" provider="Meo" onid="83" tsid="103" namespace="0x0ce40000" />
        <service id="0x00aa" sid="170" name="Globo Premium" type="25" provider="Nos" onid="83" tsid="103" namespace="0x0ce40000" />
        <service id="0x00ad" sid="173" name="MCM Pop" type="25" provider="Nos" onid="83" tsid="103" namespace="0x0ce40000" />
        <service id="0x00d3" sid="211" name="MCM Pop" type="25" provider="Meo" onid="83" tsid="103" namespace="0x0ce40000" />
        <service id="0x00cb" sid="203" name="Nat Geo Wild" type="25" provider="Meo" onid="83" tsid="103" namespace="0x0ce40000" />
        <service id="0x015f" sid="351" name="NatGeo Wild" type="25" provider="Meo" onid="83" tsid="103" namespace="0x0ce40000" />
        <service id="0x00b1" sid="177" name="Novo SD TSBB2 -00" type="25" provider="Nos" onid="83" tsid="103" namespace="0x0ce40000" />
        <service id="0x016f" sid="367" name="PFC" type="25" provider="Meo" onid="83" tsid="103" namespace="0x0ce40000" />
        <service id="0x020d" sid="525" name="PFC" type="25" provider="Meo" onid="83" tsid="103" namespace="0x0ce40000" />
        <service id="0x00ab" sid="171" name="Playboy TV" type="25" provider="Meo" onid="83" tsid="103" namespace="0x0ce40000" />
        <service id="0x020f" sid="527" name="Playboy TV" type="25" provider="Meo" onid="83" tsid="103" namespace="0x0ce40000" />
        <service id="0x00a1" sid="161" name="Porto Canal" type="25" provider="Nos" onid="83" tsid="103" namespace="0x0ce40000" />
        <service id="0x00cd" sid="205" name="Porto Canal" type="25" provider="Meo" onid="83" tsid="103" namespace="0x0ce40000" />
        <service id="0x020b" sid="523" name="Q (Portugal)" type="25" provider="Meo" onid="83" tsid="103" namespace="0x0ce40000" />
        <service id="0x016a" sid="362" name="RTP Africa" type="25" provider="Meo" onid="83" tsid="103" namespace="0x0ce40000" />
        <service id="0x00a3" sid="163" name="RTP Memoria" type="25" provider="Meo" onid="83" tsid="103" namespace="0x0ce40000" />
        <service id="0x00cf" sid="207" name="RTP Memória" type="25" provider="Meo" onid="83" tsid="103" namespace="0x0ce40000" />
        <service id="0x00d0" sid="208" name="RTP África" type="25" provider="Meo" onid="83" tsid="103" namespace="0x0ce40000" />
        <service id="0x00a5" sid="165" name="SIC Caras" type="25" provider="Nos" onid="83" tsid="103" namespace="0x0ce40000" />
        <service id="0x051c" sid="1308" name="SIC Caras" type="25" provider="Meo" onid="83" tsid="103" namespace="0x0ce40000" />
        <service id="0x00a0" sid="160" name="SIC Radical" type="25" provider="Meo" onid="83" tsid="103" namespace="0x0ce40000" />
        <service id="0x00cc" sid="204" name="SIC Radical" type="25" provider="Meo" onid="83" tsid="103" namespace="0x0ce40000" />
        <service id="0x012e" sid="302" name="Sport TV" type="25" provider="Meo" onid="83" tsid="103" namespace="0x0ce40000" />
        <service id="0x016e" sid="366" name="TV Galicia" type="25" provider="Meo" onid="83" tsid="103" namespace="0x0ce40000" />
        <service id="0x020c" sid="524" name="TV Galicia" type="25" provider="Meo" onid="83" tsid="103" namespace="0x0ce40000" />
        <service id="0x020e" sid="526" name="TV Globo Portugal" type="25" provider="Meo" onid="83" tsid="103" namespace="0x0ce40000" />
        <service id="0x012d" sid="301" name="TVI" type="25" provider="Meo" onid="83" tsid="103" namespace="0x0ce40000" />
      </transponder>
    </satellite>
    <satellite key="0ce40000:0068:0053" name="Sat-30W" namespace="0x0ce40000" position="-30">
      <transponder key="0ce40000:0068:0053" frequency="12246000" symbol_rate="27500000" polarization="H" fec="3" system="0" modulation="0">
        <service id="0x01c7" sid="455" name="AXN HD" type="25" provider="Nos" onid="83" tsid="104" namespace="0x0ce40000" />
        <service id="0x057d" sid="1405" name="AXN HD" type="25" provider="Meo" onid="83" tsid="104" namespace="0x0ce40000" />
        <service id="0x00f4" sid="244" name="BTV 1 HD" type="25" provider="Meo" onid="83" tsid="104" namespace="0x0ce40000" />
        <service id="0x01ca" sid="458" name="BTV 1 HD" type="25" provider="Nos" onid="83" tsid="104" namespace="0x0ce40000" />
        <service id="0x00bf" sid="191" name="Cazavisión" type="25" provider="Meo" onid="83" tsid="104" namespace="0x0ce40000" />
        <service id="0x01c8" sid="456" name="FOX HD" type="25" provider="Nos" onid="83" tsid="104" namespace="0x0ce40000" />
        <service id="0x057e" sid="1406" name="FOX HD" type="25" provider="Meo" onid="83" tsid="104" namespace="0x0ce40000" />
        <service id="0x00c2" sid="194" name="Hollywood HD Portugal" type="25" provider="Meo" onid="83" tsid="104" namespace="0x0ce40000" />
        <service id="0x00c3" sid="195" name="Kombat Sport" type="25" provider="Meo" onid="83" tsid="104" namespace="0x0ce40000" />
        <service id="0x00c0" sid="192" name="MCS Lifestyle" type="25" provider="Meo" onid="83" tsid="104" namespace="0x0ce40000" />
        <service id="0x057c" sid="1404" name="National Geographic HD" type="25" provider="Meo" onid="83" tsid="104" namespace="0x0ce40000" />
        <service id="0x01c6" sid="454" name="National Geographic HD UK" type="25" provider="Nos" onid="83" tsid="104" namespace="0x0ce40000" />
        <service id="0x00f3" sid="243" name="Sport TV 1 HD" type="25" provider="Meo" onid="83" tsid="104" namespace="0x0ce40000" />
        <service id="0x01c3" sid="451" name="Sport TV 1 HD" type="25" provider="Nos" onid="83" tsid="104" namespace="0x0ce40000" />
        <service id="0x01c4" sid="452" name="Sport TV 2 HD" type="25" provider="Nos" onid="83" tsid="104" namespace="0x0ce40000" />
        <service id="0x057a" sid="1402" name="Sport TV 2 HD" type="25" provider="Meo" onid="83" tsid="104" namespace="0x0ce40000" />
        <service id="0x01c5" sid="453" name="Sport TV 3 HD" type="25" provider="Meo" onid="83" tsid="104" namespace="0x0ce40000" />
        <service id="0x057b" sid="1403" name="SPORT TV 3 HD" type="25" provider="Meo" onid="83" tsid="104" namespace="0x0ce40000" />
      </transponder>
    </satellite>
    <satellite key="0ce40000:0069:0053" name="Sat-30W" namespace="0x0ce40000" position="-30">
      <transponder key="0ce40000:0069:0053" frequency="12284000" symbol_rate="27500000" polarization="H" fec="3" system="0" modulation="0">
        <service id="0x01f7" sid="503" name="Sport TV 4K" type="25" provider="Meo" onid="83" tsid="105" namespace="0x0ce40000" />
        <service id="0x01f5" sid="501" name="Ultra HD 4K" type="25" provider="Meo" onid="83" tsid="105" namespace="0x0ce40000" />
      </transponder>
    </satellite>
    <satellite key="0ce40000:03e8:03e9" name="Sat-30W" namespace="0x0ce40000" position="-30">
      <transponder key="0ce40000:03e8:03e9" frequency="11262000" symbol_rate="30000000" polarization="H" fec="3" system="0" modulation="0">
        <service id="0x0001" sid="1" name="Hispasat 4K" type="25" provider="Hispasat" onid="1001" tsid="1000" namespace="0x0ce40000" />
      </transponder>
    </satellite>
    <satellite key="0ce40000:056c:056c" name="Sat-30W" namespace="0x0ce40000" position="-30">
      <transponder key="0ce40000:056c:056c" frequency="10730000" symbol_rate="27500000" polarization="H" fec="3" system="0" modulation="0">
        <service id="0x000e" sid="14" name="Arise News" type="25" provider="RR Media" onid="1388" tsid="1388" namespace="0x0ce40000" />
        <service id="0x0001" sid="1" name="GOD Europe" type="25" provider="RR Media" onid="1388" tsid="1388" namespace="0x0ce40000" />
        <service id="0x0003" sid="3" name="RTP 3" type="25" provider="" onid="1388" tsid="1388" namespace="0x0ce40000" />
        <service id="0x001f" sid="31" name="X-MO" type="25" provider="RR Media" onid="1388" tsid="1388" namespace="0x0ce40000" />
      </transponder>
    </satellite>
    <satellite key="0ce42a8a:0001:0001" name="Sat-30W" namespace="0x0ce42a8a" position="-30">
      <transponder key="0ce42a8a:0001:0001" frequency="10890000" symbol_rate="29990000" polarization="H" fec="3" system="0" modulation="0">
        <service id="0x0001" sid="1" name="Google" type="25" provider="FFmpeg" onid="1" tsid="1" namespace="0x0ce42a8a" />
      </transponder>
    </satellite>
    <satellite key="0ce42aa4:0007:ffff" name="Sat-30W" namespace="0x0ce42aa4" position="-30">
      <transponder key="0ce42aa4:0007:ffff" frequency="10916000" symbol_rate="2050000" polarization="H" fec="4" system="0" modulation="0">
        <service id="0x0007" sid="7" name="AD Chats" type="1" provider="AD_CHATS" onid="65535" tsid="7" namespace="0x0ce42aa4" />
      </transponder>
    </satellite>
    <satellite key="0ce42cef:0001:0001" name="Sat-30W" namespace="0x0ce42cef" position="-30">
      <transponder key="0ce42cef:0001:0001" frequency="11503000" symbol_rate="1667000" polarization="H" fec="9" system="0" modulation="0">
        <service id="0x0001" sid="1" name="Bom" type="25" provider="BOM" onid="1" tsid="1" namespace="0x0ce42cef" />
      </transponder>
    </satellite>
    <satellite key="0ce43095:002f:0036" name="Sat-30W" namespace="0x0ce43095" position="-30">
      <transponder key="0ce43095:002f:0036" frequency="12437000" symbol_rate="27500000" polarization="H" fec="3" system="0" modulation="0">
        <service id="0x00c8" sid="200" name="AMC HD Portugal" type="25" provider="Nos" onid="54" tsid="47" namespace="0x0ce43095" />
        <service id="0x014b" sid="331" name="BabyFirst" type="25" provider="Nos" onid="54" tsid="47" namespace="0x0ce43095" />
        <service id="0x051d" sid="1309" name="BBC Entertainment" type="25" provider="Nos" onid="54" tsid="47" namespace="0x0ce43095" />
        <service id="0x032a" sid="810" name="Canal NOS" type="25" provider="Nos" onid="54" tsid="47" namespace="0x0ce43095" />
        <service id="0x032f" sid="815" name="Caça &amp; Pesca" type="25" provider="Nos" onid="54" tsid="47" namespace="0x0ce43095" />
        <service id="0x0093" sid="147" name="Discovery HD Showcase" type="25" provider="Nos" onid="54" tsid="47" namespace="0x0ce43095" />
        <service id="0x00ce" sid="206" name="Eurosport 2 Xtra HD" type="25" provider="Nos" onid="54" tsid="47" namespace="0x0ce43095" />
        <service id="0x0095" sid="149" name="Fuel TV" type="25" provider="Nos" onid="54" tsid="47" namespace="0x0ce43095" />
        <service id="0x051a" sid="1306" name="Motorvision" type="25" provider="Nos" onid="54" tsid="47" namespace="0x0ce43095" />
        <service id="0x00cf" sid="207" name="MOV" type="25" provider="Nos" onid="54" tsid="47" namespace="0x0ce43095" />
        <service id="0x0094" sid="148" name="Nickelodeon Portugal" type="25" provider="Nos" onid="54" tsid="47" namespace="0x0ce43095" />
        <service id="0x03b2" sid="946" name="Novo HD TSCS 8 - 01" type="25" provider="Nos" onid="54" tsid="47" namespace="0x0ce43095" />
        <service id="0x00c9" sid="201" name="Novo HD TSCS8 -02" type="25" provider="Nos" onid="54" tsid="47" namespace="0x0ce43095" />
        <service id="0x00cd" sid="205" name="Novo SD TSCS 8 - 01" type="25" provider="Novo SD TSCS 8 - 01" onid="54" tsid="47" namespace="0x0ce43095" />
        <service id="0x0090" sid="144" name="TVCine 4 HD" type="25" provider="Nos" onid="54" tsid="47" namespace="0x0ce43095" />
        <service id="0x03b3" sid="947" name="TVCine HD" type="25" provider="Nos" onid="54" tsid="47" namespace="0x0ce43095" />
        <service id="0x014c" sid="332" name="VH-1 Classic" type="25" provider="Nos" onid="54" tsid="47" namespace="0x0ce43095" />
      </transponder>
    </satellite>
    <satellite key="0ce4aa8a:000f:0002" name="Sat-30W" namespace="0x0ce4aa8a" position="-30">
      <transponder key="0ce4aa8a:000f:0002" frequency="10890000" symbol_rate="27500000" polarization="V" fec="3" system="0" modulation="0">
        <service id="0x1c89" sid="7305" name="Al Jazeera English" type="1" provider="Harmonic" onid="2" tsid="15" namespace="0x0ce4aa8a" />
        <service id="0x0009" sid="9" name="Canal Iberalia" type="1" provider="Harmonic" onid="2" tsid="15" namespace="0x0ce4aa8a" />
        <service id="0x0002" sid="2" name="Canal Parlamento" type="1" provider="Telefonica Spain" onid="2" tsid="15" namespace="0x0ce4aa8a" />
        <service id="0x0004" sid="4" name="Extremadura TV" type="1" provider="Telefonica Servicios Audiovisuales" onid="2" tsid="15" namespace="0x0ce4aa8a" />
        <service id="0x0005" sid="5" name="Feeds 2 TSA" type="1" provider="TSA" onid="2" tsid="15" namespace="0x0ce4aa8a" />
        <service id="0x0006" sid="6" name="Feeds 3 TSA" type="1" provider="TSA" onid="2" tsid="15" namespace="0x0ce4aa8a" />
        <service id="0x0003" sid="3" name="Telesur" type="1" provider="Telefonica Spain" onid="2" tsid="15" namespace="0x0ce4aa8a" />
        <service id="0x01f4" sid="500" name="TVI Internacional" type="1" provider="TSA" onid="2" tsid="15" namespace="0x0ce4aa8a" />
      </transponder>
    </satellite>
    <satellite key="0ce4acf6:0065:ffff" name="Sat-30W" namespace="0x0ce4acf6" position="-30">
      <transponder key="0ce4acf6:0065:ffff" frequency="11510000" symbol_rate="10000000" polarization="V" fec="3" system="0" modulation="0">
        <service id="0x0029" sid="41" name="AGENCIA EFE" type="1" provider="" onid="65535" tsid="101" namespace="0x0ce4acf6" />
      </transponder>
    </satellite>
    <satellite key="0ce4ad09:3138:ff01" name="Sat-30W" namespace="0x0ce4ad09" position="-30">
      <transponder key="0ce4ad09:3138:ff01" frequency="11529000" symbol_rate="10000000" polarization="V" fec="9" system="0" modulation="0">
        <service id="0x0001" sid="1" name="SAT TEST 1" type="25" provider="INGEST TELECOM" onid="65281" tsid="12600" namespace="0x0ce4ad09" />
        <service id="0x0002" sid="2" name="SAT TEST 2" type="25" provider="INGEST TELECOM" onid="65281" tsid="12600" namespace="0x0ce4ad09" />
        <service id="0x0003" sid="3" name="SAT TEST 3" type="25" provider="INGEST TELECOM" onid="65281" tsid="12600" namespace="0x0ce4ad09" />
        <service id="0x0004" sid="4" name="SAT TEST 4" type="25" provider="INGEST TELECOM" onid="65281" tsid="12600" namespace="0x0ce4ad09" />
        <service id="0x0005" sid="5" name="SAT TEST 5" type="25" provider="INGEST TELECOM" onid="65281" tsid="12600" namespace="0x0ce4ad09" />
        <service id="0x0006" sid="6" name="SAT TEST 6" type="25" provider="INGEST TELECOM" onid="65281" tsid="12600" namespace="0x0ce4ad09" />
        <service id="0x0007" sid="7" name="SAT TEST 7" type="25" provider="INGEST TELECOM" onid="65281" tsid="12600" namespace="0x0ce4ad09" />
        <service id="0x0008" sid="8" name="SAT TEST 8" type="25" provider="INGEST TELECOM" onid="65281" tsid="12600" namespace="0x0ce4ad09" />
      </transponder>
    </satellite>
  </satellites>
</zapit>
