<?xml version='1.0' encoding='utf-8'?>
<zapit>
  <bouquet name="General" category="tv">
    <channel service_ref="1:0:1:011c:4859:217c:eeee0000:0:0:0:" name="Azzurra TV Italia" service_name="Azzurra TV Italia" provider="Azzurra TV Italia" sid="284" onid="8572" tsid="18521" />
    <channel service_ref="1:0:1:000c:4859:217c:eeee0000:0:0:0:" name="E'TV RETE 17" service_name="E'TV RETE 17" provider="TELEDUCATO" sid="12" onid="8572" tsid="18521" />
    <channel service_ref="1:0:1:000a:4859:217c:eeee0000:0:0:0:" name="E'TV Rete 7" service_name="E'TV Rete 7" provider="E' TV" sid="10" onid="8572" tsid="18521" />
    <channel service_ref="1:0:1:00d7:4859:217c:eeee0000:0:0:0:" name="ER24" service_name="ER24" provider="TRC" sid="215" onid="8572" tsid="18521" />
    <channel service_ref="1:0:1:002b:4859:217c:eeee0000:0:0:0:" name="RADIO BRUNO TV" service_name="RADIO BRUNO TV" provider="TRC" sid="43" onid="8572" tsid="18521" />
    <channel service_ref="1:0:1:002c:4859:217c:eeee0000:0:0:0:" name="RADIO BRUNO TV" service_name="RADIO BRUNO TV" provider="TRC" sid="44" onid="8572" tsid="18521" />
    <channel service_ref="1:0:1:0001:4859:217c:eeee0000:0:0:0:" name="TRC BOLOGNA" service_name="TRC BOLOGNA" provider="TRC" sid="1" onid="8572" tsid="18521" />
    <channel service_ref="1:0:1:026a:4859:217c:eeee0000:0:0:0:" name="TRC MODENA" service_name="TRC MODENA" provider="TRC MODENA" sid="618" onid="8572" tsid="18521" />
    <channel service_ref="1:0:1:00b9:4859:217c:eeee0000:0:0:0:" name="TRC2 Sport" service_name="TRC2 Sport" provider="TRC" sid="185" onid="8572" tsid="18521" />
  </bouquet>
  <bouquet name="Sports" category="tv">
    <channel service_ref="1:0:1:00b9:4859:217c:eeee0000:0:0:0:" name="TRC2 Sport" service_name="TRC2 Sport" provider="TRC" sid="185" onid="8572" tsid="18521" />
  </bouquet>
  <bouquet name="ARD/ZDF" category="tv">
    <channel service_ref="1:0:1:002b:4859:217c:eeee0000:0:0:0:" name="RADIO BRUNO TV" service_name="RADIO BRUNO TV" provider="TRC" sid="43" onid="8572" tsid="18521" />
    <channel service_ref="1:0:1:002c:4859:217c:eeee0000:0:0:0:" name="RADIO BRUNO TV" service_name="RADIO BRUNO TV" provider="TRC" sid="44" onid="8572" tsid="18521" />
  </bouquet>
  <bouquet name="RAI" category="tv">
    <channel service_ref="1:0:1:011c:4859:217c:eeee0000:0:0:0:" name="Azzurra TV Italia" service_name="Azzurra TV Italia" provider="Azzurra TV Italia" sid="284" onid="8572" tsid="18521" />
  </bouquet>
  <bouquet name="Switzerland" category="tv">
    <channel service_ref="1:0:1:000c:4859:217c:eeee0000:0:0:0:" name="E'TV RETE 17" service_name="E'TV RETE 17" provider="TELEDUCATO" sid="12" onid="8572" tsid="18521" />
  </bouquet>
  <bouquet name="Others" category="tv">
    <channel service_ref="1:0:1:000a:4859:217c:eeee0000:0:0:0:" name="E'TV Rete 7" service_name="E'TV Rete 7" provider="E' TV" sid="10" onid="8572" tsid="18521" />
    <channel service_ref="1:0:1:00d7:4859:217c:eeee0000:0:0:0:" name="ER24" service_name="ER24" provider="TRC" sid="215" onid="8572" tsid="18521" />
    <channel service_ref="1:0:1:0001:4859:217c:eeee0000:0:0:0:" name="TRC BOLOGNA" service_name="TRC BOLOGNA" provider="TRC" sid="1" onid="8572" tsid="18521" />
    <channel service_ref="1:0:1:026a:4859:217c:eeee0000:0:0:0:" name="TRC MODENA" service_name="TRC MODENA" provider="TRC MODENA" sid="618" onid="8572" tsid="18521" />
  </bouquet>
  <bouquet name="Digitale Terrestre" category="tv">
    <channel service_ref="1:0:1:d7:4859:217c:eeee0000:0:0:0:" name="ER24" service_name="ER24" provider="TRC" sid="215" onid="8572" tsid="18521" />
    <channel service_ref="1:0:1:1:4859:217c:eeee0000:0:0:0:" name="TRC BOLOGNA" service_name="TRC BOLOGNA" provider="TRC" sid="1" onid="8572" tsid="18521" />
    <channel service_ref="1:0:1:26a:4859:217c:eeee0000:0:0:0:" name="TRC MODENA" service_name="TRC MODENA" provider="TRC MODENA" sid="618" onid="8572" tsid="18521" />
    <channel service_ref="1:0:1:b9:4859:217c:eeee0000:0:0:0:" name="TRC2 Sport" service_name="TRC2 Sport" provider="TRC" sid="185" onid="8572" tsid="18521" />
    <channel service_ref="1:0:1:a:4859:217c:eeee0000:0:0:0:" name="E'TV Rete 7" service_name="E'TV Rete 7" provider="E' TV" sid="10" onid="8572" tsid="18521" />
  </bouquet>
  <bouquet name="Digitale Terrestre" category="tv">
    <channel service_ref="1:0:1:d7:4859:217c:eeee0000:0:0:0:" name="ER24" service_name="ER24" provider="TRC" sid="215" onid="8572" tsid="18521" />
    <channel service_ref="1:0:1:26a:4859:217c:eeee0000:0:0:0:" name="TRC MODENA" service_name="TRC MODENA" provider="TRC MODENA" sid="618" onid="8572" tsid="18521" />
    <channel service_ref="1:0:1:1:4859:217c:eeee0000:0:0:0:" name="TRC BOLOGNA" service_name="TRC BOLOGNA" provider="TRC" sid="1" onid="8572" tsid="18521" />
    <channel service_ref="1:0:1:a:4859:217c:eeee0000:0:0:0:" name="E'TV Rete 7" service_name="E'TV Rete 7" provider="E' TV" sid="10" onid="8572" tsid="18521" />
    <channel service_ref="1:0:1:b9:4859:217c:eeee0000:0:0:0:" name="TRC2 Sport" service_name="TRC2 Sport" provider="TRC" sid="185" onid="8572" tsid="18521" />
  </bouquet>
</zapit>
