<?xml version='1.0' encoding='utf-8'?>
<zapit api="4">
  <terrestrials>
    <terrestrial key="eeee0000:4859:217c" name="TRC" namespace="0xeeee0000">
      <transponder key="eeee0000:4859:217c" frequency="578000000" symbol_rate="0" polarization="H" fec="5" system="0" modulation="4">
        <service id="0x011c" sid="284" name="Azzurra TV Italia" type="1" provider="Azzurra TV Italia" onid="8572" tsid="18521" namespace="0xeeee0000" />
        <service id="0x000c" sid="12" name="E'TV RETE 17" type="1" provider="TELEDUCATO" onid="8572" tsid="18521" namespace="0xeeee0000" />
        <service id="0x000a" sid="10" name="E'TV Rete 7" type="1" provider="E' TV" onid="8572" tsid="18521" namespace="0xeeee0000" />
        <service id="0x00d7" sid="215" name="ER24" type="1" provider="TRC" onid="8572" tsid="18521" namespace="0xeeee0000" />
        <service id="0x002b" sid="43" name="RADIO BRUNO TV" type="1" provider="TRC" onid="8572" tsid="18521" namespace="0xeeee0000" />
        <service id="0x002c" sid="44" name="RADIO BRUNO TV" type="1" provider="TRC" onid="8572" tsid="18521" namespace="0xeeee0000" />
        <service id="0x0001" sid="1" name="TRC BOLOGNA" type="1" provider="TRC" onid="8572" tsid="18521" namespace="0xeeee0000" />
        <service id="0x026a" sid="618" name="TRC MODENA" type="1" provider="TRC MODENA" onid="8572" tsid="18521" namespace="0xeeee0000" />
        <service id="0x00b9" sid="185" name="TRC2 Sport" type="1" provider="TRC" onid="8572" tsid="18521" namespace="0xeeee0000" />
      </transponder>
    </terrestrial>
  </terrestrials>
</zapit>
