<?xml version='1.0' encoding='utf-8'?>
<zapit api="4">
  <terrestrials>
    <terrestrial key="eeee0000:6814:217c" name="Teleroma-56" namespace="0xeeee0000">
      <transponder key="eeee0000:6814:217c" frequency="586000000" symbol_rate="0" polarization="L" fec="2" system="0" modulation="3">
        <service id="0x000a" sid="10" name="NPC TV" type="1" provider="" onid="8572" tsid="26644" namespace="0xeeee0000" />
        <service id="0x000b" sid="11" name="RTR 3.0" type="1" provider="" onid="8572" tsid="26644" namespace="0xeeee0000" />
        <service id="0x0001" sid="1" name="TELEROMA 56" type="1" provider="Teleroma 56" onid="8572" tsid="26644" namespace="0xeeee0000" />
        <service id="0x0005" sid="5" name="TELEROMA 56 DOMUS" type="1" provider="Teleroma 56" onid="8572" tsid="26644" namespace="0xeeee0000" />
        <service id="0x0004" sid="4" name="TELEROMA 56 ENTERTAINMENT" type="1" provider="Teleroma 56" onid="8572" tsid="26644" namespace="0xeeee0000" />
        <service id="0x0006" sid="6" name="TELEROMA 56 HD" type="1" provider="Teleroma 56" onid="8572" tsid="26644" namespace="0xeeee0000" />
        <service id="0x0003" sid="3" name="TELEROMA 56 SPORT" type="1" provider="Teleroma 56" onid="8572" tsid="26644" namespace="0xeeee0000" />
      </transponder>
    </terrestrial>
  </terrestrials>
</zapit>
