<?xml version='1.0' encoding='utf-8'?>
<zapit api="4">
  <terrestrials>
    <terrestrial key="eeee0000:6800:217c" name="Rai-Way" namespace="0xeeee0000">
      <transponder key="eeee0000:6800:217c" frequency="634000000" symbol_rate="0" polarization="H" fec="5" system="0" modulation="4">
        <service id="0x008f" sid="143" name="180TV" type="25" provider="Rai Way" onid="8572" tsid="26624" namespace="0xeeee0000" />
        <service id="0x0032" sid="50" name="ANITA" type="1" provider="Rai Way" onid="8572" tsid="26624" namespace="0xeeee0000" />
        <service id="0x007e" sid="126" name="CANALE 21 EXTRA" type="1" provider="Rai Way" onid="8572" tsid="26624" namespace="0xeeee0000" />
        <service id="0x0033" sid="51" name="Canale 81 Lazio" type="1" provider="Rai Way" onid="8572" tsid="26624" namespace="0xeeee0000" />
        <service id="0x0034" sid="52" name="CITTACELESTE TV LA TV DEI LAZIALI" type="25" provider="Rai Way" onid="8572" tsid="26624" namespace="0xeeee0000" />
        <service id="0x008e" sid="142" name="ERRETIESSE TV" type="1" provider="Rai Way" onid="8572" tsid="26624" namespace="0xeeee0000" />
        <service id="0x0039" sid="57" name="MADE IN CALABRIA" type="25" provider="Rai Way" onid="8572" tsid="26624" namespace="0xeeee0000" />
        <service id="0x003b" sid="59" name="RADIO IMMAGINE TV" type="22" provider="Rai Way" onid="8572" tsid="26624" namespace="0xeeee0000" />
        <service id="0x0037" sid="55" name="RADIO RADIO 2 TV" type="22" provider="Rai Way" onid="8572" tsid="26624" namespace="0xeeee0000" />
        <service id="0x007f" sid="127" name="RETE ORO" type="1" provider="Rai Way" onid="8572" tsid="26624" namespace="0xeeee0000" />
        <service id="0x008d" sid="141" name="RETESOLE" type="25" provider="Rai Way" onid="8572" tsid="26624" namespace="0xeeee0000" />
        <service id="0x0036" sid="54" name="RTR 99 TV" type="25" provider="Rai Way" onid="8572" tsid="26624" namespace="0xeeee0000" />
        <service id="0x003a" sid="58" name="TELE IN INFORMAZIONE" type="1" provider="Rai Way" onid="8572" tsid="26624" namespace="0xeeee0000" />
        <service id="0x007c" sid="124" name="Teleambiente" type="22" provider="Rai Way" onid="8572" tsid="26624" namespace="0xeeee0000" />
        <service id="0x008b" sid="139" name="TELEANTENNA.IT NETWORK" type="1" provider="Rai Way" onid="8572" tsid="26624" namespace="0xeeee0000" />
        <service id="0x0038" sid="56" name="TELEROMADUE" type="1" provider="Rai Way" onid="8572" tsid="26624" namespace="0xeeee0000" />
        <service id="0x008c" sid="140" name="TRC" type="22" provider="Rai Way" onid="8572" tsid="26624" namespace="0xeeee0000" />
        <service id="0x0035" sid="53" name="TV SL48" type="22" provider="Rai Way" onid="8572" tsid="26624" namespace="0xeeee0000" />
        <service id="0x008a" sid="138" name="TV YES" type="22" provider="Rai Way" onid="8572" tsid="26624" namespace="0xeeee0000" />
      </transponder>
    </terrestrial>
  </terrestrials>
</zapit>
