<?xml version='1.0' encoding='utf-8'?>
<zapit>
  <bouquet name="General" category="tv">
    <channel service_ref="1:0:1:0001:1400:217c:eeee0000:0:0:0:" name="Canale 16" service_name="Canale 16" provider="MSP 2" sid="1" onid="8572" tsid="5120" />
    <channel service_ref="1:0:1:0008:1400:217c:eeee0000:0:0:0:" name="CHIESA TV" service_name="CHIESA TV" provider="MSP 2" sid="8" onid="8572" tsid="5120" />
    <channel service_ref="1:0:1:0003:1400:217c:eeee0000:0:0:0:" name="Telenova" service_name="Telenova" provider="MSP 2" sid="3" onid="8572" tsid="5120" />
    <channel service_ref="1:0:1:0007:1400:217c:eeee0000:0:0:0:" name="TELENOVA" service_name="TELENOVA" provider="MSP 2" sid="7" onid="8572" tsid="5120" />
    <channel service_ref="1:0:1:0002:1400:217c:eeee0000:0:0:0:" name="TELENOVA 2" service_name="TELENOVA 2" provider="MSP 2" sid="2" onid="8572" tsid="5120" />
    <channel service_ref="1:0:1:0009:1400:217c:eeee0000:0:0:0:" name="Telenova 2" service_name="Telenova 2" provider="MSP 2" sid="9" onid="8572" tsid="5120" />
    <channel service_ref="1:0:1:0005:1400:217c:eeee0000:0:0:0:" name="Telenova 4" service_name="Telenova 4" provider="MSP 2" sid="5" onid="8572" tsid="5120" />
    <channel service_ref="1:0:1:0006:1400:217c:eeee0000:0:0:0:" name="TELENOVA 4" service_name="TELENOVA 4" provider="MSP 2" sid="6" onid="8572" tsid="5120" />
    <channel service_ref="1:0:1:0004:1400:217c:eeee0000:0:0:0:" name="Telenova 5" service_name="Telenova 5" provider="MSP 2" sid="4" onid="8572" tsid="5120" />
    <channel service_ref="1:0:1:000b:1400:217c:eeee0000:0:0:0:" name="TELENOVA HD" service_name="TELENOVA HD" provider="MSP 2" sid="11" onid="8572" tsid="5120" />
    <channel service_ref="1:0:1:000a:1400:217c:eeee0000:0:0:0:" name="Telenova+1" service_name="Telenova+1" provider="MSP 2" sid="10" onid="8572" tsid="5120" />
  </bouquet>
  <bouquet name="TF1" category="tv">
    <channel service_ref="1:0:1:0001:1400:217c:eeee0000:0:0:0:" name="Canale 16" service_name="Canale 16" provider="MSP 2" sid="1" onid="8572" tsid="5120" />
  </bouquet>
  <bouquet name="Switzerland" category="tv">
    <channel service_ref="1:0:1:0003:1400:217c:eeee0000:0:0:0:" name="Telenova" service_name="Telenova" provider="MSP 2" sid="3" onid="8572" tsid="5120" />
    <channel service_ref="1:0:1:0007:1400:217c:eeee0000:0:0:0:" name="TELENOVA" service_name="TELENOVA" provider="MSP 2" sid="7" onid="8572" tsid="5120" />
    <channel service_ref="1:0:1:0002:1400:217c:eeee0000:0:0:0:" name="TELENOVA 2" service_name="TELENOVA 2" provider="MSP 2" sid="2" onid="8572" tsid="5120" />
    <channel service_ref="1:0:1:0009:1400:217c:eeee0000:0:0:0:" name="Telenova 2" service_name="Telenova 2" provider="MSP 2" sid="9" onid="8572" tsid="5120" />
    <channel service_ref="1:0:1:0005:1400:217c:eeee0000:0:0:0:" name="Telenova 4" service_name="Telenova 4" provider="MSP 2" sid="5" onid="8572" tsid="5120" />
    <channel service_ref="1:0:1:0006:1400:217c:eeee0000:0:0:0:" name="TELENOVA 4" service_name="TELENOVA 4" provider="MSP 2" sid="6" onid="8572" tsid="5120" />
    <channel service_ref="1:0:1:0004:1400:217c:eeee0000:0:0:0:" name="Telenova 5" service_name="Telenova 5" provider="MSP 2" sid="4" onid="8572" tsid="5120" />
    <channel service_ref="1:0:1:000b:1400:217c:eeee0000:0:0:0:" name="TELENOVA HD" service_name="TELENOVA HD" provider="MSP 2" sid="11" onid="8572" tsid="5120" />
    <channel service_ref="1:0:1:000a:1400:217c:eeee0000:0:0:0:" name="Telenova+1" service_name="Telenova+1" provider="MSP 2" sid="10" onid="8572" tsid="5120" />
  </bouquet>
  <bouquet name="Resolution - HD" category="tv">
    <channel service_ref="1:0:1:000b:1400:217c:eeee0000:0:0:0:" name="TELENOVA HD" service_name="TELENOVA HD" provider="MSP 2" sid="11" onid="8572" tsid="5120" />
  </bouquet>
  <bouquet name="Others" category="tv">
    <channel service_ref="1:0:1:0008:1400:217c:eeee0000:0:0:0:" name="CHIESA TV" service_name="CHIESA TV" provider="MSP 2" sid="8" onid="8572" tsid="5120" />
  </bouquet>
  <bouquet name="Radio" category="radio">
    <channel service_ref="1:0:2:000e:1400:217c:eeee0000:0:0:0:" name="Radio Marconi" service_name="Radio Marconi" provider="MSP 2" sid="14" onid="8572" tsid="5120" />
    <channel service_ref="1:0:2:000f:1400:217c:eeee0000:0:0:0:" name="Radio Marconi Classic" service_name="Radio Marconi Classic" provider="MSP 2" sid="15" onid="8572" tsid="5120" />
  </bouquet>
  <bouquet name="Digitale Terrestre" category="tv">
    <channel service_ref="1:0:1:b:1400:217c:eeee0000:0:0:0:" name="TELENOVA HD" service_name="TELENOVA HD" provider="MSP 2" sid="11" onid="8572" tsid="5120" />
    <channel service_ref="1:0:1:3:1400:217c:eeee0000:0:0:0:" name="Telenova" service_name="Telenova" provider="MSP 2" sid="3" onid="8572" tsid="5120" />
    <channel service_ref="1:0:1:7:1400:217c:eeee0000:0:0:0:" name="TELENOVA" service_name="TELENOVA" provider="MSP 2" sid="7" onid="8572" tsid="5120" />
    <channel service_ref="1:0:1:a:1400:217c:eeee0000:0:0:0:" name="Telenova+1" service_name="Telenova+1" provider="MSP 2" sid="10" onid="8572" tsid="5120" />
    <channel service_ref="1:0:1:2:1400:217c:eeee0000:0:0:0:" name="TELENOVA 2" service_name="TELENOVA 2" provider="MSP 2" sid="2" onid="8572" tsid="5120" />
    <channel service_ref="1:0:1:6:1400:217c:eeee0000:0:0:0:" name="TELENOVA 4" service_name="TELENOVA 4" provider="MSP 2" sid="6" onid="8572" tsid="5120" />
    <channel service_ref="1:0:1:4:1400:217c:eeee0000:0:0:0:" name="Telenova 5" service_name="Telenova 5" provider="MSP 2" sid="4" onid="8572" tsid="5120" />
    <channel service_ref="1:0:1:1:1400:217c:eeee0000:0:0:0:" name="Canale 16" service_name="Canale 16" provider="MSP 2" sid="1" onid="8572" tsid="5120" />
    <channel service_ref="1:0:1:8:1400:217c:eeee0000:0:0:0:" name="CHIESA TV" service_name="CHIESA TV" provider="MSP 2" sid="8" onid="8572" tsid="5120" />
    <channel service_ref="1:0:1:9:1400:217c:eeee0000:0:0:0:" name="Telenova 2" service_name="Telenova 2" provider="MSP 2" sid="9" onid="8572" tsid="5120" />
    <channel service_ref="1:0:1:5:1400:217c:eeee0000:0:0:0:" name="Telenova 4" service_name="Telenova 4" provider="MSP 2" sid="5" onid="8572" tsid="5120" />
  </bouquet>
  <bouquet name="Digitale Terrestre" category="tv">
    <channel service_ref="1:0:1:b:1400:217c:eeee0000:0:0:0:" name="TELENOVA HD" service_name="TELENOVA HD" provider="MSP 2" sid="11" onid="8572" tsid="5120" />
    <channel service_ref="1:0:1:3:1400:217c:eeee0000:0:0:0:" name="Telenova" service_name="Telenova" provider="MSP 2" sid="3" onid="8572" tsid="5120" />
    <channel service_ref="1:0:1:7:1400:217c:eeee0000:0:0:0:" name="TELENOVA" service_name="TELENOVA" provider="MSP 2" sid="7" onid="8572" tsid="5120" />
    <channel service_ref="1:0:1:a:1400:217c:eeee0000:0:0:0:" name="Telenova+1" service_name="Telenova+1" provider="MSP 2" sid="10" onid="8572" tsid="5120" />
    <channel service_ref="1:0:1:2:1400:217c:eeee0000:0:0:0:" name="TELENOVA 2" service_name="TELENOVA 2" provider="MSP 2" sid="2" onid="8572" tsid="5120" />
    <channel service_ref="1:0:1:6:1400:217c:eeee0000:0:0:0:" name="TELENOVA 4" service_name="TELENOVA 4" provider="MSP 2" sid="6" onid="8572" tsid="5120" />
    <channel service_ref="1:0:1:4:1400:217c:eeee0000:0:0:0:" name="Telenova 5" service_name="Telenova 5" provider="MSP 2" sid="4" onid="8572" tsid="5120" />
    <channel service_ref="1:0:1:1:1400:217c:eeee0000:0:0:0:" name="Canale 16" service_name="Canale 16" provider="MSP 2" sid="1" onid="8572" tsid="5120" />
    <channel service_ref="1:0:1:8:1400:217c:eeee0000:0:0:0:" name="CHIESA TV" service_name="CHIESA TV" provider="MSP 2" sid="8" onid="8572" tsid="5120" />
    <channel service_ref="1:0:1:9:1400:217c:eeee0000:0:0:0:" name="Telenova 2" service_name="Telenova 2" provider="MSP 2" sid="9" onid="8572" tsid="5120" />
    <channel service_ref="1:0:1:5:1400:217c:eeee0000:0:0:0:" name="Telenova 4" service_name="Telenova 4" provider="MSP 2" sid="5" onid="8572" tsid="5120" />
  </bouquet>
  <bouquet name="Digitale Terrestre                         by Gerry" category="tv">
    <channel service_ref="1:0:1:b:1400:217c:eeee0000:0:0:0:" name="TELENOVA HD" service_name="TELENOVA HD" provider="MSP 2" sid="11" onid="8572" tsid="5120" />
    <channel service_ref="1:0:1:3:1400:217c:eeee0000:0:0:0:" name="Telenova" service_name="Telenova" provider="MSP 2" sid="3" onid="8572" tsid="5120" />
    <channel service_ref="1:0:1:7:1400:217c:eeee0000:0:0:0:" name="TELENOVA" service_name="TELENOVA" provider="MSP 2" sid="7" onid="8572" tsid="5120" />
    <channel service_ref="1:0:1:a:1400:217c:eeee0000:0:0:0:" name="Telenova+1" service_name="Telenova+1" provider="MSP 2" sid="10" onid="8572" tsid="5120" />
    <channel service_ref="1:0:1:2:1400:217c:eeee0000:0:0:0:" name="TELENOVA 2" service_name="TELENOVA 2" provider="MSP 2" sid="2" onid="8572" tsid="5120" />
    <channel service_ref="1:0:1:6:1400:217c:eeee0000:0:0:0:" name="TELENOVA 4" service_name="TELENOVA 4" provider="MSP 2" sid="6" onid="8572" tsid="5120" />
    <channel service_ref="1:0:1:4:1400:217c:eeee0000:0:0:0:" name="Telenova 5" service_name="Telenova 5" provider="MSP 2" sid="4" onid="8572" tsid="5120" />
    <channel service_ref="1:0:1:1:1400:217c:eeee0000:0:0:0:" name="Canale 16" service_name="Canale 16" provider="MSP 2" sid="1" onid="8572" tsid="5120" />
    <channel service_ref="1:0:1:8:1400:217c:eeee0000:0:0:0:" name="CHIESA TV" service_name="CHIESA TV" provider="MSP 2" sid="8" onid="8572" tsid="5120" />
    <channel service_ref="1:0:1:9:1400:217c:eeee0000:0:0:0:" name="Telenova 2" service_name="Telenova 2" provider="MSP 2" sid="9" onid="8572" tsid="5120" />
    <channel service_ref="1:0:1:5:1400:217c:eeee0000:0:0:0:" name="Telenova 4" service_name="Telenova 4" provider="MSP 2" sid="5" onid="8572" tsid="5120" />
  </bouquet>
  <bouquet name="Digitale Terrestre                  by Gerry" category="tv">
    <channel service_ref="1:0:1:b:1400:217c:eeee0000:0:0:0:" name="TELENOVA HD" service_name="TELENOVA HD" provider="MSP 2" sid="11" onid="8572" tsid="5120" />
    <channel service_ref="1:0:1:3:1400:217c:eeee0000:0:0:0:" name="Telenova" service_name="Telenova" provider="MSP 2" sid="3" onid="8572" tsid="5120" />
    <channel service_ref="1:0:1:7:1400:217c:eeee0000:0:0:0:" name="TELENOVA" service_name="TELENOVA" provider="MSP 2" sid="7" onid="8572" tsid="5120" />
    <channel service_ref="1:0:1:a:1400:217c:eeee0000:0:0:0:" name="Telenova+1" service_name="Telenova+1" provider="MSP 2" sid="10" onid="8572" tsid="5120" />
    <channel service_ref="1:0:1:2:1400:217c:eeee0000:0:0:0:" name="TELENOVA 2" service_name="TELENOVA 2" provider="MSP 2" sid="2" onid="8572" tsid="5120" />
    <channel service_ref="1:0:1:6:1400:217c:eeee0000:0:0:0:" name="TELENOVA 4" service_name="TELENOVA 4" provider="MSP 2" sid="6" onid="8572" tsid="5120" />
    <channel service_ref="1:0:1:4:1400:217c:eeee0000:0:0:0:" name="Telenova 5" service_name="Telenova 5" provider="MSP 2" sid="4" onid="8572" tsid="5120" />
    <channel service_ref="1:0:1:1:1400:217c:eeee0000:0:0:0:" name="Canale 16" service_name="Canale 16" provider="MSP 2" sid="1" onid="8572" tsid="5120" />
    <channel service_ref="1:0:1:8:1400:217c:eeee0000:0:0:0:" name="CHIESA TV" service_name="CHIESA TV" provider="MSP 2" sid="8" onid="8572" tsid="5120" />
    <channel service_ref="1:0:1:9:1400:217c:eeee0000:0:0:0:" name="Telenova 2" service_name="Telenova 2" provider="MSP 2" sid="9" onid="8572" tsid="5120" />
    <channel service_ref="1:0:1:5:1400:217c:eeee0000:0:0:0:" name="Telenova 4" service_name="Telenova 4" provider="MSP 2" sid="5" onid="8572" tsid="5120" />
  </bouquet>
  <bouquet name="Digitale Terrestre                  By Gerry" category="tv">
    <channel service_ref="1:0:1:b:1400:217c:eeee0000:0:0:0:" name="TELENOVA HD" service_name="TELENOVA HD" provider="MSP 2" sid="11" onid="8572" tsid="5120" />
    <channel service_ref="1:0:1:3:1400:217c:eeee0000:0:0:0:" name="Telenova" service_name="Telenova" provider="MSP 2" sid="3" onid="8572" tsid="5120" />
    <channel service_ref="1:0:1:7:1400:217c:eeee0000:0:0:0:" name="TELENOVA" service_name="TELENOVA" provider="MSP 2" sid="7" onid="8572" tsid="5120" />
    <channel service_ref="1:0:1:a:1400:217c:eeee0000:0:0:0:" name="Telenova+1" service_name="Telenova+1" provider="MSP 2" sid="10" onid="8572" tsid="5120" />
    <channel service_ref="1:0:1:2:1400:217c:eeee0000:0:0:0:" name="TELENOVA 2" service_name="TELENOVA 2" provider="MSP 2" sid="2" onid="8572" tsid="5120" />
    <channel service_ref="1:0:1:6:1400:217c:eeee0000:0:0:0:" name="TELENOVA 4" service_name="TELENOVA 4" provider="MSP 2" sid="6" onid="8572" tsid="5120" />
    <channel service_ref="1:0:1:4:1400:217c:eeee0000:0:0:0:" name="Telenova 5" service_name="Telenova 5" provider="MSP 2" sid="4" onid="8572" tsid="5120" />
    <channel service_ref="1:0:1:1:1400:217c:eeee0000:0:0:0:" name="Canale 16" service_name="Canale 16" provider="MSP 2" sid="1" onid="8572" tsid="5120" />
    <channel service_ref="1:0:1:8:1400:217c:eeee0000:0:0:0:" name="CHIESA TV" service_name="CHIESA TV" provider="MSP 2" sid="8" onid="8572" tsid="5120" />
    <channel service_ref="1:0:1:9:1400:217c:eeee0000:0:0:0:" name="Telenova 2" service_name="Telenova 2" provider="MSP 2" sid="9" onid="8572" tsid="5120" />
    <channel service_ref="1:0:1:5:1400:217c:eeee0000:0:0:0:" name="Telenova 4" service_name="Telenova 4" provider="MSP 2" sid="5" onid="8572" tsid="5120" />
  </bouquet>
  <bouquet name="Digitale Terrestre             by Gerry" category="tv">
    <channel service_ref="1:0:1:3:1400:217c:eeee0000:0:0:0:" name="Telenova" service_name="Telenova" provider="MSP 2" sid="3" onid="8572" tsid="5120" />
    <channel service_ref="1:0:1:b:1400:217c:eeee0000:0:0:0:" name="TELENOVA HD" service_name="TELENOVA HD" provider="MSP 2" sid="11" onid="8572" tsid="5120" />
    <channel service_ref="1:0:1:7:1400:217c:eeee0000:0:0:0:" name="TELENOVA" service_name="TELENOVA" provider="MSP 2" sid="7" onid="8572" tsid="5120" />
    <channel service_ref="1:0:1:a:1400:217c:eeee0000:0:0:0:" name="Telenova+1" service_name="Telenova+1" provider="MSP 2" sid="10" onid="8572" tsid="5120" />
    <channel service_ref="1:0:1:2:1400:217c:eeee0000:0:0:0:" name="TELENOVA 2" service_name="TELENOVA 2" provider="MSP 2" sid="2" onid="8572" tsid="5120" />
    <channel service_ref="1:0:1:6:1400:217c:eeee0000:0:0:0:" name="TELENOVA 4" service_name="TELENOVA 4" provider="MSP 2" sid="6" onid="8572" tsid="5120" />
    <channel service_ref="1:0:1:4:1400:217c:eeee0000:0:0:0:" name="Telenova 5" service_name="Telenova 5" provider="MSP 2" sid="4" onid="8572" tsid="5120" />
    <channel service_ref="1:0:1:1:1400:217c:eeee0000:0:0:0:" name="Canale 16" service_name="Canale 16" provider="MSP 2" sid="1" onid="8572" tsid="5120" />
    <channel service_ref="1:0:1:8:1400:217c:eeee0000:0:0:0:" name="CHIESA TV" service_name="CHIESA TV" provider="MSP 2" sid="8" onid="8572" tsid="5120" />
    <channel service_ref="1:0:1:9:1400:217c:eeee0000:0:0:0:" name="Telenova 2" service_name="Telenova 2" provider="MSP 2" sid="9" onid="8572" tsid="5120" />
    <channel service_ref="1:0:1:5:1400:217c:eeee0000:0:0:0:" name="Telenova 4" service_name="Telenova 4" provider="MSP 2" sid="5" onid="8572" tsid="5120" />
  </bouquet>
  <bouquet name="Digitale Terrestre" category="tv">
    <channel service_ref="1:0:1:1:1400:217c:eeee0000:0:0:0:" name="Canale 16" service_name="Canale 16" provider="MSP 2" sid="1" onid="8572" tsid="5120" />
    <channel service_ref="1:0:1:3:1400:217c:eeee0000:0:0:0:" name="Telenova" service_name="Telenova" provider="MSP 2" sid="3" onid="8572" tsid="5120" />
    <channel service_ref="1:0:1:b:1400:217c:eeee0000:0:0:0:" name="TELENOVA HD" service_name="TELENOVA HD" provider="MSP 2" sid="11" onid="8572" tsid="5120" />
    <channel service_ref="1:0:1:2:1400:217c:eeee0000:0:0:0:" name="TELENOVA 2" service_name="TELENOVA 2" provider="MSP 2" sid="2" onid="8572" tsid="5120" />
    <channel service_ref="1:0:1:7:1400:217c:eeee0000:0:0:0:" name="TELENOVA" service_name="TELENOVA" provider="MSP 2" sid="7" onid="8572" tsid="5120" />
    <channel service_ref="1:0:1:6:1400:217c:eeee0000:0:0:0:" name="TELENOVA 4" service_name="TELENOVA 4" provider="MSP 2" sid="6" onid="8572" tsid="5120" />
    <channel service_ref="1:0:1:5:1400:217c:eeee0000:0:0:0:" name="Telenova 4" service_name="Telenova 4" provider="MSP 2" sid="5" onid="8572" tsid="5120" />
    <channel service_ref="1:0:1:4:1400:217c:eeee0000:0:0:0:" name="Telenova 5" service_name="Telenova 5" provider="MSP 2" sid="4" onid="8572" tsid="5120" />
    <channel service_ref="1:0:1:8:1400:217c:eeee0000:0:0:0:" name="CHIESA TV" service_name="CHIESA TV" provider="MSP 2" sid="8" onid="8572" tsid="5120" />
    <channel service_ref="1:0:1:9:1400:217c:eeee0000:0:0:0:" name="Telenova 2" service_name="Telenova 2" provider="MSP 2" sid="9" onid="8572" tsid="5120" />
    <channel service_ref="1:0:1:a:1400:217c:eeee0000:0:0:0:" name="Telenova+1" service_name="Telenova+1" provider="MSP 2" sid="10" onid="8572" tsid="5120" />
  </bouquet>
</zapit>
