{
  "api_version": 4,
  "bouquet_count": "305",
  "category": "terrestrial",
  "deduplicated_services": "0",
  "display_name": "MSP-2",
  "lamedb_version": "4",
  "last_seen": "unknown",
  "region_code": "msp-2",
  "service_count": "1997",
  "source": "work/ingest/oe-alliance/vhannibal.hotbird.and.dtt.torino/enigma2",
  "stale": "unknown",
  "stats": "{\"bouquet_count\": 47, \"cable_services\": 0, \"radio_services\": 276, \"sat_services\": 1598, \"terrestrial_services\": 399, \"total_services\": 1997}",
  "thresholds": "{\"cable\": 20, \"sat\": 50, \"terrestrial\": 20}",
  "transponder_count": "113"
}