<?xml version='1.0' encoding='utf-8'?>
<zapit>
  <bouquet name="General" category="tv">
    <channel service_ref="1:0:1:0004:27d7:217c:eeee0000:0:0:0:" name="BERGAMO TV..." service_name="BERGAMO TV..." provider="QUENZA" sid="4" onid="8572" tsid="10199" />
    <channel service_ref="1:0:1:002b:27d7:217c:eeee0000:0:0:0:" name="Lodi Crema Tv..." service_name="Lodi Crema Tv..." provider="QUENZA" sid="43" onid="8572" tsid="10199" />
    <channel service_ref="1:0:1:0006:27d7:217c:eeee0000:0:0:0:" name="RADIO LOMBARDIA TV..." service_name="RADIO LOMBARDIA TV..." provider="QUENZA" sid="6" onid="8572" tsid="10199" />
    <channel service_ref="1:0:1:109b:27d7:217c:eeee0000:0:0:0:" name="RDS Social TV..." service_name="RDS Social TV..." provider="QUENZA" sid="4251" onid="8572" tsid="10199" />
    <channel service_ref="1:0:1:0001:27d7:217c:eeee0000:0:0:0:" name="RN1TV..." service_name="RN1TV..." provider="QUENZA" sid="1" onid="8572" tsid="10199" />
    <channel service_ref="1:0:1:0002:27d7:217c:eeee0000:0:0:0:" name="SEILATV..." service_name="SEILATV..." provider="QUENZA" sid="2" onid="8572" tsid="10199" />
    <channel service_ref="1:0:1:000a:27d7:217c:eeee0000:0:0:0:" name="TELE RITMO..." service_name="TELE RITMO..." provider="QUENZA" sid="10" onid="8572" tsid="10199" />
    <channel service_ref="1:0:1:000c:27d7:217c:eeee0000:0:0:0:" name="TELECUPOLE..." service_name="TELECUPOLE..." provider="QUENZA" sid="12" onid="8572" tsid="10199" />
    <channel service_ref="1:0:1:002c:27d7:217c:eeee0000:0:0:0:" name="Telepace..." service_name="Telepace..." provider="QUENZA" sid="44" onid="8572" tsid="10199" />
    <channel service_ref="1:0:1:0005:27d7:217c:eeee0000:0:0:0:" name="UNICA SONDRIO" service_name="UNICA SONDRIO" provider="QUENZA" sid="5" onid="8572" tsid="10199" />
    <channel service_ref="1:0:1:000f:27d7:217c:eeee0000:0:0:0:" name="VideoNovara..." service_name="VideoNovara..." provider="QUENZA" sid="15" onid="8572" tsid="10199" />
  </bouquet>
  <bouquet name="ARD/ZDF" category="tv">
    <channel service_ref="1:0:1:0006:27d7:217c:eeee0000:0:0:0:" name="RADIO LOMBARDIA TV..." service_name="RADIO LOMBARDIA TV..." provider="QUENZA" sid="6" onid="8572" tsid="10199" />
    <channel service_ref="1:0:1:0005:27d7:217c:eeee0000:0:0:0:" name="UNICA SONDRIO" service_name="UNICA SONDRIO" provider="QUENZA" sid="5" onid="8572" tsid="10199" />
  </bouquet>
  <bouquet name="Austria" category="tv">
    <channel service_ref="1:0:1:0002:27d7:217c:eeee0000:0:0:0:" name="SEILATV..." service_name="SEILATV..." provider="QUENZA" sid="2" onid="8572" tsid="10199" />
  </bouquet>
  <bouquet name="Switzerland" category="tv">
    <channel service_ref="1:0:1:000a:27d7:217c:eeee0000:0:0:0:" name="TELE RITMO..." service_name="TELE RITMO..." provider="QUENZA" sid="10" onid="8572" tsid="10199" />
    <channel service_ref="1:0:1:000c:27d7:217c:eeee0000:0:0:0:" name="TELECUPOLE..." service_name="TELECUPOLE..." provider="QUENZA" sid="12" onid="8572" tsid="10199" />
    <channel service_ref="1:0:1:002c:27d7:217c:eeee0000:0:0:0:" name="Telepace..." service_name="Telepace..." provider="QUENZA" sid="44" onid="8572" tsid="10199" />
  </bouquet>
  <bouquet name="International" category="tv">
    <channel service_ref="1:0:1:000f:27d7:217c:eeee0000:0:0:0:" name="VideoNovara..." service_name="VideoNovara..." provider="QUENZA" sid="15" onid="8572" tsid="10199" />
  </bouquet>
  <bouquet name="Others" category="tv">
    <channel service_ref="1:0:1:0004:27d7:217c:eeee0000:0:0:0:" name="BERGAMO TV..." service_name="BERGAMO TV..." provider="QUENZA" sid="4" onid="8572" tsid="10199" />
    <channel service_ref="1:0:1:002b:27d7:217c:eeee0000:0:0:0:" name="Lodi Crema Tv..." service_name="Lodi Crema Tv..." provider="QUENZA" sid="43" onid="8572" tsid="10199" />
    <channel service_ref="1:0:1:109b:27d7:217c:eeee0000:0:0:0:" name="RDS Social TV..." service_name="RDS Social TV..." provider="QUENZA" sid="4251" onid="8572" tsid="10199" />
    <channel service_ref="1:0:1:0001:27d7:217c:eeee0000:0:0:0:" name="RN1TV..." service_name="RN1TV..." provider="QUENZA" sid="1" onid="8572" tsid="10199" />
  </bouquet>
  <bouquet name="Radio" category="radio">
    <channel service_ref="1:0:2:000e:27d7:217c:eeee0000:0:0:0:" name="RADIO ALTA..." service_name="RADIO ALTA..." provider="QUENZA" sid="14" onid="8572" tsid="10199" />
    <channel service_ref="1:0:2:000d:27d7:217c:eeee0000:0:0:0:" name="RADIO MILLENOTE..." service_name="RADIO MILLENOTE..." provider="QUENZA" sid="13" onid="8572" tsid="10199" />
    <channel service_ref="1:0:2:000b:27d7:217c:eeee0000:0:0:0:" name="RADIONUMBERONE..." service_name="RADIONUMBERONE..." provider="QUENZA" sid="11" onid="8572" tsid="10199" />
    <channel service_ref="1:0:2:0007:27d7:217c:eeee0000:0:0:0:" name="RADIOPACE..." service_name="RADIOPACE..." provider="QUENZA" sid="7" onid="8572" tsid="10199" />
  </bouquet>
  <bouquet name="Digitale Terrestre" category="tv">
    <channel service_ref="1:0:1:1:27d7:217c:eeee0000:0:0:0:" name="RN1TV..." service_name="RN1TV..." provider="QUENZA" sid="1" onid="8572" tsid="10199" />
    <channel service_ref="1:0:1:2:27d7:217c:eeee0000:0:0:0:" name="SEILATV..." service_name="SEILATV..." provider="QUENZA" sid="2" onid="8572" tsid="10199" />
    <channel service_ref="1:0:1:4:27d7:217c:eeee0000:0:0:0:" name="BERGAMO TV..." service_name="BERGAMO TV..." provider="QUENZA" sid="4" onid="8572" tsid="10199" />
    <channel service_ref="1:0:1:5:27d7:217c:eeee0000:0:0:0:" name="UNICA SONDRIO" service_name="UNICA SONDRIO" provider="QUENZA" sid="5" onid="8572" tsid="10199" />
    <channel service_ref="1:0:1:6:27d7:217c:eeee0000:0:0:0:" name="RADIO LOMBARDIA TV..." service_name="RADIO LOMBARDIA TV..." provider="QUENZA" sid="6" onid="8572" tsid="10199" />
    <channel service_ref="1:0:1:b:27d7:217c:eeee0000:0:0:0:" name="RADIONUMBERONE..." service_name="RADIONUMBERONE..." provider="QUENZA" sid="11" onid="8572" tsid="10199" />
    <channel service_ref="1:0:2:7:27d7:217c:eeee0000:0:0:0:" name="RADIOPACE..." service_name="RADIOPACE..." provider="QUENZA" sid="7" onid="8572" tsid="10199" />
    <channel service_ref="1:0:2:e:27d7:217c:eeee0000:0:0:0:" name="RADIO ALTA..." service_name="RADIO ALTA..." provider="QUENZA" sid="14" onid="8572" tsid="10199" />
  </bouquet>
  <bouquet name="Digitale Terrestre                  by Rennys" category="tv">
    <channel service_ref="1:0:1:1:27d7:217c:eeee0000:0:0:0:" name="RN1TV..." service_name="RN1TV..." provider="QUENZA" sid="1" onid="8572" tsid="10199" />
    <channel service_ref="1:0:1:2:27d7:217c:eeee0000:0:0:0:" name="SEILATV..." service_name="SEILATV..." provider="QUENZA" sid="2" onid="8572" tsid="10199" />
    <channel service_ref="1:0:1:4:27d7:217c:eeee0000:0:0:0:" name="BERGAMO TV..." service_name="BERGAMO TV..." provider="QUENZA" sid="4" onid="8572" tsid="10199" />
    <channel service_ref="1:0:1:5:27d7:217c:eeee0000:0:0:0:" name="UNICA SONDRIO" service_name="UNICA SONDRIO" provider="QUENZA" sid="5" onid="8572" tsid="10199" />
    <channel service_ref="1:0:1:6:27d7:217c:eeee0000:0:0:0:" name="RADIO LOMBARDIA TV..." service_name="RADIO LOMBARDIA TV..." provider="QUENZA" sid="6" onid="8572" tsid="10199" />
    <channel service_ref="1:0:1:b:27d7:217c:eeee0000:0:0:0:" name="RADIONUMBERONE..." service_name="RADIONUMBERONE..." provider="QUENZA" sid="11" onid="8572" tsid="10199" />
    <channel service_ref="1:0:2:7:27d7:217c:eeee0000:0:0:0:" name="RADIOPACE..." service_name="RADIOPACE..." provider="QUENZA" sid="7" onid="8572" tsid="10199" />
    <channel service_ref="1:0:2:e:27d7:217c:eeee0000:0:0:0:" name="RADIO ALTA..." service_name="RADIO ALTA..." provider="QUENZA" sid="14" onid="8572" tsid="10199" />
  </bouquet>
  <bouquet name="Digitale Terrestre                by Rennys" category="tv">
    <channel service_ref="1:0:1:1:27d7:217c:eeee0000:0:0:0:" name="RN1TV..." service_name="RN1TV..." provider="QUENZA" sid="1" onid="8572" tsid="10199" />
    <channel service_ref="1:0:1:2:27d7:217c:eeee0000:0:0:0:" name="SEILATV..." service_name="SEILATV..." provider="QUENZA" sid="2" onid="8572" tsid="10199" />
    <channel service_ref="1:0:1:4:27d7:217c:eeee0000:0:0:0:" name="BERGAMO TV..." service_name="BERGAMO TV..." provider="QUENZA" sid="4" onid="8572" tsid="10199" />
    <channel service_ref="1:0:1:5:27d7:217c:eeee0000:0:0:0:" name="UNICA SONDRIO" service_name="UNICA SONDRIO" provider="QUENZA" sid="5" onid="8572" tsid="10199" />
    <channel service_ref="1:0:1:6:27d7:217c:eeee0000:0:0:0:" name="RADIO LOMBARDIA TV..." service_name="RADIO LOMBARDIA TV..." provider="QUENZA" sid="6" onid="8572" tsid="10199" />
    <channel service_ref="1:0:1:b:27d7:217c:eeee0000:0:0:0:" name="RADIONUMBERONE..." service_name="RADIONUMBERONE..." provider="QUENZA" sid="11" onid="8572" tsid="10199" />
    <channel service_ref="1:0:2:7:27d7:217c:eeee0000:0:0:0:" name="RADIOPACE..." service_name="RADIOPACE..." provider="QUENZA" sid="7" onid="8572" tsid="10199" />
    <channel service_ref="1:0:2:e:27d7:217c:eeee0000:0:0:0:" name="RADIO ALTA..." service_name="RADIO ALTA..." provider="QUENZA" sid="14" onid="8572" tsid="10199" />
  </bouquet>
</zapit>
