<?xml version='1.0' encoding='utf-8'?>
<zapit api="4">
  <satellites>
    <satellite key="02030000:012d:162d" name="Sat-51.5E" namespace="0x02030000" position="51.5">
      <transponder key="02030000:012d:162d" frequency="11230000" symbol_rate="45000000" polarization="H" fec="6" system="0" modulation="0">
        <service id="0x006d" sid="109" name="Arena Sport 2" type="25" provider="Fotelka" onid="5677" tsid="301" namespace="0x02030000" />
        <service id="0x0010" sid="16" name="Barrandov" type="25" provider="Fotelka" onid="5677" tsid="301" namespace="0x02030000" />
        <service id="0x000e" sid="14" name="Cartoon Network" type="1" provider="Fotelka" onid="5677" tsid="301" namespace="0x02030000" />
        <service id="0x000a" sid="10" name="CT 2" type="25" provider="Fotelka" onid="5677" tsid="301" namespace="0x02030000" />
        <service id="0x001d" sid="29" name="CT D / art" type="25" provider="Fotelka" onid="5677" tsid="301" namespace="0x02030000" />
        <service id="0x000b" sid="11" name="CT Sport" type="25" provider="Fotelka" onid="5677" tsid="301" namespace="0x02030000" />
        <service id="0x0007" sid="7" name="Dajto" type="25" provider="Fotelka" onid="5677" tsid="301" namespace="0x02030000" />
        <service id="0x0005" sid="5" name="Doma" type="25" provider="Fotelka" onid="5677" tsid="301" namespace="0x02030000" />
        <service id="0x0002" sid="2" name="Dvojka" type="25" provider="Fotelka" onid="5677" tsid="301" namespace="0x02030000" />
        <service id="0x002a" sid="42" name="Eurosport 2" type="25" provider="Fotelka" onid="5677" tsid="301" namespace="0x02030000" />
        <service id="0x02bc" sid="700" name="Fotelka TV" type="25" provider="Fotelka" onid="5677" tsid="301" namespace="0x02030000" />
        <service id="0x003f" sid="63" name="ID" type="25" provider="Fotelka" onid="5677" tsid="301" namespace="0x02030000" />
        <service id="0x0001" sid="1" name="Jednotka" type="25" provider="Fotelka" onid="5677" tsid="301" namespace="0x02030000" />
        <service id="0x0003" sid="3" name="Joj" type="25" provider="Fotelka" onid="5677" tsid="301" namespace="0x02030000" />
        <service id="0x005a" sid="90" name="JOJ Cinema" type="25" provider="Fotelka" onid="5677" tsid="301" namespace="0x02030000" />
        <service id="0x001a" sid="26" name="LEO" type="25" provider="Fotelka" onid="5677" tsid="301" namespace="0x02030000" />
        <service id="0x01a2" sid="418" name="Lounge TV 4K" type="25" provider="Fotelka" onid="5677" tsid="301" namespace="0x02030000" />
        <service id="0x0004" sid="4" name="Markiza" type="25" provider="Fotelka" onid="5677" tsid="301" namespace="0x02030000" />
        <service id="0x004c" sid="76" name="National Geographic" type="25" provider="Fotelka" onid="5677" tsid="301" namespace="0x02030000" />
        <service id="0x007e" sid="126" name="Nick Junior" type="1" provider="Fotelka" onid="5677" tsid="301" namespace="0x02030000" />
        <service id="0x007c" sid="124" name="Nickelodeon" type="1" provider="Fotelka" onid="5677" tsid="301" namespace="0x02030000" />
        <service id="0x002b" sid="43" name="Nova Sport 1" type="25" provider="Fotelka" onid="5677" tsid="301" namespace="0x02030000" />
        <service id="0x0006" sid="6" name="Plus" type="25" provider="Fotelka" onid="5677" tsid="301" namespace="0x02030000" />
        <service id="0x02c2" sid="706" name="Regio PO - TV7" type="1" provider="Fotelka" onid="5677" tsid="301" namespace="0x02030000" />
        <service id="0x02c1" sid="705" name="Regio TN - Povazie" type="1" provider="Fotelka" onid="5677" tsid="301" namespace="0x02030000" />
        <service id="0x02be" sid="702" name="Regio TT - Vega" type="1" provider="Fotelka" onid="5677" tsid="301" namespace="0x02030000" />
        <service id="0x02bd" sid="701" name="Regio ZA - Severka" type="1" provider="Fotelka" onid="5677" tsid="301" namespace="0x02030000" />
        <service id="0x0024" sid="36" name="Reserved" type="1" provider="Fotelka" onid="5677" tsid="301" namespace="0x02030000" />
        <service id="0x007d" sid="125" name="Reserved" type="25" provider="Fotelka" onid="5677" tsid="301" namespace="0x02030000" />
        <service id="0x02bf" sid="703" name="Reserved" type="1" provider="Fotelka" onid="5677" tsid="301" namespace="0x02030000" />
        <service id="0x02c0" sid="704" name="Reserved" type="25" provider="Fotelka" onid="5677" tsid="301" namespace="0x02030000" />
        <service id="0x02c3" sid="707" name="Reserved for promo" type="25" provider="Fotelka" onid="5677" tsid="301" namespace="0x02030000" />
        <service id="0x007a" sid="122" name="RIK" type="1" provider="Fotelka" onid="5677" tsid="301" namespace="0x02030000" />
        <service id="0x0009" sid="9" name="TA3" type="25" provider="Fotelka" onid="5677" tsid="301" namespace="0x02030000" />
        <service id="0x002c" sid="44" name="Travel Channel" type="25" provider="Fotelka" onid="5677" tsid="301" namespace="0x02030000" />
        <service id="0x000f" sid="15" name="Trojka" type="1" provider="Fotelka" onid="5677" tsid="301" namespace="0x02030000" />
        <service id="0x0008" sid="8" name="WAU" type="25" provider="Fotelka" onid="5677" tsid="301" namespace="0x02030000" />
      </transponder>
    </satellite>
    <satellite key="02030000:012e:162d" name="Sat-51.5E" namespace="0x02030000" position="51.5">
      <transponder key="02030000:012e:162d" frequency="11290000" symbol_rate="45000000" polarization="H" fec="6" system="0" modulation="0">
        <service id="0x006b" sid="107" name="Arena Sport 1" type="25" provider="Fotelka" onid="5677" tsid="302" namespace="0x02030000" />
        <service id="0x001a" sid="26" name="Chuck TV" type="1" provider="Fotelka" onid="5677" tsid="302" namespace="0x02030000" />
        <service id="0x0016" sid="22" name="CT 3" type="25" provider="Fotelka" onid="5677" tsid="302" namespace="0x02030000" />
        <service id="0x004e" sid="78" name="Discovery Channel" type="25" provider="Fotelka" onid="5677" tsid="302" namespace="0x02030000" />
        <service id="0x000e" sid="14" name="Discovery Science" type="25" provider="Fotelka" onid="5677" tsid="302" namespace="0x02030000" />
        <service id="0x00be" sid="190" name="Dorcel" type="25" provider="Fotelka" onid="5677" tsid="302" namespace="0x02030000" />
        <service id="0x0029" sid="41" name="Eurosport 1" type="25" provider="Fotelka" onid="5677" tsid="302" namespace="0x02030000" />
        <service id="0x003c" sid="60" name="FilmBox" type="25" provider="Fotelka" onid="5677" tsid="302" namespace="0x02030000" />
        <service id="0x003d" sid="61" name="FilmBox Extra" type="25" provider="Fotelka" onid="5677" tsid="302" namespace="0x02030000" />
        <service id="0x02a9" sid="681" name="FilmBox Family" type="1" provider="Fotelka" onid="5677" tsid="302" namespace="0x02030000" />
        <service id="0x003e" sid="62" name="FilmBox Premium" type="25" provider="Fotelka" onid="5677" tsid="302" namespace="0x02030000" />
        <service id="0x002a" sid="42" name="FilmBox Stars" type="1" provider="Fotelka" onid="5677" tsid="302" namespace="0x02030000" />
        <service id="0x0022" sid="34" name="Fishing and Hunting" type="1" provider="Fotelka" onid="5677" tsid="302" namespace="0x02030000" />
        <service id="0x0027" sid="39" name="Food Network" type="1" provider="Fotelka" onid="5677" tsid="302" namespace="0x02030000" />
        <service id="0x003a" sid="58" name="Infokanal Fotelka.TV" type="1" provider="Fotelka" onid="5677" tsid="302" namespace="0x02030000" />
        <service id="0x00bf" sid="191" name="Kino Barrandov" type="1" provider="Fotelka" onid="5677" tsid="302" namespace="0x02030000" />
        <service id="0x0034" sid="52" name="MTV 00s" type="1" provider="Fotelka" onid="5677" tsid="302" namespace="0x02030000" />
        <service id="0x004b" sid="75" name="Nat Geo Wild" type="25" provider="Fotelka" onid="5677" tsid="302" namespace="0x02030000" />
        <service id="0x0013" sid="19" name="NOE" type="1" provider="Fotelka" onid="5677" tsid="302" namespace="0x02030000" />
        <service id="0x0015" sid="21" name="Nova Sport 2" type="25" provider="Fotelka" onid="5677" tsid="302" namespace="0x02030000" />
        <service id="0x0011" sid="17" name="Paramount Network" type="1" provider="Fotelka" onid="5677" tsid="302" namespace="0x02030000" />
        <service id="0x008c" sid="140" name="Prima KRIMI" type="25" provider="Fotelka" onid="5677" tsid="302" namespace="0x02030000" />
        <service id="0x0021" sid="33" name="Prima LOVE" type="25" provider="Fotelka" onid="5677" tsid="302" namespace="0x02030000" />
        <service id="0x0019" sid="25" name="Prima MAX" type="1" provider="Fotelka" onid="5677" tsid="302" namespace="0x02030000" />
        <service id="0x001c" sid="28" name="Prima ZOOM" type="25" provider="Fotelka" onid="5677" tsid="302" namespace="0x02030000" />
        <service id="0x0037" sid="55" name="REBEL" type="1" provider="Fotelka" onid="5677" tsid="302" namespace="0x02030000" />
        <service id="0x000d" sid="13" name="Regio BA - TV9" type="1" provider="Fotelka" onid="5677" tsid="302" namespace="0x02030000" />
        <service id="0x005f" sid="95" name="Regio KE - Východ" type="25" provider="Fotelka" onid="5677" tsid="302" namespace="0x02030000" />
        <service id="0x000c" sid="12" name="Regio NR - Central" type="1" provider="Fotelka" onid="5677" tsid="302" namespace="0x02030000" />
        <service id="0x000f" sid="15" name="Relax" type="1" provider="Fotelka" onid="5677" tsid="302" namespace="0x02030000" />
        <service id="0x000a" sid="10" name="Reserved" type="1" provider="Fotelka" onid="5677" tsid="302" namespace="0x02030000" />
        <service id="0x0031" sid="49" name="Reserved" type="1" provider="Fotelka" onid="5677" tsid="302" namespace="0x02030000" />
        <service id="0x007f" sid="127" name="Reserved" type="1" provider="Fotelka" onid="5677" tsid="302" namespace="0x02030000" />
        <service id="0x008b" sid="139" name="Reserved" type="25" provider="Fotelka" onid="5677" tsid="302" namespace="0x02030000" />
        <service id="0x00c0" sid="192" name="Reserved" type="25" provider="Fotelka" onid="5677" tsid="302" namespace="0x02030000" />
        <service id="0x00c5" sid="197" name="Reserved" type="1" provider="Fotelka" onid="5677" tsid="302" namespace="0x02030000" />
        <service id="0x001b" sid="27" name="Reserved for Vyletal.TV" type="1" provider="Fotelka" onid="5677" tsid="302" namespace="0x02030000" />
        <service id="0x0035" sid="53" name="Retro Music" type="1" provider="Fotelka" onid="5677" tsid="302" namespace="0x02030000" />
        <service id="0x0025" sid="37" name="Romana" type="1" provider="Fotelka" onid="5677" tsid="302" namespace="0x02030000" />
        <service id="0x0038" sid="56" name="RTVS Sport" type="25" provider="Fotelka" onid="5677" tsid="302" namespace="0x02030000" />
        <service id="0x0039" sid="57" name="Senzi" type="1" provider="Fotelka" onid="5677" tsid="302" namespace="0x02030000" />
        <service id="0x000b" sid="11" name="Slagr Premium" type="1" provider="Fotelka" onid="5677" tsid="302" namespace="0x02030000" />
        <service id="0x006e" sid="110" name="Sport 5" type="1" provider="Fotelka" onid="5677" tsid="302" namespace="0x02030000" />
        <service id="0x0020" sid="32" name="TLC" type="1" provider="Fotelka" onid="5677" tsid="302" namespace="0x02030000" />
        <service id="0x0012" sid="18" name="Šláger Muzika" type="1" provider="Fotelka" onid="5677" tsid="302" namespace="0x02030000" />
      </transponder>
    </satellite>
    <satellite key="02032c56:0003:ff00" name="Sat-51.5E" namespace="0x02032c56" position="51.5">
      <transponder key="02032c56:0003:ff00" frequency="11350000" symbol_rate="45000000" polarization="H" fec="3" system="0" modulation="0">
        <service id="0x000a" sid="10" name="BTB" type="25" provider="Belintersat" onid="65280" tsid="3" namespace="0x02032c56" />
        <service id="0x0c1d" sid="3101" name="TEST S1 HD" type="25" provider="Belintersat" onid="65280" tsid="3" namespace="0x02032c56" />
        <service id="0x0c1e" sid="3102" name="TEST S2 HD" type="25" provider="Belintersat" onid="65280" tsid="3" namespace="0x02032c56" />
        <service id="0x0c1f" sid="3103" name="TEST S3 HD" type="25" provider="Belintersat" onid="65280" tsid="3" namespace="0x02032c56" />
        <service id="0x0c20" sid="3104" name="TEST S4 HD" type="25" provider="Belintersat" onid="65280" tsid="3" namespace="0x02032c56" />
        <service id="0x0c21" sid="3105" name="TEST S5 HD" type="25" provider="Belintersat" onid="65280" tsid="3" namespace="0x02032c56" />
        <service id="0x0c22" sid="3106" name="TEST S6 HD" type="25" provider="Belintersat" onid="65280" tsid="3" namespace="0x02032c56" />
        <service id="0x0c23" sid="3107" name="TEST S7 HD" type="25" provider="Belintersat" onid="65280" tsid="3" namespace="0x02032c56" />
        <service id="0x0c24" sid="3108" name="TEST S8 HD" type="25" provider="Belintersat" onid="65280" tsid="3" namespace="0x02032c56" />
        <service id="0x0c25" sid="3109" name="TEST S9 HD" type="25" provider="Belintersat" onid="65280" tsid="3" namespace="0x02032c56" />
      </transponder>
    </satellite>
  </satellites>
</zapit>
