<?xml version='1.0' encoding='utf-8'?>
<zapit api="4">
  <satellites>
    <satellite key="0d1b0000:0001:04d2" name="Sat-24.5W" namespace="0x0d1b0000" position="-24.5">
      <transponder key="0d1b0000:0001:04d2" frequency="11626000" symbol_rate="13500000" polarization="H" fec="5" system="0" modulation="0">
        <service id="0x0005" sid="5" name="Canal de las Estrellas" type="1" provider="Visat" onid="1234" tsid="1" namespace="0x0d1b0000" />
        <service id="0x0001" sid="1" name="Clásico TV" type="1" provider="Visat" onid="1234" tsid="1" namespace="0x0d1b0000" />
        <service id="0x0004" sid="4" name="De Pelicula" type="1" provider="Visat" onid="1234" tsid="1" namespace="0x0d1b0000" />
        <service id="0x0002" sid="2" name="RitmoSon Latino" type="1" provider="Visat" onid="1234" tsid="1" namespace="0x0d1b0000" />
        <service id="0x0003" sid="3" name="TeleHit" type="1" provider="Visat" onid="1234" tsid="1" namespace="0x0d1b0000" />
        <service id="0x0006" sid="6" name="Telenovelas" type="1" provider="Visat" onid="1234" tsid="1" namespace="0x0d1b0000" />
      </transponder>
    </satellite>
    <satellite key="0d1b0000:0001:0190" name="Sat-24.5W" namespace="0x0d1b0000" position="-24.5">
      <transponder key="0d1b0000:0001:0190" frequency="11133000" symbol_rate="14115000" polarization="V" fec="1" system="0" modulation="0">
        <service id="0x0002" sid="2" name="Italy 1" type="1" provider="Encoder" onid="400" tsid="1" namespace="0x0d1b0000" />
        <service id="0x0003" sid="3" name="Italy 4" type="1" provider="Encoder" onid="400" tsid="1" namespace="0x0d1b0000" />
        <service id="0x000e" sid="14" name="NTA" type="1" provider="Nigerian Television" onid="400" tsid="1" namespace="0x0d1b0000" />
      </transponder>
    </satellite>
    <satellite key="0d1b0000:0004:0004" name="Sat-24.5W" namespace="0x0d1b0000" position="-24.5">
      <transponder key="0d1b0000:0004:0004" frequency="11477000" symbol_rate="27500000" polarization="H" fec="3" system="0" modulation="0">
        <service id="0x0001" sid="1" name="AMC Spain" type="1" provider="AMC Networks Iberia" onid="4" tsid="4" namespace="0x0d1b0000" />
        <service id="0x0009" sid="9" name="Canal Cocina" type="1" provider="AMC Networks Iberia" onid="4" tsid="4" namespace="0x0d1b0000" />
        <service id="0x000b" sid="11" name="Canal Hollywood" type="1" provider="AMC Networks Iberia" onid="4" tsid="4" namespace="0x0d1b0000" />
        <service id="0x0005" sid="5" name="Canal Panda" type="1" provider="AMC Networks Iberia" onid="4" tsid="4" namespace="0x0d1b0000" />
        <service id="0x0004" sid="4" name="Dark" type="1" provider="AMC Networks Iberia" onid="4" tsid="4" namespace="0x0d1b0000" />
        <service id="0x000a" sid="10" name="Decasa TV" type="1" provider="AMC Networks Iberia" onid="4" tsid="4" namespace="0x0d1b0000" />
        <service id="0x000c" sid="12" name="Odisea" type="1" provider="AMC Networks Iberia" onid="4" tsid="4" namespace="0x0d1b0000" />
        <service id="0x0006" sid="6" name="Sol Música" type="1" provider="AMC Networks Iberia" onid="4" tsid="4" namespace="0x0d1b0000" />
        <service id="0x0008" sid="8" name="Somos" type="1" provider="AMC Networks Iberia" onid="4" tsid="4" namespace="0x0d1b0000" />
        <service id="0x0003" sid="3" name="XTRM" type="1" provider="AMC Networks Iberia" onid="4" tsid="4" namespace="0x0d1b0000" />
      </transponder>
    </satellite>
    <satellite key="0d1b0000:0005:0005" name="Sat-24.5W" namespace="0x0d1b0000" position="-24.5">
      <transponder key="0d1b0000:0005:0005" frequency="11513000" symbol_rate="27500000" polarization="H" fec="3" system="0" modulation="0">
        <service id="0x000c" sid="12" name="A&amp;E Spain &amp; Portugal" type="1" provider="AMC Networks Iberia" onid="5" tsid="5" namespace="0x0d1b0000" />
        <service id="0x000f" sid="15" name="Canal de Historia" type="1" provider="AMC Networks Iberia" onid="5" tsid="5" namespace="0x0d1b0000" />
        <service id="0x000d" sid="13" name="Crímen e Investigación" type="1" provider="AMC Networks Iberia" onid="5" tsid="5" namespace="0x0d1b0000" />
        <service id="0x0a8c" sid="2700" name="Record News" type="1" provider="Harmonic" onid="5" tsid="5" namespace="0x0d1b0000" />
        <service id="0x0002" sid="2" name="Sundance TV" type="1" provider="AMC Networks Iberia" onid="5" tsid="5" namespace="0x0d1b0000" />
        <service id="0x09c4" sid="2500" name="TV Record HD" type="1" provider="Telefonica Servicios Audiovisuales" onid="5" tsid="5" namespace="0x0d1b0000" />
      </transponder>
    </satellite>
    <satellite key="0d1baccc:0001:0001" name="Sat-24.5W" namespace="0x0d1baccc" position="-24.5">
      <transponder key="0d1baccc:0001:0001" frequency="11468000" symbol_rate="3100000" polarization="V" fec="5" system="0" modulation="0">
        <service id="0x0001" sid="1" name="ITN Newsnet" type="1" provider="Service Provider" onid="1" tsid="1" namespace="0x0d1baccc" />
      </transponder>
    </satellite>
    <satellite key="0d1bace0:0001:0001" name="Sat-24.5W" namespace="0x0d1bace0" position="-24.5">
      <transponder key="0d1bace0:0001:0001" frequency="11488000" symbol_rate="11635000" polarization="V" fec="4" system="0" modulation="0">
        <service id="0x0007" sid="7" name="Arta" type="25" provider="" onid="1" tsid="1" namespace="0x0d1bace0" />
        <service id="0x0006" sid="6" name="Klan Kosova" type="25" provider="" onid="1" tsid="1" namespace="0x0d1bace0" />
        <service id="0x0002" sid="2" name="Klan Kosova HD" type="25" provider="" onid="1" tsid="1" namespace="0x0d1bace0" />
        <service id="0x0001" sid="1" name="KTV Kohavision HD" type="25" provider="" onid="1" tsid="1" namespace="0x0d1bace0" />
        <service id="0x0008" sid="8" name="RRokum" type="25" provider="" onid="1" tsid="1" namespace="0x0d1bace0" />
        <service id="0x0003" sid="3" name="RTV 21 HD" type="25" provider="" onid="1" tsid="1" namespace="0x0d1bace0" />
        <service id="0x000b" sid="11" name="RTV 21 Plus" type="25" provider="" onid="1" tsid="1" namespace="0x0d1bace0" />
        <service id="0x0004" sid="4" name="RTV 21 Sat" type="25" provider="" onid="1" tsid="1" namespace="0x0d1bace0" />
        <service id="0x0005" sid="5" name="TV Klan" type="25" provider="" onid="1" tsid="1" namespace="0x0d1bace0" />
      </transponder>
    </satellite>
  </satellites>
</zapit>
