<?xml version='1.0' encoding='utf-8'?>
<zapit api="4">
  <satellites>
    <satellite key="001e0000:0069:212c" name="Sat-3E" namespace="0x001e0000" position="3">
      <transponder key="001e0000:0069:212c" frequency="12737000" symbol_rate="15055000" polarization="H" fec="3" system="0" modulation="0">
        <service id="0x0c1c" sid="3100" name="ALPHA" type="1" provider="DIGEA" onid="8492" tsid="105" namespace="0x001e0000" />
        <service id="0x0ce4" sid="3300" name="ANT1" type="1" provider="DIGEA" onid="8492" tsid="105" namespace="0x001e0000" />
        <service id="0x0e74" sid="3700" name="m.TV" type="1" provider="DIGEA" onid="8492" tsid="105" namespace="0x001e0000" />
        <service id="0x0e10" sid="3600" name="MEGA" type="1" provider="DIGEA" onid="8492" tsid="105" namespace="0x001e0000" />
        <service id="0x0d48" sid="3400" name="OPEN BEYOND" type="1" provider="DIGEA" onid="8492" tsid="105" namespace="0x001e0000" />
        <service id="0x0c80" sid="3200" name="SKAI" type="1" provider="DIGEA" onid="8492" tsid="105" namespace="0x001e0000" />
        <service id="0x0dac" sid="3500" name="STAR" type="1" provider="DIGEA" onid="8492" tsid="105" namespace="0x001e0000" />
      </transponder>
    </satellite>
    <satellite key="001e2a95:0001:0001" name="Sat-3E" namespace="0x001e2a95" position="3">
      <transponder key="001e2a95:0001:0001" frequency="10901000" symbol_rate="1500000" polarization="H" fec="7" system="0" modulation="0">
        <service id="0x0041" sid="65" name="GLOBAL TV AFRICA" type="1" provider="" onid="1" tsid="1" namespace="0x001e2a95" />
      </transponder>
    </satellite>
    <satellite key="001e2cbf:0001:ffff" name="Sat-3E" namespace="0x001e2cbf" position="3">
      <transponder key="001e2cbf:0001:ffff" frequency="11455000" symbol_rate="1510000" polarization="H" fec="3" system="0" modulation="0">
        <service id="0x0001" sid="1" name="Benghazi office" type="1" provider="Total Media Cast" onid="65535" tsid="1" namespace="0x001e2cbf" />
      </transponder>
    </satellite>
    <satellite key="001e2d82:0000:0000" name="Sat-3E" namespace="0x001e2d82" position="3">
      <transponder key="001e2d82:0000:0000" frequency="11650000" symbol_rate="2500000" polarization="H" fec="4" system="0" modulation="0">
        <service id="0x0001" sid="1" name="AIC" type="1" provider="Encoder" onid="0" tsid="0" namespace="0x001e2d82" />
      </transponder>
    </satellite>
    <satellite key="001e2d86:0001:0001" name="Sat-3E" namespace="0x001e2d86" position="3">
      <transponder key="001e2d86:0001:0001" frequency="11654000" symbol_rate="4444000" polarization="H" fec="3" system="0" modulation="0">
        <service id="0x002b" sid="43" name="2M MENA" type="1" provider="2M" onid="1" tsid="1" namespace="0x001e2d86" />
        <service id="0x002a" sid="42" name="2M Monde" type="1" provider="2M" onid="1" tsid="1" namespace="0x001e2d86" />
        <service id="0x0029" sid="41" name="2M National" type="1" provider="2M" onid="1" tsid="1" namespace="0x001e2d86" />
        <service id="0x002c" sid="44" name="Radio 2M" type="1" provider="2M" onid="1" tsid="1" namespace="0x001e2d86" />
      </transponder>
    </satellite>
    <satellite key="001e2da8:0001:ffff" name="Sat-3E" namespace="0x001e2da8" position="3">
      <transponder key="001e2da8:0001:ffff" frequency="11688000" symbol_rate="1000000" polarization="H" fec="3" system="0" modulation="0">
        <service id="0x0001" sid="1" name="W.TV WATTEN" type="1" provider="Service Provider" onid="65535" tsid="1" namespace="0x001e2da8" />
      </transponder>
    </satellite>
    <satellite key="001e2daa:0001:ffff" name="Sat-3E" namespace="0x001e2daa" position="3">
      <transponder key="001e2daa:0001:ffff" frequency="11690000" symbol_rate="2962000" polarization="H" fec="4" system="0" modulation="0">
        <service id="0x0001" sid="1" name="Service-1" type="1" provider="Service Provider" onid="65535" tsid="1" namespace="0x001e2daa" />
      </transponder>
    </satellite>
    <satellite key="001eb0db:0000:0000" name="Sat-3E" namespace="0x001eb0db" position="3">
      <transponder key="001eb0db:0000:0000" frequency="12507000" symbol_rate="5000000" polarization="V" fec="2" system="0" modulation="0">
        <service id="0x0001" sid="1" name="TV HD" type="1" provider="none" onid="0" tsid="0" namespace="0x001eb0db" />
        <service id="0x0002" sid="2" name="TV1" type="1" provider="" onid="0" tsid="0" namespace="0x001eb0db" />
      </transponder>
    </satellite>
  </satellites>
</zapit>
