{
  "api_version": 4,
  "bouquet_count": "24",
  "category": "sat",
  "deduplicated_services": "0",
  "display_name": "Astra-19.2E",
  "lamedb_version": "4",
  "last_seen": "unknown",
  "satellite_code": "S19.2E",
  "service_count": "1007",
  "source": "work/ingest/oe-alliance/malimali.19e/enigma2",
  "stale": "unknown",
  "stats": "{\"bouquet_count\": 32, \"cable_services\": 0, \"radio_services\": 0, \"sat_services\": 1007, \"terrestrial_services\": 0, \"total_services\": 1007}",
  "thresholds": "{\"cable\": 20, \"sat\": 50, \"terrestrial\": 20}",
  "transponder_count": "105"
}