<?xml version='1.0' encoding='utf-8'?>
<zapit>
  <bouquet name="General" category="tv">
    <channel service_ref="1:0:31:00ce:2bc0:004b:014a0000:0:0:0:" name="2M Monde" service_name="2M Monde" provider="Eutelsat" sid="206" onid="75" tsid="11200" />
    <channel service_ref="1:0:31:00cd:2bc0:004b:014a0000:0:0:0:" name="Al Aoula International" service_name="Al Aoula International" provider="Eutelsat" sid="205" onid="75" tsid="11200" />
    <channel service_ref="1:0:31:00d2:2bc0:004b:014a0000:0:0:0:" name="Al Maghribia" service_name="Al Maghribia" provider="Eutelsat" sid="210" onid="75" tsid="11200" />
    <channel service_ref="1:0:31:00cc:2bc0:004b:014a0000:0:0:0:" name="Arte" service_name="Arte" provider="Eutelsat" sid="204" onid="75" tsid="11200" />
    <channel service_ref="1:0:1:07d0:f001:2268:014a0000:0:0:0:" name="B" service_name="B" provider="Cyfrowy Polsat" sid="2000" onid="8808" tsid="61441" />
    <channel service_ref="1:0:1:002d:f001:2268:014a0000:0:0:0:" name="Comedy Central" service_name="Comedy Central" provider="Cyfrowy Polsat" sid="45" onid="8808" tsid="61441" />
    <channel service_ref="1:0:1:007a:f001:2268:014a0000:0:0:0:" name="Comedy Central Family" service_name="Comedy Central Family" provider="Cyfrowy Polsat S.A." sid="122" onid="8808" tsid="61441" />
    <channel service_ref="1:0:31:00ca:2bc0:004b:014a0000:0:0:0:" name="France24 English" service_name="France24 English" provider="Eutelsat" sid="202" onid="75" tsid="11200" />
    <channel service_ref="1:0:1:006b:f001:2268:014a0000:0:0:0:" name="Kino Polska" service_name="Kino Polska" provider="Cyfrowy Polsat" sid="107" onid="8808" tsid="61441" />
    <channel service_ref="1:0:31:00cf:2bc0:004b:014a0000:0:0:0:" name="LDC" service_name="LDC" provider="Eutelsat" sid="207" onid="75" tsid="11200" />
    <channel service_ref="1:0:1:006a:f001:2268:014a0000:0:0:0:" name="Nickelodeon" service_name="Nickelodeon" provider="Cyfrowy Polsat" sid="106" onid="8808" tsid="61441" />
    <channel service_ref="1:0:1:007b:f001:2268:014a0000:0:0:0:" name="Polsat Cafe" service_name="Polsat Cafe" provider="Cyfrowy Polsat S.A." sid="123" onid="8808" tsid="61441" />
    <channel service_ref="1:0:1:002c:f001:2268:014a0000:0:0:0:" name="Polsat Film" service_name="Polsat Film" provider="Cyfrowy Polsat" sid="44" onid="8808" tsid="61441" />
    <channel service_ref="1:0:1:0029:f001:2268:014a0000:0:0:0:" name="Polsat News" service_name="Polsat News" provider="Cyfrowy Polsat" sid="41" onid="8808" tsid="61441" />
    <channel service_ref="1:0:1:006d:f001:2268:014a0000:0:0:0:" name="Polsat News" service_name="Polsat News" provider="Cyfrowy Polsat" sid="109" onid="8808" tsid="61441" />
    <channel service_ref="1:0:1:007c:f001:2268:014a0000:0:0:0:" name="Polsat Play" service_name="Polsat Play" provider="Cyfrowy Polsat S.A." sid="124" onid="8808" tsid="61441" />
    <channel service_ref="1:0:1:002b:f001:2268:014a0000:0:0:0:" name="Polsat Sport" service_name="Polsat Sport" provider="Cyfrowy Polsat" sid="43" onid="8808" tsid="61441" />
    <channel service_ref="1:0:1:006c:f001:2268:014a0000:0:0:0:" name="Polsat Sport Extra" service_name="Polsat Sport Extra" provider="Cyfrowy Polsat" sid="108" onid="8808" tsid="61441" />
    <channel service_ref="1:0:31:00cb:2bc0:004b:014a0000:0:0:0:" name="Rai Storia" service_name="Rai Storia" provider="Eutelsat" sid="203" onid="75" tsid="11200" />
    <channel service_ref="1:0:1:01d8:0009:00aa:014a0000:0:0:0:" name="TEST 81" service_name="TEST 81" provider="OTE" sid="472" onid="170" tsid="9" />
    <channel service_ref="1:0:1:01d9:0009:00aa:014a0000:0:0:0:" name="TEST 82" service_name="TEST 82" provider="OTE" sid="473" onid="170" tsid="9" />
    <channel service_ref="1:0:31:00d5:2bc0:004b:014a0000:0:0:0:" name="Tivi5 MONDE" service_name="Tivi5 MONDE" provider="Eutelsat" sid="213" onid="75" tsid="11200" />
    <channel service_ref="1:0:31:00d6:2bc0:004b:014a0000:0:0:0:" name="Trace Africa" service_name="Trace Africa" provider="Eutelsat" sid="214" onid="75" tsid="11200" />
    <channel service_ref="1:0:31:00d7:2bc0:004b:014a0000:0:0:0:" name="Trace Urban" service_name="Trace Urban" provider="Eutelsat" sid="215" onid="75" tsid="11200" />
    <channel service_ref="1:0:31:00d3:2bc0:004b:014a0000:0:0:0:" name="TV5MONDE Afrique" service_name="TV5MONDE Afrique" provider="Eutelsat" sid="211" onid="75" tsid="11200" />
    <channel service_ref="1:0:31:00d0:2bc0:004b:014a0000:0:0:0:" name="TV5MONDE MO" service_name="TV5MONDE MO" provider="Eutelsat" sid="208" onid="75" tsid="11200" />
    <channel service_ref="1:0:31:00d4:2bc0:004b:014a0000:0:0:0:" name="TV5MONDE Style HD" service_name="TV5MONDE Style HD" provider="Eutelsat" sid="212" onid="75" tsid="11200" />
    <channel service_ref="1:0:1:007d:f001:2268:014a0000:0:0:0:" name="TVN Style" service_name="TVN Style" provider="Cyfrowy Polsat S.A." sid="125" onid="8808" tsid="61441" />
    <channel service_ref="1:0:1:002a:f001:2268:014a0000:0:0:0:" name="TVP Seriale" service_name="TVP Seriale" provider="Cyfrowy Polsat" sid="42" onid="8808" tsid="61441" />
  </bouquet>
  <bouquet name="Movies" category="tv">
    <channel service_ref="1:0:1:002c:f001:2268:014a0000:0:0:0:" name="Polsat Film" service_name="Polsat Film" provider="Cyfrowy Polsat" sid="44" onid="8808" tsid="61441" />
  </bouquet>
  <bouquet name="News" category="tv">
    <channel service_ref="1:0:1:0029:f001:2268:014a0000:0:0:0:" name="Polsat News" service_name="Polsat News" provider="Cyfrowy Polsat" sid="41" onid="8808" tsid="61441" />
    <channel service_ref="1:0:1:006d:f001:2268:014a0000:0:0:0:" name="Polsat News" service_name="Polsat News" provider="Cyfrowy Polsat" sid="109" onid="8808" tsid="61441" />
  </bouquet>
  <bouquet name="Sports" category="tv">
    <channel service_ref="1:0:1:002b:f001:2268:014a0000:0:0:0:" name="Polsat Sport" service_name="Polsat Sport" provider="Cyfrowy Polsat" sid="43" onid="8808" tsid="61441" />
    <channel service_ref="1:0:1:006c:f001:2268:014a0000:0:0:0:" name="Polsat Sport Extra" service_name="Polsat Sport Extra" provider="Cyfrowy Polsat" sid="108" onid="8808" tsid="61441" />
  </bouquet>
  <bouquet name="Kids" category="tv">
    <channel service_ref="1:0:1:006a:f001:2268:014a0000:0:0:0:" name="Nickelodeon" service_name="Nickelodeon" provider="Cyfrowy Polsat" sid="106" onid="8808" tsid="61441" />
  </bouquet>
  <bouquet name="Music" category="tv">
    <channel service_ref="1:0:31:00d6:2bc0:004b:014a0000:0:0:0:" name="Trace Africa" service_name="Trace Africa" provider="Eutelsat" sid="214" onid="75" tsid="11200" />
    <channel service_ref="1:0:31:00d7:2bc0:004b:014a0000:0:0:0:" name="Trace Urban" service_name="Trace Urban" provider="Eutelsat" sid="215" onid="75" tsid="11200" />
  </bouquet>
  <bouquet name="ARD/ZDF" category="tv">
    <channel service_ref="1:0:31:00d2:2bc0:004b:014a0000:0:0:0:" name="Al Maghribia" service_name="Al Maghribia" provider="Eutelsat" sid="210" onid="75" tsid="11200" />
  </bouquet>
  <bouquet name="RAI" category="tv">
    <channel service_ref="1:0:31:00cb:2bc0:004b:014a0000:0:0:0:" name="Rai Storia" service_name="Rai Storia" provider="Eutelsat" sid="203" onid="75" tsid="11200" />
  </bouquet>
  <bouquet name="TF1" category="tv">
    <channel service_ref="1:0:31:00ca:2bc0:004b:014a0000:0:0:0:" name="France24 English" service_name="France24 English" provider="Eutelsat" sid="202" onid="75" tsid="11200" />
  </bouquet>
  <bouquet name="Switzerland" category="tv">
    <channel service_ref="1:0:31:00d5:2bc0:004b:014a0000:0:0:0:" name="Tivi5 MONDE" service_name="Tivi5 MONDE" provider="Eutelsat" sid="213" onid="75" tsid="11200" />
    <channel service_ref="1:0:31:00d3:2bc0:004b:014a0000:0:0:0:" name="TV5MONDE Afrique" service_name="TV5MONDE Afrique" provider="Eutelsat" sid="211" onid="75" tsid="11200" />
    <channel service_ref="1:0:31:00d0:2bc0:004b:014a0000:0:0:0:" name="TV5MONDE MO" service_name="TV5MONDE MO" provider="Eutelsat" sid="208" onid="75" tsid="11200" />
    <channel service_ref="1:0:31:00d4:2bc0:004b:014a0000:0:0:0:" name="TV5MONDE Style HD" service_name="TV5MONDE Style HD" provider="Eutelsat" sid="212" onid="75" tsid="11200" />
  </bouquet>
  <bouquet name="Poland" category="tv">
    <channel service_ref="1:0:1:07d0:f001:2268:014a0000:0:0:0:" name="B" service_name="B" provider="Cyfrowy Polsat" sid="2000" onid="8808" tsid="61441" />
    <channel service_ref="1:0:1:07d0:f001:2268:014a0000:0:0:0:" name="B" service_name="B" provider="Cyfrowy Polsat" sid="2000" onid="8808" tsid="61441" />
    <channel service_ref="1:0:1:002d:f001:2268:014a0000:0:0:0:" name="Comedy Central" service_name="Comedy Central" provider="Cyfrowy Polsat" sid="45" onid="8808" tsid="61441" />
    <channel service_ref="1:0:1:002d:f001:2268:014a0000:0:0:0:" name="Comedy Central" service_name="Comedy Central" provider="Cyfrowy Polsat" sid="45" onid="8808" tsid="61441" />
    <channel service_ref="1:0:1:007a:f001:2268:014a0000:0:0:0:" name="Comedy Central Family" service_name="Comedy Central Family" provider="Cyfrowy Polsat S.A." sid="122" onid="8808" tsid="61441" />
    <channel service_ref="1:0:1:007a:f001:2268:014a0000:0:0:0:" name="Comedy Central Family" service_name="Comedy Central Family" provider="Cyfrowy Polsat S.A." sid="122" onid="8808" tsid="61441" />
    <channel service_ref="1:0:1:006b:f001:2268:014a0000:0:0:0:" name="Kino Polska" service_name="Kino Polska" provider="Cyfrowy Polsat" sid="107" onid="8808" tsid="61441" />
    <channel service_ref="1:0:1:006b:f001:2268:014a0000:0:0:0:" name="Kino Polska" service_name="Kino Polska" provider="Cyfrowy Polsat" sid="107" onid="8808" tsid="61441" />
    <channel service_ref="1:0:1:006a:f001:2268:014a0000:0:0:0:" name="Nickelodeon" service_name="Nickelodeon" provider="Cyfrowy Polsat" sid="106" onid="8808" tsid="61441" />
    <channel service_ref="1:0:1:007b:f001:2268:014a0000:0:0:0:" name="Polsat Cafe" service_name="Polsat Cafe" provider="Cyfrowy Polsat S.A." sid="123" onid="8808" tsid="61441" />
    <channel service_ref="1:0:1:007b:f001:2268:014a0000:0:0:0:" name="Polsat Cafe" service_name="Polsat Cafe" provider="Cyfrowy Polsat S.A." sid="123" onid="8808" tsid="61441" />
    <channel service_ref="1:0:1:002c:f001:2268:014a0000:0:0:0:" name="Polsat Film" service_name="Polsat Film" provider="Cyfrowy Polsat" sid="44" onid="8808" tsid="61441" />
    <channel service_ref="1:0:1:0029:f001:2268:014a0000:0:0:0:" name="Polsat News" service_name="Polsat News" provider="Cyfrowy Polsat" sid="41" onid="8808" tsid="61441" />
    <channel service_ref="1:0:1:006d:f001:2268:014a0000:0:0:0:" name="Polsat News" service_name="Polsat News" provider="Cyfrowy Polsat" sid="109" onid="8808" tsid="61441" />
    <channel service_ref="1:0:1:007c:f001:2268:014a0000:0:0:0:" name="Polsat Play" service_name="Polsat Play" provider="Cyfrowy Polsat S.A." sid="124" onid="8808" tsid="61441" />
    <channel service_ref="1:0:1:007c:f001:2268:014a0000:0:0:0:" name="Polsat Play" service_name="Polsat Play" provider="Cyfrowy Polsat S.A." sid="124" onid="8808" tsid="61441" />
    <channel service_ref="1:0:1:002b:f001:2268:014a0000:0:0:0:" name="Polsat Sport" service_name="Polsat Sport" provider="Cyfrowy Polsat" sid="43" onid="8808" tsid="61441" />
    <channel service_ref="1:0:1:006c:f001:2268:014a0000:0:0:0:" name="Polsat Sport Extra" service_name="Polsat Sport Extra" provider="Cyfrowy Polsat" sid="108" onid="8808" tsid="61441" />
    <channel service_ref="1:0:1:007d:f001:2268:014a0000:0:0:0:" name="TVN Style" service_name="TVN Style" provider="Cyfrowy Polsat S.A." sid="125" onid="8808" tsid="61441" />
    <channel service_ref="1:0:1:007d:f001:2268:014a0000:0:0:0:" name="TVN Style" service_name="TVN Style" provider="Cyfrowy Polsat S.A." sid="125" onid="8808" tsid="61441" />
    <channel service_ref="1:0:1:002a:f001:2268:014a0000:0:0:0:" name="TVP Seriale" service_name="TVP Seriale" provider="Cyfrowy Polsat" sid="42" onid="8808" tsid="61441" />
    <channel service_ref="1:0:1:002a:f001:2268:014a0000:0:0:0:" name="TVP Seriale" service_name="TVP Seriale" provider="Cyfrowy Polsat" sid="42" onid="8808" tsid="61441" />
  </bouquet>
  <bouquet name="Resolution - HD" category="tv">
    <channel service_ref="1:0:31:00d4:2bc0:004b:014a0000:0:0:0:" name="TV5MONDE Style HD" service_name="TV5MONDE Style HD" provider="Eutelsat" sid="212" onid="75" tsid="11200" />
  </bouquet>
  <bouquet name="Others" category="tv">
    <channel service_ref="1:0:31:00ce:2bc0:004b:014a0000:0:0:0:" name="2M Monde" service_name="2M Monde" provider="Eutelsat" sid="206" onid="75" tsid="11200" />
    <channel service_ref="1:0:31:00cd:2bc0:004b:014a0000:0:0:0:" name="Al Aoula International" service_name="Al Aoula International" provider="Eutelsat" sid="205" onid="75" tsid="11200" />
    <channel service_ref="1:0:31:00cc:2bc0:004b:014a0000:0:0:0:" name="Arte" service_name="Arte" provider="Eutelsat" sid="204" onid="75" tsid="11200" />
    <channel service_ref="1:0:31:00cf:2bc0:004b:014a0000:0:0:0:" name="LDC" service_name="LDC" provider="Eutelsat" sid="207" onid="75" tsid="11200" />
    <channel service_ref="1:0:1:01d8:0009:00aa:014a0000:0:0:0:" name="TEST 81" service_name="TEST 81" provider="OTE" sid="472" onid="170" tsid="9" />
    <channel service_ref="1:0:1:01d9:0009:00aa:014a0000:0:0:0:" name="TEST 82" service_name="TEST 82" provider="OTE" sid="473" onid="170" tsid="9" />
  </bouquet>
  <bouquet name="Radio" category="radio">
    <channel service_ref="1:0:2:03ed:f001:2268:014a0000:0:0:0:" name="Antyradio" service_name="Antyradio" provider="Cyfrowy Polsat" sid="1005" onid="8808" tsid="61441" />
    <channel service_ref="1:0:2:03e8:f001:2268:014a0000:0:0:0:" name="Muzo.fm" service_name="Muzo.fm" provider="Cyfrowy Polsat" sid="1000" onid="8808" tsid="61441" />
    <channel service_ref="1:0:2:03ef:f001:2268:014a0000:0:0:0:" name="Radio 100,1 FM Zlote Przeboje" service_name="Radio 100,1 FM Zlote Przeboje" provider="Cyfrowy Polsat" sid="1007" onid="8808" tsid="61441" />
    <channel service_ref="1:0:2:100b:f001:2268:014a0000:0:0:0:" name="Radio Bajka" service_name="Radio Bajka" provider="Cyfrowy Polsat" sid="4107" onid="8808" tsid="61441" />
    <channel service_ref="1:0:2:100a:f001:2268:014a0000:0:0:0:" name="Radio Eska ROCK" service_name="Radio Eska ROCK" provider="Cyfrowy Polsat" sid="4106" onid="8808" tsid="61441" />
    <channel service_ref="1:0:2:03ee:f001:2268:014a0000:0:0:0:" name="Radio Plus" service_name="Radio Plus" provider="Cyfrowy Polsat" sid="1006" onid="8808" tsid="61441" />
    <channel service_ref="1:0:2:03ec:f001:2268:014a0000:0:0:0:" name="Radio Zet" service_name="Radio Zet" provider="Cyfrowy Polsat" sid="1004" onid="8808" tsid="61441" />
    <channel service_ref="1:0:2:03ea:f001:2268:014a0000:0:0:0:" name="RMF FM" service_name="RMF FM" provider="Cyfrowy Polsat" sid="1002" onid="8808" tsid="61441" />
    <channel service_ref="1:0:2:03eb:f001:2268:014a0000:0:0:0:" name="RMF MAXXX" service_name="RMF MAXXX" provider="Cyfrowy Polsat" sid="1003" onid="8808" tsid="61441" />
    <channel service_ref="1:0:2:03f1:f001:2268:014a0000:0:0:0:" name="Rock Radio" service_name="Rock Radio" provider="Cyfrowy Polsat" sid="1009" onid="8808" tsid="61441" />
    <channel service_ref="1:0:2:03e9:f001:2268:014a0000:0:0:0:" name="TEST" service_name="TEST" provider="Cyfrowy Polsat" sid="1001" onid="8808" tsid="61441" />
    <channel service_ref="1:0:2:03f0:f001:2268:014a0000:0:0:0:" name="TOK FM" service_name="TOK FM" provider="Cyfrowy Polsat" sid="1008" onid="8808" tsid="61441" />
  </bouquet>
  <bouquet name="Radio - Music" category="radio">
    <channel service_ref="1:0:2:03e8:f001:2268:014a0000:0:0:0:" name="Muzo.fm" service_name="Muzo.fm" provider="Cyfrowy Polsat" sid="1000" onid="8808" tsid="61441" />
    <channel service_ref="1:0:2:03ef:f001:2268:014a0000:0:0:0:" name="Radio 100,1 FM Zlote Przeboje" service_name="Radio 100,1 FM Zlote Przeboje" provider="Cyfrowy Polsat" sid="1007" onid="8808" tsid="61441" />
    <channel service_ref="1:0:2:100a:f001:2268:014a0000:0:0:0:" name="Radio Eska ROCK" service_name="Radio Eska ROCK" provider="Cyfrowy Polsat" sid="4106" onid="8808" tsid="61441" />
    <channel service_ref="1:0:2:03ea:f001:2268:014a0000:0:0:0:" name="RMF FM" service_name="RMF FM" provider="Cyfrowy Polsat" sid="1002" onid="8808" tsid="61441" />
    <channel service_ref="1:0:2:03f1:f001:2268:014a0000:0:0:0:" name="Rock Radio" service_name="Rock Radio" provider="Cyfrowy Polsat" sid="1009" onid="8808" tsid="61441" />
    <channel service_ref="1:0:2:03f0:f001:2268:014a0000:0:0:0:" name="TOK FM" service_name="TOK FM" provider="Cyfrowy Polsat" sid="1008" onid="8808" tsid="61441" />
  </bouquet>
</zapit>
