{
  "api_version": 4,
  "bouquet_count": "364",
  "category": "terrestrial",
  "deduplicated_services": "0",
  "display_name": "BeS",
  "lamedb_version": "4",
  "last_seen": "unknown",
  "region_code": "bes",
  "service_count": "3166",
  "source": "work/ingest/oe-alliance/vhannibal.dual.feeds.and.dtt.roma/enigma2",
  "stale": "unknown",
  "stats": "{\"bouquet_count\": 46, \"cable_services\": 0, \"radio_services\": 424, \"sat_services\": 2785, \"terrestrial_services\": 381, \"total_services\": 3166}",
  "thresholds": "{\"cable\": 20, \"sat\": 50, \"terrestrial\": 20}",
  "transponder_count": "209"
}