<?xml version='1.0' encoding='utf-8'?>
<zapit>
  <bouquet name="General" category="tv">
    <channel service_ref="1:0:1:00c9:17ff:217c:eeee0000:0:0:0:" name="Babel TV" service_name="Babel TV" provider="" sid="201" onid="8572" tsid="6143" />
    <channel service_ref="1:0:1:000d:17ff:217c:eeee0000:0:0:0:" name="Canale21 Roma" service_name="Canale21 Roma" provider="Canale 21" sid="13" onid="8572" tsid="6143" />
    <channel service_ref="1:0:1:0001:17ff:217c:eeee0000:0:0:0:" name="Gold TV" service_name="Gold TV" provider="Gold TV" sid="1" onid="8572" tsid="6143" />
    <channel service_ref="1:0:1:0009:17ff:217c:eeee0000:0:0:0:" name="GOLD TV HD" service_name="GOLD TV HD" provider="Gold TV" sid="9" onid="8572" tsid="6143" />
    <channel service_ref="1:0:1:0002:17ff:217c:eeee0000:0:0:0:" name="LAZIO TV" service_name="LAZIO TV" provider="Gold TV" sid="2" onid="8572" tsid="6143" />
    <channel service_ref="1:0:1:0008:17ff:217c:eeee0000:0:0:0:" name="LAZIO TV HD" service_name="LAZIO TV HD" provider="Gold TV" sid="8" onid="8572" tsid="6143" />
    <channel service_ref="1:0:1:000a:17ff:217c:eeee0000:0:0:0:" name="Odeon 24" service_name="Odeon 24" provider="Gold TV" sid="10" onid="8572" tsid="6143" />
    <channel service_ref="1:0:1:000e:17ff:217c:eeee0000:0:0:0:" name="ONE TELEVISION" service_name="ONE TELEVISION" provider="Gold_TV" sid="14" onid="8572" tsid="6143" />
    <channel service_ref="1:0:1:000f:17ff:217c:eeee0000:0:0:0:" name="Radio Radio TV" service_name="Radio Radio TV" provider="Gold TV" sid="15" onid="8572" tsid="6143" />
    <channel service_ref="1:0:1:00ab:17ff:217c:eeee0000:0:0:0:" name="RETE 7" service_name="RETE 7" provider="" sid="171" onid="8572" tsid="6143" />
    <channel service_ref="1:0:1:0003:17ff:217c:eeee0000:0:0:0:" name="ROMA CH71" service_name="ROMA CH71" provider="" sid="3" onid="8572" tsid="6143" />
    <channel service_ref="1:0:1:00cb:17ff:217c:eeee0000:0:0:0:" name="ROMIT TV" service_name="ROMIT TV" provider="" sid="203" onid="8572" tsid="6143" />
    <channel service_ref="1:0:1:0007:17ff:217c:eeee0000:0:0:0:" name="RTR99TV ROMA" service_name="RTR99TV ROMA" provider="Gold TV" sid="7" onid="8572" tsid="6143" />
    <channel service_ref="1:0:1:001c:17ff:217c:eeee0000:0:0:0:" name="SL 48." service_name="SL 48." provider="Televita" sid="28" onid="8572" tsid="6143" />
    <channel service_ref="1:0:1:000b:17ff:217c:eeee0000:0:0:0:" name="T9" service_name="T9" provider="Gold TV" sid="11" onid="8572" tsid="6143" />
    <channel service_ref="1:0:1:000c:17ff:217c:eeee0000:0:0:0:" name="T9 HD" service_name="T9 HD" provider="Gold TV" sid="12" onid="8572" tsid="6143" />
    <channel service_ref="1:0:1:0004:17ff:217c:eeee0000:0:0:0:" name="TELECAMPIONE" service_name="TELECAMPIONE" provider="Gold TV" sid="4" onid="8572" tsid="6143" />
    <channel service_ref="1:0:1:001e:17ff:217c:eeee0000:0:0:0:" name="TELEMOLISE" service_name="TELEMOLISE" provider="" sid="30" onid="8572" tsid="6143" />
    <channel service_ref="1:0:1:00ad:17ff:217c:eeee0000:0:0:0:" name="Teleuniverso" service_name="Teleuniverso" provider="" sid="173" onid="8572" tsid="6143" />
    <channel service_ref="1:0:1:00ae:17ff:217c:eeee0000:0:0:0:" name="TELEUNIVERSO" service_name="TELEUNIVERSO" provider="" sid="174" onid="8572" tsid="6143" />
    <channel service_ref="1:0:1:0006:17ff:217c:eeee0000:0:0:0:" name="TV7 Triveneta net" service_name="TV7 Triveneta net" provider="" sid="6" onid="8572" tsid="6143" />
  </bouquet>
  <bouquet name="TF1" category="tv">
    <channel service_ref="1:0:1:000d:17ff:217c:eeee0000:0:0:0:" name="Canale21 Roma" service_name="Canale21 Roma" provider="Canale 21" sid="13" onid="8572" tsid="6143" />
  </bouquet>
  <bouquet name="Switzerland" category="tv">
    <channel service_ref="1:0:1:000e:17ff:217c:eeee0000:0:0:0:" name="ONE TELEVISION" service_name="ONE TELEVISION" provider="Gold_TV" sid="14" onid="8572" tsid="6143" />
    <channel service_ref="1:0:1:001c:17ff:217c:eeee0000:0:0:0:" name="SL 48." service_name="SL 48." provider="Televita" sid="28" onid="8572" tsid="6143" />
    <channel service_ref="1:0:1:0004:17ff:217c:eeee0000:0:0:0:" name="TELECAMPIONE" service_name="TELECAMPIONE" provider="Gold TV" sid="4" onid="8572" tsid="6143" />
    <channel service_ref="1:0:1:001e:17ff:217c:eeee0000:0:0:0:" name="TELEMOLISE" service_name="TELEMOLISE" provider="" sid="30" onid="8572" tsid="6143" />
    <channel service_ref="1:0:1:00ad:17ff:217c:eeee0000:0:0:0:" name="Teleuniverso" service_name="Teleuniverso" provider="" sid="173" onid="8572" tsid="6143" />
    <channel service_ref="1:0:1:00ae:17ff:217c:eeee0000:0:0:0:" name="TELEUNIVERSO" service_name="TELEUNIVERSO" provider="" sid="174" onid="8572" tsid="6143" />
  </bouquet>
  <bouquet name="Resolution - HD" category="tv">
    <channel service_ref="1:0:1:0009:17ff:217c:eeee0000:0:0:0:" name="GOLD TV HD" service_name="GOLD TV HD" provider="Gold TV" sid="9" onid="8572" tsid="6143" />
    <channel service_ref="1:0:1:0008:17ff:217c:eeee0000:0:0:0:" name="LAZIO TV HD" service_name="LAZIO TV HD" provider="Gold TV" sid="8" onid="8572" tsid="6143" />
    <channel service_ref="1:0:1:000c:17ff:217c:eeee0000:0:0:0:" name="T9 HD" service_name="T9 HD" provider="Gold TV" sid="12" onid="8572" tsid="6143" />
  </bouquet>
  <bouquet name="Others" category="tv">
    <channel service_ref="1:0:1:00c9:17ff:217c:eeee0000:0:0:0:" name="Babel TV" service_name="Babel TV" provider="" sid="201" onid="8572" tsid="6143" />
    <channel service_ref="1:0:1:0001:17ff:217c:eeee0000:0:0:0:" name="Gold TV" service_name="Gold TV" provider="Gold TV" sid="1" onid="8572" tsid="6143" />
    <channel service_ref="1:0:1:0009:17ff:217c:eeee0000:0:0:0:" name="GOLD TV HD" service_name="GOLD TV HD" provider="Gold TV" sid="9" onid="8572" tsid="6143" />
    <channel service_ref="1:0:1:0002:17ff:217c:eeee0000:0:0:0:" name="LAZIO TV" service_name="LAZIO TV" provider="Gold TV" sid="2" onid="8572" tsid="6143" />
    <channel service_ref="1:0:1:0008:17ff:217c:eeee0000:0:0:0:" name="LAZIO TV HD" service_name="LAZIO TV HD" provider="Gold TV" sid="8" onid="8572" tsid="6143" />
    <channel service_ref="1:0:1:000a:17ff:217c:eeee0000:0:0:0:" name="Odeon 24" service_name="Odeon 24" provider="Gold TV" sid="10" onid="8572" tsid="6143" />
    <channel service_ref="1:0:1:000f:17ff:217c:eeee0000:0:0:0:" name="Radio Radio TV" service_name="Radio Radio TV" provider="Gold TV" sid="15" onid="8572" tsid="6143" />
    <channel service_ref="1:0:1:00ab:17ff:217c:eeee0000:0:0:0:" name="RETE 7" service_name="RETE 7" provider="" sid="171" onid="8572" tsid="6143" />
    <channel service_ref="1:0:1:0003:17ff:217c:eeee0000:0:0:0:" name="ROMA CH71" service_name="ROMA CH71" provider="" sid="3" onid="8572" tsid="6143" />
    <channel service_ref="1:0:1:00cb:17ff:217c:eeee0000:0:0:0:" name="ROMIT TV" service_name="ROMIT TV" provider="" sid="203" onid="8572" tsid="6143" />
    <channel service_ref="1:0:1:0007:17ff:217c:eeee0000:0:0:0:" name="RTR99TV ROMA" service_name="RTR99TV ROMA" provider="Gold TV" sid="7" onid="8572" tsid="6143" />
    <channel service_ref="1:0:1:000b:17ff:217c:eeee0000:0:0:0:" name="T9" service_name="T9" provider="Gold TV" sid="11" onid="8572" tsid="6143" />
    <channel service_ref="1:0:1:000c:17ff:217c:eeee0000:0:0:0:" name="T9 HD" service_name="T9 HD" provider="Gold TV" sid="12" onid="8572" tsid="6143" />
    <channel service_ref="1:0:1:0006:17ff:217c:eeee0000:0:0:0:" name="TV7 Triveneta net" service_name="TV7 Triveneta net" provider="" sid="6" onid="8572" tsid="6143" />
  </bouquet>
  <bouquet name="Digitale terrestre               by Dragonfire" category="tv">
    <channel service_ref="1:0:1:9:17ff:217c:eeee0000:0:0:0:" name="GOLD TV HD" service_name="GOLD TV HD" provider="Gold TV" sid="9" onid="8572" tsid="6143" />
    <channel service_ref="1:0:1:1:17ff:217c:eeee0000:0:0:0:" name="Gold TV" service_name="Gold TV" provider="Gold TV" sid="1" onid="8572" tsid="6143" />
    <channel service_ref="1:0:1:8:17ff:217c:eeee0000:0:0:0:" name="LAZIO TV HD" service_name="LAZIO TV HD" provider="Gold TV" sid="8" onid="8572" tsid="6143" />
    <channel service_ref="1:0:1:2:17ff:217c:eeee0000:0:0:0:" name="LAZIO TV" service_name="LAZIO TV" provider="Gold TV" sid="2" onid="8572" tsid="6143" />
    <channel service_ref="1:0:1:3:17ff:217c:eeee0000:0:0:0:" name="ROMA CH71" service_name="ROMA CH71" provider="" sid="3" onid="8572" tsid="6143" />
    <channel service_ref="1:0:1:4:17ff:217c:eeee0000:0:0:0:" name="TELECAMPIONE" service_name="TELECAMPIONE" provider="Gold TV" sid="4" onid="8572" tsid="6143" />
    <channel service_ref="1:0:1:6:17ff:217c:eeee0000:0:0:0:" name="TV7 Triveneta net" service_name="TV7 Triveneta net" provider="" sid="6" onid="8572" tsid="6143" />
    <channel service_ref="1:0:1:7:17ff:217c:eeee0000:0:0:0:" name="RTR99TV ROMA" service_name="RTR99TV ROMA" provider="Gold TV" sid="7" onid="8572" tsid="6143" />
    <channel service_ref="1:0:1:a:17ff:217c:eeee0000:0:0:0:" name="Odeon 24" service_name="Odeon 24" provider="Gold TV" sid="10" onid="8572" tsid="6143" />
    <channel service_ref="1:0:16:b:17ff:217c:eeee0000:0:0:0:" name="T9" service_name="T9" provider="Gold TV" sid="11" onid="8572" tsid="6143" />
    <channel service_ref="1:0:1:c:17ff:217c:eeee0000:0:0:0:" name="T9 HD" service_name="T9 HD" provider="Gold TV" sid="12" onid="8572" tsid="6143" />
    <channel service_ref="1:0:1:d:17ff:217c:eeee0000:0:0:0:" name="Canale21 Roma" service_name="Canale21 Roma" provider="Canale 21" sid="13" onid="8572" tsid="6143" />
    <channel service_ref="1:0:1:e:17ff:217c:eeee0000:0:0:0:" name="ONE TELEVISION" service_name="ONE TELEVISION" provider="Gold_TV" sid="14" onid="8572" tsid="6143" />
    <channel service_ref="1:0:1:f:17ff:217c:eeee0000:0:0:0:" name="Radio Radio TV" service_name="Radio Radio TV" provider="Gold TV" sid="15" onid="8572" tsid="6143" />
    <channel service_ref="1:0:1:1c:17ff:217c:eeee0000:0:0:0:" name="SL 48." service_name="SL 48." provider="Televita" sid="28" onid="8572" tsid="6143" />
    <channel service_ref="1:0:1:1e:17ff:217c:eeee0000:0:0:0:" name="TELEMOLISE" service_name="TELEMOLISE" provider="" sid="30" onid="8572" tsid="6143" />
    <channel service_ref="1:0:1:ab:17ff:217c:eeee0000:0:0:0:" name="RETE 7" service_name="RETE 7" provider="" sid="171" onid="8572" tsid="6143" />
  </bouquet>
  <bouquet name="Digitale terrestre               by Dragonfire" category="tv">
    <channel service_ref="1:0:1:9:17ff:217c:eeee0000:0:0:0:" name="GOLD TV HD" service_name="GOLD TV HD" provider="Gold TV" sid="9" onid="8572" tsid="6143" />
    <channel service_ref="1:0:1:1:17ff:217c:eeee0000:0:0:0:" name="Gold TV" service_name="Gold TV" provider="Gold TV" sid="1" onid="8572" tsid="6143" />
    <channel service_ref="1:0:1:8:17ff:217c:eeee0000:0:0:0:" name="LAZIO TV HD" service_name="LAZIO TV HD" provider="Gold TV" sid="8" onid="8572" tsid="6143" />
    <channel service_ref="1:0:1:2:17ff:217c:eeee0000:0:0:0:" name="LAZIO TV" service_name="LAZIO TV" provider="Gold TV" sid="2" onid="8572" tsid="6143" />
    <channel service_ref="1:0:1:3:17ff:217c:eeee0000:0:0:0:" name="ROMA CH71" service_name="ROMA CH71" provider="" sid="3" onid="8572" tsid="6143" />
    <channel service_ref="1:0:1:6:17ff:217c:eeee0000:0:0:0:" name="TV7 Triveneta net" service_name="TV7 Triveneta net" provider="" sid="6" onid="8572" tsid="6143" />
    <channel service_ref="1:0:1:7:17ff:217c:eeee0000:0:0:0:" name="RTR99TV ROMA" service_name="RTR99TV ROMA" provider="Gold TV" sid="7" onid="8572" tsid="6143" />
    <channel service_ref="1:0:1:a:17ff:217c:eeee0000:0:0:0:" name="Odeon 24" service_name="Odeon 24" provider="Gold TV" sid="10" onid="8572" tsid="6143" />
    <channel service_ref="1:0:16:b:17ff:217c:eeee0000:0:0:0:" name="T9" service_name="T9" provider="Gold TV" sid="11" onid="8572" tsid="6143" />
    <channel service_ref="1:0:1:e:17ff:217c:eeee0000:0:0:0:" name="ONE TELEVISION" service_name="ONE TELEVISION" provider="Gold_TV" sid="14" onid="8572" tsid="6143" />
    <channel service_ref="1:0:1:f:17ff:217c:eeee0000:0:0:0:" name="Radio Radio TV" service_name="Radio Radio TV" provider="Gold TV" sid="15" onid="8572" tsid="6143" />
    <channel service_ref="1:0:1:c:17ff:217c:eeee0000:0:0:0:" name="T9 HD" service_name="T9 HD" provider="Gold TV" sid="12" onid="8572" tsid="6143" />
    <channel service_ref="1:0:1:d:17ff:217c:eeee0000:0:0:0:" name="Canale21 Roma" service_name="Canale21 Roma" provider="Canale 21" sid="13" onid="8572" tsid="6143" />
    <channel service_ref="1:0:1:4:17ff:217c:eeee0000:0:0:0:" name="TELECAMPIONE" service_name="TELECAMPIONE" provider="Gold TV" sid="4" onid="8572" tsid="6143" />
  </bouquet>
  <bouquet name="Digitale terrestre               by Dragonfire" category="tv">
    <channel service_ref="1:0:1:9:17ff:217c:eeee0000:0:0:0:" name="GOLD TV HD" service_name="GOLD TV HD" provider="Gold TV" sid="9" onid="8572" tsid="6143" />
    <channel service_ref="1:0:1:1:17ff:217c:eeee0000:0:0:0:" name="Gold TV" service_name="Gold TV" provider="Gold TV" sid="1" onid="8572" tsid="6143" />
    <channel service_ref="1:0:1:8:17ff:217c:eeee0000:0:0:0:" name="LAZIO TV HD" service_name="LAZIO TV HD" provider="Gold TV" sid="8" onid="8572" tsid="6143" />
    <channel service_ref="1:0:1:2:17ff:217c:eeee0000:0:0:0:" name="LAZIO TV" service_name="LAZIO TV" provider="Gold TV" sid="2" onid="8572" tsid="6143" />
    <channel service_ref="1:0:1:3:17ff:217c:eeee0000:0:0:0:" name="ROMA CH71" service_name="ROMA CH71" provider="" sid="3" onid="8572" tsid="6143" />
    <channel service_ref="1:0:1:6:17ff:217c:eeee0000:0:0:0:" name="TV7 Triveneta net" service_name="TV7 Triveneta net" provider="" sid="6" onid="8572" tsid="6143" />
    <channel service_ref="1:0:1:7:17ff:217c:eeee0000:0:0:0:" name="RTR99TV ROMA" service_name="RTR99TV ROMA" provider="Gold TV" sid="7" onid="8572" tsid="6143" />
    <channel service_ref="1:0:1:a:17ff:217c:eeee0000:0:0:0:" name="Odeon 24" service_name="Odeon 24" provider="Gold TV" sid="10" onid="8572" tsid="6143" />
    <channel service_ref="1:0:1:e:17ff:217c:eeee0000:0:0:0:" name="ONE TELEVISION" service_name="ONE TELEVISION" provider="Gold_TV" sid="14" onid="8572" tsid="6143" />
    <channel service_ref="1:0:1:c:17ff:217c:eeee0000:0:0:0:" name="T9 HD" service_name="T9 HD" provider="Gold TV" sid="12" onid="8572" tsid="6143" />
    <channel service_ref="1:0:1:d:17ff:217c:eeee0000:0:0:0:" name="Canale21 Roma" service_name="Canale21 Roma" provider="Canale 21" sid="13" onid="8572" tsid="6143" />
    <channel service_ref="1:0:1:4:17ff:217c:eeee0000:0:0:0:" name="TELECAMPIONE" service_name="TELECAMPIONE" provider="Gold TV" sid="4" onid="8572" tsid="6143" />
    <channel service_ref="1:0:1:b:17ff:217c:eeee0000:0:0:0:" name="T9" service_name="T9" provider="Gold TV" sid="11" onid="8572" tsid="6143" />
  </bouquet>
</zapit>
