<?xml version='1.0' encoding='utf-8'?>
<zapit api="4">
  <terrestrials>
    <terrestrial key="eeee0000:17ff:217c" name="Gold-TV" namespace="0xeeee0000">
      <transponder key="eeee0000:17ff:217c" frequency="674000000" symbol_rate="0" polarization="H" fec="5" system="0" modulation="4">
        <service id="0x00c9" sid="201" name="Babel TV" type="1" provider="" onid="8572" tsid="6143" namespace="0xeeee0000" />
        <service id="0x000d" sid="13" name="Canale21 Roma" type="1" provider="Canale 21" onid="8572" tsid="6143" namespace="0xeeee0000" />
        <service id="0x0001" sid="1" name="Gold TV" type="1" provider="Gold TV" onid="8572" tsid="6143" namespace="0xeeee0000" />
        <service id="0x0009" sid="9" name="GOLD TV HD" type="1" provider="Gold TV" onid="8572" tsid="6143" namespace="0xeeee0000" />
        <service id="0x0002" sid="2" name="LAZIO TV" type="1" provider="Gold TV" onid="8572" tsid="6143" namespace="0xeeee0000" />
        <service id="0x0008" sid="8" name="LAZIO TV HD" type="1" provider="Gold TV" onid="8572" tsid="6143" namespace="0xeeee0000" />
        <service id="0x000a" sid="10" name="Odeon 24" type="1" provider="Gold TV" onid="8572" tsid="6143" namespace="0xeeee0000" />
        <service id="0x000e" sid="14" name="ONE TELEVISION" type="1" provider="Gold_TV" onid="8572" tsid="6143" namespace="0xeeee0000" />
        <service id="0x000f" sid="15" name="Radio Radio TV" type="1" provider="Gold TV" onid="8572" tsid="6143" namespace="0xeeee0000" />
        <service id="0x00ab" sid="171" name="RETE 7" type="1" provider="" onid="8572" tsid="6143" namespace="0xeeee0000" />
        <service id="0x0003" sid="3" name="ROMA CH71" type="1" provider="" onid="8572" tsid="6143" namespace="0xeeee0000" />
        <service id="0x00cb" sid="203" name="ROMIT TV" type="1" provider="" onid="8572" tsid="6143" namespace="0xeeee0000" />
        <service id="0x0007" sid="7" name="RTR99TV ROMA" type="1" provider="Gold TV" onid="8572" tsid="6143" namespace="0xeeee0000" />
        <service id="0x001c" sid="28" name="SL 48." type="1" provider="Televita" onid="8572" tsid="6143" namespace="0xeeee0000" />
        <service id="0x000b" sid="11" name="T9" type="1" provider="Gold TV" onid="8572" tsid="6143" namespace="0xeeee0000" />
        <service id="0x000c" sid="12" name="T9 HD" type="1" provider="Gold TV" onid="8572" tsid="6143" namespace="0xeeee0000" />
        <service id="0x0004" sid="4" name="TELECAMPIONE" type="1" provider="Gold TV" onid="8572" tsid="6143" namespace="0xeeee0000" />
        <service id="0x001e" sid="30" name="TELEMOLISE" type="1" provider="" onid="8572" tsid="6143" namespace="0xeeee0000" />
        <service id="0x00ad" sid="173" name="Teleuniverso" type="1" provider="" onid="8572" tsid="6143" namespace="0xeeee0000" />
        <service id="0x00ae" sid="174" name="TELEUNIVERSO" type="1" provider="" onid="8572" tsid="6143" namespace="0xeeee0000" />
        <service id="0x0006" sid="6" name="TV7 Triveneta net" type="1" provider="" onid="8572" tsid="6143" namespace="0xeeee0000" />
      </transponder>
    </terrestrial>
  </terrestrials>
</zapit>
