<?xml version='1.0' encoding='utf-8'?>
<zapit api="4">
  <terrestrials>
    <terrestrial key="eeee0000:13a8:217c" name="RETE-7-DIGITALE" namespace="0xeeee0000">
      <transponder key="eeee0000:13a8:217c" frequency="562000000" symbol_rate="0" polarization="H" fec="5" system="0" modulation="4">
        <service id="0x00f9" sid="249" name="LOMBARDIA TV 585" type="1" provider="RETE 7 DIGITALE" onid="8572" tsid="5032" namespace="0xeeee0000" />
        <service id="0x03e9" sid="1001" name="NORDOVEST 7 VDA" type="1" provider="RETE 7 DIGITALE" onid="8572" tsid="5032" namespace="0xeeee0000" />
        <service id="0x00b1" sid="177" name="Odeon 24" type="1" provider="BeS" onid="8572" tsid="5032" namespace="0xeeee0000" />
        <service id="0x0002" sid="2" name="People TV" type="1" provider="RETE 7 DIGITALE" onid="8572" tsid="5032" namespace="0xeeee0000" />
        <service id="0x006e" sid="110" name="PIEMONTE +" type="1" provider="RETE 7 DIGITALE" onid="8572" tsid="5032" namespace="0xeeee0000" />
        <service id="0x0003" sid="3" name="RETE 7" type="1" provider="RETE 7 DIGITALE" onid="8572" tsid="5032" namespace="0xeeee0000" />
        <service id="0x005b" sid="91" name="SUPERTV TO" type="1" provider="SSBT" onid="8572" tsid="5032" namespace="0xeeee0000" />
        <service id="0x032e" sid="814" name="SUPERTV TO" type="1" provider="SSBT" onid="8572" tsid="5032" namespace="0xeeee0000" />
        <service id="0x0027" sid="39" name="TELE RITMO" type="1" provider="PIRENEI" onid="8572" tsid="5032" namespace="0xeeee0000" />
        <service id="0x000c" sid="12" name="TeleCupole" type="1" provider="PROVIDER" onid="8572" tsid="5032" namespace="0xeeee0000" />
        <service id="0x00ba" sid="186" name="teleGRANDA" type="1" provider="PROVIDER" onid="8572" tsid="5032" namespace="0xeeee0000" />
        <service id="0x010b" sid="267" name="TELENORD" type="1" provider="TELENORD" onid="8572" tsid="5032" namespace="0xeeee0000" />
        <service id="0x02a3" sid="675" name="VCO AZZURRA TV" type="1" provider="RETE 7 DIGITALE" onid="8572" tsid="5032" namespace="0xeeee0000" />
        <service id="0x03ef" sid="1007" name="Videonord" type="1" provider="VIDEONORD" onid="8572" tsid="5032" namespace="0xeeee0000" />
        <service id="0x0001" sid="1" name="VIDEONOVARA" type="1" provider="PIRENEI" onid="8572" tsid="5032" namespace="0xeeee0000" />
        <service id="0x0012" sid="18" name="PARTYGROOVE RADIO" type="2" provider="RETE 7 DIGITALE" onid="8572" tsid="5032" namespace="0xeeee0000" radio="1" />
        <service id="0x0011" sid="17" name="RADIO MANILA" type="2" provider="RETE 7 DIGITALE" onid="8572" tsid="5032" namespace="0xeeee0000" radio="1" />
        <service id="0x0010" sid="16" name="Radio Studio Aperto" type="2" provider="RETE 7 DIGITALE" onid="8572" tsid="5032" namespace="0xeeee0000" radio="1" />
        <service id="0x000e" sid="14" name="Radio Veronica" type="2" provider="RETE 7 DIGITALE" onid="8572" tsid="5032" namespace="0xeeee0000" radio="1" />
      </transponder>
    </terrestrial>
  </terrestrials>
</zapit>
