<?xml version='1.0' encoding='utf-8'?>
<zapit>
  <bouquet name="General" category="tv">
    <channel service_ref="1:0:1:0007:20d0:217c:eeee0000:0:0:0:" name="EUROPA TV 3" service_name="EUROPA TV 3" provider="Europa Tv 3" sid="7" onid="8572" tsid="8400" />
    <channel service_ref="1:0:1:0003:20d0:217c:eeee0000:0:0:0:" name="Italy Tv" service_name="Italy Tv" provider="Lombardia Tv" sid="3" onid="8572" tsid="8400" />
    <channel service_ref="1:0:1:0002:20d0:217c:eeee0000:0:0:0:" name="LOMBARDIA TV" service_name="LOMBARDIA TV" provider="Lombardia Tv" sid="2" onid="8572" tsid="8400" />
    <channel service_ref="1:0:1:000a:20d0:217c:eeee0000:0:0:0:" name="lombardia tv" service_name="lombardia tv" provider="Lombardia Tv" sid="10" onid="8572" tsid="8400" />
    <channel service_ref="1:0:1:001c:20d0:217c:eeee0000:0:0:0:" name="Nuova ReteBrescia 634" service_name="Nuova ReteBrescia 634" provider="Nuova ReteBrescia" sid="28" onid="8572" tsid="8400" />
    <channel service_ref="1:0:1:001b:20d0:217c:eeee0000:0:0:0:" name="SuperSix" service_name="SuperSix" provider="Lombardia Tv" sid="27" onid="8572" tsid="8400" />
    <channel service_ref="1:0:1:0001:20d0:217c:eeee0000:0:0:0:" name="SuperSix HD" service_name="SuperSix HD" provider="Lombardia Tv" sid="1" onid="8572" tsid="8400" />
    <channel service_ref="1:0:1:0009:20d0:217c:eeee0000:0:0:0:" name="TELE MANTOVA" service_name="TELE MANTOVA" provider="Tele Mantova" sid="9" onid="8572" tsid="8400" />
    <channel service_ref="1:0:1:000e:20d0:217c:eeee0000:0:0:0:" name="Tele Mantova" service_name="Tele Mantova" provider="Tele Mantova" sid="14" onid="8572" tsid="8400" />
    <channel service_ref="1:0:1:0008:20d0:217c:eeee0000:0:0:0:" name="Tele Stella" service_name="Tele Stella" provider="Tele stella" sid="8" onid="8572" tsid="8400" />
    <channel service_ref="1:0:1:0004:20d0:217c:eeee0000:0:0:0:" name="VALPADANA TV" service_name="VALPADANA TV" provider="Lombardia Tv" sid="4" onid="8572" tsid="8400" />
    <channel service_ref="1:0:1:000c:20d0:217c:eeee0000:0:0:0:" name="valpadana tv" service_name="valpadana tv" provider="Lombardia Tv" sid="12" onid="8572" tsid="8400" />
    <channel service_ref="1:0:1:0006:20d0:217c:eeee0000:0:0:0:" name="VIDEOCREMONA" service_name="VIDEOCREMONA" provider="Lombardia Tv" sid="6" onid="8572" tsid="8400" />
  </bouquet>
  <bouquet name="ARD/ZDF" category="tv">
    <channel service_ref="1:0:1:0003:20d0:217c:eeee0000:0:0:0:" name="Italy Tv" service_name="Italy Tv" provider="Lombardia Tv" sid="3" onid="8572" tsid="8400" />
    <channel service_ref="1:0:1:0002:20d0:217c:eeee0000:0:0:0:" name="LOMBARDIA TV" service_name="LOMBARDIA TV" provider="Lombardia Tv" sid="2" onid="8572" tsid="8400" />
    <channel service_ref="1:0:1:000a:20d0:217c:eeee0000:0:0:0:" name="lombardia tv" service_name="lombardia tv" provider="Lombardia Tv" sid="10" onid="8572" tsid="8400" />
    <channel service_ref="1:0:1:001c:20d0:217c:eeee0000:0:0:0:" name="Nuova ReteBrescia 634" service_name="Nuova ReteBrescia 634" provider="Nuova ReteBrescia" sid="28" onid="8572" tsid="8400" />
    <channel service_ref="1:0:1:001b:20d0:217c:eeee0000:0:0:0:" name="SuperSix" service_name="SuperSix" provider="Lombardia Tv" sid="27" onid="8572" tsid="8400" />
    <channel service_ref="1:0:1:0001:20d0:217c:eeee0000:0:0:0:" name="SuperSix HD" service_name="SuperSix HD" provider="Lombardia Tv" sid="1" onid="8572" tsid="8400" />
    <channel service_ref="1:0:1:0004:20d0:217c:eeee0000:0:0:0:" name="VALPADANA TV" service_name="VALPADANA TV" provider="Lombardia Tv" sid="4" onid="8572" tsid="8400" />
    <channel service_ref="1:0:1:000c:20d0:217c:eeee0000:0:0:0:" name="valpadana tv" service_name="valpadana tv" provider="Lombardia Tv" sid="12" onid="8572" tsid="8400" />
    <channel service_ref="1:0:1:0006:20d0:217c:eeee0000:0:0:0:" name="VIDEOCREMONA" service_name="VIDEOCREMONA" provider="Lombardia Tv" sid="6" onid="8572" tsid="8400" />
  </bouquet>
  <bouquet name="Switzerland" category="tv">
    <channel service_ref="1:0:1:0007:20d0:217c:eeee0000:0:0:0:" name="EUROPA TV 3" service_name="EUROPA TV 3" provider="Europa Tv 3" sid="7" onid="8572" tsid="8400" />
    <channel service_ref="1:0:1:0009:20d0:217c:eeee0000:0:0:0:" name="TELE MANTOVA" service_name="TELE MANTOVA" provider="Tele Mantova" sid="9" onid="8572" tsid="8400" />
    <channel service_ref="1:0:1:000e:20d0:217c:eeee0000:0:0:0:" name="Tele Mantova" service_name="Tele Mantova" provider="Tele Mantova" sid="14" onid="8572" tsid="8400" />
    <channel service_ref="1:0:1:0008:20d0:217c:eeee0000:0:0:0:" name="Tele Stella" service_name="Tele Stella" provider="Tele stella" sid="8" onid="8572" tsid="8400" />
  </bouquet>
  <bouquet name="Resolution - HD" category="tv">
    <channel service_ref="1:0:1:0001:20d0:217c:eeee0000:0:0:0:" name="SuperSix HD" service_name="SuperSix HD" provider="Lombardia Tv" sid="1" onid="8572" tsid="8400" />
  </bouquet>
  <bouquet name="Radio" category="radio">
    <channel service_ref="1:0:2:000d:20d0:217c:eeee0000:0:0:0:" name="RADIO IGLESIAS" service_name="RADIO IGLESIAS" provider="Lombardia Tv" sid="13" onid="8572" tsid="8400" />
    <channel service_ref="1:0:2:000f:20d0:217c:eeee0000:0:0:0:" name="RADIO MATER" service_name="RADIO MATER" provider="Lombardia Tv" sid="15" onid="8572" tsid="8400" />
    <channel service_ref="1:0:2:000b:20d0:217c:eeee0000:0:0:0:" name="RADIO ZEUS" service_name="RADIO ZEUS" provider="Lombardia Tv" sid="11" onid="8572" tsid="8400" />
  </bouquet>
  <bouquet name="Digitale Terrestre" category="tv">
    <channel service_ref="1:0:1:2:20d0:217c:eeee0000:0:0:0:" name="LOMBARDIA TV" service_name="LOMBARDIA TV" provider="Lombardia Tv" sid="2" onid="8572" tsid="8400" />
    <channel service_ref="1:0:1:4:20d0:217c:eeee0000:0:0:0:" name="VALPADANA TV" service_name="VALPADANA TV" provider="Lombardia Tv" sid="4" onid="8572" tsid="8400" />
    <channel service_ref="1:0:1:1b:20d0:217c:eeee0000:0:0:0:" name="SuperSix" service_name="SuperSix" provider="Lombardia Tv" sid="27" onid="8572" tsid="8400" />
    <channel service_ref="1:0:1:1:20d0:217c:eeee0000:0:0:0:" name="SuperSix HD" service_name="SuperSix HD" provider="Lombardia Tv" sid="1" onid="8572" tsid="8400" />
    <channel service_ref="1:0:1:3:20d0:217c:eeee0000:0:0:0:" name="Italy Tv" service_name="Italy Tv" provider="Lombardia Tv" sid="3" onid="8572" tsid="8400" />
    <channel service_ref="1:0:1:6:20d0:217c:eeee0000:0:0:0:" name="VIDEOCREMONA" service_name="VIDEOCREMONA" provider="Lombardia Tv" sid="6" onid="8572" tsid="8400" />
    <channel service_ref="1:0:1:e:20d0:217c:eeee0000:0:0:0:" name="Tele Mantova" service_name="Tele Mantova" provider="Tele Mantova" sid="14" onid="8572" tsid="8400" />
    <channel service_ref="1:0:1:7:20d0:217c:eeee0000:0:0:0:" name="EUROPA TV 3" service_name="EUROPA TV 3" provider="Europa Tv 3" sid="7" onid="8572" tsid="8400" />
    <channel service_ref="1:0:1:8:20d0:217c:eeee0000:0:0:0:" name="Tele Stella" service_name="Tele Stella" provider="Tele stella" sid="8" onid="8572" tsid="8400" />
    <channel service_ref="1:0:1:9:20d0:217c:eeee0000:0:0:0:" name="TELE MANTOVA" service_name="TELE MANTOVA" provider="Tele Mantova" sid="9" onid="8572" tsid="8400" />
    <channel service_ref="1:0:2:c:20d0:217c:eeee0000:0:0:0:" name="valpadana tv" service_name="valpadana tv" provider="Lombardia Tv" sid="12" onid="8572" tsid="8400" />
    <channel service_ref="1:0:2:d:20d0:217c:eeee0000:0:0:0:" name="RADIO IGLESIAS" service_name="RADIO IGLESIAS" provider="Lombardia Tv" sid="13" onid="8572" tsid="8400" />
    <channel service_ref="1:0:2:f:20d0:217c:eeee0000:0:0:0:" name="RADIO MATER" service_name="RADIO MATER" provider="Lombardia Tv" sid="15" onid="8572" tsid="8400" />
    <channel service_ref="1:0:2:b:20d0:217c:eeee0000:0:0:0:" name="RADIO ZEUS" service_name="RADIO ZEUS" provider="Lombardia Tv" sid="11" onid="8572" tsid="8400" />
    <channel service_ref="1:0:2:a:20d0:217c:eeee0000:0:0:0:" name="lombardia tv" service_name="lombardia tv" provider="Lombardia Tv" sid="10" onid="8572" tsid="8400" />
  </bouquet>
  <bouquet name="Digitale Terrestre                  by Rennys" category="tv">
    <channel service_ref="1:0:1:2:20d0:217c:eeee0000:0:0:0:" name="LOMBARDIA TV" service_name="LOMBARDIA TV" provider="Lombardia Tv" sid="2" onid="8572" tsid="8400" />
    <channel service_ref="1:0:1:4:20d0:217c:eeee0000:0:0:0:" name="VALPADANA TV" service_name="VALPADANA TV" provider="Lombardia Tv" sid="4" onid="8572" tsid="8400" />
    <channel service_ref="1:0:1:1b:20d0:217c:eeee0000:0:0:0:" name="SuperSix" service_name="SuperSix" provider="Lombardia Tv" sid="27" onid="8572" tsid="8400" />
    <channel service_ref="1:0:1:1:20d0:217c:eeee0000:0:0:0:" name="SuperSix HD" service_name="SuperSix HD" provider="Lombardia Tv" sid="1" onid="8572" tsid="8400" />
    <channel service_ref="1:0:1:3:20d0:217c:eeee0000:0:0:0:" name="Italy Tv" service_name="Italy Tv" provider="Lombardia Tv" sid="3" onid="8572" tsid="8400" />
    <channel service_ref="1:0:1:6:20d0:217c:eeee0000:0:0:0:" name="VIDEOCREMONA" service_name="VIDEOCREMONA" provider="Lombardia Tv" sid="6" onid="8572" tsid="8400" />
    <channel service_ref="1:0:1:e:20d0:217c:eeee0000:0:0:0:" name="Tele Mantova" service_name="Tele Mantova" provider="Tele Mantova" sid="14" onid="8572" tsid="8400" />
    <channel service_ref="1:0:1:7:20d0:217c:eeee0000:0:0:0:" name="EUROPA TV 3" service_name="EUROPA TV 3" provider="Europa Tv 3" sid="7" onid="8572" tsid="8400" />
    <channel service_ref="1:0:1:8:20d0:217c:eeee0000:0:0:0:" name="Tele Stella" service_name="Tele Stella" provider="Tele stella" sid="8" onid="8572" tsid="8400" />
    <channel service_ref="1:0:1:9:20d0:217c:eeee0000:0:0:0:" name="TELE MANTOVA" service_name="TELE MANTOVA" provider="Tele Mantova" sid="9" onid="8572" tsid="8400" />
    <channel service_ref="1:0:2:c:20d0:217c:eeee0000:0:0:0:" name="valpadana tv" service_name="valpadana tv" provider="Lombardia Tv" sid="12" onid="8572" tsid="8400" />
    <channel service_ref="1:0:2:d:20d0:217c:eeee0000:0:0:0:" name="RADIO IGLESIAS" service_name="RADIO IGLESIAS" provider="Lombardia Tv" sid="13" onid="8572" tsid="8400" />
    <channel service_ref="1:0:2:f:20d0:217c:eeee0000:0:0:0:" name="RADIO MATER" service_name="RADIO MATER" provider="Lombardia Tv" sid="15" onid="8572" tsid="8400" />
    <channel service_ref="1:0:2:b:20d0:217c:eeee0000:0:0:0:" name="RADIO ZEUS" service_name="RADIO ZEUS" provider="Lombardia Tv" sid="11" onid="8572" tsid="8400" />
    <channel service_ref="1:0:2:a:20d0:217c:eeee0000:0:0:0:" name="lombardia tv" service_name="lombardia tv" provider="Lombardia Tv" sid="10" onid="8572" tsid="8400" />
  </bouquet>
  <bouquet name="Digitale Terrestre                by Rennys" category="tv">
    <channel service_ref="1:0:1:2:20d0:217c:eeee0000:0:0:0:" name="LOMBARDIA TV" service_name="LOMBARDIA TV" provider="Lombardia Tv" sid="2" onid="8572" tsid="8400" />
    <channel service_ref="1:0:1:3:20d0:217c:eeee0000:0:0:0:" name="Italy Tv" service_name="Italy Tv" provider="Lombardia Tv" sid="3" onid="8572" tsid="8400" />
    <channel service_ref="1:0:1:4:20d0:217c:eeee0000:0:0:0:" name="VALPADANA TV" service_name="VALPADANA TV" provider="Lombardia Tv" sid="4" onid="8572" tsid="8400" />
    <channel service_ref="1:0:1:6:20d0:217c:eeee0000:0:0:0:" name="VIDEOCREMONA" service_name="VIDEOCREMONA" provider="Lombardia Tv" sid="6" onid="8572" tsid="8400" />
    <channel service_ref="1:0:1:9:20d0:217c:eeee0000:0:0:0:" name="TELE MANTOVA" service_name="TELE MANTOVA" provider="Tele Mantova" sid="9" onid="8572" tsid="8400" />
    <channel service_ref="1:0:1:8:20d0:217c:eeee0000:0:0:0:" name="Tele Stella" service_name="Tele Stella" provider="Tele stella" sid="8" onid="8572" tsid="8400" />
    <channel service_ref="1:0:1:1:20d0:217c:eeee0000:0:0:0:" name="SuperSix HD" service_name="SuperSix HD" provider="Lombardia Tv" sid="1" onid="8572" tsid="8400" />
    <channel service_ref="1:0:1:1b:20d0:217c:eeee0000:0:0:0:" name="SuperSix" service_name="SuperSix" provider="Lombardia Tv" sid="27" onid="8572" tsid="8400" />
    <channel service_ref="1:0:1:7:20d0:217c:eeee0000:0:0:0:" name="EUROPA TV 3" service_name="EUROPA TV 3" provider="Europa Tv 3" sid="7" onid="8572" tsid="8400" />
    <channel service_ref="1:0:1:1c:20d0:217c:eeee0000:0:0:0:" name="Nuova ReteBrescia 634" service_name="Nuova ReteBrescia 634" provider="Nuova ReteBrescia" sid="28" onid="8572" tsid="8400" />
    <channel service_ref="1:0:1:e:20d0:217c:eeee0000:0:0:0:" name="Tele Mantova" service_name="Tele Mantova" provider="Tele Mantova" sid="14" onid="8572" tsid="8400" />
    <channel service_ref="1:0:2:b:20d0:217c:eeee0000:0:0:0:" name="RADIO ZEUS" service_name="RADIO ZEUS" provider="Lombardia Tv" sid="11" onid="8572" tsid="8400" />
    <channel service_ref="1:0:2:c:20d0:217c:eeee0000:0:0:0:" name="valpadana tv" service_name="valpadana tv" provider="Lombardia Tv" sid="12" onid="8572" tsid="8400" />
    <channel service_ref="1:0:2:d:20d0:217c:eeee0000:0:0:0:" name="RADIO IGLESIAS" service_name="RADIO IGLESIAS" provider="Lombardia Tv" sid="13" onid="8572" tsid="8400" />
    <channel service_ref="1:0:2:f:20d0:217c:eeee0000:0:0:0:" name="RADIO MATER" service_name="RADIO MATER" provider="Lombardia Tv" sid="15" onid="8572" tsid="8400" />
    <channel service_ref="1:0:2:a:20d0:217c:eeee0000:0:0:0:" name="lombardia tv" service_name="lombardia tv" provider="Lombardia Tv" sid="10" onid="8572" tsid="8400" />
  </bouquet>
</zapit>
