<?xml version='1.0' encoding='utf-8'?>
<zapit api="4">
  <satellites>
    <satellite key="00d80000:0041:0800" name="Sat-21.6E" namespace="0x00d80000" position="21.6">
      <transponder key="00d80000:0041:0800" frequency="11590000" symbol_rate="2857000" polarization="V" fec="5" system="0" modulation="0">
        <service id="0x0001" sid="1" name="MBC Feed" type="1" provider="" onid="2048" tsid="65" namespace="0x00d80000" />
      </transponder>
    </satellite>
    <satellite key="00d80000:0065:00c9" name="Sat-21.6E" namespace="0x00d80000" position="21.6">
      <transponder key="00d80000:0065:00c9" frequency="11569000" symbol_rate="7220000" polarization="H" fec="3" system="0" modulation="0">
        <service id="0x0001" sid="1" name="Arriadia" type="25" provider="SNRT" onid="201" tsid="101" namespace="0x00d80000" />
        <service id="0x0002" sid="2" name="Arriadia|  Version TNT" type="25" provider="SNRT" onid="201" tsid="101" namespace="0x00d80000" />
        <service id="0x0004" sid="4" name="Arryadia HD" type="25" provider="SNRT" onid="201" tsid="101" namespace="0x00d80000" />
      </transponder>
    </satellite>
    <satellite key="00d80000:1c00:00d2" name="Sat-21.6E" namespace="0x00d80000" position="21.6">
      <transponder key="00d80000:1c00:00d2" frequency="10919000" symbol_rate="33713000" polarization="H" fec="7" system="0" modulation="0">
        <service id="0x01f5" sid="501" name="Boomerang HD" type="25" provider="Arqiva" onid="210" tsid="7168" namespace="0x00d80000" />
        <service id="0x01f6" sid="502" name="Cartoon Network Arabic HD" type="25" provider="Arqiva" onid="210" tsid="7168" namespace="0x00d80000" />
        <service id="0x01fb" sid="507" name="Cartoon Network Hindi" type="25" provider="" onid="210" tsid="7168" namespace="0x00d80000" />
        <service id="0x01f9" sid="505" name="CNN Headline News" type="25" provider="" onid="210" tsid="7168" namespace="0x00d80000" />
        <service id="0x01f8" sid="504" name="CNN International HD" type="25" provider="" onid="210" tsid="7168" namespace="0x00d80000" />
        <service id="0x01fa" sid="506" name="TCM MENA" type="25" provider="beIN SPORTS" onid="210" tsid="7168" namespace="0x00d80000" />
      </transponder>
    </satellite>
    <satellite key="00d82afe:0001:ffff" name="Sat-21.6E" namespace="0x00d82afe" position="21.6">
      <transponder key="00d82afe:0001:ffff" frequency="11006000" symbol_rate="2592000" polarization="H" fec="4" system="0" modulation="0">
        <service id="0x0001" sid="1" name="KNN" type="25" provider="KNN" onid="65535" tsid="1" namespace="0x00d82afe" />
      </transponder>
    </satellite>
    <satellite key="00d82c82:0001:0001" name="Sat-21.6E" namespace="0x00d82c82" position="21.6">
      <transponder key="00d82c82:0001:0001" frequency="11394000" symbol_rate="2689000" polarization="H" fec="3" system="0" modulation="0">
        <service id="0x000a" sid="10" name="Topaz 2" type="25" provider="" onid="1" tsid="1" namespace="0x00d82c82" />
        <service id="0x0007" sid="7" name="Topaz Tazı Yarışı" type="25" provider="" onid="1" tsid="1" namespace="0x00d82c82" />
      </transponder>
    </satellite>
    <satellite key="00d82ce7:0001:0001" name="Sat-21.6E" namespace="0x00d82ce7" position="21.6">
      <transponder key="00d82ce7:0001:0001" frequency="11495000" symbol_rate="2170000" polarization="H" fec="3" system="0" modulation="0">
        <service id="0x0001" sid="1" name="Aldiyar Sat" type="1" provider="Net 1" onid="1" tsid="1" namespace="0x00d82ce7" />
      </transponder>
    </satellite>
    <satellite key="00d82ce9:1000:2000" name="Sat-21.6E" namespace="0x00d82ce9" position="21.6">
      <transponder key="00d82ce9:1000:2000" frequency="11497000" symbol_rate="1085000" polarization="H" fec="9" system="0" modulation="0">
        <service id="0x0001" sid="1" name="Al Najah" type="25" provider="Harmonic" onid="8192" tsid="4096" namespace="0x00d82ce9" />
      </transponder>
    </satellite>
    <satellite key="00d82ceb:0001:ffff" name="Sat-21.6E" namespace="0x00d82ceb" position="21.6">
      <transponder key="00d82ceb:0001:ffff" frequency="11499000" symbol_rate="2170000" polarization="H" fec="3" system="0" modulation="0">
        <service id="0x0001" sid="1" name="Iraqi Education" type="1" provider="ITECO-UNDP" onid="65535" tsid="1" namespace="0x00d82ceb" />
      </transponder>
    </satellite>
    <satellite key="00d82d08:0001:ffff" name="Sat-21.6E" namespace="0x00d82d08" position="21.6">
      <transponder key="00d82d08:0001:ffff" frequency="11528000" symbol_rate="2531000" polarization="H" fec="3" system="0" modulation="0">
        <service id="0x0002" sid="2" name="Al Jadeed" type="1" provider="SD Unnamed" onid="65535" tsid="1" namespace="0x00d82d08" />
        <service id="0x0003" sid="3" name="Hawacom" type="1" provider="MPEG4 SD Unnamed" onid="65535" tsid="1" namespace="0x00d82d08" />
      </transponder>
    </satellite>
    <satellite key="00d82d91:1000:2000" name="Sat-21.6E" namespace="0x00d82d91" position="21.6">
      <transponder key="00d82d91:1000:2000" frequency="11665000" symbol_rate="1250000" polarization="H" fec="4" system="0" modulation="0">
        <service id="0x0001" sid="1" name="Aghani TV" type="25" provider="none" onid="8192" tsid="4096" namespace="0x00d82d91" />
      </transponder>
    </satellite>
    <satellite key="00d82d93:0001:ffff" name="Sat-21.6E" namespace="0x00d82d93" position="21.6">
      <transponder key="00d82d93:0001:ffff" frequency="11667000" symbol_rate="2083000" polarization="H" fec="4" system="0" modulation="0">
        <service id="0x0001" sid="1" name="MTV Lebanon" type="25" provider="STUDIOVISION" onid="65535" tsid="1" namespace="0x00d82d93" />
      </transponder>
    </satellite>
    <satellite key="00d82d98:0001:ffff" name="Sat-21.6E" namespace="0x00d82d98" position="21.6">
      <transponder key="00d82d98:0001:ffff" frequency="11672000" symbol_rate="1852000" polarization="H" fec="5" system="0" modulation="0">
        <service id="0x0001" sid="1" name="Arabica TV" type="1" provider="SV" onid="65535" tsid="1" namespace="0x00d82d98" />
      </transponder>
    </satellite>
    <satellite key="00d8acdf:0001:ffff" name="Sat-21.6E" namespace="0x00d8acdf" position="21.6">
      <transponder key="00d8acdf:0001:ffff" frequency="11487000" symbol_rate="2150000" polarization="V" fec="3" system="0" modulation="0">
        <service id="0x0001" sid="1" name="Afaq TV" type="25" provider="Service Provider" onid="65535" tsid="1" namespace="0x00d8acdf" />
      </transponder>
    </satellite>
    <satellite key="00d8ace9:ffff:ffff" name="Sat-21.6E" namespace="0x00d8ace9" position="21.6">
      <transponder key="00d8ace9:ffff:ffff" frequency="11497000" symbol_rate="2170000" polarization="V" fec="3" system="0" modulation="0">
        <service id="0x0028" sid="40" name="ERI TV" type="1" provider="" onid="65535" tsid="65535" namespace="0x00d8ace9" />
      </transponder>
    </satellite>
    <satellite key="00d8ad0c:0001:ffff" name="Sat-21.6E" namespace="0x00d8ad0c" position="21.6">
      <transponder key="00d8ad0c:0001:ffff" frequency="11532000" symbol_rate="2857000" polarization="V" fec="3" system="0" modulation="0">
        <service id="0x0001" sid="1" name="Alrai TV" type="1" provider="W6" onid="65535" tsid="1" namespace="0x00d8ad0c" />
      </transponder>
    </satellite>
    <satellite key="00d8ad1b:ffff:ffff" name="Sat-21.6E" namespace="0x00d8ad1b" position="21.6">
      <transponder key="00d8ad1b:ffff:ffff" frequency="11547000" symbol_rate="2000000" polarization="V" fec="4" system="0" modulation="0">
        <service id="0x0028" sid="40" name="Yemen TV" type="1" provider="" onid="65535" tsid="65535" namespace="0x00d8ad1b" />
      </transponder>
    </satellite>
    <satellite key="00d8ad3e:0001:0001" name="Sat-21.6E" namespace="0x00d8ad3e" position="21.6">
      <transponder key="00d8ad3e:0001:0001" frequency="11582000" symbol_rate="2850000" polarization="V" fec="5" system="0" modulation="0">
        <service id="0x0001" sid="1" name="MBC Maghreb Al Arabia" type="1" provider="du" onid="1" tsid="1" namespace="0x00d8ad3e" />
      </transponder>
    </satellite>
    <satellite key="00d8ad41:0001:ffff" name="Sat-21.6E" namespace="0x00d8ad41" position="21.6">
      <transponder key="00d8ad41:0001:ffff" frequency="11585000" symbol_rate="1600000" polarization="V" fec="3" system="0" modulation="0">
        <service id="0x0001" sid="1" name="Riyadh MCR" type="25" provider="Service Provider" onid="65535" tsid="1" namespace="0x00d8ad41" />
      </transponder>
    </satellite>
    <satellite key="00d8ad9e:0001:0001" name="Sat-21.6E" namespace="0x00d8ad9e" position="21.6">
      <transponder key="00d8ad9e:0001:0001" frequency="11678000" symbol_rate="2850000" polarization="V" fec="5" system="0" modulation="0">
        <service id="0x0001" sid="1" name="Al Hadath" type="1" provider="Samacom" onid="1" tsid="1" namespace="0x00d8ad9e" />
      </transponder>
    </satellite>
    <satellite key="00d8adad:0001:ffff" name="Sat-21.6E" namespace="0x00d8adad" position="21.6">
      <transponder key="00d8adad:0001:ffff" frequency="11693000" symbol_rate="1900000" polarization="V" fec="4" system="0" modulation="0">
        <service id="0x0001" sid="1" name="OTV Lebanon" type="25" provider="OTV" onid="65535" tsid="1" namespace="0x00d8adad" />
      </transponder>
    </satellite>
  </satellites>
</zapit>
