<?xml version='1.0' encoding='utf-8'?>
<zapit>
  <bouquet name="General" category="tv">
    <channel service_ref="1:0:1:051b:2023:217c:eeee0000:0:0:0:" name="Auto Del Giorno" service_name="Auto Del Giorno" provider="Auto Del Giorno" sid="1307" onid="8572" tsid="8227" />
    <channel service_ref="1:0:1:aa53:2023:217c:eeee0000:0:0:0:" name="Auto del_Giorno" service_name="Auto del_Giorno" provider="Telestar" sid="43603" onid="8572" tsid="8227" />
    <channel service_ref="1:0:1:b41b:2023:217c:eeee0000:0:0:0:" name="CANALE 227" service_name="CANALE 227" provider="CANALE 227" sid="46107" onid="8572" tsid="8227" />
    <channel service_ref="1:0:1:0008:2023:217c:eeee0000:0:0:0:" name="Italia 8 Canale 78" service_name="Italia 8 Canale 78" provider="Italia 8 Canale 78" sid="8" onid="8572" tsid="8227" />
    <channel service_ref="1:0:1:b416:2023:217c:eeee0000:0:0:0:" name="Italia 8 Canale__78" service_name="Italia 8 Canale__78" provider="Telecity" sid="46102" onid="8572" tsid="8227" />
    <channel service_ref="1:0:1:b03a:2023:217c:eeee0000:0:0:0:" name="PRIMANTENNA" service_name="PRIMANTENNA" provider="PRIMANTENNA" sid="45114" onid="8572" tsid="8227" />
    <channel service_ref="1:0:1:a92c:2023:217c:eeee0000:0:0:0:" name="PRIMANTENNA_" service_name="PRIMANTENNA_" provider="PRIMANTENNA" sid="43308" onid="8572" tsid="8227" />
    <channel service_ref="1:0:1:001a:2023:217c:eeee0000:0:0:0:" name="SUPERTV 92" service_name="SUPERTV 92" provider="SUPERTV 92" sid="26" onid="8572" tsid="8227" />
    <channel service_ref="1:0:1:001b:2023:217c:eeee0000:0:0:0:" name="SUPERTV_92" service_name="SUPERTV_92" provider="SUPERTV_92" sid="27" onid="8572" tsid="8227" />
    <channel service_ref="1:0:1:b076:2023:217c:eeee0000:0:0:0:" name="SVI 74" service_name="SVI 74" provider="SVI 74" sid="45174" onid="8572" tsid="8227" />
    <channel service_ref="1:0:1:a861:2023:217c:eeee0000:0:0:0:" name="Telecity 2" service_name="Telecity 2" provider="Telecity 2" sid="43105" onid="8572" tsid="8227" />
    <channel service_ref="1:0:1:b417:2023:217c:eeee0000:0:0:0:" name="Telecity 7Gold HD" service_name="Telecity 7Gold HD" provider="Telecity" sid="46103" onid="8572" tsid="8227" />
    <channel service_ref="1:0:1:012d:2023:217c:eeee0000:0:0:0:" name="TELECITY Lombardia" service_name="TELECITY Lombardia" provider="Telecity" sid="301" onid="8572" tsid="8227" />
    <channel service_ref="1:0:1:04ab:2023:217c:eeee0000:0:0:0:" name="Telecity MI" service_name="Telecity MI" provider="TELESTAR" sid="1195" onid="8572" tsid="8227" />
    <channel service_ref="1:0:1:a860:2023:217c:eeee0000:0:0:0:" name="Telecity MI HD" service_name="Telecity MI HD" provider="Telestar" sid="43104" onid="8572" tsid="8227" />
    <channel service_ref="1:0:1:a92a:2023:217c:eeee0000:0:0:0:" name="Telecity_2" service_name="Telecity_2" provider="Telestar" sid="43306" onid="8572" tsid="8227" />
    <channel service_ref="1:0:1:a92b:2023:217c:eeee0000:0:0:0:" name="Telecity__2" service_name="Telecity__2" provider="Telestar" sid="43307" onid="8572" tsid="8227" />
    <channel service_ref="1:0:1:045a:2023:217c:eeee0000:0:0:0:" name="TELESTAR" service_name="TELESTAR" provider="Telestar" sid="1114" onid="8572" tsid="8227" />
    <channel service_ref="1:0:1:000b:2023:217c:eeee0000:0:0:0:" name="Telestar Canale 77" service_name="Telestar Canale 77" provider="Telestar Canale 77" sid="11" onid="8572" tsid="8227" />
    <channel service_ref="1:0:1:b418:2023:217c:eeee0000:0:0:0:" name="Telestar Canale 77 HD" service_name="Telestar Canale 77 HD" provider="Telecity" sid="46104" onid="8572" tsid="8227" />
    <channel service_ref="1:0:1:a868:2023:217c:eeee0000:0:0:0:" name="TRS 2" service_name="TRS 2" provider="Telestar" sid="43112" onid="8572" tsid="8227" />
  </bouquet>
  <bouquet name="ARD/ZDF" category="tv">
    <channel service_ref="1:0:1:012d:2023:217c:eeee0000:0:0:0:" name="TELECITY Lombardia" service_name="TELECITY Lombardia" provider="Telecity" sid="301" onid="8572" tsid="8227" />
  </bouquet>
  <bouquet name="RAI" category="tv">
    <channel service_ref="1:0:1:0008:2023:217c:eeee0000:0:0:0:" name="Italia 8 Canale 78" service_name="Italia 8 Canale 78" provider="Italia 8 Canale 78" sid="8" onid="8572" tsid="8227" />
    <channel service_ref="1:0:1:b416:2023:217c:eeee0000:0:0:0:" name="Italia 8 Canale__78" service_name="Italia 8 Canale__78" provider="Telecity" sid="46102" onid="8572" tsid="8227" />
  </bouquet>
  <bouquet name="TF1" category="tv">
    <channel service_ref="1:0:1:b41b:2023:217c:eeee0000:0:0:0:" name="CANALE 227" service_name="CANALE 227" provider="CANALE 227" sid="46107" onid="8572" tsid="8227" />
    <channel service_ref="1:0:1:000b:2023:217c:eeee0000:0:0:0:" name="Telestar Canale 77" service_name="Telestar Canale 77" provider="Telestar Canale 77" sid="11" onid="8572" tsid="8227" />
    <channel service_ref="1:0:1:b418:2023:217c:eeee0000:0:0:0:" name="Telestar Canale 77 HD" service_name="Telestar Canale 77 HD" provider="Telecity" sid="46104" onid="8572" tsid="8227" />
  </bouquet>
  <bouquet name="Switzerland" category="tv">
    <channel service_ref="1:0:1:aa53:2023:217c:eeee0000:0:0:0:" name="Auto del_Giorno" service_name="Auto del_Giorno" provider="Telestar" sid="43603" onid="8572" tsid="8227" />
    <channel service_ref="1:0:1:a861:2023:217c:eeee0000:0:0:0:" name="Telecity 2" service_name="Telecity 2" provider="Telecity 2" sid="43105" onid="8572" tsid="8227" />
    <channel service_ref="1:0:1:b417:2023:217c:eeee0000:0:0:0:" name="Telecity 7Gold HD" service_name="Telecity 7Gold HD" provider="Telecity" sid="46103" onid="8572" tsid="8227" />
    <channel service_ref="1:0:1:04ab:2023:217c:eeee0000:0:0:0:" name="Telecity MI" service_name="Telecity MI" provider="TELESTAR" sid="1195" onid="8572" tsid="8227" />
    <channel service_ref="1:0:1:a860:2023:217c:eeee0000:0:0:0:" name="Telecity MI HD" service_name="Telecity MI HD" provider="Telestar" sid="43104" onid="8572" tsid="8227" />
    <channel service_ref="1:0:1:a92a:2023:217c:eeee0000:0:0:0:" name="Telecity_2" service_name="Telecity_2" provider="Telestar" sid="43306" onid="8572" tsid="8227" />
    <channel service_ref="1:0:1:a92b:2023:217c:eeee0000:0:0:0:" name="Telecity__2" service_name="Telecity__2" provider="Telestar" sid="43307" onid="8572" tsid="8227" />
    <channel service_ref="1:0:1:045a:2023:217c:eeee0000:0:0:0:" name="TELESTAR" service_name="TELESTAR" provider="Telestar" sid="1114" onid="8572" tsid="8227" />
    <channel service_ref="1:0:1:a868:2023:217c:eeee0000:0:0:0:" name="TRS 2" service_name="TRS 2" provider="Telestar" sid="43112" onid="8572" tsid="8227" />
  </bouquet>
  <bouquet name="Resolution - HD" category="tv">
    <channel service_ref="1:0:1:b417:2023:217c:eeee0000:0:0:0:" name="Telecity 7Gold HD" service_name="Telecity 7Gold HD" provider="Telecity" sid="46103" onid="8572" tsid="8227" />
    <channel service_ref="1:0:1:a860:2023:217c:eeee0000:0:0:0:" name="Telecity MI HD" service_name="Telecity MI HD" provider="Telestar" sid="43104" onid="8572" tsid="8227" />
    <channel service_ref="1:0:1:b418:2023:217c:eeee0000:0:0:0:" name="Telestar Canale 77 HD" service_name="Telestar Canale 77 HD" provider="Telecity" sid="46104" onid="8572" tsid="8227" />
  </bouquet>
  <bouquet name="Others" category="tv">
    <channel service_ref="1:0:1:051b:2023:217c:eeee0000:0:0:0:" name="Auto Del Giorno" service_name="Auto Del Giorno" provider="Auto Del Giorno" sid="1307" onid="8572" tsid="8227" />
    <channel service_ref="1:0:1:b03a:2023:217c:eeee0000:0:0:0:" name="PRIMANTENNA" service_name="PRIMANTENNA" provider="PRIMANTENNA" sid="45114" onid="8572" tsid="8227" />
    <channel service_ref="1:0:1:a92c:2023:217c:eeee0000:0:0:0:" name="PRIMANTENNA_" service_name="PRIMANTENNA_" provider="PRIMANTENNA" sid="43308" onid="8572" tsid="8227" />
    <channel service_ref="1:0:1:001a:2023:217c:eeee0000:0:0:0:" name="SUPERTV 92" service_name="SUPERTV 92" provider="SUPERTV 92" sid="26" onid="8572" tsid="8227" />
    <channel service_ref="1:0:1:001b:2023:217c:eeee0000:0:0:0:" name="SUPERTV_92" service_name="SUPERTV_92" provider="SUPERTV_92" sid="27" onid="8572" tsid="8227" />
    <channel service_ref="1:0:1:b076:2023:217c:eeee0000:0:0:0:" name="SVI 74" service_name="SVI 74" provider="SVI 74" sid="45174" onid="8572" tsid="8227" />
  </bouquet>
  <bouquet name="Digitale Terrestre" category="tv">
    <channel service_ref="1:0:1:51b:2023:217c:eeee0000:0:0:0:" name="Auto Del Giorno" service_name="Auto Del Giorno" provider="Auto Del Giorno" sid="1307" onid="8572" tsid="8227" />
    <channel service_ref="1:0:1:a861:2023:217c:eeee0000:0:0:0:" name="Telecity 2" service_name="Telecity 2" provider="Telecity 2" sid="43105" onid="8572" tsid="8227" />
    <channel service_ref="1:0:1:a92a:2023:217c:eeee0000:0:0:0:" name="Telecity_2" service_name="Telecity_2" provider="Telestar" sid="43306" onid="8572" tsid="8227" />
    <channel service_ref="1:0:1:a92b:2023:217c:eeee0000:0:0:0:" name="Telecity__2" service_name="Telecity__2" provider="Telestar" sid="43307" onid="8572" tsid="8227" />
    <channel service_ref="1:0:1:b41b:2023:217c:eeee0000:0:0:0:" name="CANALE 227" service_name="CANALE 227" provider="CANALE 227" sid="46107" onid="8572" tsid="8227" />
    <channel service_ref="1:0:1:b417:2023:217c:eeee0000:0:0:0:" name="Telecity 7Gold HD" service_name="Telecity 7Gold HD" provider="Telecity" sid="46103" onid="8572" tsid="8227" />
    <channel service_ref="1:0:1:12d:2023:217c:eeee0000:0:0:0:" name="TELECITY Lombardia" service_name="TELECITY Lombardia" provider="Telecity" sid="301" onid="8572" tsid="8227" />
    <channel service_ref="1:0:1:a860:2023:217c:eeee0000:0:0:0:" name="Telecity MI HD" service_name="Telecity MI HD" provider="Telestar" sid="43104" onid="8572" tsid="8227" />
    <channel service_ref="1:0:1:b418:2023:217c:eeee0000:0:0:0:" name="Telestar Canale 77 HD" service_name="Telestar Canale 77 HD" provider="Telecity" sid="46104" onid="8572" tsid="8227" />
    <channel service_ref="1:0:1:8:2023:217c:eeee0000:0:0:0:" name="Italia 8 Canale 78" service_name="Italia 8 Canale 78" provider="Italia 8 Canale 78" sid="8" onid="8572" tsid="8227" />
    <channel service_ref="1:0:1:b416:2023:217c:eeee0000:0:0:0:" name="Italia 8 Canale__78" service_name="Italia 8 Canale__78" provider="Telecity" sid="46102" onid="8572" tsid="8227" />
    <channel service_ref="1:0:1:b03a:2023:217c:eeee0000:0:0:0:" name="PRIMANTENNA" service_name="PRIMANTENNA" provider="PRIMANTENNA" sid="45114" onid="8572" tsid="8227" />
    <channel service_ref="1:0:1:b:2023:217c:eeee0000:0:0:0:" name="Telestar Canale 77" service_name="Telestar Canale 77" provider="Telestar Canale 77" sid="11" onid="8572" tsid="8227" />
    <channel service_ref="1:0:1:b076:2023:217c:eeee0000:0:0:0:" name="SVI 74" service_name="SVI 74" provider="SVI 74" sid="45174" onid="8572" tsid="8227" />
    <channel service_ref="1:0:1:a868:2023:217c:eeee0000:0:0:0:" name="TRS 2" service_name="TRS 2" provider="Telestar" sid="43112" onid="8572" tsid="8227" />
    <channel service_ref="1:0:1:aa53:2023:217c:eeee0000:0:0:0:" name="Auto del_Giorno" service_name="Auto del_Giorno" provider="Telestar" sid="43603" onid="8572" tsid="8227" />
  </bouquet>
  <bouquet name="Digitale Terrestre                  by Rennys" category="tv">
    <channel service_ref="1:0:1:51b:2023:217c:eeee0000:0:0:0:" name="Auto Del Giorno" service_name="Auto Del Giorno" provider="Auto Del Giorno" sid="1307" onid="8572" tsid="8227" />
    <channel service_ref="1:0:1:a861:2023:217c:eeee0000:0:0:0:" name="Telecity 2" service_name="Telecity 2" provider="Telecity 2" sid="43105" onid="8572" tsid="8227" />
    <channel service_ref="1:0:1:a92a:2023:217c:eeee0000:0:0:0:" name="Telecity_2" service_name="Telecity_2" provider="Telestar" sid="43306" onid="8572" tsid="8227" />
    <channel service_ref="1:0:1:a92b:2023:217c:eeee0000:0:0:0:" name="Telecity__2" service_name="Telecity__2" provider="Telestar" sid="43307" onid="8572" tsid="8227" />
    <channel service_ref="1:0:1:b41b:2023:217c:eeee0000:0:0:0:" name="CANALE 227" service_name="CANALE 227" provider="CANALE 227" sid="46107" onid="8572" tsid="8227" />
    <channel service_ref="1:0:1:b417:2023:217c:eeee0000:0:0:0:" name="Telecity 7Gold HD" service_name="Telecity 7Gold HD" provider="Telecity" sid="46103" onid="8572" tsid="8227" />
    <channel service_ref="1:0:1:12d:2023:217c:eeee0000:0:0:0:" name="TELECITY Lombardia" service_name="TELECITY Lombardia" provider="Telecity" sid="301" onid="8572" tsid="8227" />
    <channel service_ref="1:0:1:a860:2023:217c:eeee0000:0:0:0:" name="Telecity MI HD" service_name="Telecity MI HD" provider="Telestar" sid="43104" onid="8572" tsid="8227" />
    <channel service_ref="1:0:1:b418:2023:217c:eeee0000:0:0:0:" name="Telestar Canale 77 HD" service_name="Telestar Canale 77 HD" provider="Telecity" sid="46104" onid="8572" tsid="8227" />
    <channel service_ref="1:0:1:8:2023:217c:eeee0000:0:0:0:" name="Italia 8 Canale 78" service_name="Italia 8 Canale 78" provider="Italia 8 Canale 78" sid="8" onid="8572" tsid="8227" />
    <channel service_ref="1:0:1:b416:2023:217c:eeee0000:0:0:0:" name="Italia 8 Canale__78" service_name="Italia 8 Canale__78" provider="Telecity" sid="46102" onid="8572" tsid="8227" />
    <channel service_ref="1:0:1:b03a:2023:217c:eeee0000:0:0:0:" name="PRIMANTENNA" service_name="PRIMANTENNA" provider="PRIMANTENNA" sid="45114" onid="8572" tsid="8227" />
    <channel service_ref="1:0:1:b:2023:217c:eeee0000:0:0:0:" name="Telestar Canale 77" service_name="Telestar Canale 77" provider="Telestar Canale 77" sid="11" onid="8572" tsid="8227" />
    <channel service_ref="1:0:1:b076:2023:217c:eeee0000:0:0:0:" name="SVI 74" service_name="SVI 74" provider="SVI 74" sid="45174" onid="8572" tsid="8227" />
    <channel service_ref="1:0:1:a868:2023:217c:eeee0000:0:0:0:" name="TRS 2" service_name="TRS 2" provider="Telestar" sid="43112" onid="8572" tsid="8227" />
    <channel service_ref="1:0:1:aa53:2023:217c:eeee0000:0:0:0:" name="Auto del_Giorno" service_name="Auto del_Giorno" provider="Telestar" sid="43603" onid="8572" tsid="8227" />
  </bouquet>
  <bouquet name="Digitale Terrestre                by Rennys" category="tv">
    <channel service_ref="1:0:1:51b:2023:217c:eeee0000:0:0:0:" name="Auto Del Giorno" service_name="Auto Del Giorno" provider="Auto Del Giorno" sid="1307" onid="8572" tsid="8227" />
    <channel service_ref="1:0:1:b417:2023:217c:eeee0000:0:0:0:" name="Telecity 7Gold HD" service_name="Telecity 7Gold HD" provider="Telecity" sid="46103" onid="8572" tsid="8227" />
    <channel service_ref="1:0:1:12d:2023:217c:eeee0000:0:0:0:" name="TELECITY Lombardia" service_name="TELECITY Lombardia" provider="Telecity" sid="301" onid="8572" tsid="8227" />
    <channel service_ref="1:0:1:a860:2023:217c:eeee0000:0:0:0:" name="Telecity MI HD" service_name="Telecity MI HD" provider="Telestar" sid="43104" onid="8572" tsid="8227" />
    <channel service_ref="1:0:1:a861:2023:217c:eeee0000:0:0:0:" name="Telecity 2" service_name="Telecity 2" provider="Telecity 2" sid="43105" onid="8572" tsid="8227" />
    <channel service_ref="1:0:1:b418:2023:217c:eeee0000:0:0:0:" name="Telestar Canale 77 HD" service_name="Telestar Canale 77 HD" provider="Telecity" sid="46104" onid="8572" tsid="8227" />
    <channel service_ref="1:0:1:b:2023:217c:eeee0000:0:0:0:" name="Telestar Canale 77" service_name="Telestar Canale 77" provider="Telestar Canale 77" sid="11" onid="8572" tsid="8227" />
    <channel service_ref="1:0:1:8:2023:217c:eeee0000:0:0:0:" name="Italia 8 Canale 78" service_name="Italia 8 Canale 78" provider="Italia 8 Canale 78" sid="8" onid="8572" tsid="8227" />
    <channel service_ref="1:0:1:b41b:2023:217c:eeee0000:0:0:0:" name="CANALE 227" service_name="CANALE 227" provider="CANALE 227" sid="46107" onid="8572" tsid="8227" />
    <channel service_ref="1:0:1:b03a:2023:217c:eeee0000:0:0:0:" name="PRIMANTENNA" service_name="PRIMANTENNA" provider="PRIMANTENNA" sid="45114" onid="8572" tsid="8227" />
    <channel service_ref="1:0:1:b076:2023:217c:eeee0000:0:0:0:" name="SVI 74" service_name="SVI 74" provider="SVI 74" sid="45174" onid="8572" tsid="8227" />
    <channel service_ref="1:0:1:a868:2023:217c:eeee0000:0:0:0:" name="TRS 2" service_name="TRS 2" provider="Telestar" sid="43112" onid="8572" tsid="8227" />
    <channel service_ref="1:0:1:aa53:2023:217c:eeee0000:0:0:0:" name="Auto del_Giorno" service_name="Auto del_Giorno" provider="Telestar" sid="43603" onid="8572" tsid="8227" />
    <channel service_ref="1:0:1:a92c:2023:217c:eeee0000:0:0:0:" name="PRIMANTENNA_" service_name="PRIMANTENNA_" provider="PRIMANTENNA" sid="43308" onid="8572" tsid="8227" />
    <channel service_ref="1:0:1:a92a:2023:217c:eeee0000:0:0:0:" name="Telecity_2" service_name="Telecity_2" provider="Telestar" sid="43306" onid="8572" tsid="8227" />
    <channel service_ref="1:0:1:a92b:2023:217c:eeee0000:0:0:0:" name="Telecity__2" service_name="Telecity__2" provider="Telestar" sid="43307" onid="8572" tsid="8227" />
    <channel service_ref="1:0:1:b416:2023:217c:eeee0000:0:0:0:" name="Italia 8 Canale__78" service_name="Italia 8 Canale__78" provider="Telecity" sid="46102" onid="8572" tsid="8227" />
  </bouquet>
</zapit>
