<?xml version='1.0' encoding='utf-8'?>
<zapit api="4">
  <satellites>
    <satellite key="013b0000:1453:0005" name="Sat-31.5E" namespace="0x013b0000" position="31.5">
      <transponder key="013b0000:1453:0005" frequency="11758000" symbol_rate="27500000" polarization="H" fec="3" system="0" modulation="0">
        <service id="0x1c70" sid="7280" name="Caspionet (Khaber TV)" type="1" provider="Poverkhnost TV" onid="5" tsid="5203" namespace="0x013b0000" />
        <service id="0x1c7a" sid="7290" name="Historia M TEST" type="1" provider="" onid="5" tsid="5203" namespace="0x013b0000" />
        <service id="0x1c5c" sid="7260" name="Sport 1 Ukraine" type="1" provider="Poverkhnost TV" onid="5" tsid="5203" namespace="0x013b0000" />
        <service id="0x1c66" sid="7270" name="Sport 2 Ukraine" type="1" provider="Poverkhnost TV" onid="5" tsid="5203" namespace="0x013b0000" />
        <service id="0x1c34" sid="7220" name="VTV Ukraine" type="1" provider="" onid="5" tsid="5203" namespace="0x013b0000" />
      </transponder>
    </satellite>
    <satellite key="013b0000:1456:0005" name="Sat-31.5E" namespace="0x013b0000" position="31.5">
      <transponder key="013b0000:1456:0005" frequency="11817000" symbol_rate="27500000" polarization="V" fec="3" system="0" modulation="0">
        <service id="0x1d92" sid="7570" name="VTV Romania" type="1" provider="" onid="5" tsid="5206" namespace="0x013b0000" />
      </transponder>
    </satellite>
    <satellite key="013b0000:145c:0005" name="Sat-31.5E" namespace="0x013b0000" position="31.5">
      <transponder key="013b0000:145c:0005" frequency="11934000" symbol_rate="30000000" polarization="V" fec="2" system="0" modulation="0">
        <service id="0x1db7" sid="7607" name="Acasa TV Gold" type="25" provider="Orange Romania" onid="5" tsid="5212" namespace="0x013b0000" />
        <service id="0x1db2" sid="7602" name="Acasá TV" type="25" provider="Orange Romania" onid="5" tsid="5212" namespace="0x013b0000" />
        <service id="0x1db6" sid="7606" name="MTV Romania" type="25" provider="Orange Romania" onid="5" tsid="5212" namespace="0x013b0000" />
        <service id="0x1db4" sid="7604" name="Pro Cinema" type="25" provider="Orange Romania" onid="5" tsid="5212" namespace="0x013b0000" />
        <service id="0x1db1" sid="7601" name="Pro TV" type="25" provider="Orange Romania" onid="5" tsid="5212" namespace="0x013b0000" />
        <service id="0x1db8" sid="7608" name="Pro TV" type="25" provider="ProTV" onid="5" tsid="5212" namespace="0x013b0000" />
        <service id="0x1db3" sid="7603" name="Pro TV International" type="25" provider="ProTV" onid="5" tsid="5212" namespace="0x013b0000" />
        <service id="0x1db5" sid="7605" name="Sport.ro" type="25" provider="Orange Romania" onid="5" tsid="5212" namespace="0x013b0000" />
      </transponder>
    </satellite>
    <satellite key="013b0000:1460:00a7" name="Sat-31.5E" namespace="0x013b0000" position="31.5">
      <transponder key="013b0000:1460:00a7" frequency="12012000" symbol_rate="30000000" polarization="V" fec="3" system="0" modulation="0">
        <service id="0x1fb3" sid="8115" name="AXN HD" type="25" provider="Orange Romania" onid="167" tsid="5216" namespace="0x013b0000" />
        <service id="0x1faa" sid="8106" name="Baby TV" type="25" provider="Orange Romania" onid="167" tsid="5216" namespace="0x013b0000" />
        <service id="0x1faf" sid="8111" name="Comedy Central Bulgaria &amp; Romania" type="25" provider="Orange Romania" onid="167" tsid="5216" namespace="0x013b0000" />
        <service id="0x1fb4" sid="8116" name="Crime &amp; Investigation Network" type="25" provider="Orange Romania" onid="167" tsid="5216" namespace="0x013b0000" />
        <service id="0x1fac" sid="8108" name="Discovery HD Showcase" type="25" provider="Orange Romania" onid="167" tsid="5216" namespace="0x013b0000" />
        <service id="0x1fad" sid="8109" name="DocuBOX HD" type="25" provider="Orange Romania" onid="167" tsid="5216" namespace="0x013b0000" />
        <service id="0x1fb0" sid="8112" name="Etno TV" type="25" provider="Orange Romania" onid="167" tsid="5216" namespace="0x013b0000" />
        <service id="0x1fb2" sid="8114" name="Mezzo Live HD" type="25" provider="Orange Romania" onid="167" tsid="5216" namespace="0x013b0000" />
        <service id="0x1fa8" sid="8104" name="N 24 Plus" type="25" provider="Orange Romania" onid="167" tsid="5216" namespace="0x013b0000" />
        <service id="0x1fa9" sid="8105" name="Nickelodeon HD" type="25" provider="Orange Romania" onid="167" tsid="5216" namespace="0x013b0000" />
        <service id="0x1fa6" sid="8102" name="Prima TV" type="25" provider="Orange Romania" onid="167" tsid="5216" namespace="0x013b0000" />
        <service id="0x1fa5" sid="8101" name="Pro TV HD" type="25" provider="Orange Romania" onid="167" tsid="5216" namespace="0x013b0000" />
        <service id="0x1fab" sid="8107" name="Trace Sports Stars HD" type="25" provider="Orange Romania" onid="167" tsid="5216" namespace="0x013b0000" />
        <service id="0x1fa7" sid="8103" name="TVR 3" type="25" provider="Orange Romania" onid="167" tsid="5216" namespace="0x013b0000" />
        <service id="0x1fb1" sid="8113" name="VH-1 (Video Hits One)" type="25" provider="Orange Romania" onid="167" tsid="5216" namespace="0x013b0000" />
        <service id="0x1fae" sid="8110" name="Viasat Explore" type="25" provider="Orange Romania" onid="167" tsid="5216" namespace="0x013b0000" />
      </transponder>
    </satellite>
    <satellite key="013b0000:1464:00a7" name="Sat-31.5E" namespace="0x013b0000" position="31.5">
      <transponder key="013b0000:1464:00a7" frequency="12090000" symbol_rate="30000000" polarization="V" fec="3" system="0" modulation="0">
        <service id="0x07dd" sid="2013" name="AMC Eastern Europe" type="25" provider="Orange Romania" onid="167" tsid="5220" namespace="0x013b0000" />
        <service id="0x07da" sid="2010" name="Animal Planet HD" type="25" provider="Orange Romania" onid="167" tsid="5220" namespace="0x013b0000" />
        <service id="0x07d9" sid="2009" name="Antena 1 HD" type="25" provider="Orange Romania" onid="167" tsid="5220" namespace="0x013b0000" />
        <service id="0x200b" sid="8203" name="Antena International HD" type="25" provider="Orange Romania" onid="167" tsid="5220" namespace="0x013b0000" />
        <service id="0x200c" sid="8204" name="Balkanika" type="25" provider="Orange Romania" onid="167" tsid="5220" namespace="0x013b0000" />
        <service id="0x07dc" sid="2012" name="BBC Earth" type="25" provider="Orange Romania" onid="167" tsid="5220" namespace="0x013b0000" />
        <service id="0x200d" sid="8205" name="Duck TV" type="25" provider="Orange Romania" onid="167" tsid="5220" namespace="0x013b0000" />
        <service id="0x07e3" sid="2019" name="Duna TV" type="25" provider="Orange Romania" onid="167" tsid="5220" namespace="0x013b0000" />
        <service id="0x200f" sid="8207" name="Fuel HD" type="25" provider="Orange Romania" onid="167" tsid="5220" namespace="0x013b0000" />
        <service id="0x200e" sid="8206" name="Megamax" type="25" provider="Orange Romania" onid="167" tsid="5220" namespace="0x013b0000" />
        <service id="0x07e2" sid="2018" name="Muzsika TV" type="25" provider="Orange Romania" onid="167" tsid="5220" namespace="0x013b0000" />
        <service id="0x200a" sid="8202" name="National TV" type="25" provider="Orange Romania" onid="167" tsid="5220" namespace="0x013b0000" />
        <service id="0x201a" sid="8218" name="Sundance Channel HD" type="25" provider="Orange Romania" onid="167" tsid="5220" namespace="0x013b0000" />
        <service id="0x07de" sid="2014" name="Taraf TV" type="25" provider="Orange Romania" onid="167" tsid="5220" namespace="0x013b0000" />
        <service id="0x07e1" sid="2017" name="Trinitas TV" type="25" provider="Orange Romania" onid="167" tsid="5220" namespace="0x013b0000" />
      </transponder>
    </satellite>
    <satellite key="013b0000:1468:00a7" name="Sat-31.5E" namespace="0x013b0000" position="31.5">
      <transponder key="013b0000:1468:00a7" frequency="12168000" symbol_rate="30000000" polarization="V" fec="3" system="0" modulation="0">
        <service id="0x089e" sid="2206" name="AXN Black" type="25" provider="Orange Romania" onid="167" tsid="5224" namespace="0x013b0000" />
        <service id="0x220c" sid="8716" name="AXN Spin Romania" type="25" provider="Orange Romania" onid="167" tsid="5224" namespace="0x013b0000" />
        <service id="0x089f" sid="2207" name="AXN White" type="25" provider="Orange Romania" onid="167" tsid="5224" namespace="0x013b0000" />
        <service id="0x08a0" sid="2208" name="BBC World News" type="25" provider="Orange Romania" onid="167" tsid="5224" namespace="0x013b0000" />
        <service id="0x21fe" sid="8702" name="DTX HD" type="25" provider="Orange Romania" onid="167" tsid="5224" namespace="0x013b0000" />
        <service id="0x089b" sid="2203" name="Erotica HD" type="25" provider="Orange Romania" onid="167" tsid="5224" namespace="0x013b0000" />
        <service id="0x0383" sid="899" name="Hustler HD 3D" type="25" provider="Orange Romania" onid="167" tsid="5224" namespace="0x013b0000" />
        <service id="0x220b" sid="8715" name="JimJam EMEA" type="25" provider="Orange Romania" onid="167" tsid="5224" namespace="0x013b0000" />
        <service id="0x089c" sid="2204" name="Look Plus HD" type="25" provider="Orange Romania" onid="167" tsid="5224" namespace="0x013b0000" />
        <service id="0x21fd" sid="8701" name="Motorvision HD" type="25" provider="Orange Romania" onid="167" tsid="5224" namespace="0x013b0000" />
        <service id="0x0382" sid="898" name="Museum HD" type="25" provider="Orange Romania" onid="167" tsid="5224" namespace="0x013b0000" />
        <service id="0x220a" sid="8714" name="Orange Info (Romania)" type="25" provider="Orange Romania" onid="167" tsid="5224" namespace="0x013b0000" />
        <service id="0x089a" sid="2202" name="Redlight HD" type="25" provider="Orange Romania" onid="167" tsid="5224" namespace="0x013b0000" />
        <service id="0x08a1" sid="2209" name="RTL 2 Hungary" type="25" provider="Orange Romania" onid="167" tsid="5224" namespace="0x013b0000" />
        <service id="0x089d" sid="2205" name="Transilvania Look" type="25" provider="Orange Romania" onid="167" tsid="5224" namespace="0x013b0000" />
        <service id="0x21ff" sid="8703" name="Travel Mix" type="25" provider="Orange Romania" onid="167" tsid="5224" namespace="0x013b0000" />
        <service id="0x220d" sid="8717" name="TV Neptun" type="25" provider="Orange Romania" onid="167" tsid="5224" namespace="0x013b0000" />
      </transponder>
    </satellite>
    <satellite key="013b0000:146c:00a7" name="Sat-31.5E" namespace="0x013b0000" position="31.5">
      <transponder key="013b0000:146c:00a7" frequency="12246000" symbol_rate="30000000" polarization="V" fec="3" system="0" modulation="0">
        <service id="0x206d" sid="8301" name="Antena Stars HD" type="25" provider="Orange Romania" onid="167" tsid="5228" namespace="0x013b0000" />
        <service id="0x206e" sid="8302" name="Bucuresti 1 TV" type="25" provider="Orange Romania" onid="167" tsid="5228" namespace="0x013b0000" />
        <service id="0x207d" sid="8317" name="Cool TV Romania" type="25" provider="Orange Romania" onid="167" tsid="5228" namespace="0x013b0000" />
        <service id="0x081a" sid="2074" name="Discovery Channel Romania" type="25" provider="Orange Romania" onid="167" tsid="5228" namespace="0x013b0000" />
        <service id="0x207b" sid="8315" name="Diva Universal Romania" type="25" provider="Orange Romania" onid="167" tsid="5228" namespace="0x013b0000" />
        <service id="0x081f" sid="2079" name="EroXX HD" type="25" provider="Orange Romania" onid="167" tsid="5228" namespace="0x013b0000" />
        <service id="0x207c" sid="8316" name="Extreme Sports" type="25" provider="Orange Romania" onid="167" tsid="5228" namespace="0x013b0000" />
        <service id="0x081b" sid="2075" name="Filmbox Extra HD Romania" type="25" provider="Orange Romania" onid="167" tsid="5228" namespace="0x013b0000" />
        <service id="0x081e" sid="2078" name="Happy Channel HD Romania" type="25" provider="Orange Romania" onid="167" tsid="5228" namespace="0x013b0000" />
        <service id="0x0330" sid="816" name="MiniMax Romania" type="25" provider="Orange Romania" onid="167" tsid="5228" namespace="0x013b0000" />
        <service id="0x0333" sid="819" name="National Geographic HD East Europe" type="25" provider="Orange Romania" onid="167" tsid="5228" namespace="0x013b0000" />
        <service id="0x207e" sid="8318" name="Speranta TV" type="25" provider="Orange Romania" onid="167" tsid="5228" namespace="0x013b0000" />
        <service id="0x0331" sid="817" name="Sport.ro HD" type="25" provider="Orange Romania" onid="167" tsid="5228" namespace="0x013b0000" />
        <service id="0x081d" sid="2077" name="Trace Urban International HD" type="25" provider="Orange Romania" onid="167" tsid="5228" namespace="0x013b0000" />
        <service id="0x081c" sid="2076" name="TV5 Monde Europe" type="25" provider="Orange Romania" onid="167" tsid="5228" namespace="0x013b0000" />
      </transponder>
    </satellite>
    <satellite key="013b0000:1470:00a7" name="Sat-31.5E" namespace="0x013b0000" position="31.5">
      <transponder key="013b0000:1470:00a7" frequency="12324000" symbol_rate="30000000" polarization="V" fec="3" system="0" modulation="0">
        <service id="0x20d2" sid="8402" name="Acasá TV HD" type="25" provider="Orange Romania" onid="167" tsid="5232" namespace="0x013b0000" />
        <service id="0x20d4" sid="8404" name="Antena 3 HD Romania" type="25" provider="Orange Romania" onid="167" tsid="5232" namespace="0x013b0000" />
        <service id="0x20d6" sid="8406" name="Disney Channel Romania, Bulgaria &amp; Ukraine" type="25" provider="Orange Romania" onid="167" tsid="5232" namespace="0x013b0000" />
        <service id="0x20df" sid="8415" name="Dorcel TV" type="25" provider="Orange Romania" onid="167" tsid="5232" namespace="0x013b0000" />
        <service id="0x20d5" sid="8405" name="EuroNews" type="25" provider="Orange Romania" onid="167" tsid="5232" namespace="0x013b0000" />
        <service id="0x20d9" sid="8409" name="Investigation Discovery Xtra" type="25" provider="Orange Romania" onid="167" tsid="5232" namespace="0x013b0000" />
        <service id="0x20d1" sid="8401" name="Kanal D Romania" type="25" provider="Orange Romania" onid="167" tsid="5232" namespace="0x013b0000" />
        <service id="0x20dc" sid="8412" name="Mezzo" type="25" provider="Orange Romania" onid="167" tsid="5232" namespace="0x013b0000" />
        <service id="0x20dd" sid="8413" name="MyZen.tv" type="25" provider="Orange Romania" onid="167" tsid="5232" namespace="0x013b0000" />
        <service id="0x20d8" sid="8408" name="NatGeo Wild HD" type="25" provider="Orange Romania" onid="167" tsid="5232" namespace="0x013b0000" />
        <service id="0x20e1" sid="8417" name="Paramount Channel Hungary &amp; Romania" type="25" provider="Orange Romania" onid="167" tsid="5232" namespace="0x013b0000" />
        <service id="0x20e0" sid="8416" name="RTL+" type="25" provider="Orange Romania" onid="167" tsid="5232" namespace="0x013b0000" />
        <service id="0x20de" sid="8414" name="TV Paprika Romania" type="25" provider="Orange Romania" onid="167" tsid="5232" namespace="0x013b0000" />
        <service id="0x20d3" sid="8403" name="TV Romania International" type="25" provider="Orange Romania" onid="167" tsid="5232" namespace="0x013b0000" />
        <service id="0x20d7" sid="8407" name="Zu TV HD" type="25" provider="Orange Romania" onid="167" tsid="5232" namespace="0x013b0000" />
      </transponder>
    </satellite>
    <satellite key="013b0000:1474:00a7" name="Sat-31.5E" namespace="0x013b0000" position="31.5">
      <transponder key="013b0000:1474:00a7" frequency="12402000" symbol_rate="30000000" polarization="V" fec="3" system="0" modulation="0">
        <service id="0x035a" sid="858" name="Bollywood HD" type="25" provider="Orange Romania" onid="167" tsid="5236" namespace="0x013b0000" />
        <service id="0x085b" sid="2139" name="Disney Junior Romania" type="25" provider="Orange Romania" onid="167" tsid="5236" namespace="0x013b0000" />
        <service id="0x213a" sid="8506" name="Eurosport 1 HD" type="25" provider="Orange Romania" onid="167" tsid="5236" namespace="0x013b0000" />
        <service id="0x085d" sid="2141" name="FashionBOX HD" type="25" provider="Orange Romania" onid="167" tsid="5236" namespace="0x013b0000" />
        <service id="0x213e" sid="8510" name="Film Café" type="25" provider="Orange Romania" onid="167" tsid="5236" namespace="0x013b0000" />
        <service id="0x035f" sid="863" name="Fishing and Hunting HD" type="25" provider="Orange Romania" onid="167" tsid="5236" namespace="0x013b0000" />
        <service id="0x085a" sid="2138" name="France 24 (en Français)" type="25" provider="Orange Romania" onid="167" tsid="5236" namespace="0x013b0000" />
        <service id="0x213f" sid="8511" name="Kiss TV" type="25" provider="Orange Romania" onid="167" tsid="5236" namespace="0x013b0000" />
        <service id="0x085c" sid="2140" name="MTV Live HD" type="25" provider="Orange Romania" onid="167" tsid="5236" namespace="0x013b0000" />
        <service id="0x085e" sid="2142" name="Outdoor Channel EMEA HD" type="25" provider="Orange Romania" onid="167" tsid="5236" namespace="0x013b0000" />
        <service id="0x035c" sid="860" name="RTL Klub HD" type="25" provider="Orange Romania" onid="167" tsid="5236" namespace="0x013b0000" />
        <service id="0x085f" sid="2143" name="TLC Romania" type="25" provider="Orange Romania" onid="167" tsid="5236" namespace="0x013b0000" />
        <service id="0x035b" sid="859" name="TV Romania International" type="25" provider="Orange Romania" onid="167" tsid="5236" namespace="0x013b0000" />
        <service id="0x0359" sid="857" name="TVR 1" type="25" provider="Orange Romania" onid="167" tsid="5236" namespace="0x013b0000" />
        <service id="0x213c" sid="8508" name="Viasat History HD|  Time sharing" type="25" provider="Orange Romania" onid="167" tsid="5236" namespace="0x013b0000" />
        <service id="0x213d" sid="8509" name="Viasat Nature CEE" type="25" provider="Orange Romania" onid="167" tsid="5236" namespace="0x013b0000" />
      </transponder>
    </satellite>
    <satellite key="013b0000:1478:00a7" name="Sat-31.5E" namespace="0x013b0000" position="31.5">
      <transponder key="013b0000:1478:00a7" frequency="12480000" symbol_rate="30000000" polarization="V" fec="3" system="0" modulation="0">
        <service id="0x219f" sid="8607" name="Discovery Science" type="25" provider="Orange Romania" onid="167" tsid="5240" namespace="0x013b0000" />
        <service id="0x21a5" sid="8613" name="E! Eastern Europe HD" type="25" provider="Orange Romania" onid="167" tsid="5240" namespace="0x013b0000" />
        <service id="0x219e" sid="8606" name="Eurosport 2 HD" type="25" provider="Orange Romania" onid="167" tsid="5240" namespace="0x013b0000" />
        <service id="0x21a3" sid="8611" name="Favorit TV" type="25" provider="Orange Romania" onid="167" tsid="5240" namespace="0x013b0000" />
        <service id="0x219c" sid="8604" name="FightBOX HD" type="25" provider="Orange Romania" onid="167" tsid="5240" namespace="0x013b0000" />
        <service id="0x21a8" sid="8616" name="Film +" type="25" provider="Orange Romania" onid="167" tsid="5240" namespace="0x013b0000" />
        <service id="0x21a0" sid="8608" name="History Channel HD Romania" type="25" provider="Orange Romania" onid="167" tsid="5240" namespace="0x013b0000" />
        <service id="0x21a9" sid="8617" name="M1 - Magyar TV" type="25" provider="Orange Romania" onid="167" tsid="5240" namespace="0x013b0000" />
        <service id="0x21aa" sid="8618" name="M2" type="25" provider="Orange Romania" onid="167" tsid="5240" namespace="0x013b0000" />
        <service id="0x219b" sid="8603" name="Realitatea TV" type="25" provider="Orange Romania" onid="167" tsid="5240" namespace="0x013b0000" />
        <service id="0x21a4" sid="8612" name="Trace Tropical HD" type="25" provider="Orange Romania" onid="167" tsid="5240" namespace="0x013b0000" />
        <service id="0x21a6" sid="8614" name="Travel Channel HD" type="25" provider="Orange Romania" onid="167" tsid="5240" namespace="0x013b0000" />
        <service id="0x21a2" sid="8610" name="TV 1000 East" type="25" provider="Orange Romania" onid="167" tsid="5240" namespace="0x013b0000" />
        <service id="0x0381" sid="897" name="TVR 2" type="25" provider="Orange Romania" onid="167" tsid="5240" namespace="0x013b0000" />
        <service id="0x219a" sid="8602" name="TVR HD" type="25" provider="Orange Romania" onid="167" tsid="5240" namespace="0x013b0000" />
        <service id="0x21a1" sid="8609" name="Viasat History" type="25" provider="Orange Romania" onid="167" tsid="5240" namespace="0x013b0000" />
      </transponder>
    </satellite>
    <satellite key="013b2eb2:0002:0001" name="Sat-31.5E" namespace="0x013b2eb2" position="31.5">
      <transponder key="013b2eb2:0002:0001" frequency="11954000" symbol_rate="27500000" polarization="H" fec="4" system="0" modulation="0">
        <service id="0x019f" sid="415" name="24 Dok" type="25" provider="Magtisat" onid="1" tsid="2" namespace="0x013b2eb2" />
        <service id="0x041c" sid="1052" name="365 dnei TV" type="25" provider="Magtisat" onid="1" tsid="2" namespace="0x013b2eb2" />
        <service id="0x01a2" sid="418" name="Auto Plus (Russia)" type="25" provider="Magtisat" onid="1" tsid="2" namespace="0x013b2eb2" />
        <service id="0x019e" sid="414" name="Cartoon Network Russia &amp; South Eastern Europe" type="25" provider="Magtisat" onid="1" tsid="2" namespace="0x013b2eb2" />
        <service id="0x040d" sid="1037" name="Chasse et Pêche" type="25" provider="Magtisat" onid="1" tsid="2" namespace="0x013b2eb2" />
        <service id="0x01ac" sid="428" name="Dom Kino Premium" type="25" provider="Magtisat" onid="1" tsid="2" namespace="0x013b2eb2" />
        <service id="0x040a" sid="1034" name="Erox HD" type="25" provider="Magtisat" onid="1" tsid="2" namespace="0x013b2eb2" />
        <service id="0x040e" sid="1038" name="FilmBox Russia" type="25" provider="Magtisat" onid="1" tsid="2" namespace="0x013b2eb2" />
        <service id="0x040c" sid="1036" name="Fox Russia" type="25" provider="Magtisat" onid="1" tsid="2" namespace="0x013b2eb2" />
        <service id="0x01a0" sid="416" name="GDE i KTO" type="25" provider="Magtisat" onid="1" tsid="2" namespace="0x013b2eb2" />
        <service id="0x01a1" sid="417" name="India TV (Russia)" type="25" provider="Magtisat" onid="1" tsid="2" namespace="0x013b2eb2" />
        <service id="0x01aa" sid="426" name="Karusel" type="25" provider="Magtisat" onid="1" tsid="2" namespace="0x013b2eb2" />
        <service id="0x041e" sid="1054" name="Kinomix" type="25" provider="Magtisat" onid="1" tsid="2" namespace="0x013b2eb2" />
        <service id="0x01a9" sid="425" name="Kinosemia" type="25" provider="Magtisat" onid="1" tsid="2" namespace="0x013b2eb2" />
        <service id="0x040b" sid="1035" name="Kinosvidania" type="25" provider="Magtisat" onid="1" tsid="2" namespace="0x013b2eb2" />
        <service id="0x01a3" sid="419" name="Kuchnja TV" type="25" provider="Magtisat" onid="1" tsid="2" namespace="0x013b2eb2" />
        <service id="0x01a4" sid="420" name="Kultura TV" type="25" provider="Magtisat" onid="1" tsid="2" namespace="0x013b2eb2" />
        <service id="0x019a" sid="410" name="La Minor" type="25" provider="Magtisat" onid="1" tsid="2" namespace="0x013b2eb2" />
        <service id="0x041f" sid="1055" name="Magti Kino" type="25" provider="Magtisat" onid="1" tsid="2" namespace="0x013b2eb2" />
        <service id="0x041b" sid="1051" name="Match Planeta" type="25" provider="Magtisat" onid="1" tsid="2" namespace="0x013b2eb2" />
        <service id="0x01a6" sid="422" name="Mult" type="25" provider="Magtisat" onid="1" tsid="2" namespace="0x013b2eb2" />
        <service id="0x041a" sid="1050" name="Muzhskoy" type="25" provider="Magtisat" onid="1" tsid="2" namespace="0x013b2eb2" />
        <service id="0x019d" sid="413" name="Nashe Novoe Kino" type="25" provider="Magtisat" onid="1" tsid="2" namespace="0x013b2eb2" />
        <service id="0x01ab" sid="427" name="National Geographic Russia" type="25" provider="Magtisat" onid="1" tsid="2" namespace="0x013b2eb2" />
        <service id="0x00c7" sid="199" name="Nickelodeon Russia" type="25" provider="Magtisat" onid="1" tsid="2" namespace="0x013b2eb2" />
        <service id="0x01a8" sid="424" name="NTV+ Kinohit" type="25" provider="Magtisat" onid="1" tsid="2" namespace="0x013b2eb2" />
        <service id="0x019b" sid="411" name="Rioni TV" type="25" provider="Magtisat" onid="1" tsid="2" namespace="0x013b2eb2" />
        <service id="0x01a7" sid="423" name="Rus Bestseller" type="25" provider="Magtisat" onid="1" tsid="2" namespace="0x013b2eb2" />
        <service id="0x040f" sid="1039" name="Russia 24" type="25" provider="Magtisat" onid="1" tsid="2" namespace="0x013b2eb2" />
        <service id="0x041d" sid="1053" name="STV Georgia" type="25" provider="Magtisat" onid="1" tsid="2" namespace="0x013b2eb2" />
        <service id="0x01a5" sid="421" name="Travel Channel" type="25" provider="Magtisat" onid="1" tsid="2" namespace="0x013b2eb2" />
        <service id="0x019c" sid="412" name="Tune Box" type="25" provider="Magtisat" onid="1" tsid="2" namespace="0x013b2eb2" />
      </transponder>
    </satellite>
    <satellite key="013b2fea:0004:0001" name="Sat-31.5E" namespace="0x013b2fea" position="31.5">
      <transponder key="013b2fea:0004:0001" frequency="12266000" symbol_rate="27500000" polarization="H" fec="4" system="0" modulation="0">
        <service id="0x03fa" sid="1018" name="Armenia TV" type="25" provider="Magtisat" onid="1" tsid="4" namespace="0x013b2fea" />
        <service id="0x100e" sid="4110" name="Az TV 1" type="25" provider="magtisat" onid="1" tsid="4" namespace="0x013b2fea" />
        <service id="0x0ff0" sid="4080" name="CNN International Europe" type="25" provider="magtisat" onid="1" tsid="4" namespace="0x013b2fea" />
        <service id="0x043b" sid="1083" name="Da Vinci Learning" type="25" provider="magtisat" onid="1" tsid="4" namespace="0x013b2fea" />
        <service id="0x0fdc" sid="4060" name="DW-TV (Deutsche Welle)" type="25" provider="magtisat" onid="1" tsid="4" namespace="0x013b2fea" />
        <service id="0x0fd2" sid="4050" name="France 24 (in English)" type="25" provider="Magtisat" onid="1" tsid="4" namespace="0x013b2fea" />
        <service id="0x01bf" sid="447" name="HD Life" type="25" provider="Magtisat" onid="1" tsid="4" namespace="0x013b2fea" />
        <service id="0x043c" sid="1084" name="Istoria" type="25" provider="Magtisat" onid="1" tsid="4" namespace="0x013b2fea" />
        <service id="0x01b9" sid="441" name="Kinokomedia" type="25" provider="Magtisat" onid="1" tsid="4" namespace="0x013b2fea" />
        <service id="0x07e4" sid="2020" name="Mama" type="25" provider="Magtisat" onid="1" tsid="4" namespace="0x013b2fea" />
        <service id="0x01bb" sid="443" name="Mnogo TV" type="25" provider="Magtisat" onid="1" tsid="4" namespace="0x013b2fea" />
        <service id="0x043d" sid="1085" name="Moya Planeta" type="25" provider="Magtisat" onid="1" tsid="4" namespace="0x013b2fea" />
        <service id="0x03ec" sid="1004" name="Nauka 2.0" type="25" provider="magtisat" onid="1" tsid="4" namespace="0x013b2fea" />
        <service id="0x01bd" sid="445" name="Nostalgia (Russia)" type="25" provider="Magtisat" onid="1" tsid="4" namespace="0x013b2fea" />
        <service id="0x0fbe" sid="4030" name="NSTV" type="25" provider="magtisat" onid="1" tsid="4" namespace="0x013b2fea" />
        <service id="0x01c0" sid="448" name="Park Razvlechenie" type="25" provider="Magtisat" onid="1" tsid="4" namespace="0x013b2fea" />
        <service id="0x0faa" sid="4010" name="PirveliArkhi HD" type="25" provider="Magtisat" onid="1" tsid="4" namespace="0x013b2fea" />
        <service id="0x0ffa" sid="4090" name="Planeta HD" type="25" provider="magtisat" onid="1" tsid="4" namespace="0x013b2fea" />
        <service id="0x01be" sid="446" name="Radnoe Kino" type="25" provider="Magtisat" onid="1" tsid="4" namespace="0x013b2fea" />
        <service id="0x102c" sid="4140" name="RBC TV" type="25" provider="magtisat" onid="1" tsid="4" namespace="0x013b2fea" />
        <service id="0x03fe" sid="1022" name="Russia Today" type="25" provider="magtisat" onid="1" tsid="4" namespace="0x013b2fea" />
        <service id="0x01b1" sid="433" name="Russkiy Extream" type="25" provider="Magtisat" onid="1" tsid="4" namespace="0x013b2fea" />
        <service id="0x0fe6" sid="4070" name="Sarafan Plus" type="25" provider="magtisat" onid="1" tsid="4" namespace="0x013b2fea" />
        <service id="0x080c" sid="2060" name="Strana TV" type="25" provider="Magtisat" onid="1" tsid="4" namespace="0x013b2fea" />
        <service id="0x014e" sid="334" name="TV 1000 Action East" type="25" provider="Magtisat" onid="1" tsid="4" namespace="0x013b2fea" />
        <service id="0x0156" sid="342" name="TV 1000 East" type="25" provider="Magtisat" onid="1" tsid="4" namespace="0x013b2fea" />
        <service id="0x015e" sid="350" name="TV 1000 Russkoe Kino" type="25" provider="Magtisat" onid="1" tsid="4" namespace="0x013b2fea" />
        <service id="0x082a" sid="2090" name="Viasat Explorer Russia" type="25" provider="Magtisat" onid="1" tsid="4" namespace="0x013b2fea" />
        <service id="0x083e" sid="2110" name="Viasat History" type="25" provider="Magtisat" onid="1" tsid="4" namespace="0x013b2fea" />
        <service id="0x017e" sid="382" name="Viasat Nature CEE" type="25" provider="Magtisat" onid="1" tsid="4" namespace="0x013b2fea" />
        <service id="0x01b5" sid="437" name="Viasat Sport Baltic &amp; Russia" type="25" provider="Magtisat" onid="1" tsid="4" namespace="0x013b2fea" />
        <service id="0x0fc8" sid="4040" name="Vremja" type="25" provider="magtisat" onid="1" tsid="4" namespace="0x013b2fea" />
      </transponder>
    </satellite>
    <satellite key="013baec5:0001:0001" name="Sat-31.5E" namespace="0x013baec5" position="31.5">
      <transponder key="013baec5:0001:0001" frequency="11973000" symbol_rate="27500000" polarization="V" fec="4" system="0" modulation="0">
        <service id="0x00c2" sid="194" name="Animal Planet Eastern Europe" type="25" provider="Magtisat" onid="1" tsid="1" namespace="0x013baec5" />
        <service id="0x03ed" sid="1005" name="BBC World News" type="25" provider="Magtisat" onid="1" tsid="1" namespace="0x013baec5" />
        <service id="0x03f0" sid="1008" name="CNBC Europe" type="25" provider="Magtisat" onid="1" tsid="1" namespace="0x013baec5" />
        <service id="0x00c1" sid="193" name="Discovery Channel Eastern Europe" type="25" provider="Magtisat" onid="1" tsid="1" namespace="0x013baec5" />
        <service id="0x00bf" sid="191" name="Discovery Science" type="25" provider="Magtisat" onid="1" tsid="1" namespace="0x013baec5" />
        <service id="0x00c0" sid="192" name="Discovery World" type="25" provider="Magtisat" onid="1" tsid="1" namespace="0x013baec5" />
        <service id="0x03f3" sid="1011" name="DocuBox" type="25" provider="Magtisat" onid="1" tsid="1" namespace="0x013baec5" />
        <service id="0x03f8" sid="1016" name="Dom Kino" type="25" provider="Magtisat" onid="1" tsid="1" namespace="0x013baec5" />
        <service id="0x03f4" sid="1012" name="Duck TV" type="25" provider="Magtisat" onid="1" tsid="1" namespace="0x013baec5" />
        <service id="0x03f6" sid="1014" name="Enki Benki" type="25" provider="Harmonic" onid="1" tsid="1" namespace="0x013baec5" />
        <service id="0x03f2" sid="1010" name="EuroNews" type="25" provider="Magtisat" onid="1" tsid="1" namespace="0x013baec5" />
        <service id="0x03fd" sid="1021" name="Eurosport 1" type="25" provider="Magtisat" onid="1" tsid="1" namespace="0x013baec5" />
        <service id="0x03fe" sid="1022" name="Eurosport 2" type="25" provider="Magtisat" onid="1" tsid="1" namespace="0x013baec5" />
        <service id="0x03fb" sid="1019" name="Eurosport News" type="25" provider="Magtisat" onid="1" tsid="1" namespace="0x013baec5" />
        <service id="0x03ef" sid="1007" name="Fashion TV" type="25" provider="Magtisat" onid="1" tsid="1" namespace="0x013baec5" />
        <service id="0x03f9" sid="1017" name="Fightbox" type="25" provider="Magtisat" onid="1" tsid="1" namespace="0x013baec5" />
        <service id="0x03f5" sid="1013" name="Fine Living Network" type="25" provider="Magtisat" onid="1" tsid="1" namespace="0x013baec5" />
        <service id="0x03fc" sid="1020" name="Hustler TV" type="25" provider="Magtisat" onid="1" tsid="1" namespace="0x013baec5" />
        <service id="0x00be" sid="190" name="ID Xtra Russia" type="25" provider="Magtisat" onid="1" tsid="1" namespace="0x013baec5" />
        <service id="0x03f7" sid="1015" name="Jim Jam Rossiya" type="25" provider="Magtisat" onid="1" tsid="1" namespace="0x013baec5" />
        <service id="0x03e9" sid="1001" name="Maestro" type="25" provider="Magtisat" onid="1" tsid="1" namespace="0x013baec5" />
        <service id="0x03eb" sid="1003" name="Marao TV" type="25" provider="Magtisat" onid="1" tsid="1" namespace="0x013baec5" />
        <service id="0x00c6" sid="198" name="MTV Russia" type="25" provider="Magtisat" onid="1" tsid="1" namespace="0x013baec5" />
        <service id="0x03ea" sid="1002" name="NatGeo Wild Central Europe" type="25" provider="Magtisat" onid="1" tsid="1" namespace="0x013baec5" />
        <service id="0x00c4" sid="196" name="Nick Jr Russia" type="25" provider="Magtisat" onid="1" tsid="1" namespace="0x013baec5" />
        <service id="0x00c3" sid="195" name="Paramount Comedy Russia" type="25" provider="Magtisat" onid="1" tsid="1" namespace="0x013baec5" />
        <service id="0x03ee" sid="1006" name="RTR Planeta" type="25" provider="Magtisat" onid="1" tsid="1" namespace="0x013baec5" />
        <service id="0x03f1" sid="1009" name="RTV International" type="25" provider="Magtisat" onid="1" tsid="1" namespace="0x013baec5" />
        <service id="0x03ec" sid="1004" name="Setanta Sport Evraziya" type="25" provider="Magtisat" onid="1" tsid="1" namespace="0x013baec5" />
        <service id="0x03fa" sid="1018" name="TiJi" type="25" provider="Magtisat" onid="1" tsid="1" namespace="0x013baec5" />
        <service id="0x03ff" sid="1023" name="TLC Russia" type="25" provider="Magtisat" onid="1" tsid="1" namespace="0x013baec5" />
        <service id="0x00c5" sid="197" name="VH-1 Classic" type="25" provider="Magtisat" onid="1" tsid="1" namespace="0x013baec5" />
      </transponder>
    </satellite>
    <satellite key="013bafaf:0003:0001" name="Sat-31.5E" namespace="0x013bafaf" position="31.5">
      <transponder key="013bafaf:0003:0001" frequency="12207000" symbol_rate="27500000" polarization="V" fec="4" system="0" modulation="0">
        <service id="0x0bd6" sid="3030" name="1.tv Georgia" type="25" provider="Magtisat" onid="1" tsid="3" namespace="0x013bafaf" />
        <service id="0x044a" sid="1098" name="Abkhazetis Khma" type="25" provider="Magtisat" onid="1" tsid="3" namespace="0x013bafaf" />
        <service id="0x01b8" sid="440" name="Adjara TV" type="25" provider="Magtisat" onid="1" tsid="3" namespace="0x013bafaf" />
        <service id="0x01c1" sid="449" name="Chveni Magti" type="25" provider="Harmonic" onid="1" tsid="3" namespace="0x013bafaf" />
        <service id="0x07d0" sid="2000" name="Comedy Arkhi" type="25" provider="Magtisat" onid="1" tsid="3" namespace="0x013bafaf" />
        <service id="0x0bcc" sid="3020" name="Dardi Mandi" type="25" provider="Magtisat" onid="1" tsid="3" namespace="0x013bafaf" />
        <service id="0x0bc2" sid="3010" name="Dro TV" type="25" provider="Magtisat" onid="1" tsid="3" namespace="0x013bafaf" />
        <service id="0x014a" sid="330" name="Ertsulovneba" type="25" provider="Magtisat" onid="1" tsid="3" namespace="0x013bafaf" />
        <service id="0x01b0" sid="432" name="FashionBox" type="25" provider="Magtisat" onid="1" tsid="3" namespace="0x013bafaf" />
        <service id="0x01af" sid="431" name="FastNFunbox" type="25" provider="Magtisat" onid="1" tsid="3" namespace="0x013bafaf" />
        <service id="0x07ee" sid="2030" name="Filmbox Arthouse" type="25" provider="Magtisat" onid="1" tsid="3" namespace="0x013bafaf" />
        <service id="0x01bc" sid="444" name="GDS TV" type="25" provider="Magtisat" onid="1" tsid="3" namespace="0x013bafaf" />
        <service id="0x07da" sid="2010" name="Gurjaani" type="25" provider="Magtisat" onid="1" tsid="3" namespace="0x013bafaf" />
        <service id="0x0176" sid="374" name="Iberia TV" type="25" provider="Magtisat" onid="1" tsid="3" namespace="0x013bafaf" />
        <service id="0x0c1c" sid="3100" name="Imedi TV" type="25" provider="Magtisat" onid="1" tsid="3" namespace="0x013bafaf" />
        <service id="0x0c08" sid="3080" name="Kavkasia" type="25" provider="Magtisat" onid="1" tsid="3" namespace="0x013bafaf" />
        <service id="0x01b7" sid="439" name="Kinopremiera" type="25" provider="Magtisat" onid="1" tsid="3" namespace="0x013bafaf" />
        <service id="0x087a" sid="2170" name="Magti Hit" type="25" provider="Magtisat" onid="1" tsid="3" namespace="0x013bafaf" />
        <service id="0x044b" sid="1099" name="Meore Arkhi" type="25" provider="Magtisat" onid="1" tsid="3" namespace="0x013bafaf" />
        <service id="0x01b2" sid="434" name="Mezzo" type="25" provider="Magtisat" onid="1" tsid="3" namespace="0x013bafaf" />
        <service id="0x0fb4" sid="4020" name="Objieqtivi TV" type="25" provider="Magtisat" onid="1" tsid="3" namespace="0x013bafaf" />
        <service id="0x043a" sid="1082" name="Paramount Comedy Russia" type="25" provider="Magtisat" onid="1" tsid="3" namespace="0x013bafaf" />
        <service id="0x01b6" sid="438" name="Perviy Kanal" type="25" provider="Magtisat" onid="1" tsid="3" namespace="0x013bafaf" />
        <service id="0x085c" sid="2140" name="Qartuli Arkhi" type="25" provider="Magtisat" onid="1" tsid="3" namespace="0x013bafaf" />
        <service id="0x01b4" sid="436" name="Redlight TV" type="25" provider="Magtisat" onid="1" tsid="3" namespace="0x013bafaf" />
        <service id="0x0142" sid="322" name="Russkaja Noch" type="25" provider="Magtisat" onid="1" tsid="3" namespace="0x013bafaf" />
        <service id="0x043e" sid="1086" name="Rustavi 2" type="25" provider="Magtisat" onid="1" tsid="3" namespace="0x013bafaf" />
        <service id="0x01b3" sid="435" name="Setanta Sport Evraziya +" type="25" provider="Magtisat" onid="1" tsid="3" namespace="0x013bafaf" />
        <service id="0x0c30" sid="3120" name="Silk TV" type="25" provider="magtisat" onid="1" tsid="3" namespace="0x013bafaf" />
        <service id="0x07f8" sid="2040" name="TNT Comedy" type="25" provider="Magtisat" onid="1" tsid="3" namespace="0x013bafaf" />
        <service id="0x088e" sid="2190" name="TV XXI" type="25" provider="Magtisat" onid="1" tsid="3" namespace="0x013bafaf" />
        <service id="0x043f" sid="1087" name="TV25 Batumi" type="25" provider="Magtisat" onid="1" tsid="3" namespace="0x013bafaf" />
      </transponder>
    </satellite>
  </satellites>
</zapit>
