<?xml version='1.0' encoding='utf-8'?>
<zapit api="4">
  <terrestrials>
    <terrestrial key="eeee0000:68e1:217c" name="GOLD-TV" namespace="0xeeee0000">
      <transponder key="eeee0000:68e1:217c" frequency="522000000" symbol_rate="0" polarization="H" fec="5" system="0" modulation="4">
        <service id="0x1a9e" sid="6814" name="7 GOLD" type="25" provider="SETTE GOLD" onid="8572" tsid="26849" namespace="0xeeee0000" />
        <service id="0x1a91" sid="6801" name="CANALE 10 HD" type="1" provider="CANALE 10" onid="8572" tsid="26849" namespace="0xeeee0000" />
        <service id="0x1a9c" sid="6812" name="CANALE ITALIA" type="1" provider="Canale Italia" onid="8572" tsid="26849" namespace="0xeeee0000" />
        <service id="0x1a9f" sid="6815" name="GLOBO TV" type="1" provider="GLOBO TV" onid="8572" tsid="26849" namespace="0xeeee0000" />
        <service id="0x1a92" sid="6802" name="GOLD TV" type="1" provider="GOLD TV" onid="8572" tsid="26849" namespace="0xeeee0000" />
        <service id="0x1a94" sid="6804" name="LAZIO TV" type="1" provider="GOLDTV" onid="8572" tsid="26849" namespace="0xeeee0000" />
        <service id="0x1a9b" sid="6811" name="MANA' MANA' SPORT" type="1" provider="MANA' MANA' SPORT" onid="8572" tsid="26849" namespace="0xeeee0000" />
        <service id="0x1a95" sid="6805" name="Radio Roma News" type="1" provider="Amici Network" onid="8572" tsid="26849" namespace="0xeeee0000" />
        <service id="0x1a96" sid="6806" name="Radio Roma TV" type="1" provider="Radio Roma Tv" onid="8572" tsid="26849" namespace="0xeeee0000" />
        <service id="0x1a98" sid="6808" name="T9" type="1" provider="GOLD TV" onid="8572" tsid="26849" namespace="0xeeee0000" />
        <service id="0x1a9d" sid="6813" name="Tele In" type="1" provider="Tele In" onid="8572" tsid="26849" namespace="0xeeee0000" />
        <service id="0x1aa3" sid="6819" name="TELEITALIA 41" type="22" provider="In Aria!" onid="8572" tsid="26849" namespace="0xeeee0000" />
        <service id="0x1aa0" sid="6816" name="TELEREGIONE" type="1" provider="GOLDTV" onid="8572" tsid="26849" namespace="0xeeee0000" />
        <service id="0x1a97" sid="6807" name="TeleRoma 56" type="1" provider="TeleRoma" onid="8572" tsid="26849" namespace="0xeeee0000" />
        <service id="0x1a99" sid="6809" name="TeleRoma 56 Sport" type="1" provider="TeleRoma" onid="8572" tsid="26849" namespace="0xeeee0000" />
        <service id="0x1a93" sid="6803" name="Teleuniverso HD" type="1" provider="Teleuniverso" onid="8572" tsid="26849" namespace="0xeeee0000" />
        <service id="0x1a9a" sid="6810" name="TRL" type="22" provider="TOTOPARTNER" onid="8572" tsid="26849" namespace="0xeeee0000" />
        <service id="0x1ab8" sid="6840" name="RTR 99 DAB" type="2" provider="Intecgroup" onid="8572" tsid="26849" namespace="0xeeee0000" radio="1" />
      </transponder>
    </terrestrial>
  </terrestrials>
</zapit>
