<?xml version='1.0' encoding='utf-8'?>
<zapit>
  <bouquet name="General" category="tv">
    <channel service_ref="1:0:25:0003:0018:020d:020d0000:0:0:0:" name="Baby TV HD" service_name="Baby TV HD" provider="DU" sid="3" onid="525" tsid="24" />
    <channel service_ref="1:0:25:000c:0018:020d:020d0000:0:0:0:" name="Disney Channel Middle East" service_name="Disney Channel Middle East" provider="DU" sid="12" onid="525" tsid="24" />
    <channel service_ref="1:0:25:000d:0018:020d:020d0000:0:0:0:" name="Disney Junior" service_name="Disney Junior" provider="DU" sid="13" onid="525" tsid="24" />
    <channel service_ref="1:0:25:000a:0018:020d:020d0000:0:0:0:" name="NG Wild HD" service_name="NG Wild HD" provider="DU" sid="10" onid="525" tsid="24" />
    <channel service_ref="1:0:25:000f:0018:020d:020d0000:0:0:0:" name="NGC HD" service_name="NGC HD" provider="DU" sid="15" onid="525" tsid="24" />
    <channel service_ref="1:0:25:0007:0018:020d:020d0000:0:0:0:" name="STAR Action Movies HD" service_name="STAR Action Movies HD" provider="DU" sid="7" onid="525" tsid="24" />
    <channel service_ref="1:0:25:0002:0018:020d:020d0000:0:0:0:" name="STAR Movies HD" service_name="STAR Movies HD" provider="DU" sid="2" onid="525" tsid="24" />
    <channel service_ref="1:0:25:0001:0018:020d:020d0000:0:0:0:" name="STAR World HD" service_name="STAR World HD" provider="DU" sid="1" onid="525" tsid="24" />
  </bouquet>
  <bouquet name="Movies" category="tv">
    <channel service_ref="1:0:25:0007:0018:020d:020d0000:0:0:0:" name="STAR Action Movies HD" service_name="STAR Action Movies HD" provider="DU" sid="7" onid="525" tsid="24" />
    <channel service_ref="1:0:25:0002:0018:020d:020d0000:0:0:0:" name="STAR Movies HD" service_name="STAR Movies HD" provider="DU" sid="2" onid="525" tsid="24" />
  </bouquet>
  <bouquet name="Kids" category="tv">
    <channel service_ref="1:0:25:000c:0018:020d:020d0000:0:0:0:" name="Disney Channel Middle East" service_name="Disney Channel Middle East" provider="DU" sid="12" onid="525" tsid="24" />
    <channel service_ref="1:0:25:000d:0018:020d:020d0000:0:0:0:" name="Disney Junior" service_name="Disney Junior" provider="DU" sid="13" onid="525" tsid="24" />
  </bouquet>
  <bouquet name="Resolution - HD" category="tv">
    <channel service_ref="1:0:25:0003:0018:020d:020d0000:0:0:0:" name="Baby TV HD" service_name="Baby TV HD" provider="DU" sid="3" onid="525" tsid="24" />
    <channel service_ref="1:0:25:000a:0018:020d:020d0000:0:0:0:" name="NG Wild HD" service_name="NG Wild HD" provider="DU" sid="10" onid="525" tsid="24" />
    <channel service_ref="1:0:25:000f:0018:020d:020d0000:0:0:0:" name="NGC HD" service_name="NGC HD" provider="DU" sid="15" onid="525" tsid="24" />
    <channel service_ref="1:0:25:0007:0018:020d:020d0000:0:0:0:" name="STAR Action Movies HD" service_name="STAR Action Movies HD" provider="DU" sid="7" onid="525" tsid="24" />
    <channel service_ref="1:0:25:0002:0018:020d:020d0000:0:0:0:" name="STAR Movies HD" service_name="STAR Movies HD" provider="DU" sid="2" onid="525" tsid="24" />
    <channel service_ref="1:0:25:0001:0018:020d:020d0000:0:0:0:" name="STAR World HD" service_name="STAR World HD" provider="DU" sid="1" onid="525" tsid="24" />
  </bouquet>
  <bouquet name="International" category="tv">
    <channel service_ref="1:0:25:0001:0018:020d:020d0000:0:0:0:" name="STAR World HD" service_name="STAR World HD" provider="DU" sid="1" onid="525" tsid="24" />
  </bouquet>
  <bouquet name="Others" category="tv">
    <channel service_ref="1:0:25:0003:0018:020d:020d0000:0:0:0:" name="Baby TV HD" service_name="Baby TV HD" provider="DU" sid="3" onid="525" tsid="24" />
    <channel service_ref="1:0:25:000a:0018:020d:020d0000:0:0:0:" name="NG Wild HD" service_name="NG Wild HD" provider="DU" sid="10" onid="525" tsid="24" />
    <channel service_ref="1:0:25:000f:0018:020d:020d0000:0:0:0:" name="NGC HD" service_name="NGC HD" provider="DU" sid="15" onid="525" tsid="24" />
  </bouquet>
</zapit>
