{
  "api_version": 4,
  "bouquet_count": "67",
  "category": "terrestrial",
  "deduplicated_services": "0",
  "display_name": "Persidera",
  "lamedb_version": "4",
  "last_seen": "unknown",
  "region_code": "persidera",
  "service_count": "2986",
  "source": "work/ingest/oe-alliance/vhannibal.dual.feeds.and.dtt.lazio/enigma2",
  "stale": "unknown",
  "stats": "{\"bouquet_count\": 44, \"cable_services\": 0, \"radio_services\": 409, \"sat_services\": 2675, \"terrestrial_services\": 311, \"total_services\": 2986}",
  "thresholds": "{\"cable\": 20, \"sat\": 50, \"terrestrial\": 20}",
  "transponder_count": "213"
}