<?xml version='1.0' encoding='utf-8'?>
<zapit api="4">
  <terrestrials>
    <terrestrial key="eeee0000:6e69:217c" name="Azzurra-TV" namespace="0xeeee0000">
      <transponder key="eeee0000:6e69:217c" frequency="554000000" symbol_rate="0" polarization="H" fec="5" system="0" modulation="4">
        <service id="0x00ad" sid="173" name="AmiciTV" type="1" provider="" onid="8572" tsid="28265" namespace="0xeeee0000" />
        <service id="0x00b2" sid="178" name="Azzurra TV" type="1" provider="Azzurra TV" onid="8572" tsid="28265" namespace="0xeeee0000" />
        <service id="0x0030" sid="48" name="CANALE 23 TELETUSCOLO" type="1" provider="G&amp;P SOC COPERATIVA" onid="8572" tsid="28265" namespace="0xeeee0000" />
        <service id="0x007d" sid="125" name="CanaleZero" type="1" provider="CanaleZero" onid="8572" tsid="28265" namespace="0xeeee0000" />
        <service id="0x007c" sid="124" name="Europa TV 6" type="1" provider="" onid="8572" tsid="28265" namespace="0xeeee0000" />
        <service id="0x05ec" sid="1516" name="Europa TV HD" type="1" provider="" onid="8572" tsid="28265" namespace="0xeeee0000" />
        <service id="0x004a" sid="74" name="EuropaTV" type="1" provider="" onid="8572" tsid="28265" namespace="0xeeee0000" />
        <service id="0x002e" sid="46" name="Gary TV" type="1" provider="Gary tv" onid="8572" tsid="28265" namespace="0xeeee0000" />
        <service id="0x011f" sid="287" name="Gtv Intermotori" type="1" provider="" onid="8572" tsid="28265" namespace="0xeeee0000" />
        <service id="0x012a" sid="298" name="La Voce TV" type="1" provider="La Voce TV" onid="8572" tsid="28265" namespace="0xeeee0000" />
        <service id="0x002f" sid="47" name="LombardiaTV" type="1" provider="LombardiaTV" onid="8572" tsid="28265" namespace="0xeeee0000" />
        <service id="0x00b9" sid="185" name="MS SPORT" type="1" provider="" onid="8572" tsid="28265" namespace="0xeeee0000" />
        <service id="0x003d" sid="61" name="Policinema" type="1" provider="" onid="8572" tsid="28265" namespace="0xeeee0000" />
        <service id="0x00c9" sid="201" name="RADIO ROMA" type="1" provider="DTV Provider" onid="8572" tsid="28265" namespace="0xeeee0000" />
        <service id="0x02b9" sid="697" name="RadioColonna TV" type="1" provider="Mainlevel" onid="8572" tsid="28265" namespace="0xeeee0000" />
        <service id="0x005b" sid="91" name="SL 48" type="1" provider="" onid="8572" tsid="28265" namespace="0xeeee0000" />
        <service id="0x000e" sid="14" name="Supernova" type="1" provider="" onid="8572" tsid="28265" namespace="0xeeee0000" />
        <service id="0x00ca" sid="202" name="Supernova 4" type="1" provider="" onid="8572" tsid="28265" namespace="0xeeee0000" />
        <service id="0x05ea" sid="1514" name="Supernova hd" type="1" provider="" onid="8572" tsid="28265" namespace="0xeeee0000" />
        <service id="0x00c1" sid="193" name="Supernova1" type="1" provider="" onid="8572" tsid="28265" namespace="0xeeee0000" />
        <service id="0x03e8" sid="1000" name="SuperTV" type="1" provider="" onid="8572" tsid="28265" namespace="0xeeee0000" />
        <service id="0x045c" sid="1116" name="Tele Centro Lazio" type="1" provider="" onid="8572" tsid="28265" namespace="0xeeee0000" />
        <service id="0x0001" sid="1" name="TeleAmbiente" type="1" provider="TA" onid="8572" tsid="28265" namespace="0xeeee0000" />
        <service id="0x004e" sid="78" name="Telepontina" type="1" provider="" onid="8572" tsid="28265" namespace="0xeeee0000" />
        <service id="0x02ba" sid="698" name="Travel Tv" type="1" provider="Doria" onid="8572" tsid="28265" namespace="0xeeee0000" />
        <service id="0x002b" sid="43" name="YOUNG TV" type="1" provider="YOUNG TV" onid="8572" tsid="28265" namespace="0xeeee0000" />
      </transponder>
    </terrestrial>
  </terrestrials>
</zapit>
