<?xml version='1.0' encoding='utf-8'?>
<zapit api="4">
  <satellites>
    <satellite key="014a0000:0009:00aa" name="Sat-33E" namespace="0x014a0000" position="33">
      <transponder key="014a0000:0009:00aa" frequency="10919000" symbol_rate="10095000" polarization="H" fec="2" system="0" modulation="0">
        <service id="0x01d8" sid="472" name="TEST 81" type="1" provider="OTE" onid="170" tsid="9" namespace="0x014a0000" />
        <service id="0x01d9" sid="473" name="TEST 82" type="1" provider="OTE" onid="170" tsid="9" namespace="0x014a0000" />
      </transponder>
    </satellite>
    <satellite key="014a0000:2bc0:004b" name="Sat-33E" namespace="0x014a0000" position="33">
      <transponder key="014a0000:2bc0:004b" frequency="10758000" symbol_rate="27500000" polarization="V" fec="4" system="0" modulation="0">
        <service id="0x00ce" sid="206" name="2M Monde" type="31" provider="Eutelsat" onid="75" tsid="11200" namespace="0x014a0000" />
        <service id="0x00cd" sid="205" name="Al Aoula International" type="31" provider="Eutelsat" onid="75" tsid="11200" namespace="0x014a0000" />
        <service id="0x00d2" sid="210" name="Al Maghribia" type="31" provider="Eutelsat" onid="75" tsid="11200" namespace="0x014a0000" />
        <service id="0x00cc" sid="204" name="Arte" type="31" provider="Eutelsat" onid="75" tsid="11200" namespace="0x014a0000" />
        <service id="0x00ca" sid="202" name="France24 English" type="31" provider="Eutelsat" onid="75" tsid="11200" namespace="0x014a0000" />
        <service id="0x00cf" sid="207" name="LDC" type="31" provider="Eutelsat" onid="75" tsid="11200" namespace="0x014a0000" />
        <service id="0x00cb" sid="203" name="Rai Storia" type="31" provider="Eutelsat" onid="75" tsid="11200" namespace="0x014a0000" />
        <service id="0x00d5" sid="213" name="Tivi5 MONDE" type="31" provider="Eutelsat" onid="75" tsid="11200" namespace="0x014a0000" />
        <service id="0x00d6" sid="214" name="Trace Africa" type="31" provider="Eutelsat" onid="75" tsid="11200" namespace="0x014a0000" />
        <service id="0x00d7" sid="215" name="Trace Urban" type="31" provider="Eutelsat" onid="75" tsid="11200" namespace="0x014a0000" />
        <service id="0x00d3" sid="211" name="TV5MONDE Afrique" type="31" provider="Eutelsat" onid="75" tsid="11200" namespace="0x014a0000" />
        <service id="0x00d0" sid="208" name="TV5MONDE MO" type="31" provider="Eutelsat" onid="75" tsid="11200" namespace="0x014a0000" />
        <service id="0x00d4" sid="212" name="TV5MONDE Style HD" type="31" provider="Eutelsat" onid="75" tsid="11200" namespace="0x014a0000" />
      </transponder>
    </satellite>
    <satellite key="014a0000:f001:2268" name="Sat-33E" namespace="0x014a0000" position="33">
      <transponder key="014a0000:f001:2268" frequency="12722000" symbol_rate="16730000" polarization="V" fec="3" system="0" modulation="0">
        <service id="0x07d0" sid="2000" name="B" type="1" provider="Cyfrowy Polsat" onid="8808" tsid="61441" namespace="0x014a0000" />
        <service id="0x002d" sid="45" name="Comedy Central" type="1" provider="Cyfrowy Polsat" onid="8808" tsid="61441" namespace="0x014a0000" />
        <service id="0x007a" sid="122" name="Comedy Central Family" type="1" provider="Cyfrowy Polsat S.A." onid="8808" tsid="61441" namespace="0x014a0000" />
        <service id="0x006b" sid="107" name="Kino Polska" type="1" provider="Cyfrowy Polsat" onid="8808" tsid="61441" namespace="0x014a0000" />
        <service id="0x006a" sid="106" name="Nickelodeon" type="1" provider="Cyfrowy Polsat" onid="8808" tsid="61441" namespace="0x014a0000" />
        <service id="0x007b" sid="123" name="Polsat Cafe" type="1" provider="Cyfrowy Polsat S.A." onid="8808" tsid="61441" namespace="0x014a0000" />
        <service id="0x002c" sid="44" name="Polsat Film" type="1" provider="Cyfrowy Polsat" onid="8808" tsid="61441" namespace="0x014a0000" />
        <service id="0x0029" sid="41" name="Polsat News" type="1" provider="Cyfrowy Polsat" onid="8808" tsid="61441" namespace="0x014a0000" />
        <service id="0x006d" sid="109" name="Polsat News" type="1" provider="Cyfrowy Polsat" onid="8808" tsid="61441" namespace="0x014a0000" />
        <service id="0x007c" sid="124" name="Polsat Play" type="1" provider="Cyfrowy Polsat S.A." onid="8808" tsid="61441" namespace="0x014a0000" />
        <service id="0x002b" sid="43" name="Polsat Sport" type="1" provider="Cyfrowy Polsat" onid="8808" tsid="61441" namespace="0x014a0000" />
        <service id="0x006c" sid="108" name="Polsat Sport Extra" type="1" provider="Cyfrowy Polsat" onid="8808" tsid="61441" namespace="0x014a0000" />
        <service id="0x007d" sid="125" name="TVN Style" type="1" provider="Cyfrowy Polsat S.A." onid="8808" tsid="61441" namespace="0x014a0000" />
        <service id="0x002a" sid="42" name="TVP Seriale" type="1" provider="Cyfrowy Polsat" onid="8808" tsid="61441" namespace="0x014a0000" />
        <service id="0x03ed" sid="1005" name="Antyradio" type="2" provider="Cyfrowy Polsat" onid="8808" tsid="61441" namespace="0x014a0000" radio="1" />
        <service id="0x03e8" sid="1000" name="Muzo.fm" type="2" provider="Cyfrowy Polsat" onid="8808" tsid="61441" namespace="0x014a0000" radio="1" />
        <service id="0x03ef" sid="1007" name="Radio 100,1 FM Zlote Przeboje" type="2" provider="Cyfrowy Polsat" onid="8808" tsid="61441" namespace="0x014a0000" radio="1" />
        <service id="0x100b" sid="4107" name="Radio Bajka" type="2" provider="Cyfrowy Polsat" onid="8808" tsid="61441" namespace="0x014a0000" radio="1" />
        <service id="0x100a" sid="4106" name="Radio Eska ROCK" type="2" provider="Cyfrowy Polsat" onid="8808" tsid="61441" namespace="0x014a0000" radio="1" />
        <service id="0x03ee" sid="1006" name="Radio Plus" type="2" provider="Cyfrowy Polsat" onid="8808" tsid="61441" namespace="0x014a0000" radio="1" />
        <service id="0x03ec" sid="1004" name="Radio Zet" type="2" provider="Cyfrowy Polsat" onid="8808" tsid="61441" namespace="0x014a0000" radio="1" />
        <service id="0x03ea" sid="1002" name="RMF FM" type="2" provider="Cyfrowy Polsat" onid="8808" tsid="61441" namespace="0x014a0000" radio="1" />
        <service id="0x03eb" sid="1003" name="RMF MAXXX" type="2" provider="Cyfrowy Polsat" onid="8808" tsid="61441" namespace="0x014a0000" radio="1" />
        <service id="0x03f1" sid="1009" name="Rock Radio" type="2" provider="Cyfrowy Polsat" onid="8808" tsid="61441" namespace="0x014a0000" radio="1" />
        <service id="0x03e9" sid="1001" name="TEST" type="2" provider="Cyfrowy Polsat" onid="8808" tsid="61441" namespace="0x014a0000" radio="1" />
        <service id="0x03f0" sid="1008" name="TOK FM" type="2" provider="Cyfrowy Polsat" onid="8808" tsid="61441" namespace="0x014a0000" radio="1" />
      </transponder>
    </satellite>
  </satellites>
</zapit>
