<?xml version='1.0' encoding='utf-8'?>
<zapit api="4">
  <satellites>
    <satellite key="0dc00000:001f:006e" name="Sat-8W" namespace="0x0dc00000" position="-8">
      <transponder key="0dc00000:001f:006e" frequency="11179000" symbol_rate="27500000" polarization="H" fec="5" system="0" modulation="0">
        <service id="0x0015" sid="21" name="7BESHA" type="1" provider="" onid="110" tsid="31" namespace="0x0dc00000" />
        <service id="0x001e" sid="30" name="AL OSTORA" type="1" provider="" onid="110" tsid="31" namespace="0x0dc00000" />
        <service id="0x001f" sid="31" name="ALBAIT BAITAK CINEMA" type="1" provider="" onid="110" tsid="31" namespace="0x0dc00000" />
        <service id="0x003e" sid="62" name="ALPRINCE DRAMA" type="1" provider="EUTELSAT MENA" onid="110" tsid="31" namespace="0x0dc00000" />
        <service id="0x0014" sid="20" name="ALS3YDA" type="1" provider="" onid="110" tsid="31" namespace="0x0dc00000" />
        <service id="0x002d" sid="45" name="APPLE AFLAM" type="1" provider="" onid="110" tsid="31" namespace="0x0dc00000" />
        <service id="0x002f" sid="47" name="APPLE CINEMA" type="1" provider="" onid="110" tsid="31" namespace="0x0dc00000" />
        <service id="0x0025" sid="37" name="APPLE HEKAYAT" type="1" provider="" onid="110" tsid="31" namespace="0x0dc00000" />
        <service id="0x003d" sid="61" name="APPLE MOSLSALAT" type="1" provider="" onid="110" tsid="31" namespace="0x0dc00000" />
        <service id="0x001c" sid="28" name="CIMA ALIBABA" type="1" provider="" onid="110" tsid="31" namespace="0x0dc00000" />
        <service id="0x0026" sid="38" name="CINEMA 1" type="1" provider="" onid="110" tsid="31" namespace="0x0dc00000" />
        <service id="0x004c" sid="76" name="CINEMA 2" type="1" provider="" onid="110" tsid="31" namespace="0x0dc00000" />
        <service id="0x0021" sid="33" name="EGYBEST AFLAM" type="1" provider="" onid="110" tsid="31" namespace="0x0dc00000" />
        <service id="0x005b" sid="91" name="EGYBEST CIMA" type="1" provider="" onid="110" tsid="31" namespace="0x0dc00000" />
        <service id="0x005c" sid="92" name="EGYBEST CINEMA" type="1" provider="" onid="110" tsid="31" namespace="0x0dc00000" />
        <service id="0x001b" sid="27" name="EGYBEST COMEDY" type="1" provider="" onid="110" tsid="31" namespace="0x0dc00000" />
        <service id="0x002a" sid="42" name="EGYBEST DRAMA" type="1" provider="" onid="110" tsid="31" namespace="0x0dc00000" />
        <service id="0x004f" sid="79" name="EGYBEST TODAY" type="1" provider="" onid="110" tsid="31" namespace="0x0dc00000" />
        <service id="0x008c" sid="140" name="Eutelsat Data 1" type="1" provider="MIT-xperts GmbH" onid="110" tsid="31" namespace="0x0dc00000" />
        <service id="0x0022" sid="34" name="HALABA TV" type="1" provider="" onid="110" tsid="31" namespace="0x0dc00000" />
        <service id="0x0018" sid="24" name="HEKAYA TV" type="1" provider="EUTELSAT MENA" onid="110" tsid="31" namespace="0x0dc00000" />
        <service id="0x005a" sid="90" name="M CINEMA" type="1" provider="" onid="110" tsid="31" namespace="0x0dc00000" />
        <service id="0x003b" sid="59" name="M MOSALSALAT" type="1" provider="" onid="110" tsid="31" namespace="0x0dc00000" />
        <service id="0x000f" sid="15" name="MARJAEYAT 2" type="1" provider="iKO Media Group" onid="110" tsid="31" namespace="0x0dc00000" />
        <service id="0x001a" sid="26" name="MOSALSALAT TUBE" type="1" provider="" onid="110" tsid="31" namespace="0x0dc00000" />
        <service id="0x002e" sid="46" name="ORANGE" type="1" provider="" onid="110" tsid="31" namespace="0x0dc00000" />
        <service id="0x003f" sid="63" name="OTLOB AFLAM" type="1" provider="" onid="110" tsid="31" namespace="0x0dc00000" />
        <service id="0x0017" sid="23" name="OTLOB CINEMA" type="1" provider="" onid="110" tsid="31" namespace="0x0dc00000" />
        <service id="0x0024" sid="36" name="OTLOB DRAMA" type="1" provider="" onid="110" tsid="31" namespace="0x0dc00000" />
        <service id="0x003a" sid="58" name="OTLOB HEKAYAT" type="1" provider="" onid="110" tsid="31" namespace="0x0dc00000" />
        <service id="0x0020" sid="32" name="OTLOB TODAY" type="1" provider="" onid="110" tsid="31" namespace="0x0dc00000" />
        <service id="0x004e" sid="78" name="OTLOB ZAMAN" type="1" provider="" onid="110" tsid="31" namespace="0x0dc00000" />
        <service id="0x004d" sid="77" name="QURAN TV" type="1" provider="" onid="110" tsid="31" namespace="0x0dc00000" />
        <service id="0x004a" sid="74" name="SAHAR TV" type="1" provider="EUTELSAT MENA" onid="110" tsid="31" namespace="0x0dc00000" />
        <service id="0x005e" sid="94" name="SPIDER MAN" type="1" provider="" onid="110" tsid="31" namespace="0x0dc00000" />
        <service id="0x0016" sid="22" name="TOM and JERRY" type="1" provider="" onid="110" tsid="31" namespace="0x0dc00000" />
      </transponder>
    </satellite>
    <satellite key="0dc00000:002f:0800" name="Sat-8W" namespace="0x0dc00000" position="-8">
      <transponder key="0dc00000:002f:0800" frequency="11096000" symbol_rate="27500000" polarization="V" fec="3" system="0" modulation="0">
        <service id="0x126f" sid="4719" name="Dubai One HD" type="25" provider="" onid="2048" tsid="47" namespace="0x0dc00000" />
        <service id="0x126b" sid="4715" name="Dubai Racing 2" type="1" provider="" onid="2048" tsid="47" namespace="0x0dc00000" />
        <service id="0x126c" sid="4716" name="Dubai Racing 3" type="1" provider="" onid="2048" tsid="47" namespace="0x0dc00000" />
        <service id="0x04f5" sid="1269" name="Dubai Sports 2" type="1" provider="" onid="2048" tsid="47" namespace="0x0dc00000" />
        <service id="0x126a" sid="4714" name="Dubai Sports 3" type="1" provider="" onid="2048" tsid="47" namespace="0x0dc00000" />
        <service id="0x04f2" sid="1266" name="Dubai TV" type="1" provider="" onid="2048" tsid="47" namespace="0x0dc00000" />
        <service id="0x126e" sid="4718" name="Dubai Zaman" type="1" provider="" onid="2048" tsid="47" namespace="0x0dc00000" />
        <service id="0x04f6" sid="1270" name="EXPO2020" type="25" provider="du" onid="2048" tsid="47" namespace="0x0dc00000" />
        <service id="0x126d" sid="4717" name="Noor Dubai" type="1" provider="" onid="2048" tsid="47" namespace="0x0dc00000" />
        <service id="0x04f3" sid="1267" name="Sama Dubai" type="1" provider="" onid="2048" tsid="47" namespace="0x0dc00000" />
        <service id="0x127b" sid="4731" name="Dubai Radio" type="10" provider="" onid="2048" tsid="47" namespace="0x0dc00000" radio="1" />
        <service id="0x127c" sid="4732" name="EXPO2020 RADIO" type="10" provider="" onid="2048" tsid="47" namespace="0x0dc00000" radio="1" />
        <service id="0x127a" sid="4730" name="Noor Dubai Radio" type="10" provider="" onid="2048" tsid="47" namespace="0x0dc00000" radio="1" />
      </transponder>
    </satellite>
    <satellite key="0dc00000:004a:0800" name="Sat-8W" namespace="0x0dc00000" position="-8">
      <transponder key="0dc00000:004a:0800" frequency="11179000" symbol_rate="27500000" polarization="V" fec="4" system="0" modulation="0">
        <service id="0x1ceb" sid="7403" name="ALASKANDRIA" type="1" provider="Nilesat" onid="2048" tsid="74" namespace="0x0dc00000" />
        <service id="0x1cec" sid="7404" name="ALDELTA" type="1" provider="Libya Alaan" onid="2048" tsid="74" namespace="0x0dc00000" />
        <service id="0x1ce9" sid="7401" name="ALKAHERA" type="1" provider="Nilesat" onid="2048" tsid="74" namespace="0x0dc00000" />
        <service id="0x1cea" sid="7402" name="ALKANAL" type="1" provider="Nilesat" onid="2048" tsid="74" namespace="0x0dc00000" />
        <service id="0x1ced" sid="7405" name="ALSA3EED" type="1" provider="Nilesat" onid="2048" tsid="74" namespace="0x0dc00000" />
        <service id="0x1cf0" sid="7408" name="Diwan" type="25" provider="" onid="2048" tsid="74" namespace="0x0dc00000" />
        <service id="0x1cee" sid="7406" name="TEBA" type="1" provider="" onid="2048" tsid="74" namespace="0x0dc00000" />
        <service id="0x1cef" sid="7407" name="Test" type="1" provider="" onid="2048" tsid="74" namespace="0x0dc00000" />
        <service id="0x1cf1" sid="7409" name="Test" type="1" provider="" onid="2048" tsid="74" namespace="0x0dc00000" />
        <service id="0x1cf2" sid="7410" name="Test" type="1" provider="" onid="2048" tsid="74" namespace="0x0dc00000" />
        <service id="0x1cf3" sid="7411" name="Test" type="1" provider="" onid="2048" tsid="74" namespace="0x0dc00000" />
        <service id="0x1cf4" sid="7412" name="Test" type="1" provider="" onid="2048" tsid="74" namespace="0x0dc00000" />
        <service id="0x1cf5" sid="7413" name="Test" type="1" provider="" onid="2048" tsid="74" namespace="0x0dc00000" />
        <service id="0x1cf6" sid="7414" name="Test" type="1" provider="" onid="2048" tsid="74" namespace="0x0dc00000" />
        <service id="0x1d2e" sid="7470" name="Test" type="2" provider="Nilesat" onid="2048" tsid="74" namespace="0x0dc00000" radio="1" />
        <service id="0x1d2f" sid="7471" name="Test" type="2" provider="Nilesat" onid="2048" tsid="74" namespace="0x0dc00000" radio="1" />
        <service id="0x1d30" sid="7472" name="Test" type="2" provider="Nilesat" onid="2048" tsid="74" namespace="0x0dc00000" radio="1" />
        <service id="0x1d31" sid="7473" name="Test" type="2" provider="Nilesat" onid="2048" tsid="74" namespace="0x0dc00000" radio="1" />
      </transponder>
    </satellite>
    <satellite key="0dc00000:0064:077e" name="Sat-8W" namespace="0x0dc00000" position="-8">
      <transponder key="0dc00000:0064:077e" frequency="11013000" symbol_rate="27500000" polarization="H" fec="2" system="0" modulation="0">
        <service id="0x07d3" sid="2003" name="beIN SPORTS 1" type="25" provider="beIN SPORTS" onid="1918" tsid="100" namespace="0x0dc00000" />
        <service id="0x07d1" sid="2001" name="beIN SPORTS 1 PREMIUM" type="25" provider="beIN SPORTS" onid="1918" tsid="100" namespace="0x0dc00000" />
        <service id="0x07d2" sid="2002" name="beIN SPORTS 2 PREMIUM" type="25" provider="beIN SPORTS" onid="1918" tsid="100" namespace="0x0dc00000" />
        <service id="0x07d4" sid="2004" name="beIN SPORTS 3" type="25" provider="beIN SPORTS" onid="1918" tsid="100" namespace="0x0dc00000" />
        <service id="0x07d6" sid="2006" name="beIN SPORTS MAX 2" type="25" provider="beIN SPORTS" onid="1918" tsid="100" namespace="0x0dc00000" />
        <service id="0x07d5" sid="2005" name="beIN SPORTS MAX 3" type="25" provider="beIN SPORTS" onid="1918" tsid="100" namespace="0x0dc00000" />
      </transponder>
    </satellite>
    <satellite key="0dc00000:00c8:077e" name="Sat-8W" namespace="0x0dc00000" position="-8">
      <transponder key="0dc00000:00c8:077e" frequency="11054000" symbol_rate="27500000" polarization="H" fec="2" system="0" modulation="0">
        <service id="0x083a" sid="2106" name="beIN SPORTS" type="25" provider="beIN SPORTS" onid="1918" tsid="200" namespace="0x0dc00000" />
        <service id="0x0158" sid="344" name="beIN SPORTS 2" type="25" provider="beIN SPORTS" onid="1918" tsid="200" namespace="0x0dc00000" />
        <service id="0x015a" sid="346" name="beIN SPORTS 3 PREMIUM" type="25" provider="beIN SPORTS" onid="1918" tsid="200" namespace="0x0dc00000" />
        <service id="0x0157" sid="343" name="beIN SPORTS 4" type="25" provider="beIN SPORTS" onid="1918" tsid="200" namespace="0x0dc00000" />
        <service id="0x015b" sid="347" name="beIN SPORTS 5" type="25" provider="beIN SPORTS" onid="1918" tsid="200" namespace="0x0dc00000" />
        <service id="0x0159" sid="345" name="beIN SPORTS 6" type="25" provider="beIN SPORTS" onid="1918" tsid="200" namespace="0x0dc00000" />
      </transponder>
    </satellite>
    <satellite key="0dc00000:0208:02be" name="Sat-8W" namespace="0x0dc00000" position="-8">
      <transponder key="0dc00000:0208:02be" frequency="11013000" symbol_rate="27500000" polarization="V" fec="4" system="0" modulation="0">
        <service id="0x0005" sid="5" name="Al Wousta from Al Dhaid HD" type="25" provider="" onid="702" tsid="520" namespace="0x0dc00000" />
        <service id="0x0001" sid="1" name="Sharjah HD" type="25" provider="" onid="702" tsid="520" namespace="0x0dc00000" />
        <service id="0x0002" sid="2" name="Sharjah SD" type="1" provider="" onid="702" tsid="520" namespace="0x0dc00000" />
        <service id="0x0006" sid="6" name="Sharjah Sport HD" type="25" provider="" onid="702" tsid="520" namespace="0x0dc00000" />
        <service id="0x0007" sid="7" name="Sharjah Sport SD" type="1" provider="" onid="702" tsid="520" namespace="0x0dc00000" />
        <service id="0x0003" sid="3" name="Sharqiya from Kalba HD" type="25" provider="" onid="702" tsid="520" namespace="0x0dc00000" />
        <service id="0x0004" sid="4" name="Sharqiya from Kalba SD" type="1" provider="" onid="702" tsid="520" namespace="0x0dc00000" />
      </transponder>
    </satellite>
    <satellite key="0dc00000:0320:5000" name="Sat-8W" namespace="0x0dc00000" position="-8">
      <transponder key="0dc00000:0320:5000" frequency="10972000" symbol_rate="27500000" polarization="H" fec="5" system="0" modulation="0">
        <service id="0x05a6" sid="1446" name="AL ARABY TV" type="1" provider="MY TV" onid="20480" tsid="800" namespace="0x0dc00000" />
        <service id="0x05aa" sid="1450" name="Al Hiwar TV" type="1" provider="MY TV" onid="20480" tsid="800" namespace="0x0dc00000" />
        <service id="0x067e" sid="1662" name="Al Seraj TV" type="1" provider="MY TV" onid="20480" tsid="800" namespace="0x0dc00000" />
        <service id="0x154a" sid="5450" name="Al-Aqila TV" type="1" provider="MY TV" onid="20480" tsid="800" namespace="0x0dc00000" />
        <service id="0x14d2" sid="5330" name="Al-Ebaa TV" type="1" provider="MY TV" onid="20480" tsid="800" namespace="0x0dc00000" />
        <service id="0x069e" sid="1694" name="Al-Shaaer TV" type="1" provider="MY TV" onid="20480" tsid="800" namespace="0x0dc00000" />
        <service id="0x05c6" sid="1478" name="Alanes TV" type="1" provider="MY TV" onid="20480" tsid="800" namespace="0x0dc00000" />
        <service id="0x068c" sid="1676" name="Alanwar TV" type="1" provider="MY TV" onid="20480" tsid="800" namespace="0x0dc00000" />
        <service id="0x169e" sid="5790" name="Albaghdadiya" type="25" provider="MY TV" onid="20480" tsid="800" namespace="0x0dc00000" />
        <service id="0x14a0" sid="5280" name="Almustashara TV" type="1" provider="Gulfsat" onid="20480" tsid="800" namespace="0x0dc00000" />
        <service id="0x065e" sid="1630" name="Falastini.tv" type="1" provider="MY TV" onid="20480" tsid="800" namespace="0x0dc00000" />
        <service id="0x163a" sid="5690" name="Hebron.Sat TV" type="1" provider="MY TV" onid="20480" tsid="800" namespace="0x0dc00000" />
        <service id="0x05b8" sid="1464" name="Libya Al Ahrar" type="1" provider="MY TV" onid="20480" tsid="800" namespace="0x0dc00000" />
        <service id="0x15e0" sid="5600" name="QAF TV" type="25" provider="MY TV" onid="20480" tsid="800" namespace="0x0dc00000" />
        <service id="0x145a" sid="5210" name="Syria TV" type="1" provider="MY TV" onid="20480" tsid="800" namespace="0x0dc00000" />
        <service id="0x067a" sid="1658" name="TRT World HD" type="25" provider="MY TV" onid="20480" tsid="800" namespace="0x0dc00000" />
        <service id="0x065a" sid="1626" name="Al aqsa voice" type="2" provider="MY TV" onid="20480" tsid="800" namespace="0x0dc00000" radio="1" />
        <service id="0x16a8" sid="5800" name="AL-RABIAA IRAQ RADIO" type="2" provider="MY TV" onid="20480" tsid="800" namespace="0x0dc00000" radio="1" />
      </transponder>
    </satellite>
    <satellite key="0dc00000:4ee8:077e" name="Sat-8W" namespace="0x0dc00000" position="-8">
      <transponder key="0dc00000:4ee8:077e" frequency="10972000" symbol_rate="27500000" polarization="V" fec="3" system="0" modulation="0">
        <service id="0x00bf" sid="191" name="Al Jazeera" type="1" provider="Al Jazeera" onid="1918" tsid="20200" namespace="0x0dc00000" />
        <service id="0x00c2" sid="194" name="Al Jazeera Documentary" type="1" provider="Al Jazeera" onid="1918" tsid="20200" namespace="0x0dc00000" />
        <service id="0x00c1" sid="193" name="Al Jazeera English" type="1" provider="Al Jazeera" onid="1918" tsid="20200" namespace="0x0dc00000" />
        <service id="0x00c0" sid="192" name="Al Jazeera Mubasher" type="1" provider="Al Jazeera" onid="1918" tsid="20200" namespace="0x0dc00000" />
        <service id="0x00c3" sid="195" name="Al Jazeera Mubasher 2" type="1" provider="Al Jazeera" onid="1918" tsid="20200" namespace="0x0dc00000" />
        <service id="0x00c4" sid="196" name="TEST" type="1" provider="Al Jazeera" onid="1918" tsid="20200" namespace="0x0dc00000" />
        <service id="0x019b" sid="411" name="Sout Al Rayyan" type="2" provider="Al Jazeera" onid="1918" tsid="20200" namespace="0x0dc00000" radio="1" />
        <service id="0x019c" sid="412" name="Sout Al-Islam Doha" type="2" provider="Al Jazeera" onid="1918" tsid="20200" namespace="0x0dc00000" radio="1" />
      </transponder>
    </satellite>
    <satellite key="0dc00000:7594:077e" name="Sat-8W" namespace="0x0dc00000" position="-8">
      <transponder key="0dc00000:7594:077e" frequency="11054000" symbol_rate="27500000" polarization="V" fec="2" system="0" modulation="0">
        <service id="0x01c5" sid="453" name="ALMAJLIS" type="25" provider="MOI" onid="1918" tsid="30100" namespace="0x0dc00000" />
        <service id="0x01c8" sid="456" name="Khallik Bilbait" type="25" provider="MOI" onid="1918" tsid="30100" namespace="0x0dc00000" />
        <service id="0x01c4" sid="452" name="Kuwait Al-Arabi" type="25" provider="MOI" onid="1918" tsid="30100" namespace="0x0dc00000" />
        <service id="0x01c3" sid="451" name="Kuwait Ethraa" type="25" provider="MOI" onid="1918" tsid="30100" namespace="0x0dc00000" />
        <service id="0x01c6" sid="454" name="Kuwait Qurain" type="25" provider="MOI" onid="1918" tsid="30100" namespace="0x0dc00000" />
        <service id="0x01c2" sid="450" name="Kuwait Sport Plus" type="25" provider="MOI" onid="1918" tsid="30100" namespace="0x0dc00000" />
        <service id="0x044f" sid="1103" name="Kuwait Sports" type="25" provider="MOI" onid="1918" tsid="30100" namespace="0x0dc00000" />
        <service id="0x044d" sid="1101" name="Kuwait TV 1" type="25" provider="MOI" onid="1918" tsid="30100" namespace="0x0dc00000" />
        <service id="0x044e" sid="1102" name="Kuwait TV 2" type="25" provider="MOI" onid="1918" tsid="30100" namespace="0x0dc00000" />
        <service id="0x000b" sid="11" name="Kuwait Classical" type="2" provider="Kuwait Radio" onid="1918" tsid="30100" namespace="0x0dc00000" radio="1" />
        <service id="0x000f" sid="15" name="Kuwait FM" type="2" provider="Kuwait Radio" onid="1918" tsid="30100" namespace="0x0dc00000" radio="1" />
        <service id="0x000c" sid="12" name="Kuwait Shaabyia" type="2" provider="Kuwait Radio" onid="1918" tsid="30100" namespace="0x0dc00000" radio="1" />
        <service id="0x000a" sid="10" name="Kuwait Super" type="2" provider="Kuwait Radio" onid="1918" tsid="30100" namespace="0x0dc00000" radio="1" />
        <service id="0x000e" sid="14" name="Kuwait_Radio_1" type="2" provider="Kuwait Radio" onid="1918" tsid="30100" namespace="0x0dc00000" radio="1" />
        <service id="0x000d" sid="13" name="OFM" type="2" provider="Kuwait Radio" onid="1918" tsid="30100" namespace="0x0dc00000" radio="1" />
      </transponder>
    </satellite>
    <satellite key="0dc02b58:0002:ffff" name="Sat-8W" namespace="0x0dc02b58" position="-8">
      <transponder key="0dc02b58:0002:ffff" frequency="11096000" symbol_rate="27500000" polarization="H" fec="5" system="0" modulation="0">
        <service id="0x001c" sid="28" name="Al Ons TV" type="1" provider="ViewMedia" onid="65535" tsid="2" namespace="0x0dc02b58" />
        <service id="0x0004" sid="4" name="Al Sahat" type="1" provider="ViewMedia" onid="65535" tsid="2" namespace="0x0dc02b58" />
        <service id="0x0006" sid="6" name="ALHAWYAH TV" type="1" provider="ViewMedia" onid="65535" tsid="2" namespace="0x0dc02b58" />
        <service id="0x0002" sid="2" name="Alkarma ME 1" type="1" provider="ViewMedia" onid="65535" tsid="2" namespace="0x0dc02b58" />
        <service id="0x000f" sid="15" name="ALLAHDAH TV" type="1" provider="ViewMedia" onid="65535" tsid="2" namespace="0x0dc02b58" />
        <service id="0x000a" sid="10" name="Almasirah Mubashar" type="1" provider="ViewMedia" onid="65535" tsid="2" namespace="0x0dc02b58" />
        <service id="0x000e" sid="14" name="ALMASIRAH TV" type="1" provider="ViewMedia" onid="65535" tsid="2" namespace="0x0dc02b58" />
        <service id="0x0009" sid="9" name="ATC" type="1" provider="ViewMedia" onid="65535" tsid="2" namespace="0x0dc02b58" />
        <service id="0x001d" sid="29" name="ElKeraza" type="1" provider="ViewMedia" onid="65535" tsid="2" namespace="0x0dc02b58" />
        <service id="0x0011" sid="17" name="Iraq Future TV" type="1" provider="ViewMedia" onid="65535" tsid="2" namespace="0x0dc02b58" />
        <service id="0x000b" sid="11" name="Logos TV" type="1" provider="ViewMedia" onid="65535" tsid="2" namespace="0x0dc02b58" />
        <service id="0x000c" sid="12" name="Misr ELBald" type="1" provider="ViewMedia" onid="65535" tsid="2" namespace="0x0dc02b58" />
        <service id="0x0001" sid="1" name="New Vision" type="1" provider="ViewMedia" onid="65535" tsid="2" namespace="0x0dc02b58" />
        <service id="0x002c" sid="44" name="Nour Kids" type="1" provider="ViewMedia" onid="65535" tsid="2" namespace="0x0dc02b58" />
        <service id="0x002d" sid="45" name="Nour Koddass" type="1" provider="ViewMedia" onid="65535" tsid="2" namespace="0x0dc02b58" />
        <service id="0x001a" sid="26" name="Nour Mariam" type="1" provider="ViewMedia" onid="65535" tsid="2" namespace="0x0dc02b58" />
        <service id="0x002e" sid="46" name="Noursat English" type="1" provider="ViewMedia" onid="65535" tsid="2" namespace="0x0dc02b58" />
        <service id="0x0005" sid="5" name="Rosemary Sat" type="1" provider="ViewMedia" onid="65535" tsid="2" namespace="0x0dc02b58" />
        <service id="0x002b" sid="43" name="Suboro TV" type="1" provider="ViewMedia" onid="65535" tsid="2" namespace="0x0dc02b58" />
        <service id="0x001f" sid="31" name="The Savior" type="1" provider="ViewMedia" onid="65535" tsid="2" namespace="0x0dc02b58" />
        <service id="0x0008" sid="8" name="Waad" type="1" provider="ViewMedia" onid="65535" tsid="2" namespace="0x0dc02b58" />
        <service id="0x0003" sid="3" name="YOUSAT" type="1" provider="ViewMedia" onid="65535" tsid="2" namespace="0x0dc02b58" />
      </transponder>
    </satellite>
  </satellites>
</zapit>
