<?xml version='1.0' encoding='utf-8'?>
<zapit>
  <bouquet name="General" category="tv">
    <channel service_ref="1:0:1:0001:47d0:217c:eeee0000:0:0:0:" name="CANALE ITALIA 83" service_name="CANALE ITALIA 83" provider="Canale Italia" sid="1" onid="8572" tsid="18384" />
    <channel service_ref="1:0:1:000a:47d0:217c:eeee0000:0:0:0:" name="CANALE ITALIA 83" service_name="CANALE ITALIA 83" provider="Canale Italia" sid="10" onid="8572" tsid="18384" />
    <channel service_ref="1:0:1:0002:47d0:217c:eeee0000:0:0:0:" name="CANALE ITALIA 84" service_name="CANALE ITALIA 84" provider="Canale Italia" sid="2" onid="8572" tsid="18384" />
    <channel service_ref="1:0:1:000b:47d0:217c:eeee0000:0:0:0:" name="CANALE ITALIA 84" service_name="CANALE ITALIA 84" provider="Canale Italia" sid="11" onid="8572" tsid="18384" />
    <channel service_ref="1:0:1:0004:47d0:217c:eeee0000:0:0:0:" name="CANTANDO BALLANDO" service_name="CANTANDO BALLANDO" provider="Canale Italia" sid="4" onid="8572" tsid="18384" />
    <channel service_ref="1:0:1:001c:47d0:217c:eeee0000:0:0:0:" name="FRANCE 24" service_name="FRANCE 24" provider="Canale Italia" sid="28" onid="8572" tsid="18384" />
    <channel service_ref="1:0:1:0006:47d0:217c:eeee0000:0:0:0:" name="ITALIA 121" service_name="ITALIA 121" provider="Canale Italia" sid="6" onid="8572" tsid="18384" />
    <channel service_ref="1:0:1:001f:47d0:217c:eeee0000:0:0:0:" name="ITALIA 134" service_name="ITALIA 134" provider="Canale Italia" sid="31" onid="8572" tsid="18384" />
    <channel service_ref="1:0:1:0007:47d0:217c:eeee0000:0:0:0:" name="ITALIA 141" service_name="ITALIA 141" provider="Canale Italia" sid="7" onid="8572" tsid="18384" />
    <channel service_ref="1:0:1:001b:47d0:217c:eeee0000:0:0:0:" name="ITALIA 143" service_name="ITALIA 143" provider="Canale Italia" sid="27" onid="8572" tsid="18384" />
    <channel service_ref="1:0:1:0005:47d0:217c:eeee0000:0:0:0:" name="ITALIA 150" service_name="ITALIA 150" provider="Canale Italia" sid="5" onid="8572" tsid="18384" />
    <channel service_ref="1:0:1:0003:47d0:217c:eeee0000:0:0:0:" name="ITALIA 156" service_name="ITALIA 156" provider="Canale Italia" sid="3" onid="8572" tsid="18384" />
    <channel service_ref="1:0:1:001d:47d0:217c:eeee0000:0:0:0:" name="ITALIA 156" service_name="ITALIA 156" provider="Canale Italia" sid="29" onid="8572" tsid="18384" />
    <channel service_ref="1:0:1:0008:47d0:217c:eeee0000:0:0:0:" name="ITALIA 160" service_name="ITALIA 160" provider="Canale Italia" sid="8" onid="8572" tsid="18384" />
    <channel service_ref="1:0:1:001e:47d0:217c:eeee0000:0:0:0:" name="ITALIA 160" service_name="ITALIA 160" provider="Canale Italia" sid="30" onid="8572" tsid="18384" />
    <channel service_ref="1:0:1:000c:47d0:217c:eeee0000:0:0:0:" name="ITALIA 53" service_name="ITALIA 53" provider="Canale Italia" sid="12" onid="8572" tsid="18384" />
    <channel service_ref="1:0:1:000e:47d0:217c:eeee0000:0:0:0:" name="ITALIA 53" service_name="ITALIA 53" provider="Canale Italia" sid="14" onid="8572" tsid="18384" />
    <channel service_ref="1:0:1:0009:47d0:217c:eeee0000:0:0:0:" name="RPL - LA TUA RADIO" service_name="RPL - LA TUA RADIO" provider="Canale Italia" sid="9" onid="8572" tsid="18384" />
    <channel service_ref="1:0:1:000d:47d0:217c:eeee0000:0:0:0:" name="SHOPPING TV" service_name="SHOPPING TV" provider="Canale Italia" sid="13" onid="8572" tsid="18384" />
  </bouquet>
  <bouquet name="RAI" category="tv">
    <channel service_ref="1:0:1:0001:47d0:217c:eeee0000:0:0:0:" name="CANALE ITALIA 83" service_name="CANALE ITALIA 83" provider="Canale Italia" sid="1" onid="8572" tsid="18384" />
    <channel service_ref="1:0:1:000a:47d0:217c:eeee0000:0:0:0:" name="CANALE ITALIA 83" service_name="CANALE ITALIA 83" provider="Canale Italia" sid="10" onid="8572" tsid="18384" />
    <channel service_ref="1:0:1:0002:47d0:217c:eeee0000:0:0:0:" name="CANALE ITALIA 84" service_name="CANALE ITALIA 84" provider="Canale Italia" sid="2" onid="8572" tsid="18384" />
    <channel service_ref="1:0:1:000b:47d0:217c:eeee0000:0:0:0:" name="CANALE ITALIA 84" service_name="CANALE ITALIA 84" provider="Canale Italia" sid="11" onid="8572" tsid="18384" />
    <channel service_ref="1:0:1:0004:47d0:217c:eeee0000:0:0:0:" name="CANTANDO BALLANDO" service_name="CANTANDO BALLANDO" provider="Canale Italia" sid="4" onid="8572" tsid="18384" />
    <channel service_ref="1:0:1:001c:47d0:217c:eeee0000:0:0:0:" name="FRANCE 24" service_name="FRANCE 24" provider="Canale Italia" sid="28" onid="8572" tsid="18384" />
    <channel service_ref="1:0:1:0006:47d0:217c:eeee0000:0:0:0:" name="ITALIA 121" service_name="ITALIA 121" provider="Canale Italia" sid="6" onid="8572" tsid="18384" />
    <channel service_ref="1:0:1:001f:47d0:217c:eeee0000:0:0:0:" name="ITALIA 134" service_name="ITALIA 134" provider="Canale Italia" sid="31" onid="8572" tsid="18384" />
    <channel service_ref="1:0:1:0007:47d0:217c:eeee0000:0:0:0:" name="ITALIA 141" service_name="ITALIA 141" provider="Canale Italia" sid="7" onid="8572" tsid="18384" />
    <channel service_ref="1:0:1:001b:47d0:217c:eeee0000:0:0:0:" name="ITALIA 143" service_name="ITALIA 143" provider="Canale Italia" sid="27" onid="8572" tsid="18384" />
    <channel service_ref="1:0:1:0005:47d0:217c:eeee0000:0:0:0:" name="ITALIA 150" service_name="ITALIA 150" provider="Canale Italia" sid="5" onid="8572" tsid="18384" />
    <channel service_ref="1:0:1:0003:47d0:217c:eeee0000:0:0:0:" name="ITALIA 156" service_name="ITALIA 156" provider="Canale Italia" sid="3" onid="8572" tsid="18384" />
    <channel service_ref="1:0:1:001d:47d0:217c:eeee0000:0:0:0:" name="ITALIA 156" service_name="ITALIA 156" provider="Canale Italia" sid="29" onid="8572" tsid="18384" />
    <channel service_ref="1:0:1:0008:47d0:217c:eeee0000:0:0:0:" name="ITALIA 160" service_name="ITALIA 160" provider="Canale Italia" sid="8" onid="8572" tsid="18384" />
    <channel service_ref="1:0:1:001e:47d0:217c:eeee0000:0:0:0:" name="ITALIA 160" service_name="ITALIA 160" provider="Canale Italia" sid="30" onid="8572" tsid="18384" />
    <channel service_ref="1:0:1:000c:47d0:217c:eeee0000:0:0:0:" name="ITALIA 53" service_name="ITALIA 53" provider="Canale Italia" sid="12" onid="8572" tsid="18384" />
    <channel service_ref="1:0:1:000e:47d0:217c:eeee0000:0:0:0:" name="ITALIA 53" service_name="ITALIA 53" provider="Canale Italia" sid="14" onid="8572" tsid="18384" />
    <channel service_ref="1:0:1:0009:47d0:217c:eeee0000:0:0:0:" name="RPL - LA TUA RADIO" service_name="RPL - LA TUA RADIO" provider="Canale Italia" sid="9" onid="8572" tsid="18384" />
    <channel service_ref="1:0:1:000d:47d0:217c:eeee0000:0:0:0:" name="SHOPPING TV" service_name="SHOPPING TV" provider="Canale Italia" sid="13" onid="8572" tsid="18384" />
  </bouquet>
  <bouquet name="Radio" category="radio">
    <channel service_ref="1:0:2:000f:47d0:217c:eeee0000:0:0:0:" name="RADIO CANALE ITALIA" service_name="RADIO CANALE ITALIA" provider="Canale Italia" sid="15" onid="8572" tsid="18384" />
    <channel service_ref="1:0:2:0010:47d0:217c:eeee0000:0:0:0:" name="VOLAMI NEL CUORE" service_name="VOLAMI NEL CUORE" provider="Canale Italia" sid="16" onid="8572" tsid="18384" />
  </bouquet>
  <bouquet name="Digitale Terrestre" category="tv">
    <channel service_ref="1:0:1:1c:47d0:217c:eeee0000:0:0:0:" name="FRANCE 24" service_name="FRANCE 24" provider="Canale Italia" sid="28" onid="8572" tsid="18384" />
    <channel service_ref="1:0:1:1:47d0:217c:eeee0000:0:0:0:" name="CANALE ITALIA 83" service_name="CANALE ITALIA 83" provider="Canale Italia" sid="1" onid="8572" tsid="18384" />
    <channel service_ref="1:0:1:2:47d0:217c:eeee0000:0:0:0:" name="CANALE ITALIA 84" service_name="CANALE ITALIA 84" provider="Canale Italia" sid="2" onid="8572" tsid="18384" />
    <channel service_ref="1:0:1:4:47d0:217c:eeee0000:0:0:0:" name="CANTANDO BALLANDO" service_name="CANTANDO BALLANDO" provider="Canale Italia" sid="4" onid="8572" tsid="18384" />
    <channel service_ref="1:0:1:6:47d0:217c:eeee0000:0:0:0:" name="ITALIA 121" service_name="ITALIA 121" provider="Canale Italia" sid="6" onid="8572" tsid="18384" />
    <channel service_ref="1:0:1:b:47d0:217c:eeee0000:0:0:0:" name="CANALE ITALIA 84" service_name="CANALE ITALIA 84" provider="Canale Italia" sid="11" onid="8572" tsid="18384" />
    <channel service_ref="1:0:1:1f:47d0:217c:eeee0000:0:0:0:" name="ITALIA 134" service_name="ITALIA 134" provider="Canale Italia" sid="31" onid="8572" tsid="18384" />
    <channel service_ref="1:0:1:c:47d0:217c:eeee0000:0:0:0:" name="ITALIA 53" service_name="ITALIA 53" provider="Canale Italia" sid="12" onid="8572" tsid="18384" />
    <channel service_ref="1:0:1:7:47d0:217c:eeee0000:0:0:0:" name="ITALIA 141" service_name="ITALIA 141" provider="Canale Italia" sid="7" onid="8572" tsid="18384" />
    <channel service_ref="1:0:1:e:47d0:217c:eeee0000:0:0:0:" name="ITALIA 53" service_name="ITALIA 53" provider="Canale Italia" sid="14" onid="8572" tsid="18384" />
    <channel service_ref="1:0:1:1b:47d0:217c:eeee0000:0:0:0:" name="ITALIA 143" service_name="ITALIA 143" provider="Canale Italia" sid="27" onid="8572" tsid="18384" />
    <channel service_ref="1:0:1:5:47d0:217c:eeee0000:0:0:0:" name="ITALIA 150" service_name="ITALIA 150" provider="Canale Italia" sid="5" onid="8572" tsid="18384" />
    <channel service_ref="1:0:1:a:47d0:217c:eeee0000:0:0:0:" name="CANALE ITALIA 83" service_name="CANALE ITALIA 83" provider="Canale Italia" sid="10" onid="8572" tsid="18384" />
    <channel service_ref="1:0:1:3:47d0:217c:eeee0000:0:0:0:" name="ITALIA 156" service_name="ITALIA 156" provider="Canale Italia" sid="3" onid="8572" tsid="18384" />
    <channel service_ref="1:0:1:d:47d0:217c:eeee0000:0:0:0:" name="SHOPPING TV" service_name="SHOPPING TV" provider="Canale Italia" sid="13" onid="8572" tsid="18384" />
    <channel service_ref="1:0:1:8:47d0:217c:eeee0000:0:0:0:" name="ITALIA 160" service_name="ITALIA 160" provider="Canale Italia" sid="8" onid="8572" tsid="18384" />
    <channel service_ref="1:0:1:1d:47d0:217c:eeee0000:0:0:0:" name="ITALIA 156" service_name="ITALIA 156" provider="Canale Italia" sid="29" onid="8572" tsid="18384" />
    <channel service_ref="1:0:1:1e:47d0:217c:eeee0000:0:0:0:" name="ITALIA 160" service_name="ITALIA 160" provider="Canale Italia" sid="30" onid="8572" tsid="18384" />
    <channel service_ref="1:0:1:9:47d0:217c:eeee0000:0:0:0:" name="RPL - LA TUA RADIO" service_name="RPL - LA TUA RADIO" provider="Canale Italia" sid="9" onid="8572" tsid="18384" />
    <channel service_ref="1:0:2:f:47d0:217c:eeee0000:0:0:0:" name="RADIO CANALE ITALIA" service_name="RADIO CANALE ITALIA" provider="Canale Italia" sid="15" onid="8572" tsid="18384" />
  </bouquet>
  <bouquet name="Digitale Terrestre" category="tv">
    <channel service_ref="1:0:1:10:47d0:217c:eeee0000:0:0:0:" name="VOLAMI NEL CUORE" service_name="VOLAMI NEL CUORE" provider="Canale Italia" sid="16" onid="8572" tsid="18384" />
    <channel service_ref="1:0:1:9:47d0:217c:eeee0000:0:0:0:" name="RPL - LA TUA RADIO" service_name="RPL - LA TUA RADIO" provider="Canale Italia" sid="9" onid="8572" tsid="18384" />
    <channel service_ref="1:0:1:6:47d0:217c:eeee0000:0:0:0:" name="ITALIA 121" service_name="ITALIA 121" provider="Canale Italia" sid="6" onid="8572" tsid="18384" />
    <channel service_ref="1:0:1:b:47d0:217c:eeee0000:0:0:0:" name="CANALE ITALIA 84" service_name="CANALE ITALIA 84" provider="Canale Italia" sid="11" onid="8572" tsid="18384" />
    <channel service_ref="1:0:1:1f:47d0:217c:eeee0000:0:0:0:" name="ITALIA 134" service_name="ITALIA 134" provider="Canale Italia" sid="31" onid="8572" tsid="18384" />
    <channel service_ref="1:0:1:c:47d0:217c:eeee0000:0:0:0:" name="ITALIA 53" service_name="ITALIA 53" provider="Canale Italia" sid="12" onid="8572" tsid="18384" />
    <channel service_ref="1:0:1:7:47d0:217c:eeee0000:0:0:0:" name="ITALIA 141" service_name="ITALIA 141" provider="Canale Italia" sid="7" onid="8572" tsid="18384" />
    <channel service_ref="1:0:1:e:47d0:217c:eeee0000:0:0:0:" name="ITALIA 53" service_name="ITALIA 53" provider="Canale Italia" sid="14" onid="8572" tsid="18384" />
    <channel service_ref="1:0:1:5:47d0:217c:eeee0000:0:0:0:" name="ITALIA 150" service_name="ITALIA 150" provider="Canale Italia" sid="5" onid="8572" tsid="18384" />
    <channel service_ref="1:0:1:3:47d0:217c:eeee0000:0:0:0:" name="ITALIA 156" service_name="ITALIA 156" provider="Canale Italia" sid="3" onid="8572" tsid="18384" />
    <channel service_ref="1:0:1:d:47d0:217c:eeee0000:0:0:0:" name="SHOPPING TV" service_name="SHOPPING TV" provider="Canale Italia" sid="13" onid="8572" tsid="18384" />
    <channel service_ref="1:0:1:8:47d0:217c:eeee0000:0:0:0:" name="ITALIA 160" service_name="ITALIA 160" provider="Canale Italia" sid="8" onid="8572" tsid="18384" />
    <channel service_ref="1:0:1:1:47d0:217c:eeee0000:0:0:0:" name="CANALE ITALIA 83" service_name="CANALE ITALIA 83" provider="Canale Italia" sid="1" onid="8572" tsid="18384" />
    <channel service_ref="1:0:1:2:47d0:217c:eeee0000:0:0:0:" name="CANALE ITALIA 84" service_name="CANALE ITALIA 84" provider="Canale Italia" sid="2" onid="8572" tsid="18384" />
    <channel service_ref="1:0:1:4:47d0:217c:eeee0000:0:0:0:" name="CANTANDO BALLANDO" service_name="CANTANDO BALLANDO" provider="Canale Italia" sid="4" onid="8572" tsid="18384" />
    <channel service_ref="1:0:2:f:47d0:217c:eeee0000:0:0:0:" name="RADIO CANALE ITALIA" service_name="RADIO CANALE ITALIA" provider="Canale Italia" sid="15" onid="8572" tsid="18384" />
  </bouquet>
</zapit>
