<?xml version='1.0' encoding='utf-8'?>
<zapit api="4">
  <satellites>
    <satellite key="0d7a0000:177b:0601" name="Sat-15W" namespace="0x0d7a0000" position="-15">
      <transponder key="0d7a0000:177b:0601" frequency="11401000" symbol_rate="18350000" polarization="V" fec="3" system="0" modulation="0">
        <service id="0x177b" sid="6011" name="AMC Balkan" type="1" provider="DMC" onid="1537" tsid="6011" namespace="0x0d7a0000" />
        <service id="0x177c" sid="6012" name="AMC ME HD" type="25" provider="DMC" onid="1537" tsid="6011" namespace="0x0d7a0000" />
        <service id="0x177d" sid="6013" name="History Romania HD" type="25" provider="DMC" onid="1537" tsid="6011" namespace="0x0d7a0000" />
        <service id="0x177e" sid="6014" name="Outdoor Channel EMEA HD" type="25" provider="DMC" onid="1537" tsid="6011" namespace="0x0d7a0000" />
      </transponder>
    </satellite>
    <satellite key="0d7a0000:177c:0601" name="Sat-15W" namespace="0x0d7a0000" position="-15">
      <transponder key="0d7a0000:177c:0601" frequency="11428000" symbol_rate="25720000" polarization="V" fec="3" system="0" modulation="0">
        <service id="0x06fd" sid="1789" name="Crime &amp; Investigation Network" type="1" provider="DMC" onid="1537" tsid="6012" namespace="0x0d7a0000" />
        <service id="0x06fc" sid="1788" name="Extreme EMEA" type="1" provider="DMC" onid="1537" tsid="6012" namespace="0x0d7a0000" />
        <service id="0x178a" sid="6026" name="History Channel" type="1" provider="DMC" onid="1537" tsid="6012" namespace="0x0d7a0000" />
        <service id="0x06fa" sid="1786" name="JimJam EMEA" type="1" provider="DMC" onid="1537" tsid="6012" namespace="0x0d7a0000" />
        <service id="0x06fb" sid="1787" name="JimJam ME" type="1" provider="DMC" onid="1537" tsid="6012" namespace="0x0d7a0000" />
        <service id="0x06f9" sid="1785" name="Reality EMEA 1" type="1" provider="DMC" onid="1537" tsid="6012" namespace="0x0d7a0000" />
      </transponder>
    </satellite>
    <satellite key="0d7a2cf2:0001:0001" name="Sat-15W" namespace="0x0d7a2cf2" position="-15">
      <transponder key="0d7a2cf2:0001:0001" frequency="11506000" symbol_rate="2894000" polarization="V" fec="3" system="0" modulation="0">
        <service id="0x0014" sid="20" name="EXRN1" type="2" provider="International Datacasting" onid="1" tsid="1" namespace="0x0d7a2cf2" radio="1" />
        <service id="0x0015" sid="21" name="EXRN2" type="2" provider="International Datacasting" onid="1" tsid="1" namespace="0x0d7a2cf2" radio="1" />
      </transponder>
    </satellite>
    <satellite key="0d7a2d30:0002:0001" name="Sat-15W" namespace="0x0d7a2d30" position="-15">
      <transponder key="0d7a2d30:0002:0001" frequency="11568000" symbol_rate="2678000" polarization="H" fec="2" system="0" modulation="0">
        <service id="0x00cd" sid="205" name="EU  Swe - Fin" type="1" provider="" onid="1" tsid="2" namespace="0x0d7a2d30" />
        <service id="0x00d4" sid="212" name="EU:  Arm - Bul" type="1" provider="" onid="1" tsid="2" namespace="0x0d7a2d30" />
        <service id="0x00cf" sid="207" name="EU:  Dut - Man" type="1" provider="" onid="1" tsid="2" namespace="0x0d7a2d30" />
        <service id="0x00d3" sid="211" name="EU:  Efi - Ara" type="1" provider="" onid="1" tsid="2" namespace="0x0d7a2d30" />
        <service id="0x00d6" sid="214" name="EU:  Eng - Fre" type="1" provider="" onid="1" tsid="2" namespace="0x0d7a2d30" />
        <service id="0x00c9" sid="201" name="EU:  Eng - Ger" type="1" provider="" onid="1" tsid="2" namespace="0x0d7a2d30" />
        <service id="0x00cb" sid="203" name="EU:  Eng - Ita" type="1" provider="" onid="1" tsid="2" namespace="0x0d7a2d30" />
        <service id="0x00d5" sid="213" name="EU:  Eng - Por" type="1" provider="" onid="1" tsid="2" namespace="0x0d7a2d30" />
        <service id="0x00ce" sid="206" name="EU:  Eng - Rus" type="1" provider="" onid="1" tsid="2" namespace="0x0d7a2d30" />
        <service id="0x00d7" sid="215" name="EU:  Eng - Spa" type="1" provider="" onid="1" tsid="2" namespace="0x0d7a2d30" />
        <service id="0x00d2" sid="210" name="EU:  Est - Ukr" type="1" provider="" onid="1" tsid="2" namespace="0x0d7a2d30" />
        <service id="0x00d0" sid="208" name="EU:  Hun - Rom" type="1" provider="" onid="1" tsid="2" namespace="0x0d7a2d30" />
        <service id="0x00cc" sid="204" name="EU:  Nor - Dan" type="1" provider="" onid="1" tsid="2" namespace="0x0d7a2d30" />
        <service id="0x00d1" sid="209" name="EU:  Pol - Alb" type="1" provider="" onid="1" tsid="2" namespace="0x0d7a2d30" />
        <service id="0x00ca" sid="202" name="EU:  Spa - Por" type="1" provider="" onid="1" tsid="2" namespace="0x0d7a2d30" />
        <service id="0x00d9" sid="217" name="EU: Far - Lat" type="1" provider="" onid="1" tsid="2" namespace="0x0d7a2d30" />
        <service id="0x00d8" sid="216" name="EU: Gre - Cze" type="1" provider="" onid="1" tsid="2" namespace="0x0d7a2d30" />
      </transponder>
    </satellite>
    <satellite key="0d7a3138:0002:0002" name="Sat-15W" namespace="0x0d7a3138" position="-15">
      <transponder key="0d7a3138:0002:0002" frequency="12600000" symbol_rate="6420000" polarization="H" fec="2" system="0" modulation="0">
        <service id="0x0009" sid="9" name="Gunaz TV" type="1" provider="Gunaz" onid="2" tsid="2" namespace="0x0d7a3138" />
      </transponder>
    </satellite>
    <satellite key="0d7a3141:0001:0001" name="Sat-15W" namespace="0x0d7a3141" position="-15">
      <transponder key="0d7a3141:0001:0001" frequency="12609000" symbol_rate="7552000" polarization="H" fec="3" system="0" modulation="0">
        <service id="0x00b5" sid="181" name="Espn 901 Caribbean" type="1" provider="Espn" onid="1" tsid="1" namespace="0x0d7a3141" />
        <service id="0x00b6" sid="182" name="Espn 902 Syndication" type="1" provider="Espn" onid="1" tsid="1" namespace="0x0d7a3141" />
      </transponder>
    </satellite>
  </satellites>
</zapit>
