<?xml version='1.0' encoding='utf-8'?>
<zapit api="4">
  <satellites>
    <satellite key="0ce40000:000d:0028" name="Sat-30W" namespace="0x0ce40000" position="-30">
      <transponder key="0ce40000:000d:0028" frequency="12092000" symbol_rate="27500000" polarization="V" fec="3" system="0" modulation="0">
        <service id="0x138a" sid="5002" name="RT Esp" type="1" provider="GLOBECAST" onid="40" tsid="13" namespace="0x0ce40000" />
        <service id="0x056d" sid="1389" name="Russia Today English" type="1" provider="GLOBECAST" onid="40" tsid="13" namespace="0x0ce40000" />
        <service id="0x01ea" sid="490" name="TBN Espana" type="1" provider="overon" onid="40" tsid="13" namespace="0x0ce40000" />
      </transponder>
    </satellite>
    <satellite key="0ce40000:0026:0036" name="Sat-30W" namespace="0x0ce40000" position="-30">
      <transponder key="0ce40000:0026:0036" frequency="12360000" symbol_rate="27500000" polarization="H" fec="3" system="0" modulation="0">
        <service id="0x00b3" sid="179" name="BTV 1" type="1" provider="SID BTV 1" onid="54" tsid="38" namespace="0x0ce40000" />
        <service id="0x00b2" sid="178" name="Canal Panda" type="1" provider="SID Panda" onid="54" tsid="38" namespace="0x0ce40000" />
        <service id="0x013d" sid="317" name="Discovery Channel" type="1" provider="SID Discovery" onid="54" tsid="38" namespace="0x0ce40000" />
        <service id="0x008a" sid="138" name="Eurosport 1" type="1" provider="SID Eurosport 1" onid="54" tsid="38" namespace="0x0ce40000" />
        <service id="0x0052" sid="82" name="Globo" type="1" provider="Globo" onid="54" tsid="38" namespace="0x0ce40000" />
        <service id="0x013c" sid="316" name="História" type="1" provider="SID História" onid="54" tsid="38" namespace="0x0ce40000" />
        <service id="0x008b" sid="139" name="Hollywood" type="1" provider="SID Hollywood" onid="54" tsid="38" namespace="0x0ce40000" />
        <service id="0x013b" sid="315" name="MTV Portugal" type="1" provider="SID MTV" onid="54" tsid="38" namespace="0x0ce40000" />
        <service id="0x013e" sid="318" name="Odisseia" type="1" provider="SID Odisseia" onid="54" tsid="38" namespace="0x0ce40000" />
        <service id="0x00ac" sid="172" name="RTP 1" type="1" provider="SID RTP1" onid="54" tsid="38" namespace="0x0ce40000" />
        <service id="0x00ad" sid="173" name="RTP 2" type="1" provider="SID RTP 2" onid="54" tsid="38" namespace="0x0ce40000" />
        <service id="0x00ae" sid="174" name="RTP 3" type="1" provider="SID RTP 3" onid="54" tsid="38" namespace="0x0ce40000" />
        <service id="0x00af" sid="175" name="RTP Açores" type="1" provider="SID RTP Açores" onid="54" tsid="38" namespace="0x0ce40000" />
        <service id="0x00b0" sid="176" name="RTP Madeira" type="1" provider="SID RTP Madeira" onid="54" tsid="38" namespace="0x0ce40000" />
        <service id="0x00b1" sid="177" name="SIC Notícias" type="1" provider="SID SIC N" onid="54" tsid="38" namespace="0x0ce40000" />
        <service id="0x016e" sid="366" name="Sport TV 1" type="1" provider="SPTV" onid="54" tsid="38" namespace="0x0ce40000" />
        <service id="0x012d" sid="301" name="Sport TV 2" type="1" provider="SportTV2" onid="54" tsid="38" namespace="0x0ce40000" />
        <service id="0x0054" sid="84" name="Sport TV 3" type="1" provider="Sport TV 3" onid="54" tsid="38" namespace="0x0ce40000" />
        <service id="0x0057" sid="87" name="Sport TV 4" type="1" provider="Sport TV 4" onid="54" tsid="38" namespace="0x0ce40000" />
        <service id="0x012f" sid="303" name="TV Record" type="1" provider="SID TV Record" onid="54" tsid="38" namespace="0x0ce40000" />
        <service id="0x0053" sid="83" name="TVI 24" type="1" provider="SID  TVI 24" onid="54" tsid="38" namespace="0x0ce40000" />
      </transponder>
    </satellite>
    <satellite key="0ce40000:0027:0036" name="Sat-30W" namespace="0x0ce40000" position="-30">
      <transponder key="0ce40000:0027:0036" frequency="12399000" symbol_rate="27500000" polarization="H" fec="3" system="0" modulation="0">
        <service id="0x00c0" sid="192" name="24 Kitchen HD" type="1" provider="SID 24 Kitchen HD" onid="54" tsid="39" namespace="0x0ce40000" />
        <service id="0x13ad" sid="5037" name="24 Kitchen HD" type="1" provider="" onid="54" tsid="39" namespace="0x0ce40000" />
        <service id="0x00bf" sid="191" name="AXN Black HD" type="1" provider="SID AXN Black HD" onid="54" tsid="39" namespace="0x0ce40000" />
        <service id="0x13a6" sid="5030" name="AXN Black HD" type="1" provider="" onid="54" tsid="39" namespace="0x0ce40000" />
        <service id="0x00c4" sid="196" name="AXN White HD" type="1" provider="AXN White HD" onid="54" tsid="39" namespace="0x0ce40000" />
        <service id="0x13a9" sid="5033" name="AXN White HD" type="1" provider="" onid="54" tsid="39" namespace="0x0ce40000" />
        <service id="0x00d0" sid="208" name="Eleven Sports 1" type="1" provider="Eleven Sports 1" onid="54" tsid="39" namespace="0x0ce40000" />
        <service id="0x00d1" sid="209" name="Eleven Sports 1" type="1" provider="Eleven Sports 1" onid="54" tsid="39" namespace="0x0ce40000" />
        <service id="0x13ae" sid="5038" name="Eleven Sports 1 HD" type="1" provider="" onid="54" tsid="39" namespace="0x0ce40000" />
        <service id="0x020b" sid="523" name="Eleven Sports 4" type="1" provider="Eleven Sports 4" onid="54" tsid="39" namespace="0x0ce40000" />
        <service id="0x13b0" sid="5040" name="Eleven Sports 4" type="1" provider="" onid="54" tsid="39" namespace="0x0ce40000" />
        <service id="0x020c" sid="524" name="Eleven Sports 5" type="1" provider="Eleven Sports 5" onid="54" tsid="39" namespace="0x0ce40000" />
        <service id="0x13b1" sid="5041" name="Eleven Sports 5" type="1" provider="" onid="54" tsid="39" namespace="0x0ce40000" />
        <service id="0x00c7" sid="199" name="Eurosport 1 HD" type="1" provider="SID Eurosport 1 HD" onid="54" tsid="39" namespace="0x0ce40000" />
        <service id="0x13aa" sid="5034" name="Eurosport 1 HD" type="1" provider="" onid="54" tsid="39" namespace="0x0ce40000" />
        <service id="0x00c1" sid="193" name="FOX Crime HD" type="1" provider="FOX Crime HD" onid="54" tsid="39" namespace="0x0ce40000" />
        <service id="0x13ac" sid="5036" name="FOX Crime HD" type="1" provider="" onid="54" tsid="39" namespace="0x0ce40000" />
        <service id="0x019a" sid="410" name="FOX Life HD" type="1" provider="SID FOX Life HD" onid="54" tsid="39" namespace="0x0ce40000" />
        <service id="0x13ab" sid="5035" name="FOX Life HD" type="1" provider="" onid="54" tsid="39" namespace="0x0ce40000" />
        <service id="0x01cb" sid="459" name="ID Investigation Discovery" type="1" provider="ID Investigation Discovery" onid="54" tsid="39" namespace="0x0ce40000" />
        <service id="0x01ce" sid="462" name="Sport TV NBA" type="1" provider="SID Sport TV NBA" onid="54" tsid="39" namespace="0x0ce40000" />
        <service id="0x00c3" sid="195" name="Travel Channel HD" type="1" provider="SID Travel Channel HD" onid="54" tsid="39" namespace="0x0ce40000" />
        <service id="0x13a8" sid="5032" name="Travel Channel HD" type="1" provider="" onid="54" tsid="39" namespace="0x0ce40000" />
        <service id="0x064a" sid="1610" name="TVCine 2 HD" type="1" provider="SID TVCine 2 HD" onid="54" tsid="39" namespace="0x0ce40000" />
        <service id="0x011a" sid="282" name="TVCine 3 HD" type="1" provider="TVCine 3 HD" onid="54" tsid="39" namespace="0x0ce40000" />
        <service id="0x0121" sid="289" name="TVSéries HD" type="1" provider="SID TVSéries HD" onid="54" tsid="39" namespace="0x0ce40000" />
      </transponder>
    </satellite>
    <satellite key="0ce40000:002f:0036" name="Sat-30W" namespace="0x0ce40000" position="-30">
      <transponder key="0ce40000:002f:0036" frequency="12437000" symbol_rate="27500000" polarization="H" fec="3" system="0" modulation="0">
        <service id="0x00cf" sid="207" name="AMC" type="1" provider="AMC" onid="54" tsid="47" namespace="0x0ce40000" />
        <service id="0x00c8" sid="200" name="AMC HD" type="1" provider="AMC HD" onid="54" tsid="47" namespace="0x0ce40000" />
        <service id="0x051d" sid="1309" name="BBC Entertainment" type="1" provider="SID BBC Entertainment" onid="54" tsid="47" namespace="0x0ce40000" />
        <service id="0x014f" sid="335" name="Canal NOS" type="1" provider="Canal NOS" onid="54" tsid="47" namespace="0x0ce40000" />
        <service id="0x032a" sid="810" name="Canal NOS" type="1" provider="Canal NOS" onid="54" tsid="47" namespace="0x0ce40000" />
        <service id="0x032f" sid="815" name="Caça e Pesca" type="1" provider="SID Caça e Pesca" onid="54" tsid="47" namespace="0x0ce40000" />
        <service id="0x0093" sid="147" name="Discovery HD Showcase" type="1" provider="SID Discovery HD Showcase" onid="54" tsid="47" namespace="0x0ce40000" />
        <service id="0x0096" sid="150" name="Disney Channel" type="1" provider="Disney Channel" onid="54" tsid="47" namespace="0x0ce40000" />
        <service id="0x0095" sid="149" name="Fuel TV" type="1" provider="SID Fuel TV" onid="54" tsid="47" namespace="0x0ce40000" />
        <service id="0x051a" sid="1306" name="Motorvision" type="1" provider="SID Motorvision" onid="54" tsid="47" namespace="0x0ce40000" />
        <service id="0x014a" sid="330" name="Nick Jr." type="1" provider="SID Nick Jr." onid="54" tsid="47" namespace="0x0ce40000" />
        <service id="0x0094" sid="148" name="Nickelodeon" type="1" provider="SID Nickelodeon" onid="54" tsid="47" namespace="0x0ce40000" />
        <service id="0x02bc" sid="700" name="SIC" type="1" provider="SID SIC" onid="54" tsid="47" namespace="0x0ce40000" />
        <service id="0x03b3" sid="947" name="TVCine 1 HD" type="1" provider="SID TVCine 1 HD" onid="54" tsid="47" namespace="0x0ce40000" />
        <service id="0x0090" sid="144" name="TVCine 4 HD" type="1" provider="TVCine 4 HD" onid="54" tsid="47" namespace="0x0ce40000" />
        <service id="0x02bd" sid="701" name="TVI" type="1" provider="SID TVI" onid="54" tsid="47" namespace="0x0ce40000" />
        <service id="0x014c" sid="332" name="VH1 Classic" type="1" provider="VH1 Classic" onid="54" tsid="47" namespace="0x0ce40000" />
        <service id="0x008c" sid="140" name="TSF" type="2" provider="SID TSF" onid="54" tsid="47" namespace="0x0ce40000" radio="1" />
      </transponder>
    </satellite>
    <satellite key="0ce40000:0030:0036" name="Sat-30W" namespace="0x0ce40000" position="-30">
      <transponder key="0ce40000:0030:0036" frequency="12476000" symbol_rate="27500000" polarization="H" fec="3" system="0" modulation="0">
        <service id="0x01f5" sid="501" name="ARTV" type="1" provider="ARTV" onid="54" tsid="48" namespace="0x0ce40000" />
        <service id="0x00ea" sid="234" name="Baby TV" type="1" provider="Baby TV" onid="54" tsid="48" namespace="0x0ce40000" />
        <service id="0x00f4" sid="244" name="BBC World News" type="1" provider="SID BBC World News" onid="54" tsid="48" namespace="0x0ce40000" />
        <service id="0x023d" sid="573" name="BBC World News" type="1" provider="" onid="54" tsid="48" namespace="0x0ce40000" />
        <service id="0x00f0" sid="240" name="Biggs" type="1" provider="SID Biggs" onid="54" tsid="48" namespace="0x0ce40000" />
        <service id="0x056f" sid="1391" name="Biggs" type="1" provider="" onid="54" tsid="48" namespace="0x0ce40000" />
        <service id="0x00eb" sid="235" name="Blaze" type="1" provider="Blaze" onid="54" tsid="48" namespace="0x0ce40000" />
        <service id="0x138c" sid="5004" name="Blaze" type="1" provider="" onid="54" tsid="48" namespace="0x0ce40000" />
        <service id="0x00f2" sid="242" name="CNN" type="1" provider="SID CNN" onid="54" tsid="48" namespace="0x0ce40000" />
        <service id="0x023b" sid="571" name="CNN" type="1" provider="" onid="54" tsid="48" namespace="0x0ce40000" />
        <service id="0x00fa" sid="250" name="Disney Junior" type="1" provider="Disney Junior" onid="54" tsid="48" namespace="0x0ce40000" />
        <service id="0x139b" sid="5019" name="Disney Júnior" type="1" provider="" onid="54" tsid="48" namespace="0x0ce40000" />
        <service id="0x00f5" sid="245" name="Euronews" type="1" provider="Euronews" onid="54" tsid="48" namespace="0x0ce40000" />
        <service id="0x023e" sid="574" name="Euronews" type="1" provider="" onid="54" tsid="48" namespace="0x0ce40000" />
        <service id="0x00e9" sid="233" name="FOX Movies" type="1" provider="FOX Movies" onid="54" tsid="48" namespace="0x0ce40000" />
        <service id="0x138a" sid="5002" name="FOX Movies" type="1" provider="" onid="54" tsid="48" namespace="0x0ce40000" />
        <service id="0x023f" sid="575" name="France 24" type="1" provider="" onid="54" tsid="48" namespace="0x0ce40000" />
        <service id="0x00f6" sid="246" name="France 24 (I)" type="1" provider="France 24 (I)" onid="54" tsid="48" namespace="0x0ce40000" />
        <service id="0x00f9" sid="249" name="Hot" type="1" provider="Hot" onid="54" tsid="48" namespace="0x0ce40000" />
        <service id="0x139a" sid="5018" name="HOT" type="1" provider="" onid="54" tsid="48" namespace="0x0ce40000" />
        <service id="0x00ee" sid="238" name="Mezzo" type="1" provider="SID Mezzo" onid="54" tsid="48" namespace="0x0ce40000" />
        <service id="0x138f" sid="5007" name="Mezzo" type="1" provider="" onid="54" tsid="48" namespace="0x0ce40000" />
        <service id="0x00e7" sid="231" name="SIC Mulher" type="1" provider="SID SIC Mulher" onid="54" tsid="48" namespace="0x0ce40000" />
        <service id="0x056c" sid="1388" name="SIC Mulher" type="1" provider="" onid="54" tsid="48" namespace="0x0ce40000" />
        <service id="0x00f3" sid="243" name="Sky News" type="1" provider="Sky News" onid="54" tsid="48" namespace="0x0ce40000" />
        <service id="0x023c" sid="572" name="SKY News" type="1" provider="" onid="54" tsid="48" namespace="0x0ce40000" />
        <service id="0x138d" sid="5005" name="SPORT TV +" type="1" provider="" onid="54" tsid="48" namespace="0x0ce40000" />
        <service id="0x00f7" sid="247" name="Sport TV 5" type="1" provider="Sport TV 5" onid="54" tsid="48" namespace="0x0ce40000" />
        <service id="0x0240" sid="576" name="SPORT TV 5" type="1" provider="" onid="54" tsid="48" namespace="0x0ce40000" />
        <service id="0x00ec" sid="236" name="SPORT TV+" type="1" provider="SPORT TV+" onid="54" tsid="48" namespace="0x0ce40000" />
        <service id="0x00fb" sid="251" name="Sporting TV" type="1" provider="SID Sporting TV" onid="54" tsid="48" namespace="0x0ce40000" />
        <service id="0x139c" sid="5020" name="Sporting TV" type="1" provider="" onid="54" tsid="48" namespace="0x0ce40000" />
        <service id="0x00e8" sid="232" name="TLC" type="1" provider="TLC" onid="54" tsid="48" namespace="0x0ce40000" />
        <service id="0x056d" sid="1389" name="TLC" type="1" provider="" onid="54" tsid="48" namespace="0x0ce40000" />
        <service id="0x00f8" sid="248" name="Toros TV" type="1" provider="Toros TV" onid="54" tsid="48" namespace="0x0ce40000" />
        <service id="0x0241" sid="577" name="Toros TV" type="1" provider="" onid="54" tsid="48" namespace="0x0ce40000" />
        <service id="0x00cc" sid="204" name="TV5 Monde" type="1" provider="SID TV5 Monde" onid="54" tsid="48" namespace="0x0ce40000" />
        <service id="0x139d" sid="5021" name="TV5 Monde" type="1" provider="" onid="54" tsid="48" namespace="0x0ce40000" />
        <service id="0x00f1" sid="241" name="TVE 24h" type="1" provider="SID TVE 24h" onid="54" tsid="48" namespace="0x0ce40000" />
        <service id="0x023a" sid="570" name="TVE 24H" type="1" provider="" onid="54" tsid="48" namespace="0x0ce40000" />
        <service id="0x00ef" sid="239" name="TVE Internacional" type="1" provider="SID TVE Internacional" onid="54" tsid="48" namespace="0x0ce40000" />
        <service id="0x056e" sid="1390" name="TVEi" type="1" provider="" onid="54" tsid="48" namespace="0x0ce40000" />
        <service id="0x00e6" sid="230" name="TVI Reality" type="1" provider="SID -  TVI Reality" onid="54" tsid="48" namespace="0x0ce40000" />
        <service id="0x00ed" sid="237" name="VH1" type="1" provider="VH1" onid="54" tsid="48" namespace="0x0ce40000" />
        <service id="0x138e" sid="5006" name="VH1" type="1" provider="" onid="54" tsid="48" namespace="0x0ce40000" />
        <service id="0x00d0" sid="208" name="Antena 1" type="2" provider="Antena 1" onid="54" tsid="48" namespace="0x0ce40000" radio="1" />
        <service id="0x00d1" sid="209" name="Antena 2" type="2" provider="Antena 2" onid="54" tsid="48" namespace="0x0ce40000" radio="1" />
        <service id="0x00d2" sid="210" name="Antena 3" type="2" provider="Antena 3" onid="54" tsid="48" namespace="0x0ce40000" radio="1" />
        <service id="0x051e" sid="1310" name="Cidade FM" type="2" provider="Cidade FM" onid="54" tsid="48" namespace="0x0ce40000" radio="1" />
        <service id="0x020d" sid="525" name="M80" type="2" provider="M80" onid="54" tsid="48" namespace="0x0ce40000" radio="1" />
        <service id="0x00d3" sid="211" name="Marginal" type="2" provider="Marginal" onid="54" tsid="48" namespace="0x0ce40000" radio="1" />
        <service id="0x00d5" sid="213" name="Mega Hits" type="2" provider="Mega Hits" onid="54" tsid="48" namespace="0x0ce40000" radio="1" />
        <service id="0x020b" sid="523" name="Oxigénio" type="2" provider="Oxigénio" onid="54" tsid="48" namespace="0x0ce40000" radio="1" />
        <service id="0x020e" sid="526" name="Radar" type="2" provider="Radar" onid="54" tsid="48" namespace="0x0ce40000" radio="1" />
        <service id="0x020c" sid="524" name="RDP África" type="2" provider="RDP África" onid="54" tsid="48" namespace="0x0ce40000" radio="1" />
        <service id="0x052f" sid="1327" name="RFM" type="2" provider="RFM" onid="54" tsid="48" namespace="0x0ce40000" radio="1" />
        <service id="0x051f" sid="1311" name="Rádio Amalia" type="2" provider="Rádio Amalia" onid="54" tsid="48" namespace="0x0ce40000" radio="1" />
        <service id="0x020a" sid="522" name="Rádio Comercial" type="2" provider="Rádio Comercial" onid="54" tsid="48" namespace="0x0ce40000" radio="1" />
        <service id="0x052b" sid="1323" name="Rádio Lusitânia" type="2" provider="Rádio Lusitânia" onid="54" tsid="48" namespace="0x0ce40000" radio="1" />
        <service id="0x052e" sid="1326" name="Rádio Regional" type="2" provider="Rádio Regional" onid="54" tsid="48" namespace="0x0ce40000" radio="1" />
        <service id="0x00d4" sid="212" name="Rádio Renascença" type="2" provider="Rádio Renascença" onid="54" tsid="48" namespace="0x0ce40000" radio="1" />
        <service id="0x052a" sid="1322" name="SBSR" type="2" provider="SBSR" onid="54" tsid="48" namespace="0x0ce40000" radio="1" />
        <service id="0x020f" sid="527" name="Smooth FM" type="2" provider="Smooth FM" onid="54" tsid="48" namespace="0x0ce40000" radio="1" />
        <service id="0x052d" sid="1325" name="SuperFM" type="2" provider="SuperFM" onid="54" tsid="48" namespace="0x0ce40000" radio="1" />
      </transponder>
    </satellite>
    <satellite key="0ce40000:0032:0036" name="Sat-30W" namespace="0x0ce40000" position="-30">
      <transponder key="0ce40000:0032:0036" frequency="11422000" symbol_rate="5000000" polarization="V" fec="4" system="0" modulation="0">
        <service id="0x0bb8" sid="3000" name="Kuriakos TV HD" type="1" provider="Kuriakos TV HD" onid="54" tsid="50" namespace="0x0ce40000" />
      </transponder>
    </satellite>
    <satellite key="0ce40000:0065:0053" name="Sat-30W" namespace="0x0ce40000" position="-30">
      <transponder key="0ce40000:0065:0053" frequency="12130000" symbol_rate="27500000" polarization="H" fec="3" system="0" modulation="0">
        <service id="0x004b" sid="75" name="AMC" type="1" provider="" onid="83" tsid="101" namespace="0x0ce40000" />
        <service id="0x004e" sid="78" name="ARTV" type="1" provider="" onid="83" tsid="101" namespace="0x0ce40000" />
        <service id="0x002f" sid="47" name="Baby TV" type="1" provider="" onid="83" tsid="101" namespace="0x0ce40000" />
        <service id="0x006e" sid="110" name="Cinemundo" type="1" provider="" onid="83" tsid="101" namespace="0x0ce40000" />
        <service id="0x0030" sid="48" name="Eurochannel" type="1" provider="" onid="83" tsid="101" namespace="0x0ce40000" />
        <service id="0x006c" sid="108" name="Eurosport 1" type="1" provider="" onid="83" tsid="101" namespace="0x0ce40000" />
        <service id="0x008a" sid="138" name="Globo" type="1" provider="" onid="83" tsid="101" namespace="0x0ce40000" />
        <service id="0x002e" sid="46" name="História" type="1" provider="" onid="83" tsid="101" namespace="0x0ce40000" />
        <service id="0x0031" sid="49" name="Hollywood" type="1" provider="" onid="83" tsid="101" namespace="0x0ce40000" />
        <service id="0x002c" sid="44" name="Hollywood HD" type="1" provider="" onid="83" tsid="101" namespace="0x0ce40000" />
        <service id="0x0034" sid="52" name="Jim Jam" type="1" provider="" onid="83" tsid="101" namespace="0x0ce40000" />
        <service id="0x0032" sid="50" name="MTV Portugal" type="1" provider="" onid="83" tsid="101" namespace="0x0ce40000" />
        <service id="0x003a" sid="58" name="Real Madrid TV" type="1" provider="" onid="83" tsid="101" namespace="0x0ce40000" />
        <service id="0x0029" sid="41" name="RTP 1" type="1" provider="" onid="83" tsid="101" namespace="0x0ce40000" />
        <service id="0x002a" sid="42" name="RTP 2" type="1" provider="" onid="83" tsid="101" namespace="0x0ce40000" />
        <service id="0x002d" sid="45" name="RTP 3" type="1" provider="" onid="83" tsid="101" namespace="0x0ce40000" />
        <service id="0x004d" sid="77" name="RTP Açores" type="1" provider="" onid="83" tsid="101" namespace="0x0ce40000" />
        <service id="0x006b" sid="107" name="RTP Açores" type="1" provider="" onid="83" tsid="101" namespace="0x0ce40000" />
        <service id="0x004c" sid="76" name="RTP Madeira" type="1" provider="" onid="83" tsid="101" namespace="0x0ce40000" />
        <service id="0x006a" sid="106" name="RTP Madeira" type="1" provider="" onid="83" tsid="101" namespace="0x0ce40000" />
        <service id="0x007f" sid="127" name="SIC K" type="1" provider="" onid="83" tsid="101" namespace="0x0ce40000" />
        <service id="0x0033" sid="51" name="SPORT TV 4" type="1" provider="" onid="83" tsid="101" namespace="0x0ce40000" />
        <service id="0x002b" sid="43" name="TV Record" type="1" provider="" onid="83" tsid="101" namespace="0x0ce40000" />
        <service id="0x004a" sid="74" name="TVCine 2" type="1" provider="" onid="83" tsid="101" namespace="0x0ce40000" />
        <service id="0x0035" sid="53" name="TVCine 4" type="1" provider="" onid="83" tsid="101" namespace="0x0ce40000" />
        <service id="0x0037" sid="55" name="TVI 24" type="1" provider="" onid="83" tsid="101" namespace="0x0ce40000" />
      </transponder>
    </satellite>
    <satellite key="0ce40000:0066:0053" name="Sat-30W" namespace="0x0ce40000" position="-30">
      <transponder key="0ce40000:0066:0053" frequency="12169000" symbol_rate="27500000" polarization="H" fec="3" system="0" modulation="0">
        <service id="0x00e7" sid="231" name="A Bola TV" type="1" provider="" onid="83" tsid="102" namespace="0x0ce40000" />
        <service id="0x00da" sid="218" name="Afro Music" type="1" provider="" onid="83" tsid="102" namespace="0x0ce40000" />
        <service id="0x00cb" sid="203" name="Angelus TV" type="1" provider="" onid="83" tsid="102" namespace="0x0ce40000" />
        <service id="0x00d9" sid="217" name="CBS Reality" type="1" provider="" onid="83" tsid="102" namespace="0x0ce40000" />
        <service id="0x00ce" sid="206" name="Channel 1 Russia" type="1" provider="" onid="83" tsid="102" namespace="0x0ce40000" />
        <service id="0x00d0" sid="208" name="Crime+Investigation" type="1" provider="" onid="83" tsid="102" namespace="0x0ce40000" />
        <service id="0x00e2" sid="226" name="Deutsche Welle (A)" type="1" provider="" onid="83" tsid="102" namespace="0x0ce40000" />
        <service id="0x00d1" sid="209" name="Discovery Channel" type="1" provider="" onid="83" tsid="102" namespace="0x0ce40000" />
        <service id="0x00e1" sid="225" name="Disney Channel" type="1" provider="" onid="83" tsid="102" namespace="0x0ce40000" />
        <service id="0x00d3" sid="211" name="FOX News" type="1" provider="" onid="83" tsid="102" namespace="0x0ce40000" />
        <service id="0x00cf" sid="207" name="NBA TV" type="1" provider="" onid="83" tsid="102" namespace="0x0ce40000" />
        <service id="0x00d2" sid="210" name="Odisseia" type="1" provider="" onid="83" tsid="102" namespace="0x0ce40000" />
        <service id="0x00c9" sid="201" name="SIC" type="1" provider="" onid="83" tsid="102" namespace="0x0ce40000" />
        <service id="0x00ca" sid="202" name="SIC Notícias" type="1" provider="" onid="83" tsid="102" namespace="0x0ce40000" />
        <service id="0x00cd" sid="205" name="SPORT TV 2" type="1" provider="" onid="83" tsid="102" namespace="0x0ce40000" />
        <service id="0x00d4" sid="212" name="SPORT TV 3" type="1" provider="" onid="83" tsid="102" namespace="0x0ce40000" />
        <service id="0x00cc" sid="204" name="Syfy" type="1" provider="" onid="83" tsid="102" namespace="0x0ce40000" />
        <service id="0x00e5" sid="229" name="Trace Urban" type="1" provider="" onid="83" tsid="102" namespace="0x0ce40000" />
        <service id="0x00d6" sid="214" name="TVCine 1" type="1" provider="" onid="83" tsid="102" namespace="0x0ce40000" />
        <service id="0x00d7" sid="215" name="TVCine 3" type="1" provider="" onid="83" tsid="102" namespace="0x0ce40000" />
        <service id="0x00e6" sid="230" name="TVI Ficção" type="1" provider="" onid="83" tsid="102" namespace="0x0ce40000" />
        <service id="0x00d8" sid="216" name="TVSéries" type="1" provider="" onid="83" tsid="102" namespace="0x0ce40000" />
        <service id="0x00d5" sid="213" name="Venus" type="1" provider="" onid="83" tsid="102" namespace="0x0ce40000" />
        <service id="0x006b" sid="107" name="80s RFM" type="2" provider="" onid="83" tsid="102" namespace="0x0ce40000" radio="1" />
        <service id="0x00fa" sid="250" name="Antena 1" type="2" provider="" onid="83" tsid="102" namespace="0x0ce40000" radio="1" />
        <service id="0x0040" sid="64" name="Antena 1 - Fado" type="2" provider="" onid="83" tsid="102" namespace="0x0ce40000" radio="1" />
        <service id="0x0042" sid="66" name="Antena 1 Memória" type="2" provider="" onid="83" tsid="102" namespace="0x0ce40000" radio="1" />
        <service id="0x0041" sid="65" name="Antena 1 Vida" type="2" provider="" onid="83" tsid="102" namespace="0x0ce40000" radio="1" />
        <service id="0x00fb" sid="251" name="Antena 2" type="2" provider="" onid="83" tsid="102" namespace="0x0ce40000" radio="1" />
        <service id="0x00fe" sid="254" name="Antena 2 - Ópera" type="2" provider="" onid="83" tsid="102" namespace="0x0ce40000" radio="1" />
        <service id="0x00fc" sid="252" name="Antena 3" type="2" provider="" onid="83" tsid="102" namespace="0x0ce40000" radio="1" />
        <service id="0x010d" sid="269" name="Cidade FM" type="2" provider="" onid="83" tsid="102" namespace="0x0ce40000" radio="1" />
        <service id="0x00ff" sid="255" name="Lusitânia" type="2" provider="" onid="83" tsid="102" namespace="0x0ce40000" radio="1" />
        <service id="0x010c" sid="268" name="M80" type="2" provider="" onid="83" tsid="102" namespace="0x0ce40000" radio="1" />
        <service id="0x006c" sid="108" name="Mega Hits" type="2" provider="" onid="83" tsid="102" namespace="0x0ce40000" radio="1" />
        <service id="0x0045" sid="69" name="Oceano Pacífico" type="2" provider="" onid="83" tsid="102" namespace="0x0ce40000" radio="1" />
        <service id="0x00fd" sid="253" name="RDP África" type="2" provider="" onid="83" tsid="102" namespace="0x0ce40000" radio="1" />
        <service id="0x010a" sid="266" name="Renascença" type="2" provider="" onid="83" tsid="102" namespace="0x0ce40000" radio="1" />
        <service id="0x0044" sid="68" name="RFM" type="2" provider="" onid="83" tsid="102" namespace="0x0ce40000" radio="1" />
        <service id="0x006a" sid="106" name="RFM Clubbing" type="2" provider="" onid="83" tsid="102" namespace="0x0ce40000" radio="1" />
        <service id="0x010b" sid="267" name="Rádio Comercial" type="2" provider="" onid="83" tsid="102" namespace="0x0ce40000" radio="1" />
        <service id="0x006d" sid="109" name="Sim" type="2" provider="" onid="83" tsid="102" namespace="0x0ce40000" radio="1" />
        <service id="0x0043" sid="67" name="Smooth FM" type="2" provider="" onid="83" tsid="102" namespace="0x0ce40000" radio="1" />
      </transponder>
    </satellite>
    <satellite key="0ce40000:0067:0053" name="Sat-30W" namespace="0x0ce40000" position="-30">
      <transponder key="0ce40000:0067:0053" frequency="12207000" symbol_rate="27500000" polarization="H" fec="3" system="0" modulation="0">
        <service id="0x00d1" sid="209" name="Bloomberg" type="1" provider="" onid="83" tsid="103" namespace="0x0ce40000" />
        <service id="0x016b" sid="363" name="Bloomberg" type="1" provider="SID Bloomberg" onid="83" tsid="103" namespace="0x0ce40000" />
        <service id="0x0057" sid="87" name="Canal Panda" type="1" provider="" onid="83" tsid="103" namespace="0x0ce40000" />
        <service id="0x016d" sid="365" name="Canal Q" type="1" provider="SID Canal Q" onid="83" tsid="103" namespace="0x0ce40000" />
        <service id="0x020b" sid="523" name="Canal Q" type="1" provider="" onid="83" tsid="103" namespace="0x0ce40000" />
        <service id="0x00b2" sid="178" name="Canção Nova" type="1" provider="Cancao Nova" onid="83" tsid="103" namespace="0x0ce40000" />
        <service id="0x052e" sid="1326" name="Canção Nova" type="1" provider="" onid="83" tsid="103" namespace="0x0ce40000" />
        <service id="0x00a2" sid="162" name="Cartoon Network" type="1" provider="Cartoon Network" onid="83" tsid="103" namespace="0x0ce40000" />
        <service id="0x00ce" sid="206" name="Cartoon Network" type="1" provider="" onid="83" tsid="103" namespace="0x0ce40000" />
        <service id="0x00b3" sid="179" name="CMTV" type="1" provider="CMTV" onid="83" tsid="103" namespace="0x0ce40000" />
        <service id="0x052f" sid="1327" name="CMTV" type="1" provider="" onid="83" tsid="103" namespace="0x0ce40000" />
        <service id="0x016c" sid="364" name="CNBC" type="1" provider="CNBC" onid="83" tsid="103" namespace="0x0ce40000" />
        <service id="0x020a" sid="522" name="CNBC Europe" type="1" provider="" onid="83" tsid="103" namespace="0x0ce40000" />
        <service id="0x00a7" sid="167" name="E! Entertainment" type="1" provider="SID E! Entertainment" onid="83" tsid="103" namespace="0x0ce40000" />
        <service id="0x051d" sid="1309" name="E! Entertainment" type="1" provider="" onid="83" tsid="103" namespace="0x0ce40000" />
        <service id="0x051e" sid="1310" name="Eleven Sports 3" type="1" provider="" onid="83" tsid="103" namespace="0x0ce40000" />
        <service id="0x00ae" sid="174" name="Eleven Sports 6" type="1" provider="Eleven Sports 6" onid="83" tsid="103" namespace="0x0ce40000" />
        <service id="0x052a" sid="1322" name="Eleven Sports 6" type="1" provider="" onid="83" tsid="103" namespace="0x0ce40000" />
        <service id="0x00ac" sid="172" name="Eurosport 2" type="1" provider="SID Eurosport 2" onid="83" tsid="103" namespace="0x0ce40000" />
        <service id="0x00d2" sid="210" name="Eurosport 2" type="1" provider="" onid="83" tsid="103" namespace="0x0ce40000" />
        <service id="0x0055" sid="85" name="FOX Comedy" type="1" provider="" onid="83" tsid="103" namespace="0x0ce40000" />
        <service id="0x00a4" sid="164" name="FOX Comedy" type="1" provider="SID FOX Comedy" onid="83" tsid="103" namespace="0x0ce40000" />
        <service id="0x051a" sid="1306" name="FOX Comedy" type="1" provider="" onid="83" tsid="103" namespace="0x0ce40000" />
        <service id="0x0054" sid="84" name="FOX Crime HD" type="1" provider="" onid="83" tsid="103" namespace="0x0ce40000" />
        <service id="0x0053" sid="83" name="FOX Life HD" type="1" provider="" onid="83" tsid="103" namespace="0x0ce40000" />
        <service id="0x00a9" sid="169" name="FTV" type="1" provider="SID FTV" onid="83" tsid="103" namespace="0x0ce40000" />
        <service id="0x051f" sid="1311" name="FTV" type="1" provider="" onid="83" tsid="103" namespace="0x0ce40000" />
        <service id="0x00aa" sid="170" name="Globo Now" type="1" provider="SID Globo Now" onid="83" tsid="103" namespace="0x0ce40000" />
        <service id="0x020e" sid="526" name="Globo Now" type="1" provider="" onid="83" tsid="103" namespace="0x0ce40000" />
        <service id="0x00ad" sid="173" name="MCM Pop" type="1" provider="MCM Pop" onid="83" tsid="103" namespace="0x0ce40000" />
        <service id="0x00d3" sid="211" name="MCM POP" type="1" provider="" onid="83" tsid="103" namespace="0x0ce40000" />
        <service id="0x00cb" sid="203" name="National Geographic Wild" type="1" provider="" onid="83" tsid="103" namespace="0x0ce40000" />
        <service id="0x015f" sid="351" name="National Geographic WILD" type="1" provider="National Geographic WILD" onid="83" tsid="103" namespace="0x0ce40000" />
        <service id="0x012f" sid="303" name="NHK World Japan" type="1" provider="" onid="83" tsid="103" namespace="0x0ce40000" />
        <service id="0x016f" sid="367" name="PFC" type="1" provider="SID PFC" onid="83" tsid="103" namespace="0x0ce40000" />
        <service id="0x020d" sid="525" name="PFC" type="1" provider="" onid="83" tsid="103" namespace="0x0ce40000" />
        <service id="0x00ab" sid="171" name="Playboy TV" type="1" provider="SID Playboy" onid="83" tsid="103" namespace="0x0ce40000" />
        <service id="0x020f" sid="527" name="Playboy TV" type="1" provider="" onid="83" tsid="103" namespace="0x0ce40000" />
        <service id="0x00a1" sid="161" name="Porto Canal" type="1" provider="SID Porto Canal" onid="83" tsid="103" namespace="0x0ce40000" />
        <service id="0x00cd" sid="205" name="Porto Canal" type="1" provider="" onid="83" tsid="103" namespace="0x0ce40000" />
        <service id="0x00a3" sid="163" name="RTP Memória" type="1" provider="RTP Memória" onid="83" tsid="103" namespace="0x0ce40000" />
        <service id="0x00cf" sid="207" name="RTP Memória" type="1" provider="" onid="83" tsid="103" namespace="0x0ce40000" />
        <service id="0x00d0" sid="208" name="RTP África" type="1" provider="" onid="83" tsid="103" namespace="0x0ce40000" />
        <service id="0x016a" sid="362" name="RTP África" type="1" provider="SID RTP África" onid="83" tsid="103" namespace="0x0ce40000" />
        <service id="0x00a5" sid="165" name="SIC Caras" type="1" provider="SIC Caras" onid="83" tsid="103" namespace="0x0ce40000" />
        <service id="0x051c" sid="1308" name="SIC Caras" type="1" provider="" onid="83" tsid="103" namespace="0x0ce40000" />
        <service id="0x00a0" sid="160" name="SIC Radical" type="1" provider="SIC R" onid="83" tsid="103" namespace="0x0ce40000" />
        <service id="0x00cc" sid="204" name="SIC Radical" type="1" provider="" onid="83" tsid="103" namespace="0x0ce40000" />
        <service id="0x012e" sid="302" name="SPORT TV 1" type="1" provider="" onid="83" tsid="103" namespace="0x0ce40000" />
        <service id="0x016e" sid="366" name="TV Galicia" type="1" provider="SID TV Galicia" onid="83" tsid="103" namespace="0x0ce40000" />
        <service id="0x020c" sid="524" name="TV Galicia" type="1" provider="" onid="83" tsid="103" namespace="0x0ce40000" />
        <service id="0x012d" sid="301" name="TVI" type="1" provider="" onid="83" tsid="103" namespace="0x0ce40000" />
      </transponder>
    </satellite>
    <satellite key="0ce40000:0068:0053" name="Sat-30W" namespace="0x0ce40000" position="-30">
      <transponder key="0ce40000:0068:0053" frequency="12246000" symbol_rate="27500000" polarization="H" fec="3" system="0" modulation="0">
        <service id="0x01c7" sid="455" name="AXN HD" type="1" provider="SID AXN HD" onid="83" tsid="104" namespace="0x0ce40000" />
        <service id="0x057d" sid="1405" name="AXN HD" type="1" provider="" onid="83" tsid="104" namespace="0x0ce40000" />
        <service id="0x01ca" sid="458" name="BTV 1 HD" type="1" provider="SID BTV 1 HD" onid="83" tsid="104" namespace="0x0ce40000" />
        <service id="0x00f4" sid="244" name="BTV HD" type="1" provider="" onid="83" tsid="104" namespace="0x0ce40000" />
        <service id="0x00bf" sid="191" name="Caçavision" type="1" provider="" onid="83" tsid="104" namespace="0x0ce40000" />
        <service id="0x057f" sid="1407" name="Eleven Sports 2 HD" type="1" provider="" onid="83" tsid="104" namespace="0x0ce40000" />
        <service id="0x01c8" sid="456" name="FOX HD" type="1" provider="SID FOX HD" onid="83" tsid="104" namespace="0x0ce40000" />
        <service id="0x057e" sid="1406" name="FOX HD" type="1" provider="" onid="83" tsid="104" namespace="0x0ce40000" />
        <service id="0x00c3" sid="195" name="Kombat Sport" type="1" provider="" onid="83" tsid="104" namespace="0x0ce40000" />
        <service id="0x00c1" sid="193" name="Kuriakos TV" type="1" provider="" onid="83" tsid="104" namespace="0x0ce40000" />
        <service id="0x00c0" sid="192" name="My Cuisine" type="1" provider="" onid="83" tsid="104" namespace="0x0ce40000" />
        <service id="0x01c6" sid="454" name="National Geographic HD" type="1" provider="SID National Geographic HD" onid="83" tsid="104" namespace="0x0ce40000" />
        <service id="0x057c" sid="1404" name="National Geographic HD" type="1" provider="" onid="83" tsid="104" namespace="0x0ce40000" />
        <service id="0x00f3" sid="243" name="SPORT TV 1 HD" type="1" provider="" onid="83" tsid="104" namespace="0x0ce40000" />
        <service id="0x01c3" sid="451" name="Sport TV 1 HD" type="1" provider="SID Sport TV 1 HD" onid="83" tsid="104" namespace="0x0ce40000" />
        <service id="0x01c4" sid="452" name="Sport TV 2 HD" type="1" provider="SID Sport TV 2 HD" onid="83" tsid="104" namespace="0x0ce40000" />
        <service id="0x057a" sid="1402" name="SPORT TV 2 HD" type="1" provider="" onid="83" tsid="104" namespace="0x0ce40000" />
        <service id="0x01c5" sid="453" name="Sport TV 3 HD" type="1" provider="Sport TV 3 HD" onid="83" tsid="104" namespace="0x0ce40000" />
        <service id="0x057b" sid="1403" name="SPORT TV 3 HD" type="1" provider="" onid="83" tsid="104" namespace="0x0ce40000" />
      </transponder>
    </satellite>
    <satellite key="0ce40000:0069:0053" name="Sat-30W" namespace="0x0ce40000" position="-30">
      <transponder key="0ce40000:0069:0053" frequency="12284000" symbol_rate="27500000" polarization="H" fec="3" system="0" modulation="0">
        <service id="0x01f5" sid="501" name="Hispasat 4K" type="31" provider="" onid="83" tsid="105" namespace="0x0ce40000" />
        <service id="0x01f7" sid="503" name="SPORT TV 4K UHD" type="31" provider="" onid="83" tsid="105" namespace="0x0ce40000" />
      </transponder>
    </satellite>
    <satellite key="0ce40000:012d:162d" name="Sat-30W" namespace="0x0ce40000" position="-30">
      <transponder key="0ce40000:012d:162d" frequency="11771000" symbol_rate="30000000" polarization="V" fec="3" system="0" modulation="0">
        <service id="0x0010" sid="16" name="BARRANDOV TV" type="1" provider="Pantelio" onid="5677" tsid="301" namespace="0x0ce40000" />
        <service id="0x000e" sid="14" name="Cartoon Network" type="1" provider="Pantelio" onid="5677" tsid="301" namespace="0x0ce40000" />
        <service id="0x002a" sid="42" name="CT 24 HD" type="25" provider="Pantelio" onid="5677" tsid="301" namespace="0x0ce40000" />
        <service id="0x0007" sid="7" name="Dajto HD" type="25" provider="Pantelio" onid="5677" tsid="301" namespace="0x0ce40000" />
        <service id="0x007a" sid="122" name="Disney Channel" type="1" provider="Pantelio" onid="5677" tsid="301" namespace="0x0ce40000" />
        <service id="0x0024" sid="36" name="Disney Junior" type="1" provider="Pantelio" onid="5677" tsid="301" namespace="0x0ce40000" />
        <service id="0x0005" sid="5" name="Doma HD" type="25" provider="Pantelio" onid="5677" tsid="301" namespace="0x0ce40000" />
        <service id="0x0002" sid="2" name="Dvojka HD" type="25" provider="Pantelio" onid="5677" tsid="301" namespace="0x0ce40000" />
        <service id="0x0001" sid="1" name="Jednotka HD" type="25" provider="Pantelio" onid="5677" tsid="301" namespace="0x0ce40000" />
        <service id="0x0003" sid="3" name="Joj HD" type="25" provider="Pantelio" onid="5677" tsid="301" namespace="0x0ce40000" />
        <service id="0x001a" sid="26" name="LEO TV / EXTASY" type="1" provider="Pantelio" onid="5677" tsid="301" namespace="0x0ce40000" />
        <service id="0x000a" sid="10" name="LUX" type="1" provider="Pantelio" onid="5677" tsid="301" namespace="0x0ce40000" />
        <service id="0x0004" sid="4" name="Markiza HD" type="25" provider="Pantelio" onid="5677" tsid="301" namespace="0x0ce40000" />
        <service id="0x02bc" sid="700" name="Pantelio Info" type="25" provider="Pantelio" onid="5677" tsid="301" namespace="0x0ce40000" />
        <service id="0x0006" sid="6" name="Plus HD" type="25" provider="Pantelio" onid="5677" tsid="301" namespace="0x0ce40000" />
        <service id="0x01a2" sid="418" name="ProSieben" type="1" provider="Pantelio" onid="5677" tsid="301" namespace="0x0ce40000" />
        <service id="0x000b" sid="11" name="RiK HD" type="25" provider="Pantelio" onid="5677" tsid="301" namespace="0x0ce40000" />
        <service id="0x0009" sid="9" name="TA3 HD" type="25" provider="Pantelio" onid="5677" tsid="301" namespace="0x0ce40000" />
        <service id="0x0008" sid="8" name="WAU HD" type="25" provider="Pantelio" onid="5677" tsid="301" namespace="0x0ce40000" />
      </transponder>
    </satellite>
    <satellite key="0ce40000:012e:162d" name="Sat-30W" namespace="0x0ce40000" position="-30">
      <transponder key="0ce40000:012e:162d" frequency="11811000" symbol_rate="30000000" polarization="V" fec="3" system="0" modulation="0">
        <service id="0x007f" sid="127" name="Baby TV" type="1" provider="Pantelio" onid="5677" tsid="302" namespace="0x0ce40000" />
        <service id="0x0011" sid="17" name="Comedy Central" type="1" provider="Pantelio" onid="5677" tsid="302" namespace="0x0ce40000" />
        <service id="0x005f" sid="95" name="CS Mini/CS Film/Horor" type="1" provider="Pantelio" onid="5677" tsid="302" namespace="0x0ce40000" />
        <service id="0x0025" sid="37" name="DoQ" type="1" provider="Pantelio" onid="5677" tsid="302" namespace="0x0ce40000" />
        <service id="0x00be" sid="190" name="Dorcel TV HD" type="25" provider="Pantelio" onid="5677" tsid="302" namespace="0x0ce40000" />
        <service id="0x003c" sid="60" name="Filmbox" type="1" provider="Pantelio" onid="5677" tsid="302" namespace="0x0ce40000" />
        <service id="0x0031" sid="49" name="Filmbox Plus" type="1" provider="Pantelio" onid="5677" tsid="302" namespace="0x0ce40000" />
        <service id="0x0022" sid="34" name="Fishing and Hunting" type="1" provider="Pantelio" onid="5677" tsid="302" namespace="0x0ce40000" />
        <service id="0x0038" sid="56" name="HobbyTV" type="1" provider="Pantelio" onid="5677" tsid="302" namespace="0x0ce40000" />
        <service id="0x004b" sid="75" name="Nat Geo Wild" type="1" provider="Pantelio" onid="5677" tsid="302" namespace="0x0ce40000" />
        <service id="0x0013" sid="19" name="NOE" type="1" provider="Pantelio" onid="5677" tsid="302" namespace="0x0ce40000" />
        <service id="0x001b" sid="27" name="Nova International - Nitranet" type="1" provider="Pantelio" onid="5677" tsid="302" namespace="0x0ce40000" />
        <service id="0x0015" sid="21" name="Nova Sport 2 HD - Nitranet" type="25" provider="Pantelio" onid="5677" tsid="302" namespace="0x0ce40000" />
        <service id="0x000a" sid="10" name="OCKO STAR" type="1" provider="Pantelio" onid="5677" tsid="302" namespace="0x0ce40000" />
        <service id="0x0037" sid="55" name="REBEL" type="1" provider="Pantelio" onid="5677" tsid="302" namespace="0x0ce40000" />
        <service id="0x0016" sid="22" name="REBEL 2" type="1" provider="Pantelio" onid="5677" tsid="302" namespace="0x0ce40000" />
        <service id="0x0035" sid="53" name="Retro Music TV" type="1" provider="Pantelio" onid="5677" tsid="302" namespace="0x0ce40000" />
        <service id="0x0039" sid="57" name="Senzi TV" type="1" provider="Pantelio" onid="5677" tsid="302" namespace="0x0ce40000" />
        <service id="0x000b" sid="11" name="Slagr 2" type="1" provider="Pantelio" onid="5677" tsid="302" namespace="0x0ce40000" />
        <service id="0x0012" sid="18" name="Slagr TV" type="1" provider="Pantelio" onid="5677" tsid="302" namespace="0x0ce40000" />
        <service id="0x006e" sid="110" name="Sport 5" type="1" provider="Pantelio" onid="5677" tsid="302" namespace="0x0ce40000" />
        <service id="0x0020" sid="32" name="TLC" type="1" provider="Pantelio" onid="5677" tsid="302" namespace="0x0ce40000" />
        <service id="0x008b" sid="139" name="TUTY TV HD" type="25" provider="Pantelio" onid="5677" tsid="302" namespace="0x0ce40000" />
        <service id="0x000c" sid="12" name="TV Central" type="1" provider="Pantelio" onid="5677" tsid="302" namespace="0x0ce40000" />
        <service id="0x001a" sid="26" name="TV5 MONDE" type="1" provider="Pantelio" onid="5677" tsid="302" namespace="0x0ce40000" />
        <service id="0x000d" sid="13" name="TV9" type="1" provider="Pantelio" onid="5677" tsid="302" namespace="0x0ce40000" />
        <service id="0x0019" sid="25" name="TVP Polonia" type="1" provider="Pantelio" onid="5677" tsid="302" namespace="0x0ce40000" />
        <service id="0x003a" sid="58" name="UA TV" type="1" provider="Pantelio" onid="5677" tsid="302" namespace="0x0ce40000" />
        <service id="0x0034" sid="52" name="VH1 Europe" type="1" provider="Pantelio" onid="5677" tsid="302" namespace="0x0ce40000" />
      </transponder>
    </satellite>
    <satellite key="0ce40000:012f:162d" name="Sat-30W" namespace="0x0ce40000" position="-30">
      <transponder key="0ce40000:012f:162d" frequency="11931000" symbol_rate="30000000" polarization="V" fec="3" system="0" modulation="0">
        <service id="0x006b" sid="107" name="Arena Sport 1 HD" type="25" provider="Pantelio" onid="5677" tsid="303" namespace="0x0ce40000" />
        <service id="0x005e" sid="94" name="AXN CZ" type="1" provider="Pantelio" onid="5677" tsid="303" namespace="0x0ce40000" />
        <service id="0x004b" sid="75" name="AXN White" type="1" provider="Pantelio" onid="5677" tsid="303" namespace="0x0ce40000" />
        <service id="0x000f" sid="15" name="CT 1 HD" type="25" provider="Pantelio" onid="5677" tsid="303" namespace="0x0ce40000" />
        <service id="0x000a" sid="10" name="CT 2 HD" type="25" provider="Pantelio" onid="5677" tsid="303" namespace="0x0ce40000" />
        <service id="0x001d" sid="29" name="CT D / art HD" type="25" provider="Pantelio" onid="5677" tsid="303" namespace="0x0ce40000" />
        <service id="0x000b" sid="11" name="CT Sport HD" type="25" provider="Pantelio" onid="5677" tsid="303" namespace="0x0ce40000" />
        <service id="0x004d" sid="77" name="Discovery Showcase HD" type="25" provider="Pantelio" onid="5677" tsid="303" namespace="0x0ce40000" />
        <service id="0x00c4" sid="196" name="Duna TV HD" type="25" provider="Pantelio" onid="5677" tsid="303" namespace="0x0ce40000" />
        <service id="0x00c5" sid="197" name="Duna World" type="1" provider="Pantelio" onid="5677" tsid="303" namespace="0x0ce40000" />
        <service id="0x0029" sid="41" name="Eurosport 1 HD" type="25" provider="Pantelio" onid="5677" tsid="303" namespace="0x0ce40000" />
        <service id="0x002a" sid="42" name="Eurosport 2 HD" type="25" provider="Pantelio" onid="5677" tsid="303" namespace="0x0ce40000" />
        <service id="0x005a" sid="90" name="JOJ Cinema HD" type="25" provider="Pantelio" onid="5677" tsid="303" namespace="0x0ce40000" />
        <service id="0x0033" sid="51" name="JOJ Family" type="1" provider="Pantelio" onid="5677" tsid="303" namespace="0x0ce40000" />
        <service id="0x00bf" sid="191" name="M1 HD" type="25" provider="Pantelio" onid="5677" tsid="303" namespace="0x0ce40000" />
        <service id="0x00c0" sid="192" name="M2 HD" type="25" provider="Pantelio" onid="5677" tsid="303" namespace="0x0ce40000" />
        <service id="0x00c1" sid="193" name="M3" type="1" provider="Pantelio" onid="5677" tsid="303" namespace="0x0ce40000" />
        <service id="0x003e" sid="62" name="Mnam" type="1" provider="Pantelio" onid="5677" tsid="303" namespace="0x0ce40000" />
        <service id="0x004c" sid="76" name="National Geographic HD" type="25" provider="Pantelio" onid="5677" tsid="303" namespace="0x0ce40000" />
        <service id="0x007e" sid="126" name="Nick Junior" type="1" provider="Pantelio" onid="5677" tsid="303" namespace="0x0ce40000" />
        <service id="0x007c" sid="124" name="Nickelodeon" type="1" provider="Pantelio" onid="5677" tsid="303" namespace="0x0ce40000" />
        <service id="0x002b" sid="43" name="Nova Sport 1 - Nitranet" type="1" provider="Pantelio" onid="5677" tsid="303" namespace="0x0ce40000" />
        <service id="0x000e" sid="14" name="Ocko" type="1" provider="Pantelio" onid="5677" tsid="303" namespace="0x0ce40000" />
        <service id="0x001b" sid="27" name="RAI UNO" type="1" provider="Pantelio" onid="5677" tsid="303" namespace="0x0ce40000" />
        <service id="0x019f" sid="415" name="RTL Gold" type="1" provider="Pantelio" onid="5677" tsid="303" namespace="0x0ce40000" />
        <service id="0x019d" sid="413" name="Story 5" type="1" provider="Pantelio" onid="5677" tsid="303" namespace="0x0ce40000" />
      </transponder>
    </satellite>
    <satellite key="0ce40000:0130:162d" name="Sat-30W" namespace="0x0ce40000" position="-30">
      <transponder key="0ce40000:0130:162d" frequency="11851000" symbol_rate="30000000" polarization="V" fec="3" system="0" modulation="0">
        <service id="0x02c3" sid="707" name="Bratislava TV HD" type="25" provider="Pantelio" onid="5677" tsid="304" namespace="0x0ce40000" />
        <service id="0x02c2" sid="706" name="TV 7" type="1" provider="Pantelio" onid="5677" tsid="304" namespace="0x0ce40000" />
        <service id="0x02c0" sid="704" name="TV Hronka" type="1" provider="Pantelio" onid="5677" tsid="304" namespace="0x0ce40000" />
        <service id="0x02c1" sid="705" name="TV Povazie" type="1" provider="Pantelio" onid="5677" tsid="304" namespace="0x0ce40000" />
        <service id="0x02bf" sid="703" name="TV Senior" type="1" provider="Pantelio" onid="5677" tsid="304" namespace="0x0ce40000" />
        <service id="0x02bd" sid="701" name="TV Severka" type="1" provider="Pantelio" onid="5677" tsid="304" namespace="0x0ce40000" />
        <service id="0x02be" sid="702" name="TV Vega" type="1" provider="Pantelio" onid="5677" tsid="304" namespace="0x0ce40000" />
      </transponder>
    </satellite>
    <satellite key="0ce40000:0131:162d" name="Sat-30W" namespace="0x0ce40000" position="-30">
      <transponder key="0ce40000:0131:162d" frequency="11891000" symbol_rate="30000000" polarization="V" fec="3" system="0" modulation="0">
        <service id="0x006d" sid="109" name="Arena Sport 2 HD" type="25" provider="Pantelio" onid="5677" tsid="305" namespace="0x0ce40000" />
        <service id="0x01a0" sid="416" name="Cool TV" type="1" provider="Pantelio" onid="5677" tsid="305" namespace="0x0ce40000" />
        <service id="0x004e" sid="78" name="Discovery Channel CZ HD" type="25" provider="Pantelio" onid="5677" tsid="305" namespace="0x0ce40000" />
        <service id="0x007d" sid="125" name="Fine Living HD" type="25" provider="Pantelio" onid="5677" tsid="305" namespace="0x0ce40000" />
        <service id="0x0027" sid="39" name="Food Network HD" type="1" provider="Pantelio" onid="5677" tsid="305" namespace="0x0ce40000" />
        <service id="0x003f" sid="63" name="ID HD" type="25" provider="Pantelio" onid="5677" tsid="305" namespace="0x0ce40000" />
        <service id="0x00c3" sid="195" name="M5" type="1" provider="Pantelio" onid="5677" tsid="305" namespace="0x0ce40000" />
        <service id="0x00c6" sid="198" name="Muzsika TV" type="1" provider="Pantelio" onid="5677" tsid="305" namespace="0x0ce40000" />
        <service id="0x019a" sid="410" name="Prizma TV / RTL+" type="1" provider="Pantelio" onid="5677" tsid="305" namespace="0x0ce40000" />
        <service id="0x019b" sid="411" name="RTL 2 HU" type="1" provider="Pantelio" onid="5677" tsid="305" namespace="0x0ce40000" />
        <service id="0x019e" sid="414" name="RTL Klub" type="1" provider="Pantelio" onid="5677" tsid="305" namespace="0x0ce40000" />
        <service id="0x00c7" sid="199" name="Sorozat+" type="1" provider="Pantelio" onid="5677" tsid="305" namespace="0x0ce40000" />
        <service id="0x002c" sid="44" name="Travel Channel HD" type="25" provider="Pantelio" onid="5677" tsid="305" namespace="0x0ce40000" />
        <service id="0x019c" sid="412" name="TV 4" type="1" provider="Pantelio" onid="5677" tsid="305" namespace="0x0ce40000" />
        <service id="0x01a1" sid="417" name="TV2" type="1" provider="Pantelio" onid="5677" tsid="305" namespace="0x0ce40000" />
      </transponder>
    </satellite>
    <satellite key="0ce40000:0132:162d" name="Sat-30W" namespace="0x0ce40000" position="-30">
      <transponder key="0ce40000:0132:162d" frequency="11731000" symbol_rate="30000000" polarization="V" fec="3" system="0" modulation="0">
        <service id="0x001b" sid="27" name="Animal Planet HD" type="25" provider="Pantelio" onid="5677" tsid="306" namespace="0x0ce40000" />
        <service id="0x000e" sid="14" name="Discovery Science HD" type="25" provider="Pantelio" onid="5677" tsid="306" namespace="0x0ce40000" />
        <service id="0x056d" sid="1389" name="Pantelio UHD 1" type="25" provider="Pantelio" onid="5677" tsid="306" namespace="0x0ce40000" />
      </transponder>
    </satellite>
    <satellite key="0ce40000:03e8:03e9" name="Sat-30W" namespace="0x0ce40000" position="-30">
      <transponder key="0ce40000:03e8:03e9" frequency="11262000" symbol_rate="30000000" polarization="V" fec="3" system="0" modulation="0">
        <service id="0x0001" sid="1" name="Hispasat 4K HEVC" type="31" provider="Hispasat" onid="1001" tsid="1000" namespace="0x0ce40000" />
        <service id="0x0002" sid="2" name="Hispasat HD H264" type="25" provider="Hispasat" onid="1001" tsid="1000" namespace="0x0ce40000" />
      </transponder>
    </satellite>
    <satellite key="0ce40000:056c:056c" name="Sat-30W" namespace="0x0ce40000" position="-30">
      <transponder key="0ce40000:056c:056c" frequency="10730000" symbol_rate="27500000" polarization="H" fec="3" system="0" modulation="0">
        <service id="0x000e" sid="14" name="Arise News" type="1" provider="RR Media" onid="1388" tsid="1388" namespace="0x0ce40000" />
        <service id="0x0029" sid="41" name="Feed" type="1" provider="RR Media" onid="1388" tsid="1388" namespace="0x0ce40000" />
        <service id="0x0003" sid="3" name="RTP 3" type="1" provider="" onid="1388" tsid="1388" namespace="0x0ce40000" />
      </transponder>
    </satellite>
    <satellite key="0ce42ab2:000d:ff00" name="Sat-30W" namespace="0x0ce42ab2" position="-30">
      <transponder key="0ce42ab2:000d:ff00" frequency="10930000" symbol_rate="30000000" polarization="H" fec="3" system="0" modulation="0">
        <service id="0x051e" sid="1310" name="Funbox UHD" type="1" provider="MB Satellite" onid="65280" tsid="13" namespace="0x0ce42ab2" />
      </transponder>
    </satellite>
    <satellite key="0ce42c26:ea76:0001" name="Sat-30W" namespace="0x0ce42c26" position="-30">
      <transponder key="0ce42c26:ea76:0001" frequency="11302000" symbol_rate="30000000" polarization="H" fec="3" system="0" modulation="0">
        <service id="0x01fe" sid="510" name="R1_ARAGON_TORRE" type="2" provider="RNE" onid="1" tsid="60022" namespace="0x0ce42c26" radio="1" />
        <service id="0x019a" sid="410" name="R1_ASTURI_PRADO" type="2" provider="RNE" onid="1" tsid="60022" namespace="0x0ce42c26" radio="1" />
        <service id="0x00e6" sid="230" name="R1_BALEAR_PRADO" type="2" provider="RNE" onid="1" tsid="60022" namespace="0x0ce42c26" radio="1" />
        <service id="0x014a" sid="330" name="R1_CANTAB_PRADO" type="2" provider="RNE" onid="1" tsid="60022" namespace="0x0ce42c26" radio="1" />
        <service id="0x01ae" sid="430" name="R1_CATALU_PRADO" type="2" provider="RNE" onid="1" tsid="60022" namespace="0x0ce42c26" radio="1" />
        <service id="0x0034" sid="52" name="R1_CLMANC_PRADO" type="2" provider="RNE" onid="1" tsid="60022" namespace="0x0ce42c26" radio="1" />
        <service id="0x00fa" sid="250" name="R1_CYLEON_PRADO" type="2" provider="RNE" onid="1" tsid="60022" namespace="0x0ce42c26" radio="1" />
        <service id="0x009a" sid="154" name="R1_EXTREM_PRADO" type="2" provider="RNE" onid="1" tsid="60022" namespace="0x0ce42c26" radio="1" />
        <service id="0x0044" sid="68" name="R1_GALICI_PRADO" type="2" provider="RNE" onid="1" tsid="60022" namespace="0x0ce42c26" radio="1" />
        <service id="0x021c" sid="540" name="R1_LARIOJ_PRADO" type="2" provider="RNE" onid="1" tsid="60022" namespace="0x0ce42c26" radio="1" />
        <service id="0x00d2" sid="210" name="R1_MADRID_PRADO" type="2" provider="RNE" onid="1" tsid="60022" namespace="0x0ce42c26" radio="1" />
        <service id="0x01c2" sid="450" name="R1_MURCIA_TORRE" type="2" provider="RNE" onid="1" tsid="60022" namespace="0x0ce42c26" radio="1" />
        <service id="0x0028" sid="40" name="R1_NACION_PRADO" type="2" provider="RNE" onid="1" tsid="60022" namespace="0x0ce42c26" radio="1" />
        <service id="0x015e" sid="350" name="R1_NAVARR_PRADO" type="2" provider="RNE" onid="1" tsid="60022" namespace="0x0ce42c26" radio="1" />
        <service id="0x00a8" sid="168" name="R1_PVASCO_PRADO" type="2" provider="RNE" onid="1" tsid="60022" namespace="0x0ce42c26" radio="1" />
        <service id="0x010e" sid="270" name="R1_TENEFE_PRADO" type="2" provider="RNE" onid="1" tsid="60022" namespace="0x0ce42c26" radio="1" />
        <service id="0x023a" sid="570" name="R1_VALENC_PRADO" type="2" provider="RNE" onid="1" tsid="60022" namespace="0x0ce42c26" radio="1" />
        <service id="0x00c8" sid="200" name="R2_NACION_PRADO" type="2" provider="RNE" onid="1" tsid="60022" namespace="0x0ce42c26" radio="1" />
        <service id="0x012c" sid="300" name="R3_NACION_PRADO" type="2" provider="RNE" onid="1" tsid="60022" namespace="0x0ce42c26" radio="1" />
        <service id="0x00be" sid="190" name="R4_CATALU_PRADO" type="2" provider="RNE" onid="1" tsid="60022" namespace="0x0ce42c26" radio="1" />
        <service id="0x006e" sid="110" name="R5_ANDALU_PRADO" type="2" provider="RNE" onid="1" tsid="60022" namespace="0x0ce42c26" radio="1" />
        <service id="0x01a4" sid="420" name="R5_ARAGON_TORRE" type="2" provider="RNE" onid="1" tsid="60022" namespace="0x0ce42c26" radio="1" />
        <service id="0x00dc" sid="220" name="R5_ASTURI_PRADO" type="2" provider="RNE" onid="1" tsid="60022" namespace="0x0ce42c26" radio="1" />
        <service id="0x004e" sid="78" name="R5_BALEAR_PRADO" type="2" provider="RNE" onid="1" tsid="60022" namespace="0x0ce42c26" radio="1" />
        <service id="0x00d0" sid="208" name="R5_CANTAB_PRADO" type="2" provider="RNE" onid="1" tsid="60022" namespace="0x0ce42c26" radio="1" />
        <service id="0x00d4" sid="212" name="R5_CATALU_PRADO" type="2" provider="RNE" onid="1" tsid="60022" namespace="0x0ce42c26" radio="1" />
        <service id="0x00f0" sid="240" name="R5_CLMANC_PRADO" type="2" provider="RNE" onid="1" tsid="60022" namespace="0x0ce42c26" radio="1" />
        <service id="0x008c" sid="140" name="R5_CYLEON_PRADO" type="2" provider="RNE" onid="1" tsid="60022" namespace="0x0ce42c26" radio="1" />
        <service id="0x003c" sid="60" name="R5_EXTREM_PRADO" type="2" provider="RNE" onid="1" tsid="60022" namespace="0x0ce42c26" radio="1" />
        <service id="0x00a0" sid="160" name="R5_GALICI_PRADO" type="2" provider="RNE" onid="1" tsid="60022" namespace="0x0ce42c26" radio="1" />
        <service id="0x01b8" sid="440" name="R5_LARIOJ_PRADO" type="2" provider="RNE" onid="1" tsid="60022" namespace="0x0ce42c26" radio="1" />
        <service id="0x00ac" sid="172" name="R5_LASPAS_PRADO" type="2" provider="RNE" onid="1" tsid="60022" namespace="0x0ce42c26" radio="1" />
        <service id="0x0058" sid="88" name="R5_MADRID_PRADO" type="2" provider="RNE" onid="1" tsid="60022" namespace="0x0ce42c26" radio="1" />
        <service id="0x00e2" sid="226" name="R5_MURCIA_TORRE" type="2" provider="RNE" onid="1" tsid="60022" namespace="0x0ce42c26" radio="1" />
        <service id="0x01f4" sid="500" name="R5_NACION_PRADO" type="2" provider="RNE" onid="1" tsid="60022" namespace="0x0ce42c26" radio="1" />
        <service id="0x01cc" sid="460" name="R5_PVASCO_PRADO" type="2" provider="RNE" onid="1" tsid="60022" namespace="0x0ce42c26" radio="1" />
        <service id="0x00aa" sid="170" name="R5_TENEFE_PRADO" type="2" provider="RNE" onid="1" tsid="60022" namespace="0x0ce42c26" radio="1" />
        <service id="0x01d6" sid="470" name="R5_VALENC_PRADO" type="2" provider="RNE" onid="1" tsid="60022" namespace="0x0ce42c26" radio="1" />
      </transponder>
    </satellite>
    <satellite key="0ce42c76:ea79:0001" name="Sat-30W" namespace="0x0ce42c76" position="-30">
      <transponder key="0ce42c76:ea79:0001" frequency="11382000" symbol_rate="30000000" polarization="H" fec="3" system="0" modulation="0">
        <service id="0x01fe" sid="510" name="R1_ARAGON_TORRE" type="2" provider="RNE" onid="1" tsid="60025" namespace="0x0ce42c76" radio="1" />
        <service id="0x019a" sid="410" name="R1_ASTURI_PRADO" type="2" provider="RNE" onid="1" tsid="60025" namespace="0x0ce42c76" radio="1" />
        <service id="0x00e6" sid="230" name="R1_BALEAR_PRADO" type="2" provider="RNE" onid="1" tsid="60025" namespace="0x0ce42c76" radio="1" />
        <service id="0x014a" sid="330" name="R1_CANTAB_PRADO" type="2" provider="RNE" onid="1" tsid="60025" namespace="0x0ce42c76" radio="1" />
        <service id="0x01ae" sid="430" name="R1_CATALU_PRADO" type="2" provider="RNE" onid="1" tsid="60025" namespace="0x0ce42c76" radio="1" />
        <service id="0x0034" sid="52" name="R1_CLMANC_PRADO" type="2" provider="RNE" onid="1" tsid="60025" namespace="0x0ce42c76" radio="1" />
        <service id="0x00fa" sid="250" name="R1_CYLEON_PRADO" type="2" provider="RNE" onid="1" tsid="60025" namespace="0x0ce42c76" radio="1" />
        <service id="0x009a" sid="154" name="R1_EXTREM_PRADO" type="2" provider="RNE" onid="1" tsid="60025" namespace="0x0ce42c76" radio="1" />
        <service id="0x0044" sid="68" name="R1_GALICI_PRADO" type="2" provider="RNE" onid="1" tsid="60025" namespace="0x0ce42c76" radio="1" />
        <service id="0x021c" sid="540" name="R1_LARIOJ_PRADO" type="2" provider="RNE" onid="1" tsid="60025" namespace="0x0ce42c76" radio="1" />
        <service id="0x00d2" sid="210" name="R1_MADRID_PRADO" type="2" provider="RNE" onid="1" tsid="60025" namespace="0x0ce42c76" radio="1" />
        <service id="0x01c2" sid="450" name="R1_MURCIA_TORRE" type="2" provider="RNE" onid="1" tsid="60025" namespace="0x0ce42c76" radio="1" />
        <service id="0x0028" sid="40" name="R1_NACION_PRADO" type="2" provider="RNE" onid="1" tsid="60025" namespace="0x0ce42c76" radio="1" />
        <service id="0x015e" sid="350" name="R1_NAVARR_PRADO" type="2" provider="RNE" onid="1" tsid="60025" namespace="0x0ce42c76" radio="1" />
        <service id="0x00a8" sid="168" name="R1_PVASCO_PRADO" type="2" provider="RNE" onid="1" tsid="60025" namespace="0x0ce42c76" radio="1" />
        <service id="0x010e" sid="270" name="R1_TENEFE_PRADO" type="2" provider="RNE" onid="1" tsid="60025" namespace="0x0ce42c76" radio="1" />
        <service id="0x023a" sid="570" name="R1_VALENC_PRADO" type="2" provider="RNE" onid="1" tsid="60025" namespace="0x0ce42c76" radio="1" />
        <service id="0x00c8" sid="200" name="R2_NACION_PRADO" type="2" provider="RNE" onid="1" tsid="60025" namespace="0x0ce42c76" radio="1" />
        <service id="0x012c" sid="300" name="R3_NACION_PRADO" type="2" provider="RNE" onid="1" tsid="60025" namespace="0x0ce42c76" radio="1" />
        <service id="0x00be" sid="190" name="R4_CATALU_PRADO" type="2" provider="RNE" onid="1" tsid="60025" namespace="0x0ce42c76" radio="1" />
        <service id="0x006e" sid="110" name="R5_ANDALU_PRADO" type="2" provider="RNE" onid="1" tsid="60025" namespace="0x0ce42c76" radio="1" />
        <service id="0x01a4" sid="420" name="R5_ARAGON_TORRE" type="2" provider="RNE" onid="1" tsid="60025" namespace="0x0ce42c76" radio="1" />
        <service id="0x00dc" sid="220" name="R5_ASTURI_PRADO" type="2" provider="RNE" onid="1" tsid="60025" namespace="0x0ce42c76" radio="1" />
        <service id="0x004e" sid="78" name="R5_BALEAR_PRADO" type="2" provider="RNE" onid="1" tsid="60025" namespace="0x0ce42c76" radio="1" />
        <service id="0x00d0" sid="208" name="R5_CANTAB_PRADO" type="2" provider="RNE" onid="1" tsid="60025" namespace="0x0ce42c76" radio="1" />
        <service id="0x00d4" sid="212" name="R5_CATALU_PRADO" type="2" provider="RNE" onid="1" tsid="60025" namespace="0x0ce42c76" radio="1" />
        <service id="0x00f0" sid="240" name="R5_CLMANC_PRADO" type="2" provider="RNE" onid="1" tsid="60025" namespace="0x0ce42c76" radio="1" />
        <service id="0x008c" sid="140" name="R5_CYLEON_PRADO" type="2" provider="RNE" onid="1" tsid="60025" namespace="0x0ce42c76" radio="1" />
        <service id="0x003c" sid="60" name="R5_EXTREM_PRADO" type="2" provider="RNE" onid="1" tsid="60025" namespace="0x0ce42c76" radio="1" />
        <service id="0x00a0" sid="160" name="R5_GALICI_PRADO" type="2" provider="RNE" onid="1" tsid="60025" namespace="0x0ce42c76" radio="1" />
        <service id="0x01b8" sid="440" name="R5_LARIOJ_PRADO" type="2" provider="RNE" onid="1" tsid="60025" namespace="0x0ce42c76" radio="1" />
        <service id="0x00ac" sid="172" name="R5_LASPAS_PRADO" type="2" provider="RNE" onid="1" tsid="60025" namespace="0x0ce42c76" radio="1" />
        <service id="0x0058" sid="88" name="R5_MADRID_PRADO" type="2" provider="RNE" onid="1" tsid="60025" namespace="0x0ce42c76" radio="1" />
        <service id="0x00e2" sid="226" name="R5_MURCIA_TORRE" type="2" provider="RNE" onid="1" tsid="60025" namespace="0x0ce42c76" radio="1" />
        <service id="0x01f4" sid="500" name="R5_NACION_PRADO" type="2" provider="RNE" onid="1" tsid="60025" namespace="0x0ce42c76" radio="1" />
        <service id="0x01cc" sid="460" name="R5_PVASCO_PRADO" type="2" provider="RNE" onid="1" tsid="60025" namespace="0x0ce42c76" radio="1" />
        <service id="0x00aa" sid="170" name="R5_TENEFE_PRADO" type="2" provider="RNE" onid="1" tsid="60025" namespace="0x0ce42c76" radio="1" />
        <service id="0x01d6" sid="470" name="R5_VALENC_PRADO" type="2" provider="RNE" onid="1" tsid="60025" namespace="0x0ce42c76" radio="1" />
      </transponder>
    </satellite>
    <satellite key="0ce4aa8a:000f:0002" name="Sat-30W" namespace="0x0ce4aa8a" position="-30">
      <transponder key="0ce4aa8a:000f:0002" frequency="10890000" symbol_rate="27500000" polarization="V" fec="3" system="0" modulation="0">
        <service id="0x1c89" sid="7305" name="AJE" type="1" provider="TSA" onid="2" tsid="15" namespace="0x0ce4aa8a" />
        <service id="0x0005" sid="5" name="Feeds 2 TSA" type="1" provider="TSA" onid="2" tsid="15" namespace="0x0ce4aa8a" />
        <service id="0x0006" sid="6" name="Feeds 3 TSA" type="1" provider="TSA" onid="2" tsid="15" namespace="0x0ce4aa8a" />
        <service id="0x0002" sid="2" name="Parlamento" type="1" provider="TSA" onid="2" tsid="15" namespace="0x0ce4aa8a" />
        <service id="0x0003" sid="3" name="Telesur" type="1" provider="TSA" onid="2" tsid="15" namespace="0x0ce4aa8a" />
        <service id="0x0007" sid="7" name="Radio Solidaria" type="2" provider="TSA" onid="2" tsid="15" namespace="0x0ce4aa8a" radio="1" />
      </transponder>
    </satellite>
    <satellite key="0ce4aaa5:3138:ff01" name="Sat-30W" namespace="0x0ce4aaa5" position="-30">
      <transponder key="0ce4aaa5:3138:ff01" frequency="10917000" symbol_rate="7500000" polarization="V" fec="4" system="0" modulation="0">
        <service id="0x0009" sid="9" name="RADIO TEST 1" type="2" provider="iNGEST TELECOM" onid="65281" tsid="12600" namespace="0x0ce4aaa5" radio="1" />
      </transponder>
    </satellite>
    <satellite key="0ce4aaaa:0001:0001" name="Sat-30W" namespace="0x0ce4aaaa" position="-30">
      <transponder key="0ce4aaaa:0001:0001" frequency="10922000" symbol_rate="1667000" polarization="V" fec="9" system="0" modulation="0">
        <service id="0x0001" sid="1" name="BOM" type="22" provider="BOM" onid="1" tsid="1" namespace="0x0ce4aaaa" />
      </transponder>
    </satellite>
    <satellite key="0ce4acf6:0065:0000" name="Sat-30W" namespace="0x0ce4acf6" position="-30">
      <transponder key="0ce4acf6:0065:0000" frequency="11510000" symbol_rate="10000000" polarization="V" fec="3" system="0" modulation="0">
        <service id="0x000a" sid="10" name="Cadena 100" type="2" provider="Cadena 100" onid="0" tsid="101" namespace="0x0ce4acf6" radio="1" />
        <service id="0x0013" sid="19" name="COPE" type="2" provider="COPE" onid="0" tsid="101" namespace="0x0ce4acf6" radio="1" />
        <service id="0x001e" sid="30" name="COPE SAT 2" type="2" provider="COPE SAT 2" onid="0" tsid="101" namespace="0x0ce4acf6" radio="1" />
        <service id="0x0016" sid="22" name="esRadio" type="2" provider="esRadio" onid="0" tsid="101" namespace="0x0ce4acf6" radio="1" />
        <service id="0x0004" sid="4" name="esRadio Nuevo" type="2" provider="esRadio" onid="0" tsid="101" namespace="0x0ce4acf6" radio="1" />
        <service id="0x0002" sid="2" name="Europa FM" type="2" provider="Europa FM" onid="0" tsid="101" namespace="0x0ce4acf6" radio="1" />
        <service id="0x004a" sid="74" name="EXTREMADURA FM" type="2" provider="EXTREMADURA FM" onid="0" tsid="101" namespace="0x0ce4acf6" radio="1" />
        <service id="0x003b" sid="59" name="FM HUESCA" type="2" provider="FM HUESCA" onid="0" tsid="101" namespace="0x0ce4acf6" radio="1" />
        <service id="0x003c" sid="60" name="FM TERUEL" type="2" provider="FM TERUEL" onid="0" tsid="101" namespace="0x0ce4acf6" radio="1" />
        <service id="0x003a" sid="58" name="FM ZARAGOZA" type="2" provider="FM ZARAGOZA" onid="0" tsid="101" namespace="0x0ce4acf6" radio="1" />
        <service id="0x001a" sid="26" name="INTERECONOMIA" type="2" provider="INTERECONOMIA" onid="0" tsid="101" namespace="0x0ce4acf6" radio="1" />
        <service id="0x000d" sid="13" name="Kiss FM" type="2" provider="Kiss FM" onid="0" tsid="101" namespace="0x0ce4acf6" radio="1" />
        <service id="0x001b" sid="27" name="MegaStar" type="2" provider="MegaStar" onid="0" tsid="101" namespace="0x0ce4acf6" radio="1" />
        <service id="0x0001" sid="1" name="Onda Cero" type="2" provider="Onda Cero" onid="0" tsid="101" namespace="0x0ce4acf6" radio="1" />
        <service id="0x0003" sid="3" name="Onda Melodia" type="2" provider="Onda Melodia" onid="0" tsid="101" namespace="0x0ce4acf6" radio="1" />
        <service id="0x000c" sid="12" name="RADIO HIT" type="2" provider="hit" onid="0" tsid="101" namespace="0x0ce4acf6" radio="1" />
        <service id="0x0008" sid="8" name="RADIO MARIA" type="2" provider="RADIO MARIA" onid="0" tsid="101" namespace="0x0ce4acf6" radio="1" />
        <service id="0x000b" sid="11" name="ROCK FM" type="2" provider="ROCK FM" onid="0" tsid="101" namespace="0x0ce4acf6" radio="1" />
      </transponder>
    </satellite>
    <satellite key="0ce4b0e7:0001:0001" name="Sat-30W" namespace="0x0ce4b0e7" position="-30">
      <transponder key="0ce4b0e7:0001:0001" frequency="12519000" symbol_rate="1481000" polarization="V" fec="3" system="0" modulation="0">
        <service id="0x0006" sid="6" name="ACORES" type="2" provider="RTP" onid="1" tsid="1" namespace="0x0ce4b0e7" radio="1" />
        <service id="0x0009" sid="9" name="ANT1 MADEIRA" type="2" provider="RTP" onid="1" tsid="1" namespace="0x0ce4b0e7" radio="1" />
        <service id="0x000a" sid="10" name="ANT3 MADEIRA" type="2" provider="RTP" onid="1" tsid="1" namespace="0x0ce4b0e7" radio="1" />
        <service id="0x0001" sid="1" name="ANTENA 1" type="2" provider="RTP" onid="1" tsid="1" namespace="0x0ce4b0e7" radio="1" />
        <service id="0x0002" sid="2" name="ANTENA 2" type="2" provider="RTP" onid="1" tsid="1" namespace="0x0ce4b0e7" radio="1" />
        <service id="0x0003" sid="3" name="ANTENA 3" type="2" provider="RTP" onid="1" tsid="1" namespace="0x0ce4b0e7" radio="1" />
        <service id="0x0005" sid="5" name="OCASIONAIS" type="2" provider="RTP" onid="1" tsid="1" namespace="0x0ce4b0e7" radio="1" />
        <service id="0x0008" sid="8" name="ONDA MEDIA" type="2" provider="RTP" onid="1" tsid="1" namespace="0x0ce4b0e7" radio="1" />
        <service id="0x0004" sid="4" name="RDP AFRICA" type="2" provider="RTP" onid="1" tsid="1" namespace="0x0ce4b0e7" radio="1" />
      </transponder>
    </satellite>
  </satellites>
</zapit>
