<?xml version='1.0' encoding='utf-8'?>
<zapit>
  <bouquet name="General" category="tv">
    <channel service_ref="1:0:1:02a6:001d:07b7:eeee0000:0:0:0:" name="CAMPANIA FELIX" service_name="CAMPANIA FELIX" provider="TV CAPITAL" sid="678" onid="1975" tsid="29" />
    <channel service_ref="1:0:1:064d:001d:07b7:eeee0000:0:0:0:" name="CAMPANIA FELIX -" service_name="CAMPANIA FELIX -" provider="TV CAPITAL" sid="1613" onid="1975" tsid="29" />
    <channel service_ref="1:0:1:00a0:001d:07b7:eeee0000:0:0:0:" name="CAMPANIA FELIX TV" service_name="CAMPANIA FELIX TV" provider="CAMPANIA FELIX TV" sid="160" onid="1975" tsid="29" />
    <channel service_ref="1:0:1:00c1:001d:07b7:eeee0000:0:0:0:" name="CAMPI FLEGREI" service_name="CAMPI FLEGREI" provider="VIDEO UP3 SRLS" sid="193" onid="1975" tsid="29" />
    <channel service_ref="1:0:1:00c2:001d:07b7:eeee0000:0:0:0:" name="Campi Flegrei" service_name="Campi Flegrei" provider="Video Up3 srls" sid="194" onid="1975" tsid="29" />
    <channel service_ref="1:0:1:03f5:001d:07b7:eeee0000:0:0:0:" name="CAMPI FLEGREI PIU" service_name="CAMPI FLEGREI PIU" provider="CAMPI FLEGREI PIU" sid="1013" onid="1975" tsid="29" />
    <channel service_ref="1:0:1:00a1:001d:07b7:eeee0000:0:0:0:" name="Enti e Istituzioni" service_name="Enti e Istituzioni" provider="Teleistituzioni srl" sid="161" onid="1975" tsid="29" />
    <channel service_ref="1:0:1:02a2:001d:07b7:eeee0000:0:0:0:" name="LIRATV" service_name="LIRATV" provider="TV CAPITAL" sid="674" onid="1975" tsid="29" />
    <channel service_ref="1:0:1:03f7:001d:07b7:eeee0000:0:0:0:" name="LUNA 2" service_name="LUNA 2" provider="TELELUNA SRL" sid="1015" onid="1975" tsid="29" />
    <channel service_ref="1:0:1:03f6:001d:07b7:eeee0000:0:0:0:" name="LUNA SPORT" service_name="LUNA SPORT" provider="ASSOCIAZIONE TELERADIOMATESE" sid="1014" onid="1975" tsid="29" />
    <channel service_ref="1:0:1:00c4:001d:07b7:eeee0000:0:0:0:" name="NUVOLA TV" service_name="NUVOLA TV" provider="NUVOLA TV" sid="196" onid="1975" tsid="29" />
    <channel service_ref="1:0:1:029e:001d:07b7:eeee0000:0:0:0:" name="Tele A" service_name="Tele A" provider="TV Capital" sid="670" onid="1975" tsid="29" />
    <channel service_ref="1:0:1:03f4:001d:07b7:eeee0000:0:0:0:" name="TELE A HD" service_name="TELE A HD" provider="TELE A HD" sid="1012" onid="1975" tsid="29" />
    <channel service_ref="1:0:1:029f:001d:07b7:eeee0000:0:0:0:" name="Tele A+" service_name="Tele A+" provider="TV Capital" sid="671" onid="1975" tsid="29" />
    <channel service_ref="1:0:1:02a3:001d:07b7:eeee0000:0:0:0:" name="TELEREPORTER NEWS" service_name="TELEREPORTER NEWS" provider="TV CAPITAL" sid="675" onid="1975" tsid="29" />
    <channel service_ref="1:0:1:015d:001d:07b7:eeee0000:0:0:0:" name="TV CAPITAL" service_name="TV CAPITAL" provider="Diem Technologies" sid="349" onid="1975" tsid="29" />
  </bouquet>
  <bouquet name="News" category="tv">
    <channel service_ref="1:0:1:02a3:001d:07b7:eeee0000:0:0:0:" name="TELEREPORTER NEWS" service_name="TELEREPORTER NEWS" provider="TV CAPITAL" sid="675" onid="1975" tsid="29" />
  </bouquet>
  <bouquet name="Sports" category="tv">
    <channel service_ref="1:0:1:03f6:001d:07b7:eeee0000:0:0:0:" name="LUNA SPORT" service_name="LUNA SPORT" provider="ASSOCIAZIONE TELERADIOMATESE" sid="1014" onid="1975" tsid="29" />
  </bouquet>
  <bouquet name="Austria" category="tv">
    <channel service_ref="1:0:1:02a2:001d:07b7:eeee0000:0:0:0:" name="LIRATV" service_name="LIRATV" provider="TV CAPITAL" sid="674" onid="1975" tsid="29" />
  </bouquet>
  <bouquet name="Switzerland" category="tv">
    <channel service_ref="1:0:1:00c1:001d:07b7:eeee0000:0:0:0:" name="CAMPI FLEGREI" service_name="CAMPI FLEGREI" provider="VIDEO UP3 SRLS" sid="193" onid="1975" tsid="29" />
    <channel service_ref="1:0:1:00c2:001d:07b7:eeee0000:0:0:0:" name="Campi Flegrei" service_name="Campi Flegrei" provider="Video Up3 srls" sid="194" onid="1975" tsid="29" />
    <channel service_ref="1:0:1:00a1:001d:07b7:eeee0000:0:0:0:" name="Enti e Istituzioni" service_name="Enti e Istituzioni" provider="Teleistituzioni srl" sid="161" onid="1975" tsid="29" />
    <channel service_ref="1:0:1:03f7:001d:07b7:eeee0000:0:0:0:" name="LUNA 2" service_name="LUNA 2" provider="TELELUNA SRL" sid="1015" onid="1975" tsid="29" />
    <channel service_ref="1:0:1:029e:001d:07b7:eeee0000:0:0:0:" name="Tele A" service_name="Tele A" provider="TV Capital" sid="670" onid="1975" tsid="29" />
    <channel service_ref="1:0:1:03f4:001d:07b7:eeee0000:0:0:0:" name="TELE A HD" service_name="TELE A HD" provider="TELE A HD" sid="1012" onid="1975" tsid="29" />
    <channel service_ref="1:0:1:029f:001d:07b7:eeee0000:0:0:0:" name="Tele A+" service_name="Tele A+" provider="TV Capital" sid="671" onid="1975" tsid="29" />
  </bouquet>
  <bouquet name="Resolution - HD" category="tv">
    <channel service_ref="1:0:1:03f4:001d:07b7:eeee0000:0:0:0:" name="TELE A HD" service_name="TELE A HD" provider="TELE A HD" sid="1012" onid="1975" tsid="29" />
  </bouquet>
  <bouquet name="International" category="tv">
    <channel service_ref="1:0:1:02a6:001d:07b7:eeee0000:0:0:0:" name="CAMPANIA FELIX" service_name="CAMPANIA FELIX" provider="TV CAPITAL" sid="678" onid="1975" tsid="29" />
    <channel service_ref="1:0:1:064d:001d:07b7:eeee0000:0:0:0:" name="CAMPANIA FELIX -" service_name="CAMPANIA FELIX -" provider="TV CAPITAL" sid="1613" onid="1975" tsid="29" />
    <channel service_ref="1:0:1:015d:001d:07b7:eeee0000:0:0:0:" name="TV CAPITAL" service_name="TV CAPITAL" provider="Diem Technologies" sid="349" onid="1975" tsid="29" />
  </bouquet>
  <bouquet name="Others" category="tv">
    <channel service_ref="1:0:1:00a0:001d:07b7:eeee0000:0:0:0:" name="CAMPANIA FELIX TV" service_name="CAMPANIA FELIX TV" provider="CAMPANIA FELIX TV" sid="160" onid="1975" tsid="29" />
    <channel service_ref="1:0:1:03f5:001d:07b7:eeee0000:0:0:0:" name="CAMPI FLEGREI PIU" service_name="CAMPI FLEGREI PIU" provider="CAMPI FLEGREI PIU" sid="1013" onid="1975" tsid="29" />
    <channel service_ref="1:0:1:00c4:001d:07b7:eeee0000:0:0:0:" name="NUVOLA TV" service_name="NUVOLA TV" provider="NUVOLA TV" sid="196" onid="1975" tsid="29" />
  </bouquet>
</zapit>
