<?xml version='1.0' encoding='utf-8'?>
<zapit>
  <bouquet name="General" category="tv">
    <channel service_ref="1:0:1:001c:001f:006e:0dc00000:0:0:0:" name="22 TV" service_name="22 TV" provider="OSAT" sid="28" onid="110" tsid="31" />
    <channel service_ref="1:0:1:000a:0002:ffff:0dc02b58:0:0:0:" name="7Alawet Ro7" service_name="7Alawet Ro7" provider="Harmonic" sid="10" onid="65535" tsid="2" />
    <channel service_ref="1:0:1:006f:0c28:006e:0dc00000:0:0:0:" name="7Star Belgium" service_name="7Star Belgium" provider="MENA MEDIA" sid="111" onid="110" tsid="3112" />
    <channel service_ref="1:0:1:006e:0c28:006e:0dc00000:0:0:0:" name="7Star Greece" service_name="7Star Greece" provider="DARSAT" sid="110" onid="110" tsid="3112" />
    <channel service_ref="1:0:1:006d:0c28:006e:0dc00000:0:0:0:" name="7Star Sweden" service_name="7Star Sweden" provider="DARSAT" sid="109" onid="110" tsid="3112" />
    <channel service_ref="1:0:1:0073:0c28:006e:0dc00000:0:0:0:" name="7Stars Austria" service_name="7Stars Austria" provider="DARSAT" sid="115" onid="110" tsid="3112" />
    <channel service_ref="1:0:1:010a:0c28:006e:0dc00000:0:0:0:" name="7Stars Denmark" service_name="7Stars Denmark" provider="DARSAT" sid="266" onid="110" tsid="3112" />
    <channel service_ref="1:0:1:006b:0c28:006e:0dc00000:0:0:0:" name="7Stars France" service_name="7Stars France" provider="DARSAT" sid="107" onid="110" tsid="3112" />
    <channel service_ref="1:0:1:006a:0c28:006e:0dc00000:0:0:0:" name="7Stars Holland" service_name="7Stars Holland" provider="DARSAT" sid="106" onid="110" tsid="3112" />
    <channel service_ref="1:0:1:0068:0c28:006e:0dc00000:0:0:0:" name="7Stars Norway" service_name="7Stars Norway" provider="DARSAT" sid="104" onid="110" tsid="3112" />
    <channel service_ref="1:0:1:026e:0c28:006e:0dc00000:0:0:0:" name="7Stars Portugal" service_name="7Stars Portugal" provider="DARSAT" sid="622" onid="110" tsid="3112" />
    <channel service_ref="1:0:1:0074:0c28:006e:0dc00000:0:0:0:" name="7Stars Romania" service_name="7Stars Romania" provider="DARSAT" sid="116" onid="110" tsid="3112" />
    <channel service_ref="1:0:1:026c:0c28:006e:0dc00000:0:0:0:" name="7Stars Spain" service_name="7Stars Spain" provider="DarSat" sid="620" onid="110" tsid="3112" />
    <channel service_ref="1:0:1:05f0:ffdc:077e:ffb0318d:0:0:0:" name="Aden" service_name="Aden" provider="" sid="1520" onid="1918" tsid="65500" />
    <channel service_ref="1:0:1:002f:001f:006e:0dc00000:0:0:0:" name="Aflam Tube" service_name="Aflam Tube" provider="OSAT" sid="47" onid="110" tsid="31" />
    <channel service_ref="1:0:1:05c8:ffdc:077e:ffb0318d:0:0:0:" name="Ahl-E-Bait TV Arabic" service_name="Ahl-E-Bait TV Arabic" provider="" sid="1480" onid="1918" tsid="65500" />
    <channel service_ref="1:0:1:1f44:0c26:006e:0dc00000:0:0:0:" name="Al Ahvaz TV" service_name="Al Ahvaz TV" provider="BHS Telecom" sid="8004" onid="110" tsid="3110" />
    <channel service_ref="1:0:1:1f49:0c26:006e:0dc00000:0:0:0:" name="Al Amir TV" service_name="Al Amir TV" provider="BHS Telecom" sid="8009" onid="110" tsid="3110" />
    <channel service_ref="1:0:1:154a:0320:5000:0dc00000:0:0:0:" name="Al Aqila TV" service_name="Al Aqila TV" provider="GULFSAT" sid="5450" onid="20480" tsid="800" />
    <channel service_ref="1:0:1:0001:c3b4:077e:0dc00000:0:0:0:" name="Al Araby TV" service_name="Al Araby TV" provider="" sid="1" onid="1918" tsid="50100" />
    <channel service_ref="1:0:1:0002:c3b4:077e:0dc00000:0:0:0:" name="Al Araby TV" service_name="Al Araby TV" provider="" sid="2" onid="1918" tsid="50100" />
    <channel service_ref="1:0:1:05a6:0320:5000:0dc00000:0:0:0:" name="Al Araby TV" service_name="Al Araby TV" provider="GULFSAT" sid="1446" onid="20480" tsid="800" />
    <channel service_ref="1:0:1:0009:0002:ffff:0dc02b58:0:0:0:" name="Al Falak" service_name="Al Falak" provider="ViewSat" sid="9" onid="65535" tsid="2" />
    <channel service_ref="1:0:1:0d20:0384:5000:0dc00000:0:0:0:" name="Al Falestinyah" service_name="Al Falestinyah" provider="Palsat" sid="3360" onid="20480" tsid="900" />
    <channel service_ref="1:0:1:010c:0c28:006e:0dc00000:0:0:0:" name="Al Falooja TV" service_name="Al Falooja TV" provider="DARSAT" sid="268" onid="110" tsid="3112" />
    <channel service_ref="1:0:1:052e:ffdc:077e:0dc00000:0:0:0:" name="Al Hiwar TV" service_name="Al Hiwar TV" provider="Mena Media" sid="1326" onid="1918" tsid="65500" />
    <channel service_ref="1:0:1:1f43:0c26:006e:0dc00000:0:0:0:" name="Al Huja TV" service_name="Al Huja TV" provider="BHS Telecom" sid="8003" onid="110" tsid="3110" />
    <channel service_ref="1:0:1:00c2:4ee8:077e:0dc00000:0:0:0:" name="Al Jazeera Documentary" service_name="Al Jazeera Documentary" provider="Al Jazeera" sid="194" onid="1918" tsid="20200" />
    <channel service_ref="1:0:25:01f8:eac4:077e:0dc00000:0:0:0:" name="Al Jazeera Documentary HD" service_name="Al Jazeera Documentary HD" provider="Al Jazeera" sid="504" onid="1918" tsid="60100" />
    <channel service_ref="1:0:1:00c1:4ee8:077e:0dc00000:0:0:0:" name="Al Jazeera English" service_name="Al Jazeera English" provider="Al Jazeera" sid="193" onid="1918" tsid="20200" />
    <channel service_ref="1:0:25:01f7:eac4:077e:0dc00000:0:0:0:" name="Al Jazeera English HD" service_name="Al Jazeera English HD" provider="Al Jazeera" sid="503" onid="1918" tsid="60100" />
    <channel service_ref="1:0:25:01f5:eac4:077e:0dc00000:0:0:0:" name="Al Jazeera HD" service_name="Al Jazeera HD" provider="Al Jazeera" sid="501" onid="1918" tsid="60100" />
    <channel service_ref="1:0:1:00c0:4ee8:077e:0dc00000:0:0:0:" name="Al Jazeera Mubasher" service_name="Al Jazeera Mubasher" provider="Al Jazeera" sid="192" onid="1918" tsid="20200" />
    <channel service_ref="1:0:1:00c3:4ee8:077e:0dc00000:0:0:0:" name="Al Jazeera Mubasher" service_name="Al Jazeera Mubasher" provider="Al Jazeera" sid="195" onid="1918" tsid="20200" />
    <channel service_ref="1:0:1:00bf:4ee8:077e:0dc00000:0:0:0:" name="Al Jazeera Satellite Channel" service_name="Al Jazeera Satellite Channel" provider="Al Jazeera" sid="191" onid="1918" tsid="20200" />
    <channel service_ref="1:0:1:0001:0002:ffff:0dc02b58:0:0:0:" name="Al Karama" service_name="Al Karama" provider="ViewSat" sid="1" onid="65535" tsid="2" />
    <channel service_ref="1:0:1:0002:0002:ffff:0dc02b58:0:0:0:" name="Al Karma" service_name="Al Karma" provider="ViewSat" sid="2" onid="65535" tsid="2" />
    <channel service_ref="1:0:1:0005:c3b4:077e:0dc00000:0:0:0:" name="Al Karma" service_name="Al Karma" provider="" sid="5" onid="1918" tsid="50100" />
    <channel service_ref="1:0:25:01c5:7594:077e:0dc00000:0:0:0:" name="Al Majlis HD" service_name="Al Majlis HD" provider="MOI" sid="453" onid="1918" tsid="30100" />
    <channel service_ref="1:0:1:002f:0002:ffff:0dc02b58:0:0:0:" name="Al Malakoot" service_name="Al Malakoot" provider="ViewSat" sid="47" onid="65535" tsid="2" />
    <channel service_ref="1:0:1:1f41:0c26:006e:0dc00000:0:0:0:" name="Al Masirah TV" service_name="Al Masirah TV" provider="BHS Telecom" sid="8001" onid="110" tsid="3110" />
    <channel service_ref="1:0:1:000d:0002:ffff:0dc02b58:0:0:0:" name="Al Naba TV" service_name="Al Naba TV" provider="Viewsat" sid="13" onid="65535" tsid="2" />
    <channel service_ref="1:0:1:1f4f:0c26:006e:0dc00000:0:0:0:" name="Al Naba TV" service_name="Al Naba TV" provider="BHS Telecom" sid="8015" onid="110" tsid="3110" />
    <channel service_ref="1:0:25:0a8e:0001:0800:0dc00000:0:0:0:" name="Al Safwa" service_name="Al Safwa" provider="Orbit Showtime Network" sid="2702" onid="2048" tsid="1" />
    <channel service_ref="1:0:1:1f4e:0c26:006e:0dc00000:0:0:0:" name="Al Sahat" service_name="Al Sahat" provider="BHS Telecom" sid="8014" onid="110" tsid="3110" />
    <channel service_ref="1:0:1:0069:0c28:006e:0dc00000:0:0:0:" name="Al Salam" service_name="Al Salam" provider="DARSAT" sid="105" onid="110" tsid="3112" />
    <channel service_ref="1:0:1:025b:0c28:006e:0dc00000:0:0:0:" name="Al Tasweqiah" service_name="Al Tasweqiah" provider="DARSAT" sid="603" onid="110" tsid="3112" />
    <channel service_ref="1:0:1:0005:0208:02be:0dc00000:0:0:0:" name="Al Wousta from Al Dhaid HD" service_name="Al Wousta from Al Dhaid HD" provider="" sid="5" onid="702" tsid="520" />
    <channel service_ref="1:0:25:0a8d:0001:0800:0dc00000:0:0:0:" name="Al Yawm" service_name="Al Yawm" provider="Orbit Showtime Network" sid="2701" onid="2048" tsid="1" />
    <channel service_ref="1:0:1:14d2:0320:5000:0dc00000:0:0:0:" name="Al-Ebaa  TV" service_name="Al-Ebaa  TV" provider="gulfsat" sid="5330" onid="20480" tsid="800" />
    <channel service_ref="1:0:1:0024:001f:006e:0dc00000:0:0:0:" name="Albaghdadia Now" service_name="Albaghdadia Now" provider="NOORSAT" sid="36" onid="110" tsid="31" />
    <channel service_ref="1:0:1:001d:001e:006e:0dc00000:0:0:0:" name="Aldawaa Alshafy" service_name="Aldawaa Alshafy" provider="NOORSAT" sid="29" onid="110" tsid="30" />
    <channel service_ref="1:0:1:000c:c3b4:077e:0dc00000:0:0:0:" name="Alkadhmy" service_name="Alkadhmy" provider="" sid="12" onid="1918" tsid="50100" />
    <channel service_ref="1:0:1:000f:c3b4:077e:0dc00000:0:0:0:" name="Alkashash" service_name="Alkashash" provider="" sid="15" onid="1918" tsid="50100" />
    <channel service_ref="1:0:1:001c:c3b4:077e:0dc00000:0:0:0:" name="Almasalah" service_name="Almasalah" provider="" sid="28" onid="1918" tsid="50100" />
    <channel service_ref="1:0:1:000e:0002:ffff:0dc02b58:0:0:0:" name="Alons TV" service_name="Alons TV" provider="Harmonic" sid="14" onid="65535" tsid="2" />
    <channel service_ref="1:0:1:001f:c3b4:077e:0dc00000:0:0:0:" name="Alrai (radio)" service_name="Alrai (radio)" provider="" sid="31" onid="1918" tsid="50100" />
    <channel service_ref="1:0:1:000f:0002:ffff:0dc02b58:0:0:0:" name="Altarek - The Way TV" service_name="Altarek - The Way TV" provider="ViewSat" sid="15" onid="65535" tsid="2" />
    <channel service_ref="1:0:1:166c:0320:5000:0dc00000:0:0:0:" name="Alwalaa TV" service_name="Alwalaa TV" provider="GULFSAT" sid="5740" onid="20480" tsid="800" />
    <channel service_ref="1:0:1:0d52:0384:5000:0dc00000:0:0:0:" name="An-Najah NBC" service_name="An-Najah NBC" provider="Palsat" sid="3410" onid="20480" tsid="900" />
    <channel service_ref="1:0:1:14be:0320:5000:0dc00000:0:0:0:" name="Annahar Iraq" service_name="Annahar Iraq" provider="GULFSAT" sid="5310" onid="20480" tsid="800" />
    <channel service_ref="1:0:1:006c:0c28:006e:0dc00000:0:0:0:" name="Arabia Romouz" service_name="Arabia Romouz" provider="DarSat" sid="108" onid="110" tsid="3112" />
    <channel service_ref="1:0:25:0a91:0001:0800:0dc00000:0:0:0:" name="Arabic Series +2" service_name="Arabic Series +2" provider="Orbit Showtime Network" sid="2705" onid="2048" tsid="1" />
    <channel service_ref="1:0:25:0a92:0001:0800:0dc00000:0:0:0:" name="Arabic Series Channel" service_name="Arabic Series Channel" provider="Orbit Showtime Network" sid="2706" onid="2048" tsid="1" />
    <channel service_ref="1:0:1:0d2a:0384:5000:0dc00000:0:0:0:" name="Awdeh" service_name="Awdeh" provider="Palsat" sid="3370" onid="20480" tsid="900" />
    <channel service_ref="1:0:1:1f4c:0c26:006e:0dc00000:0:0:0:" name="Awlayah Hausu TV" service_name="Awlayah Hausu TV" provider="BHS Telecom" sid="8012" onid="110" tsid="3110" />
    <channel service_ref="1:0:1:026b:0c28:006e:0dc00000:0:0:0:" name="Benghazi 24 TV" service_name="Benghazi 24 TV" provider="DarSat" sid="619" onid="110" tsid="3112" />
    <channel service_ref="1:0:1:0278:0320:5000:0dc00000:0:0:0:" name="Benghazi TV" service_name="Benghazi TV" provider="gulfsat" sid="632" onid="20480" tsid="800" />
    <channel service_ref="1:0:1:0012:0002:ffff:0dc02b58:0:0:0:" name="BETV" service_name="BETV" provider="ViewSat" sid="18" onid="65535" tsid="2" />
    <channel service_ref="1:0:1:002b:0002:ffff:0dc02b58:0:0:0:" name="Cairo Cinema" service_name="Cairo Cinema" provider="Viewsat" sid="43" onid="65535" tsid="2" />
    <channel service_ref="1:0:1:0002:001e:006e:0dc00000:0:0:0:" name="Cairo One TV" service_name="Cairo One TV" provider="NOORSAT" sid="2" onid="110" tsid="30" />
    <channel service_ref="1:0:1:004c:001f:006e:0dc00000:0:0:0:" name="Cima Tube" service_name="Cima Tube" provider="OSAT" sid="76" onid="110" tsid="31" />
    <channel service_ref="1:0:1:000c:001e:006e:0dc00000:0:0:0:" name="Cinema 1" service_name="Cinema 1" provider="NOORSAT" sid="12" onid="110" tsid="30" />
    <channel service_ref="1:0:25:0a8f:0001:0800:0dc00000:0:0:0:" name="Cinema 1" service_name="Cinema 1" provider="Orbit Showtime Network" sid="2703" onid="2048" tsid="1" />
    <channel service_ref="1:0:1:000a:001e:006e:0dc00000:0:0:0:" name="Cinema 2" service_name="Cinema 2" provider="NOORSAT" sid="10" onid="110" tsid="30" />
    <channel service_ref="1:0:25:0a90:0001:0800:0dc00000:0:0:0:" name="Cinema 2" service_name="Cinema 2" provider="Orbit Showtime Network" sid="2704" onid="2048" tsid="1" />
    <channel service_ref="1:0:1:0014:001f:006e:0dc00000:0:0:0:" name="Cinema Tube" service_name="Cinema Tube" provider="OSAT" sid="20" onid="110" tsid="31" />
    <channel service_ref="1:0:25:162b:0237:0800:0dc00000:0:0:0:" name="Comedy Central HD MEA" service_name="Comedy Central HD MEA" provider="Orbit Showtime Network" sid="5675" onid="2048" tsid="567" />
    <channel service_ref="1:0:1:003f:001f:006e:0dc00000:0:0:0:" name="Correct October" service_name="Correct October" provider="NOORSAT" sid="63" onid="110" tsid="31" />
    <channel service_ref="1:0:1:066c:0320:5000:0dc00000:0:0:0:" name="Damaa TV" service_name="Damaa TV" provider="gulfsat" sid="1644" onid="20480" tsid="800" />
    <channel service_ref="1:0:1:000e:c3b4:077e:0dc00000:0:0:0:" name="Ditve Test 1" service_name="Ditve Test 1" provider="" sid="14" onid="1918" tsid="50100" />
    <channel service_ref="1:0:1:001c:0002:ffff:0dc02b58:0:0:0:" name="Dolly Cinema" service_name="Dolly Cinema" provider="Harmonic" sid="28" onid="65535" tsid="2" />
    <channel service_ref="1:0:1:00d3:ffdc:077e:0dc00000:0:0:0:" name="DTV Algérie" service_name="DTV Algérie" provider="Mena Media" sid="211" onid="1918" tsid="65500" />
    <channel service_ref="1:0:1:05fa:ffdc:077e:ffb0318d:0:0:0:" name="El Eiman TV" service_name="El Eiman TV" provider="" sid="1530" onid="1918" tsid="65500" />
    <channel service_ref="1:0:1:00d6:ffdc:077e:0dc00000:0:0:0:" name="El Sharq" service_name="El Sharq" provider="Mena Media" sid="214" onid="1918" tsid="65500" />
    <channel service_ref="1:0:1:000e:001e:006e:0dc00000:0:0:0:" name="El Shasha Cinema" service_name="El Shasha Cinema" provider="NOORSAT" sid="14" onid="110" tsid="30" />
    <channel service_ref="1:0:1:001d:0002:ffff:0dc02b58:0:0:0:" name="ElKeraza" service_name="ElKeraza" provider="ViewSat" sid="29" onid="65535" tsid="2" />
    <channel service_ref="1:0:1:0004:0002:ffff:0dc02b58:0:0:0:" name="Elohi TV" service_name="Elohi TV" provider="ViewSat" sid="4" onid="65535" tsid="2" />
    <channel service_ref="1:0:25:0001:0001:ffff:0dc0b14f:0:0:0:" name="ERT World" service_name="ERT World" provider="ERT" sid="1" onid="65535" tsid="1" />
    <channel service_ref="1:0:25:0a93:0001:0800:0dc00000:0:0:0:" name="Fann" service_name="Fann" provider="Orbit Showtime Network" sid="2707" onid="2048" tsid="1" />
    <channel service_ref="1:0:1:0d34:0384:5000:0dc00000:0:0:0:" name="Feed 1" service_name="Feed 1" provider="Palsat" sid="3380" onid="20480" tsid="900" />
    <channel service_ref="1:0:1:004a:001f:006e:0dc00000:0:0:0:" name="Film Tube" service_name="Film Tube" provider="NOORSAT" sid="74" onid="110" tsid="31" />
    <channel service_ref="1:0:1:0003:c3b4:077e:0dc00000:0:0:0:" name="FMI TV" service_name="FMI TV" provider="" sid="3" onid="1918" tsid="50100" />
    <channel service_ref="1:0:1:14aa:0320:5000:0dc00000:0:0:0:" name="Forsan Al Iraq" service_name="Forsan Al Iraq" provider="GULFSAT" sid="5290" onid="20480" tsid="800" />
    <channel service_ref="1:0:1:05aa:ffdc:077e:ffb0318d:0:0:0:" name="Gali Kurdistan TV" service_name="Gali Kurdistan TV" provider="" sid="1450" onid="1918" tsid="65500" />
    <channel service_ref="1:0:1:0007:c3b4:077e:0dc00000:0:0:0:" name="GEM Kurd" service_name="GEM Kurd" provider="" sid="7" onid="1918" tsid="50100" />
    <channel service_ref="1:0:1:0006:c3b4:077e:0dc00000:0:0:0:" name="GEM TV" service_name="GEM TV" provider="" sid="6" onid="1918" tsid="50100" />
    <channel service_ref="1:0:25:065d:0237:0800:0dc00000:0:0:0:" name="H2 HD" service_name="H2 HD" provider="Orbit Showtime Network" sid="1629" onid="2048" tsid="567" />
    <channel service_ref="1:0:1:15d6:0320:5000:0dc00000:0:0:0:" name="Hala TV" service_name="Hala TV" provider="GULFSAT" sid="5590" onid="20480" tsid="800" />
    <channel service_ref="1:0:1:0017:001f:006e:0dc00000:0:0:0:" name="Halaba Stret" service_name="Halaba Stret" provider="OSAT" sid="23" onid="110" tsid="31" />
    <channel service_ref="1:0:25:044f:7594:077e:0dc00000:0:0:0:" name="HD-KTV Sports" service_name="HD-KTV Sports" provider="MOI" sid="1103" onid="1918" tsid="30100" />
    <channel service_ref="1:0:1:0005:001e:006e:0dc00000:0:0:0:" name="Health &amp; Food TV" service_name="Health &amp; Food TV" provider="" sid="5" onid="110" tsid="30" />
    <channel service_ref="1:0:1:1f4b:0c26:006e:0dc00000:0:0:0:" name="Hebron Sat TV" service_name="Hebron Sat TV" provider="BHS Telecom" sid="8011" onid="110" tsid="3110" />
    <channel service_ref="1:0:25:162a:0237:0800:0dc00000:0:0:0:" name="ID Xtra HD MEA" service_name="ID Xtra HD MEA" provider="Orbit Showtime Network" sid="5674" onid="2048" tsid="567" />
    <channel service_ref="1:0:1:026d:0c28:006e:0dc00000:0:0:0:" name="Iladhamiyah News" service_name="Iladhamiyah News" provider="DARSAT" sid="621" onid="110" tsid="3112" />
    <channel service_ref="1:0:1:0011:0002:ffff:0dc02b58:0:0:0:" name="Iraq Future TV" service_name="Iraq Future TV" provider="ViewSat" sid="17" onid="65535" tsid="2" />
    <channel service_ref="1:0:1:0067:0c28:006e:0dc00000:0:0:0:" name="Iraq Now" service_name="Iraq Now" provider="Darsat" sid="103" onid="110" tsid="3112" />
    <channel service_ref="1:0:1:001a:c3b4:077e:0dc00000:0:0:0:" name="IRAQI ADVISORY CLINIC" service_name="IRAQI ADVISORY CLINIC" provider="" sid="26" onid="1918" tsid="50100" />
    <channel service_ref="1:0:1:001c:001e:006e:0dc00000:0:0:0:" name="IUC" service_name="IUC" provider="NOORSAT" sid="28" onid="110" tsid="30" />
    <channel service_ref="1:0:1:0003:0002:ffff:0dc02b58:0:0:0:" name="Jesus Wonderful TV" service_name="Jesus Wonderful TV" provider="ViewSat" sid="3" onid="65535" tsid="2" />
    <channel service_ref="1:0:1:000d:c3b4:077e:0dc00000:0:0:0:" name="JNC" service_name="JNC" provider="" sid="13" onid="1918" tsid="50100" />
    <channel service_ref="1:0:1:000b:c3b4:077e:0dc00000:0:0:0:" name="Jordan Alhurra" service_name="Jordan Alhurra" provider="" sid="11" onid="1918" tsid="50100" />
    <channel service_ref="1:0:1:025a:0c28:006e:0dc00000:0:0:0:" name="Kahramana TV" service_name="Kahramana TV" provider="DARSAT" sid="602" onid="110" tsid="3112" />
    <channel service_ref="1:0:1:15f4:0320:5000:0dc00000:0:0:0:" name="Kirkuk TV" service_name="Kirkuk TV" provider="gulfsat" sid="5620" onid="20480" tsid="800" />
    <channel service_ref="1:0:1:025d:0c28:006e:0dc00000:0:0:0:" name="Kitabat TV" service_name="Kitabat TV" provider="DARSAT" sid="605" onid="110" tsid="3112" />
    <channel service_ref="1:0:25:044d:7594:077e:0dc00000:0:0:0:" name="KTV 1 HD" service_name="KTV 1 HD" provider="MOI" sid="1101" onid="1918" tsid="30100" />
    <channel service_ref="1:0:25:044e:7594:077e:0dc00000:0:0:0:" name="KTV 2 HD" service_name="KTV 2 HD" provider="MOI" sid="1102" onid="1918" tsid="30100" />
    <channel service_ref="1:0:25:01c4:7594:077e:0dc00000:0:0:0:" name="KTV Al Arabi HD" service_name="KTV Al Arabi HD" provider="MOI" sid="452" onid="1918" tsid="30100" />
    <channel service_ref="1:0:25:01c3:7594:077e:0dc00000:0:0:0:" name="KTV Ethraa HD" service_name="KTV Ethraa HD" provider="MOI" sid="451" onid="1918" tsid="30100" />
    <channel service_ref="1:0:25:01c6:7594:077e:0dc00000:0:0:0:" name="KTV Plus HD" service_name="KTV Plus HD" provider="MOI" sid="454" onid="1918" tsid="30100" />
    <channel service_ref="1:0:25:01c2:7594:077e:0dc00000:0:0:0:" name="KTV Sport Plus HD" service_name="KTV Sport Plus HD" provider="MOI" sid="450" onid="1918" tsid="30100" />
    <channel service_ref="1:0:1:00d1:ffdc:077e:0dc00000:0:0:0:" name="Kurdmax Pepule" service_name="Kurdmax Pepule" provider="Mena Media" sid="209" onid="1918" tsid="65500" />
    <channel service_ref="1:0:1:058c:ffdc:077e:ffb0318d:0:0:0:" name="Kurdsat" service_name="Kurdsat" provider="" sid="1420" onid="1918" tsid="65500" />
    <channel service_ref="1:0:1:00f2:ffdc:077e:ffb0318d:0:0:0:" name="Kurdsat HD" service_name="Kurdsat HD" provider="" sid="242" onid="1918" tsid="65500" />
    <channel service_ref="1:0:1:00fe:ffdc:077e:ffb0318d:0:0:0:" name="Kurdsat News" service_name="Kurdsat News" provider="" sid="254" onid="1918" tsid="65500" />
    <channel service_ref="1:0:1:00f6:ffdc:077e:ffb0318d:0:0:0:" name="Kurdsat News HD" service_name="Kurdsat News HD" provider="" sid="246" onid="1918" tsid="65500" />
    <channel service_ref="1:0:1:0007:0002:ffff:0dc02b58:0:0:0:" name="Lamsat TV" service_name="Lamsat TV" provider="ViewSat" sid="7" onid="65535" tsid="2" />
    <channel service_ref="1:0:1:0008:001e:006e:0dc00000:0:0:0:" name="Layaly Cinema" service_name="Layaly Cinema" provider="NOORSAT" sid="8" onid="110" tsid="30" />
    <channel service_ref="1:0:1:052d:ffdc:077e:0dc00000:0:0:0:" name="Libya 24" service_name="Libya 24" provider="Mena Media" sid="1325" onid="1918" tsid="65500" />
    <channel service_ref="1:0:1:025f:0c28:006e:0dc00000:0:0:0:" name="Libya Alhadath" service_name="Libya Alhadath" provider="DARSAT" sid="607" onid="110" tsid="3112" />
    <channel service_ref="1:0:1:02b2:0320:5000:0dc00000:0:0:0:" name="Libya Alwatnya" service_name="Libya Alwatnya" provider="gulfsat" sid="690" onid="20480" tsid="800" />
    <channel service_ref="1:0:1:025e:0c28:006e:0dc00000:0:0:0:" name="Libya Business" service_name="Libya Business" provider="DARSAT" sid="606" onid="110" tsid="3112" />
    <channel service_ref="1:0:1:0252:0320:5000:0dc00000:0:0:0:" name="Libya News Channel" service_name="Libya News Channel" provider="GULFSAT" sid="594" onid="20480" tsid="800" />
    <channel service_ref="1:0:1:00d7:ffdc:077e:0dc00000:0:0:0:" name="Libya Panorama" service_name="Libya Panorama" provider="Mena Media" sid="215" onid="1918" tsid="65500" />
    <channel service_ref="1:0:1:168a:0320:5000:0dc00000:0:0:0:" name="Liwan TV" service_name="Liwan TV" provider="GULFSAT" sid="5770" onid="20480" tsid="800" />
    <channel service_ref="1:0:1:000b:0002:ffff:0dc02b58:0:0:0:" name="Logos TV" service_name="Logos TV" provider="ViewSat" sid="11" onid="65535" tsid="2" />
    <channel service_ref="1:0:1:0010:001e:006e:0dc00000:0:0:0:" name="Lumiere TV" service_name="Lumiere TV" provider="NOORSAT" sid="16" onid="110" tsid="30" />
    <channel service_ref="1:0:1:0cf8:0384:5000:0dc00000:0:0:0:" name="Maan TV" service_name="Maan TV" provider="Palsat" sid="3320" onid="20480" tsid="900" />
    <channel service_ref="1:0:1:068c:0320:5000:0dc00000:0:0:0:" name="Manhaj" service_name="Manhaj" provider="GULFSAT" sid="1676" onid="20480" tsid="800" />
    <channel service_ref="1:0:1:002e:0002:ffff:0dc02b58:0:0:0:" name="Mariam TV" service_name="Mariam TV" provider="ViewSat" sid="46" onid="65535" tsid="2" />
    <channel service_ref="1:0:1:00cc:ffdc:077e:0dc00000:0:0:0:" name="Marjaeyat 2" service_name="Marjaeyat 2" provider="Mena Media" sid="204" onid="1918" tsid="65500" />
    <channel service_ref="1:0:1:0011:001e:006e:0dc00000:0:0:0:" name="Masr Alhayah" service_name="Masr Alhayah" provider="" sid="17" onid="110" tsid="30" />
    <channel service_ref="1:0:1:003e:001f:006e:0dc00000:0:0:0:" name="Masr Alyoum" service_name="Masr Alyoum" provider="NOORSAT" sid="62" onid="110" tsid="31" />
    <channel service_ref="1:0:1:1f46:0c26:006e:0dc00000:0:0:0:" name="ME Music TV" service_name="ME Music TV" provider="BHS Telecom" sid="8006" onid="110" tsid="3110" />
    <channel service_ref="1:0:1:0008:c3b4:077e:0dc00000:0:0:0:" name="Med Music" service_name="Med Music" provider="" sid="8" onid="1918" tsid="50100" />
    <channel service_ref="1:0:1:0004:c3b4:077e:0dc00000:0:0:0:" name="Mekameleen TV" service_name="Mekameleen TV" provider="" sid="4" onid="1918" tsid="50100" />
    <channel service_ref="1:0:1:1f4d:0c26:006e:0dc00000:0:0:0:" name="Mekameleen TV" service_name="Mekameleen TV" provider="BHS Telecom" sid="8013" onid="110" tsid="3110" />
    <channel service_ref="1:0:1:00cd:ffdc:077e:0dc00000:0:0:0:" name="Mena Media" service_name="Mena Media" provider="Mena Media" sid="205" onid="1918" tsid="65500" />
    <channel service_ref="1:0:1:000c:0002:ffff:0dc02b58:0:0:0:" name="Misr ELBald" service_name="Misr ELBald" provider="ViewSat" sid="12" onid="65535" tsid="2" />
    <channel service_ref="1:0:1:0006:0002:ffff:0dc02b58:0:0:0:" name="MOA TV" service_name="MOA TV" provider="ViewSat" sid="6" onid="65535" tsid="2" />
    <channel service_ref="1:0:1:001a:001f:006e:0dc00000:0:0:0:" name="Mosalsalat Tube" service_name="Mosalsalat Tube" provider="OSAT" sid="26" onid="110" tsid="31" />
    <channel service_ref="1:0:1:0ba4:0384:5000:0dc00000:0:0:0:" name="Musawa TV" service_name="Musawa TV" provider="Palsat" sid="2980" onid="20480" tsid="900" />
    <channel service_ref="1:0:1:0022:001f:006e:0dc00000:0:0:0:" name="Music Alaraab" service_name="Music Alaraab" provider="NOORSAT" sid="34" onid="110" tsid="31" />
    <channel service_ref="1:0:1:146e:0320:5000:0dc00000:0:0:0:" name="Music Alremas" service_name="Music Alremas" provider="GULFSAT" sid="5230" onid="20480" tsid="800" />
    <channel service_ref="1:0:25:0a94:0001:0800:0dc00000:0:0:0:" name="Music Now" service_name="Music Now" provider="Orbit Showtime Network" sid="2708" onid="2048" tsid="1" />
    <channel service_ref="1:0:1:001b:001e:006e:0dc00000:0:0:0:" name="Music Sha3by" service_name="Music Sha3by" provider="NOORSAT" sid="27" onid="110" tsid="30" />
    <channel service_ref="1:0:1:000f:001e:006e:0dc00000:0:0:0:" name="Nabd Syria TV" service_name="Nabd Syria TV" provider="NOORSAT" sid="15" onid="110" tsid="30" />
    <channel service_ref="1:0:1:025c:0c28:006e:0dc00000:0:0:0:" name="Naynawa Alghad" service_name="Naynawa Alghad" provider="DARSAT" sid="604" onid="110" tsid="3112" />
    <channel service_ref="1:0:1:002c:0002:ffff:0dc02b58:0:0:0:" name="Nour Al Sharq" service_name="Nour Al Sharq" provider="ViewSat" sid="44" onid="65535" tsid="2" />
    <channel service_ref="1:0:1:0001:001e:006e:0dc00000:0:0:0:" name="Nour El Keddisin" service_name="Nour El Keddisin" provider="NOORSAT" sid="1" onid="110" tsid="30" />
    <channel service_ref="1:0:1:0026:001f:006e:0dc00000:0:0:0:" name="Nour El Sham" service_name="Nour El Sham" provider="NOORSAT" sid="38" onid="110" tsid="31" />
    <channel service_ref="1:0:1:001f:001e:006e:0dc00000:0:0:0:" name="Nour Kids" service_name="Nour Kids" provider="NOORSAT" sid="31" onid="110" tsid="30" />
    <channel service_ref="1:0:1:002d:0002:ffff:0dc02b58:0:0:0:" name="Nour Koddass" service_name="Nour Koddass" provider="ViewSat" sid="45" onid="65535" tsid="2" />
    <channel service_ref="1:0:25:162c:0237:0800:0dc00000:0:0:0:" name="OSN Movies HD 007" service_name="OSN Movies HD 007" provider="Orbit Showtime Network" sid="5676" onid="2048" tsid="567" />
    <channel service_ref="1:0:1:0d02:0384:5000:0dc00000:0:0:0:" name="Palestine LIVE" service_name="Palestine LIVE" provider="Palsat" sid="3330" onid="20480" tsid="900" />
    <channel service_ref="1:0:1:0bae:0384:5000:0dc00000:0:0:0:" name="Palestine News" service_name="Palestine News" provider="Palsat" sid="2990" onid="20480" tsid="900" />
    <channel service_ref="1:0:1:0d66:0384:5000:0dc00000:0:0:0:" name="Palestine Sport" service_name="Palestine Sport" provider="Palsat" sid="3430" onid="20480" tsid="900" />
    <channel service_ref="1:0:1:001a:0002:ffff:0dc02b58:0:0:0:" name="Presence TV Channel" service_name="Presence TV Channel" provider="ViewSat" sid="26" onid="65535" tsid="2" />
    <channel service_ref="1:0:1:0d16:0384:5000:0dc00000:0:0:0:" name="PSC - Palestinian Satellite Channel" service_name="PSC - Palestinian Satellite Channel" provider="Palsat" sid="3350" onid="20480" tsid="900" />
    <channel service_ref="1:0:1:1f4a:0c26:006e:0dc00000:0:0:0:" name="PSC - Palestinian Satellite Channel" service_name="PSC - Palestinian Satellite Channel" provider="BHS Telecom" sid="8010" onid="110" tsid="3110" />
    <channel service_ref="1:0:1:000b:001e:006e:0dc00000:0:0:0:" name="Qamishlo TV" service_name="Qamishlo TV" provider="NOORSAT" sid="11" onid="110" tsid="30" />
    <channel service_ref="1:0:1:010b:0c28:006e:0dc00000:0:0:0:" name="Qatar Aswaq" service_name="Qatar Aswaq" provider="Darsat" sid="267" onid="110" tsid="3112" />
    <channel service_ref="1:0:1:00c7:4ee8:077e:0dc00000:0:0:0:" name="Qatar TV" service_name="Qatar TV" provider="Al Jazeera" sid="199" onid="1918" tsid="20200" />
    <channel service_ref="1:0:1:0d3e:0384:5000:0dc00000:0:0:0:" name="QOU.EDU" service_name="QOU.EDU" provider="Palsat" sid="3390" onid="20480" tsid="900" />
    <channel service_ref="1:0:1:004d:001f:006e:0dc00000:0:0:0:" name="Quran TV" service_name="Quran TV" provider="OSAT" sid="77" onid="110" tsid="31" />
    <channel service_ref="1:0:1:001a:001e:006e:0dc00000:0:0:0:" name="Rojava TV" service_name="Rojava TV" provider="" sid="26" onid="110" tsid="30" />
    <channel service_ref="1:0:1:0005:0002:ffff:0dc02b58:0:0:0:" name="RTV" service_name="RTV" provider="ViewSat" sid="5" onid="65535" tsid="2" />
    <channel service_ref="1:0:1:00cb:ffdc:077e:0dc00000:0:0:0:" name="Rudaw TV" service_name="Rudaw TV" provider="Mena Media" sid="203" onid="1918" tsid="65500" />
    <channel service_ref="1:0:1:000a:c3b4:077e:0dc00000:0:0:0:" name="Sajaya TV" service_name="Sajaya TV" provider="" sid="10" onid="1918" tsid="50100" />
    <channel service_ref="1:0:1:001b:c3b4:077e:0dc00000:0:0:0:" name="Salah el-Din" service_name="Salah el-Din" provider="" sid="27" onid="1918" tsid="50100" />
    <channel service_ref="1:0:1:0015:001f:006e:0dc00000:0:0:0:" name="Sama TV" service_name="Sama TV" provider="NOORSAT" sid="21" onid="110" tsid="31" />
    <channel service_ref="1:0:1:0003:001e:006e:0dc00000:0:0:0:" name="Samarra TV" service_name="Samarra TV" provider="NOORSAT" sid="3" onid="110" tsid="30" />
    <channel service_ref="1:0:1:001f:0002:ffff:0dc02b58:0:0:0:" name="Savior Satellite Network" service_name="Savior Satellite Network" provider="ViewSat" sid="31" onid="65535" tsid="2" />
    <channel service_ref="1:0:1:1f53:0c26:006e:0dc00000:0:0:0:" name="Seraj" service_name="Seraj" provider="BHS Telecom" sid="8019" onid="110" tsid="3110" />
    <channel service_ref="1:0:1:0001:0208:02be:0dc00000:0:0:0:" name="Sharjah HD" service_name="Sharjah HD" provider="" sid="1" onid="702" tsid="520" />
    <channel service_ref="1:0:1:0007:0208:02be:0dc00000:0:0:0:" name="Sharjah Sport" service_name="Sharjah Sport" provider="" sid="7" onid="702" tsid="520" />
    <channel service_ref="1:0:1:0006:0208:02be:0dc00000:0:0:0:" name="Sharjah Sport HD" service_name="Sharjah Sport HD" provider="" sid="6" onid="702" tsid="520" />
    <channel service_ref="1:0:1:0002:0208:02be:0dc00000:0:0:0:" name="Sharjah TV" service_name="Sharjah TV" provider="" sid="2" onid="702" tsid="520" />
    <channel service_ref="1:0:1:0004:0208:02be:0dc00000:0:0:0:" name="Sharqiya from Kalba" service_name="Sharqiya from Kalba" provider="" sid="4" onid="702" tsid="520" />
    <channel service_ref="1:0:1:0003:0208:02be:0dc00000:0:0:0:" name="Sharqiya from Kalba HD" service_name="Sharqiya from Kalba HD" provider="SHARQIYA from Kalba-Main" sid="3" onid="702" tsid="520" />
    <channel service_ref="1:0:1:05e6:ffdc:077e:ffb0318d:0:0:0:" name="Sheba TV" service_name="Sheba TV" provider="" sid="1510" onid="1918" tsid="65500" />
    <channel service_ref="1:0:1:067e:0320:5000:0dc00000:0:0:0:" name="Shifa TV" service_name="Shifa TV" provider="gulfsat" sid="1662" onid="20480" tsid="800" />
    <channel service_ref="1:0:1:001d:c3b4:077e:0dc00000:0:0:0:" name="SMART FM" service_name="SMART FM" provider="" sid="29" onid="1918" tsid="50100" />
    <channel service_ref="1:0:1:000d:001e:006e:0dc00000:0:0:0:" name="Sout Masr" service_name="Sout Masr" provider="NOORSAT" sid="13" onid="110" tsid="30" />
    <channel service_ref="1:0:25:065c:0237:0800:0dc00000:0:0:0:" name="Spare 5672" service_name="Spare 5672" provider="OSN" sid="1628" onid="2048" tsid="567" />
    <channel service_ref="1:0:1:00ce:ffdc:077e:0dc00000:0:0:0:" name="Speda TV" service_name="Speda TV" provider="Mena Media" sid="206" onid="1918" tsid="65500" />
    <channel service_ref="1:0:1:0009:c3b4:077e:0dc00000:0:0:0:" name="Sterk TV" service_name="Sterk TV" provider="" sid="9" onid="1918" tsid="50100" />
    <channel service_ref="1:0:1:003d:001f:006e:0dc00000:0:0:0:" name="Super Cinema" service_name="Super Cinema" provider="OSAT" sid="61" onid="110" tsid="31" />
    <channel service_ref="1:0:1:05be:ffdc:077e:ffb0318d:0:0:0:" name="Suroyo TV" service_name="Suroyo TV" provider="" sid="1470" onid="1918" tsid="65500" />
    <channel service_ref="1:0:1:0027:001f:006e:0dc00000:0:0:0:" name="SYRIA FM" service_name="SYRIA FM" provider="NOORSAT" sid="39" onid="110" tsid="31" />
    <channel service_ref="1:0:1:001e:001f:006e:0dc00000:0:0:0:" name="Syria Satellite Channel" service_name="Syria Satellite Channel" provider="NOORSAT" sid="30" onid="110" tsid="31" />
    <channel service_ref="1:0:1:001f:001f:006e:0dc00000:0:0:0:" name="Syrian Drama TV" service_name="Syrian Drama TV" provider="NOORSAT" sid="31" onid="110" tsid="31" />
    <channel service_ref="1:0:1:002e:001f:006e:0dc00000:0:0:0:" name="Tatt7 TV" service_name="Tatt7 TV" provider="OSAT" sid="46" onid="110" tsid="31" />
    <channel service_ref="1:0:1:00c4:4ee8:077e:0dc00000:0:0:0:" name="TEST" service_name="TEST" provider="Al Jazeera" sid="196" onid="1918" tsid="20200" />
    <channel service_ref="1:0:1:0012:001e:006e:0dc00000:0:0:0:" name="TEST-EGYPT" service_name="TEST-EGYPT" provider="NOORSAT" sid="18" onid="110" tsid="30" />
    <channel service_ref="1:0:1:1f48:0c26:006e:0dc00000:0:0:0:" name="TNN Tunisia" service_name="TNN Tunisia" provider="BHS Telecom" sid="8008" onid="110" tsid="3110" />
    <channel service_ref="1:0:1:0070:0c28:006e:0dc00000:0:0:0:" name="Toyor Al Iraq" service_name="Toyor Al Iraq" provider="DARSAT" sid="112" onid="110" tsid="3112" />
    <channel service_ref="1:0:1:067a:0320:5000:0dc00000:0:0:0:" name="TRT World HD" service_name="TRT World HD" provider="GULFSAT" sid="1658" onid="20480" tsid="800" />
    <channel service_ref="1:0:1:002d:001f:006e:0dc00000:0:0:0:" name="Uber Aflam" service_name="Uber Aflam" provider="NOORSAT" sid="45" onid="110" tsid="31" />
    <channel service_ref="1:0:1:001e:001e:006e:0dc00000:0:0:0:" name="Uber Cinema" service_name="Uber Cinema" provider="NOORSAT" sid="30" onid="110" tsid="30" />
    <channel service_ref="1:0:1:0025:001f:006e:0dc00000:0:0:0:" name="Uber Classic" service_name="Uber Classic" provider="OSAT" sid="37" onid="110" tsid="31" />
    <channel service_ref="1:0:1:003b:001f:006e:0dc00000:0:0:0:" name="Uber Drama" service_name="Uber Drama" provider="NOORSAT" sid="59" onid="110" tsid="31" />
    <channel service_ref="1:0:1:001e:c3b4:077e:0dc00000:0:0:0:" name="ur fm iraq" service_name="ur fm iraq" provider="" sid="30" onid="1918" tsid="50100" />
    <channel service_ref="1:0:1:00d8:ffdc:077e:0dc00000:0:0:0:" name="Vin TV" service_name="Vin TV" provider="Mena Media" sid="216" onid="1918" tsid="65500" />
    <channel service_ref="1:0:1:1f54:0c26:006e:0dc00000:0:0:0:" name="WATAN TV" service_name="WATAN TV" provider="BHS Telecom" sid="8020" onid="110" tsid="3110" />
    <channel service_ref="1:0:1:05dc:ffdc:077e:ffb0318d:0:0:0:" name="Yemen Today" service_name="Yemen Today" provider="" sid="1500" onid="1918" tsid="65500" />
    <channel service_ref="1:0:1:05d2:ffdc:077e:ffb0318d:0:0:0:" name="Yemen TV" service_name="Yemen TV" provider="" sid="1490" onid="1918" tsid="65500" />
  </bouquet>
  <bouquet name="Movies" category="tv">
    <channel service_ref="1:0:1:002b:0002:ffff:0dc02b58:0:0:0:" name="Cairo Cinema" service_name="Cairo Cinema" provider="Viewsat" sid="43" onid="65535" tsid="2" />
    <channel service_ref="1:0:1:000c:001e:006e:0dc00000:0:0:0:" name="Cinema 1" service_name="Cinema 1" provider="NOORSAT" sid="12" onid="110" tsid="30" />
    <channel service_ref="1:0:25:0a8f:0001:0800:0dc00000:0:0:0:" name="Cinema 1" service_name="Cinema 1" provider="Orbit Showtime Network" sid="2703" onid="2048" tsid="1" />
    <channel service_ref="1:0:1:000a:001e:006e:0dc00000:0:0:0:" name="Cinema 2" service_name="Cinema 2" provider="NOORSAT" sid="10" onid="110" tsid="30" />
    <channel service_ref="1:0:25:0a90:0001:0800:0dc00000:0:0:0:" name="Cinema 2" service_name="Cinema 2" provider="Orbit Showtime Network" sid="2704" onid="2048" tsid="1" />
    <channel service_ref="1:0:1:0014:001f:006e:0dc00000:0:0:0:" name="Cinema Tube" service_name="Cinema Tube" provider="OSAT" sid="20" onid="110" tsid="31" />
    <channel service_ref="1:0:1:001c:0002:ffff:0dc02b58:0:0:0:" name="Dolly Cinema" service_name="Dolly Cinema" provider="Harmonic" sid="28" onid="65535" tsid="2" />
    <channel service_ref="1:0:1:000e:001e:006e:0dc00000:0:0:0:" name="El Shasha Cinema" service_name="El Shasha Cinema" provider="NOORSAT" sid="14" onid="110" tsid="30" />
    <channel service_ref="1:0:1:004a:001f:006e:0dc00000:0:0:0:" name="Film Tube" service_name="Film Tube" provider="NOORSAT" sid="74" onid="110" tsid="31" />
    <channel service_ref="1:0:1:0008:001e:006e:0dc00000:0:0:0:" name="Layaly Cinema" service_name="Layaly Cinema" provider="NOORSAT" sid="8" onid="110" tsid="30" />
    <channel service_ref="1:0:25:162c:0237:0800:0dc00000:0:0:0:" name="OSN Movies HD 007" service_name="OSN Movies HD 007" provider="Orbit Showtime Network" sid="5676" onid="2048" tsid="567" />
    <channel service_ref="1:0:1:003d:001f:006e:0dc00000:0:0:0:" name="Super Cinema" service_name="Super Cinema" provider="OSAT" sid="61" onid="110" tsid="31" />
    <channel service_ref="1:0:1:001e:001e:006e:0dc00000:0:0:0:" name="Uber Cinema" service_name="Uber Cinema" provider="NOORSAT" sid="30" onid="110" tsid="30" />
  </bouquet>
  <bouquet name="Series" category="tv">
    <channel service_ref="1:0:25:0a91:0001:0800:0dc00000:0:0:0:" name="Arabic Series +2" service_name="Arabic Series +2" provider="Orbit Showtime Network" sid="2705" onid="2048" tsid="1" />
    <channel service_ref="1:0:25:0a92:0001:0800:0dc00000:0:0:0:" name="Arabic Series Channel" service_name="Arabic Series Channel" provider="Orbit Showtime Network" sid="2706" onid="2048" tsid="1" />
    <channel service_ref="1:0:1:001f:001f:006e:0dc00000:0:0:0:" name="Syrian Drama TV" service_name="Syrian Drama TV" provider="NOORSAT" sid="31" onid="110" tsid="31" />
    <channel service_ref="1:0:1:003b:001f:006e:0dc00000:0:0:0:" name="Uber Drama" service_name="Uber Drama" provider="NOORSAT" sid="59" onid="110" tsid="31" />
  </bouquet>
  <bouquet name="News" category="tv">
    <channel service_ref="1:0:1:026d:0c28:006e:0dc00000:0:0:0:" name="Iladhamiyah News" service_name="Iladhamiyah News" provider="DARSAT" sid="621" onid="110" tsid="3112" />
    <channel service_ref="1:0:1:00fe:ffdc:077e:ffb0318d:0:0:0:" name="Kurdsat News" service_name="Kurdsat News" provider="" sid="254" onid="1918" tsid="65500" />
    <channel service_ref="1:0:1:00f6:ffdc:077e:ffb0318d:0:0:0:" name="Kurdsat News HD" service_name="Kurdsat News HD" provider="" sid="246" onid="1918" tsid="65500" />
    <channel service_ref="1:0:1:0252:0320:5000:0dc00000:0:0:0:" name="Libya News Channel" service_name="Libya News Channel" provider="GULFSAT" sid="594" onid="20480" tsid="800" />
    <channel service_ref="1:0:1:0bae:0384:5000:0dc00000:0:0:0:" name="Palestine News" service_name="Palestine News" provider="Palsat" sid="2990" onid="20480" tsid="900" />
  </bouquet>
  <bouquet name="Sports" category="tv">
    <channel service_ref="1:0:25:044f:7594:077e:0dc00000:0:0:0:" name="HD-KTV Sports" service_name="HD-KTV Sports" provider="MOI" sid="1103" onid="1918" tsid="30100" />
    <channel service_ref="1:0:25:01c2:7594:077e:0dc00000:0:0:0:" name="KTV Sport Plus HD" service_name="KTV Sport Plus HD" provider="MOI" sid="450" onid="1918" tsid="30100" />
    <channel service_ref="1:0:1:0d66:0384:5000:0dc00000:0:0:0:" name="Palestine Sport" service_name="Palestine Sport" provider="Palsat" sid="3430" onid="20480" tsid="900" />
    <channel service_ref="1:0:1:0007:0208:02be:0dc00000:0:0:0:" name="Sharjah Sport" service_name="Sharjah Sport" provider="" sid="7" onid="702" tsid="520" />
    <channel service_ref="1:0:1:0006:0208:02be:0dc00000:0:0:0:" name="Sharjah Sport HD" service_name="Sharjah Sport HD" provider="" sid="6" onid="702" tsid="520" />
  </bouquet>
  <bouquet name="Kids" category="tv">
    <channel service_ref="1:0:1:001f:001e:006e:0dc00000:0:0:0:" name="Nour Kids" service_name="Nour Kids" provider="NOORSAT" sid="31" onid="110" tsid="30" />
  </bouquet>
  <bouquet name="Music" category="tv">
    <channel service_ref="1:0:1:1f46:0c26:006e:0dc00000:0:0:0:" name="ME Music TV" service_name="ME Music TV" provider="BHS Telecom" sid="8006" onid="110" tsid="3110" />
    <channel service_ref="1:0:1:0008:c3b4:077e:0dc00000:0:0:0:" name="Med Music" service_name="Med Music" provider="" sid="8" onid="1918" tsid="50100" />
    <channel service_ref="1:0:1:0022:001f:006e:0dc00000:0:0:0:" name="Music Alaraab" service_name="Music Alaraab" provider="NOORSAT" sid="34" onid="110" tsid="31" />
    <channel service_ref="1:0:1:146e:0320:5000:0dc00000:0:0:0:" name="Music Alremas" service_name="Music Alremas" provider="GULFSAT" sid="5230" onid="20480" tsid="800" />
    <channel service_ref="1:0:25:0a94:0001:0800:0dc00000:0:0:0:" name="Music Now" service_name="Music Now" provider="Orbit Showtime Network" sid="2708" onid="2048" tsid="1" />
    <channel service_ref="1:0:1:001b:001e:006e:0dc00000:0:0:0:" name="Music Sha3by" service_name="Music Sha3by" provider="NOORSAT" sid="27" onid="110" tsid="30" />
  </bouquet>
  <bouquet name="Documentary" category="tv">
    <channel service_ref="1:0:1:00c2:4ee8:077e:0dc00000:0:0:0:" name="Al Jazeera Documentary" service_name="Al Jazeera Documentary" provider="Al Jazeera" sid="194" onid="1918" tsid="20200" />
    <channel service_ref="1:0:25:01f8:eac4:077e:0dc00000:0:0:0:" name="Al Jazeera Documentary HD" service_name="Al Jazeera Documentary HD" provider="Al Jazeera" sid="504" onid="1918" tsid="60100" />
  </bouquet>
  <bouquet name="ARD/ZDF" category="tv">
    <channel service_ref="1:0:1:1f4b:0c26:006e:0dc00000:0:0:0:" name="Hebron Sat TV" service_name="Hebron Sat TV" provider="BHS Telecom" sid="8011" onid="110" tsid="3110" />
    <channel service_ref="1:0:1:025a:0c28:006e:0dc00000:0:0:0:" name="Kahramana TV" service_name="Kahramana TV" provider="DARSAT" sid="602" onid="110" tsid="3112" />
    <channel service_ref="1:0:25:01c3:7594:077e:0dc00000:0:0:0:" name="KTV Ethraa HD" service_name="KTV Ethraa HD" provider="MOI" sid="451" onid="1918" tsid="30100" />
  </bouquet>
  <bouquet name="RAI" category="tv">
    <channel service_ref="1:0:1:001f:c3b4:077e:0dc00000:0:0:0:" name="Alrai (radio)" service_name="Alrai (radio)" provider="" sid="31" onid="1918" tsid="50100" />
  </bouquet>
  <bouquet name="TF1" category="tv">
    <channel service_ref="1:0:1:006b:0c28:006e:0dc00000:0:0:0:" name="7Stars France" service_name="7Stars France" provider="DARSAT" sid="107" onid="110" tsid="3112" />
  </bouquet>
  <bouquet name="Switzerland" category="tv">
    <channel service_ref="1:0:1:1f44:0c26:006e:0dc00000:0:0:0:" name="Al Ahvaz TV" service_name="Al Ahvaz TV" provider="BHS Telecom" sid="8004" onid="110" tsid="3110" />
    <channel service_ref="1:0:1:1f49:0c26:006e:0dc00000:0:0:0:" name="Al Amir TV" service_name="Al Amir TV" provider="BHS Telecom" sid="8009" onid="110" tsid="3110" />
    <channel service_ref="1:0:1:1f43:0c26:006e:0dc00000:0:0:0:" name="Al Huja TV" service_name="Al Huja TV" provider="BHS Telecom" sid="8003" onid="110" tsid="3110" />
    <channel service_ref="1:0:1:1f41:0c26:006e:0dc00000:0:0:0:" name="Al Masirah TV" service_name="Al Masirah TV" provider="BHS Telecom" sid="8001" onid="110" tsid="3110" />
    <channel service_ref="1:0:1:1f4f:0c26:006e:0dc00000:0:0:0:" name="Al Naba TV" service_name="Al Naba TV" provider="BHS Telecom" sid="8015" onid="110" tsid="3110" />
    <channel service_ref="1:0:1:1f4e:0c26:006e:0dc00000:0:0:0:" name="Al Sahat" service_name="Al Sahat" provider="BHS Telecom" sid="8014" onid="110" tsid="3110" />
    <channel service_ref="1:0:1:1f4c:0c26:006e:0dc00000:0:0:0:" name="Awlayah Hausu TV" service_name="Awlayah Hausu TV" provider="BHS Telecom" sid="8012" onid="110" tsid="3110" />
    <channel service_ref="1:0:1:1f4d:0c26:006e:0dc00000:0:0:0:" name="Mekameleen TV" service_name="Mekameleen TV" provider="BHS Telecom" sid="8013" onid="110" tsid="3110" />
    <channel service_ref="1:0:1:1f4a:0c26:006e:0dc00000:0:0:0:" name="PSC - Palestinian Satellite Channel" service_name="PSC - Palestinian Satellite Channel" provider="BHS Telecom" sid="8010" onid="110" tsid="3110" />
    <channel service_ref="1:0:1:1f53:0c26:006e:0dc00000:0:0:0:" name="Seraj" service_name="Seraj" provider="BHS Telecom" sid="8019" onid="110" tsid="3110" />
    <channel service_ref="1:0:25:065c:0237:0800:0dc00000:0:0:0:" name="Spare 5672" service_name="Spare 5672" provider="OSN" sid="1628" onid="2048" tsid="567" />
    <channel service_ref="1:0:1:1f48:0c26:006e:0dc00000:0:0:0:" name="TNN Tunisia" service_name="TNN Tunisia" provider="BHS Telecom" sid="8008" onid="110" tsid="3110" />
    <channel service_ref="1:0:1:1f54:0c26:006e:0dc00000:0:0:0:" name="WATAN TV" service_name="WATAN TV" provider="BHS Telecom" sid="8020" onid="110" tsid="3110" />
  </bouquet>
  <bouquet name="Spain" category="tv">
    <channel service_ref="1:0:1:000e:c3b4:077e:0dc00000:0:0:0:" name="Ditve Test 1" service_name="Ditve Test 1" provider="" sid="14" onid="1918" tsid="50100" />
  </bouquet>
  <bouquet name="Resolution - HD" category="tv">
    <channel service_ref="1:0:25:01f8:eac4:077e:0dc00000:0:0:0:" name="Al Jazeera Documentary HD" service_name="Al Jazeera Documentary HD" provider="Al Jazeera" sid="504" onid="1918" tsid="60100" />
    <channel service_ref="1:0:25:01f7:eac4:077e:0dc00000:0:0:0:" name="Al Jazeera English HD" service_name="Al Jazeera English HD" provider="Al Jazeera" sid="503" onid="1918" tsid="60100" />
    <channel service_ref="1:0:25:01f5:eac4:077e:0dc00000:0:0:0:" name="Al Jazeera HD" service_name="Al Jazeera HD" provider="Al Jazeera" sid="501" onid="1918" tsid="60100" />
    <channel service_ref="1:0:25:01c5:7594:077e:0dc00000:0:0:0:" name="Al Majlis HD" service_name="Al Majlis HD" provider="MOI" sid="453" onid="1918" tsid="30100" />
    <channel service_ref="1:0:1:0005:0208:02be:0dc00000:0:0:0:" name="Al Wousta from Al Dhaid HD" service_name="Al Wousta from Al Dhaid HD" provider="" sid="5" onid="702" tsid="520" />
    <channel service_ref="1:0:25:162b:0237:0800:0dc00000:0:0:0:" name="Comedy Central HD MEA" service_name="Comedy Central HD MEA" provider="Orbit Showtime Network" sid="5675" onid="2048" tsid="567" />
    <channel service_ref="1:0:25:065d:0237:0800:0dc00000:0:0:0:" name="H2 HD" service_name="H2 HD" provider="Orbit Showtime Network" sid="1629" onid="2048" tsid="567" />
    <channel service_ref="1:0:25:044f:7594:077e:0dc00000:0:0:0:" name="HD-KTV Sports" service_name="HD-KTV Sports" provider="MOI" sid="1103" onid="1918" tsid="30100" />
    <channel service_ref="1:0:25:162a:0237:0800:0dc00000:0:0:0:" name="ID Xtra HD MEA" service_name="ID Xtra HD MEA" provider="Orbit Showtime Network" sid="5674" onid="2048" tsid="567" />
    <channel service_ref="1:0:25:044d:7594:077e:0dc00000:0:0:0:" name="KTV 1 HD" service_name="KTV 1 HD" provider="MOI" sid="1101" onid="1918" tsid="30100" />
    <channel service_ref="1:0:25:044e:7594:077e:0dc00000:0:0:0:" name="KTV 2 HD" service_name="KTV 2 HD" provider="MOI" sid="1102" onid="1918" tsid="30100" />
    <channel service_ref="1:0:25:01c4:7594:077e:0dc00000:0:0:0:" name="KTV Al Arabi HD" service_name="KTV Al Arabi HD" provider="MOI" sid="452" onid="1918" tsid="30100" />
    <channel service_ref="1:0:25:01c3:7594:077e:0dc00000:0:0:0:" name="KTV Ethraa HD" service_name="KTV Ethraa HD" provider="MOI" sid="451" onid="1918" tsid="30100" />
    <channel service_ref="1:0:25:01c6:7594:077e:0dc00000:0:0:0:" name="KTV Plus HD" service_name="KTV Plus HD" provider="MOI" sid="454" onid="1918" tsid="30100" />
    <channel service_ref="1:0:25:01c2:7594:077e:0dc00000:0:0:0:" name="KTV Sport Plus HD" service_name="KTV Sport Plus HD" provider="MOI" sid="450" onid="1918" tsid="30100" />
    <channel service_ref="1:0:1:00f2:ffdc:077e:ffb0318d:0:0:0:" name="Kurdsat HD" service_name="Kurdsat HD" provider="" sid="242" onid="1918" tsid="65500" />
    <channel service_ref="1:0:1:00f6:ffdc:077e:ffb0318d:0:0:0:" name="Kurdsat News HD" service_name="Kurdsat News HD" provider="" sid="246" onid="1918" tsid="65500" />
    <channel service_ref="1:0:25:162c:0237:0800:0dc00000:0:0:0:" name="OSN Movies HD 007" service_name="OSN Movies HD 007" provider="Orbit Showtime Network" sid="5676" onid="2048" tsid="567" />
    <channel service_ref="1:0:1:0001:0208:02be:0dc00000:0:0:0:" name="Sharjah HD" service_name="Sharjah HD" provider="" sid="1" onid="702" tsid="520" />
    <channel service_ref="1:0:1:0006:0208:02be:0dc00000:0:0:0:" name="Sharjah Sport HD" service_name="Sharjah Sport HD" provider="" sid="6" onid="702" tsid="520" />
    <channel service_ref="1:0:1:0003:0208:02be:0dc00000:0:0:0:" name="Sharqiya from Kalba HD" service_name="Sharqiya from Kalba HD" provider="SHARQIYA from Kalba-Main" sid="3" onid="702" tsid="520" />
    <channel service_ref="1:0:1:067a:0320:5000:0dc00000:0:0:0:" name="TRT World HD" service_name="TRT World HD" provider="GULFSAT" sid="1658" onid="20480" tsid="800" />
  </bouquet>
  <bouquet name="International" category="tv">
    <channel service_ref="1:0:1:05c8:ffdc:077e:ffb0318d:0:0:0:" name="Ahl-E-Bait TV Arabic" service_name="Ahl-E-Bait TV Arabic" provider="" sid="1480" onid="1918" tsid="65500" />
    <channel service_ref="1:0:1:0001:c3b4:077e:0dc00000:0:0:0:" name="Al Araby TV" service_name="Al Araby TV" provider="" sid="1" onid="1918" tsid="50100" />
    <channel service_ref="1:0:1:0002:c3b4:077e:0dc00000:0:0:0:" name="Al Araby TV" service_name="Al Araby TV" provider="" sid="2" onid="1918" tsid="50100" />
    <channel service_ref="1:0:1:05a6:0320:5000:0dc00000:0:0:0:" name="Al Araby TV" service_name="Al Araby TV" provider="GULFSAT" sid="1446" onid="20480" tsid="800" />
    <channel service_ref="1:0:1:006c:0c28:006e:0dc00000:0:0:0:" name="Arabia Romouz" service_name="Arabia Romouz" provider="DarSat" sid="108" onid="110" tsid="3112" />
    <channel service_ref="1:0:25:0001:0001:ffff:0dc0b14f:0:0:0:" name="ERT World" service_name="ERT World" provider="ERT" sid="1" onid="65535" tsid="1" />
    <channel service_ref="1:0:25:01c4:7594:077e:0dc00000:0:0:0:" name="KTV Al Arabi HD" service_name="KTV Al Arabi HD" provider="MOI" sid="452" onid="1918" tsid="30100" />
    <channel service_ref="1:0:1:067a:0320:5000:0dc00000:0:0:0:" name="TRT World HD" service_name="TRT World HD" provider="GULFSAT" sid="1658" onid="20480" tsid="800" />
  </bouquet>
  <bouquet name="Others" category="tv">
    <channel service_ref="1:0:1:001c:001f:006e:0dc00000:0:0:0:" name="22 TV" service_name="22 TV" provider="OSAT" sid="28" onid="110" tsid="31" />
    <channel service_ref="1:0:1:000a:0002:ffff:0dc02b58:0:0:0:" name="7Alawet Ro7" service_name="7Alawet Ro7" provider="Harmonic" sid="10" onid="65535" tsid="2" />
    <channel service_ref="1:0:1:006f:0c28:006e:0dc00000:0:0:0:" name="7Star Belgium" service_name="7Star Belgium" provider="MENA MEDIA" sid="111" onid="110" tsid="3112" />
    <channel service_ref="1:0:1:006e:0c28:006e:0dc00000:0:0:0:" name="7Star Greece" service_name="7Star Greece" provider="DARSAT" sid="110" onid="110" tsid="3112" />
    <channel service_ref="1:0:1:006d:0c28:006e:0dc00000:0:0:0:" name="7Star Sweden" service_name="7Star Sweden" provider="DARSAT" sid="109" onid="110" tsid="3112" />
    <channel service_ref="1:0:1:0073:0c28:006e:0dc00000:0:0:0:" name="7Stars Austria" service_name="7Stars Austria" provider="DARSAT" sid="115" onid="110" tsid="3112" />
    <channel service_ref="1:0:1:010a:0c28:006e:0dc00000:0:0:0:" name="7Stars Denmark" service_name="7Stars Denmark" provider="DARSAT" sid="266" onid="110" tsid="3112" />
    <channel service_ref="1:0:1:006a:0c28:006e:0dc00000:0:0:0:" name="7Stars Holland" service_name="7Stars Holland" provider="DARSAT" sid="106" onid="110" tsid="3112" />
    <channel service_ref="1:0:1:0068:0c28:006e:0dc00000:0:0:0:" name="7Stars Norway" service_name="7Stars Norway" provider="DARSAT" sid="104" onid="110" tsid="3112" />
    <channel service_ref="1:0:1:026e:0c28:006e:0dc00000:0:0:0:" name="7Stars Portugal" service_name="7Stars Portugal" provider="DARSAT" sid="622" onid="110" tsid="3112" />
    <channel service_ref="1:0:1:0074:0c28:006e:0dc00000:0:0:0:" name="7Stars Romania" service_name="7Stars Romania" provider="DARSAT" sid="116" onid="110" tsid="3112" />
    <channel service_ref="1:0:1:026c:0c28:006e:0dc00000:0:0:0:" name="7Stars Spain" service_name="7Stars Spain" provider="DarSat" sid="620" onid="110" tsid="3112" />
    <channel service_ref="1:0:1:05f0:ffdc:077e:ffb0318d:0:0:0:" name="Aden" service_name="Aden" provider="" sid="1520" onid="1918" tsid="65500" />
    <channel service_ref="1:0:1:002f:001f:006e:0dc00000:0:0:0:" name="Aflam Tube" service_name="Aflam Tube" provider="OSAT" sid="47" onid="110" tsid="31" />
    <channel service_ref="1:0:1:154a:0320:5000:0dc00000:0:0:0:" name="Al Aqila TV" service_name="Al Aqila TV" provider="GULFSAT" sid="5450" onid="20480" tsid="800" />
    <channel service_ref="1:0:1:0009:0002:ffff:0dc02b58:0:0:0:" name="Al Falak" service_name="Al Falak" provider="ViewSat" sid="9" onid="65535" tsid="2" />
    <channel service_ref="1:0:1:0d20:0384:5000:0dc00000:0:0:0:" name="Al Falestinyah" service_name="Al Falestinyah" provider="Palsat" sid="3360" onid="20480" tsid="900" />
    <channel service_ref="1:0:1:010c:0c28:006e:0dc00000:0:0:0:" name="Al Falooja TV" service_name="Al Falooja TV" provider="DARSAT" sid="268" onid="110" tsid="3112" />
    <channel service_ref="1:0:1:052e:ffdc:077e:0dc00000:0:0:0:" name="Al Hiwar TV" service_name="Al Hiwar TV" provider="Mena Media" sid="1326" onid="1918" tsid="65500" />
    <channel service_ref="1:0:1:00c1:4ee8:077e:0dc00000:0:0:0:" name="Al Jazeera English" service_name="Al Jazeera English" provider="Al Jazeera" sid="193" onid="1918" tsid="20200" />
    <channel service_ref="1:0:25:01f7:eac4:077e:0dc00000:0:0:0:" name="Al Jazeera English HD" service_name="Al Jazeera English HD" provider="Al Jazeera" sid="503" onid="1918" tsid="60100" />
    <channel service_ref="1:0:25:01f5:eac4:077e:0dc00000:0:0:0:" name="Al Jazeera HD" service_name="Al Jazeera HD" provider="Al Jazeera" sid="501" onid="1918" tsid="60100" />
    <channel service_ref="1:0:1:00c0:4ee8:077e:0dc00000:0:0:0:" name="Al Jazeera Mubasher" service_name="Al Jazeera Mubasher" provider="Al Jazeera" sid="192" onid="1918" tsid="20200" />
    <channel service_ref="1:0:1:00c3:4ee8:077e:0dc00000:0:0:0:" name="Al Jazeera Mubasher" service_name="Al Jazeera Mubasher" provider="Al Jazeera" sid="195" onid="1918" tsid="20200" />
    <channel service_ref="1:0:1:00bf:4ee8:077e:0dc00000:0:0:0:" name="Al Jazeera Satellite Channel" service_name="Al Jazeera Satellite Channel" provider="Al Jazeera" sid="191" onid="1918" tsid="20200" />
    <channel service_ref="1:0:1:0001:0002:ffff:0dc02b58:0:0:0:" name="Al Karama" service_name="Al Karama" provider="ViewSat" sid="1" onid="65535" tsid="2" />
    <channel service_ref="1:0:1:0002:0002:ffff:0dc02b58:0:0:0:" name="Al Karma" service_name="Al Karma" provider="ViewSat" sid="2" onid="65535" tsid="2" />
    <channel service_ref="1:0:1:0005:c3b4:077e:0dc00000:0:0:0:" name="Al Karma" service_name="Al Karma" provider="" sid="5" onid="1918" tsid="50100" />
    <channel service_ref="1:0:25:01c5:7594:077e:0dc00000:0:0:0:" name="Al Majlis HD" service_name="Al Majlis HD" provider="MOI" sid="453" onid="1918" tsid="30100" />
    <channel service_ref="1:0:1:002f:0002:ffff:0dc02b58:0:0:0:" name="Al Malakoot" service_name="Al Malakoot" provider="ViewSat" sid="47" onid="65535" tsid="2" />
    <channel service_ref="1:0:1:000d:0002:ffff:0dc02b58:0:0:0:" name="Al Naba TV" service_name="Al Naba TV" provider="Viewsat" sid="13" onid="65535" tsid="2" />
    <channel service_ref="1:0:25:0a8e:0001:0800:0dc00000:0:0:0:" name="Al Safwa" service_name="Al Safwa" provider="Orbit Showtime Network" sid="2702" onid="2048" tsid="1" />
    <channel service_ref="1:0:1:0069:0c28:006e:0dc00000:0:0:0:" name="Al Salam" service_name="Al Salam" provider="DARSAT" sid="105" onid="110" tsid="3112" />
    <channel service_ref="1:0:1:025b:0c28:006e:0dc00000:0:0:0:" name="Al Tasweqiah" service_name="Al Tasweqiah" provider="DARSAT" sid="603" onid="110" tsid="3112" />
    <channel service_ref="1:0:1:0005:0208:02be:0dc00000:0:0:0:" name="Al Wousta from Al Dhaid HD" service_name="Al Wousta from Al Dhaid HD" provider="" sid="5" onid="702" tsid="520" />
    <channel service_ref="1:0:25:0a8d:0001:0800:0dc00000:0:0:0:" name="Al Yawm" service_name="Al Yawm" provider="Orbit Showtime Network" sid="2701" onid="2048" tsid="1" />
    <channel service_ref="1:0:1:14d2:0320:5000:0dc00000:0:0:0:" name="Al-Ebaa  TV" service_name="Al-Ebaa  TV" provider="gulfsat" sid="5330" onid="20480" tsid="800" />
    <channel service_ref="1:0:1:0024:001f:006e:0dc00000:0:0:0:" name="Albaghdadia Now" service_name="Albaghdadia Now" provider="NOORSAT" sid="36" onid="110" tsid="31" />
    <channel service_ref="1:0:1:001d:001e:006e:0dc00000:0:0:0:" name="Aldawaa Alshafy" service_name="Aldawaa Alshafy" provider="NOORSAT" sid="29" onid="110" tsid="30" />
    <channel service_ref="1:0:1:000c:c3b4:077e:0dc00000:0:0:0:" name="Alkadhmy" service_name="Alkadhmy" provider="" sid="12" onid="1918" tsid="50100" />
    <channel service_ref="1:0:1:000f:c3b4:077e:0dc00000:0:0:0:" name="Alkashash" service_name="Alkashash" provider="" sid="15" onid="1918" tsid="50100" />
    <channel service_ref="1:0:1:001c:c3b4:077e:0dc00000:0:0:0:" name="Almasalah" service_name="Almasalah" provider="" sid="28" onid="1918" tsid="50100" />
    <channel service_ref="1:0:1:000e:0002:ffff:0dc02b58:0:0:0:" name="Alons TV" service_name="Alons TV" provider="Harmonic" sid="14" onid="65535" tsid="2" />
    <channel service_ref="1:0:1:000f:0002:ffff:0dc02b58:0:0:0:" name="Altarek - The Way TV" service_name="Altarek - The Way TV" provider="ViewSat" sid="15" onid="65535" tsid="2" />
    <channel service_ref="1:0:1:166c:0320:5000:0dc00000:0:0:0:" name="Alwalaa TV" service_name="Alwalaa TV" provider="GULFSAT" sid="5740" onid="20480" tsid="800" />
    <channel service_ref="1:0:1:0d52:0384:5000:0dc00000:0:0:0:" name="An-Najah NBC" service_name="An-Najah NBC" provider="Palsat" sid="3410" onid="20480" tsid="900" />
    <channel service_ref="1:0:1:14be:0320:5000:0dc00000:0:0:0:" name="Annahar Iraq" service_name="Annahar Iraq" provider="GULFSAT" sid="5310" onid="20480" tsid="800" />
    <channel service_ref="1:0:1:0d2a:0384:5000:0dc00000:0:0:0:" name="Awdeh" service_name="Awdeh" provider="Palsat" sid="3370" onid="20480" tsid="900" />
    <channel service_ref="1:0:1:026b:0c28:006e:0dc00000:0:0:0:" name="Benghazi 24 TV" service_name="Benghazi 24 TV" provider="DarSat" sid="619" onid="110" tsid="3112" />
    <channel service_ref="1:0:1:0278:0320:5000:0dc00000:0:0:0:" name="Benghazi TV" service_name="Benghazi TV" provider="gulfsat" sid="632" onid="20480" tsid="800" />
    <channel service_ref="1:0:1:0012:0002:ffff:0dc02b58:0:0:0:" name="BETV" service_name="BETV" provider="ViewSat" sid="18" onid="65535" tsid="2" />
    <channel service_ref="1:0:1:0002:001e:006e:0dc00000:0:0:0:" name="Cairo One TV" service_name="Cairo One TV" provider="NOORSAT" sid="2" onid="110" tsid="30" />
    <channel service_ref="1:0:1:004c:001f:006e:0dc00000:0:0:0:" name="Cima Tube" service_name="Cima Tube" provider="OSAT" sid="76" onid="110" tsid="31" />
    <channel service_ref="1:0:25:162b:0237:0800:0dc00000:0:0:0:" name="Comedy Central HD MEA" service_name="Comedy Central HD MEA" provider="Orbit Showtime Network" sid="5675" onid="2048" tsid="567" />
    <channel service_ref="1:0:1:003f:001f:006e:0dc00000:0:0:0:" name="Correct October" service_name="Correct October" provider="NOORSAT" sid="63" onid="110" tsid="31" />
    <channel service_ref="1:0:1:066c:0320:5000:0dc00000:0:0:0:" name="Damaa TV" service_name="Damaa TV" provider="gulfsat" sid="1644" onid="20480" tsid="800" />
    <channel service_ref="1:0:1:00d3:ffdc:077e:0dc00000:0:0:0:" name="DTV Algérie" service_name="DTV Algérie" provider="Mena Media" sid="211" onid="1918" tsid="65500" />
    <channel service_ref="1:0:1:05fa:ffdc:077e:ffb0318d:0:0:0:" name="El Eiman TV" service_name="El Eiman TV" provider="" sid="1530" onid="1918" tsid="65500" />
    <channel service_ref="1:0:1:00d6:ffdc:077e:0dc00000:0:0:0:" name="El Sharq" service_name="El Sharq" provider="Mena Media" sid="214" onid="1918" tsid="65500" />
    <channel service_ref="1:0:1:001d:0002:ffff:0dc02b58:0:0:0:" name="ElKeraza" service_name="ElKeraza" provider="ViewSat" sid="29" onid="65535" tsid="2" />
    <channel service_ref="1:0:1:0004:0002:ffff:0dc02b58:0:0:0:" name="Elohi TV" service_name="Elohi TV" provider="ViewSat" sid="4" onid="65535" tsid="2" />
    <channel service_ref="1:0:25:0a93:0001:0800:0dc00000:0:0:0:" name="Fann" service_name="Fann" provider="Orbit Showtime Network" sid="2707" onid="2048" tsid="1" />
    <channel service_ref="1:0:1:0d34:0384:5000:0dc00000:0:0:0:" name="Feed 1" service_name="Feed 1" provider="Palsat" sid="3380" onid="20480" tsid="900" />
    <channel service_ref="1:0:1:0003:c3b4:077e:0dc00000:0:0:0:" name="FMI TV" service_name="FMI TV" provider="" sid="3" onid="1918" tsid="50100" />
    <channel service_ref="1:0:1:14aa:0320:5000:0dc00000:0:0:0:" name="Forsan Al Iraq" service_name="Forsan Al Iraq" provider="GULFSAT" sid="5290" onid="20480" tsid="800" />
    <channel service_ref="1:0:1:05aa:ffdc:077e:ffb0318d:0:0:0:" name="Gali Kurdistan TV" service_name="Gali Kurdistan TV" provider="" sid="1450" onid="1918" tsid="65500" />
    <channel service_ref="1:0:1:0007:c3b4:077e:0dc00000:0:0:0:" name="GEM Kurd" service_name="GEM Kurd" provider="" sid="7" onid="1918" tsid="50100" />
    <channel service_ref="1:0:1:0006:c3b4:077e:0dc00000:0:0:0:" name="GEM TV" service_name="GEM TV" provider="" sid="6" onid="1918" tsid="50100" />
    <channel service_ref="1:0:25:065d:0237:0800:0dc00000:0:0:0:" name="H2 HD" service_name="H2 HD" provider="Orbit Showtime Network" sid="1629" onid="2048" tsid="567" />
    <channel service_ref="1:0:1:15d6:0320:5000:0dc00000:0:0:0:" name="Hala TV" service_name="Hala TV" provider="GULFSAT" sid="5590" onid="20480" tsid="800" />
    <channel service_ref="1:0:1:0017:001f:006e:0dc00000:0:0:0:" name="Halaba Stret" service_name="Halaba Stret" provider="OSAT" sid="23" onid="110" tsid="31" />
    <channel service_ref="1:0:1:0005:001e:006e:0dc00000:0:0:0:" name="Health &amp; Food TV" service_name="Health &amp; Food TV" provider="" sid="5" onid="110" tsid="30" />
    <channel service_ref="1:0:25:162a:0237:0800:0dc00000:0:0:0:" name="ID Xtra HD MEA" service_name="ID Xtra HD MEA" provider="Orbit Showtime Network" sid="5674" onid="2048" tsid="567" />
    <channel service_ref="1:0:1:0011:0002:ffff:0dc02b58:0:0:0:" name="Iraq Future TV" service_name="Iraq Future TV" provider="ViewSat" sid="17" onid="65535" tsid="2" />
    <channel service_ref="1:0:1:0067:0c28:006e:0dc00000:0:0:0:" name="Iraq Now" service_name="Iraq Now" provider="Darsat" sid="103" onid="110" tsid="3112" />
    <channel service_ref="1:0:1:001a:c3b4:077e:0dc00000:0:0:0:" name="IRAQI ADVISORY CLINIC" service_name="IRAQI ADVISORY CLINIC" provider="" sid="26" onid="1918" tsid="50100" />
    <channel service_ref="1:0:1:001c:001e:006e:0dc00000:0:0:0:" name="IUC" service_name="IUC" provider="NOORSAT" sid="28" onid="110" tsid="30" />
    <channel service_ref="1:0:1:0003:0002:ffff:0dc02b58:0:0:0:" name="Jesus Wonderful TV" service_name="Jesus Wonderful TV" provider="ViewSat" sid="3" onid="65535" tsid="2" />
    <channel service_ref="1:0:1:000d:c3b4:077e:0dc00000:0:0:0:" name="JNC" service_name="JNC" provider="" sid="13" onid="1918" tsid="50100" />
    <channel service_ref="1:0:1:000b:c3b4:077e:0dc00000:0:0:0:" name="Jordan Alhurra" service_name="Jordan Alhurra" provider="" sid="11" onid="1918" tsid="50100" />
    <channel service_ref="1:0:1:15f4:0320:5000:0dc00000:0:0:0:" name="Kirkuk TV" service_name="Kirkuk TV" provider="gulfsat" sid="5620" onid="20480" tsid="800" />
    <channel service_ref="1:0:1:025d:0c28:006e:0dc00000:0:0:0:" name="Kitabat TV" service_name="Kitabat TV" provider="DARSAT" sid="605" onid="110" tsid="3112" />
    <channel service_ref="1:0:25:044d:7594:077e:0dc00000:0:0:0:" name="KTV 1 HD" service_name="KTV 1 HD" provider="MOI" sid="1101" onid="1918" tsid="30100" />
    <channel service_ref="1:0:25:044e:7594:077e:0dc00000:0:0:0:" name="KTV 2 HD" service_name="KTV 2 HD" provider="MOI" sid="1102" onid="1918" tsid="30100" />
    <channel service_ref="1:0:25:01c6:7594:077e:0dc00000:0:0:0:" name="KTV Plus HD" service_name="KTV Plus HD" provider="MOI" sid="454" onid="1918" tsid="30100" />
    <channel service_ref="1:0:1:00d1:ffdc:077e:0dc00000:0:0:0:" name="Kurdmax Pepule" service_name="Kurdmax Pepule" provider="Mena Media" sid="209" onid="1918" tsid="65500" />
    <channel service_ref="1:0:1:058c:ffdc:077e:ffb0318d:0:0:0:" name="Kurdsat" service_name="Kurdsat" provider="" sid="1420" onid="1918" tsid="65500" />
    <channel service_ref="1:0:1:00f2:ffdc:077e:ffb0318d:0:0:0:" name="Kurdsat HD" service_name="Kurdsat HD" provider="" sid="242" onid="1918" tsid="65500" />
    <channel service_ref="1:0:1:0007:0002:ffff:0dc02b58:0:0:0:" name="Lamsat TV" service_name="Lamsat TV" provider="ViewSat" sid="7" onid="65535" tsid="2" />
    <channel service_ref="1:0:1:052d:ffdc:077e:0dc00000:0:0:0:" name="Libya 24" service_name="Libya 24" provider="Mena Media" sid="1325" onid="1918" tsid="65500" />
    <channel service_ref="1:0:1:025f:0c28:006e:0dc00000:0:0:0:" name="Libya Alhadath" service_name="Libya Alhadath" provider="DARSAT" sid="607" onid="110" tsid="3112" />
    <channel service_ref="1:0:1:02b2:0320:5000:0dc00000:0:0:0:" name="Libya Alwatnya" service_name="Libya Alwatnya" provider="gulfsat" sid="690" onid="20480" tsid="800" />
    <channel service_ref="1:0:1:025e:0c28:006e:0dc00000:0:0:0:" name="Libya Business" service_name="Libya Business" provider="DARSAT" sid="606" onid="110" tsid="3112" />
    <channel service_ref="1:0:1:00d7:ffdc:077e:0dc00000:0:0:0:" name="Libya Panorama" service_name="Libya Panorama" provider="Mena Media" sid="215" onid="1918" tsid="65500" />
    <channel service_ref="1:0:1:168a:0320:5000:0dc00000:0:0:0:" name="Liwan TV" service_name="Liwan TV" provider="GULFSAT" sid="5770" onid="20480" tsid="800" />
    <channel service_ref="1:0:1:000b:0002:ffff:0dc02b58:0:0:0:" name="Logos TV" service_name="Logos TV" provider="ViewSat" sid="11" onid="65535" tsid="2" />
    <channel service_ref="1:0:1:0010:001e:006e:0dc00000:0:0:0:" name="Lumiere TV" service_name="Lumiere TV" provider="NOORSAT" sid="16" onid="110" tsid="30" />
    <channel service_ref="1:0:1:0cf8:0384:5000:0dc00000:0:0:0:" name="Maan TV" service_name="Maan TV" provider="Palsat" sid="3320" onid="20480" tsid="900" />
    <channel service_ref="1:0:1:068c:0320:5000:0dc00000:0:0:0:" name="Manhaj" service_name="Manhaj" provider="GULFSAT" sid="1676" onid="20480" tsid="800" />
    <channel service_ref="1:0:1:002e:0002:ffff:0dc02b58:0:0:0:" name="Mariam TV" service_name="Mariam TV" provider="ViewSat" sid="46" onid="65535" tsid="2" />
    <channel service_ref="1:0:1:00cc:ffdc:077e:0dc00000:0:0:0:" name="Marjaeyat 2" service_name="Marjaeyat 2" provider="Mena Media" sid="204" onid="1918" tsid="65500" />
    <channel service_ref="1:0:1:0011:001e:006e:0dc00000:0:0:0:" name="Masr Alhayah" service_name="Masr Alhayah" provider="" sid="17" onid="110" tsid="30" />
    <channel service_ref="1:0:1:003e:001f:006e:0dc00000:0:0:0:" name="Masr Alyoum" service_name="Masr Alyoum" provider="NOORSAT" sid="62" onid="110" tsid="31" />
    <channel service_ref="1:0:1:0004:c3b4:077e:0dc00000:0:0:0:" name="Mekameleen TV" service_name="Mekameleen TV" provider="" sid="4" onid="1918" tsid="50100" />
    <channel service_ref="1:0:1:00cd:ffdc:077e:0dc00000:0:0:0:" name="Mena Media" service_name="Mena Media" provider="Mena Media" sid="205" onid="1918" tsid="65500" />
    <channel service_ref="1:0:1:000c:0002:ffff:0dc02b58:0:0:0:" name="Misr ELBald" service_name="Misr ELBald" provider="ViewSat" sid="12" onid="65535" tsid="2" />
    <channel service_ref="1:0:1:0006:0002:ffff:0dc02b58:0:0:0:" name="MOA TV" service_name="MOA TV" provider="ViewSat" sid="6" onid="65535" tsid="2" />
    <channel service_ref="1:0:1:001a:001f:006e:0dc00000:0:0:0:" name="Mosalsalat Tube" service_name="Mosalsalat Tube" provider="OSAT" sid="26" onid="110" tsid="31" />
    <channel service_ref="1:0:1:0ba4:0384:5000:0dc00000:0:0:0:" name="Musawa TV" service_name="Musawa TV" provider="Palsat" sid="2980" onid="20480" tsid="900" />
    <channel service_ref="1:0:1:000f:001e:006e:0dc00000:0:0:0:" name="Nabd Syria TV" service_name="Nabd Syria TV" provider="NOORSAT" sid="15" onid="110" tsid="30" />
    <channel service_ref="1:0:1:025c:0c28:006e:0dc00000:0:0:0:" name="Naynawa Alghad" service_name="Naynawa Alghad" provider="DARSAT" sid="604" onid="110" tsid="3112" />
    <channel service_ref="1:0:1:002c:0002:ffff:0dc02b58:0:0:0:" name="Nour Al Sharq" service_name="Nour Al Sharq" provider="ViewSat" sid="44" onid="65535" tsid="2" />
    <channel service_ref="1:0:1:0001:001e:006e:0dc00000:0:0:0:" name="Nour El Keddisin" service_name="Nour El Keddisin" provider="NOORSAT" sid="1" onid="110" tsid="30" />
    <channel service_ref="1:0:1:0026:001f:006e:0dc00000:0:0:0:" name="Nour El Sham" service_name="Nour El Sham" provider="NOORSAT" sid="38" onid="110" tsid="31" />
    <channel service_ref="1:0:1:002d:0002:ffff:0dc02b58:0:0:0:" name="Nour Koddass" service_name="Nour Koddass" provider="ViewSat" sid="45" onid="65535" tsid="2" />
    <channel service_ref="1:0:1:0d02:0384:5000:0dc00000:0:0:0:" name="Palestine LIVE" service_name="Palestine LIVE" provider="Palsat" sid="3330" onid="20480" tsid="900" />
    <channel service_ref="1:0:1:001a:0002:ffff:0dc02b58:0:0:0:" name="Presence TV Channel" service_name="Presence TV Channel" provider="ViewSat" sid="26" onid="65535" tsid="2" />
    <channel service_ref="1:0:1:0d16:0384:5000:0dc00000:0:0:0:" name="PSC - Palestinian Satellite Channel" service_name="PSC - Palestinian Satellite Channel" provider="Palsat" sid="3350" onid="20480" tsid="900" />
    <channel service_ref="1:0:1:000b:001e:006e:0dc00000:0:0:0:" name="Qamishlo TV" service_name="Qamishlo TV" provider="NOORSAT" sid="11" onid="110" tsid="30" />
    <channel service_ref="1:0:1:010b:0c28:006e:0dc00000:0:0:0:" name="Qatar Aswaq" service_name="Qatar Aswaq" provider="Darsat" sid="267" onid="110" tsid="3112" />
    <channel service_ref="1:0:1:00c7:4ee8:077e:0dc00000:0:0:0:" name="Qatar TV" service_name="Qatar TV" provider="Al Jazeera" sid="199" onid="1918" tsid="20200" />
    <channel service_ref="1:0:1:0d3e:0384:5000:0dc00000:0:0:0:" name="QOU.EDU" service_name="QOU.EDU" provider="Palsat" sid="3390" onid="20480" tsid="900" />
    <channel service_ref="1:0:1:004d:001f:006e:0dc00000:0:0:0:" name="Quran TV" service_name="Quran TV" provider="OSAT" sid="77" onid="110" tsid="31" />
    <channel service_ref="1:0:1:001a:001e:006e:0dc00000:0:0:0:" name="Rojava TV" service_name="Rojava TV" provider="" sid="26" onid="110" tsid="30" />
    <channel service_ref="1:0:1:0005:0002:ffff:0dc02b58:0:0:0:" name="RTV" service_name="RTV" provider="ViewSat" sid="5" onid="65535" tsid="2" />
    <channel service_ref="1:0:1:00cb:ffdc:077e:0dc00000:0:0:0:" name="Rudaw TV" service_name="Rudaw TV" provider="Mena Media" sid="203" onid="1918" tsid="65500" />
    <channel service_ref="1:0:1:000a:c3b4:077e:0dc00000:0:0:0:" name="Sajaya TV" service_name="Sajaya TV" provider="" sid="10" onid="1918" tsid="50100" />
    <channel service_ref="1:0:1:001b:c3b4:077e:0dc00000:0:0:0:" name="Salah el-Din" service_name="Salah el-Din" provider="" sid="27" onid="1918" tsid="50100" />
    <channel service_ref="1:0:1:0015:001f:006e:0dc00000:0:0:0:" name="Sama TV" service_name="Sama TV" provider="NOORSAT" sid="21" onid="110" tsid="31" />
    <channel service_ref="1:0:1:0003:001e:006e:0dc00000:0:0:0:" name="Samarra TV" service_name="Samarra TV" provider="NOORSAT" sid="3" onid="110" tsid="30" />
    <channel service_ref="1:0:1:001f:0002:ffff:0dc02b58:0:0:0:" name="Savior Satellite Network" service_name="Savior Satellite Network" provider="ViewSat" sid="31" onid="65535" tsid="2" />
    <channel service_ref="1:0:1:0001:0208:02be:0dc00000:0:0:0:" name="Sharjah HD" service_name="Sharjah HD" provider="" sid="1" onid="702" tsid="520" />
    <channel service_ref="1:0:1:0002:0208:02be:0dc00000:0:0:0:" name="Sharjah TV" service_name="Sharjah TV" provider="" sid="2" onid="702" tsid="520" />
    <channel service_ref="1:0:1:0004:0208:02be:0dc00000:0:0:0:" name="Sharqiya from Kalba" service_name="Sharqiya from Kalba" provider="" sid="4" onid="702" tsid="520" />
    <channel service_ref="1:0:1:0003:0208:02be:0dc00000:0:0:0:" name="Sharqiya from Kalba HD" service_name="Sharqiya from Kalba HD" provider="SHARQIYA from Kalba-Main" sid="3" onid="702" tsid="520" />
    <channel service_ref="1:0:1:05e6:ffdc:077e:ffb0318d:0:0:0:" name="Sheba TV" service_name="Sheba TV" provider="" sid="1510" onid="1918" tsid="65500" />
    <channel service_ref="1:0:1:067e:0320:5000:0dc00000:0:0:0:" name="Shifa TV" service_name="Shifa TV" provider="gulfsat" sid="1662" onid="20480" tsid="800" />
    <channel service_ref="1:0:1:001d:c3b4:077e:0dc00000:0:0:0:" name="SMART FM" service_name="SMART FM" provider="" sid="29" onid="1918" tsid="50100" />
    <channel service_ref="1:0:1:000d:001e:006e:0dc00000:0:0:0:" name="Sout Masr" service_name="Sout Masr" provider="NOORSAT" sid="13" onid="110" tsid="30" />
    <channel service_ref="1:0:1:00ce:ffdc:077e:0dc00000:0:0:0:" name="Speda TV" service_name="Speda TV" provider="Mena Media" sid="206" onid="1918" tsid="65500" />
    <channel service_ref="1:0:1:0009:c3b4:077e:0dc00000:0:0:0:" name="Sterk TV" service_name="Sterk TV" provider="" sid="9" onid="1918" tsid="50100" />
    <channel service_ref="1:0:1:05be:ffdc:077e:ffb0318d:0:0:0:" name="Suroyo TV" service_name="Suroyo TV" provider="" sid="1470" onid="1918" tsid="65500" />
    <channel service_ref="1:0:1:0027:001f:006e:0dc00000:0:0:0:" name="SYRIA FM" service_name="SYRIA FM" provider="NOORSAT" sid="39" onid="110" tsid="31" />
    <channel service_ref="1:0:1:001e:001f:006e:0dc00000:0:0:0:" name="Syria Satellite Channel" service_name="Syria Satellite Channel" provider="NOORSAT" sid="30" onid="110" tsid="31" />
    <channel service_ref="1:0:1:002e:001f:006e:0dc00000:0:0:0:" name="Tatt7 TV" service_name="Tatt7 TV" provider="OSAT" sid="46" onid="110" tsid="31" />
    <channel service_ref="1:0:1:00c4:4ee8:077e:0dc00000:0:0:0:" name="TEST" service_name="TEST" provider="Al Jazeera" sid="196" onid="1918" tsid="20200" />
    <channel service_ref="1:0:1:0012:001e:006e:0dc00000:0:0:0:" name="TEST-EGYPT" service_name="TEST-EGYPT" provider="NOORSAT" sid="18" onid="110" tsid="30" />
    <channel service_ref="1:0:1:0070:0c28:006e:0dc00000:0:0:0:" name="Toyor Al Iraq" service_name="Toyor Al Iraq" provider="DARSAT" sid="112" onid="110" tsid="3112" />
    <channel service_ref="1:0:1:002d:001f:006e:0dc00000:0:0:0:" name="Uber Aflam" service_name="Uber Aflam" provider="NOORSAT" sid="45" onid="110" tsid="31" />
    <channel service_ref="1:0:1:0025:001f:006e:0dc00000:0:0:0:" name="Uber Classic" service_name="Uber Classic" provider="OSAT" sid="37" onid="110" tsid="31" />
    <channel service_ref="1:0:1:001e:c3b4:077e:0dc00000:0:0:0:" name="ur fm iraq" service_name="ur fm iraq" provider="" sid="30" onid="1918" tsid="50100" />
    <channel service_ref="1:0:1:00d8:ffdc:077e:0dc00000:0:0:0:" name="Vin TV" service_name="Vin TV" provider="Mena Media" sid="216" onid="1918" tsid="65500" />
    <channel service_ref="1:0:1:05dc:ffdc:077e:ffb0318d:0:0:0:" name="Yemen Today" service_name="Yemen Today" provider="" sid="1500" onid="1918" tsid="65500" />
    <channel service_ref="1:0:1:05d2:ffdc:077e:ffb0318d:0:0:0:" name="Yemen TV" service_name="Yemen TV" provider="" sid="1490" onid="1918" tsid="65500" />
  </bouquet>
</zapit>
