{
  "api_version": 4,
  "bouquet_count": "244",
  "category": "sat",
  "deduplicated_services": "0",
  "display_name": "Sat-21.5E",
  "lamedb_version": "4",
  "last_seen": "unknown",
  "satellite_code": "S21.5E",
  "service_count": "12933",
  "source": "work/ingest/oe-alliance/vhannibal.motor.and.dtt.sicilia/enigma2",
  "stale": "unknown",
  "stats": "{\"bouquet_count\": 48, \"cable_services\": 0, \"radio_services\": 2003, \"sat_services\": 12627, \"terrestrial_services\": 306, \"total_services\": 12933}",
  "thresholds": "{\"cable\": 20, \"sat\": 50, \"terrestrial\": 20}",
  "transponder_count": "960"
}