<?xml version='1.0' encoding='utf-8'?>
<zapit api="4">
  <terrestrials>
    <terrestrial key="eeee0000:16b7:217c" name="Primantenna" namespace="0xeeee0000">
      <transponder key="eeee0000:16b7:217c" frequency="474000000" symbol_rate="0" polarization="H" fec="5" system="0" modulation="4">
        <service id="0x000e" sid="14" name="Lombardia Tv" type="1" provider="Primantenna" onid="8572" tsid="5815" namespace="0xeeee0000" />
        <service id="0x000f" sid="15" name="Lombardia TV 85" type="1" provider="Primantenna" onid="8572" tsid="5815" namespace="0xeeee0000" />
        <service id="0x0003" sid="3" name="Motori Market" type="1" provider="Primantenna" onid="8572" tsid="5815" namespace="0xeeee0000" />
        <service id="0x0002" sid="2" name="Motori Tv" type="1" provider="Primantenna" onid="8572" tsid="5815" namespace="0xeeee0000" />
        <service id="0x0009" sid="9" name="Motori Tv+1" type="1" provider="Primantenna" onid="8572" tsid="5815" namespace="0xeeee0000" />
        <service id="0x0001" sid="1" name="Primantenna" type="1" provider="Primantenna" onid="8572" tsid="5815" namespace="0xeeee0000" />
        <service id="0x0006" sid="6" name="Primantenna Family" type="1" provider="Primantenna" onid="8572" tsid="5815" namespace="0xeeee0000" />
        <service id="0x0005" sid="5" name="Primantenna+1" type="1" provider="Primantenna" onid="8572" tsid="5815" namespace="0xeeee0000" />
        <service id="0x00c8" sid="200" name="QuartaRete Blu" type="1" provider="Primantenna" onid="8572" tsid="5815" namespace="0xeeee0000" />
        <service id="0x0028" sid="40" name="Quintarete" type="1" provider="Primantenna" onid="8572" tsid="5815" namespace="0xeeee0000" />
        <service id="0x03e9" sid="1001" name="Radio Beckwith" type="1" provider="Mainlevel" onid="8572" tsid="5815" namespace="0xeeee0000" />
        <service id="0x03e8" sid="1000" name="Radio Gold TV" type="1" provider="Primantenna" onid="8572" tsid="5815" namespace="0xeeee0000" />
        <service id="0x0008" sid="8" name="RADIO JUKEBOXTV" type="1" provider="" onid="8572" tsid="5815" namespace="0xeeee0000" />
        <service id="0x0004" sid="4" name="Telestudio" type="1" provider="" onid="8572" tsid="5815" namespace="0xeeee0000" />
        <service id="0x0029" sid="41" name="Radio Alfa" type="2" provider="Primantenna" onid="8572" tsid="5815" namespace="0xeeee0000" radio="1" />
        <service id="0x000c" sid="12" name="Radio Antenna1" type="2" provider="Primantenna" onid="8572" tsid="5815" namespace="0xeeee0000" radio="1" />
        <service id="0x000d" sid="13" name="Radio Juke Box" type="2" provider="Primantenna" onid="8572" tsid="5815" namespace="0xeeee0000" radio="1" />
      </transponder>
    </terrestrial>
  </terrestrials>
</zapit>
