<?xml version='1.0' encoding='utf-8'?>
<zapit api="4">
  <terrestrials>
    <terrestrial key="eeee0000:0001:217c" name="Rai" namespace="0xeeee0000">
      <transponder key="eeee0000:0001:217c" frequency="514000000" symbol_rate="0" polarization="H" fec="5" system="0" modulation="4">
        <service id="0x03fc" sid="1020" name="No Name Radio powered by Rai" type="22" provider="Rai" onid="8572" tsid="1" namespace="0xeeee0000" />
        <service id="0x03f1" sid="1009" name="Rai 4" type="22" provider="Rai" onid="8572" tsid="1" namespace="0xeeee0000" />
        <service id="0x00bf" sid="191" name="Rai 4 HD" type="22" provider="Rai" onid="8572" tsid="1" namespace="0xeeee0000" />
        <service id="0x03ff" sid="1023" name="Rai 4K" type="22" provider="Rai" onid="8572" tsid="1" namespace="0xeeee0000" />
        <service id="0x03ef" sid="1007" name="Rai 5" type="22" provider="Rai" onid="8572" tsid="1" namespace="0xeeee0000" />
        <service id="0x03f4" sid="1012" name="Rai GR Parlamento" type="22" provider="Rai" onid="8572" tsid="1" namespace="0xeeee0000" />
        <service id="0x03ec" sid="1004" name="Rai Gulp" type="22" provider="Rai" onid="8572" tsid="1" namespace="0xeeee0000" />
        <service id="0x03f5" sid="1013" name="Rai Isoradio" type="22" provider="Rai" onid="8572" tsid="1" namespace="0xeeee0000" />
        <service id="0x03ea" sid="1002" name="Rai Movie HD" type="25" provider="Rai" onid="8572" tsid="1" namespace="0xeeee0000" />
        <service id="0x03ee" sid="1006" name="Rai Premium" type="22" provider="Rai" onid="8572" tsid="1" namespace="0xeeee0000" />
        <service id="0x00c3" sid="195" name="Rai Premium HD" type="22" provider="Rai" onid="8572" tsid="1" namespace="0xeeee0000" />
        <service id="0x03fb" sid="1019" name="Rai Radio 1 Sport" type="22" provider="Rai" onid="8572" tsid="1" namespace="0xeeee0000" />
        <service id="0x03f6" sid="1014" name="Rai Radio 3 Classica" type="22" provider="Rai" onid="8572" tsid="1" namespace="0xeeee0000" />
        <service id="0x03f7" sid="1015" name="Rai Radio Kids" type="22" provider="Rai" onid="8572" tsid="1" namespace="0xeeee0000" />
        <service id="0x03f8" sid="1016" name="Rai Radio Live Napoli" type="22" provider="Rai" onid="8572" tsid="1" namespace="0xeeee0000" />
        <service id="0x03f9" sid="1017" name="Rai Radio Techete'" type="22" provider="Rai" onid="8572" tsid="1" namespace="0xeeee0000" />
        <service id="0x03fa" sid="1018" name="Rai Radio Tutta Italiana" type="22" provider="Rai" onid="8572" tsid="1" namespace="0xeeee0000" />
        <service id="0x00c1" sid="193" name="Rai Scuola HD" type="22" provider="Rai" onid="8572" tsid="1" namespace="0xeeee0000" />
        <service id="0x03e9" sid="1001" name="Rai Sport HD" type="25" provider="Rai" onid="8572" tsid="1" namespace="0xeeee0000" />
        <service id="0x00c2" sid="194" name="Rai Storia HD" type="22" provider="Rai" onid="8572" tsid="1" namespace="0xeeee0000" />
        <service id="0x03ed" sid="1005" name="Rai YoYo" type="22" provider="Rai" onid="8572" tsid="1" namespace="0xeeee0000" />
        <service id="0x03fe" sid="1022" name="Rai Radio 1" type="10" provider="Rai" onid="8572" tsid="1" namespace="0xeeee0000" radio="1" />
        <service id="0x03f2" sid="1010" name="Rai Radio 2" type="2" provider="Rai" onid="8572" tsid="1" namespace="0xeeee0000" radio="1" />
        <service id="0x03f3" sid="1011" name="Rai Radio 3" type="2" provider="Rai" onid="8572" tsid="1" namespace="0xeeee0000" radio="1" />
      </transponder>
    </terrestrial>
    <terrestrial key="eeee0000:0002:217c" name="Rai" namespace="0xeeee0000">
      <transponder key="eeee0000:0002:217c" frequency="626000000" symbol_rate="0" polarization="H" fec="5" system="0" modulation="4">
        <service id="0x041b" sid="1051" name="Rai 1 HD (provvisorio)" type="31" provider="Rai" onid="8572" tsid="2" namespace="0xeeee0000" />
        <service id="0x041c" sid="1052" name="Rai 2 HD (provvisorio)" type="31" provider="Rai" onid="8572" tsid="2" namespace="0xeeee0000" />
        <service id="0x041f" sid="1055" name="Rai 3 HD (provvisorio)" type="31" provider="Rai" onid="8572" tsid="2" namespace="0xeeee0000" />
        <service id="0x01a4" sid="420" name="Rai 4 HD" type="31" provider="Rai" onid="8572" tsid="2" namespace="0xeeee0000" />
        <service id="0x01ae" sid="430" name="Rai 4K Test" type="31" provider="Rai" onid="8572" tsid="2" namespace="0xeeee0000" />
        <service id="0x01ab" sid="427" name="Rai 5 HD" type="31" provider="Rai" onid="8572" tsid="2" namespace="0xeeee0000" />
        <service id="0x01ad" sid="429" name="Rai Gulp HD" type="31" provider="Rai" onid="8572" tsid="2" namespace="0xeeee0000" />
        <service id="0x01aa" sid="426" name="Rai Movie HD" type="31" provider="Rai" onid="8572" tsid="2" namespace="0xeeee0000" />
        <service id="0x01a5" sid="421" name="Rai News 24 HD" type="31" provider="Rai" onid="8572" tsid="2" namespace="0xeeee0000" />
        <service id="0x042d" sid="1069" name="Rai Play" type="31" provider="Rai" onid="8572" tsid="2" namespace="0xeeee0000" />
        <service id="0x042e" sid="1070" name="Rai Play Sound" type="31" provider="Rai" onid="8572" tsid="2" namespace="0xeeee0000" />
        <service id="0x042f" sid="1071" name="Rai Premium HD" type="31" provider="Rai" onid="8572" tsid="2" namespace="0xeeee0000" />
        <service id="0x041d" sid="1053" name="Rai Radio 2 Visual HD" type="31" provider="Rai" onid="8572" tsid="2" namespace="0xeeee0000" />
        <service id="0x041e" sid="1054" name="Rai Scuola HD" type="25" provider="Rai" onid="8572" tsid="2" namespace="0xeeee0000" />
        <service id="0x01a9" sid="425" name="Rai Sport HD" type="31" provider="Rai" onid="8572" tsid="2" namespace="0xeeee0000" />
        <service id="0x01a7" sid="423" name="Rai Storia HD" type="31" provider="Rai" onid="8572" tsid="2" namespace="0xeeee0000" />
        <service id="0x042a" sid="1066" name="Rai YoYo HD" type="31" provider="Rai" onid="8572" tsid="2" namespace="0xeeee0000" />
        <service id="0x01af" sid="431" name="RTV San Marino" type="31" provider="Rai" onid="8572" tsid="2" namespace="0xeeee0000" />
      </transponder>
    </terrestrial>
    <terrestrial key="eeee0000:008f:217c" name="Rai" namespace="0xeeee0000">
      <transponder key="eeee0000:008f:217c" frequency="546000000" symbol_rate="0" polarization="H" fec="5" system="0" modulation="4">
        <service id="0x04e3" sid="1251" name="Rai 1 HD" type="25" provider="Rai" onid="8572" tsid="143" namespace="0xeeee0000" />
        <service id="0x04e4" sid="1252" name="Rai 2 HD" type="25" provider="Rai" onid="8572" tsid="143" namespace="0xeeee0000" />
        <service id="0x04ed" sid="1261" name="Rai 3 TGR Lazio HD" type="1" provider="Rai" onid="8572" tsid="143" namespace="0xeeee0000" />
        <service id="0x04f0" sid="1264" name="Rai 3 TGR Lazio HD" type="1" provider="Rai" onid="8572" tsid="143" namespace="0xeeee0000" />
        <service id="0x04ee" sid="1262" name="Rai 3 TGR Toscana HD" type="1" provider="Rai" onid="8572" tsid="143" namespace="0xeeee0000" />
        <service id="0x04f1" sid="1265" name="Rai 3 TGR Toscana HD" type="1" provider="Rai" onid="8572" tsid="143" namespace="0xeeee0000" />
        <service id="0x04ef" sid="1263" name="Rai 3 TGR Umbria" type="1" provider="Rai" onid="8572" tsid="143" namespace="0xeeee0000" />
        <service id="0x04f2" sid="1266" name="Rai 3 TGR Umbria" type="1" provider="Rai" onid="8572" tsid="143" namespace="0xeeee0000" />
        <service id="0x04e5" sid="1253" name="Rai News 24" type="22" provider="Rai" onid="8572" tsid="143" namespace="0xeeee0000" />
        <service id="0x04f4" sid="1268" name="Rai News 24" type="22" provider="Rai" onid="8572" tsid="143" namespace="0xeeee0000" />
      </transponder>
    </terrestrial>
  </terrestrials>
</zapit>
