<?xml version='1.0' encoding='utf-8'?>
<zapit>
  <bouquet name="General" category="tv">
    <channel service_ref="1:0:22:000c:0006:22c1:eeee0000:0:0:0:" name="GOLICA TV" service_name="GOLICA TV" provider="GOLICA TV" sid="12" onid="8897" tsid="6" />
    <channel service_ref="1:0:22:0005:0003:22c1:eeee0000:0:0:0:" name="KOPER" service_name="KOPER" provider="RTV SLOVENIJA" sid="5" onid="8897" tsid="3" />
    <channel service_ref="1:0:22:001b:0006:22c1:eeee0000:0:0:0:" name="NOVA24TV" service_name="NOVA24TV" provider="NTV24.si d.d." sid="27" onid="8897" tsid="6" />
    <channel service_ref="1:0:22:000f:0006:22c1:eeee0000:0:0:0:" name="OBVESTILO C" service_name="OBVESTILO C" provider="RTV SLOVENIJA" sid="15" onid="8897" tsid="6" />
    <channel service_ref="1:0:22:0006:0006:22c1:eeee0000:0:0:0:" name="SLO1" service_name="SLO1" provider="RTV SLOVENIJA" sid="6" onid="8897" tsid="6" />
    <channel service_ref="1:0:25:0001:0003:22c1:eeee0000:0:0:0:" name="SLO1 HD" service_name="SLO1 HD" provider="RTV SLOVENIJA" sid="1" onid="8897" tsid="3" />
    <channel service_ref="1:0:22:0007:0006:22c1:eeee0000:0:0:0:" name="SLO2" service_name="SLO2" provider="RTV SLOVENIJA" sid="7" onid="8897" tsid="6" />
    <channel service_ref="1:0:25:0002:0003:22c1:eeee0000:0:0:0:" name="SLO2 HD" service_name="SLO2 HD" provider="RTV SLOVENIJA" sid="2" onid="8897" tsid="3" />
    <channel service_ref="1:0:22:0008:0006:22c1:eeee0000:0:0:0:" name="SLO3" service_name="SLO3" provider="RTV SLOVENIJA" sid="8" onid="8897" tsid="6" />
    <channel service_ref="1:0:25:0003:0003:22c1:eeee0000:0:0:0:" name="SLO3 HD" service_name="SLO3 HD" provider="RTV SLOVENIJA" sid="3" onid="8897" tsid="3" />
    <channel service_ref="1:0:22:0004:0003:22c1:eeee0000:0:0:0:" name="TELE M" service_name="TELE M" provider="RTV SLOVENIJA" sid="4" onid="8897" tsid="3" />
    <channel service_ref="1:0:22:000b:0006:22c1:eeee0000:0:0:0:" name="TV3 MEDIAS" service_name="TV3 MEDIAS" provider="AGENCIJA MEDIAS" sid="11" onid="8897" tsid="6" />
  </bouquet>
  <bouquet name="RTL" category="tv">
    <channel service_ref="1:0:22:001b:0006:22c1:eeee0000:0:0:0:" name="NOVA24TV" service_name="NOVA24TV" provider="NTV24.si d.d." sid="27" onid="8897" tsid="6" />
  </bouquet>
  <bouquet name="Switzerland" category="tv">
    <channel service_ref="1:0:22:0008:0006:22c1:eeee0000:0:0:0:" name="SLO3" service_name="SLO3" provider="RTV SLOVENIJA" sid="8" onid="8897" tsid="6" />
    <channel service_ref="1:0:25:0003:0003:22c1:eeee0000:0:0:0:" name="SLO3 HD" service_name="SLO3 HD" provider="RTV SLOVENIJA" sid="3" onid="8897" tsid="3" />
    <channel service_ref="1:0:22:0004:0003:22c1:eeee0000:0:0:0:" name="TELE M" service_name="TELE M" provider="RTV SLOVENIJA" sid="4" onid="8897" tsid="3" />
    <channel service_ref="1:0:22:000b:0006:22c1:eeee0000:0:0:0:" name="TV3 MEDIAS" service_name="TV3 MEDIAS" provider="AGENCIJA MEDIAS" sid="11" onid="8897" tsid="6" />
  </bouquet>
  <bouquet name="Resolution - HD" category="tv">
    <channel service_ref="1:0:25:0001:0003:22c1:eeee0000:0:0:0:" name="SLO1 HD" service_name="SLO1 HD" provider="RTV SLOVENIJA" sid="1" onid="8897" tsid="3" />
    <channel service_ref="1:0:25:0002:0003:22c1:eeee0000:0:0:0:" name="SLO2 HD" service_name="SLO2 HD" provider="RTV SLOVENIJA" sid="2" onid="8897" tsid="3" />
    <channel service_ref="1:0:25:0003:0003:22c1:eeee0000:0:0:0:" name="SLO3 HD" service_name="SLO3 HD" provider="RTV SLOVENIJA" sid="3" onid="8897" tsid="3" />
  </bouquet>
  <bouquet name="Others" category="tv">
    <channel service_ref="1:0:22:000c:0006:22c1:eeee0000:0:0:0:" name="GOLICA TV" service_name="GOLICA TV" provider="GOLICA TV" sid="12" onid="8897" tsid="6" />
    <channel service_ref="1:0:22:0005:0003:22c1:eeee0000:0:0:0:" name="KOPER" service_name="KOPER" provider="RTV SLOVENIJA" sid="5" onid="8897" tsid="3" />
    <channel service_ref="1:0:22:000f:0006:22c1:eeee0000:0:0:0:" name="OBVESTILO C" service_name="OBVESTILO C" provider="RTV SLOVENIJA" sid="15" onid="8897" tsid="6" />
    <channel service_ref="1:0:22:0006:0006:22c1:eeee0000:0:0:0:" name="SLO1" service_name="SLO1" provider="RTV SLOVENIJA" sid="6" onid="8897" tsid="6" />
    <channel service_ref="1:0:25:0001:0003:22c1:eeee0000:0:0:0:" name="SLO1 HD" service_name="SLO1 HD" provider="RTV SLOVENIJA" sid="1" onid="8897" tsid="3" />
    <channel service_ref="1:0:22:0007:0006:22c1:eeee0000:0:0:0:" name="SLO2" service_name="SLO2" provider="RTV SLOVENIJA" sid="7" onid="8897" tsid="6" />
    <channel service_ref="1:0:25:0002:0003:22c1:eeee0000:0:0:0:" name="SLO2 HD" service_name="SLO2 HD" provider="RTV SLOVENIJA" sid="2" onid="8897" tsid="3" />
  </bouquet>
</zapit>
