<?xml version='1.0' encoding='utf-8'?>
<zapit api="4">
  <terrestrials>
    <terrestrial key="eeee0000:0003:22c1" name="RTV-SLOVENIJA" namespace="0xeeee0000">
      <transponder key="eeee0000:0003:22c1" frequency="522000000" symbol_rate="0" polarization="H" fec="5" system="0" modulation="4">
        <service id="0x0005" sid="5" name="KOPER" type="22" provider="RTV SLOVENIJA" onid="8897" tsid="3" namespace="0xeeee0000" />
        <service id="0x0001" sid="1" name="SLO1 HD" type="25" provider="RTV SLOVENIJA" onid="8897" tsid="3" namespace="0xeeee0000" />
        <service id="0x0002" sid="2" name="SLO2 HD" type="25" provider="RTV SLOVENIJA" onid="8897" tsid="3" namespace="0xeeee0000" />
        <service id="0x0003" sid="3" name="SLO3 HD" type="25" provider="RTV SLOVENIJA" onid="8897" tsid="3" namespace="0xeeee0000" />
        <service id="0x0004" sid="4" name="TELE M" type="22" provider="RTV SLOVENIJA" onid="8897" tsid="3" namespace="0xeeee0000" />
      </transponder>
    </terrestrial>
    <terrestrial key="eeee0000:0006:22c1" name="RTV-SLOVENIJA" namespace="0xeeee0000">
      <transponder key="eeee0000:0006:22c1" frequency="570000000" symbol_rate="0" polarization="H" fec="5" system="0" modulation="4">
        <service id="0x000c" sid="12" name="GOLICA TV" type="22" provider="GOLICA TV" onid="8897" tsid="6" namespace="0xeeee0000" />
        <service id="0x001b" sid="27" name="NOVA24TV" type="22" provider="NTV24.si d.d." onid="8897" tsid="6" namespace="0xeeee0000" />
        <service id="0x000f" sid="15" name="OBVESTILO C" type="22" provider="RTV SLOVENIJA" onid="8897" tsid="6" namespace="0xeeee0000" />
        <service id="0x0006" sid="6" name="SLO1" type="22" provider="RTV SLOVENIJA" onid="8897" tsid="6" namespace="0xeeee0000" />
        <service id="0x0007" sid="7" name="SLO2" type="22" provider="RTV SLOVENIJA" onid="8897" tsid="6" namespace="0xeeee0000" />
        <service id="0x0008" sid="8" name="SLO3" type="22" provider="RTV SLOVENIJA" onid="8897" tsid="6" namespace="0xeeee0000" />
        <service id="0x000b" sid="11" name="TV3 MEDIAS" type="22" provider="AGENCIJA MEDIAS" onid="8897" tsid="6" namespace="0xeeee0000" />
      </transponder>
    </terrestrial>
  </terrestrials>
</zapit>
