<?xml version='1.0' encoding='utf-8'?>
<zapit api="4">
  <satellites>
    <satellite key="02c1b0db:0000:0000" name="Sat-70.5E" namespace="0x02c1b0db" position="70.5">
      <transponder key="02c1b0db:0000:0000" frequency="12507000" symbol_rate="2222000" polarization="V" fec="3" system="0" modulation="0">
        <service id="0x0002" sid="2" name="Al Ayam TV" type="1" provider="" onid="0" tsid="0" namespace="0x02c1b0db" />
      </transponder>
    </satellite>
    <satellite key="02c1b0e4:0001:ffff" name="Sat-70.5E" namespace="0x02c1b0e4" position="70.5">
      <transponder key="02c1b0e4:0001:ffff" frequency="12516000" symbol_rate="1600000" polarization="V" fec="4" system="0" modulation="0">
        <service id="0x0002" sid="2" name="MS M" type="1" provider="MS M" onid="65535" tsid="1" namespace="0x02c1b0e4" />
      </transponder>
    </satellite>
    <satellite key="02c1b0eb:0001:0001" name="Sat-70.5E" namespace="0x02c1b0eb" position="70.5">
      <transponder key="02c1b0eb:0001:0001" frequency="12523000" symbol_rate="1600000" polarization="V" fec="7" system="0" modulation="0">
        <service id="0x0040" sid="64" name="Alanwar TV 2" type="1" provider="" onid="1" tsid="1" namespace="0x02c1b0eb" />
      </transponder>
    </satellite>
    <satellite key="02c1b0f6:0001:ffff" name="Sat-70.5E" namespace="0x02c1b0f6" position="70.5">
      <transponder key="02c1b0f6:0001:ffff" frequency="12534000" symbol_rate="1600000" polarization="V" fec="4" system="0" modulation="0">
        <service id="0x0001" sid="1" name="Media TV" type="1" provider="Service Provider" onid="65535" tsid="1" namespace="0x02c1b0f6" />
      </transponder>
    </satellite>
    <satellite key="02c1b0f8:0064:ffff" name="Sat-70.5E" namespace="0x02c1b0f8" position="70.5">
      <transponder key="02c1b0f8:0064:ffff" frequency="12536000" symbol_rate="1600000" polarization="V" fec="4" system="0" modulation="0">
        <service id="0x0001" sid="1" name="beLadi" type="1" provider="TandbergTV" onid="65535" tsid="100" namespace="0x02c1b0f8" />
      </transponder>
    </satellite>
    <satellite key="02c1b112:0001:ffff" name="Sat-70.5E" namespace="0x02c1b112" position="70.5">
      <transponder key="02c1b112:0001:ffff" frequency="12562000" symbol_rate="1500000" polarization="V" fec="4" system="0" modulation="0">
        <service id="0x0029" sid="41" name="ERICSSON" type="1" provider="Service Provider" onid="65535" tsid="1" namespace="0x02c1b112" />
      </transponder>
    </satellite>
    <satellite key="02c1b114:0000:0000" name="Sat-70.5E" namespace="0x02c1b114" position="70.5">
      <transponder key="02c1b114:0000:0000" frequency="12564000" symbol_rate="1500000" polarization="V" fec="4" system="0" modulation="0">
        <service id="0x0001" sid="1" name="Bayyinat TV" type="1" provider="BayyinatTV" onid="0" tsid="0" namespace="0x02c1b114" />
      </transponder>
    </satellite>
    <satellite key="02c1b118:0000:0000" name="Sat-70.5E" namespace="0x02c1b118" position="70.5">
      <transponder key="02c1b118:0000:0000" frequency="12568000" symbol_rate="1500000" polarization="V" fec="4" system="0" modulation="0">
        <service id="0x0001" sid="1" name="Al-Naeem TV HD" type="1" provider="" onid="0" tsid="0" namespace="0x02c1b118" />
      </transponder>
    </satellite>
    <satellite key="02c1b11a:0001:0001" name="Sat-70.5E" namespace="0x02c1b11a" position="70.5">
      <transponder key="02c1b11a:0001:0001" frequency="12570000" symbol_rate="1500000" polarization="V" fec="3" system="0" modulation="0">
        <service id="0x0001" sid="1" name="Thaqalayn" type="1" provider="Thaqalayn" onid="1" tsid="1" namespace="0x02c1b11a" />
      </transponder>
    </satellite>
    <satellite key="02c1b18a:0001:0001" name="Sat-70.5E" namespace="0x02c1b18a" position="70.5">
      <transponder key="02c1b18a:0001:0001" frequency="12682000" symbol_rate="16045000" polarization="V" fec="1" system="0" modulation="0">
        <service id="0x0001" sid="1" name="MTA1-HD" type="25" provider="MTA INT." onid="1" tsid="1" namespace="0x02c1b18a" />
        <service id="0x0003" sid="3" name="RFA Asia Radio" type="2" provider="M-Three Satcom" onid="1" tsid="1" namespace="0x02c1b18a" radio="1" />
        <service id="0x0004" sid="4" name="RFA-4" type="2" provider="M-Three Satcom" onid="1" tsid="1" namespace="0x02c1b18a" radio="1" />
        <service id="0x0002" sid="2" name="VOA Tibetan Radio" type="2" provider="M-Three Satcom" onid="1" tsid="1" namespace="0x02c1b18a" radio="1" />
      </transponder>
    </satellite>
  </satellites>
</zapit>
