<?xml version='1.0' encoding='utf-8'?>
<zapit>
  <bouquet name="General" category="tv">
    <channel service_ref="1:0:100:028b:0041:0000:02253134:0:0:0:" name="12596H SID 0x28b" service_name="12596H SID 0x28b" provider="DVB-S2 QPSK 12596H 54.9Â°E" sid="651" onid="0" tsid="65" />
    <channel service_ref="1:0:1:027f:0000:0000:02252b33:0:0:0:" name="ALALAM HD" service_name="ALALAM HD" provider="IRIB" sid="639" onid="0" tsid="0" />
    <channel service_ref="1:0:1:02bd:0000:0000:02252b33:0:0:0:" name="ALALAM SYRIA" service_name="ALALAM SYRIA" provider="IRIB" sid="701" onid="0" tsid="0" />
    <channel service_ref="1:0:1:0033:0000:0000:02252b33:0:0:0:" name="ALKAWTHAR HD" service_name="ALKAWTHAR HD" provider="IRIB" sid="51" onid="0" tsid="0" />
    <channel service_ref="1:0:1:008a:0000:0000:02252b33:0:0:0:" name="IFILM ARABIC" service_name="IFILM ARABIC" provider="IRIB" sid="138" onid="0" tsid="0" />
    <channel service_ref="1:0:1:0034:0000:0000:02252b33:0:0:0:" name="PRESS TV HD" service_name="PRESS TV HD" provider="IRIB" sid="52" onid="0" tsid="0" />
    <channel service_ref="1:0:1:0001:0000:0000:0225b0da:0:0:0:" name="Rossiya 24" service_name="Rossiya 24" provider="" sid="1" onid="0" tsid="0" />
    <channel service_ref="1:0:1:01ad:0000:0000:02252b33:0:0:0:" name="SAHAR KURDISH" service_name="SAHAR KURDISH" provider="IRIB" sid="429" onid="0" tsid="0" />
  </bouquet>
  <bouquet name="Movies" category="tv">
    <channel service_ref="1:0:1:008a:0000:0000:02252b33:0:0:0:" name="IFILM ARABIC" service_name="IFILM ARABIC" provider="IRIB" sid="138" onid="0" tsid="0" />
  </bouquet>
  <bouquet name="Switzerland" category="tv">
    <channel service_ref="1:0:100:028b:0041:0000:02253134:0:0:0:" name="12596H SID 0x28b" service_name="12596H SID 0x28b" provider="DVB-S2 QPSK 12596H 54.9Â°E" sid="651" onid="0" tsid="65" />
  </bouquet>
  <bouquet name="Resolution - HD" category="tv">
    <channel service_ref="1:0:1:027f:0000:0000:02252b33:0:0:0:" name="ALALAM HD" service_name="ALALAM HD" provider="IRIB" sid="639" onid="0" tsid="0" />
    <channel service_ref="1:0:1:0033:0000:0000:02252b33:0:0:0:" name="ALKAWTHAR HD" service_name="ALKAWTHAR HD" provider="IRIB" sid="51" onid="0" tsid="0" />
    <channel service_ref="1:0:1:0034:0000:0000:02252b33:0:0:0:" name="PRESS TV HD" service_name="PRESS TV HD" provider="IRIB" sid="52" onid="0" tsid="0" />
  </bouquet>
  <bouquet name="Others" category="tv">
    <channel service_ref="1:0:1:027f:0000:0000:02252b33:0:0:0:" name="ALALAM HD" service_name="ALALAM HD" provider="IRIB" sid="639" onid="0" tsid="0" />
    <channel service_ref="1:0:1:02bd:0000:0000:02252b33:0:0:0:" name="ALALAM SYRIA" service_name="ALALAM SYRIA" provider="IRIB" sid="701" onid="0" tsid="0" />
    <channel service_ref="1:0:1:0033:0000:0000:02252b33:0:0:0:" name="ALKAWTHAR HD" service_name="ALKAWTHAR HD" provider="IRIB" sid="51" onid="0" tsid="0" />
    <channel service_ref="1:0:1:0034:0000:0000:02252b33:0:0:0:" name="PRESS TV HD" service_name="PRESS TV HD" provider="IRIB" sid="52" onid="0" tsid="0" />
    <channel service_ref="1:0:1:0001:0000:0000:0225b0da:0:0:0:" name="Rossiya 24" service_name="Rossiya 24" provider="" sid="1" onid="0" tsid="0" />
    <channel service_ref="1:0:1:01ad:0000:0000:02252b33:0:0:0:" name="SAHAR KURDISH" service_name="SAHAR KURDISH" provider="IRIB" sid="429" onid="0" tsid="0" />
  </bouquet>
  <bouquet name="Radio" category="radio">
    <channel service_ref="1:0:2:01a1:0001:0001:022530f3:0:0:0:" name="Business FM" service_name="Business FM" provider="CONNECTO.TV" sid="417" onid="1" tsid="1" />
    <channel service_ref="1:0:2:01a3:0001:0001:022530f3:0:0:0:" name="Militsejskaja Volna FM 107.8" service_name="Militsejskaja Volna FM 107.8" provider="CONNECTO.TV" sid="419" onid="1" tsid="1" />
    <channel service_ref="1:0:2:062f:0000:0000:02252b33:0:0:0:" name="RADIO 03 WORLD SERVICE" service_name="RADIO 03 WORLD SERVICE" provider="IRIB" sid="1583" onid="0" tsid="0" />
    <channel service_ref="1:0:2:019f:0001:0001:022530f3:0:0:0:" name="Radio Gordost" service_name="Radio Gordost" provider="CONNECTO.TV" sid="415" onid="1" tsid="1" />
    <channel service_ref="1:0:2:01b9:0001:0001:022530f3:0:0:0:" name="Radio Kniga" service_name="Radio Kniga" provider="CONNECTO.TV" sid="441" onid="1" tsid="1" />
    <channel service_ref="1:0:2:0040:0000:0000:02252b33:0:0:0:" name="RADIO TALAVAT" service_name="RADIO TALAVAT" provider="IRIB" sid="64" onid="0" tsid="0" />
  </bouquet>
  <bouquet name="Radio - Music" category="radio">
    <channel service_ref="1:0:2:01a1:0001:0001:022530f3:0:0:0:" name="Business FM" service_name="Business FM" provider="CONNECTO.TV" sid="417" onid="1" tsid="1" />
    <channel service_ref="1:0:2:01a3:0001:0001:022530f3:0:0:0:" name="Militsejskaja Volna FM 107.8" service_name="Militsejskaja Volna FM 107.8" provider="CONNECTO.TV" sid="419" onid="1" tsid="1" />
  </bouquet>
</zapit>
