<?xml version='1.0' encoding='utf-8'?>
<zapit>
  <bouquet name="General" category="tv">
    <channel service_ref="1:0:1:0001:0001:ffff:00642ad0:0:0:0:" name="-noorsatt" service_name="-noorsatt" provider="unnamed" sid="1" onid="65535" tsid="1" />
    <channel service_ref="1:0:1:1f41:0001:0010:00640000:0:0:0:" name="01 BBC One" service_name="01 BBC One" provider="BFBS" sid="8001" onid="16" tsid="1" />
    <channel service_ref="1:0:1:1f42:0001:0010:00640000:0:0:0:" name="02 BBC Two" service_name="02 BBC Two" provider="BFBS" sid="8002" onid="16" tsid="1" />
    <channel service_ref="1:0:1:1f43:0001:0010:00640000:0:0:0:" name="03 ITV" service_name="03 ITV" provider="BFBS" sid="8003" onid="16" tsid="1" />
    <channel service_ref="1:0:1:1f44:0001:0010:00640000:0:0:0:" name="04 BFBS Extra" service_name="04 BFBS Extra" provider="BFBS" sid="8004" onid="16" tsid="1" />
    <channel service_ref="1:0:1:1f45:0001:0010:00640000:0:0:0:" name="05 Sky Sports" service_name="05 Sky Sports" provider="BFBS" sid="8005" onid="16" tsid="1" />
    <channel service_ref="1:0:1:1f46:0001:0010:00640000:0:0:0:" name="06 BT Sport" service_name="06 BT Sport" provider="BFBS" sid="8006" onid="16" tsid="1" />
    <channel service_ref="1:0:1:1f47:0001:0010:00640000:0:0:0:" name="07 BFBS Sport" service_name="07 BFBS Sport" provider="BFBS" sid="8007" onid="16" tsid="1" />
    <channel service_ref="1:0:1:1f48:0001:0010:00640000:0:0:0:" name="08 Sky News" service_name="08 Sky News" provider="BFBS" sid="8008" onid="16" tsid="1" />
    <channel service_ref="1:0:1:1f49:0001:0010:00640000:0:0:0:" name="09 Forces TV" service_name="09 Forces TV" provider="BFBS" sid="8009" onid="16" tsid="1" />
    <channel service_ref="1:0:22:1f4a:0001:0010:00640000:0:0:0:" name="10" service_name="10" provider="BFBS" sid="8010" onid="16" tsid="1" />
    <channel service_ref="1:0:22:1f4b:0001:0010:00640000:0:0:0:" name="11 BBC One Delay" service_name="11 BBC One Delay" provider="BFBS" sid="8011" onid="16" tsid="1" />
    <channel service_ref="1:0:22:1f4c:0001:0010:00640000:0:0:0:" name="12 BBC Two Delay" service_name="12 BBC Two Delay" provider="BFBS" sid="8012" onid="16" tsid="1" />
    <channel service_ref="1:0:22:1f4d:0001:0010:00640000:0:0:0:" name="13 ITV Delay" service_name="13 ITV Delay" provider="BFBS" sid="8013" onid="16" tsid="1" />
    <channel service_ref="1:0:22:1f4e:0001:0010:00640000:0:0:0:" name="14 BFBS Extra Delay" service_name="14 BFBS Extra Delay" provider="BFBS" sid="8014" onid="16" tsid="1" />
    <channel service_ref="1:0:22:1f4f:0001:0010:00640000:0:0:0:" name="15" service_name="15" provider="BFBS" sid="8015" onid="16" tsid="1" />
    <channel service_ref="1:0:22:1f50:0001:0010:00640000:0:0:0:" name="16" service_name="16" provider="BFBS" sid="8016" onid="16" tsid="1" />
    <channel service_ref="1:0:22:1f51:0001:0010:00640000:0:0:0:" name="17 Sky Cinema" service_name="17 Sky Cinema" provider="BFBS" sid="8017" onid="16" tsid="1" />
    <channel service_ref="1:0:22:1f52:0001:0010:00640000:0:0:0:" name="18 Nepal TV" service_name="18 Nepal TV" provider="BFBS" sid="8018" onid="16" tsid="1" />
    <channel service_ref="1:0:22:1f53:0001:0010:00640000:0:0:0:" name="19" service_name="19" provider="BFBS" sid="8019" onid="16" tsid="1" />
    <channel service_ref="1:0:22:1f54:0001:0010:00640000:0:0:0:" name="20" service_name="20" provider="BFBS" sid="8020" onid="16" tsid="1" />
    <channel service_ref="1:0:25:0001:0001:ffff:00642b00:0:0:0:" name="Al-Forat HD1" service_name="Al-Forat HD1" provider="Al-Forat HD1" sid="1" onid="65535" tsid="1" />
    <channel service_ref="1:0:1:0003:0003:0001:00642d76:0:0:0:" name="AMC Africa" service_name="AMC Africa" provider="RR Media" sid="3" onid="1" tsid="3" />
    <channel service_ref="1:0:1:0001:0003:0001:00642d76:0:0:0:" name="AMC PE" service_name="AMC PE" provider="RR Media" sid="1" onid="1" tsid="3" />
    <channel service_ref="1:0:1:00c8:0001:0001:0064315c:0:0:0:" name="AP DIRECT" service_name="AP DIRECT" provider="Associated Press" sid="200" onid="1" tsid="1" />
    <channel service_ref="1:0:1:0028:0001:0001:0064315c:0:0:0:" name="AP GVW" service_name="AP GVW" provider="Associated Press" sid="40" onid="1" tsid="1" />
    <channel service_ref="1:0:1:0001:0001:ffff:006430dd:0:0:0:" name="BELADI TV" service_name="BELADI TV" provider="TandbergTV" sid="1" onid="65535" tsid="1" />
    <channel service_ref="1:0:1:000a:0001:0001:00642c52:0:0:0:" name="El Hiwar Ettounsi" service_name="El Hiwar Ettounsi" provider="TV-Provider" sid="10" onid="1" tsid="1" />
    <channel service_ref="1:0:1:0001:0001:ffff:00642adb:0:0:0:" name="IHA-529" service_name="IHA-529" provider="IHA" sid="1" onid="65535" tsid="1" />
    <channel service_ref="1:0:1:0001:0001:ffff:00642adf:0:0:0:" name="IHA-540" service_name="IHA-540" provider="IHA" sid="1" onid="65535" tsid="1" />
    <channel service_ref="1:0:1:0001:0001:ffff:00642ae1:0:0:0:" name="IHA-540" service_name="IHA-540" provider="IHA" sid="1" onid="65535" tsid="1" />
    <channel service_ref="1:0:1:0003:0001:0001:00642c52:0:0:0:" name="KaSat Event" service_name="KaSat Event" provider="Eutelsat" sid="3" onid="1" tsid="1" />
    <channel service_ref="1:0:1:0001:1000:2000:00642d68:0:0:0:" name="Kurdistan TV" service_name="Kurdistan TV" provider="Harmonic" sid="1" onid="8192" tsid="4096" />
    <channel service_ref="1:0:1:0002:0001:fffe:006430e8:0:0:0:" name="lad" service_name="lad" provider="Al M" sid="2" onid="65534" tsid="1" />
    <channel service_ref="1:0:1:01f4:0005:000a:00640000:0:0:0:" name="LBC Europe" service_name="LBC Europe" provider="LBC" sid="500" onid="10" tsid="5" />
    <channel service_ref="1:0:1:01f5:0005:000a:00640000:0:0:0:" name="LDC" service_name="LDC" provider="LBC" sid="501" onid="10" tsid="5" />
    <channel service_ref="1:0:1:01f6:0005:000a:00640000:0:0:0:" name="LDC AM" service_name="LDC AM" provider="LBC" sid="502" onid="10" tsid="5" />
    <channel service_ref="1:0:1:0001:00b0:00b1:00642a58:0:0:0:" name="SCOPUS-NET-TECH" service_name="SCOPUS-NET-TECH" provider="Scopus Network Technologies" sid="1" onid="177" tsid="176" />
    <channel service_ref="1:0:1:02c8:0001:282e:00640000:0:0:0:" name="Tiernan" service_name="Tiernan" provider="Cable" sid="712" onid="10286" tsid="1" />
    <channel service_ref="1:0:25:0001:0001:0000:00642d77:0:0:0:" name="WAAR HD" service_name="WAAR HD" provider="Waar" sid="1" onid="0" tsid="1" />
    <channel service_ref="1:0:1:0001:1000:2000:00642d6d:0:0:0:" name="Zagros TV" service_name="Zagros TV" provider="Harmonic" sid="1" onid="8192" tsid="4096" />
  </bouquet>
  <bouquet name="Movies" category="tv">
    <channel service_ref="1:0:22:1f51:0001:0010:00640000:0:0:0:" name="17 Sky Cinema" service_name="17 Sky Cinema" provider="BFBS" sid="8017" onid="16" tsid="1" />
  </bouquet>
  <bouquet name="News" category="tv">
    <channel service_ref="1:0:1:1f48:0001:0010:00640000:0:0:0:" name="08 Sky News" service_name="08 Sky News" provider="BFBS" sid="8008" onid="16" tsid="1" />
  </bouquet>
  <bouquet name="Sports" category="tv">
    <channel service_ref="1:0:1:1f45:0001:0010:00640000:0:0:0:" name="05 Sky Sports" service_name="05 Sky Sports" provider="BFBS" sid="8005" onid="16" tsid="1" />
    <channel service_ref="1:0:1:1f46:0001:0010:00640000:0:0:0:" name="06 BT Sport" service_name="06 BT Sport" provider="BFBS" sid="8006" onid="16" tsid="1" />
    <channel service_ref="1:0:1:1f47:0001:0010:00640000:0:0:0:" name="07 BFBS Sport" service_name="07 BFBS Sport" provider="BFBS" sid="8007" onid="16" tsid="1" />
  </bouquet>
  <bouquet name="BBC" category="tv">
    <channel service_ref="1:0:1:1f41:0001:0010:00640000:0:0:0:" name="01 BBC One" service_name="01 BBC One" provider="BFBS" sid="8001" onid="16" tsid="1" />
    <channel service_ref="1:0:1:1f42:0001:0010:00640000:0:0:0:" name="02 BBC Two" service_name="02 BBC Two" provider="BFBS" sid="8002" onid="16" tsid="1" />
    <channel service_ref="1:0:22:1f4b:0001:0010:00640000:0:0:0:" name="11 BBC One Delay" service_name="11 BBC One Delay" provider="BFBS" sid="8011" onid="16" tsid="1" />
    <channel service_ref="1:0:22:1f4c:0001:0010:00640000:0:0:0:" name="12 BBC Two Delay" service_name="12 BBC Two Delay" provider="BFBS" sid="8012" onid="16" tsid="1" />
  </bouquet>
  <bouquet name="Switzerland" category="tv">
    <channel service_ref="1:0:1:1f43:0001:0010:00640000:0:0:0:" name="03 ITV" service_name="03 ITV" provider="BFBS" sid="8003" onid="16" tsid="1" />
    <channel service_ref="1:0:22:1f4d:0001:0010:00640000:0:0:0:" name="13 ITV Delay" service_name="13 ITV Delay" provider="BFBS" sid="8013" onid="16" tsid="1" />
    <channel service_ref="1:0:22:1f4f:0001:0010:00640000:0:0:0:" name="15" service_name="15" provider="BFBS" sid="8015" onid="16" tsid="1" />
    <channel service_ref="1:0:1:0001:0001:ffff:00642adb:0:0:0:" name="IHA-529" service_name="IHA-529" provider="IHA" sid="1" onid="65535" tsid="1" />
    <channel service_ref="1:0:1:0001:0001:ffff:00642adf:0:0:0:" name="IHA-540" service_name="IHA-540" provider="IHA" sid="1" onid="65535" tsid="1" />
    <channel service_ref="1:0:1:0001:0001:ffff:00642ae1:0:0:0:" name="IHA-540" service_name="IHA-540" provider="IHA" sid="1" onid="65535" tsid="1" />
  </bouquet>
  <bouquet name="Resolution - HD" category="tv">
    <channel service_ref="1:0:25:0001:0001:0000:00642d77:0:0:0:" name="WAAR HD" service_name="WAAR HD" provider="Waar" sid="1" onid="0" tsid="1" />
  </bouquet>
  <bouquet name="Others" category="tv">
    <channel service_ref="1:0:1:0001:0001:ffff:00642ad0:0:0:0:" name="-noorsatt" service_name="-noorsatt" provider="unnamed" sid="1" onid="65535" tsid="1" />
    <channel service_ref="1:0:1:1f44:0001:0010:00640000:0:0:0:" name="04 BFBS Extra" service_name="04 BFBS Extra" provider="BFBS" sid="8004" onid="16" tsid="1" />
    <channel service_ref="1:0:1:1f49:0001:0010:00640000:0:0:0:" name="09 Forces TV" service_name="09 Forces TV" provider="BFBS" sid="8009" onid="16" tsid="1" />
    <channel service_ref="1:0:22:1f4a:0001:0010:00640000:0:0:0:" name="10" service_name="10" provider="BFBS" sid="8010" onid="16" tsid="1" />
    <channel service_ref="1:0:22:1f4e:0001:0010:00640000:0:0:0:" name="14 BFBS Extra Delay" service_name="14 BFBS Extra Delay" provider="BFBS" sid="8014" onid="16" tsid="1" />
    <channel service_ref="1:0:22:1f50:0001:0010:00640000:0:0:0:" name="16" service_name="16" provider="BFBS" sid="8016" onid="16" tsid="1" />
    <channel service_ref="1:0:22:1f52:0001:0010:00640000:0:0:0:" name="18 Nepal TV" service_name="18 Nepal TV" provider="BFBS" sid="8018" onid="16" tsid="1" />
    <channel service_ref="1:0:22:1f53:0001:0010:00640000:0:0:0:" name="19" service_name="19" provider="BFBS" sid="8019" onid="16" tsid="1" />
    <channel service_ref="1:0:22:1f54:0001:0010:00640000:0:0:0:" name="20" service_name="20" provider="BFBS" sid="8020" onid="16" tsid="1" />
    <channel service_ref="1:0:25:0001:0001:ffff:00642b00:0:0:0:" name="Al-Forat HD1" service_name="Al-Forat HD1" provider="Al-Forat HD1" sid="1" onid="65535" tsid="1" />
    <channel service_ref="1:0:1:0003:0003:0001:00642d76:0:0:0:" name="AMC Africa" service_name="AMC Africa" provider="RR Media" sid="3" onid="1" tsid="3" />
    <channel service_ref="1:0:1:0001:0003:0001:00642d76:0:0:0:" name="AMC PE" service_name="AMC PE" provider="RR Media" sid="1" onid="1" tsid="3" />
    <channel service_ref="1:0:1:00c8:0001:0001:0064315c:0:0:0:" name="AP DIRECT" service_name="AP DIRECT" provider="Associated Press" sid="200" onid="1" tsid="1" />
    <channel service_ref="1:0:1:0028:0001:0001:0064315c:0:0:0:" name="AP GVW" service_name="AP GVW" provider="Associated Press" sid="40" onid="1" tsid="1" />
    <channel service_ref="1:0:1:0001:0001:ffff:006430dd:0:0:0:" name="BELADI TV" service_name="BELADI TV" provider="TandbergTV" sid="1" onid="65535" tsid="1" />
    <channel service_ref="1:0:1:000a:0001:0001:00642c52:0:0:0:" name="El Hiwar Ettounsi" service_name="El Hiwar Ettounsi" provider="TV-Provider" sid="10" onid="1" tsid="1" />
    <channel service_ref="1:0:1:0003:0001:0001:00642c52:0:0:0:" name="KaSat Event" service_name="KaSat Event" provider="Eutelsat" sid="3" onid="1" tsid="1" />
    <channel service_ref="1:0:1:0001:1000:2000:00642d68:0:0:0:" name="Kurdistan TV" service_name="Kurdistan TV" provider="Harmonic" sid="1" onid="8192" tsid="4096" />
    <channel service_ref="1:0:1:0002:0001:fffe:006430e8:0:0:0:" name="lad" service_name="lad" provider="Al M" sid="2" onid="65534" tsid="1" />
    <channel service_ref="1:0:1:01f4:0005:000a:00640000:0:0:0:" name="LBC Europe" service_name="LBC Europe" provider="LBC" sid="500" onid="10" tsid="5" />
    <channel service_ref="1:0:1:01f5:0005:000a:00640000:0:0:0:" name="LDC" service_name="LDC" provider="LBC" sid="501" onid="10" tsid="5" />
    <channel service_ref="1:0:1:01f6:0005:000a:00640000:0:0:0:" name="LDC AM" service_name="LDC AM" provider="LBC" sid="502" onid="10" tsid="5" />
    <channel service_ref="1:0:1:0001:00b0:00b1:00642a58:0:0:0:" name="SCOPUS-NET-TECH" service_name="SCOPUS-NET-TECH" provider="Scopus Network Technologies" sid="1" onid="177" tsid="176" />
    <channel service_ref="1:0:1:02c8:0001:282e:00640000:0:0:0:" name="Tiernan" service_name="Tiernan" provider="Cable" sid="712" onid="10286" tsid="1" />
    <channel service_ref="1:0:25:0001:0001:0000:00642d77:0:0:0:" name="WAAR HD" service_name="WAAR HD" provider="Waar" sid="1" onid="0" tsid="1" />
    <channel service_ref="1:0:1:0001:1000:2000:00642d6d:0:0:0:" name="Zagros TV" service_name="Zagros TV" provider="Harmonic" sid="1" onid="8192" tsid="4096" />
  </bouquet>
  <bouquet name="PayTV - Sky - DE - HD" category="tv">
    <channel service_ref="1:0:1:1f45:0001:0010:00640000:0:0:0:" name="05 Sky Sports" service_name="05 Sky Sports" provider="BFBS" sid="8005" onid="16" tsid="1" />
    <channel service_ref="1:0:22:1f51:0001:0010:00640000:0:0:0:" name="17 Sky Cinema" service_name="17 Sky Cinema" provider="BFBS" sid="8017" onid="16" tsid="1" />
  </bouquet>
  <bouquet name="PayTV - Sky - UK - HD" category="tv">
    <channel service_ref="1:0:1:1f45:0001:0010:00640000:0:0:0:" name="05 Sky Sports" service_name="05 Sky Sports" provider="BFBS" sid="8005" onid="16" tsid="1" />
  </bouquet>
  <bouquet name="Radio" category="radio">
    <channel service_ref="1:0:2:1f5f:0001:0010:00640000:0:0:0:" name="51 BFBS Radio" service_name="51 BFBS Radio" provider="BFBS" sid="8031" onid="16" tsid="1" />
    <channel service_ref="1:0:2:1f58:0001:0010:00640000:0:0:0:" name="52 BFBS Radio 2" service_name="52 BFBS Radio 2" provider="BFBS" sid="8024" onid="16" tsid="1" />
    <channel service_ref="1:0:2:1f5b:0001:0010:00640000:0:0:0:" name="53 BFBS UK National" service_name="53 BFBS UK National" provider="BFBS" sid="8027" onid="16" tsid="1" />
    <channel service_ref="1:0:2:1f55:0001:0010:00640000:0:0:0:" name="61 BFBS Ops" service_name="61 BFBS Ops" provider="BFBS" sid="8021" onid="16" tsid="1" />
    <channel service_ref="1:0:2:1f56:0001:0010:00640000:0:0:0:" name="62 BFBS Cyprus" service_name="62 BFBS Cyprus" provider="BFBS" sid="8022" onid="16" tsid="1" />
    <channel service_ref="1:0:2:1f5d:0001:0010:00640000:0:0:0:" name="63 BFBS East" service_name="63 BFBS East" provider="BFBS" sid="8029" onid="16" tsid="1" />
    <channel service_ref="1:0:2:1f66:0001:0010:00640000:0:0:0:" name="64" service_name="64" provider="BFBS" sid="8038" onid="16" tsid="1" />
    <channel service_ref="1:0:2:1f59:0001:0010:00640000:0:0:0:" name="65 BFBS Germany" service_name="65 BFBS Germany" provider="BFBS" sid="8025" onid="16" tsid="1" />
    <channel service_ref="1:0:2:1f5e:0001:0010:00640000:0:0:0:" name="66 BFBS N Ireland" service_name="66 BFBS N Ireland" provider="BFBS" sid="8030" onid="16" tsid="1" />
    <channel service_ref="1:0:2:1f57:0001:0010:00640000:0:0:0:" name="67 BFBS UK Bases" service_name="67 BFBS UK Bases" provider="BFBS" sid="8023" onid="16" tsid="1" />
    <channel service_ref="1:0:2:1f70:0001:0010:00640000:0:0:0:" name="68 BFBS Gurkha East" service_name="68 BFBS Gurkha East" provider="BFBS" sid="8048" onid="16" tsid="1" />
    <channel service_ref="1:0:2:1f61:0001:0010:00640000:0:0:0:" name="69 BFBS Gurkha Radio" service_name="69 BFBS Gurkha Radio" provider="BFBS" sid="8033" onid="16" tsid="1" />
    <channel service_ref="1:0:2:1f60:0001:0010:00640000:0:0:0:" name="71 BFBS Beats" service_name="71 BFBS Beats" provider="BFBS" sid="8032" onid="16" tsid="1" />
    <channel service_ref="1:0:2:1f62:0001:0010:00640000:0:0:0:" name="72 BFBS Dirt" service_name="72 BFBS Dirt" provider="BFBS" sid="8034" onid="16" tsid="1" />
    <channel service_ref="1:0:2:1f63:0001:0010:00640000:0:0:0:" name="73 BFBS Rewind" service_name="73 BFBS Rewind" provider="BFBS" sid="8035" onid="16" tsid="1" />
    <channel service_ref="1:0:2:1f65:0001:0010:00640000:0:0:0:" name="74 BFBS Shamishran" service_name="74 BFBS Shamishran" provider="BFBS" sid="8037" onid="16" tsid="1" />
    <channel service_ref="1:0:2:1f5a:0001:0010:00640000:0:0:0:" name="75 BFBS Unwind" service_name="75 BFBS Unwind" provider="BFBS" sid="8026" onid="16" tsid="1" />
    <channel service_ref="1:0:2:1f67:0001:0010:00640000:0:0:0:" name="81" service_name="81" provider="BFBS" sid="8039" onid="16" tsid="1" />
    <channel service_ref="1:0:2:1f68:0001:0010:00640000:0:0:0:" name="82 World Service" service_name="82 World Service" provider="BFBS" sid="8040" onid="16" tsid="1" />
    <channel service_ref="1:0:2:1f69:0001:0010:00640000:0:0:0:" name="83 Fun kids" service_name="83 Fun kids" provider="BFBS" sid="8041" onid="16" tsid="1" />
    <channel service_ref="1:0:2:1f6a:0001:0010:00640000:0:0:0:" name="84 Talk Sport" service_name="84 Talk Sport" provider="BFBS" sid="8042" onid="16" tsid="1" />
    <channel service_ref="1:0:2:1f6b:0001:0010:00640000:0:0:0:" name="85" service_name="85" provider="BFBS" sid="8043" onid="16" tsid="1" />
    <channel service_ref="1:0:2:1f6c:0001:0010:00640000:0:0:0:" name="86" service_name="86" provider="BFBS" sid="8044" onid="16" tsid="1" />
    <channel service_ref="1:0:2:1f6d:0001:0010:00640000:0:0:0:" name="87" service_name="87" provider="BFBS" sid="8045" onid="16" tsid="1" />
    <channel service_ref="1:0:2:1f6e:0001:0010:00640000:0:0:0:" name="88" service_name="88" provider="BFBS" sid="8046" onid="16" tsid="1" />
    <channel service_ref="1:0:2:1f6f:0001:0010:00640000:0:0:0:" name="91 Gibraltar" service_name="91 Gibraltar" provider="BFBS" sid="8047" onid="16" tsid="1" />
    <channel service_ref="1:0:2:1f5c:0001:0010:00640000:0:0:0:" name="92 (Contribution)" service_name="92 (Contribution)" provider="BFBS" sid="8028" onid="16" tsid="1" />
    <channel service_ref="1:0:2:1f64:0001:0010:00640000:0:0:0:" name="93" service_name="93" provider="BFBS" sid="8036" onid="16" tsid="1" />
    <channel service_ref="1:0:2:1f71:0001:0010:00640000:0:0:0:" name="94" service_name="94" provider="BFBS" sid="8049" onid="16" tsid="1" />
    <channel service_ref="1:0:2:1f72:0001:0010:00640000:0:0:0:" name="95" service_name="95" provider="BFBS" sid="8050" onid="16" tsid="1" />
    <channel service_ref="1:0:2:0002:0001:0001:00642c52:0:0:0:" name="Demo Radio" service_name="Demo Radio" provider="Radio d¨¦mo" sid="2" onid="1" tsid="1" />
  </bouquet>
  <bouquet name="Radio - Regional" category="radio">
    <channel service_ref="1:0:2:1f65:0001:0010:00640000:0:0:0:" name="74 BFBS Shamishran" service_name="74 BFBS Shamishran" provider="BFBS" sid="8037" onid="16" tsid="1" />
    <channel service_ref="1:0:2:1f6f:0001:0010:00640000:0:0:0:" name="91 Gibraltar" service_name="91 Gibraltar" provider="BFBS" sid="8047" onid="16" tsid="1" />
  </bouquet>
</zapit>
