<?xml version='1.0' encoding='utf-8'?>
<zapit>
  <bouquet name="General" category="tv">
    <channel service_ref="1:0:1:0004:6fff:217c:eeee0000:0:0:0:" name="Canale 31" service_name="Canale 31" provider="TELE IN" sid="4" onid="8572" tsid="28671" />
    <channel service_ref="1:0:1:00ff:6fff:217c:eeee0000:0:0:0:" name="Canale 31 HD" service_name="Canale 31 HD" provider="Tele IN" sid="255" onid="8572" tsid="28671" />
    <channel service_ref="1:0:1:037b:6fff:217c:eeee0000:0:0:0:" name="Pax TV" service_name="Pax TV" provider="TeleTibur" sid="891" onid="8572" tsid="28671" />
    <channel service_ref="1:0:1:02af:6fff:217c:eeee0000:0:0:0:" name="Simply City" service_name="Simply City" provider="Tele In" sid="687" onid="8572" tsid="28671" />
    <channel service_ref="1:0:1:02ae:6fff:217c:eeee0000:0:0:0:" name="Simply TV" service_name="Simply TV" provider="Tele In" sid="686" onid="8572" tsid="28671" />
    <channel service_ref="1:0:1:010e:6fff:217c:eeee0000:0:0:0:" name="SPAZIO APERTO" service_name="SPAZIO APERTO" provider="Tele IN" sid="270" onid="8572" tsid="28671" />
    <channel service_ref="1:0:1:0006:6fff:217c:eeee0000:0:0:0:" name="TELE IN" service_name="TELE IN" provider="TELE IN" sid="6" onid="8572" tsid="28671" />
    <channel service_ref="1:0:1:0007:6fff:217c:eeee0000:0:0:0:" name="TELE IN +PLUS" service_name="TELE IN +PLUS" provider="" sid="7" onid="8572" tsid="28671" />
    <channel service_ref="1:0:1:000a:6fff:217c:eeee0000:0:0:0:" name="TELE IN FASHION" service_name="TELE IN FASHION" provider="TELE IN" sid="10" onid="8572" tsid="28671" />
    <channel service_ref="1:0:1:000b:6fff:217c:eeee0000:0:0:0:" name="TELE IN INFO" service_name="TELE IN INFO" provider="TELE IN" sid="11" onid="8572" tsid="28671" />
    <channel service_ref="1:0:1:0008:6fff:217c:eeee0000:0:0:0:" name="TELE IN MUSIC" service_name="TELE IN MUSIC" provider="" sid="8" onid="8572" tsid="28671" />
    <channel service_ref="1:0:1:0009:6fff:217c:eeee0000:0:0:0:" name="TELE IN SPORT" service_name="TELE IN SPORT" provider="" sid="9" onid="8572" tsid="28671" />
    <channel service_ref="1:0:1:003b:6fff:217c:eeee0000:0:0:0:" name="TeleRomaDue" service_name="TeleRomaDue" provider="TELE IN" sid="59" onid="8572" tsid="28671" />
    <channel service_ref="1:0:1:026e:6fff:217c:eeee0000:0:0:0:" name="TeleRomaTre" service_name="TeleRomaTre" provider="Tele In" sid="622" onid="8572" tsid="28671" />
    <channel service_ref="1:0:1:0001:6fff:217c:eeee0000:0:0:0:" name="TeleRomaUno" service_name="TeleRomaUno" provider="" sid="1" onid="8572" tsid="28671" />
    <channel service_ref="1:0:1:000c:6fff:217c:eeee0000:0:0:0:" name="TeleTibur" service_name="TeleTibur" provider="TELE IN" sid="12" onid="8572" tsid="28671" />
    <channel service_ref="1:0:1:02ad:6fff:217c:eeee0000:0:0:0:" name="VeraTV" service_name="VeraTV" provider="Tele In" sid="685" onid="8572" tsid="28671" />
  </bouquet>
  <bouquet name="Sports" category="tv">
    <channel service_ref="1:0:1:0009:6fff:217c:eeee0000:0:0:0:" name="TELE IN SPORT" service_name="TELE IN SPORT" provider="" sid="9" onid="8572" tsid="28671" />
  </bouquet>
  <bouquet name="Music" category="tv">
    <channel service_ref="1:0:1:0008:6fff:217c:eeee0000:0:0:0:" name="TELE IN MUSIC" service_name="TELE IN MUSIC" provider="" sid="8" onid="8572" tsid="28671" />
  </bouquet>
  <bouquet name="TF1" category="tv">
    <channel service_ref="1:0:1:0004:6fff:217c:eeee0000:0:0:0:" name="Canale 31" service_name="Canale 31" provider="TELE IN" sid="4" onid="8572" tsid="28671" />
    <channel service_ref="1:0:1:00ff:6fff:217c:eeee0000:0:0:0:" name="Canale 31 HD" service_name="Canale 31 HD" provider="Tele IN" sid="255" onid="8572" tsid="28671" />
  </bouquet>
  <bouquet name="Austria" category="tv">
    <channel service_ref="1:0:1:02ad:6fff:217c:eeee0000:0:0:0:" name="VeraTV" service_name="VeraTV" provider="Tele In" sid="685" onid="8572" tsid="28671" />
  </bouquet>
  <bouquet name="Switzerland" category="tv">
    <channel service_ref="1:0:1:037b:6fff:217c:eeee0000:0:0:0:" name="Pax TV" service_name="Pax TV" provider="TeleTibur" sid="891" onid="8572" tsid="28671" />
    <channel service_ref="1:0:1:02af:6fff:217c:eeee0000:0:0:0:" name="Simply City" service_name="Simply City" provider="Tele In" sid="687" onid="8572" tsid="28671" />
    <channel service_ref="1:0:1:02ae:6fff:217c:eeee0000:0:0:0:" name="Simply TV" service_name="Simply TV" provider="Tele In" sid="686" onid="8572" tsid="28671" />
    <channel service_ref="1:0:1:010e:6fff:217c:eeee0000:0:0:0:" name="SPAZIO APERTO" service_name="SPAZIO APERTO" provider="Tele IN" sid="270" onid="8572" tsid="28671" />
    <channel service_ref="1:0:1:0006:6fff:217c:eeee0000:0:0:0:" name="TELE IN" service_name="TELE IN" provider="TELE IN" sid="6" onid="8572" tsid="28671" />
    <channel service_ref="1:0:1:0007:6fff:217c:eeee0000:0:0:0:" name="TELE IN +PLUS" service_name="TELE IN +PLUS" provider="" sid="7" onid="8572" tsid="28671" />
    <channel service_ref="1:0:1:000a:6fff:217c:eeee0000:0:0:0:" name="TELE IN FASHION" service_name="TELE IN FASHION" provider="TELE IN" sid="10" onid="8572" tsid="28671" />
    <channel service_ref="1:0:1:000b:6fff:217c:eeee0000:0:0:0:" name="TELE IN INFO" service_name="TELE IN INFO" provider="TELE IN" sid="11" onid="8572" tsid="28671" />
    <channel service_ref="1:0:1:003b:6fff:217c:eeee0000:0:0:0:" name="TeleRomaDue" service_name="TeleRomaDue" provider="TELE IN" sid="59" onid="8572" tsid="28671" />
    <channel service_ref="1:0:1:026e:6fff:217c:eeee0000:0:0:0:" name="TeleRomaTre" service_name="TeleRomaTre" provider="Tele In" sid="622" onid="8572" tsid="28671" />
    <channel service_ref="1:0:1:0001:6fff:217c:eeee0000:0:0:0:" name="TeleRomaUno" service_name="TeleRomaUno" provider="" sid="1" onid="8572" tsid="28671" />
    <channel service_ref="1:0:1:000c:6fff:217c:eeee0000:0:0:0:" name="TeleTibur" service_name="TeleTibur" provider="TELE IN" sid="12" onid="8572" tsid="28671" />
  </bouquet>
  <bouquet name="Resolution - HD" category="tv">
    <channel service_ref="1:0:1:00ff:6fff:217c:eeee0000:0:0:0:" name="Canale 31 HD" service_name="Canale 31 HD" provider="Tele IN" sid="255" onid="8572" tsid="28671" />
  </bouquet>
  <bouquet name="Radio" category="radio">
    <channel service_ref="1:0:2:012e:6fff:217c:eeee0000:0:0:0:" name="Radio Oscia'" service_name="Radio Oscia'" provider="Tele In" sid="302" onid="8572" tsid="28671" />
    <channel service_ref="1:0:2:02ee:6fff:217c:eeee0000:0:0:0:" name="Radio Santissima Trinita'" service_name="Radio Santissima Trinita'" provider="Tele In" sid="750" onid="8572" tsid="28671" />
    <channel service_ref="1:0:2:02f8:6fff:217c:eeee0000:0:0:0:" name="Simply Italia" service_name="Simply Italia" provider="Tele In" sid="760" onid="8572" tsid="28671" />
    <channel service_ref="1:0:2:000d:6fff:217c:eeee0000:0:0:0:" name="Simply Radio" service_name="Simply Radio" provider="TELE IN" sid="13" onid="8572" tsid="28671" />
  </bouquet>
  <bouquet name="Digitale terrestre               by Dragonfire" category="tv">
    <channel service_ref="1:0:1:6:6fff:217c:eeee0000:0:0:0:" name="TELE IN" service_name="TELE IN" provider="TELE IN" sid="6" onid="8572" tsid="28671" />
    <channel service_ref="1:0:1:7:6fff:217c:eeee0000:0:0:0:" name="TELE IN +PLUS" service_name="TELE IN +PLUS" provider="" sid="7" onid="8572" tsid="28671" />
    <channel service_ref="1:0:1:8:6fff:217c:eeee0000:0:0:0:" name="TELE IN MUSIC" service_name="TELE IN MUSIC" provider="" sid="8" onid="8572" tsid="28671" />
    <channel service_ref="1:0:1:9:6fff:217c:eeee0000:0:0:0:" name="TELE IN SPORT" service_name="TELE IN SPORT" provider="" sid="9" onid="8572" tsid="28671" />
    <channel service_ref="1:0:1:a:6fff:217c:eeee0000:0:0:0:" name="TELE IN FASHION" service_name="TELE IN FASHION" provider="TELE IN" sid="10" onid="8572" tsid="28671" />
    <channel service_ref="1:0:1:b:6fff:217c:eeee0000:0:0:0:" name="TELE IN INFO" service_name="TELE IN INFO" provider="TELE IN" sid="11" onid="8572" tsid="28671" />
    <channel service_ref="1:0:1:1:6fff:217c:eeee0000:0:0:0:" name="TeleRomaUno" service_name="TeleRomaUno" provider="" sid="1" onid="8572" tsid="28671" />
    <channel service_ref="1:0:1:4:6fff:217c:eeee0000:0:0:0:" name="Canale 31" service_name="Canale 31" provider="TELE IN" sid="4" onid="8572" tsid="28671" />
    <channel service_ref="1:0:1:c:6fff:217c:eeee0000:0:0:0:" name="TeleTibur" service_name="TeleTibur" provider="TELE IN" sid="12" onid="8572" tsid="28671" />
    <channel service_ref="1:0:1:26e:6fff:217c:eeee0000:0:0:0:" name="TeleRomaTre" service_name="TeleRomaTre" provider="Tele In" sid="622" onid="8572" tsid="28671" />
    <channel service_ref="1:0:1:2ad:6fff:217c:eeee0000:0:0:0:" name="VeraTV" service_name="VeraTV" provider="Tele In" sid="685" onid="8572" tsid="28671" />
    <channel service_ref="1:0:1:2ae:6fff:217c:eeee0000:0:0:0:" name="Simply TV" service_name="Simply TV" provider="Tele In" sid="686" onid="8572" tsid="28671" />
    <channel service_ref="1:0:1:2af:6fff:217c:eeee0000:0:0:0:" name="Simply City" service_name="Simply City" provider="Tele In" sid="687" onid="8572" tsid="28671" />
    <channel service_ref="1:0:1:37b:6fff:217c:eeee0000:0:0:0:" name="Pax TV" service_name="Pax TV" provider="TeleTibur" sid="891" onid="8572" tsid="28671" />
    <channel service_ref="1:0:2:d:6fff:217c:eeee0000:0:0:0:" name="Simply Radio" service_name="Simply Radio" provider="TELE IN" sid="13" onid="8572" tsid="28671" />
    <channel service_ref="1:0:2:2f8:6fff:217c:eeee0000:0:0:0:" name="Simply Italia" service_name="Simply Italia" provider="Tele In" sid="760" onid="8572" tsid="28671" />
    <channel service_ref="1:0:2:2ee:6fff:217c:eeee0000:0:0:0:" name="Radio Santissima Trinita'" service_name="Radio Santissima Trinita'" provider="Tele In" sid="750" onid="8572" tsid="28671" />
  </bouquet>
</zapit>
