{
  "api_version": 4,
  "bouquet_count": "243",
  "category": "terrestrial",
  "deduplicated_services": "0",
  "display_name": "Canale-Italia",
  "lamedb_version": "4",
  "last_seen": "unknown",
  "region_code": "canale-italia",
  "service_count": "12948",
  "source": "work/ingest/oe-alliance/vhannibal.motor.and.dtt.lombardia/enigma2",
  "stale": "unknown",
  "stats": "{\"bouquet_count\": 48, \"cable_services\": 0, \"radio_services\": 2003, \"sat_services\": 12628, \"terrestrial_services\": 320, \"total_services\": 12948}",
  "thresholds": "{\"cable\": 20, \"sat\": 50, \"terrestrial\": 20}",
  "transponder_count": "961"
}