<?xml version='1.0' encoding='utf-8'?>
<zapit>
  <bouquet name="General" category="tv">
    <channel service_ref="1:0:25:006b:012e:162d:02030000:0:0:0:" name="Arena Sport 1" service_name="Arena Sport 1" provider="Fotelka" sid="107" onid="5677" tsid="302" />
    <channel service_ref="1:0:25:006d:012d:162d:02030000:0:0:0:" name="Arena Sport 2" service_name="Arena Sport 2" provider="Fotelka" sid="109" onid="5677" tsid="301" />
    <channel service_ref="1:0:25:0010:012d:162d:02030000:0:0:0:" name="Barrandov" service_name="Barrandov" provider="Fotelka" sid="16" onid="5677" tsid="301" />
    <channel service_ref="1:0:25:000a:0003:ff00:02032c56:0:0:0:" name="BTB" service_name="BTB" provider="Belintersat" sid="10" onid="65280" tsid="3" />
    <channel service_ref="1:0:1:000e:012d:162d:02030000:0:0:0:" name="Cartoon Network" service_name="Cartoon Network" provider="Fotelka" sid="14" onid="5677" tsid="301" />
    <channel service_ref="1:0:1:001a:012e:162d:02030000:0:0:0:" name="Chuck TV" service_name="Chuck TV" provider="Fotelka" sid="26" onid="5677" tsid="302" />
    <channel service_ref="1:0:25:000a:012d:162d:02030000:0:0:0:" name="CT 2" service_name="CT 2" provider="Fotelka" sid="10" onid="5677" tsid="301" />
    <channel service_ref="1:0:25:0016:012e:162d:02030000:0:0:0:" name="CT 3" service_name="CT 3" provider="Fotelka" sid="22" onid="5677" tsid="302" />
    <channel service_ref="1:0:25:001d:012d:162d:02030000:0:0:0:" name="CT D / art" service_name="CT D / art" provider="Fotelka" sid="29" onid="5677" tsid="301" />
    <channel service_ref="1:0:25:000b:012d:162d:02030000:0:0:0:" name="CT Sport" service_name="CT Sport" provider="Fotelka" sid="11" onid="5677" tsid="301" />
    <channel service_ref="1:0:25:0007:012d:162d:02030000:0:0:0:" name="Dajto" service_name="Dajto" provider="Fotelka" sid="7" onid="5677" tsid="301" />
    <channel service_ref="1:0:25:004e:012e:162d:02030000:0:0:0:" name="Discovery Channel" service_name="Discovery Channel" provider="Fotelka" sid="78" onid="5677" tsid="302" />
    <channel service_ref="1:0:25:000e:012e:162d:02030000:0:0:0:" name="Discovery Science" service_name="Discovery Science" provider="Fotelka" sid="14" onid="5677" tsid="302" />
    <channel service_ref="1:0:25:0005:012d:162d:02030000:0:0:0:" name="Doma" service_name="Doma" provider="Fotelka" sid="5" onid="5677" tsid="301" />
    <channel service_ref="1:0:25:00be:012e:162d:02030000:0:0:0:" name="Dorcel" service_name="Dorcel" provider="Fotelka" sid="190" onid="5677" tsid="302" />
    <channel service_ref="1:0:25:0002:012d:162d:02030000:0:0:0:" name="Dvojka" service_name="Dvojka" provider="Fotelka" sid="2" onid="5677" tsid="301" />
    <channel service_ref="1:0:25:0029:012e:162d:02030000:0:0:0:" name="Eurosport 1" service_name="Eurosport 1" provider="Fotelka" sid="41" onid="5677" tsid="302" />
    <channel service_ref="1:0:25:002a:012d:162d:02030000:0:0:0:" name="Eurosport 2" service_name="Eurosport 2" provider="Fotelka" sid="42" onid="5677" tsid="301" />
    <channel service_ref="1:0:25:003c:012e:162d:02030000:0:0:0:" name="FilmBox" service_name="FilmBox" provider="Fotelka" sid="60" onid="5677" tsid="302" />
    <channel service_ref="1:0:25:003d:012e:162d:02030000:0:0:0:" name="FilmBox Extra" service_name="FilmBox Extra" provider="Fotelka" sid="61" onid="5677" tsid="302" />
    <channel service_ref="1:0:1:02a9:012e:162d:02030000:0:0:0:" name="FilmBox Family" service_name="FilmBox Family" provider="Fotelka" sid="681" onid="5677" tsid="302" />
    <channel service_ref="1:0:1:002a:012e:162d:02030000:0:0:0:" name="FilmBox Stars" service_name="FilmBox Stars" provider="Fotelka" sid="42" onid="5677" tsid="302" />
    <channel service_ref="1:0:1:0022:012e:162d:02030000:0:0:0:" name="Fishing and Hunting" service_name="Fishing and Hunting" provider="Fotelka" sid="34" onid="5677" tsid="302" />
    <channel service_ref="1:0:1:0027:012e:162d:02030000:0:0:0:" name="Food Network" service_name="Food Network" provider="Fotelka" sid="39" onid="5677" tsid="302" />
    <channel service_ref="1:0:25:02bc:012d:162d:02030000:0:0:0:" name="Fotelka TV" service_name="Fotelka TV" provider="Fotelka" sid="700" onid="5677" tsid="301" />
    <channel service_ref="1:0:25:003f:012d:162d:02030000:0:0:0:" name="ID" service_name="ID" provider="Fotelka" sid="63" onid="5677" tsid="301" />
    <channel service_ref="1:0:1:003a:012e:162d:02030000:0:0:0:" name="Infokanal Fotelka.TV" service_name="Infokanal Fotelka.TV" provider="Fotelka" sid="58" onid="5677" tsid="302" />
    <channel service_ref="1:0:25:0001:012d:162d:02030000:0:0:0:" name="Jednotka" service_name="Jednotka" provider="Fotelka" sid="1" onid="5677" tsid="301" />
    <channel service_ref="1:0:25:0003:012d:162d:02030000:0:0:0:" name="Joj" service_name="Joj" provider="Fotelka" sid="3" onid="5677" tsid="301" />
    <channel service_ref="1:0:25:005a:012d:162d:02030000:0:0:0:" name="JOJ Cinema" service_name="JOJ Cinema" provider="Fotelka" sid="90" onid="5677" tsid="301" />
    <channel service_ref="1:0:25:003e:012e:162d:02030000:0:0:0:" name="JOJ Sport" service_name="JOJ Sport" provider="Fotelka" sid="62" onid="5677" tsid="302" />
    <channel service_ref="1:0:1:00bf:012e:162d:02030000:0:0:0:" name="Kino Barrandov" service_name="Kino Barrandov" provider="Fotelka" sid="191" onid="5677" tsid="302" />
    <channel service_ref="1:0:25:001a:012d:162d:02030000:0:0:0:" name="LEO" service_name="LEO" provider="Fotelka" sid="26" onid="5677" tsid="301" />
    <channel service_ref="1:0:25:01a2:012d:162d:02030000:0:0:0:" name="Lounge TV 4K" service_name="Lounge TV 4K" provider="Fotelka" sid="418" onid="5677" tsid="301" />
    <channel service_ref="1:0:25:0004:012d:162d:02030000:0:0:0:" name="Markiza" service_name="Markiza" provider="Fotelka" sid="4" onid="5677" tsid="301" />
    <channel service_ref="1:0:1:0034:012e:162d:02030000:0:0:0:" name="MTV 00s" service_name="MTV 00s" provider="Fotelka" sid="52" onid="5677" tsid="302" />
    <channel service_ref="1:0:25:004b:012e:162d:02030000:0:0:0:" name="Nat Geo Wild" service_name="Nat Geo Wild" provider="Fotelka" sid="75" onid="5677" tsid="302" />
    <channel service_ref="1:0:25:004c:012d:162d:02030000:0:0:0:" name="National Geographic" service_name="National Geographic" provider="Fotelka" sid="76" onid="5677" tsid="301" />
    <channel service_ref="1:0:1:007e:012d:162d:02030000:0:0:0:" name="Nick Junior" service_name="Nick Junior" provider="Fotelka" sid="126" onid="5677" tsid="301" />
    <channel service_ref="1:0:1:007c:012d:162d:02030000:0:0:0:" name="Nickelodeon" service_name="Nickelodeon" provider="Fotelka" sid="124" onid="5677" tsid="301" />
    <channel service_ref="1:0:1:0013:012e:162d:02030000:0:0:0:" name="NOE" service_name="NOE" provider="Fotelka" sid="19" onid="5677" tsid="302" />
    <channel service_ref="1:0:25:002b:012d:162d:02030000:0:0:0:" name="Nova Sport 1" service_name="Nova Sport 1" provider="Fotelka" sid="43" onid="5677" tsid="301" />
    <channel service_ref="1:0:25:0015:012e:162d:02030000:0:0:0:" name="Nova Sport 2" service_name="Nova Sport 2" provider="Fotelka" sid="21" onid="5677" tsid="302" />
    <channel service_ref="1:0:1:0011:012e:162d:02030000:0:0:0:" name="Paramount Network" service_name="Paramount Network" provider="Fotelka" sid="17" onid="5677" tsid="302" />
    <channel service_ref="1:0:25:0006:012d:162d:02030000:0:0:0:" name="Plus" service_name="Plus" provider="Fotelka" sid="6" onid="5677" tsid="301" />
    <channel service_ref="1:0:25:008c:012e:162d:02030000:0:0:0:" name="Prima KRIMI" service_name="Prima KRIMI" provider="Fotelka" sid="140" onid="5677" tsid="302" />
    <channel service_ref="1:0:25:0021:012e:162d:02030000:0:0:0:" name="Prima LOVE" service_name="Prima LOVE" provider="Fotelka" sid="33" onid="5677" tsid="302" />
    <channel service_ref="1:0:1:0019:012e:162d:02030000:0:0:0:" name="Prima MAX" service_name="Prima MAX" provider="Fotelka" sid="25" onid="5677" tsid="302" />
    <channel service_ref="1:0:25:001c:012e:162d:02030000:0:0:0:" name="Prima ZOOM" service_name="Prima ZOOM" provider="Fotelka" sid="28" onid="5677" tsid="302" />
    <channel service_ref="1:0:1:0037:012e:162d:02030000:0:0:0:" name="REBEL" service_name="REBEL" provider="Fotelka" sid="55" onid="5677" tsid="302" />
    <channel service_ref="1:0:1:000d:012e:162d:02030000:0:0:0:" name="Regio BA - TV9" service_name="Regio BA - TV9" provider="Fotelka" sid="13" onid="5677" tsid="302" />
    <channel service_ref="1:0:25:005f:012e:162d:02030000:0:0:0:" name="Regio KE - Východ" service_name="Regio KE - Východ" provider="Fotelka" sid="95" onid="5677" tsid="302" />
    <channel service_ref="1:0:1:000c:012e:162d:02030000:0:0:0:" name="Regio NR - Central" service_name="Regio NR - Central" provider="Fotelka" sid="12" onid="5677" tsid="302" />
    <channel service_ref="1:0:1:02c2:012d:162d:02030000:0:0:0:" name="Regio PO - TV7" service_name="Regio PO - TV7" provider="Fotelka" sid="706" onid="5677" tsid="301" />
    <channel service_ref="1:0:1:02c1:012d:162d:02030000:0:0:0:" name="Regio TN - Povazie" service_name="Regio TN - Povazie" provider="Fotelka" sid="705" onid="5677" tsid="301" />
    <channel service_ref="1:0:1:02be:012d:162d:02030000:0:0:0:" name="Regio TT - Vega" service_name="Regio TT - Vega" provider="Fotelka" sid="702" onid="5677" tsid="301" />
    <channel service_ref="1:0:1:02bd:012d:162d:02030000:0:0:0:" name="Regio ZA - Severka" service_name="Regio ZA - Severka" provider="Fotelka" sid="701" onid="5677" tsid="301" />
    <channel service_ref="1:0:1:000f:012e:162d:02030000:0:0:0:" name="Relax" service_name="Relax" provider="Fotelka" sid="15" onid="5677" tsid="302" />
    <channel service_ref="1:0:1:000a:012e:162d:02030000:0:0:0:" name="Reserved" service_name="Reserved" provider="Fotelka" sid="10" onid="5677" tsid="302" />
    <channel service_ref="1:0:1:0024:012d:162d:02030000:0:0:0:" name="Reserved" service_name="Reserved" provider="Fotelka" sid="36" onid="5677" tsid="301" />
    <channel service_ref="1:0:1:0031:012e:162d:02030000:0:0:0:" name="Reserved" service_name="Reserved" provider="Fotelka" sid="49" onid="5677" tsid="302" />
    <channel service_ref="1:0:25:007d:012d:162d:02030000:0:0:0:" name="Reserved" service_name="Reserved" provider="Fotelka" sid="125" onid="5677" tsid="301" />
    <channel service_ref="1:0:1:007f:012e:162d:02030000:0:0:0:" name="Reserved" service_name="Reserved" provider="Fotelka" sid="127" onid="5677" tsid="302" />
    <channel service_ref="1:0:25:008b:012e:162d:02030000:0:0:0:" name="Reserved" service_name="Reserved" provider="Fotelka" sid="139" onid="5677" tsid="302" />
    <channel service_ref="1:0:25:00c0:012e:162d:02030000:0:0:0:" name="Reserved" service_name="Reserved" provider="Fotelka" sid="192" onid="5677" tsid="302" />
    <channel service_ref="1:0:1:00c5:012e:162d:02030000:0:0:0:" name="Reserved" service_name="Reserved" provider="Fotelka" sid="197" onid="5677" tsid="302" />
    <channel service_ref="1:0:1:02bf:012d:162d:02030000:0:0:0:" name="Reserved" service_name="Reserved" provider="Fotelka" sid="703" onid="5677" tsid="301" />
    <channel service_ref="1:0:25:02c0:012d:162d:02030000:0:0:0:" name="Reserved" service_name="Reserved" provider="Fotelka" sid="704" onid="5677" tsid="301" />
    <channel service_ref="1:0:25:02c3:012d:162d:02030000:0:0:0:" name="Reserved for promo" service_name="Reserved for promo" provider="Fotelka" sid="707" onid="5677" tsid="301" />
    <channel service_ref="1:0:1:001b:012e:162d:02030000:0:0:0:" name="Reserved for Vyletal.TV" service_name="Reserved for Vyletal.TV" provider="Fotelka" sid="27" onid="5677" tsid="302" />
    <channel service_ref="1:0:1:0035:012e:162d:02030000:0:0:0:" name="Retro Music" service_name="Retro Music" provider="Fotelka" sid="53" onid="5677" tsid="302" />
    <channel service_ref="1:0:1:007a:012d:162d:02030000:0:0:0:" name="RIK" service_name="RIK" provider="Fotelka" sid="122" onid="5677" tsid="301" />
    <channel service_ref="1:0:1:0025:012e:162d:02030000:0:0:0:" name="Romana" service_name="Romana" provider="Fotelka" sid="37" onid="5677" tsid="302" />
    <channel service_ref="1:0:1:0039:012e:162d:02030000:0:0:0:" name="Senzi" service_name="Senzi" provider="Fotelka" sid="57" onid="5677" tsid="302" />
    <channel service_ref="1:0:1:000b:012e:162d:02030000:0:0:0:" name="Slagr Premium" service_name="Slagr Premium" provider="Fotelka" sid="11" onid="5677" tsid="302" />
    <channel service_ref="1:0:1:006e:012e:162d:02030000:0:0:0:" name="Sport 5" service_name="Sport 5" provider="Fotelka" sid="110" onid="5677" tsid="302" />
    <channel service_ref="1:0:25:0009:012d:162d:02030000:0:0:0:" name="TA3" service_name="TA3" provider="Fotelka" sid="9" onid="5677" tsid="301" />
    <channel service_ref="1:0:25:0c1d:0003:ff00:02032c56:0:0:0:" name="TEST S1 HD" service_name="TEST S1 HD" provider="Belintersat" sid="3101" onid="65280" tsid="3" />
    <channel service_ref="1:0:25:0c1e:0003:ff00:02032c56:0:0:0:" name="TEST S2 HD" service_name="TEST S2 HD" provider="Belintersat" sid="3102" onid="65280" tsid="3" />
    <channel service_ref="1:0:25:0c1f:0003:ff00:02032c56:0:0:0:" name="TEST S3 HD" service_name="TEST S3 HD" provider="Belintersat" sid="3103" onid="65280" tsid="3" />
    <channel service_ref="1:0:25:0c20:0003:ff00:02032c56:0:0:0:" name="TEST S4 HD" service_name="TEST S4 HD" provider="Belintersat" sid="3104" onid="65280" tsid="3" />
    <channel service_ref="1:0:25:0c21:0003:ff00:02032c56:0:0:0:" name="TEST S5 HD" service_name="TEST S5 HD" provider="Belintersat" sid="3105" onid="65280" tsid="3" />
    <channel service_ref="1:0:25:0c22:0003:ff00:02032c56:0:0:0:" name="TEST S6 HD" service_name="TEST S6 HD" provider="Belintersat" sid="3106" onid="65280" tsid="3" />
    <channel service_ref="1:0:25:0c23:0003:ff00:02032c56:0:0:0:" name="TEST S7 HD" service_name="TEST S7 HD" provider="Belintersat" sid="3107" onid="65280" tsid="3" />
    <channel service_ref="1:0:25:0c24:0003:ff00:02032c56:0:0:0:" name="TEST S8 HD" service_name="TEST S8 HD" provider="Belintersat" sid="3108" onid="65280" tsid="3" />
    <channel service_ref="1:0:25:0c25:0003:ff00:02032c56:0:0:0:" name="TEST S9 HD" service_name="TEST S9 HD" provider="Belintersat" sid="3109" onid="65280" tsid="3" />
    <channel service_ref="1:0:1:0020:012e:162d:02030000:0:0:0:" name="TLC" service_name="TLC" provider="Fotelka" sid="32" onid="5677" tsid="302" />
    <channel service_ref="1:0:25:002c:012d:162d:02030000:0:0:0:" name="Travel Channel" service_name="Travel Channel" provider="Fotelka" sid="44" onid="5677" tsid="301" />
    <channel service_ref="1:0:1:000f:012d:162d:02030000:0:0:0:" name="Trojka" service_name="Trojka" provider="Fotelka" sid="15" onid="5677" tsid="301" />
    <channel service_ref="1:0:25:0008:012d:162d:02030000:0:0:0:" name="WAU" service_name="WAU" provider="Fotelka" sid="8" onid="5677" tsid="301" />
    <channel service_ref="1:0:1:0012:012e:162d:02030000:0:0:0:" name="Šláger Originál" service_name="Šláger Originál" provider="Fotelka" sid="18" onid="5677" tsid="302" />
    <channel service_ref="1:0:1:0038:012e:162d:02030000:0:0:0:" name="Štvorka šport HD" service_name="Štvorka šport HD" provider="Fotelka" sid="56" onid="5677" tsid="302" />
  </bouquet>
  <bouquet name="Movies" category="tv">
    <channel service_ref="1:0:25:003c:012e:162d:02030000:0:0:0:" name="FilmBox" service_name="FilmBox" provider="Fotelka" sid="60" onid="5677" tsid="302" />
    <channel service_ref="1:0:25:003d:012e:162d:02030000:0:0:0:" name="FilmBox Extra" service_name="FilmBox Extra" provider="Fotelka" sid="61" onid="5677" tsid="302" />
    <channel service_ref="1:0:1:02a9:012e:162d:02030000:0:0:0:" name="FilmBox Family" service_name="FilmBox Family" provider="Fotelka" sid="681" onid="5677" tsid="302" />
    <channel service_ref="1:0:1:002a:012e:162d:02030000:0:0:0:" name="FilmBox Stars" service_name="FilmBox Stars" provider="Fotelka" sid="42" onid="5677" tsid="302" />
    <channel service_ref="1:0:25:005a:012d:162d:02030000:0:0:0:" name="JOJ Cinema" service_name="JOJ Cinema" provider="Fotelka" sid="90" onid="5677" tsid="301" />
  </bouquet>
  <bouquet name="Sports" category="tv">
    <channel service_ref="1:0:25:006b:012e:162d:02030000:0:0:0:" name="Arena Sport 1" service_name="Arena Sport 1" provider="Fotelka" sid="107" onid="5677" tsid="302" />
    <channel service_ref="1:0:25:006d:012d:162d:02030000:0:0:0:" name="Arena Sport 2" service_name="Arena Sport 2" provider="Fotelka" sid="109" onid="5677" tsid="301" />
    <channel service_ref="1:0:25:000b:012d:162d:02030000:0:0:0:" name="CT Sport" service_name="CT Sport" provider="Fotelka" sid="11" onid="5677" tsid="301" />
    <channel service_ref="1:0:25:0029:012e:162d:02030000:0:0:0:" name="Eurosport 1" service_name="Eurosport 1" provider="Fotelka" sid="41" onid="5677" tsid="302" />
    <channel service_ref="1:0:25:002a:012d:162d:02030000:0:0:0:" name="Eurosport 2" service_name="Eurosport 2" provider="Fotelka" sid="42" onid="5677" tsid="301" />
    <channel service_ref="1:0:25:003e:012e:162d:02030000:0:0:0:" name="JOJ Sport" service_name="JOJ Sport" provider="Fotelka" sid="62" onid="5677" tsid="302" />
    <channel service_ref="1:0:25:002b:012d:162d:02030000:0:0:0:" name="Nova Sport 1" service_name="Nova Sport 1" provider="Fotelka" sid="43" onid="5677" tsid="301" />
    <channel service_ref="1:0:25:0015:012e:162d:02030000:0:0:0:" name="Nova Sport 2" service_name="Nova Sport 2" provider="Fotelka" sid="21" onid="5677" tsid="302" />
    <channel service_ref="1:0:1:006e:012e:162d:02030000:0:0:0:" name="Sport 5" service_name="Sport 5" provider="Fotelka" sid="110" onid="5677" tsid="302" />
  </bouquet>
  <bouquet name="Kids" category="tv">
    <channel service_ref="1:0:1:000e:012d:162d:02030000:0:0:0:" name="Cartoon Network" service_name="Cartoon Network" provider="Fotelka" sid="14" onid="5677" tsid="301" />
    <channel service_ref="1:0:1:007e:012d:162d:02030000:0:0:0:" name="Nick Junior" service_name="Nick Junior" provider="Fotelka" sid="126" onid="5677" tsid="301" />
    <channel service_ref="1:0:1:007c:012d:162d:02030000:0:0:0:" name="Nickelodeon" service_name="Nickelodeon" provider="Fotelka" sid="124" onid="5677" tsid="301" />
  </bouquet>
  <bouquet name="Music" category="tv">
    <channel service_ref="1:0:1:0034:012e:162d:02030000:0:0:0:" name="MTV 00s" service_name="MTV 00s" provider="Fotelka" sid="52" onid="5677" tsid="302" />
    <channel service_ref="1:0:1:0035:012e:162d:02030000:0:0:0:" name="Retro Music" service_name="Retro Music" provider="Fotelka" sid="53" onid="5677" tsid="302" />
  </bouquet>
  <bouquet name="Documentary" category="tv">
    <channel service_ref="1:0:25:004b:012e:162d:02030000:0:0:0:" name="Nat Geo Wild" service_name="Nat Geo Wild" provider="Fotelka" sid="75" onid="5677" tsid="302" />
    <channel service_ref="1:0:25:004c:012d:162d:02030000:0:0:0:" name="National Geographic" service_name="National Geographic" provider="Fotelka" sid="76" onid="5677" tsid="301" />
  </bouquet>
  <bouquet name="Switzerland" category="tv">
    <channel service_ref="1:0:25:0016:012e:162d:02030000:0:0:0:" name="CT 3" service_name="CT 3" provider="Fotelka" sid="22" onid="5677" tsid="302" />
    <channel service_ref="1:0:25:0009:012d:162d:02030000:0:0:0:" name="TA3" service_name="TA3" provider="Fotelka" sid="9" onid="5677" tsid="301" />
    <channel service_ref="1:0:25:0c1f:0003:ff00:02032c56:0:0:0:" name="TEST S3 HD" service_name="TEST S3 HD" provider="Belintersat" sid="3103" onid="65280" tsid="3" />
    <channel service_ref="1:0:25:0c21:0003:ff00:02032c56:0:0:0:" name="TEST S5 HD" service_name="TEST S5 HD" provider="Belintersat" sid="3105" onid="65280" tsid="3" />
  </bouquet>
  <bouquet name="Resolution - UHD" category="tv">
    <channel service_ref="1:0:25:01a2:012d:162d:02030000:0:0:0:" name="Lounge TV 4K" service_name="Lounge TV 4K" provider="Fotelka" sid="418" onid="5677" tsid="301" />
  </bouquet>
  <bouquet name="Resolution - HD" category="tv">
    <channel service_ref="1:0:25:0c1d:0003:ff00:02032c56:0:0:0:" name="TEST S1 HD" service_name="TEST S1 HD" provider="Belintersat" sid="3101" onid="65280" tsid="3" />
    <channel service_ref="1:0:25:0c1e:0003:ff00:02032c56:0:0:0:" name="TEST S2 HD" service_name="TEST S2 HD" provider="Belintersat" sid="3102" onid="65280" tsid="3" />
    <channel service_ref="1:0:25:0c1f:0003:ff00:02032c56:0:0:0:" name="TEST S3 HD" service_name="TEST S3 HD" provider="Belintersat" sid="3103" onid="65280" tsid="3" />
    <channel service_ref="1:0:25:0c20:0003:ff00:02032c56:0:0:0:" name="TEST S4 HD" service_name="TEST S4 HD" provider="Belintersat" sid="3104" onid="65280" tsid="3" />
    <channel service_ref="1:0:25:0c21:0003:ff00:02032c56:0:0:0:" name="TEST S5 HD" service_name="TEST S5 HD" provider="Belintersat" sid="3105" onid="65280" tsid="3" />
    <channel service_ref="1:0:25:0c22:0003:ff00:02032c56:0:0:0:" name="TEST S6 HD" service_name="TEST S6 HD" provider="Belintersat" sid="3106" onid="65280" tsid="3" />
    <channel service_ref="1:0:25:0c23:0003:ff00:02032c56:0:0:0:" name="TEST S7 HD" service_name="TEST S7 HD" provider="Belintersat" sid="3107" onid="65280" tsid="3" />
    <channel service_ref="1:0:25:0c24:0003:ff00:02032c56:0:0:0:" name="TEST S8 HD" service_name="TEST S8 HD" provider="Belintersat" sid="3108" onid="65280" tsid="3" />
    <channel service_ref="1:0:25:0c25:0003:ff00:02032c56:0:0:0:" name="TEST S9 HD" service_name="TEST S9 HD" provider="Belintersat" sid="3109" onid="65280" tsid="3" />
    <channel service_ref="1:0:1:0038:012e:162d:02030000:0:0:0:" name="Štvorka šport HD" service_name="Štvorka šport HD" provider="Fotelka" sid="56" onid="5677" tsid="302" />
  </bouquet>
  <bouquet name="Adult" category="tv">
    <channel service_ref="1:0:25:00be:012e:162d:02030000:0:0:0:" name="Dorcel" service_name="Dorcel" provider="Fotelka" sid="190" onid="5677" tsid="302" />
  </bouquet>
  <bouquet name="UHD/4K" category="tv">
    <channel service_ref="1:0:25:01a2:012d:162d:02030000:0:0:0:" name="Lounge TV 4K" service_name="Lounge TV 4K" provider="Fotelka" sid="418" onid="5677" tsid="301" />
  </bouquet>
  <bouquet name="Others" category="tv">
    <channel service_ref="1:0:25:0010:012d:162d:02030000:0:0:0:" name="Barrandov" service_name="Barrandov" provider="Fotelka" sid="16" onid="5677" tsid="301" />
    <channel service_ref="1:0:25:000a:0003:ff00:02032c56:0:0:0:" name="BTB" service_name="BTB" provider="Belintersat" sid="10" onid="65280" tsid="3" />
    <channel service_ref="1:0:1:001a:012e:162d:02030000:0:0:0:" name="Chuck TV" service_name="Chuck TV" provider="Fotelka" sid="26" onid="5677" tsid="302" />
    <channel service_ref="1:0:25:000a:012d:162d:02030000:0:0:0:" name="CT 2" service_name="CT 2" provider="Fotelka" sid="10" onid="5677" tsid="301" />
    <channel service_ref="1:0:25:001d:012d:162d:02030000:0:0:0:" name="CT D / art" service_name="CT D / art" provider="Fotelka" sid="29" onid="5677" tsid="301" />
    <channel service_ref="1:0:25:0007:012d:162d:02030000:0:0:0:" name="Dajto" service_name="Dajto" provider="Fotelka" sid="7" onid="5677" tsid="301" />
    <channel service_ref="1:0:25:004e:012e:162d:02030000:0:0:0:" name="Discovery Channel" service_name="Discovery Channel" provider="Fotelka" sid="78" onid="5677" tsid="302" />
    <channel service_ref="1:0:25:000e:012e:162d:02030000:0:0:0:" name="Discovery Science" service_name="Discovery Science" provider="Fotelka" sid="14" onid="5677" tsid="302" />
    <channel service_ref="1:0:25:0005:012d:162d:02030000:0:0:0:" name="Doma" service_name="Doma" provider="Fotelka" sid="5" onid="5677" tsid="301" />
    <channel service_ref="1:0:25:0002:012d:162d:02030000:0:0:0:" name="Dvojka" service_name="Dvojka" provider="Fotelka" sid="2" onid="5677" tsid="301" />
    <channel service_ref="1:0:1:0022:012e:162d:02030000:0:0:0:" name="Fishing and Hunting" service_name="Fishing and Hunting" provider="Fotelka" sid="34" onid="5677" tsid="302" />
    <channel service_ref="1:0:1:0027:012e:162d:02030000:0:0:0:" name="Food Network" service_name="Food Network" provider="Fotelka" sid="39" onid="5677" tsid="302" />
    <channel service_ref="1:0:25:02bc:012d:162d:02030000:0:0:0:" name="Fotelka TV" service_name="Fotelka TV" provider="Fotelka" sid="700" onid="5677" tsid="301" />
    <channel service_ref="1:0:25:003f:012d:162d:02030000:0:0:0:" name="ID" service_name="ID" provider="Fotelka" sid="63" onid="5677" tsid="301" />
    <channel service_ref="1:0:1:003a:012e:162d:02030000:0:0:0:" name="Infokanal Fotelka.TV" service_name="Infokanal Fotelka.TV" provider="Fotelka" sid="58" onid="5677" tsid="302" />
    <channel service_ref="1:0:25:0001:012d:162d:02030000:0:0:0:" name="Jednotka" service_name="Jednotka" provider="Fotelka" sid="1" onid="5677" tsid="301" />
    <channel service_ref="1:0:25:0003:012d:162d:02030000:0:0:0:" name="Joj" service_name="Joj" provider="Fotelka" sid="3" onid="5677" tsid="301" />
    <channel service_ref="1:0:1:00bf:012e:162d:02030000:0:0:0:" name="Kino Barrandov" service_name="Kino Barrandov" provider="Fotelka" sid="191" onid="5677" tsid="302" />
    <channel service_ref="1:0:25:001a:012d:162d:02030000:0:0:0:" name="LEO" service_name="LEO" provider="Fotelka" sid="26" onid="5677" tsid="301" />
    <channel service_ref="1:0:25:0004:012d:162d:02030000:0:0:0:" name="Markiza" service_name="Markiza" provider="Fotelka" sid="4" onid="5677" tsid="301" />
    <channel service_ref="1:0:1:0013:012e:162d:02030000:0:0:0:" name="NOE" service_name="NOE" provider="Fotelka" sid="19" onid="5677" tsid="302" />
    <channel service_ref="1:0:1:0011:012e:162d:02030000:0:0:0:" name="Paramount Network" service_name="Paramount Network" provider="Fotelka" sid="17" onid="5677" tsid="302" />
    <channel service_ref="1:0:25:0006:012d:162d:02030000:0:0:0:" name="Plus" service_name="Plus" provider="Fotelka" sid="6" onid="5677" tsid="301" />
    <channel service_ref="1:0:25:008c:012e:162d:02030000:0:0:0:" name="Prima KRIMI" service_name="Prima KRIMI" provider="Fotelka" sid="140" onid="5677" tsid="302" />
    <channel service_ref="1:0:25:0021:012e:162d:02030000:0:0:0:" name="Prima LOVE" service_name="Prima LOVE" provider="Fotelka" sid="33" onid="5677" tsid="302" />
    <channel service_ref="1:0:1:0019:012e:162d:02030000:0:0:0:" name="Prima MAX" service_name="Prima MAX" provider="Fotelka" sid="25" onid="5677" tsid="302" />
    <channel service_ref="1:0:25:001c:012e:162d:02030000:0:0:0:" name="Prima ZOOM" service_name="Prima ZOOM" provider="Fotelka" sid="28" onid="5677" tsid="302" />
    <channel service_ref="1:0:1:0037:012e:162d:02030000:0:0:0:" name="REBEL" service_name="REBEL" provider="Fotelka" sid="55" onid="5677" tsid="302" />
    <channel service_ref="1:0:1:000d:012e:162d:02030000:0:0:0:" name="Regio BA - TV9" service_name="Regio BA - TV9" provider="Fotelka" sid="13" onid="5677" tsid="302" />
    <channel service_ref="1:0:25:005f:012e:162d:02030000:0:0:0:" name="Regio KE - Východ" service_name="Regio KE - Východ" provider="Fotelka" sid="95" onid="5677" tsid="302" />
    <channel service_ref="1:0:1:000c:012e:162d:02030000:0:0:0:" name="Regio NR - Central" service_name="Regio NR - Central" provider="Fotelka" sid="12" onid="5677" tsid="302" />
    <channel service_ref="1:0:1:02c2:012d:162d:02030000:0:0:0:" name="Regio PO - TV7" service_name="Regio PO - TV7" provider="Fotelka" sid="706" onid="5677" tsid="301" />
    <channel service_ref="1:0:1:02c1:012d:162d:02030000:0:0:0:" name="Regio TN - Povazie" service_name="Regio TN - Povazie" provider="Fotelka" sid="705" onid="5677" tsid="301" />
    <channel service_ref="1:0:1:02be:012d:162d:02030000:0:0:0:" name="Regio TT - Vega" service_name="Regio TT - Vega" provider="Fotelka" sid="702" onid="5677" tsid="301" />
    <channel service_ref="1:0:1:02bd:012d:162d:02030000:0:0:0:" name="Regio ZA - Severka" service_name="Regio ZA - Severka" provider="Fotelka" sid="701" onid="5677" tsid="301" />
    <channel service_ref="1:0:1:000f:012e:162d:02030000:0:0:0:" name="Relax" service_name="Relax" provider="Fotelka" sid="15" onid="5677" tsid="302" />
    <channel service_ref="1:0:1:000a:012e:162d:02030000:0:0:0:" name="Reserved" service_name="Reserved" provider="Fotelka" sid="10" onid="5677" tsid="302" />
    <channel service_ref="1:0:1:0024:012d:162d:02030000:0:0:0:" name="Reserved" service_name="Reserved" provider="Fotelka" sid="36" onid="5677" tsid="301" />
    <channel service_ref="1:0:1:0031:012e:162d:02030000:0:0:0:" name="Reserved" service_name="Reserved" provider="Fotelka" sid="49" onid="5677" tsid="302" />
    <channel service_ref="1:0:25:007d:012d:162d:02030000:0:0:0:" name="Reserved" service_name="Reserved" provider="Fotelka" sid="125" onid="5677" tsid="301" />
    <channel service_ref="1:0:1:007f:012e:162d:02030000:0:0:0:" name="Reserved" service_name="Reserved" provider="Fotelka" sid="127" onid="5677" tsid="302" />
    <channel service_ref="1:0:25:008b:012e:162d:02030000:0:0:0:" name="Reserved" service_name="Reserved" provider="Fotelka" sid="139" onid="5677" tsid="302" />
    <channel service_ref="1:0:25:00c0:012e:162d:02030000:0:0:0:" name="Reserved" service_name="Reserved" provider="Fotelka" sid="192" onid="5677" tsid="302" />
    <channel service_ref="1:0:1:00c5:012e:162d:02030000:0:0:0:" name="Reserved" service_name="Reserved" provider="Fotelka" sid="197" onid="5677" tsid="302" />
    <channel service_ref="1:0:1:02bf:012d:162d:02030000:0:0:0:" name="Reserved" service_name="Reserved" provider="Fotelka" sid="703" onid="5677" tsid="301" />
    <channel service_ref="1:0:25:02c0:012d:162d:02030000:0:0:0:" name="Reserved" service_name="Reserved" provider="Fotelka" sid="704" onid="5677" tsid="301" />
    <channel service_ref="1:0:25:02c3:012d:162d:02030000:0:0:0:" name="Reserved for promo" service_name="Reserved for promo" provider="Fotelka" sid="707" onid="5677" tsid="301" />
    <channel service_ref="1:0:1:001b:012e:162d:02030000:0:0:0:" name="Reserved for Vyletal.TV" service_name="Reserved for Vyletal.TV" provider="Fotelka" sid="27" onid="5677" tsid="302" />
    <channel service_ref="1:0:1:007a:012d:162d:02030000:0:0:0:" name="RIK" service_name="RIK" provider="Fotelka" sid="122" onid="5677" tsid="301" />
    <channel service_ref="1:0:1:0025:012e:162d:02030000:0:0:0:" name="Romana" service_name="Romana" provider="Fotelka" sid="37" onid="5677" tsid="302" />
    <channel service_ref="1:0:1:0039:012e:162d:02030000:0:0:0:" name="Senzi" service_name="Senzi" provider="Fotelka" sid="57" onid="5677" tsid="302" />
    <channel service_ref="1:0:1:000b:012e:162d:02030000:0:0:0:" name="Slagr Premium" service_name="Slagr Premium" provider="Fotelka" sid="11" onid="5677" tsid="302" />
    <channel service_ref="1:0:25:0c1d:0003:ff00:02032c56:0:0:0:" name="TEST S1 HD" service_name="TEST S1 HD" provider="Belintersat" sid="3101" onid="65280" tsid="3" />
    <channel service_ref="1:0:25:0c1e:0003:ff00:02032c56:0:0:0:" name="TEST S2 HD" service_name="TEST S2 HD" provider="Belintersat" sid="3102" onid="65280" tsid="3" />
    <channel service_ref="1:0:25:0c20:0003:ff00:02032c56:0:0:0:" name="TEST S4 HD" service_name="TEST S4 HD" provider="Belintersat" sid="3104" onid="65280" tsid="3" />
    <channel service_ref="1:0:25:0c22:0003:ff00:02032c56:0:0:0:" name="TEST S6 HD" service_name="TEST S6 HD" provider="Belintersat" sid="3106" onid="65280" tsid="3" />
    <channel service_ref="1:0:25:0c23:0003:ff00:02032c56:0:0:0:" name="TEST S7 HD" service_name="TEST S7 HD" provider="Belintersat" sid="3107" onid="65280" tsid="3" />
    <channel service_ref="1:0:25:0c24:0003:ff00:02032c56:0:0:0:" name="TEST S8 HD" service_name="TEST S8 HD" provider="Belintersat" sid="3108" onid="65280" tsid="3" />
    <channel service_ref="1:0:25:0c25:0003:ff00:02032c56:0:0:0:" name="TEST S9 HD" service_name="TEST S9 HD" provider="Belintersat" sid="3109" onid="65280" tsid="3" />
    <channel service_ref="1:0:1:0020:012e:162d:02030000:0:0:0:" name="TLC" service_name="TLC" provider="Fotelka" sid="32" onid="5677" tsid="302" />
    <channel service_ref="1:0:25:002c:012d:162d:02030000:0:0:0:" name="Travel Channel" service_name="Travel Channel" provider="Fotelka" sid="44" onid="5677" tsid="301" />
    <channel service_ref="1:0:1:000f:012d:162d:02030000:0:0:0:" name="Trojka" service_name="Trojka" provider="Fotelka" sid="15" onid="5677" tsid="301" />
    <channel service_ref="1:0:25:0008:012d:162d:02030000:0:0:0:" name="WAU" service_name="WAU" provider="Fotelka" sid="8" onid="5677" tsid="301" />
    <channel service_ref="1:0:1:0012:012e:162d:02030000:0:0:0:" name="Šláger Originál" service_name="Šláger Originál" provider="Fotelka" sid="18" onid="5677" tsid="302" />
    <channel service_ref="1:0:1:0038:012e:162d:02030000:0:0:0:" name="Štvorka šport HD" service_name="Štvorka šport HD" provider="Fotelka" sid="56" onid="5677" tsid="302" />
  </bouquet>
</zapit>
