<?xml version='1.0' encoding='utf-8'?>
<zapit>
  <bouquet name="General" category="tv">
    <channel service_ref="1:0:1:029c:4a9c:217c:eeee0000:0:0:0:" name="PRIMAFREE" service_name="PRIMAFREE" provider="" sid="668" onid="8572" tsid="19100" />
    <channel service_ref="1:0:1:005f:4a9c:217c:eeee0000:0:0:0:" name="Radio Italia Vision" service_name="Radio Italia Vision" provider="" sid="95" onid="8572" tsid="19100" />
    <channel service_ref="1:0:1:029e:4a9c:217c:eeee0000:0:0:0:" name="Radio Studio Delta TV" service_name="Radio Studio Delta TV" provider="" sid="670" onid="8572" tsid="19100" />
    <channel service_ref="1:0:1:0031:4a9c:217c:eeee0000:0:0:0:" name="SUPER TV ROMAGNA" service_name="SUPER TV ROMAGNA" provider="" sid="49" onid="8572" tsid="19100" />
    <channel service_ref="1:0:1:012b:4a9c:217c:eeee0000:0:0:0:" name="Teleravenna2" service_name="Teleravenna2" provider="" sid="299" onid="8572" tsid="19100" />
    <channel service_ref="1:0:1:0004:4a9c:217c:eeee0000:0:0:0:" name="Telereggio" service_name="Telereggio" provider="Teleromagna" sid="4" onid="8572" tsid="19100" />
    <channel service_ref="1:0:1:0001:4a9c:217c:eeee0000:0:0:0:" name="TELEROMAGNA" service_name="TELEROMAGNA" provider="" sid="1" onid="8572" tsid="19100" />
    <channel service_ref="1:0:1:025d:4a9c:217c:eeee0000:0:0:0:" name="Teleromagna Adriatica" service_name="Teleromagna Adriatica" provider="" sid="605" onid="8572" tsid="19100" />
    <channel service_ref="1:0:1:00ca:4a9c:217c:eeee0000:0:0:0:" name="TELEROMAGNA HQ" service_name="TELEROMAGNA HQ" provider="" sid="202" onid="8572" tsid="19100" />
    <channel service_ref="1:0:1:029b:4a9c:217c:eeee0000:0:0:0:" name="TELEROMAGNA INFO" service_name="TELEROMAGNA INFO" provider="" sid="667" onid="8572" tsid="19100" />
    <channel service_ref="1:0:1:00c1:4a9c:217c:eeee0000:0:0:0:" name="TELEROMAGNA MIA" service_name="TELEROMAGNA MIA" provider="" sid="193" onid="8572" tsid="19100" />
    <channel service_ref="1:0:1:0037:4a9c:217c:eeee0000:0:0:0:" name="TELEROMAGNA NEWS" service_name="TELEROMAGNA NEWS" provider="" sid="55" onid="8572" tsid="19100" />
    <channel service_ref="1:0:1:025e:4a9c:217c:eeee0000:0:0:0:" name="TELEROMAGNA SHOP" service_name="TELEROMAGNA SHOP" provider="" sid="606" onid="8572" tsid="19100" />
    <channel service_ref="1:0:1:00c0:4a9c:217c:eeee0000:0:0:0:" name="TELEROMAGNA SPORT" service_name="TELEROMAGNA SPORT" provider="" sid="192" onid="8572" tsid="19100" />
    <channel service_ref="1:0:1:000b:4a9c:217c:eeee0000:0:0:0:" name="TR 24" service_name="TR 24" provider="" sid="11" onid="8572" tsid="19100" />
    <channel service_ref="1:0:1:000d:4a9c:217c:eeee0000:0:0:0:" name="tvqui" service_name="tvqui" provider="TELEROMAGNA" sid="13" onid="8572" tsid="19100" />
    <channel service_ref="1:0:1:000c:4a9c:217c:eeee0000:0:0:0:" name="VIDEOREGIONE" service_name="VIDEOREGIONE" provider="VIDEOREGIONE SRL" sid="12" onid="8572" tsid="19100" />
  </bouquet>
  <bouquet name="News" category="tv">
    <channel service_ref="1:0:1:0037:4a9c:217c:eeee0000:0:0:0:" name="TELEROMAGNA NEWS" service_name="TELEROMAGNA NEWS" provider="" sid="55" onid="8572" tsid="19100" />
  </bouquet>
  <bouquet name="Sports" category="tv">
    <channel service_ref="1:0:1:00c0:4a9c:217c:eeee0000:0:0:0:" name="TELEROMAGNA SPORT" service_name="TELEROMAGNA SPORT" provider="" sid="192" onid="8572" tsid="19100" />
  </bouquet>
  <bouquet name="RAI" category="tv">
    <channel service_ref="1:0:1:005f:4a9c:217c:eeee0000:0:0:0:" name="Radio Italia Vision" service_name="Radio Italia Vision" provider="" sid="95" onid="8572" tsid="19100" />
  </bouquet>
  <bouquet name="Switzerland" category="tv">
    <channel service_ref="1:0:1:012b:4a9c:217c:eeee0000:0:0:0:" name="Teleravenna2" service_name="Teleravenna2" provider="" sid="299" onid="8572" tsid="19100" />
    <channel service_ref="1:0:1:0004:4a9c:217c:eeee0000:0:0:0:" name="Telereggio" service_name="Telereggio" provider="Teleromagna" sid="4" onid="8572" tsid="19100" />
    <channel service_ref="1:0:1:0001:4a9c:217c:eeee0000:0:0:0:" name="TELEROMAGNA" service_name="TELEROMAGNA" provider="" sid="1" onid="8572" tsid="19100" />
    <channel service_ref="1:0:1:025d:4a9c:217c:eeee0000:0:0:0:" name="Teleromagna Adriatica" service_name="Teleromagna Adriatica" provider="" sid="605" onid="8572" tsid="19100" />
    <channel service_ref="1:0:1:00ca:4a9c:217c:eeee0000:0:0:0:" name="TELEROMAGNA HQ" service_name="TELEROMAGNA HQ" provider="" sid="202" onid="8572" tsid="19100" />
    <channel service_ref="1:0:1:029b:4a9c:217c:eeee0000:0:0:0:" name="TELEROMAGNA INFO" service_name="TELEROMAGNA INFO" provider="" sid="667" onid="8572" tsid="19100" />
    <channel service_ref="1:0:1:00c1:4a9c:217c:eeee0000:0:0:0:" name="TELEROMAGNA MIA" service_name="TELEROMAGNA MIA" provider="" sid="193" onid="8572" tsid="19100" />
    <channel service_ref="1:0:1:025e:4a9c:217c:eeee0000:0:0:0:" name="TELEROMAGNA SHOP" service_name="TELEROMAGNA SHOP" provider="" sid="606" onid="8572" tsid="19100" />
    <channel service_ref="1:0:1:000d:4a9c:217c:eeee0000:0:0:0:" name="tvqui" service_name="tvqui" provider="TELEROMAGNA" sid="13" onid="8572" tsid="19100" />
  </bouquet>
  <bouquet name="Others" category="tv">
    <channel service_ref="1:0:1:029c:4a9c:217c:eeee0000:0:0:0:" name="PRIMAFREE" service_name="PRIMAFREE" provider="" sid="668" onid="8572" tsid="19100" />
    <channel service_ref="1:0:1:029e:4a9c:217c:eeee0000:0:0:0:" name="Radio Studio Delta TV" service_name="Radio Studio Delta TV" provider="" sid="670" onid="8572" tsid="19100" />
    <channel service_ref="1:0:1:0031:4a9c:217c:eeee0000:0:0:0:" name="SUPER TV ROMAGNA" service_name="SUPER TV ROMAGNA" provider="" sid="49" onid="8572" tsid="19100" />
    <channel service_ref="1:0:1:000b:4a9c:217c:eeee0000:0:0:0:" name="TR 24" service_name="TR 24" provider="" sid="11" onid="8572" tsid="19100" />
    <channel service_ref="1:0:1:000c:4a9c:217c:eeee0000:0:0:0:" name="VIDEOREGIONE" service_name="VIDEOREGIONE" provider="VIDEOREGIONE SRL" sid="12" onid="8572" tsid="19100" />
  </bouquet>
  <bouquet name="Radio" category="radio">
    <channel service_ref="1:0:2:044b:4a9c:217c:eeee0000:0:0:0:" name="PaneburroMarmellata" service_name="PaneburroMarmellata" provider="Pubblisole" sid="1099" onid="8572" tsid="19100" />
    <channel service_ref="1:0:2:001f:4a9c:217c:eeee0000:0:0:0:" name="Radio Studio Delta" service_name="Radio Studio Delta" provider="TELEROMAGNA" sid="31" onid="8572" tsid="19100" />
  </bouquet>
  <bouquet name="Digitale Terrestre" category="tv">
    <channel service_ref="1:0:1:c:4a9c:217c:eeee0000:0:0:0:" name="VIDEOREGIONE" service_name="VIDEOREGIONE" provider="VIDEOREGIONE SRL" sid="12" onid="8572" tsid="19100" />
    <channel service_ref="1:0:1:1:4a9c:217c:eeee0000:0:0:0:" name="TELEROMAGNA" service_name="TELEROMAGNA" provider="" sid="1" onid="8572" tsid="19100" />
    <channel service_ref="1:0:1:5f:4a9c:217c:eeee0000:0:0:0:" name="Radio Italia Vision" service_name="Radio Italia Vision" provider="" sid="95" onid="8572" tsid="19100" />
    <channel service_ref="1:0:1:29e:4a9c:217c:eeee0000:0:0:0:" name="Radio Studio Delta TV" service_name="Radio Studio Delta TV" provider="" sid="670" onid="8572" tsid="19100" />
    <channel service_ref="1:0:1:b:4a9c:217c:eeee0000:0:0:0:" name="TR 24" service_name="TR 24" provider="" sid="11" onid="8572" tsid="19100" />
    <channel service_ref="1:0:1:c1:4a9c:217c:eeee0000:0:0:0:" name="TELEROMAGNA MIA" service_name="TELEROMAGNA MIA" provider="" sid="193" onid="8572" tsid="19100" />
    <channel service_ref="1:0:1:25d:4a9c:217c:eeee0000:0:0:0:" name="Teleromagna Adriatica" service_name="Teleromagna Adriatica" provider="" sid="605" onid="8572" tsid="19100" />
    <channel service_ref="1:0:1:c0:4a9c:217c:eeee0000:0:0:0:" name="TELEROMAGNA SPORT" service_name="TELEROMAGNA SPORT" provider="" sid="192" onid="8572" tsid="19100" />
    <channel service_ref="1:0:1:29b:4a9c:217c:eeee0000:0:0:0:" name="TELEROMAGNA INFO" service_name="TELEROMAGNA INFO" provider="" sid="667" onid="8572" tsid="19100" />
    <channel service_ref="1:0:1:25e:4a9c:217c:eeee0000:0:0:0:" name="TELEROMAGNA SHOP" service_name="TELEROMAGNA SHOP" provider="" sid="606" onid="8572" tsid="19100" />
    <channel service_ref="1:0:1:29c:4a9c:217c:eeee0000:0:0:0:" name="PRIMAFREE" service_name="PRIMAFREE" provider="" sid="668" onid="8572" tsid="19100" />
    <channel service_ref="1:0:1:4:4a9c:217c:eeee0000:0:0:0:" name="Telereggio" service_name="Telereggio" provider="Teleromagna" sid="4" onid="8572" tsid="19100" />
    <channel service_ref="1:0:2:1f:4a9c:217c:eeee0000:0:0:0:" name="Radio Studio Delta" service_name="Radio Studio Delta" provider="TELEROMAGNA" sid="31" onid="8572" tsid="19100" />
    <channel service_ref="1:0:2:44b:4a9c:217c:eeee0000:0:0:0:" name="PaneburroMarmellata" service_name="PaneburroMarmellata" provider="Pubblisole" sid="1099" onid="8572" tsid="19100" />
  </bouquet>
  <bouquet name="Digitale Terrestre" category="tv">
    <channel service_ref="1:0:1:5f:4a9c:217c:eeee0000:0:0:0:" name="Radio Italia Vision" service_name="Radio Italia Vision" provider="" sid="95" onid="8572" tsid="19100" />
    <channel service_ref="1:0:1:29e:4a9c:217c:eeee0000:0:0:0:" name="Radio Studio Delta TV" service_name="Radio Studio Delta TV" provider="" sid="670" onid="8572" tsid="19100" />
    <channel service_ref="1:0:1:b:4a9c:217c:eeee0000:0:0:0:" name="TR 24" service_name="TR 24" provider="" sid="11" onid="8572" tsid="19100" />
    <channel service_ref="1:0:1:1:4a9c:217c:eeee0000:0:0:0:" name="TELEROMAGNA" service_name="TELEROMAGNA" provider="" sid="1" onid="8572" tsid="19100" />
    <channel service_ref="1:0:1:c1:4a9c:217c:eeee0000:0:0:0:" name="TELEROMAGNA MIA" service_name="TELEROMAGNA MIA" provider="" sid="193" onid="8572" tsid="19100" />
    <channel service_ref="1:0:1:25d:4a9c:217c:eeee0000:0:0:0:" name="Teleromagna Adriatica" service_name="Teleromagna Adriatica" provider="" sid="605" onid="8572" tsid="19100" />
    <channel service_ref="1:0:1:c0:4a9c:217c:eeee0000:0:0:0:" name="TELEROMAGNA SPORT" service_name="TELEROMAGNA SPORT" provider="" sid="192" onid="8572" tsid="19100" />
    <channel service_ref="1:0:1:29b:4a9c:217c:eeee0000:0:0:0:" name="TELEROMAGNA INFO" service_name="TELEROMAGNA INFO" provider="" sid="667" onid="8572" tsid="19100" />
    <channel service_ref="1:0:1:25e:4a9c:217c:eeee0000:0:0:0:" name="TELEROMAGNA SHOP" service_name="TELEROMAGNA SHOP" provider="" sid="606" onid="8572" tsid="19100" />
    <channel service_ref="1:0:1:c:4a9c:217c:eeee0000:0:0:0:" name="VIDEOREGIONE" service_name="VIDEOREGIONE" provider="VIDEOREGIONE SRL" sid="12" onid="8572" tsid="19100" />
    <channel service_ref="1:0:1:4:4a9c:217c:eeee0000:0:0:0:" name="Telereggio" service_name="Telereggio" provider="Teleromagna" sid="4" onid="8572" tsid="19100" />
    <channel service_ref="1:0:1:29c:4a9c:217c:eeee0000:0:0:0:" name="PRIMAFREE" service_name="PRIMAFREE" provider="" sid="668" onid="8572" tsid="19100" />
    <channel service_ref="1:0:1:1f:4a9c:217c:eeee0000:0:0:0:" name="Radio Studio Delta" service_name="Radio Studio Delta" provider="TELEROMAGNA" sid="31" onid="8572" tsid="19100" />
  </bouquet>
</zapit>
