<?xml version='1.0' encoding='utf-8'?>
<zapit api="4">
  <terrestrials>
    <terrestrial key="eeee0000:4a9c:217c" name="TELEROMAGNA" namespace="0xeeee0000">
      <transponder key="eeee0000:4a9c:217c" frequency="674000000" symbol_rate="0" polarization="H" fec="5" system="0" modulation="4">
        <service id="0x029c" sid="668" name="PRIMAFREE" type="1" provider="" onid="8572" tsid="19100" namespace="0xeeee0000" />
        <service id="0x005f" sid="95" name="Radio Italia Vision" type="1" provider="" onid="8572" tsid="19100" namespace="0xeeee0000" />
        <service id="0x029e" sid="670" name="Radio Studio Delta TV" type="1" provider="" onid="8572" tsid="19100" namespace="0xeeee0000" />
        <service id="0x0031" sid="49" name="SUPER TV ROMAGNA" type="1" provider="" onid="8572" tsid="19100" namespace="0xeeee0000" />
        <service id="0x012b" sid="299" name="Teleravenna2" type="1" provider="" onid="8572" tsid="19100" namespace="0xeeee0000" />
        <service id="0x0004" sid="4" name="Telereggio" type="1" provider="Teleromagna" onid="8572" tsid="19100" namespace="0xeeee0000" />
        <service id="0x0001" sid="1" name="TELEROMAGNA" type="1" provider="" onid="8572" tsid="19100" namespace="0xeeee0000" />
        <service id="0x025d" sid="605" name="Teleromagna Adriatica" type="1" provider="" onid="8572" tsid="19100" namespace="0xeeee0000" />
        <service id="0x00ca" sid="202" name="TELEROMAGNA HQ" type="1" provider="" onid="8572" tsid="19100" namespace="0xeeee0000" />
        <service id="0x029b" sid="667" name="TELEROMAGNA INFO" type="1" provider="" onid="8572" tsid="19100" namespace="0xeeee0000" />
        <service id="0x00c1" sid="193" name="TELEROMAGNA MIA" type="1" provider="" onid="8572" tsid="19100" namespace="0xeeee0000" />
        <service id="0x0037" sid="55" name="TELEROMAGNA NEWS" type="1" provider="" onid="8572" tsid="19100" namespace="0xeeee0000" />
        <service id="0x025e" sid="606" name="TELEROMAGNA SHOP" type="1" provider="" onid="8572" tsid="19100" namespace="0xeeee0000" />
        <service id="0x00c0" sid="192" name="TELEROMAGNA SPORT" type="1" provider="" onid="8572" tsid="19100" namespace="0xeeee0000" />
        <service id="0x000b" sid="11" name="TR 24" type="1" provider="" onid="8572" tsid="19100" namespace="0xeeee0000" />
        <service id="0x000d" sid="13" name="tvqui" type="1" provider="TELEROMAGNA" onid="8572" tsid="19100" namespace="0xeeee0000" />
        <service id="0x000c" sid="12" name="VIDEOREGIONE" type="1" provider="VIDEOREGIONE SRL" onid="8572" tsid="19100" namespace="0xeeee0000" />
        <service id="0x044b" sid="1099" name="PaneburroMarmellata" type="2" provider="Pubblisole" onid="8572" tsid="19100" namespace="0xeeee0000" radio="1" />
        <service id="0x001f" sid="31" name="Radio Studio Delta" type="2" provider="TELEROMAGNA" onid="8572" tsid="19100" namespace="0xeeee0000" radio="1" />
      </transponder>
    </terrestrial>
  </terrestrials>
</zapit>
