<?xml version='1.0' encoding='utf-8'?>
<zapit>
  <bouquet name="General" category="tv">
    <channel service_ref="1:0:22:083a:0002:ff00:02032c1a:0:0:0:" name="365 dney" service_name="365 dney" provider="Belintersat" sid="2106" onid="65280" tsid="2" />
    <channel service_ref="1:0:25:0166:0002:ff00:02032c1a:0:0:0:" name="Animal Family" service_name="Animal Family" provider="Belintersat" sid="358" onid="65280" tsid="2" />
    <channel service_ref="1:0:25:035a:0002:ff00:02032c1a:0:0:0:" name="Arsenal" service_name="Arsenal" provider="Belintersat" sid="858" onid="65280" tsid="2" />
    <channel service_ref="1:0:22:035e:0002:ff00:02032c1a:0:0:0:" name="Avto Plus" service_name="Avto Plus" provider="Belintersat" sid="862" onid="65280" tsid="2" />
    <channel service_ref="1:0:25:0c1d:0003:ff00:02032c56:0:0:0:" name="Belarus 1" service_name="Belarus 1" provider="Belintersat" sid="3101" onid="65280" tsid="3" />
    <channel service_ref="1:0:25:0c23:0003:ff00:02032c56:0:0:0:" name="Belarus 2" service_name="Belarus 2" provider="Belintersat" sid="3107" onid="65280" tsid="3" />
    <channel service_ref="1:0:25:0c24:0003:ff00:02032c56:0:0:0:" name="Belarus 3" service_name="Belarus 3" provider="Belintersat" sid="3108" onid="65280" tsid="3" />
    <channel service_ref="1:0:25:0c25:0003:ff00:02032c56:0:0:0:" name="Belarus 5" service_name="Belarus 5" provider="Belintersat" sid="3109" onid="65280" tsid="3" />
    <channel service_ref="1:0:22:015b:0002:ff00:02032c1a:0:0:0:" name="Europa+ TV" service_name="Europa+ TV" provider="Belintersat" sid="347" onid="65280" tsid="2" />
    <channel service_ref="1:0:22:085e:0002:ff00:02032c1a:0:0:0:" name="Football" service_name="Football" provider="Belintersat" sid="2142" onid="65280" tsid="2" />
    <channel service_ref="1:0:22:084a:0002:ff00:02032c1a:0:0:0:" name="Indiyskoe Kino" service_name="Indiyskoe Kino" provider="Belintersat" sid="2122" onid="65280" tsid="2" />
    <channel service_ref="1:0:1:085f:0000:ff00:02032bf2:0:0:0:" name="KHL Prime" service_name="KHL Prime" provider="Harmonic" sid="2143" onid="65280" tsid="0" />
    <channel service_ref="1:0:25:085f:0002:ff00:02032c1a:0:0:0:" name="KHL Prime" service_name="KHL Prime" provider="Belintersat" sid="2143" onid="65280" tsid="2" />
    <channel service_ref="1:0:22:034a:0002:ff00:02032c1a:0:0:0:" name="Kinohit" service_name="Kinohit" provider="Belintersat" sid="842" onid="65280" tsid="2" />
    <channel service_ref="1:0:22:034f:0002:ff00:02032c1a:0:0:0:" name="Kinokomedia" service_name="Kinokomedia" provider="Belintersat" sid="847" onid="65280" tsid="2" />
    <channel service_ref="1:0:22:034b:0002:ff00:02032c1a:0:0:0:" name="Kinomix" service_name="Kinomix" provider="Belintersat" sid="843" onid="65280" tsid="2" />
    <channel service_ref="1:0:25:034c:0002:ff00:02032c1a:0:0:0:" name="Kinopremera" service_name="Kinopremera" provider="Belintersat" sid="844" onid="65280" tsid="2" />
    <channel service_ref="1:0:22:034e:0002:ff00:02032c1a:0:0:0:" name="Kinosemya" service_name="Kinosemya" provider="Belintersat" sid="846" onid="65280" tsid="2" />
    <channel service_ref="1:0:22:084c:0002:ff00:02032c1a:0:0:0:" name="Kinoseria" service_name="Kinoseria" provider="Belintersat" sid="2124" onid="65280" tsid="2" />
    <channel service_ref="1:0:22:015e:0002:ff00:02032c1a:0:0:0:" name="Kinosvidanie" service_name="Kinosvidanie" provider="Belintersat" sid="350" onid="65280" tsid="2" />
    <channel service_ref="1:0:25:0165:0002:ff00:02032c1a:0:0:0:" name="Kosmicheskiy" service_name="Kosmicheskiy" provider="Belintersat" sid="357" onid="65280" tsid="2" />
    <channel service_ref="1:0:22:0157:0002:ff00:02032c1a:0:0:0:" name="Kto Est Kto" service_name="Kto Est Kto" provider="Belintersat" sid="343" onid="65280" tsid="2" />
    <channel service_ref="1:0:22:084d:0002:ff00:02032c1a:0:0:0:" name="Kuhnya TV" service_name="Kuhnya TV" provider="Belintersat" sid="2125" onid="65280" tsid="2" />
    <channel service_ref="1:0:22:035b:0002:ff00:02032c1a:0:0:0:" name="KVN TV" service_name="KVN TV" provider="Belintersat" sid="859" onid="65280" tsid="2" />
    <channel service_ref="1:0:22:084e:0002:ff00:02032c1a:0:0:0:" name="Lya Minor" service_name="Lya Minor" provider="Belintersat" sid="2126" onid="65280" tsid="2" />
    <channel service_ref="1:0:25:015a:0000:ff00:02032bf2:0:0:0:" name="Malysh" service_name="Malysh" provider="Belintersat" sid="346" onid="65280" tsid="0" />
    <channel service_ref="1:0:25:015a:0002:ff00:02032c1a:0:0:0:" name="Malysh" service_name="Malysh" provider="Belintersat" sid="346" onid="65280" tsid="2" />
    <channel service_ref="1:0:25:0c20:0003:ff00:02032c56:0:0:0:" name="MIR" service_name="MIR" provider="Belintersat" sid="3104" onid="65280" tsid="3" />
    <channel service_ref="1:0:22:015f:0002:ff00:02032c1a:0:0:0:" name="Muzhskoe Kino" service_name="Muzhskoe Kino" provider="Belintersat" sid="351" onid="65280" tsid="2" />
    <channel service_ref="1:0:22:083f:0002:ff00:02032c1a:0:0:0:" name="Muzhskoy" service_name="Muzhskoy" provider="Belintersat" sid="2111" onid="65280" tsid="2" />
    <channel service_ref="1:0:22:034d:0002:ff00:02032c1a:0:0:0:" name="Nashe Novoe Kino" service_name="Nashe Novoe Kino" provider="Belintersat" sid="845" onid="65280" tsid="2" />
    <channel service_ref="1:0:25:0c22:0003:ff00:02032c56:0:0:0:" name="NTV-Belarus" service_name="NTV-Belarus" provider="Belintersat" sid="3106" onid="65280" tsid="3" />
    <channel service_ref="1:0:25:083c:0002:ff00:02032c1a:0:0:0:" name="Ocean HD" service_name="Ocean HD" provider="Belintersat" sid="2108" onid="65280" tsid="2" />
    <channel service_ref="1:0:25:0168:0002:ff00:02032c1a:0:0:0:" name="Ohota I Rybalka" service_name="Ohota I Rybalka" provider="Belintersat" sid="360" onid="65280" tsid="2" />
    <channel service_ref="1:0:25:0c1e:0003:ff00:02032c56:0:0:0:" name="ONT" service_name="ONT" provider="Belintersat" sid="3102" onid="65280" tsid="3" />
    <channel service_ref="1:0:25:0c26:0003:ff00:02032c56:0:0:0:" name="Pervyj informacionnyj" service_name="Pervyj informacionnyj" provider="Belintersat" sid="3110" onid="65280" tsid="3" />
    <channel service_ref="1:0:22:084b:0002:ff00:02032c1a:0:0:0:" name="Rodnoe Kino" service_name="Rodnoe Kino" provider="Belintersat" sid="2123" onid="65280" tsid="2" />
    <channel service_ref="1:0:25:0c21:0003:ff00:02032c56:0:0:0:" name="Rossiya-Belarus" service_name="Rossiya-Belarus" provider="Belintersat" sid="3105" onid="65280" tsid="3" />
    <channel service_ref="1:0:1:0159:0000:ff00:02032bf2:0:0:0:" name="Ryzhiy" service_name="Ryzhiy" provider="Belintersat" sid="345" onid="65280" tsid="0" />
    <channel service_ref="1:0:22:0159:0002:ff00:02032c1a:0:0:0:" name="Ryzhiy" service_name="Ryzhiy" provider="Belintersat" sid="345" onid="65280" tsid="2" />
    <channel service_ref="1:0:25:0c1f:0003:ff00:02032c56:0:0:0:" name="STV" service_name="STV" provider="Belintersat" sid="3103" onid="65280" tsid="3" />
    <channel service_ref="1:0:25:0164:0002:ff00:02032c1a:0:0:0:" name="Tayny Galaktiki" service_name="Tayny Galaktiki" provider="Belintersat" sid="356" onid="65280" tsid="2" />
    <channel service_ref="1:0:25:0167:0002:ff00:02032c1a:0:0:0:" name="Teleputeshestviya HD" service_name="Teleputeshestviya HD" provider="Belintersat" sid="359" onid="65280" tsid="2" />
    <channel service_ref="1:0:25:0c29:0003:ff00:02032c56:0:0:0:" name="TEST" service_name="TEST" provider="Belintersat" sid="3113" onid="65280" tsid="3" />
    <channel service_ref="1:0:25:083b:0002:ff00:02032c1a:0:0:0:" name="Tochka RF" service_name="Tochka RF" provider="Belintersat" sid="2107" onid="65280" tsid="2" />
    <channel service_ref="1:0:25:035f:0002:ff00:02032c1a:0:0:0:" name="Zagorodnaya Zhizn" service_name="Zagorodnaya Zhizn" provider="Belintersat" sid="863" onid="65280" tsid="2" />
  </bouquet>
  <bouquet name="RTL" category="tv">
    <channel service_ref="1:0:25:0c22:0003:ff00:02032c56:0:0:0:" name="NTV-Belarus" service_name="NTV-Belarus" provider="Belintersat" sid="3106" onid="65280" tsid="3" />
  </bouquet>
  <bouquet name="Switzerland" category="tv">
    <channel service_ref="1:0:22:083a:0002:ff00:02032c1a:0:0:0:" name="365 dney" service_name="365 dney" provider="Belintersat" sid="2106" onid="65280" tsid="2" />
    <channel service_ref="1:0:25:0c24:0003:ff00:02032c56:0:0:0:" name="Belarus 3" service_name="Belarus 3" provider="Belintersat" sid="3108" onid="65280" tsid="3" />
    <channel service_ref="1:0:25:0c25:0003:ff00:02032c56:0:0:0:" name="Belarus 5" service_name="Belarus 5" provider="Belintersat" sid="3109" onid="65280" tsid="3" />
    <channel service_ref="1:0:25:0167:0002:ff00:02032c1a:0:0:0:" name="Teleputeshestviya HD" service_name="Teleputeshestviya HD" provider="Belintersat" sid="359" onid="65280" tsid="2" />
  </bouquet>
  <bouquet name="Resolution - HD" category="tv">
    <channel service_ref="1:0:25:083c:0002:ff00:02032c1a:0:0:0:" name="Ocean HD" service_name="Ocean HD" provider="Belintersat" sid="2108" onid="65280" tsid="2" />
    <channel service_ref="1:0:25:0167:0002:ff00:02032c1a:0:0:0:" name="Teleputeshestviya HD" service_name="Teleputeshestviya HD" provider="Belintersat" sid="359" onid="65280" tsid="2" />
  </bouquet>
  <bouquet name="Others" category="tv">
    <channel service_ref="1:0:25:0166:0002:ff00:02032c1a:0:0:0:" name="Animal Family" service_name="Animal Family" provider="Belintersat" sid="358" onid="65280" tsid="2" />
    <channel service_ref="1:0:25:035a:0002:ff00:02032c1a:0:0:0:" name="Arsenal" service_name="Arsenal" provider="Belintersat" sid="858" onid="65280" tsid="2" />
    <channel service_ref="1:0:22:035e:0002:ff00:02032c1a:0:0:0:" name="Avto Plus" service_name="Avto Plus" provider="Belintersat" sid="862" onid="65280" tsid="2" />
    <channel service_ref="1:0:25:0c1d:0003:ff00:02032c56:0:0:0:" name="Belarus 1" service_name="Belarus 1" provider="Belintersat" sid="3101" onid="65280" tsid="3" />
    <channel service_ref="1:0:25:0c23:0003:ff00:02032c56:0:0:0:" name="Belarus 2" service_name="Belarus 2" provider="Belintersat" sid="3107" onid="65280" tsid="3" />
    <channel service_ref="1:0:22:015b:0002:ff00:02032c1a:0:0:0:" name="Europa+ TV" service_name="Europa+ TV" provider="Belintersat" sid="347" onid="65280" tsid="2" />
    <channel service_ref="1:0:22:085e:0002:ff00:02032c1a:0:0:0:" name="Football" service_name="Football" provider="Belintersat" sid="2142" onid="65280" tsid="2" />
    <channel service_ref="1:0:22:084a:0002:ff00:02032c1a:0:0:0:" name="Indiyskoe Kino" service_name="Indiyskoe Kino" provider="Belintersat" sid="2122" onid="65280" tsid="2" />
    <channel service_ref="1:0:1:085f:0000:ff00:02032bf2:0:0:0:" name="KHL Prime" service_name="KHL Prime" provider="Harmonic" sid="2143" onid="65280" tsid="0" />
    <channel service_ref="1:0:25:085f:0002:ff00:02032c1a:0:0:0:" name="KHL Prime" service_name="KHL Prime" provider="Belintersat" sid="2143" onid="65280" tsid="2" />
    <channel service_ref="1:0:22:034a:0002:ff00:02032c1a:0:0:0:" name="Kinohit" service_name="Kinohit" provider="Belintersat" sid="842" onid="65280" tsid="2" />
    <channel service_ref="1:0:22:034f:0002:ff00:02032c1a:0:0:0:" name="Kinokomedia" service_name="Kinokomedia" provider="Belintersat" sid="847" onid="65280" tsid="2" />
    <channel service_ref="1:0:22:034b:0002:ff00:02032c1a:0:0:0:" name="Kinomix" service_name="Kinomix" provider="Belintersat" sid="843" onid="65280" tsid="2" />
    <channel service_ref="1:0:25:034c:0002:ff00:02032c1a:0:0:0:" name="Kinopremera" service_name="Kinopremera" provider="Belintersat" sid="844" onid="65280" tsid="2" />
    <channel service_ref="1:0:22:034e:0002:ff00:02032c1a:0:0:0:" name="Kinosemya" service_name="Kinosemya" provider="Belintersat" sid="846" onid="65280" tsid="2" />
    <channel service_ref="1:0:22:084c:0002:ff00:02032c1a:0:0:0:" name="Kinoseria" service_name="Kinoseria" provider="Belintersat" sid="2124" onid="65280" tsid="2" />
    <channel service_ref="1:0:22:015e:0002:ff00:02032c1a:0:0:0:" name="Kinosvidanie" service_name="Kinosvidanie" provider="Belintersat" sid="350" onid="65280" tsid="2" />
    <channel service_ref="1:0:25:0165:0002:ff00:02032c1a:0:0:0:" name="Kosmicheskiy" service_name="Kosmicheskiy" provider="Belintersat" sid="357" onid="65280" tsid="2" />
    <channel service_ref="1:0:22:0157:0002:ff00:02032c1a:0:0:0:" name="Kto Est Kto" service_name="Kto Est Kto" provider="Belintersat" sid="343" onid="65280" tsid="2" />
    <channel service_ref="1:0:22:084d:0002:ff00:02032c1a:0:0:0:" name="Kuhnya TV" service_name="Kuhnya TV" provider="Belintersat" sid="2125" onid="65280" tsid="2" />
    <channel service_ref="1:0:22:035b:0002:ff00:02032c1a:0:0:0:" name="KVN TV" service_name="KVN TV" provider="Belintersat" sid="859" onid="65280" tsid="2" />
    <channel service_ref="1:0:22:084e:0002:ff00:02032c1a:0:0:0:" name="Lya Minor" service_name="Lya Minor" provider="Belintersat" sid="2126" onid="65280" tsid="2" />
    <channel service_ref="1:0:25:015a:0000:ff00:02032bf2:0:0:0:" name="Malysh" service_name="Malysh" provider="Belintersat" sid="346" onid="65280" tsid="0" />
    <channel service_ref="1:0:25:015a:0002:ff00:02032c1a:0:0:0:" name="Malysh" service_name="Malysh" provider="Belintersat" sid="346" onid="65280" tsid="2" />
    <channel service_ref="1:0:25:0c20:0003:ff00:02032c56:0:0:0:" name="MIR" service_name="MIR" provider="Belintersat" sid="3104" onid="65280" tsid="3" />
    <channel service_ref="1:0:22:015f:0002:ff00:02032c1a:0:0:0:" name="Muzhskoe Kino" service_name="Muzhskoe Kino" provider="Belintersat" sid="351" onid="65280" tsid="2" />
    <channel service_ref="1:0:22:083f:0002:ff00:02032c1a:0:0:0:" name="Muzhskoy" service_name="Muzhskoy" provider="Belintersat" sid="2111" onid="65280" tsid="2" />
    <channel service_ref="1:0:22:034d:0002:ff00:02032c1a:0:0:0:" name="Nashe Novoe Kino" service_name="Nashe Novoe Kino" provider="Belintersat" sid="845" onid="65280" tsid="2" />
    <channel service_ref="1:0:25:083c:0002:ff00:02032c1a:0:0:0:" name="Ocean HD" service_name="Ocean HD" provider="Belintersat" sid="2108" onid="65280" tsid="2" />
    <channel service_ref="1:0:25:0168:0002:ff00:02032c1a:0:0:0:" name="Ohota I Rybalka" service_name="Ohota I Rybalka" provider="Belintersat" sid="360" onid="65280" tsid="2" />
    <channel service_ref="1:0:25:0c1e:0003:ff00:02032c56:0:0:0:" name="ONT" service_name="ONT" provider="Belintersat" sid="3102" onid="65280" tsid="3" />
    <channel service_ref="1:0:25:0c26:0003:ff00:02032c56:0:0:0:" name="Pervyj informacionnyj" service_name="Pervyj informacionnyj" provider="Belintersat" sid="3110" onid="65280" tsid="3" />
    <channel service_ref="1:0:22:084b:0002:ff00:02032c1a:0:0:0:" name="Rodnoe Kino" service_name="Rodnoe Kino" provider="Belintersat" sid="2123" onid="65280" tsid="2" />
    <channel service_ref="1:0:25:0c21:0003:ff00:02032c56:0:0:0:" name="Rossiya-Belarus" service_name="Rossiya-Belarus" provider="Belintersat" sid="3105" onid="65280" tsid="3" />
    <channel service_ref="1:0:1:0159:0000:ff00:02032bf2:0:0:0:" name="Ryzhiy" service_name="Ryzhiy" provider="Belintersat" sid="345" onid="65280" tsid="0" />
    <channel service_ref="1:0:22:0159:0002:ff00:02032c1a:0:0:0:" name="Ryzhiy" service_name="Ryzhiy" provider="Belintersat" sid="345" onid="65280" tsid="2" />
    <channel service_ref="1:0:25:0c1f:0003:ff00:02032c56:0:0:0:" name="STV" service_name="STV" provider="Belintersat" sid="3103" onid="65280" tsid="3" />
    <channel service_ref="1:0:25:0164:0002:ff00:02032c1a:0:0:0:" name="Tayny Galaktiki" service_name="Tayny Galaktiki" provider="Belintersat" sid="356" onid="65280" tsid="2" />
    <channel service_ref="1:0:25:0c29:0003:ff00:02032c56:0:0:0:" name="TEST" service_name="TEST" provider="Belintersat" sid="3113" onid="65280" tsid="3" />
    <channel service_ref="1:0:25:083b:0002:ff00:02032c1a:0:0:0:" name="Tochka RF" service_name="Tochka RF" provider="Belintersat" sid="2107" onid="65280" tsid="2" />
    <channel service_ref="1:0:25:035f:0002:ff00:02032c1a:0:0:0:" name="Zagorodnaya Zhizn" service_name="Zagorodnaya Zhizn" provider="Belintersat" sid="863" onid="65280" tsid="2" />
  </bouquet>
</zapit>
