<?xml version='1.0' encoding='utf-8'?>
<zapit api="4">
  <terrestrials>
    <terrestrial key="eeee0000:27fc:217c" name="STUDIO1NW" namespace="0xeeee0000">
      <transponder key="eeee0000:27fc:217c" frequency="554000000" symbol_rate="0" polarization="H" fec="5" system="0" modulation="4">
        <service id="0x009c" sid="156" name="70-80 TV" type="22" provider="STUDIO1NW" onid="8572" tsid="10236" namespace="0xeeee0000" />
        <service id="0x003f" sid="63" name="CAFE TV 24" type="22" provider="STUDIO1NW" onid="8572" tsid="10236" namespace="0xeeee0000" />
        <service id="0x00a3" sid="163" name="CANALE 110" type="22" provider="STUDIO1NW" onid="8572" tsid="10236" namespace="0xeeee0000" />
        <service id="0x00a8" sid="168" name="CANALE1 LOMBARDIA" type="22" provider="STUDIO1NW" onid="8572" tsid="10236" namespace="0xeeee0000" />
        <service id="0x00a2" sid="162" name="CR 1 HD" type="25" provider="STUDIO1NW" onid="8572" tsid="10236" namespace="0xeeee0000" />
        <service id="0x00a4" sid="164" name="GALAXY TV" type="22" provider="STUDIO1NW" onid="8572" tsid="10236" namespace="0xeeee0000" />
        <service id="0x009f" sid="159" name="LOMBARDIA TV80" type="22" provider="STUDIO1NW" onid="8572" tsid="10236" namespace="0xeeee0000" />
        <service id="0x00a7" sid="167" name="PIU VALLI TV 2" type="25" provider="STUDIO1NW" onid="8572" tsid="10236" namespace="0xeeee0000" />
        <service id="0x003e" sid="62" name="RADIO 4YOU TV 2" type="22" provider="STUDIO1NW" onid="8572" tsid="10236" namespace="0xeeee0000" />
        <service id="0x00b5" sid="181" name="RTR 99 DAB" type="1" provider="STUDIO1NW" onid="8572" tsid="10236" namespace="0xeeee0000" />
        <service id="0x00a0" sid="160" name="STUDIO 1" type="22" provider="STUDIO1NW" onid="8572" tsid="10236" namespace="0xeeee0000" />
        <service id="0x009b" sid="155" name="STUDIO PIU TV" type="25" provider="STUDIO1NW" onid="8572" tsid="10236" namespace="0xeeee0000" />
        <service id="0x00a1" sid="161" name="TELEMANTOVA HD" type="25" provider="STUDIO1NW" onid="8572" tsid="10236" namespace="0xeeee0000" />
        <service id="0x00a6" sid="166" name="VIDEOBRESCIA" type="25" provider="STUDIO1NW" onid="8572" tsid="10236" namespace="0xeeee0000" />
      </transponder>
    </terrestrial>
  </terrestrials>
</zapit>
