<?xml version='1.0' encoding='utf-8'?>
<zapit>
  <bouquet name="General" category="tv">
    <channel service_ref="1:0:22:009c:27fc:217c:eeee0000:0:0:0:" name="70-80 TV" service_name="70-80 TV" provider="STUDIO1NW" sid="156" onid="8572" tsid="10236" />
    <channel service_ref="1:0:22:003f:27fc:217c:eeee0000:0:0:0:" name="CAFE TV 24" service_name="CAFE TV 24" provider="STUDIO1NW" sid="63" onid="8572" tsid="10236" />
    <channel service_ref="1:0:22:00a3:27fc:217c:eeee0000:0:0:0:" name="CANALE 110" service_name="CANALE 110" provider="STUDIO1NW" sid="163" onid="8572" tsid="10236" />
    <channel service_ref="1:0:22:00a8:27fc:217c:eeee0000:0:0:0:" name="CANALE1 LOMBARDIA" service_name="CANALE1 LOMBARDIA" provider="STUDIO1NW" sid="168" onid="8572" tsid="10236" />
    <channel service_ref="1:0:25:00a2:27fc:217c:eeee0000:0:0:0:" name="CR 1 HD" service_name="CR 1 HD" provider="STUDIO1NW" sid="162" onid="8572" tsid="10236" />
    <channel service_ref="1:0:22:00a4:27fc:217c:eeee0000:0:0:0:" name="GALAXY TV" service_name="GALAXY TV" provider="STUDIO1NW" sid="164" onid="8572" tsid="10236" />
    <channel service_ref="1:0:22:009f:27fc:217c:eeee0000:0:0:0:" name="LOMBARDIA TV80" service_name="LOMBARDIA TV80" provider="STUDIO1NW" sid="159" onid="8572" tsid="10236" />
    <channel service_ref="1:0:25:00a7:27fc:217c:eeee0000:0:0:0:" name="PIU VALLI TV 2" service_name="PIU VALLI TV 2" provider="STUDIO1NW" sid="167" onid="8572" tsid="10236" />
    <channel service_ref="1:0:22:003e:27fc:217c:eeee0000:0:0:0:" name="RADIO 4YOU TV 2" service_name="RADIO 4YOU TV 2" provider="STUDIO1NW" sid="62" onid="8572" tsid="10236" />
    <channel service_ref="1:0:1:00b5:27fc:217c:eeee0000:0:0:0:" name="RTR 99 DAB" service_name="RTR 99 DAB" provider="STUDIO1NW" sid="181" onid="8572" tsid="10236" />
    <channel service_ref="1:0:22:00a0:27fc:217c:eeee0000:0:0:0:" name="STUDIO 1" service_name="STUDIO 1" provider="STUDIO1NW" sid="160" onid="8572" tsid="10236" />
    <channel service_ref="1:0:25:009b:27fc:217c:eeee0000:0:0:0:" name="STUDIO PIU TV" service_name="STUDIO PIU TV" provider="STUDIO1NW" sid="155" onid="8572" tsid="10236" />
    <channel service_ref="1:0:25:00a1:27fc:217c:eeee0000:0:0:0:" name="TELEMANTOVA HD" service_name="TELEMANTOVA HD" provider="STUDIO1NW" sid="161" onid="8572" tsid="10236" />
    <channel service_ref="1:0:25:00a6:27fc:217c:eeee0000:0:0:0:" name="VIDEOBRESCIA" service_name="VIDEOBRESCIA" provider="STUDIO1NW" sid="166" onid="8572" tsid="10236" />
  </bouquet>
  <bouquet name="ARD/ZDF" category="tv">
    <channel service_ref="1:0:22:00a8:27fc:217c:eeee0000:0:0:0:" name="CANALE1 LOMBARDIA" service_name="CANALE1 LOMBARDIA" provider="STUDIO1NW" sid="168" onid="8572" tsid="10236" />
    <channel service_ref="1:0:22:009f:27fc:217c:eeee0000:0:0:0:" name="LOMBARDIA TV80" service_name="LOMBARDIA TV80" provider="STUDIO1NW" sid="159" onid="8572" tsid="10236" />
    <channel service_ref="1:0:25:00a6:27fc:217c:eeee0000:0:0:0:" name="VIDEOBRESCIA" service_name="VIDEOBRESCIA" provider="STUDIO1NW" sid="166" onid="8572" tsid="10236" />
  </bouquet>
  <bouquet name="TF1" category="tv">
    <channel service_ref="1:0:22:00a3:27fc:217c:eeee0000:0:0:0:" name="CANALE 110" service_name="CANALE 110" provider="STUDIO1NW" sid="163" onid="8572" tsid="10236" />
  </bouquet>
  <bouquet name="Switzerland" category="tv">
    <channel service_ref="1:0:25:00a1:27fc:217c:eeee0000:0:0:0:" name="TELEMANTOVA HD" service_name="TELEMANTOVA HD" provider="STUDIO1NW" sid="161" onid="8572" tsid="10236" />
  </bouquet>
  <bouquet name="Resolution - HD" category="tv">
    <channel service_ref="1:0:25:00a2:27fc:217c:eeee0000:0:0:0:" name="CR 1 HD" service_name="CR 1 HD" provider="STUDIO1NW" sid="162" onid="8572" tsid="10236" />
    <channel service_ref="1:0:25:00a1:27fc:217c:eeee0000:0:0:0:" name="TELEMANTOVA HD" service_name="TELEMANTOVA HD" provider="STUDIO1NW" sid="161" onid="8572" tsid="10236" />
  </bouquet>
  <bouquet name="Others" category="tv">
    <channel service_ref="1:0:22:009c:27fc:217c:eeee0000:0:0:0:" name="70-80 TV" service_name="70-80 TV" provider="STUDIO1NW" sid="156" onid="8572" tsid="10236" />
    <channel service_ref="1:0:22:003f:27fc:217c:eeee0000:0:0:0:" name="CAFE TV 24" service_name="CAFE TV 24" provider="STUDIO1NW" sid="63" onid="8572" tsid="10236" />
    <channel service_ref="1:0:25:00a2:27fc:217c:eeee0000:0:0:0:" name="CR 1 HD" service_name="CR 1 HD" provider="STUDIO1NW" sid="162" onid="8572" tsid="10236" />
    <channel service_ref="1:0:22:00a4:27fc:217c:eeee0000:0:0:0:" name="GALAXY TV" service_name="GALAXY TV" provider="STUDIO1NW" sid="164" onid="8572" tsid="10236" />
    <channel service_ref="1:0:25:00a7:27fc:217c:eeee0000:0:0:0:" name="PIU VALLI TV 2" service_name="PIU VALLI TV 2" provider="STUDIO1NW" sid="167" onid="8572" tsid="10236" />
    <channel service_ref="1:0:22:003e:27fc:217c:eeee0000:0:0:0:" name="RADIO 4YOU TV 2" service_name="RADIO 4YOU TV 2" provider="STUDIO1NW" sid="62" onid="8572" tsid="10236" />
    <channel service_ref="1:0:1:00b5:27fc:217c:eeee0000:0:0:0:" name="RTR 99 DAB" service_name="RTR 99 DAB" provider="STUDIO1NW" sid="181" onid="8572" tsid="10236" />
    <channel service_ref="1:0:22:00a0:27fc:217c:eeee0000:0:0:0:" name="STUDIO 1" service_name="STUDIO 1" provider="STUDIO1NW" sid="160" onid="8572" tsid="10236" />
    <channel service_ref="1:0:25:009b:27fc:217c:eeee0000:0:0:0:" name="STUDIO PIU TV" service_name="STUDIO PIU TV" provider="STUDIO1NW" sid="155" onid="8572" tsid="10236" />
  </bouquet>
  <bouquet name="Digitale Terrestre                    by Rennys" category="tv">
    <channel service_ref="1:0:19:9b:27fc:217c:eeee0000:0:0:0:" name="STUDIO PIU TV" service_name="STUDIO PIU TV" provider="STUDIO1NW" sid="155" onid="8572" tsid="10236" />
    <channel service_ref="1:0:16:9c:27fc:217c:eeee0000:0:0:0:" name="70-80 TV" service_name="70-80 TV" provider="STUDIO1NW" sid="156" onid="8572" tsid="10236" />
    <channel service_ref="1:0:16:9f:27fc:217c:eeee0000:0:0:0:" name="LOMBARDIA TV80" service_name="LOMBARDIA TV80" provider="STUDIO1NW" sid="159" onid="8572" tsid="10236" />
    <channel service_ref="1:0:16:a0:27fc:217c:eeee0000:0:0:0:" name="STUDIO 1" service_name="STUDIO 1" provider="STUDIO1NW" sid="160" onid="8572" tsid="10236" />
    <channel service_ref="1:0:19:a1:27fc:217c:eeee0000:0:0:0:" name="TELEMANTOVA HD" service_name="TELEMANTOVA HD" provider="STUDIO1NW" sid="161" onid="8572" tsid="10236" />
    <channel service_ref="1:0:19:a2:27fc:217c:eeee0000:0:0:0:" name="CR 1 HD" service_name="CR 1 HD" provider="STUDIO1NW" sid="162" onid="8572" tsid="10236" />
    <channel service_ref="1:0:16:a3:27fc:217c:eeee0000:0:0:0:" name="CANALE 110" service_name="CANALE 110" provider="STUDIO1NW" sid="163" onid="8572" tsid="10236" />
    <channel service_ref="1:0:16:a4:27fc:217c:eeee0000:0:0:0:" name="GALAXY TV" service_name="GALAXY TV" provider="STUDIO1NW" sid="164" onid="8572" tsid="10236" />
    <channel service_ref="1:0:19:a6:27fc:217c:eeee0000:0:0:0:" name="VIDEOBRESCIA" service_name="VIDEOBRESCIA" provider="STUDIO1NW" sid="166" onid="8572" tsid="10236" />
    <channel service_ref="1:0:19:a7:27fc:217c:eeee0000:0:0:0:" name="PIU VALLI TV 2" service_name="PIU VALLI TV 2" provider="STUDIO1NW" sid="167" onid="8572" tsid="10236" />
    <channel service_ref="1:0:16:a8:27fc:217c:eeee0000:0:0:0:" name="CANALE1 LOMBARDIA" service_name="CANALE1 LOMBARDIA" provider="STUDIO1NW" sid="168" onid="8572" tsid="10236" />
    <channel service_ref="1:0:1:b5:27fc:217c:eeee0000:0:0:0:" name="RTR 99 DAB" service_name="RTR 99 DAB" provider="STUDIO1NW" sid="181" onid="8572" tsid="10236" />
  </bouquet>
</zapit>
