<?xml version='1.0' encoding='utf-8'?>
<zapit>
  <bouquet name="General" category="tv">
    <channel service_ref="1:0:1:007a:0012:001c:01860000:0:0:0:" name="" service_name="" provider="" sid="122" onid="28" tsid="18" />
    <channel service_ref="1:0:1:014d:0001:001c:01860000:0:0:0:" name="12290V SID 0x14d" service_name="12290V SID 0x14d" provider="DVB-S QPSK 12290V 39.0Â°E" sid="333" onid="28" tsid="1" />
    <channel service_ref="1:0:1:014e:0001:001c:01860000:0:0:0:" name="12290V SID 0x14e" service_name="12290V SID 0x14e" provider="DVB-S QPSK 12290V 39.0Â°E" sid="334" onid="28" tsid="1" />
    <channel service_ref="1:0:1:0012:0002:0001:01862fa2:0:0:0:" name="24 Kitchen" service_name="24 Kitchen" provider="BULSATCOM" sid="18" onid="1" tsid="2" />
    <channel service_ref="1:0:1:000f:0005:0001:018630b0:0:0:0:" name="Action Plus HD" service_name="Action Plus HD" provider="BULSATCOM" sid="15" onid="1" tsid="5" />
    <channel service_ref="1:0:1:00ba:0012:001c:01860000:0:0:0:" name="Agro TV" service_name="Agro TV" provider="" sid="186" onid="28" tsid="18" />
    <channel service_ref="1:0:1:0001:0001:ffff:01862d24:0:0:0:" name="AJYAL TV" service_name="AJYAL TV" provider="TandbergTV" sid="1" onid="65535" tsid="1" />
    <channel service_ref="1:0:1:006e:0004:0001:0186afb6:0:0:0:" name="Alfa TV" service_name="Alfa TV" provider="BULSATCOM" sid="110" onid="1" tsid="4" />
    <channel service_ref="1:0:1:0038:0005:0001:018630b0:0:0:0:" name="AMC" service_name="AMC" provider="BULSATCOM" sid="56" onid="1" tsid="5" />
    <channel service_ref="1:0:1:0010:0002:0001:01862fa2:0:0:0:" name="Animal Planet" service_name="Animal Planet" provider="BULSATCOM" sid="16" onid="1" tsid="2" />
    <channel service_ref="1:0:1:0033:000d:001c:01860000:0:0:0:" name="Animal Planet" service_name="Animal Planet" provider="" sid="51" onid="28" tsid="13" />
    <channel service_ref="1:0:25:00c5:0003:001c:01860000:0:0:0:" name="Animal Planet HD" service_name="Animal Planet HD" provider="" sid="197" onid="28" tsid="3" />
    <channel service_ref="1:0:1:0029:000e:001c:01860000:0:0:0:" name="Antena 1" service_name="Antena 1" provider="" sid="41" onid="28" tsid="14" />
    <channel service_ref="1:0:25:004a:0002:001c:01860000:0:0:0:" name="Antena 1 HD" service_name="Antena 1 HD" provider="" sid="74" onid="28" tsid="2" />
    <channel service_ref="1:0:1:002b:000e:001c:01860000:0:0:0:" name="Antena 3" service_name="Antena 3" provider="" sid="43" onid="28" tsid="14" />
    <channel service_ref="1:0:1:002a:000e:001c:01860000:0:0:0:" name="Antena Stars" service_name="Antena Stars" provider="" sid="42" onid="28" tsid="14" />
    <channel service_ref="1:0:1:000a:0003:0001:0186b0c3:0:0:0:" name="AXN" service_name="AXN" provider="BULSATCOM" sid="10" onid="1" tsid="3" />
    <channel service_ref="1:0:1:002d:000e:001c:01860000:0:0:0:" name="AXN" service_name="AXN" provider="" sid="45" onid="28" tsid="14" />
    <channel service_ref="1:0:1:00a2:0010:001c:01860000:0:0:0:" name="AXN Black" service_name="AXN Black" provider="" sid="162" onid="28" tsid="16" />
    <channel service_ref="1:0:25:00c3:0003:001c:01860000:0:0:0:" name="AXN HD" service_name="AXN HD" provider="" sid="195" onid="28" tsid="3" />
    <channel service_ref="1:0:1:007b:0012:001c:01860000:0:0:0:" name="AXN Spin" service_name="AXN Spin" provider="" sid="123" onid="28" tsid="18" />
    <channel service_ref="1:0:1:00a1:0010:001c:01860000:0:0:0:" name="AXN White" service_name="AXN White" provider="" sid="161" onid="28" tsid="16" />
    <channel service_ref="1:0:1:006a:000e:001c:01860000:0:0:0:" name="B1" service_name="B1" provider="" sid="106" onid="28" tsid="14" />
    <channel service_ref="1:0:1:007b:0004:0001:0186afb6:0:0:0:" name="Balkanika" service_name="Balkanika" provider="BULSATCOM" sid="123" onid="1" tsid="4" />
    <channel service_ref="1:0:1:008e:0010:001c:01860000:0:0:0:" name="BBC Earth" service_name="BBC Earth" provider="" sid="142" onid="28" tsid="16" />
    <channel service_ref="1:0:1:0002:0001:212c:01860000:0:0:0:" name="BBC World News" service_name="BBC World News" provider="ERT" sid="2" onid="8492" tsid="1" />
    <channel service_ref="1:0:1:0030:000e:001c:01860000:0:0:0:" name="BBC World News" service_name="BBC World News" provider="" sid="48" onid="28" tsid="14" />
    <channel service_ref="1:0:1:00a5:000e:001c:01860000:0:0:0:" name="BBC World News" service_name="BBC World News" provider="" sid="165" onid="28" tsid="14" />
    <channel service_ref="1:0:1:03eb:0001:0001:01862fef:0:0:0:" name="BNT 1" service_name="BNT 1" provider="BULSATCOM" sid="1003" onid="1" tsid="1" />
    <channel service_ref="1:0:1:0006:0003:0001:0186b0c3:0:0:0:" name="BNT 2" service_name="BNT 2" provider="BULSATCOM" sid="6" onid="1" tsid="3" />
    <channel service_ref="1:0:1:03f0:0001:0001:01862fef:0:0:0:" name="BNT 3" service_name="BNT 3" provider="BULSATCOM" sid="1008" onid="1" tsid="1" />
    <channel service_ref="1:0:1:014b:0001:001c:01860000:0:0:0:" name="Bollywood TV" service_name="Bollywood TV" provider="" sid="331" onid="28" tsid="1" />
    <channel service_ref="1:0:1:005e:000d:001c:01860000:0:0:0:" name="Boomerang" service_name="Boomerang" provider="" sid="94" onid="28" tsid="13" />
    <channel service_ref="1:0:1:008f:000f:001c:01860000:0:0:0:" name="Brazzers TV" service_name="Brazzers TV" provider="" sid="143" onid="28" tsid="15" />
    <channel service_ref="1:0:1:03ef:0001:0001:01862fef:0:0:0:" name="bTV" service_name="bTV" provider="BULSATCOM" sid="1007" onid="1" tsid="1" />
    <channel service_ref="1:0:1:013b:0003:0001:0186b0c3:0:0:0:" name="bTV Action" service_name="bTV Action" provider="BULSATCOM" sid="315" onid="1" tsid="3" />
    <channel service_ref="1:0:1:012f:0003:0001:0186b0c3:0:0:0:" name="bTV Cinema" service_name="bTV Cinema" provider="BULSATCOM" sid="303" onid="1" tsid="3" />
    <channel service_ref="1:0:1:0059:0003:0001:0186b0c3:0:0:0:" name="bTV Comedy" service_name="bTV Comedy" provider="BULSATCOM" sid="89" onid="1" tsid="3" />
    <channel service_ref="1:0:1:00cf:0005:0001:018630b0:0:0:0:" name="bTV HD" service_name="bTV HD" provider="BULSATCOM" sid="207" onid="1" tsid="5" />
    <channel service_ref="1:0:1:007d:0004:0001:0186afb6:0:0:0:" name="bTV Lady" service_name="bTV Lady" provider="BULSATCOM" sid="125" onid="1" tsid="4" />
    <channel service_ref="1:0:1:0033:0005:0001:018630b0:0:0:0:" name="Bulgaria 24" service_name="Bulgaria 24" provider="BULSATCOM" sid="51" onid="1" tsid="5" />
    <channel service_ref="1:0:1:001d:0002:0001:01862fa2:0:0:0:" name="Bulgaria on Air" service_name="Bulgaria on Air" provider="BULSATCOM" sid="29" onid="1" tsid="2" />
    <channel service_ref="1:0:1:005f:0010:001c:01860000:0:0:0:" name="Cartoon Net/TNT" service_name="Cartoon Net/TNT" provider="" sid="95" onid="28" tsid="16" />
    <channel service_ref="1:0:1:00e0:0010:001c:01860000:0:0:0:" name="Cartoon Network" service_name="Cartoon Network" provider="" sid="224" onid="28" tsid="16" />
    <channel service_ref="1:0:1:003b:0005:0001:018630b0:0:0:0:" name="Cinema Plus" service_name="Cinema Plus" provider="BULSATCOM" sid="59" onid="1" tsid="5" />
    <channel service_ref="1:0:1:009c:0012:001c:01860000:0:0:0:" name="Cinemax" service_name="Cinemax" provider="" sid="156" onid="28" tsid="18" />
    <channel service_ref="1:0:1:01c8:000d:001c:01860000:0:0:0:" name="Cinemax" service_name="Cinemax" provider="" sid="456" onid="28" tsid="13" />
    <channel service_ref="1:0:1:009d:0010:001c:01860000:0:0:0:" name="Cinemax 2" service_name="Cinemax 2" provider="" sid="157" onid="28" tsid="16" />
    <channel service_ref="1:0:1:0035:0005:0001:018630b0:0:0:0:" name="City TV" service_name="City TV" provider="BULSATCOM" sid="53" onid="1" tsid="5" />
    <channel service_ref="1:0:1:008a:0012:001c:01860000:0:0:0:" name="Classica TV" service_name="Classica TV" provider="" sid="138" onid="28" tsid="18" />
    <channel service_ref="1:0:1:002f:0004:0001:0186afb6:0:0:0:" name="CN" service_name="CN" provider="BULSATCOM" sid="47" onid="1" tsid="4" />
    <channel service_ref="1:0:1:008b:0011:001c:01860000:0:0:0:" name="CNN" service_name="CNN" provider="" sid="139" onid="28" tsid="17" />
    <channel service_ref="1:0:1:008f:0012:001c:01860000:0:0:0:" name="Comedy Central" service_name="Comedy Central" provider="" sid="143" onid="28" tsid="18" />
    <channel service_ref="1:0:1:00d1:0005:0001:018630b0:0:0:0:" name="Comedy Plus" service_name="Comedy Plus" provider="BULSATCOM" sid="209" onid="1" tsid="5" />
    <channel service_ref="1:0:1:012e:0001:001c:01860000:0:0:0:" name="Cool TV" service_name="Cool TV" provider="" sid="302" onid="28" tsid="1" />
    <channel service_ref="1:0:1:010b:000f:001c:01860000:0:0:0:" name="Crime &amp; Investigations" service_name="Crime &amp; Investigations" provider="" sid="267" onid="28" tsid="15" />
    <channel service_ref="1:0:1:004e:0012:001c:01860000:0:0:0:" name="Da Vinci" service_name="Da Vinci" provider="" sid="78" onid="28" tsid="18" />
    <channel service_ref="1:0:1:00b0:0006:001c:01860000:0:0:0:" name="DELPHI FORUM" service_name="DELPHI FORUM" provider="HELLAS SAT" sid="176" onid="28" tsid="6" />
    <channel service_ref="1:0:1:000e:0002:0001:01862fa2:0:0:0:" name="Destination BG" service_name="Destination BG" provider="BULSATCOM" sid="14" onid="1" tsid="2" />
    <channel service_ref="1:0:1:046a:0001:0001:01862fef:0:0:0:" name="Diema" service_name="Diema" provider="BULSATCOM" sid="1130" onid="1" tsid="1" />
    <channel service_ref="1:0:1:0001:0003:0001:0186b0c3:0:0:0:" name="Diema Family" service_name="Diema Family" provider="BULSATCOM" sid="1" onid="1" tsid="3" />
    <channel service_ref="1:0:1:03ee:0001:0001:01862fef:0:0:0:" name="Diema Sport" service_name="Diema Sport" provider="BULSATCOM" sid="1006" onid="1" tsid="1" />
    <channel service_ref="1:0:1:008b:0003:0001:0186b0c3:0:0:0:" name="Diema Sport 2" service_name="Diema Sport 2" provider="BULSATCOM" sid="139" onid="1" tsid="3" />
    <channel service_ref="1:0:1:0032:000d:001c:01860000:0:0:0:" name="Discovery" service_name="Discovery" provider="" sid="50" onid="28" tsid="13" />
    <channel service_ref="1:0:1:03f8:0001:0001:01862fef:0:0:0:" name="Discovery Channel" service_name="Discovery Channel" provider="BULSATCOM" sid="1016" onid="1" tsid="1" />
    <channel service_ref="1:0:25:016a:0002:001c:01860000:0:0:0:" name="Discovery HD Showcase" service_name="Discovery HD Showcase" provider="" sid="362" onid="28" tsid="2" />
    <channel service_ref="1:0:1:0035:0010:001c:01860000:0:0:0:" name="Discovery Science" service_name="Discovery Science" provider="" sid="53" onid="28" tsid="16" />
    <channel service_ref="1:0:1:002e:0004:0001:0186afb6:0:0:0:" name="Disney Channel" service_name="Disney Channel" provider="BULSATCOM" sid="46" onid="1" tsid="4" />
    <channel service_ref="1:0:1:00da:000e:001c:01860000:0:0:0:" name="Disney Channel" service_name="Disney Channel" provider="" sid="218" onid="28" tsid="14" />
    <channel service_ref="1:0:1:003e:0004:0001:0186afb6:0:0:0:" name="Disney Junior" service_name="Disney Junior" provider="BULSATCOM" sid="62" onid="1" tsid="4" />
    <channel service_ref="1:0:1:006d:000e:001c:01860000:0:0:0:" name="Disney Junior" service_name="Disney Junior" provider="" sid="109" onid="28" tsid="14" />
    <channel service_ref="1:0:1:008d:000d:001c:01860000:0:0:0:" name="Diva Universal" service_name="Diva Universal" provider="" sid="141" onid="28" tsid="13" />
    <channel service_ref="1:0:1:006d:0012:001c:01860000:0:0:0:" name="Djazz TV" service_name="Djazz TV" provider="" sid="109" onid="28" tsid="18" />
    <channel service_ref="1:0:1:001a:0002:0001:01862fa2:0:0:0:" name="DM Sat" service_name="DM Sat" provider="BULSATCOM" sid="26" onid="1" tsid="2" />
    <channel service_ref="1:0:25:00c7:0003:001c:01860000:0:0:0:" name="Dolce Info." service_name="Dolce Info." provider="" sid="199" onid="28" tsid="3" />
    <channel service_ref="1:0:1:003c:0006:001c:01860000:0:0:0:" name="DTV OT1" service_name="DTV OT1" provider="Hellas Sat" sid="60" onid="28" tsid="6" />
    <channel service_ref="1:0:1:000f:0006:001c:01860000:0:0:0:" name="DTV OT2" service_name="DTV OT2" provider="Hellas Sat" sid="15" onid="28" tsid="6" />
    <channel service_ref="1:0:1:0010:0006:001c:01860000:0:0:0:" name="DTV OT3" service_name="DTV OT3" provider="HELLAS SAT" sid="16" onid="28" tsid="6" />
    <channel service_ref="1:0:1:008c:0006:001c:01860000:0:0:0:" name="DTV OT4" service_name="DTV OT4" provider="Hellas Sat" sid="140" onid="28" tsid="6" />
    <channel service_ref="1:0:1:00bf:0006:001c:01860000:0:0:0:" name="DTV OT5" service_name="DTV OT5" provider="Hellas Sat" sid="191" onid="28" tsid="6" />
    <channel service_ref="1:0:1:01f5:0006:001c:01860000:0:0:0:" name="DTV OT6" service_name="DTV OT6" provider="Hellas Sat" sid="501" onid="28" tsid="6" />
    <channel service_ref="1:0:1:0034:0010:001c:01860000:0:0:0:" name="DTX" service_name="DTX" provider="" sid="52" onid="28" tsid="16" />
    <channel service_ref="1:0:1:004a:0010:001c:01860000:0:0:0:" name="Duck TV" service_name="Duck TV" provider="" sid="74" onid="28" tsid="16" />
    <channel service_ref="1:0:1:006f:0001:001c:01860000:0:0:0:" name="Duna TV" service_name="Duna TV" provider="" sid="111" onid="28" tsid="1" />
    <channel service_ref="1:0:1:0003:0001:212c:01860000:0:0:0:" name="DW" service_name="DW" provider="ERT" sid="3" onid="8492" tsid="1" />
    <channel service_ref="1:0:1:010a:000f:001c:01860000:0:0:0:" name="E! Entertainment" service_name="E! Entertainment" provider="" sid="266" onid="28" tsid="15" />
    <channel service_ref="1:0:1:0036:0005:0001:018630b0:0:0:0:" name="Ekids" service_name="Ekids" provider="BULSATCOM" sid="54" onid="1" tsid="5" />
    <channel service_ref="1:0:1:00fc:000d:001c:01860000:0:0:0:" name="Epic Drama" service_name="Epic Drama" provider="" sid="252" onid="28" tsid="13" />
    <channel service_ref="1:0:1:00d2:000f:001c:01860000:0:0:0:" name="ERDELY TV" service_name="ERDELY TV" provider="" sid="210" onid="28" tsid="15" />
    <channel service_ref="1:0:1:001c:0002:212c:01860000:0:0:0:" name="ERT SPORTS HD" service_name="ERT SPORTS HD" provider="ERT" sid="28" onid="8492" tsid="2" />
    <channel service_ref="1:0:1:0003:0006:001c:01860000:0:0:0:" name="ERT World" service_name="ERT World" provider="HellasSAT" sid="3" onid="28" tsid="6" />
    <channel service_ref="1:0:1:0011:0002:212c:01860000:0:0:0:" name="ERT3" service_name="ERT3" provider="ERT" sid="17" onid="8492" tsid="2" />
    <channel service_ref="1:0:1:0008:25e4:02be:01860000:0:0:0:" name="ESC" service_name="ESC" provider="ARABSAT" sid="8" onid="702" tsid="9700" />
    <channel service_ref="1:0:1:00d3:0011:001c:01860000:0:0:0:" name="Etno" service_name="Etno" provider="" sid="211" onid="28" tsid="17" />
    <channel service_ref="1:0:1:002b:0002:0001:01862fa2:0:0:0:" name="Eurosport" service_name="Eurosport" provider="BULSATCOM" sid="43" onid="1" tsid="2" />
    <channel service_ref="1:0:1:0039:0011:001c:01860000:0:0:0:" name="Eurosport" service_name="Eurosport" provider="" sid="57" onid="28" tsid="17" />
    <channel service_ref="1:0:1:014a:000f:001c:01860000:0:0:0:" name="Eurosport 1" service_name="Eurosport 1" provider="" sid="330" onid="28" tsid="15" />
    <channel service_ref="1:0:1:003a:000d:001c:01860000:0:0:0:" name="Eurosport 2" service_name="Eurosport 2" provider="" sid="58" onid="28" tsid="13" />
    <channel service_ref="1:0:1:000a:0005:0001:018630b0:0:0:0:" name="Eurosport HD" service_name="Eurosport HD" provider="BULSATCOM" sid="10" onid="1" tsid="5" />
    <channel service_ref="1:0:25:016b:0002:001c:01860000:0:0:0:" name="Eurosport HD" service_name="Eurosport HD" provider="" sid="363" onid="28" tsid="2" />
    <channel service_ref="1:0:1:0034:0005:0001:018630b0:0:0:0:" name="Evrokom" service_name="Evrokom" provider="BULSATCOM" sid="52" onid="1" tsid="5" />
    <channel service_ref="1:0:1:03f3:0001:0001:01862fef:0:0:0:" name="F Plus" service_name="F Plus" provider="BULSATCOM" sid="1011" onid="1" tsid="1" />
    <channel service_ref="1:0:1:004f:0004:0001:0186afb6:0:0:0:" name="FAN TV" service_name="FAN TV" provider="BULSATCOM" sid="79" onid="1" tsid="4" />
    <channel service_ref="1:0:1:00a4:000f:001c:01860000:0:0:0:" name="Fashion TV" service_name="Fashion TV" provider="" sid="164" onid="28" tsid="15" />
    <channel service_ref="1:0:1:006c:000e:001c:01860000:0:0:0:" name="Favorit TV" service_name="Favorit TV" provider="" sid="108" onid="28" tsid="14" />
    <channel service_ref="1:0:1:0031:0004:0001:0186afb6:0:0:0:" name="Fen Folk TV" service_name="Fen Folk TV" provider="BULSATCOM" sid="49" onid="1" tsid="4" />
    <channel service_ref="1:0:1:0046:0001:001c:01860000:0:0:0:" name="Film+" service_name="Film+" provider="" sid="70" onid="28" tsid="1" />
    <channel service_ref="1:0:1:008a:0005:0001:018630b0:0:0:0:" name="FILMBOX" service_name="FILMBOX" provider="BULSATCOM" sid="138" onid="1" tsid="5" />
    <channel service_ref="1:0:1:001c:0002:0001:01862fa2:0:0:0:" name="Fine Living" service_name="Fine Living" provider="BULSATCOM" sid="28" onid="1" tsid="2" />
    <channel service_ref="1:0:1:007b:000d:001c:01860000:0:0:0:" name="Fine Living" service_name="Fine Living" provider="" sid="123" onid="28" tsid="13" />
    <channel service_ref="1:0:1:004d:0004:0001:0186afb6:0:0:0:" name="Folklor TV" service_name="Folklor TV" provider="BULSATCOM" sid="77" onid="1" tsid="4" />
    <channel service_ref="1:0:1:00fb:000f:001c:01860000:0:0:0:" name="Food Network" service_name="Food Network" provider="" sid="251" onid="28" tsid="15" />
    <channel service_ref="1:0:1:004c:0004:0001:0186afb6:0:0:0:" name="FOX" service_name="FOX" provider="BULSATCOM" sid="76" onid="1" tsid="4" />
    <channel service_ref="1:0:1:001e:0003:0001:0186b0c3:0:0:0:" name="FOX Crime" service_name="FOX Crime" provider="BULSATCOM" sid="30" onid="1" tsid="3" />
    <channel service_ref="1:0:1:001c:0003:0001:0186b0c3:0:0:0:" name="FOX Life" service_name="FOX Life" provider="BULSATCOM" sid="28" onid="1" tsid="3" />
    <channel service_ref="1:0:1:014c:0001:001c:01860000:0:0:0:" name="France 24" service_name="France 24" provider="" sid="332" onid="28" tsid="1" />
    <channel service_ref="1:0:1:008b:0005:0001:018630b0:0:0:0:" name="H2" service_name="H2" provider="BULSATCOM" sid="139" onid="1" tsid="5" />
    <channel service_ref="1:0:1:002c:000d:001c:01860000:0:0:0:" name="Happy Channel" service_name="Happy Channel" provider="" sid="44" onid="28" tsid="13" />
    <channel service_ref="1:0:1:009b:0012:001c:01860000:0:0:0:" name="HBO" service_name="HBO" provider="" sid="155" onid="28" tsid="18" />
    <channel service_ref="1:0:1:00a3:0011:001c:01860000:0:0:0:" name="HBO" service_name="HBO" provider="Dolce" sid="163" onid="28" tsid="17" />
    <channel service_ref="1:0:1:01c7:0011:001c:01860000:0:0:0:" name="HBO" service_name="HBO" provider="" sid="455" onid="28" tsid="17" />
    <channel service_ref="1:0:1:00c2:0010:001c:01860000:0:0:0:" name="HBO 2" service_name="HBO 2" provider="Dolce" sid="194" onid="28" tsid="16" />
    <channel service_ref="1:0:1:0031:000f:001c:01860000:0:0:0:" name="HBO 3" service_name="HBO 3" provider="" sid="49" onid="28" tsid="15" />
    <channel service_ref="1:0:1:019f:0011:001c:01860000:0:0:0:" name="HBO 3" service_name="HBO 3" provider="" sid="415" onid="28" tsid="17" />
    <channel service_ref="1:0:1:018a:000d:001c:01860000:0:0:0:" name="HBO Comedy" service_name="HBO Comedy" provider="Dolce" sid="394" onid="28" tsid="13" />
    <channel service_ref="1:0:25:004c:0002:001c:01860000:0:0:0:" name="HBO HD" service_name="HBO HD" provider="" sid="76" onid="28" tsid="2" />
    <channel service_ref="1:0:25:008b:0002:001c:01860000:0:0:0:" name="HBO HD" service_name="HBO HD" provider="" sid="139" onid="28" tsid="2" />
    <channel service_ref="1:0:1:007e:0012:001c:01860000:0:0:0:" name="History" service_name="History" provider="" sid="126" onid="28" tsid="18" />
    <channel service_ref="1:0:1:0013:0002:0001:01862fa2:0:0:0:" name="History Channel" service_name="History Channel" provider="BULSATCOM" sid="19" onid="1" tsid="2" />
    <channel service_ref="1:0:1:00d0:0005:0001:018630b0:0:0:0:" name="History Channel HD" service_name="History Channel HD" provider="BULSATCOM" sid="208" onid="1" tsid="5" />
    <channel service_ref="1:0:25:00c1:0003:001c:01860000:0:0:0:" name="History HD" service_name="History HD" provider="" sid="193" onid="28" tsid="3" />
    <channel service_ref="1:0:1:000f:0002:0001:01862fa2:0:0:0:" name="Hobby lov" service_name="Hobby lov" provider="BULSATCOM" sid="15" onid="1" tsid="2" />
    <channel service_ref="1:0:1:03f6:0001:0001:01862fef:0:0:0:" name="Hobby TV" service_name="Hobby TV" provider="BULSATCOM" sid="1014" onid="1" tsid="1" />
    <channel service_ref="1:0:1:00cb:0005:0001:018630b0:0:0:0:" name="Hobby TV HD" service_name="Hobby TV HD" provider="BULSATCOM" sid="203" onid="1" tsid="5" />
    <channel service_ref="1:0:1:006b:0010:001c:01860000:0:0:0:" name="Hustler TV" service_name="Hustler TV" provider="" sid="107" onid="28" tsid="16" />
    <channel service_ref="1:0:25:00c2:0003:001c:01860000:0:0:0:" name="iConcerts HD" service_name="iConcerts HD" provider="" sid="194" onid="28" tsid="3" />
    <channel service_ref="1:0:1:013e:0012:001c:01860000:0:0:0:" name="ID Discovery" service_name="ID Discovery" provider="" sid="318" onid="28" tsid="18" />
    <channel service_ref="1:0:1:007a:0004:0001:0186afb6:0:0:0:" name="ID Xtra" service_name="ID Xtra" provider="BULSATCOM" sid="122" onid="1" tsid="4" />
    <channel service_ref="1:0:1:003b:0001:001c:01860000:0:0:0:" name="Inedit TV" service_name="Inedit TV" provider="" sid="59" onid="28" tsid="1" />
    <channel service_ref="1:0:1:0005:25e4:02be:01860000:0:0:0:" name="IQRAA" service_name="IQRAA" provider="ARABSAT" sid="5" onid="702" tsid="9700" />
    <channel service_ref="1:0:1:0009:25e4:02be:01860000:0:0:0:" name="Iraqia News" service_name="Iraqia News" provider="ARABSAT" sid="9" onid="702" tsid="9700" />
    <channel service_ref="1:0:1:007f:0012:001c:01860000:0:0:0:" name="Jim Jam" service_name="Jim Jam" provider="" sid="127" onid="28" tsid="18" />
    <channel service_ref="1:0:1:004e:0004:0001:0186afb6:0:0:0:" name="Kanal 3" service_name="Kanal 3" provider="BULSATCOM" sid="78" onid="1" tsid="4" />
    <channel service_ref="1:0:1:00be:000d:001c:01860000:0:0:0:" name="Kanal D" service_name="Kanal D" provider="" sid="190" onid="28" tsid="13" />
    <channel service_ref="1:0:25:00be:0003:001c:01860000:0:0:0:" name="Kanal D HD" service_name="Kanal D HD" provider="" sid="190" onid="28" tsid="3" />
    <channel service_ref="1:0:1:03f5:0001:0001:01862fef:0:0:0:" name="KinoNova" service_name="KinoNova" provider="BULSATCOM" sid="1013" onid="1" tsid="1" />
    <channel service_ref="1:0:1:007c:0010:001c:01860000:0:0:0:" name="Kiss TV" service_name="Kiss TV" provider="" sid="124" onid="28" tsid="16" />
    <channel service_ref="1:0:1:002b:25e4:02be:01860000:0:0:0:" name="Libya ALwatneh" service_name="Libya ALwatneh" provider="NILESAT" sid="43" onid="702" tsid="9700" />
    <channel service_ref="1:0:1:002e:000d:001c:01860000:0:0:0:" name="LookPlus" service_name="LookPlus" provider="" sid="46" onid="28" tsid="13" />
    <channel service_ref="1:0:1:00f0:000e:001c:01860000:0:0:0:" name="LookSport" service_name="LookSport" provider="" sid="240" onid="28" tsid="14" />
    <channel service_ref="1:0:1:010f:0001:001c:01860000:0:0:0:" name="M1" service_name="M1" provider="" sid="271" onid="28" tsid="1" />
    <channel service_ref="1:0:1:006e:0001:001c:01860000:0:0:0:" name="M2" service_name="M2" provider="" sid="110" onid="28" tsid="1" />
    <channel service_ref="1:0:1:003a:0005:0001:018630b0:0:0:0:" name="MAGIC TV" service_name="MAGIC TV" provider="BULSATCOM" sid="58" onid="1" tsid="5" />
    <channel service_ref="1:0:1:00db:0010:001c:01860000:0:0:0:" name="Magic TV" service_name="Magic TV" provider="" sid="219" onid="28" tsid="16" />
    <channel service_ref="1:0:1:03ec:0001:0001:01862fef:0:0:0:" name="MagicTV" service_name="MagicTV" provider="BULSATCOM" sid="1004" onid="1" tsid="1" />
    <channel service_ref="1:0:1:0052:0003:0001:0186b0c3:0:0:0:" name="MAX sport 1" service_name="MAX sport 1" provider="BULSATCOM" sid="82" onid="1" tsid="3" />
    <channel service_ref="1:0:1:001e:0002:0001:01862fa2:0:0:0:" name="MAX sport 2" service_name="MAX sport 2" provider="BULSATCOM" sid="30" onid="1" tsid="2" />
    <channel service_ref="1:0:1:0037:0005:0001:018630b0:0:0:0:" name="MAX sport 3" service_name="MAX sport 3" provider="BULSATCOM" sid="55" onid="1" tsid="5" />
    <channel service_ref="1:0:1:004f:0012:001c:01860000:0:0:0:" name="MGM" service_name="MGM" provider="" sid="79" onid="28" tsid="18" />
    <channel service_ref="1:0:1:00b0:000d:001c:01860000:0:0:0:" name="Money Channel" service_name="Money Channel" provider="" sid="176" onid="28" tsid="13" />
    <channel service_ref="1:0:1:005f:0001:001c:01860000:0:0:0:" name="Mooz Dance" service_name="Mooz Dance" provider="" sid="95" onid="28" tsid="1" />
    <channel service_ref="1:0:1:005e:0001:001c:01860000:0:0:0:" name="Mooz Hits" service_name="Mooz Hits" provider="" sid="94" onid="28" tsid="1" />
    <channel service_ref="1:0:1:0051:0012:001c:01860000:0:0:0:" name="Mooz Ro" service_name="Mooz Ro" provider="" sid="81" onid="28" tsid="18" />
    <channel service_ref="1:0:1:0058:0012:001c:01860000:0:0:0:" name="Mooz Ro" service_name="Mooz Ro" provider="" sid="88" onid="28" tsid="18" />
    <channel service_ref="1:0:1:00a5:0010:001c:01860000:0:0:0:" name="MTV Dance" service_name="MTV Dance" provider="" sid="165" onid="28" tsid="16" />
    <channel service_ref="1:0:1:003d:0004:0001:0186afb6:0:0:0:" name="MTV Hits" service_name="MTV Hits" provider="BULSATCOM" sid="61" onid="1" tsid="4" />
    <channel service_ref="1:0:1:00a6:0010:001c:01860000:0:0:0:" name="MTV Rocks" service_name="MTV Rocks" provider="" sid="166" onid="28" tsid="16" />
    <channel service_ref="1:0:1:00a9:0011:001c:01860000:0:0:0:" name="MTV Romania" service_name="MTV Romania" provider="" sid="169" onid="28" tsid="17" />
    <channel service_ref="1:0:1:005a:0011:001c:01860000:0:0:0:" name="Nasul TV" service_name="Nasul TV" provider="" sid="90" onid="28" tsid="17" />
    <channel service_ref="1:0:1:008e:0001:001c:01860000:0:0:0:" name="National 24 Plus" service_name="National 24 Plus" provider="" sid="142" onid="28" tsid="1" />
    <channel service_ref="1:0:1:0002:0003:0001:0186b0c3:0:0:0:" name="National Geographic" service_name="National Geographic" provider="BULSATCOM" sid="2" onid="1" tsid="3" />
    <channel service_ref="1:0:1:00cc:0005:0001:018630b0:0:0:0:" name="National Geographic HD" service_name="National Geographic HD" provider="BULSATCOM" sid="204" onid="1" tsid="5" />
    <channel service_ref="1:0:1:006f:000e:001c:01860000:0:0:0:" name="National TV" service_name="National TV" provider="" sid="111" onid="28" tsid="14" />
    <channel service_ref="1:0:1:00e5:000d:001c:01860000:0:0:0:" name="Neptun TV" service_name="Neptun TV" provider="" sid="229" onid="28" tsid="13" />
    <channel service_ref="1:0:1:002e:0002:0001:01862fa2:0:0:0:" name="NG WILD" service_name="NG WILD" provider="BULSATCOM" sid="46" onid="1" tsid="2" />
    <channel service_ref="1:0:1:00d2:0005:0001:018630b0:0:0:0:" name="NG Wild HD" service_name="NG Wild HD" provider="BULSATCOM" sid="210" onid="1" tsid="5" />
    <channel service_ref="1:0:1:006c:0004:0001:0186afb6:0:0:0:" name="Nick" service_name="Nick" provider="BULSATCOM" sid="108" onid="1" tsid="4" />
    <channel service_ref="1:0:1:003c:0004:0001:0186afb6:0:0:0:" name="Nick Jr" service_name="Nick Jr" provider="BULSATCOM" sid="60" onid="1" tsid="4" />
    <channel service_ref="1:0:1:016f:000f:001c:01860000:0:0:0:" name="Nick Jr." service_name="Nick Jr." provider="" sid="367" onid="28" tsid="15" />
    <channel service_ref="1:0:1:00dd:000f:001c:01860000:0:0:0:" name="Nickelodeon" service_name="Nickelodeon" provider="" sid="221" onid="28" tsid="15" />
    <channel service_ref="1:0:1:03f4:0001:0001:01862fef:0:0:0:" name="NOVA" service_name="NOVA" provider="BULSATCOM" sid="1012" onid="1" tsid="1" />
    <channel service_ref="1:0:1:0009:0003:0001:0186b0c3:0:0:0:" name="Nova Sport" service_name="Nova Sport" provider="BULSATCOM" sid="9" onid="1" tsid="3" />
    <channel service_ref="1:0:25:0007:25e4:02be:01860000:0:0:0:" name="OMAN TV HD" service_name="OMAN TV HD" provider="ARABSAT" sid="7" onid="702" tsid="9700" />
    <channel service_ref="1:0:1:016d:0011:001c:01860000:0:0:0:" name="Paramount" service_name="Paramount" provider="" sid="365" onid="28" tsid="17" />
    <channel service_ref="1:0:1:001b:0002:0001:01862fa2:0:0:0:" name="PASSION XXX" service_name="PASSION XXX" provider="BULSATCOM" sid="27" onid="1" tsid="2" />
    <channel service_ref="1:0:1:002c:0002:0001:01862fa2:0:0:0:" name="Penthouse" service_name="Penthouse" provider="BULSATCOM" sid="44" onid="1" tsid="2" />
    <channel service_ref="1:0:1:0053:0010:001c:01860000:0:0:0:" name="Penthouse HD" service_name="Penthouse HD" provider="" sid="83" onid="28" tsid="16" />
    <channel service_ref="1:0:1:0011:0002:0001:01862fa2:0:0:0:" name="Perviy Kanal" service_name="Perviy Kanal" provider="BULSATCOM" sid="17" onid="1" tsid="2" />
    <channel service_ref="1:0:1:005d:000f:001c:01860000:0:0:0:" name="Pink'O" service_name="Pink'O" provider="" sid="93" onid="28" tsid="15" />
    <channel service_ref="1:0:1:0032:0004:0001:0186afb6:0:0:0:" name="Planeta Folk" service_name="Planeta Folk" provider="BULSATCOM" sid="50" onid="1" tsid="4" />
    <channel service_ref="1:0:1:00ce:0005:0001:018630b0:0:0:0:" name="Planeta HD" service_name="Planeta HD" provider="BULSATCOM" sid="206" onid="1" tsid="5" />
    <channel service_ref="1:0:1:03ea:0001:0001:01862fef:0:0:0:" name="Planeta TV" service_name="Planeta TV" provider="BULSATCOM" sid="1002" onid="1" tsid="1" />
    <channel service_ref="1:0:1:005b:000f:001c:01860000:0:0:0:" name="Playboy TV" service_name="Playboy TV" provider="" sid="91" onid="28" tsid="15" />
    <channel service_ref="1:0:1:002f:000e:001c:01860000:0:0:0:" name="Prima TV" service_name="Prima TV" provider="" sid="47" onid="28" tsid="14" />
    <channel service_ref="1:0:1:00a7:000e:001c:01860000:0:0:0:" name="PRO 2" service_name="PRO 2" provider="" sid="167" onid="28" tsid="14" />
    <channel service_ref="1:0:1:004b:0011:001c:01860000:0:0:0:" name="PRO CINEMA" service_name="PRO CINEMA" provider="" sid="75" onid="28" tsid="17" />
    <channel service_ref="1:0:1:005c:0011:001c:01860000:0:0:0:" name="PRO GOLD" service_name="PRO GOLD" provider="" sid="92" onid="28" tsid="17" />
    <channel service_ref="1:0:1:00a8:000e:001c:01860000:0:0:0:" name="PRO TV" service_name="PRO TV" provider="" sid="168" onid="28" tsid="14" />
    <channel service_ref="1:0:25:0049:0002:001c:01860000:0:0:0:" name="PRO TV HD" service_name="PRO TV HD" provider="" sid="73" onid="28" tsid="2" />
    <channel service_ref="1:0:25:008a:0002:001c:01860000:0:0:0:" name="Pro TV HD" service_name="Pro TV HD" provider="" sid="138" onid="28" tsid="2" />
    <channel service_ref="1:0:1:005d:000d:001c:01860000:0:0:0:" name="PRO TV INTL" service_name="PRO TV INTL" provider="" sid="93" onid="28" tsid="13" />
    <channel service_ref="1:0:1:004c:0011:001c:01860000:0:0:0:" name="PRO X" service_name="PRO X" provider="" sid="76" onid="28" tsid="17" />
    <channel service_ref="1:0:22:0002:25e4:02be:01860000:0:0:0:" name="Qatar TV" service_name="Qatar TV" provider="Qatar TV" sid="2" onid="702" tsid="9700" />
    <channel service_ref="1:0:1:000b:0006:001c:01860000:0:0:0:" name="Radio Nikita TV HD" service_name="Radio Nikita TV HD" provider="Hellas SAT" sid="11" onid="28" tsid="6" />
    <channel service_ref="1:0:1:004d:000e:001c:01860000:0:0:0:" name="Realitatea TV" service_name="Realitatea TV" provider="" sid="77" onid="28" tsid="14" />
    <channel service_ref="1:0:1:0004:0001:212c:01860000:0:0:0:" name="RIK" service_name="RIK" provider="ERT" sid="4" onid="8492" tsid="1" />
    <channel service_ref="1:0:1:0001:0006:001c:01860000:0:0:0:" name="RIKSat" service_name="RIKSat" provider="HellasSAT" sid="1" onid="28" tsid="6" />
    <channel service_ref="1:0:1:014b:0003:0001:0186b0c3:0:0:0:" name="RING BG" service_name="RING BG" provider="BULSATCOM" sid="331" onid="1" tsid="3" />
    <channel service_ref="1:0:1:0050:0012:001c:01860000:0:0:0:" name="Rock TV" service_name="Rock TV" provider="" sid="80" onid="28" tsid="18" />
    <channel service_ref="1:0:1:010e:0001:001c:01860000:0:0:0:" name="RTL 2" service_name="RTL 2" provider="" sid="270" onid="28" tsid="1" />
    <channel service_ref="1:0:1:0047:0001:001c:01860000:0:0:0:" name="RTL Klub" service_name="RTL Klub" provider="" sid="71" onid="28" tsid="1" />
    <channel service_ref="1:0:1:002a:25e4:02be:01860000:0:0:0:" name="SAUDI-QURAN" service_name="SAUDI-QURAN" provider="Arabsat" sid="42" onid="702" tsid="9700" />
    <channel service_ref="1:0:1:0003:25e4:02be:01860000:0:0:0:" name="SAUDI1" service_name="SAUDI1" provider="ARABSAT" sid="3" onid="702" tsid="9700" />
    <channel service_ref="1:0:1:00cd:0005:0001:018630b0:0:0:0:" name="SPORT Plus HD" service_name="SPORT Plus HD" provider="BULSATCOM" sid="205" onid="1" tsid="5" />
    <channel service_ref="1:0:1:013f:000f:001c:01860000:0:0:0:" name="Story 4" service_name="Story 4" provider="" sid="319" onid="28" tsid="15" />
    <channel service_ref="1:0:1:0006:25e4:02be:01860000:0:0:0:" name="SUDAN TV" service_name="SUDAN TV" provider="ARABSAT" sid="6" onid="702" tsid="9700" />
    <channel service_ref="1:0:1:00d4:0011:001c:01860000:0:0:0:" name="Taraf" service_name="Taraf" provider="" sid="212" onid="28" tsid="17" />
    <channel service_ref="1:0:1:0015:25e4:02be:01860000:0:0:0:" name="Tayba TV" service_name="Tayba TV" provider="ARABSAT" sid="21" onid="702" tsid="9700" />
    <channel service_ref="1:0:1:00e1:000d:001c:01860000:0:0:0:" name="Telekom Sport 1" service_name="Telekom Sport 1" provider="Dolce" sid="225" onid="28" tsid="13" />
    <channel service_ref="1:0:1:00f5:000d:001c:01860000:0:0:0:" name="Telekom Sport 1" service_name="Telekom Sport 1" provider="" sid="245" onid="28" tsid="13" />
    <channel service_ref="1:0:25:0055:0002:001c:01860000:0:0:0:" name="Telekom Sport 1 HD" service_name="Telekom Sport 1 HD" provider="" sid="85" onid="28" tsid="2" />
    <channel service_ref="1:0:25:0056:0002:001c:01860000:0:0:0:" name="Telekom Sport 1 HD" service_name="Telekom Sport 1 HD" provider="" sid="86" onid="28" tsid="2" />
    <channel service_ref="1:0:25:011d:0002:001c:01860000:0:0:0:" name="Telekom Sport 1 HD" service_name="Telekom Sport 1 HD" provider="" sid="285" onid="28" tsid="2" />
    <channel service_ref="1:0:1:004d:0011:001c:01860000:0:0:0:" name="Telekom Sport 2" service_name="Telekom Sport 2" provider="Dolce" sid="77" onid="28" tsid="17" />
    <channel service_ref="1:0:1:0057:0011:001c:01860000:0:0:0:" name="Telekom Sport 2" service_name="Telekom Sport 2" provider="" sid="87" onid="28" tsid="17" />
    <channel service_ref="1:0:25:00bf:0003:001c:01860000:0:0:0:" name="Telekom Sport 2 HD" service_name="Telekom Sport 2 HD" provider="" sid="191" onid="28" tsid="3" />
    <channel service_ref="1:0:25:011f:0003:001c:01860000:0:0:0:" name="Telekom Sport 2 HD" service_name="Telekom Sport 2 HD" provider="" sid="287" onid="28" tsid="3" />
    <channel service_ref="1:0:1:0038:000f:001c:01860000:0:0:0:" name="Telekom Sport 3" service_name="Telekom Sport 3" provider="" sid="56" onid="28" tsid="15" />
    <channel service_ref="1:0:1:018b:000f:001c:01860000:0:0:0:" name="Telekom Sport 3" service_name="Telekom Sport 3" provider="" sid="395" onid="28" tsid="15" />
    <channel service_ref="1:0:25:019a:0003:001c:01860000:0:0:0:" name="Telekom Sport 3 HD" service_name="Telekom Sport 3 HD" provider="" sid="410" onid="28" tsid="3" />
    <channel service_ref="1:0:25:019c:0003:001c:01860000:0:0:0:" name="Telekom Sport 3 HD" service_name="Telekom Sport 3 HD" provider="" sid="412" onid="28" tsid="3" />
    <channel service_ref="1:0:1:00de:000f:001c:01860000:0:0:0:" name="Telekom Sport 4" service_name="Telekom Sport 4" provider="" sid="222" onid="28" tsid="15" />
    <channel service_ref="1:0:1:018c:000f:001c:01860000:0:0:0:" name="Telekom Sport 4" service_name="Telekom Sport 4" provider="" sid="396" onid="28" tsid="15" />
    <channel service_ref="1:0:25:019b:0003:001c:01860000:0:0:0:" name="Telekom Sport 4 HD" service_name="Telekom Sport 4 HD" provider="" sid="411" onid="28" tsid="3" />
    <channel service_ref="1:0:25:019d:0003:001c:01860000:0:0:0:" name="Telekom Sport 4 HD" service_name="Telekom Sport 4 HD" provider="" sid="413" onid="28" tsid="3" />
    <channel service_ref="1:0:1:03f7:0001:0001:01862fef:0:0:0:" name="The Voice" service_name="The Voice" provider="BULSATCOM" sid="1015" onid="1" tsid="1" />
    <channel service_ref="1:0:1:002f:0002:0001:01862fa2:0:0:0:" name="Tiankov TV" service_name="Tiankov TV" provider="BULSATCOM" sid="47" onid="1" tsid="2" />
    <channel service_ref="1:0:1:0036:000f:001c:01860000:0:0:0:" name="TLC" service_name="TLC" provider="" sid="54" onid="28" tsid="15" />
    <channel service_ref="1:0:1:013a:0003:0001:0186b0c3:0:0:0:" name="TLC" service_name="TLC" provider="BULSATCOM" sid="314" onid="1" tsid="3" />
    <channel service_ref="1:0:1:00df:0010:001c:01860000:0:0:0:" name="TNT" service_name="TNT" provider="" sid="223" onid="28" tsid="16" />
    <channel service_ref="1:0:1:00aa:0010:001c:01860000:0:0:0:" name="Travel Channel" service_name="Travel Channel" provider="" sid="170" onid="28" tsid="16" />
    <channel service_ref="1:0:1:00e2:0011:001c:01860000:0:0:0:" name="Trinitas TV" service_name="Trinitas TV" provider="" sid="226" onid="28" tsid="17" />
    <channel service_ref="1:0:1:012d:0012:001c:01860000:0:0:0:" name="TV 1000" service_name="TV 1000" provider="" sid="301" onid="28" tsid="18" />
    <channel service_ref="1:0:1:0001:0001:212c:01860000:0:0:0:" name="TV 5 Europe" service_name="TV 5 Europe" provider="ERT" sid="1" onid="8492" tsid="1" />
    <channel service_ref="1:0:1:001f:0002:0001:01862fa2:0:0:0:" name="TV Evropa" service_name="TV Evropa" provider="BULSATCOM" sid="31" onid="1" tsid="2" />
    <channel service_ref="1:0:1:00f1:000f:001c:01860000:0:0:0:" name="TV Paprika" service_name="TV Paprika" provider="" sid="241" onid="28" tsid="15" />
    <channel service_ref="1:0:1:03f2:0001:0001:01862fef:0:0:0:" name="TV Plus" service_name="TV Plus" provider="BULSATCOM" sid="1010" onid="1" tsid="1" />
    <channel service_ref="1:0:1:00e7:0011:001c:01860000:0:0:0:" name="TV5 Monde" service_name="TV5 Monde" provider="" sid="231" onid="28" tsid="17" />
    <channel service_ref="1:0:1:008c:0011:001c:01860000:0:0:0:" name="TVE" service_name="TVE" provider="" sid="140" onid="28" tsid="17" />
    <channel service_ref="1:0:1:007f:000e:001c:01860000:0:0:0:" name="TVH" service_name="TVH" provider="" sid="127" onid="28" tsid="14" />
    <channel service_ref="1:0:1:007d:000d:001c:01860000:0:0:0:" name="TVR 1" service_name="TVR 1" provider="" sid="125" onid="28" tsid="13" />
    <channel service_ref="1:0:1:007e:000d:001c:01860000:0:0:0:" name="TVR 2" service_name="TVR 2" provider="" sid="126" onid="28" tsid="13" />
    <channel service_ref="1:0:1:00e8:0011:001c:01860000:0:0:0:" name="TVR 3" service_name="TVR 3" provider="" sid="232" onid="28" tsid="17" />
    <channel service_ref="1:0:25:0048:0002:001c:01860000:0:0:0:" name="TVR HD" service_name="TVR HD" provider="" sid="72" onid="28" tsid="2" />
    <channel service_ref="1:0:25:0059:0002:001c:01860000:0:0:0:" name="TVR HD" service_name="TVR HD" provider="" sid="89" onid="28" tsid="2" />
    <channel service_ref="1:0:1:00fd:000d:001c:01860000:0:0:0:" name="U TV" service_name="U TV" provider="" sid="253" onid="28" tsid="13" />
    <channel service_ref="1:0:1:0039:0005:0001:018630b0:0:0:0:" name="VH 1" service_name="VH 1" provider="BULSATCOM" sid="57" onid="1" tsid="5" />
    <channel service_ref="1:0:1:00d3:0005:0001:018630b0:0:0:0:" name="VH 1 Classic" service_name="VH 1 Classic" provider="BULSATCOM" sid="211" onid="1" tsid="5" />
    <channel service_ref="1:0:1:004e:000f:001c:01860000:0:0:0:" name="VH1" service_name="VH1" provider="" sid="78" onid="28" tsid="15" />
    <channel service_ref="1:0:1:00a7:0010:001c:01860000:0:0:0:" name="VH1 Classic" service_name="VH1 Classic" provider="" sid="167" onid="28" tsid="16" />
    <channel service_ref="1:0:1:00f3:000f:001c:01860000:0:0:0:" name="Viasat Explore" service_name="Viasat Explore" provider="" sid="243" onid="28" tsid="15" />
    <channel service_ref="1:0:1:006f:0004:0001:0186afb6:0:0:0:" name="Viasat Explorer" service_name="Viasat Explorer" provider="BULSATCOM" sid="111" onid="1" tsid="4" />
    <channel service_ref="1:0:25:004b:0002:001c:01860000:0:0:0:" name="Viasat HD" service_name="Viasat HD" provider="" sid="75" onid="28" tsid="2" />
    <channel service_ref="1:0:25:013c:0002:001c:01860000:0:0:0:" name="Viasat HD" service_name="Viasat HD" provider="" sid="316" onid="28" tsid="2" />
    <channel service_ref="1:0:1:012f:0012:001c:01860000:0:0:0:" name="Viasat History" service_name="Viasat History" provider="" sid="303" onid="28" tsid="18" />
    <channel service_ref="1:0:1:0052:0012:001c:01860000:0:0:0:" name="Viasat Nature" service_name="Viasat Nature" provider="" sid="82" onid="28" tsid="18" />
    <channel service_ref="1:0:1:001e:0002:212c:01860000:0:0:0:" name="Vouli" service_name="Vouli" provider="ERT" sid="30" onid="8492" tsid="2" />
    <channel service_ref="1:0:1:00bd:000e:001c:01860000:0:0:0:" name="X-Dream TV" service_name="X-Dream TV" provider="" sid="189" onid="28" tsid="14" />
    <channel service_ref="1:0:1:003a:0002:0001:01862fa2:0:0:0:" name="XYPLUS" service_name="XYPLUS" provider="BULSATCOM" sid="58" onid="1" tsid="2" />
    <channel service_ref="1:0:1:011e:000d:001c:01860000:0:0:0:" name="ZU TV" service_name="ZU TV" provider="" sid="286" onid="28" tsid="13" />
  </bouquet>
  <bouquet name="Movies" category="tv">
    <channel service_ref="1:0:1:012f:0003:0001:0186b0c3:0:0:0:" name="bTV Cinema" service_name="bTV Cinema" provider="BULSATCOM" sid="303" onid="1" tsid="3" />
    <channel service_ref="1:0:1:003b:0005:0001:018630b0:0:0:0:" name="Cinema Plus" service_name="Cinema Plus" provider="BULSATCOM" sid="59" onid="1" tsid="5" />
    <channel service_ref="1:0:1:009c:0012:001c:01860000:0:0:0:" name="Cinemax" service_name="Cinemax" provider="" sid="156" onid="28" tsid="18" />
    <channel service_ref="1:0:1:01c8:000d:001c:01860000:0:0:0:" name="Cinemax" service_name="Cinemax" provider="" sid="456" onid="28" tsid="13" />
    <channel service_ref="1:0:1:009d:0010:001c:01860000:0:0:0:" name="Cinemax 2" service_name="Cinemax 2" provider="" sid="157" onid="28" tsid="16" />
    <channel service_ref="1:0:1:0046:0001:001c:01860000:0:0:0:" name="Film+" service_name="Film+" provider="" sid="70" onid="28" tsid="1" />
    <channel service_ref="1:0:1:008a:0005:0001:018630b0:0:0:0:" name="FILMBOX" service_name="FILMBOX" provider="BULSATCOM" sid="138" onid="1" tsid="5" />
    <channel service_ref="1:0:1:004b:0011:001c:01860000:0:0:0:" name="PRO CINEMA" service_name="PRO CINEMA" provider="" sid="75" onid="28" tsid="17" />
  </bouquet>
  <bouquet name="Series" category="tv">
    <channel service_ref="1:0:1:00fc:000d:001c:01860000:0:0:0:" name="Epic Drama" service_name="Epic Drama" provider="" sid="252" onid="28" tsid="13" />
  </bouquet>
  <bouquet name="News" category="tv">
    <channel service_ref="1:0:1:0002:0001:212c:01860000:0:0:0:" name="BBC World News" service_name="BBC World News" provider="ERT" sid="2" onid="8492" tsid="1" />
    <channel service_ref="1:0:1:0030:000e:001c:01860000:0:0:0:" name="BBC World News" service_name="BBC World News" provider="" sid="48" onid="28" tsid="14" />
    <channel service_ref="1:0:1:00a5:000e:001c:01860000:0:0:0:" name="BBC World News" service_name="BBC World News" provider="" sid="165" onid="28" tsid="14" />
    <channel service_ref="1:0:1:0009:25e4:02be:01860000:0:0:0:" name="Iraqia News" service_name="Iraqia News" provider="ARABSAT" sid="9" onid="702" tsid="9700" />
  </bouquet>
  <bouquet name="Sports" category="tv">
    <channel service_ref="1:0:1:03ee:0001:0001:01862fef:0:0:0:" name="Diema Sport" service_name="Diema Sport" provider="BULSATCOM" sid="1006" onid="1" tsid="1" />
    <channel service_ref="1:0:1:008b:0003:0001:0186b0c3:0:0:0:" name="Diema Sport 2" service_name="Diema Sport 2" provider="BULSATCOM" sid="139" onid="1" tsid="3" />
    <channel service_ref="1:0:1:001c:0002:212c:01860000:0:0:0:" name="ERT SPORTS HD" service_name="ERT SPORTS HD" provider="ERT" sid="28" onid="8492" tsid="2" />
    <channel service_ref="1:0:1:002b:0002:0001:01862fa2:0:0:0:" name="Eurosport" service_name="Eurosport" provider="BULSATCOM" sid="43" onid="1" tsid="2" />
    <channel service_ref="1:0:1:0039:0011:001c:01860000:0:0:0:" name="Eurosport" service_name="Eurosport" provider="" sid="57" onid="28" tsid="17" />
    <channel service_ref="1:0:1:014a:000f:001c:01860000:0:0:0:" name="Eurosport 1" service_name="Eurosport 1" provider="" sid="330" onid="28" tsid="15" />
    <channel service_ref="1:0:1:003a:000d:001c:01860000:0:0:0:" name="Eurosport 2" service_name="Eurosport 2" provider="" sid="58" onid="28" tsid="13" />
    <channel service_ref="1:0:1:000a:0005:0001:018630b0:0:0:0:" name="Eurosport HD" service_name="Eurosport HD" provider="BULSATCOM" sid="10" onid="1" tsid="5" />
    <channel service_ref="1:0:25:016b:0002:001c:01860000:0:0:0:" name="Eurosport HD" service_name="Eurosport HD" provider="" sid="363" onid="28" tsid="2" />
    <channel service_ref="1:0:1:00f0:000e:001c:01860000:0:0:0:" name="LookSport" service_name="LookSport" provider="" sid="240" onid="28" tsid="14" />
    <channel service_ref="1:0:1:0052:0003:0001:0186b0c3:0:0:0:" name="MAX sport 1" service_name="MAX sport 1" provider="BULSATCOM" sid="82" onid="1" tsid="3" />
    <channel service_ref="1:0:1:001e:0002:0001:01862fa2:0:0:0:" name="MAX sport 2" service_name="MAX sport 2" provider="BULSATCOM" sid="30" onid="1" tsid="2" />
    <channel service_ref="1:0:1:0037:0005:0001:018630b0:0:0:0:" name="MAX sport 3" service_name="MAX sport 3" provider="BULSATCOM" sid="55" onid="1" tsid="5" />
    <channel service_ref="1:0:1:0009:0003:0001:0186b0c3:0:0:0:" name="Nova Sport" service_name="Nova Sport" provider="BULSATCOM" sid="9" onid="1" tsid="3" />
    <channel service_ref="1:0:1:00cd:0005:0001:018630b0:0:0:0:" name="SPORT Plus HD" service_name="SPORT Plus HD" provider="BULSATCOM" sid="205" onid="1" tsid="5" />
    <channel service_ref="1:0:1:00e1:000d:001c:01860000:0:0:0:" name="Telekom Sport 1" service_name="Telekom Sport 1" provider="Dolce" sid="225" onid="28" tsid="13" />
    <channel service_ref="1:0:1:00f5:000d:001c:01860000:0:0:0:" name="Telekom Sport 1" service_name="Telekom Sport 1" provider="" sid="245" onid="28" tsid="13" />
    <channel service_ref="1:0:25:0055:0002:001c:01860000:0:0:0:" name="Telekom Sport 1 HD" service_name="Telekom Sport 1 HD" provider="" sid="85" onid="28" tsid="2" />
    <channel service_ref="1:0:25:0056:0002:001c:01860000:0:0:0:" name="Telekom Sport 1 HD" service_name="Telekom Sport 1 HD" provider="" sid="86" onid="28" tsid="2" />
    <channel service_ref="1:0:25:011d:0002:001c:01860000:0:0:0:" name="Telekom Sport 1 HD" service_name="Telekom Sport 1 HD" provider="" sid="285" onid="28" tsid="2" />
    <channel service_ref="1:0:1:004d:0011:001c:01860000:0:0:0:" name="Telekom Sport 2" service_name="Telekom Sport 2" provider="Dolce" sid="77" onid="28" tsid="17" />
    <channel service_ref="1:0:1:0057:0011:001c:01860000:0:0:0:" name="Telekom Sport 2" service_name="Telekom Sport 2" provider="" sid="87" onid="28" tsid="17" />
    <channel service_ref="1:0:25:00bf:0003:001c:01860000:0:0:0:" name="Telekom Sport 2 HD" service_name="Telekom Sport 2 HD" provider="" sid="191" onid="28" tsid="3" />
    <channel service_ref="1:0:25:011f:0003:001c:01860000:0:0:0:" name="Telekom Sport 2 HD" service_name="Telekom Sport 2 HD" provider="" sid="287" onid="28" tsid="3" />
    <channel service_ref="1:0:1:0038:000f:001c:01860000:0:0:0:" name="Telekom Sport 3" service_name="Telekom Sport 3" provider="" sid="56" onid="28" tsid="15" />
    <channel service_ref="1:0:1:018b:000f:001c:01860000:0:0:0:" name="Telekom Sport 3" service_name="Telekom Sport 3" provider="" sid="395" onid="28" tsid="15" />
    <channel service_ref="1:0:25:019a:0003:001c:01860000:0:0:0:" name="Telekom Sport 3 HD" service_name="Telekom Sport 3 HD" provider="" sid="410" onid="28" tsid="3" />
    <channel service_ref="1:0:25:019c:0003:001c:01860000:0:0:0:" name="Telekom Sport 3 HD" service_name="Telekom Sport 3 HD" provider="" sid="412" onid="28" tsid="3" />
    <channel service_ref="1:0:1:00de:000f:001c:01860000:0:0:0:" name="Telekom Sport 4" service_name="Telekom Sport 4" provider="" sid="222" onid="28" tsid="15" />
    <channel service_ref="1:0:1:018c:000f:001c:01860000:0:0:0:" name="Telekom Sport 4" service_name="Telekom Sport 4" provider="" sid="396" onid="28" tsid="15" />
    <channel service_ref="1:0:25:019b:0003:001c:01860000:0:0:0:" name="Telekom Sport 4 HD" service_name="Telekom Sport 4 HD" provider="" sid="411" onid="28" tsid="3" />
    <channel service_ref="1:0:25:019d:0003:001c:01860000:0:0:0:" name="Telekom Sport 4 HD" service_name="Telekom Sport 4 HD" provider="" sid="413" onid="28" tsid="3" />
  </bouquet>
  <bouquet name="Kids" category="tv">
    <channel service_ref="1:0:1:005e:000d:001c:01860000:0:0:0:" name="Boomerang" service_name="Boomerang" provider="" sid="94" onid="28" tsid="13" />
    <channel service_ref="1:0:1:005f:0010:001c:01860000:0:0:0:" name="Cartoon Net/TNT" service_name="Cartoon Net/TNT" provider="" sid="95" onid="28" tsid="16" />
    <channel service_ref="1:0:1:00e0:0010:001c:01860000:0:0:0:" name="Cartoon Network" service_name="Cartoon Network" provider="" sid="224" onid="28" tsid="16" />
    <channel service_ref="1:0:1:002e:0004:0001:0186afb6:0:0:0:" name="Disney Channel" service_name="Disney Channel" provider="BULSATCOM" sid="46" onid="1" tsid="4" />
    <channel service_ref="1:0:1:00da:000e:001c:01860000:0:0:0:" name="Disney Channel" service_name="Disney Channel" provider="" sid="218" onid="28" tsid="14" />
    <channel service_ref="1:0:1:003e:0004:0001:0186afb6:0:0:0:" name="Disney Junior" service_name="Disney Junior" provider="BULSATCOM" sid="62" onid="1" tsid="4" />
    <channel service_ref="1:0:1:006d:000e:001c:01860000:0:0:0:" name="Disney Junior" service_name="Disney Junior" provider="" sid="109" onid="28" tsid="14" />
    <channel service_ref="1:0:1:0036:0005:0001:018630b0:0:0:0:" name="Ekids" service_name="Ekids" provider="BULSATCOM" sid="54" onid="1" tsid="5" />
    <channel service_ref="1:0:1:00dd:000f:001c:01860000:0:0:0:" name="Nickelodeon" service_name="Nickelodeon" provider="" sid="221" onid="28" tsid="15" />
  </bouquet>
  <bouquet name="Music" category="tv">
    <channel service_ref="1:0:1:0031:0004:0001:0186afb6:0:0:0:" name="Fen Folk TV" service_name="Fen Folk TV" provider="BULSATCOM" sid="49" onid="1" tsid="4" />
    <channel service_ref="1:0:1:00a5:0010:001c:01860000:0:0:0:" name="MTV Dance" service_name="MTV Dance" provider="" sid="165" onid="28" tsid="16" />
    <channel service_ref="1:0:1:003d:0004:0001:0186afb6:0:0:0:" name="MTV Hits" service_name="MTV Hits" provider="BULSATCOM" sid="61" onid="1" tsid="4" />
    <channel service_ref="1:0:1:00a6:0010:001c:01860000:0:0:0:" name="MTV Rocks" service_name="MTV Rocks" provider="" sid="166" onid="28" tsid="16" />
    <channel service_ref="1:0:1:00a9:0011:001c:01860000:0:0:0:" name="MTV Romania" service_name="MTV Romania" provider="" sid="169" onid="28" tsid="17" />
  </bouquet>
  <bouquet name="Documentary" category="tv">
    <channel service_ref="1:0:1:0010:0002:0001:01862fa2:0:0:0:" name="Animal Planet" service_name="Animal Planet" provider="BULSATCOM" sid="16" onid="1" tsid="2" />
    <channel service_ref="1:0:1:0033:000d:001c:01860000:0:0:0:" name="Animal Planet" service_name="Animal Planet" provider="" sid="51" onid="28" tsid="13" />
    <channel service_ref="1:0:25:00c5:0003:001c:01860000:0:0:0:" name="Animal Planet HD" service_name="Animal Planet HD" provider="" sid="197" onid="28" tsid="3" />
    <channel service_ref="1:0:1:007e:0012:001c:01860000:0:0:0:" name="History" service_name="History" provider="" sid="126" onid="28" tsid="18" />
    <channel service_ref="1:0:1:0013:0002:0001:01862fa2:0:0:0:" name="History Channel" service_name="History Channel" provider="BULSATCOM" sid="19" onid="1" tsid="2" />
    <channel service_ref="1:0:1:00d0:0005:0001:018630b0:0:0:0:" name="History Channel HD" service_name="History Channel HD" provider="BULSATCOM" sid="208" onid="1" tsid="5" />
    <channel service_ref="1:0:25:00c1:0003:001c:01860000:0:0:0:" name="History HD" service_name="History HD" provider="" sid="193" onid="28" tsid="3" />
    <channel service_ref="1:0:1:0002:0003:0001:0186b0c3:0:0:0:" name="National Geographic" service_name="National Geographic" provider="BULSATCOM" sid="2" onid="1" tsid="3" />
    <channel service_ref="1:0:1:00cc:0005:0001:018630b0:0:0:0:" name="National Geographic HD" service_name="National Geographic HD" provider="BULSATCOM" sid="204" onid="1" tsid="5" />
    <channel service_ref="1:0:1:0032:0004:0001:0186afb6:0:0:0:" name="Planeta Folk" service_name="Planeta Folk" provider="BULSATCOM" sid="50" onid="1" tsid="4" />
    <channel service_ref="1:0:1:00ce:0005:0001:018630b0:0:0:0:" name="Planeta HD" service_name="Planeta HD" provider="BULSATCOM" sid="206" onid="1" tsid="5" />
    <channel service_ref="1:0:1:03ea:0001:0001:01862fef:0:0:0:" name="Planeta TV" service_name="Planeta TV" provider="BULSATCOM" sid="1002" onid="1" tsid="1" />
    <channel service_ref="1:0:1:012f:0012:001c:01860000:0:0:0:" name="Viasat History" service_name="Viasat History" provider="" sid="303" onid="28" tsid="18" />
  </bouquet>
  <bouquet name="RTL" category="tv">
    <channel service_ref="1:0:1:010e:0001:001c:01860000:0:0:0:" name="RTL 2" service_name="RTL 2" provider="" sid="270" onid="28" tsid="1" />
    <channel service_ref="1:0:1:0047:0001:001c:01860000:0:0:0:" name="RTL Klub" service_name="RTL Klub" provider="" sid="71" onid="28" tsid="1" />
  </bouquet>
  <bouquet name="ARD/ZDF" category="tv">
    <channel service_ref="1:0:1:008f:000f:001c:01860000:0:0:0:" name="Brazzers TV" service_name="Brazzers TV" provider="" sid="143" onid="28" tsid="15" />
  </bouquet>
  <bouquet name="BBC" category="tv">
    <channel service_ref="1:0:1:008e:0010:001c:01860000:0:0:0:" name="BBC Earth" service_name="BBC Earth" provider="" sid="142" onid="28" tsid="16" />
  </bouquet>
  <bouquet name="TF1" category="tv">
    <channel service_ref="1:0:1:014c:0001:001c:01860000:0:0:0:" name="France 24" service_name="France 24" provider="" sid="332" onid="28" tsid="1" />
  </bouquet>
  <bouquet name="Switzerland" category="tv">
    <channel service_ref="1:0:1:014d:0001:001c:01860000:0:0:0:" name="12290V SID 0x14d" service_name="12290V SID 0x14d" provider="DVB-S QPSK 12290V 39.0Â°E" sid="333" onid="28" tsid="1" />
    <channel service_ref="1:0:1:014e:0001:001c:01860000:0:0:0:" name="12290V SID 0x14e" service_name="12290V SID 0x14e" provider="DVB-S QPSK 12290V 39.0Â°E" sid="334" onid="28" tsid="1" />
    <channel service_ref="1:0:1:002b:000e:001c:01860000:0:0:0:" name="Antena 3" service_name="Antena 3" provider="" sid="43" onid="28" tsid="14" />
    <channel service_ref="1:0:1:03f0:0001:0001:01862fef:0:0:0:" name="BNT 3" service_name="BNT 3" provider="BULSATCOM" sid="1008" onid="1" tsid="1" />
    <channel service_ref="1:0:1:0010:0006:001c:01860000:0:0:0:" name="DTV OT3" service_name="DTV OT3" provider="HELLAS SAT" sid="16" onid="28" tsid="6" />
    <channel service_ref="1:0:1:00bf:0006:001c:01860000:0:0:0:" name="DTV OT5" service_name="DTV OT5" provider="Hellas Sat" sid="191" onid="28" tsid="6" />
    <channel service_ref="1:0:1:0011:0002:212c:01860000:0:0:0:" name="ERT3" service_name="ERT3" provider="ERT" sid="17" onid="8492" tsid="2" />
    <channel service_ref="1:0:1:0031:000f:001c:01860000:0:0:0:" name="HBO 3" service_name="HBO 3" provider="" sid="49" onid="28" tsid="15" />
    <channel service_ref="1:0:1:019f:0011:001c:01860000:0:0:0:" name="HBO 3" service_name="HBO 3" provider="" sid="415" onid="28" tsid="17" />
    <channel service_ref="1:0:1:004e:0004:0001:0186afb6:0:0:0:" name="Kanal 3" service_name="Kanal 3" provider="BULSATCOM" sid="78" onid="1" tsid="4" />
    <channel service_ref="1:0:1:0001:0001:212c:01860000:0:0:0:" name="TV 5 Europe" service_name="TV 5 Europe" provider="ERT" sid="1" onid="8492" tsid="1" />
    <channel service_ref="1:0:1:00e7:0011:001c:01860000:0:0:0:" name="TV5 Monde" service_name="TV5 Monde" provider="" sid="231" onid="28" tsid="17" />
    <channel service_ref="1:0:1:00e8:0011:001c:01860000:0:0:0:" name="TVR 3" service_name="TVR 3" provider="" sid="232" onid="28" tsid="17" />
  </bouquet>
  <bouquet name="Spain" category="tv">
    <channel service_ref="1:0:1:0029:000e:001c:01860000:0:0:0:" name="Antena 1" service_name="Antena 1" provider="" sid="41" onid="28" tsid="14" />
    <channel service_ref="1:0:25:004a:0002:001c:01860000:0:0:0:" name="Antena 1 HD" service_name="Antena 1 HD" provider="" sid="74" onid="28" tsid="2" />
    <channel service_ref="1:0:1:002a:000e:001c:01860000:0:0:0:" name="Antena Stars" service_name="Antena Stars" provider="" sid="42" onid="28" tsid="14" />
    <channel service_ref="1:0:1:008c:0011:001c:01860000:0:0:0:" name="TVE" service_name="TVE" provider="" sid="140" onid="28" tsid="17" />
  </bouquet>
  <bouquet name="Resolution - HD" category="tv">
    <channel service_ref="1:0:1:000f:0005:0001:018630b0:0:0:0:" name="Action Plus HD" service_name="Action Plus HD" provider="BULSATCOM" sid="15" onid="1" tsid="5" />
    <channel service_ref="1:0:25:00c5:0003:001c:01860000:0:0:0:" name="Animal Planet HD" service_name="Animal Planet HD" provider="" sid="197" onid="28" tsid="3" />
    <channel service_ref="1:0:25:004a:0002:001c:01860000:0:0:0:" name="Antena 1 HD" service_name="Antena 1 HD" provider="" sid="74" onid="28" tsid="2" />
    <channel service_ref="1:0:25:00c3:0003:001c:01860000:0:0:0:" name="AXN HD" service_name="AXN HD" provider="" sid="195" onid="28" tsid="3" />
    <channel service_ref="1:0:1:00cf:0005:0001:018630b0:0:0:0:" name="bTV HD" service_name="bTV HD" provider="BULSATCOM" sid="207" onid="1" tsid="5" />
    <channel service_ref="1:0:25:016a:0002:001c:01860000:0:0:0:" name="Discovery HD Showcase" service_name="Discovery HD Showcase" provider="" sid="362" onid="28" tsid="2" />
    <channel service_ref="1:0:1:001c:0002:212c:01860000:0:0:0:" name="ERT SPORTS HD" service_name="ERT SPORTS HD" provider="ERT" sid="28" onid="8492" tsid="2" />
    <channel service_ref="1:0:1:000a:0005:0001:018630b0:0:0:0:" name="Eurosport HD" service_name="Eurosport HD" provider="BULSATCOM" sid="10" onid="1" tsid="5" />
    <channel service_ref="1:0:25:016b:0002:001c:01860000:0:0:0:" name="Eurosport HD" service_name="Eurosport HD" provider="" sid="363" onid="28" tsid="2" />
    <channel service_ref="1:0:25:004c:0002:001c:01860000:0:0:0:" name="HBO HD" service_name="HBO HD" provider="" sid="76" onid="28" tsid="2" />
    <channel service_ref="1:0:25:008b:0002:001c:01860000:0:0:0:" name="HBO HD" service_name="HBO HD" provider="" sid="139" onid="28" tsid="2" />
    <channel service_ref="1:0:1:00d0:0005:0001:018630b0:0:0:0:" name="History Channel HD" service_name="History Channel HD" provider="BULSATCOM" sid="208" onid="1" tsid="5" />
    <channel service_ref="1:0:25:00c1:0003:001c:01860000:0:0:0:" name="History HD" service_name="History HD" provider="" sid="193" onid="28" tsid="3" />
    <channel service_ref="1:0:1:00cb:0005:0001:018630b0:0:0:0:" name="Hobby TV HD" service_name="Hobby TV HD" provider="BULSATCOM" sid="203" onid="1" tsid="5" />
    <channel service_ref="1:0:25:00c2:0003:001c:01860000:0:0:0:" name="iConcerts HD" service_name="iConcerts HD" provider="" sid="194" onid="28" tsid="3" />
    <channel service_ref="1:0:25:00be:0003:001c:01860000:0:0:0:" name="Kanal D HD" service_name="Kanal D HD" provider="" sid="190" onid="28" tsid="3" />
    <channel service_ref="1:0:1:00cc:0005:0001:018630b0:0:0:0:" name="National Geographic HD" service_name="National Geographic HD" provider="BULSATCOM" sid="204" onid="1" tsid="5" />
    <channel service_ref="1:0:1:00d2:0005:0001:018630b0:0:0:0:" name="NG Wild HD" service_name="NG Wild HD" provider="BULSATCOM" sid="210" onid="1" tsid="5" />
    <channel service_ref="1:0:25:0007:25e4:02be:01860000:0:0:0:" name="OMAN TV HD" service_name="OMAN TV HD" provider="ARABSAT" sid="7" onid="702" tsid="9700" />
    <channel service_ref="1:0:1:0053:0010:001c:01860000:0:0:0:" name="Penthouse HD" service_name="Penthouse HD" provider="" sid="83" onid="28" tsid="16" />
    <channel service_ref="1:0:1:00ce:0005:0001:018630b0:0:0:0:" name="Planeta HD" service_name="Planeta HD" provider="BULSATCOM" sid="206" onid="1" tsid="5" />
    <channel service_ref="1:0:25:0049:0002:001c:01860000:0:0:0:" name="PRO TV HD" service_name="PRO TV HD" provider="" sid="73" onid="28" tsid="2" />
    <channel service_ref="1:0:25:008a:0002:001c:01860000:0:0:0:" name="Pro TV HD" service_name="Pro TV HD" provider="" sid="138" onid="28" tsid="2" />
    <channel service_ref="1:0:1:000b:0006:001c:01860000:0:0:0:" name="Radio Nikita TV HD" service_name="Radio Nikita TV HD" provider="Hellas SAT" sid="11" onid="28" tsid="6" />
    <channel service_ref="1:0:1:00cd:0005:0001:018630b0:0:0:0:" name="SPORT Plus HD" service_name="SPORT Plus HD" provider="BULSATCOM" sid="205" onid="1" tsid="5" />
    <channel service_ref="1:0:25:0055:0002:001c:01860000:0:0:0:" name="Telekom Sport 1 HD" service_name="Telekom Sport 1 HD" provider="" sid="85" onid="28" tsid="2" />
    <channel service_ref="1:0:25:0056:0002:001c:01860000:0:0:0:" name="Telekom Sport 1 HD" service_name="Telekom Sport 1 HD" provider="" sid="86" onid="28" tsid="2" />
    <channel service_ref="1:0:25:011d:0002:001c:01860000:0:0:0:" name="Telekom Sport 1 HD" service_name="Telekom Sport 1 HD" provider="" sid="285" onid="28" tsid="2" />
    <channel service_ref="1:0:25:00bf:0003:001c:01860000:0:0:0:" name="Telekom Sport 2 HD" service_name="Telekom Sport 2 HD" provider="" sid="191" onid="28" tsid="3" />
    <channel service_ref="1:0:25:011f:0003:001c:01860000:0:0:0:" name="Telekom Sport 2 HD" service_name="Telekom Sport 2 HD" provider="" sid="287" onid="28" tsid="3" />
    <channel service_ref="1:0:25:019a:0003:001c:01860000:0:0:0:" name="Telekom Sport 3 HD" service_name="Telekom Sport 3 HD" provider="" sid="410" onid="28" tsid="3" />
    <channel service_ref="1:0:25:019c:0003:001c:01860000:0:0:0:" name="Telekom Sport 3 HD" service_name="Telekom Sport 3 HD" provider="" sid="412" onid="28" tsid="3" />
    <channel service_ref="1:0:25:019b:0003:001c:01860000:0:0:0:" name="Telekom Sport 4 HD" service_name="Telekom Sport 4 HD" provider="" sid="411" onid="28" tsid="3" />
    <channel service_ref="1:0:25:019d:0003:001c:01860000:0:0:0:" name="Telekom Sport 4 HD" service_name="Telekom Sport 4 HD" provider="" sid="413" onid="28" tsid="3" />
    <channel service_ref="1:0:25:0048:0002:001c:01860000:0:0:0:" name="TVR HD" service_name="TVR HD" provider="" sid="72" onid="28" tsid="2" />
    <channel service_ref="1:0:25:0059:0002:001c:01860000:0:0:0:" name="TVR HD" service_name="TVR HD" provider="" sid="89" onid="28" tsid="2" />
    <channel service_ref="1:0:25:004b:0002:001c:01860000:0:0:0:" name="Viasat HD" service_name="Viasat HD" provider="" sid="75" onid="28" tsid="2" />
    <channel service_ref="1:0:25:013c:0002:001c:01860000:0:0:0:" name="Viasat HD" service_name="Viasat HD" provider="" sid="316" onid="28" tsid="2" />
  </bouquet>
  <bouquet name="Religion" category="tv">
    <channel service_ref="1:0:1:03ec:0001:0001:01862fef:0:0:0:" name="MagicTV" service_name="MagicTV" provider="BULSATCOM" sid="1004" onid="1" tsid="1" />
  </bouquet>
  <bouquet name="Adult" category="tv">
    <channel service_ref="1:0:1:006b:0010:001c:01860000:0:0:0:" name="Hustler TV" service_name="Hustler TV" provider="" sid="107" onid="28" tsid="16" />
    <channel service_ref="1:0:1:005b:000f:001c:01860000:0:0:0:" name="Playboy TV" service_name="Playboy TV" provider="" sid="91" onid="28" tsid="15" />
  </bouquet>
  <bouquet name="International" category="tv">
    <channel service_ref="1:0:1:0003:0006:001c:01860000:0:0:0:" name="ERT World" service_name="ERT World" provider="HellasSAT" sid="3" onid="28" tsid="6" />
    <channel service_ref="1:0:1:0008:25e4:02be:01860000:0:0:0:" name="ESC" service_name="ESC" provider="ARABSAT" sid="8" onid="702" tsid="9700" />
    <channel service_ref="1:0:1:0005:25e4:02be:01860000:0:0:0:" name="IQRAA" service_name="IQRAA" provider="ARABSAT" sid="5" onid="702" tsid="9700" />
    <channel service_ref="1:0:1:03f5:0001:0001:01862fef:0:0:0:" name="KinoNova" service_name="KinoNova" provider="BULSATCOM" sid="1013" onid="1" tsid="1" />
    <channel service_ref="1:0:1:03f4:0001:0001:01862fef:0:0:0:" name="NOVA" service_name="NOVA" provider="BULSATCOM" sid="1012" onid="1" tsid="1" />
    <channel service_ref="1:0:25:0007:25e4:02be:01860000:0:0:0:" name="OMAN TV HD" service_name="OMAN TV HD" provider="ARABSAT" sid="7" onid="702" tsid="9700" />
    <channel service_ref="1:0:1:002a:25e4:02be:01860000:0:0:0:" name="SAUDI-QURAN" service_name="SAUDI-QURAN" provider="Arabsat" sid="42" onid="702" tsid="9700" />
    <channel service_ref="1:0:1:0003:25e4:02be:01860000:0:0:0:" name="SAUDI1" service_name="SAUDI1" provider="ARABSAT" sid="3" onid="702" tsid="9700" />
    <channel service_ref="1:0:1:0006:25e4:02be:01860000:0:0:0:" name="SUDAN TV" service_name="SUDAN TV" provider="ARABSAT" sid="6" onid="702" tsid="9700" />
    <channel service_ref="1:0:1:0015:25e4:02be:01860000:0:0:0:" name="Tayba TV" service_name="Tayba TV" provider="ARABSAT" sid="21" onid="702" tsid="9700" />
  </bouquet>
  <bouquet name="Others" category="tv">
    <channel service_ref="1:0:1:007a:0012:001c:01860000:0:0:0:" name="" service_name="" provider="" sid="122" onid="28" tsid="18" />
    <channel service_ref="1:0:1:0012:0002:0001:01862fa2:0:0:0:" name="24 Kitchen" service_name="24 Kitchen" provider="BULSATCOM" sid="18" onid="1" tsid="2" />
    <channel service_ref="1:0:1:000f:0005:0001:018630b0:0:0:0:" name="Action Plus HD" service_name="Action Plus HD" provider="BULSATCOM" sid="15" onid="1" tsid="5" />
    <channel service_ref="1:0:1:00ba:0012:001c:01860000:0:0:0:" name="Agro TV" service_name="Agro TV" provider="" sid="186" onid="28" tsid="18" />
    <channel service_ref="1:0:1:0001:0001:ffff:01862d24:0:0:0:" name="AJYAL TV" service_name="AJYAL TV" provider="TandbergTV" sid="1" onid="65535" tsid="1" />
    <channel service_ref="1:0:1:006e:0004:0001:0186afb6:0:0:0:" name="Alfa TV" service_name="Alfa TV" provider="BULSATCOM" sid="110" onid="1" tsid="4" />
    <channel service_ref="1:0:1:0038:0005:0001:018630b0:0:0:0:" name="AMC" service_name="AMC" provider="BULSATCOM" sid="56" onid="1" tsid="5" />
    <channel service_ref="1:0:1:000a:0003:0001:0186b0c3:0:0:0:" name="AXN" service_name="AXN" provider="BULSATCOM" sid="10" onid="1" tsid="3" />
    <channel service_ref="1:0:1:002d:000e:001c:01860000:0:0:0:" name="AXN" service_name="AXN" provider="" sid="45" onid="28" tsid="14" />
    <channel service_ref="1:0:1:00a2:0010:001c:01860000:0:0:0:" name="AXN Black" service_name="AXN Black" provider="" sid="162" onid="28" tsid="16" />
    <channel service_ref="1:0:25:00c3:0003:001c:01860000:0:0:0:" name="AXN HD" service_name="AXN HD" provider="" sid="195" onid="28" tsid="3" />
    <channel service_ref="1:0:1:007b:0012:001c:01860000:0:0:0:" name="AXN Spin" service_name="AXN Spin" provider="" sid="123" onid="28" tsid="18" />
    <channel service_ref="1:0:1:00a1:0010:001c:01860000:0:0:0:" name="AXN White" service_name="AXN White" provider="" sid="161" onid="28" tsid="16" />
    <channel service_ref="1:0:1:006a:000e:001c:01860000:0:0:0:" name="B1" service_name="B1" provider="" sid="106" onid="28" tsid="14" />
    <channel service_ref="1:0:1:007b:0004:0001:0186afb6:0:0:0:" name="Balkanika" service_name="Balkanika" provider="BULSATCOM" sid="123" onid="1" tsid="4" />
    <channel service_ref="1:0:1:03eb:0001:0001:01862fef:0:0:0:" name="BNT 1" service_name="BNT 1" provider="BULSATCOM" sid="1003" onid="1" tsid="1" />
    <channel service_ref="1:0:1:0006:0003:0001:0186b0c3:0:0:0:" name="BNT 2" service_name="BNT 2" provider="BULSATCOM" sid="6" onid="1" tsid="3" />
    <channel service_ref="1:0:1:014b:0001:001c:01860000:0:0:0:" name="Bollywood TV" service_name="Bollywood TV" provider="" sid="331" onid="28" tsid="1" />
    <channel service_ref="1:0:1:03ef:0001:0001:01862fef:0:0:0:" name="bTV" service_name="bTV" provider="BULSATCOM" sid="1007" onid="1" tsid="1" />
    <channel service_ref="1:0:1:013b:0003:0001:0186b0c3:0:0:0:" name="bTV Action" service_name="bTV Action" provider="BULSATCOM" sid="315" onid="1" tsid="3" />
    <channel service_ref="1:0:1:0059:0003:0001:0186b0c3:0:0:0:" name="bTV Comedy" service_name="bTV Comedy" provider="BULSATCOM" sid="89" onid="1" tsid="3" />
    <channel service_ref="1:0:1:00cf:0005:0001:018630b0:0:0:0:" name="bTV HD" service_name="bTV HD" provider="BULSATCOM" sid="207" onid="1" tsid="5" />
    <channel service_ref="1:0:1:007d:0004:0001:0186afb6:0:0:0:" name="bTV Lady" service_name="bTV Lady" provider="BULSATCOM" sid="125" onid="1" tsid="4" />
    <channel service_ref="1:0:1:0033:0005:0001:018630b0:0:0:0:" name="Bulgaria 24" service_name="Bulgaria 24" provider="BULSATCOM" sid="51" onid="1" tsid="5" />
    <channel service_ref="1:0:1:001d:0002:0001:01862fa2:0:0:0:" name="Bulgaria on Air" service_name="Bulgaria on Air" provider="BULSATCOM" sid="29" onid="1" tsid="2" />
    <channel service_ref="1:0:1:0035:0005:0001:018630b0:0:0:0:" name="City TV" service_name="City TV" provider="BULSATCOM" sid="53" onid="1" tsid="5" />
    <channel service_ref="1:0:1:008a:0012:001c:01860000:0:0:0:" name="Classica TV" service_name="Classica TV" provider="" sid="138" onid="28" tsid="18" />
    <channel service_ref="1:0:1:002f:0004:0001:0186afb6:0:0:0:" name="CN" service_name="CN" provider="BULSATCOM" sid="47" onid="1" tsid="4" />
    <channel service_ref="1:0:1:008b:0011:001c:01860000:0:0:0:" name="CNN" service_name="CNN" provider="" sid="139" onid="28" tsid="17" />
    <channel service_ref="1:0:1:008f:0012:001c:01860000:0:0:0:" name="Comedy Central" service_name="Comedy Central" provider="" sid="143" onid="28" tsid="18" />
    <channel service_ref="1:0:1:00d1:0005:0001:018630b0:0:0:0:" name="Comedy Plus" service_name="Comedy Plus" provider="BULSATCOM" sid="209" onid="1" tsid="5" />
    <channel service_ref="1:0:1:012e:0001:001c:01860000:0:0:0:" name="Cool TV" service_name="Cool TV" provider="" sid="302" onid="28" tsid="1" />
    <channel service_ref="1:0:1:010b:000f:001c:01860000:0:0:0:" name="Crime &amp; Investigations" service_name="Crime &amp; Investigations" provider="" sid="267" onid="28" tsid="15" />
    <channel service_ref="1:0:1:004e:0012:001c:01860000:0:0:0:" name="Da Vinci" service_name="Da Vinci" provider="" sid="78" onid="28" tsid="18" />
    <channel service_ref="1:0:1:00b0:0006:001c:01860000:0:0:0:" name="DELPHI FORUM" service_name="DELPHI FORUM" provider="HELLAS SAT" sid="176" onid="28" tsid="6" />
    <channel service_ref="1:0:1:000e:0002:0001:01862fa2:0:0:0:" name="Destination BG" service_name="Destination BG" provider="BULSATCOM" sid="14" onid="1" tsid="2" />
    <channel service_ref="1:0:1:046a:0001:0001:01862fef:0:0:0:" name="Diema" service_name="Diema" provider="BULSATCOM" sid="1130" onid="1" tsid="1" />
    <channel service_ref="1:0:1:0001:0003:0001:0186b0c3:0:0:0:" name="Diema Family" service_name="Diema Family" provider="BULSATCOM" sid="1" onid="1" tsid="3" />
    <channel service_ref="1:0:1:0032:000d:001c:01860000:0:0:0:" name="Discovery" service_name="Discovery" provider="" sid="50" onid="28" tsid="13" />
    <channel service_ref="1:0:1:03f8:0001:0001:01862fef:0:0:0:" name="Discovery Channel" service_name="Discovery Channel" provider="BULSATCOM" sid="1016" onid="1" tsid="1" />
    <channel service_ref="1:0:25:016a:0002:001c:01860000:0:0:0:" name="Discovery HD Showcase" service_name="Discovery HD Showcase" provider="" sid="362" onid="28" tsid="2" />
    <channel service_ref="1:0:1:0035:0010:001c:01860000:0:0:0:" name="Discovery Science" service_name="Discovery Science" provider="" sid="53" onid="28" tsid="16" />
    <channel service_ref="1:0:1:008d:000d:001c:01860000:0:0:0:" name="Diva Universal" service_name="Diva Universal" provider="" sid="141" onid="28" tsid="13" />
    <channel service_ref="1:0:1:006d:0012:001c:01860000:0:0:0:" name="Djazz TV" service_name="Djazz TV" provider="" sid="109" onid="28" tsid="18" />
    <channel service_ref="1:0:1:001a:0002:0001:01862fa2:0:0:0:" name="DM Sat" service_name="DM Sat" provider="BULSATCOM" sid="26" onid="1" tsid="2" />
    <channel service_ref="1:0:25:00c7:0003:001c:01860000:0:0:0:" name="Dolce Info." service_name="Dolce Info." provider="" sid="199" onid="28" tsid="3" />
    <channel service_ref="1:0:1:003c:0006:001c:01860000:0:0:0:" name="DTV OT1" service_name="DTV OT1" provider="Hellas Sat" sid="60" onid="28" tsid="6" />
    <channel service_ref="1:0:1:000f:0006:001c:01860000:0:0:0:" name="DTV OT2" service_name="DTV OT2" provider="Hellas Sat" sid="15" onid="28" tsid="6" />
    <channel service_ref="1:0:1:008c:0006:001c:01860000:0:0:0:" name="DTV OT4" service_name="DTV OT4" provider="Hellas Sat" sid="140" onid="28" tsid="6" />
    <channel service_ref="1:0:1:01f5:0006:001c:01860000:0:0:0:" name="DTV OT6" service_name="DTV OT6" provider="Hellas Sat" sid="501" onid="28" tsid="6" />
    <channel service_ref="1:0:1:0034:0010:001c:01860000:0:0:0:" name="DTX" service_name="DTX" provider="" sid="52" onid="28" tsid="16" />
    <channel service_ref="1:0:1:004a:0010:001c:01860000:0:0:0:" name="Duck TV" service_name="Duck TV" provider="" sid="74" onid="28" tsid="16" />
    <channel service_ref="1:0:1:006f:0001:001c:01860000:0:0:0:" name="Duna TV" service_name="Duna TV" provider="" sid="111" onid="28" tsid="1" />
    <channel service_ref="1:0:1:0003:0001:212c:01860000:0:0:0:" name="DW" service_name="DW" provider="ERT" sid="3" onid="8492" tsid="1" />
    <channel service_ref="1:0:1:010a:000f:001c:01860000:0:0:0:" name="E! Entertainment" service_name="E! Entertainment" provider="" sid="266" onid="28" tsid="15" />
    <channel service_ref="1:0:1:00d2:000f:001c:01860000:0:0:0:" name="ERDELY TV" service_name="ERDELY TV" provider="" sid="210" onid="28" tsid="15" />
    <channel service_ref="1:0:1:00d3:0011:001c:01860000:0:0:0:" name="Etno" service_name="Etno" provider="" sid="211" onid="28" tsid="17" />
    <channel service_ref="1:0:1:0034:0005:0001:018630b0:0:0:0:" name="Evrokom" service_name="Evrokom" provider="BULSATCOM" sid="52" onid="1" tsid="5" />
    <channel service_ref="1:0:1:03f3:0001:0001:01862fef:0:0:0:" name="F Plus" service_name="F Plus" provider="BULSATCOM" sid="1011" onid="1" tsid="1" />
    <channel service_ref="1:0:1:004f:0004:0001:0186afb6:0:0:0:" name="FAN TV" service_name="FAN TV" provider="BULSATCOM" sid="79" onid="1" tsid="4" />
    <channel service_ref="1:0:1:00a4:000f:001c:01860000:0:0:0:" name="Fashion TV" service_name="Fashion TV" provider="" sid="164" onid="28" tsid="15" />
    <channel service_ref="1:0:1:006c:000e:001c:01860000:0:0:0:" name="Favorit TV" service_name="Favorit TV" provider="" sid="108" onid="28" tsid="14" />
    <channel service_ref="1:0:1:001c:0002:0001:01862fa2:0:0:0:" name="Fine Living" service_name="Fine Living" provider="BULSATCOM" sid="28" onid="1" tsid="2" />
    <channel service_ref="1:0:1:007b:000d:001c:01860000:0:0:0:" name="Fine Living" service_name="Fine Living" provider="" sid="123" onid="28" tsid="13" />
    <channel service_ref="1:0:1:004d:0004:0001:0186afb6:0:0:0:" name="Folklor TV" service_name="Folklor TV" provider="BULSATCOM" sid="77" onid="1" tsid="4" />
    <channel service_ref="1:0:1:00fb:000f:001c:01860000:0:0:0:" name="Food Network" service_name="Food Network" provider="" sid="251" onid="28" tsid="15" />
    <channel service_ref="1:0:1:004c:0004:0001:0186afb6:0:0:0:" name="FOX" service_name="FOX" provider="BULSATCOM" sid="76" onid="1" tsid="4" />
    <channel service_ref="1:0:1:001e:0003:0001:0186b0c3:0:0:0:" name="FOX Crime" service_name="FOX Crime" provider="BULSATCOM" sid="30" onid="1" tsid="3" />
    <channel service_ref="1:0:1:001c:0003:0001:0186b0c3:0:0:0:" name="FOX Life" service_name="FOX Life" provider="BULSATCOM" sid="28" onid="1" tsid="3" />
    <channel service_ref="1:0:1:008b:0005:0001:018630b0:0:0:0:" name="H2" service_name="H2" provider="BULSATCOM" sid="139" onid="1" tsid="5" />
    <channel service_ref="1:0:1:002c:000d:001c:01860000:0:0:0:" name="Happy Channel" service_name="Happy Channel" provider="" sid="44" onid="28" tsid="13" />
    <channel service_ref="1:0:1:009b:0012:001c:01860000:0:0:0:" name="HBO" service_name="HBO" provider="" sid="155" onid="28" tsid="18" />
    <channel service_ref="1:0:1:00a3:0011:001c:01860000:0:0:0:" name="HBO" service_name="HBO" provider="Dolce" sid="163" onid="28" tsid="17" />
    <channel service_ref="1:0:1:01c7:0011:001c:01860000:0:0:0:" name="HBO" service_name="HBO" provider="" sid="455" onid="28" tsid="17" />
    <channel service_ref="1:0:1:00c2:0010:001c:01860000:0:0:0:" name="HBO 2" service_name="HBO 2" provider="Dolce" sid="194" onid="28" tsid="16" />
    <channel service_ref="1:0:1:018a:000d:001c:01860000:0:0:0:" name="HBO Comedy" service_name="HBO Comedy" provider="Dolce" sid="394" onid="28" tsid="13" />
    <channel service_ref="1:0:25:004c:0002:001c:01860000:0:0:0:" name="HBO HD" service_name="HBO HD" provider="" sid="76" onid="28" tsid="2" />
    <channel service_ref="1:0:25:008b:0002:001c:01860000:0:0:0:" name="HBO HD" service_name="HBO HD" provider="" sid="139" onid="28" tsid="2" />
    <channel service_ref="1:0:1:000f:0002:0001:01862fa2:0:0:0:" name="Hobby lov" service_name="Hobby lov" provider="BULSATCOM" sid="15" onid="1" tsid="2" />
    <channel service_ref="1:0:1:03f6:0001:0001:01862fef:0:0:0:" name="Hobby TV" service_name="Hobby TV" provider="BULSATCOM" sid="1014" onid="1" tsid="1" />
    <channel service_ref="1:0:1:00cb:0005:0001:018630b0:0:0:0:" name="Hobby TV HD" service_name="Hobby TV HD" provider="BULSATCOM" sid="203" onid="1" tsid="5" />
    <channel service_ref="1:0:25:00c2:0003:001c:01860000:0:0:0:" name="iConcerts HD" service_name="iConcerts HD" provider="" sid="194" onid="28" tsid="3" />
    <channel service_ref="1:0:1:013e:0012:001c:01860000:0:0:0:" name="ID Discovery" service_name="ID Discovery" provider="" sid="318" onid="28" tsid="18" />
    <channel service_ref="1:0:1:007a:0004:0001:0186afb6:0:0:0:" name="ID Xtra" service_name="ID Xtra" provider="BULSATCOM" sid="122" onid="1" tsid="4" />
    <channel service_ref="1:0:1:003b:0001:001c:01860000:0:0:0:" name="Inedit TV" service_name="Inedit TV" provider="" sid="59" onid="28" tsid="1" />
    <channel service_ref="1:0:1:007f:0012:001c:01860000:0:0:0:" name="Jim Jam" service_name="Jim Jam" provider="" sid="127" onid="28" tsid="18" />
    <channel service_ref="1:0:1:00be:000d:001c:01860000:0:0:0:" name="Kanal D" service_name="Kanal D" provider="" sid="190" onid="28" tsid="13" />
    <channel service_ref="1:0:25:00be:0003:001c:01860000:0:0:0:" name="Kanal D HD" service_name="Kanal D HD" provider="" sid="190" onid="28" tsid="3" />
    <channel service_ref="1:0:1:007c:0010:001c:01860000:0:0:0:" name="Kiss TV" service_name="Kiss TV" provider="" sid="124" onid="28" tsid="16" />
    <channel service_ref="1:0:1:002b:25e4:02be:01860000:0:0:0:" name="Libya ALwatneh" service_name="Libya ALwatneh" provider="NILESAT" sid="43" onid="702" tsid="9700" />
    <channel service_ref="1:0:1:002e:000d:001c:01860000:0:0:0:" name="LookPlus" service_name="LookPlus" provider="" sid="46" onid="28" tsid="13" />
    <channel service_ref="1:0:1:010f:0001:001c:01860000:0:0:0:" name="M1" service_name="M1" provider="" sid="271" onid="28" tsid="1" />
    <channel service_ref="1:0:1:006e:0001:001c:01860000:0:0:0:" name="M2" service_name="M2" provider="" sid="110" onid="28" tsid="1" />
    <channel service_ref="1:0:1:003a:0005:0001:018630b0:0:0:0:" name="MAGIC TV" service_name="MAGIC TV" provider="BULSATCOM" sid="58" onid="1" tsid="5" />
    <channel service_ref="1:0:1:00db:0010:001c:01860000:0:0:0:" name="Magic TV" service_name="Magic TV" provider="" sid="219" onid="28" tsid="16" />
    <channel service_ref="1:0:1:004f:0012:001c:01860000:0:0:0:" name="MGM" service_name="MGM" provider="" sid="79" onid="28" tsid="18" />
    <channel service_ref="1:0:1:00b0:000d:001c:01860000:0:0:0:" name="Money Channel" service_name="Money Channel" provider="" sid="176" onid="28" tsid="13" />
    <channel service_ref="1:0:1:005f:0001:001c:01860000:0:0:0:" name="Mooz Dance" service_name="Mooz Dance" provider="" sid="95" onid="28" tsid="1" />
    <channel service_ref="1:0:1:005e:0001:001c:01860000:0:0:0:" name="Mooz Hits" service_name="Mooz Hits" provider="" sid="94" onid="28" tsid="1" />
    <channel service_ref="1:0:1:0051:0012:001c:01860000:0:0:0:" name="Mooz Ro" service_name="Mooz Ro" provider="" sid="81" onid="28" tsid="18" />
    <channel service_ref="1:0:1:0058:0012:001c:01860000:0:0:0:" name="Mooz Ro" service_name="Mooz Ro" provider="" sid="88" onid="28" tsid="18" />
    <channel service_ref="1:0:1:005a:0011:001c:01860000:0:0:0:" name="Nasul TV" service_name="Nasul TV" provider="" sid="90" onid="28" tsid="17" />
    <channel service_ref="1:0:1:008e:0001:001c:01860000:0:0:0:" name="National 24 Plus" service_name="National 24 Plus" provider="" sid="142" onid="28" tsid="1" />
    <channel service_ref="1:0:1:006f:000e:001c:01860000:0:0:0:" name="National TV" service_name="National TV" provider="" sid="111" onid="28" tsid="14" />
    <channel service_ref="1:0:1:00e5:000d:001c:01860000:0:0:0:" name="Neptun TV" service_name="Neptun TV" provider="" sid="229" onid="28" tsid="13" />
    <channel service_ref="1:0:1:002e:0002:0001:01862fa2:0:0:0:" name="NG WILD" service_name="NG WILD" provider="BULSATCOM" sid="46" onid="1" tsid="2" />
    <channel service_ref="1:0:1:00d2:0005:0001:018630b0:0:0:0:" name="NG Wild HD" service_name="NG Wild HD" provider="BULSATCOM" sid="210" onid="1" tsid="5" />
    <channel service_ref="1:0:1:006c:0004:0001:0186afb6:0:0:0:" name="Nick" service_name="Nick" provider="BULSATCOM" sid="108" onid="1" tsid="4" />
    <channel service_ref="1:0:1:003c:0004:0001:0186afb6:0:0:0:" name="Nick Jr" service_name="Nick Jr" provider="BULSATCOM" sid="60" onid="1" tsid="4" />
    <channel service_ref="1:0:1:016f:000f:001c:01860000:0:0:0:" name="Nick Jr." service_name="Nick Jr." provider="" sid="367" onid="28" tsid="15" />
    <channel service_ref="1:0:1:016d:0011:001c:01860000:0:0:0:" name="Paramount" service_name="Paramount" provider="" sid="365" onid="28" tsid="17" />
    <channel service_ref="1:0:1:001b:0002:0001:01862fa2:0:0:0:" name="PASSION XXX" service_name="PASSION XXX" provider="BULSATCOM" sid="27" onid="1" tsid="2" />
    <channel service_ref="1:0:1:002c:0002:0001:01862fa2:0:0:0:" name="Penthouse" service_name="Penthouse" provider="BULSATCOM" sid="44" onid="1" tsid="2" />
    <channel service_ref="1:0:1:0053:0010:001c:01860000:0:0:0:" name="Penthouse HD" service_name="Penthouse HD" provider="" sid="83" onid="28" tsid="16" />
    <channel service_ref="1:0:1:0011:0002:0001:01862fa2:0:0:0:" name="Perviy Kanal" service_name="Perviy Kanal" provider="BULSATCOM" sid="17" onid="1" tsid="2" />
    <channel service_ref="1:0:1:005d:000f:001c:01860000:0:0:0:" name="Pink'O" service_name="Pink'O" provider="" sid="93" onid="28" tsid="15" />
    <channel service_ref="1:0:1:002f:000e:001c:01860000:0:0:0:" name="Prima TV" service_name="Prima TV" provider="" sid="47" onid="28" tsid="14" />
    <channel service_ref="1:0:1:00a7:000e:001c:01860000:0:0:0:" name="PRO 2" service_name="PRO 2" provider="" sid="167" onid="28" tsid="14" />
    <channel service_ref="1:0:1:005c:0011:001c:01860000:0:0:0:" name="PRO GOLD" service_name="PRO GOLD" provider="" sid="92" onid="28" tsid="17" />
    <channel service_ref="1:0:1:00a8:000e:001c:01860000:0:0:0:" name="PRO TV" service_name="PRO TV" provider="" sid="168" onid="28" tsid="14" />
    <channel service_ref="1:0:25:0049:0002:001c:01860000:0:0:0:" name="PRO TV HD" service_name="PRO TV HD" provider="" sid="73" onid="28" tsid="2" />
    <channel service_ref="1:0:25:008a:0002:001c:01860000:0:0:0:" name="Pro TV HD" service_name="Pro TV HD" provider="" sid="138" onid="28" tsid="2" />
    <channel service_ref="1:0:1:005d:000d:001c:01860000:0:0:0:" name="PRO TV INTL" service_name="PRO TV INTL" provider="" sid="93" onid="28" tsid="13" />
    <channel service_ref="1:0:1:004c:0011:001c:01860000:0:0:0:" name="PRO X" service_name="PRO X" provider="" sid="76" onid="28" tsid="17" />
    <channel service_ref="1:0:22:0002:25e4:02be:01860000:0:0:0:" name="Qatar TV" service_name="Qatar TV" provider="Qatar TV" sid="2" onid="702" tsid="9700" />
    <channel service_ref="1:0:1:000b:0006:001c:01860000:0:0:0:" name="Radio Nikita TV HD" service_name="Radio Nikita TV HD" provider="Hellas SAT" sid="11" onid="28" tsid="6" />
    <channel service_ref="1:0:1:004d:000e:001c:01860000:0:0:0:" name="Realitatea TV" service_name="Realitatea TV" provider="" sid="77" onid="28" tsid="14" />
    <channel service_ref="1:0:1:0004:0001:212c:01860000:0:0:0:" name="RIK" service_name="RIK" provider="ERT" sid="4" onid="8492" tsid="1" />
    <channel service_ref="1:0:1:0001:0006:001c:01860000:0:0:0:" name="RIKSat" service_name="RIKSat" provider="HellasSAT" sid="1" onid="28" tsid="6" />
    <channel service_ref="1:0:1:014b:0003:0001:0186b0c3:0:0:0:" name="RING BG" service_name="RING BG" provider="BULSATCOM" sid="331" onid="1" tsid="3" />
    <channel service_ref="1:0:1:0050:0012:001c:01860000:0:0:0:" name="Rock TV" service_name="Rock TV" provider="" sid="80" onid="28" tsid="18" />
    <channel service_ref="1:0:1:013f:000f:001c:01860000:0:0:0:" name="Story 4" service_name="Story 4" provider="" sid="319" onid="28" tsid="15" />
    <channel service_ref="1:0:1:00d4:0011:001c:01860000:0:0:0:" name="Taraf" service_name="Taraf" provider="" sid="212" onid="28" tsid="17" />
    <channel service_ref="1:0:1:03f7:0001:0001:01862fef:0:0:0:" name="The Voice" service_name="The Voice" provider="BULSATCOM" sid="1015" onid="1" tsid="1" />
    <channel service_ref="1:0:1:002f:0002:0001:01862fa2:0:0:0:" name="Tiankov TV" service_name="Tiankov TV" provider="BULSATCOM" sid="47" onid="1" tsid="2" />
    <channel service_ref="1:0:1:0036:000f:001c:01860000:0:0:0:" name="TLC" service_name="TLC" provider="" sid="54" onid="28" tsid="15" />
    <channel service_ref="1:0:1:013a:0003:0001:0186b0c3:0:0:0:" name="TLC" service_name="TLC" provider="BULSATCOM" sid="314" onid="1" tsid="3" />
    <channel service_ref="1:0:1:00df:0010:001c:01860000:0:0:0:" name="TNT" service_name="TNT" provider="" sid="223" onid="28" tsid="16" />
    <channel service_ref="1:0:1:00aa:0010:001c:01860000:0:0:0:" name="Travel Channel" service_name="Travel Channel" provider="" sid="170" onid="28" tsid="16" />
    <channel service_ref="1:0:1:00e2:0011:001c:01860000:0:0:0:" name="Trinitas TV" service_name="Trinitas TV" provider="" sid="226" onid="28" tsid="17" />
    <channel service_ref="1:0:1:012d:0012:001c:01860000:0:0:0:" name="TV 1000" service_name="TV 1000" provider="" sid="301" onid="28" tsid="18" />
    <channel service_ref="1:0:1:001f:0002:0001:01862fa2:0:0:0:" name="TV Evropa" service_name="TV Evropa" provider="BULSATCOM" sid="31" onid="1" tsid="2" />
    <channel service_ref="1:0:1:00f1:000f:001c:01860000:0:0:0:" name="TV Paprika" service_name="TV Paprika" provider="" sid="241" onid="28" tsid="15" />
    <channel service_ref="1:0:1:03f2:0001:0001:01862fef:0:0:0:" name="TV Plus" service_name="TV Plus" provider="BULSATCOM" sid="1010" onid="1" tsid="1" />
    <channel service_ref="1:0:1:007f:000e:001c:01860000:0:0:0:" name="TVH" service_name="TVH" provider="" sid="127" onid="28" tsid="14" />
    <channel service_ref="1:0:1:007d:000d:001c:01860000:0:0:0:" name="TVR 1" service_name="TVR 1" provider="" sid="125" onid="28" tsid="13" />
    <channel service_ref="1:0:1:007e:000d:001c:01860000:0:0:0:" name="TVR 2" service_name="TVR 2" provider="" sid="126" onid="28" tsid="13" />
    <channel service_ref="1:0:25:0048:0002:001c:01860000:0:0:0:" name="TVR HD" service_name="TVR HD" provider="" sid="72" onid="28" tsid="2" />
    <channel service_ref="1:0:25:0059:0002:001c:01860000:0:0:0:" name="TVR HD" service_name="TVR HD" provider="" sid="89" onid="28" tsid="2" />
    <channel service_ref="1:0:1:00fd:000d:001c:01860000:0:0:0:" name="U TV" service_name="U TV" provider="" sid="253" onid="28" tsid="13" />
    <channel service_ref="1:0:1:0039:0005:0001:018630b0:0:0:0:" name="VH 1" service_name="VH 1" provider="BULSATCOM" sid="57" onid="1" tsid="5" />
    <channel service_ref="1:0:1:00d3:0005:0001:018630b0:0:0:0:" name="VH 1 Classic" service_name="VH 1 Classic" provider="BULSATCOM" sid="211" onid="1" tsid="5" />
    <channel service_ref="1:0:1:004e:000f:001c:01860000:0:0:0:" name="VH1" service_name="VH1" provider="" sid="78" onid="28" tsid="15" />
    <channel service_ref="1:0:1:00a7:0010:001c:01860000:0:0:0:" name="VH1 Classic" service_name="VH1 Classic" provider="" sid="167" onid="28" tsid="16" />
    <channel service_ref="1:0:1:00f3:000f:001c:01860000:0:0:0:" name="Viasat Explore" service_name="Viasat Explore" provider="" sid="243" onid="28" tsid="15" />
    <channel service_ref="1:0:1:006f:0004:0001:0186afb6:0:0:0:" name="Viasat Explorer" service_name="Viasat Explorer" provider="BULSATCOM" sid="111" onid="1" tsid="4" />
    <channel service_ref="1:0:25:004b:0002:001c:01860000:0:0:0:" name="Viasat HD" service_name="Viasat HD" provider="" sid="75" onid="28" tsid="2" />
    <channel service_ref="1:0:25:013c:0002:001c:01860000:0:0:0:" name="Viasat HD" service_name="Viasat HD" provider="" sid="316" onid="28" tsid="2" />
    <channel service_ref="1:0:1:0052:0012:001c:01860000:0:0:0:" name="Viasat Nature" service_name="Viasat Nature" provider="" sid="82" onid="28" tsid="18" />
    <channel service_ref="1:0:1:001e:0002:212c:01860000:0:0:0:" name="Vouli" service_name="Vouli" provider="ERT" sid="30" onid="8492" tsid="2" />
    <channel service_ref="1:0:1:00bd:000e:001c:01860000:0:0:0:" name="X-Dream TV" service_name="X-Dream TV" provider="" sid="189" onid="28" tsid="14" />
    <channel service_ref="1:0:1:003a:0002:0001:01862fa2:0:0:0:" name="XYPLUS" service_name="XYPLUS" provider="BULSATCOM" sid="58" onid="1" tsid="2" />
    <channel service_ref="1:0:1:011e:000d:001c:01860000:0:0:0:" name="ZU TV" service_name="ZU TV" provider="" sid="286" onid="28" tsid="13" />
  </bouquet>
  <bouquet name="PayTV - Sky - DE - HD" category="tv">
    <channel service_ref="1:0:1:010a:000f:001c:01860000:0:0:0:" name="E! Entertainment" service_name="E! Entertainment" provider="" sid="266" onid="28" tsid="15" />
  </bouquet>
  <bouquet name="Radio" category="radio">
    <channel service_ref="1:0:2:0016:0002:0001:01862fa2:0:0:0:" name="BG Radio" service_name="BG Radio" provider="BULSATCOM" sid="22" onid="1" tsid="2" />
    <channel service_ref="1:0:2:0017:0002:0001:01862fa2:0:0:0:" name="Darik Radio" service_name="Darik Radio" provider="BULSATCOM" sid="23" onid="1" tsid="2" />
    <channel service_ref="1:0:2:000a:0002:212c:01860000:0:0:0:" name="Deytero" service_name="Deytero" provider="ERT" sid="10" onid="8492" tsid="2" />
    <channel service_ref="1:0:2:001f:0002:212c:01860000:0:0:0:" name="Era Sport" service_name="Era Sport" provider="ERT" sid="31" onid="8492" tsid="2" />
    <channel service_ref="1:0:2:000c:25e4:02be:01860000:0:0:0:" name="ESC R1" service_name="ESC R1" provider="ARABSAT" sid="12" onid="702" tsid="9700" />
    <channel service_ref="1:0:2:001c:25e4:02be:01860000:0:0:0:" name="ESC R2" service_name="ESC R2" provider="ARABSAT" sid="28" onid="702" tsid="9700" />
    <channel service_ref="1:0:2:001a:25e4:02be:01860000:0:0:0:" name="ESC R3" service_name="ESC R3" provider="ARABSAT" sid="26" onid="702" tsid="9700" />
    <channel service_ref="1:0:2:001d:25e4:02be:01860000:0:0:0:" name="Iraq Republic Radio" service_name="Iraq Republic Radio" provider="ARABSAT" sid="29" onid="702" tsid="9700" />
    <channel service_ref="1:0:2:0014:25e4:02be:01860000:0:0:0:" name="JORDAN R1" service_name="JORDAN R1" provider="ARABSAT" sid="20" onid="702" tsid="9700" />
    <channel service_ref="1:0:2:0006:0001:212c:01860000:0:0:0:" name="KOSMOS" service_name="KOSMOS" provider="ERT" sid="6" onid="8492" tsid="1" />
    <channel service_ref="1:0:2:000c:0002:212c:01860000:0:0:0:" name="Kosmos" service_name="Kosmos" provider="ERT" sid="12" onid="8492" tsid="2" />
    <channel service_ref="1:0:2:0015:0002:0001:01862fa2:0:0:0:" name="NRJ" service_name="NRJ" provider="BULSATCOM" sid="21" onid="1" tsid="2" />
    <channel service_ref="1:0:2:001b:25e4:02be:01860000:0:0:0:" name="OMAN R2" service_name="OMAN R2" provider="ARABSAT" sid="27" onid="702" tsid="9700" />
    <channel service_ref="1:0:2:0013:25e4:02be:01860000:0:0:0:" name="OMAN R3" service_name="OMAN R3" provider="ARABSAT" sid="19" onid="702" tsid="9700" />
    <channel service_ref="1:0:2:002f:25e4:02be:01860000:0:0:0:" name="OMAN-HOLY QURAN" service_name="OMAN-HOLY QURAN" provider="ARABSAT" sid="47" onid="702" tsid="9700" />
    <channel service_ref="1:0:2:0005:0001:212c:01860000:0:0:0:" name="PROTO" service_name="PROTO" provider="ERT" sid="5" onid="8492" tsid="1" />
    <channel service_ref="1:0:2:000b:0002:212c:01860000:0:0:0:" name="Proto" service_name="Proto" provider="ERT" sid="11" onid="8492" tsid="2" />
    <channel service_ref="1:0:2:0014:0002:0001:01862fa2:0:0:0:" name="Radio 1 Rock" service_name="Radio 1 Rock" provider="BULSATCOM" sid="20" onid="1" tsid="2" />
    <channel service_ref="1:0:2:001b:0003:0001:0186b0c3:0:0:0:" name="radio Magic FM" service_name="radio Magic FM" provider="BULSATCOM" sid="27" onid="1" tsid="3" />
    <channel service_ref="1:0:2:012c:0006:001c:01860000:0:0:0:" name="Radio Nikita TV" service_name="Radio Nikita TV" provider="Hellas SAT" sid="300" onid="28" tsid="6" />
    <channel service_ref="1:0:2:0019:0002:0001:01862fa2:0:0:0:" name="Radio Payner" service_name="Radio Payner" provider="BULSAYCOM" sid="25" onid="1" tsid="2" />
    <channel service_ref="1:0:2:000d:0003:0001:0186b0c3:0:0:0:" name="radio Veselina E" service_name="radio Veselina E" provider="BULSATCOM" sid="13" onid="1" tsid="3" />
    <channel service_ref="1:0:2:003e:0003:0001:0186b0c3:0:0:0:" name="radio Veselina N" service_name="radio Veselina N" provider="BULSATCOM" sid="62" onid="1" tsid="3" />
    <channel service_ref="1:0:2:003f:0003:0001:0186b0c3:0:0:0:" name="radio Veselina S" service_name="radio Veselina S" provider="BULSATCOM" sid="63" onid="1" tsid="3" />
    <channel service_ref="1:0:2:001a:0003:0001:0186b0c3:0:0:0:" name="radio Veselina W" service_name="radio Veselina W" provider="BULSATCOM" sid="26" onid="1" tsid="3" />
    <channel service_ref="1:0:2:000b:0003:0001:0186b0c3:0:0:0:" name="radio Vitosha E" service_name="radio Vitosha E" provider="BULSATCOM" sid="11" onid="1" tsid="3" />
    <channel service_ref="1:0:2:000c:0003:0001:0186b0c3:0:0:0:" name="radio Vitosha W" service_name="radio Vitosha W" provider="BULSATCOM" sid="12" onid="1" tsid="3" />
    <channel service_ref="1:0:2:0002:0006:001c:01860000:0:0:0:" name="RIK1" service_name="RIK1" provider="HellasSAT" sid="2" onid="28" tsid="6" />
    <channel service_ref="1:0:2:0004:0006:001c:01860000:0:0:0:" name="RIK2" service_name="RIK2" provider="HellasSAT" sid="4" onid="28" tsid="6" />
    <channel service_ref="1:0:2:0005:0006:001c:01860000:0:0:0:" name="RIK3" service_name="RIK3" provider="HellasSAT" sid="5" onid="28" tsid="6" />
    <channel service_ref="1:0:2:0006:0006:001c:01860000:0:0:0:" name="RIK4" service_name="RIK4" provider="HellasSAT" sid="6" onid="28" tsid="6" />
    <channel service_ref="1:0:2:000d:25e4:02be:01860000:0:0:0:" name="SAUDI R1" service_name="SAUDI R1" provider="ARABSAT" sid="13" onid="702" tsid="9700" />
    <channel service_ref="1:0:2:000b:25e4:02be:01860000:0:0:0:" name="SAUDI R2" service_name="SAUDI R2" provider="ARABSAT" sid="11" onid="702" tsid="9700" />
    <channel service_ref="1:0:2:000a:25e4:02be:01860000:0:0:0:" name="SUDAN R1" service_name="SUDAN R1" provider="ARABSAT" sid="10" onid="702" tsid="9700" />
    <channel service_ref="1:0:2:0018:0002:0001:01862fa2:0:0:0:" name="Tangra MegaRock" service_name="Tangra MegaRock" provider="BULSATCOM" sid="24" onid="1" tsid="2" />
    <channel service_ref="1:0:2:001d:0003:0001:0186b0c3:0:0:0:" name="The Voice" service_name="The Voice" provider="BULSATCOM" sid="29" onid="1" tsid="3" />
    <channel service_ref="1:0:2:0007:0001:212c:01860000:0:0:0:" name="TRITO" service_name="TRITO" provider="ERT" sid="7" onid="8492" tsid="1" />
    <channel service_ref="1:0:2:000f:0002:212c:01860000:0:0:0:" name="Trito" service_name="Trito" provider="ERT" sid="15" onid="8492" tsid="2" />
    <channel service_ref="1:0:2:000e:0002:212c:01860000:0:0:0:" name="Voice Of Greece" service_name="Voice Of Greece" provider="ERT" sid="14" onid="8492" tsid="2" />
  </bouquet>
  <bouquet name="Radio - Music" category="radio">
    <channel service_ref="1:0:2:0014:0002:0001:01862fa2:0:0:0:" name="Radio 1 Rock" service_name="Radio 1 Rock" provider="BULSATCOM" sid="20" onid="1" tsid="2" />
    <channel service_ref="1:0:2:001b:0003:0001:0186b0c3:0:0:0:" name="radio Magic FM" service_name="radio Magic FM" provider="BULSATCOM" sid="27" onid="1" tsid="3" />
    <channel service_ref="1:0:2:0018:0002:0001:01862fa2:0:0:0:" name="Tangra MegaRock" service_name="Tangra MegaRock" provider="BULSATCOM" sid="24" onid="1" tsid="2" />
  </bouquet>
</zapit>
