<?xml version='1.0' encoding='utf-8'?>
<zapit>
  <bouquet name="General" category="tv">
    <channel service_ref="1:0:1:0017:01fd:02be:01040000:0:0:0:" name="Afrique Media TV" service_name="Afrique Media TV" provider="GLOBECAST" sid="23" onid="702" tsid="509" />
    <channel service_ref="1:0:1:000b:0320:02be:01040000:0:0:0:" name="Al Aoula Inter" service_name="Al Aoula Inter" provider="SNRT" sid="11" onid="702" tsid="800" />
    <channel service_ref="1:0:1:0001:0320:02be:01040000:0:0:0:" name="Al Aoula Inter HD" service_name="Al Aoula Inter HD" provider="SNRT" sid="1" onid="702" tsid="800" />
    <channel service_ref="1:0:1:000c:001a:0088:01040000:0:0:0:" name="AL BARLEMANIA" service_name="AL BARLEMANIA" provider="TDM" sid="12" onid="136" tsid="26" />
    <channel service_ref="1:0:1:0a2c:001a:02be:01040000:0:0:0:" name="Al EKhbaria" service_name="Al EKhbaria" provider="Arabsat" sid="2604" onid="702" tsid="26" />
    <channel service_ref="1:0:1:02c5:01fa:02be:01040000:0:0:0:" name="Al Hiwar TV" service_name="Al Hiwar TV" provider="JMC" sid="709" onid="702" tsid="506" />
    <channel service_ref="1:0:1:0014:0320:02be:01040000:0:0:0:" name="Al Maghribia" service_name="Al Maghribia" provider="SNRT" sid="20" onid="702" tsid="800" />
    <channel service_ref="1:0:1:0009:001a:001b:01040000:0:0:0:" name="AL MAJLIS" service_name="AL MAJLIS" provider="MOI" sid="9" onid="27" tsid="26" />
    <channel service_ref="1:0:1:000f:001a:0088:01040000:0:0:0:" name="AL MOURITANIYA HD" service_name="AL MOURITANIYA HD" provider="" sid="15" onid="136" tsid="26" />
    <channel service_ref="1:0:1:0009:01ff:02be:01040000:0:0:0:" name="ALAAN TV" service_name="ALAAN TV" provider="dU" sid="9" onid="702" tsid="511" />
    <channel service_ref="1:0:25:000c:01ff:02be:01040000:0:0:0:" name="ALAAN TV HD" service_name="ALAAN TV HD" provider="DU" sid="12" onid="702" tsid="511" />
    <channel service_ref="1:0:1:0005:022b:02be:01040000:0:0:0:" name="Alkass four HD" service_name="Alkass four HD" provider="Alkass sports channels" sid="5" onid="702" tsid="555" />
    <channel service_ref="1:0:1:0003:022b:02be:01040000:0:0:0:" name="Alkass one HD" service_name="Alkass one HD" provider="Al Dawri Al Kass" sid="3" onid="702" tsid="555" />
    <channel service_ref="1:0:1:0001:022b:02be:01040000:0:0:0:" name="Alkass three HD" service_name="Alkass three HD" provider="Al Dawri Al Kass" sid="1" onid="702" tsid="555" />
    <channel service_ref="1:0:1:0004:022b:02be:01040000:0:0:0:" name="Alkass two HD" service_name="Alkass two HD" provider="Al Dawri Al Kass" sid="4" onid="702" tsid="555" />
    <channel service_ref="1:0:25:071a:01fa:02be:01040000:0:0:0:" name="Almamlaka TV" service_name="Almamlaka TV" provider="JMC" sid="1818" onid="702" tsid="506" />
    <channel service_ref="1:0:1:0006:001a:0088:01040000:0:0:0:" name="ALMOURABITOUNE" service_name="ALMOURABITOUNE" provider="TDM" sid="6" onid="136" tsid="26" />
    <channel service_ref="1:0:1:0002:01ff:02be:01040000:0:0:0:" name="ARIRANG" service_name="ARIRANG" provider="dU" sid="2" onid="702" tsid="511" />
    <channel service_ref="1:0:1:001c:0320:02be:01040000:0:0:0:" name="Arrabiaa" service_name="Arrabiaa" provider="SNRT" sid="28" onid="702" tsid="800" />
    <channel service_ref="1:0:1:000b:001a:0088:01040000:0:0:0:" name="Arriadia MR" service_name="Arriadia MR" provider="TDM" sid="11" onid="136" tsid="26" />
    <channel service_ref="1:0:1:001e:0320:02be:01040000:0:0:0:" name="Arryadia" service_name="Arryadia" provider="SNRT" sid="30" onid="702" tsid="800" />
    <channel service_ref="1:0:1:001f:0320:02be:01040000:0:0:0:" name="Arryadia HD" service_name="Arryadia HD" provider="SNRT" sid="31" onid="702" tsid="800" />
    <channel service_ref="1:0:1:0004:024e:02be:01040000:0:0:0:" name="ASHOROOQ" service_name="ASHOROOQ" provider="" sid="4" onid="702" tsid="590" />
    <channel service_ref="1:0:1:003c:0320:02be:01040000:0:0:0:" name="Assadissa" service_name="Assadissa" provider="SNRT" sid="60" onid="702" tsid="800" />
    <channel service_ref="1:0:1:000a:001a:0088:01040000:0:0:0:" name="Athagavia MR" service_name="Athagavia MR" provider="SVS" sid="10" onid="136" tsid="26" />
    <channel service_ref="1:0:1:0d2a:001a:001a:01040000:0:0:0:" name="Awdeh" service_name="Awdeh" provider="PALSAT" sid="3370" onid="26" tsid="26" />
    <channel service_ref="1:0:1:0005:0202:02be:01040000:0:0:0:" name="Bahrain International" service_name="Bahrain International" provider="Bahrain TV" sid="5" onid="702" tsid="514" />
    <channel service_ref="1:0:25:0002:0202:02be:01040000:0:0:0:" name="Bahrain International HD" service_name="Bahrain International HD" provider="Bahrain TV" sid="2" onid="702" tsid="514" />
    <channel service_ref="1:0:1:0006:0202:02be:01040000:0:0:0:" name="Bahrain Quran" service_name="Bahrain Quran" provider="Bahrain TV" sid="6" onid="702" tsid="514" />
    <channel service_ref="1:0:25:0003:0202:02be:01040000:0:0:0:" name="Bahrain Sport 1 HD" service_name="Bahrain Sport 1 HD" provider="Bahrain TV" sid="3" onid="702" tsid="514" />
    <channel service_ref="1:0:25:0004:0202:02be:01040000:0:0:0:" name="Bahrain Sport 2 HD" service_name="Bahrain Sport 2 HD" provider="Bahrain TV" sid="4" onid="702" tsid="514" />
    <channel service_ref="1:0:1:0007:0202:02be:01040000:0:0:0:" name="Bahrain TV" service_name="Bahrain TV" provider="Bahrain TV" sid="7" onid="702" tsid="514" />
    <channel service_ref="1:0:25:0001:0202:02be:01040000:0:0:0:" name="Bahrain TV HD" service_name="Bahrain TV HD" provider="Bahrain TV" sid="1" onid="702" tsid="514" />
    <channel service_ref="1:0:1:000b:01fd:02be:01040000:0:0:0:" name="BBC Arabic" service_name="BBC Arabic" provider="BBC World Service" sid="11" onid="702" tsid="509" />
    <channel service_ref="1:0:1:0008:001a:0088:01040000:0:0:0:" name="CHINGUIT TV" service_name="CHINGUIT TV" provider="SVS" sid="8" onid="136" tsid="26" />
    <channel service_ref="1:0:25:000b:01ff:02be:01040000:0:0:0:" name="CITRUSS TV HD" service_name="CITRUSS TV HD" provider="Du" sid="11" onid="702" tsid="511" />
    <channel service_ref="1:0:1:000c:01fd:02be:01040000:0:0:0:" name="CNBC Arabiya" service_name="CNBC Arabiya" provider="du" sid="12" onid="702" tsid="509" />
    <channel service_ref="1:0:1:001d:01fd:02be:01040000:0:0:0:" name="CNBC Arabiya R1" service_name="CNBC Arabiya R1" provider="du" sid="29" onid="702" tsid="509" />
    <channel service_ref="1:0:1:0009:001a:0088:01040000:0:0:0:" name="DAVA TV" service_name="DAVA TV" provider="SVS" sid="9" onid="136" tsid="26" />
    <channel service_ref="1:0:1:001e:01ff:02be:01040000:0:0:0:" name="Dubai Holy Quran" service_name="Dubai Holy Quran" provider="du" sid="30" onid="702" tsid="511" />
    <channel service_ref="1:0:1:089b:01fc:02be:01040000:0:0:0:" name="Dubai One" service_name="Dubai One" provider="ETISALAT" sid="2203" onid="702" tsid="508" />
    <channel service_ref="1:0:1:08a2:01fc:02be:01040000:0:0:0:" name="Dubai Racing 2" service_name="Dubai Racing 2" provider="ETISALAT" sid="2210" onid="702" tsid="508" />
    <channel service_ref="1:0:1:08a1:01fc:02be:01040000:0:0:0:" name="Dubai Racing 3" service_name="Dubai Racing 3" provider="ETISALAT" sid="2209" onid="702" tsid="508" />
    <channel service_ref="1:0:1:089e:01fc:02be:01040000:0:0:0:" name="Dubai Sports 2" service_name="Dubai Sports 2" provider="ETISALAT" sid="2206" onid="702" tsid="508" />
    <channel service_ref="1:0:1:089a:01fc:02be:01040000:0:0:0:" name="Dubai Sports 3" service_name="Dubai Sports 3" provider="ETISALAT" sid="2202" onid="702" tsid="508" />
    <channel service_ref="1:0:1:017f:01fc:02be:01040000:0:0:0:" name="Dubai TV" service_name="Dubai TV" provider="ETISALAT" sid="383" onid="702" tsid="508" />
    <channel service_ref="1:0:1:08a3:01fc:02be:01040000:0:0:0:" name="Dubai Zaman" service_name="Dubai Zaman" provider="ETISALAT" sid="2211" onid="702" tsid="508" />
    <channel service_ref="1:0:1:000f:01fd:02be:01040000:0:0:0:" name="DW Arabia" service_name="DW Arabia" provider="Deutsche Welle" sid="15" onid="702" tsid="509" />
    <channel service_ref="1:0:1:0007:001a:0088:01040000:0:0:0:" name="EL MAHADRA" service_name="EL MAHADRA" provider="SVS" sid="7" onid="136" tsid="26" />
    <channel service_ref="1:0:1:0004:001a:0088:01040000:0:0:0:" name="EL WATANIA TV" service_name="EL WATANIA TV" provider="SVS" sid="4" onid="136" tsid="26" />
    <channel service_ref="1:0:1:0001:001a:0088:01040000:0:0:0:" name="ELMOURITANIA" service_name="ELMOURITANIA" provider="TV-MAURITANIE" sid="1" onid="136" tsid="26" />
    <channel service_ref="1:0:1:0002:001a:0088:01040000:0:0:0:" name="ELMOURITANIA 2" service_name="ELMOURITANIA 2" provider="TV MAURITANIE" sid="2" onid="136" tsid="26" />
    <channel service_ref="1:0:1:0016:01fd:02be:01040000:0:0:0:" name="Euronews" service_name="Euronews" provider="EURONEWS" sid="22" onid="702" tsid="509" />
    <channel service_ref="1:0:1:001f:01fd:02be:01040000:0:0:0:" name="France 24 (en Français)" service_name="France 24 (en Français)" provider="France 24" sid="31" onid="702" tsid="509" />
    <channel service_ref="1:0:1:000a:01fd:02be:01040000:0:0:0:" name="France 24 (in Arabic)" service_name="France 24 (in Arabic)" provider="France 24" sid="10" onid="702" tsid="509" />
    <channel service_ref="1:0:1:000e:01fd:02be:01040000:0:0:0:" name="France 24 (in English)" service_name="France 24 (in English)" provider="France 24" sid="14" onid="702" tsid="509" />
    <channel service_ref="1:0:1:070b:01fa:02be:01040000:0:0:0:" name="Future TV" service_name="Future TV" provider="JMC" sid="1803" onid="702" tsid="506" />
    <channel service_ref="1:0:25:000d:01ff:02be:01040000:0:0:0:" name="HAWAS TV HD" service_name="HAWAS TV HD" provider="DU" sid="13" onid="702" tsid="511" />
    <channel service_ref="1:0:25:044c:1137:02be:01040000:0:0:0:" name="HD1" service_name="HD1" provider="" sid="1100" onid="702" tsid="4407" />
    <channel service_ref="1:0:25:04b0:1137:02be:01040000:0:0:0:" name="HD2" service_name="HD2" provider="" sid="1200" onid="702" tsid="4407" />
    <channel service_ref="1:0:1:02da:01fa:02be:01040000:0:0:0:" name="Iqra TV" service_name="Iqra TV" provider="JMC" sid="730" onid="702" tsid="506" />
    <channel service_ref="1:0:1:000e:01ff:02be:01040000:0:0:0:" name="JAWNA" service_name="JAWNA" provider="dU" sid="14" onid="702" tsid="511" />
    <channel service_ref="1:0:1:070a:01fa:02be:01040000:0:0:0:" name="Jordan TV" service_name="Jordan TV" provider="JMC" sid="1802" onid="702" tsid="506" />
    <channel service_ref="1:0:1:15e4:001a:02be:01040000:0:0:0:" name="KAS Sports +1" service_name="KAS Sports +1" provider="Arabsat" sid="5604" onid="702" tsid="26" />
    <channel service_ref="1:0:1:0a2a:001a:02be:01040000:0:0:0:" name="KSA SPORT 2" service_name="KSA SPORT 2" provider="Arabsat" sid="2602" onid="702" tsid="26" />
    <channel service_ref="1:0:1:0a2d:001a:02be:01040000:0:0:0:" name="KSA Sports +2" service_name="KSA Sports +2" provider="Arabsat" sid="2605" onid="702" tsid="26" />
    <channel service_ref="1:0:1:0a2b:001a:02be:01040000:0:0:0:" name="KSA SPORTS 1" service_name="KSA SPORTS 1" provider="Arabsat" sid="2603" onid="702" tsid="26" />
    <channel service_ref="1:0:1:0006:001a:001b:01040000:0:0:0:" name="KTV AL ARABI" service_name="KTV AL ARABI" provider="MOI" sid="6" onid="27" tsid="26" />
    <channel service_ref="1:0:1:0001:001a:001b:01040000:0:0:0:" name="KTV CH1" service_name="KTV CH1" provider="MOI" sid="1" onid="27" tsid="26" />
    <channel service_ref="1:0:25:0028:001a:001b:01040000:0:0:0:" name="KTV CH1 HD" service_name="KTV CH1 HD" provider="MOI" sid="40" onid="27" tsid="26" />
    <channel service_ref="1:0:1:0002:001a:001b:01040000:0:0:0:" name="KTV CH2" service_name="KTV CH2" provider="MOI" sid="2" onid="27" tsid="26" />
    <channel service_ref="1:0:1:0005:001a:001b:01040000:0:0:0:" name="KTV ETHRAA" service_name="KTV ETHRAA" provider="MOI" sid="5" onid="27" tsid="26" />
    <channel service_ref="1:0:1:0004:001a:001b:01040000:0:0:0:" name="KTV Kids" service_name="KTV Kids" provider="MOI" sid="4" onid="27" tsid="26" />
    <channel service_ref="1:0:1:0003:001a:001b:01040000:0:0:0:" name="KTV S.Plus" service_name="KTV S.Plus" provider="MOI" sid="3" onid="27" tsid="26" />
    <channel service_ref="1:0:25:006e:001a:001b:01040000:0:0:0:" name="KTV Sport HD" service_name="KTV Sport HD" provider="MOI" sid="110" onid="27" tsid="26" />
    <channel service_ref="1:0:1:000c:0320:02be:01040000:0:0:0:" name="Laayoune TV" service_name="Laayoune TV" provider="SNRT" sid="12" onid="702" tsid="800" />
    <channel service_ref="1:0:1:0ba4:001a:001a:01040000:0:0:0:" name="MUSAWA" service_name="MUSAWA" provider="PALSAT" sid="2980" onid="26" tsid="26" />
    <channel service_ref="1:0:1:0bb8:001a:001a:01040000:0:0:0:" name="MUSAWA HD" service_name="MUSAWA HD" provider="Harmonic" sid="3000" onid="26" tsid="26" />
    <channel service_ref="1:0:1:0006:024e:02be:01040000:0:0:0:" name="Neelain Sport" service_name="Neelain Sport" provider="" sid="6" onid="702" tsid="590" />
    <channel service_ref="1:0:1:08a0:01fc:02be:01040000:0:0:0:" name="Noor Dubai" service_name="Noor Dubai" provider="ETISALAT" sid="2208" onid="702" tsid="508" />
    <channel service_ref="1:0:1:0d16:001a:001a:01040000:0:0:0:" name="Palestine" service_name="Palestine" provider="PALSAT" sid="3350" onid="26" tsid="26" />
    <channel service_ref="1:0:1:0b9a:001a:001a:01040000:0:0:0:" name="Palestine HD" service_name="Palestine HD" provider="PALSAT" sid="2970" onid="26" tsid="26" />
    <channel service_ref="1:0:1:0d02:001a:001a:01040000:0:0:0:" name="Palestine Live" service_name="Palestine Live" provider="PALSAT" sid="3330" onid="26" tsid="26" />
    <channel service_ref="1:0:1:08ac:001a:001a:01040000:0:0:0:" name="Palestine Live HD" service_name="Palestine Live HD" provider="PALSAT" sid="2220" onid="26" tsid="26" />
    <channel service_ref="1:0:1:0bae:001a:001a:01040000:0:0:0:" name="Palestine News" service_name="Palestine News" provider="PALSAT" sid="2990" onid="26" tsid="26" />
    <channel service_ref="1:0:1:0d66:001a:001a:01040000:0:0:0:" name="Palestine Sport" service_name="Palestine Sport" provider="PALSAT" sid="3430" onid="26" tsid="26" />
    <channel service_ref="1:0:25:000a:01ff:02be:01040000:0:0:0:" name="PEACE TV HD" service_name="PEACE TV HD" provider="dU" sid="10" onid="702" tsid="511" />
    <channel service_ref="1:0:1:0004:0001:0001:0104af88:0:0:0:" name="Qatar TV HD" service_name="Qatar TV HD" provider="Qatar TV" sid="4" onid="1" tsid="1" />
    <channel service_ref="1:0:1:08fc:1137:02be:01040000:0:0:0:" name="Radio1" service_name="Radio1" provider="" sid="2300" onid="702" tsid="4407" />
    <channel service_ref="1:0:25:071b:01fa:02be:01040000:0:0:0:" name="RO`YA HD" service_name="RO`YA HD" provider="JMC" sid="1819" onid="702" tsid="506" />
    <channel service_ref="1:0:1:02d9:01fa:02be:01040000:0:0:0:" name="RTD-Djibouti" service_name="RTD-Djibouti" provider="JMC" sid="729" onid="702" tsid="506" />
    <channel service_ref="1:0:1:0018:01fd:02be:01040000:0:0:0:" name="RTI 1" service_name="RTI 1" provider="RTI 1 PRINCIPAL" sid="24" onid="702" tsid="509" />
    <channel service_ref="1:0:1:0005:024e:02be:01040000:0:0:0:" name="S24" service_name="S24" provider="" sid="5" onid="702" tsid="590" />
    <channel service_ref="1:0:1:0003:001a:0088:01040000:0:0:0:" name="SAHEL TV" service_name="SAHEL TV" provider="TDM" sid="3" onid="136" tsid="26" />
    <channel service_ref="1:0:1:089c:01fc:02be:01040000:0:0:0:" name="Sama Dubai" service_name="Sama Dubai" provider="ETISALAT" sid="2204" onid="702" tsid="508" />
    <channel service_ref="1:0:1:0a29:001a:02be:01040000:0:0:0:" name="Saudi 1" service_name="Saudi 1" provider="Arabsat" sid="2601" onid="702" tsid="26" />
    <channel service_ref="1:0:1:15e1:001a:02be:01040000:0:0:0:" name="Saudi Ch For Quran" service_name="Saudi Ch For Quran" provider="Arabsat" sid="5601" onid="702" tsid="26" />
    <channel service_ref="1:0:1:15e2:001a:02be:01040000:0:0:0:" name="Saudi Ch For Sunnah" service_name="Saudi Ch For Sunnah" provider="Arabsat" sid="5602" onid="702" tsid="26" />
    <channel service_ref="1:0:1:15e3:001a:02be:01040000:0:0:0:" name="SBC" service_name="SBC" provider="Arabsat" sid="5603" onid="702" tsid="26" />
    <channel service_ref="1:0:1:000a:1137:02be:01040000:0:0:0:" name="SD6" service_name="SD6" provider="" sid="10" onid="702" tsid="4407" />
    <channel service_ref="1:0:1:000b:1137:02be:01040000:0:0:0:" name="SD7" service_name="SD7" provider="" sid="11" onid="702" tsid="4407" />
    <channel service_ref="1:0:1:000c:1137:02be:01040000:0:0:0:" name="SD8" service_name="SD8" provider="" sid="12" onid="702" tsid="4407" />
    <channel service_ref="1:0:1:000d:01fd:02be:01040000:0:0:0:" name="Sky News Arabia" service_name="Sky News Arabia" provider="Sky News Arabia" sid="13" onid="702" tsid="509" />
    <channel service_ref="1:0:1:0011:01fd:02be:01040000:0:0:0:" name="Sky News Arabia Radio" service_name="Sky News Arabia Radio" provider="Sky News Arabia" sid="17" onid="702" tsid="509" />
    <channel service_ref="1:0:1:072a:01fa:02be:01040000:0:0:0:" name="SSBC" service_name="SSBC" provider="JMC" sid="1834" onid="702" tsid="506" />
    <channel service_ref="1:0:1:07da:024e:02be:01040000:0:0:0:" name="Sudan" service_name="Sudan" provider="" sid="2010" onid="702" tsid="590" />
    <channel service_ref="1:0:1:0008:024e:02be:01040000:0:0:0:" name="Sudan Drama" service_name="Sudan Drama" provider="" sid="8" onid="702" tsid="590" />
    <channel service_ref="1:0:1:005a:024e:02be:01040000:0:0:0:" name="Sudan monwaat" service_name="Sudan monwaat" provider="" sid="90" onid="702" tsid="590" />
    <channel service_ref="1:0:25:0029:024e:02be:01040000:0:0:0:" name="Sudan Sport HD" service_name="Sudan Sport HD" provider="Sudan Sport" sid="41" onid="702" tsid="590" />
    <channel service_ref="1:0:25:0014:024e:02be:01040000:0:0:0:" name="Sudania24HD" service_name="Sudania24HD" provider="Sudania24 Group" sid="20" onid="702" tsid="590" />
    <channel service_ref="1:0:1:0020:0320:02be:01040000:0:0:0:" name="Tamazight" service_name="Tamazight" provider="SNRT" sid="32" onid="702" tsid="800" />
    <channel service_ref="1:0:1:0007:024e:02be:01040000:0:0:0:" name="Tayba TV" service_name="Tayba TV" provider="" sid="7" onid="702" tsid="590" />
    <channel service_ref="1:0:1:0005:001a:0088:01040000:0:0:0:" name="TDM Promotional Channel" service_name="TDM Promotional Channel" provider="TDM" sid="5" onid="136" tsid="26" />
    <channel service_ref="1:0:1:072b:01fa:02be:01040000:0:0:0:" name="Teleliban TV" service_name="Teleliban TV" provider="JMC" sid="1835" onid="702" tsid="506" />
    <channel service_ref="1:0:1:000d:001a:0088:01040000:0:0:0:" name="TV 13" service_name="TV 13" provider="TDM" sid="13" onid="136" tsid="26" />
    <channel service_ref="1:0:1:000e:001a:0088:01040000:0:0:0:" name="TV 14" service_name="TV 14" provider="TDM" sid="14" onid="136" tsid="26" />
  </bouquet>
  <bouquet name="Series" category="tv">
    <channel service_ref="1:0:1:0008:024e:02be:01040000:0:0:0:" name="Sudan Drama" service_name="Sudan Drama" provider="" sid="8" onid="702" tsid="590" />
  </bouquet>
  <bouquet name="News" category="tv">
    <channel service_ref="1:0:1:0016:01fd:02be:01040000:0:0:0:" name="Euronews" service_name="Euronews" provider="EURONEWS" sid="22" onid="702" tsid="509" />
    <channel service_ref="1:0:1:0bae:001a:001a:01040000:0:0:0:" name="Palestine News" service_name="Palestine News" provider="PALSAT" sid="2990" onid="26" tsid="26" />
    <channel service_ref="1:0:1:000d:01fd:02be:01040000:0:0:0:" name="Sky News Arabia" service_name="Sky News Arabia" provider="Sky News Arabia" sid="13" onid="702" tsid="509" />
    <channel service_ref="1:0:1:0011:01fd:02be:01040000:0:0:0:" name="Sky News Arabia Radio" service_name="Sky News Arabia Radio" provider="Sky News Arabia" sid="17" onid="702" tsid="509" />
  </bouquet>
  <bouquet name="Sports" category="tv">
    <channel service_ref="1:0:1:0005:022b:02be:01040000:0:0:0:" name="Alkass four HD" service_name="Alkass four HD" provider="Alkass sports channels" sid="5" onid="702" tsid="555" />
    <channel service_ref="1:0:25:0003:0202:02be:01040000:0:0:0:" name="Bahrain Sport 1 HD" service_name="Bahrain Sport 1 HD" provider="Bahrain TV" sid="3" onid="702" tsid="514" />
    <channel service_ref="1:0:25:0004:0202:02be:01040000:0:0:0:" name="Bahrain Sport 2 HD" service_name="Bahrain Sport 2 HD" provider="Bahrain TV" sid="4" onid="702" tsid="514" />
    <channel service_ref="1:0:1:089e:01fc:02be:01040000:0:0:0:" name="Dubai Sports 2" service_name="Dubai Sports 2" provider="ETISALAT" sid="2206" onid="702" tsid="508" />
    <channel service_ref="1:0:1:089a:01fc:02be:01040000:0:0:0:" name="Dubai Sports 3" service_name="Dubai Sports 3" provider="ETISALAT" sid="2202" onid="702" tsid="508" />
    <channel service_ref="1:0:1:15e4:001a:02be:01040000:0:0:0:" name="KAS Sports +1" service_name="KAS Sports +1" provider="Arabsat" sid="5604" onid="702" tsid="26" />
    <channel service_ref="1:0:1:0a2a:001a:02be:01040000:0:0:0:" name="KSA SPORT 2" service_name="KSA SPORT 2" provider="Arabsat" sid="2602" onid="702" tsid="26" />
    <channel service_ref="1:0:1:0a2d:001a:02be:01040000:0:0:0:" name="KSA Sports +2" service_name="KSA Sports +2" provider="Arabsat" sid="2605" onid="702" tsid="26" />
    <channel service_ref="1:0:1:0a2b:001a:02be:01040000:0:0:0:" name="KSA SPORTS 1" service_name="KSA SPORTS 1" provider="Arabsat" sid="2603" onid="702" tsid="26" />
    <channel service_ref="1:0:25:006e:001a:001b:01040000:0:0:0:" name="KTV Sport HD" service_name="KTV Sport HD" provider="MOI" sid="110" onid="27" tsid="26" />
    <channel service_ref="1:0:1:0006:024e:02be:01040000:0:0:0:" name="Neelain Sport" service_name="Neelain Sport" provider="" sid="6" onid="702" tsid="590" />
    <channel service_ref="1:0:1:0d66:001a:001a:01040000:0:0:0:" name="Palestine Sport" service_name="Palestine Sport" provider="PALSAT" sid="3430" onid="26" tsid="26" />
    <channel service_ref="1:0:25:0029:024e:02be:01040000:0:0:0:" name="Sudan Sport HD" service_name="Sudan Sport HD" provider="Sudan Sport" sid="41" onid="702" tsid="590" />
  </bouquet>
  <bouquet name="Kids" category="tv">
    <channel service_ref="1:0:1:0004:001a:001b:01040000:0:0:0:" name="KTV Kids" service_name="KTV Kids" provider="MOI" sid="4" onid="27" tsid="26" />
  </bouquet>
  <bouquet name="ARD/ZDF" category="tv">
    <channel service_ref="1:0:1:0014:0320:02be:01040000:0:0:0:" name="Al Maghribia" service_name="Al Maghribia" provider="SNRT" sid="20" onid="702" tsid="800" />
    <channel service_ref="1:0:1:0001:022b:02be:01040000:0:0:0:" name="Alkass three HD" service_name="Alkass three HD" provider="Al Dawri Al Kass" sid="1" onid="702" tsid="555" />
    <channel service_ref="1:0:1:0005:0202:02be:01040000:0:0:0:" name="Bahrain International" service_name="Bahrain International" provider="Bahrain TV" sid="5" onid="702" tsid="514" />
    <channel service_ref="1:0:25:0002:0202:02be:01040000:0:0:0:" name="Bahrain International HD" service_name="Bahrain International HD" provider="Bahrain TV" sid="2" onid="702" tsid="514" />
    <channel service_ref="1:0:1:0006:0202:02be:01040000:0:0:0:" name="Bahrain Quran" service_name="Bahrain Quran" provider="Bahrain TV" sid="6" onid="702" tsid="514" />
    <channel service_ref="1:0:1:0007:0202:02be:01040000:0:0:0:" name="Bahrain TV" service_name="Bahrain TV" provider="Bahrain TV" sid="7" onid="702" tsid="514" />
    <channel service_ref="1:0:25:0001:0202:02be:01040000:0:0:0:" name="Bahrain TV HD" service_name="Bahrain TV HD" provider="Bahrain TV" sid="1" onid="702" tsid="514" />
    <channel service_ref="1:0:1:0005:001a:001b:01040000:0:0:0:" name="KTV ETHRAA" service_name="KTV ETHRAA" provider="MOI" sid="5" onid="27" tsid="26" />
  </bouquet>
  <bouquet name="BBC" category="tv">
    <channel service_ref="1:0:1:000b:01fd:02be:01040000:0:0:0:" name="BBC Arabic" service_name="BBC Arabic" provider="BBC World Service" sid="11" onid="702" tsid="509" />
    <channel service_ref="1:0:1:000b:01fd:02be:01040000:0:0:0:" name="BBC Arabic" service_name="BBC Arabic" provider="BBC World Service" sid="11" onid="702" tsid="509" />
  </bouquet>
  <bouquet name="RAI" category="tv">
    <channel service_ref="1:0:1:0005:0202:02be:01040000:0:0:0:" name="Bahrain International" service_name="Bahrain International" provider="Bahrain TV" sid="5" onid="702" tsid="514" />
    <channel service_ref="1:0:25:0002:0202:02be:01040000:0:0:0:" name="Bahrain International HD" service_name="Bahrain International HD" provider="Bahrain TV" sid="2" onid="702" tsid="514" />
    <channel service_ref="1:0:1:0006:0202:02be:01040000:0:0:0:" name="Bahrain Quran" service_name="Bahrain Quran" provider="Bahrain TV" sid="6" onid="702" tsid="514" />
    <channel service_ref="1:0:25:0003:0202:02be:01040000:0:0:0:" name="Bahrain Sport 1 HD" service_name="Bahrain Sport 1 HD" provider="Bahrain TV" sid="3" onid="702" tsid="514" />
    <channel service_ref="1:0:25:0004:0202:02be:01040000:0:0:0:" name="Bahrain Sport 2 HD" service_name="Bahrain Sport 2 HD" provider="Bahrain TV" sid="4" onid="702" tsid="514" />
    <channel service_ref="1:0:1:0007:0202:02be:01040000:0:0:0:" name="Bahrain TV" service_name="Bahrain TV" provider="Bahrain TV" sid="7" onid="702" tsid="514" />
    <channel service_ref="1:0:25:0001:0202:02be:01040000:0:0:0:" name="Bahrain TV HD" service_name="Bahrain TV HD" provider="Bahrain TV" sid="1" onid="702" tsid="514" />
  </bouquet>
  <bouquet name="TF1" category="tv">
    <channel service_ref="1:0:1:001f:01fd:02be:01040000:0:0:0:" name="France 24 (en Français)" service_name="France 24 (en Français)" provider="France 24" sid="31" onid="702" tsid="509" />
    <channel service_ref="1:0:1:000a:01fd:02be:01040000:0:0:0:" name="France 24 (in Arabic)" service_name="France 24 (in Arabic)" provider="France 24" sid="10" onid="702" tsid="509" />
    <channel service_ref="1:0:1:000e:01fd:02be:01040000:0:0:0:" name="France 24 (in English)" service_name="France 24 (in English)" provider="France 24" sid="14" onid="702" tsid="509" />
  </bouquet>
  <bouquet name="Switzerland" category="tv">
    <channel service_ref="1:0:1:08a1:01fc:02be:01040000:0:0:0:" name="Dubai Racing 3" service_name="Dubai Racing 3" provider="ETISALAT" sid="2209" onid="702" tsid="508" />
    <channel service_ref="1:0:1:072b:01fa:02be:01040000:0:0:0:" name="Teleliban TV" service_name="Teleliban TV" provider="JMC" sid="1835" onid="702" tsid="506" />
    <channel service_ref="1:0:1:000d:001a:0088:01040000:0:0:0:" name="TV 13" service_name="TV 13" provider="TDM" sid="13" onid="136" tsid="26" />
  </bouquet>
  <bouquet name="Resolution - HD" category="tv">
    <channel service_ref="1:0:1:0001:0320:02be:01040000:0:0:0:" name="Al Aoula Inter HD" service_name="Al Aoula Inter HD" provider="SNRT" sid="1" onid="702" tsid="800" />
    <channel service_ref="1:0:1:000f:001a:0088:01040000:0:0:0:" name="AL MOURITANIYA HD" service_name="AL MOURITANIYA HD" provider="" sid="15" onid="136" tsid="26" />
    <channel service_ref="1:0:25:000c:01ff:02be:01040000:0:0:0:" name="ALAAN TV HD" service_name="ALAAN TV HD" provider="DU" sid="12" onid="702" tsid="511" />
    <channel service_ref="1:0:1:0005:022b:02be:01040000:0:0:0:" name="Alkass four HD" service_name="Alkass four HD" provider="Alkass sports channels" sid="5" onid="702" tsid="555" />
    <channel service_ref="1:0:1:0003:022b:02be:01040000:0:0:0:" name="Alkass one HD" service_name="Alkass one HD" provider="Al Dawri Al Kass" sid="3" onid="702" tsid="555" />
    <channel service_ref="1:0:1:0001:022b:02be:01040000:0:0:0:" name="Alkass three HD" service_name="Alkass three HD" provider="Al Dawri Al Kass" sid="1" onid="702" tsid="555" />
    <channel service_ref="1:0:1:0004:022b:02be:01040000:0:0:0:" name="Alkass two HD" service_name="Alkass two HD" provider="Al Dawri Al Kass" sid="4" onid="702" tsid="555" />
    <channel service_ref="1:0:1:001f:0320:02be:01040000:0:0:0:" name="Arryadia HD" service_name="Arryadia HD" provider="SNRT" sid="31" onid="702" tsid="800" />
    <channel service_ref="1:0:25:0002:0202:02be:01040000:0:0:0:" name="Bahrain International HD" service_name="Bahrain International HD" provider="Bahrain TV" sid="2" onid="702" tsid="514" />
    <channel service_ref="1:0:25:0003:0202:02be:01040000:0:0:0:" name="Bahrain Sport 1 HD" service_name="Bahrain Sport 1 HD" provider="Bahrain TV" sid="3" onid="702" tsid="514" />
    <channel service_ref="1:0:25:0004:0202:02be:01040000:0:0:0:" name="Bahrain Sport 2 HD" service_name="Bahrain Sport 2 HD" provider="Bahrain TV" sid="4" onid="702" tsid="514" />
    <channel service_ref="1:0:25:0001:0202:02be:01040000:0:0:0:" name="Bahrain TV HD" service_name="Bahrain TV HD" provider="Bahrain TV" sid="1" onid="702" tsid="514" />
    <channel service_ref="1:0:25:000b:01ff:02be:01040000:0:0:0:" name="CITRUSS TV HD" service_name="CITRUSS TV HD" provider="Du" sid="11" onid="702" tsid="511" />
    <channel service_ref="1:0:25:000d:01ff:02be:01040000:0:0:0:" name="HAWAS TV HD" service_name="HAWAS TV HD" provider="DU" sid="13" onid="702" tsid="511" />
    <channel service_ref="1:0:25:0028:001a:001b:01040000:0:0:0:" name="KTV CH1 HD" service_name="KTV CH1 HD" provider="MOI" sid="40" onid="27" tsid="26" />
    <channel service_ref="1:0:25:006e:001a:001b:01040000:0:0:0:" name="KTV Sport HD" service_name="KTV Sport HD" provider="MOI" sid="110" onid="27" tsid="26" />
    <channel service_ref="1:0:1:0bb8:001a:001a:01040000:0:0:0:" name="MUSAWA HD" service_name="MUSAWA HD" provider="Harmonic" sid="3000" onid="26" tsid="26" />
    <channel service_ref="1:0:1:0b9a:001a:001a:01040000:0:0:0:" name="Palestine HD" service_name="Palestine HD" provider="PALSAT" sid="2970" onid="26" tsid="26" />
    <channel service_ref="1:0:1:08ac:001a:001a:01040000:0:0:0:" name="Palestine Live HD" service_name="Palestine Live HD" provider="PALSAT" sid="2220" onid="26" tsid="26" />
    <channel service_ref="1:0:25:000a:01ff:02be:01040000:0:0:0:" name="PEACE TV HD" service_name="PEACE TV HD" provider="dU" sid="10" onid="702" tsid="511" />
    <channel service_ref="1:0:1:0004:0001:0001:0104af88:0:0:0:" name="Qatar TV HD" service_name="Qatar TV HD" provider="Qatar TV" sid="4" onid="1" tsid="1" />
    <channel service_ref="1:0:25:071b:01fa:02be:01040000:0:0:0:" name="RO`YA HD" service_name="RO`YA HD" provider="JMC" sid="1819" onid="702" tsid="506" />
    <channel service_ref="1:0:25:0029:024e:02be:01040000:0:0:0:" name="Sudan Sport HD" service_name="Sudan Sport HD" provider="Sudan Sport" sid="41" onid="702" tsid="590" />
    <channel service_ref="1:0:25:0014:024e:02be:01040000:0:0:0:" name="Sudania24HD" service_name="Sudania24HD" provider="Sudania24 Group" sid="20" onid="702" tsid="590" />
  </bouquet>
  <bouquet name="International" category="tv">
    <channel service_ref="1:0:1:0017:01fd:02be:01040000:0:0:0:" name="Afrique Media TV" service_name="Afrique Media TV" provider="GLOBECAST" sid="23" onid="702" tsid="509" />
    <channel service_ref="1:0:1:0a2c:001a:02be:01040000:0:0:0:" name="Al EKhbaria" service_name="Al EKhbaria" provider="Arabsat" sid="2604" onid="702" tsid="26" />
    <channel service_ref="1:0:1:000c:01fd:02be:01040000:0:0:0:" name="CNBC Arabiya" service_name="CNBC Arabiya" provider="du" sid="12" onid="702" tsid="509" />
    <channel service_ref="1:0:1:001d:01fd:02be:01040000:0:0:0:" name="CNBC Arabiya R1" service_name="CNBC Arabiya R1" provider="du" sid="29" onid="702" tsid="509" />
    <channel service_ref="1:0:1:000f:01fd:02be:01040000:0:0:0:" name="DW Arabia" service_name="DW Arabia" provider="Deutsche Welle" sid="15" onid="702" tsid="509" />
    <channel service_ref="1:0:1:0006:001a:001b:01040000:0:0:0:" name="KTV AL ARABI" service_name="KTV AL ARABI" provider="MOI" sid="6" onid="27" tsid="26" />
    <channel service_ref="1:0:1:0a29:001a:02be:01040000:0:0:0:" name="Saudi 1" service_name="Saudi 1" provider="Arabsat" sid="2601" onid="702" tsid="26" />
    <channel service_ref="1:0:1:15e1:001a:02be:01040000:0:0:0:" name="Saudi Ch For Quran" service_name="Saudi Ch For Quran" provider="Arabsat" sid="5601" onid="702" tsid="26" />
    <channel service_ref="1:0:1:15e2:001a:02be:01040000:0:0:0:" name="Saudi Ch For Sunnah" service_name="Saudi Ch For Sunnah" provider="Arabsat" sid="5602" onid="702" tsid="26" />
    <channel service_ref="1:0:1:15e3:001a:02be:01040000:0:0:0:" name="SBC" service_name="SBC" provider="Arabsat" sid="5603" onid="702" tsid="26" />
  </bouquet>
  <bouquet name="Others" category="tv">
    <channel service_ref="1:0:1:000b:0320:02be:01040000:0:0:0:" name="Al Aoula Inter" service_name="Al Aoula Inter" provider="SNRT" sid="11" onid="702" tsid="800" />
    <channel service_ref="1:0:1:0001:0320:02be:01040000:0:0:0:" name="Al Aoula Inter HD" service_name="Al Aoula Inter HD" provider="SNRT" sid="1" onid="702" tsid="800" />
    <channel service_ref="1:0:1:000c:001a:0088:01040000:0:0:0:" name="AL BARLEMANIA" service_name="AL BARLEMANIA" provider="TDM" sid="12" onid="136" tsid="26" />
    <channel service_ref="1:0:1:02c5:01fa:02be:01040000:0:0:0:" name="Al Hiwar TV" service_name="Al Hiwar TV" provider="JMC" sid="709" onid="702" tsid="506" />
    <channel service_ref="1:0:1:0009:001a:001b:01040000:0:0:0:" name="AL MAJLIS" service_name="AL MAJLIS" provider="MOI" sid="9" onid="27" tsid="26" />
    <channel service_ref="1:0:1:000f:001a:0088:01040000:0:0:0:" name="AL MOURITANIYA HD" service_name="AL MOURITANIYA HD" provider="" sid="15" onid="136" tsid="26" />
    <channel service_ref="1:0:1:0009:01ff:02be:01040000:0:0:0:" name="ALAAN TV" service_name="ALAAN TV" provider="dU" sid="9" onid="702" tsid="511" />
    <channel service_ref="1:0:25:000c:01ff:02be:01040000:0:0:0:" name="ALAAN TV HD" service_name="ALAAN TV HD" provider="DU" sid="12" onid="702" tsid="511" />
    <channel service_ref="1:0:1:0003:022b:02be:01040000:0:0:0:" name="Alkass one HD" service_name="Alkass one HD" provider="Al Dawri Al Kass" sid="3" onid="702" tsid="555" />
    <channel service_ref="1:0:1:0004:022b:02be:01040000:0:0:0:" name="Alkass two HD" service_name="Alkass two HD" provider="Al Dawri Al Kass" sid="4" onid="702" tsid="555" />
    <channel service_ref="1:0:25:071a:01fa:02be:01040000:0:0:0:" name="Almamlaka TV" service_name="Almamlaka TV" provider="JMC" sid="1818" onid="702" tsid="506" />
    <channel service_ref="1:0:1:0006:001a:0088:01040000:0:0:0:" name="ALMOURABITOUNE" service_name="ALMOURABITOUNE" provider="TDM" sid="6" onid="136" tsid="26" />
    <channel service_ref="1:0:1:0002:01ff:02be:01040000:0:0:0:" name="ARIRANG" service_name="ARIRANG" provider="dU" sid="2" onid="702" tsid="511" />
    <channel service_ref="1:0:1:001c:0320:02be:01040000:0:0:0:" name="Arrabiaa" service_name="Arrabiaa" provider="SNRT" sid="28" onid="702" tsid="800" />
    <channel service_ref="1:0:1:000b:001a:0088:01040000:0:0:0:" name="Arriadia MR" service_name="Arriadia MR" provider="TDM" sid="11" onid="136" tsid="26" />
    <channel service_ref="1:0:1:001e:0320:02be:01040000:0:0:0:" name="Arryadia" service_name="Arryadia" provider="SNRT" sid="30" onid="702" tsid="800" />
    <channel service_ref="1:0:1:001f:0320:02be:01040000:0:0:0:" name="Arryadia HD" service_name="Arryadia HD" provider="SNRT" sid="31" onid="702" tsid="800" />
    <channel service_ref="1:0:1:0004:024e:02be:01040000:0:0:0:" name="ASHOROOQ" service_name="ASHOROOQ" provider="" sid="4" onid="702" tsid="590" />
    <channel service_ref="1:0:1:003c:0320:02be:01040000:0:0:0:" name="Assadissa" service_name="Assadissa" provider="SNRT" sid="60" onid="702" tsid="800" />
    <channel service_ref="1:0:1:000a:001a:0088:01040000:0:0:0:" name="Athagavia MR" service_name="Athagavia MR" provider="SVS" sid="10" onid="136" tsid="26" />
    <channel service_ref="1:0:1:0d2a:001a:001a:01040000:0:0:0:" name="Awdeh" service_name="Awdeh" provider="PALSAT" sid="3370" onid="26" tsid="26" />
    <channel service_ref="1:0:1:0008:001a:0088:01040000:0:0:0:" name="CHINGUIT TV" service_name="CHINGUIT TV" provider="SVS" sid="8" onid="136" tsid="26" />
    <channel service_ref="1:0:25:000b:01ff:02be:01040000:0:0:0:" name="CITRUSS TV HD" service_name="CITRUSS TV HD" provider="Du" sid="11" onid="702" tsid="511" />
    <channel service_ref="1:0:1:0009:001a:0088:01040000:0:0:0:" name="DAVA TV" service_name="DAVA TV" provider="SVS" sid="9" onid="136" tsid="26" />
    <channel service_ref="1:0:1:001e:01ff:02be:01040000:0:0:0:" name="Dubai Holy Quran" service_name="Dubai Holy Quran" provider="du" sid="30" onid="702" tsid="511" />
    <channel service_ref="1:0:1:089b:01fc:02be:01040000:0:0:0:" name="Dubai One" service_name="Dubai One" provider="ETISALAT" sid="2203" onid="702" tsid="508" />
    <channel service_ref="1:0:1:08a2:01fc:02be:01040000:0:0:0:" name="Dubai Racing 2" service_name="Dubai Racing 2" provider="ETISALAT" sid="2210" onid="702" tsid="508" />
    <channel service_ref="1:0:1:017f:01fc:02be:01040000:0:0:0:" name="Dubai TV" service_name="Dubai TV" provider="ETISALAT" sid="383" onid="702" tsid="508" />
    <channel service_ref="1:0:1:08a3:01fc:02be:01040000:0:0:0:" name="Dubai Zaman" service_name="Dubai Zaman" provider="ETISALAT" sid="2211" onid="702" tsid="508" />
    <channel service_ref="1:0:1:0007:001a:0088:01040000:0:0:0:" name="EL MAHADRA" service_name="EL MAHADRA" provider="SVS" sid="7" onid="136" tsid="26" />
    <channel service_ref="1:0:1:0004:001a:0088:01040000:0:0:0:" name="EL WATANIA TV" service_name="EL WATANIA TV" provider="SVS" sid="4" onid="136" tsid="26" />
    <channel service_ref="1:0:1:0001:001a:0088:01040000:0:0:0:" name="ELMOURITANIA" service_name="ELMOURITANIA" provider="TV-MAURITANIE" sid="1" onid="136" tsid="26" />
    <channel service_ref="1:0:1:0002:001a:0088:01040000:0:0:0:" name="ELMOURITANIA 2" service_name="ELMOURITANIA 2" provider="TV MAURITANIE" sid="2" onid="136" tsid="26" />
    <channel service_ref="1:0:1:070b:01fa:02be:01040000:0:0:0:" name="Future TV" service_name="Future TV" provider="JMC" sid="1803" onid="702" tsid="506" />
    <channel service_ref="1:0:25:000d:01ff:02be:01040000:0:0:0:" name="HAWAS TV HD" service_name="HAWAS TV HD" provider="DU" sid="13" onid="702" tsid="511" />
    <channel service_ref="1:0:25:044c:1137:02be:01040000:0:0:0:" name="HD1" service_name="HD1" provider="" sid="1100" onid="702" tsid="4407" />
    <channel service_ref="1:0:25:04b0:1137:02be:01040000:0:0:0:" name="HD2" service_name="HD2" provider="" sid="1200" onid="702" tsid="4407" />
    <channel service_ref="1:0:1:02da:01fa:02be:01040000:0:0:0:" name="Iqra TV" service_name="Iqra TV" provider="JMC" sid="730" onid="702" tsid="506" />
    <channel service_ref="1:0:1:000e:01ff:02be:01040000:0:0:0:" name="JAWNA" service_name="JAWNA" provider="dU" sid="14" onid="702" tsid="511" />
    <channel service_ref="1:0:1:070a:01fa:02be:01040000:0:0:0:" name="Jordan TV" service_name="Jordan TV" provider="JMC" sid="1802" onid="702" tsid="506" />
    <channel service_ref="1:0:1:0001:001a:001b:01040000:0:0:0:" name="KTV CH1" service_name="KTV CH1" provider="MOI" sid="1" onid="27" tsid="26" />
    <channel service_ref="1:0:25:0028:001a:001b:01040000:0:0:0:" name="KTV CH1 HD" service_name="KTV CH1 HD" provider="MOI" sid="40" onid="27" tsid="26" />
    <channel service_ref="1:0:1:0002:001a:001b:01040000:0:0:0:" name="KTV CH2" service_name="KTV CH2" provider="MOI" sid="2" onid="27" tsid="26" />
    <channel service_ref="1:0:1:0003:001a:001b:01040000:0:0:0:" name="KTV S.Plus" service_name="KTV S.Plus" provider="MOI" sid="3" onid="27" tsid="26" />
    <channel service_ref="1:0:1:000c:0320:02be:01040000:0:0:0:" name="Laayoune TV" service_name="Laayoune TV" provider="SNRT" sid="12" onid="702" tsid="800" />
    <channel service_ref="1:0:1:0ba4:001a:001a:01040000:0:0:0:" name="MUSAWA" service_name="MUSAWA" provider="PALSAT" sid="2980" onid="26" tsid="26" />
    <channel service_ref="1:0:1:0bb8:001a:001a:01040000:0:0:0:" name="MUSAWA HD" service_name="MUSAWA HD" provider="Harmonic" sid="3000" onid="26" tsid="26" />
    <channel service_ref="1:0:1:08a0:01fc:02be:01040000:0:0:0:" name="Noor Dubai" service_name="Noor Dubai" provider="ETISALAT" sid="2208" onid="702" tsid="508" />
    <channel service_ref="1:0:1:0d16:001a:001a:01040000:0:0:0:" name="Palestine" service_name="Palestine" provider="PALSAT" sid="3350" onid="26" tsid="26" />
    <channel service_ref="1:0:1:0b9a:001a:001a:01040000:0:0:0:" name="Palestine HD" service_name="Palestine HD" provider="PALSAT" sid="2970" onid="26" tsid="26" />
    <channel service_ref="1:0:1:0d02:001a:001a:01040000:0:0:0:" name="Palestine Live" service_name="Palestine Live" provider="PALSAT" sid="3330" onid="26" tsid="26" />
    <channel service_ref="1:0:1:08ac:001a:001a:01040000:0:0:0:" name="Palestine Live HD" service_name="Palestine Live HD" provider="PALSAT" sid="2220" onid="26" tsid="26" />
    <channel service_ref="1:0:25:000a:01ff:02be:01040000:0:0:0:" name="PEACE TV HD" service_name="PEACE TV HD" provider="dU" sid="10" onid="702" tsid="511" />
    <channel service_ref="1:0:1:0004:0001:0001:0104af88:0:0:0:" name="Qatar TV HD" service_name="Qatar TV HD" provider="Qatar TV" sid="4" onid="1" tsid="1" />
    <channel service_ref="1:0:1:08fc:1137:02be:01040000:0:0:0:" name="Radio1" service_name="Radio1" provider="" sid="2300" onid="702" tsid="4407" />
    <channel service_ref="1:0:25:071b:01fa:02be:01040000:0:0:0:" name="RO`YA HD" service_name="RO`YA HD" provider="JMC" sid="1819" onid="702" tsid="506" />
    <channel service_ref="1:0:1:02d9:01fa:02be:01040000:0:0:0:" name="RTD-Djibouti" service_name="RTD-Djibouti" provider="JMC" sid="729" onid="702" tsid="506" />
    <channel service_ref="1:0:1:0018:01fd:02be:01040000:0:0:0:" name="RTI 1" service_name="RTI 1" provider="RTI 1 PRINCIPAL" sid="24" onid="702" tsid="509" />
    <channel service_ref="1:0:1:0005:024e:02be:01040000:0:0:0:" name="S24" service_name="S24" provider="" sid="5" onid="702" tsid="590" />
    <channel service_ref="1:0:1:0003:001a:0088:01040000:0:0:0:" name="SAHEL TV" service_name="SAHEL TV" provider="TDM" sid="3" onid="136" tsid="26" />
    <channel service_ref="1:0:1:089c:01fc:02be:01040000:0:0:0:" name="Sama Dubai" service_name="Sama Dubai" provider="ETISALAT" sid="2204" onid="702" tsid="508" />
    <channel service_ref="1:0:1:000a:1137:02be:01040000:0:0:0:" name="SD6" service_name="SD6" provider="" sid="10" onid="702" tsid="4407" />
    <channel service_ref="1:0:1:000b:1137:02be:01040000:0:0:0:" name="SD7" service_name="SD7" provider="" sid="11" onid="702" tsid="4407" />
    <channel service_ref="1:0:1:000c:1137:02be:01040000:0:0:0:" name="SD8" service_name="SD8" provider="" sid="12" onid="702" tsid="4407" />
    <channel service_ref="1:0:1:072a:01fa:02be:01040000:0:0:0:" name="SSBC" service_name="SSBC" provider="JMC" sid="1834" onid="702" tsid="506" />
    <channel service_ref="1:0:1:07da:024e:02be:01040000:0:0:0:" name="Sudan" service_name="Sudan" provider="" sid="2010" onid="702" tsid="590" />
    <channel service_ref="1:0:1:005a:024e:02be:01040000:0:0:0:" name="Sudan monwaat" service_name="Sudan monwaat" provider="" sid="90" onid="702" tsid="590" />
    <channel service_ref="1:0:25:0014:024e:02be:01040000:0:0:0:" name="Sudania24HD" service_name="Sudania24HD" provider="Sudania24 Group" sid="20" onid="702" tsid="590" />
    <channel service_ref="1:0:1:0020:0320:02be:01040000:0:0:0:" name="Tamazight" service_name="Tamazight" provider="SNRT" sid="32" onid="702" tsid="800" />
    <channel service_ref="1:0:1:0007:024e:02be:01040000:0:0:0:" name="Tayba TV" service_name="Tayba TV" provider="" sid="7" onid="702" tsid="590" />
    <channel service_ref="1:0:1:0005:001a:0088:01040000:0:0:0:" name="TDM Promotional Channel" service_name="TDM Promotional Channel" provider="TDM" sid="5" onid="136" tsid="26" />
    <channel service_ref="1:0:1:000e:001a:0088:01040000:0:0:0:" name="TV 14" service_name="TV 14" provider="TDM" sid="14" onid="136" tsid="26" />
  </bouquet>
  <bouquet name="PayTV - Sky" category="tv">
    <channel service_ref="1:0:1:000d:01fd:02be:01040000:0:0:0:" name="Sky News Arabia" service_name="Sky News Arabia" provider="Sky News Arabia" sid="13" onid="702" tsid="509" />
    <channel service_ref="1:0:1:0011:01fd:02be:01040000:0:0:0:" name="Sky News Arabia Radio" service_name="Sky News Arabia Radio" provider="Sky News Arabia" sid="17" onid="702" tsid="509" />
  </bouquet>
  <bouquet name="Radio" category="radio">
    <channel service_ref="1:0:2:001d:024e:02be:01040000:0:0:0:" name="Albasira FM" service_name="Albasira FM" provider="" sid="29" onid="702" tsid="590" />
    <channel service_ref="1:0:2:0006:022b:02be:01040000:0:0:0:" name="Alkass Radio 01" service_name="Alkass Radio 01" provider="Al Dawri Al Kass" sid="6" onid="702" tsid="555" />
    <channel service_ref="1:0:2:02ca:01fa:02be:01040000:0:0:0:" name="Amman FM" service_name="Amman FM" provider="JMC" sid="714" onid="702" tsid="506" />
    <channel service_ref="1:0:2:000e:0202:02be:01040000:0:0:0:" name="Arab Class'l 96.9 FM" service_name="Arab Class'l 96.9 FM" provider="Bahrain TV" sid="14" onid="702" tsid="514" />
    <channel service_ref="1:0:2:000f:0202:02be:01040000:0:0:0:" name="Arab'n Gulfradio102.7FM" service_name="Arab'n Gulfradio102.7FM" provider="Bahrain TV" sid="15" onid="702" tsid="514" />
    <channel service_ref="1:0:2:002f:01fd:02be:01040000:0:0:0:" name="BBC Horn of Africa" service_name="BBC Horn of Africa" provider="BBC World Service" sid="47" onid="702" tsid="509" />
    <channel service_ref="1:0:2:002d:01fd:02be:01040000:0:0:0:" name="BBC World Service Arabic" service_name="BBC World Service Arabic" provider="BBC World Service" sid="45" onid="702" tsid="509" />
    <channel service_ref="1:0:2:002e:01fd:02be:01040000:0:0:0:" name="BBC World Service English Middle East" service_name="BBC World Service English Middle East" provider="BBC World Service" sid="46" onid="702" tsid="509" />
    <channel service_ref="1:0:2:002f:024e:02be:01040000:0:0:0:" name="Beladi Sudan" service_name="Beladi Sudan" provider="" sid="47" onid="702" tsid="590" />
    <channel service_ref="1:0:2:0011:024e:02be:01040000:0:0:0:" name="BLADI SUDAN" service_name="BLADI SUDAN" provider="" sid="17" onid="702" tsid="590" />
    <channel service_ref="1:0:2:000c:024e:02be:01040000:0:0:0:" name="Darfur FM" service_name="Darfur FM" provider="" sid="12" onid="702" tsid="590" />
    <channel service_ref="1:0:2:072d:01fa:02be:01040000:0:0:0:" name="DJIBOUTI R1" service_name="DJIBOUTI R1" provider="JMC" sid="1837" onid="702" tsid="506" />
    <channel service_ref="1:0:2:072e:01fa:02be:01040000:0:0:0:" name="DJIBOUTI R2" service_name="DJIBOUTI R2" provider="JMC" sid="1838" onid="702" tsid="506" />
    <channel service_ref="1:0:2:072f:01fa:02be:01040000:0:0:0:" name="DJIBOUTI R3" service_name="DJIBOUTI R3" provider="JMC" sid="1839" onid="702" tsid="506" />
    <channel service_ref="1:0:2:002c:01fd:02be:01040000:0:0:0:" name="DW A2" service_name="DW A2" provider="Deutsche Welle" sid="44" onid="702" tsid="509" />
    <channel service_ref="1:0:2:0a3f:001a:02be:01040000:0:0:0:" name="European Radio" service_name="European Radio" provider="Arabsat" sid="2623" onid="702" tsid="26" />
    <channel service_ref="1:0:2:000a:024e:02be:01040000:0:0:0:" name="FM-100" service_name="FM-100" provider="" sid="10" onid="702" tsid="590" />
    <channel service_ref="1:0:2:000b:0202:02be:01040000:0:0:0:" name="Holy Quran ch 106.1 FM" service_name="Holy Quran ch 106.1 FM" provider="Bahrain TV" sid="11" onid="702" tsid="514" />
    <channel service_ref="1:0:2:0a3c:001a:02be:01040000:0:0:0:" name="Holy Quran Radio" service_name="Holy Quran Radio" provider="Arabsat" sid="2620" onid="702" tsid="26" />
    <channel service_ref="1:0:2:02ce:01fa:02be:01040000:0:0:0:" name="Jordan Radio Foreign" service_name="Jordan Radio Foreign" provider="jmc" sid="718" onid="702" tsid="506" />
    <channel service_ref="1:0:2:000b:001a:001b:01040000:0:0:0:" name="Kuwait Classical" service_name="Kuwait Classical" provider="Kuwait Radio" sid="11" onid="27" tsid="26" />
    <channel service_ref="1:0:2:000f:001a:001b:01040000:0:0:0:" name="Kuwait FM" service_name="Kuwait FM" provider="Kuwait Radio" sid="15" onid="27" tsid="26" />
    <channel service_ref="1:0:2:000c:001a:001b:01040000:0:0:0:" name="Kuwait Shaabyia" service_name="Kuwait Shaabyia" provider="Kuwait Radio" sid="12" onid="27" tsid="26" />
    <channel service_ref="1:0:2:000a:001a:001b:01040000:0:0:0:" name="Kuwait Super" service_name="Kuwait Super" provider="Kuwait Radio" sid="10" onid="27" tsid="26" />
    <channel service_ref="1:0:2:000e:001a:001b:01040000:0:0:0:" name="Kuwait_Radio_1" service_name="Kuwait_Radio_1" provider="Kuwait Radio" sid="14" onid="27" tsid="26" />
    <channel service_ref="1:0:2:0037:001a:0088:01040000:0:0:0:" name="MFM MAURITANID" service_name="MFM MAURITANID" provider="" sid="55" onid="136" tsid="26" />
    <channel service_ref="1:0:2:0a41:001a:02be:01040000:0:0:0:" name="Nedaa El Islam" service_name="Nedaa El Islam" provider="Arabsat" sid="2625" onid="702" tsid="26" />
    <channel service_ref="1:0:2:000d:001a:001b:01040000:0:0:0:" name="OFM" service_name="OFM" provider="Kuwait Radio" sid="13" onid="27" tsid="26" />
    <channel service_ref="1:0:2:000b:024e:02be:01040000:0:0:0:" name="Omdurman Radio" service_name="Omdurman Radio" provider="" sid="11" onid="702" tsid="590" />
    <channel service_ref="1:0:2:002e:024e:02be:01040000:0:0:0:" name="OUS-Sudan" service_name="OUS-Sudan" provider="" sid="46" onid="702" tsid="590" />
    <channel service_ref="1:0:2:138b:001a:001a:01040000:0:0:0:" name="Palestine Quraan" service_name="Palestine Quraan" provider="PALSAT" sid="5003" onid="26" tsid="26" />
    <channel service_ref="1:0:2:000b:0001:0001:0104af88:0:0:0:" name="Qatar Oryx Radio" service_name="Qatar Oryx Radio" provider="Qatar TV" sid="11" onid="1" tsid="1" />
    <channel service_ref="1:0:2:000c:0001:0001:0104af88:0:0:0:" name="Qatar QBS Radio" service_name="Qatar QBS Radio" provider="Qatar TV" sid="12" onid="1" tsid="1" />
    <channel service_ref="1:0:2:000a:0001:0001:0104af88:0:0:0:" name="Qatar R Quran" service_name="Qatar R Quran" provider="Qatar TV" sid="10" onid="1" tsid="1" />
    <channel service_ref="1:0:2:000f:0001:0001:0104af88:0:0:0:" name="Qatar Radio" service_name="Qatar Radio" provider="Qatar TV" sid="15" onid="1" tsid="1" />
    <channel service_ref="1:0:2:000d:0001:0001:0104af88:0:0:0:" name="Qatar Urdu Radio" service_name="Qatar Urdu Radio" provider="Qatar TV" sid="13" onid="1" tsid="1" />
    <channel service_ref="1:0:2:000f:024e:02be:01040000:0:0:0:" name="Quran Omdurman" service_name="Quran Omdurman" provider="" sid="15" onid="702" tsid="590" />
    <channel service_ref="1:0:2:00ed:001a:0088:01040000:0:0:0:" name="R Nouakchott" service_name="R Nouakchott" provider="TDM" sid="237" onid="136" tsid="26" />
    <channel service_ref="1:0:2:001b:1137:02be:01040000:0:0:0:" name="R- Tunisie Culture" service_name="R- Tunisie Culture" provider="" sid="27" onid="702" tsid="4407" />
    <channel service_ref="1:0:2:001a:1137:02be:01040000:0:0:0:" name="R- Tunisie Internationale" service_name="R- Tunisie Internationale" provider="" sid="26" onid="702" tsid="4407" />
    <channel service_ref="1:0:2:000d:1137:02be:01040000:0:0:0:" name="R- Tunisie Nationale" service_name="R- Tunisie Nationale" provider="" sid="13" onid="702" tsid="4407" />
    <channel service_ref="1:0:2:00f0:001a:0088:01040000:0:0:0:" name="Radio 10 test" service_name="Radio 10 test" provider="TDM" sid="240" onid="136" tsid="26" />
    <channel service_ref="1:0:2:00f1:001a:0088:01040000:0:0:0:" name="Radio 11 test" service_name="Radio 11 test" provider="TDM" sid="241" onid="136" tsid="26" />
    <channel service_ref="1:0:2:00f2:001a:0088:01040000:0:0:0:" name="Radio 12 test" service_name="Radio 12 test" provider="TDM" sid="242" onid="136" tsid="26" />
    <channel service_ref="1:0:2:00f3:001a:0088:01040000:0:0:0:" name="Radio 13 test" service_name="Radio 13 test" provider="TDM" sid="243" onid="136" tsid="26" />
    <channel service_ref="1:0:2:00f4:001a:0088:01040000:0:0:0:" name="Radio 14 test" service_name="Radio 14 test" provider="TDM" sid="244" onid="136" tsid="26" />
    <channel service_ref="1:0:2:00f5:001a:0088:01040000:0:0:0:" name="Radio 15 test" service_name="Radio 15 test" provider="TDM" sid="245" onid="136" tsid="26" />
    <channel service_ref="1:0:2:0a40:001a:02be:01040000:0:0:0:" name="Radio 5" service_name="Radio 5" provider="Arabsat" sid="2624" onid="702" tsid="26" />
    <channel service_ref="1:0:2:00ee:001a:0088:01040000:0:0:0:" name="Radio 8 test" service_name="Radio 8 test" provider="TDM" sid="238" onid="136" tsid="26" />
    <channel service_ref="1:0:2:00ef:001a:0088:01040000:0:0:0:" name="Radio 9 test" service_name="Radio 9 test" provider="TDM" sid="239" onid="136" tsid="26" />
    <channel service_ref="1:0:2:005c:0320:02be:01040000:0:0:0:" name="Radio Amazigh" service_name="Radio Amazigh" provider="SNRT" sid="92" onid="702" tsid="800" />
    <channel service_ref="1:0:2:000d:0202:02be:01040000:0:0:0:" name="Radio Bah 96.5 FM" service_name="Radio Bah 96.5 FM" provider="Bahrain TV" sid="13" onid="702" tsid="514" />
    <channel service_ref="1:0:2:0035:001a:0088:01040000:0:0:0:" name="RADIO CORAN" service_name="RADIO CORAN" provider="TDM" sid="53" onid="136" tsid="26" />
    <channel service_ref="1:0:2:005b:0320:02be:01040000:0:0:0:" name="Radio Inter" service_name="Radio Inter" provider="SNRT" sid="91" onid="702" tsid="800" />
    <channel service_ref="1:0:2:0036:001a:0088:01040000:0:0:0:" name="RADIO JEUNESSE" service_name="RADIO JEUNESSE" provider="" sid="54" onid="136" tsid="26" />
    <channel service_ref="1:0:2:003a:001a:0088:01040000:0:0:0:" name="RADIO KOUBENI" service_name="RADIO KOUBENI" provider="TDM" sid="58" onid="136" tsid="26" />
    <channel service_ref="1:0:2:0034:001a:0088:01040000:0:0:0:" name="RADIO MAURITANIE" service_name="RADIO MAURITANIE" provider="" sid="52" onid="136" tsid="26" />
    <channel service_ref="1:0:2:005d:0320:02be:01040000:0:0:0:" name="Radio Med VI" service_name="Radio Med VI" provider="SNRT" sid="93" onid="702" tsid="800" />
    <channel service_ref="1:0:2:005a:0320:02be:01040000:0:0:0:" name="Radio Nationale" service_name="Radio Nationale" provider="SNRT" sid="90" onid="702" tsid="800" />
    <channel service_ref="1:0:2:02d6:01fa:02be:01040000:0:0:0:" name="Radio Orient" service_name="Radio Orient" provider="JMC" sid="726" onid="702" tsid="506" />
    <channel service_ref="1:0:2:0c80:1137:02be:01040000:0:0:0:" name="Radio10" service_name="Radio10" provider="" sid="3200" onid="702" tsid="4407" />
    <channel service_ref="1:0:2:0ce4:1137:02be:01040000:0:0:0:" name="Radio11" service_name="Radio11" provider="" sid="3300" onid="702" tsid="4407" />
    <channel service_ref="1:0:2:0d48:1137:02be:01040000:0:0:0:" name="Radio12" service_name="Radio12" provider="" sid="3400" onid="702" tsid="4407" />
    <channel service_ref="1:0:2:001c:1137:02be:01040000:0:0:0:" name="Radio16" service_name="Radio16" provider="" sid="28" onid="702" tsid="4407" />
    <channel service_ref="1:0:2:001d:1137:02be:01040000:0:0:0:" name="Radio17" service_name="Radio17" provider="" sid="29" onid="702" tsid="4407" />
    <channel service_ref="1:0:2:001e:1137:02be:01040000:0:0:0:" name="Radio18" service_name="Radio18" provider="" sid="30" onid="702" tsid="4407" />
    <channel service_ref="1:0:2:001f:1137:02be:01040000:0:0:0:" name="Radio19" service_name="Radio19" provider="" sid="31" onid="702" tsid="4407" />
    <channel service_ref="1:0:2:03c0:1137:02be:01040000:0:0:0:" name="Radio2" service_name="Radio2" provider="" sid="960" onid="702" tsid="4407" />
    <channel service_ref="1:0:2:000e:1137:02be:01040000:0:0:0:" name="Radio20" service_name="Radio20" provider="" sid="14" onid="702" tsid="4407" />
    <channel service_ref="1:0:2:000f:1137:02be:01040000:0:0:0:" name="Radio21" service_name="Radio21" provider="" sid="15" onid="702" tsid="4407" />
    <channel service_ref="1:0:2:046a:1137:02be:01040000:0:0:0:" name="Radio22" service_name="Radio22" provider="" sid="1130" onid="702" tsid="4407" />
    <channel service_ref="1:0:2:04aa:1137:02be:01040000:0:0:0:" name="Radio23" service_name="Radio23" provider="" sid="1194" onid="702" tsid="4407" />
    <channel service_ref="1:0:2:11f8:1137:02be:01040000:0:0:0:" name="Radio24" service_name="Radio24" provider="" sid="4600" onid="702" tsid="4407" />
    <channel service_ref="1:0:2:09c4:1137:02be:01040000:0:0:0:" name="Radio3" service_name="Radio3" provider="" sid="2500" onid="702" tsid="4407" />
    <channel service_ref="1:0:2:0a28:1137:02be:01040000:0:0:0:" name="Radio4" service_name="Radio4" provider="" sid="2600" onid="702" tsid="4407" />
    <channel service_ref="1:0:2:0a8c:1137:02be:01040000:0:0:0:" name="Radio5" service_name="Radio5" provider="" sid="2700" onid="702" tsid="4407" />
    <channel service_ref="1:0:2:0af0:1137:02be:01040000:0:0:0:" name="Radio6" service_name="Radio6" provider="" sid="2800" onid="702" tsid="4407" />
    <channel service_ref="1:0:2:0b54:1137:02be:01040000:0:0:0:" name="Radio7" service_name="Radio7" provider="" sid="2900" onid="702" tsid="4407" />
    <channel service_ref="1:0:2:0bb8:1137:02be:01040000:0:0:0:" name="Radio8" service_name="Radio8" provider="" sid="3000" onid="702" tsid="4407" />
    <channel service_ref="1:0:2:0c1c:1137:02be:01040000:0:0:0:" name="Radio9" service_name="Radio9" provider="" sid="3100" onid="702" tsid="4407" />
    <channel service_ref="1:0:2:001f:024e:02be:01040000:0:0:0:" name="Radio_011" service_name="Radio_011" provider="" sid="31" onid="702" tsid="590" />
    <channel service_ref="1:0:2:000e:024e:02be:01040000:0:0:0:" name="Radio_012" service_name="Radio_012" provider="" sid="14" onid="702" tsid="590" />
    <channel service_ref="1:0:2:0013:024e:02be:01040000:0:0:0:" name="Radio_017" service_name="Radio_017" provider="" sid="19" onid="702" tsid="590" />
    <channel service_ref="1:0:2:001a:024e:02be:01040000:0:0:0:" name="Radio_018" service_name="Radio_018" provider="" sid="26" onid="702" tsid="590" />
    <channel service_ref="1:0:2:001b:024e:02be:01040000:0:0:0:" name="Radio_019" service_name="Radio_019" provider="" sid="27" onid="702" tsid="590" />
    <channel service_ref="1:0:2:001c:024e:02be:01040000:0:0:0:" name="Radio_020" service_name="Radio_020" provider="" sid="28" onid="702" tsid="590" />
    <channel service_ref="1:0:2:001e:024e:02be:01040000:0:0:0:" name="Radio_028" service_name="Radio_028" provider="" sid="30" onid="702" tsid="590" />
    <channel service_ref="1:0:2:0015:01fd:02be:01040000:0:0:0:" name="RMC Doualia" service_name="RMC Doualia" provider="GLOBECAST" sid="21" onid="702" tsid="509" />
    <channel service_ref="1:0:2:0039:001a:0088:01040000:0:0:0:" name="SAHARA MEDIA" service_name="SAHARA MEDIA" provider="TDM" sid="57" onid="136" tsid="26" />
    <channel service_ref="1:0:2:0012:024e:02be:01040000:0:0:0:" name="Sahiroon" service_name="Sahiroon" provider="" sid="18" onid="702" tsid="590" />
    <channel service_ref="1:0:2:0a3d:001a:02be:01040000:0:0:0:" name="Saudi Radio 1" service_name="Saudi Radio 1" provider="Arabsat" sid="2621" onid="702" tsid="26" />
    <channel service_ref="1:0:2:0a3e:001a:02be:01040000:0:0:0:" name="Saudi Radio 2" service_name="Saudi Radio 2" provider="Arabsat" sid="2622" onid="702" tsid="26" />
    <channel service_ref="1:0:2:0010:024e:02be:01040000:0:0:0:" name="Sports FM104" service_name="Sports FM104" provider="" sid="16" onid="702" tsid="590" />
    <channel service_ref="1:0:2:02dc:01fa:02be:01040000:0:0:0:" name="SSBC RADIO" service_name="SSBC RADIO" provider="JMC" sid="732" onid="702" tsid="506" />
    <channel service_ref="1:0:2:000c:0202:02be:01040000:0:0:0:" name="Trad'l Music 95.0FM" service_name="Trad'l Music 95.0FM" provider="Bahrain TV" sid="12" onid="702" tsid="514" />
    <channel service_ref="1:0:2:056d:001a:001a:01040000:0:0:0:" name="Voice of Palestine" service_name="Voice of Palestine" provider="PALSAT" sid="1389" onid="26" tsid="26" />
    <channel service_ref="1:0:2:002a:01fd:02be:01040000:0:0:0:" name="WRN (Sawt Al Alam) R1" service_name="WRN (Sawt Al Alam) R1" provider="Globecast" sid="42" onid="702" tsid="509" />
  </bouquet>
  <bouquet name="Radio - International" category="radio">
    <channel service_ref="1:0:2:000e:0202:02be:01040000:0:0:0:" name="Arab Class'l 96.9 FM" service_name="Arab Class'l 96.9 FM" provider="Bahrain TV" sid="14" onid="702" tsid="514" />
    <channel service_ref="1:0:2:000f:0202:02be:01040000:0:0:0:" name="Arab'n Gulfradio102.7FM" service_name="Arab'n Gulfradio102.7FM" provider="Bahrain TV" sid="15" onid="702" tsid="514" />
    <channel service_ref="1:0:2:002f:01fd:02be:01040000:0:0:0:" name="BBC Horn of Africa" service_name="BBC Horn of Africa" provider="BBC World Service" sid="47" onid="702" tsid="509" />
    <channel service_ref="1:0:2:002d:01fd:02be:01040000:0:0:0:" name="BBC World Service Arabic" service_name="BBC World Service Arabic" provider="BBC World Service" sid="45" onid="702" tsid="509" />
    <channel service_ref="1:0:2:002e:01fd:02be:01040000:0:0:0:" name="BBC World Service English Middle East" service_name="BBC World Service English Middle East" provider="BBC World Service" sid="46" onid="702" tsid="509" />
    <channel service_ref="1:0:2:000b:0202:02be:01040000:0:0:0:" name="Holy Quran ch 106.1 FM" service_name="Holy Quran ch 106.1 FM" provider="Bahrain TV" sid="11" onid="702" tsid="514" />
    <channel service_ref="1:0:2:000d:0202:02be:01040000:0:0:0:" name="Radio Bah 96.5 FM" service_name="Radio Bah 96.5 FM" provider="Bahrain TV" sid="13" onid="702" tsid="514" />
    <channel service_ref="1:0:2:000c:0202:02be:01040000:0:0:0:" name="Trad'l Music 95.0FM" service_name="Trad'l Music 95.0FM" provider="Bahrain TV" sid="12" onid="702" tsid="514" />
  </bouquet>
  <bouquet name="Radio - Music" category="radio">
    <channel service_ref="1:0:2:001d:024e:02be:01040000:0:0:0:" name="Albasira FM" service_name="Albasira FM" provider="" sid="29" onid="702" tsid="590" />
    <channel service_ref="1:0:2:02ca:01fa:02be:01040000:0:0:0:" name="Amman FM" service_name="Amman FM" provider="JMC" sid="714" onid="702" tsid="506" />
    <channel service_ref="1:0:2:000e:0202:02be:01040000:0:0:0:" name="Arab Class'l 96.9 FM" service_name="Arab Class'l 96.9 FM" provider="Bahrain TV" sid="14" onid="702" tsid="514" />
    <channel service_ref="1:0:2:000f:0202:02be:01040000:0:0:0:" name="Arab'n Gulfradio102.7FM" service_name="Arab'n Gulfradio102.7FM" provider="Bahrain TV" sid="15" onid="702" tsid="514" />
    <channel service_ref="1:0:2:000c:024e:02be:01040000:0:0:0:" name="Darfur FM" service_name="Darfur FM" provider="" sid="12" onid="702" tsid="590" />
    <channel service_ref="1:0:2:000a:024e:02be:01040000:0:0:0:" name="FM-100" service_name="FM-100" provider="" sid="10" onid="702" tsid="590" />
    <channel service_ref="1:0:2:000b:0202:02be:01040000:0:0:0:" name="Holy Quran ch 106.1 FM" service_name="Holy Quran ch 106.1 FM" provider="Bahrain TV" sid="11" onid="702" tsid="514" />
    <channel service_ref="1:0:2:000f:001a:001b:01040000:0:0:0:" name="Kuwait FM" service_name="Kuwait FM" provider="Kuwait Radio" sid="15" onid="27" tsid="26" />
    <channel service_ref="1:0:2:0037:001a:0088:01040000:0:0:0:" name="MFM MAURITANID" service_name="MFM MAURITANID" provider="" sid="55" onid="136" tsid="26" />
    <channel service_ref="1:0:2:000d:001a:001b:01040000:0:0:0:" name="OFM" service_name="OFM" provider="Kuwait Radio" sid="13" onid="27" tsid="26" />
    <channel service_ref="1:0:2:000d:0202:02be:01040000:0:0:0:" name="Radio Bah 96.5 FM" service_name="Radio Bah 96.5 FM" provider="Bahrain TV" sid="13" onid="702" tsid="514" />
    <channel service_ref="1:0:2:0010:024e:02be:01040000:0:0:0:" name="Sports FM104" service_name="Sports FM104" provider="" sid="16" onid="702" tsid="590" />
    <channel service_ref="1:0:2:000c:0202:02be:01040000:0:0:0:" name="Trad'l Music 95.0FM" service_name="Trad'l Music 95.0FM" provider="Bahrain TV" sid="12" onid="702" tsid="514" />
  </bouquet>
  <bouquet name="Radio - News" category="radio">
    <channel service_ref="1:0:2:002f:01fd:02be:01040000:0:0:0:" name="BBC Horn of Africa" service_name="BBC Horn of Africa" provider="BBC World Service" sid="47" onid="702" tsid="509" />
    <channel service_ref="1:0:2:002d:01fd:02be:01040000:0:0:0:" name="BBC World Service Arabic" service_name="BBC World Service Arabic" provider="BBC World Service" sid="45" onid="702" tsid="509" />
    <channel service_ref="1:0:2:002e:01fd:02be:01040000:0:0:0:" name="BBC World Service English Middle East" service_name="BBC World Service English Middle East" provider="BBC World Service" sid="46" onid="702" tsid="509" />
  </bouquet>
  <bouquet name="Radio - Regional" category="radio">
    <channel service_ref="1:0:2:000e:0202:02be:01040000:0:0:0:" name="Arab Class'l 96.9 FM" service_name="Arab Class'l 96.9 FM" provider="Bahrain TV" sid="14" onid="702" tsid="514" />
    <channel service_ref="1:0:2:000f:0202:02be:01040000:0:0:0:" name="Arab'n Gulfradio102.7FM" service_name="Arab'n Gulfradio102.7FM" provider="Bahrain TV" sid="15" onid="702" tsid="514" />
    <channel service_ref="1:0:2:000b:0202:02be:01040000:0:0:0:" name="Holy Quran ch 106.1 FM" service_name="Holy Quran ch 106.1 FM" provider="Bahrain TV" sid="11" onid="702" tsid="514" />
    <channel service_ref="1:0:2:000d:0202:02be:01040000:0:0:0:" name="Radio Bah 96.5 FM" service_name="Radio Bah 96.5 FM" provider="Bahrain TV" sid="13" onid="702" tsid="514" />
    <channel service_ref="1:0:2:000c:0202:02be:01040000:0:0:0:" name="Trad'l Music 95.0FM" service_name="Trad'l Music 95.0FM" provider="Bahrain TV" sid="12" onid="702" tsid="514" />
  </bouquet>
</zapit>
