<?xml version='1.0' encoding='utf-8'?>
<zapit api="4">
  <terrestrials>
    <terrestrial key="eeee0000:0039:217c" name="BeS" namespace="0xeeee0000">
      <transponder key="eeee0000:0039:217c" frequency="762000000" symbol_rate="0" polarization="H" fec="6" system="0" modulation="0">
        <service id="0x00e1" sid="225" name="225 TV" type="22" provider="BeS" onid="8572" tsid="57" namespace="0xeeee0000" />
        <service id="0x00e2" sid="226" name="249 SPORT" type="22" provider="BeS" onid="8572" tsid="57" namespace="0xeeee0000" />
        <service id="0x009d" sid="157" name="AMICI NETWORK" type="1" provider="BeS" onid="8572" tsid="57" namespace="0xeeee0000" />
        <service id="0x009b" sid="155" name="Amici per L'Italia" type="1" provider="BeS" onid="8572" tsid="57" namespace="0xeeee0000" />
        <service id="0x1c2f" sid="7215" name="ARTE INVESTIMENTI" type="1" provider="BeS" onid="8572" tsid="57" namespace="0xeeee0000" />
        <service id="0x1c1f" sid="7199" name="BFC" type="1" provider="BeS" onid="8572" tsid="57" namespace="0xeeee0000" />
        <service id="0x1c20" sid="7200" name="BIKE" type="1" provider="BeS" onid="8572" tsid="57" namespace="0xeeee0000" />
        <service id="0x0005" sid="5" name="Capri Casino'" type="1" provider="BeS" onid="8572" tsid="57" namespace="0xeeee0000" />
        <service id="0x00f7" sid="247" name="Capri Fashion" type="1" provider="BeS" onid="8572" tsid="57" namespace="0xeeee0000" />
        <service id="0x00bf" sid="191" name="CHANNEL 401" type="1" provider="BeS" onid="8572" tsid="57" namespace="0xeeee0000" />
        <service id="0x003d" sid="61" name="EPIQA" type="1" provider="BeS" onid="8572" tsid="57" namespace="0xeeee0000" />
        <service id="0x033c" sid="828" name="IT CHANNEL" type="25" provider="BeS" onid="8572" tsid="57" namespace="0xeeee0000" />
        <service id="0x033d" sid="829" name="IT CHANNEL" type="25" provider="BeS" onid="8572" tsid="57" namespace="0xeeee0000" />
        <service id="0x009c" sid="156" name="ITALIA SERA" type="1" provider="BeS" onid="8572" tsid="57" namespace="0xeeee0000" />
        <service id="0x00f6" sid="246" name="LA 9 HD" type="1" provider="BeS" onid="8572" tsid="57" namespace="0xeeee0000" />
        <service id="0x00fe" sid="254" name="La Grande Italia" type="1" provider="BeS" onid="8572" tsid="57" namespace="0xeeee0000" />
        <service id="0x03e9" sid="1001" name="LCN82" type="1" provider="BeS" onid="8572" tsid="57" namespace="0xeeee0000" />
        <service id="0x0141" sid="321" name="ODEON 24" type="1" provider="BeS" onid="8572" tsid="57" namespace="0xeeee0000" />
        <service id="0x1c1a" sid="7194" name="PREMIO LIVE" type="1" provider="BeS" onid="8572" tsid="57" namespace="0xeeee0000" />
        <service id="0x1c2a" sid="7210" name="PREMIO SPORT" type="1" provider="BeS" onid="8572" tsid="57" namespace="0xeeee0000" />
        <service id="0x00a3" sid="163" name="RETECAPRI" type="1" provider="BeS" onid="8572" tsid="57" namespace="0xeeee0000" />
        <service id="0x00e3" sid="227" name="TV1" type="22" provider="BeS" onid="8572" tsid="57" namespace="0xeeee0000" />
        <service id="0x1c25" sid="7205" name="WELCOME TV" type="1" provider="BeS" onid="8572" tsid="57" namespace="0xeeee0000" />
        <service id="0x000a" sid="10" name="Radio Capri" type="2" provider="BeS" onid="8572" tsid="57" namespace="0xeeee0000" radio="1" />
        <service id="0x000b" sid="11" name="RADIO CAPRI" type="2" provider="BeS" onid="8572" tsid="57" namespace="0xeeee0000" radio="1" />
      </transponder>
    </terrestrial>
  </terrestrials>
</zapit>
