<?xml version='1.0' encoding='utf-8'?>
<zapit api="4">
  <satellites>
    <satellite key="0d483116:0065:0001" name="Sat-20W" namespace="0x0d483116" position="-20">
      <transponder key="0d483116:0065:0001" frequency="12566000" symbol_rate="2083000" polarization="H" fec="2" system="0" modulation="0">
        <service id="0x006a" sid="106" name="BBC World News" type="25" provider="" onid="1" tsid="101" namespace="0x0d483116" />
        <service id="0x002a" sid="42" name="MSNBC" type="25" provider="" onid="1" tsid="101" namespace="0x0d483116" />
      </transponder>
    </satellite>
  </satellites>
</zapit>
