<?xml version='1.0' encoding='utf-8'?>
<zapit>
  <bouquet name="General" category="tv">
    <channel service_ref="1:0:1:0001:0001:ff01:01f42d5e:0:0:0:" name="TURKSAT TANITIM SD" service_name="TURKSAT TANITIM SD" provider="TURKSAT" sid="1" onid="65281" tsid="1" />
    <channel service_ref="1:0:1:0001:0001:ff01:01f42da8:0:0:0:" name="TURKSAT TANITIM SD" service_name="TURKSAT TANITIM SD" provider="TURKSAT" sid="1" onid="65281" tsid="1" />
    <channel service_ref="1:0:1:0001:0001:ff01:01f4abbe:0:0:0:" name="TURKSAT TANITIM SD" service_name="TURKSAT TANITIM SD" provider="TURKSAT" sid="1" onid="65281" tsid="1" />
  </bouquet>
  <bouquet name="Resolution - SD" category="tv">
    <channel service_ref="1:0:1:0001:0001:ff01:01f42d5e:0:0:0:" name="TURKSAT TANITIM SD" service_name="TURKSAT TANITIM SD" provider="TURKSAT" sid="1" onid="65281" tsid="1" />
    <channel service_ref="1:0:1:0001:0001:ff01:01f42da8:0:0:0:" name="TURKSAT TANITIM SD" service_name="TURKSAT TANITIM SD" provider="TURKSAT" sid="1" onid="65281" tsid="1" />
    <channel service_ref="1:0:1:0001:0001:ff01:01f4abbe:0:0:0:" name="TURKSAT TANITIM SD" service_name="TURKSAT TANITIM SD" provider="TURKSAT" sid="1" onid="65281" tsid="1" />
  </bouquet>
  <bouquet name="International" category="tv">
    <channel service_ref="1:0:1:0001:0001:ff01:01f42d5e:0:0:0:" name="TURKSAT TANITIM SD" service_name="TURKSAT TANITIM SD" provider="TURKSAT" sid="1" onid="65281" tsid="1" />
    <channel service_ref="1:0:1:0001:0001:ff01:01f42da8:0:0:0:" name="TURKSAT TANITIM SD" service_name="TURKSAT TANITIM SD" provider="TURKSAT" sid="1" onid="65281" tsid="1" />
    <channel service_ref="1:0:1:0001:0001:ff01:01f4abbe:0:0:0:" name="TURKSAT TANITIM SD" service_name="TURKSAT TANITIM SD" provider="TURKSAT" sid="1" onid="65281" tsid="1" />
  </bouquet>
</zapit>
