<?xml version='1.0' encoding='utf-8'?>
<zapit api="4">
  <terrestrials>
    <terrestrial key="eeee0000:272b:217c" name="TELECOLOR" namespace="0xeeee0000">
      <transponder key="eeee0000:272b:217c" frequency="634000000" symbol_rate="0" polarization="H" fec="5" system="0" modulation="4">
        <service id="0x0ffa" sid="4090" name="72 LOMBARDIA" type="1" provider="TELECOLOR" onid="8572" tsid="10027" namespace="0xeeee0000" />
        <service id="0x0ff8" sid="4088" name="96" type="1" provider="TELECOLOR" onid="8572" tsid="10027" namespace="0xeeee0000" />
        <service id="0x0fd2" sid="4050" name="MilanoPaviaTV" type="1" provider="TELECOLOR" onid="8572" tsid="10027" namespace="0xeeee0000" />
        <service id="0x0fd6" sid="4054" name="PRIMARETE" type="1" provider="TELECOLOR" onid="8572" tsid="10027" namespace="0xeeee0000" />
        <service id="0x0fda" sid="4058" name="Primarete" type="1" provider="TELECOLOR" onid="8572" tsid="10027" namespace="0xeeee0000" />
        <service id="0x0005" sid="5" name="Salute e Natura" type="1" provider="TELECOLOR" onid="8572" tsid="10027" namespace="0xeeee0000" />
        <service id="0x0fd4" sid="4052" name="Telecolor" type="1" provider="TELECOLOR" onid="8572" tsid="10027" namespace="0xeeee0000" />
        <service id="0x0fde" sid="4062" name="TELECOLOR HD" type="1" provider="TELECOLOR" onid="8572" tsid="10027" namespace="0xeeee0000" />
        <service id="0x0feb" sid="4075" name="telePAVIA" type="1" provider="TELECOLOR" onid="8572" tsid="10027" namespace="0xeeee0000" />
        <service id="0x0fd5" sid="4053" name="Telereporter" type="1" provider="TELECOLOR" onid="8572" tsid="10027" namespace="0xeeee0000" />
        <service id="0x0fd7" sid="4055" name="Telereporter HD" type="1" provider="TELECOLOR" onid="8572" tsid="10027" namespace="0xeeee0000" />
        <service id="0x0fdf" sid="4063" name="TRS 93" type="1" provider="TELECOLOR" onid="8572" tsid="10027" namespace="0xeeee0000" />
        <service id="0x0fe2" sid="4066" name="TRS HD 93" type="1" provider="TELECOLOR" onid="8572" tsid="10027" namespace="0xeeee0000" />
      </transponder>
    </terrestrial>
  </terrestrials>
</zapit>
