<?xml version='1.0' encoding='utf-8'?>
<zapit>
  <bouquet name="General" category="tv">
    <channel service_ref="1:0:1:0001:83f1:217c:eeee0000:0:0:0:" name="CANALE 21" service_name="CANALE 21" provider="Napoli Canale 21" sid="1" onid="8572" tsid="33777" />
    <channel service_ref="1:0:1:0008:83f1:217c:eeee0000:0:0:0:" name="CANALE 21" service_name="CANALE 21" provider="Napoli Canale 21" sid="8" onid="8572" tsid="33777" />
    <channel service_ref="1:0:1:000a:83f1:217c:eeee0000:0:0:0:" name="CANALE 21" service_name="CANALE 21" provider="Napoli Canale 21" sid="10" onid="8572" tsid="33777" />
    <channel service_ref="1:0:1:000b:83f1:217c:eeee0000:0:0:0:" name="CANALE 21" service_name="CANALE 21" provider="Napoli Canale 21" sid="11" onid="8572" tsid="33777" />
    <channel service_ref="1:0:1:000c:83f1:217c:eeee0000:0:0:0:" name="CANALE 21" service_name="CANALE 21" provider="Napoli Canale 21" sid="12" onid="8572" tsid="33777" />
    <channel service_ref="1:0:1:000d:83f1:217c:eeee0000:0:0:0:" name="CANALE 21" service_name="CANALE 21" provider="Napoli Canale 21" sid="13" onid="8572" tsid="33777" />
    <channel service_ref="1:0:1:000e:83f1:217c:eeee0000:0:0:0:" name="CANALE 21" service_name="CANALE 21" provider="Napoli Canale 21" sid="14" onid="8572" tsid="33777" />
    <channel service_ref="1:0:1:0003:83f1:217c:eeee0000:0:0:0:" name="CANALE 21 HD" service_name="CANALE 21 HD" provider="Napoli Canale 21" sid="3" onid="8572" tsid="33777" />
    <channel service_ref="1:0:1:0005:83f1:217c:eeee0000:0:0:0:" name="EDUARDO" service_name="EDUARDO" provider="Napoli Canale 21" sid="5" onid="8572" tsid="33777" />
    <channel service_ref="1:0:1:0004:83f1:217c:eeee0000:0:0:0:" name="GRANBAZAR" service_name="GRANBAZAR" provider="Napoli Canale 21" sid="4" onid="8572" tsid="33777" />
    <channel service_ref="1:0:1:0002:83f1:217c:eeee0000:0:0:0:" name="IRIDE" service_name="IRIDE" provider="Napoli Canale 21" sid="2" onid="8572" tsid="33777" />
    <channel service_ref="1:0:1:0009:83f1:217c:eeee0000:0:0:0:" name="Kiss Kiss Napoli" service_name="Kiss Kiss Napoli" provider="Harmonic" sid="9" onid="8572" tsid="33777" />
    <channel service_ref="1:0:1:0006:83f1:217c:eeee0000:0:0:0:" name="L@b TV" service_name="L@b TV" provider="Napoli Canale 21" sid="6" onid="8572" tsid="33777" />
    <channel service_ref="1:0:1:00de:83f1:217c:eeee0000:0:0:0:" name="NapoliTiVù" service_name="NapoliTiVù" provider="Napoli Canale 21" sid="222" onid="8572" tsid="33777" />
    <channel service_ref="1:0:1:000f:83f1:217c:eeee0000:0:0:0:" name="PRIMA TIVVÙ 2" service_name="PRIMA TIVVÙ 2" provider="Napoli Canale 21" sid="15" onid="8572" tsid="33777" />
    <channel service_ref="1:0:1:0007:83f1:217c:eeee0000:0:0:0:" name="SALUS TV" service_name="SALUS TV" provider="Napoli Canale 21" sid="7" onid="8572" tsid="33777" />
  </bouquet>
  <bouquet name="Sports" category="tv">
    <channel service_ref="1:0:1:0004:83f1:217c:eeee0000:0:0:0:" name="GRANBAZAR" service_name="GRANBAZAR" provider="Napoli Canale 21" sid="4" onid="8572" tsid="33777" />
  </bouquet>
  <bouquet name="ARD/ZDF" category="tv">
    <channel service_ref="1:0:1:0005:83f1:217c:eeee0000:0:0:0:" name="EDUARDO" service_name="EDUARDO" provider="Napoli Canale 21" sid="5" onid="8572" tsid="33777" />
  </bouquet>
  <bouquet name="TF1" category="tv">
    <channel service_ref="1:0:1:0001:83f1:217c:eeee0000:0:0:0:" name="CANALE 21" service_name="CANALE 21" provider="Napoli Canale 21" sid="1" onid="8572" tsid="33777" />
    <channel service_ref="1:0:1:0008:83f1:217c:eeee0000:0:0:0:" name="CANALE 21" service_name="CANALE 21" provider="Napoli Canale 21" sid="8" onid="8572" tsid="33777" />
    <channel service_ref="1:0:1:000a:83f1:217c:eeee0000:0:0:0:" name="CANALE 21" service_name="CANALE 21" provider="Napoli Canale 21" sid="10" onid="8572" tsid="33777" />
    <channel service_ref="1:0:1:000b:83f1:217c:eeee0000:0:0:0:" name="CANALE 21" service_name="CANALE 21" provider="Napoli Canale 21" sid="11" onid="8572" tsid="33777" />
    <channel service_ref="1:0:1:000c:83f1:217c:eeee0000:0:0:0:" name="CANALE 21" service_name="CANALE 21" provider="Napoli Canale 21" sid="12" onid="8572" tsid="33777" />
    <channel service_ref="1:0:1:000d:83f1:217c:eeee0000:0:0:0:" name="CANALE 21" service_name="CANALE 21" provider="Napoli Canale 21" sid="13" onid="8572" tsid="33777" />
    <channel service_ref="1:0:1:000e:83f1:217c:eeee0000:0:0:0:" name="CANALE 21" service_name="CANALE 21" provider="Napoli Canale 21" sid="14" onid="8572" tsid="33777" />
    <channel service_ref="1:0:1:0003:83f1:217c:eeee0000:0:0:0:" name="CANALE 21 HD" service_name="CANALE 21 HD" provider="Napoli Canale 21" sid="3" onid="8572" tsid="33777" />
    <channel service_ref="1:0:1:0002:83f1:217c:eeee0000:0:0:0:" name="IRIDE" service_name="IRIDE" provider="Napoli Canale 21" sid="2" onid="8572" tsid="33777" />
    <channel service_ref="1:0:1:0006:83f1:217c:eeee0000:0:0:0:" name="L@b TV" service_name="L@b TV" provider="Napoli Canale 21" sid="6" onid="8572" tsid="33777" />
    <channel service_ref="1:0:1:00de:83f1:217c:eeee0000:0:0:0:" name="NapoliTiVù" service_name="NapoliTiVù" provider="Napoli Canale 21" sid="222" onid="8572" tsid="33777" />
    <channel service_ref="1:0:1:000f:83f1:217c:eeee0000:0:0:0:" name="PRIMA TIVVÙ 2" service_name="PRIMA TIVVÙ 2" provider="Napoli Canale 21" sid="15" onid="8572" tsid="33777" />
    <channel service_ref="1:0:1:0007:83f1:217c:eeee0000:0:0:0:" name="SALUS TV" service_name="SALUS TV" provider="Napoli Canale 21" sid="7" onid="8572" tsid="33777" />
  </bouquet>
  <bouquet name="Resolution - HD" category="tv">
    <channel service_ref="1:0:1:0003:83f1:217c:eeee0000:0:0:0:" name="CANALE 21 HD" service_name="CANALE 21 HD" provider="Napoli Canale 21" sid="3" onid="8572" tsid="33777" />
  </bouquet>
  <bouquet name="Others" category="tv">
    <channel service_ref="1:0:1:0009:83f1:217c:eeee0000:0:0:0:" name="Kiss Kiss Napoli" service_name="Kiss Kiss Napoli" provider="Harmonic" sid="9" onid="8572" tsid="33777" />
  </bouquet>
  <bouquet name="Digitale terrestre                     by Rogist" category="tv">
    <channel service_ref="1:0:1:3:83f1:217c:eeee0000:0:0:0:" name="CANALE 21 HD" service_name="CANALE 21 HD" provider="Napoli Canale 21" sid="3" onid="8572" tsid="33777" />
    <channel service_ref="1:0:1:1:83f1:217c:eeee0000:0:0:0:" name="CANALE 21" service_name="CANALE 21" provider="Napoli Canale 21" sid="1" onid="8572" tsid="33777" />
    <channel service_ref="1:0:1:de:83f1:217c:eeee0000:0:0:0:" name="NapoliTiVù" service_name="NapoliTiVù" provider="Napoli Canale 21" sid="222" onid="8572" tsid="33777" />
    <channel service_ref="1:0:1:2:83f1:217c:eeee0000:0:0:0:" name="IRIDE" service_name="IRIDE" provider="Napoli Canale 21" sid="2" onid="8572" tsid="33777" />
    <channel service_ref="1:0:1:4:83f1:217c:eeee0000:0:0:0:" name="GRANBAZAR" service_name="GRANBAZAR" provider="Napoli Canale 21" sid="4" onid="8572" tsid="33777" />
    <channel service_ref="1:0:1:5:83f1:217c:eeee0000:0:0:0:" name="EDUARDO" service_name="EDUARDO" provider="Napoli Canale 21" sid="5" onid="8572" tsid="33777" />
    <channel service_ref="1:0:1:7:83f1:217c:eeee0000:0:0:0:" name="SALUS TV" service_name="SALUS TV" provider="Napoli Canale 21" sid="7" onid="8572" tsid="33777" />
    <channel service_ref="1:0:1:e:83f1:217c:eeee0000:0:0:0:" name="CANALE 21" service_name="CANALE 21" provider="Napoli Canale 21" sid="14" onid="8572" tsid="33777" />
    <channel service_ref="1:0:1:a:83f1:217c:eeee0000:0:0:0:" name="CANALE 21" service_name="CANALE 21" provider="Napoli Canale 21" sid="10" onid="8572" tsid="33777" />
    <channel service_ref="1:0:1:b:83f1:217c:eeee0000:0:0:0:" name="CANALE 21" service_name="CANALE 21" provider="Napoli Canale 21" sid="11" onid="8572" tsid="33777" />
    <channel service_ref="1:0:1:6:83f1:217c:eeee0000:0:0:0:" name="L@b TV" service_name="L@b TV" provider="Napoli Canale 21" sid="6" onid="8572" tsid="33777" />
    <channel service_ref="1:0:1:9:83f1:217c:eeee0000:0:0:0:" name="Kiss Kiss Napoli" service_name="Kiss Kiss Napoli" provider="Harmonic" sid="9" onid="8572" tsid="33777" />
    <channel service_ref="1:0:1:8:83f1:217c:eeee0000:0:0:0:" name="CANALE 21" service_name="CANALE 21" provider="Napoli Canale 21" sid="8" onid="8572" tsid="33777" />
    <channel service_ref="1:0:1:c:83f1:217c:eeee0000:0:0:0:" name="CANALE 21" service_name="CANALE 21" provider="Napoli Canale 21" sid="12" onid="8572" tsid="33777" />
    <channel service_ref="1:0:1:d:83f1:217c:eeee0000:0:0:0:" name="CANALE 21" service_name="CANALE 21" provider="Napoli Canale 21" sid="13" onid="8572" tsid="33777" />
  </bouquet>
  <bouquet name="Digitale terrestre                     by Rogist" category="tv">
    <channel service_ref="1:0:1:3:83f1:217c:eeee0000:0:0:0:" name="CANALE 21 HD" service_name="CANALE 21 HD" provider="Napoli Canale 21" sid="3" onid="8572" tsid="33777" />
    <channel service_ref="1:0:1:1:83f1:217c:eeee0000:0:0:0:" name="CANALE 21" service_name="CANALE 21" provider="Napoli Canale 21" sid="1" onid="8572" tsid="33777" />
    <channel service_ref="1:0:1:2:83f1:217c:eeee0000:0:0:0:" name="IRIDE" service_name="IRIDE" provider="Napoli Canale 21" sid="2" onid="8572" tsid="33777" />
    <channel service_ref="1:0:1:4:83f1:217c:eeee0000:0:0:0:" name="GRANBAZAR" service_name="GRANBAZAR" provider="Napoli Canale 21" sid="4" onid="8572" tsid="33777" />
    <channel service_ref="1:0:1:5:83f1:217c:eeee0000:0:0:0:" name="EDUARDO" service_name="EDUARDO" provider="Napoli Canale 21" sid="5" onid="8572" tsid="33777" />
    <channel service_ref="1:0:1:6:83f1:217c:eeee0000:0:0:0:" name="L@b TV" service_name="L@b TV" provider="Napoli Canale 21" sid="6" onid="8572" tsid="33777" />
    <channel service_ref="1:0:1:7:83f1:217c:eeee0000:0:0:0:" name="SALUS TV" service_name="SALUS TV" provider="Napoli Canale 21" sid="7" onid="8572" tsid="33777" />
    <channel service_ref="1:0:1:a:83f1:217c:eeee0000:0:0:0:" name="CANALE 21" service_name="CANALE 21" provider="Napoli Canale 21" sid="10" onid="8572" tsid="33777" />
    <channel service_ref="1:0:1:b:83f1:217c:eeee0000:0:0:0:" name="CANALE 21" service_name="CANALE 21" provider="Napoli Canale 21" sid="11" onid="8572" tsid="33777" />
    <channel service_ref="1:0:1:8:83f1:217c:eeee0000:0:0:0:" name="CANALE 21" service_name="CANALE 21" provider="Napoli Canale 21" sid="8" onid="8572" tsid="33777" />
    <channel service_ref="1:0:1:c:83f1:217c:eeee0000:0:0:0:" name="CANALE 21" service_name="CANALE 21" provider="Napoli Canale 21" sid="12" onid="8572" tsid="33777" />
    <channel service_ref="1:0:1:d:83f1:217c:eeee0000:0:0:0:" name="CANALE 21" service_name="CANALE 21" provider="Napoli Canale 21" sid="13" onid="8572" tsid="33777" />
    <channel service_ref="1:0:2:9:83f1:217c:eeee0000:0:0:0:" name="Kiss Kiss Napoli" service_name="Kiss Kiss Napoli" provider="Harmonic" sid="9" onid="8572" tsid="33777" />
    <channel service_ref="1:0:2:f:83f1:217c:eeee0000:0:0:0:" name="PRIMA TIVVÙ 2" service_name="PRIMA TIVVÙ 2" provider="Napoli Canale 21" sid="15" onid="8572" tsid="33777" />
  </bouquet>
  <bouquet name="Digitale terrestre                     by Rgist" category="tv">
    <channel service_ref="1:0:1:3:83f1:217c:eeee0000:0:0:0:" name="CANALE 21 HD" service_name="CANALE 21 HD" provider="Napoli Canale 21" sid="3" onid="8572" tsid="33777" />
    <channel service_ref="1:0:1:1:83f1:217c:eeee0000:0:0:0:" name="CANALE 21" service_name="CANALE 21" provider="Napoli Canale 21" sid="1" onid="8572" tsid="33777" />
    <channel service_ref="1:0:1:2:83f1:217c:eeee0000:0:0:0:" name="IRIDE" service_name="IRIDE" provider="Napoli Canale 21" sid="2" onid="8572" tsid="33777" />
    <channel service_ref="1:0:1:4:83f1:217c:eeee0000:0:0:0:" name="GRANBAZAR" service_name="GRANBAZAR" provider="Napoli Canale 21" sid="4" onid="8572" tsid="33777" />
    <channel service_ref="1:0:1:5:83f1:217c:eeee0000:0:0:0:" name="EDUARDO" service_name="EDUARDO" provider="Napoli Canale 21" sid="5" onid="8572" tsid="33777" />
    <channel service_ref="1:0:1:6:83f1:217c:eeee0000:0:0:0:" name="L@b TV" service_name="L@b TV" provider="Napoli Canale 21" sid="6" onid="8572" tsid="33777" />
    <channel service_ref="1:0:1:7:83f1:217c:eeee0000:0:0:0:" name="SALUS TV" service_name="SALUS TV" provider="Napoli Canale 21" sid="7" onid="8572" tsid="33777" />
    <channel service_ref="1:0:1:a:83f1:217c:eeee0000:0:0:0:" name="CANALE 21" service_name="CANALE 21" provider="Napoli Canale 21" sid="10" onid="8572" tsid="33777" />
    <channel service_ref="1:0:1:b:83f1:217c:eeee0000:0:0:0:" name="CANALE 21" service_name="CANALE 21" provider="Napoli Canale 21" sid="11" onid="8572" tsid="33777" />
    <channel service_ref="1:0:1:8:83f1:217c:eeee0000:0:0:0:" name="CANALE 21" service_name="CANALE 21" provider="Napoli Canale 21" sid="8" onid="8572" tsid="33777" />
    <channel service_ref="1:0:1:c:83f1:217c:eeee0000:0:0:0:" name="CANALE 21" service_name="CANALE 21" provider="Napoli Canale 21" sid="12" onid="8572" tsid="33777" />
    <channel service_ref="1:0:1:d:83f1:217c:eeee0000:0:0:0:" name="CANALE 21" service_name="CANALE 21" provider="Napoli Canale 21" sid="13" onid="8572" tsid="33777" />
    <channel service_ref="1:0:2:9:83f1:217c:eeee0000:0:0:0:" name="Kiss Kiss Napoli" service_name="Kiss Kiss Napoli" provider="Harmonic" sid="9" onid="8572" tsid="33777" />
    <channel service_ref="1:0:2:e:83f1:217c:eeee0000:0:0:0:" name="CANALE 21" service_name="CANALE 21" provider="Napoli Canale 21" sid="14" onid="8572" tsid="33777" />
  </bouquet>
</zapit>
