<?xml version='1.0' encoding='utf-8'?>
<zapit api="4">
  <terrestrials>
    <terrestrial key="eeee0000:83f1:217c" name="Napoli-Canale-21" namespace="0xeeee0000">
      <transponder key="eeee0000:83f1:217c" frequency="586000000" symbol_rate="0" polarization="H" fec="5" system="0" modulation="4">
        <service id="0x0001" sid="1" name="CANALE 21" type="1" provider="Napoli Canale 21" onid="8572" tsid="33777" namespace="0xeeee0000" />
        <service id="0x0008" sid="8" name="CANALE 21" type="1" provider="Napoli Canale 21" onid="8572" tsid="33777" namespace="0xeeee0000" />
        <service id="0x000a" sid="10" name="CANALE 21" type="1" provider="Napoli Canale 21" onid="8572" tsid="33777" namespace="0xeeee0000" />
        <service id="0x000b" sid="11" name="CANALE 21" type="1" provider="Napoli Canale 21" onid="8572" tsid="33777" namespace="0xeeee0000" />
        <service id="0x000c" sid="12" name="CANALE 21" type="1" provider="Napoli Canale 21" onid="8572" tsid="33777" namespace="0xeeee0000" />
        <service id="0x000d" sid="13" name="CANALE 21" type="1" provider="Napoli Canale 21" onid="8572" tsid="33777" namespace="0xeeee0000" />
        <service id="0x000e" sid="14" name="CANALE 21" type="1" provider="Napoli Canale 21" onid="8572" tsid="33777" namespace="0xeeee0000" />
        <service id="0x0003" sid="3" name="CANALE 21 HD" type="1" provider="Napoli Canale 21" onid="8572" tsid="33777" namespace="0xeeee0000" />
        <service id="0x0005" sid="5" name="EDUARDO" type="1" provider="Napoli Canale 21" onid="8572" tsid="33777" namespace="0xeeee0000" />
        <service id="0x0004" sid="4" name="GRANBAZAR" type="1" provider="Napoli Canale 21" onid="8572" tsid="33777" namespace="0xeeee0000" />
        <service id="0x0002" sid="2" name="IRIDE" type="1" provider="Napoli Canale 21" onid="8572" tsid="33777" namespace="0xeeee0000" />
        <service id="0x0009" sid="9" name="Kiss Kiss Napoli" type="1" provider="Harmonic" onid="8572" tsid="33777" namespace="0xeeee0000" />
        <service id="0x0006" sid="6" name="L@b TV" type="1" provider="Napoli Canale 21" onid="8572" tsid="33777" namespace="0xeeee0000" />
        <service id="0x00de" sid="222" name="NapoliTiVù" type="1" provider="Napoli Canale 21" onid="8572" tsid="33777" namespace="0xeeee0000" />
        <service id="0x000f" sid="15" name="PRIMA TIVVÙ 2" type="1" provider="Napoli Canale 21" onid="8572" tsid="33777" namespace="0xeeee0000" />
        <service id="0x0007" sid="7" name="SALUS TV" type="1" provider="Napoli Canale 21" onid="8572" tsid="33777" namespace="0xeeee0000" />
      </transponder>
    </terrestrial>
  </terrestrials>
</zapit>
