<?xml version='1.0' encoding='utf-8'?>
<zapit>
  <bouquet name="General" category="tv">
    <channel service_ref="1:0:1:00d2:0002:00d5:01c20000:0:0:0:" name="7/8 TV" service_name="7/8 TV" provider="VIVACOM" sid="210" onid="213" tsid="2" />
    <channel service_ref="1:0:1:00c8:0002:00d5:01c20000:0:0:0:" name="Agro TV" service_name="Agro TV" provider="VIVACOM" sid="200" onid="213" tsid="2" />
    <channel service_ref="1:0:1:010f:0002:00d5:01c20000:0:0:0:" name="Alfa TV" service_name="Alfa TV" provider="VIVACOM" sid="271" onid="213" tsid="2" />
    <channel service_ref="1:0:1:004c:0002:00d5:01c20000:0:0:0:" name="AMC" service_name="AMC" provider="VIVACOM" sid="76" onid="213" tsid="2" />
    <channel service_ref="1:0:1:00f1:0002:00d5:01c20000:0:0:0:" name="AMS" service_name="AMS" provider="VIVACOM" sid="241" onid="213" tsid="2" />
    <channel service_ref="1:0:1:00df:0002:00d5:01c20000:0:0:0:" name="Animal Planet" service_name="Animal Planet" provider="VIVACOM" sid="223" onid="213" tsid="2" />
    <channel service_ref="1:0:1:13a6:0006:00d5:01c20000:0:0:0:" name="Antena 3" service_name="Antena 3" provider="VIVACOM" sid="5030" onid="213" tsid="6" />
    <channel service_ref="1:0:1:00dc:0002:00d5:01c20000:0:0:0:" name="AXN" service_name="AXN" provider="VIVACOM" sid="220" onid="213" tsid="2" />
    <channel service_ref="1:0:1:00e1:0002:00d5:01c20000:0:0:0:" name="AXN Black" service_name="AXN Black" provider="VIVACOM" sid="225" onid="213" tsid="2" />
    <channel service_ref="1:0:1:0031:0001:00d5:01c20000:0:0:0:" name="AXN White" service_name="AXN White" provider="VIVACOM" sid="49" onid="213" tsid="1" />
    <channel service_ref="1:0:1:13a7:0006:00d5:01c20000:0:0:0:" name="B1B Action" service_name="B1B Action" provider="VIVACOM" sid="5031" onid="213" tsid="6" />
    <channel service_ref="1:0:1:00e8:0002:00d5:01c20000:0:0:0:" name="Baby TV" service_name="Baby TV" provider="VIVACOM" sid="232" onid="213" tsid="2" />
    <channel service_ref="1:0:1:006f:0001:00d5:01c20000:0:0:0:" name="Balkanika" service_name="Balkanika" provider="VIVACOM" sid="111" onid="213" tsid="1" />
    <channel service_ref="1:0:1:014b:0004:00d5:01c20000:0:0:0:" name="Ben Movies Turk" service_name="Ben Movies Turk" provider="VIVACOM" sid="331" onid="213" tsid="4" />
    <channel service_ref="1:0:1:139c:0006:00d5:01c20000:0:0:0:" name="BG Music Channel" service_name="BG Music Channel" provider="VIVACOM" sid="5020" onid="213" tsid="6" />
    <channel service_ref="1:0:1:0011:0003:00d5:01c20000:0:0:0:" name="Bloomberg BG" service_name="Bloomberg BG" provider="NURTS" sid="17" onid="213" tsid="3" />
    <channel service_ref="1:0:1:000f:0003:00d5:01c20000:0:0:0:" name="BNT 4" service_name="BNT 4" provider="NURTS" sid="15" onid="213" tsid="3" />
    <channel service_ref="1:0:1:00e4:0002:00d5:01c20000:0:0:0:" name="Boomerang" service_name="Boomerang" provider="VIVACOM" sid="228" onid="213" tsid="2" />
    <channel service_ref="1:0:1:00ed:0002:00d5:01c20000:0:0:0:" name="Box TV" service_name="Box TV" provider="VIVACOM" sid="237" onid="213" tsid="2" />
    <channel service_ref="1:0:1:0001:0003:00d5:01c20000:0:0:0:" name="bTV" service_name="bTV" provider="NURTS" sid="1" onid="213" tsid="3" />
    <channel service_ref="1:0:1:0007:0003:00d5:01c20000:0:0:0:" name="bTV Action" service_name="bTV Action" provider="NURTS" sid="7" onid="213" tsid="3" />
    <channel service_ref="1:0:25:013f:0004:00d5:01c20000:0:0:0:" name="bTV Action HD" service_name="bTV Action HD" provider="VIVACOM" sid="319" onid="213" tsid="4" />
    <channel service_ref="1:0:1:0004:0003:00d5:01c20000:0:0:0:" name="bTV Cinema" service_name="bTV Cinema" provider="NURTS" sid="4" onid="213" tsid="3" />
    <channel service_ref="1:0:1:0003:0003:00d5:01c20000:0:0:0:" name="bTV Comedy" service_name="bTV Comedy" provider="NURTS" sid="3" onid="213" tsid="3" />
    <channel service_ref="1:0:25:013e:0004:00d5:01c20000:0:0:0:" name="bTV HD" service_name="bTV HD" provider="VIVACOM" sid="318" onid="213" tsid="4" />
    <channel service_ref="1:0:1:0006:0003:00d5:01c20000:0:0:0:" name="bTV Lady" service_name="bTV Lady" provider="NURTS" sid="6" onid="213" tsid="3" />
    <channel service_ref="1:0:1:0010:0003:00d5:01c20000:0:0:0:" name="Bulgaria On Air" service_name="Bulgaria On Air" provider="NURTS" sid="16" onid="213" tsid="3" />
    <channel service_ref="1:0:1:00c9:0002:00d5:01c20000:0:0:0:" name="Cartoon network" service_name="Cartoon network" provider="VIVACOM" sid="201" onid="213" tsid="2" />
    <channel service_ref="1:0:1:008b:0001:00d5:01c20000:0:0:0:" name="Chasse &amp; Peche" service_name="Chasse &amp; Peche" provider="VIVACOM" sid="139" onid="213" tsid="1" />
    <channel service_ref="1:0:1:012e:0002:00d5:01c20000:0:0:0:" name="CI Network" service_name="CI Network" provider="VIVACOM" sid="302" onid="213" tsid="2" />
    <channel service_ref="1:0:1:00e2:0001:00d5:01c20000:0:0:0:" name="Cinemax" service_name="Cinemax" provider="VIVACOM" sid="226" onid="213" tsid="1" />
    <channel service_ref="1:0:1:0045:0002:00d5:01c20000:0:0:0:" name="Cinemax 2" service_name="Cinemax 2" provider="VIVACOM" sid="69" onid="213" tsid="2" />
    <channel service_ref="1:0:1:0008:0003:00d5:01c20000:0:0:0:" name="CITY TV" service_name="CITY TV" provider="NURTS" sid="8" onid="213" tsid="3" />
    <channel service_ref="1:0:1:056d:0006:00d5:01c20000:0:0:0:" name="club MTV" service_name="club MTV" provider="VIVACOM" sid="1389" onid="213" tsid="6" />
    <channel service_ref="1:0:1:138b:0006:00d5:01c20000:0:0:0:" name="CNN" service_name="CNN" provider="VIVACOM" sid="5003" onid="213" tsid="6" />
    <channel service_ref="1:0:1:139f:0006:00d5:01c20000:0:0:0:" name="Code Health" service_name="Code Health" provider="VIVACOM" sid="5023" onid="213" tsid="6" />
    <channel service_ref="1:0:1:13b2:0006:00d5:01c20000:0:0:0:" name="Current Time" service_name="Current Time" provider="VIVACOM" sid="5042" onid="213" tsid="6" />
    <channel service_ref="1:0:1:005b:0004:00d5:01c20000:0:0:0:" name="Da Vinci" service_name="Da Vinci" provider="VIVACOM" sid="91" onid="213" tsid="4" />
    <channel service_ref="1:0:25:014a:0004:00d5:01c20000:0:0:0:" name="Diema Sport 2 HD" service_name="Diema Sport 2 HD" provider="VIVACOM" sid="330" onid="213" tsid="4" />
    <channel service_ref="1:0:25:004b:0001:00d5:01c20000:0:0:0:" name="Diema Sport 3 HD" service_name="Diema Sport 3 HD" provider="VIVACOM" sid="75" onid="213" tsid="1" />
    <channel service_ref="1:0:25:003a:0001:00d5:01c20000:0:0:0:" name="Diema Sport HD" service_name="Diema Sport HD" provider="VIVACOM" sid="58" onid="213" tsid="1" />
    <channel service_ref="1:0:1:13b3:0006:00d5:01c20000:0:0:0:" name="Discovery Channel" service_name="Discovery Channel" provider="VIVACOM" sid="5043" onid="213" tsid="6" />
    <channel service_ref="1:0:1:0034:0001:00d5:01c20000:0:0:0:" name="Disney" service_name="Disney" provider="VIVACOM" sid="52" onid="213" tsid="1" />
    <channel service_ref="1:0:1:0035:0001:00d5:01c20000:0:0:0:" name="Disney Junior" service_name="Disney Junior" provider="VIVACOM" sid="53" onid="213" tsid="1" />
    <channel service_ref="1:0:1:0058:0002:00d5:01c20000:0:0:0:" name="DM Sat" service_name="DM Sat" provider="VIVACOM" sid="88" onid="213" tsid="2" />
    <channel service_ref="1:0:25:013d:0004:00d5:01c20000:0:0:0:" name="Dorcel HD" service_name="Dorcel HD" provider="VIVACOM" sid="317" onid="213" tsid="4" />
    <channel service_ref="1:0:1:006a:0002:00d5:01c20000:0:0:0:" name="DSTV" service_name="DSTV" provider="VIVACOM" sid="106" onid="213" tsid="2" />
    <channel service_ref="1:0:1:008d:0001:00d5:01c20000:0:0:0:" name="DW" service_name="DW" provider="VIVACOM" sid="141" onid="213" tsid="1" />
    <channel service_ref="1:0:1:0044:0002:00d5:01c20000:0:0:0:" name="E-Kids" service_name="E-Kids" provider="VIVACOM" sid="68" onid="213" tsid="2" />
    <channel service_ref="1:0:1:023c:0006:00d5:01c20000:0:0:0:" name="English Club" service_name="English Club" provider="VIVACOM" sid="572" onid="213" tsid="6" />
    <channel service_ref="1:0:1:007a:0001:00d5:01c20000:0:0:0:" name="Epic Drama" service_name="Epic Drama" provider="VIVACOM" sid="122" onid="213" tsid="1" />
    <channel service_ref="1:0:1:0240:0006:00d5:01c20000:0:0:0:" name="Eurochannel" service_name="Eurochannel" provider="VIVACOM" sid="576" onid="213" tsid="6" />
    <channel service_ref="1:0:1:00e9:0002:00d5:01c20000:0:0:0:" name="Eurosport 1" service_name="Eurosport 1" provider="VIVACOM" sid="233" onid="213" tsid="2" />
    <channel service_ref="1:0:1:00d7:0002:00d5:01c20000:0:0:0:" name="Eurosport 2" service_name="Eurosport 2" provider="VIVACOM" sid="215" onid="213" tsid="2" />
    <channel service_ref="1:0:1:00d5:0002:00d5:01c20000:0:0:0:" name="Extreme Sports" service_name="Extreme Sports" provider="VIVACOM" sid="213" onid="213" tsid="2" />
    <channel service_ref="1:0:1:00d6:0002:00d5:01c20000:0:0:0:" name="Fashion TV" service_name="Fashion TV" provider="VIVACOM" sid="214" onid="213" tsid="2" />
    <channel service_ref="1:0:1:006e:0001:00d5:01c20000:0:0:0:" name="Fen TV" service_name="Fen TV" provider="VIVACOM" sid="110" onid="213" tsid="1" />
    <channel service_ref="1:0:1:00f5:0002:00d5:01c20000:0:0:0:" name="Fen TV" service_name="Fen TV" provider="VIVACOM" sid="245" onid="213" tsid="2" />
    <channel service_ref="1:0:1:13a9:0006:00d5:01c20000:0:0:0:" name="Filmbox" service_name="Filmbox" provider="VIVACOM" sid="5033" onid="213" tsid="6" />
    <channel service_ref="1:0:1:13a5:0006:00d5:01c20000:0:0:0:" name="Filmbox Arthouse" service_name="Filmbox Arthouse" provider="VIVACOM" sid="5029" onid="213" tsid="6" />
    <channel service_ref="1:0:1:13a4:0006:00d5:01c20000:0:0:0:" name="Filmbox Extra" service_name="Filmbox Extra" provider="VIVACOM" sid="5028" onid="213" tsid="6" />
    <channel service_ref="1:0:1:00ca:0002:00d5:01c20000:0:0:0:" name="FilmBox Stars" service_name="FilmBox Stars" provider="VIVACOM" sid="202" onid="213" tsid="2" />
    <channel service_ref="1:0:1:00cb:0002:00d5:01c20000:0:0:0:" name="Food Network" service_name="Food Network" provider="VIVACOM" sid="203" onid="213" tsid="2" />
    <channel service_ref="1:0:1:000e:0003:00d5:01c20000:0:0:0:" name="FOX" service_name="FOX" provider="NURTS" sid="14" onid="213" tsid="3" />
    <channel service_ref="1:0:1:000a:0003:00d5:01c20000:0:0:0:" name="Fox Crime" service_name="Fox Crime" provider="NURTS" sid="10" onid="213" tsid="3" />
    <channel service_ref="1:0:1:005a:0004:00d5:01c20000:0:0:0:" name="France 24" service_name="France 24" provider="VIVACOM" sid="90" onid="213" tsid="4" />
    <channel service_ref="1:0:25:007c:0001:00d5:01c20000:0:0:0:" name="Gametoon HD" service_name="Gametoon HD" provider="VIVACOM" sid="124" onid="213" tsid="1" />
    <channel service_ref="1:0:1:13b0:0006:00d5:01c20000:0:0:0:" name="HABERTURK" service_name="HABERTURK" provider="VIVACOM" sid="5040" onid="213" tsid="6" />
    <channel service_ref="1:0:1:00e5:0001:00d5:01c20000:0:0:0:" name="HBO" service_name="HBO" provider="VIVACOM" sid="229" onid="213" tsid="1" />
    <channel service_ref="1:0:1:00e6:0001:00d5:01c20000:0:0:0:" name="HBO 2" service_name="HBO 2" provider="VIVACOM" sid="230" onid="213" tsid="1" />
    <channel service_ref="1:0:1:00e0:0002:00d5:01c20000:0:0:0:" name="HBO 3" service_name="HBO 3" provider="VIVACOM" sid="224" onid="213" tsid="2" />
    <channel service_ref="1:0:25:0059:0004:00d5:01c20000:0:0:0:" name="HGTV HD" service_name="HGTV HD" provider="Vivacom" sid="89" onid="213" tsid="4" />
    <channel service_ref="1:0:1:012d:0004:00d5:01c20000:0:0:0:" name="History" service_name="History" provider="VIVACOM" sid="301" onid="213" tsid="4" />
    <channel service_ref="1:0:25:010d:0002:00d5:01c20000:0:0:0:" name="History HD" service_name="History HD" provider="VIVACOM" sid="269" onid="213" tsid="2" />
    <channel service_ref="1:0:25:013a:0004:00d5:01c20000:0:0:0:" name="History HD" service_name="History HD" provider="VIVACOM" sid="314" onid="213" tsid="4" />
    <channel service_ref="1:0:1:13a1:0006:00d5:01c20000:0:0:0:" name="Hitmix" service_name="Hitmix" provider="VIVACOM" sid="5025" onid="213" tsid="6" />
    <channel service_ref="1:0:1:007f:0001:00d5:01c20000:0:0:0:" name="Hustler" service_name="Hustler" provider="VIVACOM" sid="127" onid="213" tsid="1" />
    <channel service_ref="1:0:1:002f:0001:00d5:01c20000:0:0:0:" name="ID" service_name="ID" provider="VIVACOM" sid="47" onid="213" tsid="1" />
    <channel service_ref="1:0:1:008c:0001:00d5:01c20000:0:0:0:" name="Jim Jam" service_name="Jim Jam" provider="VIVACOM" sid="140" onid="213" tsid="1" />
    <channel service_ref="1:0:1:13a0:0006:00d5:01c20000:0:0:0:" name="JukeBox" service_name="JukeBox" provider="VIVACOM" sid="5024" onid="213" tsid="6" />
    <channel service_ref="1:0:1:13ae:0006:00d5:01c20000:0:0:0:" name="KANAL 7 Avrupa" service_name="KANAL 7 Avrupa" provider="VIVACOM" sid="5038" onid="213" tsid="6" />
    <channel service_ref="1:0:1:006c:0001:00d5:01c20000:0:0:0:" name="KINO NOVA" service_name="KINO NOVA" provider="VIVACOM" sid="108" onid="213" tsid="1" />
    <channel service_ref="1:0:1:03f2:0001:00d5:01c20000:0:0:0:" name="KINO NOVA" service_name="KINO NOVA" provider="VIVACOM" sid="1010" onid="213" tsid="1" />
    <channel service_ref="1:0:1:03f3:0001:00d5:01c20000:0:0:0:" name="KINO NOVA" service_name="KINO NOVA" provider="VIVACOM" sid="1011" onid="213" tsid="1" />
    <channel service_ref="1:0:1:023e:0006:00d5:01c20000:0:0:0:" name="Kitchen TV" service_name="Kitchen TV" provider="VIVACOM" sid="574" onid="213" tsid="6" />
    <channel service_ref="1:0:1:002c:0001:00d5:01c20000:0:0:0:" name="Magic TV" service_name="Magic TV" provider="VIVACOM" sid="44" onid="213" tsid="1" />
    <channel service_ref="1:0:25:13ac:0006:00d5:01c20000:0:0:0:" name="MAX Sport 1 HD" service_name="MAX Sport 1 HD" provider="VIVACOM" sid="5036" onid="213" tsid="6" />
    <channel service_ref="1:0:25:13ad:0006:00d5:01c20000:0:0:0:" name="MAX Sport 2 HD" service_name="MAX Sport 2 HD" provider="VIVACOM" sid="5037" onid="213" tsid="6" />
    <channel service_ref="1:0:25:008b:0004:00d5:01c20000:0:0:0:" name="MAX Sport 3 HD" service_name="MAX Sport 3 HD" provider="VIVACOM" sid="139" onid="213" tsid="4" />
    <channel service_ref="1:0:25:138a:0006:00d5:01c20000:0:0:0:" name="MAX Sport 4 HD" service_name="MAX Sport 4 HD" provider="VIVACOM" sid="5002" onid="213" tsid="6" />
    <channel service_ref="1:0:1:056e:0006:00d5:01c20000:0:0:0:" name="Mediaset" service_name="Mediaset" provider="VIVACOM" sid="1390" onid="213" tsid="6" />
    <channel service_ref="1:0:1:00f8:0002:00d5:01c20000:0:0:0:" name="Mezzo" service_name="Mezzo" provider="VIVACOM" sid="248" onid="213" tsid="2" />
    <channel service_ref="1:0:1:00f7:0002:00d5:01c20000:0:0:0:" name="MovieSTAR" service_name="MovieSTAR" provider="VIVACOM" sid="247" onid="213" tsid="2" />
    <channel service_ref="1:0:1:00f0:0002:00d5:01c20000:0:0:0:" name="MTV" service_name="MTV" provider="VIVACOM" sid="240" onid="213" tsid="2" />
    <channel service_ref="1:0:1:002e:0001:00d5:01c20000:0:0:0:" name="MTV 00s" service_name="MTV 00s" provider="VIVACOM" sid="46" onid="213" tsid="1" />
    <channel service_ref="1:0:1:0241:0006:00d5:01c20000:0:0:0:" name="MTV 80s" service_name="MTV 80s" provider="VIVACOM" sid="577" onid="213" tsid="6" />
    <channel service_ref="1:0:1:0033:0001:00d5:01c20000:0:0:0:" name="MTV 90s" service_name="MTV 90s" provider="VIVACOM" sid="51" onid="213" tsid="1" />
    <channel service_ref="1:0:1:056f:0006:00d5:01c20000:0:0:0:" name="MTV Hits" service_name="MTV Hits" provider="VIVACOM" sid="1391" onid="213" tsid="6" />
    <channel service_ref="1:0:1:0012:0003:00d5:01c20000:0:0:0:" name="Nat Geo" service_name="Nat Geo" provider="NURTS" sid="18" onid="213" tsid="3" />
    <channel service_ref="1:0:25:013c:0004:00d5:01c20000:0:0:0:" name="Nat Geo HD" service_name="Nat Geo HD" provider="VIVACOM" sid="316" onid="213" tsid="4" />
    <channel service_ref="1:0:1:002a:0003:00d5:01c20000:0:0:0:" name="NG Wild" service_name="NG Wild" provider="NURTS" sid="42" onid="213" tsid="3" />
    <channel service_ref="1:0:25:013b:0004:00d5:01c20000:0:0:0:" name="NG Wild HD" service_name="NG Wild HD" provider="VIVACOM" sid="315" onid="213" tsid="4" />
    <channel service_ref="1:0:1:023a:0006:00d5:01c20000:0:0:0:" name="Nick Junior" service_name="Nick Junior" provider="VIVACOM" sid="570" onid="213" tsid="6" />
    <channel service_ref="1:0:1:0032:0001:00d5:01c20000:0:0:0:" name="Nickelodeon" service_name="Nickelodeon" provider="VIVACOM" sid="50" onid="213" tsid="1" />
    <channel service_ref="1:0:1:012f:0004:00d5:01c20000:0:0:0:" name="Nicktoons" service_name="Nicktoons" provider="VIVACOM" sid="303" onid="213" tsid="4" />
    <channel service_ref="1:0:1:00d8:0002:00d5:01c20000:0:0:0:" name="NKTV Evrokom" service_name="NKTV Evrokom" provider="VIVACOM" sid="216" onid="213" tsid="2" />
    <channel service_ref="1:0:25:0052:0004:00d5:01c20000:0:0:0:" name="Nova HD" service_name="Nova HD" provider="VIVACOM" sid="82" onid="213" tsid="4" />
    <channel service_ref="1:0:25:005c:0001:00d5:01c20000:0:0:0:" name="Nova News HD" service_name="Nova News HD" provider="VIVACOM" sid="92" onid="213" tsid="1" />
    <channel service_ref="1:0:1:00d0:0002:00d5:01c20000:0:0:0:" name="Nova Sport" service_name="Nova Sport" provider="VIVACOM" sid="208" onid="213" tsid="2" />
    <channel service_ref="1:0:1:0002:0003:00d5:01c20000:0:0:0:" name="NOVA TV" service_name="NOVA TV" provider="NURTS" sid="2" onid="213" tsid="3" />
    <channel service_ref="1:0:1:00f6:0002:00d5:01c20000:0:0:0:" name="NTV Mir" service_name="NTV Mir" provider="VIVACOM" sid="246" onid="213" tsid="2" />
    <channel service_ref="1:0:1:13a8:0006:00d5:01c20000:0:0:0:" name="Private TV" service_name="Private TV" provider="VIVACOM" sid="5032" onid="213" tsid="6" />
    <channel service_ref="1:0:1:005c:0004:00d5:01c20000:0:0:0:" name="Pyatnitsa TV" service_name="Pyatnitsa TV" provider="VIVACOM" sid="92" onid="213" tsid="4" />
    <channel service_ref="1:0:1:00e3:0002:00d5:01c20000:0:0:0:" name="Ribalka i Ohota" service_name="Ribalka i Ohota" provider="VIVACOM" sid="227" onid="213" tsid="2" />
    <channel service_ref="1:0:25:008c:0004:00d5:01c20000:0:0:0:" name="RING HD" service_name="RING HD" provider="VIVACOM" sid="140" onid="213" tsid="4" />
    <channel service_ref="1:0:1:13ab:0006:00d5:01c20000:0:0:0:" name="RTL" service_name="RTL" provider="VIVACOM" sid="5035" onid="213" tsid="6" />
    <channel service_ref="1:0:1:00d3:0002:00d5:01c20000:0:0:0:" name="Russia 24" service_name="Russia 24" provider="VIVACOM" sid="211" onid="213" tsid="2" />
    <channel service_ref="1:0:1:005a:0001:00d5:01c20000:0:0:0:" name="Russian Travel Guide Int" service_name="Russian Travel Guide Int" provider="VIVACOM" sid="90" onid="213" tsid="1" />
    <channel service_ref="1:0:1:13af:0006:00d5:01c20000:0:0:0:" name="Show Max" service_name="Show Max" provider="VIVACOM" sid="5039" onid="213" tsid="6" />
    <channel service_ref="1:0:1:138d:0006:00d5:01c20000:0:0:0:" name="Show Turk" service_name="Show Turk" provider="VIVACOM" sid="5005" onid="213" tsid="6" />
    <channel service_ref="1:0:1:138c:0006:00d5:01c20000:0:0:0:" name="TG Com" service_name="TG Com" provider="VIVACOM" sid="5004" onid="213" tsid="6" />
    <channel service_ref="1:0:1:010a:0002:00d5:01c20000:0:0:0:" name="The Voice" service_name="The Voice" provider="VIVACOM" sid="266" onid="213" tsid="2" />
    <channel service_ref="1:0:1:139d:0006:00d5:01c20000:0:0:0:" name="The World" service_name="The World" provider="VIVACOM" sid="5021" onid="213" tsid="6" />
    <channel service_ref="1:0:1:007b:0002:00d5:01c20000:0:0:0:" name="TLC" service_name="TLC" provider="VIVACOM" sid="123" onid="213" tsid="2" />
    <channel service_ref="1:0:1:00db:0002:00d5:01c20000:0:0:0:" name="TNT" service_name="TNT" provider="VIVACOM" sid="219" onid="213" tsid="2" />
    <channel service_ref="1:0:1:005d:0004:00d5:01c20000:0:0:0:" name="TNT 4" service_name="TNT 4" provider="VIVACOM" sid="93" onid="213" tsid="4" />
    <channel service_ref="1:0:25:00de:0004:00d5:01c20000:0:0:0:" name="Trace Sports Stars HD" service_name="Trace Sports Stars HD" provider="VIVACOM" sid="222" onid="213" tsid="4" />
    <channel service_ref="1:0:1:0029:0001:00d5:01c20000:0:0:0:" name="Travel Channel" service_name="Travel Channel" provider="VIVACOM" sid="41" onid="213" tsid="1" />
    <channel service_ref="1:0:1:139e:0006:00d5:01c20000:0:0:0:" name="Travel TV" service_name="Travel TV" provider="VIVACOM" sid="5022" onid="213" tsid="6" />
    <channel service_ref="1:0:1:00dd:0001:00d5:01c20000:0:0:0:" name="TV 1 Russia" service_name="TV 1 Russia" provider="VIVACOM" sid="221" onid="213" tsid="1" />
    <channel service_ref="1:0:1:007e:0001:00d5:01c20000:0:0:0:" name="TV 1000" service_name="TV 1000" provider="VIVACOM" sid="126" onid="213" tsid="1" />
    <channel service_ref="1:0:1:023b:0006:00d5:01c20000:0:0:0:" name="TV 3" service_name="TV 3" provider="VIVACOM" sid="571" onid="213" tsid="6" />
    <channel service_ref="1:0:1:13aa:0006:00d5:01c20000:0:0:0:" name="TV 5 Monde" service_name="TV 5 Monde" provider="VIVACOM" sid="5034" onid="213" tsid="6" />
    <channel service_ref="1:0:1:010b:0002:00d5:01c20000:0:0:0:" name="TV Center Int" service_name="TV Center Int" provider="VIVACOM" sid="267" onid="213" tsid="2" />
    <channel service_ref="1:0:1:008e:0001:00d5:01c20000:0:0:0:" name="TV1000 RKG" service_name="TV1000 RKG" provider="VIVACOM" sid="142" onid="213" tsid="1" />
    <channel service_ref="1:0:1:010c:0002:00d5:01c20000:0:0:0:" name="TV8 Int." service_name="TV8 Int." provider="VIVACOM" sid="268" onid="213" tsid="2" />
    <channel service_ref="1:0:1:004e:0001:00d5:01c20000:0:0:0:" name="Viasat Explore/Fantazzy" service_name="Viasat Explore/Fantazzy" provider="VIVACOM" sid="78" onid="213" tsid="1" />
    <channel service_ref="1:0:1:004f:0001:00d5:01c20000:0:0:0:" name="Viasat History" service_name="Viasat History" provider="VIVACOM" sid="79" onid="213" tsid="1" />
    <channel service_ref="1:0:1:00d4:0002:00d5:01c20000:0:0:0:" name="Viasat Nature" service_name="Viasat Nature" provider="VIVACOM" sid="212" onid="213" tsid="2" />
    <channel service_ref="1:0:1:0038:0001:00d5:01c20000:0:0:0:" name="VIVACOM ARENA" service_name="VIVACOM ARENA" provider="VIVACOM" sid="56" onid="213" tsid="1" />
    <channel service_ref="1:0:25:138f:0006:00d5:01c20000:0:0:0:" name="VIVACOM Arena HD" service_name="VIVACOM Arena HD" provider="VIVACOM" sid="5007" onid="213" tsid="6" />
    <channel service_ref="1:0:1:006e:0002:00d5:01c20000:0:0:0:" name="Vivid TV" service_name="Vivid TV" provider="VIVACOM" sid="110" onid="213" tsid="2" />
    <channel service_ref="1:0:1:13a3:0006:00d5:01c20000:0:0:0:" name="WNESS TV" service_name="WNESS TV" provider="VIVACOM" sid="5027" onid="213" tsid="6" />
    <channel service_ref="1:0:1:023f:0006:00d5:01c20000:0:0:0:" name="XY Plus" service_name="XY Plus" provider="VIVACOM" sid="575" onid="213" tsid="6" />
    <channel service_ref="1:0:1:13b1:0006:00d5:01c20000:0:0:0:" name="Yaban TV" service_name="Yaban TV" provider="VIVACOM" sid="5041" onid="213" tsid="6" />
    <channel service_ref="1:0:1:0030:0001:00d5:01c20000:0:0:0:" name="БНТ 2" service_name="БНТ 2" provider="VIVACOM" sid="48" onid="213" tsid="1" />
    <channel service_ref="1:0:25:008a:0004:00d5:01c20000:0:0:0:" name="БНТ 3 HD" service_name="БНТ 3 HD" provider="VIVACOM" sid="138" onid="213" tsid="4" />
    <channel service_ref="1:0:1:002b:0001:00d5:01c20000:0:0:0:" name="БНТ1" service_name="БНТ1" provider="VIVACOM" sid="43" onid="213" tsid="1" />
    <channel service_ref="1:0:1:010e:0002:00d5:01c20000:0:0:0:" name="БСТВ" service_name="БСТВ" provider="VIVACOM" sid="270" onid="213" tsid="2" />
    <channel service_ref="1:0:1:139a:0006:00d5:01c20000:0:0:0:" name="БЪЛГАРЕ" service_name="БЪЛГАРЕ" provider="VIVACOM" sid="5018" onid="213" tsid="6" />
    <channel service_ref="1:0:1:006d:0002:00d5:01c20000:0:0:0:" name="България 24" service_name="България 24" provider="VIVACOM" sid="109" onid="213" tsid="2" />
    <channel service_ref="1:0:1:002d:0001:00d5:01c20000:0:0:0:" name="Диема" service_name="Диема" provider="VIVACOM" sid="45" onid="213" tsid="1" />
    <channel service_ref="1:0:1:006b:0001:00d5:01c20000:0:0:0:" name="Диема Фемили" service_name="Диема Фемили" provider="VIVACOM" sid="107" onid="213" tsid="1" />
    <channel service_ref="1:0:25:004a:0001:00d5:01c20000:0:0:0:" name="Планета HD" service_name="Планета HD" provider="VIVACOM" sid="74" onid="213" tsid="1" />
    <channel service_ref="1:0:1:00d1:0002:00d5:01c20000:0:0:0:" name="Планета Фолк" service_name="Планета Фолк" provider="VIVACOM" sid="209" onid="213" tsid="2" />
    <channel service_ref="1:0:1:00ea:0002:00d5:01c20000:0:0:0:" name="СКАТ" service_name="СКАТ" provider="VIVACOM" sid="234" onid="213" tsid="2" />
    <channel service_ref="1:0:1:00cc:0002:00d5:01c20000:0:0:0:" name="Тянков Фолк" service_name="Тянков Фолк" provider="VIVACOM" sid="204" onid="213" tsid="2" />
    <channel service_ref="1:0:1:139b:0006:00d5:01c20000:0:0:0:" name="Фен Фолк" service_name="Фен Фолк" provider="VIVACOM" sid="5019" onid="213" tsid="6" />
    <channel service_ref="1:0:1:0039:0001:00d5:01c20000:0:0:0:" name="Фолклор ТВ" service_name="Фолклор ТВ" provider="VIVACOM" sid="57" onid="213" tsid="1" />
  </bouquet>
  <bouquet name="Movies" category="tv">
    <channel service_ref="1:0:1:014b:0004:00d5:01c20000:0:0:0:" name="Ben Movies Turk" service_name="Ben Movies Turk" provider="VIVACOM" sid="331" onid="213" tsid="4" />
    <channel service_ref="1:0:1:0004:0003:00d5:01c20000:0:0:0:" name="bTV Cinema" service_name="bTV Cinema" provider="NURTS" sid="4" onid="213" tsid="3" />
    <channel service_ref="1:0:1:00e2:0001:00d5:01c20000:0:0:0:" name="Cinemax" service_name="Cinemax" provider="VIVACOM" sid="226" onid="213" tsid="1" />
    <channel service_ref="1:0:1:0045:0002:00d5:01c20000:0:0:0:" name="Cinemax 2" service_name="Cinemax 2" provider="VIVACOM" sid="69" onid="213" tsid="2" />
    <channel service_ref="1:0:1:13a9:0006:00d5:01c20000:0:0:0:" name="Filmbox" service_name="Filmbox" provider="VIVACOM" sid="5033" onid="213" tsid="6" />
    <channel service_ref="1:0:1:13a5:0006:00d5:01c20000:0:0:0:" name="Filmbox Arthouse" service_name="Filmbox Arthouse" provider="VIVACOM" sid="5029" onid="213" tsid="6" />
    <channel service_ref="1:0:1:13a4:0006:00d5:01c20000:0:0:0:" name="Filmbox Extra" service_name="Filmbox Extra" provider="VIVACOM" sid="5028" onid="213" tsid="6" />
    <channel service_ref="1:0:1:00ca:0002:00d5:01c20000:0:0:0:" name="FilmBox Stars" service_name="FilmBox Stars" provider="VIVACOM" sid="202" onid="213" tsid="2" />
    <channel service_ref="1:0:1:00f7:0002:00d5:01c20000:0:0:0:" name="MovieSTAR" service_name="MovieSTAR" provider="VIVACOM" sid="247" onid="213" tsid="2" />
  </bouquet>
  <bouquet name="Series" category="tv">
    <channel service_ref="1:0:1:007a:0001:00d5:01c20000:0:0:0:" name="Epic Drama" service_name="Epic Drama" provider="VIVACOM" sid="122" onid="213" tsid="1" />
  </bouquet>
  <bouquet name="News" category="tv">
    <channel service_ref="1:0:25:005c:0001:00d5:01c20000:0:0:0:" name="Nova News HD" service_name="Nova News HD" provider="VIVACOM" sid="92" onid="213" tsid="1" />
  </bouquet>
  <bouquet name="Sports" category="tv">
    <channel service_ref="1:0:25:014a:0004:00d5:01c20000:0:0:0:" name="Diema Sport 2 HD" service_name="Diema Sport 2 HD" provider="VIVACOM" sid="330" onid="213" tsid="4" />
    <channel service_ref="1:0:25:004b:0001:00d5:01c20000:0:0:0:" name="Diema Sport 3 HD" service_name="Diema Sport 3 HD" provider="VIVACOM" sid="75" onid="213" tsid="1" />
    <channel service_ref="1:0:25:003a:0001:00d5:01c20000:0:0:0:" name="Diema Sport HD" service_name="Diema Sport HD" provider="VIVACOM" sid="58" onid="213" tsid="1" />
    <channel service_ref="1:0:1:00e9:0002:00d5:01c20000:0:0:0:" name="Eurosport 1" service_name="Eurosport 1" provider="VIVACOM" sid="233" onid="213" tsid="2" />
    <channel service_ref="1:0:1:00d7:0002:00d5:01c20000:0:0:0:" name="Eurosport 2" service_name="Eurosport 2" provider="VIVACOM" sid="215" onid="213" tsid="2" />
    <channel service_ref="1:0:1:00d5:0002:00d5:01c20000:0:0:0:" name="Extreme Sports" service_name="Extreme Sports" provider="VIVACOM" sid="213" onid="213" tsid="2" />
    <channel service_ref="1:0:25:13ac:0006:00d5:01c20000:0:0:0:" name="MAX Sport 1 HD" service_name="MAX Sport 1 HD" provider="VIVACOM" sid="5036" onid="213" tsid="6" />
    <channel service_ref="1:0:25:13ad:0006:00d5:01c20000:0:0:0:" name="MAX Sport 2 HD" service_name="MAX Sport 2 HD" provider="VIVACOM" sid="5037" onid="213" tsid="6" />
    <channel service_ref="1:0:25:008b:0004:00d5:01c20000:0:0:0:" name="MAX Sport 3 HD" service_name="MAX Sport 3 HD" provider="VIVACOM" sid="139" onid="213" tsid="4" />
    <channel service_ref="1:0:25:138a:0006:00d5:01c20000:0:0:0:" name="MAX Sport 4 HD" service_name="MAX Sport 4 HD" provider="VIVACOM" sid="5002" onid="213" tsid="6" />
    <channel service_ref="1:0:1:00d0:0002:00d5:01c20000:0:0:0:" name="Nova Sport" service_name="Nova Sport" provider="VIVACOM" sid="208" onid="213" tsid="2" />
    <channel service_ref="1:0:25:00de:0004:00d5:01c20000:0:0:0:" name="Trace Sports Stars HD" service_name="Trace Sports Stars HD" provider="VIVACOM" sid="222" onid="213" tsid="4" />
  </bouquet>
  <bouquet name="Kids" category="tv">
    <channel service_ref="1:0:1:00e4:0002:00d5:01c20000:0:0:0:" name="Boomerang" service_name="Boomerang" provider="VIVACOM" sid="228" onid="213" tsid="2" />
    <channel service_ref="1:0:1:00c9:0002:00d5:01c20000:0:0:0:" name="Cartoon network" service_name="Cartoon network" provider="VIVACOM" sid="201" onid="213" tsid="2" />
    <channel service_ref="1:0:1:0034:0001:00d5:01c20000:0:0:0:" name="Disney" service_name="Disney" provider="VIVACOM" sid="52" onid="213" tsid="1" />
    <channel service_ref="1:0:1:0035:0001:00d5:01c20000:0:0:0:" name="Disney Junior" service_name="Disney Junior" provider="VIVACOM" sid="53" onid="213" tsid="1" />
    <channel service_ref="1:0:1:0044:0002:00d5:01c20000:0:0:0:" name="E-Kids" service_name="E-Kids" provider="VIVACOM" sid="68" onid="213" tsid="2" />
    <channel service_ref="1:0:1:023a:0006:00d5:01c20000:0:0:0:" name="Nick Junior" service_name="Nick Junior" provider="VIVACOM" sid="570" onid="213" tsid="6" />
    <channel service_ref="1:0:1:0032:0001:00d5:01c20000:0:0:0:" name="Nickelodeon" service_name="Nickelodeon" provider="VIVACOM" sid="50" onid="213" tsid="1" />
  </bouquet>
  <bouquet name="Music" category="tv">
    <channel service_ref="1:0:1:00d2:0002:00d5:01c20000:0:0:0:" name="7/8 TV" service_name="7/8 TV" provider="VIVACOM" sid="210" onid="213" tsid="2" />
    <channel service_ref="1:0:1:00c8:0002:00d5:01c20000:0:0:0:" name="Agro TV" service_name="Agro TV" provider="VIVACOM" sid="200" onid="213" tsid="2" />
    <channel service_ref="1:0:1:010f:0002:00d5:01c20000:0:0:0:" name="Alfa TV" service_name="Alfa TV" provider="VIVACOM" sid="271" onid="213" tsid="2" />
    <channel service_ref="1:0:1:004c:0002:00d5:01c20000:0:0:0:" name="AMC" service_name="AMC" provider="VIVACOM" sid="76" onid="213" tsid="2" />
    <channel service_ref="1:0:1:00f1:0002:00d5:01c20000:0:0:0:" name="AMS" service_name="AMS" provider="VIVACOM" sid="241" onid="213" tsid="2" />
    <channel service_ref="1:0:1:00df:0002:00d5:01c20000:0:0:0:" name="Animal Planet" service_name="Animal Planet" provider="VIVACOM" sid="223" onid="213" tsid="2" />
    <channel service_ref="1:0:1:13a6:0006:00d5:01c20000:0:0:0:" name="Antena 3" service_name="Antena 3" provider="VIVACOM" sid="5030" onid="213" tsid="6" />
    <channel service_ref="1:0:1:00dc:0002:00d5:01c20000:0:0:0:" name="AXN" service_name="AXN" provider="VIVACOM" sid="220" onid="213" tsid="2" />
    <channel service_ref="1:0:1:00e1:0002:00d5:01c20000:0:0:0:" name="AXN Black" service_name="AXN Black" provider="VIVACOM" sid="225" onid="213" tsid="2" />
    <channel service_ref="1:0:1:0031:0001:00d5:01c20000:0:0:0:" name="AXN White" service_name="AXN White" provider="VIVACOM" sid="49" onid="213" tsid="1" />
    <channel service_ref="1:0:1:13a7:0006:00d5:01c20000:0:0:0:" name="B1B Action" service_name="B1B Action" provider="VIVACOM" sid="5031" onid="213" tsid="6" />
    <channel service_ref="1:0:1:00e8:0002:00d5:01c20000:0:0:0:" name="Baby TV" service_name="Baby TV" provider="VIVACOM" sid="232" onid="213" tsid="2" />
    <channel service_ref="1:0:1:006f:0001:00d5:01c20000:0:0:0:" name="Balkanika" service_name="Balkanika" provider="VIVACOM" sid="111" onid="213" tsid="1" />
    <channel service_ref="1:0:1:139c:0006:00d5:01c20000:0:0:0:" name="BG Music Channel" service_name="BG Music Channel" provider="VIVACOM" sid="5020" onid="213" tsid="6" />
    <channel service_ref="1:0:1:00ed:0002:00d5:01c20000:0:0:0:" name="Box TV" service_name="Box TV" provider="VIVACOM" sid="237" onid="213" tsid="2" />
    <channel service_ref="1:0:25:013f:0004:00d5:01c20000:0:0:0:" name="bTV Action HD" service_name="bTV Action HD" provider="VIVACOM" sid="319" onid="213" tsid="4" />
    <channel service_ref="1:0:25:013e:0004:00d5:01c20000:0:0:0:" name="bTV HD" service_name="bTV HD" provider="VIVACOM" sid="318" onid="213" tsid="4" />
    <channel service_ref="1:0:1:008b:0001:00d5:01c20000:0:0:0:" name="Chasse &amp; Peche" service_name="Chasse &amp; Peche" provider="VIVACOM" sid="139" onid="213" tsid="1" />
    <channel service_ref="1:0:1:012e:0002:00d5:01c20000:0:0:0:" name="CI Network" service_name="CI Network" provider="VIVACOM" sid="302" onid="213" tsid="2" />
    <channel service_ref="1:0:1:056d:0006:00d5:01c20000:0:0:0:" name="club MTV" service_name="club MTV" provider="VIVACOM" sid="1389" onid="213" tsid="6" />
    <channel service_ref="1:0:1:138b:0006:00d5:01c20000:0:0:0:" name="CNN" service_name="CNN" provider="VIVACOM" sid="5003" onid="213" tsid="6" />
    <channel service_ref="1:0:1:139f:0006:00d5:01c20000:0:0:0:" name="Code Health" service_name="Code Health" provider="VIVACOM" sid="5023" onid="213" tsid="6" />
    <channel service_ref="1:0:1:13b2:0006:00d5:01c20000:0:0:0:" name="Current Time" service_name="Current Time" provider="VIVACOM" sid="5042" onid="213" tsid="6" />
    <channel service_ref="1:0:1:005b:0004:00d5:01c20000:0:0:0:" name="Da Vinci" service_name="Da Vinci" provider="VIVACOM" sid="91" onid="213" tsid="4" />
    <channel service_ref="1:0:1:13b3:0006:00d5:01c20000:0:0:0:" name="Discovery Channel" service_name="Discovery Channel" provider="VIVACOM" sid="5043" onid="213" tsid="6" />
    <channel service_ref="1:0:1:0058:0002:00d5:01c20000:0:0:0:" name="DM Sat" service_name="DM Sat" provider="VIVACOM" sid="88" onid="213" tsid="2" />
    <channel service_ref="1:0:25:013d:0004:00d5:01c20000:0:0:0:" name="Dorcel HD" service_name="Dorcel HD" provider="VIVACOM" sid="317" onid="213" tsid="4" />
    <channel service_ref="1:0:1:006a:0002:00d5:01c20000:0:0:0:" name="DSTV" service_name="DSTV" provider="VIVACOM" sid="106" onid="213" tsid="2" />
    <channel service_ref="1:0:1:008d:0001:00d5:01c20000:0:0:0:" name="DW" service_name="DW" provider="VIVACOM" sid="141" onid="213" tsid="1" />
    <channel service_ref="1:0:1:023c:0006:00d5:01c20000:0:0:0:" name="English Club" service_name="English Club" provider="VIVACOM" sid="572" onid="213" tsid="6" />
    <channel service_ref="1:0:1:0240:0006:00d5:01c20000:0:0:0:" name="Eurochannel" service_name="Eurochannel" provider="VIVACOM" sid="576" onid="213" tsid="6" />
    <channel service_ref="1:0:1:00d6:0002:00d5:01c20000:0:0:0:" name="Fashion TV" service_name="Fashion TV" provider="VIVACOM" sid="214" onid="213" tsid="2" />
    <channel service_ref="1:0:1:006e:0001:00d5:01c20000:0:0:0:" name="Fen TV" service_name="Fen TV" provider="VIVACOM" sid="110" onid="213" tsid="1" />
    <channel service_ref="1:0:1:00f5:0002:00d5:01c20000:0:0:0:" name="Fen TV" service_name="Fen TV" provider="VIVACOM" sid="245" onid="213" tsid="2" />
    <channel service_ref="1:0:1:00cb:0002:00d5:01c20000:0:0:0:" name="Food Network" service_name="Food Network" provider="VIVACOM" sid="203" onid="213" tsid="2" />
    <channel service_ref="1:0:1:005a:0004:00d5:01c20000:0:0:0:" name="France 24" service_name="France 24" provider="VIVACOM" sid="90" onid="213" tsid="4" />
    <channel service_ref="1:0:25:007c:0001:00d5:01c20000:0:0:0:" name="Gametoon HD" service_name="Gametoon HD" provider="VIVACOM" sid="124" onid="213" tsid="1" />
    <channel service_ref="1:0:1:13b0:0006:00d5:01c20000:0:0:0:" name="HABERTURK" service_name="HABERTURK" provider="VIVACOM" sid="5040" onid="213" tsid="6" />
    <channel service_ref="1:0:1:00e5:0001:00d5:01c20000:0:0:0:" name="HBO" service_name="HBO" provider="VIVACOM" sid="229" onid="213" tsid="1" />
    <channel service_ref="1:0:1:00e6:0001:00d5:01c20000:0:0:0:" name="HBO 2" service_name="HBO 2" provider="VIVACOM" sid="230" onid="213" tsid="1" />
    <channel service_ref="1:0:1:00e0:0002:00d5:01c20000:0:0:0:" name="HBO 3" service_name="HBO 3" provider="VIVACOM" sid="224" onid="213" tsid="2" />
    <channel service_ref="1:0:25:0059:0004:00d5:01c20000:0:0:0:" name="HGTV HD" service_name="HGTV HD" provider="Vivacom" sid="89" onid="213" tsid="4" />
    <channel service_ref="1:0:1:012d:0004:00d5:01c20000:0:0:0:" name="History" service_name="History" provider="VIVACOM" sid="301" onid="213" tsid="4" />
    <channel service_ref="1:0:25:010d:0002:00d5:01c20000:0:0:0:" name="History HD" service_name="History HD" provider="VIVACOM" sid="269" onid="213" tsid="2" />
    <channel service_ref="1:0:25:013a:0004:00d5:01c20000:0:0:0:" name="History HD" service_name="History HD" provider="VIVACOM" sid="314" onid="213" tsid="4" />
    <channel service_ref="1:0:1:13a1:0006:00d5:01c20000:0:0:0:" name="Hitmix" service_name="Hitmix" provider="VIVACOM" sid="5025" onid="213" tsid="6" />
    <channel service_ref="1:0:1:007f:0001:00d5:01c20000:0:0:0:" name="Hustler" service_name="Hustler" provider="VIVACOM" sid="127" onid="213" tsid="1" />
    <channel service_ref="1:0:1:002f:0001:00d5:01c20000:0:0:0:" name="ID" service_name="ID" provider="VIVACOM" sid="47" onid="213" tsid="1" />
    <channel service_ref="1:0:1:008c:0001:00d5:01c20000:0:0:0:" name="Jim Jam" service_name="Jim Jam" provider="VIVACOM" sid="140" onid="213" tsid="1" />
    <channel service_ref="1:0:1:13a0:0006:00d5:01c20000:0:0:0:" name="JukeBox" service_name="JukeBox" provider="VIVACOM" sid="5024" onid="213" tsid="6" />
    <channel service_ref="1:0:1:13ae:0006:00d5:01c20000:0:0:0:" name="KANAL 7 Avrupa" service_name="KANAL 7 Avrupa" provider="VIVACOM" sid="5038" onid="213" tsid="6" />
    <channel service_ref="1:0:1:006c:0001:00d5:01c20000:0:0:0:" name="KINO NOVA" service_name="KINO NOVA" provider="VIVACOM" sid="108" onid="213" tsid="1" />
    <channel service_ref="1:0:1:03f2:0001:00d5:01c20000:0:0:0:" name="KINO NOVA" service_name="KINO NOVA" provider="VIVACOM" sid="1010" onid="213" tsid="1" />
    <channel service_ref="1:0:1:03f3:0001:00d5:01c20000:0:0:0:" name="KINO NOVA" service_name="KINO NOVA" provider="VIVACOM" sid="1011" onid="213" tsid="1" />
    <channel service_ref="1:0:1:023e:0006:00d5:01c20000:0:0:0:" name="Kitchen TV" service_name="Kitchen TV" provider="VIVACOM" sid="574" onid="213" tsid="6" />
    <channel service_ref="1:0:1:002c:0001:00d5:01c20000:0:0:0:" name="Magic TV" service_name="Magic TV" provider="VIVACOM" sid="44" onid="213" tsid="1" />
    <channel service_ref="1:0:1:056e:0006:00d5:01c20000:0:0:0:" name="Mediaset" service_name="Mediaset" provider="VIVACOM" sid="1390" onid="213" tsid="6" />
    <channel service_ref="1:0:1:00f8:0002:00d5:01c20000:0:0:0:" name="Mezzo" service_name="Mezzo" provider="VIVACOM" sid="248" onid="213" tsid="2" />
    <channel service_ref="1:0:1:00f0:0002:00d5:01c20000:0:0:0:" name="MTV" service_name="MTV" provider="VIVACOM" sid="240" onid="213" tsid="2" />
    <channel service_ref="1:0:1:002e:0001:00d5:01c20000:0:0:0:" name="MTV 00s" service_name="MTV 00s" provider="VIVACOM" sid="46" onid="213" tsid="1" />
    <channel service_ref="1:0:1:0241:0006:00d5:01c20000:0:0:0:" name="MTV 80s" service_name="MTV 80s" provider="VIVACOM" sid="577" onid="213" tsid="6" />
    <channel service_ref="1:0:1:0033:0001:00d5:01c20000:0:0:0:" name="MTV 90s" service_name="MTV 90s" provider="VIVACOM" sid="51" onid="213" tsid="1" />
    <channel service_ref="1:0:1:056f:0006:00d5:01c20000:0:0:0:" name="MTV Hits" service_name="MTV Hits" provider="VIVACOM" sid="1391" onid="213" tsid="6" />
    <channel service_ref="1:0:25:013c:0004:00d5:01c20000:0:0:0:" name="Nat Geo HD" service_name="Nat Geo HD" provider="VIVACOM" sid="316" onid="213" tsid="4" />
    <channel service_ref="1:0:25:013b:0004:00d5:01c20000:0:0:0:" name="NG Wild HD" service_name="NG Wild HD" provider="VIVACOM" sid="315" onid="213" tsid="4" />
    <channel service_ref="1:0:1:012f:0004:00d5:01c20000:0:0:0:" name="Nicktoons" service_name="Nicktoons" provider="VIVACOM" sid="303" onid="213" tsid="4" />
    <channel service_ref="1:0:1:00d8:0002:00d5:01c20000:0:0:0:" name="NKTV Evrokom" service_name="NKTV Evrokom" provider="VIVACOM" sid="216" onid="213" tsid="2" />
    <channel service_ref="1:0:25:0052:0004:00d5:01c20000:0:0:0:" name="Nova HD" service_name="Nova HD" provider="VIVACOM" sid="82" onid="213" tsid="4" />
    <channel service_ref="1:0:1:00f6:0002:00d5:01c20000:0:0:0:" name="NTV Mir" service_name="NTV Mir" provider="VIVACOM" sid="246" onid="213" tsid="2" />
    <channel service_ref="1:0:1:13a8:0006:00d5:01c20000:0:0:0:" name="Private TV" service_name="Private TV" provider="VIVACOM" sid="5032" onid="213" tsid="6" />
    <channel service_ref="1:0:1:005c:0004:00d5:01c20000:0:0:0:" name="Pyatnitsa TV" service_name="Pyatnitsa TV" provider="VIVACOM" sid="92" onid="213" tsid="4" />
    <channel service_ref="1:0:1:00e3:0002:00d5:01c20000:0:0:0:" name="Ribalka i Ohota" service_name="Ribalka i Ohota" provider="VIVACOM" sid="227" onid="213" tsid="2" />
    <channel service_ref="1:0:25:008c:0004:00d5:01c20000:0:0:0:" name="RING HD" service_name="RING HD" provider="VIVACOM" sid="140" onid="213" tsid="4" />
    <channel service_ref="1:0:1:13ab:0006:00d5:01c20000:0:0:0:" name="RTL" service_name="RTL" provider="VIVACOM" sid="5035" onid="213" tsid="6" />
    <channel service_ref="1:0:1:00d3:0002:00d5:01c20000:0:0:0:" name="Russia 24" service_name="Russia 24" provider="VIVACOM" sid="211" onid="213" tsid="2" />
    <channel service_ref="1:0:1:005a:0001:00d5:01c20000:0:0:0:" name="Russian Travel Guide Int" service_name="Russian Travel Guide Int" provider="VIVACOM" sid="90" onid="213" tsid="1" />
    <channel service_ref="1:0:1:13af:0006:00d5:01c20000:0:0:0:" name="Show Max" service_name="Show Max" provider="VIVACOM" sid="5039" onid="213" tsid="6" />
    <channel service_ref="1:0:1:138d:0006:00d5:01c20000:0:0:0:" name="Show Turk" service_name="Show Turk" provider="VIVACOM" sid="5005" onid="213" tsid="6" />
    <channel service_ref="1:0:1:138c:0006:00d5:01c20000:0:0:0:" name="TG Com" service_name="TG Com" provider="VIVACOM" sid="5004" onid="213" tsid="6" />
    <channel service_ref="1:0:1:010a:0002:00d5:01c20000:0:0:0:" name="The Voice" service_name="The Voice" provider="VIVACOM" sid="266" onid="213" tsid="2" />
    <channel service_ref="1:0:1:139d:0006:00d5:01c20000:0:0:0:" name="The World" service_name="The World" provider="VIVACOM" sid="5021" onid="213" tsid="6" />
    <channel service_ref="1:0:1:007b:0002:00d5:01c20000:0:0:0:" name="TLC" service_name="TLC" provider="VIVACOM" sid="123" onid="213" tsid="2" />
    <channel service_ref="1:0:1:00db:0002:00d5:01c20000:0:0:0:" name="TNT" service_name="TNT" provider="VIVACOM" sid="219" onid="213" tsid="2" />
    <channel service_ref="1:0:1:005d:0004:00d5:01c20000:0:0:0:" name="TNT 4" service_name="TNT 4" provider="VIVACOM" sid="93" onid="213" tsid="4" />
    <channel service_ref="1:0:1:0029:0001:00d5:01c20000:0:0:0:" name="Travel Channel" service_name="Travel Channel" provider="VIVACOM" sid="41" onid="213" tsid="1" />
    <channel service_ref="1:0:1:139e:0006:00d5:01c20000:0:0:0:" name="Travel TV" service_name="Travel TV" provider="VIVACOM" sid="5022" onid="213" tsid="6" />
    <channel service_ref="1:0:1:00dd:0001:00d5:01c20000:0:0:0:" name="TV 1 Russia" service_name="TV 1 Russia" provider="VIVACOM" sid="221" onid="213" tsid="1" />
    <channel service_ref="1:0:1:007e:0001:00d5:01c20000:0:0:0:" name="TV 1000" service_name="TV 1000" provider="VIVACOM" sid="126" onid="213" tsid="1" />
    <channel service_ref="1:0:1:023b:0006:00d5:01c20000:0:0:0:" name="TV 3" service_name="TV 3" provider="VIVACOM" sid="571" onid="213" tsid="6" />
    <channel service_ref="1:0:1:13aa:0006:00d5:01c20000:0:0:0:" name="TV 5 Monde" service_name="TV 5 Monde" provider="VIVACOM" sid="5034" onid="213" tsid="6" />
    <channel service_ref="1:0:1:010b:0002:00d5:01c20000:0:0:0:" name="TV Center Int" service_name="TV Center Int" provider="VIVACOM" sid="267" onid="213" tsid="2" />
    <channel service_ref="1:0:1:008e:0001:00d5:01c20000:0:0:0:" name="TV1000 RKG" service_name="TV1000 RKG" provider="VIVACOM" sid="142" onid="213" tsid="1" />
    <channel service_ref="1:0:1:010c:0002:00d5:01c20000:0:0:0:" name="TV8 Int." service_name="TV8 Int." provider="VIVACOM" sid="268" onid="213" tsid="2" />
    <channel service_ref="1:0:1:004e:0001:00d5:01c20000:0:0:0:" name="Viasat Explore/Fantazzy" service_name="Viasat Explore/Fantazzy" provider="VIVACOM" sid="78" onid="213" tsid="1" />
    <channel service_ref="1:0:1:004f:0001:00d5:01c20000:0:0:0:" name="Viasat History" service_name="Viasat History" provider="VIVACOM" sid="79" onid="213" tsid="1" />
    <channel service_ref="1:0:1:00d4:0002:00d5:01c20000:0:0:0:" name="Viasat Nature" service_name="Viasat Nature" provider="VIVACOM" sid="212" onid="213" tsid="2" />
    <channel service_ref="1:0:1:0038:0001:00d5:01c20000:0:0:0:" name="VIVACOM ARENA" service_name="VIVACOM ARENA" provider="VIVACOM" sid="56" onid="213" tsid="1" />
    <channel service_ref="1:0:25:138f:0006:00d5:01c20000:0:0:0:" name="VIVACOM Arena HD" service_name="VIVACOM Arena HD" provider="VIVACOM" sid="5007" onid="213" tsid="6" />
    <channel service_ref="1:0:1:006e:0002:00d5:01c20000:0:0:0:" name="Vivid TV" service_name="Vivid TV" provider="VIVACOM" sid="110" onid="213" tsid="2" />
    <channel service_ref="1:0:1:13a3:0006:00d5:01c20000:0:0:0:" name="WNESS TV" service_name="WNESS TV" provider="VIVACOM" sid="5027" onid="213" tsid="6" />
    <channel service_ref="1:0:1:023f:0006:00d5:01c20000:0:0:0:" name="XY Plus" service_name="XY Plus" provider="VIVACOM" sid="575" onid="213" tsid="6" />
    <channel service_ref="1:0:1:13b1:0006:00d5:01c20000:0:0:0:" name="Yaban TV" service_name="Yaban TV" provider="VIVACOM" sid="5041" onid="213" tsid="6" />
    <channel service_ref="1:0:1:0030:0001:00d5:01c20000:0:0:0:" name="БНТ 2" service_name="БНТ 2" provider="VIVACOM" sid="48" onid="213" tsid="1" />
    <channel service_ref="1:0:25:008a:0004:00d5:01c20000:0:0:0:" name="БНТ 3 HD" service_name="БНТ 3 HD" provider="VIVACOM" sid="138" onid="213" tsid="4" />
    <channel service_ref="1:0:1:002b:0001:00d5:01c20000:0:0:0:" name="БНТ1" service_name="БНТ1" provider="VIVACOM" sid="43" onid="213" tsid="1" />
    <channel service_ref="1:0:1:010e:0002:00d5:01c20000:0:0:0:" name="БСТВ" service_name="БСТВ" provider="VIVACOM" sid="270" onid="213" tsid="2" />
    <channel service_ref="1:0:1:139a:0006:00d5:01c20000:0:0:0:" name="БЪЛГАРЕ" service_name="БЪЛГАРЕ" provider="VIVACOM" sid="5018" onid="213" tsid="6" />
    <channel service_ref="1:0:1:006d:0002:00d5:01c20000:0:0:0:" name="България 24" service_name="България 24" provider="VIVACOM" sid="109" onid="213" tsid="2" />
    <channel service_ref="1:0:1:002d:0001:00d5:01c20000:0:0:0:" name="Диема" service_name="Диема" provider="VIVACOM" sid="45" onid="213" tsid="1" />
    <channel service_ref="1:0:1:006b:0001:00d5:01c20000:0:0:0:" name="Диема Фемили" service_name="Диема Фемили" provider="VIVACOM" sid="107" onid="213" tsid="1" />
    <channel service_ref="1:0:25:004a:0001:00d5:01c20000:0:0:0:" name="Планета HD" service_name="Планета HD" provider="VIVACOM" sid="74" onid="213" tsid="1" />
    <channel service_ref="1:0:1:00d1:0002:00d5:01c20000:0:0:0:" name="Планета Фолк" service_name="Планета Фолк" provider="VIVACOM" sid="209" onid="213" tsid="2" />
    <channel service_ref="1:0:1:00ea:0002:00d5:01c20000:0:0:0:" name="СКАТ" service_name="СКАТ" provider="VIVACOM" sid="234" onid="213" tsid="2" />
    <channel service_ref="1:0:1:00cc:0002:00d5:01c20000:0:0:0:" name="Тянков Фолк" service_name="Тянков Фолк" provider="VIVACOM" sid="204" onid="213" tsid="2" />
    <channel service_ref="1:0:1:139b:0006:00d5:01c20000:0:0:0:" name="Фен Фолк" service_name="Фен Фолк" provider="VIVACOM" sid="5019" onid="213" tsid="6" />
    <channel service_ref="1:0:1:0039:0001:00d5:01c20000:0:0:0:" name="Фолклор ТВ" service_name="Фолклор ТВ" provider="VIVACOM" sid="57" onid="213" tsid="1" />
  </bouquet>
  <bouquet name="Documentary" category="tv">
    <channel service_ref="1:0:1:0012:0003:00d5:01c20000:0:0:0:" name="Nat Geo" service_name="Nat Geo" provider="NURTS" sid="18" onid="213" tsid="3" />
  </bouquet>
  <bouquet name="Resolution - HD" category="tv">
    <channel service_ref="1:0:25:013f:0004:00d5:01c20000:0:0:0:" name="bTV Action HD" service_name="bTV Action HD" provider="VIVACOM" sid="319" onid="213" tsid="4" />
    <channel service_ref="1:0:25:013e:0004:00d5:01c20000:0:0:0:" name="bTV HD" service_name="bTV HD" provider="VIVACOM" sid="318" onid="213" tsid="4" />
    <channel service_ref="1:0:25:014a:0004:00d5:01c20000:0:0:0:" name="Diema Sport 2 HD" service_name="Diema Sport 2 HD" provider="VIVACOM" sid="330" onid="213" tsid="4" />
    <channel service_ref="1:0:25:004b:0001:00d5:01c20000:0:0:0:" name="Diema Sport 3 HD" service_name="Diema Sport 3 HD" provider="VIVACOM" sid="75" onid="213" tsid="1" />
    <channel service_ref="1:0:25:003a:0001:00d5:01c20000:0:0:0:" name="Diema Sport HD" service_name="Diema Sport HD" provider="VIVACOM" sid="58" onid="213" tsid="1" />
    <channel service_ref="1:0:25:013d:0004:00d5:01c20000:0:0:0:" name="Dorcel HD" service_name="Dorcel HD" provider="VIVACOM" sid="317" onid="213" tsid="4" />
    <channel service_ref="1:0:25:007c:0001:00d5:01c20000:0:0:0:" name="Gametoon HD" service_name="Gametoon HD" provider="VIVACOM" sid="124" onid="213" tsid="1" />
    <channel service_ref="1:0:25:0059:0004:00d5:01c20000:0:0:0:" name="HGTV HD" service_name="HGTV HD" provider="Vivacom" sid="89" onid="213" tsid="4" />
    <channel service_ref="1:0:25:010d:0002:00d5:01c20000:0:0:0:" name="History HD" service_name="History HD" provider="VIVACOM" sid="269" onid="213" tsid="2" />
    <channel service_ref="1:0:25:013a:0004:00d5:01c20000:0:0:0:" name="History HD" service_name="History HD" provider="VIVACOM" sid="314" onid="213" tsid="4" />
    <channel service_ref="1:0:25:13ac:0006:00d5:01c20000:0:0:0:" name="MAX Sport 1 HD" service_name="MAX Sport 1 HD" provider="VIVACOM" sid="5036" onid="213" tsid="6" />
    <channel service_ref="1:0:25:13ad:0006:00d5:01c20000:0:0:0:" name="MAX Sport 2 HD" service_name="MAX Sport 2 HD" provider="VIVACOM" sid="5037" onid="213" tsid="6" />
    <channel service_ref="1:0:25:008b:0004:00d5:01c20000:0:0:0:" name="MAX Sport 3 HD" service_name="MAX Sport 3 HD" provider="VIVACOM" sid="139" onid="213" tsid="4" />
    <channel service_ref="1:0:25:138a:0006:00d5:01c20000:0:0:0:" name="MAX Sport 4 HD" service_name="MAX Sport 4 HD" provider="VIVACOM" sid="5002" onid="213" tsid="6" />
    <channel service_ref="1:0:25:013c:0004:00d5:01c20000:0:0:0:" name="Nat Geo HD" service_name="Nat Geo HD" provider="VIVACOM" sid="316" onid="213" tsid="4" />
    <channel service_ref="1:0:25:013b:0004:00d5:01c20000:0:0:0:" name="NG Wild HD" service_name="NG Wild HD" provider="VIVACOM" sid="315" onid="213" tsid="4" />
    <channel service_ref="1:0:25:0052:0004:00d5:01c20000:0:0:0:" name="Nova HD" service_name="Nova HD" provider="VIVACOM" sid="82" onid="213" tsid="4" />
    <channel service_ref="1:0:25:005c:0001:00d5:01c20000:0:0:0:" name="Nova News HD" service_name="Nova News HD" provider="VIVACOM" sid="92" onid="213" tsid="1" />
    <channel service_ref="1:0:25:008c:0004:00d5:01c20000:0:0:0:" name="RING HD" service_name="RING HD" provider="VIVACOM" sid="140" onid="213" tsid="4" />
    <channel service_ref="1:0:25:00de:0004:00d5:01c20000:0:0:0:" name="Trace Sports Stars HD" service_name="Trace Sports Stars HD" provider="VIVACOM" sid="222" onid="213" tsid="4" />
    <channel service_ref="1:0:25:138f:0006:00d5:01c20000:0:0:0:" name="VIVACOM Arena HD" service_name="VIVACOM Arena HD" provider="VIVACOM" sid="5007" onid="213" tsid="6" />
    <channel service_ref="1:0:25:008a:0004:00d5:01c20000:0:0:0:" name="БНТ 3 HD" service_name="БНТ 3 HD" provider="VIVACOM" sid="138" onid="213" tsid="4" />
    <channel service_ref="1:0:25:004a:0001:00d5:01c20000:0:0:0:" name="Планета HD" service_name="Планета HD" provider="VIVACOM" sid="74" onid="213" tsid="1" />
  </bouquet>
  <bouquet name="International" category="tv">
    <channel service_ref="1:0:1:0002:0003:00d5:01c20000:0:0:0:" name="NOVA TV" service_name="NOVA TV" provider="NURTS" sid="2" onid="213" tsid="3" />
  </bouquet>
  <bouquet name="Others" category="tv">
    <channel service_ref="1:0:1:0011:0003:00d5:01c20000:0:0:0:" name="Bloomberg BG" service_name="Bloomberg BG" provider="NURTS" sid="17" onid="213" tsid="3" />
    <channel service_ref="1:0:1:000f:0003:00d5:01c20000:0:0:0:" name="BNT 4" service_name="BNT 4" provider="NURTS" sid="15" onid="213" tsid="3" />
    <channel service_ref="1:0:1:0001:0003:00d5:01c20000:0:0:0:" name="bTV" service_name="bTV" provider="NURTS" sid="1" onid="213" tsid="3" />
    <channel service_ref="1:0:1:0007:0003:00d5:01c20000:0:0:0:" name="bTV Action" service_name="bTV Action" provider="NURTS" sid="7" onid="213" tsid="3" />
    <channel service_ref="1:0:1:0003:0003:00d5:01c20000:0:0:0:" name="bTV Comedy" service_name="bTV Comedy" provider="NURTS" sid="3" onid="213" tsid="3" />
    <channel service_ref="1:0:1:0006:0003:00d5:01c20000:0:0:0:" name="bTV Lady" service_name="bTV Lady" provider="NURTS" sid="6" onid="213" tsid="3" />
    <channel service_ref="1:0:1:0010:0003:00d5:01c20000:0:0:0:" name="Bulgaria On Air" service_name="Bulgaria On Air" provider="NURTS" sid="16" onid="213" tsid="3" />
    <channel service_ref="1:0:1:0008:0003:00d5:01c20000:0:0:0:" name="CITY TV" service_name="CITY TV" provider="NURTS" sid="8" onid="213" tsid="3" />
    <channel service_ref="1:0:1:000e:0003:00d5:01c20000:0:0:0:" name="FOX" service_name="FOX" provider="NURTS" sid="14" onid="213" tsid="3" />
    <channel service_ref="1:0:1:000a:0003:00d5:01c20000:0:0:0:" name="Fox Crime" service_name="Fox Crime" provider="NURTS" sid="10" onid="213" tsid="3" />
    <channel service_ref="1:0:1:002a:0003:00d5:01c20000:0:0:0:" name="NG Wild" service_name="NG Wild" provider="NURTS" sid="42" onid="213" tsid="3" />
  </bouquet>
  <bouquet name="Radio" category="radio">
    <channel service_ref="1:0:2:001e:0003:00d5:01c20000:0:0:0:" name="BNR Blagoevgrad" service_name="BNR Blagoevgrad" provider="NURTS" sid="30" onid="213" tsid="3" />
    <channel service_ref="1:0:2:0013:0003:00d5:01c20000:0:0:0:" name="BNR Burgas" service_name="BNR Burgas" provider="NURTS" sid="19" onid="213" tsid="3" />
    <channel service_ref="1:0:2:001f:0003:00d5:01c20000:0:0:0:" name="BNR Shumen" service_name="BNR Shumen" provider="NURTS" sid="31" onid="213" tsid="3" />
    <channel service_ref="1:0:2:0014:0003:00d5:01c20000:0:0:0:" name="BNR Sofia" service_name="BNR Sofia" provider="NURTS" sid="20" onid="213" tsid="3" />
    <channel service_ref="1:0:2:001b:0003:00d5:01c20000:0:0:0:" name="BNR St. Zagora" service_name="BNR St. Zagora" provider="NURTS" sid="27" onid="213" tsid="3" />
    <channel service_ref="1:0:2:001a:0003:00d5:01c20000:0:0:0:" name="BNR Vidin" service_name="BNR Vidin" provider="NURTS" sid="26" onid="213" tsid="3" />
    <channel service_ref="1:0:2:0023:0003:00d5:01c20000:0:0:0:" name="Classic FM" service_name="Classic FM" provider="NURTS" sid="35" onid="213" tsid="3" />
    <channel service_ref="1:0:2:000d:0003:00d5:01c20000:0:0:0:" name="Darik Burgas" service_name="Darik Burgas" provider="NURTS" sid="13" onid="213" tsid="3" />
    <channel service_ref="1:0:2:0027:0003:00d5:01c20000:0:0:0:" name="Darik Kustendil" service_name="Darik Kustendil" provider="NURTS" sid="39" onid="213" tsid="3" />
    <channel service_ref="1:0:2:005a:0003:00d5:01c20000:0:0:0:" name="Darik Nostalgie" service_name="Darik Nostalgie" provider="NURTS" sid="90" onid="213" tsid="3" />
    <channel service_ref="1:0:2:000c:0003:00d5:01c20000:0:0:0:" name="Darik Plovdiv" service_name="Darik Plovdiv" provider="NURTS" sid="12" onid="213" tsid="3" />
    <channel service_ref="1:0:2:000b:0003:00d5:01c20000:0:0:0:" name="Darik radio" service_name="Darik radio" provider="NURTS" sid="11" onid="213" tsid="3" />
    <channel service_ref="1:0:2:003a:0003:00d5:01c20000:0:0:0:" name="Darik Ruse" service_name="Darik Ruse" provider="NURTS" sid="58" onid="213" tsid="3" />
    <channel service_ref="1:0:2:0026:0003:00d5:01c20000:0:0:0:" name="Darik Varna" service_name="Darik Varna" provider="NURTS" sid="38" onid="213" tsid="3" />
    <channel service_ref="1:0:2:003b:0003:00d5:01c20000:0:0:0:" name="Darik Vratza" service_name="Darik Vratza" provider="NURTS" sid="59" onid="213" tsid="3" />
    <channel service_ref="1:0:2:0021:0003:00d5:01c20000:0:0:0:" name="Jazz FM" service_name="Jazz FM" provider="NURTS" sid="33" onid="213" tsid="3" />
    <channel service_ref="1:0:2:001c:0003:00d5:01c20000:0:0:0:" name="N-JOY" service_name="N-JOY" provider="NURTS" sid="28" onid="213" tsid="3" />
    <channel service_ref="1:0:2:0024:0003:00d5:01c20000:0:0:0:" name="N-Joy Cable" service_name="N-Joy Cable" provider="NURTS" sid="36" onid="213" tsid="3" />
    <channel service_ref="1:0:2:002b:0003:00d5:01c20000:0:0:0:" name="Nova News" service_name="Nova News" provider="NURTS" sid="43" onid="213" tsid="3" />
    <channel service_ref="1:0:2:0009:0003:00d5:01c20000:0:0:0:" name="RADIO 1" service_name="RADIO 1" provider="NURTS" sid="9" onid="213" tsid="3" />
    <channel service_ref="1:0:2:002f:0003:00d5:01c20000:0:0:0:" name="Radio FM+" service_name="Radio FM+" provider="NURTS" sid="47" onid="213" tsid="3" />
    <channel service_ref="1:0:2:002e:0003:00d5:01c20000:0:0:0:" name="Radio Fresh" service_name="Radio Fresh" provider="NURTS" sid="46" onid="213" tsid="3" />
    <channel service_ref="1:0:2:003f:0003:00d5:01c20000:0:0:0:" name="Radio Magic FM" service_name="Radio Magic FM" provider="NURTS" sid="63" onid="213" tsid="3" />
    <channel service_ref="1:0:2:003d:0003:00d5:01c20000:0:0:0:" name="Radio The Voice" service_name="Radio The Voice" provider="NURTS" sid="61" onid="213" tsid="3" />
    <channel service_ref="1:0:2:005e:0003:00d5:01c20000:0:0:0:" name="Radio Veselina E" service_name="Radio Veselina E" provider="NURTS" sid="94" onid="213" tsid="3" />
    <channel service_ref="1:0:2:005c:0003:00d5:01c20000:0:0:0:" name="Radio Veselina N" service_name="Radio Veselina N" provider="NURTS" sid="92" onid="213" tsid="3" />
    <channel service_ref="1:0:2:003e:0003:00d5:01c20000:0:0:0:" name="Radio Veselina S" service_name="Radio Veselina S" provider="NURTS" sid="62" onid="213" tsid="3" />
    <channel service_ref="1:0:2:005d:0003:00d5:01c20000:0:0:0:" name="Radio Veselina W" service_name="Radio Veselina W" provider="NURTS" sid="93" onid="213" tsid="3" />
    <channel service_ref="1:0:2:003c:0003:00d5:01c20000:0:0:0:" name="Radio Vitosha E" service_name="Radio Vitosha E" provider="NURTS" sid="60" onid="213" tsid="3" />
    <channel service_ref="1:0:2:005b:0003:00d5:01c20000:0:0:0:" name="Radio Vitosha W" service_name="Radio Vitosha W" provider="NURTS" sid="91" onid="213" tsid="3" />
    <channel service_ref="1:0:2:0022:0003:00d5:01c20000:0:0:0:" name="RNE" service_name="RNE" provider="NURTS" sid="34" onid="213" tsid="3" />
    <channel service_ref="1:0:2:002c:0003:00d5:01c20000:0:0:0:" name="Start FM" service_name="Start FM" provider="NURTS" sid="44" onid="213" tsid="3" />
    <channel service_ref="1:0:2:002d:0003:00d5:01c20000:0:0:0:" name="Test Signal" service_name="Test Signal" provider="NURTS" sid="45" onid="213" tsid="3" />
    <channel service_ref="1:0:2:001d:0003:00d5:01c20000:0:0:0:" name="Z-ROCK" service_name="Z-ROCK" provider="NURTS" sid="29" onid="213" tsid="3" />
    <channel service_ref="1:0:2:0025:0003:00d5:01c20000:0:0:0:" name="Z-Rock Cable" service_name="Z-Rock Cable" provider="NURTS" sid="37" onid="213" tsid="3" />
  </bouquet>
  <bouquet name="Radio - Music" category="radio">
    <channel service_ref="1:0:2:0023:0003:00d5:01c20000:0:0:0:" name="Classic FM" service_name="Classic FM" provider="NURTS" sid="35" onid="213" tsid="3" />
    <channel service_ref="1:0:2:0021:0003:00d5:01c20000:0:0:0:" name="Jazz FM" service_name="Jazz FM" provider="NURTS" sid="33" onid="213" tsid="3" />
    <channel service_ref="1:0:2:002f:0003:00d5:01c20000:0:0:0:" name="Radio FM+" service_name="Radio FM+" provider="NURTS" sid="47" onid="213" tsid="3" />
    <channel service_ref="1:0:2:003f:0003:00d5:01c20000:0:0:0:" name="Radio Magic FM" service_name="Radio Magic FM" provider="NURTS" sid="63" onid="213" tsid="3" />
    <channel service_ref="1:0:2:002c:0003:00d5:01c20000:0:0:0:" name="Start FM" service_name="Start FM" provider="NURTS" sid="44" onid="213" tsid="3" />
    <channel service_ref="1:0:2:001d:0003:00d5:01c20000:0:0:0:" name="Z-ROCK" service_name="Z-ROCK" provider="NURTS" sid="29" onid="213" tsid="3" />
    <channel service_ref="1:0:2:0025:0003:00d5:01c20000:0:0:0:" name="Z-Rock Cable" service_name="Z-Rock Cable" provider="NURTS" sid="37" onid="213" tsid="3" />
  </bouquet>
  <bouquet name="Radio - News" category="radio">
    <channel service_ref="1:0:2:002b:0003:00d5:01c20000:0:0:0:" name="Nova News" service_name="Nova News" provider="NURTS" sid="43" onid="213" tsid="3" />
  </bouquet>
</zapit>
