{
  "api_version": 4,
  "bouquet_count": "726",
  "category": "terrestrial",
  "deduplicated_services": "0",
  "display_name": "Rai",
  "lamedb_version": "4",
  "last_seen": "unknown",
  "region_code": "rai",
  "service_count": "1955",
  "source": "work/ingest/oe-alliance/vhannibal.hotbird.and.dtt.milano/enigma2",
  "stale": "unknown",
  "stats": "{\"bouquet_count\": 43, \"cable_services\": 0, \"radio_services\": 275, \"sat_services\": 1548, \"terrestrial_services\": 407, \"total_services\": 1955}",
  "thresholds": "{\"cable\": 20, \"sat\": 50, \"terrestrial\": 20}",
  "transponder_count": "112"
}