{
  "api_version": 4,
  "bouquet_count": "332",
  "category": "sat",
  "deduplicated_services": "0",
  "display_name": "Hotbird-13.0E",
  "lamedb_version": "4",
  "last_seen": "unknown",
  "satellite_code": "S13E",
  "service_count": "3776",
  "source": "work/ingest/oe-alliance/vhannibal.quad.7e.13e.19e.42e/enigma2",
  "stale": "unknown",
  "stats": "{\"bouquet_count\": 43, \"cable_services\": 0, \"radio_services\": 557, \"sat_services\": 3776, \"terrestrial_services\": 0, \"total_services\": 3776}",
  "thresholds": "{\"cable\": 20, \"sat\": 50, \"terrestrial\": 20}",
  "transponder_count": "274"
}