<?xml version='1.0' encoding='utf-8'?>
<zapit>
  <bouquet name="General" category="tv">
    <channel service_ref="1:0:1:12c4:48e1:217c:eeee0000:0:0:0:" name="12 TV Parma HD" service_name="12 TV Parma HD" provider="12 TV PARMA" sid="4804" onid="8572" tsid="18657" />
    <channel service_ref="1:0:1:12cb:48e1:217c:eeee0000:0:0:0:" name="7G" service_name="7G" provider="Sestarete &amp; Rete 8" sid="4811" onid="8572" tsid="18657" />
    <channel service_ref="1:0:1:12cd:48e1:217c:eeee0000:0:0:0:" name="CANALE ITALIA" service_name="CANALE ITALIA" provider="Canale Italia" sid="4813" onid="8572" tsid="18657" />
    <channel service_ref="1:0:1:12d1:48e1:217c:eeee0000:0:0:0:" name="E TV RETE 7" service_name="E TV RETE 7" provider="E TV RETE 7" sid="4817" onid="8572" tsid="18657" />
    <channel service_ref="1:0:1:12ce:48e1:217c:eeee0000:0:0:0:" name="Icaro TV" service_name="Icaro TV" provider="Icaro TV" sid="4814" onid="8572" tsid="18657" />
    <channel service_ref="1:0:25:12cc:48e1:217c:eeee0000:0:0:0:" name="RADIO BRUNO Emilia Romagna" service_name="RADIO BRUNO Emilia Romagna" provider="RADIO BRUNO" sid="4812" onid="8572" tsid="18657" />
    <channel service_ref="1:0:1:12d0:48e1:217c:eeee0000:0:0:0:" name="RADIO STUDIO DELTA" service_name="RADIO STUDIO DELTA" provider="RADIO STUDIO DELTA" sid="4816" onid="8572" tsid="18657" />
    <channel service_ref="1:0:1:12c3:48e1:217c:eeee0000:0:0:0:" name="Telereggio" service_name="Telereggio" provider="M-Three" sid="4803" onid="8572" tsid="18657" />
    <channel service_ref="1:0:1:12c6:48e1:217c:eeee0000:0:0:0:" name="Teleromagna HD" service_name="Teleromagna HD" provider="pubblisole" sid="4806" onid="8572" tsid="18657" />
    <channel service_ref="1:0:1:12c9:48e1:217c:eeee0000:0:0:0:" name="telestense" service_name="telestense" provider="rei" sid="4809" onid="8572" tsid="18657" />
    <channel service_ref="1:0:1:12d2:48e1:217c:eeee0000:0:0:0:" name="telestense" service_name="telestense" provider="rei" sid="4818" onid="8572" tsid="18657" />
    <channel service_ref="1:0:1:12c7:48e1:217c:eeee0000:0:0:0:" name="TR 24" service_name="TR 24" provider="PUBBLISOLE" sid="4807" onid="8572" tsid="18657" />
    <channel service_ref="1:0:1:12c2:48e1:217c:eeee0000:0:0:0:" name="TRC Bologna" service_name="TRC Bologna" provider="M-Three" sid="4802" onid="8572" tsid="18657" />
    <channel service_ref="1:0:1:12c1:48e1:217c:eeee0000:0:0:0:" name="TRC Modena" service_name="TRC Modena" provider="M-Three" sid="4801" onid="8572" tsid="18657" />
    <channel service_ref="1:0:1:12c5:48e1:217c:eeee0000:0:0:0:" name="TvQui HD" service_name="TvQui HD" provider="TvQui" sid="4805" onid="8572" tsid="18657" />
    <channel service_ref="1:0:25:12cf:48e1:217c:eeee0000:0:0:0:" name="VR" service_name="VR" provider="VR" sid="4815" onid="8572" tsid="18657" />
  </bouquet>
  <bouquet name="ARD/ZDF" category="tv">
    <channel service_ref="1:0:25:12cc:48e1:217c:eeee0000:0:0:0:" name="RADIO BRUNO Emilia Romagna" service_name="RADIO BRUNO Emilia Romagna" provider="RADIO BRUNO" sid="4812" onid="8572" tsid="18657" />
    <channel service_ref="1:0:1:12c3:48e1:217c:eeee0000:0:0:0:" name="Telereggio" service_name="Telereggio" provider="M-Three" sid="4803" onid="8572" tsid="18657" />
    <channel service_ref="1:0:1:12c2:48e1:217c:eeee0000:0:0:0:" name="TRC Bologna" service_name="TRC Bologna" provider="M-Three" sid="4802" onid="8572" tsid="18657" />
    <channel service_ref="1:0:1:12c1:48e1:217c:eeee0000:0:0:0:" name="TRC Modena" service_name="TRC Modena" provider="M-Three" sid="4801" onid="8572" tsid="18657" />
  </bouquet>
  <bouquet name="RAI" category="tv">
    <channel service_ref="1:0:1:12cd:48e1:217c:eeee0000:0:0:0:" name="CANALE ITALIA" service_name="CANALE ITALIA" provider="Canale Italia" sid="4813" onid="8572" tsid="18657" />
  </bouquet>
  <bouquet name="Switzerland" category="tv">
    <channel service_ref="1:0:1:12c6:48e1:217c:eeee0000:0:0:0:" name="Teleromagna HD" service_name="Teleromagna HD" provider="pubblisole" sid="4806" onid="8572" tsid="18657" />
    <channel service_ref="1:0:1:12c9:48e1:217c:eeee0000:0:0:0:" name="telestense" service_name="telestense" provider="rei" sid="4809" onid="8572" tsid="18657" />
    <channel service_ref="1:0:1:12d2:48e1:217c:eeee0000:0:0:0:" name="telestense" service_name="telestense" provider="rei" sid="4818" onid="8572" tsid="18657" />
  </bouquet>
  <bouquet name="Resolution - HD" category="tv">
    <channel service_ref="1:0:1:12c4:48e1:217c:eeee0000:0:0:0:" name="12 TV Parma HD" service_name="12 TV Parma HD" provider="12 TV PARMA" sid="4804" onid="8572" tsid="18657" />
    <channel service_ref="1:0:1:12c6:48e1:217c:eeee0000:0:0:0:" name="Teleromagna HD" service_name="Teleromagna HD" provider="pubblisole" sid="4806" onid="8572" tsid="18657" />
    <channel service_ref="1:0:1:12c5:48e1:217c:eeee0000:0:0:0:" name="TvQui HD" service_name="TvQui HD" provider="TvQui" sid="4805" onid="8572" tsid="18657" />
  </bouquet>
  <bouquet name="Others" category="tv">
    <channel service_ref="1:0:1:12c4:48e1:217c:eeee0000:0:0:0:" name="12 TV Parma HD" service_name="12 TV Parma HD" provider="12 TV PARMA" sid="4804" onid="8572" tsid="18657" />
    <channel service_ref="1:0:1:12cb:48e1:217c:eeee0000:0:0:0:" name="7G" service_name="7G" provider="Sestarete &amp; Rete 8" sid="4811" onid="8572" tsid="18657" />
    <channel service_ref="1:0:1:12d1:48e1:217c:eeee0000:0:0:0:" name="E TV RETE 7" service_name="E TV RETE 7" provider="E TV RETE 7" sid="4817" onid="8572" tsid="18657" />
    <channel service_ref="1:0:1:12ce:48e1:217c:eeee0000:0:0:0:" name="Icaro TV" service_name="Icaro TV" provider="Icaro TV" sid="4814" onid="8572" tsid="18657" />
    <channel service_ref="1:0:1:12d0:48e1:217c:eeee0000:0:0:0:" name="RADIO STUDIO DELTA" service_name="RADIO STUDIO DELTA" provider="RADIO STUDIO DELTA" sid="4816" onid="8572" tsid="18657" />
    <channel service_ref="1:0:1:12c7:48e1:217c:eeee0000:0:0:0:" name="TR 24" service_name="TR 24" provider="PUBBLISOLE" sid="4807" onid="8572" tsid="18657" />
    <channel service_ref="1:0:1:12c5:48e1:217c:eeee0000:0:0:0:" name="TvQui HD" service_name="TvQui HD" provider="TvQui" sid="4805" onid="8572" tsid="18657" />
    <channel service_ref="1:0:25:12cf:48e1:217c:eeee0000:0:0:0:" name="VR" service_name="VR" provider="VR" sid="4815" onid="8572" tsid="18657" />
  </bouquet>
  <bouquet name="Digitale Terrestre" category="tv">
    <channel service_ref="1:0:1:12c6:48e1:217c:eeee0000:0:0:0:" name="Teleromagna HD" service_name="Teleromagna HD" provider="pubblisole" sid="4806" onid="8572" tsid="18657" />
    <channel service_ref="1:0:19:12cf:48e1:217c:eeee0000:0:0:0:" name="VR" service_name="VR" provider="VR" sid="4815" onid="8572" tsid="18657" />
    <channel service_ref="1:0:1:12cb:48e1:217c:eeee0000:0:0:0:" name="7G" service_name="7G" provider="Sestarete &amp; Rete 8" sid="4811" onid="8572" tsid="18657" />
    <channel service_ref="1:0:19:12cc:48e1:217c:eeee0000:0:0:0:" name="RADIO BRUNO Emilia Romagna" service_name="RADIO BRUNO Emilia Romagna" provider="RADIO BRUNO" sid="4812" onid="8572" tsid="18657" />
    <channel service_ref="1:0:1:12c7:48e1:217c:eeee0000:0:0:0:" name="TR 24" service_name="TR 24" provider="PUBBLISOLE" sid="4807" onid="8572" tsid="18657" />
    <channel service_ref="1:0:1:12c2:48e1:217c:eeee0000:0:0:0:" name="TRC Bologna" service_name="TRC Bologna" provider="M-Three" sid="4802" onid="8572" tsid="18657" />
    <channel service_ref="1:0:1:12c1:48e1:217c:eeee0000:0:0:0:" name="TRC Modena" service_name="TRC Modena" provider="M-Three" sid="4801" onid="8572" tsid="18657" />
    <channel service_ref="1:0:1:12c3:48e1:217c:eeee0000:0:0:0:" name="Telereggio" service_name="Telereggio" provider="M-Three" sid="4803" onid="8572" tsid="18657" />
    <channel service_ref="1:0:1:12c4:48e1:217c:eeee0000:0:0:0:" name="12 TV Parma HD" service_name="12 TV Parma HD" provider="12 TV PARMA" sid="4804" onid="8572" tsid="18657" />
    <channel service_ref="1:0:1:12c5:48e1:217c:eeee0000:0:0:0:" name="TvQui HD" service_name="TvQui HD" provider="TvQui" sid="4805" onid="8572" tsid="18657" />
    <channel service_ref="1:0:1:12c9:48e1:217c:eeee0000:0:0:0:" name="telestense" service_name="telestense" provider="rei" sid="4809" onid="8572" tsid="18657" />
    <channel service_ref="1:0:1:12cd:48e1:217c:eeee0000:0:0:0:" name="CANALE ITALIA" service_name="CANALE ITALIA" provider="Canale Italia" sid="4813" onid="8572" tsid="18657" />
    <channel service_ref="1:0:1:12ce:48e1:217c:eeee0000:0:0:0:" name="Icaro TV" service_name="Icaro TV" provider="Icaro TV" sid="4814" onid="8572" tsid="18657" />
    <channel service_ref="1:0:1:12d1:48e1:217c:eeee0000:0:0:0:" name="E TV RETE 7" service_name="E TV RETE 7" provider="E TV RETE 7" sid="4817" onid="8572" tsid="18657" />
    <channel service_ref="1:0:1:12d2:48e1:217c:eeee0000:0:0:0:" name="telestense" service_name="telestense" provider="rei" sid="4818" onid="8572" tsid="18657" />
    <channel service_ref="1:0:1:12d0:48e1:217c:eeee0000:0:0:0:" name="RADIO STUDIO DELTA" service_name="RADIO STUDIO DELTA" provider="RADIO STUDIO DELTA" sid="4816" onid="8572" tsid="18657" />
  </bouquet>
</zapit>
