<?xml version='1.0' encoding='utf-8'?>
<zapit>
  <bouquet name="General" category="tv">
    <channel service_ref="1:0:1:0ffa:272b:217c:eeee0000:0:0:0:" name="72 LOMBARDIA" service_name="72 LOMBARDIA" provider="TELECOLOR" sid="4090" onid="8572" tsid="10027" />
    <channel service_ref="1:0:1:0ff8:272b:217c:eeee0000:0:0:0:" name="96" service_name="96" provider="TELECOLOR" sid="4088" onid="8572" tsid="10027" />
    <channel service_ref="1:0:1:0fd2:272b:217c:eeee0000:0:0:0:" name="MilanoPaviaTV" service_name="MilanoPaviaTV" provider="TELECOLOR" sid="4050" onid="8572" tsid="10027" />
    <channel service_ref="1:0:1:0fd6:272b:217c:eeee0000:0:0:0:" name="PRIMARETE" service_name="PRIMARETE" provider="TELECOLOR" sid="4054" onid="8572" tsid="10027" />
    <channel service_ref="1:0:1:0fda:272b:217c:eeee0000:0:0:0:" name="Primarete" service_name="Primarete" provider="TELECOLOR" sid="4058" onid="8572" tsid="10027" />
    <channel service_ref="1:0:1:0005:272b:217c:eeee0000:0:0:0:" name="Salute e Natura" service_name="Salute e Natura" provider="TELECOLOR" sid="5" onid="8572" tsid="10027" />
    <channel service_ref="1:0:1:0fd4:272b:217c:eeee0000:0:0:0:" name="Telecolor" service_name="Telecolor" provider="TELECOLOR" sid="4052" onid="8572" tsid="10027" />
    <channel service_ref="1:0:1:0fde:272b:217c:eeee0000:0:0:0:" name="TELECOLOR HD" service_name="TELECOLOR HD" provider="TELECOLOR" sid="4062" onid="8572" tsid="10027" />
    <channel service_ref="1:0:1:0feb:272b:217c:eeee0000:0:0:0:" name="telePAVIA" service_name="telePAVIA" provider="TELECOLOR" sid="4075" onid="8572" tsid="10027" />
    <channel service_ref="1:0:1:0fd5:272b:217c:eeee0000:0:0:0:" name="Telereporter" service_name="Telereporter" provider="TELECOLOR" sid="4053" onid="8572" tsid="10027" />
    <channel service_ref="1:0:1:0fd7:272b:217c:eeee0000:0:0:0:" name="Telereporter HD" service_name="Telereporter HD" provider="TELECOLOR" sid="4055" onid="8572" tsid="10027" />
    <channel service_ref="1:0:1:0fdf:272b:217c:eeee0000:0:0:0:" name="TRS 93" service_name="TRS 93" provider="TELECOLOR" sid="4063" onid="8572" tsid="10027" />
    <channel service_ref="1:0:1:0fe2:272b:217c:eeee0000:0:0:0:" name="TRS HD 93" service_name="TRS HD 93" provider="TELECOLOR" sid="4066" onid="8572" tsid="10027" />
  </bouquet>
  <bouquet name="ARD/ZDF" category="tv">
    <channel service_ref="1:0:1:0ffa:272b:217c:eeee0000:0:0:0:" name="72 LOMBARDIA" service_name="72 LOMBARDIA" provider="TELECOLOR" sid="4090" onid="8572" tsid="10027" />
  </bouquet>
  <bouquet name="Austria" category="tv">
    <channel service_ref="1:0:1:0fd2:272b:217c:eeee0000:0:0:0:" name="MilanoPaviaTV" service_name="MilanoPaviaTV" provider="TELECOLOR" sid="4050" onid="8572" tsid="10027" />
  </bouquet>
  <bouquet name="Switzerland" category="tv">
    <channel service_ref="1:0:1:0ff8:272b:217c:eeee0000:0:0:0:" name="96" service_name="96" provider="TELECOLOR" sid="4088" onid="8572" tsid="10027" />
    <channel service_ref="1:0:1:0fd6:272b:217c:eeee0000:0:0:0:" name="PRIMARETE" service_name="PRIMARETE" provider="TELECOLOR" sid="4054" onid="8572" tsid="10027" />
    <channel service_ref="1:0:1:0fda:272b:217c:eeee0000:0:0:0:" name="Primarete" service_name="Primarete" provider="TELECOLOR" sid="4058" onid="8572" tsid="10027" />
    <channel service_ref="1:0:1:0005:272b:217c:eeee0000:0:0:0:" name="Salute e Natura" service_name="Salute e Natura" provider="TELECOLOR" sid="5" onid="8572" tsid="10027" />
    <channel service_ref="1:0:1:0fd4:272b:217c:eeee0000:0:0:0:" name="Telecolor" service_name="Telecolor" provider="TELECOLOR" sid="4052" onid="8572" tsid="10027" />
    <channel service_ref="1:0:1:0fde:272b:217c:eeee0000:0:0:0:" name="TELECOLOR HD" service_name="TELECOLOR HD" provider="TELECOLOR" sid="4062" onid="8572" tsid="10027" />
    <channel service_ref="1:0:1:0feb:272b:217c:eeee0000:0:0:0:" name="telePAVIA" service_name="telePAVIA" provider="TELECOLOR" sid="4075" onid="8572" tsid="10027" />
    <channel service_ref="1:0:1:0fd5:272b:217c:eeee0000:0:0:0:" name="Telereporter" service_name="Telereporter" provider="TELECOLOR" sid="4053" onid="8572" tsid="10027" />
    <channel service_ref="1:0:1:0fd7:272b:217c:eeee0000:0:0:0:" name="Telereporter HD" service_name="Telereporter HD" provider="TELECOLOR" sid="4055" onid="8572" tsid="10027" />
    <channel service_ref="1:0:1:0fdf:272b:217c:eeee0000:0:0:0:" name="TRS 93" service_name="TRS 93" provider="TELECOLOR" sid="4063" onid="8572" tsid="10027" />
    <channel service_ref="1:0:1:0fe2:272b:217c:eeee0000:0:0:0:" name="TRS HD 93" service_name="TRS HD 93" provider="TELECOLOR" sid="4066" onid="8572" tsid="10027" />
  </bouquet>
  <bouquet name="Resolution - HD" category="tv">
    <channel service_ref="1:0:1:0fde:272b:217c:eeee0000:0:0:0:" name="TELECOLOR HD" service_name="TELECOLOR HD" provider="TELECOLOR" sid="4062" onid="8572" tsid="10027" />
    <channel service_ref="1:0:1:0fd7:272b:217c:eeee0000:0:0:0:" name="Telereporter HD" service_name="Telereporter HD" provider="TELECOLOR" sid="4055" onid="8572" tsid="10027" />
    <channel service_ref="1:0:1:0fe2:272b:217c:eeee0000:0:0:0:" name="TRS HD 93" service_name="TRS HD 93" provider="TELECOLOR" sid="4066" onid="8572" tsid="10027" />
  </bouquet>
  <bouquet name="Digitale Terrestre" category="tv">
    <channel service_ref="1:0:1:fde:272b:217c:eeee0000:0:0:0:" name="TELECOLOR HD" service_name="TELECOLOR HD" provider="TELECOLOR" sid="4062" onid="8572" tsid="10027" />
    <channel service_ref="1:0:1:fd4:272b:217c:eeee0000:0:0:0:" name="Telecolor" service_name="Telecolor" provider="TELECOLOR" sid="4052" onid="8572" tsid="10027" />
    <channel service_ref="1:0:1:fd7:272b:217c:eeee0000:0:0:0:" name="Telereporter HD" service_name="Telereporter HD" provider="TELECOLOR" sid="4055" onid="8572" tsid="10027" />
    <channel service_ref="1:0:1:fd5:272b:217c:eeee0000:0:0:0:" name="Telereporter" service_name="Telereporter" provider="TELECOLOR" sid="4053" onid="8572" tsid="10027" />
    <channel service_ref="1:0:1:5:272b:217c:eeee0000:0:0:0:" name="Salute e Natura" service_name="Salute e Natura" provider="TELECOLOR" sid="5" onid="8572" tsid="10027" />
    <channel service_ref="1:0:1:fd2:272b:217c:eeee0000:0:0:0:" name="MilanoPaviaTV" service_name="MilanoPaviaTV" provider="TELECOLOR" sid="4050" onid="8572" tsid="10027" />
    <channel service_ref="1:0:1:fd6:272b:217c:eeee0000:0:0:0:" name="PRIMARETE" service_name="PRIMARETE" provider="TELECOLOR" sid="4054" onid="8572" tsid="10027" />
    <channel service_ref="1:0:1:fda:272b:217c:eeee0000:0:0:0:" name="Primarete" service_name="Primarete" provider="TELECOLOR" sid="4058" onid="8572" tsid="10027" />
    <channel service_ref="1:0:1:fdf:272b:217c:eeee0000:0:0:0:" name="TRS 93" service_name="TRS 93" provider="TELECOLOR" sid="4063" onid="8572" tsid="10027" />
    <channel service_ref="1:0:1:fe2:272b:217c:eeee0000:0:0:0:" name="TRS HD 93" service_name="TRS HD 93" provider="TELECOLOR" sid="4066" onid="8572" tsid="10027" />
    <channel service_ref="1:0:1:feb:272b:217c:eeee0000:0:0:0:" name="telePAVIA" service_name="telePAVIA" provider="TELECOLOR" sid="4075" onid="8572" tsid="10027" />
    <channel service_ref="1:0:1:ff8:272b:217c:eeee0000:0:0:0:" name="96" service_name="96" provider="TELECOLOR" sid="4088" onid="8572" tsid="10027" />
  </bouquet>
  <bouquet name="Digitale Terrestre                  by Rennys" category="tv">
    <channel service_ref="1:0:1:5:272b:217c:eeee0000:0:0:0:" name="Salute e Natura" service_name="Salute e Natura" provider="TELECOLOR" sid="5" onid="8572" tsid="10027" />
    <channel service_ref="1:0:1:fd2:272b:217c:eeee0000:0:0:0:" name="MilanoPaviaTV" service_name="MilanoPaviaTV" provider="TELECOLOR" sid="4050" onid="8572" tsid="10027" />
    <channel service_ref="1:0:1:fd4:272b:217c:eeee0000:0:0:0:" name="Telecolor" service_name="Telecolor" provider="TELECOLOR" sid="4052" onid="8572" tsid="10027" />
    <channel service_ref="1:0:1:fd5:272b:217c:eeee0000:0:0:0:" name="Telereporter" service_name="Telereporter" provider="TELECOLOR" sid="4053" onid="8572" tsid="10027" />
    <channel service_ref="1:0:1:fd6:272b:217c:eeee0000:0:0:0:" name="PRIMARETE" service_name="PRIMARETE" provider="TELECOLOR" sid="4054" onid="8572" tsid="10027" />
    <channel service_ref="1:0:1:fd7:272b:217c:eeee0000:0:0:0:" name="Telereporter HD" service_name="Telereporter HD" provider="TELECOLOR" sid="4055" onid="8572" tsid="10027" />
    <channel service_ref="1:0:1:fda:272b:217c:eeee0000:0:0:0:" name="Primarete" service_name="Primarete" provider="TELECOLOR" sid="4058" onid="8572" tsid="10027" />
    <channel service_ref="1:0:1:fde:272b:217c:eeee0000:0:0:0:" name="TELECOLOR HD" service_name="TELECOLOR HD" provider="TELECOLOR" sid="4062" onid="8572" tsid="10027" />
    <channel service_ref="1:0:1:fdf:272b:217c:eeee0000:0:0:0:" name="TRS 93" service_name="TRS 93" provider="TELECOLOR" sid="4063" onid="8572" tsid="10027" />
    <channel service_ref="1:0:1:fe2:272b:217c:eeee0000:0:0:0:" name="TRS HD 93" service_name="TRS HD 93" provider="TELECOLOR" sid="4066" onid="8572" tsid="10027" />
    <channel service_ref="1:0:1:feb:272b:217c:eeee0000:0:0:0:" name="telePAVIA" service_name="telePAVIA" provider="TELECOLOR" sid="4075" onid="8572" tsid="10027" />
    <channel service_ref="1:0:1:ff8:272b:217c:eeee0000:0:0:0:" name="96" service_name="96" provider="TELECOLOR" sid="4088" onid="8572" tsid="10027" />
  </bouquet>
  <bouquet name="Digitale Terrestre                by Rennys" category="tv">
    <channel service_ref="1:0:1:fde:272b:217c:eeee0000:0:0:0:" name="TELECOLOR HD" service_name="TELECOLOR HD" provider="TELECOLOR" sid="4062" onid="8572" tsid="10027" />
    <channel service_ref="1:0:1:fd4:272b:217c:eeee0000:0:0:0:" name="Telecolor" service_name="Telecolor" provider="TELECOLOR" sid="4052" onid="8572" tsid="10027" />
    <channel service_ref="1:0:1:fd7:272b:217c:eeee0000:0:0:0:" name="Telereporter HD" service_name="Telereporter HD" provider="TELECOLOR" sid="4055" onid="8572" tsid="10027" />
    <channel service_ref="1:0:1:fd5:272b:217c:eeee0000:0:0:0:" name="Telereporter" service_name="Telereporter" provider="TELECOLOR" sid="4053" onid="8572" tsid="10027" />
    <channel service_ref="1:0:1:fd2:272b:217c:eeee0000:0:0:0:" name="MilanoPaviaTV" service_name="MilanoPaviaTV" provider="TELECOLOR" sid="4050" onid="8572" tsid="10027" />
    <channel service_ref="1:0:1:feb:272b:217c:eeee0000:0:0:0:" name="telePAVIA" service_name="telePAVIA" provider="TELECOLOR" sid="4075" onid="8572" tsid="10027" />
    <channel service_ref="1:0:1:fd6:272b:217c:eeee0000:0:0:0:" name="PRIMARETE" service_name="PRIMARETE" provider="TELECOLOR" sid="4054" onid="8572" tsid="10027" />
    <channel service_ref="1:0:1:ffa:272b:217c:eeee0000:0:0:0:" name="72 LOMBARDIA" service_name="72 LOMBARDIA" provider="TELECOLOR" sid="4090" onid="8572" tsid="10027" />
    <channel service_ref="1:0:1:fe2:272b:217c:eeee0000:0:0:0:" name="TRS HD 93" service_name="TRS HD 93" provider="TELECOLOR" sid="4066" onid="8572" tsid="10027" />
    <channel service_ref="1:0:1:fdf:272b:217c:eeee0000:0:0:0:" name="TRS 93" service_name="TRS 93" provider="TELECOLOR" sid="4063" onid="8572" tsid="10027" />
    <channel service_ref="1:0:1:5:272b:217c:eeee0000:0:0:0:" name="Salute e Natura" service_name="Salute e Natura" provider="TELECOLOR" sid="5" onid="8572" tsid="10027" />
    <channel service_ref="1:0:1:fda:272b:217c:eeee0000:0:0:0:" name="Primarete" service_name="Primarete" provider="TELECOLOR" sid="4058" onid="8572" tsid="10027" />
    <channel service_ref="1:0:1:ff8:272b:217c:eeee0000:0:0:0:" name="96" service_name="96" provider="TELECOLOR" sid="4088" onid="8572" tsid="10027" />
  </bouquet>
</zapit>
