<?xml version='1.0' encoding='utf-8'?>
<zapit api="4">
  <satellites>
    <satellite key="02250000:0037:0064" name="Sat-54.9E" namespace="0x02250000" position="54.9">
      <transponder key="02250000:0037:0064" frequency="11265000" symbol_rate="30000000" polarization="V" fec="3" system="0" modulation="0">
        <service id="0x00d4" sid="212" name="FRIDAY_+0_mp4" type="1" provider="Harmonic" onid="100" tsid="55" namespace="0x02250000" />
        <service id="0x0002" sid="2" name="NTV 2" type="1" provider="GAZPROM SS" onid="100" tsid="55" namespace="0x02250000" />
        <service id="0x00be" sid="190" name="rentv0" type="1" provider="GAZPROM SS" onid="100" tsid="55" namespace="0x02250000" />
        <service id="0x012c" sid="300" name="rentv2" type="1" provider="GAZPROM SS" onid="100" tsid="55" namespace="0x02250000" />
        <service id="0x01c2" sid="450" name="rentv4" type="1" provider="GAZPROM SS" onid="100" tsid="55" namespace="0x02250000" />
        <service id="0x00d0" sid="208" name="TB3_+0_mp4" type="1" provider="GAZPROM_SS" onid="100" tsid="55" namespace="0x02250000" />
        <service id="0x01b8" sid="440" name="TEST 1" type="1" provider="GAZPROM SS" onid="100" tsid="55" namespace="0x02250000" />
        <service id="0x01f4" sid="500" name="TEST 2" type="1" provider="GAZPROM_SS" onid="100" tsid="55" namespace="0x02250000" />
        <service id="0x01ae" sid="430" name="TEST 3" type="1" provider="GAZPROM SS" onid="100" tsid="55" namespace="0x02250000" />
        <service id="0x01a4" sid="420" name="TNT +2" type="1" provider="GAZPROM SS" onid="100" tsid="55" namespace="0x02250000" />
        <service id="0x019a" sid="410" name="TNT 0" type="1" provider="GAZPROM SS" onid="100" tsid="55" namespace="0x02250000" />
        <service id="0x01ea" sid="490" name="Dorozhnoe" type="2" provider="GAZPROM SS" onid="100" tsid="55" namespace="0x02250000" radio="1" />
        <service id="0x021c" sid="540" name="Europa Plus_55E" type="2" provider="GAZPROM_SS" onid="100" tsid="55" namespace="0x02250000" radio="1" />
        <service id="0x00e2" sid="226" name="Radio 7_55E" type="2" provider="GAZPROM_SS" onid="100" tsid="55" namespace="0x02250000" radio="1" />
        <service id="0x001f" sid="31" name="RADIO CHANSON +2" type="2" provider="GAZPROM SS" onid="100" tsid="55" namespace="0x02250000" radio="1" />
        <service id="0x01fe" sid="510" name="RADIO CHANSON+0" type="2" provider="GAZPROM_SS" onid="100" tsid="55" namespace="0x02250000" radio="1" />
        <service id="0x023a" sid="570" name="Retro FM_55E" type="2" provider="GAZPROM_SS" onid="100" tsid="55" namespace="0x02250000" radio="1" />
        <service id="0x00e6" sid="230" name="Sport FM_55E" type="2" provider="GAZPROM_SS" onid="100" tsid="55" namespace="0x02250000" radio="1" />
      </transponder>
    </satellite>
    <satellite key="022530f3:0001:0000" name="Sat-54.9E" namespace="0x022530f3" position="54.9">
      <transponder key="022530f3:0001:0000" frequency="12531000" symbol_rate="2500000" polarization="H" fec="4" system="0" modulation="0">
        <service id="0x00c2" sid="194" name="Avtoradio_4" type="1" provider="CONNECTO.TV" onid="0" tsid="1" namespace="0x022530f3" />
        <service id="0x000e" sid="14" name="Comedy_M0" type="1" provider="CONNECTO.TV" onid="0" tsid="1" namespace="0x022530f3" />
        <service id="0x0007" sid="7" name="Comedy_M2" type="1" provider="CONNECTO.TV" onid="0" tsid="1" namespace="0x022530f3" />
        <service id="0x0008" sid="8" name="Energy_M0" type="1" provider="CONNECTO.TV" onid="0" tsid="1" namespace="0x022530f3" />
        <service id="0x019c" sid="412" name="Energy_M4" type="1" provider="CONNECTO.TV" onid="0" tsid="1" namespace="0x022530f3" />
        <service id="0x002b" sid="43" name="Humor 2" type="1" provider="CONNECTO.TV" onid="0" tsid="1" namespace="0x022530f3" />
        <service id="0x00c6" sid="198" name="Humor_4" type="1" provider="CONNECTO.TV" onid="0" tsid="1" namespace="0x022530f3" />
        <service id="0x019f" sid="415" name="Radio Kniga" type="1" provider="CONNECTO.TV" onid="0" tsid="1" namespace="0x022530f3" />
        <service id="0x0006" sid="6" name="107.8" type="2" provider="CONNECTO.TV" onid="0" tsid="1" namespace="0x022530f3" radio="1" />
        <service id="0x000c" sid="12" name="Avtoradio_0" type="2" provider="CONNECTO.TV" onid="0" tsid="1" namespace="0x022530f3" radio="1" />
        <service id="0x000b" sid="11" name="Avtoradio_2" type="2" provider="CONNECTO.TV" onid="0" tsid="1" namespace="0x022530f3" radio="1" />
        <service id="0x0009" sid="9" name="Avtoradio_M" type="2" provider="CONNECTO.TV" onid="0" tsid="1" namespace="0x022530f3" radio="1" />
        <service id="0x0001" sid="1" name="Business" type="2" provider="CONNECTO.TV" onid="0" tsid="1" namespace="0x022530f3" radio="1" />
        <service id="0x0002" sid="2" name="Humor_0" type="2" provider="CONNECTO.TV" onid="0" tsid="1" namespace="0x022530f3" radio="1" />
        <service id="0x000d" sid="13" name="Humor_MR" type="2" provider="CONNECTO.TV" onid="0" tsid="1" namespace="0x022530f3" radio="1" />
        <service id="0x000a" sid="10" name="Relax" type="2" provider="CONNECTO.TV" onid="0" tsid="1" namespace="0x022530f3" radio="1" />
        <service id="0x019d" sid="413" name="Romantika" type="2" provider="CONNECTO.TV" onid="0" tsid="1" namespace="0x022530f3" radio="1" />
      </transponder>
    </satellite>
  </satellites>
</zapit>
