<?xml version='1.0' encoding='utf-8'?>
<zapit api="4">
  <satellites>
    <satellite key="0d7a0000:0002:0001" name="Sat-15W" namespace="0x0d7a0000" position="-15">
      <transponder key="0d7a0000:0002:0001" frequency="11569000" symbol_rate="2677000" polarization="H" fec="2" system="0" modulation="0">
        <service id="0x00d3" sid="211" name="Church of Jesus Christ" type="1" provider="" onid="1" tsid="2" namespace="0x0d7a0000" />
        <service id="0x00cd" sid="205" name="EU Swe - Fin" type="1" provider="" onid="1" tsid="2" namespace="0x0d7a0000" />
        <service id="0x00d4" sid="212" name="EU: Arm - Bul" type="1" provider="" onid="1" tsid="2" namespace="0x0d7a0000" />
        <service id="0x00cf" sid="207" name="EU: Dut - Man" type="1" provider="" onid="1" tsid="2" namespace="0x0d7a0000" />
        <service id="0x00d6" sid="214" name="EU: Eng - Fre" type="1" provider="" onid="1" tsid="2" namespace="0x0d7a0000" />
        <service id="0x00c9" sid="201" name="EU: Eng - Ger" type="1" provider="" onid="1" tsid="2" namespace="0x0d7a0000" />
        <service id="0x00cb" sid="203" name="EU: Eng - Ita" type="1" provider="" onid="1" tsid="2" namespace="0x0d7a0000" />
        <service id="0x00d5" sid="213" name="EU: Eng - Por" type="1" provider="" onid="1" tsid="2" namespace="0x0d7a0000" />
        <service id="0x00ce" sid="206" name="EU: Eng - Rus" type="1" provider="" onid="1" tsid="2" namespace="0x0d7a0000" />
        <service id="0x00d7" sid="215" name="EU: Eng - Spa" type="1" provider="" onid="1" tsid="2" namespace="0x0d7a0000" />
        <service id="0x00d2" sid="210" name="EU: Est - Ukr" type="1" provider="" onid="1" tsid="2" namespace="0x0d7a0000" />
        <service id="0x00d9" sid="217" name="EU: Far - Lat" type="1" provider="" onid="1" tsid="2" namespace="0x0d7a0000" />
        <service id="0x00d8" sid="216" name="EU: Gre - Cze" type="1" provider="" onid="1" tsid="2" namespace="0x0d7a0000" />
        <service id="0x00d0" sid="208" name="EU: Hun - Rom" type="1" provider="" onid="1" tsid="2" namespace="0x0d7a0000" />
        <service id="0x00cc" sid="204" name="EU: Nor - Dan" type="1" provider="" onid="1" tsid="2" namespace="0x0d7a0000" />
        <service id="0x00d1" sid="209" name="EU: Pol - Alb" type="1" provider="" onid="1" tsid="2" namespace="0x0d7a0000" />
        <service id="0x00ca" sid="202" name="EU: Spa - Por" type="1" provider="" onid="1" tsid="2" namespace="0x0d7a0000" />
      </transponder>
    </satellite>
    <satellite key="0d7a30da:0000:0000" name="Sat-15W" namespace="0x0d7a30da" position="-15">
      <transponder key="0d7a30da:0000:0000" frequency="12506000" symbol_rate="3198000" polarization="H" fec="5" system="0" modulation="0">
        <service id="0x0001" sid="1" name="MSNBC feed" type="1" provider="" onid="0" tsid="0" namespace="0x0d7a30da" />
      </transponder>
    </satellite>
    <satellite key="0d7a30e9:0000:0000" name="Sat-15W" namespace="0x0d7a30e9" position="-15">
      <transponder key="0d7a30e9:0000:0000" frequency="12521000" symbol_rate="3198000" polarization="H" fec="5" system="0" modulation="0">
        <service id="0x0001" sid="1" name="DAD-5 Fiber TX-12" type="1" provider="NBC SATOPS" onid="0" tsid="0" namespace="0x0d7a30e9" />
      </transponder>
    </satellite>
    <satellite key="0d7a312c:0001:0001" name="Sat-15W" namespace="0x0d7a312c" position="-15">
      <transponder key="0d7a312c:0001:0001" frequency="12588000" symbol_rate="3400000" polarization="H" fec="3" system="0" modulation="0">
        <service id="0x0001" sid="1" name="DAD 4 - FT-11" type="1" provider="NBC News" onid="1" tsid="1" namespace="0x0d7a312c" />
        <service id="0x0002" sid="2" name="DAD 5 - FT-12" type="1" provider="NBC News" onid="1" tsid="1" namespace="0x0d7a312c" />
      </transponder>
    </satellite>
    <satellite key="0d7a3141:0001:0000" name="Sat-15W" namespace="0x0d7a3141" position="-15">
      <transponder key="0d7a3141:0001:0000" frequency="12609000" symbol_rate="7552000" polarization="H" fec="3" system="0" modulation="0">
        <service id="0x00b5" sid="181" name="Espn 901" type="1" provider="ESPN" onid="0" tsid="1" namespace="0x0d7a3141" />
        <service id="0x00b6" sid="182" name="Espn 902" type="1" provider="ESPN" onid="0" tsid="1" namespace="0x0d7a3141" />
      </transponder>
    </satellite>
    <satellite key="0d7aacf2:0001:0001" name="Sat-15W" namespace="0x0d7aacf2" position="-15">
      <transponder key="0d7aacf2:0001:0001" frequency="11506000" symbol_rate="2894000" polarization="V" fec="3" system="0" modulation="0">
        <service id="0x0014" sid="20" name="EXRN1" type="2" provider="International Datacasting" onid="1" tsid="1" namespace="0x0d7aacf2" radio="1" />
        <service id="0x0015" sid="21" name="EXRN2" type="2" provider="International Datacasting" onid="1" tsid="1" namespace="0x0d7aacf2" radio="1" />
      </transponder>
    </satellite>
  </satellites>
</zapit>
