<?xml version='1.0' encoding='utf-8'?>
<zapit api="4">
  <terrestrials>
    <terrestrial key="eeee0000:7000:217c" name="International-Tele-Radio" namespace="0xeeee0000">
      <transponder key="eeee0000:7000:217c" frequency="538000000" symbol_rate="0" polarization="H" fec="5" system="0" modulation="4">
        <service id="0x0009" sid="9" name="ERNICA TV" type="1" provider="Service Provider" onid="8572" tsid="28672" namespace="0xeeee0000" />
        <service id="0x000c" sid="12" name="EXTRA TV" type="1" provider="International Tele Radio" onid="8572" tsid="28672" namespace="0xeeee0000" />
        <service id="0x0007" sid="7" name="I.T.R." type="1" provider="International Tele Radio" onid="8572" tsid="28672" namespace="0xeeee0000" />
        <service id="0x0006" sid="6" name="I.T.R. Magazine" type="1" provider="International Tele Radio" onid="8572" tsid="28672" namespace="0xeeee0000" />
        <service id="0x0008" sid="8" name="I.T.R. News" type="1" provider="International Tele Radio" onid="8572" tsid="28672" namespace="0xeeee0000" />
        <service id="0x0005" sid="5" name="I.T.R. Ragazzi" type="1" provider="International Tele Radio" onid="8572" tsid="28672" namespace="0xeeee0000" />
        <service id="0x01f5" sid="501" name="RADIO IMMAGINE TV" type="1" provider="DTV Provider" onid="8572" tsid="28672" namespace="0xeeee0000" />
        <service id="0x0028" sid="40" name="Teleroma 1" type="1" provider="International Tele Radio" onid="8572" tsid="28672" namespace="0xeeee0000" />
        <service id="0x003b" sid="59" name="TELEUNIVERSO" type="1" provider="International Tele Radio" onid="8572" tsid="28672" namespace="0xeeee0000" />
        <service id="0x000f" sid="15" name="Extra Radio" type="2" provider="VDL SRL" onid="8572" tsid="28672" namespace="0xeeee0000" radio="1" />
        <service id="0x000e" sid="14" name="Radio Dolcemusica" type="2" provider="VDL SRL" onid="8572" tsid="28672" namespace="0xeeee0000" radio="1" />
        <service id="0x000a" sid="10" name="Radio Evangelo" type="2" provider="VDL SRL" onid="8572" tsid="28672" namespace="0xeeee0000" radio="1" />
      </transponder>
    </terrestrial>
  </terrestrials>
</zapit>
