<?xml version='1.0' encoding='utf-8'?>
<zapit api="4">
  <satellites>
    <satellite key="01c20000:0001:00d5" name="Sat-45E" namespace="0x01c20000" position="45">
      <transponder key="01c20000:0001:00d5" frequency="12520000" symbol_rate="30000000" polarization="V" fec="4" system="0" modulation="0">
        <service id="0x0031" sid="49" name="AXN White" type="1" provider="VIVACOM" onid="213" tsid="1" namespace="0x01c20000" />
        <service id="0x006f" sid="111" name="Balkanika" type="1" provider="VIVACOM" onid="213" tsid="1" namespace="0x01c20000" />
        <service id="0x008b" sid="139" name="Chasse &amp; Peche" type="1" provider="VIVACOM" onid="213" tsid="1" namespace="0x01c20000" />
        <service id="0x00e2" sid="226" name="Cinemax" type="1" provider="VIVACOM" onid="213" tsid="1" namespace="0x01c20000" />
        <service id="0x004b" sid="75" name="Diema Sport 3 HD" type="25" provider="VIVACOM" onid="213" tsid="1" namespace="0x01c20000" />
        <service id="0x003a" sid="58" name="Diema Sport HD" type="25" provider="VIVACOM" onid="213" tsid="1" namespace="0x01c20000" />
        <service id="0x0034" sid="52" name="Disney" type="1" provider="VIVACOM" onid="213" tsid="1" namespace="0x01c20000" />
        <service id="0x0035" sid="53" name="Disney Junior" type="1" provider="VIVACOM" onid="213" tsid="1" namespace="0x01c20000" />
        <service id="0x008d" sid="141" name="DW" type="1" provider="VIVACOM" onid="213" tsid="1" namespace="0x01c20000" />
        <service id="0x007a" sid="122" name="Epic Drama" type="1" provider="VIVACOM" onid="213" tsid="1" namespace="0x01c20000" />
        <service id="0x006e" sid="110" name="Fen TV" type="1" provider="VIVACOM" onid="213" tsid="1" namespace="0x01c20000" />
        <service id="0x007c" sid="124" name="Gametoon HD" type="25" provider="VIVACOM" onid="213" tsid="1" namespace="0x01c20000" />
        <service id="0x00e5" sid="229" name="HBO" type="1" provider="VIVACOM" onid="213" tsid="1" namespace="0x01c20000" />
        <service id="0x00e6" sid="230" name="HBO 2" type="1" provider="VIVACOM" onid="213" tsid="1" namespace="0x01c20000" />
        <service id="0x007f" sid="127" name="Hustler" type="1" provider="VIVACOM" onid="213" tsid="1" namespace="0x01c20000" />
        <service id="0x002f" sid="47" name="ID" type="1" provider="VIVACOM" onid="213" tsid="1" namespace="0x01c20000" />
        <service id="0x008c" sid="140" name="Jim Jam" type="1" provider="VIVACOM" onid="213" tsid="1" namespace="0x01c20000" />
        <service id="0x006c" sid="108" name="KINO NOVA" type="1" provider="VIVACOM" onid="213" tsid="1" namespace="0x01c20000" />
        <service id="0x03f2" sid="1010" name="KINO NOVA" type="1" provider="VIVACOM" onid="213" tsid="1" namespace="0x01c20000" />
        <service id="0x03f3" sid="1011" name="KINO NOVA" type="1" provider="VIVACOM" onid="213" tsid="1" namespace="0x01c20000" />
        <service id="0x002c" sid="44" name="Magic TV" type="1" provider="VIVACOM" onid="213" tsid="1" namespace="0x01c20000" />
        <service id="0x002e" sid="46" name="MTV 00s" type="1" provider="VIVACOM" onid="213" tsid="1" namespace="0x01c20000" />
        <service id="0x0033" sid="51" name="MTV 90s" type="1" provider="VIVACOM" onid="213" tsid="1" namespace="0x01c20000" />
        <service id="0x0032" sid="50" name="Nickelodeon" type="1" provider="VIVACOM" onid="213" tsid="1" namespace="0x01c20000" />
        <service id="0x005c" sid="92" name="Nova News HD" type="25" provider="VIVACOM" onid="213" tsid="1" namespace="0x01c20000" />
        <service id="0x005a" sid="90" name="Russian Travel Guide Int" type="1" provider="VIVACOM" onid="213" tsid="1" namespace="0x01c20000" />
        <service id="0x0029" sid="41" name="Travel Channel" type="1" provider="VIVACOM" onid="213" tsid="1" namespace="0x01c20000" />
        <service id="0x00dd" sid="221" name="TV 1 Russia" type="1" provider="VIVACOM" onid="213" tsid="1" namespace="0x01c20000" />
        <service id="0x007e" sid="126" name="TV 1000" type="1" provider="VIVACOM" onid="213" tsid="1" namespace="0x01c20000" />
        <service id="0x008e" sid="142" name="TV1000 RKG" type="1" provider="VIVACOM" onid="213" tsid="1" namespace="0x01c20000" />
        <service id="0x004e" sid="78" name="Viasat Explore/Fantazzy" type="1" provider="VIVACOM" onid="213" tsid="1" namespace="0x01c20000" />
        <service id="0x004f" sid="79" name="Viasat History" type="1" provider="VIVACOM" onid="213" tsid="1" namespace="0x01c20000" />
        <service id="0x0038" sid="56" name="VIVACOM ARENA" type="1" provider="VIVACOM" onid="213" tsid="1" namespace="0x01c20000" />
        <service id="0x0030" sid="48" name="БНТ 2" type="1" provider="VIVACOM" onid="213" tsid="1" namespace="0x01c20000" />
        <service id="0x002b" sid="43" name="БНТ1" type="1" provider="VIVACOM" onid="213" tsid="1" namespace="0x01c20000" />
        <service id="0x002d" sid="45" name="Диема" type="1" provider="VIVACOM" onid="213" tsid="1" namespace="0x01c20000" />
        <service id="0x006b" sid="107" name="Диема Фемили" type="1" provider="VIVACOM" onid="213" tsid="1" namespace="0x01c20000" />
        <service id="0x004a" sid="74" name="Планета HD" type="25" provider="VIVACOM" onid="213" tsid="1" namespace="0x01c20000" />
        <service id="0x0039" sid="57" name="Фолклор ТВ" type="1" provider="VIVACOM" onid="213" tsid="1" namespace="0x01c20000" />
      </transponder>
    </satellite>
    <satellite key="01c20000:0002:00d5" name="Sat-45E" namespace="0x01c20000" position="45">
      <transponder key="01c20000:0002:00d5" frequency="12560000" symbol_rate="30000000" polarization="V" fec="4" system="0" modulation="0">
        <service id="0x00d2" sid="210" name="7/8 TV" type="1" provider="VIVACOM" onid="213" tsid="2" namespace="0x01c20000" />
        <service id="0x00c8" sid="200" name="Agro TV" type="1" provider="VIVACOM" onid="213" tsid="2" namespace="0x01c20000" />
        <service id="0x010f" sid="271" name="Alfa TV" type="1" provider="VIVACOM" onid="213" tsid="2" namespace="0x01c20000" />
        <service id="0x004c" sid="76" name="AMC" type="1" provider="VIVACOM" onid="213" tsid="2" namespace="0x01c20000" />
        <service id="0x00f1" sid="241" name="AMS" type="1" provider="VIVACOM" onid="213" tsid="2" namespace="0x01c20000" />
        <service id="0x00df" sid="223" name="Animal Planet" type="1" provider="VIVACOM" onid="213" tsid="2" namespace="0x01c20000" />
        <service id="0x00dc" sid="220" name="AXN" type="1" provider="VIVACOM" onid="213" tsid="2" namespace="0x01c20000" />
        <service id="0x00e1" sid="225" name="AXN Black" type="1" provider="VIVACOM" onid="213" tsid="2" namespace="0x01c20000" />
        <service id="0x00e8" sid="232" name="Baby TV" type="1" provider="VIVACOM" onid="213" tsid="2" namespace="0x01c20000" />
        <service id="0x00e4" sid="228" name="Boomerang" type="1" provider="VIVACOM" onid="213" tsid="2" namespace="0x01c20000" />
        <service id="0x00ed" sid="237" name="Box TV" type="1" provider="VIVACOM" onid="213" tsid="2" namespace="0x01c20000" />
        <service id="0x00c9" sid="201" name="Cartoon network" type="1" provider="VIVACOM" onid="213" tsid="2" namespace="0x01c20000" />
        <service id="0x012e" sid="302" name="CI Network" type="1" provider="VIVACOM" onid="213" tsid="2" namespace="0x01c20000" />
        <service id="0x0045" sid="69" name="Cinemax 2" type="1" provider="VIVACOM" onid="213" tsid="2" namespace="0x01c20000" />
        <service id="0x0058" sid="88" name="DM Sat" type="1" provider="VIVACOM" onid="213" tsid="2" namespace="0x01c20000" />
        <service id="0x006a" sid="106" name="DSTV" type="1" provider="VIVACOM" onid="213" tsid="2" namespace="0x01c20000" />
        <service id="0x0044" sid="68" name="E-Kids" type="1" provider="VIVACOM" onid="213" tsid="2" namespace="0x01c20000" />
        <service id="0x00e9" sid="233" name="Eurosport 1" type="1" provider="VIVACOM" onid="213" tsid="2" namespace="0x01c20000" />
        <service id="0x00d7" sid="215" name="Eurosport 2" type="1" provider="VIVACOM" onid="213" tsid="2" namespace="0x01c20000" />
        <service id="0x00d5" sid="213" name="Extreme Sports" type="1" provider="VIVACOM" onid="213" tsid="2" namespace="0x01c20000" />
        <service id="0x00d6" sid="214" name="Fashion TV" type="1" provider="VIVACOM" onid="213" tsid="2" namespace="0x01c20000" />
        <service id="0x00f5" sid="245" name="Fen TV" type="1" provider="VIVACOM" onid="213" tsid="2" namespace="0x01c20000" />
        <service id="0x00ca" sid="202" name="FilmBox Stars" type="1" provider="VIVACOM" onid="213" tsid="2" namespace="0x01c20000" />
        <service id="0x00cb" sid="203" name="Food Network" type="1" provider="VIVACOM" onid="213" tsid="2" namespace="0x01c20000" />
        <service id="0x00e0" sid="224" name="HBO 3" type="1" provider="VIVACOM" onid="213" tsid="2" namespace="0x01c20000" />
        <service id="0x010d" sid="269" name="History HD" type="25" provider="VIVACOM" onid="213" tsid="2" namespace="0x01c20000" />
        <service id="0x00f8" sid="248" name="Mezzo" type="1" provider="VIVACOM" onid="213" tsid="2" namespace="0x01c20000" />
        <service id="0x00f7" sid="247" name="MovieSTAR" type="1" provider="VIVACOM" onid="213" tsid="2" namespace="0x01c20000" />
        <service id="0x00f0" sid="240" name="MTV" type="1" provider="VIVACOM" onid="213" tsid="2" namespace="0x01c20000" />
        <service id="0x00d8" sid="216" name="NKTV Evrokom" type="1" provider="VIVACOM" onid="213" tsid="2" namespace="0x01c20000" />
        <service id="0x00d0" sid="208" name="Nova Sport" type="1" provider="VIVACOM" onid="213" tsid="2" namespace="0x01c20000" />
        <service id="0x00f6" sid="246" name="NTV Mir" type="1" provider="VIVACOM" onid="213" tsid="2" namespace="0x01c20000" />
        <service id="0x00e3" sid="227" name="Ribalka i Ohota" type="1" provider="VIVACOM" onid="213" tsid="2" namespace="0x01c20000" />
        <service id="0x00d3" sid="211" name="Russia 24" type="1" provider="VIVACOM" onid="213" tsid="2" namespace="0x01c20000" />
        <service id="0x010a" sid="266" name="The Voice" type="1" provider="VIVACOM" onid="213" tsid="2" namespace="0x01c20000" />
        <service id="0x007b" sid="123" name="TLC" type="1" provider="VIVACOM" onid="213" tsid="2" namespace="0x01c20000" />
        <service id="0x00db" sid="219" name="TNT" type="1" provider="VIVACOM" onid="213" tsid="2" namespace="0x01c20000" />
        <service id="0x010b" sid="267" name="TV Center Int" type="1" provider="VIVACOM" onid="213" tsid="2" namespace="0x01c20000" />
        <service id="0x010c" sid="268" name="TV8 Int." type="1" provider="VIVACOM" onid="213" tsid="2" namespace="0x01c20000" />
        <service id="0x00d4" sid="212" name="Viasat Nature" type="1" provider="VIVACOM" onid="213" tsid="2" namespace="0x01c20000" />
        <service id="0x006e" sid="110" name="Vivid TV" type="1" provider="VIVACOM" onid="213" tsid="2" namespace="0x01c20000" />
        <service id="0x010e" sid="270" name="БСТВ" type="1" provider="VIVACOM" onid="213" tsid="2" namespace="0x01c20000" />
        <service id="0x006d" sid="109" name="България 24" type="1" provider="VIVACOM" onid="213" tsid="2" namespace="0x01c20000" />
        <service id="0x00d1" sid="209" name="Планета Фолк" type="1" provider="VIVACOM" onid="213" tsid="2" namespace="0x01c20000" />
        <service id="0x00ea" sid="234" name="СКАТ" type="1" provider="VIVACOM" onid="213" tsid="2" namespace="0x01c20000" />
        <service id="0x00cc" sid="204" name="Тянков Фолк" type="1" provider="VIVACOM" onid="213" tsid="2" namespace="0x01c20000" />
      </transponder>
    </satellite>
    <satellite key="01c20000:0003:00d5" name="Sat-45E" namespace="0x01c20000" position="45">
      <transponder key="01c20000:0003:00d5" frequency="11555000" symbol_rate="30000000" polarization="V" fec="3" system="0" modulation="0">
        <service id="0x0011" sid="17" name="Bloomberg BG" type="1" provider="NURTS" onid="213" tsid="3" namespace="0x01c20000" />
        <service id="0x000f" sid="15" name="BNT 4" type="1" provider="NURTS" onid="213" tsid="3" namespace="0x01c20000" />
        <service id="0x0001" sid="1" name="bTV" type="1" provider="NURTS" onid="213" tsid="3" namespace="0x01c20000" />
        <service id="0x0007" sid="7" name="bTV Action" type="1" provider="NURTS" onid="213" tsid="3" namespace="0x01c20000" />
        <service id="0x0004" sid="4" name="bTV Cinema" type="1" provider="NURTS" onid="213" tsid="3" namespace="0x01c20000" />
        <service id="0x0003" sid="3" name="bTV Comedy" type="1" provider="NURTS" onid="213" tsid="3" namespace="0x01c20000" />
        <service id="0x0006" sid="6" name="bTV Lady" type="1" provider="NURTS" onid="213" tsid="3" namespace="0x01c20000" />
        <service id="0x0010" sid="16" name="Bulgaria On Air" type="1" provider="NURTS" onid="213" tsid="3" namespace="0x01c20000" />
        <service id="0x0008" sid="8" name="CITY TV" type="1" provider="NURTS" onid="213" tsid="3" namespace="0x01c20000" />
        <service id="0x000e" sid="14" name="FOX" type="1" provider="NURTS" onid="213" tsid="3" namespace="0x01c20000" />
        <service id="0x000a" sid="10" name="Fox Crime" type="1" provider="NURTS" onid="213" tsid="3" namespace="0x01c20000" />
        <service id="0x0012" sid="18" name="Nat Geo" type="1" provider="NURTS" onid="213" tsid="3" namespace="0x01c20000" />
        <service id="0x002a" sid="42" name="NG Wild" type="1" provider="NURTS" onid="213" tsid="3" namespace="0x01c20000" />
        <service id="0x0002" sid="2" name="NOVA TV" type="1" provider="NURTS" onid="213" tsid="3" namespace="0x01c20000" />
        <service id="0x001e" sid="30" name="BNR Blagoevgrad" type="2" provider="NURTS" onid="213" tsid="3" namespace="0x01c20000" radio="1" />
        <service id="0x0013" sid="19" name="BNR Burgas" type="2" provider="NURTS" onid="213" tsid="3" namespace="0x01c20000" radio="1" />
        <service id="0x001f" sid="31" name="BNR Shumen" type="2" provider="NURTS" onid="213" tsid="3" namespace="0x01c20000" radio="1" />
        <service id="0x0014" sid="20" name="BNR Sofia" type="2" provider="NURTS" onid="213" tsid="3" namespace="0x01c20000" radio="1" />
        <service id="0x001b" sid="27" name="BNR St. Zagora" type="2" provider="NURTS" onid="213" tsid="3" namespace="0x01c20000" radio="1" />
        <service id="0x001a" sid="26" name="BNR Vidin" type="2" provider="NURTS" onid="213" tsid="3" namespace="0x01c20000" radio="1" />
        <service id="0x0023" sid="35" name="Classic FM" type="2" provider="NURTS" onid="213" tsid="3" namespace="0x01c20000" radio="1" />
        <service id="0x000d" sid="13" name="Darik Burgas" type="2" provider="NURTS" onid="213" tsid="3" namespace="0x01c20000" radio="1" />
        <service id="0x0027" sid="39" name="Darik Kustendil" type="2" provider="NURTS" onid="213" tsid="3" namespace="0x01c20000" radio="1" />
        <service id="0x005a" sid="90" name="Darik Nostalgie" type="2" provider="NURTS" onid="213" tsid="3" namespace="0x01c20000" radio="1" />
        <service id="0x000c" sid="12" name="Darik Plovdiv" type="2" provider="NURTS" onid="213" tsid="3" namespace="0x01c20000" radio="1" />
        <service id="0x000b" sid="11" name="Darik radio" type="2" provider="NURTS" onid="213" tsid="3" namespace="0x01c20000" radio="1" />
        <service id="0x003a" sid="58" name="Darik Ruse" type="2" provider="NURTS" onid="213" tsid="3" namespace="0x01c20000" radio="1" />
        <service id="0x0026" sid="38" name="Darik Varna" type="2" provider="NURTS" onid="213" tsid="3" namespace="0x01c20000" radio="1" />
        <service id="0x003b" sid="59" name="Darik Vratza" type="2" provider="NURTS" onid="213" tsid="3" namespace="0x01c20000" radio="1" />
        <service id="0x0021" sid="33" name="Jazz FM" type="2" provider="NURTS" onid="213" tsid="3" namespace="0x01c20000" radio="1" />
        <service id="0x001c" sid="28" name="N-JOY" type="2" provider="NURTS" onid="213" tsid="3" namespace="0x01c20000" radio="1" />
        <service id="0x0024" sid="36" name="N-Joy Cable" type="2" provider="NURTS" onid="213" tsid="3" namespace="0x01c20000" radio="1" />
        <service id="0x002b" sid="43" name="Nova News" type="2" provider="NURTS" onid="213" tsid="3" namespace="0x01c20000" radio="1" />
        <service id="0x0009" sid="9" name="RADIO 1" type="2" provider="NURTS" onid="213" tsid="3" namespace="0x01c20000" radio="1" />
        <service id="0x002f" sid="47" name="Radio FM+" type="2" provider="NURTS" onid="213" tsid="3" namespace="0x01c20000" radio="1" />
        <service id="0x002e" sid="46" name="Radio Fresh" type="2" provider="NURTS" onid="213" tsid="3" namespace="0x01c20000" radio="1" />
        <service id="0x003f" sid="63" name="Radio Magic FM" type="2" provider="NURTS" onid="213" tsid="3" namespace="0x01c20000" radio="1" />
        <service id="0x003d" sid="61" name="Radio The Voice" type="2" provider="NURTS" onid="213" tsid="3" namespace="0x01c20000" radio="1" />
        <service id="0x005e" sid="94" name="Radio Veselina E" type="2" provider="NURTS" onid="213" tsid="3" namespace="0x01c20000" radio="1" />
        <service id="0x005c" sid="92" name="Radio Veselina N" type="2" provider="NURTS" onid="213" tsid="3" namespace="0x01c20000" radio="1" />
        <service id="0x003e" sid="62" name="Radio Veselina S" type="2" provider="NURTS" onid="213" tsid="3" namespace="0x01c20000" radio="1" />
        <service id="0x005d" sid="93" name="Radio Veselina W" type="2" provider="NURTS" onid="213" tsid="3" namespace="0x01c20000" radio="1" />
        <service id="0x003c" sid="60" name="Radio Vitosha E" type="2" provider="NURTS" onid="213" tsid="3" namespace="0x01c20000" radio="1" />
        <service id="0x005b" sid="91" name="Radio Vitosha W" type="2" provider="NURTS" onid="213" tsid="3" namespace="0x01c20000" radio="1" />
        <service id="0x0022" sid="34" name="RNE" type="2" provider="NURTS" onid="213" tsid="3" namespace="0x01c20000" radio="1" />
        <service id="0x002c" sid="44" name="Start FM" type="2" provider="NURTS" onid="213" tsid="3" namespace="0x01c20000" radio="1" />
        <service id="0x002d" sid="45" name="Test Signal" type="2" provider="NURTS" onid="213" tsid="3" namespace="0x01c20000" radio="1" />
        <service id="0x001d" sid="29" name="Z-ROCK" type="2" provider="NURTS" onid="213" tsid="3" namespace="0x01c20000" radio="1" />
        <service id="0x0025" sid="37" name="Z-Rock Cable" type="2" provider="NURTS" onid="213" tsid="3" namespace="0x01c20000" radio="1" />
      </transponder>
    </satellite>
    <satellite key="01c20000:0004:00d5" name="Sat-45E" namespace="0x01c20000" position="45">
      <transponder key="01c20000:0004:00d5" frequency="12600000" symbol_rate="30000000" polarization="V" fec="4" system="0" modulation="0">
        <service id="0x014b" sid="331" name="Ben Movies Turk" type="1" provider="VIVACOM" onid="213" tsid="4" namespace="0x01c20000" />
        <service id="0x013f" sid="319" name="bTV Action HD" type="25" provider="VIVACOM" onid="213" tsid="4" namespace="0x01c20000" />
        <service id="0x013e" sid="318" name="bTV HD" type="25" provider="VIVACOM" onid="213" tsid="4" namespace="0x01c20000" />
        <service id="0x005b" sid="91" name="Da Vinci" type="1" provider="VIVACOM" onid="213" tsid="4" namespace="0x01c20000" />
        <service id="0x014a" sid="330" name="Diema Sport 2 HD" type="25" provider="VIVACOM" onid="213" tsid="4" namespace="0x01c20000" />
        <service id="0x013d" sid="317" name="Dorcel HD" type="25" provider="VIVACOM" onid="213" tsid="4" namespace="0x01c20000" />
        <service id="0x005a" sid="90" name="France 24" type="1" provider="VIVACOM" onid="213" tsid="4" namespace="0x01c20000" />
        <service id="0x0059" sid="89" name="HGTV HD" type="25" provider="Vivacom" onid="213" tsid="4" namespace="0x01c20000" />
        <service id="0x012d" sid="301" name="History" type="1" provider="VIVACOM" onid="213" tsid="4" namespace="0x01c20000" />
        <service id="0x013a" sid="314" name="History HD" type="25" provider="VIVACOM" onid="213" tsid="4" namespace="0x01c20000" />
        <service id="0x008b" sid="139" name="MAX Sport 3 HD" type="25" provider="VIVACOM" onid="213" tsid="4" namespace="0x01c20000" />
        <service id="0x013c" sid="316" name="Nat Geo HD" type="25" provider="VIVACOM" onid="213" tsid="4" namespace="0x01c20000" />
        <service id="0x013b" sid="315" name="NG Wild HD" type="25" provider="VIVACOM" onid="213" tsid="4" namespace="0x01c20000" />
        <service id="0x012f" sid="303" name="Nicktoons" type="1" provider="VIVACOM" onid="213" tsid="4" namespace="0x01c20000" />
        <service id="0x0052" sid="82" name="Nova HD" type="25" provider="VIVACOM" onid="213" tsid="4" namespace="0x01c20000" />
        <service id="0x005c" sid="92" name="Pyatnitsa TV" type="1" provider="VIVACOM" onid="213" tsid="4" namespace="0x01c20000" />
        <service id="0x008c" sid="140" name="RING HD" type="25" provider="VIVACOM" onid="213" tsid="4" namespace="0x01c20000" />
        <service id="0x005d" sid="93" name="TNT 4" type="1" provider="VIVACOM" onid="213" tsid="4" namespace="0x01c20000" />
        <service id="0x00de" sid="222" name="Trace Sports Stars HD" type="25" provider="VIVACOM" onid="213" tsid="4" namespace="0x01c20000" />
        <service id="0x008a" sid="138" name="БНТ 3 HD" type="25" provider="VIVACOM" onid="213" tsid="4" namespace="0x01c20000" />
      </transponder>
    </satellite>
    <satellite key="01c20000:0006:00d5" name="Sat-45E" namespace="0x01c20000" position="45">
      <transponder key="01c20000:0006:00d5" frequency="11475000" symbol_rate="30000000" polarization="V" fec="4" system="0" modulation="0">
        <service id="0x13a6" sid="5030" name="Antena 3" type="1" provider="VIVACOM" onid="213" tsid="6" namespace="0x01c20000" />
        <service id="0x13a7" sid="5031" name="B1B Action" type="1" provider="VIVACOM" onid="213" tsid="6" namespace="0x01c20000" />
        <service id="0x139c" sid="5020" name="BG Music Channel" type="1" provider="VIVACOM" onid="213" tsid="6" namespace="0x01c20000" />
        <service id="0x056d" sid="1389" name="club MTV" type="1" provider="VIVACOM" onid="213" tsid="6" namespace="0x01c20000" />
        <service id="0x138b" sid="5003" name="CNN" type="1" provider="VIVACOM" onid="213" tsid="6" namespace="0x01c20000" />
        <service id="0x139f" sid="5023" name="Code Health" type="1" provider="VIVACOM" onid="213" tsid="6" namespace="0x01c20000" />
        <service id="0x13b2" sid="5042" name="Current Time" type="1" provider="VIVACOM" onid="213" tsid="6" namespace="0x01c20000" />
        <service id="0x13b3" sid="5043" name="Discovery Channel" type="1" provider="VIVACOM" onid="213" tsid="6" namespace="0x01c20000" />
        <service id="0x023c" sid="572" name="English Club" type="1" provider="VIVACOM" onid="213" tsid="6" namespace="0x01c20000" />
        <service id="0x0240" sid="576" name="Eurochannel" type="1" provider="VIVACOM" onid="213" tsid="6" namespace="0x01c20000" />
        <service id="0x13a9" sid="5033" name="Filmbox" type="1" provider="VIVACOM" onid="213" tsid="6" namespace="0x01c20000" />
        <service id="0x13a5" sid="5029" name="Filmbox Arthouse" type="1" provider="VIVACOM" onid="213" tsid="6" namespace="0x01c20000" />
        <service id="0x13a4" sid="5028" name="Filmbox Extra" type="1" provider="VIVACOM" onid="213" tsid="6" namespace="0x01c20000" />
        <service id="0x13b0" sid="5040" name="HABERTURK" type="1" provider="VIVACOM" onid="213" tsid="6" namespace="0x01c20000" />
        <service id="0x13a1" sid="5025" name="Hitmix" type="1" provider="VIVACOM" onid="213" tsid="6" namespace="0x01c20000" />
        <service id="0x13a0" sid="5024" name="JukeBox" type="1" provider="VIVACOM" onid="213" tsid="6" namespace="0x01c20000" />
        <service id="0x13ae" sid="5038" name="KANAL 7 Avrupa" type="1" provider="VIVACOM" onid="213" tsid="6" namespace="0x01c20000" />
        <service id="0x023e" sid="574" name="Kitchen TV" type="1" provider="VIVACOM" onid="213" tsid="6" namespace="0x01c20000" />
        <service id="0x13ac" sid="5036" name="MAX Sport 1 HD" type="25" provider="VIVACOM" onid="213" tsid="6" namespace="0x01c20000" />
        <service id="0x13ad" sid="5037" name="MAX Sport 2 HD" type="25" provider="VIVACOM" onid="213" tsid="6" namespace="0x01c20000" />
        <service id="0x138a" sid="5002" name="MAX Sport 4 HD" type="25" provider="VIVACOM" onid="213" tsid="6" namespace="0x01c20000" />
        <service id="0x056e" sid="1390" name="Mediaset" type="1" provider="VIVACOM" onid="213" tsid="6" namespace="0x01c20000" />
        <service id="0x0241" sid="577" name="MTV 80s" type="1" provider="VIVACOM" onid="213" tsid="6" namespace="0x01c20000" />
        <service id="0x056f" sid="1391" name="MTV Hits" type="1" provider="VIVACOM" onid="213" tsid="6" namespace="0x01c20000" />
        <service id="0x023a" sid="570" name="Nick Junior" type="1" provider="VIVACOM" onid="213" tsid="6" namespace="0x01c20000" />
        <service id="0x13a8" sid="5032" name="Private TV" type="1" provider="VIVACOM" onid="213" tsid="6" namespace="0x01c20000" />
        <service id="0x13ab" sid="5035" name="RTL" type="1" provider="VIVACOM" onid="213" tsid="6" namespace="0x01c20000" />
        <service id="0x13af" sid="5039" name="Show Max" type="1" provider="VIVACOM" onid="213" tsid="6" namespace="0x01c20000" />
        <service id="0x138d" sid="5005" name="Show Turk" type="1" provider="VIVACOM" onid="213" tsid="6" namespace="0x01c20000" />
        <service id="0x138c" sid="5004" name="TG Com" type="1" provider="VIVACOM" onid="213" tsid="6" namespace="0x01c20000" />
        <service id="0x139d" sid="5021" name="The World" type="1" provider="VIVACOM" onid="213" tsid="6" namespace="0x01c20000" />
        <service id="0x139e" sid="5022" name="Travel TV" type="1" provider="VIVACOM" onid="213" tsid="6" namespace="0x01c20000" />
        <service id="0x023b" sid="571" name="TV 3" type="1" provider="VIVACOM" onid="213" tsid="6" namespace="0x01c20000" />
        <service id="0x13aa" sid="5034" name="TV 5 Monde" type="1" provider="VIVACOM" onid="213" tsid="6" namespace="0x01c20000" />
        <service id="0x138f" sid="5007" name="VIVACOM Arena HD" type="25" provider="VIVACOM" onid="213" tsid="6" namespace="0x01c20000" />
        <service id="0x13a3" sid="5027" name="WNESS TV" type="1" provider="VIVACOM" onid="213" tsid="6" namespace="0x01c20000" />
        <service id="0x023f" sid="575" name="XY Plus" type="1" provider="VIVACOM" onid="213" tsid="6" namespace="0x01c20000" />
        <service id="0x13b1" sid="5041" name="Yaban TV" type="1" provider="VIVACOM" onid="213" tsid="6" namespace="0x01c20000" />
        <service id="0x139a" sid="5018" name="БЪЛГАРЕ" type="1" provider="VIVACOM" onid="213" tsid="6" namespace="0x01c20000" />
        <service id="0x139b" sid="5019" name="Фен Фолк" type="1" provider="VIVACOM" onid="213" tsid="6" namespace="0x01c20000" />
      </transponder>
    </satellite>
  </satellites>
</zapit>
