<?xml version='1.0' encoding='utf-8'?>
<zapit>
  <bouquet name="General" category="tv">
    <channel service_ref="1:0:1:177b:177b:0601:0d7a0000:0:0:0:" name="AMC Balkan" service_name="AMC Balkan" provider="DMC" sid="6011" onid="1537" tsid="6011" />
    <channel service_ref="1:0:25:177c:177b:0601:0d7a0000:0:0:0:" name="AMC ME HD" service_name="AMC ME HD" provider="DMC" sid="6012" onid="1537" tsid="6011" />
    <channel service_ref="1:0:1:06fd:177c:0601:0d7a0000:0:0:0:" name="Crime &amp; Investigation Network" service_name="Crime &amp; Investigation Network" provider="DMC" sid="1789" onid="1537" tsid="6012" />
    <channel service_ref="1:0:1:00b5:0001:0001:0d7a3141:0:0:0:" name="Espn 901 Caribbean" service_name="Espn 901 Caribbean" provider="Espn" sid="181" onid="1" tsid="1" />
    <channel service_ref="1:0:1:00b6:0001:0001:0d7a3141:0:0:0:" name="Espn 902 Syndication" service_name="Espn 902 Syndication" provider="Espn" sid="182" onid="1" tsid="1" />
    <channel service_ref="1:0:1:00cd:0002:0001:0d7a2d30:0:0:0:" name="EU  Swe - Fin" service_name="EU  Swe - Fin" provider="" sid="205" onid="1" tsid="2" />
    <channel service_ref="1:0:1:00d4:0002:0001:0d7a2d30:0:0:0:" name="EU:  Arm - Bul" service_name="EU:  Arm - Bul" provider="" sid="212" onid="1" tsid="2" />
    <channel service_ref="1:0:1:00cf:0002:0001:0d7a2d30:0:0:0:" name="EU:  Dut - Man" service_name="EU:  Dut - Man" provider="" sid="207" onid="1" tsid="2" />
    <channel service_ref="1:0:1:00d3:0002:0001:0d7a2d30:0:0:0:" name="EU:  Efi - Ara" service_name="EU:  Efi - Ara" provider="" sid="211" onid="1" tsid="2" />
    <channel service_ref="1:0:1:00d6:0002:0001:0d7a2d30:0:0:0:" name="EU:  Eng - Fre" service_name="EU:  Eng - Fre" provider="" sid="214" onid="1" tsid="2" />
    <channel service_ref="1:0:1:00c9:0002:0001:0d7a2d30:0:0:0:" name="EU:  Eng - Ger" service_name="EU:  Eng - Ger" provider="" sid="201" onid="1" tsid="2" />
    <channel service_ref="1:0:1:00cb:0002:0001:0d7a2d30:0:0:0:" name="EU:  Eng - Ita" service_name="EU:  Eng - Ita" provider="" sid="203" onid="1" tsid="2" />
    <channel service_ref="1:0:1:00d5:0002:0001:0d7a2d30:0:0:0:" name="EU:  Eng - Por" service_name="EU:  Eng - Por" provider="" sid="213" onid="1" tsid="2" />
    <channel service_ref="1:0:1:00ce:0002:0001:0d7a2d30:0:0:0:" name="EU:  Eng - Rus" service_name="EU:  Eng - Rus" provider="" sid="206" onid="1" tsid="2" />
    <channel service_ref="1:0:1:00d7:0002:0001:0d7a2d30:0:0:0:" name="EU:  Eng - Spa" service_name="EU:  Eng - Spa" provider="" sid="215" onid="1" tsid="2" />
    <channel service_ref="1:0:1:00d2:0002:0001:0d7a2d30:0:0:0:" name="EU:  Est - Ukr" service_name="EU:  Est - Ukr" provider="" sid="210" onid="1" tsid="2" />
    <channel service_ref="1:0:1:00d0:0002:0001:0d7a2d30:0:0:0:" name="EU:  Hun - Rom" service_name="EU:  Hun - Rom" provider="" sid="208" onid="1" tsid="2" />
    <channel service_ref="1:0:1:00cc:0002:0001:0d7a2d30:0:0:0:" name="EU:  Nor - Dan" service_name="EU:  Nor - Dan" provider="" sid="204" onid="1" tsid="2" />
    <channel service_ref="1:0:1:00d1:0002:0001:0d7a2d30:0:0:0:" name="EU:  Pol - Alb" service_name="EU:  Pol - Alb" provider="" sid="209" onid="1" tsid="2" />
    <channel service_ref="1:0:1:00ca:0002:0001:0d7a2d30:0:0:0:" name="EU:  Spa - Por" service_name="EU:  Spa - Por" provider="" sid="202" onid="1" tsid="2" />
    <channel service_ref="1:0:1:00d9:0002:0001:0d7a2d30:0:0:0:" name="EU: Far - Lat" service_name="EU: Far - Lat" provider="" sid="217" onid="1" tsid="2" />
    <channel service_ref="1:0:1:00d8:0002:0001:0d7a2d30:0:0:0:" name="EU: Gre - Cze" service_name="EU: Gre - Cze" provider="" sid="216" onid="1" tsid="2" />
    <channel service_ref="1:0:1:06fc:177c:0601:0d7a0000:0:0:0:" name="Extreme EMEA" service_name="Extreme EMEA" provider="DMC" sid="1788" onid="1537" tsid="6012" />
    <channel service_ref="1:0:1:0009:0002:0002:0d7a3138:0:0:0:" name="Gunaz TV" service_name="Gunaz TV" provider="Gunaz" sid="9" onid="2" tsid="2" />
    <channel service_ref="1:0:1:178a:177c:0601:0d7a0000:0:0:0:" name="History Channel" service_name="History Channel" provider="DMC" sid="6026" onid="1537" tsid="6012" />
    <channel service_ref="1:0:25:177d:177b:0601:0d7a0000:0:0:0:" name="History Romania HD" service_name="History Romania HD" provider="DMC" sid="6013" onid="1537" tsid="6011" />
    <channel service_ref="1:0:1:06fa:177c:0601:0d7a0000:0:0:0:" name="JimJam EMEA" service_name="JimJam EMEA" provider="DMC" sid="1786" onid="1537" tsid="6012" />
    <channel service_ref="1:0:1:06fb:177c:0601:0d7a0000:0:0:0:" name="JimJam ME" service_name="JimJam ME" provider="DMC" sid="1787" onid="1537" tsid="6012" />
    <channel service_ref="1:0:25:177e:177b:0601:0d7a0000:0:0:0:" name="Outdoor Channel EMEA HD" service_name="Outdoor Channel EMEA HD" provider="DMC" sid="6014" onid="1537" tsid="6011" />
    <channel service_ref="1:0:1:06f9:177c:0601:0d7a0000:0:0:0:" name="Reality EMEA 1" service_name="Reality EMEA 1" provider="DMC" sid="1785" onid="1537" tsid="6012" />
  </bouquet>
  <bouquet name="Sports" category="tv">
    <channel service_ref="1:0:1:00b5:0001:0001:0d7a3141:0:0:0:" name="Espn 901 Caribbean" service_name="Espn 901 Caribbean" provider="Espn" sid="181" onid="1" tsid="1" />
    <channel service_ref="1:0:1:00b6:0001:0001:0d7a3141:0:0:0:" name="Espn 902 Syndication" service_name="Espn 902 Syndication" provider="Espn" sid="182" onid="1" tsid="1" />
  </bouquet>
  <bouquet name="Documentary" category="tv">
    <channel service_ref="1:0:1:178a:177c:0601:0d7a0000:0:0:0:" name="History Channel" service_name="History Channel" provider="DMC" sid="6026" onid="1537" tsid="6012" />
    <channel service_ref="1:0:25:177d:177b:0601:0d7a0000:0:0:0:" name="History Romania HD" service_name="History Romania HD" provider="DMC" sid="6013" onid="1537" tsid="6011" />
  </bouquet>
  <bouquet name="Resolution - HD" category="tv">
    <channel service_ref="1:0:25:177c:177b:0601:0d7a0000:0:0:0:" name="AMC ME HD" service_name="AMC ME HD" provider="DMC" sid="6012" onid="1537" tsid="6011" />
    <channel service_ref="1:0:25:177d:177b:0601:0d7a0000:0:0:0:" name="History Romania HD" service_name="History Romania HD" provider="DMC" sid="6013" onid="1537" tsid="6011" />
    <channel service_ref="1:0:25:177e:177b:0601:0d7a0000:0:0:0:" name="Outdoor Channel EMEA HD" service_name="Outdoor Channel EMEA HD" provider="DMC" sid="6014" onid="1537" tsid="6011" />
  </bouquet>
  <bouquet name="Others" category="tv">
    <channel service_ref="1:0:1:177b:177b:0601:0d7a0000:0:0:0:" name="AMC Balkan" service_name="AMC Balkan" provider="DMC" sid="6011" onid="1537" tsid="6011" />
    <channel service_ref="1:0:25:177c:177b:0601:0d7a0000:0:0:0:" name="AMC ME HD" service_name="AMC ME HD" provider="DMC" sid="6012" onid="1537" tsid="6011" />
    <channel service_ref="1:0:1:06fd:177c:0601:0d7a0000:0:0:0:" name="Crime &amp; Investigation Network" service_name="Crime &amp; Investigation Network" provider="DMC" sid="1789" onid="1537" tsid="6012" />
    <channel service_ref="1:0:1:00cd:0002:0001:0d7a2d30:0:0:0:" name="EU  Swe - Fin" service_name="EU  Swe - Fin" provider="" sid="205" onid="1" tsid="2" />
    <channel service_ref="1:0:1:00d4:0002:0001:0d7a2d30:0:0:0:" name="EU:  Arm - Bul" service_name="EU:  Arm - Bul" provider="" sid="212" onid="1" tsid="2" />
    <channel service_ref="1:0:1:00cf:0002:0001:0d7a2d30:0:0:0:" name="EU:  Dut - Man" service_name="EU:  Dut - Man" provider="" sid="207" onid="1" tsid="2" />
    <channel service_ref="1:0:1:00d3:0002:0001:0d7a2d30:0:0:0:" name="EU:  Efi - Ara" service_name="EU:  Efi - Ara" provider="" sid="211" onid="1" tsid="2" />
    <channel service_ref="1:0:1:00d6:0002:0001:0d7a2d30:0:0:0:" name="EU:  Eng - Fre" service_name="EU:  Eng - Fre" provider="" sid="214" onid="1" tsid="2" />
    <channel service_ref="1:0:1:00c9:0002:0001:0d7a2d30:0:0:0:" name="EU:  Eng - Ger" service_name="EU:  Eng - Ger" provider="" sid="201" onid="1" tsid="2" />
    <channel service_ref="1:0:1:00cb:0002:0001:0d7a2d30:0:0:0:" name="EU:  Eng - Ita" service_name="EU:  Eng - Ita" provider="" sid="203" onid="1" tsid="2" />
    <channel service_ref="1:0:1:00d5:0002:0001:0d7a2d30:0:0:0:" name="EU:  Eng - Por" service_name="EU:  Eng - Por" provider="" sid="213" onid="1" tsid="2" />
    <channel service_ref="1:0:1:00ce:0002:0001:0d7a2d30:0:0:0:" name="EU:  Eng - Rus" service_name="EU:  Eng - Rus" provider="" sid="206" onid="1" tsid="2" />
    <channel service_ref="1:0:1:00d7:0002:0001:0d7a2d30:0:0:0:" name="EU:  Eng - Spa" service_name="EU:  Eng - Spa" provider="" sid="215" onid="1" tsid="2" />
    <channel service_ref="1:0:1:00d2:0002:0001:0d7a2d30:0:0:0:" name="EU:  Est - Ukr" service_name="EU:  Est - Ukr" provider="" sid="210" onid="1" tsid="2" />
    <channel service_ref="1:0:1:00d0:0002:0001:0d7a2d30:0:0:0:" name="EU:  Hun - Rom" service_name="EU:  Hun - Rom" provider="" sid="208" onid="1" tsid="2" />
    <channel service_ref="1:0:1:00cc:0002:0001:0d7a2d30:0:0:0:" name="EU:  Nor - Dan" service_name="EU:  Nor - Dan" provider="" sid="204" onid="1" tsid="2" />
    <channel service_ref="1:0:1:00d1:0002:0001:0d7a2d30:0:0:0:" name="EU:  Pol - Alb" service_name="EU:  Pol - Alb" provider="" sid="209" onid="1" tsid="2" />
    <channel service_ref="1:0:1:00ca:0002:0001:0d7a2d30:0:0:0:" name="EU:  Spa - Por" service_name="EU:  Spa - Por" provider="" sid="202" onid="1" tsid="2" />
    <channel service_ref="1:0:1:00d9:0002:0001:0d7a2d30:0:0:0:" name="EU: Far - Lat" service_name="EU: Far - Lat" provider="" sid="217" onid="1" tsid="2" />
    <channel service_ref="1:0:1:00d8:0002:0001:0d7a2d30:0:0:0:" name="EU: Gre - Cze" service_name="EU: Gre - Cze" provider="" sid="216" onid="1" tsid="2" />
    <channel service_ref="1:0:1:06fc:177c:0601:0d7a0000:0:0:0:" name="Extreme EMEA" service_name="Extreme EMEA" provider="DMC" sid="1788" onid="1537" tsid="6012" />
    <channel service_ref="1:0:1:0009:0002:0002:0d7a3138:0:0:0:" name="Gunaz TV" service_name="Gunaz TV" provider="Gunaz" sid="9" onid="2" tsid="2" />
    <channel service_ref="1:0:1:06fa:177c:0601:0d7a0000:0:0:0:" name="JimJam EMEA" service_name="JimJam EMEA" provider="DMC" sid="1786" onid="1537" tsid="6012" />
    <channel service_ref="1:0:1:06fb:177c:0601:0d7a0000:0:0:0:" name="JimJam ME" service_name="JimJam ME" provider="DMC" sid="1787" onid="1537" tsid="6012" />
    <channel service_ref="1:0:25:177e:177b:0601:0d7a0000:0:0:0:" name="Outdoor Channel EMEA HD" service_name="Outdoor Channel EMEA HD" provider="DMC" sid="6014" onid="1537" tsid="6011" />
    <channel service_ref="1:0:1:06f9:177c:0601:0d7a0000:0:0:0:" name="Reality EMEA 1" service_name="Reality EMEA 1" provider="DMC" sid="1785" onid="1537" tsid="6012" />
  </bouquet>
  <bouquet name="Radio" category="radio">
    <channel service_ref="1:0:2:0014:0001:0001:0d7a2cf2:0:0:0:" name="EXRN1" service_name="EXRN1" provider="International Datacasting" sid="20" onid="1" tsid="1" />
    <channel service_ref="1:0:2:0015:0001:0001:0d7a2cf2:0:0:0:" name="EXRN2" service_name="EXRN2" provider="International Datacasting" sid="21" onid="1" tsid="1" />
  </bouquet>
</zapit>
