<?xml version='1.0' encoding='utf-8'?>
<zapit>
  <bouquet name="General" category="tv">
    <channel service_ref="1:0:22:4f20:1000:0001:0cfd0000:0:0:0:" name="5SELECT" service_name="5SELECT" provider="Channel 5 Broadcasting Ltd" sid="20256" onid="1" tsid="4096" />
    <channel service_ref="1:0:1:12fc:1000:0001:0cfd0000:0:0:0:" name="BBC Alba" service_name="BBC Alba" provider="BBC" sid="4860" onid="1" tsid="4096" />
    <channel service_ref="1:0:1:11c0:1000:0001:0cfd0000:0:0:0:" name="BBC FOUR" service_name="BBC FOUR" provider="BBC" sid="4544" onid="1" tsid="4096" />
    <channel service_ref="1:0:25:04e0:1000:0001:0cfd0000:0:0:0:" name="BBC FOUR HD" service_name="BBC FOUR HD" provider="BBC" sid="1248" onid="1" tsid="4096" />
    <channel service_ref="1:0:1:044c:1000:0001:0cfd0000:0:0:0:" name="BBC NEWS" service_name="BBC NEWS" provider="BBC" sid="1100" onid="1" tsid="4096" />
    <channel service_ref="1:0:1:019e:1000:0001:0cfd0000:0:0:0:" name="BBC ONE" service_name="BBC ONE" provider="BBC" sid="414" onid="1" tsid="4096" />
    <channel service_ref="1:0:25:04a0:1000:0001:0cfd0000:0:0:0:" name="BBC One HD" service_name="BBC One HD" provider="BBC" sid="1184" onid="1" tsid="4096" />
    <channel service_ref="1:0:1:107d:1000:0001:0cfd0000:0:0:0:" name="BBC ONE NI" service_name="BBC ONE NI" provider="BBC" sid="4221" onid="1" tsid="4096" />
    <channel service_ref="1:0:1:107c:1000:0001:0cfd0000:0:0:0:" name="BBC ONE Scot" service_name="BBC ONE Scot" provider="BBC" sid="4220" onid="1" tsid="4096" />
    <channel service_ref="1:0:1:107e:1000:0001:0cfd0000:0:0:0:" name="BBC ONE Wales" service_name="BBC ONE Wales" provider="BBC" sid="4222" onid="1" tsid="4096" />
    <channel service_ref="1:0:1:1c40:1000:0001:0cfd0000:0:0:0:" name="BBC RB 0" service_name="BBC RB 0" provider="BBC" sid="7232" onid="1" tsid="4096" />
    <channel service_ref="1:0:1:1c00:1000:0001:0cfd0000:0:0:0:" name="BBC RB 1" service_name="BBC RB 1" provider="BBC" sid="7168" onid="1" tsid="4096" />
    <channel service_ref="1:0:1:01da:1000:0001:0cfd0000:0:0:0:" name="BBC Red Button" service_name="BBC Red Button" provider="BBC" sid="474" onid="1" tsid="4096" />
    <channel service_ref="1:0:1:133c:1000:0001:0cfd0000:0:0:0:" name="BBC Scotland" service_name="BBC Scotland" provider="BBC" sid="4924" onid="1" tsid="4096" />
    <channel service_ref="1:0:25:433c:1000:0001:0cfd0000:0:0:0:" name="BBC Scotland HD" service_name="BBC Scotland HD" provider="BBC" sid="17212" onid="1" tsid="4096" />
    <channel service_ref="1:0:1:10c0:1000:0001:0cfd0000:0:0:0:" name="BBC THREE" service_name="BBC THREE" provider="BBC" sid="4288" onid="1" tsid="4096" />
    <channel service_ref="1:0:25:11f8:1000:0001:0cfd0000:0:0:0:" name="BBC Three HD" service_name="BBC Three HD" provider="BBC" sid="4600" onid="1" tsid="4096" />
    <channel service_ref="1:0:1:10bf:1000:0001:0cfd0000:0:0:0:" name="BBC TWO" service_name="BBC TWO" provider="BBC" sid="4287" onid="1" tsid="4096" />
    <channel service_ref="1:0:25:0486:1000:0001:0cfd0000:0:0:0:" name="BBC Two HD" service_name="BBC Two HD" provider="BBC" sid="1158" onid="1" tsid="4096" />
    <channel service_ref="1:0:1:04b0:1000:0001:0cfd0000:0:0:0:" name="CBBC" service_name="CBBC" provider="BBC" sid="1200" onid="1" tsid="4096" />
    <channel service_ref="1:0:25:46c0:1000:0001:0cfd0000:0:0:0:" name="CBBC HD" service_name="CBBC HD" provider="BBC" sid="18112" onid="1" tsid="4096" />
    <channel service_ref="1:0:1:04d8:1000:0001:0cfd0000:0:0:0:" name="CBeebies" service_name="CBeebies" provider="BBC" sid="1240" onid="1" tsid="4096" />
    <channel service_ref="1:0:25:04aa:1000:0001:0cfd0000:0:0:0:" name="Channel 4 HD" service_name="Channel 4 HD" provider="Channel 4 Broadcasting" sid="1194" onid="1" tsid="4096" />
    <channel service_ref="1:0:25:11bc:1000:0001:0cfd0000:0:0:0:" name="Channel 5 HD" service_name="Channel 5 HD" provider="BBC" sid="4540" onid="1" tsid="4096" />
    <channel service_ref="1:0:25:44c8:1000:0001:0cfd0000:0:0:0:" name="ITV1 HD" service_name="ITV1 HD" provider="ITV" sid="17608" onid="1" tsid="4096" />
    <channel service_ref="1:0:1:01f4:1000:0001:0cfd0000:0:0:0:" name="Parliament" service_name="Parliament" provider="BBC" sid="500" onid="1" tsid="4096" />
    <channel service_ref="1:0:25:11e4:1000:0001:0cfd0000:0:0:0:" name="S4C HD" service_name="S4C HD" provider="S4C" sid="4580" onid="1" tsid="4096" />
    <channel service_ref="1:0:25:45c0:1000:0001:0cfd0000:0:0:0:" name="STV HD" service_name="STV HD" provider="STV" sid="17856" onid="1" tsid="4096" />
    <channel service_ref="1:0:22:4ec0:1000:0001:0cfd0000:0:0:0:" name="TBN UK" service_name="TBN UK" provider="Governance Ministries" sid="20160" onid="1" tsid="4096" />
    <channel service_ref="1:0:25:4e80:1000:0001:0cfd0000:0:0:0:" name="UTV HD" service_name="UTV HD" provider="UTV" sid="20096" onid="1" tsid="4096" />
  </bouquet>
  <bouquet name="News" category="tv">
    <channel service_ref="1:0:1:044c:1000:0001:0cfd0000:0:0:0:" name="BBC NEWS" service_name="BBC NEWS" provider="BBC" sid="1100" onid="1" tsid="4096" />
  </bouquet>
  <bouquet name="ARD/ZDF" category="tv">
    <channel service_ref="1:0:22:4f20:1000:0001:0cfd0000:0:0:0:" name="5SELECT" service_name="5SELECT" provider="Channel 5 Broadcasting Ltd" sid="20256" onid="1" tsid="4096" />
    <channel service_ref="1:0:1:10c0:1000:0001:0cfd0000:0:0:0:" name="BBC THREE" service_name="BBC THREE" provider="BBC" sid="4288" onid="1" tsid="4096" />
    <channel service_ref="1:0:25:11f8:1000:0001:0cfd0000:0:0:0:" name="BBC Three HD" service_name="BBC Three HD" provider="BBC" sid="4600" onid="1" tsid="4096" />
    <channel service_ref="1:0:25:04aa:1000:0001:0cfd0000:0:0:0:" name="Channel 4 HD" service_name="Channel 4 HD" provider="Channel 4 Broadcasting" sid="1194" onid="1" tsid="4096" />
  </bouquet>
  <bouquet name="BBC" category="tv">
    <channel service_ref="1:0:1:12fc:1000:0001:0cfd0000:0:0:0:" name="BBC Alba" service_name="BBC Alba" provider="BBC" sid="4860" onid="1" tsid="4096" />
    <channel service_ref="1:0:1:12fc:1000:0001:0cfd0000:0:0:0:" name="BBC Alba" service_name="BBC Alba" provider="BBC" sid="4860" onid="1" tsid="4096" />
    <channel service_ref="1:0:1:11c0:1000:0001:0cfd0000:0:0:0:" name="BBC FOUR" service_name="BBC FOUR" provider="BBC" sid="4544" onid="1" tsid="4096" />
    <channel service_ref="1:0:1:11c0:1000:0001:0cfd0000:0:0:0:" name="BBC FOUR" service_name="BBC FOUR" provider="BBC" sid="4544" onid="1" tsid="4096" />
    <channel service_ref="1:0:25:04e0:1000:0001:0cfd0000:0:0:0:" name="BBC FOUR HD" service_name="BBC FOUR HD" provider="BBC" sid="1248" onid="1" tsid="4096" />
    <channel service_ref="1:0:25:04e0:1000:0001:0cfd0000:0:0:0:" name="BBC FOUR HD" service_name="BBC FOUR HD" provider="BBC" sid="1248" onid="1" tsid="4096" />
    <channel service_ref="1:0:1:044c:1000:0001:0cfd0000:0:0:0:" name="BBC NEWS" service_name="BBC NEWS" provider="BBC" sid="1100" onid="1" tsid="4096" />
    <channel service_ref="1:0:1:019e:1000:0001:0cfd0000:0:0:0:" name="BBC ONE" service_name="BBC ONE" provider="BBC" sid="414" onid="1" tsid="4096" />
    <channel service_ref="1:0:1:019e:1000:0001:0cfd0000:0:0:0:" name="BBC ONE" service_name="BBC ONE" provider="BBC" sid="414" onid="1" tsid="4096" />
    <channel service_ref="1:0:25:04a0:1000:0001:0cfd0000:0:0:0:" name="BBC One HD" service_name="BBC One HD" provider="BBC" sid="1184" onid="1" tsid="4096" />
    <channel service_ref="1:0:25:04a0:1000:0001:0cfd0000:0:0:0:" name="BBC One HD" service_name="BBC One HD" provider="BBC" sid="1184" onid="1" tsid="4096" />
    <channel service_ref="1:0:1:107d:1000:0001:0cfd0000:0:0:0:" name="BBC ONE NI" service_name="BBC ONE NI" provider="BBC" sid="4221" onid="1" tsid="4096" />
    <channel service_ref="1:0:1:107d:1000:0001:0cfd0000:0:0:0:" name="BBC ONE NI" service_name="BBC ONE NI" provider="BBC" sid="4221" onid="1" tsid="4096" />
    <channel service_ref="1:0:1:107c:1000:0001:0cfd0000:0:0:0:" name="BBC ONE Scot" service_name="BBC ONE Scot" provider="BBC" sid="4220" onid="1" tsid="4096" />
    <channel service_ref="1:0:1:107c:1000:0001:0cfd0000:0:0:0:" name="BBC ONE Scot" service_name="BBC ONE Scot" provider="BBC" sid="4220" onid="1" tsid="4096" />
    <channel service_ref="1:0:1:107e:1000:0001:0cfd0000:0:0:0:" name="BBC ONE Wales" service_name="BBC ONE Wales" provider="BBC" sid="4222" onid="1" tsid="4096" />
    <channel service_ref="1:0:1:107e:1000:0001:0cfd0000:0:0:0:" name="BBC ONE Wales" service_name="BBC ONE Wales" provider="BBC" sid="4222" onid="1" tsid="4096" />
    <channel service_ref="1:0:1:1c40:1000:0001:0cfd0000:0:0:0:" name="BBC RB 0" service_name="BBC RB 0" provider="BBC" sid="7232" onid="1" tsid="4096" />
    <channel service_ref="1:0:1:1c40:1000:0001:0cfd0000:0:0:0:" name="BBC RB 0" service_name="BBC RB 0" provider="BBC" sid="7232" onid="1" tsid="4096" />
    <channel service_ref="1:0:1:1c00:1000:0001:0cfd0000:0:0:0:" name="BBC RB 1" service_name="BBC RB 1" provider="BBC" sid="7168" onid="1" tsid="4096" />
    <channel service_ref="1:0:1:1c00:1000:0001:0cfd0000:0:0:0:" name="BBC RB 1" service_name="BBC RB 1" provider="BBC" sid="7168" onid="1" tsid="4096" />
    <channel service_ref="1:0:1:01da:1000:0001:0cfd0000:0:0:0:" name="BBC Red Button" service_name="BBC Red Button" provider="BBC" sid="474" onid="1" tsid="4096" />
    <channel service_ref="1:0:1:01da:1000:0001:0cfd0000:0:0:0:" name="BBC Red Button" service_name="BBC Red Button" provider="BBC" sid="474" onid="1" tsid="4096" />
    <channel service_ref="1:0:1:133c:1000:0001:0cfd0000:0:0:0:" name="BBC Scotland" service_name="BBC Scotland" provider="BBC" sid="4924" onid="1" tsid="4096" />
    <channel service_ref="1:0:1:133c:1000:0001:0cfd0000:0:0:0:" name="BBC Scotland" service_name="BBC Scotland" provider="BBC" sid="4924" onid="1" tsid="4096" />
    <channel service_ref="1:0:25:433c:1000:0001:0cfd0000:0:0:0:" name="BBC Scotland HD" service_name="BBC Scotland HD" provider="BBC" sid="17212" onid="1" tsid="4096" />
    <channel service_ref="1:0:25:433c:1000:0001:0cfd0000:0:0:0:" name="BBC Scotland HD" service_name="BBC Scotland HD" provider="BBC" sid="17212" onid="1" tsid="4096" />
    <channel service_ref="1:0:1:10c0:1000:0001:0cfd0000:0:0:0:" name="BBC THREE" service_name="BBC THREE" provider="BBC" sid="4288" onid="1" tsid="4096" />
    <channel service_ref="1:0:25:11f8:1000:0001:0cfd0000:0:0:0:" name="BBC Three HD" service_name="BBC Three HD" provider="BBC" sid="4600" onid="1" tsid="4096" />
    <channel service_ref="1:0:1:10bf:1000:0001:0cfd0000:0:0:0:" name="BBC TWO" service_name="BBC TWO" provider="BBC" sid="4287" onid="1" tsid="4096" />
    <channel service_ref="1:0:1:10bf:1000:0001:0cfd0000:0:0:0:" name="BBC TWO" service_name="BBC TWO" provider="BBC" sid="4287" onid="1" tsid="4096" />
    <channel service_ref="1:0:25:0486:1000:0001:0cfd0000:0:0:0:" name="BBC Two HD" service_name="BBC Two HD" provider="BBC" sid="1158" onid="1" tsid="4096" />
    <channel service_ref="1:0:25:0486:1000:0001:0cfd0000:0:0:0:" name="BBC Two HD" service_name="BBC Two HD" provider="BBC" sid="1158" onid="1" tsid="4096" />
    <channel service_ref="1:0:1:04b0:1000:0001:0cfd0000:0:0:0:" name="CBBC" service_name="CBBC" provider="BBC" sid="1200" onid="1" tsid="4096" />
    <channel service_ref="1:0:1:04b0:1000:0001:0cfd0000:0:0:0:" name="CBBC" service_name="CBBC" provider="BBC" sid="1200" onid="1" tsid="4096" />
    <channel service_ref="1:0:25:46c0:1000:0001:0cfd0000:0:0:0:" name="CBBC HD" service_name="CBBC HD" provider="BBC" sid="18112" onid="1" tsid="4096" />
    <channel service_ref="1:0:25:46c0:1000:0001:0cfd0000:0:0:0:" name="CBBC HD" service_name="CBBC HD" provider="BBC" sid="18112" onid="1" tsid="4096" />
    <channel service_ref="1:0:1:04d8:1000:0001:0cfd0000:0:0:0:" name="CBeebies" service_name="CBeebies" provider="BBC" sid="1240" onid="1" tsid="4096" />
    <channel service_ref="1:0:1:04d8:1000:0001:0cfd0000:0:0:0:" name="CBeebies" service_name="CBeebies" provider="BBC" sid="1240" onid="1" tsid="4096" />
    <channel service_ref="1:0:25:11bc:1000:0001:0cfd0000:0:0:0:" name="Channel 5 HD" service_name="Channel 5 HD" provider="BBC" sid="4540" onid="1" tsid="4096" />
    <channel service_ref="1:0:25:11bc:1000:0001:0cfd0000:0:0:0:" name="Channel 5 HD" service_name="Channel 5 HD" provider="BBC" sid="4540" onid="1" tsid="4096" />
    <channel service_ref="1:0:1:01f4:1000:0001:0cfd0000:0:0:0:" name="Parliament" service_name="Parliament" provider="BBC" sid="500" onid="1" tsid="4096" />
    <channel service_ref="1:0:1:01f4:1000:0001:0cfd0000:0:0:0:" name="Parliament" service_name="Parliament" provider="BBC" sid="500" onid="1" tsid="4096" />
  </bouquet>
  <bouquet name="Resolution - HD" category="tv">
    <channel service_ref="1:0:25:04e0:1000:0001:0cfd0000:0:0:0:" name="BBC FOUR HD" service_name="BBC FOUR HD" provider="BBC" sid="1248" onid="1" tsid="4096" />
    <channel service_ref="1:0:25:04a0:1000:0001:0cfd0000:0:0:0:" name="BBC One HD" service_name="BBC One HD" provider="BBC" sid="1184" onid="1" tsid="4096" />
    <channel service_ref="1:0:25:433c:1000:0001:0cfd0000:0:0:0:" name="BBC Scotland HD" service_name="BBC Scotland HD" provider="BBC" sid="17212" onid="1" tsid="4096" />
    <channel service_ref="1:0:25:11f8:1000:0001:0cfd0000:0:0:0:" name="BBC Three HD" service_name="BBC Three HD" provider="BBC" sid="4600" onid="1" tsid="4096" />
    <channel service_ref="1:0:25:0486:1000:0001:0cfd0000:0:0:0:" name="BBC Two HD" service_name="BBC Two HD" provider="BBC" sid="1158" onid="1" tsid="4096" />
    <channel service_ref="1:0:25:46c0:1000:0001:0cfd0000:0:0:0:" name="CBBC HD" service_name="CBBC HD" provider="BBC" sid="18112" onid="1" tsid="4096" />
    <channel service_ref="1:0:25:04aa:1000:0001:0cfd0000:0:0:0:" name="Channel 4 HD" service_name="Channel 4 HD" provider="Channel 4 Broadcasting" sid="1194" onid="1" tsid="4096" />
    <channel service_ref="1:0:25:11bc:1000:0001:0cfd0000:0:0:0:" name="Channel 5 HD" service_name="Channel 5 HD" provider="BBC" sid="4540" onid="1" tsid="4096" />
    <channel service_ref="1:0:25:44c8:1000:0001:0cfd0000:0:0:0:" name="ITV1 HD" service_name="ITV1 HD" provider="ITV" sid="17608" onid="1" tsid="4096" />
    <channel service_ref="1:0:25:11e4:1000:0001:0cfd0000:0:0:0:" name="S4C HD" service_name="S4C HD" provider="S4C" sid="4580" onid="1" tsid="4096" />
    <channel service_ref="1:0:25:45c0:1000:0001:0cfd0000:0:0:0:" name="STV HD" service_name="STV HD" provider="STV" sid="17856" onid="1" tsid="4096" />
    <channel service_ref="1:0:25:4e80:1000:0001:0cfd0000:0:0:0:" name="UTV HD" service_name="UTV HD" provider="UTV" sid="20096" onid="1" tsid="4096" />
  </bouquet>
  <bouquet name="Others" category="tv">
    <channel service_ref="1:0:25:44c8:1000:0001:0cfd0000:0:0:0:" name="ITV1 HD" service_name="ITV1 HD" provider="ITV" sid="17608" onid="1" tsid="4096" />
    <channel service_ref="1:0:25:11e4:1000:0001:0cfd0000:0:0:0:" name="S4C HD" service_name="S4C HD" provider="S4C" sid="4580" onid="1" tsid="4096" />
    <channel service_ref="1:0:25:45c0:1000:0001:0cfd0000:0:0:0:" name="STV HD" service_name="STV HD" provider="STV" sid="17856" onid="1" tsid="4096" />
    <channel service_ref="1:0:22:4ec0:1000:0001:0cfd0000:0:0:0:" name="TBN UK" service_name="TBN UK" provider="Governance Ministries" sid="20160" onid="1" tsid="4096" />
    <channel service_ref="1:0:25:4e80:1000:0001:0cfd0000:0:0:0:" name="UTV HD" service_name="UTV HD" provider="UTV" sid="20096" onid="1" tsid="4096" />
  </bouquet>
  <bouquet name="UK" category="tv">
    <channel service_ref="1:0:25:44c8:1000:0001:0cfd0000:0:0:0:" name="ITV1 HD" service_name="ITV1 HD" provider="ITV" sid="17608" onid="1" tsid="4096" />
  </bouquet>
  <bouquet name="Radio" category="radio">
    <channel service_ref="1:0:2:06a4:1000:0001:0cfd0000:0:0:0:" name="BBC 1 Xtra" service_name="BBC 1 Xtra" provider="BBC" sid="1700" onid="1" tsid="4096" />
    <channel service_ref="1:0:2:02b2:1000:0001:0cfd0000:0:0:0:" name="BBC 6 Music" service_name="BBC 6 Music" provider="BBC" sid="690" onid="1" tsid="4096" />
    <channel service_ref="1:0:2:06cc:1000:0001:0cfd0000:0:0:0:" name="BBC Asian Net." service_name="BBC Asian Net." provider="BBC" sid="1740" onid="1" tsid="4096" />
    <channel service_ref="1:0:2:0280:1000:0001:0cfd0000:0:0:0:" name="BBC R5L" service_name="BBC R5L" provider="BBC" sid="640" onid="1" tsid="4096" />
    <channel service_ref="1:0:2:029c:1000:0001:0cfd0000:0:0:0:" name="BBC R5SX" service_name="BBC R5SX" provider="BBC" sid="668" onid="1" tsid="4096" />
    <channel service_ref="1:0:2:1a40:1000:0001:0cfd0000:0:0:0:" name="BBC Radio 1" service_name="BBC Radio 1" provider="BBC" sid="6720" onid="1" tsid="4096" />
    <channel service_ref="1:0:2:1a80:1000:0001:0cfd0000:0:0:0:" name="BBC Radio 2" service_name="BBC Radio 2" provider="BBC" sid="6784" onid="1" tsid="4096" />
    <channel service_ref="1:0:2:1ac0:1000:0001:0cfd0000:0:0:0:" name="BBC Radio 3" service_name="BBC Radio 3" provider="BBC" sid="6848" onid="1" tsid="4096" />
    <channel service_ref="1:0:2:1b00:1000:0001:0cfd0000:0:0:0:" name="BBC Radio 4" service_name="BBC Radio 4" provider="BBC" sid="6912" onid="1" tsid="4096" />
    <channel service_ref="1:0:2:16c0:1000:0001:0cfd0000:0:0:0:" name="BBC Radio 4 Ex" service_name="BBC Radio 4 Ex" provider="BBC" sid="5824" onid="1" tsid="4096" />
    <channel service_ref="1:0:2:06f4:1000:0001:0cfd0000:0:0:0:" name="BBC World Sv." service_name="BBC World Sv." provider="BBC" sid="1780" onid="1" tsid="4096" />
    <channel service_ref="1:0:2:197e:1000:0001:0cfd0000:0:0:0:" name="Radio Cymru" service_name="Radio Cymru" provider="BBC" sid="6526" onid="1" tsid="4096" />
    <channel service_ref="1:0:2:19be:1000:0001:0cfd0000:0:0:0:" name="Radio Cymru 2" service_name="Radio Cymru 2" provider="BBC" sid="6590" onid="1" tsid="4096" />
    <channel service_ref="1:0:2:18fd:1000:0001:0cfd0000:0:0:0:" name="Radio Foyle" service_name="Radio Foyle" provider="BBC" sid="6397" onid="1" tsid="4096" />
    <channel service_ref="1:0:2:187c:1000:0001:0cfd0000:0:0:0:" name="Radio N Gael" service_name="Radio N Gael" provider="BBC" sid="6268" onid="1" tsid="4096" />
    <channel service_ref="1:0:2:183c:1000:0001:0cfd0000:0:0:0:" name="Radio Scotland" service_name="Radio Scotland" provider="BBC" sid="6204" onid="1" tsid="4096" />
    <channel service_ref="1:0:2:18bd:1000:0001:0cfd0000:0:0:0:" name="Radio Ulster" service_name="Radio Ulster" provider="BBC" sid="6333" onid="1" tsid="4096" />
    <channel service_ref="1:0:2:193e:1000:0001:0cfd0000:0:0:0:" name="Radio Wales" service_name="Radio Wales" provider="BBC" sid="6462" onid="1" tsid="4096" />
  </bouquet>
  <bouquet name="Radio - International" category="radio">
    <channel service_ref="1:0:2:06a4:1000:0001:0cfd0000:0:0:0:" name="BBC 1 Xtra" service_name="BBC 1 Xtra" provider="BBC" sid="1700" onid="1" tsid="4096" />
    <channel service_ref="1:0:2:02b2:1000:0001:0cfd0000:0:0:0:" name="BBC 6 Music" service_name="BBC 6 Music" provider="BBC" sid="690" onid="1" tsid="4096" />
    <channel service_ref="1:0:2:06cc:1000:0001:0cfd0000:0:0:0:" name="BBC Asian Net." service_name="BBC Asian Net." provider="BBC" sid="1740" onid="1" tsid="4096" />
    <channel service_ref="1:0:2:0280:1000:0001:0cfd0000:0:0:0:" name="BBC R5L" service_name="BBC R5L" provider="BBC" sid="640" onid="1" tsid="4096" />
    <channel service_ref="1:0:2:029c:1000:0001:0cfd0000:0:0:0:" name="BBC R5SX" service_name="BBC R5SX" provider="BBC" sid="668" onid="1" tsid="4096" />
    <channel service_ref="1:0:2:1a40:1000:0001:0cfd0000:0:0:0:" name="BBC Radio 1" service_name="BBC Radio 1" provider="BBC" sid="6720" onid="1" tsid="4096" />
    <channel service_ref="1:0:2:1a80:1000:0001:0cfd0000:0:0:0:" name="BBC Radio 2" service_name="BBC Radio 2" provider="BBC" sid="6784" onid="1" tsid="4096" />
    <channel service_ref="1:0:2:1ac0:1000:0001:0cfd0000:0:0:0:" name="BBC Radio 3" service_name="BBC Radio 3" provider="BBC" sid="6848" onid="1" tsid="4096" />
    <channel service_ref="1:0:2:1b00:1000:0001:0cfd0000:0:0:0:" name="BBC Radio 4" service_name="BBC Radio 4" provider="BBC" sid="6912" onid="1" tsid="4096" />
    <channel service_ref="1:0:2:16c0:1000:0001:0cfd0000:0:0:0:" name="BBC Radio 4 Ex" service_name="BBC Radio 4 Ex" provider="BBC" sid="5824" onid="1" tsid="4096" />
    <channel service_ref="1:0:2:06f4:1000:0001:0cfd0000:0:0:0:" name="BBC World Sv." service_name="BBC World Sv." provider="BBC" sid="1780" onid="1" tsid="4096" />
    <channel service_ref="1:0:2:197e:1000:0001:0cfd0000:0:0:0:" name="Radio Cymru" service_name="Radio Cymru" provider="BBC" sid="6526" onid="1" tsid="4096" />
    <channel service_ref="1:0:2:19be:1000:0001:0cfd0000:0:0:0:" name="Radio Cymru 2" service_name="Radio Cymru 2" provider="BBC" sid="6590" onid="1" tsid="4096" />
    <channel service_ref="1:0:2:18fd:1000:0001:0cfd0000:0:0:0:" name="Radio Foyle" service_name="Radio Foyle" provider="BBC" sid="6397" onid="1" tsid="4096" />
    <channel service_ref="1:0:2:187c:1000:0001:0cfd0000:0:0:0:" name="Radio N Gael" service_name="Radio N Gael" provider="BBC" sid="6268" onid="1" tsid="4096" />
    <channel service_ref="1:0:2:183c:1000:0001:0cfd0000:0:0:0:" name="Radio Scotland" service_name="Radio Scotland" provider="BBC" sid="6204" onid="1" tsid="4096" />
    <channel service_ref="1:0:2:18bd:1000:0001:0cfd0000:0:0:0:" name="Radio Ulster" service_name="Radio Ulster" provider="BBC" sid="6333" onid="1" tsid="4096" />
    <channel service_ref="1:0:2:193e:1000:0001:0cfd0000:0:0:0:" name="Radio Wales" service_name="Radio Wales" provider="BBC" sid="6462" onid="1" tsid="4096" />
  </bouquet>
  <bouquet name="Radio - Music" category="radio">
    <channel service_ref="1:0:2:02b2:1000:0001:0cfd0000:0:0:0:" name="BBC 6 Music" service_name="BBC 6 Music" provider="BBC" sid="690" onid="1" tsid="4096" />
  </bouquet>
  <bouquet name="Radio - News" category="radio">
    <channel service_ref="1:0:2:06a4:1000:0001:0cfd0000:0:0:0:" name="BBC 1 Xtra" service_name="BBC 1 Xtra" provider="BBC" sid="1700" onid="1" tsid="4096" />
    <channel service_ref="1:0:2:02b2:1000:0001:0cfd0000:0:0:0:" name="BBC 6 Music" service_name="BBC 6 Music" provider="BBC" sid="690" onid="1" tsid="4096" />
    <channel service_ref="1:0:2:06cc:1000:0001:0cfd0000:0:0:0:" name="BBC Asian Net." service_name="BBC Asian Net." provider="BBC" sid="1740" onid="1" tsid="4096" />
    <channel service_ref="1:0:2:0280:1000:0001:0cfd0000:0:0:0:" name="BBC R5L" service_name="BBC R5L" provider="BBC" sid="640" onid="1" tsid="4096" />
    <channel service_ref="1:0:2:029c:1000:0001:0cfd0000:0:0:0:" name="BBC R5SX" service_name="BBC R5SX" provider="BBC" sid="668" onid="1" tsid="4096" />
    <channel service_ref="1:0:2:1a40:1000:0001:0cfd0000:0:0:0:" name="BBC Radio 1" service_name="BBC Radio 1" provider="BBC" sid="6720" onid="1" tsid="4096" />
    <channel service_ref="1:0:2:1a80:1000:0001:0cfd0000:0:0:0:" name="BBC Radio 2" service_name="BBC Radio 2" provider="BBC" sid="6784" onid="1" tsid="4096" />
    <channel service_ref="1:0:2:1ac0:1000:0001:0cfd0000:0:0:0:" name="BBC Radio 3" service_name="BBC Radio 3" provider="BBC" sid="6848" onid="1" tsid="4096" />
    <channel service_ref="1:0:2:1b00:1000:0001:0cfd0000:0:0:0:" name="BBC Radio 4" service_name="BBC Radio 4" provider="BBC" sid="6912" onid="1" tsid="4096" />
    <channel service_ref="1:0:2:16c0:1000:0001:0cfd0000:0:0:0:" name="BBC Radio 4 Ex" service_name="BBC Radio 4 Ex" provider="BBC" sid="5824" onid="1" tsid="4096" />
    <channel service_ref="1:0:2:06f4:1000:0001:0cfd0000:0:0:0:" name="BBC World Sv." service_name="BBC World Sv." provider="BBC" sid="1780" onid="1" tsid="4096" />
    <channel service_ref="1:0:2:197e:1000:0001:0cfd0000:0:0:0:" name="Radio Cymru" service_name="Radio Cymru" provider="BBC" sid="6526" onid="1" tsid="4096" />
    <channel service_ref="1:0:2:19be:1000:0001:0cfd0000:0:0:0:" name="Radio Cymru 2" service_name="Radio Cymru 2" provider="BBC" sid="6590" onid="1" tsid="4096" />
    <channel service_ref="1:0:2:18fd:1000:0001:0cfd0000:0:0:0:" name="Radio Foyle" service_name="Radio Foyle" provider="BBC" sid="6397" onid="1" tsid="4096" />
    <channel service_ref="1:0:2:187c:1000:0001:0cfd0000:0:0:0:" name="Radio N Gael" service_name="Radio N Gael" provider="BBC" sid="6268" onid="1" tsid="4096" />
    <channel service_ref="1:0:2:183c:1000:0001:0cfd0000:0:0:0:" name="Radio Scotland" service_name="Radio Scotland" provider="BBC" sid="6204" onid="1" tsid="4096" />
    <channel service_ref="1:0:2:18bd:1000:0001:0cfd0000:0:0:0:" name="Radio Ulster" service_name="Radio Ulster" provider="BBC" sid="6333" onid="1" tsid="4096" />
    <channel service_ref="1:0:2:193e:1000:0001:0cfd0000:0:0:0:" name="Radio Wales" service_name="Radio Wales" provider="BBC" sid="6462" onid="1" tsid="4096" />
  </bouquet>
</zapit>
