<?xml version='1.0' encoding='utf-8'?>
<zapit api="4">
  <terrestrials>
    <terrestrial key="eeee0000:1400:217c" name="MSP-2" namespace="0xeeee0000">
      <transponder key="eeee0000:1400:217c" frequency="778000000" symbol_rate="0" polarization="H" fec="5" system="0" modulation="4">
        <service id="0x0001" sid="1" name="Canale 16" type="1" provider="MSP 2" onid="8572" tsid="5120" namespace="0xeeee0000" />
        <service id="0x0008" sid="8" name="CHIESA TV" type="1" provider="MSP 2" onid="8572" tsid="5120" namespace="0xeeee0000" />
        <service id="0x0003" sid="3" name="Telenova" type="1" provider="MSP 2" onid="8572" tsid="5120" namespace="0xeeee0000" />
        <service id="0x0007" sid="7" name="TELENOVA" type="1" provider="MSP 2" onid="8572" tsid="5120" namespace="0xeeee0000" />
        <service id="0x0002" sid="2" name="TELENOVA 2" type="1" provider="MSP 2" onid="8572" tsid="5120" namespace="0xeeee0000" />
        <service id="0x0009" sid="9" name="Telenova 2" type="1" provider="MSP 2" onid="8572" tsid="5120" namespace="0xeeee0000" />
        <service id="0x0005" sid="5" name="Telenova 4" type="1" provider="MSP 2" onid="8572" tsid="5120" namespace="0xeeee0000" />
        <service id="0x0006" sid="6" name="TELENOVA 4" type="1" provider="MSP 2" onid="8572" tsid="5120" namespace="0xeeee0000" />
        <service id="0x0004" sid="4" name="Telenova 5" type="1" provider="MSP 2" onid="8572" tsid="5120" namespace="0xeeee0000" />
        <service id="0x000b" sid="11" name="TELENOVA HD" type="1" provider="MSP 2" onid="8572" tsid="5120" namespace="0xeeee0000" />
        <service id="0x000a" sid="10" name="Telenova+1" type="1" provider="MSP 2" onid="8572" tsid="5120" namespace="0xeeee0000" />
        <service id="0x000e" sid="14" name="Radio Marconi" type="2" provider="MSP 2" onid="8572" tsid="5120" namespace="0xeeee0000" radio="1" />
        <service id="0x000f" sid="15" name="Radio Marconi Classic" type="2" provider="MSP 2" onid="8572" tsid="5120" namespace="0xeeee0000" radio="1" />
      </transponder>
    </terrestrial>
  </terrestrials>
</zapit>
