{
  "api_version": 4,
  "bouquet_count": "212",
  "category": "sat",
  "deduplicated_services": "0",
  "display_name": "Sat-68.5E",
  "lamedb_version": "4",
  "last_seen": "unknown",
  "satellite_code": "S68.5E",
  "service_count": "12689",
  "source": "work/ingest/oe-alliance/vhannibal.motor.deutschland/enigma2",
  "stale": "unknown",
  "stats": "{\"bouquet_count\": 47, \"cable_services\": 0, \"radio_services\": 1984, \"sat_services\": 12689, \"terrestrial_services\": 0, \"total_services\": 12689}",
  "thresholds": "{\"cable\": 20, \"sat\": 50, \"terrestrial\": 20}",
  "transponder_count": "954"
}