<?xml version='1.0' encoding='utf-8'?>
<zapit api="4">
  <satellites>
    <satellite key="00460000:4e20:0064" name="Sat-7E" namespace="0x00460000" position="7">
      <transponder key="00460000:4e20:0064" frequency="10721000" symbol_rate="22000000" polarization="H" fec="3" system="0" modulation="0">
        <service id="0x000e" sid="14" name="Angel TV" type="1" provider="" onid="100" tsid="20000" namespace="0x00460000" />
        <service id="0x0001" sid="1" name="BBC Persian" type="1" provider="BBC World Service" onid="100" tsid="20000" namespace="0x00460000" />
        <service id="0x089b" sid="2203" name="Hawza Ilmiyya TV" type="1" provider="" onid="100" tsid="20000" namespace="0x00460000" />
        <service id="0x1d2a" sid="7466" name="Imam Hussein TV" type="1" provider="Globecast" onid="100" tsid="20000" namespace="0x00460000" />
        <service id="0x1cbb" sid="7355" name="Manoto 1" type="1" provider="Arqiva" onid="100" tsid="20000" namespace="0x00460000" />
        <service id="0x000a" sid="10" name="Rang-A-Rang TV" type="1" provider="" onid="100" tsid="20000" namespace="0x00460000" />
        <service id="0x0002" sid="2" name="Simaye Azadi Iran National TV" type="1" provider="GLOBECAST" onid="100" tsid="20000" namespace="0x00460000" />
        <service id="0x000c" sid="12" name="TIN TV" type="1" provider="" onid="100" tsid="20000" namespace="0x00460000" />
      </transponder>
    </satellite>
    <satellite key="00460000:4fb0:007e" name="Sat-7E" namespace="0x00460000" position="7">
      <transponder key="00460000:4fb0:007e" frequency="10762000" symbol_rate="30000000" polarization="V" fec="3" system="0" modulation="0">
        <service id="0x085c" sid="2140" name="TRT 3 Spor" type="1" provider="Digitürk" onid="126" tsid="20400" namespace="0x00460000" />
        <service id="0x213b" sid="8507" name="TRT 3 Spor" type="1" provider="Digitürk" onid="126" tsid="20400" namespace="0x00460000" />
        <service id="0x213a" sid="8506" name="TRT 6" type="1" provider="Digitürk" onid="126" tsid="20400" namespace="0x00460000" />
        <service id="0x035b" sid="859" name="TRT Arapça" type="1" provider="Digitürk" onid="126" tsid="20400" namespace="0x00460000" />
        <service id="0x0359" sid="857" name="TRT Avaz" type="1" provider="Digitürk" onid="126" tsid="20400" namespace="0x00460000" />
        <service id="0x085a" sid="2138" name="TRT Belgesel" type="1" provider="Digitürk" onid="126" tsid="20400" namespace="0x00460000" />
        <service id="0x213d" sid="8509" name="TRT DİYANET" type="1" provider="Digitürk" onid="126" tsid="20400" namespace="0x00460000" />
        <service id="0x213c" sid="8508" name="TRT Haber" type="1" provider="Digitürk" onid="126" tsid="20400" namespace="0x00460000" />
        <service id="0x213e" sid="8510" name="TRT Müzik" type="1" provider="Digitürk" onid="126" tsid="20400" namespace="0x00460000" />
        <service id="0x035a" sid="858" name="TRT Okul" type="1" provider="Digitürk" onid="126" tsid="20400" namespace="0x00460000" />
        <service id="0x085b" sid="2139" name="TRT Türk" type="1" provider="Digitürk" onid="126" tsid="20400" namespace="0x00460000" />
        <service id="0x213f" sid="8511" name="TRT Çocuk" type="1" provider="Digitürk" onid="126" tsid="20400" namespace="0x00460000" />
      </transponder>
    </satellite>
    <satellite key="00460000:5014:007e" name="Sat-7E" namespace="0x00460000" position="7">
      <transponder key="00460000:5014:007e" frequency="10804000" symbol_rate="30000000" polarization="H" fec="4" system="0" modulation="0">
        <service id="0x09c7" sid="2503" name="beIN Movies Disney Prenses HD" type="25" provider="Digitürk" onid="126" tsid="20500" namespace="0x00460000" />
        <service id="0x0a17" sid="2583" name="beIN MOVIES DISNEY PRENSES HD" type="25" provider="Digitürk" onid="126" tsid="20500" namespace="0x00460000" />
        <service id="0x09ce" sid="2510" name="beIN Series Sci-Fi HD" type="25" provider="Digitürk" onid="126" tsid="20500" namespace="0x00460000" />
        <service id="0x0a1e" sid="2590" name="beIN SERIES SCI-FI HD" type="25" provider="Digitürk" onid="126" tsid="20500" namespace="0x00460000" />
        <service id="0x09c9" sid="2505" name="Eurosport 1 HD" type="25" provider="Digitürk" onid="126" tsid="20500" namespace="0x00460000" />
        <service id="0x0a19" sid="2585" name="EUROSPORT 1 HD" type="25" provider="Digitürk" onid="126" tsid="20500" namespace="0x00460000" />
        <service id="0x09cf" sid="2511" name="EUROSPORT 2 HD" type="25" provider="Digitürk" onid="126" tsid="20500" namespace="0x00460000" />
        <service id="0x0a1f" sid="2591" name="Eurosport 2 HD" type="25" provider="Digitürk" onid="126" tsid="20500" namespace="0x00460000" />
        <service id="0x09c8" sid="2504" name="History Channel HD Turkey" type="25" provider="Digitürk" onid="126" tsid="20500" namespace="0x00460000" />
        <service id="0x0a18" sid="2584" name="HISTORY HD" type="25" provider="Digitürk" onid="126" tsid="20500" namespace="0x00460000" />
        <service id="0x09c5" sid="2501" name="MTV Live HD" type="25" provider="Digitürk" onid="126" tsid="20500" namespace="0x00460000" />
        <service id="0x0a15" sid="2581" name="MTV Live HD" type="25" provider="Digitürk" onid="126" tsid="20500" namespace="0x00460000" />
        <service id="0x09ca" sid="2506" name="Nickelodeon HD" type="25" provider="Digitürk" onid="126" tsid="20500" namespace="0x00460000" />
        <service id="0x0a24" sid="2596" name="NICKELODEON HD" type="25" provider="Digitürk" onid="126" tsid="20500" namespace="0x00460000" />
        <service id="0x09cc" sid="2508" name="Penthouse  HD" type="25" provider="Digitürk" onid="126" tsid="20500" namespace="0x00460000" />
        <service id="0x09cb" sid="2507" name="Sports TV HD" type="25" provider="Digitürk" onid="126" tsid="20500" namespace="0x00460000" />
        <service id="0x0a1b" sid="2587" name="SPORTS TV HD" type="25" provider="Digitürk" onid="126" tsid="20500" namespace="0x00460000" />
      </transponder>
    </satellite>
    <satellite key="00460000:5078:007e" name="Sat-7E" namespace="0x00460000" position="7">
      <transponder key="00460000:5078:007e" frequency="10803000" symbol_rate="29900000" polarization="V" fec="3" system="0" modulation="0">
        <service id="0x201a" sid="8218" name="Al Quran Al Kareem TV" type="1" provider="Digitürk" onid="126" tsid="20600" namespace="0x00460000" />
        <service id="0x201b" sid="8219" name="Al Sunnah Al Nabawiyah TV" type="1" provider="Digitürk" onid="126" tsid="20600" namespace="0x00460000" />
        <service id="0x201e" sid="8222" name="BabyFirst" type="1" provider="Digitürk" onid="126" tsid="20600" namespace="0x00460000" />
        <service id="0x07da" sid="2010" name="Beyaz TV" type="1" provider="Digitürk" onid="126" tsid="20600" namespace="0x00460000" />
        <service id="0x200e" sid="8206" name="Bloomberg HT" type="1" provider="Digitürk" onid="126" tsid="20600" namespace="0x00460000" />
        <service id="0x201d" sid="8221" name="BTV" type="1" provider="Digitürk" onid="126" tsid="20600" namespace="0x00460000" />
        <service id="0x200b" sid="8203" name="BTV 2" type="1" provider="Digitürk" onid="126" tsid="20600" namespace="0x00460000" />
        <service id="0x07e1" sid="2017" name="Digitürk Promo" type="1" provider="Digitürk" onid="126" tsid="20600" namespace="0x00460000" />
        <service id="0x07e2" sid="2018" name="Digitürk Promo" type="1" provider="Digitürk" onid="126" tsid="20600" namespace="0x00460000" />
        <service id="0x07df" sid="2015" name="Eurosport 1" type="1" provider="Digitürk" onid="126" tsid="20600" namespace="0x00460000" />
        <service id="0x07dd" sid="2013" name="Fox Sports Europe" type="1" provider="Digitürk" onid="126" tsid="20600" namespace="0x00460000" />
        <service id="0x07de" sid="2014" name="Nat Geo People" type="1" provider="Digitürk" onid="126" tsid="20600" namespace="0x00460000" />
        <service id="0x07db" sid="2011" name="Power TV (Turkey)" type="1" provider="Digitürk" onid="126" tsid="20600" namespace="0x00460000" />
        <service id="0x200c" sid="8204" name="Sports TV" type="1" provider="Digitürk" onid="126" tsid="20600" namespace="0x00460000" />
      </transponder>
    </satellite>
    <satellite key="00460000:50dc:007e" name="Sat-7E" namespace="0x00460000" position="7">
      <transponder key="00460000:50dc:007e" frequency="10845000" symbol_rate="30000000" polarization="H" fec="4" system="0" modulation="0">
        <service id="0x1fb6" sid="8118" name="beIN Iz HD" type="25" provider="Digitürk" onid="126" tsid="20700" namespace="0x00460000" />
        <service id="0x1ffc" sid="8188" name="beIN İZ HD" type="25" provider="Digitürk" onid="126" tsid="20700" namespace="0x00460000" />
        <service id="0x1ffd" sid="8189" name="beIN İZ HD" type="25" provider="Digitürk" onid="126" tsid="20700" namespace="0x00460000" />
        <service id="0x07d6" sid="2006" name="beIN MOVIES 007 HD" type="25" provider="Digitürk" onid="126" tsid="20700" namespace="0x00460000" />
        <service id="0x1fac" sid="8108" name="beIN Movies 007 HD" type="25" provider="Digitürk" onid="126" tsid="20700" namespace="0x00460000" />
        <service id="0x1fa5" sid="8101" name="beIN Movies Family HD" type="25" provider="Digitürk" onid="126" tsid="20700" namespace="0x00460000" />
        <service id="0x1ff8" sid="8184" name="beIN MOVIES FAMILY HD" type="25" provider="Digitürk" onid="126" tsid="20700" namespace="0x00460000" />
        <service id="0x1fab" sid="8107" name="Beyaz TV HD" type="25" provider="Digitürk" onid="126" tsid="20700" namespace="0x00460000" />
        <service id="0x1ffb" sid="8187" name="BEYAZ TV HD" type="25" provider="Digitürk" onid="126" tsid="20700" namespace="0x00460000" />
        <service id="0x1ffa" sid="8186" name="DISCOVERY CHANNEL HD" type="25" provider="Digitürk" onid="126" tsid="20700" namespace="0x00460000" />
        <service id="0x1faa" sid="8106" name="Discovery Channel HD Turkey" type="25" provider="Digitürk" onid="126" tsid="20700" namespace="0x00460000" />
        <service id="0x07d0" sid="2000" name="NAT GEO WILD HD" type="25" provider="Digitürk" onid="126" tsid="20700" namespace="0x00460000" />
        <service id="0x1fa6" sid="8102" name="NatGeo Wild HD" type="25" provider="Digitürk" onid="126" tsid="20700" namespace="0x00460000" />
        <service id="0x07d7" sid="2007" name="NTV SPOR HD" type="25" provider="Digitürk" onid="126" tsid="20700" namespace="0x00460000" />
        <service id="0x1fb7" sid="8119" name="NTV Spor HD" type="25" provider="Digitürk" onid="126" tsid="20700" namespace="0x00460000" />
        <service id="0x1fa7" sid="8103" name="TRT Belgesel HD" type="25" provider="Digitürk" onid="126" tsid="20700" namespace="0x00460000" />
        <service id="0x1ff7" sid="8183" name="TRT BELGESEL HD" type="25" provider="Digitürk" onid="126" tsid="20700" namespace="0x00460000" />
      </transponder>
    </satellite>
    <satellite key="00460000:5140:007e" name="Sat-7E" namespace="0x00460000" position="7">
      <transponder key="00460000:5140:007e" frequency="10845000" symbol_rate="30000000" polarization="V" fec="3" system="0" modulation="0">
        <service id="0x1f46" sid="8006" name="BBC Entertainment Europe" type="1" provider="Digitürk" onid="126" tsid="20800" namespace="0x00460000" />
        <service id="0x1f42" sid="8002" name="Beşiktaş (BJK) TV" type="1" provider="Digitürk" onid="126" tsid="20800" namespace="0x00460000" />
        <service id="0x1f48" sid="8008" name="Euro D" type="1" provider="Digitürk" onid="126" tsid="20800" namespace="0x00460000" />
        <service id="0x1f49" sid="8009" name="Euro Star" type="1" provider="Digitürk" onid="126" tsid="20800" namespace="0x00460000" />
        <service id="0x1f45" sid="8005" name="Extreme Sports" type="1" provider="Digitürk" onid="126" tsid="20800" namespace="0x00460000" />
        <service id="0x1f4d" sid="8013" name="Fashion TV" type="1" provider="Digitürk" onid="126" tsid="20800" namespace="0x00460000" />
        <service id="0x1f4c" sid="8012" name="MCM Top" type="1" provider="Digitürk" onid="126" tsid="20800" namespace="0x00460000" />
        <service id="0x1f43" sid="8003" name="Mezzo" type="1" provider="Digitürk" onid="126" tsid="20800" namespace="0x00460000" />
        <service id="0x1f47" sid="8007" name="Minikago" type="1" provider="Digitürk" onid="126" tsid="20800" namespace="0x00460000" />
        <service id="0x1f4f" sid="8015" name="Planet Mutfak" type="1" provider="Digitürk" onid="126" tsid="20800" namespace="0x00460000" />
        <service id="0x1f53" sid="8019" name="promo 4" type="1" provider="Digitürk" onid="126" tsid="20800" namespace="0x00460000" />
        <service id="0x1f44" sid="8004" name="VH-1 (Video Hits One)" type="1" provider="Digitürk" onid="126" tsid="20800" namespace="0x00460000" />
      </transponder>
    </satellite>
    <satellite key="00460000:51a4:007e" name="Sat-7E" namespace="0x00460000" position="7">
      <transponder key="00460000:51a4:007e" frequency="10887000" symbol_rate="30000000" polarization="H" fec="4" system="0" modulation="0">
        <service id="0x1eed" sid="7917" name="ATV HD" type="25" provider="Digitürk" onid="126" tsid="20900" namespace="0x00460000" />
        <service id="0x1f3d" sid="7997" name="ATV HD" type="25" provider="Digitürk" onid="126" tsid="20900" namespace="0x00460000" />
        <service id="0x1ee8" sid="7912" name="beIN Movies Stars HD" type="25" provider="Digitürk" onid="126" tsid="20900" namespace="0x00460000" />
        <service id="0x1f39" sid="7993" name="beIN MOVIES STARS HD" type="25" provider="Digitürk" onid="126" tsid="20900" namespace="0x00460000" />
        <service id="0x1ede" sid="7902" name="beIN Series Drama HD" type="25" provider="Digitürk" onid="126" tsid="20900" namespace="0x00460000" />
        <service id="0x1f38" sid="7992" name="beIN SERIES DRAMA HD" type="25" provider="Digitürk" onid="126" tsid="20900" namespace="0x00460000" />
        <service id="0x1f3b" sid="7995" name="FOX HD" type="25" provider="Digitürk" onid="126" tsid="20900" namespace="0x00460000" />
        <service id="0x1ee1" sid="7905" name="Fox HD Turk" type="25" provider="Digitürk" onid="126" tsid="20900" namespace="0x00460000" />
        <service id="0x1ee2" sid="7906" name="Kanal D HD" type="25" provider="Digitürk" onid="126" tsid="20900" namespace="0x00460000" />
        <service id="0x1f3c" sid="7996" name="KANAL D HD" type="25" provider="Digitürk" onid="126" tsid="20900" namespace="0x00460000" />
        <service id="0x1f37" sid="7991" name="NAT GEO HD" type="25" provider="Digitürk" onid="126" tsid="20900" namespace="0x00460000" />
        <service id="0x1edd" sid="7901" name="National Geographic Türk HD" type="25" provider="Digitürk" onid="126" tsid="20900" namespace="0x00460000" />
        <service id="0x1eea" sid="7914" name="Star TV HD" type="25" provider="Digitürk" onid="126" tsid="20900" namespace="0x00460000" />
        <service id="0x1f3a" sid="7994" name="STAR TV HD" type="25" provider="Digitürk" onid="126" tsid="20900" namespace="0x00460000" />
      </transponder>
    </satellite>
    <satellite key="00460000:5208:007e" name="Sat-7E" namespace="0x00460000" position="7">
      <transponder key="00460000:5208:007e" frequency="10928000" symbol_rate="30000000" polarization="H" fec="3" system="0" modulation="0">
        <service id="0x1e80" sid="7808" name="Al Jazeera English" type="1" provider="Digitürk" onid="126" tsid="21000" namespace="0x00460000" />
        <service id="0x1e7b" sid="7803" name="BBC World News" type="1" provider="Digitürk" onid="126" tsid="21000" namespace="0x00460000" />
        <service id="0x1e89" sid="7817" name="CNN International" type="1" provider="Digitürk" onid="126" tsid="21000" namespace="0x00460000" />
        <service id="0x1e7e" sid="7806" name="EuroNews" type="1" provider="Digitürk" onid="126" tsid="21000" namespace="0x00460000" />
        <service id="0x1e86" sid="7814" name="France 24 (in English)" type="1" provider="Digitürk" onid="126" tsid="21000" namespace="0x00460000" />
        <service id="0x1e7d" sid="7805" name="Kanal B" type="1" provider="Digitürk" onid="126" tsid="21000" namespace="0x00460000" />
        <service id="0x1e84" sid="7812" name="ProSieben" type="1" provider="Digitürk" onid="126" tsid="21000" namespace="0x00460000" />
        <service id="0x1e79" sid="7801" name="Rai 1" type="1" provider="Digitürk" onid="126" tsid="21000" namespace="0x00460000" />
        <service id="0x1e7c" sid="7804" name="RTR Planeta" type="1" provider="Digitürk" onid="126" tsid="21000" namespace="0x00460000" />
        <service id="0x1e8b" sid="7819" name="TGRT Haber" type="1" provider="Digitürk" onid="126" tsid="21000" namespace="0x00460000" />
        <service id="0x1e82" sid="7810" name="TV5 Monde Europe" type="1" provider="Digitürk" onid="126" tsid="21000" namespace="0x00460000" />
      </transponder>
    </satellite>
    <satellite key="00460000:526c:007e" name="Sat-7E" namespace="0x00460000" position="7">
      <transponder key="00460000:526c:007e" frequency="10887000" symbol_rate="30000000" polarization="V" fec="4" system="0" modulation="0">
        <service id="0x007d" sid="125" name="beIN Gurme HD" type="25" provider="Digitürk" onid="126" tsid="21100" namespace="0x00460000" />
        <service id="0x00cb" sid="203" name="beIN GURME HD" type="25" provider="Digitürk" onid="126" tsid="21100" namespace="0x00460000" />
        <service id="0x007f" sid="127" name="beIN MOVIES PREMIER HD" type="25" provider="Digitürk" onid="126" tsid="21100" namespace="0x00460000" />
        <service id="0x00cd" sid="205" name="beIN Movies Premier HD" type="25" provider="Digitürk" onid="126" tsid="21100" namespace="0x00460000" />
        <service id="0x0050" sid="80" name="beIN MOVIES TÜRK HD" type="25" provider="Digitürk" onid="126" tsid="21100" namespace="0x00460000" />
        <service id="0x00cc" sid="204" name="beIN Movies Türk HD" type="25" provider="Digitürk" onid="126" tsid="21100" namespace="0x00460000" />
        <service id="0x007a" sid="122" name="beIN SERIES VICE HD" type="25" provider="Digitürk" onid="126" tsid="21100" namespace="0x00460000" />
        <service id="0x00d2" sid="210" name="beIN Series Vice HD" type="25" provider="Digitürk" onid="126" tsid="21100" namespace="0x00460000" />
        <service id="0x00ca" sid="202" name="beIN Sports 1 HD Turkey" type="25" provider="Digitürk" onid="126" tsid="21100" namespace="0x00460000" />
        <service id="0x00d0" sid="208" name="beIN Sports 3 HD Turkey" type="25" provider="Digitürk" onid="126" tsid="21100" namespace="0x00460000" />
        <service id="0x007c" sid="124" name="beIN SPORTS HD 1" type="25" provider="Digitürk" onid="126" tsid="21100" namespace="0x00460000" />
        <service id="0x012a" sid="298" name="beIN SPORTS HD 3" type="25" provider="Digitürk" onid="126" tsid="21100" namespace="0x00460000" />
        <service id="0x006d" sid="109" name="Taraftar 3 HD" type="25" provider="Digitürk" onid="126" tsid="21100" namespace="0x00460000" />
        <service id="0x00de" sid="222" name="Taraftar HD" type="25" provider="Digitürk" onid="126" tsid="21100" namespace="0x00460000" />
        <service id="0x00df" sid="223" name="Ticari beIN Sports 1 HD" type="25" provider="Digitürk" onid="126" tsid="21100" namespace="0x00460000" />
        <service id="0x006c" sid="108" name="Ticari beIN Sports 3 HD" type="25" provider="Digitürk" onid="126" tsid="21100" namespace="0x00460000" />
      </transponder>
    </satellite>
    <satellite key="00460000:52d0:007e" name="Sat-7E" namespace="0x00460000" position="7">
      <transponder key="00460000:52d0:007e" frequency="10928000" symbol_rate="30000000" polarization="V" fec="4" system="0" modulation="0">
        <service id="0x206d" sid="8301" name="beIN H&amp;E HD" type="25" provider="Digitürk" onid="126" tsid="21200" namespace="0x00460000" />
        <service id="0x20bd" sid="8381" name="beIN H&amp;E HD" type="25" provider="Digitürk" onid="126" tsid="21200" namespace="0x00460000" />
        <service id="0x20be" sid="8382" name="beIN H&amp;E HD" type="25" provider="Digitürk" onid="126" tsid="21200" namespace="0x00460000" />
        <service id="0x081f" sid="2079" name="beIN MOVIES ACTION HD" type="25" provider="Digitürk" onid="126" tsid="21200" namespace="0x00460000" />
        <service id="0x20c9" sid="8393" name="beIN Movies Action HD" type="25" provider="Digitürk" onid="126" tsid="21200" namespace="0x00460000" />
        <service id="0x206e" sid="8302" name="beIN Movies Comedy HD" type="25" provider="Digitürk" onid="126" tsid="21200" namespace="0x00460000" />
        <service id="0x20c8" sid="8392" name="beIN MOVIES COMEDY HD" type="25" provider="Digitürk" onid="126" tsid="21200" namespace="0x00460000" />
        <service id="0x081b" sid="2075" name="beIN Movies Festival HD" type="25" provider="Digitürk" onid="126" tsid="21200" namespace="0x00460000" />
        <service id="0x20c5" sid="8389" name="beIN MOVIES FESTIVAL HD" type="25" provider="Digitürk" onid="126" tsid="21200" namespace="0x00460000" />
        <service id="0x081a" sid="2074" name="beIN Movies Premier 2 HD" type="25" provider="Digitürk" onid="126" tsid="21200" namespace="0x00460000" />
        <service id="0x20ce" sid="8398" name="beIN MOVIES PREMIER 2 HD" type="25" provider="Digitürk" onid="126" tsid="21200" namespace="0x00460000" />
        <service id="0x0331" sid="817" name="beIN Series Comedy HD" type="25" provider="Digitürk" onid="126" tsid="21200" namespace="0x00460000" />
        <service id="0x20c1" sid="8385" name="beIN SERIES COMEDY HD" type="25" provider="Digitürk" onid="126" tsid="21200" namespace="0x00460000" />
        <service id="0x081c" sid="2076" name="Kanal 92 HD" type="25" provider="Digitürk" onid="126" tsid="21200" namespace="0x00460000" />
        <service id="0x20c6" sid="8390" name="KANAL 92 HD" type="25" provider="Digitürk" onid="126" tsid="21200" namespace="0x00460000" />
        <service id="0x0330" sid="816" name="TV 8 Turkey HD" type="25" provider="Digitürk" onid="126" tsid="21200" namespace="0x00460000" />
        <service id="0x20c0" sid="8384" name="TV8 HD" type="25" provider="Digitürk" onid="126" tsid="21200" namespace="0x00460000" />
      </transponder>
    </satellite>
    <satellite key="00460000:765c:007e" name="Sat-7E" namespace="0x00460000" position="7">
      <transponder key="00460000:765c:007e" frequency="11262000" symbol_rate="27500000" polarization="H" fec="4" system="0" modulation="0">
        <service id="0x00ae" sid="174" name="Al Zahra" type="1" provider="" onid="126" tsid="30300" namespace="0x00460000" />
        <service id="0x00ab" sid="171" name="Beitol Abbas" type="1" provider="MMB" onid="126" tsid="30300" namespace="0x00460000" />
        <service id="0x00a7" sid="167" name="Central Asia TV" type="1" provider="MMB" onid="126" tsid="30300" namespace="0x00460000" />
        <service id="0x00aa" sid="170" name="Dua Channel" type="1" provider="BHS Telecom" onid="126" tsid="30300" namespace="0x00460000" />
        <service id="0x006e" sid="110" name="Hadi TV" type="1" provider="Telespazio" onid="126" tsid="30300" namespace="0x00460000" />
        <service id="0x002e" sid="46" name="Hadi TV 3" type="1" provider="Service Provider" onid="126" tsid="30300" namespace="0x00460000" />
        <service id="0x006d" sid="109" name="Hidayah Turkish" type="1" provider="JMC" onid="126" tsid="30300" namespace="0x00460000" />
        <service id="0x00ac" sid="172" name="Home &amp; Health TV" type="1" provider="" onid="126" tsid="30300" namespace="0x00460000" />
        <service id="0x00a6" sid="166" name="ICM TV" type="1" provider="MMB" onid="126" tsid="30300" namespace="0x00460000" />
        <service id="0x00ad" sid="173" name="Imam Asr TV" type="1" provider="AsrTV" onid="126" tsid="30300" namespace="0x00460000" />
        <service id="0x016b" sid="363" name="IR.ICE TV" type="1" provider="" onid="126" tsid="30300" namespace="0x00460000" />
        <service id="0x016c" sid="364" name="IR.Pixel TV" type="1" provider="" onid="126" tsid="30300" namespace="0x00460000" />
        <service id="0x016a" sid="362" name="Iran As Movie TV" type="1" provider="" onid="126" tsid="30300" namespace="0x00460000" />
        <service id="0x016f" sid="367" name="Khane Film" type="1" provider="MMB" onid="126" tsid="30300" namespace="0x00460000" />
        <service id="0x00a8" sid="168" name="Khane Honarmandan" type="1" provider="MMB" onid="126" tsid="30300" namespace="0x00460000" />
        <service id="0x00a5" sid="165" name="Manoto 1" type="1" provider="Arqiva" onid="126" tsid="30300" namespace="0x00460000" />
        <service id="0x016d" sid="365" name="Merci TV" type="1" provider="BHS" onid="126" tsid="30300" namespace="0x00460000" />
        <service id="0x00a9" sid="169" name="Omid-E-Iran" type="1" provider="" onid="126" tsid="30300" namespace="0x00460000" />
        <service id="0x016e" sid="366" name="Tak TV" type="1" provider="" onid="126" tsid="30300" namespace="0x00460000" />
        <service id="0x00af" sid="175" name="Tourist TV" type="1" provider="" onid="126" tsid="30300" namespace="0x00460000" />
      </transponder>
    </satellite>
    <satellite key="00460000:9efc:007e" name="Sat-7E" namespace="0x00460000" position="7">
      <transponder key="00460000:9efc:007e" frequency="11221000" symbol_rate="27500000" polarization="H" fec="3" system="0" modulation="0">
        <service id="0x02a6" sid="678" name="ORTM" type="1" provider="Eutelsat" onid="126" tsid="40700" namespace="0x00460000" />
        <service id="0x1af4" sid="6900" name="Rah-e-Farda TV" type="1" provider="ABS" onid="126" tsid="40700" namespace="0x00460000" />
        <service id="0x02a5" sid="677" name="RTS 1" type="1" provider="Eutelsat" onid="126" tsid="40700" namespace="0x00460000" />
        <service id="0x165a" sid="5722" name="RTVGE" type="1" provider="TVGE" onid="126" tsid="40700" namespace="0x00460000" />
        <service id="0x066f" sid="1647" name="TFM Senegal" type="1" provider="Eutelsat" onid="126" tsid="40700" namespace="0x00460000" />
        <service id="0x067b" sid="1659" name="TPA International" type="1" provider="Eutelsat" onid="126" tsid="40700" namespace="0x00460000" />
      </transponder>
    </satellite>
    <satellite key="00460000:a0f0:007e" name="Sat-7E" namespace="0x00460000" position="7">
      <transponder key="00460000:a0f0:007e" frequency="11455000" symbol_rate="22500000" polarization="V" fec="4" system="0" modulation="0">
        <service id="0x045b" sid="1115" name="Digiturk 4K" type="25" provider="Digitürk" onid="126" tsid="41200" namespace="0x00460000" />
        <service id="0x01cd" sid="461" name="FB TV  HD" type="25" provider="Digitürk" onid="126" tsid="41200" namespace="0x00460000" />
        <service id="0x01c9" sid="457" name="Fenerbahçe TV HD" type="25" provider="Digitürk" onid="126" tsid="41200" namespace="0x00460000" />
      </transponder>
    </satellite>
    <satellite key="00460000:c3b4:007e" name="Sat-7E" namespace="0x00460000" position="7">
      <transponder key="00460000:c3b4:007e" frequency="11471000" symbol_rate="30000000" polarization="H" fec="3" system="0" modulation="0">
        <service id="0x1d5b" sid="7515" name="24" type="1" provider="Digitürk" onid="126" tsid="50100" namespace="0x00460000" />
        <service id="0x1d5e" sid="7518" name="A Spor" type="1" provider="Digitürk" onid="126" tsid="50100" namespace="0x00460000" />
        <service id="0x1d97" sid="7575" name="beIN Sports 2 Turkey" type="1" provider="Digitürk" onid="126" tsid="50100" namespace="0x00460000" />
        <service id="0x1d5d" sid="7517" name="Bursaspor TV" type="1" provider="Digitürk" onid="126" tsid="50100" namespace="0x00460000" />
        <service id="0x1d5f" sid="7519" name="Disney Junior Middle-East &amp; Africa" type="1" provider="Digitürk" onid="126" tsid="50100" namespace="0x00460000" />
        <service id="0x1d4f" sid="7503" name="MTV Hits" type="1" provider="Digitürk" onid="126" tsid="50100" namespace="0x00460000" />
        <service id="0x1d58" sid="7512" name="NTV Spor" type="1" provider="Digitürk" onid="126" tsid="50100" namespace="0x00460000" />
        <service id="0x1d53" sid="7507" name="Planet Çocuk" type="1" provider="Digitürk" onid="126" tsid="50100" namespace="0x00460000" />
        <service id="0x1d98" sid="7576" name="Taraftar 2" type="1" provider="Digitürk" onid="126" tsid="50100" namespace="0x00460000" />
        <service id="0x1d99" sid="7577" name="Ticari beIN Sports 2" type="1" provider="Digitürk" onid="126" tsid="50100" namespace="0x00460000" />
        <service id="0x1d51" sid="7505" name="TRT 3 Spor" type="1" provider="Digitürk" onid="126" tsid="50100" namespace="0x00460000" />
        <service id="0x1d62" sid="7522" name="TV 8.5" type="1" provider="Digitürk" onid="126" tsid="50100" namespace="0x00460000" />
        <service id="0x1d61" sid="7521" name="Ulke TV" type="1" provider="Digitürk" onid="126" tsid="50100" namespace="0x00460000" />
      </transponder>
    </satellite>
    <satellite key="00460000:c418:007e" name="Sat-7E" namespace="0x00460000" position="7">
      <transponder key="00460000:c418:007e" frequency="11492000" symbol_rate="30000000" polarization="V" fec="3" system="0" modulation="0">
        <service id="0x05df" sid="1503" name="Baby TV" type="1" provider="Digitürk" onid="126" tsid="50200" namespace="0x00460000" />
        <service id="0x05ec" sid="1516" name="beIN Gurme" type="1" provider="Digitürk" onid="126" tsid="50200" namespace="0x00460000" />
        <service id="0x061a" sid="1562" name="beIN H&amp;E" type="1" provider="Digitürk" onid="126" tsid="50200" namespace="0x00460000" />
        <service id="0x061b" sid="1563" name="beIN H&amp;E" type="1" provider="Digitürk" onid="126" tsid="50200" namespace="0x00460000" />
        <service id="0x061c" sid="1564" name="beIN Movies Action" type="1" provider="Digitürk" onid="126" tsid="50200" namespace="0x00460000" />
        <service id="0x05dd" sid="1501" name="beIN Series Vice" type="1" provider="Digitürk" onid="126" tsid="50200" namespace="0x00460000" />
        <service id="0x05e6" sid="1510" name="beIN Sports 1 Turkey" type="1" provider="Digitürk" onid="126" tsid="50200" namespace="0x00460000" />
        <service id="0x05e8" sid="1512" name="Idman TV" type="1" provider="Digitürk" onid="126" tsid="50200" namespace="0x00460000" />
        <service id="0x05e3" sid="1507" name="Star TV" type="1" provider="Digitürk" onid="126" tsid="50200" namespace="0x00460000" />
        <service id="0x026f" sid="623" name="Taraftar TV" type="1" provider="Digitürk" onid="126" tsid="50200" namespace="0x00460000" />
        <service id="0x05e4" sid="1508" name="Ticari beIN Sports 1" type="1" provider="Digitürk" onid="126" tsid="50200" namespace="0x00460000" />
        <service id="0x05e2" sid="1506" name="TRT 1" type="1" provider="Digitürk" onid="126" tsid="50200" namespace="0x00460000" />
      </transponder>
    </satellite>
    <satellite key="00460000:c47c:007e" name="Sat-7E" namespace="0x00460000" position="7">
      <transponder key="00460000:c47c:007e" frequency="11637000" symbol_rate="30000000" polarization="H" fec="4" system="0" modulation="0">
        <service id="0x026e" sid="622" name="beIN Sports 2 HD Turkey" type="25" provider="Digitürk" onid="126" tsid="50300" namespace="0x00460000" />
        <service id="0x028c" sid="652" name="beIN Sports 2 HD Turkey" type="25" provider="Digitürk" onid="126" tsid="50300" namespace="0x00460000" />
        <service id="0x026a" sid="618" name="beIN Sports 4 HD Turkey" type="25" provider="Digitürk" onid="126" tsid="50300" namespace="0x00460000" />
        <service id="0x02b0" sid="688" name="beIN SPORTS HD 4" type="25" provider="Digitürk" onid="126" tsid="50300" namespace="0x00460000" />
        <service id="0x026b" sid="619" name="Show TV HD" type="25" provider="Digitürk" onid="126" tsid="50300" namespace="0x00460000" />
        <service id="0x02b1" sid="689" name="Show TV HD" type="25" provider="Digitürk" onid="126" tsid="50300" namespace="0x00460000" />
        <service id="0x011a" sid="282" name="TARAFTAR 2 HD" type="25" provider="Digitürk" onid="126" tsid="50300" namespace="0x00460000" />
        <service id="0x0074" sid="116" name="Ticari beIN Sports 2 HD" type="25" provider="Digitürk" onid="126" tsid="50300" namespace="0x00460000" />
        <service id="0x027e" sid="638" name="TİCARİ beIN SPORTS HD 4" type="25" provider="Digitürk" onid="126" tsid="50300" namespace="0x00460000" />
        <service id="0x026c" sid="620" name="TRT 1 HD" type="25" provider="Digitürk" onid="126" tsid="50300" namespace="0x00460000" />
        <service id="0x010e" sid="270" name="TRT Haber HD" type="25" provider="Digitürk" onid="126" tsid="50300" namespace="0x00460000" />
        <service id="0x02b6" sid="694" name="TRT HABER HD" type="25" provider="Digitürk" onid="126" tsid="50300" namespace="0x00460000" />
        <service id="0x026f" sid="623" name="TRT Spor HD" type="25" provider="Digitürk" onid="126" tsid="50300" namespace="0x00460000" />
        <service id="0x02b5" sid="693" name="TRT SPOR HD" type="25" provider="Digitürk" onid="126" tsid="50300" namespace="0x00460000" />
        <service id="0x02b2" sid="690" name="TRT1 HD" type="25" provider="Digitürk" onid="126" tsid="50300" namespace="0x00460000" />
      </transponder>
    </satellite>
    <satellite key="00460000:c4e0:007e" name="Sat-7E" namespace="0x00460000" position="7">
      <transponder key="00460000:c4e0:007e" frequency="11534000" symbol_rate="30000000" polarization="V" fec="3" system="0" modulation="0">
        <service id="0x06b5" sid="1717" name="A2" type="1" provider="Digitürk" onid="126" tsid="50400" namespace="0x00460000" />
        <service id="0x06ad" sid="1709" name="ATV" type="1" provider="Digitürk" onid="126" tsid="50400" namespace="0x00460000" />
        <service id="0x06ac" sid="1708" name="beIN Movies Premier" type="1" provider="Digitürk" onid="126" tsid="50400" namespace="0x00460000" />
        <service id="0x06b3" sid="1715" name="beIN Movies Stars" type="1" provider="Digitürk" onid="126" tsid="50400" namespace="0x00460000" />
        <service id="0x06ae" sid="1710" name="Cartoon Network Turkey" type="1" provider="Digitürk" onid="126" tsid="50400" namespace="0x00460000" />
        <service id="0x06a9" sid="1705" name="CNN Türk" type="1" provider="Digitürk" onid="126" tsid="50400" namespace="0x00460000" />
        <service id="0x06b4" sid="1716" name="Lifetime" type="1" provider="Digitürk" onid="126" tsid="50400" namespace="0x00460000" />
        <service id="0x06a5" sid="1701" name="NTV Turkey" type="1" provider="Digitürk" onid="126" tsid="50400" namespace="0x00460000" />
        <service id="0x06a8" sid="1704" name="TLC Europe" type="1" provider="Digitürk" onid="126" tsid="50400" namespace="0x00460000" />
        <service id="0x06af" sid="1711" name="TV 8 Turkey" type="1" provider="Digitürk" onid="126" tsid="50400" namespace="0x00460000" />
      </transponder>
    </satellite>
    <satellite key="00460000:c544:007e" name="Sat-7E" namespace="0x00460000" position="7">
      <transponder key="00460000:c544:007e" frequency="11554000" symbol_rate="30000000" polarization="H" fec="3" system="0" modulation="0">
        <service id="0x1db7" sid="7607" name="beIN Movies Comedy" type="1" provider="Digitürk" onid="126" tsid="50500" namespace="0x00460000" />
        <service id="0x1db1" sid="7601" name="beIN Series Sci-Fi" type="1" provider="Digitürk" onid="126" tsid="50500" namespace="0x00460000" />
        <service id="0x1dbe" sid="7614" name="Discovery Science" type="1" provider="Digitürk" onid="126" tsid="50500" namespace="0x00460000" />
        <service id="0x1dbc" sid="7612" name="Duck TV" type="1" provider="Digitürk" onid="126" tsid="50500" namespace="0x00460000" />
        <service id="0x1dbd" sid="7613" name="Halk TV" type="1" provider="Digitürk" onid="126" tsid="50500" namespace="0x00460000" />
        <service id="0x1dc3" sid="7619" name="HBB_662" type="1" provider="Digitürk" onid="126" tsid="50500" namespace="0x00460000" />
        <service id="0x1dc2" sid="7618" name="HBB_663" type="1" provider="Digitürk" onid="126" tsid="50500" namespace="0x00460000" />
        <service id="0x1db9" sid="7609" name="Investigation Discovery Turkey" type="1" provider="Digitürk" onid="126" tsid="50500" namespace="0x00460000" />
        <service id="0x1db5" sid="7605" name="Kanal A (Ankara)" type="1" provider="Digitürk" onid="126" tsid="50500" namespace="0x00460000" />
        <service id="0x1dba" sid="7610" name="Nick Junior Turkey" type="1" provider="Digitürk" onid="126" tsid="50500" namespace="0x00460000" />
        <service id="0x1db8" sid="7608" name="Nickelodeon Turkey" type="1" provider="Digitürk" onid="126" tsid="50500" namespace="0x00460000" />
        <service id="0x1db6" sid="7606" name="TRT Çocuk" type="1" provider="Digitürk" onid="126" tsid="50500" namespace="0x00460000" />
        <service id="0x1db4" sid="7604" name="TV2 (Turkey)" type="1" provider="Digitürk" onid="126" tsid="50500" namespace="0x00460000" />
      </transponder>
    </satellite>
    <satellite key="00460000:c5a8:007e" name="Sat-7E" namespace="0x00460000" position="7">
      <transponder key="00460000:c5a8:007e" frequency="11575000" symbol_rate="30000000" polarization="V" fec="3" system="0" modulation="0">
        <service id="0x03a8" sid="936" name="" type="1" provider="" onid="126" tsid="50600" namespace="0x00460000" />
        <service id="0x0185" sid="389" name="beIN Box Office 1" type="1" provider="Digitürk" onid="126" tsid="50600" namespace="0x00460000" />
        <service id="0x038a" sid="906" name="beIN Box Office 2" type="1" provider="Digitürk" onid="126" tsid="50600" namespace="0x00460000" />
        <service id="0x092e" sid="2350" name="Bloomberg Europe" type="1" provider="Digitürk" onid="126" tsid="50600" namespace="0x00460000" />
        <service id="0x039c" sid="924" name="BLUE HUSTLER" type="1" provider="Digitürk" onid="126" tsid="50600" namespace="0x00460000" />
        <service id="0x0183" sid="387" name="Blue Hustler|  Nights" type="1" provider="Digitürk" onid="126" tsid="50600" namespace="0x00460000" />
        <service id="0x038b" sid="907" name="Disney XD Middle-East &amp; Africa" type="1" provider="Digitürk" onid="126" tsid="50600" namespace="0x00460000" />
        <service id="0x0180" sid="384" name="Fox Turk" type="1" provider="Digitürk" onid="126" tsid="50600" namespace="0x00460000" />
        <service id="0x08fe" sid="2302" name="Kanal D Turkiye" type="1" provider="Digitürk" onid="126" tsid="50600" namespace="0x00460000" />
        <service id="0x018c" sid="396" name="PLAYBOY" type="1" provider="Digitürk" onid="126" tsid="50600" namespace="0x00460000" />
        <service id="0x018b" sid="395" name="Playboy TV|  Nights" type="1" provider="Digitürk" onid="126" tsid="50600" namespace="0x00460000" />
        <service id="0x08fd" sid="2301" name="Show TV" type="1" provider="Digitürk" onid="126" tsid="50600" namespace="0x00460000" />
      </transponder>
    </satellite>
    <satellite key="00460000:c60c:007e" name="Sat-7E" namespace="0x00460000" position="7">
      <transponder key="00460000:c60c:007e" frequency="11596000" symbol_rate="30000000" polarization="H" fec="3" system="0" modulation="0">
        <service id="0x0304" sid="772" name="beIN Movies Action 2" type="1" provider="Digitürk" onid="126" tsid="50700" namespace="0x00460000" />
        <service id="0x190c" sid="6412" name="beIN Movies Family" type="1" provider="Digitürk" onid="126" tsid="50700" namespace="0x00460000" />
        <service id="0x190f" sid="6415" name="beIN Movies Festival" type="1" provider="Digitürk" onid="126" tsid="50700" namespace="0x00460000" />
        <service id="0x190b" sid="6411" name="beIN Series Drama" type="1" provider="Digitürk" onid="126" tsid="50700" namespace="0x00460000" />
        <service id="0x0305" sid="773" name="beIN Sports 3 Turkey" type="1" provider="Digitürk" onid="126" tsid="50700" namespace="0x00460000" />
        <service id="0x031d" sid="797" name="beIN Sports 4 Turkey" type="1" provider="Digitürk" onid="126" tsid="50700" namespace="0x00460000" />
        <service id="0x190a" sid="6410" name="Fenerbahçe TV" type="1" provider="Digitürk" onid="126" tsid="50700" namespace="0x00460000" />
        <service id="0x0302" sid="770" name="Haber Turk TV" type="1" provider="Digitürk" onid="126" tsid="50700" namespace="0x00460000" />
        <service id="0x031b" sid="795" name="Taraftar 3" type="1" provider="Digitürk" onid="126" tsid="50700" namespace="0x00460000" />
        <service id="0x031a" sid="794" name="Ticari beIN Sports 3" type="1" provider="Digitürk" onid="126" tsid="50700" namespace="0x00460000" />
        <service id="0x031f" sid="799" name="Ticari beIN Sports 4" type="1" provider="Digitürk" onid="126" tsid="50700" namespace="0x00460000" />
        <service id="0x0303" sid="771" name="TJK TV" type="1" provider="Digitürk" onid="126" tsid="50700" namespace="0x00460000" />
      </transponder>
    </satellite>
    <satellite key="00460000:c670:007e" name="Sat-7E" namespace="0x00460000" position="7">
      <transponder key="00460000:c670:007e" frequency="11679000" symbol_rate="30000000" polarization="H" fec="3" system="0" modulation="0">
        <service id="0x10d3" sid="4307" name="A Haber" type="1" provider="Digitürk" onid="126" tsid="50800" namespace="0x00460000" />
        <service id="0x10d6" sid="4310" name="Animal Planet Turkey" type="1" provider="Digitürk" onid="126" tsid="50800" namespace="0x00460000" />
        <service id="0x10d4" sid="4308" name="beIN Box Office 3" type="1" provider="Digitürk" onid="126" tsid="50800" namespace="0x00460000" />
        <service id="0x10da" sid="4314" name="beIN Movies Premier 2" type="1" provider="Digitürk" onid="126" tsid="50800" namespace="0x00460000" />
        <service id="0x10dc" sid="4316" name="beIN Series Comedy" type="1" provider="Digitürk" onid="126" tsid="50800" namespace="0x00460000" />
        <service id="0x10d2" sid="4306" name="Disney Channel Middle-East &amp; Africa" type="1" provider="Digitürk" onid="126" tsid="50800" namespace="0x00460000" />
        <service id="0x10d0" sid="4304" name="GS TV" type="1" provider="Digitürk" onid="126" tsid="50800" namespace="0x00460000" />
        <service id="0x10cf" sid="4303" name="Kanal 7" type="1" provider="Digitürk" onid="126" tsid="50800" namespace="0x00460000" />
        <service id="0x10dd" sid="4317" name="MGM Turkey" type="1" provider="Digitürk" onid="126" tsid="50800" namespace="0x00460000" />
        <service id="0x10f4" sid="4340" name="SkyTürk 360" type="1" provider="Digitürk" onid="126" tsid="50800" namespace="0x00460000" />
      </transponder>
    </satellite>
    <satellite key="00460000:c6d4:007e" name="Sat-7E" namespace="0x00460000" position="7">
      <transponder key="00460000:c6d4:007e" frequency="11513000" symbol_rate="29900000" polarization="H" fec="3" system="0" modulation="0">
        <service id="0x14b6" sid="5302" name="beIN Iz" type="1" provider="Digitürk" onid="126" tsid="50900" namespace="0x00460000" />
        <service id="0x14b7" sid="5303" name="beIN İZ" type="1" provider="Digitürk" onid="126" tsid="50900" namespace="0x00460000" />
        <service id="0x14be" sid="5310" name="beIN Movies 007" type="1" provider="Digitürk" onid="126" tsid="50900" namespace="0x00460000" />
        <service id="0x14c2" sid="5314" name="E! Entertainment TV" type="1" provider="Digitürk" onid="126" tsid="50900" namespace="0x00460000" />
        <service id="0x14c6" sid="5318" name="Eurosport 2" type="1" provider="Digitürk" onid="126" tsid="50900" namespace="0x00460000" />
        <service id="0x14b8" sid="5304" name="Flash TV" type="1" provider="Digitürk" onid="126" tsid="50900" namespace="0x00460000" />
        <service id="0x14ba" sid="5306" name="Kanal 91" type="1" provider="Digitürk" onid="126" tsid="50900" namespace="0x00460000" />
        <service id="0x14c1" sid="5313" name="MTV Türkiye" type="1" provider="Digitürk" onid="126" tsid="50900" namespace="0x00460000" />
        <service id="0x14c0" sid="5312" name="Penthouse" type="1" provider="Digitürk" onid="126" tsid="50900" namespace="0x00460000" />
        <service id="0x14c9" sid="5321" name="PENTHOUSE" type="1" provider="Digitürk" onid="126" tsid="50900" namespace="0x00460000" />
        <service id="0x14b9" sid="5305" name="TV Net" type="1" provider="Digitürk" onid="126" tsid="50900" namespace="0x00460000" />
      </transponder>
    </satellite>
    <satellite key="00460000:c738:007e" name="Sat-7E" namespace="0x00460000" position="7">
      <transponder key="00460000:c738:007e" frequency="11617000" symbol_rate="30000000" polarization="V" fec="3" system="0" modulation="0">
        <service id="0x1d15" sid="7445" name="5+1 Concerts" type="1" provider="Digitürk" onid="126" tsid="51000" namespace="0x00460000" />
        <service id="0x1ced" sid="7405" name="80'S HITS" type="1" provider="Digitürk" onid="126" tsid="51000" namespace="0x00460000" />
        <service id="0x1cec" sid="7404" name="90'S HITS" type="1" provider="Digitürk" onid="126" tsid="51000" namespace="0x00460000" />
        <service id="0x1d0c" sid="7436" name="ALEM FM 89.2" type="1" provider="Digitürk" onid="126" tsid="51000" namespace="0x00460000" />
        <service id="0x1cf0" sid="7408" name="AMERICA'S CLASSICS" type="1" provider="Digitürk" onid="126" tsid="51000" namespace="0x00460000" />
        <service id="0x1cd0" sid="7376" name="Aquavision" type="1" provider="Digitürk" onid="126" tsid="51000" namespace="0x00460000" />
        <service id="0x1d19" sid="7449" name="BABA RADYO" type="1" provider="Digitürk" onid="126" tsid="51000" namespace="0x00460000" />
        <service id="0x1c91" sid="7313" name="beIN Movies Disney Prenses" type="1" provider="Digitürk" onid="126" tsid="51000" namespace="0x00460000" />
        <service id="0x1c87" sid="7303" name="beIN Movies Türk" type="1" provider="Digitürk" onid="126" tsid="51000" namespace="0x00460000" />
        <service id="0x1d3b" sid="7483" name="beIN PRENSES virt trkst" type="1" provider="Digitürk" onid="126" tsid="51000" namespace="0x00460000" />
        <service id="0x1d1b" sid="7451" name="BEST FM" type="1" provider="Digitürk" onid="126" tsid="51000" namespace="0x00460000" />
        <service id="0x1cf7" sid="7415" name="BLUES" type="1" provider="Digitürk" onid="126" tsid="51000" namespace="0x00460000" />
        <service id="0x1cfc" sid="7420" name="CHILL OUT / LOUNGE" type="1" provider="Digitürk" onid="126" tsid="51000" namespace="0x00460000" />
        <service id="0x1cf4" sid="7412" name="CLASSIC ROCK" type="1" provider="Digitürk" onid="126" tsid="51000" namespace="0x00460000" />
        <service id="0x1cf1" sid="7409" name="CLASSICAL MUSIC" type="1" provider="Digitürk" onid="126" tsid="51000" namespace="0x00460000" />
        <service id="0x1cef" sid="7407" name="CONCERTS" type="1" provider="Digitürk" onid="126" tsid="51000" namespace="0x00460000" />
        <service id="0x1c90" sid="7312" name="Discovery Channel Turkey" type="1" provider="Digitürk" onid="126" tsid="51000" namespace="0x00460000" />
        <service id="0x1c9a" sid="7322" name="DISCOVERY CHANNEL vrt tst" type="1" provider="Digitürk" onid="126" tsid="51000" namespace="0x00460000" />
        <service id="0x1d01" sid="7425" name="DREAMY" type="1" provider="Digitürk" onid="126" tsid="51000" namespace="0x00460000" />
        <service id="0x1cfe" sid="7422" name="EASY LISTENING" type="1" provider="Digitürk" onid="126" tsid="51000" namespace="0x00460000" />
        <service id="0x1cf3" sid="7411" name="ENERGETIC" type="1" provider="Digitürk" onid="126" tsid="51000" namespace="0x00460000" />
        <service id="0x1d38" sid="7480" name="GREEK SONGS" type="1" provider="Digitürk" onid="126" tsid="51000" namespace="0x00460000" />
        <service id="0x1d06" sid="7430" name="HAPPY" type="1" provider="Digitürk" onid="126" tsid="51000" namespace="0x00460000" />
        <service id="0x1cfd" sid="7421" name="HIP HOP R&amp;B" type="1" provider="Digitürk" onid="126" tsid="51000" namespace="0x00460000" />
        <service id="0x1c9b" sid="7323" name="History Channel Turkey" type="1" provider="Digitürk" onid="126" tsid="51000" namespace="0x00460000" />
        <service id="0x1c9c" sid="7324" name="HISTORY vrt tst" type="1" provider="Digitürk" onid="126" tsid="51000" namespace="0x00460000" />
        <service id="0x1ce9" sid="7401" name="HOTTEST HITS" type="1" provider="Digitürk" onid="126" tsid="51000" namespace="0x00460000" />
        <service id="0x1ceb" sid="7403" name="IN LOVE" type="1" provider="Digitürk" onid="126" tsid="51000" namespace="0x00460000" />
        <service id="0x1d00" sid="7424" name="INTERNATIONAL" type="1" provider="Digitürk" onid="126" tsid="51000" namespace="0x00460000" />
        <service id="0x1cf6" sid="7414" name="JAZZ" type="1" provider="Digitürk" onid="126" tsid="51000" namespace="0x00460000" />
        <service id="0x1d3c" sid="7484" name="JOY FM" type="1" provider="Digitürk" onid="126" tsid="51000" namespace="0x00460000" />
        <service id="0x1d0e" sid="7438" name="JOY TURK FM" type="1" provider="Digitürk" onid="126" tsid="51000" namespace="0x00460000" />
        <service id="0x1d2d" sid="7469" name="KRAL FM" type="1" provider="Digitürk" onid="126" tsid="51000" namespace="0x00460000" />
        <service id="0x1d2e" sid="7470" name="KRAL POP RADYO" type="1" provider="Digitürk" onid="126" tsid="51000" namespace="0x00460000" />
        <service id="0x1cf9" sid="7417" name="LATIN" type="1" provider="Digitürk" onid="126" tsid="51000" namespace="0x00460000" />
        <service id="0x1cea" sid="7402" name="LOVE SONGS" type="1" provider="Digitürk" onid="126" tsid="51000" namespace="0x00460000" />
        <service id="0x1d0f" sid="7439" name="MASAL RADYO" type="1" provider="Digitürk" onid="126" tsid="51000" namespace="0x00460000" />
        <service id="0x1d02" sid="7426" name="MELANCHOLIC" type="1" provider="Digitürk" onid="126" tsid="51000" namespace="0x00460000" />
        <service id="0x1d08" sid="7432" name="METRO FM" type="1" provider="Digitürk" onid="126" tsid="51000" namespace="0x00460000" />
        <service id="0x1cfb" sid="7419" name="MORNING COFFEE" type="1" provider="Digitürk" onid="126" tsid="51000" namespace="0x00460000" />
        <service id="0x1c97" sid="7319" name="NAT GEO WILD vrt tst" type="1" provider="Digitürk" onid="126" tsid="51000" namespace="0x00460000" />
        <service id="0x1c8d" sid="7309" name="NatGeo Wild" type="1" provider="Digitürk" onid="126" tsid="51000" namespace="0x00460000" />
        <service id="0x1c8b" sid="7307" name="National Geographic UK|  from 12h00 CET" type="1" provider="Digitürk" onid="126" tsid="51000" namespace="0x00460000" />
        <service id="0x1cf5" sid="7413" name="NU JAZZ" type="1" provider="Digitürk" onid="126" tsid="51000" namespace="0x00460000" />
        <service id="0x1cfa" sid="7418" name="OLDIES BUT GOLDIES" type="1" provider="Digitürk" onid="126" tsid="51000" namespace="0x00460000" />
        <service id="0x1cee" sid="7406" name="PARTY" type="1" provider="Digitürk" onid="126" tsid="51000" namespace="0x00460000" />
        <service id="0x1d18" sid="7448" name="RADIO SLOW TIME" type="1" provider="Digitürk" onid="126" tsid="51000" namespace="0x00460000" />
        <service id="0x1d0d" sid="7437" name="RADYO VİVA" type="1" provider="Digitürk" onid="126" tsid="51000" namespace="0x00460000" />
        <service id="0x1cf8" sid="7416" name="REGGAE" type="1" provider="Digitürk" onid="126" tsid="51000" namespace="0x00460000" />
        <service id="0x1cff" sid="7423" name="RELAXATION" type="1" provider="Digitürk" onid="126" tsid="51000" namespace="0x00460000" />
        <service id="0x1cf2" sid="7410" name="ROCK" type="1" provider="Digitürk" onid="126" tsid="51000" namespace="0x00460000" />
        <service id="0x1d0b" sid="7435" name="SHOW RADYO" type="1" provider="Digitürk" onid="126" tsid="51000" namespace="0x00460000" />
        <service id="0x1d07" sid="7431" name="SLOW TURK" type="1" provider="Digitürk" onid="126" tsid="51000" namespace="0x00460000" />
        <service id="0x1d03" sid="7427" name="SMOOTH JAZZ" type="1" provider="Digitürk" onid="126" tsid="51000" namespace="0x00460000" />
        <service id="0x1d0a" sid="7434" name="SÜPER FM" type="1" provider="Digitürk" onid="126" tsid="51000" namespace="0x00460000" />
        <service id="0x1d3f" sid="7487" name="Test_7487" type="1" provider="Digitürk" onid="126" tsid="51000" namespace="0x00460000" />
        <service id="0x1d40" sid="7488" name="Test_7488" type="1" provider="Digitürk" onid="126" tsid="51000" namespace="0x00460000" />
        <service id="0x1d41" sid="7489" name="Test_7489" type="1" provider="Digitürk" onid="126" tsid="51000" namespace="0x00460000" />
        <service id="0x1d13" sid="7443" name="TRT FM" type="1" provider="Digitürk" onid="126" tsid="51000" namespace="0x00460000" />
        <service id="0x1d17" sid="7447" name="TRT Kent" type="1" provider="Digitürk" onid="126" tsid="51000" namespace="0x00460000" />
        <service id="0x1d11" sid="7441" name="TRT NAĞME" type="1" provider="Digitürk" onid="126" tsid="51000" namespace="0x00460000" />
        <service id="0x1d09" sid="7433" name="TRT Radyo 3" type="1" provider="Digitürk" onid="126" tsid="51000" namespace="0x00460000" />
        <service id="0x1d12" sid="7442" name="TRT TÜRKÜ" type="1" provider="Digitürk" onid="126" tsid="51000" namespace="0x00460000" />
        <service id="0x1d16" sid="7446" name="VIRGIN RADIO" type="1" provider="Digitürk" onid="126" tsid="51000" namespace="0x00460000" />
      </transponder>
    </satellite>
    <satellite key="00460000:c79c:007e" name="Sat-7E" namespace="0x00460000" position="7">
      <transponder key="00460000:c79c:007e" frequency="11667000" symbol_rate="30000000" polarization="V" fec="4" system="0" modulation="0">
        <service id="0x21a3" sid="8611" name="A Haber HD" type="25" provider="Digitürk" onid="126" tsid="51100" namespace="0x00460000" />
        <service id="0x21f3" sid="8691" name="A HABER HD" type="25" provider="Digitürk" onid="126" tsid="51100" namespace="0x00460000" />
        <service id="0x21a4" sid="8612" name="A Spor HD" type="25" provider="Digitürk" onid="126" tsid="51100" namespace="0x00460000" />
        <service id="0x21f4" sid="8692" name="A SPOR HD" type="25" provider="Digitürk" onid="126" tsid="51100" namespace="0x00460000" />
        <service id="0x21ee" sid="8686" name="BBC HD" type="25" provider="Digitürk" onid="126" tsid="51100" namespace="0x00460000" />
        <service id="0x219e" sid="8606" name="BBC HD Nordic, Turkey &amp; Poland" type="25" provider="Digitürk" onid="126" tsid="51100" namespace="0x00460000" />
        <service id="0x21a7" sid="8615" name="beIN Movies Action 2 HD" type="25" provider="Digitürk" onid="126" tsid="51100" namespace="0x00460000" />
        <service id="0x21f7" sid="8695" name="beIN MOVIES ACTION 2 HD" type="25" provider="Digitürk" onid="126" tsid="51100" namespace="0x00460000" />
        <service id="0x21f6" sid="8694" name="beIN Sports Max HD Turkey" type="25" provider="Digitürk" onid="126" tsid="51100" namespace="0x00460000" />
        <service id="0x21f1" sid="8689" name="Discovery HD Showcase" type="25" provider="Digitürk" onid="126" tsid="51100" namespace="0x00460000" />
        <service id="0x21a1" sid="8609" name="DISCOVERY SHOWCASE HD" type="25" provider="Digitürk" onid="126" tsid="51100" namespace="0x00460000" />
        <service id="0x0381" sid="897" name="HBB_664" type="25" provider="Digitürk" onid="126" tsid="51100" namespace="0x00460000" />
        <service id="0x219a" sid="8602" name="HBB_665" type="25" provider="Digitürk" onid="126" tsid="51100" namespace="0x00460000" />
        <service id="0x21a5" sid="8613" name="Kanal 7 HD" type="25" provider="Digitürk" onid="126" tsid="51100" namespace="0x00460000" />
        <service id="0x21f5" sid="8693" name="KANAL 7 HD" type="25" provider="Digitürk" onid="126" tsid="51100" namespace="0x00460000" />
        <service id="0x21a9" sid="8617" name="TRT World HD" type="25" provider="Digitürk" onid="126" tsid="51100" namespace="0x00460000" />
        <service id="0x21f9" sid="8697" name="TRT WORLD HD" type="25" provider="Digitürk" onid="126" tsid="51100" namespace="0x00460000" />
      </transponder>
    </satellite>
    <satellite key="00462c28:765c:007e" name="Sat-7E" namespace="0x00462c28" position="7">
      <transponder key="00462c28:765c:007e" frequency="11304000" symbol_rate="29700000" polarization="H" fec="2" system="0" modulation="0">
        <service id="0x0001" sid="1" name="Manoto HD" type="25" provider="Manoto HD" onid="126" tsid="30300" namespace="0x00462c28" />
        <service id="0x01fa" sid="506" name="MTV Persian HD" type="25" provider="BHS" onid="126" tsid="30300" namespace="0x00462c28" />
        <service id="0x01f6" sid="502" name="Opera 1 HD" type="25" provider="BHS" onid="126" tsid="30300" namespace="0x00462c28" />
        <service id="0x01f7" sid="503" name="Opera 2 HD" type="25" provider="BHS" onid="126" tsid="30300" namespace="0x00462c28" />
        <service id="0x01f8" sid="504" name="Opera 3 HD" type="25" provider="BHS" onid="126" tsid="30300" namespace="0x00462c28" />
        <service id="0x01f9" sid="505" name="Opera Action HD" type="25" provider="BHS" onid="126" tsid="30300" namespace="0x00462c28" />
      </transponder>
    </satellite>
    <satellite key="0046b10c:000f:0001" name="Sat-7E" namespace="0x0046b10c" position="7">
      <transponder key="0046b10c:000f:0001" frequency="12556000" symbol_rate="4035000" polarization="V" fec="4" system="0" modulation="0">
        <service id="0x0001" sid="1" name="Fox Sports HD Europe" type="25" provider="" onid="1" tsid="15" namespace="0x0046b10c" />
      </transponder>
    </satellite>
  </satellites>
</zapit>
