<?xml version='1.0' encoding='utf-8'?>
<zapit api="4">
  <terrestrials>
    <terrestrial key="eeee0000:1002:217c" name="Beacom" namespace="0xeeee0000">
      <transponder key="eeee0000:1002:217c" frequency="674000000" symbol_rate="0" polarization="H" fec="5" system="0" modulation="4">
        <service id="0x012d" sid="301" name="6 Rete1 Regione" type="1" provider="Beacom" onid="8572" tsid="4098" namespace="0xeeee0000" />
        <service id="0x0053" sid="83" name="AA2TV" type="1" provider="Beacom" onid="8572" tsid="4098" namespace="0xeeee0000" />
        <service id="0x012f" sid="303" name="AITV Sport" type="1" provider="Beacom" onid="8572" tsid="4098" namespace="0xeeee0000" />
        <service id="0x00bc" sid="188" name="Amica Market" type="1" provider="Beacom" onid="8572" tsid="4098" namespace="0xeeee0000" />
        <service id="0x0052" sid="82" name="Amica Market Lombardia" type="1" provider="Beacom" onid="8572" tsid="4098" namespace="0xeeee0000" />
        <service id="0x002b" sid="43" name="Cafe24" type="1" provider="Cafe24" onid="8572" tsid="4098" namespace="0xeeee0000" />
        <service id="0x0079" sid="121" name="ECOLOGICA" type="1" provider="Beacom" onid="8572" tsid="4098" namespace="0xeeee0000" />
        <service id="0x002c" sid="44" name="IL GRANDE PIEMONTE - Sesta Rete 2" type="1" provider="Beacom" onid="8572" tsid="4098" namespace="0xeeee0000" />
        <service id="0x006a" sid="106" name="Italia Network Television" type="1" provider="Italia Network Television" onid="8572" tsid="4098" namespace="0xeeee0000" />
        <service id="0x0059" sid="89" name="Malpensa TV" type="1" provider="Beacom" onid="8572" tsid="4098" namespace="0xeeee0000" />
        <service id="0x00a8" sid="168" name="Onda Novara Tv" type="1" provider="As.ne RadioTV in onda per Novara" onid="8572" tsid="4098" namespace="0xeeee0000" />
        <service id="0x033b" sid="827" name="Parole di Vita" type="1" provider="Beacom" onid="8572" tsid="4098" namespace="0xeeee0000" />
        <service id="0x005b" sid="91" name="Radio 4 You" type="1" provider="Music Styling" onid="8572" tsid="4098" namespace="0xeeee0000" />
        <service id="0x0068" sid="104" name="Radio Musica TV" type="1" provider="Radio Musica TV" onid="8572" tsid="4098" namespace="0xeeee0000" />
        <service id="0x03de" sid="990" name="Radio POPIZZ-TV" type="1" provider="RADIO POPIZZ" onid="8572" tsid="4098" namespace="0xeeee0000" />
        <service id="0x0057" sid="87" name="Radio Popolare TV" type="1" provider="Music Styling" onid="8572" tsid="4098" namespace="0xeeee0000" />
        <service id="0x005f" sid="95" name="RDS Social TV" type="1" provider="Beacom" onid="8572" tsid="4098" namespace="0xeeee0000" />
        <service id="0x012c" sid="300" name="Risparmione channel" type="1" provider="Beacom" onid="8572" tsid="4098" namespace="0xeeee0000" />
        <service id="0x0029" sid="41" name="Sestarete" type="1" provider="Beacom" onid="8572" tsid="4098" namespace="0xeeee0000" />
        <service id="0x010c" sid="268" name="Super Six" type="1" provider="Beacom" onid="8572" tsid="4098" namespace="0xeeee0000" />
        <service id="0x0056" sid="86" name="Super Six Tele Alto Veneto 3" type="1" provider="Beacom" onid="8572" tsid="4098" namespace="0xeeee0000" />
        <service id="0x0054" sid="84" name="Telealtoveneto2" type="1" provider="Beacom" onid="8572" tsid="4098" namespace="0xeeee0000" />
        <service id="0x0070" sid="112" name="TVRTI" type="1" provider="Radio Torino Internazionale" onid="8572" tsid="4098" namespace="0xeeee0000" />
        <service id="0x02bd" sid="701" name="Radio Cafe" type="2" provider="Cafe24" onid="8572" tsid="4098" namespace="0xeeee0000" radio="1" />
      </transponder>
    </terrestrial>
  </terrestrials>
</zapit>
