<?xml version='1.0' encoding='utf-8'?>
<zapit>
  <bouquet name="General" category="tv">
    <channel service_ref="1:0:1:0001:0000:0000:0da22d32:0:0:0:" name="RAI" service_name="RAI" provider="" sid="1" onid="0" tsid="0" />
    <channel service_ref="1:0:1:0001:0001:000a:0da20000:0:0:0:" name="Service 1" service_name="Service 1" provider="Globecast" sid="1" onid="10" tsid="1" />
  </bouquet>
  <bouquet name="RAI" category="tv">
    <channel service_ref="1:0:1:0001:0000:0000:0da22d32:0:0:0:" name="RAI" service_name="RAI" provider="" sid="1" onid="0" tsid="0" />
  </bouquet>
  <bouquet name="International" category="tv">
    <channel service_ref="1:0:1:0001:0001:000a:0da20000:0:0:0:" name="Service 1" service_name="Service 1" provider="Globecast" sid="1" onid="10" tsid="1" />
  </bouquet>
</zapit>
