<?xml version='1.0' encoding='utf-8'?>
<zapit api="4">
  <satellites>
    <satellite key="01860000:0000:016e" name="Sat-39E" namespace="0x01860000" position="39">
      <transponder key="01860000:0000:016e" frequency="12656000" symbol_rate="15155000" polarization="H" fec="3" system="0" modulation="0">
        <service id="0x0007" sid="7" name="Antena HD" type="1" provider="Antena Group" onid="366" tsid="0" namespace="0x01860000" />
        <service id="0x0006" sid="6" name="Antena International" type="1" provider="Antena Group" onid="366" tsid="0" namespace="0x01860000" />
        <service id="0x0002" sid="2" name="Antena Stars" type="1" provider="Antena Group" onid="366" tsid="0" namespace="0x01860000" />
        <service id="0x0001" sid="1" name="Antena1" type="1" provider="Antena Group" onid="366" tsid="0" namespace="0x01860000" />
        <service id="0x0003" sid="3" name="Antena3" type="1" provider="Antena Group" onid="366" tsid="0" namespace="0x01860000" />
        <service id="0x0004" sid="4" name="Happy Channel" type="1" provider="Antena Group" onid="366" tsid="0" namespace="0x01860000" />
        <service id="0x0005" sid="5" name="ZU TV" type="1" provider="Antena Group" onid="366" tsid="0" namespace="0x01860000" />
        <service id="0x001a" sid="26" name="Radio Romantic" type="2" provider="Antena Group" onid="366" tsid="0" namespace="0x01860000" radio="1" />
        <service id="0x0019" sid="25" name="Radio Zu" type="2" provider="Antena Group" onid="366" tsid="0" namespace="0x01860000" radio="1" />
      </transponder>
    </satellite>
    <satellite key="01860000:0001:212c" name="Sat-39E" namespace="0x01860000" position="39">
      <transponder key="01860000:0001:212c" frequency="12241000" symbol_rate="13381000" polarization="H" fec="3" system="0" modulation="0">
        <service id="0x0006" sid="6" name="BBC World" type="1" provider="ERT" onid="8492" tsid="1" namespace="0x01860000" />
        <service id="0x0003" sid="3" name="ERT 1." type="1" provider="ERT" onid="8492" tsid="1" namespace="0x01860000" />
        <service id="0x0001" sid="1" name="ERT 2 HD" type="1" provider="ERT" onid="8492" tsid="1" namespace="0x01860000" />
        <service id="0x0002" sid="2" name="ERT 3 HD" type="1" provider="ERT" onid="8492" tsid="1" namespace="0x01860000" />
        <service id="0x0007" sid="7" name="ERT News" type="1" provider="ERT" onid="8492" tsid="1" namespace="0x01860000" />
        <service id="0x0004" sid="4" name="RIK" type="1" provider="ERT" onid="8492" tsid="1" namespace="0x01860000" />
        <service id="0x0005" sid="5" name="TV5 Europe" type="1" provider="ERT" onid="8492" tsid="1" namespace="0x01860000" />
      </transponder>
    </satellite>
    <satellite key="01860000:0001:001c" name="Sat-39E" namespace="0x01860000" position="39">
      <transponder key="01860000:0001:001c" frequency="12290000" symbol_rate="30000000" polarization="V" fec="3" system="0" modulation="0">
        <service id="0x00d1" sid="209" name="ACASA HD" type="25" provider="" onid="28" tsid="1" namespace="0x01860000" />
        <service id="0x00ca" sid="202" name="Cinemax 2 HD" type="25" provider="" onid="28" tsid="1" namespace="0x01860000" />
        <service id="0x00cb" sid="203" name="Cinemax HD" type="25" provider="" onid="28" tsid="1" namespace="0x01860000" />
        <service id="0x00cc" sid="204" name="Happy Channel HD" type="25" provider="" onid="28" tsid="1" namespace="0x01860000" />
        <service id="0x00cd" sid="205" name="HBO 2 HD" type="25" provider="" onid="28" tsid="1" namespace="0x01860000" />
        <service id="0x00ce" sid="206" name="HBO 3 HD" type="25" provider="" onid="28" tsid="1" namespace="0x01860000" />
        <service id="0x00be" sid="190" name="Kanal D HD" type="25" provider="" onid="28" tsid="1" namespace="0x01860000" />
        <service id="0x00d0" sid="208" name="Prima Sport 1 HD" type="25" provider="" onid="28" tsid="1" namespace="0x01860000" />
        <service id="0x00cf" sid="207" name="Prima Sport 2 HD" type="25" provider="" onid="28" tsid="1" namespace="0x01860000" />
        <service id="0x02c2" sid="706" name="Prima Sport 4 HD" type="25" provider="" onid="28" tsid="1" namespace="0x01860000" />
        <service id="0x020a" sid="522" name="PRO CINEMA HD" type="25" provider="" onid="28" tsid="1" namespace="0x01860000" />
        <service id="0x020b" sid="523" name="TVR Info HD" type="25" provider="" onid="28" tsid="1" namespace="0x01860000" />
      </transponder>
    </satellite>
    <satellite key="01860000:0002:212c" name="Sat-39E" namespace="0x01860000" position="39">
      <transponder key="01860000:0002:212c" frequency="12223000" symbol_rate="13381000" polarization="H" fec="3" system="0" modulation="0">
        <service id="0x001c" sid="28" name="ERT 1 HD" type="1" provider="ERT" onid="8492" tsid="2" namespace="0x01860000" />
        <service id="0x0011" sid="17" name="ERT 3" type="1" provider="ERT" onid="8492" tsid="2" namespace="0x01860000" />
        <service id="0x001d" sid="29" name="ERT News HD" type="1" provider="ERT" onid="8492" tsid="2" namespace="0x01860000" />
        <service id="0x0009" sid="9" name="Vouli" type="1" provider="ERT" onid="8492" tsid="2" namespace="0x01860000" />
        <service id="0x000a" sid="10" name="Deftero 103,7" type="2" provider="ERT" onid="8492" tsid="2" namespace="0x01860000" radio="1" />
        <service id="0x000b" sid="11" name="DefteroLaika" type="2" provider="ERT" onid="8492" tsid="2" namespace="0x01860000" radio="1" />
        <service id="0x001f" sid="31" name="Era Sport" type="2" provider="ERT" onid="8492" tsid="2" namespace="0x01860000" radio="1" />
        <service id="0x000c" sid="12" name="Kosmos" type="2" provider="ERT" onid="8492" tsid="2" namespace="0x01860000" radio="1" />
        <service id="0x0010" sid="16" name="Kosmos Jazz" type="2" provider="ERT" onid="8492" tsid="2" namespace="0x01860000" radio="1" />
        <service id="0x000d" sid="13" name="Trito Maestro" type="2" provider="ERT" onid="8492" tsid="2" namespace="0x01860000" radio="1" />
        <service id="0x000e" sid="14" name="Voice Of Greece" type="2" provider="ERT" onid="8492" tsid="2" namespace="0x01860000" radio="1" />
        <service id="0x000f" sid="15" name="Zeppelin" type="2" provider="ERT" onid="8492" tsid="2" namespace="0x01860000" radio="1" />
      </transponder>
    </satellite>
    <satellite key="01860000:0002:0001" name="Sat-39E" namespace="0x01860000" position="39">
      <transponder key="01860000:0002:0001" frequency="12194000" symbol_rate="30000000" polarization="H" fec="4" system="0" modulation="0">
        <service id="0x0012" sid="18" name="24 Kitchen" type="22" provider="Bulsatcom" onid="1" tsid="2" namespace="0x01860000" />
        <service id="0x000e" sid="14" name="7/8 TV" type="22" provider="Bulsatcom" onid="1" tsid="2" namespace="0x01860000" />
        <service id="0x001c" sid="28" name="action.box" type="22" provider="Bulsatcom" onid="1" tsid="2" namespace="0x01860000" />
        <service id="0x0010" sid="16" name="Animal Planet" type="22" provider="Bulsatcom" onid="1" tsid="2" namespace="0x01860000" />
        <service id="0x00e4" sid="228" name="Balkanika" type="22" provider="Bulsatcom" onid="1" tsid="2" namespace="0x01860000" />
        <service id="0x001a" sid="26" name="BBC Earth" type="22" provider="Bulsatcom" onid="1" tsid="2" namespace="0x01860000" />
        <service id="0x005b" sid="91" name="BHTV" type="22" provider="Bulsatcom" onid="1" tsid="2" namespace="0x01860000" />
        <service id="0x00ab" sid="171" name="Bloomberg BG" type="22" provider="Bulsatcom" onid="1" tsid="2" namespace="0x01860000" />
        <service id="0x001d" sid="29" name="Bulgaria on Air" type="22" provider="Bulsatcom" onid="1" tsid="2" namespace="0x01860000" />
        <service id="0x00e9" sid="233" name="Cartoon Network" type="22" provider="Bulsatcom" onid="1" tsid="2" namespace="0x01860000" />
        <service id="0x00ea" sid="234" name="Cartoonito" type="22" provider="Bulsatcom" onid="1" tsid="2" namespace="0x01860000" />
        <service id="0x00e1" sid="225" name="cine.box" type="22" provider="Bulsatcom" onid="1" tsid="2" namespace="0x01860000" />
        <service id="0x00e0" sid="224" name="comedy.box" type="22" provider="Bulsatcom" onid="1" tsid="2" namespace="0x01860000" />
        <service id="0x002c" sid="44" name="Dorcel TV" type="22" provider="Bulsatcom" onid="1" tsid="2" namespace="0x01860000" />
        <service id="0x001f" sid="31" name="Euronews Bulgaria" type="22" provider="Bulsatcom" onid="1" tsid="2" namespace="0x01860000" />
        <service id="0x00eb" sid="235" name="Evrokom" type="22" provider="Bulsatcom" onid="1" tsid="2" namespace="0x01860000" />
        <service id="0x00e7" sid="231" name="Fen Folk TV" type="22" provider="Bulsatcom" onid="1" tsid="2" namespace="0x01860000" />
        <service id="0x00e3" sid="227" name="FEN TV" type="22" provider="Bulsatcom" onid="1" tsid="2" namespace="0x01860000" />
        <service id="0x008d" sid="141" name="Filmbox" type="22" provider="Bulsatcom" onid="1" tsid="2" namespace="0x01860000" />
        <service id="0x00e6" sid="230" name="Folklor TV" type="22" provider="Bulsatcom" onid="1" tsid="2" namespace="0x01860000" />
        <service id="0x0011" sid="17" name="France 24" type="22" provider="Bulsatcom" onid="1" tsid="2" namespace="0x01860000" />
        <service id="0x0013" sid="19" name="History Channel" type="22" provider="Bulsatcom" onid="1" tsid="2" namespace="0x01860000" />
        <service id="0x00e8" sid="232" name="MagicTV" type="22" provider="Bulsatcom" onid="1" tsid="2" namespace="0x01860000" />
        <service id="0x008f" sid="143" name="Peretz Int." type="22" provider="Bulsatcom" onid="1" tsid="2" namespace="0x01860000" />
        <service id="0x00de" sid="222" name="Pickbox TV HD" type="25" provider="Bulsatcom" onid="1" tsid="2" namespace="0x01860000" />
        <service id="0x00e5" sid="229" name="Planeta Folk" type="22" provider="Bulsatcom" onid="1" tsid="2" namespace="0x01860000" />
        <service id="0x00db" sid="219" name="Rodina" type="22" provider="Bulsatcom" onid="1" tsid="2" namespace="0x01860000" />
        <service id="0x00ec" sid="236" name="Skat TV" type="22" provider="Bulsatcom" onid="1" tsid="2" namespace="0x01860000" />
        <service id="0x00e2" sid="226" name="The Voice" type="22" provider="Bulsatcom" onid="1" tsid="2" namespace="0x01860000" />
        <service id="0x002f" sid="47" name="Tiankov Folk" type="22" provider="Bulsatcom" onid="1" tsid="2" namespace="0x01860000" />
        <service id="0x00df" sid="223" name="Viasat True Crime" type="22" provider="Bulsatcom" onid="1" tsid="2" namespace="0x01860000" />
        <service id="0x00dd" sid="221" name="VIVACOM Arena HD" type="25" provider="Bulsatcom" onid="1" tsid="2" namespace="0x01860000" />
        <service id="0x0092" sid="146" name="Vivid" type="22" provider="Bulsatcom" onid="1" tsid="2" namespace="0x01860000" />
        <service id="0x001b" sid="27" name="XY Plus" type="22" provider="Bulsatcom" onid="1" tsid="2" namespace="0x01860000" />
        <service id="0x02e4" sid="740" name="ВТК" type="22" provider="Bulsatcom" onid="1" tsid="2" namespace="0x01860000" />
        <service id="0x0016" sid="22" name="BG Radio" type="2" provider="Bulsatcom" onid="1" tsid="2" namespace="0x01860000" radio="1" />
        <service id="0x0017" sid="23" name="Darik Radio" type="2" provider="Bulsatcom" onid="1" tsid="2" namespace="0x01860000" radio="1" />
        <service id="0x0015" sid="21" name="NRJ" type="2" provider="Bulsatcom" onid="1" tsid="2" namespace="0x01860000" radio="1" />
        <service id="0x0014" sid="20" name="Radio 1 Rock" type="2" provider="Bulsatcom" onid="1" tsid="2" namespace="0x01860000" radio="1" />
        <service id="0x00f1" sid="241" name="radio Magic FM" type="2" provider="Bulsatcom" onid="1" tsid="2" namespace="0x01860000" radio="1" />
        <service id="0x0019" sid="25" name="Radio Payner" type="2" provider="Bulsatcom" onid="1" tsid="2" namespace="0x01860000" radio="1" />
        <service id="0x00ef" sid="239" name="radio Veselina E" type="2" provider="Bulsatcom" onid="1" tsid="2" namespace="0x01860000" radio="1" />
        <service id="0x00f3" sid="243" name="radio Veselina N" type="2" provider="Bulsatcom" onid="1" tsid="2" namespace="0x01860000" radio="1" />
        <service id="0x00f4" sid="244" name="radio Veselina S" type="2" provider="Bulsatcom" onid="1" tsid="2" namespace="0x01860000" radio="1" />
        <service id="0x00f0" sid="240" name="radio Veselina W" type="2" provider="Bulsatcom" onid="1" tsid="2" namespace="0x01860000" radio="1" />
        <service id="0x00ed" sid="237" name="radio Vitosha E" type="2" provider="Bulsatcom" onid="1" tsid="2" namespace="0x01860000" radio="1" />
        <service id="0x00ee" sid="238" name="radio Vitosha W" type="2" provider="Bulsatcom" onid="1" tsid="2" namespace="0x01860000" radio="1" />
        <service id="0x0018" sid="24" name="Tangra MegaRock" type="2" provider="Bulsatcom" onid="1" tsid="2" namespace="0x01860000" radio="1" />
        <service id="0x00f2" sid="242" name="The Voice" type="2" provider="Bulsatcom" onid="1" tsid="2" namespace="0x01860000" radio="1" />
      </transponder>
    </satellite>
    <satellite key="01860000:0002:001c" name="Sat-39E" namespace="0x01860000" position="39">
      <transponder key="01860000:0002:001c" frequency="12328000" symbol_rate="30000000" polarization="V" fec="3" system="0" modulation="0">
        <service id="0x004a" sid="74" name="Antena 1 HD" type="25" provider="" onid="28" tsid="2" namespace="0x01860000" />
        <service id="0x020d" sid="525" name="ATOMIC TV" type="1" provider="" onid="28" tsid="2" namespace="0x01860000" />
        <service id="0x004c" sid="76" name="HBO HD" type="25" provider="" onid="28" tsid="2" namespace="0x01860000" />
        <service id="0x00c2" sid="194" name="iConcerts HD" type="25" provider="" onid="28" tsid="2" namespace="0x01860000" />
        <service id="0x020c" sid="524" name="Inedit TV" type="1" provider="" onid="28" tsid="2" namespace="0x01860000" />
        <service id="0x0051" sid="81" name="MOLDOVA TV" type="1" provider="" onid="28" tsid="2" namespace="0x01860000" />
        <service id="0x005a" sid="90" name="Nasul TV" type="1" provider="" onid="28" tsid="2" namespace="0x01860000" />
        <service id="0x00cf" sid="207" name="Nat Geo HD" type="25" provider="" onid="28" tsid="2" namespace="0x01860000" />
        <service id="0x011c" sid="284" name="Orange Info" type="1" provider="" onid="28" tsid="2" namespace="0x01860000" />
        <service id="0x011d" sid="285" name="Orange Sport 1 HD" type="25" provider="" onid="28" tsid="2" namespace="0x01860000" />
        <service id="0x02c3" sid="707" name="Prima TV HD" type="25" provider="" onid="28" tsid="2" namespace="0x01860000" />
        <service id="0x00d5" sid="213" name="PRO ARENA HD" type="25" provider="" onid="28" tsid="2" namespace="0x01860000" />
        <service id="0x0049" sid="73" name="PRO TV HD" type="25" provider="" onid="28" tsid="2" namespace="0x01860000" />
        <service id="0x00d4" sid="212" name="RTL HAROM" type="1" provider="" onid="28" tsid="2" namespace="0x01860000" />
        <service id="0x00d0" sid="208" name="Travel Mix" type="1" provider="" onid="28" tsid="2" namespace="0x01860000" />
        <service id="0x00d2" sid="210" name="TV 2" type="1" provider="" onid="28" tsid="2" namespace="0x01860000" />
        <service id="0x0048" sid="72" name="TVR 1 HD" type="25" provider="" onid="28" tsid="2" namespace="0x01860000" />
      </transponder>
    </satellite>
    <satellite key="01860000:0005:0001" name="Sat-39E" namespace="0x01860000" position="39">
      <transponder key="01860000:0005:0001" frequency="12463000" symbol_rate="30000000" polarization="H" fec="4" system="0" modulation="0">
        <service id="0x01a0" sid="416" name="AMC" type="22" provider="Bulsatcom" onid="1" tsid="5" namespace="0x01860000" />
        <service id="0x0029" sid="41" name="BNT1 HD" type="25" provider="Bulsatcom" onid="1" tsid="5" namespace="0x01860000" />
        <service id="0x003b" sid="59" name="bTV Action HD" type="25" provider="Bulsatcom" onid="1" tsid="5" namespace="0x01860000" />
        <service id="0x00cf" sid="207" name="bTV HD" type="25" provider="Bulsatcom" onid="1" tsid="5" namespace="0x01860000" />
        <service id="0x004b" sid="75" name="Cinemax" type="25" provider="Bulsatcom" onid="1" tsid="5" namespace="0x01860000" />
        <service id="0x004c" sid="76" name="Cinemax 2" type="25" provider="Bulsatcom" onid="1" tsid="5" namespace="0x01860000" />
        <service id="0x00cd" sid="205" name="Diema Sport 3 HD" type="25" provider="Bulsatcom" onid="1" tsid="5" namespace="0x01860000" />
        <service id="0x0036" sid="54" name="Ekids" type="22" provider="Bulsatcom" onid="1" tsid="5" namespace="0x01860000" />
        <service id="0x000a" sid="10" name="Eurosport HD" type="25" provider="Bulsatcom" onid="1" tsid="5" namespace="0x01860000" />
        <service id="0x008a" sid="138" name="FilmBox Extra" type="25" provider="Bulsatcom" onid="1" tsid="5" namespace="0x01860000" />
        <service id="0x01a5" sid="421" name="FilmBox Stars" type="22" provider="Bulsatcom" onid="1" tsid="5" namespace="0x01860000" />
        <service id="0x01a6" sid="422" name="Movie Star" type="22" provider="Bulsatcom" onid="1" tsid="5" namespace="0x01860000" />
        <service id="0x00cc" sid="204" name="National Geographic HD" type="25" provider="Bulsatcom" onid="1" tsid="5" namespace="0x01860000" />
        <service id="0x00d2" sid="210" name="NG Wild HD" type="25" provider="Bulsatcom" onid="1" tsid="5" namespace="0x01860000" />
        <service id="0x01a7" sid="423" name="Nostalgia" type="22" provider="Bulsatcom" onid="1" tsid="5" namespace="0x01860000" />
        <service id="0x00d4" sid="212" name="Nova HD" type="25" provider="Bulsatcom" onid="1" tsid="5" namespace="0x01860000" />
        <service id="0x00ce" sid="206" name="Planeta HD" type="25" provider="Bulsatcom" onid="1" tsid="5" namespace="0x01860000" />
        <service id="0x0037" sid="55" name="Ring HD" type="25" provider="Bulsatcom" onid="1" tsid="5" namespace="0x01860000" />
        <service id="0x019f" sid="415" name="Viasat Kino" type="22" provider="Bulsatcom" onid="1" tsid="5" namespace="0x01860000" />
        <service id="0x00fb" sid="251" name="Ловно-рибарски клуб" type="25" provider="Bulsatcom" onid="1" tsid="5" namespace="0x01860000" />
      </transponder>
    </satellite>
    <satellite key="01860000:0006:0539" name="Sat-39E" namespace="0x01860000" position="39">
      <transponder key="01860000:0006:0539" frequency="12724000" symbol_rate="6250000" polarization="H" fec="2" system="0" modulation="0">
        <service id="0x0001" sid="1" name="KANAL D HD" type="25" provider="Dogan Media International" onid="1337" tsid="6" namespace="0x01860000" />
      </transponder>
    </satellite>
    <satellite key="01860000:0007:0001" name="Sat-39E" namespace="0x01860000" position="39">
      <transponder key="01860000:0007:0001" frequency="12156000" symbol_rate="30000000" polarization="H" fec="4" system="0" modulation="0">
        <service id="0x02ef" sid="751" name="Auto Motor and Sport" type="25" provider="Bulsatcom" onid="1" tsid="7" namespace="0x01860000" />
        <service id="0x02c2" sid="706" name="BNT 3 HD" type="25" provider="Bulsatcom" onid="1" tsid="7" namespace="0x01860000" />
        <service id="0x02d9" sid="729" name="BNT 4" type="22" provider="Bulsatcom" onid="1" tsid="7" namespace="0x01860000" />
        <service id="0x02d0" sid="720" name="Bulgaria 24" type="22" provider="Bulsatcom" onid="1" tsid="7" namespace="0x01860000" />
        <service id="0x02f0" sid="752" name="Chasse et Peche SD" type="22" provider="Bulsatcom" onid="1" tsid="7" namespace="0x01860000" />
        <service id="0x00d9" sid="217" name="Code Health" type="22" provider="Bulsatcom" onid="1" tsid="7" namespace="0x01860000" />
        <service id="0x02be" sid="702" name="Diema Sport 2 HD" type="25" provider="Bulsatcom" onid="1" tsid="7" namespace="0x01860000" />
        <service id="0x02bd" sid="701" name="Diema Sport HD" type="25" provider="Bulsatcom" onid="1" tsid="7" namespace="0x01860000" />
        <service id="0x01bc" sid="444" name="Dizi" type="22" provider="Bulsatcom" onid="1" tsid="7" namespace="0x01860000" />
        <service id="0x01b1" sid="433" name="Epic Drama" type="22" provider="Bulsatcom" onid="1" tsid="7" namespace="0x01860000" />
        <service id="0x02c8" sid="712" name="Food Network" type="22" provider="Bulsatcom" onid="1" tsid="7" namespace="0x01860000" />
        <service id="0x02d1" sid="721" name="H2" type="22" provider="Bulsatcom" onid="1" tsid="7" namespace="0x01860000" />
        <service id="0x02d2" sid="722" name="HBO" type="25" provider="Bulsatcom" onid="1" tsid="7" namespace="0x01860000" />
        <service id="0x02d3" sid="723" name="HBO 2" type="25" provider="Bulsatcom" onid="1" tsid="7" namespace="0x01860000" />
        <service id="0x02d4" sid="724" name="HBO 3" type="25" provider="Bulsatcom" onid="1" tsid="7" namespace="0x01860000" />
        <service id="0x02c4" sid="708" name="Love Nature HD" type="25" provider="Bulsatcom" onid="1" tsid="7" namespace="0x01860000" />
        <service id="0x02bf" sid="703" name="MAX Sport 1 HD" type="25" provider="Bulsatcom" onid="1" tsid="7" namespace="0x01860000" />
        <service id="0x02c0" sid="704" name="MAX Sport 2 HD" type="25" provider="Bulsatcom" onid="1" tsid="7" namespace="0x01860000" />
        <service id="0x02c1" sid="705" name="MAX Sport 3 HD" type="25" provider="Bulsatcom" onid="1" tsid="7" namespace="0x01860000" />
        <service id="0x02c3" sid="707" name="MAX Sport 4 HD" type="25" provider="Bulsatcom" onid="1" tsid="7" namespace="0x01860000" />
        <service id="0x02cf" sid="719" name="MTV 00s" type="22" provider="Bulsatcom" onid="1" tsid="7" namespace="0x01860000" />
        <service id="0x02ce" sid="718" name="MTV 80s" type="22" provider="Bulsatcom" onid="1" tsid="7" namespace="0x01860000" />
        <service id="0x008e" sid="142" name="MTV 90s" type="22" provider="Bulsatcom" onid="1" tsid="7" namespace="0x01860000" />
        <service id="0x0069" sid="105" name="Nick Toons" type="22" provider="Bulsatcom" onid="1" tsid="7" namespace="0x01860000" />
        <service id="0x02c9" sid="713" name="Super Toons" type="22" provider="Bulsatcom" onid="1" tsid="7" namespace="0x01860000" />
        <service id="0x02c7" sid="711" name="The World" type="22" provider="Bulsatcom" onid="1" tsid="7" namespace="0x01860000" />
        <service id="0x02c5" sid="709" name="Travelxp HD" type="25" provider="Bulsatcom" onid="1" tsid="7" namespace="0x01860000" />
      </transponder>
    </satellite>
    <satellite key="01860000:000a:000a" name="Sat-39E" namespace="0x01860000" position="39">
      <transponder key="01860000:000a:000a" frequency="10730000" symbol_rate="30000000" polarization="H" fec="3" system="0" modulation="0">
        <service id="0x03f4" sid="1012" name="4E" type="1" provider="" onid="10" tsid="10" namespace="0x01860000" />
        <service id="0x0007" sid="7" name="ELLADA FM" type="1" provider="" onid="10" tsid="10" namespace="0x01860000" />
        <service id="0x00a1" sid="161" name="ERT World HD" type="1" provider="" onid="10" tsid="10" namespace="0x01860000" />
        <service id="0x000b" sid="11" name="EUROBET 11" type="1" provider="" onid="10" tsid="10" namespace="0x01860000" />
        <service id="0x000c" sid="12" name="EUROBET 12" type="1" provider="" onid="10" tsid="10" namespace="0x01860000" />
        <service id="0x000d" sid="13" name="EUROBET 13" type="1" provider="" onid="10" tsid="10" namespace="0x01860000" />
        <service id="0x000f" sid="15" name="EUROBET 15" type="1" provider="" onid="10" tsid="10" namespace="0x01860000" />
        <service id="0x0012" sid="18" name="Kanali 6" type="1" provider="" onid="10" tsid="10" namespace="0x01860000" />
        <service id="0x002d" sid="45" name="LiveSports Channel" type="1" provider="" onid="10" tsid="10" namespace="0x01860000" />
        <service id="0x002c" sid="44" name="Racing Channel" type="1" provider="" onid="10" tsid="10" namespace="0x01860000" />
        <service id="0x0002" sid="2" name="RIK1" type="1" provider="" onid="10" tsid="10" namespace="0x01860000" />
        <service id="0x0003" sid="3" name="RIK2" type="1" provider="" onid="10" tsid="10" namespace="0x01860000" />
        <service id="0x0004" sid="4" name="RIK3" type="1" provider="" onid="10" tsid="10" namespace="0x01860000" />
        <service id="0x0005" sid="5" name="RIK4" type="1" provider="" onid="10" tsid="10" namespace="0x01860000" />
        <service id="0x0001" sid="1" name="RIKSat" type="1" provider="" onid="10" tsid="10" namespace="0x01860000" />
        <service id="0x0029" sid="41" name="Virtual Games1" type="1" provider="" onid="10" tsid="10" namespace="0x01860000" />
        <service id="0x002a" sid="42" name="Virtual Games2" type="1" provider="" onid="10" tsid="10" namespace="0x01860000" />
        <service id="0x006a" sid="106" name="Virtual Games3" type="1" provider="" onid="10" tsid="10" namespace="0x01860000" />
        <service id="0x000e" sid="14" name="Voice Of Greece" type="1" provider="" onid="10" tsid="10" namespace="0x01860000" />
      </transponder>
    </satellite>
    <satellite key="01860000:000d:001c" name="Sat-39E" namespace="0x01860000" position="39">
      <transponder key="01860000:000d:001c" frequency="12524000" symbol_rate="30000000" polarization="V" fec="5" system="0" modulation="0">
        <service id="0x005e" sid="94" name="Cartoonito" type="1" provider="" onid="28" tsid="13" namespace="0x01860000" />
        <service id="0x00c7" sid="199" name="CBS Reality" type="1" provider="" onid="28" tsid="13" namespace="0x01860000" />
        <service id="0x01c8" sid="456" name="Cinemax" type="1" provider="" onid="28" tsid="13" namespace="0x01860000" />
        <service id="0x012e" sid="302" name="Cool TV" type="1" provider="" onid="28" tsid="13" namespace="0x01860000" />
        <service id="0x008d" sid="141" name="Diva" type="1" provider="" onid="28" tsid="13" namespace="0x01860000" />
        <service id="0x02d0" sid="720" name="EMI TV" type="1" provider="" onid="28" tsid="13" namespace="0x01860000" />
        <service id="0x00fc" sid="252" name="Epic Drama" type="1" provider="" onid="28" tsid="13" namespace="0x01860000" />
        <service id="0x00d1" sid="209" name="Eurosport 2" type="1" provider="" onid="28" tsid="13" namespace="0x01860000" />
        <service id="0x008b" sid="139" name="H!t Music Channel" type="1" provider="" onid="28" tsid="13" namespace="0x01860000" />
        <service id="0x002c" sid="44" name="Happy Channel" type="1" provider="" onid="28" tsid="13" namespace="0x01860000" />
        <service id="0x00be" sid="190" name="Kanal D" type="1" provider="" onid="28" tsid="13" namespace="0x01860000" />
        <service id="0x010f" sid="271" name="M1" type="1" provider="" onid="28" tsid="13" namespace="0x01860000" />
        <service id="0x006e" sid="110" name="M2" type="1" provider="" onid="28" tsid="13" namespace="0x01860000" />
        <service id="0x00e1" sid="225" name="Orange Sport 1" type="1" provider="Dolce" onid="28" tsid="13" namespace="0x01860000" />
        <service id="0x005c" sid="92" name="Party Mix" type="1" provider="" onid="28" tsid="13" namespace="0x01860000" />
        <service id="0x002e" sid="46" name="Prima Sport 1" type="1" provider="" onid="28" tsid="13" namespace="0x01860000" />
        <service id="0x01f4" sid="500" name="Radio Itsy Bitsy" type="1" provider="" onid="28" tsid="13" namespace="0x01860000" />
        <service id="0x007d" sid="125" name="TVR 1" type="1" provider="" onid="28" tsid="13" namespace="0x01860000" />
        <service id="0x007e" sid="126" name="TVR 2" type="1" provider="" onid="28" tsid="13" namespace="0x01860000" />
        <service id="0x011e" sid="286" name="ZU TV" type="1" provider="" onid="28" tsid="13" namespace="0x01860000" />
      </transponder>
    </satellite>
    <satellite key="01860000:000e:001c" name="Sat-39E" namespace="0x01860000" position="39">
      <transponder key="01860000:000e:001c" frequency="12565000" symbol_rate="30000000" polarization="V" fec="5" system="0" modulation="0">
        <service id="0x00a7" sid="167" name="ACASA" type="1" provider="" onid="28" tsid="14" namespace="0x01860000" />
        <service id="0x0029" sid="41" name="Antena 1" type="1" provider="" onid="28" tsid="14" namespace="0x01860000" />
        <service id="0x002b" sid="43" name="Antena 3" type="1" provider="" onid="28" tsid="14" namespace="0x01860000" />
        <service id="0x002a" sid="42" name="Antena Stars" type="1" provider="" onid="28" tsid="14" namespace="0x01860000" />
        <service id="0x002d" sid="45" name="AXN" type="1" provider="" onid="28" tsid="14" namespace="0x01860000" />
        <service id="0x006a" sid="106" name="B1 TV" type="1" provider="" onid="28" tsid="14" namespace="0x01860000" />
        <service id="0x00da" sid="218" name="Disney Channel" type="1" provider="" onid="28" tsid="14" namespace="0x01860000" />
        <service id="0x006d" sid="109" name="Disney Junior" type="1" provider="" onid="28" tsid="14" namespace="0x01860000" />
        <service id="0x006c" sid="108" name="Favorit TV" type="1" provider="" onid="28" tsid="14" namespace="0x01860000" />
        <service id="0x0046" sid="70" name="Film+" type="1" provider="" onid="28" tsid="14" namespace="0x01860000" />
        <service id="0x006f" sid="111" name="National TV" type="1" provider="" onid="28" tsid="14" namespace="0x01860000" />
        <service id="0x01fe" sid="510" name="Nick JR" type="1" provider="" onid="28" tsid="14" namespace="0x01860000" />
        <service id="0x013a" sid="314" name="Orizont TV" type="1" provider="" onid="28" tsid="14" namespace="0x01860000" />
        <service id="0x00f0" sid="240" name="Prima Sport 2" type="1" provider="" onid="28" tsid="14" namespace="0x01860000" />
        <service id="0x002f" sid="47" name="Prima TV" type="1" provider="" onid="28" tsid="14" namespace="0x01860000" />
        <service id="0x00a8" sid="168" name="PRO TV" type="1" provider="" onid="28" tsid="14" namespace="0x01860000" />
        <service id="0x004d" sid="77" name="Realitatea Plus" type="1" provider="" onid="28" tsid="14" namespace="0x01860000" />
        <service id="0x0047" sid="71" name="RTL" type="1" provider="" onid="28" tsid="14" namespace="0x01860000" />
        <service id="0x011f" sid="287" name="TVR FOLCLOR" type="1" provider="" onid="28" tsid="14" namespace="0x01860000" />
      </transponder>
    </satellite>
    <satellite key="01860000:000f:001c" name="Sat-39E" namespace="0x01860000" position="39">
      <transponder key="01860000:000f:001c" frequency="12175000" symbol_rate="30000000" polarization="V" fec="5" system="0" modulation="0">
        <service id="0x008f" sid="143" name="Brazzers TV" type="1" provider="" onid="28" tsid="15" namespace="0x01860000" />
        <service id="0x010b" sid="267" name="Crime &amp; Investigation" type="1" provider="" onid="28" tsid="15" namespace="0x01860000" />
        <service id="0x00c8" sid="200" name="dizi" type="1" provider="" onid="28" tsid="15" namespace="0x01860000" />
        <service id="0x00c9" sid="201" name="Docubox" type="1" provider="" onid="28" tsid="15" namespace="0x01860000" />
        <service id="0x010a" sid="266" name="E! Entertainment" type="1" provider="" onid="28" tsid="15" namespace="0x01860000" />
        <service id="0x00d2" sid="210" name="Erdely TV" type="1" provider="" onid="28" tsid="15" namespace="0x01860000" />
        <service id="0x003b" sid="59" name="Film Mania" type="1" provider="" onid="28" tsid="15" namespace="0x01860000" />
        <service id="0x00a4" sid="164" name="HGTV" type="1" provider="" onid="28" tsid="15" namespace="0x01860000" />
        <service id="0x00ca" sid="202" name="JimJam" type="1" provider="" onid="28" tsid="15" namespace="0x01860000" />
        <service id="0x00dd" sid="221" name="Nickelodeon" type="1" provider="" onid="28" tsid="15" namespace="0x01860000" />
        <service id="0x0038" sid="56" name="Orange Sport 3" type="1" provider="" onid="28" tsid="15" namespace="0x01860000" />
        <service id="0x00de" sid="222" name="Orange Sport 4" type="1" provider="" onid="28" tsid="15" namespace="0x01860000" />
        <service id="0x005b" sid="91" name="Private TV" type="1" provider="" onid="28" tsid="15" namespace="0x01860000" />
        <service id="0x010e" sid="270" name="RTL KETTO" type="1" provider="" onid="28" tsid="15" namespace="0x01860000" />
        <service id="0x01ff" sid="511" name="Speranta TV" type="1" provider="" onid="28" tsid="15" namespace="0x01860000" />
        <service id="0x013f" sid="319" name="Story4" type="1" provider="" onid="28" tsid="15" namespace="0x01860000" />
        <service id="0x02d1" sid="721" name="Traditional TV" type="1" provider="" onid="28" tsid="15" namespace="0x01860000" />
        <service id="0x00f1" sid="241" name="TV Paprika" type="1" provider="" onid="28" tsid="15" namespace="0x01860000" />
        <service id="0x005d" sid="93" name="TVR Sport" type="1" provider="" onid="28" tsid="15" namespace="0x01860000" />
        <service id="0x00f3" sid="243" name="Viasat Explore" type="1" provider="" onid="28" tsid="15" namespace="0x01860000" />
      </transponder>
    </satellite>
    <satellite key="01860000:0010:001c" name="Sat-39E" namespace="0x01860000" position="39">
      <transponder key="01860000:0010:001c" frequency="12367000" symbol_rate="30000000" polarization="V" fec="5" system="0" modulation="0">
        <service id="0x014e" sid="334" name="Aleph News" type="1" provider="" onid="28" tsid="16" namespace="0x01860000" />
        <service id="0x00c9" sid="201" name="AMC" type="1" provider="" onid="28" tsid="16" namespace="0x01860000" />
        <service id="0x00a2" sid="162" name="AXN Black" type="1" provider="" onid="28" tsid="16" namespace="0x01860000" />
        <service id="0x00a1" sid="161" name="AXN White" type="1" provider="" onid="28" tsid="16" namespace="0x01860000" />
        <service id="0x00e0" sid="224" name="Cartoon Network" type="1" provider="" onid="28" tsid="16" namespace="0x01860000" />
        <service id="0x009d" sid="157" name="Cinemax 2" type="1" provider="" onid="28" tsid="16" namespace="0x01860000" />
        <service id="0x00c8" sid="200" name="Film Cafe" type="1" provider="" onid="28" tsid="16" namespace="0x01860000" />
        <service id="0x00d6" sid="214" name="FilmBox Premium" type="1" provider="" onid="28" tsid="16" namespace="0x01860000" />
        <service id="0x00c2" sid="194" name="HBO 2" type="1" provider="Dolce" onid="28" tsid="16" namespace="0x01860000" />
        <service id="0x006b" sid="107" name="Hustler TV" type="1" provider="" onid="28" tsid="16" namespace="0x01860000" />
        <service id="0x007c" sid="124" name="Kiss TV" type="1" provider="" onid="28" tsid="16" namespace="0x01860000" />
        <service id="0x00db" sid="219" name="Magic TV" type="1" provider="" onid="28" tsid="16" namespace="0x01860000" />
        <service id="0x00c6" sid="198" name="Nat Geo" type="1" provider="" onid="28" tsid="16" namespace="0x01860000" />
        <service id="0x004a" sid="74" name="Nicktoons" type="1" provider="" onid="28" tsid="16" namespace="0x01860000" />
        <service id="0x0053" sid="83" name="Penthouse Gold" type="1" provider="" onid="28" tsid="16" namespace="0x01860000" />
        <service id="0x00cc" sid="204" name="Prima Sport 3" type="1" provider="" onid="28" tsid="16" namespace="0x01860000" />
        <service id="0x00d5" sid="213" name="Sport Extra" type="1" provider="" onid="28" tsid="16" namespace="0x01860000" />
        <service id="0x02d2" sid="722" name="TV-AS" type="1" provider="" onid="28" tsid="16" namespace="0x01860000" />
        <service id="0x00d8" sid="216" name="TVR CULTURAL" type="1" provider="" onid="28" tsid="16" namespace="0x01860000" />
        <service id="0x00df" sid="223" name="Warner TV" type="1" provider="" onid="28" tsid="16" namespace="0x01860000" />
      </transponder>
    </satellite>
    <satellite key="01860000:0011:001c" name="Sat-39E" namespace="0x01860000" position="39">
      <transponder key="01860000:0011:001c" frequency="12688000" symbol_rate="30000000" polarization="V" fec="5" system="0" modulation="0">
        <service id="0x005c" sid="92" name="ACASA GOLD" type="1" provider="" onid="28" tsid="17" namespace="0x01860000" />
        <service id="0x014b" sid="331" name="Bollywood Clasic" type="1" provider="" onid="28" tsid="17" namespace="0x01860000" />
        <service id="0x008b" sid="139" name="Discovery Channel" type="1" provider="" onid="28" tsid="17" namespace="0x01860000" />
        <service id="0x00d3" sid="211" name="Etno" type="1" provider="" onid="28" tsid="17" namespace="0x01860000" />
        <service id="0x01c7" sid="455" name="HBO" type="1" provider="" onid="28" tsid="17" namespace="0x01860000" />
        <service id="0x019f" sid="415" name="HBO 3" type="1" provider="" onid="28" tsid="17" namespace="0x01860000" />
        <service id="0x020f" sid="527" name="Kanal D2" type="1" provider="" onid="28" tsid="17" namespace="0x01860000" />
        <service id="0x016d" sid="365" name="Music Channel" type="1" provider="" onid="28" tsid="17" namespace="0x01860000" />
        <service id="0x008e" sid="142" name="National 24 Plus" type="1" provider="" onid="28" tsid="17" namespace="0x01860000" />
        <service id="0x004d" sid="77" name="Orange Sport 2" type="1" provider="Dolce" onid="28" tsid="17" namespace="0x01860000" />
        <service id="0x00a9" sid="169" name="Prima News" type="1" provider="" onid="28" tsid="17" namespace="0x01860000" />
        <service id="0x004c" sid="76" name="PRO ARENA" type="1" provider="" onid="28" tsid="17" namespace="0x01860000" />
        <service id="0x004b" sid="75" name="PRO CINEMA" type="1" provider="" onid="28" tsid="17" namespace="0x01860000" />
        <service id="0x008c" sid="140" name="Romania TV" type="1" provider="" onid="28" tsid="17" namespace="0x01860000" />
        <service id="0x00d4" sid="212" name="Taraf" type="1" provider="" onid="28" tsid="17" namespace="0x01860000" />
        <service id="0x00e2" sid="226" name="Trinitas TV" type="1" provider="" onid="28" tsid="17" namespace="0x01860000" />
        <service id="0x00e7" sid="231" name="TV5 Monde" type="1" provider="" onid="28" tsid="17" namespace="0x01860000" />
        <service id="0x00e8" sid="232" name="TVR 3" type="1" provider="" onid="28" tsid="17" namespace="0x01860000" />
        <service id="0x005e" sid="94" name="U TV" type="1" provider="" onid="28" tsid="17" namespace="0x01860000" />
      </transponder>
    </satellite>
    <satellite key="01860000:0012:001c" name="Sat-39E" namespace="0x01860000" position="39">
      <transponder key="01860000:0012:001c" frequency="12405000" symbol_rate="30000000" polarization="V" fec="5" system="0" modulation="0">
        <service id="0x008a" sid="138" name="A7 TV" type="1" provider="" onid="28" tsid="18" namespace="0x01860000" />
        <service id="0x00ba" sid="186" name="Agro TV" type="1" provider="" onid="28" tsid="18" namespace="0x01860000" />
        <service id="0x014d" sid="333" name="Alfa Omega TV" type="1" provider="" onid="28" tsid="18" namespace="0x01860000" />
        <service id="0x007b" sid="123" name="AXN Spin" type="1" provider="" onid="28" tsid="18" namespace="0x01860000" />
        <service id="0x008f" sid="143" name="Comedy Central" type="1" provider="" onid="28" tsid="18" namespace="0x01860000" />
        <service id="0x005f" sid="95" name="Digi24" type="1" provider="" onid="28" tsid="18" namespace="0x01860000" />
        <service id="0x00ce" sid="206" name="Euronews Romania" type="1" provider="" onid="28" tsid="18" namespace="0x01860000" />
        <service id="0x012a" sid="298" name="Eurosport" type="1" provider="" onid="28" tsid="18" namespace="0x01860000" />
        <service id="0x00d7" sid="215" name="Filmbox" type="1" provider="" onid="28" tsid="18" namespace="0x01860000" />
        <service id="0x0034" sid="52" name="Filmbox Extra" type="1" provider="" onid="28" tsid="18" namespace="0x01860000" />
        <service id="0x007e" sid="126" name="History" type="1" provider="" onid="28" tsid="18" namespace="0x01860000" />
        <service id="0x014c" sid="332" name="Investigation Discovery" type="1" provider="" onid="28" tsid="18" namespace="0x01860000" />
        <service id="0x0050" sid="80" name="Metropola TV" type="1" provider="" onid="28" tsid="18" namespace="0x01860000" />
        <service id="0x007f" sid="127" name="Minimax" type="1" provider="" onid="28" tsid="18" namespace="0x01860000" />
        <service id="0x00cd" sid="205" name="Nat Geo Wild" type="1" provider="" onid="28" tsid="18" namespace="0x01860000" />
        <service id="0x00cb" sid="203" name="Prima Sport 4" type="1" provider="" onid="28" tsid="18" namespace="0x01860000" />
        <service id="0x012f" sid="303" name="Viasat History" type="1" provider="" onid="28" tsid="18" namespace="0x01860000" />
        <service id="0x012d" sid="301" name="Viasat Kino" type="1" provider="" onid="28" tsid="18" namespace="0x01860000" />
        <service id="0x0052" sid="82" name="Viasat Nature" type="1" provider="" onid="28" tsid="18" namespace="0x01860000" />
      </transponder>
    </satellite>
    <satellite key="01860000:0065:212c" name="Sat-39E" namespace="0x01860000" position="39">
      <transponder key="01860000:0065:212c" frequency="12338000" symbol_rate="11567000" polarization="H" fec="2" system="0" modulation="0">
        <service id="0x044c" sid="1100" name="ALPHA HD" type="1" provider="DIGEA" onid="8492" tsid="101" namespace="0x01860000" />
        <service id="0x00ca" sid="202" name="ANT1 HD" type="1" provider="DIGEA" onid="8492" tsid="101" namespace="0x01860000" />
        <service id="0x00f2" sid="242" name="OPEN BEYOND HD" type="1" provider="DIGEA" onid="8492" tsid="101" namespace="0x01860000" />
        <service id="0x04b0" sid="1200" name="SKAI HD" type="1" provider="DIGEA" onid="8492" tsid="101" namespace="0x01860000" />
      </transponder>
    </satellite>
    <satellite key="01860000:0067:212c" name="Sat-39E" namespace="0x01860000" position="39">
      <transponder key="01860000:0067:212c" frequency="12352000" symbol_rate="11567000" polarization="H" fec="2" system="0" modulation="0">
        <service id="0x06a4" sid="1700" name="MAK TV HD" type="1" provider="DIGEA" onid="8492" tsid="103" namespace="0x01860000" />
        <service id="0x0118" sid="280" name="MEGA HD" type="1" provider="DIGEA" onid="8492" tsid="103" namespace="0x01860000" />
        <service id="0x05dc" sid="1500" name="STAR HD" type="1" provider="DIGEA" onid="8492" tsid="103" namespace="0x01860000" />
      </transponder>
    </satellite>
    <satellite key="01860000:0069:212c" name="Sat-39E" namespace="0x01860000" position="39">
      <transponder key="01860000:0069:212c" frequency="12414000" symbol_rate="11567000" polarization="H" fec="2" system="0" modulation="0">
        <service id="0x0c1c" sid="3100" name="ALPHA" type="1" provider="DIGEA" onid="8492" tsid="105" namespace="0x01860000" />
        <service id="0x0ce4" sid="3300" name="ANT1" type="1" provider="DIGEA" onid="8492" tsid="105" namespace="0x01860000" />
        <service id="0x0e74" sid="3700" name="MAK TV" type="1" provider="DIGEA" onid="8492" tsid="105" namespace="0x01860000" />
        <service id="0x0e10" sid="3600" name="MEGA" type="1" provider="DIGEA" onid="8492" tsid="105" namespace="0x01860000" />
        <service id="0x0d48" sid="3400" name="OPEN BEYOND" type="1" provider="DIGEA" onid="8492" tsid="105" namespace="0x01860000" />
        <service id="0x0c80" sid="3200" name="SKAI" type="1" provider="DIGEA" onid="8492" tsid="105" namespace="0x01860000" />
        <service id="0x0dac" sid="3500" name="STAR" type="1" provider="DIGEA" onid="8492" tsid="105" namespace="0x01860000" />
      </transponder>
    </satellite>
    <satellite key="01860000:00b1:039e" name="Sat-39E" namespace="0x01860000" position="39">
      <transponder key="01860000:00b1:039e" frequency="12117000" symbol_rate="30000000" polarization="H" fec="4" system="0" modulation="0">
        <service id="0x0039" sid="57" name="Al Jazeera" type="31" provider="A1 BG" onid="926" tsid="177" namespace="0x01860000" />
        <service id="0x004b" sid="75" name="Bloomberg TV Bulgaria" type="31" provider="A1 BG" onid="926" tsid="177" namespace="0x01860000" />
        <service id="0x006e" sid="110" name="BNT 1 HD" type="31" provider="A1 BG" onid="926" tsid="177" namespace="0x01860000" />
        <service id="0x0036" sid="54" name="BNT 2" type="31" provider="A1 BG" onid="926" tsid="177" namespace="0x01860000" />
        <service id="0x002d" sid="45" name="BNT 3 HD" type="31" provider="A1 BG" onid="926" tsid="177" namespace="0x01860000" />
        <service id="0x004c" sid="76" name="BNT 4" type="31" provider="A1 BG" onid="926" tsid="177" namespace="0x01860000" />
        <service id="0x004d" sid="77" name="Box TV" type="31" provider="A1 BG" onid="926" tsid="177" namespace="0x01860000" />
        <service id="0x004e" sid="78" name="bTV Cinema HD" type="31" provider="A1 BG" onid="926" tsid="177" namespace="0x01860000" />
        <service id="0x004f" sid="79" name="bTV Comedy HD" type="31" provider="A1 BG" onid="926" tsid="177" namespace="0x01860000" />
        <service id="0x007a" sid="122" name="bTV Story HD" type="31" provider="A1 BG" onid="926" tsid="177" namespace="0x01860000" />
        <service id="0x0037" sid="55" name="Bulgaria 24" type="31" provider="A1 BG" onid="926" tsid="177" namespace="0x01860000" />
        <service id="0x004a" sid="74" name="Cinemania" type="31" provider="A1 BG" onid="926" tsid="177" namespace="0x01860000" />
        <service id="0x005e" sid="94" name="CNBC" type="31" provider="A1BG" onid="926" tsid="177" namespace="0x01860000" />
        <service id="0x006b" sid="107" name="Code Fashion" type="31" provider="A1 BG" onid="926" tsid="177" namespace="0x01860000" />
        <service id="0x002b" sid="43" name="CTC" type="31" provider="A1 BG" onid="926" tsid="177" namespace="0x01860000" />
        <service id="0x002c" sid="44" name="CTC Kids" type="31" provider="A1 BG" onid="926" tsid="177" namespace="0x01860000" />
        <service id="0x006a" sid="106" name="Detskii Mir/Teleclub" type="31" provider="A1 BG" onid="926" tsid="177" namespace="0x01860000" />
        <service id="0x002f" sid="47" name="Diema HD" type="31" provider="A1 BG" onid="926" tsid="177" namespace="0x01860000" />
        <service id="0x007b" sid="123" name="Discovery Channel" type="31" provider="A1 BG" onid="926" tsid="177" namespace="0x01860000" />
        <service id="0x003b" sid="59" name="Disney Channel" type="31" provider="A1 BG" onid="926" tsid="177" namespace="0x01860000" />
        <service id="0x003a" sid="58" name="Domashniy" type="31" provider="A1 BG" onid="926" tsid="177" namespace="0x01860000" />
        <service id="0x008e" sid="142" name="Euronews Bulgaria" type="31" provider="A1 BG" onid="926" tsid="177" namespace="0x01860000" />
        <service id="0x0031" sid="49" name="Eurosport 1" type="31" provider="A1 BG" onid="926" tsid="177" namespace="0x01860000" />
        <service id="0x005b" sid="91" name="Eurosport 2" type="31" provider="A1 BG" onid="926" tsid="177" namespace="0x01860000" />
        <service id="0x008d" sid="141" name="FightBox" type="31" provider="A1BG" onid="926" tsid="177" namespace="0x01860000" />
        <service id="0x007e" sid="126" name="FilmBox Arthouse" type="31" provider="A1 BG" onid="926" tsid="177" namespace="0x01860000" />
        <service id="0x007f" sid="127" name="FilmBox Stars" type="31" provider="A1 BG" onid="926" tsid="177" namespace="0x01860000" />
        <service id="0x005d" sid="93" name="FREEDOM" type="31" provider="A1BG" onid="926" tsid="177" namespace="0x01860000" />
        <service id="0x0032" sid="50" name="ID Xtra" type="31" provider="A1BG" onid="926" tsid="177" namespace="0x01860000" />
        <service id="0x005a" sid="90" name="Kanal 3" type="31" provider="A1 BG" onid="926" tsid="177" namespace="0x01860000" />
        <service id="0x0029" sid="41" name="Max Sport 1 HD" type="31" provider="A1 BG" onid="926" tsid="177" namespace="0x01860000" />
        <service id="0x002a" sid="42" name="Max Sport 2 HD" type="31" provider="A1 BG" onid="926" tsid="177" namespace="0x01860000" />
        <service id="0x002e" sid="46" name="Max Sport 3 HD" type="31" provider="A1 BG" onid="926" tsid="177" namespace="0x01860000" />
        <service id="0x0030" sid="48" name="MAX Sport 4 HD" type="31" provider="A1 BG" onid="926" tsid="177" namespace="0x01860000" />
        <service id="0x006d" sid="109" name="MTV Hits" type="31" provider="A1 BG" onid="926" tsid="177" namespace="0x01860000" />
        <service id="0x006c" sid="108" name="Nashe Kino" type="31" provider="A1 GB" onid="926" tsid="177" namespace="0x01860000" />
        <service id="0x008a" sid="138" name="Nickelodeon" type="31" provider="A1 BG" onid="926" tsid="177" namespace="0x01860000" />
        <service id="0x006f" sid="111" name="Nova TV HD" type="31" provider="A1 BG" onid="926" tsid="177" namespace="0x01860000" />
        <service id="0x0038" sid="56" name="Ohota i ribalka" type="31" provider="A1 BG" onid="926" tsid="177" namespace="0x01860000" />
        <service id="0x0034" sid="52" name="Penthouse Gold" type="31" provider="A1 BG" onid="926" tsid="177" namespace="0x01860000" />
        <service id="0x007d" sid="125" name="Peretz" type="31" provider="A1 BG" onid="926" tsid="177" namespace="0x01860000" />
        <service id="0x008c" sid="140" name="Planeta Folk" type="31" provider="A1 BG" onid="926" tsid="177" namespace="0x01860000" />
        <service id="0x0033" sid="51" name="Planeta HD" type="31" provider="A1 BG" onid="926" tsid="177" namespace="0x01860000" />
        <service id="0x0035" sid="53" name="The Voice" type="31" provider="A1 BG" onid="926" tsid="177" namespace="0x01860000" />
        <service id="0x008f" sid="143" name="Tiankov TV" type="31" provider="A1 BG" onid="926" tsid="177" namespace="0x01860000" />
        <service id="0x007c" sid="124" name="TV Tourism" type="31" provider="A1BG" onid="926" tsid="177" namespace="0x01860000" />
        <service id="0x008b" sid="139" name="XY Plus" type="31" provider="A1 BG" onid="926" tsid="177" namespace="0x01860000" />
        <service id="0x005c" sid="92" name="Zhivi" type="31" provider="A1 BG" onid="926" tsid="177" namespace="0x01860000" />
      </transponder>
    </satellite>
    <satellite key="01860000:00b2:039e" name="Sat-39E" namespace="0x01860000" position="39">
      <transponder key="01860000:00b2:039e" frequency="12137000" symbol_rate="30000000" polarization="V" fec="4" system="0" modulation="0">
        <service id="0x00d0" sid="208" name="7/8 TV HD" type="31" provider="A1 BG" onid="926" tsid="178" namespace="0x01860000" />
        <service id="0x00da" sid="218" name="Animal Planet" type="31" provider="A1 BG" onid="926" tsid="178" namespace="0x01860000" />
        <service id="0x00db" sid="219" name="AXN" type="31" provider="A1 BG" onid="926" tsid="178" namespace="0x01860000" />
        <service id="0x00dc" sid="220" name="AXN Black" type="31" provider="A1 BG" onid="926" tsid="178" namespace="0x01860000" />
        <service id="0x00dd" sid="221" name="AXN White" type="31" provider="A1 BG" onid="926" tsid="178" namespace="0x01860000" />
        <service id="0x00fa" sid="250" name="BHTV" type="31" provider="A1 BG" onid="926" tsid="178" namespace="0x01860000" />
        <service id="0x00d6" sid="214" name="bTV Action HD" type="31" provider="A1 BG" onid="926" tsid="178" namespace="0x01860000" />
        <service id="0x00d5" sid="213" name="bTV HD" type="31" provider="A1 BG" onid="926" tsid="178" namespace="0x01860000" />
        <service id="0x00de" sid="222" name="Bulgaria on Air HD" type="31" provider="A1 BG" onid="926" tsid="178" namespace="0x01860000" />
        <service id="0x00df" sid="223" name="C&amp;I Network" type="31" provider="A1 BG" onid="926" tsid="178" namespace="0x01860000" />
        <service id="0x00ee" sid="238" name="Cartoon Network" type="31" provider="A1 BG" onid="926" tsid="178" namespace="0x01860000" />
        <service id="0x00cc" sid="204" name="Cinemax 2 HD" type="31" provider="A1 BG" onid="926" tsid="178" namespace="0x01860000" />
        <service id="0x00cb" sid="203" name="Cinemax HD" type="31" provider="A1 BG" onid="926" tsid="178" namespace="0x01860000" />
        <service id="0x00d4" sid="212" name="Classica" type="31" provider="A1 BG" onid="926" tsid="178" namespace="0x01860000" />
        <service id="0x00e2" sid="226" name="Code Health" type="31" provider="A1 BG" onid="926" tsid="178" namespace="0x01860000" />
        <service id="0x00e3" sid="227" name="Diema Family HD" type="31" provider="A1 BG" onid="926" tsid="178" namespace="0x01860000" />
        <service id="0x00c9" sid="201" name="Diema Sport 2 HD" type="31" provider="A1 BG" onid="926" tsid="178" namespace="0x01860000" />
        <service id="0x00ca" sid="202" name="Diema Sport HD" type="31" provider="A1 BG" onid="926" tsid="178" namespace="0x01860000" />
        <service id="0x00f0" sid="240" name="DM Sat" type="31" provider="A1 BG" onid="926" tsid="178" namespace="0x01860000" />
        <service id="0x00f1" sid="241" name="Duck TV" type="31" provider="A1 BG" onid="926" tsid="178" namespace="0x01860000" />
        <service id="0x00e5" sid="229" name="DW" type="31" provider="A1 BG" onid="926" tsid="178" namespace="0x01860000" />
        <service id="0x00f2" sid="242" name="e-kids" type="31" provider="A1 BG" onid="926" tsid="178" namespace="0x01860000" />
        <service id="0x00e6" sid="230" name="English Club" type="31" provider="A1 BG" onid="926" tsid="178" namespace="0x01860000" />
        <service id="0x00ce" sid="206" name="Epic Drama" type="31" provider="A1 BG" onid="926" tsid="178" namespace="0x01860000" />
        <service id="0x00f7" sid="247" name="Evrokom" type="31" provider="A1 BG" onid="926" tsid="178" namespace="0x01860000" />
        <service id="0x00d3" sid="211" name="FilmBox Extra" type="31" provider="A1 BG" onid="926" tsid="178" namespace="0x01860000" />
        <service id="0x00f6" sid="246" name="Fix&amp;Foxi" type="31" provider="A1 BG" onid="926" tsid="178" namespace="0x01860000" />
        <service id="0x00f3" sid="243" name="France 24" type="31" provider="A1 BG" onid="926" tsid="178" namespace="0x01860000" />
        <service id="0x00e8" sid="232" name="HISTORY Bulgaria" type="31" provider="A1 BG" onid="926" tsid="178" namespace="0x01860000" />
        <service id="0x00ed" sid="237" name="Hit Mix" type="31" provider="A1 BG" onid="926" tsid="178" namespace="0x01860000" />
        <service id="0x00e0" sid="224" name="Kino Nova HD" type="31" provider="A1 BG" onid="926" tsid="178" namespace="0x01860000" />
        <service id="0x00d1" sid="209" name="Mediaset" type="31" provider="A1 BG" onid="926" tsid="178" namespace="0x01860000" />
        <service id="0x00ec" sid="236" name="MTV 00s" type="31" provider="A1 BG" onid="926" tsid="178" namespace="0x01860000" />
        <service id="0x00e7" sid="231" name="MyZen" type="31" provider="A1 BG" onid="926" tsid="178" namespace="0x01860000" />
        <service id="0x00fb" sid="251" name="Nicktoons" type="31" provider="A1 BG" onid="926" tsid="178" namespace="0x01860000" />
        <service id="0x00f9" sid="249" name="Nova News HD" type="31" provider="A1 BG" onid="926" tsid="178" namespace="0x01860000" />
        <service id="0x00e4" sid="228" name="Penthouse Passion" type="31" provider="A1 BG" onid="926" tsid="178" namespace="0x01860000" />
        <service id="0x00e9" sid="233" name="Reality Kings" type="31" provider="A1 BG" onid="926" tsid="178" namespace="0x01860000" />
        <service id="0x00f8" sid="248" name="Sky News" type="31" provider="A1 BG" onid="926" tsid="178" namespace="0x01860000" />
        <service id="0x00d7" sid="215" name="STAR Channel" type="31" provider="A1 BG" onid="926" tsid="178" namespace="0x01860000" />
        <service id="0x00d8" sid="216" name="STAR Crime" type="31" provider="A1 BG" onid="926" tsid="178" namespace="0x01860000" />
        <service id="0x00d9" sid="217" name="STAR Life" type="31" provider="A1 BG" onid="926" tsid="178" namespace="0x01860000" />
        <service id="0x00e1" sid="225" name="Supertoons" type="31" provider="A1 BG" onid="926" tsid="178" namespace="0x01860000" />
        <service id="0x00ea" sid="234" name="TLC" type="31" provider="A1 BG" onid="926" tsid="178" namespace="0x01860000" />
        <service id="0x00eb" sid="235" name="TravelXP" type="31" provider="A1 BG" onid="926" tsid="178" namespace="0x01860000" />
        <service id="0x00cf" sid="207" name="TV 8 International" type="31" provider="A1 BG" onid="926" tsid="178" namespace="0x01860000" />
        <service id="0x00f5" sid="245" name="TV5 Monde" type="31" provider="A1 BG" onid="926" tsid="178" namespace="0x01860000" />
        <service id="0x00cd" sid="205" name="Viasat History" type="31" provider="A1 BG" onid="926" tsid="178" namespace="0x01860000" />
      </transponder>
    </satellite>
    <satellite key="01860000:03f2:039e" name="Sat-39E" namespace="0x01860000" position="39">
      <transponder key="01860000:03f2:039e" frequency="10890000" symbol_rate="30000000" polarization="H" fec="4" system="0" modulation="0">
        <service id="0x080c" sid="2060" name="3 Plus" type="1" provider="Tring TV" onid="926" tsid="1010" namespace="0x01860000" />
        <service id="0x05b4" sid="1460" name="ABC" type="1" provider="Tring TV" onid="926" tsid="1010" namespace="0x01860000" />
        <service id="0x01c8" sid="456" name="ATV" type="1" provider="Tring" onid="926" tsid="1010" namespace="0x01860000" />
        <service id="0x0cee" sid="3310" name="Desire" type="1" provider="Tring TV" onid="926" tsid="1010" namespace="0x01860000" />
        <service id="0x0d20" sid="3360" name="Elrodi" type="1" provider="Tring TV" onid="926" tsid="1010" namespace="0x01860000" />
        <service id="0x00f6" sid="246" name="FAX NEWS" type="1" provider="Tring TV" onid="926" tsid="1010" namespace="0x01860000" />
        <service id="0x0c58" sid="3160" name="Folk Plus" type="1" provider="Tring TV" onid="926" tsid="1010" namespace="0x01860000" />
        <service id="0x083e" sid="2110" name="KanalD Drama" type="1" provider="Tring TV" onid="926" tsid="1010" namespace="0x01860000" />
        <service id="0x064a" sid="1610" name="Kanali 7" type="1" provider="Tring TV" onid="926" tsid="1010" namespace="0x01860000" />
        <service id="0x0134" sid="308" name="Living HD" type="1" provider="Tring TV" onid="926" tsid="1010" namespace="0x01860000" />
        <service id="0x026a" sid="618" name="News 24" type="1" provider="Tring TV" onid="926" tsid="1010" namespace="0x01860000" />
        <service id="0x05e6" sid="1510" name="Report TV" type="1" provider="Tring TV" onid="926" tsid="1010" namespace="0x01860000" />
        <service id="0x0d52" sid="3410" name="RTSH" type="1" provider="Tring TV" onid="926" tsid="1010" namespace="0x01860000" />
        <service id="0x051e" sid="1310" name="RTV 21" type="1" provider="Tring" onid="926" tsid="1010" namespace="0x01860000" />
        <service id="0x07da" sid="2010" name="Series HD" type="1" provider="Tring TV" onid="926" tsid="1010" namespace="0x01860000" />
        <service id="0x016e" sid="366" name="Smile" type="1" provider="Tring TV" onid="926" tsid="1010" namespace="0x01860000" />
        <service id="0x0b2c" sid="2860" name="SPORT 1 HD" type="1" provider="Tring TV" onid="926" tsid="1010" namespace="0x01860000" />
        <service id="0x0b5e" sid="2910" name="SPORT 2 HD" type="1" provider="Tring TV" onid="926" tsid="1010" namespace="0x01860000" />
        <service id="0x0b90" sid="2960" name="SPORT 3 HD" type="1" provider="Tring TV" onid="926" tsid="1010" namespace="0x01860000" />
        <service id="0x0bc2" sid="3010" name="SPORT 4 HD" type="1" provider="Tring TV" onid="926" tsid="1010" namespace="0x01860000" />
        <service id="0x0c8a" sid="3210" name="SPORT 5 HD" type="1" provider="Tring TV" onid="926" tsid="1010" namespace="0x01860000" />
        <service id="0x0afa" sid="2810" name="Sport News HD" type="1" provider="Tring TV" onid="926" tsid="1010" namespace="0x01860000" />
        <service id="0x067c" sid="1660" name="Syri TV" type="1" provider="Tring TV" onid="926" tsid="1010" namespace="0x01860000" />
        <service id="0x01a8" sid="424" name="Teve 1 HD" type="1" provider="Tring TV" onid="926" tsid="1010" namespace="0x01860000" />
        <service id="0x02e8" sid="744" name="TIP TV" type="1" provider="Tring TV" onid="926" tsid="1010" namespace="0x01860000" />
        <service id="0x038a" sid="906" name="Tring Action HD" type="1" provider="Tring TV" onid="926" tsid="1010" namespace="0x01860000" />
        <service id="0x04ba" sid="1210" name="Tring Classic HD" type="1" provider="Tring TV" onid="926" tsid="1010" namespace="0x01860000" />
        <service id="0x0e7e" sid="3710" name="Tring Collection HD" type="1" provider="Tring TV" onid="926" tsid="1010" namespace="0x01860000" />
        <service id="0x096a" sid="2410" name="Tring Comedy" type="1" provider="Tring TV" onid="926" tsid="1010" namespace="0x01860000" />
        <service id="0x099c" sid="2460" name="Tring Fantasy" type="1" provider="Tring TV" onid="926" tsid="1010" namespace="0x01860000" />
        <service id="0x03aa" sid="938" name="Tring Life" type="1" provider="Tring TV" onid="926" tsid="1010" namespace="0x01860000" />
        <service id="0x0eb0" sid="3760" name="Tring Novelas HD" type="1" provider="Tring TV" onid="926" tsid="1010" namespace="0x01860000" />
        <service id="0x0a96" sid="2710" name="Tring Planet" type="1" provider="Tring TV" onid="926" tsid="1010" namespace="0x01860000" />
        <service id="0x08a2" sid="2210" name="Tring Shqip" type="1" provider="Tring TV" onid="926" tsid="1010" namespace="0x01860000" />
        <service id="0x08d4" sid="2260" name="Tring Super HD" type="1" provider="Tring TV" onid="926" tsid="1010" namespace="0x01860000" />
        <service id="0x06e0" sid="1760" name="Tring Tring" type="1" provider="Tring TV" onid="926" tsid="1010" namespace="0x01860000" />
        <service id="0x0ac8" sid="2760" name="Tring World" type="1" provider="Tring TV" onid="926" tsid="1010" namespace="0x01860000" />
        <service id="0x03f2" sid="1010" name="Vizion Plus HD" type="1" provider="Tring TV" onid="926" tsid="1010" namespace="0x01860000" />
        <service id="0x1b64" sid="7012" name="NRG RADIO" type="2" provider="Tring TV" onid="926" tsid="1010" namespace="0x01860000" radio="1" />
      </transponder>
    </satellite>
    <satellite key="01860000:03fc:039e" name="Sat-39E" namespace="0x01860000" position="39">
      <transponder key="01860000:03fc:039e" frequency="10930000" symbol_rate="30000000" polarization="H" fec="4" system="0" modulation="0">
        <service id="0x0cbc" sid="3260" name="BBF" type="1" provider="Tring TV" onid="926" tsid="1020" namespace="0x01860000" />
        <service id="0x0c26" sid="3110" name="Bizzare" type="1" provider="Tring TV" onid="926" tsid="1020" namespace="0x01860000" />
        <service id="0x0db6" sid="3510" name="Bubble" type="1" provider="Tring TV" onid="926" tsid="1020" namespace="0x01860000" />
        <service id="0x0c8a" sid="3210" name="Bunga Bunga" type="1" provider="Tring TV" onid="926" tsid="1020" namespace="0x01860000" />
        <service id="0x0bf4" sid="3060" name="Click TV" type="1" provider="Tring TV" onid="926" tsid="1020" namespace="0x01860000" />
        <service id="0x0a32" sid="2610" name="Club TV" type="1" provider="Tring TV" onid="926" tsid="1020" namespace="0x01860000" />
        <service id="0x052c" sid="1324" name="CNA TV" type="1" provider="TRING TV" onid="926" tsid="1020" namespace="0x01860000" />
        <service id="0x0e4c" sid="3660" name="EuroNews AL" type="1" provider="Tring TV" onid="926" tsid="1020" namespace="0x01860000" />
        <service id="0x042c" sid="1068" name="IN TV" type="1" provider="Tring TV" onid="926" tsid="1020" namespace="0x01860000" />
        <service id="0x02c8" sid="712" name="Kids" type="1" provider="Tring TV" onid="926" tsid="1020" namespace="0x01860000" />
        <service id="0x13ba" sid="5050" name="Klan Kosova" type="1" provider="Artmotion" onid="926" tsid="1020" namespace="0x01860000" />
        <service id="0x16a8" sid="5800" name="Klan Music" type="1" provider="Tring TV" onid="926" tsid="1020" namespace="0x01860000" />
        <service id="0x16da" sid="5850" name="Klan News" type="1" provider="Tring TV" onid="926" tsid="1020" namespace="0x01860000" />
        <service id="0x068c" sid="1676" name="Klan Plus HD" type="1" provider="Tring TV" onid="926" tsid="1020" namespace="0x01860000" />
        <service id="0x054c" sid="1356" name="Klan TV HD" type="1" provider="Tring TV" onid="926" tsid="1020" namespace="0x01860000" />
        <service id="0x125c" sid="4700" name="Mediaset Italia" type="1" provider="Mediaset" onid="926" tsid="1020" namespace="0x01860000" />
        <service id="0x07a8" sid="1960" name="Muse" type="1" provider="Tring TV" onid="926" tsid="1020" namespace="0x01860000" />
        <service id="0x0fa0" sid="4000" name="NTV Albania" type="1" provider="Tring TV" onid="926" tsid="1020" namespace="0x01860000" />
        <service id="0x11f8" sid="4600" name="Panorama TV" type="1" provider="Tring TV" onid="926" tsid="1020" namespace="0x01860000" />
        <service id="0x11c6" sid="4550" name="Premium Channel" type="1" provider="Tring TV" onid="926" tsid="1020" namespace="0x01860000" />
        <service id="0x0d84" sid="3460" name="Rai 1" type="1" provider="Tring TV" onid="926" tsid="1020" namespace="0x01860000" />
        <service id="0x048a" sid="1162" name="Rai 2" type="1" provider="Mediaset" onid="926" tsid="1020" namespace="0x01860000" />
        <service id="0x04ba" sid="1210" name="RTK1" type="1" provider="Tring TV" onid="926" tsid="1020" namespace="0x01860000" />
        <service id="0x128e" sid="4750" name="RTSH 2" type="1" provider="RTSH" onid="926" tsid="1020" namespace="0x01860000" />
        <service id="0x12c0" sid="4800" name="RTSH 24" type="1" provider="RTSH" onid="926" tsid="1020" namespace="0x01860000" />
        <service id="0x12f2" sid="4850" name="RTSH Femije" type="1" provider="RTSH" onid="926" tsid="1020" namespace="0x01860000" />
        <service id="0x046a" sid="1130" name="Rtsh Sport" type="1" provider="Tring TV" onid="926" tsid="1020" namespace="0x01860000" />
        <service id="0x02f0" sid="752" name="SPORT 6 HD" type="1" provider="Tring TV" onid="926" tsid="1020" namespace="0x01860000" />
        <service id="0x02f8" sid="760" name="SPORT 7 HD" type="1" provider="Tring TV" onid="926" tsid="1020" namespace="0x01860000" />
        <service id="0x09ce" sid="2510" name="Tring Family HD" type="1" provider="Tring TV" onid="926" tsid="1020" namespace="0x01860000" />
        <service id="0x0a64" sid="2660" name="Tring History" type="1" provider="Tring TV" onid="926" tsid="1020" namespace="0x01860000" />
        <service id="0x06ae" sid="1710" name="Tring Original" type="1" provider="Tring" onid="926" tsid="1020" namespace="0x01860000" />
        <service id="0x04aa" sid="1194" name="Turkish Stories" type="1" provider="Tring TV" onid="926" tsid="1020" namespace="0x01860000" />
        <service id="0x056d" sid="1389" name="Love Radio" type="2" provider="Tring TV" onid="926" tsid="1020" namespace="0x01860000" radio="1" />
      </transponder>
    </satellite>
    <satellite key="01860000:0b11:039e" name="Sat-39E" namespace="0x01860000" position="39">
      <transponder key="01860000:0b11:039e" frequency="12309000" symbol_rate="30000000" polarization="H" fec="4" system="0" modulation="0">
        <service id="0x045d" sid="1117" name="24 Kitchen" type="31" provider="A1 BG" onid="926" tsid="2833" namespace="0x01860000" />
        <service id="0x044d" sid="1101" name="Agro TV" type="31" provider="A1 BG" onid="926" tsid="2833" namespace="0x01860000" />
        <service id="0x045e" sid="1118" name="AMC" type="31" provider="A1 BG" onid="926" tsid="2833" namespace="0x01860000" />
        <service id="0x01c5" sid="453" name="Auto Motor Sport HD" type="31" provider="A1 BG" onid="926" tsid="2833" namespace="0x01860000" />
        <service id="0x01d7" sid="471" name="Baby TV" type="31" provider="A1 BG" onid="926" tsid="2833" namespace="0x01860000" />
        <service id="0x01d8" sid="472" name="BBC News" type="31" provider="A1 BG" onid="926" tsid="2833" namespace="0x01860000" />
        <service id="0x047d" sid="1149" name="BG+" type="31" provider="A1 BG" onid="926" tsid="2833" namespace="0x01860000" />
        <service id="0x01cd" sid="461" name="Bloomberg" type="31" provider="A1 BG" onid="926" tsid="2833" namespace="0x01860000" />
        <service id="0x01d2" sid="466" name="Brazzers" type="31" provider="A1 BG" onid="926" tsid="2833" namespace="0x01860000" />
        <service id="0x01d9" sid="473" name="CARTOONITO" type="31" provider="A1 BG" onid="926" tsid="2833" namespace="0x01860000" />
        <service id="0x01cf" sid="463" name="City TV" type="31" provider="A1 BG" onid="926" tsid="2833" namespace="0x01860000" />
        <service id="0x01d1" sid="465" name="CNN" type="31" provider="A1 BG" onid="926" tsid="2833" namespace="0x01860000" />
        <service id="0x045f" sid="1119" name="Diema Sport 3 HD" type="31" provider="A1 BG" onid="926" tsid="2833" namespace="0x01860000" />
        <service id="0x044e" sid="1102" name="Disney Jr." type="31" provider="A1 BG" onid="926" tsid="2833" namespace="0x01860000" />
        <service id="0x01ce" sid="462" name="Dizi" type="31" provider="A1 BG" onid="926" tsid="2833" namespace="0x01860000" />
        <service id="0x047b" sid="1147" name="DSTV" type="31" provider="A1 BG" onid="926" tsid="2833" namespace="0x01860000" />
        <service id="0x01d3" sid="467" name="Erox" type="31" provider="A1 BG" onid="926" tsid="2833" namespace="0x01860000" />
        <service id="0x01c3" sid="451" name="EroXXX HD" type="31" provider="A1 BG" onid="926" tsid="2833" namespace="0x01860000" />
        <service id="0x01d4" sid="468" name="Euronews" type="31" provider="A1 BG" onid="926" tsid="2833" namespace="0x01860000" />
        <service id="0x047c" sid="1148" name="Folklor TV" type="31" provider="A1 BG" onid="926" tsid="2833" namespace="0x01860000" />
        <service id="0x044f" sid="1103" name="HBO 2 HD" type="31" provider="A1 BG" onid="926" tsid="2833" namespace="0x01860000" />
        <service id="0x047a" sid="1146" name="HBO 3 HD" type="31" provider="A1 BG" onid="926" tsid="2833" namespace="0x01860000" />
        <service id="0x01de" sid="478" name="HBO HD" type="31" provider="A1 BG" onid="926" tsid="2833" namespace="0x01860000" />
        <service id="0x01ca" sid="458" name="HGTV HD" type="31" provider="A1 BG" onid="926" tsid="2833" namespace="0x01860000" />
        <service id="0x01db" sid="475" name="Jim Jam" type="31" provider="A1 BG" onid="926" tsid="2833" namespace="0x01860000" />
        <service id="0x01d5" sid="469" name="Kids Stars/Muzika Live" type="31" provider="A1 BG" onid="926" tsid="2833" namespace="0x01860000" />
        <service id="0x046c" sid="1132" name="Magic TV" type="31" provider="A1 BG" onid="926" tsid="2833" namespace="0x01860000" />
        <service id="0x046b" sid="1131" name="Mezzo" type="31" provider="A1 BG" onid="926" tsid="2833" namespace="0x01860000" />
        <service id="0x01dd" sid="477" name="MovieStar" type="31" provider="A1 BG" onid="926" tsid="2833" namespace="0x01860000" />
        <service id="0x045c" sid="1116" name="Nat Geo Wild" type="31" provider="A1 BG" onid="926" tsid="2833" namespace="0x01860000" />
        <service id="0x045b" sid="1115" name="National Geographic" type="31" provider="A1 BG" onid="926" tsid="2833" namespace="0x01860000" />
        <service id="0x01dc" sid="476" name="Nick Jr." type="31" provider="A1 BG" onid="926" tsid="2833" namespace="0x01860000" />
        <service id="0x01c4" sid="452" name="NOSTALGIA" type="31" provider="A1 BG" onid="926" tsid="2833" namespace="0x01860000" />
        <service id="0x01c2" sid="450" name="Nova Sport HD" type="31" provider="A1 BG" onid="926" tsid="2833" namespace="0x01860000" />
        <service id="0x01cb" sid="459" name="RING.BG HD" type="31" provider="A1 BG" onid="926" tsid="2833" namespace="0x01860000" />
        <service id="0x01df" sid="479" name="Rodina TV" type="31" provider="A1 BG" onid="926" tsid="2833" namespace="0x01860000" />
        <service id="0x01da" sid="474" name="SKAT" type="31" provider="A1 BG" onid="926" tsid="2833" namespace="0x01860000" />
        <service id="0x01c8" sid="456" name="SKY Showtime 1 HD" type="31" provider="A1 BG" onid="926" tsid="2833" namespace="0x01860000" />
        <service id="0x01d0" sid="464" name="SKY Showtime 2 HD" type="31" provider="A1 BG" onid="926" tsid="2833" namespace="0x01860000" />
        <service id="0x01cc" sid="460" name="Soul&amp;Pepper HD" type="31" provider="A1 BG" onid="926" tsid="2833" namespace="0x01860000" />
        <service id="0x046a" sid="1130" name="TGCom24" type="31" provider="A1 BG" onid="926" tsid="2833" namespace="0x01860000" />
        <service id="0x01c6" sid="454" name="The World" type="31" provider="A1 BG" onid="926" tsid="2833" namespace="0x01860000" />
        <service id="0x01c7" sid="455" name="Travel TV" type="31" provider="A1 BG" onid="926" tsid="2833" namespace="0x01860000" />
        <service id="0x047f" sid="1151" name="TV 1" type="31" provider="A1 BG" onid="926" tsid="2833" namespace="0x01860000" />
        <service id="0x046d" sid="1133" name="Viasat Explore" type="31" provider="A1 BG" onid="926" tsid="2833" namespace="0x01860000" />
        <service id="0x045a" sid="1114" name="Viasat KINO" type="31" provider="A1 BG" onid="926" tsid="2833" namespace="0x01860000" />
        <service id="0x046f" sid="1135" name="Viasat Nature" type="31" provider="A1 BG" onid="926" tsid="2833" namespace="0x01860000" />
        <service id="0x01c9" sid="457" name="VTK" type="31" provider="A1 BG" onid="926" tsid="2833" namespace="0x01860000" />
        <service id="0x01d6" sid="470" name="Wness TV" type="31" provider="A1 BG" onid="926" tsid="2833" namespace="0x01860000" />
      </transponder>
    </satellite>
    <satellite key="01860000:145c:0005" name="Sat-39E" namespace="0x01860000" position="39">
      <transponder key="01860000:145c:0005" frequency="12601000" symbol_rate="19365000" polarization="V" fec="3" system="0" modulation="0">
        <service id="0x1db2" sid="7602" name="ACASA" type="1" provider="PROTV" onid="5" tsid="5212" namespace="0x01860000" />
        <service id="0x1db7" sid="7607" name="ACASA GOLD" type="1" provider="PROTV" onid="5" tsid="5212" namespace="0x01860000" />
        <service id="0x1db5" sid="7605" name="PRO ARENA" type="1" provider="PROTV" onid="5" tsid="5212" namespace="0x01860000" />
        <service id="0x1db4" sid="7604" name="PRO Cinema" type="1" provider="PROTV" onid="5" tsid="5212" namespace="0x01860000" />
        <service id="0x1db1" sid="7601" name="PRO TV" type="1" provider="PROTV" onid="5" tsid="5212" namespace="0x01860000" />
        <service id="0x1db3" sid="7603" name="PRO TV International" type="1" provider="PROTV" onid="5" tsid="5212" namespace="0x01860000" />
        <service id="0x1dba" sid="7610" name="TEST HD" type="1" provider="PROTV" onid="5" tsid="5212" namespace="0x01860000" />
        <service id="0x1db8" sid="7608" name="TEST HD 2" type="1" provider="Protv" onid="5" tsid="5212" namespace="0x01860000" />
      </transponder>
    </satellite>
    <satellite key="01860000:146c:00a7" name="Sat-39E" namespace="0x01860000" position="39">
      <transponder key="01860000:146c:00a7" frequency="12252000" symbol_rate="30000000" polarization="V" fec="3" system="0" modulation="0">
        <service id="0x02bd" sid="701" name="Antena 3 HD" type="25" provider="" onid="167" tsid="5228" namespace="0x01860000" />
        <service id="0x02be" sid="702" name="Antena Stars HD" type="25" provider="" onid="167" tsid="5228" namespace="0x01860000" />
        <service id="0x02bf" sid="703" name="B1 TV HD" type="25" provider="" onid="167" tsid="5228" namespace="0x01860000" />
        <service id="0x02c0" sid="704" name="Cinemaraton HD" type="25" provider="" onid="167" tsid="5228" namespace="0x01860000" />
        <service id="0x0067" sid="103" name="Discovery Channel HD" type="25" provider="" onid="167" tsid="5228" namespace="0x01860000" />
        <service id="0x025c" sid="604" name="Eurosport 1 HD" type="25" provider="" onid="167" tsid="5228" namespace="0x01860000" />
        <service id="0x02bc" sid="700" name="Eurosport 2 HD" type="25" provider="" onid="167" tsid="5228" namespace="0x01860000" />
        <service id="0x025d" sid="605" name="Investigation Discovery HD" type="25" provider="" onid="167" tsid="5228" namespace="0x01860000" />
        <service id="0x025e" sid="606" name="Motorvision HD" type="25" provider="" onid="167" tsid="5228" namespace="0x01860000" />
        <service id="0x02c1" sid="705" name="Prima Sport 3 HD" type="25" provider="" onid="167" tsid="5228" namespace="0x01860000" />
        <service id="0x206c" sid="8300" name="SSU" type="1" provider="" onid="167" tsid="5228" namespace="0x01860000" />
        <service id="0x081c" sid="2076" name="SSU CAM" type="1" provider="" onid="167" tsid="5228" namespace="0x01860000" />
        <service id="0x0068" sid="104" name="TLC HD" type="25" provider="" onid="167" tsid="5228" namespace="0x01860000" />
        <service id="0x02c5" sid="709" name="Trinitas TV HD" type="25" provider="" onid="167" tsid="5228" namespace="0x01860000" />
      </transponder>
    </satellite>
    <satellite key="01862cf7:0001:ffff" name="Sat-39E" namespace="0x01862cf7" position="39">
      <transponder key="01862cf7:0001:ffff" frequency="11511000" symbol_rate="4444000" polarization="H" fec="3" system="0" modulation="0">
        <service id="0x0001" sid="1" name="TANDBERG" type="1" provider="TANDBERG Television" onid="65535" tsid="1" namespace="0x01862cf7" />
      </transponder>
    </satellite>
    <satellite key="01862cfa:0000:0001" name="Sat-39E" namespace="0x01862cfa" position="39">
      <transponder key="01862cfa:0000:0001" frequency="11514000" symbol_rate="2141000" polarization="H" fec="4" system="0" modulation="0">
        <service id="0x0001" sid="1" name="Alsumaria TV" type="25" provider="Alsumaria TV" onid="1" tsid="0" namespace="0x01862cfa" />
      </transponder>
    </satellite>
    <satellite key="01862cfc:0000:0000" name="Sat-39E" namespace="0x01862cfc" position="39">
      <transponder key="01862cfc:0000:0000" frequency="11516000" symbol_rate="2000000" polarization="H" fec="4" system="0" modulation="0">
        <service id="0x0001" sid="1" name="11516H SID 0x01" type="1" provider="DVB-S2 8PSK 11516H 39.0Â°E" onid="0" tsid="0" namespace="0x01862cfc" />
      </transponder>
    </satellite>
    <satellite key="01862fef:0001:0001" name="Sat-39E" namespace="0x01862fef" position="39">
      <transponder key="01862fef:0001:0001" frequency="12271000" symbol_rate="30000000" polarization="H" fec="4" system="0" modulation="0">
        <service id="0x00cd" sid="205" name="Baby TV" type="22" provider="Bulsatcom" onid="1" tsid="1" namespace="0x01862fef" />
        <service id="0x009a" sid="154" name="BG+" type="22" provider="Bulsatcom" onid="1" tsid="1" namespace="0x01862fef" />
        <service id="0x00d1" sid="209" name="BNT 2" type="22" provider="Bulsatcom" onid="1" tsid="1" namespace="0x01862fef" />
        <service id="0x01fa" sid="506" name="bTV Cinema" type="22" provider="Bulsatcom" onid="1" tsid="1" namespace="0x01862fef" />
        <service id="0x01fb" sid="507" name="bTV Comedy" type="22" provider="Bulsatcom" onid="1" tsid="1" namespace="0x01862fef" />
        <service id="0x00c9" sid="201" name="bTV Story" type="22" provider="Bulsatcom" onid="1" tsid="1" namespace="0x01862fef" />
        <service id="0x01a3" sid="419" name="Cinestar Action&amp;Thriller" type="25" provider="Bulsatcom" onid="1" tsid="1" namespace="0x01862fef" />
        <service id="0x01a2" sid="418" name="Cinestar TV 1 HD" type="25" provider="Bulsatcom" onid="1" tsid="1" namespace="0x01862fef" />
        <service id="0x00ca" sid="202" name="City TV" type="22" provider="Bulsatcom" onid="1" tsid="1" namespace="0x01862fef" />
        <service id="0x00d0" sid="208" name="CNN" type="22" provider="Bulsatcom" onid="1" tsid="1" namespace="0x01862fef" />
        <service id="0x010b" sid="267" name="Crime &amp; Investigations" type="22" provider="Bulsatcom" onid="1" tsid="1" namespace="0x01862fef" />
        <service id="0x004e" sid="78" name="Da Vinci" type="22" provider="Bulsatcom" onid="1" tsid="1" namespace="0x01862fef" />
        <service id="0x046a" sid="1130" name="Diema" type="22" provider="Bulsatcom" onid="1" tsid="1" namespace="0x01862fef" />
        <service id="0x01fd" sid="509" name="Diema Family" type="22" provider="Bulsatcom" onid="1" tsid="1" namespace="0x01862fef" />
        <service id="0x03f8" sid="1016" name="Discovery Channel" type="22" provider="Bulsatcom" onid="1" tsid="1" namespace="0x01862fef" />
        <service id="0x00cb" sid="203" name="Disney Channel" type="22" provider="Bulsatcom" onid="1" tsid="1" namespace="0x01862fef" />
        <service id="0x00cf" sid="207" name="Disney Junior" type="22" provider="Bulsatcom" onid="1" tsid="1" namespace="0x01862fef" />
        <service id="0x023e" sid="574" name="DM Sat" type="22" provider="Bulsatcom" onid="1" tsid="1" namespace="0x01862fef" />
        <service id="0x01f6" sid="502" name="Eurosport 2" type="25" provider="Bulsatcom" onid="1" tsid="1" namespace="0x01862fef" />
        <service id="0x008c" sid="140" name="HGTV" type="22" provider="Bulsatcom" onid="1" tsid="1" namespace="0x01862fef" />
        <service id="0x020a" sid="522" name="Hustler TV" type="22" provider="Bulsatcom" onid="1" tsid="1" namespace="0x01862fef" />
        <service id="0x01fc" sid="508" name="ID Xtra" type="22" provider="Bulsatcom" onid="1" tsid="1" namespace="0x01862fef" />
        <service id="0x03f5" sid="1013" name="KinoNova" type="22" provider="Bulsatcom" onid="1" tsid="1" namespace="0x01862fef" />
        <service id="0x03f3" sid="1011" name="Nast. Vremya" type="22" provider="Bulsatcom" onid="1" tsid="1" namespace="0x01862fef" />
        <service id="0x00cc" sid="204" name="Nick Jr" type="22" provider="Bulsatcom" onid="1" tsid="1" namespace="0x01862fef" />
        <service id="0x00ce" sid="206" name="Nickelodeon" type="22" provider="Bulsatcom" onid="1" tsid="1" namespace="0x01862fef" />
        <service id="0x01f5" sid="501" name="Nova News" type="22" provider="Bulsatcom" onid="1" tsid="1" namespace="0x01862fef" />
        <service id="0x01f7" sid="503" name="Nova Sport" type="25" provider="Bulsatcom" onid="1" tsid="1" namespace="0x01862fef" />
        <service id="0x0091" sid="145" name="Private TV" type="22" provider="Bulsatcom" onid="1" tsid="1" namespace="0x01862fef" />
        <service id="0x01fe" sid="510" name="Star Channel" type="22" provider="Bulsatcom" onid="1" tsid="1" namespace="0x01862fef" />
        <service id="0x00c8" sid="200" name="Star Crime" type="22" provider="Bulsatcom" onid="1" tsid="1" namespace="0x01862fef" />
        <service id="0x01ff" sid="511" name="Star Life" type="22" provider="Bulsatcom" onid="1" tsid="1" namespace="0x01862fef" />
        <service id="0x01f9" sid="505" name="TLC" type="22" provider="Bulsatcom" onid="1" tsid="1" namespace="0x01862fef" />
        <service id="0x013f" sid="319" name="Travel Chanel" type="22" provider="Bulsatcom" onid="1" tsid="1" namespace="0x01862fef" />
        <service id="0x013c" sid="316" name="Travel TV" type="22" provider="Bulsatcom" onid="1" tsid="1" namespace="0x01862fef" />
        <service id="0x03f2" sid="1010" name="TV1" type="22" provider="Bulsatcom" onid="1" tsid="1" namespace="0x01862fef" />
        <service id="0x01f8" sid="504" name="Viasat Explorer" type="22" provider="Bulsatcom" onid="1" tsid="1" namespace="0x01862fef" />
        <service id="0x009c" sid="156" name="Viasat History" type="22" provider="Bulsatcom" onid="1" tsid="1" namespace="0x01862fef" />
        <service id="0x009d" sid="157" name="Viasat Nature" type="22" provider="Bulsatcom" onid="1" tsid="1" namespace="0x01862fef" />
      </transponder>
    </satellite>
    <satellite key="01863097:0001:ffff" name="Sat-39E" namespace="0x01863097" position="39">
      <transponder key="01863097:0001:ffff" frequency="12439000" symbol_rate="4444000" polarization="H" fec="3" system="0" modulation="0">
        <service id="0x0001" sid="1" name="TANDBERG" type="1" provider="TANDBERG Television" onid="65535" tsid="1" namespace="0x01863097" />
      </transponder>
    </satellite>
    <satellite key="0186ab83:00a0:0000" name="Sat-39E" namespace="0x0186ab83" position="39">
      <transponder key="0186ab83:00a0:0000" frequency="11139000" symbol_rate="1000000" polarization="V" fec="4" system="0" modulation="0">
        <service id="0x1c14" sid="7188" name="EQUtv" type="1" provider="EPIQA" onid="0" tsid="160" namespace="0x0186ab83" />
      </transponder>
    </satellite>
    <satellite key="0186acf1:0000:0000" name="Sat-39E" namespace="0x0186acf1" position="39">
      <transponder key="0186acf1:0000:0000" frequency="11505000" symbol_rate="3500000" polarization="V" fec="3" system="0" modulation="0">
        <service id="0x0a93" sid="2707" name="Alfa Fann" type="1" provider="" onid="0" tsid="0" namespace="0x0186acf1" />
      </transponder>
    </satellite>
    <satellite key="0186b09c:0000:0000" name="Sat-39E" namespace="0x0186b09c" position="39">
      <transponder key="0186b09c:0000:0000" frequency="12444000" symbol_rate="28333000" polarization="V" fec="3" system="0" modulation="0">
        <service id="0x002d" sid="45" name="LiveSports Channel" type="1" provider="" onid="0" tsid="0" namespace="0x0186b09c" />
        <service id="0x002c" sid="44" name="Racing Channel" type="1" provider="" onid="0" tsid="0" namespace="0x0186b09c" />
        <service id="0x0029" sid="41" name="Virtual Games1" type="1" provider="" onid="0" tsid="0" namespace="0x0186b09c" />
        <service id="0x002a" sid="42" name="Virtual Games2" type="1" provider="" onid="0" tsid="0" namespace="0x0186b09c" />
        <service id="0x006a" sid="106" name="Virtual Games3" type="1" provider="" onid="0" tsid="0" namespace="0x0186b09c" />
      </transponder>
    </satellite>
  </satellites>
</zapit>
