<?xml version='1.0' encoding='utf-8'?>
<zapit>
  <bouquet name="General" category="tv">
    <channel service_ref="1:0:1:0001:0000:0000:01cc2b57:0:0:0:" name="1 Arkhi" service_name="1 Arkhi" provider="Vector A.G" sid="1" onid="0" tsid="0" />
    <channel service_ref="1:0:1:0002:0000:0000:01cc2b57:0:0:0:" name="Ajara TV" service_name="Ajara TV" provider="Vector A.G" sid="2" onid="0" tsid="0" />
    <channel service_ref="1:0:1:0003:0001:0000:01ccab11:0:0:0:" name="ARB Gunes HD" service_name="ARB Gunes HD" provider="" sid="3" onid="0" tsid="1" />
    <channel service_ref="1:0:1:0001:0001:0000:01ccab11:0:0:0:" name="ARB HD" service_name="ARB HD" provider="" sid="1" onid="0" tsid="1" />
    <channel service_ref="1:0:1:0002:0001:0000:01ccab11:0:0:0:" name="ARB24 HD" service_name="ARB24 HD" provider="" sid="2" onid="0" tsid="1" />
    <channel service_ref="1:0:1:001a:0000:0000:01cc2b57:0:0:0:" name="Equalympic TV" service_name="Equalympic TV" provider="Vector A.G" sid="26" onid="0" tsid="0" />
    <channel service_ref="1:0:1:0004:0000:0000:01cc2b57:0:0:0:" name="GDS TV" service_name="GDS TV" provider="Vector A.G" sid="4" onid="0" tsid="0" />
    <channel service_ref="1:0:1:0003:0000:0000:01cc2b57:0:0:0:" name="Imedi TV" service_name="Imedi TV" provider="Vector A.G" sid="3" onid="0" tsid="0" />
    <channel service_ref="1:0:1:000d:0000:0000:01cc2b57:0:0:0:" name="Inrating TV" service_name="Inrating TV" provider="Vector A.G" sid="13" onid="0" tsid="0" />
    <channel service_ref="1:0:1:001b:0000:0000:01cc2b57:0:0:0:" name="Islandia_TV" service_name="Islandia_TV" provider="Vector A.G" sid="27" onid="0" tsid="0" />
    <channel service_ref="1:0:1:0004:0001:0000:01ccab11:0:0:0:" name="Kanal S" service_name="Kanal S" provider="" sid="4" onid="0" tsid="1" />
    <channel service_ref="1:0:1:0005:0000:0000:01cc2b57:0:0:0:" name="Maestro" service_name="Maestro" provider="Vector A.G" sid="5" onid="0" tsid="0" />
    <channel service_ref="1:0:1:0012:0000:0000:01cc2b57:0:0:0:" name="Marao" service_name="Marao" provider="Vector A.G" sid="18" onid="0" tsid="0" />
    <channel service_ref="1:0:1:0007:0000:0000:01cc2b57:0:0:0:" name="Mtavari Arkhi" service_name="Mtavari Arkhi" provider="Vector A.G" sid="7" onid="0" tsid="0" />
    <channel service_ref="1:0:1:0008:0000:0000:01cc2b57:0:0:0:" name="Obieqtivi" service_name="Obieqtivi" provider="Vector A.G" sid="8" onid="0" tsid="0" />
    <channel service_ref="1:0:1:000c:0000:0000:01cc2b57:0:0:0:" name="Pravda TUT" service_name="Pravda TUT" provider="Vector A.G" sid="12" onid="0" tsid="0" />
    <channel service_ref="1:0:1:001c:0000:0000:01cc2b57:0:0:0:" name="Promo" service_name="Promo" provider="Vector A.G" sid="28" onid="0" tsid="0" />
    <channel service_ref="1:0:1:000f:0000:0000:01cc2b57:0:0:0:" name="Topaz 1" service_name="Topaz 1" provider="Vector A.G" sid="15" onid="0" tsid="0" />
    <channel service_ref="1:0:1:0013:0000:0000:01cc2b57:0:0:0:" name="Topaz_2" service_name="Topaz_2" provider="Vector A.G" sid="19" onid="0" tsid="0" />
    <channel service_ref="1:0:1:000a:0000:0000:01cc2b57:0:0:0:" name="TRT Haber" service_name="TRT Haber" provider="Vector A.G" sid="10" onid="0" tsid="0" />
    <channel service_ref="1:0:1:0006:0000:0000:01cc2b57:0:0:0:" name="TV Pirveli" service_name="TV Pirveli" provider="Vector A.G" sid="6" onid="0" tsid="0" />
    <channel service_ref="1:0:1:0009:0000:0000:01cc2b57:0:0:0:" name="TV25" service_name="TV25" provider="Vector A.G" sid="9" onid="0" tsid="0" />
    <channel service_ref="1:0:1:000b:0000:0000:01cc2b57:0:0:0:" name="Yuvelirochka TV" service_name="Yuvelirochka TV" provider="Vector A.G" sid="11" onid="0" tsid="0" />
  </bouquet>
  <bouquet name="Switzerland" category="tv">
    <channel service_ref="1:0:1:0009:0000:0000:01cc2b57:0:0:0:" name="TV25" service_name="TV25" provider="Vector A.G" sid="9" onid="0" tsid="0" />
  </bouquet>
  <bouquet name="Resolution - HD" category="tv">
    <channel service_ref="1:0:1:0003:0001:0000:01ccab11:0:0:0:" name="ARB Gunes HD" service_name="ARB Gunes HD" provider="" sid="3" onid="0" tsid="1" />
    <channel service_ref="1:0:1:0001:0001:0000:01ccab11:0:0:0:" name="ARB HD" service_name="ARB HD" provider="" sid="1" onid="0" tsid="1" />
    <channel service_ref="1:0:1:0002:0001:0000:01ccab11:0:0:0:" name="ARB24 HD" service_name="ARB24 HD" provider="" sid="2" onid="0" tsid="1" />
  </bouquet>
  <bouquet name="Others" category="tv">
    <channel service_ref="1:0:1:0001:0000:0000:01cc2b57:0:0:0:" name="1 Arkhi" service_name="1 Arkhi" provider="Vector A.G" sid="1" onid="0" tsid="0" />
    <channel service_ref="1:0:1:0002:0000:0000:01cc2b57:0:0:0:" name="Ajara TV" service_name="Ajara TV" provider="Vector A.G" sid="2" onid="0" tsid="0" />
    <channel service_ref="1:0:1:0003:0001:0000:01ccab11:0:0:0:" name="ARB Gunes HD" service_name="ARB Gunes HD" provider="" sid="3" onid="0" tsid="1" />
    <channel service_ref="1:0:1:0001:0001:0000:01ccab11:0:0:0:" name="ARB HD" service_name="ARB HD" provider="" sid="1" onid="0" tsid="1" />
    <channel service_ref="1:0:1:0002:0001:0000:01ccab11:0:0:0:" name="ARB24 HD" service_name="ARB24 HD" provider="" sid="2" onid="0" tsid="1" />
    <channel service_ref="1:0:1:001a:0000:0000:01cc2b57:0:0:0:" name="Equalympic TV" service_name="Equalympic TV" provider="Vector A.G" sid="26" onid="0" tsid="0" />
    <channel service_ref="1:0:1:0004:0000:0000:01cc2b57:0:0:0:" name="GDS TV" service_name="GDS TV" provider="Vector A.G" sid="4" onid="0" tsid="0" />
    <channel service_ref="1:0:1:0003:0000:0000:01cc2b57:0:0:0:" name="Imedi TV" service_name="Imedi TV" provider="Vector A.G" sid="3" onid="0" tsid="0" />
    <channel service_ref="1:0:1:000d:0000:0000:01cc2b57:0:0:0:" name="Inrating TV" service_name="Inrating TV" provider="Vector A.G" sid="13" onid="0" tsid="0" />
    <channel service_ref="1:0:1:001b:0000:0000:01cc2b57:0:0:0:" name="Islandia_TV" service_name="Islandia_TV" provider="Vector A.G" sid="27" onid="0" tsid="0" />
    <channel service_ref="1:0:1:0004:0001:0000:01ccab11:0:0:0:" name="Kanal S" service_name="Kanal S" provider="" sid="4" onid="0" tsid="1" />
    <channel service_ref="1:0:1:0005:0000:0000:01cc2b57:0:0:0:" name="Maestro" service_name="Maestro" provider="Vector A.G" sid="5" onid="0" tsid="0" />
    <channel service_ref="1:0:1:0012:0000:0000:01cc2b57:0:0:0:" name="Marao" service_name="Marao" provider="Vector A.G" sid="18" onid="0" tsid="0" />
    <channel service_ref="1:0:1:0007:0000:0000:01cc2b57:0:0:0:" name="Mtavari Arkhi" service_name="Mtavari Arkhi" provider="Vector A.G" sid="7" onid="0" tsid="0" />
    <channel service_ref="1:0:1:0008:0000:0000:01cc2b57:0:0:0:" name="Obieqtivi" service_name="Obieqtivi" provider="Vector A.G" sid="8" onid="0" tsid="0" />
    <channel service_ref="1:0:1:000c:0000:0000:01cc2b57:0:0:0:" name="Pravda TUT" service_name="Pravda TUT" provider="Vector A.G" sid="12" onid="0" tsid="0" />
    <channel service_ref="1:0:1:001c:0000:0000:01cc2b57:0:0:0:" name="Promo" service_name="Promo" provider="Vector A.G" sid="28" onid="0" tsid="0" />
    <channel service_ref="1:0:1:000f:0000:0000:01cc2b57:0:0:0:" name="Topaz 1" service_name="Topaz 1" provider="Vector A.G" sid="15" onid="0" tsid="0" />
    <channel service_ref="1:0:1:0013:0000:0000:01cc2b57:0:0:0:" name="Topaz_2" service_name="Topaz_2" provider="Vector A.G" sid="19" onid="0" tsid="0" />
    <channel service_ref="1:0:1:000a:0000:0000:01cc2b57:0:0:0:" name="TRT Haber" service_name="TRT Haber" provider="Vector A.G" sid="10" onid="0" tsid="0" />
    <channel service_ref="1:0:1:0006:0000:0000:01cc2b57:0:0:0:" name="TV Pirveli" service_name="TV Pirveli" provider="Vector A.G" sid="6" onid="0" tsid="0" />
    <channel service_ref="1:0:1:000b:0000:0000:01cc2b57:0:0:0:" name="Yuvelirochka TV" service_name="Yuvelirochka TV" provider="Vector A.G" sid="11" onid="0" tsid="0" />
  </bouquet>
  <bouquet name="Radio" category="radio">
    <channel service_ref="1:0:2:0005:0001:0000:01ccab11:0:0:0:" name="Kepez_FM" service_name="Kepez_FM" provider="" sid="5" onid="0" tsid="1" />
    <channel service_ref="1:0:2:000e:0000:0000:01cc2b57:0:0:0:" name="radio 1Arkhi Muz" service_name="radio 1Arkhi Muz" provider="Vector A.G" sid="14" onid="0" tsid="0" />
    <channel service_ref="1:0:2:001d:0000:0000:01cc2b57:0:0:0:" name="radio Imedi" service_name="radio Imedi" provider="Vector A.G" sid="29" onid="0" tsid="0" />
    <channel service_ref="1:0:2:001e:0000:0000:01cc2b57:0:0:0:" name="radio Iveria" service_name="radio Iveria" provider="Vector A.G" sid="30" onid="0" tsid="0" />
    <channel service_ref="1:0:2:001f:0000:0000:01cc2b57:0:0:0:" name="radio Saz.Mau." service_name="radio Saz.Mau." provider="Vector A.G" sid="31" onid="0" tsid="0" />
  </bouquet>
  <bouquet name="Radio - Music" category="radio">
    <channel service_ref="1:0:2:0005:0001:0000:01ccab11:0:0:0:" name="Kepez_FM" service_name="Kepez_FM" provider="" sid="5" onid="0" tsid="1" />
  </bouquet>
</zapit>
