<?xml version='1.0' encoding='utf-8'?>
<zapit>
  <bouquet name="General" category="tv">
    <channel service_ref="1:0:1:012d:1002:217c:eeee0000:0:0:0:" name="6 Rete1 Regione" service_name="6 Rete1 Regione" provider="Beacom" sid="301" onid="8572" tsid="4098" />
    <channel service_ref="1:0:1:0053:1002:217c:eeee0000:0:0:0:" name="AA2TV" service_name="AA2TV" provider="Beacom" sid="83" onid="8572" tsid="4098" />
    <channel service_ref="1:0:1:012f:1002:217c:eeee0000:0:0:0:" name="AITV Sport" service_name="AITV Sport" provider="Beacom" sid="303" onid="8572" tsid="4098" />
    <channel service_ref="1:0:1:00bc:1002:217c:eeee0000:0:0:0:" name="Amica Market" service_name="Amica Market" provider="Beacom" sid="188" onid="8572" tsid="4098" />
    <channel service_ref="1:0:1:0052:1002:217c:eeee0000:0:0:0:" name="Amica Market Lombardia" service_name="Amica Market Lombardia" provider="Beacom" sid="82" onid="8572" tsid="4098" />
    <channel service_ref="1:0:1:002b:1002:217c:eeee0000:0:0:0:" name="Cafe24" service_name="Cafe24" provider="Cafe24" sid="43" onid="8572" tsid="4098" />
    <channel service_ref="1:0:1:0079:1002:217c:eeee0000:0:0:0:" name="ECOLOGICA" service_name="ECOLOGICA" provider="Beacom" sid="121" onid="8572" tsid="4098" />
    <channel service_ref="1:0:1:002c:1002:217c:eeee0000:0:0:0:" name="IL GRANDE PIEMONTE - Sesta Rete 2" service_name="IL GRANDE PIEMONTE - Sesta Rete 2" provider="Beacom" sid="44" onid="8572" tsid="4098" />
    <channel service_ref="1:0:1:006a:1002:217c:eeee0000:0:0:0:" name="Italia Network Television" service_name="Italia Network Television" provider="Italia Network Television" sid="106" onid="8572" tsid="4098" />
    <channel service_ref="1:0:1:0059:1002:217c:eeee0000:0:0:0:" name="Malpensa TV" service_name="Malpensa TV" provider="Beacom" sid="89" onid="8572" tsid="4098" />
    <channel service_ref="1:0:1:00a8:1002:217c:eeee0000:0:0:0:" name="Onda Novara Tv" service_name="Onda Novara Tv" provider="As.ne RadioTV in onda per Novara" sid="168" onid="8572" tsid="4098" />
    <channel service_ref="1:0:1:033b:1002:217c:eeee0000:0:0:0:" name="Parole di Vita" service_name="Parole di Vita" provider="Beacom" sid="827" onid="8572" tsid="4098" />
    <channel service_ref="1:0:1:005b:1002:217c:eeee0000:0:0:0:" name="Radio 4 You" service_name="Radio 4 You" provider="Music Styling" sid="91" onid="8572" tsid="4098" />
    <channel service_ref="1:0:1:0068:1002:217c:eeee0000:0:0:0:" name="Radio Musica TV" service_name="Radio Musica TV" provider="Radio Musica TV" sid="104" onid="8572" tsid="4098" />
    <channel service_ref="1:0:1:03de:1002:217c:eeee0000:0:0:0:" name="Radio POPIZZ-TV" service_name="Radio POPIZZ-TV" provider="RADIO POPIZZ" sid="990" onid="8572" tsid="4098" />
    <channel service_ref="1:0:1:0057:1002:217c:eeee0000:0:0:0:" name="Radio Popolare TV" service_name="Radio Popolare TV" provider="Music Styling" sid="87" onid="8572" tsid="4098" />
    <channel service_ref="1:0:1:005f:1002:217c:eeee0000:0:0:0:" name="RDS Social TV" service_name="RDS Social TV" provider="Beacom" sid="95" onid="8572" tsid="4098" />
    <channel service_ref="1:0:1:012c:1002:217c:eeee0000:0:0:0:" name="Risparmione channel" service_name="Risparmione channel" provider="Beacom" sid="300" onid="8572" tsid="4098" />
    <channel service_ref="1:0:1:0029:1002:217c:eeee0000:0:0:0:" name="Sestarete" service_name="Sestarete" provider="Beacom" sid="41" onid="8572" tsid="4098" />
    <channel service_ref="1:0:1:010c:1002:217c:eeee0000:0:0:0:" name="Super Six" service_name="Super Six" provider="Beacom" sid="268" onid="8572" tsid="4098" />
    <channel service_ref="1:0:1:0056:1002:217c:eeee0000:0:0:0:" name="Super Six Tele Alto Veneto 3" service_name="Super Six Tele Alto Veneto 3" provider="Beacom" sid="86" onid="8572" tsid="4098" />
    <channel service_ref="1:0:1:0054:1002:217c:eeee0000:0:0:0:" name="Telealtoveneto2" service_name="Telealtoveneto2" provider="Beacom" sid="84" onid="8572" tsid="4098" />
    <channel service_ref="1:0:1:0070:1002:217c:eeee0000:0:0:0:" name="TVRTI" service_name="TVRTI" provider="Radio Torino Internazionale" sid="112" onid="8572" tsid="4098" />
  </bouquet>
  <bouquet name="Sports" category="tv">
    <channel service_ref="1:0:1:012f:1002:217c:eeee0000:0:0:0:" name="AITV Sport" service_name="AITV Sport" provider="Beacom" sid="303" onid="8572" tsid="4098" />
  </bouquet>
  <bouquet name="Music" category="tv">
    <channel service_ref="1:0:1:005b:1002:217c:eeee0000:0:0:0:" name="Radio 4 You" service_name="Radio 4 You" provider="Music Styling" sid="91" onid="8572" tsid="4098" />
    <channel service_ref="1:0:1:0068:1002:217c:eeee0000:0:0:0:" name="Radio Musica TV" service_name="Radio Musica TV" provider="Radio Musica TV" sid="104" onid="8572" tsid="4098" />
    <channel service_ref="1:0:1:0057:1002:217c:eeee0000:0:0:0:" name="Radio Popolare TV" service_name="Radio Popolare TV" provider="Music Styling" sid="87" onid="8572" tsid="4098" />
  </bouquet>
  <bouquet name="ARD/ZDF" category="tv">
    <channel service_ref="1:0:1:0052:1002:217c:eeee0000:0:0:0:" name="Amica Market Lombardia" service_name="Amica Market Lombardia" provider="Beacom" sid="82" onid="8572" tsid="4098" />
  </bouquet>
  <bouquet name="RAI" category="tv">
    <channel service_ref="1:0:1:006a:1002:217c:eeee0000:0:0:0:" name="Italia Network Television" service_name="Italia Network Television" provider="Italia Network Television" sid="106" onid="8572" tsid="4098" />
  </bouquet>
  <bouquet name="Switzerland" category="tv">
    <channel service_ref="1:0:1:0056:1002:217c:eeee0000:0:0:0:" name="Super Six Tele Alto Veneto 3" service_name="Super Six Tele Alto Veneto 3" provider="Beacom" sid="86" onid="8572" tsid="4098" />
    <channel service_ref="1:0:1:0054:1002:217c:eeee0000:0:0:0:" name="Telealtoveneto2" service_name="Telealtoveneto2" provider="Beacom" sid="84" onid="8572" tsid="4098" />
  </bouquet>
  <bouquet name="International" category="tv">
    <channel service_ref="1:0:1:00a8:1002:217c:eeee0000:0:0:0:" name="Onda Novara Tv" service_name="Onda Novara Tv" provider="As.ne RadioTV in onda per Novara" sid="168" onid="8572" tsid="4098" />
  </bouquet>
  <bouquet name="Others" category="tv">
    <channel service_ref="1:0:1:012d:1002:217c:eeee0000:0:0:0:" name="6 Rete1 Regione" service_name="6 Rete1 Regione" provider="Beacom" sid="301" onid="8572" tsid="4098" />
    <channel service_ref="1:0:1:0053:1002:217c:eeee0000:0:0:0:" name="AA2TV" service_name="AA2TV" provider="Beacom" sid="83" onid="8572" tsid="4098" />
    <channel service_ref="1:0:1:00bc:1002:217c:eeee0000:0:0:0:" name="Amica Market" service_name="Amica Market" provider="Beacom" sid="188" onid="8572" tsid="4098" />
    <channel service_ref="1:0:1:002b:1002:217c:eeee0000:0:0:0:" name="Cafe24" service_name="Cafe24" provider="Cafe24" sid="43" onid="8572" tsid="4098" />
    <channel service_ref="1:0:1:0079:1002:217c:eeee0000:0:0:0:" name="ECOLOGICA" service_name="ECOLOGICA" provider="Beacom" sid="121" onid="8572" tsid="4098" />
    <channel service_ref="1:0:1:002c:1002:217c:eeee0000:0:0:0:" name="IL GRANDE PIEMONTE - Sesta Rete 2" service_name="IL GRANDE PIEMONTE - Sesta Rete 2" provider="Beacom" sid="44" onid="8572" tsid="4098" />
    <channel service_ref="1:0:1:0059:1002:217c:eeee0000:0:0:0:" name="Malpensa TV" service_name="Malpensa TV" provider="Beacom" sid="89" onid="8572" tsid="4098" />
    <channel service_ref="1:0:1:033b:1002:217c:eeee0000:0:0:0:" name="Parole di Vita" service_name="Parole di Vita" provider="Beacom" sid="827" onid="8572" tsid="4098" />
    <channel service_ref="1:0:1:03de:1002:217c:eeee0000:0:0:0:" name="Radio POPIZZ-TV" service_name="Radio POPIZZ-TV" provider="RADIO POPIZZ" sid="990" onid="8572" tsid="4098" />
    <channel service_ref="1:0:1:005f:1002:217c:eeee0000:0:0:0:" name="RDS Social TV" service_name="RDS Social TV" provider="Beacom" sid="95" onid="8572" tsid="4098" />
    <channel service_ref="1:0:1:012c:1002:217c:eeee0000:0:0:0:" name="Risparmione channel" service_name="Risparmione channel" provider="Beacom" sid="300" onid="8572" tsid="4098" />
    <channel service_ref="1:0:1:0029:1002:217c:eeee0000:0:0:0:" name="Sestarete" service_name="Sestarete" provider="Beacom" sid="41" onid="8572" tsid="4098" />
    <channel service_ref="1:0:1:010c:1002:217c:eeee0000:0:0:0:" name="Super Six" service_name="Super Six" provider="Beacom" sid="268" onid="8572" tsid="4098" />
    <channel service_ref="1:0:1:0070:1002:217c:eeee0000:0:0:0:" name="TVRTI" service_name="TVRTI" provider="Radio Torino Internazionale" sid="112" onid="8572" tsid="4098" />
  </bouquet>
  <bouquet name="Radio" category="radio">
    <channel service_ref="1:0:2:02bd:1002:217c:eeee0000:0:0:0:" name="Radio Cafe" service_name="Radio Cafe" provider="Cafe24" sid="701" onid="8572" tsid="4098" />
  </bouquet>
  <bouquet name="Digitale Terrestre" category="tv">
    <channel service_ref="1:0:1:12d:1002:217c:eeee0000:0:0:0:" name="6 Rete1 Regione" service_name="6 Rete1 Regione" provider="Beacom" sid="301" onid="8572" tsid="4098" />
    <channel service_ref="1:0:1:12f:1002:217c:eeee0000:0:0:0:" name="AITV Sport" service_name="AITV Sport" provider="Beacom" sid="303" onid="8572" tsid="4098" />
    <channel service_ref="1:0:1:bc:1002:217c:eeee0000:0:0:0:" name="Amica Market" service_name="Amica Market" provider="Beacom" sid="188" onid="8572" tsid="4098" />
    <channel service_ref="1:0:1:68:1002:217c:eeee0000:0:0:0:" name="Radio Musica TV" service_name="Radio Musica TV" provider="Radio Musica TV" sid="104" onid="8572" tsid="4098" />
    <channel service_ref="1:0:1:33b:1002:217c:eeee0000:0:0:0:" name="Parole di Vita" service_name="Parole di Vita" provider="Beacom" sid="827" onid="8572" tsid="4098" />
    <channel service_ref="1:0:1:5b:1002:217c:eeee0000:0:0:0:" name="Radio 4 You" service_name="Radio 4 You" provider="Music Styling" sid="91" onid="8572" tsid="4098" />
    <channel service_ref="1:0:1:3de:1002:217c:eeee0000:0:0:0:" name="Radio POPIZZ-TV" service_name="Radio POPIZZ-TV" provider="RADIO POPIZZ" sid="990" onid="8572" tsid="4098" />
    <channel service_ref="1:0:1:5f:1002:217c:eeee0000:0:0:0:" name="RDS Social TV" service_name="RDS Social TV" provider="Beacom" sid="95" onid="8572" tsid="4098" />
    <channel service_ref="1:0:1:12c:1002:217c:eeee0000:0:0:0:" name="Risparmione channel" service_name="Risparmione channel" provider="Beacom" sid="300" onid="8572" tsid="4098" />
  </bouquet>
  <bouquet name="Digitale Terrestre" category="tv">
    <channel service_ref="1:0:1:12d:1002:217c:eeee0000:0:0:0:" name="6 Rete1 Regione" service_name="6 Rete1 Regione" provider="Beacom" sid="301" onid="8572" tsid="4098" />
    <channel service_ref="1:0:1:12f:1002:217c:eeee0000:0:0:0:" name="AITV Sport" service_name="AITV Sport" provider="Beacom" sid="303" onid="8572" tsid="4098" />
    <channel service_ref="1:0:1:bc:1002:217c:eeee0000:0:0:0:" name="Amica Market" service_name="Amica Market" provider="Beacom" sid="188" onid="8572" tsid="4098" />
    <channel service_ref="1:0:1:68:1002:217c:eeee0000:0:0:0:" name="Radio Musica TV" service_name="Radio Musica TV" provider="Radio Musica TV" sid="104" onid="8572" tsid="4098" />
    <channel service_ref="1:0:1:33b:1002:217c:eeee0000:0:0:0:" name="Parole di Vita" service_name="Parole di Vita" provider="Beacom" sid="827" onid="8572" tsid="4098" />
    <channel service_ref="1:0:1:5b:1002:217c:eeee0000:0:0:0:" name="Radio 4 You" service_name="Radio 4 You" provider="Music Styling" sid="91" onid="8572" tsid="4098" />
    <channel service_ref="1:0:1:3de:1002:217c:eeee0000:0:0:0:" name="Radio POPIZZ-TV" service_name="Radio POPIZZ-TV" provider="RADIO POPIZZ" sid="990" onid="8572" tsid="4098" />
    <channel service_ref="1:0:1:5f:1002:217c:eeee0000:0:0:0:" name="RDS Social TV" service_name="RDS Social TV" provider="Beacom" sid="95" onid="8572" tsid="4098" />
    <channel service_ref="1:0:1:12c:1002:217c:eeee0000:0:0:0:" name="Risparmione channel" service_name="Risparmione channel" provider="Beacom" sid="300" onid="8572" tsid="4098" />
  </bouquet>
  <bouquet name="Digitale Terrestre                         by Gerry" category="tv">
    <channel service_ref="1:0:1:12d:1002:217c:eeee0000:0:0:0:" name="6 Rete1 Regione" service_name="6 Rete1 Regione" provider="Beacom" sid="301" onid="8572" tsid="4098" />
    <channel service_ref="1:0:1:68:1002:217c:eeee0000:0:0:0:" name="Radio Musica TV" service_name="Radio Musica TV" provider="Radio Musica TV" sid="104" onid="8572" tsid="4098" />
    <channel service_ref="1:0:1:bc:1002:217c:eeee0000:0:0:0:" name="Amica Market" service_name="Amica Market" provider="Beacom" sid="188" onid="8572" tsid="4098" />
    <channel service_ref="1:0:1:12f:1002:217c:eeee0000:0:0:0:" name="AITV Sport" service_name="AITV Sport" provider="Beacom" sid="303" onid="8572" tsid="4098" />
    <channel service_ref="1:0:1:33b:1002:217c:eeee0000:0:0:0:" name="Parole di Vita" service_name="Parole di Vita" provider="Beacom" sid="827" onid="8572" tsid="4098" />
    <channel service_ref="1:0:1:5f:1002:217c:eeee0000:0:0:0:" name="RDS Social TV" service_name="RDS Social TV" provider="Beacom" sid="95" onid="8572" tsid="4098" />
    <channel service_ref="1:0:1:5b:1002:217c:eeee0000:0:0:0:" name="Radio 4 You" service_name="Radio 4 You" provider="Music Styling" sid="91" onid="8572" tsid="4098" />
    <channel service_ref="1:0:1:3de:1002:217c:eeee0000:0:0:0:" name="Radio POPIZZ-TV" service_name="Radio POPIZZ-TV" provider="RADIO POPIZZ" sid="990" onid="8572" tsid="4098" />
  </bouquet>
  <bouquet name="Digitale Terrestre                  by Gerry" category="tv">
    <channel service_ref="1:0:1:12d:1002:217c:eeee0000:0:0:0:" name="6 Rete1 Regione" service_name="6 Rete1 Regione" provider="Beacom" sid="301" onid="8572" tsid="4098" />
    <channel service_ref="1:0:1:12f:1002:217c:eeee0000:0:0:0:" name="AITV Sport" service_name="AITV Sport" provider="Beacom" sid="303" onid="8572" tsid="4098" />
    <channel service_ref="1:0:1:bc:1002:217c:eeee0000:0:0:0:" name="Amica Market" service_name="Amica Market" provider="Beacom" sid="188" onid="8572" tsid="4098" />
    <channel service_ref="1:0:1:68:1002:217c:eeee0000:0:0:0:" name="Radio Musica TV" service_name="Radio Musica TV" provider="Radio Musica TV" sid="104" onid="8572" tsid="4098" />
    <channel service_ref="1:0:1:33b:1002:217c:eeee0000:0:0:0:" name="Parole di Vita" service_name="Parole di Vita" provider="Beacom" sid="827" onid="8572" tsid="4098" />
    <channel service_ref="1:0:1:5b:1002:217c:eeee0000:0:0:0:" name="Radio 4 You" service_name="Radio 4 You" provider="Music Styling" sid="91" onid="8572" tsid="4098" />
    <channel service_ref="1:0:1:3de:1002:217c:eeee0000:0:0:0:" name="Radio POPIZZ-TV" service_name="Radio POPIZZ-TV" provider="RADIO POPIZZ" sid="990" onid="8572" tsid="4098" />
    <channel service_ref="1:0:1:5f:1002:217c:eeee0000:0:0:0:" name="RDS Social TV" service_name="RDS Social TV" provider="Beacom" sid="95" onid="8572" tsid="4098" />
    <channel service_ref="1:0:1:12c:1002:217c:eeee0000:0:0:0:" name="Risparmione channel" service_name="Risparmione channel" provider="Beacom" sid="300" onid="8572" tsid="4098" />
  </bouquet>
  <bouquet name="Digitale Terrestre                  By Gerry" category="tv">
    <channel service_ref="1:0:1:12d:1002:217c:eeee0000:0:0:0:" name="6 Rete1 Regione" service_name="6 Rete1 Regione" provider="Beacom" sid="301" onid="8572" tsid="4098" />
    <channel service_ref="1:0:1:12f:1002:217c:eeee0000:0:0:0:" name="AITV Sport" service_name="AITV Sport" provider="Beacom" sid="303" onid="8572" tsid="4098" />
    <channel service_ref="1:0:1:bc:1002:217c:eeee0000:0:0:0:" name="Amica Market" service_name="Amica Market" provider="Beacom" sid="188" onid="8572" tsid="4098" />
    <channel service_ref="1:0:1:68:1002:217c:eeee0000:0:0:0:" name="Radio Musica TV" service_name="Radio Musica TV" provider="Radio Musica TV" sid="104" onid="8572" tsid="4098" />
    <channel service_ref="1:0:1:33b:1002:217c:eeee0000:0:0:0:" name="Parole di Vita" service_name="Parole di Vita" provider="Beacom" sid="827" onid="8572" tsid="4098" />
    <channel service_ref="1:0:1:5b:1002:217c:eeee0000:0:0:0:" name="Radio 4 You" service_name="Radio 4 You" provider="Music Styling" sid="91" onid="8572" tsid="4098" />
    <channel service_ref="1:0:1:3de:1002:217c:eeee0000:0:0:0:" name="Radio POPIZZ-TV" service_name="Radio POPIZZ-TV" provider="RADIO POPIZZ" sid="990" onid="8572" tsid="4098" />
    <channel service_ref="1:0:1:5f:1002:217c:eeee0000:0:0:0:" name="RDS Social TV" service_name="RDS Social TV" provider="Beacom" sid="95" onid="8572" tsid="4098" />
    <channel service_ref="1:0:1:12c:1002:217c:eeee0000:0:0:0:" name="Risparmione channel" service_name="Risparmione channel" provider="Beacom" sid="300" onid="8572" tsid="4098" />
  </bouquet>
  <bouquet name="Digitale Terrestre             by Gerry" category="tv">
    <channel service_ref="1:0:1:68:1002:217c:eeee0000:0:0:0:" name="Radio Musica TV" service_name="Radio Musica TV" provider="Radio Musica TV" sid="104" onid="8572" tsid="4098" />
    <channel service_ref="1:0:1:12d:1002:217c:eeee0000:0:0:0:" name="6 Rete1 Regione" service_name="6 Rete1 Regione" provider="Beacom" sid="301" onid="8572" tsid="4098" />
    <channel service_ref="1:0:1:5b:1002:217c:eeee0000:0:0:0:" name="Radio 4 You" service_name="Radio 4 You" provider="Music Styling" sid="91" onid="8572" tsid="4098" />
    <channel service_ref="1:0:1:5f:1002:217c:eeee0000:0:0:0:" name="RDS Social TV" service_name="RDS Social TV" provider="Beacom" sid="95" onid="8572" tsid="4098" />
    <channel service_ref="1:0:1:bc:1002:217c:eeee0000:0:0:0:" name="Amica Market" service_name="Amica Market" provider="Beacom" sid="188" onid="8572" tsid="4098" />
    <channel service_ref="1:0:1:12c:1002:217c:eeee0000:0:0:0:" name="Risparmione channel" service_name="Risparmione channel" provider="Beacom" sid="300" onid="8572" tsid="4098" />
    <channel service_ref="1:0:1:12f:1002:217c:eeee0000:0:0:0:" name="AITV Sport" service_name="AITV Sport" provider="Beacom" sid="303" onid="8572" tsid="4098" />
    <channel service_ref="1:0:1:33b:1002:217c:eeee0000:0:0:0:" name="Parole di Vita" service_name="Parole di Vita" provider="Beacom" sid="827" onid="8572" tsid="4098" />
    <channel service_ref="1:0:1:3de:1002:217c:eeee0000:0:0:0:" name="Radio POPIZZ-TV" service_name="Radio POPIZZ-TV" provider="RADIO POPIZZ" sid="990" onid="8572" tsid="4098" />
  </bouquet>
</zapit>
