<?xml version='1.0' encoding='utf-8'?>
<zapit>
  <bouquet name="General" category="tv">
    <channel service_ref="1:0:1:090a:c5a8:007e:00460000:0:0:0:" name="24" service_name="24" provider="Digital Platform" sid="2314" onid="126" tsid="50600" />
    <channel service_ref="1:0:25:1e82:5208:007e:00460000:0:0:0:" name="24 HD" service_name="24 HD" provider="Digital Platform" sid="7810" onid="126" tsid="21000" />
    <channel service_ref="1:0:1:1de5:c544:007e:00460000:0:0:0:" name="360" service_name="360" provider="Digital Platform" sid="7653" onid="126" tsid="50500" />
    <channel service_ref="1:0:25:010a:c418:007e:00460000:0:0:0:" name="360 HD" service_name="360 HD" provider="Digital Platform" sid="266" onid="126" tsid="50200" />
    <channel service_ref="1:0:1:1de3:c544:007e:00460000:0:0:0:" name="A HABER" service_name="A HABER" provider="Digital Platform" sid="7651" onid="126" tsid="50500" />
    <channel service_ref="1:0:25:1eee:51a4:007e:00460000:0:0:0:" name="A HABER HD" service_name="A HABER HD" provider="Digital Platform" sid="7918" onid="126" tsid="20900" />
    <channel service_ref="1:0:1:060b:c418:007e:00460000:0:0:0:" name="A NEWS" service_name="A NEWS" provider="Digital Platform" sid="1547" onid="126" tsid="50200" />
    <channel service_ref="1:0:25:1f46:5140:007e:00460000:0:0:0:" name="A NEWS HD" service_name="A NEWS HD" provider="Digital Platform" sid="8006" onid="126" tsid="20800" />
    <channel service_ref="1:0:1:031a:c60c:007e:00460000:0:0:0:" name="A PARA" service_name="A PARA" provider="Digital Platform" sid="794" onid="126" tsid="50700" />
    <channel service_ref="1:0:25:1c8d:c738:007e:00460000:0:0:0:" name="A PARA HD" service_name="A PARA HD" provider="Digital Platform" sid="7309" onid="126" tsid="51000" />
    <channel service_ref="1:0:1:1fa8:50dc:007e:00460000:0:0:0:" name="A SPOR" service_name="A SPOR" provider="Digital Platform" sid="8104" onid="126" tsid="20700" />
    <channel service_ref="1:0:25:026d:c47c:007e:00460000:0:0:0:" name="A SPOR HD" service_name="A SPOR HD" provider="Digital Platform" sid="621" onid="126" tsid="50300" />
    <channel service_ref="1:0:1:1de7:c544:007e:00460000:0:0:0:" name="A2" service_name="A2" provider="Digital Platform" sid="7655" onid="126" tsid="50500" />
    <channel service_ref="1:0:25:1f44:5140:007e:00460000:0:0:0:" name="A2 HD" service_name="A2 HD" provider="Digital Platform" sid="8004" onid="126" tsid="20800" />
    <channel service_ref="1:0:25:1f49:5140:007e:00460000:0:0:0:" name="AL JAZEERA English HD" service_name="AL JAZEERA English HD" provider="Digital Platform" sid="8009" onid="126" tsid="20800" />
    <channel service_ref="1:0:25:1e85:5208:007e:00460000:0:0:0:" name="Al Quran Al Kareem TV HD" service_name="Al Quran Al Kareem TV HD" provider="Digital Platform" sid="7813" onid="126" tsid="21000" />
    <channel service_ref="1:0:25:1e84:5208:007e:00460000:0:0:0:" name="Al Sunnah Al Nabawiyah TV HD" service_name="Al Sunnah Al Nabawiyah TV HD" provider="Digital Platform" sid="7812" onid="126" tsid="21000" />
    <channel service_ref="1:0:1:065e:9efc:007e:00460000:0:0:0:" name="Andisheh TV" service_name="Andisheh TV" provider="" sid="1630" onid="126" tsid="40700" />
    <channel service_ref="1:0:25:1ded:c544:007e:00460000:0:0:0:" name="ANIMAL PLANET HD" service_name="ANIMAL PLANET HD" provider="Digital Platform" sid="7661" onid="126" tsid="50500" />
    <channel service_ref="1:0:1:1de2:c544:007e:00460000:0:0:0:" name="ATV" service_name="ATV" provider="Digital Platform" sid="7650" onid="126" tsid="50500" />
    <channel service_ref="1:0:25:1eed:51a4:007e:00460000:0:0:0:" name="ATV HD" service_name="ATV HD" provider="Digital Platform" sid="7917" onid="126" tsid="20900" />
    <channel service_ref="1:0:1:06df:c4e0:007e:00460000:0:0:0:" name="BABY FIRST" service_name="BABY FIRST" provider="Digital Platform" sid="1759" onid="126" tsid="50400" />
    <channel service_ref="1:0:1:06ce:c4e0:007e:00460000:0:0:0:" name="BABY TV" service_name="BABY TV" provider="Digital Platform" sid="1742" onid="126" tsid="50400" />
    <channel service_ref="1:0:25:1c85:c738:007e:00460000:0:0:0:" name="BBC CBeebies HD" service_name="BBC CBeebies HD" provider="Digital Platform" sid="7301" onid="126" tsid="51000" />
    <channel service_ref="1:0:25:1c86:c738:007e:00460000:0:0:0:" name="BBC EARTH HD" service_name="BBC EARTH HD" provider="Digital Platform" sid="7302" onid="126" tsid="51000" />
    <channel service_ref="1:0:1:0317:c60c:007e:00460000:0:0:0:" name="BBC ENT" service_name="BBC ENT" provider="Digital Platform" sid="791" onid="126" tsid="50700" />
    <channel service_ref="1:0:25:14ba:c6d4:007e:00460000:0:0:0:" name="BBC HD" service_name="BBC HD" provider="Digital Platform" sid="5306" onid="126" tsid="50900" />
    <channel service_ref="1:0:25:06e9:c4e0:007e:00460000:0:0:0:" name="BBC WORLD NEWS HD" service_name="BBC WORLD NEWS HD" provider="Digital Platform" sid="1769" onid="126" tsid="50400" />
    <channel service_ref="1:0:25:060f:c418:007e:00460000:0:0:0:" name="beIN BOX OFFICE HD 1" service_name="beIN BOX OFFICE HD 1" provider="Digital Platform" sid="1551" onid="126" tsid="50200" />
    <channel service_ref="1:0:25:0106:c418:007e:00460000:0:0:0:" name="beIN BOX OFFICE HD 2" service_name="beIN BOX OFFICE HD 2" provider="Digital Platform" sid="262" onid="126" tsid="50200" />
    <channel service_ref="1:0:25:0107:c418:007e:00460000:0:0:0:" name="beIN BOX OFFICE HD 3" service_name="beIN BOX OFFICE HD 3" provider="Digital Platform" sid="263" onid="126" tsid="50200" />
    <channel service_ref="1:0:25:00cb:526c:007e:00460000:0:0:0:" name="beIN GURME HD" service_name="beIN GURME HD" provider="Digital Platform" sid="203" onid="126" tsid="21100" />
    <channel service_ref="1:0:25:206d:52d0:007e:00460000:0:0:0:" name="beIN H&amp;E HD" service_name="beIN H&amp;E HD" provider="Digital Platform" sid="8301" onid="126" tsid="21200" />
    <channel service_ref="1:0:25:20bd:52d0:007e:00460000:0:0:0:" name="beIN H&amp;E HD" service_name="beIN H&amp;E HD" provider="Digital Platform" sid="8381" onid="126" tsid="21200" />
    <channel service_ref="1:0:25:1e80:5208:007e:00460000:0:0:0:" name="beIN HD" service_name="beIN HD" provider="Digital Platform" sid="7808" onid="126" tsid="21000" />
    <channel service_ref="1:0:25:1fb6:50dc:007e:00460000:0:0:0:" name="beIN İZ HD" service_name="beIN İZ HD" provider="Digital Platform" sid="8118" onid="126" tsid="20700" />
    <channel service_ref="1:0:25:1ffd:50dc:007e:00460000:0:0:0:" name="beIN İZ HD" service_name="beIN İZ HD" provider="Digital Platform" sid="8189" onid="126" tsid="20700" />
    <channel service_ref="1:0:25:14b6:c6d4:007e:00460000:0:0:0:" name="beIN MOVIES ACTION 2 HD" service_name="beIN MOVIES ACTION 2 HD" provider="Digital Platform" sid="5302" onid="126" tsid="50900" />
    <channel service_ref="1:0:25:081f:52d0:007e:00460000:0:0:0:" name="beIN MOVIES ACTION HD" service_name="beIN MOVIES ACTION HD" provider="Digital Platform" sid="2079" onid="126" tsid="21200" />
    <channel service_ref="1:0:25:206e:52d0:007e:00460000:0:0:0:" name="beIN MOVIES COMEDY HD" service_name="beIN MOVIES COMEDY HD" provider="Digital Platform" sid="8302" onid="126" tsid="21200" />
    <channel service_ref="1:0:25:1fa5:50dc:007e:00460000:0:0:0:" name="beIN MOVIES FAMILY HD" service_name="beIN MOVIES FAMILY HD" provider="Digital Platform" sid="8101" onid="126" tsid="20700" />
    <channel service_ref="1:0:25:081b:52d0:007e:00460000:0:0:0:" name="beIN MOVIES FESTIVAL HD" service_name="beIN MOVIES FESTIVAL HD" provider="Digital Platform" sid="2075" onid="126" tsid="21200" />
    <channel service_ref="1:0:25:081a:52d0:007e:00460000:0:0:0:" name="beIN MOVIES PREMIERE 2 HD" service_name="beIN MOVIES PREMIERE 2 HD" provider="Digital Platform" sid="2074" onid="126" tsid="21200" />
    <channel service_ref="1:0:25:00cd:526c:007e:00460000:0:0:0:" name="beIN MOVIES PREMIERE HD" service_name="beIN MOVIES PREMIERE HD" provider="Digital Platform" sid="205" onid="126" tsid="21100" />
    <channel service_ref="1:0:25:1ee8:51a4:007e:00460000:0:0:0:" name="beIN MOVIES STARS HD" service_name="beIN MOVIES STARS HD" provider="Digital Platform" sid="7912" onid="126" tsid="20900" />
    <channel service_ref="1:0:25:00cc:526c:007e:00460000:0:0:0:" name="beIN MOVIES TURK HD" service_name="beIN MOVIES TURK HD" provider="Digital Platform" sid="204" onid="126" tsid="21100" />
    <channel service_ref="1:0:25:0331:52d0:007e:00460000:0:0:0:" name="beIN SERIES COMEDY HD" service_name="beIN SERIES COMEDY HD" provider="Digital Platform" sid="817" onid="126" tsid="21200" />
    <channel service_ref="1:0:25:1ede:51a4:007e:00460000:0:0:0:" name="beIN SERIES DRAMA HD" service_name="beIN SERIES DRAMA HD" provider="Digital Platform" sid="7902" onid="126" tsid="20900" />
    <channel service_ref="1:0:25:09ce:5014:007e:00460000:0:0:0:" name="beIN SERIES SCI-FI HD" service_name="beIN SERIES SCI-FI HD" provider="Digital Platform" sid="2510" onid="126" tsid="20500" />
    <channel service_ref="1:0:25:00d2:526c:007e:00460000:0:0:0:" name="beIN SERIES VICE HD" service_name="beIN SERIES VICE HD" provider="Digital Platform" sid="210" onid="126" tsid="21100" />
    <channel service_ref="1:0:25:09cc:5014:007e:00460000:0:0:0:" name="beIN SPORTS HABER HD" service_name="beIN SPORTS HABER HD" provider="Digital Platform" sid="2508" onid="126" tsid="20500" />
    <channel service_ref="1:0:25:00ca:526c:007e:00460000:0:0:0:" name="beIN SPORTS HD 1" service_name="beIN SPORTS HD 1" provider="Digital Platform" sid="202" onid="126" tsid="21100" />
    <channel service_ref="1:0:25:026e:c47c:007e:00460000:0:0:0:" name="beIN SPORTS HD 2" service_name="beIN SPORTS HD 2" provider="Digital Platform" sid="622" onid="126" tsid="50300" />
    <channel service_ref="1:0:25:00d0:526c:007e:00460000:0:0:0:" name="beIN SPORTS HD 3" service_name="beIN SPORTS HD 3" provider="Digital Platform" sid="208" onid="126" tsid="21100" />
    <channel service_ref="1:0:25:026a:c47c:007e:00460000:0:0:0:" name="beIN SPORTS HD 4" service_name="beIN SPORTS HD 4" provider="Digital Platform" sid="618" onid="126" tsid="50300" />
    <channel service_ref="1:0:25:06e3:c4e0:007e:00460000:0:0:0:" name="beIN SPORTS MAX HD 1" service_name="beIN SPORTS MAX HD 1" provider="Digital Platform" sid="1763" onid="126" tsid="50400" />
    <channel service_ref="1:0:25:081c:52d0:007e:00460000:0:0:0:" name="beIN SPORTS MAX HD 2" service_name="beIN SPORTS MAX HD 2" provider="Digital Platform" sid="2076" onid="126" tsid="21200" />
    <channel service_ref="1:0:1:1d6b:c3b4:007e:00460000:0:0:0:" name="BEYAZ TV" service_name="BEYAZ TV" provider="Digital Platform" sid="7531" onid="126" tsid="50100" />
    <channel service_ref="1:0:25:1fab:50dc:007e:00460000:0:0:0:" name="BEYAZ TV HD" service_name="BEYAZ TV HD" provider="Digital Platform" sid="8107" onid="126" tsid="20700" />
    <channel service_ref="1:0:25:1f41:5140:007e:00460000:0:0:0:" name="BJK TV HD" service_name="BJK TV HD" provider="Digital Platform" sid="8001" onid="126" tsid="20800" />
    <channel service_ref="1:0:1:092e:c5a8:007e:00460000:0:0:0:" name="BLOOMBERG" service_name="BLOOMBERG" provider="Digital Platform" sid="2350" onid="126" tsid="50600" />
    <channel service_ref="1:0:1:1d6c:c3b4:007e:00460000:0:0:0:" name="BLOOMBERG HT" service_name="BLOOMBERG HT" provider="Digital Platform" sid="7532" onid="126" tsid="50100" />
    <channel service_ref="1:0:25:1e81:5208:007e:00460000:0:0:0:" name="BLOOMBERG HT HD" service_name="BLOOMBERG HT HD" provider="Digital Platform" sid="7809" onid="126" tsid="21000" />
    <channel service_ref="1:0:25:1d69:c3b4:007e:00460000:0:0:0:" name="BOOMERANG HD" service_name="BOOMERANG HD" provider="Digital Platform" sid="7529" onid="126" tsid="50100" />
    <channel service_ref="1:0:1:1fa7:50dc:007e:00460000:0:0:0:" name="BURSASPOR TV" service_name="BURSASPOR TV" provider="Digital Platform" sid="8103" onid="126" tsid="20700" />
    <channel service_ref="1:0:1:06e6:c4e0:007e:00460000:0:0:0:" name="CARTOON NETWORK" service_name="CARTOON NETWORK" provider="Digital Platform" sid="1766" onid="126" tsid="50400" />
    <channel service_ref="1:0:25:078b:c60c:007e:00460000:0:0:0:" name="CNN INT HD" service_name="CNN INT HD" provider="Digital Platform" sid="1931" onid="126" tsid="50700" />
    <channel service_ref="1:0:31:14b5:c6d4:007e:00460000:0:0:0:" name="DIGITURK 4K" service_name="DIGITURK 4K" provider="Digital Platform" sid="5301" onid="126" tsid="50900" />
    <channel service_ref="1:0:25:1faa:50dc:007e:00460000:0:0:0:" name="DISCOVERY CHANNEL HD" service_name="DISCOVERY CHANNEL HD" provider="Digital Platform" sid="8106" onid="126" tsid="20700" />
    <channel service_ref="1:0:25:1e79:5208:007e:00460000:0:0:0:" name="DISCOVERY SCIENCE HD" service_name="DISCOVERY SCIENCE HD" provider="Digital Platform" sid="7801" onid="126" tsid="21000" />
    <channel service_ref="1:0:25:14b9:c6d4:007e:00460000:0:0:0:" name="DISCOVERY SHOWCASE HD" service_name="DISCOVERY SHOWCASE HD" provider="Digital Platform" sid="5305" onid="126" tsid="50900" />
    <channel service_ref="1:0:1:1dec:c544:007e:00460000:0:0:0:" name="DISNEY CHANNEL" service_name="DISNEY CHANNEL" provider="Digital Platform" sid="7660" onid="126" tsid="50500" />
    <channel service_ref="1:0:1:06cf:c4e0:007e:00460000:0:0:0:" name="DISNEY JUNIOR" service_name="DISNEY JUNIOR" provider="Digital Platform" sid="1743" onid="126" tsid="50400" />
    <channel service_ref="1:0:1:038c:c5a8:007e:00460000:0:0:0:" name="DISNEY XD" service_name="DISNEY XD" provider="Digital Platform" sid="908" onid="126" tsid="50600" />
    <channel service_ref="1:0:1:213d:4fb0:007e:00460000:0:0:0:" name="DİYANET TV" service_name="DİYANET TV" provider="Digital Platform" sid="8509" onid="126" tsid="20400" />
    <channel service_ref="1:0:1:1f47:5140:007e:00460000:0:0:0:" name="DMAX" service_name="DMAX" provider="Digital Platform" sid="8007" onid="126" tsid="20800" />
    <channel service_ref="1:0:25:07d7:50dc:007e:00460000:0:0:0:" name="DMAX HD" service_name="DMAX HD" provider="Digital Platform" sid="2007" onid="126" tsid="20700" />
    <channel service_ref="1:0:1:06ea:c4e0:007e:00460000:0:0:0:" name="EKOTÜRK" service_name="EKOTÜRK" provider="Digital Platform" sid="1770" onid="126" tsid="50400" />
    <channel service_ref="1:0:25:207a:52d0:007e:00460000:0:0:0:" name="EKOTÜRK HD" service_name="EKOTÜRK HD" provider="Digital Platform" sid="8314" onid="126" tsid="21200" />
    <channel service_ref="1:0:1:064c:9efc:007e:00460000:0:0:0:" name="Erfan Halgheh" service_name="Erfan Halgheh" provider="" sid="1612" onid="126" tsid="40700" />
    <channel service_ref="1:0:1:0319:c60c:007e:00460000:0:0:0:" name="EURO D" service_name="EURO D" provider="Digital Platform" sid="793" onid="126" tsid="50700" />
    <channel service_ref="1:0:1:025f:c418:007e:00460000:0:0:0:" name="EURO STAR" service_name="EURO STAR" provider="Digital Platform" sid="607" onid="126" tsid="50200" />
    <channel service_ref="1:0:1:192c:c60c:007e:00460000:0:0:0:" name="EURONEWS" service_name="EURONEWS" provider="Digital Platform" sid="6444" onid="126" tsid="50700" />
    <channel service_ref="1:0:25:09c9:5014:007e:00460000:0:0:0:" name="EUROSPORT 1 HD" service_name="EUROSPORT 1 HD" provider="Digital Platform" sid="2505" onid="126" tsid="20500" />
    <channel service_ref="1:0:25:09cf:5014:007e:00460000:0:0:0:" name="EUROSPORT 2 HD" service_name="EUROSPORT 2 HD" provider="Digital Platform" sid="2511" onid="126" tsid="20500" />
    <channel service_ref="1:0:1:0316:c60c:007e:00460000:0:0:0:" name="EXTREME SPORTS" service_name="EXTREME SPORTS" provider="Digital Platform" sid="790" onid="126" tsid="50700" />
    <channel service_ref="1:0:25:1c89:c738:007e:00460000:0:0:0:" name="FASHION TV HD" service_name="FASHION TV HD" provider="Digital Platform" sid="7305" onid="126" tsid="51000" />
    <channel service_ref="1:0:1:090d:c5a8:007e:00460000:0:0:0:" name="FB TV" service_name="FB TV" provider="Digital Platform" sid="2317" onid="126" tsid="50600" />
    <channel service_ref="1:0:25:0332:52d0:007e:00460000:0:0:0:" name="FB TV HD" service_name="FB TV HD" provider="Digital Platform" sid="818" onid="126" tsid="21200" />
    <channel service_ref="1:0:1:0180:c5a8:007e:00460000:0:0:0:" name="FOX" service_name="FOX" provider="Digital Platform" sid="384" onid="126" tsid="50600" />
    <channel service_ref="1:0:25:1ee1:51a4:007e:00460000:0:0:0:" name="FOX HD" service_name="FOX HD" provider="Digital Platform" sid="7905" onid="126" tsid="20900" />
    <channel service_ref="1:0:1:0001:0016:0001:0046310c:0:0:0:" name="FOX SPORT EUROPE" service_name="FOX SPORT EUROPE" provider="MX1" sid="1" onid="1" tsid="22" />
    <channel service_ref="1:0:25:1f48:5140:007e:00460000:0:0:0:" name="FOX SPORTS HD" service_name="FOX SPORTS HD" provider="Digital Platform" sid="8008" onid="126" tsid="20800" />
    <channel service_ref="1:0:25:1f4a:5140:007e:00460000:0:0:0:" name="FRANCE 24 HD" service_name="FRANCE 24 HD" provider="Digital Platform" sid="8010" onid="126" tsid="20800" />
    <channel service_ref="1:0:25:1ddf:c544:007e:00460000:0:0:0:" name="GS TV HD" service_name="GS TV HD" provider="Digital Platform" sid="7647" onid="126" tsid="50500" />
    <channel service_ref="1:0:1:031b:c60c:007e:00460000:0:0:0:" name="HABER GLOBAL" service_name="HABER GLOBAL" provider="Digital Platform" sid="795" onid="126" tsid="50700" />
    <channel service_ref="1:0:25:1d6d:c3b4:007e:00460000:0:0:0:" name="HABER GLOBAL HD" service_name="HABER GLOBAL HD" provider="Digital Platform" sid="7533" onid="126" tsid="50100" />
    <channel service_ref="1:0:1:038d:c5a8:007e:00460000:0:0:0:" name="HABERTÜRK" service_name="HABERTÜRK" provider="Digital Platform" sid="909" onid="126" tsid="50600" />
    <channel service_ref="1:0:25:1c8b:c738:007e:00460000:0:0:0:" name="HABERTÜRK HD" service_name="HABERTÜRK HD" provider="Digital Platform" sid="7307" onid="126" tsid="51000" />
    <channel service_ref="1:0:1:091a:c5a8:007e:00460000:0:0:0:" name="HALK TV" service_name="HALK TV" provider="Digital Platform" sid="2330" onid="126" tsid="50600" />
    <channel service_ref="1:0:25:09c8:5014:007e:00460000:0:0:0:" name="HISTORY HD" service_name="HISTORY HD" provider="Digital Platform" sid="2504" onid="126" tsid="20500" />
    <channel service_ref="1:0:25:06e2:c4e0:007e:00460000:0:0:0:" name="ID HD" service_name="ID HD" provider="Digital Platform" sid="1762" onid="126" tsid="50400" />
    <channel service_ref="1:0:1:095b:c5a8:007e:00460000:0:0:0:" name="IGUIDE-R" service_name="IGUIDE-R" provider="Digital Platform" sid="2395" onid="126" tsid="50600" />
    <channel service_ref="1:0:1:029f:9efc:007e:00460000:0:0:0:" name="IRAN INTERNATIONAL To Eutelsat" service_name="IRAN INTERNATIONAL To Eutelsat" provider="ABS" sid="671" onid="126" tsid="40700" />
    <channel service_ref="1:0:1:1af4:9efc:007e:00460000:0:0:0:" name="IRANEFARDA" service_name="IRANEFARDA" provider="Eutelsat" sid="6900" onid="126" tsid="40700" />
    <channel service_ref="1:0:1:369d:0a12:007e:00460000:0:0:0:" name="ISP1" service_name="ISP1" provider="" sid="13981" onid="126" tsid="2578" />
    <channel service_ref="1:0:1:369e:0a12:007e:00460000:0:0:0:" name="ISP2" service_name="ISP2" provider="" sid="13982" onid="126" tsid="2578" />
    <channel service_ref="1:0:1:06da:c4e0:007e:00460000:0:0:0:" name="İDMAN AZERBAYCAN" service_name="İDMAN AZERBAYCAN" provider="Digital Platform" sid="1754" onid="126" tsid="50400" />
    <channel service_ref="1:0:1:15ea:9efc:007e:00460000:0:0:0:" name="Kalemeh TV" service_name="Kalemeh TV" provider="" sid="5610" onid="126" tsid="40700" />
    <channel service_ref="1:0:1:1de6:c544:007e:00460000:0:0:0:" name="KANAL 7" service_name="KANAL 7" provider="Digital Platform" sid="7654" onid="126" tsid="50500" />
    <channel service_ref="1:0:25:09cd:5014:007e:00460000:0:0:0:" name="KANAL 7 HD" service_name="KANAL 7 HD" provider="Digital Platform" sid="2509" onid="126" tsid="20500" />
    <channel service_ref="1:0:25:1ee2:51a4:007e:00460000:0:0:0:" name="KANAL D HD" service_name="KANAL D HD" provider="Digital Platform" sid="7906" onid="126" tsid="20900" />
    <channel service_ref="1:0:1:065a:9efc:007e:00460000:0:0:0:" name="Kanal Yek TV" service_name="Kanal Yek TV" provider="" sid="1626" onid="126" tsid="40700" />
    <channel service_ref="1:0:1:06d0:c4e0:007e:00460000:0:0:0:" name="LIFETIME" service_name="LIFETIME" provider="Digital Platform" sid="1744" onid="126" tsid="50400" />
    <channel service_ref="1:0:25:1c88:c738:007e:00460000:0:0:0:" name="MCM TOP HD" service_name="MCM TOP HD" provider="Digital Platform" sid="7304" onid="126" tsid="51000" />
    <channel service_ref="1:0:25:078e:c60c:007e:00460000:0:0:0:" name="MEZZO HD" service_name="MEZZO HD" provider="Digital Platform" sid="1934" onid="126" tsid="50700" />
    <channel service_ref="1:0:1:0318:c60c:007e:00460000:0:0:0:" name="MİNİKAGO" service_name="MİNİKAGO" provider="Digital Platform" sid="792" onid="126" tsid="50700" />
    <channel service_ref="1:0:1:06dd:c4e0:007e:00460000:0:0:0:" name="MTV Hits" service_name="MTV Hits" provider="Digital Platform" sid="1757" onid="126" tsid="50400" />
    <channel service_ref="1:0:25:09c5:5014:007e:00460000:0:0:0:" name="MTV Live HD" service_name="MTV Live HD" provider="Digital Platform" sid="2501" onid="126" tsid="20500" />
    <channel service_ref="1:0:25:1c8c:c738:007e:00460000:0:0:0:" name="NAT GEO HD" service_name="NAT GEO HD" provider="Digital Platform" sid="7308" onid="126" tsid="51000" />
    <channel service_ref="1:0:25:1e7c:5208:007e:00460000:0:0:0:" name="NAT GEO PEOPLE HD" service_name="NAT GEO PEOPLE HD" provider="Digital Platform" sid="7804" onid="126" tsid="21000" />
    <channel service_ref="1:0:1:06de:c4e0:007e:00460000:0:0:0:" name="NICK JR." service_name="NICK JR." provider="Digital Platform" sid="1758" onid="126" tsid="50400" />
    <channel service_ref="1:0:1:193e:c60c:007e:00460000:0:0:0:" name="NICKELODEON" service_name="NICKELODEON" provider="Digital Platform" sid="6462" onid="126" tsid="50700" />
    <channel service_ref="1:0:25:09ca:5014:007e:00460000:0:0:0:" name="NICKELODEON HD" service_name="NICKELODEON HD" provider="Digital Platform" sid="2506" onid="126" tsid="20500" />
    <channel service_ref="1:0:1:1de1:c544:007e:00460000:0:0:0:" name="NTV" service_name="NTV" provider="Digital Platform" sid="7649" onid="126" tsid="50500" />
    <channel service_ref="1:0:25:0109:c418:007e:00460000:0:0:0:" name="NTV HD" service_name="NTV HD" provider="Digital Platform" sid="265" onid="126" tsid="50200" />
    <channel service_ref="1:0:1:192f:c60c:007e:00460000:0:0:0:" name="PRO 7" service_name="PRO 7" provider="Digital Platform" sid="6447" onid="126" tsid="50700" />
    <channel service_ref="1:0:1:0288:9efc:007e:00460000:0:0:0:" name="PTN" service_name="PTN" provider="" sid="648" onid="126" tsid="40700" />
    <channel service_ref="1:0:1:0315:c60c:007e:00460000:0:0:0:" name="RAI 1" service_name="RAI 1" provider="Digital Platform" sid="789" onid="126" tsid="50700" />
    <channel service_ref="1:0:1:192b:c60c:007e:00460000:0:0:0:" name="RTR PLANETA" service_name="RTR PLANETA" provider="Digital Platform" sid="6443" onid="126" tsid="50700" />
    <channel service_ref="1:0:25:1fae:50dc:007e:00460000:0:0:0:" name="S SPORT HD" service_name="S SPORT HD" provider="Digital Platform" sid="8110" onid="126" tsid="20700" />
    <channel service_ref="1:0:25:026b:c47c:007e:00460000:0:0:0:" name="SHOW TV HD" service_name="SHOW TV HD" provider="Digital Platform" sid="619" onid="126" tsid="50300" />
    <channel service_ref="1:0:1:06d2:c4e0:007e:00460000:0:0:0:" name="STAR" service_name="STAR" provider="Digital Platform" sid="1746" onid="126" tsid="50400" />
    <channel service_ref="1:0:25:1eea:51a4:007e:00460000:0:0:0:" name="STAR TV HD" service_name="STAR TV HD" provider="Digital Platform" sid="7914" onid="126" tsid="20900" />
    <channel service_ref="1:0:25:011a:c47c:007e:00460000:0:0:0:" name="TARAFTAR 2 HD" service_name="TARAFTAR 2 HD" provider="Digital Platform" sid="282" onid="126" tsid="50300" />
    <channel service_ref="1:0:25:006d:526c:007e:00460000:0:0:0:" name="TARAFTAR 3 HD" service_name="TARAFTAR 3 HD" provider="Digital Platform" sid="109" onid="126" tsid="21100" />
    <channel service_ref="1:0:25:00de:526c:007e:00460000:0:0:0:" name="TARAFTAR HD" service_name="TARAFTAR HD" provider="Digital Platform" sid="222" onid="126" tsid="21100" />
    <channel service_ref="1:0:1:090e:c5a8:007e:00460000:0:0:0:" name="TEVE2" service_name="TEVE2" provider="Digital Platform" sid="2318" onid="126" tsid="50600" />
    <channel service_ref="1:0:25:1e7e:5208:007e:00460000:0:0:0:" name="TEVE2 HD" service_name="TEVE2 HD" provider="Digital Platform" sid="7806" onid="126" tsid="21000" />
    <channel service_ref="1:0:1:066f:9efc:007e:00460000:0:0:0:" name="TFM Senegal" service_name="TFM Senegal" provider="Eutelsat" sid="1647" onid="126" tsid="40700" />
    <channel service_ref="1:0:1:0104:c418:007e:00460000:0:0:0:" name="TGRT HABER" service_name="TGRT HABER" provider="Digital Platform" sid="260" onid="126" tsid="50200" />
    <channel service_ref="1:0:25:00df:526c:007e:00460000:0:0:0:" name="TİCARİ beIN SPORTS HD 1" service_name="TİCARİ beIN SPORTS HD 1" provider="Digital Platform" sid="223" onid="126" tsid="21100" />
    <channel service_ref="1:0:25:0074:c47c:007e:00460000:0:0:0:" name="TİCARİ beIN SPORTS HD 2" service_name="TİCARİ beIN SPORTS HD 2" provider="Digital Platform" sid="116" onid="126" tsid="50300" />
    <channel service_ref="1:0:25:006c:526c:007e:00460000:0:0:0:" name="TİCARİ beIN SPORTS HD 3" service_name="TİCARİ beIN SPORTS HD 3" provider="Digital Platform" sid="108" onid="126" tsid="21100" />
    <channel service_ref="1:0:25:027e:c47c:007e:00460000:0:0:0:" name="TİCARİ beIN SPORTS HD 4" service_name="TİCARİ beIN SPORTS HD 4" provider="Digital Platform" sid="638" onid="126" tsid="50300" />
    <channel service_ref="1:0:1:1fa9:50dc:007e:00460000:0:0:0:" name="TJK TV" service_name="TJK TV" provider="Digital Platform" sid="8105" onid="126" tsid="20700" />
    <channel service_ref="1:0:25:1c8a:c738:007e:00460000:0:0:0:" name="TJK TV HD" service_name="TJK TV HD" provider="Digital Platform" sid="7306" onid="126" tsid="51000" />
    <channel service_ref="1:0:1:1de9:c544:007e:00460000:0:0:0:" name="TLC" service_name="TLC" provider="Digital Platform" sid="7657" onid="126" tsid="50500" />
    <channel service_ref="1:0:1:067b:9efc:007e:00460000:0:0:0:" name="TPAI" service_name="TPAI" provider="Eutelsat" sid="1659" onid="126" tsid="40700" />
    <channel service_ref="1:0:1:213b:4fb0:007e:00460000:0:0:0:" name="TRT 3/TRT SPOR" service_name="TRT 3/TRT SPOR" provider="Digital Platform" sid="8507" onid="126" tsid="20400" />
    <channel service_ref="1:0:1:0359:4fb0:007e:00460000:0:0:0:" name="TRT AVAZ" service_name="TRT AVAZ" provider="Digital Platform" sid="857" onid="126" tsid="20400" />
    <channel service_ref="1:0:1:085a:4fb0:007e:00460000:0:0:0:" name="TRT BELGESEL" service_name="TRT BELGESEL" provider="Digital Platform" sid="2138" onid="126" tsid="20400" />
    <channel service_ref="1:0:25:085e:4fb0:007e:00460000:0:0:0:" name="TRT BELGESEL HD" service_name="TRT BELGESEL HD" provider="Digital Platform" sid="2142" onid="126" tsid="20400" />
    <channel service_ref="1:0:1:035b:4fb0:007e:00460000:0:0:0:" name="TRT EL ARABIA" service_name="TRT EL ARABIA" provider="Digital Platform" sid="859" onid="126" tsid="20400" />
    <channel service_ref="1:0:1:213c:4fb0:007e:00460000:0:0:0:" name="TRT HABER" service_name="TRT HABER" provider="Digital Platform" sid="8508" onid="126" tsid="20400" />
    <channel service_ref="1:0:25:085d:4fb0:007e:00460000:0:0:0:" name="TRT HABER HD" service_name="TRT HABER HD" provider="Digital Platform" sid="2141" onid="126" tsid="20400" />
    <channel service_ref="1:0:1:213a:4fb0:007e:00460000:0:0:0:" name="TRT KURDİ" service_name="TRT KURDİ" provider="Digital Platform" sid="8506" onid="126" tsid="20400" />
    <channel service_ref="1:0:1:213e:4fb0:007e:00460000:0:0:0:" name="TRT MÜZİK" service_name="TRT MÜZİK" provider="Digital Platform" sid="8510" onid="126" tsid="20400" />
    <channel service_ref="1:0:1:035a:4fb0:007e:00460000:0:0:0:" name="TRT OKUL" service_name="TRT OKUL" provider="Digital Platform" sid="858" onid="126" tsid="20400" />
    <channel service_ref="1:0:1:085c:4fb0:007e:00460000:0:0:0:" name="TRT SPOR" service_name="TRT SPOR" provider="Digital Platform" sid="2140" onid="126" tsid="20400" />
    <channel service_ref="1:0:25:026f:c47c:007e:00460000:0:0:0:" name="TRT SPOR HD" service_name="TRT SPOR HD" provider="Digital Platform" sid="623" onid="126" tsid="50300" />
    <channel service_ref="1:0:25:02b5:c47c:007e:00460000:0:0:0:" name="TRT SPOR HD" service_name="TRT SPOR HD" provider="Digital Platform" sid="693" onid="126" tsid="50300" />
    <channel service_ref="1:0:25:085f:4fb0:007e:00460000:0:0:0:" name="TRT SPOR HD" service_name="TRT SPOR HD" provider="Digital Platform" sid="2143" onid="126" tsid="20400" />
    <channel service_ref="1:0:1:085b:4fb0:007e:00460000:0:0:0:" name="TRT TÜRK" service_name="TRT TÜRK" provider="Digital Platform" sid="2139" onid="126" tsid="20400" />
    <channel service_ref="1:0:25:00ce:526c:007e:00460000:0:0:0:" name="TRT WORLD HD" service_name="TRT WORLD HD" provider="Digital Platform" sid="206" onid="126" tsid="21100" />
    <channel service_ref="1:0:25:011e:526c:007e:00460000:0:0:0:" name="TRT WORLD HD" service_name="TRT WORLD HD" provider="Digital Platform" sid="286" onid="126" tsid="21100" />
    <channel service_ref="1:0:1:060a:c418:007e:00460000:0:0:0:" name="TRT ÇOCUK" service_name="TRT ÇOCUK" provider="Digital Platform" sid="1546" onid="126" tsid="50200" />
    <channel service_ref="1:0:1:213f:4fb0:007e:00460000:0:0:0:" name="TRT ÇOCUK" service_name="TRT ÇOCUK" provider="Digital Platform" sid="8511" onid="126" tsid="20400" />
    <channel service_ref="1:0:1:06d1:c4e0:007e:00460000:0:0:0:" name="TRT1" service_name="TRT1" provider="Digital Platform" sid="1745" onid="126" tsid="50400" />
    <channel service_ref="1:0:25:026c:c47c:007e:00460000:0:0:0:" name="TRT1 HD" service_name="TRT1 HD" provider="Digital Platform" sid="620" onid="126" tsid="50300" />
    <channel service_ref="1:0:25:02b2:c47c:007e:00460000:0:0:0:" name="TRT1 HD" service_name="TRT1 HD" provider="Digital Platform" sid="690" onid="126" tsid="50300" />
    <channel service_ref="1:0:1:192e:c60c:007e:00460000:0:0:0:" name="TV5 MONDE EUROPE" service_name="TV5 MONDE EUROPE" provider="Digital Platform" sid="6446" onid="126" tsid="50700" />
    <channel service_ref="1:0:1:1de4:c544:007e:00460000:0:0:0:" name="TV8" service_name="TV8" provider="Digital Platform" sid="7652" onid="126" tsid="50500" />
    <channel service_ref="1:0:25:1ee4:51a4:007e:00460000:0:0:0:" name="TV8 HD" service_name="TV8 HD" provider="Digital Platform" sid="7908" onid="126" tsid="20900" />
    <channel service_ref="1:0:1:090c:c5a8:007e:00460000:0:0:0:" name="TV8.5" service_name="TV8.5" provider="Digital Platform" sid="2316" onid="126" tsid="50600" />
    <channel service_ref="1:0:25:1f43:5140:007e:00460000:0:0:0:" name="TV8.5 HD" service_name="TV8.5 HD" provider="Digital Platform" sid="8003" onid="126" tsid="20800" />
    <channel service_ref="1:0:1:0105:c418:007e:00460000:0:0:0:" name="TVNET" service_name="TVNET" provider="Digital Platform" sid="261" onid="126" tsid="50200" />
    <channel service_ref="1:0:25:1c87:c738:007e:00460000:0:0:0:" name="TVNET HD" service_name="TVNET HD" provider="Digital Platform" sid="7303" onid="126" tsid="51000" />
    <channel service_ref="1:0:1:078f:c60c:007e:00460000:0:0:0:" name="VH1" service_name="VH1" provider="Digital Platform" sid="1935" onid="126" tsid="50700" />
    <channel service_ref="1:0:1:1de0:c544:007e:00460000:0:0:0:" name="CNN TÜRK" service_name="CNN TÜRK" provider="Digital Platform" sid="7648" onid="126" tsid="50500" />
    <channel service_ref="1:0:25:0108:c418:007e:00460000:0:0:0:" name="CNN TÜRK HD" service_name="CNN TÜRK HD" provider="Digital Platform" sid="264" onid="126" tsid="50200" />
    <channel service_ref="1:0:1:08fe:c5a8:007e:00460000:0:0:0:" name="KANAL D" service_name="KANAL D" provider="Digital Platform" sid="2302" onid="126" tsid="50600" />
    <channel service_ref="1:0:25:1fa6:50dc:007e:00460000:0:0:0:" name="NAT GEO WILD HD" service_name="NAT GEO WILD HD" provider="Digital Platform" sid="8102" onid="126" tsid="20700" />
    <channel service_ref="1:0:1:08fd:c5a8:007e:00460000:0:0:0:" name="SHOW TV" service_name="SHOW TV" provider="Digital Platform" sid="2301" onid="126" tsid="50600" />
    <channel service_ref="1:0:1:090b:c5a8:007e:00460000:0:0:0:" name="ÜLKE TV" service_name="ÜLKE TV" provider="Digital Platform" sid="2315" onid="126" tsid="50600" />
    <channel service_ref="1:0:25:1f42:5140:007e:00460000:0:0:0:" name="ÜLKE TV HD" service_name="ÜLKE TV HD" provider="Digital Platform" sid="8002" onid="126" tsid="20800" />
  </bouquet>
  <bouquet name="Movies" category="tv">
    <channel service_ref="1:0:25:14b6:c6d4:007e:00460000:0:0:0:" name="beIN MOVIES ACTION 2 HD" service_name="beIN MOVIES ACTION 2 HD" provider="Digital Platform" sid="5302" onid="126" tsid="50900" />
    <channel service_ref="1:0:25:081f:52d0:007e:00460000:0:0:0:" name="beIN MOVIES ACTION HD" service_name="beIN MOVIES ACTION HD" provider="Digital Platform" sid="2079" onid="126" tsid="21200" />
    <channel service_ref="1:0:25:206e:52d0:007e:00460000:0:0:0:" name="beIN MOVIES COMEDY HD" service_name="beIN MOVIES COMEDY HD" provider="Digital Platform" sid="8302" onid="126" tsid="21200" />
    <channel service_ref="1:0:25:1fa5:50dc:007e:00460000:0:0:0:" name="beIN MOVIES FAMILY HD" service_name="beIN MOVIES FAMILY HD" provider="Digital Platform" sid="8101" onid="126" tsid="20700" />
    <channel service_ref="1:0:25:081b:52d0:007e:00460000:0:0:0:" name="beIN MOVIES FESTIVAL HD" service_name="beIN MOVIES FESTIVAL HD" provider="Digital Platform" sid="2075" onid="126" tsid="21200" />
    <channel service_ref="1:0:25:081a:52d0:007e:00460000:0:0:0:" name="beIN MOVIES PREMIERE 2 HD" service_name="beIN MOVIES PREMIERE 2 HD" provider="Digital Platform" sid="2074" onid="126" tsid="21200" />
    <channel service_ref="1:0:25:00cd:526c:007e:00460000:0:0:0:" name="beIN MOVIES PREMIERE HD" service_name="beIN MOVIES PREMIERE HD" provider="Digital Platform" sid="205" onid="126" tsid="21100" />
    <channel service_ref="1:0:25:1ee8:51a4:007e:00460000:0:0:0:" name="beIN MOVIES STARS HD" service_name="beIN MOVIES STARS HD" provider="Digital Platform" sid="7912" onid="126" tsid="20900" />
    <channel service_ref="1:0:25:00cc:526c:007e:00460000:0:0:0:" name="beIN MOVIES TURK HD" service_name="beIN MOVIES TURK HD" provider="Digital Platform" sid="204" onid="126" tsid="21100" />
  </bouquet>
  <bouquet name="Series" category="tv">
    <channel service_ref="1:0:25:0331:52d0:007e:00460000:0:0:0:" name="beIN SERIES COMEDY HD" service_name="beIN SERIES COMEDY HD" provider="Digital Platform" sid="817" onid="126" tsid="21200" />
    <channel service_ref="1:0:25:1ede:51a4:007e:00460000:0:0:0:" name="beIN SERIES DRAMA HD" service_name="beIN SERIES DRAMA HD" provider="Digital Platform" sid="7902" onid="126" tsid="20900" />
    <channel service_ref="1:0:25:09ce:5014:007e:00460000:0:0:0:" name="beIN SERIES SCI-FI HD" service_name="beIN SERIES SCI-FI HD" provider="Digital Platform" sid="2510" onid="126" tsid="20500" />
    <channel service_ref="1:0:25:00d2:526c:007e:00460000:0:0:0:" name="beIN SERIES VICE HD" service_name="beIN SERIES VICE HD" provider="Digital Platform" sid="210" onid="126" tsid="21100" />
  </bouquet>
  <bouquet name="News" category="tv">
    <channel service_ref="1:0:1:060b:c418:007e:00460000:0:0:0:" name="A NEWS" service_name="A NEWS" provider="Digital Platform" sid="1547" onid="126" tsid="50200" />
    <channel service_ref="1:0:25:1f46:5140:007e:00460000:0:0:0:" name="A NEWS HD" service_name="A NEWS HD" provider="Digital Platform" sid="8006" onid="126" tsid="20800" />
    <channel service_ref="1:0:25:06e9:c4e0:007e:00460000:0:0:0:" name="BBC WORLD NEWS HD" service_name="BBC WORLD NEWS HD" provider="Digital Platform" sid="1769" onid="126" tsid="50400" />
    <channel service_ref="1:0:1:192c:c60c:007e:00460000:0:0:0:" name="EURONEWS" service_name="EURONEWS" provider="Digital Platform" sid="6444" onid="126" tsid="50700" />
  </bouquet>
  <bouquet name="Sports" category="tv">
    <channel service_ref="1:0:25:09cc:5014:007e:00460000:0:0:0:" name="beIN SPORTS HABER HD" service_name="beIN SPORTS HABER HD" provider="Digital Platform" sid="2508" onid="126" tsid="20500" />
    <channel service_ref="1:0:25:00ca:526c:007e:00460000:0:0:0:" name="beIN SPORTS HD 1" service_name="beIN SPORTS HD 1" provider="Digital Platform" sid="202" onid="126" tsid="21100" />
    <channel service_ref="1:0:25:026e:c47c:007e:00460000:0:0:0:" name="beIN SPORTS HD 2" service_name="beIN SPORTS HD 2" provider="Digital Platform" sid="622" onid="126" tsid="50300" />
    <channel service_ref="1:0:25:00d0:526c:007e:00460000:0:0:0:" name="beIN SPORTS HD 3" service_name="beIN SPORTS HD 3" provider="Digital Platform" sid="208" onid="126" tsid="21100" />
    <channel service_ref="1:0:25:026a:c47c:007e:00460000:0:0:0:" name="beIN SPORTS HD 4" service_name="beIN SPORTS HD 4" provider="Digital Platform" sid="618" onid="126" tsid="50300" />
    <channel service_ref="1:0:25:06e3:c4e0:007e:00460000:0:0:0:" name="beIN SPORTS MAX HD 1" service_name="beIN SPORTS MAX HD 1" provider="Digital Platform" sid="1763" onid="126" tsid="50400" />
    <channel service_ref="1:0:25:081c:52d0:007e:00460000:0:0:0:" name="beIN SPORTS MAX HD 2" service_name="beIN SPORTS MAX HD 2" provider="Digital Platform" sid="2076" onid="126" tsid="21200" />
    <channel service_ref="1:0:25:09c9:5014:007e:00460000:0:0:0:" name="EUROSPORT 1 HD" service_name="EUROSPORT 1 HD" provider="Digital Platform" sid="2505" onid="126" tsid="20500" />
    <channel service_ref="1:0:25:09cf:5014:007e:00460000:0:0:0:" name="EUROSPORT 2 HD" service_name="EUROSPORT 2 HD" provider="Digital Platform" sid="2511" onid="126" tsid="20500" />
    <channel service_ref="1:0:1:0316:c60c:007e:00460000:0:0:0:" name="EXTREME SPORTS" service_name="EXTREME SPORTS" provider="Digital Platform" sid="790" onid="126" tsid="50700" />
    <channel service_ref="1:0:1:0001:0016:0001:0046310c:0:0:0:" name="FOX SPORT EUROPE" service_name="FOX SPORT EUROPE" provider="MX1" sid="1" onid="1" tsid="22" />
    <channel service_ref="1:0:25:1f48:5140:007e:00460000:0:0:0:" name="FOX SPORTS HD" service_name="FOX SPORTS HD" provider="Digital Platform" sid="8008" onid="126" tsid="20800" />
    <channel service_ref="1:0:25:1fae:50dc:007e:00460000:0:0:0:" name="S SPORT HD" service_name="S SPORT HD" provider="Digital Platform" sid="8110" onid="126" tsid="20700" />
    <channel service_ref="1:0:25:00df:526c:007e:00460000:0:0:0:" name="TİCARİ beIN SPORTS HD 1" service_name="TİCARİ beIN SPORTS HD 1" provider="Digital Platform" sid="223" onid="126" tsid="21100" />
    <channel service_ref="1:0:25:0074:c47c:007e:00460000:0:0:0:" name="TİCARİ beIN SPORTS HD 2" service_name="TİCARİ beIN SPORTS HD 2" provider="Digital Platform" sid="116" onid="126" tsid="50300" />
    <channel service_ref="1:0:25:006c:526c:007e:00460000:0:0:0:" name="TİCARİ beIN SPORTS HD 3" service_name="TİCARİ beIN SPORTS HD 3" provider="Digital Platform" sid="108" onid="126" tsid="21100" />
    <channel service_ref="1:0:25:027e:c47c:007e:00460000:0:0:0:" name="TİCARİ beIN SPORTS HD 4" service_name="TİCARİ beIN SPORTS HD 4" provider="Digital Platform" sid="638" onid="126" tsid="50300" />
  </bouquet>
  <bouquet name="Kids" category="tv">
    <channel service_ref="1:0:25:1d69:c3b4:007e:00460000:0:0:0:" name="BOOMERANG HD" service_name="BOOMERANG HD" provider="Digital Platform" sid="7529" onid="126" tsid="50100" />
    <channel service_ref="1:0:1:06e6:c4e0:007e:00460000:0:0:0:" name="CARTOON NETWORK" service_name="CARTOON NETWORK" provider="Digital Platform" sid="1766" onid="126" tsid="50400" />
    <channel service_ref="1:0:1:1dec:c544:007e:00460000:0:0:0:" name="DISNEY CHANNEL" service_name="DISNEY CHANNEL" provider="Digital Platform" sid="7660" onid="126" tsid="50500" />
    <channel service_ref="1:0:1:06cf:c4e0:007e:00460000:0:0:0:" name="DISNEY JUNIOR" service_name="DISNEY JUNIOR" provider="Digital Platform" sid="1743" onid="126" tsid="50400" />
    <channel service_ref="1:0:1:038c:c5a8:007e:00460000:0:0:0:" name="DISNEY XD" service_name="DISNEY XD" provider="Digital Platform" sid="908" onid="126" tsid="50600" />
    <channel service_ref="1:0:1:193e:c60c:007e:00460000:0:0:0:" name="NICKELODEON" service_name="NICKELODEON" provider="Digital Platform" sid="6462" onid="126" tsid="50700" />
    <channel service_ref="1:0:25:09ca:5014:007e:00460000:0:0:0:" name="NICKELODEON HD" service_name="NICKELODEON HD" provider="Digital Platform" sid="2506" onid="126" tsid="20500" />
  </bouquet>
  <bouquet name="Music" category="tv">
    <channel service_ref="1:0:25:078e:c60c:007e:00460000:0:0:0:" name="MEZZO HD" service_name="MEZZO HD" provider="Digital Platform" sid="1934" onid="126" tsid="50700" />
    <channel service_ref="1:0:1:06dd:c4e0:007e:00460000:0:0:0:" name="MTV Hits" service_name="MTV Hits" provider="Digital Platform" sid="1757" onid="126" tsid="50400" />
    <channel service_ref="1:0:25:09c5:5014:007e:00460000:0:0:0:" name="MTV Live HD" service_name="MTV Live HD" provider="Digital Platform" sid="2501" onid="126" tsid="20500" />
  </bouquet>
  <bouquet name="Documentary" category="tv">
    <channel service_ref="1:0:25:1ded:c544:007e:00460000:0:0:0:" name="ANIMAL PLANET HD" service_name="ANIMAL PLANET HD" provider="Digital Platform" sid="7661" onid="126" tsid="50500" />
    <channel service_ref="1:0:25:09c8:5014:007e:00460000:0:0:0:" name="HISTORY HD" service_name="HISTORY HD" provider="Digital Platform" sid="2504" onid="126" tsid="20500" />
    <channel service_ref="1:0:25:1c8c:c738:007e:00460000:0:0:0:" name="NAT GEO HD" service_name="NAT GEO HD" provider="Digital Platform" sid="7308" onid="126" tsid="51000" />
    <channel service_ref="1:0:25:1e7c:5208:007e:00460000:0:0:0:" name="NAT GEO PEOPLE HD" service_name="NAT GEO PEOPLE HD" provider="Digital Platform" sid="7804" onid="126" tsid="21000" />
    <channel service_ref="1:0:1:192b:c60c:007e:00460000:0:0:0:" name="RTR PLANETA" service_name="RTR PLANETA" provider="Digital Platform" sid="6443" onid="126" tsid="50700" />
  </bouquet>
  <bouquet name="RTL" category="tv">
    <channel service_ref="1:0:1:1de1:c544:007e:00460000:0:0:0:" name="NTV" service_name="NTV" provider="Digital Platform" sid="7649" onid="126" tsid="50500" />
    <channel service_ref="1:0:25:0109:c418:007e:00460000:0:0:0:" name="NTV HD" service_name="NTV HD" provider="Digital Platform" sid="265" onid="126" tsid="50200" />
  </bouquet>
  <bouquet name="ARD/ZDF" category="tv">
    <channel service_ref="1:0:1:1af4:9efc:007e:00460000:0:0:0:" name="IRANEFARDA" service_name="IRANEFARDA" provider="Eutelsat" sid="6900" onid="126" tsid="40700" />
  </bouquet>
  <bouquet name="BBC" category="tv">
    <channel service_ref="1:0:25:1c85:c738:007e:00460000:0:0:0:" name="BBC CBeebies HD" service_name="BBC CBeebies HD" provider="Digital Platform" sid="7301" onid="126" tsid="51000" />
    <channel service_ref="1:0:25:1c86:c738:007e:00460000:0:0:0:" name="BBC EARTH HD" service_name="BBC EARTH HD" provider="Digital Platform" sid="7302" onid="126" tsid="51000" />
    <channel service_ref="1:0:1:0317:c60c:007e:00460000:0:0:0:" name="BBC ENT" service_name="BBC ENT" provider="Digital Platform" sid="791" onid="126" tsid="50700" />
    <channel service_ref="1:0:25:14ba:c6d4:007e:00460000:0:0:0:" name="BBC HD" service_name="BBC HD" provider="Digital Platform" sid="5306" onid="126" tsid="50900" />
  </bouquet>
  <bouquet name="RAI" category="tv">
    <channel service_ref="1:0:1:0315:c60c:007e:00460000:0:0:0:" name="RAI 1" service_name="RAI 1" provider="Digital Platform" sid="789" onid="126" tsid="50700" />
  </bouquet>
  <bouquet name="TF1" category="tv">
    <channel service_ref="1:0:25:1f4a:5140:007e:00460000:0:0:0:" name="FRANCE 24 HD" service_name="FRANCE 24 HD" provider="Digital Platform" sid="8010" onid="126" tsid="20800" />
  </bouquet>
  <bouquet name="Austria" category="tv">
    <channel service_ref="1:0:1:1de2:c544:007e:00460000:0:0:0:" name="ATV" service_name="ATV" provider="Digital Platform" sid="7650" onid="126" tsid="50500" />
    <channel service_ref="1:0:25:1eed:51a4:007e:00460000:0:0:0:" name="ATV HD" service_name="ATV HD" provider="Digital Platform" sid="7917" onid="126" tsid="20900" />
  </bouquet>
  <bouquet name="Switzerland" category="tv">
    <channel service_ref="1:0:1:1de5:c544:007e:00460000:0:0:0:" name="360" service_name="360" provider="Digital Platform" sid="7653" onid="126" tsid="50500" />
    <channel service_ref="1:0:25:010a:c418:007e:00460000:0:0:0:" name="360 HD" service_name="360 HD" provider="Digital Platform" sid="266" onid="126" tsid="50200" />
    <channel service_ref="1:0:25:0107:c418:007e:00460000:0:0:0:" name="beIN BOX OFFICE HD 3" service_name="beIN BOX OFFICE HD 3" provider="Digital Platform" sid="263" onid="126" tsid="50200" />
    <channel service_ref="1:0:25:006d:526c:007e:00460000:0:0:0:" name="TARAFTAR 3 HD" service_name="TARAFTAR 3 HD" provider="Digital Platform" sid="109" onid="126" tsid="21100" />
    <channel service_ref="1:0:1:213b:4fb0:007e:00460000:0:0:0:" name="TRT 3/TRT SPOR" service_name="TRT 3/TRT SPOR" provider="Digital Platform" sid="8507" onid="126" tsid="20400" />
    <channel service_ref="1:0:1:192e:c60c:007e:00460000:0:0:0:" name="TV5 MONDE EUROPE" service_name="TV5 MONDE EUROPE" provider="Digital Platform" sid="6446" onid="126" tsid="50700" />
    <channel service_ref="1:0:1:090c:c5a8:007e:00460000:0:0:0:" name="TV8.5" service_name="TV8.5" provider="Digital Platform" sid="2316" onid="126" tsid="50600" />
    <channel service_ref="1:0:25:1f43:5140:007e:00460000:0:0:0:" name="TV8.5 HD" service_name="TV8.5 HD" provider="Digital Platform" sid="8003" onid="126" tsid="20800" />
  </bouquet>
  <bouquet name="Resolution - UHD" category="tv">
    <channel service_ref="1:0:31:14b5:c6d4:007e:00460000:0:0:0:" name="DIGITURK 4K" service_name="DIGITURK 4K" provider="Digital Platform" sid="5301" onid="126" tsid="50900" />
  </bouquet>
  <bouquet name="Resolution - HD" category="tv">
    <channel service_ref="1:0:25:1e82:5208:007e:00460000:0:0:0:" name="24 HD" service_name="24 HD" provider="Digital Platform" sid="7810" onid="126" tsid="21000" />
    <channel service_ref="1:0:25:010a:c418:007e:00460000:0:0:0:" name="360 HD" service_name="360 HD" provider="Digital Platform" sid="266" onid="126" tsid="50200" />
    <channel service_ref="1:0:25:1eee:51a4:007e:00460000:0:0:0:" name="A HABER HD" service_name="A HABER HD" provider="Digital Platform" sid="7918" onid="126" tsid="20900" />
    <channel service_ref="1:0:25:1f46:5140:007e:00460000:0:0:0:" name="A NEWS HD" service_name="A NEWS HD" provider="Digital Platform" sid="8006" onid="126" tsid="20800" />
    <channel service_ref="1:0:25:1c8d:c738:007e:00460000:0:0:0:" name="A PARA HD" service_name="A PARA HD" provider="Digital Platform" sid="7309" onid="126" tsid="51000" />
    <channel service_ref="1:0:25:026d:c47c:007e:00460000:0:0:0:" name="A SPOR HD" service_name="A SPOR HD" provider="Digital Platform" sid="621" onid="126" tsid="50300" />
    <channel service_ref="1:0:25:1f44:5140:007e:00460000:0:0:0:" name="A2 HD" service_name="A2 HD" provider="Digital Platform" sid="8004" onid="126" tsid="20800" />
    <channel service_ref="1:0:25:1f49:5140:007e:00460000:0:0:0:" name="AL JAZEERA English HD" service_name="AL JAZEERA English HD" provider="Digital Platform" sid="8009" onid="126" tsid="20800" />
    <channel service_ref="1:0:25:1e85:5208:007e:00460000:0:0:0:" name="Al Quran Al Kareem TV HD" service_name="Al Quran Al Kareem TV HD" provider="Digital Platform" sid="7813" onid="126" tsid="21000" />
    <channel service_ref="1:0:25:1e84:5208:007e:00460000:0:0:0:" name="Al Sunnah Al Nabawiyah TV HD" service_name="Al Sunnah Al Nabawiyah TV HD" provider="Digital Platform" sid="7812" onid="126" tsid="21000" />
    <channel service_ref="1:0:25:1ded:c544:007e:00460000:0:0:0:" name="ANIMAL PLANET HD" service_name="ANIMAL PLANET HD" provider="Digital Platform" sid="7661" onid="126" tsid="50500" />
    <channel service_ref="1:0:25:1eed:51a4:007e:00460000:0:0:0:" name="ATV HD" service_name="ATV HD" provider="Digital Platform" sid="7917" onid="126" tsid="20900" />
    <channel service_ref="1:0:25:1c85:c738:007e:00460000:0:0:0:" name="BBC CBeebies HD" service_name="BBC CBeebies HD" provider="Digital Platform" sid="7301" onid="126" tsid="51000" />
    <channel service_ref="1:0:25:1c86:c738:007e:00460000:0:0:0:" name="BBC EARTH HD" service_name="BBC EARTH HD" provider="Digital Platform" sid="7302" onid="126" tsid="51000" />
    <channel service_ref="1:0:25:14ba:c6d4:007e:00460000:0:0:0:" name="BBC HD" service_name="BBC HD" provider="Digital Platform" sid="5306" onid="126" tsid="50900" />
    <channel service_ref="1:0:25:06e9:c4e0:007e:00460000:0:0:0:" name="BBC WORLD NEWS HD" service_name="BBC WORLD NEWS HD" provider="Digital Platform" sid="1769" onid="126" tsid="50400" />
    <channel service_ref="1:0:25:060f:c418:007e:00460000:0:0:0:" name="beIN BOX OFFICE HD 1" service_name="beIN BOX OFFICE HD 1" provider="Digital Platform" sid="1551" onid="126" tsid="50200" />
    <channel service_ref="1:0:25:0106:c418:007e:00460000:0:0:0:" name="beIN BOX OFFICE HD 2" service_name="beIN BOX OFFICE HD 2" provider="Digital Platform" sid="262" onid="126" tsid="50200" />
    <channel service_ref="1:0:25:0107:c418:007e:00460000:0:0:0:" name="beIN BOX OFFICE HD 3" service_name="beIN BOX OFFICE HD 3" provider="Digital Platform" sid="263" onid="126" tsid="50200" />
    <channel service_ref="1:0:25:00cb:526c:007e:00460000:0:0:0:" name="beIN GURME HD" service_name="beIN GURME HD" provider="Digital Platform" sid="203" onid="126" tsid="21100" />
    <channel service_ref="1:0:25:206d:52d0:007e:00460000:0:0:0:" name="beIN H&amp;E HD" service_name="beIN H&amp;E HD" provider="Digital Platform" sid="8301" onid="126" tsid="21200" />
    <channel service_ref="1:0:25:20bd:52d0:007e:00460000:0:0:0:" name="beIN H&amp;E HD" service_name="beIN H&amp;E HD" provider="Digital Platform" sid="8381" onid="126" tsid="21200" />
    <channel service_ref="1:0:25:1e80:5208:007e:00460000:0:0:0:" name="beIN HD" service_name="beIN HD" provider="Digital Platform" sid="7808" onid="126" tsid="21000" />
    <channel service_ref="1:0:25:1fb6:50dc:007e:00460000:0:0:0:" name="beIN İZ HD" service_name="beIN İZ HD" provider="Digital Platform" sid="8118" onid="126" tsid="20700" />
    <channel service_ref="1:0:25:1ffd:50dc:007e:00460000:0:0:0:" name="beIN İZ HD" service_name="beIN İZ HD" provider="Digital Platform" sid="8189" onid="126" tsid="20700" />
    <channel service_ref="1:0:25:14b6:c6d4:007e:00460000:0:0:0:" name="beIN MOVIES ACTION 2 HD" service_name="beIN MOVIES ACTION 2 HD" provider="Digital Platform" sid="5302" onid="126" tsid="50900" />
    <channel service_ref="1:0:25:081f:52d0:007e:00460000:0:0:0:" name="beIN MOVIES ACTION HD" service_name="beIN MOVIES ACTION HD" provider="Digital Platform" sid="2079" onid="126" tsid="21200" />
    <channel service_ref="1:0:25:206e:52d0:007e:00460000:0:0:0:" name="beIN MOVIES COMEDY HD" service_name="beIN MOVIES COMEDY HD" provider="Digital Platform" sid="8302" onid="126" tsid="21200" />
    <channel service_ref="1:0:25:1fa5:50dc:007e:00460000:0:0:0:" name="beIN MOVIES FAMILY HD" service_name="beIN MOVIES FAMILY HD" provider="Digital Platform" sid="8101" onid="126" tsid="20700" />
    <channel service_ref="1:0:25:081b:52d0:007e:00460000:0:0:0:" name="beIN MOVIES FESTIVAL HD" service_name="beIN MOVIES FESTIVAL HD" provider="Digital Platform" sid="2075" onid="126" tsid="21200" />
    <channel service_ref="1:0:25:081a:52d0:007e:00460000:0:0:0:" name="beIN MOVIES PREMIERE 2 HD" service_name="beIN MOVIES PREMIERE 2 HD" provider="Digital Platform" sid="2074" onid="126" tsid="21200" />
    <channel service_ref="1:0:25:00cd:526c:007e:00460000:0:0:0:" name="beIN MOVIES PREMIERE HD" service_name="beIN MOVIES PREMIERE HD" provider="Digital Platform" sid="205" onid="126" tsid="21100" />
    <channel service_ref="1:0:25:1ee8:51a4:007e:00460000:0:0:0:" name="beIN MOVIES STARS HD" service_name="beIN MOVIES STARS HD" provider="Digital Platform" sid="7912" onid="126" tsid="20900" />
    <channel service_ref="1:0:25:00cc:526c:007e:00460000:0:0:0:" name="beIN MOVIES TURK HD" service_name="beIN MOVIES TURK HD" provider="Digital Platform" sid="204" onid="126" tsid="21100" />
    <channel service_ref="1:0:25:0331:52d0:007e:00460000:0:0:0:" name="beIN SERIES COMEDY HD" service_name="beIN SERIES COMEDY HD" provider="Digital Platform" sid="817" onid="126" tsid="21200" />
    <channel service_ref="1:0:25:1ede:51a4:007e:00460000:0:0:0:" name="beIN SERIES DRAMA HD" service_name="beIN SERIES DRAMA HD" provider="Digital Platform" sid="7902" onid="126" tsid="20900" />
    <channel service_ref="1:0:25:09ce:5014:007e:00460000:0:0:0:" name="beIN SERIES SCI-FI HD" service_name="beIN SERIES SCI-FI HD" provider="Digital Platform" sid="2510" onid="126" tsid="20500" />
    <channel service_ref="1:0:25:00d2:526c:007e:00460000:0:0:0:" name="beIN SERIES VICE HD" service_name="beIN SERIES VICE HD" provider="Digital Platform" sid="210" onid="126" tsid="21100" />
    <channel service_ref="1:0:25:09cc:5014:007e:00460000:0:0:0:" name="beIN SPORTS HABER HD" service_name="beIN SPORTS HABER HD" provider="Digital Platform" sid="2508" onid="126" tsid="20500" />
    <channel service_ref="1:0:25:00ca:526c:007e:00460000:0:0:0:" name="beIN SPORTS HD 1" service_name="beIN SPORTS HD 1" provider="Digital Platform" sid="202" onid="126" tsid="21100" />
    <channel service_ref="1:0:25:026e:c47c:007e:00460000:0:0:0:" name="beIN SPORTS HD 2" service_name="beIN SPORTS HD 2" provider="Digital Platform" sid="622" onid="126" tsid="50300" />
    <channel service_ref="1:0:25:00d0:526c:007e:00460000:0:0:0:" name="beIN SPORTS HD 3" service_name="beIN SPORTS HD 3" provider="Digital Platform" sid="208" onid="126" tsid="21100" />
    <channel service_ref="1:0:25:026a:c47c:007e:00460000:0:0:0:" name="beIN SPORTS HD 4" service_name="beIN SPORTS HD 4" provider="Digital Platform" sid="618" onid="126" tsid="50300" />
    <channel service_ref="1:0:25:06e3:c4e0:007e:00460000:0:0:0:" name="beIN SPORTS MAX HD 1" service_name="beIN SPORTS MAX HD 1" provider="Digital Platform" sid="1763" onid="126" tsid="50400" />
    <channel service_ref="1:0:25:081c:52d0:007e:00460000:0:0:0:" name="beIN SPORTS MAX HD 2" service_name="beIN SPORTS MAX HD 2" provider="Digital Platform" sid="2076" onid="126" tsid="21200" />
    <channel service_ref="1:0:25:1fab:50dc:007e:00460000:0:0:0:" name="BEYAZ TV HD" service_name="BEYAZ TV HD" provider="Digital Platform" sid="8107" onid="126" tsid="20700" />
    <channel service_ref="1:0:25:1f41:5140:007e:00460000:0:0:0:" name="BJK TV HD" service_name="BJK TV HD" provider="Digital Platform" sid="8001" onid="126" tsid="20800" />
    <channel service_ref="1:0:25:1e81:5208:007e:00460000:0:0:0:" name="BLOOMBERG HT HD" service_name="BLOOMBERG HT HD" provider="Digital Platform" sid="7809" onid="126" tsid="21000" />
    <channel service_ref="1:0:25:1d69:c3b4:007e:00460000:0:0:0:" name="BOOMERANG HD" service_name="BOOMERANG HD" provider="Digital Platform" sid="7529" onid="126" tsid="50100" />
    <channel service_ref="1:0:25:078b:c60c:007e:00460000:0:0:0:" name="CNN INT HD" service_name="CNN INT HD" provider="Digital Platform" sid="1931" onid="126" tsid="50700" />
    <channel service_ref="1:0:25:1faa:50dc:007e:00460000:0:0:0:" name="DISCOVERY CHANNEL HD" service_name="DISCOVERY CHANNEL HD" provider="Digital Platform" sid="8106" onid="126" tsid="20700" />
    <channel service_ref="1:0:25:1e79:5208:007e:00460000:0:0:0:" name="DISCOVERY SCIENCE HD" service_name="DISCOVERY SCIENCE HD" provider="Digital Platform" sid="7801" onid="126" tsid="21000" />
    <channel service_ref="1:0:25:14b9:c6d4:007e:00460000:0:0:0:" name="DISCOVERY SHOWCASE HD" service_name="DISCOVERY SHOWCASE HD" provider="Digital Platform" sid="5305" onid="126" tsid="50900" />
    <channel service_ref="1:0:25:07d7:50dc:007e:00460000:0:0:0:" name="DMAX HD" service_name="DMAX HD" provider="Digital Platform" sid="2007" onid="126" tsid="20700" />
    <channel service_ref="1:0:25:207a:52d0:007e:00460000:0:0:0:" name="EKOTÜRK HD" service_name="EKOTÜRK HD" provider="Digital Platform" sid="8314" onid="126" tsid="21200" />
    <channel service_ref="1:0:25:09c9:5014:007e:00460000:0:0:0:" name="EUROSPORT 1 HD" service_name="EUROSPORT 1 HD" provider="Digital Platform" sid="2505" onid="126" tsid="20500" />
    <channel service_ref="1:0:25:09cf:5014:007e:00460000:0:0:0:" name="EUROSPORT 2 HD" service_name="EUROSPORT 2 HD" provider="Digital Platform" sid="2511" onid="126" tsid="20500" />
    <channel service_ref="1:0:25:1c89:c738:007e:00460000:0:0:0:" name="FASHION TV HD" service_name="FASHION TV HD" provider="Digital Platform" sid="7305" onid="126" tsid="51000" />
    <channel service_ref="1:0:25:0332:52d0:007e:00460000:0:0:0:" name="FB TV HD" service_name="FB TV HD" provider="Digital Platform" sid="818" onid="126" tsid="21200" />
    <channel service_ref="1:0:25:1ee1:51a4:007e:00460000:0:0:0:" name="FOX HD" service_name="FOX HD" provider="Digital Platform" sid="7905" onid="126" tsid="20900" />
    <channel service_ref="1:0:25:1f48:5140:007e:00460000:0:0:0:" name="FOX SPORTS HD" service_name="FOX SPORTS HD" provider="Digital Platform" sid="8008" onid="126" tsid="20800" />
    <channel service_ref="1:0:25:1f4a:5140:007e:00460000:0:0:0:" name="FRANCE 24 HD" service_name="FRANCE 24 HD" provider="Digital Platform" sid="8010" onid="126" tsid="20800" />
    <channel service_ref="1:0:25:1ddf:c544:007e:00460000:0:0:0:" name="GS TV HD" service_name="GS TV HD" provider="Digital Platform" sid="7647" onid="126" tsid="50500" />
    <channel service_ref="1:0:25:1d6d:c3b4:007e:00460000:0:0:0:" name="HABER GLOBAL HD" service_name="HABER GLOBAL HD" provider="Digital Platform" sid="7533" onid="126" tsid="50100" />
    <channel service_ref="1:0:25:1c8b:c738:007e:00460000:0:0:0:" name="HABERTÜRK HD" service_name="HABERTÜRK HD" provider="Digital Platform" sid="7307" onid="126" tsid="51000" />
    <channel service_ref="1:0:25:09c8:5014:007e:00460000:0:0:0:" name="HISTORY HD" service_name="HISTORY HD" provider="Digital Platform" sid="2504" onid="126" tsid="20500" />
    <channel service_ref="1:0:25:06e2:c4e0:007e:00460000:0:0:0:" name="ID HD" service_name="ID HD" provider="Digital Platform" sid="1762" onid="126" tsid="50400" />
    <channel service_ref="1:0:25:09cd:5014:007e:00460000:0:0:0:" name="KANAL 7 HD" service_name="KANAL 7 HD" provider="Digital Platform" sid="2509" onid="126" tsid="20500" />
    <channel service_ref="1:0:25:1ee2:51a4:007e:00460000:0:0:0:" name="KANAL D HD" service_name="KANAL D HD" provider="Digital Platform" sid="7906" onid="126" tsid="20900" />
    <channel service_ref="1:0:25:1c88:c738:007e:00460000:0:0:0:" name="MCM TOP HD" service_name="MCM TOP HD" provider="Digital Platform" sid="7304" onid="126" tsid="51000" />
    <channel service_ref="1:0:25:078e:c60c:007e:00460000:0:0:0:" name="MEZZO HD" service_name="MEZZO HD" provider="Digital Platform" sid="1934" onid="126" tsid="50700" />
    <channel service_ref="1:0:25:09c5:5014:007e:00460000:0:0:0:" name="MTV Live HD" service_name="MTV Live HD" provider="Digital Platform" sid="2501" onid="126" tsid="20500" />
    <channel service_ref="1:0:25:1c8c:c738:007e:00460000:0:0:0:" name="NAT GEO HD" service_name="NAT GEO HD" provider="Digital Platform" sid="7308" onid="126" tsid="51000" />
    <channel service_ref="1:0:25:1e7c:5208:007e:00460000:0:0:0:" name="NAT GEO PEOPLE HD" service_name="NAT GEO PEOPLE HD" provider="Digital Platform" sid="7804" onid="126" tsid="21000" />
    <channel service_ref="1:0:25:09ca:5014:007e:00460000:0:0:0:" name="NICKELODEON HD" service_name="NICKELODEON HD" provider="Digital Platform" sid="2506" onid="126" tsid="20500" />
    <channel service_ref="1:0:25:0109:c418:007e:00460000:0:0:0:" name="NTV HD" service_name="NTV HD" provider="Digital Platform" sid="265" onid="126" tsid="50200" />
    <channel service_ref="1:0:25:1fae:50dc:007e:00460000:0:0:0:" name="S SPORT HD" service_name="S SPORT HD" provider="Digital Platform" sid="8110" onid="126" tsid="20700" />
    <channel service_ref="1:0:25:026b:c47c:007e:00460000:0:0:0:" name="SHOW TV HD" service_name="SHOW TV HD" provider="Digital Platform" sid="619" onid="126" tsid="50300" />
    <channel service_ref="1:0:25:1eea:51a4:007e:00460000:0:0:0:" name="STAR TV HD" service_name="STAR TV HD" provider="Digital Platform" sid="7914" onid="126" tsid="20900" />
    <channel service_ref="1:0:25:011a:c47c:007e:00460000:0:0:0:" name="TARAFTAR 2 HD" service_name="TARAFTAR 2 HD" provider="Digital Platform" sid="282" onid="126" tsid="50300" />
    <channel service_ref="1:0:25:006d:526c:007e:00460000:0:0:0:" name="TARAFTAR 3 HD" service_name="TARAFTAR 3 HD" provider="Digital Platform" sid="109" onid="126" tsid="21100" />
    <channel service_ref="1:0:25:00de:526c:007e:00460000:0:0:0:" name="TARAFTAR HD" service_name="TARAFTAR HD" provider="Digital Platform" sid="222" onid="126" tsid="21100" />
    <channel service_ref="1:0:25:1e7e:5208:007e:00460000:0:0:0:" name="TEVE2 HD" service_name="TEVE2 HD" provider="Digital Platform" sid="7806" onid="126" tsid="21000" />
    <channel service_ref="1:0:25:00df:526c:007e:00460000:0:0:0:" name="TİCARİ beIN SPORTS HD 1" service_name="TİCARİ beIN SPORTS HD 1" provider="Digital Platform" sid="223" onid="126" tsid="21100" />
    <channel service_ref="1:0:25:0074:c47c:007e:00460000:0:0:0:" name="TİCARİ beIN SPORTS HD 2" service_name="TİCARİ beIN SPORTS HD 2" provider="Digital Platform" sid="116" onid="126" tsid="50300" />
    <channel service_ref="1:0:25:006c:526c:007e:00460000:0:0:0:" name="TİCARİ beIN SPORTS HD 3" service_name="TİCARİ beIN SPORTS HD 3" provider="Digital Platform" sid="108" onid="126" tsid="21100" />
    <channel service_ref="1:0:25:027e:c47c:007e:00460000:0:0:0:" name="TİCARİ beIN SPORTS HD 4" service_name="TİCARİ beIN SPORTS HD 4" provider="Digital Platform" sid="638" onid="126" tsid="50300" />
    <channel service_ref="1:0:25:1c8a:c738:007e:00460000:0:0:0:" name="TJK TV HD" service_name="TJK TV HD" provider="Digital Platform" sid="7306" onid="126" tsid="51000" />
    <channel service_ref="1:0:25:085e:4fb0:007e:00460000:0:0:0:" name="TRT BELGESEL HD" service_name="TRT BELGESEL HD" provider="Digital Platform" sid="2142" onid="126" tsid="20400" />
    <channel service_ref="1:0:25:085d:4fb0:007e:00460000:0:0:0:" name="TRT HABER HD" service_name="TRT HABER HD" provider="Digital Platform" sid="2141" onid="126" tsid="20400" />
    <channel service_ref="1:0:25:026f:c47c:007e:00460000:0:0:0:" name="TRT SPOR HD" service_name="TRT SPOR HD" provider="Digital Platform" sid="623" onid="126" tsid="50300" />
    <channel service_ref="1:0:25:02b5:c47c:007e:00460000:0:0:0:" name="TRT SPOR HD" service_name="TRT SPOR HD" provider="Digital Platform" sid="693" onid="126" tsid="50300" />
    <channel service_ref="1:0:25:085f:4fb0:007e:00460000:0:0:0:" name="TRT SPOR HD" service_name="TRT SPOR HD" provider="Digital Platform" sid="2143" onid="126" tsid="20400" />
    <channel service_ref="1:0:25:00ce:526c:007e:00460000:0:0:0:" name="TRT WORLD HD" service_name="TRT WORLD HD" provider="Digital Platform" sid="206" onid="126" tsid="21100" />
    <channel service_ref="1:0:25:011e:526c:007e:00460000:0:0:0:" name="TRT WORLD HD" service_name="TRT WORLD HD" provider="Digital Platform" sid="286" onid="126" tsid="21100" />
    <channel service_ref="1:0:25:026c:c47c:007e:00460000:0:0:0:" name="TRT1 HD" service_name="TRT1 HD" provider="Digital Platform" sid="620" onid="126" tsid="50300" />
    <channel service_ref="1:0:25:02b2:c47c:007e:00460000:0:0:0:" name="TRT1 HD" service_name="TRT1 HD" provider="Digital Platform" sid="690" onid="126" tsid="50300" />
    <channel service_ref="1:0:25:1ee4:51a4:007e:00460000:0:0:0:" name="TV8 HD" service_name="TV8 HD" provider="Digital Platform" sid="7908" onid="126" tsid="20900" />
    <channel service_ref="1:0:25:1f43:5140:007e:00460000:0:0:0:" name="TV8.5 HD" service_name="TV8.5 HD" provider="Digital Platform" sid="8003" onid="126" tsid="20800" />
    <channel service_ref="1:0:25:1c87:c738:007e:00460000:0:0:0:" name="TVNET HD" service_name="TVNET HD" provider="Digital Platform" sid="7303" onid="126" tsid="51000" />
    <channel service_ref="1:0:25:0108:c418:007e:00460000:0:0:0:" name="CNN TÜRK HD" service_name="CNN TÜRK HD" provider="Digital Platform" sid="264" onid="126" tsid="50200" />
    <channel service_ref="1:0:25:1fa6:50dc:007e:00460000:0:0:0:" name="NAT GEO WILD HD" service_name="NAT GEO WILD HD" provider="Digital Platform" sid="8102" onid="126" tsid="20700" />
    <channel service_ref="1:0:25:1f42:5140:007e:00460000:0:0:0:" name="ÜLKE TV HD" service_name="ÜLKE TV HD" provider="Digital Platform" sid="8002" onid="126" tsid="20800" />
  </bouquet>
  <bouquet name="International" category="tv">
    <channel service_ref="1:0:1:090a:c5a8:007e:00460000:0:0:0:" name="24" service_name="24" provider="Digital Platform" sid="2314" onid="126" tsid="50600" />
    <channel service_ref="1:0:25:1e82:5208:007e:00460000:0:0:0:" name="24 HD" service_name="24 HD" provider="Digital Platform" sid="7810" onid="126" tsid="21000" />
    <channel service_ref="1:0:1:1de3:c544:007e:00460000:0:0:0:" name="A HABER" service_name="A HABER" provider="Digital Platform" sid="7651" onid="126" tsid="50500" />
    <channel service_ref="1:0:25:1eee:51a4:007e:00460000:0:0:0:" name="A HABER HD" service_name="A HABER HD" provider="Digital Platform" sid="7918" onid="126" tsid="20900" />
    <channel service_ref="1:0:1:031a:c60c:007e:00460000:0:0:0:" name="A PARA" service_name="A PARA" provider="Digital Platform" sid="794" onid="126" tsid="50700" />
    <channel service_ref="1:0:25:1c8d:c738:007e:00460000:0:0:0:" name="A PARA HD" service_name="A PARA HD" provider="Digital Platform" sid="7309" onid="126" tsid="51000" />
    <channel service_ref="1:0:1:1fa8:50dc:007e:00460000:0:0:0:" name="A SPOR" service_name="A SPOR" provider="Digital Platform" sid="8104" onid="126" tsid="20700" />
    <channel service_ref="1:0:25:026d:c47c:007e:00460000:0:0:0:" name="A SPOR HD" service_name="A SPOR HD" provider="Digital Platform" sid="621" onid="126" tsid="50300" />
    <channel service_ref="1:0:1:1de7:c544:007e:00460000:0:0:0:" name="A2" service_name="A2" provider="Digital Platform" sid="7655" onid="126" tsid="50500" />
    <channel service_ref="1:0:25:1f44:5140:007e:00460000:0:0:0:" name="A2 HD" service_name="A2 HD" provider="Digital Platform" sid="8004" onid="126" tsid="20800" />
    <channel service_ref="1:0:25:1f49:5140:007e:00460000:0:0:0:" name="AL JAZEERA English HD" service_name="AL JAZEERA English HD" provider="Digital Platform" sid="8009" onid="126" tsid="20800" />
    <channel service_ref="1:0:25:1e85:5208:007e:00460000:0:0:0:" name="Al Quran Al Kareem TV HD" service_name="Al Quran Al Kareem TV HD" provider="Digital Platform" sid="7813" onid="126" tsid="21000" />
    <channel service_ref="1:0:25:1e84:5208:007e:00460000:0:0:0:" name="Al Sunnah Al Nabawiyah TV HD" service_name="Al Sunnah Al Nabawiyah TV HD" provider="Digital Platform" sid="7812" onid="126" tsid="21000" />
    <channel service_ref="1:0:1:06df:c4e0:007e:00460000:0:0:0:" name="BABY FIRST" service_name="BABY FIRST" provider="Digital Platform" sid="1759" onid="126" tsid="50400" />
    <channel service_ref="1:0:1:06ce:c4e0:007e:00460000:0:0:0:" name="BABY TV" service_name="BABY TV" provider="Digital Platform" sid="1742" onid="126" tsid="50400" />
    <channel service_ref="1:0:25:060f:c418:007e:00460000:0:0:0:" name="beIN BOX OFFICE HD 1" service_name="beIN BOX OFFICE HD 1" provider="Digital Platform" sid="1551" onid="126" tsid="50200" />
    <channel service_ref="1:0:25:0106:c418:007e:00460000:0:0:0:" name="beIN BOX OFFICE HD 2" service_name="beIN BOX OFFICE HD 2" provider="Digital Platform" sid="262" onid="126" tsid="50200" />
    <channel service_ref="1:0:25:00cb:526c:007e:00460000:0:0:0:" name="beIN GURME HD" service_name="beIN GURME HD" provider="Digital Platform" sid="203" onid="126" tsid="21100" />
    <channel service_ref="1:0:25:206d:52d0:007e:00460000:0:0:0:" name="beIN H&amp;E HD" service_name="beIN H&amp;E HD" provider="Digital Platform" sid="8301" onid="126" tsid="21200" />
    <channel service_ref="1:0:25:20bd:52d0:007e:00460000:0:0:0:" name="beIN H&amp;E HD" service_name="beIN H&amp;E HD" provider="Digital Platform" sid="8381" onid="126" tsid="21200" />
    <channel service_ref="1:0:25:1e80:5208:007e:00460000:0:0:0:" name="beIN HD" service_name="beIN HD" provider="Digital Platform" sid="7808" onid="126" tsid="21000" />
    <channel service_ref="1:0:25:1fb6:50dc:007e:00460000:0:0:0:" name="beIN İZ HD" service_name="beIN İZ HD" provider="Digital Platform" sid="8118" onid="126" tsid="20700" />
    <channel service_ref="1:0:25:1ffd:50dc:007e:00460000:0:0:0:" name="beIN İZ HD" service_name="beIN İZ HD" provider="Digital Platform" sid="8189" onid="126" tsid="20700" />
    <channel service_ref="1:0:1:1d6b:c3b4:007e:00460000:0:0:0:" name="BEYAZ TV" service_name="BEYAZ TV" provider="Digital Platform" sid="7531" onid="126" tsid="50100" />
    <channel service_ref="1:0:25:1fab:50dc:007e:00460000:0:0:0:" name="BEYAZ TV HD" service_name="BEYAZ TV HD" provider="Digital Platform" sid="8107" onid="126" tsid="20700" />
    <channel service_ref="1:0:25:1f41:5140:007e:00460000:0:0:0:" name="BJK TV HD" service_name="BJK TV HD" provider="Digital Platform" sid="8001" onid="126" tsid="20800" />
    <channel service_ref="1:0:1:092e:c5a8:007e:00460000:0:0:0:" name="BLOOMBERG" service_name="BLOOMBERG" provider="Digital Platform" sid="2350" onid="126" tsid="50600" />
    <channel service_ref="1:0:1:1d6c:c3b4:007e:00460000:0:0:0:" name="BLOOMBERG HT" service_name="BLOOMBERG HT" provider="Digital Platform" sid="7532" onid="126" tsid="50100" />
    <channel service_ref="1:0:25:1e81:5208:007e:00460000:0:0:0:" name="BLOOMBERG HT HD" service_name="BLOOMBERG HT HD" provider="Digital Platform" sid="7809" onid="126" tsid="21000" />
    <channel service_ref="1:0:1:1fa7:50dc:007e:00460000:0:0:0:" name="BURSASPOR TV" service_name="BURSASPOR TV" provider="Digital Platform" sid="8103" onid="126" tsid="20700" />
    <channel service_ref="1:0:25:078b:c60c:007e:00460000:0:0:0:" name="CNN INT HD" service_name="CNN INT HD" provider="Digital Platform" sid="1931" onid="126" tsid="50700" />
    <channel service_ref="1:0:31:14b5:c6d4:007e:00460000:0:0:0:" name="DIGITURK 4K" service_name="DIGITURK 4K" provider="Digital Platform" sid="5301" onid="126" tsid="50900" />
    <channel service_ref="1:0:25:1faa:50dc:007e:00460000:0:0:0:" name="DISCOVERY CHANNEL HD" service_name="DISCOVERY CHANNEL HD" provider="Digital Platform" sid="8106" onid="126" tsid="20700" />
    <channel service_ref="1:0:25:1e79:5208:007e:00460000:0:0:0:" name="DISCOVERY SCIENCE HD" service_name="DISCOVERY SCIENCE HD" provider="Digital Platform" sid="7801" onid="126" tsid="21000" />
    <channel service_ref="1:0:25:14b9:c6d4:007e:00460000:0:0:0:" name="DISCOVERY SHOWCASE HD" service_name="DISCOVERY SHOWCASE HD" provider="Digital Platform" sid="5305" onid="126" tsid="50900" />
    <channel service_ref="1:0:1:213d:4fb0:007e:00460000:0:0:0:" name="DİYANET TV" service_name="DİYANET TV" provider="Digital Platform" sid="8509" onid="126" tsid="20400" />
    <channel service_ref="1:0:1:1f47:5140:007e:00460000:0:0:0:" name="DMAX" service_name="DMAX" provider="Digital Platform" sid="8007" onid="126" tsid="20800" />
    <channel service_ref="1:0:25:07d7:50dc:007e:00460000:0:0:0:" name="DMAX HD" service_name="DMAX HD" provider="Digital Platform" sid="2007" onid="126" tsid="20700" />
    <channel service_ref="1:0:1:06ea:c4e0:007e:00460000:0:0:0:" name="EKOTÜRK" service_name="EKOTÜRK" provider="Digital Platform" sid="1770" onid="126" tsid="50400" />
    <channel service_ref="1:0:25:207a:52d0:007e:00460000:0:0:0:" name="EKOTÜRK HD" service_name="EKOTÜRK HD" provider="Digital Platform" sid="8314" onid="126" tsid="21200" />
    <channel service_ref="1:0:1:0319:c60c:007e:00460000:0:0:0:" name="EURO D" service_name="EURO D" provider="Digital Platform" sid="793" onid="126" tsid="50700" />
    <channel service_ref="1:0:1:025f:c418:007e:00460000:0:0:0:" name="EURO STAR" service_name="EURO STAR" provider="Digital Platform" sid="607" onid="126" tsid="50200" />
    <channel service_ref="1:0:25:1c89:c738:007e:00460000:0:0:0:" name="FASHION TV HD" service_name="FASHION TV HD" provider="Digital Platform" sid="7305" onid="126" tsid="51000" />
    <channel service_ref="1:0:1:090d:c5a8:007e:00460000:0:0:0:" name="FB TV" service_name="FB TV" provider="Digital Platform" sid="2317" onid="126" tsid="50600" />
    <channel service_ref="1:0:25:0332:52d0:007e:00460000:0:0:0:" name="FB TV HD" service_name="FB TV HD" provider="Digital Platform" sid="818" onid="126" tsid="21200" />
    <channel service_ref="1:0:1:0180:c5a8:007e:00460000:0:0:0:" name="FOX" service_name="FOX" provider="Digital Platform" sid="384" onid="126" tsid="50600" />
    <channel service_ref="1:0:25:1ee1:51a4:007e:00460000:0:0:0:" name="FOX HD" service_name="FOX HD" provider="Digital Platform" sid="7905" onid="126" tsid="20900" />
    <channel service_ref="1:0:25:1ddf:c544:007e:00460000:0:0:0:" name="GS TV HD" service_name="GS TV HD" provider="Digital Platform" sid="7647" onid="126" tsid="50500" />
    <channel service_ref="1:0:1:031b:c60c:007e:00460000:0:0:0:" name="HABER GLOBAL" service_name="HABER GLOBAL" provider="Digital Platform" sid="795" onid="126" tsid="50700" />
    <channel service_ref="1:0:25:1d6d:c3b4:007e:00460000:0:0:0:" name="HABER GLOBAL HD" service_name="HABER GLOBAL HD" provider="Digital Platform" sid="7533" onid="126" tsid="50100" />
    <channel service_ref="1:0:1:038d:c5a8:007e:00460000:0:0:0:" name="HABERTÜRK" service_name="HABERTÜRK" provider="Digital Platform" sid="909" onid="126" tsid="50600" />
    <channel service_ref="1:0:25:1c8b:c738:007e:00460000:0:0:0:" name="HABERTÜRK HD" service_name="HABERTÜRK HD" provider="Digital Platform" sid="7307" onid="126" tsid="51000" />
    <channel service_ref="1:0:1:091a:c5a8:007e:00460000:0:0:0:" name="HALK TV" service_name="HALK TV" provider="Digital Platform" sid="2330" onid="126" tsid="50600" />
    <channel service_ref="1:0:25:06e2:c4e0:007e:00460000:0:0:0:" name="ID HD" service_name="ID HD" provider="Digital Platform" sid="1762" onid="126" tsid="50400" />
    <channel service_ref="1:0:1:095b:c5a8:007e:00460000:0:0:0:" name="IGUIDE-R" service_name="IGUIDE-R" provider="Digital Platform" sid="2395" onid="126" tsid="50600" />
    <channel service_ref="1:0:1:06da:c4e0:007e:00460000:0:0:0:" name="İDMAN AZERBAYCAN" service_name="İDMAN AZERBAYCAN" provider="Digital Platform" sid="1754" onid="126" tsid="50400" />
    <channel service_ref="1:0:1:1de6:c544:007e:00460000:0:0:0:" name="KANAL 7" service_name="KANAL 7" provider="Digital Platform" sid="7654" onid="126" tsid="50500" />
    <channel service_ref="1:0:25:09cd:5014:007e:00460000:0:0:0:" name="KANAL 7 HD" service_name="KANAL 7 HD" provider="Digital Platform" sid="2509" onid="126" tsid="20500" />
    <channel service_ref="1:0:25:1ee2:51a4:007e:00460000:0:0:0:" name="KANAL D HD" service_name="KANAL D HD" provider="Digital Platform" sid="7906" onid="126" tsid="20900" />
    <channel service_ref="1:0:1:06d0:c4e0:007e:00460000:0:0:0:" name="LIFETIME" service_name="LIFETIME" provider="Digital Platform" sid="1744" onid="126" tsid="50400" />
    <channel service_ref="1:0:25:1c88:c738:007e:00460000:0:0:0:" name="MCM TOP HD" service_name="MCM TOP HD" provider="Digital Platform" sid="7304" onid="126" tsid="51000" />
    <channel service_ref="1:0:1:0318:c60c:007e:00460000:0:0:0:" name="MİNİKAGO" service_name="MİNİKAGO" provider="Digital Platform" sid="792" onid="126" tsid="50700" />
    <channel service_ref="1:0:1:06de:c4e0:007e:00460000:0:0:0:" name="NICK JR." service_name="NICK JR." provider="Digital Platform" sid="1758" onid="126" tsid="50400" />
    <channel service_ref="1:0:1:192f:c60c:007e:00460000:0:0:0:" name="PRO 7" service_name="PRO 7" provider="Digital Platform" sid="6447" onid="126" tsid="50700" />
    <channel service_ref="1:0:25:026b:c47c:007e:00460000:0:0:0:" name="SHOW TV HD" service_name="SHOW TV HD" provider="Digital Platform" sid="619" onid="126" tsid="50300" />
    <channel service_ref="1:0:1:06d2:c4e0:007e:00460000:0:0:0:" name="STAR" service_name="STAR" provider="Digital Platform" sid="1746" onid="126" tsid="50400" />
    <channel service_ref="1:0:25:1eea:51a4:007e:00460000:0:0:0:" name="STAR TV HD" service_name="STAR TV HD" provider="Digital Platform" sid="7914" onid="126" tsid="20900" />
    <channel service_ref="1:0:25:011a:c47c:007e:00460000:0:0:0:" name="TARAFTAR 2 HD" service_name="TARAFTAR 2 HD" provider="Digital Platform" sid="282" onid="126" tsid="50300" />
    <channel service_ref="1:0:25:00de:526c:007e:00460000:0:0:0:" name="TARAFTAR HD" service_name="TARAFTAR HD" provider="Digital Platform" sid="222" onid="126" tsid="21100" />
    <channel service_ref="1:0:1:090e:c5a8:007e:00460000:0:0:0:" name="TEVE2" service_name="TEVE2" provider="Digital Platform" sid="2318" onid="126" tsid="50600" />
    <channel service_ref="1:0:25:1e7e:5208:007e:00460000:0:0:0:" name="TEVE2 HD" service_name="TEVE2 HD" provider="Digital Platform" sid="7806" onid="126" tsid="21000" />
    <channel service_ref="1:0:1:0104:c418:007e:00460000:0:0:0:" name="TGRT HABER" service_name="TGRT HABER" provider="Digital Platform" sid="260" onid="126" tsid="50200" />
    <channel service_ref="1:0:1:1fa9:50dc:007e:00460000:0:0:0:" name="TJK TV" service_name="TJK TV" provider="Digital Platform" sid="8105" onid="126" tsid="20700" />
    <channel service_ref="1:0:25:1c8a:c738:007e:00460000:0:0:0:" name="TJK TV HD" service_name="TJK TV HD" provider="Digital Platform" sid="7306" onid="126" tsid="51000" />
    <channel service_ref="1:0:1:1de9:c544:007e:00460000:0:0:0:" name="TLC" service_name="TLC" provider="Digital Platform" sid="7657" onid="126" tsid="50500" />
    <channel service_ref="1:0:1:0359:4fb0:007e:00460000:0:0:0:" name="TRT AVAZ" service_name="TRT AVAZ" provider="Digital Platform" sid="857" onid="126" tsid="20400" />
    <channel service_ref="1:0:1:085a:4fb0:007e:00460000:0:0:0:" name="TRT BELGESEL" service_name="TRT BELGESEL" provider="Digital Platform" sid="2138" onid="126" tsid="20400" />
    <channel service_ref="1:0:25:085e:4fb0:007e:00460000:0:0:0:" name="TRT BELGESEL HD" service_name="TRT BELGESEL HD" provider="Digital Platform" sid="2142" onid="126" tsid="20400" />
    <channel service_ref="1:0:1:035b:4fb0:007e:00460000:0:0:0:" name="TRT EL ARABIA" service_name="TRT EL ARABIA" provider="Digital Platform" sid="859" onid="126" tsid="20400" />
    <channel service_ref="1:0:1:213c:4fb0:007e:00460000:0:0:0:" name="TRT HABER" service_name="TRT HABER" provider="Digital Platform" sid="8508" onid="126" tsid="20400" />
    <channel service_ref="1:0:25:085d:4fb0:007e:00460000:0:0:0:" name="TRT HABER HD" service_name="TRT HABER HD" provider="Digital Platform" sid="2141" onid="126" tsid="20400" />
    <channel service_ref="1:0:1:213a:4fb0:007e:00460000:0:0:0:" name="TRT KURDİ" service_name="TRT KURDİ" provider="Digital Platform" sid="8506" onid="126" tsid="20400" />
    <channel service_ref="1:0:1:213e:4fb0:007e:00460000:0:0:0:" name="TRT MÜZİK" service_name="TRT MÜZİK" provider="Digital Platform" sid="8510" onid="126" tsid="20400" />
    <channel service_ref="1:0:1:035a:4fb0:007e:00460000:0:0:0:" name="TRT OKUL" service_name="TRT OKUL" provider="Digital Platform" sid="858" onid="126" tsid="20400" />
    <channel service_ref="1:0:1:085c:4fb0:007e:00460000:0:0:0:" name="TRT SPOR" service_name="TRT SPOR" provider="Digital Platform" sid="2140" onid="126" tsid="20400" />
    <channel service_ref="1:0:25:026f:c47c:007e:00460000:0:0:0:" name="TRT SPOR HD" service_name="TRT SPOR HD" provider="Digital Platform" sid="623" onid="126" tsid="50300" />
    <channel service_ref="1:0:25:02b5:c47c:007e:00460000:0:0:0:" name="TRT SPOR HD" service_name="TRT SPOR HD" provider="Digital Platform" sid="693" onid="126" tsid="50300" />
    <channel service_ref="1:0:25:085f:4fb0:007e:00460000:0:0:0:" name="TRT SPOR HD" service_name="TRT SPOR HD" provider="Digital Platform" sid="2143" onid="126" tsid="20400" />
    <channel service_ref="1:0:1:085b:4fb0:007e:00460000:0:0:0:" name="TRT TÜRK" service_name="TRT TÜRK" provider="Digital Platform" sid="2139" onid="126" tsid="20400" />
    <channel service_ref="1:0:25:00ce:526c:007e:00460000:0:0:0:" name="TRT WORLD HD" service_name="TRT WORLD HD" provider="Digital Platform" sid="206" onid="126" tsid="21100" />
    <channel service_ref="1:0:25:011e:526c:007e:00460000:0:0:0:" name="TRT WORLD HD" service_name="TRT WORLD HD" provider="Digital Platform" sid="286" onid="126" tsid="21100" />
    <channel service_ref="1:0:1:060a:c418:007e:00460000:0:0:0:" name="TRT ÇOCUK" service_name="TRT ÇOCUK" provider="Digital Platform" sid="1546" onid="126" tsid="50200" />
    <channel service_ref="1:0:1:213f:4fb0:007e:00460000:0:0:0:" name="TRT ÇOCUK" service_name="TRT ÇOCUK" provider="Digital Platform" sid="8511" onid="126" tsid="20400" />
    <channel service_ref="1:0:1:06d1:c4e0:007e:00460000:0:0:0:" name="TRT1" service_name="TRT1" provider="Digital Platform" sid="1745" onid="126" tsid="50400" />
    <channel service_ref="1:0:25:026c:c47c:007e:00460000:0:0:0:" name="TRT1 HD" service_name="TRT1 HD" provider="Digital Platform" sid="620" onid="126" tsid="50300" />
    <channel service_ref="1:0:25:02b2:c47c:007e:00460000:0:0:0:" name="TRT1 HD" service_name="TRT1 HD" provider="Digital Platform" sid="690" onid="126" tsid="50300" />
    <channel service_ref="1:0:1:1de4:c544:007e:00460000:0:0:0:" name="TV8" service_name="TV8" provider="Digital Platform" sid="7652" onid="126" tsid="50500" />
    <channel service_ref="1:0:25:1ee4:51a4:007e:00460000:0:0:0:" name="TV8 HD" service_name="TV8 HD" provider="Digital Platform" sid="7908" onid="126" tsid="20900" />
    <channel service_ref="1:0:1:0105:c418:007e:00460000:0:0:0:" name="TVNET" service_name="TVNET" provider="Digital Platform" sid="261" onid="126" tsid="50200" />
    <channel service_ref="1:0:25:1c87:c738:007e:00460000:0:0:0:" name="TVNET HD" service_name="TVNET HD" provider="Digital Platform" sid="7303" onid="126" tsid="51000" />
    <channel service_ref="1:0:1:078f:c60c:007e:00460000:0:0:0:" name="VH1" service_name="VH1" provider="Digital Platform" sid="1935" onid="126" tsid="50700" />
    <channel service_ref="1:0:1:1de0:c544:007e:00460000:0:0:0:" name="CNN TÜRK" service_name="CNN TÜRK" provider="Digital Platform" sid="7648" onid="126" tsid="50500" />
    <channel service_ref="1:0:25:0108:c418:007e:00460000:0:0:0:" name="CNN TÜRK HD" service_name="CNN TÜRK HD" provider="Digital Platform" sid="264" onid="126" tsid="50200" />
    <channel service_ref="1:0:1:08fe:c5a8:007e:00460000:0:0:0:" name="KANAL D" service_name="KANAL D" provider="Digital Platform" sid="2302" onid="126" tsid="50600" />
    <channel service_ref="1:0:25:1fa6:50dc:007e:00460000:0:0:0:" name="NAT GEO WILD HD" service_name="NAT GEO WILD HD" provider="Digital Platform" sid="8102" onid="126" tsid="20700" />
    <channel service_ref="1:0:1:08fd:c5a8:007e:00460000:0:0:0:" name="SHOW TV" service_name="SHOW TV" provider="Digital Platform" sid="2301" onid="126" tsid="50600" />
    <channel service_ref="1:0:1:090b:c5a8:007e:00460000:0:0:0:" name="ÜLKE TV" service_name="ÜLKE TV" provider="Digital Platform" sid="2315" onid="126" tsid="50600" />
    <channel service_ref="1:0:25:1f42:5140:007e:00460000:0:0:0:" name="ÜLKE TV HD" service_name="ÜLKE TV HD" provider="Digital Platform" sid="8002" onid="126" tsid="20800" />
  </bouquet>
  <bouquet name="Others" category="tv">
    <channel service_ref="1:0:1:065e:9efc:007e:00460000:0:0:0:" name="Andisheh TV" service_name="Andisheh TV" provider="" sid="1630" onid="126" tsid="40700" />
    <channel service_ref="1:0:1:064c:9efc:007e:00460000:0:0:0:" name="Erfan Halgheh" service_name="Erfan Halgheh" provider="" sid="1612" onid="126" tsid="40700" />
    <channel service_ref="1:0:1:029f:9efc:007e:00460000:0:0:0:" name="IRAN INTERNATIONAL To Eutelsat" service_name="IRAN INTERNATIONAL To Eutelsat" provider="ABS" sid="671" onid="126" tsid="40700" />
    <channel service_ref="1:0:1:369d:0a12:007e:00460000:0:0:0:" name="ISP1" service_name="ISP1" provider="" sid="13981" onid="126" tsid="2578" />
    <channel service_ref="1:0:1:369e:0a12:007e:00460000:0:0:0:" name="ISP2" service_name="ISP2" provider="" sid="13982" onid="126" tsid="2578" />
    <channel service_ref="1:0:1:15ea:9efc:007e:00460000:0:0:0:" name="Kalemeh TV" service_name="Kalemeh TV" provider="" sid="5610" onid="126" tsid="40700" />
    <channel service_ref="1:0:1:065a:9efc:007e:00460000:0:0:0:" name="Kanal Yek TV" service_name="Kanal Yek TV" provider="" sid="1626" onid="126" tsid="40700" />
    <channel service_ref="1:0:1:0288:9efc:007e:00460000:0:0:0:" name="PTN" service_name="PTN" provider="" sid="648" onid="126" tsid="40700" />
    <channel service_ref="1:0:1:066f:9efc:007e:00460000:0:0:0:" name="TFM Senegal" service_name="TFM Senegal" provider="Eutelsat" sid="1647" onid="126" tsid="40700" />
    <channel service_ref="1:0:1:067b:9efc:007e:00460000:0:0:0:" name="TPAI" service_name="TPAI" provider="Eutelsat" sid="1659" onid="126" tsid="40700" />
  </bouquet>
  <bouquet name="Radio" category="radio">
    <channel service_ref="1:0:2:0e5d:0a12:007e:00460000:0:0:0:" name="BBC Afghan" service_name="BBC Afghan" provider="BBC World Service" sid="3677" onid="126" tsid="2578" />
    <channel service_ref="1:0:2:365c:0a12:007e:00460000:0:0:0:" name="BBC Arabic" service_name="BBC Arabic" provider="BBC World Service" sid="13916" onid="126" tsid="2578" />
    <channel service_ref="1:0:2:0e45:0a12:007e:00460000:0:0:0:" name="BBC English (Europe)" service_name="BBC English (Europe)" provider="BBC World Service" sid="3653" onid="126" tsid="2578" />
    <channel service_ref="1:0:2:0e47:0a12:007e:00460000:0:0:0:" name="BBC English Aus NZ" service_name="BBC English Aus NZ" provider="BBC World Service" sid="3655" onid="126" tsid="2578" />
    <channel service_ref="1:0:2:0e48:0a12:007e:00460000:0:0:0:" name="BBC English News" service_name="BBC English News" provider="BBC World Service" sid="3656" onid="126" tsid="2578" />
    <channel service_ref="1:0:2:0e6d:0a12:007e:00460000:0:0:0:" name="BBC Eur Feed 1" service_name="BBC Eur Feed 1" provider="BBC World Service" sid="3693" onid="126" tsid="2578" />
    <channel service_ref="1:0:2:0e6e:0a12:007e:00460000:0:0:0:" name="BBC Eur Feed 2" service_name="BBC Eur Feed 2" provider="BBC World Service" sid="3694" onid="126" tsid="2578" />
    <channel service_ref="1:0:2:0e6f:0a12:007e:00460000:0:0:0:" name="BBC Eur Feed 3" service_name="BBC Eur Feed 3" provider="BBC World Service" sid="3695" onid="126" tsid="2578" />
    <channel service_ref="1:0:2:0e70:0a12:007e:00460000:0:0:0:" name="BBC Eur Feed 4" service_name="BBC Eur Feed 4" provider="BBC World Service" sid="3696" onid="126" tsid="2578" />
    <channel service_ref="1:0:2:0e71:0a12:007e:00460000:0:0:0:" name="BBC Eur Feed 5" service_name="BBC Eur Feed 5" provider="BBC World Service" sid="3697" onid="126" tsid="2578" />
    <channel service_ref="1:0:2:0e72:0a12:007e:00460000:0:0:0:" name="BBC Eur Feed 6" service_name="BBC Eur Feed 6" provider="BBC World Service" sid="3698" onid="126" tsid="2578" />
    <channel service_ref="1:0:2:066d:9efc:007e:00460000:0:0:0:" name="MOOD MEDIA" service_name="MOOD MEDIA" provider="Eutelsat" sid="1645" onid="126" tsid="40700" />
    <channel service_ref="1:0:2:066e:9efc:007e:00460000:0:0:0:" name="MOOD RADIO" service_name="MOOD RADIO" provider="Eutelsat" sid="1646" onid="126" tsid="40700" />
    <channel service_ref="1:0:2:15e0:9efc:007e:00460000:0:0:0:" name="PUBLIRAD" service_name="PUBLIRAD" provider="Eutelsat" sid="5600" onid="126" tsid="40700" />
    <channel service_ref="1:0:2:029e:9efc:007e:00460000:0:0:0:" name="RFM Senegal" service_name="RFM Senegal" provider="Eutelsat" sid="670" onid="126" tsid="40700" />
  </bouquet>
  <bouquet name="Radio - International" category="radio">
    <channel service_ref="1:0:2:0e5d:0a12:007e:00460000:0:0:0:" name="BBC Afghan" service_name="BBC Afghan" provider="BBC World Service" sid="3677" onid="126" tsid="2578" />
    <channel service_ref="1:0:2:365c:0a12:007e:00460000:0:0:0:" name="BBC Arabic" service_name="BBC Arabic" provider="BBC World Service" sid="13916" onid="126" tsid="2578" />
    <channel service_ref="1:0:2:0e45:0a12:007e:00460000:0:0:0:" name="BBC English (Europe)" service_name="BBC English (Europe)" provider="BBC World Service" sid="3653" onid="126" tsid="2578" />
    <channel service_ref="1:0:2:0e47:0a12:007e:00460000:0:0:0:" name="BBC English Aus NZ" service_name="BBC English Aus NZ" provider="BBC World Service" sid="3655" onid="126" tsid="2578" />
    <channel service_ref="1:0:2:0e48:0a12:007e:00460000:0:0:0:" name="BBC English News" service_name="BBC English News" provider="BBC World Service" sid="3656" onid="126" tsid="2578" />
    <channel service_ref="1:0:2:0e6d:0a12:007e:00460000:0:0:0:" name="BBC Eur Feed 1" service_name="BBC Eur Feed 1" provider="BBC World Service" sid="3693" onid="126" tsid="2578" />
    <channel service_ref="1:0:2:0e6e:0a12:007e:00460000:0:0:0:" name="BBC Eur Feed 2" service_name="BBC Eur Feed 2" provider="BBC World Service" sid="3694" onid="126" tsid="2578" />
    <channel service_ref="1:0:2:0e6f:0a12:007e:00460000:0:0:0:" name="BBC Eur Feed 3" service_name="BBC Eur Feed 3" provider="BBC World Service" sid="3695" onid="126" tsid="2578" />
    <channel service_ref="1:0:2:0e70:0a12:007e:00460000:0:0:0:" name="BBC Eur Feed 4" service_name="BBC Eur Feed 4" provider="BBC World Service" sid="3696" onid="126" tsid="2578" />
    <channel service_ref="1:0:2:0e71:0a12:007e:00460000:0:0:0:" name="BBC Eur Feed 5" service_name="BBC Eur Feed 5" provider="BBC World Service" sid="3697" onid="126" tsid="2578" />
    <channel service_ref="1:0:2:0e72:0a12:007e:00460000:0:0:0:" name="BBC Eur Feed 6" service_name="BBC Eur Feed 6" provider="BBC World Service" sid="3698" onid="126" tsid="2578" />
  </bouquet>
  <bouquet name="Radio - Music" category="radio">
    <channel service_ref="1:0:2:029e:9efc:007e:00460000:0:0:0:" name="RFM Senegal" service_name="RFM Senegal" provider="Eutelsat" sid="670" onid="126" tsid="40700" />
  </bouquet>
  <bouquet name="Radio - News" category="radio">
    <channel service_ref="1:0:2:0e5d:0a12:007e:00460000:0:0:0:" name="BBC Afghan" service_name="BBC Afghan" provider="BBC World Service" sid="3677" onid="126" tsid="2578" />
    <channel service_ref="1:0:2:365c:0a12:007e:00460000:0:0:0:" name="BBC Arabic" service_name="BBC Arabic" provider="BBC World Service" sid="13916" onid="126" tsid="2578" />
    <channel service_ref="1:0:2:0e45:0a12:007e:00460000:0:0:0:" name="BBC English (Europe)" service_name="BBC English (Europe)" provider="BBC World Service" sid="3653" onid="126" tsid="2578" />
    <channel service_ref="1:0:2:0e47:0a12:007e:00460000:0:0:0:" name="BBC English Aus NZ" service_name="BBC English Aus NZ" provider="BBC World Service" sid="3655" onid="126" tsid="2578" />
    <channel service_ref="1:0:2:0e48:0a12:007e:00460000:0:0:0:" name="BBC English News" service_name="BBC English News" provider="BBC World Service" sid="3656" onid="126" tsid="2578" />
    <channel service_ref="1:0:2:0e6d:0a12:007e:00460000:0:0:0:" name="BBC Eur Feed 1" service_name="BBC Eur Feed 1" provider="BBC World Service" sid="3693" onid="126" tsid="2578" />
    <channel service_ref="1:0:2:0e6e:0a12:007e:00460000:0:0:0:" name="BBC Eur Feed 2" service_name="BBC Eur Feed 2" provider="BBC World Service" sid="3694" onid="126" tsid="2578" />
    <channel service_ref="1:0:2:0e6f:0a12:007e:00460000:0:0:0:" name="BBC Eur Feed 3" service_name="BBC Eur Feed 3" provider="BBC World Service" sid="3695" onid="126" tsid="2578" />
    <channel service_ref="1:0:2:0e70:0a12:007e:00460000:0:0:0:" name="BBC Eur Feed 4" service_name="BBC Eur Feed 4" provider="BBC World Service" sid="3696" onid="126" tsid="2578" />
    <channel service_ref="1:0:2:0e71:0a12:007e:00460000:0:0:0:" name="BBC Eur Feed 5" service_name="BBC Eur Feed 5" provider="BBC World Service" sid="3697" onid="126" tsid="2578" />
    <channel service_ref="1:0:2:0e72:0a12:007e:00460000:0:0:0:" name="BBC Eur Feed 6" service_name="BBC Eur Feed 6" provider="BBC World Service" sid="3698" onid="126" tsid="2578" />
  </bouquet>
</zapit>
