{
  "api_version": 4,
  "bouquet_count": "64",
  "category": "terrestrial",
  "deduplicated_services": "0",
  "display_name": "EPIQA",
  "lamedb_version": "4",
  "last_seen": "unknown",
  "region_code": "epiqa",
  "service_count": "1885",
  "source": "work/ingest/oe-alliance/vhannibal.hotbird.and.dtt.lombardia/enigma2",
  "stale": "unknown",
  "stats": "{\"bouquet_count\": 41, \"cable_services\": 0, \"radio_services\": 262, \"sat_services\": 1565, \"terrestrial_services\": 320, \"total_services\": 1885}",
  "thresholds": "{\"cable\": 20, \"sat\": 50, \"terrestrial\": 20}",
  "transponder_count": "117"
}