<?xml version='1.0' encoding='utf-8'?>
<zapit>
  <bouquet name="General" category="tv">
    <channel service_ref="1:0:1:00b2:7f1f:217c:eeee0000:0:0:0:" name="Ciao TV" service_name="Ciao TV" provider="EKA1-Provider" sid="178" onid="8572" tsid="32543" />
    <channel service_ref="1:0:1:0b05:7f1f:217c:eeee0000:0:0:0:" name="Delta TV" service_name="Delta TV" provider="TLA" sid="2821" onid="8572" tsid="32543" />
    <channel service_ref="1:0:1:000f:7f1f:217c:eeee0000:0:0:0:" name="ENJOY TV" service_name="ENJOY TV" provider="AjV - Ottcast" sid="15" onid="8572" tsid="32543" />
    <channel service_ref="1:0:1:03f2:7f1f:217c:eeee0000:0:0:0:" name="Magic Music TV" service_name="Magic Music TV" provider="TLA TV" sid="1010" onid="8572" tsid="32543" />
    <channel service_ref="1:0:1:002b:7f1f:217c:eeee0000:0:0:0:" name="MsSport" service_name="MsSport" provider="TLA" sid="43" onid="8572" tsid="32543" />
    <channel service_ref="1:0:1:000b:7f1f:217c:eeee0000:0:0:0:" name="NEOMELODICA" service_name="NEOMELODICA" provider="TLA" sid="11" onid="8572" tsid="32543" />
    <channel service_ref="1:0:1:012d:7f1f:217c:eeee0000:0:0:0:" name="NORA TV" service_name="NORA TV" provider="DTV" sid="301" onid="8572" tsid="32543" />
    <channel service_ref="1:0:1:004e:7f1f:217c:eeee0000:0:0:0:" name="RL Channel" service_name="RL Channel" provider="TLA" sid="78" onid="8572" tsid="32543" />
    <channel service_ref="1:0:1:00c0:7f1f:217c:eeee0000:0:0:0:" name="RTC Targato Napoli" service_name="RTC Targato Napoli" provider="Scopus Network Technologies" sid="192" onid="8572" tsid="32543" />
    <channel service_ref="1:0:1:0b01:7f1f:217c:eeee0000:0:0:0:" name="RTE-TELEVISION-Ciao TV" service_name="RTE-TELEVISION-Ciao TV" provider="TLA" sid="2817" onid="8572" tsid="32543" />
    <channel service_ref="1:0:1:0001:7f1f:217c:eeee0000:0:0:0:" name="Tele Dehon" service_name="Tele Dehon" provider="Tele Dehon" sid="1" onid="8572" tsid="32543" />
    <channel service_ref="1:0:1:002d:7f1f:217c:eeee0000:0:0:0:" name="TeleSpazio2" service_name="TeleSpazio2" provider="TLA" sid="45" onid="8572" tsid="32543" />
    <channel service_ref="1:0:1:0141:7f1f:217c:eeee0000:0:0:0:" name="Teleuniverso" service_name="Teleuniverso" provider="Teleuniverso" sid="321" onid="8572" tsid="32543" />
    <channel service_ref="1:0:1:0002:7f1f:217c:eeee0000:0:0:0:" name="TLA TV" service_name="TLA TV" provider="TLA" sid="2" onid="8572" tsid="32543" />
    <channel service_ref="1:0:1:00b3:7f1f:217c:eeee0000:0:0:0:" name="TR BUONCONSIGLIO" service_name="TR BUONCONSIGLIO" provider="Scopus Network Technologies" sid="179" onid="8572" tsid="32543" />
    <channel service_ref="1:0:1:00bf:7f1f:217c:eeee0000:0:0:0:" name="TV CAMPANE 1" service_name="TV CAMPANE 1" provider="AjV - Ottcast" sid="191" onid="8572" tsid="32543" />
    <channel service_ref="1:0:1:03ea:7f1f:217c:eeee0000:0:0:0:" name="TV7" service_name="TV7" provider="TLA" sid="1002" onid="8572" tsid="32543" />
  </bouquet>
  <bouquet name="Sports" category="tv">
    <channel service_ref="1:0:1:002b:7f1f:217c:eeee0000:0:0:0:" name="MsSport" service_name="MsSport" provider="TLA" sid="43" onid="8572" tsid="32543" />
  </bouquet>
  <bouquet name="Music" category="tv">
    <channel service_ref="1:0:1:03f2:7f1f:217c:eeee0000:0:0:0:" name="Magic Music TV" service_name="Magic Music TV" provider="TLA TV" sid="1010" onid="8572" tsid="32543" />
  </bouquet>
  <bouquet name="Switzerland" category="tv">
    <channel service_ref="1:0:1:0b01:7f1f:217c:eeee0000:0:0:0:" name="RTE-TELEVISION-Ciao TV" service_name="RTE-TELEVISION-Ciao TV" provider="TLA" sid="2817" onid="8572" tsid="32543" />
    <channel service_ref="1:0:1:0001:7f1f:217c:eeee0000:0:0:0:" name="Tele Dehon" service_name="Tele Dehon" provider="Tele Dehon" sid="1" onid="8572" tsid="32543" />
    <channel service_ref="1:0:1:002d:7f1f:217c:eeee0000:0:0:0:" name="TeleSpazio2" service_name="TeleSpazio2" provider="TLA" sid="45" onid="8572" tsid="32543" />
    <channel service_ref="1:0:1:0141:7f1f:217c:eeee0000:0:0:0:" name="Teleuniverso" service_name="Teleuniverso" provider="Teleuniverso" sid="321" onid="8572" tsid="32543" />
  </bouquet>
  <bouquet name="Others" category="tv">
    <channel service_ref="1:0:1:00b2:7f1f:217c:eeee0000:0:0:0:" name="Ciao TV" service_name="Ciao TV" provider="EKA1-Provider" sid="178" onid="8572" tsid="32543" />
    <channel service_ref="1:0:1:0b05:7f1f:217c:eeee0000:0:0:0:" name="Delta TV" service_name="Delta TV" provider="TLA" sid="2821" onid="8572" tsid="32543" />
    <channel service_ref="1:0:1:000f:7f1f:217c:eeee0000:0:0:0:" name="ENJOY TV" service_name="ENJOY TV" provider="AjV - Ottcast" sid="15" onid="8572" tsid="32543" />
    <channel service_ref="1:0:1:000b:7f1f:217c:eeee0000:0:0:0:" name="NEOMELODICA" service_name="NEOMELODICA" provider="TLA" sid="11" onid="8572" tsid="32543" />
    <channel service_ref="1:0:1:012d:7f1f:217c:eeee0000:0:0:0:" name="NORA TV" service_name="NORA TV" provider="DTV" sid="301" onid="8572" tsid="32543" />
    <channel service_ref="1:0:1:004e:7f1f:217c:eeee0000:0:0:0:" name="RL Channel" service_name="RL Channel" provider="TLA" sid="78" onid="8572" tsid="32543" />
    <channel service_ref="1:0:1:00c0:7f1f:217c:eeee0000:0:0:0:" name="RTC Targato Napoli" service_name="RTC Targato Napoli" provider="Scopus Network Technologies" sid="192" onid="8572" tsid="32543" />
    <channel service_ref="1:0:1:0002:7f1f:217c:eeee0000:0:0:0:" name="TLA TV" service_name="TLA TV" provider="TLA" sid="2" onid="8572" tsid="32543" />
    <channel service_ref="1:0:1:00b3:7f1f:217c:eeee0000:0:0:0:" name="TR BUONCONSIGLIO" service_name="TR BUONCONSIGLIO" provider="Scopus Network Technologies" sid="179" onid="8572" tsid="32543" />
    <channel service_ref="1:0:1:00bf:7f1f:217c:eeee0000:0:0:0:" name="TV CAMPANE 1" service_name="TV CAMPANE 1" provider="AjV - Ottcast" sid="191" onid="8572" tsid="32543" />
    <channel service_ref="1:0:1:03ea:7f1f:217c:eeee0000:0:0:0:" name="TV7" service_name="TV7" provider="TLA" sid="1002" onid="8572" tsid="32543" />
  </bouquet>
  <bouquet name="Radio" category="radio">
    <channel service_ref="1:0:2:0b03:7f1f:217c:eeee0000:0:0:0:" name="E lite TV" service_name="E lite TV" provider="" sid="2819" onid="8572" tsid="32543" />
    <channel service_ref="1:0:2:0b04:7f1f:217c:eeee0000:0:0:0:" name="E-lite TV" service_name="E-lite TV" provider="" sid="2820" onid="8572" tsid="32543" />
    <channel service_ref="1:0:2:0b02:7f1f:217c:eeee0000:0:0:0:" name="TeleSpazio2" service_name="TeleSpazio2" provider="" sid="2818" onid="8572" tsid="32543" />
  </bouquet>
  <bouquet name="Digitale terrestre                     by Rogist" category="tv">
    <channel service_ref="1:0:1:2:7f1f:217c:eeee0000:0:0:0:" name="TLA TV" service_name="TLA TV" provider="TLA" sid="2" onid="8572" tsid="32543" />
    <channel service_ref="1:0:1:1:7f1f:217c:eeee0000:0:0:0:" name="Tele Dehon" service_name="Tele Dehon" provider="Tele Dehon" sid="1" onid="8572" tsid="32543" />
    <channel service_ref="1:0:1:3f2:7f1f:217c:eeee0000:0:0:0:" name="Magic Music TV" service_name="Magic Music TV" provider="TLA TV" sid="1010" onid="8572" tsid="32543" />
    <channel service_ref="1:0:1:3ea:7f1f:217c:eeee0000:0:0:0:" name="TV7" service_name="TV7" provider="TLA" sid="1002" onid="8572" tsid="32543" />
    <channel service_ref="1:0:1:4e:7f1f:217c:eeee0000:0:0:0:" name="RL Channel" service_name="RL Channel" provider="TLA" sid="78" onid="8572" tsid="32543" />
    <channel service_ref="1:0:1:b01:7f1f:217c:eeee0000:0:0:0:" name="RTE-TELEVISION-Ciao TV" service_name="RTE-TELEVISION-Ciao TV" provider="TLA" sid="2817" onid="8572" tsid="32543" />
    <channel service_ref="1:0:1:b05:7f1f:217c:eeee0000:0:0:0:" name="Delta TV" service_name="Delta TV" provider="TLA" sid="2821" onid="8572" tsid="32543" />
    <channel service_ref="1:0:2:b02:7f1f:217c:eeee0000:0:0:0:" name="TeleSpazio2" service_name="TeleSpazio2" provider="" sid="2818" onid="8572" tsid="32543" />
    <channel service_ref="1:0:2:b03:7f1f:217c:eeee0000:0:0:0:" name="E lite TV" service_name="E lite TV" provider="" sid="2819" onid="8572" tsid="32543" />
    <channel service_ref="1:0:2:b04:7f1f:217c:eeee0000:0:0:0:" name="E-lite TV" service_name="E-lite TV" provider="" sid="2820" onid="8572" tsid="32543" />
  </bouquet>
  <bouquet name="Digitale terrestre                     by Rogist" category="tv">
    <channel service_ref="1:0:1:2:7f1f:217c:eeee0000:0:0:0:" name="TLA TV" service_name="TLA TV" provider="TLA" sid="2" onid="8572" tsid="32543" />
    <channel service_ref="1:0:1:4e:7f1f:217c:eeee0000:0:0:0:" name="RL Channel" service_name="RL Channel" provider="TLA" sid="78" onid="8572" tsid="32543" />
    <channel service_ref="1:0:1:1:7f1f:217c:eeee0000:0:0:0:" name="Tele Dehon" service_name="Tele Dehon" provider="Tele Dehon" sid="1" onid="8572" tsid="32543" />
    <channel service_ref="1:0:1:b01:7f1f:217c:eeee0000:0:0:0:" name="RTE-TELEVISION-Ciao TV" service_name="RTE-TELEVISION-Ciao TV" provider="TLA" sid="2817" onid="8572" tsid="32543" />
    <channel service_ref="1:0:1:b03:7f1f:217c:eeee0000:0:0:0:" name="E lite TV" service_name="E lite TV" provider="" sid="2819" onid="8572" tsid="32543" />
    <channel service_ref="1:0:2:b02:7f1f:217c:eeee0000:0:0:0:" name="TeleSpazio2" service_name="TeleSpazio2" provider="" sid="2818" onid="8572" tsid="32543" />
    <channel service_ref="1:0:2:b04:7f1f:217c:eeee0000:0:0:0:" name="E-lite TV" service_name="E-lite TV" provider="" sid="2820" onid="8572" tsid="32543" />
    <channel service_ref="1:0:2:b05:7f1f:217c:eeee0000:0:0:0:" name="Delta TV" service_name="Delta TV" provider="TLA" sid="2821" onid="8572" tsid="32543" />
  </bouquet>
</zapit>
