<?xml version='1.0' encoding='utf-8'?>
<zapit>
  <bouquet name="General" category="tv">
    <channel service_ref="1:0:1:0016:0005:00d5:01c20000:0:0:0:" name="Alfa TV" service_name="Alfa TV" provider="NURTS" sid="22" onid="213" tsid="5" />
    <channel service_ref="1:0:1:0017:0005:00d5:01c20000:0:0:0:" name="BH TV" service_name="BH TV" provider="NURTS" sid="23" onid="213" tsid="5" />
    <channel service_ref="1:0:1:001f:0005:00d5:01c20000:0:0:0:" name="BSTV" service_name="BSTV" provider="NURTS" sid="31" onid="213" tsid="5" />
    <channel service_ref="1:0:1:0008:0003:00d5:01c20000:0:0:0:" name="CITY TV" service_name="CITY TV" provider="NURTS" sid="8" onid="213" tsid="3" />
    <channel service_ref="1:0:1:0015:0005:00d5:01c20000:0:0:0:" name="NKTV Evrokom" service_name="NKTV Evrokom" provider="NURTS" sid="21" onid="213" tsid="5" />
    <channel service_ref="1:0:1:0019:0005:00d5:01c20000:0:0:0:" name="NTV Styl" service_name="NTV Styl" provider="NURTS" sid="25" onid="213" tsid="5" />
    <channel service_ref="1:0:1:002f:0005:00d5:01c20000:0:0:0:" name="PPTV" service_name="PPTV" provider="NURTS" sid="47" onid="213" tsid="5" />
    <channel service_ref="1:0:1:002e:0005:00d5:01c20000:0:0:0:" name="The Voice" service_name="The Voice" provider="NURTS" sid="46" onid="213" tsid="5" />
    <channel service_ref="1:0:1:004b:0005:00d5:01c20000:0:0:0:" name="VTK" service_name="VTK" provider="NURTS" sid="75" onid="213" tsid="5" />
    <channel service_ref="1:0:1:001a:0005:00d5:01c20000:0:0:0:" name="БНТ 4" service_name="БНТ 4" provider="NURTS" sid="26" onid="213" tsid="5" />
  </bouquet>
  <bouquet name="RTL" category="tv">
    <channel service_ref="1:0:1:0019:0005:00d5:01c20000:0:0:0:" name="NTV Styl" service_name="NTV Styl" provider="NURTS" sid="25" onid="213" tsid="5" />
  </bouquet>
  <bouquet name="Others" category="tv">
    <channel service_ref="1:0:1:0016:0005:00d5:01c20000:0:0:0:" name="Alfa TV" service_name="Alfa TV" provider="NURTS" sid="22" onid="213" tsid="5" />
    <channel service_ref="1:0:1:0017:0005:00d5:01c20000:0:0:0:" name="BH TV" service_name="BH TV" provider="NURTS" sid="23" onid="213" tsid="5" />
    <channel service_ref="1:0:1:001f:0005:00d5:01c20000:0:0:0:" name="BSTV" service_name="BSTV" provider="NURTS" sid="31" onid="213" tsid="5" />
    <channel service_ref="1:0:1:0008:0003:00d5:01c20000:0:0:0:" name="CITY TV" service_name="CITY TV" provider="NURTS" sid="8" onid="213" tsid="3" />
    <channel service_ref="1:0:1:0015:0005:00d5:01c20000:0:0:0:" name="NKTV Evrokom" service_name="NKTV Evrokom" provider="NURTS" sid="21" onid="213" tsid="5" />
    <channel service_ref="1:0:1:002f:0005:00d5:01c20000:0:0:0:" name="PPTV" service_name="PPTV" provider="NURTS" sid="47" onid="213" tsid="5" />
    <channel service_ref="1:0:1:002e:0005:00d5:01c20000:0:0:0:" name="The Voice" service_name="The Voice" provider="NURTS" sid="46" onid="213" tsid="5" />
    <channel service_ref="1:0:1:004b:0005:00d5:01c20000:0:0:0:" name="VTK" service_name="VTK" provider="NURTS" sid="75" onid="213" tsid="5" />
    <channel service_ref="1:0:1:001a:0005:00d5:01c20000:0:0:0:" name="БНТ 4" service_name="БНТ 4" provider="NURTS" sid="26" onid="213" tsid="5" />
  </bouquet>
  <bouquet name="Radio" category="radio">
    <channel service_ref="1:0:2:000f:0003:00d5:01c20000:0:0:0:" name="Avtoradio" service_name="Avtoradio" provider="NURTS" sid="15" onid="213" tsid="3" />
    <channel service_ref="1:0:2:000a:0003:00d5:01c20000:0:0:0:" name="BG RADIO" service_name="BG RADIO" provider="NURTS" sid="10" onid="213" tsid="3" />
    <channel service_ref="1:0:2:001e:0003:00d5:01c20000:0:0:0:" name="BNR Blagoevgrad" service_name="BNR Blagoevgrad" provider="NURTS" sid="30" onid="213" tsid="3" />
    <channel service_ref="1:0:2:0013:0003:00d5:01c20000:0:0:0:" name="BNR Burgas" service_name="BNR Burgas" provider="NURTS" sid="19" onid="213" tsid="3" />
    <channel service_ref="1:0:2:000e:0003:00d5:01c20000:0:0:0:" name="BNR HR. BOTEV" service_name="BNR HR. BOTEV" provider="NURTS" sid="14" onid="213" tsid="3" />
    <channel service_ref="1:0:2:001f:0003:00d5:01c20000:0:0:0:" name="BNR Shumen" service_name="BNR Shumen" provider="NURTS" sid="31" onid="213" tsid="3" />
    <channel service_ref="1:0:2:0014:0003:00d5:01c20000:0:0:0:" name="BNR Sofia" service_name="BNR Sofia" provider="NURTS" sid="20" onid="213" tsid="3" />
    <channel service_ref="1:0:2:001b:0003:00d5:01c20000:0:0:0:" name="BNR St. Zagora" service_name="BNR St. Zagora" provider="NURTS" sid="27" onid="213" tsid="3" />
    <channel service_ref="1:0:2:001a:0003:00d5:01c20000:0:0:0:" name="BNR Vidin" service_name="BNR Vidin" provider="NURTS" sid="26" onid="213" tsid="3" />
    <channel service_ref="1:0:2:0023:0003:00d5:01c20000:0:0:0:" name="Classic FM" service_name="Classic FM" provider="NURTS" sid="35" onid="213" tsid="3" />
    <channel service_ref="1:0:2:000d:0003:00d5:01c20000:0:0:0:" name="Darik Burgas" service_name="Darik Burgas" provider="NURTS" sid="13" onid="213" tsid="3" />
    <channel service_ref="1:0:2:0027:0003:00d5:01c20000:0:0:0:" name="Darik Kustendil" service_name="Darik Kustendil" provider="NURTS" sid="39" onid="213" tsid="3" />
    <channel service_ref="1:0:2:005a:0003:00d5:01c20000:0:0:0:" name="Darik Nostalgie" service_name="Darik Nostalgie" provider="NURTS" sid="90" onid="213" tsid="3" />
    <channel service_ref="1:0:2:000c:0003:00d5:01c20000:0:0:0:" name="Darik Plovdiv" service_name="Darik Plovdiv" provider="NURTS" sid="12" onid="213" tsid="3" />
    <channel service_ref="1:0:2:000b:0003:00d5:01c20000:0:0:0:" name="Darik radio" service_name="Darik radio" provider="NURTS" sid="11" onid="213" tsid="3" />
    <channel service_ref="1:0:2:003a:0003:00d5:01c20000:0:0:0:" name="Darik Ruse" service_name="Darik Ruse" provider="NURTS" sid="58" onid="213" tsid="3" />
    <channel service_ref="1:0:2:0026:0003:00d5:01c20000:0:0:0:" name="Darik Varna" service_name="Darik Varna" provider="NURTS" sid="38" onid="213" tsid="3" />
    <channel service_ref="1:0:2:003b:0003:00d5:01c20000:0:0:0:" name="Darik Vratza" service_name="Darik Vratza" provider="NURTS" sid="59" onid="213" tsid="3" />
    <channel service_ref="1:0:2:0021:0003:00d5:01c20000:0:0:0:" name="Jazz FM" service_name="Jazz FM" provider="NURTS" sid="33" onid="213" tsid="3" />
    <channel service_ref="1:0:2:002a:0003:00d5:01c20000:0:0:0:" name="Melody" service_name="Melody" provider="NURTS" sid="42" onid="213" tsid="3" />
    <channel service_ref="1:0:2:001c:0003:00d5:01c20000:0:0:0:" name="N-JOY" service_name="N-JOY" provider="NURTS" sid="28" onid="213" tsid="3" />
    <channel service_ref="1:0:2:0024:0003:00d5:01c20000:0:0:0:" name="N-Joy Cable" service_name="N-Joy Cable" provider="NURTS" sid="36" onid="213" tsid="3" />
    <channel service_ref="1:0:2:002b:0003:00d5:01c20000:0:0:0:" name="Nova News" service_name="Nova News" provider="NURTS" sid="43" onid="213" tsid="3" />
    <channel service_ref="1:0:2:0009:0003:00d5:01c20000:0:0:0:" name="RADIO 1" service_name="RADIO 1" provider="NURTS" sid="9" onid="213" tsid="3" />
    <channel service_ref="1:0:2:002f:0003:00d5:01c20000:0:0:0:" name="Radio FM+" service_name="Radio FM+" provider="NURTS" sid="47" onid="213" tsid="3" />
    <channel service_ref="1:0:2:002e:0003:00d5:01c20000:0:0:0:" name="Radio Fresh" service_name="Radio Fresh" provider="NURTS" sid="46" onid="213" tsid="3" />
    <channel service_ref="1:0:2:003f:0003:00d5:01c20000:0:0:0:" name="Radio Magic FM" service_name="Radio Magic FM" provider="NURTS" sid="63" onid="213" tsid="3" />
    <channel service_ref="1:0:2:003d:0003:00d5:01c20000:0:0:0:" name="Radio The Voice" service_name="Radio The Voice" provider="NURTS" sid="61" onid="213" tsid="3" />
    <channel service_ref="1:0:2:003e:0003:00d5:01c20000:0:0:0:" name="Radio Veselina" service_name="Radio Veselina" provider="NURTS" sid="62" onid="213" tsid="3" />
    <channel service_ref="1:0:2:003c:0003:00d5:01c20000:0:0:0:" name="Radio Vitosha" service_name="Radio Vitosha" provider="NURTS" sid="60" onid="213" tsid="3" />
    <channel service_ref="1:0:2:0022:0003:00d5:01c20000:0:0:0:" name="RNE" service_name="RNE" provider="NURTS" sid="34" onid="213" tsid="3" />
    <channel service_ref="1:0:2:002c:0003:00d5:01c20000:0:0:0:" name="Start FM" service_name="Start FM" provider="NURTS" sid="44" onid="213" tsid="3" />
    <channel service_ref="1:0:2:002d:0003:00d5:01c20000:0:0:0:" name="Test Signal" service_name="Test Signal" provider="NURTS" sid="45" onid="213" tsid="3" />
    <channel service_ref="1:0:2:001d:0003:00d5:01c20000:0:0:0:" name="Z-ROCK" service_name="Z-ROCK" provider="NURTS" sid="29" onid="213" tsid="3" />
    <channel service_ref="1:0:2:0025:0003:00d5:01c20000:0:0:0:" name="Z-Rock Cable" service_name="Z-Rock Cable" provider="NURTS" sid="37" onid="213" tsid="3" />
  </bouquet>
  <bouquet name="Radio - Music" category="radio">
    <channel service_ref="1:0:2:0023:0003:00d5:01c20000:0:0:0:" name="Classic FM" service_name="Classic FM" provider="NURTS" sid="35" onid="213" tsid="3" />
    <channel service_ref="1:0:2:0021:0003:00d5:01c20000:0:0:0:" name="Jazz FM" service_name="Jazz FM" provider="NURTS" sid="33" onid="213" tsid="3" />
    <channel service_ref="1:0:2:002f:0003:00d5:01c20000:0:0:0:" name="Radio FM+" service_name="Radio FM+" provider="NURTS" sid="47" onid="213" tsid="3" />
    <channel service_ref="1:0:2:003f:0003:00d5:01c20000:0:0:0:" name="Radio Magic FM" service_name="Radio Magic FM" provider="NURTS" sid="63" onid="213" tsid="3" />
    <channel service_ref="1:0:2:002c:0003:00d5:01c20000:0:0:0:" name="Start FM" service_name="Start FM" provider="NURTS" sid="44" onid="213" tsid="3" />
    <channel service_ref="1:0:2:001d:0003:00d5:01c20000:0:0:0:" name="Z-ROCK" service_name="Z-ROCK" provider="NURTS" sid="29" onid="213" tsid="3" />
    <channel service_ref="1:0:2:0025:0003:00d5:01c20000:0:0:0:" name="Z-Rock Cable" service_name="Z-Rock Cable" provider="NURTS" sid="37" onid="213" tsid="3" />
  </bouquet>
  <bouquet name="Radio - News" category="radio">
    <channel service_ref="1:0:2:002b:0003:00d5:01c20000:0:0:0:" name="Nova News" service_name="Nova News" provider="NURTS" sid="43" onid="213" tsid="3" />
  </bouquet>
  <bouquet name="Radio - Regional" category="radio">
    <channel service_ref="1:0:2:000e:0003:00d5:01c20000:0:0:0:" name="BNR HR. BOTEV" service_name="BNR HR. BOTEV" provider="NURTS" sid="14" onid="213" tsid="3" />
  </bouquet>
</zapit>
