<?xml version='1.0' encoding='utf-8'?>
<zapit>
  <bouquet name="General" category="tv">
    <channel service_ref="1:0:1:27ce:00c9:0055:00300000:0:0:0:" name="" service_name="" provider="AMB" sid="10190" onid="85" tsid="201" />
    <channel service_ref="1:0:1:1b3a:0011:0055:00300000:0:0:0:" name="' Apostrophe TV" service_name="' Apostrophe TV" provider="" sid="6970" onid="85" tsid="17" />
    <channel service_ref="1:0:25:1dd3:002b:0055:00300000:0:0:0:" name="'Apostrophe TV" service_name="'Apostrophe TV" provider="" sid="7635" onid="85" tsid="43" />
    <channel service_ref="1:0:22:1dc0:002b:0055:00300000:0:0:0:" name="/////PRYAMIY" service_name="/////PRYAMIY" provider="" sid="7616" onid="85" tsid="43" />
    <channel service_ref="1:0:22:17d4:000c:0055:00300000:0:0:0:" name="1+1" service_name="1+1" provider="1plus1 Media" sid="6100" onid="85" tsid="12" />
    <channel service_ref="1:0:25:17d5:000c:0055:00300000:0:0:0:" name="1+1 HD" service_name="1+1 HD" provider="1plus1 Media" sid="6101" onid="85" tsid="12" />
    <channel service_ref="1:0:22:17ed:000c:0055:00300000:0:0:0:" name="1+1 International" service_name="1+1 International" provider="1plus1 Media" sid="6125" onid="85" tsid="12" />
    <channel service_ref="1:0:1:1a18:0010:0055:00300000:0:0:0:" name="1+1 International" service_name="1+1 International" provider="" sid="6680" onid="85" tsid="16" />
    <channel service_ref="1:0:22:17e8:000c:0055:00300000:0:0:0:" name="2+2" service_name="2+2" provider="1plus1 Media" sid="6120" onid="85" tsid="12" />
    <channel service_ref="1:0:1:0ae8:00c9:0055:00300000:0:0:0:" name="3+ Latvija" service_name="3+ Latvija" provider="AMB" sid="2792" onid="85" tsid="201" />
    <channel service_ref="1:0:22:0b67:0035:0055:00300000:0:0:0:" name="34" service_name="34" provider="XTRA TV" sid="2919" onid="85" tsid="53" />
    <channel service_ref="1:0:22:180a:000c:0055:00300000:0:0:0:" name="36.6 TV" service_name="36.6 TV" provider="1plus1 Media" sid="6154" onid="85" tsid="12" />
    <channel service_ref="1:0:22:0a21:0018:0044:00300000:0:0:0:" name="4ever Music" service_name="4ever Music" provider="VIASAT" sid="2593" onid="68" tsid="24" />
    <channel service_ref="1:0:22:010e:0002:0055:00300000:0:0:0:" name="8 Kanal int" service_name="8 Kanal int" provider="" sid="270" onid="85" tsid="2" />
    <channel service_ref="1:0:1:007a:0065:0001:00300000:0:0:0:" name="ALPHAMERIC UK - CISCO 1" service_name="ALPHAMERIC UK - CISCO 1" provider="" sid="122" onid="1" tsid="101" />
    <channel service_ref="1:0:1:004b:0065:0001:00300000:0:0:0:" name="ALPHAMERIC UK WITH BTC" service_name="ALPHAMERIC UK WITH BTC" provider="" sid="75" onid="1" tsid="101" />
    <channel service_ref="1:0:1:000c:0065:0001:00300000:0:0:0:" name="ALT VC 11" service_name="ALT VC 11" provider="" sid="12" onid="1" tsid="101" />
    <channel service_ref="1:0:1:007c:0065:0001:00300000:0:0:0:" name="ALT VC 122" service_name="ALT VC 122" provider="" sid="124" onid="1" tsid="101" />
    <channel service_ref="1:0:1:005e:0065:0001:00300000:0:0:0:" name="ALT VC 147" service_name="ALT VC 147" provider="" sid="94" onid="1" tsid="101" />
    <channel service_ref="1:0:1:009a:0065:0001:00300000:0:0:0:" name="ALT VC 152" service_name="ALT VC 152" provider="" sid="154" onid="1" tsid="101" />
    <channel service_ref="1:0:1:009b:0065:0001:00300000:0:0:0:" name="ALT VC 153" service_name="ALT VC 153" provider="" sid="155" onid="1" tsid="101" />
    <channel service_ref="1:0:1:00a9:0065:0001:00300000:0:0:0:" name="ALT VC 168" service_name="ALT VC 168" provider="" sid="169" onid="1" tsid="101" />
    <channel service_ref="1:0:1:0054:0065:0001:00300000:0:0:0:" name="ALT VC 302" service_name="ALT VC 302" provider="" sid="84" onid="1" tsid="101" />
    <channel service_ref="1:0:1:0011:0065:0001:00300000:0:0:0:" name="ALT VC 39" service_name="ALT VC 39" provider="" sid="17" onid="1" tsid="101" />
    <channel service_ref="1:0:1:002a:0065:0001:00300000:0:0:0:" name="ALT VC 49" service_name="ALT VC 49" provider="" sid="42" onid="1" tsid="101" />
    <channel service_ref="1:0:1:002f:0065:0001:00300000:0:0:0:" name="ALT VC 70" service_name="ALT VC 70" provider="" sid="47" onid="1" tsid="101" />
    <channel service_ref="1:0:1:004c:0065:0001:00300000:0:0:0:" name="ALT VC 75" service_name="ALT VC 75" provider="" sid="76" onid="1" tsid="101" />
    <channel service_ref="1:0:1:0020:0065:0001:00300000:0:0:0:" name="ALT VC 79" service_name="ALT VC 79" provider="" sid="32" onid="1" tsid="101" />
    <channel service_ref="1:0:22:09ce:0018:0044:00300000:0:0:0:" name="Animal Planet" service_name="Animal Planet" provider="VIASAT" sid="2510" onid="68" tsid="24" />
    <channel service_ref="1:0:22:02cd:000c:0055:00300000:0:0:0:" name="AVERS" service_name="AVERS" provider="1plus1 Media" sid="717" onid="85" tsid="12" />
    <channel service_ref="1:0:1:27a1:00c9:0055:00300000:0:0:0:" name="Baltijos televizija" service_name="Baltijos televizija" provider="AMB" sid="10145" onid="85" tsid="201" />
    <channel service_ref="1:0:1:289b:0000:0000:00302eb6:0:0:0:" name="BBC World News" service_name="BBC World News" provider="AMB" sid="10395" onid="0" tsid="0" />
    <channel service_ref="1:0:1:050b:0012:0055:00300000:0:0:0:" name="Belsat TV" service_name="Belsat TV" provider="" sid="1291" onid="85" tsid="18" />
    <channel service_ref="1:0:1:00a8:0065:0001:00300000:0:0:0:" name="BETFRED SIS - CISCO 1" service_name="BETFRED SIS - CISCO 1" provider="" sid="168" onid="1" tsid="101" />
    <channel service_ref="1:0:1:001f:0065:0001:00300000:0:0:0:" name="BETFRED TOTE 2 - CISCO 1" service_name="BETFRED TOTE 2 - CISCO 1" provider="" sid="31" onid="1" tsid="101" />
    <channel service_ref="1:0:1:00a0:00c9:0001:00300000:0:0:0:" name="Betfred1" service_name="Betfred1" provider="SIS Limited" sid="160" onid="1" tsid="201" />
    <channel service_ref="1:0:1:00a2:00c9:0001:00300000:0:0:0:" name="Betfred2" service_name="Betfred2" provider="SIS Limited" sid="162" onid="1" tsid="201" />
    <channel service_ref="1:0:1:00a3:00c9:0001:00300000:0:0:0:" name="Betfred3" service_name="Betfred3" provider="SIS Limited" sid="163" onid="1" tsid="201" />
    <channel service_ref="1:0:22:17e2:000c:0055:00300000:0:0:0:" name="Bigudi" service_name="Bigudi" provider="1plus1 Media" sid="6114" onid="85" tsid="12" />
    <channel service_ref="1:0:22:0adc:001a:0044:00300000:0:0:0:" name="BOLT" service_name="BOLT" provider="VIASAT" sid="2780" onid="68" tsid="26" />
    <channel service_ref="1:0:22:1de7:002b:0055:00300000:0:0:0:" name="CENTRAL" service_name="CENTRAL" provider="" sid="7655" onid="85" tsid="43" />
    <channel service_ref="1:0:22:1dd8:002b:0055:00300000:0:0:0:" name="Channel 4 (Ukraine)" service_name="Channel 4 (Ukraine)" provider="" sid="7640" onid="85" tsid="43" />
    <channel service_ref="1:0:1:1b12:0011:0055:00300000:0:0:0:" name="Channel 5 (Ukraine)" service_name="Channel 5 (Ukraine)" provider="Channel 5 (Ukraine)" sid="6930" onid="85" tsid="17" />
    <channel service_ref="1:0:22:1dc9:002b:0055:00300000:0:0:0:" name="Channel 5 (Ukraine) HD" service_name="Channel 5 (Ukraine) HD" provider="" sid="7625" onid="85" tsid="43" />
    <channel service_ref="1:0:1:0005:00c9:0001:00300000:0:0:0:" name="Channel_5" service_name="Channel_5" provider="SIS Limited" sid="5" onid="1" tsid="201" />
    <channel service_ref="1:0:1:0006:00c9:0001:00300000:0:0:0:" name="Channel_6" service_name="Channel_6" provider="SIS Limited" sid="6" onid="1" tsid="201" />
    <channel service_ref="1:0:1:0007:00c9:0001:00300000:0:0:0:" name="Channel_7" service_name="Channel_7" provider="SIS Limited" sid="7" onid="1" tsid="201" />
    <channel service_ref="1:0:1:0008:00c9:0001:00300000:0:0:0:" name="Channel_8" service_name="Channel_8" provider="SIS Limited" sid="8" onid="1" tsid="201" />
    <channel service_ref="1:0:1:0009:00c9:0001:00300000:0:0:0:" name="Channel_9" service_name="Channel_9" provider="SIS Limited" sid="9" onid="1" tsid="201" />
    <channel service_ref="1:0:1:026c:0065:0001:00300000:0:0:0:" name="CoralTV1" service_name="CoralTV1" provider="" sid="620" onid="1" tsid="101" />
    <channel service_ref="1:0:1:026f:0065:0001:00300000:0:0:0:" name="CoralTV2" service_name="CoralTV2" provider="" sid="623" onid="1" tsid="101" />
    <channel service_ref="1:0:25:1e0f:002b:0055:00300000:0:0:0:" name="COVID-19" service_name="COVID-19" provider="" sid="7695" onid="85" tsid="43" />
    <channel service_ref="1:0:22:17f4:000c:0055:00300000:0:0:0:" name="Dacha" service_name="Dacha" provider="1plus1 Media" sid="6132" onid="85" tsid="12" />
    <channel service_ref="1:0:22:09e2:0018:0044:00300000:0:0:0:" name="Discovery Channel" service_name="Discovery Channel" provider="VIASAT" sid="2530" onid="68" tsid="24" />
    <channel service_ref="1:0:1:297c:0000:0000:0030aea2:0:0:0:" name="Discovery Channel" service_name="Discovery Channel" provider="" sid="10620" onid="0" tsid="0" />
    <channel service_ref="1:0:25:0be0:001a:0044:00300000:0:0:0:" name="Discovery ID HD" service_name="Discovery ID HD" provider="VIASAT" sid="3040" onid="68" tsid="26" />
    <channel service_ref="1:0:22:0a0a:0018:0044:00300000:0:0:0:" name="Discovery Science" service_name="Discovery Science" provider="VIASAT" sid="2570" onid="68" tsid="24" />
    <channel service_ref="1:0:1:0b39:0000:0000:00302eb6:0:0:0:" name="Disney Channel" service_name="Disney Channel" provider="AMB" sid="2873" onid="0" tsid="0" />
    <channel service_ref="1:0:1:0b3e:0000:0000:00302eb6:0:0:0:" name="Disney Junior" service_name="Disney Junior" provider="AMB" sid="2878" onid="0" tsid="0" />
    <channel service_ref="1:0:1:19dc:0010:0055:00300000:0:0:0:" name="DOM TV" service_name="DOM TV" provider="" sid="6620" onid="85" tsid="16" />
    <channel service_ref="1:0:25:1dbf:002b:0055:00300000:0:0:0:" name="DOM TV" service_name="DOM TV" provider="" sid="7615" onid="85" tsid="43" />
    <channel service_ref="1:0:22:1dfb:002b:0055:00300000:0:0:0:" name="DONBAS ONLINE" service_name="DONBAS ONLINE" provider="" sid="7675" onid="85" tsid="43" />
    <channel service_ref="1:0:22:0b66:0035:0055:00300000:0:0:0:" name="Donbass" service_name="Donbass" provider="XTRA TV" sid="2918" onid="85" tsid="53" />
    <channel service_ref="1:0:22:0a00:0018:0044:00300000:0:0:0:" name="DORAMA" service_name="DORAMA" provider="VIASAT" sid="2560" onid="68" tsid="24" />
    <channel service_ref="1:0:22:0a04:0018:0044:00300000:0:0:0:" name="DUCK TV" service_name="DUCK TV" provider="VIASAT" sid="2564" onid="68" tsid="24" />
    <channel service_ref="1:0:1:27ec:00c9:0055:00300000:0:0:0:" name="Duo 3" service_name="Duo 3" provider="AMB" sid="10220" onid="85" tsid="201" />
    <channel service_ref="1:0:1:0b27:0000:0000:00302eb6:0:0:0:" name="Duo 4" service_name="Duo 4" provider="AMB" sid="2855" onid="0" tsid="0" />
    <channel service_ref="1:0:1:27e2:00c9:0055:00300000:0:0:0:" name="Duo 5" service_name="Duo 5" provider="AMB" sid="10210" onid="85" tsid="201" />
    <channel service_ref="1:0:1:296d:0000:0000:0030aea2:0:0:0:" name="Duo 6" service_name="Duo 6" provider="" sid="10605" onid="0" tsid="0" />
    <channel service_ref="1:0:1:007a:0002:0055:00300000:0:0:0:" name="DW Deutsch" service_name="DW Deutsch" provider="" sid="122" onid="85" tsid="2" />
    <channel service_ref="1:0:1:0b50:0000:0000:00302eb6:0:0:0:" name="E! Entertainment" service_name="E! Entertainment" provider="AMB" sid="2896" onid="0" tsid="0" />
    <channel service_ref="1:0:25:1e0a:002b:0055:00300000:0:0:0:" name="English Club HD" service_name="English Club HD" provider="" sid="7690" onid="85" tsid="43" />
    <channel service_ref="1:0:22:1ef4:002e:0055:00300000:0:0:0:" name="Enter Film" service_name="Enter Film" provider="" sid="7924" onid="85" tsid="46" />
    <channel service_ref="1:0:25:1ef5:002e:0055:00300000:0:0:0:" name="Enter Film HD" service_name="Enter Film HD" provider="" sid="7925" onid="85" tsid="46" />
    <channel service_ref="1:0:25:0bd6:001a:0044:00300000:0:0:0:" name="Epic Drama HD" service_name="Epic Drama HD" provider="VIASAT" sid="3030" onid="68" tsid="26" />
    <channel service_ref="1:0:22:1de2:002b:0055:00300000:0:0:0:" name="ERC" service_name="ERC" provider="" sid="7650" onid="85" tsid="43" />
    <channel service_ref="1:0:1:07ba:000f:0055:00300000:0:0:0:" name="Espreso TV" service_name="Espreso TV" provider="" sid="1978" onid="85" tsid="15" />
    <channel service_ref="1:0:1:284b:0000:0000:00302eb6:0:0:0:" name="ETV" service_name="ETV" provider="AMB" sid="10315" onid="0" tsid="0" />
    <channel service_ref="1:0:1:0b66:0000:0000:0030aea2:0:0:0:" name="ETV 2" service_name="ETV 2" provider="" sid="2918" onid="0" tsid="0" />
    <channel service_ref="1:0:1:0b98:0000:0000:0030aea2:0:0:0:" name="ETV+" service_name="ETV+" provider="" sid="2968" onid="0" tsid="0" />
    <channel service_ref="1:0:22:0a1f:0018:0044:00300000:0:0:0:" name="EU Music" service_name="EU Music" provider="VIASAT" sid="2591" onid="68" tsid="24" />
    <channel service_ref="1:0:1:0b9c:0000:0000:0030aea2:0:0:0:" name="Eurosport 1" service_name="Eurosport 1" provider="" sid="2972" onid="0" tsid="0" />
    <channel service_ref="1:0:31:09f1:0018:0044:00300000:0:0:0:" name="Eurosport 1 HD" service_name="Eurosport 1 HD" provider="VIASAT" sid="2545" onid="68" tsid="24" />
    <channel service_ref="1:0:1:0ba1:0000:0000:0030aea2:0:0:0:" name="Eurosport 2" service_name="Eurosport 2" provider="" sid="2977" onid="0" tsid="0" />
    <channel service_ref="1:0:22:0bc2:0018:0044:00300000:0:0:0:" name="Eurosport 2" service_name="Eurosport 2" provider="VIASAT" sid="3010" onid="68" tsid="24" />
    <channel service_ref="1:0:22:17fe:000c:0055:00300000:0:0:0:" name="Fauna" service_name="Fauna" provider="1plus1 Media" sid="6142" onid="85" tsid="12" />
    <channel service_ref="1:0:22:02c6:000c:0055:00300000:0:0:0:" name="FilmUADrama" service_name="FilmUADrama" provider="1plus1 Media" sid="710" onid="85" tsid="12" />
    <channel service_ref="1:0:22:0aaa:0018:0044:00300000:0:0:0:" name="Food Network" service_name="Food Network" provider="VIASAT" sid="2730" onid="68" tsid="24" />
    <channel service_ref="1:0:25:0b62:0035:0055:00300000:0:0:0:" name="FOOTBALL 1 HD" service_name="FOOTBALL 1 HD" provider="XTRA TV" sid="2914" onid="85" tsid="53" />
    <channel service_ref="1:0:22:0b63:0035:0055:00300000:0:0:0:" name="FOOTBALL 1 SD" service_name="FOOTBALL 1 SD" provider="XTRA TV" sid="2915" onid="85" tsid="53" />
    <channel service_ref="1:0:25:0b64:0035:0055:00300000:0:0:0:" name="FOOTBALL 2 HD" service_name="FOOTBALL 2 HD" provider="XTRA TV" sid="2916" onid="85" tsid="53" />
    <channel service_ref="1:0:22:0b65:0035:0055:00300000:0:0:0:" name="FOOTBALL 2 SD" service_name="FOOTBALL 2 SD" provider="XTRA TV" sid="2917" onid="85" tsid="53" />
    <channel service_ref="1:0:25:0b73:0035:0055:00300000:0:0:0:" name="FOOTBALL 3 HD" service_name="FOOTBALL 3 HD" provider="XTRA TV" sid="2931" onid="85" tsid="53" />
    <channel service_ref="1:0:22:0a14:0018:0044:00300000:0:0:0:" name="Fox" service_name="Fox" provider="VIASAT" sid="2580" onid="68" tsid="24" />
    <channel service_ref="1:0:1:27e7:00c9:0055:00300000:0:0:0:" name="Fox" service_name="Fox" provider="AMB" sid="10215" onid="85" tsid="201" />
    <channel service_ref="1:0:22:0a18:0018:0044:00300000:0:0:0:" name="Fox Life" service_name="Fox Life" provider="VIASAT" sid="2584" onid="68" tsid="24" />
    <channel service_ref="1:0:1:28d7:0000:0000:00302eb6:0:0:0:" name="Fox Life" service_name="Fox Life" provider="AMB" sid="10455" onid="0" tsid="0" />
    <channel service_ref="1:0:1:07be:000f:0055:00300000:0:0:0:" name="GLAS" service_name="GLAS" provider="Glas" sid="1982" onid="85" tsid="15" />
    <channel service_ref="1:0:1:0fdc:0006:0056:00300000:0:0:0:" name="GOD Channel" service_name="GOD Channel" provider="" sid="4060" onid="86" tsid="6" />
    <channel service_ref="1:0:1:00f0:0002:0055:00300000:0:0:0:" name="Gunaz TV" service_name="Gunaz TV" provider="" sid="240" onid="85" tsid="2" />
    <channel service_ref="1:0:22:0a8c:0018:0044:00300000:0:0:0:" name="History" service_name="History" provider="VIASAT" sid="2700" onid="68" tsid="24" />
    <channel service_ref="1:0:22:0a1c:0018:0044:00300000:0:0:0:" name="Hollywood" service_name="Hollywood" provider="VIASAT" sid="2588" onid="68" tsid="24" />
    <channel service_ref="1:0:1:19fa:0010:0055:00300000:0:0:0:" name="ICTV UA" service_name="ICTV UA" provider="" sid="6650" onid="85" tsid="16" />
    <channel service_ref="1:0:25:0b60:0035:0055:00300000:0:0:0:" name="Indigo HD" service_name="Indigo HD" provider="XTRA TV" sid="2912" onid="85" tsid="53" />
    <channel service_ref="1:0:22:1ee6:002e:0055:00300000:0:0:0:" name="Inter" service_name="Inter" provider="" sid="7910" onid="85" tsid="46" />
    <channel service_ref="1:0:1:1a0e:0010:0055:00300000:0:0:0:" name="INTER +" service_name="INTER +" provider="" sid="6670" onid="85" tsid="16" />
    <channel service_ref="1:0:25:1ef6:002e:0055:00300000:0:0:0:" name="INTER + HD" service_name="INTER + HD" provider="INTER +" sid="7926" onid="85" tsid="46" />
    <channel service_ref="1:0:25:1ee7:002e:0055:00300000:0:0:0:" name="Inter HD" service_name="Inter HD" provider="" sid="7911" onid="85" tsid="46" />
    <channel service_ref="1:0:25:0001:0001:0001:003031be:0:0:0:" name="JurnalTV HD" service_name="JurnalTV HD" provider="ReformaArt" sid="1" onid="1" tsid="1" />
    <channel service_ref="1:0:22:1eec:002e:0055:00300000:0:0:0:" name="K1" service_name="K1" provider="" sid="7916" onid="85" tsid="46" />
    <channel service_ref="1:0:25:1eed:002e:0055:00300000:0:0:0:" name="K1 HD" service_name="K1 HD" provider="" sid="7917" onid="85" tsid="46" />
    <channel service_ref="1:0:22:1eee:002e:0055:00300000:0:0:0:" name="K2" service_name="K2" provider="" sid="7918" onid="85" tsid="46" />
    <channel service_ref="1:0:25:1eef:002e:0055:00300000:0:0:0:" name="K2 HD" service_name="K2 HD" provider="" sid="7919" onid="85" tsid="46" />
    <channel service_ref="1:0:1:0fd2:0006:0056:00300000:0:0:0:" name="Kanal 10" service_name="Kanal 10" provider="" sid="4050" onid="86" tsid="6" />
    <channel service_ref="1:0:1:0b22:0000:0000:00302eb6:0:0:0:" name="Kanal 2" service_name="Kanal 2" provider="AMB" sid="2850" onid="0" tsid="0" />
    <channel service_ref="1:0:1:07c7:000f:0055:00300000:0:0:0:" name="KARAVAN" service_name="KARAVAN" provider="" sid="1991" onid="85" tsid="15" />
    <channel service_ref="1:0:1:27dd:00c9:0055:00300000:0:0:0:" name="Kidzone+" service_name="Kidzone+" provider="AMB" sid="10205" onid="85" tsid="201" />
    <channel service_ref="1:0:22:02d8:000c:0055:00300000:0:0:0:" name="Kus-Kus" service_name="Kus-Kus" provider="1plus1 Media" sid="728" onid="85" tsid="12" />
    <channel service_ref="1:0:22:17dc:000c:0055:00300000:0:0:0:" name="Kvartal TV" service_name="Kvartal TV" provider="1plus1 Media" sid="6108" onid="85" tsid="12" />
    <channel service_ref="1:0:1:1b4e:0011:0055:00300000:0:0:0:" name="Kyiv TV" service_name="Kyiv TV" provider="" sid="6990" onid="85" tsid="17" />
    <channel service_ref="1:0:1:000f:0065:0001:00300000:0:0:0:" name="LADBROKES SIS LES2 - CISCO 1" service_name="LADBROKES SIS LES2 - CISCO 1" provider="" sid="15" onid="1" tsid="101" />
    <channel service_ref="1:0:1:002a:00c9:0001:00300000:0:0:0:" name="Ladbrokes_1" service_name="Ladbrokes_1" provider="SIS" sid="42" onid="1" tsid="201" />
    <channel service_ref="1:0:1:0b61:0000:0000:0030aea2:0:0:0:" name="Lietuvos Rytas TV" service_name="Lietuvos Rytas TV" provider="" sid="2913" onid="0" tsid="0" />
    <channel service_ref="1:0:1:1afe:0011:0055:00300000:0:0:0:" name="LIVE" service_name="LIVE" provider="" sid="6910" onid="85" tsid="17" />
    <channel service_ref="1:0:1:279c:00c9:0055:00300000:0:0:0:" name="LNK" service_name="LNK" provider="AMB" sid="10140" onid="85" tsid="201" />
    <channel service_ref="1:0:1:290e:0000:0000:0030aea2:0:0:0:" name="LRT Lituanica" service_name="LRT Lituanica" provider="" sid="10510" onid="0" tsid="0" />
    <channel service_ref="1:0:1:28cd:0000:0000:00302eb6:0:0:0:" name="LRT Plius" service_name="LRT Plius" provider="AMB" sid="10445" onid="0" tsid="0" />
    <channel service_ref="1:0:1:0b5d:0000:0000:0030aea2:0:0:0:" name="LRT Televizija" service_name="LRT Televizija" provider="" sid="2909" onid="0" tsid="0" />
    <channel service_ref="1:0:1:0ad6:00c9:0055:00300000:0:0:0:" name="LTV 1" service_name="LTV 1" provider="AMB" sid="2774" onid="85" tsid="201" />
    <channel service_ref="1:0:1:0adb:00c9:0055:00300000:0:0:0:" name="LTV 7" service_name="LTV 7" provider="AMB" sid="2779" onid="85" tsid="201" />
    <channel service_ref="1:0:1:02b0:0065:0001:00300000:0:0:0:" name="LTV2" service_name="LTV2" provider="" sid="688" onid="1" tsid="101" />
    <channel service_ref="1:0:1:00c8:0065:0001:00300000:0:0:0:" name="MCUK Test" service_name="MCUK Test" provider="" sid="200" onid="1" tsid="101" />
    <channel service_ref="1:0:22:1eea:002e:0055:00300000:0:0:0:" name="MEGA" service_name="MEGA" provider="" sid="7914" onid="85" tsid="46" />
    <channel service_ref="1:0:25:1eeb:002e:0055:00300000:0:0:0:" name="MEGA HD" service_name="MEGA HD" provider="" sid="7915" onid="85" tsid="46" />
    <channel service_ref="1:0:1:277e:00c9:0055:00300000:0:0:0:" name="Mir" service_name="Mir" provider="AMB" sid="10110" onid="85" tsid="201" />
    <channel service_ref="1:0:1:28aa:0000:0000:00302eb6:0:0:0:" name="MTV 00s" service_name="MTV 00s" provider="AMB" sid="10410" onid="0" tsid="0" />
    <channel service_ref="1:0:1:27d8:00c9:0055:00300000:0:0:0:" name="MTV Hits" service_name="MTV Hits" provider="AMB" sid="10200" onid="85" tsid="201" />
    <channel service_ref="1:0:22:181f:000c:0055:00300000:0:0:0:" name="Music Box" service_name="Music Box" provider="1plus1 Media" sid="6175" onid="85" tsid="12" />
    <channel service_ref="1:0:22:1b03:0011:0055:00300000:0:0:0:" name="NADIYA" service_name="NADIYA" provider="" sid="6915" onid="85" tsid="17" />
    <channel service_ref="1:0:1:1b44:0011:0055:00300000:0:0:0:" name="NASH" service_name="NASH" provider="" sid="6980" onid="85" tsid="17" />
    <channel service_ref="1:0:1:19be:000f:0055:00300000:0:0:0:" name="NATALI" service_name="NATALI" provider="" sid="6590" onid="85" tsid="15" />
    <channel service_ref="1:0:22:0a3c:0018:0044:00300000:0:0:0:" name="National Geographic" service_name="National Geographic" provider="VIASAT" sid="2620" onid="68" tsid="24" />
    <channel service_ref="1:0:1:27c4:00c9:0055:00300000:0:0:0:" name="National Geographic HD" service_name="National Geographic HD" provider="AMB" sid="10180" onid="85" tsid="201" />
    <channel service_ref="1:0:22:02c4:000c:0055:00300000:0:0:0:" name="Nauka" service_name="Nauka" provider="1plus1 Media" sid="708" onid="85" tsid="12" />
    <channel service_ref="1:0:1:28c8:0000:0000:00302eb6:0:0:0:" name="NBA TV" service_name="NBA TV" provider="AMB" sid="10440" onid="0" tsid="0" />
    <channel service_ref="1:0:1:005d:0065:0001:00300000:0:0:0:" name="NEW BOYLES SPORTS - CISCO 1" service_name="NEW BOYLES SPORTS - CISCO 1" provider="" sid="93" onid="1" tsid="101" />
    <channel service_ref="1:0:22:07b1:000f:0055:00300000:0:0:0:" name="New Christian" service_name="New Christian" provider="" sid="1969" onid="85" tsid="15" />
    <channel service_ref="1:0:1:288c:0000:0000:00302eb6:0:0:0:" name="Nick JR" service_name="Nick JR" provider="AMB" sid="10380" onid="0" tsid="0" />
    <channel service_ref="1:0:22:0a64:0018:0044:00300000:0:0:0:" name="Nick Jr." service_name="Nick Jr." provider="VIASAT" sid="2660" onid="68" tsid="24" />
    <channel service_ref="1:0:25:0a5a:0018:0044:00300000:0:0:0:" name="Nickelodeon" service_name="Nickelodeon" provider="VIASAT" sid="2650" onid="68" tsid="24" />
    <channel service_ref="1:0:1:0b47:0000:0000:00302eb6:0:0:0:" name="Nickelodeon" service_name="Nickelodeon" provider="AMB" sid="2887" onid="0" tsid="0" />
    <channel service_ref="1:0:1:0b4b:0000:0000:00302eb6:0:0:0:" name="Nicktoons" service_name="Nicktoons" provider="AMB" sid="2891" onid="0" tsid="0" />
    <channel service_ref="1:0:22:180e:000c:0055:00300000:0:0:0:" name="Nicktoons" service_name="Nicktoons" provider="1plus1 Media" sid="6158" onid="85" tsid="12" />
    <channel service_ref="1:0:22:0a25:0018:0044:00300000:0:0:0:" name="NIKI Junior" service_name="NIKI Junior" provider="VIASAT" sid="2597" onid="68" tsid="24" />
    <channel service_ref="1:0:22:0a23:0018:0044:00300000:0:0:0:" name="NIKI Kids" service_name="NIKI Kids" provider="VIASAT" sid="2595" onid="68" tsid="24" />
    <channel service_ref="1:0:25:0b5f:0035:0055:00300000:0:0:0:" name="NLO HD" service_name="NLO HD" provider="XTRA TV" sid="2911" onid="85" tsid="53" />
    <channel service_ref="1:0:22:1ee8:002e:0055:00300000:0:0:0:" name="NTN" service_name="NTN" provider="" sid="7912" onid="85" tsid="46" />
    <channel service_ref="1:0:25:1ee9:002e:0055:00300000:0:0:0:" name="NTN HD" service_name="NTN HD" provider="" sid="7913" onid="85" tsid="46" />
    <channel service_ref="1:0:1:291d:0000:0000:0030aea2:0:0:0:" name="NTV Mir Lietuva" service_name="NTV Mir Lietuva" provider="" sid="10525" onid="0" tsid="0" />
    <channel service_ref="1:0:22:182e:000c:0055:00300000:0:0:0:" name="O-TV" service_name="O-TV" provider="1plus1 Media" sid="6190" onid="85" tsid="12" />
    <channel service_ref="1:0:22:1e05:002b:0055:00300000:0:0:0:" name="ObozTV" service_name="ObozTV" provider="" sid="7685" onid="85" tsid="43" />
    <channel service_ref="1:0:1:0b30:0000:0000:00302eb6:0:0:0:" name="Ohota i Rybalka" service_name="Ohota i Rybalka" provider="AMB" sid="2864" onid="0" tsid="0" />
    <channel service_ref="1:0:1:002f:00c9:0001:00300000:0:0:0:" name="PaddyPower1 IE" service_name="PaddyPower1 IE" provider="SIS" sid="47" onid="1" tsid="201" />
    <channel service_ref="1:0:1:0030:00c9:0001:00300000:0:0:0:" name="PaddyPower1 UK" service_name="PaddyPower1 UK" provider="SIS" sid="48" onid="1" tsid="201" />
    <channel service_ref="1:0:1:002e:00c9:0001:00300000:0:0:0:" name="PaddyPower2" service_name="PaddyPower2" provider="SIS" sid="46" onid="1" tsid="201" />
    <channel service_ref="1:0:1:004a:00c9:0001:00300000:0:0:0:" name="PaddyPower3" service_name="PaddyPower3" provider="SIS" sid="74" onid="1" tsid="201" />
    <channel service_ref="1:0:22:180c:000c:0055:00300000:0:0:0:" name="Paramount Channel" service_name="Paramount Channel" provider="1plus1 Media" sid="6156" onid="85" tsid="12" />
    <channel service_ref="1:0:22:17f2:000c:0055:00300000:0:0:0:" name="Paramount Comedy" service_name="Paramount Comedy" provider="1plus1 Media" sid="6130" onid="85" tsid="12" />
    <channel service_ref="1:0:22:182d:000c:0055:00300000:0:0:0:" name="Paramount Comedy" service_name="Paramount Comedy" provider="1plus1 Media" sid="6189" onid="85" tsid="12" />
    <channel service_ref="1:0:22:01a7:001a:0044:00300000:0:0:0:" name="Penthouse" service_name="Penthouse" provider="VIASAT" sid="423" onid="68" tsid="26" />
    <channel service_ref="1:0:22:1dec:002b:0055:00300000:0:0:0:" name="Pershyy Nezalezhnyy" service_name="Pershyy Nezalezhnyy" provider="" sid="7660" onid="85" tsid="43" />
    <channel service_ref="1:0:1:0b58:0000:0000:0030aea2:0:0:0:" name="Pirmais Balt Kan Igaunija" service_name="Pirmais Balt Kan Igaunija" provider="" sid="2904" onid="0" tsid="0" />
    <channel service_ref="1:0:1:293b:0000:0000:0030aea2:0:0:0:" name="Pirmais Balt Kan Lietuva" service_name="Pirmais Balt Kan Lietuva" provider="" sid="10555" onid="0" tsid="0" />
    <channel service_ref="1:0:1:0b6a:0000:0000:0030aea2:0:0:0:" name="Pirmais Baltijals Kanals" service_name="Pirmais Baltijals Kanals" provider="" sid="2922" onid="0" tsid="0" />
    <channel service_ref="1:0:22:1ef2:002e:0055:00300000:0:0:0:" name="PIXEL" service_name="PIXEL" provider="" sid="7922" onid="85" tsid="46" />
    <channel service_ref="1:0:25:1ef3:002e:0055:00300000:0:0:0:" name="PIXEL HD" service_name="PIXEL HD" provider="" sid="7923" onid="85" tsid="46" />
    <channel service_ref="1:0:22:0ac8:001a:0044:00300000:0:0:0:" name="Playboy TV" service_name="Playboy TV" provider="VIASAT" sid="2760" onid="68" tsid="26" />
    <channel service_ref="1:0:1:28af:0000:0000:00302eb6:0:0:0:" name="Playboy TV" service_name="Playboy TV" provider="AMB" sid="10415" onid="0" tsid="0" />
    <channel service_ref="1:0:22:17e0:000c:0055:00300000:0:0:0:" name="Plus Plus" service_name="Plus Plus" provider="1plus1 Media" sid="6112" onid="85" tsid="12" />
    <channel service_ref="1:0:22:182c:000c:0055:00300000:0:0:0:" name="Plus Plus" service_name="Plus Plus" provider="1plus1 Media" sid="6188" onid="85" tsid="12" />
    <channel service_ref="1:0:1:006f:0065:0001:00300000:0:0:0:" name="PPTV1" service_name="PPTV1" provider="" sid="111" onid="1" tsid="101" />
    <channel service_ref="1:0:1:02cc:0065:0001:00300000:0:0:0:" name="PPTV3 Temp" service_name="PPTV3 Temp" provider="" sid="716" onid="1" tsid="101" />
    <channel service_ref="1:0:1:0b6f:0000:0000:0030aea2:0:0:0:" name="REN TV Lietuva" service_name="REN TV Lietuva" provider="" sid="2927" onid="0" tsid="0" />
    <channel service_ref="1:0:1:287d:0000:0000:00302eb6:0:0:0:" name="ReTV" service_name="ReTV" provider="AMB" sid="10365" onid="0" tsid="0" />
    <channel service_ref="1:0:1:28d2:0000:0000:00302eb6:0:0:0:" name="Riga TV 24" service_name="Riga TV 24" provider="AMB" sid="10450" onid="0" tsid="0" />
    <channel service_ref="1:0:1:07cc:000f:0055:00300000:0:0:0:" name="ROZPAKUI" service_name="ROZPAKUI" provider="" sid="1996" onid="85" tsid="15" />
    <channel service_ref="1:0:1:005f:00c9:0001:00300000:0:0:0:" name="RTVi" service_name="RTVi" provider="SIS Limited" sid="95" onid="1" tsid="201" />
    <channel service_ref="1:0:1:00dc:0002:0055:00300000:0:0:0:" name="RTVi" service_name="RTVi" provider="" sid="220" onid="85" tsid="2" />
    <channel service_ref="1:0:22:0b72:0035:0055:00300000:0:0:0:" name="Rybalka" service_name="Rybalka" provider="XTRA TV" sid="2930" onid="85" tsid="53" />
    <channel service_ref="1:0:1:00fa:0002:0055:00300000:0:0:0:" name="SBN International" service_name="SBN International" provider="" sid="250" onid="85" tsid="2" />
    <channel service_ref="1:0:1:0b35:0000:0000:00302eb6:0:0:0:" name="Setanta Sport" service_name="Setanta Sport" provider="AMB" sid="2869" onid="0" tsid="0" />
    <channel service_ref="1:0:22:1dc4:002b:0055:00300000:0:0:0:" name="Sirius TV" service_name="Sirius TV" provider="" sid="7620" onid="85" tsid="43" />
    <channel service_ref="1:0:1:005b:0065:0001:00300000:0:0:0:" name="SIS EUROPE (NO DATA) - CISCO 2" service_name="SIS EUROPE (NO DATA) - CISCO 2" provider="" sid="91" onid="1" tsid="101" />
    <channel service_ref="1:0:1:005a:0065:0001:00300000:0:0:0:" name="SIS EUROPE - CISCO 2" service_name="SIS EUROPE - CISCO 2" provider="" sid="90" onid="1" tsid="101" />
    <channel service_ref="1:0:1:02b4:0065:0001:00300000:0:0:0:" name="SIS Spanish" service_name="SIS Spanish" provider="" sid="692" onid="1" tsid="101" />
    <channel service_ref="1:0:1:00be:00c9:0001:00300000:0:0:0:" name="SIS Two" service_name="SIS Two" provider="NEPC" sid="190" onid="1" tsid="201" />
    <channel service_ref="1:0:1:0053:0065:0001:00300000:0:0:0:" name="SIS UK (AUDIO ONLY)" service_name="SIS UK (AUDIO ONLY)" provider="" sid="83" onid="1" tsid="101" />
    <channel service_ref="1:0:1:003e:0065:0001:00300000:0:0:0:" name="SIS UK with 2DB" service_name="SIS UK with 2DB" provider="" sid="62" onid="1" tsid="101" />
    <channel service_ref="1:0:1:004f:0065:0001:00300000:0:0:0:" name="SIS UK WITH BTC" service_name="SIS UK WITH BTC" provider="" sid="79" onid="1" tsid="101" />
    <channel service_ref="1:0:1:003f:0065:0001:00300000:0:0:0:" name="SIS UK with BTC and 2DB" service_name="SIS UK with BTC and 2DB" provider="" sid="63" onid="1" tsid="101" />
    <channel service_ref="1:0:1:000b:0065:0001:00300000:0:0:0:" name="SIS VISION AUDIO &amp; VBI - CISCO 1" service_name="SIS VISION AUDIO &amp; VBI - CISCO 1" provider="" sid="11" onid="1" tsid="101" />
    <channel service_ref="1:0:1:002e:0065:0001:00300000:0:0:0:" name="SIS VISION BTC AUDIO (Ch11)" service_name="SIS VISION BTC AUDIO (Ch11)" provider="" sid="46" onid="1" tsid="101" />
    <channel service_ref="1:0:1:00fa:00c9:0001:00300000:0:0:0:" name="SISTwo BarOne" service_name="SISTwo BarOne" provider="SIS" sid="250" onid="1" tsid="201" />
    <channel service_ref="1:0:1:003a:00c9:0001:00300000:0:0:0:" name="SISTwo BTC" service_name="SISTwo BTC" provider="SIS" sid="58" onid="1" tsid="201" />
    <channel service_ref="1:0:1:1b1c:0011:0055:00300000:0:0:0:" name="SONATA TV" service_name="SONATA TV" provider="" sid="6940" onid="85" tsid="17" />
    <channel service_ref="1:0:1:1b08:0011:0055:00300000:0:0:0:" name="SONCE (UA)" service_name="SONCE (UA)" provider="SOLAR MEDIA" sid="6920" onid="85" tsid="17" />
    <channel service_ref="1:0:1:27ab:00c9:0055:00300000:0:0:0:" name="STS Baltic" service_name="STS Baltic" provider="AMB" sid="10155" onid="85" tsid="201" />
    <channel service_ref="1:0:22:1ddd:002b:0055:00300000:0:0:0:" name="Svarogichi" service_name="Svarogichi" provider="" sid="7645" onid="85" tsid="43" />
    <channel service_ref="1:0:1:19aa:000f:0055:00300000:0:0:0:" name="Svarogichi TEST" service_name="Svarogichi TEST" provider="" sid="6570" onid="85" tsid="15" />
    <channel service_ref="1:0:22:1e00:002b:0055:00300000:0:0:0:" name="TAK TB CENTER+" service_name="TAK TB CENTER+" provider="" sid="7680" onid="85" tsid="43" />
    <channel service_ref="1:0:22:1db5:002b:0055:00300000:0:0:0:" name="Tellytrack" service_name="Tellytrack" provider="" sid="7605" onid="85" tsid="43" />
    <channel service_ref="1:0:1:02fe:0065:0001:00300000:0:0:0:" name="Temp LTV1" service_name="Temp LTV1" provider="" sid="766" onid="1" tsid="101" />
    <channel service_ref="1:0:1:02c9:0065:0001:00300000:0:0:0:" name="Temp PPTV1 - IE" service_name="Temp PPTV1 - IE" provider="" sid="713" onid="1" tsid="101" />
    <channel service_ref="1:0:1:02ca:0065:0001:00300000:0:0:0:" name="Temp PPTV1 - UK" service_name="Temp PPTV1 - UK" provider="" sid="714" onid="1" tsid="101" />
    <channel service_ref="1:0:1:02c8:0065:0001:00300000:0:0:0:" name="Temp PPTV2" service_name="Temp PPTV2" provider="" sid="712" onid="1" tsid="101" />
    <channel service_ref="1:0:1:02bc:0065:0001:00300000:0:0:0:" name="Temp SIS TWO" service_name="Temp SIS TWO" provider="" sid="700" onid="1" tsid="101" />
    <channel service_ref="1:0:1:02ee:0065:0001:00300000:0:0:0:" name="Temp SIS TWO BAR ONE" service_name="Temp SIS TWO BAR ONE" provider="" sid="750" onid="1" tsid="101" />
    <channel service_ref="1:0:1:02e0:0065:0001:00300000:0:0:0:" name="Temp SIS TWO BTC" service_name="Temp SIS TWO BTC" provider="" sid="736" onid="1" tsid="101" />
    <channel service_ref="1:0:22:070a:000c:0055:00300000:0:0:0:" name="Terra" service_name="Terra" provider="1plus1 Media" sid="1802" onid="85" tsid="12" />
    <channel service_ref="1:0:22:09ef:0018:0044:00300000:0:0:0:" name="TeSt" service_name="TeSt" provider="Viasat" sid="2543" onid="68" tsid="24" />
    <channel service_ref="1:0:1:0031:0065:0001:00300000:0:0:0:" name="TEST CHANNEL - CISCO 1" service_name="TEST CHANNEL - CISCO 1" provider="" sid="49" onid="1" tsid="101" />
    <channel service_ref="1:0:22:02cf:000c:0055:00300000:0:0:0:" name="Test Unian" service_name="Test Unian" provider="1plus1 Media" sid="719" onid="85" tsid="12" />
    <channel service_ref="1:0:22:17de:000c:0055:00300000:0:0:0:" name="TET" service_name="TET" provider="1plus1 Media" sid="6110" onid="85" tsid="12" />
    <channel service_ref="1:0:1:28a0:0000:0000:00302eb6:0:0:0:" name="Ticket" service_name="Ticket" provider="AMB" sid="10400" onid="0" tsid="0" />
    <channel service_ref="1:0:22:09d8:0018:0044:00300000:0:0:0:" name="TLC" service_name="TLC" provider="VIASAT" sid="2520" onid="68" tsid="24" />
    <channel service_ref="1:0:1:27b5:00c9:0055:00300000:0:0:0:" name="TLC" service_name="TLC" provider="AMB" sid="10165" onid="85" tsid="201" />
    <channel service_ref="1:0:22:09ec:0018:0044:00300000:0:0:0:" name="Travel Channel" service_name="Travel Channel" provider="VIASAT" sid="2540" onid="68" tsid="24" />
    <channel service_ref="1:0:22:070c:000c:0055:00300000:0:0:0:" name="Trofey" service_name="Trofey" provider="1plus1 Media" sid="1804" onid="85" tsid="12" />
    <channel service_ref="1:0:1:27a6:00c9:0055:00300000:0:0:0:" name="TV 1 Lithuania" service_name="TV 1 Lithuania" provider="AMB" sid="10150" onid="85" tsid="201" />
    <channel service_ref="1:0:1:27ba:00c9:0055:00300000:0:0:0:" name="TV 1000 East" service_name="TV 1000 East" provider="AMB" sid="10170" onid="85" tsid="201" />
    <channel service_ref="1:0:1:27bf:00c9:0055:00300000:0:0:0:" name="TV 1000 Russkoe Kino" service_name="TV 1000 Russkoe Kino" provider="AMB" sid="10175" onid="85" tsid="201" />
    <channel service_ref="1:0:1:0ae4:00c9:0055:00300000:0:0:0:" name="TV 6 Latvia" service_name="TV 6 Latvia" provider="AMB" sid="2788" onid="85" tsid="201" />
    <channel service_ref="1:0:1:1b26:0011:0055:00300000:0:0:0:" name="TV-1" service_name="TV-1" provider="" sid="6950" onid="85" tsid="17" />
    <channel service_ref="1:0:25:1dba:002b:0055:00300000:0:0:0:" name="TV-1" service_name="TV-1" provider="" sid="7610" onid="85" tsid="43" />
    <channel service_ref="1:0:25:0abe:001a:0044:00300000:0:0:0:" name="TV1000" service_name="TV1000" provider="VIASAT" sid="2750" onid="68" tsid="26" />
    <channel service_ref="1:0:25:01ba:001a:0044:00300000:0:0:0:" name="TV1000 Action" service_name="TV1000 Action" provider="VIASAT" sid="442" onid="68" tsid="26" />
    <channel service_ref="1:0:1:285f:0000:0000:00302eb6:0:0:0:" name="TV1000 Action" service_name="TV1000 Action" provider="AMB" sid="10335" onid="0" tsid="0" />
    <channel service_ref="1:0:22:0afa:001a:0044:00300000:0:0:0:" name="TV1000 World Kino" service_name="TV1000 World Kino" provider="VIASAT" sid="2810" onid="68" tsid="26" />
    <channel service_ref="1:0:1:294f:0000:0000:0030aea2:0:0:0:" name="TV3 Estonia HD" service_name="TV3 Estonia HD" provider="" sid="10575" onid="0" tsid="0" />
    <channel service_ref="1:0:1:27b0:00c9:0055:00300000:0:0:0:" name="TV3 Film" service_name="TV3 Film" provider="AMB" sid="10160" onid="85" tsid="201" />
    <channel service_ref="1:0:1:0b7c:0000:0000:0030aea2:0:0:0:" name="TV3 Film HD" service_name="TV3 Film HD" provider="" sid="2940" onid="0" tsid="0" />
    <channel service_ref="1:0:1:0b8a:0000:0000:0030aea2:0:0:0:" name="TV3 Latvia HD" service_name="TV3 Latvia HD" provider="" sid="2954" onid="0" tsid="0" />
    <channel service_ref="1:0:1:0adf:00c9:0055:00300000:0:0:0:" name="TV3 Life" service_name="TV3 Life" provider="AMB" sid="2783" onid="85" tsid="201" />
    <channel service_ref="1:0:1:0b8f:0000:0000:0030aea2:0:0:0:" name="TV3 Lithuania HD" service_name="TV3 Lithuania HD" provider="" sid="2959" onid="0" tsid="0" />
    <channel service_ref="1:0:1:278d:00c9:0055:00300000:0:0:0:" name="TV3 Mini" service_name="TV3 Mini" provider="AMB" sid="10125" onid="85" tsid="201" />
    <channel service_ref="1:0:25:28a5:0000:0000:00302eb6:0:0:0:" name="TV3 Sport 2 HD" service_name="TV3 Sport 2 HD" provider="" sid="10405" onid="0" tsid="0" />
    <channel service_ref="1:0:1:0b93:0000:0000:0030aea2:0:0:0:" name="TV3 Sport 3" service_name="TV3 Sport 3" provider="" sid="2963" onid="0" tsid="0" />
    <channel service_ref="1:0:1:0b81:0000:0000:0030aea2:0:0:0:" name="TV3 Sport HD" service_name="TV3 Sport HD" provider="" sid="2945" onid="0" tsid="0" />
    <channel service_ref="1:0:1:0b42:0000:0000:00302eb6:0:0:0:" name="TV3 Sport Open" service_name="TV3 Sport Open" provider="AMB" sid="2882" onid="0" tsid="0" />
    <channel service_ref="1:0:22:1df1:002b:0055:00300000:0:0:0:" name="TV5" service_name="TV5" provider="" sid="7665" onid="85" tsid="43" />
    <channel service_ref="1:0:1:0b1e:0000:0000:00302eb6:0:0:0:" name="TV6 (EE)" service_name="TV6 (EE)" provider="AMB" sid="2846" onid="0" tsid="0" />
    <channel service_ref="1:0:1:283c:0000:0000:00302eb6:0:0:0:" name="TV6 (LT)" service_name="TV6 (LT)" provider="AMB" sid="10300" onid="0" tsid="0" />
    <channel service_ref="1:0:1:0aed:00c9:0055:00300000:0:0:0:" name="TV8 Lithuania" service_name="TV8 Lithuania" provider="AMB" sid="2797" onid="85" tsid="201" />
    <channel service_ref="1:0:1:00c8:0002:0055:00300000:0:0:0:" name="TVGE INTERNATIONAL" service_name="TVGE INTERNATIONAL" provider="" sid="200" onid="85" tsid="2" />
    <channel service_ref="1:0:1:0fa0:0006:0056:00300000:0:0:0:" name="TVN Chile Nordic" service_name="TVN Chile Nordic" provider="NSAB" sid="4000" onid="86" tsid="6" />
    <channel service_ref="1:0:25:0b61:0035:0055:00300000:0:0:0:" name="Ukraina 24" service_name="Ukraina 24" provider="XTRA TV" sid="2913" onid="85" tsid="53" />
    <channel service_ref="1:0:1:1a22:0010:0055:00300000:0:0:0:" name="Ukraina 24" service_name="Ukraina 24" provider="" sid="6690" onid="85" tsid="16" />
    <channel service_ref="1:0:25:0b5e:0035:0055:00300000:0:0:0:" name="Ukraine HD" service_name="Ukraine HD" provider="XTRA TV" sid="2910" onid="85" tsid="53" />
    <channel service_ref="1:0:22:1b21:0011:0055:00300000:0:0:0:" name="UNC" service_name="UNC" provider="" sid="6945" onid="85" tsid="17" />
    <channel service_ref="1:0:22:02c8:000c:0055:00300000:0:0:0:" name="Unian TV" service_name="Unian TV" provider="1plus1 Media" sid="712" onid="85" tsid="12" />
    <channel service_ref="1:0:22:02d7:000c:0055:00300000:0:0:0:" name="Unian TV" service_name="Unian TV" provider="1plus1 Media" sid="727" onid="85" tsid="12" />
    <channel service_ref="1:0:1:19d2:0010:0055:00300000:0:0:0:" name="Unian TV" service_name="Unian TV" provider="" sid="6610" onid="85" tsid="16" />
    <channel service_ref="1:0:22:072a:000c:0055:00300000:0:0:0:" name="UTravel" service_name="UTravel" provider="1plus1 Media" sid="1834" onid="85" tsid="12" />
    <channel service_ref="1:0:1:294a:0000:0000:0030aea2:0:0:0:" name="Viasat Epic Drama HD" service_name="Viasat Epic Drama HD" provider="" sid="10570" onid="0" tsid="0" />
    <channel service_ref="1:0:1:292c:0000:0000:0030aea2:0:0:0:" name="Viasat Explore" service_name="Viasat Explore" provider="" sid="10540" onid="0" tsid="0" />
    <channel service_ref="1:0:1:27c9:00c9:0055:00300000:0:0:0:" name="Viasat Explore HD" service_name="Viasat Explore HD" provider="AMB" sid="10185" onid="85" tsid="201" />
    <channel service_ref="1:0:22:0ad2:001a:0044:00300000:0:0:0:" name="Viasat Explorer" service_name="Viasat Explorer" provider="VIASAT" sid="2770" onid="68" tsid="26" />
    <channel service_ref="1:0:22:0a1e:001a:0044:00300000:0:0:0:" name="Viasat History" service_name="Viasat History" provider="VIASAT" sid="2590" onid="68" tsid="26" />
    <channel service_ref="1:0:1:0b73:0000:0000:0030aea2:0:0:0:" name="Viasat History" service_name="Viasat History" provider="" sid="2931" onid="0" tsid="0" />
    <channel service_ref="1:0:22:0ab4:001a:0044:00300000:0:0:0:" name="Viasat Nature" service_name="Viasat Nature" provider="VIASAT" sid="2740" onid="68" tsid="26" />
    <channel service_ref="1:0:1:0b78:0000:0000:0030aea2:0:0:0:" name="Viasat Nature CEE" service_name="Viasat Nature CEE" provider="" sid="2936" onid="0" tsid="0" />
    <channel service_ref="1:0:25:043e:001a:0044:00300000:0:0:0:" name="Viasat Sport HD" service_name="Viasat Sport HD" provider="VIASAT" sid="1086" onid="68" tsid="26" />
    <channel service_ref="1:0:25:107c:001a:0044:00300000:0:0:0:" name="ViP Comedy HD" service_name="ViP Comedy HD" provider="VIASAT" sid="4220" onid="68" tsid="26" />
    <channel service_ref="1:0:25:01ae:001a:0044:00300000:0:0:0:" name="ViP Megahit HD" service_name="ViP Megahit HD" provider="VIASAT" sid="430" onid="68" tsid="26" />
    <channel service_ref="1:0:25:042c:001a:0044:00300000:0:0:0:" name="ViP Premiere HD" service_name="ViP Premiere HD" provider="VIASAT" sid="1068" onid="68" tsid="26" />
    <channel service_ref="1:0:25:03fe:001a:0044:00300000:0:0:0:" name="ViP Serial HD" service_name="ViP Serial HD" provider="VIASAT" sid="1022" onid="68" tsid="26" />
    <channel service_ref="1:0:22:0ffa:0006:0056:00300000:0:0:0:" name="Vision Sverige" service_name="Vision Sverige" provider="" sid="4090" onid="86" tsid="6" />
    <channel service_ref="1:0:1:0018:0065:0001:00300000:0:0:0:" name="WH 2" service_name="WH 2" provider="" sid="24" onid="1" tsid="101" />
    <channel service_ref="1:0:1:0017:0065:0001:00300000:0:0:0:" name="WILLIAM HILL IP CLEAR - CISCO 6" service_name="WILLIAM HILL IP CLEAR - CISCO 6" provider="" sid="23" onid="1" tsid="101" />
    <channel service_ref="1:0:22:0b71:0035:0055:00300000:0:0:0:" name="XSPORT" service_name="XSPORT" provider="XTRA TV" sid="2929" onid="85" tsid="53" />
    <channel service_ref="1:0:22:0a02:0018:0044:00300000:0:0:0:" name="ZEE TV" service_name="ZEE TV" provider="VIASAT" sid="2562" onid="68" tsid="24" />
    <channel service_ref="1:0:22:1ef0:002e:0055:00300000:0:0:0:" name="ZOOM" service_name="ZOOM" provider="" sid="7920" onid="85" tsid="46" />
    <channel service_ref="1:0:25:1ef1:002e:0055:00300000:0:0:0:" name="ZOOM HD" service_name="ZOOM HD" provider="" sid="7921" onid="85" tsid="46" />
    <channel service_ref="1:0:22:1df6:002b:0055:00300000:0:0:0:" name="ZORAYNIY" service_name="ZORAYNIY" provider="" sid="7670" onid="85" tsid="43" />
    <channel service_ref="1:0:22:02ca:000c:0055:00300000:0:0:0:" name="Епоха" service_name="Епоха" provider="1plus1 Media" sid="714" onid="85" tsid="12" />
  </bouquet>
  <bouquet name="Movies" category="tv">
    <channel service_ref="1:0:22:1ef4:002e:0055:00300000:0:0:0:" name="Enter Film" service_name="Enter Film" provider="" sid="7924" onid="85" tsid="46" />
    <channel service_ref="1:0:25:1ef5:002e:0055:00300000:0:0:0:" name="Enter Film HD" service_name="Enter Film HD" provider="" sid="7925" onid="85" tsid="46" />
    <channel service_ref="1:0:22:02c6:000c:0055:00300000:0:0:0:" name="FilmUADrama" service_name="FilmUADrama" provider="1plus1 Media" sid="710" onid="85" tsid="12" />
    <channel service_ref="1:0:1:27b0:00c9:0055:00300000:0:0:0:" name="TV3 Film" service_name="TV3 Film" provider="AMB" sid="10160" onid="85" tsid="201" />
    <channel service_ref="1:0:1:0b7c:0000:0000:0030aea2:0:0:0:" name="TV3 Film HD" service_name="TV3 Film HD" provider="" sid="2940" onid="0" tsid="0" />
  </bouquet>
  <bouquet name="Series" category="tv">
    <channel service_ref="1:0:25:0bd6:001a:0044:00300000:0:0:0:" name="Epic Drama HD" service_name="Epic Drama HD" provider="VIASAT" sid="3030" onid="68" tsid="26" />
    <channel service_ref="1:0:1:294a:0000:0000:0030aea2:0:0:0:" name="Viasat Epic Drama HD" service_name="Viasat Epic Drama HD" provider="" sid="10570" onid="0" tsid="0" />
  </bouquet>
  <bouquet name="News" category="tv">
    <channel service_ref="1:0:1:289b:0000:0000:00302eb6:0:0:0:" name="BBC World News" service_name="BBC World News" provider="AMB" sid="10395" onid="0" tsid="0" />
  </bouquet>
  <bouquet name="Sports" category="tv">
    <channel service_ref="1:0:22:1dfb:002b:0055:00300000:0:0:0:" name="DONBAS ONLINE" service_name="DONBAS ONLINE" provider="" sid="7675" onid="85" tsid="43" />
    <channel service_ref="1:0:22:0b66:0035:0055:00300000:0:0:0:" name="Donbass" service_name="Donbass" provider="XTRA TV" sid="2918" onid="85" tsid="53" />
    <channel service_ref="1:0:1:0b9c:0000:0000:0030aea2:0:0:0:" name="Eurosport 1" service_name="Eurosport 1" provider="" sid="2972" onid="0" tsid="0" />
    <channel service_ref="1:0:31:09f1:0018:0044:00300000:0:0:0:" name="Eurosport 1 HD" service_name="Eurosport 1 HD" provider="VIASAT" sid="2545" onid="68" tsid="24" />
    <channel service_ref="1:0:1:0ba1:0000:0000:0030aea2:0:0:0:" name="Eurosport 2" service_name="Eurosport 2" provider="" sid="2977" onid="0" tsid="0" />
    <channel service_ref="1:0:22:0bc2:0018:0044:00300000:0:0:0:" name="Eurosport 2" service_name="Eurosport 2" provider="VIASAT" sid="3010" onid="68" tsid="24" />
    <channel service_ref="1:0:1:28c8:0000:0000:00302eb6:0:0:0:" name="NBA TV" service_name="NBA TV" provider="AMB" sid="10440" onid="0" tsid="0" />
    <channel service_ref="1:0:1:005d:0065:0001:00300000:0:0:0:" name="NEW BOYLES SPORTS - CISCO 1" service_name="NEW BOYLES SPORTS - CISCO 1" provider="" sid="93" onid="1" tsid="101" />
    <channel service_ref="1:0:1:0b35:0000:0000:00302eb6:0:0:0:" name="Setanta Sport" service_name="Setanta Sport" provider="AMB" sid="2869" onid="0" tsid="0" />
    <channel service_ref="1:0:25:28a5:0000:0000:00302eb6:0:0:0:" name="TV3 Sport 2 HD" service_name="TV3 Sport 2 HD" provider="" sid="10405" onid="0" tsid="0" />
    <channel service_ref="1:0:1:0b93:0000:0000:0030aea2:0:0:0:" name="TV3 Sport 3" service_name="TV3 Sport 3" provider="" sid="2963" onid="0" tsid="0" />
    <channel service_ref="1:0:1:0b81:0000:0000:0030aea2:0:0:0:" name="TV3 Sport HD" service_name="TV3 Sport HD" provider="" sid="2945" onid="0" tsid="0" />
    <channel service_ref="1:0:1:0b42:0000:0000:00302eb6:0:0:0:" name="TV3 Sport Open" service_name="TV3 Sport Open" provider="AMB" sid="2882" onid="0" tsid="0" />
    <channel service_ref="1:0:25:043e:001a:0044:00300000:0:0:0:" name="Viasat Sport HD" service_name="Viasat Sport HD" provider="VIASAT" sid="1086" onid="68" tsid="26" />
    <channel service_ref="1:0:22:0b71:0035:0055:00300000:0:0:0:" name="XSPORT" service_name="XSPORT" provider="XTRA TV" sid="2929" onid="85" tsid="53" />
  </bouquet>
  <bouquet name="Kids" category="tv">
    <channel service_ref="1:0:1:0b39:0000:0000:00302eb6:0:0:0:" name="Disney Channel" service_name="Disney Channel" provider="AMB" sid="2873" onid="0" tsid="0" />
    <channel service_ref="1:0:1:0b3e:0000:0000:00302eb6:0:0:0:" name="Disney Junior" service_name="Disney Junior" provider="AMB" sid="2878" onid="0" tsid="0" />
    <channel service_ref="1:0:25:0a5a:0018:0044:00300000:0:0:0:" name="Nickelodeon" service_name="Nickelodeon" provider="VIASAT" sid="2650" onid="68" tsid="24" />
    <channel service_ref="1:0:1:0b47:0000:0000:00302eb6:0:0:0:" name="Nickelodeon" service_name="Nickelodeon" provider="AMB" sid="2887" onid="0" tsid="0" />
    <channel service_ref="1:0:22:0a25:0018:0044:00300000:0:0:0:" name="NIKI Junior" service_name="NIKI Junior" provider="VIASAT" sid="2597" onid="68" tsid="24" />
    <channel service_ref="1:0:22:0a23:0018:0044:00300000:0:0:0:" name="NIKI Kids" service_name="NIKI Kids" provider="VIASAT" sid="2595" onid="68" tsid="24" />
  </bouquet>
  <bouquet name="Music" category="tv">
    <channel service_ref="1:0:22:0a21:0018:0044:00300000:0:0:0:" name="4ever Music" service_name="4ever Music" provider="VIASAT" sid="2593" onid="68" tsid="24" />
    <channel service_ref="1:0:22:0a1f:0018:0044:00300000:0:0:0:" name="EU Music" service_name="EU Music" provider="VIASAT" sid="2591" onid="68" tsid="24" />
    <channel service_ref="1:0:1:28aa:0000:0000:00302eb6:0:0:0:" name="MTV 00s" service_name="MTV 00s" provider="AMB" sid="10410" onid="0" tsid="0" />
    <channel service_ref="1:0:1:27d8:00c9:0055:00300000:0:0:0:" name="MTV Hits" service_name="MTV Hits" provider="AMB" sid="10200" onid="85" tsid="201" />
    <channel service_ref="1:0:22:181f:000c:0055:00300000:0:0:0:" name="Music Box" service_name="Music Box" provider="1plus1 Media" sid="6175" onid="85" tsid="12" />
  </bouquet>
  <bouquet name="Documentary" category="tv">
    <channel service_ref="1:0:22:09ce:0018:0044:00300000:0:0:0:" name="Animal Planet" service_name="Animal Planet" provider="VIASAT" sid="2510" onid="68" tsid="24" />
    <channel service_ref="1:0:22:0a8c:0018:0044:00300000:0:0:0:" name="History" service_name="History" provider="VIASAT" sid="2700" onid="68" tsid="24" />
    <channel service_ref="1:0:22:0a3c:0018:0044:00300000:0:0:0:" name="National Geographic" service_name="National Geographic" provider="VIASAT" sid="2620" onid="68" tsid="24" />
    <channel service_ref="1:0:1:27c4:00c9:0055:00300000:0:0:0:" name="National Geographic HD" service_name="National Geographic HD" provider="AMB" sid="10180" onid="85" tsid="201" />
    <channel service_ref="1:0:22:0a1e:001a:0044:00300000:0:0:0:" name="Viasat History" service_name="Viasat History" provider="VIASAT" sid="2590" onid="68" tsid="26" />
    <channel service_ref="1:0:1:0b73:0000:0000:0030aea2:0:0:0:" name="Viasat History" service_name="Viasat History" provider="" sid="2931" onid="0" tsid="0" />
  </bouquet>
  <bouquet name="RTL" category="tv">
    <channel service_ref="1:0:1:291d:0000:0000:0030aea2:0:0:0:" name="NTV Mir Lietuva" service_name="NTV Mir Lietuva" provider="" sid="10525" onid="0" tsid="0" />
  </bouquet>
  <bouquet name="ARD/ZDF" category="tv">
    <channel service_ref="1:0:1:000f:0065:0001:00300000:0:0:0:" name="LADBROKES SIS LES2 - CISCO 1" service_name="LADBROKES SIS LES2 - CISCO 1" provider="" sid="15" onid="1" tsid="101" />
    <channel service_ref="1:0:1:002a:00c9:0001:00300000:0:0:0:" name="Ladbrokes_1" service_name="Ladbrokes_1" provider="SIS" sid="42" onid="1" tsid="201" />
    <channel service_ref="1:0:22:07b1:000f:0055:00300000:0:0:0:" name="New Christian" service_name="New Christian" provider="" sid="1969" onid="85" tsid="15" />
  </bouquet>
  <bouquet name="RAI" category="tv">
    <channel service_ref="1:0:22:1dd8:002b:0055:00300000:0:0:0:" name="Channel 4 (Ukraine)" service_name="Channel 4 (Ukraine)" provider="" sid="7640" onid="85" tsid="43" />
    <channel service_ref="1:0:1:1b12:0011:0055:00300000:0:0:0:" name="Channel 5 (Ukraine)" service_name="Channel 5 (Ukraine)" provider="Channel 5 (Ukraine)" sid="6930" onid="85" tsid="17" />
    <channel service_ref="1:0:1:1b12:0011:0055:00300000:0:0:0:" name="Channel 5 (Ukraine)" service_name="Channel 5 (Ukraine)" provider="Channel 5 (Ukraine)" sid="6930" onid="85" tsid="17" />
    <channel service_ref="1:0:22:1dc9:002b:0055:00300000:0:0:0:" name="Channel 5 (Ukraine) HD" service_name="Channel 5 (Ukraine) HD" provider="" sid="7625" onid="85" tsid="43" />
    <channel service_ref="1:0:25:0b61:0035:0055:00300000:0:0:0:" name="Ukraina 24" service_name="Ukraina 24" provider="XTRA TV" sid="2913" onid="85" tsid="53" />
    <channel service_ref="1:0:1:1a22:0010:0055:00300000:0:0:0:" name="Ukraina 24" service_name="Ukraina 24" provider="" sid="6690" onid="85" tsid="16" />
    <channel service_ref="1:0:25:0b5e:0035:0055:00300000:0:0:0:" name="Ukraine HD" service_name="Ukraine HD" provider="XTRA TV" sid="2910" onid="85" tsid="53" />
  </bouquet>
  <bouquet name="Austria" category="tv">
    <channel service_ref="1:0:1:0ae8:00c9:0055:00300000:0:0:0:" name="3+ Latvija" service_name="3+ Latvija" provider="AMB" sid="2792" onid="85" tsid="201" />
    <channel service_ref="1:0:1:0ae4:00c9:0055:00300000:0:0:0:" name="TV 6 Latvia" service_name="TV 6 Latvia" provider="AMB" sid="2788" onid="85" tsid="201" />
    <channel service_ref="1:0:1:0b8a:0000:0000:0030aea2:0:0:0:" name="TV3 Latvia HD" service_name="TV3 Latvia HD" provider="" sid="2954" onid="0" tsid="0" />
  </bouquet>
  <bouquet name="Switzerland" category="tv">
    <channel service_ref="1:0:22:0b67:0035:0055:00300000:0:0:0:" name="34" service_name="34" provider="XTRA TV" sid="2919" onid="85" tsid="53" />
    <channel service_ref="1:0:22:180a:000c:0055:00300000:0:0:0:" name="36.6 TV" service_name="36.6 TV" provider="1plus1 Media" sid="6154" onid="85" tsid="12" />
    <channel service_ref="1:0:1:009a:0065:0001:00300000:0:0:0:" name="ALT VC 152" service_name="ALT VC 152" provider="" sid="154" onid="1" tsid="101" />
    <channel service_ref="1:0:1:009b:0065:0001:00300000:0:0:0:" name="ALT VC 153" service_name="ALT VC 153" provider="" sid="155" onid="1" tsid="101" />
    <channel service_ref="1:0:1:0054:0065:0001:00300000:0:0:0:" name="ALT VC 302" service_name="ALT VC 302" provider="" sid="84" onid="1" tsid="101" />
    <channel service_ref="1:0:1:0011:0065:0001:00300000:0:0:0:" name="ALT VC 39" service_name="ALT VC 39" provider="" sid="17" onid="1" tsid="101" />
    <channel service_ref="1:0:1:004c:0065:0001:00300000:0:0:0:" name="ALT VC 75" service_name="ALT VC 75" provider="" sid="76" onid="1" tsid="101" />
    <channel service_ref="1:0:1:27a1:00c9:0055:00300000:0:0:0:" name="Baltijos televizija" service_name="Baltijos televizija" provider="AMB" sid="10145" onid="85" tsid="201" />
    <channel service_ref="1:0:1:00a3:00c9:0001:00300000:0:0:0:" name="Betfred3" service_name="Betfred3" provider="SIS Limited" sid="163" onid="1" tsid="201" />
    <channel service_ref="1:0:1:0005:00c9:0001:00300000:0:0:0:" name="Channel_5" service_name="Channel_5" provider="SIS Limited" sid="5" onid="1" tsid="201" />
    <channel service_ref="1:0:1:27ec:00c9:0055:00300000:0:0:0:" name="Duo 3" service_name="Duo 3" provider="AMB" sid="10220" onid="85" tsid="201" />
    <channel service_ref="1:0:1:27e2:00c9:0055:00300000:0:0:0:" name="Duo 5" service_name="Duo 5" provider="AMB" sid="10210" onid="85" tsid="201" />
    <channel service_ref="1:0:25:0b73:0035:0055:00300000:0:0:0:" name="FOOTBALL 3 HD" service_name="FOOTBALL 3 HD" provider="XTRA TV" sid="2931" onid="85" tsid="53" />
    <channel service_ref="1:0:1:0b5d:0000:0000:0030aea2:0:0:0:" name="LRT Televizija" service_name="LRT Televizija" provider="" sid="2909" onid="0" tsid="0" />
    <channel service_ref="1:0:1:004a:00c9:0001:00300000:0:0:0:" name="PaddyPower3" service_name="PaddyPower3" provider="SIS" sid="74" onid="1" tsid="201" />
    <channel service_ref="1:0:1:02cc:0065:0001:00300000:0:0:0:" name="PPTV3 Temp" service_name="PPTV3 Temp" provider="" sid="716" onid="1" tsid="101" />
    <channel service_ref="1:0:1:294f:0000:0000:0030aea2:0:0:0:" name="TV3 Estonia HD" service_name="TV3 Estonia HD" provider="" sid="10575" onid="0" tsid="0" />
    <channel service_ref="1:0:1:0adf:00c9:0055:00300000:0:0:0:" name="TV3 Life" service_name="TV3 Life" provider="AMB" sid="2783" onid="85" tsid="201" />
    <channel service_ref="1:0:1:0b8f:0000:0000:0030aea2:0:0:0:" name="TV3 Lithuania HD" service_name="TV3 Lithuania HD" provider="" sid="2959" onid="0" tsid="0" />
    <channel service_ref="1:0:1:278d:00c9:0055:00300000:0:0:0:" name="TV3 Mini" service_name="TV3 Mini" provider="AMB" sid="10125" onid="85" tsid="201" />
    <channel service_ref="1:0:22:1df1:002b:0055:00300000:0:0:0:" name="TV5" service_name="TV5" provider="" sid="7665" onid="85" tsid="43" />
  </bouquet>
  <bouquet name="Resolution - HD" category="tv">
    <channel service_ref="1:0:25:17d5:000c:0055:00300000:0:0:0:" name="1+1 HD" service_name="1+1 HD" provider="1plus1 Media" sid="6101" onid="85" tsid="12" />
    <channel service_ref="1:0:22:1dc9:002b:0055:00300000:0:0:0:" name="Channel 5 (Ukraine) HD" service_name="Channel 5 (Ukraine) HD" provider="" sid="7625" onid="85" tsid="43" />
    <channel service_ref="1:0:25:0be0:001a:0044:00300000:0:0:0:" name="Discovery ID HD" service_name="Discovery ID HD" provider="VIASAT" sid="3040" onid="68" tsid="26" />
    <channel service_ref="1:0:25:1e0a:002b:0055:00300000:0:0:0:" name="English Club HD" service_name="English Club HD" provider="" sid="7690" onid="85" tsid="43" />
    <channel service_ref="1:0:25:1ef5:002e:0055:00300000:0:0:0:" name="Enter Film HD" service_name="Enter Film HD" provider="" sid="7925" onid="85" tsid="46" />
    <channel service_ref="1:0:25:0bd6:001a:0044:00300000:0:0:0:" name="Epic Drama HD" service_name="Epic Drama HD" provider="VIASAT" sid="3030" onid="68" tsid="26" />
    <channel service_ref="1:0:31:09f1:0018:0044:00300000:0:0:0:" name="Eurosport 1 HD" service_name="Eurosport 1 HD" provider="VIASAT" sid="2545" onid="68" tsid="24" />
    <channel service_ref="1:0:25:0b62:0035:0055:00300000:0:0:0:" name="FOOTBALL 1 HD" service_name="FOOTBALL 1 HD" provider="XTRA TV" sid="2914" onid="85" tsid="53" />
    <channel service_ref="1:0:25:0b64:0035:0055:00300000:0:0:0:" name="FOOTBALL 2 HD" service_name="FOOTBALL 2 HD" provider="XTRA TV" sid="2916" onid="85" tsid="53" />
    <channel service_ref="1:0:25:0b73:0035:0055:00300000:0:0:0:" name="FOOTBALL 3 HD" service_name="FOOTBALL 3 HD" provider="XTRA TV" sid="2931" onid="85" tsid="53" />
    <channel service_ref="1:0:25:0b60:0035:0055:00300000:0:0:0:" name="Indigo HD" service_name="Indigo HD" provider="XTRA TV" sid="2912" onid="85" tsid="53" />
    <channel service_ref="1:0:25:1ef6:002e:0055:00300000:0:0:0:" name="INTER + HD" service_name="INTER + HD" provider="INTER +" sid="7926" onid="85" tsid="46" />
    <channel service_ref="1:0:25:1ee7:002e:0055:00300000:0:0:0:" name="Inter HD" service_name="Inter HD" provider="" sid="7911" onid="85" tsid="46" />
    <channel service_ref="1:0:25:0001:0001:0001:003031be:0:0:0:" name="JurnalTV HD" service_name="JurnalTV HD" provider="ReformaArt" sid="1" onid="1" tsid="1" />
    <channel service_ref="1:0:25:1eed:002e:0055:00300000:0:0:0:" name="K1 HD" service_name="K1 HD" provider="" sid="7917" onid="85" tsid="46" />
    <channel service_ref="1:0:25:1eef:002e:0055:00300000:0:0:0:" name="K2 HD" service_name="K2 HD" provider="" sid="7919" onid="85" tsid="46" />
    <channel service_ref="1:0:25:1eeb:002e:0055:00300000:0:0:0:" name="MEGA HD" service_name="MEGA HD" provider="" sid="7915" onid="85" tsid="46" />
    <channel service_ref="1:0:1:27c4:00c9:0055:00300000:0:0:0:" name="National Geographic HD" service_name="National Geographic HD" provider="AMB" sid="10180" onid="85" tsid="201" />
    <channel service_ref="1:0:25:0b5f:0035:0055:00300000:0:0:0:" name="NLO HD" service_name="NLO HD" provider="XTRA TV" sid="2911" onid="85" tsid="53" />
    <channel service_ref="1:0:25:1ee9:002e:0055:00300000:0:0:0:" name="NTN HD" service_name="NTN HD" provider="" sid="7913" onid="85" tsid="46" />
    <channel service_ref="1:0:25:1ef3:002e:0055:00300000:0:0:0:" name="PIXEL HD" service_name="PIXEL HD" provider="" sid="7923" onid="85" tsid="46" />
    <channel service_ref="1:0:1:294f:0000:0000:0030aea2:0:0:0:" name="TV3 Estonia HD" service_name="TV3 Estonia HD" provider="" sid="10575" onid="0" tsid="0" />
    <channel service_ref="1:0:1:0b7c:0000:0000:0030aea2:0:0:0:" name="TV3 Film HD" service_name="TV3 Film HD" provider="" sid="2940" onid="0" tsid="0" />
    <channel service_ref="1:0:1:0b8a:0000:0000:0030aea2:0:0:0:" name="TV3 Latvia HD" service_name="TV3 Latvia HD" provider="" sid="2954" onid="0" tsid="0" />
    <channel service_ref="1:0:1:0b8f:0000:0000:0030aea2:0:0:0:" name="TV3 Lithuania HD" service_name="TV3 Lithuania HD" provider="" sid="2959" onid="0" tsid="0" />
    <channel service_ref="1:0:25:28a5:0000:0000:00302eb6:0:0:0:" name="TV3 Sport 2 HD" service_name="TV3 Sport 2 HD" provider="" sid="10405" onid="0" tsid="0" />
    <channel service_ref="1:0:1:0b81:0000:0000:0030aea2:0:0:0:" name="TV3 Sport HD" service_name="TV3 Sport HD" provider="" sid="2945" onid="0" tsid="0" />
    <channel service_ref="1:0:25:0b5e:0035:0055:00300000:0:0:0:" name="Ukraine HD" service_name="Ukraine HD" provider="XTRA TV" sid="2910" onid="85" tsid="53" />
    <channel service_ref="1:0:1:294a:0000:0000:0030aea2:0:0:0:" name="Viasat Epic Drama HD" service_name="Viasat Epic Drama HD" provider="" sid="10570" onid="0" tsid="0" />
    <channel service_ref="1:0:1:27c9:00c9:0055:00300000:0:0:0:" name="Viasat Explore HD" service_name="Viasat Explore HD" provider="AMB" sid="10185" onid="85" tsid="201" />
    <channel service_ref="1:0:25:043e:001a:0044:00300000:0:0:0:" name="Viasat Sport HD" service_name="Viasat Sport HD" provider="VIASAT" sid="1086" onid="68" tsid="26" />
    <channel service_ref="1:0:25:107c:001a:0044:00300000:0:0:0:" name="ViP Comedy HD" service_name="ViP Comedy HD" provider="VIASAT" sid="4220" onid="68" tsid="26" />
    <channel service_ref="1:0:25:01ae:001a:0044:00300000:0:0:0:" name="ViP Megahit HD" service_name="ViP Megahit HD" provider="VIASAT" sid="430" onid="68" tsid="26" />
    <channel service_ref="1:0:25:042c:001a:0044:00300000:0:0:0:" name="ViP Premiere HD" service_name="ViP Premiere HD" provider="VIASAT" sid="1068" onid="68" tsid="26" />
    <channel service_ref="1:0:25:03fe:001a:0044:00300000:0:0:0:" name="ViP Serial HD" service_name="ViP Serial HD" provider="VIASAT" sid="1022" onid="68" tsid="26" />
    <channel service_ref="1:0:25:1ef1:002e:0055:00300000:0:0:0:" name="ZOOM HD" service_name="ZOOM HD" provider="" sid="7921" onid="85" tsid="46" />
  </bouquet>
  <bouquet name="Resolution - SD" category="tv">
    <channel service_ref="1:0:22:0b63:0035:0055:00300000:0:0:0:" name="FOOTBALL 1 SD" service_name="FOOTBALL 1 SD" provider="XTRA TV" sid="2915" onid="85" tsid="53" />
    <channel service_ref="1:0:22:0b65:0035:0055:00300000:0:0:0:" name="FOOTBALL 2 SD" service_name="FOOTBALL 2 SD" provider="XTRA TV" sid="2917" onid="85" tsid="53" />
  </bouquet>
  <bouquet name="Religion" category="tv">
    <channel service_ref="1:0:1:19fa:0010:0055:00300000:0:0:0:" name="ICTV UA" service_name="ICTV UA" provider="" sid="6650" onid="85" tsid="16" />
  </bouquet>
  <bouquet name="Adult" category="tv">
    <channel service_ref="1:0:22:0ac8:001a:0044:00300000:0:0:0:" name="Playboy TV" service_name="Playboy TV" provider="VIASAT" sid="2760" onid="68" tsid="26" />
    <channel service_ref="1:0:1:28af:0000:0000:00302eb6:0:0:0:" name="Playboy TV" service_name="Playboy TV" provider="AMB" sid="10415" onid="0" tsid="0" />
  </bouquet>
  <bouquet name="International" category="tv">
    <channel service_ref="1:0:22:0afa:001a:0044:00300000:0:0:0:" name="TV1000 World Kino" service_name="TV1000 World Kino" provider="VIASAT" sid="2810" onid="68" tsid="26" />
  </bouquet>
  <bouquet name="Others" category="tv">
    <channel service_ref="1:0:1:27ce:00c9:0055:00300000:0:0:0:" name="" service_name="" provider="AMB" sid="10190" onid="85" tsid="201" />
    <channel service_ref="1:0:1:1b3a:0011:0055:00300000:0:0:0:" name="' Apostrophe TV" service_name="' Apostrophe TV" provider="" sid="6970" onid="85" tsid="17" />
    <channel service_ref="1:0:25:1dd3:002b:0055:00300000:0:0:0:" name="'Apostrophe TV" service_name="'Apostrophe TV" provider="" sid="7635" onid="85" tsid="43" />
    <channel service_ref="1:0:22:1dc0:002b:0055:00300000:0:0:0:" name="/////PRYAMIY" service_name="/////PRYAMIY" provider="" sid="7616" onid="85" tsid="43" />
    <channel service_ref="1:0:22:17d4:000c:0055:00300000:0:0:0:" name="1+1" service_name="1+1" provider="1plus1 Media" sid="6100" onid="85" tsid="12" />
    <channel service_ref="1:0:25:17d5:000c:0055:00300000:0:0:0:" name="1+1 HD" service_name="1+1 HD" provider="1plus1 Media" sid="6101" onid="85" tsid="12" />
    <channel service_ref="1:0:22:17ed:000c:0055:00300000:0:0:0:" name="1+1 International" service_name="1+1 International" provider="1plus1 Media" sid="6125" onid="85" tsid="12" />
    <channel service_ref="1:0:1:1a18:0010:0055:00300000:0:0:0:" name="1+1 International" service_name="1+1 International" provider="" sid="6680" onid="85" tsid="16" />
    <channel service_ref="1:0:22:17e8:000c:0055:00300000:0:0:0:" name="2+2" service_name="2+2" provider="1plus1 Media" sid="6120" onid="85" tsid="12" />
    <channel service_ref="1:0:22:010e:0002:0055:00300000:0:0:0:" name="8 Kanal int" service_name="8 Kanal int" provider="" sid="270" onid="85" tsid="2" />
    <channel service_ref="1:0:1:007a:0065:0001:00300000:0:0:0:" name="ALPHAMERIC UK - CISCO 1" service_name="ALPHAMERIC UK - CISCO 1" provider="" sid="122" onid="1" tsid="101" />
    <channel service_ref="1:0:1:004b:0065:0001:00300000:0:0:0:" name="ALPHAMERIC UK WITH BTC" service_name="ALPHAMERIC UK WITH BTC" provider="" sid="75" onid="1" tsid="101" />
    <channel service_ref="1:0:1:000c:0065:0001:00300000:0:0:0:" name="ALT VC 11" service_name="ALT VC 11" provider="" sid="12" onid="1" tsid="101" />
    <channel service_ref="1:0:1:007c:0065:0001:00300000:0:0:0:" name="ALT VC 122" service_name="ALT VC 122" provider="" sid="124" onid="1" tsid="101" />
    <channel service_ref="1:0:1:005e:0065:0001:00300000:0:0:0:" name="ALT VC 147" service_name="ALT VC 147" provider="" sid="94" onid="1" tsid="101" />
    <channel service_ref="1:0:1:00a9:0065:0001:00300000:0:0:0:" name="ALT VC 168" service_name="ALT VC 168" provider="" sid="169" onid="1" tsid="101" />
    <channel service_ref="1:0:1:002a:0065:0001:00300000:0:0:0:" name="ALT VC 49" service_name="ALT VC 49" provider="" sid="42" onid="1" tsid="101" />
    <channel service_ref="1:0:1:002f:0065:0001:00300000:0:0:0:" name="ALT VC 70" service_name="ALT VC 70" provider="" sid="47" onid="1" tsid="101" />
    <channel service_ref="1:0:1:0020:0065:0001:00300000:0:0:0:" name="ALT VC 79" service_name="ALT VC 79" provider="" sid="32" onid="1" tsid="101" />
    <channel service_ref="1:0:22:02cd:000c:0055:00300000:0:0:0:" name="AVERS" service_name="AVERS" provider="1plus1 Media" sid="717" onid="85" tsid="12" />
    <channel service_ref="1:0:1:050b:0012:0055:00300000:0:0:0:" name="Belsat TV" service_name="Belsat TV" provider="" sid="1291" onid="85" tsid="18" />
    <channel service_ref="1:0:1:00a8:0065:0001:00300000:0:0:0:" name="BETFRED SIS - CISCO 1" service_name="BETFRED SIS - CISCO 1" provider="" sid="168" onid="1" tsid="101" />
    <channel service_ref="1:0:1:001f:0065:0001:00300000:0:0:0:" name="BETFRED TOTE 2 - CISCO 1" service_name="BETFRED TOTE 2 - CISCO 1" provider="" sid="31" onid="1" tsid="101" />
    <channel service_ref="1:0:1:00a0:00c9:0001:00300000:0:0:0:" name="Betfred1" service_name="Betfred1" provider="SIS Limited" sid="160" onid="1" tsid="201" />
    <channel service_ref="1:0:1:00a2:00c9:0001:00300000:0:0:0:" name="Betfred2" service_name="Betfred2" provider="SIS Limited" sid="162" onid="1" tsid="201" />
    <channel service_ref="1:0:22:17e2:000c:0055:00300000:0:0:0:" name="Bigudi" service_name="Bigudi" provider="1plus1 Media" sid="6114" onid="85" tsid="12" />
    <channel service_ref="1:0:22:0adc:001a:0044:00300000:0:0:0:" name="BOLT" service_name="BOLT" provider="VIASAT" sid="2780" onid="68" tsid="26" />
    <channel service_ref="1:0:22:1de7:002b:0055:00300000:0:0:0:" name="CENTRAL" service_name="CENTRAL" provider="" sid="7655" onid="85" tsid="43" />
    <channel service_ref="1:0:1:0006:00c9:0001:00300000:0:0:0:" name="Channel_6" service_name="Channel_6" provider="SIS Limited" sid="6" onid="1" tsid="201" />
    <channel service_ref="1:0:1:0007:00c9:0001:00300000:0:0:0:" name="Channel_7" service_name="Channel_7" provider="SIS Limited" sid="7" onid="1" tsid="201" />
    <channel service_ref="1:0:1:0008:00c9:0001:00300000:0:0:0:" name="Channel_8" service_name="Channel_8" provider="SIS Limited" sid="8" onid="1" tsid="201" />
    <channel service_ref="1:0:1:0009:00c9:0001:00300000:0:0:0:" name="Channel_9" service_name="Channel_9" provider="SIS Limited" sid="9" onid="1" tsid="201" />
    <channel service_ref="1:0:1:026c:0065:0001:00300000:0:0:0:" name="CoralTV1" service_name="CoralTV1" provider="" sid="620" onid="1" tsid="101" />
    <channel service_ref="1:0:1:026f:0065:0001:00300000:0:0:0:" name="CoralTV2" service_name="CoralTV2" provider="" sid="623" onid="1" tsid="101" />
    <channel service_ref="1:0:25:1e0f:002b:0055:00300000:0:0:0:" name="COVID-19" service_name="COVID-19" provider="" sid="7695" onid="85" tsid="43" />
    <channel service_ref="1:0:22:17f4:000c:0055:00300000:0:0:0:" name="Dacha" service_name="Dacha" provider="1plus1 Media" sid="6132" onid="85" tsid="12" />
    <channel service_ref="1:0:22:09e2:0018:0044:00300000:0:0:0:" name="Discovery Channel" service_name="Discovery Channel" provider="VIASAT" sid="2530" onid="68" tsid="24" />
    <channel service_ref="1:0:1:297c:0000:0000:0030aea2:0:0:0:" name="Discovery Channel" service_name="Discovery Channel" provider="" sid="10620" onid="0" tsid="0" />
    <channel service_ref="1:0:25:0be0:001a:0044:00300000:0:0:0:" name="Discovery ID HD" service_name="Discovery ID HD" provider="VIASAT" sid="3040" onid="68" tsid="26" />
    <channel service_ref="1:0:22:0a0a:0018:0044:00300000:0:0:0:" name="Discovery Science" service_name="Discovery Science" provider="VIASAT" sid="2570" onid="68" tsid="24" />
    <channel service_ref="1:0:1:19dc:0010:0055:00300000:0:0:0:" name="DOM TV" service_name="DOM TV" provider="" sid="6620" onid="85" tsid="16" />
    <channel service_ref="1:0:25:1dbf:002b:0055:00300000:0:0:0:" name="DOM TV" service_name="DOM TV" provider="" sid="7615" onid="85" tsid="43" />
    <channel service_ref="1:0:22:0a00:0018:0044:00300000:0:0:0:" name="DORAMA" service_name="DORAMA" provider="VIASAT" sid="2560" onid="68" tsid="24" />
    <channel service_ref="1:0:22:0a04:0018:0044:00300000:0:0:0:" name="DUCK TV" service_name="DUCK TV" provider="VIASAT" sid="2564" onid="68" tsid="24" />
    <channel service_ref="1:0:1:0b27:0000:0000:00302eb6:0:0:0:" name="Duo 4" service_name="Duo 4" provider="AMB" sid="2855" onid="0" tsid="0" />
    <channel service_ref="1:0:1:296d:0000:0000:0030aea2:0:0:0:" name="Duo 6" service_name="Duo 6" provider="" sid="10605" onid="0" tsid="0" />
    <channel service_ref="1:0:1:007a:0002:0055:00300000:0:0:0:" name="DW Deutsch" service_name="DW Deutsch" provider="" sid="122" onid="85" tsid="2" />
    <channel service_ref="1:0:1:0b50:0000:0000:00302eb6:0:0:0:" name="E! Entertainment" service_name="E! Entertainment" provider="AMB" sid="2896" onid="0" tsid="0" />
    <channel service_ref="1:0:25:1e0a:002b:0055:00300000:0:0:0:" name="English Club HD" service_name="English Club HD" provider="" sid="7690" onid="85" tsid="43" />
    <channel service_ref="1:0:22:1de2:002b:0055:00300000:0:0:0:" name="ERC" service_name="ERC" provider="" sid="7650" onid="85" tsid="43" />
    <channel service_ref="1:0:1:07ba:000f:0055:00300000:0:0:0:" name="Espreso TV" service_name="Espreso TV" provider="" sid="1978" onid="85" tsid="15" />
    <channel service_ref="1:0:1:284b:0000:0000:00302eb6:0:0:0:" name="ETV" service_name="ETV" provider="AMB" sid="10315" onid="0" tsid="0" />
    <channel service_ref="1:0:1:0b66:0000:0000:0030aea2:0:0:0:" name="ETV 2" service_name="ETV 2" provider="" sid="2918" onid="0" tsid="0" />
    <channel service_ref="1:0:1:0b98:0000:0000:0030aea2:0:0:0:" name="ETV+" service_name="ETV+" provider="" sid="2968" onid="0" tsid="0" />
    <channel service_ref="1:0:22:17fe:000c:0055:00300000:0:0:0:" name="Fauna" service_name="Fauna" provider="1plus1 Media" sid="6142" onid="85" tsid="12" />
    <channel service_ref="1:0:22:0aaa:0018:0044:00300000:0:0:0:" name="Food Network" service_name="Food Network" provider="VIASAT" sid="2730" onid="68" tsid="24" />
    <channel service_ref="1:0:25:0b62:0035:0055:00300000:0:0:0:" name="FOOTBALL 1 HD" service_name="FOOTBALL 1 HD" provider="XTRA TV" sid="2914" onid="85" tsid="53" />
    <channel service_ref="1:0:22:0b63:0035:0055:00300000:0:0:0:" name="FOOTBALL 1 SD" service_name="FOOTBALL 1 SD" provider="XTRA TV" sid="2915" onid="85" tsid="53" />
    <channel service_ref="1:0:25:0b64:0035:0055:00300000:0:0:0:" name="FOOTBALL 2 HD" service_name="FOOTBALL 2 HD" provider="XTRA TV" sid="2916" onid="85" tsid="53" />
    <channel service_ref="1:0:22:0b65:0035:0055:00300000:0:0:0:" name="FOOTBALL 2 SD" service_name="FOOTBALL 2 SD" provider="XTRA TV" sid="2917" onid="85" tsid="53" />
    <channel service_ref="1:0:22:0a14:0018:0044:00300000:0:0:0:" name="Fox" service_name="Fox" provider="VIASAT" sid="2580" onid="68" tsid="24" />
    <channel service_ref="1:0:1:27e7:00c9:0055:00300000:0:0:0:" name="Fox" service_name="Fox" provider="AMB" sid="10215" onid="85" tsid="201" />
    <channel service_ref="1:0:22:0a18:0018:0044:00300000:0:0:0:" name="Fox Life" service_name="Fox Life" provider="VIASAT" sid="2584" onid="68" tsid="24" />
    <channel service_ref="1:0:1:28d7:0000:0000:00302eb6:0:0:0:" name="Fox Life" service_name="Fox Life" provider="AMB" sid="10455" onid="0" tsid="0" />
    <channel service_ref="1:0:1:07be:000f:0055:00300000:0:0:0:" name="GLAS" service_name="GLAS" provider="Glas" sid="1982" onid="85" tsid="15" />
    <channel service_ref="1:0:1:0fdc:0006:0056:00300000:0:0:0:" name="GOD Channel" service_name="GOD Channel" provider="" sid="4060" onid="86" tsid="6" />
    <channel service_ref="1:0:1:00f0:0002:0055:00300000:0:0:0:" name="Gunaz TV" service_name="Gunaz TV" provider="" sid="240" onid="85" tsid="2" />
    <channel service_ref="1:0:22:0a1c:0018:0044:00300000:0:0:0:" name="Hollywood" service_name="Hollywood" provider="VIASAT" sid="2588" onid="68" tsid="24" />
    <channel service_ref="1:0:25:0b60:0035:0055:00300000:0:0:0:" name="Indigo HD" service_name="Indigo HD" provider="XTRA TV" sid="2912" onid="85" tsid="53" />
    <channel service_ref="1:0:22:1ee6:002e:0055:00300000:0:0:0:" name="Inter" service_name="Inter" provider="" sid="7910" onid="85" tsid="46" />
    <channel service_ref="1:0:1:1a0e:0010:0055:00300000:0:0:0:" name="INTER +" service_name="INTER +" provider="" sid="6670" onid="85" tsid="16" />
    <channel service_ref="1:0:25:1ef6:002e:0055:00300000:0:0:0:" name="INTER + HD" service_name="INTER + HD" provider="INTER +" sid="7926" onid="85" tsid="46" />
    <channel service_ref="1:0:25:1ee7:002e:0055:00300000:0:0:0:" name="Inter HD" service_name="Inter HD" provider="" sid="7911" onid="85" tsid="46" />
    <channel service_ref="1:0:25:0001:0001:0001:003031be:0:0:0:" name="JurnalTV HD" service_name="JurnalTV HD" provider="ReformaArt" sid="1" onid="1" tsid="1" />
    <channel service_ref="1:0:22:1eec:002e:0055:00300000:0:0:0:" name="K1" service_name="K1" provider="" sid="7916" onid="85" tsid="46" />
    <channel service_ref="1:0:25:1eed:002e:0055:00300000:0:0:0:" name="K1 HD" service_name="K1 HD" provider="" sid="7917" onid="85" tsid="46" />
    <channel service_ref="1:0:22:1eee:002e:0055:00300000:0:0:0:" name="K2" service_name="K2" provider="" sid="7918" onid="85" tsid="46" />
    <channel service_ref="1:0:25:1eef:002e:0055:00300000:0:0:0:" name="K2 HD" service_name="K2 HD" provider="" sid="7919" onid="85" tsid="46" />
    <channel service_ref="1:0:1:0fd2:0006:0056:00300000:0:0:0:" name="Kanal 10" service_name="Kanal 10" provider="" sid="4050" onid="86" tsid="6" />
    <channel service_ref="1:0:1:0b22:0000:0000:00302eb6:0:0:0:" name="Kanal 2" service_name="Kanal 2" provider="AMB" sid="2850" onid="0" tsid="0" />
    <channel service_ref="1:0:1:07c7:000f:0055:00300000:0:0:0:" name="KARAVAN" service_name="KARAVAN" provider="" sid="1991" onid="85" tsid="15" />
    <channel service_ref="1:0:1:27dd:00c9:0055:00300000:0:0:0:" name="Kidzone+" service_name="Kidzone+" provider="AMB" sid="10205" onid="85" tsid="201" />
    <channel service_ref="1:0:22:02d8:000c:0055:00300000:0:0:0:" name="Kus-Kus" service_name="Kus-Kus" provider="1plus1 Media" sid="728" onid="85" tsid="12" />
    <channel service_ref="1:0:22:17dc:000c:0055:00300000:0:0:0:" name="Kvartal TV" service_name="Kvartal TV" provider="1plus1 Media" sid="6108" onid="85" tsid="12" />
    <channel service_ref="1:0:1:1b4e:0011:0055:00300000:0:0:0:" name="Kyiv TV" service_name="Kyiv TV" provider="" sid="6990" onid="85" tsid="17" />
    <channel service_ref="1:0:1:0b61:0000:0000:0030aea2:0:0:0:" name="Lietuvos Rytas TV" service_name="Lietuvos Rytas TV" provider="" sid="2913" onid="0" tsid="0" />
    <channel service_ref="1:0:1:1afe:0011:0055:00300000:0:0:0:" name="LIVE" service_name="LIVE" provider="" sid="6910" onid="85" tsid="17" />
    <channel service_ref="1:0:1:279c:00c9:0055:00300000:0:0:0:" name="LNK" service_name="LNK" provider="AMB" sid="10140" onid="85" tsid="201" />
    <channel service_ref="1:0:1:290e:0000:0000:0030aea2:0:0:0:" name="LRT Lituanica" service_name="LRT Lituanica" provider="" sid="10510" onid="0" tsid="0" />
    <channel service_ref="1:0:1:28cd:0000:0000:00302eb6:0:0:0:" name="LRT Plius" service_name="LRT Plius" provider="AMB" sid="10445" onid="0" tsid="0" />
    <channel service_ref="1:0:1:0ad6:00c9:0055:00300000:0:0:0:" name="LTV 1" service_name="LTV 1" provider="AMB" sid="2774" onid="85" tsid="201" />
    <channel service_ref="1:0:1:0adb:00c9:0055:00300000:0:0:0:" name="LTV 7" service_name="LTV 7" provider="AMB" sid="2779" onid="85" tsid="201" />
    <channel service_ref="1:0:1:02b0:0065:0001:00300000:0:0:0:" name="LTV2" service_name="LTV2" provider="" sid="688" onid="1" tsid="101" />
    <channel service_ref="1:0:1:00c8:0065:0001:00300000:0:0:0:" name="MCUK Test" service_name="MCUK Test" provider="" sid="200" onid="1" tsid="101" />
    <channel service_ref="1:0:22:1eea:002e:0055:00300000:0:0:0:" name="MEGA" service_name="MEGA" provider="" sid="7914" onid="85" tsid="46" />
    <channel service_ref="1:0:25:1eeb:002e:0055:00300000:0:0:0:" name="MEGA HD" service_name="MEGA HD" provider="" sid="7915" onid="85" tsid="46" />
    <channel service_ref="1:0:1:277e:00c9:0055:00300000:0:0:0:" name="Mir" service_name="Mir" provider="AMB" sid="10110" onid="85" tsid="201" />
    <channel service_ref="1:0:22:1b03:0011:0055:00300000:0:0:0:" name="NADIYA" service_name="NADIYA" provider="" sid="6915" onid="85" tsid="17" />
    <channel service_ref="1:0:1:1b44:0011:0055:00300000:0:0:0:" name="NASH" service_name="NASH" provider="" sid="6980" onid="85" tsid="17" />
    <channel service_ref="1:0:1:19be:000f:0055:00300000:0:0:0:" name="NATALI" service_name="NATALI" provider="" sid="6590" onid="85" tsid="15" />
    <channel service_ref="1:0:22:02c4:000c:0055:00300000:0:0:0:" name="Nauka" service_name="Nauka" provider="1plus1 Media" sid="708" onid="85" tsid="12" />
    <channel service_ref="1:0:1:288c:0000:0000:00302eb6:0:0:0:" name="Nick JR" service_name="Nick JR" provider="AMB" sid="10380" onid="0" tsid="0" />
    <channel service_ref="1:0:22:0a64:0018:0044:00300000:0:0:0:" name="Nick Jr." service_name="Nick Jr." provider="VIASAT" sid="2660" onid="68" tsid="24" />
    <channel service_ref="1:0:1:0b4b:0000:0000:00302eb6:0:0:0:" name="Nicktoons" service_name="Nicktoons" provider="AMB" sid="2891" onid="0" tsid="0" />
    <channel service_ref="1:0:22:180e:000c:0055:00300000:0:0:0:" name="Nicktoons" service_name="Nicktoons" provider="1plus1 Media" sid="6158" onid="85" tsid="12" />
    <channel service_ref="1:0:25:0b5f:0035:0055:00300000:0:0:0:" name="NLO HD" service_name="NLO HD" provider="XTRA TV" sid="2911" onid="85" tsid="53" />
    <channel service_ref="1:0:22:1ee8:002e:0055:00300000:0:0:0:" name="NTN" service_name="NTN" provider="" sid="7912" onid="85" tsid="46" />
    <channel service_ref="1:0:25:1ee9:002e:0055:00300000:0:0:0:" name="NTN HD" service_name="NTN HD" provider="" sid="7913" onid="85" tsid="46" />
    <channel service_ref="1:0:22:182e:000c:0055:00300000:0:0:0:" name="O-TV" service_name="O-TV" provider="1plus1 Media" sid="6190" onid="85" tsid="12" />
    <channel service_ref="1:0:22:1e05:002b:0055:00300000:0:0:0:" name="ObozTV" service_name="ObozTV" provider="" sid="7685" onid="85" tsid="43" />
    <channel service_ref="1:0:1:0b30:0000:0000:00302eb6:0:0:0:" name="Ohota i Rybalka" service_name="Ohota i Rybalka" provider="AMB" sid="2864" onid="0" tsid="0" />
    <channel service_ref="1:0:1:002f:00c9:0001:00300000:0:0:0:" name="PaddyPower1 IE" service_name="PaddyPower1 IE" provider="SIS" sid="47" onid="1" tsid="201" />
    <channel service_ref="1:0:1:0030:00c9:0001:00300000:0:0:0:" name="PaddyPower1 UK" service_name="PaddyPower1 UK" provider="SIS" sid="48" onid="1" tsid="201" />
    <channel service_ref="1:0:1:002e:00c9:0001:00300000:0:0:0:" name="PaddyPower2" service_name="PaddyPower2" provider="SIS" sid="46" onid="1" tsid="201" />
    <channel service_ref="1:0:22:180c:000c:0055:00300000:0:0:0:" name="Paramount Channel" service_name="Paramount Channel" provider="1plus1 Media" sid="6156" onid="85" tsid="12" />
    <channel service_ref="1:0:22:17f2:000c:0055:00300000:0:0:0:" name="Paramount Comedy" service_name="Paramount Comedy" provider="1plus1 Media" sid="6130" onid="85" tsid="12" />
    <channel service_ref="1:0:22:182d:000c:0055:00300000:0:0:0:" name="Paramount Comedy" service_name="Paramount Comedy" provider="1plus1 Media" sid="6189" onid="85" tsid="12" />
    <channel service_ref="1:0:22:01a7:001a:0044:00300000:0:0:0:" name="Penthouse" service_name="Penthouse" provider="VIASAT" sid="423" onid="68" tsid="26" />
    <channel service_ref="1:0:22:1dec:002b:0055:00300000:0:0:0:" name="Pershyy Nezalezhnyy" service_name="Pershyy Nezalezhnyy" provider="" sid="7660" onid="85" tsid="43" />
    <channel service_ref="1:0:1:0b58:0000:0000:0030aea2:0:0:0:" name="Pirmais Balt Kan Igaunija" service_name="Pirmais Balt Kan Igaunija" provider="" sid="2904" onid="0" tsid="0" />
    <channel service_ref="1:0:1:293b:0000:0000:0030aea2:0:0:0:" name="Pirmais Balt Kan Lietuva" service_name="Pirmais Balt Kan Lietuva" provider="" sid="10555" onid="0" tsid="0" />
    <channel service_ref="1:0:1:0b6a:0000:0000:0030aea2:0:0:0:" name="Pirmais Baltijals Kanals" service_name="Pirmais Baltijals Kanals" provider="" sid="2922" onid="0" tsid="0" />
    <channel service_ref="1:0:22:1ef2:002e:0055:00300000:0:0:0:" name="PIXEL" service_name="PIXEL" provider="" sid="7922" onid="85" tsid="46" />
    <channel service_ref="1:0:25:1ef3:002e:0055:00300000:0:0:0:" name="PIXEL HD" service_name="PIXEL HD" provider="" sid="7923" onid="85" tsid="46" />
    <channel service_ref="1:0:22:17e0:000c:0055:00300000:0:0:0:" name="Plus Plus" service_name="Plus Plus" provider="1plus1 Media" sid="6112" onid="85" tsid="12" />
    <channel service_ref="1:0:22:182c:000c:0055:00300000:0:0:0:" name="Plus Plus" service_name="Plus Plus" provider="1plus1 Media" sid="6188" onid="85" tsid="12" />
    <channel service_ref="1:0:1:006f:0065:0001:00300000:0:0:0:" name="PPTV1" service_name="PPTV1" provider="" sid="111" onid="1" tsid="101" />
    <channel service_ref="1:0:1:0b6f:0000:0000:0030aea2:0:0:0:" name="REN TV Lietuva" service_name="REN TV Lietuva" provider="" sid="2927" onid="0" tsid="0" />
    <channel service_ref="1:0:1:287d:0000:0000:00302eb6:0:0:0:" name="ReTV" service_name="ReTV" provider="AMB" sid="10365" onid="0" tsid="0" />
    <channel service_ref="1:0:1:28d2:0000:0000:00302eb6:0:0:0:" name="Riga TV 24" service_name="Riga TV 24" provider="AMB" sid="10450" onid="0" tsid="0" />
    <channel service_ref="1:0:1:07cc:000f:0055:00300000:0:0:0:" name="ROZPAKUI" service_name="ROZPAKUI" provider="" sid="1996" onid="85" tsid="15" />
    <channel service_ref="1:0:1:005f:00c9:0001:00300000:0:0:0:" name="RTVi" service_name="RTVi" provider="SIS Limited" sid="95" onid="1" tsid="201" />
    <channel service_ref="1:0:1:00dc:0002:0055:00300000:0:0:0:" name="RTVi" service_name="RTVi" provider="" sid="220" onid="85" tsid="2" />
    <channel service_ref="1:0:22:0b72:0035:0055:00300000:0:0:0:" name="Rybalka" service_name="Rybalka" provider="XTRA TV" sid="2930" onid="85" tsid="53" />
    <channel service_ref="1:0:1:00fa:0002:0055:00300000:0:0:0:" name="SBN International" service_name="SBN International" provider="" sid="250" onid="85" tsid="2" />
    <channel service_ref="1:0:22:1dc4:002b:0055:00300000:0:0:0:" name="Sirius TV" service_name="Sirius TV" provider="" sid="7620" onid="85" tsid="43" />
    <channel service_ref="1:0:1:005b:0065:0001:00300000:0:0:0:" name="SIS EUROPE (NO DATA) - CISCO 2" service_name="SIS EUROPE (NO DATA) - CISCO 2" provider="" sid="91" onid="1" tsid="101" />
    <channel service_ref="1:0:1:005a:0065:0001:00300000:0:0:0:" name="SIS EUROPE - CISCO 2" service_name="SIS EUROPE - CISCO 2" provider="" sid="90" onid="1" tsid="101" />
    <channel service_ref="1:0:1:02b4:0065:0001:00300000:0:0:0:" name="SIS Spanish" service_name="SIS Spanish" provider="" sid="692" onid="1" tsid="101" />
    <channel service_ref="1:0:1:00be:00c9:0001:00300000:0:0:0:" name="SIS Two" service_name="SIS Two" provider="NEPC" sid="190" onid="1" tsid="201" />
    <channel service_ref="1:0:1:0053:0065:0001:00300000:0:0:0:" name="SIS UK (AUDIO ONLY)" service_name="SIS UK (AUDIO ONLY)" provider="" sid="83" onid="1" tsid="101" />
    <channel service_ref="1:0:1:003e:0065:0001:00300000:0:0:0:" name="SIS UK with 2DB" service_name="SIS UK with 2DB" provider="" sid="62" onid="1" tsid="101" />
    <channel service_ref="1:0:1:004f:0065:0001:00300000:0:0:0:" name="SIS UK WITH BTC" service_name="SIS UK WITH BTC" provider="" sid="79" onid="1" tsid="101" />
    <channel service_ref="1:0:1:003f:0065:0001:00300000:0:0:0:" name="SIS UK with BTC and 2DB" service_name="SIS UK with BTC and 2DB" provider="" sid="63" onid="1" tsid="101" />
    <channel service_ref="1:0:1:000b:0065:0001:00300000:0:0:0:" name="SIS VISION AUDIO &amp; VBI - CISCO 1" service_name="SIS VISION AUDIO &amp; VBI - CISCO 1" provider="" sid="11" onid="1" tsid="101" />
    <channel service_ref="1:0:1:002e:0065:0001:00300000:0:0:0:" name="SIS VISION BTC AUDIO (Ch11)" service_name="SIS VISION BTC AUDIO (Ch11)" provider="" sid="46" onid="1" tsid="101" />
    <channel service_ref="1:0:1:00fa:00c9:0001:00300000:0:0:0:" name="SISTwo BarOne" service_name="SISTwo BarOne" provider="SIS" sid="250" onid="1" tsid="201" />
    <channel service_ref="1:0:1:003a:00c9:0001:00300000:0:0:0:" name="SISTwo BTC" service_name="SISTwo BTC" provider="SIS" sid="58" onid="1" tsid="201" />
    <channel service_ref="1:0:1:1b1c:0011:0055:00300000:0:0:0:" name="SONATA TV" service_name="SONATA TV" provider="" sid="6940" onid="85" tsid="17" />
    <channel service_ref="1:0:1:1b08:0011:0055:00300000:0:0:0:" name="SONCE (UA)" service_name="SONCE (UA)" provider="SOLAR MEDIA" sid="6920" onid="85" tsid="17" />
    <channel service_ref="1:0:1:27ab:00c9:0055:00300000:0:0:0:" name="STS Baltic" service_name="STS Baltic" provider="AMB" sid="10155" onid="85" tsid="201" />
    <channel service_ref="1:0:22:1ddd:002b:0055:00300000:0:0:0:" name="Svarogichi" service_name="Svarogichi" provider="" sid="7645" onid="85" tsid="43" />
    <channel service_ref="1:0:1:19aa:000f:0055:00300000:0:0:0:" name="Svarogichi TEST" service_name="Svarogichi TEST" provider="" sid="6570" onid="85" tsid="15" />
    <channel service_ref="1:0:22:1e00:002b:0055:00300000:0:0:0:" name="TAK TB CENTER+" service_name="TAK TB CENTER+" provider="" sid="7680" onid="85" tsid="43" />
    <channel service_ref="1:0:22:1db5:002b:0055:00300000:0:0:0:" name="Tellytrack" service_name="Tellytrack" provider="" sid="7605" onid="85" tsid="43" />
    <channel service_ref="1:0:1:02fe:0065:0001:00300000:0:0:0:" name="Temp LTV1" service_name="Temp LTV1" provider="" sid="766" onid="1" tsid="101" />
    <channel service_ref="1:0:1:02c9:0065:0001:00300000:0:0:0:" name="Temp PPTV1 - IE" service_name="Temp PPTV1 - IE" provider="" sid="713" onid="1" tsid="101" />
    <channel service_ref="1:0:1:02ca:0065:0001:00300000:0:0:0:" name="Temp PPTV1 - UK" service_name="Temp PPTV1 - UK" provider="" sid="714" onid="1" tsid="101" />
    <channel service_ref="1:0:1:02c8:0065:0001:00300000:0:0:0:" name="Temp PPTV2" service_name="Temp PPTV2" provider="" sid="712" onid="1" tsid="101" />
    <channel service_ref="1:0:1:02bc:0065:0001:00300000:0:0:0:" name="Temp SIS TWO" service_name="Temp SIS TWO" provider="" sid="700" onid="1" tsid="101" />
    <channel service_ref="1:0:1:02ee:0065:0001:00300000:0:0:0:" name="Temp SIS TWO BAR ONE" service_name="Temp SIS TWO BAR ONE" provider="" sid="750" onid="1" tsid="101" />
    <channel service_ref="1:0:1:02e0:0065:0001:00300000:0:0:0:" name="Temp SIS TWO BTC" service_name="Temp SIS TWO BTC" provider="" sid="736" onid="1" tsid="101" />
    <channel service_ref="1:0:22:070a:000c:0055:00300000:0:0:0:" name="Terra" service_name="Terra" provider="1plus1 Media" sid="1802" onid="85" tsid="12" />
    <channel service_ref="1:0:22:09ef:0018:0044:00300000:0:0:0:" name="TeSt" service_name="TeSt" provider="Viasat" sid="2543" onid="68" tsid="24" />
    <channel service_ref="1:0:1:0031:0065:0001:00300000:0:0:0:" name="TEST CHANNEL - CISCO 1" service_name="TEST CHANNEL - CISCO 1" provider="" sid="49" onid="1" tsid="101" />
    <channel service_ref="1:0:22:02cf:000c:0055:00300000:0:0:0:" name="Test Unian" service_name="Test Unian" provider="1plus1 Media" sid="719" onid="85" tsid="12" />
    <channel service_ref="1:0:22:17de:000c:0055:00300000:0:0:0:" name="TET" service_name="TET" provider="1plus1 Media" sid="6110" onid="85" tsid="12" />
    <channel service_ref="1:0:1:28a0:0000:0000:00302eb6:0:0:0:" name="Ticket" service_name="Ticket" provider="AMB" sid="10400" onid="0" tsid="0" />
    <channel service_ref="1:0:22:09d8:0018:0044:00300000:0:0:0:" name="TLC" service_name="TLC" provider="VIASAT" sid="2520" onid="68" tsid="24" />
    <channel service_ref="1:0:1:27b5:00c9:0055:00300000:0:0:0:" name="TLC" service_name="TLC" provider="AMB" sid="10165" onid="85" tsid="201" />
    <channel service_ref="1:0:22:09ec:0018:0044:00300000:0:0:0:" name="Travel Channel" service_name="Travel Channel" provider="VIASAT" sid="2540" onid="68" tsid="24" />
    <channel service_ref="1:0:22:070c:000c:0055:00300000:0:0:0:" name="Trofey" service_name="Trofey" provider="1plus1 Media" sid="1804" onid="85" tsid="12" />
    <channel service_ref="1:0:1:27a6:00c9:0055:00300000:0:0:0:" name="TV 1 Lithuania" service_name="TV 1 Lithuania" provider="AMB" sid="10150" onid="85" tsid="201" />
    <channel service_ref="1:0:1:27ba:00c9:0055:00300000:0:0:0:" name="TV 1000 East" service_name="TV 1000 East" provider="AMB" sid="10170" onid="85" tsid="201" />
    <channel service_ref="1:0:1:27bf:00c9:0055:00300000:0:0:0:" name="TV 1000 Russkoe Kino" service_name="TV 1000 Russkoe Kino" provider="AMB" sid="10175" onid="85" tsid="201" />
    <channel service_ref="1:0:1:1b26:0011:0055:00300000:0:0:0:" name="TV-1" service_name="TV-1" provider="" sid="6950" onid="85" tsid="17" />
    <channel service_ref="1:0:25:1dba:002b:0055:00300000:0:0:0:" name="TV-1" service_name="TV-1" provider="" sid="7610" onid="85" tsid="43" />
    <channel service_ref="1:0:25:0abe:001a:0044:00300000:0:0:0:" name="TV1000" service_name="TV1000" provider="VIASAT" sid="2750" onid="68" tsid="26" />
    <channel service_ref="1:0:25:01ba:001a:0044:00300000:0:0:0:" name="TV1000 Action" service_name="TV1000 Action" provider="VIASAT" sid="442" onid="68" tsid="26" />
    <channel service_ref="1:0:1:285f:0000:0000:00302eb6:0:0:0:" name="TV1000 Action" service_name="TV1000 Action" provider="AMB" sid="10335" onid="0" tsid="0" />
    <channel service_ref="1:0:1:0b1e:0000:0000:00302eb6:0:0:0:" name="TV6 (EE)" service_name="TV6 (EE)" provider="AMB" sid="2846" onid="0" tsid="0" />
    <channel service_ref="1:0:1:283c:0000:0000:00302eb6:0:0:0:" name="TV6 (LT)" service_name="TV6 (LT)" provider="AMB" sid="10300" onid="0" tsid="0" />
    <channel service_ref="1:0:1:0aed:00c9:0055:00300000:0:0:0:" name="TV8 Lithuania" service_name="TV8 Lithuania" provider="AMB" sid="2797" onid="85" tsid="201" />
    <channel service_ref="1:0:1:00c8:0002:0055:00300000:0:0:0:" name="TVGE INTERNATIONAL" service_name="TVGE INTERNATIONAL" provider="" sid="200" onid="85" tsid="2" />
    <channel service_ref="1:0:1:0fa0:0006:0056:00300000:0:0:0:" name="TVN Chile Nordic" service_name="TVN Chile Nordic" provider="NSAB" sid="4000" onid="86" tsid="6" />
    <channel service_ref="1:0:22:1b21:0011:0055:00300000:0:0:0:" name="UNC" service_name="UNC" provider="" sid="6945" onid="85" tsid="17" />
    <channel service_ref="1:0:22:02c8:000c:0055:00300000:0:0:0:" name="Unian TV" service_name="Unian TV" provider="1plus1 Media" sid="712" onid="85" tsid="12" />
    <channel service_ref="1:0:22:02d7:000c:0055:00300000:0:0:0:" name="Unian TV" service_name="Unian TV" provider="1plus1 Media" sid="727" onid="85" tsid="12" />
    <channel service_ref="1:0:1:19d2:0010:0055:00300000:0:0:0:" name="Unian TV" service_name="Unian TV" provider="" sid="6610" onid="85" tsid="16" />
    <channel service_ref="1:0:22:072a:000c:0055:00300000:0:0:0:" name="UTravel" service_name="UTravel" provider="1plus1 Media" sid="1834" onid="85" tsid="12" />
    <channel service_ref="1:0:1:292c:0000:0000:0030aea2:0:0:0:" name="Viasat Explore" service_name="Viasat Explore" provider="" sid="10540" onid="0" tsid="0" />
    <channel service_ref="1:0:1:27c9:00c9:0055:00300000:0:0:0:" name="Viasat Explore HD" service_name="Viasat Explore HD" provider="AMB" sid="10185" onid="85" tsid="201" />
    <channel service_ref="1:0:22:0ad2:001a:0044:00300000:0:0:0:" name="Viasat Explorer" service_name="Viasat Explorer" provider="VIASAT" sid="2770" onid="68" tsid="26" />
    <channel service_ref="1:0:22:0ab4:001a:0044:00300000:0:0:0:" name="Viasat Nature" service_name="Viasat Nature" provider="VIASAT" sid="2740" onid="68" tsid="26" />
    <channel service_ref="1:0:1:0b78:0000:0000:0030aea2:0:0:0:" name="Viasat Nature CEE" service_name="Viasat Nature CEE" provider="" sid="2936" onid="0" tsid="0" />
    <channel service_ref="1:0:25:107c:001a:0044:00300000:0:0:0:" name="ViP Comedy HD" service_name="ViP Comedy HD" provider="VIASAT" sid="4220" onid="68" tsid="26" />
    <channel service_ref="1:0:25:01ae:001a:0044:00300000:0:0:0:" name="ViP Megahit HD" service_name="ViP Megahit HD" provider="VIASAT" sid="430" onid="68" tsid="26" />
    <channel service_ref="1:0:25:042c:001a:0044:00300000:0:0:0:" name="ViP Premiere HD" service_name="ViP Premiere HD" provider="VIASAT" sid="1068" onid="68" tsid="26" />
    <channel service_ref="1:0:25:03fe:001a:0044:00300000:0:0:0:" name="ViP Serial HD" service_name="ViP Serial HD" provider="VIASAT" sid="1022" onid="68" tsid="26" />
    <channel service_ref="1:0:22:0ffa:0006:0056:00300000:0:0:0:" name="Vision Sverige" service_name="Vision Sverige" provider="" sid="4090" onid="86" tsid="6" />
    <channel service_ref="1:0:1:0018:0065:0001:00300000:0:0:0:" name="WH 2" service_name="WH 2" provider="" sid="24" onid="1" tsid="101" />
    <channel service_ref="1:0:1:0017:0065:0001:00300000:0:0:0:" name="WILLIAM HILL IP CLEAR - CISCO 6" service_name="WILLIAM HILL IP CLEAR - CISCO 6" provider="" sid="23" onid="1" tsid="101" />
    <channel service_ref="1:0:22:0a02:0018:0044:00300000:0:0:0:" name="ZEE TV" service_name="ZEE TV" provider="VIASAT" sid="2562" onid="68" tsid="24" />
    <channel service_ref="1:0:22:1ef0:002e:0055:00300000:0:0:0:" name="ZOOM" service_name="ZOOM" provider="" sid="7920" onid="85" tsid="46" />
    <channel service_ref="1:0:25:1ef1:002e:0055:00300000:0:0:0:" name="ZOOM HD" service_name="ZOOM HD" provider="" sid="7921" onid="85" tsid="46" />
    <channel service_ref="1:0:22:1df6:002b:0055:00300000:0:0:0:" name="ZORAYNIY" service_name="ZORAYNIY" provider="" sid="7670" onid="85" tsid="43" />
    <channel service_ref="1:0:22:02ca:000c:0055:00300000:0:0:0:" name="Епоха" service_name="Епоха" provider="1plus1 Media" sid="714" onid="85" tsid="12" />
  </bouquet>
  <bouquet name="PayTV - Sky - DE - HD" category="tv">
    <channel service_ref="1:0:1:0b50:0000:0000:00302eb6:0:0:0:" name="E! Entertainment" service_name="E! Entertainment" provider="AMB" sid="2896" onid="0" tsid="0" />
  </bouquet>
  <bouquet name="Radio" category="radio">
    <channel service_ref="1:0:2:1af4:0011:0055:00300000:0:0:0:" name="ARMY FM" service_name="ARMY FM" provider="" sid="6900" onid="85" tsid="17" />
    <channel service_ref="1:0:2:07ac:000f:0055:00300000:0:0:0:" name="Emmanuel" service_name="Emmanuel" provider="Svitle Radio" sid="1964" onid="85" tsid="15" />
    <channel service_ref="1:0:2:00e6:0002:0055:00300000:0:0:0:" name="European Radio for Belarus" service_name="European Radio for Belarus" provider="" sid="230" onid="85" tsid="2" />
    <channel service_ref="1:0:2:0003:0001:0001:003031be:0:0:0:" name="JurnalFM" service_name="JurnalFM" provider="JurnalTV" sid="3" onid="1" tsid="1" />
    <channel service_ref="1:0:2:00ea:0002:0055:00300000:0:0:0:" name="Radio Marija Latvia" service_name="Radio Marija Latvia" provider="" sid="234" onid="85" tsid="2" />
    <channel service_ref="1:0:2:07af:000f:0055:00300000:0:0:0:" name="radio nv" service_name="radio nv" provider="TRK ERA" sid="1967" onid="85" tsid="15" />
    <channel service_ref="1:0:2:00ec:0002:0055:00300000:0:0:0:" name="Test R" service_name="Test R" provider="" sid="236" onid="85" tsid="2" />
    <channel service_ref="1:0:2:01f4:0065:0001:00300000:0:0:0:" name="Upgrade Test Channel" service_name="Upgrade Test Channel" provider="" sid="500" onid="1" tsid="101" />
  </bouquet>
  <bouquet name="Radio - Music" category="radio">
    <channel service_ref="1:0:2:1af4:0011:0055:00300000:0:0:0:" name="ARMY FM" service_name="ARMY FM" provider="" sid="6900" onid="85" tsid="17" />
    <channel service_ref="1:0:2:0003:0001:0001:003031be:0:0:0:" name="JurnalFM" service_name="JurnalFM" provider="JurnalTV" sid="3" onid="1" tsid="1" />
  </bouquet>
</zapit>
