<?xml version='1.0' encoding='utf-8'?>
<zapit>
  <bouquet name="General" category="tv">
    <channel service_ref="1:0:1:000e:16b7:217c:eeee0000:0:0:0:" name="Lombardia Tv" service_name="Lombardia Tv" provider="Primantenna" sid="14" onid="8572" tsid="5815" />
    <channel service_ref="1:0:1:000f:16b7:217c:eeee0000:0:0:0:" name="Lombardia TV 85" service_name="Lombardia TV 85" provider="Primantenna" sid="15" onid="8572" tsid="5815" />
    <channel service_ref="1:0:1:0003:16b7:217c:eeee0000:0:0:0:" name="Motori Market" service_name="Motori Market" provider="Primantenna" sid="3" onid="8572" tsid="5815" />
    <channel service_ref="1:0:1:0002:16b7:217c:eeee0000:0:0:0:" name="Motori Tv" service_name="Motori Tv" provider="Primantenna" sid="2" onid="8572" tsid="5815" />
    <channel service_ref="1:0:1:0009:16b7:217c:eeee0000:0:0:0:" name="Motori Tv+1" service_name="Motori Tv+1" provider="Primantenna" sid="9" onid="8572" tsid="5815" />
    <channel service_ref="1:0:1:0001:16b7:217c:eeee0000:0:0:0:" name="Primantenna" service_name="Primantenna" provider="Primantenna" sid="1" onid="8572" tsid="5815" />
    <channel service_ref="1:0:1:0006:16b7:217c:eeee0000:0:0:0:" name="Primantenna Family" service_name="Primantenna Family" provider="Primantenna" sid="6" onid="8572" tsid="5815" />
    <channel service_ref="1:0:1:0005:16b7:217c:eeee0000:0:0:0:" name="Primantenna+1" service_name="Primantenna+1" provider="Primantenna" sid="5" onid="8572" tsid="5815" />
    <channel service_ref="1:0:1:00c8:16b7:217c:eeee0000:0:0:0:" name="QuartaRete Blu" service_name="QuartaRete Blu" provider="Primantenna" sid="200" onid="8572" tsid="5815" />
    <channel service_ref="1:0:1:0028:16b7:217c:eeee0000:0:0:0:" name="Quintarete" service_name="Quintarete" provider="Primantenna" sid="40" onid="8572" tsid="5815" />
    <channel service_ref="1:0:1:03e9:16b7:217c:eeee0000:0:0:0:" name="Radio Beckwith" service_name="Radio Beckwith" provider="Mainlevel" sid="1001" onid="8572" tsid="5815" />
    <channel service_ref="1:0:1:03e8:16b7:217c:eeee0000:0:0:0:" name="Radio Gold TV" service_name="Radio Gold TV" provider="Primantenna" sid="1000" onid="8572" tsid="5815" />
    <channel service_ref="1:0:1:0008:16b7:217c:eeee0000:0:0:0:" name="RADIO JUKEBOXTV" service_name="RADIO JUKEBOXTV" provider="" sid="8" onid="8572" tsid="5815" />
    <channel service_ref="1:0:1:0004:16b7:217c:eeee0000:0:0:0:" name="Telestudio" service_name="Telestudio" provider="" sid="4" onid="8572" tsid="5815" />
  </bouquet>
  <bouquet name="ARD/ZDF" category="tv">
    <channel service_ref="1:0:1:000e:16b7:217c:eeee0000:0:0:0:" name="Lombardia Tv" service_name="Lombardia Tv" provider="Primantenna" sid="14" onid="8572" tsid="5815" />
    <channel service_ref="1:0:1:000f:16b7:217c:eeee0000:0:0:0:" name="Lombardia TV 85" service_name="Lombardia TV 85" provider="Primantenna" sid="15" onid="8572" tsid="5815" />
  </bouquet>
  <bouquet name="Switzerland" category="tv">
    <channel service_ref="1:0:1:0004:16b7:217c:eeee0000:0:0:0:" name="Telestudio" service_name="Telestudio" provider="" sid="4" onid="8572" tsid="5815" />
  </bouquet>
  <bouquet name="Others" category="tv">
    <channel service_ref="1:0:1:0003:16b7:217c:eeee0000:0:0:0:" name="Motori Market" service_name="Motori Market" provider="Primantenna" sid="3" onid="8572" tsid="5815" />
    <channel service_ref="1:0:1:0002:16b7:217c:eeee0000:0:0:0:" name="Motori Tv" service_name="Motori Tv" provider="Primantenna" sid="2" onid="8572" tsid="5815" />
    <channel service_ref="1:0:1:0009:16b7:217c:eeee0000:0:0:0:" name="Motori Tv+1" service_name="Motori Tv+1" provider="Primantenna" sid="9" onid="8572" tsid="5815" />
    <channel service_ref="1:0:1:0001:16b7:217c:eeee0000:0:0:0:" name="Primantenna" service_name="Primantenna" provider="Primantenna" sid="1" onid="8572" tsid="5815" />
    <channel service_ref="1:0:1:0006:16b7:217c:eeee0000:0:0:0:" name="Primantenna Family" service_name="Primantenna Family" provider="Primantenna" sid="6" onid="8572" tsid="5815" />
    <channel service_ref="1:0:1:0005:16b7:217c:eeee0000:0:0:0:" name="Primantenna+1" service_name="Primantenna+1" provider="Primantenna" sid="5" onid="8572" tsid="5815" />
    <channel service_ref="1:0:1:00c8:16b7:217c:eeee0000:0:0:0:" name="QuartaRete Blu" service_name="QuartaRete Blu" provider="Primantenna" sid="200" onid="8572" tsid="5815" />
    <channel service_ref="1:0:1:0028:16b7:217c:eeee0000:0:0:0:" name="Quintarete" service_name="Quintarete" provider="Primantenna" sid="40" onid="8572" tsid="5815" />
    <channel service_ref="1:0:1:03e9:16b7:217c:eeee0000:0:0:0:" name="Radio Beckwith" service_name="Radio Beckwith" provider="Mainlevel" sid="1001" onid="8572" tsid="5815" />
    <channel service_ref="1:0:1:03e8:16b7:217c:eeee0000:0:0:0:" name="Radio Gold TV" service_name="Radio Gold TV" provider="Primantenna" sid="1000" onid="8572" tsid="5815" />
    <channel service_ref="1:0:1:0008:16b7:217c:eeee0000:0:0:0:" name="RADIO JUKEBOXTV" service_name="RADIO JUKEBOXTV" provider="" sid="8" onid="8572" tsid="5815" />
  </bouquet>
  <bouquet name="Radio" category="radio">
    <channel service_ref="1:0:2:0029:16b7:217c:eeee0000:0:0:0:" name="Radio Alfa" service_name="Radio Alfa" provider="Primantenna" sid="41" onid="8572" tsid="5815" />
    <channel service_ref="1:0:2:000c:16b7:217c:eeee0000:0:0:0:" name="Radio Antenna1" service_name="Radio Antenna1" provider="Primantenna" sid="12" onid="8572" tsid="5815" />
    <channel service_ref="1:0:2:000d:16b7:217c:eeee0000:0:0:0:" name="Radio Juke Box" service_name="Radio Juke Box" provider="Primantenna" sid="13" onid="8572" tsid="5815" />
  </bouquet>
  <bouquet name="Digitale Terrestre" category="tv">
    <channel service_ref="1:0:1:1:16b7:217c:eeee0000:0:0:0:" name="Primantenna" service_name="Primantenna" provider="Primantenna" sid="1" onid="8572" tsid="5815" />
    <channel service_ref="1:0:1:5:16b7:217c:eeee0000:0:0:0:" name="Primantenna+1" service_name="Primantenna+1" provider="Primantenna" sid="5" onid="8572" tsid="5815" />
    <channel service_ref="1:0:1:2:16b7:217c:eeee0000:0:0:0:" name="Motori Tv" service_name="Motori Tv" provider="Primantenna" sid="2" onid="8572" tsid="5815" />
    <channel service_ref="1:0:1:6:16b7:217c:eeee0000:0:0:0:" name="Primantenna Family" service_name="Primantenna Family" provider="Primantenna" sid="6" onid="8572" tsid="5815" />
    <channel service_ref="1:0:1:3:16b7:217c:eeee0000:0:0:0:" name="Motori Market" service_name="Motori Market" provider="Primantenna" sid="3" onid="8572" tsid="5815" />
    <channel service_ref="1:0:1:4:16b7:217c:eeee0000:0:0:0:" name="Telestudio" service_name="Telestudio" provider="" sid="4" onid="8572" tsid="5815" />
    <channel service_ref="1:0:1:3e8:16b7:217c:eeee0000:0:0:0:" name="Radio Gold TV" service_name="Radio Gold TV" provider="Primantenna" sid="1000" onid="8572" tsid="5815" />
    <channel service_ref="1:0:1:8:16b7:217c:eeee0000:0:0:0:" name="RADIO JUKEBOXTV" service_name="RADIO JUKEBOXTV" provider="" sid="8" onid="8572" tsid="5815" />
    <channel service_ref="1:0:1:c8:16b7:217c:eeee0000:0:0:0:" name="QuartaRete Blu" service_name="QuartaRete Blu" provider="Primantenna" sid="200" onid="8572" tsid="5815" />
    <channel service_ref="1:0:1:3e9:16b7:217c:eeee0000:0:0:0:" name="Radio Beckwith" service_name="Radio Beckwith" provider="Mainlevel" sid="1001" onid="8572" tsid="5815" />
  </bouquet>
  <bouquet name="Digitale Terrestre" category="tv">
    <channel service_ref="1:0:1:1:16b7:217c:eeee0000:0:0:0:" name="Primantenna" service_name="Primantenna" provider="Primantenna" sid="1" onid="8572" tsid="5815" />
    <channel service_ref="1:0:1:5:16b7:217c:eeee0000:0:0:0:" name="Primantenna+1" service_name="Primantenna+1" provider="Primantenna" sid="5" onid="8572" tsid="5815" />
    <channel service_ref="1:0:1:2:16b7:217c:eeee0000:0:0:0:" name="Motori Tv" service_name="Motori Tv" provider="Primantenna" sid="2" onid="8572" tsid="5815" />
    <channel service_ref="1:0:1:6:16b7:217c:eeee0000:0:0:0:" name="Primantenna Family" service_name="Primantenna Family" provider="Primantenna" sid="6" onid="8572" tsid="5815" />
    <channel service_ref="1:0:1:3:16b7:217c:eeee0000:0:0:0:" name="Motori Market" service_name="Motori Market" provider="Primantenna" sid="3" onid="8572" tsid="5815" />
    <channel service_ref="1:0:1:c8:16b7:217c:eeee0000:0:0:0:" name="QuartaRete Blu" service_name="QuartaRete Blu" provider="Primantenna" sid="200" onid="8572" tsid="5815" />
    <channel service_ref="1:0:1:3e9:16b7:217c:eeee0000:0:0:0:" name="Radio Beckwith" service_name="Radio Beckwith" provider="Mainlevel" sid="1001" onid="8572" tsid="5815" />
    <channel service_ref="1:0:1:4:16b7:217c:eeee0000:0:0:0:" name="Telestudio" service_name="Telestudio" provider="" sid="4" onid="8572" tsid="5815" />
    <channel service_ref="1:0:1:3e8:16b7:217c:eeee0000:0:0:0:" name="Radio Gold TV" service_name="Radio Gold TV" provider="Primantenna" sid="1000" onid="8572" tsid="5815" />
    <channel service_ref="1:0:1:8:16b7:217c:eeee0000:0:0:0:" name="RADIO JUKEBOXTV" service_name="RADIO JUKEBOXTV" provider="" sid="8" onid="8572" tsid="5815" />
  </bouquet>
  <bouquet name="Digitale Terrestre                         by Gerry" category="tv">
    <channel service_ref="1:0:1:1:16b7:217c:eeee0000:0:0:0:" name="Primantenna" service_name="Primantenna" provider="Primantenna" sid="1" onid="8572" tsid="5815" />
    <channel service_ref="1:0:1:5:16b7:217c:eeee0000:0:0:0:" name="Primantenna+1" service_name="Primantenna+1" provider="Primantenna" sid="5" onid="8572" tsid="5815" />
    <channel service_ref="1:0:1:2:16b7:217c:eeee0000:0:0:0:" name="Motori Tv" service_name="Motori Tv" provider="Primantenna" sid="2" onid="8572" tsid="5815" />
    <channel service_ref="1:0:1:6:16b7:217c:eeee0000:0:0:0:" name="Primantenna Family" service_name="Primantenna Family" provider="Primantenna" sid="6" onid="8572" tsid="5815" />
    <channel service_ref="1:0:1:3:16b7:217c:eeee0000:0:0:0:" name="Motori Market" service_name="Motori Market" provider="Primantenna" sid="3" onid="8572" tsid="5815" />
    <channel service_ref="1:0:1:4:16b7:217c:eeee0000:0:0:0:" name="Telestudio" service_name="Telestudio" provider="" sid="4" onid="8572" tsid="5815" />
    <channel service_ref="1:0:1:3e8:16b7:217c:eeee0000:0:0:0:" name="Radio Gold TV" service_name="Radio Gold TV" provider="Primantenna" sid="1000" onid="8572" tsid="5815" />
    <channel service_ref="1:0:1:8:16b7:217c:eeee0000:0:0:0:" name="RADIO JUKEBOXTV" service_name="RADIO JUKEBOXTV" provider="" sid="8" onid="8572" tsid="5815" />
    <channel service_ref="1:0:1:c8:16b7:217c:eeee0000:0:0:0:" name="QuartaRete Blu" service_name="QuartaRete Blu" provider="Primantenna" sid="200" onid="8572" tsid="5815" />
    <channel service_ref="1:0:1:3e9:16b7:217c:eeee0000:0:0:0:" name="Radio Beckwith" service_name="Radio Beckwith" provider="Mainlevel" sid="1001" onid="8572" tsid="5815" />
  </bouquet>
  <bouquet name="Digitale Terrestre                  by Gerry" category="tv">
    <channel service_ref="1:0:1:1:16b7:217c:eeee0000:0:0:0:" name="Primantenna" service_name="Primantenna" provider="Primantenna" sid="1" onid="8572" tsid="5815" />
    <channel service_ref="1:0:1:5:16b7:217c:eeee0000:0:0:0:" name="Primantenna+1" service_name="Primantenna+1" provider="Primantenna" sid="5" onid="8572" tsid="5815" />
    <channel service_ref="1:0:1:2:16b7:217c:eeee0000:0:0:0:" name="Motori Tv" service_name="Motori Tv" provider="Primantenna" sid="2" onid="8572" tsid="5815" />
    <channel service_ref="1:0:1:6:16b7:217c:eeee0000:0:0:0:" name="Primantenna Family" service_name="Primantenna Family" provider="Primantenna" sid="6" onid="8572" tsid="5815" />
    <channel service_ref="1:0:1:3:16b7:217c:eeee0000:0:0:0:" name="Motori Market" service_name="Motori Market" provider="Primantenna" sid="3" onid="8572" tsid="5815" />
    <channel service_ref="1:0:1:4:16b7:217c:eeee0000:0:0:0:" name="Telestudio" service_name="Telestudio" provider="" sid="4" onid="8572" tsid="5815" />
    <channel service_ref="1:0:1:3e8:16b7:217c:eeee0000:0:0:0:" name="Radio Gold TV" service_name="Radio Gold TV" provider="Primantenna" sid="1000" onid="8572" tsid="5815" />
    <channel service_ref="1:0:1:8:16b7:217c:eeee0000:0:0:0:" name="RADIO JUKEBOXTV" service_name="RADIO JUKEBOXTV" provider="" sid="8" onid="8572" tsid="5815" />
    <channel service_ref="1:0:1:c8:16b7:217c:eeee0000:0:0:0:" name="QuartaRete Blu" service_name="QuartaRete Blu" provider="Primantenna" sid="200" onid="8572" tsid="5815" />
    <channel service_ref="1:0:1:3e9:16b7:217c:eeee0000:0:0:0:" name="Radio Beckwith" service_name="Radio Beckwith" provider="Mainlevel" sid="1001" onid="8572" tsid="5815" />
  </bouquet>
  <bouquet name="Digitale Terrestre                  By Gerry" category="tv">
    <channel service_ref="1:0:1:1:16b7:217c:eeee0000:0:0:0:" name="Primantenna" service_name="Primantenna" provider="Primantenna" sid="1" onid="8572" tsid="5815" />
    <channel service_ref="1:0:1:5:16b7:217c:eeee0000:0:0:0:" name="Primantenna+1" service_name="Primantenna+1" provider="Primantenna" sid="5" onid="8572" tsid="5815" />
    <channel service_ref="1:0:1:6:16b7:217c:eeee0000:0:0:0:" name="Primantenna Family" service_name="Primantenna Family" provider="Primantenna" sid="6" onid="8572" tsid="5815" />
    <channel service_ref="1:0:1:2:16b7:217c:eeee0000:0:0:0:" name="Motori Tv" service_name="Motori Tv" provider="Primantenna" sid="2" onid="8572" tsid="5815" />
    <channel service_ref="1:0:1:9:16b7:217c:eeee0000:0:0:0:" name="Motori Tv+1" service_name="Motori Tv+1" provider="Primantenna" sid="9" onid="8572" tsid="5815" />
    <channel service_ref="1:0:1:3:16b7:217c:eeee0000:0:0:0:" name="Motori Market" service_name="Motori Market" provider="Primantenna" sid="3" onid="8572" tsid="5815" />
    <channel service_ref="1:0:1:4:16b7:217c:eeee0000:0:0:0:" name="Telestudio" service_name="Telestudio" provider="" sid="4" onid="8572" tsid="5815" />
    <channel service_ref="1:0:1:3e8:16b7:217c:eeee0000:0:0:0:" name="Radio Gold TV" service_name="Radio Gold TV" provider="Primantenna" sid="1000" onid="8572" tsid="5815" />
    <channel service_ref="1:0:1:8:16b7:217c:eeee0000:0:0:0:" name="RADIO JUKEBOXTV" service_name="RADIO JUKEBOXTV" provider="" sid="8" onid="8572" tsid="5815" />
    <channel service_ref="1:0:1:c8:16b7:217c:eeee0000:0:0:0:" name="QuartaRete Blu" service_name="QuartaRete Blu" provider="Primantenna" sid="200" onid="8572" tsid="5815" />
    <channel service_ref="1:0:1:3e9:16b7:217c:eeee0000:0:0:0:" name="Radio Beckwith" service_name="Radio Beckwith" provider="Mainlevel" sid="1001" onid="8572" tsid="5815" />
  </bouquet>
  <bouquet name="Digitale Terrestre             by Gerry" category="tv">
    <channel service_ref="1:0:1:1:16b7:217c:eeee0000:0:0:0:" name="Primantenna" service_name="Primantenna" provider="Primantenna" sid="1" onid="8572" tsid="5815" />
    <channel service_ref="1:0:1:5:16b7:217c:eeee0000:0:0:0:" name="Primantenna+1" service_name="Primantenna+1" provider="Primantenna" sid="5" onid="8572" tsid="5815" />
    <channel service_ref="1:0:1:2:16b7:217c:eeee0000:0:0:0:" name="Motori Tv" service_name="Motori Tv" provider="Primantenna" sid="2" onid="8572" tsid="5815" />
    <channel service_ref="1:0:1:6:16b7:217c:eeee0000:0:0:0:" name="Primantenna Family" service_name="Primantenna Family" provider="Primantenna" sid="6" onid="8572" tsid="5815" />
    <channel service_ref="1:0:1:3:16b7:217c:eeee0000:0:0:0:" name="Motori Market" service_name="Motori Market" provider="Primantenna" sid="3" onid="8572" tsid="5815" />
    <channel service_ref="1:0:1:4:16b7:217c:eeee0000:0:0:0:" name="Telestudio" service_name="Telestudio" provider="" sid="4" onid="8572" tsid="5815" />
    <channel service_ref="1:0:1:8:16b7:217c:eeee0000:0:0:0:" name="RADIO JUKEBOXTV" service_name="RADIO JUKEBOXTV" provider="" sid="8" onid="8572" tsid="5815" />
    <channel service_ref="1:0:1:c8:16b7:217c:eeee0000:0:0:0:" name="QuartaRete Blu" service_name="QuartaRete Blu" provider="Primantenna" sid="200" onid="8572" tsid="5815" />
    <channel service_ref="1:0:1:3e8:16b7:217c:eeee0000:0:0:0:" name="Radio Gold TV" service_name="Radio Gold TV" provider="Primantenna" sid="1000" onid="8572" tsid="5815" />
    <channel service_ref="1:0:1:3e9:16b7:217c:eeee0000:0:0:0:" name="Radio Beckwith" service_name="Radio Beckwith" provider="Mainlevel" sid="1001" onid="8572" tsid="5815" />
  </bouquet>
  <bouquet name="Digitale Terrestre" category="tv">
    <channel service_ref="1:0:1:1:16b7:217c:eeee0000:0:0:0:" name="Primantenna" service_name="Primantenna" provider="Primantenna" sid="1" onid="8572" tsid="5815" />
    <channel service_ref="1:0:1:5:16b7:217c:eeee0000:0:0:0:" name="Primantenna+1" service_name="Primantenna+1" provider="Primantenna" sid="5" onid="8572" tsid="5815" />
    <channel service_ref="1:0:1:2:16b7:217c:eeee0000:0:0:0:" name="Motori Tv" service_name="Motori Tv" provider="Primantenna" sid="2" onid="8572" tsid="5815" />
    <channel service_ref="1:0:1:6:16b7:217c:eeee0000:0:0:0:" name="Primantenna Family" service_name="Primantenna Family" provider="Primantenna" sid="6" onid="8572" tsid="5815" />
    <channel service_ref="1:0:1:3:16b7:217c:eeee0000:0:0:0:" name="Motori Market" service_name="Motori Market" provider="Primantenna" sid="3" onid="8572" tsid="5815" />
    <channel service_ref="1:0:1:4:16b7:217c:eeee0000:0:0:0:" name="Telestudio" service_name="Telestudio" provider="" sid="4" onid="8572" tsid="5815" />
    <channel service_ref="1:0:1:8:16b7:217c:eeee0000:0:0:0:" name="RADIO JUKEBOXTV" service_name="RADIO JUKEBOXTV" provider="" sid="8" onid="8572" tsid="5815" />
    <channel service_ref="1:0:1:c8:16b7:217c:eeee0000:0:0:0:" name="QuartaRete Blu" service_name="QuartaRete Blu" provider="Primantenna" sid="200" onid="8572" tsid="5815" />
    <channel service_ref="1:0:1:3e8:16b7:217c:eeee0000:0:0:0:" name="Radio Gold TV" service_name="Radio Gold TV" provider="Primantenna" sid="1000" onid="8572" tsid="5815" />
  </bouquet>
</zapit>
