<?xml version='1.0' encoding='utf-8'?>
<zapit api="4">
  <terrestrials>
    <terrestrial key="eeee0000:13c5:217c" name="TL" namespace="0xeeee0000">
      <transponder key="eeee0000:13c5:217c" frequency="586000000" symbol_rate="0" polarization="H" fec="5" system="0" modulation="4">
        <service id="0x0004" sid="4" name="Canal6 Piemonte" type="1" provider="TL" onid="8572" tsid="5061" namespace="0xeeee0000" />
        <service id="0x000b" sid="11" name="Channel 4x4" type="1" provider="TL" onid="8572" tsid="5061" namespace="0xeeee0000" />
        <service id="0x000c" sid="12" name="Radio Evangelo" type="1" provider="TL" onid="8572" tsid="5061" namespace="0xeeee0000" />
        <service id="0x0009" sid="9" name="Supercinema1" type="1" provider="TL" onid="8572" tsid="5061" namespace="0xeeee0000" />
        <service id="0x0005" sid="5" name="Supercinema2" type="1" provider="TL" onid="8572" tsid="5061" namespace="0xeeee0000" />
        <service id="0x0006" sid="6" name="Top Calcio 24" type="1" provider="TL" onid="8572" tsid="5061" namespace="0xeeee0000" />
        <service id="0x0008" sid="8" name="TOP TECH" type="1" provider="TL" onid="8572" tsid="5061" namespace="0xeeee0000" />
        <service id="0x0002" sid="2" name="Videogruppo +1" type="1" provider="TL" onid="8572" tsid="5061" namespace="0xeeee0000" />
        <service id="0x0001" sid="1" name="VideogruppoPiemonte" type="1" provider="Scopus" onid="8572" tsid="5061" namespace="0xeeee0000" />
      </transponder>
    </terrestrial>
  </terrestrials>
</zapit>
