<?xml version='1.0' encoding='utf-8'?>
<zapit>
  <bouquet name="General" category="tv">
    <channel service_ref="1:0:1:0fb9:03ac:0110:eeee0000:0:0:0:" name="Canale5" service_name="Canale5" provider="" sid="4025" onid="272" tsid="940" />
    <channel service_ref="1:0:1:0fa5:03ac:0110:eeee0000:0:0:0:" name="Canale5 (provvisorio)" service_name="Canale5 (provvisorio)" provider="" sid="4005" onid="272" tsid="940" />
    <channel service_ref="1:0:25:03f5:03ac:0110:eeee0000:0:0:0:" name="Iris" service_name="Iris" provider="" sid="1013" onid="272" tsid="940" />
    <channel service_ref="1:0:1:0faf:03ac:0110:eeee0000:0:0:0:" name="Iris (provvisorio)" service_name="Iris (provvisorio)" provider="" sid="4015" onid="272" tsid="940" />
    <channel service_ref="1:0:1:0fba:03ac:0110:eeee0000:0:0:0:" name="Italia1" service_name="Italia1" provider="" sid="4026" onid="272" tsid="940" />
    <channel service_ref="1:0:1:0fa6:03ac:0110:eeee0000:0:0:0:" name="Italia1 (provvisorio)" service_name="Italia1 (provvisorio)" provider="" sid="4006" onid="272" tsid="940" />
    <channel service_ref="1:0:25:03f3:03ac:0110:eeee0000:0:0:0:" name="La 5" service_name="La 5" provider="" sid="1011" onid="272" tsid="940" />
    <channel service_ref="1:0:1:0fad:03ac:0110:eeee0000:0:0:0:" name="La 5 (provvisorio)" service_name="La 5 (provvisorio)" provider="" sid="4013" onid="272" tsid="940" />
    <channel service_ref="1:0:1:0fb8:03ac:0110:eeee0000:0:0:0:" name="Rete4" service_name="Rete4" provider="" sid="4024" onid="272" tsid="940" />
    <channel service_ref="1:0:1:0fa4:03ac:0110:eeee0000:0:0:0:" name="Rete4 (provvisorio)" service_name="Rete4 (provvisorio)" provider="" sid="4004" onid="272" tsid="940" />
    <channel service_ref="1:0:1:141a:03b6:0110:eeee0000:0:0:0:" name="Sky Sport" service_name="Sky Sport" provider="" sid="5146" onid="272" tsid="950" />
    <channel service_ref="1:0:1:141b:03b6:0110:eeee0000:0:0:0:" name="Sky Sport" service_name="Sky Sport" provider="" sid="5147" onid="272" tsid="950" />
    <channel service_ref="1:0:1:143b:03b6:0110:eeee0000:0:0:0:" name="Sky Sport 24" service_name="Sky Sport 24" provider="" sid="5179" onid="272" tsid="950" />
    <channel service_ref="1:0:1:058b:03b6:0110:eeee0000:0:0:0:" name="Sky Sport Calcio" service_name="Sky Sport Calcio" provider="" sid="1419" onid="272" tsid="950" />
    <channel service_ref="1:0:1:059f:03b6:0110:eeee0000:0:0:0:" name="Sky Sport Uno" service_name="Sky Sport Uno" provider="" sid="1439" onid="272" tsid="950" />
    <channel service_ref="1:0:25:143a:03b6:0110:eeee0000:0:0:0:" name="Sky Sport Uno HD" service_name="Sky Sport Uno HD" provider="" sid="5178" onid="272" tsid="950" />
    <channel service_ref="1:0:1:143c:03b6:0110:eeee0000:0:0:0:" name="Sky Uno" service_name="Sky Uno" provider="" sid="5180" onid="272" tsid="950" />
    <channel service_ref="1:0:31:042c:03ac:0110:eeee0000:0:0:0:" name="Test HEVC Main10" service_name="Test HEVC Main10" provider="" sid="1068" onid="272" tsid="940" />
    <channel service_ref="1:0:22:03f4:03ac:0110:eeee0000:0:0:0:" name="TGCOM24" service_name="TGCOM24" provider="" sid="1012" onid="272" tsid="940" />
    <channel service_ref="1:0:22:0fae:03ac:0110:eeee0000:0:0:0:" name="TGCOM24" service_name="TGCOM24" provider="" sid="4014" onid="272" tsid="940" />
  </bouquet>
  <bouquet name="Sports" category="tv">
    <channel service_ref="1:0:1:141a:03b6:0110:eeee0000:0:0:0:" name="Sky Sport" service_name="Sky Sport" provider="" sid="5146" onid="272" tsid="950" />
    <channel service_ref="1:0:1:141b:03b6:0110:eeee0000:0:0:0:" name="Sky Sport" service_name="Sky Sport" provider="" sid="5147" onid="272" tsid="950" />
    <channel service_ref="1:0:1:143b:03b6:0110:eeee0000:0:0:0:" name="Sky Sport 24" service_name="Sky Sport 24" provider="" sid="5179" onid="272" tsid="950" />
    <channel service_ref="1:0:1:058b:03b6:0110:eeee0000:0:0:0:" name="Sky Sport Calcio" service_name="Sky Sport Calcio" provider="" sid="1419" onid="272" tsid="950" />
    <channel service_ref="1:0:1:059f:03b6:0110:eeee0000:0:0:0:" name="Sky Sport Uno" service_name="Sky Sport Uno" provider="" sid="1439" onid="272" tsid="950" />
    <channel service_ref="1:0:25:143a:03b6:0110:eeee0000:0:0:0:" name="Sky Sport Uno HD" service_name="Sky Sport Uno HD" provider="" sid="5178" onid="272" tsid="950" />
  </bouquet>
  <bouquet name="Sky" category="tv">
    <channel service_ref="1:0:1:143c:03b6:0110:eeee0000:0:0:0:" name="Sky Uno" service_name="Sky Uno" provider="" sid="5180" onid="272" tsid="950" />
  </bouquet>
  <bouquet name="RAI" category="tv">
    <channel service_ref="1:0:1:0fba:03ac:0110:eeee0000:0:0:0:" name="Italia1" service_name="Italia1" provider="" sid="4026" onid="272" tsid="940" />
    <channel service_ref="1:0:1:0fa6:03ac:0110:eeee0000:0:0:0:" name="Italia1 (provvisorio)" service_name="Italia1 (provvisorio)" provider="" sid="4006" onid="272" tsid="940" />
  </bouquet>
  <bouquet name="TF1" category="tv">
    <channel service_ref="1:0:1:0fb9:03ac:0110:eeee0000:0:0:0:" name="Canale5" service_name="Canale5" provider="" sid="4025" onid="272" tsid="940" />
    <channel service_ref="1:0:1:0fa5:03ac:0110:eeee0000:0:0:0:" name="Canale5 (provvisorio)" service_name="Canale5 (provvisorio)" provider="" sid="4005" onid="272" tsid="940" />
  </bouquet>
  <bouquet name="Switzerland" category="tv">
    <channel service_ref="1:0:25:03f3:03ac:0110:eeee0000:0:0:0:" name="La 5" service_name="La 5" provider="" sid="1011" onid="272" tsid="940" />
    <channel service_ref="1:0:1:0fad:03ac:0110:eeee0000:0:0:0:" name="La 5 (provvisorio)" service_name="La 5 (provvisorio)" provider="" sid="4013" onid="272" tsid="940" />
  </bouquet>
  <bouquet name="Resolution - HD" category="tv">
    <channel service_ref="1:0:25:143a:03b6:0110:eeee0000:0:0:0:" name="Sky Sport Uno HD" service_name="Sky Sport Uno HD" provider="" sid="5178" onid="272" tsid="950" />
  </bouquet>
  <bouquet name="Others" category="tv">
    <channel service_ref="1:0:25:03f5:03ac:0110:eeee0000:0:0:0:" name="Iris" service_name="Iris" provider="" sid="1013" onid="272" tsid="940" />
    <channel service_ref="1:0:1:0faf:03ac:0110:eeee0000:0:0:0:" name="Iris (provvisorio)" service_name="Iris (provvisorio)" provider="" sid="4015" onid="272" tsid="940" />
    <channel service_ref="1:0:1:0fb8:03ac:0110:eeee0000:0:0:0:" name="Rete4" service_name="Rete4" provider="" sid="4024" onid="272" tsid="940" />
    <channel service_ref="1:0:1:0fa4:03ac:0110:eeee0000:0:0:0:" name="Rete4 (provvisorio)" service_name="Rete4 (provvisorio)" provider="" sid="4004" onid="272" tsid="940" />
    <channel service_ref="1:0:31:042c:03ac:0110:eeee0000:0:0:0:" name="Test HEVC Main10" service_name="Test HEVC Main10" provider="" sid="1068" onid="272" tsid="940" />
    <channel service_ref="1:0:22:03f4:03ac:0110:eeee0000:0:0:0:" name="TGCOM24" service_name="TGCOM24" provider="" sid="1012" onid="272" tsid="940" />
    <channel service_ref="1:0:22:0fae:03ac:0110:eeee0000:0:0:0:" name="TGCOM24" service_name="TGCOM24" provider="" sid="4014" onid="272" tsid="940" />
  </bouquet>
  <bouquet name="PayTV - Sky - DE - HD" category="tv">
    <channel service_ref="1:0:1:141a:03b6:0110:eeee0000:0:0:0:" name="Sky Sport" service_name="Sky Sport" provider="" sid="5146" onid="272" tsid="950" />
    <channel service_ref="1:0:1:141b:03b6:0110:eeee0000:0:0:0:" name="Sky Sport" service_name="Sky Sport" provider="" sid="5147" onid="272" tsid="950" />
    <channel service_ref="1:0:1:143b:03b6:0110:eeee0000:0:0:0:" name="Sky Sport 24" service_name="Sky Sport 24" provider="" sid="5179" onid="272" tsid="950" />
    <channel service_ref="1:0:1:058b:03b6:0110:eeee0000:0:0:0:" name="Sky Sport Calcio" service_name="Sky Sport Calcio" provider="" sid="1419" onid="272" tsid="950" />
    <channel service_ref="1:0:1:059f:03b6:0110:eeee0000:0:0:0:" name="Sky Sport Uno" service_name="Sky Sport Uno" provider="" sid="1439" onid="272" tsid="950" />
    <channel service_ref="1:0:25:143a:03b6:0110:eeee0000:0:0:0:" name="Sky Sport Uno HD" service_name="Sky Sport Uno HD" provider="" sid="5178" onid="272" tsid="950" />
  </bouquet>
</zapit>
