<?xml version='1.0' encoding='utf-8'?>
<zapit api="4">
  <terrestrials>
    <terrestrial key="eeee0000:001d:07b7" name="TV-CAPITAL" namespace="0xeeee0000">
      <transponder key="eeee0000:001d:07b7" frequency="554000000" symbol_rate="0" polarization="H" fec="5" system="0" modulation="4">
        <service id="0x02a6" sid="678" name="CAMPANIA FELIX" type="1" provider="TV CAPITAL" onid="1975" tsid="29" namespace="0xeeee0000" />
        <service id="0x064d" sid="1613" name="CAMPANIA FELIX -" type="1" provider="TV CAPITAL" onid="1975" tsid="29" namespace="0xeeee0000" />
        <service id="0x00a0" sid="160" name="CAMPANIA FELIX TV" type="1" provider="CAMPANIA FELIX TV" onid="1975" tsid="29" namespace="0xeeee0000" />
        <service id="0x00c1" sid="193" name="CAMPI FLEGREI" type="1" provider="VIDEO UP3 SRLS" onid="1975" tsid="29" namespace="0xeeee0000" />
        <service id="0x00c2" sid="194" name="Campi Flegrei" type="1" provider="Video Up3 srls" onid="1975" tsid="29" namespace="0xeeee0000" />
        <service id="0x03f5" sid="1013" name="CAMPI FLEGREI PIU" type="1" provider="CAMPI FLEGREI PIU" onid="1975" tsid="29" namespace="0xeeee0000" />
        <service id="0x00a1" sid="161" name="Enti e Istituzioni" type="1" provider="Teleistituzioni srl" onid="1975" tsid="29" namespace="0xeeee0000" />
        <service id="0x02a2" sid="674" name="LIRATV" type="1" provider="TV CAPITAL" onid="1975" tsid="29" namespace="0xeeee0000" />
        <service id="0x03f7" sid="1015" name="LUNA 2" type="1" provider="TELELUNA SRL" onid="1975" tsid="29" namespace="0xeeee0000" />
        <service id="0x03f6" sid="1014" name="LUNA SPORT" type="1" provider="ASSOCIAZIONE TELERADIOMATESE" onid="1975" tsid="29" namespace="0xeeee0000" />
        <service id="0x00c4" sid="196" name="NUVOLA TV" type="1" provider="NUVOLA TV" onid="1975" tsid="29" namespace="0xeeee0000" />
        <service id="0x029e" sid="670" name="Tele A" type="1" provider="TV Capital" onid="1975" tsid="29" namespace="0xeeee0000" />
        <service id="0x03f4" sid="1012" name="TELE A HD" type="1" provider="TELE A HD" onid="1975" tsid="29" namespace="0xeeee0000" />
        <service id="0x029f" sid="671" name="Tele A+" type="1" provider="TV Capital" onid="1975" tsid="29" namespace="0xeeee0000" />
        <service id="0x02a3" sid="675" name="TELEREPORTER NEWS" type="1" provider="TV CAPITAL" onid="1975" tsid="29" namespace="0xeeee0000" />
        <service id="0x015d" sid="349" name="TV CAPITAL" type="1" provider="Diem Technologies" onid="1975" tsid="29" namespace="0xeeee0000" />
      </transponder>
    </terrestrial>
  </terrestrials>
</zapit>
