<?xml version='1.0' encoding='utf-8'?>
<zapit>
  <bouquet name="General" category="tv">
    <channel service_ref="1:0:1:27b0:277b:2774:01310000:0:0:0:" name="Al Iraqiya TV" service_name="Al Iraqiya TV" provider="" sid="10160" onid="10100" tsid="10107" />
    <channel service_ref="1:0:1:0001:0001:ffff:0131b1b4:0:0:0:" name="Ashorooq TV" service_name="Ashorooq TV" provider="TandbergTV" sid="1" onid="65535" tsid="1" />
    <channel service_ref="1:0:1:0029:ffff:ffff:0131b13f:0:0:0:" name="ERI TV|  Terrestrial" service_name="ERI TV|  Terrestrial" provider="" sid="41" onid="65535" tsid="65535" />
    <channel service_ref="1:0:1:0001:ffff:ffff:01313143:0:0:0:" name="Kuwait TV" service_name="Kuwait TV" provider="" sid="1" onid="65535" tsid="65535" />
    <channel service_ref="1:0:25:0001:0001:ffff:0131b146:0:0:0:" name="Medi 1 TV" service_name="Medi 1 TV" provider="Service Provider" sid="1" onid="65535" tsid="1" />
    <channel service_ref="1:0:25:0003:0001:ffff:0131b146:0:0:0:" name="Medi 1 TV" service_name="Medi 1 TV" provider="Medi1tv" sid="3" onid="65535" tsid="1" />
    <channel service_ref="1:0:1:03ea:ffff:ffff:0131b1af:0:0:0:" name="Sudan TV" service_name="Sudan TV" provider="Sudan TV" sid="1002" onid="65535" tsid="65535" />
  </bouquet>
  <bouquet name="Others" category="tv">
    <channel service_ref="1:0:1:27b0:277b:2774:01310000:0:0:0:" name="Al Iraqiya TV" service_name="Al Iraqiya TV" provider="" sid="10160" onid="10100" tsid="10107" />
    <channel service_ref="1:0:1:0001:0001:ffff:0131b1b4:0:0:0:" name="Ashorooq TV" service_name="Ashorooq TV" provider="TandbergTV" sid="1" onid="65535" tsid="1" />
    <channel service_ref="1:0:1:0029:ffff:ffff:0131b13f:0:0:0:" name="ERI TV|  Terrestrial" service_name="ERI TV|  Terrestrial" provider="" sid="41" onid="65535" tsid="65535" />
    <channel service_ref="1:0:1:0001:ffff:ffff:01313143:0:0:0:" name="Kuwait TV" service_name="Kuwait TV" provider="" sid="1" onid="65535" tsid="65535" />
    <channel service_ref="1:0:25:0001:0001:ffff:0131b146:0:0:0:" name="Medi 1 TV" service_name="Medi 1 TV" provider="Service Provider" sid="1" onid="65535" tsid="1" />
    <channel service_ref="1:0:25:0003:0001:ffff:0131b146:0:0:0:" name="Medi 1 TV" service_name="Medi 1 TV" provider="Medi1tv" sid="3" onid="65535" tsid="1" />
    <channel service_ref="1:0:1:03ea:ffff:ffff:0131b1af:0:0:0:" name="Sudan TV" service_name="Sudan TV" provider="Sudan TV" sid="1002" onid="65535" tsid="65535" />
  </bouquet>
</zapit>
