{
  "api_version": 4,
  "bouquet_count": "135",
  "category": "sat",
  "deduplicated_services": "0",
  "display_name": "Sat-30.5E",
  "lamedb_version": "4",
  "last_seen": "unknown",
  "satellite_code": "S30.5E",
  "service_count": "10380",
  "source": "work/ingest/oe-alliance/malimali.motor.42e.to.30w/enigma2",
  "stale": "unknown",
  "stats": "{\"bouquet_count\": 39, \"cable_services\": 0, \"radio_services\": 0, \"sat_services\": 10380, \"terrestrial_services\": 0, \"total_services\": 10380}",
  "thresholds": "{\"cable\": 20, \"sat\": 50, \"terrestrial\": 20}",
  "transponder_count": "997"
}