<?xml version='1.0' encoding='utf-8'?>
<zapit api="4">
  <satellites>
    <satellite key="01a40000:0001:002a" name="Turksat-42.0E" namespace="0x01a40000" position="42">
      <transponder key="01a40000:0001:002a" frequency="11574000" symbol_rate="1800000" polarization="H" fec="4" system="0" modulation="0">
        <service id="0x0004" sid="4" name="FIRATIN YANKISI" type="2" provider="TRT" onid="42" tsid="1" namespace="0x01a40000" radio="1" />
        <service id="0x0001" sid="1" name="RADYO 1" type="2" provider="TRT" onid="42" tsid="1" namespace="0x01a40000" radio="1" />
        <service id="0x0002" sid="2" name="RADYO 2" type="2" provider="TRT" onid="42" tsid="1" namespace="0x01a40000" radio="1" />
        <service id="0x0003" sid="3" name="RADYO 3" type="2" provider="TRT" onid="42" tsid="1" namespace="0x01a40000" radio="1" />
        <service id="0x0008" sid="8" name="RADYO HABER" type="2" provider="TRT" onid="42" tsid="1" namespace="0x01a40000" radio="1" />
        <service id="0x0006" sid="6" name="TRT NAGME" type="2" provider="TRT" onid="42" tsid="1" namespace="0x01a40000" radio="1" />
        <service id="0x0007" sid="7" name="TRT TURKU" type="2" provider="TRT" onid="42" tsid="1" namespace="0x01a40000" radio="1" />
        <service id="0x0005" sid="5" name="TRT WORLD" type="2" provider="TRT" onid="42" tsid="1" namespace="0x01a40000" radio="1" />
      </transponder>
    </satellite>
    <satellite key="01a40000:0003:0042" name="Turksat-42.0E" namespace="0x01a40000" position="42">
      <transponder key="01a40000:0003:0042" frequency="12034000" symbol_rate="27500000" polarization="V" fec="4" system="0" modulation="0">
        <service id="0x00d7" sid="215" name="AKILLI TV" type="1" provider="DEMIROREN MEDYA" onid="66" tsid="3" namespace="0x01a40000" />
        <service id="0x00cb" sid="203" name="CNN TÜRK" type="1" provider="DEMIROREN MEDYA" onid="66" tsid="3" namespace="0x01a40000" />
        <service id="0x00cf" sid="207" name="DREAM TV" type="1" provider="DEMIROREN MEDYA" onid="66" tsid="3" namespace="0x01a40000" />
        <service id="0x00ce" sid="206" name="DREAM TV HD" type="1" provider="DEMIROREN MEDYA" onid="66" tsid="3" namespace="0x01a40000" />
        <service id="0x051b" sid="1307" name="DREAM TÜRK" type="1" provider="DEMIROREN MEDYA" onid="66" tsid="3" namespace="0x01a40000" />
        <service id="0x051d" sid="1309" name="EURO D" type="1" provider="DEMIROREN MEDYA" onid="66" tsid="3" namespace="0x01a40000" />
        <service id="0x052f" sid="1327" name="GALA TV" type="1" provider="DEMIROREN MEDYA" onid="66" tsid="3" namespace="0x01a40000" />
        <service id="0x053d" sid="1341" name="KANAL ANTALYA" type="1" provider="DEMIROREN MEDYA" onid="66" tsid="3" namespace="0x01a40000" />
        <service id="0x00d5" sid="213" name="MAKSİM" type="1" provider="DEMIROREN MEDYA" onid="66" tsid="3" namespace="0x01a40000" />
        <service id="0x052d" sid="1325" name="MAKSİM" type="1" provider="DEMIROREN MEDYA" onid="66" tsid="3" namespace="0x01a40000" />
        <service id="0x00d9" sid="217" name="PARK TV" type="1" provider="DEMIROREN MEDYA" onid="66" tsid="3" namespace="0x01a40000" />
        <service id="0x021b" sid="539" name="SHOPPİNG CHANNEL" type="1" provider="DEMIROREN MEDYA" onid="66" tsid="3" namespace="0x01a40000" />
        <service id="0x00d3" sid="211" name="TELE 1" type="1" provider="DEMIROREN MEDYA" onid="66" tsid="3" namespace="0x01a40000" />
        <service id="0x053f" sid="1343" name="TEMPO TV" type="1" provider="DEMIROREN MEDYA" onid="66" tsid="3" namespace="0x01a40000" />
        <service id="0x00cd" sid="205" name="teve2" type="1" provider="DEMIROREN MEDYA" onid="66" tsid="3" namespace="0x01a40000" />
        <service id="0x020e" sid="526" name="TV 8 INT" type="1" provider="DEMIROREN MEDYA" onid="66" tsid="3" namespace="0x01a40000" />
        <service id="0x053b" sid="1339" name="TVO" type="1" provider="DEMIROREN MEDYA" onid="66" tsid="3" namespace="0x01a40000" />
        <service id="0x00e3" sid="227" name="WM TV WOMAN KADIN" type="1" provider="DEMIROREN MEDYA" onid="66" tsid="3" namespace="0x01a40000" />
        <service id="0x00e1" sid="225" name="YENİ KOCAELİ TV" type="1" provider="DEMIROREN MEDYA" onid="66" tsid="3" namespace="0x01a40000" />
        <service id="0x052b" sid="1323" name="ÇUKUROVA TÜRK" type="1" provider="DEMIROREN MEDYA" onid="66" tsid="3" namespace="0x01a40000" />
        <service id="0x00e7" sid="231" name="BEST FM" type="2" provider="DEMIROREN MEDYA" onid="66" tsid="3" namespace="0x01a40000" radio="1" />
        <service id="0x055b" sid="1371" name="CNN TÜRK RADYO" type="2" provider="DEMIROREN MEDYA" onid="66" tsid="3" namespace="0x01a40000" radio="1" />
        <service id="0x055d" sid="1373" name="RADYO D" type="2" provider="DEMIROREN MEDYA" onid="66" tsid="3" namespace="0x01a40000" radio="1" />
        <service id="0x056f" sid="1391" name="SERVICE 1" type="2" provider="DEMIROREN MEDYA" onid="66" tsid="3" namespace="0x01a40000" radio="1" />
        <service id="0x023b" sid="571" name="SERVICE 2" type="2" provider="DEMIROREN MEDYA" onid="66" tsid="3" namespace="0x01a40000" radio="1" />
        <service id="0x023d" sid="573" name="SERVICE 3" type="2" provider="DEMIROREN MEDYA" onid="66" tsid="3" namespace="0x01a40000" radio="1" />
        <service id="0x023f" sid="575" name="SERVICE 4" type="2" provider="DEMIROREN MEDYA" onid="66" tsid="3" namespace="0x01a40000" radio="1" />
        <service id="0x055f" sid="1375" name="SLOW TÜRK" type="2" provider="DEMIROREN MEDYA" onid="66" tsid="3" namespace="0x01a40000" radio="1" />
      </transponder>
    </satellite>
    <satellite key="01a40000:0004:0042" name="Turksat-42.0E" namespace="0x01a40000" position="42">
      <transponder key="01a40000:0004:0042" frequency="11012000" symbol_rate="30000000" polarization="V" fec="4" system="0" modulation="0">
        <service id="0x024e" sid="590" name="'60'lar" type="1" provider="DEMIROREN MEDYA" onid="66" tsid="4" namespace="0x01a40000" />
        <service id="0x058e" sid="1422" name="'80'ler" type="1" provider="DEMIROREN MEDYA" onid="66" tsid="4" namespace="0x01a40000" />
        <service id="0x058d" sid="1421" name="'90'lar" type="1" provider="DEMIROREN MEDYA" onid="66" tsid="4" namespace="0x01a40000" />
        <service id="0x058c" sid="1420" name="2000'ler" type="1" provider="DEMIROREN MEDYA" onid="66" tsid="4" namespace="0x01a40000" />
        <service id="0x00f3" sid="243" name="AMBIANCE" type="25" provider="DEMIROREN MEDYA" onid="66" tsid="4" namespace="0x01a40000" />
        <service id="0x00f6" sid="246" name="AMBIANCE" type="25" provider="DEMIROREN MEDYA" onid="66" tsid="4" namespace="0x01a40000" />
        <service id="0x05bc" sid="1468" name="AROUND THE WORLD" type="1" provider="DEMIROREN MEDYA" onid="66" tsid="4" namespace="0x01a40000" />
        <service id="0x058b" sid="1419" name="BABY TV" type="25" provider="DEMIROREN MEDYA" onid="66" tsid="4" namespace="0x01a40000" />
        <service id="0x05c4" sid="1476" name="BABY TV" type="25" provider="DEMIROREN MEDYA" onid="66" tsid="4" namespace="0x01a40000" />
        <service id="0x05bf" sid="1471" name="BAROQUE" type="1" provider="DEMIROREN MEDYA" onid="66" tsid="4" namespace="0x01a40000" />
        <service id="0x057b" sid="1403" name="BBC EARTH" type="25" provider="DEMIROREN MEDYA" onid="66" tsid="4" namespace="0x01a40000" />
        <service id="0x024b" sid="587" name="BBC WORLD NEWS" type="25" provider="DEMIROREN MEDYA" onid="66" tsid="4" namespace="0x01a40000" />
        <service id="0x05bd" sid="1469" name="BROADWAY" type="1" provider="DEMIROREN MEDYA" onid="66" tsid="4" namespace="0x01a40000" />
        <service id="0x05a9" sid="1449" name="CHANSONS" type="1" provider="DEMIROREN MEDYA" onid="66" tsid="4" namespace="0x01a40000" />
        <service id="0x00fc" sid="252" name="CHILLOUT" type="1" provider="DEMIROREN MEDYA" onid="66" tsid="4" namespace="0x01a40000" />
        <service id="0x00fb" sid="251" name="CLASSIC MASTERS" type="1" provider="DEMIROREN MEDYA" onid="66" tsid="4" namespace="0x01a40000" />
        <service id="0x05a7" sid="1447" name="CLASSIC ROCK" type="1" provider="DEMIROREN MEDYA" onid="66" tsid="4" namespace="0x01a40000" />
        <service id="0x05b2" sid="1458" name="CLASSICAL CALM" type="1" provider="DEMIROREN MEDYA" onid="66" tsid="4" namespace="0x01a40000" />
        <service id="0x0101" sid="257" name="CLASSICAL GREATS" type="1" provider="DEMIROREN MEDYA" onid="66" tsid="4" namespace="0x01a40000" />
        <service id="0x0100" sid="256" name="CLASSICAL ORCHESTRAL" type="1" provider="DEMIROREN MEDYA" onid="66" tsid="4" namespace="0x01a40000" />
        <service id="0x00f4" sid="244" name="CNN INTERNATIONAL" type="25" provider="DEMIROREN MEDYA" onid="66" tsid="4" namespace="0x01a40000" />
        <service id="0x00fe" sid="254" name="COOL JAZZ" type="1" provider="DEMIROREN MEDYA" onid="66" tsid="4" namespace="0x01a40000" />
        <service id="0x057c" sid="1404" name="DA VINCI LEARNING" type="25" provider="DEMIROREN MEDYA" onid="66" tsid="4" namespace="0x01a40000" />
        <service id="0x05b9" sid="1465" name="DANCE CLUBBIN'" type="1" provider="DEMIROREN MEDYA" onid="66" tsid="4" namespace="0x01a40000" />
        <service id="0x00fa" sid="250" name="DANCEFLOOR FILLERS" type="1" provider="DEMIROREN MEDYA" onid="66" tsid="4" namespace="0x01a40000" />
        <service id="0x059b" sid="1435" name="DEEP BLUES" type="1" provider="DEMIROREN MEDYA" onid="66" tsid="4" namespace="0x01a40000" />
        <service id="0x057e" sid="1406" name="DOCUBOX" type="25" provider="DEMIROREN MEDYA" onid="66" tsid="4" namespace="0x01a40000" />
        <service id="0x05b1" sid="1457" name="EASY LISTENING" type="1" provider="DEMIROREN MEDYA" onid="66" tsid="4" namespace="0x01a40000" />
        <service id="0x024c" sid="588" name="EUROSPORT 2" type="25" provider="DEMIROREN MEDYA" onid="66" tsid="4" namespace="0x01a40000" />
        <service id="0x00f5" sid="245" name="FASHION TV" type="25" provider="DEMIROREN MEDYA" onid="66" tsid="4" namespace="0x01a40000" />
        <service id="0x00f9" sid="249" name="FASHION TV" type="25" provider="DEMIROREN MEDYA" onid="66" tsid="4" namespace="0x01a40000" />
        <service id="0x057f" sid="1407" name="FIGHTBOX" type="25" provider="DEMIROREN MEDYA" onid="66" tsid="4" namespace="0x01a40000" />
        <service id="0x057d" sid="1405" name="FILMBOX" type="25" provider="DEMIROREN MEDYA" onid="66" tsid="4" namespace="0x01a40000" />
        <service id="0x05a4" sid="1444" name="FOLK ROOTS" type="1" provider="DEMIROREN MEDYA" onid="66" tsid="4" namespace="0x01a40000" />
        <service id="0x05b6" sid="1462" name="GREATEST HITS" type="1" provider="DEMIROREN MEDYA" onid="66" tsid="4" namespace="0x01a40000" />
        <service id="0x05a2" sid="1442" name="GROOVE (DISCO &amp; FUNK)" type="1" provider="DEMIROREN MEDYA" onid="66" tsid="4" namespace="0x01a40000" />
        <service id="0x059e" sid="1438" name="HIP HOP" type="1" provider="DEMIROREN MEDYA" onid="66" tsid="4" namespace="0x01a40000" />
        <service id="0x05b7" sid="1463" name="HIT LIST" type="1" provider="DEMIROREN MEDYA" onid="66" tsid="4" namespace="0x01a40000" />
        <service id="0x059c" sid="1436" name="HOT COUNTRY UK" type="1" provider="DEMIROREN MEDYA" onid="66" tsid="4" namespace="0x01a40000" />
        <service id="0x05ad" sid="1453" name="HOUSE" type="1" provider="DEMIROREN MEDYA" onid="66" tsid="4" namespace="0x01a40000" />
        <service id="0x058a" sid="1418" name="ID" type="25" provider="DEMIROREN MEDYA" onid="66" tsid="4" namespace="0x01a40000" />
        <service id="0x00ff" sid="255" name="JAZZ CLASSICS" type="1" provider="DEMIROREN MEDYA" onid="66" tsid="4" namespace="0x01a40000" />
        <service id="0x05b3" sid="1459" name="JAZZ LATINO" type="1" provider="DEMIROREN MEDYA" onid="66" tsid="4" namespace="0x01a40000" />
        <service id="0x05b4" sid="1460" name="JAZZ NOW" type="1" provider="DEMIROREN MEDYA" onid="66" tsid="4" namespace="0x01a40000" />
        <service id="0x05a0" sid="1440" name="LATINO TROPICAL" type="1" provider="DEMIROREN MEDYA" onid="66" tsid="4" namespace="0x01a40000" />
        <service id="0x05ba" sid="1466" name="MAXIMUM PARTY" type="1" provider="DEMIROREN MEDYA" onid="66" tsid="4" namespace="0x01a40000" />
        <service id="0x05b5" sid="1461" name="MEDITERRANEAN MUSIC" type="1" provider="DEMIROREN MEDYA" onid="66" tsid="4" namespace="0x01a40000" />
        <service id="0x024d" sid="589" name="NBA TV" type="25" provider="DEMIROREN MEDYA" onid="66" tsid="4" namespace="0x01a40000" />
        <service id="0x05b0" sid="1456" name="NICE &amp; COZY" type="1" provider="DEMIROREN MEDYA" onid="66" tsid="4" namespace="0x01a40000" />
        <service id="0x05be" sid="1470" name="OPERA" type="1" provider="DEMIROREN MEDYA" onid="66" tsid="4" namespace="0x01a40000" />
        <service id="0x05c0" sid="1472" name="POPCORN" type="1" provider="DEMIROREN MEDYA" onid="66" tsid="4" namespace="0x01a40000" />
        <service id="0x059d" sid="1437" name="RIDDIM" type="1" provider="DEMIROREN MEDYA" onid="66" tsid="4" namespace="0x01a40000" />
        <service id="0x05a6" sid="1446" name="ROCK ANTHEMS" type="1" provider="DEMIROREN MEDYA" onid="66" tsid="4" namespace="0x01a40000" />
        <service id="0x05a5" sid="1445" name="ROCK'N ROLL" type="1" provider="DEMIROREN MEDYA" onid="66" tsid="4" namespace="0x01a40000" />
        <service id="0x05af" sid="1455" name="ROMANCE LATINO" type="1" provider="DEMIROREN MEDYA" onid="66" tsid="4" namespace="0x01a40000" />
        <service id="0x05a8" sid="1448" name="SILK (LOVE SONGS)" type="1" provider="DEMIROREN MEDYA" onid="66" tsid="4" namespace="0x01a40000" />
        <service id="0x00fd" sid="253" name="SMOOTH JAZZ" type="1" provider="DEMIROREN MEDYA" onid="66" tsid="4" namespace="0x01a40000" />
        <service id="0x058f" sid="1423" name="Soho '70s" type="1" provider="DEMIROREN MEDYA" onid="66" tsid="4" namespace="0x01a40000" />
        <service id="0x05c1" sid="1473" name="TANGO" type="1" provider="DEMIROREN MEDYA" onid="66" tsid="4" namespace="0x01a40000" />
        <service id="0x05a3" sid="1443" name="THE CHILL LOUNGE" type="1" provider="DEMIROREN MEDYA" onid="66" tsid="4" namespace="0x01a40000" />
        <service id="0x00f7" sid="247" name="TRACE URBAN" type="25" provider="DEMIROREN MEDYA" onid="66" tsid="4" namespace="0x01a40000" />
        <service id="0x024a" sid="586" name="TRACE URBAN" type="25" provider="DEMIROREN MEDYA" onid="66" tsid="4" namespace="0x01a40000" />
        <service id="0x059f" sid="1439" name="TRANCE" type="1" provider="DEMIROREN MEDYA" onid="66" tsid="4" namespace="0x01a40000" />
        <service id="0x05ac" sid="1452" name="TURKISH SILK" type="1" provider="DEMIROREN MEDYA" onid="66" tsid="4" namespace="0x01a40000" />
        <service id="0x05c6" sid="1478" name="TURKISH SILK" type="1" provider="DEMIROREN MEDYA" onid="66" tsid="4" namespace="0x01a40000" />
        <service id="0x05ab" sid="1451" name="TÜRK SANAT MÜZİĞİ" type="1" provider="DEMIROREN MEDYA" onid="66" tsid="4" namespace="0x01a40000" />
        <service id="0x05aa" sid="1450" name="TÜRKÇE MÜZİK" type="1" provider="DEMIROREN MEDYA" onid="66" tsid="4" namespace="0x01a40000" />
        <service id="0x05c5" sid="1477" name="TÜRKÇE MÜZİK" type="1" provider="DEMIROREN MEDYA" onid="66" tsid="4" namespace="0x01a40000" />
        <service id="0x05b8" sid="1464" name="URBAN BEATS" type="1" provider="DEMIROREN MEDYA" onid="66" tsid="4" namespace="0x01a40000" />
        <service id="0x057a" sid="1402" name="VIASAT HISTORY" type="25" provider="DEMIROREN MEDYA" onid="66" tsid="4" namespace="0x01a40000" />
        <service id="0x00f8" sid="248" name="ÇOCUK SMART" type="25" provider="DEMIROREN MEDYA" onid="66" tsid="4" namespace="0x01a40000" />
        <service id="0x05c3" sid="1475" name="ÇOCUK SMART" type="25" provider="DEMIROREN MEDYA" onid="66" tsid="4" namespace="0x01a40000" />
        <service id="0x00a8" sid="168" name="RADYOSMART PORTAL" type="2" provider="DEMIROREN MEDYA" onid="66" tsid="4" namespace="0x01a40000" radio="1" />
      </transponder>
    </satellite>
    <satellite key="01a40000:0009:0042" name="Turksat-42.0E" namespace="0x01a40000" position="42">
      <transponder key="01a40000:0009:0042" frequency="12188000" symbol_rate="27500000" polarization="V" fec="4" system="0" modulation="0">
        <service id="0x076e" sid="1902" name="ANIMAL PLANET" type="25" provider="DEMIROREN MEDYA" onid="66" tsid="9" namespace="0x01a40000" />
        <service id="0x077c" sid="1916" name="BOOMERANG HD" type="25" provider="DEMIROREN MEDYA" onid="66" tsid="9" namespace="0x01a40000" />
        <service id="0x076d" sid="1901" name="DISCOVERY CHANNEL" type="25" provider="DEMIROREN MEDYA" onid="66" tsid="9" namespace="0x01a40000" />
        <service id="0x030b" sid="779" name="DISCOVERY SCIENCE" type="25" provider="DEMIROREN MEDYA" onid="66" tsid="9" namespace="0x01a40000" />
        <service id="0x0133" sid="307" name="DİZİ PREMIUM" type="25" provider="DEMIROREN MEDYA" onid="66" tsid="9" namespace="0x01a40000" />
        <service id="0x077a" sid="1914" name="DİZİSMART MAX" type="25" provider="DEMIROREN MEDYA" onid="66" tsid="9" namespace="0x01a40000" />
        <service id="0x012f" sid="303" name="EUROSPORT 1" type="25" provider="DEMIROREN MEDYA" onid="66" tsid="9" namespace="0x01a40000" />
        <service id="0x0132" sid="306" name="FAST &amp; FUN" type="25" provider="DEMIROREN MEDYA" onid="66" tsid="9" namespace="0x01a40000" />
        <service id="0x0134" sid="308" name="MOVIE CLASSIC" type="25" provider="DEMIROREN MEDYA" onid="66" tsid="9" namespace="0x01a40000" />
        <service id="0x030a" sid="778" name="MOVIE FAMILY" type="25" provider="DEMIROREN MEDYA" onid="66" tsid="9" namespace="0x01a40000" />
        <service id="0x0130" sid="304" name="MOVIE FEST" type="25" provider="DEMIROREN MEDYA" onid="66" tsid="9" namespace="0x01a40000" />
        <service id="0x0135" sid="309" name="MOVIE TÜRK" type="25" provider="DEMIROREN MEDYA" onid="66" tsid="9" namespace="0x01a40000" />
        <service id="0x0131" sid="305" name="OUTDOOR" type="25" provider="DEMIROREN MEDYA" onid="66" tsid="9" namespace="0x01a40000" />
        <service id="0x012e" sid="302" name="S SPORT" type="25" provider="DEMIROREN MEDYA" onid="66" tsid="9" namespace="0x01a40000" />
        <service id="0x076f" sid="1903" name="SPOR SMART" type="25" provider="DEMIROREN MEDYA" onid="66" tsid="9" namespace="0x01a40000" />
      </transponder>
    </satellite>
    <satellite key="01a40000:003d:002a" name="Turksat-42.0E" namespace="0x01a40000" position="42">
      <transponder key="01a40000:003d:002a" frequency="11096000" symbol_rate="30000000" polarization="H" fec="4" system="0" modulation="0">
        <service id="0x0001" sid="1" name="TRT 1" type="1" provider="TRT" onid="42" tsid="61" namespace="0x01a40000" />
        <service id="0x000c" sid="12" name="TRT ARABI" type="1" provider="TRT" onid="42" tsid="61" namespace="0x01a40000" />
        <service id="0x000b" sid="11" name="TRT ARABI HD" type="25" provider="TRT" onid="42" tsid="61" namespace="0x01a40000" />
        <service id="0x000f" sid="15" name="TRT AVAZ HD" type="25" provider="TRT" onid="42" tsid="61" namespace="0x01a40000" />
        <service id="0x0005" sid="5" name="TRT HABER" type="1" provider="TRT" onid="42" tsid="61" namespace="0x01a40000" />
        <service id="0x001a" sid="26" name="TRT KURDI" type="1" provider="TRT" onid="42" tsid="61" namespace="0x01a40000" />
        <service id="0x000d" sid="13" name="TRT SPOR" type="1" provider="TRT" onid="42" tsid="61" namespace="0x01a40000" />
        <service id="0x0009" sid="9" name="TRT TURK" type="1" provider="TRT" onid="42" tsid="61" namespace="0x01a40000" />
        <service id="0x001c" sid="28" name="DIS YAY ORTA DALGA ARAPCA" type="2" provider="TRT" onid="42" tsid="61" namespace="0x01a40000" radio="1" />
        <service id="0x0002" sid="2" name="RADYO 1" type="2" provider="TRT" onid="42" tsid="61" namespace="0x01a40000" radio="1" />
        <service id="0x0003" sid="3" name="RADYO 3" type="2" provider="TRT" onid="42" tsid="61" namespace="0x01a40000" radio="1" />
        <service id="0x0008" sid="8" name="RADYO 6" type="2" provider="TRT" onid="42" tsid="61" namespace="0x01a40000" radio="1" />
        <service id="0x000e" sid="14" name="Trabzon Radyosu" type="2" provider="TRT" onid="42" tsid="61" namespace="0x01a40000" radio="1" />
        <service id="0x0006" sid="6" name="TRT FM" type="2" provider="TRT" onid="42" tsid="61" namespace="0x01a40000" radio="1" />
        <service id="0x000a" sid="10" name="VOT WEST" type="2" provider="TRT" onid="42" tsid="61" namespace="0x01a40000" radio="1" />
      </transponder>
    </satellite>
    <satellite key="01a40000:4e85:002a" name="Turksat-42.0E" namespace="0x01a40000" position="42">
      <transponder key="01a40000:4e85:002a" frequency="11180000" symbol_rate="30000000" polarization="H" fec="3" system="0" modulation="0">
        <service id="0x3c93" sid="15507" name="beIN GURME" type="1" provider="Digital Platform" onid="42" tsid="20101" namespace="0x01a40000" />
        <service id="0x3c94" sid="15508" name="beIN MOVIES ACTION" type="1" provider="Digital Platform" onid="42" tsid="20101" namespace="0x01a40000" />
        <service id="0x3c96" sid="15510" name="beIN MOVIES PREMIERE" type="1" provider="Digital Platform" onid="42" tsid="20101" namespace="0x01a40000" />
        <service id="0x3c92" sid="15506" name="beIN MOVIES TURK" type="1" provider="Digital Platform" onid="42" tsid="20101" namespace="0x01a40000" />
        <service id="0x3ca5" sid="15525" name="beIN SPORTS 1" type="1" provider="Digital Platform" onid="42" tsid="20101" namespace="0x01a40000" />
        <service id="0x3ca6" sid="15526" name="beIN SPORTS 2" type="1" provider="Digital Platform" onid="42" tsid="20101" namespace="0x01a40000" />
        <service id="0x3ca7" sid="15527" name="beIN SPORTS 3" type="1" provider="Digital Platform" onid="42" tsid="20101" namespace="0x01a40000" />
        <service id="0x3c8e" sid="15502" name="EUROSPORT 1" type="1" provider="Digital Platform" onid="42" tsid="20101" namespace="0x01a40000" />
        <service id="0x3c90" sid="15504" name="S SPORT" type="1" provider="Digital Platform" onid="42" tsid="20101" namespace="0x01a40000" />
        <service id="0x3cab" sid="15531" name="TARAFTAR 2 SD" type="1" provider="Digital Platform" onid="42" tsid="20101" namespace="0x01a40000" />
        <service id="0x3cac" sid="15532" name="TARAFTAR 3 SD" type="1" provider="Digital Platform" onid="42" tsid="20101" namespace="0x01a40000" />
        <service id="0x3caa" sid="15530" name="TARAFTAR SD" type="1" provider="Digital Platform" onid="42" tsid="20101" namespace="0x01a40000" />
        <service id="0x3caf" sid="15535" name="TİCARİ beIN SPORTS 1" type="1" provider="Digital Platform" onid="42" tsid="20101" namespace="0x01a40000" />
        <service id="0x3cb0" sid="15536" name="TİCARİ beIN SPORTS 2" type="1" provider="Digital Platform" onid="42" tsid="20101" namespace="0x01a40000" />
        <service id="0x3cb1" sid="15537" name="TİCARİ beIN SPORTS 3" type="1" provider="Digital Platform" onid="42" tsid="20101" namespace="0x01a40000" />
      </transponder>
    </satellite>
    <satellite key="01a40000:7596:042e" name="Turksat-42.0E" namespace="0x01a40000" position="42">
      <transponder key="01a40000:7596:042e" frequency="12559000" symbol_rate="27500000" polarization="V" fec="2" system="0" modulation="0">
        <service id="0xc4e6" sid="50406" name="ANADOLU DERNEK TV" type="1" provider="TURKSAT" onid="1070" tsid="30102" namespace="0x01a40000" />
        <service id="0xc4e1" sid="50401" name="CEM TV" type="1" provider="TURKSAT" onid="1070" tsid="30102" namespace="0x01a40000" />
        <service id="0xc4e8" sid="50408" name="CIFTCI TV" type="1" provider="TURKSAT" onid="1070" tsid="30102" namespace="0x01a40000" />
        <service id="0xc4e4" sid="50404" name="KOZA TV" type="1" provider="TURKSAT" onid="1070" tsid="30102" namespace="0x01a40000" />
        <service id="0xc4e2" sid="50402" name="WORLD BEAUTY CHANNEL" type="1" provider="TURKSAT" onid="1070" tsid="30102" namespace="0x01a40000" />
        <service id="0xc4eb" sid="50411" name="CEM RADYO" type="2" provider="TURKSAT" onid="1070" tsid="30102" namespace="0x01a40000" radio="1" />
        <service id="0xc4ea" sid="50410" name="KUPE FM" type="2" provider="TURKSAT" onid="1070" tsid="30102" namespace="0x01a40000" radio="1" />
        <service id="0xc4f2" sid="50418" name="MORAL FM" type="2" provider="TURKSAT" onid="1070" tsid="30102" namespace="0x01a40000" radio="1" />
        <service id="0xc4ed" sid="50413" name="POLIS RADYOSU" type="2" provider="TURKSAT" onid="1070" tsid="30102" namespace="0x01a40000" radio="1" />
      </transponder>
    </satellite>
    <satellite key="01a40000:75f9:042e" name="Turksat-42.0E" namespace="0x01a40000" position="42">
      <transponder key="01a40000:75f9:042e" frequency="12605000" symbol_rate="27500000" polarization="V" fec="2" system="0" modulation="0">
        <service id="0xc5ac" sid="50604" name="ES TV" type="1" provider="TURKSAT" onid="1070" tsid="30201" namespace="0x01a40000" />
        <service id="0xc5b1" sid="50609" name="KANAL FIRAT" type="1" provider="TURKSAT" onid="1070" tsid="30201" namespace="0x01a40000" />
        <service id="0xc5ab" sid="50603" name="TV 1" type="1" provider="TURKSAT" onid="1070" tsid="30201" namespace="0x01a40000" />
        <service id="0xc5a8" sid="50600" name="TV KAYSERI" type="1" provider="TURKSAT" onid="1070" tsid="30201" namespace="0x01a40000" />
        <service id="0xc5b2" sid="50610" name="ZAROK TV" type="1" provider="TURKSAT" onid="1070" tsid="30201" namespace="0x01a40000" />
        <service id="0xc5b4" sid="50612" name="RADYO SLOWTIME" type="2" provider="TURKSAT" onid="1070" tsid="30201" namespace="0x01a40000" radio="1" />
        <service id="0xc5b3" sid="50611" name="RADYO SPOR" type="2" provider="TURKSAT" onid="1070" tsid="30201" namespace="0x01a40000" radio="1" />
        <service id="0xc5b5" sid="50613" name="RADYO TRAFIK" type="2" provider="TURKSAT" onid="1070" tsid="30201" namespace="0x01a40000" radio="1" />
      </transponder>
    </satellite>
    <satellite key="01a40000:76c1:042e" name="Turksat-42.0E" namespace="0x01a40000" position="42">
      <transponder key="01a40000:76c1:042e" frequency="12729000" symbol_rate="30000000" polarization="V" fec="2" system="0" modulation="0">
        <service id="0xc9b7" sid="51639" name="BEYKENT TV" type="1" provider="TURKSAT" onid="1070" tsid="30401" namespace="0x01a40000" />
        <service id="0xc9af" sid="51631" name="DRT DENIZLI" type="1" provider="TURKSAT" onid="1070" tsid="30401" namespace="0x01a40000" />
        <service id="0xc9ab" sid="51627" name="KANAL 33" type="1" provider="TURKSAT" onid="1070" tsid="30401" namespace="0x01a40000" />
        <service id="0xc9a8" sid="51624" name="KANAL AVRUPA" type="1" provider="TURKSAT" onid="1070" tsid="30401" namespace="0x01a40000" />
        <service id="0xc9a7" sid="51623" name="KANAL C" type="1" provider="TURKSAT" onid="1070" tsid="30401" namespace="0x01a40000" />
        <service id="0xc9b6" sid="51638" name="KRT TV HD" type="25" provider="TURKSAT" onid="1070" tsid="30401" namespace="0x01a40000" />
        <service id="0xc9a6" sid="51622" name="KUDUS TV" type="1" provider="TURKSAT" onid="1070" tsid="30401" namespace="0x01a40000" />
        <service id="0xc9a4" sid="51620" name="MANISA MEDYA TV" type="1" provider="TURKSAT" onid="1070" tsid="30401" namespace="0x01a40000" />
        <service id="0xc9b3" sid="51635" name="MEDINE TV" type="1" provider="TURKSAT" onid="1070" tsid="30401" namespace="0x01a40000" />
        <service id="0xc9b4" sid="51636" name="MERKEZ TV" type="1" provider="TURKSAT" onid="1070" tsid="30401" namespace="0x01a40000" />
        <service id="0xc9ad" sid="51629" name="NR1 TURK TV HD" type="25" provider="TURKSAT" onid="1070" tsid="30401" namespace="0x01a40000" />
        <service id="0xc9ac" sid="51628" name="NR1 TV HD" type="25" provider="TURKSAT" onid="1070" tsid="30401" namespace="0x01a40000" />
        <service id="0xc9b2" sid="51634" name="ON4 TV" type="1" provider="TURKSAT" onid="1070" tsid="30401" namespace="0x01a40000" />
        <service id="0xc9ae" sid="51630" name="PAMUKKALETV" type="1" provider="TURKSAT" onid="1070" tsid="30401" namespace="0x01a40000" />
        <service id="0xc9b0" sid="51632" name="TV 100" type="1" provider="TURKSAT" onid="1070" tsid="30401" namespace="0x01a40000" />
        <service id="0xc9b1" sid="51633" name="TV5" type="1" provider="TURKSAT" onid="1070" tsid="30401" namespace="0x01a40000" />
        <service id="0xc9cd" sid="51661" name="NR1 FM" type="2" provider="TURKSAT" onid="1070" tsid="30401" namespace="0x01a40000" radio="1" />
        <service id="0xc9cc" sid="51660" name="NR1 TURK FM" type="2" provider="TURKSAT" onid="1070" tsid="30401" namespace="0x01a40000" radio="1" />
      </transponder>
    </satellite>
    <satellite key="01a40000:7789:042e" name="Turksat-42.0E" namespace="0x01a40000" position="42">
      <transponder key="01a40000:7789:042e" frequency="11557000" symbol_rate="30000000" polarization="V" fec="2" system="0" modulation="0">
        <service id="0xc73e" sid="51006" name="SEMERKAND HD" type="25" provider="TURKSAT" onid="1070" tsid="30601" namespace="0x01a40000" />
        <service id="0xc73f" sid="51007" name="SEMERKAND TV" type="1" provider="TURKSAT" onid="1070" tsid="30601" namespace="0x01a40000" />
        <service id="0xc746" sid="51014" name="KAFA RADYO" type="2" provider="TURKSAT" onid="1070" tsid="30601" namespace="0x01a40000" radio="1" />
        <service id="0xc747" sid="51015" name="PAL NOSTALJI" type="2" provider="TURKSAT" onid="1070" tsid="30601" namespace="0x01a40000" radio="1" />
        <service id="0xc748" sid="51016" name="PAL STATION" type="2" provider="TURKSAT" onid="1070" tsid="30601" namespace="0x01a40000" radio="1" />
        <service id="0xc745" sid="51013" name="SEMERKAND RADYO" type="2" provider="TURKSAT" onid="1070" tsid="30601" namespace="0x01a40000" radio="1" />
      </transponder>
    </satellite>
    <satellite key="01a40000:778a:042e" name="Turksat-42.0E" namespace="0x01a40000" position="42">
      <transponder key="01a40000:778a:042e" frequency="11593000" symbol_rate="25000000" polarization="V" fec="2" system="0" modulation="0">
        <service id="0xc6db" sid="50907" name="K KARDELEN" type="1" provider="TURKSAT" onid="1070" tsid="30602" namespace="0x01a40000" />
        <service id="0xc6d7" sid="50903" name="MILYON TV" type="1" provider="TURKSAT" onid="1070" tsid="30602" namespace="0x01a40000" />
      </transponder>
    </satellite>
    <satellite key="01a40000:77ee:042e" name="Turksat-42.0E" namespace="0x01a40000" position="42">
      <transponder key="01a40000:77ee:042e" frequency="11650000" symbol_rate="13600000" polarization="V" fec="2" system="0" modulation="0">
        <service id="0xcea5" sid="52901" name="KANAL 32" type="1" provider="TURKSAT" onid="1070" tsid="30702" namespace="0x01a40000" />
        <service id="0xceb2" sid="52914" name="SEYR FM" type="1" provider="TURKSAT" onid="1070" tsid="30702" namespace="0x01a40000" />
        <service id="0xceab" sid="52907" name="SIVAS SRT" type="1" provider="TURKSAT" onid="1070" tsid="30702" namespace="0x01a40000" />
      </transponder>
    </satellite>
    <satellite key="01a40000:7851:042e" name="Turksat-42.0E" namespace="0x01a40000" position="42">
      <transponder key="01a40000:7851:042e" frequency="10980000" symbol_rate="12500000" polarization="V" fec="3" system="0" modulation="0">
        <service id="0x3fac" sid="16300" name="TRT 4K" type="1" provider="TURKSAT" onid="1070" tsid="30801" namespace="0x01a40000" />
      </transponder>
    </satellite>
    <satellite key="01a40000:7919:042e" name="Turksat-42.0E" namespace="0x01a40000" position="42">
      <transponder key="01a40000:7919:042e" frequency="11054000" symbol_rate="30000000" polarization="V" fec="3" system="0" modulation="0">
        <service id="0x296c" sid="10604" name="TRT BELGESEL HD" type="25" provider="TRT" onid="1070" tsid="31001" namespace="0x01a40000" />
        <service id="0x0b98" sid="2968" name="TRT COCUK HD" type="25" provider="TRT" onid="1070" tsid="31001" namespace="0x01a40000" />
        <service id="0x296a" sid="10602" name="TRT HABER HD" type="25" provider="TRT" onid="1070" tsid="31001" namespace="0x01a40000" />
        <service id="0x0b9b" sid="2971" name="TRT KURDI HD" type="25" provider="TRT" onid="1070" tsid="31001" namespace="0x01a40000" />
        <service id="0x0b9a" sid="2970" name="TRT MUZIK HD" type="25" provider="TRT" onid="1070" tsid="31001" namespace="0x01a40000" />
        <service id="0x296b" sid="10603" name="TRT SPOR HD" type="25" provider="TRT" onid="1070" tsid="31001" namespace="0x01a40000" />
        <service id="0x296e" sid="10606" name="TRT TURK HD" type="25" provider="TRT" onid="1070" tsid="31001" namespace="0x01a40000" />
        <service id="0x296d" sid="10605" name="TRT WORLD HD" type="25" provider="TRT" onid="1070" tsid="31001" namespace="0x01a40000" />
        <service id="0x0b99" sid="2969" name="TRT1 HD" type="25" provider="TRT" onid="1070" tsid="31001" namespace="0x01a40000" />
        <service id="0x296f" sid="10607" name="TRT World Radio" type="2" provider="TRT" onid="1070" tsid="31001" namespace="0x01a40000" radio="1" />
      </transponder>
    </satellite>
    <satellite key="01a40000:797d:042e" name="Turksat-42.0E" namespace="0x01a40000" position="42">
      <transponder key="01a40000:797d:042e" frequency="11096000" symbol_rate="30000000" polarization="V" fec="4" system="0" modulation="0">
        <service id="0x2c2d" sid="11309" name="FARKLI TV" type="1" provider="TURKSAT" onid="1070" tsid="31101" namespace="0x01a40000" />
        <service id="0x2c24" sid="11300" name="HALK EURO" type="1" provider="TURKSAT" onid="1070" tsid="31101" namespace="0x01a40000" />
        <service id="0x2c26" sid="11302" name="HEVI TV" type="1" provider="TURKSAT" onid="1070" tsid="31101" namespace="0x01a40000" />
        <service id="0x2c27" sid="11303" name="HEVI TV" type="1" provider="TURKSAT" onid="1070" tsid="31101" namespace="0x01a40000" />
        <service id="0x2c30" sid="11312" name="MEGA SUARE" type="1" provider="TURKSAT" onid="1070" tsid="31101" namespace="0x01a40000" />
        <service id="0x2c28" sid="11304" name="ONE BAL TV" type="1" provider="TURKSAT" onid="1070" tsid="31101" namespace="0x01a40000" />
        <service id="0x2c25" sid="11301" name="WORLD BEAUTY CHANNEL" type="1" provider="TURKSAT" onid="1070" tsid="31101" namespace="0x01a40000" />
      </transponder>
    </satellite>
    <satellite key="01a40000:7a45:042e" name="Turksat-42.0E" namespace="0x01a40000" position="42">
      <transponder key="01a40000:7a45:042e" frequency="12514000" symbol_rate="11666000" polarization="H" fec="2" system="0" modulation="0">
        <service id="0xcac2" sid="51906" name="A. VUSLAT TV" type="1" provider="TURKSAT" onid="1070" tsid="31301" namespace="0x01a40000" />
        <service id="0xcabe" sid="51902" name="QURAN HIDAYAH TV" type="1" provider="TURKSAT" onid="1070" tsid="31301" namespace="0x01a40000" />
      </transponder>
    </satellite>
    <satellite key="01a40000:7a46:042e" name="Turksat-42.0E" namespace="0x01a40000" position="42">
      <transponder key="01a40000:7a46:042e" frequency="12531000" symbol_rate="15000000" polarization="H" fec="3" system="0" modulation="0">
        <service id="0xc991" sid="51601" name="RTR PLANETA" type="1" provider="TURKSAT" onid="1070" tsid="31302" namespace="0x01a40000" />
        <service id="0xc992" sid="51602" name="RUSSIA 24 TV" type="1" provider="TURKSAT" onid="1070" tsid="31302" namespace="0x01a40000" />
      </transponder>
    </satellite>
    <satellite key="01a40000:7aa9:042e" name="Turksat-42.0E" namespace="0x01a40000" position="42">
      <transponder key="01a40000:7aa9:042e" frequency="12641000" symbol_rate="30000000" polarization="H" fec="2" system="0" modulation="0">
        <service id="0xc54a" sid="50506" name="AKSU TV" type="1" provider="TURKSAT" onid="1070" tsid="31401" namespace="0x01a40000" />
        <service id="0xc545" sid="50501" name="KANAL 3" type="1" provider="TURKSAT" onid="1070" tsid="31401" namespace="0x01a40000" />
        <service id="0xc548" sid="50504" name="TEK RUMELI TV" type="1" provider="TURKSAT" onid="1070" tsid="31401" namespace="0x01a40000" />
        <service id="0xc547" sid="50503" name="VATAN" type="1" provider="TURKSAT" onid="1070" tsid="31401" namespace="0x01a40000" />
      </transponder>
    </satellite>
    <satellite key="01a40000:7aaa:042e" name="Turksat-42.0E" namespace="0x01a40000" position="42">
      <transponder key="01a40000:7aaa:042e" frequency="12610000" symbol_rate="20830000" polarization="H" fec="3" system="0" modulation="0">
        <service id="0xcf0d" sid="53005" name="ADA TV" type="1" provider="TURKSAT" onid="1070" tsid="31402" namespace="0x01a40000" />
        <service id="0xcf0a" sid="53002" name="BRT HD" type="1" provider="BRT HD" onid="1070" tsid="31402" namespace="0x01a40000" />
        <service id="0xcf08" sid="53000" name="BRT TV1" type="1" provider="TURKSAT" onid="1070" tsid="31402" namespace="0x01a40000" />
        <service id="0xcf09" sid="53001" name="BRT TV2" type="1" provider="TURKSAT" onid="1070" tsid="31402" namespace="0x01a40000" />
        <service id="0xcf0b" sid="53003" name="DIYALOG TV" type="1" provider="TURKSAT" onid="1070" tsid="31402" namespace="0x01a40000" />
        <service id="0xcf0f" sid="53007" name="KANAL T" type="1" provider="TURKSAT" onid="1070" tsid="31402" namespace="0x01a40000" />
        <service id="0xcf0e" sid="53006" name="KIBRIS GENC TV" type="1" provider="TURKSAT" onid="1070" tsid="31402" namespace="0x01a40000" />
        <service id="0xcf10" sid="53008" name="KIBRIS TV" type="1" provider="TURKSAT" onid="1070" tsid="31402" namespace="0x01a40000" />
        <service id="0xcf11" sid="53009" name="SIM TV" type="1" provider="TURKSAT" onid="1070" tsid="31402" namespace="0x01a40000" />
        <service id="0xcf13" sid="53011" name="BAYRAK FM" type="2" provider="TURKSAT" onid="1070" tsid="31402" namespace="0x01a40000" radio="1" />
        <service id="0xcf12" sid="53010" name="BRT RADYO 1" type="2" provider="TURKSAT" onid="1070" tsid="31402" namespace="0x01a40000" radio="1" />
        <service id="0xcf14" sid="53012" name="DIYALOG RADYO" type="2" provider="TURKSAT" onid="1070" tsid="31402" namespace="0x01a40000" radio="1" />
      </transponder>
    </satellite>
    <satellite key="01a40000:7b0e:042e" name="Turksat-42.0E" namespace="0x01a40000" position="42">
      <transponder key="01a40000:7b0e:042e" frequency="12685000" symbol_rate="27500000" polarization="H" fec="2" system="0" modulation="0">
        <service id="0xca58" sid="51800" name="AKIT TV HD" type="25" provider="TURKSAT" onid="1070" tsid="31502" namespace="0x01a40000" />
        <service id="0xca59" sid="51801" name="TMB TV" type="1" provider="TURKSAT" onid="1070" tsid="31502" namespace="0x01a40000" />
        <service id="0xca5c" sid="51804" name="TV 1" type="1" provider="TURKSAT" onid="1070" tsid="31502" namespace="0x01a40000" />
      </transponder>
    </satellite>
    <satellite key="01a40000:7b71:042e" name="Turksat-42.0E" namespace="0x01a40000" position="42">
      <transponder key="01a40000:7b71:042e" frequency="12729000" symbol_rate="27500000" polarization="H" fec="2" system="0" modulation="0">
        <service id="0xc356" sid="50006" name="KABE(CANLI) AL QURAN" type="1" provider="TURKSAT" onid="1070" tsid="31601" namespace="0x01a40000" />
        <service id="0xc357" sid="50007" name="SAUDI SUNNAH" type="1" provider="TURKSAT" onid="1070" tsid="31601" namespace="0x01a40000" />
      </transponder>
    </satellite>
    <satellite key="01a40000:7bd5:042e" name="Turksat-42.0E" namespace="0x01a40000" position="42">
      <transponder key="01a40000:7bd5:042e" frequency="11510000" symbol_rate="30000000" polarization="H" fec="2" system="0" modulation="0">
        <service id="0xc7a0" sid="51104" name="ONE BAL TV" type="1" provider="TURKSAT" onid="1070" tsid="31701" namespace="0x01a40000" />
        <service id="0xc7a8" sid="51112" name="TURKSAT SAAT" type="1" provider="TURKSAT" onid="1070" tsid="31701" namespace="0x01a40000" />
        <service id="0xc7a5" sid="51109" name="UCANKUS TV" type="1" provider="TURKSAT" onid="1070" tsid="31701" namespace="0x01a40000" />
        <service id="0xc7ac" sid="51116" name="AKRA FM" type="2" provider="TURKSAT" onid="1070" tsid="31701" namespace="0x01a40000" radio="1" />
        <service id="0xc7ab" sid="51115" name="ERKAM RADYO" type="2" provider="TURKSAT" onid="1070" tsid="31701" namespace="0x01a40000" radio="1" />
      </transponder>
    </satellite>
    <satellite key="01a40000:7bd6:042e" name="Turksat-42.0E" namespace="0x01a40000" position="42">
      <transponder key="01a40000:7bd6:042e" frequency="12685000" symbol_rate="30000000" polarization="V" fec="2" system="0" modulation="0">
        <service id="0xc68b" sid="50827" name="AKRT TV" type="1" provider="TURKSAT" onid="1070" tsid="31702" namespace="0x01a40000" />
        <service id="0xc675" sid="50805" name="ASTV" type="1" provider="TURKSAT" onid="1070" tsid="31702" namespace="0x01a40000" />
        <service id="0xc684" sid="50820" name="CAY TV" type="1" provider="TURKSAT" onid="1070" tsid="31702" namespace="0x01a40000" />
        <service id="0xc67e" sid="50814" name="DIYAR TV" type="1" provider="TURKSAT" onid="1070" tsid="31702" namespace="0x01a40000" />
        <service id="0xc686" sid="50822" name="DOST TV" type="1" provider="TURKSAT" onid="1070" tsid="31702" namespace="0x01a40000" />
        <service id="0xc67c" sid="50812" name="DURU TV" type="1" provider="TURKSAT" onid="1070" tsid="31702" namespace="0x01a40000" />
        <service id="0xc679" sid="50809" name="EDESSA TV" type="1" provider="TURKSAT" onid="1070" tsid="31702" namespace="0x01a40000" />
        <service id="0xc680" sid="50816" name="EGETURK TV" type="1" provider="TURKSAT" onid="1070" tsid="31702" namespace="0x01a40000" />
        <service id="0xc68a" sid="50826" name="FM TV" type="1" provider="TURKSAT" onid="1070" tsid="31702" namespace="0x01a40000" />
        <service id="0xc68f" sid="50831" name="GRT TV" type="1" provider="TURKSAT" onid="1070" tsid="31702" namespace="0x01a40000" />
        <service id="0xc67b" sid="50811" name="GUNEYDOGU TV" type="1" provider="TURKSAT" onid="1070" tsid="31702" namespace="0x01a40000" />
        <service id="0xc68e" sid="50830" name="HABERAKS" type="1" provider="HABERAKS TV" onid="1070" tsid="31702" namespace="0x01a40000" />
        <service id="0xc673" sid="50803" name="HILAL TV" type="1" provider="TURKSAT" onid="1070" tsid="31702" namespace="0x01a40000" />
        <service id="0xc68d" sid="50829" name="HRT AKDENIZ TV" type="1" provider="" onid="1070" tsid="31702" namespace="0x01a40000" />
        <service id="0xc670" sid="50800" name="KADIRGA TV" type="1" provider="TURKSAT" onid="1070" tsid="31702" namespace="0x01a40000" />
        <service id="0xc687" sid="50823" name="KANAL 43" type="1" provider="TURKSAT" onid="1070" tsid="31702" namespace="0x01a40000" />
        <service id="0xc683" sid="50819" name="KANAL 58" type="1" provider="TURKSAT" onid="1070" tsid="31702" namespace="0x01a40000" />
        <service id="0xc67a" sid="50810" name="KANAL URFA" type="1" provider="TURKSAT" onid="1070" tsid="31702" namespace="0x01a40000" />
        <service id="0xc67d" sid="50813" name="LINE TV" type="1" provider="TURKSAT" onid="1070" tsid="31702" namespace="0x01a40000" />
        <service id="0xc676" sid="50806" name="MAKINE TV" type="22" provider="TURKSAT" onid="1070" tsid="31702" namespace="0x01a40000" />
        <service id="0xc672" sid="50802" name="OLAY TV" type="1" provider="TURKSAT" onid="1070" tsid="31702" namespace="0x01a40000" />
        <service id="0xc674" sid="50804" name="ON6" type="1" provider="TURKSAT" onid="1070" tsid="31702" namespace="0x01a40000" />
        <service id="0xc682" sid="50818" name="REHBERTV" type="1" provider="TURKSAT" onid="1070" tsid="31702" namespace="0x01a40000" />
        <service id="0xc681" sid="50817" name="SPORTS TV" type="1" provider="TURKSAT" onid="1070" tsid="31702" namespace="0x01a40000" />
        <service id="0xc690" sid="50832" name="ULUSAL TV" type="1" provider="TURKSAT" onid="1070" tsid="31702" namespace="0x01a40000" />
        <service id="0xc67f" sid="50815" name="UZAY HABER" type="1" provider="TURKSAT" onid="1070" tsid="31702" namespace="0x01a40000" />
        <service id="0xc68c" sid="50828" name="YABAN TV" type="25" provider="TURKSAT" onid="1070" tsid="31702" namespace="0x01a40000" />
        <service id="0xc698" sid="50840" name="CAGRI FM" type="2" provider="TURKSAT" onid="1070" tsid="31702" namespace="0x01a40000" radio="1" />
        <service id="0xc699" sid="50841" name="DOST FM" type="2" provider="TURKSAT" onid="1070" tsid="31702" namespace="0x01a40000" radio="1" />
      </transponder>
    </satellite>
    <satellite key="01a40000:7dc9:042e" name="Turksat-42.0E" namespace="0x01a40000" position="42">
      <transponder key="01a40000:7dc9:042e" frequency="11053000" symbol_rate="8000000" polarization="H" fec="3" system="0" modulation="0">
        <service id="0x2bc1" sid="11201" name="BLOOMBERG HT" type="1" provider="BLOOMBERG HT" onid="1070" tsid="32201" namespace="0x01a40000" />
        <service id="0x2bc0" sid="11200" name="HABERTURK" type="1" provider="HABERTURK" onid="1070" tsid="32201" namespace="0x01a40000" />
        <service id="0x2bc2" sid="11202" name="HABERTURK RADYO" type="2" provider="HABERTURK RADYO" onid="1070" tsid="32201" namespace="0x01a40000" radio="1" />
        <service id="0x2bc5" sid="11205" name="INTERCOM BL" type="2" provider="INTERCOM BL" onid="1070" tsid="32201" namespace="0x01a40000" radio="1" />
        <service id="0x2bc4" sid="11204" name="INTERCOM HT" type="2" provider="INTERCOM HT" onid="1070" tsid="32201" namespace="0x01a40000" radio="1" />
      </transponder>
    </satellite>
    <satellite key="01a40000:7dcb:042e" name="Turksat-42.0E" namespace="0x01a40000" position="42">
      <transponder key="01a40000:7dcb:042e" frequency="11062000" symbol_rate="4820000" polarization="H" fec="3" system="0" modulation="0">
        <service id="0x0e02" sid="3586" name="CANLAR TV" type="1" provider="TURKSAT" onid="1070" tsid="32203" namespace="0x01a40000" />
        <service id="0x0e01" sid="3585" name="GALA" type="1" provider="TURKSAT" onid="1070" tsid="32203" namespace="0x01a40000" />
        <service id="0x0e00" sid="3584" name="WORLD BEAUTY CHANNEL" type="1" provider="TURKSAT" onid="1070" tsid="32203" namespace="0x01a40000" />
      </transponder>
    </satellite>
    <satellite key="01a40000:7dcc:042e" name="Turksat-42.0E" namespace="0x01a40000" position="42">
      <transponder key="01a40000:7dcc:042e" frequency="11045000" symbol_rate="4800000" polarization="H" fec="3" system="0" modulation="0">
        <service id="0x34bd" sid="13501" name="SHOW MAX" type="1" provider="SHOW MAX" onid="1070" tsid="32204" namespace="0x01a40000" />
        <service id="0x34bc" sid="13500" name="SHOW TURK" type="1" provider="SHOW TURK" onid="1070" tsid="32204" namespace="0x01a40000" />
      </transponder>
    </satellite>
    <satellite key="01a40000:9ca5:042e" name="Turksat-42.0E" namespace="0x01a40000" position="42">
      <transponder key="01a40000:9ca5:042e" frequency="11916000" symbol_rate="30000000" polarization="V" fec="3" system="0" modulation="0">
        <service id="0xc86b" sid="51307" name="BERAT TV" type="1" provider="TURKSAT" onid="1070" tsid="40101" namespace="0x01a40000" />
        <service id="0xc86c" sid="51308" name="EKINTURK TV" type="1" provider="TURKSAT" onid="1070" tsid="40101" namespace="0x01a40000" />
        <service id="0xc86f" sid="51311" name="EUROSTAR" type="1" provider="TURKSAT" onid="1070" tsid="40101" namespace="0x01a40000" />
        <service id="0xc864" sid="51300" name="KANAL B" type="1" provider="TURKSAT" onid="1070" tsid="40101" namespace="0x01a40000" />
        <service id="0xc866" sid="51302" name="KOY TV" type="1" provider="TURKSAT" onid="1070" tsid="40101" namespace="0x01a40000" />
      </transponder>
    </satellite>
    <satellite key="01a40000:9ca6:042e" name="Turksat-42.0E" namespace="0x01a40000" position="42">
      <transponder key="01a40000:9ca6:042e" frequency="11883000" symbol_rate="4800000" polarization="V" fec="4" system="0" modulation="0">
        <service id="0x28a1" sid="10401" name="A HABER" type="1" provider="TURKUVAZ" onid="1070" tsid="40102" namespace="0x01a40000" />
        <service id="0x28a0" sid="10400" name="atv avrupa" type="1" provider="TURKUVAZ" onid="1070" tsid="40102" namespace="0x01a40000" />
      </transponder>
    </satellite>
    <satellite key="01a40000:9d6d:042e" name="Turksat-42.0E" namespace="0x01a40000" position="42">
      <transponder key="01a40000:9d6d:042e" frequency="11957000" symbol_rate="27500000" polarization="V" fec="4" system="0" modulation="0">
        <service id="0x0b58" sid="2904" name="TRT 1" type="1" provider="TRT" onid="1070" tsid="40301" namespace="0x01a40000" />
        <service id="0x0b5d" sid="2909" name="TRT BELGESEL" type="1" provider="TRT" onid="1070" tsid="40301" namespace="0x01a40000" />
        <service id="0x0b5c" sid="2908" name="TRT COCUK" type="1" provider="TRT" onid="1070" tsid="40301" namespace="0x01a40000" />
        <service id="0x0b59" sid="2905" name="TRT HABER" type="1" provider="TRT" onid="1070" tsid="40301" namespace="0x01a40000" />
        <service id="0x290b" sid="10507" name="TRT MUZIK" type="1" provider="TRT" onid="1070" tsid="40301" namespace="0x01a40000" />
        <service id="0x0b5a" sid="2906" name="TRT TURK" type="1" provider="TRT" onid="1070" tsid="40301" namespace="0x01a40000" />
        <service id="0x0b5b" sid="2907" name="TRT-3 SPOR" type="1" provider="TRT" onid="1070" tsid="40301" namespace="0x01a40000" />
        <service id="0x290a" sid="10506" name="TRT2 HD" type="25" provider="TRT" onid="1070" tsid="40301" namespace="0x01a40000" />
        <service id="0x0b62" sid="2914" name="Meteorolojinin Sesi" type="2" provider="TRT" onid="1070" tsid="40301" namespace="0x01a40000" radio="1" />
        <service id="0x290c" sid="10508" name="RADYO 1" type="2" provider="TRT" onid="1070" tsid="40301" namespace="0x01a40000" radio="1" />
        <service id="0x290d" sid="10509" name="RADYO 3" type="2" provider="TRT" onid="1070" tsid="40301" namespace="0x01a40000" radio="1" />
        <service id="0x0b5f" sid="2911" name="RADYO 6" type="2" provider="TRT" onid="1070" tsid="40301" namespace="0x01a40000" radio="1" />
        <service id="0x290e" sid="10510" name="RADYO GAP" type="2" provider="TRT" onid="1070" tsid="40301" namespace="0x01a40000" radio="1" />
        <service id="0x290f" sid="10511" name="TRT FM" type="2" provider="TRT" onid="1070" tsid="40301" namespace="0x01a40000" radio="1" />
        <service id="0x0b66" sid="2918" name="TRT Memleketim FM" type="2" provider="TRT" onid="1070" tsid="40301" namespace="0x01a40000" radio="1" />
        <service id="0x0b65" sid="2917" name="TRT NAGME" type="2" provider="TRT" onid="1070" tsid="40301" namespace="0x01a40000" radio="1" />
        <service id="0x0b5e" sid="2910" name="TRT Radyo Haber" type="2" provider="TRT" onid="1070" tsid="40301" namespace="0x01a40000" radio="1" />
        <service id="0x0b67" sid="2919" name="TRT TURKU" type="2" provider="TRT" onid="1070" tsid="40301" namespace="0x01a40000" radio="1" />
        <service id="0x0b61" sid="2913" name="TSR TURKCE" type="2" provider="TRT" onid="1070" tsid="40301" namespace="0x01a40000" radio="1" />
        <service id="0x291b" sid="10523" name="VOT EAST" type="2" provider="TRT" onid="1070" tsid="40301" namespace="0x01a40000" radio="1" />
        <service id="0x0b63" sid="2915" name="VOT WEST" type="2" provider="TRT" onid="1070" tsid="40301" namespace="0x01a40000" radio="1" />
        <service id="0x0b60" sid="2912" name="VOT WORLD" type="2" provider="TRT" onid="1070" tsid="40301" namespace="0x01a40000" radio="1" />
      </transponder>
    </satellite>
    <satellite key="01a40000:9e38:042e" name="Turksat-42.0E" namespace="0x01a40000" position="42">
      <transponder key="01a40000:9e38:042e" frequency="11999000" symbol_rate="11666000" polarization="V" fec="3" system="0" modulation="0">
        <service id="0x0faa" sid="4010" name="A NEWS HD" type="1" provider="TURKUVAZ" onid="1070" tsid="40504" namespace="0x01a40000" />
        <service id="0x0fab" sid="4011" name="A PARA HD" type="1" provider="TURKUVAZ" onid="1070" tsid="40504" namespace="0x01a40000" />
        <service id="0x0fac" sid="4012" name="A2 HD" type="1" provider="TURKUVAZ" onid="1070" tsid="40504" namespace="0x01a40000" />
      </transponder>
    </satellite>
    <satellite key="01a40000:9f61:042e" name="Turksat-42.0E" namespace="0x01a40000" position="42">
      <transponder key="01a40000:9f61:042e" frequency="12054000" symbol_rate="27500000" polarization="H" fec="4" system="0" modulation="0">
        <service id="0x283d" sid="10301" name="A HABER" type="1" provider="TURKUVAZ" onid="1070" tsid="40801" namespace="0x01a40000" />
        <service id="0x0b1a" sid="2842" name="A HABER HD" type="1" provider="TURKUVAZ" onid="1070" tsid="40801" namespace="0x01a40000" />
        <service id="0x283e" sid="10302" name="A SPOR" type="1" provider="TURKUVAZ" onid="1070" tsid="40801" namespace="0x01a40000" />
        <service id="0x0b1b" sid="2843" name="A SPOR HD" type="1" provider="TURKUVAZ" onid="1070" tsid="40801" namespace="0x01a40000" />
        <service id="0x284a" sid="10314" name="A2" type="1" provider="TURKUVAZ" onid="1070" tsid="40801" namespace="0x01a40000" />
        <service id="0x283c" sid="10300" name="ATV" type="1" provider="TURKUVAZ" onid="1070" tsid="40801" namespace="0x01a40000" />
        <service id="0x0b19" sid="2841" name="ATV HD" type="1" provider="TURKUVAZ" onid="1070" tsid="40801" namespace="0x01a40000" />
        <service id="0x283f" sid="10303" name="minikaCOCUK" type="1" provider="TURKUVAZ" onid="1070" tsid="40801" namespace="0x01a40000" />
        <service id="0x0b18" sid="2840" name="minikaGO" type="1" provider="TURKUVAZ" onid="1070" tsid="40801" namespace="0x01a40000" />
        <service id="0x0b1c" sid="2844" name="A HABER RADYO" type="2" provider="TURKUVAZ" onid="1070" tsid="40801" namespace="0x01a40000" radio="1" />
        <service id="0x0b1d" sid="2845" name="A SPOR RADYO" type="2" provider="TURKUVAZ" onid="1070" tsid="40801" namespace="0x01a40000" radio="1" />
        <service id="0x0b1e" sid="2846" name="INT1" type="2" provider="TURKUVAZ" onid="1070" tsid="40801" namespace="0x01a40000" radio="1" />
        <service id="0x0b1f" sid="2847" name="INT2" type="2" provider="TURKUVAZ" onid="1070" tsid="40801" namespace="0x01a40000" radio="1" />
        <service id="0x0b20" sid="2848" name="INT3" type="2" provider="TURKUVAZ" onid="1070" tsid="40801" namespace="0x01a40000" radio="1" />
        <service id="0x284c" sid="10316" name="INT4" type="2" provider="" onid="1070" tsid="40801" namespace="0x01a40000" radio="1" />
        <service id="0x284b" sid="10315" name="Radyo Turkuvaz" type="2" provider="TURKUVAZ" onid="1070" tsid="40801" namespace="0x01a40000" radio="1" />
        <service id="0x0b21" sid="2849" name="VAV RADYO" type="2" provider="TURKUVAZ" onid="1070" tsid="40801" namespace="0x01a40000" radio="1" />
      </transponder>
    </satellite>
    <satellite key="01a40000:9fc5:002a" name="Turksat-42.0E" namespace="0x01a40000" position="42">
      <transponder key="01a40000:9fc5:002a" frequency="12073000" symbol_rate="27500000" polarization="V" fec="4" system="0" modulation="0">
        <service id="0x407e" sid="16510" name="beIN MOVIES ACTION HD" type="1" provider="Digital Platform" onid="42" tsid="40901" namespace="0x01a40000" />
        <service id="0x407d" sid="16509" name="beIN MOVIES PREMIERE HD" type="1" provider="Digital Platform" onid="42" tsid="40901" namespace="0x01a40000" />
        <service id="0x407b" sid="16507" name="beIN SERIES COMEDY" type="1" provider="Digital Platform" onid="42" tsid="40901" namespace="0x01a40000" />
        <service id="0x0fef" sid="4079" name="beIN SERIES DRAMA" type="1" provider="Digital Platform" onid="42" tsid="40901" namespace="0x01a40000" />
        <service id="0x407c" sid="16508" name="beIN SERIES SCI-FI" type="1" provider="Digital Platform" onid="42" tsid="40901" namespace="0x01a40000" />
        <service id="0x407a" sid="16506" name="beIN SERIES VICE" type="1" provider="Digital Platform" onid="42" tsid="40901" namespace="0x01a40000" />
        <service id="0x0fea" sid="4074" name="beIN SPORTS MAX 1" type="1" provider="Digital Platform" onid="42" tsid="40901" namespace="0x01a40000" />
        <service id="0x0feb" sid="4075" name="beIN SPORTS MAX 2" type="1" provider="Digital Platform" onid="42" tsid="40901" namespace="0x01a40000" />
        <service id="0x0fec" sid="4076" name="HISTORY" type="1" provider="Digital Platform" onid="42" tsid="40901" namespace="0x01a40000" />
        <service id="0x0fed" sid="4077" name="NAT GEO" type="1" provider="Digital Platform" onid="42" tsid="40901" namespace="0x01a40000" />
        <service id="0x0fee" sid="4078" name="National Geographic WILD" type="1" provider="Digital Platform" onid="42" tsid="40901" namespace="0x01a40000" />
      </transponder>
    </satellite>
    <satellite key="01a40000:a02a:042e" name="Turksat-42.0E" namespace="0x01a40000" position="42">
      <transponder key="01a40000:a02a:042e" frequency="12095000" symbol_rate="4800000" polarization="H" fec="4" system="0" modulation="0">
        <service id="0x2cec" sid="11500" name="KANAL 7" type="1" provider="KANAL 7" onid="1070" tsid="41002" namespace="0x01a40000" />
        <service id="0x2cee" sid="11502" name="TVT" type="1" provider="TVT" onid="1070" tsid="41002" namespace="0x01a40000" />
        <service id="0x2ced" sid="11501" name="RADYO 7" type="2" provider="KANAL 7" onid="1070" tsid="41002" namespace="0x01a40000" radio="1" />
      </transponder>
    </satellite>
    <satellite key="01a40000:a155:042e" name="Turksat-42.0E" namespace="0x01a40000" position="42">
      <transponder key="01a40000:a155:042e" frequency="12213000" symbol_rate="5833000" polarization="V" fec="2" system="0" modulation="0">
        <service id="0x30d4" sid="12500" name="TVNET HD" type="1" provider="TVNET" onid="1070" tsid="41301" namespace="0x01a40000" />
      </transponder>
    </satellite>
    <satellite key="01a40000:a156:042e" name="Turksat-42.0E" namespace="0x01a40000" position="42">
      <transponder key="01a40000:a156:042e" frequency="12228000" symbol_rate="8400000" polarization="V" fec="4" system="0" modulation="0">
        <service id="0x0c43" sid="3139" name="TGRT BELGESEL" type="1" provider="Service Provider" onid="1070" tsid="41302" namespace="0x01a40000" />
        <service id="0x313a" sid="12602" name="TGRT EU" type="1" provider="Service Provider" onid="1070" tsid="41302" namespace="0x01a40000" />
        <service id="0x0c42" sid="3138" name="TGRT HABER" type="1" provider="TGRT HABER" onid="1070" tsid="41302" namespace="0x01a40000" />
        <service id="0x313c" sid="12604" name="TINT" type="1" provider="Service Provider" onid="1070" tsid="41302" namespace="0x01a40000" />
        <service id="0x313b" sid="12603" name="TGRT FM" type="2" provider="TGRT HABER" onid="1070" tsid="41302" namespace="0x01a40000" radio="1" />
      </transponder>
    </satellite>
    <satellite key="01a40000:a157:042e" name="Turksat-42.0E" namespace="0x01a40000" position="42">
      <transponder key="01a40000:a157:042e" frequency="12236000" symbol_rate="4000000" polarization="V" fec="4" system="0" modulation="0">
        <service id="0x2db4" sid="11700" name="KANAL 7 AVRUPA" type="1" provider="KANAL 7 AVRUPA" onid="1070" tsid="41303" namespace="0x01a40000" />
        <service id="0x2db5" sid="11701" name="ULKE TV" type="1" provider="ULKE TV" onid="1070" tsid="41303" namespace="0x01a40000" />
        <service id="0x2db7" sid="11703" name="RADYO 7" type="2" provider="KANAL 7 AVRUPA" onid="1070" tsid="41303" namespace="0x01a40000" radio="1" />
      </transponder>
    </satellite>
    <satellite key="01a40000:a158:042e" name="Turksat-42.0E" namespace="0x01a40000" position="42">
      <transponder key="01a40000:a158:042e" frequency="12220000" symbol_rate="4800000" polarization="V" fec="4" system="0" modulation="0">
        <service id="0x38a4" sid="14500" name="TVNET" type="1" provider="TVNET" onid="1070" tsid="41304" namespace="0x01a40000" />
        <service id="0x38a5" sid="14501" name="TVNET RADYO" type="2" provider="TVNET" onid="1070" tsid="41304" namespace="0x01a40000" radio="1" />
      </transponder>
    </satellite>
    <satellite key="01a40000:a1ba:042e" name="Turksat-42.0E" namespace="0x01a40000" position="42">
      <transponder key="01a40000:a1ba:042e" frequency="12219000" symbol_rate="6500000" polarization="H" fec="3" system="0" modulation="0">
        <service id="0x2b5c" sid="11100" name="SHOW TV" type="1" provider="SHOW TV" onid="1070" tsid="41402" namespace="0x01a40000" />
      </transponder>
    </satellite>
    <satellite key="01a40000:a21d:042e" name="Turksat-42.0E" namespace="0x01a40000" position="42">
      <transponder key="01a40000:a21d:042e" frequency="12265000" symbol_rate="27500000" polarization="V" fec="4" system="0" modulation="0">
        <service id="0x0f4d" sid="3917" name="BRTV B KRDNIZ" type="1" provider="GUC TELEKOM MEDYA" onid="1070" tsid="41501" namespace="0x01a40000" />
        <service id="0x0f4c" sid="3916" name="BURSA TV" type="1" provider="GUC TELEKOM MEDYA" onid="1070" tsid="41501" namespace="0x01a40000" />
        <service id="0x0f47" sid="3911" name="DEHA TV" type="1" provider="GUC TELEKOM MEDYA" onid="1070" tsid="41501" namespace="0x01a40000" />
        <service id="0x0f4a" sid="3914" name="ER TV" type="1" provider="GUC TELEKOM MEDYA" onid="1070" tsid="41501" namespace="0x01a40000" />
        <service id="0x391c" sid="14620" name="GAZIANTEP OLAY TV" type="1" provider="GUC TELEKOM MEDYA" onid="1070" tsid="41501" namespace="0x01a40000" />
        <service id="0x0f46" sid="3910" name="GUNAYDIN TV" type="1" provider="GUC TELEKOM MEDYA" onid="1070" tsid="41501" namespace="0x01a40000" />
        <service id="0x391e" sid="14622" name="KANAL 15" type="1" provider="GUC TELEKOM MEDYA" onid="1070" tsid="41501" namespace="0x01a40000" />
        <service id="0x391d" sid="14621" name="KANAL 23" type="1" provider="GUC TELEKOM MEDYA" onid="1070" tsid="41501" namespace="0x01a40000" />
        <service id="0x390e" sid="14606" name="KANAL 26" type="1" provider="GUC TELEKOM MEDYA" onid="1070" tsid="41501" namespace="0x01a40000" />
        <service id="0x0f4e" sid="3918" name="KANAL 68" type="1" provider="GUC TELEKOM MEDYA" onid="1070" tsid="41501" namespace="0x01a40000" />
        <service id="0x0f45" sid="3909" name="KANAL V" type="1" provider="GUC TELEKOM MEDYA" onid="1070" tsid="41501" namespace="0x01a40000" />
        <service id="0x390d" sid="14605" name="KENT TURK" type="1" provider="GUC TELEKOM MEDYA" onid="1070" tsid="41501" namespace="0x01a40000" />
        <service id="0x391a" sid="14618" name="MAVI KARADENIZ" type="1" provider="GUC TELEKOM MEDYA" onid="1070" tsid="41501" namespace="0x01a40000" />
        <service id="0x0f4b" sid="3915" name="MERCAN TV" type="1" provider="GUC TELEKOM MEDYA" onid="1070" tsid="41501" namespace="0x01a40000" />
        <service id="0x0f44" sid="3908" name="METRO RTV" type="1" provider="GUC TELEKOM MEDYA" onid="1070" tsid="41501" namespace="0x01a40000" />
        <service id="0x391b" sid="14619" name="OSMANIYE ORT TV" type="1" provider="GUC TELEKOM MEDYA" onid="1070" tsid="41501" namespace="0x01a40000" />
        <service id="0x390a" sid="14602" name="POWER HD" type="25" provider="GUC TELEKOM MEDYA" onid="1070" tsid="41501" namespace="0x01a40000" />
        <service id="0x390b" sid="14603" name="POWERTURK HD" type="25" provider="GUC TELEKOM MEDYA" onid="1070" tsid="41501" namespace="0x01a40000" />
        <service id="0x390f" sid="14607" name="TEK RUMELI TV" type="1" provider="GUC TELEKOM MEDYA" onid="1070" tsid="41501" namespace="0x01a40000" />
        <service id="0x0f59" sid="3929" name="TON TV" type="1" provider="GUC TELEKOM MEDYA" onid="1070" tsid="41501" namespace="0x01a40000" />
        <service id="0x0f48" sid="3912" name="TURKIYEM TV" type="1" provider="GUC TELEKOM MEDYA" onid="1070" tsid="41501" namespace="0x01a40000" />
        <service id="0x0f4f" sid="3919" name="TV 41" type="1" provider="GUC TELEKOM MEDYA" onid="1070" tsid="41501" namespace="0x01a40000" />
        <service id="0x390c" sid="14604" name="TV A" type="1" provider="GUC TELEKOM MEDYA" onid="1070" tsid="41501" namespace="0x01a40000" />
        <service id="0x0f49" sid="3913" name="TVDEN" type="1" provider="GUC TELEKOM MEDYA" onid="1070" tsid="41501" namespace="0x01a40000" />
        <service id="0x391f" sid="14623" name="POWER FM" type="2" provider="GUC TELEKOM MEDYA" onid="1070" tsid="41501" namespace="0x01a40000" radio="1" />
        <service id="0x0f51" sid="3921" name="POWER LOVE FM" type="2" provider="GUC TELEKOM MEDYA" onid="1070" tsid="41501" namespace="0x01a40000" radio="1" />
        <service id="0x0f52" sid="3922" name="POWER POP" type="2" provider="GUC TELEKOM MEDYA" onid="1070" tsid="41501" namespace="0x01a40000" radio="1" />
        <service id="0x0f50" sid="3920" name="POWERTURK FM" type="2" provider="GUC TELEKOM MEDYA" onid="1070" tsid="41501" namespace="0x01a40000" radio="1" />
        <service id="0x0f54" sid="3924" name="PRD2" type="2" provider="GUC TELEKOM MEDYA" onid="1070" tsid="41501" namespace="0x01a40000" radio="1" />
        <service id="0x0f55" sid="3925" name="PRD3" type="2" provider="GUC TELEKOM MEDYA" onid="1070" tsid="41501" namespace="0x01a40000" radio="1" />
        <service id="0x0f56" sid="3926" name="PRD4" type="2" provider="GUC TELEKOM MEDYA" onid="1070" tsid="41501" namespace="0x01a40000" radio="1" />
        <service id="0x0f53" sid="3923" name="RADYO FENOMEN" type="2" provider="GUC TELEKOM MEDYA" onid="1070" tsid="41501" namespace="0x01a40000" radio="1" />
      </transponder>
    </satellite>
    <satellite key="01a40000:a2e6:042e" name="Turksat-42.0E" namespace="0x01a40000" position="42">
      <transponder key="01a40000:a2e6:042e" frequency="12298000" symbol_rate="4800000" polarization="V" fec="4" system="0" modulation="0">
        <service id="0x40d8" sid="16600" name="24" type="1" provider="TURKMEDYA" onid="1070" tsid="41702" namespace="0x01a40000" />
        <service id="0x40d9" sid="16601" name="360" type="1" provider="TURKMEDYA" onid="1070" tsid="41702" namespace="0x01a40000" />
        <service id="0x40da" sid="16602" name="ALEM FM" type="2" provider="TURKMEDYA" onid="1070" tsid="41702" namespace="0x01a40000" radio="1" />
        <service id="0x40db" sid="16603" name="LIG RADYO" type="2" provider="TURKMEDYA" onid="1070" tsid="41702" namespace="0x01a40000" radio="1" />
        <service id="0x40dd" sid="16605" name="RADYO ABC" type="2" provider="TURKMEDYA" onid="1070" tsid="41702" namespace="0x01a40000" radio="1" />
        <service id="0x40dc" sid="16604" name="TEK.KOOR." type="2" provider="TURKMEDYA" onid="1070" tsid="41702" namespace="0x01a40000" radio="1" />
      </transponder>
    </satellite>
    <satellite key="01a40000:a2e7:042e" name="Turksat-42.0E" namespace="0x01a40000" position="42">
      <transponder key="01a40000:a2e7:042e" frequency="12311000" symbol_rate="15000000" polarization="V" fec="3" system="0" modulation="0">
        <service id="0x413c" sid="16700" name="24 HD" type="1" provider="TURK MEDYA" onid="1070" tsid="41703" namespace="0x01a40000" />
        <service id="0x413d" sid="16701" name="360 HD" type="1" provider="TURK MEDYA" onid="1070" tsid="41703" namespace="0x01a40000" />
        <service id="0x413e" sid="16702" name="TV 4 HD" type="1" provider="TURK MEDYA" onid="1070" tsid="41703" namespace="0x01a40000" />
      </transponder>
    </satellite>
    <satellite key="01a40000:a3ad:042e" name="Turksat-42.0E" namespace="0x01a40000" position="42">
      <transponder key="01a40000:a3ad:042e" frequency="12345000" symbol_rate="30000000" polarization="V" fec="3" system="0" modulation="0">
        <service id="0xc611" sid="50705" name="ALTAS TV" type="1" provider="TURKSAT" onid="1070" tsid="41901" namespace="0x01a40000" />
        <service id="0xc60c" sid="50700" name="BERAT TV" type="1" provider="TURKSAT" onid="1070" tsid="41901" namespace="0x01a40000" />
        <service id="0xc60d" sid="50701" name="FB TV" type="1" provider="TURKSAT" onid="1070" tsid="41901" namespace="0x01a40000" />
        <service id="0xc616" sid="50710" name="KANAL 42" type="1" provider="TURKSAT" onid="1070" tsid="41901" namespace="0x01a40000" />
        <service id="0xc615" sid="50709" name="YILDIZ EN" type="1" provider="TURKSAT" onid="1070" tsid="41901" namespace="0x01a40000" />
        <service id="0xc61e" sid="50718" name="42EN FM" type="2" provider="TURKSAT" onid="1070" tsid="41901" namespace="0x01a40000" radio="1" />
        <service id="0xc61a" sid="50714" name="BAYRAM FM" type="2" provider="TURKSAT" onid="1070" tsid="41901" namespace="0x01a40000" radio="1" />
        <service id="0xc621" sid="50721" name="RADYO 2000" type="2" provider="TURKSAT" onid="1070" tsid="41901" namespace="0x01a40000" radio="1" />
      </transponder>
    </satellite>
    <satellite key="01a40000:a3ae:042e" name="Turksat-42.0E" namespace="0x01a40000" position="42">
      <transponder key="01a40000:a3ae:042e" frequency="12380000" symbol_rate="27500000" polarization="V" fec="3" system="0" modulation="0">
        <service id="0xc806" sid="51206" name="BEREKET AGRI" type="1" provider="TURKSAT" onid="1070" tsid="41902" namespace="0x01a40000" />
        <service id="0xc800" sid="51200" name="BEYAZ TV" type="1" provider="TURKSAT" onid="1070" tsid="41902" namespace="0x01a40000" />
        <service id="0xc801" sid="51201" name="BEYAZ TV HD" type="1" provider="TURKSAT" onid="1070" tsid="41902" namespace="0x01a40000" />
        <service id="0xc803" sid="51203" name="DIYANET TV HD" type="25" provider="TURKSAT" onid="1070" tsid="41902" namespace="0x01a40000" />
        <service id="0xc804" sid="51204" name="MEGA SUARE" type="1" provider="TURKSAT" onid="1070" tsid="41902" namespace="0x01a40000" />
        <service id="0xc80c" sid="51212" name="DIYANET RADYO" type="2" provider="TURKSAT" onid="1070" tsid="41902" namespace="0x01a40000" radio="1" />
        <service id="0xc80e" sid="51214" name="KUR AN RADYO" type="2" provider="TURKSAT" onid="1070" tsid="41902" namespace="0x01a40000" radio="1" />
        <service id="0xc810" sid="51216" name="RISALET RADYO" type="2" provider="TURKSAT" onid="1070" tsid="41902" namespace="0x01a40000" radio="1" />
      </transponder>
    </satellite>
    <satellite key="01a40000:a475:042e" name="Turksat-42.0E" namespace="0x01a40000" position="42">
      <transponder key="01a40000:a475:042e" frequency="12422000" symbol_rate="27500000" polarization="V" fec="3" system="0" modulation="0">
        <service id="0xc3b5" sid="50101" name="BENGUTURK" type="1" provider="TURKSAT" onid="1070" tsid="42101" namespace="0x01a40000" />
        <service id="0xc3b6" sid="50102" name="ERT SAH TV" type="1" provider="TURKSAT" onid="1070" tsid="42101" namespace="0x01a40000" />
        <service id="0xc3be" sid="50110" name="GONCA TV" type="1" provider="TURKSAT" onid="1070" tsid="42101" namespace="0x01a40000" />
        <service id="0xc3b4" sid="50100" name="HALK TV" type="1" provider="TURKSAT" onid="1070" tsid="42101" namespace="0x01a40000" />
        <service id="0xc3bc" sid="50108" name="KACKAR YILDIZ" type="1" provider="TURKSAT" onid="1070" tsid="42101" namespace="0x01a40000" />
        <service id="0xc3bd" sid="50109" name="KANAL TEK" type="1" provider="TURKSAT" onid="1070" tsid="42101" namespace="0x01a40000" />
        <service id="0xc3b7" sid="50103" name="KON TV" type="1" provider="TURKSAT" onid="1070" tsid="42101" namespace="0x01a40000" />
        <service id="0xc3bb" sid="50107" name="TV 52" type="1" provider="TURKSAT" onid="1070" tsid="42101" namespace="0x01a40000" />
        <service id="0xc3c2" sid="50114" name="ERT24 FM" type="2" provider="TURKSAT" onid="1070" tsid="42101" namespace="0x01a40000" radio="1" />
        <service id="0xc3c5" sid="50117" name="RIBAT FM" type="2" provider="TURKSAT" onid="1070" tsid="42101" namespace="0x01a40000" radio="1" />
        <service id="0xc3c6" sid="50118" name="T KACKAR" type="2" provider="TURKSAT" onid="1070" tsid="42101" namespace="0x01a40000" radio="1" />
        <service id="0xc3c7" sid="50119" name="VIZYON TURK" type="2" provider="TURKSAT" onid="1070" tsid="42101" namespace="0x01a40000" radio="1" />
      </transponder>
    </satellite>
    <satellite key="01a40000:a476:042e" name="Turksat-42.0E" namespace="0x01a40000" position="42">
      <transponder key="01a40000:a476:042e" frequency="12458000" symbol_rate="30000000" polarization="V" fec="3" system="0" modulation="0">
        <service id="0xc47f" sid="50303" name="4 EYLUL TV" type="1" provider="TURKSAT" onid="1070" tsid="42102" namespace="0x01a40000" />
        <service id="0xc484" sid="50308" name="ALJAZEERA CHANNEL" type="1" provider="TURKSAT" onid="1070" tsid="42102" namespace="0x01a40000" />
        <service id="0xc483" sid="50307" name="ALJAZEERA INTERNATIONAL" type="1" provider="TURKSAT" onid="1070" tsid="42102" namespace="0x01a40000" />
        <service id="0xc47e" sid="50302" name="BEREKET TV" type="1" provider="TURKSAT" onid="1070" tsid="42102" namespace="0x01a40000" />
      </transponder>
    </satellite>
    <satellite key="01a40000:a4d9:042e" name="Turksat-42.0E" namespace="0x01a40000" position="42">
      <transponder key="01a40000:a4d9:042e" frequency="12422000" symbol_rate="30000000" polarization="H" fec="3" system="0" modulation="0">
        <service id="0xc41b" sid="50203" name="BERAT TV" type="1" provider="TURKSAT" onid="1070" tsid="42201" namespace="0x01a40000" />
        <service id="0xc418" sid="50200" name="DISNEY CHANNEL" type="1" provider="TURKSAT" onid="1070" tsid="42201" namespace="0x01a40000" />
        <service id="0xc41c" sid="50204" name="DIYANET TV" type="1" provider="TURKSAT" onid="1070" tsid="42201" namespace="0x01a40000" />
        <service id="0xc420" sid="50208" name="LALEGUL" type="1" provider="TURKSAT" onid="1070" tsid="42201" namespace="0x01a40000" />
        <service id="0xc41d" sid="50205" name="TRT AVAZ" type="25" provider="TURKSAT" onid="1070" tsid="42201" namespace="0x01a40000" />
        <service id="0xc42f" sid="50223" name="LALEGUL FM" type="2" provider="TURKSAT" onid="1070" tsid="42201" namespace="0x01a40000" radio="1" />
        <service id="0xc427" sid="50215" name="POLIS RADYOSU" type="2" provider="TURKSAT" onid="1070" tsid="42201" namespace="0x01a40000" radio="1" />
      </transponder>
    </satellite>
    <satellite key="01a40000:a8c3:042e" name="Turksat-42.0E" namespace="0x01a40000" position="42">
      <transponder key="01a40000:a8c3:042e" frequency="11793000" symbol_rate="27500000" polarization="H" fec="3" system="0" modulation="0">
        <service id="0x3e8a" sid="16010" name="DA VINCI LEARNING HD" type="25" provider="TTNET" onid="1070" tsid="43203" namespace="0x01a40000" />
        <service id="0x3e89" sid="16009" name="ENGLISH CLUB HD" type="25" provider="TTNET" onid="1070" tsid="43203" namespace="0x01a40000" />
        <service id="0x3e8d" sid="16013" name="SİNEMA 1001" type="25" provider="TTNET" onid="1070" tsid="43203" namespace="0x01a40000" />
        <service id="0x3e8e" sid="16014" name="SİNEMA 1002" type="25" provider="TTNET" onid="1070" tsid="43203" namespace="0x01a40000" />
        <service id="0x3e87" sid="16007" name="SİNEMA AİLE" type="25" provider="TTNET" onid="1070" tsid="43203" namespace="0x01a40000" />
        <service id="0x3e88" sid="16008" name="SİNEMA AİLE 2" type="25" provider="TTNET" onid="1070" tsid="43203" namespace="0x01a40000" />
        <service id="0x3e85" sid="16005" name="SİNEMA AKSİYON 2" type="25" provider="TTNET" onid="1070" tsid="43203" namespace="0x01a40000" />
        <service id="0x3e8b" sid="16011" name="SİNEMA KOMEDİ" type="25" provider="TTNET" onid="1070" tsid="43203" namespace="0x01a40000" />
        <service id="0x3e8c" sid="16012" name="SİNEMA KOMEDİ 2" type="25" provider="TTNET" onid="1070" tsid="43203" namespace="0x01a40000" />
        <service id="0x3e8f" sid="16015" name="SİNEMA YERLİ" type="25" provider="TTNET" onid="1070" tsid="43203" namespace="0x01a40000" />
      </transponder>
    </satellite>
    <satellite key="01a40000:a926:042e" name="Turksat-42.0E" namespace="0x01a40000" position="42">
      <transponder key="01a40000:a926:042e" frequency="11855000" symbol_rate="30000000" polarization="V" fec="3" system="0" modulation="0">
        <service id="0xca01" sid="51713" name="KABLO INFO HD" type="25" provider="TURKSAT" onid="1070" tsid="43302" namespace="0x01a40000" />
        <service id="0xc9fe" sid="51710" name="MEGA SUARE" type="1" provider="TURKSAT" onid="1070" tsid="43302" namespace="0x01a40000" />
        <service id="0xca02" sid="51714" name="TURKSAT TANITIM" type="1" provider="TURKSAT" onid="1070" tsid="43302" namespace="0x01a40000" />
        <service id="0xc9f6" sid="51702" name="WORLD BEAUTY CHANNEL" type="1" provider="TURKSAT" onid="1070" tsid="43302" namespace="0x01a40000" />
        <service id="0xca06" sid="51718" name="KARADENIZ FM" type="2" provider="TURKSAT" onid="1070" tsid="43302" namespace="0x01a40000" radio="1" />
      </transponder>
    </satellite>
    <satellite key="01a40000:a927:042e" name="Turksat-42.0E" namespace="0x01a40000" position="42">
      <transponder key="01a40000:a927:042e" frequency="11824000" symbol_rate="8001000" polarization="V" fec="3" system="0" modulation="0">
        <service id="0x37de" sid="14302" name="FUL TV" type="1" provider="GUC TELEKOM MEDYA" onid="1070" tsid="43303" namespace="0x01a40000" />
        <service id="0x37dc" sid="14300" name="POWER TV" type="1" provider="GUC TELEKOM MEDYA" onid="1070" tsid="43303" namespace="0x01a40000" />
        <service id="0x37dd" sid="14301" name="SAT7 TURK" type="1" provider="GUC TELEKOM MEDYA" onid="1070" tsid="43303" namespace="0x01a40000" />
        <service id="0x37e0" sid="14304" name="SUN RTV" type="1" provider="GUC TELEKOM MEDYA" onid="1070" tsid="43303" namespace="0x01a40000" />
        <service id="0x37e1" sid="14305" name="TV35" type="1" provider="GUC TELEKOM MEDYA" onid="1070" tsid="43303" namespace="0x01a40000" />
        <service id="0x37e7" sid="14311" name="VIZYON 58" type="1" provider="GUC TELEKOM MEDYA" onid="1070" tsid="43303" namespace="0x01a40000" />
        <service id="0x37df" sid="14303" name="YASAM TV" type="1" provider="GUC TELEKOM MEDYA" onid="1070" tsid="43303" namespace="0x01a40000" />
        <service id="0x37e4" sid="14308" name="POWER FM" type="2" provider="GUC TELEKOM MEDYA" onid="1070" tsid="43303" namespace="0x01a40000" radio="1" />
        <service id="0x37e6" sid="14310" name="PRD10" type="2" provider="GUC TELEKOM MEDYA" onid="1070" tsid="43303" namespace="0x01a40000" radio="1" />
        <service id="0x37e2" sid="14306" name="PRD7" type="2" provider="GUC TELEKOM MEDYA" onid="1070" tsid="43303" namespace="0x01a40000" radio="1" />
        <service id="0x37e3" sid="14307" name="PRD8" type="2" provider="GUC TELEKOM MEDYA" onid="1070" tsid="43303" namespace="0x01a40000" radio="1" />
        <service id="0x37e5" sid="14309" name="PRD9" type="2" provider="GUC TELEKOM MEDYA" onid="1070" tsid="43303" namespace="0x01a40000" radio="1" />
      </transponder>
    </satellite>
    <satellite key="01a40000:c5a8:002a" name="Turksat-42.0E" namespace="0x01a40000" position="42">
      <transponder key="01a40000:c5a8:002a" frequency="11676000" symbol_rate="24444000" polarization="V" fec="3" system="0" modulation="0">
        <service id="0x0e99" sid="3737" name="beIN HD" type="1" provider="Digital Platform" onid="42" tsid="50600" namespace="0x01a40000" />
        <service id="0x371a" sid="14106" name="beIN İZ" type="1" provider="Digital Platform" onid="42" tsid="50600" namespace="0x01a40000" />
        <service id="0x0e93" sid="3731" name="beIN MOVIES FAMILY" type="1" provider="Digital Platform" onid="42" tsid="50600" namespace="0x01a40000" />
        <service id="0x372e" sid="14126" name="beIN MOVIES STARS" type="1" provider="Digital Platform" onid="42" tsid="50600" namespace="0x01a40000" />
        <service id="0x372b" sid="14123" name="beIN SPORTS 4" type="1" provider="Digital Platform" onid="42" tsid="50600" namespace="0x01a40000" />
        <service id="0x0e8d" sid="3725" name="beIN SPORTS HD 1" type="1" provider="Digital Platform" onid="42" tsid="50600" namespace="0x01a40000" />
        <service id="0x373c" sid="14140" name="beIN SPORTS HD 1" type="1" provider="Digital Platform" onid="42" tsid="50600" namespace="0x01a40000" />
        <service id="0x0e95" sid="3733" name="BJK TV" type="1" provider="Digital Platform" onid="42" tsid="50600" namespace="0x01a40000" />
        <service id="0x0e94" sid="3732" name="GS TV" type="1" provider="Digital Platform" onid="42" tsid="50600" namespace="0x01a40000" />
        <service id="0x0e9b" sid="3739" name="TİCARİ beIN SPORTS 4" type="1" provider="Digital Platform" onid="42" tsid="50600" namespace="0x01a40000" />
        <service id="0x373e" sid="14142" name="TİCARİ beIN SPORTS HD 1" type="1" provider="Digital Platform" onid="42" tsid="50600" namespace="0x01a40000" />
      </transponder>
    </satellite>
    <satellite key="01a42ae5:0001:ffff" name="Turksat-42.0E" namespace="0x01a42ae5" position="42">
      <transponder key="01a42ae5:0001:ffff" frequency="10981000" symbol_rate="1666000" polarization="H" fec="2" system="0" modulation="0">
        <service id="0x0007" sid="7" name="JOY FM" type="2" provider="KARNAVAL" onid="65535" tsid="1" namespace="0x01a42ae5" radio="1" />
        <service id="0x0005" sid="5" name="JOY TURK" type="2" provider="KARNAVAL" onid="65535" tsid="1" namespace="0x01a42ae5" radio="1" />
        <service id="0x0003" sid="3" name="METRO FM" type="2" provider="KARNAVAL" onid="65535" tsid="1" namespace="0x01a42ae5" radio="1" />
        <service id="0x0004" sid="4" name="SUPER FM" type="2" provider="KARNAVAL" onid="65535" tsid="1" namespace="0x01a42ae5" radio="1" />
        <service id="0x0006" sid="6" name="VIRGIN RADIO" type="2" provider="KARNAVAL" onid="65535" tsid="1" namespace="0x01a42ae5" radio="1" />
      </transponder>
    </satellite>
    <satellite key="01a42b0d:00b0:00b1" name="Turksat-42.0E" namespace="0x01a42b0d" position="42">
      <transponder key="01a42b0d:00b0:00b1" frequency="11021000" symbol_rate="2220000" polarization="H" fec="3" system="0" modulation="0">
        <service id="0x0001" sid="1" name="ELTR" type="1" provider="Scopus Network Technologies" onid="177" tsid="176" namespace="0x01a42b0d" />
      </transponder>
    </satellite>
    <satellite key="01a4aad3:0000:ff00" name="Turksat-42.0E" namespace="0x01a4aad3" position="42">
      <transponder key="01a4aad3:0000:ff00" frequency="10963000" symbol_rate="14166000" polarization="V" fec="4" system="0" modulation="0">
        <service id="0x000b" sid="11" name="ARAPCA" type="1" provider="" onid="65280" tsid="0" namespace="0x01a4aad3" />
        <service id="0x000c" sid="12" name="COCUK" type="1" provider="" onid="65280" tsid="0" namespace="0x01a4aad3" />
        <service id="0x000d" sid="13" name="MUZIK" type="25" provider="TRT" onid="65280" tsid="0" namespace="0x01a4aad3" />
        <service id="0x001c" sid="28" name="SPOR" type="25" provider="TRT" onid="65280" tsid="0" namespace="0x01a4aad3" />
        <service id="0x296d" sid="10605" name="TRT WORLD" type="25" provider="TRT" onid="65280" tsid="0" namespace="0x01a4aad3" />
        <service id="0x0001" sid="1" name="TRT2" type="1" provider="TRT" onid="65280" tsid="0" namespace="0x01a4aad3" />
      </transponder>
    </satellite>
    <satellite key="01a4aee9:0001:ffff" name="Turksat-42.0E" namespace="0x01a4aee9" position="42">
      <transponder key="01a4aee9:0001:ffff" frequency="12009000" symbol_rate="4444000" polarization="V" fec="2" system="0" modulation="0">
        <service id="0x0001" sid="1" name="Turkmeneli HD" type="1" provider="Service Provider" onid="65535" tsid="1" namespace="0x01a4aee9" />
      </transponder>
    </satellite>
  </satellites>
</zapit>
