<?xml version='1.0' encoding='utf-8'?>
<zapit api="4">
  <satellites>
    <satellite key="02ad0000:0002:0049" name="Sat-68.5E" namespace="0x02ad0000" position="68.5">
      <transponder key="02ad0000:0002:0049" frequency="12722000" symbol_rate="26657000" polarization="V" fec="1" system="0" modulation="0">
        <service id="0x008a" sid="138" name="AGAPE" type="1" provider="SENTECH" onid="73" tsid="2" namespace="0x02ad0000" />
        <service id="0x00cf" sid="207" name="Champions TV Plus" type="1" provider="SENTECH" onid="73" tsid="2" namespace="0x02ad0000" />
        <service id="0x003b" sid="59" name="Christian Family TV" type="1" provider="SENTECH" onid="73" tsid="2" namespace="0x02ad0000" />
        <service id="0x00e0" sid="224" name="CLC TV" type="1" provider="SENTECH" onid="73" tsid="2" namespace="0x02ad0000" />
        <service id="0x00f0" sid="240" name="Commec Satellite" type="1" provider="Sentech" onid="73" tsid="2" namespace="0x02ad0000" />
        <service id="0x00e2" sid="226" name="Divine Touch TV" type="1" provider="Sentech" onid="73" tsid="2" namespace="0x02ad0000" />
        <service id="0x0039" sid="57" name="Fano TV" type="1" provider="Sentech" onid="73" tsid="2" namespace="0x02ad0000" />
        <service id="0x006a" sid="106" name="Free Indeed TV" type="1" provider="Sentech" onid="73" tsid="2" namespace="0x02ad0000" />
        <service id="0x007b" sid="123" name="GM TV" type="1" provider="Sentech" onid="73" tsid="2" namespace="0x02ad0000" />
        <service id="0x007d" sid="125" name="KLN" type="1" provider="SENTECH" onid="73" tsid="2" namespace="0x02ad0000" />
        <service id="0x0034" sid="52" name="Marima Fire TV" type="1" provider="Sentech" onid="73" tsid="2" namespace="0x02ad0000" />
        <service id="0x006d" sid="109" name="Mercy TV Plus" type="1" provider="SENTECH" onid="73" tsid="2" namespace="0x02ad0000" />
        <service id="0x0031" sid="49" name="Praise TV" type="1" provider="SENTECH" onid="73" tsid="2" namespace="0x02ad0000" />
        <service id="0x002d" sid="45" name="Prophetic" type="1" provider="Sentech" onid="73" tsid="2" namespace="0x02ad0000" />
        <service id="0x00e4" sid="228" name="RevivalLand TV" type="1" provider="Sentech" onid="73" tsid="2" namespace="0x02ad0000" />
        <service id="0x0035" sid="53" name="RTM TV" type="1" provider="Sentech" onid="73" tsid="2" namespace="0x02ad0000" />
        <service id="0x002a" sid="42" name="UBN" type="1" provider="UBN" onid="73" tsid="2" namespace="0x02ad0000" />
        <service id="0x005a" sid="90" name="Al Ansaar" type="2" provider="Sentech" onid="73" tsid="2" namespace="0x02ad0000" radio="1" />
        <service id="0x005d" sid="93" name="ChAfr" type="2" provider="ChAfr" onid="73" tsid="2" namespace="0x02ad0000" radio="1" />
        <service id="0x008d" sid="141" name="Cii" type="2" provider="Sentech" onid="73" tsid="2" namespace="0x02ad0000" radio="1" />
        <service id="0x008f" sid="143" name="Radio Islam" type="2" provider="Sentech" onid="73" tsid="2" namespace="0x02ad0000" radio="1" />
        <service id="0x008e" sid="142" name="Salaamedia" type="2" provider="Sentech" onid="73" tsid="2" namespace="0x02ad0000" radio="1" />
      </transponder>
    </satellite>
    <satellite key="02ad0000:0004:0001" name="Sat-68.5E" namespace="0x02ad0000" position="68.5">
      <transponder key="02ad0000:0004:0001" frequency="12682000" symbol_rate="27500000" polarization="H" fec="3" system="0" modulation="0">
        <service id="0x000b" sid="11" name="AVO TV" type="1" provider="ViewMedia" onid="1" tsid="4" namespace="0x02ad0000" />
        <service id="0x001e" sid="30" name="CVV" type="1" provider="ViewMedia" onid="1" tsid="4" namespace="0x02ad0000" />
        <service id="0x000c" sid="12" name="GOD TV New" type="1" provider="ViewMedia" onid="1" tsid="4" namespace="0x02ad0000" />
        <service id="0x001a" sid="26" name="IFILM English" type="1" provider="ViewMedia" onid="1" tsid="4" namespace="0x02ad0000" />
        <service id="0x000e" sid="14" name="Inspiration TV" type="1" provider="ViewMedia" onid="1" tsid="4" namespace="0x02ad0000" />
        <service id="0x0005" sid="5" name="KICC TV" type="1" provider="ViewMedia" onid="1" tsid="4" namespace="0x02ad0000" />
        <service id="0x000a" sid="10" name="MFM TV" type="1" provider="ViewMedia" onid="1" tsid="4" namespace="0x02ad0000" />
        <service id="0x0001" sid="1" name="Miracle TV" type="1" provider="ViewMedia" onid="1" tsid="4" namespace="0x02ad0000" />
        <service id="0x000f" sid="15" name="OMEGA" type="1" provider="ViewMedia" onid="1" tsid="4" namespace="0x02ad0000" />
        <service id="0x000d" sid="13" name="PRESS TV" type="1" provider="ViewMedia" onid="1" tsid="4" namespace="0x02ad0000" />
        <service id="0x0009" sid="9" name="Prophetikos TV" type="1" provider="ViewMedia" onid="1" tsid="4" namespace="0x02ad0000" />
        <service id="0x0002" sid="2" name="Sonlife" type="1" provider="ViewMedia" onid="1" tsid="4" namespace="0x02ad0000" />
        <service id="0x0003" sid="3" name="SpringsNetwork" type="1" provider="ViewMedia" onid="1" tsid="4" namespace="0x02ad0000" />
        <service id="0x0006" sid="6" name="TRUTH TV" type="1" provider="ViewMedia" onid="1" tsid="4" namespace="0x02ad0000" />
        <service id="0x0007" sid="7" name="ViewMedia Promo" type="1" provider="ViewMedia" onid="1" tsid="4" namespace="0x02ad0000" />
        <service id="0x0004" sid="4" name="IRIB 06 WORLD SERVICE" type="2" provider="ViewMedia" onid="1" tsid="4" namespace="0x02ad0000" radio="1" />
      </transponder>
    </satellite>
    <satellite key="02ad0000:0005:0001" name="Sat-68.5E" namespace="0x02ad0000" position="68.5">
      <transponder key="02ad0000:0005:0001" frequency="12574000" symbol_rate="9700000" polarization="V" fec="2" system="0" modulation="0">
        <service id="0x0003" sid="3" name="HC Africa" type="1" provider="MX1" onid="1" tsid="5" namespace="0x02ad0000" />
        <service id="0x0001" sid="1" name="HC International" type="1" provider="MX1" onid="1" tsid="5" namespace="0x02ad0000" />
        <service id="0x0004" sid="4" name="HC MorningStar" type="1" provider="MX1" onid="1" tsid="5" namespace="0x02ad0000" />
        <service id="0x0002" sid="2" name="HC Novo Tempo" type="1" provider="MX1" onid="1" tsid="5" namespace="0x02ad0000" />
        <service id="0x0007" sid="7" name="HC Tanzania" type="1" provider="MX1" onid="1" tsid="5" namespace="0x02ad0000" />
        <service id="0x0005" sid="5" name="HC Voice of Hope" type="1" provider="MX1" onid="1" tsid="5" namespace="0x02ad0000" />
        <service id="0x0009" sid="9" name="Malawi Adventist Radio" type="2" provider="MX1" onid="1" tsid="5" namespace="0x02ad0000" radio="1" />
        <service id="0x0006" sid="6" name="Maranatha" type="2" provider="MX1" onid="1" tsid="5" namespace="0x02ad0000" radio="1" />
      </transponder>
    </satellite>
    <satellite key="02ad0000:0005:0049" name="Sat-68.5E" namespace="0x02ad0000" position="68.5">
      <transponder key="02ad0000:0005:0049" frequency="12682000" symbol_rate="30000000" polarization="V" fec="2" system="0" modulation="0">
        <service id="0x00d8" sid="216" name="ATV" type="1" provider="SENTECH" onid="73" tsid="5" namespace="0x02ad0000" />
        <service id="0x004b" sid="75" name="Brother Fire TV Plus" type="1" provider="SENTECH" onid="73" tsid="5" namespace="0x02ad0000" />
        <service id="0x00cb" sid="203" name="Celebration TV" type="1" provider="SENTECH" onid="73" tsid="5" namespace="0x02ad0000" />
        <service id="0x00d7" sid="215" name="CELEBRATION TV Plus" type="1" provider="SENTECH" onid="73" tsid="5" namespace="0x02ad0000" />
        <service id="0x00da" sid="218" name="Charis TV" type="1" provider="SENTECH" onid="73" tsid="5" namespace="0x02ad0000" />
        <service id="0x00fa" sid="250" name="COMMEC Channel" type="1" provider="SENTECH" onid="73" tsid="5" namespace="0x02ad0000" />
        <service id="0x00d4" sid="212" name="DUNAMIS TV" type="1" provider="SENTECH" onid="73" tsid="5" namespace="0x02ad0000" />
        <service id="0x00db" sid="219" name="EAGLES TV" type="1" provider="SENTECH" onid="73" tsid="5" namespace="0x02ad0000" />
        <service id="0x00fe" sid="254" name="Ebira Unity TV" type="1" provider="Sentech" onid="73" tsid="5" namespace="0x02ad0000" />
        <service id="0x0042" sid="66" name="Encounter TV" type="1" provider="Sentech" onid="73" tsid="5" namespace="0x02ad0000" />
        <service id="0x00fd" sid="253" name="Eternal Life TV" type="1" provider="Sentech" onid="73" tsid="5" namespace="0x02ad0000" />
        <service id="0x00cd" sid="205" name="Evangel TV" type="1" provider="SENTECH" onid="73" tsid="5" namespace="0x02ad0000" />
        <service id="0x0032" sid="50" name="Favour TV" type="1" provider="Sentech" onid="73" tsid="5" namespace="0x02ad0000" />
        <service id="0x00d5" sid="213" name="Full Life TV" type="1" provider="SENTECH" onid="73" tsid="5" namespace="0x02ad0000" />
        <service id="0x0041" sid="65" name="Gehom TV" type="1" provider="Sentech" onid="73" tsid="5" namespace="0x02ad0000" />
        <service id="0x00dd" sid="221" name="GNF TV" type="1" provider="Sentech" onid="73" tsid="5" namespace="0x02ad0000" />
        <service id="0x00e1" sid="225" name="HALLELUJAH TV" type="1" provider="Sentech" onid="73" tsid="5" namespace="0x02ad0000" />
        <service id="0x0036" sid="54" name="Master's TV" type="1" provider="SENTECH" onid="73" tsid="5" namespace="0x02ad0000" />
        <service id="0x0033" sid="51" name="My Passion TV" type="1" provider="Sentech" onid="73" tsid="5" namespace="0x02ad0000" />
        <service id="0x0043" sid="67" name="New Breath" type="1" provider="Sentech" onid="73" tsid="5" namespace="0x02ad0000" />
        <service id="0x00de" sid="222" name="NEW JERUSALEM" type="1" provider="Sentech" onid="73" tsid="5" namespace="0x02ad0000" />
        <service id="0x00cc" sid="204" name="Number 1 TV" type="1" provider="Sentech" onid="73" tsid="5" namespace="0x02ad0000" />
        <service id="0x00d6" sid="214" name="Oracle TV" type="1" provider="SENTECH" onid="73" tsid="5" namespace="0x02ad0000" />
        <service id="0x0040" sid="64" name="Possibility TV" type="1" provider="Sentech" onid="73" tsid="5" namespace="0x02ad0000" />
        <service id="0x00dc" sid="220" name="Prophet Mafohla TV" type="1" provider="Sentech" onid="73" tsid="5" namespace="0x02ad0000" />
        <service id="0x00df" sid="223" name="Prophet Sbu Mokoena" type="1" provider="Sentech" onid="73" tsid="5" namespace="0x02ad0000" />
        <service id="0x007e" sid="126" name="Prophetic 24/7 TV" type="1" provider="Sentech" onid="73" tsid="5" namespace="0x02ad0000" />
        <service id="0x007f" sid="127" name="SHALOM TV" type="1" provider="Sentech" onid="73" tsid="5" namespace="0x02ad0000" />
        <service id="0x00fc" sid="252" name="Shekinah TV" type="1" provider="Sentech" onid="73" tsid="5" namespace="0x02ad0000" />
        <service id="0x00f1" sid="241" name="Temple TV" type="1" provider="SENTECH" onid="73" tsid="5" namespace="0x02ad0000" />
        <service id="0x002b" sid="43" name="TEST1" type="1" provider="SENTECH" onid="73" tsid="5" namespace="0x02ad0000" />
        <service id="0x006c" sid="108" name="TEST2" type="1" provider="SENTECH" onid="73" tsid="5" namespace="0x02ad0000" />
        <service id="0x0037" sid="55" name="TEST3" type="1" provider="SENTECH" onid="73" tsid="5" namespace="0x02ad0000" />
        <service id="0x00e3" sid="227" name="Uma Ukpai TV" type="1" provider="Sentech" onid="73" tsid="5" namespace="0x02ad0000" />
        <service id="0x00e7" sid="231" name="WRM TV" type="1" provider="SENTECH" onid="73" tsid="5" namespace="0x02ad0000" />
      </transponder>
    </satellite>
    <satellite key="02ad0000:0006:0049" name="Sat-68.5E" namespace="0x02ad0000" position="68.5">
      <transponder key="02ad0000:0006:0049" frequency="12522000" symbol_rate="27500000" polarization="V" fec="3" system="0" modulation="0">
        <service id="0xc57b" sid="50555" name="a'SPARETV" type="1" provider="PTM" onid="73" tsid="6" namespace="0x02ad0000" />
        <service id="0xc583" sid="50563" name="AMAZING DISCOVERY TV" type="1" provider="MX1" onid="73" tsid="6" namespace="0x02ad0000" />
        <service id="0xc577" sid="50551" name="AMI TV" type="1" provider="DTK-SATELIO" onid="73" tsid="6" namespace="0x02ad0000" />
        <service id="0xc670" sid="50800" name="ANGEL TV" type="1" provider="STN PLC" onid="73" tsid="6" namespace="0x02ad0000" />
        <service id="0xc587" sid="50567" name="CHRIST-TV" type="1" provider="PTM" onid="73" tsid="6" namespace="0x02ad0000" />
        <service id="0xc57f" sid="50559" name="DAYSTAR TV" type="1" provider="MX1" onid="73" tsid="6" namespace="0x02ad0000" />
        <service id="0xc585" sid="50565" name="EMMANUEL TV" type="1" provider="DTK-SATELIO" onid="73" tsid="6" namespace="0x02ad0000" />
        <service id="0xc582" sid="50562" name="EZEKIEL TV" type="1" provider="DTK-SATELIO" onid="73" tsid="6" namespace="0x02ad0000" />
        <service id="0xc671" sid="50801" name="NACTV" type="1" provider="PTM" onid="73" tsid="6" namespace="0x02ad0000" />
        <service id="0xc57a" sid="50554" name="RABBONI TV" type="1" provider="DTK-SATELIO" onid="73" tsid="6" namespace="0x02ad0000" />
        <service id="0xc576" sid="50550" name="SMTV" type="1" provider="iKO Media Group" onid="73" tsid="6" namespace="0x02ad0000" />
        <service id="0xc578" sid="50552" name="SPARE" type="1" provider="DTK-SATELIO" onid="73" tsid="6" namespace="0x02ad0000" />
        <service id="0xc579" sid="50553" name="SPARE" type="1" provider="DTK-SATELIO" onid="73" tsid="6" namespace="0x02ad0000" />
        <service id="0xc57d" sid="50557" name="SPARE" type="1" provider="iKO-Media" onid="73" tsid="6" namespace="0x02ad0000" />
        <service id="0xc586" sid="50566" name="SPARE" type="1" provider="DTK-SATELIO" onid="73" tsid="6" namespace="0x02ad0000" />
        <service id="0xc58c" sid="50572" name="TEST_DTK" type="1" provider="DTK-SATELIO" onid="73" tsid="6" namespace="0x02ad0000" />
        <service id="0xc591" sid="50577" name="MARKAZ SAHABA" type="2" provider="DTK-SATELIO" onid="73" tsid="6" namespace="0x02ad0000" radio="1" />
      </transponder>
    </satellite>
    <satellite key="02ad0000:001a:0014" name="Sat-68.5E" namespace="0x02ad0000" position="68.5">
      <transponder key="02ad0000:001a:0014" frequency="12522000" symbol_rate="30000000" polarization="H" fec="3" system="0" modulation="0">
        <service id="0x0001" sid="1" name="LIBERATION TV" type="1" provider="_" onid="20" tsid="26" namespace="0x02ad0000" />
      </transponder>
    </satellite>
    <satellite key="02ad0000:03e8:0049" name="Sat-68.5E" namespace="0x02ad0000" position="68.5">
      <transponder key="02ad0000:03e8:0049" frequency="12722000" symbol_rate="30000000" polarization="H" fec="1" system="0" modulation="0">
        <service id="0x032a" sid="810" name="AfricaXP Promo" type="1" provider="" onid="73" tsid="1000" namespace="0x02ad0000" />
        <service id="0x032c" sid="812" name="Afriwood Blockbuster" type="1" provider="" onid="73" tsid="1000" namespace="0x02ad0000" />
        <service id="0x032b" sid="811" name="Afriwood Series" type="1" provider="" onid="73" tsid="1000" namespace="0x02ad0000" />
        <service id="0x033a" sid="826" name="Bongo" type="1" provider="" onid="73" tsid="1000" namespace="0x02ad0000" />
        <service id="0x033b" sid="827" name="Cinema Hausa" type="1" provider="" onid="73" tsid="1000" namespace="0x02ad0000" />
        <service id="0x0099" sid="153" name="Diva" type="1" provider="" onid="73" tsid="1000" namespace="0x02ad0000" />
        <service id="0x0098" sid="152" name="Fight Night" type="1" provider="" onid="73" tsid="1000" namespace="0x02ad0000" />
        <service id="0x014c" sid="332" name="FreshTV" type="1" provider="" onid="73" tsid="1000" namespace="0x02ad0000" />
        <service id="0x0097" sid="151" name="Gospel Life" type="1" provider="" onid="73" tsid="1000" namespace="0x02ad0000" />
        <service id="0x032e" sid="814" name="Kiddiwinks" type="1" provider="" onid="73" tsid="1000" namespace="0x02ad0000" />
        <service id="0x014a" sid="330" name="LifeTV" type="1" provider="" onid="73" tsid="1000" namespace="0x02ad0000" />
        <service id="0x032f" sid="815" name="Limelight" type="1" provider="" onid="73" tsid="1000" namespace="0x02ad0000" />
        <service id="0x014f" sid="335" name="LOL" type="1" provider="" onid="73" tsid="1000" namespace="0x02ad0000" />
        <service id="0x015c" sid="348" name="Mindset" type="1" provider="" onid="73" tsid="1000" namespace="0x02ad0000" />
        <service id="0x0096" sid="150" name="Pulse" type="1" provider="" onid="73" tsid="1000" namespace="0x02ad0000" />
        <service id="0x032d" sid="813" name="Romanza" type="1" provider="" onid="73" tsid="1000" namespace="0x02ad0000" />
        <service id="0x014e" sid="334" name="RPM" type="1" provider="" onid="73" tsid="1000" namespace="0x02ad0000" />
        <service id="0x014d" sid="333" name="Sports Connect" type="1" provider="" onid="73" tsid="1000" namespace="0x02ad0000" />
        <service id="0x014b" sid="331" name="True African" type="1" provider="" onid="73" tsid="1000" namespace="0x02ad0000" />
      </transponder>
    </satellite>
    <satellite key="02ad2d0e:0001:ffff" name="Sat-68.5E" namespace="0x02ad2d0e" position="68.5">
      <transponder key="02ad2d0e:0001:ffff" frequency="11534000" symbol_rate="2500000" polarization="H" fec="0" system="0" modulation="0">
        <service id="0x0001" sid="1" name="Service-1" type="1" provider="Service Provider" onid="65535" tsid="1" namespace="0x02ad2d0e" />
      </transponder>
    </satellite>
    <satellite key="02ad3112:0001:0001" name="Sat-68.5E" namespace="0x02ad3112" position="68.5">
      <transponder key="02ad3112:0001:0001" frequency="12562000" symbol_rate="30000000" polarization="H" fec="4" system="0" modulation="0">
        <service id="0x001e" sid="30" name="ACNN TV" type="1" provider="ViewMedia" onid="1" tsid="1" namespace="0x02ad3112" />
        <service id="0x001a" sid="26" name="BCS StarCross TV" type="1" provider="ViewMedia" onid="1" tsid="1" namespace="0x02ad3112" />
        <service id="0x000c" sid="12" name="Caught Up TV Plus" type="1" provider="ViewMedia" onid="1" tsid="1" namespace="0x02ad3112" />
        <service id="0x000a" sid="10" name="Chosen TV" type="1" provider="ViewMedia" onid="1" tsid="1" namespace="0x02ad3112" />
        <service id="0x0006" sid="6" name="COZA TV" type="1" provider="ViewMedia" onid="1" tsid="1" namespace="0x02ad3112" />
        <service id="0x001d" sid="29" name="DBN TV" type="1" provider="Harmonic" onid="1" tsid="1" namespace="0x02ad3112" />
        <service id="0x0010" sid="16" name="Deep Life TV" type="1" provider="ViewMedia" onid="1" tsid="1" namespace="0x02ad3112" />
        <service id="0x0013" sid="19" name="DIVINE HAND TV" type="1" provider="ViewMedia" onid="1" tsid="1" namespace="0x02ad3112" />
        <service id="0x000b" sid="11" name="DOVE TV" type="1" provider="ViewMedia" onid="1" tsid="1" namespace="0x02ad3112" />
        <service id="0x0007" sid="7" name="Good Morning Miracle TV" type="1" provider="ViewMedia" onid="1" tsid="1" namespace="0x02ad3112" />
        <service id="0x0012" sid="18" name="GRACEHILL TV" type="1" provider="ViewMedia" onid="1" tsid="1" namespace="0x02ad3112" />
        <service id="0x0011" sid="17" name="Healing Jesus TV" type="1" provider="ViewMedia" onid="1" tsid="1" namespace="0x02ad3112" />
        <service id="0x0003" sid="3" name="Homebase TV" type="1" provider="ViewMedia" onid="1" tsid="1" namespace="0x02ad3112" />
        <service id="0x0001" sid="1" name="Hope Channel Network" type="1" provider="ViewMedia" onid="1" tsid="1" namespace="0x02ad3112" />
        <service id="0x001c" sid="28" name="Kairos TV" type="1" provider="ViewMedia" onid="1" tsid="1" namespace="0x02ad3112" />
        <service id="0x0002" sid="2" name="Life Center Network" type="1" provider="ViewMedia" onid="1" tsid="1" namespace="0x02ad3112" />
        <service id="0x0004" sid="4" name="LoveWorld SAT" type="1" provider="ViewMedia" onid="1" tsid="1" namespace="0x02ad3112" />
        <service id="0x000d" sid="13" name="MCTV Global 02" type="1" provider="ViewMedia" onid="1" tsid="1" namespace="0x02ad3112" />
        <service id="0x0005" sid="5" name="RLW TV" type="1" provider="ViewMedia" onid="1" tsid="1" namespace="0x02ad3112" />
        <service id="0x001f" sid="31" name="ROV TV" type="1" provider="ViewMedia" onid="1" tsid="1" namespace="0x02ad3112" />
        <service id="0x0009" sid="9" name="Salvation TV" type="1" provider="ViewMedia" onid="1" tsid="1" namespace="0x02ad3112" />
        <service id="0x001b" sid="27" name="SYNAGOGUE TV" type="1" provider="ViewMedia" onid="1" tsid="1" namespace="0x02ad3112" />
        <service id="0x0008" sid="8" name="The NOW Network (USA)" type="1" provider="ViewMedia" onid="1" tsid="1" namespace="0x02ad3112" />
        <service id="0x000e" sid="14" name="The Vine TV" type="1" provider="ViewMedia" onid="1" tsid="1" namespace="0x02ad3112" />
        <service id="0x000f" sid="15" name="WORLD OF PLENTY TV" type="1" provider="ViewMedia" onid="1" tsid="1" namespace="0x02ad3112" />
      </transponder>
    </satellite>
    <satellite key="02ad3153:0001:0001" name="Sat-68.5E" namespace="0x02ad3153" position="68.5">
      <transponder key="02ad3153:0001:0001" frequency="12627000" symbol_rate="1250000" polarization="H" fec="1" system="0" modulation="0">
        <service id="0x0001" sid="1" name="TRENET" type="22" provider="INTELSAT" onid="1" tsid="1" namespace="0x02ad3153" />
        <service id="0x0003" sid="3" name="Unnamed" type="22" provider="INTELSAT" onid="1" tsid="1" namespace="0x02ad3153" />
      </transponder>
    </satellite>
    <satellite key="02adb0ff:0001:0001" name="Sat-68.5E" namespace="0x02adb0ff" position="68.5">
      <transponder key="02adb0ff:0001:0001" frequency="12543000" symbol_rate="1600000" polarization="V" fec="7" system="0" modulation="0">
        <service id="0x0001" sid="1" name="YTV Botswana" type="1" provider="www.telemedia.co.za" onid="1" tsid="1" namespace="0x02adb0ff" />
        <service id="0x0002" sid="2" name="Gabz FM" type="2" provider="www.telemedia.co.za" onid="1" tsid="1" namespace="0x02adb0ff" radio="1" />
      </transponder>
    </satellite>
    <satellite key="02adb159:0001:0001" name="Sat-68.5E" namespace="0x02adb159" position="68.5">
      <transponder key="02adb159:0001:0001" frequency="12633000" symbol_rate="16166000" polarization="V" fec="4" system="0" modulation="0">
        <service id="0x0013" sid="19" name="Access TV" type="1" provider="DBS" onid="1" tsid="1" namespace="0x02adb159" />
        <service id="0x000e" sid="14" name="BTV Digital" type="1" provider="DBS" onid="1" tsid="1" namespace="0x02adb159" />
        <service id="0x001a" sid="26" name="BTV Mobile" type="1" provider="DBS" onid="1" tsid="1" namespace="0x02adb159" />
        <service id="0x0012" sid="18" name="BTV Test Channel" type="1" provider="DBS" onid="1" tsid="1" namespace="0x02adb159" />
        <service id="0x0011" sid="17" name="France24" type="1" provider="DBS" onid="1" tsid="1" namespace="0x02adb159" />
        <service id="0x0010" sid="16" name="KhudugaHD" type="1" provider="DBS" onid="1" tsid="1" namespace="0x02adb159" />
        <service id="0x000f" sid="15" name="NOW!" type="1" provider="DBS" onid="1" tsid="1" namespace="0x02adb159" />
      </transponder>
    </satellite>
    <satellite key="02adb170:0001:ffff" name="Sat-68.5E" namespace="0x02adb170" position="68.5">
      <transponder key="02adb170:0001:ffff" frequency="12656000" symbol_rate="4883000" polarization="V" fec="3" system="0" modulation="0">
        <service id="0x0001" sid="1" name="BTV ENC B" type="1" provider="TELEMEDIA" onid="65535" tsid="1" namespace="0x02adb170" />
      </transponder>
    </satellite>
  </satellites>
</zapit>
