<?xml version='1.0' encoding='utf-8'?>
<zapit api="4">
  <terrestrials>
    <terrestrial key="eeee0000:303e:217c" name="TELECUPOLE" namespace="0xeeee0000">
      <transponder key="eeee0000:303e:217c" frequency="642000000" symbol_rate="0" polarization="H" fec="5" system="0" modulation="4">
        <service id="0x0008" sid="8" name="RADIO FREJUS" type="1" provider="TELECUPOLE" onid="8572" tsid="12350" namespace="0xeeee0000" />
        <service id="0x000c" sid="12" name="RADIO G.R.P." type="1" provider="TELECUPOLE" onid="8572" tsid="12350" namespace="0xeeee0000" />
        <service id="0x0007" sid="7" name="RADIO MATER" type="1" provider="TELECUPOLE" onid="8572" tsid="12350" namespace="0xeeee0000" />
        <service id="0x0006" sid="6" name="RETE 7" type="1" provider="TELECUPOLE" onid="8572" tsid="12350" namespace="0xeeee0000" />
        <service id="0x0001" sid="1" name="Telecupole" type="1" provider="TELECUPOLE" onid="8572" tsid="12350" namespace="0xeeee0000" />
        <service id="0x0002" sid="2" name="Telecupole Music" type="1" provider="TELECUPOLE" onid="8572" tsid="12350" namespace="0xeeee0000" />
        <service id="0x0004" sid="4" name="Telecupole Story" type="1" provider="TELECUPOLE" onid="8572" tsid="12350" namespace="0xeeee0000" />
      </transponder>
    </terrestrial>
  </terrestrials>
</zapit>
