<?xml version='1.0' encoding='utf-8'?>
<zapit api="4">
  <satellites>
    <satellite key="00d70000:0005:0001" name="Sat-21.5E" namespace="0x00d70000" position="21.5">
      <transponder key="00d70000:0005:0001" frequency="11678000" symbol_rate="2850000" polarization="V" fec="5" system="0" modulation="0">
        <service id="0x0001" sid="1" name="Alarabiy Alhadath" type="1" provider="du" onid="1" tsid="5" namespace="0x00d70000" />
      </transponder>
    </satellite>
    <satellite key="00d70000:0041:0800" name="Sat-21.5E" namespace="0x00d70000" position="21.5">
      <transponder key="00d70000:0041:0800" frequency="11564000" symbol_rate="3333000" polarization="V" fec="4" system="0" modulation="0">
        <service id="0x0001" sid="1" name="MBC FEED HD" type="25" provider="" onid="2048" tsid="65" namespace="0x00d70000" />
      </transponder>
    </satellite>
    <satellite key="00d70000:0045:0800" name="Sat-21.5E" namespace="0x00d70000" position="21.5">
      <transponder key="00d70000:0045:0800" frequency="11559000" symbol_rate="5000000" polarization="V" fec="4" system="0" modulation="0">
        <service id="0x0001" sid="1" name="MBC Test1" type="1" provider="MBC" onid="2048" tsid="69" namespace="0x00d70000" />
        <service id="0x0002" sid="2" name="MBC Test2" type="1" provider="MBC" onid="2048" tsid="69" namespace="0x00d70000" />
      </transponder>
    </satellite>
    <satellite key="00d72cef:0001:0001" name="Sat-21.5E" namespace="0x00d72cef" position="21.5">
      <transponder key="00d72cef:0001:0001" frequency="11503000" symbol_rate="2900000" polarization="H" fec="3" system="0" modulation="0">
        <service id="0x1ee3" sid="7907" name="IP" type="1" provider="IRAN PRESS" onid="1" tsid="1" namespace="0x00d72cef" />
      </transponder>
    </satellite>
    <satellite key="00d72d00:0001:ffff" name="Sat-21.5E" namespace="0x00d72d00" position="21.5">
      <transponder key="00d72d00:0001:ffff" frequency="11520000" symbol_rate="2856000" polarization="H" fec="4" system="0" modulation="0">
        <service id="0x0001" sid="1" name="Service-1" type="1" provider="Service Provider" onid="65535" tsid="1" namespace="0x00d72d00" />
      </transponder>
    </satellite>
    <satellite key="00d72d39:0001:0001" name="Sat-21.5E" namespace="0x00d72d39" position="21.5">
      <transponder key="00d72d39:0001:0001" frequency="11577000" symbol_rate="512000" polarization="H" fec="2" system="0" modulation="0">
        <service id="0x03e8" sid="1000" name="Program 1000" type="2" provider="Qbit GmbH" onid="1" tsid="1" namespace="0x00d72d39" radio="1" />
        <service id="0x07d0" sid="2000" name="Program 2000" type="2" provider="Qbit GmbH" onid="1" tsid="1" namespace="0x00d72d39" radio="1" />
      </transponder>
    </satellite>
    <satellite key="00d72d4f:0001:0000" name="Sat-21.5E" namespace="0x00d72d4f" position="21.5">
      <transponder key="00d72d4f:0001:0000" frequency="11599000" symbol_rate="255000" polarization="H" fec="3" system="0" modulation="0">
        <service id="0x03e8" sid="1000" name="11599H SID 0x3e8" type="2" provider="DVB-S QPSK 11599H 21.5Â°E" onid="0" tsid="1" namespace="0x00d72d4f" radio="1" />
        <service id="0x07d0" sid="2000" name="11599H SID 0x7d0" type="2" provider="DVB-S QPSK 11599H 21.5Â°E" onid="0" tsid="1" namespace="0x00d72d4f" radio="1" />
      </transponder>
    </satellite>
    <satellite key="00d72d66:0001:ffff" name="Sat-21.5E" namespace="0x00d72d66" position="21.5">
      <transponder key="00d72d66:0001:ffff" frequency="11622000" symbol_rate="1250000" polarization="H" fec="3" system="0" modulation="0">
        <service id="0x0001" sid="1" name="Iman TV" type="1" provider="IDC" onid="65535" tsid="1" namespace="0x00d72d66" />
      </transponder>
    </satellite>
    <satellite key="00d7a9e3:0001:0001" name="Sat-21.5E" namespace="0x00d7a9e3" position="21.5">
      <transponder key="00d7a9e3:0001:0001" frequency="10723000" symbol_rate="32115000" polarization="V" fec="1" system="0" modulation="0">
        <service id="0x03ec" sid="1004" name="Animal Planet CAAC SD" type="22" provider="Warner Bros. Discovery" onid="1" tsid="1" namespace="0x00d7a9e3" />
        <service id="0x12c0" sid="4800" name="Cartoon Network Central Europe SD" type="22" provider="Warner Bros. Discovery" onid="1" tsid="1" namespace="0x00d7a9e3" />
        <service id="0x04aa" sid="1194" name="Cartoonito CEE SD" type="22" provider="Warner Bros. Discovery" onid="1" tsid="1" namespace="0x00d7a9e3" />
        <service id="0x0fa0" sid="4000" name="Discovery Central Europe SD" type="22" provider="Warner Bros. Discovery" onid="1" tsid="1" namespace="0x00d7a9e3" />
        <service id="0x11f8" sid="4600" name="Eurosport 1 NEE HD" type="25" provider="Warner Bros. Discovery" onid="1" tsid="1" namespace="0x00d7a9e3" />
        <service id="0x125c" sid="4700" name="Eurosport 2 NEE HD" type="25" provider="Warner Bros. Discovery" onid="1" tsid="1" namespace="0x00d7a9e3" />
        <service id="0x042c" sid="1068" name="ID CAAC SD" type="22" provider="Warner Bros. Discovery" onid="1" tsid="1" namespace="0x00d7a9e3" />
        <service id="0x10cc" sid="4300" name="TLC CAAC SD" type="22" provider="Warner Bros. Discovery" onid="1" tsid="1" namespace="0x00d7a9e3" />
      </transponder>
    </satellite>
    <satellite key="00d7aaa7:0002:0000" name="Sat-21.5E" namespace="0x00d7aaa7" position="21.5">
      <transponder key="00d7aaa7:0002:0000" frequency="10919000" symbol_rate="30000000" polarization="V" fec="1" system="0" modulation="0">
        <service id="0x002c" sid="44" name="AHTV-HD" type="1" provider="" onid="0" tsid="2" namespace="0x00d7aaa7" />
        <service id="0x0015" sid="21" name="CCTV1-HD" type="1" provider="" onid="0" tsid="2" namespace="0x00d7aaa7" />
        <service id="0x003c" sid="60" name="CCTV13-HD" type="1" provider="" onid="0" tsid="2" namespace="0x00d7aaa7" />
        <service id="0x0016" sid="22" name="CCTV2-HD" type="1" provider="" onid="0" tsid="2" namespace="0x00d7aaa7" />
        <service id="0x0017" sid="23" name="CCTV3-HD" type="1" provider="" onid="0" tsid="2" namespace="0x00d7aaa7" />
        <service id="0x0018" sid="24" name="CCTV4-HD" type="1" provider="" onid="0" tsid="2" namespace="0x00d7aaa7" />
        <service id="0x003d" sid="61" name="CCTV6-HD" type="1" provider="" onid="0" tsid="2" namespace="0x00d7aaa7" />
        <service id="0x003b" sid="59" name="CCTV7-HD" type="1" provider="" onid="0" tsid="2" namespace="0x00d7aaa7" />
        <service id="0x003a" sid="58" name="CCTV8-HD" type="1" provider="" onid="0" tsid="2" namespace="0x00d7aaa7" />
        <service id="0x003e" sid="62" name="CCTV9-HD" type="1" provider="" onid="0" tsid="2" namespace="0x00d7aaa7" />
        <service id="0x003f" sid="63" name="CHC-F" type="1" provider="" onid="0" tsid="2" namespace="0x00d7aaa7" />
        <service id="0x001a" sid="26" name="CHC-HD" type="1" provider="" onid="0" tsid="2" namespace="0x00d7aaa7" />
        <service id="0x001d" sid="29" name="HNTV-HD" type="1" provider="" onid="0" tsid="2" namespace="0x00d7aaa7" />
        <service id="0x002a" sid="42" name="JSTV-HD" type="1" provider="" onid="0" tsid="2" namespace="0x00d7aaa7" />
        <service id="0x002d" sid="45" name="LNTV-HD" type="1" provider="" onid="0" tsid="2" namespace="0x00d7aaa7" />
        <service id="0x002e" sid="46" name="PHX Info HD" type="1" provider="" onid="0" tsid="2" namespace="0x00d7aaa7" />
        <service id="0x001c" sid="28" name="SBN-HD" type="1" provider="" onid="0" tsid="2" namespace="0x00d7aaa7" />
        <service id="0x001b" sid="27" name="SPORT+HD" type="1" provider="" onid="0" tsid="2" namespace="0x00d7aaa7" />
        <service id="0x0019" sid="25" name="SPORT-HD" type="1" provider="" onid="0" tsid="2" namespace="0x00d7aaa7" />
        <service id="0x002b" sid="43" name="ZJTV-HD" type="1" provider="" onid="0" tsid="2" namespace="0x00d7aaa7" />
      </transponder>
    </satellite>
    <satellite key="00d7acd3:0001:ffff" name="Sat-21.5E" namespace="0x00d7acd3" position="21.5">
      <transponder key="00d7acd3:0001:ffff" frequency="11475000" symbol_rate="2300000" polarization="V" fec="3" system="0" modulation="0">
        <service id="0x0001" sid="1" name="TANDBERG5" type="1" provider="TandbergTV" onid="65535" tsid="1" namespace="0x00d7acd3" />
      </transponder>
    </satellite>
    <satellite key="00d7ace0:0000:0000" name="Sat-21.5E" namespace="0x00d7ace0" position="21.5">
      <transponder key="00d7ace0:0000:0000" frequency="11488000" symbol_rate="2500000" polarization="V" fec="3" system="0" modulation="0">
        <service id="0x0001" sid="1" name="11488V SID 0x01" type="1" provider="DVB-S2 8PSK 11488V 21.5Â°E" onid="0" tsid="0" namespace="0x00d7ace0" />
      </transponder>
    </satellite>
    <satellite key="00d7acf5:000c:ffff" name="Sat-21.5E" namespace="0x00d7acf5" position="21.5">
      <transponder key="00d7acf5:000c:ffff" frequency="11509000" symbol_rate="2963000" polarization="V" fec="4" system="0" modulation="0">
        <service id="0x0001" sid="1" name="Service1" type="1" provider="Service Provider" onid="65535" tsid="12" namespace="0x00d7acf5" />
      </transponder>
    </satellite>
    <satellite key="00d7ad2f:0000:0000" name="Sat-21.5E" namespace="0x00d7ad2f" position="21.5">
      <transponder key="00d7ad2f:0000:0000" frequency="11567000" symbol_rate="2850000" polarization="V" fec="3" system="0" modulation="0">
        <service id="0x0001" sid="1" name="MBC DQ FM Main" type="31" provider="" onid="0" tsid="0" namespace="0x00d7ad2f" />
      </transponder>
    </satellite>
    <satellite key="00d7ad3b:0001:ffff" name="Sat-21.5E" namespace="0x00d7ad3b" position="21.5">
      <transponder key="00d7ad3b:0001:ffff" frequency="11579000" symbol_rate="2500000" polarization="V" fec="3" system="0" modulation="0">
        <service id="0x0001" sid="1" name="Riyadh MCR" type="1" provider="Ericsson" onid="65535" tsid="1" namespace="0x00d7ad3b" />
      </transponder>
    </satellite>
    <satellite key="00d7ad3f:0001:0001" name="Sat-21.5E" namespace="0x00d7ad3f" position="21.5">
      <transponder key="00d7ad3f:0001:0001" frequency="11583000" symbol_rate="2850000" polarization="V" fec="5" system="0" modulation="0">
        <service id="0x0001" sid="1" name="MBC HOTBIRD" type="1" provider="MBC" onid="1" tsid="1" namespace="0x00d7ad3f" />
      </transponder>
    </satellite>
    <satellite key="00d7ad7c:0001:0001" name="Sat-21.5E" namespace="0x00d7ad7c" position="21.5">
      <transponder key="00d7ad7c:0001:0001" frequency="11644000" symbol_rate="1667000" polarization="V" fec="4" system="0" modulation="0">
        <service id="0x0001" sid="1" name="Libya Sport HD1" type="1" provider="" onid="1" tsid="1" namespace="0x00d7ad7c" />
      </transponder>
    </satellite>
    <satellite key="00d7ad8d:0001:fffe" name="Sat-21.5E" namespace="0x00d7ad8d" position="21.5">
      <transponder key="00d7ad8d:0001:fffe" frequency="11661000" symbol_rate="1100000" polarization="V" fec="2" system="0" modulation="0">
        <service id="0x0002" sid="2" name="lad" type="1" provider="A1 M" onid="65534" tsid="1" namespace="0x00d7ad8d" />
      </transponder>
    </satellite>
    <satellite key="00d7ad94:0001:ffff" name="Sat-21.5E" namespace="0x00d7ad94" position="21.5">
      <transponder key="00d7ad94:0001:ffff" frequency="11668000" symbol_rate="2295000" polarization="V" fec="3" system="0" modulation="0">
        <service id="0x0001" sid="1" name="Service-1" type="1" provider="Service Provider" onid="65535" tsid="1" namespace="0x00d7ad94" />
      </transponder>
    </satellite>
    <satellite key="00d7ad97:0001:ffff" name="Sat-21.5E" namespace="0x00d7ad97" position="21.5">
      <transponder key="00d7ad97:0001:ffff" frequency="11671000" symbol_rate="2917000" polarization="V" fec="3" system="0" modulation="0">
        <service id="0x0001" sid="1" name="Libya Sport 2 HD" type="1" provider="TANDBERG Television" onid="65535" tsid="1" namespace="0x00d7ad97" />
      </transponder>
    </satellite>
    <satellite key="00d7adb0:0001:ffff" name="Sat-21.5E" namespace="0x00d7adb0" position="21.5">
      <transponder key="00d7adb0:0001:ffff" frequency="11696000" symbol_rate="1481000" polarization="V" fec="3" system="0" modulation="0">
        <service id="0x0001" sid="1" name="Service-H" type="1" provider="Service Provider" onid="65535" tsid="1" namespace="0x00d7adb0" />
      </transponder>
    </satellite>
  </satellites>
</zapit>
