<?xml version='1.0' encoding='utf-8'?>
<zapit>
  <bouquet name="General" category="tv">
    <channel service_ref="1:0:1:0014:0001:0001:0c4e2d55:0:0:0:" name="IS8-18S" service_name="IS8-18S" provider="Harmonic" sid="20" onid="1" tsid="1" />
    <channel service_ref="1:0:1:0015:0001:0001:0c4e2d55:0:0:0:" name="IS8-19S" service_name="IS8-19S" provider="Harmonic" sid="21" onid="1" tsid="1" />
    <channel service_ref="1:0:1:0016:0001:0001:0c4e2d55:0:0:0:" name="IS8-20S" service_name="IS8-20S" provider="Harmonic" sid="22" onid="1" tsid="1" />
    <channel service_ref="1:0:1:0011:0001:0001:0c4e2d55:0:0:0:" name="IS8-3S" service_name="IS8-3S" provider="Harmonic" sid="17" onid="1" tsid="1" />
    <channel service_ref="1:0:1:0012:0001:0001:0c4e2d55:0:0:0:" name="IS8-4S" service_name="IS8-4S" provider="Harmonic" sid="18" onid="1" tsid="1" />
  </bouquet>
  <bouquet name="Switzerland" category="tv">
    <channel service_ref="1:0:1:0011:0001:0001:0c4e2d55:0:0:0:" name="IS8-3S" service_name="IS8-3S" provider="Harmonic" sid="17" onid="1" tsid="1" />
  </bouquet>
  <bouquet name="Others" category="tv">
    <channel service_ref="1:0:1:0014:0001:0001:0c4e2d55:0:0:0:" name="IS8-18S" service_name="IS8-18S" provider="Harmonic" sid="20" onid="1" tsid="1" />
    <channel service_ref="1:0:1:0015:0001:0001:0c4e2d55:0:0:0:" name="IS8-19S" service_name="IS8-19S" provider="Harmonic" sid="21" onid="1" tsid="1" />
    <channel service_ref="1:0:1:0016:0001:0001:0c4e2d55:0:0:0:" name="IS8-20S" service_name="IS8-20S" provider="Harmonic" sid="22" onid="1" tsid="1" />
    <channel service_ref="1:0:1:0012:0001:0001:0c4e2d55:0:0:0:" name="IS8-4S" service_name="IS8-4S" provider="Harmonic" sid="18" onid="1" tsid="1" />
  </bouquet>
</zapit>
