<?xml version='1.0' encoding='utf-8'?>
<zapit>
  <bouquet name="General" category="tv">
    <channel service_ref="1:0:25:02d4:2904:055f:0dde0000:0:0:0:" name="13EME RUE" service_name="13EME RUE" provider="EUTELSAT" sid="724" onid="1375" tsid="10500" />
    <channel service_ref="1:0:25:071e:2904:055f:0dde0000:0:0:0:" name="ALTICE STUDIO" service_name="ALTICE STUDIO" provider="EUTELSAT" sid="1822" onid="1375" tsid="10500" />
    <channel service_ref="1:0:25:00c2:4fb0:055f:0dde0000:0:0:0:" name="ARTE" service_name="ARTE" provider="EUTELSAT" sid="194" onid="1375" tsid="20400" />
    <channel service_ref="1:0:25:0b52:51a4:055f:0dde0000:0:0:0:" name="BEIN SPORTS 1" service_name="BEIN SPORTS 1" provider="EUTELSAT" sid="2898" onid="1375" tsid="20900" />
    <channel service_ref="1:0:25:0b53:51a4:055f:0dde0000:0:0:0:" name="BEIN SPORTS 2" service_name="BEIN SPORTS 2" provider="EUTELSAT" sid="2899" onid="1375" tsid="20900" />
    <channel service_ref="1:0:25:0b81:51a4:055f:0dde0000:0:0:0:" name="BEIN SPORTS 3" service_name="BEIN SPORTS 3" provider="EUTELSAT" sid="2945" onid="1375" tsid="20900" />
    <channel service_ref="1:0:22:0093:5140:055f:0dde0000:0:0:0:" name="BEIN SPORTS MAX 10" service_name="BEIN SPORTS MAX 10" provider="EUTELSAT" sid="147" onid="1375" tsid="20800" />
    <channel service_ref="1:0:22:0bc0:4e84:055f:0dde0000:0:0:0:" name="BEIN SPORTS MAX 4" service_name="BEIN SPORTS MAX 4" provider="EUTELSAT" sid="3008" onid="1375" tsid="20100" />
    <channel service_ref="1:0:22:0bc1:4e84:055f:0dde0000:0:0:0:" name="BEIN SPORTS MAX 5" service_name="BEIN SPORTS MAX 5" provider="EUTELSAT" sid="3009" onid="1375" tsid="20100" />
    <channel service_ref="1:0:22:008f:5140:055f:0dde0000:0:0:0:" name="BEIN SPORTS MAX 6" service_name="BEIN SPORTS MAX 6" provider="EUTELSAT" sid="143" onid="1375" tsid="20800" />
    <channel service_ref="1:0:22:0090:5140:055f:0dde0000:0:0:0:" name="BEIN SPORTS MAX 7" service_name="BEIN SPORTS MAX 7" provider="EUTELSAT" sid="144" onid="1375" tsid="20800" />
    <channel service_ref="1:0:22:0091:5140:055f:0dde0000:0:0:0:" name="BEIN SPORTS MAX 8" service_name="BEIN SPORTS MAX 8" provider="EUTELSAT" sid="145" onid="1375" tsid="20800" />
    <channel service_ref="1:0:22:0092:5140:055f:0dde0000:0:0:0:" name="BEIN SPORTS MAX 9" service_name="BEIN SPORTS MAX 9" provider="EUTELSAT" sid="146" onid="1375" tsid="20800" />
    <channel service_ref="1:0:22:0b9c:51a4:055f:0dde0000:0:0:0:" name="BERBERE JEUNESSE" service_name="BERBERE JEUNESSE" provider="EUTELSAT" sid="2972" onid="1375" tsid="20900" />
    <channel service_ref="1:0:22:0b9d:51a4:055f:0dde0000:0:0:0:" name="BERBERE MUSIC" service_name="BERBERE MUSIC" provider="EUTELSAT" sid="2973" onid="1375" tsid="20900" />
    <channel service_ref="1:0:22:0b9b:51a4:055f:0dde0000:0:0:0:" name="BERBERE TV" service_name="BERBERE TV" provider="EUTELSAT" sid="2971" onid="1375" tsid="20900" />
    <channel service_ref="1:0:25:058e:5398:055f:0dde0000:0:0:0:" name="BFM BUSINESS" service_name="BFM BUSINESS" provider="EUTELSAT" sid="1422" onid="1375" tsid="21400" />
    <channel service_ref="1:0:25:058d:5398:055f:0dde0000:0:0:0:" name="BFM PARIS" service_name="BFM PARIS" provider="EUTELSAT" sid="1421" onid="1375" tsid="21400" />
    <channel service_ref="1:0:25:019a:4fb0:055f:0dde0000:0:0:0:" name="BOING" service_name="BOING" provider="EUTELSAT" sid="410" onid="1375" tsid="20400" />
    <channel service_ref="1:0:25:019b:4fb0:055f:0dde0000:0:0:0:" name="BOOMERANG" service_name="BOOMERANG" provider="EUTELSAT" sid="411" onid="1375" tsid="20400" />
    <channel service_ref="1:0:22:00f6:5398:055f:0dde0000:0:0:0:" name="CANAL SAV" service_name="CANAL SAV" provider="EUTELSAT" sid="246" onid="1375" tsid="21400" />
    <channel service_ref="1:0:25:0054:4f4c:055f:0dde0000:0:0:0:" name="CANAL+" service_name="CANAL+" provider="EUTELSAT" sid="84" onid="1375" tsid="20300" />
    <channel service_ref="1:0:22:00d3:4ee8:055f:0dde0000:0:0:0:" name="CHASSE ET PECHE" service_name="CHASSE ET PECHE" provider="EUTELSAT" sid="211" onid="1375" tsid="20200" />
    <channel service_ref="1:0:22:00d7:4ee8:055f:0dde0000:0:0:0:" name="CRIME DISTRICT" service_name="CRIME DISTRICT" provider="EUTELSAT" sid="215" onid="1375" tsid="20200" />
    <channel service_ref="1:0:22:01f5:5014:055f:0dde0000:0:0:0:" name="D!CI TV" service_name="D!CI TV" provider="EUTELSAT" sid="501" onid="1375" tsid="20500" />
    <channel service_ref="1:0:25:058f:5398:055f:0dde0000:0:0:0:" name="DISCOVERY CHANNEL" service_name="DISCOVERY CHANNEL" provider="EUTELSAT" sid="1423" onid="1375" tsid="21400" />
    <channel service_ref="1:0:25:00fc:5398:055f:0dde0000:0:0:0:" name="DISCOVERY FAMILY" service_name="DISCOVERY FAMILY" provider="EUTELSAT" sid="252" onid="1375" tsid="21400" />
    <channel service_ref="1:0:25:024e:5398:055f:0dde0000:0:0:0:" name="DISCOVERY ID" service_name="DISCOVERY ID" provider="EUTELSAT" sid="590" onid="1375" tsid="21400" />
    <channel service_ref="1:0:25:00fb:5398:055f:0dde0000:0:0:0:" name="DISCOVERY SCIENCE" service_name="DISCOVERY SCIENCE" provider="EUTELSAT" sid="251" onid="1375" tsid="21400" />
    <channel service_ref="1:0:22:00d9:4ee8:055f:0dde0000:0:0:0:" name="DORCEL TV" service_name="DORCEL TV" provider="EUTELSAT" sid="217" onid="1375" tsid="20200" />
    <channel service_ref="1:0:25:02d5:2904:055f:0dde0000:0:0:0:" name="E !" service_name="E !" provider="EUTELSAT" sid="725" onid="1375" tsid="10500" />
    <channel service_ref="1:0:22:00dc:4ee8:055f:0dde0000:0:0:0:" name="EQUIDIA" service_name="EQUIDIA" provider="EUTELSAT" sid="220" onid="1375" tsid="20200" />
    <channel service_ref="1:0:22:01f6:5014:055f:0dde0000:0:0:0:" name="ETB1" service_name="ETB1" provider="EUTELSAT" sid="502" onid="1375" tsid="20500" />
    <channel service_ref="1:0:22:01f7:5014:055f:0dde0000:0:0:0:" name="ETB3" service_name="ETB3" provider="EUTELSAT" sid="503" onid="1375" tsid="20500" />
    <channel service_ref="1:0:25:012d:4f4c:055f:0dde0000:0:0:0:" name="FRANCE 2" service_name="FRANCE 2" provider="EUTELSAT" sid="301" onid="1375" tsid="20300" />
    <channel service_ref="1:0:1:0003:5140:055f:0dde0000:0:0:0:" name="FRANCE 3" service_name="FRANCE 3" provider="EUTELSAT" sid="3" onid="1375" tsid="20800" />
    <channel service_ref="1:0:25:012e:4f4c:055f:0dde0000:0:0:0:" name="FRANCE 3" service_name="FRANCE 3" provider="EUTELSAT" sid="302" onid="1375" tsid="20300" />
    <channel service_ref="1:0:1:03e9:5014:055f:0dde0000:0:0:0:" name="FRANCE 3 AMIENS" service_name="FRANCE 3 AMIENS" provider="EUTELSAT" sid="1001" onid="1375" tsid="20500" />
    <channel service_ref="1:0:1:03ea:5140:055f:0dde0000:0:0:0:" name="FRANCE 3 BESANCON" service_name="FRANCE 3 BESANCON" provider="EUTELSAT" sid="1002" onid="1375" tsid="20800" />
    <channel service_ref="1:0:1:03eb:5078:055f:0dde0000:0:0:0:" name="FRANCE 3 BORDEAUX" service_name="FRANCE 3 BORDEAUX" provider="EUTELSAT" sid="1003" onid="1375" tsid="20600" />
    <channel service_ref="1:0:1:03ec:5140:055f:0dde0000:0:0:0:" name="FRANCE 3 CAEN" service_name="FRANCE 3 CAEN" provider="EUTELSAT" sid="1004" onid="1375" tsid="20800" />
    <channel service_ref="1:0:1:03ed:5078:055f:0dde0000:0:0:0:" name="FRANCE 3 CLERMONT-FERRAND" service_name="FRANCE 3 CLERMONT-FERRAND" provider="EUTELSAT" sid="1005" onid="1375" tsid="20600" />
    <channel service_ref="1:0:1:03ee:5140:055f:0dde0000:0:0:0:" name="FRANCE 3 DIJON" service_name="FRANCE 3 DIJON" provider="EUTELSAT" sid="1006" onid="1375" tsid="20800" />
    <channel service_ref="1:0:1:03ef:5078:055f:0dde0000:0:0:0:" name="FRANCE 3 GRENOBLE" service_name="FRANCE 3 GRENOBLE" provider="EUTELSAT" sid="1007" onid="1375" tsid="20600" />
    <channel service_ref="1:0:1:03f0:5014:055f:0dde0000:0:0:0:" name="FRANCE 3 LILLE" service_name="FRANCE 3 LILLE" provider="EUTELSAT" sid="1008" onid="1375" tsid="20500" />
    <channel service_ref="1:0:1:03f1:5078:055f:0dde0000:0:0:0:" name="FRANCE 3 LIMOGES" service_name="FRANCE 3 LIMOGES" provider="EUTELSAT" sid="1009" onid="1375" tsid="20600" />
    <channel service_ref="1:0:1:03f2:5078:055f:0dde0000:0:0:0:" name="FRANCE 3 LYON" service_name="FRANCE 3 LYON" provider="EUTELSAT" sid="1010" onid="1375" tsid="20600" />
    <channel service_ref="1:0:1:03f3:5078:055f:0dde0000:0:0:0:" name="FRANCE 3 MARSEILLE" service_name="FRANCE 3 MARSEILLE" provider="EUTELSAT" sid="1011" onid="1375" tsid="20600" />
    <channel service_ref="1:0:1:03f4:5078:055f:0dde0000:0:0:0:" name="FRANCE 3 MONTPELLIER" service_name="FRANCE 3 MONTPELLIER" provider="EUTELSAT" sid="1012" onid="1375" tsid="20600" />
    <channel service_ref="1:0:1:03f5:5014:055f:0dde0000:0:0:0:" name="FRANCE 3 NANCY" service_name="FRANCE 3 NANCY" provider="EUTELSAT" sid="1013" onid="1375" tsid="20500" />
    <channel service_ref="1:0:1:03f6:5078:055f:0dde0000:0:0:0:" name="FRANCE 3 NANTES" service_name="FRANCE 3 NANTES" provider="EUTELSAT" sid="1014" onid="1375" tsid="20600" />
    <channel service_ref="1:0:1:03f7:5014:055f:0dde0000:0:0:0:" name="FRANCE 3 NICE" service_name="FRANCE 3 NICE" provider="EUTELSAT" sid="1015" onid="1375" tsid="20500" />
    <channel service_ref="1:0:1:03f8:5140:055f:0dde0000:0:0:0:" name="FRANCE 3 ORLEANS" service_name="FRANCE 3 ORLEANS" provider="EUTELSAT" sid="1016" onid="1375" tsid="20800" />
    <channel service_ref="1:0:1:03f9:5140:055f:0dde0000:0:0:0:" name="FRANCE 3 PARIS" service_name="FRANCE 3 PARIS" provider="EUTELSAT" sid="1017" onid="1375" tsid="20800" />
    <channel service_ref="1:0:1:03fa:5014:055f:0dde0000:0:0:0:" name="FRANCE 3 POITIERS" service_name="FRANCE 3 POITIERS" provider="EUTELSAT" sid="1018" onid="1375" tsid="20500" />
    <channel service_ref="1:0:1:03fb:5014:055f:0dde0000:0:0:0:" name="FRANCE 3 REIMS" service_name="FRANCE 3 REIMS" provider="EUTELSAT" sid="1019" onid="1375" tsid="20500" />
    <channel service_ref="1:0:1:03fc:5078:055f:0dde0000:0:0:0:" name="FRANCE 3 RENNES" service_name="FRANCE 3 RENNES" provider="EUTELSAT" sid="1020" onid="1375" tsid="20600" />
    <channel service_ref="1:0:1:03fd:5140:055f:0dde0000:0:0:0:" name="FRANCE 3 ROUEN" service_name="FRANCE 3 ROUEN" provider="EUTELSAT" sid="1021" onid="1375" tsid="20800" />
    <channel service_ref="1:0:1:03fe:5014:055f:0dde0000:0:0:0:" name="FRANCE 3 STRASBOURG" service_name="FRANCE 3 STRASBOURG" provider="EUTELSAT" sid="1022" onid="1375" tsid="20500" />
    <channel service_ref="1:0:1:03ff:5014:055f:0dde0000:0:0:0:" name="FRANCE 3 TOULOUSE" service_name="FRANCE 3 TOULOUSE" provider="EUTELSAT" sid="1023" onid="1375" tsid="20500" />
    <channel service_ref="1:0:1:0190:5014:055f:0dde0000:0:0:0:" name="FRANCE 3 VIA STELLA" service_name="FRANCE 3 VIA STELLA" provider="EUTELSAT" sid="400" onid="1375" tsid="20500" />
    <channel service_ref="1:0:25:012f:4f4c:055f:0dde0000:0:0:0:" name="FRANCE 4" service_name="FRANCE 4" provider="EUTELSAT" sid="303" onid="1375" tsid="20300" />
    <channel service_ref="1:0:25:01a3:4fb0:055f:0dde0000:0:0:0:" name="FRANCE 5" service_name="FRANCE 5" provider="EUTELSAT" sid="419" onid="1375" tsid="20400" />
    <channel service_ref="1:0:22:0052:4f4c:055f:0dde0000:0:0:0:" name="FRANCE O" service_name="FRANCE O" provider="EUTELSAT" sid="82" onid="1375" tsid="20300" />
    <channel service_ref="1:0:22:0053:4f4c:055f:0dde0000:0:0:0:" name="FRANCEINFO:" service_name="FRANCEINFO:" provider="EUTELSAT" sid="83" onid="1375" tsid="20300" />
    <channel service_ref="1:0:25:008e:4f4c:055f:0dde0000:0:0:0:" name="FRANSAT INFO" service_name="FRANSAT INFO" provider="EUTELSAT" sid="142" onid="1375" tsid="20300" />
    <channel service_ref="1:0:25:06a5:7788:055f:0dde0000:0:0:0:" name="FRANSAT ULTRA HD DEMO" service_name="FRANSAT ULTRA HD DEMO" provider="EUTELSAT" sid="1701" onid="1375" tsid="30600" />
    <channel service_ref="1:0:25:06a7:7788:055f:0dde0000:0:0:0:" name="FRANSAT ULTRA HD DEMO 3" service_name="FRANSAT ULTRA HD DEMO 3" provider="EUTELSAT" sid="1703" onid="1375" tsid="30600" />
    <channel service_ref="1:0:22:00ce:4ee8:055f:0dde0000:0:0:0:" name="GAME ONE" service_name="GAME ONE" provider="EUTELSAT" sid="206" onid="1375" tsid="20200" />
    <channel service_ref="1:0:22:00cd:4ee8:055f:0dde0000:0:0:0:" name="GOLF CHANNEL" service_name="GOLF CHANNEL" provider="EUTELSAT" sid="205" onid="1375" tsid="20200" />
    <channel service_ref="1:0:25:024f:5398:055f:0dde0000:0:0:0:" name="I24 NEWS" service_name="I24 NEWS" provider="EUTELSAT" sid="591" onid="1375" tsid="21400" />
    <channel service_ref="1:0:22:0b85:51a4:055f:0dde0000:0:0:0:" name="KTO" service_name="KTO" provider="EUTELSAT" sid="2949" onid="1375" tsid="20900" />
    <channel service_ref="1:0:22:044e:526c:055e:0dde0000:0:0:0:" name="Label TV" service_name="Label TV" provider="Eutelsat" sid="1102" onid="1374" tsid="21100" />
    <channel service_ref="1:0:25:0055:4f4c:055f:0dde0000:0:0:0:" name="LCI" service_name="LCI" provider="EUTELSAT" sid="85" onid="1375" tsid="20300" />
    <channel service_ref="1:0:25:00c1:4fb0:055f:0dde0000:0:0:0:" name="M6" service_name="M6" provider="EUTELSAT" sid="193" onid="1375" tsid="20400" />
    <channel service_ref="1:0:22:00ca:4ee8:055f:0dde0000:0:0:0:" name="MANGAS" service_name="MANGAS" provider="EUTELSAT" sid="202" onid="1375" tsid="20200" />
    <channel service_ref="1:0:22:0b89:51a4:055f:0dde0000:0:0:0:" name="MB LIVE" service_name="MB LIVE" provider="EUTELSAT" sid="2953" onid="1375" tsid="20900" />
    <channel service_ref="1:0:25:0ba1:51a4:055f:0dde0000:0:0:0:" name="MELODY" service_name="MELODY" provider="EUTELSAT" sid="2977" onid="1375" tsid="20900" />
    <channel service_ref="1:0:25:00fa:5398:055f:0dde0000:0:0:0:" name="MY CUISINE" service_name="MY CUISINE" provider="EUTELSAT" sid="250" onid="1375" tsid="21400" />
    <channel service_ref="1:0:31:06a6:7788:055f:0dde0000:0:0:0:" name="NASA TV UHD" service_name="NASA TV UHD" provider="EUTELSAT" sid="1702" onid="1375" tsid="30600" />
    <channel service_ref="1:0:25:01a1:4fb0:055f:0dde0000:0:0:0:" name="NRJ12" service_name="NRJ12" provider="EUTELSAT" sid="417" onid="1375" tsid="20400" />
    <channel service_ref="1:0:25:0058:4f4c:055f:0dde0000:0:0:0:" name="OCS CHOC" service_name="OCS CHOC" provider="EUTELSAT" sid="88" onid="1375" tsid="20300" />
    <channel service_ref="1:0:25:0057:4f4c:055f:0dde0000:0:0:0:" name="OCS CITY" service_name="OCS CITY" provider="EUTELSAT" sid="87" onid="1375" tsid="20300" />
    <channel service_ref="1:0:25:0059:4f4c:055f:0dde0000:0:0:0:" name="OCS GEANTS" service_name="OCS GEANTS" provider="EUTELSAT" sid="89" onid="1375" tsid="20300" />
    <channel service_ref="1:0:25:008a:4f4c:055f:0dde0000:0:0:0:" name="OCS MAX" service_name="OCS MAX" provider="EUTELSAT" sid="138" onid="1375" tsid="20300" />
    <channel service_ref="1:0:22:00d5:4ee8:055f:0dde0000:0:0:0:" name="OFFRE BIS.TV" service_name="OFFRE BIS.TV" provider="EUTELSAT" sid="213" onid="1375" tsid="20200" />
    <channel service_ref="1:0:22:00d6:4ee8:055f:0dde0000:0:0:0:" name="PARAMOUNT CHANNEL" service_name="PARAMOUNT CHANNEL" provider="EUTELSAT" sid="214" onid="1375" tsid="20200" />
    <channel service_ref="1:0:22:0a35:5078:055f:0dde0000:0:0:0:" name="QVC" service_name="QVC" provider="EUTELSAT" sid="2613" onid="1375" tsid="20600" />
    <channel service_ref="1:0:1:049f:526c:055e:0dde0000:0:0:0:" name="RCF" service_name="RCF" provider="" sid="1183" onid="1374" tsid="21100" />
    <channel service_ref="1:0:1:01ef:526c:055e:0dde0000:0:0:0:" name="RCF01_PAYS_DE_L_AIN" service_name="RCF01_PAYS_DE_L_AIN" provider="" sid="495" onid="1374" tsid="21100" />
    <channel service_ref="1:0:1:04a8:526c:055e:0dde0000:0:0:0:" name="RCF03_ALLIER" service_name="RCF03_ALLIER" provider="" sid="1192" onid="1374" tsid="21100" />
    <channel service_ref="1:0:1:04aa:526c:055e:0dde0000:0:0:0:" name="RCF05_HAUTES_ALPES" service_name="RCF05_HAUTES_ALPES" provider="" sid="1194" onid="1374" tsid="21100" />
    <channel service_ref="1:0:1:01f0:526c:055e:0dde0000:0:0:0:" name="RCF07_VIVARAIS" service_name="RCF07_VIVARAIS" provider="" sid="496" onid="1374" tsid="21100" />
    <channel service_ref="1:0:1:04ac:526c:055e:0dde0000:0:0:0:" name="RCF10_AUBE" service_name="RCF10_AUBE" provider="" sid="1196" onid="1374" tsid="21100" />
    <channel service_ref="1:0:1:01f1:526c:055e:0dde0000:0:0:0:" name="RCF11_PAYS_D_AUDE" service_name="RCF11_PAYS_D_AUDE" provider="" sid="497" onid="1374" tsid="21100" />
    <channel service_ref="1:0:1:01f2:526c:055e:0dde0000:0:0:0:" name="RCF18_BERRY" service_name="RCF18_BERRY" provider="" sid="498" onid="1374" tsid="21100" />
    <channel service_ref="1:0:1:04a3:526c:055e:0dde0000:0:0:0:" name="RCF21" service_name="RCF21" provider="" sid="1187" onid="1374" tsid="21100" />
    <channel service_ref="1:0:1:04ab:526c:055e:0dde0000:0:0:0:" name="RCF25_BESANCON" service_name="RCF25_BESANCON" provider="" sid="1195" onid="1374" tsid="21100" />
    <channel service_ref="1:0:1:049a:526c:055e:0dde0000:0:0:0:" name="RCF26" service_name="RCF26" provider="" sid="1178" onid="1374" tsid="21100" />
    <channel service_ref="1:0:1:04a9:526c:055e:0dde0000:0:0:0:" name="RCF33_BORDEAUX" service_name="RCF33_BORDEAUX" provider="" sid="1193" onid="1374" tsid="21100" />
    <channel service_ref="1:0:1:01ee:526c:055e:0dde0000:0:0:0:" name="RCF35_ALPHA" service_name="RCF35_ALPHA" provider="" sid="494" onid="1374" tsid="21100" />
    <channel service_ref="1:0:1:04a4:526c:055e:0dde0000:0:0:0:" name="RCF37" service_name="RCF37" provider="" sid="1188" onid="1374" tsid="21100" />
    <channel service_ref="1:0:1:049d:526c:055e:0dde0000:0:0:0:" name="RCF38_ISERE" service_name="RCF38_ISERE" provider="" sid="1181" onid="1374" tsid="21100" />
    <channel service_ref="1:0:1:049b:526c:055e:0dde0000:0:0:0:" name="RCF41" service_name="RCF41" provider="" sid="1179" onid="1374" tsid="21100" />
    <channel service_ref="1:0:1:04a1:526c:055e:0dde0000:0:0:0:" name="RCF43_LE_PUY_EN_VELAY" service_name="RCF43_LE_PUY_EN_VELAY" provider="" sid="1185" onid="1374" tsid="21100" />
    <channel service_ref="1:0:1:045e:526c:055e:0dde0000:0:0:0:" name="RCF49_ANJOU" service_name="RCF49_ANJOU" provider="" sid="1118" onid="1374" tsid="21100" />
    <channel service_ref="1:0:1:04a5:526c:055e:0dde0000:0:0:0:" name="RCF51" service_name="RCF51" provider="" sid="1189" onid="1374" tsid="21100" />
    <channel service_ref="1:0:1:04ae:526c:055e:0dde0000:0:0:0:" name="RCF51_MARNE_MEUSE" service_name="RCF51_MARNE_MEUSE" provider="" sid="1198" onid="1374" tsid="21100" />
    <channel service_ref="1:0:1:045f:526c:055e:0dde0000:0:0:0:" name="RCF57_LORRAINE_MEUSE" service_name="RCF57_LORRAINE_MEUSE" provider="" sid="1119" onid="1374" tsid="21100" />
    <channel service_ref="1:0:1:04a0:526c:055e:0dde0000:0:0:0:" name="RCF69_LYON_FOURVIERE" service_name="RCF69_LYON_FOURVIERE" provider="" sid="1184" onid="1374" tsid="21100" />
    <channel service_ref="1:0:1:049c:526c:055e:0dde0000:0:0:0:" name="RCF73_SAVOIE" service_name="RCF73_SAVOIE" provider="" sid="1180" onid="1374" tsid="21100" />
    <channel service_ref="1:0:1:04a7:526c:055e:0dde0000:0:0:0:" name="RCF74_HAUTE_SAVOIE" service_name="RCF74_HAUTE_SAVOIE" provider="" sid="1191" onid="1374" tsid="21100" />
    <channel service_ref="1:0:1:04a6:526c:055e:0dde0000:0:0:0:" name="RCF76" service_name="RCF76" provider="" sid="1190" onid="1374" tsid="21100" />
    <channel service_ref="1:0:1:049e:526c:055e:0dde0000:0:0:0:" name="RCF83_OUEST_VAR" service_name="RCF83_OUEST_VAR" provider="" sid="1182" onid="1374" tsid="21100" />
    <channel service_ref="1:0:1:04a2:526c:055e:0dde0000:0:0:0:" name="RCF84_LUMIERES" service_name="RCF84_LUMIERES" provider="" sid="1186" onid="1374" tsid="21100" />
    <channel service_ref="1:0:1:04ad:526c:055e:0dde0000:0:0:0:" name="RCF86_POITOU" service_name="RCF86_POITOU" provider="" sid="1197" onid="1374" tsid="21100" />
    <channel service_ref="1:0:1:01f3:526c:055e:0dde0000:0:0:0:" name="RCF_CORREZE" service_name="RCF_CORREZE" provider="" sid="499" onid="1374" tsid="21100" />
    <channel service_ref="1:0:25:071c:2904:055f:0dde0000:0:0:0:" name="RMC SPORT 1" service_name="RMC SPORT 1" provider="EUTELSAT" sid="1820" onid="1375" tsid="10500" />
    <channel service_ref="1:0:31:06a8:7788:055f:0dde0000:0:0:0:" name="RMC SPORT 1 UHD" service_name="RMC SPORT 1 UHD" provider="EUTELSAT" sid="1704" onid="1375" tsid="30600" />
    <channel service_ref="1:0:25:02d1:2904:055f:0dde0000:0:0:0:" name="RMC SPORT 2" service_name="RMC SPORT 2" provider="EUTELSAT" sid="721" onid="1375" tsid="10500" />
    <channel service_ref="1:0:25:02d2:2904:055f:0dde0000:0:0:0:" name="RMC SPORT 3" service_name="RMC SPORT 3" provider="EUTELSAT" sid="722" onid="1375" tsid="10500" />
    <channel service_ref="1:0:25:071d:2904:055f:0dde0000:0:0:0:" name="RMC SPORT 4" service_name="RMC SPORT 4" provider="EUTELSAT" sid="1821" onid="1375" tsid="10500" />
    <channel service_ref="1:0:25:02d3:2904:055f:0dde0000:0:0:0:" name="RMC SPORT NEWS" service_name="RMC SPORT NEWS" provider="EUTELSAT" sid="723" onid="1375" tsid="10500" />
    <channel service_ref="1:0:22:00f8:5398:055f:0dde0000:0:0:0:" name="RT FRANCE" service_name="RT FRANCE" provider="EUTELSAT" sid="248" onid="1375" tsid="21400" />
    <channel service_ref="1:0:25:058c:5398:055f:0dde0000:0:0:0:" name="SFR SAT" service_name="SFR SAT" provider="EUTELSAT" sid="1420" onid="1375" tsid="21400" />
    <channel service_ref="1:0:25:071f:2904:055f:0dde0000:0:0:0:" name="SYFY" service_name="SYFY" provider="EUTELSAT" sid="1823" onid="1375" tsid="10500" />
    <channel service_ref="1:0:22:00db:4ee8:055f:0dde0000:0:0:0:" name="TEVA" service_name="TEVA" provider="EUTELSAT" sid="219" onid="1375" tsid="20200" />
    <channel service_ref="1:0:25:00bf:4fb0:055f:0dde0000:0:0:0:" name="TF1" service_name="TF1" provider="EUTELSAT" sid="191" onid="1375" tsid="20400" />
    <channel service_ref="1:0:25:019c:4fb0:055f:0dde0000:0:0:0:" name="TOONAMI" service_name="TOONAMI" provider="EUTELSAT" sid="412" onid="1375" tsid="20400" />
    <channel service_ref="1:0:22:00d2:4ee8:055f:0dde0000:0:0:0:" name="TOUTE L'HISTOIRE" service_name="TOUTE L'HISTOIRE" provider="EUTELSAT" sid="210" onid="1375" tsid="20200" />
    <channel service_ref="1:0:1:0067:5078:055f:0dde0000:0:0:0:" name="TV5 MONDE FBS" service_name="TV5 MONDE FBS" provider="EUTELSAT" sid="103" onid="1375" tsid="20600" />
    <channel service_ref="1:0:22:044d:526c:055e:0dde0000:0:0:0:" name="VEOA Occasion" service_name="VEOA Occasion" provider="Eutelsat" sid="1101" onid="1374" tsid="21100" />
    <channel service_ref="1:0:22:0b83:51a4:055f:0dde0000:0:0:0:" name="VOSGES TV" service_name="VOSGES TV" provider="EUTELSAT" sid="2947" onid="1375" tsid="20900" />
    <channel service_ref="1:0:25:01a5:4fb0:055f:0dde0000:0:0:0:" name="W9" service_name="W9" provider="EUTELSAT" sid="421" onid="1375" tsid="20400" />
    <channel service_ref="1:0:22:00d8:4ee8:055f:0dde0000:0:0:0:" name="XXL" service_name="XXL" provider="EUTELSAT" sid="216" onid="1375" tsid="20200" />
  </bouquet>
  <bouquet name="News" category="tv">
    <channel service_ref="1:0:25:024f:5398:055f:0dde0000:0:0:0:" name="I24 NEWS" service_name="I24 NEWS" provider="EUTELSAT" sid="591" onid="1375" tsid="21400" />
    <channel service_ref="1:0:25:02d3:2904:055f:0dde0000:0:0:0:" name="RMC SPORT NEWS" service_name="RMC SPORT NEWS" provider="EUTELSAT" sid="723" onid="1375" tsid="10500" />
  </bouquet>
  <bouquet name="Sports" category="tv">
    <channel service_ref="1:0:25:0b52:51a4:055f:0dde0000:0:0:0:" name="BEIN SPORTS 1" service_name="BEIN SPORTS 1" provider="EUTELSAT" sid="2898" onid="1375" tsid="20900" />
    <channel service_ref="1:0:25:0b53:51a4:055f:0dde0000:0:0:0:" name="BEIN SPORTS 2" service_name="BEIN SPORTS 2" provider="EUTELSAT" sid="2899" onid="1375" tsid="20900" />
    <channel service_ref="1:0:25:0b81:51a4:055f:0dde0000:0:0:0:" name="BEIN SPORTS 3" service_name="BEIN SPORTS 3" provider="EUTELSAT" sid="2945" onid="1375" tsid="20900" />
    <channel service_ref="1:0:22:0093:5140:055f:0dde0000:0:0:0:" name="BEIN SPORTS MAX 10" service_name="BEIN SPORTS MAX 10" provider="EUTELSAT" sid="147" onid="1375" tsid="20800" />
    <channel service_ref="1:0:22:0bc0:4e84:055f:0dde0000:0:0:0:" name="BEIN SPORTS MAX 4" service_name="BEIN SPORTS MAX 4" provider="EUTELSAT" sid="3008" onid="1375" tsid="20100" />
    <channel service_ref="1:0:22:0bc1:4e84:055f:0dde0000:0:0:0:" name="BEIN SPORTS MAX 5" service_name="BEIN SPORTS MAX 5" provider="EUTELSAT" sid="3009" onid="1375" tsid="20100" />
    <channel service_ref="1:0:22:008f:5140:055f:0dde0000:0:0:0:" name="BEIN SPORTS MAX 6" service_name="BEIN SPORTS MAX 6" provider="EUTELSAT" sid="143" onid="1375" tsid="20800" />
    <channel service_ref="1:0:22:0090:5140:055f:0dde0000:0:0:0:" name="BEIN SPORTS MAX 7" service_name="BEIN SPORTS MAX 7" provider="EUTELSAT" sid="144" onid="1375" tsid="20800" />
    <channel service_ref="1:0:22:0091:5140:055f:0dde0000:0:0:0:" name="BEIN SPORTS MAX 8" service_name="BEIN SPORTS MAX 8" provider="EUTELSAT" sid="145" onid="1375" tsid="20800" />
    <channel service_ref="1:0:22:0092:5140:055f:0dde0000:0:0:0:" name="BEIN SPORTS MAX 9" service_name="BEIN SPORTS MAX 9" provider="EUTELSAT" sid="146" onid="1375" tsid="20800" />
    <channel service_ref="1:0:25:071c:2904:055f:0dde0000:0:0:0:" name="RMC SPORT 1" service_name="RMC SPORT 1" provider="EUTELSAT" sid="1820" onid="1375" tsid="10500" />
    <channel service_ref="1:0:31:06a8:7788:055f:0dde0000:0:0:0:" name="RMC SPORT 1 UHD" service_name="RMC SPORT 1 UHD" provider="EUTELSAT" sid="1704" onid="1375" tsid="30600" />
    <channel service_ref="1:0:25:02d1:2904:055f:0dde0000:0:0:0:" name="RMC SPORT 2" service_name="RMC SPORT 2" provider="EUTELSAT" sid="721" onid="1375" tsid="10500" />
    <channel service_ref="1:0:25:02d2:2904:055f:0dde0000:0:0:0:" name="RMC SPORT 3" service_name="RMC SPORT 3" provider="EUTELSAT" sid="722" onid="1375" tsid="10500" />
    <channel service_ref="1:0:25:071d:2904:055f:0dde0000:0:0:0:" name="RMC SPORT 4" service_name="RMC SPORT 4" provider="EUTELSAT" sid="1821" onid="1375" tsid="10500" />
  </bouquet>
  <bouquet name="Kids" category="tv">
    <channel service_ref="1:0:25:019b:4fb0:055f:0dde0000:0:0:0:" name="BOOMERANG" service_name="BOOMERANG" provider="EUTELSAT" sid="411" onid="1375" tsid="20400" />
  </bouquet>
  <bouquet name="Music" category="tv">
    <channel service_ref="1:0:22:0b9d:51a4:055f:0dde0000:0:0:0:" name="BERBERE MUSIC" service_name="BERBERE MUSIC" provider="EUTELSAT" sid="2973" onid="1375" tsid="20900" />
    <channel service_ref="1:0:1:01f0:526c:055e:0dde0000:0:0:0:" name="RCF07_VIVARAIS" service_name="RCF07_VIVARAIS" provider="" sid="496" onid="1374" tsid="21100" />
  </bouquet>
  <bouquet name="RAI" category="tv">
    <channel service_ref="1:0:1:045f:526c:055e:0dde0000:0:0:0:" name="RCF57_LORRAINE_MEUSE" service_name="RCF57_LORRAINE_MEUSE" provider="" sid="1119" onid="1374" tsid="21100" />
  </bouquet>
  <bouquet name="TF1" category="tv">
    <channel service_ref="1:0:22:00f6:5398:055f:0dde0000:0:0:0:" name="CANAL SAV" service_name="CANAL SAV" provider="EUTELSAT" sid="246" onid="1375" tsid="21400" />
    <channel service_ref="1:0:25:0054:4f4c:055f:0dde0000:0:0:0:" name="CANAL+" service_name="CANAL+" provider="EUTELSAT" sid="84" onid="1375" tsid="20300" />
    <channel service_ref="1:0:25:012d:4f4c:055f:0dde0000:0:0:0:" name="FRANCE 2" service_name="FRANCE 2" provider="EUTELSAT" sid="301" onid="1375" tsid="20300" />
    <channel service_ref="1:0:1:0003:5140:055f:0dde0000:0:0:0:" name="FRANCE 3" service_name="FRANCE 3" provider="EUTELSAT" sid="3" onid="1375" tsid="20800" />
    <channel service_ref="1:0:25:012e:4f4c:055f:0dde0000:0:0:0:" name="FRANCE 3" service_name="FRANCE 3" provider="EUTELSAT" sid="302" onid="1375" tsid="20300" />
    <channel service_ref="1:0:1:03e9:5014:055f:0dde0000:0:0:0:" name="FRANCE 3 AMIENS" service_name="FRANCE 3 AMIENS" provider="EUTELSAT" sid="1001" onid="1375" tsid="20500" />
    <channel service_ref="1:0:1:03ea:5140:055f:0dde0000:0:0:0:" name="FRANCE 3 BESANCON" service_name="FRANCE 3 BESANCON" provider="EUTELSAT" sid="1002" onid="1375" tsid="20800" />
    <channel service_ref="1:0:1:03eb:5078:055f:0dde0000:0:0:0:" name="FRANCE 3 BORDEAUX" service_name="FRANCE 3 BORDEAUX" provider="EUTELSAT" sid="1003" onid="1375" tsid="20600" />
    <channel service_ref="1:0:1:03ec:5140:055f:0dde0000:0:0:0:" name="FRANCE 3 CAEN" service_name="FRANCE 3 CAEN" provider="EUTELSAT" sid="1004" onid="1375" tsid="20800" />
    <channel service_ref="1:0:1:03ed:5078:055f:0dde0000:0:0:0:" name="FRANCE 3 CLERMONT-FERRAND" service_name="FRANCE 3 CLERMONT-FERRAND" provider="EUTELSAT" sid="1005" onid="1375" tsid="20600" />
    <channel service_ref="1:0:1:03ee:5140:055f:0dde0000:0:0:0:" name="FRANCE 3 DIJON" service_name="FRANCE 3 DIJON" provider="EUTELSAT" sid="1006" onid="1375" tsid="20800" />
    <channel service_ref="1:0:1:03ef:5078:055f:0dde0000:0:0:0:" name="FRANCE 3 GRENOBLE" service_name="FRANCE 3 GRENOBLE" provider="EUTELSAT" sid="1007" onid="1375" tsid="20600" />
    <channel service_ref="1:0:1:03f0:5014:055f:0dde0000:0:0:0:" name="FRANCE 3 LILLE" service_name="FRANCE 3 LILLE" provider="EUTELSAT" sid="1008" onid="1375" tsid="20500" />
    <channel service_ref="1:0:1:03f1:5078:055f:0dde0000:0:0:0:" name="FRANCE 3 LIMOGES" service_name="FRANCE 3 LIMOGES" provider="EUTELSAT" sid="1009" onid="1375" tsid="20600" />
    <channel service_ref="1:0:1:03f2:5078:055f:0dde0000:0:0:0:" name="FRANCE 3 LYON" service_name="FRANCE 3 LYON" provider="EUTELSAT" sid="1010" onid="1375" tsid="20600" />
    <channel service_ref="1:0:1:03f3:5078:055f:0dde0000:0:0:0:" name="FRANCE 3 MARSEILLE" service_name="FRANCE 3 MARSEILLE" provider="EUTELSAT" sid="1011" onid="1375" tsid="20600" />
    <channel service_ref="1:0:1:03f4:5078:055f:0dde0000:0:0:0:" name="FRANCE 3 MONTPELLIER" service_name="FRANCE 3 MONTPELLIER" provider="EUTELSAT" sid="1012" onid="1375" tsid="20600" />
    <channel service_ref="1:0:1:03f5:5014:055f:0dde0000:0:0:0:" name="FRANCE 3 NANCY" service_name="FRANCE 3 NANCY" provider="EUTELSAT" sid="1013" onid="1375" tsid="20500" />
    <channel service_ref="1:0:1:03f6:5078:055f:0dde0000:0:0:0:" name="FRANCE 3 NANTES" service_name="FRANCE 3 NANTES" provider="EUTELSAT" sid="1014" onid="1375" tsid="20600" />
    <channel service_ref="1:0:1:03f7:5014:055f:0dde0000:0:0:0:" name="FRANCE 3 NICE" service_name="FRANCE 3 NICE" provider="EUTELSAT" sid="1015" onid="1375" tsid="20500" />
    <channel service_ref="1:0:1:03f8:5140:055f:0dde0000:0:0:0:" name="FRANCE 3 ORLEANS" service_name="FRANCE 3 ORLEANS" provider="EUTELSAT" sid="1016" onid="1375" tsid="20800" />
    <channel service_ref="1:0:1:03f9:5140:055f:0dde0000:0:0:0:" name="FRANCE 3 PARIS" service_name="FRANCE 3 PARIS" provider="EUTELSAT" sid="1017" onid="1375" tsid="20800" />
    <channel service_ref="1:0:1:03fa:5014:055f:0dde0000:0:0:0:" name="FRANCE 3 POITIERS" service_name="FRANCE 3 POITIERS" provider="EUTELSAT" sid="1018" onid="1375" tsid="20500" />
    <channel service_ref="1:0:1:03fb:5014:055f:0dde0000:0:0:0:" name="FRANCE 3 REIMS" service_name="FRANCE 3 REIMS" provider="EUTELSAT" sid="1019" onid="1375" tsid="20500" />
    <channel service_ref="1:0:1:03fc:5078:055f:0dde0000:0:0:0:" name="FRANCE 3 RENNES" service_name="FRANCE 3 RENNES" provider="EUTELSAT" sid="1020" onid="1375" tsid="20600" />
    <channel service_ref="1:0:1:03fd:5140:055f:0dde0000:0:0:0:" name="FRANCE 3 ROUEN" service_name="FRANCE 3 ROUEN" provider="EUTELSAT" sid="1021" onid="1375" tsid="20800" />
    <channel service_ref="1:0:1:03fe:5014:055f:0dde0000:0:0:0:" name="FRANCE 3 STRASBOURG" service_name="FRANCE 3 STRASBOURG" provider="EUTELSAT" sid="1022" onid="1375" tsid="20500" />
    <channel service_ref="1:0:1:03ff:5014:055f:0dde0000:0:0:0:" name="FRANCE 3 TOULOUSE" service_name="FRANCE 3 TOULOUSE" provider="EUTELSAT" sid="1023" onid="1375" tsid="20500" />
    <channel service_ref="1:0:1:0190:5014:055f:0dde0000:0:0:0:" name="FRANCE 3 VIA STELLA" service_name="FRANCE 3 VIA STELLA" provider="EUTELSAT" sid="400" onid="1375" tsid="20500" />
    <channel service_ref="1:0:25:012f:4f4c:055f:0dde0000:0:0:0:" name="FRANCE 4" service_name="FRANCE 4" provider="EUTELSAT" sid="303" onid="1375" tsid="20300" />
    <channel service_ref="1:0:25:01a3:4fb0:055f:0dde0000:0:0:0:" name="FRANCE 5" service_name="FRANCE 5" provider="EUTELSAT" sid="419" onid="1375" tsid="20400" />
    <channel service_ref="1:0:22:0052:4f4c:055f:0dde0000:0:0:0:" name="FRANCE O" service_name="FRANCE O" provider="EUTELSAT" sid="82" onid="1375" tsid="20300" />
    <channel service_ref="1:0:22:0053:4f4c:055f:0dde0000:0:0:0:" name="FRANCEINFO:" service_name="FRANCEINFO:" provider="EUTELSAT" sid="83" onid="1375" tsid="20300" />
    <channel service_ref="1:0:25:00c1:4fb0:055f:0dde0000:0:0:0:" name="M6" service_name="M6" provider="EUTELSAT" sid="193" onid="1375" tsid="20400" />
    <channel service_ref="1:0:22:00f8:5398:055f:0dde0000:0:0:0:" name="RT FRANCE" service_name="RT FRANCE" provider="EUTELSAT" sid="248" onid="1375" tsid="21400" />
    <channel service_ref="1:0:25:00bf:4fb0:055f:0dde0000:0:0:0:" name="TF1" service_name="TF1" provider="EUTELSAT" sid="191" onid="1375" tsid="20400" />
  </bouquet>
  <bouquet name="Switzerland" category="tv">
    <channel service_ref="1:0:25:02d4:2904:055f:0dde0000:0:0:0:" name="13EME RUE" service_name="13EME RUE" provider="EUTELSAT" sid="724" onid="1375" tsid="10500" />
    <channel service_ref="1:0:22:01f7:5014:055f:0dde0000:0:0:0:" name="ETB3" service_name="ETB3" provider="EUTELSAT" sid="503" onid="1375" tsid="20500" />
    <channel service_ref="1:0:25:06a7:7788:055f:0dde0000:0:0:0:" name="FRANSAT ULTRA HD DEMO 3" service_name="FRANSAT ULTRA HD DEMO 3" provider="EUTELSAT" sid="1703" onid="1375" tsid="30600" />
    <channel service_ref="1:0:1:04a8:526c:055e:0dde0000:0:0:0:" name="RCF03_ALLIER" service_name="RCF03_ALLIER" provider="" sid="1192" onid="1374" tsid="21100" />
    <channel service_ref="1:0:1:04aa:526c:055e:0dde0000:0:0:0:" name="RCF05_HAUTES_ALPES" service_name="RCF05_HAUTES_ALPES" provider="" sid="1194" onid="1374" tsid="21100" />
    <channel service_ref="1:0:1:04ab:526c:055e:0dde0000:0:0:0:" name="RCF25_BESANCON" service_name="RCF25_BESANCON" provider="" sid="1195" onid="1374" tsid="21100" />
    <channel service_ref="1:0:1:04a9:526c:055e:0dde0000:0:0:0:" name="RCF33_BORDEAUX" service_name="RCF33_BORDEAUX" provider="" sid="1193" onid="1374" tsid="21100" />
    <channel service_ref="1:0:1:01ee:526c:055e:0dde0000:0:0:0:" name="RCF35_ALPHA" service_name="RCF35_ALPHA" provider="" sid="494" onid="1374" tsid="21100" />
    <channel service_ref="1:0:1:04a4:526c:055e:0dde0000:0:0:0:" name="RCF37" service_name="RCF37" provider="" sid="1188" onid="1374" tsid="21100" />
    <channel service_ref="1:0:1:049d:526c:055e:0dde0000:0:0:0:" name="RCF38_ISERE" service_name="RCF38_ISERE" provider="" sid="1181" onid="1374" tsid="21100" />
    <channel service_ref="1:0:1:04a1:526c:055e:0dde0000:0:0:0:" name="RCF43_LE_PUY_EN_VELAY" service_name="RCF43_LE_PUY_EN_VELAY" provider="" sid="1185" onid="1374" tsid="21100" />
    <channel service_ref="1:0:1:04a5:526c:055e:0dde0000:0:0:0:" name="RCF51" service_name="RCF51" provider="" sid="1189" onid="1374" tsid="21100" />
    <channel service_ref="1:0:1:04ae:526c:055e:0dde0000:0:0:0:" name="RCF51_MARNE_MEUSE" service_name="RCF51_MARNE_MEUSE" provider="" sid="1198" onid="1374" tsid="21100" />
    <channel service_ref="1:0:1:049c:526c:055e:0dde0000:0:0:0:" name="RCF73_SAVOIE" service_name="RCF73_SAVOIE" provider="" sid="1180" onid="1374" tsid="21100" />
    <channel service_ref="1:0:1:049e:526c:055e:0dde0000:0:0:0:" name="RCF83_OUEST_VAR" service_name="RCF83_OUEST_VAR" provider="" sid="1182" onid="1374" tsid="21100" />
    <channel service_ref="1:0:1:0067:5078:055f:0dde0000:0:0:0:" name="TV5 MONDE FBS" service_name="TV5 MONDE FBS" provider="EUTELSAT" sid="103" onid="1375" tsid="20600" />
  </bouquet>
  <bouquet name="Resolution - UHD" category="tv">
    <channel service_ref="1:0:25:06a5:7788:055f:0dde0000:0:0:0:" name="FRANSAT ULTRA HD DEMO" service_name="FRANSAT ULTRA HD DEMO" provider="EUTELSAT" sid="1701" onid="1375" tsid="30600" />
    <channel service_ref="1:0:25:06a7:7788:055f:0dde0000:0:0:0:" name="FRANSAT ULTRA HD DEMO 3" service_name="FRANSAT ULTRA HD DEMO 3" provider="EUTELSAT" sid="1703" onid="1375" tsid="30600" />
    <channel service_ref="1:0:31:06a6:7788:055f:0dde0000:0:0:0:" name="NASA TV UHD" service_name="NASA TV UHD" provider="EUTELSAT" sid="1702" onid="1375" tsid="30600" />
    <channel service_ref="1:0:31:06a8:7788:055f:0dde0000:0:0:0:" name="RMC SPORT 1 UHD" service_name="RMC SPORT 1 UHD" provider="EUTELSAT" sid="1704" onid="1375" tsid="30600" />
  </bouquet>
  <bouquet name="Shopping" category="tv">
    <channel service_ref="1:0:22:0a35:5078:055f:0dde0000:0:0:0:" name="QVC" service_name="QVC" provider="EUTELSAT" sid="2613" onid="1375" tsid="20600" />
  </bouquet>
  <bouquet name="Adult" category="tv">
    <channel service_ref="1:0:22:00d9:4ee8:055f:0dde0000:0:0:0:" name="DORCEL TV" service_name="DORCEL TV" provider="EUTELSAT" sid="217" onid="1375" tsid="20200" />
    <channel service_ref="1:0:22:00d8:4ee8:055f:0dde0000:0:0:0:" name="XXL" service_name="XXL" provider="EUTELSAT" sid="216" onid="1375" tsid="20200" />
  </bouquet>
  <bouquet name="UHD/4K" category="tv">
    <channel service_ref="1:0:25:06a5:7788:055f:0dde0000:0:0:0:" name="FRANSAT ULTRA HD DEMO" service_name="FRANSAT ULTRA HD DEMO" provider="EUTELSAT" sid="1701" onid="1375" tsid="30600" />
    <channel service_ref="1:0:31:06a6:7788:055f:0dde0000:0:0:0:" name="NASA TV UHD" service_name="NASA TV UHD" provider="EUTELSAT" sid="1702" onid="1375" tsid="30600" />
  </bouquet>
  <bouquet name="Others" category="tv">
    <channel service_ref="1:0:25:071e:2904:055f:0dde0000:0:0:0:" name="ALTICE STUDIO" service_name="ALTICE STUDIO" provider="EUTELSAT" sid="1822" onid="1375" tsid="10500" />
    <channel service_ref="1:0:25:00c2:4fb0:055f:0dde0000:0:0:0:" name="ARTE" service_name="ARTE" provider="EUTELSAT" sid="194" onid="1375" tsid="20400" />
    <channel service_ref="1:0:22:0b9c:51a4:055f:0dde0000:0:0:0:" name="BERBERE JEUNESSE" service_name="BERBERE JEUNESSE" provider="EUTELSAT" sid="2972" onid="1375" tsid="20900" />
    <channel service_ref="1:0:22:0b9b:51a4:055f:0dde0000:0:0:0:" name="BERBERE TV" service_name="BERBERE TV" provider="EUTELSAT" sid="2971" onid="1375" tsid="20900" />
    <channel service_ref="1:0:25:058e:5398:055f:0dde0000:0:0:0:" name="BFM BUSINESS" service_name="BFM BUSINESS" provider="EUTELSAT" sid="1422" onid="1375" tsid="21400" />
    <channel service_ref="1:0:25:058d:5398:055f:0dde0000:0:0:0:" name="BFM PARIS" service_name="BFM PARIS" provider="EUTELSAT" sid="1421" onid="1375" tsid="21400" />
    <channel service_ref="1:0:25:019a:4fb0:055f:0dde0000:0:0:0:" name="BOING" service_name="BOING" provider="EUTELSAT" sid="410" onid="1375" tsid="20400" />
    <channel service_ref="1:0:22:00d3:4ee8:055f:0dde0000:0:0:0:" name="CHASSE ET PECHE" service_name="CHASSE ET PECHE" provider="EUTELSAT" sid="211" onid="1375" tsid="20200" />
    <channel service_ref="1:0:22:00d7:4ee8:055f:0dde0000:0:0:0:" name="CRIME DISTRICT" service_name="CRIME DISTRICT" provider="EUTELSAT" sid="215" onid="1375" tsid="20200" />
    <channel service_ref="1:0:22:01f5:5014:055f:0dde0000:0:0:0:" name="D!CI TV" service_name="D!CI TV" provider="EUTELSAT" sid="501" onid="1375" tsid="20500" />
    <channel service_ref="1:0:25:058f:5398:055f:0dde0000:0:0:0:" name="DISCOVERY CHANNEL" service_name="DISCOVERY CHANNEL" provider="EUTELSAT" sid="1423" onid="1375" tsid="21400" />
    <channel service_ref="1:0:25:00fc:5398:055f:0dde0000:0:0:0:" name="DISCOVERY FAMILY" service_name="DISCOVERY FAMILY" provider="EUTELSAT" sid="252" onid="1375" tsid="21400" />
    <channel service_ref="1:0:25:024e:5398:055f:0dde0000:0:0:0:" name="DISCOVERY ID" service_name="DISCOVERY ID" provider="EUTELSAT" sid="590" onid="1375" tsid="21400" />
    <channel service_ref="1:0:25:00fb:5398:055f:0dde0000:0:0:0:" name="DISCOVERY SCIENCE" service_name="DISCOVERY SCIENCE" provider="EUTELSAT" sid="251" onid="1375" tsid="21400" />
    <channel service_ref="1:0:25:02d5:2904:055f:0dde0000:0:0:0:" name="E !" service_name="E !" provider="EUTELSAT" sid="725" onid="1375" tsid="10500" />
    <channel service_ref="1:0:22:00dc:4ee8:055f:0dde0000:0:0:0:" name="EQUIDIA" service_name="EQUIDIA" provider="EUTELSAT" sid="220" onid="1375" tsid="20200" />
    <channel service_ref="1:0:22:01f6:5014:055f:0dde0000:0:0:0:" name="ETB1" service_name="ETB1" provider="EUTELSAT" sid="502" onid="1375" tsid="20500" />
    <channel service_ref="1:0:25:008e:4f4c:055f:0dde0000:0:0:0:" name="FRANSAT INFO" service_name="FRANSAT INFO" provider="EUTELSAT" sid="142" onid="1375" tsid="20300" />
    <channel service_ref="1:0:22:00ce:4ee8:055f:0dde0000:0:0:0:" name="GAME ONE" service_name="GAME ONE" provider="EUTELSAT" sid="206" onid="1375" tsid="20200" />
    <channel service_ref="1:0:22:00cd:4ee8:055f:0dde0000:0:0:0:" name="GOLF CHANNEL" service_name="GOLF CHANNEL" provider="EUTELSAT" sid="205" onid="1375" tsid="20200" />
    <channel service_ref="1:0:22:0b85:51a4:055f:0dde0000:0:0:0:" name="KTO" service_name="KTO" provider="EUTELSAT" sid="2949" onid="1375" tsid="20900" />
    <channel service_ref="1:0:22:044e:526c:055e:0dde0000:0:0:0:" name="Label TV" service_name="Label TV" provider="Eutelsat" sid="1102" onid="1374" tsid="21100" />
    <channel service_ref="1:0:25:0055:4f4c:055f:0dde0000:0:0:0:" name="LCI" service_name="LCI" provider="EUTELSAT" sid="85" onid="1375" tsid="20300" />
    <channel service_ref="1:0:22:00ca:4ee8:055f:0dde0000:0:0:0:" name="MANGAS" service_name="MANGAS" provider="EUTELSAT" sid="202" onid="1375" tsid="20200" />
    <channel service_ref="1:0:22:0b89:51a4:055f:0dde0000:0:0:0:" name="MB LIVE" service_name="MB LIVE" provider="EUTELSAT" sid="2953" onid="1375" tsid="20900" />
    <channel service_ref="1:0:25:0ba1:51a4:055f:0dde0000:0:0:0:" name="MELODY" service_name="MELODY" provider="EUTELSAT" sid="2977" onid="1375" tsid="20900" />
    <channel service_ref="1:0:25:00fa:5398:055f:0dde0000:0:0:0:" name="MY CUISINE" service_name="MY CUISINE" provider="EUTELSAT" sid="250" onid="1375" tsid="21400" />
    <channel service_ref="1:0:25:01a1:4fb0:055f:0dde0000:0:0:0:" name="NRJ12" service_name="NRJ12" provider="EUTELSAT" sid="417" onid="1375" tsid="20400" />
    <channel service_ref="1:0:25:0058:4f4c:055f:0dde0000:0:0:0:" name="OCS CHOC" service_name="OCS CHOC" provider="EUTELSAT" sid="88" onid="1375" tsid="20300" />
    <channel service_ref="1:0:25:0057:4f4c:055f:0dde0000:0:0:0:" name="OCS CITY" service_name="OCS CITY" provider="EUTELSAT" sid="87" onid="1375" tsid="20300" />
    <channel service_ref="1:0:25:0059:4f4c:055f:0dde0000:0:0:0:" name="OCS GEANTS" service_name="OCS GEANTS" provider="EUTELSAT" sid="89" onid="1375" tsid="20300" />
    <channel service_ref="1:0:25:008a:4f4c:055f:0dde0000:0:0:0:" name="OCS MAX" service_name="OCS MAX" provider="EUTELSAT" sid="138" onid="1375" tsid="20300" />
    <channel service_ref="1:0:22:00d5:4ee8:055f:0dde0000:0:0:0:" name="OFFRE BIS.TV" service_name="OFFRE BIS.TV" provider="EUTELSAT" sid="213" onid="1375" tsid="20200" />
    <channel service_ref="1:0:22:00d6:4ee8:055f:0dde0000:0:0:0:" name="PARAMOUNT CHANNEL" service_name="PARAMOUNT CHANNEL" provider="EUTELSAT" sid="214" onid="1375" tsid="20200" />
    <channel service_ref="1:0:1:049f:526c:055e:0dde0000:0:0:0:" name="RCF" service_name="RCF" provider="" sid="1183" onid="1374" tsid="21100" />
    <channel service_ref="1:0:1:01ef:526c:055e:0dde0000:0:0:0:" name="RCF01_PAYS_DE_L_AIN" service_name="RCF01_PAYS_DE_L_AIN" provider="" sid="495" onid="1374" tsid="21100" />
    <channel service_ref="1:0:1:04ac:526c:055e:0dde0000:0:0:0:" name="RCF10_AUBE" service_name="RCF10_AUBE" provider="" sid="1196" onid="1374" tsid="21100" />
    <channel service_ref="1:0:1:01f1:526c:055e:0dde0000:0:0:0:" name="RCF11_PAYS_D_AUDE" service_name="RCF11_PAYS_D_AUDE" provider="" sid="497" onid="1374" tsid="21100" />
    <channel service_ref="1:0:1:01f2:526c:055e:0dde0000:0:0:0:" name="RCF18_BERRY" service_name="RCF18_BERRY" provider="" sid="498" onid="1374" tsid="21100" />
    <channel service_ref="1:0:1:04a3:526c:055e:0dde0000:0:0:0:" name="RCF21" service_name="RCF21" provider="" sid="1187" onid="1374" tsid="21100" />
    <channel service_ref="1:0:1:049a:526c:055e:0dde0000:0:0:0:" name="RCF26" service_name="RCF26" provider="" sid="1178" onid="1374" tsid="21100" />
    <channel service_ref="1:0:1:049b:526c:055e:0dde0000:0:0:0:" name="RCF41" service_name="RCF41" provider="" sid="1179" onid="1374" tsid="21100" />
    <channel service_ref="1:0:1:045e:526c:055e:0dde0000:0:0:0:" name="RCF49_ANJOU" service_name="RCF49_ANJOU" provider="" sid="1118" onid="1374" tsid="21100" />
    <channel service_ref="1:0:1:04a0:526c:055e:0dde0000:0:0:0:" name="RCF69_LYON_FOURVIERE" service_name="RCF69_LYON_FOURVIERE" provider="" sid="1184" onid="1374" tsid="21100" />
    <channel service_ref="1:0:1:04a7:526c:055e:0dde0000:0:0:0:" name="RCF74_HAUTE_SAVOIE" service_name="RCF74_HAUTE_SAVOIE" provider="" sid="1191" onid="1374" tsid="21100" />
    <channel service_ref="1:0:1:04a6:526c:055e:0dde0000:0:0:0:" name="RCF76" service_name="RCF76" provider="" sid="1190" onid="1374" tsid="21100" />
    <channel service_ref="1:0:1:04a2:526c:055e:0dde0000:0:0:0:" name="RCF84_LUMIERES" service_name="RCF84_LUMIERES" provider="" sid="1186" onid="1374" tsid="21100" />
    <channel service_ref="1:0:1:04ad:526c:055e:0dde0000:0:0:0:" name="RCF86_POITOU" service_name="RCF86_POITOU" provider="" sid="1197" onid="1374" tsid="21100" />
    <channel service_ref="1:0:1:01f3:526c:055e:0dde0000:0:0:0:" name="RCF_CORREZE" service_name="RCF_CORREZE" provider="" sid="499" onid="1374" tsid="21100" />
    <channel service_ref="1:0:25:058c:5398:055f:0dde0000:0:0:0:" name="SFR SAT" service_name="SFR SAT" provider="EUTELSAT" sid="1420" onid="1375" tsid="21400" />
    <channel service_ref="1:0:25:071f:2904:055f:0dde0000:0:0:0:" name="SYFY" service_name="SYFY" provider="EUTELSAT" sid="1823" onid="1375" tsid="10500" />
    <channel service_ref="1:0:22:00db:4ee8:055f:0dde0000:0:0:0:" name="TEVA" service_name="TEVA" provider="EUTELSAT" sid="219" onid="1375" tsid="20200" />
    <channel service_ref="1:0:25:019c:4fb0:055f:0dde0000:0:0:0:" name="TOONAMI" service_name="TOONAMI" provider="EUTELSAT" sid="412" onid="1375" tsid="20400" />
    <channel service_ref="1:0:22:00d2:4ee8:055f:0dde0000:0:0:0:" name="TOUTE L'HISTOIRE" service_name="TOUTE L'HISTOIRE" provider="EUTELSAT" sid="210" onid="1375" tsid="20200" />
    <channel service_ref="1:0:22:044d:526c:055e:0dde0000:0:0:0:" name="VEOA Occasion" service_name="VEOA Occasion" provider="Eutelsat" sid="1101" onid="1374" tsid="21100" />
    <channel service_ref="1:0:22:0b83:51a4:055f:0dde0000:0:0:0:" name="VOSGES TV" service_name="VOSGES TV" provider="EUTELSAT" sid="2947" onid="1375" tsid="20900" />
    <channel service_ref="1:0:25:01a5:4fb0:055f:0dde0000:0:0:0:" name="W9" service_name="W9" provider="EUTELSAT" sid="421" onid="1375" tsid="20400" />
  </bouquet>
  <bouquet name="PayTV - Sky - DE - HD" category="tv">
    <channel service_ref="1:0:25:071f:2904:055f:0dde0000:0:0:0:" name="SYFY" service_name="SYFY" provider="EUTELSAT" sid="1823" onid="1375" tsid="10500" />
  </bouquet>
  <bouquet name="PayTV - Canal+ - FR - HD" category="tv">
    <channel service_ref="1:0:25:0054:4f4c:055f:0dde0000:0:0:0:" name="CANAL+" service_name="CANAL+" provider="EUTELSAT" sid="84" onid="1375" tsid="20300" />
    <channel service_ref="1:0:25:0058:4f4c:055f:0dde0000:0:0:0:" name="OCS CHOC" service_name="OCS CHOC" provider="EUTELSAT" sid="88" onid="1375" tsid="20300" />
    <channel service_ref="1:0:25:0057:4f4c:055f:0dde0000:0:0:0:" name="OCS CITY" service_name="OCS CITY" provider="EUTELSAT" sid="87" onid="1375" tsid="20300" />
    <channel service_ref="1:0:25:0059:4f4c:055f:0dde0000:0:0:0:" name="OCS GEANTS" service_name="OCS GEANTS" provider="EUTELSAT" sid="89" onid="1375" tsid="20300" />
    <channel service_ref="1:0:25:008a:4f4c:055f:0dde0000:0:0:0:" name="OCS MAX" service_name="OCS MAX" provider="EUTELSAT" sid="138" onid="1375" tsid="20300" />
  </bouquet>
  <bouquet name="Radio" category="radio">
    <channel service_ref="1:0:2:042c:2711:0090:0dde0000:0:0:0:" name="BFM" service_name="BFM" provider="FM-DVB TDF TFL" sid="1068" onid="144" tsid="10001" />
    <channel service_ref="1:0:2:0b91:51a4:055f:0dde0000:0:0:0:" name="BFM" service_name="BFM" provider="EUTELSAT" sid="2961" onid="1375" tsid="20900" />
    <channel service_ref="1:0:2:0b96:51a4:055f:0dde0000:0:0:0:" name="CHERIE FM" service_name="CHERIE FM" provider="EUTELSAT" sid="2966" onid="1375" tsid="20900" />
    <channel service_ref="1:0:2:0b97:51a4:055f:0dde0000:0:0:0:" name="EUROPE 1" service_name="EUROPE 1" provider="EUTELSAT" sid="2967" onid="1375" tsid="20900" />
    <channel service_ref="1:0:2:0c1c:2711:0090:0dde0000:0:0:0:" name="Europe1" service_name="Europe1" provider="FM-DVB TDF TFL" sid="3100" onid="144" tsid="10001" />
    <channel service_ref="1:0:2:05ee:2711:0090:0dde0000:0:0:0:" name="FIP" service_name="FIP" provider="FM-DVB TDF TFL" sid="1518" onid="144" tsid="10001" />
    <channel service_ref="1:0:2:0b8e:51a4:055f:0dde0000:0:0:0:" name="FIP" service_name="FIP" provider="EUTELSAT" sid="2958" onid="1375" tsid="20900" />
    <channel service_ref="1:0:2:048f:526c:055e:0dde0000:0:0:0:" name="FIP Region" service_name="FIP Region" provider="Eutelsat" sid="1167" onid="1374" tsid="21100" />
    <channel service_ref="1:0:2:01cc:526c:055e:0dde0000:0:0:0:" name="France Bleu 107.1" service_name="France Bleu 107.1" provider="Eutelsat" sid="460" onid="1374" tsid="21100" />
    <channel service_ref="1:0:2:0b54:51a4:055f:0dde0000:0:0:0:" name="FRANCE BLEU 107.1" service_name="FRANCE BLEU 107.1" provider="EUTELSAT" sid="2900" onid="1375" tsid="20900" />
    <channel service_ref="1:0:2:01cd:526c:055e:0dde0000:0:0:0:" name="France Bleu Alsace" service_name="France Bleu Alsace" provider="Eutelsat" sid="461" onid="1374" tsid="21100" />
    <channel service_ref="1:0:2:0b55:51a4:055f:0dde0000:0:0:0:" name="FRANCE BLEU ALSACE" service_name="FRANCE BLEU ALSACE" provider="EUTELSAT" sid="2901" onid="1375" tsid="20900" />
    <channel service_ref="1:0:2:01ce:526c:055e:0dde0000:0:0:0:" name="France Bleu Armorique" service_name="France Bleu Armorique" provider="Eutelsat" sid="462" onid="1374" tsid="21100" />
    <channel service_ref="1:0:2:0b56:51a4:055f:0dde0000:0:0:0:" name="FRANCE BLEU ARMORIQUE" service_name="FRANCE BLEU ARMORIQUE" provider="EUTELSAT" sid="2902" onid="1375" tsid="20900" />
    <channel service_ref="1:0:2:01cf:526c:055e:0dde0000:0:0:0:" name="France Bleu Auxerre" service_name="France Bleu Auxerre" provider="Eutelsat" sid="463" onid="1374" tsid="21100" />
    <channel service_ref="1:0:2:0b57:51a4:055f:0dde0000:0:0:0:" name="FRANCE BLEU AUXERRE" service_name="FRANCE BLEU AUXERRE" provider="EUTELSAT" sid="2903" onid="1375" tsid="20900" />
    <channel service_ref="1:0:2:01d0:526c:055e:0dde0000:0:0:0:" name="France Bleu Azur" service_name="France Bleu Azur" provider="Eutelsat" sid="464" onid="1374" tsid="21100" />
    <channel service_ref="1:0:2:0b58:51a4:055f:0dde0000:0:0:0:" name="FRANCE BLEU AZUR" service_name="FRANCE BLEU AZUR" provider="EUTELSAT" sid="2904" onid="1375" tsid="20900" />
    <channel service_ref="1:0:2:01d1:526c:055e:0dde0000:0:0:0:" name="France Bleu Basse Normandie" service_name="France Bleu Basse Normandie" provider="Eutelsat" sid="465" onid="1374" tsid="21100" />
    <channel service_ref="1:0:2:0b59:51a4:055f:0dde0000:0:0:0:" name="FRANCE BLEU BASSE NORMANDIE" service_name="FRANCE BLEU BASSE NORMANDIE" provider="EUTELSAT" sid="2905" onid="1375" tsid="20900" />
    <channel service_ref="1:0:2:01d2:526c:055e:0dde0000:0:0:0:" name="France Bleu Bearn" service_name="France Bleu Bearn" provider="Eutelsat" sid="466" onid="1374" tsid="21100" />
    <channel service_ref="1:0:2:0b5a:51a4:055f:0dde0000:0:0:0:" name="FRANCE BLEU BEARN" service_name="FRANCE BLEU BEARN" provider="EUTELSAT" sid="2906" onid="1375" tsid="20900" />
    <channel service_ref="1:0:2:01d3:526c:055e:0dde0000:0:0:0:" name="France Bleu Belfort Montbeliard" service_name="France Bleu Belfort Montbeliard" provider="Eutelsat" sid="467" onid="1374" tsid="21100" />
    <channel service_ref="1:0:2:0b5b:51a4:055f:0dde0000:0:0:0:" name="FRANCE BLEU BELFORT MONTBELIARD" service_name="FRANCE BLEU BELFORT MONTBELIARD" provider="EUTELSAT" sid="2907" onid="1375" tsid="20900" />
    <channel service_ref="1:0:2:01d4:526c:055e:0dde0000:0:0:0:" name="France Bleu Berry" service_name="France Bleu Berry" provider="Eutelsat" sid="468" onid="1374" tsid="21100" />
    <channel service_ref="1:0:2:0b5c:51a4:055f:0dde0000:0:0:0:" name="FRANCE BLEU BERRY" service_name="FRANCE BLEU BERRY" provider="EUTELSAT" sid="2908" onid="1375" tsid="20900" />
    <channel service_ref="1:0:2:01d5:526c:055e:0dde0000:0:0:0:" name="France Bleu Besancon" service_name="France Bleu Besancon" provider="Eutelsat" sid="469" onid="1374" tsid="21100" />
    <channel service_ref="1:0:2:0b5d:51a4:055f:0dde0000:0:0:0:" name="FRANCE BLEU BESANCON" service_name="FRANCE BLEU BESANCON" provider="EUTELSAT" sid="2909" onid="1375" tsid="20900" />
    <channel service_ref="1:0:2:046a:526c:055e:0dde0000:0:0:0:" name="France Bleu Bourgogne" service_name="France Bleu Bourgogne" provider="Eutelsat" sid="1130" onid="1374" tsid="21100" />
    <channel service_ref="1:0:2:0b5e:51a4:055f:0dde0000:0:0:0:" name="FRANCE BLEU BOURGOGNE" service_name="FRANCE BLEU BOURGOGNE" provider="EUTELSAT" sid="2910" onid="1375" tsid="20900" />
    <channel service_ref="1:0:2:046b:526c:055e:0dde0000:0:0:0:" name="France Bleu Breizh Izel" service_name="France Bleu Breizh Izel" provider="Eutelsat" sid="1131" onid="1374" tsid="21100" />
    <channel service_ref="1:0:2:0b5f:51a4:055f:0dde0000:0:0:0:" name="FRANCE BLEU BREIZH IZEL" service_name="FRANCE BLEU BREIZH IZEL" provider="EUTELSAT" sid="2911" onid="1375" tsid="20900" />
    <channel service_ref="1:0:2:046c:526c:055e:0dde0000:0:0:0:" name="France Bleu Champagne" service_name="France Bleu Champagne" provider="Eutelsat" sid="1132" onid="1374" tsid="21100" />
    <channel service_ref="1:0:2:0b60:51a4:055f:0dde0000:0:0:0:" name="FRANCE BLEU CHAMPAGNE" service_name="FRANCE BLEU CHAMPAGNE" provider="EUTELSAT" sid="2912" onid="1375" tsid="20900" />
    <channel service_ref="1:0:2:046d:526c:055e:0dde0000:0:0:0:" name="France Bleu Cotentin" service_name="France Bleu Cotentin" provider="Eutelsat" sid="1133" onid="1374" tsid="21100" />
    <channel service_ref="1:0:2:0b61:51a4:055f:0dde0000:0:0:0:" name="FRANCE BLEU COTENTIN" service_name="FRANCE BLEU COTENTIN" provider="EUTELSAT" sid="2913" onid="1375" tsid="20900" />
    <channel service_ref="1:0:2:046e:526c:055e:0dde0000:0:0:0:" name="France Bleu Creuse" service_name="France Bleu Creuse" provider="Eutelsat" sid="1134" onid="1374" tsid="21100" />
    <channel service_ref="1:0:2:0b62:51a4:055f:0dde0000:0:0:0:" name="FRANCE BLEU CREUSE" service_name="FRANCE BLEU CREUSE" provider="EUTELSAT" sid="2914" onid="1375" tsid="20900" />
    <channel service_ref="1:0:2:046f:526c:055e:0dde0000:0:0:0:" name="France Bleu Drome Ardeche" service_name="France Bleu Drome Ardeche" provider="Eutelsat" sid="1135" onid="1374" tsid="21100" />
    <channel service_ref="1:0:2:0b63:51a4:055f:0dde0000:0:0:0:" name="FRANCE BLEU DROME ARDECHE" service_name="FRANCE BLEU DROME ARDECHE" provider="EUTELSAT" sid="2915" onid="1375" tsid="20900" />
    <channel service_ref="1:0:2:01d6:526c:055e:0dde0000:0:0:0:" name="France Bleu Frequenza Mora" service_name="France Bleu Frequenza Mora" provider="Eutelsat" sid="470" onid="1374" tsid="21100" />
    <channel service_ref="1:0:2:0b64:51a4:055f:0dde0000:0:0:0:" name="FRANCE BLEU FREQUENZA MORA" service_name="FRANCE BLEU FREQUENZA MORA" provider="EUTELSAT" sid="2916" onid="1375" tsid="20900" />
    <channel service_ref="1:0:2:01d7:526c:055e:0dde0000:0:0:0:" name="France Bleu Gard Lozere" service_name="France Bleu Gard Lozere" provider="Eutelsat" sid="471" onid="1374" tsid="21100" />
    <channel service_ref="1:0:2:0b65:51a4:055f:0dde0000:0:0:0:" name="FRANCE BLEU GARD LOZERE" service_name="FRANCE BLEU GARD LOZERE" provider="EUTELSAT" sid="2917" onid="1375" tsid="20900" />
    <channel service_ref="1:0:2:01d8:526c:055e:0dde0000:0:0:0:" name="France Bleu Gascogne" service_name="France Bleu Gascogne" provider="Eutelsat" sid="472" onid="1374" tsid="21100" />
    <channel service_ref="1:0:2:0b66:51a4:055f:0dde0000:0:0:0:" name="FRANCE BLEU GASCOGNE" service_name="FRANCE BLEU GASCOGNE" provider="EUTELSAT" sid="2918" onid="1375" tsid="20900" />
    <channel service_ref="1:0:2:01d9:526c:055e:0dde0000:0:0:0:" name="France Bleu Gironde" service_name="France Bleu Gironde" provider="Eutelsat" sid="473" onid="1374" tsid="21100" />
    <channel service_ref="1:0:2:0b67:51a4:055f:0dde0000:0:0:0:" name="FRANCE BLEU GIRONDE" service_name="FRANCE BLEU GIRONDE" provider="EUTELSAT" sid="2919" onid="1375" tsid="20900" />
    <channel service_ref="1:0:2:01da:526c:055e:0dde0000:0:0:0:" name="France Bleu Haute Normandie" service_name="France Bleu Haute Normandie" provider="Eutelsat" sid="474" onid="1374" tsid="21100" />
    <channel service_ref="1:0:2:0b68:51a4:055f:0dde0000:0:0:0:" name="FRANCE BLEU HAUTE NORMANDIE" service_name="FRANCE BLEU HAUTE NORMANDIE" provider="EUTELSAT" sid="2920" onid="1375" tsid="20900" />
    <channel service_ref="1:0:2:01db:526c:055e:0dde0000:0:0:0:" name="France Bleu Herault" service_name="France Bleu Herault" provider="Eutelsat" sid="475" onid="1374" tsid="21100" />
    <channel service_ref="1:0:2:0b69:51a4:055f:0dde0000:0:0:0:" name="FRANCE BLEU HERAULT" service_name="FRANCE BLEU HERAULT" provider="EUTELSAT" sid="2921" onid="1375" tsid="20900" />
    <channel service_ref="1:0:2:01dc:526c:055e:0dde0000:0:0:0:" name="France Bleu Isere" service_name="France Bleu Isere" provider="Eutelsat" sid="476" onid="1374" tsid="21100" />
    <channel service_ref="1:0:2:0b6a:51a4:055f:0dde0000:0:0:0:" name="FRANCE BLEU ISERE" service_name="FRANCE BLEU ISERE" provider="EUTELSAT" sid="2922" onid="1375" tsid="20900" />
    <channel service_ref="1:0:2:01dd:526c:055e:0dde0000:0:0:0:" name="France Bleu La Rochelle" service_name="France Bleu La Rochelle" provider="Eutelsat" sid="477" onid="1374" tsid="21100" />
    <channel service_ref="1:0:2:0b6b:51a4:055f:0dde0000:0:0:0:" name="FRANCE BLEU LA ROCHELLE" service_name="FRANCE BLEU LA ROCHELLE" provider="EUTELSAT" sid="2923" onid="1375" tsid="20900" />
    <channel service_ref="1:0:2:01de:526c:055e:0dde0000:0:0:0:" name="France Bleu Limousin" service_name="France Bleu Limousin" provider="Eutelsat" sid="478" onid="1374" tsid="21100" />
    <channel service_ref="1:0:2:0b6c:51a4:055f:0dde0000:0:0:0:" name="FRANCE BLEU LIMOUSIN" service_name="FRANCE BLEU LIMOUSIN" provider="EUTELSAT" sid="2924" onid="1375" tsid="20900" />
    <channel service_ref="1:0:2:01df:526c:055e:0dde0000:0:0:0:" name="France Bleu Loire Ocean" service_name="France Bleu Loire Ocean" provider="Eutelsat" sid="479" onid="1374" tsid="21100" />
    <channel service_ref="1:0:2:0b6d:51a4:055f:0dde0000:0:0:0:" name="FRANCE BLEU LOIRE OCEAN" service_name="FRANCE BLEU LOIRE OCEAN" provider="EUTELSAT" sid="2925" onid="1375" tsid="20900" />
    <channel service_ref="1:0:2:047a:526c:055e:0dde0000:0:0:0:" name="France Bleu Lorraine Nord" service_name="France Bleu Lorraine Nord" provider="Eutelsat" sid="1146" onid="1374" tsid="21100" />
    <channel service_ref="1:0:2:0b6e:51a4:055f:0dde0000:0:0:0:" name="FRANCE BLEU LORRAINE NORD" service_name="FRANCE BLEU LORRAINE NORD" provider="EUTELSAT" sid="2926" onid="1375" tsid="20900" />
    <channel service_ref="1:0:2:047b:526c:055e:0dde0000:0:0:0:" name="France Bleu Maine" service_name="France Bleu Maine" provider="Eutelsat" sid="1147" onid="1374" tsid="21100" />
    <channel service_ref="1:0:2:0b6f:51a4:055f:0dde0000:0:0:0:" name="FRANCE BLEU MAINE" service_name="FRANCE BLEU MAINE" provider="EUTELSAT" sid="2927" onid="1375" tsid="20900" />
    <channel service_ref="1:0:2:047c:526c:055e:0dde0000:0:0:0:" name="France Bleu Mayenne" service_name="France Bleu Mayenne" provider="Eutelsat" sid="1148" onid="1374" tsid="21100" />
    <channel service_ref="1:0:2:0b70:51a4:055f:0dde0000:0:0:0:" name="FRANCE BLEU MAYENNE" service_name="FRANCE BLEU MAYENNE" provider="EUTELSAT" sid="2928" onid="1375" tsid="20900" />
    <channel service_ref="1:0:2:01eb:526c:055e:0dde0000:0:0:0:" name="France Bleu Natio" service_name="France Bleu Natio" provider="Eutelsat" sid="491" onid="1374" tsid="21100" />
    <channel service_ref="1:0:2:047d:526c:055e:0dde0000:0:0:0:" name="France Bleu Nord" service_name="France Bleu Nord" provider="Eutelsat" sid="1149" onid="1374" tsid="21100" />
    <channel service_ref="1:0:2:0b71:51a4:055f:0dde0000:0:0:0:" name="FRANCE BLEU NORD" service_name="FRANCE BLEU NORD" provider="EUTELSAT" sid="2929" onid="1375" tsid="20900" />
    <channel service_ref="1:0:2:047e:526c:055e:0dde0000:0:0:0:" name="France Bleu Orleans" service_name="France Bleu Orleans" provider="Eutelsat" sid="1150" onid="1374" tsid="21100" />
    <channel service_ref="1:0:2:0b72:51a4:055f:0dde0000:0:0:0:" name="FRANCE BLEU ORLEANS" service_name="FRANCE BLEU ORLEANS" provider="EUTELSAT" sid="2930" onid="1375" tsid="20900" />
    <channel service_ref="1:0:2:047f:526c:055e:0dde0000:0:0:0:" name="France Bleu Pays Basque" service_name="France Bleu Pays Basque" provider="Eutelsat" sid="1151" onid="1374" tsid="21100" />
    <channel service_ref="1:0:2:0b73:51a4:055f:0dde0000:0:0:0:" name="FRANCE BLEU PAYS BASQUE" service_name="FRANCE BLEU PAYS BASQUE" provider="EUTELSAT" sid="2931" onid="1375" tsid="20900" />
    <channel service_ref="1:0:2:01e0:526c:055e:0dde0000:0:0:0:" name="France Bleu Pays d Auvergne" service_name="France Bleu Pays d Auvergne" provider="Eutelsat" sid="480" onid="1374" tsid="21100" />
    <channel service_ref="1:0:2:0b74:51a4:055f:0dde0000:0:0:0:" name="FRANCE BLEU PAYS D'AUVERGNE" service_name="FRANCE BLEU PAYS D'AUVERGNE" provider="EUTELSAT" sid="2932" onid="1375" tsid="20900" />
    <channel service_ref="1:0:2:01e1:526c:055e:0dde0000:0:0:0:" name="France Bleu Pays de Savoie" service_name="France Bleu Pays de Savoie" provider="Eutelsat" sid="481" onid="1374" tsid="21100" />
    <channel service_ref="1:0:2:0b75:51a4:055f:0dde0000:0:0:0:" name="FRANCE BLEU PAYS DE SAVOIE" service_name="FRANCE BLEU PAYS DE SAVOIE" provider="EUTELSAT" sid="2933" onid="1375" tsid="20900" />
    <channel service_ref="1:0:2:01e2:526c:055e:0dde0000:0:0:0:" name="France Bleu Perigord" service_name="France Bleu Perigord" provider="Eutelsat" sid="482" onid="1374" tsid="21100" />
    <channel service_ref="1:0:2:0b76:51a4:055f:0dde0000:0:0:0:" name="FRANCE BLEU PERIGORD" service_name="FRANCE BLEU PERIGORD" provider="EUTELSAT" sid="2934" onid="1375" tsid="20900" />
    <channel service_ref="1:0:2:01e3:526c:055e:0dde0000:0:0:0:" name="France Bleu Picardie" service_name="France Bleu Picardie" provider="Eutelsat" sid="483" onid="1374" tsid="21100" />
    <channel service_ref="1:0:2:0b77:51a4:055f:0dde0000:0:0:0:" name="FRANCE BLEU PICARDIE" service_name="FRANCE BLEU PICARDIE" provider="EUTELSAT" sid="2935" onid="1375" tsid="20900" />
    <channel service_ref="1:0:2:01e4:526c:055e:0dde0000:0:0:0:" name="France Bleu Poitou" service_name="France Bleu Poitou" provider="Eutelsat" sid="484" onid="1374" tsid="21100" />
    <channel service_ref="1:0:2:0b78:51a4:055f:0dde0000:0:0:0:" name="FRANCE BLEU POITOU" service_name="FRANCE BLEU POITOU" provider="EUTELSAT" sid="2936" onid="1375" tsid="20900" />
    <channel service_ref="1:0:2:01e5:526c:055e:0dde0000:0:0:0:" name="France Bleu Provence" service_name="France Bleu Provence" provider="Eutelsat" sid="485" onid="1374" tsid="21100" />
    <channel service_ref="1:0:2:0b79:51a4:055f:0dde0000:0:0:0:" name="FRANCE BLEU PROVENCE" service_name="FRANCE BLEU PROVENCE" provider="EUTELSAT" sid="2937" onid="1375" tsid="20900" />
    <channel service_ref="1:0:2:01e6:526c:055e:0dde0000:0:0:0:" name="France Bleu Roussillon" service_name="France Bleu Roussillon" provider="Eutelsat" sid="486" onid="1374" tsid="21100" />
    <channel service_ref="1:0:2:0b7a:51a4:055f:0dde0000:0:0:0:" name="FRANCE BLEU ROUSSILLON" service_name="FRANCE BLEU ROUSSILLON" provider="EUTELSAT" sid="2938" onid="1375" tsid="20900" />
    <channel service_ref="1:0:2:01e7:526c:055e:0dde0000:0:0:0:" name="France Bleu Saint Etienne" service_name="France Bleu Saint Etienne" provider="Eutelsat" sid="487" onid="1374" tsid="21100" />
    <channel service_ref="1:0:2:0b7b:51a4:055f:0dde0000:0:0:0:" name="FRANCE BLEU SAINT ETIENNE" service_name="FRANCE BLEU SAINT ETIENNE" provider="EUTELSAT" sid="2939" onid="1375" tsid="20900" />
    <channel service_ref="1:0:2:01e8:526c:055e:0dde0000:0:0:0:" name="France Bleu Sud Lorraine" service_name="France Bleu Sud Lorraine" provider="Eutelsat" sid="488" onid="1374" tsid="21100" />
    <channel service_ref="1:0:2:0b7c:51a4:055f:0dde0000:0:0:0:" name="FRANCE BLEU SUD LORRAINE" service_name="FRANCE BLEU SUD LORRAINE" provider="EUTELSAT" sid="2940" onid="1375" tsid="20900" />
    <channel service_ref="1:0:2:01e9:526c:055e:0dde0000:0:0:0:" name="France Bleu Toulouse" service_name="France Bleu Toulouse" provider="Eutelsat" sid="489" onid="1374" tsid="21100" />
    <channel service_ref="1:0:2:0b7d:51a4:055f:0dde0000:0:0:0:" name="FRANCE BLEU TOULOUSE" service_name="FRANCE BLEU TOULOUSE" provider="EUTELSAT" sid="2941" onid="1375" tsid="20900" />
    <channel service_ref="1:0:2:048a:526c:055e:0dde0000:0:0:0:" name="France Bleu Touraine" service_name="France Bleu Touraine" provider="Eutelsat" sid="1162" onid="1374" tsid="21100" />
    <channel service_ref="1:0:2:0b7e:51a4:055f:0dde0000:0:0:0:" name="FRANCE BLEU TOURAINE" service_name="FRANCE BLEU TOURAINE" provider="EUTELSAT" sid="2942" onid="1375" tsid="20900" />
    <channel service_ref="1:0:2:048b:526c:055e:0dde0000:0:0:0:" name="France Bleu Vaucluse" service_name="France Bleu Vaucluse" provider="Eutelsat" sid="1163" onid="1374" tsid="21100" />
    <channel service_ref="1:0:2:0b7f:51a4:055f:0dde0000:0:0:0:" name="FRANCE BLEU VAUCLUSE" service_name="FRANCE BLEU VAUCLUSE" provider="EUTELSAT" sid="2943" onid="1375" tsid="20900" />
    <channel service_ref="1:0:2:05aa:2711:0090:0dde0000:0:0:0:" name="France Culture" service_name="France Culture" provider="FM-DVB TDF TFL" sid="1450" onid="144" tsid="10001" />
    <channel service_ref="1:0:2:0b8c:51a4:055f:0dde0000:0:0:0:" name="FRANCE CULTURE" service_name="FRANCE CULTURE" provider="EUTELSAT" sid="2956" onid="1375" tsid="20900" />
    <channel service_ref="1:0:2:0b8f:51a4:055f:0dde0000:0:0:0:" name="FRANCE INFO" service_name="FRANCE INFO" provider="EUTELSAT" sid="2959" onid="1375" tsid="20900" />
    <channel service_ref="1:0:2:15e0:2711:0090:0dde0000:0:0:0:" name="France Info" service_name="France Info" provider="FM-DVB TDF TFL" sid="5600" onid="144" tsid="10001" />
    <channel service_ref="1:0:2:0b8b:51a4:055f:0dde0000:0:0:0:" name="FRANCE INTER" service_name="FRANCE INTER" provider="EUTELSAT" sid="2955" onid="1375" tsid="20900" />
    <channel service_ref="1:0:2:13ec:2711:0090:0dde0000:0:0:0:" name="France Inter" service_name="France Inter" provider="FM-DVB TDF TFL" sid="5100" onid="144" tsid="10001" />
    <channel service_ref="1:0:2:0b8d:51a4:055f:0dde0000:0:0:0:" name="FRANCE MUSIQUE" service_name="FRANCE MUSIQUE" provider="EUTELSAT" sid="2957" onid="1375" tsid="20900" />
    <channel service_ref="1:0:2:14b4:2711:0090:0dde0000:0:0:0:" name="France Musique" service_name="France Musique" provider="FM-DVB TDF TFL" sid="5300" onid="144" tsid="10001" />
    <channel service_ref="1:0:2:00ca:2711:0090:0dde0000:0:0:0:" name="FUN" service_name="FUN" provider="FM-DVB TDF TFL" sid="202" onid="144" tsid="10001" />
    <channel service_ref="1:0:2:0b90:51a4:055f:0dde0000:0:0:0:" name="LE MOUV" service_name="LE MOUV" provider="EUTELSAT" sid="2960" onid="1375" tsid="20900" />
    <channel service_ref="1:0:2:16a8:2711:0090:0dde0000:0:0:0:" name="Le Mouv'" service_name="Le Mouv'" provider="FM-DVB TDF TFL" sid="5800" onid="144" tsid="10001" />
    <channel service_ref="1:0:2:01ec:526c:055e:0dde0000:0:0:0:" name="Mediadix3" service_name="Mediadix3" provider="Eutelsat" sid="492" onid="1374" tsid="21100" />
    <channel service_ref="1:0:2:0ba3:51a4:055f:0dde0000:0:0:0:" name="METROPOLYS" service_name="METROPOLYS" provider="EUTELSAT" sid="2979" onid="1375" tsid="20900" />
    <channel service_ref="1:0:2:17d4:2711:0090:0dde0000:0:0:0:" name="MFM" service_name="MFM" provider="FM-DVB TDF TFL" sid="6100" onid="144" tsid="10001" />
    <channel service_ref="1:0:2:07d2:0003:20fa:0dde0000:0:0:0:" name="NOST IDF" service_name="NOST IDF" provider="TWC" sid="2002" onid="8442" tsid="3" />
    <channel service_ref="1:0:2:0b93:51a4:055f:0dde0000:0:0:0:" name="NOSTALGIE" service_name="NOSTALGIE" provider="EUTELSAT" sid="2963" onid="1375" tsid="20900" />
    <channel service_ref="1:0:2:0b94:51a4:055f:0dde0000:0:0:0:" name="NRJ" service_name="NRJ" provider="EUTELSAT" sid="2964" onid="1375" tsid="20900" />
    <channel service_ref="1:0:2:07d1:0003:20fa:0dde0000:0:0:0:" name="NRJ IDF" service_name="NRJ IDF" provider="TWC" sid="2001" onid="8442" tsid="3" />
    <channel service_ref="1:0:2:0b9a:51a4:055f:0dde0000:0:0:0:" name="RADIO AFRICA N01" service_name="RADIO AFRICA N01" provider="EUTELSAT" sid="2970" onid="1375" tsid="20900" />
    <channel service_ref="1:0:2:0b9f:51a4:055f:0dde0000:0:0:0:" name="RADIO ANTINEA" service_name="RADIO ANTINEA" provider="EUTELSAT" sid="2975" onid="1375" tsid="20900" />
    <channel service_ref="1:0:2:0b9e:51a4:055f:0dde0000:0:0:0:" name="RADIO BERBERE" service_name="RADIO BERBERE" provider="EUTELSAT" sid="2974" onid="1375" tsid="20900" />
    <channel service_ref="1:0:2:0156:2711:0090:0dde0000:0:0:0:" name="Radio Classique" service_name="Radio Classique" provider="FM-DVB TDF TFL" sid="342" onid="144" tsid="10001" />
    <channel service_ref="1:0:2:01ed:526c:055e:0dde0000:0:0:0:" name="Radio Esperance" service_name="Radio Esperance" provider="Eutelsat" sid="493" onid="1374" tsid="21100" />
    <channel service_ref="1:0:2:01ea:526c:055e:0dde0000:0:0:0:" name="RF Contrib" service_name="RF Contrib" provider="Eutelsat" sid="490" onid="1374" tsid="21100" />
    <channel service_ref="1:0:2:0b99:51a4:055f:0dde0000:0:0:0:" name="RFM" service_name="RFM" provider="EUTELSAT" sid="2969" onid="1375" tsid="20900" />
    <channel service_ref="1:0:2:0ce4:2711:0090:0dde0000:0:0:0:" name="RFM" service_name="RFM" provider="FM-DVB TDF TFL" sid="3300" onid="144" tsid="10001" />
    <channel service_ref="1:0:2:0b95:51a4:055f:0dde0000:0:0:0:" name="RIRE ET CHANSONS" service_name="RIRE ET CHANSONS" provider="EUTELSAT" sid="2965" onid="1375" tsid="20900" />
    <channel service_ref="1:0:2:03ec:2711:0090:0dde0000:0:0:0:" name="RMC" service_name="RMC" provider="FM-DVB TDF TFL" sid="1004" onid="144" tsid="10001" />
    <channel service_ref="1:0:2:0b92:51a4:055f:0dde0000:0:0:0:" name="RMC" service_name="RMC" provider="EUTELSAT" sid="2962" onid="1375" tsid="20900" />
    <channel service_ref="1:0:2:044c:2711:0090:0dde0000:0:0:0:" name="RTL" service_name="RTL" provider="FM-DVB TDF TFL" sid="1100" onid="144" tsid="10001" />
    <channel service_ref="1:0:2:04b0:2711:0090:0dde0000:0:0:0:" name="RTL2" service_name="RTL2" provider="FM-DVB TDF TFL" sid="1200" onid="144" tsid="10001" />
    <channel service_ref="1:0:2:01f4:2711:0090:0dde0000:0:0:0:" name="Sec TDF1: Radio Courtoisie" service_name="Sec TDF1: Radio Courtoisie" provider="FM-DVB TDF TFL" sid="500" onid="144" tsid="10001" />
    <channel service_ref="1:0:2:0066:2711:0090:0dde0000:0:0:0:" name="Sec TDF2: RCF 38" service_name="Sec TDF2: RCF 38" provider="FM-DVB TDF TFL" sid="102" onid="144" tsid="10001" />
    <channel service_ref="1:0:2:03e9:0003:20fa:0dde0000:0:0:0:" name="SKYROCK-SAT" service_name="SKYROCK-SAT" provider="TOWERCAST 1-M" sid="1001" onid="8442" tsid="3" />
    <channel service_ref="1:0:2:1bbc:2711:0090:0dde0000:0:0:0:" name="Sud Radio" service_name="Sud Radio" provider="FM-DVB TDF TFL" sid="7100" onid="144" tsid="10001" />
    <channel service_ref="1:0:2:0028:2711:0090:0dde0000:0:0:0:" name="TDF-RDS1" service_name="TDF-RDS1" provider="FM-DVB TDF TFL" sid="40" onid="144" tsid="10001" />
    <channel service_ref="1:0:2:00c8:2711:0090:0dde0000:0:0:0:" name="TDF-RDS2" service_name="TDF-RDS2" provider="FM-DVB TDF TFL" sid="200" onid="144" tsid="10001" />
    <channel service_ref="1:0:2:012c:2711:0090:0dde0000:0:0:0:" name="Tiers-RDS" service_name="Tiers-RDS" provider="FM-DVB TDF TFL" sid="300" onid="144" tsid="10001" />
    <channel service_ref="1:0:2:00b4:2711:0090:0dde0000:0:0:0:" name="TWC-SIRC" service_name="TWC-SIRC" provider="FM-DVB TDF TFL" sid="180" onid="144" tsid="10001" />
    <channel service_ref="1:0:2:0c80:2711:0090:0dde0000:0:0:0:" name="Virgin" service_name="Virgin" provider="FM-DVB TDF TFL" sid="3200" onid="144" tsid="10001" />
    <channel service_ref="1:0:2:0b98:51a4:055f:0dde0000:0:0:0:" name="VIRGIN RADIO" service_name="VIRGIN RADIO" provider="EUTELSAT" sid="2968" onid="1375" tsid="20900" />
  </bouquet>
  <bouquet name="Radio - International" category="radio">
    <channel service_ref="1:0:2:047a:526c:055e:0dde0000:0:0:0:" name="France Bleu Lorraine Nord" service_name="France Bleu Lorraine Nord" provider="Eutelsat" sid="1146" onid="1374" tsid="21100" />
    <channel service_ref="1:0:2:0b6e:51a4:055f:0dde0000:0:0:0:" name="FRANCE BLEU LORRAINE NORD" service_name="FRANCE BLEU LORRAINE NORD" provider="EUTELSAT" sid="2926" onid="1375" tsid="20900" />
    <channel service_ref="1:0:2:01e8:526c:055e:0dde0000:0:0:0:" name="France Bleu Sud Lorraine" service_name="France Bleu Sud Lorraine" provider="Eutelsat" sid="488" onid="1374" tsid="21100" />
    <channel service_ref="1:0:2:0b7c:51a4:055f:0dde0000:0:0:0:" name="FRANCE BLEU SUD LORRAINE" service_name="FRANCE BLEU SUD LORRAINE" provider="EUTELSAT" sid="2940" onid="1375" tsid="20900" />
    <channel service_ref="1:0:2:048a:526c:055e:0dde0000:0:0:0:" name="France Bleu Touraine" service_name="France Bleu Touraine" provider="Eutelsat" sid="1162" onid="1374" tsid="21100" />
    <channel service_ref="1:0:2:0b7e:51a4:055f:0dde0000:0:0:0:" name="FRANCE BLEU TOURAINE" service_name="FRANCE BLEU TOURAINE" provider="EUTELSAT" sid="2942" onid="1375" tsid="20900" />
  </bouquet>
  <bouquet name="Radio - Music" category="radio">
    <channel service_ref="1:0:2:042c:2711:0090:0dde0000:0:0:0:" name="BFM" service_name="BFM" provider="FM-DVB TDF TFL" sid="1068" onid="144" tsid="10001" />
    <channel service_ref="1:0:2:0b91:51a4:055f:0dde0000:0:0:0:" name="BFM" service_name="BFM" provider="EUTELSAT" sid="2961" onid="1375" tsid="20900" />
    <channel service_ref="1:0:2:0b96:51a4:055f:0dde0000:0:0:0:" name="CHERIE FM" service_name="CHERIE FM" provider="EUTELSAT" sid="2966" onid="1375" tsid="20900" />
    <channel service_ref="1:0:2:0c1c:2711:0090:0dde0000:0:0:0:" name="Europe1" service_name="Europe1" provider="FM-DVB TDF TFL" sid="3100" onid="144" tsid="10001" />
    <channel service_ref="1:0:2:05ee:2711:0090:0dde0000:0:0:0:" name="FIP" service_name="FIP" provider="FM-DVB TDF TFL" sid="1518" onid="144" tsid="10001" />
    <channel service_ref="1:0:2:05aa:2711:0090:0dde0000:0:0:0:" name="France Culture" service_name="France Culture" provider="FM-DVB TDF TFL" sid="1450" onid="144" tsid="10001" />
    <channel service_ref="1:0:2:15e0:2711:0090:0dde0000:0:0:0:" name="France Info" service_name="France Info" provider="FM-DVB TDF TFL" sid="5600" onid="144" tsid="10001" />
    <channel service_ref="1:0:2:13ec:2711:0090:0dde0000:0:0:0:" name="France Inter" service_name="France Inter" provider="FM-DVB TDF TFL" sid="5100" onid="144" tsid="10001" />
    <channel service_ref="1:0:2:14b4:2711:0090:0dde0000:0:0:0:" name="France Musique" service_name="France Musique" provider="FM-DVB TDF TFL" sid="5300" onid="144" tsid="10001" />
    <channel service_ref="1:0:2:00ca:2711:0090:0dde0000:0:0:0:" name="FUN" service_name="FUN" provider="FM-DVB TDF TFL" sid="202" onid="144" tsid="10001" />
    <channel service_ref="1:0:2:16a8:2711:0090:0dde0000:0:0:0:" name="Le Mouv'" service_name="Le Mouv'" provider="FM-DVB TDF TFL" sid="5800" onid="144" tsid="10001" />
    <channel service_ref="1:0:2:17d4:2711:0090:0dde0000:0:0:0:" name="MFM" service_name="MFM" provider="FM-DVB TDF TFL" sid="6100" onid="144" tsid="10001" />
    <channel service_ref="1:0:2:0156:2711:0090:0dde0000:0:0:0:" name="Radio Classique" service_name="Radio Classique" provider="FM-DVB TDF TFL" sid="342" onid="144" tsid="10001" />
    <channel service_ref="1:0:2:0b99:51a4:055f:0dde0000:0:0:0:" name="RFM" service_name="RFM" provider="EUTELSAT" sid="2969" onid="1375" tsid="20900" />
    <channel service_ref="1:0:2:0ce4:2711:0090:0dde0000:0:0:0:" name="RFM" service_name="RFM" provider="FM-DVB TDF TFL" sid="3300" onid="144" tsid="10001" />
    <channel service_ref="1:0:2:03ec:2711:0090:0dde0000:0:0:0:" name="RMC" service_name="RMC" provider="FM-DVB TDF TFL" sid="1004" onid="144" tsid="10001" />
    <channel service_ref="1:0:2:044c:2711:0090:0dde0000:0:0:0:" name="RTL" service_name="RTL" provider="FM-DVB TDF TFL" sid="1100" onid="144" tsid="10001" />
    <channel service_ref="1:0:2:04b0:2711:0090:0dde0000:0:0:0:" name="RTL2" service_name="RTL2" provider="FM-DVB TDF TFL" sid="1200" onid="144" tsid="10001" />
    <channel service_ref="1:0:2:01f4:2711:0090:0dde0000:0:0:0:" name="Sec TDF1: Radio Courtoisie" service_name="Sec TDF1: Radio Courtoisie" provider="FM-DVB TDF TFL" sid="500" onid="144" tsid="10001" />
    <channel service_ref="1:0:2:0066:2711:0090:0dde0000:0:0:0:" name="Sec TDF2: RCF 38" service_name="Sec TDF2: RCF 38" provider="FM-DVB TDF TFL" sid="102" onid="144" tsid="10001" />
    <channel service_ref="1:0:2:03e9:0003:20fa:0dde0000:0:0:0:" name="SKYROCK-SAT" service_name="SKYROCK-SAT" provider="TOWERCAST 1-M" sid="1001" onid="8442" tsid="3" />
    <channel service_ref="1:0:2:1bbc:2711:0090:0dde0000:0:0:0:" name="Sud Radio" service_name="Sud Radio" provider="FM-DVB TDF TFL" sid="7100" onid="144" tsid="10001" />
    <channel service_ref="1:0:2:0028:2711:0090:0dde0000:0:0:0:" name="TDF-RDS1" service_name="TDF-RDS1" provider="FM-DVB TDF TFL" sid="40" onid="144" tsid="10001" />
    <channel service_ref="1:0:2:00c8:2711:0090:0dde0000:0:0:0:" name="TDF-RDS2" service_name="TDF-RDS2" provider="FM-DVB TDF TFL" sid="200" onid="144" tsid="10001" />
    <channel service_ref="1:0:2:012c:2711:0090:0dde0000:0:0:0:" name="Tiers-RDS" service_name="Tiers-RDS" provider="FM-DVB TDF TFL" sid="300" onid="144" tsid="10001" />
    <channel service_ref="1:0:2:00b4:2711:0090:0dde0000:0:0:0:" name="TWC-SIRC" service_name="TWC-SIRC" provider="FM-DVB TDF TFL" sid="180" onid="144" tsid="10001" />
    <channel service_ref="1:0:2:0c80:2711:0090:0dde0000:0:0:0:" name="Virgin" service_name="Virgin" provider="FM-DVB TDF TFL" sid="3200" onid="144" tsid="10001" />
  </bouquet>
  <bouquet name="Radio - News" category="radio">
    <channel service_ref="1:0:2:0b8f:51a4:055f:0dde0000:0:0:0:" name="FRANCE INFO" service_name="FRANCE INFO" provider="EUTELSAT" sid="2959" onid="1375" tsid="20900" />
    <channel service_ref="1:0:2:15e0:2711:0090:0dde0000:0:0:0:" name="France Info" service_name="France Info" provider="FM-DVB TDF TFL" sid="5600" onid="144" tsid="10001" />
  </bouquet>
  <bouquet name="Radio - Regional" category="radio">
    <channel service_ref="1:0:2:046b:526c:055e:0dde0000:0:0:0:" name="France Bleu Breizh Izel" service_name="France Bleu Breizh Izel" provider="Eutelsat" sid="1131" onid="1374" tsid="21100" />
    <channel service_ref="1:0:2:0b5f:51a4:055f:0dde0000:0:0:0:" name="FRANCE BLEU BREIZH IZEL" service_name="FRANCE BLEU BREIZH IZEL" provider="EUTELSAT" sid="2911" onid="1375" tsid="20900" />
  </bouquet>
</zapit>
