<?xml version='1.0' encoding='utf-8'?>
<zapit api="4">
  <satellites>
    <satellite key="01310000:277b:2774" name="Sat-30.5E" namespace="0x01310000" position="30.5">
      <transponder key="01310000:277b:2774" frequency="12523000" symbol_rate="6000000" polarization="V" fec="3" system="0" modulation="0">
        <service id="0x27b0" sid="10160" name="Al Iraqiya TV" type="1" provider="" onid="10100" tsid="10107" namespace="0x01310000" />
      </transponder>
    </satellite>
    <satellite key="01313143:ffff:ffff" name="Sat-30.5E" namespace="0x01313143" position="30.5">
      <transponder key="01313143:ffff:ffff" frequency="12611000" symbol_rate="2300000" polarization="H" fec="3" system="0" modulation="0">
        <service id="0x0001" sid="1" name="Kuwait TV" type="1" provider="" onid="65535" tsid="65535" namespace="0x01313143" />
      </transponder>
    </satellite>
    <satellite key="0131b13f:ffff:ffff" name="Sat-30.5E" namespace="0x0131b13f" position="30.5">
      <transponder key="0131b13f:ffff:ffff" frequency="12607000" symbol_rate="2590000" polarization="V" fec="3" system="0" modulation="0">
        <service id="0x0029" sid="41" name="ERI TV|  Terrestrial" type="1" provider="" onid="65535" tsid="65535" namespace="0x0131b13f" />
      </transponder>
    </satellite>
    <satellite key="0131b146:0001:ffff" name="Sat-30.5E" namespace="0x0131b146" position="30.5">
      <transponder key="0131b146:0001:ffff" frequency="12614000" symbol_rate="3800000" polarization="V" fec="3" system="0" modulation="0">
        <service id="0x0001" sid="1" name="Medi 1 TV" type="25" provider="Service Provider" onid="65535" tsid="1" namespace="0x0131b146" />
        <service id="0x0003" sid="3" name="Medi 1 TV" type="25" provider="Medi1tv" onid="65535" tsid="1" namespace="0x0131b146" />
      </transponder>
    </satellite>
    <satellite key="0131b1af:ffff:ffff" name="Sat-30.5E" namespace="0x0131b1af" position="30.5">
      <transponder key="0131b1af:ffff:ffff" frequency="12719000" symbol_rate="3000000" polarization="V" fec="3" system="0" modulation="0">
        <service id="0x03ea" sid="1002" name="Sudan TV" type="1" provider="Sudan TV" onid="65535" tsid="65535" namespace="0x0131b1af" />
      </transponder>
    </satellite>
    <satellite key="0131b1b4:0001:ffff" name="Sat-30.5E" namespace="0x0131b1b4" position="30.5">
      <transponder key="0131b1b4:0001:ffff" frequency="12724000" symbol_rate="3000000" polarization="V" fec="3" system="0" modulation="0">
        <service id="0x0001" sid="1" name="Ashorooq TV" type="1" provider="TandbergTV" onid="65535" tsid="1" namespace="0x0131b1b4" />
      </transponder>
    </satellite>
  </satellites>
</zapit>
