<?xml version='1.0' encoding='utf-8'?>
<zapit api="4">
  <terrestrials>
    <terrestrial key="eeee0000:0001:217c" name="Rai" namespace="0xeeee0000">
      <transponder key="eeee0000:0001:217c" frequency="514000000" symbol_rate="0" polarization="H" fec="5" system="0" modulation="4">
        <service id="0x03eb" sid="1003" name="Rai 1 HD" type="25" provider="Rai" onid="8572" tsid="1" namespace="0xeeee0000" />
        <service id="0x03ef" sid="1007" name="Rai 4" type="22" provider="Rai" onid="8572" tsid="1" namespace="0xeeee0000" />
        <service id="0x03ec" sid="1004" name="Rai Gulp" type="22" provider="Rai" onid="8572" tsid="1" namespace="0xeeee0000" />
        <service id="0x03ea" sid="1002" name="Rai Movie" type="22" provider="Rai" onid="8572" tsid="1" namespace="0xeeee0000" />
        <service id="0x03ee" sid="1006" name="Rai Premium" type="22" provider="Rai" onid="8572" tsid="1" namespace="0xeeee0000" />
        <service id="0x03e9" sid="1001" name="Rai Sport + HD" type="25" provider="Rai" onid="8572" tsid="1" namespace="0xeeee0000" />
        <service id="0x03ed" sid="1005" name="Rai YoYo" type="22" provider="Rai" onid="8572" tsid="1" namespace="0xeeee0000" />
      </transponder>
    </terrestrial>
    <terrestrial key="eeee0000:0002:217c" name="Rai" namespace="0xeeee0000">
      <transponder key="eeee0000:0002:217c" frequency="626000000" symbol_rate="0" polarization="H" fec="5" system="0" modulation="4">
        <service id="0x041c" sid="1052" name="Rai 2 HD" type="25" provider="Rai" onid="8572" tsid="2" namespace="0xeeee0000" />
        <service id="0x041b" sid="1051" name="Rai 3 HD" type="25" provider="Rai" onid="8572" tsid="2" namespace="0xeeee0000" />
        <service id="0x01a5" sid="421" name="Rai 5" type="22" provider="Rai" onid="8572" tsid="2" namespace="0xeeee0000" />
        <service id="0x041e" sid="1054" name="Rai Scuola" type="22" provider="Rai" onid="8572" tsid="2" namespace="0xeeee0000" />
        <service id="0x041d" sid="1053" name="Rai Sport" type="22" provider="Rai" onid="8572" tsid="2" namespace="0xeeee0000" />
        <service id="0x041f" sid="1055" name="Rai Storia" type="22" provider="Rai" onid="8572" tsid="2" namespace="0xeeee0000" />
        <service id="0x01a6" sid="422" name="RTV San Marino" type="22" provider="Rai" onid="8572" tsid="2" namespace="0xeeee0000" />
      </transponder>
    </terrestrial>
    <terrestrial key="eeee0000:4800:013e" name="Rai" namespace="0xeeee0000">
      <transponder key="eeee0000:4800:013e" frequency="498000000" symbol_rate="0" polarization="H" fec="5" system="0" modulation="4">
        <service id="0x0d49" sid="3401" name="Rai 1" type="1" provider="Rai" onid="318" tsid="18432" namespace="0xeeee0000" />
        <service id="0x0d4a" sid="3402" name="Rai 2" type="1" provider="Rai" onid="318" tsid="18432" namespace="0xeeee0000" />
        <service id="0x0d4b" sid="3403" name="Rai 3 TGR Emilia Romagna" type="1" provider="Rai" onid="318" tsid="18432" namespace="0xeeee0000" />
        <service id="0x0d53" sid="3411" name="Rai News 24" type="1" provider="Rai" onid="318" tsid="18432" namespace="0xeeee0000" />
        <service id="0x0d52" sid="3410" name="Test HEVC main10" type="31" provider="Rai" onid="318" tsid="18432" namespace="0xeeee0000" />
        <service id="0x0d4c" sid="3404" name="Rai Radio1" type="2" provider="Rai" onid="318" tsid="18432" namespace="0xeeee0000" radio="1" />
        <service id="0x0d4d" sid="3405" name="Rai Radio2" type="2" provider="Rai" onid="318" tsid="18432" namespace="0xeeee0000" radio="1" />
        <service id="0x0d4e" sid="3406" name="Rai Radio3" type="2" provider="Rai" onid="318" tsid="18432" namespace="0xeeee0000" radio="1" />
      </transponder>
    </terrestrial>
  </terrestrials>
</zapit>
