<?xml version='1.0' encoding='utf-8'?>
<zapit api="4">
  <terrestrials>
    <terrestrial key="eeee0000:6fff:217c" name="TELE-IN" namespace="0xeeee0000">
      <transponder key="eeee0000:6fff:217c" frequency="666000000" symbol_rate="0" polarization="H" fec="5" system="0" modulation="4">
        <service id="0x0004" sid="4" name="Canale 31" type="1" provider="TELE IN" onid="8572" tsid="28671" namespace="0xeeee0000" />
        <service id="0x00ff" sid="255" name="Canale 31 HD" type="1" provider="Tele IN" onid="8572" tsid="28671" namespace="0xeeee0000" />
        <service id="0x037b" sid="891" name="Pax TV" type="1" provider="TeleTibur" onid="8572" tsid="28671" namespace="0xeeee0000" />
        <service id="0x02af" sid="687" name="Simply City" type="1" provider="Tele In" onid="8572" tsid="28671" namespace="0xeeee0000" />
        <service id="0x02ae" sid="686" name="Simply TV" type="1" provider="Tele In" onid="8572" tsid="28671" namespace="0xeeee0000" />
        <service id="0x010e" sid="270" name="SPAZIO APERTO" type="1" provider="Tele IN" onid="8572" tsid="28671" namespace="0xeeee0000" />
        <service id="0x0006" sid="6" name="TELE IN" type="1" provider="TELE IN" onid="8572" tsid="28671" namespace="0xeeee0000" />
        <service id="0x0007" sid="7" name="TELE IN +PLUS" type="1" provider="" onid="8572" tsid="28671" namespace="0xeeee0000" />
        <service id="0x000a" sid="10" name="TELE IN FASHION" type="1" provider="TELE IN" onid="8572" tsid="28671" namespace="0xeeee0000" />
        <service id="0x000b" sid="11" name="TELE IN INFO" type="1" provider="TELE IN" onid="8572" tsid="28671" namespace="0xeeee0000" />
        <service id="0x0008" sid="8" name="TELE IN MUSIC" type="1" provider="" onid="8572" tsid="28671" namespace="0xeeee0000" />
        <service id="0x0009" sid="9" name="TELE IN SPORT" type="1" provider="" onid="8572" tsid="28671" namespace="0xeeee0000" />
        <service id="0x003b" sid="59" name="TeleRomaDue" type="1" provider="TELE IN" onid="8572" tsid="28671" namespace="0xeeee0000" />
        <service id="0x026e" sid="622" name="TeleRomaTre" type="1" provider="Tele In" onid="8572" tsid="28671" namespace="0xeeee0000" />
        <service id="0x0001" sid="1" name="TeleRomaUno" type="1" provider="" onid="8572" tsid="28671" namespace="0xeeee0000" />
        <service id="0x000c" sid="12" name="TeleTibur" type="1" provider="TELE IN" onid="8572" tsid="28671" namespace="0xeeee0000" />
        <service id="0x02ad" sid="685" name="VeraTV" type="1" provider="Tele In" onid="8572" tsid="28671" namespace="0xeeee0000" />
        <service id="0x012e" sid="302" name="Radio Oscia'" type="2" provider="Tele In" onid="8572" tsid="28671" namespace="0xeeee0000" radio="1" />
        <service id="0x02ee" sid="750" name="Radio Santissima Trinita'" type="2" provider="Tele In" onid="8572" tsid="28671" namespace="0xeeee0000" radio="1" />
        <service id="0x02f8" sid="760" name="Simply Italia" type="2" provider="Tele In" onid="8572" tsid="28671" namespace="0xeeee0000" radio="1" />
        <service id="0x000d" sid="13" name="Simply Radio" type="2" provider="TELE IN" onid="8572" tsid="28671" namespace="0xeeee0000" radio="1" />
      </transponder>
    </terrestrial>
  </terrestrials>
</zapit>
