<?xml version='1.0' encoding='utf-8'?>
<zapit api="4">
  <satellites>
    <satellite key="01860000:0001:001c" name="Sat-39E" namespace="0x01860000" position="39">
      <transponder key="01860000:0001:001c" frequency="10971000" symbol_rate="30000000" polarization="V" fec="5" system="0" modulation="0">
        <service id="0x014b" sid="331" name="Bollywood TV" type="1" provider="Dolce TV" onid="28" tsid="1" namespace="0x01860000" />
        <service id="0x012e" sid="302" name="Cool TV" type="1" provider="Dolce TV" onid="28" tsid="1" namespace="0x01860000" />
        <service id="0x014d" sid="333" name="Dolce Sport 5" type="1" provider="Dolce TV" onid="28" tsid="1" namespace="0x01860000" />
        <service id="0x014e" sid="334" name="Dolce Sport 6" type="1" provider="Dolce TV" onid="28" tsid="1" namespace="0x01860000" />
        <service id="0x007a" sid="122" name="DoQ TV" type="1" provider="Dolce TV" onid="28" tsid="1" namespace="0x01860000" />
        <service id="0x006f" sid="111" name="Duna TV" type="1" provider="Dolce TV" onid="28" tsid="1" namespace="0x01860000" />
        <service id="0x0046" sid="70" name="Film +" type="1" provider="Dolce TV" onid="28" tsid="1" namespace="0x01860000" />
        <service id="0x014c" sid="332" name="France 24 (en Français)" type="1" provider="Dolce TV" onid="28" tsid="1" namespace="0x01860000" />
        <service id="0x003b" sid="59" name="Inedit TV" type="1" provider="Dolce TV" onid="28" tsid="1" namespace="0x01860000" />
        <service id="0x010f" sid="271" name="M1 - Magyar TV" type="1" provider="Dolce TV" onid="28" tsid="1" namespace="0x01860000" />
        <service id="0x006e" sid="110" name="Magyar TV 2" type="1" provider="Dolce TV" onid="28" tsid="1" namespace="0x01860000" />
        <service id="0x005f" sid="95" name="Mooz Dance" type="1" provider="Dolce TV" onid="28" tsid="1" namespace="0x01860000" />
        <service id="0x005e" sid="94" name="Mooz Hits" type="1" provider="Dolce TV" onid="28" tsid="1" namespace="0x01860000" />
        <service id="0x008e" sid="142" name="N 24 Plus" type="1" provider="Dolce TV" onid="28" tsid="1" namespace="0x01860000" />
        <service id="0x010e" sid="270" name="RTL 2 Hungary" type="1" provider="Dolce TV" onid="28" tsid="1" namespace="0x01860000" />
        <service id="0x0047" sid="71" name="RTL Klub" type="1" provider="Dolce TV" onid="28" tsid="1" namespace="0x01860000" />
      </transponder>
    </satellite>
    <satellite key="01860000:0002:001c" name="Sat-39E" namespace="0x01860000" position="39">
      <transponder key="01860000:0002:001c" frequency="11012000" symbol_rate="30000000" polarization="V" fec="3" system="0" modulation="0">
        <service id="0x004a" sid="74" name="Antena 1 HD" type="25" provider="Dolce TV" onid="28" tsid="2" namespace="0x01860000" />
        <service id="0x016a" sid="362" name="Discovery HD Showcase" type="25" provider="Dolce TV" onid="28" tsid="2" namespace="0x01860000" />
        <service id="0x0055" sid="85" name="Dolce Sport 1 HD" type="25" provider="Dolce TV" onid="28" tsid="2" namespace="0x01860000" />
        <service id="0x0056" sid="86" name="Dolce Sport 1 HD" type="25" provider="Dolce TV" onid="28" tsid="2" namespace="0x01860000" />
        <service id="0x011d" sid="285" name="Dolce Sport HD" type="25" provider="Dolce TV" onid="28" tsid="2" namespace="0x01860000" />
        <service id="0x008a" sid="138" name="Eurosport 1 HD" type="25" provider="Dolce TV" onid="28" tsid="2" namespace="0x01860000" />
        <service id="0x016b" sid="363" name="Eurosport HD" type="25" provider="Dolce TV" onid="28" tsid="2" namespace="0x01860000" />
        <service id="0x008b" sid="139" name="HBO HD" type="25" provider="Dolce TV" onid="28" tsid="2" namespace="0x01860000" />
        <service id="0x004c" sid="76" name="HBO HD Romania" type="25" provider="Dolce TV" onid="28" tsid="2" namespace="0x01860000" />
        <service id="0x0049" sid="73" name="Pro TV HD" type="25" provider="Dolce TV" onid="28" tsid="2" namespace="0x01860000" />
        <service id="0x0048" sid="72" name="TVR HD" type="25" provider="Dolce TV" onid="28" tsid="2" namespace="0x01860000" />
        <service id="0x0059" sid="89" name="TVR HD" type="25" provider="Dolce TV" onid="28" tsid="2" namespace="0x01860000" />
        <service id="0x004b" sid="75" name="Viasat Nature HD" type="25" provider="Dolce TV" onid="28" tsid="2" namespace="0x01860000" />
      </transponder>
    </satellite>
    <satellite key="01860000:0003:001c" name="Sat-39E" namespace="0x01860000" position="39">
      <transponder key="01860000:0003:001c" frequency="11053000" symbol_rate="30000000" polarization="V" fec="3" system="0" modulation="0">
        <service id="0x00c5" sid="197" name="Animal Planet HD" type="25" provider="Dolce TV" onid="28" tsid="3" namespace="0x01860000" />
        <service id="0x00c3" sid="195" name="AXN HD" type="25" provider="Dolce TV" onid="28" tsid="3" namespace="0x01860000" />
        <service id="0x00bf" sid="191" name="Dolce Sport 2 HD" type="25" provider="Dolce TV" onid="28" tsid="3" namespace="0x01860000" />
        <service id="0x011f" sid="287" name="Dolce Sport 2 HD" type="25" provider="Dolce TV" onid="28" tsid="3" namespace="0x01860000" />
        <service id="0x00be" sid="190" name="Fashion TV" type="25" provider="Dolce TV" onid="28" tsid="3" namespace="0x01860000" />
        <service id="0x00c4" sid="196" name="Filmbox Extra HD Poland" type="25" provider="Dolce TV" onid="28" tsid="3" namespace="0x01860000" />
        <service id="0x00c1" sid="193" name="History Channel HD Romania" type="25" provider="Dolce TV" onid="28" tsid="3" namespace="0x01860000" />
        <service id="0x00c2" sid="194" name="iConcert" type="25" provider="Dolce TV" onid="28" tsid="3" namespace="0x01860000" />
        <service id="0x00c0" sid="192" name="Sundance Channel HD" type="25" provider="Dolce TV" onid="28" tsid="3" namespace="0x01860000" />
      </transponder>
    </satellite>
    <satellite key="01860000:000d:001c" name="Sat-39E" namespace="0x01860000" position="39">
      <transponder key="01860000:000d:001c" frequency="12524000" symbol_rate="30000000" polarization="V" fec="5" system="0" modulation="0">
        <service id="0x005c" sid="92" name="AMS" type="1" provider="Dolce TV" onid="28" tsid="13" namespace="0x01860000" />
        <service id="0x0033" sid="51" name="Animal Planet Eastern Europe" type="1" provider="Dolce TV" onid="28" tsid="13" namespace="0x01860000" />
        <service id="0x005e" sid="94" name="Boomerang" type="1" provider="Dolce TV" onid="28" tsid="13" namespace="0x01860000" />
        <service id="0x0032" sid="50" name="Discovery Channel Romania" type="1" provider="Dolce TV" onid="28" tsid="13" namespace="0x01860000" />
        <service id="0x008d" sid="141" name="Diva Universal Romania" type="1" provider="Dolce TV" onid="28" tsid="13" namespace="0x01860000" />
        <service id="0x00e1" sid="225" name="Dolce Sport" type="1" provider="Dolce TV" onid="28" tsid="13" namespace="0x01860000" />
        <service id="0x00f5" sid="245" name="Dolce Sport 1" type="1" provider="Dolce TV" onid="28" tsid="13" namespace="0x01860000" />
        <service id="0x003a" sid="58" name="Eurosport 2 Romania &amp; Hungary" type="1" provider="Dolce TV" onid="28" tsid="13" namespace="0x01860000" />
        <service id="0x007b" sid="123" name="Fine Living Network" type="1" provider="Dolce TV" onid="28" tsid="13" namespace="0x01860000" />
        <service id="0x00dc" sid="220" name="Ginx" type="1" provider="Dolce TV" onid="28" tsid="13" namespace="0x01860000" />
        <service id="0x002c" sid="44" name="Happy Channel Romania" type="1" provider="Dolce TV" onid="28" tsid="13" namespace="0x01860000" />
        <service id="0x00be" sid="190" name="Kanal D Romania" type="1" provider="Dolce TV" onid="28" tsid="13" namespace="0x01860000" />
        <service id="0x002e" sid="46" name="Look Plus" type="1" provider="Dolce TV" onid="28" tsid="13" namespace="0x01860000" />
        <service id="0x006d" sid="109" name="NatGeo Wild" type="1" provider="Dolce TV" onid="28" tsid="13" namespace="0x01860000" />
        <service id="0x00e5" sid="229" name="TV Neptun" type="1" provider="Dolce TV" onid="28" tsid="13" namespace="0x01860000" />
        <service id="0x007d" sid="125" name="TVR 1" type="1" provider="Dolce TV" onid="28" tsid="13" namespace="0x01860000" />
        <service id="0x007e" sid="126" name="TVR 2" type="1" provider="Dolce TV" onid="28" tsid="13" namespace="0x01860000" />
        <service id="0x011e" sid="286" name="Zu TV" type="1" provider="Dolce TV" onid="28" tsid="13" namespace="0x01860000" />
      </transponder>
    </satellite>
    <satellite key="01860000:000e:001c" name="Sat-39E" namespace="0x01860000" position="39">
      <transponder key="01860000:000e:001c" frequency="12565000" symbol_rate="30000000" polarization="V" fec="5" system="0" modulation="0">
        <service id="0x00a7" sid="167" name="Acasá TV" type="1" provider="Dolce TV" onid="28" tsid="14" namespace="0x01860000" />
        <service id="0x0029" sid="41" name="Antena 1" type="1" provider="Dolce TV" onid="28" tsid="14" namespace="0x01860000" />
        <service id="0x002b" sid="43" name="Antena 3 Romania" type="1" provider="Dolce TV" onid="28" tsid="14" namespace="0x01860000" />
        <service id="0x002a" sid="42" name="Antena Stars" type="1" provider="Dolce TV" onid="28" tsid="14" namespace="0x01860000" />
        <service id="0x002d" sid="45" name="AXN Romania" type="1" provider="Dolce TV" onid="28" tsid="14" namespace="0x01860000" />
        <service id="0x0030" sid="48" name="BBC World News" type="1" provider="Dolce TV" onid="28" tsid="14" namespace="0x01860000" />
        <service id="0x006a" sid="106" name="Bucuresti 1 TV" type="1" provider="Dolce TV" onid="28" tsid="14" namespace="0x01860000" />
        <service id="0x00da" sid="218" name="Disney Channel Romania, Bulgaria &amp; Ukraine" type="1" provider="Dolce TV" onid="28" tsid="14" namespace="0x01860000" />
        <service id="0x006d" sid="109" name="Disney Junior Romania" type="1" provider="Dolce TV" onid="28" tsid="14" namespace="0x01860000" />
        <service id="0x0054" sid="84" name="Dolce Info" type="1" provider="Dolce TV" onid="28" tsid="14" namespace="0x01860000" />
        <service id="0x008d" sid="141" name="Dolce Info" type="1" provider="Dolce TV" onid="28" tsid="14" namespace="0x01860000" />
        <service id="0x011c" sid="284" name="Dolce Info" type="1" provider="Dolce TV" onid="28" tsid="14" namespace="0x01860000" />
        <service id="0x006c" sid="108" name="Favorit TV" type="1" provider="Dolce TV" onid="28" tsid="14" namespace="0x01860000" />
        <service id="0x006f" sid="111" name="National TV" type="1" provider="Dolce TV" onid="28" tsid="14" namespace="0x01860000" />
        <service id="0x002f" sid="47" name="Prima TV" type="1" provider="Dolce TV" onid="28" tsid="14" namespace="0x01860000" />
        <service id="0x00a8" sid="168" name="Pro TV" type="1" provider="Dolce TV" onid="28" tsid="14" namespace="0x01860000" />
        <service id="0x004d" sid="77" name="Realitatea TV" type="1" provider="Dolce TV" onid="28" tsid="14" namespace="0x01860000" />
        <service id="0x00f0" sid="240" name="Transilvania Look" type="1" provider="Dolce TV" onid="28" tsid="14" namespace="0x01860000" />
        <service id="0x007f" sid="127" name="TVH 2.0" type="1" provider="Dolce TV" onid="28" tsid="14" namespace="0x01860000" />
      </transponder>
    </satellite>
    <satellite key="01860000:000f:001c" name="Sat-39E" namespace="0x01860000" position="39">
      <transponder key="01860000:000f:001c" frequency="12606000" symbol_rate="30000000" polarization="V" fec="5" system="0" modulation="0">
        <service id="0x00d2" sid="210" name="" type="1" provider="Dolce TV" onid="28" tsid="15" namespace="0x01860000" />
        <service id="0x008f" sid="143" name="Brazzers TV| |  Nights" type="1" provider="Dolce TV" onid="28" tsid="15" namespace="0x01860000" />
        <service id="0x010b" sid="267" name="Crime &amp; Investigation Network" type="1" provider="Dolce TV" onid="28" tsid="15" namespace="0x01860000" />
        <service id="0x0038" sid="56" name="Dolce Sport 3" type="1" provider="Dolce TV" onid="28" tsid="15" namespace="0x01860000" />
        <service id="0x018b" sid="395" name="Dolce Sport 3" type="1" provider="Dolce TV" onid="28" tsid="15" namespace="0x01860000" />
        <service id="0x00de" sid="222" name="Dolce Sport 4" type="1" provider="Dolce TV" onid="28" tsid="15" namespace="0x01860000" />
        <service id="0x018c" sid="396" name="Dolce Sport 4" type="1" provider="Dolce TV" onid="28" tsid="15" namespace="0x01860000" />
        <service id="0x010a" sid="266" name="E! Entertainment TV" type="1" provider="Dolce TV" onid="28" tsid="15" namespace="0x01860000" />
        <service id="0x014a" sid="330" name="Eurosport Romania" type="1" provider="Dolce TV" onid="28" tsid="15" namespace="0x01860000" />
        <service id="0x00a4" sid="164" name="Fashion TV" type="1" provider="Dolce TV" onid="28" tsid="15" namespace="0x01860000" />
        <service id="0x013f" sid="319" name="Fishing &amp; Hunting" type="1" provider="Dolce TV" onid="28" tsid="15" namespace="0x01860000" />
        <service id="0x00fb" sid="251" name="Food Network" type="1" provider="Dolce TV" onid="28" tsid="15" namespace="0x01860000" />
        <service id="0x0031" sid="49" name="HBO 3 Romania" type="1" provider="Dolce TV" onid="28" tsid="15" namespace="0x01860000" />
        <service id="0x016f" sid="367" name="Nick Jr Hungary" type="1" provider="Dolce TV" onid="28" tsid="15" namespace="0x01860000" />
        <service id="0x00dd" sid="221" name="Nickelodeon Hungary" type="1" provider="Dolce TV" onid="28" tsid="15" namespace="0x01860000" />
        <service id="0x0036" sid="54" name="TLC Europe" type="1" provider="Dolce TV" onid="28" tsid="15" namespace="0x01860000" />
        <service id="0x00f1" sid="241" name="TV Paprika" type="1" provider="Dolce TV" onid="28" tsid="15" namespace="0x01860000" />
        <service id="0x004e" sid="78" name="VH-1 (Video Hits One)" type="1" provider="Dolce TV" onid="28" tsid="15" namespace="0x01860000" />
        <service id="0x00f3" sid="243" name="Viasat Explore" type="1" provider="Dolce TV" onid="28" tsid="15" namespace="0x01860000" />
      </transponder>
    </satellite>
    <satellite key="01860000:0010:001c" name="Sat-39E" namespace="0x01860000" position="39">
      <transponder key="01860000:0010:001c" frequency="12647000" symbol_rate="30000000" polarization="V" fec="5" system="0" modulation="0">
        <service id="0x00a2" sid="162" name="AXN Black" type="1" provider="Dolce TV" onid="28" tsid="16" namespace="0x01860000" />
        <service id="0x00a1" sid="161" name="AXN White" type="1" provider="Dolce TV" onid="28" tsid="16" namespace="0x01860000" />
        <service id="0x00db" sid="219" name="Baby TV" type="1" provider="Dolce TV" onid="28" tsid="16" namespace="0x01860000" />
        <service id="0x008e" sid="142" name="BBC Earth" type="1" provider="Dolce TV" onid="28" tsid="16" namespace="0x01860000" />
        <service id="0x00e0" sid="224" name="Cartoon Network" type="1" provider="Dolce TV" onid="28" tsid="16" namespace="0x01860000" />
        <service id="0x005f" sid="95" name="Cartoon Network Eastern Europe" type="1" provider="Dolce TV" onid="28" tsid="16" namespace="0x01860000" />
        <service id="0x009d" sid="157" name="Cinemax 2 Europe" type="1" provider="Dolce TV" onid="28" tsid="16" namespace="0x01860000" />
        <service id="0x0035" sid="53" name="Discovery Science" type="1" provider="Dolce TV" onid="28" tsid="16" namespace="0x01860000" />
        <service id="0x0034" sid="52" name="DTX" type="1" provider="Dolce TV" onid="28" tsid="16" namespace="0x01860000" />
        <service id="0x00c2" sid="194" name="HBO 2 Central Europe" type="1" provider="Dolce TV" onid="28" tsid="16" namespace="0x01860000" />
        <service id="0x006b" sid="107" name="Hustler TV" type="1" provider="Dolce TV" onid="28" tsid="16" namespace="0x01860000" />
        <service id="0x007c" sid="124" name="Kiss TV" type="1" provider="Dolce TV" onid="28" tsid="16" namespace="0x01860000" />
        <service id="0x00a6" sid="166" name="MTV Rocks" type="1" provider="Bulsatcom" onid="28" tsid="16" namespace="0x01860000" />
        <service id="0x004a" sid="74" name="Shorts Romania" type="1" provider="Dolce TV" onid="28" tsid="16" namespace="0x01860000" />
        <service id="0x0053" sid="83" name="Super 1" type="1" provider="Dolce TV" onid="28" tsid="16" namespace="0x01860000" />
        <service id="0x00df" sid="223" name="TNT Bulgaria &amp; Romania" type="1" provider="Dolce TV" onid="28" tsid="16" namespace="0x01860000" />
        <service id="0x00aa" sid="170" name="Travel Channel" type="1" provider="Dolce TV" onid="28" tsid="16" namespace="0x01860000" />
        <service id="0x00a7" sid="167" name="VH-1 Classic" type="1" provider="Dolce TV" onid="28" tsid="16" namespace="0x01860000" />
      </transponder>
    </satellite>
    <satellite key="01860000:0011:001c" name="Sat-39E" namespace="0x01860000" position="39">
      <transponder key="01860000:0011:001c" frequency="12688000" symbol_rate="30000000" polarization="V" fec="5" system="0" modulation="0">
        <service id="0x005c" sid="92" name="Acasa TV Gold" type="1" provider="Dolce TV" onid="28" tsid="17" namespace="0x01860000" />
        <service id="0x00ba" sid="186" name="Agro TV" type="1" provider="Dolce TV" onid="28" tsid="17" namespace="0x01860000" />
        <service id="0x008b" sid="139" name="CNN International Europe" type="1" provider="Dolce TV" onid="28" tsid="17" namespace="0x01860000" />
        <service id="0x004d" sid="77" name="Dolce Sport 2" type="1" provider="Dolce TV" onid="28" tsid="17" namespace="0x01860000" />
        <service id="0x0057" sid="87" name="Dolce Sport 2" type="1" provider="Dolce TV" onid="28" tsid="17" namespace="0x01860000" />
        <service id="0x00d3" sid="211" name="Etno TV" type="1" provider="Dolce TV" onid="28" tsid="17" namespace="0x01860000" />
        <service id="0x00a9" sid="169" name="MTV Romania" type="1" provider="Dolce TV" onid="28" tsid="17" namespace="0x01860000" />
        <service id="0x005a" sid="90" name="Nasul TV" type="1" provider="Dolce TV" onid="28" tsid="17" namespace="0x01860000" />
        <service id="0x00fc" sid="252" name="Nat Geo People" type="1" provider="Dolce TV" onid="28" tsid="17" namespace="0x01860000" />
        <service id="0x008a" sid="138" name="National Geographic Romania" type="1" provider="Dolce TV" onid="28" tsid="17" namespace="0x01860000" />
        <service id="0x004b" sid="75" name="Pro Cinema" type="1" provider="Dolce TV" onid="28" tsid="17" namespace="0x01860000" />
        <service id="0x008c" sid="140" name="RTV (Romania)" type="1" provider="Dolce TV" onid="28" tsid="17" namespace="0x01860000" />
        <service id="0x004c" sid="76" name="Sport.ro" type="1" provider="Dolce TV" onid="28" tsid="17" namespace="0x01860000" />
        <service id="0x00d4" sid="212" name="Taraf TV" type="1" provider="Dolce TV" onid="28" tsid="17" namespace="0x01860000" />
        <service id="0x00e2" sid="226" name="Trinitas TV" type="1" provider="Dolce TV" onid="28" tsid="17" namespace="0x01860000" />
        <service id="0x00e7" sid="231" name="TV5 Monde Europe" type="1" provider="Dolce TV" onid="28" tsid="17" namespace="0x01860000" />
        <service id="0x00e8" sid="232" name="TVR 3" type="1" provider="Dolce TV" onid="28" tsid="17" namespace="0x01860000" />
      </transponder>
    </satellite>
    <satellite key="01860000:0012:001c" name="Sat-39E" namespace="0x01860000" position="39">
      <transponder key="01860000:0012:001c" frequency="12729000" symbol_rate="30000000" polarization="V" fec="5" system="0" modulation="0">
        <service id="0x007b" sid="123" name="AXN Spin Romania" type="1" provider="Dolce TV" onid="28" tsid="18" namespace="0x01860000" />
        <service id="0x009c" sid="156" name="Cinemax East Europe" type="1" provider="Dolce TV" onid="28" tsid="18" namespace="0x01860000" />
        <service id="0x008f" sid="143" name="Comedy Central Bulgaria &amp; Romania" type="1" provider="Dolce TV" onid="28" tsid="18" namespace="0x01860000" />
        <service id="0x004e" sid="78" name="Da Vinci Learning" type="1" provider="Dolce TV" onid="28" tsid="18" namespace="0x01860000" />
        <service id="0x0051" sid="81" name="Dolce Mooz RO" type="1" provider="Dolce TV" onid="28" tsid="18" namespace="0x01860000" />
        <service id="0x007c" sid="124" name="FilmBox" type="1" provider="Dolce TV" onid="28" tsid="18" namespace="0x01860000" />
        <service id="0x007d" sid="125" name="Filmbox Plus" type="1" provider="Dolce TV" onid="28" tsid="18" namespace="0x01860000" />
        <service id="0x009b" sid="155" name="HBO Romania" type="1" provider="Dolce TV" onid="28" tsid="18" namespace="0x01860000" />
        <service id="0x007e" sid="126" name="History Channel Eastern Europe" type="1" provider="Dolce TV" onid="28" tsid="18" namespace="0x01860000" />
        <service id="0x013e" sid="318" name="Investigation Discovery Xtra" type="1" provider="Dolce TV" onid="28" tsid="18" namespace="0x01860000" />
        <service id="0x0050" sid="80" name="Mezzo" type="1" provider="Bulsatcom" onid="28" tsid="18" namespace="0x01860000" />
        <service id="0x0058" sid="88" name="Mooz Ro" type="1" provider="Dolce TV" onid="28" tsid="18" namespace="0x01860000" />
        <service id="0x016d" sid="365" name="Paramount Channel Hungary &amp; Romania" type="1" provider="Dolce TV" onid="28" tsid="18" namespace="0x01860000" />
        <service id="0x012d" sid="301" name="TV 1000 Balkan" type="1" provider="Bulsatcom" onid="28" tsid="18" namespace="0x01860000" />
        <service id="0x012f" sid="303" name="Viasat History" type="1" provider="Bulsatcom" onid="28" tsid="18" namespace="0x01860000" />
        <service id="0x0052" sid="82" name="Viasat Nature CEE" type="1" provider="Bulsatcom" onid="28" tsid="18" namespace="0x01860000" />
      </transponder>
    </satellite>
    <satellite key="018630ec:0001:0001" name="Sat-39E" namespace="0x018630ec" position="39">
      <transponder key="018630ec:0001:0001" frequency="12524000" symbol_rate="30000000" polarization="H" fec="5" system="0" modulation="0">
        <service id="0x03eb" sid="1003" name="BNT 1" type="1" provider="Bulsatcom" onid="1" tsid="1" namespace="0x018630ec" />
        <service id="0x03f0" sid="1008" name="BNT HD" type="1" provider="Bulsatcom" onid="1" tsid="1" namespace="0x018630ec" />
        <service id="0x03ef" sid="1007" name="BTV Bulgaria" type="1" provider="Bulsatcom" onid="1" tsid="1" namespace="0x018630ec" />
        <service id="0x046a" sid="1130" name="Diema" type="1" provider="Bulsatcom" onid="1" tsid="1" namespace="0x018630ec" />
        <service id="0x03f8" sid="1016" name="Discovery Channel Bulgaria" type="1" provider="Bulsatcom" onid="1" tsid="1" namespace="0x018630ec" />
        <service id="0x03f3" sid="1011" name="Film Plus" type="1" provider="Bulsatcom" onid="1" tsid="1" namespace="0x018630ec" />
        <service id="0x03f6" sid="1014" name="Hobby TV" type="1" provider="Bulsatcom" onid="1" tsid="1" namespace="0x018630ec" />
        <service id="0x03f5" sid="1013" name="Kino Nova" type="1" provider="Bulsatcom" onid="1" tsid="1" namespace="0x018630ec" />
        <service id="0x03f4" sid="1012" name="Nova TV" type="1" provider="Bulsatcom" onid="1" tsid="1" namespace="0x018630ec" />
        <service id="0x03ea" sid="1002" name="Planeta TV" type="1" provider="Bulsatcom" onid="1" tsid="1" namespace="0x018630ec" />
        <service id="0x03f7" sid="1015" name="The Voice Bulgaria" type="1" provider="Bulsatcom" onid="1" tsid="1" namespace="0x018630ec" />
        <service id="0x03f2" sid="1010" name="TV Plus" type="1" provider="Bulsatcom" onid="1" tsid="1" namespace="0x018630ec" />
      </transponder>
    </satellite>
    <satellite key="01863115:0004:0001" name="Sat-39E" namespace="0x01863115" position="39">
      <transponder key="01863115:0004:0001" frequency="12565000" symbol_rate="30000000" polarization="H" fec="5" system="0" modulation="0">
        <service id="0x006e" sid="110" name="Alfa TV Bulgaria" type="1" provider="Bulsatcom" onid="1" tsid="4" namespace="0x01863115" />
        <service id="0x007b" sid="123" name="Balkanika" type="1" provider="Bulsatcom" onid="1" tsid="4" namespace="0x01863115" />
        <service id="0x007d" sid="125" name="bTV Lady" type="1" provider="Bulsatcom" onid="1" tsid="4" namespace="0x01863115" />
        <service id="0x002f" sid="47" name="Cartoon Network Russia &amp; South Eastern Europe|  3h-21h" type="1" provider="Bulsatcom" onid="1" tsid="4" namespace="0x01863115" />
        <service id="0x002e" sid="46" name="Disney Channel Romania, Bulgaria &amp; Ukraine" type="1" provider="Bulsatcom" onid="1" tsid="4" namespace="0x01863115" />
        <service id="0x004f" sid="79" name="Fan TV" type="1" provider="Bulsatcom" onid="1" tsid="4" namespace="0x01863115" />
        <service id="0x0031" sid="49" name="Fen Folk TV" type="1" provider="Bulsatcom" onid="1" tsid="4" namespace="0x01863115" />
        <service id="0x004d" sid="77" name="Folklor TV" type="1" provider="Bulsatcom" onid="1" tsid="4" namespace="0x01863115" />
        <service id="0x004c" sid="76" name="Fox Bulgaria" type="1" provider="Bulsatcom" onid="1" tsid="4" namespace="0x01863115" />
        <service id="0x007a" sid="122" name="ID Xtra" type="1" provider="Bulsatcom" onid="1" tsid="4" namespace="0x01863115" />
        <service id="0x004e" sid="78" name="Kanal 3" type="1" provider="Bulsatcom" onid="1" tsid="4" namespace="0x01863115" />
        <service id="0x007c" sid="124" name="KCN Music 2" type="1" provider="Bulsatcom" onid="1" tsid="4" namespace="0x01863115" />
        <service id="0x004a" sid="74" name="NatGeo Wild" type="1" provider="Bulsatcom" onid="1" tsid="4" namespace="0x01863115" />
        <service id="0x006c" sid="108" name="Nickelodeon Bulgaria" type="1" provider="Bulsatcom" onid="1" tsid="4" namespace="0x01863115" />
        <service id="0x0032" sid="50" name="Planeta Folk" type="1" provider="Bulsatcom" onid="1" tsid="4" namespace="0x01863115" />
        <service id="0x0030" sid="48" name="Platinum TV|  23h-5h CET" type="1" provider="Bulsatcom" onid="1" tsid="4" namespace="0x01863115" />
        <service id="0x007e" sid="126" name="Superone" type="1" provider="Bulsatcom" onid="1" tsid="4" namespace="0x01863115" />
        <service id="0x006f" sid="111" name="Viasat Explore| |  5h-23h CET" type="1" provider="Bulsatcom" onid="1" tsid="4" namespace="0x01863115" />
      </transponder>
    </satellite>
    <satellite key="0186313e:0002:0001" name="Sat-39E" namespace="0x0186313e" position="39">
      <transponder key="0186313e:0002:0001" frequency="12606000" symbol_rate="30000000" polarization="H" fec="5" system="0" modulation="0">
        <service id="0x0012" sid="18" name="24Kitchen" type="1" provider="Bulsatcom" onid="1" tsid="2" namespace="0x0186313e" />
        <service id="0x0010" sid="16" name="Animal Planet Eastern Europe" type="1" provider="Bulsatcom" onid="1" tsid="2" namespace="0x0186313e" />
        <service id="0x001d" sid="29" name="Bulgaria On Air" type="1" provider="Bulsatcom" onid="1" tsid="2" namespace="0x0186313e" />
        <service id="0x000e" sid="14" name="Destination BG" type="1" provider="Bulsatcom" onid="1" tsid="2" namespace="0x0186313e" />
        <service id="0x002a" sid="42" name="Diema Sport" type="1" provider="Bulsatcom" onid="1" tsid="2" namespace="0x0186313e" />
        <service id="0x001a" sid="26" name="Diema Sport 2" type="1" provider="Bulsatcom" onid="1" tsid="2" namespace="0x0186313e" />
        <service id="0x002d" sid="45" name="Disney Junior Bulgaria" type="1" provider="Bulsatcom" onid="1" tsid="2" namespace="0x0186313e" />
        <service id="0x002b" sid="43" name="Eurosport 1" type="1" provider="Bulsatcom" onid="1" tsid="2" namespace="0x0186313e" />
        <service id="0x001e" sid="30" name="Film Plus" type="1" provider="Bulsatcom" onid="1" tsid="2" namespace="0x0186313e" />
        <service id="0x001c" sid="28" name="Fine Living Network" type="1" provider="Bulsatcom" onid="1" tsid="2" namespace="0x0186313e" />
        <service id="0x0013" sid="19" name="History Channel Eastern Europe" type="1" provider="Bulsatcom" onid="1" tsid="2" namespace="0x0186313e" />
        <service id="0x000f" sid="15" name="Hobby lov" type="1" provider="Bulsatcom" onid="1" tsid="2" namespace="0x0186313e" />
        <service id="0x001b" sid="27" name="MTV Hits" type="1" provider="Bulsatcom" onid="1" tsid="2" namespace="0x0186313e" />
        <service id="0x002c" sid="44" name="Penthouse" type="1" provider="Bulsatcom" onid="1" tsid="2" namespace="0x0186313e" />
        <service id="0x0011" sid="17" name="Perviy Kanal" type="1" provider="Bulsatcom" onid="1" tsid="2" namespace="0x0186313e" />
        <service id="0x002f" sid="47" name="Tiankov TV" type="1" provider="Bulsatcom" onid="1" tsid="2" namespace="0x0186313e" />
        <service id="0x001f" sid="31" name="TV Evropa" type="1" provider="Bulsatcom" onid="1" tsid="2" namespace="0x0186313e" />
      </transponder>
    </satellite>
    <satellite key="01863167:0005:0001" name="Sat-39E" namespace="0x01863167" position="39">
      <transponder key="01863167:0005:0001" frequency="12647000" symbol_rate="30000000" polarization="H" fec="2" system="0" modulation="0">
        <service id="0x000f" sid="15" name="Action Plus HD" type="25" provider="Bulsatcom" onid="1" tsid="5" namespace="0x01863167" />
        <service id="0x00cf" sid="207" name="BTV HD Bulgaria" type="25" provider="Bulsatcom" onid="1" tsid="5" namespace="0x01863167" />
        <service id="0x00d1" sid="209" name="Comedy Plus" type="25" provider="Bulsatcom" onid="1" tsid="5" namespace="0x01863167" />
        <service id="0x000a" sid="10" name="Eurosport 1 HD" type="25" provider="Bulsatcom" onid="1" tsid="5" namespace="0x01863167" />
        <service id="0x00d0" sid="208" name="History HD Europe" type="25" provider="Bulsatcom" onid="1" tsid="5" namespace="0x01863167" />
        <service id="0x00cb" sid="203" name="Hobby TV HD" type="25" provider="Bulsatcom" onid="1" tsid="5" namespace="0x01863167" />
        <service id="0x00d2" sid="210" name="NatGeo Wild HD" type="25" provider="Bulsatcom" onid="1" tsid="5" namespace="0x01863167" />
        <service id="0x00cc" sid="204" name="National Geographic Europe" type="25" provider="Bulsatcom" onid="1" tsid="5" namespace="0x01863167" />
        <service id="0x00ce" sid="206" name="Planeta HD" type="25" provider="Bulsatcom" onid="1" tsid="5" namespace="0x01863167" />
        <service id="0x00cd" sid="205" name="Sport Plus HD" type="25" provider="Bulsatcom" onid="1" tsid="5" namespace="0x01863167" />
      </transponder>
    </satellite>
    <satellite key="01863190:0003:0001" name="Sat-39E" namespace="0x01863190" position="39">
      <transponder key="01863190:0003:0001" frequency="12688000" symbol_rate="30000000" polarization="H" fec="5" system="0" modulation="0">
        <service id="0x000a" sid="10" name="AXN Bulgaria" type="1" provider="Bulsatcom" onid="1" tsid="3" namespace="0x01863190" />
        <service id="0x0006" sid="6" name="BNT 2" type="1" provider="Bulsatcom" onid="1" tsid="3" namespace="0x01863190" />
        <service id="0x008b" sid="139" name="BNT World" type="1" provider="Bulsatcom" onid="1" tsid="3" namespace="0x01863190" />
        <service id="0x013b" sid="315" name="bTV Action" type="1" provider="Bulsatcom" onid="1" tsid="3" namespace="0x01863190" />
        <service id="0x012f" sid="303" name="BTV Cinema" type="1" provider="Bulsatcom" onid="1" tsid="3" namespace="0x01863190" />
        <service id="0x0059" sid="89" name="bTV Comedy" type="1" provider="Bulsatcom" onid="1" tsid="3" namespace="0x01863190" />
        <service id="0x0052" sid="82" name="Bulgarian International TV" type="1" provider="Bulsatcom" onid="1" tsid="3" namespace="0x01863190" />
        <service id="0x0001" sid="1" name="Diema Family" type="1" provider="Bulsatcom" onid="1" tsid="3" namespace="0x01863190" />
        <service id="0x001e" sid="30" name="Fox Crime Bulgaria" type="1" provider="Bulsatcom" onid="1" tsid="3" namespace="0x01863190" />
        <service id="0x001c" sid="28" name="Fox Life Bulgaria" type="1" provider="Bulsatcom" onid="1" tsid="3" namespace="0x01863190" />
        <service id="0x0002" sid="2" name="National Geographic Bulgaria" type="1" provider="Bulsatcom" onid="1" tsid="3" namespace="0x01863190" />
        <service id="0x0009" sid="9" name="Nova Sport Bulgaria" type="1" provider="Bulsatcom" onid="1" tsid="3" namespace="0x01863190" />
        <service id="0x014b" sid="331" name="Ring BG" type="1" provider="Bulsatcom" onid="1" tsid="3" namespace="0x01863190" />
        <service id="0x000b" sid="11" name="Skat TV" type="1" provider="Bulsatcom" onid="1" tsid="3" namespace="0x01863190" />
        <service id="0x013a" sid="314" name="TLC Bulgaria" type="1" provider="Bulsatcom" onid="1" tsid="3" namespace="0x01863190" />
        <service id="0x000c" sid="12" name="TV 7 Bulgaria" type="1" provider="Bulsatcom" onid="1" tsid="3" namespace="0x01863190" />
      </transponder>
    </satellite>
    <satellite key="0186ab46:0001:0001" name="Sat-39E" namespace="0x0186ab46" position="39">
      <transponder key="0186ab46:0001:0001" frequency="11078000" symbol_rate="3333000" polarization="V" fec="3" system="0" modulation="0">
        <service id="0x0001" sid="1" name="RIK Sat" type="1" provider="Cybc" onid="1" tsid="1" namespace="0x0186ab46" />
      </transponder>
    </satellite>
    <satellite key="0186ab4b:0001:ffff" name="Sat-39E" namespace="0x0186ab4b" position="39">
      <transponder key="0186ab4b:0001:ffff" frequency="11083000" symbol_rate="4444000" polarization="V" fec="3" system="0" modulation="0">
        <service id="0x0001" sid="1" name="The Media Office" type="25" provider="" onid="65535" tsid="1" namespace="0x0186ab4b" />
      </transponder>
    </satellite>
    <satellite key="0186ab7f:000b:0001" name="Sat-39E" namespace="0x0186ab7f" position="39">
      <transponder key="0186ab7f:000b:0001" frequency="11135000" symbol_rate="30000000" polarization="V" fec="2" system="0" modulation="0">
        <service id="0x01e8" sid="488" name="AMC Eastern Europe" type="25" provider="Bulsatcom" onid="1" tsid="11" namespace="0x0186ab7f" />
        <service id="0x01e2" sid="482" name="Arena Sport 5" type="25" provider="POLARIS" onid="1" tsid="11" namespace="0x0186ab7f" />
        <service id="0x01db" sid="475" name="Arena Sport BIH" type="25" provider="POLARIS" onid="1" tsid="11" namespace="0x0186ab7f" />
        <service id="0x01cf" sid="463" name="ArenaSport 1" type="25" provider="Bulsatcom" onid="1" tsid="11" namespace="0x0186ab7f" />
        <service id="0x01d0" sid="464" name="ArenaSport 2" type="25" provider="Bulsatcom" onid="1" tsid="11" namespace="0x0186ab7f" />
        <service id="0x01d1" sid="465" name="ArenaSport 3" type="25" provider="Bulsatcom" onid="1" tsid="11" namespace="0x0186ab7f" />
        <service id="0x01d2" sid="466" name="ArenaSport 4" type="25" provider="Bulsatcom" onid="1" tsid="11" namespace="0x0186ab7f" />
        <service id="0x01d8" sid="472" name="AXN Adria" type="25" provider="Bulsatcom" onid="1" tsid="11" namespace="0x0186ab7f" />
        <service id="0x01d6" sid="470" name="B92" type="25" provider="Bulsatcom" onid="1" tsid="11" namespace="0x0186ab7f" />
        <service id="0x01de" sid="478" name="Belle Amie" type="25" provider="POLARIS" onid="1" tsid="11" namespace="0x0186ab7f" />
        <service id="0x01e7" sid="487" name="Bulgaria 24" type="25" provider="Bulsatcom" onid="1" tsid="11" namespace="0x0186ab7f" />
        <service id="0x01f3" sid="499" name="Cinema Plus" type="25" provider="Bulsatcom" onid="1" tsid="11" namespace="0x0186ab7f" />
        <service id="0x01f0" sid="496" name="City TV" type="25" provider="Bulsatcom" onid="1" tsid="11" namespace="0x0186ab7f" />
        <service id="0x01e9" sid="489" name="Comedy Central Bulgaria &amp; Romania" type="25" provider="Bulsatcom" onid="1" tsid="11" namespace="0x0186ab7f" />
        <service id="0x01d9" sid="473" name="Discovery Channel Serbia" type="25" provider="Bulsatcom" onid="1" tsid="11" namespace="0x0186ab7f" />
        <service id="0x01e0" sid="480" name="EKids" type="25" provider="Bulsatcom" onid="1" tsid="11" namespace="0x0186ab7f" />
        <service id="0x01e6" sid="486" name="Evrokom" type="25" provider="Bulsatcom" onid="1" tsid="11" namespace="0x0186ab7f" />
        <service id="0x01f5" sid="501" name="FilmBox" type="25" provider="Bulsatcom" onid="1" tsid="11" namespace="0x0186ab7f" />
        <service id="0x01d7" sid="471" name="Happy TV" type="25" provider="Bulsatcom" onid="1" tsid="11" namespace="0x0186ab7f" />
        <service id="0x01d3" sid="467" name="History 2" type="25" provider="POLARIS" onid="1" tsid="11" namespace="0x0186ab7f" />
        <service id="0x01f2" sid="498" name="Magic TV (Bulgaria)" type="25" provider="Bulsatcom" onid="1" tsid="11" namespace="0x0186ab7f" />
        <service id="0x01df" sid="479" name="MiniMax Romania" type="25" provider="Bulsatcom" onid="1" tsid="11" namespace="0x0186ab7f" />
        <service id="0x01dd" sid="477" name="National Geographic Bulgaria" type="25" provider="Bulsatcom" onid="1" tsid="11" namespace="0x0186ab7f" />
        <service id="0x01e1" sid="481" name="OBN" type="25" provider="POLARIS" onid="1" tsid="11" namespace="0x0186ab7f" />
        <service id="0x01d4" sid="468" name="Prva Srpska Televizija" type="25" provider="Bulsatcom" onid="1" tsid="11" namespace="0x0186ab7f" />
        <service id="0x01cd" sid="461" name="RTS 1 Serbia" type="25" provider="Bulsatcom" onid="1" tsid="11" namespace="0x0186ab7f" />
        <service id="0x01ce" sid="462" name="RTS 2" type="25" provider="Bulsatcom" onid="1" tsid="11" namespace="0x0186ab7f" />
        <service id="0x01dc" sid="476" name="RTV 1 (Vojvodina)" type="25" provider="Bulsatcom" onid="1" tsid="11" namespace="0x0186ab7f" />
        <service id="0x01d5" sid="469" name="RTV Novi Pazar" type="25" provider="Bulsatcom" onid="1" tsid="11" namespace="0x0186ab7f" />
        <service id="0x01e3" sid="483" name="SOS Kanal" type="25" provider="POLARIS" onid="1" tsid="11" namespace="0x0186ab7f" />
        <service id="0x01da" sid="474" name="TV Kopernikus" type="25" provider="POLARIS" onid="1" tsid="11" namespace="0x0186ab7f" />
      </transponder>
    </satellite>
  </satellites>
</zapit>
