<?xml version='1.0' encoding='utf-8'?>
<zapit api="4">
  <terrestrials>
    <terrestrial key="eeee0000:01fb:2f22" name="Mux-Videostar" namespace="0xeeee0000">
      <transponder key="eeee0000:01fb:2f22" frequency="586000000" symbol_rate="0" polarization="H" fec="5" system="0" modulation="4">
        <service id="0x00cb" sid="203" name="" type="1" provider="VIDEOSTAR" onid="12066" tsid="507" namespace="0xeeee0000" />
        <service id="0x006f" sid="111" name="Bazar" type="1" provider="Mux Videostar" onid="12066" tsid="507" namespace="0xeeee0000" />
        <service id="0x0002" sid="2" name="BSO CHANNEL TV" type="1" provider="Mux Videostar" onid="12066" tsid="507" namespace="0xeeee0000" />
        <service id="0x002c" sid="44" name="ONE TV" type="1" provider="Mux Videostar" onid="12066" tsid="507" namespace="0xeeee0000" />
        <service id="0x000a" sid="10" name="Radio Roma" type="1" provider="Videostar" onid="12066" tsid="507" namespace="0xeeee0000" />
        <service id="0x1c58" sid="7256" name="RETE 7" type="1" provider="Videostar" onid="12066" tsid="507" namespace="0xeeee0000" />
        <service id="0x0004" sid="4" name="SUPERTV LOMB" type="1" provider="Mux Videostar" onid="12066" tsid="507" namespace="0xeeee0000" />
        <service id="0x000e" sid="14" name="SUPERTV LOMB" type="1" provider="SUPERTV" onid="12066" tsid="507" namespace="0xeeee0000" />
        <service id="0x000f" sid="15" name="Video Novara" type="1" provider="Mux Videostar" onid="12066" tsid="507" namespace="0xeeee0000" />
        <service id="0x00ca" sid="202" name="VIDEOBRESCIA LOMB" type="1" provider="Mux Videostar" onid="12066" tsid="507" namespace="0xeeee0000" />
        <service id="0x0001" sid="1" name="Videostar" type="1" provider="Mux Videostar" onid="12066" tsid="507" namespace="0xeeee0000" />
        <service id="0x000b" sid="11" name="Videostar" type="1" provider="Mux Videostar" onid="12066" tsid="507" namespace="0xeeee0000" />
        <service id="0x001a" sid="26" name="Videostar 2" type="1" provider="Mux Videostar" onid="12066" tsid="507" namespace="0xeeee0000" />
        <service id="0x0028" sid="40" name="Videostar 2" type="1" provider="Mux Videostar" onid="12066" tsid="507" namespace="0xeeee0000" />
        <service id="0x006a" sid="106" name="Videostar 2 HD" type="1" provider="Mux Videostar" onid="12066" tsid="507" namespace="0xeeee0000" />
        <service id="0x000d" sid="13" name="Videostar Sport" type="1" provider="Mux Videostar" onid="12066" tsid="507" namespace="0xeeee0000" />
        <service id="0x000c" sid="12" name="Videostar Sport HD" type="1" provider="Mux Videostar" onid="12066" tsid="507" namespace="0xeeee0000" />
        <service id="0x001f" sid="31" name="Radio Star" type="2" provider="Mux Videostar" onid="12066" tsid="507" namespace="0xeeee0000" radio="1" />
        <service id="0x002a" sid="42" name="VD Radio Star*" type="2" provider="Mux Videostar" onid="12066" tsid="507" namespace="0xeeee0000" radio="1" />
      </transponder>
    </terrestrial>
  </terrestrials>
</zapit>
