{
  "api_version": 4,
  "bouquet_count": "488",
  "category": "sat",
  "deduplicated_services": "0",
  "display_name": "Hotbird-13.0E",
  "lamedb_version": "4",
  "last_seen": "unknown",
  "satellite_code": "S13E",
  "service_count": "2674",
  "source": "work/ingest/oe-alliance/vhannibal.dual.feeds/enigma2",
  "stale": "unknown",
  "stats": "{\"bouquet_count\": 43, \"cable_services\": 0, \"radio_services\": 383, \"sat_services\": 2674, \"terrestrial_services\": 0, \"total_services\": 2674}",
  "thresholds": "{\"cable\": 20, \"sat\": 50, \"terrestrial\": 20}",
  "transponder_count": "200"
}