<?xml version='1.0' encoding='utf-8'?>
<zapit api="4">
  <satellites>
    <satellite key="026c0000:0065:0e26" name="Sat-62E" namespace="0x026c0000" position="62">
      <transponder key="026c0000:0065:0e26" frequency="11555000" symbol_rate="30000000" polarization="V" fec="3" system="0" modulation="0">
        <service id="0x006b" sid="107" name="AMOOZESH" type="1" provider="IRIB" onid="3622" tsid="101" namespace="0x026c0000" />
        <service id="0x0030" sid="48" name="iFILM" type="1" provider="IRIB" onid="3622" tsid="101" namespace="0x026c0000" />
        <service id="0x002e" sid="46" name="IRIB NAMAYESH" type="1" provider="IRIB" onid="3622" tsid="101" namespace="0x026c0000" />
        <service id="0x006c" sid="108" name="IRIB QURAN" type="1" provider="IRIB" onid="3622" tsid="101" namespace="0x026c0000" />
        <service id="0x0029" sid="41" name="IRIB TV1" type="1" provider="IRIB" onid="3622" tsid="101" namespace="0x026c0000" />
        <service id="0x002a" sid="42" name="IRIB TV2" type="1" provider="IRIB" onid="3622" tsid="101" namespace="0x026c0000" />
        <service id="0x002b" sid="43" name="IRIB TV3" type="1" provider="IRIB" onid="3622" tsid="101" namespace="0x026c0000" />
        <service id="0x002c" sid="44" name="IRIB TV4" type="1" provider="IRIB" onid="3622" tsid="101" namespace="0x026c0000" />
        <service id="0x004b" sid="75" name="IRIB VARZESH" type="1" provider="IRIB" onid="3622" tsid="101" namespace="0x026c0000" />
        <service id="0x004a" sid="74" name="IRINN 2" type="1" provider="IRIB" onid="3622" tsid="101" namespace="0x026c0000" />
        <service id="0x006d" sid="109" name="MOSTANAD" type="1" provider="IRIB" onid="3622" tsid="101" namespace="0x026c0000" />
        <service id="0x00c6" sid="198" name="MOSTANAD HD" type="1" provider="IRIB" onid="3622" tsid="101" namespace="0x026c0000" />
        <service id="0x002d" sid="45" name="NASIM" type="1" provider="IRIB" onid="3622" tsid="101" namespace="0x026c0000" />
        <service id="0x002f" sid="47" name="OFOGH" type="1" provider="IRIB" onid="3622" tsid="101" namespace="0x026c0000" />
        <service id="0x006e" sid="110" name="OMID" type="1" provider="IRIB" onid="3622" tsid="101" namespace="0x026c0000" />
        <service id="0x004c" sid="76" name="POOYA" type="1" provider="IRIB" onid="3622" tsid="101" namespace="0x026c0000" />
        <service id="0x006f" sid="111" name="POOYA" type="1" provider="IRIB" onid="3622" tsid="101" namespace="0x026c0000" />
        <service id="0x004d" sid="77" name="SALAMAT" type="1" provider="IRIB" onid="3622" tsid="101" namespace="0x026c0000" />
        <service id="0x009b" sid="155" name="SALAMAT" type="1" provider="IRIB" onid="3622" tsid="101" namespace="0x026c0000" />
        <service id="0x007f" sid="127" name="SEPEHR" type="1" provider="IRIB" onid="3622" tsid="101" namespace="0x026c0000" />
        <service id="0x0031" sid="49" name="TAMASHA" type="1" provider="IRIB" onid="3622" tsid="101" namespace="0x026c0000" />
        <service id="0x00c4" sid="196" name="TAMASHA HD" type="1" provider="IRIB" onid="3622" tsid="101" namespace="0x026c0000" />
        <service id="0x004e" sid="78" name="TEHRAN" type="1" provider="IRIB" onid="3622" tsid="101" namespace="0x026c0000" />
        <service id="0x00c5" sid="197" name="TV3 HD" type="1" provider="IRIB" onid="3622" tsid="101" namespace="0x026c0000" />
        <service id="0x00c7" sid="199" name="VARZESH HD" type="1" provider="IRIB" onid="3622" tsid="101" namespace="0x026c0000" />
        <service id="0x0043" sid="67" name="ARABIC RADIO WORLD SERVICE" type="2" provider="IRIB" onid="3622" tsid="101" namespace="0x026c0000" radio="1" />
        <service id="0x0042" sid="66" name="ENGLISH RADIO WORLD SERVICE" type="2" provider="IRIB" onid="3622" tsid="101" namespace="0x026c0000" radio="1" />
        <service id="0x00b6" sid="182" name="RADIO 02 WORLD SERVICE" type="2" provider="IRIB" onid="3622" tsid="101" namespace="0x026c0000" radio="1" />
        <service id="0x00b8" sid="184" name="RADIO 04 WORLD SERVICE" type="2" provider="IRIB" onid="3622" tsid="101" namespace="0x026c0000" radio="1" />
        <service id="0x00b9" sid="185" name="RADIO 05 WORLD SERVICE" type="2" provider="IRIB" onid="3622" tsid="101" namespace="0x026c0000" radio="1" />
        <service id="0x00ba" sid="186" name="RADIO 06 WORLD SERVICE" type="2" provider="IRIB" onid="3622" tsid="101" namespace="0x026c0000" radio="1" />
        <service id="0x00f2" sid="242" name="RADIO AVA" type="2" provider="IRIB" onid="3622" tsid="101" namespace="0x026c0000" radio="1" />
        <service id="0x0044" sid="68" name="RADIO BOROONMARZI" type="2" provider="IRIB" onid="3622" tsid="101" namespace="0x026c0000" radio="1" />
        <service id="0x0045" sid="69" name="RADIO DARI" type="2" provider="IRIB" onid="3622" tsid="101" namespace="0x026c0000" radio="1" />
        <service id="0x00fa" sid="250" name="RADIO EGHTESAD" type="2" provider="IRIB" onid="3622" tsid="101" namespace="0x026c0000" radio="1" />
        <service id="0x00f8" sid="248" name="RADIO FARHANG" type="2" provider="IRIB" onid="3622" tsid="101" namespace="0x026c0000" radio="1" />
        <service id="0x00fb" sid="251" name="RADIO GOFTOGOO" type="2" provider="IRIB" onid="3622" tsid="101" namespace="0x026c0000" radio="1" />
        <service id="0x00f1" sid="241" name="RADIO IRAN" type="2" provider="IRIB" onid="3622" tsid="101" namespace="0x026c0000" radio="1" />
        <service id="0x00f3" sid="243" name="RADIO JAVAN" type="2" provider="IRIB" onid="3622" tsid="101" namespace="0x026c0000" radio="1" />
        <service id="0x00f6" sid="246" name="RADIO MAAREF" type="2" provider="IRIB" onid="3622" tsid="101" namespace="0x026c0000" radio="1" />
        <service id="0x00ff" sid="255" name="RADIO MOGHAVEMAT" type="2" provider="IRIB" onid="3622" tsid="101" namespace="0x026c0000" radio="1" />
        <service id="0x00fc" sid="252" name="RADIO NAMAYESH" type="2" provider="IRIB" onid="3622" tsid="101" namespace="0x026c0000" radio="1" />
        <service id="0x00f4" sid="244" name="RADIO PAYAM" type="2" provider="IRIB" onid="3622" tsid="101" namespace="0x026c0000" radio="1" />
        <service id="0x00f7" sid="247" name="RADIO QURAN" type="2" provider="IRIB" onid="3622" tsid="101" namespace="0x026c0000" radio="1" />
        <service id="0x00fe" sid="254" name="RADIO SABA" type="2" provider="IRIB" onid="3622" tsid="101" namespace="0x026c0000" radio="1" />
        <service id="0x00f9" sid="249" name="RADIO SALAMAT" type="2" provider="IRIB" onid="3622" tsid="101" namespace="0x026c0000" radio="1" />
        <service id="0x0040" sid="64" name="RADIO TALAVAT" type="2" provider="IRIB" onid="3622" tsid="101" namespace="0x026c0000" radio="1" />
        <service id="0x0041" sid="65" name="RADIO TARTIL" type="2" provider="IRIB" onid="3622" tsid="101" namespace="0x026c0000" radio="1" />
        <service id="0x00fd" sid="253" name="RADIO TEHRAN" type="2" provider="IRIB" onid="3622" tsid="101" namespace="0x026c0000" radio="1" />
        <service id="0x00f5" sid="245" name="RADIO VARZESH" type="2" provider="IRIB" onid="3622" tsid="101" namespace="0x026c0000" radio="1" />
        <service id="0x006a" sid="106" name="RADIO ZIARAT" type="2" provider="IRIB" onid="3622" tsid="101" namespace="0x026c0000" radio="1" />
      </transponder>
    </satellite>
    <satellite key="026c2d30:0441:0000" name="Sat-62E" namespace="0x026c2d30" position="62">
      <transponder key="026c2d30:0441:0000" frequency="11568000" symbol_rate="4000000" polarization="H" fec="1" system="0" modulation="0">
        <service id="0x0574" sid="1396" name="11568H SID 0x5014" type="100" provider="DVB-S2 QPSK 11568H 62.0Â°E" onid="0" tsid="1089" namespace="0x026c2d30" />
        <service id="0x9c40" sid="40000" name="11568H SID 0x9c40" type="100" provider="DVB-S2 QPSK 11568H 62.0Â°E" onid="0" tsid="1089" namespace="0x026c2d30" />
      </transponder>
    </satellite>
  </satellites>
</zapit>
