<?xml version='1.0' encoding='utf-8'?>
<zapit>
  <bouquet name="General" category="tv">
    <channel service_ref="1:0:1:0d49:0001:013e:eeee0000:0:0:0:" name="Rai 1" service_name="Rai 1" provider="RAI" sid="3401" onid="318" tsid="1" />
    <channel service_ref="1:0:1:0d4a:0001:013e:eeee0000:0:0:0:" name="Rai 2" service_name="Rai 2" provider="RAI" sid="3402" onid="318" tsid="1" />
    <channel service_ref="1:0:1:0d4b:0001:013e:eeee0000:0:0:0:" name="Rai 3 TGR Lazio" service_name="Rai 3 TGR Lazio" provider="Rai" sid="3403" onid="318" tsid="1" />
    <channel service_ref="1:0:1:0d53:0001:013e:eeee0000:0:0:0:" name="Rai News 24" service_name="Rai News 24" provider="Rai" sid="3411" onid="318" tsid="1" />
    <channel service_ref="1:0:22:0d54:0001:013e:eeee0000:0:0:0:" name="Rete Oro" service_name="Rete Oro" provider="Rai" sid="3412" onid="318" tsid="1" />
    <channel service_ref="1:0:31:0d52:0001:013e:eeee0000:0:0:0:" name="Test HEVC main10" service_name="Test HEVC main10" provider="Rai" sid="3410" onid="318" tsid="1" />
  </bouquet>
  <bouquet name="News" category="tv">
    <channel service_ref="1:0:1:0d53:0001:013e:eeee0000:0:0:0:" name="Rai News 24" service_name="Rai News 24" provider="Rai" sid="3411" onid="318" tsid="1" />
  </bouquet>
  <bouquet name="RAI" category="tv">
    <channel service_ref="1:0:1:0d49:0001:013e:eeee0000:0:0:0:" name="Rai 1" service_name="Rai 1" provider="RAI" sid="3401" onid="318" tsid="1" />
    <channel service_ref="1:0:1:0d49:0001:013e:eeee0000:0:0:0:" name="Rai 1" service_name="Rai 1" provider="RAI" sid="3401" onid="318" tsid="1" />
    <channel service_ref="1:0:1:0d4a:0001:013e:eeee0000:0:0:0:" name="Rai 2" service_name="Rai 2" provider="RAI" sid="3402" onid="318" tsid="1" />
    <channel service_ref="1:0:1:0d4a:0001:013e:eeee0000:0:0:0:" name="Rai 2" service_name="Rai 2" provider="RAI" sid="3402" onid="318" tsid="1" />
    <channel service_ref="1:0:1:0d4b:0001:013e:eeee0000:0:0:0:" name="Rai 3 TGR Lazio" service_name="Rai 3 TGR Lazio" provider="Rai" sid="3403" onid="318" tsid="1" />
    <channel service_ref="1:0:1:0d4b:0001:013e:eeee0000:0:0:0:" name="Rai 3 TGR Lazio" service_name="Rai 3 TGR Lazio" provider="Rai" sid="3403" onid="318" tsid="1" />
    <channel service_ref="1:0:1:0d53:0001:013e:eeee0000:0:0:0:" name="Rai News 24" service_name="Rai News 24" provider="Rai" sid="3411" onid="318" tsid="1" />
    <channel service_ref="1:0:22:0d54:0001:013e:eeee0000:0:0:0:" name="Rete Oro" service_name="Rete Oro" provider="Rai" sid="3412" onid="318" tsid="1" />
    <channel service_ref="1:0:22:0d54:0001:013e:eeee0000:0:0:0:" name="Rete Oro" service_name="Rete Oro" provider="Rai" sid="3412" onid="318" tsid="1" />
    <channel service_ref="1:0:31:0d52:0001:013e:eeee0000:0:0:0:" name="Test HEVC main10" service_name="Test HEVC main10" provider="Rai" sid="3410" onid="318" tsid="1" />
    <channel service_ref="1:0:31:0d52:0001:013e:eeee0000:0:0:0:" name="Test HEVC main10" service_name="Test HEVC main10" provider="Rai" sid="3410" onid="318" tsid="1" />
  </bouquet>
  <bouquet name="Radio" category="radio">
    <channel service_ref="1:0:2:0d4c:0001:013e:eeee0000:0:0:0:" name="Rai Radio1" service_name="Rai Radio1" provider="RAI" sid="3404" onid="318" tsid="1" />
    <channel service_ref="1:0:2:0d4d:0001:013e:eeee0000:0:0:0:" name="Rai Radio2" service_name="Rai Radio2" provider="RAI" sid="3405" onid="318" tsid="1" />
    <channel service_ref="1:0:2:0d4e:0001:013e:eeee0000:0:0:0:" name="Rai Radio3" service_name="Rai Radio3" provider="RAI" sid="3406" onid="318" tsid="1" />
  </bouquet>
  <bouquet name="Radio - International" category="radio">
    <channel service_ref="1:0:2:0d4c:0001:013e:eeee0000:0:0:0:" name="Rai Radio1" service_name="Rai Radio1" provider="RAI" sid="3404" onid="318" tsid="1" />
    <channel service_ref="1:0:2:0d4d:0001:013e:eeee0000:0:0:0:" name="Rai Radio2" service_name="Rai Radio2" provider="RAI" sid="3405" onid="318" tsid="1" />
    <channel service_ref="1:0:2:0d4e:0001:013e:eeee0000:0:0:0:" name="Rai Radio3" service_name="Rai Radio3" provider="RAI" sid="3406" onid="318" tsid="1" />
  </bouquet>
</zapit>
