<?xml version='1.0' encoding='utf-8'?>
<zapit api="4">
  <satellites>
    <satellite key="01c20000:0003:00d5" name="Sat-45E" namespace="0x01c20000" position="45">
      <transponder key="01c20000:0003:00d5" frequency="11635000" symbol_rate="30000000" polarization="V" fec="3" system="0" modulation="0">
        <service id="0x0008" sid="8" name="CITY TV" type="1" provider="NURTS" onid="213" tsid="3" namespace="0x01c20000" />
        <service id="0x000f" sid="15" name="Avtoradio" type="2" provider="NURTS" onid="213" tsid="3" namespace="0x01c20000" radio="1" />
        <service id="0x000a" sid="10" name="BG RADIO" type="2" provider="NURTS" onid="213" tsid="3" namespace="0x01c20000" radio="1" />
        <service id="0x001e" sid="30" name="BNR Blagoevgrad" type="2" provider="NURTS" onid="213" tsid="3" namespace="0x01c20000" radio="1" />
        <service id="0x0013" sid="19" name="BNR Burgas" type="2" provider="NURTS" onid="213" tsid="3" namespace="0x01c20000" radio="1" />
        <service id="0x000e" sid="14" name="BNR HR. BOTEV" type="2" provider="NURTS" onid="213" tsid="3" namespace="0x01c20000" radio="1" />
        <service id="0x001f" sid="31" name="BNR Shumen" type="2" provider="NURTS" onid="213" tsid="3" namespace="0x01c20000" radio="1" />
        <service id="0x0014" sid="20" name="BNR Sofia" type="2" provider="NURTS" onid="213" tsid="3" namespace="0x01c20000" radio="1" />
        <service id="0x001b" sid="27" name="BNR St. Zagora" type="2" provider="NURTS" onid="213" tsid="3" namespace="0x01c20000" radio="1" />
        <service id="0x001a" sid="26" name="BNR Vidin" type="2" provider="NURTS" onid="213" tsid="3" namespace="0x01c20000" radio="1" />
        <service id="0x0023" sid="35" name="Classic FM" type="2" provider="NURTS" onid="213" tsid="3" namespace="0x01c20000" radio="1" />
        <service id="0x000d" sid="13" name="Darik Burgas" type="2" provider="NURTS" onid="213" tsid="3" namespace="0x01c20000" radio="1" />
        <service id="0x0027" sid="39" name="Darik Kustendil" type="2" provider="NURTS" onid="213" tsid="3" namespace="0x01c20000" radio="1" />
        <service id="0x005a" sid="90" name="Darik Nostalgie" type="2" provider="NURTS" onid="213" tsid="3" namespace="0x01c20000" radio="1" />
        <service id="0x000c" sid="12" name="Darik Plovdiv" type="2" provider="NURTS" onid="213" tsid="3" namespace="0x01c20000" radio="1" />
        <service id="0x000b" sid="11" name="Darik radio" type="2" provider="NURTS" onid="213" tsid="3" namespace="0x01c20000" radio="1" />
        <service id="0x003a" sid="58" name="Darik Ruse" type="2" provider="NURTS" onid="213" tsid="3" namespace="0x01c20000" radio="1" />
        <service id="0x0026" sid="38" name="Darik Varna" type="2" provider="NURTS" onid="213" tsid="3" namespace="0x01c20000" radio="1" />
        <service id="0x003b" sid="59" name="Darik Vratza" type="2" provider="NURTS" onid="213" tsid="3" namespace="0x01c20000" radio="1" />
        <service id="0x0021" sid="33" name="Jazz FM" type="2" provider="NURTS" onid="213" tsid="3" namespace="0x01c20000" radio="1" />
        <service id="0x002a" sid="42" name="Melody" type="2" provider="NURTS" onid="213" tsid="3" namespace="0x01c20000" radio="1" />
        <service id="0x001c" sid="28" name="N-JOY" type="2" provider="NURTS" onid="213" tsid="3" namespace="0x01c20000" radio="1" />
        <service id="0x0024" sid="36" name="N-Joy Cable" type="2" provider="NURTS" onid="213" tsid="3" namespace="0x01c20000" radio="1" />
        <service id="0x002b" sid="43" name="Nova News" type="2" provider="NURTS" onid="213" tsid="3" namespace="0x01c20000" radio="1" />
        <service id="0x0009" sid="9" name="RADIO 1" type="2" provider="NURTS" onid="213" tsid="3" namespace="0x01c20000" radio="1" />
        <service id="0x002f" sid="47" name="Radio FM+" type="2" provider="NURTS" onid="213" tsid="3" namespace="0x01c20000" radio="1" />
        <service id="0x002e" sid="46" name="Radio Fresh" type="2" provider="NURTS" onid="213" tsid="3" namespace="0x01c20000" radio="1" />
        <service id="0x003f" sid="63" name="Radio Magic FM" type="2" provider="NURTS" onid="213" tsid="3" namespace="0x01c20000" radio="1" />
        <service id="0x003d" sid="61" name="Radio The Voice" type="2" provider="NURTS" onid="213" tsid="3" namespace="0x01c20000" radio="1" />
        <service id="0x003e" sid="62" name="Radio Veselina" type="2" provider="NURTS" onid="213" tsid="3" namespace="0x01c20000" radio="1" />
        <service id="0x003c" sid="60" name="Radio Vitosha" type="2" provider="NURTS" onid="213" tsid="3" namespace="0x01c20000" radio="1" />
        <service id="0x0022" sid="34" name="RNE" type="2" provider="NURTS" onid="213" tsid="3" namespace="0x01c20000" radio="1" />
        <service id="0x002c" sid="44" name="Start FM" type="2" provider="NURTS" onid="213" tsid="3" namespace="0x01c20000" radio="1" />
        <service id="0x002d" sid="45" name="Test Signal" type="2" provider="NURTS" onid="213" tsid="3" namespace="0x01c20000" radio="1" />
        <service id="0x001d" sid="29" name="Z-ROCK" type="2" provider="NURTS" onid="213" tsid="3" namespace="0x01c20000" radio="1" />
        <service id="0x0025" sid="37" name="Z-Rock Cable" type="2" provider="NURTS" onid="213" tsid="3" namespace="0x01c20000" radio="1" />
      </transponder>
    </satellite>
    <satellite key="01c20000:0005:00d5" name="Sat-45E" namespace="0x01c20000" position="45">
      <transponder key="01c20000:0005:00d5" frequency="11513000" symbol_rate="30000000" polarization="V" fec="2" system="0" modulation="0">
        <service id="0x0016" sid="22" name="Alfa TV" type="1" provider="NURTS" onid="213" tsid="5" namespace="0x01c20000" />
        <service id="0x0017" sid="23" name="BH TV" type="1" provider="NURTS" onid="213" tsid="5" namespace="0x01c20000" />
        <service id="0x001f" sid="31" name="BSTV" type="1" provider="NURTS" onid="213" tsid="5" namespace="0x01c20000" />
        <service id="0x0015" sid="21" name="NKTV Evrokom" type="1" provider="NURTS" onid="213" tsid="5" namespace="0x01c20000" />
        <service id="0x0019" sid="25" name="NTV Styl" type="1" provider="NURTS" onid="213" tsid="5" namespace="0x01c20000" />
        <service id="0x002f" sid="47" name="PPTV" type="1" provider="NURTS" onid="213" tsid="5" namespace="0x01c20000" />
        <service id="0x002e" sid="46" name="The Voice" type="1" provider="NURTS" onid="213" tsid="5" namespace="0x01c20000" />
        <service id="0x004b" sid="75" name="VTK" type="1" provider="NURTS" onid="213" tsid="5" namespace="0x01c20000" />
        <service id="0x001a" sid="26" name="БНТ 4" type="1" provider="NURTS" onid="213" tsid="5" namespace="0x01c20000" />
      </transponder>
    </satellite>
  </satellites>
</zapit>
