{
  "api_version": 4,
  "bouquet_count": "212",
  "category": "all",
  "deduplicated_services": "0",
  "display_name": "All",
  "lamedb_version": "4",
  "last_seen": "unknown",
  "service_count": "12689",
  "source": "work/ingest/oe-alliance/vhannibal.motor.polska/enigma2",
  "stale": "unknown",
  "stats": "{\"bouquet_count\": 47, \"cable_services\": 0, \"radio_services\": 1984, \"sat_services\": 12689, \"terrestrial_services\": 0, \"total_services\": 12689}",
  "thresholds": "{\"cable\": 20, \"sat\": 50, \"terrestrial\": 20}",
  "transponder_count": "954"
}