<?xml version='1.0' encoding='utf-8'?>
<zapit>
  <bouquet name="General" category="tv">
    <channel service_ref="1:0:1:0bba:0107:217c:eeee0000:0:0:0:" name="Arte Italia 124" service_name="Arte Italia 124" provider="Canale Italia" sid="3002" onid="8572" tsid="263" />
    <channel service_ref="1:0:1:0bbb:0107:217c:eeee0000:0:0:0:" name="Arte Italia 125" service_name="Arte Italia 125" provider="Canale Italia" sid="3003" onid="8572" tsid="263" />
    <channel service_ref="1:0:1:0001:47d0:217c:eeee0000:0:0:0:" name="CANALE ITALIA 83" service_name="CANALE ITALIA 83" provider="Canale Italia" sid="1" onid="8572" tsid="18384" />
    <channel service_ref="1:0:1:000a:47d0:217c:eeee0000:0:0:0:" name="CANALE ITALIA 83" service_name="CANALE ITALIA 83" provider="Canale Italia" sid="10" onid="8572" tsid="18384" />
    <channel service_ref="1:0:1:0002:47d0:217c:eeee0000:0:0:0:" name="CANALE ITALIA 84" service_name="CANALE ITALIA 84" provider="Canale Italia" sid="2" onid="8572" tsid="18384" />
    <channel service_ref="1:0:1:000b:47d0:217c:eeee0000:0:0:0:" name="CANALE ITALIA 84" service_name="CANALE ITALIA 84" provider="Canale Italia" sid="11" onid="8572" tsid="18384" />
    <channel service_ref="1:0:25:008d:0107:217c:eeee0000:0:0:0:" name="DAZN Channel - Premi Info" service_name="DAZN Channel - Premi Info" provider="" sid="141" onid="8572" tsid="263" />
    <channel service_ref="1:0:1:001c:47d0:217c:eeee0000:0:0:0:" name="FRANCE 24" service_name="FRANCE 24" provider="Canale Italia" sid="28" onid="8572" tsid="18384" />
    <channel service_ref="1:0:1:0006:47d0:217c:eeee0000:0:0:0:" name="ITALIA 121" service_name="ITALIA 121" provider="Canale Italia" sid="6" onid="8572" tsid="18384" />
    <channel service_ref="1:0:1:0bb9:0107:217c:eeee0000:0:0:0:" name="Italia 121" service_name="Italia 121" provider="Canale Italia" sid="3001" onid="8572" tsid="263" />
    <channel service_ref="1:0:1:0bbc:0107:217c:eeee0000:0:0:0:" name="Italia 126" service_name="Italia 126" provider="Canale Italia" sid="3004" onid="8572" tsid="263" />
    <channel service_ref="1:0:1:0bbd:0107:217c:eeee0000:0:0:0:" name="Italia 127" service_name="Italia 127" provider="Canale Italia" sid="3005" onid="8572" tsid="263" />
    <channel service_ref="1:0:1:001f:47d0:217c:eeee0000:0:0:0:" name="ITALIA 134" service_name="ITALIA 134" provider="Canale Italia" sid="31" onid="8572" tsid="18384" />
    <channel service_ref="1:0:1:0bbf:0107:217c:eeee0000:0:0:0:" name="Italia 134" service_name="Italia 134" provider="Canale Italia" sid="3007" onid="8572" tsid="263" />
    <channel service_ref="1:0:1:0bbe:0107:217c:eeee0000:0:0:0:" name="Italia 135" service_name="Italia 135" provider="Canale Italia" sid="3006" onid="8572" tsid="263" />
    <channel service_ref="1:0:1:0c1f:0107:217c:eeee0000:0:0:0:" name="Italia 136" service_name="Italia 136" provider="Canale Italia" sid="3103" onid="8572" tsid="263" />
    <channel service_ref="1:0:1:0007:47d0:217c:eeee0000:0:0:0:" name="ITALIA 141" service_name="ITALIA 141" provider="Canale Italia" sid="7" onid="8572" tsid="18384" />
    <channel service_ref="1:0:1:001b:47d0:217c:eeee0000:0:0:0:" name="ITALIA 143" service_name="ITALIA 143" provider="Canale Italia" sid="27" onid="8572" tsid="18384" />
    <channel service_ref="1:0:1:0c22:0107:217c:eeee0000:0:0:0:" name="Italia 143" service_name="Italia 143" provider="Canale Italia" sid="3106" onid="8572" tsid="263" />
    <channel service_ref="1:0:1:001d:47d0:217c:eeee0000:0:0:0:" name="ITALIA 148" service_name="ITALIA 148" provider="Canale Italia" sid="29" onid="8572" tsid="18384" />
    <channel service_ref="1:0:1:0c21:0107:217c:eeee0000:0:0:0:" name="Italia 148" service_name="Italia 148" provider="Canale Italia" sid="3105" onid="8572" tsid="263" />
    <channel service_ref="1:0:1:0005:47d0:217c:eeee0000:0:0:0:" name="ITALIA 150" service_name="ITALIA 150" provider="Canale Italia" sid="5" onid="8572" tsid="18384" />
    <channel service_ref="1:0:1:0c20:0107:217c:eeee0000:0:0:0:" name="Italia 154" service_name="Italia 154" provider="Canale Italia" sid="3104" onid="8572" tsid="263" />
    <channel service_ref="1:0:1:0003:47d0:217c:eeee0000:0:0:0:" name="ITALIA 156" service_name="ITALIA 156" provider="Canale Italia" sid="3" onid="8572" tsid="18384" />
    <channel service_ref="1:0:1:0c1e:0107:217c:eeee0000:0:0:0:" name="Italia 156" service_name="Italia 156" provider="Canale Italia" sid="3102" onid="8572" tsid="263" />
    <channel service_ref="1:0:1:0008:47d0:217c:eeee0000:0:0:0:" name="ITALIA 160" service_name="ITALIA 160" provider="Canale Italia" sid="8" onid="8572" tsid="18384" />
    <channel service_ref="1:0:1:001e:47d0:217c:eeee0000:0:0:0:" name="ITALIA 160" service_name="ITALIA 160" provider="Canale Italia" sid="30" onid="8572" tsid="18384" />
    <channel service_ref="1:0:1:0004:47d0:217c:eeee0000:0:0:0:" name="ITALIA 161" service_name="ITALIA 161" provider="Canale Italia" sid="4" onid="8572" tsid="18384" />
    <channel service_ref="1:0:1:0c1d:0107:217c:eeee0000:0:0:0:" name="Italia 161" service_name="Italia 161" provider="Canale Italia" sid="3101" onid="8572" tsid="263" />
    <channel service_ref="1:0:1:000d:47d0:217c:eeee0000:0:0:0:" name="ITALIA 164" service_name="ITALIA 164" provider="Canale Italia" sid="13" onid="8572" tsid="18384" />
    <channel service_ref="1:0:1:0c23:0107:217c:eeee0000:0:0:0:" name="Italia 164" service_name="Italia 164" provider="Canale Italia" sid="3107" onid="8572" tsid="263" />
    <channel service_ref="1:0:1:000c:47d0:217c:eeee0000:0:0:0:" name="ITALIA 53" service_name="ITALIA 53" provider="Canale Italia" sid="12" onid="8572" tsid="18384" />
    <channel service_ref="1:0:1:000e:47d0:217c:eeee0000:0:0:0:" name="ITALIA 53" service_name="ITALIA 53" provider="Canale Italia" sid="14" onid="8572" tsid="18384" />
    <channel service_ref="1:0:1:02c7:0107:217c:eeee0000:0:0:0:" name="LA7" service_name="LA7" provider="" sid="711" onid="8572" tsid="263" />
    <channel service_ref="1:0:1:02d1:0107:217c:eeee0000:0:0:0:" name="LA7" service_name="LA7" provider="" sid="721" onid="8572" tsid="263" />
    <channel service_ref="1:0:25:02ef:0107:217c:eeee0000:0:0:0:" name="LA7 HD" service_name="LA7 HD" provider="" sid="751" onid="8572" tsid="263" />
    <channel service_ref="1:0:1:013e:0107:217c:eeee0000:0:0:0:" name="LA7 on demand" service_name="LA7 on demand" provider="" sid="318" onid="8572" tsid="263" />
    <channel service_ref="1:0:1:02fa:0107:217c:eeee0000:0:0:0:" name="LA7 Servizi on demand" service_name="LA7 Servizi on demand" provider="" sid="762" onid="8572" tsid="263" />
    <channel service_ref="1:0:1:013d:0107:217c:eeee0000:0:0:0:" name="LA7 Test" service_name="LA7 Test" provider="" sid="317" onid="8572" tsid="263" />
    <channel service_ref="1:0:1:02f9:0107:217c:eeee0000:0:0:0:" name="LA7 TEST" service_name="LA7 TEST" provider="" sid="761" onid="8572" tsid="263" />
    <channel service_ref="1:0:1:02fb:0107:217c:eeee0000:0:0:0:" name="LA7 TEST" service_name="LA7 TEST" provider="" sid="763" onid="8572" tsid="263" />
    <channel service_ref="1:0:1:02fc:0107:217c:eeee0000:0:0:0:" name="LA7 TEST" service_name="LA7 TEST" provider="" sid="764" onid="8572" tsid="263" />
    <channel service_ref="1:0:1:02fd:0107:217c:eeee0000:0:0:0:" name="LA7 TEST" service_name="LA7 TEST" provider="" sid="765" onid="8572" tsid="263" />
    <channel service_ref="1:0:1:02c8:0107:217c:eeee0000:0:0:0:" name="LA7d" service_name="LA7d" provider="" sid="712" onid="8572" tsid="263" />
    <channel service_ref="1:0:1:02d2:0107:217c:eeee0000:0:0:0:" name="LA7d" service_name="LA7d" provider="" sid="722" onid="8572" tsid="263" />
    <channel service_ref="1:0:25:02f0:0107:217c:eeee0000:0:0:0:" name="LA7d HD" service_name="LA7d HD" provider="" sid="752" onid="8572" tsid="263" />
    <channel service_ref="1:0:1:0009:47d0:217c:eeee0000:0:0:0:" name="RPL - LA TUA RADIO" service_name="RPL - LA TUA RADIO" provider="Canale Italia" sid="9" onid="8572" tsid="18384" />
  </bouquet>
  <bouquet name="Sports" category="tv">
    <channel service_ref="1:0:25:008d:0107:217c:eeee0000:0:0:0:" name="DAZN Channel - Premi Info" service_name="DAZN Channel - Premi Info" provider="" sid="141" onid="8572" tsid="263" />
  </bouquet>
  <bouquet name="RAI" category="tv">
    <channel service_ref="1:0:1:0bba:0107:217c:eeee0000:0:0:0:" name="Arte Italia 124" service_name="Arte Italia 124" provider="Canale Italia" sid="3002" onid="8572" tsid="263" />
    <channel service_ref="1:0:1:0bbb:0107:217c:eeee0000:0:0:0:" name="Arte Italia 125" service_name="Arte Italia 125" provider="Canale Italia" sid="3003" onid="8572" tsid="263" />
    <channel service_ref="1:0:1:0001:47d0:217c:eeee0000:0:0:0:" name="CANALE ITALIA 83" service_name="CANALE ITALIA 83" provider="Canale Italia" sid="1" onid="8572" tsid="18384" />
    <channel service_ref="1:0:1:000a:47d0:217c:eeee0000:0:0:0:" name="CANALE ITALIA 83" service_name="CANALE ITALIA 83" provider="Canale Italia" sid="10" onid="8572" tsid="18384" />
    <channel service_ref="1:0:1:0002:47d0:217c:eeee0000:0:0:0:" name="CANALE ITALIA 84" service_name="CANALE ITALIA 84" provider="Canale Italia" sid="2" onid="8572" tsid="18384" />
    <channel service_ref="1:0:1:000b:47d0:217c:eeee0000:0:0:0:" name="CANALE ITALIA 84" service_name="CANALE ITALIA 84" provider="Canale Italia" sid="11" onid="8572" tsid="18384" />
    <channel service_ref="1:0:1:001c:47d0:217c:eeee0000:0:0:0:" name="FRANCE 24" service_name="FRANCE 24" provider="Canale Italia" sid="28" onid="8572" tsid="18384" />
    <channel service_ref="1:0:1:0006:47d0:217c:eeee0000:0:0:0:" name="ITALIA 121" service_name="ITALIA 121" provider="Canale Italia" sid="6" onid="8572" tsid="18384" />
    <channel service_ref="1:0:1:0bb9:0107:217c:eeee0000:0:0:0:" name="Italia 121" service_name="Italia 121" provider="Canale Italia" sid="3001" onid="8572" tsid="263" />
    <channel service_ref="1:0:1:0bbc:0107:217c:eeee0000:0:0:0:" name="Italia 126" service_name="Italia 126" provider="Canale Italia" sid="3004" onid="8572" tsid="263" />
    <channel service_ref="1:0:1:0bbd:0107:217c:eeee0000:0:0:0:" name="Italia 127" service_name="Italia 127" provider="Canale Italia" sid="3005" onid="8572" tsid="263" />
    <channel service_ref="1:0:1:001f:47d0:217c:eeee0000:0:0:0:" name="ITALIA 134" service_name="ITALIA 134" provider="Canale Italia" sid="31" onid="8572" tsid="18384" />
    <channel service_ref="1:0:1:0bbf:0107:217c:eeee0000:0:0:0:" name="Italia 134" service_name="Italia 134" provider="Canale Italia" sid="3007" onid="8572" tsid="263" />
    <channel service_ref="1:0:1:0bbe:0107:217c:eeee0000:0:0:0:" name="Italia 135" service_name="Italia 135" provider="Canale Italia" sid="3006" onid="8572" tsid="263" />
    <channel service_ref="1:0:1:0c1f:0107:217c:eeee0000:0:0:0:" name="Italia 136" service_name="Italia 136" provider="Canale Italia" sid="3103" onid="8572" tsid="263" />
    <channel service_ref="1:0:1:0007:47d0:217c:eeee0000:0:0:0:" name="ITALIA 141" service_name="ITALIA 141" provider="Canale Italia" sid="7" onid="8572" tsid="18384" />
    <channel service_ref="1:0:1:001b:47d0:217c:eeee0000:0:0:0:" name="ITALIA 143" service_name="ITALIA 143" provider="Canale Italia" sid="27" onid="8572" tsid="18384" />
    <channel service_ref="1:0:1:0c22:0107:217c:eeee0000:0:0:0:" name="Italia 143" service_name="Italia 143" provider="Canale Italia" sid="3106" onid="8572" tsid="263" />
    <channel service_ref="1:0:1:001d:47d0:217c:eeee0000:0:0:0:" name="ITALIA 148" service_name="ITALIA 148" provider="Canale Italia" sid="29" onid="8572" tsid="18384" />
    <channel service_ref="1:0:1:0c21:0107:217c:eeee0000:0:0:0:" name="Italia 148" service_name="Italia 148" provider="Canale Italia" sid="3105" onid="8572" tsid="263" />
    <channel service_ref="1:0:1:0005:47d0:217c:eeee0000:0:0:0:" name="ITALIA 150" service_name="ITALIA 150" provider="Canale Italia" sid="5" onid="8572" tsid="18384" />
    <channel service_ref="1:0:1:0c20:0107:217c:eeee0000:0:0:0:" name="Italia 154" service_name="Italia 154" provider="Canale Italia" sid="3104" onid="8572" tsid="263" />
    <channel service_ref="1:0:1:0003:47d0:217c:eeee0000:0:0:0:" name="ITALIA 156" service_name="ITALIA 156" provider="Canale Italia" sid="3" onid="8572" tsid="18384" />
    <channel service_ref="1:0:1:0c1e:0107:217c:eeee0000:0:0:0:" name="Italia 156" service_name="Italia 156" provider="Canale Italia" sid="3102" onid="8572" tsid="263" />
    <channel service_ref="1:0:1:0008:47d0:217c:eeee0000:0:0:0:" name="ITALIA 160" service_name="ITALIA 160" provider="Canale Italia" sid="8" onid="8572" tsid="18384" />
    <channel service_ref="1:0:1:001e:47d0:217c:eeee0000:0:0:0:" name="ITALIA 160" service_name="ITALIA 160" provider="Canale Italia" sid="30" onid="8572" tsid="18384" />
    <channel service_ref="1:0:1:0004:47d0:217c:eeee0000:0:0:0:" name="ITALIA 161" service_name="ITALIA 161" provider="Canale Italia" sid="4" onid="8572" tsid="18384" />
    <channel service_ref="1:0:1:0c1d:0107:217c:eeee0000:0:0:0:" name="Italia 161" service_name="Italia 161" provider="Canale Italia" sid="3101" onid="8572" tsid="263" />
    <channel service_ref="1:0:1:000d:47d0:217c:eeee0000:0:0:0:" name="ITALIA 164" service_name="ITALIA 164" provider="Canale Italia" sid="13" onid="8572" tsid="18384" />
    <channel service_ref="1:0:1:0c23:0107:217c:eeee0000:0:0:0:" name="Italia 164" service_name="Italia 164" provider="Canale Italia" sid="3107" onid="8572" tsid="263" />
    <channel service_ref="1:0:1:000c:47d0:217c:eeee0000:0:0:0:" name="ITALIA 53" service_name="ITALIA 53" provider="Canale Italia" sid="12" onid="8572" tsid="18384" />
    <channel service_ref="1:0:1:000e:47d0:217c:eeee0000:0:0:0:" name="ITALIA 53" service_name="ITALIA 53" provider="Canale Italia" sid="14" onid="8572" tsid="18384" />
    <channel service_ref="1:0:1:0009:47d0:217c:eeee0000:0:0:0:" name="RPL - LA TUA RADIO" service_name="RPL - LA TUA RADIO" provider="Canale Italia" sid="9" onid="8572" tsid="18384" />
  </bouquet>
  <bouquet name="Italy" category="tv">
    <channel service_ref="1:0:1:02c7:0107:217c:eeee0000:0:0:0:" name="LA7" service_name="LA7" provider="" sid="711" onid="8572" tsid="263" />
    <channel service_ref="1:0:1:02d1:0107:217c:eeee0000:0:0:0:" name="LA7" service_name="LA7" provider="" sid="721" onid="8572" tsid="263" />
    <channel service_ref="1:0:25:02ef:0107:217c:eeee0000:0:0:0:" name="LA7 HD" service_name="LA7 HD" provider="" sid="751" onid="8572" tsid="263" />
    <channel service_ref="1:0:1:013e:0107:217c:eeee0000:0:0:0:" name="LA7 on demand" service_name="LA7 on demand" provider="" sid="318" onid="8572" tsid="263" />
    <channel service_ref="1:0:1:02fa:0107:217c:eeee0000:0:0:0:" name="LA7 Servizi on demand" service_name="LA7 Servizi on demand" provider="" sid="762" onid="8572" tsid="263" />
    <channel service_ref="1:0:1:013d:0107:217c:eeee0000:0:0:0:" name="LA7 Test" service_name="LA7 Test" provider="" sid="317" onid="8572" tsid="263" />
    <channel service_ref="1:0:1:02f9:0107:217c:eeee0000:0:0:0:" name="LA7 TEST" service_name="LA7 TEST" provider="" sid="761" onid="8572" tsid="263" />
    <channel service_ref="1:0:1:02fb:0107:217c:eeee0000:0:0:0:" name="LA7 TEST" service_name="LA7 TEST" provider="" sid="763" onid="8572" tsid="263" />
    <channel service_ref="1:0:1:02fc:0107:217c:eeee0000:0:0:0:" name="LA7 TEST" service_name="LA7 TEST" provider="" sid="764" onid="8572" tsid="263" />
    <channel service_ref="1:0:1:02fd:0107:217c:eeee0000:0:0:0:" name="LA7 TEST" service_name="LA7 TEST" provider="" sid="765" onid="8572" tsid="263" />
    <channel service_ref="1:0:1:02c8:0107:217c:eeee0000:0:0:0:" name="LA7d" service_name="LA7d" provider="" sid="712" onid="8572" tsid="263" />
    <channel service_ref="1:0:1:02d2:0107:217c:eeee0000:0:0:0:" name="LA7d" service_name="LA7d" provider="" sid="722" onid="8572" tsid="263" />
    <channel service_ref="1:0:25:02f0:0107:217c:eeee0000:0:0:0:" name="LA7d HD" service_name="LA7d HD" provider="" sid="752" onid="8572" tsid="263" />
  </bouquet>
  <bouquet name="Resolution - HD" category="tv">
    <channel service_ref="1:0:25:02ef:0107:217c:eeee0000:0:0:0:" name="LA7 HD" service_name="LA7 HD" provider="" sid="751" onid="8572" tsid="263" />
    <channel service_ref="1:0:25:02f0:0107:217c:eeee0000:0:0:0:" name="LA7d HD" service_name="LA7d HD" provider="" sid="752" onid="8572" tsid="263" />
  </bouquet>
  <bouquet name="PayTV - DAZN - DE - HD" category="tv">
    <channel service_ref="1:0:25:008d:0107:217c:eeee0000:0:0:0:" name="DAZN Channel - Premi Info" service_name="DAZN Channel - Premi Info" provider="" sid="141" onid="8572" tsid="263" />
  </bouquet>
  <bouquet name="Radio" category="radio">
    <channel service_ref="1:0:2:000f:47d0:217c:eeee0000:0:0:0:" name="RADIO CANALE ITALIA" service_name="RADIO CANALE ITALIA" provider="Canale Italia" sid="15" onid="8572" tsid="18384" />
    <channel service_ref="1:0:2:0010:47d0:217c:eeee0000:0:0:0:" name="VOLAMI NEL CUORE" service_name="VOLAMI NEL CUORE" provider="Canale Italia" sid="16" onid="8572" tsid="18384" />
  </bouquet>
  <bouquet name="Digitale terrestre                     by Rogist" category="tv">
    <channel service_ref="1:0:1:1c:47d0:217c:eeee0000:0:0:0:" name="FRANCE 24" service_name="FRANCE 24" provider="Canale Italia" sid="28" onid="8572" tsid="18384" />
    <channel service_ref="1:0:1:1:47d0:217c:eeee0000:0:0:0:" name="CANALE ITALIA 83" service_name="CANALE ITALIA 83" provider="Canale Italia" sid="1" onid="8572" tsid="18384" />
    <channel service_ref="1:0:1:2:47d0:217c:eeee0000:0:0:0:" name="CANALE ITALIA 84" service_name="CANALE ITALIA 84" provider="Canale Italia" sid="2" onid="8572" tsid="18384" />
    <channel service_ref="1:0:1:6:47d0:217c:eeee0000:0:0:0:" name="ITALIA 121" service_name="ITALIA 121" provider="Canale Italia" sid="6" onid="8572" tsid="18384" />
    <channel service_ref="1:0:1:b:47d0:217c:eeee0000:0:0:0:" name="CANALE ITALIA 84" service_name="CANALE ITALIA 84" provider="Canale Italia" sid="11" onid="8572" tsid="18384" />
    <channel service_ref="1:0:1:1f:47d0:217c:eeee0000:0:0:0:" name="ITALIA 134" service_name="ITALIA 134" provider="Canale Italia" sid="31" onid="8572" tsid="18384" />
    <channel service_ref="1:0:1:c:47d0:217c:eeee0000:0:0:0:" name="ITALIA 53" service_name="ITALIA 53" provider="Canale Italia" sid="12" onid="8572" tsid="18384" />
    <channel service_ref="1:0:1:7:47d0:217c:eeee0000:0:0:0:" name="ITALIA 141" service_name="ITALIA 141" provider="Canale Italia" sid="7" onid="8572" tsid="18384" />
    <channel service_ref="1:0:1:e:47d0:217c:eeee0000:0:0:0:" name="ITALIA 53" service_name="ITALIA 53" provider="Canale Italia" sid="14" onid="8572" tsid="18384" />
    <channel service_ref="1:0:1:1b:47d0:217c:eeee0000:0:0:0:" name="ITALIA 143" service_name="ITALIA 143" provider="Canale Italia" sid="27" onid="8572" tsid="18384" />
    <channel service_ref="1:0:1:1d:47d0:217c:eeee0000:0:0:0:" name="ITALIA 148" service_name="ITALIA 148" provider="Canale Italia" sid="29" onid="8572" tsid="18384" />
    <channel service_ref="1:0:1:5:47d0:217c:eeee0000:0:0:0:" name="ITALIA 150" service_name="ITALIA 150" provider="Canale Italia" sid="5" onid="8572" tsid="18384" />
    <channel service_ref="1:0:1:a:47d0:217c:eeee0000:0:0:0:" name="CANALE ITALIA 83" service_name="CANALE ITALIA 83" provider="Canale Italia" sid="10" onid="8572" tsid="18384" />
    <channel service_ref="1:0:1:3:47d0:217c:eeee0000:0:0:0:" name="ITALIA 156" service_name="ITALIA 156" provider="Canale Italia" sid="3" onid="8572" tsid="18384" />
    <channel service_ref="1:0:1:d:47d0:217c:eeee0000:0:0:0:" name="ITALIA 164" service_name="ITALIA 164" provider="Canale Italia" sid="13" onid="8572" tsid="18384" />
    <channel service_ref="1:0:1:1e:47d0:217c:eeee0000:0:0:0:" name="ITALIA 160" service_name="ITALIA 160" provider="Canale Italia" sid="30" onid="8572" tsid="18384" />
    <channel service_ref="1:0:1:4:47d0:217c:eeee0000:0:0:0:" name="ITALIA 161" service_name="ITALIA 161" provider="Canale Italia" sid="4" onid="8572" tsid="18384" />
    <channel service_ref="1:0:1:8:47d0:217c:eeee0000:0:0:0:" name="ITALIA 160" service_name="ITALIA 160" provider="Canale Italia" sid="8" onid="8572" tsid="18384" />
    <channel service_ref="1:0:1:9:47d0:217c:eeee0000:0:0:0:" name="RPL - LA TUA RADIO" service_name="RPL - LA TUA RADIO" provider="Canale Italia" sid="9" onid="8572" tsid="18384" />
    <channel service_ref="1:0:2:f:47d0:217c:eeee0000:0:0:0:" name="RADIO CANALE ITALIA" service_name="RADIO CANALE ITALIA" provider="Canale Italia" sid="15" onid="8572" tsid="18384" />
  </bouquet>
  <bouquet name="Digitale terrestre                     by Rogist" category="tv">
    <channel service_ref="1:0:1:7:47d0:217c:eeee0000:0:0:0:" name="ITALIA 141" service_name="ITALIA 141" provider="Canale Italia" sid="7" onid="8572" tsid="18384" />
    <channel service_ref="1:0:1:1:47d0:217c:eeee0000:0:0:0:" name="CANALE ITALIA 83" service_name="CANALE ITALIA 83" provider="Canale Italia" sid="1" onid="8572" tsid="18384" />
    <channel service_ref="1:0:1:2:47d0:217c:eeee0000:0:0:0:" name="CANALE ITALIA 84" service_name="CANALE ITALIA 84" provider="Canale Italia" sid="2" onid="8572" tsid="18384" />
    <channel service_ref="1:0:1:4:47d0:217c:eeee0000:0:0:0:" name="ITALIA 161" service_name="ITALIA 161" provider="Canale Italia" sid="4" onid="8572" tsid="18384" />
    <channel service_ref="1:0:1:5:47d0:217c:eeee0000:0:0:0:" name="ITALIA 150" service_name="ITALIA 150" provider="Canale Italia" sid="5" onid="8572" tsid="18384" />
    <channel service_ref="1:0:1:8:47d0:217c:eeee0000:0:0:0:" name="ITALIA 160" service_name="ITALIA 160" provider="Canale Italia" sid="8" onid="8572" tsid="18384" />
    <channel service_ref="1:0:1:10:47d0:217c:eeee0000:0:0:0:" name="VOLAMI NEL CUORE" service_name="VOLAMI NEL CUORE" provider="Canale Italia" sid="16" onid="8572" tsid="18384" />
    <channel service_ref="1:0:1:9:47d0:217c:eeee0000:0:0:0:" name="RPL - LA TUA RADIO" service_name="RPL - LA TUA RADIO" provider="Canale Italia" sid="9" onid="8572" tsid="18384" />
    <channel service_ref="1:0:1:6:47d0:217c:eeee0000:0:0:0:" name="ITALIA 121" service_name="ITALIA 121" provider="Canale Italia" sid="6" onid="8572" tsid="18384" />
    <channel service_ref="1:0:1:b:47d0:217c:eeee0000:0:0:0:" name="CANALE ITALIA 84" service_name="CANALE ITALIA 84" provider="Canale Italia" sid="11" onid="8572" tsid="18384" />
    <channel service_ref="1:0:1:1f:47d0:217c:eeee0000:0:0:0:" name="ITALIA 134" service_name="ITALIA 134" provider="Canale Italia" sid="31" onid="8572" tsid="18384" />
    <channel service_ref="1:0:1:c:47d0:217c:eeee0000:0:0:0:" name="ITALIA 53" service_name="ITALIA 53" provider="Canale Italia" sid="12" onid="8572" tsid="18384" />
    <channel service_ref="1:0:1:3:47d0:217c:eeee0000:0:0:0:" name="ITALIA 156" service_name="ITALIA 156" provider="Canale Italia" sid="3" onid="8572" tsid="18384" />
    <channel service_ref="1:0:1:d:47d0:217c:eeee0000:0:0:0:" name="ITALIA 164" service_name="ITALIA 164" provider="Canale Italia" sid="13" onid="8572" tsid="18384" />
    <channel service_ref="1:0:1:e:47d0:217c:eeee0000:0:0:0:" name="ITALIA 53" service_name="ITALIA 53" provider="Canale Italia" sid="14" onid="8572" tsid="18384" />
    <channel service_ref="1:0:2:f:47d0:217c:eeee0000:0:0:0:" name="RADIO CANALE ITALIA" service_name="RADIO CANALE ITALIA" provider="Canale Italia" sid="15" onid="8572" tsid="18384" />
  </bouquet>
</zapit>
