<?xml version='1.0' encoding='utf-8'?>
<zapit>
  <bouquet name="General" category="tv">
    <channel service_ref="1:0:1:001b:1d36:1d36:02080000:0:0:0:" name="1 TV" service_name="1 TV" provider="WNS" sid="27" onid="7478" tsid="7478" />
    <channel service_ref="1:0:1:0005:2506:2506:02080000:0:0:0:" name="247Box" service_name="247Box" provider="WNS" sid="5" onid="9478" tsid="9478" />
    <channel service_ref="1:0:1:001b:211e:211e:02080000:0:0:0:" name="ABN" service_name="ABN" provider="WNS" sid="27" onid="8478" tsid="8478" />
    <channel service_ref="1:0:1:0004:2506:2506:02080000:0:0:0:" name="Afghanistan Intl" service_name="Afghanistan Intl" provider="WNS" sid="4" onid="9478" tsid="9478" />
    <channel service_ref="1:0:1:000b:2506:2506:02080000:0:0:0:" name="Afghanistan Intl Radio" service_name="Afghanistan Intl Radio" provider="WNS" sid="11" onid="9478" tsid="9478" />
    <channel service_ref="1:0:1:000f:2506:2506:02080000:0:0:0:" name="Afghanistan Intl SD" service_name="Afghanistan Intl SD" provider="WNS" sid="15" onid="9478" tsid="9478" />
    <channel service_ref="1:0:1:00c9:0001:0001:0208afe8:0:0:0:" name="Altyn Asyr" service_name="Altyn Asyr" provider="Turkmenistan" sid="201" onid="1" tsid="1" />
    <channel service_ref="1:0:1:026a:0002:0002:02080000:0:0:0:" name="Amedia 1" service_name="Amedia 1" provider="2" sid="618" onid="2" tsid="2" />
    <channel service_ref="1:0:1:026b:0002:0002:02080000:0:0:0:" name="Amedia 2" service_name="Amedia 2" provider="2" sid="619" onid="2" tsid="2" />
    <channel service_ref="1:0:1:026d:0002:0002:02080000:0:0:0:" name="Amedia Hit HD" service_name="Amedia Hit HD" provider="2" sid="621" onid="2" tsid="2" />
    <channel service_ref="1:0:1:026c:0002:0002:02080000:0:0:0:" name="Amedia Premium HD" service_name="Amedia Premium HD" provider="2" sid="620" onid="2" tsid="2" />
    <channel service_ref="1:0:1:026e:0002:0002:02080000:0:0:0:" name="Animal Planet HD" service_name="Animal Planet HD" provider="2" sid="622" onid="2" tsid="2" />
    <channel service_ref="1:0:1:000d:1d36:1d36:02080000:0:0:0:" name="ANT TV" service_name="ANT TV" provider="WNS" sid="13" onid="7478" tsid="7478" />
    <channel service_ref="1:0:1:02bd:194e:194e:02080000:0:0:0:" name="Ariana TV" service_name="Ariana TV" provider="WNS" sid="701" onid="6478" tsid="6478" />
    <channel service_ref="1:0:1:00cd:0001:0001:0208b00f:0:0:0:" name="Asgabat" service_name="Asgabat" provider="Turkmenistan" sid="205" onid="1" tsid="1" />
    <channel service_ref="1:0:1:014b:194e:194e:02080000:0:0:0:" name="AVA Family" service_name="AVA Family" provider="WNS" sid="331" onid="6478" tsid="6478" />
    <channel service_ref="1:0:1:001d:1d36:1d36:02080000:0:0:0:" name="Ayna TV" service_name="Ayna TV" provider="WNS" sid="29" onid="7478" tsid="7478" />
    <channel service_ref="1:0:1:010c:0002:0002:02080000:0:0:0:" name="Black" service_name="Black" provider="2" sid="268" onid="2" tsid="2" />
    <channel service_ref="1:0:1:038b:0005:0002:02080000:0:0:0:" name="Bolajon" service_name="Bolajon" provider="5" sid="907" onid="2" tsid="5" />
    <channel service_ref="1:0:1:02bd:0003:0002:02080000:0:0:0:" name="Bollywood HD" service_name="Bollywood HD" provider="3" sid="701" onid="2" tsid="3" />
    <channel service_ref="1:0:1:02d5:0003:0002:02080000:0:0:0:" name="Cartoon Network" service_name="Cartoon Network" provider="3" sid="725" onid="2" tsid="3" />
    <channel service_ref="1:0:1:001a:211e:211e:02080000:0:0:0:" name="Channel One HD" service_name="Channel One HD" provider="WNS" sid="26" onid="8478" tsid="8478" />
    <channel service_ref="1:0:1:000e:211e:211e:02080000:0:0:0:" name="Didar TV" service_name="Didar TV" provider="WNS" sid="14" onid="8478" tsid="8478" />
    <channel service_ref="1:0:1:02c3:0003:0002:02080000:0:0:0:" name="Discovery Channel" service_name="Discovery Channel" provider="3" sid="707" onid="2" tsid="3" />
    <channel service_ref="1:0:1:001a:194e:194e:02080000:0:0:0:" name="Drama TV" service_name="Drama TV" provider="WNS" sid="26" onid="6478" tsid="6478" />
    <channel service_ref="1:0:1:0094:194e:194e:02080000:0:0:0:" name="Dunya naw TV - farah" service_name="Dunya naw TV - farah" provider="WNS" sid="148" onid="6478" tsid="6478" />
    <channel service_ref="1:0:1:038a:0005:0002:02080000:0:0:0:" name="Dunyo Boylab" service_name="Dunyo Boylab" provider="5" sid="906" onid="2" tsid="5" />
    <channel service_ref="1:0:1:000c:2506:2506:02080000:0:0:0:" name="Emrooz Radio" service_name="Emrooz Radio" provider="WNS" sid="12" onid="9478" tsid="9478" />
    <channel service_ref="1:0:1:0012:194e:194e:02080000:0:0:0:" name="Eslah Radio" service_name="Eslah Radio" provider="WNS" sid="18" onid="6478" tsid="6478" />
    <channel service_ref="1:0:1:02c7:194e:194e:02080000:0:0:0:" name="Eslah TV" service_name="Eslah TV" provider="WNS" sid="711" onid="6478" tsid="6478" />
    <channel service_ref="1:0:1:03a3:0005:0002:02080000:0:0:0:" name="Euronews" service_name="Euronews" provider="5" sid="931" onid="2" tsid="5" />
    <channel service_ref="1:0:1:02bf:0003:0002:02080000:0:0:0:" name="Eurosport 1" service_name="Eurosport 1" provider="3" sid="703" onid="2" tsid="3" />
    <channel service_ref="1:0:1:02c0:0003:0002:02080000:0:0:0:" name="Eurosport 2" service_name="Eurosport 2" provider="3" sid="704" onid="2" tsid="3" />
    <channel service_ref="1:0:22:01ff:0001:0002:02080000:0:0:0:" name="FRIDAY international" service_name="FRIDAY international" provider="1" sid="511" onid="2" tsid="1" />
    <channel service_ref="1:0:1:0001:2506:2506:02080000:0:0:0:" name="FX HD" service_name="FX HD" provider="WNS" sid="1" onid="9478" tsid="9478" />
    <channel service_ref="1:0:1:0094:0004:0002:02080000:0:0:0:" name="Ginger" service_name="Ginger" provider="4" sid="148" onid="2" tsid="4" />
    <channel service_ref="1:0:1:032e:0004:0002:02080000:0:0:0:" name="HDL" service_name="HDL" provider="4" sid="814" onid="2" tsid="4" />
    <channel service_ref="1:0:1:0007:211e:211e:02080000:0:0:0:" name="HOD HOD TV" service_name="HOD HOD TV" provider="WNS" sid="7" onid="8478" tsid="8478" />
    <channel service_ref="1:0:1:000d:194e:194e:02080000:0:0:0:" name="HOD HOD TV HD" service_name="HOD HOD TV HD" provider="WNS" sid="13" onid="6478" tsid="6478" />
    <channel service_ref="1:0:1:000a:2506:2506:02080000:0:0:0:" name="ICNET2" service_name="ICNET2" provider="WNS" sid="10" onid="9478" tsid="9478" />
    <channel service_ref="1:0:1:003a:0258:0e26:02080000:0:0:0:" name="IFILM2" service_name="IFILM2" provider="" sid="58" onid="3622" tsid="600" />
    <channel service_ref="1:0:1:0093:0004:0002:02080000:0:0:0:" name="Insight" service_name="Insight" provider="4" sid="147" onid="2" tsid="4" />
    <channel service_ref="1:0:1:02c1:194e:194e:02080000:0:0:0:" name="IRAN INTERNATIONAL" service_name="IRAN INTERNATIONAL" provider="WNS" sid="705" onid="6478" tsid="6478" />
    <channel service_ref="1:0:1:000a:211e:211e:02080000:0:0:0:" name="Iran Intl Radio" service_name="Iran Intl Radio" provider="WNS" sid="10" onid="8478" tsid="8478" />
    <channel service_ref="1:0:1:0011:194e:194e:02080000:0:0:0:" name="Iran-e-Farda TV" service_name="Iran-e-Farda TV" provider="WNS" sid="17" onid="6478" tsid="6478" />
    <channel service_ref="1:0:1:000d:2506:2506:02080000:0:0:0:" name="IranProud" service_name="IranProud" provider="WNS" sid="13" onid="9478" tsid="9478" />
    <channel service_ref="1:0:1:000c:194e:194e:02080000:0:0:0:" name="ITN" service_name="ITN" provider="WNS" sid="12" onid="6478" tsid="6478" />
    <channel service_ref="1:0:1:0003:2506:2506:02080000:0:0:0:" name="ITN HD" service_name="ITN HD" provider="WNS" sid="3" onid="9478" tsid="9478" />
    <channel service_ref="1:0:1:000e:2506:2506:02080000:0:0:0:" name="Keshish Hamid" service_name="Keshish Hamid" provider="WNS" sid="14" onid="9478" tsid="9478" />
    <channel service_ref="1:0:1:038e:0005:0002:02080000:0:0:0:" name="Kinoteatr" service_name="Kinoteatr" provider="5" sid="910" onid="2" tsid="5" />
    <channel service_ref="1:0:1:0004:211e:211e:02080000:0:0:0:" name="Maah TV" service_name="Maah TV" provider="WNS" sid="4" onid="8478" tsid="8478" />
    <channel service_ref="1:0:1:000d:211e:211e:02080000:0:0:0:" name="Maarif TV" service_name="Maarif TV" provider="WNS" sid="13" onid="8478" tsid="8478" />
    <channel service_ref="1:0:1:00b9:0005:0002:02080000:0:0:0:" name="Madaniyat va marifat" service_name="Madaniyat va marifat" provider="5" sid="185" onid="2" tsid="5" />
    <channel service_ref="1:0:1:038d:0005:0002:02080000:0:0:0:" name="Mahalla" service_name="Mahalla" provider="5" sid="909" onid="2" tsid="5" />
    <channel service_ref="1:0:1:001d:194e:194e:02080000:0:0:0:" name="ME2" service_name="ME2" provider="WNS" sid="29" onid="6478" tsid="6478" />
    <channel service_ref="1:0:1:001a:2506:2506:02080000:0:0:0:" name="Meraj TV" service_name="Meraj TV" provider="WNS" sid="26" onid="9478" tsid="9478" />
    <channel service_ref="1:0:1:00cb:0001:0001:0208afe8:0:0:0:" name="Miras" service_name="Miras" provider="Turkmenistan" sid="203" onid="1" tsid="1" />
    <channel service_ref="1:0:22:010f:0002:0002:02080000:0:0:0:" name="MMA-TV.com" service_name="MMA-TV.com" provider="2" sid="271" onid="2" tsid="2" />
    <channel service_ref="1:0:1:0008:211e:211e:02080000:0:0:0:" name="Mono TV HD" service_name="Mono TV HD" provider="WNS" sid="8" onid="8478" tsid="8478" />
    <channel service_ref="1:0:1:0001:194e:194e:02080000:0:0:0:" name="Movie Box" service_name="Movie Box" provider="WNS" sid="1" onid="6478" tsid="6478" />
    <channel service_ref="1:0:1:001b:194e:194e:02080000:0:0:0:" name="My Movie" service_name="My Movie" provider="WNS" sid="27" onid="6478" tsid="6478" />
    <channel service_ref="1:0:1:026f:0002:0002:02080000:0:0:0:" name="Nat Geo Wild HD" service_name="Nat Geo Wild HD" provider="2" sid="623" onid="2" tsid="2" />
    <channel service_ref="1:0:1:0092:0004:0002:02080000:0:0:0:" name="National Geographic Channel HD" service_name="National Geographic Channel HD" provider="4" sid="146" onid="2" tsid="4" />
    <channel service_ref="1:0:1:014a:194e:194e:02080000:0:0:0:" name="Navahang" service_name="Navahang" provider="WNS" sid="330" onid="6478" tsid="6478" />
    <channel service_ref="1:0:1:038c:0005:0002:02080000:0:0:0:" name="Navo" service_name="Navo" provider="5" sid="908" onid="2" tsid="5" />
    <channel service_ref="1:0:1:02c5:0003:0002:02080000:0:0:0:" name="Nick Jr" service_name="Nick Jr" provider="3" sid="709" onid="2" tsid="3" />
    <channel service_ref="1:0:1:00c8:0001:0002:02080000:0:0:0:" name="Nickelodeon" service_name="Nickelodeon" provider="1" sid="200" onid="2" tsid="1" />
    <channel service_ref="1:0:1:00c9:0001:0002:02080000:0:0:0:" name="O! International" service_name="O! International" provider="1" sid="201" onid="2" tsid="1" />
    <channel service_ref="1:0:1:008f:194e:194e:02080000:0:0:0:" name="OXIR TV" service_name="OXIR TV" provider="WNS" sid="143" onid="6478" tsid="6478" />
    <channel service_ref="1:0:1:001c:194e:194e:02080000:0:0:0:" name="Pars TV" service_name="Pars TV" provider="WNS" sid="28" onid="6478" tsid="6478" />
    <channel service_ref="1:0:1:0006:211e:211e:02080000:0:0:0:" name="Payam Aramesh HD" service_name="Payam Aramesh HD" provider="WNS" sid="6" onid="8478" tsid="8478" />
    <channel service_ref="1:0:1:000f:194e:194e:02080000:0:0:0:" name="Payam E Doost" service_name="Payam E Doost" provider="WNS" sid="15" onid="6478" tsid="6478" />
    <channel service_ref="1:0:1:0008:2506:2506:02080000:0:0:0:" name="PEN TV" service_name="PEN TV" provider="WNS" sid="8" onid="9478" tsid="9478" />
    <channel service_ref="1:0:1:0003:1d36:1d36:02080000:0:0:0:" name="Persiana Cinema" service_name="Persiana Cinema" provider="Persiana Cast" sid="3" onid="7478" tsid="7478" />
    <channel service_ref="1:0:1:0007:1d36:1d36:02080000:0:0:0:" name="Persiana Comedy" service_name="Persiana Comedy" provider="Persiana Cast" sid="7" onid="7478" tsid="7478" />
    <channel service_ref="1:0:1:0001:1d36:1d36:02080000:0:0:0:" name="Persiana Family" service_name="Persiana Family" provider="Persiana Cast" sid="1" onid="7478" tsid="7478" />
    <channel service_ref="1:0:1:0005:1d36:1d36:02080000:0:0:0:" name="Persiana Iranian" service_name="Persiana Iranian" provider="Persiana Cast" sid="5" onid="7478" tsid="7478" />
    <channel service_ref="1:0:1:0004:1d36:1d36:02080000:0:0:0:" name="Persiana Junior" service_name="Persiana Junior" provider="Persiana Cast" sid="4" onid="7478" tsid="7478" />
    <channel service_ref="1:0:1:000c:1d36:1d36:02080000:0:0:0:" name="Persiana Korea" service_name="Persiana Korea" provider="Persiana Cast" sid="12" onid="7478" tsid="7478" />
    <channel service_ref="1:0:1:000b:1d36:1d36:02080000:0:0:0:" name="Persiana Sonati" service_name="Persiana Sonati" provider="WNS" sid="11" onid="7478" tsid="7478" />
    <channel service_ref="1:0:1:0008:1d36:1d36:02080000:0:0:0:" name="Persiana1" service_name="Persiana1" provider="Persiana Cast" sid="8" onid="7478" tsid="7478" />
    <channel service_ref="1:0:1:001f:211e:211e:02080000:0:0:0:" name="PN TV" service_name="PN TV" provider="WNS" sid="31" onid="8478" tsid="8478" />
    <channel service_ref="1:0:1:0010:211e:211e:02080000:0:0:0:" name="Radio Afghanistan" service_name="Radio Afghanistan" provider="WNS" sid="16" onid="8478" tsid="8478" />
    <channel service_ref="1:0:1:0004:194e:194e:02080000:0:0:0:" name="Radio Begum" service_name="Radio Begum" provider="WNS" sid="4" onid="6478" tsid="6478" />
    <channel service_ref="1:0:1:000c:211e:211e:02080000:0:0:0:" name="Radio Javan HD" service_name="Radio Javan HD" provider="WNS" sid="12" onid="8478" tsid="8478" />
    <channel service_ref="1:0:1:0003:211e:211e:02080000:0:0:0:" name="Radio Javan SD" service_name="Radio Javan SD" provider="WNS" sid="3" onid="8478" tsid="8478" />
    <channel service_ref="1:0:1:0013:194e:194e:02080000:0:0:0:" name="Radio Jawanan" service_name="Radio Jawanan" provider="WNS" sid="19" onid="6478" tsid="6478" />
    <channel service_ref="1:0:1:000f:211e:211e:02080000:0:0:0:" name="Radio Kabul" service_name="Radio Kabul" provider="WNS" sid="15" onid="8478" tsid="8478" />
    <channel service_ref="1:0:1:0010:194e:194e:02080000:0:0:0:" name="Radio Yar" service_name="Radio Yar" provider="WNS" sid="16" onid="6478" tsid="6478" />
    <channel service_ref="1:0:1:010b:0002:0002:02080000:0:0:0:" name="Red" service_name="Red" provider="2" sid="267" onid="2" tsid="2" />
    <channel service_ref="1:0:1:01fe:0001:0002:02080000:0:0:0:" name="REN-TV" service_name="REN-TV" provider="1" sid="510" onid="2" tsid="1" />
    <channel service_ref="1:0:1:0002:211e:211e:02080000:0:0:0:" name="RTA HD" service_name="RTA HD" provider="WNS" sid="2" onid="8478" tsid="8478" />
    <channel service_ref="1:0:1:000b:211e:211e:02080000:0:0:0:" name="RTA SPORTS" service_name="RTA SPORTS" provider="WNS" sid="11" onid="8478" tsid="8478" />
    <channel service_ref="1:0:1:008c:0258:0e26:02080000:0:0:0:" name="SAHAR AFGHANISTAN" service_name="SAHAR AFGHANISTAN" provider="IRIB" sid="140" onid="3622" tsid="600" />
    <channel service_ref="1:0:1:010d:0002:0002:02080000:0:0:0:" name="Sci-Fi" service_name="Sci-Fi" provider="2" sid="269" onid="2" tsid="2" />
    <channel service_ref="1:0:1:0009:2506:2506:02080000:0:0:0:" name="Simay Azadi SD" service_name="Simay Azadi SD" provider="WNS" sid="9" onid="9478" tsid="9478" />
    <channel service_ref="1:0:1:0005:211e:211e:02080000:0:0:0:" name="SL one" service_name="SL one" provider="WNS" sid="5" onid="8478" tsid="8478" />
    <channel service_ref="1:0:1:0095:194e:194e:02080000:0:0:0:" name="SL two" service_name="SL two" provider="WNS" sid="149" onid="6478" tsid="6478" />
    <channel service_ref="1:0:1:00b8:0005:0002:02080000:0:0:0:" name="Sport UZ" service_name="Sport UZ" provider="5" sid="184" onid="2" tsid="5" />
    <channel service_ref="1:0:1:008d:0004:0002:02080000:0:0:0:" name="SPORT-1" service_name="SPORT-1" provider="4" sid="141" onid="2" tsid="4" />
    <channel service_ref="1:0:1:008e:0004:0002:02080000:0:0:0:" name="SPORT-2" service_name="SPORT-2" provider="4" sid="142" onid="2" tsid="4" />
    <channel service_ref="1:0:1:008f:0004:0002:02080000:0:0:0:" name="SPORT-3" service_name="SPORT-3" provider="4" sid="143" onid="2" tsid="4" />
    <channel service_ref="1:0:1:0090:0004:0002:02080000:0:0:0:" name="SPORT-4" service_name="SPORT-4" provider="4" sid="144" onid="2" tsid="4" />
    <channel service_ref="1:0:1:000e:1d36:1d36:02080000:0:0:0:" name="T2" service_name="T2" provider="WNS" sid="14" onid="7478" tsid="7478" />
    <channel service_ref="1:0:1:0002:1d36:1d36:02080000:0:0:0:" name="TBN Nejat" service_name="TBN Nejat" provider="WNS" sid="2" onid="7478" tsid="7478" />
    <channel service_ref="1:0:1:02be:0003:0002:02080000:0:0:0:" name="Test-702" service_name="Test-702" provider="3" sid="702" onid="2" tsid="3" />
    <channel service_ref="1:0:1:02c1:0003:0002:02080000:0:0:0:" name="Test-705" service_name="Test-705" provider="3" sid="705" onid="2" tsid="3" />
    <channel service_ref="1:0:1:02d2:0003:0002:02080000:0:0:0:" name="Test-722" service_name="Test-722" provider="3" sid="722" onid="2" tsid="3" />
    <channel service_ref="1:0:1:02d7:0003:0002:02080000:0:0:0:" name="Test-727" service_name="Test-727" provider="3" sid="727" onid="2" tsid="3" />
    <channel service_ref="1:0:1:02d8:0003:0002:02080000:0:0:0:" name="Test-728" service_name="Test-728" provider="3" sid="728" onid="2" tsid="3" />
    <channel service_ref="1:0:1:0091:0004:0002:02080000:0:0:0:" name="Test-805" service_name="Test-805" provider="4" sid="145" onid="2" tsid="4" />
    <channel service_ref="1:0:25:032c:0004:0002:02080000:0:0:0:" name="Test-812" service_name="Test-812" provider="4" sid="812" onid="2" tsid="4" />
    <channel service_ref="1:0:25:032d:0004:0002:02080000:0:0:0:" name="Test-813" service_name="Test-813" provider="4" sid="813" onid="2" tsid="4" />
    <channel service_ref="1:0:1:00bb:0005:0002:02080000:0:0:0:" name="Test-913" service_name="Test-913" provider="5" sid="187" onid="2" tsid="5" />
    <channel service_ref="1:0:1:00bc:0005:0002:02080000:0:0:0:" name="Test-914" service_name="Test-914" provider="5" sid="188" onid="2" tsid="5" />
    <channel service_ref="1:0:1:00bd:0005:0002:02080000:0:0:0:" name="Test-915" service_name="Test-915" provider="5" sid="189" onid="2" tsid="5" />
    <channel service_ref="1:0:1:018a:0005:0002:02080000:0:0:0:" name="Test-916" service_name="Test-916" provider="5" sid="394" onid="2" tsid="5" />
    <channel service_ref="1:0:1:018b:0005:0002:02080000:0:0:0:" name="Test-917" service_name="Test-917" provider="5" sid="395" onid="2" tsid="5" />
    <channel service_ref="1:0:1:018c:0005:0002:02080000:0:0:0:" name="Test-918" service_name="Test-918" provider="5" sid="396" onid="2" tsid="5" />
    <channel service_ref="1:0:1:018d:0005:0002:02080000:0:0:0:" name="Test-919" service_name="Test-919" provider="5" sid="397" onid="2" tsid="5" />
    <channel service_ref="1:0:1:018e:0005:0002:02080000:0:0:0:" name="Test-920" service_name="Test-920" provider="5" sid="398" onid="2" tsid="5" />
    <channel service_ref="1:0:1:018f:0005:0002:02080000:0:0:0:" name="Test-921" service_name="Test-921" provider="5" sid="399" onid="2" tsid="5" />
    <channel service_ref="1:0:1:039f:0005:0002:02080000:0:0:0:" name="Test-927" service_name="Test-927" provider="5" sid="927" onid="2" tsid="5" />
    <channel service_ref="1:0:1:02c6:0003:0002:02080000:0:0:0:" name="TiJi" service_name="TiJi" provider="3" sid="710" onid="2" tsid="3" />
    <channel service_ref="1:0:1:02c2:0003:0002:02080000:0:0:0:" name="TLC" service_name="TLC" provider="3" sid="706" onid="2" tsid="3" />
    <channel service_ref="1:0:1:0002:2506:2506:02080000:0:0:0:" name="Toonix HD" service_name="Toonix HD" provider="WNS" sid="2" onid="9478" tsid="9478" />
    <channel service_ref="1:0:1:00b7:0005:0002:02080000:0:0:0:" name="Toshkent" service_name="Toshkent" provider="5" sid="183" onid="2" tsid="5" />
    <channel service_ref="1:0:1:010e:0002:0002:02080000:0:0:0:" name="Travel + Adventure" service_name="Travel + Adventure" provider="2" sid="270" onid="2" tsid="2" />
    <channel service_ref="1:0:1:00ce:0001:0001:0208b00f:0:0:0:" name="Turkmen Owazy" service_name="Turkmen Owazy" provider="Turkmenistan" sid="206" onid="1" tsid="1" />
    <channel service_ref="1:0:1:00cc:0001:0001:0208afe8:0:0:0:" name="Turkmenistan" service_name="Turkmenistan" provider="Turkmenistan" sid="204" onid="1" tsid="1" />
    <channel service_ref="1:0:1:00cf:0001:0001:0208b00f:0:0:0:" name="Turkmenistan Sport" service_name="Turkmenistan Sport" provider="Turkmenistan" sid="207" onid="1" tsid="1" />
    <channel service_ref="1:0:1:00cb:0001:0002:02080000:0:0:0:" name="TV 1000" service_name="TV 1000" provider="1" sid="203" onid="2" tsid="1" />
    <channel service_ref="1:0:1:00cc:0001:0002:02080000:0:0:0:" name="TV 1000 Action" service_name="TV 1000 Action" provider="1" sid="204" onid="2" tsid="1" />
    <channel service_ref="1:0:1:001c:1d36:1d36:02080000:0:0:0:" name="TZiK TV" service_name="TZiK TV" provider="WNS" sid="28" onid="7478" tsid="7478" />
    <channel service_ref="1:0:1:00cd:0001:0002:02080000:0:0:0:" name="TВ 1000. Русское кино" service_name="TВ 1000. Русское кино" provider="1" sid="205" onid="2" tsid="1" />
    <channel service_ref="1:0:1:00b5:0005:0002:02080000:0:0:0:" name="Uzbekistan" service_name="Uzbekistan" provider="5" sid="181" onid="2" tsid="5" />
    <channel service_ref="1:0:1:00d1:0001:0002:02080000:0:0:0:" name="Viasat Explore" service_name="Viasat Explore" provider="1" sid="209" onid="2" tsid="1" />
    <channel service_ref="1:0:1:020a:0001:0002:02080000:0:0:0:" name="Viasat History" service_name="Viasat History" provider="1" sid="522" onid="2" tsid="1" />
    <channel service_ref="1:0:1:020b:0001:0002:02080000:0:0:0:" name="Viasat Nature" service_name="Viasat Nature" provider="1" sid="523" onid="2" tsid="1" />
    <channel service_ref="1:0:1:020c:0001:0002:02080000:0:0:0:" name="Viasat Sport" service_name="Viasat Sport" provider="1" sid="524" onid="2" tsid="1" />
    <channel service_ref="1:0:1:00d0:0001:0002:02080000:0:0:0:" name="Vip Comedy HD" service_name="Vip Comedy HD" provider="1" sid="208" onid="2" tsid="1" />
    <channel service_ref="1:0:1:00cf:0001:0002:02080000:0:0:0:" name="Vip Megahit HD" service_name="Vip Megahit HD" provider="1" sid="207" onid="2" tsid="1" />
    <channel service_ref="1:0:1:00ce:0001:0002:02080000:0:0:0:" name="Vip Premiere HD" service_name="Vip Premiere HD" provider="1" sid="206" onid="2" tsid="1" />
    <channel service_ref="1:0:1:001a:1d36:1d36:02080000:0:0:0:" name="VOA Persian" service_name="VOA Persian" provider="WNS" sid="26" onid="7478" tsid="7478" />
    <channel service_ref="1:0:1:0009:211e:211e:02080000:0:0:0:" name="Vox 2" service_name="Vox 2" provider="WNS" sid="9" onid="8478" tsid="8478" />
    <channel service_ref="1:0:1:000a:1d36:1d36:02080000:0:0:0:" name="Wayking TV" service_name="Wayking TV" provider="WNS" sid="10" onid="7478" tsid="7478" />
    <channel service_ref="1:0:1:0001:211e:211e:02080000:0:0:0:" name="WNS" service_name="WNS" provider="WNS" sid="1" onid="8478" tsid="8478" />
    <channel service_ref="1:0:1:0090:194e:194e:02080000:0:0:0:" name="WNS" service_name="WNS" provider="WNS" sid="144" onid="6478" tsid="6478" />
    <channel service_ref="1:0:1:00ca:0001:0001:0208afe8:0:0:0:" name="Yaslyk" service_name="Yaslyk" provider="Turkmenistan" sid="202" onid="1" tsid="1" />
    <channel service_ref="1:0:1:00b6:0005:0002:02080000:0:0:0:" name="Yoshlar" service_name="Yoshlar" provider="5" sid="182" onid="2" tsid="5" />
    <channel service_ref="1:0:1:0003:194e:194e:02080000:0:0:0:" name="Your Time TV HD" service_name="Your Time TV HD" provider="WNS" sid="3" onid="6478" tsid="6478" />
    <channel service_ref="1:0:1:00ca:0001:0002:02080000:0:0:0:" name="Zee TV" service_name="Zee TV" provider="1" sid="202" onid="2" tsid="1" />
    <channel service_ref="1:0:1:02cc:0003:0002:02080000:0:0:0:" name="Бобер" service_name="Бобер" provider="3" sid="716" onid="2" tsid="3" />
    <channel service_ref="1:0:22:006e:0002:0002:02080000:0:0:0:" name="БОКС ТВ" service_name="БОКС ТВ" provider="2" sid="110" onid="2" tsid="2" />
    <channel service_ref="1:0:1:03a2:0005:0002:02080000:0:0:0:" name="Восток ТВ" service_name="Восток ТВ" provider="5" sid="930" onid="2" tsid="5" />
    <channel service_ref="1:0:1:02c9:0003:0002:02080000:0:0:0:" name="Дом кино" service_name="Дом кино" provider="3" sid="713" onid="2" tsid="3" />
    <channel service_ref="1:0:1:02ca:0003:0002:02080000:0:0:0:" name="Дом Кино Премиум" service_name="Дом Кино Премиум" provider="3" sid="714" onid="2" tsid="3" />
    <channel service_ref="1:0:1:014e:0005:0002:02080000:0:0:0:" name="Домашний I" service_name="Домашний I" provider="5" sid="334" onid="2" tsid="5" />
    <channel service_ref="1:0:1:01fd:0001:0002:02080000:0:0:0:" name="Домашний I" service_name="Домашний I" provider="1" sid="509" onid="2" tsid="1" />
    <channel service_ref="1:0:1:010a:0002:0002:02080000:0:0:0:" name="ДОРАМА" service_name="ДОРАМА" provider="2" sid="266" onid="2" tsid="2" />
    <channel service_ref="1:0:1:03a1:0005:0002:02080000:0:0:0:" name="Европа Плюс" service_name="Европа Плюс" provider="5" sid="929" onid="2" tsid="5" />
    <channel service_ref="1:0:22:02df:0003:0002:02080000:0:0:0:" name="Звезда" service_name="Звезда" provider="3" sid="735" onid="2" tsid="3" />
    <channel service_ref="1:0:1:006d:0002:0002:02080000:0:0:0:" name="Золотая коллекция Мосфильма" service_name="Золотая коллекция Мосфильма" provider="2" sid="109" onid="2" tsid="2" />
    <channel service_ref="1:0:22:025f:0002:0002:02080000:0:0:0:" name="ИНДИЙСКОЕ КИНО" service_name="ИНДИЙСКОЕ КИНО" provider="2" sid="607" onid="2" tsid="2" />
    <channel service_ref="1:0:1:01fc:0001:0002:02080000:0:0:0:" name="Карусель" service_name="Карусель" provider="1" sid="508" onid="2" tsid="1" />
    <channel service_ref="1:0:22:0068:0002:0002:02080000:0:0:0:" name="КИНОКОМЕДИЯ" service_name="КИНОКОМЕДИЯ" provider="2" sid="104" onid="2" tsid="2" />
    <channel service_ref="1:0:22:025c:0002:0002:02080000:0:0:0:" name="КИНОМИКС" service_name="КИНОМИКС" provider="2" sid="604" onid="2" tsid="2" />
    <channel service_ref="1:0:1:025a:0002:0002:02080000:0:0:0:" name="КИНОПРЕМЬЕРА HD" service_name="КИНОПРЕМЬЕРА HD" provider="2" sid="602" onid="2" tsid="2" />
    <channel service_ref="1:0:22:0069:0002:0002:02080000:0:0:0:" name="КИНОСВИДАНИЕ" service_name="КИНОСВИДАНИЕ" provider="2" sid="105" onid="2" tsid="2" />
    <channel service_ref="1:0:22:025d:0002:0002:02080000:0:0:0:" name="КИНОСЕМЬЯ" service_name="КИНОСЕМЬЯ" provider="2" sid="605" onid="2" tsid="2" />
    <channel service_ref="1:0:22:006b:0002:0002:02080000:0:0:0:" name="КИНОСЕРИЯ" service_name="КИНОСЕРИЯ" provider="2" sid="107" onid="2" tsid="2" />
    <channel service_ref="1:0:1:0066:0002:0002:02080000:0:0:0:" name="КИНОУЖАС HD" service_name="КИНОУЖАС HD" provider="2" sid="102" onid="2" tsid="2" />
    <channel service_ref="1:0:22:025e:0002:0002:02080000:0:0:0:" name="КИНОХИТ" service_name="КИНОХИТ" provider="2" sid="606" onid="2" tsid="2" />
    <channel service_ref="1:0:22:02c4:0003:0002:02080000:0:0:0:" name="Малыш" service_name="Малыш" provider="3" sid="708" onid="2" tsid="3" />
    <channel service_ref="1:0:1:020d:0001:0002:02080000:0:0:0:" name="Матч! Планета" service_name="Матч! Планета" provider="1" sid="525" onid="2" tsid="1" />
    <channel service_ref="1:0:1:02db:0003:0002:02080000:0:0:0:" name="Мир" service_name="Мир" provider="3" sid="731" onid="2" tsid="3" />
    <channel service_ref="1:0:1:02dc:0003:0002:02080000:0:0:0:" name="Мир 24" service_name="Мир 24" provider="3" sid="732" onid="2" tsid="3" />
    <channel service_ref="1:0:1:02ce:0003:0002:02080000:0:0:0:" name="Моя Планета" service_name="Моя Планета" provider="3" sid="718" onid="2" tsid="3" />
    <channel service_ref="1:0:22:025b:0002:0002:02080000:0:0:0:" name="МУЖСКОЕ КИНО" service_name="МУЖСКОЕ КИНО" provider="2" sid="603" onid="2" tsid="2" />
    <channel service_ref="1:0:1:02c8:0003:0002:02080000:0:0:0:" name="Музыка Первого" service_name="Музыка Первого" provider="3" sid="712" onid="2" tsid="3" />
    <channel service_ref="1:0:1:020e:0001:0002:02080000:0:0:0:" name="Мульт" service_name="Мульт" provider="1" sid="526" onid="2" tsid="1" />
    <channel service_ref="1:0:22:006a:0002:0002:02080000:0:0:0:" name="НАШЕ НОВОЕ КИНО" service_name="НАШЕ НОВОЕ КИНО" provider="2" sid="106" onid="2" tsid="2" />
    <channel service_ref="1:0:1:020f:0001:0002:02080000:0:0:0:" name="НСТВ" service_name="НСТВ" provider="1" sid="527" onid="2" tsid="1" />
    <channel service_ref="1:0:1:01f8:0001:0002:02080000:0:0:0:" name="НТВ мир" service_name="НТВ мир" provider="1" sid="504" onid="2" tsid="1" />
    <channel service_ref="1:0:1:039c:0005:0002:02080000:0:0:0:" name="НТВ Мир" service_name="НТВ Мир" provider="5" sid="924" onid="2" tsid="5" />
    <channel service_ref="1:0:1:02cf:0003:0002:02080000:0:0:0:" name="Охотник и рыболов HD" service_name="Охотник и рыболов HD" provider="3" sid="719" onid="2" tsid="3" />
    <channel service_ref="1:0:1:01f5:0001:0002:02080000:0:0:0:" name="Первый канал. Всемирная сеть" service_name="Первый канал. Всемирная сеть" provider="1" sid="501" onid="2" tsid="1" />
    <channel service_ref="1:0:1:039a:0005:0002:02080000:0:0:0:" name="Первый канал. Всемирная сеть" service_name="Первый канал. Всемирная сеть" provider="5" sid="922" onid="2" tsid="5" />
    <channel service_ref="1:0:1:0095:0004:0002:02080000:0:0:0:" name="Первый космический HD" service_name="Первый космический HD" provider="4" sid="149" onid="2" tsid="4" />
    <channel service_ref="1:0:1:01f9:0001:0002:02080000:0:0:0:" name="Победа" service_name="Победа" provider="1" sid="505" onid="2" tsid="1" />
    <channel service_ref="1:0:1:03a0:0005:0002:02080000:0:0:0:" name="РБК" service_name="РБК" provider="5" sid="928" onid="2" tsid="5" />
    <channel service_ref="1:0:22:006c:0002:0002:02080000:0:0:0:" name="РОДНОЕ КИНО" service_name="РОДНОЕ КИНО" provider="2" sid="108" onid="2" tsid="2" />
    <channel service_ref="1:0:1:01f7:0001:0002:02080000:0:0:0:" name="Россия 24" service_name="Россия 24" provider="1" sid="503" onid="2" tsid="1" />
    <channel service_ref="1:0:1:01f6:0001:0002:02080000:0:0:0:" name="РТР Планета" service_name="РТР Планета" provider="1" sid="502" onid="2" tsid="1" />
    <channel service_ref="1:0:1:039b:0005:0002:02080000:0:0:0:" name="РТР Планета" service_name="РТР Планета" provider="5" sid="923" onid="2" tsid="5" />
    <channel service_ref="1:0:1:02cb:0003:0002:02080000:0:0:0:" name="Синема" service_name="Синема" provider="3" sid="715" onid="2" tsid="3" />
    <channel service_ref="1:0:1:00d2:0001:0002:02080000:0:0:0:" name="СТС I" service_name="СТС I" provider="1" sid="210" onid="2" tsid="1" />
    <channel service_ref="1:0:1:039e:0005:0002:02080000:0:0:0:" name="СТС I" service_name="СТС I" provider="5" sid="926" onid="2" tsid="5" />
    <channel service_ref="1:0:1:0071:0002:0002:02080000:0:0:0:" name="СТС Kids" service_name="СТС Kids" provider="2" sid="113" onid="2" tsid="2" />
    <channel service_ref="1:0:1:02cd:0003:0002:02080000:0:0:0:" name="ТелеКафе" service_name="ТелеКафе" provider="3" sid="717" onid="2" tsid="3" />
    <channel service_ref="1:0:1:032a:0004:0002:02080000:0:0:0:" name="Телепутешествия HD" service_name="Телепутешествия HD" provider="4" sid="810" onid="2" tsid="4" />
    <channel service_ref="1:0:1:02c7:0003:0002:02080000:0:0:0:" name="Техно 24" service_name="Техно 24" provider="3" sid="711" onid="2" tsid="3" />
    <channel service_ref="1:0:22:01fa:0001:0002:02080000:0:0:0:" name="ТНТ" service_name="ТНТ" provider="1" sid="506" onid="2" tsid="1" />
    <channel service_ref="1:0:1:039d:0005:0002:02080000:0:0:0:" name="ТНТ" service_name="ТНТ" provider="5" sid="925" onid="2" tsid="5" />
    <channel service_ref="1:0:1:01fb:0001:0002:02080000:0:0:0:" name="ТНТ 4" service_name="ТНТ 4" provider="1" sid="507" onid="2" tsid="1" />
    <channel service_ref="1:0:1:02de:0003:0002:02080000:0:0:0:" name="ТНТ Music" service_name="ТНТ Music" provider="3" sid="734" onid="2" tsid="3" />
    <channel service_ref="1:0:1:02dd:0003:0002:02080000:0:0:0:" name="Ю ТВ" service_name="Ю ТВ" provider="3" sid="733" onid="2" tsid="3" />
  </bouquet>
  <bouquet name="Movies" category="tv">
    <channel service_ref="1:0:1:003a:0258:0e26:02080000:0:0:0:" name="IFILM2" service_name="IFILM2" provider="" sid="58" onid="3622" tsid="600" />
    <channel service_ref="1:0:1:0001:194e:194e:02080000:0:0:0:" name="Movie Box" service_name="Movie Box" provider="WNS" sid="1" onid="6478" tsid="6478" />
    <channel service_ref="1:0:1:001b:194e:194e:02080000:0:0:0:" name="My Movie" service_name="My Movie" provider="WNS" sid="27" onid="6478" tsid="6478" />
    <channel service_ref="1:0:1:0003:1d36:1d36:02080000:0:0:0:" name="Persiana Cinema" service_name="Persiana Cinema" provider="Persiana Cast" sid="3" onid="7478" tsid="7478" />
  </bouquet>
  <bouquet name="Series" category="tv">
    <channel service_ref="1:0:1:001a:194e:194e:02080000:0:0:0:" name="Drama TV" service_name="Drama TV" provider="WNS" sid="26" onid="6478" tsid="6478" />
  </bouquet>
  <bouquet name="News" category="tv">
    <channel service_ref="1:0:1:03a3:0005:0002:02080000:0:0:0:" name="Euronews" service_name="Euronews" provider="5" sid="931" onid="2" tsid="5" />
  </bouquet>
  <bouquet name="Sports" category="tv">
    <channel service_ref="1:0:1:02bf:0003:0002:02080000:0:0:0:" name="Eurosport 1" service_name="Eurosport 1" provider="3" sid="703" onid="2" tsid="3" />
    <channel service_ref="1:0:1:02c0:0003:0002:02080000:0:0:0:" name="Eurosport 2" service_name="Eurosport 2" provider="3" sid="704" onid="2" tsid="3" />
    <channel service_ref="1:0:1:000b:211e:211e:02080000:0:0:0:" name="RTA SPORTS" service_name="RTA SPORTS" provider="WNS" sid="11" onid="8478" tsid="8478" />
    <channel service_ref="1:0:1:00b8:0005:0002:02080000:0:0:0:" name="Sport UZ" service_name="Sport UZ" provider="5" sid="184" onid="2" tsid="5" />
    <channel service_ref="1:0:1:008d:0004:0002:02080000:0:0:0:" name="SPORT-1" service_name="SPORT-1" provider="4" sid="141" onid="2" tsid="4" />
    <channel service_ref="1:0:1:008e:0004:0002:02080000:0:0:0:" name="SPORT-2" service_name="SPORT-2" provider="4" sid="142" onid="2" tsid="4" />
    <channel service_ref="1:0:1:008f:0004:0002:02080000:0:0:0:" name="SPORT-3" service_name="SPORT-3" provider="4" sid="143" onid="2" tsid="4" />
    <channel service_ref="1:0:1:0090:0004:0002:02080000:0:0:0:" name="SPORT-4" service_name="SPORT-4" provider="4" sid="144" onid="2" tsid="4" />
    <channel service_ref="1:0:1:00cf:0001:0001:0208b00f:0:0:0:" name="Turkmenistan Sport" service_name="Turkmenistan Sport" provider="Turkmenistan" sid="207" onid="1" tsid="1" />
    <channel service_ref="1:0:1:020c:0001:0002:02080000:0:0:0:" name="Viasat Sport" service_name="Viasat Sport" provider="1" sid="524" onid="2" tsid="1" />
  </bouquet>
  <bouquet name="Kids" category="tv">
    <channel service_ref="1:0:1:02d5:0003:0002:02080000:0:0:0:" name="Cartoon Network" service_name="Cartoon Network" provider="3" sid="725" onid="2" tsid="3" />
    <channel service_ref="1:0:1:00c8:0001:0002:02080000:0:0:0:" name="Nickelodeon" service_name="Nickelodeon" provider="1" sid="200" onid="2" tsid="1" />
    <channel service_ref="1:0:1:0004:1d36:1d36:02080000:0:0:0:" name="Persiana Junior" service_name="Persiana Junior" provider="Persiana Cast" sid="4" onid="7478" tsid="7478" />
    <channel service_ref="1:0:1:0071:0002:0002:02080000:0:0:0:" name="СТС Kids" service_name="СТС Kids" provider="2" sid="113" onid="2" tsid="2" />
  </bouquet>
  <bouquet name="Music" category="tv">
    <channel service_ref="1:0:1:02de:0003:0002:02080000:0:0:0:" name="ТНТ Music" service_name="ТНТ Music" provider="3" sid="734" onid="2" tsid="3" />
  </bouquet>
  <bouquet name="Documentary" category="tv">
    <channel service_ref="1:0:1:026e:0002:0002:02080000:0:0:0:" name="Animal Planet HD" service_name="Animal Planet HD" provider="2" sid="622" onid="2" tsid="2" />
    <channel service_ref="1:0:1:026f:0002:0002:02080000:0:0:0:" name="Nat Geo Wild HD" service_name="Nat Geo Wild HD" provider="2" sid="623" onid="2" tsid="2" />
    <channel service_ref="1:0:1:0092:0004:0002:02080000:0:0:0:" name="National Geographic Channel HD" service_name="National Geographic Channel HD" provider="4" sid="146" onid="2" tsid="4" />
    <channel service_ref="1:0:1:020a:0001:0002:02080000:0:0:0:" name="Viasat History" service_name="Viasat History" provider="1" sid="522" onid="2" tsid="1" />
  </bouquet>
  <bouquet name="RTL" category="tv">
    <channel service_ref="1:0:1:0009:211e:211e:02080000:0:0:0:" name="Vox 2" service_name="Vox 2" provider="WNS" sid="9" onid="8478" tsid="8478" />
  </bouquet>
  <bouquet name="ARD/ZDF" category="tv">
    <channel service_ref="1:0:1:0011:194e:194e:02080000:0:0:0:" name="Iran-e-Farda TV" service_name="Iran-e-Farda TV" provider="WNS" sid="17" onid="6478" tsid="6478" />
  </bouquet>
  <bouquet name="Switzerland" category="tv">
    <channel service_ref="1:0:1:038b:0005:0002:02080000:0:0:0:" name="Bolajon" service_name="Bolajon" provider="5" sid="907" onid="2" tsid="5" />
    <channel service_ref="1:0:1:02bd:0003:0002:02080000:0:0:0:" name="Bollywood HD" service_name="Bollywood HD" provider="3" sid="701" onid="2" tsid="3" />
    <channel service_ref="1:0:1:02c3:0003:0002:02080000:0:0:0:" name="Discovery Channel" service_name="Discovery Channel" provider="3" sid="707" onid="2" tsid="3" />
    <channel service_ref="1:0:1:038a:0005:0002:02080000:0:0:0:" name="Dunyo Boylab" service_name="Dunyo Boylab" provider="5" sid="906" onid="2" tsid="5" />
    <channel service_ref="1:0:1:038e:0005:0002:02080000:0:0:0:" name="Kinoteatr" service_name="Kinoteatr" provider="5" sid="910" onid="2" tsid="5" />
    <channel service_ref="1:0:1:00b9:0005:0002:02080000:0:0:0:" name="Madaniyat va marifat" service_name="Madaniyat va marifat" provider="5" sid="185" onid="2" tsid="5" />
    <channel service_ref="1:0:1:038d:0005:0002:02080000:0:0:0:" name="Mahalla" service_name="Mahalla" provider="5" sid="909" onid="2" tsid="5" />
    <channel service_ref="1:0:1:038c:0005:0002:02080000:0:0:0:" name="Navo" service_name="Navo" provider="5" sid="908" onid="2" tsid="5" />
    <channel service_ref="1:0:1:02c5:0003:0002:02080000:0:0:0:" name="Nick Jr" service_name="Nick Jr" provider="3" sid="709" onid="2" tsid="3" />
    <channel service_ref="1:0:1:02be:0003:0002:02080000:0:0:0:" name="Test-702" service_name="Test-702" provider="3" sid="702" onid="2" tsid="3" />
    <channel service_ref="1:0:1:02c1:0003:0002:02080000:0:0:0:" name="Test-705" service_name="Test-705" provider="3" sid="705" onid="2" tsid="3" />
    <channel service_ref="1:0:1:02d2:0003:0002:02080000:0:0:0:" name="Test-722" service_name="Test-722" provider="3" sid="722" onid="2" tsid="3" />
    <channel service_ref="1:0:1:02d7:0003:0002:02080000:0:0:0:" name="Test-727" service_name="Test-727" provider="3" sid="727" onid="2" tsid="3" />
    <channel service_ref="1:0:1:02d8:0003:0002:02080000:0:0:0:" name="Test-728" service_name="Test-728" provider="3" sid="728" onid="2" tsid="3" />
    <channel service_ref="1:0:1:0091:0004:0002:02080000:0:0:0:" name="Test-805" service_name="Test-805" provider="4" sid="145" onid="2" tsid="4" />
    <channel service_ref="1:0:25:032d:0004:0002:02080000:0:0:0:" name="Test-813" service_name="Test-813" provider="4" sid="813" onid="2" tsid="4" />
    <channel service_ref="1:0:1:00bb:0005:0002:02080000:0:0:0:" name="Test-913" service_name="Test-913" provider="5" sid="187" onid="2" tsid="5" />
    <channel service_ref="1:0:1:00bc:0005:0002:02080000:0:0:0:" name="Test-914" service_name="Test-914" provider="5" sid="188" onid="2" tsid="5" />
    <channel service_ref="1:0:1:00bd:0005:0002:02080000:0:0:0:" name="Test-915" service_name="Test-915" provider="5" sid="189" onid="2" tsid="5" />
    <channel service_ref="1:0:1:018a:0005:0002:02080000:0:0:0:" name="Test-916" service_name="Test-916" provider="5" sid="394" onid="2" tsid="5" />
    <channel service_ref="1:0:1:018b:0005:0002:02080000:0:0:0:" name="Test-917" service_name="Test-917" provider="5" sid="395" onid="2" tsid="5" />
    <channel service_ref="1:0:1:018c:0005:0002:02080000:0:0:0:" name="Test-918" service_name="Test-918" provider="5" sid="396" onid="2" tsid="5" />
    <channel service_ref="1:0:1:018d:0005:0002:02080000:0:0:0:" name="Test-919" service_name="Test-919" provider="5" sid="397" onid="2" tsid="5" />
    <channel service_ref="1:0:1:018e:0005:0002:02080000:0:0:0:" name="Test-920" service_name="Test-920" provider="5" sid="398" onid="2" tsid="5" />
    <channel service_ref="1:0:1:018f:0005:0002:02080000:0:0:0:" name="Test-921" service_name="Test-921" provider="5" sid="399" onid="2" tsid="5" />
    <channel service_ref="1:0:1:039f:0005:0002:02080000:0:0:0:" name="Test-927" service_name="Test-927" provider="5" sid="927" onid="2" tsid="5" />
    <channel service_ref="1:0:1:02c6:0003:0002:02080000:0:0:0:" name="TiJi" service_name="TiJi" provider="3" sid="710" onid="2" tsid="3" />
    <channel service_ref="1:0:1:02c2:0003:0002:02080000:0:0:0:" name="TLC" service_name="TLC" provider="3" sid="706" onid="2" tsid="3" />
    <channel service_ref="1:0:1:00b7:0005:0002:02080000:0:0:0:" name="Toshkent" service_name="Toshkent" provider="5" sid="183" onid="2" tsid="5" />
    <channel service_ref="1:0:1:00b5:0005:0002:02080000:0:0:0:" name="Uzbekistan" service_name="Uzbekistan" provider="5" sid="181" onid="2" tsid="5" />
    <channel service_ref="1:0:1:00b6:0005:0002:02080000:0:0:0:" name="Yoshlar" service_name="Yoshlar" provider="5" sid="182" onid="2" tsid="5" />
    <channel service_ref="1:0:1:02cc:0003:0002:02080000:0:0:0:" name="Бобер" service_name="Бобер" provider="3" sid="716" onid="2" tsid="3" />
    <channel service_ref="1:0:1:03a2:0005:0002:02080000:0:0:0:" name="Восток ТВ" service_name="Восток ТВ" provider="5" sid="930" onid="2" tsid="5" />
    <channel service_ref="1:0:1:02c9:0003:0002:02080000:0:0:0:" name="Дом кино" service_name="Дом кино" provider="3" sid="713" onid="2" tsid="3" />
    <channel service_ref="1:0:1:02ca:0003:0002:02080000:0:0:0:" name="Дом Кино Премиум" service_name="Дом Кино Премиум" provider="3" sid="714" onid="2" tsid="3" />
    <channel service_ref="1:0:1:014e:0005:0002:02080000:0:0:0:" name="Домашний I" service_name="Домашний I" provider="5" sid="334" onid="2" tsid="5" />
    <channel service_ref="1:0:1:03a1:0005:0002:02080000:0:0:0:" name="Европа Плюс" service_name="Европа Плюс" provider="5" sid="929" onid="2" tsid="5" />
    <channel service_ref="1:0:22:02df:0003:0002:02080000:0:0:0:" name="Звезда" service_name="Звезда" provider="3" sid="735" onid="2" tsid="3" />
    <channel service_ref="1:0:22:02c4:0003:0002:02080000:0:0:0:" name="Малыш" service_name="Малыш" provider="3" sid="708" onid="2" tsid="3" />
    <channel service_ref="1:0:1:02db:0003:0002:02080000:0:0:0:" name="Мир" service_name="Мир" provider="3" sid="731" onid="2" tsid="3" />
    <channel service_ref="1:0:1:02dc:0003:0002:02080000:0:0:0:" name="Мир 24" service_name="Мир 24" provider="3" sid="732" onid="2" tsid="3" />
    <channel service_ref="1:0:1:02ce:0003:0002:02080000:0:0:0:" name="Моя Планета" service_name="Моя Планета" provider="3" sid="718" onid="2" tsid="3" />
    <channel service_ref="1:0:1:02c8:0003:0002:02080000:0:0:0:" name="Музыка Первого" service_name="Музыка Первого" provider="3" sid="712" onid="2" tsid="3" />
    <channel service_ref="1:0:1:039c:0005:0002:02080000:0:0:0:" name="НТВ Мир" service_name="НТВ Мир" provider="5" sid="924" onid="2" tsid="5" />
    <channel service_ref="1:0:1:02cf:0003:0002:02080000:0:0:0:" name="Охотник и рыболов HD" service_name="Охотник и рыболов HD" provider="3" sid="719" onid="2" tsid="3" />
    <channel service_ref="1:0:1:039a:0005:0002:02080000:0:0:0:" name="Первый канал. Всемирная сеть" service_name="Первый канал. Всемирная сеть" provider="5" sid="922" onid="2" tsid="5" />
    <channel service_ref="1:0:1:03a0:0005:0002:02080000:0:0:0:" name="РБК" service_name="РБК" provider="5" sid="928" onid="2" tsid="5" />
    <channel service_ref="1:0:1:039b:0005:0002:02080000:0:0:0:" name="РТР Планета" service_name="РТР Планета" provider="5" sid="923" onid="2" tsid="5" />
    <channel service_ref="1:0:1:02cb:0003:0002:02080000:0:0:0:" name="Синема" service_name="Синема" provider="3" sid="715" onid="2" tsid="3" />
    <channel service_ref="1:0:1:039e:0005:0002:02080000:0:0:0:" name="СТС I" service_name="СТС I" provider="5" sid="926" onid="2" tsid="5" />
    <channel service_ref="1:0:1:02cd:0003:0002:02080000:0:0:0:" name="ТелеКафе" service_name="ТелеКафе" provider="3" sid="717" onid="2" tsid="3" />
    <channel service_ref="1:0:1:02c7:0003:0002:02080000:0:0:0:" name="Техно 24" service_name="Техно 24" provider="3" sid="711" onid="2" tsid="3" />
    <channel service_ref="1:0:1:039d:0005:0002:02080000:0:0:0:" name="ТНТ" service_name="ТНТ" provider="5" sid="925" onid="2" tsid="5" />
    <channel service_ref="1:0:1:02dd:0003:0002:02080000:0:0:0:" name="Ю ТВ" service_name="Ю ТВ" provider="3" sid="733" onid="2" tsid="3" />
  </bouquet>
  <bouquet name="Resolution - HD" category="tv">
    <channel service_ref="1:0:1:026d:0002:0002:02080000:0:0:0:" name="Amedia Hit HD" service_name="Amedia Hit HD" provider="2" sid="621" onid="2" tsid="2" />
    <channel service_ref="1:0:1:026c:0002:0002:02080000:0:0:0:" name="Amedia Premium HD" service_name="Amedia Premium HD" provider="2" sid="620" onid="2" tsid="2" />
    <channel service_ref="1:0:1:026e:0002:0002:02080000:0:0:0:" name="Animal Planet HD" service_name="Animal Planet HD" provider="2" sid="622" onid="2" tsid="2" />
    <channel service_ref="1:0:1:02bd:0003:0002:02080000:0:0:0:" name="Bollywood HD" service_name="Bollywood HD" provider="3" sid="701" onid="2" tsid="3" />
    <channel service_ref="1:0:1:001a:211e:211e:02080000:0:0:0:" name="Channel One HD" service_name="Channel One HD" provider="WNS" sid="26" onid="8478" tsid="8478" />
    <channel service_ref="1:0:1:0001:2506:2506:02080000:0:0:0:" name="FX HD" service_name="FX HD" provider="WNS" sid="1" onid="9478" tsid="9478" />
    <channel service_ref="1:0:1:000d:194e:194e:02080000:0:0:0:" name="HOD HOD TV HD" service_name="HOD HOD TV HD" provider="WNS" sid="13" onid="6478" tsid="6478" />
    <channel service_ref="1:0:1:0003:2506:2506:02080000:0:0:0:" name="ITN HD" service_name="ITN HD" provider="WNS" sid="3" onid="9478" tsid="9478" />
    <channel service_ref="1:0:1:0008:211e:211e:02080000:0:0:0:" name="Mono TV HD" service_name="Mono TV HD" provider="WNS" sid="8" onid="8478" tsid="8478" />
    <channel service_ref="1:0:1:026f:0002:0002:02080000:0:0:0:" name="Nat Geo Wild HD" service_name="Nat Geo Wild HD" provider="2" sid="623" onid="2" tsid="2" />
    <channel service_ref="1:0:1:0092:0004:0002:02080000:0:0:0:" name="National Geographic Channel HD" service_name="National Geographic Channel HD" provider="4" sid="146" onid="2" tsid="4" />
    <channel service_ref="1:0:1:0006:211e:211e:02080000:0:0:0:" name="Payam Aramesh HD" service_name="Payam Aramesh HD" provider="WNS" sid="6" onid="8478" tsid="8478" />
    <channel service_ref="1:0:1:000c:211e:211e:02080000:0:0:0:" name="Radio Javan HD" service_name="Radio Javan HD" provider="WNS" sid="12" onid="8478" tsid="8478" />
    <channel service_ref="1:0:1:0002:211e:211e:02080000:0:0:0:" name="RTA HD" service_name="RTA HD" provider="WNS" sid="2" onid="8478" tsid="8478" />
    <channel service_ref="1:0:1:0002:2506:2506:02080000:0:0:0:" name="Toonix HD" service_name="Toonix HD" provider="WNS" sid="2" onid="9478" tsid="9478" />
    <channel service_ref="1:0:1:00d0:0001:0002:02080000:0:0:0:" name="Vip Comedy HD" service_name="Vip Comedy HD" provider="1" sid="208" onid="2" tsid="1" />
    <channel service_ref="1:0:1:00cf:0001:0002:02080000:0:0:0:" name="Vip Megahit HD" service_name="Vip Megahit HD" provider="1" sid="207" onid="2" tsid="1" />
    <channel service_ref="1:0:1:00ce:0001:0002:02080000:0:0:0:" name="Vip Premiere HD" service_name="Vip Premiere HD" provider="1" sid="206" onid="2" tsid="1" />
    <channel service_ref="1:0:1:0003:194e:194e:02080000:0:0:0:" name="Your Time TV HD" service_name="Your Time TV HD" provider="WNS" sid="3" onid="6478" tsid="6478" />
    <channel service_ref="1:0:1:025a:0002:0002:02080000:0:0:0:" name="КИНОПРЕМЬЕРА HD" service_name="КИНОПРЕМЬЕРА HD" provider="2" sid="602" onid="2" tsid="2" />
    <channel service_ref="1:0:1:0066:0002:0002:02080000:0:0:0:" name="КИНОУЖАС HD" service_name="КИНОУЖАС HD" provider="2" sid="102" onid="2" tsid="2" />
    <channel service_ref="1:0:1:02cf:0003:0002:02080000:0:0:0:" name="Охотник и рыболов HD" service_name="Охотник и рыболов HD" provider="3" sid="719" onid="2" tsid="3" />
    <channel service_ref="1:0:1:0095:0004:0002:02080000:0:0:0:" name="Первый космический HD" service_name="Первый космический HD" provider="4" sid="149" onid="2" tsid="4" />
    <channel service_ref="1:0:1:032a:0004:0002:02080000:0:0:0:" name="Телепутешествия HD" service_name="Телепутешествия HD" provider="4" sid="810" onid="2" tsid="4" />
  </bouquet>
  <bouquet name="Resolution - SD" category="tv">
    <channel service_ref="1:0:1:000f:2506:2506:02080000:0:0:0:" name="Afghanistan Intl SD" service_name="Afghanistan Intl SD" provider="WNS" sid="15" onid="9478" tsid="9478" />
    <channel service_ref="1:0:1:0003:211e:211e:02080000:0:0:0:" name="Radio Javan SD" service_name="Radio Javan SD" provider="WNS" sid="3" onid="8478" tsid="8478" />
    <channel service_ref="1:0:1:0009:2506:2506:02080000:0:0:0:" name="Simay Azadi SD" service_name="Simay Azadi SD" provider="WNS" sid="9" onid="9478" tsid="9478" />
  </bouquet>
  <bouquet name="International" category="tv">
    <channel service_ref="1:0:1:00c9:0001:0001:0208afe8:0:0:0:" name="Altyn Asyr" service_name="Altyn Asyr" provider="Turkmenistan" sid="201" onid="1" tsid="1" />
    <channel service_ref="1:0:1:00cd:0001:0001:0208b00f:0:0:0:" name="Asgabat" service_name="Asgabat" provider="Turkmenistan" sid="205" onid="1" tsid="1" />
    <channel service_ref="1:0:1:00cb:0001:0001:0208afe8:0:0:0:" name="Miras" service_name="Miras" provider="Turkmenistan" sid="203" onid="1" tsid="1" />
    <channel service_ref="1:0:1:00ce:0001:0001:0208b00f:0:0:0:" name="Turkmen Owazy" service_name="Turkmen Owazy" provider="Turkmenistan" sid="206" onid="1" tsid="1" />
    <channel service_ref="1:0:1:00cc:0001:0001:0208afe8:0:0:0:" name="Turkmenistan" service_name="Turkmenistan" provider="Turkmenistan" sid="204" onid="1" tsid="1" />
    <channel service_ref="1:0:1:00ca:0001:0001:0208afe8:0:0:0:" name="Yaslyk" service_name="Yaslyk" provider="Turkmenistan" sid="202" onid="1" tsid="1" />
  </bouquet>
  <bouquet name="Others" category="tv">
    <channel service_ref="1:0:1:001b:1d36:1d36:02080000:0:0:0:" name="1 TV" service_name="1 TV" provider="WNS" sid="27" onid="7478" tsid="7478" />
    <channel service_ref="1:0:1:0005:2506:2506:02080000:0:0:0:" name="247Box" service_name="247Box" provider="WNS" sid="5" onid="9478" tsid="9478" />
    <channel service_ref="1:0:1:001b:211e:211e:02080000:0:0:0:" name="ABN" service_name="ABN" provider="WNS" sid="27" onid="8478" tsid="8478" />
    <channel service_ref="1:0:1:0004:2506:2506:02080000:0:0:0:" name="Afghanistan Intl" service_name="Afghanistan Intl" provider="WNS" sid="4" onid="9478" tsid="9478" />
    <channel service_ref="1:0:1:000b:2506:2506:02080000:0:0:0:" name="Afghanistan Intl Radio" service_name="Afghanistan Intl Radio" provider="WNS" sid="11" onid="9478" tsid="9478" />
    <channel service_ref="1:0:1:000f:2506:2506:02080000:0:0:0:" name="Afghanistan Intl SD" service_name="Afghanistan Intl SD" provider="WNS" sid="15" onid="9478" tsid="9478" />
    <channel service_ref="1:0:1:026a:0002:0002:02080000:0:0:0:" name="Amedia 1" service_name="Amedia 1" provider="2" sid="618" onid="2" tsid="2" />
    <channel service_ref="1:0:1:026b:0002:0002:02080000:0:0:0:" name="Amedia 2" service_name="Amedia 2" provider="2" sid="619" onid="2" tsid="2" />
    <channel service_ref="1:0:1:026d:0002:0002:02080000:0:0:0:" name="Amedia Hit HD" service_name="Amedia Hit HD" provider="2" sid="621" onid="2" tsid="2" />
    <channel service_ref="1:0:1:026c:0002:0002:02080000:0:0:0:" name="Amedia Premium HD" service_name="Amedia Premium HD" provider="2" sid="620" onid="2" tsid="2" />
    <channel service_ref="1:0:1:000d:1d36:1d36:02080000:0:0:0:" name="ANT TV" service_name="ANT TV" provider="WNS" sid="13" onid="7478" tsid="7478" />
    <channel service_ref="1:0:1:02bd:194e:194e:02080000:0:0:0:" name="Ariana TV" service_name="Ariana TV" provider="WNS" sid="701" onid="6478" tsid="6478" />
    <channel service_ref="1:0:1:014b:194e:194e:02080000:0:0:0:" name="AVA Family" service_name="AVA Family" provider="WNS" sid="331" onid="6478" tsid="6478" />
    <channel service_ref="1:0:1:001d:1d36:1d36:02080000:0:0:0:" name="Ayna TV" service_name="Ayna TV" provider="WNS" sid="29" onid="7478" tsid="7478" />
    <channel service_ref="1:0:1:010c:0002:0002:02080000:0:0:0:" name="Black" service_name="Black" provider="2" sid="268" onid="2" tsid="2" />
    <channel service_ref="1:0:1:001a:211e:211e:02080000:0:0:0:" name="Channel One HD" service_name="Channel One HD" provider="WNS" sid="26" onid="8478" tsid="8478" />
    <channel service_ref="1:0:1:000e:211e:211e:02080000:0:0:0:" name="Didar TV" service_name="Didar TV" provider="WNS" sid="14" onid="8478" tsid="8478" />
    <channel service_ref="1:0:1:0094:194e:194e:02080000:0:0:0:" name="Dunya naw TV - farah" service_name="Dunya naw TV - farah" provider="WNS" sid="148" onid="6478" tsid="6478" />
    <channel service_ref="1:0:1:000c:2506:2506:02080000:0:0:0:" name="Emrooz Radio" service_name="Emrooz Radio" provider="WNS" sid="12" onid="9478" tsid="9478" />
    <channel service_ref="1:0:1:0012:194e:194e:02080000:0:0:0:" name="Eslah Radio" service_name="Eslah Radio" provider="WNS" sid="18" onid="6478" tsid="6478" />
    <channel service_ref="1:0:1:02c7:194e:194e:02080000:0:0:0:" name="Eslah TV" service_name="Eslah TV" provider="WNS" sid="711" onid="6478" tsid="6478" />
    <channel service_ref="1:0:22:01ff:0001:0002:02080000:0:0:0:" name="FRIDAY international" service_name="FRIDAY international" provider="1" sid="511" onid="2" tsid="1" />
    <channel service_ref="1:0:1:0001:2506:2506:02080000:0:0:0:" name="FX HD" service_name="FX HD" provider="WNS" sid="1" onid="9478" tsid="9478" />
    <channel service_ref="1:0:1:0094:0004:0002:02080000:0:0:0:" name="Ginger" service_name="Ginger" provider="4" sid="148" onid="2" tsid="4" />
    <channel service_ref="1:0:1:032e:0004:0002:02080000:0:0:0:" name="HDL" service_name="HDL" provider="4" sid="814" onid="2" tsid="4" />
    <channel service_ref="1:0:1:0007:211e:211e:02080000:0:0:0:" name="HOD HOD TV" service_name="HOD HOD TV" provider="WNS" sid="7" onid="8478" tsid="8478" />
    <channel service_ref="1:0:1:000d:194e:194e:02080000:0:0:0:" name="HOD HOD TV HD" service_name="HOD HOD TV HD" provider="WNS" sid="13" onid="6478" tsid="6478" />
    <channel service_ref="1:0:1:000a:2506:2506:02080000:0:0:0:" name="ICNET2" service_name="ICNET2" provider="WNS" sid="10" onid="9478" tsid="9478" />
    <channel service_ref="1:0:1:0093:0004:0002:02080000:0:0:0:" name="Insight" service_name="Insight" provider="4" sid="147" onid="2" tsid="4" />
    <channel service_ref="1:0:1:02c1:194e:194e:02080000:0:0:0:" name="IRAN INTERNATIONAL" service_name="IRAN INTERNATIONAL" provider="WNS" sid="705" onid="6478" tsid="6478" />
    <channel service_ref="1:0:1:000a:211e:211e:02080000:0:0:0:" name="Iran Intl Radio" service_name="Iran Intl Radio" provider="WNS" sid="10" onid="8478" tsid="8478" />
    <channel service_ref="1:0:1:000d:2506:2506:02080000:0:0:0:" name="IranProud" service_name="IranProud" provider="WNS" sid="13" onid="9478" tsid="9478" />
    <channel service_ref="1:0:1:000c:194e:194e:02080000:0:0:0:" name="ITN" service_name="ITN" provider="WNS" sid="12" onid="6478" tsid="6478" />
    <channel service_ref="1:0:1:0003:2506:2506:02080000:0:0:0:" name="ITN HD" service_name="ITN HD" provider="WNS" sid="3" onid="9478" tsid="9478" />
    <channel service_ref="1:0:1:000e:2506:2506:02080000:0:0:0:" name="Keshish Hamid" service_name="Keshish Hamid" provider="WNS" sid="14" onid="9478" tsid="9478" />
    <channel service_ref="1:0:1:0004:211e:211e:02080000:0:0:0:" name="Maah TV" service_name="Maah TV" provider="WNS" sid="4" onid="8478" tsid="8478" />
    <channel service_ref="1:0:1:000d:211e:211e:02080000:0:0:0:" name="Maarif TV" service_name="Maarif TV" provider="WNS" sid="13" onid="8478" tsid="8478" />
    <channel service_ref="1:0:1:001d:194e:194e:02080000:0:0:0:" name="ME2" service_name="ME2" provider="WNS" sid="29" onid="6478" tsid="6478" />
    <channel service_ref="1:0:1:001a:2506:2506:02080000:0:0:0:" name="Meraj TV" service_name="Meraj TV" provider="WNS" sid="26" onid="9478" tsid="9478" />
    <channel service_ref="1:0:22:010f:0002:0002:02080000:0:0:0:" name="MMA-TV.com" service_name="MMA-TV.com" provider="2" sid="271" onid="2" tsid="2" />
    <channel service_ref="1:0:1:0008:211e:211e:02080000:0:0:0:" name="Mono TV HD" service_name="Mono TV HD" provider="WNS" sid="8" onid="8478" tsid="8478" />
    <channel service_ref="1:0:1:014a:194e:194e:02080000:0:0:0:" name="Navahang" service_name="Navahang" provider="WNS" sid="330" onid="6478" tsid="6478" />
    <channel service_ref="1:0:1:00c9:0001:0002:02080000:0:0:0:" name="O! International" service_name="O! International" provider="1" sid="201" onid="2" tsid="1" />
    <channel service_ref="1:0:1:008f:194e:194e:02080000:0:0:0:" name="OXIR TV" service_name="OXIR TV" provider="WNS" sid="143" onid="6478" tsid="6478" />
    <channel service_ref="1:0:1:001c:194e:194e:02080000:0:0:0:" name="Pars TV" service_name="Pars TV" provider="WNS" sid="28" onid="6478" tsid="6478" />
    <channel service_ref="1:0:1:0006:211e:211e:02080000:0:0:0:" name="Payam Aramesh HD" service_name="Payam Aramesh HD" provider="WNS" sid="6" onid="8478" tsid="8478" />
    <channel service_ref="1:0:1:000f:194e:194e:02080000:0:0:0:" name="Payam E Doost" service_name="Payam E Doost" provider="WNS" sid="15" onid="6478" tsid="6478" />
    <channel service_ref="1:0:1:0008:2506:2506:02080000:0:0:0:" name="PEN TV" service_name="PEN TV" provider="WNS" sid="8" onid="9478" tsid="9478" />
    <channel service_ref="1:0:1:0007:1d36:1d36:02080000:0:0:0:" name="Persiana Comedy" service_name="Persiana Comedy" provider="Persiana Cast" sid="7" onid="7478" tsid="7478" />
    <channel service_ref="1:0:1:0001:1d36:1d36:02080000:0:0:0:" name="Persiana Family" service_name="Persiana Family" provider="Persiana Cast" sid="1" onid="7478" tsid="7478" />
    <channel service_ref="1:0:1:0005:1d36:1d36:02080000:0:0:0:" name="Persiana Iranian" service_name="Persiana Iranian" provider="Persiana Cast" sid="5" onid="7478" tsid="7478" />
    <channel service_ref="1:0:1:000c:1d36:1d36:02080000:0:0:0:" name="Persiana Korea" service_name="Persiana Korea" provider="Persiana Cast" sid="12" onid="7478" tsid="7478" />
    <channel service_ref="1:0:1:000b:1d36:1d36:02080000:0:0:0:" name="Persiana Sonati" service_name="Persiana Sonati" provider="WNS" sid="11" onid="7478" tsid="7478" />
    <channel service_ref="1:0:1:0008:1d36:1d36:02080000:0:0:0:" name="Persiana1" service_name="Persiana1" provider="Persiana Cast" sid="8" onid="7478" tsid="7478" />
    <channel service_ref="1:0:1:001f:211e:211e:02080000:0:0:0:" name="PN TV" service_name="PN TV" provider="WNS" sid="31" onid="8478" tsid="8478" />
    <channel service_ref="1:0:1:0010:211e:211e:02080000:0:0:0:" name="Radio Afghanistan" service_name="Radio Afghanistan" provider="WNS" sid="16" onid="8478" tsid="8478" />
    <channel service_ref="1:0:1:0004:194e:194e:02080000:0:0:0:" name="Radio Begum" service_name="Radio Begum" provider="WNS" sid="4" onid="6478" tsid="6478" />
    <channel service_ref="1:0:1:000c:211e:211e:02080000:0:0:0:" name="Radio Javan HD" service_name="Radio Javan HD" provider="WNS" sid="12" onid="8478" tsid="8478" />
    <channel service_ref="1:0:1:0003:211e:211e:02080000:0:0:0:" name="Radio Javan SD" service_name="Radio Javan SD" provider="WNS" sid="3" onid="8478" tsid="8478" />
    <channel service_ref="1:0:1:0013:194e:194e:02080000:0:0:0:" name="Radio Jawanan" service_name="Radio Jawanan" provider="WNS" sid="19" onid="6478" tsid="6478" />
    <channel service_ref="1:0:1:000f:211e:211e:02080000:0:0:0:" name="Radio Kabul" service_name="Radio Kabul" provider="WNS" sid="15" onid="8478" tsid="8478" />
    <channel service_ref="1:0:1:0010:194e:194e:02080000:0:0:0:" name="Radio Yar" service_name="Radio Yar" provider="WNS" sid="16" onid="6478" tsid="6478" />
    <channel service_ref="1:0:1:010b:0002:0002:02080000:0:0:0:" name="Red" service_name="Red" provider="2" sid="267" onid="2" tsid="2" />
    <channel service_ref="1:0:1:01fe:0001:0002:02080000:0:0:0:" name="REN-TV" service_name="REN-TV" provider="1" sid="510" onid="2" tsid="1" />
    <channel service_ref="1:0:1:0002:211e:211e:02080000:0:0:0:" name="RTA HD" service_name="RTA HD" provider="WNS" sid="2" onid="8478" tsid="8478" />
    <channel service_ref="1:0:1:008c:0258:0e26:02080000:0:0:0:" name="SAHAR AFGHANISTAN" service_name="SAHAR AFGHANISTAN" provider="IRIB" sid="140" onid="3622" tsid="600" />
    <channel service_ref="1:0:1:010d:0002:0002:02080000:0:0:0:" name="Sci-Fi" service_name="Sci-Fi" provider="2" sid="269" onid="2" tsid="2" />
    <channel service_ref="1:0:1:0009:2506:2506:02080000:0:0:0:" name="Simay Azadi SD" service_name="Simay Azadi SD" provider="WNS" sid="9" onid="9478" tsid="9478" />
    <channel service_ref="1:0:1:0005:211e:211e:02080000:0:0:0:" name="SL one" service_name="SL one" provider="WNS" sid="5" onid="8478" tsid="8478" />
    <channel service_ref="1:0:1:0095:194e:194e:02080000:0:0:0:" name="SL two" service_name="SL two" provider="WNS" sid="149" onid="6478" tsid="6478" />
    <channel service_ref="1:0:1:000e:1d36:1d36:02080000:0:0:0:" name="T2" service_name="T2" provider="WNS" sid="14" onid="7478" tsid="7478" />
    <channel service_ref="1:0:1:0002:1d36:1d36:02080000:0:0:0:" name="TBN Nejat" service_name="TBN Nejat" provider="WNS" sid="2" onid="7478" tsid="7478" />
    <channel service_ref="1:0:25:032c:0004:0002:02080000:0:0:0:" name="Test-812" service_name="Test-812" provider="4" sid="812" onid="2" tsid="4" />
    <channel service_ref="1:0:1:0002:2506:2506:02080000:0:0:0:" name="Toonix HD" service_name="Toonix HD" provider="WNS" sid="2" onid="9478" tsid="9478" />
    <channel service_ref="1:0:1:010e:0002:0002:02080000:0:0:0:" name="Travel + Adventure" service_name="Travel + Adventure" provider="2" sid="270" onid="2" tsid="2" />
    <channel service_ref="1:0:1:00cb:0001:0002:02080000:0:0:0:" name="TV 1000" service_name="TV 1000" provider="1" sid="203" onid="2" tsid="1" />
    <channel service_ref="1:0:1:00cc:0001:0002:02080000:0:0:0:" name="TV 1000 Action" service_name="TV 1000 Action" provider="1" sid="204" onid="2" tsid="1" />
    <channel service_ref="1:0:1:001c:1d36:1d36:02080000:0:0:0:" name="TZiK TV" service_name="TZiK TV" provider="WNS" sid="28" onid="7478" tsid="7478" />
    <channel service_ref="1:0:1:00cd:0001:0002:02080000:0:0:0:" name="TВ 1000. Русское кино" service_name="TВ 1000. Русское кино" provider="1" sid="205" onid="2" tsid="1" />
    <channel service_ref="1:0:1:00d1:0001:0002:02080000:0:0:0:" name="Viasat Explore" service_name="Viasat Explore" provider="1" sid="209" onid="2" tsid="1" />
    <channel service_ref="1:0:1:020b:0001:0002:02080000:0:0:0:" name="Viasat Nature" service_name="Viasat Nature" provider="1" sid="523" onid="2" tsid="1" />
    <channel service_ref="1:0:1:00d0:0001:0002:02080000:0:0:0:" name="Vip Comedy HD" service_name="Vip Comedy HD" provider="1" sid="208" onid="2" tsid="1" />
    <channel service_ref="1:0:1:00cf:0001:0002:02080000:0:0:0:" name="Vip Megahit HD" service_name="Vip Megahit HD" provider="1" sid="207" onid="2" tsid="1" />
    <channel service_ref="1:0:1:00ce:0001:0002:02080000:0:0:0:" name="Vip Premiere HD" service_name="Vip Premiere HD" provider="1" sid="206" onid="2" tsid="1" />
    <channel service_ref="1:0:1:001a:1d36:1d36:02080000:0:0:0:" name="VOA Persian" service_name="VOA Persian" provider="WNS" sid="26" onid="7478" tsid="7478" />
    <channel service_ref="1:0:1:000a:1d36:1d36:02080000:0:0:0:" name="Wayking TV" service_name="Wayking TV" provider="WNS" sid="10" onid="7478" tsid="7478" />
    <channel service_ref="1:0:1:0001:211e:211e:02080000:0:0:0:" name="WNS" service_name="WNS" provider="WNS" sid="1" onid="8478" tsid="8478" />
    <channel service_ref="1:0:1:0090:194e:194e:02080000:0:0:0:" name="WNS" service_name="WNS" provider="WNS" sid="144" onid="6478" tsid="6478" />
    <channel service_ref="1:0:1:0003:194e:194e:02080000:0:0:0:" name="Your Time TV HD" service_name="Your Time TV HD" provider="WNS" sid="3" onid="6478" tsid="6478" />
    <channel service_ref="1:0:1:00ca:0001:0002:02080000:0:0:0:" name="Zee TV" service_name="Zee TV" provider="1" sid="202" onid="2" tsid="1" />
    <channel service_ref="1:0:22:006e:0002:0002:02080000:0:0:0:" name="БОКС ТВ" service_name="БОКС ТВ" provider="2" sid="110" onid="2" tsid="2" />
    <channel service_ref="1:0:1:01fd:0001:0002:02080000:0:0:0:" name="Домашний I" service_name="Домашний I" provider="1" sid="509" onid="2" tsid="1" />
    <channel service_ref="1:0:1:010a:0002:0002:02080000:0:0:0:" name="ДОРАМА" service_name="ДОРАМА" provider="2" sid="266" onid="2" tsid="2" />
    <channel service_ref="1:0:1:006d:0002:0002:02080000:0:0:0:" name="Золотая коллекция Мосфильма" service_name="Золотая коллекция Мосфильма" provider="2" sid="109" onid="2" tsid="2" />
    <channel service_ref="1:0:22:025f:0002:0002:02080000:0:0:0:" name="ИНДИЙСКОЕ КИНО" service_name="ИНДИЙСКОЕ КИНО" provider="2" sid="607" onid="2" tsid="2" />
    <channel service_ref="1:0:1:01fc:0001:0002:02080000:0:0:0:" name="Карусель" service_name="Карусель" provider="1" sid="508" onid="2" tsid="1" />
    <channel service_ref="1:0:22:0068:0002:0002:02080000:0:0:0:" name="КИНОКОМЕДИЯ" service_name="КИНОКОМЕДИЯ" provider="2" sid="104" onid="2" tsid="2" />
    <channel service_ref="1:0:22:025c:0002:0002:02080000:0:0:0:" name="КИНОМИКС" service_name="КИНОМИКС" provider="2" sid="604" onid="2" tsid="2" />
    <channel service_ref="1:0:1:025a:0002:0002:02080000:0:0:0:" name="КИНОПРЕМЬЕРА HD" service_name="КИНОПРЕМЬЕРА HD" provider="2" sid="602" onid="2" tsid="2" />
    <channel service_ref="1:0:22:0069:0002:0002:02080000:0:0:0:" name="КИНОСВИДАНИЕ" service_name="КИНОСВИДАНИЕ" provider="2" sid="105" onid="2" tsid="2" />
    <channel service_ref="1:0:22:025d:0002:0002:02080000:0:0:0:" name="КИНОСЕМЬЯ" service_name="КИНОСЕМЬЯ" provider="2" sid="605" onid="2" tsid="2" />
    <channel service_ref="1:0:22:006b:0002:0002:02080000:0:0:0:" name="КИНОСЕРИЯ" service_name="КИНОСЕРИЯ" provider="2" sid="107" onid="2" tsid="2" />
    <channel service_ref="1:0:1:0066:0002:0002:02080000:0:0:0:" name="КИНОУЖАС HD" service_name="КИНОУЖАС HD" provider="2" sid="102" onid="2" tsid="2" />
    <channel service_ref="1:0:22:025e:0002:0002:02080000:0:0:0:" name="КИНОХИТ" service_name="КИНОХИТ" provider="2" sid="606" onid="2" tsid="2" />
    <channel service_ref="1:0:1:020d:0001:0002:02080000:0:0:0:" name="Матч! Планета" service_name="Матч! Планета" provider="1" sid="525" onid="2" tsid="1" />
    <channel service_ref="1:0:22:025b:0002:0002:02080000:0:0:0:" name="МУЖСКОЕ КИНО" service_name="МУЖСКОЕ КИНО" provider="2" sid="603" onid="2" tsid="2" />
    <channel service_ref="1:0:1:020e:0001:0002:02080000:0:0:0:" name="Мульт" service_name="Мульт" provider="1" sid="526" onid="2" tsid="1" />
    <channel service_ref="1:0:22:006a:0002:0002:02080000:0:0:0:" name="НАШЕ НОВОЕ КИНО" service_name="НАШЕ НОВОЕ КИНО" provider="2" sid="106" onid="2" tsid="2" />
    <channel service_ref="1:0:1:020f:0001:0002:02080000:0:0:0:" name="НСТВ" service_name="НСТВ" provider="1" sid="527" onid="2" tsid="1" />
    <channel service_ref="1:0:1:01f8:0001:0002:02080000:0:0:0:" name="НТВ мир" service_name="НТВ мир" provider="1" sid="504" onid="2" tsid="1" />
    <channel service_ref="1:0:1:01f5:0001:0002:02080000:0:0:0:" name="Первый канал. Всемирная сеть" service_name="Первый канал. Всемирная сеть" provider="1" sid="501" onid="2" tsid="1" />
    <channel service_ref="1:0:1:0095:0004:0002:02080000:0:0:0:" name="Первый космический HD" service_name="Первый космический HD" provider="4" sid="149" onid="2" tsid="4" />
    <channel service_ref="1:0:1:01f9:0001:0002:02080000:0:0:0:" name="Победа" service_name="Победа" provider="1" sid="505" onid="2" tsid="1" />
    <channel service_ref="1:0:22:006c:0002:0002:02080000:0:0:0:" name="РОДНОЕ КИНО" service_name="РОДНОЕ КИНО" provider="2" sid="108" onid="2" tsid="2" />
    <channel service_ref="1:0:1:01f7:0001:0002:02080000:0:0:0:" name="Россия 24" service_name="Россия 24" provider="1" sid="503" onid="2" tsid="1" />
    <channel service_ref="1:0:1:01f6:0001:0002:02080000:0:0:0:" name="РТР Планета" service_name="РТР Планета" provider="1" sid="502" onid="2" tsid="1" />
    <channel service_ref="1:0:1:00d2:0001:0002:02080000:0:0:0:" name="СТС I" service_name="СТС I" provider="1" sid="210" onid="2" tsid="1" />
    <channel service_ref="1:0:1:032a:0004:0002:02080000:0:0:0:" name="Телепутешествия HD" service_name="Телепутешествия HD" provider="4" sid="810" onid="2" tsid="4" />
    <channel service_ref="1:0:22:01fa:0001:0002:02080000:0:0:0:" name="ТНТ" service_name="ТНТ" provider="1" sid="506" onid="2" tsid="1" />
    <channel service_ref="1:0:1:01fb:0001:0002:02080000:0:0:0:" name="ТНТ 4" service_name="ТНТ 4" provider="1" sid="507" onid="2" tsid="1" />
  </bouquet>
  <bouquet name="Radio" category="radio">
    <channel service_ref="1:0:2:012f:0001:0001:0208afe8:0:0:0:" name="Char-tarapdan" service_name="Char-tarapdan" provider="" sid="303" onid="1" tsid="1" />
    <channel service_ref="1:0:2:0002:194e:194e:02080000:0:0:0:" name="Iran International Radio" service_name="Iran International Radio" provider="WNS" sid="2" onid="6478" tsid="6478" />
    <channel service_ref="1:0:2:0053:0001:0001:0208afe8:0:0:0:" name="Miras" service_name="Miras" provider="" sid="83" onid="1" tsid="1" />
    <channel service_ref="1:0:2:0057:0001:0001:0208afe8:0:0:0:" name="Owaz" service_name="Owaz" provider="" sid="87" onid="1" tsid="1" />
    <channel service_ref="1:0:2:012d:0001:0001:0208afe8:0:0:0:" name="Watan" service_name="Watan" provider="" sid="301" onid="1" tsid="1" />
  </bouquet>
</zapit>
