<?xml version='1.0' encoding='utf-8'?>
<zapit>
  <bouquet name="General" category="tv">
    <channel service_ref="1:0:1:018b:0009:0003:00130000:0:0:0:" name="Al Jazeera" service_name="Al Jazeera" provider="Bulgaria Sat" sid="395" onid="3" tsid="9" />
    <channel service_ref="1:0:1:00c1:0009:0003:00130000:0:0:0:" name="AMC" service_name="AMC" provider="Bulgaria Sat" sid="193" onid="3" tsid="9" />
    <channel service_ref="1:0:1:00bf:0009:0003:00130000:0:0:0:" name="Animal Planet" service_name="Animal Planet" provider="Bulgaria Sat" sid="191" onid="3" tsid="9" />
    <channel service_ref="1:0:1:01cf:000b:0001:0013305c:0:0:0:" name="Arena Sport 1" service_name="Arena Sport 1" provider="POLARIS" sid="463" onid="1" tsid="11" />
    <channel service_ref="1:0:1:01d0:000b:0001:0013305c:0:0:0:" name="Arena Sport 2" service_name="Arena Sport 2" provider="POLARIS" sid="464" onid="1" tsid="11" />
    <channel service_ref="1:0:1:01d1:000b:0001:0013305c:0:0:0:" name="Arena Sport 3" service_name="Arena Sport 3" provider="POLARIS" sid="465" onid="1" tsid="11" />
    <channel service_ref="1:0:1:01d2:000b:0001:0013305c:0:0:0:" name="Arena Sport 4" service_name="Arena Sport 4" provider="POLARIS" sid="466" onid="1" tsid="11" />
    <channel service_ref="1:0:1:01e2:000b:0001:0013305c:0:0:0:" name="Arena Sport 5" service_name="Arena Sport 5" provider="POLARIS" sid="482" onid="1" tsid="11" />
    <channel service_ref="1:0:1:01d8:000b:0001:0013305c:0:0:0:" name="AXN Adria" service_name="AXN Adria" provider="POLARIS" sid="472" onid="1" tsid="11" />
    <channel service_ref="1:0:1:01bb:000a:0002:001330a8:0:0:0:" name="AXN Spin" service_name="AXN Spin" provider="POLARIS" sid="443" onid="2" tsid="10" />
    <channel service_ref="1:0:1:018a:0009:0003:00130000:0:0:0:" name="Baby TV" service_name="Baby TV" provider="Bulgaria Sat" sid="394" onid="3" tsid="9" />
    <channel service_ref="1:0:1:00bc:0009:0003:00130000:0:0:0:" name="Balkanika" service_name="Balkanika" provider="Bulgaria Sat" sid="188" onid="3" tsid="9" />
    <channel service_ref="1:0:1:01a7:000a:0002:001330a8:0:0:0:" name="Belle Amie" service_name="Belle Amie" provider="POLARIS" sid="423" onid="2" tsid="10" />
    <channel service_ref="1:0:1:01ae:000a:0002:001330a8:0:0:0:" name="CineStar TV" service_name="CineStar TV" provider="POLARIS" sid="430" onid="2" tsid="10" />
    <channel service_ref="1:0:1:01af:000a:0002:001330a8:0:0:0:" name="CineStar TV Action" service_name="CineStar TV Action" provider="POLARIS" sid="431" onid="2" tsid="10" />
    <channel service_ref="1:0:1:01b8:000a:0002:001330a8:0:0:0:" name="CineStar TV Fantasy" service_name="CineStar TV Fantasy" provider="POLARIS" sid="440" onid="2" tsid="10" />
    <channel service_ref="1:0:1:01db:000b:0001:0013305c:0:0:0:" name="Discovery Science" service_name="Discovery Science" provider="POLARIS" sid="475" onid="1" tsid="11" />
    <channel service_ref="1:0:1:01d9:000b:0001:0013305c:0:0:0:" name="Discovery Serbia" service_name="Discovery Serbia" provider="POLARIS" sid="473" onid="1" tsid="11" />
    <channel service_ref="1:0:1:01b2:000a:0002:001330a8:0:0:0:" name="DM Sat" service_name="DM Sat" provider="POLARIS" sid="434" onid="2" tsid="10" />
    <channel service_ref="1:0:1:01b4:000a:0002:001330a8:0:0:0:" name="Docu Box" service_name="Docu Box" provider="POLARIS" sid="436" onid="2" tsid="10" />
    <channel service_ref="1:0:1:017d:0009:0003:00130000:0:0:0:" name="Eurosport" service_name="Eurosport" provider="Bulgaria Sat" sid="381" onid="3" tsid="9" />
    <channel service_ref="1:0:1:01ad:000a:0002:001330a8:0:0:0:" name="Eurosport 2" service_name="Eurosport 2" provider="POLARIS" sid="429" onid="2" tsid="10" />
    <channel service_ref="1:0:1:017e:0009:0003:00130000:0:0:0:" name="Fashion TV" service_name="Fashion TV" provider="Bulgaria Sat" sid="382" onid="3" tsid="9" />
    <channel service_ref="1:0:1:01b7:000a:0002:001330a8:0:0:0:" name="Film Box Plus" service_name="Film Box Plus" provider="POLARIS" sid="439" onid="2" tsid="10" />
    <channel service_ref="1:0:1:00bd:0009:0003:00130000:0:0:0:" name="FILMBOX EXTRA" service_name="FILMBOX EXTRA" provider="Bulgaria Sat" sid="189" onid="3" tsid="9" />
    <channel service_ref="1:0:1:00bb:0009:0003:00130000:0:0:0:" name="Fine Living" service_name="Fine Living" provider="Bulgaria Sat" sid="187" onid="3" tsid="9" />
    <channel service_ref="1:0:1:01b5:000a:0002:001330a8:0:0:0:" name="Food Network" service_name="Food Network" provider="POLARIS" sid="437" onid="2" tsid="10" />
    <channel service_ref="1:0:1:01d3:000b:0001:0013305c:0:0:0:" name="H2" service_name="H2" provider="POLARIS" sid="467" onid="1" tsid="11" />
    <channel service_ref="1:0:1:01d7:000b:0001:0013305c:0:0:0:" name="Happy TV" service_name="Happy TV" provider="POLARIS" sid="471" onid="1" tsid="11" />
    <channel service_ref="1:0:1:01ab:000a:0002:001330a8:0:0:0:" name="Hobby Lov" service_name="Hobby Lov" provider="POLARIS" sid="427" onid="2" tsid="10" />
    <channel service_ref="1:0:1:018f:0009:0003:00130000:0:0:0:" name="Hobby TV" service_name="Hobby TV" provider="Bulgaria Sat" sid="399" onid="3" tsid="9" />
    <channel service_ref="1:0:1:01bf:000a:0002:001330a8:0:0:0:" name="Hustler" service_name="Hustler" provider="POLARIS" sid="447" onid="2" tsid="10" />
    <channel service_ref="1:0:1:00be:0009:0003:00130000:0:0:0:" name="ID Xtra" service_name="ID Xtra" provider="Bulgaria Sat" sid="190" onid="3" tsid="9" />
    <channel service_ref="1:0:1:01da:000b:0001:0013305c:0:0:0:" name="KCN Kopernikus 1" service_name="KCN Kopernikus 1" provider="POLARIS" sid="474" onid="1" tsid="11" />
    <channel service_ref="1:0:1:01ac:000a:0002:001330a8:0:0:0:" name="KCN Music 2" service_name="KCN Music 2" provider="POLARIS" sid="428" onid="2" tsid="10" />
    <channel service_ref="1:0:1:01df:000b:0001:0013305c:0:0:0:" name="Minimax" service_name="Minimax" provider="POLARIS" sid="479" onid="1" tsid="11" />
    <channel service_ref="1:0:1:00b4:0009:0003:00130000:0:0:0:" name="MTV Hits" service_name="MTV Hits" provider="Bulgaria Sat" sid="180" onid="3" tsid="9" />
    <channel service_ref="1:0:1:01dd:000b:0001:0013305c:0:0:0:" name="National Geographic" service_name="National Geographic" provider="POLARIS" sid="477" onid="1" tsid="11" />
    <channel service_ref="1:0:1:01ad:0009:0003:00130000:0:0:0:" name="NG Wild" service_name="NG Wild" provider="Bulgaria Sat" sid="429" onid="3" tsid="9" />
    <channel service_ref="1:0:1:00b5:0009:0003:00130000:0:0:0:" name="Nick Bulgaria" service_name="Nick Bulgaria" provider="Bulgaria Sat" sid="181" onid="3" tsid="9" />
    <channel service_ref="1:0:1:018d:0009:0003:00130000:0:0:0:" name="Nick Jr" service_name="Nick Jr" provider="Bulgaria Sat" sid="397" onid="3" tsid="9" />
    <channel service_ref="1:0:1:00b8:0009:0003:00130000:0:0:0:" name="Nick Jr Bulgaria" service_name="Nick Jr Bulgaria" provider="Bulgaria Sat" sid="184" onid="3" tsid="9" />
    <channel service_ref="1:0:1:01e1:000b:0001:0013305c:0:0:0:" name="OBN" service_name="OBN" provider="POLARIS" sid="481" onid="1" tsid="11" />
    <channel service_ref="1:0:1:01b9:000a:0002:001330a8:0:0:0:" name="Passion XXX" service_name="Passion XXX" provider="POLARIS" sid="441" onid="2" tsid="10" />
    <channel service_ref="1:0:1:01ba:000a:0002:001330a8:0:0:0:" name="Penthouse" service_name="Penthouse" provider="POLARIS" sid="442" onid="2" tsid="10" />
    <channel service_ref="1:0:1:01b6:000a:0002:001330a8:0:0:0:" name="Perviy Kanal" service_name="Perviy Kanal" provider="POLARIS" sid="438" onid="2" tsid="10" />
    <channel service_ref="1:0:1:018e:0009:0003:00130000:0:0:0:" name="Planeta TV" service_name="Planeta TV" provider="Bulgaria Sat" sid="398" onid="3" tsid="9" />
    <channel service_ref="1:0:1:01d4:000b:0001:0013305c:0:0:0:" name="PRVA" service_name="PRVA" provider="POLARIS" sid="468" onid="1" tsid="11" />
    <channel service_ref="1:0:1:01cd:000b:0001:0013305c:0:0:0:" name="RTS 1" service_name="RTS 1" provider="POLARIS" sid="461" onid="1" tsid="11" />
    <channel service_ref="1:0:1:01ce:000b:0001:0013305c:0:0:0:" name="RTS 2" service_name="RTS 2" provider="POLARIS" sid="462" onid="1" tsid="11" />
    <channel service_ref="1:0:1:01a8:000a:0002:001330a8:0:0:0:" name="RTS Drama" service_name="RTS Drama" provider="POLARIS" sid="424" onid="2" tsid="10" />
    <channel service_ref="1:0:1:01e4:000b:0001:0013305c:0:0:0:" name="RTS Kolo" service_name="RTS Kolo" provider="POLARIS" sid="484" onid="1" tsid="11" />
    <channel service_ref="1:0:1:01e0:000b:0001:0013305c:0:0:0:" name="RTS Muzika" service_name="RTS Muzika" provider="POLARIS" sid="480" onid="1" tsid="11" />
    <channel service_ref="1:0:1:01bc:000a:0002:001330a8:0:0:0:" name="RTS Trezor" service_name="RTS Trezor" provider="POLARIS" sid="444" onid="2" tsid="10" />
    <channel service_ref="1:0:1:01bd:000a:0002:001330a8:0:0:0:" name="RTS Zivot" service_name="RTS Zivot" provider="POLARIS" sid="445" onid="2" tsid="10" />
    <channel service_ref="1:0:1:01a5:000a:0002:001330a8:0:0:0:" name="RTS3" service_name="RTS3" provider="POLARIS" sid="421" onid="2" tsid="10" />
    <channel service_ref="1:0:1:01d5:000b:0001:0013305c:0:0:0:" name="RTV Novi Pazar" service_name="RTV Novi Pazar" provider="POLARIS" sid="469" onid="1" tsid="11" />
    <channel service_ref="1:0:1:01dc:000b:0001:0013305c:0:0:0:" name="RTV1" service_name="RTV1" provider="POLARIS" sid="476" onid="1" tsid="11" />
    <channel service_ref="1:0:1:01a6:000a:0002:001330a8:0:0:0:" name="RTV2" service_name="RTV2" provider="POLARIS" sid="422" onid="2" tsid="10" />
    <channel service_ref="1:0:1:01e3:000b:0001:0013305c:0:0:0:" name="SOS Kanal" service_name="SOS Kanal" provider="POLARIS" sid="483" onid="1" tsid="11" />
    <channel service_ref="1:0:1:01a9:000a:0002:001330a8:0:0:0:" name="The Voice" service_name="The Voice" provider="POLARIS" sid="425" onid="2" tsid="10" />
    <channel service_ref="1:0:1:018c:0009:0003:00130000:0:0:0:" name="TLC" service_name="TLC" provider="Bulgaria Sat" sid="396" onid="3" tsid="9" />
    <channel service_ref="1:0:1:017f:0009:0003:00130000:0:0:0:" name="Travel Channel" service_name="Travel Channel" provider="Bulgaria Sat" sid="383" onid="3" tsid="9" />
    <channel service_ref="1:0:1:01d6:000b:0001:0013305c:0:0:0:" name="TV B92" service_name="TV B92" provider="POLARIS" sid="470" onid="1" tsid="11" />
    <channel service_ref="1:0:1:01aa:000a:0002:001330a8:0:0:0:" name="TV Duga Plus" service_name="TV Duga Plus" provider="POLARIS" sid="426" onid="2" tsid="10" />
    <channel service_ref="1:0:1:01de:000b:0001:0013305c:0:0:0:" name="TV Pink" service_name="TV Pink" provider="POLARIS" sid="478" onid="1" tsid="11" />
    <channel service_ref="1:0:1:00b9:0009:0003:00130000:0:0:0:" name="VH 1" service_name="VH 1" provider="Bulgaria Sat" sid="185" onid="3" tsid="9" />
    <channel service_ref="1:0:1:00ba:0009:0003:00130000:0:0:0:" name="VH 1 classic" service_name="VH 1 classic" provider="Bulgaria Sat" sid="186" onid="3" tsid="9" />
    <channel service_ref="1:0:1:00c0:0009:0003:00130000:0:0:0:" name="Viasat Explorer" service_name="Viasat Explorer" provider="Bulgaria Sat" sid="192" onid="3" tsid="9" />
    <channel service_ref="1:0:1:00b6:0009:0003:00130000:0:0:0:" name="Viasat History" service_name="Viasat History" provider="Bulgaria Sat" sid="182" onid="3" tsid="9" />
    <channel service_ref="1:0:1:00b7:0009:0003:00130000:0:0:0:" name="Viasat Nature" service_name="Viasat Nature" provider="Bulgaria Sat" sid="183" onid="3" tsid="9" />
    <channel service_ref="1:0:1:01be:000a:0002:001330a8:0:0:0:" name="XYPLUS" service_name="XYPLUS" provider="POLARIS" sid="446" onid="2" tsid="10" />
  </bouquet>
  <bouquet name="Movies" category="tv">
    <channel service_ref="1:0:1:01ae:000a:0002:001330a8:0:0:0:" name="CineStar TV" service_name="CineStar TV" provider="POLARIS" sid="430" onid="2" tsid="10" />
    <channel service_ref="1:0:1:01af:000a:0002:001330a8:0:0:0:" name="CineStar TV Action" service_name="CineStar TV Action" provider="POLARIS" sid="431" onid="2" tsid="10" />
    <channel service_ref="1:0:1:01b8:000a:0002:001330a8:0:0:0:" name="CineStar TV Fantasy" service_name="CineStar TV Fantasy" provider="POLARIS" sid="440" onid="2" tsid="10" />
    <channel service_ref="1:0:1:01b7:000a:0002:001330a8:0:0:0:" name="Film Box Plus" service_name="Film Box Plus" provider="POLARIS" sid="439" onid="2" tsid="10" />
    <channel service_ref="1:0:1:00bd:0009:0003:00130000:0:0:0:" name="FILMBOX EXTRA" service_name="FILMBOX EXTRA" provider="Bulgaria Sat" sid="189" onid="3" tsid="9" />
  </bouquet>
  <bouquet name="Series" category="tv">
    <channel service_ref="1:0:1:01a8:000a:0002:001330a8:0:0:0:" name="RTS Drama" service_name="RTS Drama" provider="POLARIS" sid="424" onid="2" tsid="10" />
  </bouquet>
  <bouquet name="Sports" category="tv">
    <channel service_ref="1:0:1:01cf:000b:0001:0013305c:0:0:0:" name="Arena Sport 1" service_name="Arena Sport 1" provider="POLARIS" sid="463" onid="1" tsid="11" />
    <channel service_ref="1:0:1:01d0:000b:0001:0013305c:0:0:0:" name="Arena Sport 2" service_name="Arena Sport 2" provider="POLARIS" sid="464" onid="1" tsid="11" />
    <channel service_ref="1:0:1:01d1:000b:0001:0013305c:0:0:0:" name="Arena Sport 3" service_name="Arena Sport 3" provider="POLARIS" sid="465" onid="1" tsid="11" />
    <channel service_ref="1:0:1:01d2:000b:0001:0013305c:0:0:0:" name="Arena Sport 4" service_name="Arena Sport 4" provider="POLARIS" sid="466" onid="1" tsid="11" />
    <channel service_ref="1:0:1:01e2:000b:0001:0013305c:0:0:0:" name="Arena Sport 5" service_name="Arena Sport 5" provider="POLARIS" sid="482" onid="1" tsid="11" />
    <channel service_ref="1:0:1:017d:0009:0003:00130000:0:0:0:" name="Eurosport" service_name="Eurosport" provider="Bulgaria Sat" sid="381" onid="3" tsid="9" />
    <channel service_ref="1:0:1:01ad:000a:0002:001330a8:0:0:0:" name="Eurosport 2" service_name="Eurosport 2" provider="POLARIS" sid="429" onid="2" tsid="10" />
  </bouquet>
  <bouquet name="Music" category="tv">
    <channel service_ref="1:0:1:01ac:000a:0002:001330a8:0:0:0:" name="KCN Music 2" service_name="KCN Music 2" provider="POLARIS" sid="428" onid="2" tsid="10" />
    <channel service_ref="1:0:1:00b4:0009:0003:00130000:0:0:0:" name="MTV Hits" service_name="MTV Hits" provider="Bulgaria Sat" sid="180" onid="3" tsid="9" />
  </bouquet>
  <bouquet name="Documentary" category="tv">
    <channel service_ref="1:0:1:00bf:0009:0003:00130000:0:0:0:" name="Animal Planet" service_name="Animal Planet" provider="Bulgaria Sat" sid="191" onid="3" tsid="9" />
    <channel service_ref="1:0:1:01dd:000b:0001:0013305c:0:0:0:" name="National Geographic" service_name="National Geographic" provider="POLARIS" sid="477" onid="1" tsid="11" />
    <channel service_ref="1:0:1:018e:0009:0003:00130000:0:0:0:" name="Planeta TV" service_name="Planeta TV" provider="Bulgaria Sat" sid="398" onid="3" tsid="9" />
    <channel service_ref="1:0:1:00b6:0009:0003:00130000:0:0:0:" name="Viasat History" service_name="Viasat History" provider="Bulgaria Sat" sid="182" onid="3" tsid="9" />
  </bouquet>
  <bouquet name="Switzerland" category="tv">
    <channel service_ref="1:0:1:01a5:000a:0002:001330a8:0:0:0:" name="RTS3" service_name="RTS3" provider="POLARIS" sid="421" onid="2" tsid="10" />
  </bouquet>
  <bouquet name="PyTV" category="tv">
    <channel service_ref="1:0:1:01d7:000b:0001:0013305c:0:0:0:" name="Happy TV" service_name="Happy TV" provider="POLARIS" sid="471" onid="1" tsid="11" />
  </bouquet>
  <bouquet name="Adult" category="tv">
    <channel service_ref="1:0:1:01bf:000a:0002:001330a8:0:0:0:" name="Hustler" service_name="Hustler" provider="POLARIS" sid="447" onid="2" tsid="10" />
  </bouquet>
  <bouquet name="Others" category="tv">
    <channel service_ref="1:0:1:018b:0009:0003:00130000:0:0:0:" name="Al Jazeera" service_name="Al Jazeera" provider="Bulgaria Sat" sid="395" onid="3" tsid="9" />
    <channel service_ref="1:0:1:00c1:0009:0003:00130000:0:0:0:" name="AMC" service_name="AMC" provider="Bulgaria Sat" sid="193" onid="3" tsid="9" />
    <channel service_ref="1:0:1:01d8:000b:0001:0013305c:0:0:0:" name="AXN Adria" service_name="AXN Adria" provider="POLARIS" sid="472" onid="1" tsid="11" />
    <channel service_ref="1:0:1:01bb:000a:0002:001330a8:0:0:0:" name="AXN Spin" service_name="AXN Spin" provider="POLARIS" sid="443" onid="2" tsid="10" />
    <channel service_ref="1:0:1:018a:0009:0003:00130000:0:0:0:" name="Baby TV" service_name="Baby TV" provider="Bulgaria Sat" sid="394" onid="3" tsid="9" />
    <channel service_ref="1:0:1:00bc:0009:0003:00130000:0:0:0:" name="Balkanika" service_name="Balkanika" provider="Bulgaria Sat" sid="188" onid="3" tsid="9" />
    <channel service_ref="1:0:1:01a7:000a:0002:001330a8:0:0:0:" name="Belle Amie" service_name="Belle Amie" provider="POLARIS" sid="423" onid="2" tsid="10" />
    <channel service_ref="1:0:1:01db:000b:0001:0013305c:0:0:0:" name="Discovery Science" service_name="Discovery Science" provider="POLARIS" sid="475" onid="1" tsid="11" />
    <channel service_ref="1:0:1:01d9:000b:0001:0013305c:0:0:0:" name="Discovery Serbia" service_name="Discovery Serbia" provider="POLARIS" sid="473" onid="1" tsid="11" />
    <channel service_ref="1:0:1:01b2:000a:0002:001330a8:0:0:0:" name="DM Sat" service_name="DM Sat" provider="POLARIS" sid="434" onid="2" tsid="10" />
    <channel service_ref="1:0:1:01b4:000a:0002:001330a8:0:0:0:" name="Docu Box" service_name="Docu Box" provider="POLARIS" sid="436" onid="2" tsid="10" />
    <channel service_ref="1:0:1:017e:0009:0003:00130000:0:0:0:" name="Fashion TV" service_name="Fashion TV" provider="Bulgaria Sat" sid="382" onid="3" tsid="9" />
    <channel service_ref="1:0:1:00bb:0009:0003:00130000:0:0:0:" name="Fine Living" service_name="Fine Living" provider="Bulgaria Sat" sid="187" onid="3" tsid="9" />
    <channel service_ref="1:0:1:01b5:000a:0002:001330a8:0:0:0:" name="Food Network" service_name="Food Network" provider="POLARIS" sid="437" onid="2" tsid="10" />
    <channel service_ref="1:0:1:01d3:000b:0001:0013305c:0:0:0:" name="H2" service_name="H2" provider="POLARIS" sid="467" onid="1" tsid="11" />
    <channel service_ref="1:0:1:01ab:000a:0002:001330a8:0:0:0:" name="Hobby Lov" service_name="Hobby Lov" provider="POLARIS" sid="427" onid="2" tsid="10" />
    <channel service_ref="1:0:1:018f:0009:0003:00130000:0:0:0:" name="Hobby TV" service_name="Hobby TV" provider="Bulgaria Sat" sid="399" onid="3" tsid="9" />
    <channel service_ref="1:0:1:00be:0009:0003:00130000:0:0:0:" name="ID Xtra" service_name="ID Xtra" provider="Bulgaria Sat" sid="190" onid="3" tsid="9" />
    <channel service_ref="1:0:1:01da:000b:0001:0013305c:0:0:0:" name="KCN Kopernikus 1" service_name="KCN Kopernikus 1" provider="POLARIS" sid="474" onid="1" tsid="11" />
    <channel service_ref="1:0:1:01df:000b:0001:0013305c:0:0:0:" name="Minimax" service_name="Minimax" provider="POLARIS" sid="479" onid="1" tsid="11" />
    <channel service_ref="1:0:1:01ad:0009:0003:00130000:0:0:0:" name="NG Wild" service_name="NG Wild" provider="Bulgaria Sat" sid="429" onid="3" tsid="9" />
    <channel service_ref="1:0:1:00b5:0009:0003:00130000:0:0:0:" name="Nick Bulgaria" service_name="Nick Bulgaria" provider="Bulgaria Sat" sid="181" onid="3" tsid="9" />
    <channel service_ref="1:0:1:018d:0009:0003:00130000:0:0:0:" name="Nick Jr" service_name="Nick Jr" provider="Bulgaria Sat" sid="397" onid="3" tsid="9" />
    <channel service_ref="1:0:1:00b8:0009:0003:00130000:0:0:0:" name="Nick Jr Bulgaria" service_name="Nick Jr Bulgaria" provider="Bulgaria Sat" sid="184" onid="3" tsid="9" />
    <channel service_ref="1:0:1:01e1:000b:0001:0013305c:0:0:0:" name="OBN" service_name="OBN" provider="POLARIS" sid="481" onid="1" tsid="11" />
    <channel service_ref="1:0:1:01b9:000a:0002:001330a8:0:0:0:" name="Passion XXX" service_name="Passion XXX" provider="POLARIS" sid="441" onid="2" tsid="10" />
    <channel service_ref="1:0:1:01ba:000a:0002:001330a8:0:0:0:" name="Penthouse" service_name="Penthouse" provider="POLARIS" sid="442" onid="2" tsid="10" />
    <channel service_ref="1:0:1:01b6:000a:0002:001330a8:0:0:0:" name="Perviy Kanal" service_name="Perviy Kanal" provider="POLARIS" sid="438" onid="2" tsid="10" />
    <channel service_ref="1:0:1:01d4:000b:0001:0013305c:0:0:0:" name="PRVA" service_name="PRVA" provider="POLARIS" sid="468" onid="1" tsid="11" />
    <channel service_ref="1:0:1:01cd:000b:0001:0013305c:0:0:0:" name="RTS 1" service_name="RTS 1" provider="POLARIS" sid="461" onid="1" tsid="11" />
    <channel service_ref="1:0:1:01ce:000b:0001:0013305c:0:0:0:" name="RTS 2" service_name="RTS 2" provider="POLARIS" sid="462" onid="1" tsid="11" />
    <channel service_ref="1:0:1:01e4:000b:0001:0013305c:0:0:0:" name="RTS Kolo" service_name="RTS Kolo" provider="POLARIS" sid="484" onid="1" tsid="11" />
    <channel service_ref="1:0:1:01e0:000b:0001:0013305c:0:0:0:" name="RTS Muzika" service_name="RTS Muzika" provider="POLARIS" sid="480" onid="1" tsid="11" />
    <channel service_ref="1:0:1:01bc:000a:0002:001330a8:0:0:0:" name="RTS Trezor" service_name="RTS Trezor" provider="POLARIS" sid="444" onid="2" tsid="10" />
    <channel service_ref="1:0:1:01bd:000a:0002:001330a8:0:0:0:" name="RTS Zivot" service_name="RTS Zivot" provider="POLARIS" sid="445" onid="2" tsid="10" />
    <channel service_ref="1:0:1:01d5:000b:0001:0013305c:0:0:0:" name="RTV Novi Pazar" service_name="RTV Novi Pazar" provider="POLARIS" sid="469" onid="1" tsid="11" />
    <channel service_ref="1:0:1:01dc:000b:0001:0013305c:0:0:0:" name="RTV1" service_name="RTV1" provider="POLARIS" sid="476" onid="1" tsid="11" />
    <channel service_ref="1:0:1:01a6:000a:0002:001330a8:0:0:0:" name="RTV2" service_name="RTV2" provider="POLARIS" sid="422" onid="2" tsid="10" />
    <channel service_ref="1:0:1:01e3:000b:0001:0013305c:0:0:0:" name="SOS Kanal" service_name="SOS Kanal" provider="POLARIS" sid="483" onid="1" tsid="11" />
    <channel service_ref="1:0:1:01a9:000a:0002:001330a8:0:0:0:" name="The Voice" service_name="The Voice" provider="POLARIS" sid="425" onid="2" tsid="10" />
    <channel service_ref="1:0:1:018c:0009:0003:00130000:0:0:0:" name="TLC" service_name="TLC" provider="Bulgaria Sat" sid="396" onid="3" tsid="9" />
    <channel service_ref="1:0:1:017f:0009:0003:00130000:0:0:0:" name="Travel Channel" service_name="Travel Channel" provider="Bulgaria Sat" sid="383" onid="3" tsid="9" />
    <channel service_ref="1:0:1:01d6:000b:0001:0013305c:0:0:0:" name="TV B92" service_name="TV B92" provider="POLARIS" sid="470" onid="1" tsid="11" />
    <channel service_ref="1:0:1:01aa:000a:0002:001330a8:0:0:0:" name="TV Duga Plus" service_name="TV Duga Plus" provider="POLARIS" sid="426" onid="2" tsid="10" />
    <channel service_ref="1:0:1:01de:000b:0001:0013305c:0:0:0:" name="TV Pink" service_name="TV Pink" provider="POLARIS" sid="478" onid="1" tsid="11" />
    <channel service_ref="1:0:1:00b9:0009:0003:00130000:0:0:0:" name="VH 1" service_name="VH 1" provider="Bulgaria Sat" sid="185" onid="3" tsid="9" />
    <channel service_ref="1:0:1:00ba:0009:0003:00130000:0:0:0:" name="VH 1 classic" service_name="VH 1 classic" provider="Bulgaria Sat" sid="186" onid="3" tsid="9" />
    <channel service_ref="1:0:1:00c0:0009:0003:00130000:0:0:0:" name="Viasat Explorer" service_name="Viasat Explorer" provider="Bulgaria Sat" sid="192" onid="3" tsid="9" />
    <channel service_ref="1:0:1:00b7:0009:0003:00130000:0:0:0:" name="Viasat Nature" service_name="Viasat Nature" provider="Bulgaria Sat" sid="183" onid="3" tsid="9" />
    <channel service_ref="1:0:1:01be:000a:0002:001330a8:0:0:0:" name="XYPLUS" service_name="XYPLUS" provider="POLARIS" sid="446" onid="2" tsid="10" />
  </bouquet>
  <bouquet name="Radio" category="radio">
    <channel service_ref="1:0:2:008f:000a:0002:001330a8:0:0:0:" name="Radio 202" service_name="Radio 202" provider="POLARIS" sid="143" onid="2" tsid="10" />
  </bouquet>
</zapit>
