<?xml version='1.0' encoding='utf-8'?>
<zapit>
  <bouquet name="General" category="tv">
    <channel service_ref="1:0:25:006a:0065:0001:0d483116:0:0:0:" name="BBC World News" service_name="BBC World News" provider="" sid="106" onid="1" tsid="101" />
    <channel service_ref="1:0:25:002a:0065:0001:0d483116:0:0:0:" name="MSNBC" service_name="MSNBC" provider="" sid="42" onid="1" tsid="101" />
  </bouquet>
  <bouquet name="News" category="tv">
    <channel service_ref="1:0:25:006a:0065:0001:0d483116:0:0:0:" name="BBC World News" service_name="BBC World News" provider="" sid="106" onid="1" tsid="101" />
  </bouquet>
  <bouquet name="Others" category="tv">
    <channel service_ref="1:0:25:002a:0065:0001:0d483116:0:0:0:" name="MSNBC" service_name="MSNBC" provider="" sid="42" onid="1" tsid="101" />
  </bouquet>
</zapit>
