<?xml version='1.0' encoding='utf-8'?>
<zapit>
  <bouquet name="General" category="tv">
    <channel service_ref="1:0:1:01d4:0001:0064:0de80000:0:0:0:" name="10722V SID 0x468" service_name="10722V SID 0x468" provider="DVB-S2 8PSK 10722V 356.0Â°E" sid="468" onid="100" tsid="1" />
    <channel service_ref="1:0:1:0001:0002:002a:0de80000:0:0:0:" name="12 kanal" service_name="12 kanal" provider="Ukrkosmos" sid="1" onid="42" tsid="2" />
    <channel service_ref="1:0:25:0003:0002:002a:0de80000:0:0:0:" name="1ZAHID HD" service_name="1ZAHID HD" provider="Ukrkosmos" sid="3" onid="42" tsid="2" />
    <channel service_ref="1:0:1:0006:0065:0061:0de80000:0:0:0:" name="4 kanal Ukraine" service_name="4 kanal Ukraine" provider="SLM" sid="6" onid="97" tsid="101" />
    <channel service_ref="1:0:1:000d:0002:002a:0de80000:0:0:0:" name="4P_INFO" service_name="4P_INFO" provider="Ukrkosmos" sid="13" onid="42" tsid="2" />
    <channel service_ref="1:0:1:000a:0002:002a:0de80000:0:0:0:" name="8 channel" service_name="8 channel" provider="Ukrkosmos" sid="10" onid="42" tsid="2" />
    <channel service_ref="1:0:1:065b:0006:0064:0de80000:0:0:0:" name="AMC" service_name="AMC" provider="T-Home" sid="1627" onid="100" tsid="6" />
    <channel service_ref="1:0:1:06ad:0007:0064:0de80000:0:0:0:" name="AMC HD" service_name="AMC HD" provider="T-Home" sid="1709" onid="100" tsid="7" />
    <channel service_ref="1:0:1:05ea:0005:0064:0de80000:0:0:0:" name="Animal Planet" service_name="Animal Planet" provider="T-Home" sid="1514" onid="100" tsid="5" />
    <channel service_ref="1:0:1:06a8:0007:0064:0de80000:0:0:0:" name="Animal Planet HD" service_name="Animal Planet HD" provider="T-Home" sid="1704" onid="100" tsid="7" />
    <channel service_ref="1:0:1:070a:0008:0064:0de80000:0:0:0:" name="Apostol TV" service_name="Apostol TV" provider="T-Home" sid="1802" onid="100" tsid="8" />
    <channel service_ref="1:0:1:051e:0003:0064:0de80000:0:0:0:" name="ATV HD" service_name="ATV HD" provider="T-Home" sid="1310" onid="100" tsid="3" />
    <channel service_ref="1:0:1:01c6:0001:0064:0de80000:0:0:0:" name="ATV Spirit" service_name="ATV Spirit" provider="T-Home" sid="454" onid="100" tsid="1" />
    <channel service_ref="1:0:1:011a:0006:0064:0de80000:0:0:0:" name="AXN" service_name="AXN" provider="T-Home" sid="282" onid="100" tsid="6" />
    <channel service_ref="1:0:1:051b:0003:0064:0de80000:0:0:0:" name="AXN HD" service_name="AXN HD" provider="T-Home" sid="1307" onid="100" tsid="3" />
    <channel service_ref="1:0:1:05e7:0005:0064:0de80000:0:0:0:" name="BBC Earth" service_name="BBC Earth" provider="T-Home" sid="1511" onid="100" tsid="5" />
    <channel service_ref="1:0:1:06aa:0007:0064:0de80000:0:0:0:" name="BBC Earth HD" service_name="BBC Earth HD" provider="T-Home" sid="1706" onid="100" tsid="7" />
    <channel service_ref="1:0:1:0004:0066:0061:0de80000:0:0:0:" name="Blackseatv" service_name="Blackseatv" provider="SLM" sid="4" onid="97" tsid="102" />
    <channel service_ref="1:0:1:011b:0006:0064:0de80000:0:0:0:" name="Boomerang" service_name="Boomerang" provider="T-Home" sid="283" onid="100" tsid="6" />
    <channel service_ref="1:0:1:0009:0002:002a:0de80000:0:0:0:" name="BOUTIQUE TV" service_name="BOUTIQUE TV" provider="Ukrkosmos" sid="9" onid="42" tsid="2" />
    <channel service_ref="1:0:1:070e:0008:0064:0de80000:0:0:0:" name="Bónusz" service_name="Bónusz" provider="T-Home" sid="1806" onid="100" tsid="8" />
    <channel service_ref="1:0:1:05f8:0005:0064:0de80000:0:0:0:" name="Cartoon Network" service_name="Cartoon Network" provider="T-Home" sid="1528" onid="100" tsid="5" />
    <channel service_ref="1:0:1:0001:0065:0061:0de80000:0:0:0:" name="Channel 5 SD" service_name="Channel 5 SD" provider="SLM" sid="1" onid="97" tsid="101" />
    <channel service_ref="1:0:1:00d1:0003:0064:0de80000:0:0:0:" name="Cinemax" service_name="Cinemax" provider="T-Home" sid="209" onid="100" tsid="3" />
    <channel service_ref="1:0:1:051a:0003:0064:0de80000:0:0:0:" name="Cinemax 2" service_name="Cinemax 2" provider="T-Home" sid="1306" onid="100" tsid="3" />
    <channel service_ref="1:0:1:0124:0006:0064:0de80000:0:0:0:" name="CNN International" service_name="CNN International" provider="T-Home" sid="292" onid="100" tsid="6" />
    <channel service_ref="1:0:1:028c:0006:0064:0de80000:0:0:0:" name="Comedy Central" service_name="Comedy Central" provider="T-Home" sid="652" onid="100" tsid="6" />
    <channel service_ref="1:0:1:071c:0008:0064:0de80000:0:0:0:" name="Comedy Central HD" service_name="Comedy Central HD" provider="T-Home" sid="1820" onid="100" tsid="8" />
    <channel service_ref="1:0:1:04c9:0002:0064:0de80000:0:0:0:" name="Comedy Family" service_name="Comedy Family" provider="T-Home" sid="1225" onid="100" tsid="2" />
    <channel service_ref="1:0:1:000d:0001:0064:0de80000:0:0:0:" name="COOL" service_name="COOL" provider="T-Home" sid="13" onid="100" tsid="1" />
    <channel service_ref="1:0:1:057f:0004:0064:0de80000:0:0:0:" name="Cool HD" service_name="Cool HD" provider="T-Home" sid="1407" onid="100" tsid="4" />
    <channel service_ref="1:0:1:05e8:0005:0064:0de80000:0:0:0:" name="d1 tv" service_name="d1 tv" provider="T-Home" sid="1512" onid="100" tsid="5" />
    <channel service_ref="1:0:1:028a:0006:0064:0de80000:0:0:0:" name="Da Vinci" service_name="Da Vinci" provider="T-Home" sid="650" onid="100" tsid="6" />
    <channel service_ref="1:0:25:0009:0001:0001:0de82c28:0:0:0:" name="DaVinci" service_name="DaVinci" provider="Antenna Hungaria / Globecast" sid="9" onid="1" tsid="1" />
    <channel service_ref="1:0:1:044e:0001:0064:0de80000:0:0:0:" name="Dikh TV" service_name="Dikh TV" provider="T-Home" sid="1102" onid="100" tsid="1" />
    <channel service_ref="1:0:1:04c5:0002:0064:0de80000:0:0:0:" name="Discovery Channel" service_name="Discovery Channel" provider="T-Home" sid="1221" onid="100" tsid="2" />
    <channel service_ref="1:0:1:06a5:0007:0064:0de80000:0:0:0:" name="Discovery Channel HD" service_name="Discovery Channel HD" provider="T-Home" sid="1701" onid="100" tsid="7" />
    <channel service_ref="1:0:1:05df:0005:0064:0de80000:0:0:0:" name="Disney Channel" service_name="Disney Channel" provider="T-Home" sid="1503" onid="100" tsid="5" />
    <channel service_ref="1:0:1:04cc:0002:0064:0de80000:0:0:0:" name="Dorcel XXX" service_name="Dorcel XXX" provider="T-Home" sid="1228" onid="100" tsid="2" />
    <channel service_ref="1:0:1:00f3:0004:0064:0de80000:0:0:0:" name="Duna HD" service_name="Duna HD" provider="T-Home" sid="243" onid="100" tsid="4" />
    <channel service_ref="1:0:1:04b6:0002:0064:0de80000:0:0:0:" name="Duna Tv" service_name="Duna Tv" provider="T-Home" sid="1206" onid="100" tsid="2" />
    <channel service_ref="1:0:1:04c6:0002:0064:0de80000:0:0:0:" name="Duna World" service_name="Duna World" provider="T-Home" sid="1222" onid="100" tsid="2" />
    <channel service_ref="1:0:1:051c:0003:0064:0de80000:0:0:0:" name="Duna World HD" service_name="Duna World HD" provider="T-Home" sid="1308" onid="100" tsid="3" />
    <channel service_ref="1:0:1:0009:0065:0061:0de80000:0:0:0:" name="Eko TV" service_name="Eko TV" provider="SLM" sid="9" onid="97" tsid="101" />
    <channel service_ref="1:0:1:02cd:0008:0064:0de80000:0:0:0:" name="English Club" service_name="English Club" provider="T-Home" sid="717" onid="100" tsid="8" />
    <channel service_ref="1:0:1:064b:0006:0064:0de80000:0:0:0:" name="EPIC Drama" service_name="EPIC Drama" provider="T-Home" sid="1611" onid="100" tsid="6" />
    <channel service_ref="1:0:1:0123:0006:0064:0de80000:0:0:0:" name="EPIC DRAMA HD" service_name="EPIC DRAMA HD" provider="T-Home" sid="291" onid="100" tsid="6" />
    <channel service_ref="1:0:1:05e5:0005:0064:0de80000:0:0:0:" name="Euronews" service_name="Euronews" provider="T-Home" sid="1509" onid="100" tsid="5" />
    <channel service_ref="1:0:1:044d:0001:0064:0de80000:0:0:0:" name="Eurosport" service_name="Eurosport" provider="T-Home" sid="1101" onid="100" tsid="1" />
    <channel service_ref="1:0:1:02c6:0008:0064:0de80000:0:0:0:" name="Eurosport HD" service_name="Eurosport HD" provider="T-Home" sid="710" onid="100" tsid="8" />
    <channel service_ref="1:0:1:028f:0006:0064:0de80000:0:0:0:" name="Eurosport2" service_name="Eurosport2" provider="T-Home" sid="655" onid="100" tsid="6" />
    <channel service_ref="1:0:1:06ae:0007:0064:0de80000:0:0:0:" name="Eurosport2 HD" service_name="Eurosport2 HD" provider="T-Home" sid="1710" onid="100" tsid="7" />
    <channel service_ref="1:0:1:070d:0008:0064:0de80000:0:0:0:" name="EWTN" service_name="EWTN" provider="T-Home" sid="1805" onid="100" tsid="8" />
    <channel service_ref="1:0:1:05ed:0005:0064:0de80000:0:0:0:" name="FEM3" service_name="FEM3" provider="T-Home" sid="1517" onid="100" tsid="5" />
    <channel service_ref="1:0:1:05dd:0005:0064:0de80000:0:0:0:" name="Film Cafe" service_name="Film Cafe" provider="T-Home" sid="1501" onid="100" tsid="5" />
    <channel service_ref="1:0:1:0121:0006:0064:0de80000:0:0:0:" name="Film Mánia" service_name="Film Mánia" provider="T-Home" sid="289" onid="100" tsid="6" />
    <channel service_ref="1:0:1:000a:0001:0064:0de80000:0:0:0:" name="Film+" service_name="Film+" provider="T-Home" sid="10" onid="100" tsid="1" />
    <channel service_ref="1:0:1:057c:0004:0064:0de80000:0:0:0:" name="Film+ HD" service_name="Film+ HD" provider="T-Home" sid="1404" onid="100" tsid="4" />
    <channel service_ref="1:0:1:05f4:0005:0064:0de80000:0:0:0:" name="FILM4" service_name="FILM4" provider="T-Home" sid="1524" onid="100" tsid="5" />
    <channel service_ref="1:0:1:02ce:0008:0064:0de80000:0:0:0:" name="Filmbox" service_name="Filmbox" provider="T-Home" sid="718" onid="100" tsid="8" />
    <channel service_ref="1:0:1:06a9:0007:0064:0de80000:0:0:0:" name="Filmbox Extra HD" service_name="Filmbox Extra HD" provider="T-Home" sid="1705" onid="100" tsid="7" />
    <channel service_ref="1:0:1:020b:0003:0064:0de80000:0:0:0:" name="Filmbox Family" service_name="Filmbox Family" provider="T-Home" sid="523" onid="100" tsid="3" />
    <channel service_ref="1:0:1:020a:0003:0064:0de80000:0:0:0:" name="Filmbox Stars" service_name="Filmbox Stars" provider="T-Home" sid="522" onid="100" tsid="3" />
    <channel service_ref="1:0:1:000b:0001:0064:0de80000:0:0:0:" name="Fishing&amp;Hunting" service_name="Fishing&amp;Hunting" provider="T-Home" sid="11" onid="100" tsid="1" />
    <channel service_ref="1:0:1:070b:0008:0064:0de80000:0:0:0:" name="FIT HD" service_name="FIT HD" provider="T-Home" sid="1803" onid="100" tsid="8" />
    <channel service_ref="1:0:1:01d1:0001:0064:0de80000:0:0:0:" name="GALAXY4" service_name="GALAXY4" provider="T-Home" sid="465" onid="100" tsid="1" />
    <channel service_ref="1:0:25:0002:0002:002a:0de80000:0:0:0:" name="GALYCHYNA HD" service_name="GALYCHYNA HD" provider="Ukrkosmos" sid="2" onid="42" tsid="2" />
    <channel service_ref="1:0:1:0007:0066:0061:0de80000:0:0:0:" name="GENUINETV" service_name="GENUINETV" provider="SLM" sid="7" onid="97" tsid="102" />
    <channel service_ref="1:0:1:070c:0008:0064:0de80000:0:0:0:" name="Hatoscsatorna" service_name="Hatoscsatorna" provider="T-Home" sid="1804" onid="100" tsid="8" />
    <channel service_ref="1:0:1:0119:0006:0064:0de80000:0:0:0:" name="HBO" service_name="HBO" provider="T-Home" sid="281" onid="100" tsid="6" />
    <channel service_ref="1:0:1:070f:0008:0064:0de80000:0:0:0:" name="HBO HD" service_name="HBO HD" provider="T-Home" sid="1807" onid="100" tsid="8" />
    <channel service_ref="1:0:1:051f:0003:0064:0de80000:0:0:0:" name="HBO2" service_name="HBO2" provider="T-Home" sid="1311" onid="100" tsid="3" />
    <channel service_ref="1:0:1:02cc:0008:0064:0de80000:0:0:0:" name="HBO3" service_name="HBO3" provider="T-Home" sid="716" onid="100" tsid="8" />
    <channel service_ref="1:0:1:06a7:0007:0064:0de80000:0:0:0:" name="Heti Tv" service_name="Heti Tv" provider="T-Home" sid="1703" onid="100" tsid="7" />
    <channel service_ref="1:0:1:0002:0001:0001:0de82c28:0:0:0:" name="hirTV" service_name="hirTV" provider="hirTV / AH / HDT" sid="2" onid="1" tsid="1" />
    <channel service_ref="1:0:1:02c5:0008:0064:0de80000:0:0:0:" name="HISTORY" service_name="HISTORY" provider="T-Home" sid="709" onid="100" tsid="8" />
    <channel service_ref="1:0:1:02c7:0008:0064:0de80000:0:0:0:" name="HISTORY HD" service_name="HISTORY HD" provider="T-Home" sid="711" onid="100" tsid="8" />
    <channel service_ref="1:0:1:04b7:0002:0064:0de80000:0:0:0:" name="Hustler TV" service_name="Hustler TV" provider="T-Home" sid="1207" onid="100" tsid="2" />
    <channel service_ref="1:0:1:001e:0001:0064:0de80000:0:0:0:" name="Hír TV" service_name="Hír TV" provider="T-Home" sid="30" onid="100" tsid="1" />
    <channel service_ref="1:0:25:0002:0067:0061:0de80000:0:0:0:" name="ICTV HD" service_name="ICTV HD" provider="SLM" sid="2" onid="97" tsid="103" />
    <channel service_ref="1:0:1:0005:0065:0061:0de80000:0:0:0:" name="ICTV UA" service_name="ICTV UA" provider="SLM" sid="5" onid="97" tsid="101" />
    <channel service_ref="1:0:1:05ee:0005:0064:0de80000:0:0:0:" name="ID Investigation" service_name="ID Investigation" provider="T-Home" sid="1518" onid="100" tsid="5" />
    <channel service_ref="1:0:1:04bd:0002:0064:0de80000:0:0:0:" name="Izaura TV" service_name="Izaura TV" provider="T-Home" sid="1213" onid="100" tsid="2" />
    <channel service_ref="1:0:1:04c1:0002:0064:0de80000:0:0:0:" name="JimJam" service_name="JimJam" provider="T-Home" sid="1217" onid="100" tsid="2" />
    <channel service_ref="1:0:1:071a:0008:0064:0de80000:0:0:0:" name="Jocky TV" service_name="Jocky TV" provider="T-Home" sid="1818" onid="100" tsid="8" />
    <channel service_ref="1:0:1:0120:0006:0064:0de80000:0:0:0:" name="KIKA" service_name="KIKA" provider="T-Home" sid="288" onid="100" tsid="6" />
    <channel service_ref="1:0:1:001c:0001:0064:0de80000:0:0:0:" name="Life TV" service_name="Life TV" provider="T-Home" sid="28" onid="100" tsid="1" />
    <channel service_ref="1:0:1:04b9:0002:0064:0de80000:0:0:0:" name="M1" service_name="M1" provider="T-Home" sid="1209" onid="100" tsid="2" />
    <channel service_ref="1:0:25:0004:0067:0061:0de80000:0:0:0:" name="M1 HD" service_name="M1 HD" provider="SLM" sid="4" onid="97" tsid="103" />
    <channel service_ref="1:0:1:00cb:0003:0064:0de80000:0:0:0:" name="M1 HD" service_name="M1 HD" provider="T-Home" sid="203" onid="100" tsid="3" />
    <channel service_ref="1:0:1:0004:0001:0064:0de80000:0:0:0:" name="M2" service_name="M2" provider="T-Home" sid="4" onid="100" tsid="1" />
    <channel service_ref="1:0:25:0005:0067:0061:0de80000:0:0:0:" name="M2 HD" service_name="M2 HD" provider="SLM" sid="5" onid="97" tsid="103" />
    <channel service_ref="1:0:1:00cc:0003:0064:0de80000:0:0:0:" name="M2 HD" service_name="M2 HD" provider="T-Home" sid="204" onid="100" tsid="3" />
    <channel service_ref="1:0:1:05e6:0005:0064:0de80000:0:0:0:" name="M4 Sport" service_name="M4 Sport" provider="T-Home" sid="1510" onid="100" tsid="5" />
    <channel service_ref="1:0:1:057a:0004:0064:0de80000:0:0:0:" name="M4 Sport HD" service_name="M4 Sport HD" provider="T-Home" sid="1402" onid="100" tsid="4" />
    <channel service_ref="1:0:1:05ec:0005:0064:0de80000:0:0:0:" name="M5" service_name="M5" provider="T-Home" sid="1516" onid="100" tsid="5" />
    <channel service_ref="1:0:1:057b:0004:0064:0de80000:0:0:0:" name="M5 HD" service_name="M5 HD" provider="T-Home" sid="1403" onid="100" tsid="4" />
    <channel service_ref="1:0:1:000c:0002:002a:0de80000:0:0:0:" name="MALYATKO TV" service_name="MALYATKO TV" provider="Ukrkosmos" sid="12" onid="42" tsid="2" />
    <channel service_ref="1:0:1:04c0:0002:0064:0de80000:0:0:0:" name="Mediaset" service_name="Mediaset" provider="T-Home" sid="1216" onid="100" tsid="2" />
    <channel service_ref="1:0:1:0003:0065:0061:0de80000:0:0:0:" name="MILADY TELEVISION" service_name="MILADY TELEVISION" provider="SLM" sid="3" onid="97" tsid="101" />
    <channel service_ref="1:0:1:0122:0006:0064:0de80000:0:0:0:" name="Minimax" service_name="Minimax" provider="T-Home" sid="290" onid="100" tsid="6" />
    <channel service_ref="1:0:1:04c2:0002:0064:0de80000:0:0:0:" name="Mozi+" service_name="Mozi+" provider="T-Home" sid="1218" onid="100" tsid="2" />
    <channel service_ref="1:0:1:071b:0008:0064:0de80000:0:0:0:" name="Moziverzum" service_name="Moziverzum" provider="T-Home" sid="1819" onid="100" tsid="8" />
    <channel service_ref="1:0:1:05f2:0005:0064:0de80000:0:0:0:" name="MTV '00s" service_name="MTV '00s" provider="T-Home" sid="1522" onid="100" tsid="5" />
    <channel service_ref="1:0:1:02ca:0008:0064:0de80000:0:0:0:" name="MTV '90s" service_name="MTV '90s" provider="T-Home" sid="714" onid="100" tsid="8" />
    <channel service_ref="1:0:1:05de:0005:0064:0de80000:0:0:0:" name="MTV HITS" service_name="MTV HITS" provider="T-Home" sid="1502" onid="100" tsid="5" />
    <channel service_ref="1:0:1:046b:0001:0064:0de80000:0:0:0:" name="Muzsika Tv" service_name="Muzsika Tv" provider="T-Home" sid="1131" onid="100" tsid="1" />
    <channel service_ref="1:0:22:0002:0065:0061:0de80000:0:0:0:" name="NASH" service_name="NASH" provider="SLM" sid="2" onid="97" tsid="101" />
    <channel service_ref="1:0:1:05eb:0005:0064:0de80000:0:0:0:" name="Nat Geo Channel" service_name="Nat Geo Channel" provider="T-Home" sid="1515" onid="100" tsid="5" />
    <channel service_ref="1:0:1:05e0:0005:0064:0de80000:0:0:0:" name="Nat Geo HD" service_name="Nat Geo HD" provider="T-Home" sid="1504" onid="100" tsid="5" />
    <channel service_ref="1:0:1:05e1:0005:0064:0de80000:0:0:0:" name="Nat Geo Wild" service_name="Nat Geo Wild" provider="T-Home" sid="1505" onid="100" tsid="5" />
    <channel service_ref="1:0:1:06ab:0007:0064:0de80000:0:0:0:" name="Nat Geo Wild HD" service_name="Nat Geo Wild HD" provider="T-Home" sid="1707" onid="100" tsid="7" />
    <channel service_ref="1:0:1:0008:0065:0061:0de80000:0:0:0:" name="NEWS 24" service_name="NEWS 24" provider="SLM" sid="8" onid="97" tsid="101" />
    <channel service_ref="1:0:1:0125:0006:0064:0de80000:0:0:0:" name="Nick JR" service_name="Nick JR" provider="T-Home" sid="293" onid="100" tsid="6" />
    <channel service_ref="1:0:1:04b5:0002:0064:0de80000:0:0:0:" name="Nickelodeon" service_name="Nickelodeon" provider="T-Home" sid="1205" onid="100" tsid="2" />
    <channel service_ref="1:0:1:011d:0006:0064:0de80000:0:0:0:" name="Nicktoons" service_name="Nicktoons" provider="T-Home" sid="285" onid="100" tsid="6" />
    <channel service_ref="1:0:25:0003:0067:0061:0de80000:0:0:0:" name="NOVY CHANNEL HD" service_name="NOVY CHANNEL HD" provider="SLM" sid="3" onid="97" tsid="103" />
    <channel service_ref="1:0:25:0006:0067:0061:0de80000:0:0:0:" name="OCE HD" service_name="OCE HD" provider="SLM" sid="6" onid="97" tsid="103" />
    <channel service_ref="1:0:1:000b:0065:0061:0de80000:0:0:0:" name="Odesa Live" service_name="Odesa Live" provider="SLM" sid="11" onid="97" tsid="101" />
    <channel service_ref="1:0:1:04c8:0002:0064:0de80000:0:0:0:" name="ORF1" service_name="ORF1" provider="T-Home" sid="1224" onid="100" tsid="2" />
    <channel service_ref="1:0:1:001d:0001:0064:0de80000:0:0:0:" name="Ozone TV" service_name="Ozone TV" provider="T-Home" sid="29" onid="100" tsid="1" />
    <channel service_ref="1:0:1:05f5:0005:0064:0de80000:0:0:0:" name="Paramount Network" service_name="Paramount Network" provider="T-Home" sid="1525" onid="100" tsid="5" />
    <channel service_ref="1:0:1:06ac:0007:0064:0de80000:0:0:0:" name="Paramount Network HD" service_name="Paramount Network HD" provider="T-Home" sid="1708" onid="100" tsid="7" />
    <channel service_ref="1:0:1:04ba:0002:0064:0de80000:0:0:0:" name="Penthouse Gold" service_name="Penthouse Gold" provider="T-Home" sid="1210" onid="100" tsid="2" />
    <channel service_ref="1:0:1:0002:0066:0061:0de80000:0:0:0:" name="Pervy delovoy" service_name="Pervy delovoy" provider="SLM" sid="2" onid="97" tsid="102" />
    <channel service_ref="1:0:1:05e2:0005:0064:0de80000:0:0:0:" name="Pesti TV" service_name="Pesti TV" provider="T-Home" sid="1506" onid="100" tsid="5" />
    <channel service_ref="1:0:1:04b4:0002:0064:0de80000:0:0:0:" name="PRIME" service_name="PRIME" provider="T-Home" sid="1204" onid="100" tsid="2" />
    <channel service_ref="1:0:1:0009:0001:0064:0de80000:0:0:0:" name="Private TV" service_name="Private TV" provider="T-Home" sid="9" onid="100" tsid="1" />
    <channel service_ref="1:0:1:0004:0065:0061:0de80000:0:0:0:" name="PROVENCE" service_name="PROVENCE" provider="SLM" sid="4" onid="97" tsid="101" />
    <channel service_ref="1:0:1:0006:0066:0061:0de80000:0:0:0:" name="PRYAMIY HD" service_name="PRYAMIY HD" provider="SLM" sid="6" onid="97" tsid="102" />
    <channel service_ref="1:0:1:000a:0065:0061:0de80000:0:0:0:" name="PRYAMIY SD" service_name="PRYAMIY SD" provider="SLM" sid="10" onid="97" tsid="101" />
    <channel service_ref="1:0:25:0004:0002:002a:0de80000:0:0:0:" name="RADA HD" service_name="RADA HD" provider="Ukrkosmos" sid="4" onid="42" tsid="2" />
    <channel service_ref="1:0:1:0001:0001:ffff:0de83042:0:0:0:" name="Romania TV" service_name="Romania TV" provider="Romania TV" sid="1" onid="65535" tsid="1" />
    <channel service_ref="1:0:1:064d:0006:0064:0de80000:0:0:0:" name="RTL" service_name="RTL" provider="T-Home" sid="1613" onid="100" tsid="6" />
    <channel service_ref="1:0:1:000c:0001:0064:0de80000:0:0:0:" name="RTL GOLD" service_name="RTL GOLD" provider="T-Home" sid="12" onid="100" tsid="1" />
    <channel service_ref="1:0:1:00f4:0004:0064:0de80000:0:0:0:" name="RTL II HD" service_name="RTL II HD" provider="T-Home" sid="244" onid="100" tsid="4" />
    <channel service_ref="1:0:1:04b1:0002:0064:0de80000:0:0:0:" name="RTL Klub" service_name="RTL Klub" provider="T-Home" sid="1201" onid="100" tsid="2" />
    <channel service_ref="1:0:1:00ce:0003:0064:0de80000:0:0:0:" name="RTL Klub HD" service_name="RTL Klub HD" provider="T-Home" sid="206" onid="100" tsid="3" />
    <channel service_ref="1:0:1:000e:0001:0064:0de80000:0:0:0:" name="RTL+" service_name="RTL+" provider="T-Home" sid="14" onid="100" tsid="1" />
    <channel service_ref="1:0:1:028d:0006:0064:0de80000:0:0:0:" name="RTR Planeta" service_name="RTR Planeta" provider="T-Home" sid="653" onid="100" tsid="6" />
    <channel service_ref="1:0:1:0001:0001:ffff:0de8306b:0:0:0:" name="RTV-DSNG-2" service_name="RTV-DSNG-2" provider="RTV DSNG" sid="1" onid="65535" tsid="1" />
    <channel service_ref="1:0:1:064c:0006:0064:0de80000:0:0:0:" name="SAT1" service_name="SAT1" provider="T-Home" sid="1612" onid="100" tsid="6" />
    <channel service_ref="1:0:1:05f6:0005:0064:0de80000:0:0:0:" name="Sláger Tv" service_name="Sláger Tv" provider="T-Home" sid="1526" onid="100" tsid="5" />
    <channel service_ref="1:0:1:02cb:0008:0064:0de80000:0:0:0:" name="Sony Max" service_name="Sony Max" provider="T-Home" sid="715" onid="100" tsid="8" />
    <channel service_ref="1:0:1:02c9:0008:0064:0de80000:0:0:0:" name="Sony Movie Channel" service_name="Sony Movie Channel" provider="T-Home" sid="713" onid="100" tsid="8" />
    <channel service_ref="1:0:1:000f:0001:0064:0de80000:0:0:0:" name="Sorozat+" service_name="Sorozat+" provider="T-Home" sid="15" onid="100" tsid="1" />
    <channel service_ref="1:0:1:04be:0002:0064:0de80000:0:0:0:" name="Spektrum" service_name="Spektrum" provider="T-Home" sid="1214" onid="100" tsid="2" />
    <channel service_ref="1:0:1:057e:0004:0064:0de80000:0:0:0:" name="Spektrum HD" service_name="Spektrum HD" provider="T-Home" sid="1406" onid="100" tsid="4" />
    <channel service_ref="1:0:1:0005:0001:0064:0de80000:0:0:0:" name="Spektrum Home" service_name="Spektrum Home" provider="T-Home" sid="5" onid="100" tsid="1" />
    <channel service_ref="1:0:1:05e3:0005:0064:0de80000:0:0:0:" name="Sport1" service_name="Sport1" provider="T-Home" sid="1507" onid="100" tsid="5" />
    <channel service_ref="1:0:1:00cf:0003:0064:0de80000:0:0:0:" name="Sport1 HD" service_name="Sport1 HD" provider="T-Home" sid="207" onid="100" tsid="3" />
    <channel service_ref="1:0:1:05e4:0005:0064:0de80000:0:0:0:" name="Sport2" service_name="Sport2" provider="T-Home" sid="1508" onid="100" tsid="5" />
    <channel service_ref="1:0:1:057d:0004:0064:0de80000:0:0:0:" name="Sport2 HD" service_name="Sport2 HD" provider="T-Home" sid="1405" onid="100" tsid="4" />
    <channel service_ref="1:0:1:06a6:0007:0064:0de80000:0:0:0:" name="Spíler1 HD" service_name="Spíler1 HD" provider="T-Home" sid="1702" onid="100" tsid="7" />
    <channel service_ref="1:0:1:01c9:0001:0064:0de80000:0:0:0:" name="Spíler1 TV" service_name="Spíler1 TV" provider="T-Home" sid="457" onid="100" tsid="1" />
    <channel service_ref="1:0:1:00f5:0004:0064:0de80000:0:0:0:" name="Spíler2 HD" service_name="Spíler2 HD" provider="T-Home" sid="245" onid="100" tsid="4" />
    <channel service_ref="1:0:1:05f3:0005:0064:0de80000:0:0:0:" name="Spíler2 TV" service_name="Spíler2 TV" provider="T-Home" sid="1523" onid="100" tsid="5" />
    <channel service_ref="1:0:25:0001:0067:0061:0de80000:0:0:0:" name="STB HD" service_name="STB HD" provider="SLM" sid="1" onid="97" tsid="103" />
    <channel service_ref="1:0:1:045a:0001:0064:0de80000:0:0:0:" name="STORY4" service_name="STORY4" provider="T-Home" sid="1114" onid="100" tsid="1" />
    <channel service_ref="1:0:1:028b:0006:0064:0de80000:0:0:0:" name="Stringray Classica" service_name="Stringray Classica" provider="T-Home" sid="651" onid="100" tsid="6" />
    <channel service_ref="1:0:1:00cd:0003:0064:0de80000:0:0:0:" name="STV2 HD" service_name="STV2 HD" provider="T-Home" sid="205" onid="100" tsid="3" />
    <channel service_ref="1:0:1:04b8:0002:0064:0de80000:0:0:0:" name="Super TV2" service_name="Super TV2" provider="T-Home" sid="1208" onid="100" tsid="2" />
    <channel service_ref="1:0:1:000b:0002:002a:0de80000:0:0:0:" name="Televsesvit" service_name="Televsesvit" provider="Ukrkosmos" sid="11" onid="42" tsid="2" />
    <channel service_ref="1:0:1:0001:0066:0061:0de80000:0:0:0:" name="TEST" service_name="TEST" provider="SLM" sid="1" onid="97" tsid="102" />
    <channel service_ref="1:0:1:0001:0001:002a:0de80000:0:0:0:" name="TEST1" service_name="TEST1" provider="Ukrkosmos" sid="1" onid="42" tsid="1" />
    <channel service_ref="1:0:1:0002:0001:002a:0de80000:0:0:0:" name="TEST2" service_name="TEST2" provider="Ukrkosmos" sid="2" onid="42" tsid="1" />
    <channel service_ref="1:0:1:000d:0066:0061:0de80000:0:0:0:" name="TEST2" service_name="TEST2" provider="SLM" sid="13" onid="97" tsid="102" />
    <channel service_ref="1:0:1:0003:0001:002a:0de80000:0:0:0:" name="TEST3" service_name="TEST3" provider="Ukrkosmos" sid="3" onid="42" tsid="1" />
    <channel service_ref="1:0:1:0004:0001:002a:0de80000:0:0:0:" name="TEST4" service_name="TEST4" provider="Ukrkosmos" sid="4" onid="42" tsid="1" />
    <channel service_ref="1:0:1:0005:0001:002a:0de80000:0:0:0:" name="TEST5" service_name="TEST5" provider="Ukrkosmos" sid="5" onid="42" tsid="1" />
    <channel service_ref="1:0:1:02c4:0008:0064:0de80000:0:0:0:" name="Teszt H" service_name="Teszt H" provider="T-Home" sid="708" onid="100" tsid="8" />
    <channel service_ref="1:0:1:04bc:0002:0064:0de80000:0:0:0:" name="Teszt V" service_name="Teszt V" provider="T-Home" sid="1212" onid="100" tsid="2" />
    <channel service_ref="1:0:25:0001:0066:ff22:0de82c56:0:0:0:" name="Tippmix élő 1" service_name="Tippmix élő 1" provider="HDT" sid="1" onid="65314" tsid="102" />
    <channel service_ref="1:0:25:0002:0066:ff22:0de82c56:0:0:0:" name="Tippmix élő 2" service_name="Tippmix élő 2" provider="HDT" sid="2" onid="65314" tsid="102" />
    <channel service_ref="1:0:25:0003:0066:ff22:0de82c56:0:0:0:" name="Tippmix élő 3" service_name="Tippmix élő 3" provider="HDT" sid="3" onid="65314" tsid="102" />
    <channel service_ref="1:0:25:0004:0066:ff22:0de82c56:0:0:0:" name="Tippmix élő 4" service_name="Tippmix élő 4" provider="HDT" sid="4" onid="65314" tsid="102" />
    <channel service_ref="1:0:25:0005:0066:ff22:0de82c56:0:0:0:" name="Tippmix élő 5" service_name="Tippmix élő 5" provider="HDT" sid="5" onid="65314" tsid="102" />
    <channel service_ref="1:0:25:0006:0066:ff22:0de82c56:0:0:0:" name="Tippmix élő 6" service_name="Tippmix élő 6" provider="HDT" sid="6" onid="65314" tsid="102" />
    <channel service_ref="1:0:25:0007:0066:ff22:0de82c56:0:0:0:" name="Tippmix élő 7" service_name="Tippmix élő 7" provider="HDT" sid="7" onid="65314" tsid="102" />
    <channel service_ref="1:0:1:064e:0006:0064:0de80000:0:0:0:" name="TLC" service_name="TLC" provider="T-Home" sid="1614" onid="100" tsid="6" />
    <channel service_ref="1:0:1:04ca:0002:0064:0de80000:0:0:0:" name="Travel Channel" service_name="Travel Channel" provider="T-Home" sid="1226" onid="100" tsid="2" />
    <channel service_ref="1:0:1:02c8:0008:0064:0de80000:0:0:0:" name="Travel HD" service_name="Travel HD" provider="T-Home" sid="712" onid="100" tsid="8" />
    <channel service_ref="1:0:1:0006:0001:0064:0de80000:0:0:0:" name="TV Paprika" service_name="TV Paprika" provider="T-Home" sid="6" onid="100" tsid="1" />
    <channel service_ref="1:0:1:04b2:0002:0064:0de80000:0:0:0:" name="TV2" service_name="TV2" provider="T-Home" sid="1202" onid="100" tsid="2" />
    <channel service_ref="1:0:1:04bb:0002:0064:0de80000:0:0:0:" name="TV2 Comedy" service_name="TV2 Comedy" provider="T-Home" sid="1211" onid="100" tsid="2" />
    <channel service_ref="1:0:1:00f7:0004:0064:0de80000:0:0:0:" name="TV2 HD" service_name="TV2 HD" provider="T-Home" sid="247" onid="100" tsid="4" />
    <channel service_ref="1:0:1:011f:0006:0064:0de80000:0:0:0:" name="TV2 Kids" service_name="TV2 Kids" provider="T-Home" sid="287" onid="100" tsid="6" />
    <channel service_ref="1:0:1:011c:0006:0064:0de80000:0:0:0:" name="TV2 Sef" service_name="TV2 Sef" provider="T-Home" sid="284" onid="100" tsid="6" />
    <channel service_ref="1:0:1:045c:0001:0064:0de80000:0:0:0:" name="TV4" service_name="TV4" provider="T-Home" sid="1116" onid="100" tsid="1" />
    <channel service_ref="1:0:1:011e:0006:0064:0de80000:0:0:0:" name="TV5 Monde" service_name="TV5 Monde" provider="T-Home" sid="286" onid="100" tsid="6" />
    <channel service_ref="1:0:1:028e:0006:0064:0de80000:0:0:0:" name="TVE" service_name="TVE" provider="T-Home" sid="654" onid="100" tsid="6" />
    <channel service_ref="1:0:1:000e:0065:0061:0de80000:0:0:0:" name="UA KRYM" service_name="UA KRYM" provider="SLM" sid="14" onid="97" tsid="101" />
    <channel service_ref="1:0:1:0009:0066:0061:0de80000:0:0:0:" name="UA KULTURA" service_name="UA KULTURA" provider="SLM" sid="9" onid="97" tsid="102" />
    <channel service_ref="1:0:1:000d:0065:0061:0de80000:0:0:0:" name="UA PERSHYI" service_name="UA PERSHYI" provider="SLM" sid="13" onid="97" tsid="101" />
    <channel service_ref="1:0:1:0003:0066:0061:0de80000:0:0:0:" name="UA ZAKARPATTIA" service_name="UA ZAKARPATTIA" provider="SLM" sid="3" onid="97" tsid="102" />
    <channel service_ref="1:0:1:04bf:0002:0064:0de80000:0:0:0:" name="Viasat Explore" service_name="Viasat Explore" provider="T-Home" sid="1215" onid="100" tsid="2" />
    <channel service_ref="1:0:1:02cf:0008:0064:0de80000:0:0:0:" name="Viasat History" service_name="Viasat History" provider="T-Home" sid="719" onid="100" tsid="8" />
    <channel service_ref="1:0:1:065a:0006:0064:0de80000:0:0:0:" name="Viasat Nature" service_name="Viasat Nature" provider="T-Home" sid="1626" onid="100" tsid="6" />
    <channel service_ref="1:0:1:04b3:0002:0064:0de80000:0:0:0:" name="VIASAT3" service_name="VIASAT3" provider="T-Home" sid="1203" onid="100" tsid="2" />
    <channel service_ref="1:0:1:06af:0007:0064:0de80000:0:0:0:" name="VIASAT3 HD" service_name="VIASAT3 HD" provider="T-Home" sid="1711" onid="100" tsid="7" />
    <channel service_ref="1:0:1:05ef:0005:0064:0de80000:0:0:0:" name="VIASAT6" service_name="VIASAT6" provider="T-Home" sid="1519" onid="100" tsid="5" />
    <channel service_ref="1:0:1:064a:0006:0064:0de80000:0:0:0:" name="VIVID" service_name="VIVID" provider="T-Home" sid="1610" onid="100" tsid="6" />
    <channel service_ref="1:0:1:0005:0002:002a:0de80000:0:0:0:" name="World Revival Mission" service_name="World Revival Mission" provider="Ukrkosmos" sid="5" onid="42" tsid="2" />
    <channel service_ref="1:0:1:064f:0006:0064:0de80000:0:0:0:" name="ZDF" service_name="ZDF" provider="T-Home" sid="1615" onid="100" tsid="6" />
    <channel service_ref="1:0:1:05f1:0005:0064:0de80000:0:0:0:" name="Zenebutik" service_name="Zenebutik" provider="T-Home" sid="1521" onid="100" tsid="5" />
  </bouquet>
  <bouquet name="Movies" category="tv">
    <channel service_ref="1:0:1:00d1:0003:0064:0de80000:0:0:0:" name="Cinemax" service_name="Cinemax" provider="T-Home" sid="209" onid="100" tsid="3" />
    <channel service_ref="1:0:1:051a:0003:0064:0de80000:0:0:0:" name="Cinemax 2" service_name="Cinemax 2" provider="T-Home" sid="1306" onid="100" tsid="3" />
    <channel service_ref="1:0:1:05dd:0005:0064:0de80000:0:0:0:" name="Film Cafe" service_name="Film Cafe" provider="T-Home" sid="1501" onid="100" tsid="5" />
    <channel service_ref="1:0:1:0121:0006:0064:0de80000:0:0:0:" name="Film Mánia" service_name="Film Mánia" provider="T-Home" sid="289" onid="100" tsid="6" />
    <channel service_ref="1:0:1:000a:0001:0064:0de80000:0:0:0:" name="Film+" service_name="Film+" provider="T-Home" sid="10" onid="100" tsid="1" />
    <channel service_ref="1:0:1:057c:0004:0064:0de80000:0:0:0:" name="Film+ HD" service_name="Film+ HD" provider="T-Home" sid="1404" onid="100" tsid="4" />
    <channel service_ref="1:0:1:05f4:0005:0064:0de80000:0:0:0:" name="FILM4" service_name="FILM4" provider="T-Home" sid="1524" onid="100" tsid="5" />
    <channel service_ref="1:0:1:02ce:0008:0064:0de80000:0:0:0:" name="Filmbox" service_name="Filmbox" provider="T-Home" sid="718" onid="100" tsid="8" />
    <channel service_ref="1:0:1:06a9:0007:0064:0de80000:0:0:0:" name="Filmbox Extra HD" service_name="Filmbox Extra HD" provider="T-Home" sid="1705" onid="100" tsid="7" />
    <channel service_ref="1:0:1:020b:0003:0064:0de80000:0:0:0:" name="Filmbox Family" service_name="Filmbox Family" provider="T-Home" sid="523" onid="100" tsid="3" />
    <channel service_ref="1:0:1:020a:0003:0064:0de80000:0:0:0:" name="Filmbox Stars" service_name="Filmbox Stars" provider="T-Home" sid="522" onid="100" tsid="3" />
    <channel service_ref="1:0:1:02c9:0008:0064:0de80000:0:0:0:" name="Sony Movie Channel" service_name="Sony Movie Channel" provider="T-Home" sid="713" onid="100" tsid="8" />
  </bouquet>
  <bouquet name="Series" category="tv">
    <channel service_ref="1:0:1:064b:0006:0064:0de80000:0:0:0:" name="EPIC Drama" service_name="EPIC Drama" provider="T-Home" sid="1611" onid="100" tsid="6" />
    <channel service_ref="1:0:1:0123:0006:0064:0de80000:0:0:0:" name="EPIC DRAMA HD" service_name="EPIC DRAMA HD" provider="T-Home" sid="291" onid="100" tsid="6" />
  </bouquet>
  <bouquet name="News" category="tv">
    <channel service_ref="1:0:1:05e5:0005:0064:0de80000:0:0:0:" name="Euronews" service_name="Euronews" provider="T-Home" sid="1509" onid="100" tsid="5" />
    <channel service_ref="1:0:1:0008:0065:0061:0de80000:0:0:0:" name="NEWS 24" service_name="NEWS 24" provider="SLM" sid="8" onid="97" tsid="101" />
  </bouquet>
  <bouquet name="Sports" category="tv">
    <channel service_ref="1:0:1:044d:0001:0064:0de80000:0:0:0:" name="Eurosport" service_name="Eurosport" provider="T-Home" sid="1101" onid="100" tsid="1" />
    <channel service_ref="1:0:1:02c6:0008:0064:0de80000:0:0:0:" name="Eurosport HD" service_name="Eurosport HD" provider="T-Home" sid="710" onid="100" tsid="8" />
    <channel service_ref="1:0:1:028f:0006:0064:0de80000:0:0:0:" name="Eurosport2" service_name="Eurosport2" provider="T-Home" sid="655" onid="100" tsid="6" />
    <channel service_ref="1:0:1:06ae:0007:0064:0de80000:0:0:0:" name="Eurosport2 HD" service_name="Eurosport2 HD" provider="T-Home" sid="1710" onid="100" tsid="7" />
    <channel service_ref="1:0:1:05e6:0005:0064:0de80000:0:0:0:" name="M4 Sport" service_name="M4 Sport" provider="T-Home" sid="1510" onid="100" tsid="5" />
    <channel service_ref="1:0:1:057a:0004:0064:0de80000:0:0:0:" name="M4 Sport HD" service_name="M4 Sport HD" provider="T-Home" sid="1402" onid="100" tsid="4" />
    <channel service_ref="1:0:1:05e3:0005:0064:0de80000:0:0:0:" name="Sport1" service_name="Sport1" provider="T-Home" sid="1507" onid="100" tsid="5" />
    <channel service_ref="1:0:1:00cf:0003:0064:0de80000:0:0:0:" name="Sport1 HD" service_name="Sport1 HD" provider="T-Home" sid="207" onid="100" tsid="3" />
    <channel service_ref="1:0:1:05e4:0005:0064:0de80000:0:0:0:" name="Sport2" service_name="Sport2" provider="T-Home" sid="1508" onid="100" tsid="5" />
    <channel service_ref="1:0:1:057d:0004:0064:0de80000:0:0:0:" name="Sport2 HD" service_name="Sport2 HD" provider="T-Home" sid="1405" onid="100" tsid="4" />
  </bouquet>
  <bouquet name="Kids" category="tv">
    <channel service_ref="1:0:1:011b:0006:0064:0de80000:0:0:0:" name="Boomerang" service_name="Boomerang" provider="T-Home" sid="283" onid="100" tsid="6" />
    <channel service_ref="1:0:1:05f8:0005:0064:0de80000:0:0:0:" name="Cartoon Network" service_name="Cartoon Network" provider="T-Home" sid="1528" onid="100" tsid="5" />
    <channel service_ref="1:0:1:05df:0005:0064:0de80000:0:0:0:" name="Disney Channel" service_name="Disney Channel" provider="T-Home" sid="1503" onid="100" tsid="5" />
    <channel service_ref="1:0:1:04b5:0002:0064:0de80000:0:0:0:" name="Nickelodeon" service_name="Nickelodeon" provider="T-Home" sid="1205" onid="100" tsid="2" />
    <channel service_ref="1:0:1:011f:0006:0064:0de80000:0:0:0:" name="TV2 Kids" service_name="TV2 Kids" provider="T-Home" sid="287" onid="100" tsid="6" />
  </bouquet>
  <bouquet name="Music" category="tv">
    <channel service_ref="1:0:1:05f2:0005:0064:0de80000:0:0:0:" name="MTV '00s" service_name="MTV '00s" provider="T-Home" sid="1522" onid="100" tsid="5" />
    <channel service_ref="1:0:1:02ca:0008:0064:0de80000:0:0:0:" name="MTV '90s" service_name="MTV '90s" provider="T-Home" sid="714" onid="100" tsid="8" />
    <channel service_ref="1:0:1:05de:0005:0064:0de80000:0:0:0:" name="MTV HITS" service_name="MTV HITS" provider="T-Home" sid="1502" onid="100" tsid="5" />
    <channel service_ref="1:0:1:0005:0002:002a:0de80000:0:0:0:" name="World Revival Mission" service_name="World Revival Mission" provider="Ukrkosmos" sid="5" onid="42" tsid="2" />
  </bouquet>
  <bouquet name="Documentary" category="tv">
    <channel service_ref="1:0:1:05ea:0005:0064:0de80000:0:0:0:" name="Animal Planet" service_name="Animal Planet" provider="T-Home" sid="1514" onid="100" tsid="5" />
    <channel service_ref="1:0:1:06a8:0007:0064:0de80000:0:0:0:" name="Animal Planet HD" service_name="Animal Planet HD" provider="T-Home" sid="1704" onid="100" tsid="7" />
    <channel service_ref="1:0:1:02c5:0008:0064:0de80000:0:0:0:" name="HISTORY" service_name="HISTORY" provider="T-Home" sid="709" onid="100" tsid="8" />
    <channel service_ref="1:0:1:02c7:0008:0064:0de80000:0:0:0:" name="HISTORY HD" service_name="HISTORY HD" provider="T-Home" sid="711" onid="100" tsid="8" />
    <channel service_ref="1:0:1:05eb:0005:0064:0de80000:0:0:0:" name="Nat Geo Channel" service_name="Nat Geo Channel" provider="T-Home" sid="1515" onid="100" tsid="5" />
    <channel service_ref="1:0:1:05e0:0005:0064:0de80000:0:0:0:" name="Nat Geo HD" service_name="Nat Geo HD" provider="T-Home" sid="1504" onid="100" tsid="5" />
    <channel service_ref="1:0:1:05e1:0005:0064:0de80000:0:0:0:" name="Nat Geo Wild" service_name="Nat Geo Wild" provider="T-Home" sid="1505" onid="100" tsid="5" />
    <channel service_ref="1:0:1:06ab:0007:0064:0de80000:0:0:0:" name="Nat Geo Wild HD" service_name="Nat Geo Wild HD" provider="T-Home" sid="1707" onid="100" tsid="7" />
    <channel service_ref="1:0:1:028d:0006:0064:0de80000:0:0:0:" name="RTR Planeta" service_name="RTR Planeta" provider="T-Home" sid="653" onid="100" tsid="6" />
    <channel service_ref="1:0:1:02cf:0008:0064:0de80000:0:0:0:" name="Viasat History" service_name="Viasat History" provider="T-Home" sid="719" onid="100" tsid="8" />
  </bouquet>
  <bouquet name="RTL" category="tv">
    <channel service_ref="1:0:1:064d:0006:0064:0de80000:0:0:0:" name="RTL" service_name="RTL" provider="T-Home" sid="1613" onid="100" tsid="6" />
    <channel service_ref="1:0:1:000c:0001:0064:0de80000:0:0:0:" name="RTL GOLD" service_name="RTL GOLD" provider="T-Home" sid="12" onid="100" tsid="1" />
    <channel service_ref="1:0:1:00f4:0004:0064:0de80000:0:0:0:" name="RTL II HD" service_name="RTL II HD" provider="T-Home" sid="244" onid="100" tsid="4" />
    <channel service_ref="1:0:1:04b1:0002:0064:0de80000:0:0:0:" name="RTL Klub" service_name="RTL Klub" provider="T-Home" sid="1201" onid="100" tsid="2" />
    <channel service_ref="1:0:1:00ce:0003:0064:0de80000:0:0:0:" name="RTL Klub HD" service_name="RTL Klub HD" provider="T-Home" sid="206" onid="100" tsid="3" />
    <channel service_ref="1:0:1:000e:0001:0064:0de80000:0:0:0:" name="RTL+" service_name="RTL+" provider="T-Home" sid="14" onid="100" tsid="1" />
  </bouquet>
  <bouquet name="ARD/ZDF" category="tv">
    <channel service_ref="1:0:1:064f:0006:0064:0de80000:0:0:0:" name="ZDF" service_name="ZDF" provider="T-Home" sid="1615" onid="100" tsid="6" />
  </bouquet>
  <bouquet name="ORF" category="tv">
    <channel service_ref="1:0:1:04c8:0002:0064:0de80000:0:0:0:" name="ORF1" service_name="ORF1" provider="T-Home" sid="1224" onid="100" tsid="2" />
  </bouquet>
  <bouquet name="BBC" category="tv">
    <channel service_ref="1:0:1:05e7:0005:0064:0de80000:0:0:0:" name="BBC Earth" service_name="BBC Earth" provider="T-Home" sid="1511" onid="100" tsid="5" />
    <channel service_ref="1:0:1:06aa:0007:0064:0de80000:0:0:0:" name="BBC Earth HD" service_name="BBC Earth HD" provider="T-Home" sid="1706" onid="100" tsid="7" />
  </bouquet>
  <bouquet name="RAI" category="tv">
    <channel service_ref="1:0:1:0006:0065:0061:0de80000:0:0:0:" name="4 kanal Ukraine" service_name="4 kanal Ukraine" provider="SLM" sid="6" onid="97" tsid="101" />
  </bouquet>
  <bouquet name="Austria" category="tv">
    <channel service_ref="1:0:1:051e:0003:0064:0de80000:0:0:0:" name="ATV HD" service_name="ATV HD" provider="T-Home" sid="1310" onid="100" tsid="3" />
    <channel service_ref="1:0:1:01c6:0001:0064:0de80000:0:0:0:" name="ATV Spirit" service_name="ATV Spirit" provider="T-Home" sid="454" onid="100" tsid="1" />
    <channel service_ref="1:0:1:0004:0066:0061:0de80000:0:0:0:" name="Blackseatv" service_name="Blackseatv" provider="SLM" sid="4" onid="97" tsid="102" />
  </bouquet>
  <bouquet name="Switzerland" category="tv">
    <channel service_ref="1:0:1:01d4:0001:0064:0de80000:0:0:0:" name="10722V SID 0x468" service_name="10722V SID 0x468" provider="DVB-S2 8PSK 10722V 356.0Â°E" sid="468" onid="100" tsid="1" />
    <channel service_ref="1:0:1:0001:0065:0061:0de80000:0:0:0:" name="Channel 5 SD" service_name="Channel 5 SD" provider="SLM" sid="1" onid="97" tsid="101" />
    <channel service_ref="1:0:1:05ed:0005:0064:0de80000:0:0:0:" name="FEM3" service_name="FEM3" provider="T-Home" sid="1517" onid="100" tsid="5" />
    <channel service_ref="1:0:1:02cc:0008:0064:0de80000:0:0:0:" name="HBO3" service_name="HBO3" provider="T-Home" sid="716" onid="100" tsid="8" />
    <channel service_ref="1:0:1:05ec:0005:0064:0de80000:0:0:0:" name="M5" service_name="M5" provider="T-Home" sid="1516" onid="100" tsid="5" />
    <channel service_ref="1:0:1:057b:0004:0064:0de80000:0:0:0:" name="M5 HD" service_name="M5 HD" provider="T-Home" sid="1403" onid="100" tsid="4" />
    <channel service_ref="1:0:1:0003:0065:0061:0de80000:0:0:0:" name="MILADY TELEVISION" service_name="MILADY TELEVISION" provider="SLM" sid="3" onid="97" tsid="101" />
    <channel service_ref="1:0:1:000b:0002:002a:0de80000:0:0:0:" name="Televsesvit" service_name="Televsesvit" provider="Ukrkosmos" sid="11" onid="42" tsid="2" />
    <channel service_ref="1:0:1:0003:0001:002a:0de80000:0:0:0:" name="TEST3" service_name="TEST3" provider="Ukrkosmos" sid="3" onid="42" tsid="1" />
    <channel service_ref="1:0:1:0005:0001:002a:0de80000:0:0:0:" name="TEST5" service_name="TEST5" provider="Ukrkosmos" sid="5" onid="42" tsid="1" />
    <channel service_ref="1:0:25:0003:0066:ff22:0de82c56:0:0:0:" name="Tippmix élő 3" service_name="Tippmix élő 3" provider="HDT" sid="3" onid="65314" tsid="102" />
    <channel service_ref="1:0:25:0005:0066:ff22:0de82c56:0:0:0:" name="Tippmix élő 5" service_name="Tippmix élő 5" provider="HDT" sid="5" onid="65314" tsid="102" />
    <channel service_ref="1:0:1:011e:0006:0064:0de80000:0:0:0:" name="TV5 Monde" service_name="TV5 Monde" provider="T-Home" sid="286" onid="100" tsid="6" />
    <channel service_ref="1:0:1:04b3:0002:0064:0de80000:0:0:0:" name="VIASAT3" service_name="VIASAT3" provider="T-Home" sid="1203" onid="100" tsid="2" />
    <channel service_ref="1:0:1:06af:0007:0064:0de80000:0:0:0:" name="VIASAT3 HD" service_name="VIASAT3 HD" provider="T-Home" sid="1711" onid="100" tsid="7" />
  </bouquet>
  <bouquet name="Spain" category="tv">
    <channel service_ref="1:0:1:028e:0006:0064:0de80000:0:0:0:" name="TVE" service_name="TVE" provider="T-Home" sid="654" onid="100" tsid="6" />
  </bouquet>
  <bouquet name="Italy" category="tv">
    <channel service_ref="1:0:1:04c0:0002:0064:0de80000:0:0:0:" name="Mediaset" service_name="Mediaset" provider="T-Home" sid="1216" onid="100" tsid="2" />
  </bouquet>
  <bouquet name="Resolution - HD" category="tv">
    <channel service_ref="1:0:25:0003:0002:002a:0de80000:0:0:0:" name="1ZAHID HD" service_name="1ZAHID HD" provider="Ukrkosmos" sid="3" onid="42" tsid="2" />
    <channel service_ref="1:0:1:06ad:0007:0064:0de80000:0:0:0:" name="AMC HD" service_name="AMC HD" provider="T-Home" sid="1709" onid="100" tsid="7" />
    <channel service_ref="1:0:1:06a8:0007:0064:0de80000:0:0:0:" name="Animal Planet HD" service_name="Animal Planet HD" provider="T-Home" sid="1704" onid="100" tsid="7" />
    <channel service_ref="1:0:1:051e:0003:0064:0de80000:0:0:0:" name="ATV HD" service_name="ATV HD" provider="T-Home" sid="1310" onid="100" tsid="3" />
    <channel service_ref="1:0:1:051b:0003:0064:0de80000:0:0:0:" name="AXN HD" service_name="AXN HD" provider="T-Home" sid="1307" onid="100" tsid="3" />
    <channel service_ref="1:0:1:06aa:0007:0064:0de80000:0:0:0:" name="BBC Earth HD" service_name="BBC Earth HD" provider="T-Home" sid="1706" onid="100" tsid="7" />
    <channel service_ref="1:0:1:071c:0008:0064:0de80000:0:0:0:" name="Comedy Central HD" service_name="Comedy Central HD" provider="T-Home" sid="1820" onid="100" tsid="8" />
    <channel service_ref="1:0:1:057f:0004:0064:0de80000:0:0:0:" name="Cool HD" service_name="Cool HD" provider="T-Home" sid="1407" onid="100" tsid="4" />
    <channel service_ref="1:0:1:06a5:0007:0064:0de80000:0:0:0:" name="Discovery Channel HD" service_name="Discovery Channel HD" provider="T-Home" sid="1701" onid="100" tsid="7" />
    <channel service_ref="1:0:1:00f3:0004:0064:0de80000:0:0:0:" name="Duna HD" service_name="Duna HD" provider="T-Home" sid="243" onid="100" tsid="4" />
    <channel service_ref="1:0:1:051c:0003:0064:0de80000:0:0:0:" name="Duna World HD" service_name="Duna World HD" provider="T-Home" sid="1308" onid="100" tsid="3" />
    <channel service_ref="1:0:1:0123:0006:0064:0de80000:0:0:0:" name="EPIC DRAMA HD" service_name="EPIC DRAMA HD" provider="T-Home" sid="291" onid="100" tsid="6" />
    <channel service_ref="1:0:1:02c6:0008:0064:0de80000:0:0:0:" name="Eurosport HD" service_name="Eurosport HD" provider="T-Home" sid="710" onid="100" tsid="8" />
    <channel service_ref="1:0:1:06ae:0007:0064:0de80000:0:0:0:" name="Eurosport2 HD" service_name="Eurosport2 HD" provider="T-Home" sid="1710" onid="100" tsid="7" />
    <channel service_ref="1:0:1:057c:0004:0064:0de80000:0:0:0:" name="Film+ HD" service_name="Film+ HD" provider="T-Home" sid="1404" onid="100" tsid="4" />
    <channel service_ref="1:0:1:06a9:0007:0064:0de80000:0:0:0:" name="Filmbox Extra HD" service_name="Filmbox Extra HD" provider="T-Home" sid="1705" onid="100" tsid="7" />
    <channel service_ref="1:0:1:070b:0008:0064:0de80000:0:0:0:" name="FIT HD" service_name="FIT HD" provider="T-Home" sid="1803" onid="100" tsid="8" />
    <channel service_ref="1:0:25:0002:0002:002a:0de80000:0:0:0:" name="GALYCHYNA HD" service_name="GALYCHYNA HD" provider="Ukrkosmos" sid="2" onid="42" tsid="2" />
    <channel service_ref="1:0:1:070f:0008:0064:0de80000:0:0:0:" name="HBO HD" service_name="HBO HD" provider="T-Home" sid="1807" onid="100" tsid="8" />
    <channel service_ref="1:0:1:02c7:0008:0064:0de80000:0:0:0:" name="HISTORY HD" service_name="HISTORY HD" provider="T-Home" sid="711" onid="100" tsid="8" />
    <channel service_ref="1:0:25:0002:0067:0061:0de80000:0:0:0:" name="ICTV HD" service_name="ICTV HD" provider="SLM" sid="2" onid="97" tsid="103" />
    <channel service_ref="1:0:25:0004:0067:0061:0de80000:0:0:0:" name="M1 HD" service_name="M1 HD" provider="SLM" sid="4" onid="97" tsid="103" />
    <channel service_ref="1:0:1:00cb:0003:0064:0de80000:0:0:0:" name="M1 HD" service_name="M1 HD" provider="T-Home" sid="203" onid="100" tsid="3" />
    <channel service_ref="1:0:25:0005:0067:0061:0de80000:0:0:0:" name="M2 HD" service_name="M2 HD" provider="SLM" sid="5" onid="97" tsid="103" />
    <channel service_ref="1:0:1:00cc:0003:0064:0de80000:0:0:0:" name="M2 HD" service_name="M2 HD" provider="T-Home" sid="204" onid="100" tsid="3" />
    <channel service_ref="1:0:1:057a:0004:0064:0de80000:0:0:0:" name="M4 Sport HD" service_name="M4 Sport HD" provider="T-Home" sid="1402" onid="100" tsid="4" />
    <channel service_ref="1:0:1:057b:0004:0064:0de80000:0:0:0:" name="M5 HD" service_name="M5 HD" provider="T-Home" sid="1403" onid="100" tsid="4" />
    <channel service_ref="1:0:1:05e0:0005:0064:0de80000:0:0:0:" name="Nat Geo HD" service_name="Nat Geo HD" provider="T-Home" sid="1504" onid="100" tsid="5" />
    <channel service_ref="1:0:1:06ab:0007:0064:0de80000:0:0:0:" name="Nat Geo Wild HD" service_name="Nat Geo Wild HD" provider="T-Home" sid="1707" onid="100" tsid="7" />
    <channel service_ref="1:0:25:0003:0067:0061:0de80000:0:0:0:" name="NOVY CHANNEL HD" service_name="NOVY CHANNEL HD" provider="SLM" sid="3" onid="97" tsid="103" />
    <channel service_ref="1:0:25:0006:0067:0061:0de80000:0:0:0:" name="OCE HD" service_name="OCE HD" provider="SLM" sid="6" onid="97" tsid="103" />
    <channel service_ref="1:0:1:06ac:0007:0064:0de80000:0:0:0:" name="Paramount Network HD" service_name="Paramount Network HD" provider="T-Home" sid="1708" onid="100" tsid="7" />
    <channel service_ref="1:0:1:0006:0066:0061:0de80000:0:0:0:" name="PRYAMIY HD" service_name="PRYAMIY HD" provider="SLM" sid="6" onid="97" tsid="102" />
    <channel service_ref="1:0:25:0004:0002:002a:0de80000:0:0:0:" name="RADA HD" service_name="RADA HD" provider="Ukrkosmos" sid="4" onid="42" tsid="2" />
    <channel service_ref="1:0:1:00f4:0004:0064:0de80000:0:0:0:" name="RTL II HD" service_name="RTL II HD" provider="T-Home" sid="244" onid="100" tsid="4" />
    <channel service_ref="1:0:1:00ce:0003:0064:0de80000:0:0:0:" name="RTL Klub HD" service_name="RTL Klub HD" provider="T-Home" sid="206" onid="100" tsid="3" />
    <channel service_ref="1:0:1:057e:0004:0064:0de80000:0:0:0:" name="Spektrum HD" service_name="Spektrum HD" provider="T-Home" sid="1406" onid="100" tsid="4" />
    <channel service_ref="1:0:1:00cf:0003:0064:0de80000:0:0:0:" name="Sport1 HD" service_name="Sport1 HD" provider="T-Home" sid="207" onid="100" tsid="3" />
    <channel service_ref="1:0:1:057d:0004:0064:0de80000:0:0:0:" name="Sport2 HD" service_name="Sport2 HD" provider="T-Home" sid="1405" onid="100" tsid="4" />
    <channel service_ref="1:0:1:06a6:0007:0064:0de80000:0:0:0:" name="Spíler1 HD" service_name="Spíler1 HD" provider="T-Home" sid="1702" onid="100" tsid="7" />
    <channel service_ref="1:0:1:00f5:0004:0064:0de80000:0:0:0:" name="Spíler2 HD" service_name="Spíler2 HD" provider="T-Home" sid="245" onid="100" tsid="4" />
    <channel service_ref="1:0:25:0001:0067:0061:0de80000:0:0:0:" name="STB HD" service_name="STB HD" provider="SLM" sid="1" onid="97" tsid="103" />
    <channel service_ref="1:0:1:00cd:0003:0064:0de80000:0:0:0:" name="STV2 HD" service_name="STV2 HD" provider="T-Home" sid="205" onid="100" tsid="3" />
    <channel service_ref="1:0:1:02c8:0008:0064:0de80000:0:0:0:" name="Travel HD" service_name="Travel HD" provider="T-Home" sid="712" onid="100" tsid="8" />
    <channel service_ref="1:0:1:00f7:0004:0064:0de80000:0:0:0:" name="TV2 HD" service_name="TV2 HD" provider="T-Home" sid="247" onid="100" tsid="4" />
    <channel service_ref="1:0:1:06af:0007:0064:0de80000:0:0:0:" name="VIASAT3 HD" service_name="VIASAT3 HD" provider="T-Home" sid="1711" onid="100" tsid="7" />
  </bouquet>
  <bouquet name="Resolution - SD" category="tv">
    <channel service_ref="1:0:1:0001:0065:0061:0de80000:0:0:0:" name="Channel 5 SD" service_name="Channel 5 SD" provider="SLM" sid="1" onid="97" tsid="101" />
    <channel service_ref="1:0:1:000a:0065:0061:0de80000:0:0:0:" name="PRYAMIY SD" service_name="PRYAMIY SD" provider="SLM" sid="10" onid="97" tsid="101" />
  </bouquet>
  <bouquet name="Religion" category="tv">
    <channel service_ref="1:0:1:070d:0008:0064:0de80000:0:0:0:" name="EWTN" service_name="EWTN" provider="T-Home" sid="1805" onid="100" tsid="8" />
    <channel service_ref="1:0:25:0002:0067:0061:0de80000:0:0:0:" name="ICTV HD" service_name="ICTV HD" provider="SLM" sid="2" onid="97" tsid="103" />
    <channel service_ref="1:0:1:0005:0065:0061:0de80000:0:0:0:" name="ICTV UA" service_name="ICTV UA" provider="SLM" sid="5" onid="97" tsid="101" />
  </bouquet>
  <bouquet name="Adult" category="tv">
    <channel service_ref="1:0:1:04cc:0002:0064:0de80000:0:0:0:" name="Dorcel XXX" service_name="Dorcel XXX" provider="T-Home" sid="1228" onid="100" tsid="2" />
    <channel service_ref="1:0:1:04b7:0002:0064:0de80000:0:0:0:" name="Hustler TV" service_name="Hustler TV" provider="T-Home" sid="1207" onid="100" tsid="2" />
    <channel service_ref="1:0:1:0009:0001:0064:0de80000:0:0:0:" name="Private TV" service_name="Private TV" provider="T-Home" sid="9" onid="100" tsid="1" />
  </bouquet>
  <bouquet name="International" category="tv">
    <channel service_ref="1:0:25:0009:0001:0001:0de82c28:0:0:0:" name="DaVinci" service_name="DaVinci" provider="Antenna Hungaria / Globecast" sid="9" onid="1" tsid="1" />
    <channel service_ref="1:0:1:04c6:0002:0064:0de80000:0:0:0:" name="Duna World" service_name="Duna World" provider="T-Home" sid="1222" onid="100" tsid="2" />
    <channel service_ref="1:0:1:051c:0003:0064:0de80000:0:0:0:" name="Duna World HD" service_name="Duna World HD" provider="T-Home" sid="1308" onid="100" tsid="3" />
  </bouquet>
  <bouquet name="Others" category="tv">
    <channel service_ref="1:0:1:0001:0002:002a:0de80000:0:0:0:" name="12 kanal" service_name="12 kanal" provider="Ukrkosmos" sid="1" onid="42" tsid="2" />
    <channel service_ref="1:0:25:0003:0002:002a:0de80000:0:0:0:" name="1ZAHID HD" service_name="1ZAHID HD" provider="Ukrkosmos" sid="3" onid="42" tsid="2" />
    <channel service_ref="1:0:1:000d:0002:002a:0de80000:0:0:0:" name="4P_INFO" service_name="4P_INFO" provider="Ukrkosmos" sid="13" onid="42" tsid="2" />
    <channel service_ref="1:0:1:000a:0002:002a:0de80000:0:0:0:" name="8 channel" service_name="8 channel" provider="Ukrkosmos" sid="10" onid="42" tsid="2" />
    <channel service_ref="1:0:1:065b:0006:0064:0de80000:0:0:0:" name="AMC" service_name="AMC" provider="T-Home" sid="1627" onid="100" tsid="6" />
    <channel service_ref="1:0:1:06ad:0007:0064:0de80000:0:0:0:" name="AMC HD" service_name="AMC HD" provider="T-Home" sid="1709" onid="100" tsid="7" />
    <channel service_ref="1:0:1:070a:0008:0064:0de80000:0:0:0:" name="Apostol TV" service_name="Apostol TV" provider="T-Home" sid="1802" onid="100" tsid="8" />
    <channel service_ref="1:0:1:011a:0006:0064:0de80000:0:0:0:" name="AXN" service_name="AXN" provider="T-Home" sid="282" onid="100" tsid="6" />
    <channel service_ref="1:0:1:051b:0003:0064:0de80000:0:0:0:" name="AXN HD" service_name="AXN HD" provider="T-Home" sid="1307" onid="100" tsid="3" />
    <channel service_ref="1:0:1:0009:0002:002a:0de80000:0:0:0:" name="BOUTIQUE TV" service_name="BOUTIQUE TV" provider="Ukrkosmos" sid="9" onid="42" tsid="2" />
    <channel service_ref="1:0:1:070e:0008:0064:0de80000:0:0:0:" name="Bónusz" service_name="Bónusz" provider="T-Home" sid="1806" onid="100" tsid="8" />
    <channel service_ref="1:0:1:0124:0006:0064:0de80000:0:0:0:" name="CNN International" service_name="CNN International" provider="T-Home" sid="292" onid="100" tsid="6" />
    <channel service_ref="1:0:1:028c:0006:0064:0de80000:0:0:0:" name="Comedy Central" service_name="Comedy Central" provider="T-Home" sid="652" onid="100" tsid="6" />
    <channel service_ref="1:0:1:071c:0008:0064:0de80000:0:0:0:" name="Comedy Central HD" service_name="Comedy Central HD" provider="T-Home" sid="1820" onid="100" tsid="8" />
    <channel service_ref="1:0:1:04c9:0002:0064:0de80000:0:0:0:" name="Comedy Family" service_name="Comedy Family" provider="T-Home" sid="1225" onid="100" tsid="2" />
    <channel service_ref="1:0:1:000d:0001:0064:0de80000:0:0:0:" name="COOL" service_name="COOL" provider="T-Home" sid="13" onid="100" tsid="1" />
    <channel service_ref="1:0:1:057f:0004:0064:0de80000:0:0:0:" name="Cool HD" service_name="Cool HD" provider="T-Home" sid="1407" onid="100" tsid="4" />
    <channel service_ref="1:0:1:05e8:0005:0064:0de80000:0:0:0:" name="d1 tv" service_name="d1 tv" provider="T-Home" sid="1512" onid="100" tsid="5" />
    <channel service_ref="1:0:1:028a:0006:0064:0de80000:0:0:0:" name="Da Vinci" service_name="Da Vinci" provider="T-Home" sid="650" onid="100" tsid="6" />
    <channel service_ref="1:0:1:044e:0001:0064:0de80000:0:0:0:" name="Dikh TV" service_name="Dikh TV" provider="T-Home" sid="1102" onid="100" tsid="1" />
    <channel service_ref="1:0:1:04c5:0002:0064:0de80000:0:0:0:" name="Discovery Channel" service_name="Discovery Channel" provider="T-Home" sid="1221" onid="100" tsid="2" />
    <channel service_ref="1:0:1:06a5:0007:0064:0de80000:0:0:0:" name="Discovery Channel HD" service_name="Discovery Channel HD" provider="T-Home" sid="1701" onid="100" tsid="7" />
    <channel service_ref="1:0:1:00f3:0004:0064:0de80000:0:0:0:" name="Duna HD" service_name="Duna HD" provider="T-Home" sid="243" onid="100" tsid="4" />
    <channel service_ref="1:0:1:04b6:0002:0064:0de80000:0:0:0:" name="Duna Tv" service_name="Duna Tv" provider="T-Home" sid="1206" onid="100" tsid="2" />
    <channel service_ref="1:0:1:0009:0065:0061:0de80000:0:0:0:" name="Eko TV" service_name="Eko TV" provider="SLM" sid="9" onid="97" tsid="101" />
    <channel service_ref="1:0:1:02cd:0008:0064:0de80000:0:0:0:" name="English Club" service_name="English Club" provider="T-Home" sid="717" onid="100" tsid="8" />
    <channel service_ref="1:0:1:000b:0001:0064:0de80000:0:0:0:" name="Fishing&amp;Hunting" service_name="Fishing&amp;Hunting" provider="T-Home" sid="11" onid="100" tsid="1" />
    <channel service_ref="1:0:1:070b:0008:0064:0de80000:0:0:0:" name="FIT HD" service_name="FIT HD" provider="T-Home" sid="1803" onid="100" tsid="8" />
    <channel service_ref="1:0:1:01d1:0001:0064:0de80000:0:0:0:" name="GALAXY4" service_name="GALAXY4" provider="T-Home" sid="465" onid="100" tsid="1" />
    <channel service_ref="1:0:25:0002:0002:002a:0de80000:0:0:0:" name="GALYCHYNA HD" service_name="GALYCHYNA HD" provider="Ukrkosmos" sid="2" onid="42" tsid="2" />
    <channel service_ref="1:0:1:0007:0066:0061:0de80000:0:0:0:" name="GENUINETV" service_name="GENUINETV" provider="SLM" sid="7" onid="97" tsid="102" />
    <channel service_ref="1:0:1:070c:0008:0064:0de80000:0:0:0:" name="Hatoscsatorna" service_name="Hatoscsatorna" provider="T-Home" sid="1804" onid="100" tsid="8" />
    <channel service_ref="1:0:1:0119:0006:0064:0de80000:0:0:0:" name="HBO" service_name="HBO" provider="T-Home" sid="281" onid="100" tsid="6" />
    <channel service_ref="1:0:1:070f:0008:0064:0de80000:0:0:0:" name="HBO HD" service_name="HBO HD" provider="T-Home" sid="1807" onid="100" tsid="8" />
    <channel service_ref="1:0:1:051f:0003:0064:0de80000:0:0:0:" name="HBO2" service_name="HBO2" provider="T-Home" sid="1311" onid="100" tsid="3" />
    <channel service_ref="1:0:1:06a7:0007:0064:0de80000:0:0:0:" name="Heti Tv" service_name="Heti Tv" provider="T-Home" sid="1703" onid="100" tsid="7" />
    <channel service_ref="1:0:1:0002:0001:0001:0de82c28:0:0:0:" name="hirTV" service_name="hirTV" provider="hirTV / AH / HDT" sid="2" onid="1" tsid="1" />
    <channel service_ref="1:0:1:001e:0001:0064:0de80000:0:0:0:" name="Hír TV" service_name="Hír TV" provider="T-Home" sid="30" onid="100" tsid="1" />
    <channel service_ref="1:0:1:05ee:0005:0064:0de80000:0:0:0:" name="ID Investigation" service_name="ID Investigation" provider="T-Home" sid="1518" onid="100" tsid="5" />
    <channel service_ref="1:0:1:04bd:0002:0064:0de80000:0:0:0:" name="Izaura TV" service_name="Izaura TV" provider="T-Home" sid="1213" onid="100" tsid="2" />
    <channel service_ref="1:0:1:04c1:0002:0064:0de80000:0:0:0:" name="JimJam" service_name="JimJam" provider="T-Home" sid="1217" onid="100" tsid="2" />
    <channel service_ref="1:0:1:071a:0008:0064:0de80000:0:0:0:" name="Jocky TV" service_name="Jocky TV" provider="T-Home" sid="1818" onid="100" tsid="8" />
    <channel service_ref="1:0:1:0120:0006:0064:0de80000:0:0:0:" name="KIKA" service_name="KIKA" provider="T-Home" sid="288" onid="100" tsid="6" />
    <channel service_ref="1:0:1:001c:0001:0064:0de80000:0:0:0:" name="Life TV" service_name="Life TV" provider="T-Home" sid="28" onid="100" tsid="1" />
    <channel service_ref="1:0:1:04b9:0002:0064:0de80000:0:0:0:" name="M1" service_name="M1" provider="T-Home" sid="1209" onid="100" tsid="2" />
    <channel service_ref="1:0:25:0004:0067:0061:0de80000:0:0:0:" name="M1 HD" service_name="M1 HD" provider="SLM" sid="4" onid="97" tsid="103" />
    <channel service_ref="1:0:1:00cb:0003:0064:0de80000:0:0:0:" name="M1 HD" service_name="M1 HD" provider="T-Home" sid="203" onid="100" tsid="3" />
    <channel service_ref="1:0:1:0004:0001:0064:0de80000:0:0:0:" name="M2" service_name="M2" provider="T-Home" sid="4" onid="100" tsid="1" />
    <channel service_ref="1:0:25:0005:0067:0061:0de80000:0:0:0:" name="M2 HD" service_name="M2 HD" provider="SLM" sid="5" onid="97" tsid="103" />
    <channel service_ref="1:0:1:00cc:0003:0064:0de80000:0:0:0:" name="M2 HD" service_name="M2 HD" provider="T-Home" sid="204" onid="100" tsid="3" />
    <channel service_ref="1:0:1:000c:0002:002a:0de80000:0:0:0:" name="MALYATKO TV" service_name="MALYATKO TV" provider="Ukrkosmos" sid="12" onid="42" tsid="2" />
    <channel service_ref="1:0:1:0122:0006:0064:0de80000:0:0:0:" name="Minimax" service_name="Minimax" provider="T-Home" sid="290" onid="100" tsid="6" />
    <channel service_ref="1:0:1:04c2:0002:0064:0de80000:0:0:0:" name="Mozi+" service_name="Mozi+" provider="T-Home" sid="1218" onid="100" tsid="2" />
    <channel service_ref="1:0:1:071b:0008:0064:0de80000:0:0:0:" name="Moziverzum" service_name="Moziverzum" provider="T-Home" sid="1819" onid="100" tsid="8" />
    <channel service_ref="1:0:1:046b:0001:0064:0de80000:0:0:0:" name="Muzsika Tv" service_name="Muzsika Tv" provider="T-Home" sid="1131" onid="100" tsid="1" />
    <channel service_ref="1:0:22:0002:0065:0061:0de80000:0:0:0:" name="NASH" service_name="NASH" provider="SLM" sid="2" onid="97" tsid="101" />
    <channel service_ref="1:0:1:0125:0006:0064:0de80000:0:0:0:" name="Nick JR" service_name="Nick JR" provider="T-Home" sid="293" onid="100" tsid="6" />
    <channel service_ref="1:0:1:011d:0006:0064:0de80000:0:0:0:" name="Nicktoons" service_name="Nicktoons" provider="T-Home" sid="285" onid="100" tsid="6" />
    <channel service_ref="1:0:25:0003:0067:0061:0de80000:0:0:0:" name="NOVY CHANNEL HD" service_name="NOVY CHANNEL HD" provider="SLM" sid="3" onid="97" tsid="103" />
    <channel service_ref="1:0:25:0006:0067:0061:0de80000:0:0:0:" name="OCE HD" service_name="OCE HD" provider="SLM" sid="6" onid="97" tsid="103" />
    <channel service_ref="1:0:1:000b:0065:0061:0de80000:0:0:0:" name="Odesa Live" service_name="Odesa Live" provider="SLM" sid="11" onid="97" tsid="101" />
    <channel service_ref="1:0:1:001d:0001:0064:0de80000:0:0:0:" name="Ozone TV" service_name="Ozone TV" provider="T-Home" sid="29" onid="100" tsid="1" />
    <channel service_ref="1:0:1:05f5:0005:0064:0de80000:0:0:0:" name="Paramount Network" service_name="Paramount Network" provider="T-Home" sid="1525" onid="100" tsid="5" />
    <channel service_ref="1:0:1:06ac:0007:0064:0de80000:0:0:0:" name="Paramount Network HD" service_name="Paramount Network HD" provider="T-Home" sid="1708" onid="100" tsid="7" />
    <channel service_ref="1:0:1:04ba:0002:0064:0de80000:0:0:0:" name="Penthouse Gold" service_name="Penthouse Gold" provider="T-Home" sid="1210" onid="100" tsid="2" />
    <channel service_ref="1:0:1:0002:0066:0061:0de80000:0:0:0:" name="Pervy delovoy" service_name="Pervy delovoy" provider="SLM" sid="2" onid="97" tsid="102" />
    <channel service_ref="1:0:1:05e2:0005:0064:0de80000:0:0:0:" name="Pesti TV" service_name="Pesti TV" provider="T-Home" sid="1506" onid="100" tsid="5" />
    <channel service_ref="1:0:1:04b4:0002:0064:0de80000:0:0:0:" name="PRIME" service_name="PRIME" provider="T-Home" sid="1204" onid="100" tsid="2" />
    <channel service_ref="1:0:1:0004:0065:0061:0de80000:0:0:0:" name="PROVENCE" service_name="PROVENCE" provider="SLM" sid="4" onid="97" tsid="101" />
    <channel service_ref="1:0:1:0006:0066:0061:0de80000:0:0:0:" name="PRYAMIY HD" service_name="PRYAMIY HD" provider="SLM" sid="6" onid="97" tsid="102" />
    <channel service_ref="1:0:1:000a:0065:0061:0de80000:0:0:0:" name="PRYAMIY SD" service_name="PRYAMIY SD" provider="SLM" sid="10" onid="97" tsid="101" />
    <channel service_ref="1:0:25:0004:0002:002a:0de80000:0:0:0:" name="RADA HD" service_name="RADA HD" provider="Ukrkosmos" sid="4" onid="42" tsid="2" />
    <channel service_ref="1:0:1:0001:0001:ffff:0de83042:0:0:0:" name="Romania TV" service_name="Romania TV" provider="Romania TV" sid="1" onid="65535" tsid="1" />
    <channel service_ref="1:0:1:0001:0001:ffff:0de8306b:0:0:0:" name="RTV-DSNG-2" service_name="RTV-DSNG-2" provider="RTV DSNG" sid="1" onid="65535" tsid="1" />
    <channel service_ref="1:0:1:064c:0006:0064:0de80000:0:0:0:" name="SAT1" service_name="SAT1" provider="T-Home" sid="1612" onid="100" tsid="6" />
    <channel service_ref="1:0:1:05f6:0005:0064:0de80000:0:0:0:" name="Sláger Tv" service_name="Sláger Tv" provider="T-Home" sid="1526" onid="100" tsid="5" />
    <channel service_ref="1:0:1:02cb:0008:0064:0de80000:0:0:0:" name="Sony Max" service_name="Sony Max" provider="T-Home" sid="715" onid="100" tsid="8" />
    <channel service_ref="1:0:1:000f:0001:0064:0de80000:0:0:0:" name="Sorozat+" service_name="Sorozat+" provider="T-Home" sid="15" onid="100" tsid="1" />
    <channel service_ref="1:0:1:04be:0002:0064:0de80000:0:0:0:" name="Spektrum" service_name="Spektrum" provider="T-Home" sid="1214" onid="100" tsid="2" />
    <channel service_ref="1:0:1:057e:0004:0064:0de80000:0:0:0:" name="Spektrum HD" service_name="Spektrum HD" provider="T-Home" sid="1406" onid="100" tsid="4" />
    <channel service_ref="1:0:1:0005:0001:0064:0de80000:0:0:0:" name="Spektrum Home" service_name="Spektrum Home" provider="T-Home" sid="5" onid="100" tsid="1" />
    <channel service_ref="1:0:1:06a6:0007:0064:0de80000:0:0:0:" name="Spíler1 HD" service_name="Spíler1 HD" provider="T-Home" sid="1702" onid="100" tsid="7" />
    <channel service_ref="1:0:1:01c9:0001:0064:0de80000:0:0:0:" name="Spíler1 TV" service_name="Spíler1 TV" provider="T-Home" sid="457" onid="100" tsid="1" />
    <channel service_ref="1:0:1:00f5:0004:0064:0de80000:0:0:0:" name="Spíler2 HD" service_name="Spíler2 HD" provider="T-Home" sid="245" onid="100" tsid="4" />
    <channel service_ref="1:0:1:05f3:0005:0064:0de80000:0:0:0:" name="Spíler2 TV" service_name="Spíler2 TV" provider="T-Home" sid="1523" onid="100" tsid="5" />
    <channel service_ref="1:0:25:0001:0067:0061:0de80000:0:0:0:" name="STB HD" service_name="STB HD" provider="SLM" sid="1" onid="97" tsid="103" />
    <channel service_ref="1:0:1:045a:0001:0064:0de80000:0:0:0:" name="STORY4" service_name="STORY4" provider="T-Home" sid="1114" onid="100" tsid="1" />
    <channel service_ref="1:0:1:028b:0006:0064:0de80000:0:0:0:" name="Stringray Classica" service_name="Stringray Classica" provider="T-Home" sid="651" onid="100" tsid="6" />
    <channel service_ref="1:0:1:00cd:0003:0064:0de80000:0:0:0:" name="STV2 HD" service_name="STV2 HD" provider="T-Home" sid="205" onid="100" tsid="3" />
    <channel service_ref="1:0:1:04b8:0002:0064:0de80000:0:0:0:" name="Super TV2" service_name="Super TV2" provider="T-Home" sid="1208" onid="100" tsid="2" />
    <channel service_ref="1:0:1:0001:0066:0061:0de80000:0:0:0:" name="TEST" service_name="TEST" provider="SLM" sid="1" onid="97" tsid="102" />
    <channel service_ref="1:0:1:0001:0001:002a:0de80000:0:0:0:" name="TEST1" service_name="TEST1" provider="Ukrkosmos" sid="1" onid="42" tsid="1" />
    <channel service_ref="1:0:1:0002:0001:002a:0de80000:0:0:0:" name="TEST2" service_name="TEST2" provider="Ukrkosmos" sid="2" onid="42" tsid="1" />
    <channel service_ref="1:0:1:000d:0066:0061:0de80000:0:0:0:" name="TEST2" service_name="TEST2" provider="SLM" sid="13" onid="97" tsid="102" />
    <channel service_ref="1:0:1:0004:0001:002a:0de80000:0:0:0:" name="TEST4" service_name="TEST4" provider="Ukrkosmos" sid="4" onid="42" tsid="1" />
    <channel service_ref="1:0:1:02c4:0008:0064:0de80000:0:0:0:" name="Teszt H" service_name="Teszt H" provider="T-Home" sid="708" onid="100" tsid="8" />
    <channel service_ref="1:0:1:04bc:0002:0064:0de80000:0:0:0:" name="Teszt V" service_name="Teszt V" provider="T-Home" sid="1212" onid="100" tsid="2" />
    <channel service_ref="1:0:25:0001:0066:ff22:0de82c56:0:0:0:" name="Tippmix élő 1" service_name="Tippmix élő 1" provider="HDT" sid="1" onid="65314" tsid="102" />
    <channel service_ref="1:0:25:0002:0066:ff22:0de82c56:0:0:0:" name="Tippmix élő 2" service_name="Tippmix élő 2" provider="HDT" sid="2" onid="65314" tsid="102" />
    <channel service_ref="1:0:25:0004:0066:ff22:0de82c56:0:0:0:" name="Tippmix élő 4" service_name="Tippmix élő 4" provider="HDT" sid="4" onid="65314" tsid="102" />
    <channel service_ref="1:0:25:0006:0066:ff22:0de82c56:0:0:0:" name="Tippmix élő 6" service_name="Tippmix élő 6" provider="HDT" sid="6" onid="65314" tsid="102" />
    <channel service_ref="1:0:25:0007:0066:ff22:0de82c56:0:0:0:" name="Tippmix élő 7" service_name="Tippmix élő 7" provider="HDT" sid="7" onid="65314" tsid="102" />
    <channel service_ref="1:0:1:064e:0006:0064:0de80000:0:0:0:" name="TLC" service_name="TLC" provider="T-Home" sid="1614" onid="100" tsid="6" />
    <channel service_ref="1:0:1:04ca:0002:0064:0de80000:0:0:0:" name="Travel Channel" service_name="Travel Channel" provider="T-Home" sid="1226" onid="100" tsid="2" />
    <channel service_ref="1:0:1:02c8:0008:0064:0de80000:0:0:0:" name="Travel HD" service_name="Travel HD" provider="T-Home" sid="712" onid="100" tsid="8" />
    <channel service_ref="1:0:1:0006:0001:0064:0de80000:0:0:0:" name="TV Paprika" service_name="TV Paprika" provider="T-Home" sid="6" onid="100" tsid="1" />
    <channel service_ref="1:0:1:04b2:0002:0064:0de80000:0:0:0:" name="TV2" service_name="TV2" provider="T-Home" sid="1202" onid="100" tsid="2" />
    <channel service_ref="1:0:1:04bb:0002:0064:0de80000:0:0:0:" name="TV2 Comedy" service_name="TV2 Comedy" provider="T-Home" sid="1211" onid="100" tsid="2" />
    <channel service_ref="1:0:1:00f7:0004:0064:0de80000:0:0:0:" name="TV2 HD" service_name="TV2 HD" provider="T-Home" sid="247" onid="100" tsid="4" />
    <channel service_ref="1:0:1:011c:0006:0064:0de80000:0:0:0:" name="TV2 Sef" service_name="TV2 Sef" provider="T-Home" sid="284" onid="100" tsid="6" />
    <channel service_ref="1:0:1:045c:0001:0064:0de80000:0:0:0:" name="TV4" service_name="TV4" provider="T-Home" sid="1116" onid="100" tsid="1" />
    <channel service_ref="1:0:1:000e:0065:0061:0de80000:0:0:0:" name="UA KRYM" service_name="UA KRYM" provider="SLM" sid="14" onid="97" tsid="101" />
    <channel service_ref="1:0:1:0009:0066:0061:0de80000:0:0:0:" name="UA KULTURA" service_name="UA KULTURA" provider="SLM" sid="9" onid="97" tsid="102" />
    <channel service_ref="1:0:1:000d:0065:0061:0de80000:0:0:0:" name="UA PERSHYI" service_name="UA PERSHYI" provider="SLM" sid="13" onid="97" tsid="101" />
    <channel service_ref="1:0:1:0003:0066:0061:0de80000:0:0:0:" name="UA ZAKARPATTIA" service_name="UA ZAKARPATTIA" provider="SLM" sid="3" onid="97" tsid="102" />
    <channel service_ref="1:0:1:04bf:0002:0064:0de80000:0:0:0:" name="Viasat Explore" service_name="Viasat Explore" provider="T-Home" sid="1215" onid="100" tsid="2" />
    <channel service_ref="1:0:1:065a:0006:0064:0de80000:0:0:0:" name="Viasat Nature" service_name="Viasat Nature" provider="T-Home" sid="1626" onid="100" tsid="6" />
    <channel service_ref="1:0:1:05ef:0005:0064:0de80000:0:0:0:" name="VIASAT6" service_name="VIASAT6" provider="T-Home" sid="1519" onid="100" tsid="5" />
    <channel service_ref="1:0:1:064a:0006:0064:0de80000:0:0:0:" name="VIVID" service_name="VIVID" provider="T-Home" sid="1610" onid="100" tsid="6" />
    <channel service_ref="1:0:1:05f1:0005:0064:0de80000:0:0:0:" name="Zenebutik" service_name="Zenebutik" provider="T-Home" sid="1521" onid="100" tsid="5" />
  </bouquet>
  <bouquet name="Radio" category="radio">
    <channel service_ref="1:0:2:000b:0066:0061:0de80000:0:0:0:" name="Golos Donbasu" service_name="Golos Donbasu" provider="SLM" sid="11" onid="97" tsid="102" />
    <channel service_ref="1:0:2:000a:0001:0001:0de82c28:0:0:0:" name="Karc FM" service_name="Karc FM" provider="Antenna Hungaria" sid="10" onid="1" tsid="1" />
    <channel service_ref="1:0:2:04e3:0002:0064:0de80000:0:0:0:" name="MR1" service_name="MR1" provider="T-Home" sid="1251" onid="100" tsid="2" />
    <channel service_ref="1:0:2:04e4:0002:0064:0de80000:0:0:0:" name="MR2" service_name="MR2" provider="T-Home" sid="1252" onid="100" tsid="2" />
    <channel service_ref="1:0:2:04e5:0002:0064:0de80000:0:0:0:" name="MR3" service_name="MR3" provider="T-Home" sid="1253" onid="100" tsid="2" />
    <channel service_ref="1:0:2:000f:0066:0061:0de80000:0:0:0:" name="Radio Promin" service_name="Radio Promin" provider="SLM" sid="15" onid="97" tsid="102" />
    <channel service_ref="1:0:2:000c:0066:0061:0de80000:0:0:0:" name="Radio Ukraine international" service_name="Radio Ukraine international" provider="SLM" sid="12" onid="97" tsid="102" />
    <channel service_ref="1:0:2:000e:0066:0061:0de80000:0:0:0:" name="UR-1" service_name="UR-1" provider="SLM" sid="14" onid="97" tsid="102" />
    <channel service_ref="1:0:2:000a:0066:0061:0de80000:0:0:0:" name="UR-3" service_name="UR-3" provider="SLM" sid="10" onid="97" tsid="102" />
  </bouquet>
  <bouquet name="Radio - International" category="radio">
    <channel service_ref="1:0:2:000c:0066:0061:0de80000:0:0:0:" name="Radio Ukraine international" service_name="Radio Ukraine international" provider="SLM" sid="12" onid="97" tsid="102" />
  </bouquet>
  <bouquet name="Radio - Music" category="radio">
    <channel service_ref="1:0:2:000a:0001:0001:0de82c28:0:0:0:" name="Karc FM" service_name="Karc FM" provider="Antenna Hungaria" sid="10" onid="1" tsid="1" />
  </bouquet>
</zapit>
