<?xml version='1.0' encoding='utf-8'?>
<zapit>
  <bouquet name="General" category="tv">
    <channel service_ref="1:0:1:01fa:80de:217c:eeee0000:0:0:0:" name="ANGRI 24" service_name="ANGRI 24" provider="ANTENNA 3" sid="506" onid="8572" tsid="32990" />
    <channel service_ref="1:0:1:025e:80de:217c:eeee0000:0:0:0:" name="ANGRI 24" service_name="ANGRI 24" provider="ANTENNA 3" sid="606" onid="8572" tsid="32990" />
    <channel service_ref="1:0:1:01f6:80de:217c:eeee0000:0:0:0:" name="ANTENNA 3" service_name="ANTENNA 3" provider="ANTENNA 3" sid="502" onid="8572" tsid="32990" />
    <channel service_ref="1:0:1:025a:80de:217c:eeee0000:0:0:0:" name="ANTENNA 3" service_name="ANTENNA 3" provider="ANTENNA 3" sid="602" onid="8572" tsid="32990" />
    <channel service_ref="1:0:1:07ac:80de:217c:eeee0000:0:0:0:" name="CALCIO NAPOLI 24" service_name="CALCIO NAPOLI 24" provider="ANTENNA 3" sid="1964" onid="8572" tsid="32990" />
    <channel service_ref="1:0:1:06ea:80de:217c:eeee0000:0:0:0:" name="CANALE 11" service_name="CANALE 11" provider="ANTENNA 3" sid="1770" onid="8572" tsid="32990" />
    <channel service_ref="1:0:1:2af8:80de:217c:eeee0000:0:0:0:" name="CLUB ECONOMY TV" service_name="CLUB ECONOMY TV" provider="ANTENNA 3" sid="11000" onid="8572" tsid="32990" />
    <channel service_ref="1:0:1:2ee0:80de:217c:eeee0000:0:0:0:" name="FL TELEVISION" service_name="FL TELEVISION" provider="ANTENNA 3" sid="12000" onid="8572" tsid="32990" />
    <channel service_ref="1:0:1:01fc:80de:217c:eeee0000:0:0:0:" name="FM MUSIC" service_name="FM MUSIC" provider="ANTENNA 3" sid="508" onid="8572" tsid="32990" />
    <channel service_ref="1:0:1:0396:80de:217c:eeee0000:0:0:0:" name="MONDO TV" service_name="MONDO TV" provider="ANTENNA 3" sid="918" onid="8572" tsid="32990" />
    <channel service_ref="1:0:1:251c:80de:217c:eeee0000:0:0:0:" name="PANORAMA TV" service_name="PANORAMA TV" provider="ANTENNA 3" sid="9500" onid="8572" tsid="32990" />
    <channel service_ref="1:0:1:30d4:80de:217c:eeee0000:0:0:0:" name="PORTICI TV" service_name="PORTICI TV" provider="ANTENNA 3" sid="12500" onid="8572" tsid="32990" />
    <channel service_ref="1:0:1:01f8:80de:217c:eeee0000:0:0:0:" name="RTA LIVE" service_name="RTA LIVE" provider="ANTENNA 3" sid="504" onid="8572" tsid="32990" />
    <channel service_ref="1:0:1:2cec:80de:217c:eeee0000:0:0:0:" name="RTN TV" service_name="RTN TV" provider="ANTENNA 3" sid="11500" onid="8572" tsid="32990" />
    <channel service_ref="1:0:1:01f5:80de:217c:eeee0000:0:0:0:" name="Secondo Canale" service_name="Secondo Canale" provider="ANTENNA 3" sid="501" onid="8572" tsid="32990" />
    <channel service_ref="1:0:1:0a96:80de:217c:eeee0000:0:0:0:" name="SPAZIO TV" service_name="SPAZIO TV" provider="ANTENNA 3" sid="2710" onid="8572" tsid="32990" />
    <channel service_ref="1:0:1:0b58:80de:217c:eeee0000:0:0:0:" name="TELEBLU" service_name="TELEBLU" provider="ANTENNA 3" sid="2904" onid="8572" tsid="32990" />
    <channel service_ref="1:0:1:025f:80de:217c:eeee0000:0:0:0:" name="TELEFUTURA" service_name="TELEFUTURA" provider="ANTENNA 3" sid="607" onid="8572" tsid="32990" />
    <channel service_ref="1:0:1:1b58:80de:217c:eeee0000:0:0:0:" name="Telefutura eventi" service_name="Telefutura eventi" provider="ANTENNA 3" sid="7000" onid="8572" tsid="32990" />
    <channel service_ref="1:0:1:32c8:80de:217c:eeee0000:0:0:0:" name="TLC" service_name="TLC" provider="ANTENNA 3" sid="13000" onid="8572" tsid="32990" />
    <channel service_ref="1:0:1:01f9:80de:217c:eeee0000:0:0:0:" name="TV LUNA NAPOLI" service_name="TV LUNA NAPOLI" provider="ANTENNA 3" sid="505" onid="8572" tsid="32990" />
    <channel service_ref="1:0:1:1d4c:80de:217c:eeee0000:0:0:0:" name="TV3 Baiano" service_name="TV3 Baiano" provider="ANTENNA 3" sid="7500" onid="8572" tsid="32990" />
    <channel service_ref="1:0:1:0068:80de:217c:eeee0000:0:0:0:" name="Yes TV" service_name="Yes TV" provider="ANTENNA 3" sid="104" onid="8572" tsid="32990" />
    <channel service_ref="1:0:1:1f40:80de:217c:eeee0000:0:0:0:" name="Yes TV" service_name="Yes TV" provider="ANTENNA 3" sid="8000" onid="8572" tsid="32990" />
  </bouquet>
  <bouquet name="Music" category="tv">
    <channel service_ref="1:0:1:01fc:80de:217c:eeee0000:0:0:0:" name="FM MUSIC" service_name="FM MUSIC" provider="ANTENNA 3" sid="508" onid="8572" tsid="32990" />
  </bouquet>
  <bouquet name="TF1" category="tv">
    <channel service_ref="1:0:1:06ea:80de:217c:eeee0000:0:0:0:" name="CANALE 11" service_name="CANALE 11" provider="ANTENNA 3" sid="1770" onid="8572" tsid="32990" />
    <channel service_ref="1:0:1:01f5:80de:217c:eeee0000:0:0:0:" name="Secondo Canale" service_name="Secondo Canale" provider="ANTENNA 3" sid="501" onid="8572" tsid="32990" />
  </bouquet>
  <bouquet name="Switzerland" category="tv">
    <channel service_ref="1:0:1:01fa:80de:217c:eeee0000:0:0:0:" name="ANGRI 24" service_name="ANGRI 24" provider="ANTENNA 3" sid="506" onid="8572" tsid="32990" />
    <channel service_ref="1:0:1:025e:80de:217c:eeee0000:0:0:0:" name="ANGRI 24" service_name="ANGRI 24" provider="ANTENNA 3" sid="606" onid="8572" tsid="32990" />
    <channel service_ref="1:0:1:01f6:80de:217c:eeee0000:0:0:0:" name="ANTENNA 3" service_name="ANTENNA 3" provider="ANTENNA 3" sid="502" onid="8572" tsid="32990" />
    <channel service_ref="1:0:1:025a:80de:217c:eeee0000:0:0:0:" name="ANTENNA 3" service_name="ANTENNA 3" provider="ANTENNA 3" sid="602" onid="8572" tsid="32990" />
    <channel service_ref="1:0:1:07ac:80de:217c:eeee0000:0:0:0:" name="CALCIO NAPOLI 24" service_name="CALCIO NAPOLI 24" provider="ANTENNA 3" sid="1964" onid="8572" tsid="32990" />
    <channel service_ref="1:0:1:2af8:80de:217c:eeee0000:0:0:0:" name="CLUB ECONOMY TV" service_name="CLUB ECONOMY TV" provider="ANTENNA 3" sid="11000" onid="8572" tsid="32990" />
    <channel service_ref="1:0:1:2ee0:80de:217c:eeee0000:0:0:0:" name="FL TELEVISION" service_name="FL TELEVISION" provider="ANTENNA 3" sid="12000" onid="8572" tsid="32990" />
    <channel service_ref="1:0:1:0396:80de:217c:eeee0000:0:0:0:" name="MONDO TV" service_name="MONDO TV" provider="ANTENNA 3" sid="918" onid="8572" tsid="32990" />
    <channel service_ref="1:0:1:251c:80de:217c:eeee0000:0:0:0:" name="PANORAMA TV" service_name="PANORAMA TV" provider="ANTENNA 3" sid="9500" onid="8572" tsid="32990" />
    <channel service_ref="1:0:1:30d4:80de:217c:eeee0000:0:0:0:" name="PORTICI TV" service_name="PORTICI TV" provider="ANTENNA 3" sid="12500" onid="8572" tsid="32990" />
    <channel service_ref="1:0:1:01f8:80de:217c:eeee0000:0:0:0:" name="RTA LIVE" service_name="RTA LIVE" provider="ANTENNA 3" sid="504" onid="8572" tsid="32990" />
    <channel service_ref="1:0:1:2cec:80de:217c:eeee0000:0:0:0:" name="RTN TV" service_name="RTN TV" provider="ANTENNA 3" sid="11500" onid="8572" tsid="32990" />
    <channel service_ref="1:0:1:0a96:80de:217c:eeee0000:0:0:0:" name="SPAZIO TV" service_name="SPAZIO TV" provider="ANTENNA 3" sid="2710" onid="8572" tsid="32990" />
    <channel service_ref="1:0:1:0b58:80de:217c:eeee0000:0:0:0:" name="TELEBLU" service_name="TELEBLU" provider="ANTENNA 3" sid="2904" onid="8572" tsid="32990" />
    <channel service_ref="1:0:1:025f:80de:217c:eeee0000:0:0:0:" name="TELEFUTURA" service_name="TELEFUTURA" provider="ANTENNA 3" sid="607" onid="8572" tsid="32990" />
    <channel service_ref="1:0:1:1b58:80de:217c:eeee0000:0:0:0:" name="Telefutura eventi" service_name="Telefutura eventi" provider="ANTENNA 3" sid="7000" onid="8572" tsid="32990" />
    <channel service_ref="1:0:1:32c8:80de:217c:eeee0000:0:0:0:" name="TLC" service_name="TLC" provider="ANTENNA 3" sid="13000" onid="8572" tsid="32990" />
    <channel service_ref="1:0:1:01f9:80de:217c:eeee0000:0:0:0:" name="TV LUNA NAPOLI" service_name="TV LUNA NAPOLI" provider="ANTENNA 3" sid="505" onid="8572" tsid="32990" />
    <channel service_ref="1:0:1:1d4c:80de:217c:eeee0000:0:0:0:" name="TV3 Baiano" service_name="TV3 Baiano" provider="ANTENNA 3" sid="7500" onid="8572" tsid="32990" />
    <channel service_ref="1:0:1:0068:80de:217c:eeee0000:0:0:0:" name="Yes TV" service_name="Yes TV" provider="ANTENNA 3" sid="104" onid="8572" tsid="32990" />
    <channel service_ref="1:0:1:1f40:80de:217c:eeee0000:0:0:0:" name="Yes TV" service_name="Yes TV" provider="ANTENNA 3" sid="8000" onid="8572" tsid="32990" />
  </bouquet>
  <bouquet name="Digitale terrestre                     by Rogist" category="tv">
    <channel service_ref="1:0:1:1f40:80de:217c:eeee0000:0:0:0:" name="Yes TV" service_name="Yes TV" provider="ANTENNA 3" sid="8000" onid="8572" tsid="32990" />
    <channel service_ref="1:0:1:1f6:80de:217c:eeee0000:0:0:0:" name="ANTENNA 3" service_name="ANTENNA 3" provider="ANTENNA 3" sid="502" onid="8572" tsid="32990" />
    <channel service_ref="1:0:1:1f5:80de:217c:eeee0000:0:0:0:" name="Secondo Canale" service_name="Secondo Canale" provider="ANTENNA 3" sid="501" onid="8572" tsid="32990" />
    <channel service_ref="1:0:1:1f8:80de:217c:eeee0000:0:0:0:" name="RTA LIVE" service_name="RTA LIVE" provider="ANTENNA 3" sid="504" onid="8572" tsid="32990" />
    <channel service_ref="1:0:1:1f9:80de:217c:eeee0000:0:0:0:" name="TV LUNA NAPOLI" service_name="TV LUNA NAPOLI" provider="ANTENNA 3" sid="505" onid="8572" tsid="32990" />
    <channel service_ref="1:0:1:1fa:80de:217c:eeee0000:0:0:0:" name="ANGRI 24" service_name="ANGRI 24" provider="ANTENNA 3" sid="506" onid="8572" tsid="32990" />
    <channel service_ref="1:0:1:1fc:80de:217c:eeee0000:0:0:0:" name="FM MUSIC" service_name="FM MUSIC" provider="ANTENNA 3" sid="508" onid="8572" tsid="32990" />
    <channel service_ref="1:0:1:25e:80de:217c:eeee0000:0:0:0:" name="ANGRI 24" service_name="ANGRI 24" provider="ANTENNA 3" sid="606" onid="8572" tsid="32990" />
    <channel service_ref="1:0:1:25f:80de:217c:eeee0000:0:0:0:" name="TELEFUTURA" service_name="TELEFUTURA" provider="ANTENNA 3" sid="607" onid="8572" tsid="32990" />
    <channel service_ref="1:0:1:251c:80de:217c:eeee0000:0:0:0:" name="PANORAMA TV" service_name="PANORAMA TV" provider="ANTENNA 3" sid="9500" onid="8572" tsid="32990" />
    <channel service_ref="1:0:1:1b58:80de:217c:eeee0000:0:0:0:" name="Telefutura eventi" service_name="Telefutura eventi" provider="ANTENNA 3" sid="7000" onid="8572" tsid="32990" />
    <channel service_ref="1:0:1:1d4c:80de:217c:eeee0000:0:0:0:" name="TV3 Baiano" service_name="TV3 Baiano" provider="ANTENNA 3" sid="7500" onid="8572" tsid="32990" />
    <channel service_ref="1:0:1:2af8:80de:217c:eeee0000:0:0:0:" name="CLUB ECONOMY TV" service_name="CLUB ECONOMY TV" provider="ANTENNA 3" sid="11000" onid="8572" tsid="32990" />
    <channel service_ref="1:0:1:2cec:80de:217c:eeee0000:0:0:0:" name="RTN TV" service_name="RTN TV" provider="ANTENNA 3" sid="11500" onid="8572" tsid="32990" />
    <channel service_ref="1:0:1:2ee0:80de:217c:eeee0000:0:0:0:" name="FL TELEVISION" service_name="FL TELEVISION" provider="ANTENNA 3" sid="12000" onid="8572" tsid="32990" />
    <channel service_ref="1:0:1:30d4:80de:217c:eeee0000:0:0:0:" name="PORTICI TV" service_name="PORTICI TV" provider="ANTENNA 3" sid="12500" onid="8572" tsid="32990" />
    <channel service_ref="1:0:1:32c8:80de:217c:eeee0000:0:0:0:" name="TLC" service_name="TLC" provider="ANTENNA 3" sid="13000" onid="8572" tsid="32990" />
    <channel service_ref="1:0:1:25a:80de:217c:eeee0000:0:0:0:" name="ANTENNA 3" service_name="ANTENNA 3" provider="ANTENNA 3" sid="602" onid="8572" tsid="32990" />
  </bouquet>
</zapit>
