<?xml version='1.0' encoding='utf-8'?>
<zapit api="4">
  <satellites>
    <satellite key="020d0000:0018:020d" name="Sat-52.5E" namespace="0x020d0000" position="52.5">
      <transponder key="020d0000:0018:020d" frequency="12169000" symbol_rate="27500000" polarization="H" fec="4" system="0" modulation="0">
        <service id="0x0003" sid="3" name="Baby TV HD" type="25" provider="DU" onid="525" tsid="24" namespace="0x020d0000" />
        <service id="0x000c" sid="12" name="Disney Channel Middle East" type="25" provider="DU" onid="525" tsid="24" namespace="0x020d0000" />
        <service id="0x000d" sid="13" name="Disney Junior" type="25" provider="DU" onid="525" tsid="24" namespace="0x020d0000" />
        <service id="0x000a" sid="10" name="NG Wild HD" type="25" provider="DU" onid="525" tsid="24" namespace="0x020d0000" />
        <service id="0x000f" sid="15" name="NGC HD" type="25" provider="DU" onid="525" tsid="24" namespace="0x020d0000" />
        <service id="0x0007" sid="7" name="STAR Action Movies HD" type="25" provider="DU" onid="525" tsid="24" namespace="0x020d0000" />
        <service id="0x0002" sid="2" name="STAR Movies HD" type="25" provider="DU" onid="525" tsid="24" namespace="0x020d0000" />
        <service id="0x0001" sid="1" name="STAR World HD" type="25" provider="DU" onid="525" tsid="24" namespace="0x020d0000" />
      </transponder>
    </satellite>
  </satellites>
</zapit>
