<?xml version='1.0' encoding='utf-8'?>
<zapit>
  <bouquet name="General" category="tv">
    <channel service_ref="1:0:22:03fc:0001:217c:eeee0000:0:0:0:" name="No Name Radio powered by Rai" service_name="No Name Radio powered by Rai" provider="Rai" sid="1020" onid="8572" tsid="1" />
    <channel service_ref="1:0:25:00df:00a3:217c:eeee0000:0:0:0:" name="Rai 1 HD" service_name="Rai 1 HD" provider="Rai" sid="223" onid="8572" tsid="163" />
    <channel service_ref="1:0:31:041b:0002:217c:eeee0000:0:0:0:" name="Rai 1 HD (provvisorio)" service_name="Rai 1 HD (provvisorio)" provider="Rai" sid="1051" onid="8572" tsid="2" />
    <channel service_ref="1:0:25:00e0:00a3:217c:eeee0000:0:0:0:" name="Rai 2 HD" service_name="Rai 2 HD" provider="Rai" sid="224" onid="8572" tsid="163" />
    <channel service_ref="1:0:31:041c:0002:217c:eeee0000:0:0:0:" name="Rai 2 HD (provvisorio)" service_name="Rai 2 HD (provvisorio)" provider="Rai" sid="1052" onid="8572" tsid="2" />
    <channel service_ref="1:0:0:00e2:00a3:217c:eeee0000:0:0:0:" name="Rai 3 HD" service_name="Rai 3 HD" provider="Rai" sid="226" onid="8572" tsid="163" />
    <channel service_ref="1:0:31:041f:0002:217c:eeee0000:0:0:0:" name="Rai 3 HD (provvisorio)" service_name="Rai 3 HD (provvisorio)" provider="Rai" sid="1055" onid="8572" tsid="2" />
    <channel service_ref="1:0:1:00e4:00a3:217c:eeee0000:0:0:0:" name="Rai 3 TGR Emilia-Romagna HD" service_name="Rai 3 TGR Emilia-Romagna HD" provider="Rai" sid="228" onid="8572" tsid="163" />
    <channel service_ref="1:0:1:022b:00a3:217c:eeee0000:0:0:0:" name="Rai 3 TGR Emilia-Romagna HD" service_name="Rai 3 TGR Emilia-Romagna HD" provider="Rai" sid="555" onid="8572" tsid="163" />
    <channel service_ref="1:0:1:00e5:00a3:217c:eeee0000:0:0:0:" name="Rai 3 Tgr Lombardia" service_name="Rai 3 Tgr Lombardia" provider="Rai" sid="229" onid="8572" tsid="163" />
    <channel service_ref="1:0:1:022c:00a3:217c:eeee0000:0:0:0:" name="Rai 3 Tgr Lombardia" service_name="Rai 3 Tgr Lombardia" provider="Rai" sid="556" onid="8572" tsid="163" />
    <channel service_ref="1:0:1:00e3:00a3:217c:eeee0000:0:0:0:" name="Rai 3 TGR Veneto HD" service_name="Rai 3 TGR Veneto HD" provider="Rai" sid="227" onid="8572" tsid="163" />
    <channel service_ref="1:0:1:022a:00a3:217c:eeee0000:0:0:0:" name="Rai 3 TGR Veneto HD" service_name="Rai 3 TGR Veneto HD" provider="Rai" sid="554" onid="8572" tsid="163" />
    <channel service_ref="1:0:22:03f1:0001:217c:eeee0000:0:0:0:" name="Rai 4" service_name="Rai 4" provider="Rai" sid="1009" onid="8572" tsid="1" />
    <channel service_ref="1:0:22:00bf:0001:217c:eeee0000:0:0:0:" name="Rai 4 HD" service_name="Rai 4 HD" provider="Rai" sid="191" onid="8572" tsid="1" />
    <channel service_ref="1:0:31:01a4:0002:217c:eeee0000:0:0:0:" name="Rai 4 HD" service_name="Rai 4 HD" provider="Rai" sid="420" onid="8572" tsid="2" />
    <channel service_ref="1:0:22:03ff:0001:217c:eeee0000:0:0:0:" name="Rai 4K" service_name="Rai 4K" provider="Rai" sid="1023" onid="8572" tsid="1" />
    <channel service_ref="1:0:31:01ae:0002:217c:eeee0000:0:0:0:" name="Rai 4K Test" service_name="Rai 4K Test" provider="Rai" sid="430" onid="8572" tsid="2" />
    <channel service_ref="1:0:22:03ef:0001:217c:eeee0000:0:0:0:" name="Rai 5" service_name="Rai 5" provider="Rai" sid="1007" onid="8572" tsid="1" />
    <channel service_ref="1:0:31:01ab:0002:217c:eeee0000:0:0:0:" name="Rai 5 HD" service_name="Rai 5 HD" provider="Rai" sid="427" onid="8572" tsid="2" />
    <channel service_ref="1:0:22:03f4:0001:217c:eeee0000:0:0:0:" name="Rai GR Parlamento" service_name="Rai GR Parlamento" provider="Rai" sid="1012" onid="8572" tsid="1" />
    <channel service_ref="1:0:22:03ec:0001:217c:eeee0000:0:0:0:" name="Rai Gulp" service_name="Rai Gulp" provider="Rai" sid="1004" onid="8572" tsid="1" />
    <channel service_ref="1:0:31:01ad:0002:217c:eeee0000:0:0:0:" name="Rai Gulp HD" service_name="Rai Gulp HD" provider="Rai" sid="429" onid="8572" tsid="2" />
    <channel service_ref="1:0:22:03f5:0001:217c:eeee0000:0:0:0:" name="Rai Isoradio" service_name="Rai Isoradio" provider="Rai" sid="1013" onid="8572" tsid="1" />
    <channel service_ref="1:0:31:01aa:0002:217c:eeee0000:0:0:0:" name="Rai Movie HD" service_name="Rai Movie HD" provider="Rai" sid="426" onid="8572" tsid="2" />
    <channel service_ref="1:0:25:03ea:0001:217c:eeee0000:0:0:0:" name="Rai Movie HD" service_name="Rai Movie HD" provider="Rai" sid="1002" onid="8572" tsid="1" />
    <channel service_ref="1:0:22:00e1:00a3:217c:eeee0000:0:0:0:" name="Rai News 24" service_name="Rai News 24" provider="Rai" sid="225" onid="8572" tsid="163" />
    <channel service_ref="1:0:22:022e:00a3:217c:eeee0000:0:0:0:" name="Rai News 24" service_name="Rai News 24" provider="Rai" sid="558" onid="8572" tsid="163" />
    <channel service_ref="1:0:31:01a5:0002:217c:eeee0000:0:0:0:" name="Rai News 24 HD" service_name="Rai News 24 HD" provider="Rai" sid="421" onid="8572" tsid="2" />
    <channel service_ref="1:0:31:042d:0002:217c:eeee0000:0:0:0:" name="Rai Play" service_name="Rai Play" provider="Rai" sid="1069" onid="8572" tsid="2" />
    <channel service_ref="1:0:31:042e:0002:217c:eeee0000:0:0:0:" name="Rai Play Sound" service_name="Rai Play Sound" provider="Rai" sid="1070" onid="8572" tsid="2" />
    <channel service_ref="1:0:22:03ee:0001:217c:eeee0000:0:0:0:" name="Rai Premium" service_name="Rai Premium" provider="Rai" sid="1006" onid="8572" tsid="1" />
    <channel service_ref="1:0:22:00c3:0001:217c:eeee0000:0:0:0:" name="Rai Premium HD" service_name="Rai Premium HD" provider="Rai" sid="195" onid="8572" tsid="1" />
    <channel service_ref="1:0:31:042f:0002:217c:eeee0000:0:0:0:" name="Rai Premium HD" service_name="Rai Premium HD" provider="Rai" sid="1071" onid="8572" tsid="2" />
    <channel service_ref="1:0:22:03fb:0001:217c:eeee0000:0:0:0:" name="Rai Radio 1 Sport" service_name="Rai Radio 1 Sport" provider="Rai" sid="1019" onid="8572" tsid="1" />
    <channel service_ref="1:0:31:041d:0002:217c:eeee0000:0:0:0:" name="Rai Radio 2 Visual HD" service_name="Rai Radio 2 Visual HD" provider="Rai" sid="1053" onid="8572" tsid="2" />
    <channel service_ref="1:0:22:03f6:0001:217c:eeee0000:0:0:0:" name="Rai Radio 3 Classica" service_name="Rai Radio 3 Classica" provider="Rai" sid="1014" onid="8572" tsid="1" />
    <channel service_ref="1:0:22:03f7:0001:217c:eeee0000:0:0:0:" name="Rai Radio Kids" service_name="Rai Radio Kids" provider="Rai" sid="1015" onid="8572" tsid="1" />
    <channel service_ref="1:0:22:03f8:0001:217c:eeee0000:0:0:0:" name="Rai Radio Live Napoli" service_name="Rai Radio Live Napoli" provider="Rai" sid="1016" onid="8572" tsid="1" />
    <channel service_ref="1:0:22:03f9:0001:217c:eeee0000:0:0:0:" name="Rai Radio Techete'" service_name="Rai Radio Techete'" provider="Rai" sid="1017" onid="8572" tsid="1" />
    <channel service_ref="1:0:22:03fa:0001:217c:eeee0000:0:0:0:" name="Rai Radio Tutta Italiana" service_name="Rai Radio Tutta Italiana" provider="Rai" sid="1018" onid="8572" tsid="1" />
    <channel service_ref="1:0:22:00c1:0001:217c:eeee0000:0:0:0:" name="Rai Scuola HD" service_name="Rai Scuola HD" provider="Rai" sid="193" onid="8572" tsid="1" />
    <channel service_ref="1:0:25:041e:0002:217c:eeee0000:0:0:0:" name="Rai Scuola HD" service_name="Rai Scuola HD" provider="Rai" sid="1054" onid="8572" tsid="2" />
    <channel service_ref="1:0:31:01a9:0002:217c:eeee0000:0:0:0:" name="Rai Sport HD" service_name="Rai Sport HD" provider="Rai" sid="425" onid="8572" tsid="2" />
    <channel service_ref="1:0:25:03e9:0001:217c:eeee0000:0:0:0:" name="Rai Sport HD" service_name="Rai Sport HD" provider="Rai" sid="1001" onid="8572" tsid="1" />
    <channel service_ref="1:0:22:00c2:0001:217c:eeee0000:0:0:0:" name="Rai Storia HD" service_name="Rai Storia HD" provider="Rai" sid="194" onid="8572" tsid="1" />
    <channel service_ref="1:0:31:01a7:0002:217c:eeee0000:0:0:0:" name="Rai Storia HD" service_name="Rai Storia HD" provider="Rai" sid="423" onid="8572" tsid="2" />
    <channel service_ref="1:0:22:03ed:0001:217c:eeee0000:0:0:0:" name="Rai YoYo" service_name="Rai YoYo" provider="Rai" sid="1005" onid="8572" tsid="1" />
    <channel service_ref="1:0:31:042a:0002:217c:eeee0000:0:0:0:" name="Rai YoYo HD" service_name="Rai YoYo HD" provider="Rai" sid="1066" onid="8572" tsid="2" />
    <channel service_ref="1:0:31:01af:0002:217c:eeee0000:0:0:0:" name="RTV San Marino" service_name="RTV San Marino" provider="Rai" sid="431" onid="8572" tsid="2" />
  </bouquet>
  <bouquet name="Movies" category="tv">
    <channel service_ref="1:0:31:01aa:0002:217c:eeee0000:0:0:0:" name="Rai Movie HD" service_name="Rai Movie HD" provider="Rai" sid="426" onid="8572" tsid="2" />
    <channel service_ref="1:0:25:03ea:0001:217c:eeee0000:0:0:0:" name="Rai Movie HD" service_name="Rai Movie HD" provider="Rai" sid="1002" onid="8572" tsid="1" />
  </bouquet>
  <bouquet name="News" category="tv">
    <channel service_ref="1:0:22:00e1:00a3:217c:eeee0000:0:0:0:" name="Rai News 24" service_name="Rai News 24" provider="Rai" sid="225" onid="8572" tsid="163" />
    <channel service_ref="1:0:22:022e:00a3:217c:eeee0000:0:0:0:" name="Rai News 24" service_name="Rai News 24" provider="Rai" sid="558" onid="8572" tsid="163" />
    <channel service_ref="1:0:31:01a5:0002:217c:eeee0000:0:0:0:" name="Rai News 24 HD" service_name="Rai News 24 HD" provider="Rai" sid="421" onid="8572" tsid="2" />
  </bouquet>
  <bouquet name="Sports" category="tv">
    <channel service_ref="1:0:22:03fb:0001:217c:eeee0000:0:0:0:" name="Rai Radio 1 Sport" service_name="Rai Radio 1 Sport" provider="Rai" sid="1019" onid="8572" tsid="1" />
    <channel service_ref="1:0:31:01a9:0002:217c:eeee0000:0:0:0:" name="Rai Sport HD" service_name="Rai Sport HD" provider="Rai" sid="425" onid="8572" tsid="2" />
    <channel service_ref="1:0:25:03e9:0001:217c:eeee0000:0:0:0:" name="Rai Sport HD" service_name="Rai Sport HD" provider="Rai" sid="1001" onid="8572" tsid="1" />
  </bouquet>
  <bouquet name="Kids" category="tv">
    <channel service_ref="1:0:22:03f7:0001:217c:eeee0000:0:0:0:" name="Rai Radio Kids" service_name="Rai Radio Kids" provider="Rai" sid="1015" onid="8572" tsid="1" />
  </bouquet>
  <bouquet name="ARD/ZDF" category="tv">
    <channel service_ref="1:0:1:00e5:00a3:217c:eeee0000:0:0:0:" name="Rai 3 Tgr Lombardia" service_name="Rai 3 Tgr Lombardia" provider="Rai" sid="229" onid="8572" tsid="163" />
    <channel service_ref="1:0:1:022c:00a3:217c:eeee0000:0:0:0:" name="Rai 3 Tgr Lombardia" service_name="Rai 3 Tgr Lombardia" provider="Rai" sid="556" onid="8572" tsid="163" />
  </bouquet>
  <bouquet name="RAI" category="tv">
    <channel service_ref="1:0:22:03fc:0001:217c:eeee0000:0:0:0:" name="No Name Radio powered by Rai" service_name="No Name Radio powered by Rai" provider="Rai" sid="1020" onid="8572" tsid="1" />
    <channel service_ref="1:0:22:03fc:0001:217c:eeee0000:0:0:0:" name="No Name Radio powered by Rai" service_name="No Name Radio powered by Rai" provider="Rai" sid="1020" onid="8572" tsid="1" />
    <channel service_ref="1:0:25:00df:00a3:217c:eeee0000:0:0:0:" name="Rai 1 HD" service_name="Rai 1 HD" provider="Rai" sid="223" onid="8572" tsid="163" />
    <channel service_ref="1:0:25:00df:00a3:217c:eeee0000:0:0:0:" name="Rai 1 HD" service_name="Rai 1 HD" provider="Rai" sid="223" onid="8572" tsid="163" />
    <channel service_ref="1:0:31:041b:0002:217c:eeee0000:0:0:0:" name="Rai 1 HD (provvisorio)" service_name="Rai 1 HD (provvisorio)" provider="Rai" sid="1051" onid="8572" tsid="2" />
    <channel service_ref="1:0:31:041b:0002:217c:eeee0000:0:0:0:" name="Rai 1 HD (provvisorio)" service_name="Rai 1 HD (provvisorio)" provider="Rai" sid="1051" onid="8572" tsid="2" />
    <channel service_ref="1:0:25:00e0:00a3:217c:eeee0000:0:0:0:" name="Rai 2 HD" service_name="Rai 2 HD" provider="Rai" sid="224" onid="8572" tsid="163" />
    <channel service_ref="1:0:25:00e0:00a3:217c:eeee0000:0:0:0:" name="Rai 2 HD" service_name="Rai 2 HD" provider="Rai" sid="224" onid="8572" tsid="163" />
    <channel service_ref="1:0:31:041c:0002:217c:eeee0000:0:0:0:" name="Rai 2 HD (provvisorio)" service_name="Rai 2 HD (provvisorio)" provider="Rai" sid="1052" onid="8572" tsid="2" />
    <channel service_ref="1:0:31:041c:0002:217c:eeee0000:0:0:0:" name="Rai 2 HD (provvisorio)" service_name="Rai 2 HD (provvisorio)" provider="Rai" sid="1052" onid="8572" tsid="2" />
    <channel service_ref="1:0:0:00e2:00a3:217c:eeee0000:0:0:0:" name="Rai 3 HD" service_name="Rai 3 HD" provider="Rai" sid="226" onid="8572" tsid="163" />
    <channel service_ref="1:0:0:00e2:00a3:217c:eeee0000:0:0:0:" name="Rai 3 HD" service_name="Rai 3 HD" provider="Rai" sid="226" onid="8572" tsid="163" />
    <channel service_ref="1:0:31:041f:0002:217c:eeee0000:0:0:0:" name="Rai 3 HD (provvisorio)" service_name="Rai 3 HD (provvisorio)" provider="Rai" sid="1055" onid="8572" tsid="2" />
    <channel service_ref="1:0:31:041f:0002:217c:eeee0000:0:0:0:" name="Rai 3 HD (provvisorio)" service_name="Rai 3 HD (provvisorio)" provider="Rai" sid="1055" onid="8572" tsid="2" />
    <channel service_ref="1:0:1:00e4:00a3:217c:eeee0000:0:0:0:" name="Rai 3 TGR Emilia-Romagna HD" service_name="Rai 3 TGR Emilia-Romagna HD" provider="Rai" sid="228" onid="8572" tsid="163" />
    <channel service_ref="1:0:1:00e4:00a3:217c:eeee0000:0:0:0:" name="Rai 3 TGR Emilia-Romagna HD" service_name="Rai 3 TGR Emilia-Romagna HD" provider="Rai" sid="228" onid="8572" tsid="163" />
    <channel service_ref="1:0:1:022b:00a3:217c:eeee0000:0:0:0:" name="Rai 3 TGR Emilia-Romagna HD" service_name="Rai 3 TGR Emilia-Romagna HD" provider="Rai" sid="555" onid="8572" tsid="163" />
    <channel service_ref="1:0:1:022b:00a3:217c:eeee0000:0:0:0:" name="Rai 3 TGR Emilia-Romagna HD" service_name="Rai 3 TGR Emilia-Romagna HD" provider="Rai" sid="555" onid="8572" tsid="163" />
    <channel service_ref="1:0:1:00e5:00a3:217c:eeee0000:0:0:0:" name="Rai 3 Tgr Lombardia" service_name="Rai 3 Tgr Lombardia" provider="Rai" sid="229" onid="8572" tsid="163" />
    <channel service_ref="1:0:1:022c:00a3:217c:eeee0000:0:0:0:" name="Rai 3 Tgr Lombardia" service_name="Rai 3 Tgr Lombardia" provider="Rai" sid="556" onid="8572" tsid="163" />
    <channel service_ref="1:0:1:00e3:00a3:217c:eeee0000:0:0:0:" name="Rai 3 TGR Veneto HD" service_name="Rai 3 TGR Veneto HD" provider="Rai" sid="227" onid="8572" tsid="163" />
    <channel service_ref="1:0:1:00e3:00a3:217c:eeee0000:0:0:0:" name="Rai 3 TGR Veneto HD" service_name="Rai 3 TGR Veneto HD" provider="Rai" sid="227" onid="8572" tsid="163" />
    <channel service_ref="1:0:1:022a:00a3:217c:eeee0000:0:0:0:" name="Rai 3 TGR Veneto HD" service_name="Rai 3 TGR Veneto HD" provider="Rai" sid="554" onid="8572" tsid="163" />
    <channel service_ref="1:0:1:022a:00a3:217c:eeee0000:0:0:0:" name="Rai 3 TGR Veneto HD" service_name="Rai 3 TGR Veneto HD" provider="Rai" sid="554" onid="8572" tsid="163" />
    <channel service_ref="1:0:22:03f1:0001:217c:eeee0000:0:0:0:" name="Rai 4" service_name="Rai 4" provider="Rai" sid="1009" onid="8572" tsid="1" />
    <channel service_ref="1:0:22:03f1:0001:217c:eeee0000:0:0:0:" name="Rai 4" service_name="Rai 4" provider="Rai" sid="1009" onid="8572" tsid="1" />
    <channel service_ref="1:0:22:00bf:0001:217c:eeee0000:0:0:0:" name="Rai 4 HD" service_name="Rai 4 HD" provider="Rai" sid="191" onid="8572" tsid="1" />
    <channel service_ref="1:0:22:00bf:0001:217c:eeee0000:0:0:0:" name="Rai 4 HD" service_name="Rai 4 HD" provider="Rai" sid="191" onid="8572" tsid="1" />
    <channel service_ref="1:0:31:01a4:0002:217c:eeee0000:0:0:0:" name="Rai 4 HD" service_name="Rai 4 HD" provider="Rai" sid="420" onid="8572" tsid="2" />
    <channel service_ref="1:0:31:01a4:0002:217c:eeee0000:0:0:0:" name="Rai 4 HD" service_name="Rai 4 HD" provider="Rai" sid="420" onid="8572" tsid="2" />
    <channel service_ref="1:0:22:03ff:0001:217c:eeee0000:0:0:0:" name="Rai 4K" service_name="Rai 4K" provider="Rai" sid="1023" onid="8572" tsid="1" />
    <channel service_ref="1:0:22:03ff:0001:217c:eeee0000:0:0:0:" name="Rai 4K" service_name="Rai 4K" provider="Rai" sid="1023" onid="8572" tsid="1" />
    <channel service_ref="1:0:31:01ae:0002:217c:eeee0000:0:0:0:" name="Rai 4K Test" service_name="Rai 4K Test" provider="Rai" sid="430" onid="8572" tsid="2" />
    <channel service_ref="1:0:31:01ae:0002:217c:eeee0000:0:0:0:" name="Rai 4K Test" service_name="Rai 4K Test" provider="Rai" sid="430" onid="8572" tsid="2" />
    <channel service_ref="1:0:22:03ef:0001:217c:eeee0000:0:0:0:" name="Rai 5" service_name="Rai 5" provider="Rai" sid="1007" onid="8572" tsid="1" />
    <channel service_ref="1:0:22:03ef:0001:217c:eeee0000:0:0:0:" name="Rai 5" service_name="Rai 5" provider="Rai" sid="1007" onid="8572" tsid="1" />
    <channel service_ref="1:0:31:01ab:0002:217c:eeee0000:0:0:0:" name="Rai 5 HD" service_name="Rai 5 HD" provider="Rai" sid="427" onid="8572" tsid="2" />
    <channel service_ref="1:0:31:01ab:0002:217c:eeee0000:0:0:0:" name="Rai 5 HD" service_name="Rai 5 HD" provider="Rai" sid="427" onid="8572" tsid="2" />
    <channel service_ref="1:0:22:03f4:0001:217c:eeee0000:0:0:0:" name="Rai GR Parlamento" service_name="Rai GR Parlamento" provider="Rai" sid="1012" onid="8572" tsid="1" />
    <channel service_ref="1:0:22:03f4:0001:217c:eeee0000:0:0:0:" name="Rai GR Parlamento" service_name="Rai GR Parlamento" provider="Rai" sid="1012" onid="8572" tsid="1" />
    <channel service_ref="1:0:22:03ec:0001:217c:eeee0000:0:0:0:" name="Rai Gulp" service_name="Rai Gulp" provider="Rai" sid="1004" onid="8572" tsid="1" />
    <channel service_ref="1:0:22:03ec:0001:217c:eeee0000:0:0:0:" name="Rai Gulp" service_name="Rai Gulp" provider="Rai" sid="1004" onid="8572" tsid="1" />
    <channel service_ref="1:0:31:01ad:0002:217c:eeee0000:0:0:0:" name="Rai Gulp HD" service_name="Rai Gulp HD" provider="Rai" sid="429" onid="8572" tsid="2" />
    <channel service_ref="1:0:31:01ad:0002:217c:eeee0000:0:0:0:" name="Rai Gulp HD" service_name="Rai Gulp HD" provider="Rai" sid="429" onid="8572" tsid="2" />
    <channel service_ref="1:0:22:03f5:0001:217c:eeee0000:0:0:0:" name="Rai Isoradio" service_name="Rai Isoradio" provider="Rai" sid="1013" onid="8572" tsid="1" />
    <channel service_ref="1:0:22:03f5:0001:217c:eeee0000:0:0:0:" name="Rai Isoradio" service_name="Rai Isoradio" provider="Rai" sid="1013" onid="8572" tsid="1" />
    <channel service_ref="1:0:31:01aa:0002:217c:eeee0000:0:0:0:" name="Rai Movie HD" service_name="Rai Movie HD" provider="Rai" sid="426" onid="8572" tsid="2" />
    <channel service_ref="1:0:25:03ea:0001:217c:eeee0000:0:0:0:" name="Rai Movie HD" service_name="Rai Movie HD" provider="Rai" sid="1002" onid="8572" tsid="1" />
    <channel service_ref="1:0:22:00e1:00a3:217c:eeee0000:0:0:0:" name="Rai News 24" service_name="Rai News 24" provider="Rai" sid="225" onid="8572" tsid="163" />
    <channel service_ref="1:0:22:022e:00a3:217c:eeee0000:0:0:0:" name="Rai News 24" service_name="Rai News 24" provider="Rai" sid="558" onid="8572" tsid="163" />
    <channel service_ref="1:0:31:01a5:0002:217c:eeee0000:0:0:0:" name="Rai News 24 HD" service_name="Rai News 24 HD" provider="Rai" sid="421" onid="8572" tsid="2" />
    <channel service_ref="1:0:31:042d:0002:217c:eeee0000:0:0:0:" name="Rai Play" service_name="Rai Play" provider="Rai" sid="1069" onid="8572" tsid="2" />
    <channel service_ref="1:0:31:042d:0002:217c:eeee0000:0:0:0:" name="Rai Play" service_name="Rai Play" provider="Rai" sid="1069" onid="8572" tsid="2" />
    <channel service_ref="1:0:31:042e:0002:217c:eeee0000:0:0:0:" name="Rai Play Sound" service_name="Rai Play Sound" provider="Rai" sid="1070" onid="8572" tsid="2" />
    <channel service_ref="1:0:31:042e:0002:217c:eeee0000:0:0:0:" name="Rai Play Sound" service_name="Rai Play Sound" provider="Rai" sid="1070" onid="8572" tsid="2" />
    <channel service_ref="1:0:22:03ee:0001:217c:eeee0000:0:0:0:" name="Rai Premium" service_name="Rai Premium" provider="Rai" sid="1006" onid="8572" tsid="1" />
    <channel service_ref="1:0:22:03ee:0001:217c:eeee0000:0:0:0:" name="Rai Premium" service_name="Rai Premium" provider="Rai" sid="1006" onid="8572" tsid="1" />
    <channel service_ref="1:0:22:00c3:0001:217c:eeee0000:0:0:0:" name="Rai Premium HD" service_name="Rai Premium HD" provider="Rai" sid="195" onid="8572" tsid="1" />
    <channel service_ref="1:0:22:00c3:0001:217c:eeee0000:0:0:0:" name="Rai Premium HD" service_name="Rai Premium HD" provider="Rai" sid="195" onid="8572" tsid="1" />
    <channel service_ref="1:0:31:042f:0002:217c:eeee0000:0:0:0:" name="Rai Premium HD" service_name="Rai Premium HD" provider="Rai" sid="1071" onid="8572" tsid="2" />
    <channel service_ref="1:0:31:042f:0002:217c:eeee0000:0:0:0:" name="Rai Premium HD" service_name="Rai Premium HD" provider="Rai" sid="1071" onid="8572" tsid="2" />
    <channel service_ref="1:0:22:03fb:0001:217c:eeee0000:0:0:0:" name="Rai Radio 1 Sport" service_name="Rai Radio 1 Sport" provider="Rai" sid="1019" onid="8572" tsid="1" />
    <channel service_ref="1:0:31:041d:0002:217c:eeee0000:0:0:0:" name="Rai Radio 2 Visual HD" service_name="Rai Radio 2 Visual HD" provider="Rai" sid="1053" onid="8572" tsid="2" />
    <channel service_ref="1:0:31:041d:0002:217c:eeee0000:0:0:0:" name="Rai Radio 2 Visual HD" service_name="Rai Radio 2 Visual HD" provider="Rai" sid="1053" onid="8572" tsid="2" />
    <channel service_ref="1:0:22:03f6:0001:217c:eeee0000:0:0:0:" name="Rai Radio 3 Classica" service_name="Rai Radio 3 Classica" provider="Rai" sid="1014" onid="8572" tsid="1" />
    <channel service_ref="1:0:22:03f6:0001:217c:eeee0000:0:0:0:" name="Rai Radio 3 Classica" service_name="Rai Radio 3 Classica" provider="Rai" sid="1014" onid="8572" tsid="1" />
    <channel service_ref="1:0:22:03f7:0001:217c:eeee0000:0:0:0:" name="Rai Radio Kids" service_name="Rai Radio Kids" provider="Rai" sid="1015" onid="8572" tsid="1" />
    <channel service_ref="1:0:22:03f8:0001:217c:eeee0000:0:0:0:" name="Rai Radio Live Napoli" service_name="Rai Radio Live Napoli" provider="Rai" sid="1016" onid="8572" tsid="1" />
    <channel service_ref="1:0:22:03f8:0001:217c:eeee0000:0:0:0:" name="Rai Radio Live Napoli" service_name="Rai Radio Live Napoli" provider="Rai" sid="1016" onid="8572" tsid="1" />
    <channel service_ref="1:0:22:03f9:0001:217c:eeee0000:0:0:0:" name="Rai Radio Techete'" service_name="Rai Radio Techete'" provider="Rai" sid="1017" onid="8572" tsid="1" />
    <channel service_ref="1:0:22:03f9:0001:217c:eeee0000:0:0:0:" name="Rai Radio Techete'" service_name="Rai Radio Techete'" provider="Rai" sid="1017" onid="8572" tsid="1" />
    <channel service_ref="1:0:22:03fa:0001:217c:eeee0000:0:0:0:" name="Rai Radio Tutta Italiana" service_name="Rai Radio Tutta Italiana" provider="Rai" sid="1018" onid="8572" tsid="1" />
    <channel service_ref="1:0:22:03fa:0001:217c:eeee0000:0:0:0:" name="Rai Radio Tutta Italiana" service_name="Rai Radio Tutta Italiana" provider="Rai" sid="1018" onid="8572" tsid="1" />
    <channel service_ref="1:0:22:00c1:0001:217c:eeee0000:0:0:0:" name="Rai Scuola HD" service_name="Rai Scuola HD" provider="Rai" sid="193" onid="8572" tsid="1" />
    <channel service_ref="1:0:22:00c1:0001:217c:eeee0000:0:0:0:" name="Rai Scuola HD" service_name="Rai Scuola HD" provider="Rai" sid="193" onid="8572" tsid="1" />
    <channel service_ref="1:0:25:041e:0002:217c:eeee0000:0:0:0:" name="Rai Scuola HD" service_name="Rai Scuola HD" provider="Rai" sid="1054" onid="8572" tsid="2" />
    <channel service_ref="1:0:25:041e:0002:217c:eeee0000:0:0:0:" name="Rai Scuola HD" service_name="Rai Scuola HD" provider="Rai" sid="1054" onid="8572" tsid="2" />
    <channel service_ref="1:0:31:01a9:0002:217c:eeee0000:0:0:0:" name="Rai Sport HD" service_name="Rai Sport HD" provider="Rai" sid="425" onid="8572" tsid="2" />
    <channel service_ref="1:0:25:03e9:0001:217c:eeee0000:0:0:0:" name="Rai Sport HD" service_name="Rai Sport HD" provider="Rai" sid="1001" onid="8572" tsid="1" />
    <channel service_ref="1:0:22:00c2:0001:217c:eeee0000:0:0:0:" name="Rai Storia HD" service_name="Rai Storia HD" provider="Rai" sid="194" onid="8572" tsid="1" />
    <channel service_ref="1:0:22:00c2:0001:217c:eeee0000:0:0:0:" name="Rai Storia HD" service_name="Rai Storia HD" provider="Rai" sid="194" onid="8572" tsid="1" />
    <channel service_ref="1:0:31:01a7:0002:217c:eeee0000:0:0:0:" name="Rai Storia HD" service_name="Rai Storia HD" provider="Rai" sid="423" onid="8572" tsid="2" />
    <channel service_ref="1:0:31:01a7:0002:217c:eeee0000:0:0:0:" name="Rai Storia HD" service_name="Rai Storia HD" provider="Rai" sid="423" onid="8572" tsid="2" />
    <channel service_ref="1:0:22:03ed:0001:217c:eeee0000:0:0:0:" name="Rai YoYo" service_name="Rai YoYo" provider="Rai" sid="1005" onid="8572" tsid="1" />
    <channel service_ref="1:0:22:03ed:0001:217c:eeee0000:0:0:0:" name="Rai YoYo" service_name="Rai YoYo" provider="Rai" sid="1005" onid="8572" tsid="1" />
    <channel service_ref="1:0:31:042a:0002:217c:eeee0000:0:0:0:" name="Rai YoYo HD" service_name="Rai YoYo HD" provider="Rai" sid="1066" onid="8572" tsid="2" />
    <channel service_ref="1:0:31:042a:0002:217c:eeee0000:0:0:0:" name="Rai YoYo HD" service_name="Rai YoYo HD" provider="Rai" sid="1066" onid="8572" tsid="2" />
    <channel service_ref="1:0:31:01af:0002:217c:eeee0000:0:0:0:" name="RTV San Marino" service_name="RTV San Marino" provider="Rai" sid="431" onid="8572" tsid="2" />
    <channel service_ref="1:0:31:01af:0002:217c:eeee0000:0:0:0:" name="RTV San Marino" service_name="RTV San Marino" provider="Rai" sid="431" onid="8572" tsid="2" />
  </bouquet>
  <bouquet name="Resolution - UHD" category="tv">
    <channel service_ref="1:0:22:03ff:0001:217c:eeee0000:0:0:0:" name="Rai 4K" service_name="Rai 4K" provider="Rai" sid="1023" onid="8572" tsid="1" />
    <channel service_ref="1:0:31:01ae:0002:217c:eeee0000:0:0:0:" name="Rai 4K Test" service_name="Rai 4K Test" provider="Rai" sid="430" onid="8572" tsid="2" />
  </bouquet>
  <bouquet name="Resolution - HD" category="tv">
    <channel service_ref="1:0:25:00df:00a3:217c:eeee0000:0:0:0:" name="Rai 1 HD" service_name="Rai 1 HD" provider="Rai" sid="223" onid="8572" tsid="163" />
    <channel service_ref="1:0:31:041b:0002:217c:eeee0000:0:0:0:" name="Rai 1 HD (provvisorio)" service_name="Rai 1 HD (provvisorio)" provider="Rai" sid="1051" onid="8572" tsid="2" />
    <channel service_ref="1:0:25:00e0:00a3:217c:eeee0000:0:0:0:" name="Rai 2 HD" service_name="Rai 2 HD" provider="Rai" sid="224" onid="8572" tsid="163" />
    <channel service_ref="1:0:31:041c:0002:217c:eeee0000:0:0:0:" name="Rai 2 HD (provvisorio)" service_name="Rai 2 HD (provvisorio)" provider="Rai" sid="1052" onid="8572" tsid="2" />
    <channel service_ref="1:0:0:00e2:00a3:217c:eeee0000:0:0:0:" name="Rai 3 HD" service_name="Rai 3 HD" provider="Rai" sid="226" onid="8572" tsid="163" />
    <channel service_ref="1:0:31:041f:0002:217c:eeee0000:0:0:0:" name="Rai 3 HD (provvisorio)" service_name="Rai 3 HD (provvisorio)" provider="Rai" sid="1055" onid="8572" tsid="2" />
    <channel service_ref="1:0:1:00e4:00a3:217c:eeee0000:0:0:0:" name="Rai 3 TGR Emilia-Romagna HD" service_name="Rai 3 TGR Emilia-Romagna HD" provider="Rai" sid="228" onid="8572" tsid="163" />
    <channel service_ref="1:0:1:022b:00a3:217c:eeee0000:0:0:0:" name="Rai 3 TGR Emilia-Romagna HD" service_name="Rai 3 TGR Emilia-Romagna HD" provider="Rai" sid="555" onid="8572" tsid="163" />
    <channel service_ref="1:0:1:00e3:00a3:217c:eeee0000:0:0:0:" name="Rai 3 TGR Veneto HD" service_name="Rai 3 TGR Veneto HD" provider="Rai" sid="227" onid="8572" tsid="163" />
    <channel service_ref="1:0:1:022a:00a3:217c:eeee0000:0:0:0:" name="Rai 3 TGR Veneto HD" service_name="Rai 3 TGR Veneto HD" provider="Rai" sid="554" onid="8572" tsid="163" />
    <channel service_ref="1:0:22:00bf:0001:217c:eeee0000:0:0:0:" name="Rai 4 HD" service_name="Rai 4 HD" provider="Rai" sid="191" onid="8572" tsid="1" />
    <channel service_ref="1:0:31:01a4:0002:217c:eeee0000:0:0:0:" name="Rai 4 HD" service_name="Rai 4 HD" provider="Rai" sid="420" onid="8572" tsid="2" />
    <channel service_ref="1:0:31:01ab:0002:217c:eeee0000:0:0:0:" name="Rai 5 HD" service_name="Rai 5 HD" provider="Rai" sid="427" onid="8572" tsid="2" />
    <channel service_ref="1:0:31:01ad:0002:217c:eeee0000:0:0:0:" name="Rai Gulp HD" service_name="Rai Gulp HD" provider="Rai" sid="429" onid="8572" tsid="2" />
    <channel service_ref="1:0:31:01aa:0002:217c:eeee0000:0:0:0:" name="Rai Movie HD" service_name="Rai Movie HD" provider="Rai" sid="426" onid="8572" tsid="2" />
    <channel service_ref="1:0:25:03ea:0001:217c:eeee0000:0:0:0:" name="Rai Movie HD" service_name="Rai Movie HD" provider="Rai" sid="1002" onid="8572" tsid="1" />
    <channel service_ref="1:0:31:01a5:0002:217c:eeee0000:0:0:0:" name="Rai News 24 HD" service_name="Rai News 24 HD" provider="Rai" sid="421" onid="8572" tsid="2" />
    <channel service_ref="1:0:22:00c3:0001:217c:eeee0000:0:0:0:" name="Rai Premium HD" service_name="Rai Premium HD" provider="Rai" sid="195" onid="8572" tsid="1" />
    <channel service_ref="1:0:31:042f:0002:217c:eeee0000:0:0:0:" name="Rai Premium HD" service_name="Rai Premium HD" provider="Rai" sid="1071" onid="8572" tsid="2" />
    <channel service_ref="1:0:31:041d:0002:217c:eeee0000:0:0:0:" name="Rai Radio 2 Visual HD" service_name="Rai Radio 2 Visual HD" provider="Rai" sid="1053" onid="8572" tsid="2" />
    <channel service_ref="1:0:22:00c1:0001:217c:eeee0000:0:0:0:" name="Rai Scuola HD" service_name="Rai Scuola HD" provider="Rai" sid="193" onid="8572" tsid="1" />
    <channel service_ref="1:0:25:041e:0002:217c:eeee0000:0:0:0:" name="Rai Scuola HD" service_name="Rai Scuola HD" provider="Rai" sid="1054" onid="8572" tsid="2" />
    <channel service_ref="1:0:31:01a9:0002:217c:eeee0000:0:0:0:" name="Rai Sport HD" service_name="Rai Sport HD" provider="Rai" sid="425" onid="8572" tsid="2" />
    <channel service_ref="1:0:25:03e9:0001:217c:eeee0000:0:0:0:" name="Rai Sport HD" service_name="Rai Sport HD" provider="Rai" sid="1001" onid="8572" tsid="1" />
    <channel service_ref="1:0:22:00c2:0001:217c:eeee0000:0:0:0:" name="Rai Storia HD" service_name="Rai Storia HD" provider="Rai" sid="194" onid="8572" tsid="1" />
    <channel service_ref="1:0:31:01a7:0002:217c:eeee0000:0:0:0:" name="Rai Storia HD" service_name="Rai Storia HD" provider="Rai" sid="423" onid="8572" tsid="2" />
    <channel service_ref="1:0:31:042a:0002:217c:eeee0000:0:0:0:" name="Rai YoYo HD" service_name="Rai YoYo HD" provider="Rai" sid="1066" onid="8572" tsid="2" />
  </bouquet>
  <bouquet name="Radio" category="radio">
    <channel service_ref="1:0:10:03fe:0001:217c:eeee0000:0:0:0:" name="Rai Radio 1" service_name="Rai Radio 1" provider="Rai" sid="1022" onid="8572" tsid="1" />
    <channel service_ref="1:0:2:03f2:0001:217c:eeee0000:0:0:0:" name="Rai Radio 2" service_name="Rai Radio 2" provider="Rai" sid="1010" onid="8572" tsid="1" />
    <channel service_ref="1:0:2:03f3:0001:217c:eeee0000:0:0:0:" name="Rai Radio 3" service_name="Rai Radio 3" provider="Rai" sid="1011" onid="8572" tsid="1" />
  </bouquet>
  <bouquet name="Radio - International" category="radio">
    <channel service_ref="1:0:10:03fe:0001:217c:eeee0000:0:0:0:" name="Rai Radio 1" service_name="Rai Radio 1" provider="Rai" sid="1022" onid="8572" tsid="1" />
    <channel service_ref="1:0:2:03f2:0001:217c:eeee0000:0:0:0:" name="Rai Radio 2" service_name="Rai Radio 2" provider="Rai" sid="1010" onid="8572" tsid="1" />
    <channel service_ref="1:0:2:03f3:0001:217c:eeee0000:0:0:0:" name="Rai Radio 3" service_name="Rai Radio 3" provider="Rai" sid="1011" onid="8572" tsid="1" />
  </bouquet>
</zapit>
