<?xml version='1.0' encoding='utf-8'?>
<zapit>
  <bouquet name="General" category="tv">
    <channel service_ref="1:0:1:0001:0001:0001:0d7a312c:0:0:0:" name="DAD 4 - FT-11" service_name="DAD 4 - FT-11" provider="NBC News" sid="1" onid="1" tsid="1" />
    <channel service_ref="1:0:1:0002:0001:0001:0d7a312c:0:0:0:" name="DAD 5 - FT-12" service_name="DAD 5 - FT-12" provider="NBC News" sid="2" onid="1" tsid="1" />
    <channel service_ref="1:0:1:0001:0000:0000:0d7a30e9:0:0:0:" name="DAD-5 Fiber TX-12" service_name="DAD-5 Fiber TX-12" provider="NBC SATOPS" sid="1" onid="0" tsid="0" />
    <channel service_ref="1:0:1:00b5:0001:0000:0d7a3141:0:0:0:" name="Espn 901" service_name="Espn 901" provider="ESPN" sid="181" onid="0" tsid="1" />
    <channel service_ref="1:0:1:00b6:0001:0000:0d7a3141:0:0:0:" name="Espn 902" service_name="Espn 902" provider="ESPN" sid="182" onid="0" tsid="1" />
    <channel service_ref="1:0:1:0001:0000:0000:0d7a30da:0:0:0:" name="MSNBC feed" service_name="MSNBC feed" provider="" sid="1" onid="0" tsid="0" />
  </bouquet>
  <bouquet name="News" category="tv">
    <channel service_ref="1:0:1:0001:0001:0001:0d7a312c:0:0:0:" name="DAD 4 - FT-11" service_name="DAD 4 - FT-11" provider="NBC News" sid="1" onid="1" tsid="1" />
    <channel service_ref="1:0:1:0002:0001:0001:0d7a312c:0:0:0:" name="DAD 5 - FT-12" service_name="DAD 5 - FT-12" provider="NBC News" sid="2" onid="1" tsid="1" />
  </bouquet>
  <bouquet name="Sports" category="tv">
    <channel service_ref="1:0:1:00b5:0001:0000:0d7a3141:0:0:0:" name="Espn 901" service_name="Espn 901" provider="ESPN" sid="181" onid="0" tsid="1" />
    <channel service_ref="1:0:1:00b6:0001:0000:0d7a3141:0:0:0:" name="Espn 902" service_name="Espn 902" provider="ESPN" sid="182" onid="0" tsid="1" />
  </bouquet>
  <bouquet name="Switzerland" category="tv">
    <channel service_ref="1:0:1:0001:0000:0000:0d7a30e9:0:0:0:" name="DAD-5 Fiber TX-12" service_name="DAD-5 Fiber TX-12" provider="NBC SATOPS" sid="1" onid="0" tsid="0" />
  </bouquet>
  <bouquet name="Others" category="tv">
    <channel service_ref="1:0:1:0001:0000:0000:0d7a30da:0:0:0:" name="MSNBC feed" service_name="MSNBC feed" provider="" sid="1" onid="0" tsid="0" />
  </bouquet>
  <bouquet name="Radio" category="radio">
    <channel service_ref="1:0:2:0014:0001:0001:0d7aacf2:0:0:0:" name="EXRN1" service_name="EXRN1" provider="International Datacasting" sid="20" onid="1" tsid="1" />
    <channel service_ref="1:0:2:0015:0001:0001:0d7aacf2:0:0:0:" name="EXRN2" service_name="EXRN2" provider="International Datacasting" sid="21" onid="1" tsid="1" />
  </bouquet>
</zapit>
