<?xml version='1.0' encoding='utf-8'?>
<zapit>
  <bouquet name="General" category="tv">
    <channel service_ref="1:0:1:00bc:23e5:217c:eeee0000:0:0:0:" name="AITV" service_name="AITV" provider="Beacom" sid="188" onid="8572" tsid="9189" />
    <channel service_ref="1:0:1:011d:23e5:217c:eeee0000:0:0:0:" name="MsSport" service_name="MsSport" provider="Beacom" sid="285" onid="8572" tsid="9189" />
    <channel service_ref="1:0:1:010d:23e5:217c:eeee0000:0:0:0:" name="NBC Milano" service_name="NBC Milano" provider="Beacom" sid="269" onid="8572" tsid="9189" />
    <channel service_ref="1:0:1:025e:23e5:217c:eeee0000:0:0:0:" name="NBC Milano TV" service_name="NBC Milano TV" provider="Beacom" sid="606" onid="8572" tsid="9189" />
    <channel service_ref="1:0:1:006b:23e5:217c:eeee0000:0:0:0:" name="Onda Novara TV" service_name="Onda Novara TV" provider="Beacom" sid="107" onid="8572" tsid="9189" />
    <channel service_ref="1:0:1:00a8:23e5:217c:eeee0000:0:0:0:" name="Onda Novara TV" service_name="Onda Novara TV" provider="Onda Novara TV" sid="168" onid="8572" tsid="9189" />
    <channel service_ref="1:0:1:006f:23e5:217c:eeee0000:0:0:0:" name="OttO fm tv" service_name="OttO fm tv" provider="OttO fm tv" sid="111" onid="8572" tsid="9189" />
    <channel service_ref="1:0:1:033b:23e5:217c:eeee0000:0:0:0:" name="Parole di Vita" service_name="Parole di Vita" provider="Beacom" sid="827" onid="8572" tsid="9189" />
    <channel service_ref="1:0:1:00c2:23e5:217c:eeee0000:0:0:0:" name="Radio 4 You TV" service_name="Radio 4 You TV" provider="Radio 4 You" sid="194" onid="8572" tsid="9189" />
    <channel service_ref="1:0:1:026e:23e5:217c:eeee0000:0:0:0:" name="Radio 4 You TV" service_name="Radio 4 You TV" provider="Beacom" sid="622" onid="8572" tsid="9189" />
    <channel service_ref="1:0:1:02b5:23e5:217c:eeee0000:0:0:0:" name="Radio Millennium TV" service_name="Radio Millennium TV" provider="Beacom" sid="693" onid="8572" tsid="9189" />
    <channel service_ref="1:0:1:0068:23e5:217c:eeee0000:0:0:0:" name="Radio Musica TV" service_name="Radio Musica TV" provider="Radio Musica TV" sid="104" onid="8572" tsid="9189" />
    <channel service_ref="1:0:1:007a:23e5:217c:eeee0000:0:0:0:" name="RADIO POPIZZ-TV" service_name="RADIO POPIZZ-TV" provider="Radio POPIZZ" sid="122" onid="8572" tsid="9189" />
    <channel service_ref="1:0:1:028e:23e5:217c:eeee0000:0:0:0:" name="Radio Popolare TV" service_name="Radio Popolare TV" provider="Radio Popolare TV" sid="654" onid="8572" tsid="9189" />
    <channel service_ref="1:0:1:035d:23e5:217c:eeee0000:0:0:0:" name="Radio Punto TV" service_name="Radio Punto TV" provider="Beacom" sid="861" onid="8572" tsid="9189" />
    <channel service_ref="1:0:1:032f:23e5:217c:eeee0000:0:0:0:" name="Rainbow Television" service_name="Rainbow Television" provider="Beacom" sid="815" onid="8572" tsid="9189" />
    <channel service_ref="1:0:1:005f:23e5:217c:eeee0000:0:0:0:" name="RDS Social TV" service_name="RDS Social TV" provider="RDS" sid="95" onid="8572" tsid="9189" />
    <channel service_ref="1:0:1:0002:23e5:217c:eeee0000:0:0:0:" name="RETE 55" service_name="RETE 55" provider="RETE55 SRL" sid="2" onid="8572" tsid="9189" />
    <channel service_ref="1:0:1:004e:23e5:217c:eeee0000:0:0:0:" name="Telemilano Musica Italiana Channel" service_name="Telemilano Musica Italiana Channel" provider="Beacom" sid="78" onid="8572" tsid="9189" />
    <channel service_ref="1:0:1:003d:23e5:217c:eeee0000:0:0:0:" name="Telemilano Piu' Blu Lombardia" service_name="Telemilano Piu' Blu Lombardia" provider="Beacom" sid="61" onid="8572" tsid="9189" />
    <channel service_ref="1:0:1:02ba:23e5:217c:eeee0000:0:0:0:" name="Telemilano Radio Milan Inter" service_name="Telemilano Radio Milan Inter" provider="Beacom" sid="698" onid="8572" tsid="9189" />
    <channel service_ref="1:0:1:029e:23e5:217c:eeee0000:0:0:0:" name="Telemilano Tele TV 2" service_name="Telemilano Tele TV 2" provider="Beacom" sid="670" onid="8572" tsid="9189" />
    <channel service_ref="1:0:1:02a0:23e5:217c:eeee0000:0:0:0:" name="Telemilano Tele TV 3" service_name="Telemilano Tele TV 3" provider="Beacom" sid="672" onid="8572" tsid="9189" />
    <channel service_ref="1:0:1:000c:23e5:217c:eeee0000:0:0:0:" name="Telemilano TeleTv" service_name="Telemilano TeleTv" provider="Beacom" sid="12" onid="8572" tsid="9189" />
    <channel service_ref="1:0:1:007c:23e5:217c:eeee0000:0:0:0:" name="VCO Azzurra TV" service_name="VCO Azzurra TV" provider="Beacom" sid="124" onid="8572" tsid="9189" />
    <channel service_ref="1:0:1:00b9:23e5:217c:eeee0000:0:0:0:" name="Videonovara" service_name="Videonovara" provider="Beacom" sid="185" onid="8572" tsid="9189" />
  </bouquet>
  <bouquet name="Sports" category="tv">
    <channel service_ref="1:0:1:011d:23e5:217c:eeee0000:0:0:0:" name="MsSport" service_name="MsSport" provider="Beacom" sid="285" onid="8572" tsid="9189" />
  </bouquet>
  <bouquet name="Music" category="tv">
    <channel service_ref="1:0:1:0068:23e5:217c:eeee0000:0:0:0:" name="Radio Musica TV" service_name="Radio Musica TV" provider="Radio Musica TV" sid="104" onid="8572" tsid="9189" />
    <channel service_ref="1:0:1:004e:23e5:217c:eeee0000:0:0:0:" name="Telemilano Musica Italiana Channel" service_name="Telemilano Musica Italiana Channel" provider="Beacom" sid="78" onid="8572" tsid="9189" />
  </bouquet>
  <bouquet name="ARD/ZDF" category="tv">
    <channel service_ref="1:0:1:003d:23e5:217c:eeee0000:0:0:0:" name="Telemilano Piu' Blu Lombardia" service_name="Telemilano Piu' Blu Lombardia" provider="Beacom" sid="61" onid="8572" tsid="9189" />
  </bouquet>
  <bouquet name="RAI" category="tv">
    <channel service_ref="1:0:1:032f:23e5:217c:eeee0000:0:0:0:" name="Rainbow Television" service_name="Rainbow Television" provider="Beacom" sid="815" onid="8572" tsid="9189" />
  </bouquet>
  <bouquet name="Switzerland" category="tv">
    <channel service_ref="1:0:1:0002:23e5:217c:eeee0000:0:0:0:" name="RETE 55" service_name="RETE 55" provider="RETE55 SRL" sid="2" onid="8572" tsid="9189" />
    <channel service_ref="1:0:1:02ba:23e5:217c:eeee0000:0:0:0:" name="Telemilano Radio Milan Inter" service_name="Telemilano Radio Milan Inter" provider="Beacom" sid="698" onid="8572" tsid="9189" />
    <channel service_ref="1:0:1:029e:23e5:217c:eeee0000:0:0:0:" name="Telemilano Tele TV 2" service_name="Telemilano Tele TV 2" provider="Beacom" sid="670" onid="8572" tsid="9189" />
    <channel service_ref="1:0:1:02a0:23e5:217c:eeee0000:0:0:0:" name="Telemilano Tele TV 3" service_name="Telemilano Tele TV 3" provider="Beacom" sid="672" onid="8572" tsid="9189" />
    <channel service_ref="1:0:1:000c:23e5:217c:eeee0000:0:0:0:" name="Telemilano TeleTv" service_name="Telemilano TeleTv" provider="Beacom" sid="12" onid="8572" tsid="9189" />
  </bouquet>
  <bouquet name="International" category="tv">
    <channel service_ref="1:0:1:006b:23e5:217c:eeee0000:0:0:0:" name="Onda Novara TV" service_name="Onda Novara TV" provider="Beacom" sid="107" onid="8572" tsid="9189" />
    <channel service_ref="1:0:1:00a8:23e5:217c:eeee0000:0:0:0:" name="Onda Novara TV" service_name="Onda Novara TV" provider="Onda Novara TV" sid="168" onid="8572" tsid="9189" />
    <channel service_ref="1:0:1:00b9:23e5:217c:eeee0000:0:0:0:" name="Videonovara" service_name="Videonovara" provider="Beacom" sid="185" onid="8572" tsid="9189" />
  </bouquet>
  <bouquet name="Others" category="tv">
    <channel service_ref="1:0:1:00bc:23e5:217c:eeee0000:0:0:0:" name="AITV" service_name="AITV" provider="Beacom" sid="188" onid="8572" tsid="9189" />
    <channel service_ref="1:0:1:010d:23e5:217c:eeee0000:0:0:0:" name="NBC Milano" service_name="NBC Milano" provider="Beacom" sid="269" onid="8572" tsid="9189" />
    <channel service_ref="1:0:1:025e:23e5:217c:eeee0000:0:0:0:" name="NBC Milano TV" service_name="NBC Milano TV" provider="Beacom" sid="606" onid="8572" tsid="9189" />
    <channel service_ref="1:0:1:006f:23e5:217c:eeee0000:0:0:0:" name="OttO fm tv" service_name="OttO fm tv" provider="OttO fm tv" sid="111" onid="8572" tsid="9189" />
    <channel service_ref="1:0:1:033b:23e5:217c:eeee0000:0:0:0:" name="Parole di Vita" service_name="Parole di Vita" provider="Beacom" sid="827" onid="8572" tsid="9189" />
    <channel service_ref="1:0:1:00c2:23e5:217c:eeee0000:0:0:0:" name="Radio 4 You TV" service_name="Radio 4 You TV" provider="Radio 4 You" sid="194" onid="8572" tsid="9189" />
    <channel service_ref="1:0:1:026e:23e5:217c:eeee0000:0:0:0:" name="Radio 4 You TV" service_name="Radio 4 You TV" provider="Beacom" sid="622" onid="8572" tsid="9189" />
    <channel service_ref="1:0:1:02b5:23e5:217c:eeee0000:0:0:0:" name="Radio Millennium TV" service_name="Radio Millennium TV" provider="Beacom" sid="693" onid="8572" tsid="9189" />
    <channel service_ref="1:0:1:007a:23e5:217c:eeee0000:0:0:0:" name="RADIO POPIZZ-TV" service_name="RADIO POPIZZ-TV" provider="Radio POPIZZ" sid="122" onid="8572" tsid="9189" />
    <channel service_ref="1:0:1:028e:23e5:217c:eeee0000:0:0:0:" name="Radio Popolare TV" service_name="Radio Popolare TV" provider="Radio Popolare TV" sid="654" onid="8572" tsid="9189" />
    <channel service_ref="1:0:1:035d:23e5:217c:eeee0000:0:0:0:" name="Radio Punto TV" service_name="Radio Punto TV" provider="Beacom" sid="861" onid="8572" tsid="9189" />
    <channel service_ref="1:0:1:005f:23e5:217c:eeee0000:0:0:0:" name="RDS Social TV" service_name="RDS Social TV" provider="RDS" sid="95" onid="8572" tsid="9189" />
    <channel service_ref="1:0:1:007c:23e5:217c:eeee0000:0:0:0:" name="VCO Azzurra TV" service_name="VCO Azzurra TV" provider="Beacom" sid="124" onid="8572" tsid="9189" />
  </bouquet>
  <bouquet name="Radio" category="radio">
    <channel service_ref="1:0:2:00ac:23e5:217c:eeee0000:0:0:0:" name="Radiorizzonti Fm88" service_name="Radiorizzonti Fm88" provider="Beacom" sid="172" onid="8572" tsid="9189" />
  </bouquet>
  <bouquet name="Radio - Music" category="radio">
    <channel service_ref="1:0:2:00ac:23e5:217c:eeee0000:0:0:0:" name="Radiorizzonti Fm88" service_name="Radiorizzonti Fm88" provider="Beacom" sid="172" onid="8572" tsid="9189" />
  </bouquet>
  <bouquet name="Digitale Terrestre" category="tv">
    <channel service_ref="1:0:1:5f:23e5:217c:eeee0000:0:0:0:" name="RDS Social TV" service_name="RDS Social TV" provider="RDS" sid="95" onid="8572" tsid="9189" />
    <channel service_ref="1:0:1:bc:23e5:217c:eeee0000:0:0:0:" name="AITV" service_name="AITV" provider="Beacom" sid="188" onid="8572" tsid="9189" />
    <channel service_ref="1:0:1:2:23e5:217c:eeee0000:0:0:0:" name="RETE 55" service_name="RETE 55" provider="RETE55 SRL" sid="2" onid="8572" tsid="9189" />
    <channel service_ref="1:0:1:2b5:23e5:217c:eeee0000:0:0:0:" name="Radio Millennium TV" service_name="Radio Millennium TV" provider="Beacom" sid="693" onid="8572" tsid="9189" />
    <channel service_ref="1:0:1:28e:23e5:217c:eeee0000:0:0:0:" name="Radio Popolare TV" service_name="Radio Popolare TV" provider="Radio Popolare TV" sid="654" onid="8572" tsid="9189" />
    <channel service_ref="1:0:1:c2:23e5:217c:eeee0000:0:0:0:" name="Radio 4 You TV" service_name="Radio 4 You TV" provider="Radio 4 You" sid="194" onid="8572" tsid="9189" />
    <channel service_ref="1:0:1:35d:23e5:217c:eeee0000:0:0:0:" name="Radio Punto TV" service_name="Radio Punto TV" provider="Beacom" sid="861" onid="8572" tsid="9189" />
  </bouquet>
  <bouquet name="Digitale Terrestre                  by Rennys" category="tv">
    <channel service_ref="1:0:1:5f:23e5:217c:eeee0000:0:0:0:" name="RDS Social TV" service_name="RDS Social TV" provider="RDS" sid="95" onid="8572" tsid="9189" />
    <channel service_ref="1:0:1:bc:23e5:217c:eeee0000:0:0:0:" name="AITV" service_name="AITV" provider="Beacom" sid="188" onid="8572" tsid="9189" />
    <channel service_ref="1:0:1:2:23e5:217c:eeee0000:0:0:0:" name="RETE 55" service_name="RETE 55" provider="RETE55 SRL" sid="2" onid="8572" tsid="9189" />
    <channel service_ref="1:0:1:2b5:23e5:217c:eeee0000:0:0:0:" name="Radio Millennium TV" service_name="Radio Millennium TV" provider="Beacom" sid="693" onid="8572" tsid="9189" />
    <channel service_ref="1:0:1:28e:23e5:217c:eeee0000:0:0:0:" name="Radio Popolare TV" service_name="Radio Popolare TV" provider="Radio Popolare TV" sid="654" onid="8572" tsid="9189" />
    <channel service_ref="1:0:1:c2:23e5:217c:eeee0000:0:0:0:" name="Radio 4 You TV" service_name="Radio 4 You TV" provider="Radio 4 You" sid="194" onid="8572" tsid="9189" />
    <channel service_ref="1:0:1:35d:23e5:217c:eeee0000:0:0:0:" name="Radio Punto TV" service_name="Radio Punto TV" provider="Beacom" sid="861" onid="8572" tsid="9189" />
  </bouquet>
  <bouquet name="Digitale Terrestre                by Rennys" category="tv">
    <channel service_ref="1:0:1:5f:23e5:217c:eeee0000:0:0:0:" name="RDS Social TV" service_name="RDS Social TV" provider="RDS" sid="95" onid="8572" tsid="9189" />
    <channel service_ref="1:0:1:bc:23e5:217c:eeee0000:0:0:0:" name="AITV" service_name="AITV" provider="Beacom" sid="188" onid="8572" tsid="9189" />
    <channel service_ref="1:0:1:2:23e5:217c:eeee0000:0:0:0:" name="RETE 55" service_name="RETE 55" provider="RETE55 SRL" sid="2" onid="8572" tsid="9189" />
    <channel service_ref="1:0:1:c:23e5:217c:eeee0000:0:0:0:" name="Telemilano TeleTv" service_name="Telemilano TeleTv" provider="Beacom" sid="12" onid="8572" tsid="9189" />
    <channel service_ref="1:0:1:29e:23e5:217c:eeee0000:0:0:0:" name="Telemilano Tele TV 2" service_name="Telemilano Tele TV 2" provider="Beacom" sid="670" onid="8572" tsid="9189" />
    <channel service_ref="1:0:1:2a0:23e5:217c:eeee0000:0:0:0:" name="Telemilano Tele TV 3" service_name="Telemilano Tele TV 3" provider="Beacom" sid="672" onid="8572" tsid="9189" />
    <channel service_ref="1:0:1:b9:23e5:217c:eeee0000:0:0:0:" name="Videonovara" service_name="Videonovara" provider="Beacom" sid="185" onid="8572" tsid="9189" />
    <channel service_ref="1:0:1:33b:23e5:217c:eeee0000:0:0:0:" name="Parole di Vita" service_name="Parole di Vita" provider="Beacom" sid="827" onid="8572" tsid="9189" />
    <channel service_ref="1:0:1:25e:23e5:217c:eeee0000:0:0:0:" name="NBC Milano TV" service_name="NBC Milano TV" provider="Beacom" sid="606" onid="8572" tsid="9189" />
    <channel service_ref="1:0:1:32f:23e5:217c:eeee0000:0:0:0:" name="Rainbow Television" service_name="Rainbow Television" provider="Beacom" sid="815" onid="8572" tsid="9189" />
    <channel service_ref="1:0:1:ac:23e5:217c:eeee0000:0:0:0:" name="Radiorizzonti Fm88" service_name="Radiorizzonti Fm88" provider="Beacom" sid="172" onid="8572" tsid="9189" />
    <channel service_ref="1:0:1:2ba:23e5:217c:eeee0000:0:0:0:" name="Telemilano Radio Milan Inter" service_name="Telemilano Radio Milan Inter" provider="Beacom" sid="698" onid="8572" tsid="9189" />
    <channel service_ref="1:0:1:35d:23e5:217c:eeee0000:0:0:0:" name="Radio Punto TV" service_name="Radio Punto TV" provider="Beacom" sid="861" onid="8572" tsid="9189" />
    <channel service_ref="1:0:1:26e:23e5:217c:eeee0000:0:0:0:" name="Radio 4 You TV" service_name="Radio 4 You TV" provider="Beacom" sid="622" onid="8572" tsid="9189" />
    <channel service_ref="1:0:1:c2:23e5:217c:eeee0000:0:0:0:" name="Radio 4 You TV" service_name="Radio 4 You TV" provider="Radio 4 You" sid="194" onid="8572" tsid="9189" />
    <channel service_ref="1:0:1:2b5:23e5:217c:eeee0000:0:0:0:" name="Radio Millennium TV" service_name="Radio Millennium TV" provider="Beacom" sid="693" onid="8572" tsid="9189" />
    <channel service_ref="1:0:1:28e:23e5:217c:eeee0000:0:0:0:" name="Radio Popolare TV" service_name="Radio Popolare TV" provider="Radio Popolare TV" sid="654" onid="8572" tsid="9189" />
  </bouquet>
</zapit>
