<?xml version='1.0' encoding='utf-8'?>
<zapit api="4">
  <terrestrials>
    <terrestrial key="eeee0000:0384:0110" name="EPIQA" namespace="0xeeee0000">
      <transponder key="eeee0000:0384:0110" frequency="498000000" symbol_rate="0" polarization="H" fec="5" system="0" modulation="4">
        <service id="0x1c0c" sid="7180" name="269ITALIA" type="22" provider="" onid="272" tsid="900" namespace="0xeeee0000" />
        <service id="0x1c25" sid="7205" name="9Novanta" type="22" provider="" onid="272" tsid="900" namespace="0xeeee0000" />
        <service id="0x1c1b" sid="7195" name="ADNPLAY" type="22" provider="" onid="272" tsid="900" namespace="0xeeee0000" />
        <service id="0x1c1f" sid="7199" name="AP CHANNEL" type="22" provider="" onid="272" tsid="900" namespace="0xeeee0000" />
        <service id="0x1c12" sid="7186" name="ArteIN" type="1" provider="" onid="272" tsid="900" namespace="0xeeee0000" />
        <service id="0x1c0a" sid="7178" name="ARTEORA TV" type="22" provider="" onid="272" tsid="900" namespace="0xeeee0000" />
        <service id="0x1c19" sid="7193" name="BABEL" type="22" provider="" onid="272" tsid="900" namespace="0xeeee0000" />
        <service id="0x1c01" sid="7169" name="BOM CHANNEL" type="22" provider="" onid="272" tsid="900" namespace="0xeeee0000" />
        <service id="0x1c15" sid="7189" name="Byoblu" type="22" provider="" onid="272" tsid="900" namespace="0xeeee0000" />
        <service id="0x1c03" sid="7171" name="CANALE 122" type="25" provider="" onid="272" tsid="900" namespace="0xeeee0000" />
        <service id="0x1c06" sid="7174" name="Canale 165" type="22" provider="" onid="272" tsid="900" namespace="0xeeee0000" />
        <service id="0x1c0d" sid="7181" name="CANALE168" type="22" provider="" onid="272" tsid="900" namespace="0xeeee0000" />
        <service id="0x1c0e" sid="7182" name="CANALE169" type="22" provider="" onid="272" tsid="900" namespace="0xeeee0000" />
        <service id="0x1c11" sid="7185" name="DELUXE 139" type="22" provider="" onid="272" tsid="900" namespace="0xeeee0000" />
        <service id="0x1c14" sid="7188" name="EQUtv" type="1" provider="EPIQA" onid="272" tsid="900" namespace="0xeeee0000" />
        <service id="0x1c04" sid="7172" name="FASCINO TV" type="22" provider="" onid="272" tsid="900" namespace="0xeeee0000" />
        <service id="0x1c13" sid="7187" name="FIRE TV" type="22" provider="" onid="272" tsid="900" namespace="0xeeee0000" />
        <service id="0x1c0b" sid="7179" name="GENIUS 240" type="22" provider="" onid="272" tsid="900" namespace="0xeeee0000" />
        <service id="0x1f4f" sid="8015" name="HUMAX DOWNLOAD SVC" type="130" provider="" onid="272" tsid="900" namespace="0xeeee0000" />
        <service id="0x1c10" sid="7184" name="Lineagem" type="22" provider="" onid="272" tsid="900" namespace="0xeeee0000" />
        <service id="0x1c08" sid="7176" name="Maria Vision" type="22" provider="" onid="272" tsid="900" namespace="0xeeee0000" />
        <service id="0x1c21" sid="7201" name="MOMENTO TV" type="22" provider="" onid="272" tsid="900" namespace="0xeeee0000" />
        <service id="0x1c22" sid="7202" name="My Plus Tv" type="22" provider="" onid="272" tsid="900" namespace="0xeeee0000" />
        <service id="0x1c26" sid="7206" name="Nexum Channel" type="22" provider="" onid="272" tsid="900" namespace="0xeeee0000" />
        <service id="0x1c17" sid="7191" name="NTR RADIO 264 MUSIC TV" type="22" provider="" onid="272" tsid="900" namespace="0xeeee0000" />
        <service id="0x1c23" sid="7203" name="Onair Italia" type="22" provider="" onid="272" tsid="900" namespace="0xeeee0000" />
        <service id="0x1c0f" sid="7183" name="ORLERTV" type="22" provider="" onid="272" tsid="900" namespace="0xeeee0000" />
        <service id="0x1c18" sid="7192" name="PADRE PIO TV" type="22" provider="" onid="272" tsid="900" namespace="0xeeee0000" />
        <service id="0x1c02" sid="7170" name="PRIMA FREE" type="22" provider="" onid="272" tsid="900" namespace="0xeeee0000" />
        <service id="0x1c05" sid="7173" name="PRIMASET" type="22" provider="" onid="272" tsid="900" namespace="0xeeee0000" />
        <service id="0x1c20" sid="7200" name="Radio Margherita Piu'" type="1" provider="" onid="272" tsid="900" namespace="0xeeee0000" />
        <service id="0x1c16" sid="7190" name="Radio Radio TV" type="22" provider="" onid="272" tsid="900" namespace="0xeeee0000" />
        <service id="0x1c1a" sid="7194" name="RADIO ROMA NETWORK" type="22" provider="" onid="272" tsid="900" namespace="0xeeee0000" />
        <service id="0x1c27" sid="7207" name="Satisfaction TV" type="22" provider="" onid="272" tsid="900" namespace="0xeeee0000" />
        <service id="0x1c00" sid="7168" name="SICILIA 242" type="22" provider="" onid="272" tsid="900" namespace="0xeeee0000" />
        <service id="0x1c1d" sid="7197" name="SUPERSIX TV" type="22" provider="" onid="272" tsid="900" namespace="0xeeee0000" />
        <service id="0x1c1e" sid="7198" name="TCI" type="22" provider="" onid="272" tsid="900" namespace="0xeeee0000" />
        <service id="0x1c09" sid="7177" name="Teleshopping" type="22" provider="" onid="272" tsid="900" namespace="0xeeee0000" />
        <service id="0x1c24" sid="7204" name="Terre Euganee Channel" type="22" provider="" onid="272" tsid="900" namespace="0xeeee0000" />
        <service id="0x1c07" sid="7175" name="Tesory Channel" type="22" provider="" onid="272" tsid="900" namespace="0xeeee0000" />
        <service id="0x1c1c" sid="7196" name="Tesory Channel" type="22" provider="" onid="272" tsid="900" namespace="0xeeee0000" />
      </transponder>
    </terrestrial>
  </terrestrials>
</zapit>
