<?xml version='1.0' encoding='utf-8'?>
<zapit api="4">
  <satellites>
    <satellite key="014a0000:0001:062e" name="Sat-33E" namespace="0x014a0000" position="33">
      <transponder key="014a0000:0001:062e" frequency="11450000" symbol_rate="30000000" polarization="H" fec="5" system="0" modulation="0">
        <service id="0x000d" sid="13" name="Channel-25" type="1" provider="" onid="1582" tsid="1" namespace="0x014a0000" />
        <service id="0x001d" sid="29" name="Channel-29" type="1" provider="" onid="1582" tsid="1" namespace="0x014a0000" />
        <service id="0x001e" sid="30" name="Channel-30" type="1" provider="" onid="1582" tsid="1" namespace="0x014a0000" />
        <service id="0x001f" sid="31" name="Channel-31" type="1" provider="" onid="1582" tsid="1" namespace="0x014a0000" />
        <service id="0x000e" sid="14" name="Channel-32" type="1" provider="" onid="1582" tsid="1" namespace="0x014a0000" />
        <service id="0x000f" sid="15" name="Channel-33" type="1" provider="" onid="1582" tsid="1" namespace="0x014a0000" />
        <service id="0x0010" sid="16" name="Channel-34" type="1" provider="" onid="1582" tsid="1" namespace="0x014a0000" />
        <service id="0x0011" sid="17" name="Channel-35" type="1" provider="" onid="1582" tsid="1" namespace="0x014a0000" />
        <service id="0x0012" sid="18" name="Channel-36" type="1" provider="" onid="1582" tsid="1" namespace="0x014a0000" />
        <service id="0x0013" sid="19" name="Channel-37" type="1" provider="" onid="1582" tsid="1" namespace="0x014a0000" />
        <service id="0x001c" sid="28" name="Channel-40" type="1" provider="" onid="1582" tsid="1" namespace="0x014a0000" />
        <service id="0x0017" sid="23" name="Radio-13" type="2" provider="" onid="1582" tsid="1" namespace="0x014a0000" radio="1" />
        <service id="0x0018" sid="24" name="Radio-14" type="2" provider="" onid="1582" tsid="1" namespace="0x014a0000" radio="1" />
        <service id="0x0019" sid="25" name="Radio-15" type="2" provider="" onid="1582" tsid="1" namespace="0x014a0000" radio="1" />
        <service id="0x001a" sid="26" name="Radio-16" type="2" provider="" onid="1582" tsid="1" namespace="0x014a0000" radio="1" />
        <service id="0x001b" sid="27" name="Radio-17" type="2" provider="" onid="1582" tsid="1" namespace="0x014a0000" radio="1" />
        <service id="0x003a" sid="58" name="Radio-18" type="2" provider="" onid="1582" tsid="1" namespace="0x014a0000" radio="1" />
        <service id="0x003b" sid="59" name="Radio-19" type="2" provider="" onid="1582" tsid="1" namespace="0x014a0000" radio="1" />
        <service id="0x003c" sid="60" name="Radio-20" type="2" provider="" onid="1582" tsid="1" namespace="0x014a0000" radio="1" />
        <service id="0x003d" sid="61" name="Radio-21" type="2" provider="" onid="1582" tsid="1" namespace="0x014a0000" radio="1" />
        <service id="0x003e" sid="62" name="Radio-22" type="2" provider="" onid="1582" tsid="1" namespace="0x014a0000" radio="1" />
        <service id="0x003f" sid="63" name="Radio-23" type="2" provider="" onid="1582" tsid="1" namespace="0x014a0000" radio="1" />
      </transponder>
    </satellite>
    <satellite key="014a0000:000a:062e" name="Sat-33E" namespace="0x014a0000" position="33">
      <transponder key="014a0000:000a:062e" frequency="11508000" symbol_rate="26230000" polarization="V" fec="4" system="0" modulation="0">
        <service id="0x0001" sid="1" name="Channel-01" type="1" provider="" onid="1582" tsid="10" namespace="0x014a0000" />
        <service id="0x0002" sid="2" name="Channel-02" type="1" provider="" onid="1582" tsid="10" namespace="0x014a0000" />
        <service id="0x0003" sid="3" name="Channel-03" type="1" provider="" onid="1582" tsid="10" namespace="0x014a0000" />
        <service id="0x0004" sid="4" name="Channel-04" type="1" provider="" onid="1582" tsid="10" namespace="0x014a0000" />
        <service id="0x0005" sid="5" name="Channel-05" type="1" provider="" onid="1582" tsid="10" namespace="0x014a0000" />
        <service id="0x0006" sid="6" name="Channel-06" type="1" provider="" onid="1582" tsid="10" namespace="0x014a0000" />
        <service id="0x0007" sid="7" name="Channel-07" type="1" provider="" onid="1582" tsid="10" namespace="0x014a0000" />
        <service id="0x0008" sid="8" name="Channel-08" type="1" provider="" onid="1582" tsid="10" namespace="0x014a0000" />
        <service id="0x0009" sid="9" name="Channel-09" type="1" provider="" onid="1582" tsid="10" namespace="0x014a0000" />
        <service id="0x000d" sid="13" name="Channel-19" type="1" provider="" onid="1582" tsid="10" namespace="0x014a0000" />
        <service id="0x000e" sid="14" name="Channel-20" type="1" provider="" onid="1582" tsid="10" namespace="0x014a0000" />
        <service id="0x000f" sid="15" name="Channel-21" type="1" provider="" onid="1582" tsid="10" namespace="0x014a0000" />
        <service id="0x000a" sid="10" name="Channel-22" type="1" provider="" onid="1582" tsid="10" namespace="0x014a0000" />
        <service id="0x000b" sid="11" name="Channel-23" type="1" provider="" onid="1582" tsid="10" namespace="0x014a0000" />
        <service id="0x000c" sid="12" name="Channel-24" type="1" provider="" onid="1582" tsid="10" namespace="0x014a0000" />
        <service id="0x001d" sid="29" name="Radio-01" type="2" provider="" onid="1582" tsid="10" namespace="0x014a0000" radio="1" />
        <service id="0x002a" sid="42" name="Radio-02" type="2" provider="" onid="1582" tsid="10" namespace="0x014a0000" radio="1" />
        <service id="0x002b" sid="43" name="Radio-03" type="2" provider="" onid="1582" tsid="10" namespace="0x014a0000" radio="1" />
        <service id="0x002c" sid="44" name="Radio-04" type="2" provider="" onid="1582" tsid="10" namespace="0x014a0000" radio="1" />
        <service id="0x002d" sid="45" name="Radio-05" type="2" provider="" onid="1582" tsid="10" namespace="0x014a0000" radio="1" />
        <service id="0x002e" sid="46" name="Radio-06" type="2" provider="" onid="1582" tsid="10" namespace="0x014a0000" radio="1" />
        <service id="0x002f" sid="47" name="Radio-07" type="2" provider="" onid="1582" tsid="10" namespace="0x014a0000" radio="1" />
        <service id="0x001e" sid="30" name="Radio-08" type="2" provider="" onid="1582" tsid="10" namespace="0x014a0000" radio="1" />
        <service id="0x001f" sid="31" name="Radio-09" type="2" provider="" onid="1582" tsid="10" namespace="0x014a0000" radio="1" />
        <service id="0x0014" sid="20" name="Radio-10" type="2" provider="" onid="1582" tsid="10" namespace="0x014a0000" radio="1" />
        <service id="0x0015" sid="21" name="Radio-11" type="2" provider="" onid="1582" tsid="10" namespace="0x014a0000" radio="1" />
        <service id="0x0016" sid="22" name="Radio-12" type="2" provider="" onid="1582" tsid="10" namespace="0x014a0000" radio="1" />
      </transponder>
    </satellite>
    <satellite key="014a0000:14b4:2064" name="Sat-33E" namespace="0x014a0000" position="33">
      <transponder key="014a0000:14b4:2064" frequency="12646000" symbol_rate="13910000" polarization="H" fec="3" system="0" modulation="0">
        <service id="0x0004" sid="4" name="BNT" type="1" provider="" onid="8292" tsid="5300" namespace="0x014a0000" />
        <service id="0x0005" sid="5" name="BNT2" type="1" provider="" onid="8292" tsid="5300" namespace="0x014a0000" />
        <service id="0x0006" sid="6" name="BNT3" type="1" provider="" onid="8292" tsid="5300" namespace="0x014a0000" />
        <service id="0x0002" sid="2" name="bTV" type="1" provider="" onid="8292" tsid="5300" namespace="0x014a0000" />
        <service id="0x0008" sid="8" name="Bulgaria on Air" type="1" provider="" onid="8292" tsid="5300" namespace="0x014a0000" />
        <service id="0x0003" sid="3" name="Nova TV" type="1" provider="" onid="8292" tsid="5300" namespace="0x014a0000" />
      </transponder>
    </satellite>
    <satellite key="014a0000:f001:2268" name="Sat-33E" namespace="0x014a0000" position="33">
      <transponder key="014a0000:f001:2268" frequency="12722000" symbol_rate="16730000" polarization="V" fec="3" system="0" modulation="0">
        <service id="0x07d0" sid="2000" name="B" type="1" provider="Cyfrowy Polsat" onid="8808" tsid="61441" namespace="0x014a0000" />
        <service id="0x002d" sid="45" name="Comedy Central" type="1" provider="Cyfrowy Polsat" onid="8808" tsid="61441" namespace="0x014a0000" />
        <service id="0x007a" sid="122" name="Comedy Central Family" type="1" provider="Cyfrowy Polsat S.A." onid="8808" tsid="61441" namespace="0x014a0000" />
        <service id="0x006b" sid="107" name="Kino Polska" type="1" provider="Cyfrowy Polsat" onid="8808" tsid="61441" namespace="0x014a0000" />
        <service id="0x006a" sid="106" name="Nickelodeon" type="1" provider="Cyfrowy Polsat" onid="8808" tsid="61441" namespace="0x014a0000" />
        <service id="0x007b" sid="123" name="Polsat Cafe" type="1" provider="Cyfrowy Polsat S.A." onid="8808" tsid="61441" namespace="0x014a0000" />
        <service id="0x002c" sid="44" name="Polsat Film" type="1" provider="Cyfrowy Polsat" onid="8808" tsid="61441" namespace="0x014a0000" />
        <service id="0x0029" sid="41" name="Polsat News" type="1" provider="Cyfrowy Polsat" onid="8808" tsid="61441" namespace="0x014a0000" />
        <service id="0x007c" sid="124" name="Polsat Play" type="1" provider="Cyfrowy Polsat S.A." onid="8808" tsid="61441" namespace="0x014a0000" />
        <service id="0x002b" sid="43" name="Polsat Sport" type="1" provider="Cyfrowy Polsat" onid="8808" tsid="61441" namespace="0x014a0000" />
        <service id="0x006c" sid="108" name="Polsat Sport Extra" type="1" provider="Cyfrowy Polsat" onid="8808" tsid="61441" namespace="0x014a0000" />
        <service id="0x007d" sid="125" name="TELE5" type="1" provider="Cyfrowy Polsat S.A." onid="8808" tsid="61441" namespace="0x014a0000" />
        <service id="0x002a" sid="42" name="TVP Seriale" type="1" provider="Cyfrowy Polsat" onid="8808" tsid="61441" namespace="0x014a0000" />
        <service id="0x006d" sid="109" name="Wydarzenia 24 HD HEVC" type="1" provider="Cyfrowy Polsat" onid="8808" tsid="61441" namespace="0x014a0000" />
        <service id="0x03ed" sid="1005" name="Antyradio" type="2" provider="Cyfrowy Polsat" onid="8808" tsid="61441" namespace="0x014a0000" radio="1" />
        <service id="0x03e8" sid="1000" name="Muzo.fm" type="2" provider="Cyfrowy Polsat" onid="8808" tsid="61441" namespace="0x014a0000" radio="1" />
        <service id="0x03ef" sid="1007" name="Radio 100,1 FM Zlote Przeboje" type="2" provider="Cyfrowy Polsat" onid="8808" tsid="61441" namespace="0x014a0000" radio="1" />
        <service id="0x100a" sid="4106" name="Radio Eska ROCK" type="2" provider="Cyfrowy Polsat" onid="8808" tsid="61441" namespace="0x014a0000" radio="1" />
        <service id="0x03ee" sid="1006" name="Radio Plus" type="2" provider="Cyfrowy Polsat" onid="8808" tsid="61441" namespace="0x014a0000" radio="1" />
        <service id="0x03ec" sid="1004" name="Radio Zet" type="2" provider="Cyfrowy Polsat" onid="8808" tsid="61441" namespace="0x014a0000" radio="1" />
        <service id="0x03ea" sid="1002" name="RMF FM" type="2" provider="Cyfrowy Polsat" onid="8808" tsid="61441" namespace="0x014a0000" radio="1" />
        <service id="0x03eb" sid="1003" name="RMF MAXXX" type="2" provider="Cyfrowy Polsat" onid="8808" tsid="61441" namespace="0x014a0000" radio="1" />
        <service id="0x03f1" sid="1009" name="Rock Radio" type="2" provider="Cyfrowy Polsat" onid="8808" tsid="61441" namespace="0x014a0000" radio="1" />
        <service id="0x03e9" sid="1001" name="TEST" type="2" provider="Cyfrowy Polsat" onid="8808" tsid="61441" namespace="0x014a0000" radio="1" />
        <service id="0x03f0" sid="1008" name="TOK FM" type="2" provider="Cyfrowy Polsat" onid="8808" tsid="61441" namespace="0x014a0000" radio="1" />
        <service id="0x100b" sid="4107" name="Vox FM" type="2" provider="Cyfrowy Polsat" onid="8808" tsid="61441" namespace="0x014a0000" radio="1" />
      </transponder>
    </satellite>
    <satellite key="014ab135:0001:0001" name="Sat-33E" namespace="0x014ab135" position="33">
      <transponder key="014ab135:0001:0001" frequency="12597000" symbol_rate="10058000" polarization="V" fec="0" system="0" modulation="0">
        <service id="0x0008" sid="8" name="TF1 HD Suisse" type="1" provider="" onid="1" tsid="1" namespace="0x014ab135" />
        <service id="0x0007" sid="7" name="TFX Suisse" type="1" provider="" onid="1" tsid="1" namespace="0x014ab135" />
        <service id="0x0006" sid="6" name="TMC Suisse" type="1" provider="" onid="1" tsid="1" namespace="0x014ab135" />
      </transponder>
    </satellite>
  </satellites>
</zapit>
