<?xml version='1.0' encoding='utf-8'?>
<zapit api="4">
  <satellites>
    <satellite key="01310000:0001:006e" name="Sat-30.5E" namespace="0x01310000" position="30.5">
      <transponder key="01310000:0001:006e" frequency="10967000" symbol_rate="3125000" polarization="H" fec="4" system="0" modulation="0">
        <service id="0x0001" sid="1" name="SBC EN 3" type="1" provider="SAUDI TV1" onid="110" tsid="1" namespace="0x01310000" />
      </transponder>
    </satellite>
    <satellite key="01310000:0001:026e" name="Sat-30.5E" namespace="0x01310000" position="30.5">
      <transponder key="01310000:0001:026e" frequency="12510000" symbol_rate="2220000" polarization="V" fec="6" system="0" modulation="0">
        <service id="0x026e" sid="622" name="SERVICE 01" type="1" provider="ALMAJD" onid="622" tsid="1" namespace="0x01310000" />
      </transponder>
    </satellite>
    <satellite key="01310000:0005:1f40" name="Sat-30.5E" namespace="0x01310000" position="30.5">
      <transponder key="01310000:0005:1f40" frequency="10991000" symbol_rate="2222000" polarization="V" fec="4" system="0" modulation="0">
        <service id="0x0001" sid="1" name="TURKSAT TANITIM" type="1" provider="" onid="8000" tsid="5" namespace="0x01310000" />
      </transponder>
    </satellite>
    <satellite key="01310000:0005:000a" name="Sat-30.5E" namespace="0x01310000" position="30.5">
      <transponder key="01310000:0005:000a" frequency="12544000" symbol_rate="1300000" polarization="V" fec="4" system="0" modulation="0">
        <service id="0x01f5" sid="501" name="LBCI AM" type="1" provider="LBCI" onid="10" tsid="5" namespace="0x01310000" />
      </transponder>
    </satellite>
    <satellite key="01312acf:0000:0000" name="Sat-30.5E" namespace="0x01312acf" position="30.5">
      <transponder key="01312acf:0000:0000" frequency="10959000" symbol_rate="2222000" polarization="H" fec="4" system="0" modulation="0">
        <service id="0x0001" sid="1" name="TURKSAT TANITIM" type="1" provider="" onid="0" tsid="0" namespace="0x01312acf" />
      </transponder>
    </satellite>
    <satellite key="01312aeb:0001:0000" name="Sat-30.5E" namespace="0x01312aeb" position="30.5">
      <transponder key="01312aeb:0001:0000" frequency="10987000" symbol_rate="2220000" polarization="H" fec="0" system="0" modulation="0">
        <service id="0x0002" sid="2" name="10987H SID 0x02" type="1" provider="DVB-S QPSK 10987H 30.5Â°E" onid="0" tsid="1" namespace="0x01312aeb" />
      </transponder>
    </satellite>
    <satellite key="013130f4:0001:ffff" name="Sat-30.5E" namespace="0x013130f4" position="30.5">
      <transponder key="013130f4:0001:ffff" frequency="12532000" symbol_rate="2960000" polarization="H" fec="3" system="0" modulation="0">
        <service id="0x0001" sid="1" name="2M NAT" type="1" provider="SOREAD 2M" onid="65535" tsid="1" namespace="0x013130f4" />
        <service id="0x0002" sid="2" name="Radio 2M" type="2" provider="SOREAD 2M" onid="65535" tsid="1" namespace="0x013130f4" radio="1" />
      </transponder>
    </satellite>
    <satellite key="0131aafa:0001:ffff" name="Sat-30.5E" namespace="0x0131aafa" position="30.5">
      <transponder key="0131aafa:0001:ffff" frequency="11002000" symbol_rate="2500000" polarization="V" fec="3" system="0" modulation="0">
        <service id="0x0001" sid="1" name="TL SNG5A" type="1" provider="TANDBERG Television" onid="65535" tsid="1" namespace="0x0131aafa" />
      </transponder>
    </satellite>
    <satellite key="0131ab51:0000:0000" name="Sat-30.5E" namespace="0x0131ab51" position="30.5">
      <transponder key="0131ab51:0000:0000" frequency="11089000" symbol_rate="6990000" polarization="V" fec="3" system="0" modulation="0">
        <service id="0x0001" sid="1" name="LBC International" type="25" provider="" onid="0" tsid="0" namespace="0x0131ab51" />
      </transponder>
    </satellite>
    <satellite key="0131ab5b:0001:ffff" name="Sat-30.5E" namespace="0x0131ab5b" position="30.5">
      <transponder key="0131ab5b:0001:ffff" frequency="11099000" symbol_rate="2500000" polarization="V" fec="3" system="0" modulation="0">
        <service id="0x0001" sid="1" name="TL SNG5A" type="25" provider="TANDBERG Television" onid="65535" tsid="1" namespace="0x0131ab5b" />
      </transponder>
    </satellite>
    <satellite key="0131ab73:0001:ffff" name="Sat-30.5E" namespace="0x0131ab73" position="30.5">
      <transponder key="0131ab73:0001:ffff" frequency="11123000" symbol_rate="1500000" polarization="V" fec="4" system="0" modulation="0">
        <service id="0x0001" sid="1" name="Gazzoul" type="1" provider="Service Provider" onid="65535" tsid="1" namespace="0x0131ab73" />
      </transponder>
    </satellite>
    <satellite key="0131ad8a:0000:0000" name="Sat-30.5E" namespace="0x0131ad8a" position="30.5">
      <transponder key="0131ad8a:0000:0000" frequency="11658000" symbol_rate="3000000" polarization="V" fec="2" system="0" modulation="0">
        <service id="0x0001" sid="1" name="TURKSAT TANITIM" type="1" provider="" onid="0" tsid="0" namespace="0x0131ad8a" />
      </transponder>
    </satellite>
    <satellite key="0131b0da:0000:0000" name="Sat-30.5E" namespace="0x0131b0da" position="30.5">
      <transponder key="0131b0da:0000:0000" frequency="12506000" symbol_rate="2800000" polarization="V" fec="3" system="0" modulation="0">
        <service id="0x0001" sid="1" name="LBC International" type="25" provider="" onid="0" tsid="0" namespace="0x0131b0da" />
      </transponder>
    </satellite>
    <satellite key="0131b0e1:0001:0001" name="Sat-30.5E" namespace="0x0131b0e1" position="30.5">
      <transponder key="0131b0e1:0001:0001" frequency="12513000" symbol_rate="2380000" polarization="V" fec="4" system="0" modulation="0">
        <service id="0x002a" sid="42" name="SERVICE 01" type="1" provider="ALMAJD" onid="1" tsid="1" namespace="0x0131b0e1" />
      </transponder>
    </satellite>
    <satellite key="0131b0ef:0001:ffff" name="Sat-30.5E" namespace="0x0131b0ef" position="30.5">
      <transponder key="0131b0ef:0001:ffff" frequency="12527000" symbol_rate="2000000" polarization="V" fec="3" system="0" modulation="0">
        <service id="0x0028" sid="40" name="Tele Liban" type="1" provider="" onid="65535" tsid="1" namespace="0x0131b0ef" />
      </transponder>
    </satellite>
    <satellite key="0131b0f1:0001:ffff" name="Sat-30.5E" namespace="0x0131b0f1" position="30.5">
      <transponder key="0131b0f1:0001:ffff" frequency="12529000" symbol_rate="2000000" polarization="V" fec="3" system="0" modulation="0">
        <service id="0x0001" sid="1" name="Ericsson Service" type="1" provider="EricssonTV" onid="65535" tsid="1" namespace="0x0131b0f1" />
      </transponder>
    </satellite>
    <satellite key="0131b0f5:0002:0001" name="Sat-30.5E" namespace="0x0131b0f5" position="30.5">
      <transponder key="0131b0f5:0002:0001" frequency="12533000" symbol_rate="2200000" polarization="V" fec="0" system="0" modulation="0">
        <service id="0x0001" sid="1" name="Hd3 hd3 02" type="1" provider="ERTU" onid="1" tsid="2" namespace="0x0131b0f5" />
      </transponder>
    </satellite>
    <satellite key="0131b0ff:0000:0000" name="Sat-30.5E" namespace="0x0131b0ff" position="30.5">
      <transponder key="0131b0ff:0000:0000" frequency="12543000" symbol_rate="1400000" polarization="V" fec="6" system="0" modulation="0">
        <service id="0x0001" sid="1" name="TV" type="1" provider="ALDEWAN" onid="0" tsid="0" namespace="0x0131b0ff" />
      </transponder>
    </satellite>
    <satellite key="0131b1a5:0000:0001" name="Sat-30.5E" namespace="0x0131b1a5" position="30.5">
      <transponder key="0131b1a5:0000:0001" frequency="12709000" symbol_rate="5000000" polarization="V" fec="3" system="0" modulation="0">
        <service id="0x0002" sid="2" name="Rotana RIY" type="1" provider="Net 1" onid="1" tsid="0" namespace="0x0131b1a5" />
      </transponder>
    </satellite>
    <satellite key="0131b1a9:0001:ffff" name="Sat-30.5E" namespace="0x0131b1a9" position="30.5">
      <transponder key="0131b1a9:0001:ffff" frequency="12713000" symbol_rate="3600000" polarization="V" fec="3" system="0" modulation="0">
        <service id="0x0001" sid="1" name="sudania24" type="1" provider="Service Provider" onid="65535" tsid="1" namespace="0x0131b1a9" />
      </transponder>
    </satellite>
    <satellite key="0131b1ae:0000:0001" name="Sat-30.5E" namespace="0x0131b1ae" position="30.5">
      <transponder key="0131b1ae:0000:0001" frequency="12718000" symbol_rate="3000000" polarization="V" fec="3" system="0" modulation="0">
        <service id="0x03ea" sid="1002" name="Sudan Tx" type="1" provider="Sudan TV" onid="1" tsid="0" namespace="0x0131b1ae" />
      </transponder>
    </satellite>
    <satellite key="0131b1b8:0000:0000" name="Sat-30.5E" namespace="0x0131b1b8" position="30.5">
      <transponder key="0131b1b8:0000:0000" frequency="12728000" symbol_rate="2500000" polarization="V" fec="4" system="0" modulation="0">
        <service id="0x0001" sid="1" name="LEBANON" type="1" provider="OTV" onid="0" tsid="0" namespace="0x0131b1b8" />
      </transponder>
    </satellite>
    <satellite key="0131b1be:0001:0000" name="Sat-30.5E" namespace="0x0131b1be" position="30.5">
      <transponder key="0131b1be:0001:0000" frequency="12734000" symbol_rate="2143000" polarization="V" fec="3" system="0" modulation="0">
        <service id="0x0002" sid="2" name="12735V SID 0x02" type="1" provider="DVB-S QPSK 12735V 30.5Â°E" onid="0" tsid="1" namespace="0x0131b1be" />
      </transponder>
    </satellite>
    <satellite key="0131b1c3:0000:0000" name="Sat-30.5E" namespace="0x0131b1c3" position="30.5">
      <transponder key="0131b1c3:0000:0000" frequency="12739000" symbol_rate="1666000" polarization="V" fec="3" system="0" modulation="0">
        <service id="0x001b" sid="27" name="NBN" type="25" provider="" onid="0" tsid="0" namespace="0x0131b1c3" />
      </transponder>
    </satellite>
  </satellites>
</zapit>
