<?xml version='1.0' encoding='utf-8'?>
<zapit>
  <bouquet name="General" category="tv">
    <channel service_ref="1:0:25:0001:0001:ffff:00d8acdf:0:0:0:" name="Afaq TV" service_name="Afaq TV" provider="Service Provider" sid="1" onid="65535" tsid="1" />
    <channel service_ref="1:0:25:0001:1000:2000:00d82d91:0:0:0:" name="Aghani TV" service_name="Aghani TV" provider="none" sid="1" onid="8192" tsid="4096" />
    <channel service_ref="1:0:1:0001:0001:0001:00d8ad9e:0:0:0:" name="Al Hadath" service_name="Al Hadath" provider="Samacom" sid="1" onid="1" tsid="1" />
    <channel service_ref="1:0:1:0002:0001:ffff:00d82d08:0:0:0:" name="Al Jadeed" service_name="Al Jadeed" provider="SD Unnamed" sid="2" onid="65535" tsid="1" />
    <channel service_ref="1:0:25:0001:1000:2000:00d82ce9:0:0:0:" name="Al Najah" service_name="Al Najah" provider="Harmonic" sid="1" onid="8192" tsid="4096" />
    <channel service_ref="1:0:1:0001:0001:0001:00d82ce7:0:0:0:" name="Aldiyar Sat" service_name="Aldiyar Sat" provider="Net 1" sid="1" onid="1" tsid="1" />
    <channel service_ref="1:0:1:0001:0001:ffff:00d8ad0c:0:0:0:" name="Alrai TV" service_name="Alrai TV" provider="W6" sid="1" onid="65535" tsid="1" />
    <channel service_ref="1:0:1:0001:0001:ffff:00d82d98:0:0:0:" name="Arabica TV" service_name="Arabica TV" provider="SV" sid="1" onid="65535" tsid="1" />
    <channel service_ref="1:0:25:0001:0065:00c9:00d80000:0:0:0:" name="Arriadia" service_name="Arriadia" provider="SNRT" sid="1" onid="201" tsid="101" />
    <channel service_ref="1:0:25:0002:0065:00c9:00d80000:0:0:0:" name="Arriadia|  Version TNT" service_name="Arriadia|  Version TNT" provider="SNRT" sid="2" onid="201" tsid="101" />
    <channel service_ref="1:0:25:0004:0065:00c9:00d80000:0:0:0:" name="Arryadia HD" service_name="Arryadia HD" provider="SNRT" sid="4" onid="201" tsid="101" />
    <channel service_ref="1:0:25:01f5:1c00:00d2:00d80000:0:0:0:" name="Boomerang HD" service_name="Boomerang HD" provider="Arqiva" sid="501" onid="210" tsid="7168" />
    <channel service_ref="1:0:25:01f6:1c00:00d2:00d80000:0:0:0:" name="Cartoon Network Arabic HD" service_name="Cartoon Network Arabic HD" provider="Arqiva" sid="502" onid="210" tsid="7168" />
    <channel service_ref="1:0:25:01fb:1c00:00d2:00d80000:0:0:0:" name="Cartoon Network Hindi" service_name="Cartoon Network Hindi" provider="" sid="507" onid="210" tsid="7168" />
    <channel service_ref="1:0:25:01f9:1c00:00d2:00d80000:0:0:0:" name="CNN Headline News" service_name="CNN Headline News" provider="" sid="505" onid="210" tsid="7168" />
    <channel service_ref="1:0:25:01f8:1c00:00d2:00d80000:0:0:0:" name="CNN International HD" service_name="CNN International HD" provider="" sid="504" onid="210" tsid="7168" />
    <channel service_ref="1:0:1:0028:ffff:ffff:00d8ace9:0:0:0:" name="ERI TV" service_name="ERI TV" provider="" sid="40" onid="65535" tsid="65535" />
    <channel service_ref="1:0:1:0003:0001:ffff:00d82d08:0:0:0:" name="Hawacom" service_name="Hawacom" provider="MPEG4 SD Unnamed" sid="3" onid="65535" tsid="1" />
    <channel service_ref="1:0:1:0001:0001:ffff:00d82ceb:0:0:0:" name="Iraqi Education" service_name="Iraqi Education" provider="ITECO-UNDP" sid="1" onid="65535" tsid="1" />
    <channel service_ref="1:0:25:0001:0001:ffff:00d82afe:0:0:0:" name="KNN" service_name="KNN" provider="KNN" sid="1" onid="65535" tsid="1" />
    <channel service_ref="1:0:1:0001:0041:0800:00d80000:0:0:0:" name="MBC Feed" service_name="MBC Feed" provider="" sid="1" onid="2048" tsid="65" />
    <channel service_ref="1:0:1:0001:0001:0001:00d8ad3e:0:0:0:" name="MBC Maghreb Al Arabia" service_name="MBC Maghreb Al Arabia" provider="du" sid="1" onid="1" tsid="1" />
    <channel service_ref="1:0:25:0001:0001:ffff:00d82d93:0:0:0:" name="MTV Lebanon" service_name="MTV Lebanon" provider="STUDIOVISION" sid="1" onid="65535" tsid="1" />
    <channel service_ref="1:0:25:0001:0001:ffff:00d8adad:0:0:0:" name="OTV Lebanon" service_name="OTV Lebanon" provider="OTV" sid="1" onid="65535" tsid="1" />
    <channel service_ref="1:0:25:0001:0001:ffff:00d8ad41:0:0:0:" name="Riyadh MCR" service_name="Riyadh MCR" provider="Service Provider" sid="1" onid="65535" tsid="1" />
    <channel service_ref="1:0:25:01fa:1c00:00d2:00d80000:0:0:0:" name="TCM MENA" service_name="TCM MENA" provider="beIN SPORTS" sid="506" onid="210" tsid="7168" />
    <channel service_ref="1:0:25:000a:0001:0001:00d82c82:0:0:0:" name="Topaz 2" service_name="Topaz 2" provider="" sid="10" onid="1" tsid="1" />
    <channel service_ref="1:0:25:0007:0001:0001:00d82c82:0:0:0:" name="Topaz Tazı Yarışı" service_name="Topaz Tazı Yarışı" provider="" sid="7" onid="1" tsid="1" />
    <channel service_ref="1:0:1:0028:ffff:ffff:00d8ad1b:0:0:0:" name="Yemen TV" service_name="Yemen TV" provider="" sid="40" onid="65535" tsid="65535" />
  </bouquet>
  <bouquet name="News" category="tv">
    <channel service_ref="1:0:25:01f9:1c00:00d2:00d80000:0:0:0:" name="CNN Headline News" service_name="CNN Headline News" provider="" sid="505" onid="210" tsid="7168" />
  </bouquet>
  <bouquet name="Sports" category="tv">
    <channel service_ref="1:0:25:01fa:1c00:00d2:00d80000:0:0:0:" name="TCM MENA" service_name="TCM MENA" provider="beIN SPORTS" sid="506" onid="210" tsid="7168" />
  </bouquet>
  <bouquet name="Kids" category="tv">
    <channel service_ref="1:0:25:01f5:1c00:00d2:00d80000:0:0:0:" name="Boomerang HD" service_name="Boomerang HD" provider="Arqiva" sid="501" onid="210" tsid="7168" />
    <channel service_ref="1:0:25:01f6:1c00:00d2:00d80000:0:0:0:" name="Cartoon Network Arabic HD" service_name="Cartoon Network Arabic HD" provider="Arqiva" sid="502" onid="210" tsid="7168" />
    <channel service_ref="1:0:25:01fb:1c00:00d2:00d80000:0:0:0:" name="Cartoon Network Hindi" service_name="Cartoon Network Hindi" provider="" sid="507" onid="210" tsid="7168" />
  </bouquet>
  <bouquet name="Music" category="tv">
    <channel service_ref="1:0:25:0001:0001:ffff:00d82d93:0:0:0:" name="MTV Lebanon" service_name="MTV Lebanon" provider="STUDIOVISION" sid="1" onid="65535" tsid="1" />
  </bouquet>
  <bouquet name="ARD/ZDF" category="tv">
    <channel service_ref="1:0:1:0001:0001:0001:00d8ad3e:0:0:0:" name="MBC Maghreb Al Arabia" service_name="MBC Maghreb Al Arabia" provider="du" sid="1" onid="1" tsid="1" />
  </bouquet>
  <bouquet name="RAI" category="tv">
    <channel service_ref="1:0:1:0001:0001:ffff:00d8ad0c:0:0:0:" name="Alrai TV" service_name="Alrai TV" provider="W6" sid="1" onid="65535" tsid="1" />
  </bouquet>
  <bouquet name="Resolution - HD" category="tv">
    <channel service_ref="1:0:25:0004:0065:00c9:00d80000:0:0:0:" name="Arryadia HD" service_name="Arryadia HD" provider="SNRT" sid="4" onid="201" tsid="101" />
    <channel service_ref="1:0:25:01f5:1c00:00d2:00d80000:0:0:0:" name="Boomerang HD" service_name="Boomerang HD" provider="Arqiva" sid="501" onid="210" tsid="7168" />
    <channel service_ref="1:0:25:01f6:1c00:00d2:00d80000:0:0:0:" name="Cartoon Network Arabic HD" service_name="Cartoon Network Arabic HD" provider="Arqiva" sid="502" onid="210" tsid="7168" />
    <channel service_ref="1:0:25:01f8:1c00:00d2:00d80000:0:0:0:" name="CNN International HD" service_name="CNN International HD" provider="" sid="504" onid="210" tsid="7168" />
  </bouquet>
  <bouquet name="Resolution - SD" category="tv">
    <channel service_ref="1:0:1:0002:0001:ffff:00d82d08:0:0:0:" name="Al Jadeed" service_name="Al Jadeed" provider="SD Unnamed" sid="2" onid="65535" tsid="1" />
    <channel service_ref="1:0:1:0003:0001:ffff:00d82d08:0:0:0:" name="Hawacom" service_name="Hawacom" provider="MPEG4 SD Unnamed" sid="3" onid="65535" tsid="1" />
  </bouquet>
  <bouquet name="International" category="tv">
    <channel service_ref="1:0:1:0001:0001:ffff:00d82d98:0:0:0:" name="Arabica TV" service_name="Arabica TV" provider="SV" sid="1" onid="65535" tsid="1" />
  </bouquet>
  <bouquet name="Others" category="tv">
    <channel service_ref="1:0:25:0001:0001:ffff:00d8acdf:0:0:0:" name="Afaq TV" service_name="Afaq TV" provider="Service Provider" sid="1" onid="65535" tsid="1" />
    <channel service_ref="1:0:25:0001:1000:2000:00d82d91:0:0:0:" name="Aghani TV" service_name="Aghani TV" provider="none" sid="1" onid="8192" tsid="4096" />
    <channel service_ref="1:0:1:0001:0001:0001:00d8ad9e:0:0:0:" name="Al Hadath" service_name="Al Hadath" provider="Samacom" sid="1" onid="1" tsid="1" />
    <channel service_ref="1:0:1:0002:0001:ffff:00d82d08:0:0:0:" name="Al Jadeed" service_name="Al Jadeed" provider="SD Unnamed" sid="2" onid="65535" tsid="1" />
    <channel service_ref="1:0:25:0001:1000:2000:00d82ce9:0:0:0:" name="Al Najah" service_name="Al Najah" provider="Harmonic" sid="1" onid="8192" tsid="4096" />
    <channel service_ref="1:0:1:0001:0001:0001:00d82ce7:0:0:0:" name="Aldiyar Sat" service_name="Aldiyar Sat" provider="Net 1" sid="1" onid="1" tsid="1" />
    <channel service_ref="1:0:25:0001:0065:00c9:00d80000:0:0:0:" name="Arriadia" service_name="Arriadia" provider="SNRT" sid="1" onid="201" tsid="101" />
    <channel service_ref="1:0:25:0002:0065:00c9:00d80000:0:0:0:" name="Arriadia|  Version TNT" service_name="Arriadia|  Version TNT" provider="SNRT" sid="2" onid="201" tsid="101" />
    <channel service_ref="1:0:25:0004:0065:00c9:00d80000:0:0:0:" name="Arryadia HD" service_name="Arryadia HD" provider="SNRT" sid="4" onid="201" tsid="101" />
    <channel service_ref="1:0:25:01f8:1c00:00d2:00d80000:0:0:0:" name="CNN International HD" service_name="CNN International HD" provider="" sid="504" onid="210" tsid="7168" />
    <channel service_ref="1:0:1:0028:ffff:ffff:00d8ace9:0:0:0:" name="ERI TV" service_name="ERI TV" provider="" sid="40" onid="65535" tsid="65535" />
    <channel service_ref="1:0:1:0003:0001:ffff:00d82d08:0:0:0:" name="Hawacom" service_name="Hawacom" provider="MPEG4 SD Unnamed" sid="3" onid="65535" tsid="1" />
    <channel service_ref="1:0:1:0001:0001:ffff:00d82ceb:0:0:0:" name="Iraqi Education" service_name="Iraqi Education" provider="ITECO-UNDP" sid="1" onid="65535" tsid="1" />
    <channel service_ref="1:0:25:0001:0001:ffff:00d82afe:0:0:0:" name="KNN" service_name="KNN" provider="KNN" sid="1" onid="65535" tsid="1" />
    <channel service_ref="1:0:1:0001:0041:0800:00d80000:0:0:0:" name="MBC Feed" service_name="MBC Feed" provider="" sid="1" onid="2048" tsid="65" />
    <channel service_ref="1:0:25:0001:0001:ffff:00d8adad:0:0:0:" name="OTV Lebanon" service_name="OTV Lebanon" provider="OTV" sid="1" onid="65535" tsid="1" />
    <channel service_ref="1:0:25:0001:0001:ffff:00d8ad41:0:0:0:" name="Riyadh MCR" service_name="Riyadh MCR" provider="Service Provider" sid="1" onid="65535" tsid="1" />
    <channel service_ref="1:0:25:000a:0001:0001:00d82c82:0:0:0:" name="Topaz 2" service_name="Topaz 2" provider="" sid="10" onid="1" tsid="1" />
    <channel service_ref="1:0:25:0007:0001:0001:00d82c82:0:0:0:" name="Topaz Tazı Yarışı" service_name="Topaz Tazı Yarışı" provider="" sid="7" onid="1" tsid="1" />
    <channel service_ref="1:0:1:0028:ffff:ffff:00d8ad1b:0:0:0:" name="Yemen TV" service_name="Yemen TV" provider="" sid="40" onid="65535" tsid="65535" />
  </bouquet>
</zapit>
