<?xml version='1.0' encoding='utf-8'?>
<zapit>
  <bouquet name="General" category="tv">
    <channel service_ref="1:0:1:00ce:27fb:0148:eeee0000:0:0:0:" name="ARTE INVESTIMENTI" service_name="ARTE INVESTIMENTI" provider="STUDIO1" sid="206" onid="328" tsid="10235" />
    <channel service_ref="1:0:1:00ca:27fb:0148:eeee0000:0:0:0:" name="BFC" service_name="BFC" provider="STUDIO1" sid="202" onid="328" tsid="10235" />
    <channel service_ref="1:0:1:00cb:27fb:0148:eeee0000:0:0:0:" name="BIKE" service_name="BIKE" provider="STUDIO1" sid="203" onid="328" tsid="10235" />
    <channel service_ref="1:0:1:002b:27fb:0148:eeee0000:0:0:0:" name="CR1 TEST RAIWAY" service_name="CR1 TEST RAIWAY" provider="STUDIO1" sid="43" onid="328" tsid="10235" />
    <channel service_ref="1:0:1:0004:27fb:0148:eeee0000:0:0:0:" name="CREMONA 1" service_name="CREMONA 1" provider="STUDIO1" sid="4" onid="328" tsid="10235" />
    <channel service_ref="1:0:1:0001:27fb:0148:eeee0000:0:0:0:" name="CREMONA1" service_name="CREMONA1" provider="STUDIO1" sid="1" onid="328" tsid="10235" />
    <channel service_ref="1:0:1:006c:27fb:0148:eeee0000:0:0:0:" name="DELUXE139 Provvisorio" service_name="DELUXE139 Provvisorio" provider="STUDIO1" sid="108" onid="328" tsid="10235" />
    <channel service_ref="1:0:1:006a:27fb:0148:eeee0000:0:0:0:" name="DONNA SHOPPING182" service_name="DONNA SHOPPING182" provider="STUDIO1" sid="106" onid="328" tsid="10235" />
    <channel service_ref="1:0:1:000f:27fb:0148:eeee0000:0:0:0:" name="GENIUS 240" service_name="GENIUS 240" provider="STUDIO1" sid="15" onid="328" tsid="10235" />
    <channel service_ref="1:0:1:0009:27fb:0148:eeee0000:0:0:0:" name="GIORNALE RADIO" service_name="GIORNALE RADIO" provider="STUDIO1" sid="9" onid="328" tsid="10235" />
    <channel service_ref="1:0:1:000c:27fb:0148:eeee0000:0:0:0:" name="LA 8" service_name="LA 8" provider="STUDIO1" sid="12" onid="328" tsid="10235" />
    <channel service_ref="1:0:1:006d:27fb:0148:eeee0000:0:0:0:" name="LA 9 NORD" service_name="LA 9 NORD" provider="STUDIO1" sid="109" onid="328" tsid="10235" />
    <channel service_ref="1:0:1:00c9:27fb:0148:eeee0000:0:0:0:" name="PREMIO LIVE" service_name="PREMIO LIVE" provider="STUDIO1" sid="201" onid="328" tsid="10235" />
    <channel service_ref="1:0:1:00cd:27fb:0148:eeee0000:0:0:0:" name="PREMIO SPORT" service_name="PREMIO SPORT" provider="STUDIO1" sid="205" onid="328" tsid="10235" />
    <channel service_ref="1:0:1:002a:27fb:0148:eeee0000:0:0:0:" name="QTV" service_name="QTV" provider="STUDIO1" sid="42" onid="328" tsid="10235" />
    <channel service_ref="1:0:1:002c:27fb:0148:eeee0000:0:0:0:" name="RADIO BIRIKINA TV" service_name="RADIO BIRIKINA TV" provider="STUDIO1" sid="44" onid="328" tsid="10235" />
    <channel service_ref="1:0:1:0008:27fb:0148:eeee0000:0:0:0:" name="RADIO BRUNO" service_name="RADIO BRUNO" provider="STUDIO1" sid="8" onid="328" tsid="10235" />
    <channel service_ref="1:0:1:0005:27fb:0148:eeee0000:0:0:0:" name="STUDIO 1" service_name="STUDIO 1" provider="STUDIO1" sid="5" onid="328" tsid="10235" />
    <channel service_ref="1:0:1:0003:27fb:0148:eeee0000:0:0:0:" name="STUDIO LIVE" service_name="STUDIO LIVE" provider="STUDIO1" sid="3" onid="328" tsid="10235" />
    <channel service_ref="1:0:1:0002:27fb:0148:eeee0000:0:0:0:" name="STUDIO1" service_name="STUDIO1" provider="STUDIO1" sid="2" onid="328" tsid="10235" />
    <channel service_ref="1:0:1:002e:27fb:0148:eeee0000:0:0:0:" name="TELECAMPIONE" service_name="TELECAMPIONE" provider="STUDIO1" sid="46" onid="328" tsid="10235" />
    <channel service_ref="1:0:1:0006:27fb:0148:eeee0000:0:0:0:" name="TESORY CHANNEL" service_name="TESORY CHANNEL" provider="STUDIO1" sid="6" onid="328" tsid="10235" />
    <channel service_ref="1:0:1:00cc:27fb:0148:eeee0000:0:0:0:" name="WELCOME IN" service_name="WELCOME IN" provider="STUDIO1" sid="204" onid="328" tsid="10235" />
    <channel service_ref="1:0:1:0029:27fb:0148:eeee0000:0:0:0:" name="ZETA TV" service_name="ZETA TV" provider="STUDIO1" sid="41" onid="328" tsid="10235" />
  </bouquet>
  <bouquet name="Sports" category="tv">
    <channel service_ref="1:0:1:00cd:27fb:0148:eeee0000:0:0:0:" name="PREMIO SPORT" service_name="PREMIO SPORT" provider="STUDIO1" sid="205" onid="328" tsid="10235" />
  </bouquet>
  <bouquet name="ARD/ZDF" category="tv">
    <channel service_ref="1:0:1:0008:27fb:0148:eeee0000:0:0:0:" name="RADIO BRUNO" service_name="RADIO BRUNO" provider="STUDIO1" sid="8" onid="328" tsid="10235" />
  </bouquet>
  <bouquet name="RAI" category="tv">
    <channel service_ref="1:0:1:002b:27fb:0148:eeee0000:0:0:0:" name="CR1 TEST RAIWAY" service_name="CR1 TEST RAIWAY" provider="STUDIO1" sid="43" onid="328" tsid="10235" />
  </bouquet>
  <bouquet name="Switzerland" category="tv">
    <channel service_ref="1:0:1:006c:27fb:0148:eeee0000:0:0:0:" name="DELUXE139 Provvisorio" service_name="DELUXE139 Provvisorio" provider="STUDIO1" sid="108" onid="328" tsid="10235" />
    <channel service_ref="1:0:1:002e:27fb:0148:eeee0000:0:0:0:" name="TELECAMPIONE" service_name="TELECAMPIONE" provider="STUDIO1" sid="46" onid="328" tsid="10235" />
  </bouquet>
  <bouquet name="Shopping" category="tv">
    <channel service_ref="1:0:1:006a:27fb:0148:eeee0000:0:0:0:" name="DONNA SHOPPING182" service_name="DONNA SHOPPING182" provider="STUDIO1" sid="106" onid="328" tsid="10235" />
  </bouquet>
  <bouquet name="Others" category="tv">
    <channel service_ref="1:0:1:00ce:27fb:0148:eeee0000:0:0:0:" name="ARTE INVESTIMENTI" service_name="ARTE INVESTIMENTI" provider="STUDIO1" sid="206" onid="328" tsid="10235" />
    <channel service_ref="1:0:1:00ca:27fb:0148:eeee0000:0:0:0:" name="BFC" service_name="BFC" provider="STUDIO1" sid="202" onid="328" tsid="10235" />
    <channel service_ref="1:0:1:00cb:27fb:0148:eeee0000:0:0:0:" name="BIKE" service_name="BIKE" provider="STUDIO1" sid="203" onid="328" tsid="10235" />
    <channel service_ref="1:0:1:0004:27fb:0148:eeee0000:0:0:0:" name="CREMONA 1" service_name="CREMONA 1" provider="STUDIO1" sid="4" onid="328" tsid="10235" />
    <channel service_ref="1:0:1:0001:27fb:0148:eeee0000:0:0:0:" name="CREMONA1" service_name="CREMONA1" provider="STUDIO1" sid="1" onid="328" tsid="10235" />
    <channel service_ref="1:0:1:000f:27fb:0148:eeee0000:0:0:0:" name="GENIUS 240" service_name="GENIUS 240" provider="STUDIO1" sid="15" onid="328" tsid="10235" />
    <channel service_ref="1:0:1:0009:27fb:0148:eeee0000:0:0:0:" name="GIORNALE RADIO" service_name="GIORNALE RADIO" provider="STUDIO1" sid="9" onid="328" tsid="10235" />
    <channel service_ref="1:0:1:000c:27fb:0148:eeee0000:0:0:0:" name="LA 8" service_name="LA 8" provider="STUDIO1" sid="12" onid="328" tsid="10235" />
    <channel service_ref="1:0:1:006d:27fb:0148:eeee0000:0:0:0:" name="LA 9 NORD" service_name="LA 9 NORD" provider="STUDIO1" sid="109" onid="328" tsid="10235" />
    <channel service_ref="1:0:1:00c9:27fb:0148:eeee0000:0:0:0:" name="PREMIO LIVE" service_name="PREMIO LIVE" provider="STUDIO1" sid="201" onid="328" tsid="10235" />
    <channel service_ref="1:0:1:002a:27fb:0148:eeee0000:0:0:0:" name="QTV" service_name="QTV" provider="STUDIO1" sid="42" onid="328" tsid="10235" />
    <channel service_ref="1:0:1:002c:27fb:0148:eeee0000:0:0:0:" name="RADIO BIRIKINA TV" service_name="RADIO BIRIKINA TV" provider="STUDIO1" sid="44" onid="328" tsid="10235" />
    <channel service_ref="1:0:1:0005:27fb:0148:eeee0000:0:0:0:" name="STUDIO 1" service_name="STUDIO 1" provider="STUDIO1" sid="5" onid="328" tsid="10235" />
    <channel service_ref="1:0:1:0003:27fb:0148:eeee0000:0:0:0:" name="STUDIO LIVE" service_name="STUDIO LIVE" provider="STUDIO1" sid="3" onid="328" tsid="10235" />
    <channel service_ref="1:0:1:0002:27fb:0148:eeee0000:0:0:0:" name="STUDIO1" service_name="STUDIO1" provider="STUDIO1" sid="2" onid="328" tsid="10235" />
    <channel service_ref="1:0:1:0006:27fb:0148:eeee0000:0:0:0:" name="TESORY CHANNEL" service_name="TESORY CHANNEL" provider="STUDIO1" sid="6" onid="328" tsid="10235" />
    <channel service_ref="1:0:1:00cc:27fb:0148:eeee0000:0:0:0:" name="WELCOME IN" service_name="WELCOME IN" provider="STUDIO1" sid="204" onid="328" tsid="10235" />
    <channel service_ref="1:0:1:0029:27fb:0148:eeee0000:0:0:0:" name="ZETA TV" service_name="ZETA TV" provider="STUDIO1" sid="41" onid="328" tsid="10235" />
  </bouquet>
</zapit>
