<?xml version='1.0' encoding='utf-8'?>
<zapit api="4">
  <satellites>
    <satellite key="0d7a0000:1269:0601" name="Sat-15W" namespace="0x0d7a0000" position="-15">
      <transponder key="0d7a0000:1269:0601" frequency="11467000" symbol_rate="22500000" polarization="H" fec="3" system="0" modulation="0">
        <service id="0x04f3" sid="1267" name="AMC Eastern Europe" type="25" provider="DMC" onid="1537" tsid="4713" namespace="0x0d7a0000" />
        <service id="0x04f4" sid="1268" name="AMC Middle-East HD" type="25" provider="DMC" onid="1537" tsid="4713" namespace="0x0d7a0000" />
        <service id="0x126d" sid="4717" name="Eva" type="25" provider="DMC" onid="1537" tsid="4713" namespace="0x0d7a0000" />
        <service id="0x126c" sid="4716" name="Food Russia HD" type="25" provider="DMC" onid="1537" tsid="4713" namespace="0x0d7a0000" />
        <service id="0x04f5" sid="1269" name="History Channel Romania" type="25" provider="DMC" onid="1537" tsid="4713" namespace="0x0d7a0000" />
        <service id="0x126a" sid="4714" name="Outdoor Channel EMEA HD" type="25" provider="DMC" onid="1537" tsid="4713" namespace="0x0d7a0000" />
      </transponder>
    </satellite>
    <satellite key="0d7a0000:127b:0601" name="Sat-15W" namespace="0x0d7a0000" position="-15">
      <transponder key="0d7a0000:127b:0601" frequency="11495000" symbol_rate="21600000" polarization="H" fec="3" system="0" modulation="0">
        <service id="0x04f7" sid="1271" name="CBS Drama" type="1" provider="DMC" onid="1537" tsid="4731" namespace="0x0d7a0000" />
        <service id="0x04f8" sid="1272" name="CBS Reality" type="1" provider="DMC" onid="1537" tsid="4731" namespace="0x0d7a0000" />
        <service id="0x04fc" sid="1276" name="Extreme Sports" type="1" provider="DMC" onid="1537" tsid="4731" namespace="0x0d7a0000" />
        <service id="0x04fa" sid="1274" name="JimJam EMEA" type="1" provider="DMC" onid="1537" tsid="4731" namespace="0x0d7a0000" />
        <service id="0x04fb" sid="1275" name="JimJam EMEA" type="1" provider="DMC" onid="1537" tsid="4731" namespace="0x0d7a0000" />
      </transponder>
    </satellite>
    <satellite key="0d7a0000:12df:0601" name="Sat-15W" namespace="0x0d7a0000" position="-15">
      <transponder key="0d7a0000:12df:0601" frequency="11523000" symbol_rate="12000000" polarization="H" fec="3" system="0" modulation="0">
        <service id="0x12cb" sid="4811" name="Crime &amp; Investigation Network" type="1" provider="DMC" onid="1537" tsid="4831" namespace="0x0d7a0000" />
        <service id="0x12cc" sid="4812" name="History Channel Eastern Europe" type="1" provider="DMC" onid="1537" tsid="4831" namespace="0x0d7a0000" />
        <service id="0x12cd" sid="4813" name="Playboy TV" type="1" provider="DMC" onid="1537" tsid="4831" namespace="0x0d7a0000" />
      </transponder>
    </satellite>
    <satellite key="0d7a2d30:0002:0001" name="Sat-15W" namespace="0x0d7a2d30" position="-15">
      <transponder key="0d7a2d30:0002:0001" frequency="11568000" symbol_rate="2678000" polarization="H" fec="2" system="0" modulation="0">
        <service id="0x00c9" sid="201" name="BYU TV" type="25" provider="" onid="1" tsid="2" namespace="0x0d7a2d30" />
        <service id="0x00d4" sid="212" name="EA:  Arm - Bul" type="25" provider="" onid="1" tsid="2" namespace="0x0d7a2d30" />
        <service id="0x00cf" sid="207" name="EA:  Dut - Man" type="25" provider="" onid="1" tsid="2" namespace="0x0d7a2d30" />
        <service id="0x00d3" sid="211" name="EA:  Efi - Ara" type="25" provider="" onid="1" tsid="2" namespace="0x0d7a2d30" />
        <service id="0x00d6" sid="214" name="EA:  Eng - Fre" type="25" provider="" onid="1" tsid="2" namespace="0x0d7a2d30" />
        <service id="0x00cb" sid="203" name="EA:  Eng - Ita" type="25" provider="" onid="1" tsid="2" namespace="0x0d7a2d30" />
        <service id="0x00d5" sid="213" name="EA:  Eng - Por" type="25" provider="" onid="1" tsid="2" namespace="0x0d7a2d30" />
        <service id="0x00ce" sid="206" name="EA:  Eng - Rus" type="25" provider="" onid="1" tsid="2" namespace="0x0d7a2d30" />
        <service id="0x00d7" sid="215" name="EA:  Eng - Spa" type="25" provider="" onid="1" tsid="2" namespace="0x0d7a2d30" />
        <service id="0x00d2" sid="210" name="EA:  Est - Ukr" type="25" provider="" onid="1" tsid="2" namespace="0x0d7a2d30" />
        <service id="0x00d9" sid="217" name="EA:  Far - Lat" type="25" provider="" onid="1" tsid="2" namespace="0x0d7a2d30" />
        <service id="0x00d8" sid="216" name="EA:  Gre - Cze" type="25" provider="" onid="1" tsid="2" namespace="0x0d7a2d30" />
        <service id="0x00d0" sid="208" name="EA:  Hun - Rom" type="25" provider="" onid="1" tsid="2" namespace="0x0d7a2d30" />
        <service id="0x00cc" sid="204" name="EA:  Nor - Dan" type="25" provider="" onid="1" tsid="2" namespace="0x0d7a2d30" />
        <service id="0x00d1" sid="209" name="EA:  Pol - Alb" type="25" provider="" onid="1" tsid="2" namespace="0x0d7a2d30" />
        <service id="0x00ca" sid="202" name="EA:  Spa - Por" type="25" provider="" onid="1" tsid="2" namespace="0x0d7a2d30" />
        <service id="0x00cd" sid="205" name="EA:  Swe - Fin" type="25" provider="" onid="1" tsid="2" namespace="0x0d7a2d30" />
      </transponder>
    </satellite>
    <satellite key="0d7a30e3:0001:ffff" name="Sat-15W" namespace="0x0d7a30e3" position="-15">
      <transponder key="0d7a30e3:0001:ffff" frequency="12515000" symbol_rate="3750000" polarization="H" fec="3" system="0" modulation="0">
        <service id="0x0001" sid="1" name="NBC/CNBC/MSNBC Feeds" type="25" provider="NBC NEWS" onid="65535" tsid="1" namespace="0x0d7a30e3" />
      </transponder>
    </satellite>
    <satellite key="0d7a3129:0001:0001" name="Sat-15W" namespace="0x0d7a3129" position="-15">
      <transponder key="0d7a3129:0001:0001" frequency="12585000" symbol_rate="3198000" polarization="H" fec="5" system="0" modulation="0">
        <service id="0x0001" sid="1" name="MSNBC" type="1" provider="" onid="1" tsid="1" namespace="0x0d7a3129" />
      </transponder>
    </satellite>
    <satellite key="0d7a3130:0001:0001" name="Sat-15W" namespace="0x0d7a3130" position="-15">
      <transponder key="0d7a3130:0001:0001" frequency="12592000" symbol_rate="2900000" polarization="H" fec="3" system="0" modulation="0">
        <service id="0x0001" sid="1" name="The 700 Club|  20h-22h CET" type="25" provider="" onid="1" tsid="1" namespace="0x0d7a3130" />
      </transponder>
    </satellite>
    <satellite key="0d7a3140:0002:0002" name="Sat-15W" namespace="0x0d7a3140" position="-15">
      <transponder key="0d7a3140:0002:0002" frequency="12608000" symbol_rate="19279000" polarization="H" fec="2" system="0" modulation="0">
        <service id="0x0009" sid="9" name="Gunaz TV" type="1" provider="Gunaz" onid="2" tsid="2" namespace="0x0d7a3140" />
      </transponder>
    </satellite>
    <satellite key="0d7a31a3:0001:0001" name="Sat-15W" namespace="0x0d7a31a3" position="-15">
      <transponder key="0d7a31a3:0001:0001" frequency="12707000" symbol_rate="4055000" polarization="H" fec="3" system="0" modulation="0">
        <service id="0x01fe" sid="510" name="The Fight Network" type="25" provider="" onid="1" tsid="1" namespace="0x0d7a31a3" />
      </transponder>
    </satellite>
    <satellite key="0d7a31c1:0001:0001" name="Sat-15W" namespace="0x0d7a31c1" position="-15">
      <transponder key="0d7a31c1:0001:0001" frequency="12737000" symbol_rate="7552000" polarization="H" fec="3" system="0" modulation="0">
        <service id="0x00b6" sid="182" name="ESPN" type="1" provider="Espn" onid="1" tsid="1" namespace="0x0d7a31c1" />
        <service id="0x00b5" sid="181" name="ESPN Caribbean" type="1" provider="Espn" onid="1" tsid="1" namespace="0x0d7a31c1" />
      </transponder>
    </satellite>
    <satellite key="0d7aace8:0002:ffff" name="Sat-15W" namespace="0x0d7aace8" position="-15">
      <transponder key="0d7aace8:0002:ffff" frequency="11496000" symbol_rate="2894000" polarization="V" fec="3" system="0" modulation="0">
        <service id="0x0001" sid="1" name="Zagros" type="1" provider="Zagros" onid="65535" tsid="2" namespace="0x0d7aace8" />
      </transponder>
    </satellite>
  </satellites>
</zapit>
