<?xml version='1.0' encoding='utf-8'?>
<zapit>
  <bouquet name="General" category="tv">
    <channel service_ref="1:0:1:0001:0003:1113:02ee0000:0:0:0:" name="Bum TV" service_name="Bum TV" provider="" sid="1" onid="4371" tsid="3" />
    <channel service_ref="1:0:1:000f:000b:1113:02ee0000:0:0:0:" name="Cinema" service_name="Cinema" provider="" sid="15" onid="4371" tsid="11" />
    <channel service_ref="1:0:1:000e:000b:1113:02ee0000:0:0:0:" name="Doctor" service_name="Doctor" provider="" sid="14" onid="4371" tsid="11" />
    <channel service_ref="1:0:1:000b:0003:1113:02ee0000:0:0:0:" name="E TV" service_name="E TV" provider="" sid="11" onid="4371" tsid="3" />
    <channel service_ref="1:0:31:050d:0001:1e61:02ee0000:0:0:0:" name="Eurosport 4K" service_name="Eurosport 4K" provider="SAT" sid="1293" onid="7777" tsid="1" />
    <channel service_ref="1:0:1:000e:0003:1113:02ee0000:0:0:0:" name="FAN HD" service_name="FAN HD" provider="" sid="14" onid="4371" tsid="3" />
    <channel service_ref="1:0:1:02be:0001:003d:02ee0000:0:0:0:" name="Fox Action Movies" service_name="Fox Action Movies" provider="" sid="702" onid="61" tsid="1" />
    <channel service_ref="1:0:1:02bf:0001:003d:02ee0000:0:0:0:" name="Fox Family Movies" service_name="Fox Family Movies" provider="" sid="703" onid="61" tsid="1" />
    <channel service_ref="1:0:31:050b:0001:1e61:02ee0000:0:0:0:" name="FTV UHD" service_name="FTV UHD" provider="SAT" sid="1291" onid="7777" tsid="1" />
    <channel service_ref="1:0:1:02bd:0001:003d:02ee0000:0:0:0:" name="FX" service_name="FX" provider="" sid="701" onid="61" tsid="1" />
    <channel service_ref="1:0:31:050a:0001:1e61:02ee0000:0:0:0:" name="INSIGHT UHD" service_name="INSIGHT UHD" provider="SAT" sid="1290" onid="7777" tsid="1" />
    <channel service_ref="1:0:1:0009:000b:1113:02ee0000:0:0:0:" name="ISTORIA" service_name="ISTORIA" provider="" sid="9" onid="4371" tsid="11" />
    <channel service_ref="1:0:1:0007:000b:1113:02ee0000:0:0:0:" name="KINO TV" service_name="KINO TV" provider="" sid="7" onid="4371" tsid="11" />
    <channel service_ref="1:0:1:000b:000b:1113:02ee0000:0:0:0:" name="Mama" service_name="Mama" provider="" sid="11" onid="4371" tsid="11" />
    <channel service_ref="1:0:1:06a4:1000:0064:02ee0000:0:0:0:" name="MIR Service ABS-2" service_name="MIR Service ABS-2" provider="MIR Teleport" sid="1700" onid="100" tsid="4096" />
    <channel service_ref="1:0:1:0007:0002:1113:02ee0000:0:0:0:" name="Moskva 24" service_name="Moskva 24" provider="" sid="7" onid="4371" tsid="2" />
    <channel service_ref="1:0:1:0008:0002:1113:02ee0000:0:0:0:" name="Moskva Doverie" service_name="Moskva Doverie" provider="" sid="8" onid="4371" tsid="2" />
    <channel service_ref="1:0:1:000c:0003:1113:02ee0000:0:0:0:" name="MOTORSPORT" service_name="MOTORSPORT" provider="" sid="12" onid="4371" tsid="3" />
    <channel service_ref="1:0:1:000d:0003:1113:02ee0000:0:0:0:" name="MOTORSPORT HD" service_name="MOTORSPORT HD" provider="" sid="13" onid="4371" tsid="3" />
    <channel service_ref="1:0:1:000a:000b:1113:02ee0000:0:0:0:" name="Mult" service_name="Mult" provider="" sid="10" onid="4371" tsid="11" />
    <channel service_ref="1:0:1:0006:000b:1113:02ee0000:0:0:0:" name="Mult&amp;Musik" service_name="Mult&amp;Musik" provider="" sid="6" onid="4371" tsid="11" />
    <channel service_ref="1:0:1:0001:000b:1113:02ee0000:0:0:0:" name="MY PLANET" service_name="MY PLANET" provider="" sid="1" onid="4371" tsid="11" />
    <channel service_ref="1:0:1:0002:000b:1113:02ee0000:0:0:0:" name="Nayka" service_name="Nayka" provider="" sid="2" onid="4371" tsid="11" />
    <channel service_ref="1:0:1:000d:000b:1113:02ee0000:0:0:0:" name="NST" service_name="NST" provider="" sid="13" onid="4371" tsid="11" />
    <channel service_ref="1:0:1:0006:0003:1113:02ee0000:0:0:0:" name="NTV-Pravo" service_name="NTV-Pravo" provider="" sid="6" onid="4371" tsid="3" />
    <channel service_ref="1:0:1:0007:0003:1113:02ee0000:0:0:0:" name="NTV-Serial" service_name="NTV-Serial" provider="" sid="7" onid="4371" tsid="3" />
    <channel service_ref="1:0:1:0005:0003:1113:02ee0000:0:0:0:" name="NTV-Style" service_name="NTV-Style" provider="" sid="5" onid="4371" tsid="3" />
    <channel service_ref="1:0:1:000f:0003:1113:02ee0000:0:0:0:" name="Pes i Ko" service_name="Pes i Ko" provider="" sid="15" onid="4371" tsid="3" />
    <channel service_ref="1:0:1:0003:0003:1113:02ee0000:0:0:0:" name="Planeta HD" service_name="Planeta HD" provider="" sid="3" onid="4371" tsid="3" />
    <channel service_ref="1:0:31:050c:0001:1e61:02ee0000:0:0:0:" name="Russian Extreme TV ULTRA HD CINEMA" service_name="Russian Extreme TV ULTRA HD CINEMA" provider="SAT" sid="1292" onid="7777" tsid="1" />
    <channel service_ref="1:0:1:0004:0003:1113:02ee0000:0:0:0:" name="Russkiy Roman HD" service_name="Russkiy Roman HD" provider="" sid="4" onid="4371" tsid="3" />
    <channel service_ref="1:0:1:0004:000b:1113:02ee0000:0:0:0:" name="Rysskiy bestseller" service_name="Rysskiy bestseller" provider="" sid="4" onid="4371" tsid="11" />
    <channel service_ref="1:0:1:0003:000b:1113:02ee0000:0:0:0:" name="Rysskiy roman" service_name="Rysskiy roman" provider="" sid="3" onid="4371" tsid="11" />
    <channel service_ref="1:0:1:0005:000b:1113:02ee0000:0:0:0:" name="Sarafan" service_name="Sarafan" provider="" sid="5" onid="4371" tsid="11" />
    <channel service_ref="1:0:1:000c:000b:1113:02ee0000:0:0:0:" name="Techno 24" service_name="Techno 24" provider="" sid="12" onid="4371" tsid="11" />
    <channel service_ref="1:0:1:0005:0002:1113:02ee0000:0:0:0:" name="Telekanal 360" service_name="Telekanal 360" provider="" sid="5" onid="4371" tsid="2" />
    <channel service_ref="1:0:1:0009:0003:1113:02ee0000:0:0:0:" name="Telekanal 360HD" service_name="Telekanal 360HD" provider="" sid="9" onid="4371" tsid="3" />
    <channel service_ref="1:0:1:0002:0003:1113:02ee0000:0:0:0:" name="TLUM HD" service_name="TLUM HD" provider="" sid="2" onid="4371" tsid="3" />
    <channel service_ref="1:0:1:000a:0002:1113:02ee0000:0:0:0:" name="Travel+Adventure" service_name="Travel+Adventure" provider="" sid="10" onid="4371" tsid="2" />
    <channel service_ref="1:0:1:000a:0003:1113:02ee0000:0:0:0:" name="Travel+Adventure" service_name="Travel+Adventure" provider="" sid="10" onid="4371" tsid="3" />
    <channel service_ref="1:0:1:0008:0003:1113:02ee0000:0:0:0:" name="Travel+Adventure HD" service_name="Travel+Adventure HD" provider="" sid="8" onid="4371" tsid="3" />
    <channel service_ref="1:0:1:000f:0002:1113:02ee0000:0:0:0:" name="TV TOP SHOP" service_name="TV TOP SHOP" provider="" sid="15" onid="4371" tsid="2" />
    <channel service_ref="1:0:1:0008:000b:1113:02ee0000:0:0:0:" name="Zhivaja Planeta" service_name="Zhivaja Planeta" provider="" sid="8" onid="4371" tsid="11" />
    <channel service_ref="1:0:22:029a:0001:1e61:02ee0000:0:0:0:" name="Домашний (+2)" service_name="Домашний (+2)" provider="SAT" sid="666" onid="7777" tsid="1" />
    <channel service_ref="1:0:22:029a:0002:1e61:02ee0000:0:0:0:" name="Домашний (+2)" service_name="Домашний (+2)" provider="SAT" sid="666" onid="7777" tsid="2" />
    <channel service_ref="1:0:22:011b:0001:1e61:02ee0000:0:0:0:" name="Домашний (+4)" service_name="Домашний (+4)" provider="SAT" sid="283" onid="7777" tsid="1" />
    <channel service_ref="1:0:22:011b:0002:1e61:02ee0000:0:0:0:" name="Домашний (+4)" service_name="Домашний (+4)" provider="SAT" sid="283" onid="7777" tsid="2" />
    <channel service_ref="1:0:22:029b:0001:1e61:02ee0000:0:0:0:" name="Домашний (+7)" service_name="Домашний (+7)" provider="SAT" sid="667" onid="7777" tsid="1" />
    <channel service_ref="1:0:22:029b:0002:1e61:02ee0000:0:0:0:" name="Домашний (+7)" service_name="Домашний (+7)" provider="SAT" sid="667" onid="7777" tsid="2" />
    <channel service_ref="1:0:22:066a:0001:1e61:02ee0000:0:0:0:" name="Звезда (+2)" service_name="Звезда (+2)" provider="SAT" sid="1642" onid="7777" tsid="1" />
    <channel service_ref="1:0:22:066a:0002:1e61:02ee0000:0:0:0:" name="Звезда (+2)" service_name="Звезда (+2)" provider="SAT" sid="1642" onid="7777" tsid="2" />
    <channel service_ref="1:0:22:011c:0001:1e61:02ee0000:0:0:0:" name="Звезда (+4)" service_name="Звезда (+4)" provider="SAT" sid="284" onid="7777" tsid="1" />
    <channel service_ref="1:0:22:011c:0002:1e61:02ee0000:0:0:0:" name="Звезда (+4)" service_name="Звезда (+4)" provider="SAT" sid="284" onid="7777" tsid="2" />
    <channel service_ref="1:0:22:066b:0001:1e61:02ee0000:0:0:0:" name="Звезда (+7)" service_name="Звезда (+7)" provider="SAT" sid="1643" onid="7777" tsid="1" />
    <channel service_ref="1:0:22:066b:0002:1e61:02ee0000:0:0:0:" name="Звезда (+7)" service_name="Звезда (+7)" provider="SAT" sid="1643" onid="7777" tsid="2" />
    <channel service_ref="1:0:22:011d:0001:1e61:02ee0000:0:0:0:" name="Карусель (+3)" service_name="Карусель (+3)" provider="SAT" sid="285" onid="7777" tsid="1" />
    <channel service_ref="1:0:22:011d:0002:1e61:02ee0000:0:0:0:" name="Карусель (+3)" service_name="Карусель (+3)" provider="SAT" sid="285" onid="7777" tsid="2" />
    <channel service_ref="1:0:22:011e:0001:1e61:02ee0000:0:0:0:" name="Карусель (+7)" service_name="Карусель (+7)" provider="SAT" sid="286" onid="7777" tsid="1" />
    <channel service_ref="1:0:22:011e:0002:1e61:02ee0000:0:0:0:" name="Карусель (+7)" service_name="Карусель (+7)" provider="SAT" sid="286" onid="7777" tsid="2" />
    <channel service_ref="1:0:22:0126:0001:1e61:02ee0000:0:0:0:" name="Культура (+2)" service_name="Культура (+2)" provider="SAT" sid="294" onid="7777" tsid="1" />
    <channel service_ref="1:0:22:0126:0002:1e61:02ee0000:0:0:0:" name="Культура (+2)" service_name="Культура (+2)" provider="SAT" sid="294" onid="7777" tsid="2" />
    <channel service_ref="1:0:22:0127:0001:1e61:02ee0000:0:0:0:" name="Культура (+4)" service_name="Культура (+4)" provider="SAT" sid="295" onid="7777" tsid="1" />
    <channel service_ref="1:0:22:0127:0002:1e61:02ee0000:0:0:0:" name="Культура (+4)" service_name="Культура (+4)" provider="SAT" sid="295" onid="7777" tsid="2" />
    <channel service_ref="1:0:22:0128:0001:1e61:02ee0000:0:0:0:" name="Культура (+7)" service_name="Культура (+7)" provider="SAT" sid="296" onid="7777" tsid="1" />
    <channel service_ref="1:0:22:0128:0002:1e61:02ee0000:0:0:0:" name="Культура (+7)" service_name="Культура (+7)" provider="SAT" sid="296" onid="7777" tsid="2" />
    <channel service_ref="1:0:22:066c:0001:1e61:02ee0000:0:0:0:" name="Мир (+2)" service_name="Мир (+2)" provider="SAT" sid="1644" onid="7777" tsid="1" />
    <channel service_ref="1:0:22:066c:0002:1e61:02ee0000:0:0:0:" name="Мир (+2)" service_name="Мир (+2)" provider="SAT" sid="1644" onid="7777" tsid="2" />
    <channel service_ref="1:0:22:066d:0001:1e61:02ee0000:0:0:0:" name="Мир (+4)" service_name="Мир (+4)" provider="SAT" sid="1645" onid="7777" tsid="1" />
    <channel service_ref="1:0:22:066d:0002:1e61:02ee0000:0:0:0:" name="Мир (+4)" service_name="Мир (+4)" provider="SAT" sid="1645" onid="7777" tsid="2" />
    <channel service_ref="1:0:22:066e:0001:1e61:02ee0000:0:0:0:" name="Мир (+7)" service_name="Мир (+7)" provider="SAT" sid="1646" onid="7777" tsid="1" />
    <channel service_ref="1:0:22:066e:0002:1e61:02ee0000:0:0:0:" name="Мир (+7)" service_name="Мир (+7)" provider="SAT" sid="1646" onid="7777" tsid="2" />
    <channel service_ref="1:0:22:0120:0001:1e61:02ee0000:0:0:0:" name="НТВ (+2)" service_name="НТВ (+2)" provider="SAT" sid="288" onid="7777" tsid="1" />
    <channel service_ref="1:0:22:0120:0002:1e61:02ee0000:0:0:0:" name="НТВ (+2)" service_name="НТВ (+2)" provider="SAT" sid="288" onid="7777" tsid="2" />
    <channel service_ref="1:0:22:0121:0001:1e61:02ee0000:0:0:0:" name="НТВ (+4)" service_name="НТВ (+4)" provider="SAT" sid="289" onid="7777" tsid="1" />
    <channel service_ref="1:0:22:0121:0002:1e61:02ee0000:0:0:0:" name="НТВ (+4)" service_name="НТВ (+4)" provider="SAT" sid="289" onid="7777" tsid="2" />
    <channel service_ref="1:0:22:011f:0001:1e61:02ee0000:0:0:0:" name="НТВ (+7)" service_name="НТВ (+7)" provider="SAT" sid="287" onid="7777" tsid="1" />
    <channel service_ref="1:0:22:011f:0002:1e61:02ee0000:0:0:0:" name="НТВ (+7)" service_name="НТВ (+7)" provider="SAT" sid="287" onid="7777" tsid="2" />
    <channel service_ref="1:0:22:064c:0002:1e61:02ee0000:0:0:0:" name="Первый (+2)" service_name="Первый (+2)" provider="SAT" sid="1612" onid="7777" tsid="2" />
    <channel service_ref="1:0:22:064a:0002:1e61:02ee0000:0:0:0:" name="Первый (+4)" service_name="Первый (+4)" provider="SAT" sid="1610" onid="7777" tsid="2" />
    <channel service_ref="1:0:22:064b:0002:1e61:02ee0000:0:0:0:" name="Первый (+6)" service_name="Первый (+6)" provider="SAT" sid="1611" onid="7777" tsid="2" />
    <channel service_ref="1:0:22:064c:0001:1e61:02ee0000:0:0:0:" name="Первый канал (+2)" service_name="Первый канал (+2)" provider="SAT" sid="1612" onid="7777" tsid="1" />
    <channel service_ref="1:0:22:064a:0001:1e61:02ee0000:0:0:0:" name="Первый канал (+4)" service_name="Первый канал (+4)" provider="SAT" sid="1610" onid="7777" tsid="1" />
    <channel service_ref="1:0:22:064b:0001:1e61:02ee0000:0:0:0:" name="Первый канал (+6)" service_name="Первый канал (+6)" provider="SAT" sid="1611" onid="7777" tsid="1" />
    <channel service_ref="1:0:22:066f:0001:1e61:02ee0000:0:0:0:" name="Пятница! (+2)" service_name="Пятница! (+2)" provider="SAT" sid="1647" onid="7777" tsid="1" />
    <channel service_ref="1:0:22:066f:0002:1e61:02ee0000:0:0:0:" name="Пятница! (+2)" service_name="Пятница! (+2)" provider="SAT" sid="1647" onid="7777" tsid="2" />
    <channel service_ref="1:0:22:028a:0001:1e61:02ee0000:0:0:0:" name="Пятница! (+4)" service_name="Пятница! (+4)" provider="SAT" sid="650" onid="7777" tsid="1" />
    <channel service_ref="1:0:22:028a:0002:1e61:02ee0000:0:0:0:" name="Пятница! (+4)" service_name="Пятница! (+4)" provider="SAT" sid="650" onid="7777" tsid="2" />
    <channel service_ref="1:0:22:029e:0001:1e61:02ee0000:0:0:0:" name="Пятница! (+7)" service_name="Пятница! (+7)" provider="SAT" sid="670" onid="7777" tsid="1" />
    <channel service_ref="1:0:22:029e:0002:1e61:02ee0000:0:0:0:" name="Пятница! (+7)" service_name="Пятница! (+7)" provider="SAT" sid="670" onid="7777" tsid="2" />
    <channel service_ref="1:0:22:0129:0001:1e61:02ee0000:0:0:0:" name="Пятый канал (+2)" service_name="Пятый канал (+2)" provider="SAT" sid="297" onid="7777" tsid="1" />
    <channel service_ref="1:0:22:0129:0002:1e61:02ee0000:0:0:0:" name="Пятый канал (+2)" service_name="Пятый канал (+2)" provider="SAT" sid="297" onid="7777" tsid="2" />
    <channel service_ref="1:0:22:064f:0001:1e61:02ee0000:0:0:0:" name="Пятый канал (+4)" service_name="Пятый канал (+4)" provider="SAT" sid="1615" onid="7777" tsid="1" />
    <channel service_ref="1:0:22:064f:0002:1e61:02ee0000:0:0:0:" name="Пятый канал (+4)" service_name="Пятый канал (+4)" provider="SAT" sid="1615" onid="7777" tsid="2" />
    <channel service_ref="1:0:22:064e:0001:1e61:02ee0000:0:0:0:" name="Пятый канал (+7)" service_name="Пятый канал (+7)" provider="SAT" sid="1614" onid="7777" tsid="1" />
    <channel service_ref="1:0:22:064e:0002:1e61:02ee0000:0:0:0:" name="Пятый канал (+7)" service_name="Пятый канал (+7)" provider="SAT" sid="1614" onid="7777" tsid="2" />
    <channel service_ref="1:0:22:012b:0001:1e61:02ee0000:0:0:0:" name="РЕН (+2)" service_name="РЕН (+2)" provider="SAT" sid="299" onid="7777" tsid="1" />
    <channel service_ref="1:0:22:012b:0002:1e61:02ee0000:0:0:0:" name="РЕН (+2)" service_name="РЕН (+2)" provider="SAT" sid="299" onid="7777" tsid="2" />
    <channel service_ref="1:0:22:028b:0001:1e61:02ee0000:0:0:0:" name="РЕН (+4)" service_name="РЕН (+4)" provider="SAT" sid="651" onid="7777" tsid="1" />
    <channel service_ref="1:0:22:028b:0002:1e61:02ee0000:0:0:0:" name="РЕН (+4)" service_name="РЕН (+4)" provider="SAT" sid="651" onid="7777" tsid="2" />
    <channel service_ref="1:0:22:028c:0001:1e61:02ee0000:0:0:0:" name="РЕН (+7)" service_name="РЕН (+7)" provider="SAT" sid="652" onid="7777" tsid="1" />
    <channel service_ref="1:0:22:028c:0002:1e61:02ee0000:0:0:0:" name="РЕН (+7)" service_name="РЕН (+7)" provider="SAT" sid="652" onid="7777" tsid="2" />
    <channel service_ref="1:0:22:028f:0001:1e61:02ee0000:0:0:0:" name="Россия 1 (+2)" service_name="Россия 1 (+2)" provider="SAT" sid="655" onid="7777" tsid="1" />
    <channel service_ref="1:0:22:028f:0002:1e61:02ee0000:0:0:0:" name="Россия 1 (+2)" service_name="Россия 1 (+2)" provider="SAT" sid="655" onid="7777" tsid="2" />
    <channel service_ref="1:0:22:028d:0001:1e61:02ee0000:0:0:0:" name="Россия 1 (+4)" service_name="Россия 1 (+4)" provider="SAT" sid="653" onid="7777" tsid="1" />
    <channel service_ref="1:0:22:028d:0002:1e61:02ee0000:0:0:0:" name="Россия 1 (+4)" service_name="Россия 1 (+4)" provider="SAT" sid="653" onid="7777" tsid="2" />
    <channel service_ref="1:0:22:028e:0001:1e61:02ee0000:0:0:0:" name="Россия 1 (+6)" service_name="Россия 1 (+6)" provider="SAT" sid="654" onid="7777" tsid="1" />
    <channel service_ref="1:0:22:028e:0002:1e61:02ee0000:0:0:0:" name="Россия 1 (+6)" service_name="Россия 1 (+6)" provider="SAT" sid="654" onid="7777" tsid="2" />
    <channel service_ref="1:0:22:0122:0001:1e61:02ee0000:0:0:0:" name="СТС (+2)" service_name="СТС (+2)" provider="SAT" sid="290" onid="7777" tsid="1" />
    <channel service_ref="1:0:22:0122:0002:1e61:02ee0000:0:0:0:" name="СТС (+2)" service_name="СТС (+2)" provider="SAT" sid="290" onid="7777" tsid="2" />
    <channel service_ref="1:0:22:0123:0001:1e61:02ee0000:0:0:0:" name="СТС (+4)" service_name="СТС (+4)" provider="SAT" sid="291" onid="7777" tsid="1" />
    <channel service_ref="1:0:22:0123:0002:1e61:02ee0000:0:0:0:" name="СТС (+4)" service_name="СТС (+4)" provider="SAT" sid="291" onid="7777" tsid="2" />
    <channel service_ref="1:0:22:0124:0001:1e61:02ee0000:0:0:0:" name="СТС (+7)" service_name="СТС (+7)" provider="SAT" sid="292" onid="7777" tsid="1" />
    <channel service_ref="1:0:22:0124:0002:1e61:02ee0000:0:0:0:" name="СТС (+7)" service_name="СТС (+7)" provider="SAT" sid="292" onid="7777" tsid="2" />
    <channel service_ref="1:0:22:065b:0001:1e61:02ee0000:0:0:0:" name="ТВ Центр  (+7)" service_name="ТВ Центр  (+7)" provider="SAT" sid="1627" onid="7777" tsid="1" />
    <channel service_ref="1:0:22:065b:0002:1e61:02ee0000:0:0:0:" name="ТВ Центр  (+7)" service_name="ТВ Центр  (+7)" provider="SAT" sid="1627" onid="7777" tsid="2" />
    <channel service_ref="1:0:22:012a:0001:1e61:02ee0000:0:0:0:" name="ТВ Центр (+2)" service_name="ТВ Центр (+2)" provider="SAT" sid="298" onid="7777" tsid="1" />
    <channel service_ref="1:0:22:012a:0002:1e61:02ee0000:0:0:0:" name="ТВ Центр (+2)" service_name="ТВ Центр (+2)" provider="SAT" sid="298" onid="7777" tsid="2" />
    <channel service_ref="1:0:22:065a:0001:1e61:02ee0000:0:0:0:" name="ТВ Центр (+4)" service_name="ТВ Центр (+4)" provider="SAT" sid="1626" onid="7777" tsid="1" />
    <channel service_ref="1:0:22:065a:0002:1e61:02ee0000:0:0:0:" name="ТВ Центр (+4)" service_name="ТВ Центр (+4)" provider="SAT" sid="1626" onid="7777" tsid="2" />
    <channel service_ref="1:0:22:029c:0001:1e61:02ee0000:0:0:0:" name="ТВ-3 (+2)" service_name="ТВ-3 (+2)" provider="SAT" sid="668" onid="7777" tsid="1" />
    <channel service_ref="1:0:22:029c:0002:1e61:02ee0000:0:0:0:" name="ТВ-3 (+2)" service_name="ТВ-3 (+2)" provider="SAT" sid="668" onid="7777" tsid="2" />
    <channel service_ref="1:0:22:0125:0001:1e61:02ee0000:0:0:0:" name="ТВ-3 (+4)" service_name="ТВ-3 (+4)" provider="SAT" sid="293" onid="7777" tsid="1" />
    <channel service_ref="1:0:22:0125:0002:1e61:02ee0000:0:0:0:" name="ТВ-3 (+4)" service_name="ТВ-3 (+4)" provider="SAT" sid="293" onid="7777" tsid="2" />
    <channel service_ref="1:0:22:029d:0001:1e61:02ee0000:0:0:0:" name="ТВ-3 (+7)" service_name="ТВ-3 (+7)" provider="SAT" sid="669" onid="7777" tsid="1" />
    <channel service_ref="1:0:22:029d:0002:1e61:02ee0000:0:0:0:" name="ТВ-3 (+7)" service_name="ТВ-3 (+7)" provider="SAT" sid="669" onid="7777" tsid="2" />
    <channel service_ref="1:0:22:065f:0001:1e61:02ee0000:0:0:0:" name="ТНТ (+2)" service_name="ТНТ (+2)" provider="SAT" sid="1631" onid="7777" tsid="1" />
    <channel service_ref="1:0:22:065f:0002:1e61:02ee0000:0:0:0:" name="ТНТ (+2)" service_name="ТНТ (+2)" provider="SAT" sid="1631" onid="7777" tsid="2" />
    <channel service_ref="1:0:22:065c:0001:1e61:02ee0000:0:0:0:" name="ТНТ (+4)" service_name="ТНТ (+4)" provider="SAT" sid="1628" onid="7777" tsid="1" />
    <channel service_ref="1:0:22:065c:0002:1e61:02ee0000:0:0:0:" name="ТНТ (+4)" service_name="ТНТ (+4)" provider="SAT" sid="1628" onid="7777" tsid="2" />
    <channel service_ref="1:0:22:065d:0001:1e61:02ee0000:0:0:0:" name="ТНТ (+7)" service_name="ТНТ (+7)" provider="SAT" sid="1629" onid="7777" tsid="1" />
    <channel service_ref="1:0:22:065d:0002:1e61:02ee0000:0:0:0:" name="ТНТ (+7)" service_name="ТНТ (+7)" provider="SAT" sid="1629" onid="7777" tsid="2" />
  </bouquet>
  <bouquet name="Movies" category="tv">
    <channel service_ref="1:0:1:000f:000b:1113:02ee0000:0:0:0:" name="Cinema" service_name="Cinema" provider="" sid="15" onid="4371" tsid="11" />
    <channel service_ref="1:0:1:02be:0001:003d:02ee0000:0:0:0:" name="Fox Action Movies" service_name="Fox Action Movies" provider="" sid="702" onid="61" tsid="1" />
    <channel service_ref="1:0:1:02bf:0001:003d:02ee0000:0:0:0:" name="Fox Family Movies" service_name="Fox Family Movies" provider="" sid="703" onid="61" tsid="1" />
    <channel service_ref="1:0:31:050c:0001:1e61:02ee0000:0:0:0:" name="Russian Extreme TV ULTRA HD CINEMA" service_name="Russian Extreme TV ULTRA HD CINEMA" provider="SAT" sid="1292" onid="7777" tsid="1" />
  </bouquet>
  <bouquet name="Sports" category="tv">
    <channel service_ref="1:0:31:050d:0001:1e61:02ee0000:0:0:0:" name="Eurosport 4K" service_name="Eurosport 4K" provider="SAT" sid="1293" onid="7777" tsid="1" />
    <channel service_ref="1:0:1:000c:0003:1113:02ee0000:0:0:0:" name="MOTORSPORT" service_name="MOTORSPORT" provider="" sid="12" onid="4371" tsid="3" />
    <channel service_ref="1:0:1:000d:0003:1113:02ee0000:0:0:0:" name="MOTORSPORT HD" service_name="MOTORSPORT HD" provider="" sid="13" onid="4371" tsid="3" />
  </bouquet>
  <bouquet name="Music" category="tv">
    <channel service_ref="1:0:1:0006:000b:1113:02ee0000:0:0:0:" name="Mult&amp;Musik" service_name="Mult&amp;Musik" provider="" sid="6" onid="4371" tsid="11" />
  </bouquet>
  <bouquet name="Documentary" category="tv">
    <channel service_ref="1:0:1:0001:000b:1113:02ee0000:0:0:0:" name="MY PLANET" service_name="MY PLANET" provider="" sid="1" onid="4371" tsid="11" />
    <channel service_ref="1:0:1:0003:0003:1113:02ee0000:0:0:0:" name="Planeta HD" service_name="Planeta HD" provider="" sid="3" onid="4371" tsid="3" />
    <channel service_ref="1:0:1:0008:000b:1113:02ee0000:0:0:0:" name="Zhivaja Planeta" service_name="Zhivaja Planeta" provider="" sid="8" onid="4371" tsid="11" />
  </bouquet>
  <bouquet name="RTL" category="tv">
    <channel service_ref="1:0:1:0006:0003:1113:02ee0000:0:0:0:" name="NTV-Pravo" service_name="NTV-Pravo" provider="" sid="6" onid="4371" tsid="3" />
    <channel service_ref="1:0:1:0007:0003:1113:02ee0000:0:0:0:" name="NTV-Serial" service_name="NTV-Serial" provider="" sid="7" onid="4371" tsid="3" />
    <channel service_ref="1:0:1:0005:0003:1113:02ee0000:0:0:0:" name="NTV-Style" service_name="NTV-Style" provider="" sid="5" onid="4371" tsid="3" />
  </bouquet>
  <bouquet name="Switzerland" category="tv">
    <channel service_ref="1:0:1:06a4:1000:0064:02ee0000:0:0:0:" name="MIR Service ABS-2" service_name="MIR Service ABS-2" provider="MIR Teleport" sid="1700" onid="100" tsid="4096" />
    <channel service_ref="1:0:1:0005:0002:1113:02ee0000:0:0:0:" name="Telekanal 360" service_name="Telekanal 360" provider="" sid="5" onid="4371" tsid="2" />
    <channel service_ref="1:0:1:0009:0003:1113:02ee0000:0:0:0:" name="Telekanal 360HD" service_name="Telekanal 360HD" provider="" sid="9" onid="4371" tsid="3" />
    <channel service_ref="1:0:22:011d:0001:1e61:02ee0000:0:0:0:" name="Карусель (+3)" service_name="Карусель (+3)" provider="SAT" sid="285" onid="7777" tsid="1" />
    <channel service_ref="1:0:22:011d:0002:1e61:02ee0000:0:0:0:" name="Карусель (+3)" service_name="Карусель (+3)" provider="SAT" sid="285" onid="7777" tsid="2" />
    <channel service_ref="1:0:22:029c:0001:1e61:02ee0000:0:0:0:" name="ТВ-3 (+2)" service_name="ТВ-3 (+2)" provider="SAT" sid="668" onid="7777" tsid="1" />
    <channel service_ref="1:0:22:029c:0002:1e61:02ee0000:0:0:0:" name="ТВ-3 (+2)" service_name="ТВ-3 (+2)" provider="SAT" sid="668" onid="7777" tsid="2" />
    <channel service_ref="1:0:22:0125:0001:1e61:02ee0000:0:0:0:" name="ТВ-3 (+4)" service_name="ТВ-3 (+4)" provider="SAT" sid="293" onid="7777" tsid="1" />
    <channel service_ref="1:0:22:0125:0002:1e61:02ee0000:0:0:0:" name="ТВ-3 (+4)" service_name="ТВ-3 (+4)" provider="SAT" sid="293" onid="7777" tsid="2" />
    <channel service_ref="1:0:22:029d:0001:1e61:02ee0000:0:0:0:" name="ТВ-3 (+7)" service_name="ТВ-3 (+7)" provider="SAT" sid="669" onid="7777" tsid="1" />
    <channel service_ref="1:0:22:029d:0002:1e61:02ee0000:0:0:0:" name="ТВ-3 (+7)" service_name="ТВ-3 (+7)" provider="SAT" sid="669" onid="7777" tsid="2" />
  </bouquet>
  <bouquet name="Resolution - UHD" category="tv">
    <channel service_ref="1:0:31:050d:0001:1e61:02ee0000:0:0:0:" name="Eurosport 4K" service_name="Eurosport 4K" provider="SAT" sid="1293" onid="7777" tsid="1" />
    <channel service_ref="1:0:31:050b:0001:1e61:02ee0000:0:0:0:" name="FTV UHD" service_name="FTV UHD" provider="SAT" sid="1291" onid="7777" tsid="1" />
    <channel service_ref="1:0:31:050a:0001:1e61:02ee0000:0:0:0:" name="INSIGHT UHD" service_name="INSIGHT UHD" provider="SAT" sid="1290" onid="7777" tsid="1" />
    <channel service_ref="1:0:31:050c:0001:1e61:02ee0000:0:0:0:" name="Russian Extreme TV ULTRA HD CINEMA" service_name="Russian Extreme TV ULTRA HD CINEMA" provider="SAT" sid="1292" onid="7777" tsid="1" />
  </bouquet>
  <bouquet name="Resolution - HD" category="tv">
    <channel service_ref="1:0:1:000e:0003:1113:02ee0000:0:0:0:" name="FAN HD" service_name="FAN HD" provider="" sid="14" onid="4371" tsid="3" />
    <channel service_ref="1:0:1:000d:0003:1113:02ee0000:0:0:0:" name="MOTORSPORT HD" service_name="MOTORSPORT HD" provider="" sid="13" onid="4371" tsid="3" />
    <channel service_ref="1:0:1:0003:0003:1113:02ee0000:0:0:0:" name="Planeta HD" service_name="Planeta HD" provider="" sid="3" onid="4371" tsid="3" />
    <channel service_ref="1:0:1:0004:0003:1113:02ee0000:0:0:0:" name="Russkiy Roman HD" service_name="Russkiy Roman HD" provider="" sid="4" onid="4371" tsid="3" />
    <channel service_ref="1:0:1:0009:0003:1113:02ee0000:0:0:0:" name="Telekanal 360HD" service_name="Telekanal 360HD" provider="" sid="9" onid="4371" tsid="3" />
    <channel service_ref="1:0:1:0002:0003:1113:02ee0000:0:0:0:" name="TLUM HD" service_name="TLUM HD" provider="" sid="2" onid="4371" tsid="3" />
    <channel service_ref="1:0:1:0008:0003:1113:02ee0000:0:0:0:" name="Travel+Adventure HD" service_name="Travel+Adventure HD" provider="" sid="8" onid="4371" tsid="3" />
  </bouquet>
  <bouquet name="Shopping" category="tv">
    <channel service_ref="1:0:1:000f:0002:1113:02ee0000:0:0:0:" name="TV TOP SHOP" service_name="TV TOP SHOP" provider="" sid="15" onid="4371" tsid="2" />
  </bouquet>
  <bouquet name="UHD/4K" category="tv">
    <channel service_ref="1:0:31:050b:0001:1e61:02ee0000:0:0:0:" name="FTV UHD" service_name="FTV UHD" provider="SAT" sid="1291" onid="7777" tsid="1" />
    <channel service_ref="1:0:31:050a:0001:1e61:02ee0000:0:0:0:" name="INSIGHT UHD" service_name="INSIGHT UHD" provider="SAT" sid="1290" onid="7777" tsid="1" />
  </bouquet>
  <bouquet name="Others" category="tv">
    <channel service_ref="1:0:1:0001:0003:1113:02ee0000:0:0:0:" name="Bum TV" service_name="Bum TV" provider="" sid="1" onid="4371" tsid="3" />
    <channel service_ref="1:0:1:000e:000b:1113:02ee0000:0:0:0:" name="Doctor" service_name="Doctor" provider="" sid="14" onid="4371" tsid="11" />
    <channel service_ref="1:0:1:000b:0003:1113:02ee0000:0:0:0:" name="E TV" service_name="E TV" provider="" sid="11" onid="4371" tsid="3" />
    <channel service_ref="1:0:1:000e:0003:1113:02ee0000:0:0:0:" name="FAN HD" service_name="FAN HD" provider="" sid="14" onid="4371" tsid="3" />
    <channel service_ref="1:0:1:02bd:0001:003d:02ee0000:0:0:0:" name="FX" service_name="FX" provider="" sid="701" onid="61" tsid="1" />
    <channel service_ref="1:0:1:0009:000b:1113:02ee0000:0:0:0:" name="ISTORIA" service_name="ISTORIA" provider="" sid="9" onid="4371" tsid="11" />
    <channel service_ref="1:0:1:0007:000b:1113:02ee0000:0:0:0:" name="KINO TV" service_name="KINO TV" provider="" sid="7" onid="4371" tsid="11" />
    <channel service_ref="1:0:1:000b:000b:1113:02ee0000:0:0:0:" name="Mama" service_name="Mama" provider="" sid="11" onid="4371" tsid="11" />
    <channel service_ref="1:0:1:0007:0002:1113:02ee0000:0:0:0:" name="Moskva 24" service_name="Moskva 24" provider="" sid="7" onid="4371" tsid="2" />
    <channel service_ref="1:0:1:0008:0002:1113:02ee0000:0:0:0:" name="Moskva Doverie" service_name="Moskva Doverie" provider="" sid="8" onid="4371" tsid="2" />
    <channel service_ref="1:0:1:000a:000b:1113:02ee0000:0:0:0:" name="Mult" service_name="Mult" provider="" sid="10" onid="4371" tsid="11" />
    <channel service_ref="1:0:1:0002:000b:1113:02ee0000:0:0:0:" name="Nayka" service_name="Nayka" provider="" sid="2" onid="4371" tsid="11" />
    <channel service_ref="1:0:1:000d:000b:1113:02ee0000:0:0:0:" name="NST" service_name="NST" provider="" sid="13" onid="4371" tsid="11" />
    <channel service_ref="1:0:1:000f:0003:1113:02ee0000:0:0:0:" name="Pes i Ko" service_name="Pes i Ko" provider="" sid="15" onid="4371" tsid="3" />
    <channel service_ref="1:0:1:0004:0003:1113:02ee0000:0:0:0:" name="Russkiy Roman HD" service_name="Russkiy Roman HD" provider="" sid="4" onid="4371" tsid="3" />
    <channel service_ref="1:0:1:0004:000b:1113:02ee0000:0:0:0:" name="Rysskiy bestseller" service_name="Rysskiy bestseller" provider="" sid="4" onid="4371" tsid="11" />
    <channel service_ref="1:0:1:0003:000b:1113:02ee0000:0:0:0:" name="Rysskiy roman" service_name="Rysskiy roman" provider="" sid="3" onid="4371" tsid="11" />
    <channel service_ref="1:0:1:0005:000b:1113:02ee0000:0:0:0:" name="Sarafan" service_name="Sarafan" provider="" sid="5" onid="4371" tsid="11" />
    <channel service_ref="1:0:1:000c:000b:1113:02ee0000:0:0:0:" name="Techno 24" service_name="Techno 24" provider="" sid="12" onid="4371" tsid="11" />
    <channel service_ref="1:0:1:0002:0003:1113:02ee0000:0:0:0:" name="TLUM HD" service_name="TLUM HD" provider="" sid="2" onid="4371" tsid="3" />
    <channel service_ref="1:0:1:000a:0002:1113:02ee0000:0:0:0:" name="Travel+Adventure" service_name="Travel+Adventure" provider="" sid="10" onid="4371" tsid="2" />
    <channel service_ref="1:0:1:000a:0003:1113:02ee0000:0:0:0:" name="Travel+Adventure" service_name="Travel+Adventure" provider="" sid="10" onid="4371" tsid="3" />
    <channel service_ref="1:0:1:0008:0003:1113:02ee0000:0:0:0:" name="Travel+Adventure HD" service_name="Travel+Adventure HD" provider="" sid="8" onid="4371" tsid="3" />
    <channel service_ref="1:0:22:029a:0001:1e61:02ee0000:0:0:0:" name="Домашний (+2)" service_name="Домашний (+2)" provider="SAT" sid="666" onid="7777" tsid="1" />
    <channel service_ref="1:0:22:029a:0002:1e61:02ee0000:0:0:0:" name="Домашний (+2)" service_name="Домашний (+2)" provider="SAT" sid="666" onid="7777" tsid="2" />
    <channel service_ref="1:0:22:011b:0001:1e61:02ee0000:0:0:0:" name="Домашний (+4)" service_name="Домашний (+4)" provider="SAT" sid="283" onid="7777" tsid="1" />
    <channel service_ref="1:0:22:011b:0002:1e61:02ee0000:0:0:0:" name="Домашний (+4)" service_name="Домашний (+4)" provider="SAT" sid="283" onid="7777" tsid="2" />
    <channel service_ref="1:0:22:029b:0001:1e61:02ee0000:0:0:0:" name="Домашний (+7)" service_name="Домашний (+7)" provider="SAT" sid="667" onid="7777" tsid="1" />
    <channel service_ref="1:0:22:029b:0002:1e61:02ee0000:0:0:0:" name="Домашний (+7)" service_name="Домашний (+7)" provider="SAT" sid="667" onid="7777" tsid="2" />
    <channel service_ref="1:0:22:066a:0001:1e61:02ee0000:0:0:0:" name="Звезда (+2)" service_name="Звезда (+2)" provider="SAT" sid="1642" onid="7777" tsid="1" />
    <channel service_ref="1:0:22:066a:0002:1e61:02ee0000:0:0:0:" name="Звезда (+2)" service_name="Звезда (+2)" provider="SAT" sid="1642" onid="7777" tsid="2" />
    <channel service_ref="1:0:22:011c:0001:1e61:02ee0000:0:0:0:" name="Звезда (+4)" service_name="Звезда (+4)" provider="SAT" sid="284" onid="7777" tsid="1" />
    <channel service_ref="1:0:22:011c:0002:1e61:02ee0000:0:0:0:" name="Звезда (+4)" service_name="Звезда (+4)" provider="SAT" sid="284" onid="7777" tsid="2" />
    <channel service_ref="1:0:22:066b:0001:1e61:02ee0000:0:0:0:" name="Звезда (+7)" service_name="Звезда (+7)" provider="SAT" sid="1643" onid="7777" tsid="1" />
    <channel service_ref="1:0:22:066b:0002:1e61:02ee0000:0:0:0:" name="Звезда (+7)" service_name="Звезда (+7)" provider="SAT" sid="1643" onid="7777" tsid="2" />
    <channel service_ref="1:0:22:011e:0001:1e61:02ee0000:0:0:0:" name="Карусель (+7)" service_name="Карусель (+7)" provider="SAT" sid="286" onid="7777" tsid="1" />
    <channel service_ref="1:0:22:011e:0002:1e61:02ee0000:0:0:0:" name="Карусель (+7)" service_name="Карусель (+7)" provider="SAT" sid="286" onid="7777" tsid="2" />
    <channel service_ref="1:0:22:0126:0001:1e61:02ee0000:0:0:0:" name="Культура (+2)" service_name="Культура (+2)" provider="SAT" sid="294" onid="7777" tsid="1" />
    <channel service_ref="1:0:22:0126:0002:1e61:02ee0000:0:0:0:" name="Культура (+2)" service_name="Культура (+2)" provider="SAT" sid="294" onid="7777" tsid="2" />
    <channel service_ref="1:0:22:0127:0001:1e61:02ee0000:0:0:0:" name="Культура (+4)" service_name="Культура (+4)" provider="SAT" sid="295" onid="7777" tsid="1" />
    <channel service_ref="1:0:22:0127:0002:1e61:02ee0000:0:0:0:" name="Культура (+4)" service_name="Культура (+4)" provider="SAT" sid="295" onid="7777" tsid="2" />
    <channel service_ref="1:0:22:0128:0001:1e61:02ee0000:0:0:0:" name="Культура (+7)" service_name="Культура (+7)" provider="SAT" sid="296" onid="7777" tsid="1" />
    <channel service_ref="1:0:22:0128:0002:1e61:02ee0000:0:0:0:" name="Культура (+7)" service_name="Культура (+7)" provider="SAT" sid="296" onid="7777" tsid="2" />
    <channel service_ref="1:0:22:066c:0001:1e61:02ee0000:0:0:0:" name="Мир (+2)" service_name="Мир (+2)" provider="SAT" sid="1644" onid="7777" tsid="1" />
    <channel service_ref="1:0:22:066c:0002:1e61:02ee0000:0:0:0:" name="Мир (+2)" service_name="Мир (+2)" provider="SAT" sid="1644" onid="7777" tsid="2" />
    <channel service_ref="1:0:22:066d:0001:1e61:02ee0000:0:0:0:" name="Мир (+4)" service_name="Мир (+4)" provider="SAT" sid="1645" onid="7777" tsid="1" />
    <channel service_ref="1:0:22:066d:0002:1e61:02ee0000:0:0:0:" name="Мир (+4)" service_name="Мир (+4)" provider="SAT" sid="1645" onid="7777" tsid="2" />
    <channel service_ref="1:0:22:066e:0001:1e61:02ee0000:0:0:0:" name="Мир (+7)" service_name="Мир (+7)" provider="SAT" sid="1646" onid="7777" tsid="1" />
    <channel service_ref="1:0:22:066e:0002:1e61:02ee0000:0:0:0:" name="Мир (+7)" service_name="Мир (+7)" provider="SAT" sid="1646" onid="7777" tsid="2" />
    <channel service_ref="1:0:22:0120:0001:1e61:02ee0000:0:0:0:" name="НТВ (+2)" service_name="НТВ (+2)" provider="SAT" sid="288" onid="7777" tsid="1" />
    <channel service_ref="1:0:22:0120:0002:1e61:02ee0000:0:0:0:" name="НТВ (+2)" service_name="НТВ (+2)" provider="SAT" sid="288" onid="7777" tsid="2" />
    <channel service_ref="1:0:22:0121:0001:1e61:02ee0000:0:0:0:" name="НТВ (+4)" service_name="НТВ (+4)" provider="SAT" sid="289" onid="7777" tsid="1" />
    <channel service_ref="1:0:22:0121:0002:1e61:02ee0000:0:0:0:" name="НТВ (+4)" service_name="НТВ (+4)" provider="SAT" sid="289" onid="7777" tsid="2" />
    <channel service_ref="1:0:22:011f:0001:1e61:02ee0000:0:0:0:" name="НТВ (+7)" service_name="НТВ (+7)" provider="SAT" sid="287" onid="7777" tsid="1" />
    <channel service_ref="1:0:22:011f:0002:1e61:02ee0000:0:0:0:" name="НТВ (+7)" service_name="НТВ (+7)" provider="SAT" sid="287" onid="7777" tsid="2" />
    <channel service_ref="1:0:22:064c:0002:1e61:02ee0000:0:0:0:" name="Первый (+2)" service_name="Первый (+2)" provider="SAT" sid="1612" onid="7777" tsid="2" />
    <channel service_ref="1:0:22:064a:0002:1e61:02ee0000:0:0:0:" name="Первый (+4)" service_name="Первый (+4)" provider="SAT" sid="1610" onid="7777" tsid="2" />
    <channel service_ref="1:0:22:064b:0002:1e61:02ee0000:0:0:0:" name="Первый (+6)" service_name="Первый (+6)" provider="SAT" sid="1611" onid="7777" tsid="2" />
    <channel service_ref="1:0:22:064c:0001:1e61:02ee0000:0:0:0:" name="Первый канал (+2)" service_name="Первый канал (+2)" provider="SAT" sid="1612" onid="7777" tsid="1" />
    <channel service_ref="1:0:22:064a:0001:1e61:02ee0000:0:0:0:" name="Первый канал (+4)" service_name="Первый канал (+4)" provider="SAT" sid="1610" onid="7777" tsid="1" />
    <channel service_ref="1:0:22:064b:0001:1e61:02ee0000:0:0:0:" name="Первый канал (+6)" service_name="Первый канал (+6)" provider="SAT" sid="1611" onid="7777" tsid="1" />
    <channel service_ref="1:0:22:066f:0001:1e61:02ee0000:0:0:0:" name="Пятница! (+2)" service_name="Пятница! (+2)" provider="SAT" sid="1647" onid="7777" tsid="1" />
    <channel service_ref="1:0:22:066f:0002:1e61:02ee0000:0:0:0:" name="Пятница! (+2)" service_name="Пятница! (+2)" provider="SAT" sid="1647" onid="7777" tsid="2" />
    <channel service_ref="1:0:22:028a:0001:1e61:02ee0000:0:0:0:" name="Пятница! (+4)" service_name="Пятница! (+4)" provider="SAT" sid="650" onid="7777" tsid="1" />
    <channel service_ref="1:0:22:028a:0002:1e61:02ee0000:0:0:0:" name="Пятница! (+4)" service_name="Пятница! (+4)" provider="SAT" sid="650" onid="7777" tsid="2" />
    <channel service_ref="1:0:22:029e:0001:1e61:02ee0000:0:0:0:" name="Пятница! (+7)" service_name="Пятница! (+7)" provider="SAT" sid="670" onid="7777" tsid="1" />
    <channel service_ref="1:0:22:029e:0002:1e61:02ee0000:0:0:0:" name="Пятница! (+7)" service_name="Пятница! (+7)" provider="SAT" sid="670" onid="7777" tsid="2" />
    <channel service_ref="1:0:22:0129:0001:1e61:02ee0000:0:0:0:" name="Пятый канал (+2)" service_name="Пятый канал (+2)" provider="SAT" sid="297" onid="7777" tsid="1" />
    <channel service_ref="1:0:22:0129:0002:1e61:02ee0000:0:0:0:" name="Пятый канал (+2)" service_name="Пятый канал (+2)" provider="SAT" sid="297" onid="7777" tsid="2" />
    <channel service_ref="1:0:22:064f:0001:1e61:02ee0000:0:0:0:" name="Пятый канал (+4)" service_name="Пятый канал (+4)" provider="SAT" sid="1615" onid="7777" tsid="1" />
    <channel service_ref="1:0:22:064f:0002:1e61:02ee0000:0:0:0:" name="Пятый канал (+4)" service_name="Пятый канал (+4)" provider="SAT" sid="1615" onid="7777" tsid="2" />
    <channel service_ref="1:0:22:064e:0001:1e61:02ee0000:0:0:0:" name="Пятый канал (+7)" service_name="Пятый канал (+7)" provider="SAT" sid="1614" onid="7777" tsid="1" />
    <channel service_ref="1:0:22:064e:0002:1e61:02ee0000:0:0:0:" name="Пятый канал (+7)" service_name="Пятый канал (+7)" provider="SAT" sid="1614" onid="7777" tsid="2" />
    <channel service_ref="1:0:22:012b:0001:1e61:02ee0000:0:0:0:" name="РЕН (+2)" service_name="РЕН (+2)" provider="SAT" sid="299" onid="7777" tsid="1" />
    <channel service_ref="1:0:22:012b:0002:1e61:02ee0000:0:0:0:" name="РЕН (+2)" service_name="РЕН (+2)" provider="SAT" sid="299" onid="7777" tsid="2" />
    <channel service_ref="1:0:22:028b:0001:1e61:02ee0000:0:0:0:" name="РЕН (+4)" service_name="РЕН (+4)" provider="SAT" sid="651" onid="7777" tsid="1" />
    <channel service_ref="1:0:22:028b:0002:1e61:02ee0000:0:0:0:" name="РЕН (+4)" service_name="РЕН (+4)" provider="SAT" sid="651" onid="7777" tsid="2" />
    <channel service_ref="1:0:22:028c:0001:1e61:02ee0000:0:0:0:" name="РЕН (+7)" service_name="РЕН (+7)" provider="SAT" sid="652" onid="7777" tsid="1" />
    <channel service_ref="1:0:22:028c:0002:1e61:02ee0000:0:0:0:" name="РЕН (+7)" service_name="РЕН (+7)" provider="SAT" sid="652" onid="7777" tsid="2" />
    <channel service_ref="1:0:22:028f:0001:1e61:02ee0000:0:0:0:" name="Россия 1 (+2)" service_name="Россия 1 (+2)" provider="SAT" sid="655" onid="7777" tsid="1" />
    <channel service_ref="1:0:22:028f:0002:1e61:02ee0000:0:0:0:" name="Россия 1 (+2)" service_name="Россия 1 (+2)" provider="SAT" sid="655" onid="7777" tsid="2" />
    <channel service_ref="1:0:22:028d:0001:1e61:02ee0000:0:0:0:" name="Россия 1 (+4)" service_name="Россия 1 (+4)" provider="SAT" sid="653" onid="7777" tsid="1" />
    <channel service_ref="1:0:22:028d:0002:1e61:02ee0000:0:0:0:" name="Россия 1 (+4)" service_name="Россия 1 (+4)" provider="SAT" sid="653" onid="7777" tsid="2" />
    <channel service_ref="1:0:22:028e:0001:1e61:02ee0000:0:0:0:" name="Россия 1 (+6)" service_name="Россия 1 (+6)" provider="SAT" sid="654" onid="7777" tsid="1" />
    <channel service_ref="1:0:22:028e:0002:1e61:02ee0000:0:0:0:" name="Россия 1 (+6)" service_name="Россия 1 (+6)" provider="SAT" sid="654" onid="7777" tsid="2" />
    <channel service_ref="1:0:22:0122:0001:1e61:02ee0000:0:0:0:" name="СТС (+2)" service_name="СТС (+2)" provider="SAT" sid="290" onid="7777" tsid="1" />
    <channel service_ref="1:0:22:0122:0002:1e61:02ee0000:0:0:0:" name="СТС (+2)" service_name="СТС (+2)" provider="SAT" sid="290" onid="7777" tsid="2" />
    <channel service_ref="1:0:22:0123:0001:1e61:02ee0000:0:0:0:" name="СТС (+4)" service_name="СТС (+4)" provider="SAT" sid="291" onid="7777" tsid="1" />
    <channel service_ref="1:0:22:0123:0002:1e61:02ee0000:0:0:0:" name="СТС (+4)" service_name="СТС (+4)" provider="SAT" sid="291" onid="7777" tsid="2" />
    <channel service_ref="1:0:22:0124:0001:1e61:02ee0000:0:0:0:" name="СТС (+7)" service_name="СТС (+7)" provider="SAT" sid="292" onid="7777" tsid="1" />
    <channel service_ref="1:0:22:0124:0002:1e61:02ee0000:0:0:0:" name="СТС (+7)" service_name="СТС (+7)" provider="SAT" sid="292" onid="7777" tsid="2" />
    <channel service_ref="1:0:22:065b:0001:1e61:02ee0000:0:0:0:" name="ТВ Центр  (+7)" service_name="ТВ Центр  (+7)" provider="SAT" sid="1627" onid="7777" tsid="1" />
    <channel service_ref="1:0:22:065b:0002:1e61:02ee0000:0:0:0:" name="ТВ Центр  (+7)" service_name="ТВ Центр  (+7)" provider="SAT" sid="1627" onid="7777" tsid="2" />
    <channel service_ref="1:0:22:012a:0001:1e61:02ee0000:0:0:0:" name="ТВ Центр (+2)" service_name="ТВ Центр (+2)" provider="SAT" sid="298" onid="7777" tsid="1" />
    <channel service_ref="1:0:22:012a:0002:1e61:02ee0000:0:0:0:" name="ТВ Центр (+2)" service_name="ТВ Центр (+2)" provider="SAT" sid="298" onid="7777" tsid="2" />
    <channel service_ref="1:0:22:065a:0001:1e61:02ee0000:0:0:0:" name="ТВ Центр (+4)" service_name="ТВ Центр (+4)" provider="SAT" sid="1626" onid="7777" tsid="1" />
    <channel service_ref="1:0:22:065a:0002:1e61:02ee0000:0:0:0:" name="ТВ Центр (+4)" service_name="ТВ Центр (+4)" provider="SAT" sid="1626" onid="7777" tsid="2" />
    <channel service_ref="1:0:22:065f:0001:1e61:02ee0000:0:0:0:" name="ТНТ (+2)" service_name="ТНТ (+2)" provider="SAT" sid="1631" onid="7777" tsid="1" />
    <channel service_ref="1:0:22:065f:0002:1e61:02ee0000:0:0:0:" name="ТНТ (+2)" service_name="ТНТ (+2)" provider="SAT" sid="1631" onid="7777" tsid="2" />
    <channel service_ref="1:0:22:065c:0001:1e61:02ee0000:0:0:0:" name="ТНТ (+4)" service_name="ТНТ (+4)" provider="SAT" sid="1628" onid="7777" tsid="1" />
    <channel service_ref="1:0:22:065c:0002:1e61:02ee0000:0:0:0:" name="ТНТ (+4)" service_name="ТНТ (+4)" provider="SAT" sid="1628" onid="7777" tsid="2" />
    <channel service_ref="1:0:22:065d:0001:1e61:02ee0000:0:0:0:" name="ТНТ (+7)" service_name="ТНТ (+7)" provider="SAT" sid="1629" onid="7777" tsid="1" />
    <channel service_ref="1:0:22:065d:0002:1e61:02ee0000:0:0:0:" name="ТНТ (+7)" service_name="ТНТ (+7)" provider="SAT" sid="1629" onid="7777" tsid="2" />
  </bouquet>
</zapit>
