<?xml version='1.0' encoding='utf-8'?>
<zapit>
  <bouquet name="General" category="tv">
    <channel service_ref="1:0:1:0001:0000:0000:00462b25:0:0:0:" name="11045H SID 0x01" service_name="11045H SID 0x01" provider="DVB-S2 8PSK 11045H 7.0Â°E" sid="1" onid="0" tsid="0" />
    <channel service_ref="1:0:1:0001:1000:0000:0046adaf:0:0:0:" name="11695V SID 0x01" service_name="11695V SID 0x01" provider="DVB-S2 8PSK 11695V 7.0Â°E" sid="1" onid="0" tsid="4096" />
    <channel service_ref="1:0:1:0001:0001:0000:0046b148:0:0:0:" name="12616V SID 0x01" service_name="12616V SID 0x01" provider="DVB-S2 8PSK 12616V 7.0Â°E" sid="1" onid="0" tsid="1" />
    <channel service_ref="1:0:1:016e:0000:0000:00462bfe:0:0:0:" name="4U TV" service_name="4U TV" provider="" sid="366" onid="0" tsid="0" />
    <channel service_ref="1:0:1:012f:9fc4:007e:00460000:0:0:0:" name="4U TV HD" service_name="4U TV HD" provider="GMN" sid="303" onid="126" tsid="40900" />
    <channel service_ref="1:0:1:0001:0001:ffff:00463170:0:0:0:" name="Al-Forat HD" service_name="Al-Forat HD" provider="Service Provider" sid="1" onid="65535" tsid="1" />
    <channel service_ref="1:0:1:0001:0001:ffff:0046b148:0:0:0:" name="AP LDN UPA" service_name="AP LDN UPA" provider="AP London" sid="1" onid="65535" tsid="1" />
    <channel service_ref="1:0:1:0001:0001:ffff:0046b14e:0:0:0:" name="AP LDN UPB" service_name="AP LDN UPB" provider="AP London" sid="1" onid="65535" tsid="1" />
    <channel service_ref="1:0:1:020b:765c:007e:00460000:0:0:0:" name="ATRINA TV" service_name="ATRINA TV" provider="" sid="523" onid="126" tsid="30300" />
    <channel service_ref="1:0:1:0001:0001:0001:0046ada9:0:0:0:" name="AVA" service_name="AVA" provider="none" sid="1" onid="1" tsid="1" />
    <channel service_ref="1:0:1:01fe:765c:007e:00460000:0:0:0:" name="AVA Max1 HD" service_name="AVA Max1 HD" provider="GMN" sid="510" onid="126" tsid="30300" />
    <channel service_ref="1:0:1:008e:0000:0000:00462bfe:0:0:0:" name="AVANG TV HD" service_name="AVANG TV HD" provider="" sid="142" onid="0" tsid="0" />
    <channel service_ref="1:0:31:0001:0000:0001:0046ab2d:0:0:0:" name="BUL006 UEL M11 Main" service_name="BUL006 UEL M11 Main" provider="TV1" sid="1" onid="1" tsid="0" />
    <channel service_ref="1:0:31:0001:0001:ff00:00462ada:0:0:0:" name="CZE-012 - 1" service_name="CZE-012 - 1" provider="" sid="1" onid="65280" tsid="1" />
    <channel service_ref="1:0:1:0001:0001:ffff:0046ad28:0:0:0:" name="E302 FEED 1" service_name="E302 FEED 1" provider="Service Provider" sid="1" onid="65535" tsid="1" />
    <channel service_ref="1:0:25:0001:0000:0000:0046b1c2:0:0:0:" name="ENC 6" service_name="ENC 6" provider="" sid="1" onid="0" tsid="0" />
    <channel service_ref="1:0:1:0001:0001:ffff:0046ab9d:0:0:0:" name="ENC1 S9 MPEG4 HD" service_name="ENC1 S9 MPEG4 HD" provider="EITOWERS" sid="1" onid="65535" tsid="1" />
    <channel service_ref="1:0:1:012e:0000:0000:00462bfe:0:0:0:" name="Erfan halgheh" service_name="Erfan halgheh" provider="" sid="302" onid="0" tsid="0" />
    <channel service_ref="1:0:1:0006:0001:ffff:0046aa0a:0:0:0:" name="ESPN EMEA Service-6" service_name="ESPN EMEA Service-6" provider="Telstra" sid="6" onid="65535" tsid="1" />
    <channel service_ref="1:0:25:0001:0000:0000:00462af6:0:0:0:" name="EST-004 M22 Main" service_name="EST-004 M22 Main" provider="WorldFeed OU" sid="1" onid="0" tsid="0" />
    <channel service_ref="1:0:1:00cf:765c:007e:00460000:0:0:0:" name="FX HD" service_name="FX HD" provider="" sid="207" onid="126" tsid="30300" />
    <channel service_ref="1:0:1:1d6b:0001:ffff:00462d92:0:0:0:" name="GCUK Enc 1" service_name="GCUK Enc 1" provider="GlobeCast UK" sid="7531" onid="65535" tsid="1" />
    <channel service_ref="1:0:1:00c8:765c:007e:00460000:0:0:0:" name="Home+ HD" service_name="Home+ HD" provider="" sid="200" onid="126" tsid="30300" />
    <channel service_ref="1:0:25:0001:4321:00eb:00460000:0:0:0:" name="IMG A EU" service_name="IMG A EU" provider="Eurovision Services" sid="1" onid="235" tsid="17185" />
    <channel service_ref="1:0:1:020c:765c:007e:00460000:0:0:0:" name="Iran International" service_name="Iran International" provider="" sid="524" onid="126" tsid="30300" />
    <channel service_ref="1:0:1:36b1:0a12:007e:00460000:0:0:0:" name="IRANEFARDA" service_name="IRANEFARDA" provider="ABS" sid="14001" onid="126" tsid="2578" />
    <channel service_ref="1:0:1:0134:9fc4:007e:00460000:0:0:0:" name="ITN HD" service_name="ITN HD" provider="GMN" sid="308" onid="126" tsid="40900" />
    <channel service_ref="1:0:1:0132:9fc4:007e:00460000:0:0:0:" name="Kanal Jadid HD" service_name="Kanal Jadid HD" provider="GMN" sid="306" onid="126" tsid="40900" />
    <channel service_ref="1:0:1:232a:4e20:0064:00460000:0:0:0:" name="Kanal Yek HD" service_name="Kanal Yek HD" provider="" sid="9002" onid="100" tsid="20000" />
    <channel service_ref="1:0:1:091a:4e20:0064:00460000:0:0:0:" name="Kanal Yek SD" service_name="Kanal Yek SD" provider="" sid="2330" onid="100" tsid="20000" />
    <channel service_ref="1:0:1:0001:1000:2000:00460000:0:0:0:" name="Kurdistan TV" service_name="Kurdistan TV" provider="Harmonic" sid="1" onid="8192" tsid="4096" />
    <channel service_ref="1:0:1:0001:0001:0001:0046ad9d:0:0:0:" name="Kurdistan24" service_name="Kurdistan24" provider="none" sid="1" onid="1" tsid="1" />
    <channel service_ref="1:0:1:01f4:765c:007e:00460000:0:0:0:" name="Manoto HD" service_name="Manoto HD" provider="Manoto HD" sid="500" onid="126" tsid="30300" />
    <channel service_ref="1:0:1:1cbb:4e20:0064:00460000:0:0:0:" name="Manoto SD" service_name="Manoto SD" provider="Manoto" sid="7355" onid="100" tsid="20000" />
    <channel service_ref="1:0:25:076d:9fc4:007e:00460000:0:0:0:" name="MBC Persia HD" service_name="MBC Persia HD" provider="MBC" sid="1901" onid="126" tsid="40900" />
    <channel service_ref="1:0:1:00cd:765c:007e:00460000:0:0:0:" name="Navahang" service_name="Navahang" provider="" sid="205" onid="126" tsid="30300" />
    <channel service_ref="1:0:1:0001:0001:ffff:0046aa0a:0:0:0:" name="NHL Service-1" service_name="NHL Service-1" provider="Telstra" sid="1" onid="65535" tsid="1" />
    <channel service_ref="1:0:1:0002:0001:ffff:0046aa0a:0:0:0:" name="NHL Service-2" service_name="NHL Service-2" provider="Telstra" sid="2" onid="65535" tsid="1" />
    <channel service_ref="1:0:1:0005:0001:ffff:0046aa0a:0:0:0:" name="NHL Service-5" service_name="NHL Service-5" provider="Telstra" sid="5" onid="65535" tsid="1" />
    <channel service_ref="1:0:1:36b2:0a12:007e:00460000:0:0:0:" name="NOW" service_name="NOW" provider="" sid="14002" onid="126" tsid="2578" />
    <channel service_ref="1:0:1:232e:4e20:0064:00460000:0:0:0:" name="PARS TV" service_name="PARS TV" provider="" sid="9006" onid="100" tsid="20000" />
    <channel service_ref="1:0:1:00ce:765c:007e:00460000:0:0:0:" name="PBC Tapesh HD" service_name="PBC Tapesh HD" provider="" sid="206" onid="126" tsid="30300" />
    <channel service_ref="1:0:1:00d0:765c:007e:00460000:0:0:0:" name="Persiana Emirates" service_name="Persiana Emirates" provider="" sid="208" onid="126" tsid="30300" />
    <channel service_ref="1:0:1:00cb:765c:007e:00460000:0:0:0:" name="Persiana HD" service_name="Persiana HD" provider="" sid="203" onid="126" tsid="30300" />
    <channel service_ref="1:0:1:00d1:765c:007e:00460000:0:0:0:" name="Persiana Plus One" service_name="Persiana Plus One" provider="" sid="209" onid="126" tsid="30300" />
    <channel service_ref="1:0:1:020a:765c:007e:00460000:0:0:0:" name="Persiana Travel" service_name="Persiana Travel" provider="" sid="522" onid="126" tsid="30300" />
    <channel service_ref="1:0:25:0001:0000:0000:0046b136:0:0:0:" name="POL 058 C_2" service_name="POL 058 C_2" provider="" sid="1" onid="0" tsid="0" />
    <channel service_ref="1:0:1:0001:0001:ffff:0046ad56:0:0:0:" name="Primary education channel" service_name="Primary education channel" provider="" sid="1" onid="65535" tsid="1" />
    <channel service_ref="1:0:1:36b0:0a12:007e:00460000:0:0:0:" name="PUBLIRAD" service_name="PUBLIRAD" provider="" sid="14000" onid="126" tsid="2578" />
    <channel service_ref="1:0:1:00ca:765c:007e:00460000:0:0:0:" name="Radio Javan HD" service_name="Radio Javan HD" provider="GMN" sid="202" onid="126" tsid="30300" />
    <channel service_ref="1:0:1:0001:00a0:00eb:00460000:0:0:0:" name="ROU 038 M09 MAIN" service_name="ROU 038 M09 MAIN" provider="Eurovision" sid="1" onid="235" tsid="160" />
    <channel service_ref="1:0:1:0041:0000:0000:004630f2:0:0:0:" name="satview" service_name="satview" provider="Harmonic" sid="65" onid="0" tsid="0" />
    <channel service_ref="1:0:1:0001:0001:0001:0046ad8e:0:0:0:" name="Service 01" service_name="Service 01" provider="Net 1" sid="1" onid="1" tsid="1" />
    <channel service_ref="1:0:1:0001:1000:2000:0046ad93:0:0:0:" name="Shams tv" service_name="Shams tv" provider="Harmonic" sid="1" onid="8192" tsid="4096" />
    <channel service_ref="1:0:1:00cc:765c:007e:00460000:0:0:0:" name="Simaye Azadi HD" service_name="Simaye Azadi HD" provider="" sid="204" onid="126" tsid="30300" />
    <channel service_ref="1:0:1:008b:0000:0000:00462bfe:0:0:0:" name="T2" service_name="T2" provider="" sid="139" onid="0" tsid="0" />
    <channel service_ref="1:0:1:0001:0001:ffff:00462bb7:0:0:0:" name="TBS ADHOC ENC 1" service_name="TBS ADHOC ENC 1" provider="Telstra Broadcast Services" sid="1" onid="65535" tsid="1" />
    <channel service_ref="1:0:1:008f:0000:0000:00462bfe:0:0:0:" name="TMTV HD" service_name="TMTV HD" provider="" sid="143" onid="0" tsid="0" />
    <channel service_ref="1:0:25:0001:0000:0000:00462b2f:0:0:0:" name="ZZGVA1 ENC3" service_name="ZZGVA1 ENC3" provider="EBU Eurovision" sid="1" onid="0" tsid="0" />
  </bouquet>
  <bouquet name="Sports" category="tv">
    <channel service_ref="1:0:1:0006:0001:ffff:0046aa0a:0:0:0:" name="ESPN EMEA Service-6" service_name="ESPN EMEA Service-6" provider="Telstra" sid="6" onid="65535" tsid="1" />
  </bouquet>
  <bouquet name="Music" category="tv">
    <channel service_ref="1:0:1:008f:0000:0000:00462bfe:0:0:0:" name="TMTV HD" service_name="TMTV HD" provider="" sid="143" onid="0" tsid="0" />
  </bouquet>
  <bouquet name="ARD/ZDF" category="tv">
    <channel service_ref="1:0:1:36b1:0a12:007e:00460000:0:0:0:" name="IRANEFARDA" service_name="IRANEFARDA" provider="ABS" sid="14001" onid="126" tsid="2578" />
    <channel service_ref="1:0:1:0001:0001:ffff:00462bb7:0:0:0:" name="TBS ADHOC ENC 1" service_name="TBS ADHOC ENC 1" provider="Telstra Broadcast Services" sid="1" onid="65535" tsid="1" />
  </bouquet>
  <bouquet name="Austria" category="tv">
    <channel service_ref="1:0:1:0041:0000:0000:004630f2:0:0:0:" name="satview" service_name="satview" provider="Harmonic" sid="65" onid="0" tsid="0" />
  </bouquet>
  <bouquet name="Switzerland" category="tv">
    <channel service_ref="1:0:1:0001:0000:0000:00462b25:0:0:0:" name="11045H SID 0x01" service_name="11045H SID 0x01" provider="DVB-S2 8PSK 11045H 7.0Â°E" sid="1" onid="0" tsid="0" />
    <channel service_ref="1:0:1:0001:1000:0000:0046adaf:0:0:0:" name="11695V SID 0x01" service_name="11695V SID 0x01" provider="DVB-S2 8PSK 11695V 7.0Â°E" sid="1" onid="0" tsid="4096" />
    <channel service_ref="1:0:1:0001:0001:ffff:0046ad28:0:0:0:" name="E302 FEED 1" service_name="E302 FEED 1" provider="Service Provider" sid="1" onid="65535" tsid="1" />
    <channel service_ref="1:0:1:0005:0001:ffff:0046aa0a:0:0:0:" name="NHL Service-5" service_name="NHL Service-5" provider="Telstra" sid="5" onid="65535" tsid="1" />
    <channel service_ref="1:0:25:0001:0000:0000:0046b136:0:0:0:" name="POL 058 C_2" service_name="POL 058 C_2" provider="" sid="1" onid="0" tsid="0" />
    <channel service_ref="1:0:1:0001:00a0:00eb:00460000:0:0:0:" name="ROU 038 M09 MAIN" service_name="ROU 038 M09 MAIN" provider="Eurovision" sid="1" onid="235" tsid="160" />
    <channel service_ref="1:0:25:0001:0000:0000:00462b2f:0:0:0:" name="ZZGVA1 ENC3" service_name="ZZGVA1 ENC3" provider="EBU Eurovision" sid="1" onid="0" tsid="0" />
  </bouquet>
  <bouquet name="Resolution - HD" category="tv">
    <channel service_ref="1:0:1:012f:9fc4:007e:00460000:0:0:0:" name="4U TV HD" service_name="4U TV HD" provider="GMN" sid="303" onid="126" tsid="40900" />
    <channel service_ref="1:0:1:0001:0001:ffff:00463170:0:0:0:" name="Al-Forat HD" service_name="Al-Forat HD" provider="Service Provider" sid="1" onid="65535" tsid="1" />
    <channel service_ref="1:0:1:01fe:765c:007e:00460000:0:0:0:" name="AVA Max1 HD" service_name="AVA Max1 HD" provider="GMN" sid="510" onid="126" tsid="30300" />
    <channel service_ref="1:0:1:008e:0000:0000:00462bfe:0:0:0:" name="AVANG TV HD" service_name="AVANG TV HD" provider="" sid="142" onid="0" tsid="0" />
    <channel service_ref="1:0:1:0001:0001:ffff:0046ab9d:0:0:0:" name="ENC1 S9 MPEG4 HD" service_name="ENC1 S9 MPEG4 HD" provider="EITOWERS" sid="1" onid="65535" tsid="1" />
    <channel service_ref="1:0:1:00cf:765c:007e:00460000:0:0:0:" name="FX HD" service_name="FX HD" provider="" sid="207" onid="126" tsid="30300" />
    <channel service_ref="1:0:1:00c8:765c:007e:00460000:0:0:0:" name="Home+ HD" service_name="Home+ HD" provider="" sid="200" onid="126" tsid="30300" />
    <channel service_ref="1:0:1:0134:9fc4:007e:00460000:0:0:0:" name="ITN HD" service_name="ITN HD" provider="GMN" sid="308" onid="126" tsid="40900" />
    <channel service_ref="1:0:1:0132:9fc4:007e:00460000:0:0:0:" name="Kanal Jadid HD" service_name="Kanal Jadid HD" provider="GMN" sid="306" onid="126" tsid="40900" />
    <channel service_ref="1:0:1:232a:4e20:0064:00460000:0:0:0:" name="Kanal Yek HD" service_name="Kanal Yek HD" provider="" sid="9002" onid="100" tsid="20000" />
    <channel service_ref="1:0:1:01f4:765c:007e:00460000:0:0:0:" name="Manoto HD" service_name="Manoto HD" provider="Manoto HD" sid="500" onid="126" tsid="30300" />
    <channel service_ref="1:0:25:076d:9fc4:007e:00460000:0:0:0:" name="MBC Persia HD" service_name="MBC Persia HD" provider="MBC" sid="1901" onid="126" tsid="40900" />
    <channel service_ref="1:0:1:00ce:765c:007e:00460000:0:0:0:" name="PBC Tapesh HD" service_name="PBC Tapesh HD" provider="" sid="206" onid="126" tsid="30300" />
    <channel service_ref="1:0:1:00cb:765c:007e:00460000:0:0:0:" name="Persiana HD" service_name="Persiana HD" provider="" sid="203" onid="126" tsid="30300" />
    <channel service_ref="1:0:1:00ca:765c:007e:00460000:0:0:0:" name="Radio Javan HD" service_name="Radio Javan HD" provider="GMN" sid="202" onid="126" tsid="30300" />
    <channel service_ref="1:0:1:00cc:765c:007e:00460000:0:0:0:" name="Simaye Azadi HD" service_name="Simaye Azadi HD" provider="" sid="204" onid="126" tsid="30300" />
    <channel service_ref="1:0:1:008f:0000:0000:00462bfe:0:0:0:" name="TMTV HD" service_name="TMTV HD" provider="" sid="143" onid="0" tsid="0" />
  </bouquet>
  <bouquet name="Resolution - SD" category="tv">
    <channel service_ref="1:0:1:091a:4e20:0064:00460000:0:0:0:" name="Kanal Yek SD" service_name="Kanal Yek SD" provider="" sid="2330" onid="100" tsid="20000" />
    <channel service_ref="1:0:1:1cbb:4e20:0064:00460000:0:0:0:" name="Manoto SD" service_name="Manoto SD" provider="Manoto" sid="7355" onid="100" tsid="20000" />
  </bouquet>
  <bouquet name="International" category="tv">
    <channel service_ref="1:0:25:0001:0000:0000:00462af6:0:0:0:" name="EST-004 M22 Main" service_name="EST-004 M22 Main" provider="WorldFeed OU" sid="1" onid="0" tsid="0" />
    <channel service_ref="1:0:1:1d6b:0001:ffff:00462d92:0:0:0:" name="GCUK Enc 1" service_name="GCUK Enc 1" provider="GlobeCast UK" sid="7531" onid="65535" tsid="1" />
  </bouquet>
  <bouquet name="Others" category="tv">
    <channel service_ref="1:0:1:0001:0001:0000:0046b148:0:0:0:" name="12616V SID 0x01" service_name="12616V SID 0x01" provider="DVB-S2 8PSK 12616V 7.0Â°E" sid="1" onid="0" tsid="1" />
    <channel service_ref="1:0:1:016e:0000:0000:00462bfe:0:0:0:" name="4U TV" service_name="4U TV" provider="" sid="366" onid="0" tsid="0" />
    <channel service_ref="1:0:1:012f:9fc4:007e:00460000:0:0:0:" name="4U TV HD" service_name="4U TV HD" provider="GMN" sid="303" onid="126" tsid="40900" />
    <channel service_ref="1:0:1:0001:0001:ffff:00463170:0:0:0:" name="Al-Forat HD" service_name="Al-Forat HD" provider="Service Provider" sid="1" onid="65535" tsid="1" />
    <channel service_ref="1:0:1:0001:0001:ffff:0046b148:0:0:0:" name="AP LDN UPA" service_name="AP LDN UPA" provider="AP London" sid="1" onid="65535" tsid="1" />
    <channel service_ref="1:0:1:0001:0001:ffff:0046b14e:0:0:0:" name="AP LDN UPB" service_name="AP LDN UPB" provider="AP London" sid="1" onid="65535" tsid="1" />
    <channel service_ref="1:0:1:020b:765c:007e:00460000:0:0:0:" name="ATRINA TV" service_name="ATRINA TV" provider="" sid="523" onid="126" tsid="30300" />
    <channel service_ref="1:0:1:0001:0001:0001:0046ada9:0:0:0:" name="AVA" service_name="AVA" provider="none" sid="1" onid="1" tsid="1" />
    <channel service_ref="1:0:1:01fe:765c:007e:00460000:0:0:0:" name="AVA Max1 HD" service_name="AVA Max1 HD" provider="GMN" sid="510" onid="126" tsid="30300" />
    <channel service_ref="1:0:1:008e:0000:0000:00462bfe:0:0:0:" name="AVANG TV HD" service_name="AVANG TV HD" provider="" sid="142" onid="0" tsid="0" />
    <channel service_ref="1:0:31:0001:0000:0001:0046ab2d:0:0:0:" name="BUL006 UEL M11 Main" service_name="BUL006 UEL M11 Main" provider="TV1" sid="1" onid="1" tsid="0" />
    <channel service_ref="1:0:31:0001:0001:ff00:00462ada:0:0:0:" name="CZE-012 - 1" service_name="CZE-012 - 1" provider="" sid="1" onid="65280" tsid="1" />
    <channel service_ref="1:0:25:0001:0000:0000:0046b1c2:0:0:0:" name="ENC 6" service_name="ENC 6" provider="" sid="1" onid="0" tsid="0" />
    <channel service_ref="1:0:1:0001:0001:ffff:0046ab9d:0:0:0:" name="ENC1 S9 MPEG4 HD" service_name="ENC1 S9 MPEG4 HD" provider="EITOWERS" sid="1" onid="65535" tsid="1" />
    <channel service_ref="1:0:1:012e:0000:0000:00462bfe:0:0:0:" name="Erfan halgheh" service_name="Erfan halgheh" provider="" sid="302" onid="0" tsid="0" />
    <channel service_ref="1:0:1:00cf:765c:007e:00460000:0:0:0:" name="FX HD" service_name="FX HD" provider="" sid="207" onid="126" tsid="30300" />
    <channel service_ref="1:0:1:00c8:765c:007e:00460000:0:0:0:" name="Home+ HD" service_name="Home+ HD" provider="" sid="200" onid="126" tsid="30300" />
    <channel service_ref="1:0:25:0001:4321:00eb:00460000:0:0:0:" name="IMG A EU" service_name="IMG A EU" provider="Eurovision Services" sid="1" onid="235" tsid="17185" />
    <channel service_ref="1:0:1:020c:765c:007e:00460000:0:0:0:" name="Iran International" service_name="Iran International" provider="" sid="524" onid="126" tsid="30300" />
    <channel service_ref="1:0:1:0134:9fc4:007e:00460000:0:0:0:" name="ITN HD" service_name="ITN HD" provider="GMN" sid="308" onid="126" tsid="40900" />
    <channel service_ref="1:0:1:0132:9fc4:007e:00460000:0:0:0:" name="Kanal Jadid HD" service_name="Kanal Jadid HD" provider="GMN" sid="306" onid="126" tsid="40900" />
    <channel service_ref="1:0:1:232a:4e20:0064:00460000:0:0:0:" name="Kanal Yek HD" service_name="Kanal Yek HD" provider="" sid="9002" onid="100" tsid="20000" />
    <channel service_ref="1:0:1:091a:4e20:0064:00460000:0:0:0:" name="Kanal Yek SD" service_name="Kanal Yek SD" provider="" sid="2330" onid="100" tsid="20000" />
    <channel service_ref="1:0:1:0001:1000:2000:00460000:0:0:0:" name="Kurdistan TV" service_name="Kurdistan TV" provider="Harmonic" sid="1" onid="8192" tsid="4096" />
    <channel service_ref="1:0:1:0001:0001:0001:0046ad9d:0:0:0:" name="Kurdistan24" service_name="Kurdistan24" provider="none" sid="1" onid="1" tsid="1" />
    <channel service_ref="1:0:1:01f4:765c:007e:00460000:0:0:0:" name="Manoto HD" service_name="Manoto HD" provider="Manoto HD" sid="500" onid="126" tsid="30300" />
    <channel service_ref="1:0:1:1cbb:4e20:0064:00460000:0:0:0:" name="Manoto SD" service_name="Manoto SD" provider="Manoto" sid="7355" onid="100" tsid="20000" />
    <channel service_ref="1:0:25:076d:9fc4:007e:00460000:0:0:0:" name="MBC Persia HD" service_name="MBC Persia HD" provider="MBC" sid="1901" onid="126" tsid="40900" />
    <channel service_ref="1:0:1:00cd:765c:007e:00460000:0:0:0:" name="Navahang" service_name="Navahang" provider="" sid="205" onid="126" tsid="30300" />
    <channel service_ref="1:0:1:0001:0001:ffff:0046aa0a:0:0:0:" name="NHL Service-1" service_name="NHL Service-1" provider="Telstra" sid="1" onid="65535" tsid="1" />
    <channel service_ref="1:0:1:0002:0001:ffff:0046aa0a:0:0:0:" name="NHL Service-2" service_name="NHL Service-2" provider="Telstra" sid="2" onid="65535" tsid="1" />
    <channel service_ref="1:0:1:36b2:0a12:007e:00460000:0:0:0:" name="NOW" service_name="NOW" provider="" sid="14002" onid="126" tsid="2578" />
    <channel service_ref="1:0:1:232e:4e20:0064:00460000:0:0:0:" name="PARS TV" service_name="PARS TV" provider="" sid="9006" onid="100" tsid="20000" />
    <channel service_ref="1:0:1:00ce:765c:007e:00460000:0:0:0:" name="PBC Tapesh HD" service_name="PBC Tapesh HD" provider="" sid="206" onid="126" tsid="30300" />
    <channel service_ref="1:0:1:00d0:765c:007e:00460000:0:0:0:" name="Persiana Emirates" service_name="Persiana Emirates" provider="" sid="208" onid="126" tsid="30300" />
    <channel service_ref="1:0:1:00cb:765c:007e:00460000:0:0:0:" name="Persiana HD" service_name="Persiana HD" provider="" sid="203" onid="126" tsid="30300" />
    <channel service_ref="1:0:1:00d1:765c:007e:00460000:0:0:0:" name="Persiana Plus One" service_name="Persiana Plus One" provider="" sid="209" onid="126" tsid="30300" />
    <channel service_ref="1:0:1:020a:765c:007e:00460000:0:0:0:" name="Persiana Travel" service_name="Persiana Travel" provider="" sid="522" onid="126" tsid="30300" />
    <channel service_ref="1:0:1:0001:0001:ffff:0046ad56:0:0:0:" name="Primary education channel" service_name="Primary education channel" provider="" sid="1" onid="65535" tsid="1" />
    <channel service_ref="1:0:1:36b0:0a12:007e:00460000:0:0:0:" name="PUBLIRAD" service_name="PUBLIRAD" provider="" sid="14000" onid="126" tsid="2578" />
    <channel service_ref="1:0:1:00ca:765c:007e:00460000:0:0:0:" name="Radio Javan HD" service_name="Radio Javan HD" provider="GMN" sid="202" onid="126" tsid="30300" />
    <channel service_ref="1:0:1:0001:0001:0001:0046ad8e:0:0:0:" name="Service 01" service_name="Service 01" provider="Net 1" sid="1" onid="1" tsid="1" />
    <channel service_ref="1:0:1:0001:1000:2000:0046ad93:0:0:0:" name="Shams tv" service_name="Shams tv" provider="Harmonic" sid="1" onid="8192" tsid="4096" />
    <channel service_ref="1:0:1:00cc:765c:007e:00460000:0:0:0:" name="Simaye Azadi HD" service_name="Simaye Azadi HD" provider="" sid="204" onid="126" tsid="30300" />
    <channel service_ref="1:0:1:008b:0000:0000:00462bfe:0:0:0:" name="T2" service_name="T2" provider="" sid="139" onid="0" tsid="0" />
  </bouquet>
  <bouquet name="Radio" category="radio">
    <channel service_ref="1:0:2:0001:0001:0001:0046adb1:0:0:0:" name="BANG-1" service_name="BANG-1" provider="SIGNALTEL" sid="1" onid="1" tsid="1" />
    <channel service_ref="1:0:2:000a:0001:0001:0046adb1:0:0:0:" name="BANG-10" service_name="BANG-10" provider="SIGNALTEL" sid="10" onid="1" tsid="1" />
    <channel service_ref="1:0:2:000b:0001:0001:0046adb1:0:0:0:" name="BANG-11" service_name="BANG-11" provider="SIGNALTEL" sid="11" onid="1" tsid="1" />
    <channel service_ref="1:0:2:000c:0001:0001:0046adb1:0:0:0:" name="BANG-12" service_name="BANG-12" provider="SIGNALTEL" sid="12" onid="1" tsid="1" />
    <channel service_ref="1:0:2:000d:0001:0001:0046adb1:0:0:0:" name="BANG-13" service_name="BANG-13" provider="SIGNALTEL" sid="13" onid="1" tsid="1" />
    <channel service_ref="1:0:2:0002:0001:0001:0046adb1:0:0:0:" name="BANG-2" service_name="BANG-2" provider="SIGNALTEL" sid="2" onid="1" tsid="1" />
    <channel service_ref="1:0:2:0003:0001:0001:0046adb1:0:0:0:" name="BANG-3" service_name="BANG-3" provider="SIGNALTEL" sid="3" onid="1" tsid="1" />
    <channel service_ref="1:0:2:0004:0001:0001:0046adb1:0:0:0:" name="BANG-4" service_name="BANG-4" provider="SIGNALTEL" sid="4" onid="1" tsid="1" />
    <channel service_ref="1:0:2:0005:0001:0001:0046adb1:0:0:0:" name="BANG-5" service_name="BANG-5" provider="SIGNALTEL" sid="5" onid="1" tsid="1" />
    <channel service_ref="1:0:2:0006:0001:0001:0046adb1:0:0:0:" name="BANG-6" service_name="BANG-6" provider="SIGNALTEL" sid="6" onid="1" tsid="1" />
    <channel service_ref="1:0:2:0007:0001:0001:0046adb1:0:0:0:" name="BANG-7" service_name="BANG-7" provider="SIGNALTEL" sid="7" onid="1" tsid="1" />
    <channel service_ref="1:0:2:0008:0001:0001:0046adb1:0:0:0:" name="BANG-8" service_name="BANG-8" provider="SIGNALTEL" sid="8" onid="1" tsid="1" />
    <channel service_ref="1:0:2:0009:0001:0001:0046adb1:0:0:0:" name="BANG-9" service_name="BANG-9" provider="SIGNALTEL" sid="9" onid="1" tsid="1" />
  </bouquet>
</zapit>
