<?xml version='1.0' encoding='utf-8'?>
<zapit api="4">
  <satellites>
    <satellite key="001e0000:0101:0627" name="Sat-3E" namespace="0x001e0000" position="3">
      <transponder key="001e0000:0101:0627" frequency="11305000" symbol_rate="10000000" polarization="H" fec="3" system="0" modulation="0">
        <service id="0x0148" sid="328" name="AFRIQUEMEDIA1" type="1" provider="TV PLUS" onid="1575" tsid="257" namespace="0x001e0000" />
        <service id="0x0149" sid="329" name="SUD FM TV" type="1" provider="TV PLUS" onid="1575" tsid="257" namespace="0x001e0000" />
        <service id="0x080b" sid="2059" name="Radio SIRIRI" type="2" provider="TV PLUS" onid="1575" tsid="257" namespace="0x001e0000" radio="1" />
        <service id="0x080a" sid="2058" name="RADIO_KALANGOU" type="2" provider="TV PLUS" onid="1575" tsid="257" namespace="0x001e0000" radio="1" />
      </transponder>
    </satellite>
    <satellite key="001e0000:1000:2000" name="Sat-3E" namespace="0x001e0000" position="3">
      <transponder key="001e0000:1000:2000" frequency="11646000" symbol_rate="1903000" polarization="H" fec="3" system="0" modulation="0">
        <service id="0x0001" sid="1" name="M24 MAROC" type="1" provider="Harmonic" onid="8192" tsid="4096" namespace="0x001e0000" />
      </transponder>
    </satellite>
    <satellite key="001e2a76:0008:0000" name="Sat-3E" namespace="0x001e2a76" position="3">
      <transponder key="001e2a76:0008:0000" frequency="10870000" symbol_rate="5000000" polarization="H" fec="3" system="0" modulation="0">
        <service id="0x000a" sid="10" name="ForYou Tv" type="1" provider="" onid="0" tsid="8" namespace="0x001e2a76" />
        <service id="0x001e" sid="30" name="Revealing Jesus Tv" type="1" provider="" onid="0" tsid="8" namespace="0x001e2a76" />
        <service id="0x0003" sid="3" name="Sun+ Tv" type="1" provider="" onid="0" tsid="8" namespace="0x001e2a76" />
      </transponder>
    </satellite>
    <satellite key="001e2aec:0001:ffff" name="Sat-3E" namespace="0x001e2aec" position="3">
      <transponder key="001e2aec:0001:ffff" frequency="10988000" symbol_rate="7500000" polarization="H" fec="3" system="0" modulation="0">
        <service id="0x0001" sid="1" name="QAT029-ENC-2" type="1" provider="Service Provider" onid="65535" tsid="1" namespace="0x001e2aec" />
      </transponder>
    </satellite>
    <satellite key="001e2d88:0001:0001" name="Sat-3E" namespace="0x001e2d88" position="3">
      <transponder key="001e2d88:0001:0001" frequency="11656000" symbol_rate="7350000" polarization="H" fec="3" system="0" modulation="0">
        <service id="0x002b" sid="43" name="2M MENA HD" type="1" provider="SOREAD 2M" onid="1" tsid="1" namespace="0x001e2d88" />
        <service id="0x002a" sid="42" name="2M MONDE HD" type="1" provider="SOREAD 2M" onid="1" tsid="1" namespace="0x001e2d88" />
        <service id="0x0029" sid="41" name="2M NATIONAL HD" type="1" provider="SOREAD 2M" onid="1" tsid="1" namespace="0x001e2d88" />
        <service id="0x002c" sid="44" name="RADIO 2M" type="2" provider="SOREAD 2M" onid="1" tsid="1" namespace="0x001e2d88" radio="1" />
      </transponder>
    </satellite>
    <satellite key="001e2d99:0001:0001" name="Sat-3E" namespace="0x001e2d99" position="3">
      <transponder key="001e2d99:0001:0001" frequency="11673000" symbol_rate="3333000" polarization="H" fec="2" system="0" modulation="0">
        <service id="0x0001" sid="1" name="" type="1" provider="DARkMEDIAP" onid="1" tsid="1" namespace="0x001e2d99" />
      </transponder>
    </satellite>
    <satellite key="001e2d9d:0001:ffff" name="Sat-3E" namespace="0x001e2d9d" position="3">
      <transponder key="001e2d9d:0001:ffff" frequency="11677000" symbol_rate="2083000" polarization="H" fec="4" system="0" modulation="0">
        <service id="0x0001" sid="1" name="IMAM ALI HD" type="1" provider="IMAM ALI HD" onid="65535" tsid="1" namespace="0x001e2d9d" />
      </transponder>
    </satellite>
    <satellite key="001e2dad:0001:ffff" name="Sat-3E" namespace="0x001e2dad" position="3">
      <transponder key="001e2dad:0001:ffff" frequency="11693000" symbol_rate="2962000" polarization="H" fec="4" system="0" modulation="0">
        <service id="0x0001" sid="1" name="Service-1" type="1" provider="Service Provider" onid="65535" tsid="1" namespace="0x001e2dad" />
      </transponder>
    </satellite>
    <satellite key="001e3170:0001:ffff" name="Sat-3E" namespace="0x001e3170" position="3">
      <transponder key="001e3170:0001:ffff" frequency="12656000" symbol_rate="1483000" polarization="H" fec="7" system="0" modulation="0">
        <service id="0x0001" sid="1" name="Noursat" type="1" provider="DTVi" onid="65535" tsid="1" namespace="0x001e3170" />
      </transponder>
    </satellite>
  </satellites>
</zapit>
