<?xml version='1.0' encoding='utf-8'?>
<zapit api="4">
  <terrestrials>
    <terrestrial key="eeee0000:1000:217c" name="Rai-Way" namespace="0xeeee0000">
      <transponder key="eeee0000:1000:217c" frequency="522000000" symbol_rate="0" polarization="H" fec="5" system="0" modulation="4">
        <service id="0x0003" sid="3" name="GIOCABET.TV" type="22" provider="Rai Way" onid="8572" tsid="4096" namespace="0xeeee0000" />
        <service id="0x000d" sid="13" name="PIEMONTE+ HD" type="1" provider="Rai Way" onid="8572" tsid="4096" namespace="0xeeee0000" />
        <service id="0x0006" sid="6" name="RADIO 4 YOU TV 3" type="1" provider="Rai Way" onid="8572" tsid="4096" namespace="0xeeee0000" />
        <service id="0x0007" sid="7" name="RADIO BIRIKINA TV" type="1" provider="Rai Way" onid="8572" tsid="4096" namespace="0xeeee0000" />
        <service id="0x000a" sid="10" name="RADIO BRUNO Piemonte" type="25" provider="Rai Way" onid="8572" tsid="4096" namespace="0xeeee0000" />
        <service id="0x000f" sid="15" name="RBE-TV" type="22" provider="Rai Way" onid="8572" tsid="4096" namespace="0xeeee0000" />
        <service id="0x000b" sid="11" name="TELEREPORTER" type="1" provider="Rai Way" onid="8572" tsid="4096" namespace="0xeeee0000" />
      </transponder>
    </terrestrial>
  </terrestrials>
</zapit>
