<?xml version='1.0' encoding='utf-8'?>
<zapit api="4">
  <terrestrials>
    <terrestrial key="eeee0000:4c2d:217c" name="E'-TV" namespace="0xeeee0000">
      <transponder key="eeee0000:4c2d:217c" frequency="642000000" symbol_rate="0" polarization="H" fec="5" system="0" modulation="4">
        <service id="0x028e" sid="654" name="12 TV PARMA." type="1" provider="TV PARMA" onid="8572" tsid="19501" namespace="0xeeee0000" />
        <service id="0x000b" sid="11" name="E'TV - 119" type="1" provider="E' TV" onid="8572" tsid="19501" namespace="0xeeee0000" />
        <service id="0x003d" sid="61" name="E'TV - 97" type="1" provider="E'TV" onid="8572" tsid="19501" namespace="0xeeee0000" />
        <service id="0x000c" sid="12" name="E'TV RETE 17" type="1" provider="TELEDUCATO" onid="8572" tsid="19501" namespace="0xeeee0000" />
        <service id="0x0001" sid="1" name="E'TV Rete 7" type="1" provider="E' TV" onid="8572" tsid="19501" namespace="0xeeee0000" />
        <service id="0x027d" sid="637" name="E'TV Rete 7" type="1" provider="E'TV" onid="8572" tsid="19501" namespace="0xeeee0000" />
        <service id="0x000a" sid="10" name="E'TV Rete 7." type="1" provider="E'TV" onid="8572" tsid="19501" namespace="0xeeee0000" />
        <service id="0x000d" sid="13" name="E'TV Rete 7." type="1" provider="E' TV" onid="8572" tsid="19501" namespace="0xeeee0000" />
        <service id="0x026c" sid="620" name="MEDIANEWS" type="1" provider="R7" onid="8572" tsid="19501" namespace="0xeeee0000" />
        <service id="0x027c" sid="636" name="MEDIANEWS" type="1" provider="E'TV" onid="8572" tsid="19501" namespace="0xeeee0000" />
        <service id="0x0004" sid="4" name="MEDIANEWS - 292" type="1" provider="E' TV" onid="8572" tsid="19501" namespace="0xeeee0000" />
        <service id="0x003f" sid="63" name="Nettuno TV." type="1" provider="Antenna 1" onid="8572" tsid="19501" namespace="0xeeee0000" />
        <service id="0x0030" sid="48" name="TELEREGGIO" type="1" provider="TELEREGGIO" onid="8572" tsid="19501" namespace="0xeeee0000" />
        <service id="0x023f" sid="575" name="TRC BOLOGNA" type="1" provider="TRC" onid="8572" tsid="19501" namespace="0xeeee0000" />
        <service id="0x15f2" sid="5618" name="TRC BOLOGNA" type="1" provider="TRC" onid="8572" tsid="19501" namespace="0xeeee0000" />
        <service id="0x03f3" sid="1011" name="TRC MODENA" type="1" provider="TRC MODENA" onid="8572" tsid="19501" namespace="0xeeee0000" />
        <service id="0x00bb" sid="187" name="TV PARMA +1." type="1" provider="TV PARMA" onid="8572" tsid="19501" namespace="0xeeee0000" />
      </transponder>
    </terrestrial>
  </terrestrials>
</zapit>
