<?xml version='1.0' encoding='utf-8'?>
<zapit api="4">
  <satellites>
    <satellite key="013b0000:1456:0005" name="Sat-31.5E" namespace="0x013b0000" position="31.5">
      <transponder key="013b0000:1456:0005" frequency="11817000" symbol_rate="27500000" polarization="V" fec="3" system="0" modulation="0">
        <service id="0x1d7e" sid="7550" name="DW English HD" type="25" provider="SES ASTRA" onid="5" tsid="5206" namespace="0x013b0000" />
        <service id="0x1d4d" sid="7501" name="Turan TV" type="1" provider="" onid="5" tsid="5206" namespace="0x013b0000" />
        <service id="0x1d92" sid="7570" name="VTV Romania" type="1" provider="" onid="5" tsid="5206" namespace="0x013b0000" />
      </transponder>
    </satellite>
    <satellite key="013b0000:1460:00a7" name="Sat-31.5E" namespace="0x013b0000" position="31.5">
      <transponder key="013b0000:1460:00a7" frequency="12012000" symbol_rate="30000000" polarization="V" fec="3" system="0" modulation="0">
        <service id="0x1fb3" sid="8115" name="AXN HD" type="1" provider="GLOBECAST" onid="167" tsid="5216" namespace="0x013b0000" />
        <service id="0x1fb8" sid="8120" name="Cinemax 2 HD" type="1" provider="GLOBECAST" onid="167" tsid="5216" namespace="0x013b0000" />
        <service id="0x1fb7" sid="8119" name="CNN International" type="1" provider="GLOBECAST" onid="167" tsid="5216" namespace="0x013b0000" />
        <service id="0x1faf" sid="8111" name="Comedy Central" type="1" provider="GLOBECAST" onid="167" tsid="5216" namespace="0x013b0000" />
        <service id="0x1fb4" sid="8116" name="Crime+ Investigation Channel" type="1" provider="GLOBECAST" onid="167" tsid="5216" namespace="0x013b0000" />
        <service id="0x1fad" sid="8109" name="DocuBox HD" type="1" provider="GLOBECAST" onid="167" tsid="5216" namespace="0x013b0000" />
        <service id="0x1fb0" sid="8112" name="ETNO" type="1" provider="GLOBECAST" onid="167" tsid="5216" namespace="0x013b0000" />
        <service id="0x1faa" sid="8106" name="Filmbox SD" type="1" provider="GLOBECAST" onid="167" tsid="5216" namespace="0x013b0000" />
        <service id="0x1fb2" sid="8114" name="Mezzo Live HD" type="1" provider="GLOBECAST" onid="167" tsid="5216" namespace="0x013b0000" />
        <service id="0x1fb1" sid="8113" name="MTV 00s" type="1" provider="GLOBECAST" onid="167" tsid="5216" namespace="0x013b0000" />
        <service id="0x1fa8" sid="8104" name="N24 Plus" type="1" provider="GLOBECAST" onid="167" tsid="5216" namespace="0x013b0000" />
        <service id="0x1fa9" sid="8105" name="Nickelodeon" type="1" provider="GLOBECAST" onid="167" tsid="5216" namespace="0x013b0000" />
        <service id="0x1fa6" sid="8102" name="Prima HD" type="1" provider="GLOBECAST" onid="167" tsid="5216" namespace="0x013b0000" />
        <service id="0x1fa5" sid="8101" name="PRO TV HD" type="1" provider="GLOBECAST" onid="167" tsid="5216" namespace="0x013b0000" />
        <service id="0x1fab" sid="8107" name="Trace Sport Stars HD" type="1" provider="GLOBECAST" onid="167" tsid="5216" namespace="0x013b0000" />
        <service id="0x1fa7" sid="8103" name="TVR 3" type="1" provider="GLOBECAST" onid="167" tsid="5216" namespace="0x013b0000" />
        <service id="0x1fae" sid="8110" name="Viasat Explore HD" type="1" provider="GLOBECAST" onid="167" tsid="5216" namespace="0x013b0000" />
      </transponder>
    </satellite>
    <satellite key="013b0000:1464:00a7" name="Sat-31.5E" namespace="0x013b0000" position="31.5">
      <transponder key="013b0000:1464:00a7" frequency="12090000" symbol_rate="30000000" polarization="V" fec="3" system="0" modulation="0">
        <service id="0x07dd" sid="2013" name="AMC" type="1" provider="GLOBECAST" onid="167" tsid="5220" namespace="0x013b0000" />
        <service id="0x07da" sid="2010" name="Animal Planet HD" type="1" provider="GLOBECAST" onid="167" tsid="5220" namespace="0x013b0000" />
        <service id="0x07d9" sid="2009" name="Antena 1 HD" type="1" provider="GLOBECAST" onid="167" tsid="5220" namespace="0x013b0000" />
        <service id="0x200b" sid="8203" name="Antena International HD" type="1" provider="GLOBECAST" onid="167" tsid="5220" namespace="0x013b0000" />
        <service id="0x200c" sid="8204" name="Balkanika" type="1" provider="GLOBECAST" onid="167" tsid="5220" namespace="0x013b0000" />
        <service id="0x07dc" sid="2012" name="BBC Earth" type="1" provider="GLOBECAST" onid="167" tsid="5220" namespace="0x013b0000" />
        <service id="0x200d" sid="8205" name="Duck TV" type="1" provider="GLOBECAST" onid="167" tsid="5220" namespace="0x013b0000" />
        <service id="0x07e3" sid="2019" name="Duna" type="1" provider="GLOBECAST" onid="167" tsid="5220" namespace="0x013b0000" />
        <service id="0x201d" sid="8221" name="HBO3 HD" type="1" provider="GLOBECAST" onid="167" tsid="5220" namespace="0x013b0000" />
        <service id="0x200f" sid="8207" name="Look Sport 2 HD" type="1" provider="GLOBECAST" onid="167" tsid="5220" namespace="0x013b0000" />
        <service id="0x201b" sid="8219" name="MTV" type="1" provider="GLOBECAST" onid="167" tsid="5220" namespace="0x013b0000" />
        <service id="0x200a" sid="8202" name="National TV" type="1" provider="GLOBECAST" onid="167" tsid="5220" namespace="0x013b0000" />
        <service id="0x07db" sid="2011" name="Nick Jr." type="1" provider="GLOBECAST" onid="167" tsid="5220" namespace="0x013b0000" />
        <service id="0x201c" sid="8220" name="RTL Klub" type="1" provider="GLOBECAST" onid="167" tsid="5220" namespace="0x013b0000" />
        <service id="0x07de" sid="2014" name="Taraf HD" type="1" provider="GLOBECAST" onid="167" tsid="5220" namespace="0x013b0000" />
        <service id="0x07e1" sid="2017" name="Trinitas HD" type="1" provider="GLOBECAST" onid="167" tsid="5220" namespace="0x013b0000" />
        <service id="0x07df" sid="2015" name="Viasat History HD" type="1" provider="GLOBECAST" onid="167" tsid="5220" namespace="0x013b0000" />
      </transponder>
    </satellite>
    <satellite key="013b0000:1468:00a7" name="Sat-31.5E" namespace="0x013b0000" position="31.5">
      <transponder key="013b0000:1468:00a7" frequency="12168000" symbol_rate="30000000" polarization="V" fec="3" system="0" modulation="0">
        <service id="0x0382" sid="898" name="Aleph News" type="1" provider="GLOBECAST" onid="167" tsid="5224" namespace="0x013b0000" />
        <service id="0x089e" sid="2206" name="AXN Black" type="1" provider="GLOBECAST" onid="167" tsid="5224" namespace="0x013b0000" />
        <service id="0x220c" sid="8716" name="AXN Spin" type="1" provider="GLOBECAST" onid="167" tsid="5224" namespace="0x013b0000" />
        <service id="0x089f" sid="2207" name="AXN White" type="1" provider="GLOBECAST" onid="167" tsid="5224" namespace="0x013b0000" />
        <service id="0x21fe" sid="8702" name="b1 HD" type="1" provider="GLOBECAST" onid="167" tsid="5224" namespace="0x013b0000" />
        <service id="0x08a0" sid="2208" name="BBC World News" type="1" provider="GLOBECAST" onid="167" tsid="5224" namespace="0x013b0000" />
        <service id="0x220f" sid="8719" name="Film+" type="1" provider="GLOBECAST" onid="167" tsid="5224" namespace="0x013b0000" />
        <service id="0x08a2" sid="2210" name="HBO HD" type="1" provider="GLOBECAST" onid="167" tsid="5224" namespace="0x013b0000" />
        <service id="0x0383" sid="899" name="Hustler HD" type="1" provider="GLOBECAST" onid="167" tsid="5224" namespace="0x013b0000" />
        <service id="0x220b" sid="8715" name="JimJam" type="1" provider="GLOBECAST" onid="167" tsid="5224" namespace="0x013b0000" />
        <service id="0x089c" sid="2204" name="Look Plus HD" type="1" provider="GLOBECAST" onid="167" tsid="5224" namespace="0x013b0000" />
        <service id="0x089d" sid="2205" name="Look Sport HD" type="1" provider="GLOBECAST" onid="167" tsid="5224" namespace="0x013b0000" />
        <service id="0x21fd" sid="8701" name="Motorvision HD" type="1" provider="GLOBECAST" onid="167" tsid="5224" namespace="0x013b0000" />
        <service id="0x220a" sid="8714" name="Orange Info" type="1" provider="GLOBECAST" onid="167" tsid="5224" namespace="0x013b0000" />
        <service id="0x089a" sid="2202" name="Redlight HD" type="1" provider="GLOBECAST" onid="167" tsid="5224" namespace="0x013b0000" />
        <service id="0x21ff" sid="8703" name="Travel Mix HD" type="1" provider="GLOBECAST" onid="167" tsid="5224" namespace="0x013b0000" />
      </transponder>
    </satellite>
    <satellite key="013b0000:146c:00a7" name="Sat-31.5E" namespace="0x013b0000" position="31.5">
      <transponder key="013b0000:146c:00a7" frequency="12246000" symbol_rate="30000000" polarization="V" fec="3" system="0" modulation="0">
        <service id="0x207d" sid="8317" name="Aleph Business SD" type="1" provider="GLOBECAST" onid="167" tsid="5228" namespace="0x013b0000" />
        <service id="0x207a" sid="8314" name="Aleph Smart SD" type="1" provider="GLOBECAST" onid="167" tsid="5228" namespace="0x013b0000" />
        <service id="0x206d" sid="8301" name="Antena Stars HD" type="1" provider="GLOBECAST" onid="167" tsid="5228" namespace="0x013b0000" />
        <service id="0x0333" sid="819" name="Cinemaraton HD" type="1" provider="GLOBECAST" onid="167" tsid="5228" namespace="0x013b0000" />
        <service id="0x0334" sid="820" name="Cool TV" type="1" provider="GLOBECAST" onid="167" tsid="5228" namespace="0x013b0000" />
        <service id="0x081a" sid="2074" name="Discovery Channel HD" type="1" provider="GLOBECAST" onid="167" tsid="5228" namespace="0x013b0000" />
        <service id="0x207b" sid="8315" name="Diva" type="1" provider="GLOBECAST" onid="167" tsid="5228" namespace="0x013b0000" />
        <service id="0x081f" sid="2079" name="Erox HD" type="1" provider="GLOBECAST" onid="167" tsid="5228" namespace="0x013b0000" />
        <service id="0x207c" sid="8316" name="Extreme Sports" type="1" provider="GLOBECAST" onid="167" tsid="5228" namespace="0x013b0000" />
        <service id="0x081b" sid="2075" name="Filmbox Extra HD" type="1" provider="GLOBECAST" onid="167" tsid="5228" namespace="0x013b0000" />
        <service id="0x081e" sid="2078" name="Happy Channel HD" type="1" provider="GLOBECAST" onid="167" tsid="5228" namespace="0x013b0000" />
        <service id="0x206f" sid="8303" name="Look Sport 3 HD" type="1" provider="GLOBECAST" onid="167" tsid="5228" namespace="0x013b0000" />
        <service id="0x0330" sid="816" name="Minimax" type="1" provider="GLOBECAST" onid="167" tsid="5228" namespace="0x013b0000" />
        <service id="0x0335" sid="821" name="Muzsika TV" type="1" provider="GLOBECAST" onid="167" tsid="5228" namespace="0x013b0000" />
        <service id="0x0331" sid="817" name="PRO X HD" type="1" provider="GLOBECAST" onid="167" tsid="5228" namespace="0x013b0000" />
        <service id="0x207e" sid="8318" name="Speranta TV" type="1" provider="GLOBECAST" onid="167" tsid="5228" namespace="0x013b0000" />
        <service id="0x206c" sid="8300" name="SSU" type="1" provider="GLOBECAST" onid="167" tsid="5228" namespace="0x013b0000" />
        <service id="0x0332" sid="818" name="Trace Caribbean HD" type="1" provider="GLOBECAST" onid="167" tsid="5228" namespace="0x013b0000" />
        <service id="0x081d" sid="2077" name="Trace Urban HD" type="1" provider="GLOBECAST" onid="167" tsid="5228" namespace="0x013b0000" />
        <service id="0x081c" sid="2076" name="TV5 MONDE" type="1" provider="GLOBECAST" onid="167" tsid="5228" namespace="0x013b0000" />
      </transponder>
    </satellite>
    <satellite key="013b0000:1470:00a7" name="Sat-31.5E" namespace="0x013b0000" position="31.5">
      <transponder key="013b0000:1470:00a7" frequency="12324000" symbol_rate="30000000" polarization="V" fec="3" system="0" modulation="0">
        <service id="0x20d4" sid="8404" name="Antena 3 HD" type="1" provider="GLOBECAST" onid="167" tsid="5232" namespace="0x013b0000" />
        <service id="0x20e3" sid="8419" name="Cartoon Network" type="1" provider="GLOBECAST" onid="167" tsid="5232" namespace="0x013b0000" />
        <service id="0x20db" sid="8411" name="Cinemax HD" type="1" provider="GLOBECAST" onid="167" tsid="5232" namespace="0x013b0000" />
        <service id="0x20d6" sid="8406" name="Disney Channel" type="1" provider="GLOBECAST" onid="167" tsid="5232" namespace="0x013b0000" />
        <service id="0x20df" sid="8415" name="Dorcel XXX" type="1" provider="GLOBECAST" onid="167" tsid="5232" namespace="0x013b0000" />
        <service id="0x20d5" sid="8405" name="Euronews" type="1" provider="GLOBECAST" onid="167" tsid="5232" namespace="0x013b0000" />
        <service id="0x20d9" sid="8409" name="Investigation Discovery HD" type="1" provider="GLOBECAST" onid="167" tsid="5232" namespace="0x013b0000" />
        <service id="0x20d1" sid="8401" name="Kanal D HD" type="1" provider="GLOBECAST" onid="167" tsid="5232" namespace="0x013b0000" />
        <service id="0x20d8" sid="8408" name="Magic TV" type="1" provider="GLOBECAST" onid="167" tsid="5232" namespace="0x013b0000" />
        <service id="0x20dc" sid="8412" name="MEZZO" type="1" provider="GLOBECAST" onid="167" tsid="5232" namespace="0x013b0000" />
        <service id="0x20dd" sid="8413" name="Myzen HD" type="1" provider="GLOBECAST" onid="167" tsid="5232" namespace="0x013b0000" />
        <service id="0x20da" sid="8410" name="Nicktoons" type="1" provider="GLOBECAST" onid="167" tsid="5232" namespace="0x013b0000" />
        <service id="0x20d2" sid="8402" name="PRO 2 HD" type="1" provider="GLOBECAST" onid="167" tsid="5232" namespace="0x013b0000" />
        <service id="0x20e4" sid="8420" name="RTL+" type="1" provider="GLOBECAST" onid="167" tsid="5232" namespace="0x013b0000" />
        <service id="0x20de" sid="8414" name="TV Paprika" type="1" provider="GLOBECAST" onid="167" tsid="5232" namespace="0x013b0000" />
        <service id="0x20d3" sid="8403" name="TVR International" type="1" provider="GLOBECAST" onid="167" tsid="5232" namespace="0x013b0000" />
        <service id="0x20d7" sid="8407" name="Zu TV HD" type="1" provider="GLOBECAST" onid="167" tsid="5232" namespace="0x013b0000" />
      </transponder>
    </satellite>
    <satellite key="013b0000:1474:00a7" name="Sat-31.5E" namespace="0x013b0000" position="31.5">
      <transponder key="013b0000:1474:00a7" frequency="12402000" symbol_rate="30000000" polarization="V" fec="3" system="0" modulation="0">
        <service id="0x035a" sid="858" name="Bollywood HD" type="1" provider="GLOBECAST" onid="167" tsid="5236" namespace="0x013b0000" />
        <service id="0x0361" sid="865" name="Boomerang" type="1" provider="GLOBECAST" onid="167" tsid="5236" namespace="0x013b0000" />
        <service id="0x085b" sid="2139" name="Disney Junior" type="1" provider="GLOBECAST" onid="167" tsid="5236" namespace="0x013b0000" />
        <service id="0x0360" sid="864" name="Epic Drama HD" type="1" provider="GLOBECAST" onid="167" tsid="5236" namespace="0x013b0000" />
        <service id="0x213a" sid="8506" name="Eurosport 1 HD" type="1" provider="GLOBECAST" onid="167" tsid="5236" namespace="0x013b0000" />
        <service id="0x085d" sid="2141" name="FashionBox HD" type="1" provider="GLOBECAST" onid="167" tsid="5236" namespace="0x013b0000" />
        <service id="0x213e" sid="8510" name="Film Cafe" type="1" provider="GLOBECAST" onid="167" tsid="5236" namespace="0x013b0000" />
        <service id="0x035f" sid="863" name="Fishing and Hunting HD" type="1" provider="GLOBECAST" onid="167" tsid="5236" namespace="0x013b0000" />
        <service id="0x085a" sid="2138" name="France 24" type="1" provider="GLOBECAST" onid="167" tsid="5236" namespace="0x013b0000" />
        <service id="0x213f" sid="8511" name="Kiss TV" type="1" provider="GLOBECAST" onid="167" tsid="5236" namespace="0x013b0000" />
        <service id="0x085c" sid="2140" name="MTV Live HD" type="1" provider="GLOBECAST" onid="167" tsid="5236" namespace="0x013b0000" />
        <service id="0x035d" sid="861" name="PRO GOLD HD" type="1" provider="GLOBECAST" onid="167" tsid="5236" namespace="0x013b0000" />
        <service id="0x213b" sid="8507" name="Rock TV" type="1" provider="GLOBECAST" onid="167" tsid="5236" namespace="0x013b0000" />
        <service id="0x035b" sid="859" name="Romania TV" type="1" provider="GLOBECAST" onid="167" tsid="5236" namespace="0x013b0000" />
        <service id="0x214a" sid="8522" name="RTL II" type="1" provider="GLOBECAST" onid="167" tsid="5236" namespace="0x013b0000" />
        <service id="0x085f" sid="2143" name="TLC HD" type="1" provider="GLOBECAST" onid="167" tsid="5236" namespace="0x013b0000" />
        <service id="0x213d" sid="8509" name="Viasat Nature HD" type="1" provider="GLOBECAST" onid="167" tsid="5236" namespace="0x013b0000" />
      </transponder>
    </satellite>
    <satellite key="013b0000:1478:00a7" name="Sat-31.5E" namespace="0x013b0000" position="31.5">
      <transponder key="013b0000:1478:00a7" frequency="12480000" symbol_rate="30000000" polarization="V" fec="3" system="0" modulation="0">
        <service id="0x21a4" sid="8612" name="CBS Reality" type="1" provider="GLOBECAST" onid="167" tsid="5240" namespace="0x013b0000" />
        <service id="0x21a5" sid="8613" name="E! Entertainment HD" type="1" provider="GLOBECAST" onid="167" tsid="5240" namespace="0x013b0000" />
        <service id="0x21a1" sid="8609" name="Erdely Tv" type="1" provider="GLOBECAST" onid="167" tsid="5240" namespace="0x013b0000" />
        <service id="0x219e" sid="8606" name="Eurosport 2 HD" type="1" provider="GLOBECAST" onid="167" tsid="5240" namespace="0x013b0000" />
        <service id="0x21a3" sid="8611" name="Favorit" type="1" provider="GLOBECAST" onid="167" tsid="5240" namespace="0x013b0000" />
        <service id="0x219c" sid="8604" name="FightBox HD" type="1" provider="GLOBECAST" onid="167" tsid="5240" namespace="0x013b0000" />
        <service id="0x21ac" sid="8620" name="HBO2 HD" type="1" provider="GLOBECAST" onid="167" tsid="5240" namespace="0x013b0000" />
        <service id="0x21a0" sid="8608" name="History HD" type="1" provider="GLOBECAST" onid="167" tsid="5240" namespace="0x013b0000" />
        <service id="0x21a9" sid="8617" name="M1" type="1" provider="GLOBECAST" onid="167" tsid="5240" namespace="0x013b0000" />
        <service id="0x21aa" sid="8618" name="M2" type="1" provider="GLOBECAST" onid="167" tsid="5240" namespace="0x013b0000" />
        <service id="0x21ab" sid="8619" name="PRO CINEMA HD" type="1" provider="GLOBECAST" onid="167" tsid="5240" namespace="0x013b0000" />
        <service id="0x219d" sid="8605" name="Profit ro" type="1" provider="GLOBECAST" onid="167" tsid="5240" namespace="0x013b0000" />
        <service id="0x219b" sid="8603" name="Realitatea Plus" type="1" provider="GLOBECAST" onid="167" tsid="5240" namespace="0x013b0000" />
        <service id="0x21a6" sid="8614" name="Travel Channel HD" type="1" provider="GLOBECAST" onid="167" tsid="5240" namespace="0x013b0000" />
        <service id="0x21a2" sid="8610" name="TV1000" type="1" provider="GLOBECAST" onid="167" tsid="5240" namespace="0x013b0000" />
        <service id="0x219a" sid="8602" name="TVR 1 HD" type="1" provider="GLOBECAST" onid="167" tsid="5240" namespace="0x013b0000" />
        <service id="0x0381" sid="897" name="TVR 2 HD" type="1" provider="GLOBECAST" onid="167" tsid="5240" namespace="0x013b0000" />
      </transponder>
    </satellite>
    <satellite key="013baec5:0001:0001" name="Sat-31.5E" namespace="0x013baec5" position="31.5">
      <transponder key="013baec5:0001:0001" frequency="11973000" symbol_rate="27500000" polarization="V" fec="4" system="0" modulation="0">
        <service id="0x03e9" sid="1001" name="001 - Maestro" type="1" provider="Magtisat" onid="1" tsid="1" namespace="0x013baec5" />
        <service id="0x03ea" sid="1002" name="002 - PirveliArkhi" type="1" provider="Magtisat" onid="1" tsid="1" namespace="0x013baec5" />
        <service id="0x03eb" sid="1003" name="003 - Marao" type="1" provider="Magtisat" onid="1" tsid="1" namespace="0x013baec5" />
        <service id="0x03ec" sid="1004" name="004 - PirveliArkhi-TSkola" type="1" provider="Magtisat" onid="1" tsid="1" namespace="0x013baec5" />
        <service id="0x03ed" sid="1005" name="005 - Imedi" type="1" provider="Magtisat" onid="1" tsid="1" namespace="0x013baec5" />
        <service id="0x03ee" sid="1006" name="006 - Rustavi2" type="1" provider="Magtisat" onid="1" tsid="1" namespace="0x013baec5" />
        <service id="0x03ef" sid="1007" name="007 - ComedyArkhi" type="1" provider="Magtisat" onid="1" tsid="1" namespace="0x013baec5" />
        <service id="0x03f0" sid="1008" name="008 - GDS" type="1" provider="Magtisat" onid="1" tsid="1" namespace="0x013baec5" />
        <service id="0x03f1" sid="1009" name="009 - TV Pirveli" type="1" provider="Magtisat" onid="1" tsid="1" namespace="0x013baec5" />
        <service id="0x03f2" sid="1010" name="010 - Kavkasia" type="1" provider="Magtisat" onid="1" tsid="1" namespace="0x013baec5" />
        <service id="0x03f3" sid="1011" name="011 - SilkUniversal" type="1" provider="Magtisat" onid="1" tsid="1" namespace="0x013baec5" />
        <service id="0x03f4" sid="1012" name="012 - MtavariArkhi" type="1" provider="Magtisat" onid="1" tsid="1" namespace="0x013baec5" />
        <service id="0x03f5" sid="1013" name="013 - AdjaraTV" type="1" provider="Magtisat" onid="1" tsid="1" namespace="0x013baec5" />
        <service id="0x03f6" sid="1014" name="014 - Enkibenki" type="1" provider="Harmonic" onid="1" tsid="1" namespace="0x013baec5" />
        <service id="0x03f7" sid="1015" name="015 - Ertsulovneba" type="1" provider="Magtisat" onid="1" tsid="1" namespace="0x013baec5" />
        <service id="0x03f8" sid="1016" name="016 - Obieqtivi" type="1" provider="Magtisat" onid="1" tsid="1" namespace="0x013baec5" />
        <service id="0x03f9" sid="1017" name="017 - ApkhazetisKhma" type="1" provider="Magtisat" onid="1" tsid="1" namespace="0x013baec5" />
        <service id="0x03fa" sid="1018" name="018 - FormulaTV" type="1" provider="Magtisat" onid="1" tsid="1" namespace="0x013baec5" />
        <service id="0x03fb" sid="1019" name="019 - SamepoArkhi" type="1" provider="Magtisat" onid="1" tsid="1" namespace="0x013baec5" />
        <service id="0x03fc" sid="1020" name="020 - Rioni" type="1" provider="Magtisat" onid="1" tsid="1" namespace="0x013baec5" />
        <service id="0x03fd" sid="1021" name="021 - Gurjaani" type="1" provider="Magtisat" onid="1" tsid="1" namespace="0x013baec5" />
        <service id="0x03fe" sid="1022" name="022 - PalitraTV" type="1" provider="Magtisat" onid="1" tsid="1" namespace="0x013baec5" />
        <service id="0x03ff" sid="1023" name="023 - DardiMandi" type="1" provider="Magtisat" onid="1" tsid="1" namespace="0x013baec5" />
        <service id="0x00be" sid="190" name="024 - PosTV" type="1" provider="Magtisat" onid="1" tsid="1" namespace="0x013baec5" />
        <service id="0x00bf" sid="191" name="025 - ChveniMagti" type="1" provider="Magtisat" onid="1" tsid="1" namespace="0x013baec5" />
        <service id="0x00c0" sid="192" name="026 - MagtiKino" type="1" provider="Magtisat" onid="1" tsid="1" namespace="0x013baec5" />
        <service id="0x00c1" sid="193" name="027 - MagtiHIT" type="1" provider="Magtisat" onid="1" tsid="1" namespace="0x013baec5" />
        <service id="0x00c2" sid="194" name="028 - RugbyTV" type="1" provider="Magtisat" onid="1" tsid="1" namespace="0x013baec5" />
        <service id="0x00c3" sid="195" name="029 - Adjarasport1" type="1" provider="Magtisat" onid="1" tsid="1" namespace="0x013baec5" />
        <service id="0x00c4" sid="196" name="030 - Adjarasport2" type="1" provider="Magtisat" onid="1" tsid="1" namespace="0x013baec5" />
        <service id="0x00c5" sid="197" name="031 - Setanta1" type="1" provider="Magtisat" onid="1" tsid="1" namespace="0x013baec5" />
        <service id="0x00c6" sid="198" name="032 - Setanta2" type="1" provider="Magtisat" onid="1" tsid="1" namespace="0x013baec5" />
        <service id="0x00c7" sid="199" name="033 - TV25" type="1" provider="Magticom" onid="1" tsid="1" namespace="0x013baec5" />
      </transponder>
    </satellite>
  </satellites>
</zapit>
