<?xml version='1.0' encoding='utf-8'?>
<zapit api="4">
  <satellites>
    <satellite key="0d840000:0008:1111" name="Sat-14W" namespace="0x0d840000" position="-14">
      <transponder key="0d840000:0008:1111" frequency="10955000" symbol_rate="1555000" polarization="H" fec="3" system="0" modulation="0">
        <service id="0x0001" sid="1" name="Radio CH50" type="2" provider="RSCC" onid="4369" tsid="8" namespace="0x0d840000" radio="1" />
        <service id="0x0002" sid="2" name="Radio CH51" type="2" provider="RSCC" onid="4369" tsid="8" namespace="0x0d840000" radio="1" />
        <service id="0x0003" sid="3" name="Radio CH52" type="2" provider="RSCC" onid="4369" tsid="8" namespace="0x0d840000" radio="1" />
        <service id="0x0004" sid="4" name="Radio CH54" type="2" provider="RSCC" onid="4369" tsid="8" namespace="0x0d840000" radio="1" />
        <service id="0x0005" sid="5" name="Radio CH55" type="2" provider="RSCC" onid="4369" tsid="8" namespace="0x0d840000" radio="1" />
        <service id="0x0006" sid="6" name="Radio CH56" type="2" provider="RSCC" onid="4369" tsid="8" namespace="0x0d840000" radio="1" />
        <service id="0x0007" sid="7" name="Radio CH57" type="2" provider="RSCC" onid="4369" tsid="8" namespace="0x0d840000" radio="1" />
        <service id="0x0008" sid="8" name="Radio CH58" type="2" provider="RSCC" onid="4369" tsid="8" namespace="0x0d840000" radio="1" />
        <service id="0x0009" sid="9" name="Radio CH59" type="2" provider="RSCC" onid="4369" tsid="8" namespace="0x0d840000" radio="1" />
      </transponder>
    </satellite>
    <satellite key="0d840000:0064:2324" name="Sat-14W" namespace="0x0d840000" position="-14">
      <transponder key="0d840000:0064:2324" frequency="11647000" symbol_rate="14184000" polarization="V" fec="3" system="0" modulation="0">
        <service id="0x000d" sid="13" name="03 МАТЧ!" type="22" provider="РТРС" onid="8996" tsid="100" namespace="0x0d840000" />
        <service id="0x000e" sid="14" name="04 НТВ" type="22" provider="РТРС" onid="8996" tsid="100" namespace="0x0d840000" />
        <service id="0x000f" sid="15" name="05 ПЯТЫЙ КАНАЛ" type="22" provider="РТРС" onid="8996" tsid="100" namespace="0x0d840000" />
        <service id="0x000a" sid="10" name="06 РОССИЯ-К" type="22" provider="РТРС" onid="8996" tsid="100" namespace="0x0d840000" />
        <service id="0x000b" sid="11" name="07 РОССИЯ-24" type="22" provider="РТРС" onid="8996" tsid="100" namespace="0x0d840000" />
        <service id="0x000c" sid="12" name="08 КАРУСЕЛЬ" type="22" provider="РТРС" onid="8996" tsid="100" namespace="0x0d840000" />
        <service id="0x01c8" sid="456" name="ВЕСТИ ФМ" type="2" provider="РТРС" onid="8996" tsid="100" namespace="0x0d840000" radio="1" />
        <service id="0x01cc" sid="460" name="МАЯК" type="2" provider="РТРС" onid="8996" tsid="100" namespace="0x0d840000" radio="1" />
        <service id="0x046a" sid="1130" name="Радио России" type="2" provider="РТРС" onid="8996" tsid="100" namespace="0x0d840000" radio="1" />
      </transponder>
    </satellite>
    <satellite key="0d840000:00c8:2324" name="Sat-14W" namespace="0x0d840000" position="-14">
      <transponder key="0d840000:00c8:2324" frequency="11564000" symbol_rate="14584000" polarization="V" fec="3" system="0" modulation="0">
        <service id="0x000f" sid="15" name="09 ОТР" type="22" provider="РТРС" onid="8996" tsid="200" namespace="0x0d840000" />
        <service id="0x000a" sid="10" name="10 ТВ Центр" type="22" provider="РТРС" onid="8996" tsid="200" namespace="0x0d840000" />
        <service id="0x000b" sid="11" name="11 РЕН ТВ" type="22" provider="РТРС" onid="8996" tsid="200" namespace="0x0d840000" />
        <service id="0x000c" sid="12" name="12 Спас" type="22" provider="РТРС" onid="8996" tsid="200" namespace="0x0d840000" />
        <service id="0x000d" sid="13" name="13 СТС" type="22" provider="РТРС" onid="8996" tsid="200" namespace="0x0d840000" />
        <service id="0x001a" sid="26" name="14 Домашний" type="22" provider="РТРС" onid="8996" tsid="200" namespace="0x0d840000" />
        <service id="0x001b" sid="27" name="15 ТВ3" type="22" provider="РТРС" onid="8996" tsid="200" namespace="0x0d840000" />
        <service id="0x001c" sid="28" name="16 Пятница" type="22" provider="РТРС" onid="8996" tsid="200" namespace="0x0d840000" />
      </transponder>
    </satellite>
    <satellite key="0d840000:012c:2324" name="Sat-14W" namespace="0x0d840000" position="-14">
      <transponder key="0d840000:012c:2324" frequency="11544000" symbol_rate="14182000" polarization="V" fec="3" system="0" modulation="0">
        <service id="0x001f" sid="31" name="17 Звезда" type="22" provider="РТРС" onid="8996" tsid="300" namespace="0x0d840000" />
        <service id="0x000e" sid="14" name="18 МИР" type="22" provider="РТРС" onid="8996" tsid="300" namespace="0x0d840000" />
        <service id="0x000f" sid="15" name="19 ТНТ" type="22" provider="РТРС" onid="8996" tsid="300" namespace="0x0d840000" />
        <service id="0x0010" sid="16" name="20 МУЗ ТВ" type="22" provider="РТРС" onid="8996" tsid="300" namespace="0x0d840000" />
        <service id="0x0011" sid="17" name="21 Мир-24" type="22" provider="РТРС" onid="8996" tsid="300" namespace="0x0d840000" />
        <service id="0x0012" sid="18" name="22 Москва-24" type="22" provider="РТРС" onid="8996" tsid="300" namespace="0x0d840000" />
        <service id="0x0013" sid="19" name="23 Первый Крымский" type="22" provider="РТРС" onid="8996" tsid="300" namespace="0x0d840000" />
      </transponder>
    </satellite>
    <satellite key="0d842adf:0001:ffff" name="Sat-14W" namespace="0x0d842adf" position="-14">
      <transponder key="0d842adf:0001:ffff" frequency="10975000" symbol_rate="2962000" polarization="H" fec="3" system="0" modulation="0">
        <service id="0x0001" sid="1" name="Al Manar" type="1" provider="Al Manar" onid="65535" tsid="1" namespace="0x0d842adf" />
        <service id="0x0002" sid="2" name="Al Nour" type="2" provider="Al Manar" onid="65535" tsid="1" namespace="0x0d842adf" radio="1" />
      </transponder>
    </satellite>
    <satellite key="0d842b70:0003:0000" name="Sat-14W" namespace="0x0d842b70" position="-14">
      <transponder key="0d842b70:0003:0000" frequency="11120000" symbol_rate="3590000" polarization="H" fec="3" system="0" modulation="0">
        <service id="0x0003" sid="3" name="RT auf Deutsch SD" type="1" provider="SynterraMedia" onid="0" tsid="3" namespace="0x0d842b70" />
      </transponder>
    </satellite>
    <satellite key="0d842cc0:0001:ffff" name="Sat-14W" namespace="0x0d842cc0" position="-14">
      <transponder key="0d842cc0:0001:ffff" frequency="11456000" symbol_rate="3000000" polarization="H" fec="3" system="0" modulation="0">
        <service id="0x0001" sid="1" name="Al Manar" type="1" provider="Al Manar" onid="65535" tsid="1" namespace="0x0d842cc0" />
        <service id="0x0002" sid="2" name="Al Nour" type="2" provider="Al Manar" onid="65535" tsid="1" namespace="0x0d842cc0" radio="1" />
      </transponder>
    </satellite>
    <satellite key="0d84ad2c:0001:0000" name="Sat-14W" namespace="0x0d84ad2c" position="-14">
      <transponder key="0d84ad2c:0001:0000" frequency="11564000" symbol_rate="14585000" polarization="V" fec="3" system="0" modulation="0">
        <service id="0x01c8" sid="456" name="11564V SID 0x456" type="2" provider="DVB-S2 8PSK 11564V 346.0Â°E" onid="0" tsid="1" namespace="0x0d84ad2c" radio="1" />
        <service id="0x01cc" sid="460" name="11564V SID 0x460" type="2" provider="DVB-S2 8PSK 11564V 346.0Â°E" onid="0" tsid="1" namespace="0x0d84ad2c" radio="1" />
        <service id="0x046a" sid="1130" name="11564V SID 0x46a" type="2" provider="DVB-S2 8PSK 11564V 346.0Â°E" onid="0" tsid="1" namespace="0x0d84ad2c" radio="1" />
      </transponder>
    </satellite>
  </satellites>
</zapit>
