<?xml version='1.0' encoding='utf-8'?>
<zapit api="4">
  <satellites>
    <satellite key="01860000:0000:016e" name="Sat-39E" namespace="0x01860000" position="39">
      <transponder key="01860000:0000:016e" frequency="12655000" symbol_rate="15155000" polarization="H" fec="3" system="0" modulation="0">
        <service id="0x0007" sid="7" name="Antena HD" type="1" provider="Antena Group" onid="366" tsid="0" namespace="0x01860000" />
        <service id="0x0006" sid="6" name="Antena International" type="1" provider="Antena Group" onid="366" tsid="0" namespace="0x01860000" />
        <service id="0x0002" sid="2" name="Antena Stars" type="1" provider="Antena Group" onid="366" tsid="0" namespace="0x01860000" />
        <service id="0x0001" sid="1" name="Antena1" type="1" provider="Antena Group" onid="366" tsid="0" namespace="0x01860000" />
        <service id="0x0003" sid="3" name="Antena3" type="1" provider="Antena Group" onid="366" tsid="0" namespace="0x01860000" />
        <service id="0x0004" sid="4" name="Happy Channel" type="1" provider="Antena Group" onid="366" tsid="0" namespace="0x01860000" />
        <service id="0x0005" sid="5" name="ZU TV" type="1" provider="Antena Group" onid="366" tsid="0" namespace="0x01860000" />
        <service id="0x001a" sid="26" name="Radio Romantic" type="2" provider="Antena Group" onid="366" tsid="0" namespace="0x01860000" radio="1" />
        <service id="0x0019" sid="25" name="Radio Zu" type="2" provider="Antena Group" onid="366" tsid="0" namespace="0x01860000" radio="1" />
      </transponder>
    </satellite>
    <satellite key="01860000:0001:02be" name="Sat-39E" namespace="0x01860000" position="39">
      <transponder key="01860000:0001:02be" frequency="10730000" symbol_rate="30000000" polarization="H" fec="4" system="0" modulation="0">
        <service id="0x0004" sid="4" name="4E" type="1" provider="" onid="702" tsid="1" namespace="0x01860000" />
        <service id="0x000f" sid="15" name="Capital Radio Cyprus" type="1" provider="" onid="702" tsid="1" namespace="0x01860000" />
        <service id="0x00a1" sid="161" name="ERT World HD" type="1" provider="" onid="702" tsid="1" namespace="0x01860000" />
        <service id="0x0012" sid="18" name="Kanali 6" type="1" provider="" onid="702" tsid="1" namespace="0x01860000" />
        <service id="0x002d" sid="45" name="LiveSports Channel" type="1" provider="" onid="702" tsid="1" namespace="0x01860000" />
        <service id="0x006b" sid="107" name="MultiSpin" type="1" provider="" onid="702" tsid="1" namespace="0x01860000" />
        <service id="0x002b" sid="43" name="Powerspin" type="1" provider="" onid="702" tsid="1" namespace="0x01860000" />
        <service id="0x002c" sid="44" name="Racing Channel" type="1" provider="" onid="702" tsid="1" namespace="0x01860000" />
        <service id="0x0002" sid="2" name="RIK1" type="1" provider="" onid="702" tsid="1" namespace="0x01860000" />
        <service id="0x115c" sid="4444" name="RIK2" type="1" provider="" onid="702" tsid="1" namespace="0x01860000" />
        <service id="0x0005" sid="5" name="RIK3" type="1" provider="" onid="702" tsid="1" namespace="0x01860000" />
        <service id="0x0006" sid="6" name="RIK4" type="1" provider="" onid="702" tsid="1" namespace="0x01860000" />
        <service id="0x0001" sid="1" name="RIKSat" type="1" provider="" onid="702" tsid="1" namespace="0x01860000" />
        <service id="0x0019" sid="25" name="TEST" type="1" provider="" onid="702" tsid="1" namespace="0x01860000" />
        <service id="0x0029" sid="41" name="Virtual Games1" type="1" provider="" onid="702" tsid="1" namespace="0x01860000" />
        <service id="0x002a" sid="42" name="Virtual Games2" type="1" provider="" onid="702" tsid="1" namespace="0x01860000" />
        <service id="0x006a" sid="106" name="Virtual Games3" type="1" provider="" onid="702" tsid="1" namespace="0x01860000" />
        <service id="0x000e" sid="14" name="Voice of Greece" type="1" provider="" onid="702" tsid="1" namespace="0x01860000" />
      </transponder>
    </satellite>
    <satellite key="01860000:0001:212c" name="Sat-39E" namespace="0x01860000" position="39">
      <transponder key="01860000:0001:212c" frequency="12241000" symbol_rate="13381000" polarization="H" fec="3" system="0" modulation="0">
        <service id="0x0006" sid="6" name="BBC World" type="1" provider="ERT" onid="8492" tsid="1" namespace="0x01860000" />
        <service id="0x0003" sid="3" name="DW" type="1" provider="ERT" onid="8492" tsid="1" namespace="0x01860000" />
        <service id="0x0001" sid="1" name="ERT 2 HD" type="1" provider="ERT" onid="8492" tsid="1" namespace="0x01860000" />
        <service id="0x0002" sid="2" name="ERT 3 HD" type="1" provider="ERT" onid="8492" tsid="1" namespace="0x01860000" />
        <service id="0x0007" sid="7" name="ERT1." type="1" provider="ERT" onid="8492" tsid="1" namespace="0x01860000" />
        <service id="0x0004" sid="4" name="RIK" type="1" provider="ERT" onid="8492" tsid="1" namespace="0x01860000" />
        <service id="0x0005" sid="5" name="TV5 Europe" type="1" provider="ERT" onid="8492" tsid="1" namespace="0x01860000" />
      </transponder>
    </satellite>
    <satellite key="01860000:0001:001c" name="Sat-39E" namespace="0x01860000" position="39">
      <transponder key="01860000:0001:001c" frequency="12290000" symbol_rate="30000000" polarization="V" fec="5" system="0" modulation="0">
        <service id="0x014b" sid="331" name="Bollywood TV" type="1" provider="" onid="28" tsid="1" namespace="0x01860000" />
        <service id="0x012e" sid="302" name="Cool TV" type="1" provider="" onid="28" tsid="1" namespace="0x01860000" />
        <service id="0x006f" sid="111" name="Duna TV" type="1" provider="" onid="28" tsid="1" namespace="0x01860000" />
        <service id="0x00ce" sid="206" name="Euronews" type="1" provider="" onid="28" tsid="1" namespace="0x01860000" />
        <service id="0x0046" sid="70" name="Film+" type="1" provider="" onid="28" tsid="1" namespace="0x01860000" />
        <service id="0x014c" sid="332" name="France 24" type="1" provider="" onid="28" tsid="1" namespace="0x01860000" />
        <service id="0x003b" sid="59" name="Inedit TV" type="1" provider="" onid="28" tsid="1" namespace="0x01860000" />
        <service id="0x010f" sid="271" name="M1" type="1" provider="" onid="28" tsid="1" namespace="0x01860000" />
        <service id="0x006e" sid="110" name="M2" type="1" provider="" onid="28" tsid="1" namespace="0x01860000" />
        <service id="0x005f" sid="95" name="Mooz Dance" type="1" provider="" onid="28" tsid="1" namespace="0x01860000" />
        <service id="0x005e" sid="94" name="Mooz Hits" type="1" provider="" onid="28" tsid="1" namespace="0x01860000" />
        <service id="0x008e" sid="142" name="National 24 Plus" type="1" provider="" onid="28" tsid="1" namespace="0x01860000" />
        <service id="0x010e" sid="270" name="RTL 2" type="1" provider="" onid="28" tsid="1" namespace="0x01860000" />
        <service id="0x0047" sid="71" name="RTL Klub" type="1" provider="" onid="28" tsid="1" namespace="0x01860000" />
      </transponder>
    </satellite>
    <satellite key="01860000:0002:212c" name="Sat-39E" namespace="0x01860000" position="39">
      <transponder key="01860000:0002:212c" frequency="12224000" symbol_rate="13381000" polarization="H" fec="3" system="0" modulation="0">
        <service id="0x001c" sid="28" name="ERT 1 HD" type="1" provider="ERT" onid="8492" tsid="2" namespace="0x01860000" />
        <service id="0x0011" sid="17" name="ERT 3" type="1" provider="ERT" onid="8492" tsid="2" namespace="0x01860000" />
        <service id="0x0009" sid="9" name="Vouli" type="1" provider="ERT" onid="8492" tsid="2" namespace="0x01860000" />
        <service id="0x000a" sid="10" name="Deftero 103,7" type="2" provider="ERT" onid="8492" tsid="2" namespace="0x01860000" radio="1" />
        <service id="0x001f" sid="31" name="Era Sport" type="2" provider="ERT" onid="8492" tsid="2" namespace="0x01860000" radio="1" />
        <service id="0x000c" sid="12" name="Kosmos" type="2" provider="ERT" onid="8492" tsid="2" namespace="0x01860000" radio="1" />
        <service id="0x000b" sid="11" name="Proto" type="2" provider="ERT" onid="8492" tsid="2" namespace="0x01860000" radio="1" />
        <service id="0x000e" sid="14" name="Voice Of Greece" type="2" provider="ERT" onid="8492" tsid="2" namespace="0x01860000" radio="1" />
        <service id="0x000f" sid="15" name="Zeppelin" type="2" provider="ERT" onid="8492" tsid="2" namespace="0x01860000" radio="1" />
      </transponder>
    </satellite>
    <satellite key="01860000:0002:0001" name="Sat-39E" namespace="0x01860000" position="39">
      <transponder key="01860000:0002:0001" frequency="12195000" symbol_rate="30000000" polarization="H" fec="5" system="0" modulation="0">
        <service id="0x0012" sid="18" name="24 Kitchen" type="1" provider="Bulsatcom" onid="1" tsid="2" namespace="0x01860000" />
        <service id="0x000e" sid="14" name="7/8 TV" type="1" provider="Bulsatcom" onid="1" tsid="2" namespace="0x01860000" />
        <service id="0x001c" sid="28" name="action.box" type="1" provider="Bulsatcom" onid="1" tsid="2" namespace="0x01860000" />
        <service id="0x0010" sid="16" name="Animal Planet" type="1" provider="Bulsatcom" onid="1" tsid="2" namespace="0x01860000" />
        <service id="0x00a2" sid="162" name="AXN Black" type="1" provider="Bulsatcom" onid="1" tsid="2" namespace="0x01860000" />
        <service id="0x00a1" sid="161" name="AXN White" type="1" provider="Bulsatcom" onid="1" tsid="2" namespace="0x01860000" />
        <service id="0x001a" sid="26" name="b1b-box" type="1" provider="Bulsatcom" onid="1" tsid="2" namespace="0x01860000" />
        <service id="0x001d" sid="29" name="Bulgaria on Air" type="1" provider="Bulsatcom" onid="1" tsid="2" namespace="0x01860000" />
        <service id="0x002b" sid="43" name="Eurosport" type="1" provider="Bulsatcom" onid="1" tsid="2" namespace="0x01860000" />
        <service id="0x0011" sid="17" name="France 24" type="1" provider="Bulsatcom" onid="1" tsid="2" namespace="0x01860000" />
        <service id="0x0013" sid="19" name="History Channel" type="1" provider="Bulsatcom" onid="1" tsid="2" namespace="0x01860000" />
        <service id="0x000f" sid="15" name="Hobby Lov" type="1" provider="Bulsatcom" onid="1" tsid="2" namespace="0x01860000" />
        <service id="0x001e" sid="30" name="MAX sport 2" type="1" provider="Bulsatcom" onid="1" tsid="2" namespace="0x01860000" />
        <service id="0x002e" sid="46" name="NG WILD" type="1" provider="Bulsatcom" onid="1" tsid="2" namespace="0x01860000" />
        <service id="0x001b" sid="27" name="Passion XXX" type="1" provider="Bulsatcom" onid="1" tsid="2" namespace="0x01860000" />
        <service id="0x002c" sid="44" name="Penthouse" type="1" provider="Bulsatcom" onid="1" tsid="2" namespace="0x01860000" />
        <service id="0x002f" sid="47" name="Tiankov Folk" type="1" provider="Bulsatcom" onid="1" tsid="2" namespace="0x01860000" />
        <service id="0x001f" sid="31" name="TV Evropa" type="1" provider="Bulsatcom" onid="1" tsid="2" namespace="0x01860000" />
        <service id="0x0016" sid="22" name="BG Radio" type="2" provider="Bulsatcom" onid="1" tsid="2" namespace="0x01860000" radio="1" />
        <service id="0x0017" sid="23" name="Darik Radio" type="2" provider="Bulsatcom" onid="1" tsid="2" namespace="0x01860000" radio="1" />
        <service id="0x0015" sid="21" name="NRJ" type="2" provider="Bulsatcom" onid="1" tsid="2" namespace="0x01860000" radio="1" />
        <service id="0x0014" sid="20" name="Radio 1 Rock" type="2" provider="Bulsatcom" onid="1" tsid="2" namespace="0x01860000" radio="1" />
        <service id="0x0019" sid="25" name="Radio Payner" type="2" provider="Bulsatcom" onid="1" tsid="2" namespace="0x01860000" radio="1" />
        <service id="0x0018" sid="24" name="Tangra MegaRock" type="2" provider="Bulsatcom" onid="1" tsid="2" namespace="0x01860000" radio="1" />
      </transponder>
    </satellite>
    <satellite key="01860000:0002:001c" name="Sat-39E" namespace="0x01860000" position="39">
      <transponder key="01860000:0002:001c" frequency="12328000" symbol_rate="30000000" polarization="V" fec="3" system="0" modulation="0">
        <service id="0x011f" sid="287" name="12328V SID 0x11f" type="1" provider="DVB-S2 8PSK 12328V 39.0Â°E" onid="28" tsid="2" namespace="0x01860000" />
        <service id="0x0056" sid="86" name="12328V SID 0x134" type="1" provider="DVB-S2 8PSK 12328V 39.0Â°E" onid="28" tsid="2" namespace="0x01860000" />
        <service id="0x0059" sid="89" name="12328V SID 0x137" type="1" provider="DVB-S2 8PSK 12328V 39.0Â°E" onid="28" tsid="2" namespace="0x01860000" />
        <service id="0x008a" sid="138" name="12328V SID 0x138" type="1" provider="DVB-S2 8PSK 12328V 39.0Â°E" onid="28" tsid="2" namespace="0x01860000" />
        <service id="0x008b" sid="139" name="12328V SID 0x139" type="1" provider="DVB-S2 8PSK 12328V 39.0Â°E" onid="28" tsid="2" namespace="0x01860000" />
        <service id="0x004a" sid="74" name="Antena 1 HD" type="25" provider="" onid="28" tsid="2" namespace="0x01860000" />
        <service id="0x004c" sid="76" name="HBO HD" type="25" provider="" onid="28" tsid="2" namespace="0x01860000" />
        <service id="0x00cf" sid="207" name="Nat Geo HD" type="25" provider="" onid="28" tsid="2" namespace="0x01860000" />
        <service id="0x00d0" sid="208" name="Nat Geo Wild HD" type="25" provider="" onid="28" tsid="2" namespace="0x01860000" />
        <service id="0x0049" sid="73" name="PRO TV HD" type="25" provider="" onid="28" tsid="2" namespace="0x01860000" />
        <service id="0x0055" sid="85" name="Telekom Sport 1 HD" type="25" provider="" onid="28" tsid="2" namespace="0x01860000" />
        <service id="0x011d" sid="285" name="Telekom Sport 1 HD" type="25" provider="" onid="28" tsid="2" namespace="0x01860000" />
        <service id="0x0048" sid="72" name="TVR 1 HD" type="25" provider="" onid="28" tsid="2" namespace="0x01860000" />
        <service id="0x004b" sid="75" name="Viasat History HD" type="25" provider="" onid="28" tsid="2" namespace="0x01860000" />
      </transponder>
    </satellite>
    <satellite key="01860000:0003:0001" name="Sat-39E" namespace="0x01860000" position="39">
      <transponder key="01860000:0003:0001" frequency="12482000" symbol_rate="30000000" polarization="V" fec="5" system="0" modulation="0">
        <service id="0x000a" sid="10" name="AXN" type="1" provider="Bulsatcom" onid="1" tsid="3" namespace="0x01860000" />
        <service id="0x017d" sid="381" name="BHTV" type="1" provider="Bulsatcom" onid="1" tsid="3" namespace="0x01860000" />
        <service id="0x0006" sid="6" name="BNT 2" type="1" provider="Bulsatcom" onid="1" tsid="3" namespace="0x01860000" />
        <service id="0x013b" sid="315" name="bTV Action" type="1" provider="Bulsatcom" onid="1" tsid="3" namespace="0x01860000" />
        <service id="0x012f" sid="303" name="bTV Cinema" type="1" provider="Bulsatcom" onid="1" tsid="3" namespace="0x01860000" />
        <service id="0x0059" sid="89" name="bTV Comedy" type="1" provider="Bulsatcom" onid="1" tsid="3" namespace="0x01860000" />
        <service id="0x009b" sid="155" name="CNN" type="1" provider="Bulsatcom" onid="1" tsid="3" namespace="0x01860000" />
        <service id="0x0001" sid="1" name="Diema Family" type="1" provider="Bulsatcom" onid="1" tsid="3" namespace="0x01860000" />
        <service id="0x008b" sid="139" name="Diema Sport 2" type="1" provider="Bulsatcom" onid="1" tsid="3" namespace="0x01860000" />
        <service id="0x001e" sid="30" name="FOX Crime" type="1" provider="Bulsatcom" onid="1" tsid="3" namespace="0x01860000" />
        <service id="0x001c" sid="28" name="FOX Life" type="1" provider="Bulsatcom" onid="1" tsid="3" namespace="0x01860000" />
        <service id="0x006b" sid="107" name="Hustler TV" type="1" provider="Bulsatcom" onid="1" tsid="3" namespace="0x01860000" />
        <service id="0x0052" sid="82" name="MAX sport 1" type="1" provider="Bulsatcom" onid="1" tsid="3" namespace="0x01860000" />
        <service id="0x0002" sid="2" name="National Geographic" type="1" provider="Bulsatcom" onid="1" tsid="3" namespace="0x01860000" />
        <service id="0x0009" sid="9" name="Nova Sport" type="1" provider="Bulsatcom" onid="1" tsid="3" namespace="0x01860000" />
        <service id="0x014b" sid="331" name="RING BG" type="1" provider="Bulsatcom" onid="1" tsid="3" namespace="0x01860000" />
        <service id="0x013a" sid="314" name="TLC" type="1" provider="Bulsatcom" onid="1" tsid="3" namespace="0x01860000" />
        <service id="0x001b" sid="27" name="radio Magic FM" type="2" provider="Bulsatcom" onid="1" tsid="3" namespace="0x01860000" radio="1" />
        <service id="0x000d" sid="13" name="radio Veselina E" type="2" provider="Bulsatcom" onid="1" tsid="3" namespace="0x01860000" radio="1" />
        <service id="0x003e" sid="62" name="radio Veselina N" type="2" provider="Bulsatcom" onid="1" tsid="3" namespace="0x01860000" radio="1" />
        <service id="0x003f" sid="63" name="radio Veselina S" type="2" provider="Bulsatcom" onid="1" tsid="3" namespace="0x01860000" radio="1" />
        <service id="0x001a" sid="26" name="radio Veselina W" type="2" provider="Bulsatcom" onid="1" tsid="3" namespace="0x01860000" radio="1" />
        <service id="0x000b" sid="11" name="radio Vitosha E" type="2" provider="Bulsatcom" onid="1" tsid="3" namespace="0x01860000" radio="1" />
        <service id="0x000c" sid="12" name="radio Vitosha W" type="2" provider="Bulsatcom" onid="1" tsid="3" namespace="0x01860000" radio="1" />
        <service id="0x001d" sid="29" name="The Voice" type="2" provider="Bulsatcom" onid="1" tsid="3" namespace="0x01860000" radio="1" />
      </transponder>
    </satellite>
    <satellite key="01860000:0003:001c" name="Sat-39E" namespace="0x01860000" position="39">
      <transponder key="01860000:0003:001c" frequency="12366000" symbol_rate="30000000" polarization="V" fec="3" system="0" modulation="0">
        <service id="0x00c3" sid="195" name="AXN HD" type="25" provider="" onid="28" tsid="3" namespace="0x01860000" />
        <service id="0x00c1" sid="193" name="History HD" type="25" provider="" onid="28" tsid="3" namespace="0x01860000" />
        <service id="0x00c2" sid="194" name="iConcerts HD" type="25" provider="" onid="28" tsid="3" namespace="0x01860000" />
        <service id="0x00be" sid="190" name="Kanal D HD" type="25" provider="" onid="28" tsid="3" namespace="0x01860000" />
        <service id="0x00c5" sid="197" name="TDC HD" type="25" provider="" onid="28" tsid="3" namespace="0x01860000" />
        <service id="0x00bf" sid="191" name="Telekom Sport 2 HD" type="25" provider="" onid="28" tsid="3" namespace="0x01860000" />
        <service id="0x011f" sid="287" name="Telekom Sport 2 HD" type="25" provider="" onid="28" tsid="3" namespace="0x01860000" />
        <service id="0x019a" sid="410" name="Telekom Sport 3 HD" type="25" provider="" onid="28" tsid="3" namespace="0x01860000" />
        <service id="0x019c" sid="412" name="Telekom Sport 3 HD" type="25" provider="" onid="28" tsid="3" namespace="0x01860000" />
        <service id="0x019b" sid="411" name="Telekom Sport 4 HD" type="25" provider="" onid="28" tsid="3" namespace="0x01860000" />
        <service id="0x019d" sid="413" name="Telekom Sport 4 HD" type="25" provider="" onid="28" tsid="3" namespace="0x01860000" />
      </transponder>
    </satellite>
    <satellite key="01860000:0004:0001" name="Sat-39E" namespace="0x01860000" position="39">
      <transponder key="01860000:0004:0001" frequency="12214000" symbol_rate="30000000" polarization="V" fec="5" system="0" modulation="0">
        <service id="0x007b" sid="123" name="Balkanika" type="1" provider="Bulsatcom" onid="1" tsid="4" namespace="0x01860000" />
        <service id="0x007d" sid="125" name="bTV Lady" type="1" provider="Bulsatcom" onid="1" tsid="4" namespace="0x01860000" />
        <service id="0x002f" sid="47" name="Cartoon Network" type="1" provider="Bulsatcom" onid="1" tsid="4" namespace="0x01860000" />
        <service id="0x006e" sid="110" name="cine.box" type="1" provider="Bulsatcom" onid="1" tsid="4" namespace="0x01860000" />
        <service id="0x0035" sid="53" name="City TV" type="1" provider="Bulsatcom" onid="1" tsid="4" namespace="0x01860000" />
        <service id="0x003d" sid="61" name="comedy.box" type="1" provider="Bulsatcom" onid="1" tsid="4" namespace="0x01860000" />
        <service id="0x00ca" sid="202" name="Diema Sport 3" type="1" provider="Bulsatcom" onid="1" tsid="4" namespace="0x01860000" />
        <service id="0x002e" sid="46" name="Disney Channel" type="1" provider="Bulsatcom" onid="1" tsid="4" namespace="0x01860000" />
        <service id="0x003e" sid="62" name="Disney Junior" type="1" provider="Bulsatcom" onid="1" tsid="4" namespace="0x01860000" />
        <service id="0x0031" sid="49" name="Fen Folk TV" type="1" provider="Bulsatcom" onid="1" tsid="4" namespace="0x01860000" />
        <service id="0x004f" sid="79" name="FEN TV" type="1" provider="Bulsatcom" onid="1" tsid="4" namespace="0x01860000" />
        <service id="0x004d" sid="77" name="Folklor TV" type="1" provider="Bulsatcom" onid="1" tsid="4" namespace="0x01860000" />
        <service id="0x004c" sid="76" name="FOX" type="1" provider="Bulsatcom" onid="1" tsid="4" namespace="0x01860000" />
        <service id="0x007a" sid="122" name="ID Xtra" type="1" provider="Bulsatcom" onid="1" tsid="4" namespace="0x01860000" />
        <service id="0x00c9" sid="201" name="MAX sport 4" type="1" provider="Bulsatcom" onid="1" tsid="4" namespace="0x01860000" />
        <service id="0x003c" sid="60" name="Nick Jr" type="1" provider="Bulsatcom" onid="1" tsid="4" namespace="0x01860000" />
        <service id="0x006c" sid="108" name="Nickelodeon" type="1" provider="Bulsatcom" onid="1" tsid="4" namespace="0x01860000" />
        <service id="0x004e" sid="78" name="NovaNews" type="1" provider="Bulsatcom" onid="1" tsid="4" namespace="0x01860000" />
        <service id="0x005d" sid="93" name="Pink O TV" type="1" provider="Bulsatcom" onid="1" tsid="4" namespace="0x01860000" />
        <service id="0x0032" sid="50" name="Planeta Folk" type="1" provider="Bulsatcom" onid="1" tsid="4" namespace="0x01860000" />
        <service id="0x006f" sid="111" name="Viasat Explorer" type="1" provider="Bulsatcom" onid="1" tsid="4" namespace="0x01860000" />
      </transponder>
    </satellite>
    <satellite key="01860000:0005:0001" name="Sat-39E" namespace="0x01860000" position="39">
      <transponder key="01860000:0005:0001" frequency="12463000" symbol_rate="30000000" polarization="H" fec="4" system="0" modulation="0">
        <service id="0x003b" sid="59" name="bTV Action HD" type="25" provider="Bulsatcom" onid="1" tsid="5" namespace="0x01860000" />
        <service id="0x00cf" sid="207" name="bTV HD" type="25" provider="Bulsatcom" onid="1" tsid="5" namespace="0x01860000" />
        <service id="0x004b" sid="75" name="Cinemax" type="25" provider="Bulsatcom" onid="1" tsid="5" namespace="0x01860000" />
        <service id="0x004c" sid="76" name="Cinemax 2" type="25" provider="Bulsatcom" onid="1" tsid="5" namespace="0x01860000" />
        <service id="0x00cd" sid="205" name="Diema Sport 3 HD" type="25" provider="Bulsatcom" onid="1" tsid="5" namespace="0x01860000" />
        <service id="0x004a" sid="74" name="Docubox" type="22" provider="Bulsatcom" onid="1" tsid="5" namespace="0x01860000" />
        <service id="0x0036" sid="54" name="Ekids" type="22" provider="Bulsatcom" onid="1" tsid="5" namespace="0x01860000" />
        <service id="0x000a" sid="10" name="Eurosport HD" type="25" provider="Bulsatcom" onid="1" tsid="5" namespace="0x01860000" />
        <service id="0x008a" sid="138" name="FilmBox Extra" type="25" provider="Bulsatcom" onid="1" tsid="5" namespace="0x01860000" />
        <service id="0x00cb" sid="203" name="Hobby TV HD" type="25" provider="Bulsatcom" onid="1" tsid="5" namespace="0x01860000" />
        <service id="0x00cc" sid="204" name="National Geographic HD" type="25" provider="Bulsatcom" onid="1" tsid="5" namespace="0x01860000" />
        <service id="0x00d2" sid="210" name="NG Wild HD" type="25" provider="Bulsatcom" onid="1" tsid="5" namespace="0x01860000" />
        <service id="0x00d4" sid="212" name="Nova HD" type="25" provider="Bulsatcom" onid="1" tsid="5" namespace="0x01860000" />
        <service id="0x00ce" sid="206" name="Planeta HD" type="25" provider="Bulsatcom" onid="1" tsid="5" namespace="0x01860000" />
        <service id="0x0037" sid="55" name="Ring HD" type="25" provider="Bulsatcom" onid="1" tsid="5" namespace="0x01860000" />
      </transponder>
    </satellite>
    <satellite key="01860000:0006:0001" name="Sat-39E" namespace="0x01860000" position="39">
      <transponder key="01860000:0006:0001" frequency="12524000" symbol_rate="30000000" polarization="H" fec="5" system="0" modulation="0">
        <service id="0x0021" sid="33" name="Alfa TV" type="1" provider="Bulsatcom" onid="1" tsid="6" namespace="0x01860000" />
        <service id="0x0038" sid="56" name="AMC" type="1" provider="Bulsatcom" onid="1" tsid="6" namespace="0x01860000" />
        <service id="0x0025" sid="37" name="BG+" type="1" provider="Bulsatcom" onid="1" tsid="6" namespace="0x01860000" />
        <service id="0x004a" sid="74" name="BNT 4" type="1" provider="Bulsatcom" onid="1" tsid="6" namespace="0x01860000" />
        <service id="0x004f" sid="79" name="Discovery Science" type="1" provider="Bulsatcom" onid="1" tsid="6" namespace="0x01860000" />
        <service id="0x004b" sid="75" name="DM Sat" type="1" provider="Bulsatcom" onid="1" tsid="6" namespace="0x01860000" />
        <service id="0x003a" sid="58" name="Epic Drama" type="1" provider="Bulsatcom" onid="1" tsid="6" namespace="0x01860000" />
        <service id="0x0024" sid="36" name="Evil Angel" type="1" provider="Bulsatcom" onid="1" tsid="6" namespace="0x01860000" />
        <service id="0x0023" sid="35" name="Evrokom" type="1" provider="Bulsatcom" onid="1" tsid="6" namespace="0x01860000" />
        <service id="0x002f" sid="47" name="FilmBox Stars" type="1" provider="Bulsatcom" onid="1" tsid="6" namespace="0x01860000" />
        <service id="0x001f" sid="31" name="HGTV" type="1" provider="Bulsatcom" onid="1" tsid="6" namespace="0x01860000" />
        <service id="0x0022" sid="34" name="MAX sport 3" type="1" provider="Bulsatcom" onid="1" tsid="6" namespace="0x01860000" />
        <service id="0x0020" sid="32" name="Mezzo" type="1" provider="Bulsatcom" onid="1" tsid="6" namespace="0x01860000" />
        <service id="0x004e" sid="78" name="Movie Star" type="1" provider="Bulsatcom" onid="1" tsid="6" namespace="0x01860000" />
        <service id="0x001e" sid="30" name="Nick Toons" type="1" provider="Bulsatcom" onid="1" tsid="6" namespace="0x01860000" />
        <service id="0x0027" sid="39" name="Passion XXX2" type="1" provider="Bulsatcom" onid="1" tsid="6" namespace="0x01860000" />
        <service id="0x002e" sid="46" name="TDC" type="1" provider="Bulsatcom" onid="1" tsid="6" namespace="0x01860000" />
        <service id="0x004d" sid="77" name="Travel Channel" type="1" provider="Bulsatcom" onid="1" tsid="6" namespace="0x01860000" />
        <service id="0x004c" sid="76" name="TV1000" type="1" provider="Bulsatcom" onid="1" tsid="6" namespace="0x01860000" />
        <service id="0x0026" sid="38" name="Vivid" type="1" provider="Bulsatcom" onid="1" tsid="6" namespace="0x01860000" />
      </transponder>
    </satellite>
    <satellite key="01860000:0007:0001" name="Sat-39E" namespace="0x01860000" position="39">
      <transponder key="01860000:0007:0001" frequency="12565000" symbol_rate="30000000" polarization="H" fec="4" system="0" modulation="0">
        <service id="0x02c2" sid="706" name="BNT 3 HD" type="25" provider="Bulsatcom" onid="1" tsid="7" namespace="0x01860000" />
        <service id="0x02d0" sid="720" name="Bulgaria 24" type="22" provider="Bulsatcom" onid="1" tsid="7" namespace="0x01860000" />
        <service id="0x02be" sid="702" name="Diema Sport 2 HD" type="25" provider="Bulsatcom" onid="1" tsid="7" namespace="0x01860000" />
        <service id="0x02bd" sid="701" name="Diema Sport HD" type="25" provider="Bulsatcom" onid="1" tsid="7" namespace="0x01860000" />
        <service id="0x02c8" sid="712" name="Food Network" type="22" provider="Bulsatcom" onid="1" tsid="7" namespace="0x01860000" />
        <service id="0x02d1" sid="721" name="H2" type="22" provider="Bulsatcom" onid="1" tsid="7" namespace="0x01860000" />
        <service id="0x02d2" sid="722" name="HBO" type="25" provider="Bulsatcom" onid="1" tsid="7" namespace="0x01860000" />
        <service id="0x02d3" sid="723" name="HBO 2" type="25" provider="Bulsatcom" onid="1" tsid="7" namespace="0x01860000" />
        <service id="0x02d4" sid="724" name="HBO 3" type="25" provider="Bulsatcom" onid="1" tsid="7" namespace="0x01860000" />
        <service id="0x02c4" sid="708" name="Love Nature HD" type="25" provider="Bulsatcom" onid="1" tsid="7" namespace="0x01860000" />
        <service id="0x02bf" sid="703" name="MAX Sport 1 HD" type="25" provider="Bulsatcom" onid="1" tsid="7" namespace="0x01860000" />
        <service id="0x02c0" sid="704" name="MAX Sport 2 HD" type="25" provider="Bulsatcom" onid="1" tsid="7" namespace="0x01860000" />
        <service id="0x02c1" sid="705" name="MAX Sport 3 HD" type="25" provider="Bulsatcom" onid="1" tsid="7" namespace="0x01860000" />
        <service id="0x02c3" sid="707" name="MAX Sport 4 HD" type="25" provider="Bulsatcom" onid="1" tsid="7" namespace="0x01860000" />
        <service id="0x02cf" sid="719" name="MTV 00s" type="22" provider="Bulsatcom" onid="1" tsid="7" namespace="0x01860000" />
        <service id="0x02ce" sid="718" name="MTV 80s" type="22" provider="Bulsatcom" onid="1" tsid="7" namespace="0x01860000" />
        <service id="0x02c9" sid="713" name="Super Toons" type="22" provider="Bulsatcom" onid="1" tsid="7" namespace="0x01860000" />
        <service id="0x02c7" sid="711" name="The World" type="22" provider="Bulsatcom" onid="1" tsid="7" namespace="0x01860000" />
        <service id="0x02c5" sid="709" name="Travelxp HD" type="25" provider="Bulsatcom" onid="1" tsid="7" namespace="0x01860000" />
      </transponder>
    </satellite>
    <satellite key="01860000:000d:001c" name="Sat-39E" namespace="0x01860000" position="39">
      <transponder key="01860000:000d:001c" frequency="12524000" symbol_rate="30000000" polarization="V" fec="5" system="0" modulation="0">
        <service id="0x005c" sid="92" name="Bang U" type="1" provider="" onid="28" tsid="13" namespace="0x01860000" />
        <service id="0x005e" sid="94" name="Boomerang" type="1" provider="" onid="28" tsid="13" namespace="0x01860000" />
        <service id="0x01c8" sid="456" name="Cinemax" type="1" provider="" onid="28" tsid="13" namespace="0x01860000" />
        <service id="0x008d" sid="141" name="Diva Universal" type="1" provider="" onid="28" tsid="13" namespace="0x01860000" />
        <service id="0x00fc" sid="252" name="Epic Drama" type="1" provider="" onid="28" tsid="13" namespace="0x01860000" />
        <service id="0x002c" sid="44" name="Happy Channel" type="1" provider="" onid="28" tsid="13" namespace="0x01860000" />
        <service id="0x00be" sid="190" name="Kanal D" type="1" provider="" onid="28" tsid="13" namespace="0x01860000" />
        <service id="0x002e" sid="46" name="Look Sport Plus" type="1" provider="" onid="28" tsid="13" namespace="0x01860000" />
        <service id="0x00d1" sid="209" name="Nat Geo People" type="1" provider="" onid="28" tsid="13" namespace="0x01860000" />
        <service id="0x008b" sid="139" name="Penthouse Quickies" type="1" provider="" onid="28" tsid="13" namespace="0x01860000" />
        <service id="0x00e1" sid="225" name="Telekom Sport 1" type="1" provider="Dolce" onid="28" tsid="13" namespace="0x01860000" />
        <service id="0x00f5" sid="245" name="Telekom Sport 1" type="1" provider="" onid="28" tsid="13" namespace="0x01860000" />
        <service id="0x00c7" sid="199" name="Travel XP" type="1" provider="" onid="28" tsid="13" namespace="0x01860000" />
        <service id="0x007d" sid="125" name="TVR 1" type="1" provider="" onid="28" tsid="13" namespace="0x01860000" />
        <service id="0x007e" sid="126" name="TVR 2" type="1" provider="" onid="28" tsid="13" namespace="0x01860000" />
        <service id="0x011e" sid="286" name="ZU TV" type="1" provider="" onid="28" tsid="13" namespace="0x01860000" />
        <service id="0x01f4" sid="500" name="Radio Itsy Bitsy" type="2" provider="" onid="28" tsid="13" namespace="0x01860000" radio="1" />
        <service id="0x01f5" sid="501" name="RADIO-Radio Test 2" type="2" provider="" onid="28" tsid="13" namespace="0x01860000" radio="1" />
      </transponder>
    </satellite>
    <satellite key="01860000:000e:001c" name="Sat-39E" namespace="0x01860000" position="39">
      <transponder key="01860000:000e:001c" frequency="12565000" symbol_rate="30000000" polarization="V" fec="5" system="0" modulation="0">
        <service id="0x0029" sid="41" name="Antena 1" type="1" provider="" onid="28" tsid="14" namespace="0x01860000" />
        <service id="0x002b" sid="43" name="Antena 3" type="1" provider="" onid="28" tsid="14" namespace="0x01860000" />
        <service id="0x002a" sid="42" name="Antena Stars" type="1" provider="" onid="28" tsid="14" namespace="0x01860000" />
        <service id="0x002d" sid="45" name="AXN" type="1" provider="" onid="28" tsid="14" namespace="0x01860000" />
        <service id="0x006a" sid="106" name="B1" type="1" provider="" onid="28" tsid="14" namespace="0x01860000" />
        <service id="0x00da" sid="218" name="Disney Channel" type="1" provider="" onid="28" tsid="14" namespace="0x01860000" />
        <service id="0x006d" sid="109" name="Disney Junior" type="1" provider="" onid="28" tsid="14" namespace="0x01860000" />
        <service id="0x006c" sid="108" name="Favorit TV" type="1" provider="" onid="28" tsid="14" namespace="0x01860000" />
        <service id="0x00f0" sid="240" name="LookSport" type="1" provider="" onid="28" tsid="14" namespace="0x01860000" />
        <service id="0x006f" sid="111" name="National TV" type="1" provider="" onid="28" tsid="14" namespace="0x01860000" />
        <service id="0x013a" sid="314" name="Penthouse Passion" type="1" provider="" onid="28" tsid="14" namespace="0x01860000" />
        <service id="0x002f" sid="47" name="Prima TV" type="1" provider="" onid="28" tsid="14" namespace="0x01860000" />
        <service id="0x00a7" sid="167" name="PRO 2" type="1" provider="" onid="28" tsid="14" namespace="0x01860000" />
        <service id="0x00a8" sid="168" name="PRO TV" type="1" provider="" onid="28" tsid="14" namespace="0x01860000" />
        <service id="0x004d" sid="77" name="Realitatea Plus TV" type="1" provider="" onid="28" tsid="14" namespace="0x01860000" />
      </transponder>
    </satellite>
    <satellite key="01860000:000f:001c" name="Sat-39E" namespace="0x01860000" position="39">
      <transponder key="01860000:000f:001c" frequency="12175000" symbol_rate="30000000" polarization="V" fec="5" system="0" modulation="0">
        <service id="0x005d" sid="93" name="Babes TV" type="1" provider="" onid="28" tsid="15" namespace="0x01860000" />
        <service id="0x008f" sid="143" name="Brazzers TV" type="1" provider="" onid="28" tsid="15" namespace="0x01860000" />
        <service id="0x010b" sid="267" name="Crime &amp; Investigations" type="1" provider="" onid="28" tsid="15" namespace="0x01860000" />
        <service id="0x00c9" sid="201" name="Docubox" type="1" provider="" onid="28" tsid="15" namespace="0x01860000" />
        <service id="0x010a" sid="266" name="E! Entertainment" type="1" provider="" onid="28" tsid="15" namespace="0x01860000" />
        <service id="0x00d2" sid="210" name="ERDELY TV" type="1" provider="" onid="28" tsid="15" namespace="0x01860000" />
        <service id="0x00a4" sid="164" name="Fashion TV" type="1" provider="" onid="28" tsid="15" namespace="0x01860000" />
        <service id="0x00ca" sid="202" name="Fightbox" type="1" provider="" onid="28" tsid="15" namespace="0x01860000" />
        <service id="0x00dd" sid="221" name="Nickelodeon" type="1" provider="" onid="28" tsid="15" namespace="0x01860000" />
        <service id="0x005b" sid="91" name="Reality Kings" type="1" provider="" onid="28" tsid="15" namespace="0x01860000" />
        <service id="0x013f" sid="319" name="Story 4" type="1" provider="" onid="28" tsid="15" namespace="0x01860000" />
        <service id="0x00c8" sid="200" name="TDC" type="1" provider="" onid="28" tsid="15" namespace="0x01860000" />
        <service id="0x0038" sid="56" name="Telekom Sport 3" type="1" provider="" onid="28" tsid="15" namespace="0x01860000" />
        <service id="0x018b" sid="395" name="Telekom Sport 3" type="1" provider="" onid="28" tsid="15" namespace="0x01860000" />
        <service id="0x00de" sid="222" name="Telekom Sport 4" type="1" provider="" onid="28" tsid="15" namespace="0x01860000" />
        <service id="0x018c" sid="396" name="Telekom Sport 4" type="1" provider="" onid="28" tsid="15" namespace="0x01860000" />
        <service id="0x00f1" sid="241" name="TV Paprika" type="1" provider="" onid="28" tsid="15" namespace="0x01860000" />
        <service id="0x00f3" sid="243" name="Viasat Explore" type="1" provider="" onid="28" tsid="15" namespace="0x01860000" />
      </transponder>
    </satellite>
    <satellite key="01860000:0010:001c" name="Sat-39E" namespace="0x01860000" position="39">
      <transponder key="01860000:0010:001c" frequency="12647000" symbol_rate="30000000" polarization="V" fec="5" system="0" modulation="0">
        <service id="0x014e" sid="334" name="Aleph News" type="1" provider="" onid="28" tsid="16" namespace="0x01860000" />
        <service id="0x00a2" sid="162" name="AXN Black" type="1" provider="" onid="28" tsid="16" namespace="0x01860000" />
        <service id="0x00a1" sid="161" name="AXN White" type="1" provider="" onid="28" tsid="16" namespace="0x01860000" />
        <service id="0x00e0" sid="224" name="Cartoon Network" type="1" provider="" onid="28" tsid="16" namespace="0x01860000" />
        <service id="0x009d" sid="157" name="Cinemax 2" type="1" provider="" onid="28" tsid="16" namespace="0x01860000" />
        <service id="0x004a" sid="74" name="Duck TV" type="1" provider="" onid="28" tsid="16" namespace="0x01860000" />
        <service id="0x00d6" sid="214" name="FilmBox Premium" type="1" provider="" onid="28" tsid="16" namespace="0x01860000" />
        <service id="0x00c2" sid="194" name="HBO 2" type="1" provider="Dolce" onid="28" tsid="16" namespace="0x01860000" />
        <service id="0x006b" sid="107" name="Hustler TV" type="1" provider="" onid="28" tsid="16" namespace="0x01860000" />
        <service id="0x007c" sid="124" name="Kiss TV" type="1" provider="" onid="28" tsid="16" namespace="0x01860000" />
        <service id="0x00cc" sid="204" name="LookSport 3" type="1" provider="" onid="28" tsid="16" namespace="0x01860000" />
        <service id="0x00db" sid="219" name="Magic TV" type="1" provider="" onid="28" tsid="16" namespace="0x01860000" />
        <service id="0x00c6" sid="198" name="Nat Geo" type="1" provider="" onid="28" tsid="16" namespace="0x01860000" />
        <service id="0x0053" sid="83" name="Penthouse Gold" type="1" provider="" onid="28" tsid="16" namespace="0x01860000" />
        <service id="0x00d5" sid="213" name="Sport Extra" type="1" provider="" onid="28" tsid="16" namespace="0x01860000" />
        <service id="0x00df" sid="223" name="Warner TV" type="1" provider="" onid="28" tsid="16" namespace="0x01860000" />
      </transponder>
    </satellite>
    <satellite key="01860000:0011:001c" name="Sat-39E" namespace="0x01860000" position="39">
      <transponder key="01860000:0011:001c" frequency="12688000" symbol_rate="30000000" polarization="V" fec="5" system="0" modulation="0">
        <service id="0x008b" sid="139" name="CNN" type="1" provider="" onid="28" tsid="17" namespace="0x01860000" />
        <service id="0x00d3" sid="211" name="Etno" type="1" provider="" onid="28" tsid="17" namespace="0x01860000" />
        <service id="0x01c7" sid="455" name="HBO" type="1" provider="" onid="28" tsid="17" namespace="0x01860000" />
        <service id="0x019f" sid="415" name="HBO 3" type="1" provider="" onid="28" tsid="17" namespace="0x01860000" />
        <service id="0x00a9" sid="169" name="MTV" type="1" provider="" onid="28" tsid="17" namespace="0x01860000" />
        <service id="0x005a" sid="90" name="Nasul TV" type="1" provider="" onid="28" tsid="17" namespace="0x01860000" />
        <service id="0x004b" sid="75" name="PRO CINEMA" type="1" provider="" onid="28" tsid="17" namespace="0x01860000" />
        <service id="0x005c" sid="92" name="PRO GOLD" type="1" provider="" onid="28" tsid="17" namespace="0x01860000" />
        <service id="0x004c" sid="76" name="PRO X" type="1" provider="" onid="28" tsid="17" namespace="0x01860000" />
        <service id="0x008c" sid="140" name="Romania TV" type="1" provider="" onid="28" tsid="17" namespace="0x01860000" />
        <service id="0x00d4" sid="212" name="Taraf" type="1" provider="" onid="28" tsid="17" namespace="0x01860000" />
        <service id="0x016d" sid="365" name="TeenNick" type="1" provider="" onid="28" tsid="17" namespace="0x01860000" />
        <service id="0x004d" sid="77" name="Telekom Sport 2" type="1" provider="Dolce" onid="28" tsid="17" namespace="0x01860000" />
        <service id="0x0057" sid="87" name="Telekom Sport 2" type="1" provider="" onid="28" tsid="17" namespace="0x01860000" />
        <service id="0x00e2" sid="226" name="Trinitas TV" type="1" provider="" onid="28" tsid="17" namespace="0x01860000" />
        <service id="0x00e7" sid="231" name="TV5 Monde" type="1" provider="" onid="28" tsid="17" namespace="0x01860000" />
        <service id="0x00e8" sid="232" name="TVR 3" type="1" provider="" onid="28" tsid="17" namespace="0x01860000" />
        <service id="0x01f6" sid="502" name="RADIO-Radio Test 3" type="2" provider="" onid="28" tsid="17" namespace="0x01860000" radio="1" />
      </transponder>
    </satellite>
    <satellite key="01860000:0012:001c" name="Sat-39E" namespace="0x01860000" position="39">
      <transponder key="01860000:0012:001c" frequency="12406000" symbol_rate="30000000" polarization="V" fec="5" system="0" modulation="0">
        <service id="0x0030" sid="48" name="" type="1" provider="" onid="28" tsid="18" namespace="0x01860000" />
        <service id="0x00ba" sid="186" name="Agro TV" type="1" provider="" onid="28" tsid="18" namespace="0x01860000" />
        <service id="0x007b" sid="123" name="AXN Spin" type="1" provider="" onid="28" tsid="18" namespace="0x01860000" />
        <service id="0x009c" sid="156" name="Cinemax" type="1" provider="" onid="28" tsid="18" namespace="0x01860000" />
        <service id="0x008a" sid="138" name="Classica TV" type="1" provider="" onid="28" tsid="18" namespace="0x01860000" />
        <service id="0x008f" sid="143" name="Comedy Central" type="1" provider="" onid="28" tsid="18" namespace="0x01860000" />
        <service id="0x00d7" sid="215" name="Filmbox" type="1" provider="" onid="28" tsid="18" namespace="0x01860000" />
        <service id="0x007e" sid="126" name="History" type="1" provider="" onid="28" tsid="18" namespace="0x01860000" />
        <service id="0x00cb" sid="203" name="LookSport 2" type="1" provider="" onid="28" tsid="18" namespace="0x01860000" />
        <service id="0x007f" sid="127" name="Minimax" type="1" provider="" onid="28" tsid="18" namespace="0x01860000" />
        <service id="0x0051" sid="81" name="Mooz Ro" type="1" provider="" onid="28" tsid="18" namespace="0x01860000" />
        <service id="0x0058" sid="88" name="Mooz Ro" type="1" provider="" onid="28" tsid="18" namespace="0x01860000" />
        <service id="0x00cd" sid="205" name="Nat Geo Wild" type="1" provider="" onid="28" tsid="18" namespace="0x01860000" />
        <service id="0x0050" sid="80" name="Rock TV" type="1" provider="" onid="28" tsid="18" namespace="0x01860000" />
        <service id="0x012d" sid="301" name="TV 1000" type="1" provider="" onid="28" tsid="18" namespace="0x01860000" />
        <service id="0x014d" sid="333" name="TV4" type="1" provider="" onid="28" tsid="18" namespace="0x01860000" />
        <service id="0x012f" sid="303" name="Viasat History" type="1" provider="" onid="28" tsid="18" namespace="0x01860000" />
        <service id="0x0052" sid="82" name="Viasat Nature" type="1" provider="" onid="28" tsid="18" namespace="0x01860000" />
      </transponder>
    </satellite>
    <satellite key="01860000:0037:0001" name="Sat-39E" namespace="0x01860000" position="39">
      <transponder key="01860000:0037:0001" frequency="12604000" symbol_rate="4165000" polarization="V" fec="2" system="0" modulation="0">
        <service id="0x03ea" sid="1002" name="Nick Junior BG" type="1" provider="DGB2" onid="1" tsid="55" namespace="0x01860000" />
        <service id="0x03eb" sid="1003" name="Nick Toons BG" type="1" provider="DGB2" onid="1" tsid="55" namespace="0x01860000" />
        <service id="0x03e9" sid="1001" name="Nickelodeon BG" type="1" provider="DGB2" onid="1" tsid="55" namespace="0x01860000" />
      </transponder>
    </satellite>
    <satellite key="01860000:00b1:039e" name="Sat-39E" namespace="0x01860000" position="39">
      <transponder key="01860000:00b1:039e" frequency="12117000" symbol_rate="30000000" polarization="H" fec="4" system="0" modulation="0">
        <service id="0x0039" sid="57" name="Al Jazeera" type="31" provider="A1 BG" onid="926" tsid="177" namespace="0x01860000" />
        <service id="0x005a" sid="90" name="Alfa" type="31" provider="A1 BG" onid="926" tsid="177" namespace="0x01860000" />
        <service id="0x003b" sid="59" name="Armenia TV" type="31" provider="A1 BG" onid="926" tsid="177" namespace="0x01860000" />
        <service id="0x004b" sid="75" name="Bloomberg TV Bulgaria" type="31" provider="A1 BG" onid="926" tsid="177" namespace="0x01860000" />
        <service id="0x006e" sid="110" name="BNT 1 HD" type="31" provider="A1 BG" onid="926" tsid="177" namespace="0x01860000" />
        <service id="0x0036" sid="54" name="BNT 2" type="31" provider="A1 BG" onid="926" tsid="177" namespace="0x01860000" />
        <service id="0x002d" sid="45" name="BNT 3 HD" type="31" provider="A1 BG" onid="926" tsid="177" namespace="0x01860000" />
        <service id="0x004c" sid="76" name="BNT 4" type="31" provider="A1 BG" onid="926" tsid="177" namespace="0x01860000" />
        <service id="0x004d" sid="77" name="Box TV" type="31" provider="A1 BG" onid="926" tsid="177" namespace="0x01860000" />
        <service id="0x004e" sid="78" name="bTV Cinema HD" type="31" provider="A1 BG" onid="926" tsid="177" namespace="0x01860000" />
        <service id="0x004f" sid="79" name="bTV Comedy HD" type="31" provider="A1 BG" onid="926" tsid="177" namespace="0x01860000" />
        <service id="0x007a" sid="122" name="bTV Lady HD" type="31" provider="A1 BG" onid="926" tsid="177" namespace="0x01860000" />
        <service id="0x0037" sid="55" name="Bulgaria 24" type="31" provider="A1 BG" onid="926" tsid="177" namespace="0x01860000" />
        <service id="0x004a" sid="74" name="Cinemania" type="31" provider="A1 BG" onid="926" tsid="177" namespace="0x01860000" />
        <service id="0x006b" sid="107" name="Code Fashion" type="31" provider="A1 BG" onid="926" tsid="177" namespace="0x01860000" />
        <service id="0x006a" sid="106" name="Detskii Mir/Teleclub" type="31" provider="A1 BG" onid="926" tsid="177" namespace="0x01860000" />
        <service id="0x002f" sid="47" name="Diema" type="31" provider="A1 BG" onid="926" tsid="177" namespace="0x01860000" />
        <service id="0x007b" sid="123" name="Discovery Channel" type="31" provider="A1 BG" onid="926" tsid="177" namespace="0x01860000" />
        <service id="0x0031" sid="49" name="Eurosport 1" type="31" provider="A1 BG" onid="926" tsid="177" namespace="0x01860000" />
        <service id="0x005b" sid="91" name="Eurosport 2" type="31" provider="A1 BG" onid="926" tsid="177" namespace="0x01860000" />
        <service id="0x007e" sid="126" name="FilmBox Arthouse" type="31" provider="A1 BG" onid="926" tsid="177" namespace="0x01860000" />
        <service id="0x007f" sid="127" name="FilmBox Plus" type="31" provider="A1 BG" onid="926" tsid="177" namespace="0x01860000" />
        <service id="0x002b" sid="43" name="HBO 3 HD" type="31" provider="A1 BG" onid="926" tsid="177" namespace="0x01860000" />
        <service id="0x002c" sid="44" name="HBO HD" type="31" provider="A1 BG" onid="926" tsid="177" namespace="0x01860000" />
        <service id="0x0029" sid="41" name="Max Sport 1 HD" type="31" provider="A1 BG" onid="926" tsid="177" namespace="0x01860000" />
        <service id="0x002a" sid="42" name="Max Sport 2 HD" type="31" provider="A1 BG" onid="926" tsid="177" namespace="0x01860000" />
        <service id="0x002e" sid="46" name="Max Sport 3 HD" type="31" provider="A1 BG" onid="926" tsid="177" namespace="0x01860000" />
        <service id="0x0030" sid="48" name="MAX Sport 4 HD" type="31" provider="A1 BG" onid="926" tsid="177" namespace="0x01860000" />
        <service id="0x006d" sid="109" name="MTV Hits" type="31" provider="A1 BG" onid="926" tsid="177" namespace="0x01860000" />
        <service id="0x006c" sid="108" name="Nashe Kino" type="31" provider="A1 GB" onid="926" tsid="177" namespace="0x01860000" />
        <service id="0x008a" sid="138" name="Nickelodeon" type="31" provider="A1 BG" onid="926" tsid="177" namespace="0x01860000" />
        <service id="0x006f" sid="111" name="Nova TV HD" type="31" provider="A1 BG" onid="926" tsid="177" namespace="0x01860000" />
        <service id="0x007c" sid="124" name="NTV Mir" type="31" provider="A1 BG" onid="926" tsid="177" namespace="0x01860000" />
        <service id="0x007d" sid="125" name="NTV Pravo" type="31" provider="A1 BG" onid="926" tsid="177" namespace="0x01860000" />
        <service id="0x003a" sid="58" name="NTV Serial" type="31" provider="A1 BG" onid="926" tsid="177" namespace="0x01860000" />
        <service id="0x005c" sid="92" name="NTV Style" type="31" provider="A1 BG" onid="926" tsid="177" namespace="0x01860000" />
        <service id="0x0038" sid="56" name="Ohota i ribalka" type="31" provider="A1 BG" onid="926" tsid="177" namespace="0x01860000" />
        <service id="0x0034" sid="52" name="Penthouse Passion/ Penthouse Gold" type="31" provider="A1 BG" onid="926" tsid="177" namespace="0x01860000" />
        <service id="0x008c" sid="140" name="Planeta Folk" type="31" provider="A1 BG" onid="926" tsid="177" namespace="0x01860000" />
        <service id="0x0033" sid="51" name="Planeta HD" type="31" provider="A1 BG" onid="926" tsid="177" namespace="0x01860000" />
        <service id="0x008d" sid="141" name="PTP planeta" type="31" provider="A1 BG" onid="926" tsid="177" namespace="0x01860000" />
        <service id="0x0035" sid="53" name="The Voice" type="31" provider="A1 BG" onid="926" tsid="177" namespace="0x01860000" />
        <service id="0x008f" sid="143" name="Tiankov TV" type="31" provider="A1 BG" onid="926" tsid="177" namespace="0x01860000" />
        <service id="0x008e" sid="142" name="TV Evropa" type="31" provider="A1 BG" onid="926" tsid="177" namespace="0x01860000" />
        <service id="0x005d" sid="93" name="UATV" type="31" provider="A1BG" onid="926" tsid="177" namespace="0x01860000" />
        <service id="0x005e" sid="94" name="Ukraina 24" type="31" provider="A1 BG" onid="926" tsid="177" namespace="0x01860000" />
        <service id="0x008b" sid="139" name="XY Plus" type="31" provider="A1 BG" onid="926" tsid="177" namespace="0x01860000" />
      </transponder>
    </satellite>
    <satellite key="01860000:00b2:039e" name="Sat-39E" namespace="0x01860000" position="39">
      <transponder key="01860000:00b2:039e" frequency="12137000" symbol_rate="30000000" polarization="V" fec="4" system="0" modulation="0">
        <service id="0x00d0" sid="208" name="7/8 TV HD" type="31" provider="A1 BG" onid="926" tsid="178" namespace="0x01860000" />
        <service id="0x00da" sid="218" name="Animal Planet" type="31" provider="A1 BG" onid="926" tsid="178" namespace="0x01860000" />
        <service id="0x00db" sid="219" name="AXN" type="31" provider="A1 BG" onid="926" tsid="178" namespace="0x01860000" />
        <service id="0x00dc" sid="220" name="AXN Black" type="31" provider="A1 BG" onid="926" tsid="178" namespace="0x01860000" />
        <service id="0x00dd" sid="221" name="AXN White" type="31" provider="A1 BG" onid="926" tsid="178" namespace="0x01860000" />
        <service id="0x00fa" sid="250" name="BHTV" type="31" provider="A1 BG" onid="926" tsid="178" namespace="0x01860000" />
        <service id="0x00cf" sid="207" name="BSTV" type="31" provider="A1 BG" onid="926" tsid="178" namespace="0x01860000" />
        <service id="0x00d6" sid="214" name="bTV Action HD" type="31" provider="A1 BG" onid="926" tsid="178" namespace="0x01860000" />
        <service id="0x00d5" sid="213" name="bTV HD" type="31" provider="A1 BG" onid="926" tsid="178" namespace="0x01860000" />
        <service id="0x00de" sid="222" name="Bulgaria On Air" type="31" provider="A1 BG" onid="926" tsid="178" namespace="0x01860000" />
        <service id="0x00ee" sid="238" name="Cartoon Network" type="31" provider="A1 BG" onid="926" tsid="178" namespace="0x01860000" />
        <service id="0x00cc" sid="204" name="Cinemax 2 HD" type="31" provider="A1 BG" onid="926" tsid="178" namespace="0x01860000" />
        <service id="0x00cb" sid="203" name="Cinemax HD" type="31" provider="A1 BG" onid="926" tsid="178" namespace="0x01860000" />
        <service id="0x00e2" sid="226" name="Code Health" type="31" provider="A1 BG" onid="926" tsid="178" namespace="0x01860000" />
        <service id="0x00df" sid="223" name="Crime &amp; Investigation" type="31" provider="A1 BG" onid="926" tsid="178" namespace="0x01860000" />
        <service id="0x00e3" sid="227" name="Diema Family" type="31" provider="A1 BG" onid="926" tsid="178" namespace="0x01860000" />
        <service id="0x00c9" sid="201" name="Diema Sport 2 HD" type="31" provider="A1 BG" onid="926" tsid="178" namespace="0x01860000" />
        <service id="0x00ca" sid="202" name="Diema Sport HD" type="31" provider="A1 BG" onid="926" tsid="178" namespace="0x01860000" />
        <service id="0x00f0" sid="240" name="DM Sat" type="31" provider="A1 BG" onid="926" tsid="178" namespace="0x01860000" />
        <service id="0x00f1" sid="241" name="Duck TV" type="31" provider="A1 BG" onid="926" tsid="178" namespace="0x01860000" />
        <service id="0x00e5" sid="229" name="DW" type="31" provider="A1 BG" onid="926" tsid="178" namespace="0x01860000" />
        <service id="0x00f2" sid="242" name="e-kids" type="31" provider="A1 BG" onid="926" tsid="178" namespace="0x01860000" />
        <service id="0x00d2" sid="210" name="EDGE HD" type="31" provider="A1 BG" onid="926" tsid="178" namespace="0x01860000" />
        <service id="0x00e6" sid="230" name="English Club" type="31" provider="A1 BG" onid="926" tsid="178" namespace="0x01860000" />
        <service id="0x00f7" sid="247" name="Evrokom HD" type="31" provider="A1 BG" onid="926" tsid="178" namespace="0x01860000" />
        <service id="0x00d3" sid="211" name="FilmBox Extra HD" type="31" provider="A1 BG" onid="926" tsid="178" namespace="0x01860000" />
        <service id="0x00f6" sid="246" name="Fix and Foxi" type="31" provider="A1 BG" onid="926" tsid="178" namespace="0x01860000" />
        <service id="0x00d7" sid="215" name="Fox" type="31" provider="A1 BG" onid="926" tsid="178" namespace="0x01860000" />
        <service id="0x00d8" sid="216" name="Fox Crime" type="31" provider="A1 BG" onid="926" tsid="178" namespace="0x01860000" />
        <service id="0x00d9" sid="217" name="Fox Life" type="31" provider="A1 BG" onid="926" tsid="178" namespace="0x01860000" />
        <service id="0x00f3" sid="243" name="France 24" type="31" provider="A1 BG" onid="926" tsid="178" namespace="0x01860000" />
        <service id="0x00e8" sid="232" name="History Channel" type="31" provider="A1 BG" onid="926" tsid="178" namespace="0x01860000" />
        <service id="0x00ed" sid="237" name="Hit Mix" type="31" provider="A1 BG" onid="926" tsid="178" namespace="0x01860000" />
        <service id="0x00e0" sid="224" name="Kino Nova" type="31" provider="A1 BG" onid="926" tsid="178" namespace="0x01860000" />
        <service id="0x00d1" sid="209" name="Mediaset" type="31" provider="A1 BG" onid="926" tsid="178" namespace="0x01860000" />
        <service id="0x00ec" sid="236" name="MTV 00s" type="31" provider="A1 BG" onid="926" tsid="178" namespace="0x01860000" />
        <service id="0x00e7" sid="231" name="MyZen" type="31" provider="A1 BG" onid="926" tsid="178" namespace="0x01860000" />
        <service id="0x00fb" sid="251" name="Nicktoons" type="31" provider="A1 BG" onid="926" tsid="178" namespace="0x01860000" />
        <service id="0x00f9" sid="249" name="Nova News HD" type="31" provider="A1 BG" onid="926" tsid="178" namespace="0x01860000" />
        <service id="0x00e4" sid="228" name="Pure Babes" type="31" provider="A1 BG" onid="926" tsid="178" namespace="0x01860000" />
        <service id="0x00e9" sid="233" name="Reality Kings TV" type="31" provider="A1 BG" onid="926" tsid="178" namespace="0x01860000" />
        <service id="0x00d4" sid="212" name="Stingray Classica HD" type="31" provider="A1 BG" onid="926" tsid="178" namespace="0x01860000" />
        <service id="0x00e1" sid="225" name="Super Toons" type="31" provider="A1 BG" onid="926" tsid="178" namespace="0x01860000" />
        <service id="0x00ea" sid="234" name="TLC" type="31" provider="A1 BG" onid="926" tsid="178" namespace="0x01860000" />
        <service id="0x00eb" sid="235" name="TravelXP" type="31" provider="A1 BG" onid="926" tsid="178" namespace="0x01860000" />
        <service id="0x00f5" sid="245" name="TV5 Monde" type="31" provider="A1 BG" onid="926" tsid="178" namespace="0x01860000" />
        <service id="0x00ce" sid="206" name="Viasat Epic Drama HD" type="31" provider="A1 BG" onid="926" tsid="178" namespace="0x01860000" />
        <service id="0x00cd" sid="205" name="Viasat History HD" type="31" provider="A1 BG" onid="926" tsid="178" namespace="0x01860000" />
      </transponder>
    </satellite>
    <satellite key="01860000:03f2:039e" name="Sat-39E" namespace="0x01860000" position="39">
      <transponder key="01860000:03f2:039e" frequency="10889000" symbol_rate="30000000" polarization="H" fec="4" system="0" modulation="0">
        <service id="0x080c" sid="2060" name="3 Plus" type="1" provider="Tring TV" onid="926" tsid="1010" namespace="0x01860000" />
        <service id="0x0cee" sid="3310" name="Desire" type="1" provider="Tring TV" onid="926" tsid="1010" namespace="0x01860000" />
        <service id="0x0d20" sid="3360" name="Elrodi" type="1" provider="Tring TV" onid="926" tsid="1010" namespace="0x01860000" />
        <service id="0x00f6" sid="246" name="FAX NEWS" type="1" provider="Tring TV" onid="926" tsid="1010" namespace="0x01860000" />
        <service id="0x0c58" sid="3160" name="Folk Plus" type="1" provider="Tring TV" onid="926" tsid="1010" namespace="0x01860000" />
        <service id="0x07da" sid="2010" name="Jolly HD" type="1" provider="Tring TV" onid="926" tsid="1010" namespace="0x01860000" />
        <service id="0x083e" sid="2110" name="KanalD Drama" type="1" provider="Tring TV" onid="926" tsid="1010" namespace="0x01860000" />
        <service id="0x064a" sid="1610" name="Kanali 7" type="1" provider="Tring TV" onid="926" tsid="1010" namespace="0x01860000" />
        <service id="0x01c8" sid="456" name="Klan HD" type="1" provider="Tring TV" onid="926" tsid="1010" namespace="0x01860000" />
        <service id="0x01a8" sid="424" name="Klan Kosova" type="1" provider="Tring TV" onid="926" tsid="1010" namespace="0x01860000" />
        <service id="0x00e2" sid="226" name="Klan Maqedonia" type="1" provider="Tring TV" onid="926" tsid="1010" namespace="0x01860000" />
        <service id="0x0e10" sid="3600" name="Klan News" type="1" provider="Tring TV" onid="926" tsid="1010" namespace="0x01860000" />
        <service id="0x01e8" sid="488" name="Klan Plus" type="1" provider="Tring TV" onid="926" tsid="1010" namespace="0x01860000" />
        <service id="0x0134" sid="308" name="Living HD" type="1" provider="Tring TV" onid="926" tsid="1010" namespace="0x01860000" />
        <service id="0x026a" sid="618" name="News 24" type="1" provider="Tring TV" onid="926" tsid="1010" namespace="0x01860000" />
        <service id="0x05e6" sid="1510" name="Report TV" type="1" provider="Tring TV" onid="926" tsid="1010" namespace="0x01860000" />
        <service id="0x0d52" sid="3410" name="RTSH" type="1" provider="Tring TV" onid="926" tsid="1010" namespace="0x01860000" />
        <service id="0x051e" sid="1310" name="RTV 21" type="1" provider="Tring TV" onid="926" tsid="1010" namespace="0x01860000" />
        <service id="0x016e" sid="366" name="Smile" type="1" provider="Tring TV" onid="926" tsid="1010" namespace="0x01860000" />
        <service id="0x0b2c" sid="2860" name="SPORT 1 HD" type="1" provider="Tring TV" onid="926" tsid="1010" namespace="0x01860000" />
        <service id="0x0b5e" sid="2910" name="SPORT 2 HD" type="1" provider="Tring TV" onid="926" tsid="1010" namespace="0x01860000" />
        <service id="0x0b90" sid="2960" name="SPORT 3 HD" type="1" provider="Tring TV" onid="926" tsid="1010" namespace="0x01860000" />
        <service id="0x0bc2" sid="3010" name="SPORT 4 HD" type="1" provider="Tring TV" onid="926" tsid="1010" namespace="0x01860000" />
        <service id="0x067c" sid="1660" name="Syri TV" type="1" provider="Tring TV" onid="926" tsid="1010" namespace="0x01860000" />
        <service id="0x02e8" sid="744" name="TIP TV" type="1" provider="Tring TV" onid="926" tsid="1010" namespace="0x01860000" />
        <service id="0x038a" sid="906" name="Tring Action HD" type="1" provider="Tring TV" onid="926" tsid="1010" namespace="0x01860000" />
        <service id="0x04ba" sid="1210" name="Tring Classic HD" type="1" provider="Tring TV" onid="926" tsid="1010" namespace="0x01860000" />
        <service id="0x0e7e" sid="3710" name="Tring Collection HD" type="1" provider="Tring TV" onid="926" tsid="1010" namespace="0x01860000" />
        <service id="0x096a" sid="2410" name="Tring Comedy" type="1" provider="Tring TV" onid="926" tsid="1010" namespace="0x01860000" />
        <service id="0x099c" sid="2460" name="Tring Fantasy" type="1" provider="Tring TV" onid="926" tsid="1010" namespace="0x01860000" />
        <service id="0x03aa" sid="938" name="Tring Life" type="1" provider="Tring TV" onid="926" tsid="1010" namespace="0x01860000" />
        <service id="0x0eb0" sid="3760" name="Tring Novelas HD" type="1" provider="Tring TV" onid="926" tsid="1010" namespace="0x01860000" />
        <service id="0x0a96" sid="2710" name="Tring Planet" type="1" provider="Tring TV" onid="926" tsid="1010" namespace="0x01860000" />
        <service id="0x08a2" sid="2210" name="Tring Shqip" type="1" provider="Tring TV" onid="926" tsid="1010" namespace="0x01860000" />
        <service id="0x0afa" sid="2810" name="Tring Sport News" type="1" provider="Tring TV" onid="926" tsid="1010" namespace="0x01860000" />
        <service id="0x08d4" sid="2260" name="Tring Super HD" type="1" provider="Tring TV" onid="926" tsid="1010" namespace="0x01860000" />
        <service id="0x06e0" sid="1760" name="Tring Tring" type="1" provider="Tring TV" onid="926" tsid="1010" namespace="0x01860000" />
        <service id="0x0ac8" sid="2760" name="Tring World" type="1" provider="Tring TV" onid="926" tsid="1010" namespace="0x01860000" />
        <service id="0x03f2" sid="1010" name="Vizion Plus HD" type="1" provider="Tring TV" onid="926" tsid="1010" namespace="0x01860000" />
        <service id="0x1b63" sid="7011" name="Radio Klan" type="2" provider="Tring TV" onid="926" tsid="1010" namespace="0x01860000" radio="1" />
      </transponder>
    </satellite>
    <satellite key="01860000:03fc:039e" name="Sat-39E" namespace="0x01860000" position="39">
      <transponder key="01860000:03fc:039e" frequency="10938000" symbol_rate="15835000" polarization="H" fec="2" system="0" modulation="0">
        <service id="0x05b4" sid="1460" name="ABC NEWS" type="1" provider="Tring TV" onid="926" tsid="1020" namespace="0x01860000" />
        <service id="0x0cbc" sid="3260" name="BBF" type="1" provider="Tring TV" onid="926" tsid="1020" namespace="0x01860000" />
        <service id="0x0c26" sid="3110" name="Bizzare" type="1" provider="Tring TV" onid="926" tsid="1020" namespace="0x01860000" />
        <service id="0x0c8a" sid="3210" name="Bunga Bunga" type="1" provider="Tring TV" onid="926" tsid="1020" namespace="0x01860000" />
        <service id="0x0de8" sid="3560" name="Canale 5" type="1" provider="Tring TV" onid="926" tsid="1020" namespace="0x01860000" />
        <service id="0x0bf4" sid="3060" name="Click TV" type="1" provider="Tring TV" onid="926" tsid="1020" namespace="0x01860000" />
        <service id="0x0a32" sid="2610" name="Club TV" type="1" provider="Tring TV" onid="926" tsid="1020" namespace="0x01860000" />
        <service id="0x0e4c" sid="3660" name="EuroNews AL" type="1" provider="Tring TV" onid="926" tsid="1020" namespace="0x01860000" />
        <service id="0x042c" sid="1068" name="IN TV" type="1" provider="Tring TV" onid="926" tsid="1020" namespace="0x01860000" />
        <service id="0x02c8" sid="712" name="Kids" type="1" provider="Tring TV" onid="926" tsid="1020" namespace="0x01860000" />
        <service id="0x0a00" sid="2560" name="Mediaset Italia" type="1" provider="Tring TV" onid="926" tsid="1020" namespace="0x01860000" />
        <service id="0x07a8" sid="1960" name="Muse" type="1" provider="Tring TV" onid="926" tsid="1020" namespace="0x01860000" />
        <service id="0x0fa0" sid="4000" name="Neser TV" type="1" provider="Tring TV" onid="926" tsid="1020" namespace="0x01860000" />
        <service id="0x0d84" sid="3460" name="Rai 1" type="1" provider="Tring TV" onid="926" tsid="1020" namespace="0x01860000" />
        <service id="0x04ba" sid="1210" name="RTK1" type="1" provider="Tring TV" onid="926" tsid="1020" namespace="0x01860000" />
        <service id="0x09ce" sid="2510" name="Tring Family HD" type="1" provider="Tring TV" onid="926" tsid="1020" namespace="0x01860000" />
        <service id="0x0a64" sid="2660" name="Tring History" type="1" provider="Tring TV" onid="926" tsid="1020" namespace="0x01860000" />
        <service id="0x06ae" sid="1710" name="Tring International" type="1" provider="Tring TV" onid="926" tsid="1020" namespace="0x01860000" />
      </transponder>
    </satellite>
    <satellite key="01860000:0b11:039e" name="Sat-39E" namespace="0x01860000" position="39">
      <transponder key="01860000:0b11:039e" frequency="12310000" symbol_rate="30000000" polarization="H" fec="4" system="0" modulation="0">
        <service id="0x045d" sid="1117" name="24 Kitchen" type="31" provider="A1 BG" onid="926" tsid="2833" namespace="0x01860000" />
        <service id="0x044d" sid="1101" name="Agro TV" type="31" provider="A1 BG" onid="926" tsid="2833" namespace="0x01860000" />
        <service id="0x045e" sid="1118" name="AMC Balkan" type="31" provider="A1 BG" onid="926" tsid="2833" namespace="0x01860000" />
        <service id="0x01c5" sid="453" name="Auto Motor Sport HD" type="31" provider="A1 BG" onid="926" tsid="2833" namespace="0x01860000" />
        <service id="0x01d7" sid="471" name="Baby TV" type="31" provider="A1 BG" onid="926" tsid="2833" namespace="0x01860000" />
        <service id="0x01d8" sid="472" name="BBC World" type="31" provider="A1 BG" onid="926" tsid="2833" namespace="0x01860000" />
        <service id="0x047d" sid="1149" name="BG+" type="31" provider="A1 BG" onid="926" tsid="2833" namespace="0x01860000" />
        <service id="0x01cd" sid="461" name="Bloomberg" type="31" provider="A1 BG" onid="926" tsid="2833" namespace="0x01860000" />
        <service id="0x01d9" sid="473" name="Boomerang" type="31" provider="A1 BG" onid="926" tsid="2833" namespace="0x01860000" />
        <service id="0x01d2" sid="466" name="BRAZZERS TV Europe" type="31" provider="A1 BG" onid="926" tsid="2833" namespace="0x01860000" />
        <service id="0x01ce" sid="462" name="CBS Reality" type="31" provider="A1 BG" onid="926" tsid="2833" namespace="0x01860000" />
        <service id="0x01cf" sid="463" name="City TV" type="31" provider="A1 BG" onid="926" tsid="2833" namespace="0x01860000" />
        <service id="0x01d0" sid="464" name="CNBC HD" type="31" provider="A1 BG" onid="926" tsid="2833" namespace="0x01860000" />
        <service id="0x01d1" sid="465" name="CNN" type="31" provider="A1 BG" onid="926" tsid="2833" namespace="0x01860000" />
        <service id="0x045f" sid="1119" name="Diema Sport 3 HD" type="31" provider="A1 BG" onid="926" tsid="2833" namespace="0x01860000" />
        <service id="0x047b" sid="1147" name="DSTV" type="31" provider="A1 BG" onid="926" tsid="2833" namespace="0x01860000" />
        <service id="0x01d3" sid="467" name="Erox" type="31" provider="A1 BG" onid="926" tsid="2833" namespace="0x01860000" />
        <service id="0x01c3" sid="451" name="EroXXX HD" type="31" provider="A1 BG" onid="926" tsid="2833" namespace="0x01860000" />
        <service id="0x01d4" sid="468" name="Euronews" type="31" provider="A1 BG" onid="926" tsid="2833" namespace="0x01860000" />
        <service id="0x01c8" sid="456" name="Fight Box HD" type="31" provider="A1 BG" onid="926" tsid="2833" namespace="0x01860000" />
        <service id="0x047c" sid="1148" name="Folklor TV" type="31" provider="A1 BG" onid="926" tsid="2833" namespace="0x01860000" />
        <service id="0x044f" sid="1103" name="HBO 2 HD" type="31" provider="A1 BG" onid="926" tsid="2833" namespace="0x01860000" />
        <service id="0x01ca" sid="458" name="HGTV HD" type="31" provider="A1 BG" onid="926" tsid="2833" namespace="0x01860000" />
        <service id="0x01db" sid="475" name="Jim Jam" type="31" provider="A1 BG" onid="926" tsid="2833" namespace="0x01860000" />
        <service id="0x01d5" sid="469" name="Lolly Kids/ Ruskii hit" type="31" provider="A1 BG" onid="926" tsid="2833" namespace="0x01860000" />
        <service id="0x046c" sid="1132" name="Magic TV" type="31" provider="A1 BG" onid="926" tsid="2833" namespace="0x01860000" />
        <service id="0x01dd" sid="477" name="MovieStar" type="31" provider="A1 BG" onid="926" tsid="2833" namespace="0x01860000" />
        <service id="0x045c" sid="1116" name="Nat Geo Wild" type="31" provider="A1 BG" onid="926" tsid="2833" namespace="0x01860000" />
        <service id="0x045b" sid="1115" name="National Geographic" type="31" provider="A1 BG" onid="926" tsid="2833" namespace="0x01860000" />
        <service id="0x01dc" sid="476" name="Nick Jr. Bulgarian" type="31" provider="A1 BG" onid="926" tsid="2833" namespace="0x01860000" />
        <service id="0x01c4" sid="452" name="NOSTALGIA" type="31" provider="A1 BG" onid="926" tsid="2833" namespace="0x01860000" />
        <service id="0x01c2" sid="450" name="Nova Sport HD" type="31" provider="A1 BG" onid="926" tsid="2833" namespace="0x01860000" />
        <service id="0x01de" sid="478" name="Perviy kanal (ORT)" type="31" provider="A1 BG" onid="926" tsid="2833" namespace="0x01860000" />
        <service id="0x01cb" sid="459" name="RING.BG HD" type="31" provider="A1 BG" onid="926" tsid="2833" namespace="0x01860000" />
        <service id="0x01df" sid="479" name="Rodina TV" type="31" provider="A1 BG" onid="926" tsid="2833" namespace="0x01860000" />
        <service id="0x047a" sid="1146" name="Rossia 24" type="31" provider="A1 BG" onid="926" tsid="2833" namespace="0x01860000" />
        <service id="0x01da" sid="474" name="SKAT" type="31" provider="A1 BG" onid="926" tsid="2833" namespace="0x01860000" />
        <service id="0x01cc" sid="460" name="Soul and Pepper HD" type="31" provider="A1 BG" onid="926" tsid="2833" namespace="0x01860000" />
        <service id="0x046a" sid="1130" name="TGCom24" type="31" provider="A1 BG" onid="926" tsid="2833" namespace="0x01860000" />
        <service id="0x01c6" sid="454" name="The World" type="31" provider="A1 BG" onid="926" tsid="2833" namespace="0x01860000" />
        <service id="0x01c7" sid="455" name="Travel TV" type="31" provider="A1 BG" onid="926" tsid="2833" namespace="0x01860000" />
        <service id="0x047f" sid="1151" name="TV 1" type="31" provider="A1 BG" onid="926" tsid="2833" namespace="0x01860000" />
        <service id="0x044e" sid="1102" name="TV+" type="31" provider="A1 BG" onid="926" tsid="2833" namespace="0x01860000" />
        <service id="0x047e" sid="1150" name="TV8 International" type="31" provider="A1 BG" onid="926" tsid="2833" namespace="0x01860000" />
        <service id="0x046d" sid="1133" name="Viasat Explore" type="31" provider="A1 BG" onid="926" tsid="2833" namespace="0x01860000" />
        <service id="0x046f" sid="1135" name="Viasat Nature" type="31" provider="A1 BG" onid="926" tsid="2833" namespace="0x01860000" />
        <service id="0x045a" sid="1114" name="Viasat TV 1000" type="31" provider="A1 BG" onid="926" tsid="2833" namespace="0x01860000" />
        <service id="0x01c9" sid="457" name="VTK" type="31" provider="A1 BG" onid="926" tsid="2833" namespace="0x01860000" />
        <service id="0x01d6" sid="470" name="Wness TV" type="31" provider="A1 BG" onid="926" tsid="2833" namespace="0x01860000" />
      </transponder>
    </satellite>
    <satellite key="01860000:146c:00a7" name="Sat-39E" namespace="0x01860000" position="39">
      <transponder key="01860000:146c:00a7" frequency="12252000" symbol_rate="30000000" polarization="V" fec="3" system="0" modulation="0">
        <service id="0x21fe" sid="8702" name="b1 HD" type="17" provider="Globecast" onid="167" tsid="5228" namespace="0x01860000" />
        <service id="0x0331" sid="817" name="PRO X HD" type="17" provider="Globecast" onid="167" tsid="5228" namespace="0x01860000" />
      </transponder>
    </satellite>
    <satellite key="01862cd2:0001:ffff" name="Sat-39E" namespace="0x01862cd2" position="39">
      <transponder key="01862cd2:0001:ffff" frequency="11474000" symbol_rate="4444000" polarization="H" fec="3" system="0" modulation="0">
        <service id="0x0001" sid="1" name="TANDBERG" type="1" provider="TANDBERG Television" onid="65535" tsid="1" namespace="0x01862cd2" />
      </transponder>
    </satellite>
    <satellite key="01862cf9:0000:0001" name="Sat-39E" namespace="0x01862cf9" position="39">
      <transponder key="01862cf9:0000:0001" frequency="11513000" symbol_rate="2141000" polarization="H" fec="4" system="0" modulation="0">
        <service id="0x0001" sid="1" name="Alsumaria TV" type="25" provider="Alsumaria TV" onid="1" tsid="0" namespace="0x01862cf9" />
      </transponder>
    </satellite>
    <satellite key="01862fef:0001:0001" name="Sat-39E" namespace="0x01862fef" position="39">
      <transponder key="01862fef:0001:0001" frequency="12271000" symbol_rate="30000000" polarization="H" fec="5" system="0" modulation="0">
        <service id="0x03eb" sid="1003" name="BNT 1" type="1" provider="Bulsatcom" onid="1" tsid="1" namespace="0x01862fef" />
        <service id="0x03f0" sid="1008" name="BNT 3" type="1" provider="Bulsatcom" onid="1" tsid="1" namespace="0x01862fef" />
        <service id="0x005e" sid="94" name="Boomerang" type="1" provider="Bulsatcom" onid="1" tsid="1" namespace="0x01862fef" />
        <service id="0x03ef" sid="1007" name="bTV" type="1" provider="Bulsatcom" onid="1" tsid="1" namespace="0x01862fef" />
        <service id="0x010b" sid="267" name="Crime &amp; Investigations" type="1" provider="Bulsatcom" onid="1" tsid="1" namespace="0x01862fef" />
        <service id="0x004e" sid="78" name="Da Vinci" type="1" provider="Bulsatcom" onid="1" tsid="1" namespace="0x01862fef" />
        <service id="0x046a" sid="1130" name="Diema" type="1" provider="Bulsatcom" onid="1" tsid="1" namespace="0x01862fef" />
        <service id="0x03ee" sid="1006" name="Diema Sport" type="1" provider="Bulsatcom" onid="1" tsid="1" namespace="0x01862fef" />
        <service id="0x03f8" sid="1016" name="Discovery Channel" type="1" provider="Bulsatcom" onid="1" tsid="1" namespace="0x01862fef" />
        <service id="0x03f6" sid="1014" name="Hobby TV" type="1" provider="Bulsatcom" onid="1" tsid="1" namespace="0x01862fef" />
        <service id="0x03f5" sid="1013" name="KinoNova" type="1" provider="Bulsatcom" onid="1" tsid="1" namespace="0x01862fef" />
        <service id="0x03ec" sid="1004" name="MagicTV" type="1" provider="Bulsatcom" onid="1" tsid="1" namespace="0x01862fef" />
        <service id="0x03f3" sid="1011" name="Nast. Vremya" type="1" provider="Bulsatcom" onid="1" tsid="1" namespace="0x01862fef" />
        <service id="0x03f4" sid="1012" name="NOVA" type="1" provider="Bulsatcom" onid="1" tsid="1" namespace="0x01862fef" />
        <service id="0x03ea" sid="1002" name="Planeta TV" type="1" provider="Bulsatcom" onid="1" tsid="1" namespace="0x01862fef" />
        <service id="0x03f7" sid="1015" name="The Voice" type="1" provider="Bulsatcom" onid="1" tsid="1" namespace="0x01862fef" />
        <service id="0x03f2" sid="1010" name="TV1" type="1" provider="Bulsatcom" onid="1" tsid="1" namespace="0x01862fef" />
        <service id="0x009c" sid="156" name="Viasat History" type="1" provider="Bulsatcom" onid="1" tsid="1" namespace="0x01862fef" />
        <service id="0x009d" sid="157" name="Viasat Nature" type="1" provider="Bulsatcom" onid="1" tsid="1" namespace="0x01862fef" />
      </transponder>
    </satellite>
    <satellite key="0186aa89:0000:0000" name="Sat-39E" namespace="0x0186aa89" position="39">
      <transponder key="0186aa89:0000:0000" frequency="10889000" symbol_rate="3703000" polarization="V" fec="1" system="0" modulation="0">
        <service id="0x000f" sid="15" name="Maritime" type="1" provider="" onid="0" tsid="0" namespace="0x0186aa89" />
      </transponder>
    </satellite>
    <satellite key="0186b0a9:0001:ffff" name="Sat-39E" namespace="0x0186b0a9" position="39">
      <transponder key="0186b0a9:0001:ffff" frequency="12457000" symbol_rate="4444000" polarization="V" fec="3" system="0" modulation="0">
        <service id="0x0001" sid="1" name="TANDBERG" type="1" provider="TANDBERG Television" onid="65535" tsid="1" namespace="0x0186b0a9" />
      </transponder>
    </satellite>
  </satellites>
</zapit>
