<?xml version='1.0' encoding='utf-8'?>
<zapit api="4">
  <satellites>
    <satellite key="00300000:0002:0055" name="Sat-4.8E" namespace="0x00300000" position="4.8">
      <transponder key="00300000:0002:0055" frequency="12379000" symbol_rate="27500000" polarization="H" fec="3" system="0" modulation="0">
        <service id="0x00d2" sid="210" name="ATG Live" type="1" provider="NSAB" onid="85" tsid="2" namespace="0x00300000" />
        <service id="0x010e" sid="270" name="Dozhd TV" type="1" provider="" onid="85" tsid="2" namespace="0x00300000" />
        <service id="0x007a" sid="122" name="DW-TV (Deutsche Welle)" type="1" provider="" onid="85" tsid="2" namespace="0x00300000" />
        <service id="0x0001" sid="1" name="GOD Europe" type="1" provider="" onid="85" tsid="2" namespace="0x00300000" />
        <service id="0x0044" sid="68" name="Kanal 75" type="1" provider="NSAB" onid="85" tsid="2" namespace="0x00300000" />
        <service id="0x00f0" sid="240" name="LTV World" type="1" provider="" onid="85" tsid="2" namespace="0x00300000" />
        <service id="0x00fa" sid="250" name="SonLife Broadcasting Network" type="1" provider="" onid="85" tsid="2" namespace="0x00300000" />
        <service id="0x00dc" sid="220" name="TV Centr International" type="1" provider="" onid="85" tsid="2" namespace="0x00300000" />
      </transponder>
    </satellite>
    <satellite key="00300000:0003:0056" name="Sat-4.8E" namespace="0x00300000" position="4.8">
      <transponder key="00300000:0003:0056" frequency="12054000" symbol_rate="27500000" polarization="V" fec="3" system="0" modulation="0">
        <service id="0x04ac" sid="1196" name="Boomerang" type="1" provider="Viasat" onid="86" tsid="3" namespace="0x00300000" />
        <service id="0x046a" sid="1130" name="Disney Junior Nordic" type="1" provider="Viasat" onid="86" tsid="3" namespace="0x00300000" />
        <service id="0x01ec" sid="492" name="TV 10 Sweden" type="1" provider="Viasat" onid="86" tsid="3" namespace="0x00300000" />
        <service id="0x01cc" sid="460" name="TV 3 Danmark" type="1" provider="Viasat" onid="86" tsid="3" namespace="0x00300000" />
        <service id="0x01c8" sid="456" name="TV 3 Norge" type="1" provider="Viasat" onid="86" tsid="3" namespace="0x00300000" />
        <service id="0x044c" sid="1100" name="TV 3 Sverige" type="1" provider="Viasat" onid="86" tsid="3" namespace="0x00300000" />
        <service id="0x01e8" sid="488" name="TV 6 Sweden" type="1" provider="Viasat" onid="86" tsid="3" namespace="0x00300000" />
        <service id="0x047e" sid="1150" name="Viasat Film Action" type="1" provider="Viasat" onid="86" tsid="3" namespace="0x00300000" />
        <service id="0x04ab" sid="1195" name="Viasat Film Family" type="1" provider="Viasat" onid="86" tsid="3" namespace="0x00300000" />
        <service id="0x01da" sid="474" name="Viasat Film Premiere" type="1" provider="Viasat" onid="86" tsid="3" namespace="0x00300000" />
      </transponder>
    </satellite>
    <satellite key="00300000:0004:0056" name="Sat-4.8E" namespace="0x00300000" position="4.8">
      <transponder key="00300000:0004:0056" frequency="11977000" symbol_rate="27500000" polarization="V" fec="4" system="0" modulation="0">
        <service id="0x0162" sid="354" name="3+ Denmark" type="1" provider="Viasat" onid="86" tsid="4" namespace="0x00300000" />
        <service id="0x015e" sid="350" name="BBC World News" type="1" provider="Viasat" onid="86" tsid="4" namespace="0x00300000" />
        <service id="0x016a" sid="362" name="MTV Nordic" type="1" provider="Viasat" onid="86" tsid="4" namespace="0x00300000" />
        <service id="0x083e" sid="2110" name="Playboy TV|  0h-4h CET" type="1" provider="Viasat" onid="86" tsid="4" namespace="0x00300000" />
        <service id="0x0176" sid="374" name="TV 4 Fakta" type="1" provider="Viasat" onid="86" tsid="4" namespace="0x00300000" />
        <service id="0x087a" sid="2170" name="TV6 Norge" type="1" provider="Viasat" onid="86" tsid="4" namespace="0x00300000" />
        <service id="0x037d" sid="893" name="VH-1 Classic|  Time sharing" type="1" provider="Viasat" onid="86" tsid="4" namespace="0x00300000" />
        <service id="0x016e" sid="366" name="Viasat 4" type="1" provider="Viasat" onid="86" tsid="4" namespace="0x00300000" />
        <service id="0x085c" sid="2140" name="Viasat Hockey" type="1" provider="Viasat" onid="86" tsid="4" namespace="0x00300000" />
        <service id="0x088e" sid="2190" name="Viasat Sport Premium" type="1" provider="Viasat" onid="86" tsid="4" namespace="0x00300000" />
        <service id="0x0156" sid="342" name="Viasat Sport Sverige" type="1" provider="Viasat" onid="86" tsid="4" namespace="0x00300000" />
      </transponder>
    </satellite>
    <satellite key="00300000:0005:0056" name="Sat-4.8E" namespace="0x00300000" position="4.8">
      <transponder key="00300000:0005:0056" frequency="12034000" symbol_rate="27500000" polarization="H" fec="4" system="0" modulation="0">
        <service id="0x0c44" sid="3140" name="Comedy Central Nordic" type="1" provider="Viasat" onid="86" tsid="5" namespace="0x00300000" />
        <service id="0x0c6c" sid="3180" name="Disney Channel Nordic" type="1" provider="Viasat" onid="86" tsid="5" namespace="0x00300000" />
        <service id="0x0c76" sid="3190" name="Disney XD Nordic" type="1" provider="Viasat" onid="86" tsid="5" namespace="0x00300000" />
        <service id="0x0c1c" sid="3100" name="E! Entertainment TV Nordic" type="1" provider="Viasat" onid="86" tsid="5" namespace="0x00300000" />
        <service id="0x0c62" sid="3170" name="National Geographic Denmark" type="1" provider="Viasat" onid="86" tsid="5" namespace="0x00300000" />
        <service id="0x0c58" sid="3160" name="Nickelodeon Sweden" type="1" provider="Viasat" onid="86" tsid="5" namespace="0x00300000" />
        <service id="0x0c4e" sid="3150" name="TV4 Komedi" type="1" provider="Viasat" onid="86" tsid="5" namespace="0x00300000" />
        <service id="0x0c30" sid="3120" name="Viasat Film Comedy" type="1" provider="Viasat" onid="86" tsid="5" namespace="0x00300000" />
        <service id="0x0c3a" sid="3130" name="Viasat Film Hits" type="1" provider="Viasat" onid="86" tsid="5" namespace="0x00300000" />
        <service id="0x0c26" sid="3110" name="Viasat Series" type="1" provider="Viasat" onid="86" tsid="5" namespace="0x00300000" />
      </transponder>
    </satellite>
    <satellite key="00300000:0006:0056" name="Sat-4.8E" namespace="0x00300000" position="4.8">
      <transponder key="00300000:0006:0056" frequency="11996000" symbol_rate="27500000" polarization="H" fec="3" system="0" modulation="0">
        <service id="0x0fdc" sid="4060" name="GOD Europe" type="1" provider="" onid="86" tsid="6" namespace="0x00300000" />
        <service id="0x0fd2" sid="4050" name="Kanal 10 Sweden" type="1" provider="" onid="86" tsid="6" namespace="0x00300000" />
        <service id="0x0fbe" sid="4030" name="RTR Planeta" type="1" provider="" onid="86" tsid="6" namespace="0x00300000" />
        <service id="0x0ff0" sid="4080" name="Russia Today" type="1" provider="Viasat" onid="86" tsid="6" namespace="0x00300000" />
        <service id="0x0fa0" sid="4000" name="TV Chile" type="1" provider="Viasat" onid="86" tsid="6" namespace="0x00300000" />
        <service id="0x0ffa" sid="4090" name="Vision Sverige" type="1" provider="" onid="86" tsid="6" namespace="0x00300000" />
        <service id="0x0faa" sid="4010" name="Visjon Norge" type="1" provider="Viasat" onid="86" tsid="6" namespace="0x00300000" />
      </transponder>
    </satellite>
    <satellite key="00300000:0007:0056" name="Sat-4.8E" namespace="0x00300000" position="4.8">
      <transponder key="00300000:0007:0056" frequency="11881000" symbol_rate="27500000" polarization="H" fec="4" system="0" modulation="0">
        <service id="0x13e7" sid="5095" name="Eurosport Danmark" type="1" provider="Viasat" onid="86" tsid="7" namespace="0x00300000" />
        <service id="0x13e2" sid="5090" name="Kanal 5 Denmark" type="1" provider="Viasat" onid="86" tsid="7" namespace="0x00300000" />
        <service id="0x139c" sid="5020" name="Kunskapskanalen" type="1" provider="Viasat" onid="86" tsid="7" namespace="0x00300000" />
        <service id="0x13d8" sid="5080" name="NatGeo Wild" type="1" provider="Viasat" onid="86" tsid="7" namespace="0x00300000" />
        <service id="0x023a" sid="570" name="NHK World" type="1" provider="Viasat" onid="86" tsid="7" namespace="0x00300000" />
        <service id="0x13ce" sid="5070" name="Nickelodeon Denmark|  Daytime" type="1" provider="Viasat" onid="86" tsid="7" namespace="0x00300000" />
        <service id="0x056c" sid="1388" name="SonLife Broadcasting Network" type="1" provider="Viasat" onid="86" tsid="7" namespace="0x00300000" />
        <service id="0x13a6" sid="5030" name="SVT 24|  Part-time" type="1" provider="Viasat" onid="86" tsid="7" namespace="0x00300000" />
        <service id="0x13b0" sid="5040" name="TV Norge" type="1" provider="Viasat" onid="86" tsid="7" namespace="0x00300000" />
        <service id="0x13c4" sid="5060" name="TV4 Guld" type="1" provider="Viasat" onid="86" tsid="7" namespace="0x00300000" />
      </transponder>
    </satellite>
    <satellite key="00300000:0008:0056" name="Sat-4.8E" namespace="0x00300000" position="4.8">
      <transponder key="00300000:0008:0056" frequency="11804000" symbol_rate="27500000" polarization="H" fec="4" system="0" modulation="0">
        <service id="0x17b6" sid="6070" name="6´eren" type="1" provider="Viasat" onid="86" tsid="8" namespace="0x00300000" />
        <service id="0x06ea" sid="1770" name="Cartoon Network" type="1" provider="Viasat" onid="86" tsid="8" namespace="0x00300000" />
        <service id="0x02c2" sid="706" name="Kanal 11 (Sweden)" type="1" provider="Viasat" onid="86" tsid="8" namespace="0x00300000" />
        <service id="0x177a" sid="6010" name="Kanal 9" type="1" provider="Viasat" onid="86" tsid="8" namespace="0x00300000" />
        <service id="0x17bb" sid="6075" name="Nick Toons" type="1" provider="Viasat" onid="86" tsid="8" namespace="0x00300000" />
        <service id="0x17c0" sid="6080" name="Sjuan" type="1" provider="Viasat" onid="86" tsid="8" namespace="0x00300000" />
        <service id="0x06f8" sid="1784" name="Ticket 1" type="1" provider="Viasat" onid="86" tsid="8" namespace="0x00300000" />
        <service id="0x17ca" sid="6090" name="TV 4 Film" type="1" provider="Viasat" onid="86" tsid="8" namespace="0x00300000" />
        <service id="0x17a2" sid="6050" name="Viasat History" type="1" provider="Viasat" onid="86" tsid="8" namespace="0x00300000" />
        <service id="0x178e" sid="6030" name="Viasat Nature CEE" type="1" provider="Viasat" onid="86" tsid="8" namespace="0x00300000" />
        <service id="0x17ac" sid="6060" name="Viasat Sport Baltic" type="1" provider="Viasat" onid="86" tsid="8" namespace="0x00300000" />
      </transponder>
    </satellite>
    <satellite key="00300000:0009:0056" name="Sat-4.8E" namespace="0x00300000" position="4.8">
      <transponder key="00300000:0009:0056" frequency="11823000" symbol_rate="27500000" polarization="V" fec="4" system="0" modulation="0">
        <service id="0x1bb2" sid="7090" name="CANAL9" type="1" provider="Viasat" onid="86" tsid="9" namespace="0x00300000" />
        <service id="0x1b80" sid="7040" name="CNN International Europe" type="1" provider="Viasat" onid="86" tsid="9" namespace="0x00300000" />
        <service id="0x03ab" sid="939" name="CORE SI" type="1" provider="" onid="86" tsid="9" namespace="0x00300000" />
        <service id="0x1b62" sid="7010" name="DR 1" type="1" provider="Viasat" onid="86" tsid="9" namespace="0x00300000" />
        <service id="0x1b6c" sid="7020" name="DR 2" type="1" provider="Viasat" onid="86" tsid="9" namespace="0x00300000" />
        <service id="0x1b9e" sid="7070" name="MTV Denmark" type="1" provider="Viasat" onid="86" tsid="9" namespace="0x00300000" />
        <service id="0x1ba8" sid="7080" name="TV 1000 Russkoe Kino" type="1" provider="Viasat" onid="86" tsid="9" namespace="0x00300000" />
        <service id="0x1b94" sid="7060" name="TV 3 Puls" type="1" provider="Viasat" onid="86" tsid="9" namespace="0x00300000" />
        <service id="0x1b76" sid="7030" name="TV 8 Sweden" type="1" provider="Viasat" onid="86" tsid="9" namespace="0x00300000" />
        <service id="0x1b8a" sid="7050" name="Viasat Explore" type="1" provider="Viasat" onid="86" tsid="9" namespace="0x00300000" />
      </transponder>
    </satellite>
    <satellite key="00300000:000b:0056" name="Sat-4.8E" namespace="0x00300000" position="4.8">
      <transponder key="00300000:000b:0056" frequency="11785000" symbol_rate="27500000" polarization="V" fec="4" system="0" modulation="0">
        <service id="0x03aa" sid="938" name="SVT ABC-nytt" type="1" provider="Viasat" onid="86" tsid="11" namespace="0x00300000" />
        <service id="0x038e" sid="910" name="SVT Mittnytt" type="1" provider="Viasat" onid="86" tsid="11" namespace="0x00300000" />
        <service id="0x08fc" sid="2300" name="SVT Nordytt" type="1" provider="Viasat" onid="86" tsid="11" namespace="0x00300000" />
        <service id="0x03bc" sid="956" name="SVT Smålandsnytt" type="1" provider="Viasat" onid="86" tsid="11" namespace="0x00300000" />
        <service id="0x03c0" sid="960" name="SVT Sydnytt" type="1" provider="Viasat" onid="86" tsid="11" namespace="0x00300000" />
        <service id="0x092e" sid="2350" name="SVT Tvärsnytt" type="1" provider="Viasat" onid="86" tsid="11" namespace="0x00300000" />
        <service id="0x039c" sid="924" name="SVT Värmlandsnytt" type="1" provider="Viasat" onid="86" tsid="11" namespace="0x00300000" />
        <service id="0x038a" sid="906" name="SVT Västerbottensnytt" type="1" provider="Viasat" onid="86" tsid="11" namespace="0x00300000" />
        <service id="0x094c" sid="2380" name="SVT Västnytt" type="1" provider="Viasat" onid="86" tsid="11" namespace="0x00300000" />
        <service id="0x03ae" sid="942" name="SVT Östnytt" type="1" provider="Viasat" onid="86" tsid="11" namespace="0x00300000" />
        <service id="0x09ce" sid="2510" name="SVT1" type="1" provider="Viasat" onid="86" tsid="11" namespace="0x00300000" />
        <service id="0x09b0" sid="2480" name="SVT1 Dalarna" type="1" provider="Viasat" onid="86" tsid="11" namespace="0x00300000" />
        <service id="0x03e0" sid="992" name="SVT1 Norrbotten" type="1" provider="Viasat" onid="86" tsid="11" namespace="0x00300000" />
        <service id="0x09f6" sid="2550" name="SVT1 Skåne" type="1" provider="Viasat" onid="86" tsid="11" namespace="0x00300000" />
        <service id="0x09ec" sid="2540" name="SVT1 Småland" type="1" provider="Viasat" onid="86" tsid="11" namespace="0x00300000" />
        <service id="0x09ba" sid="2490" name="SVT1 Värmland" type="1" provider="Viasat" onid="86" tsid="11" namespace="0x00300000" />
        <service id="0x09e2" sid="2530" name="SVT1 Väst" type="1" provider="Viasat" onid="86" tsid="11" namespace="0x00300000" />
        <service id="0x099c" sid="2460" name="SVT1 Västerbotten" type="1" provider="Viasat" onid="86" tsid="11" namespace="0x00300000" />
        <service id="0x09a6" sid="2470" name="SVT1 Västernorrland" type="1" provider="Viasat" onid="86" tsid="11" namespace="0x00300000" />
        <service id="0x09c4" sid="2500" name="SVT1 Örebro" type="1" provider="Viasat" onid="86" tsid="11" namespace="0x00300000" />
        <service id="0x09d8" sid="2520" name="SVT1 Öst" type="1" provider="Viasat" onid="86" tsid="11" namespace="0x00300000" />
        <service id="0x091a" sid="2330" name="SVT2 Dalarna" type="1" provider="Viasat" onid="86" tsid="11" namespace="0x00300000" />
      </transponder>
    </satellite>
    <satellite key="00300000:000c:0055" name="Sat-4.8E" namespace="0x00300000" position="4.8">
      <transponder key="00300000:000c:0055" frequency="11766000" symbol_rate="27500000" polarization="H" fec="3" system="0" modulation="0">
        <service id="0x17d4" sid="6100" name="1+1" type="1" provider="" onid="85" tsid="12" namespace="0x00300000" />
        <service id="0x17ed" sid="6125" name="1+1 International" type="1" provider="Studio 1+1" onid="85" tsid="12" namespace="0x00300000" />
        <service id="0x17e8" sid="6120" name="2+2" type="1" provider="2+2" onid="85" tsid="12" namespace="0x00300000" />
        <service id="0x02c5" sid="709" name="Bigudi TV" type="1" provider="" onid="85" tsid="12" namespace="0x00300000" />
        <service id="0x070e" sid="1806" name="Espreso TV" type="1" provider="" onid="85" tsid="12" namespace="0x00300000" />
        <service id="0x02d0" sid="720" name="Kvartal TV" type="1" provider="" onid="85" tsid="12" namespace="0x00300000" />
        <service id="0x17fc" sid="6140" name="PlusPlus" type="1" provider="" onid="85" tsid="12" namespace="0x00300000" />
        <service id="0x181a" sid="6170" name="RADA|  Daytime" type="1" provider="DTRP Verkhovna Rada" onid="85" tsid="12" namespace="0x00300000" />
        <service id="0x17de" sid="6110" name="TET" type="1" provider="TET" onid="85" tsid="12" namespace="0x00300000" />
        <service id="0x02c8" sid="712" name="Unian TV" type="1" provider="" onid="85" tsid="12" namespace="0x00300000" />
      </transponder>
    </satellite>
    <satellite key="00300000:000d:0055" name="Sat-4.8E" namespace="0x00300000" position="4.8">
      <transponder key="00300000:000d:0055" frequency="11843000" symbol_rate="27500000" polarization="H" fec="3" system="0" modulation="0">
        <service id="0x02f0" sid="752" name="NTV Mir Baltic" type="1" provider="Viasat" onid="85" tsid="13" namespace="0x00300000" />
        <service id="0x02dc" sid="732" name="Perviy kanal Latvia" type="1" provider="Viasat" onid="85" tsid="13" namespace="0x00300000" />
        <service id="0x186a" sid="6250" name="REN TV Baltic" type="1" provider="Viasat" onid="85" tsid="13" namespace="0x00300000" />
        <service id="0x02f8" sid="760" name="Tallinna TV" type="1" provider="Viasat" onid="85" tsid="13" namespace="0x00300000" />
      </transponder>
    </satellite>
    <satellite key="00300000:000e:0055" name="Sat-4.8E" namespace="0x00300000" position="4.8">
      <transponder key="00300000:000e:0055" frequency="11958000" symbol_rate="27500000" polarization="H" fec="3" system="0" modulation="0">
        <service id="0x18a6" sid="6310" name="3+ Latvija" type="1" provider="Viasat" onid="85" tsid="14" namespace="0x00300000" />
        <service id="0x18ec" sid="6380" name="Kanal 11" type="1" provider="Viasat" onid="85" tsid="14" namespace="0x00300000" />
        <service id="0x18b0" sid="6320" name="Kanals 2" type="1" provider="Viasat" onid="85" tsid="14" namespace="0x00300000" />
        <service id="0x18e2" sid="6370" name="Kidzone" type="1" provider="Viasat" onid="85" tsid="14" namespace="0x00300000" />
        <service id="0x18d8" sid="6360" name="LNT" type="1" provider="Viasat" onid="85" tsid="14" namespace="0x00300000" />
        <service id="0x18f6" sid="6390" name="LTV 1" type="1" provider="Viasat" onid="85" tsid="14" namespace="0x00300000" />
        <service id="0x18ba" sid="6330" name="TV 3 Estonia" type="1" provider="Viasat" onid="85" tsid="14" namespace="0x00300000" />
        <service id="0x189c" sid="6300" name="TV 3 Latvia" type="1" provider="Viasat" onid="85" tsid="14" namespace="0x00300000" />
        <service id="0x18c4" sid="6340" name="TV 3 Lithuania" type="1" provider="Viasat" onid="85" tsid="14" namespace="0x00300000" />
        <service id="0x18d3" sid="6355" name="TV 6 Estonia" type="1" provider="Viasat" onid="85" tsid="14" namespace="0x00300000" />
        <service id="0x18bf" sid="6335" name="TV 6 Latvia" type="1" provider="Viasat" onid="85" tsid="14" namespace="0x00300000" />
        <service id="0x18ce" sid="6350" name="TV 6 Lithuania" type="1" provider="Viasat" onid="85" tsid="14" namespace="0x00300000" />
      </transponder>
    </satellite>
    <satellite key="00300000:000f:0055" name="Sat-4.8E" namespace="0x00300000" position="4.8">
      <transponder key="00300000:000f:0055" frequency="12073000" symbol_rate="27500000" polarization="H" fec="3" system="0" modulation="0">
        <service id="0x07c7" sid="1991" name="A-One Ukraine" type="1" provider="" onid="85" tsid="15" namespace="0x00300000" />
        <service id="0x19a5" sid="6565" name="Business TV (Ukraine)" type="1" provider="Pogoda TV" onid="85" tsid="15" namespace="0x00300000" />
        <service id="0x19b4" sid="6580" name="English Club" type="1" provider="Viasat Ukraine" onid="85" tsid="15" namespace="0x00300000" />
        <service id="0x07ba" sid="1978" name="Espreso TV" type="1" provider="" onid="85" tsid="15" namespace="0x00300000" />
        <service id="0x07be" sid="1982" name="Glas" type="1" provider="Glas" onid="85" tsid="15" namespace="0x00300000" />
        <service id="0x07cc" sid="1996" name="Hromadske" type="1" provider="Hromadske TV" onid="85" tsid="15" namespace="0x00300000" />
        <service id="0x07b1" sid="1969" name="New Christian TV" type="1" provider="" onid="85" tsid="15" namespace="0x00300000" />
        <service id="0x196e" sid="6510" name="News One" type="1" provider="News One" onid="85" tsid="15" namespace="0x00300000" />
        <service id="0x19aa" sid="6570" name="RADA" type="1" provider="DTRP Verkhovna Rada" onid="85" tsid="15" namespace="0x00300000" />
        <service id="0x19be" sid="6590" name="SHOPing TV" type="1" provider="SHOPping TV" onid="85" tsid="15" namespace="0x00300000" />
        <service id="0x19af" sid="6575" name="Ukraina Telekanal" type="1" provider="TRK Ukraina" onid="85" tsid="15" namespace="0x00300000" />
        <service id="0x19a0" sid="6560" name="Zik (Ukraine)" type="1" provider="" onid="85" tsid="15" namespace="0x00300000" />
      </transponder>
    </satellite>
    <satellite key="00300000:0010:0055" name="Sat-4.8E" namespace="0x00300000" position="4.8">
      <transponder key="00300000:0010:0055" frequency="12130000" symbol_rate="27500000" polarization="V" fec="3" system="0" modulation="0">
        <service id="0x1a0e" sid="6670" name="34" type="1" provider="TRK Ukraine" onid="85" tsid="16" namespace="0x00300000" />
        <service id="0x19fa" sid="6650" name="Donbass TV" type="1" provider="TRK Ukraine" onid="85" tsid="16" namespace="0x00300000" />
        <service id="0x19e6" sid="6630" name="Football 1" type="1" provider="Viasat Ukraine" onid="85" tsid="16" namespace="0x00300000" />
        <service id="0x1a04" sid="6660" name="Football 2" type="1" provider="Viasat Ukraine" onid="85" tsid="16" namespace="0x00300000" />
        <service id="0x1a22" sid="6690" name="Indigo TV" type="1" provider="TRK Ukraine" onid="85" tsid="16" namespace="0x00300000" />
        <service id="0x1a18" sid="6680" name="NLO TV" type="1" provider="TRK Ukraine" onid="85" tsid="16" namespace="0x00300000" />
        <service id="0x19ff" sid="6655" name="TV 1000 Action East" type="1" provider="XtraTV UA tel 759" onid="85" tsid="16" namespace="0x00300000" />
        <service id="0x19e1" sid="6625" name="TV 1000 Megahit" type="1" provider="XtraTV UA tel 759" onid="85" tsid="16" namespace="0x00300000" />
        <service id="0x19dc" sid="6620" name="TV 1000 Premium" type="1" provider="XtraTV UA tel 759" onid="85" tsid="16" namespace="0x00300000" />
        <service id="0x19d2" sid="6610" name="Ukraina Telekanal" type="1" provider="TRK Ukraina" onid="85" tsid="16" namespace="0x00300000" />
        <service id="0x1a13" sid="6675" name="XSport" type="1" provider="Totveld" onid="85" tsid="16" namespace="0x00300000" />
      </transponder>
    </satellite>
    <satellite key="00300000:0011:0055" name="Sat-4.8E" namespace="0x00300000" position="4.8">
      <transponder key="00300000:0011:0055" frequency="12284000" symbol_rate="27500000" polarization="V" fec="3" system="0" modulation="0">
        <service id="0x1b26" sid="6950" name="ATR" type="1" provider="ATR" onid="85" tsid="17" namespace="0x00300000" />
        <service id="0x1b4e" sid="6990" name="Inter +" type="1" provider="INTER +" onid="85" tsid="17" namespace="0x00300000" />
        <service id="0x1b12" sid="6930" name="Kanal 5 Ukraine" type="1" provider="Channel 5 (Ukraine)" onid="85" tsid="17" namespace="0x00300000" />
        <service id="0x1b1c" sid="6940" name="KRT" type="1" provider="TRK Astra" onid="85" tsid="17" namespace="0x00300000" />
        <service id="0x1b3a" sid="6970" name="Lale" type="1" provider="" onid="85" tsid="17" namespace="0x00300000" />
        <service id="0x1b44" sid="6980" name="Maxxi TV" type="1" provider="Maxxi TV" onid="85" tsid="17" namespace="0x00300000" />
        <service id="0x1b03" sid="6915" name="Nadiya" type="1" provider="NADIYA" onid="85" tsid="17" namespace="0x00300000" />
        <service id="0x1afe" sid="6910" name="NewsNetwork" type="1" provider="" onid="85" tsid="17" namespace="0x00300000" />
        <service id="0x1b30" sid="6960" name="Pro VSE" type="1" provider="ProBCE" onid="85" tsid="17" namespace="0x00300000" />
        <service id="0x1b49" sid="6985" name="Rivival" type="1" provider="" onid="85" tsid="17" namespace="0x00300000" />
        <service id="0x1b17" sid="6935" name="RTI" type="1" provider="" onid="85" tsid="17" namespace="0x00300000" />
        <service id="0x1b08" sid="6920" name="Sonce Ukraine" type="1" provider="SOLAR MEDIA" onid="85" tsid="17" namespace="0x00300000" />
        <service id="0x1b21" sid="6945" name="Vintage" type="1" provider="" onid="85" tsid="17" namespace="0x00300000" />
      </transponder>
    </satellite>
    <satellite key="00300000:0012:0055" name="Sat-4.8E" namespace="0x00300000" position="4.8">
      <transponder key="00300000:0012:0055" frequency="11900000" symbol_rate="27500000" polarization="V" fec="3" system="0" modulation="0">
        <service id="0x1a9a" sid="6810" name="LRT Televizija" type="1" provider="Viasat" onid="85" tsid="18" namespace="0x00300000" />
        <service id="0x1aae" sid="6830" name="LTV 7" type="1" provider="Viasat" onid="85" tsid="18" namespace="0x00300000" />
        <service id="0x1aa4" sid="6820" name="MTV Hits" type="1" provider="Viasat" onid="85" tsid="18" namespace="0x00300000" />
        <service id="0x1ac2" sid="6850" name="STS Baltic" type="1" provider="Viasat" onid="85" tsid="18" namespace="0x00300000" />
        <service id="0x1acc" sid="6860" name="TV 1000 East" type="1" provider="Viasat" onid="85" tsid="18" namespace="0x00300000" />
        <service id="0x1a90" sid="6800" name="TV 1000 Premium" type="1" provider="Viasat" onid="85" tsid="18" namespace="0x00300000" />
        <service id="0x1aea" sid="6890" name="TV8 Lithuania" type="1" provider="Viasat" onid="85" tsid="18" namespace="0x00300000" />
        <service id="0x1ae0" sid="6880" name="VH-1 (Video Hits One)" type="1" provider="Viasat" onid="85" tsid="18" namespace="0x00300000" />
      </transponder>
    </satellite>
    <satellite key="00300000:0013:0055" name="Sat-4.8E" namespace="0x00300000" position="4.8">
      <transponder key="00300000:0013:0055" frequency="12399000" symbol_rate="27500000" polarization="V" fec="3" system="0" modulation="0">
        <service id="0x1c93" sid="7315" name="BlackSea TV" type="1" provider="" onid="85" tsid="19" namespace="0x00300000" />
        <service id="0x1cca" sid="7370" name="Enter Film" type="1" provider="" onid="85" tsid="19" namespace="0x00300000" />
        <service id="0x1ca2" sid="7330" name="Gorizont" type="1" provider="" onid="85" tsid="19" namespace="0x00300000" />
        <service id="0x1c8e" sid="7310" name="Inter" type="1" provider="" onid="85" tsid="19" namespace="0x00300000" />
        <service id="0x1cb6" sid="7350" name="K1" type="1" provider="" onid="85" tsid="19" namespace="0x00300000" />
        <service id="0x1cbb" sid="7355" name="K2" type="1" provider="" onid="85" tsid="19" namespace="0x00300000" />
        <service id="0x1cac" sid="7340" name="Mega" type="1" provider="" onid="85" tsid="19" namespace="0x00300000" />
        <service id="0x1c98" sid="7320" name="NTN" type="1" provider="" onid="85" tsid="19" namespace="0x00300000" />
        <service id="0x1cc5" sid="7365" name="Pixel" type="1" provider="" onid="85" tsid="19" namespace="0x00300000" />
        <service id="0x1cc0" sid="7360" name="Zoom (Ukraine)" type="1" provider="" onid="85" tsid="19" namespace="0x00300000" />
      </transponder>
    </satellite>
    <satellite key="00300000:0014:0056" name="Sat-4.8E" namespace="0x00300000" position="4.8">
      <transponder key="00300000:0014:0056" frequency="12637000" symbol_rate="14465000" polarization="H" fec="3" system="0" modulation="0">
        <service id="0x190a" sid="6410" name="Spice|  23h-5h CET" type="1" provider="Viasat" onid="86" tsid="20" namespace="0x00300000" />
        <service id="0x077a" sid="1914" name="TV 1000 Balkan" type="1" provider="Viasat" onid="86" tsid="20" namespace="0x00300000" />
        <service id="0x0314" sid="788" name="TV 1000 Russkoe Kino" type="1" provider="Viasat" onid="86" tsid="20" namespace="0x00300000" />
        <service id="0x195a" sid="6490" name="Viasat History" type="1" provider="Viasat" onid="86" tsid="20" namespace="0x00300000" />
      </transponder>
    </satellite>
    <satellite key="00300000:0015:0056" name="Sat-4.8E" namespace="0x00300000" position="4.8">
      <transponder key="00300000:0015:0056" frequency="11862000" symbol_rate="27500000" polarization="V" fec="3" system="0" modulation="0">
        <service id="0x0d7a" sid="3450" name="Kanal 4" type="1" provider="Viasat" onid="86" tsid="21" namespace="0x00300000" />
        <service id="0x0d84" sid="3460" name="NRK 1" type="1" provider="Viasat" onid="86" tsid="21" namespace="0x00300000" />
        <service id="0x0d8e" sid="3470" name="NRK 2" type="1" provider="Viasat" onid="86" tsid="21" namespace="0x00300000" />
        <service id="0x0d98" sid="3480" name="NRK 3" type="1" provider="Viasat" onid="86" tsid="21" namespace="0x00300000" />
        <service id="0x0d52" sid="3410" name="TV 1000 Action East" type="1" provider="Viasat" onid="86" tsid="21" namespace="0x00300000" />
        <service id="0x0d48" sid="3400" name="TV4 Fakta XL" type="1" provider="Viasat" onid="86" tsid="21" namespace="0x00300000" />
        <service id="0x0d5c" sid="3420" name="Viasat Fotboll" type="1" provider="Viasat" onid="86" tsid="21" namespace="0x00300000" />
        <service id="0x0d66" sid="3430" name="Viasat Motor" type="1" provider="Viasat" onid="86" tsid="21" namespace="0x00300000" />
        <service id="0x0d70" sid="3440" name="Viasat Sport Norge" type="1" provider="Viasat" onid="86" tsid="21" namespace="0x00300000" />
      </transponder>
    </satellite>
    <satellite key="00300000:0016:0056" name="Sat-4.8E" namespace="0x00300000" position="4.8">
      <transponder key="00300000:0016:0056" frequency="11938000" symbol_rate="27500000" polarization="V" fec="4" system="0" modulation="0">
        <service id="0x0e65" sid="3685" name="Cartoon Network Eastern Europe" type="1" provider="Viasat" onid="86" tsid="22" namespace="0x00300000" />
        <service id="0x0e4c" sid="3660" name="Comedy Central Nordic" type="1" provider="Viasat" onid="86" tsid="22" namespace="0x00300000" />
        <service id="0x0e24" sid="3620" name="History Channel Eastern Europe" type="1" provider="Viasat" onid="86" tsid="22" namespace="0x00300000" />
        <service id="0x0e42" sid="3650" name="Kanal 5 Sweden (Femman)" type="1" provider="Viasat" onid="86" tsid="22" namespace="0x00300000" />
        <service id="0x0e6a" sid="3690" name="National Geographic Scandinavia" type="1" provider="Viasat" onid="86" tsid="22" namespace="0x00300000" />
        <service id="0x0e2e" sid="3630" name="Ohota &amp; Rybalka" type="1" provider="Viasat" onid="86" tsid="22" namespace="0x00300000" />
        <service id="0x0e1a" sid="3610" name="TV 12 Sweden" type="1" provider="Viasat" onid="86" tsid="22" namespace="0x00300000" />
        <service id="0x0e38" sid="3640" name="TV 2 Norge" type="1" provider="Viasat" onid="86" tsid="22" namespace="0x00300000" />
        <service id="0x0e60" sid="3680" name="TV 2 Nyhetskanalen" type="1" provider="Viasat" onid="86" tsid="22" namespace="0x00300000" />
        <service id="0x0e56" sid="3670" name="TV 4 Sweden" type="1" provider="Viasat" onid="86" tsid="22" namespace="0x00300000" />
        <service id="0x0e10" sid="3600" name="Viasat Fotboll" type="1" provider="Viasat" onid="86" tsid="22" namespace="0x00300000" />
      </transponder>
    </satellite>
    <satellite key="00300000:0018:0056" name="Sat-4.8E" namespace="0x00300000" position="4.8">
      <transponder key="00300000:0018:0056" frequency="11919000" symbol_rate="27500000" polarization="H" fec="3" system="0" modulation="0">
        <service id="0x01e6" sid="486" name="Disney Channel Denmark" type="1" provider="Viasat" onid="86" tsid="24" namespace="0x00300000" />
        <service id="0x114e" sid="4430" name="Disney Channel Norway" type="1" provider="Viasat" onid="86" tsid="24" namespace="0x00300000" />
        <service id="0x049c" sid="1180" name="Disney XD Denmark/Norway" type="1" provider="Viasat" onid="86" tsid="24" namespace="0x00300000" />
        <service id="0x046a" sid="1130" name="Nat Geo People Denmark" type="1" provider="Viasat" onid="86" tsid="24" namespace="0x00300000" />
      </transponder>
    </satellite>
    <satellite key="00300000:0019:0056" name="Sat-4.8E" namespace="0x00300000" position="4.8">
      <transponder key="00300000:0019:0056" frequency="11345000" symbol_rate="30000000" polarization="V" fec="3" system="0" modulation="0">
        <service id="0x06ae" sid="1710" name="Discovery Channel Sweden" type="25" provider="Viasat" onid="86" tsid="25" namespace="0x00300000" />
        <service id="0x06cc" sid="1740" name="DR 3 HD" type="25" provider="Viasat" onid="86" tsid="25" namespace="0x00300000" />
        <service id="0x1e82" sid="7810" name="Entertainment HD" type="25" provider="Viasat" onid="86" tsid="25" namespace="0x00300000" />
        <service id="0x06e0" sid="1760" name="FEM" type="25" provider="Viasat" onid="86" tsid="25" namespace="0x00300000" />
        <service id="0x06b8" sid="1720" name="TV 3 Sport 1 HD" type="25" provider="Viasat" onid="86" tsid="25" namespace="0x00300000" />
        <service id="0x06d6" sid="1750" name="TV 3 Sport 2 HD" type="25" provider="Viasat" onid="86" tsid="25" namespace="0x00300000" />
        <service id="0x06c2" sid="1730" name="TV2 HD Lorry" type="25" provider="Viasat" onid="86" tsid="25" namespace="0x00300000" />
        <service id="0x06a4" sid="1700" name="Viasat Golf HD" type="25" provider="Viasat" onid="86" tsid="25" namespace="0x00300000" />
        <service id="0x1e78" sid="7800" name="Viasat test" type="25" provider="Viasat" onid="86" tsid="25" namespace="0x00300000" />
        <service id="0x1f54" sid="8020" name="Viasat Xtra 1" type="25" provider="Viasat" onid="86" tsid="25" namespace="0x00300000" />
        <service id="0x1f5e" sid="8030" name="Viasat Xtra 2" type="25" provider="Viasat" onid="86" tsid="25" namespace="0x00300000" />
        <service id="0x1f68" sid="8040" name="Viasat Xtra 3" type="25" provider="Viasat" onid="86" tsid="25" namespace="0x00300000" />
        <service id="0x1f90" sid="8080" name="Viasat Xtra 4" type="25" provider="Viasat" onid="86" tsid="25" namespace="0x00300000" />
        <service id="0x1f72" sid="8050" name="Viasat Xtra 5" type="25" provider="Viasat" onid="86" tsid="25" namespace="0x00300000" />
        <service id="0x1fae" sid="8110" name="Viasat Xtra 6" type="25" provider="Viasat" onid="86" tsid="25" namespace="0x00300000" />
        <service id="0x1fc2" sid="8130" name="Viasat Xtra 7" type="25" provider="Viasat" onid="86" tsid="25" namespace="0x00300000" />
        <service id="0x1f22" sid="7970" name="Viasat Xtra NHL1" type="25" provider="Viasat" onid="86" tsid="25" namespace="0x00300000" />
        <service id="0x1f2c" sid="7980" name="Viasat Xtra NHL2" type="25" provider="Viasat" onid="86" tsid="25" namespace="0x00300000" />
        <service id="0x1f36" sid="7990" name="Viasat Xtra NHL3" type="25" provider="Viasat" onid="86" tsid="25" namespace="0x00300000" />
        <service id="0x1fd6" sid="8150" name="Viasat Xtra NHL4" type="25" provider="Viasat" onid="86" tsid="25" namespace="0x00300000" />
        <service id="0x1fe0" sid="8160" name="Viasat Xtra NHL5" type="25" provider="Viasat" onid="86" tsid="25" namespace="0x00300000" />
        <service id="0x1fea" sid="8170" name="Viasat Xtra NHL6" type="25" provider="Viasat" onid="86" tsid="25" namespace="0x00300000" />
        <service id="0x1ff4" sid="8180" name="Viasat Xtra NHL7" type="25" provider="Viasat" onid="86" tsid="25" namespace="0x00300000" />
        <service id="0x1fcc" sid="8140" name="Viasat Xtra NHL8" type="25" provider="Viasat" onid="86" tsid="25" namespace="0x00300000" />
        <service id="0x1edc" sid="7900" name="Viasat Xtra PL1" type="25" provider="Viasat" onid="86" tsid="25" namespace="0x00300000" />
        <service id="0x1ee6" sid="7910" name="Viasat Xtra PL2" type="25" provider="Viasat" onid="86" tsid="25" namespace="0x00300000" />
        <service id="0x1ef0" sid="7920" name="Viasat Xtra PL3" type="25" provider="Viasat" onid="86" tsid="25" namespace="0x00300000" />
        <service id="0x1efa" sid="7930" name="Viasat Xtra PL4" type="25" provider="Viasat" onid="86" tsid="25" namespace="0x00300000" />
        <service id="0x1f04" sid="7940" name="Viasat Xtra PL5" type="25" provider="Viasat" onid="86" tsid="25" namespace="0x00300000" />
        <service id="0x1f0e" sid="7950" name="Viasat Xtra PL6" type="25" provider="Viasat" onid="86" tsid="25" namespace="0x00300000" />
        <service id="0x1f18" sid="7960" name="Viasat Xtra PL7" type="25" provider="Viasat" onid="86" tsid="25" namespace="0x00300000" />
        <service id="0x1fb8" sid="8120" name="VSS Test" type="25" provider="Viasat" onid="86" tsid="25" namespace="0x00300000" />
      </transponder>
    </satellite>
    <satellite key="00300000:001a:0056" name="Sat-4.8E" namespace="0x00300000" position="4.8">
      <transponder key="00300000:001a:0056" frequency="12476000" symbol_rate="27500000" polarization="V" fec="4" system="0" modulation="0">
        <service id="0x04e0" sid="1248" name="DK 4" type="1" provider="Viasat" onid="86" tsid="26" namespace="0x00300000" />
        <service id="0x123e" sid="4670" name="TV 2 Bornholm" type="1" provider="Viasat" onid="86" tsid="26" namespace="0x00300000" />
        <service id="0x04c4" sid="1220" name="TV 2 Fyn" type="1" provider="Viasat" onid="86" tsid="26" namespace="0x00300000" />
        <service id="0x04d2" sid="1234" name="TV 2 Lorry" type="1" provider="Viasat" onid="86" tsid="26" namespace="0x00300000" />
        <service id="0x04b2" sid="1202" name="TV 2 Midt-Vest" type="1" provider="Viasat" onid="86" tsid="26" namespace="0x00300000" />
        <service id="0x11f8" sid="4600" name="TV 2 Nord" type="1" provider="Viasat" onid="86" tsid="26" namespace="0x00300000" />
        <service id="0x04c0" sid="1216" name="TV 2 Syd" type="1" provider="Viasat" onid="86" tsid="26" namespace="0x00300000" />
        <service id="0x122a" sid="4650" name="TV 2 Øst" type="1" provider="Viasat" onid="86" tsid="26" namespace="0x00300000" />
        <service id="0x120c" sid="4620" name="TV 2 Østjylland" type="1" provider="Viasat" onid="86" tsid="26" namespace="0x00300000" />
      </transponder>
    </satellite>
    <satellite key="00300000:001b:0056" name="Sat-4.8E" namespace="0x00300000" position="4.8">
      <transponder key="00300000:001b:0056" frequency="12437000" symbol_rate="27500000" polarization="V" fec="3" system="0" modulation="0">
        <service id="0x03be" sid="958" name="" type="25" provider="" onid="86" tsid="27" namespace="0x00300000" />
        <service id="0x067c" sid="1660" name="Max HD" type="25" provider="Viasat" onid="86" tsid="27" namespace="0x00300000" />
        <service id="0x02ae" sid="686" name="National Geographic HD East Europe" type="25" provider="Viasat" onid="86" tsid="27" namespace="0x00300000" />
        <service id="0x029c" sid="668" name="SVT 2 HD" type="25" provider="Viasat" onid="86" tsid="27" namespace="0x00300000" />
        <service id="0x064a" sid="1610" name="SVT HD" type="25" provider="Viasat" onid="86" tsid="27" namespace="0x00300000" />
        <service id="0x02a0" sid="672" name="TV 2 Humorkanalen" type="25" provider="Viasat" onid="86" tsid="27" namespace="0x00300000" />
        <service id="0x065e" sid="1630" name="TV3+ HD" type="25" provider="Viasat" onid="86" tsid="27" namespace="0x00300000" />
        <service id="0x0118" sid="280" name="Viasat Film Premiere HD" type="25" provider="Viasat" onid="86" tsid="27" namespace="0x00300000" />
        <service id="0x02b2" sid="690" name="Viasat Urheilu" type="25" provider="Viasat" onid="86" tsid="27" namespace="0x00300000" />
        <service id="0x028e" sid="654" name="VOX" type="25" provider="Viasat" onid="86" tsid="27" namespace="0x00300000" />
      </transponder>
    </satellite>
    <satellite key="00300000:001c:0056" name="Sat-4.8E" namespace="0x00300000" position="4.8">
      <transponder key="00300000:001c:0056" frequency="12015000" symbol_rate="27500000" polarization="V" fec="3" system="0" modulation="0">
        <service id="0x1edb" sid="7899" name="FOX Norway" type="25" provider="Viasat" onid="86" tsid="28" namespace="0x00300000" />
        <service id="0x040f" sid="1039" name="NRK 1" type="25" provider="Viasat" onid="86" tsid="28" namespace="0x00300000" />
        <service id="0x465c" sid="18012" name="NRK 1 Lydtekst" type="25" provider="Viasat" onid="86" tsid="28" namespace="0x00300000" />
        <service id="0x1eb2" sid="7858" name="NRK 1 Midtnytt" type="25" provider="Viasat" onid="86" tsid="28" namespace="0x00300000" />
        <service id="0x1eb3" sid="7859" name="NRK 1 Møre Og Romsdal" type="25" provider="Viasat" onid="86" tsid="28" namespace="0x00300000" />
        <service id="0x1eb1" sid="7857" name="NRK 1 Nordland" type="25" provider="Viasat" onid="86" tsid="28" namespace="0x00300000" />
        <service id="0x1eb0" sid="7856" name="NRK 1 Nordnytt" type="25" provider="Viasat" onid="86" tsid="28" namespace="0x00300000" />
        <service id="0x1eb5" sid="7861" name="NRK 1 Rogaland" type="25" provider="Viasat" onid="86" tsid="28" namespace="0x00300000" />
        <service id="0x1eb6" sid="7862" name="NRK 1 Sørlandet" type="25" provider="Viasat" onid="86" tsid="28" namespace="0x00300000" />
        <service id="0x1eba" sid="7866" name="NRK 1 Tegnsprak" type="25" provider="Viasat" onid="86" tsid="28" namespace="0x00300000" />
        <service id="0x1eb4" sid="7860" name="NRK 1 Vestlandsrevyen" type="25" provider="Viasat" onid="86" tsid="28" namespace="0x00300000" />
        <service id="0x1eb7" sid="7863" name="NRK 1 Østafjells" type="25" provider="Viasat" onid="86" tsid="28" namespace="0x00300000" />
        <service id="0x1eb9" sid="7865" name="NRK 1 Østfold" type="25" provider="Viasat" onid="86" tsid="28" namespace="0x00300000" />
        <service id="0x1eb8" sid="7864" name="NRK 1 Østnytt" type="25" provider="Viasat" onid="86" tsid="28" namespace="0x00300000" />
        <service id="0x019a" sid="410" name="NRK 2" type="25" provider="Viasat" onid="86" tsid="28" namespace="0x00300000" />
        <service id="0x465d" sid="18013" name="NRK 2 Lydtekst" type="25" provider="Viasat" onid="86" tsid="28" namespace="0x00300000" />
        <service id="0x019b" sid="411" name="NRK 3" type="25" provider="Viasat" onid="86" tsid="28" namespace="0x00300000" />
        <service id="0x465e" sid="18014" name="NRK 3 Lydtekst" type="25" provider="Viasat" onid="86" tsid="28" namespace="0x00300000" />
      </transponder>
    </satellite>
    <satellite key="00300000:001d:0056" name="Sat-4.8E" namespace="0x00300000" position="4.8">
      <transponder key="00300000:001d:0056" frequency="12608000" symbol_rate="27500000" polarization="H" fec="3" system="0" modulation="0">
        <service id="0x079e" sid="1950" name="TV 1000 Action East" type="1" provider="Viasat" onid="86" tsid="29" namespace="0x00300000" />
        <service id="0x030c" sid="780" name="TV 1000 East" type="1" provider="Viasat" onid="86" tsid="29" namespace="0x00300000" />
        <service id="0x0134" sid="308" name="TV 1000 Russkoe Kino" type="1" provider="Viasat" onid="86" tsid="29" namespace="0x00300000" />
        <service id="0x076c" sid="1900" name="Viasat Feed" type="1" provider="Viasat" onid="86" tsid="29" namespace="0x00300000" />
        <service id="0x07b2" sid="1970" name="Viasat History HD|  Time sharing" type="1" provider="Viasat" onid="86" tsid="29" namespace="0x00300000" />
        <service id="0x07a8" sid="1960" name="Viasat Nature CEE" type="1" provider="Viasat" onid="86" tsid="29" namespace="0x00300000" />
      </transponder>
    </satellite>
    <satellite key="00300000:001e:0056" name="Sat-4.8E" namespace="0x00300000" position="4.8">
      <transponder key="00300000:001e:0056" frequency="11727000" symbol_rate="27500000" polarization="H" fec="4" system="0" modulation="0">
        <service id="0x02fa" sid="762" name="DR K" type="1" provider="Viasat" onid="86" tsid="30" namespace="0x00300000" />
        <service id="0x02f6" sid="758" name="DR Ramasjang" type="1" provider="Viasat" onid="86" tsid="30" namespace="0x00300000" />
        <service id="0x02c4" sid="708" name="DR Ultra" type="1" provider="Viasat" onid="86" tsid="30" namespace="0x00300000" />
        <service id="0x073a" sid="1850" name="TV 2 Fri" type="1" provider="Viasat" onid="86" tsid="30" namespace="0x00300000" />
        <service id="0x074e" sid="1870" name="TV 2 News" type="1" provider="Viasat" onid="86" tsid="30" namespace="0x00300000" />
        <service id="0x02da" sid="730" name="TV 2 Sport" type="1" provider="Viasat" onid="86" tsid="30" namespace="0x00300000" />
        <service id="0x02c8" sid="712" name="TV 2 Zulu" type="1" provider="Viasat" onid="86" tsid="30" namespace="0x00300000" />
        <service id="0x02d6" sid="726" name="TV 3 Sport 1" type="1" provider="Viasat" onid="86" tsid="30" namespace="0x00300000" />
        <service id="0x02c5" sid="709" name="TV 3 Sport 2" type="1" provider="Viasat" onid="86" tsid="30" namespace="0x00300000" />
        <service id="0x071c" sid="1820" name="TV2 Charlie" type="1" provider="Viasat" onid="86" tsid="30" namespace="0x00300000" />
        <service id="0x02e8" sid="744" name="Viasat Golf" type="1" provider="Viasat" onid="86" tsid="30" namespace="0x00300000" />
      </transponder>
    </satellite>
    <satellite key="00300000:001f:0056" name="Sat-4.8E" namespace="0x00300000" position="4.8">
      <transponder key="00300000:001f:0056" frequency="11385000" symbol_rate="30000000" polarization="V" fec="3" system="0" modulation="0">
        <service id="0x00ea" sid="234" name="6`eren HD" type="25" provider="Viasat" onid="86" tsid="31" namespace="0x00300000" />
        <service id="0x055a" sid="1370" name="TV 2 HD" type="25" provider="Viasat" onid="86" tsid="31" namespace="0x00300000" />
        <service id="0x00ca" sid="202" name="TV 2 Nyhetskanalen HD" type="25" provider="Viasat" onid="86" tsid="31" namespace="0x00300000" />
        <service id="0x00e2" sid="226" name="TV 2 Sport HD 1" type="25" provider="Viasat" onid="86" tsid="31" namespace="0x00300000" />
        <service id="0x00d6" sid="214" name="TV 2 Sport Premium 1" type="25" provider="Viasat" onid="86" tsid="31" namespace="0x00300000" />
        <service id="0x053c" sid="1340" name="TV 2 Sport Premium 2" type="25" provider="Viasat" onid="86" tsid="31" namespace="0x00300000" />
        <service id="0x00de" sid="222" name="TV 2 Sport Premium 3" type="25" provider="Viasat" onid="86" tsid="31" namespace="0x00300000" />
        <service id="0x00d2" sid="210" name="TV 2 Zebra HD" type="25" provider="Viasat" onid="86" tsid="31" namespace="0x00300000" />
      </transponder>
    </satellite>
    <satellite key="00300000:0020:0056" name="Sat-4.8E" namespace="0x00300000" position="4.8">
      <transponder key="00300000:0020:0056" frequency="11305000" symbol_rate="30000000" polarization="V" fec="3" system="0" modulation="0">
        <service id="0x05c8" sid="1480" name="Eurosport Norway HD" type="25" provider="Viasat" onid="86" tsid="32" namespace="0x00300000" />
        <service id="0x05aa" sid="1450" name="Kanal 5 HD Sweden" type="25" provider="Viasat" onid="86" tsid="32" namespace="0x00300000" />
        <service id="0x00f2" sid="242" name="NatGeo Wild HD|  Time sharing" type="25" provider="Viasat" onid="86" tsid="32" namespace="0x00300000" />
        <service id="0x05be" sid="1470" name="TV 3 HD Norge" type="25" provider="Viasat" onid="86" tsid="32" namespace="0x00300000" />
        <service id="0x00fe" sid="254" name="TV 3 HD Sverige" type="25" provider="Viasat" onid="86" tsid="32" namespace="0x00300000" />
        <service id="0x00f6" sid="246" name="Viasat Film Comedy HD" type="25" provider="" onid="86" tsid="32" namespace="0x00300000" />
        <service id="0x05a0" sid="1440" name="Viasat Motor HD" type="25" provider="Viasat" onid="86" tsid="32" namespace="0x00300000" />
        <service id="0x058c" sid="1420" name="Viasat Series HD" type="25" provider="Viasat" onid="86" tsid="32" namespace="0x00300000" />
      </transponder>
    </satellite>
    <satellite key="00300000:0021:0056" name="Sat-4.8E" namespace="0x00300000" position="4.8">
      <transponder key="00300000:0021:0056" frequency="11265000" symbol_rate="30000000" polarization="V" fec="3" system="0" modulation="0">
        <service id="0x08d4" sid="2260" name="Comedy Central Norway" type="25" provider="Viasat" onid="86" tsid="33" namespace="0x00300000" />
        <service id="0x08a2" sid="2210" name="Fjorton" type="25" provider="" onid="86" tsid="33" namespace="0x00300000" />
        <service id="0x08f2" sid="2290" name="Fox Sweden" type="25" provider="Viasat" onid="86" tsid="33" namespace="0x00300000" />
        <service id="0x017e" sid="382" name="NatGeo Wild HD" type="25" provider="Viasat" onid="86" tsid="33" namespace="0x00300000" />
        <service id="0x08de" sid="2270" name="National Geographic Norway" type="25" provider="Viasat" onid="86" tsid="33" namespace="0x00300000" />
        <service id="0x08e8" sid="2280" name="TV 2 Livsstil" type="25" provider="Viasat" onid="86" tsid="33" namespace="0x00300000" />
        <service id="0x08c0" sid="2240" name="TV 3 HD Norge" type="25" provider="Viasat" onid="86" tsid="33" namespace="0x00300000" />
        <service id="0x08ca" sid="2250" name="UHD test 23" type="25" provider="Viasat" onid="86" tsid="33" namespace="0x00300000" />
        <service id="0x08b6" sid="2230" name="Viasat Film Comedy HD" type="25" provider="Viasat" onid="86" tsid="33" namespace="0x00300000" />
        <service id="0x08ac" sid="2220" name="Viasat Series HD" type="25" provider="Viasat" onid="86" tsid="33" namespace="0x00300000" />
      </transponder>
    </satellite>
    <satellite key="00300000:0022:0056" name="Sat-4.8E" namespace="0x00300000" position="4.8">
      <transponder key="00300000:0022:0056" frequency="11265000" symbol_rate="30000000" polarization="H" fec="3" system="0" modulation="0">
        <service id="0x0a5a" sid="2650" name="TV 3 HD Denmark" type="25" provider="Viasat" onid="86" tsid="34" namespace="0x00300000" />
        <service id="0x0a32" sid="2610" name="TV6 HD Sweden" type="25" provider="Viasat" onid="86" tsid="34" namespace="0x00300000" />
        <service id="0x0a46" sid="2630" name="Viasat 4 Norge HD" type="25" provider="Viasat" onid="86" tsid="34" namespace="0x00300000" />
        <service id="0x0a3c" sid="2620" name="Viasat Explore HD" type="25" provider="Viasat" onid="86" tsid="34" namespace="0x00300000" />
        <service id="0x0a28" sid="2600" name="Viasat History HD" type="25" provider="Viasat" onid="86" tsid="34" namespace="0x00300000" />
        <service id="0x0a50" sid="2640" name="Viasat Nature HD" type="25" provider="Viasat" onid="86" tsid="34" namespace="0x00300000" />
      </transponder>
    </satellite>
    <satellite key="00300000:0023:0056" name="Sat-4.8E" namespace="0x00300000" position="4.8">
      <transponder key="00300000:0023:0056" frequency="11305000" symbol_rate="30000000" polarization="H" fec="3" system="0" modulation="0">
        <service id="0x0ae6" sid="2790" name="Discovery Norway HD" type="25" provider="Viasat" onid="86" tsid="35" namespace="0x00300000" />
        <service id="0x0ab4" sid="2740" name="DR 1 HD" type="25" provider="Viasat" onid="86" tsid="35" namespace="0x00300000" />
        <service id="0x0abe" sid="2750" name="Esports TV" type="25" provider="Viasat" onid="86" tsid="35" namespace="0x00300000" />
        <service id="0x0adc" sid="2780" name="Eurosport 1" type="25" provider="Viasat" onid="86" tsid="35" namespace="0x00300000" />
        <service id="0x0ad2" sid="2770" name="TV 3 Sport 1 HD" type="25" provider="Viasat" onid="86" tsid="35" namespace="0x00300000" />
        <service id="0x0aaa" sid="2730" name="TV2 Sport HD Denmark" type="25" provider="Viasat" onid="86" tsid="35" namespace="0x00300000" />
        <service id="0x0aa0" sid="2720" name="Viasat Fotball HD" type="25" provider="Viasat" onid="86" tsid="35" namespace="0x00300000" />
        <service id="0x0a96" sid="2710" name="Viasat Hockey HD" type="25" provider="Viasat" onid="86" tsid="35" namespace="0x00300000" />
        <service id="0x0a8c" sid="2700" name="Viasat Sport HD" type="25" provider="Viasat" onid="86" tsid="35" namespace="0x00300000" />
        <service id="0x0ac8" sid="2760" name="Viasat Sport Premium HD" type="25" provider="Viasat" onid="86" tsid="35" namespace="0x00300000" />
      </transponder>
    </satellite>
    <satellite key="00300000:0024:0056" name="Sat-4.8E" namespace="0x00300000" position="4.8">
      <transponder key="00300000:0024:0056" frequency="11345000" symbol_rate="30000000" polarization="H" fec="3" system="0" modulation="0">
        <service id="0x0b22" sid="2850" name="Eurosport Norway HD" type="25" provider="Viasat" onid="86" tsid="36" namespace="0x00300000" />
        <service id="0x0afa" sid="2810" name="Max HD" type="25" provider="Viasat" onid="86" tsid="36" namespace="0x00300000" />
        <service id="0x0af0" sid="2800" name="TV 4 Sport HD" type="25" provider="Viasat" onid="86" tsid="36" namespace="0x00300000" />
        <service id="0x0b04" sid="2820" name="TV Norge HD" type="25" provider="Viasat" onid="86" tsid="36" namespace="0x00300000" />
        <service id="0x0b18" sid="2840" name="Viasat Fotboll HD" type="25" provider="Viasat" onid="86" tsid="36" namespace="0x00300000" />
        <service id="0x0b0e" sid="2830" name="Viasat Sport HD Norge" type="25" provider="Viasat" onid="86" tsid="36" namespace="0x00300000" />
      </transponder>
    </satellite>
    <satellite key="00300000:0025:0056" name="Sat-4.8E" namespace="0x00300000" position="4.8">
      <transponder key="00300000:0025:0056" frequency="11385000" symbol_rate="30000000" polarization="H" fec="3" system="0" modulation="0">
        <service id="0x0bc7" sid="3015" name="Astra UHD Test" type="25" provider="" onid="86" tsid="37" namespace="0x00300000" />
        <service id="0x0bb8" sid="3000" name="Astra Ultra HD Test" type="25" provider="Viasat" onid="86" tsid="37" namespace="0x00300000" />
        <service id="0x0bc2" sid="3010" name="Astra Ultra HD Test" type="25" provider="" onid="86" tsid="37" namespace="0x00300000" />
        <service id="0x0bea" sid="3050" name="U test 27 2" type="25" provider="Viasat" onid="86" tsid="37" namespace="0x00300000" />
      </transponder>
    </satellite>
    <satellite key="00300000:002b:0055" name="Sat-4.8E" namespace="0x00300000" position="4.8">
      <transponder key="00300000:002b:0055" frequency="11747000" symbol_rate="30000000" polarization="V" fec="3" system="0" modulation="0">
        <service id="0x1e0a" sid="7690" name="English Club HD" type="25" provider="Viasat Ukraine" onid="85" tsid="43" namespace="0x00300000" />
        <service id="0x1e00" sid="7680" name="Fine Living Network" type="25" provider="Xtra TV" onid="85" tsid="43" namespace="0x00300000" />
        <service id="0x1e05" sid="7685" name="Food Network" type="25" provider="Xtra TV" onid="85" tsid="43" namespace="0x00300000" />
        <service id="0x1dec" sid="7660" name="Football 2 HD" type="25" provider="" onid="85" tsid="43" namespace="0x00300000" />
        <service id="0x1dce" sid="7630" name="Football HD" type="25" provider="" onid="85" tsid="43" namespace="0x00300000" />
        <service id="0x1dfb" sid="7675" name="History Channel Eastern Europe" type="25" provider="Xtra TV" onid="85" tsid="43" namespace="0x00300000" />
        <service id="0x1dc9" sid="7625" name="Nat Geo Wild Russia" type="25" provider="Xtra TV" onid="85" tsid="43" namespace="0x00300000" />
        <service id="0x1dc4" sid="7620" name="National Geographic Russia" type="25" provider="Xtra TV" onid="85" tsid="43" namespace="0x00300000" />
        <service id="0x1db5" sid="7605" name="TellyTrack" type="25" provider="" onid="85" tsid="43" namespace="0x00300000" />
        <service id="0x1dd8" sid="7640" name="Travel Channel" type="25" provider="Xtra TV" onid="85" tsid="43" namespace="0x00300000" />
        <service id="0x1ddd" sid="7645" name="Viasat Explorer Russia" type="25" provider="Xtra TV" onid="85" tsid="43" namespace="0x00300000" />
        <service id="0x1df6" sid="7670" name="Viasat History" type="25" provider="Xtra TV" onid="85" tsid="43" namespace="0x00300000" />
        <service id="0x1de2" sid="7650" name="Viasat Nature CEE" type="25" provider="Xtra TV" onid="85" tsid="43" namespace="0x00300000" />
        <service id="0x1dba" sid="7610" name="Z HD" type="25" provider="" onid="85" tsid="43" namespace="0x00300000" />
      </transponder>
    </satellite>
    <satellite key="00300000:002c:0055" name="Sat-4.8E" namespace="0x00300000" position="4.8">
      <transponder key="00300000:002c:0055" frequency="12265000" symbol_rate="30000000" polarization="H" fec="3" system="0" modulation="0">
        <service id="0x1e1c" sid="7708" name="Bolt" type="1" provider="SatTelecom" onid="85" tsid="44" namespace="0x00300000" />
        <service id="0x1e16" sid="7702" name="Dacha" type="1" provider="SatTelecom" onid="85" tsid="44" namespace="0x00300000" />
        <service id="0x1e20" sid="7712" name="Dacha" type="1" provider="SatTelecom" onid="85" tsid="44" namespace="0x00300000" />
        <service id="0x1e17" sid="7703" name="Epoque" type="1" provider="SatTelecom" onid="85" tsid="44" namespace="0x00300000" />
        <service id="0x1e21" sid="7713" name="Epoque" type="1" provider="SatTelecom" onid="85" tsid="44" namespace="0x00300000" />
        <service id="0x1e1a" sid="7706" name="Fauna" type="1" provider="SatTelecom" onid="85" tsid="44" namespace="0x00300000" />
        <service id="0x1e24" sid="7716" name="Fauna" type="1" provider="SatTelecom" onid="85" tsid="44" namespace="0x00300000" />
        <service id="0x1e1b" sid="7707" name="FilmUA Drama" type="1" provider="SatTelecom" onid="85" tsid="44" namespace="0x00300000" />
        <service id="0x1e25" sid="7717" name="FilmUA Drama" type="1" provider="SatTelecom" onid="85" tsid="44" namespace="0x00300000" />
        <service id="0x1e1e" sid="7710" name="Karavan TV" type="1" provider="SatTelecom" onid="85" tsid="44" namespace="0x00300000" />
        <service id="0x1e19" sid="7705" name="Nauka 2.0" type="1" provider="SatTelecom" onid="85" tsid="44" namespace="0x00300000" />
        <service id="0x1e23" sid="7715" name="Nauka 2.0" type="1" provider="SatTelecom" onid="85" tsid="44" namespace="0x00300000" />
        <service id="0x1e1d" sid="7709" name="OTV Ukraine" type="1" provider="SatTelecom" onid="85" tsid="44" namespace="0x00300000" />
        <service id="0x1e27" sid="7719" name="OTV Ukraine" type="1" provider="SatTelecom" onid="85" tsid="44" namespace="0x00300000" />
        <service id="0x1e28" sid="7720" name="Pravda Tut" type="1" provider="SatTelecom" onid="85" tsid="44" namespace="0x00300000" />
        <service id="0x1e18" sid="7704" name="Terra" type="1" provider="SatTelecom" onid="85" tsid="44" namespace="0x00300000" />
        <service id="0x1e22" sid="7714" name="Terra" type="1" provider="SatTelecom" onid="85" tsid="44" namespace="0x00300000" />
        <service id="0x1e15" sid="7701" name="Trofey" type="1" provider="SatTelecom" onid="85" tsid="44" namespace="0x00300000" />
        <service id="0x1e1f" sid="7711" name="Trofey" type="1" provider="SatTelecom" onid="85" tsid="44" namespace="0x00300000" />
        <service id="0x1e29" sid="7721" name="TV Kiev" type="1" provider="SatTelecom" onid="85" tsid="44" namespace="0x00300000" />
      </transponder>
    </satellite>
    <satellite key="00300000:0034:0055" name="Sat-4.8E" namespace="0x00300000" position="4.8">
      <transponder key="00300000:0034:0055" frequency="12245000" symbol_rate="27500000" polarization="V" fec="3" system="0" modulation="0">
        <service id="0x0b72" sid="2930" name="Baltijos televizija" type="1" provider="Viasat" onid="85" tsid="52" namespace="0x00300000" />
        <service id="0x0b9a" sid="2970" name="ETV 2" type="1" provider="Viasat" onid="85" tsid="52" namespace="0x00300000" />
        <service id="0x0b7c" sid="2940" name="ETV Estonia" type="1" provider="Viasat" onid="85" tsid="52" namespace="0x00300000" />
        <service id="0x0b86" sid="2950" name="Kanal 2" type="1" provider="Viasat" onid="85" tsid="52" namespace="0x00300000" />
        <service id="0x0b68" sid="2920" name="Lietuvos Rytas TV" type="1" provider="Viasat" onid="85" tsid="52" namespace="0x00300000" />
        <service id="0x0b5e" sid="2910" name="LNK" type="1" provider="Viasat" onid="85" tsid="52" namespace="0x00300000" />
        <service id="0x0b54" sid="2900" name="TV 1 Lithuania" type="1" provider="Viasat" onid="85" tsid="52" namespace="0x00300000" />
      </transponder>
    </satellite>
    <satellite key="00300000:0064:2324" name="Sat-4.8E" namespace="0x00300000" position="4.8">
      <transponder key="00300000:0064:2324" frequency="12188000" symbol_rate="30000000" polarization="H" fec="3" system="0" modulation="0">
        <service id="0x000a" sid="10" name="Indigo TV" type="25" provider="" onid="8996" tsid="100" namespace="0x00300000" />
        <service id="0x000d" sid="13" name="K2" type="25" provider="" onid="8996" tsid="100" namespace="0x00300000" />
        <service id="0x001c" sid="28" name="Kanal 5 Ukraine" type="25" provider="" onid="8996" tsid="100" namespace="0x00300000" />
        <service id="0x001b" sid="27" name="M1" type="25" provider="" onid="8996" tsid="100" namespace="0x00300000" />
        <service id="0x001a" sid="26" name="Novy Kanal" type="25" provider="" onid="8996" tsid="100" namespace="0x00300000" />
        <service id="0x000e" sid="14" name="NTN" type="25" provider="ZEONBUD" onid="8996" tsid="100" namespace="0x00300000" />
        <service id="0x000b" sid="11" name="Telekanal STB" type="25" provider="" onid="8996" tsid="100" namespace="0x00300000" />
        <service id="0x000c" sid="12" name="TET" type="25" provider="" onid="8996" tsid="100" namespace="0x00300000" />
        <service id="0x000f" sid="15" name="Zoom (Ukraine)" type="25" provider="" onid="8996" tsid="100" namespace="0x00300000" />
      </transponder>
    </satellite>
    <satellite key="00300000:012c:2324" name="Sat-4.8E" namespace="0x00300000" position="4.8">
      <transponder key="00300000:012c:2324" frequency="12341000" symbol_rate="30000000" polarization="H" fec="3" system="0" modulation="0">
        <service id="0x0011" sid="17" name="2+2" type="25" provider="ZEONBUD" onid="8996" tsid="300" namespace="0x00300000" />
        <service id="0x001a" sid="26" name="Business TV (Ukraine)" type="25" provider="ZEONBUD" onid="8996" tsid="300" namespace="0x00300000" />
        <service id="0x0012" sid="18" name="Dobro TV" type="25" provider="ZEONBUD" onid="8996" tsid="300" namespace="0x00300000" />
        <service id="0x0013" sid="19" name="Espreso TV" type="25" provider="ZEONBUD" onid="8996" tsid="300" namespace="0x00300000" />
        <service id="0x001f" sid="31" name="Mega" type="25" provider="ZEONBUD" onid="8996" tsid="300" namespace="0x00300000" />
        <service id="0x0010" sid="16" name="NLO TV" type="25" provider="ZEONBUD" onid="8996" tsid="300" namespace="0x00300000" />
        <service id="0x000e" sid="14" name="Pixel" type="25" provider="ZEONBUD" onid="8996" tsid="300" namespace="0x00300000" />
        <service id="0x000f" sid="15" name="XSport" type="25" provider="ZEONBUD" onid="8996" tsid="300" namespace="0x00300000" />
      </transponder>
    </satellite>
    <satellite key="00300000:0190:2324" name="Sat-4.8E" namespace="0x00300000" position="4.8">
      <transponder key="00300000:0190:2324" frequency="12341000" symbol_rate="30000000" polarization="H" fec="3" system="0" modulation="0">
        <service id="0x0001" sid="1" name="112 Ukraine HD" type="25" provider="" onid="8996" tsid="400" namespace="0x00300000" />
        <service id="0x002c" sid="44" name="Eskulap TB" type="25" provider="ZEONBUD" onid="8996" tsid="400" namespace="0x00300000" />
        <service id="0x002a" sid="42" name="Kultura" type="25" provider="ZEONBUD" onid="8996" tsid="400" namespace="0x00300000" />
        <service id="0x001d" sid="29" name="Tonis" type="25" provider="ZEONBUD" onid="8996" tsid="400" namespace="0x00300000" />
        <service id="0x002b" sid="43" name="Vintage" type="25" provider="ZEONBUD" onid="8996" tsid="400" namespace="0x00300000" />
        <service id="0x008c" sid="140" name="Тест" type="25" provider="" onid="8996" tsid="400" namespace="0x00300000" />
      </transponder>
    </satellite>
    <satellite key="00302f4f:0001:0001" name="Sat-4.8E" namespace="0x00302f4f" position="4.8">
      <transponder key="00302f4f:0001:0001" frequency="12111000" symbol_rate="26883000" polarization="H" fec="4" system="0" modulation="0">
        <service id="0x0001" sid="1" name="Service01" type="25" provider="FFmpeg" onid="1" tsid="1" namespace="0x00302f4f" />
      </transponder>
    </satellite>
    <satellite key="00302f75:00c9:0001" name="Sat-4.8E" namespace="0x00302f75" position="4.8">
      <transponder key="00302f75:00c9:0001" frequency="12149000" symbol_rate="27500000" polarization="H" fec="3" system="0" modulation="0">
        <service id="0x004e" sid="78" name="Alphameric Studio and SIS+ (PVU1)" type="1" provider="" onid="1" tsid="201" namespace="0x00302f75" />
        <service id="0x000e" sid="14" name="CORAL TV1 - PVU4" type="1" provider="" onid="1" tsid="201" namespace="0x00302f75" />
        <service id="0x001d" sid="29" name="CORAL TV1 SIS DATA - PVU4" type="1" provider="" onid="1" tsid="201" namespace="0x00302f75" />
        <service id="0x000b" sid="11" name="CORAL TV2 - PVU6" type="1" provider="" onid="1" tsid="201" namespace="0x00302f75" />
        <service id="0x002a" sid="42" name="Ladbrokes 1-PVU 3" type="1" provider="" onid="1" tsid="201" namespace="0x00302f75" />
        <service id="0x003a" sid="58" name="LADBROKES XTRA - PVU5" type="1" provider="" onid="1" tsid="201" namespace="0x00302f75" />
        <service id="0x00c9" sid="201" name="MK Test" type="1" provider="" onid="1" tsid="201" namespace="0x00302f75" />
        <service id="0x002e" sid="46" name="PPTV2" type="1" provider="" onid="1" tsid="201" namespace="0x00302f75" />
        <service id="0x002f" sid="47" name="PPTV3" type="1" provider="" onid="1" tsid="201" namespace="0x00302f75" />
        <service id="0x00fa" sid="250" name="SIS BarOne Indep" type="1" provider="" onid="1" tsid="201" namespace="0x00302f75" />
        <service id="0x006c" sid="108" name="SIS MK Test PVU 8" type="1" provider="" onid="1" tsid="201" namespace="0x00302f75" />
        <service id="0x0026" sid="38" name="SIS Racing" type="1" provider="" onid="1" tsid="201" namespace="0x00302f75" />
        <service id="0x00be" sid="190" name="SIS+ (PVU1)" type="1" provider="" onid="1" tsid="201" namespace="0x00302f75" />
        <service id="0x0028" sid="40" name="SIS+ with BTC Audio" type="1" provider="" onid="1" tsid="201" namespace="0x00302f75" />
        <service id="0x005c" sid="92" name="SPANISH - PVU2" type="1" provider="" onid="1" tsid="201" namespace="0x00302f75" />
      </transponder>
    </satellite>
    <satellite key="0030300f:ffff:ffff" name="Sat-4.8E" namespace="0x0030300f" position="4.8">
      <transponder key="0030300f:ffff:ffff" frequency="12303000" symbol_rate="25547000" polarization="H" fec="5" system="0" modulation="0">
        <service id="0x050b" sid="1291" name="Belsat TV" type="1" provider="ARQIVA" onid="65535" tsid="65535" namespace="0x0030300f" />
        <service id="0x00a4" sid="164" name="Cartoon Network Russia &amp; South Eastern Europe|  3h-21h" type="1" provider="" onid="65535" tsid="65535" namespace="0x0030300f" />
        <service id="0x00a5" sid="165" name="CN TCM Russia" type="1" provider="" onid="65535" tsid="65535" namespace="0x0030300f" />
        <service id="0x00a6" sid="166" name="CN/TCM English" type="1" provider="" onid="65535" tsid="65535" namespace="0x0030300f" />
        <service id="0x01fd" sid="509" name="Coral Live Betting" type="1" provider="Arqiva" onid="65535" tsid="65535" namespace="0x0030300f" />
        <service id="0x01f6" sid="502" name="Diva Balkans" type="1" provider="" onid="65535" tsid="65535" namespace="0x0030300f" />
        <service id="0x026c" sid="620" name="Diva Balkans" type="1" provider="" onid="65535" tsid="65535" namespace="0x0030300f" />
        <service id="0x006a" sid="106" name="Diva Romania" type="1" provider="" onid="65535" tsid="65535" namespace="0x0030300f" />
        <service id="0x01f5" sid="501" name="Diva Universal Romania" type="1" provider="" onid="65535" tsid="65535" namespace="0x0030300f" />
        <service id="0x050a" sid="1290" name="GBI Racing" type="1" provider="ARQIVA" onid="65535" tsid="65535" namespace="0x0030300f" />
        <service id="0x01fb" sid="507" name="Travel Channel" type="1" provider="Arqiva" onid="65535" tsid="65535" namespace="0x0030300f" />
        <service id="0x026d" sid="621" name="Universal HUNGARY" type="1" provider="" onid="65535" tsid="65535" namespace="0x0030300f" />
        <service id="0x026f" sid="623" name="Universal HUNGARY" type="1" provider="" onid="65535" tsid="65535" namespace="0x0030300f" />
      </transponder>
    </satellite>
    <satellite key="00303082:0065:0001" name="Sat-4.8E" namespace="0x00303082" position="4.8">
      <transponder key="00303082:0065:0001" frequency="12418000" symbol_rate="27500000" polarization="H" fec="3" system="0" modulation="0">
        <service id="0x007a" sid="122" name="ALPHAMERIC UK - CISCO 1" type="1" provider="" onid="1" tsid="101" namespace="0x00303082" />
        <service id="0x004b" sid="75" name="ALPHAMERIC UK WITH BTC" type="1" provider="" onid="1" tsid="101" namespace="0x00303082" />
        <service id="0x00a9" sid="169" name="ALT VC 168" type="1" provider="" onid="1" tsid="101" namespace="0x00303082" />
        <service id="0x00a8" sid="168" name="BETFRED SIS - CISCO 1" type="1" provider="" onid="1" tsid="101" namespace="0x00303082" />
        <service id="0x00a0" sid="160" name="BETFRED TOG - CISCO 3" type="1" provider="" onid="1" tsid="101" namespace="0x00303082" />
        <service id="0x001f" sid="31" name="BETFRED TOTE 2 - CISCO 1" type="1" provider="" onid="1" tsid="101" namespace="0x00303082" />
        <service id="0x00a2" sid="162" name="BETFRED TV (TTV) - CISCO 4" type="1" provider="" onid="1" tsid="101" namespace="0x00303082" />
        <service id="0x00a3" sid="163" name="BETFRED VIRTUAL - CISCO 5" type="1" provider="" onid="1" tsid="101" namespace="0x00303082" />
        <service id="0x001b" sid="27" name="LADBROKES SIS DATA" type="1" provider="" onid="1" tsid="101" namespace="0x00303082" />
        <service id="0x000f" sid="15" name="LADBROKES SIS LES2 - CISCO 1" type="1" provider="" onid="1" tsid="101" namespace="0x00303082" />
        <service id="0x00c8" sid="200" name="MCUK Test" type="1" provider="" onid="1" tsid="101" namespace="0x00303082" />
        <service id="0x005d" sid="93" name="NEW BOYLES SPORTS - CISCO 1" type="1" provider="" onid="1" tsid="101" namespace="0x00303082" />
        <service id="0x006f" sid="111" name="PPTV1" type="1" provider="" onid="1" tsid="101" namespace="0x00303082" />
        <service id="0x005a" sid="90" name="SIS Euro Racing" type="1" provider="" onid="1" tsid="101" namespace="0x00303082" />
        <service id="0x005b" sid="91" name="SIS EUROPE (NO DATA) - CISCO 2" type="1" provider="" onid="1" tsid="101" namespace="0x00303082" />
        <service id="0x000b" sid="11" name="SIS Racing" type="1" provider="" onid="1" tsid="101" namespace="0x00303082" />
        <service id="0x012e" sid="302" name="SIS UK - CISCO 1" type="1" provider="" onid="1" tsid="101" namespace="0x00303082" />
        <service id="0x004f" sid="79" name="SIS UK WITH BTC" type="1" provider="" onid="1" tsid="101" namespace="0x00303082" />
        <service id="0x002e" sid="46" name="SIS VISION BTC AUDIO (Ch11)" type="1" provider="" onid="1" tsid="101" namespace="0x00303082" />
        <service id="0x0031" sid="49" name="TEST CHANNEL - CISCO 1" type="1" provider="" onid="1" tsid="101" namespace="0x00303082" />
        <service id="0x0004" sid="4" name="VBC TEMP" type="1" provider="" onid="1" tsid="101" namespace="0x00303082" />
        <service id="0x0017" sid="23" name="WILLIAM HILL IP CLEAR - CISCO 6" type="1" provider="" onid="1" tsid="101" namespace="0x00303082" />
        <service id="0x003b" sid="59" name="WILLIAM HILL SIS DATA - CISCO 6" type="1" provider="" onid="1" tsid="101" namespace="0x00303082" />
      </transponder>
    </satellite>
    <satellite key="0030b022:0001:005e" name="Sat-4.8E" namespace="0x0030b022" position="4.8">
      <transponder key="0030b022:0001:005e" frequency="12322000" symbol_rate="27500000" polarization="V" fec="4" system="0" modulation="0">
        <service id="0x0028" sid="40" name="Animal Planet Eastern Europe" type="25" provider="" onid="94" tsid="1" namespace="0x0030b022" />
        <service id="0x0029" sid="41" name="Animal Planet Europe" type="25" provider="" onid="94" tsid="1" namespace="0x0030b022" />
        <service id="0x002a" sid="42" name="Animal Planet Europe" type="25" provider="" onid="94" tsid="1" namespace="0x0030b022" />
        <service id="0x00ca" sid="202" name="Animal Planet Turkey HD" type="25" provider="" onid="94" tsid="1" namespace="0x0030b022" />
        <service id="0x00c8" sid="200" name="Discovery Central Europe" type="25" provider="" onid="94" tsid="1" namespace="0x0030b022" />
        <service id="0x044c" sid="1100" name="Discovery Channel HD Turkey" type="25" provider="" onid="94" tsid="1" namespace="0x0030b022" />
        <service id="0x01f4" sid="500" name="Discovery Channel Middle-East" type="25" provider="" onid="94" tsid="1" namespace="0x0030b022" />
        <service id="0x00b4" sid="180" name="Discovery Science" type="25" provider="" onid="94" tsid="1" namespace="0x0030b022" />
        <service id="0x05dc" sid="1500" name="Discovery Science HD Turkey" type="25" provider="" onid="94" tsid="1" namespace="0x0030b022" />
        <service id="0x03e8" sid="1000" name="Discovery World" type="25" provider="" onid="94" tsid="1" namespace="0x0030b022" />
        <service id="0x03e9" sid="1001" name="Discovery World" type="25" provider="" onid="94" tsid="1" namespace="0x0030b022" />
        <service id="0x03ea" sid="1002" name="Discovery World" type="25" provider="" onid="94" tsid="1" namespace="0x0030b022" />
        <service id="0x046a" sid="1130" name="Eurosport 1" type="25" provider="none" onid="94" tsid="1" namespace="0x0030b022" />
        <service id="0x04aa" sid="1194" name="Eurosport 2" type="25" provider="none" onid="94" tsid="1" namespace="0x0030b022" />
        <service id="0x11f8" sid="4600" name="Eurosport 2 Belgium" type="25" provider="none" onid="94" tsid="1" namespace="0x0030b022" />
        <service id="0x042c" sid="1068" name="Eurosport 2 Germany" type="25" provider="none" onid="94" tsid="1" namespace="0x0030b022" />
        <service id="0x03ec" sid="1004" name="Eurosport 2 Poland" type="25" provider="Eurosport" onid="94" tsid="1" namespace="0x0030b022" />
        <service id="0x10cc" sid="4300" name="Eurosport Germany" type="25" provider="none" onid="94" tsid="1" namespace="0x0030b022" />
        <service id="0x012d" sid="301" name="ID Europe" type="25" provider="" onid="94" tsid="1" namespace="0x0030b022" />
        <service id="0x00bf" sid="191" name="ID Xtra Europe" type="25" provider="" onid="94" tsid="1" namespace="0x0030b022" />
        <service id="0x012c" sid="300" name="Investigation Discovery Europe" type="25" provider="" onid="94" tsid="1" namespace="0x0030b022" />
        <service id="0x00be" sid="190" name="Investigation Discovery Xtra" type="25" provider="" onid="94" tsid="1" namespace="0x0030b022" />
        <service id="0x00b5" sid="181" name="Science Europe" type="25" provider="" onid="94" tsid="1" namespace="0x0030b022" />
        <service id="0x00b6" sid="182" name="Science Europe" type="25" provider="" onid="94" tsid="1" namespace="0x0030b022" />
      </transponder>
    </satellite>
    <satellite key="0030b048:0001:005e" name="Sat-4.8E" namespace="0x0030b048" position="4.8">
      <transponder key="0030b048:0001:005e" frequency="12360000" symbol_rate="27500000" polarization="V" fec="4" system="0" modulation="0">
        <service id="0x06a4" sid="1700" name="Animal Planet Poland HD" type="25" provider="" onid="94" tsid="1" namespace="0x0030b048" />
        <service id="0x02bc" sid="700" name="Discovery Channel Bulgaria" type="25" provider="" onid="94" tsid="1" namespace="0x0030b048" />
        <service id="0x0028" sid="40" name="Discovery Channel Hungary" type="25" provider="" onid="94" tsid="1" namespace="0x0030b048" />
        <service id="0x04b0" sid="1200" name="Discovery Channel Polska" type="25" provider="" onid="94" tsid="1" namespace="0x0030b048" />
        <service id="0x012c" sid="300" name="Discovery Channel Romania" type="25" provider="" onid="94" tsid="1" namespace="0x0030b048" />
        <service id="0x017e" sid="382" name="Discovery Channel Sweden" type="25" provider="" onid="94" tsid="1" namespace="0x0030b048" />
        <service id="0x05dc" sid="1500" name="Discovery Life Poland" type="25" provider="" onid="94" tsid="1" namespace="0x0030b048" />
        <service id="0x02c4" sid="708" name="Discovery Science Poland HD" type="25" provider="" onid="94" tsid="1" namespace="0x0030b048" />
        <service id="0x0066" sid="102" name="Discovery Turbo Xtra Poland" type="25" provider="" onid="94" tsid="1" namespace="0x0030b048" />
        <service id="0x00c8" sid="200" name="Investigation Discovery Hungary" type="25" provider="" onid="94" tsid="1" namespace="0x0030b048" />
        <service id="0x0156" sid="342" name="Investigation Discovery Polska" type="25" provider="" onid="94" tsid="1" namespace="0x0030b048" />
        <service id="0x0118" sid="280" name="Investigation Discovery Sweden" type="25" provider="" onid="94" tsid="1" namespace="0x0030b048" />
        <service id="0x008c" sid="140" name="TLC Balkans" type="25" provider="" onid="94" tsid="1" namespace="0x0030b048" />
        <service id="0x0b54" sid="2900" name="TLC Europe" type="25" provider="" onid="94" tsid="1" namespace="0x0030b048" />
        <service id="0x03e8" sid="1000" name="TLC Hungary" type="25" provider="" onid="94" tsid="1" namespace="0x0030b048" />
        <service id="0x0b55" sid="2901" name="TLC Pan Regional - Portuguese" type="25" provider="" onid="94" tsid="1" namespace="0x0030b048" />
        <service id="0x0c1c" sid="3100" name="TLC Poland HD" type="25" provider="" onid="94" tsid="1" namespace="0x0030b048" />
      </transponder>
    </satellite>
  </satellites>
</zapit>
