<?xml version='1.0' encoding='utf-8'?>
<zapit>
  <bouquet name="General" category="tv">
    <channel service_ref="1:0:25:0005:0039:217c:0da20000:0:0:0:" name="Capri Casinò" service_name="Capri Casinò" provider="" sid="5" onid="8572" tsid="57" />
    <channel service_ref="1:0:25:00f7:0039:217c:0da20000:0:0:0:" name="Capri Fashion" service_name="Capri Fashion" provider="BeS" sid="247" onid="8572" tsid="57" />
    <channel service_ref="1:0:25:00ca:0039:217c:0da20000:0:0:0:" name="Capri Gourmet" service_name="Capri Gourmet" provider="TCSD" sid="202" onid="8572" tsid="57" />
    <channel service_ref="1:0:25:0001:0039:217c:0da20000:0:0:0:" name="Capri Store" service_name="Capri Store" provider="BS" sid="1" onid="8572" tsid="57" />
    <channel service_ref="1:0:25:0004:0039:217c:0da20000:0:0:0:" name="Neko TV" service_name="Neko TV" provider="" sid="4" onid="8572" tsid="57" />
    <channel service_ref="1:0:25:00a3:0039:217c:0da20000:0:0:0:" name="RadioCapriTelevisiON" service_name="RadioCapriTelevisiON" provider="" sid="163" onid="8572" tsid="57" />
    <channel service_ref="1:0:25:0022:0039:217c:0da20000:0:0:0:" name="Rete 82 Plus" service_name="Rete 82 Plus" provider="ptp" sid="34" onid="8572" tsid="57" />
    <channel service_ref="1:0:25:0002:0039:217c:0da20000:0:0:0:" name="Rete Capri" service_name="Rete Capri" provider="" sid="2" onid="8572" tsid="57" />
    <channel service_ref="1:0:25:004e:0039:217c:0da20000:0:0:0:" name="Rete Capri 2" service_name="Rete Capri 2" provider="BS" sid="78" onid="8572" tsid="57" />
    <channel service_ref="1:0:25:0003:0039:217c:0da20000:0:0:0:" name="RetecapriHD" service_name="RetecapriHD" provider="" sid="3" onid="8572" tsid="57" />
  </bouquet>
  <bouquet name="Switzerland" category="tv">
    <channel service_ref="1:0:25:00a3:0039:217c:0da20000:0:0:0:" name="RadioCapriTelevisiON" service_name="RadioCapriTelevisiON" provider="" sid="163" onid="8572" tsid="57" />
  </bouquet>
  <bouquet name="Resolution - HD" category="tv">
    <channel service_ref="1:0:25:0003:0039:217c:0da20000:0:0:0:" name="RetecapriHD" service_name="RetecapriHD" provider="" sid="3" onid="8572" tsid="57" />
  </bouquet>
  <bouquet name="Others" category="tv">
    <channel service_ref="1:0:25:0005:0039:217c:0da20000:0:0:0:" name="Capri Casinò" service_name="Capri Casinò" provider="" sid="5" onid="8572" tsid="57" />
    <channel service_ref="1:0:25:00f7:0039:217c:0da20000:0:0:0:" name="Capri Fashion" service_name="Capri Fashion" provider="BeS" sid="247" onid="8572" tsid="57" />
    <channel service_ref="1:0:25:00ca:0039:217c:0da20000:0:0:0:" name="Capri Gourmet" service_name="Capri Gourmet" provider="TCSD" sid="202" onid="8572" tsid="57" />
    <channel service_ref="1:0:25:0001:0039:217c:0da20000:0:0:0:" name="Capri Store" service_name="Capri Store" provider="BS" sid="1" onid="8572" tsid="57" />
    <channel service_ref="1:0:25:0004:0039:217c:0da20000:0:0:0:" name="Neko TV" service_name="Neko TV" provider="" sid="4" onid="8572" tsid="57" />
    <channel service_ref="1:0:25:0022:0039:217c:0da20000:0:0:0:" name="Rete 82 Plus" service_name="Rete 82 Plus" provider="ptp" sid="34" onid="8572" tsid="57" />
    <channel service_ref="1:0:25:0002:0039:217c:0da20000:0:0:0:" name="Rete Capri" service_name="Rete Capri" provider="" sid="2" onid="8572" tsid="57" />
    <channel service_ref="1:0:25:004e:0039:217c:0da20000:0:0:0:" name="Rete Capri 2" service_name="Rete Capri 2" provider="BS" sid="78" onid="8572" tsid="57" />
    <channel service_ref="1:0:25:0003:0039:217c:0da20000:0:0:0:" name="RetecapriHD" service_name="RetecapriHD" provider="" sid="3" onid="8572" tsid="57" />
  </bouquet>
</zapit>
