<?xml version='1.0' encoding='utf-8'?>
<zapit api="4">
  <satellites>
    <satellite key="01f42d5e:0001:0000" name="Sat-50E" namespace="0x01f42d5e" position="50">
      <transponder key="01f42d5e:0001:0000" frequency="11614000" symbol_rate="2220000" polarization="H" fec="1" system="0" modulation="0">
        <service id="0x0001" sid="1" name="TURKSAT TANITIM SD" type="1" provider="TURKSAT" onid="0" tsid="1" namespace="0x01f42d5e" />
      </transponder>
    </satellite>
    <satellite key="01f42da8:0001:ff01" name="Sat-50E" namespace="0x01f42da8" position="50">
      <transponder key="01f42da8:0001:ff01" frequency="11688000" symbol_rate="2222000" polarization="H" fec="4" system="0" modulation="0">
        <service id="0x0001" sid="1" name="TURKSAT TANITIM SD" type="1" provider="TURKSAT" onid="65281" tsid="1" namespace="0x01f42da8" />
      </transponder>
    </satellite>
    <satellite key="01f4abbe:0001:ff01" name="Sat-50E" namespace="0x01f4abbe" position="50">
      <transponder key="01f4abbe:0001:ff01" frequency="11198000" symbol_rate="2082000" polarization="V" fec="1" system="0" modulation="0">
        <service id="0x0001" sid="1" name="TURKSAT TANITIM SD" type="1" provider="TURKSAT" onid="65281" tsid="1" namespace="0x01f4abbe" />
      </transponder>
    </satellite>
  </satellites>
</zapit>
