<?xml version='1.0' encoding='utf-8'?>
<zapit>
  <bouquet name="General" category="tv">
    <channel service_ref="1:0:1:0004:7918:217c:eeee0000:0:0:0:" name="27 Twentyseven" service_name="27 Twentyseven" provider="Persidera" sid="4" onid="8572" tsid="31000" />
    <channel service_ref="1:0:1:0003:7918:217c:eeee0000:0:0:0:" name="27 Twentyseven (provvisorio)" service_name="27 Twentyseven (provvisorio)" provider="Persidera" sid="3" onid="8572" tsid="31000" />
    <channel service_ref="1:0:22:003c:0202:001d:eeee0000:0:0:0:" name="ALMA TV" service_name="ALMA TV" provider="Persidera" sid="60" onid="29" tsid="514" />
    <channel service_ref="1:0:22:03f6:0202:001d:eeee0000:0:0:0:" name="BFC" service_name="BFC" provider="Persidera" sid="1014" onid="29" tsid="514" />
    <channel service_ref="1:0:22:03f5:0202:001d:eeee0000:0:0:0:" name="BIKE" service_name="BIKE" provider="Persidera" sid="1013" onid="29" tsid="514" />
    <channel service_ref="1:0:22:001d:0202:001d:eeee0000:0:0:0:" name="BOM Channel" service_name="BOM Channel" provider="Persidera" sid="29" onid="29" tsid="514" />
    <channel service_ref="1:0:22:0039:0202:001d:eeee0000:0:0:0:" name="Byoblu" service_name="Byoblu" provider="Persidera" sid="57" onid="29" tsid="514" />
    <channel service_ref="1:0:22:03ea:0202:001d:eeee0000:0:0:0:" name="CANALE 235" service_name="CANALE 235" provider="Persidera" sid="1002" onid="29" tsid="514" />
    <channel service_ref="1:0:22:000d:0202:001d:eeee0000:0:0:0:" name="CANALE 237" service_name="CANALE 237" provider="Persidera" sid="13" onid="29" tsid="514" />
    <channel service_ref="1:0:25:003c:7918:217c:eeee0000:0:0:0:" name="CANALE 239" service_name="CANALE 239" provider="Persidera" sid="60" onid="8572" tsid="31000" />
    <channel service_ref="1:0:22:000f:0202:001d:eeee0000:0:0:0:" name="CANALE 263" service_name="CANALE 263" provider="Persidera" sid="15" onid="29" tsid="514" />
    <channel service_ref="1:0:22:03eb:0202:001d:eeee0000:0:0:0:" name="CANALE 268" service_name="CANALE 268" provider="Persidera" sid="1003" onid="29" tsid="514" />
    <channel service_ref="1:0:22:0003:0202:001d:eeee0000:0:0:0:" name="CHANNEL 24" service_name="CHANNEL 24" provider="Persidera" sid="3" onid="29" tsid="514" />
    <channel service_ref="1:0:22:0020:0200:001d:eeee0000:0:0:0:" name="Cielo" service_name="Cielo" provider="Persidera" sid="32" onid="29" tsid="512" />
    <channel service_ref="1:0:25:0031:0202:001d:eeee0000:0:0:0:" name="CUSANO ITALIA TV" service_name="CUSANO ITALIA TV" provider="Persidera" sid="49" onid="29" tsid="514" />
    <channel service_ref="1:0:25:001c:7918:217c:eeee0000:0:0:0:" name="Deejay TV" service_name="Deejay TV" provider="Persidera" sid="28" onid="8572" tsid="31000" />
    <channel service_ref="1:0:1:0014:0204:001d:eeee0000:0:0:0:" name="DMAX" service_name="DMAX" provider="Persidera" sid="20" onid="29" tsid="516" />
    <channel service_ref="1:0:22:0009:0202:001d:eeee0000:0:0:0:" name="DONNA SPORT TV" service_name="DONNA SPORT TV" provider="Persidera" sid="9" onid="29" tsid="514" />
    <channel service_ref="1:0:22:000c:0202:001d:eeee0000:0:0:0:" name="FIRE TV" service_name="FIRE TV" provider="Persidera" sid="12" onid="29" tsid="514" />
    <channel service_ref="1:0:1:005c:0200:001d:eeee0000:0:0:0:" name="frisbee" service_name="frisbee" provider="Persidera" sid="92" onid="29" tsid="512" />
    <channel service_ref="1:0:1:000a:0204:001d:eeee0000:0:0:0:" name="GM24.IT" service_name="GM24.IT" provider="Persidera" sid="10" onid="29" tsid="516" />
    <channel service_ref="1:0:1:000b:0204:001d:eeee0000:0:0:0:" name="GM24.IT HD" service_name="GM24.IT HD" provider="Persidera" sid="11" onid="29" tsid="516" />
    <channel service_ref="1:0:22:005a:0202:001d:eeee0000:0:0:0:" name="GO-TV" service_name="GO-TV" provider="Persidera" sid="90" onid="29" tsid="514" />
    <channel service_ref="1:0:22:0001:0202:001d:eeee0000:0:0:0:" name="GOLD TV ITALIA" service_name="GOLD TV ITALIA" provider="Persidera" sid="1" onid="29" tsid="514" />
    <channel service_ref="1:0:1:000d:7918:217c:eeee0000:0:0:0:" name="HGTV - Home&amp;Garden" service_name="HGTV - Home&amp;Garden" provider="Persidera" sid="13" onid="8572" tsid="31000" />
    <channel service_ref="1:0:22:000b:0202:001d:eeee0000:0:0:0:" name="ILIKE.TV" service_name="ILIKE.TV" provider="Persidera" sid="11" onid="29" tsid="514" />
    <channel service_ref="1:0:22:000a:0202:001d:eeee0000:0:0:0:" name="INLINEA TV" service_name="INLINEA TV" provider="Persidera" sid="10" onid="29" tsid="514" />
    <channel service_ref="1:0:22:002f:7918:217c:eeee0000:0:0:0:" name="Italia 141" service_name="Italia 141" provider="Persidera" sid="47" onid="8572" tsid="31000" />
    <channel service_ref="1:0:22:002e:7918:217c:eeee0000:0:0:0:" name="Italia 53" service_name="Italia 53" provider="Persidera" sid="46" onid="8572" tsid="31000" />
    <channel service_ref="1:0:22:008b:0202:001d:eeee0000:0:0:0:" name="ITALIA CHANNEL" service_name="ITALIA CHANNEL" provider="Persidera" sid="139" onid="29" tsid="514" />
    <channel service_ref="1:0:22:00d2:0204:001d:eeee0000:0:0:0:" name="Juwelo" service_name="Juwelo" provider="Persidera" sid="210" onid="29" tsid="516" />
    <channel service_ref="1:0:1:003d:0200:001d:eeee0000:0:0:0:" name="K2" service_name="K2" provider="Persidera" sid="61" onid="29" tsid="512" />
    <channel service_ref="1:0:22:0002:0202:001d:eeee0000:0:0:0:" name="LA 4 ITALIA" service_name="LA 4 ITALIA" provider="Persidera" sid="2" onid="29" tsid="514" />
    <channel service_ref="1:0:22:0014:7918:217c:eeee0000:0:0:0:" name="LA 9" service_name="LA 9" provider="Persidera" sid="20" onid="8572" tsid="31000" />
    <channel service_ref="1:0:22:000e:0202:001d:eeee0000:0:0:0:" name="LA242" service_name="LA242" provider="Persidera" sid="14" onid="29" tsid="514" />
    <channel service_ref="1:0:22:0006:0202:001d:eeee0000:0:0:0:" name="LINEA ITALIA" service_name="LINEA ITALIA" provider="Persidera" sid="6" onid="29" tsid="514" />
    <channel service_ref="1:0:22:0005:0202:001d:eeee0000:0:0:0:" name="LINEAGEM" service_name="LINEAGEM" provider="Persidera" sid="5" onid="29" tsid="514" />
    <channel service_ref="1:0:22:008c:0202:001d:eeee0000:0:0:0:" name="Mediatext.it" service_name="Mediatext.it" provider="Persidera" sid="140" onid="29" tsid="514" />
    <channel service_ref="1:0:1:0002:7918:217c:eeee0000:0:0:0:" name="Motor Trend" service_name="Motor Trend" provider="Persidera" sid="2" onid="8572" tsid="31000" />
    <channel service_ref="1:0:1:0001:7918:217c:eeee0000:0:0:0:" name="NOVE" service_name="NOVE" provider="Persidera" sid="1" onid="8572" tsid="31000" />
    <channel service_ref="1:0:1:000e:7918:217c:eeee0000:0:0:0:" name="NOVE" service_name="NOVE" provider="Persidera" sid="14" onid="8572" tsid="31000" />
    <channel service_ref="1:0:1:001d:7918:217c:eeee0000:0:0:0:" name="NOVE" service_name="NOVE" provider="Persidera" sid="29" onid="8572" tsid="31000" />
    <channel service_ref="1:0:22:000d:0204:001d:eeee0000:0:0:0:" name="ORLER TV" service_name="ORLER TV" provider="Persidera" sid="13" onid="29" tsid="516" />
    <channel service_ref="1:0:22:007d:0202:001d:eeee0000:0:0:0:" name="Parole di Vita" service_name="Parole di Vita" provider="Persidera" sid="125" onid="29" tsid="514" />
    <channel service_ref="1:0:22:008d:0202:001d:eeee0000:0:0:0:" name="PIANETA TV" service_name="PIANETA TV" provider="Persidera" sid="141" onid="29" tsid="514" />
    <channel service_ref="1:0:22:03fa:0202:001d:eeee0000:0:0:0:" name="PREMIO 800" service_name="PREMIO 800" provider="Persidera" sid="1018" onid="29" tsid="514" />
    <channel service_ref="1:0:22:03f7:0202:001d:eeee0000:0:0:0:" name="PREMIO LIVE" service_name="PREMIO LIVE" provider="Persidera" sid="1015" onid="29" tsid="514" />
    <channel service_ref="1:0:22:03f8:0202:001d:eeee0000:0:0:0:" name="PREMIO SPORT" service_name="PREMIO SPORT" provider="Persidera" sid="1016" onid="29" tsid="514" />
    <channel service_ref="1:0:22:03f9:0202:001d:eeee0000:0:0:0:" name="PREMIO SPORT 2" service_name="PREMIO SPORT 2" provider="Persidera" sid="1017" onid="29" tsid="514" />
    <channel service_ref="1:0:22:03ec:0202:001d:eeee0000:0:0:0:" name="PROMO FOOD" service_name="PROMO FOOD" provider="Persidera" sid="1004" onid="29" tsid="514" />
    <channel service_ref="1:0:22:03ee:0202:001d:eeee0000:0:0:0:" name="PROMO HOME" service_name="PROMO HOME" provider="Persidera" sid="1006" onid="29" tsid="514" />
    <channel service_ref="1:0:22:03f3:0202:001d:eeee0000:0:0:0:" name="PROMO KIDS" service_name="PROMO KIDS" provider="Persidera" sid="1011" onid="29" tsid="514" />
    <channel service_ref="1:0:22:03f0:0202:001d:eeee0000:0:0:0:" name="PROMO LIFE" service_name="PROMO LIFE" provider="Persidera" sid="1008" onid="29" tsid="514" />
    <channel service_ref="1:0:22:03ef:0202:001d:eeee0000:0:0:0:" name="PROMO LIVING" service_name="PROMO LIVING" provider="Persidera" sid="1007" onid="29" tsid="514" />
    <channel service_ref="1:0:22:03f2:0202:001d:eeee0000:0:0:0:" name="PROMO MUSIC" service_name="PROMO MUSIC" provider="Persidera" sid="1010" onid="29" tsid="514" />
    <channel service_ref="1:0:22:03f1:0202:001d:eeee0000:0:0:0:" name="PROMO SHOPPING" service_name="PROMO SHOPPING" provider="Persidera" sid="1009" onid="29" tsid="514" />
    <channel service_ref="1:0:22:001a:0204:001d:eeee0000:0:0:0:" name="PROMO SPORT" service_name="PROMO SPORT" provider="Persidera" sid="26" onid="29" tsid="516" />
    <channel service_ref="1:0:22:03ed:0202:001d:eeee0000:0:0:0:" name="PROMO TRAVEL" service_name="PROMO TRAVEL" provider="Persidera" sid="1005" onid="29" tsid="514" />
    <channel service_ref="1:0:25:004e:0202:001d:eeee0000:0:0:0:" name="RADIO KISS KISS TV" service_name="RADIO KISS KISS TV" provider="Persidera" sid="78" onid="29" tsid="514" />
    <channel service_ref="1:0:22:00fa:0204:001d:eeee0000:0:0:0:" name="RADIO LIBERTA'" service_name="RADIO LIBERTA'" provider="Persidera" sid="250" onid="29" tsid="516" />
    <channel service_ref="1:0:22:0008:0202:001d:eeee0000:0:0:0:" name="RADIO RADIO TV" service_name="RADIO RADIO TV" provider="Persidera" sid="8" onid="29" tsid="514" />
    <channel service_ref="1:0:25:0034:0204:001d:eeee0000:0:0:0:" name="RADIO ZETA" service_name="RADIO ZETA" provider="Persidera" sid="52" onid="29" tsid="516" />
    <channel service_ref="1:0:25:008c:0204:001d:eeee0000:0:0:0:" name="RADIO ZETA HD" service_name="RADIO ZETA HD" provider="Persidera" sid="140" onid="29" tsid="516" />
    <channel service_ref="1:0:25:00da:0204:001d:eeee0000:0:0:0:" name="RADIOFRECCIA" service_name="RADIOFRECCIA" provider="Persidera" sid="218" onid="29" tsid="516" />
    <channel service_ref="1:0:25:00dc:0204:001d:eeee0000:0:0:0:" name="RADIOFRECCIA HD" service_name="RADIOFRECCIA HD" provider="Persidera" sid="220" onid="29" tsid="516" />
    <channel service_ref="1:0:1:003c:0200:001d:eeee0000:0:0:0:" name="RadioItaliaTV" service_name="RadioItaliaTV" provider="Persidera" sid="60" onid="29" tsid="512" />
    <channel service_ref="1:0:1:001d:0200:001d:eeee0000:0:0:0:" name="RadioItaliaTV HD" service_name="RadioItaliaTV HD" provider="Persidera" sid="29" onid="29" tsid="512" />
    <channel service_ref="1:0:25:005b:0202:001d:eeee0000:0:0:0:" name="RDS Social TV" service_name="RDS Social TV" provider="Persidera" sid="91" onid="29" tsid="514" />
    <channel service_ref="1:0:25:005c:0202:001d:eeee0000:0:0:0:" name="RDS Social TV" service_name="RDS Social TV" provider="Persidera" sid="92" onid="29" tsid="514" />
    <channel service_ref="1:0:1:002c:0204:001d:eeee0000:0:0:0:" name="Real Time" service_name="Real Time" provider="Persidera" sid="44" onid="29" tsid="516" />
    <channel service_ref="1:0:22:0004:0202:001d:eeee0000:0:0:0:" name="RETE ITALIA" service_name="RETE ITALIA" provider="Persidera" sid="4" onid="29" tsid="514" />
    <channel service_ref="1:0:25:000f:0204:001d:eeee0000:0:0:0:" name="RTL 102.5" service_name="RTL 102.5" provider="Persidera" sid="15" onid="29" tsid="516" />
    <channel service_ref="1:0:25:00db:0204:001d:eeee0000:0:0:0:" name="RTL 102.5 HD" service_name="RTL 102.5 HD" provider="Persidera" sid="219" onid="29" tsid="516" />
    <channel service_ref="1:0:25:003c:0204:001d:eeee0000:0:0:0:" name="RTL 102.5 NEWS" service_name="RTL 102.5 NEWS" provider="Persidera" sid="60" onid="29" tsid="516" />
    <channel service_ref="1:0:25:00a0:0204:001d:eeee0000:0:0:0:" name="RTL 102.5 NEWS HD" service_name="RTL 102.5 NEWS HD" provider="Persidera" sid="160" onid="29" tsid="516" />
    <channel service_ref="1:0:22:005a:0200:001d:eeee0000:0:0:0:" name="Sky TG24" service_name="Sky TG24" provider="Persidera" sid="90" onid="29" tsid="512" />
    <channel service_ref="1:0:22:03e9:0202:001d:eeee0000:0:0:0:" name="SoloCalcio" service_name="SoloCalcio" provider="Persidera" sid="1001" onid="29" tsid="514" />
    <channel service_ref="1:0:22:0020:7918:217c:eeee0000:0:0:0:" name="SPORTITALIA" service_name="SPORTITALIA" provider="Persidera" sid="32" onid="8572" tsid="31000" />
    <channel service_ref="1:0:22:0021:7918:217c:eeee0000:0:0:0:" name="SPORTITALIA HD" service_name="SPORTITALIA HD" provider="Persidera" sid="33" onid="8572" tsid="31000" />
    <channel service_ref="1:0:22:0019:0200:001d:eeee0000:0:0:0:" name="Super!" service_name="Super!" provider="Persidera" sid="25" onid="29" tsid="512" />
    <channel service_ref="1:0:25:001c:0200:001d:eeee0000:0:0:0:" name="SUPERTENNIS" service_name="SUPERTENNIS" provider="Persidera" sid="28" onid="29" tsid="512" />
    <channel service_ref="1:0:22:006e:0202:001d:eeee0000:0:0:0:" name="TCI" service_name="TCI" provider="Persidera" sid="110" onid="29" tsid="514" />
    <channel service_ref="1:0:25:0028:0200:001d:eeee0000:0:0:0:" name="TV2000" service_name="TV2000" provider="Persidera" sid="40" onid="29" tsid="512" />
    <channel service_ref="1:0:25:0029:0200:001d:eeee0000:0:0:0:" name="TV2000" service_name="TV2000" provider="Persidera" sid="41" onid="29" tsid="512" />
    <channel service_ref="1:0:1:0028:0202:001d:eeee0000:0:0:0:" name="TV2000 (provvisorio)" service_name="TV2000 (provvisorio)" provider="Persidera" sid="40" onid="29" tsid="514" />
    <channel service_ref="1:0:1:001e:0200:001d:eeee0000:0:0:0:" name="TV8" service_name="TV8" provider="Persidera" sid="30" onid="29" tsid="512" />
    <channel service_ref="1:0:1:002e:0200:001d:eeee0000:0:0:0:" name="TV8" service_name="TV8" provider="Persidera" sid="46" onid="29" tsid="512" />
    <channel service_ref="1:0:1:002f:0200:001d:eeee0000:0:0:0:" name="TV8" service_name="TV8" provider="Persidera" sid="47" onid="29" tsid="512" />
    <channel service_ref="1:0:1:0070:0200:001d:eeee0000:0:0:0:" name="TV8 News On Demand" service_name="TV8 News On Demand" provider="Persidera" sid="112" onid="29" tsid="512" />
    <channel service_ref="1:0:22:004e:0200:001d:eeee0000:0:0:0:" name="VH1" service_name="VH1" provider="Persidera" sid="78" onid="29" tsid="512" />
    <channel service_ref="1:0:1:004f:0200:001d:eeee0000:0:0:0:" name="VH1" service_name="VH1" provider="Persidera" sid="79" onid="29" tsid="512" />
    <channel service_ref="1:0:1:0071:0200:001d:eeee0000:0:0:0:" name="VH1 On Demand" service_name="VH1 On Demand" provider="Persidera" sid="113" onid="29" tsid="512" />
    <channel service_ref="1:0:1:0072:0200:001d:eeee0000:0:0:0:" name="VH1 On Demand" service_name="VH1 On Demand" provider="Persidera" sid="114" onid="29" tsid="512" />
    <channel service_ref="1:0:22:03f4:0202:001d:eeee0000:0:0:0:" name="WELCOME IN" service_name="WELCOME IN" provider="Persdiera" sid="1012" onid="29" tsid="514" />
  </bouquet>
  <bouquet name="News" category="tv">
    <channel service_ref="1:0:25:003c:0204:001d:eeee0000:0:0:0:" name="RTL 102.5 NEWS" service_name="RTL 102.5 NEWS" provider="Persidera" sid="60" onid="29" tsid="516" />
    <channel service_ref="1:0:25:00a0:0204:001d:eeee0000:0:0:0:" name="RTL 102.5 NEWS HD" service_name="RTL 102.5 NEWS HD" provider="Persidera" sid="160" onid="29" tsid="516" />
    <channel service_ref="1:0:1:0070:0200:001d:eeee0000:0:0:0:" name="TV8 News On Demand" service_name="TV8 News On Demand" provider="Persidera" sid="112" onid="29" tsid="512" />
  </bouquet>
  <bouquet name="Sports" category="tv">
    <channel service_ref="1:0:22:0009:0202:001d:eeee0000:0:0:0:" name="DONNA SPORT TV" service_name="DONNA SPORT TV" provider="Persidera" sid="9" onid="29" tsid="514" />
    <channel service_ref="1:0:22:03f8:0202:001d:eeee0000:0:0:0:" name="PREMIO SPORT" service_name="PREMIO SPORT" provider="Persidera" sid="1016" onid="29" tsid="514" />
    <channel service_ref="1:0:22:03f9:0202:001d:eeee0000:0:0:0:" name="PREMIO SPORT 2" service_name="PREMIO SPORT 2" provider="Persidera" sid="1017" onid="29" tsid="514" />
    <channel service_ref="1:0:22:001a:0204:001d:eeee0000:0:0:0:" name="PROMO SPORT" service_name="PROMO SPORT" provider="Persidera" sid="26" onid="29" tsid="516" />
    <channel service_ref="1:0:22:0020:7918:217c:eeee0000:0:0:0:" name="SPORTITALIA" service_name="SPORTITALIA" provider="Persidera" sid="32" onid="8572" tsid="31000" />
    <channel service_ref="1:0:22:0021:7918:217c:eeee0000:0:0:0:" name="SPORTITALIA HD" service_name="SPORTITALIA HD" provider="Persidera" sid="33" onid="8572" tsid="31000" />
  </bouquet>
  <bouquet name="Kids" category="tv">
    <channel service_ref="1:0:22:03f3:0202:001d:eeee0000:0:0:0:" name="PROMO KIDS" service_name="PROMO KIDS" provider="Persidera" sid="1011" onid="29" tsid="514" />
  </bouquet>
  <bouquet name="Music" category="tv">
    <channel service_ref="1:0:22:03f2:0202:001d:eeee0000:0:0:0:" name="PROMO MUSIC" service_name="PROMO MUSIC" provider="Persidera" sid="1010" onid="29" tsid="514" />
  </bouquet>
  <bouquet name="Sky" category="tv">
    <channel service_ref="1:0:22:005a:0200:001d:eeee0000:0:0:0:" name="Sky TG24" service_name="Sky TG24" provider="Persidera" sid="90" onid="29" tsid="512" />
  </bouquet>
  <bouquet name="RTL" category="tv">
    <channel service_ref="1:0:25:000f:0204:001d:eeee0000:0:0:0:" name="RTL 102.5" service_name="RTL 102.5" provider="Persidera" sid="15" onid="29" tsid="516" />
    <channel service_ref="1:0:25:00db:0204:001d:eeee0000:0:0:0:" name="RTL 102.5 HD" service_name="RTL 102.5 HD" provider="Persidera" sid="219" onid="29" tsid="516" />
  </bouquet>
  <bouquet name="ARD/ZDF" category="tv">
    <channel service_ref="1:0:1:000d:7918:217c:eeee0000:0:0:0:" name="HGTV - Home&amp;Garden" service_name="HGTV - Home&amp;Garden" provider="Persidera" sid="13" onid="8572" tsid="31000" />
  </bouquet>
  <bouquet name="RAI" category="tv">
    <channel service_ref="1:0:25:0031:0202:001d:eeee0000:0:0:0:" name="CUSANO ITALIA TV" service_name="CUSANO ITALIA TV" provider="Persidera" sid="49" onid="29" tsid="514" />
    <channel service_ref="1:0:22:0001:0202:001d:eeee0000:0:0:0:" name="GOLD TV ITALIA" service_name="GOLD TV ITALIA" provider="Persidera" sid="1" onid="29" tsid="514" />
    <channel service_ref="1:0:22:002f:7918:217c:eeee0000:0:0:0:" name="Italia 141" service_name="Italia 141" provider="Persidera" sid="47" onid="8572" tsid="31000" />
    <channel service_ref="1:0:22:002e:7918:217c:eeee0000:0:0:0:" name="Italia 53" service_name="Italia 53" provider="Persidera" sid="46" onid="8572" tsid="31000" />
    <channel service_ref="1:0:22:008b:0202:001d:eeee0000:0:0:0:" name="ITALIA CHANNEL" service_name="ITALIA CHANNEL" provider="Persidera" sid="139" onid="29" tsid="514" />
    <channel service_ref="1:0:22:0002:0202:001d:eeee0000:0:0:0:" name="LA 4 ITALIA" service_name="LA 4 ITALIA" provider="Persidera" sid="2" onid="29" tsid="514" />
    <channel service_ref="1:0:22:0006:0202:001d:eeee0000:0:0:0:" name="LINEA ITALIA" service_name="LINEA ITALIA" provider="Persidera" sid="6" onid="29" tsid="514" />
    <channel service_ref="1:0:1:003c:0200:001d:eeee0000:0:0:0:" name="RadioItaliaTV" service_name="RadioItaliaTV" provider="Persidera" sid="60" onid="29" tsid="512" />
    <channel service_ref="1:0:1:001d:0200:001d:eeee0000:0:0:0:" name="RadioItaliaTV HD" service_name="RadioItaliaTV HD" provider="Persidera" sid="29" onid="29" tsid="512" />
    <channel service_ref="1:0:22:0004:0202:001d:eeee0000:0:0:0:" name="RETE ITALIA" service_name="RETE ITALIA" provider="Persidera" sid="4" onid="29" tsid="514" />
  </bouquet>
  <bouquet name="TF1" category="tv">
    <channel service_ref="1:0:22:03ea:0202:001d:eeee0000:0:0:0:" name="CANALE 235" service_name="CANALE 235" provider="Persidera" sid="1002" onid="29" tsid="514" />
    <channel service_ref="1:0:22:000d:0202:001d:eeee0000:0:0:0:" name="CANALE 237" service_name="CANALE 237" provider="Persidera" sid="13" onid="29" tsid="514" />
    <channel service_ref="1:0:25:003c:7918:217c:eeee0000:0:0:0:" name="CANALE 239" service_name="CANALE 239" provider="Persidera" sid="60" onid="8572" tsid="31000" />
    <channel service_ref="1:0:22:000f:0202:001d:eeee0000:0:0:0:" name="CANALE 263" service_name="CANALE 263" provider="Persidera" sid="15" onid="29" tsid="514" />
    <channel service_ref="1:0:22:03eb:0202:001d:eeee0000:0:0:0:" name="CANALE 268" service_name="CANALE 268" provider="Persidera" sid="1003" onid="29" tsid="514" />
  </bouquet>
  <bouquet name="Resolution - HD" category="tv">
    <channel service_ref="1:0:1:000b:0204:001d:eeee0000:0:0:0:" name="GM24.IT HD" service_name="GM24.IT HD" provider="Persidera" sid="11" onid="29" tsid="516" />
    <channel service_ref="1:0:25:008c:0204:001d:eeee0000:0:0:0:" name="RADIO ZETA HD" service_name="RADIO ZETA HD" provider="Persidera" sid="140" onid="29" tsid="516" />
    <channel service_ref="1:0:25:00dc:0204:001d:eeee0000:0:0:0:" name="RADIOFRECCIA HD" service_name="RADIOFRECCIA HD" provider="Persidera" sid="220" onid="29" tsid="516" />
    <channel service_ref="1:0:1:001d:0200:001d:eeee0000:0:0:0:" name="RadioItaliaTV HD" service_name="RadioItaliaTV HD" provider="Persidera" sid="29" onid="29" tsid="512" />
    <channel service_ref="1:0:25:00db:0204:001d:eeee0000:0:0:0:" name="RTL 102.5 HD" service_name="RTL 102.5 HD" provider="Persidera" sid="219" onid="29" tsid="516" />
    <channel service_ref="1:0:25:00a0:0204:001d:eeee0000:0:0:0:" name="RTL 102.5 NEWS HD" service_name="RTL 102.5 NEWS HD" provider="Persidera" sid="160" onid="29" tsid="516" />
    <channel service_ref="1:0:22:0021:7918:217c:eeee0000:0:0:0:" name="SPORTITALIA HD" service_name="SPORTITALIA HD" provider="Persidera" sid="33" onid="8572" tsid="31000" />
  </bouquet>
  <bouquet name="Shopping" category="tv">
    <channel service_ref="1:0:22:03f1:0202:001d:eeee0000:0:0:0:" name="PROMO SHOPPING" service_name="PROMO SHOPPING" provider="Persidera" sid="1009" onid="29" tsid="514" />
  </bouquet>
  <bouquet name="Others" category="tv">
    <channel service_ref="1:0:1:0004:7918:217c:eeee0000:0:0:0:" name="27 Twentyseven" service_name="27 Twentyseven" provider="Persidera" sid="4" onid="8572" tsid="31000" />
    <channel service_ref="1:0:1:0003:7918:217c:eeee0000:0:0:0:" name="27 Twentyseven (provvisorio)" service_name="27 Twentyseven (provvisorio)" provider="Persidera" sid="3" onid="8572" tsid="31000" />
    <channel service_ref="1:0:22:003c:0202:001d:eeee0000:0:0:0:" name="ALMA TV" service_name="ALMA TV" provider="Persidera" sid="60" onid="29" tsid="514" />
    <channel service_ref="1:0:22:03f6:0202:001d:eeee0000:0:0:0:" name="BFC" service_name="BFC" provider="Persidera" sid="1014" onid="29" tsid="514" />
    <channel service_ref="1:0:22:03f5:0202:001d:eeee0000:0:0:0:" name="BIKE" service_name="BIKE" provider="Persidera" sid="1013" onid="29" tsid="514" />
    <channel service_ref="1:0:22:001d:0202:001d:eeee0000:0:0:0:" name="BOM Channel" service_name="BOM Channel" provider="Persidera" sid="29" onid="29" tsid="514" />
    <channel service_ref="1:0:22:0039:0202:001d:eeee0000:0:0:0:" name="Byoblu" service_name="Byoblu" provider="Persidera" sid="57" onid="29" tsid="514" />
    <channel service_ref="1:0:22:0003:0202:001d:eeee0000:0:0:0:" name="CHANNEL 24" service_name="CHANNEL 24" provider="Persidera" sid="3" onid="29" tsid="514" />
    <channel service_ref="1:0:22:0020:0200:001d:eeee0000:0:0:0:" name="Cielo" service_name="Cielo" provider="Persidera" sid="32" onid="29" tsid="512" />
    <channel service_ref="1:0:25:001c:7918:217c:eeee0000:0:0:0:" name="Deejay TV" service_name="Deejay TV" provider="Persidera" sid="28" onid="8572" tsid="31000" />
    <channel service_ref="1:0:1:0014:0204:001d:eeee0000:0:0:0:" name="DMAX" service_name="DMAX" provider="Persidera" sid="20" onid="29" tsid="516" />
    <channel service_ref="1:0:22:000c:0202:001d:eeee0000:0:0:0:" name="FIRE TV" service_name="FIRE TV" provider="Persidera" sid="12" onid="29" tsid="514" />
    <channel service_ref="1:0:1:005c:0200:001d:eeee0000:0:0:0:" name="frisbee" service_name="frisbee" provider="Persidera" sid="92" onid="29" tsid="512" />
    <channel service_ref="1:0:1:000a:0204:001d:eeee0000:0:0:0:" name="GM24.IT" service_name="GM24.IT" provider="Persidera" sid="10" onid="29" tsid="516" />
    <channel service_ref="1:0:1:000b:0204:001d:eeee0000:0:0:0:" name="GM24.IT HD" service_name="GM24.IT HD" provider="Persidera" sid="11" onid="29" tsid="516" />
    <channel service_ref="1:0:22:005a:0202:001d:eeee0000:0:0:0:" name="GO-TV" service_name="GO-TV" provider="Persidera" sid="90" onid="29" tsid="514" />
    <channel service_ref="1:0:22:000b:0202:001d:eeee0000:0:0:0:" name="ILIKE.TV" service_name="ILIKE.TV" provider="Persidera" sid="11" onid="29" tsid="514" />
    <channel service_ref="1:0:22:000a:0202:001d:eeee0000:0:0:0:" name="INLINEA TV" service_name="INLINEA TV" provider="Persidera" sid="10" onid="29" tsid="514" />
    <channel service_ref="1:0:22:00d2:0204:001d:eeee0000:0:0:0:" name="Juwelo" service_name="Juwelo" provider="Persidera" sid="210" onid="29" tsid="516" />
    <channel service_ref="1:0:1:003d:0200:001d:eeee0000:0:0:0:" name="K2" service_name="K2" provider="Persidera" sid="61" onid="29" tsid="512" />
    <channel service_ref="1:0:22:0014:7918:217c:eeee0000:0:0:0:" name="LA 9" service_name="LA 9" provider="Persidera" sid="20" onid="8572" tsid="31000" />
    <channel service_ref="1:0:22:000e:0202:001d:eeee0000:0:0:0:" name="LA242" service_name="LA242" provider="Persidera" sid="14" onid="29" tsid="514" />
    <channel service_ref="1:0:22:0005:0202:001d:eeee0000:0:0:0:" name="LINEAGEM" service_name="LINEAGEM" provider="Persidera" sid="5" onid="29" tsid="514" />
    <channel service_ref="1:0:22:008c:0202:001d:eeee0000:0:0:0:" name="Mediatext.it" service_name="Mediatext.it" provider="Persidera" sid="140" onid="29" tsid="514" />
    <channel service_ref="1:0:1:0002:7918:217c:eeee0000:0:0:0:" name="Motor Trend" service_name="Motor Trend" provider="Persidera" sid="2" onid="8572" tsid="31000" />
    <channel service_ref="1:0:1:0001:7918:217c:eeee0000:0:0:0:" name="NOVE" service_name="NOVE" provider="Persidera" sid="1" onid="8572" tsid="31000" />
    <channel service_ref="1:0:1:000e:7918:217c:eeee0000:0:0:0:" name="NOVE" service_name="NOVE" provider="Persidera" sid="14" onid="8572" tsid="31000" />
    <channel service_ref="1:0:1:001d:7918:217c:eeee0000:0:0:0:" name="NOVE" service_name="NOVE" provider="Persidera" sid="29" onid="8572" tsid="31000" />
    <channel service_ref="1:0:22:000d:0204:001d:eeee0000:0:0:0:" name="ORLER TV" service_name="ORLER TV" provider="Persidera" sid="13" onid="29" tsid="516" />
    <channel service_ref="1:0:22:007d:0202:001d:eeee0000:0:0:0:" name="Parole di Vita" service_name="Parole di Vita" provider="Persidera" sid="125" onid="29" tsid="514" />
    <channel service_ref="1:0:22:008d:0202:001d:eeee0000:0:0:0:" name="PIANETA TV" service_name="PIANETA TV" provider="Persidera" sid="141" onid="29" tsid="514" />
    <channel service_ref="1:0:22:03fa:0202:001d:eeee0000:0:0:0:" name="PREMIO 800" service_name="PREMIO 800" provider="Persidera" sid="1018" onid="29" tsid="514" />
    <channel service_ref="1:0:22:03f7:0202:001d:eeee0000:0:0:0:" name="PREMIO LIVE" service_name="PREMIO LIVE" provider="Persidera" sid="1015" onid="29" tsid="514" />
    <channel service_ref="1:0:22:03ec:0202:001d:eeee0000:0:0:0:" name="PROMO FOOD" service_name="PROMO FOOD" provider="Persidera" sid="1004" onid="29" tsid="514" />
    <channel service_ref="1:0:22:03ee:0202:001d:eeee0000:0:0:0:" name="PROMO HOME" service_name="PROMO HOME" provider="Persidera" sid="1006" onid="29" tsid="514" />
    <channel service_ref="1:0:22:03f0:0202:001d:eeee0000:0:0:0:" name="PROMO LIFE" service_name="PROMO LIFE" provider="Persidera" sid="1008" onid="29" tsid="514" />
    <channel service_ref="1:0:22:03ef:0202:001d:eeee0000:0:0:0:" name="PROMO LIVING" service_name="PROMO LIVING" provider="Persidera" sid="1007" onid="29" tsid="514" />
    <channel service_ref="1:0:22:03ed:0202:001d:eeee0000:0:0:0:" name="PROMO TRAVEL" service_name="PROMO TRAVEL" provider="Persidera" sid="1005" onid="29" tsid="514" />
    <channel service_ref="1:0:25:004e:0202:001d:eeee0000:0:0:0:" name="RADIO KISS KISS TV" service_name="RADIO KISS KISS TV" provider="Persidera" sid="78" onid="29" tsid="514" />
    <channel service_ref="1:0:22:00fa:0204:001d:eeee0000:0:0:0:" name="RADIO LIBERTA'" service_name="RADIO LIBERTA'" provider="Persidera" sid="250" onid="29" tsid="516" />
    <channel service_ref="1:0:22:0008:0202:001d:eeee0000:0:0:0:" name="RADIO RADIO TV" service_name="RADIO RADIO TV" provider="Persidera" sid="8" onid="29" tsid="514" />
    <channel service_ref="1:0:25:0034:0204:001d:eeee0000:0:0:0:" name="RADIO ZETA" service_name="RADIO ZETA" provider="Persidera" sid="52" onid="29" tsid="516" />
    <channel service_ref="1:0:25:008c:0204:001d:eeee0000:0:0:0:" name="RADIO ZETA HD" service_name="RADIO ZETA HD" provider="Persidera" sid="140" onid="29" tsid="516" />
    <channel service_ref="1:0:25:00da:0204:001d:eeee0000:0:0:0:" name="RADIOFRECCIA" service_name="RADIOFRECCIA" provider="Persidera" sid="218" onid="29" tsid="516" />
    <channel service_ref="1:0:25:00dc:0204:001d:eeee0000:0:0:0:" name="RADIOFRECCIA HD" service_name="RADIOFRECCIA HD" provider="Persidera" sid="220" onid="29" tsid="516" />
    <channel service_ref="1:0:25:005b:0202:001d:eeee0000:0:0:0:" name="RDS Social TV" service_name="RDS Social TV" provider="Persidera" sid="91" onid="29" tsid="514" />
    <channel service_ref="1:0:25:005c:0202:001d:eeee0000:0:0:0:" name="RDS Social TV" service_name="RDS Social TV" provider="Persidera" sid="92" onid="29" tsid="514" />
    <channel service_ref="1:0:1:002c:0204:001d:eeee0000:0:0:0:" name="Real Time" service_name="Real Time" provider="Persidera" sid="44" onid="29" tsid="516" />
    <channel service_ref="1:0:22:03e9:0202:001d:eeee0000:0:0:0:" name="SoloCalcio" service_name="SoloCalcio" provider="Persidera" sid="1001" onid="29" tsid="514" />
    <channel service_ref="1:0:22:0019:0200:001d:eeee0000:0:0:0:" name="Super!" service_name="Super!" provider="Persidera" sid="25" onid="29" tsid="512" />
    <channel service_ref="1:0:25:001c:0200:001d:eeee0000:0:0:0:" name="SUPERTENNIS" service_name="SUPERTENNIS" provider="Persidera" sid="28" onid="29" tsid="512" />
    <channel service_ref="1:0:22:006e:0202:001d:eeee0000:0:0:0:" name="TCI" service_name="TCI" provider="Persidera" sid="110" onid="29" tsid="514" />
    <channel service_ref="1:0:25:0028:0200:001d:eeee0000:0:0:0:" name="TV2000" service_name="TV2000" provider="Persidera" sid="40" onid="29" tsid="512" />
    <channel service_ref="1:0:25:0029:0200:001d:eeee0000:0:0:0:" name="TV2000" service_name="TV2000" provider="Persidera" sid="41" onid="29" tsid="512" />
    <channel service_ref="1:0:1:0028:0202:001d:eeee0000:0:0:0:" name="TV2000 (provvisorio)" service_name="TV2000 (provvisorio)" provider="Persidera" sid="40" onid="29" tsid="514" />
    <channel service_ref="1:0:1:001e:0200:001d:eeee0000:0:0:0:" name="TV8" service_name="TV8" provider="Persidera" sid="30" onid="29" tsid="512" />
    <channel service_ref="1:0:1:002e:0200:001d:eeee0000:0:0:0:" name="TV8" service_name="TV8" provider="Persidera" sid="46" onid="29" tsid="512" />
    <channel service_ref="1:0:1:002f:0200:001d:eeee0000:0:0:0:" name="TV8" service_name="TV8" provider="Persidera" sid="47" onid="29" tsid="512" />
    <channel service_ref="1:0:22:004e:0200:001d:eeee0000:0:0:0:" name="VH1" service_name="VH1" provider="Persidera" sid="78" onid="29" tsid="512" />
    <channel service_ref="1:0:1:004f:0200:001d:eeee0000:0:0:0:" name="VH1" service_name="VH1" provider="Persidera" sid="79" onid="29" tsid="512" />
    <channel service_ref="1:0:1:0071:0200:001d:eeee0000:0:0:0:" name="VH1 On Demand" service_name="VH1 On Demand" provider="Persidera" sid="113" onid="29" tsid="512" />
    <channel service_ref="1:0:1:0072:0200:001d:eeee0000:0:0:0:" name="VH1 On Demand" service_name="VH1 On Demand" provider="Persidera" sid="114" onid="29" tsid="512" />
    <channel service_ref="1:0:22:03f4:0202:001d:eeee0000:0:0:0:" name="WELCOME IN" service_name="WELCOME IN" provider="Persdiera" sid="1012" onid="29" tsid="514" />
  </bouquet>
  <bouquet name="Radio" category="radio">
    <channel service_ref="1:0:2:000d:0200:001d:eeee0000:0:0:0:" name="R Italia SMI" service_name="R Italia SMI" provider="Persidera" sid="13" onid="29" tsid="512" />
    <channel service_ref="1:0:2:000e:0200:001d:eeee0000:0:0:0:" name="R Italia SMI" service_name="R Italia SMI" provider="Persidera" sid="14" onid="29" tsid="512" />
    <channel service_ref="1:0:2:0009:0204:001d:eeee0000:0:0:0:" name="Radio Deejay" service_name="Radio Deejay" provider="Persidera" sid="9" onid="29" tsid="516" />
    <channel service_ref="1:0:2:000c:7918:217c:eeee0000:0:0:0:" name="Radio Maria" service_name="Radio Maria" provider="Persidera" sid="12" onid="8572" tsid="31000" />
    <channel service_ref="1:0:2:002d:0202:001d:eeee0000:0:0:0:" name="RADIO VATICANA ITALIA" service_name="RADIO VATICANA ITALIA" provider="Persidera" sid="45" onid="29" tsid="514" />
    <channel service_ref="1:0:2:00dd:0204:001d:eeee0000:0:0:0:" name="RTL 102.5" service_name="RTL 102.5" provider="Persidera" sid="221" onid="29" tsid="516" />
  </bouquet>
  <bouquet name="Last Scanned DTT Milano 03/08/2021" category="tv">
    <channel service_ref="1:0:1:1:7918:217c:eeee0000:0:0:0:" name="NOVE" service_name="NOVE" provider="Persidera" sid="1" onid="8572" tsid="31000" />
    <channel service_ref="1:0:1:2:7918:217c:eeee0000:0:0:0:" name="Motor Trend" service_name="Motor Trend" provider="Persidera" sid="2" onid="8572" tsid="31000" />
    <channel service_ref="1:0:1:3:7918:217c:eeee0000:0:0:0:" name="27 Twentyseven (provvisorio)" service_name="27 Twentyseven (provvisorio)" provider="Persidera" sid="3" onid="8572" tsid="31000" />
    <channel service_ref="1:0:2:c:7918:217c:eeee0000:0:0:0:" name="Radio Maria" service_name="Radio Maria" provider="Persidera" sid="12" onid="8572" tsid="31000" />
    <channel service_ref="1:0:1:14:7918:217c:eeee0000:0:0:0:" name="LA 9" service_name="LA 9" provider="Persidera" sid="20" onid="8572" tsid="31000" />
    <channel service_ref="1:0:1:1d:7918:217c:eeee0000:0:0:0:" name="NOVE" service_name="NOVE" provider="Persidera" sid="29" onid="8572" tsid="31000" />
    <channel service_ref="1:0:19:3c:7918:217c:eeee0000:0:0:0:" name="CANALE 239" service_name="CANALE 239" provider="Persidera" sid="60" onid="8572" tsid="31000" />
  </bouquet>
  <bouquet name="Digitale Terrestre" category="tv">
    <channel service_ref="1:0:1:1:7918:217c:eeee0000:0:0:0:" name="NOVE" service_name="NOVE" provider="Persidera" sid="1" onid="8572" tsid="31000" />
    <channel service_ref="1:0:1:2:7918:217c:eeee0000:0:0:0:" name="Motor Trend" service_name="Motor Trend" provider="Persidera" sid="2" onid="8572" tsid="31000" />
    <channel service_ref="1:0:1:3:7918:217c:eeee0000:0:0:0:" name="27 Twentyseven (provvisorio)" service_name="27 Twentyseven (provvisorio)" provider="Persidera" sid="3" onid="8572" tsid="31000" />
    <channel service_ref="1:0:1:14:7918:217c:eeee0000:0:0:0:" name="LA 9" service_name="LA 9" provider="Persidera" sid="20" onid="8572" tsid="31000" />
    <channel service_ref="1:0:1:1d:7918:217c:eeee0000:0:0:0:" name="NOVE" service_name="NOVE" provider="Persidera" sid="29" onid="8572" tsid="31000" />
    <channel service_ref="1:0:2:c:7918:217c:eeee0000:0:0:0:" name="Radio Maria" service_name="Radio Maria" provider="Persidera" sid="12" onid="8572" tsid="31000" />
  </bouquet>
  <bouquet name="Digitale Terrestre                  by Rennys" category="tv">
    <channel service_ref="1:0:1:1:7918:217c:eeee0000:0:0:0:" name="NOVE" service_name="NOVE" provider="Persidera" sid="1" onid="8572" tsid="31000" />
    <channel service_ref="1:0:1:2:7918:217c:eeee0000:0:0:0:" name="Motor Trend" service_name="Motor Trend" provider="Persidera" sid="2" onid="8572" tsid="31000" />
    <channel service_ref="1:0:1:3:7918:217c:eeee0000:0:0:0:" name="27 Twentyseven (provvisorio)" service_name="27 Twentyseven (provvisorio)" provider="Persidera" sid="3" onid="8572" tsid="31000" />
    <channel service_ref="1:0:1:14:7918:217c:eeee0000:0:0:0:" name="LA 9" service_name="LA 9" provider="Persidera" sid="20" onid="8572" tsid="31000" />
    <channel service_ref="1:0:1:1d:7918:217c:eeee0000:0:0:0:" name="NOVE" service_name="NOVE" provider="Persidera" sid="29" onid="8572" tsid="31000" />
    <channel service_ref="1:0:2:c:7918:217c:eeee0000:0:0:0:" name="Radio Maria" service_name="Radio Maria" provider="Persidera" sid="12" onid="8572" tsid="31000" />
  </bouquet>
  <bouquet name="Digitale Terrestre                by Rennys" category="tv">
    <channel service_ref="1:0:1:1:7918:217c:eeee0000:0:0:0:" name="NOVE" service_name="NOVE" provider="Persidera" sid="1" onid="8572" tsid="31000" />
    <channel service_ref="1:0:1:2:7918:217c:eeee0000:0:0:0:" name="Motor Trend" service_name="Motor Trend" provider="Persidera" sid="2" onid="8572" tsid="31000" />
    <channel service_ref="1:0:19:3c:7918:217c:eeee0000:0:0:0:" name="CANALE 239" service_name="CANALE 239" provider="Persidera" sid="60" onid="8572" tsid="31000" />
    <channel service_ref="1:0:1:14:7918:217c:eeee0000:0:0:0:" name="LA 9" service_name="LA 9" provider="Persidera" sid="20" onid="8572" tsid="31000" />
    <channel service_ref="1:0:1:1d:7918:217c:eeee0000:0:0:0:" name="NOVE" service_name="NOVE" provider="Persidera" sid="29" onid="8572" tsid="31000" />
    <channel service_ref="1:0:1:4:7918:217c:eeee0000:0:0:0:" name="27 Twentyseven" service_name="27 Twentyseven" provider="Persidera" sid="4" onid="8572" tsid="31000" />
    <channel service_ref="1:0:1:3:7918:217c:eeee0000:0:0:0:" name="27 Twentyseven (provvisorio)" service_name="27 Twentyseven (provvisorio)" provider="Persidera" sid="3" onid="8572" tsid="31000" />
    <channel service_ref="1:0:2:c:7918:217c:eeee0000:0:0:0:" name="Radio Maria" service_name="Radio Maria" provider="Persidera" sid="12" onid="8572" tsid="31000" />
  </bouquet>
  <bouquet name="Digitale terrestre             by Rennys" category="tv">
    <channel service_ref="1:0:1:2:7918:217c:eeee0000:0:0:0:" name="Motor Trend" service_name="Motor Trend" provider="Persidera" sid="2" onid="8572" tsid="31000" />
    <channel service_ref="1:0:1:3:7918:217c:eeee0000:0:0:0:" name="27 Twentyseven (provvisorio)" service_name="27 Twentyseven (provvisorio)" provider="Persidera" sid="3" onid="8572" tsid="31000" />
    <channel service_ref="1:0:1:1:7918:217c:eeee0000:0:0:0:" name="NOVE" service_name="NOVE" provider="Persidera" sid="1" onid="8572" tsid="31000" />
    <channel service_ref="1:0:1:14:7918:217c:eeee0000:0:0:0:" name="LA 9" service_name="LA 9" provider="Persidera" sid="20" onid="8572" tsid="31000" />
    <channel service_ref="1:0:2:c:7918:217c:eeee0000:0:0:0:" name="Radio Maria" service_name="Radio Maria" provider="Persidera" sid="12" onid="8572" tsid="31000" />
  </bouquet>
  <bouquet name="Digitale Terrestre" category="radio">
    <channel service_ref="1:0:1:1:7918:217c:eeee0000:0:0:0:" name="NOVE" service_name="NOVE" provider="Persidera" sid="1" onid="8572" tsid="31000" />
    <channel service_ref="1:0:1:2:7918:217c:eeee0000:0:0:0:" name="Motor Trend" service_name="Motor Trend" provider="Persidera" sid="2" onid="8572" tsid="31000" />
    <channel service_ref="1:0:19:3c:7918:217c:eeee0000:0:0:0:" name="CANALE 239" service_name="CANALE 239" provider="Persidera" sid="60" onid="8572" tsid="31000" />
    <channel service_ref="1:0:1:14:7918:217c:eeee0000:0:0:0:" name="LA 9" service_name="LA 9" provider="Persidera" sid="20" onid="8572" tsid="31000" />
    <channel service_ref="1:0:1:1d:7918:217c:eeee0000:0:0:0:" name="NOVE" service_name="NOVE" provider="Persidera" sid="29" onid="8572" tsid="31000" />
    <channel service_ref="1:0:1:4:7918:217c:eeee0000:0:0:0:" name="27 Twentyseven" service_name="27 Twentyseven" provider="Persidera" sid="4" onid="8572" tsid="31000" />
    <channel service_ref="1:0:1:3:7918:217c:eeee0000:0:0:0:" name="27 Twentyseven (provvisorio)" service_name="27 Twentyseven (provvisorio)" provider="Persidera" sid="3" onid="8572" tsid="31000" />
    <channel service_ref="1:0:2:c:7918:217c:eeee0000:0:0:0:" name="Radio Maria" service_name="Radio Maria" provider="Persidera" sid="12" onid="8572" tsid="31000" />
  </bouquet>
</zapit>
