<?xml version='1.0' encoding='utf-8'?>
<zapit>
  <bouquet name="General" category="tv">
    <channel service_ref="1:0:1:03ee:10e1:217c:eeee0000:0:0:0:" name="CANALE ITALIA" service_name="CANALE ITALIA" provider="Canale Italia" sid="1006" onid="8572" tsid="4321" />
    <channel service_ref="1:0:1:03ef:10e1:217c:eeee0000:0:0:0:" name="CANALE ITALIA Piemonte" service_name="CANALE ITALIA Piemonte" provider="Canale Italia" sid="1007" onid="8572" tsid="4321" />
    <channel service_ref="1:0:22:03f3:10e1:217c:eeee0000:0:0:0:" name="GRP TV" service_name="GRP TV" provider="In Aria!" sid="1011" onid="8572" tsid="4321" />
    <channel service_ref="1:0:25:03f7:10e1:217c:eeee0000:0:0:0:" name="Motori TV" service_name="Motori TV" provider="Motori TV" sid="1015" onid="8572" tsid="4321" />
    <channel service_ref="1:0:22:03f6:10e1:217c:eeee0000:0:0:0:" name="Onda Novara Tv" service_name="Onda Novara Tv" provider="Global" sid="1014" onid="8572" tsid="4321" />
    <channel service_ref="1:0:25:040a:10e1:217c:eeee0000:0:0:0:" name="Onda Novara Tv" service_name="Onda Novara Tv" provider="Global" sid="1034" onid="8572" tsid="4321" />
    <channel service_ref="1:0:25:03ed:10e1:217c:eeee0000:0:0:0:" name="Primantenna" service_name="Primantenna" provider="Primantenna" sid="1005" onid="8572" tsid="4321" />
    <channel service_ref="1:0:25:03f2:10e1:217c:eeee0000:0:0:0:" name="RETE 7 HD" service_name="RETE 7 HD" provider="RETE 7" sid="1010" onid="8572" tsid="4321" />
    <channel service_ref="1:0:22:03eb:10e1:217c:eeee0000:0:0:0:" name="Sesta Rete" service_name="Sesta Rete" provider="Global" sid="1003" onid="8572" tsid="4321" />
    <channel service_ref="1:0:1:03f0:10e1:217c:eeee0000:0:0:0:" name="Telecity Piemonte" service_name="Telecity Piemonte" provider="In Aria!" sid="1008" onid="8572" tsid="4321" />
    <channel service_ref="1:0:1:040c:10e1:217c:eeee0000:0:0:0:" name="Telecity Piemonte" service_name="Telecity Piemonte" provider="In Aria!" sid="1036" onid="8572" tsid="4321" />
    <channel service_ref="1:0:25:03ec:10e1:217c:eeee0000:0:0:0:" name="TELECUPOLE" service_name="TELECUPOLE" provider="TELECUPOLE-TLT" sid="1004" onid="8572" tsid="4321" />
    <channel service_ref="1:0:25:03e9:10e1:217c:eeee0000:0:0:0:" name="TopCalcio24 HD" service_name="TopCalcio24 HD" provider="" sid="1001" onid="8572" tsid="4321" />
    <channel service_ref="1:0:22:03f1:10e1:217c:eeee0000:0:0:0:" name="VALENZA TV" service_name="VALENZA TV" provider="VALENZA TV" sid="1009" onid="8572" tsid="4321" />
    <channel service_ref="1:0:22:040d:10e1:217c:eeee0000:0:0:0:" name="VALENZA TV" service_name="VALENZA TV" provider="VALENZA TV" sid="1037" onid="8572" tsid="4321" />
    <channel service_ref="1:0:1:00c6:10e1:217c:eeee0000:0:0:0:" name="VCO AZZURRA TV" service_name="VCO AZZURRA TV" provider="VCO AZZURRA TV" sid="198" onid="8572" tsid="4321" />
    <channel service_ref="1:0:1:03f4:10e1:217c:eeee0000:0:0:0:" name="VCO AZZURRA TV" service_name="VCO AZZURRA TV" provider="COELMEDIA" sid="1012" onid="8572" tsid="4321" />
    <channel service_ref="1:0:25:03ea:10e1:217c:eeee0000:0:0:0:" name="VideoGruppo" service_name="VideoGruppo" provider="MEDIAPASON" sid="1002" onid="8572" tsid="4321" />
    <channel service_ref="1:0:1:00c7:10e1:217c:eeee0000:0:0:0:" name="VIDEONOVARA" service_name="VIDEONOVARA" provider="COELMEDIA" sid="199" onid="8572" tsid="4321" />
    <channel service_ref="1:0:1:03f5:10e1:217c:eeee0000:0:0:0:" name="VIDEONOVARA" service_name="VIDEONOVARA" provider="COELMEDIA" sid="1013" onid="8572" tsid="4321" />
  </bouquet>
  <bouquet name="RAI" category="tv">
    <channel service_ref="1:0:1:03ee:10e1:217c:eeee0000:0:0:0:" name="CANALE ITALIA" service_name="CANALE ITALIA" provider="Canale Italia" sid="1006" onid="8572" tsid="4321" />
    <channel service_ref="1:0:1:03ef:10e1:217c:eeee0000:0:0:0:" name="CANALE ITALIA Piemonte" service_name="CANALE ITALIA Piemonte" provider="Canale Italia" sid="1007" onid="8572" tsid="4321" />
  </bouquet>
  <bouquet name="Switzerland" category="tv">
    <channel service_ref="1:0:1:03f0:10e1:217c:eeee0000:0:0:0:" name="Telecity Piemonte" service_name="Telecity Piemonte" provider="In Aria!" sid="1008" onid="8572" tsid="4321" />
    <channel service_ref="1:0:1:040c:10e1:217c:eeee0000:0:0:0:" name="Telecity Piemonte" service_name="Telecity Piemonte" provider="In Aria!" sid="1036" onid="8572" tsid="4321" />
    <channel service_ref="1:0:25:03ec:10e1:217c:eeee0000:0:0:0:" name="TELECUPOLE" service_name="TELECUPOLE" provider="TELECUPOLE-TLT" sid="1004" onid="8572" tsid="4321" />
  </bouquet>
  <bouquet name="Resolution - HD" category="tv">
    <channel service_ref="1:0:25:03f2:10e1:217c:eeee0000:0:0:0:" name="RETE 7 HD" service_name="RETE 7 HD" provider="RETE 7" sid="1010" onid="8572" tsid="4321" />
    <channel service_ref="1:0:25:03e9:10e1:217c:eeee0000:0:0:0:" name="TopCalcio24 HD" service_name="TopCalcio24 HD" provider="" sid="1001" onid="8572" tsid="4321" />
  </bouquet>
  <bouquet name="International" category="tv">
    <channel service_ref="1:0:22:03f6:10e1:217c:eeee0000:0:0:0:" name="Onda Novara Tv" service_name="Onda Novara Tv" provider="Global" sid="1014" onid="8572" tsid="4321" />
    <channel service_ref="1:0:25:040a:10e1:217c:eeee0000:0:0:0:" name="Onda Novara Tv" service_name="Onda Novara Tv" provider="Global" sid="1034" onid="8572" tsid="4321" />
    <channel service_ref="1:0:1:00c7:10e1:217c:eeee0000:0:0:0:" name="VIDEONOVARA" service_name="VIDEONOVARA" provider="COELMEDIA" sid="199" onid="8572" tsid="4321" />
    <channel service_ref="1:0:1:03f5:10e1:217c:eeee0000:0:0:0:" name="VIDEONOVARA" service_name="VIDEONOVARA" provider="COELMEDIA" sid="1013" onid="8572" tsid="4321" />
  </bouquet>
  <bouquet name="Others" category="tv">
    <channel service_ref="1:0:22:03f3:10e1:217c:eeee0000:0:0:0:" name="GRP TV" service_name="GRP TV" provider="In Aria!" sid="1011" onid="8572" tsid="4321" />
    <channel service_ref="1:0:25:03f7:10e1:217c:eeee0000:0:0:0:" name="Motori TV" service_name="Motori TV" provider="Motori TV" sid="1015" onid="8572" tsid="4321" />
    <channel service_ref="1:0:25:03ed:10e1:217c:eeee0000:0:0:0:" name="Primantenna" service_name="Primantenna" provider="Primantenna" sid="1005" onid="8572" tsid="4321" />
    <channel service_ref="1:0:25:03f2:10e1:217c:eeee0000:0:0:0:" name="RETE 7 HD" service_name="RETE 7 HD" provider="RETE 7" sid="1010" onid="8572" tsid="4321" />
    <channel service_ref="1:0:22:03eb:10e1:217c:eeee0000:0:0:0:" name="Sesta Rete" service_name="Sesta Rete" provider="Global" sid="1003" onid="8572" tsid="4321" />
    <channel service_ref="1:0:25:03e9:10e1:217c:eeee0000:0:0:0:" name="TopCalcio24 HD" service_name="TopCalcio24 HD" provider="" sid="1001" onid="8572" tsid="4321" />
    <channel service_ref="1:0:22:03f1:10e1:217c:eeee0000:0:0:0:" name="VALENZA TV" service_name="VALENZA TV" provider="VALENZA TV" sid="1009" onid="8572" tsid="4321" />
    <channel service_ref="1:0:22:040d:10e1:217c:eeee0000:0:0:0:" name="VALENZA TV" service_name="VALENZA TV" provider="VALENZA TV" sid="1037" onid="8572" tsid="4321" />
    <channel service_ref="1:0:1:00c6:10e1:217c:eeee0000:0:0:0:" name="VCO AZZURRA TV" service_name="VCO AZZURRA TV" provider="VCO AZZURRA TV" sid="198" onid="8572" tsid="4321" />
    <channel service_ref="1:0:1:03f4:10e1:217c:eeee0000:0:0:0:" name="VCO AZZURRA TV" service_name="VCO AZZURRA TV" provider="COELMEDIA" sid="1012" onid="8572" tsid="4321" />
    <channel service_ref="1:0:25:03ea:10e1:217c:eeee0000:0:0:0:" name="VideoGruppo" service_name="VideoGruppo" provider="MEDIAPASON" sid="1002" onid="8572" tsid="4321" />
  </bouquet>
  <bouquet name="Digitale Terrestre                     by Gerry" category="tv">
    <channel service_ref="1:0:16:3eb:10e1:217c:eeee0000:0:0:0:" name="Sesta Rete" service_name="Sesta Rete" provider="Global" sid="1003" onid="8572" tsid="4321" />
    <channel service_ref="1:0:19:3f2:10e1:217c:eeee0000:0:0:0:" name="RETE 7 HD" service_name="RETE 7 HD" provider="RETE 7" sid="1010" onid="8572" tsid="4321" />
    <channel service_ref="1:0:19:3e9:10e1:217c:eeee0000:0:0:0:" name="TopCalcio24 HD" service_name="TopCalcio24 HD" provider="" sid="1001" onid="8572" tsid="4321" />
    <channel service_ref="1:0:19:3ea:10e1:217c:eeee0000:0:0:0:" name="VideoGruppo" service_name="VideoGruppo" provider="MEDIAPASON" sid="1002" onid="8572" tsid="4321" />
    <channel service_ref="1:0:19:3ec:10e1:217c:eeee0000:0:0:0:" name="TELECUPOLE" service_name="TELECUPOLE" provider="TELECUPOLE-TLT" sid="1004" onid="8572" tsid="4321" />
    <channel service_ref="1:0:19:3ed:10e1:217c:eeee0000:0:0:0:" name="Primantenna" service_name="Primantenna" provider="Primantenna" sid="1005" onid="8572" tsid="4321" />
    <channel service_ref="1:0:1:3ee:10e1:217c:eeee0000:0:0:0:" name="CANALE ITALIA" service_name="CANALE ITALIA" provider="Canale Italia" sid="1006" onid="8572" tsid="4321" />
    <channel service_ref="1:0:1:3ef:10e1:217c:eeee0000:0:0:0:" name="CANALE ITALIA Piemonte" service_name="CANALE ITALIA Piemonte" provider="Canale Italia" sid="1007" onid="8572" tsid="4321" />
    <channel service_ref="1:0:1:3f0:10e1:217c:eeee0000:0:0:0:" name="Telecity Piemonte" service_name="Telecity Piemonte" provider="In Aria!" sid="1008" onid="8572" tsid="4321" />
    <channel service_ref="1:0:16:3f1:10e1:217c:eeee0000:0:0:0:" name="VALENZA TV" service_name="VALENZA TV" provider="VALENZA TV" sid="1009" onid="8572" tsid="4321" />
    <channel service_ref="1:0:16:3f3:10e1:217c:eeee0000:0:0:0:" name="GRP TV" service_name="GRP TV" provider="In Aria!" sid="1011" onid="8572" tsid="4321" />
    <channel service_ref="1:0:1:3f4:10e1:217c:eeee0000:0:0:0:" name="VCO AZZURRA TV" service_name="VCO AZZURRA TV" provider="COELMEDIA" sid="1012" onid="8572" tsid="4321" />
    <channel service_ref="1:0:1:3f5:10e1:217c:eeee0000:0:0:0:" name="VIDEONOVARA" service_name="VIDEONOVARA" provider="COELMEDIA" sid="1013" onid="8572" tsid="4321" />
    <channel service_ref="1:0:16:3f6:10e1:217c:eeee0000:0:0:0:" name="Onda Novara Tv" service_name="Onda Novara Tv" provider="Global" sid="1014" onid="8572" tsid="4321" />
    <channel service_ref="1:0:1:40c:10e1:217c:eeee0000:0:0:0:" name="Telecity Piemonte" service_name="Telecity Piemonte" provider="In Aria!" sid="1036" onid="8572" tsid="4321" />
    <channel service_ref="1:0:19:40a:10e1:217c:eeee0000:0:0:0:" name="Onda Novara Tv" service_name="Onda Novara Tv" provider="Global" sid="1034" onid="8572" tsid="4321" />
    <channel service_ref="1:0:19:3f7:10e1:217c:eeee0000:0:0:0:" name="Motori TV" service_name="Motori TV" provider="Motori TV" sid="1015" onid="8572" tsid="4321" />
    <channel service_ref="1:0:16:40d:10e1:217c:eeee0000:0:0:0:" name="VALENZA TV" service_name="VALENZA TV" provider="VALENZA TV" sid="1037" onid="8572" tsid="4321" />
  </bouquet>
</zapit>
