<?xml version='1.0' encoding='utf-8'?>
<zapit api="4">
  <satellites>
    <satellite key="02032bf2:0000:ff00" name="Sat-51.5E" namespace="0x02032bf2" position="51.5">
      <transponder key="02032bf2:0000:ff00" frequency="11250000" symbol_rate="10830000" polarization="H" fec="3" system="0" modulation="0">
        <service id="0x085f" sid="2143" name="KHL Prime" type="1" provider="Harmonic" onid="65280" tsid="0" namespace="0x02032bf2" />
        <service id="0x015a" sid="346" name="Malysh" type="25" provider="Belintersat" onid="65280" tsid="0" namespace="0x02032bf2" />
        <service id="0x0159" sid="345" name="Ryzhiy" type="1" provider="Belintersat" onid="65280" tsid="0" namespace="0x02032bf2" />
      </transponder>
    </satellite>
    <satellite key="02032c1a:0002:ff00" name="Sat-51.5E" namespace="0x02032c1a" position="51.5">
      <transponder key="02032c1a:0002:ff00" frequency="11290000" symbol_rate="45000000" polarization="H" fec="3" system="0" modulation="0">
        <service id="0x083a" sid="2106" name="365 dney" type="22" provider="Belintersat" onid="65280" tsid="2" namespace="0x02032c1a" />
        <service id="0x0166" sid="358" name="Animal Family" type="25" provider="Belintersat" onid="65280" tsid="2" namespace="0x02032c1a" />
        <service id="0x035a" sid="858" name="Arsenal" type="25" provider="Belintersat" onid="65280" tsid="2" namespace="0x02032c1a" />
        <service id="0x035e" sid="862" name="Avto Plus" type="22" provider="Belintersat" onid="65280" tsid="2" namespace="0x02032c1a" />
        <service id="0x015b" sid="347" name="Europa+ TV" type="22" provider="Belintersat" onid="65280" tsid="2" namespace="0x02032c1a" />
        <service id="0x085e" sid="2142" name="Football" type="22" provider="Belintersat" onid="65280" tsid="2" namespace="0x02032c1a" />
        <service id="0x084a" sid="2122" name="Indiyskoe Kino" type="22" provider="Belintersat" onid="65280" tsid="2" namespace="0x02032c1a" />
        <service id="0x085f" sid="2143" name="KHL Prime" type="25" provider="Belintersat" onid="65280" tsid="2" namespace="0x02032c1a" />
        <service id="0x034a" sid="842" name="Kinohit" type="22" provider="Belintersat" onid="65280" tsid="2" namespace="0x02032c1a" />
        <service id="0x034f" sid="847" name="Kinokomedia" type="22" provider="Belintersat" onid="65280" tsid="2" namespace="0x02032c1a" />
        <service id="0x034b" sid="843" name="Kinomix" type="22" provider="Belintersat" onid="65280" tsid="2" namespace="0x02032c1a" />
        <service id="0x034c" sid="844" name="Kinopremera" type="25" provider="Belintersat" onid="65280" tsid="2" namespace="0x02032c1a" />
        <service id="0x034e" sid="846" name="Kinosemya" type="22" provider="Belintersat" onid="65280" tsid="2" namespace="0x02032c1a" />
        <service id="0x084c" sid="2124" name="Kinoseria" type="22" provider="Belintersat" onid="65280" tsid="2" namespace="0x02032c1a" />
        <service id="0x015e" sid="350" name="Kinosvidanie" type="22" provider="Belintersat" onid="65280" tsid="2" namespace="0x02032c1a" />
        <service id="0x0165" sid="357" name="Kosmicheskiy" type="25" provider="Belintersat" onid="65280" tsid="2" namespace="0x02032c1a" />
        <service id="0x0157" sid="343" name="Kto Est Kto" type="22" provider="Belintersat" onid="65280" tsid="2" namespace="0x02032c1a" />
        <service id="0x084d" sid="2125" name="Kuhnya TV" type="22" provider="Belintersat" onid="65280" tsid="2" namespace="0x02032c1a" />
        <service id="0x035b" sid="859" name="KVN TV" type="22" provider="Belintersat" onid="65280" tsid="2" namespace="0x02032c1a" />
        <service id="0x084e" sid="2126" name="Lya Minor" type="22" provider="Belintersat" onid="65280" tsid="2" namespace="0x02032c1a" />
        <service id="0x015a" sid="346" name="Malysh" type="25" provider="Belintersat" onid="65280" tsid="2" namespace="0x02032c1a" />
        <service id="0x015f" sid="351" name="Muzhskoe Kino" type="22" provider="Belintersat" onid="65280" tsid="2" namespace="0x02032c1a" />
        <service id="0x083f" sid="2111" name="Muzhskoy" type="22" provider="Belintersat" onid="65280" tsid="2" namespace="0x02032c1a" />
        <service id="0x034d" sid="845" name="Nashe Novoe Kino" type="22" provider="Belintersat" onid="65280" tsid="2" namespace="0x02032c1a" />
        <service id="0x083c" sid="2108" name="Ocean HD" type="25" provider="Belintersat" onid="65280" tsid="2" namespace="0x02032c1a" />
        <service id="0x0168" sid="360" name="Ohota I Rybalka" type="25" provider="Belintersat" onid="65280" tsid="2" namespace="0x02032c1a" />
        <service id="0x036f" sid="879" name="PlusTV" type="22" provider="Belintersat" onid="65280" tsid="2" namespace="0x02032c1a" />
        <service id="0x084b" sid="2123" name="Rodnoe Kino" type="22" provider="Belintersat" onid="65280" tsid="2" namespace="0x02032c1a" />
        <service id="0x036e" sid="878" name="RuTV" type="22" provider="Belintersat" onid="65280" tsid="2" namespace="0x02032c1a" />
        <service id="0x0159" sid="345" name="Ryzhiy" type="22" provider="Belintersat" onid="65280" tsid="2" namespace="0x02032c1a" />
        <service id="0x0164" sid="356" name="Tayny Galaktiki" type="25" provider="Belintersat" onid="65280" tsid="2" namespace="0x02032c1a" />
        <service id="0x0167" sid="359" name="Teleputeshestviya HD" type="25" provider="Belintersat" onid="65280" tsid="2" namespace="0x02032c1a" />
        <service id="0x0175" sid="373" name="TEST 24" type="22" provider="Belintersat" onid="65280" tsid="2" namespace="0x02032c1a" />
        <service id="0x0176" sid="374" name="TEST5" type="25" provider="Belintersat" onid="65280" tsid="2" namespace="0x02032c1a" />
        <service id="0x083b" sid="2107" name="Tochka RF" type="25" provider="Belintersat" onid="65280" tsid="2" namespace="0x02032c1a" />
        <service id="0x087e" sid="2174" name="viju_Explore" type="22" provider="Belintersat" onid="65280" tsid="2" namespace="0x02032c1a" />
        <service id="0x087f" sid="2175" name="viju_History" type="22" provider="Belintersat" onid="65280" tsid="2" namespace="0x02032c1a" />
        <service id="0x0172" sid="370" name="viju_Nature" type="22" provider="Belintersat" onid="65280" tsid="2" namespace="0x02032c1a" />
        <service id="0x0174" sid="372" name="viju_Serial" type="25" provider="Belintersat" onid="65280" tsid="2" namespace="0x02032c1a" />
        <service id="0x087b" sid="2171" name="viju_TV1000" type="22" provider="Belintersat" onid="65280" tsid="2" namespace="0x02032c1a" />
        <service id="0x087d" sid="2173" name="viju_TV1000_Action" type="22" provider="Belintersat" onid="65280" tsid="2" namespace="0x02032c1a" />
        <service id="0x087c" sid="2172" name="viju_TV1000_Russkoe" type="22" provider="Belintersat" onid="65280" tsid="2" namespace="0x02032c1a" />
        <service id="0x035f" sid="863" name="Zagorodnaya Zhizn" type="25" provider="Belintersat" onid="65280" tsid="2" namespace="0x02032c1a" />
      </transponder>
    </satellite>
    <satellite key="02032c56:0003:ff00" name="Sat-51.5E" namespace="0x02032c56" position="51.5">
      <transponder key="02032c56:0003:ff00" frequency="11350000" symbol_rate="45000000" polarization="H" fec="3" system="0" modulation="0">
        <service id="0x0c1d" sid="3101" name="Belarus 1" type="25" provider="Belintersat" onid="65280" tsid="3" namespace="0x02032c56" />
        <service id="0x0c23" sid="3107" name="Belarus 2" type="25" provider="Belintersat" onid="65280" tsid="3" namespace="0x02032c56" />
        <service id="0x0c24" sid="3108" name="Belarus 3" type="25" provider="Belintersat" onid="65280" tsid="3" namespace="0x02032c56" />
        <service id="0x0c25" sid="3109" name="Belarus 5" type="25" provider="Belintersat" onid="65280" tsid="3" namespace="0x02032c56" />
        <service id="0x0c20" sid="3104" name="MIR" type="25" provider="Belintersat" onid="65280" tsid="3" namespace="0x02032c56" />
        <service id="0x0c22" sid="3106" name="NTV-Belarus" type="25" provider="Belintersat" onid="65280" tsid="3" namespace="0x02032c56" />
        <service id="0x0c1e" sid="3102" name="ONT" type="25" provider="Belintersat" onid="65280" tsid="3" namespace="0x02032c56" />
        <service id="0x0c26" sid="3110" name="Pervyj informacionnyj" type="25" provider="Belintersat" onid="65280" tsid="3" namespace="0x02032c56" />
        <service id="0x0c21" sid="3105" name="Rossiya-Belarus" type="25" provider="Belintersat" onid="65280" tsid="3" namespace="0x02032c56" />
        <service id="0x0c1f" sid="3103" name="STV" type="25" provider="Belintersat" onid="65280" tsid="3" namespace="0x02032c56" />
        <service id="0x0c29" sid="3113" name="TEST" type="25" provider="Belintersat" onid="65280" tsid="3" namespace="0x02032c56" />
      </transponder>
    </satellite>
  </satellites>
</zapit>
