<?xml version='1.0' encoding='utf-8'?>
<zapit api="4">
  <terrestrials>
    <terrestrial key="eeee0000:48e1:217c" name="M-Three" namespace="0xeeee0000">
      <transponder key="eeee0000:48e1:217c" frequency="562000000" symbol_rate="0" polarization="H" fec="5" system="0" modulation="4">
        <service id="0x12c4" sid="4804" name="12 TV Parma HD" type="1" provider="12 TV PARMA" onid="8572" tsid="18657" namespace="0xeeee0000" />
        <service id="0x12cb" sid="4811" name="7G" type="1" provider="Sestarete &amp; Rete 8" onid="8572" tsid="18657" namespace="0xeeee0000" />
        <service id="0x12cd" sid="4813" name="CANALE ITALIA" type="1" provider="Canale Italia" onid="8572" tsid="18657" namespace="0xeeee0000" />
        <service id="0x12d1" sid="4817" name="E TV RETE 7" type="1" provider="E TV RETE 7" onid="8572" tsid="18657" namespace="0xeeee0000" />
        <service id="0x12ce" sid="4814" name="Icaro TV" type="1" provider="Icaro TV" onid="8572" tsid="18657" namespace="0xeeee0000" />
        <service id="0x12cc" sid="4812" name="RADIO BRUNO Emilia Romagna" type="25" provider="RADIO BRUNO" onid="8572" tsid="18657" namespace="0xeeee0000" />
        <service id="0x12d0" sid="4816" name="RADIO STUDIO DELTA" type="1" provider="RADIO STUDIO DELTA" onid="8572" tsid="18657" namespace="0xeeee0000" />
        <service id="0x12c3" sid="4803" name="Telereggio" type="1" provider="M-Three" onid="8572" tsid="18657" namespace="0xeeee0000" />
        <service id="0x12c6" sid="4806" name="Teleromagna HD" type="1" provider="pubblisole" onid="8572" tsid="18657" namespace="0xeeee0000" />
        <service id="0x12c9" sid="4809" name="telestense" type="1" provider="rei" onid="8572" tsid="18657" namespace="0xeeee0000" />
        <service id="0x12d2" sid="4818" name="telestense" type="1" provider="rei" onid="8572" tsid="18657" namespace="0xeeee0000" />
        <service id="0x12c7" sid="4807" name="TR 24" type="1" provider="PUBBLISOLE" onid="8572" tsid="18657" namespace="0xeeee0000" />
        <service id="0x12c2" sid="4802" name="TRC Bologna" type="1" provider="M-Three" onid="8572" tsid="18657" namespace="0xeeee0000" />
        <service id="0x12c1" sid="4801" name="TRC Modena" type="1" provider="M-Three" onid="8572" tsid="18657" namespace="0xeeee0000" />
        <service id="0x12c5" sid="4805" name="TvQui HD" type="1" provider="TvQui" onid="8572" tsid="18657" namespace="0xeeee0000" />
        <service id="0x12cf" sid="4815" name="VR" type="25" provider="VR" onid="8572" tsid="18657" namespace="0xeeee0000" />
      </transponder>
    </terrestrial>
  </terrestrials>
</zapit>
