<?xml version='1.0' encoding='utf-8'?>
<zapit api="4">
  <satellites>
    <satellite key="0cfdace7:1000:0001" name="Sat-27.5W" namespace="0x0cfdace7" position="-27.5">
      <transponder key="0cfdace7:1000:0001" frequency="11495000" symbol_rate="44100000" polarization="V" fec="9" system="0" modulation="0">
        <service id="0x1c00" sid="7168" name="301." type="25" provider="BBC" onid="1" tsid="4096" namespace="0x0cfdace7" />
        <service id="0x11c0" sid="4544" name="BBC Four" type="25" provider="BBC" onid="1" tsid="4096" namespace="0x0cfdace7" />
        <service id="0x0486" sid="1158" name="BBC HD" type="25" provider="BBC" onid="1" tsid="4096" namespace="0x0cfdace7" />
        <service id="0x044c" sid="1100" name="BBC News" type="25" provider="BBC" onid="1" tsid="4096" namespace="0x0cfdace7" />
        <service id="0x019e" sid="414" name="BBC One England" type="25" provider="BBC" onid="1" tsid="4096" namespace="0x0cfdace7" />
        <service id="0x04a0" sid="1184" name="BBC One HD" type="25" provider="BBC" onid="1" tsid="4096" namespace="0x0cfdace7" />
        <service id="0x107d" sid="4221" name="BBC One Northern Ireland" type="25" provider="BBC" onid="1" tsid="4096" namespace="0x0cfdace7" />
        <service id="0x107c" sid="4220" name="BBC One Scotland" type="25" provider="BBC" onid="1" tsid="4096" namespace="0x0cfdace7" />
        <service id="0x107e" sid="4222" name="BBC One Wales" type="25" provider="BBC" onid="1" tsid="4096" namespace="0x0cfdace7" />
        <service id="0x01f4" sid="500" name="BBC Parliament" type="25" provider="BBC" onid="1" tsid="4096" namespace="0x0cfdace7" />
        <service id="0x10bf" sid="4287" name="BBC Two England" type="25" provider="BBC" onid="1" tsid="4096" namespace="0x0cfdace7" />
        <service id="0x04b0" sid="1200" name="CBBC" type="25" provider="BBC" onid="1" tsid="4096" namespace="0x0cfdace7" />
        <service id="0x04d8" sid="1240" name="CBeebies" type="25" provider="BBC" onid="1" tsid="4096" namespace="0x0cfdace7" />
        <service id="0x04aa" sid="1194" name="Channel 4 HD" type="25" provider="Channel 4 Broadcasting" onid="1" tsid="4096" namespace="0x0cfdace7" />
        <service id="0x11bc" sid="4540" name="Channel 5 HD" type="25" provider="BBC" onid="1" tsid="4096" namespace="0x0cfdace7" />
        <service id="0x4f80" sid="20352" name="Film4 +1" type="25" provider="Channel 4" onid="1" tsid="4096" namespace="0x0cfdace7" />
        <service id="0x44c8" sid="17608" name="ITV 1 Central West HD" type="25" provider="ITV" onid="1" tsid="4096" namespace="0x0cfdace7" />
        <service id="0x45c0" sid="17856" name="STV HD" type="25" provider="STV" onid="1" tsid="4096" namespace="0x0cfdace7" />
        <service id="0x4e80" sid="20096" name="UTV HD" type="25" provider="UTV" onid="1" tsid="4096" namespace="0x0cfdace7" />
      </transponder>
    </satellite>
  </satellites>
</zapit>
