<?xml version='1.0' encoding='utf-8'?>
<zapit api="4">
  <satellites>
    <satellite key="01860000:0001:212c" name="Sat-39E" namespace="0x01860000" position="39">
      <transponder key="01860000:0001:212c" frequency="12242000" symbol_rate="13381000" polarization="H" fec="3" system="0" modulation="0">
        <service id="0x0002" sid="2" name="BBC World News" type="1" provider="ERT" onid="8492" tsid="1" namespace="0x01860000" />
        <service id="0x0003" sid="3" name="DW" type="1" provider="ERT" onid="8492" tsid="1" namespace="0x01860000" />
        <service id="0x0004" sid="4" name="RIK" type="1" provider="ERT" onid="8492" tsid="1" namespace="0x01860000" />
        <service id="0x0001" sid="1" name="TV 5 Europe" type="1" provider="ERT" onid="8492" tsid="1" namespace="0x01860000" />
        <service id="0x0006" sid="6" name="KOSMOS" type="2" provider="ERT" onid="8492" tsid="1" namespace="0x01860000" radio="1" />
        <service id="0x0005" sid="5" name="PROTO" type="2" provider="ERT" onid="8492" tsid="1" namespace="0x01860000" radio="1" />
        <service id="0x0007" sid="7" name="TRITO" type="2" provider="ERT" onid="8492" tsid="1" namespace="0x01860000" radio="1" />
      </transponder>
    </satellite>
    <satellite key="01860000:0001:001c" name="Sat-39E" namespace="0x01860000" position="39">
      <transponder key="01860000:0001:001c" frequency="12290000" symbol_rate="30000000" polarization="V" fec="5" system="0" modulation="0">
        <service id="0x014d" sid="333" name="12290V SID 0x14d" type="1" provider="DVB-S QPSK 12290V 39.0Â°E" onid="28" tsid="1" namespace="0x01860000" />
        <service id="0x014e" sid="334" name="12290V SID 0x14e" type="1" provider="DVB-S QPSK 12290V 39.0Â°E" onid="28" tsid="1" namespace="0x01860000" />
        <service id="0x014b" sid="331" name="Bollywood TV" type="1" provider="" onid="28" tsid="1" namespace="0x01860000" />
        <service id="0x012e" sid="302" name="Cool TV" type="1" provider="" onid="28" tsid="1" namespace="0x01860000" />
        <service id="0x006f" sid="111" name="Duna TV" type="1" provider="" onid="28" tsid="1" namespace="0x01860000" />
        <service id="0x0046" sid="70" name="Film+" type="1" provider="" onid="28" tsid="1" namespace="0x01860000" />
        <service id="0x014c" sid="332" name="France 24" type="1" provider="" onid="28" tsid="1" namespace="0x01860000" />
        <service id="0x003b" sid="59" name="Inedit TV" type="1" provider="" onid="28" tsid="1" namespace="0x01860000" />
        <service id="0x010f" sid="271" name="M1" type="1" provider="" onid="28" tsid="1" namespace="0x01860000" />
        <service id="0x006e" sid="110" name="M2" type="1" provider="" onid="28" tsid="1" namespace="0x01860000" />
        <service id="0x005f" sid="95" name="Mooz Dance" type="1" provider="" onid="28" tsid="1" namespace="0x01860000" />
        <service id="0x005e" sid="94" name="Mooz Hits" type="1" provider="" onid="28" tsid="1" namespace="0x01860000" />
        <service id="0x008e" sid="142" name="National 24 Plus" type="1" provider="" onid="28" tsid="1" namespace="0x01860000" />
        <service id="0x010e" sid="270" name="RTL 2" type="1" provider="" onid="28" tsid="1" namespace="0x01860000" />
        <service id="0x0047" sid="71" name="RTL Klub" type="1" provider="" onid="28" tsid="1" namespace="0x01860000" />
      </transponder>
    </satellite>
    <satellite key="01860000:0002:212c" name="Sat-39E" namespace="0x01860000" position="39">
      <transponder key="01860000:0002:212c" frequency="12224000" symbol_rate="13381000" polarization="H" fec="3" system="0" modulation="0">
        <service id="0x001c" sid="28" name="ERT SPORTS HD" type="1" provider="ERT" onid="8492" tsid="2" namespace="0x01860000" />
        <service id="0x0011" sid="17" name="ERT3" type="1" provider="ERT" onid="8492" tsid="2" namespace="0x01860000" />
        <service id="0x001e" sid="30" name="Vouli" type="1" provider="ERT" onid="8492" tsid="2" namespace="0x01860000" />
        <service id="0x000a" sid="10" name="Deytero" type="2" provider="ERT" onid="8492" tsid="2" namespace="0x01860000" radio="1" />
        <service id="0x001f" sid="31" name="Era Sport" type="2" provider="ERT" onid="8492" tsid="2" namespace="0x01860000" radio="1" />
        <service id="0x000c" sid="12" name="Kosmos" type="2" provider="ERT" onid="8492" tsid="2" namespace="0x01860000" radio="1" />
        <service id="0x000b" sid="11" name="Proto" type="2" provider="ERT" onid="8492" tsid="2" namespace="0x01860000" radio="1" />
        <service id="0x000f" sid="15" name="Trito" type="2" provider="ERT" onid="8492" tsid="2" namespace="0x01860000" radio="1" />
        <service id="0x000e" sid="14" name="Voice Of Greece" type="2" provider="ERT" onid="8492" tsid="2" namespace="0x01860000" radio="1" />
      </transponder>
    </satellite>
    <satellite key="01860000:0002:001c" name="Sat-39E" namespace="0x01860000" position="39">
      <transponder key="01860000:0002:001c" frequency="12329000" symbol_rate="30000000" polarization="V" fec="3" system="0" modulation="0">
        <service id="0x004a" sid="74" name="Antena 1 HD" type="25" provider="" onid="28" tsid="2" namespace="0x01860000" />
        <service id="0x016a" sid="362" name="Discovery HD Showcase" type="25" provider="" onid="28" tsid="2" namespace="0x01860000" />
        <service id="0x016b" sid="363" name="Eurosport HD" type="25" provider="" onid="28" tsid="2" namespace="0x01860000" />
        <service id="0x004c" sid="76" name="HBO HD" type="25" provider="" onid="28" tsid="2" namespace="0x01860000" />
        <service id="0x008b" sid="139" name="HBO HD" type="25" provider="" onid="28" tsid="2" namespace="0x01860000" />
        <service id="0x0049" sid="73" name="PRO TV HD" type="25" provider="" onid="28" tsid="2" namespace="0x01860000" />
        <service id="0x008a" sid="138" name="Pro TV HD" type="25" provider="" onid="28" tsid="2" namespace="0x01860000" />
        <service id="0x0055" sid="85" name="Telekom Sport 1 HD" type="25" provider="" onid="28" tsid="2" namespace="0x01860000" />
        <service id="0x0056" sid="86" name="Telekom Sport 1 HD" type="25" provider="" onid="28" tsid="2" namespace="0x01860000" />
        <service id="0x011d" sid="285" name="Telekom Sport 1 HD" type="25" provider="" onid="28" tsid="2" namespace="0x01860000" />
        <service id="0x0048" sid="72" name="TVR HD" type="25" provider="" onid="28" tsid="2" namespace="0x01860000" />
        <service id="0x0059" sid="89" name="TVR HD" type="25" provider="" onid="28" tsid="2" namespace="0x01860000" />
        <service id="0x004b" sid="75" name="Viasat HD" type="25" provider="" onid="28" tsid="2" namespace="0x01860000" />
        <service id="0x013c" sid="316" name="Viasat HD" type="25" provider="" onid="28" tsid="2" namespace="0x01860000" />
      </transponder>
    </satellite>
    <satellite key="01860000:0003:001c" name="Sat-39E" namespace="0x01860000" position="39">
      <transponder key="01860000:0003:001c" frequency="12368000" symbol_rate="30000000" polarization="V" fec="3" system="0" modulation="0">
        <service id="0x00c5" sid="197" name="Animal Planet HD" type="25" provider="" onid="28" tsid="3" namespace="0x01860000" />
        <service id="0x00c3" sid="195" name="AXN HD" type="25" provider="" onid="28" tsid="3" namespace="0x01860000" />
        <service id="0x00c7" sid="199" name="Dolce Info." type="25" provider="" onid="28" tsid="3" namespace="0x01860000" />
        <service id="0x00c1" sid="193" name="History HD" type="25" provider="" onid="28" tsid="3" namespace="0x01860000" />
        <service id="0x00c2" sid="194" name="iConcerts HD" type="25" provider="" onid="28" tsid="3" namespace="0x01860000" />
        <service id="0x00be" sid="190" name="Kanal D HD" type="25" provider="" onid="28" tsid="3" namespace="0x01860000" />
        <service id="0x00bf" sid="191" name="Telekom Sport 2 HD" type="25" provider="" onid="28" tsid="3" namespace="0x01860000" />
        <service id="0x011f" sid="287" name="Telekom Sport 2 HD" type="25" provider="" onid="28" tsid="3" namespace="0x01860000" />
        <service id="0x019a" sid="410" name="Telekom Sport 3 HD" type="25" provider="" onid="28" tsid="3" namespace="0x01860000" />
        <service id="0x019c" sid="412" name="Telekom Sport 3 HD" type="25" provider="" onid="28" tsid="3" namespace="0x01860000" />
        <service id="0x019b" sid="411" name="Telekom Sport 4 HD" type="25" provider="" onid="28" tsid="3" namespace="0x01860000" />
        <service id="0x019d" sid="413" name="Telekom Sport 4 HD" type="25" provider="" onid="28" tsid="3" namespace="0x01860000" />
      </transponder>
    </satellite>
    <satellite key="01860000:0006:001c" name="Sat-39E" namespace="0x01860000" position="39">
      <transponder key="01860000:0006:001c" frequency="12441000" symbol_rate="23670000" polarization="V" fec="2" system="0" modulation="0">
        <service id="0x00b0" sid="176" name="DELPHI FORUM" type="1" provider="HELLAS SAT" onid="28" tsid="6" namespace="0x01860000" />
        <service id="0x003c" sid="60" name="DTV OT1" type="1" provider="Hellas Sat" onid="28" tsid="6" namespace="0x01860000" />
        <service id="0x000f" sid="15" name="DTV OT2" type="1" provider="Hellas Sat" onid="28" tsid="6" namespace="0x01860000" />
        <service id="0x0010" sid="16" name="DTV OT3" type="1" provider="HELLAS SAT" onid="28" tsid="6" namespace="0x01860000" />
        <service id="0x008c" sid="140" name="DTV OT4" type="1" provider="Hellas Sat" onid="28" tsid="6" namespace="0x01860000" />
        <service id="0x00bf" sid="191" name="DTV OT5" type="1" provider="Hellas Sat" onid="28" tsid="6" namespace="0x01860000" />
        <service id="0x01f5" sid="501" name="DTV OT6" type="1" provider="Hellas Sat" onid="28" tsid="6" namespace="0x01860000" />
        <service id="0x0003" sid="3" name="ERT World" type="1" provider="HellasSAT" onid="28" tsid="6" namespace="0x01860000" />
        <service id="0x000b" sid="11" name="Radio Nikita TV HD" type="1" provider="Hellas SAT" onid="28" tsid="6" namespace="0x01860000" />
        <service id="0x0001" sid="1" name="RIKSat" type="1" provider="HellasSAT" onid="28" tsid="6" namespace="0x01860000" />
        <service id="0x012c" sid="300" name="Radio Nikita TV" type="2" provider="Hellas SAT" onid="28" tsid="6" namespace="0x01860000" radio="1" />
        <service id="0x0002" sid="2" name="RIK1" type="2" provider="HellasSAT" onid="28" tsid="6" namespace="0x01860000" radio="1" />
        <service id="0x0004" sid="4" name="RIK2" type="2" provider="HellasSAT" onid="28" tsid="6" namespace="0x01860000" radio="1" />
        <service id="0x0005" sid="5" name="RIK3" type="2" provider="HellasSAT" onid="28" tsid="6" namespace="0x01860000" radio="1" />
        <service id="0x0006" sid="6" name="RIK4" type="2" provider="HellasSAT" onid="28" tsid="6" namespace="0x01860000" radio="1" />
      </transponder>
    </satellite>
    <satellite key="01860000:000d:001c" name="Sat-39E" namespace="0x01860000" position="39">
      <transponder key="01860000:000d:001c" frequency="12524000" symbol_rate="30000000" polarization="V" fec="5" system="0" modulation="0">
        <service id="0x0033" sid="51" name="Animal Planet" type="1" provider="" onid="28" tsid="13" namespace="0x01860000" />
        <service id="0x005e" sid="94" name="Boomerang" type="1" provider="" onid="28" tsid="13" namespace="0x01860000" />
        <service id="0x01c8" sid="456" name="Cinemax" type="1" provider="" onid="28" tsid="13" namespace="0x01860000" />
        <service id="0x0032" sid="50" name="Discovery" type="1" provider="" onid="28" tsid="13" namespace="0x01860000" />
        <service id="0x008d" sid="141" name="Diva Universal" type="1" provider="" onid="28" tsid="13" namespace="0x01860000" />
        <service id="0x00fc" sid="252" name="Epic Drama" type="1" provider="" onid="28" tsid="13" namespace="0x01860000" />
        <service id="0x003a" sid="58" name="Eurosport 2" type="1" provider="" onid="28" tsid="13" namespace="0x01860000" />
        <service id="0x007b" sid="123" name="Fine Living" type="1" provider="" onid="28" tsid="13" namespace="0x01860000" />
        <service id="0x002c" sid="44" name="Happy Channel" type="1" provider="" onid="28" tsid="13" namespace="0x01860000" />
        <service id="0x018a" sid="394" name="HBO Comedy" type="1" provider="Dolce" onid="28" tsid="13" namespace="0x01860000" />
        <service id="0x00be" sid="190" name="Kanal D" type="1" provider="" onid="28" tsid="13" namespace="0x01860000" />
        <service id="0x002e" sid="46" name="LookPlus" type="1" provider="" onid="28" tsid="13" namespace="0x01860000" />
        <service id="0x00b0" sid="176" name="Money Channel" type="1" provider="" onid="28" tsid="13" namespace="0x01860000" />
        <service id="0x00e5" sid="229" name="Neptun TV" type="1" provider="" onid="28" tsid="13" namespace="0x01860000" />
        <service id="0x005d" sid="93" name="PRO TV INTL" type="1" provider="" onid="28" tsid="13" namespace="0x01860000" />
        <service id="0x00e1" sid="225" name="Telekom Sport 1" type="1" provider="Dolce" onid="28" tsid="13" namespace="0x01860000" />
        <service id="0x00f5" sid="245" name="Telekom Sport 1" type="1" provider="" onid="28" tsid="13" namespace="0x01860000" />
        <service id="0x007d" sid="125" name="TVR 1" type="1" provider="" onid="28" tsid="13" namespace="0x01860000" />
        <service id="0x007e" sid="126" name="TVR 2" type="1" provider="" onid="28" tsid="13" namespace="0x01860000" />
        <service id="0x00fd" sid="253" name="U TV" type="1" provider="" onid="28" tsid="13" namespace="0x01860000" />
        <service id="0x011e" sid="286" name="ZU TV" type="1" provider="" onid="28" tsid="13" namespace="0x01860000" />
      </transponder>
    </satellite>
    <satellite key="01860000:000e:001c" name="Sat-39E" namespace="0x01860000" position="39">
      <transponder key="01860000:000e:001c" frequency="12565000" symbol_rate="30000000" polarization="V" fec="5" system="0" modulation="0">
        <service id="0x0029" sid="41" name="Antena 1" type="1" provider="" onid="28" tsid="14" namespace="0x01860000" />
        <service id="0x002b" sid="43" name="Antena 3" type="1" provider="" onid="28" tsid="14" namespace="0x01860000" />
        <service id="0x002a" sid="42" name="Antena Stars" type="1" provider="" onid="28" tsid="14" namespace="0x01860000" />
        <service id="0x002d" sid="45" name="AXN" type="1" provider="" onid="28" tsid="14" namespace="0x01860000" />
        <service id="0x006a" sid="106" name="B1" type="1" provider="" onid="28" tsid="14" namespace="0x01860000" />
        <service id="0x0030" sid="48" name="BBC World News" type="1" provider="" onid="28" tsid="14" namespace="0x01860000" />
        <service id="0x00a5" sid="165" name="BBC World News" type="1" provider="" onid="28" tsid="14" namespace="0x01860000" />
        <service id="0x00da" sid="218" name="Disney Channel" type="1" provider="" onid="28" tsid="14" namespace="0x01860000" />
        <service id="0x006d" sid="109" name="Disney Junior" type="1" provider="" onid="28" tsid="14" namespace="0x01860000" />
        <service id="0x006c" sid="108" name="Favorit TV" type="1" provider="" onid="28" tsid="14" namespace="0x01860000" />
        <service id="0x00f0" sid="240" name="LookSport" type="1" provider="" onid="28" tsid="14" namespace="0x01860000" />
        <service id="0x006f" sid="111" name="National TV" type="1" provider="" onid="28" tsid="14" namespace="0x01860000" />
        <service id="0x002f" sid="47" name="Prima TV" type="1" provider="" onid="28" tsid="14" namespace="0x01860000" />
        <service id="0x00a7" sid="167" name="PRO 2" type="1" provider="" onid="28" tsid="14" namespace="0x01860000" />
        <service id="0x00a8" sid="168" name="PRO TV" type="1" provider="" onid="28" tsid="14" namespace="0x01860000" />
        <service id="0x004d" sid="77" name="Realitatea TV" type="1" provider="" onid="28" tsid="14" namespace="0x01860000" />
        <service id="0x007f" sid="127" name="TVH" type="1" provider="" onid="28" tsid="14" namespace="0x01860000" />
        <service id="0x00bd" sid="189" name="X-Dream TV" type="1" provider="" onid="28" tsid="14" namespace="0x01860000" />
      </transponder>
    </satellite>
    <satellite key="01860000:000f:001c" name="Sat-39E" namespace="0x01860000" position="39">
      <transponder key="01860000:000f:001c" frequency="12175000" symbol_rate="30000000" polarization="V" fec="5" system="0" modulation="0">
        <service id="0x008f" sid="143" name="Brazzers TV" type="1" provider="" onid="28" tsid="15" namespace="0x01860000" />
        <service id="0x010b" sid="267" name="Crime &amp; Investigations" type="1" provider="" onid="28" tsid="15" namespace="0x01860000" />
        <service id="0x010a" sid="266" name="E! Entertainment" type="1" provider="" onid="28" tsid="15" namespace="0x01860000" />
        <service id="0x00d2" sid="210" name="ERDELY TV" type="1" provider="" onid="28" tsid="15" namespace="0x01860000" />
        <service id="0x014a" sid="330" name="Eurosport 1" type="1" provider="" onid="28" tsid="15" namespace="0x01860000" />
        <service id="0x00a4" sid="164" name="Fashion TV" type="1" provider="" onid="28" tsid="15" namespace="0x01860000" />
        <service id="0x00fb" sid="251" name="Food Network" type="1" provider="" onid="28" tsid="15" namespace="0x01860000" />
        <service id="0x0031" sid="49" name="HBO 3" type="1" provider="" onid="28" tsid="15" namespace="0x01860000" />
        <service id="0x016f" sid="367" name="Nick Jr." type="1" provider="" onid="28" tsid="15" namespace="0x01860000" />
        <service id="0x00dd" sid="221" name="Nickelodeon" type="1" provider="" onid="28" tsid="15" namespace="0x01860000" />
        <service id="0x005d" sid="93" name="Pink'O" type="1" provider="" onid="28" tsid="15" namespace="0x01860000" />
        <service id="0x005b" sid="91" name="Playboy TV" type="1" provider="" onid="28" tsid="15" namespace="0x01860000" />
        <service id="0x013f" sid="319" name="Story 4" type="1" provider="" onid="28" tsid="15" namespace="0x01860000" />
        <service id="0x0038" sid="56" name="Telekom Sport 3" type="1" provider="" onid="28" tsid="15" namespace="0x01860000" />
        <service id="0x018b" sid="395" name="Telekom Sport 3" type="1" provider="" onid="28" tsid="15" namespace="0x01860000" />
        <service id="0x00de" sid="222" name="Telekom Sport 4" type="1" provider="" onid="28" tsid="15" namespace="0x01860000" />
        <service id="0x018c" sid="396" name="Telekom Sport 4" type="1" provider="" onid="28" tsid="15" namespace="0x01860000" />
        <service id="0x0036" sid="54" name="TLC" type="1" provider="" onid="28" tsid="15" namespace="0x01860000" />
        <service id="0x00f1" sid="241" name="TV Paprika" type="1" provider="" onid="28" tsid="15" namespace="0x01860000" />
        <service id="0x004e" sid="78" name="VH1" type="1" provider="" onid="28" tsid="15" namespace="0x01860000" />
        <service id="0x00f3" sid="243" name="Viasat Explore" type="1" provider="" onid="28" tsid="15" namespace="0x01860000" />
      </transponder>
    </satellite>
    <satellite key="01860000:0010:001c" name="Sat-39E" namespace="0x01860000" position="39">
      <transponder key="01860000:0010:001c" frequency="12647000" symbol_rate="30000000" polarization="V" fec="5" system="0" modulation="0">
        <service id="0x00a2" sid="162" name="AXN Black" type="1" provider="" onid="28" tsid="16" namespace="0x01860000" />
        <service id="0x00a1" sid="161" name="AXN White" type="1" provider="" onid="28" tsid="16" namespace="0x01860000" />
        <service id="0x008e" sid="142" name="BBC Earth" type="1" provider="" onid="28" tsid="16" namespace="0x01860000" />
        <service id="0x005f" sid="95" name="Cartoon Net/TNT" type="1" provider="" onid="28" tsid="16" namespace="0x01860000" />
        <service id="0x00e0" sid="224" name="Cartoon Network" type="1" provider="" onid="28" tsid="16" namespace="0x01860000" />
        <service id="0x009d" sid="157" name="Cinemax 2" type="1" provider="" onid="28" tsid="16" namespace="0x01860000" />
        <service id="0x0035" sid="53" name="Discovery Science" type="1" provider="" onid="28" tsid="16" namespace="0x01860000" />
        <service id="0x0034" sid="52" name="DTX" type="1" provider="" onid="28" tsid="16" namespace="0x01860000" />
        <service id="0x004a" sid="74" name="Duck TV" type="1" provider="" onid="28" tsid="16" namespace="0x01860000" />
        <service id="0x00c2" sid="194" name="HBO 2" type="1" provider="Dolce" onid="28" tsid="16" namespace="0x01860000" />
        <service id="0x006b" sid="107" name="Hustler TV" type="1" provider="" onid="28" tsid="16" namespace="0x01860000" />
        <service id="0x007c" sid="124" name="Kiss TV" type="1" provider="" onid="28" tsid="16" namespace="0x01860000" />
        <service id="0x00db" sid="219" name="Magic TV" type="1" provider="" onid="28" tsid="16" namespace="0x01860000" />
        <service id="0x00a5" sid="165" name="MTV Dance" type="1" provider="" onid="28" tsid="16" namespace="0x01860000" />
        <service id="0x00a6" sid="166" name="MTV Rocks" type="1" provider="" onid="28" tsid="16" namespace="0x01860000" />
        <service id="0x0053" sid="83" name="Penthouse HD" type="1" provider="" onid="28" tsid="16" namespace="0x01860000" />
        <service id="0x00df" sid="223" name="TNT" type="1" provider="" onid="28" tsid="16" namespace="0x01860000" />
        <service id="0x00aa" sid="170" name="Travel Channel" type="1" provider="" onid="28" tsid="16" namespace="0x01860000" />
        <service id="0x00a7" sid="167" name="VH1 Classic" type="1" provider="" onid="28" tsid="16" namespace="0x01860000" />
      </transponder>
    </satellite>
    <satellite key="01860000:0011:001c" name="Sat-39E" namespace="0x01860000" position="39">
      <transponder key="01860000:0011:001c" frequency="12688000" symbol_rate="30000000" polarization="V" fec="5" system="0" modulation="0">
        <service id="0x008b" sid="139" name="CNN" type="1" provider="" onid="28" tsid="17" namespace="0x01860000" />
        <service id="0x00d3" sid="211" name="Etno" type="1" provider="" onid="28" tsid="17" namespace="0x01860000" />
        <service id="0x0039" sid="57" name="Eurosport" type="1" provider="" onid="28" tsid="17" namespace="0x01860000" />
        <service id="0x00a3" sid="163" name="HBO" type="1" provider="Dolce" onid="28" tsid="17" namespace="0x01860000" />
        <service id="0x01c7" sid="455" name="HBO" type="1" provider="" onid="28" tsid="17" namespace="0x01860000" />
        <service id="0x019f" sid="415" name="HBO 3" type="1" provider="" onid="28" tsid="17" namespace="0x01860000" />
        <service id="0x00a9" sid="169" name="MTV Romania" type="1" provider="" onid="28" tsid="17" namespace="0x01860000" />
        <service id="0x005a" sid="90" name="Nasul TV" type="1" provider="" onid="28" tsid="17" namespace="0x01860000" />
        <service id="0x016d" sid="365" name="Paramount" type="1" provider="" onid="28" tsid="17" namespace="0x01860000" />
        <service id="0x004b" sid="75" name="PRO CINEMA" type="1" provider="" onid="28" tsid="17" namespace="0x01860000" />
        <service id="0x005c" sid="92" name="PRO GOLD" type="1" provider="" onid="28" tsid="17" namespace="0x01860000" />
        <service id="0x004c" sid="76" name="PRO X" type="1" provider="" onid="28" tsid="17" namespace="0x01860000" />
        <service id="0x00d4" sid="212" name="Taraf" type="1" provider="" onid="28" tsid="17" namespace="0x01860000" />
        <service id="0x004d" sid="77" name="Telekom Sport 2" type="1" provider="Dolce" onid="28" tsid="17" namespace="0x01860000" />
        <service id="0x0057" sid="87" name="Telekom Sport 2" type="1" provider="" onid="28" tsid="17" namespace="0x01860000" />
        <service id="0x00e2" sid="226" name="Trinitas TV" type="1" provider="" onid="28" tsid="17" namespace="0x01860000" />
        <service id="0x00e7" sid="231" name="TV5 Monde" type="1" provider="" onid="28" tsid="17" namespace="0x01860000" />
        <service id="0x008c" sid="140" name="TVE" type="1" provider="" onid="28" tsid="17" namespace="0x01860000" />
        <service id="0x00e8" sid="232" name="TVR 3" type="1" provider="" onid="28" tsid="17" namespace="0x01860000" />
      </transponder>
    </satellite>
    <satellite key="01860000:0012:001c" name="Sat-39E" namespace="0x01860000" position="39">
      <transponder key="01860000:0012:001c" frequency="12406000" symbol_rate="30000000" polarization="V" fec="5" system="0" modulation="0">
        <service id="0x007a" sid="122" name="" type="1" provider="" onid="28" tsid="18" namespace="0x01860000" />
        <service id="0x00ba" sid="186" name="Agro TV" type="1" provider="" onid="28" tsid="18" namespace="0x01860000" />
        <service id="0x007b" sid="123" name="AXN Spin" type="1" provider="" onid="28" tsid="18" namespace="0x01860000" />
        <service id="0x009c" sid="156" name="Cinemax" type="1" provider="" onid="28" tsid="18" namespace="0x01860000" />
        <service id="0x008a" sid="138" name="Classica TV" type="1" provider="" onid="28" tsid="18" namespace="0x01860000" />
        <service id="0x008f" sid="143" name="Comedy Central" type="1" provider="" onid="28" tsid="18" namespace="0x01860000" />
        <service id="0x004e" sid="78" name="Da Vinci" type="1" provider="" onid="28" tsid="18" namespace="0x01860000" />
        <service id="0x006d" sid="109" name="Djazz TV" type="1" provider="" onid="28" tsid="18" namespace="0x01860000" />
        <service id="0x009b" sid="155" name="HBO" type="1" provider="" onid="28" tsid="18" namespace="0x01860000" />
        <service id="0x007e" sid="126" name="History" type="1" provider="" onid="28" tsid="18" namespace="0x01860000" />
        <service id="0x013e" sid="318" name="ID Discovery" type="1" provider="" onid="28" tsid="18" namespace="0x01860000" />
        <service id="0x007f" sid="127" name="Jim Jam" type="1" provider="" onid="28" tsid="18" namespace="0x01860000" />
        <service id="0x004f" sid="79" name="MGM" type="1" provider="" onid="28" tsid="18" namespace="0x01860000" />
        <service id="0x0051" sid="81" name="Mooz Ro" type="1" provider="" onid="28" tsid="18" namespace="0x01860000" />
        <service id="0x0058" sid="88" name="Mooz Ro" type="1" provider="" onid="28" tsid="18" namespace="0x01860000" />
        <service id="0x0050" sid="80" name="Rock TV" type="1" provider="" onid="28" tsid="18" namespace="0x01860000" />
        <service id="0x012d" sid="301" name="TV 1000" type="1" provider="" onid="28" tsid="18" namespace="0x01860000" />
        <service id="0x012f" sid="303" name="Viasat History" type="1" provider="" onid="28" tsid="18" namespace="0x01860000" />
        <service id="0x0052" sid="82" name="Viasat Nature" type="1" provider="" onid="28" tsid="18" namespace="0x01860000" />
      </transponder>
    </satellite>
    <satellite key="01860000:25e4:02be" name="Sat-39E" namespace="0x01860000" position="39">
      <transponder key="01860000:25e4:02be" frequency="12425000" symbol_rate="27504000" polarization="H" fec="4" system="0" modulation="0">
        <service id="0x0008" sid="8" name="ESC" type="1" provider="ARABSAT" onid="702" tsid="9700" namespace="0x01860000" />
        <service id="0x0005" sid="5" name="IQRAA" type="1" provider="ARABSAT" onid="702" tsid="9700" namespace="0x01860000" />
        <service id="0x0009" sid="9" name="Iraqia News" type="1" provider="ARABSAT" onid="702" tsid="9700" namespace="0x01860000" />
        <service id="0x002b" sid="43" name="Libya ALwatneh" type="1" provider="NILESAT" onid="702" tsid="9700" namespace="0x01860000" />
        <service id="0x0007" sid="7" name="OMAN TV HD" type="25" provider="ARABSAT" onid="702" tsid="9700" namespace="0x01860000" />
        <service id="0x0002" sid="2" name="Qatar TV" type="22" provider="Qatar TV" onid="702" tsid="9700" namespace="0x01860000" />
        <service id="0x002a" sid="42" name="SAUDI-QURAN" type="1" provider="Arabsat" onid="702" tsid="9700" namespace="0x01860000" />
        <service id="0x0003" sid="3" name="SAUDI1" type="1" provider="ARABSAT" onid="702" tsid="9700" namespace="0x01860000" />
        <service id="0x0006" sid="6" name="SUDAN TV" type="1" provider="ARABSAT" onid="702" tsid="9700" namespace="0x01860000" />
        <service id="0x0015" sid="21" name="Tayba TV" type="1" provider="ARABSAT" onid="702" tsid="9700" namespace="0x01860000" />
        <service id="0x000c" sid="12" name="ESC R1" type="2" provider="ARABSAT" onid="702" tsid="9700" namespace="0x01860000" radio="1" />
        <service id="0x001c" sid="28" name="ESC R2" type="2" provider="ARABSAT" onid="702" tsid="9700" namespace="0x01860000" radio="1" />
        <service id="0x001a" sid="26" name="ESC R3" type="2" provider="ARABSAT" onid="702" tsid="9700" namespace="0x01860000" radio="1" />
        <service id="0x001d" sid="29" name="Iraq Republic Radio" type="2" provider="ARABSAT" onid="702" tsid="9700" namespace="0x01860000" radio="1" />
        <service id="0x0014" sid="20" name="JORDAN R1" type="2" provider="ARABSAT" onid="702" tsid="9700" namespace="0x01860000" radio="1" />
        <service id="0x001b" sid="27" name="OMAN R2" type="2" provider="ARABSAT" onid="702" tsid="9700" namespace="0x01860000" radio="1" />
        <service id="0x0013" sid="19" name="OMAN R3" type="2" provider="ARABSAT" onid="702" tsid="9700" namespace="0x01860000" radio="1" />
        <service id="0x002f" sid="47" name="OMAN-HOLY QURAN" type="2" provider="ARABSAT" onid="702" tsid="9700" namespace="0x01860000" radio="1" />
        <service id="0x000d" sid="13" name="SAUDI R1" type="2" provider="ARABSAT" onid="702" tsid="9700" namespace="0x01860000" radio="1" />
        <service id="0x000b" sid="11" name="SAUDI R2" type="2" provider="ARABSAT" onid="702" tsid="9700" namespace="0x01860000" radio="1" />
        <service id="0x000a" sid="10" name="SUDAN R1" type="2" provider="ARABSAT" onid="702" tsid="9700" namespace="0x01860000" radio="1" />
      </transponder>
    </satellite>
    <satellite key="01862d24:0001:ffff" name="Sat-39E" namespace="0x01862d24" position="39">
      <transponder key="01862d24:0001:ffff" frequency="11556000" symbol_rate="2500000" polarization="H" fec="5" system="0" modulation="0">
        <service id="0x0001" sid="1" name="AJYAL TV" type="1" provider="TandbergTV" onid="65535" tsid="1" namespace="0x01862d24" />
      </transponder>
    </satellite>
    <satellite key="01862fa2:0002:0001" name="Sat-39E" namespace="0x01862fa2" position="39">
      <transponder key="01862fa2:0002:0001" frequency="12194000" symbol_rate="30000000" polarization="H" fec="5" system="0" modulation="0">
        <service id="0x0012" sid="18" name="24 Kitchen" type="1" provider="BULSATCOM" onid="1" tsid="2" namespace="0x01862fa2" />
        <service id="0x0010" sid="16" name="Animal Planet" type="1" provider="BULSATCOM" onid="1" tsid="2" namespace="0x01862fa2" />
        <service id="0x001d" sid="29" name="Bulgaria on Air" type="1" provider="BULSATCOM" onid="1" tsid="2" namespace="0x01862fa2" />
        <service id="0x000e" sid="14" name="Destination BG" type="1" provider="BULSATCOM" onid="1" tsid="2" namespace="0x01862fa2" />
        <service id="0x001a" sid="26" name="DM Sat" type="1" provider="BULSATCOM" onid="1" tsid="2" namespace="0x01862fa2" />
        <service id="0x002b" sid="43" name="Eurosport" type="1" provider="BULSATCOM" onid="1" tsid="2" namespace="0x01862fa2" />
        <service id="0x001c" sid="28" name="Fine Living" type="1" provider="BULSATCOM" onid="1" tsid="2" namespace="0x01862fa2" />
        <service id="0x0013" sid="19" name="History Channel" type="1" provider="BULSATCOM" onid="1" tsid="2" namespace="0x01862fa2" />
        <service id="0x000f" sid="15" name="Hobby lov" type="1" provider="BULSATCOM" onid="1" tsid="2" namespace="0x01862fa2" />
        <service id="0x001e" sid="30" name="MAX sport 2" type="1" provider="BULSATCOM" onid="1" tsid="2" namespace="0x01862fa2" />
        <service id="0x002e" sid="46" name="NG WILD" type="1" provider="BULSATCOM" onid="1" tsid="2" namespace="0x01862fa2" />
        <service id="0x001b" sid="27" name="PASSION XXX" type="1" provider="BULSATCOM" onid="1" tsid="2" namespace="0x01862fa2" />
        <service id="0x002c" sid="44" name="Penthouse" type="1" provider="BULSATCOM" onid="1" tsid="2" namespace="0x01862fa2" />
        <service id="0x0011" sid="17" name="Perviy Kanal" type="1" provider="BULSATCOM" onid="1" tsid="2" namespace="0x01862fa2" />
        <service id="0x002f" sid="47" name="Tiankov TV" type="1" provider="BULSATCOM" onid="1" tsid="2" namespace="0x01862fa2" />
        <service id="0x001f" sid="31" name="TV Evropa" type="1" provider="BULSATCOM" onid="1" tsid="2" namespace="0x01862fa2" />
        <service id="0x003a" sid="58" name="XYPLUS" type="1" provider="BULSATCOM" onid="1" tsid="2" namespace="0x01862fa2" />
        <service id="0x0016" sid="22" name="BG Radio" type="2" provider="BULSATCOM" onid="1" tsid="2" namespace="0x01862fa2" radio="1" />
        <service id="0x0017" sid="23" name="Darik Radio" type="2" provider="BULSATCOM" onid="1" tsid="2" namespace="0x01862fa2" radio="1" />
        <service id="0x0015" sid="21" name="NRJ" type="2" provider="BULSATCOM" onid="1" tsid="2" namespace="0x01862fa2" radio="1" />
        <service id="0x0014" sid="20" name="Radio 1 Rock" type="2" provider="BULSATCOM" onid="1" tsid="2" namespace="0x01862fa2" radio="1" />
        <service id="0x0019" sid="25" name="Radio Payner" type="2" provider="BULSAYCOM" onid="1" tsid="2" namespace="0x01862fa2" radio="1" />
        <service id="0x0018" sid="24" name="Tangra MegaRock" type="2" provider="BULSATCOM" onid="1" tsid="2" namespace="0x01862fa2" radio="1" />
      </transponder>
    </satellite>
    <satellite key="01862fef:0001:0001" name="Sat-39E" namespace="0x01862fef" position="39">
      <transponder key="01862fef:0001:0001" frequency="12271000" symbol_rate="30000000" polarization="H" fec="5" system="0" modulation="0">
        <service id="0x03eb" sid="1003" name="BNT 1" type="1" provider="BULSATCOM" onid="1" tsid="1" namespace="0x01862fef" />
        <service id="0x03f0" sid="1008" name="BNT 3" type="1" provider="BULSATCOM" onid="1" tsid="1" namespace="0x01862fef" />
        <service id="0x03ef" sid="1007" name="bTV" type="1" provider="BULSATCOM" onid="1" tsid="1" namespace="0x01862fef" />
        <service id="0x046a" sid="1130" name="Diema" type="1" provider="BULSATCOM" onid="1" tsid="1" namespace="0x01862fef" />
        <service id="0x03ee" sid="1006" name="Diema Sport" type="1" provider="BULSATCOM" onid="1" tsid="1" namespace="0x01862fef" />
        <service id="0x03f8" sid="1016" name="Discovery Channel" type="1" provider="BULSATCOM" onid="1" tsid="1" namespace="0x01862fef" />
        <service id="0x03f3" sid="1011" name="F Plus" type="1" provider="BULSATCOM" onid="1" tsid="1" namespace="0x01862fef" />
        <service id="0x03f6" sid="1014" name="Hobby TV" type="1" provider="BULSATCOM" onid="1" tsid="1" namespace="0x01862fef" />
        <service id="0x03f5" sid="1013" name="KinoNova" type="1" provider="BULSATCOM" onid="1" tsid="1" namespace="0x01862fef" />
        <service id="0x03ec" sid="1004" name="MagicTV" type="1" provider="BULSATCOM" onid="1" tsid="1" namespace="0x01862fef" />
        <service id="0x03f4" sid="1012" name="NOVA" type="1" provider="BULSATCOM" onid="1" tsid="1" namespace="0x01862fef" />
        <service id="0x03ea" sid="1002" name="Planeta TV" type="1" provider="BULSATCOM" onid="1" tsid="1" namespace="0x01862fef" />
        <service id="0x03f7" sid="1015" name="The Voice" type="1" provider="BULSATCOM" onid="1" tsid="1" namespace="0x01862fef" />
        <service id="0x03f2" sid="1010" name="TV Plus" type="1" provider="BULSATCOM" onid="1" tsid="1" namespace="0x01862fef" />
      </transponder>
    </satellite>
    <satellite key="018630b0:0005:0001" name="Sat-39E" namespace="0x018630b0" position="39">
      <transponder key="018630b0:0005:0001" frequency="12464000" symbol_rate="30000000" polarization="H" fec="2" system="0" modulation="0">
        <service id="0x000f" sid="15" name="Action Plus HD" type="1" provider="BULSATCOM" onid="1" tsid="5" namespace="0x018630b0" />
        <service id="0x0038" sid="56" name="AMC" type="1" provider="BULSATCOM" onid="1" tsid="5" namespace="0x018630b0" />
        <service id="0x00cf" sid="207" name="bTV HD" type="1" provider="BULSATCOM" onid="1" tsid="5" namespace="0x018630b0" />
        <service id="0x0033" sid="51" name="Bulgaria 24" type="1" provider="BULSATCOM" onid="1" tsid="5" namespace="0x018630b0" />
        <service id="0x003b" sid="59" name="Cinema Plus" type="1" provider="BULSATCOM" onid="1" tsid="5" namespace="0x018630b0" />
        <service id="0x0035" sid="53" name="City TV" type="1" provider="BULSATCOM" onid="1" tsid="5" namespace="0x018630b0" />
        <service id="0x00d1" sid="209" name="Comedy Plus" type="1" provider="BULSATCOM" onid="1" tsid="5" namespace="0x018630b0" />
        <service id="0x0036" sid="54" name="Ekids" type="1" provider="BULSATCOM" onid="1" tsid="5" namespace="0x018630b0" />
        <service id="0x000a" sid="10" name="Eurosport HD" type="1" provider="BULSATCOM" onid="1" tsid="5" namespace="0x018630b0" />
        <service id="0x0034" sid="52" name="Evrokom" type="1" provider="BULSATCOM" onid="1" tsid="5" namespace="0x018630b0" />
        <service id="0x008a" sid="138" name="FILMBOX" type="1" provider="BULSATCOM" onid="1" tsid="5" namespace="0x018630b0" />
        <service id="0x008b" sid="139" name="H2" type="1" provider="BULSATCOM" onid="1" tsid="5" namespace="0x018630b0" />
        <service id="0x00d0" sid="208" name="History Channel HD" type="1" provider="BULSATCOM" onid="1" tsid="5" namespace="0x018630b0" />
        <service id="0x00cb" sid="203" name="Hobby TV HD" type="1" provider="BULSATCOM" onid="1" tsid="5" namespace="0x018630b0" />
        <service id="0x003a" sid="58" name="MAGIC TV" type="1" provider="BULSATCOM" onid="1" tsid="5" namespace="0x018630b0" />
        <service id="0x0037" sid="55" name="MAX sport 3" type="1" provider="BULSATCOM" onid="1" tsid="5" namespace="0x018630b0" />
        <service id="0x00cc" sid="204" name="National Geographic HD" type="1" provider="BULSATCOM" onid="1" tsid="5" namespace="0x018630b0" />
        <service id="0x00d2" sid="210" name="NG Wild HD" type="1" provider="BULSATCOM" onid="1" tsid="5" namespace="0x018630b0" />
        <service id="0x00ce" sid="206" name="Planeta HD" type="1" provider="BULSATCOM" onid="1" tsid="5" namespace="0x018630b0" />
        <service id="0x00cd" sid="205" name="SPORT Plus HD" type="1" provider="BULSATCOM" onid="1" tsid="5" namespace="0x018630b0" />
        <service id="0x0039" sid="57" name="VH 1" type="1" provider="BULSATCOM" onid="1" tsid="5" namespace="0x018630b0" />
        <service id="0x00d3" sid="211" name="VH 1 Classic" type="1" provider="BULSATCOM" onid="1" tsid="5" namespace="0x018630b0" />
      </transponder>
    </satellite>
    <satellite key="0186afb6:0004:0001" name="Sat-39E" namespace="0x0186afb6" position="39">
      <transponder key="0186afb6:0004:0001" frequency="12214000" symbol_rate="30000000" polarization="V" fec="5" system="0" modulation="0">
        <service id="0x006e" sid="110" name="Alfa TV" type="1" provider="BULSATCOM" onid="1" tsid="4" namespace="0x0186afb6" />
        <service id="0x007b" sid="123" name="Balkanika" type="1" provider="BULSATCOM" onid="1" tsid="4" namespace="0x0186afb6" />
        <service id="0x007d" sid="125" name="bTV Lady" type="1" provider="BULSATCOM" onid="1" tsid="4" namespace="0x0186afb6" />
        <service id="0x002f" sid="47" name="CN" type="1" provider="BULSATCOM" onid="1" tsid="4" namespace="0x0186afb6" />
        <service id="0x002e" sid="46" name="Disney Channel" type="1" provider="BULSATCOM" onid="1" tsid="4" namespace="0x0186afb6" />
        <service id="0x003e" sid="62" name="Disney Junior" type="1" provider="BULSATCOM" onid="1" tsid="4" namespace="0x0186afb6" />
        <service id="0x004f" sid="79" name="FAN TV" type="1" provider="BULSATCOM" onid="1" tsid="4" namespace="0x0186afb6" />
        <service id="0x0031" sid="49" name="Fen Folk TV" type="1" provider="BULSATCOM" onid="1" tsid="4" namespace="0x0186afb6" />
        <service id="0x004d" sid="77" name="Folklor TV" type="1" provider="BULSATCOM" onid="1" tsid="4" namespace="0x0186afb6" />
        <service id="0x004c" sid="76" name="FOX" type="1" provider="BULSATCOM" onid="1" tsid="4" namespace="0x0186afb6" />
        <service id="0x007a" sid="122" name="ID Xtra" type="1" provider="BULSATCOM" onid="1" tsid="4" namespace="0x0186afb6" />
        <service id="0x004e" sid="78" name="Kanal 3" type="1" provider="BULSATCOM" onid="1" tsid="4" namespace="0x0186afb6" />
        <service id="0x003d" sid="61" name="MTV Hits" type="1" provider="BULSATCOM" onid="1" tsid="4" namespace="0x0186afb6" />
        <service id="0x006c" sid="108" name="Nick" type="1" provider="BULSATCOM" onid="1" tsid="4" namespace="0x0186afb6" />
        <service id="0x003c" sid="60" name="Nick Jr" type="1" provider="BULSATCOM" onid="1" tsid="4" namespace="0x0186afb6" />
        <service id="0x0032" sid="50" name="Planeta Folk" type="1" provider="BULSATCOM" onid="1" tsid="4" namespace="0x0186afb6" />
        <service id="0x006f" sid="111" name="Viasat Explorer" type="1" provider="BULSATCOM" onid="1" tsid="4" namespace="0x0186afb6" />
      </transponder>
    </satellite>
    <satellite key="0186b0c3:0003:0001" name="Sat-39E" namespace="0x0186b0c3" position="39">
      <transponder key="0186b0c3:0003:0001" frequency="12483000" symbol_rate="30000000" polarization="V" fec="5" system="0" modulation="0">
        <service id="0x000a" sid="10" name="AXN" type="1" provider="BULSATCOM" onid="1" tsid="3" namespace="0x0186b0c3" />
        <service id="0x0006" sid="6" name="BNT 2" type="1" provider="BULSATCOM" onid="1" tsid="3" namespace="0x0186b0c3" />
        <service id="0x013b" sid="315" name="bTV Action" type="1" provider="BULSATCOM" onid="1" tsid="3" namespace="0x0186b0c3" />
        <service id="0x012f" sid="303" name="bTV Cinema" type="1" provider="BULSATCOM" onid="1" tsid="3" namespace="0x0186b0c3" />
        <service id="0x0059" sid="89" name="bTV Comedy" type="1" provider="BULSATCOM" onid="1" tsid="3" namespace="0x0186b0c3" />
        <service id="0x0001" sid="1" name="Diema Family" type="1" provider="BULSATCOM" onid="1" tsid="3" namespace="0x0186b0c3" />
        <service id="0x008b" sid="139" name="Diema Sport 2" type="1" provider="BULSATCOM" onid="1" tsid="3" namespace="0x0186b0c3" />
        <service id="0x001e" sid="30" name="FOX Crime" type="1" provider="BULSATCOM" onid="1" tsid="3" namespace="0x0186b0c3" />
        <service id="0x001c" sid="28" name="FOX Life" type="1" provider="BULSATCOM" onid="1" tsid="3" namespace="0x0186b0c3" />
        <service id="0x0052" sid="82" name="MAX sport 1" type="1" provider="BULSATCOM" onid="1" tsid="3" namespace="0x0186b0c3" />
        <service id="0x0002" sid="2" name="National Geographic" type="1" provider="BULSATCOM" onid="1" tsid="3" namespace="0x0186b0c3" />
        <service id="0x0009" sid="9" name="Nova Sport" type="1" provider="BULSATCOM" onid="1" tsid="3" namespace="0x0186b0c3" />
        <service id="0x014b" sid="331" name="RING BG" type="1" provider="BULSATCOM" onid="1" tsid="3" namespace="0x0186b0c3" />
        <service id="0x013a" sid="314" name="TLC" type="1" provider="BULSATCOM" onid="1" tsid="3" namespace="0x0186b0c3" />
        <service id="0x001b" sid="27" name="radio Magic FM" type="2" provider="BULSATCOM" onid="1" tsid="3" namespace="0x0186b0c3" radio="1" />
        <service id="0x000d" sid="13" name="radio Veselina E" type="2" provider="BULSATCOM" onid="1" tsid="3" namespace="0x0186b0c3" radio="1" />
        <service id="0x003e" sid="62" name="radio Veselina N" type="2" provider="BULSATCOM" onid="1" tsid="3" namespace="0x0186b0c3" radio="1" />
        <service id="0x003f" sid="63" name="radio Veselina S" type="2" provider="BULSATCOM" onid="1" tsid="3" namespace="0x0186b0c3" radio="1" />
        <service id="0x001a" sid="26" name="radio Veselina W" type="2" provider="BULSATCOM" onid="1" tsid="3" namespace="0x0186b0c3" radio="1" />
        <service id="0x000b" sid="11" name="radio Vitosha E" type="2" provider="BULSATCOM" onid="1" tsid="3" namespace="0x0186b0c3" radio="1" />
        <service id="0x000c" sid="12" name="radio Vitosha W" type="2" provider="BULSATCOM" onid="1" tsid="3" namespace="0x0186b0c3" radio="1" />
        <service id="0x001d" sid="29" name="The Voice" type="2" provider="BULSATCOM" onid="1" tsid="3" namespace="0x0186b0c3" radio="1" />
      </transponder>
    </satellite>
  </satellites>
</zapit>
