{
  "api_version": 4,
  "bouquet_count": "231",
  "category": "terrestrial",
  "deduplicated_services": "0",
  "display_name": "Persidera",
  "lamedb_version": "4",
  "last_seen": "unknown",
  "region_code": "persidera",
  "service_count": "1862",
  "source": "work/ingest/oe-alliance/vhannibal.hotbird.and.dtt.piemonte/enigma2",
  "stale": "unknown",
  "stats": "{\"bouquet_count\": 41, \"cable_services\": 0, \"radio_services\": 261, \"sat_services\": 1563, \"terrestrial_services\": 299, \"total_services\": 1862}",
  "thresholds": "{\"cable\": 20, \"sat\": 50, \"terrestrial\": 20}",
  "transponder_count": "116"
}