<?xml version='1.0' encoding='utf-8'?>
<zapit api="4">
  <terrestrials>
    <terrestrial key="eeee0000:0003:22c1" name="RTV-SLOVENIJA" namespace="0xeeee0000">
      <transponder key="eeee0000:0003:22c1" frequency="522000000" symbol_rate="0" polarization="H" fec="5" system="0" modulation="4">
        <service id="0x0001" sid="1" name="SLO1 HD" type="25" provider="RTV SLOVENIJA" onid="8897" tsid="3" namespace="0xeeee0000" />
        <service id="0x0002" sid="2" name="SLO2 HD" type="25" provider="RTV SLOVENIJA" onid="8897" tsid="3" namespace="0xeeee0000" />
        <service id="0x0003" sid="3" name="SLO3 HD" type="25" provider="RTV SLOVENIJA" onid="8897" tsid="3" namespace="0xeeee0000" />
        <service id="0x0005" sid="5" name="TV KOPER" type="25" provider="RTV SLOVENIJA" onid="8897" tsid="3" namespace="0xeeee0000" />
        <service id="0x0004" sid="4" name="TV MARIBOR" type="25" provider="RTV SLOVENIJA" onid="8897" tsid="3" namespace="0xeeee0000" />
      </transponder>
    </terrestrial>
  </terrestrials>
</zapit>
