<?xml version='1.0' encoding='utf-8'?>
<zapit>
  <bouquet name="General" category="tv">
    <channel service_ref="1:0:25:0bcc:03a2:0110:eeee0000:0:0:0:" name="20Mediaset HD" service_name="20Mediaset HD" provider="Mediaset" sid="3020" onid="272" tsid="930" />
    <channel service_ref="1:0:25:0c30:03a2:0110:eeee0000:0:0:0:" name="20Mediaset HD" service_name="20Mediaset HD" provider="Mediaset" sid="3120" onid="272" tsid="930" />
    <channel service_ref="1:0:25:0dc0:03a2:0110:eeee0000:0:0:0:" name="20Mediaset HD" service_name="20Mediaset HD" provider="Mediaset" sid="3520" onid="272" tsid="930" />
    <channel service_ref="1:0:25:006a:0385:0110:eeee0000:0:0:0:" name="27Twentyseven HD" service_name="27Twentyseven HD" provider="Mediaset" sid="106" onid="272" tsid="901" />
    <channel service_ref="1:0:25:009a:0385:0110:eeee0000:0:0:0:" name="27Twentyseven HD" service_name="27Twentyseven HD" provider="Mediaset" sid="154" onid="272" tsid="901" />
    <channel service_ref="1:0:25:0160:0389:0110:eeee0000:0:0:0:" name="Boing HD" service_name="Boing HD" provider="Mediaset" sid="352" onid="272" tsid="905" />
    <channel service_ref="1:0:25:084c:0389:0110:eeee0000:0:0:0:" name="Boing HD" service_name="Boing HD" provider="Mediaset" sid="2124" onid="272" tsid="905" />
    <channel service_ref="1:0:22:084e:0389:0110:eeee0000:0:0:0:" name="Boing Plus" service_name="Boing Plus" provider="Mediaset" sid="2126" onid="272" tsid="905" />
    <channel service_ref="1:0:22:084f:0389:0110:eeee0000:0:0:0:" name="Boing Plus" service_name="Boing Plus" provider="Mediaset" sid="2127" onid="272" tsid="905" />
    <channel service_ref="1:0:25:0bbd:03a2:0110:eeee0000:0:0:0:" name="Canale5 HD" service_name="Canale5 HD" provider="Mediaset" sid="3005" onid="272" tsid="930" />
    <channel service_ref="1:0:25:0c21:03a2:0110:eeee0000:0:0:0:" name="Canale5 HD" service_name="Canale5 HD" provider="Mediaset" sid="3105" onid="272" tsid="930" />
    <channel service_ref="1:0:25:0db1:03a2:0110:eeee0000:0:0:0:" name="Canale5 HD" service_name="Canale5 HD" provider="Mediaset" sid="3505" onid="272" tsid="930" />
    <channel service_ref="1:0:25:0161:0389:0110:eeee0000:0:0:0:" name="Cartoonito HD" service_name="Cartoonito HD" provider="Mediaset" sid="353" onid="272" tsid="905" />
    <channel service_ref="1:0:25:084d:0389:0110:eeee0000:0:0:0:" name="Cartoonito HD" service_name="Cartoonito HD" provider="Mediaset" sid="2125" onid="272" tsid="905" />
    <channel service_ref="1:0:25:016c:0389:0110:eeee0000:0:0:0:" name="Cine34 HD" service_name="Cine34 HD" provider="Mediaset" sid="364" onid="272" tsid="905" />
    <channel service_ref="1:0:25:086a:0389:0110:eeee0000:0:0:0:" name="Cine34 HD" service_name="Cine34 HD" provider="Mediaset" sid="2154" onid="272" tsid="905" />
    <channel service_ref="1:0:25:016b:0389:0110:eeee0000:0:0:0:" name="Focus HD" service_name="Focus HD" provider="Mediaset" sid="363" onid="272" tsid="905" />
    <channel service_ref="1:0:25:086d:0389:0110:eeee0000:0:0:0:" name="Focus HD" service_name="Focus HD" provider="Mediaset" sid="2157" onid="272" tsid="905" />
    <channel service_ref="1:0:25:002b:0385:0110:eeee0000:0:0:0:" name="Iris HD" service_name="Iris HD" provider="Mediaset" sid="43" onid="272" tsid="901" />
    <channel service_ref="1:0:25:003f:0385:0110:eeee0000:0:0:0:" name="Iris HD" service_name="Iris HD" provider="Mediaset" sid="63" onid="272" tsid="901" />
    <channel service_ref="1:0:25:0bbe:03a2:0110:eeee0000:0:0:0:" name="Italia1 HD" service_name="Italia1 HD" provider="Mediaset" sid="3006" onid="272" tsid="930" />
    <channel service_ref="1:0:25:0c22:03a2:0110:eeee0000:0:0:0:" name="Italia1 HD" service_name="Italia1 HD" provider="Mediaset" sid="3106" onid="272" tsid="930" />
    <channel service_ref="1:0:25:0db2:03a2:0110:eeee0000:0:0:0:" name="Italia1 HD" service_name="Italia1 HD" provider="Mediaset" sid="3506" onid="272" tsid="930" />
    <channel service_ref="1:0:25:002a:0385:0110:eeee0000:0:0:0:" name="La5 HD" service_name="La5 HD" provider="Mediaset" sid="42" onid="272" tsid="901" />
    <channel service_ref="1:0:25:003e:0385:0110:eeee0000:0:0:0:" name="La5 HD" service_name="La5 HD" provider="Mediaset" sid="62" onid="272" tsid="901" />
    <channel service_ref="1:0:25:0bef:03a2:0110:eeee0000:0:0:0:" name="Mediaset Extra HD" service_name="Mediaset Extra HD" provider="Mediaset" sid="3055" onid="272" tsid="930" />
    <channel service_ref="1:0:25:0de4:03a2:0110:eeee0000:0:0:0:" name="Mediaset Extra HD" service_name="Mediaset Extra HD" provider="Mediaset" sid="3556" onid="272" tsid="930" />
    <channel service_ref="1:0:25:002c:0385:0110:eeee0000:0:0:0:" name="Mediaset Italia2 HD" service_name="Mediaset Italia2 HD" provider="Mediaset" sid="44" onid="272" tsid="901" />
    <channel service_ref="1:0:25:002d:0385:0110:eeee0000:0:0:0:" name="Mediaset Italia2 HD" service_name="Mediaset Italia2 HD" provider="Mediaset" sid="45" onid="272" tsid="901" />
    <channel service_ref="1:0:25:0169:0389:0110:eeee0000:0:0:0:" name="QVC HD" service_name="QVC HD" provider="Mediaset" sid="361" onid="272" tsid="905" />
    <channel service_ref="1:0:25:0029:0385:0110:eeee0000:0:0:0:" name="R101 TV" service_name="R101 TV" provider="Mediaset" sid="41" onid="272" tsid="901" />
    <channel service_ref="1:0:25:006b:0385:0110:eeee0000:0:0:0:" name="R101 TV" service_name="R101 TV" provider="Mediaset" sid="107" onid="272" tsid="901" />
    <channel service_ref="1:0:25:003d:0385:0110:eeee0000:0:0:0:" name="RADIO 105" service_name="RADIO 105" provider="Mediaset" sid="61" onid="272" tsid="901" />
    <channel service_ref="1:0:25:004a:0385:0110:eeee0000:0:0:0:" name="RADIO 105" service_name="RADIO 105" provider="Mediaset" sid="74" onid="272" tsid="901" />
    <channel service_ref="1:0:25:0bbc:03a2:0110:eeee0000:0:0:0:" name="Rete4 HD" service_name="Rete4 HD" provider="Mediaset" sid="3004" onid="272" tsid="930" />
    <channel service_ref="1:0:25:0c20:03a2:0110:eeee0000:0:0:0:" name="Rete4 HD" service_name="Rete4 HD" provider="Mediaset" sid="3104" onid="272" tsid="930" />
    <channel service_ref="1:0:25:0db0:03a2:0110:eeee0000:0:0:0:" name="Rete4 HD" service_name="Rete4 HD" provider="Mediaset" sid="3504" onid="272" tsid="930" />
    <channel service_ref="1:0:31:0c80:03a2:0110:eeee0000:0:0:0:" name="Test HEVC Main10" service_name="Test HEVC Main10" provider="Mediaset" sid="3200" onid="272" tsid="930" />
    <channel service_ref="1:0:25:0030:0385:0110:eeee0000:0:0:0:" name="TGCOM24 HD" service_name="TGCOM24 HD" provider="Mediaset" sid="48" onid="272" tsid="901" />
    <channel service_ref="1:0:25:0031:0385:0110:eeee0000:0:0:0:" name="TGCOM24 HD" service_name="TGCOM24 HD" provider="Mediaset" sid="49" onid="272" tsid="901" />
    <channel service_ref="1:0:25:00a0:0385:0110:eeee0000:0:0:0:" name="tivù la guida" service_name="tivù la guida" provider="Mediaset" sid="160" onid="272" tsid="901" />
    <channel service_ref="1:0:25:016a:0389:0110:eeee0000:0:0:0:" name="TOPcrime HD" service_name="TOPcrime HD" provider="Mediaset" sid="362" onid="272" tsid="905" />
    <channel service_ref="1:0:25:016d:0389:0110:eeee0000:0:0:0:" name="TOPcrime HD" service_name="TOPcrime HD" provider="Mediaset" sid="365" onid="272" tsid="905" />
  </bouquet>
  <bouquet name="Movies" category="tv">
    <channel service_ref="1:0:25:016c:0389:0110:eeee0000:0:0:0:" name="Cine34 HD" service_name="Cine34 HD" provider="Mediaset" sid="364" onid="272" tsid="905" />
    <channel service_ref="1:0:25:086a:0389:0110:eeee0000:0:0:0:" name="Cine34 HD" service_name="Cine34 HD" provider="Mediaset" sid="2154" onid="272" tsid="905" />
  </bouquet>
  <bouquet name="Kids" category="tv">
    <channel service_ref="1:0:25:0161:0389:0110:eeee0000:0:0:0:" name="Cartoonito HD" service_name="Cartoonito HD" provider="Mediaset" sid="353" onid="272" tsid="905" />
    <channel service_ref="1:0:25:084d:0389:0110:eeee0000:0:0:0:" name="Cartoonito HD" service_name="Cartoonito HD" provider="Mediaset" sid="2125" onid="272" tsid="905" />
  </bouquet>
  <bouquet name="RAI" category="tv">
    <channel service_ref="1:0:25:0bbe:03a2:0110:eeee0000:0:0:0:" name="Italia1 HD" service_name="Italia1 HD" provider="Mediaset" sid="3006" onid="272" tsid="930" />
    <channel service_ref="1:0:25:0c22:03a2:0110:eeee0000:0:0:0:" name="Italia1 HD" service_name="Italia1 HD" provider="Mediaset" sid="3106" onid="272" tsid="930" />
    <channel service_ref="1:0:25:0db2:03a2:0110:eeee0000:0:0:0:" name="Italia1 HD" service_name="Italia1 HD" provider="Mediaset" sid="3506" onid="272" tsid="930" />
    <channel service_ref="1:0:25:002c:0385:0110:eeee0000:0:0:0:" name="Mediaset Italia2 HD" service_name="Mediaset Italia2 HD" provider="Mediaset" sid="44" onid="272" tsid="901" />
    <channel service_ref="1:0:25:002d:0385:0110:eeee0000:0:0:0:" name="Mediaset Italia2 HD" service_name="Mediaset Italia2 HD" provider="Mediaset" sid="45" onid="272" tsid="901" />
  </bouquet>
  <bouquet name="TF1" category="tv">
    <channel service_ref="1:0:25:0bbd:03a2:0110:eeee0000:0:0:0:" name="Canale5 HD" service_name="Canale5 HD" provider="Mediaset" sid="3005" onid="272" tsid="930" />
    <channel service_ref="1:0:25:0c21:03a2:0110:eeee0000:0:0:0:" name="Canale5 HD" service_name="Canale5 HD" provider="Mediaset" sid="3105" onid="272" tsid="930" />
    <channel service_ref="1:0:25:0db1:03a2:0110:eeee0000:0:0:0:" name="Canale5 HD" service_name="Canale5 HD" provider="Mediaset" sid="3505" onid="272" tsid="930" />
  </bouquet>
  <bouquet name="Switzerland" category="tv">
    <channel service_ref="1:0:25:002a:0385:0110:eeee0000:0:0:0:" name="La5 HD" service_name="La5 HD" provider="Mediaset" sid="42" onid="272" tsid="901" />
    <channel service_ref="1:0:25:003e:0385:0110:eeee0000:0:0:0:" name="La5 HD" service_name="La5 HD" provider="Mediaset" sid="62" onid="272" tsid="901" />
    <channel service_ref="1:0:25:003d:0385:0110:eeee0000:0:0:0:" name="RADIO 105" service_name="RADIO 105" provider="Mediaset" sid="61" onid="272" tsid="901" />
    <channel service_ref="1:0:25:004a:0385:0110:eeee0000:0:0:0:" name="RADIO 105" service_name="RADIO 105" provider="Mediaset" sid="74" onid="272" tsid="901" />
  </bouquet>
  <bouquet name="Italy" category="tv">
    <channel service_ref="1:0:25:0bcc:03a2:0110:eeee0000:0:0:0:" name="20Mediaset HD" service_name="20Mediaset HD" provider="Mediaset" sid="3020" onid="272" tsid="930" />
    <channel service_ref="1:0:25:0bcc:03a2:0110:eeee0000:0:0:0:" name="20Mediaset HD" service_name="20Mediaset HD" provider="Mediaset" sid="3020" onid="272" tsid="930" />
    <channel service_ref="1:0:25:0c30:03a2:0110:eeee0000:0:0:0:" name="20Mediaset HD" service_name="20Mediaset HD" provider="Mediaset" sid="3120" onid="272" tsid="930" />
    <channel service_ref="1:0:25:0c30:03a2:0110:eeee0000:0:0:0:" name="20Mediaset HD" service_name="20Mediaset HD" provider="Mediaset" sid="3120" onid="272" tsid="930" />
    <channel service_ref="1:0:25:0dc0:03a2:0110:eeee0000:0:0:0:" name="20Mediaset HD" service_name="20Mediaset HD" provider="Mediaset" sid="3520" onid="272" tsid="930" />
    <channel service_ref="1:0:25:0dc0:03a2:0110:eeee0000:0:0:0:" name="20Mediaset HD" service_name="20Mediaset HD" provider="Mediaset" sid="3520" onid="272" tsid="930" />
    <channel service_ref="1:0:25:006a:0385:0110:eeee0000:0:0:0:" name="27Twentyseven HD" service_name="27Twentyseven HD" provider="Mediaset" sid="106" onid="272" tsid="901" />
    <channel service_ref="1:0:25:006a:0385:0110:eeee0000:0:0:0:" name="27Twentyseven HD" service_name="27Twentyseven HD" provider="Mediaset" sid="106" onid="272" tsid="901" />
    <channel service_ref="1:0:25:009a:0385:0110:eeee0000:0:0:0:" name="27Twentyseven HD" service_name="27Twentyseven HD" provider="Mediaset" sid="154" onid="272" tsid="901" />
    <channel service_ref="1:0:25:009a:0385:0110:eeee0000:0:0:0:" name="27Twentyseven HD" service_name="27Twentyseven HD" provider="Mediaset" sid="154" onid="272" tsid="901" />
    <channel service_ref="1:0:25:0160:0389:0110:eeee0000:0:0:0:" name="Boing HD" service_name="Boing HD" provider="Mediaset" sid="352" onid="272" tsid="905" />
    <channel service_ref="1:0:25:0160:0389:0110:eeee0000:0:0:0:" name="Boing HD" service_name="Boing HD" provider="Mediaset" sid="352" onid="272" tsid="905" />
    <channel service_ref="1:0:25:084c:0389:0110:eeee0000:0:0:0:" name="Boing HD" service_name="Boing HD" provider="Mediaset" sid="2124" onid="272" tsid="905" />
    <channel service_ref="1:0:25:084c:0389:0110:eeee0000:0:0:0:" name="Boing HD" service_name="Boing HD" provider="Mediaset" sid="2124" onid="272" tsid="905" />
    <channel service_ref="1:0:22:084e:0389:0110:eeee0000:0:0:0:" name="Boing Plus" service_name="Boing Plus" provider="Mediaset" sid="2126" onid="272" tsid="905" />
    <channel service_ref="1:0:22:084e:0389:0110:eeee0000:0:0:0:" name="Boing Plus" service_name="Boing Plus" provider="Mediaset" sid="2126" onid="272" tsid="905" />
    <channel service_ref="1:0:22:084f:0389:0110:eeee0000:0:0:0:" name="Boing Plus" service_name="Boing Plus" provider="Mediaset" sid="2127" onid="272" tsid="905" />
    <channel service_ref="1:0:22:084f:0389:0110:eeee0000:0:0:0:" name="Boing Plus" service_name="Boing Plus" provider="Mediaset" sid="2127" onid="272" tsid="905" />
    <channel service_ref="1:0:25:0bbd:03a2:0110:eeee0000:0:0:0:" name="Canale5 HD" service_name="Canale5 HD" provider="Mediaset" sid="3005" onid="272" tsid="930" />
    <channel service_ref="1:0:25:0c21:03a2:0110:eeee0000:0:0:0:" name="Canale5 HD" service_name="Canale5 HD" provider="Mediaset" sid="3105" onid="272" tsid="930" />
    <channel service_ref="1:0:25:0db1:03a2:0110:eeee0000:0:0:0:" name="Canale5 HD" service_name="Canale5 HD" provider="Mediaset" sid="3505" onid="272" tsid="930" />
    <channel service_ref="1:0:25:0161:0389:0110:eeee0000:0:0:0:" name="Cartoonito HD" service_name="Cartoonito HD" provider="Mediaset" sid="353" onid="272" tsid="905" />
    <channel service_ref="1:0:25:084d:0389:0110:eeee0000:0:0:0:" name="Cartoonito HD" service_name="Cartoonito HD" provider="Mediaset" sid="2125" onid="272" tsid="905" />
    <channel service_ref="1:0:25:016c:0389:0110:eeee0000:0:0:0:" name="Cine34 HD" service_name="Cine34 HD" provider="Mediaset" sid="364" onid="272" tsid="905" />
    <channel service_ref="1:0:25:086a:0389:0110:eeee0000:0:0:0:" name="Cine34 HD" service_name="Cine34 HD" provider="Mediaset" sid="2154" onid="272" tsid="905" />
    <channel service_ref="1:0:25:016b:0389:0110:eeee0000:0:0:0:" name="Focus HD" service_name="Focus HD" provider="Mediaset" sid="363" onid="272" tsid="905" />
    <channel service_ref="1:0:25:016b:0389:0110:eeee0000:0:0:0:" name="Focus HD" service_name="Focus HD" provider="Mediaset" sid="363" onid="272" tsid="905" />
    <channel service_ref="1:0:25:086d:0389:0110:eeee0000:0:0:0:" name="Focus HD" service_name="Focus HD" provider="Mediaset" sid="2157" onid="272" tsid="905" />
    <channel service_ref="1:0:25:086d:0389:0110:eeee0000:0:0:0:" name="Focus HD" service_name="Focus HD" provider="Mediaset" sid="2157" onid="272" tsid="905" />
    <channel service_ref="1:0:25:002b:0385:0110:eeee0000:0:0:0:" name="Iris HD" service_name="Iris HD" provider="Mediaset" sid="43" onid="272" tsid="901" />
    <channel service_ref="1:0:25:002b:0385:0110:eeee0000:0:0:0:" name="Iris HD" service_name="Iris HD" provider="Mediaset" sid="43" onid="272" tsid="901" />
    <channel service_ref="1:0:25:003f:0385:0110:eeee0000:0:0:0:" name="Iris HD" service_name="Iris HD" provider="Mediaset" sid="63" onid="272" tsid="901" />
    <channel service_ref="1:0:25:003f:0385:0110:eeee0000:0:0:0:" name="Iris HD" service_name="Iris HD" provider="Mediaset" sid="63" onid="272" tsid="901" />
    <channel service_ref="1:0:25:0bbe:03a2:0110:eeee0000:0:0:0:" name="Italia1 HD" service_name="Italia1 HD" provider="Mediaset" sid="3006" onid="272" tsid="930" />
    <channel service_ref="1:0:25:0c22:03a2:0110:eeee0000:0:0:0:" name="Italia1 HD" service_name="Italia1 HD" provider="Mediaset" sid="3106" onid="272" tsid="930" />
    <channel service_ref="1:0:25:0db2:03a2:0110:eeee0000:0:0:0:" name="Italia1 HD" service_name="Italia1 HD" provider="Mediaset" sid="3506" onid="272" tsid="930" />
    <channel service_ref="1:0:25:002a:0385:0110:eeee0000:0:0:0:" name="La5 HD" service_name="La5 HD" provider="Mediaset" sid="42" onid="272" tsid="901" />
    <channel service_ref="1:0:25:003e:0385:0110:eeee0000:0:0:0:" name="La5 HD" service_name="La5 HD" provider="Mediaset" sid="62" onid="272" tsid="901" />
    <channel service_ref="1:0:25:0bef:03a2:0110:eeee0000:0:0:0:" name="Mediaset Extra HD" service_name="Mediaset Extra HD" provider="Mediaset" sid="3055" onid="272" tsid="930" />
    <channel service_ref="1:0:25:0bef:03a2:0110:eeee0000:0:0:0:" name="Mediaset Extra HD" service_name="Mediaset Extra HD" provider="Mediaset" sid="3055" onid="272" tsid="930" />
    <channel service_ref="1:0:25:0de4:03a2:0110:eeee0000:0:0:0:" name="Mediaset Extra HD" service_name="Mediaset Extra HD" provider="Mediaset" sid="3556" onid="272" tsid="930" />
    <channel service_ref="1:0:25:0de4:03a2:0110:eeee0000:0:0:0:" name="Mediaset Extra HD" service_name="Mediaset Extra HD" provider="Mediaset" sid="3556" onid="272" tsid="930" />
    <channel service_ref="1:0:25:002c:0385:0110:eeee0000:0:0:0:" name="Mediaset Italia2 HD" service_name="Mediaset Italia2 HD" provider="Mediaset" sid="44" onid="272" tsid="901" />
    <channel service_ref="1:0:25:002d:0385:0110:eeee0000:0:0:0:" name="Mediaset Italia2 HD" service_name="Mediaset Italia2 HD" provider="Mediaset" sid="45" onid="272" tsid="901" />
    <channel service_ref="1:0:25:0169:0389:0110:eeee0000:0:0:0:" name="QVC HD" service_name="QVC HD" provider="Mediaset" sid="361" onid="272" tsid="905" />
    <channel service_ref="1:0:25:0169:0389:0110:eeee0000:0:0:0:" name="QVC HD" service_name="QVC HD" provider="Mediaset" sid="361" onid="272" tsid="905" />
    <channel service_ref="1:0:25:0029:0385:0110:eeee0000:0:0:0:" name="R101 TV" service_name="R101 TV" provider="Mediaset" sid="41" onid="272" tsid="901" />
    <channel service_ref="1:0:25:0029:0385:0110:eeee0000:0:0:0:" name="R101 TV" service_name="R101 TV" provider="Mediaset" sid="41" onid="272" tsid="901" />
    <channel service_ref="1:0:25:006b:0385:0110:eeee0000:0:0:0:" name="R101 TV" service_name="R101 TV" provider="Mediaset" sid="107" onid="272" tsid="901" />
    <channel service_ref="1:0:25:006b:0385:0110:eeee0000:0:0:0:" name="R101 TV" service_name="R101 TV" provider="Mediaset" sid="107" onid="272" tsid="901" />
    <channel service_ref="1:0:25:003d:0385:0110:eeee0000:0:0:0:" name="RADIO 105" service_name="RADIO 105" provider="Mediaset" sid="61" onid="272" tsid="901" />
    <channel service_ref="1:0:25:004a:0385:0110:eeee0000:0:0:0:" name="RADIO 105" service_name="RADIO 105" provider="Mediaset" sid="74" onid="272" tsid="901" />
    <channel service_ref="1:0:25:0bbc:03a2:0110:eeee0000:0:0:0:" name="Rete4 HD" service_name="Rete4 HD" provider="Mediaset" sid="3004" onid="272" tsid="930" />
    <channel service_ref="1:0:25:0bbc:03a2:0110:eeee0000:0:0:0:" name="Rete4 HD" service_name="Rete4 HD" provider="Mediaset" sid="3004" onid="272" tsid="930" />
    <channel service_ref="1:0:25:0c20:03a2:0110:eeee0000:0:0:0:" name="Rete4 HD" service_name="Rete4 HD" provider="Mediaset" sid="3104" onid="272" tsid="930" />
    <channel service_ref="1:0:25:0c20:03a2:0110:eeee0000:0:0:0:" name="Rete4 HD" service_name="Rete4 HD" provider="Mediaset" sid="3104" onid="272" tsid="930" />
    <channel service_ref="1:0:25:0db0:03a2:0110:eeee0000:0:0:0:" name="Rete4 HD" service_name="Rete4 HD" provider="Mediaset" sid="3504" onid="272" tsid="930" />
    <channel service_ref="1:0:25:0db0:03a2:0110:eeee0000:0:0:0:" name="Rete4 HD" service_name="Rete4 HD" provider="Mediaset" sid="3504" onid="272" tsid="930" />
    <channel service_ref="1:0:31:0c80:03a2:0110:eeee0000:0:0:0:" name="Test HEVC Main10" service_name="Test HEVC Main10" provider="Mediaset" sid="3200" onid="272" tsid="930" />
    <channel service_ref="1:0:31:0c80:03a2:0110:eeee0000:0:0:0:" name="Test HEVC Main10" service_name="Test HEVC Main10" provider="Mediaset" sid="3200" onid="272" tsid="930" />
    <channel service_ref="1:0:25:0030:0385:0110:eeee0000:0:0:0:" name="TGCOM24 HD" service_name="TGCOM24 HD" provider="Mediaset" sid="48" onid="272" tsid="901" />
    <channel service_ref="1:0:25:0030:0385:0110:eeee0000:0:0:0:" name="TGCOM24 HD" service_name="TGCOM24 HD" provider="Mediaset" sid="48" onid="272" tsid="901" />
    <channel service_ref="1:0:25:0031:0385:0110:eeee0000:0:0:0:" name="TGCOM24 HD" service_name="TGCOM24 HD" provider="Mediaset" sid="49" onid="272" tsid="901" />
    <channel service_ref="1:0:25:0031:0385:0110:eeee0000:0:0:0:" name="TGCOM24 HD" service_name="TGCOM24 HD" provider="Mediaset" sid="49" onid="272" tsid="901" />
    <channel service_ref="1:0:25:00a0:0385:0110:eeee0000:0:0:0:" name="tivù la guida" service_name="tivù la guida" provider="Mediaset" sid="160" onid="272" tsid="901" />
    <channel service_ref="1:0:25:00a0:0385:0110:eeee0000:0:0:0:" name="tivù la guida" service_name="tivù la guida" provider="Mediaset" sid="160" onid="272" tsid="901" />
    <channel service_ref="1:0:25:016a:0389:0110:eeee0000:0:0:0:" name="TOPcrime HD" service_name="TOPcrime HD" provider="Mediaset" sid="362" onid="272" tsid="905" />
    <channel service_ref="1:0:25:016a:0389:0110:eeee0000:0:0:0:" name="TOPcrime HD" service_name="TOPcrime HD" provider="Mediaset" sid="362" onid="272" tsid="905" />
    <channel service_ref="1:0:25:016d:0389:0110:eeee0000:0:0:0:" name="TOPcrime HD" service_name="TOPcrime HD" provider="Mediaset" sid="365" onid="272" tsid="905" />
    <channel service_ref="1:0:25:016d:0389:0110:eeee0000:0:0:0:" name="TOPcrime HD" service_name="TOPcrime HD" provider="Mediaset" sid="365" onid="272" tsid="905" />
  </bouquet>
  <bouquet name="Resolution - HD" category="tv">
    <channel service_ref="1:0:25:0bcc:03a2:0110:eeee0000:0:0:0:" name="20Mediaset HD" service_name="20Mediaset HD" provider="Mediaset" sid="3020" onid="272" tsid="930" />
    <channel service_ref="1:0:25:0c30:03a2:0110:eeee0000:0:0:0:" name="20Mediaset HD" service_name="20Mediaset HD" provider="Mediaset" sid="3120" onid="272" tsid="930" />
    <channel service_ref="1:0:25:0dc0:03a2:0110:eeee0000:0:0:0:" name="20Mediaset HD" service_name="20Mediaset HD" provider="Mediaset" sid="3520" onid="272" tsid="930" />
    <channel service_ref="1:0:25:006a:0385:0110:eeee0000:0:0:0:" name="27Twentyseven HD" service_name="27Twentyseven HD" provider="Mediaset" sid="106" onid="272" tsid="901" />
    <channel service_ref="1:0:25:009a:0385:0110:eeee0000:0:0:0:" name="27Twentyseven HD" service_name="27Twentyseven HD" provider="Mediaset" sid="154" onid="272" tsid="901" />
    <channel service_ref="1:0:25:0160:0389:0110:eeee0000:0:0:0:" name="Boing HD" service_name="Boing HD" provider="Mediaset" sid="352" onid="272" tsid="905" />
    <channel service_ref="1:0:25:084c:0389:0110:eeee0000:0:0:0:" name="Boing HD" service_name="Boing HD" provider="Mediaset" sid="2124" onid="272" tsid="905" />
    <channel service_ref="1:0:25:0bbd:03a2:0110:eeee0000:0:0:0:" name="Canale5 HD" service_name="Canale5 HD" provider="Mediaset" sid="3005" onid="272" tsid="930" />
    <channel service_ref="1:0:25:0c21:03a2:0110:eeee0000:0:0:0:" name="Canale5 HD" service_name="Canale5 HD" provider="Mediaset" sid="3105" onid="272" tsid="930" />
    <channel service_ref="1:0:25:0db1:03a2:0110:eeee0000:0:0:0:" name="Canale5 HD" service_name="Canale5 HD" provider="Mediaset" sid="3505" onid="272" tsid="930" />
    <channel service_ref="1:0:25:0161:0389:0110:eeee0000:0:0:0:" name="Cartoonito HD" service_name="Cartoonito HD" provider="Mediaset" sid="353" onid="272" tsid="905" />
    <channel service_ref="1:0:25:084d:0389:0110:eeee0000:0:0:0:" name="Cartoonito HD" service_name="Cartoonito HD" provider="Mediaset" sid="2125" onid="272" tsid="905" />
    <channel service_ref="1:0:25:016c:0389:0110:eeee0000:0:0:0:" name="Cine34 HD" service_name="Cine34 HD" provider="Mediaset" sid="364" onid="272" tsid="905" />
    <channel service_ref="1:0:25:086a:0389:0110:eeee0000:0:0:0:" name="Cine34 HD" service_name="Cine34 HD" provider="Mediaset" sid="2154" onid="272" tsid="905" />
    <channel service_ref="1:0:25:016b:0389:0110:eeee0000:0:0:0:" name="Focus HD" service_name="Focus HD" provider="Mediaset" sid="363" onid="272" tsid="905" />
    <channel service_ref="1:0:25:086d:0389:0110:eeee0000:0:0:0:" name="Focus HD" service_name="Focus HD" provider="Mediaset" sid="2157" onid="272" tsid="905" />
    <channel service_ref="1:0:25:002b:0385:0110:eeee0000:0:0:0:" name="Iris HD" service_name="Iris HD" provider="Mediaset" sid="43" onid="272" tsid="901" />
    <channel service_ref="1:0:25:003f:0385:0110:eeee0000:0:0:0:" name="Iris HD" service_name="Iris HD" provider="Mediaset" sid="63" onid="272" tsid="901" />
    <channel service_ref="1:0:25:0bbe:03a2:0110:eeee0000:0:0:0:" name="Italia1 HD" service_name="Italia1 HD" provider="Mediaset" sid="3006" onid="272" tsid="930" />
    <channel service_ref="1:0:25:0c22:03a2:0110:eeee0000:0:0:0:" name="Italia1 HD" service_name="Italia1 HD" provider="Mediaset" sid="3106" onid="272" tsid="930" />
    <channel service_ref="1:0:25:0db2:03a2:0110:eeee0000:0:0:0:" name="Italia1 HD" service_name="Italia1 HD" provider="Mediaset" sid="3506" onid="272" tsid="930" />
    <channel service_ref="1:0:25:002a:0385:0110:eeee0000:0:0:0:" name="La5 HD" service_name="La5 HD" provider="Mediaset" sid="42" onid="272" tsid="901" />
    <channel service_ref="1:0:25:003e:0385:0110:eeee0000:0:0:0:" name="La5 HD" service_name="La5 HD" provider="Mediaset" sid="62" onid="272" tsid="901" />
    <channel service_ref="1:0:25:0bef:03a2:0110:eeee0000:0:0:0:" name="Mediaset Extra HD" service_name="Mediaset Extra HD" provider="Mediaset" sid="3055" onid="272" tsid="930" />
    <channel service_ref="1:0:25:0de4:03a2:0110:eeee0000:0:0:0:" name="Mediaset Extra HD" service_name="Mediaset Extra HD" provider="Mediaset" sid="3556" onid="272" tsid="930" />
    <channel service_ref="1:0:25:002c:0385:0110:eeee0000:0:0:0:" name="Mediaset Italia2 HD" service_name="Mediaset Italia2 HD" provider="Mediaset" sid="44" onid="272" tsid="901" />
    <channel service_ref="1:0:25:002d:0385:0110:eeee0000:0:0:0:" name="Mediaset Italia2 HD" service_name="Mediaset Italia2 HD" provider="Mediaset" sid="45" onid="272" tsid="901" />
    <channel service_ref="1:0:25:0169:0389:0110:eeee0000:0:0:0:" name="QVC HD" service_name="QVC HD" provider="Mediaset" sid="361" onid="272" tsid="905" />
    <channel service_ref="1:0:25:0bbc:03a2:0110:eeee0000:0:0:0:" name="Rete4 HD" service_name="Rete4 HD" provider="Mediaset" sid="3004" onid="272" tsid="930" />
    <channel service_ref="1:0:25:0c20:03a2:0110:eeee0000:0:0:0:" name="Rete4 HD" service_name="Rete4 HD" provider="Mediaset" sid="3104" onid="272" tsid="930" />
    <channel service_ref="1:0:25:0db0:03a2:0110:eeee0000:0:0:0:" name="Rete4 HD" service_name="Rete4 HD" provider="Mediaset" sid="3504" onid="272" tsid="930" />
    <channel service_ref="1:0:25:0030:0385:0110:eeee0000:0:0:0:" name="TGCOM24 HD" service_name="TGCOM24 HD" provider="Mediaset" sid="48" onid="272" tsid="901" />
    <channel service_ref="1:0:25:0031:0385:0110:eeee0000:0:0:0:" name="TGCOM24 HD" service_name="TGCOM24 HD" provider="Mediaset" sid="49" onid="272" tsid="901" />
    <channel service_ref="1:0:25:016a:0389:0110:eeee0000:0:0:0:" name="TOPcrime HD" service_name="TOPcrime HD" provider="Mediaset" sid="362" onid="272" tsid="905" />
    <channel service_ref="1:0:25:016d:0389:0110:eeee0000:0:0:0:" name="TOPcrime HD" service_name="TOPcrime HD" provider="Mediaset" sid="365" onid="272" tsid="905" />
  </bouquet>
  <bouquet name="Radio" category="radio">
    <channel service_ref="1:0:2:004f:0385:0110:eeee0000:0:0:0:" name="RADIO 105" service_name="RADIO 105" provider="Mediaset" sid="79" onid="272" tsid="901" />
    <channel service_ref="1:0:2:007b:0385:0110:eeee0000:0:0:0:" name="Radio Monte Carlo" service_name="Radio Monte Carlo" provider="Mediaset" sid="123" onid="272" tsid="901" />
    <channel service_ref="1:0:2:004e:0385:0110:eeee0000:0:0:0:" name="Radio R101" service_name="Radio R101" provider="Mediaset" sid="78" onid="272" tsid="901" />
    <channel service_ref="1:0:2:007a:0385:0110:eeee0000:0:0:0:" name="VIRGIN RADIO" service_name="VIRGIN RADIO" provider="Mediaset" sid="122" onid="272" tsid="901" />
  </bouquet>
</zapit>
