<?xml version='1.0' encoding='utf-8'?>
<zapit>
  <bouquet name="General" category="tv">
    <channel service_ref="1:0:1:005a:02d1:0079:eeee0000:0:0:0:" name="+n Piuenne" service_name="+n Piuenne" provider="Canale 8" sid="90" onid="121" tsid="721" />
    <channel service_ref="1:0:1:00cc:02d1:0079:eeee0000:0:0:0:" name="Canale 58" service_name="Canale 58" provider="Canale 8" sid="204" onid="121" tsid="721" />
    <channel service_ref="1:0:1:0001:02d1:0079:eeee0000:0:0:0:" name="Canale 8" service_name="Canale 8" provider="Canale 8" sid="1" onid="121" tsid="721" />
    <channel service_ref="1:0:1:003c:02d1:0079:eeee0000:0:0:0:" name="Canale 8 HD" service_name="Canale 8 HD" provider="Canale 8" sid="60" onid="121" tsid="721" />
    <channel service_ref="1:0:1:028f:02d1:0079:eeee0000:0:0:0:" name="Radio Marte TV" service_name="Radio Marte TV" provider="Canale 8" sid="655" onid="121" tsid="721" />
    <channel service_ref="1:0:1:0008:02d1:0079:eeee0000:0:0:0:" name="RTC QUARTA RETE" service_name="RTC QUARTA RETE" provider="Canale 8" sid="8" onid="121" tsid="721" />
    <channel service_ref="1:0:1:0007:02d1:0079:eeee0000:0:0:0:" name="TELE PRIMA" service_name="TELE PRIMA" provider="Canale 8" sid="7" onid="121" tsid="721" />
    <channel service_ref="1:0:1:0009:02d1:0079:eeee0000:0:0:0:" name="Telecolore" service_name="Telecolore" provider="Canale 8" sid="9" onid="121" tsid="721" />
  </bouquet>
  <bouquet name="TF1" category="tv">
    <channel service_ref="1:0:1:005a:02d1:0079:eeee0000:0:0:0:" name="+n Piuenne" service_name="+n Piuenne" provider="Canale 8" sid="90" onid="121" tsid="721" />
    <channel service_ref="1:0:1:00cc:02d1:0079:eeee0000:0:0:0:" name="Canale 58" service_name="Canale 58" provider="Canale 8" sid="204" onid="121" tsid="721" />
    <channel service_ref="1:0:1:0001:02d1:0079:eeee0000:0:0:0:" name="Canale 8" service_name="Canale 8" provider="Canale 8" sid="1" onid="121" tsid="721" />
    <channel service_ref="1:0:1:003c:02d1:0079:eeee0000:0:0:0:" name="Canale 8 HD" service_name="Canale 8 HD" provider="Canale 8" sid="60" onid="121" tsid="721" />
    <channel service_ref="1:0:1:028f:02d1:0079:eeee0000:0:0:0:" name="Radio Marte TV" service_name="Radio Marte TV" provider="Canale 8" sid="655" onid="121" tsid="721" />
    <channel service_ref="1:0:1:0008:02d1:0079:eeee0000:0:0:0:" name="RTC QUARTA RETE" service_name="RTC QUARTA RETE" provider="Canale 8" sid="8" onid="121" tsid="721" />
    <channel service_ref="1:0:1:0007:02d1:0079:eeee0000:0:0:0:" name="TELE PRIMA" service_name="TELE PRIMA" provider="Canale 8" sid="7" onid="121" tsid="721" />
    <channel service_ref="1:0:1:0009:02d1:0079:eeee0000:0:0:0:" name="Telecolore" service_name="Telecolore" provider="Canale 8" sid="9" onid="121" tsid="721" />
  </bouquet>
  <bouquet name="Resolution - HD" category="tv">
    <channel service_ref="1:0:1:003c:02d1:0079:eeee0000:0:0:0:" name="Canale 8 HD" service_name="Canale 8 HD" provider="Canale 8" sid="60" onid="121" tsid="721" />
  </bouquet>
</zapit>
