<?xml version='1.0' encoding='utf-8'?>
<zapit api="4">
  <satellites>
    <satellite key="0d840000:0001:0008" name="Sat-14W" namespace="0x0d840000" position="-14">
      <transponder key="0d840000:0001:0008" frequency="11554000" symbol_rate="4000000" polarization="H" fec="3" system="0" modulation="0">
        <service id="0x0002" sid="2" name="Nairabet.com" type="25" provider="Romantis" onid="8" tsid="1" namespace="0x0d840000" />
      </transponder>
    </satellite>
    <satellite key="0d842adf:0001:ffff" name="Sat-14W" namespace="0x0d842adf" position="-14">
      <transponder key="0d842adf:0001:ffff" frequency="10975000" symbol_rate="2963000" polarization="H" fec="3" system="0" modulation="0">
        <service id="0x0001" sid="1" name="Al Manar TV" type="1" provider="Al Manar" onid="65535" tsid="1" namespace="0x0d842adf" />
      </transponder>
    </satellite>
    <satellite key="0d842cc0:0001:ffff" name="Sat-14W" namespace="0x0d842cc0" position="-14">
      <transponder key="0d842cc0:0001:ffff" frequency="11456000" symbol_rate="3000000" polarization="H" fec="3" system="0" modulation="0">
        <service id="0x0001" sid="1" name="Al Manar TV" type="1" provider="ALMANAR" onid="65535" tsid="1" namespace="0x0d842cc0" />
      </transponder>
    </satellite>
  </satellites>
</zapit>
