<?xml version='1.0' encoding='utf-8'?>
<zapit api="4">
  <satellites>
    <satellite key="01680000:0001:0539" name="Sat-36E" namespace="0x01680000" position="36">
      <transponder key="01680000:0001:0539" frequency="11542000" symbol_rate="6582000" polarization="V" fec="2" system="0" modulation="0">
        <service id="0x0005" sid="5" name="Karbala Documentary" type="25" provider="KSCG" onid="1337" tsid="1" namespace="0x01680000" />
        <service id="0x0001" sid="1" name="Karbala TV" type="25" provider="KSCG" onid="1337" tsid="1" namespace="0x01680000" />
        <service id="0x0002" sid="2" name="Quran TV" type="25" provider="KSCG" onid="1337" tsid="1" namespace="0x01680000" />
        <service id="0x0004" sid="4" name="Al-Husanya Radio" type="2" provider="KSCG" onid="1337" tsid="1" namespace="0x01680000" radio="1" />
      </transponder>
    </satellite>
    <satellite key="01680000:0037:0001" name="Sat-36E" namespace="0x01680000" position="36">
      <transponder key="01680000:0037:0001" frequency="11221000" symbol_rate="30000000" polarization="H" fec="2" system="0" modulation="0">
        <service id="0x12c3" sid="4803" name="1 ARKHI" type="1" provider="" onid="1" tsid="55" namespace="0x01680000" />
        <service id="0x03e9" sid="1001" name="FOX CIS" type="1" provider="" onid="1" tsid="55" namespace="0x01680000" />
        <service id="0x03ea" sid="1002" name="FOX HD CIS" type="1" provider="" onid="1" tsid="55" namespace="0x01680000" />
        <service id="0x03eb" sid="1003" name="FOX Life CIS" type="1" provider="" onid="1" tsid="55" namespace="0x01680000" />
        <service id="0x03ec" sid="1004" name="FOX Life HD CIS" type="1" provider="" onid="1" tsid="55" namespace="0x01680000" />
        <service id="0x03ed" sid="1005" name="National Geographic CIS" type="1" provider="" onid="1" tsid="55" namespace="0x01680000" />
        <service id="0x03ee" sid="1006" name="National Geographic HD CIS" type="1" provider="" onid="1" tsid="55" namespace="0x01680000" />
        <service id="0x03f0" sid="1008" name="National Geographic WILD HD CIS" type="1" provider="" onid="1" tsid="55" namespace="0x01680000" />
        <service id="0x03ef" sid="1007" name="National Geographic WILD SD CIS" type="1" provider="" onid="1" tsid="55" namespace="0x01680000" />
        <service id="0x03f1" sid="1009" name="Ribalka i Ohota" type="1" provider="" onid="1" tsid="55" namespace="0x01680000" />
        <service id="0x12c4" sid="4804" name="TV 2" type="1" provider="" onid="1" tsid="55" namespace="0x01680000" />
      </transponder>
    </satellite>
    <satellite key="01680000:00f5:0001" name="Sat-36E" namespace="0x01680000" position="36">
      <transponder key="01680000:00f5:0001" frequency="11345000" symbol_rate="30000000" polarization="H" fec="3" system="0" modulation="0">
        <service id="0x004d" sid="77" name="24 Kitchen Adria" type="22" provider="Overon" onid="1" tsid="245" namespace="0x01680000" />
        <service id="0x0029" sid="41" name="Baby TV" type="25" provider="Overon" onid="1" tsid="245" namespace="0x01680000" />
        <service id="0x006b" sid="107" name="Disney Channel" type="22" provider="" onid="1" tsid="245" namespace="0x01680000" />
        <service id="0x006a" sid="106" name="Disney Junior" type="22" provider="EDML" onid="1" tsid="245" namespace="0x01680000" />
        <service id="0x002e" sid="46" name="Disney Junior HD France" type="25" provider="EDML" onid="1" tsid="245" namespace="0x01680000" />
        <service id="0x002b" sid="43" name="FX Greece HD" type="25" provider="Overon" onid="1" tsid="245" namespace="0x01680000" />
        <service id="0x002c" sid="44" name="FX Life Greece HD" type="25" provider="Overon" onid="1" tsid="245" namespace="0x01680000" />
        <service id="0x002d" sid="45" name="NG HD Greece" type="1" provider="" onid="1" tsid="245" namespace="0x01680000" />
        <service id="0x004c" sid="76" name="NGC Adria" type="22" provider="Overon" onid="1" tsid="245" namespace="0x01680000" />
        <service id="0x006c" sid="108" name="Nick Jr Bulgaria" type="1" provider="DGB2" onid="1" tsid="245" namespace="0x01680000" />
        <service id="0x002a" sid="42" name="Nickelodeon BG" type="1" provider="DGB2" onid="1" tsid="245" namespace="0x01680000" />
        <service id="0x006d" sid="109" name="NickToons BG" type="1" provider="DGB2" onid="1" tsid="245" namespace="0x01680000" />
        <service id="0x0031" sid="49" name="STAR Adria" type="22" provider="Overon" onid="1" tsid="245" namespace="0x01680000" />
        <service id="0x004b" sid="75" name="STAR Crime Adria" type="22" provider="Overon" onid="1" tsid="245" namespace="0x01680000" />
        <service id="0x004a" sid="74" name="STAR Life Adria" type="22" provider="Overon" onid="1" tsid="245" namespace="0x01680000" />
      </transponder>
    </satellite>
    <satellite key="01682d42:0001:0001" name="Sat-36E" namespace="0x01682d42" position="36">
      <transponder key="01682d42:0001:0001" frequency="11586000" symbol_rate="2170000" polarization="H" fec="3" system="0" modulation="0">
        <service id="0x0001" sid="1" name="Service 01" type="1" provider="Net 1" onid="1" tsid="1" namespace="0x01682d42" />
      </transponder>
    </satellite>
    <satellite key="01682d4e:0001:0001" name="Sat-36E" namespace="0x01682d4e" position="36">
      <transponder key="01682d4e:0001:0001" frequency="11598000" symbol_rate="1750000" polarization="H" fec="4" system="0" modulation="0">
        <service id="0x0001" sid="1" name="ALYAUM TV" type="1" provider="SYR" onid="1" tsid="1" namespace="0x01682d4e" />
      </transponder>
    </satellite>
    <satellite key="01683193:0001:ffff" name="Sat-36E" namespace="0x01683193" position="36">
      <transponder key="01683193:0001:ffff" frequency="12691000" symbol_rate="1110000" polarization="H" fec="4" system="0" modulation="0">
        <service id="0x0001" sid="1" name="assirat-ch" type="1" provider="SD Unnamed" onid="65535" tsid="1" namespace="0x01683193" />
      </transponder>
    </satellite>
    <satellite key="0168ab61:0001:0001" name="Sat-36E" namespace="0x0168ab61" position="36">
      <transponder key="0168ab61:0001:0001" frequency="11105000" symbol_rate="3333000" polarization="V" fec="7" system="0" modulation="0">
        <service id="0x0001" sid="1" name="ALRASHEED TV" type="25" provider="Vislink" onid="1" tsid="1" namespace="0x0168ab61" />
      </transponder>
    </satellite>
    <satellite key="0168acf4:0001:ffff" name="Sat-36E" namespace="0x0168acf4" position="36">
      <transponder key="0168acf4:0001:ffff" frequency="11508000" symbol_rate="2800000" polarization="V" fec="2" system="0" modulation="0">
        <service id="0x0001" sid="1" name="Service-1" type="1" provider="Service Provider" onid="65535" tsid="1" namespace="0x0168acf4" />
      </transponder>
    </satellite>
    <satellite key="0168ad24:0000:0000" name="Sat-36E" namespace="0x0168ad24" position="36">
      <transponder key="0168ad24:0000:0000" frequency="11556000" symbol_rate="3333000" polarization="V" fec="3" system="0" modulation="0">
        <service id="0x0001" sid="1" name="IHA ANA YAYIN" type="25" provider="" onid="0" tsid="0" namespace="0x0168ad24" />
      </transponder>
    </satellite>
    <satellite key="0168ad4a:0001:ffff" name="Sat-36E" namespace="0x0168ad4a" position="36">
      <transponder key="0168ad4a:0001:ffff" frequency="11594000" symbol_rate="2500000" polarization="V" fec="3" system="0" modulation="0">
        <service id="0x0001" sid="1" name="Service-1" type="1" provider="Service Provider" onid="65535" tsid="1" namespace="0x0168ad4a" />
      </transponder>
    </satellite>
    <satellite key="0168ad89:0001:0001" name="Sat-36E" namespace="0x0168ad89" position="36">
      <transponder key="0168ad89:0001:0001" frequency="11657000" symbol_rate="1750000" polarization="V" fec="4" system="0" modulation="0">
        <service id="0x0001" sid="1" name="NU TV" type="25" provider="Vislink" onid="1" tsid="1" namespace="0x0168ad89" />
      </transponder>
    </satellite>
    <satellite key="0168ad9f:0001:0001" name="Sat-36E" namespace="0x0168ad9f" position="36">
      <transponder key="0168ad9f:0001:0001" frequency="11679000" symbol_rate="3200000" polarization="V" fec="4" system="0" modulation="0">
        <service id="0x03e8" sid="1000" name="RUDAW TV" type="25" provider="RUDAW" onid="1" tsid="1" namespace="0x0168ad9f" />
      </transponder>
    </satellite>
  </satellites>
</zapit>
