<?xml version='1.0' encoding='utf-8'?>
<zapit api="4">
  <terrestrials>
    <terrestrial key="eeee0000:101f:217c" name="Telestar" namespace="0xeeee0000">
      <transponder key="eeee0000:101f:217c" frequency="634000000" symbol_rate="0" polarization="H" fec="5" system="0" modulation="4">
        <service id="0xa091" sid="41105" name="7+ CHANNEL" type="1" provider="Radiocity" onid="8572" tsid="4127" namespace="0xeeee0000" />
        <service id="0xb41b" sid="46107" name="CANALE 227" type="1" provider="CANALE 227" onid="8572" tsid="4127" namespace="0xeeee0000" />
        <service id="0xa09c" sid="41116" name="Italia 8 Prestige" type="1" provider="Telestar" onid="8572" tsid="4127" namespace="0xeeee0000" />
        <service id="0xa098" sid="41112" name="RETE 7" type="1" provider="RETE 7" onid="8572" tsid="4127" namespace="0xeeee0000" />
        <service id="0xa093" sid="41107" name="Telecity" type="1" provider="TELESTAR" onid="8572" tsid="4127" namespace="0xeeee0000" />
        <service id="0x06d6" sid="1750" name="Telecity 2" type="1" provider="Telecity 2" onid="8572" tsid="4127" namespace="0xeeee0000" />
        <service id="0xa097" sid="41111" name="Telecity AL" type="1" provider="TELESTAR" onid="8572" tsid="4127" namespace="0xeeee0000" />
        <service id="0xa477" sid="42103" name="TELEREPORTER" type="1" provider="TELEREPORTER" onid="8572" tsid="4127" namespace="0xeeee0000" />
        <service id="0xa863" sid="43107" name="TELEREPORTER_" type="1" provider="TELEREPORTER_" onid="8572" tsid="4127" namespace="0xeeee0000" />
        <service id="0xa0f8" sid="41208" name="Radiocity" type="2" provider="Telestar" onid="8572" tsid="4127" namespace="0xeeee0000" radio="1" />
        <service id="0xa0f9" sid="41209" name="Radiocity SMI" type="2" provider="Telestar" onid="8572" tsid="4127" namespace="0xeeee0000" radio="1" />
      </transponder>
    </terrestrial>
  </terrestrials>
</zapit>
