<?xml version='1.0' encoding='utf-8'?>
<zapit api="4">
  <satellites>
    <satellite key="014a0000:7724:033e" name="Sat-33E" namespace="0x014a0000" position="33">
      <transponder key="014a0000:7724:033e" frequency="11429000" symbol_rate="10098000" polarization="V" fec="7" system="0" modulation="0">
        <service id="0x0002" sid="2" name="TTV AL1" type="25" provider="Turf TV" onid="830" tsid="30500" namespace="0x014a0000" />
        <service id="0x0001" sid="1" name="Turf TV" type="25" provider="Turf TV" onid="830" tsid="30500" namespace="0x014a0000" />
      </transponder>
    </satellite>
    <satellite key="014a0000:7788:007e" name="Sat-33E" namespace="0x014a0000" position="33">
      <transponder key="014a0000:7788:007e" frequency="11505000" symbol_rate="12400000" polarization="V" fec="3" system="0" modulation="0">
        <service id="0x0007" sid="7" name="NT 1 HD Suisse" type="1" provider="" onid="126" tsid="30600" namespace="0x014a0000" />
        <service id="0x0008" sid="8" name="TF 1" type="1" provider="" onid="126" tsid="30600" namespace="0x014a0000" />
        <service id="0x0006" sid="6" name="TMC HD Suisse" type="1" provider="" onid="126" tsid="30600" namespace="0x014a0000" />
      </transponder>
    </satellite>
    <satellite key="014a0000:f001:2268" name="Sat-33E" namespace="0x014a0000" position="33">
      <transponder key="014a0000:f001:2268" frequency="12722000" symbol_rate="16730000" polarization="V" fec="3" system="0" modulation="0">
        <service id="0x007a" sid="122" name="Comedy Central Family Polska" type="25" provider="Cyfrowy Polsat" onid="8808" tsid="61441" namespace="0x014a0000" />
        <service id="0x002d" sid="45" name="Comedy Central Polska" type="25" provider="Cyfrowy Polsat" onid="8808" tsid="61441" namespace="0x014a0000" />
        <service id="0x006b" sid="107" name="Kino Polska" type="25" provider="Cyfrowy Polsat" onid="8808" tsid="61441" namespace="0x014a0000" />
        <service id="0x006a" sid="106" name="Nickelodeon Polska" type="25" provider="Cyfrowy Polsat" onid="8808" tsid="61441" namespace="0x014a0000" />
        <service id="0x007b" sid="123" name="Polsat Café" type="25" provider="Cyfrowy Polsat" onid="8808" tsid="61441" namespace="0x014a0000" />
        <service id="0x002c" sid="44" name="Polsat Film" type="25" provider="Cyfrowy Polsat" onid="8808" tsid="61441" namespace="0x014a0000" />
        <service id="0x0029" sid="41" name="Polsat News" type="25" provider="Cyfrowy Polsat" onid="8808" tsid="61441" namespace="0x014a0000" />
        <service id="0x006d" sid="109" name="Polsat News" type="25" provider="Cyfrowy Polsat" onid="8808" tsid="61441" namespace="0x014a0000" />
        <service id="0x007c" sid="124" name="Polsat Play" type="25" provider="Cyfrowy Polsat" onid="8808" tsid="61441" namespace="0x014a0000" />
        <service id="0x002b" sid="43" name="Polsat Sport" type="25" provider="Cyfrowy Polsat" onid="8808" tsid="61441" namespace="0x014a0000" />
        <service id="0x006c" sid="108" name="Polsat Sport Extra" type="25" provider="Cyfrowy Polsat" onid="8808" tsid="61441" namespace="0x014a0000" />
        <service id="0x007d" sid="125" name="TVN Style" type="25" provider="Cyfrowy Polsat" onid="8808" tsid="61441" namespace="0x014a0000" />
        <service id="0x002a" sid="42" name="TVP Seriale" type="25" provider="Cyfrowy Polsat" onid="8808" tsid="61441" namespace="0x014a0000" />
      </transponder>
    </satellite>
  </satellites>
</zapit>
