<?xml version='1.0' encoding='utf-8'?>
<zapit>
  <bouquet name="General" category="tv">
    <channel service_ref="1:0:1:0015:001f:006e:0dc00000:0:0:0:" name="7BESHA" service_name="7BESHA" provider="" sid="21" onid="110" tsid="31" />
    <channel service_ref="1:0:1:05a6:0320:5000:0dc00000:0:0:0:" name="AL ARABY TV" service_name="AL ARABY TV" provider="MY TV" sid="1446" onid="20480" tsid="800" />
    <channel service_ref="1:0:1:1cf2:004a:0800:0dc00000:0:0:0:" name="Al Forat SD" service_name="Al Forat SD" provider="" sid="7410" onid="2048" tsid="74" />
    <channel service_ref="1:0:25:05aa:0320:5000:0dc00000:0:0:0:" name="Al Hiwar TV" service_name="Al Hiwar TV" provider="MY TV" sid="1450" onid="20480" tsid="800" />
    <channel service_ref="1:0:1:00bf:4ee8:077e:0dc00000:0:0:0:" name="Al Jazeera" service_name="Al Jazeera" provider="Al Jazeera" sid="191" onid="1918" tsid="20200" />
    <channel service_ref="1:0:1:00c2:4ee8:077e:0dc00000:0:0:0:" name="Al Jazeera Documentary" service_name="Al Jazeera Documentary" provider="Al Jazeera" sid="194" onid="1918" tsid="20200" />
    <channel service_ref="1:0:1:00c1:4ee8:077e:0dc00000:0:0:0:" name="Al Jazeera English" service_name="Al Jazeera English" provider="Al Jazeera" sid="193" onid="1918" tsid="20200" />
    <channel service_ref="1:0:1:00c0:4ee8:077e:0dc00000:0:0:0:" name="Al Jazeera Mubasher" service_name="Al Jazeera Mubasher" provider="Al Jazeera" sid="192" onid="1918" tsid="20200" />
    <channel service_ref="1:0:1:00c3:4ee8:077e:0dc00000:0:0:0:" name="Al Jazeera Mubasher 2" service_name="Al Jazeera Mubasher 2" provider="Al Jazeera" sid="195" onid="1918" tsid="20200" />
    <channel service_ref="1:0:1:001c:0002:ffff:0dc02b58:0:0:0:" name="Al Ons TV" service_name="Al Ons TV" provider="ViewMedia" sid="28" onid="65535" tsid="2" />
    <channel service_ref="1:0:1:001e:001f:006e:0dc00000:0:0:0:" name="AL OSTORA" service_name="AL OSTORA" provider="" sid="30" onid="110" tsid="31" />
    <channel service_ref="1:0:1:0004:0002:ffff:0dc02b58:0:0:0:" name="Al Sahat" service_name="Al Sahat" provider="ViewMedia" sid="4" onid="65535" tsid="2" />
    <channel service_ref="1:0:1:067e:0320:5000:0dc00000:0:0:0:" name="Al Seraj TV" service_name="Al Seraj TV" provider="MY TV" sid="1662" onid="20480" tsid="800" />
    <channel service_ref="1:0:25:0005:0208:02be:0dc00000:0:0:0:" name="Al Wousta from Al Dhaid HD" service_name="Al Wousta from Al Dhaid HD" provider="" sid="5" onid="702" tsid="520" />
    <channel service_ref="1:0:1:154a:0320:5000:0dc00000:0:0:0:" name="Al-Aqila TV" service_name="Al-Aqila TV" provider="MY TV" sid="5450" onid="20480" tsid="800" />
    <channel service_ref="1:0:1:14d2:0320:5000:0dc00000:0:0:0:" name="AL-Ebaa TV" service_name="AL-Ebaa TV" provider="MY TV" sid="5330" onid="20480" tsid="800" />
    <channel service_ref="1:0:1:069e:0320:5000:0dc00000:0:0:0:" name="Al-Shaaer TV" service_name="Al-Shaaer TV" provider="MY TV" sid="1694" onid="20480" tsid="800" />
    <channel service_ref="1:0:1:05c6:0320:5000:0dc00000:0:0:0:" name="Alanes TV" service_name="Alanes TV" provider="MY TV" sid="1478" onid="20480" tsid="800" />
    <channel service_ref="1:0:22:068c:0320:5000:0dc00000:0:0:0:" name="Alanwar TV" service_name="Alanwar TV" provider="MY TV" sid="1676" onid="20480" tsid="800" />
    <channel service_ref="1:0:1:1ceb:004a:0800:0dc00000:0:0:0:" name="ALASKANDRIA" service_name="ALASKANDRIA" provider="Nilesat" sid="7403" onid="2048" tsid="74" />
    <channel service_ref="1:0:25:169e:0320:5000:0dc00000:0:0:0:" name="Albaghdadiya" service_name="Albaghdadiya" provider="MY TV" sid="5790" onid="20480" tsid="800" />
    <channel service_ref="1:0:1:001f:001f:006e:0dc00000:0:0:0:" name="ALBAIT BAITAK CINEMA" service_name="ALBAIT BAITAK CINEMA" provider="" sid="31" onid="110" tsid="31" />
    <channel service_ref="1:0:1:1cec:004a:0800:0dc00000:0:0:0:" name="ALDELTA" service_name="ALDELTA" provider="Libya Alaan" sid="7404" onid="2048" tsid="74" />
    <channel service_ref="1:0:1:0006:0002:ffff:0dc02b58:0:0:0:" name="ALHAWYAH TV" service_name="ALHAWYAH TV" provider="ViewMedia" sid="6" onid="65535" tsid="2" />
    <channel service_ref="1:0:1:1ce9:004a:0800:0dc00000:0:0:0:" name="ALKAHERA" service_name="ALKAHERA" provider="Nilesat" sid="7401" onid="2048" tsid="74" />
    <channel service_ref="1:0:1:1cea:004a:0800:0dc00000:0:0:0:" name="ALKANAL" service_name="ALKANAL" provider="Nilesat" sid="7402" onid="2048" tsid="74" />
    <channel service_ref="1:0:1:0002:0002:ffff:0dc02b58:0:0:0:" name="Alkarma ME 1" service_name="Alkarma ME 1" provider="ViewMedia" sid="2" onid="65535" tsid="2" />
    <channel service_ref="1:0:1:000f:0002:ffff:0dc02b58:0:0:0:" name="ALLAHDAH TV" service_name="ALLAHDAH TV" provider="ViewMedia" sid="15" onid="65535" tsid="2" />
    <channel service_ref="1:0:25:01c5:7594:077e:0dc00000:0:0:0:" name="ALMAJLIS" service_name="ALMAJLIS" provider="MOI" sid="453" onid="1918" tsid="30100" />
    <channel service_ref="1:0:1:000a:0002:ffff:0dc02b58:0:0:0:" name="Almasirah Mubashar" service_name="Almasirah Mubashar" provider="ViewMedia" sid="10" onid="65535" tsid="2" />
    <channel service_ref="1:0:1:000e:0002:ffff:0dc02b58:0:0:0:" name="ALMASIRAH TV" service_name="ALMASIRAH TV" provider="ViewMedia" sid="14" onid="65535" tsid="2" />
    <channel service_ref="1:0:1:14a0:0320:5000:0dc00000:0:0:0:" name="Almawakebe" service_name="Almawakebe" provider="MY TV" sid="5280" onid="20480" tsid="800" />
    <channel service_ref="1:0:1:003e:001f:006e:0dc00000:0:0:0:" name="ALPRINCE DRAMA" service_name="ALPRINCE DRAMA" provider="" sid="62" onid="110" tsid="31" />
    <channel service_ref="1:0:1:0014:001f:006e:0dc00000:0:0:0:" name="ALS3YDA" service_name="ALS3YDA" provider="" sid="20" onid="110" tsid="31" />
    <channel service_ref="1:0:1:1ced:004a:0800:0dc00000:0:0:0:" name="ALSA3EED" service_name="ALSA3EED" provider="Nilesat" sid="7405" onid="2048" tsid="74" />
    <channel service_ref="1:0:1:002d:001f:006e:0dc00000:0:0:0:" name="APPLE AFLAM" service_name="APPLE AFLAM" provider="" sid="45" onid="110" tsid="31" />
    <channel service_ref="1:0:1:002f:001f:006e:0dc00000:0:0:0:" name="APPLE CINEMA" service_name="APPLE CINEMA" provider="" sid="47" onid="110" tsid="31" />
    <channel service_ref="1:0:1:0025:001f:006e:0dc00000:0:0:0:" name="APPLE HEKAYAT" service_name="APPLE HEKAYAT" provider="" sid="37" onid="110" tsid="31" />
    <channel service_ref="1:0:1:003d:001f:006e:0dc00000:0:0:0:" name="APPLE MOSLSALAT" service_name="APPLE MOSLSALAT" provider="" sid="61" onid="110" tsid="31" />
    <channel service_ref="1:0:25:083a:00c8:077e:0dc00000:0:0:0:" name="beIN SPORTS" service_name="beIN SPORTS" provider="beIN SPORTS" sid="2106" onid="1918" tsid="200" />
    <channel service_ref="1:0:25:07d3:0064:077e:0dc00000:0:0:0:" name="beIN SPORTS 1" service_name="beIN SPORTS 1" provider="beIN SPORTS" sid="2003" onid="1918" tsid="100" />
    <channel service_ref="1:0:25:07d1:0064:077e:0dc00000:0:0:0:" name="beIN SPORTS 1 PREMIUM" service_name="beIN SPORTS 1 PREMIUM" provider="beIN SPORTS" sid="2001" onid="1918" tsid="100" />
    <channel service_ref="1:0:25:0158:00c8:077e:0dc00000:0:0:0:" name="beIN SPORTS 2" service_name="beIN SPORTS 2" provider="beIN SPORTS" sid="344" onid="1918" tsid="200" />
    <channel service_ref="1:0:25:07d2:0064:077e:0dc00000:0:0:0:" name="beIN SPORTS 2 PREMIUM" service_name="beIN SPORTS 2 PREMIUM" provider="beIN SPORTS" sid="2002" onid="1918" tsid="100" />
    <channel service_ref="1:0:25:07d4:0064:077e:0dc00000:0:0:0:" name="beIN SPORTS 3" service_name="beIN SPORTS 3" provider="beIN SPORTS" sid="2004" onid="1918" tsid="100" />
    <channel service_ref="1:0:25:015a:00c8:077e:0dc00000:0:0:0:" name="beIN SPORTS 3 PREMIUM" service_name="beIN SPORTS 3 PREMIUM" provider="beIN SPORTS" sid="346" onid="1918" tsid="200" />
    <channel service_ref="1:0:25:0157:00c8:077e:0dc00000:0:0:0:" name="beIN SPORTS 4" service_name="beIN SPORTS 4" provider="beIN SPORTS" sid="343" onid="1918" tsid="200" />
    <channel service_ref="1:0:25:015b:00c8:077e:0dc00000:0:0:0:" name="beIN SPORTS 5" service_name="beIN SPORTS 5" provider="beIN SPORTS" sid="347" onid="1918" tsid="200" />
    <channel service_ref="1:0:25:0159:00c8:077e:0dc00000:0:0:0:" name="beIN SPORTS 6" service_name="beIN SPORTS 6" provider="beIN SPORTS" sid="345" onid="1918" tsid="200" />
    <channel service_ref="1:0:25:07d6:0064:077e:0dc00000:0:0:0:" name="beIN SPORTS MAX 2" service_name="beIN SPORTS MAX 2" provider="beIN SPORTS" sid="2006" onid="1918" tsid="100" />
    <channel service_ref="1:0:25:07d5:0064:077e:0dc00000:0:0:0:" name="beIN SPORTS MAX 3" service_name="beIN SPORTS MAX 3" provider="beIN SPORTS" sid="2005" onid="1918" tsid="100" />
    <channel service_ref="1:0:1:001c:001f:006e:0dc00000:0:0:0:" name="CIMA ALIBABA" service_name="CIMA ALIBABA" provider="" sid="28" onid="110" tsid="31" />
    <channel service_ref="1:0:1:0026:001f:006e:0dc00000:0:0:0:" name="CINEMA 1" service_name="CINEMA 1" provider="" sid="38" onid="110" tsid="31" />
    <channel service_ref="1:0:1:004c:001f:006e:0dc00000:0:0:0:" name="CINEMA 2" service_name="CINEMA 2" provider="" sid="76" onid="110" tsid="31" />
    <channel service_ref="1:0:25:1cf0:004a:0800:0dc00000:0:0:0:" name="Diwan" service_name="Diwan" provider="" sid="7408" onid="2048" tsid="74" />
    <channel service_ref="1:0:25:126f:002f:0800:0dc00000:0:0:0:" name="Dubai One HD" service_name="Dubai One HD" provider="" sid="4719" onid="2048" tsid="47" />
    <channel service_ref="1:0:1:126b:002f:0800:0dc00000:0:0:0:" name="Dubai Racing 2" service_name="Dubai Racing 2" provider="" sid="4715" onid="2048" tsid="47" />
    <channel service_ref="1:0:1:126c:002f:0800:0dc00000:0:0:0:" name="Dubai Racing 3" service_name="Dubai Racing 3" provider="" sid="4716" onid="2048" tsid="47" />
    <channel service_ref="1:0:1:04f5:002f:0800:0dc00000:0:0:0:" name="Dubai Sports 2" service_name="Dubai Sports 2" provider="" sid="1269" onid="2048" tsid="47" />
    <channel service_ref="1:0:1:126a:002f:0800:0dc00000:0:0:0:" name="Dubai Sports 3" service_name="Dubai Sports 3" provider="" sid="4714" onid="2048" tsid="47" />
    <channel service_ref="1:0:1:04f2:002f:0800:0dc00000:0:0:0:" name="Dubai TV" service_name="Dubai TV" provider="" sid="1266" onid="2048" tsid="47" />
    <channel service_ref="1:0:1:126e:002f:0800:0dc00000:0:0:0:" name="Dubai Zaman" service_name="Dubai Zaman" provider="" sid="4718" onid="2048" tsid="47" />
    <channel service_ref="1:0:1:0021:001f:006e:0dc00000:0:0:0:" name="EGYBEST AFLAM" service_name="EGYBEST AFLAM" provider="" sid="33" onid="110" tsid="31" />
    <channel service_ref="1:0:1:005b:001f:006e:0dc00000:0:0:0:" name="EGYBEST CIMA" service_name="EGYBEST CIMA" provider="" sid="91" onid="110" tsid="31" />
    <channel service_ref="1:0:1:005c:001f:006e:0dc00000:0:0:0:" name="EGYBEST CINEMA" service_name="EGYBEST CINEMA" provider="" sid="92" onid="110" tsid="31" />
    <channel service_ref="1:0:1:001b:001f:006e:0dc00000:0:0:0:" name="EGYBEST COMEDY" service_name="EGYBEST COMEDY" provider="" sid="27" onid="110" tsid="31" />
    <channel service_ref="1:0:1:002a:001f:006e:0dc00000:0:0:0:" name="EGYBEST DRAMA" service_name="EGYBEST DRAMA" provider="" sid="42" onid="110" tsid="31" />
    <channel service_ref="1:0:1:004f:001f:006e:0dc00000:0:0:0:" name="EGYBEST TODAY" service_name="EGYBEST TODAY" provider="" sid="79" onid="110" tsid="31" />
    <channel service_ref="1:0:1:001d:0002:ffff:0dc02b58:0:0:0:" name="ElKeraza" service_name="ElKeraza" provider="ViewMedia" sid="29" onid="65535" tsid="2" />
    <channel service_ref="1:0:1:008c:001f:006e:0dc00000:0:0:0:" name="Eutelsat Data 1" service_name="Eutelsat Data 1" provider="MIT-xperts GmbH" sid="140" onid="110" tsid="31" />
    <channel service_ref="1:0:25:04f6:002f:0800:0dc00000:0:0:0:" name="EXPO2020" service_name="EXPO2020" provider="du" sid="1270" onid="2048" tsid="47" />
    <channel service_ref="1:0:1:065e:0320:5000:0dc00000:0:0:0:" name="Falastini.tv" service_name="Falastini.tv" provider="MY TV" sid="1630" onid="20480" tsid="800" />
    <channel service_ref="1:0:1:0022:001f:006e:0dc00000:0:0:0:" name="HALABA TV" service_name="HALABA TV" provider="" sid="34" onid="110" tsid="31" />
    <channel service_ref="1:0:22:163a:0320:5000:0dc00000:0:0:0:" name="Hebron.Sat TV" service_name="Hebron.Sat TV" provider="MY TV" sid="5690" onid="20480" tsid="800" />
    <channel service_ref="1:0:1:0018:001f:006e:0dc00000:0:0:0:" name="HEKAYA TV" service_name="HEKAYA TV" provider="" sid="24" onid="110" tsid="31" />
    <channel service_ref="1:0:1:0011:0002:ffff:0dc02b58:0:0:0:" name="Iraq Future TV" service_name="Iraq Future TV" provider="ViewMedia" sid="17" onid="65535" tsid="2" />
    <channel service_ref="1:0:25:01c8:7594:077e:0dc00000:0:0:0:" name="Khallik Bilbait" service_name="Khallik Bilbait" provider="MOI" sid="456" onid="1918" tsid="30100" />
    <channel service_ref="1:0:25:01c4:7594:077e:0dc00000:0:0:0:" name="Kuwait Al-Arabi" service_name="Kuwait Al-Arabi" provider="MOI" sid="452" onid="1918" tsid="30100" />
    <channel service_ref="1:0:25:01c3:7594:077e:0dc00000:0:0:0:" name="Kuwait Ethraa" service_name="Kuwait Ethraa" provider="MOI" sid="451" onid="1918" tsid="30100" />
    <channel service_ref="1:0:25:01c6:7594:077e:0dc00000:0:0:0:" name="Kuwait Qurain" service_name="Kuwait Qurain" provider="MOI" sid="454" onid="1918" tsid="30100" />
    <channel service_ref="1:0:25:01c2:7594:077e:0dc00000:0:0:0:" name="Kuwait Sport Plus" service_name="Kuwait Sport Plus" provider="MOI" sid="450" onid="1918" tsid="30100" />
    <channel service_ref="1:0:25:044f:7594:077e:0dc00000:0:0:0:" name="Kuwait Sports" service_name="Kuwait Sports" provider="MOI" sid="1103" onid="1918" tsid="30100" />
    <channel service_ref="1:0:25:044d:7594:077e:0dc00000:0:0:0:" name="Kuwait TV 1" service_name="Kuwait TV 1" provider="MOI" sid="1101" onid="1918" tsid="30100" />
    <channel service_ref="1:0:25:044e:7594:077e:0dc00000:0:0:0:" name="Kuwait TV 2" service_name="Kuwait TV 2" provider="MOI" sid="1102" onid="1918" tsid="30100" />
    <channel service_ref="1:0:1:05b8:0320:5000:0dc00000:0:0:0:" name="Libya Al Ahrar" service_name="Libya Al Ahrar" provider="MY TV" sid="1464" onid="20480" tsid="800" />
    <channel service_ref="1:0:1:000b:0002:ffff:0dc02b58:0:0:0:" name="Logos TV" service_name="Logos TV" provider="ViewMedia" sid="11" onid="65535" tsid="2" />
    <channel service_ref="1:0:1:005a:001f:006e:0dc00000:0:0:0:" name="M CINEMA" service_name="M CINEMA" provider="" sid="90" onid="110" tsid="31" />
    <channel service_ref="1:0:1:003b:001f:006e:0dc00000:0:0:0:" name="M MOSALSALAT" service_name="M MOSALSALAT" provider="" sid="59" onid="110" tsid="31" />
    <channel service_ref="1:0:1:000f:001f:006e:0dc00000:0:0:0:" name="MARJAEYAT 2" service_name="MARJAEYAT 2" provider="iKO Media Group" sid="15" onid="110" tsid="31" />
    <channel service_ref="1:0:1:000c:0002:ffff:0dc02b58:0:0:0:" name="Misr ELBald" service_name="Misr ELBald" provider="ViewMedia" sid="12" onid="65535" tsid="2" />
    <channel service_ref="1:0:1:001a:001f:006e:0dc00000:0:0:0:" name="MOSALSALAT TUBE" service_name="MOSALSALAT TUBE" provider="" sid="26" onid="110" tsid="31" />
    <channel service_ref="1:0:1:0001:0002:ffff:0dc02b58:0:0:0:" name="New Vision" service_name="New Vision" provider="ViewMedia" sid="1" onid="65535" tsid="2" />
    <channel service_ref="1:0:1:126d:002f:0800:0dc00000:0:0:0:" name="Noor Dubai" service_name="Noor Dubai" provider="" sid="4717" onid="2048" tsid="47" />
    <channel service_ref="1:0:1:002d:0002:ffff:0dc02b58:0:0:0:" name="Nour Koddass" service_name="Nour Koddass" provider="ViewMedia" sid="45" onid="65535" tsid="2" />
    <channel service_ref="1:0:1:001a:0002:ffff:0dc02b58:0:0:0:" name="Nour Mariam" service_name="Nour Mariam" provider="ViewMedia" sid="26" onid="65535" tsid="2" />
    <channel service_ref="1:0:1:002e:0002:ffff:0dc02b58:0:0:0:" name="Noursat English" service_name="Noursat English" provider="ViewMedia" sid="46" onid="65535" tsid="2" />
    <channel service_ref="1:0:1:002c:0002:ffff:0dc02b58:0:0:0:" name="Noursat Kids" service_name="Noursat Kids" provider="ViewMedia" sid="44" onid="65535" tsid="2" />
    <channel service_ref="1:0:1:002e:001f:006e:0dc00000:0:0:0:" name="ORANGE" service_name="ORANGE" provider="" sid="46" onid="110" tsid="31" />
    <channel service_ref="1:0:1:003f:001f:006e:0dc00000:0:0:0:" name="OTLOB AFLAM" service_name="OTLOB AFLAM" provider="" sid="63" onid="110" tsid="31" />
    <channel service_ref="1:0:1:0017:001f:006e:0dc00000:0:0:0:" name="OTLOB CINEMA" service_name="OTLOB CINEMA" provider="" sid="23" onid="110" tsid="31" />
    <channel service_ref="1:0:1:0024:001f:006e:0dc00000:0:0:0:" name="OTLOB DRAMA" service_name="OTLOB DRAMA" provider="" sid="36" onid="110" tsid="31" />
    <channel service_ref="1:0:1:003a:001f:006e:0dc00000:0:0:0:" name="OTLOB HEKAYAT" service_name="OTLOB HEKAYAT" provider="" sid="58" onid="110" tsid="31" />
    <channel service_ref="1:0:1:0020:001f:006e:0dc00000:0:0:0:" name="OTLOB TODAY" service_name="OTLOB TODAY" provider="" sid="32" onid="110" tsid="31" />
    <channel service_ref="1:0:1:004e:001f:006e:0dc00000:0:0:0:" name="OTLOB ZAMAN" service_name="OTLOB ZAMAN" provider="" sid="78" onid="110" tsid="31" />
    <channel service_ref="1:0:25:15e0:0320:5000:0dc00000:0:0:0:" name="QAF TV" service_name="QAF TV" provider="MY TV" sid="5600" onid="20480" tsid="800" />
    <channel service_ref="1:0:1:004d:001f:006e:0dc00000:0:0:0:" name="QURAN TV" service_name="QURAN TV" provider="" sid="77" onid="110" tsid="31" />
    <channel service_ref="1:0:1:004a:001f:006e:0dc00000:0:0:0:" name="SAHAR TV" service_name="SAHAR TV" provider="" sid="74" onid="110" tsid="31" />
    <channel service_ref="1:0:1:04f3:002f:0800:0dc00000:0:0:0:" name="Sama Dubai" service_name="Sama Dubai" provider="" sid="1267" onid="2048" tsid="47" />
    <channel service_ref="1:0:25:0001:0208:02be:0dc00000:0:0:0:" name="Sharjah HD" service_name="Sharjah HD" provider="" sid="1" onid="702" tsid="520" />
    <channel service_ref="1:0:1:0002:0208:02be:0dc00000:0:0:0:" name="Sharjah SD" service_name="Sharjah SD" provider="" sid="2" onid="702" tsid="520" />
    <channel service_ref="1:0:25:0006:0208:02be:0dc00000:0:0:0:" name="Sharjah Sport HD" service_name="Sharjah Sport HD" provider="" sid="6" onid="702" tsid="520" />
    <channel service_ref="1:0:1:0007:0208:02be:0dc00000:0:0:0:" name="Sharjah Sport SD" service_name="Sharjah Sport SD" provider="" sid="7" onid="702" tsid="520" />
    <channel service_ref="1:0:25:0003:0208:02be:0dc00000:0:0:0:" name="Sharqiya from Kalba HD" service_name="Sharqiya from Kalba HD" provider="" sid="3" onid="702" tsid="520" />
    <channel service_ref="1:0:1:0004:0208:02be:0dc00000:0:0:0:" name="Sharqiya from Kalba SD" service_name="Sharqiya from Kalba SD" provider="" sid="4" onid="702" tsid="520" />
    <channel service_ref="1:0:1:005e:001f:006e:0dc00000:0:0:0:" name="SPIDER MAN" service_name="SPIDER MAN" provider="" sid="94" onid="110" tsid="31" />
    <channel service_ref="1:0:1:002b:0002:ffff:0dc02b58:0:0:0:" name="Suboro TV" service_name="Suboro TV" provider="ViewMedia" sid="43" onid="65535" tsid="2" />
    <channel service_ref="1:0:1:1cf3:004a:0800:0dc00000:0:0:0:" name="Sudan Basic Education" service_name="Sudan Basic Education" provider="" sid="7411" onid="2048" tsid="74" />
    <channel service_ref="1:0:1:1cf4:004a:0800:0dc00000:0:0:0:" name="Sudan Secondary Education" service_name="Sudan Secondary Education" provider="" sid="7412" onid="2048" tsid="74" />
    <channel service_ref="1:0:1:145a:0320:5000:0dc00000:0:0:0:" name="Syria TV" service_name="Syria TV" provider="MY TV" sid="5210" onid="20480" tsid="800" />
    <channel service_ref="1:0:1:1cee:004a:0800:0dc00000:0:0:0:" name="TEBA" service_name="TEBA" provider="" sid="7406" onid="2048" tsid="74" />
    <channel service_ref="1:0:1:00c4:4ee8:077e:0dc00000:0:0:0:" name="TEST" service_name="TEST" provider="Al Jazeera" sid="196" onid="1918" tsid="20200" />
    <channel service_ref="1:0:1:1cef:004a:0800:0dc00000:0:0:0:" name="Test" service_name="Test" provider="" sid="7407" onid="2048" tsid="74" />
    <channel service_ref="1:0:1:1cf1:004a:0800:0dc00000:0:0:0:" name="Test" service_name="Test" provider="" sid="7409" onid="2048" tsid="74" />
    <channel service_ref="1:0:1:1cf5:004a:0800:0dc00000:0:0:0:" name="Test" service_name="Test" provider="" sid="7413" onid="2048" tsid="74" />
    <channel service_ref="1:0:1:1cf6:004a:0800:0dc00000:0:0:0:" name="Test" service_name="Test" provider="" sid="7414" onid="2048" tsid="74" />
    <channel service_ref="1:0:1:001f:0002:ffff:0dc02b58:0:0:0:" name="The Savior" service_name="The Savior" provider="ViewMedia" sid="31" onid="65535" tsid="2" />
    <channel service_ref="1:0:1:0016:001f:006e:0dc00000:0:0:0:" name="TOM and JERRY" service_name="TOM and JERRY" provider="" sid="22" onid="110" tsid="31" />
    <channel service_ref="1:0:25:067a:0320:5000:0dc00000:0:0:0:" name="TRT World HD" service_name="TRT World HD" provider="MY TV" sid="1658" onid="20480" tsid="800" />
    <channel service_ref="1:0:1:01f5:001f:006e:0dc00000:0:0:0:" name="Vatican Radio" service_name="Vatican Radio" provider="" sid="501" onid="110" tsid="31" />
    <channel service_ref="1:0:1:0008:0002:ffff:0dc02b58:0:0:0:" name="Waad" service_name="Waad" provider="ViewMedia" sid="8" onid="65535" tsid="2" />
    <channel service_ref="1:0:1:0003:0002:ffff:0dc02b58:0:0:0:" name="YOUSAT" service_name="YOUSAT" provider="ViewMedia" sid="3" onid="65535" tsid="2" />
  </bouquet>
  <bouquet name="Movies" category="tv">
    <channel service_ref="1:0:1:001f:001f:006e:0dc00000:0:0:0:" name="ALBAIT BAITAK CINEMA" service_name="ALBAIT BAITAK CINEMA" provider="" sid="31" onid="110" tsid="31" />
    <channel service_ref="1:0:1:002f:001f:006e:0dc00000:0:0:0:" name="APPLE CINEMA" service_name="APPLE CINEMA" provider="" sid="47" onid="110" tsid="31" />
    <channel service_ref="1:0:1:0026:001f:006e:0dc00000:0:0:0:" name="CINEMA 1" service_name="CINEMA 1" provider="" sid="38" onid="110" tsid="31" />
    <channel service_ref="1:0:1:004c:001f:006e:0dc00000:0:0:0:" name="CINEMA 2" service_name="CINEMA 2" provider="" sid="76" onid="110" tsid="31" />
    <channel service_ref="1:0:1:005c:001f:006e:0dc00000:0:0:0:" name="EGYBEST CINEMA" service_name="EGYBEST CINEMA" provider="" sid="92" onid="110" tsid="31" />
    <channel service_ref="1:0:1:005a:001f:006e:0dc00000:0:0:0:" name="M CINEMA" service_name="M CINEMA" provider="" sid="90" onid="110" tsid="31" />
    <channel service_ref="1:0:1:0017:001f:006e:0dc00000:0:0:0:" name="OTLOB CINEMA" service_name="OTLOB CINEMA" provider="" sid="23" onid="110" tsid="31" />
  </bouquet>
  <bouquet name="Series" category="tv">
    <channel service_ref="1:0:1:003e:001f:006e:0dc00000:0:0:0:" name="ALPRINCE DRAMA" service_name="ALPRINCE DRAMA" provider="" sid="62" onid="110" tsid="31" />
    <channel service_ref="1:0:1:002a:001f:006e:0dc00000:0:0:0:" name="EGYBEST DRAMA" service_name="EGYBEST DRAMA" provider="" sid="42" onid="110" tsid="31" />
    <channel service_ref="1:0:1:0024:001f:006e:0dc00000:0:0:0:" name="OTLOB DRAMA" service_name="OTLOB DRAMA" provider="" sid="36" onid="110" tsid="31" />
  </bouquet>
  <bouquet name="Sports" category="tv">
    <channel service_ref="1:0:25:083a:00c8:077e:0dc00000:0:0:0:" name="beIN SPORTS" service_name="beIN SPORTS" provider="beIN SPORTS" sid="2106" onid="1918" tsid="200" />
    <channel service_ref="1:0:25:07d3:0064:077e:0dc00000:0:0:0:" name="beIN SPORTS 1" service_name="beIN SPORTS 1" provider="beIN SPORTS" sid="2003" onid="1918" tsid="100" />
    <channel service_ref="1:0:25:07d1:0064:077e:0dc00000:0:0:0:" name="beIN SPORTS 1 PREMIUM" service_name="beIN SPORTS 1 PREMIUM" provider="beIN SPORTS" sid="2001" onid="1918" tsid="100" />
    <channel service_ref="1:0:25:0158:00c8:077e:0dc00000:0:0:0:" name="beIN SPORTS 2" service_name="beIN SPORTS 2" provider="beIN SPORTS" sid="344" onid="1918" tsid="200" />
    <channel service_ref="1:0:25:07d2:0064:077e:0dc00000:0:0:0:" name="beIN SPORTS 2 PREMIUM" service_name="beIN SPORTS 2 PREMIUM" provider="beIN SPORTS" sid="2002" onid="1918" tsid="100" />
    <channel service_ref="1:0:25:07d4:0064:077e:0dc00000:0:0:0:" name="beIN SPORTS 3" service_name="beIN SPORTS 3" provider="beIN SPORTS" sid="2004" onid="1918" tsid="100" />
    <channel service_ref="1:0:25:015a:00c8:077e:0dc00000:0:0:0:" name="beIN SPORTS 3 PREMIUM" service_name="beIN SPORTS 3 PREMIUM" provider="beIN SPORTS" sid="346" onid="1918" tsid="200" />
    <channel service_ref="1:0:25:0157:00c8:077e:0dc00000:0:0:0:" name="beIN SPORTS 4" service_name="beIN SPORTS 4" provider="beIN SPORTS" sid="343" onid="1918" tsid="200" />
    <channel service_ref="1:0:25:015b:00c8:077e:0dc00000:0:0:0:" name="beIN SPORTS 5" service_name="beIN SPORTS 5" provider="beIN SPORTS" sid="347" onid="1918" tsid="200" />
    <channel service_ref="1:0:25:0159:00c8:077e:0dc00000:0:0:0:" name="beIN SPORTS 6" service_name="beIN SPORTS 6" provider="beIN SPORTS" sid="345" onid="1918" tsid="200" />
    <channel service_ref="1:0:25:07d6:0064:077e:0dc00000:0:0:0:" name="beIN SPORTS MAX 2" service_name="beIN SPORTS MAX 2" provider="beIN SPORTS" sid="2006" onid="1918" tsid="100" />
    <channel service_ref="1:0:25:07d5:0064:077e:0dc00000:0:0:0:" name="beIN SPORTS MAX 3" service_name="beIN SPORTS MAX 3" provider="beIN SPORTS" sid="2005" onid="1918" tsid="100" />
    <channel service_ref="1:0:1:04f5:002f:0800:0dc00000:0:0:0:" name="Dubai Sports 2" service_name="Dubai Sports 2" provider="" sid="1269" onid="2048" tsid="47" />
    <channel service_ref="1:0:1:126a:002f:0800:0dc00000:0:0:0:" name="Dubai Sports 3" service_name="Dubai Sports 3" provider="" sid="4714" onid="2048" tsid="47" />
    <channel service_ref="1:0:25:01c2:7594:077e:0dc00000:0:0:0:" name="Kuwait Sport Plus" service_name="Kuwait Sport Plus" provider="MOI" sid="450" onid="1918" tsid="30100" />
    <channel service_ref="1:0:25:044f:7594:077e:0dc00000:0:0:0:" name="Kuwait Sports" service_name="Kuwait Sports" provider="MOI" sid="1103" onid="1918" tsid="30100" />
    <channel service_ref="1:0:25:0006:0208:02be:0dc00000:0:0:0:" name="Sharjah Sport HD" service_name="Sharjah Sport HD" provider="" sid="6" onid="702" tsid="520" />
    <channel service_ref="1:0:1:0007:0208:02be:0dc00000:0:0:0:" name="Sharjah Sport SD" service_name="Sharjah Sport SD" provider="" sid="7" onid="702" tsid="520" />
  </bouquet>
  <bouquet name="Kids" category="tv">
    <channel service_ref="1:0:1:002c:0002:ffff:0dc02b58:0:0:0:" name="Noursat Kids" service_name="Noursat Kids" provider="ViewMedia" sid="44" onid="65535" tsid="2" />
  </bouquet>
  <bouquet name="Documentary" category="tv">
    <channel service_ref="1:0:1:00c2:4ee8:077e:0dc00000:0:0:0:" name="Al Jazeera Documentary" service_name="Al Jazeera Documentary" provider="Al Jazeera" sid="194" onid="1918" tsid="20200" />
  </bouquet>
  <bouquet name="ARD/ZDF" category="tv">
    <channel service_ref="1:0:1:1ceb:004a:0800:0dc00000:0:0:0:" name="ALASKANDRIA" service_name="ALASKANDRIA" provider="Nilesat" sid="7403" onid="2048" tsid="74" />
    <channel service_ref="1:0:22:163a:0320:5000:0dc00000:0:0:0:" name="Hebron.Sat TV" service_name="Hebron.Sat TV" provider="MY TV" sid="5690" onid="20480" tsid="800" />
    <channel service_ref="1:0:25:01c3:7594:077e:0dc00000:0:0:0:" name="Kuwait Ethraa" service_name="Kuwait Ethraa" provider="MOI" sid="451" onid="1918" tsid="30100" />
    <channel service_ref="1:0:1:05b8:0320:5000:0dc00000:0:0:0:" name="Libya Al Ahrar" service_name="Libya Al Ahrar" provider="MY TV" sid="1464" onid="20480" tsid="800" />
  </bouquet>
  <bouquet name="RAI" category="tv">
    <channel service_ref="1:0:25:01c6:7594:077e:0dc00000:0:0:0:" name="Kuwait Qurain" service_name="Kuwait Qurain" provider="MOI" sid="454" onid="1918" tsid="30100" />
  </bouquet>
  <bouquet name="Switzerland" category="tv">
    <channel service_ref="1:0:1:0014:001f:006e:0dc00000:0:0:0:" name="ALS3YDA" service_name="ALS3YDA" provider="" sid="20" onid="110" tsid="31" />
    <channel service_ref="1:0:1:1ced:004a:0800:0dc00000:0:0:0:" name="ALSA3EED" service_name="ALSA3EED" provider="Nilesat" sid="7405" onid="2048" tsid="74" />
    <channel service_ref="1:0:1:126c:002f:0800:0dc00000:0:0:0:" name="Dubai Racing 3" service_name="Dubai Racing 3" provider="" sid="4716" onid="2048" tsid="47" />
  </bouquet>
  <bouquet name="Resolution - HD" category="tv">
    <channel service_ref="1:0:25:0005:0208:02be:0dc00000:0:0:0:" name="Al Wousta from Al Dhaid HD" service_name="Al Wousta from Al Dhaid HD" provider="" sid="5" onid="702" tsid="520" />
    <channel service_ref="1:0:25:126f:002f:0800:0dc00000:0:0:0:" name="Dubai One HD" service_name="Dubai One HD" provider="" sid="4719" onid="2048" tsid="47" />
    <channel service_ref="1:0:25:0001:0208:02be:0dc00000:0:0:0:" name="Sharjah HD" service_name="Sharjah HD" provider="" sid="1" onid="702" tsid="520" />
    <channel service_ref="1:0:25:0006:0208:02be:0dc00000:0:0:0:" name="Sharjah Sport HD" service_name="Sharjah Sport HD" provider="" sid="6" onid="702" tsid="520" />
    <channel service_ref="1:0:25:0003:0208:02be:0dc00000:0:0:0:" name="Sharqiya from Kalba HD" service_name="Sharqiya from Kalba HD" provider="" sid="3" onid="702" tsid="520" />
    <channel service_ref="1:0:25:067a:0320:5000:0dc00000:0:0:0:" name="TRT World HD" service_name="TRT World HD" provider="MY TV" sid="1658" onid="20480" tsid="800" />
  </bouquet>
  <bouquet name="Resolution - SD" category="tv">
    <channel service_ref="1:0:1:1cf2:004a:0800:0dc00000:0:0:0:" name="Al Forat SD" service_name="Al Forat SD" provider="" sid="7410" onid="2048" tsid="74" />
    <channel service_ref="1:0:1:0002:0208:02be:0dc00000:0:0:0:" name="Sharjah SD" service_name="Sharjah SD" provider="" sid="2" onid="702" tsid="520" />
    <channel service_ref="1:0:1:0007:0208:02be:0dc00000:0:0:0:" name="Sharjah Sport SD" service_name="Sharjah Sport SD" provider="" sid="7" onid="702" tsid="520" />
    <channel service_ref="1:0:1:0004:0208:02be:0dc00000:0:0:0:" name="Sharqiya from Kalba SD" service_name="Sharqiya from Kalba SD" provider="" sid="4" onid="702" tsid="520" />
  </bouquet>
  <bouquet name="International" category="tv">
    <channel service_ref="1:0:1:05a6:0320:5000:0dc00000:0:0:0:" name="AL ARABY TV" service_name="AL ARABY TV" provider="MY TV" sid="1446" onid="20480" tsid="800" />
    <channel service_ref="1:0:25:01c4:7594:077e:0dc00000:0:0:0:" name="Kuwait Al-Arabi" service_name="Kuwait Al-Arabi" provider="MOI" sid="452" onid="1918" tsid="30100" />
    <channel service_ref="1:0:25:067a:0320:5000:0dc00000:0:0:0:" name="TRT World HD" service_name="TRT World HD" provider="MY TV" sid="1658" onid="20480" tsid="800" />
  </bouquet>
  <bouquet name="Others" category="tv">
    <channel service_ref="1:0:1:0015:001f:006e:0dc00000:0:0:0:" name="7BESHA" service_name="7BESHA" provider="" sid="21" onid="110" tsid="31" />
    <channel service_ref="1:0:1:1cf2:004a:0800:0dc00000:0:0:0:" name="Al Forat SD" service_name="Al Forat SD" provider="" sid="7410" onid="2048" tsid="74" />
    <channel service_ref="1:0:25:05aa:0320:5000:0dc00000:0:0:0:" name="Al Hiwar TV" service_name="Al Hiwar TV" provider="MY TV" sid="1450" onid="20480" tsid="800" />
    <channel service_ref="1:0:1:00bf:4ee8:077e:0dc00000:0:0:0:" name="Al Jazeera" service_name="Al Jazeera" provider="Al Jazeera" sid="191" onid="1918" tsid="20200" />
    <channel service_ref="1:0:1:00c1:4ee8:077e:0dc00000:0:0:0:" name="Al Jazeera English" service_name="Al Jazeera English" provider="Al Jazeera" sid="193" onid="1918" tsid="20200" />
    <channel service_ref="1:0:1:00c0:4ee8:077e:0dc00000:0:0:0:" name="Al Jazeera Mubasher" service_name="Al Jazeera Mubasher" provider="Al Jazeera" sid="192" onid="1918" tsid="20200" />
    <channel service_ref="1:0:1:00c3:4ee8:077e:0dc00000:0:0:0:" name="Al Jazeera Mubasher 2" service_name="Al Jazeera Mubasher 2" provider="Al Jazeera" sid="195" onid="1918" tsid="20200" />
    <channel service_ref="1:0:1:001c:0002:ffff:0dc02b58:0:0:0:" name="Al Ons TV" service_name="Al Ons TV" provider="ViewMedia" sid="28" onid="65535" tsid="2" />
    <channel service_ref="1:0:1:001e:001f:006e:0dc00000:0:0:0:" name="AL OSTORA" service_name="AL OSTORA" provider="" sid="30" onid="110" tsid="31" />
    <channel service_ref="1:0:1:0004:0002:ffff:0dc02b58:0:0:0:" name="Al Sahat" service_name="Al Sahat" provider="ViewMedia" sid="4" onid="65535" tsid="2" />
    <channel service_ref="1:0:1:067e:0320:5000:0dc00000:0:0:0:" name="Al Seraj TV" service_name="Al Seraj TV" provider="MY TV" sid="1662" onid="20480" tsid="800" />
    <channel service_ref="1:0:25:0005:0208:02be:0dc00000:0:0:0:" name="Al Wousta from Al Dhaid HD" service_name="Al Wousta from Al Dhaid HD" provider="" sid="5" onid="702" tsid="520" />
    <channel service_ref="1:0:1:154a:0320:5000:0dc00000:0:0:0:" name="Al-Aqila TV" service_name="Al-Aqila TV" provider="MY TV" sid="5450" onid="20480" tsid="800" />
    <channel service_ref="1:0:1:14d2:0320:5000:0dc00000:0:0:0:" name="AL-Ebaa TV" service_name="AL-Ebaa TV" provider="MY TV" sid="5330" onid="20480" tsid="800" />
    <channel service_ref="1:0:1:069e:0320:5000:0dc00000:0:0:0:" name="Al-Shaaer TV" service_name="Al-Shaaer TV" provider="MY TV" sid="1694" onid="20480" tsid="800" />
    <channel service_ref="1:0:1:05c6:0320:5000:0dc00000:0:0:0:" name="Alanes TV" service_name="Alanes TV" provider="MY TV" sid="1478" onid="20480" tsid="800" />
    <channel service_ref="1:0:22:068c:0320:5000:0dc00000:0:0:0:" name="Alanwar TV" service_name="Alanwar TV" provider="MY TV" sid="1676" onid="20480" tsid="800" />
    <channel service_ref="1:0:25:169e:0320:5000:0dc00000:0:0:0:" name="Albaghdadiya" service_name="Albaghdadiya" provider="MY TV" sid="5790" onid="20480" tsid="800" />
    <channel service_ref="1:0:1:1cec:004a:0800:0dc00000:0:0:0:" name="ALDELTA" service_name="ALDELTA" provider="Libya Alaan" sid="7404" onid="2048" tsid="74" />
    <channel service_ref="1:0:1:0006:0002:ffff:0dc02b58:0:0:0:" name="ALHAWYAH TV" service_name="ALHAWYAH TV" provider="ViewMedia" sid="6" onid="65535" tsid="2" />
    <channel service_ref="1:0:1:1ce9:004a:0800:0dc00000:0:0:0:" name="ALKAHERA" service_name="ALKAHERA" provider="Nilesat" sid="7401" onid="2048" tsid="74" />
    <channel service_ref="1:0:1:1cea:004a:0800:0dc00000:0:0:0:" name="ALKANAL" service_name="ALKANAL" provider="Nilesat" sid="7402" onid="2048" tsid="74" />
    <channel service_ref="1:0:1:0002:0002:ffff:0dc02b58:0:0:0:" name="Alkarma ME 1" service_name="Alkarma ME 1" provider="ViewMedia" sid="2" onid="65535" tsid="2" />
    <channel service_ref="1:0:1:000f:0002:ffff:0dc02b58:0:0:0:" name="ALLAHDAH TV" service_name="ALLAHDAH TV" provider="ViewMedia" sid="15" onid="65535" tsid="2" />
    <channel service_ref="1:0:25:01c5:7594:077e:0dc00000:0:0:0:" name="ALMAJLIS" service_name="ALMAJLIS" provider="MOI" sid="453" onid="1918" tsid="30100" />
    <channel service_ref="1:0:1:000a:0002:ffff:0dc02b58:0:0:0:" name="Almasirah Mubashar" service_name="Almasirah Mubashar" provider="ViewMedia" sid="10" onid="65535" tsid="2" />
    <channel service_ref="1:0:1:000e:0002:ffff:0dc02b58:0:0:0:" name="ALMASIRAH TV" service_name="ALMASIRAH TV" provider="ViewMedia" sid="14" onid="65535" tsid="2" />
    <channel service_ref="1:0:1:14a0:0320:5000:0dc00000:0:0:0:" name="Almawakebe" service_name="Almawakebe" provider="MY TV" sid="5280" onid="20480" tsid="800" />
    <channel service_ref="1:0:1:002d:001f:006e:0dc00000:0:0:0:" name="APPLE AFLAM" service_name="APPLE AFLAM" provider="" sid="45" onid="110" tsid="31" />
    <channel service_ref="1:0:1:0025:001f:006e:0dc00000:0:0:0:" name="APPLE HEKAYAT" service_name="APPLE HEKAYAT" provider="" sid="37" onid="110" tsid="31" />
    <channel service_ref="1:0:1:003d:001f:006e:0dc00000:0:0:0:" name="APPLE MOSLSALAT" service_name="APPLE MOSLSALAT" provider="" sid="61" onid="110" tsid="31" />
    <channel service_ref="1:0:1:001c:001f:006e:0dc00000:0:0:0:" name="CIMA ALIBABA" service_name="CIMA ALIBABA" provider="" sid="28" onid="110" tsid="31" />
    <channel service_ref="1:0:25:1cf0:004a:0800:0dc00000:0:0:0:" name="Diwan" service_name="Diwan" provider="" sid="7408" onid="2048" tsid="74" />
    <channel service_ref="1:0:25:126f:002f:0800:0dc00000:0:0:0:" name="Dubai One HD" service_name="Dubai One HD" provider="" sid="4719" onid="2048" tsid="47" />
    <channel service_ref="1:0:1:126b:002f:0800:0dc00000:0:0:0:" name="Dubai Racing 2" service_name="Dubai Racing 2" provider="" sid="4715" onid="2048" tsid="47" />
    <channel service_ref="1:0:1:04f2:002f:0800:0dc00000:0:0:0:" name="Dubai TV" service_name="Dubai TV" provider="" sid="1266" onid="2048" tsid="47" />
    <channel service_ref="1:0:1:126e:002f:0800:0dc00000:0:0:0:" name="Dubai Zaman" service_name="Dubai Zaman" provider="" sid="4718" onid="2048" tsid="47" />
    <channel service_ref="1:0:1:0021:001f:006e:0dc00000:0:0:0:" name="EGYBEST AFLAM" service_name="EGYBEST AFLAM" provider="" sid="33" onid="110" tsid="31" />
    <channel service_ref="1:0:1:005b:001f:006e:0dc00000:0:0:0:" name="EGYBEST CIMA" service_name="EGYBEST CIMA" provider="" sid="91" onid="110" tsid="31" />
    <channel service_ref="1:0:1:001b:001f:006e:0dc00000:0:0:0:" name="EGYBEST COMEDY" service_name="EGYBEST COMEDY" provider="" sid="27" onid="110" tsid="31" />
    <channel service_ref="1:0:1:004f:001f:006e:0dc00000:0:0:0:" name="EGYBEST TODAY" service_name="EGYBEST TODAY" provider="" sid="79" onid="110" tsid="31" />
    <channel service_ref="1:0:1:001d:0002:ffff:0dc02b58:0:0:0:" name="ElKeraza" service_name="ElKeraza" provider="ViewMedia" sid="29" onid="65535" tsid="2" />
    <channel service_ref="1:0:1:008c:001f:006e:0dc00000:0:0:0:" name="Eutelsat Data 1" service_name="Eutelsat Data 1" provider="MIT-xperts GmbH" sid="140" onid="110" tsid="31" />
    <channel service_ref="1:0:25:04f6:002f:0800:0dc00000:0:0:0:" name="EXPO2020" service_name="EXPO2020" provider="du" sid="1270" onid="2048" tsid="47" />
    <channel service_ref="1:0:1:065e:0320:5000:0dc00000:0:0:0:" name="Falastini.tv" service_name="Falastini.tv" provider="MY TV" sid="1630" onid="20480" tsid="800" />
    <channel service_ref="1:0:1:0022:001f:006e:0dc00000:0:0:0:" name="HALABA TV" service_name="HALABA TV" provider="" sid="34" onid="110" tsid="31" />
    <channel service_ref="1:0:1:0018:001f:006e:0dc00000:0:0:0:" name="HEKAYA TV" service_name="HEKAYA TV" provider="" sid="24" onid="110" tsid="31" />
    <channel service_ref="1:0:1:0011:0002:ffff:0dc02b58:0:0:0:" name="Iraq Future TV" service_name="Iraq Future TV" provider="ViewMedia" sid="17" onid="65535" tsid="2" />
    <channel service_ref="1:0:25:01c8:7594:077e:0dc00000:0:0:0:" name="Khallik Bilbait" service_name="Khallik Bilbait" provider="MOI" sid="456" onid="1918" tsid="30100" />
    <channel service_ref="1:0:25:044d:7594:077e:0dc00000:0:0:0:" name="Kuwait TV 1" service_name="Kuwait TV 1" provider="MOI" sid="1101" onid="1918" tsid="30100" />
    <channel service_ref="1:0:25:044e:7594:077e:0dc00000:0:0:0:" name="Kuwait TV 2" service_name="Kuwait TV 2" provider="MOI" sid="1102" onid="1918" tsid="30100" />
    <channel service_ref="1:0:1:000b:0002:ffff:0dc02b58:0:0:0:" name="Logos TV" service_name="Logos TV" provider="ViewMedia" sid="11" onid="65535" tsid="2" />
    <channel service_ref="1:0:1:003b:001f:006e:0dc00000:0:0:0:" name="M MOSALSALAT" service_name="M MOSALSALAT" provider="" sid="59" onid="110" tsid="31" />
    <channel service_ref="1:0:1:000f:001f:006e:0dc00000:0:0:0:" name="MARJAEYAT 2" service_name="MARJAEYAT 2" provider="iKO Media Group" sid="15" onid="110" tsid="31" />
    <channel service_ref="1:0:1:000c:0002:ffff:0dc02b58:0:0:0:" name="Misr ELBald" service_name="Misr ELBald" provider="ViewMedia" sid="12" onid="65535" tsid="2" />
    <channel service_ref="1:0:1:001a:001f:006e:0dc00000:0:0:0:" name="MOSALSALAT TUBE" service_name="MOSALSALAT TUBE" provider="" sid="26" onid="110" tsid="31" />
    <channel service_ref="1:0:1:0001:0002:ffff:0dc02b58:0:0:0:" name="New Vision" service_name="New Vision" provider="ViewMedia" sid="1" onid="65535" tsid="2" />
    <channel service_ref="1:0:1:126d:002f:0800:0dc00000:0:0:0:" name="Noor Dubai" service_name="Noor Dubai" provider="" sid="4717" onid="2048" tsid="47" />
    <channel service_ref="1:0:1:002d:0002:ffff:0dc02b58:0:0:0:" name="Nour Koddass" service_name="Nour Koddass" provider="ViewMedia" sid="45" onid="65535" tsid="2" />
    <channel service_ref="1:0:1:001a:0002:ffff:0dc02b58:0:0:0:" name="Nour Mariam" service_name="Nour Mariam" provider="ViewMedia" sid="26" onid="65535" tsid="2" />
    <channel service_ref="1:0:1:002e:0002:ffff:0dc02b58:0:0:0:" name="Noursat English" service_name="Noursat English" provider="ViewMedia" sid="46" onid="65535" tsid="2" />
    <channel service_ref="1:0:1:002e:001f:006e:0dc00000:0:0:0:" name="ORANGE" service_name="ORANGE" provider="" sid="46" onid="110" tsid="31" />
    <channel service_ref="1:0:1:003f:001f:006e:0dc00000:0:0:0:" name="OTLOB AFLAM" service_name="OTLOB AFLAM" provider="" sid="63" onid="110" tsid="31" />
    <channel service_ref="1:0:1:003a:001f:006e:0dc00000:0:0:0:" name="OTLOB HEKAYAT" service_name="OTLOB HEKAYAT" provider="" sid="58" onid="110" tsid="31" />
    <channel service_ref="1:0:1:0020:001f:006e:0dc00000:0:0:0:" name="OTLOB TODAY" service_name="OTLOB TODAY" provider="" sid="32" onid="110" tsid="31" />
    <channel service_ref="1:0:1:004e:001f:006e:0dc00000:0:0:0:" name="OTLOB ZAMAN" service_name="OTLOB ZAMAN" provider="" sid="78" onid="110" tsid="31" />
    <channel service_ref="1:0:25:15e0:0320:5000:0dc00000:0:0:0:" name="QAF TV" service_name="QAF TV" provider="MY TV" sid="5600" onid="20480" tsid="800" />
    <channel service_ref="1:0:1:004d:001f:006e:0dc00000:0:0:0:" name="QURAN TV" service_name="QURAN TV" provider="" sid="77" onid="110" tsid="31" />
    <channel service_ref="1:0:1:004a:001f:006e:0dc00000:0:0:0:" name="SAHAR TV" service_name="SAHAR TV" provider="" sid="74" onid="110" tsid="31" />
    <channel service_ref="1:0:1:04f3:002f:0800:0dc00000:0:0:0:" name="Sama Dubai" service_name="Sama Dubai" provider="" sid="1267" onid="2048" tsid="47" />
    <channel service_ref="1:0:25:0001:0208:02be:0dc00000:0:0:0:" name="Sharjah HD" service_name="Sharjah HD" provider="" sid="1" onid="702" tsid="520" />
    <channel service_ref="1:0:1:0002:0208:02be:0dc00000:0:0:0:" name="Sharjah SD" service_name="Sharjah SD" provider="" sid="2" onid="702" tsid="520" />
    <channel service_ref="1:0:25:0003:0208:02be:0dc00000:0:0:0:" name="Sharqiya from Kalba HD" service_name="Sharqiya from Kalba HD" provider="" sid="3" onid="702" tsid="520" />
    <channel service_ref="1:0:1:0004:0208:02be:0dc00000:0:0:0:" name="Sharqiya from Kalba SD" service_name="Sharqiya from Kalba SD" provider="" sid="4" onid="702" tsid="520" />
    <channel service_ref="1:0:1:005e:001f:006e:0dc00000:0:0:0:" name="SPIDER MAN" service_name="SPIDER MAN" provider="" sid="94" onid="110" tsid="31" />
    <channel service_ref="1:0:1:002b:0002:ffff:0dc02b58:0:0:0:" name="Suboro TV" service_name="Suboro TV" provider="ViewMedia" sid="43" onid="65535" tsid="2" />
    <channel service_ref="1:0:1:1cf3:004a:0800:0dc00000:0:0:0:" name="Sudan Basic Education" service_name="Sudan Basic Education" provider="" sid="7411" onid="2048" tsid="74" />
    <channel service_ref="1:0:1:1cf4:004a:0800:0dc00000:0:0:0:" name="Sudan Secondary Education" service_name="Sudan Secondary Education" provider="" sid="7412" onid="2048" tsid="74" />
    <channel service_ref="1:0:1:145a:0320:5000:0dc00000:0:0:0:" name="Syria TV" service_name="Syria TV" provider="MY TV" sid="5210" onid="20480" tsid="800" />
    <channel service_ref="1:0:1:1cee:004a:0800:0dc00000:0:0:0:" name="TEBA" service_name="TEBA" provider="" sid="7406" onid="2048" tsid="74" />
    <channel service_ref="1:0:1:00c4:4ee8:077e:0dc00000:0:0:0:" name="TEST" service_name="TEST" provider="Al Jazeera" sid="196" onid="1918" tsid="20200" />
    <channel service_ref="1:0:1:1cef:004a:0800:0dc00000:0:0:0:" name="Test" service_name="Test" provider="" sid="7407" onid="2048" tsid="74" />
    <channel service_ref="1:0:1:1cf1:004a:0800:0dc00000:0:0:0:" name="Test" service_name="Test" provider="" sid="7409" onid="2048" tsid="74" />
    <channel service_ref="1:0:1:1cf5:004a:0800:0dc00000:0:0:0:" name="Test" service_name="Test" provider="" sid="7413" onid="2048" tsid="74" />
    <channel service_ref="1:0:1:1cf6:004a:0800:0dc00000:0:0:0:" name="Test" service_name="Test" provider="" sid="7414" onid="2048" tsid="74" />
    <channel service_ref="1:0:1:001f:0002:ffff:0dc02b58:0:0:0:" name="The Savior" service_name="The Savior" provider="ViewMedia" sid="31" onid="65535" tsid="2" />
    <channel service_ref="1:0:1:0016:001f:006e:0dc00000:0:0:0:" name="TOM and JERRY" service_name="TOM and JERRY" provider="" sid="22" onid="110" tsid="31" />
    <channel service_ref="1:0:1:01f5:001f:006e:0dc00000:0:0:0:" name="Vatican Radio" service_name="Vatican Radio" provider="" sid="501" onid="110" tsid="31" />
    <channel service_ref="1:0:1:0008:0002:ffff:0dc02b58:0:0:0:" name="Waad" service_name="Waad" provider="ViewMedia" sid="8" onid="65535" tsid="2" />
    <channel service_ref="1:0:1:0003:0002:ffff:0dc02b58:0:0:0:" name="YOUSAT" service_name="YOUSAT" provider="ViewMedia" sid="3" onid="65535" tsid="2" />
  </bouquet>
  <bouquet name="Radio" category="radio">
    <channel service_ref="1:0:10:065a:0320:5000:0dc00000:0:0:0:" name="Al aqsa voice" service_name="Al aqsa voice" provider="MY TV" sid="1626" onid="20480" tsid="800" />
    <channel service_ref="1:0:2:16a8:0320:5000:0dc00000:0:0:0:" name="AL-RABIAA IRAQ RADIO" service_name="AL-RABIAA IRAQ RADIO" provider="MY TV" sid="5800" onid="20480" tsid="800" />
    <channel service_ref="1:0:10:127b:002f:0800:0dc00000:0:0:0:" name="Dubai Radio" service_name="Dubai Radio" provider="" sid="4731" onid="2048" tsid="47" />
    <channel service_ref="1:0:10:127c:002f:0800:0dc00000:0:0:0:" name="EXPO2020 RADIO" service_name="EXPO2020 RADIO" provider="" sid="4732" onid="2048" tsid="47" />
    <channel service_ref="1:0:2:000b:7594:077e:0dc00000:0:0:0:" name="Kuwait Classical" service_name="Kuwait Classical" provider="Kuwait Radio" sid="11" onid="1918" tsid="30100" />
    <channel service_ref="1:0:2:000f:7594:077e:0dc00000:0:0:0:" name="Kuwait FM" service_name="Kuwait FM" provider="Kuwait Radio" sid="15" onid="1918" tsid="30100" />
    <channel service_ref="1:0:2:000c:7594:077e:0dc00000:0:0:0:" name="Kuwait Shaabyia" service_name="Kuwait Shaabyia" provider="Kuwait Radio" sid="12" onid="1918" tsid="30100" />
    <channel service_ref="1:0:2:000a:7594:077e:0dc00000:0:0:0:" name="Kuwait Super" service_name="Kuwait Super" provider="Kuwait Radio" sid="10" onid="1918" tsid="30100" />
    <channel service_ref="1:0:2:000e:7594:077e:0dc00000:0:0:0:" name="Kuwait_Radio_1" service_name="Kuwait_Radio_1" provider="Kuwait Radio" sid="14" onid="1918" tsid="30100" />
    <channel service_ref="1:0:10:127a:002f:0800:0dc00000:0:0:0:" name="Noor Dubai Radio" service_name="Noor Dubai Radio" provider="" sid="4730" onid="2048" tsid="47" />
    <channel service_ref="1:0:2:000d:7594:077e:0dc00000:0:0:0:" name="OFM" service_name="OFM" provider="Kuwait Radio" sid="13" onid="1918" tsid="30100" />
    <channel service_ref="1:0:2:019b:4ee8:077e:0dc00000:0:0:0:" name="Sout Al Rayyan" service_name="Sout Al Rayyan" provider="Al Jazeera" sid="411" onid="1918" tsid="20200" />
    <channel service_ref="1:0:2:019c:4ee8:077e:0dc00000:0:0:0:" name="Sout Al-Islam Doha" service_name="Sout Al-Islam Doha" provider="Al Jazeera" sid="412" onid="1918" tsid="20200" />
    <channel service_ref="1:0:2:1d2e:004a:0800:0dc00000:0:0:0:" name="Test" service_name="Test" provider="Nilesat" sid="7470" onid="2048" tsid="74" />
    <channel service_ref="1:0:2:1d2f:004a:0800:0dc00000:0:0:0:" name="Test" service_name="Test" provider="Nilesat" sid="7471" onid="2048" tsid="74" />
    <channel service_ref="1:0:2:1d30:004a:0800:0dc00000:0:0:0:" name="Test" service_name="Test" provider="Nilesat" sid="7472" onid="2048" tsid="74" />
    <channel service_ref="1:0:2:1d31:004a:0800:0dc00000:0:0:0:" name="Test" service_name="Test" provider="Nilesat" sid="7473" onid="2048" tsid="74" />
  </bouquet>
  <bouquet name="Radio - Music" category="radio">
    <channel service_ref="1:0:2:000f:7594:077e:0dc00000:0:0:0:" name="Kuwait FM" service_name="Kuwait FM" provider="Kuwait Radio" sid="15" onid="1918" tsid="30100" />
    <channel service_ref="1:0:2:000d:7594:077e:0dc00000:0:0:0:" name="OFM" service_name="OFM" provider="Kuwait Radio" sid="13" onid="1918" tsid="30100" />
  </bouquet>
</zapit>
