<?xml version='1.0' encoding='utf-8'?>
<zapit>
  <bouquet name="General" category="tv">
    <channel service_ref="1:0:25:0001:0001:ffff:0d3431ad:0:0:0:" name="Al Nabaa" service_name="Al Nabaa" provider="Unnamed" sid="1" onid="65535" tsid="1" />
    <channel service_ref="1:0:1:0001:0001:ffff:0d343182:0:0:0:" name="Algerie 3" service_name="Algerie 3" provider="TDA" sid="1" onid="65535" tsid="1" />
    <channel service_ref="1:0:1:0002:0001:ffff:0d343182:0:0:0:" name="Canal Algérie" service_name="Canal Algérie" provider="TDA" sid="2" onid="65535" tsid="1" />
    <channel service_ref="1:0:25:035a:0325:0007:0d340000:0:0:0:" name="Canal+ Cinéma HD" service_name="Canal+ Cinéma HD" provider="CanalSat" sid="858" onid="7" tsid="805" />
    <channel service_ref="1:0:25:0359:0325:0007:0d340000:0:0:0:" name="Canal+ HD" service_name="Canal+ HD" provider="CanalSat" sid="857" onid="7" tsid="805" />
    <channel service_ref="1:0:25:213a:0325:0007:0d340000:0:0:0:" name="Canal+ Sport" service_name="Canal+ Sport" provider="CanalSat" sid="8506" onid="7" tsid="805" />
    <channel service_ref="1:0:25:035b:0325:0007:0d340000:0:0:0:" name="Canal+ Sport HD" service_name="Canal+ Sport HD" provider="CanalSat" sid="859" onid="7" tsid="805" />
    <channel service_ref="1:0:25:085a:0325:0007:0d340000:0:0:0:" name="CANAL+." service_name="CANAL+." provider="CanalSat" sid="2138" onid="7" tsid="805" />
    <channel service_ref="1:0:25:085b:0325:0007:0d340000:0:0:0:" name="CANAL+.." service_name="CANAL+.." provider="CanalSat" sid="2139" onid="7" tsid="805" />
    <channel service_ref="1:0:1:00c9:012d:0001:0d342d2b:0:0:0:" name="CNN Newsource feed" service_name="CNN Newsource feed" provider="Feed" sid="201" onid="1" tsid="301" />
    <channel service_ref="1:0:1:0004:0001:ffff:0d343182:0:0:0:" name="ENTV" service_name="ENTV" provider="TDA" sid="4" onid="65535" tsid="1" />
    <channel service_ref="1:0:25:213c:0325:0007:0d340000:0:0:0:" name="NOUVEAU SAT" service_name="NOUVEAU SAT" provider="CanalSat" sid="8508" onid="7" tsid="805" />
    <channel service_ref="1:0:25:0001:0001:0001:0d342b78:0:0:0:" name="Reuters World News Service" service_name="Reuters World News Service" provider="Reuters" sid="1" onid="1" tsid="1" />
    <channel service_ref="1:0:1:0003:0001:ffff:0d343182:0:0:0:" name="TV 6" service_name="TV 6" provider="TDA" sid="3" onid="65535" tsid="1" />
    <channel service_ref="1:0:1:001a:0001:ffff:0d343182:0:0:0:" name="TV Coran" service_name="TV Coran" provider="TDA" sid="26" onid="65535" tsid="1" />
    <channel service_ref="1:0:1:001b:0001:ffff:0d343182:0:0:0:" name="TV Tamazight" service_name="TV Tamazight" provider="TDA" sid="27" onid="65535" tsid="1" />
  </bouquet>
  <bouquet name="News" category="tv">
    <channel service_ref="1:0:1:00c9:012d:0001:0d342d2b:0:0:0:" name="CNN Newsource feed" service_name="CNN Newsource feed" provider="Feed" sid="201" onid="1" tsid="301" />
    <channel service_ref="1:0:25:0001:0001:0001:0d342b78:0:0:0:" name="Reuters World News Service" service_name="Reuters World News Service" provider="Reuters" sid="1" onid="1" tsid="1" />
  </bouquet>
  <bouquet name="Sports" category="tv">
    <channel service_ref="1:0:25:213a:0325:0007:0d340000:0:0:0:" name="Canal+ Sport" service_name="Canal+ Sport" provider="CanalSat" sid="8506" onid="7" tsid="805" />
    <channel service_ref="1:0:25:035b:0325:0007:0d340000:0:0:0:" name="Canal+ Sport HD" service_name="Canal+ Sport HD" provider="CanalSat" sid="859" onid="7" tsid="805" />
  </bouquet>
  <bouquet name="RTL" category="tv">
    <channel service_ref="1:0:1:0004:0001:ffff:0d343182:0:0:0:" name="ENTV" service_name="ENTV" provider="TDA" sid="4" onid="65535" tsid="1" />
  </bouquet>
  <bouquet name="TF1" category="tv">
    <channel service_ref="1:0:1:0002:0001:ffff:0d343182:0:0:0:" name="Canal Algérie" service_name="Canal Algérie" provider="TDA" sid="2" onid="65535" tsid="1" />
    <channel service_ref="1:0:25:035a:0325:0007:0d340000:0:0:0:" name="Canal+ Cinéma HD" service_name="Canal+ Cinéma HD" provider="CanalSat" sid="858" onid="7" tsid="805" />
    <channel service_ref="1:0:25:0359:0325:0007:0d340000:0:0:0:" name="Canal+ HD" service_name="Canal+ HD" provider="CanalSat" sid="857" onid="7" tsid="805" />
    <channel service_ref="1:0:25:085a:0325:0007:0d340000:0:0:0:" name="CANAL+." service_name="CANAL+." provider="CanalSat" sid="2138" onid="7" tsid="805" />
    <channel service_ref="1:0:25:085b:0325:0007:0d340000:0:0:0:" name="CANAL+.." service_name="CANAL+.." provider="CanalSat" sid="2139" onid="7" tsid="805" />
    <channel service_ref="1:0:25:213c:0325:0007:0d340000:0:0:0:" name="NOUVEAU SAT" service_name="NOUVEAU SAT" provider="CanalSat" sid="8508" onid="7" tsid="805" />
  </bouquet>
  <bouquet name="Switzerland" category="tv">
    <channel service_ref="1:0:1:0001:0001:ffff:0d343182:0:0:0:" name="Algerie 3" service_name="Algerie 3" provider="TDA" sid="1" onid="65535" tsid="1" />
  </bouquet>
  <bouquet name="Resolution - HD" category="tv">
    <channel service_ref="1:0:25:035a:0325:0007:0d340000:0:0:0:" name="Canal+ Cinéma HD" service_name="Canal+ Cinéma HD" provider="CanalSat" sid="858" onid="7" tsid="805" />
    <channel service_ref="1:0:25:0359:0325:0007:0d340000:0:0:0:" name="Canal+ HD" service_name="Canal+ HD" provider="CanalSat" sid="857" onid="7" tsid="805" />
    <channel service_ref="1:0:25:035b:0325:0007:0d340000:0:0:0:" name="Canal+ Sport HD" service_name="Canal+ Sport HD" provider="CanalSat" sid="859" onid="7" tsid="805" />
  </bouquet>
  <bouquet name="Others" category="tv">
    <channel service_ref="1:0:25:0001:0001:ffff:0d3431ad:0:0:0:" name="Al Nabaa" service_name="Al Nabaa" provider="Unnamed" sid="1" onid="65535" tsid="1" />
    <channel service_ref="1:0:1:0003:0001:ffff:0d343182:0:0:0:" name="TV 6" service_name="TV 6" provider="TDA" sid="3" onid="65535" tsid="1" />
    <channel service_ref="1:0:1:001a:0001:ffff:0d343182:0:0:0:" name="TV Coran" service_name="TV Coran" provider="TDA" sid="26" onid="65535" tsid="1" />
    <channel service_ref="1:0:1:001b:0001:ffff:0d343182:0:0:0:" name="TV Tamazight" service_name="TV Tamazight" provider="TDA" sid="27" onid="65535" tsid="1" />
  </bouquet>
  <bouquet name="PayTV - Canal+ - FR - HD" category="tv">
    <channel service_ref="1:0:25:035a:0325:0007:0d340000:0:0:0:" name="Canal+ Cinéma HD" service_name="Canal+ Cinéma HD" provider="CanalSat" sid="858" onid="7" tsid="805" />
    <channel service_ref="1:0:25:0359:0325:0007:0d340000:0:0:0:" name="Canal+ HD" service_name="Canal+ HD" provider="CanalSat" sid="857" onid="7" tsid="805" />
    <channel service_ref="1:0:25:213a:0325:0007:0d340000:0:0:0:" name="Canal+ Sport" service_name="Canal+ Sport" provider="CanalSat" sid="8506" onid="7" tsid="805" />
    <channel service_ref="1:0:25:035b:0325:0007:0d340000:0:0:0:" name="Canal+ Sport HD" service_name="Canal+ Sport HD" provider="CanalSat" sid="859" onid="7" tsid="805" />
    <channel service_ref="1:0:25:085a:0325:0007:0d340000:0:0:0:" name="CANAL+." service_name="CANAL+." provider="CanalSat" sid="2138" onid="7" tsid="805" />
    <channel service_ref="1:0:25:085b:0325:0007:0d340000:0:0:0:" name="CANAL+.." service_name="CANAL+.." provider="CanalSat" sid="2139" onid="7" tsid="805" />
  </bouquet>
</zapit>
