<?xml version='1.0' encoding='utf-8'?>
<zapit api="4">
  <satellites>
    <satellite key="02ee0000:0001:1e61" name="Sat-75E" namespace="0x02ee0000" position="75">
      <transponder key="02ee0000:0001:1e61" frequency="11740000" symbol_rate="45000000" polarization="V" fec="2" system="0" modulation="0">
        <service id="0x050d" sid="1293" name="Eurosport 4K" type="31" provider="SAT" onid="7777" tsid="1" namespace="0x02ee0000" />
        <service id="0x050b" sid="1291" name="FTV UHD" type="31" provider="SAT" onid="7777" tsid="1" namespace="0x02ee0000" />
        <service id="0x050a" sid="1290" name="INSIGHT UHD" type="31" provider="SAT" onid="7777" tsid="1" namespace="0x02ee0000" />
        <service id="0x050c" sid="1292" name="Russian Extreme TV ULTRA HD CINEMA" type="31" provider="SAT" onid="7777" tsid="1" namespace="0x02ee0000" />
        <service id="0x029a" sid="666" name="Домашний (+2)" type="22" provider="SAT" onid="7777" tsid="1" namespace="0x02ee0000" />
        <service id="0x011b" sid="283" name="Домашний (+4)" type="22" provider="SAT" onid="7777" tsid="1" namespace="0x02ee0000" />
        <service id="0x029b" sid="667" name="Домашний (+7)" type="22" provider="SAT" onid="7777" tsid="1" namespace="0x02ee0000" />
        <service id="0x066a" sid="1642" name="Звезда (+2)" type="22" provider="SAT" onid="7777" tsid="1" namespace="0x02ee0000" />
        <service id="0x011c" sid="284" name="Звезда (+4)" type="22" provider="SAT" onid="7777" tsid="1" namespace="0x02ee0000" />
        <service id="0x066b" sid="1643" name="Звезда (+7)" type="22" provider="SAT" onid="7777" tsid="1" namespace="0x02ee0000" />
        <service id="0x011d" sid="285" name="Карусель (+3)" type="22" provider="SAT" onid="7777" tsid="1" namespace="0x02ee0000" />
        <service id="0x011e" sid="286" name="Карусель (+7)" type="22" provider="SAT" onid="7777" tsid="1" namespace="0x02ee0000" />
        <service id="0x0126" sid="294" name="Культура (+2)" type="22" provider="SAT" onid="7777" tsid="1" namespace="0x02ee0000" />
        <service id="0x0127" sid="295" name="Культура (+4)" type="22" provider="SAT" onid="7777" tsid="1" namespace="0x02ee0000" />
        <service id="0x0128" sid="296" name="Культура (+7)" type="22" provider="SAT" onid="7777" tsid="1" namespace="0x02ee0000" />
        <service id="0x066c" sid="1644" name="Мир (+2)" type="22" provider="SAT" onid="7777" tsid="1" namespace="0x02ee0000" />
        <service id="0x066d" sid="1645" name="Мир (+4)" type="22" provider="SAT" onid="7777" tsid="1" namespace="0x02ee0000" />
        <service id="0x066e" sid="1646" name="Мир (+7)" type="22" provider="SAT" onid="7777" tsid="1" namespace="0x02ee0000" />
        <service id="0x0120" sid="288" name="НТВ (+2)" type="22" provider="SAT" onid="7777" tsid="1" namespace="0x02ee0000" />
        <service id="0x0121" sid="289" name="НТВ (+4)" type="22" provider="SAT" onid="7777" tsid="1" namespace="0x02ee0000" />
        <service id="0x011f" sid="287" name="НТВ (+7)" type="22" provider="SAT" onid="7777" tsid="1" namespace="0x02ee0000" />
        <service id="0x064c" sid="1612" name="Первый канал (+2)" type="22" provider="SAT" onid="7777" tsid="1" namespace="0x02ee0000" />
        <service id="0x064a" sid="1610" name="Первый канал (+4)" type="22" provider="SAT" onid="7777" tsid="1" namespace="0x02ee0000" />
        <service id="0x064b" sid="1611" name="Первый канал (+6)" type="22" provider="SAT" onid="7777" tsid="1" namespace="0x02ee0000" />
        <service id="0x066f" sid="1647" name="Пятница! (+2)" type="22" provider="SAT" onid="7777" tsid="1" namespace="0x02ee0000" />
        <service id="0x028a" sid="650" name="Пятница! (+4)" type="22" provider="SAT" onid="7777" tsid="1" namespace="0x02ee0000" />
        <service id="0x029e" sid="670" name="Пятница! (+7)" type="22" provider="SAT" onid="7777" tsid="1" namespace="0x02ee0000" />
        <service id="0x0129" sid="297" name="Пятый канал (+2)" type="22" provider="SAT" onid="7777" tsid="1" namespace="0x02ee0000" />
        <service id="0x064f" sid="1615" name="Пятый канал (+4)" type="22" provider="SAT" onid="7777" tsid="1" namespace="0x02ee0000" />
        <service id="0x064e" sid="1614" name="Пятый канал (+7)" type="22" provider="SAT" onid="7777" tsid="1" namespace="0x02ee0000" />
        <service id="0x012b" sid="299" name="РЕН (+2)" type="22" provider="SAT" onid="7777" tsid="1" namespace="0x02ee0000" />
        <service id="0x028b" sid="651" name="РЕН (+4)" type="22" provider="SAT" onid="7777" tsid="1" namespace="0x02ee0000" />
        <service id="0x028c" sid="652" name="РЕН (+7)" type="22" provider="SAT" onid="7777" tsid="1" namespace="0x02ee0000" />
        <service id="0x028f" sid="655" name="Россия 1 (+2)" type="22" provider="SAT" onid="7777" tsid="1" namespace="0x02ee0000" />
        <service id="0x028d" sid="653" name="Россия 1 (+4)" type="22" provider="SAT" onid="7777" tsid="1" namespace="0x02ee0000" />
        <service id="0x028e" sid="654" name="Россия 1 (+6)" type="22" provider="SAT" onid="7777" tsid="1" namespace="0x02ee0000" />
        <service id="0x0122" sid="290" name="СТС (+2)" type="22" provider="SAT" onid="7777" tsid="1" namespace="0x02ee0000" />
        <service id="0x0123" sid="291" name="СТС (+4)" type="22" provider="SAT" onid="7777" tsid="1" namespace="0x02ee0000" />
        <service id="0x0124" sid="292" name="СТС (+7)" type="22" provider="SAT" onid="7777" tsid="1" namespace="0x02ee0000" />
        <service id="0x065b" sid="1627" name="ТВ Центр  (+7)" type="22" provider="SAT" onid="7777" tsid="1" namespace="0x02ee0000" />
        <service id="0x012a" sid="298" name="ТВ Центр (+2)" type="22" provider="SAT" onid="7777" tsid="1" namespace="0x02ee0000" />
        <service id="0x065a" sid="1626" name="ТВ Центр (+4)" type="22" provider="SAT" onid="7777" tsid="1" namespace="0x02ee0000" />
        <service id="0x029c" sid="668" name="ТВ-3 (+2)" type="22" provider="SAT" onid="7777" tsid="1" namespace="0x02ee0000" />
        <service id="0x0125" sid="293" name="ТВ-3 (+4)" type="22" provider="SAT" onid="7777" tsid="1" namespace="0x02ee0000" />
        <service id="0x029d" sid="669" name="ТВ-3 (+7)" type="22" provider="SAT" onid="7777" tsid="1" namespace="0x02ee0000" />
        <service id="0x065f" sid="1631" name="ТНТ (+2)" type="22" provider="SAT" onid="7777" tsid="1" namespace="0x02ee0000" />
        <service id="0x065c" sid="1628" name="ТНТ (+4)" type="22" provider="SAT" onid="7777" tsid="1" namespace="0x02ee0000" />
        <service id="0x065d" sid="1629" name="ТНТ (+7)" type="22" provider="SAT" onid="7777" tsid="1" namespace="0x02ee0000" />
      </transponder>
    </satellite>
    <satellite key="02ee0000:0001:003d" name="Sat-75E" namespace="0x02ee0000" position="75">
      <transponder key="02ee0000:0001:003d" frequency="12133000" symbol_rate="12684000" polarization="H" fec="7" system="0" modulation="0">
        <service id="0x02be" sid="702" name="Fox Action Movies" type="1" provider="" onid="61" tsid="1" namespace="0x02ee0000" />
        <service id="0x02bf" sid="703" name="Fox Family Movies" type="1" provider="" onid="61" tsid="1" namespace="0x02ee0000" />
        <service id="0x02bd" sid="701" name="FX" type="1" provider="" onid="61" tsid="1" namespace="0x02ee0000" />
      </transponder>
    </satellite>
    <satellite key="02ee0000:0002:1113" name="Sat-75E" namespace="0x02ee0000" position="75">
      <transponder key="02ee0000:0002:1113" frequency="11045000" symbol_rate="44922000" polarization="H" fec="4" system="0" modulation="0">
        <service id="0x0007" sid="7" name="Moskva 24" type="1" provider="" onid="4371" tsid="2" namespace="0x02ee0000" />
        <service id="0x0008" sid="8" name="Moskva Doverie" type="1" provider="" onid="4371" tsid="2" namespace="0x02ee0000" />
        <service id="0x0005" sid="5" name="Telekanal 360" type="1" provider="" onid="4371" tsid="2" namespace="0x02ee0000" />
        <service id="0x000a" sid="10" name="Travel+Adventure" type="1" provider="" onid="4371" tsid="2" namespace="0x02ee0000" />
        <service id="0x000f" sid="15" name="TV TOP SHOP" type="1" provider="" onid="4371" tsid="2" namespace="0x02ee0000" />
      </transponder>
    </satellite>
    <satellite key="02ee0000:0002:1e61" name="Sat-75E" namespace="0x02ee0000" position="75">
      <transponder key="02ee0000:0002:1e61" frequency="11800000" symbol_rate="45000000" polarization="V" fec="2" system="0" modulation="0">
        <service id="0x029a" sid="666" name="Домашний (+2)" type="22" provider="SAT" onid="7777" tsid="2" namespace="0x02ee0000" />
        <service id="0x011b" sid="283" name="Домашний (+4)" type="22" provider="SAT" onid="7777" tsid="2" namespace="0x02ee0000" />
        <service id="0x029b" sid="667" name="Домашний (+7)" type="22" provider="SAT" onid="7777" tsid="2" namespace="0x02ee0000" />
        <service id="0x066a" sid="1642" name="Звезда (+2)" type="22" provider="SAT" onid="7777" tsid="2" namespace="0x02ee0000" />
        <service id="0x011c" sid="284" name="Звезда (+4)" type="22" provider="SAT" onid="7777" tsid="2" namespace="0x02ee0000" />
        <service id="0x066b" sid="1643" name="Звезда (+7)" type="22" provider="SAT" onid="7777" tsid="2" namespace="0x02ee0000" />
        <service id="0x011d" sid="285" name="Карусель (+3)" type="22" provider="SAT" onid="7777" tsid="2" namespace="0x02ee0000" />
        <service id="0x011e" sid="286" name="Карусель (+7)" type="22" provider="SAT" onid="7777" tsid="2" namespace="0x02ee0000" />
        <service id="0x0126" sid="294" name="Культура (+2)" type="22" provider="SAT" onid="7777" tsid="2" namespace="0x02ee0000" />
        <service id="0x0127" sid="295" name="Культура (+4)" type="22" provider="SAT" onid="7777" tsid="2" namespace="0x02ee0000" />
        <service id="0x0128" sid="296" name="Культура (+7)" type="22" provider="SAT" onid="7777" tsid="2" namespace="0x02ee0000" />
        <service id="0x066c" sid="1644" name="Мир (+2)" type="22" provider="SAT" onid="7777" tsid="2" namespace="0x02ee0000" />
        <service id="0x066d" sid="1645" name="Мир (+4)" type="22" provider="SAT" onid="7777" tsid="2" namespace="0x02ee0000" />
        <service id="0x066e" sid="1646" name="Мир (+7)" type="22" provider="SAT" onid="7777" tsid="2" namespace="0x02ee0000" />
        <service id="0x0120" sid="288" name="НТВ (+2)" type="22" provider="SAT" onid="7777" tsid="2" namespace="0x02ee0000" />
        <service id="0x0121" sid="289" name="НТВ (+4)" type="22" provider="SAT" onid="7777" tsid="2" namespace="0x02ee0000" />
        <service id="0x011f" sid="287" name="НТВ (+7)" type="22" provider="SAT" onid="7777" tsid="2" namespace="0x02ee0000" />
        <service id="0x064c" sid="1612" name="Первый (+2)" type="22" provider="SAT" onid="7777" tsid="2" namespace="0x02ee0000" />
        <service id="0x064a" sid="1610" name="Первый (+4)" type="22" provider="SAT" onid="7777" tsid="2" namespace="0x02ee0000" />
        <service id="0x064b" sid="1611" name="Первый (+6)" type="22" provider="SAT" onid="7777" tsid="2" namespace="0x02ee0000" />
        <service id="0x066f" sid="1647" name="Пятница! (+2)" type="22" provider="SAT" onid="7777" tsid="2" namespace="0x02ee0000" />
        <service id="0x028a" sid="650" name="Пятница! (+4)" type="22" provider="SAT" onid="7777" tsid="2" namespace="0x02ee0000" />
        <service id="0x029e" sid="670" name="Пятница! (+7)" type="22" provider="SAT" onid="7777" tsid="2" namespace="0x02ee0000" />
        <service id="0x0129" sid="297" name="Пятый канал (+2)" type="22" provider="SAT" onid="7777" tsid="2" namespace="0x02ee0000" />
        <service id="0x064f" sid="1615" name="Пятый канал (+4)" type="22" provider="SAT" onid="7777" tsid="2" namespace="0x02ee0000" />
        <service id="0x064e" sid="1614" name="Пятый канал (+7)" type="22" provider="SAT" onid="7777" tsid="2" namespace="0x02ee0000" />
        <service id="0x012b" sid="299" name="РЕН (+2)" type="22" provider="SAT" onid="7777" tsid="2" namespace="0x02ee0000" />
        <service id="0x028b" sid="651" name="РЕН (+4)" type="22" provider="SAT" onid="7777" tsid="2" namespace="0x02ee0000" />
        <service id="0x028c" sid="652" name="РЕН (+7)" type="22" provider="SAT" onid="7777" tsid="2" namespace="0x02ee0000" />
        <service id="0x028f" sid="655" name="Россия 1 (+2)" type="22" provider="SAT" onid="7777" tsid="2" namespace="0x02ee0000" />
        <service id="0x028d" sid="653" name="Россия 1 (+4)" type="22" provider="SAT" onid="7777" tsid="2" namespace="0x02ee0000" />
        <service id="0x028e" sid="654" name="Россия 1 (+6)" type="22" provider="SAT" onid="7777" tsid="2" namespace="0x02ee0000" />
        <service id="0x0122" sid="290" name="СТС (+2)" type="22" provider="SAT" onid="7777" tsid="2" namespace="0x02ee0000" />
        <service id="0x0123" sid="291" name="СТС (+4)" type="22" provider="SAT" onid="7777" tsid="2" namespace="0x02ee0000" />
        <service id="0x0124" sid="292" name="СТС (+7)" type="22" provider="SAT" onid="7777" tsid="2" namespace="0x02ee0000" />
        <service id="0x065b" sid="1627" name="ТВ Центр  (+7)" type="22" provider="SAT" onid="7777" tsid="2" namespace="0x02ee0000" />
        <service id="0x012a" sid="298" name="ТВ Центр (+2)" type="22" provider="SAT" onid="7777" tsid="2" namespace="0x02ee0000" />
        <service id="0x065a" sid="1626" name="ТВ Центр (+4)" type="22" provider="SAT" onid="7777" tsid="2" namespace="0x02ee0000" />
        <service id="0x029c" sid="668" name="ТВ-3 (+2)" type="22" provider="SAT" onid="7777" tsid="2" namespace="0x02ee0000" />
        <service id="0x0125" sid="293" name="ТВ-3 (+4)" type="22" provider="SAT" onid="7777" tsid="2" namespace="0x02ee0000" />
        <service id="0x029d" sid="669" name="ТВ-3 (+7)" type="22" provider="SAT" onid="7777" tsid="2" namespace="0x02ee0000" />
        <service id="0x065f" sid="1631" name="ТНТ (+2)" type="22" provider="SAT" onid="7777" tsid="2" namespace="0x02ee0000" />
        <service id="0x065c" sid="1628" name="ТНТ (+4)" type="22" provider="SAT" onid="7777" tsid="2" namespace="0x02ee0000" />
        <service id="0x065d" sid="1629" name="ТНТ (+7)" type="22" provider="SAT" onid="7777" tsid="2" namespace="0x02ee0000" />
      </transponder>
    </satellite>
    <satellite key="02ee0000:0003:1113" name="Sat-75E" namespace="0x02ee0000" position="75">
      <transponder key="02ee0000:0003:1113" frequency="10985000" symbol_rate="35007000" polarization="H" fec="3" system="0" modulation="0">
        <service id="0x0001" sid="1" name="Bum TV" type="1" provider="" onid="4371" tsid="3" namespace="0x02ee0000" />
        <service id="0x000b" sid="11" name="E TV" type="1" provider="" onid="4371" tsid="3" namespace="0x02ee0000" />
        <service id="0x000e" sid="14" name="FAN HD" type="1" provider="" onid="4371" tsid="3" namespace="0x02ee0000" />
        <service id="0x000c" sid="12" name="MOTORSPORT" type="1" provider="" onid="4371" tsid="3" namespace="0x02ee0000" />
        <service id="0x000d" sid="13" name="MOTORSPORT HD" type="1" provider="" onid="4371" tsid="3" namespace="0x02ee0000" />
        <service id="0x0006" sid="6" name="NTV-Pravo" type="1" provider="" onid="4371" tsid="3" namespace="0x02ee0000" />
        <service id="0x0007" sid="7" name="NTV-Serial" type="1" provider="" onid="4371" tsid="3" namespace="0x02ee0000" />
        <service id="0x0005" sid="5" name="NTV-Style" type="1" provider="" onid="4371" tsid="3" namespace="0x02ee0000" />
        <service id="0x000f" sid="15" name="Pes i Ko" type="1" provider="" onid="4371" tsid="3" namespace="0x02ee0000" />
        <service id="0x0003" sid="3" name="Planeta HD" type="1" provider="" onid="4371" tsid="3" namespace="0x02ee0000" />
        <service id="0x0004" sid="4" name="Russkiy Roman HD" type="1" provider="" onid="4371" tsid="3" namespace="0x02ee0000" />
        <service id="0x0009" sid="9" name="Telekanal 360HD" type="1" provider="" onid="4371" tsid="3" namespace="0x02ee0000" />
        <service id="0x0002" sid="2" name="TLUM HD" type="1" provider="" onid="4371" tsid="3" namespace="0x02ee0000" />
        <service id="0x000a" sid="10" name="Travel+Adventure" type="1" provider="" onid="4371" tsid="3" namespace="0x02ee0000" />
        <service id="0x0008" sid="8" name="Travel+Adventure HD" type="1" provider="" onid="4371" tsid="3" namespace="0x02ee0000" />
      </transponder>
    </satellite>
    <satellite key="02ee0000:000b:1113" name="Sat-75E" namespace="0x02ee0000" position="75">
      <transponder key="02ee0000:000b:1113" frequency="11665000" symbol_rate="44922000" polarization="V" fec="4" system="0" modulation="0">
        <service id="0x000f" sid="15" name="Cinema" type="1" provider="" onid="4371" tsid="11" namespace="0x02ee0000" />
        <service id="0x000e" sid="14" name="Doctor" type="1" provider="" onid="4371" tsid="11" namespace="0x02ee0000" />
        <service id="0x0009" sid="9" name="ISTORIA" type="1" provider="" onid="4371" tsid="11" namespace="0x02ee0000" />
        <service id="0x0007" sid="7" name="KINO TV" type="1" provider="" onid="4371" tsid="11" namespace="0x02ee0000" />
        <service id="0x000b" sid="11" name="Mama" type="1" provider="" onid="4371" tsid="11" namespace="0x02ee0000" />
        <service id="0x000a" sid="10" name="Mult" type="1" provider="" onid="4371" tsid="11" namespace="0x02ee0000" />
        <service id="0x0006" sid="6" name="Mult&amp;Musik" type="1" provider="" onid="4371" tsid="11" namespace="0x02ee0000" />
        <service id="0x0001" sid="1" name="MY PLANET" type="1" provider="" onid="4371" tsid="11" namespace="0x02ee0000" />
        <service id="0x0002" sid="2" name="Nayka" type="1" provider="" onid="4371" tsid="11" namespace="0x02ee0000" />
        <service id="0x000d" sid="13" name="NST" type="1" provider="" onid="4371" tsid="11" namespace="0x02ee0000" />
        <service id="0x0004" sid="4" name="Rysskiy bestseller" type="1" provider="" onid="4371" tsid="11" namespace="0x02ee0000" />
        <service id="0x0003" sid="3" name="Rysskiy roman" type="1" provider="" onid="4371" tsid="11" namespace="0x02ee0000" />
        <service id="0x0005" sid="5" name="Sarafan" type="1" provider="" onid="4371" tsid="11" namespace="0x02ee0000" />
        <service id="0x000c" sid="12" name="Techno 24" type="1" provider="" onid="4371" tsid="11" namespace="0x02ee0000" />
        <service id="0x0008" sid="8" name="Zhivaja Planeta" type="1" provider="" onid="4371" tsid="11" namespace="0x02ee0000" />
      </transponder>
    </satellite>
    <satellite key="02ee0000:1000:0064" name="Sat-75E" namespace="0x02ee0000" position="75">
      <transponder key="02ee0000:1000:0064" frequency="11508000" symbol_rate="3100000" polarization="V" fec="5" system="0" modulation="0">
        <service id="0x06a4" sid="1700" name="MIR Service ABS-2" type="1" provider="MIR Teleport" onid="100" tsid="4096" namespace="0x02ee0000" />
      </transponder>
    </satellite>
  </satellites>
</zapit>
