<?xml version='1.0' encoding='utf-8'?>
<zapit>
  <bouquet name="General" category="tv">
    <channel service_ref="1:0:1:002d:0001:0001:02943139:0:0:0:" name="107.8" service_name="107.8" provider="CONNECTO.TV" sid="45" onid="1" tsid="1" />
    <channel service_ref="1:0:1:003d:0001:0001:02943139:0:0:0:" name="Avtoradio 0" service_name="Avtoradio 0" provider="CONNECTO.TV" sid="61" onid="1" tsid="1" />
    <channel service_ref="1:0:1:001c:0001:0001:02943139:0:0:0:" name="Avtoradio 2" service_name="Avtoradio 2" provider="CONNECTO.TV" sid="28" onid="1" tsid="1" />
    <channel service_ref="1:0:1:003e:0001:0001:02943139:0:0:0:" name="Avtoradio 4" service_name="Avtoradio 4" provider="CONNECTO.TV" sid="62" onid="1" tsid="1" />
    <channel service_ref="1:0:1:003f:0001:0001:02943139:0:0:0:" name="Avtoradio 7" service_name="Avtoradio 7" provider="CONNECTO.TV" sid="63" onid="1" tsid="1" />
    <channel service_ref="1:0:1:002c:0001:0001:02943139:0:0:0:" name="Avtoradio Piter" service_name="Avtoradio Piter" provider="CONNECTO.TV" sid="44" onid="1" tsid="1" />
    <channel service_ref="1:0:1:002f:0001:0001:02943139:0:0:0:" name="Business" service_name="Business" provider="CONNECTO.TV" sid="47" onid="1" tsid="1" />
    <channel service_ref="1:0:1:003c:0001:0001:02943139:0:0:0:" name="Energy_M2" service_name="Energy_M2" provider="CONNECTO.TV" sid="60" onid="1" tsid="1" />
    <channel service_ref="1:0:1:002e:0001:0001:02943139:0:0:0:" name="Energy_M4" service_name="Energy_M4" provider="CONNECTO.TV" sid="46" onid="1" tsid="1" />
    <channel service_ref="1:0:1:002b:0001:0001:02943139:0:0:0:" name="Humor 2" service_name="Humor 2" provider="CONNECTO.TV" sid="43" onid="1" tsid="1" />
    <channel service_ref="1:0:1:001d:0001:0001:02943139:0:0:0:" name="Humor 4" service_name="Humor 4" provider="CONNECTO.TV" sid="29" onid="1" tsid="1" />
    <channel service_ref="1:0:1:002a:0001:0001:02943139:0:0:0:" name="Humor 7" service_name="Humor 7" provider="CONNECTO.TV" sid="42" onid="1" tsid="1" />
    <channel service_ref="1:0:1:019f:0001:0001:02943139:0:0:0:" name="Radio Kniga" service_name="Radio Kniga" provider="CONNECTO.TV" sid="415" onid="1" tsid="1" />
  </bouquet>
  <bouquet name="Others" category="tv">
    <channel service_ref="1:0:1:002d:0001:0001:02943139:0:0:0:" name="107.8" service_name="107.8" provider="CONNECTO.TV" sid="45" onid="1" tsid="1" />
    <channel service_ref="1:0:1:003d:0001:0001:02943139:0:0:0:" name="Avtoradio 0" service_name="Avtoradio 0" provider="CONNECTO.TV" sid="61" onid="1" tsid="1" />
    <channel service_ref="1:0:1:001c:0001:0001:02943139:0:0:0:" name="Avtoradio 2" service_name="Avtoradio 2" provider="CONNECTO.TV" sid="28" onid="1" tsid="1" />
    <channel service_ref="1:0:1:003e:0001:0001:02943139:0:0:0:" name="Avtoradio 4" service_name="Avtoradio 4" provider="CONNECTO.TV" sid="62" onid="1" tsid="1" />
    <channel service_ref="1:0:1:003f:0001:0001:02943139:0:0:0:" name="Avtoradio 7" service_name="Avtoradio 7" provider="CONNECTO.TV" sid="63" onid="1" tsid="1" />
    <channel service_ref="1:0:1:002c:0001:0001:02943139:0:0:0:" name="Avtoradio Piter" service_name="Avtoradio Piter" provider="CONNECTO.TV" sid="44" onid="1" tsid="1" />
    <channel service_ref="1:0:1:002f:0001:0001:02943139:0:0:0:" name="Business" service_name="Business" provider="CONNECTO.TV" sid="47" onid="1" tsid="1" />
    <channel service_ref="1:0:1:003c:0001:0001:02943139:0:0:0:" name="Energy_M2" service_name="Energy_M2" provider="CONNECTO.TV" sid="60" onid="1" tsid="1" />
    <channel service_ref="1:0:1:002e:0001:0001:02943139:0:0:0:" name="Energy_M4" service_name="Energy_M4" provider="CONNECTO.TV" sid="46" onid="1" tsid="1" />
    <channel service_ref="1:0:1:002b:0001:0001:02943139:0:0:0:" name="Humor 2" service_name="Humor 2" provider="CONNECTO.TV" sid="43" onid="1" tsid="1" />
    <channel service_ref="1:0:1:001d:0001:0001:02943139:0:0:0:" name="Humor 4" service_name="Humor 4" provider="CONNECTO.TV" sid="29" onid="1" tsid="1" />
    <channel service_ref="1:0:1:002a:0001:0001:02943139:0:0:0:" name="Humor 7" service_name="Humor 7" provider="CONNECTO.TV" sid="42" onid="1" tsid="1" />
    <channel service_ref="1:0:1:019f:0001:0001:02943139:0:0:0:" name="Radio Kniga" service_name="Radio Kniga" provider="CONNECTO.TV" sid="415" onid="1" tsid="1" />
  </bouquet>
  <bouquet name="Radio" category="radio">
    <channel service_ref="1:0:2:0005:0001:0001:0294ab64:0:0:0:" name="GORRAN RADIO" service_name="GORRAN RADIO" provider="SKYMEDIA BROADCAST" sid="5" onid="1" tsid="1" />
    <channel service_ref="1:0:2:0008:0001:0001:0294ab64:0:0:0:" name="NAWA ARABIC" service_name="NAWA ARABIC" provider="SKYMEDIA BROADCAST" sid="8" onid="1" tsid="1" />
    <channel service_ref="1:0:2:0006:0001:0001:0294ab64:0:0:0:" name="NAWA KURDISH" service_name="NAWA KURDISH" provider="SKYMEDIA BROADCAST" sid="6" onid="1" tsid="1" />
    <channel service_ref="1:0:2:0007:0001:0001:0294ab64:0:0:0:" name="NAWA MUSIC" service_name="NAWA MUSIC" provider="SKYMEDIA BROADCAST" sid="7" onid="1" tsid="1" />
  </bouquet>
  <bouquet name="Radio - Music" category="radio">
    <channel service_ref="1:0:2:0007:0001:0001:0294ab64:0:0:0:" name="NAWA MUSIC" service_name="NAWA MUSIC" provider="SKYMEDIA BROADCAST" sid="7" onid="1" tsid="1" />
  </bouquet>
  <bouquet name="Radio - Regional" category="radio">
    <channel service_ref="1:0:2:0005:0001:0001:0294ab64:0:0:0:" name="GORRAN RADIO" service_name="GORRAN RADIO" provider="SKYMEDIA BROADCAST" sid="5" onid="1" tsid="1" />
    <channel service_ref="1:0:2:0008:0001:0001:0294ab64:0:0:0:" name="NAWA ARABIC" service_name="NAWA ARABIC" provider="SKYMEDIA BROADCAST" sid="8" onid="1" tsid="1" />
    <channel service_ref="1:0:2:0006:0001:0001:0294ab64:0:0:0:" name="NAWA KURDISH" service_name="NAWA KURDISH" provider="SKYMEDIA BROADCAST" sid="6" onid="1" tsid="1" />
    <channel service_ref="1:0:2:0007:0001:0001:0294ab64:0:0:0:" name="NAWA MUSIC" service_name="NAWA MUSIC" provider="SKYMEDIA BROADCAST" sid="7" onid="1" tsid="1" />
  </bouquet>
</zapit>
