{
  "api_version": 4,
  "bouquet_count": "501",
  "category": "sat",
  "deduplicated_services": "0",
  "display_name": "Sat-5W",
  "lamedb_version": "4",
  "last_seen": "unknown",
  "satellite_code": "S5W",
  "service_count": "14530",
  "source": "work/ingest/oe-alliance/vhannibal.motor.and.dtt.napoli/enigma2",
  "stale": "unknown",
  "stats": "{\"bouquet_count\": 48, \"cable_services\": 0, \"radio_services\": 2227, \"sat_services\": 14107, \"terrestrial_services\": 423, \"total_services\": 14530}",
  "thresholds": "{\"cable\": 20, \"sat\": 50, \"terrestrial\": 20}",
  "transponder_count": "1127"
}