<?xml version='1.0' encoding='utf-8'?>
<zapit api="4">
  <satellites>
    <satellite key="02120000:01f4:03e8" name="Sat-53E" namespace="0x02120000" position="53">
      <transponder key="02120000:01f4:03e8" frequency="12594000" symbol_rate="27500000" polarization="V" fec="2" system="0" modulation="0">
        <service id="0x0006" sid="6" name="Alternative Shorai TV" type="1" provider="MENASAT" onid="1000" tsid="500" namespace="0x02120000" />
        <service id="0x0007" sid="7" name="DW International" type="1" provider="MENASAT" onid="1000" tsid="500" namespace="0x02120000" />
        <service id="0x0005" sid="5" name="Rojhelat TV" type="25" provider="MENASAT" onid="1000" tsid="500" namespace="0x02120000" />
        <service id="0x0003" sid="3" name="Rudaw TV" type="25" provider="MENASAT" onid="1000" tsid="500" namespace="0x02120000" />
        <service id="0x0008" sid="8" name="TBS TV" type="1" provider="MENASAT" onid="1000" tsid="500" namespace="0x02120000" />
        <service id="0x0009" sid="9" name="TIGRAI TV" type="1" provider="MENASAT" onid="1000" tsid="500" namespace="0x02120000" />
        <service id="0x001c" sid="28" name="AFAQ" type="2" provider="MENASAT" onid="1000" tsid="500" namespace="0x02120000" radio="1" />
        <service id="0x0001" sid="1" name="R Radio" type="2" provider="MENASAT" onid="1000" tsid="500" namespace="0x02120000" radio="1" />
        <service id="0x001b" sid="27" name="SAM FM" type="2" provider="MENASAT" onid="1000" tsid="500" namespace="0x02120000" radio="1" />
        <service id="0x001d" sid="29" name="SWAT FM" type="2" provider="MENASAT" onid="1000" tsid="500" namespace="0x02120000" radio="1" />
        <service id="0x000a" sid="10" name="TIGRAI Radio" type="2" provider="MENASAT" onid="1000" tsid="500" namespace="0x02120000" radio="1" />
      </transponder>
    </satellite>
    <satellite key="02120000:1000:2000" name="Sat-53E" namespace="0x02120000" position="53">
      <transponder key="02120000:1000:2000" frequency="12683000" symbol_rate="1100000" polarization="V" fec="4" system="0" modulation="0">
        <service id="0x0001" sid="1" name="Allhthah TV" type="1" provider="Harmonic" onid="8192" tsid="4096" namespace="0x02120000" />
        <service id="0x0002" sid="2" name="Allahthah-FM" type="2" provider="Harmonic" onid="8192" tsid="4096" namespace="0x02120000" radio="1" />
      </transponder>
    </satellite>
    <satellite key="02122cc1:0001:0001" name="Sat-53E" namespace="0x02122cc1" position="53">
      <transponder key="02122cc1:0001:0001" frequency="11457000" symbol_rate="3462000" polarization="H" fec="3" system="0" modulation="0">
        <service id="0x0001" sid="1" name="NTV Mir" type="1" provider="RSCC" onid="1" tsid="1" namespace="0x02122cc1" />
        <service id="0x000f" sid="15" name="Radio CH54" type="2" provider="RSCC" onid="1" tsid="1" namespace="0x02122cc1" radio="1" />
        <service id="0x000a" sid="10" name="Radio CH55" type="2" provider="RSCC" onid="1" tsid="1" namespace="0x02122cc1" radio="1" />
        <service id="0x000b" sid="11" name="Radio CH56" type="2" provider="RSCC" onid="1" tsid="1" namespace="0x02122cc1" radio="1" />
        <service id="0x000c" sid="12" name="Radio CH57" type="2" provider="RSCC" onid="1" tsid="1" namespace="0x02122cc1" radio="1" />
        <service id="0x000d" sid="13" name="Radio CH58" type="2" provider="RSCC" onid="1" tsid="1" namespace="0x02122cc1" radio="1" />
        <service id="0x000e" sid="14" name="Radio CH59" type="2" provider="RSCC" onid="1" tsid="1" namespace="0x02122cc1" radio="1" />
      </transponder>
    </satellite>
    <satellite key="0212ab16:0002:0001" name="Sat-53E" namespace="0x0212ab16" position="53">
      <transponder key="0212ab16:0002:0001" frequency="11030000" symbol_rate="21495000" polarization="V" fec="1" system="0" modulation="0">
        <service id="0x0002" sid="2" name="International" type="1" provider="RSCC" onid="1" tsid="2" namespace="0x0212ab16" />
      </transponder>
    </satellite>
    <satellite key="0212b0e0:0001:0000" name="Sat-53E" namespace="0x0212b0e0" position="53">
      <transponder key="0212b0e0:0001:0000" frequency="12512000" symbol_rate="1815000" polarization="V" fec="4" system="0" modulation="0">
        <service id="0x0001" sid="1" name="khalij" type="1" provider="khalij" onid="0" tsid="1" namespace="0x0212b0e0" />
      </transponder>
    </satellite>
    <satellite key="0212b158:0001:ffff" name="Sat-53E" namespace="0x0212b158" position="53">
      <transponder key="0212b158:0001:ffff" frequency="12632000" symbol_rate="3000000" polarization="V" fec="3" system="0" modulation="0">
        <service id="0x0001" sid="1" name="AL Manar" type="1" provider="AL Manar" onid="65535" tsid="1" namespace="0x0212b158" />
      </transponder>
    </satellite>
    <satellite key="0212b15d:0000:0000" name="Sat-53E" namespace="0x0212b15d" position="53">
      <transponder key="0212b15d:0000:0000" frequency="12637000" symbol_rate="1836000" polarization="V" fec="3" system="0" modulation="0">
        <service id="0x0001" sid="1" name="YEMEN TV HD" type="1" provider="Harmonic" onid="0" tsid="0" namespace="0x0212b15d" />
      </transponder>
    </satellite>
    <satellite key="0212b16f:0001:0001" name="Sat-53E" namespace="0x0212b16f" position="53">
      <transponder key="0212b16f:0001:0001" frequency="12655000" symbol_rate="2500000" polarization="V" fec="3" system="0" modulation="0">
        <service id="0x0006" sid="6" name="SRV_06" type="1" provider="" onid="1" tsid="1" namespace="0x0212b16f" />
      </transponder>
    </satellite>
    <satellite key="0212b173:0001:0001" name="Sat-53E" namespace="0x0212b173" position="53">
      <transponder key="0212b173:0001:0001" frequency="12659000" symbol_rate="4080000" polarization="V" fec="3" system="0" modulation="0">
        <service id="0x000f" sid="15" name="MTV Lebanon HD" type="1" provider="Twofour54" onid="1" tsid="1" namespace="0x0212b173" />
      </transponder>
    </satellite>
    <satellite key="0212b187:0001:ffff" name="Sat-53E" namespace="0x0212b187" position="53">
      <transponder key="0212b187:0001:ffff" frequency="12679000" symbol_rate="1666000" polarization="V" fec="4" system="0" modulation="0">
        <service id="0x0001" sid="1" name="Rojava HD" type="1" provider="Service Provider" onid="65535" tsid="1" namespace="0x0212b187" />
      </transponder>
    </satellite>
  </satellites>
</zapit>
