<?xml version='1.0' encoding='utf-8'?>
<zapit api="4">
  <terrestrials>
    <terrestrial key="eeee0000:2023:217c" name="Telestar" namespace="0xeeee0000">
      <transponder key="eeee0000:2023:217c" frequency="666000000" symbol_rate="0" polarization="H" fec="5" system="0" modulation="4">
        <service id="0x051b" sid="1307" name="Auto Del Giorno" type="1" provider="Auto Del Giorno" onid="8572" tsid="8227" namespace="0xeeee0000" />
        <service id="0xaa53" sid="43603" name="Auto del_Giorno" type="1" provider="Telestar" onid="8572" tsid="8227" namespace="0xeeee0000" />
        <service id="0xb41b" sid="46107" name="CANALE 227" type="1" provider="CANALE 227" onid="8572" tsid="8227" namespace="0xeeee0000" />
        <service id="0x0008" sid="8" name="Italia 8 Canale 78" type="1" provider="Italia 8 Canale 78" onid="8572" tsid="8227" namespace="0xeeee0000" />
        <service id="0xb416" sid="46102" name="Italia 8 Canale__78" type="1" provider="Telecity" onid="8572" tsid="8227" namespace="0xeeee0000" />
        <service id="0xb03a" sid="45114" name="PRIMANTENNA" type="1" provider="PRIMANTENNA" onid="8572" tsid="8227" namespace="0xeeee0000" />
        <service id="0xa92c" sid="43308" name="PRIMANTENNA_" type="1" provider="PRIMANTENNA" onid="8572" tsid="8227" namespace="0xeeee0000" />
        <service id="0x001a" sid="26" name="SUPERTV 92" type="1" provider="SUPERTV 92" onid="8572" tsid="8227" namespace="0xeeee0000" />
        <service id="0x001b" sid="27" name="SUPERTV_92" type="1" provider="SUPERTV_92" onid="8572" tsid="8227" namespace="0xeeee0000" />
        <service id="0xb076" sid="45174" name="SVI 74" type="1" provider="SVI 74" onid="8572" tsid="8227" namespace="0xeeee0000" />
        <service id="0xa861" sid="43105" name="Telecity 2" type="1" provider="Telecity 2" onid="8572" tsid="8227" namespace="0xeeee0000" />
        <service id="0xb417" sid="46103" name="Telecity 7Gold HD" type="1" provider="Telecity" onid="8572" tsid="8227" namespace="0xeeee0000" />
        <service id="0x012d" sid="301" name="TELECITY Lombardia" type="1" provider="Telecity" onid="8572" tsid="8227" namespace="0xeeee0000" />
        <service id="0x04ab" sid="1195" name="Telecity MI" type="1" provider="TELESTAR" onid="8572" tsid="8227" namespace="0xeeee0000" />
        <service id="0xa860" sid="43104" name="Telecity MI HD" type="1" provider="Telestar" onid="8572" tsid="8227" namespace="0xeeee0000" />
        <service id="0xa92a" sid="43306" name="Telecity_2" type="1" provider="Telestar" onid="8572" tsid="8227" namespace="0xeeee0000" />
        <service id="0xa92b" sid="43307" name="Telecity__2" type="1" provider="Telestar" onid="8572" tsid="8227" namespace="0xeeee0000" />
        <service id="0x045a" sid="1114" name="TELESTAR" type="1" provider="Telestar" onid="8572" tsid="8227" namespace="0xeeee0000" />
        <service id="0x000b" sid="11" name="Telestar Canale 77" type="1" provider="Telestar Canale 77" onid="8572" tsid="8227" namespace="0xeeee0000" />
        <service id="0xb418" sid="46104" name="Telestar Canale 77 HD" type="1" provider="Telecity" onid="8572" tsid="8227" namespace="0xeeee0000" />
        <service id="0xa868" sid="43112" name="TRS 2" type="1" provider="Telestar" onid="8572" tsid="8227" namespace="0xeeee0000" />
      </transponder>
    </terrestrial>
  </terrestrials>
</zapit>
