<?xml version='1.0' encoding='utf-8'?>
<zapit api="4">
  <terrestrials>
    <terrestrial key="eeee0000:80e4:217c" name="AjV---Ottcast" namespace="0xeeee0000">
      <transponder key="eeee0000:80e4:217c" frequency="578000000" symbol_rate="0" polarization="H" fec="5" system="0" modulation="4">
        <service id="0x0001" sid="1" name="CalcioNapoli 24" type="22" provider="AjV - Ottcast" onid="8572" tsid="32996" namespace="0xeeee0000" />
        <service id="0x0004" sid="4" name="Campi Flegrei" type="1" provider="AjV - Ottcast" onid="8572" tsid="32996" namespace="0xeeee0000" />
        <service id="0x000e" sid="14" name="Canale 95 event" type="1" provider="AjV - Ottcast" onid="8572" tsid="32996" namespace="0xeeee0000" />
        <service id="0x0006" sid="6" name="Eduardo" type="22" provider="" onid="8572" tsid="32996" namespace="0xeeee0000" />
        <service id="0x000c" sid="12" name="Nuvola TV" type="22" provider="NuvolaTv" onid="8572" tsid="32996" namespace="0xeeee0000" />
        <service id="0x000b" sid="11" name="PARTENOPE TV" type="1" provider="In Aria!" onid="8572" tsid="32996" namespace="0xeeee0000" />
        <service id="0x000a" sid="10" name="RADIO CRC TV" type="25" provider="AjV-Ottcast" onid="8572" tsid="32996" namespace="0xeeee0000" />
        <service id="0x0002" sid="2" name="TELEISCHIA" type="1" provider="CANALE 8" onid="8572" tsid="32996" namespace="0xeeee0000" />
      </transponder>
    </terrestrial>
  </terrestrials>
</zapit>
