{
  "api_version": 4,
  "bouquet_count": "243",
  "category": "sat",
  "deduplicated_services": "0",
  "display_name": "Sat-54.9E",
  "lamedb_version": "4",
  "last_seen": "unknown",
  "satellite_code": "S54.9E",
  "service_count": "12969",
  "source": "work/ingest/oe-alliance/vhannibal.motor.and.dtt.campania/enigma2",
  "stale": "unknown",
  "stats": "{\"bouquet_count\": 48, \"cable_services\": 0, \"radio_services\": 2009, \"sat_services\": 12661, \"terrestrial_services\": 308, \"total_services\": 12969}",
  "thresholds": "{\"cable\": 20, \"sat\": 50, \"terrestrial\": 20}",
  "transponder_count": "974"
}