<?xml version='1.0' encoding='utf-8'?>
<zapit api="4">
  <satellites>
    <satellite key="03200000:0014:1113" name="Sat-80E" namespace="0x03200000" position="80">
      <transponder key="03200000:0014:1113" frequency="11169000" symbol_rate="35007000" polarization="V" fec="3" system="0" modulation="0">
        <service id="0x001b" sid="27" name="360 Novosti" type="1" provider="Harmonic" onid="4371" tsid="20" namespace="0x03200000" />
        <service id="0x0005" sid="5" name="BABY TIME" type="1" provider="Harmonic" onid="4371" tsid="20" namespace="0x03200000" />
        <service id="0x000f" sid="15" name="BRIDGE" type="1" provider="Harmonic" onid="4371" tsid="20" namespace="0x03200000" />
        <service id="0x001d" sid="29" name="BRIDGE CLASSIC" type="1" provider="Harmonic" onid="4371" tsid="20" namespace="0x03200000" />
        <service id="0x0011" sid="17" name="BRIDGE DELUXE" type="1" provider="Harmonic" onid="4371" tsid="20" namespace="0x03200000" />
        <service id="0x0012" sid="18" name="BRIDGE ETHNO" type="1" provider="Harmonic" onid="4371" tsid="20" namespace="0x03200000" />
        <service id="0x000e" sid="14" name="BRIDGE FRESH" type="1" provider="Harmonic" onid="4371" tsid="20" namespace="0x03200000" />
        <service id="0x001c" sid="28" name="BRIDGE HITS" type="1" provider="Harmonic" onid="4371" tsid="20" namespace="0x03200000" />
        <service id="0x001f" sid="31" name="BRIDGE ROCK" type="1" provider="Harmonic" onid="4371" tsid="20" namespace="0x03200000" />
        <service id="0x0010" sid="16" name="BRIDGE Russkiy Hit" type="1" provider="Harmonic" onid="4371" tsid="20" namespace="0x03200000" />
        <service id="0x001e" sid="30" name="BRIDGE SHLYAGER" type="1" provider="Harmonic" onid="4371" tsid="20" namespace="0x03200000" />
        <service id="0x0007" sid="7" name="LUXURY" type="1" provider="Harmonic" onid="4371" tsid="20" namespace="0x03200000" />
        <service id="0x0008" sid="8" name="NANO" type="1" provider="Harmonic" onid="4371" tsid="20" namespace="0x03200000" />
        <service id="0x0001" sid="1" name="NTV Kazakstan" type="1" provider="Harmonic" onid="4371" tsid="20" namespace="0x03200000" />
        <service id="0x0009" sid="9" name="RBC TV CHANNEL" type="1" provider="Harmonic" onid="4371" tsid="20" namespace="0x03200000" />
        <service id="0x0003" sid="3" name="RT DOC HD" type="1" provider="Harmonic" onid="4371" tsid="20" namespace="0x03200000" />
        <service id="0x0002" sid="2" name="RT Region SD" type="1" provider="Harmonic" onid="4371" tsid="20" namespace="0x03200000" />
        <service id="0x001a" sid="26" name="Telekanal 360" type="1" provider="Harmonic" onid="4371" tsid="20" namespace="0x03200000" />
        <service id="0x0006" sid="6" name="Torre Ricca" type="1" provider="Harmonic" onid="4371" tsid="20" namespace="0x03200000" />
        <service id="0x0004" sid="4" name="VKUS" type="1" provider="Harmonic" onid="4371" tsid="20" namespace="0x03200000" />
      </transponder>
    </satellite>
    <satellite key="03200000:0065:0001" name="Sat-80E" namespace="0x03200000" position="80">
      <transponder key="03200000:0065:0001" frequency="11544000" symbol_rate="45000000" polarization="V" fec="2" system="0" modulation="0">
        <service id="0x002e" sid="46" name="Da Vinci" type="1" provider="Orion Express" onid="1" tsid="101" namespace="0x03200000" />
        <service id="0x006f" sid="111" name="LEOMAX24" type="1" provider="Orion Express" onid="1" tsid="101" namespace="0x03200000" />
        <service id="0x004a" sid="74" name="viju Explore" type="1" provider="Orion Express" onid="1" tsid="101" namespace="0x03200000" />
        <service id="0x004b" sid="75" name="viju History" type="1" provider="Orion Express" onid="1" tsid="101" namespace="0x03200000" />
        <service id="0x004c" sid="76" name="viju Nature" type="1" provider="Orion Express" onid="1" tsid="101" namespace="0x03200000" />
        <service id="0x0031" sid="49" name="viju TV1000" type="1" provider="Orion Express" onid="1" tsid="101" namespace="0x03200000" />
        <service id="0x0030" sid="48" name="viju TV1000 action" type="1" provider="Orion Express" onid="1" tsid="101" namespace="0x03200000" />
        <service id="0x007a" sid="122" name="viju TV1000 новелла" type="1" provider="Orion Express" onid="1" tsid="101" namespace="0x03200000" />
        <service id="0x002f" sid="47" name="viju TV1000 русское" type="1" provider="Orion Express" onid="1" tsid="101" namespace="0x03200000" />
        <service id="0x004d" sid="77" name="viju+ Sport" type="1" provider="Orion Express" onid="1" tsid="101" namespace="0x03200000" />
        <service id="0x006d" sid="109" name="Звезда" type="1" provider="Orion Express" onid="1" tsid="101" namespace="0x03200000" />
        <service id="0x0029" sid="41" name="Инфоканал Телекарта" type="1" provider="Orion Express" onid="1" tsid="101" namespace="0x03200000" />
        <service id="0x006a" sid="106" name="Карусель" type="1" provider="Orion Express" onid="1" tsid="101" namespace="0x03200000" />
        <service id="0x002c" sid="44" name="Матч ТВ" type="1" provider="Orion Express" onid="1" tsid="101" namespace="0x03200000" />
        <service id="0x002d" sid="45" name="НТВ" type="1" provider="Orion Express" onid="1" tsid="101" namespace="0x03200000" />
        <service id="0x002a" sid="42" name="Первый канал" type="1" provider="Orion Express" onid="1" tsid="101" namespace="0x03200000" />
        <service id="0x004e" sid="78" name="Петербург 5 канал" type="1" provider="Orion Express" onid="1" tsid="101" namespace="0x03200000" />
        <service id="0x006b" sid="107" name="РЕН" type="1" provider="Orion Express" onid="1" tsid="101" namespace="0x03200000" />
        <service id="0x002b" sid="43" name="Россия 1" type="1" provider="Orion Express" onid="1" tsid="101" namespace="0x03200000" />
        <service id="0x006c" sid="108" name="СТС" type="1" provider="Orion Express" onid="1" tsid="101" namespace="0x03200000" />
        <service id="0x004f" sid="79" name="Суббота" type="1" provider="Orion Express" onid="1" tsid="101" namespace="0x03200000" />
        <service id="0x006e" sid="110" name="ТНТ" type="1" provider="Orion Express" onid="1" tsid="101" namespace="0x03200000" />
        <service id="0x00bf" sid="191" name="DFM" type="2" provider="Orion Express" onid="1" tsid="101" namespace="0x03200000" radio="1" />
        <service id="0x00c1" sid="193" name="Русское Радио" type="2" provider="Orion Express" onid="1" tsid="101" namespace="0x03200000" radio="1" />
        <service id="0x00c0" sid="192" name="Хит-FM" type="2" provider="Orion Express" onid="1" tsid="101" namespace="0x03200000" radio="1" />
      </transponder>
    </satellite>
    <satellite key="03200000:0066:0001" name="Sat-80E" namespace="0x03200000" position="80">
      <transponder key="03200000:0066:0001" frequency="10981000" symbol_rate="44950000" polarization="V" fec="2" system="0" modulation="0">
        <service id="0x00d7" sid="215" name=".Black" type="1" provider="Orion Epress" onid="1" tsid="102" namespace="0x03200000" />
        <service id="0x00d5" sid="213" name=".Red" type="1" provider="Orion Epress" onid="1" tsid="102" namespace="0x03200000" />
        <service id="0x00d6" sid="214" name=".Sci-Fi" type="1" provider="Orion Epress" onid="1" tsid="102" namespace="0x03200000" />
        <service id="0x00cc" sid="204" name="8 Канал" type="1" provider="Orion Epress" onid="1" tsid="102" namespace="0x03200000" />
        <service id="0x00cd" sid="205" name="Shopping Live" type="1" provider="Orion Express" onid="1" tsid="102" namespace="0x03200000" />
        <service id="0x00d8" sid="216" name="Витрина ТВ" type="1" provider="Orion Epress" onid="1" tsid="102" namespace="0x03200000" />
        <service id="0x00d1" sid="209" name="Домашний" type="1" provider="Orion Epress" onid="1" tsid="102" namespace="0x03200000" />
        <service id="0x00d4" sid="212" name="Матч! Премьер" type="1" provider="Orion Epress" onid="1" tsid="102" namespace="0x03200000" />
        <service id="0x00dc" sid="220" name="Мир 24" type="1" provider="Orion Epress" onid="1" tsid="102" namespace="0x03200000" />
        <service id="0x00d3" sid="211" name="МУЗ ТВ" type="1" provider="Orion Epress" onid="1" tsid="102" namespace="0x03200000" />
        <service id="0x00d9" sid="217" name="Первый канал (+2)" type="1" provider="Orion Epress" onid="1" tsid="102" namespace="0x03200000" />
        <service id="0x00da" sid="218" name="Россия 1 (+2)" type="1" provider="Orion Epress" onid="1" tsid="102" namespace="0x03200000" />
        <service id="0x00d0" sid="208" name="Россия 24" type="1" provider="Orion Epress" onid="1" tsid="102" namespace="0x03200000" />
        <service id="0x00c9" sid="201" name="Солнце" type="1" provider="Orion Epress" onid="1" tsid="102" namespace="0x03200000" />
        <service id="0x00ca" sid="202" name="Союз" type="1" provider="Orion Epress" onid="1" tsid="102" namespace="0x03200000" />
        <service id="0x00d2" sid="210" name="СТС Love" type="1" provider="Orion Epress" onid="1" tsid="102" namespace="0x03200000" />
        <service id="0x00db" sid="219" name="ТВ-3" type="1" provider="Orion Epress" onid="1" tsid="102" namespace="0x03200000" />
        <service id="0x00de" sid="222" name="Телеканал 2x2" type="1" provider="Orion Epress" onid="1" tsid="102" namespace="0x03200000" />
        <service id="0x00cf" sid="207" name="ТНТ Music" type="1" provider="Orion Epress" onid="1" tsid="102" namespace="0x03200000" />
        <service id="0x00dd" sid="221" name="ТНТ4" type="1" provider="Orion Epress" onid="1" tsid="102" namespace="0x03200000" />
        <service id="0x00ce" sid="206" name="Ю ТВ" type="1" provider="Orion Epress" onid="1" tsid="102" namespace="0x03200000" />
        <service id="0x00cb" sid="203" name="Ювелирочка" type="1" provider="Orion Epress" onid="1" tsid="102" namespace="0x03200000" />
        <service id="0x007b" sid="123" name="Europa Plus (+2)" type="2" provider="Orion Express" onid="1" tsid="102" namespace="0x03200000" radio="1" />
        <service id="0x007c" sid="124" name="Europa Plus (+4)" type="2" provider="Orion Express" onid="1" tsid="102" namespace="0x03200000" radio="1" />
        <service id="0x007d" sid="125" name="Retro FM (+2)" type="2" provider="Orion Express" onid="1" tsid="102" namespace="0x03200000" radio="1" />
        <service id="0x007e" sid="126" name="Retro FM (+4)" type="2" provider="Orion Express" onid="1" tsid="102" namespace="0x03200000" radio="1" />
        <service id="0x0050" sid="80" name="Радио Максимум" type="2" provider="Orion Epress" onid="1" tsid="102" namespace="0x03200000" radio="1" />
        <service id="0x0051" sid="81" name="Радио Шансон" type="2" provider="Orion Epress" onid="1" tsid="102" namespace="0x03200000" radio="1" />
        <service id="0x007f" sid="127" name="Русское Радио (+2)" type="2" provider="Orion Epress" onid="1" tsid="102" namespace="0x03200000" radio="1" />
      </transponder>
    </satellite>
    <satellite key="03200000:00c9:0001" name="Sat-80E" namespace="0x03200000" position="80">
      <transponder key="03200000:00c9:0001" frequency="11606000" symbol_rate="45000000" polarization="V" fec="8" system="0" modulation="0">
        <service id="0x0052" sid="82" name="Amedia Hit HD" type="1" provider="Orion Express" onid="1" tsid="201" namespace="0x03200000" />
        <service id="0x0056" sid="86" name="RTG HD" type="1" provider="Orion Express" onid="1" tsid="201" namespace="0x03200000" />
        <service id="0x013a" sid="314" name="viju TV1000 romantica" type="1" provider="Orion Express" onid="1" tsid="201" namespace="0x03200000" />
        <service id="0x012f" sid="303" name="viju+ Comedy" type="1" provider="Orion Express" onid="1" tsid="201" namespace="0x03200000" />
        <service id="0x012e" sid="302" name="viju+ Megahit" type="1" provider="Orion Express" onid="1" tsid="201" namespace="0x03200000" />
        <service id="0x0059" sid="89" name="viju+ Planet" type="1" provider="Orion Express" onid="1" tsid="201" namespace="0x03200000" />
        <service id="0x012d" sid="301" name="viju+ Premiere" type="1" provider="Orion Express" onid="1" tsid="201" namespace="0x03200000" />
        <service id="0x008a" sid="138" name="viju+ Serial" type="1" provider="Orion Express" onid="1" tsid="201" namespace="0x03200000" />
        <service id="0x0054" sid="84" name="Глазами Туриста HD" type="1" provider="Orion Epress" onid="1" tsid="201" namespace="0x03200000" />
        <service id="0x008b" sid="139" name="Енисей HD" type="1" provider="Orion Epress" onid="1" tsid="201" namespace="0x03200000" />
        <service id="0x0055" sid="85" name="Живая Природа HD" type="1" provider="Orion Epress" onid="1" tsid="201" namespace="0x03200000" />
        <service id="0x0058" sid="88" name="Кино ТВ HD" type="1" provider="Orion Epress" onid="1" tsid="201" namespace="0x03200000" />
        <service id="0x0057" sid="87" name="КИНОМИКС HD" type="1" provider="Orion Epress" onid="1" tsid="201" namespace="0x03200000" />
        <service id="0x0053" sid="83" name="Мульт HD" type="1" provider="Orion Epress" onid="1" tsid="201" namespace="0x03200000" />
      </transponder>
    </satellite>
    <satellite key="03200000:00ca:0001" name="Sat-80E" namespace="0x03200000" position="80">
      <transponder key="03200000:00ca:0001" frequency="11606000" symbol_rate="45000000" polarization="H" fec="8" system="0" modulation="0">
        <service id="0x01a5" sid="421" name="Brazzers TV Europe" type="1" provider="Orion Express" onid="1" tsid="202" namespace="0x03200000" />
        <service id="0x01a2" sid="418" name="BRIDGE TV Русский Хит" type="1" provider="Orion Express" onid="1" tsid="202" namespace="0x03200000" />
        <service id="0x019d" sid="413" name="Extreme" type="1" provider="Orion Express" onid="1" tsid="202" namespace="0x03200000" />
        <service id="0x01a0" sid="416" name="O2TV" type="1" provider="Orion Express" onid="1" tsid="202" namespace="0x03200000" />
        <service id="0x00c6" sid="198" name="Plan B HD" type="1" provider="Orion Express" onid="1" tsid="202" namespace="0x03200000" />
        <service id="0x01a3" sid="419" name="Волга" type="1" provider="Orion Express" onid="1" tsid="202" namespace="0x03200000" />
        <service id="0x01a4" sid="420" name="Диалоги о рыбалке" type="1" provider="Orion Express" onid="1" tsid="202" namespace="0x03200000" />
        <service id="0x00c5" sid="197" name="Дикая охота HD" type="1" provider="Orion Express" onid="1" tsid="202" namespace="0x03200000" />
        <service id="0x00c4" sid="196" name="Дикая рыбалка HD" type="1" provider="Orion Express" onid="1" tsid="202" namespace="0x03200000" />
        <service id="0x01aa" sid="426" name="Еврокино" type="1" provider="Orion Express" onid="1" tsid="202" namespace="0x03200000" />
        <service id="0x00bf" sid="191" name="Лёва HD" type="1" provider="Orion Express" onid="1" tsid="202" namespace="0x03200000" />
        <service id="0x00c0" sid="192" name="Наше новое кино" type="1" provider="Orion Express" onid="1" tsid="202" namespace="0x03200000" />
        <service id="0x01a9" sid="425" name="НСК 49 (Новосибирск)" type="1" provider="Orion Express" onid="1" tsid="202" namespace="0x03200000" />
        <service id="0x019c" sid="412" name="НТВ (+7)" type="1" provider="Orion Express" onid="1" tsid="202" namespace="0x03200000" />
        <service id="0x00c7" sid="199" name="НТВ HD" type="1" provider="Orion Express" onid="1" tsid="202" namespace="0x03200000" />
        <service id="0x00c2" sid="194" name="НТВ Право" type="1" provider="Orion Express" onid="1" tsid="202" namespace="0x03200000" />
        <service id="0x00c3" sid="195" name="НТВ Сериал" type="1" provider="Orion Express" onid="1" tsid="202" namespace="0x03200000" />
        <service id="0x00c1" sid="193" name="НТВ Стиль" type="1" provider="Orion Express" onid="1" tsid="202" namespace="0x03200000" />
        <service id="0x01a1" sid="417" name="ОТВ (Екатеринбург)" type="1" provider="Orion Express" onid="1" tsid="202" namespace="0x03200000" />
        <service id="0x01a6" sid="422" name="Первый Вегетарианский" type="1" provider="Orion Express" onid="1" tsid="202" namespace="0x03200000" />
        <service id="0x01a8" sid="424" name="Русский иллюзион" type="1" provider="Orion Express" onid="1" tsid="202" namespace="0x03200000" />
        <service id="0x019f" sid="415" name="Совершенно секретно" type="1" provider="Orion Express" onid="1" tsid="202" namespace="0x03200000" />
        <service id="0x01a7" sid="423" name="СТС Kids" type="1" provider="Orion Express" onid="1" tsid="202" namespace="0x03200000" />
        <service id="0x019a" sid="410" name="ТНТ HD" type="1" provider="Orion Express" onid="1" tsid="202" namespace="0x03200000" />
        <service id="0x019b" sid="411" name="Футбол" type="1" provider="Orion Express" onid="1" tsid="202" namespace="0x03200000" />
        <service id="0x01ec" sid="492" name="Вести ФМ" type="2" provider="Orion Express" onid="1" tsid="202" namespace="0x03200000" radio="1" />
        <service id="0x01ee" sid="494" name="Омское радио" type="2" provider="Orion Express" onid="1" tsid="202" namespace="0x03200000" radio="1" />
        <service id="0x01ef" sid="495" name="Радио Вера" type="2" provider="Orion Express" onid="1" tsid="202" namespace="0x03200000" radio="1" />
        <service id="0x01ed" sid="493" name="Радио Маяк" type="2" provider="Orion Express" onid="1" tsid="202" namespace="0x03200000" radio="1" />
        <service id="0x01eb" sid="491" name="Радио России" type="2" provider="Orion Express" onid="1" tsid="202" namespace="0x03200000" radio="1" />
      </transponder>
    </satellite>
    <satellite key="03200000:00cb:0001" name="Sat-80E" namespace="0x03200000" position="80">
      <transponder key="03200000:00cb:0001" frequency="11481000" symbol_rate="45000000" polarization="H" fec="8" system="0" modulation="0">
        <service id="0x00ce" sid="206" name="DocuBox" type="1" provider="Orion Express" onid="1" tsid="203" namespace="0x03200000" />
        <service id="0x00cf" sid="207" name="Erox" type="1" provider="Orion Express" onid="1" tsid="203" namespace="0x03200000" />
        <service id="0x00d0" sid="208" name="FashionBox" type="1" provider="Orion Express" onid="1" tsid="203" namespace="0x03200000" />
        <service id="0x00d1" sid="209" name="FastnfunBox" type="1" provider="Orion Express" onid="1" tsid="203" namespace="0x03200000" />
        <service id="0x020a" sid="522" name="FightBox" type="1" provider="Orion Express" onid="1" tsid="203" namespace="0x03200000" />
        <service id="0x020b" sid="523" name="FilmBox" type="1" provider="Orion Express" onid="1" tsid="203" namespace="0x03200000" />
        <service id="0x020c" sid="524" name="FilmBox Arthouse" type="1" provider="Orion Express" onid="1" tsid="203" namespace="0x03200000" />
        <service id="0x01fd" sid="509" name="Gagsnetwork" type="22" provider="Orion Express" onid="1" tsid="203" namespace="0x03200000" />
        <service id="0x020e" sid="526" name="Gulli Girl" type="1" provider="Orion Express" onid="1" tsid="203" namespace="0x03200000" />
        <service id="0x01fa" sid="506" name="START Air" type="22" provider="Orion Express" onid="1" tsid="203" namespace="0x03200000" />
        <service id="0x01fb" sid="507" name="START World" type="22" provider="Orion Express" onid="1" tsid="203" namespace="0x03200000" />
        <service id="0x00cd" sid="205" name="TiJi" type="1" provider="Orion Express" onid="1" tsid="203" namespace="0x03200000" />
        <service id="0x020d" sid="525" name="Timeless Dizi Channel" type="1" provider="Orion express" onid="1" tsid="203" namespace="0x03200000" />
        <service id="0x01f7" sid="503" name="Ваш Успех" type="22" provider="Orion Express" onid="1" tsid="203" namespace="0x03200000" />
        <service id="0x00cb" sid="203" name="Живи активно HD" type="1" provider="Orion Express" onid="1" tsid="203" namespace="0x03200000" />
        <service id="0x01fc" sid="508" name="Зал суда" type="22" provider="Orion Express" onid="1" tsid="203" namespace="0x03200000" />
        <service id="0x00d4" sid="212" name="Индия" type="1" provider="Orion Express" onid="1" tsid="203" namespace="0x03200000" />
        <service id="0x00ca" sid="202" name="КИНОПРЕМЬЕРА HD" type="1" provider="Orion Express" onid="1" tsid="203" namespace="0x03200000" />
        <service id="0x01f5" sid="501" name="Майдан" type="1" provider="Orion Express" onid="1" tsid="203" namespace="0x03200000" />
        <service id="0x00d2" sid="210" name="Общественное ТВ России" type="1" provider="Orion Express" onid="1" tsid="203" namespace="0x03200000" />
        <service id="0x01f6" sid="502" name="ОТВ Челябинск БУЛАТ" type="1" provider="Orion Express" onid="1" tsid="203" namespace="0x03200000" />
        <service id="0x00c9" sid="201" name="Первый канал HD" type="1" provider="Orion Express" onid="1" tsid="203" namespace="0x03200000" />
        <service id="0x01f9" sid="505" name="Петербург 5 канал (+2)" type="1" provider="Orion Express" onid="1" tsid="203" namespace="0x03200000" />
        <service id="0x00cc" sid="204" name="Победа" type="1" provider="Orion Express" onid="1" tsid="203" namespace="0x03200000" />
        <service id="0x01fe" sid="510" name="Пятница" type="1" provider="Orion Express" onid="1" tsid="203" namespace="0x03200000" />
        <service id="0x01f8" sid="504" name="РЕН (+2)" type="1" provider="Orion Express" onid="1" tsid="203" namespace="0x03200000" />
        <service id="0x01ff" sid="511" name="Спас" type="1" provider="Orion Express" onid="1" tsid="203" namespace="0x03200000" />
        <service id="0x00c8" sid="200" name="Татарстан Новый Век" type="1" provider="Orion Express" onid="1" tsid="203" namespace="0x03200000" />
        <service id="0x00d3" sid="211" name="ТВ Центр Москва" type="1" provider="Orion Express" onid="1" tsid="203" namespace="0x03200000" />
        <service id="0x00d5" sid="213" name="ТНВ Планета" type="1" provider="Orion Express" onid="1" tsid="203" namespace="0x03200000" />
        <service id="0x020f" sid="527" name="ТНТ (+2)" type="1" provider="Orion Express" onid="1" tsid="203" namespace="0x03200000" />
      </transponder>
    </satellite>
    <satellite key="03200000:00cc:0001" name="Sat-80E" namespace="0x03200000" position="80">
      <transponder key="03200000:00cc:0001" frequency="11106000" symbol_rate="45000000" polarization="V" fec="8" system="0" modulation="0">
        <service id="0x010a" sid="266" name=".Red HD" type="1" provider="Orion Express" onid="1" tsid="204" namespace="0x03200000" />
        <service id="0x010b" sid="267" name="Amedia 2 HD" type="1" provider="Orion Express" onid="1" tsid="204" namespace="0x03200000" />
        <service id="0x025b" sid="603" name="TV XXI" type="1" provider="Orion Express" onid="1" tsid="204" namespace="0x03200000" />
        <service id="0x006b" sid="107" name="Звезда (+2)" type="1" provider="Orion Express" onid="1" tsid="204" namespace="0x03200000" />
        <service id="0x026c" sid="620" name="Звезда (+7)" type="1" provider="Orion Express" onid="1" tsid="204" namespace="0x03200000" />
        <service id="0x025d" sid="605" name="Кино 24" type="1" provider="Orion Express" onid="1" tsid="204" namespace="0x03200000" />
        <service id="0x0068" sid="104" name="Мама" type="1" provider="Orion Express" onid="1" tsid="204" namespace="0x03200000" />
        <service id="0x026d" sid="621" name="Мосфильм. Золотая коллекция" type="1" provider="Orion Express" onid="1" tsid="204" namespace="0x03200000" />
        <service id="0x025a" sid="602" name="Моя Планета" type="1" provider="Orion Express" onid="1" tsid="204" namespace="0x03200000" />
        <service id="0x026b" sid="619" name="Моя планета HD" type="1" provider="Orion Express" onid="1" tsid="204" namespace="0x03200000" />
        <service id="0x006f" sid="111" name="МУЖСКОЕ КИНО" type="1" provider="Orion Express" onid="1" tsid="204" namespace="0x03200000" />
        <service id="0x025c" sid="604" name="Мульт" type="1" provider="Orion Express" onid="1" tsid="204" namespace="0x03200000" />
        <service id="0x0067" sid="103" name="Наука" type="1" provider="Orion Express" onid="1" tsid="204" namespace="0x03200000" />
        <service id="0x026a" sid="618" name="Наука HD" type="1" provider="Orion Express" onid="1" tsid="204" namespace="0x03200000" />
        <service id="0x010e" sid="270" name="НВВ" type="1" provider="Orion Express" onid="1" tsid="204" namespace="0x03200000" />
        <service id="0x010f" sid="271" name="НИК" type="1" provider="Orion Express" onid="1" tsid="204" namespace="0x03200000" />
        <service id="0x025f" sid="607" name="НСТВ" type="22" provider="Orion Express" onid="1" tsid="204" namespace="0x03200000" />
        <service id="0x026f" sid="623" name="РЕН (+7)" type="1" provider="Orion Express" onid="1" tsid="204" namespace="0x03200000" />
        <service id="0x026e" sid="622" name="Россия К" type="1" provider="Orion Express" onid="1" tsid="204" namespace="0x03200000" />
        <service id="0x025e" sid="606" name="Сарафан" type="1" provider="Orion Express" onid="1" tsid="204" namespace="0x03200000" />
        <service id="0x006a" sid="106" name="Синема" type="1" provider="Orion Express" onid="1" tsid="204" namespace="0x03200000" />
        <service id="0x010d" sid="269" name="Синема HD" type="1" provider="Orion Express" onid="1" tsid="204" namespace="0x03200000" />
        <service id="0x006d" sid="109" name="Т24" type="1" provider="Orion Express" onid="1" tsid="204" namespace="0x03200000" />
        <service id="0x0069" sid="105" name="Туган Тел" type="1" provider="Orion Express" onid="1" tsid="204" namespace="0x03200000" />
        <service id="0x006c" sid="108" name="Шаян ТВ" type="1" provider="Orion Express" onid="1" tsid="204" namespace="0x03200000" />
      </transponder>
    </satellite>
    <satellite key="03200000:00cd:0001" name="Sat-80E" namespace="0x03200000" position="80">
      <transponder key="03200000:00cd:0001" frequency="11106000" symbol_rate="45000000" polarization="H" fec="8" system="0" modulation="0">
        <service id="0x02cb" sid="715" name="Bolt" type="1" provider="Orion Express" onid="1" tsid="205" namespace="0x03200000" />
        <service id="0x02cc" sid="716" name="BRIDGE TV Classic" type="1" provider="Orion Express" onid="1" tsid="205" namespace="0x03200000" />
        <service id="0x02ce" sid="718" name="Shanson TV Int." type="1" provider="Orion Express" onid="1" tsid="205" namespace="0x03200000" />
        <service id="0x02c2" sid="706" name="Silk Way" type="1" provider="Orion Express" onid="1" tsid="205" namespace="0x03200000" />
        <service id="0x02c1" sid="705" name="Star Cinema" type="1" provider="Orion Express" onid="1" tsid="205" namespace="0x03200000" />
        <service id="0x02c0" sid="704" name="Star Family" type="1" provider="Orion Express" onid="1" tsid="205" namespace="0x03200000" />
        <service id="0x02c7" sid="711" name="БелРос" type="1" provider="Orion Express" onid="1" tsid="205" namespace="0x03200000" />
        <service id="0x02e0" sid="736" name="Бобёр" type="1" provider="Orion Express" onid="1" tsid="205" namespace="0x03200000" />
        <service id="0x02d9" sid="729" name="БСТ" type="1" provider="Orion Express" onid="1" tsid="205" namespace="0x03200000" />
        <service id="0x02d4" sid="724" name="Ветта 24" type="1" provider="Orion Express" onid="1" tsid="205" namespace="0x03200000" />
        <service id="0x02d1" sid="721" name="Дикий" type="1" provider="Orion Express" onid="1" tsid="205" namespace="0x03200000" />
        <service id="0x02d5" sid="725" name="Дом кино" type="1" provider="Orion Express" onid="1" tsid="205" namespace="0x03200000" />
        <service id="0x02d6" sid="726" name="Дон 24" type="1" provider="Orion Express" onid="1" tsid="205" namespace="0x03200000" />
        <service id="0x02d7" sid="727" name="ЕГЭ" type="1" provider="Orion Express" onid="1" tsid="205" namespace="0x03200000" />
        <service id="0x02c5" sid="709" name="Жара" type="1" provider="Orion Express" onid="1" tsid="205" namespace="0x03200000" />
        <service id="0x02df" sid="735" name="ЗВЕЗДА ПЛЮС" type="1" provider="Orion Express" onid="1" tsid="205" namespace="0x03200000" />
        <service id="0x02cf" sid="719" name="КИНОСВИДАНИЕ" type="1" provider="Orion Express" onid="1" tsid="205" namespace="0x03200000" />
        <service id="0x02cd" sid="717" name="Кинохит HD" type="1" provider="Orion Express" onid="1" tsid="205" namespace="0x03200000" />
        <service id="0x02d8" sid="728" name="Курай" type="1" provider="Orion Express" onid="1" tsid="205" namespace="0x03200000" />
        <service id="0x02c6" sid="710" name="Любимое кино" type="1" provider="Orion Express" onid="1" tsid="205" namespace="0x03200000" />
        <service id="0x02c4" sid="708" name="Мир" type="1" provider="Orion Express" onid="1" tsid="205" namespace="0x03200000" />
        <service id="0x02d2" sid="722" name="Мир Увлечений" type="1" provider="Orion Express" onid="1" tsid="205" namespace="0x03200000" />
        <service id="0x02c9" sid="713" name="Мультиландия" type="1" provider="Orion Express" onid="1" tsid="205" namespace="0x03200000" />
        <service id="0x02da" sid="730" name="ОРТРК - 12 канал" type="1" provider="Orion Express" onid="1" tsid="205" namespace="0x03200000" />
        <service id="0x02dc" sid="732" name="Открытый мир" type="1" provider="Orion Express" onid="1" tsid="205" namespace="0x03200000" />
        <service id="0x02de" sid="734" name="Пингвин" type="1" provider="Orion Express" onid="1" tsid="205" namespace="0x03200000" />
        <service id="0x02c8" sid="712" name="Продвижение (Москва)" type="1" provider="Orion Express" onid="1" tsid="205" namespace="0x03200000" />
        <service id="0x02ca" sid="714" name="Продвижение (Сибирь)" type="1" provider="Orion Express" onid="1" tsid="205" namespace="0x03200000" />
        <service id="0x02d3" sid="723" name="Родное кино" type="1" provider="Orion Express" onid="1" tsid="205" namespace="0x03200000" />
        <service id="0x02c3" sid="707" name="Русский Бестселлер" type="1" provider="Orion Express" onid="1" tsid="205" namespace="0x03200000" />
        <service id="0x02bf" sid="703" name="Русский Детектив" type="1" provider="Orion Express" onid="1" tsid="205" namespace="0x03200000" />
        <service id="0x02be" sid="702" name="Русский Роман" type="1" provider="Orion Express" onid="1" tsid="205" namespace="0x03200000" />
        <service id="0x02db" sid="731" name="Театр" type="1" provider="Orion Express" onid="1" tsid="205" namespace="0x03200000" />
        <service id="0x02d0" sid="720" name="Чаваш Ен" type="1" provider="Orion Express" onid="1" tsid="205" namespace="0x03200000" />
        <service id="0x02dd" sid="733" name="Шансон ТВ" type="1" provider="Orion Express" onid="1" tsid="205" namespace="0x03200000" />
        <service id="0x02bd" sid="701" name="Экспресс" type="1" provider="Orion Express" onid="1" tsid="205" namespace="0x03200000" />
      </transponder>
    </satellite>
    <satellite key="03200000:00ce:0001" name="Sat-80E" namespace="0x03200000" position="80">
      <transponder key="03200000:00ce:0001" frequency="11544000" symbol_rate="45000000" polarization="H" fec="8" system="0" modulation="0">
        <service id="0x008e" sid="142" name="360 Подмосковье" type="1" provider="Orion Express" onid="1" tsid="206" namespace="0x03200000" />
        <service id="0x0092" sid="146" name="Amedia 1" type="1" provider="Orion Express" onid="1" tsid="206" namespace="0x03200000" />
        <service id="0x014f" sid="335" name="Amedia 2" type="1" provider="Orion Express" onid="1" tsid="206" namespace="0x03200000" />
        <service id="0x032f" sid="815" name="Amedia Premium HD" type="1" provider="Orion Express" onid="1" tsid="206" namespace="0x03200000" />
        <service id="0x0095" sid="149" name="BRIDGE TV" type="1" provider="Orion Express" onid="1" tsid="206" namespace="0x03200000" />
        <service id="0x033a" sid="826" name="Fashion HD" type="1" provider="Orion Express" onid="1" tsid="206" namespace="0x03200000" />
        <service id="0x0093" sid="147" name="KHL" type="1" provider="Orion Express" onid="1" tsid="206" namespace="0x03200000" />
        <service id="0x032e" sid="814" name="KHL Prime HD" type="1" provider="Orion Express" onid="1" tsid="206" namespace="0x03200000" />
        <service id="0x0097" sid="151" name="Ocean" type="1" provider="Orion Express" onid="1" tsid="206" namespace="0x03200000" />
        <service id="0x0094" sid="148" name="RTG TV" type="1" provider="Orion Express" onid="1" tsid="206" namespace="0x03200000" />
        <service id="0x0099" sid="153" name="Детский Мир" type="1" provider="Orion Express" onid="1" tsid="206" namespace="0x03200000" />
        <service id="0x032c" sid="812" name="Домашний (+2)" type="1" provider="Orion Express" onid="1" tsid="206" namespace="0x03200000" />
        <service id="0x033d" sid="829" name="Европа Плюс" type="1" provider="Orion Express" onid="1" tsid="206" namespace="0x03200000" />
        <service id="0x014d" sid="333" name="Загородная жизнь" type="1" provider="Orion Express" onid="1" tsid="206" namespace="0x03200000" />
        <service id="0x033b" sid="827" name="Известия" type="1" provider="Orion Express" onid="1" tsid="206" namespace="0x03200000" />
        <service id="0x014e" sid="334" name="Кино ТВ (+4)" type="1" provider="Orion Express" onid="1" tsid="206" namespace="0x03200000" />
        <service id="0x0096" sid="150" name="Киносемья HD" type="1" provider="Orion Express" onid="1" tsid="206" namespace="0x03200000" />
        <service id="0x014a" sid="330" name="Ключ" type="1" provider="Orion Express" onid="1" tsid="206" namespace="0x03200000" />
        <service id="0x0091" sid="145" name="Кухня ТВ" type="1" provider="Orion Express" onid="1" tsid="206" namespace="0x03200000" />
        <service id="0x0098" sid="152" name="Мир сериала" type="1" provider="Orion Express" onid="1" tsid="206" namespace="0x03200000" />
        <service id="0x008d" sid="141" name="Москва 24" type="1" provider="Orion Express" onid="1" tsid="206" namespace="0x03200000" />
        <service id="0x014c" sid="332" name="Мужской" type="1" provider="Orion Express" onid="1" tsid="206" namespace="0x03200000" />
        <service id="0x0090" sid="144" name="НТВ (+2)" type="1" provider="Orion Express" onid="1" tsid="206" namespace="0x03200000" />
        <service id="0x008f" sid="143" name="РБК" type="1" provider="Orion Express" onid="1" tsid="206" namespace="0x03200000" />
        <service id="0x032b" sid="811" name="СТС (+2)" type="1" provider="Orion Express" onid="1" tsid="206" namespace="0x03200000" />
        <service id="0x032a" sid="810" name="СТС (+7)" type="1" provider="Orion Express" onid="1" tsid="206" namespace="0x03200000" />
        <service id="0x014b" sid="331" name="Тайны Галактики" type="1" provider="Orion Express" onid="1" tsid="206" namespace="0x03200000" />
        <service id="0x033c" sid="828" name="Точка отрыва" type="1" provider="Orion Express" onid="1" tsid="206" namespace="0x03200000" />
        <service id="0x032d" sid="813" name="Удмуртия" type="1" provider="Orion Express" onid="1" tsid="206" namespace="0x03200000" />
        <service id="0x037e" sid="894" name="Test-894" type="2" provider="Orion Express" onid="1" tsid="206" namespace="0x03200000" radio="1" />
        <service id="0x037f" sid="895" name="Test-895" type="2" provider="Orion Express" onid="1" tsid="206" namespace="0x03200000" radio="1" />
        <service id="0x037d" sid="893" name="Ашкадар" type="2" provider="Orion Express" onid="1" tsid="206" namespace="0x03200000" radio="1" />
        <service id="0x037c" sid="892" name="Спутник ФМ" type="2" provider="Orion Express" onid="1" tsid="206" namespace="0x03200000" radio="1" />
        <service id="0x037b" sid="891" name="Юлдаш" type="2" provider="Orion Express" onid="1" tsid="206" namespace="0x03200000" radio="1" />
      </transponder>
    </satellite>
    <satellite key="03200000:00cf:0001" name="Sat-80E" namespace="0x03200000" position="80">
      <transponder key="03200000:00cf:0001" frequency="11481000" symbol_rate="45000000" polarization="V" fec="8" system="0" modulation="0">
        <service id="0x00b7" sid="183" name="Playboy TV" type="1" provider="Orion Express" onid="1" tsid="207" namespace="0x03200000" />
        <service id="0x039a" sid="922" name="Ru TV" type="1" provider="Orion Express" onid="1" tsid="207" namespace="0x03200000" />
        <service id="0x018d" sid="397" name="SHOT TV" type="1" provider="Orion Express" onid="1" tsid="207" namespace="0x03200000" />
        <service id="0x018e" sid="398" name="Terra" type="1" provider="Orion Express" onid="1" tsid="207" namespace="0x03200000" />
        <service id="0x03a1" sid="929" name="Terra HD" type="1" provider="Orion Express" onid="1" tsid="207" namespace="0x03200000" />
        <service id="0x03a0" sid="928" name="Большая Азия" type="1" provider="Orion Express" onid="1" tsid="207" namespace="0x03200000" />
        <service id="0x038f" sid="911" name="В гостях у сказки" type="1" provider="Orion Express" onid="1" tsid="207" namespace="0x03200000" />
        <service id="0x018f" sid="399" name="Восток" type="1" provider="Orion Express" onid="1" tsid="207" namespace="0x03200000" />
        <service id="0x039c" sid="924" name="Детский" type="1" provider="Orion Express" onid="1" tsid="207" namespace="0x03200000" />
        <service id="0x039d" sid="925" name="Доктор" type="1" provider="Orion Express" onid="1" tsid="207" namespace="0x03200000" />
        <service id="0x00b5" sid="181" name="Зоопарк" type="1" provider="Orion Express" onid="1" tsid="207" namespace="0x03200000" />
        <service id="0x00b6" sid="182" name="Иллюзион +" type="1" provider="Orion Express" onid="1" tsid="207" namespace="0x03200000" />
        <service id="0x00ba" sid="186" name="ИНДИЙСКОЕ КИНО" type="1" provider="Orion Express" onid="1" tsid="207" namespace="0x03200000" />
        <service id="0x038a" sid="906" name="Катунь 24" type="1" provider="Orion Express" onid="1" tsid="207" namespace="0x03200000" />
        <service id="0x038b" sid="907" name="КВН ТВ" type="1" provider="Orion Express" onid="1" tsid="207" namespace="0x03200000" />
        <service id="0x038d" sid="909" name="Кинеко" type="1" provider="Orion Express" onid="1" tsid="207" namespace="0x03200000" />
        <service id="0x00bb" sid="187" name="Кинеко HD" type="1" provider="Orion Express" onid="1" tsid="207" namespace="0x03200000" />
        <service id="0x00b9" sid="185" name="Киноман" type="22" provider="Harmonic" onid="1" tsid="207" namespace="0x03200000" />
        <service id="0x038e" sid="910" name="Конный мир" type="1" provider="Orion Express" onid="1" tsid="207" namespace="0x03200000" />
        <service id="0x039f" sid="927" name="ЛОТ-регион" type="1" provider="Orion Express" onid="1" tsid="207" namespace="0x03200000" />
        <service id="0x038c" sid="908" name="НТВ Хит" type="1" provider="Orion Express" onid="1" tsid="207" namespace="0x03200000" />
        <service id="0x00bd" sid="189" name="Охота и Рыбалка" type="1" provider="Orion Express" onid="1" tsid="207" namespace="0x03200000" />
        <service id="0x018b" sid="395" name="Первый Канал HD (+4)" type="1" provider="Orion Express" onid="1" tsid="207" namespace="0x03200000" />
        <service id="0x018c" sid="396" name="Россия HD" type="1" provider="Orion Express" onid="1" tsid="207" namespace="0x03200000" />
        <service id="0x00b8" sid="184" name="Сапфир" type="1" provider="Orion Express" onid="1" tsid="207" namespace="0x03200000" />
        <service id="0x00bc" sid="188" name="Сапфир HD" type="1" provider="Orion Express" onid="1" tsid="207" namespace="0x03200000" />
        <service id="0x018a" sid="394" name="Че ТВ" type="1" provider="Orion Express" onid="1" tsid="207" namespace="0x03200000" />
      </transponder>
    </satellite>
    <satellite key="03200000:00d0:0001" name="Sat-80E" namespace="0x03200000" position="80">
      <transponder key="03200000:00d0:0001" frequency="11044000" symbol_rate="45000000" polarization="V" fec="8" system="0" modulation="0">
        <service id="0x03c6" sid="966" name="24KZ" type="1" provider="Orion Express" onid="1" tsid="208" namespace="0x03200000" />
        <service id="0x03cb" sid="971" name="Ani" type="1" provider="Orion Express" onid="1" tsid="208" namespace="0x03200000" />
        <service id="0x03d4" sid="980" name="Epic" type="1" provider="Orion Express" onid="1" tsid="208" namespace="0x03200000" />
        <service id="0x03d5" sid="981" name="Hollywood" type="1" provider="Orion Express" onid="1" tsid="208" namespace="0x03200000" />
        <service id="0x03bb" sid="955" name="Red Lips" type="1" provider="Orion Express" onid="1" tsid="208" namespace="0x03200000" />
        <service id="0x03cc" sid="972" name="Авто 24" type="1" provider="Orion Express" onid="1" tsid="208" namespace="0x03200000" />
        <service id="0x03d1" sid="977" name="ДОМАШНИЙ (+4)" type="1" provider="Orion Express" onid="1" tsid="208" namespace="0x03200000" />
        <service id="0x03ca" sid="970" name="Живая Планета" type="1" provider="Orion Express" onid="1" tsid="208" namespace="0x03200000" />
        <service id="0x03d2" sid="978" name="Звезда (+4)" type="1" provider="Orion Express" onid="1" tsid="208" namespace="0x03200000" />
        <service id="0x03c5" sid="965" name="История" type="1" provider="Orion Express" onid="1" tsid="208" namespace="0x03200000" />
        <service id="0x03be" sid="958" name="Комедия" type="1" provider="Orion Express" onid="1" tsid="208" namespace="0x03200000" />
        <service id="0x03c2" sid="962" name="Матч Арена" type="1" provider="Orion Express" onid="1" tsid="208" namespace="0x03200000" />
        <service id="0x03bd" sid="957" name="Матч Боец" type="1" provider="Orion Express" onid="1" tsid="208" namespace="0x03200000" />
        <service id="0x03c7" sid="967" name="Матч Игра" type="1" provider="Orion Express" onid="1" tsid="208" namespace="0x03200000" />
        <service id="0x03c4" sid="964" name="Матч Страна" type="1" provider="Orion Express" onid="1" tsid="208" namespace="0x03200000" />
        <service id="0x03d3" sid="979" name="Матч ТВ HD" type="1" provider="Orion Express" onid="1" tsid="208" namespace="0x03200000" />
        <service id="0x03b7" sid="951" name="Матч Футбол 1" type="1" provider="Orion Express" onid="1" tsid="208" namespace="0x03200000" />
        <service id="0x03b8" sid="952" name="Матч Футбол 2" type="1" provider="Orion Express" onid="1" tsid="208" namespace="0x03200000" />
        <service id="0x03b9" sid="953" name="Матч Футбол 3" type="1" provider="Orion Express" onid="1" tsid="208" namespace="0x03200000" />
        <service id="0x03cd" sid="973" name="Мир Белогорья" type="1" provider="Orion Express" onid="1" tsid="208" namespace="0x03200000" />
        <service id="0x03c1" sid="961" name="МультиМузыка" type="1" provider="Orion Express" onid="1" tsid="208" namespace="0x03200000" />
        <service id="0x03ce" sid="974" name="Ностальгия" type="1" provider="Orion Express" onid="1" tsid="208" namespace="0x03200000" />
        <service id="0x03d0" sid="976" name="НТВ (+4)" type="1" provider="Orion Express" onid="1" tsid="208" namespace="0x03200000" />
        <service id="0x03c9" sid="969" name="Первый канал (+4)" type="1" provider="Orion Express" onid="1" tsid="208" namespace="0x03200000" />
        <service id="0x03bf" sid="959" name="Первый канал (+7)" type="1" provider="Orion Express" onid="1" tsid="208" namespace="0x03200000" />
        <service id="0x03d7" sid="983" name="Пятница (+7)" type="1" provider="Orion Express" onid="1" tsid="208" namespace="0x03200000" />
        <service id="0x03d6" sid="982" name="Радио Страна FM" type="1" provider="Orion Express" onid="1" tsid="208" namespace="0x03200000" />
        <service id="0x03cf" sid="975" name="РЕН +4" type="1" provider="Orion Express" onid="1" tsid="208" namespace="0x03200000" />
        <service id="0x03c3" sid="963" name="Россия 1 (+4)" type="1" provider="Orion Express" onid="1" tsid="208" namespace="0x03200000" />
        <service id="0x03bc" sid="956" name="Русская ночь" type="1" provider="Orion Express" onid="1" tsid="208" namespace="0x03200000" />
        <service id="0x03ba" sid="954" name="СТС (+4)" type="1" provider="Orion Express" onid="1" tsid="208" namespace="0x03200000" />
        <service id="0x03c0" sid="960" name="СТС HD" type="1" provider="Orion Express" onid="1" tsid="208" namespace="0x03200000" />
        <service id="0x03c8" sid="968" name="ТНТ (+4)" type="1" provider="Orion Express" onid="1" tsid="208" namespace="0x03200000" />
        <service id="0x03d8" sid="984" name="ТНТ (+7)" type="1" provider="Orion Express" onid="1" tsid="208" namespace="0x03200000" />
      </transponder>
    </satellite>
    <satellite key="03200000:00d1:0001" name="Sat-80E" namespace="0x03200000" position="80">
      <transponder key="03200000:00d1:0001" frequency="12535000" symbol_rate="30000000" polarization="H" fec="2" system="0" modulation="0">
        <service id="0x00a4" sid="164" name="Cartoon Classics" type="1" provider="Orion Express" onid="1" tsid="209" namespace="0x03200000" />
        <service id="0x035b" sid="859" name="O!" type="1" provider="Orion Express" onid="1" tsid="209" namespace="0x03200000" />
        <service id="0x00a1" sid="161" name="Plan B" type="1" provider="Orion Express" onid="1" tsid="209" namespace="0x03200000" />
        <service id="0x00a2" sid="162" name="Romance Channel" type="1" provider="Orion Express" onid="1" tsid="209" namespace="0x03200000" />
        <service id="0x00a7" sid="167" name="SFT.Fight Club" type="1" provider="Orion Express" onid="1" tsid="209" namespace="0x03200000" />
        <service id="0x00a3" sid="163" name="Suspense" type="1" provider="Orion Express" onid="1" tsid="209" namespace="0x03200000" />
        <service id="0x035c" sid="860" name="The Explorers" type="1" provider="Orion Express" onid="1" tsid="209" namespace="0x03200000" />
        <service id="0x035f" sid="863" name="Анекдот ТВ" type="1" provider="Orion Express" onid="1" tsid="209" namespace="0x03200000" />
        <service id="0x00a6" sid="166" name="Домашний HD" type="1" provider="Orion Express" onid="1" tsid="209" namespace="0x03200000" />
        <service id="0x035e" sid="862" name="Оружие" type="1" provider="Orion Express" onid="1" tsid="209" namespace="0x03200000" />
        <service id="0x00a5" sid="165" name="ТВ-3 HD" type="1" provider="Orion Express" onid="1" tsid="209" namespace="0x03200000" />
        <service id="0x035a" sid="858" name="Телеканал 360 HD" type="1" provider="Orion Express" onid="1" tsid="209" namespace="0x03200000" />
        <service id="0x035d" sid="861" name="Феникс плюс Кино" type="1" provider="Orion Express" onid="1" tsid="209" namespace="0x03200000" />
      </transponder>
    </satellite>
    <satellite key="03200000:00d2:0001" name="Sat-80E" namespace="0x03200000" position="80">
      <transponder key="03200000:00d2:0001" frequency="12591000" symbol_rate="30000000" polarization="H" fec="2" system="0" modulation="0">
        <service id="0x02fc" sid="764" name="365 дней ТВ" type="1" provider="Orion Express" onid="1" tsid="210" namespace="0x03200000" />
        <service id="0x02f2" sid="754" name="Kids TV" type="1" provider="Orion Express" onid="1" tsid="210" namespace="0x03200000" />
        <service id="0x02f0" sid="752" name="MEZZO LIVEHD TV" type="1" provider="Orion Express" onid="1" tsid="210" namespace="0x03200000" />
        <service id="0x02ef" sid="751" name="MEZZO TV" type="1" provider="Orion Express" onid="1" tsid="210" namespace="0x03200000" />
        <service id="0x02f3" sid="755" name="Аппетитный" type="1" provider="Orion Express" onid="1" tsid="210" namespace="0x03200000" />
        <service id="0x02fa" sid="762" name="Домашний (+7)" type="1" provider="Orion Express" onid="1" tsid="210" namespace="0x03200000" />
        <service id="0x02f8" sid="760" name="Конгресс ТВ" type="1" provider="Orion Express" onid="1" tsid="210" namespace="0x03200000" />
        <service id="0x02f6" sid="758" name="Мир Баскетбола" type="1" provider="Orion Express" onid="1" tsid="210" namespace="0x03200000" />
        <service id="0x02f1" sid="753" name="МЫ" type="1" provider="Orion Express" onid="1" tsid="210" namespace="0x03200000" />
        <service id="0x02fb" sid="763" name="Россия 1 (+7)" type="1" provider="Orion Express" onid="1" tsid="210" namespace="0x03200000" />
        <service id="0x02f4" sid="756" name="Старт" type="1" provider="Orion Express" onid="1" tsid="210" namespace="0x03200000" />
        <service id="0x02f5" sid="757" name="Старт Триумф" type="1" provider="Orion Express" onid="1" tsid="210" namespace="0x03200000" />
        <service id="0x02f7" sid="759" name="Танцуй!" type="1" provider="Orion Express" onid="1" tsid="210" namespace="0x03200000" />
        <service id="0x02f9" sid="761" name="ТВ Центр (+7)" type="1" provider="Orion Express" onid="1" tsid="210" namespace="0x03200000" />
      </transponder>
    </satellite>
  </satellites>
</zapit>
