<?xml version='1.0' encoding='utf-8'?>
<zapit>
  <bouquet name="General" category="tv">
    <channel service_ref="1:0:1:0ff8:146b:217c:eeee0000:0:0:0:" name="96" service_name="96" provider="TELECOLOR" sid="4088" onid="8572" tsid="5227" />
    <channel service_ref="1:0:1:b016:146b:217c:eeee0000:0:0:0:" name="Canale 78 HD" service_name="Canale 78 HD" provider="Telecity" sid="45078" onid="8572" tsid="5227" />
    <channel service_ref="1:0:1:0008:146b:217c:eeee0000:0:0:0:" name="Italia 8 Canale 78" service_name="Italia 8 Canale 78" provider="Italia 8 Canale 78" sid="8" onid="8572" tsid="5227" />
    <channel service_ref="1:0:1:b03a:146b:217c:eeee0000:0:0:0:" name="PRIMANTENNA" service_name="PRIMANTENNA" provider="PRIMANTENNA" sid="45114" onid="8572" tsid="5227" />
    <channel service_ref="1:0:1:0005:146b:217c:eeee0000:0:0:0:" name="Salute e Natura" service_name="Salute e Natura" provider="TELECOLOR" sid="5" onid="8572" tsid="5227" />
    <channel service_ref="1:0:1:001a:146b:217c:eeee0000:0:0:0:" name="SUPERTV" service_name="SUPERTV" provider="SUPERTV" sid="26" onid="8572" tsid="5227" />
    <channel service_ref="1:0:1:b076:146b:217c:eeee0000:0:0:0:" name="SVI 74" service_name="SVI 74" provider="SVI74" sid="45174" onid="8572" tsid="5227" />
    <channel service_ref="1:0:1:0001:146b:217c:eeee0000:0:0:0:" name="Telecity" service_name="Telecity" provider="TELECITY" sid="1" onid="8572" tsid="5227" />
    <channel service_ref="1:0:1:a862:146b:217c:eeee0000:0:0:0:" name="Telecity HD" service_name="Telecity HD" provider="Telestar" sid="43106" onid="8572" tsid="5227" />
    <channel service_ref="1:0:1:0002:146b:217c:eeee0000:0:0:0:" name="Telecity TO" service_name="Telecity TO" provider="TELECITY" sid="2" onid="8572" tsid="5227" />
    <channel service_ref="1:0:1:0fd6:146b:217c:eeee0000:0:0:0:" name="TELECOLOR" service_name="TELECOLOR" provider="TELECOLOR" sid="4054" onid="8572" tsid="5227" />
    <channel service_ref="1:0:1:a477:146b:217c:eeee0000:0:0:0:" name="TELEREPORTER" service_name="TELEREPORTER" provider="TELEREPORTER" sid="42103" onid="8572" tsid="5227" />
    <channel service_ref="1:0:1:a863:146b:217c:eeee0000:0:0:0:" name="TELEREPORTER_" service_name="TELEREPORTER_" provider="TELEREPORTER_" sid="43107" onid="8572" tsid="5227" />
    <channel service_ref="1:0:1:004d:146b:217c:eeee0000:0:0:0:" name="Telestar Canale 77" service_name="Telestar Canale 77" provider="TELESTAR" sid="77" onid="8572" tsid="5227" />
    <channel service_ref="1:0:1:03ed:146b:217c:eeee0000:0:0:0:" name="Telestar Canale 77 HD" service_name="Telestar Canale 77 HD" provider="Telecity" sid="1005" onid="8572" tsid="5227" />
    <channel service_ref="1:0:1:0fdf:146b:217c:eeee0000:0:0:0:" name="TRS 93" service_name="TRS 93" provider="TELECOLOR" sid="4063" onid="8572" tsid="5227" />
  </bouquet>
  <bouquet name="RAI" category="tv">
    <channel service_ref="1:0:1:0008:146b:217c:eeee0000:0:0:0:" name="Italia 8 Canale 78" service_name="Italia 8 Canale 78" provider="Italia 8 Canale 78" sid="8" onid="8572" tsid="5227" />
  </bouquet>
  <bouquet name="TF1" category="tv">
    <channel service_ref="1:0:1:b016:146b:217c:eeee0000:0:0:0:" name="Canale 78 HD" service_name="Canale 78 HD" provider="Telecity" sid="45078" onid="8572" tsid="5227" />
    <channel service_ref="1:0:1:004d:146b:217c:eeee0000:0:0:0:" name="Telestar Canale 77" service_name="Telestar Canale 77" provider="TELESTAR" sid="77" onid="8572" tsid="5227" />
    <channel service_ref="1:0:1:03ed:146b:217c:eeee0000:0:0:0:" name="Telestar Canale 77 HD" service_name="Telestar Canale 77 HD" provider="Telecity" sid="1005" onid="8572" tsid="5227" />
  </bouquet>
  <bouquet name="Switzerland" category="tv">
    <channel service_ref="1:0:1:0ff8:146b:217c:eeee0000:0:0:0:" name="96" service_name="96" provider="TELECOLOR" sid="4088" onid="8572" tsid="5227" />
    <channel service_ref="1:0:1:0005:146b:217c:eeee0000:0:0:0:" name="Salute e Natura" service_name="Salute e Natura" provider="TELECOLOR" sid="5" onid="8572" tsid="5227" />
    <channel service_ref="1:0:1:0001:146b:217c:eeee0000:0:0:0:" name="Telecity" service_name="Telecity" provider="TELECITY" sid="1" onid="8572" tsid="5227" />
    <channel service_ref="1:0:1:a862:146b:217c:eeee0000:0:0:0:" name="Telecity HD" service_name="Telecity HD" provider="Telestar" sid="43106" onid="8572" tsid="5227" />
    <channel service_ref="1:0:1:0002:146b:217c:eeee0000:0:0:0:" name="Telecity TO" service_name="Telecity TO" provider="TELECITY" sid="2" onid="8572" tsid="5227" />
    <channel service_ref="1:0:1:0fd6:146b:217c:eeee0000:0:0:0:" name="TELECOLOR" service_name="TELECOLOR" provider="TELECOLOR" sid="4054" onid="8572" tsid="5227" />
    <channel service_ref="1:0:1:a477:146b:217c:eeee0000:0:0:0:" name="TELEREPORTER" service_name="TELEREPORTER" provider="TELEREPORTER" sid="42103" onid="8572" tsid="5227" />
    <channel service_ref="1:0:1:a863:146b:217c:eeee0000:0:0:0:" name="TELEREPORTER_" service_name="TELEREPORTER_" provider="TELEREPORTER_" sid="43107" onid="8572" tsid="5227" />
    <channel service_ref="1:0:1:0fdf:146b:217c:eeee0000:0:0:0:" name="TRS 93" service_name="TRS 93" provider="TELECOLOR" sid="4063" onid="8572" tsid="5227" />
  </bouquet>
  <bouquet name="Resolution - HD" category="tv">
    <channel service_ref="1:0:1:b016:146b:217c:eeee0000:0:0:0:" name="Canale 78 HD" service_name="Canale 78 HD" provider="Telecity" sid="45078" onid="8572" tsid="5227" />
    <channel service_ref="1:0:1:a862:146b:217c:eeee0000:0:0:0:" name="Telecity HD" service_name="Telecity HD" provider="Telestar" sid="43106" onid="8572" tsid="5227" />
    <channel service_ref="1:0:1:03ed:146b:217c:eeee0000:0:0:0:" name="Telestar Canale 77 HD" service_name="Telestar Canale 77 HD" provider="Telecity" sid="1005" onid="8572" tsid="5227" />
  </bouquet>
  <bouquet name="Others" category="tv">
    <channel service_ref="1:0:1:b03a:146b:217c:eeee0000:0:0:0:" name="PRIMANTENNA" service_name="PRIMANTENNA" provider="PRIMANTENNA" sid="45114" onid="8572" tsid="5227" />
    <channel service_ref="1:0:1:001a:146b:217c:eeee0000:0:0:0:" name="SUPERTV" service_name="SUPERTV" provider="SUPERTV" sid="26" onid="8572" tsid="5227" />
    <channel service_ref="1:0:1:b076:146b:217c:eeee0000:0:0:0:" name="SVI 74" service_name="SVI 74" provider="SVI74" sid="45174" onid="8572" tsid="5227" />
  </bouquet>
  <bouquet name="Ireland" category="tv">
    <channel service_ref="1:0:1:a477:146b:217c:eeee0000:0:0:0:" name="TELEREPORTER" service_name="TELEREPORTER" provider="TELEREPORTER" sid="42103" onid="8572" tsid="5227" />
    <channel service_ref="1:0:1:a863:146b:217c:eeee0000:0:0:0:" name="TELEREPORTER_" service_name="TELEREPORTER_" provider="TELEREPORTER_" sid="43107" onid="8572" tsid="5227" />
  </bouquet>
  <bouquet name="Digitale Terrestre" category="tv">
    <channel service_ref="1:0:1:fd6:146b:217c:eeee0000:0:0:0:" name="TELECOLOR" service_name="TELECOLOR" provider="TELECOLOR" sid="4054" onid="8572" tsid="5227" />
    <channel service_ref="1:0:1:5:146b:217c:eeee0000:0:0:0:" name="Salute e Natura" service_name="Salute e Natura" provider="TELECOLOR" sid="5" onid="8572" tsid="5227" />
    <channel service_ref="1:0:1:fdf:146b:217c:eeee0000:0:0:0:" name="TRS 93" service_name="TRS 93" provider="TELECOLOR" sid="4063" onid="8572" tsid="5227" />
    <channel service_ref="1:0:1:a862:146b:217c:eeee0000:0:0:0:" name="Telecity HD" service_name="Telecity HD" provider="Telestar" sid="43106" onid="8572" tsid="5227" />
    <channel service_ref="1:0:1:1:146b:217c:eeee0000:0:0:0:" name="Telecity" service_name="Telecity" provider="TELECITY" sid="1" onid="8572" tsid="5227" />
    <channel service_ref="1:0:1:2:146b:217c:eeee0000:0:0:0:" name="Telecity TO" service_name="Telecity TO" provider="TELECITY" sid="2" onid="8572" tsid="5227" />
    <channel service_ref="1:0:1:4d:146b:217c:eeee0000:0:0:0:" name="Telestar Canale 77" service_name="Telestar Canale 77" provider="TELESTAR" sid="77" onid="8572" tsid="5227" />
    <channel service_ref="1:0:1:b016:146b:217c:eeee0000:0:0:0:" name="Canale 78 HD" service_name="Canale 78 HD" provider="Telecity" sid="45078" onid="8572" tsid="5227" />
    <channel service_ref="1:0:1:8:146b:217c:eeee0000:0:0:0:" name="Italia 8 Canale 78" service_name="Italia 8 Canale 78" provider="Italia 8 Canale 78" sid="8" onid="8572" tsid="5227" />
    <channel service_ref="1:0:1:a477:146b:217c:eeee0000:0:0:0:" name="TELEREPORTER" service_name="TELEREPORTER" provider="TELEREPORTER" sid="42103" onid="8572" tsid="5227" />
    <channel service_ref="1:0:1:b03a:146b:217c:eeee0000:0:0:0:" name="PRIMANTENNA" service_name="PRIMANTENNA" provider="PRIMANTENNA" sid="45114" onid="8572" tsid="5227" />
    <channel service_ref="1:0:1:b076:146b:217c:eeee0000:0:0:0:" name="SVI 74" service_name="SVI 74" provider="SVI74" sid="45174" onid="8572" tsid="5227" />
    <channel service_ref="1:0:1:a863:146b:217c:eeee0000:0:0:0:" name="TELEREPORTER_" service_name="TELEREPORTER_" provider="TELEREPORTER_" sid="43107" onid="8572" tsid="5227" />
    <channel service_ref="1:0:1:ff8:146b:217c:eeee0000:0:0:0:" name="96" service_name="96" provider="TELECOLOR" sid="4088" onid="8572" tsid="5227" />
  </bouquet>
  <bouquet name="Digitale Terrestre" category="tv">
    <channel service_ref="1:0:1:fd6:146b:217c:eeee0000:0:0:0:" name="TELECOLOR" service_name="TELECOLOR" provider="TELECOLOR" sid="4054" onid="8572" tsid="5227" />
    <channel service_ref="1:0:1:5:146b:217c:eeee0000:0:0:0:" name="Salute e Natura" service_name="Salute e Natura" provider="TELECOLOR" sid="5" onid="8572" tsid="5227" />
    <channel service_ref="1:0:1:fdf:146b:217c:eeee0000:0:0:0:" name="TRS 93" service_name="TRS 93" provider="TELECOLOR" sid="4063" onid="8572" tsid="5227" />
    <channel service_ref="1:0:1:a862:146b:217c:eeee0000:0:0:0:" name="Telecity HD" service_name="Telecity HD" provider="Telestar" sid="43106" onid="8572" tsid="5227" />
    <channel service_ref="1:0:1:1:146b:217c:eeee0000:0:0:0:" name="Telecity" service_name="Telecity" provider="TELECITY" sid="1" onid="8572" tsid="5227" />
    <channel service_ref="1:0:1:2:146b:217c:eeee0000:0:0:0:" name="Telecity TO" service_name="Telecity TO" provider="TELECITY" sid="2" onid="8572" tsid="5227" />
    <channel service_ref="1:0:1:4d:146b:217c:eeee0000:0:0:0:" name="Telestar Canale 77" service_name="Telestar Canale 77" provider="TELESTAR" sid="77" onid="8572" tsid="5227" />
    <channel service_ref="1:0:1:b016:146b:217c:eeee0000:0:0:0:" name="Canale 78 HD" service_name="Canale 78 HD" provider="Telecity" sid="45078" onid="8572" tsid="5227" />
    <channel service_ref="1:0:1:8:146b:217c:eeee0000:0:0:0:" name="Italia 8 Canale 78" service_name="Italia 8 Canale 78" provider="Italia 8 Canale 78" sid="8" onid="8572" tsid="5227" />
    <channel service_ref="1:0:1:a477:146b:217c:eeee0000:0:0:0:" name="TELEREPORTER" service_name="TELEREPORTER" provider="TELEREPORTER" sid="42103" onid="8572" tsid="5227" />
    <channel service_ref="1:0:1:b03a:146b:217c:eeee0000:0:0:0:" name="PRIMANTENNA" service_name="PRIMANTENNA" provider="PRIMANTENNA" sid="45114" onid="8572" tsid="5227" />
    <channel service_ref="1:0:1:b076:146b:217c:eeee0000:0:0:0:" name="SVI 74" service_name="SVI 74" provider="SVI74" sid="45174" onid="8572" tsid="5227" />
    <channel service_ref="1:0:1:a863:146b:217c:eeee0000:0:0:0:" name="TELEREPORTER_" service_name="TELEREPORTER_" provider="TELEREPORTER_" sid="43107" onid="8572" tsid="5227" />
    <channel service_ref="1:0:1:ff8:146b:217c:eeee0000:0:0:0:" name="96" service_name="96" provider="TELECOLOR" sid="4088" onid="8572" tsid="5227" />
  </bouquet>
  <bouquet name="Digitale Terrestre                         by Gerry" category="tv">
    <channel service_ref="1:0:1:fd6:146b:217c:eeee0000:0:0:0:" name="TELECOLOR" service_name="TELECOLOR" provider="TELECOLOR" sid="4054" onid="8572" tsid="5227" />
    <channel service_ref="1:0:1:5:146b:217c:eeee0000:0:0:0:" name="Salute e Natura" service_name="Salute e Natura" provider="TELECOLOR" sid="5" onid="8572" tsid="5227" />
    <channel service_ref="1:0:1:fdf:146b:217c:eeee0000:0:0:0:" name="TRS 93" service_name="TRS 93" provider="TELECOLOR" sid="4063" onid="8572" tsid="5227" />
    <channel service_ref="1:0:1:a862:146b:217c:eeee0000:0:0:0:" name="Telecity HD" service_name="Telecity HD" provider="Telestar" sid="43106" onid="8572" tsid="5227" />
    <channel service_ref="1:0:1:1:146b:217c:eeee0000:0:0:0:" name="Telecity" service_name="Telecity" provider="TELECITY" sid="1" onid="8572" tsid="5227" />
    <channel service_ref="1:0:1:2:146b:217c:eeee0000:0:0:0:" name="Telecity TO" service_name="Telecity TO" provider="TELECITY" sid="2" onid="8572" tsid="5227" />
    <channel service_ref="1:0:1:4d:146b:217c:eeee0000:0:0:0:" name="Telestar Canale 77" service_name="Telestar Canale 77" provider="TELESTAR" sid="77" onid="8572" tsid="5227" />
    <channel service_ref="1:0:1:b016:146b:217c:eeee0000:0:0:0:" name="Canale 78 HD" service_name="Canale 78 HD" provider="Telecity" sid="45078" onid="8572" tsid="5227" />
    <channel service_ref="1:0:1:8:146b:217c:eeee0000:0:0:0:" name="Italia 8 Canale 78" service_name="Italia 8 Canale 78" provider="Italia 8 Canale 78" sid="8" onid="8572" tsid="5227" />
    <channel service_ref="1:0:1:a477:146b:217c:eeee0000:0:0:0:" name="TELEREPORTER" service_name="TELEREPORTER" provider="TELEREPORTER" sid="42103" onid="8572" tsid="5227" />
    <channel service_ref="1:0:1:b03a:146b:217c:eeee0000:0:0:0:" name="PRIMANTENNA" service_name="PRIMANTENNA" provider="PRIMANTENNA" sid="45114" onid="8572" tsid="5227" />
    <channel service_ref="1:0:1:b076:146b:217c:eeee0000:0:0:0:" name="SVI 74" service_name="SVI 74" provider="SVI74" sid="45174" onid="8572" tsid="5227" />
    <channel service_ref="1:0:1:a863:146b:217c:eeee0000:0:0:0:" name="TELEREPORTER_" service_name="TELEREPORTER_" provider="TELEREPORTER_" sid="43107" onid="8572" tsid="5227" />
    <channel service_ref="1:0:1:ff8:146b:217c:eeee0000:0:0:0:" name="96" service_name="96" provider="TELECOLOR" sid="4088" onid="8572" tsid="5227" />
  </bouquet>
  <bouquet name="Digitale Terrestre                  by Gerry" category="tv">
    <channel service_ref="1:0:1:fd6:146b:217c:eeee0000:0:0:0:" name="TELECOLOR" service_name="TELECOLOR" provider="TELECOLOR" sid="4054" onid="8572" tsid="5227" />
    <channel service_ref="1:0:1:5:146b:217c:eeee0000:0:0:0:" name="Salute e Natura" service_name="Salute e Natura" provider="TELECOLOR" sid="5" onid="8572" tsid="5227" />
    <channel service_ref="1:0:1:fdf:146b:217c:eeee0000:0:0:0:" name="TRS 93" service_name="TRS 93" provider="TELECOLOR" sid="4063" onid="8572" tsid="5227" />
    <channel service_ref="1:0:1:a862:146b:217c:eeee0000:0:0:0:" name="Telecity HD" service_name="Telecity HD" provider="Telestar" sid="43106" onid="8572" tsid="5227" />
    <channel service_ref="1:0:1:1:146b:217c:eeee0000:0:0:0:" name="Telecity" service_name="Telecity" provider="TELECITY" sid="1" onid="8572" tsid="5227" />
    <channel service_ref="1:0:1:2:146b:217c:eeee0000:0:0:0:" name="Telecity TO" service_name="Telecity TO" provider="TELECITY" sid="2" onid="8572" tsid="5227" />
    <channel service_ref="1:0:1:4d:146b:217c:eeee0000:0:0:0:" name="Telestar Canale 77" service_name="Telestar Canale 77" provider="TELESTAR" sid="77" onid="8572" tsid="5227" />
    <channel service_ref="1:0:1:b016:146b:217c:eeee0000:0:0:0:" name="Canale 78 HD" service_name="Canale 78 HD" provider="Telecity" sid="45078" onid="8572" tsid="5227" />
    <channel service_ref="1:0:1:8:146b:217c:eeee0000:0:0:0:" name="Italia 8 Canale 78" service_name="Italia 8 Canale 78" provider="Italia 8 Canale 78" sid="8" onid="8572" tsid="5227" />
    <channel service_ref="1:0:1:a477:146b:217c:eeee0000:0:0:0:" name="TELEREPORTER" service_name="TELEREPORTER" provider="TELEREPORTER" sid="42103" onid="8572" tsid="5227" />
    <channel service_ref="1:0:1:b03a:146b:217c:eeee0000:0:0:0:" name="PRIMANTENNA" service_name="PRIMANTENNA" provider="PRIMANTENNA" sid="45114" onid="8572" tsid="5227" />
    <channel service_ref="1:0:1:b076:146b:217c:eeee0000:0:0:0:" name="SVI 74" service_name="SVI 74" provider="SVI74" sid="45174" onid="8572" tsid="5227" />
    <channel service_ref="1:0:1:a863:146b:217c:eeee0000:0:0:0:" name="TELEREPORTER_" service_name="TELEREPORTER_" provider="TELEREPORTER_" sid="43107" onid="8572" tsid="5227" />
    <channel service_ref="1:0:1:ff8:146b:217c:eeee0000:0:0:0:" name="96" service_name="96" provider="TELECOLOR" sid="4088" onid="8572" tsid="5227" />
  </bouquet>
  <bouquet name="Digitale Terrestre                  By Gerry" category="tv">
    <channel service_ref="1:0:1:fd6:146b:217c:eeee0000:0:0:0:" name="TELECOLOR" service_name="TELECOLOR" provider="TELECOLOR" sid="4054" onid="8572" tsid="5227" />
    <channel service_ref="1:0:1:5:146b:217c:eeee0000:0:0:0:" name="Salute e Natura" service_name="Salute e Natura" provider="TELECOLOR" sid="5" onid="8572" tsid="5227" />
    <channel service_ref="1:0:1:fdf:146b:217c:eeee0000:0:0:0:" name="TRS 93" service_name="TRS 93" provider="TELECOLOR" sid="4063" onid="8572" tsid="5227" />
    <channel service_ref="1:0:1:a862:146b:217c:eeee0000:0:0:0:" name="Telecity HD" service_name="Telecity HD" provider="Telestar" sid="43106" onid="8572" tsid="5227" />
    <channel service_ref="1:0:1:1:146b:217c:eeee0000:0:0:0:" name="Telecity" service_name="Telecity" provider="TELECITY" sid="1" onid="8572" tsid="5227" />
    <channel service_ref="1:0:1:2:146b:217c:eeee0000:0:0:0:" name="Telecity TO" service_name="Telecity TO" provider="TELECITY" sid="2" onid="8572" tsid="5227" />
    <channel service_ref="1:0:1:4d:146b:217c:eeee0000:0:0:0:" name="Telestar Canale 77" service_name="Telestar Canale 77" provider="TELESTAR" sid="77" onid="8572" tsid="5227" />
    <channel service_ref="1:0:1:b016:146b:217c:eeee0000:0:0:0:" name="Canale 78 HD" service_name="Canale 78 HD" provider="Telecity" sid="45078" onid="8572" tsid="5227" />
    <channel service_ref="1:0:1:8:146b:217c:eeee0000:0:0:0:" name="Italia 8 Canale 78" service_name="Italia 8 Canale 78" provider="Italia 8 Canale 78" sid="8" onid="8572" tsid="5227" />
    <channel service_ref="1:0:1:a477:146b:217c:eeee0000:0:0:0:" name="TELEREPORTER" service_name="TELEREPORTER" provider="TELEREPORTER" sid="42103" onid="8572" tsid="5227" />
    <channel service_ref="1:0:1:b03a:146b:217c:eeee0000:0:0:0:" name="PRIMANTENNA" service_name="PRIMANTENNA" provider="PRIMANTENNA" sid="45114" onid="8572" tsid="5227" />
    <channel service_ref="1:0:1:b076:146b:217c:eeee0000:0:0:0:" name="SVI 74" service_name="SVI 74" provider="SVI74" sid="45174" onid="8572" tsid="5227" />
    <channel service_ref="1:0:1:a863:146b:217c:eeee0000:0:0:0:" name="TELEREPORTER_" service_name="TELEREPORTER_" provider="TELEREPORTER_" sid="43107" onid="8572" tsid="5227" />
    <channel service_ref="1:0:1:ff8:146b:217c:eeee0000:0:0:0:" name="96" service_name="96" provider="TELECOLOR" sid="4088" onid="8572" tsid="5227" />
  </bouquet>
  <bouquet name="Digitale Terrestre             by Gerry" category="tv">
    <channel service_ref="1:0:1:a862:146b:217c:eeee0000:0:0:0:" name="Telecity HD" service_name="Telecity HD" provider="Telestar" sid="43106" onid="8572" tsid="5227" />
    <channel service_ref="1:0:1:1:146b:217c:eeee0000:0:0:0:" name="Telecity" service_name="Telecity" provider="TELECITY" sid="1" onid="8572" tsid="5227" />
    <channel service_ref="1:0:1:2:146b:217c:eeee0000:0:0:0:" name="Telecity TO" service_name="Telecity TO" provider="TELECITY" sid="2" onid="8572" tsid="5227" />
    <channel service_ref="1:0:1:4d:146b:217c:eeee0000:0:0:0:" name="Telestar Canale 77" service_name="Telestar Canale 77" provider="TELESTAR" sid="77" onid="8572" tsid="5227" />
    <channel service_ref="1:0:1:8:146b:217c:eeee0000:0:0:0:" name="Italia 8 Canale 78" service_name="Italia 8 Canale 78" provider="Italia 8 Canale 78" sid="8" onid="8572" tsid="5227" />
    <channel service_ref="1:0:1:b03a:146b:217c:eeee0000:0:0:0:" name="PRIMANTENNA" service_name="PRIMANTENNA" provider="PRIMANTENNA" sid="45114" onid="8572" tsid="5227" />
    <channel service_ref="1:0:1:b076:146b:217c:eeee0000:0:0:0:" name="SVI 74" service_name="SVI 74" provider="SVI74" sid="45174" onid="8572" tsid="5227" />
  </bouquet>
  <bouquet name="Digitale Terrestre" category="tv">
    <channel service_ref="1:0:1:1:146b:217c:eeee0000:0:0:0:" name="Telecity" service_name="Telecity" provider="TELECITY" sid="1" onid="8572" tsid="5227" />
    <channel service_ref="1:0:1:2:146b:217c:eeee0000:0:0:0:" name="Telecity TO" service_name="Telecity TO" provider="TELECITY" sid="2" onid="8572" tsid="5227" />
    <channel service_ref="1:0:1:8:146b:217c:eeee0000:0:0:0:" name="Italia 8 Canale 78" service_name="Italia 8 Canale 78" provider="Italia 8 Canale 78" sid="8" onid="8572" tsid="5227" />
    <channel service_ref="1:0:1:4d:146b:217c:eeee0000:0:0:0:" name="Telestar Canale 77" service_name="Telestar Canale 77" provider="TELESTAR" sid="77" onid="8572" tsid="5227" />
    <channel service_ref="1:0:1:a862:146b:217c:eeee0000:0:0:0:" name="Telecity HD" service_name="Telecity HD" provider="Telestar" sid="43106" onid="8572" tsid="5227" />
  </bouquet>
</zapit>
