<?xml version='1.0' encoding='utf-8'?>
<cable>
  <provider name="wilhelm-tel" country="DE" delivery_system="DVB-C">
    <transponder frequency="306000" symbol_rate="6900000" modulation="QAM256" system="DVB-C" bouquets="Pay-TV (WT)" channel_count="4" channel_preview="657:Rai 1 HD (WT);658:Rai 2 HD (WT);659:Rai 3 HD (WT);660:Rai News 24 HD (WT)" />
    <transponder frequency="314000" symbol_rate="6900000" modulation="QAM256" system="DVB-C" bouquets="FreeTV,Pay-TV (WT)" channel_count="3" channel_preview="206:SYLT1 HD;465:volksmusik.tv;746:SHOW MAX HD (WT)" />
    <transponder frequency="322000" symbol_rate="6900000" modulation="QAM256" system="DVB-C" bouquets="FreeTV,Pay-TV (WT)" channel_count="7" channel_preview="250:ORF 2 Europe HD;276:AXN White HD (WT);562:RTK-1 (WT);644:Antenna Europe (WT);733:tlnovelas (WT);755:TRT Belgesel HD (WT);757:TRT Haber (WT)" />
    <transponder frequency="330000" symbol_rate="6900000" modulation="QAM256" system="DVB-C" bouquets="FreeTV" channel_count="7" channel_preview="144:BR Fernsehen Nord HD;145:BR Fernsehen Süd HD;150:NDR FS HH HD;151:NDR FS MV HD;152:NDR FS NDS HD;153:NDR FS SH HD;328:phoenix HD" />
    <transponder frequency="338000" symbol_rate="6900000" modulation="QAM256" system="DVB-C" bouquets="FreeTV,Pay-TV (WT)" channel_count="2" channel_preview="511:QVC UHD;705:TNT Russland (WT)" />
    <transponder frequency="346000" symbol_rate="6900000" modulation="QAM256" system="DVB-C" bouquets="FreeTV,Pay-TV (WT)" channel_count="3" channel_preview="512:Shop LC HD;684:RTP 3 (WT);685:RTP International (WT)" />
    <transponder frequency="354000" symbol_rate="6900000" modulation="QAM256" system="DVB-C" bouquets="FreeTV,Pay-TV (WT)" channel_count="4" channel_preview="563:RTV21 HD (WT);568:Asharq News Channel HD;707:TV Rain HD (WT);754:Tele 1 HD (WT)" />
    <transponder frequency="362000" symbol_rate="6900000" modulation="QAM256" system="DVB-C" bouquets="Pay-TV (WT)" channel_count="4" channel_preview="361:auto motor und sport channel (WT);621:Stingray CMusic (WT);679:TVP Info HD (WT);680:TVP Polonia HD (WT)" />
    <transponder frequency="370000" symbol_rate="6900000" modulation="QAM256" system="DVB-C" bouquets="FreeTV" channel_count="4" channel_preview="101:Das Erste HD;112:arte HD;159:SWR BW HD;160:SWR RP HD" />
    <transponder frequency="394000" symbol_rate="6900000" modulation="QAM256" system="DVB-C" bouquets="FreeTV" channel_count="4" channel_preview="122:ZDF SD;131:3sat SD;256:zdf_neo SD;349:ZDFinfo SD" />
    <transponder frequency="418000" symbol_rate="6900000" modulation="QAM256" system="DVB-C" bouquets="Pay-TV (SKY)" channel_count="10" channel_preview="831:Sky Krimi;834:Warner TV Film;859:Sky Sport Bundesliga 4;860:Sky Sport Bundesliga 5;876:Sky Sport 4;877:Sky Sport 5;900:Sky Sport Premier League;922:Sky Sport Austria 1;934:Sky Cinema Action;989:Prime Sportsbar" />
    <transponder frequency="426000" symbol_rate="6900000" modulation="QAM256" system="DVB-C" bouquets="Pay-TV (SKY)" channel_count="9" channel_preview="821:Sky One;857:Sky Sport Bundesliga 2;868:Sky Sport Mix;874:Sky Sport 2;924:Sky Sport Austria 3;935:Sky Cinema Family;954:Beate Uhse;986:Crime + Investigation;995:Romance TV" />
    <transponder frequency="434000" symbol_rate="6900000" modulation="QAM256" system="DVB-C" bouquets="FreeTV" channel_count="1" channel_preview="445:Bibel TV HD" />
    <transponder frequency="442000" symbol_rate="6900000" modulation="QAM256" system="DVB-C" bouquets="FreeTV,Pay-TV (SKY)" channel_count="10" channel_preview="608:CNBC;820:Sky Showcase;835:Warner TV Comedy;864:Sky Sport Bundesliga 9;865:Sky Sport Bundesliga 10;881:Sky Sport 9;882:Sky Sport 10;925:Sky Sport Austria 4;926:Sky Sport Austria 5;997:DAZN 1" />
    <transponder frequency="450000" symbol_rate="6900000" modulation="QAM256" system="DVB-C" bouquets="FreeTV,Pay-TV (WT)" channel_count="2" channel_preview="277:Universal TV HD (WT);600:SRF info HD" />
    <transponder frequency="458000" symbol_rate="6900000" modulation="QAM256" system="DVB-C" bouquets="Pay-TV (SKY)" channel_count="7" channel_preview="825:Warner TV Serie;826:Universal TV;854:Sky Sport Bundesliga UHD;863:Sky Sport Bundesliga 8;870:Sky Sport UHD;880:Sky Sport 8;927:Sky Sport Austria 6" />
    <transponder frequency="466000" symbol_rate="6900000" modulation="QAM256" system="DVB-C" bouquets="Pay-TV (WT)" channel_count="4" channel_preview="565:T7 HD (WT);588:BN Music HD (WT);589:BN TV HD (WT);689:SIC Internacional (WT)" />
    <transponder frequency="474000" symbol_rate="6900000" modulation="QAM256" system="DVB-C" bouquets="FreeTV,Pay-TV (WT)" channel_count="5" channel_preview="257:TLC;348:Welt der Wunder HD;507:pearl.tv HD Shop;567:Al Jazeera HD (arab);706:TV 8 Russia (WT)" />
    <transponder frequency="482000" symbol_rate="6900000" modulation="QAM256" system="DVB-C" bouquets="FreeTV,Pay-TV (WT)" channel_count="4" channel_preview="508:QVC Style HD;509:QVC HD;510:QVC ZWEI HD;690:SIC Notícias (WT)" />
    <transponder frequency="490000" symbol_rate="6900000" modulation="QAM256" system="DVB-C" bouquets="HaiD" channel_count="3" channel_preview="119:RTLup HD (WT);120:VOXup HD (WT);406:TOGGO plus HD (WT)" />
    <transponder frequency="498000" symbol_rate="6900000" modulation="QAM256" system="DVB-C" bouquets="FreeTV,Pay-TV (WT)" channel_count="2" channel_preview="358:SAT.1 emotions HD (WT);471:Schlager Deluxe" />
    <transponder frequency="514000" symbol_rate="6900000" modulation="QAM256" system="DVB-C" bouquets="FreeTV" channel_count="12" channel_preview="161:WDR HD Aachen;162:WDR HD Bielefeld;163:WDR HD Bonn;164:WDR HD Dortmund;165:WDR HD Duisburg;166:WDR HD Düsseldorf;167:WDR HD Essen;168:WDR HD Köln;169:WDR HD Münster;170:WDR HD Siegen" />
    <transponder frequency="546000" symbol_rate="6900000" modulation="QAM256" system="DVB-C" bouquets="Pay-TV (WT)" channel_count="5" channel_preview="688:TVI Internacional (WT);701:TNT4 International (WT);750:beIN Gurme HD (WT);751:beIN IZ TV HD (WT);758:beIN Movies Turk HD (WT)" />
    <transponder frequency="554000" symbol_rate="6900000" modulation="QAM256" system="DVB-C" bouquets="FreeTV,Pay-TV (WT)" channel_count="7" channel_preview="514:sonnenklar.TV HD;524:Spirit TV;597:PCNE Chinese HD;609:CNN Int.;617:TVC News;681:TVN 24 HD (WT);742:TV 5 turk." />
    <transponder frequency="562000" symbol_rate="6900000" modulation="QAM256" system="DVB-C" bouquets="FreeTV" channel_count="2" channel_preview="156:rbb Berlin HD;157:rbb Brandenburg HD" />
    <transponder frequency="570000" symbol_rate="6900000" modulation="QAM256" system="DVB-C" bouquets="FreeTV" channel_count="6" channel_preview="158:SR Fernsehen HD;174:Radio Bremen HD;232:ONE HD;325:ARD alpha HD;380:tagesschau24 HD;999:ARD-Test-R" />
    <transponder frequency="578000" symbol_rate="6900000" modulation="QAM256" system="DVB-C" bouquets="HaiD" channel_count="6" channel_preview="104:RTL HD (WT);105:SAT.1 HD (WT);107:ProSieben HD (WT);108:VOX HD (WT);234:NITRO HD (WT);379:ntv HD (WT)" />
    <transponder frequency="586000" symbol_rate="6900000" modulation="QAM256" system="DVB-C" bouquets="HaiD" channel_count="4" channel_preview="109:RTL 2 HD (WT);110:sixx HD (WT);405:SUPER RTL HD (WT);457:Comedy Central HD (WT)" />
    <transponder frequency="594000" symbol_rate="6900000" modulation="QAM256" system="DVB-C" bouquets="FreeTV,Pay-TV (WT)" channel_count="4" channel_preview="154:noa4 Hamburg HD;431:Nick Jr. (WT);534:Shop LC;693:TVR International" />
    <transponder frequency="602000" symbol_rate="6900000" modulation="QAM256" system="DVB-C" bouquets="HaiD" channel_count="4" channel_preview="235:TELE 5 HD (WT);236:TLC HD (WT);300:SPORT1 HD (WT);404:NICK/CC+1 HD (WT)" />
    <transponder frequency="610000" symbol_rate="6900000" modulation="QAM256" system="DVB-C" bouquets="FreeTV" channel_count="2" channel_preview="111:3sat HD;329:ZDFinfo HD" />
    <transponder frequency="618000" symbol_rate="6900000" modulation="QAM256" system="DVB-C" bouquets="FreeTV" channel_count="8" channel_preview="125:SAT.1;127:ProSieben;130:SIXX;251:Pro7 MAXX;254:SAT.1 Gold;255:TELE 5;311:SPORT1;389:WELT" />
    <transponder frequency="626000" symbol_rate="6900000" modulation="QAM256" system="DVB-C" bouquets="FreeTV,Pay-TV (WT)" channel_count="8" channel_preview="531:QVC Deutschland;605:Bloomberg Europe TV;718:Pink Extra (WT);719:Pink Film (WT);720:Pink Folk (WT);721:Pink Music (WT);722:Pink Plus (WT);744:ATV Avrupa (WT)" />
    <transponder frequency="634000" symbol_rate="6900000" modulation="QAM256" system="DVB-C" bouquets="FreeTV,HaiD,Pay-TV (WT)" channel_count="5" channel_preview="233:ProSieben MAXX HD (WT);238:wedo movies HD;247:ANIXE+;573:Al-Arabiya HD (WT);603:Al Jazeera English" />
    <transponder frequency="650000" symbol_rate="6900000" modulation="QAM256" system="DVB-C" bouquets="FreeTV" channel_count="9" channel_preview="124:RTL Television;128:VOX;129:RTLZWEI;198:RTL HB NDS;199:RTL HH SH;252:NITRO;390:ntv;414:SUPER RTL;525:Channel21" />
    <transponder frequency="658000" symbol_rate="6900000" modulation="QAM256" system="DVB-C" bouquets="FreeTV" channel_count="2" channel_preview="102:ZDF HD;237:zdf_neo HD" />
    <transponder frequency="666000" symbol_rate="6900000" modulation="QAM256" system="DVB-C" bouquets="FreeTV" channel_count="1" channel_preview="175:TIDE.tv HD" />
    <transponder frequency="674000" symbol_rate="6900000" modulation="QAM256" system="DVB-C" bouquets="FreeTV,Pay-TV (WT)" channel_count="7" channel_preview="200:SAT.1 HH/SH;321:Sportdigital EDGE! HD (WT);412:NICK/CC+1;413:RiC;462:Comedy Central;523:1-2-3.tv;596:NTDTV" />
    <transponder frequency="682000" symbol_rate="6900000" modulation="QAM256" system="DVB-C" bouquets="FreeTV,Pay-TV (WT)" channel_count="7" channel_preview="595:CCTV-4;651:Camera Deputati;661:Rai Storia HD (WT);665:Arirang TV HD;730:24H HD (WT);734:TVE Internacional HD (WT);756:TRT Cocuk (WT)" />
    <transponder frequency="690000" symbol_rate="6900000" modulation="QAM256" system="DVB-C" bouquets="FreeTV,Pay-TV (WT)" channel_count="7" channel_preview="231:ANIXE HD;253:RTLup;415:TOGGO plus;613:NHK World-Japan HD;616:Sky News Intl;741:TRT Türk;743:TV8 Int HD (WT)" />
    <transponder frequency="698000" symbol_rate="6900000" modulation="QAM256" system="DVB-C" bouquets="FreeTV,Pay-TV (WT)" channel_count="4" channel_preview="274:Romance TV (WT);571:Tunisie Nationale;579:Suryoyo Sat;717:Balkanika Music TV (WT)" />
    <transponder frequency="706000" symbol_rate="6900000" modulation="QAM256" system="DVB-C" bouquets="FreeTV,HaiD,Pay-TV (WT)" channel_count="10" channel_preview="357:Curiosity Channel HD (WT);378:WELT HD (WT);580:Armenia 1 TV;581:ATN Bangla UK;604:BBC News Europe;606:CGTN;614:revelation;686:Record TV HD;692:PRO TV International;728:Parlamento" />
    <transponder frequency="714000" symbol_rate="6900000" modulation="QAM256" system="DVB-C" bouquets="FreeTV,Pay-TV (WT)" channel_count="8" channel_preview="113:TIVEE;201:SAT.1 NS/Bremen;268:AXN Black HD (WT);552:Penthouse Passion HD (WT);584:OTV Valentino;641:TV5MONDE EUROPE HD;671:BVN TV;736:YOL TV" />
    <transponder frequency="722000" symbol_rate="6900000" modulation="QAM256" system="DVB-C" bouquets="Pay-TV (SKY)" channel_count="10" channel_preview="832:Sky Crime;852:Sky Sport F1;856:Sky Sport Bundesliga 1;861:Sky Sport Bundesliga 6;871:Sky Sport Top Event;873:Sky Sport 1;878:Sky Sport 6;929:Sky Sport Austria 8;930:Sky Cinema Premiere;948:Sky Nature" />
    <transponder frequency="730000" symbol_rate="6900000" modulation="QAM256" system="DVB-C" bouquets="Pay-TV (SKY)" channel_count="11" channel_preview="824:Sky Replay;827:SYFY;851:Sky Sport News;855:Sky Sport Bundesliga;858:Sky Sport Bundesliga 3;862:Sky Sport Bundesliga 7;875:Sky Sport 3;879:Sky Sport 7;928:Sky Sport Austria 7;933:Sky Cinema Classics" />
    <transponder frequency="738000" symbol_rate="6900000" modulation="QAM256" system="DVB-C" bouquets="Pay-TV (SKY)" channel_count="8" channel_preview="822:Sky Atlantic;828:13th Street;867:Sky Sport Golf;872:Sky Sport Tennis;923:Sky Sport Austria 2;936:Sky Cinema Highlights;949:Sky Documentaries;990:Nicktoons" />
    <transponder frequency="754000" symbol_rate="6900000" modulation="QAM256" system="DVB-C" bouquets="FreeTV,Pay-TV (WT)" channel_count="5" channel_preview="267:13th Street HD (WT);271:SyFy Universal HD (WT);355:Crime + Investigation HD (WT);501:1-2-3.tv HD;754:SHOW TURK HD (WT)" />
    <transponder frequency="762000" symbol_rate="6900000" modulation="QAM256" system="DVB-C" bouquets="FreeTV,Pay-TV (WT)" channel_count="8" channel_preview="648:Zee Cinema (WT);649:Zee TV (WT);667:Croatian Music Channel (WT);699:OstWest24 HD;702:RTVi (WT);703:OstWest (WT);704:TeleBom/TeleDom (WT);735:Telehit Musica (WT)" />
    <transponder frequency="770000" symbol_rate="6900000" modulation="QAM256" system="DVB-C" bouquets="FreeTV,Pay-TV (WT)" channel_count="4" channel_preview="155:noa4 Norderstedt HD;322:SPORTDIGITAL FUSSBALL HD (WT);557:Blue Hustler (WT);624:club MTV (WT)" />
  </provider>
</cable>