<?xml version='1.0' encoding='utf-8'?>
<zapit api="4">
  <terrestrials>
    <terrestrial key="eeee0000:8340:217c" name="TELEOGGI" namespace="0xeeee0000">
      <transponder key="eeee0000:8340:217c" frequency="642000000" symbol_rate="0" polarization="H" fec="5" system="0" modulation="4">
        <service id="0x006a" sid="106" name="ABC DIGITAL" type="1" provider="TELEOGGI" onid="8572" tsid="33600" namespace="0xeeee0000" />
        <service id="0x03e9" sid="1001" name="CANALE 77 SUD" type="1" provider="TELEOGGI" onid="8572" tsid="33600" namespace="0xeeee0000" />
        <service id="0x0001" sid="1" name="CANALE 9" type="1" provider="TELEOGGI" onid="8572" tsid="33600" namespace="0xeeee0000" />
        <service id="0x001a" sid="26" name="Canale 9 +1" type="1" provider="TELEOGGI" onid="8572" tsid="33600" namespace="0xeeee0000" />
        <service id="0x001b" sid="27" name="CANALE 9 HD" type="1" provider="TELEOGGI" onid="8572" tsid="33600" namespace="0xeeee0000" />
        <service id="0x002a" sid="42" name="CRC TARGATO ITALIA" type="1" provider="TELEOGGI" onid="8572" tsid="33600" namespace="0xeeee0000" />
        <service id="0x002c" sid="44" name="GT CHANNEL" type="1" provider="TELEOGGI" onid="8572" tsid="33600" namespace="0xeeee0000" />
        <service id="0x006b" sid="107" name="JONETV" type="1" provider="TELEOGGI" onid="8572" tsid="33600" namespace="0xeeee0000" />
        <service id="0x03fc" sid="1020" name="ORA TV HD" type="1" provider="TELEOGGI" onid="8572" tsid="33600" namespace="0xeeee0000" />
        <service id="0x0029" sid="41" name="PARTENOPE TV" type="1" provider="TELEOGGI" onid="8572" tsid="33600" namespace="0xeeee0000" />
        <service id="0x03eb" sid="1003" name="RADIO KEMONIA" type="1" provider="TELEOGGI" onid="8572" tsid="33600" namespace="0xeeee0000" />
        <service id="0x03ef" sid="1007" name="RADIO MARGHERITA TV" type="1" provider="TELEOGGI" onid="8572" tsid="33600" namespace="0xeeee0000" />
        <service id="0x03ec" sid="1004" name="RADIO MI VIDA" type="1" provider="TELEOGGI" onid="8572" tsid="33600" namespace="0xeeee0000" />
        <service id="0x002b" sid="43" name="TELEVOMERO 2" type="1" provider="TELEOGGI" onid="8572" tsid="33600" namespace="0xeeee0000" />
        <service id="0x006c" sid="108" name="TV LUNA NAPOLI" type="1" provider="TELEOGGI" onid="8572" tsid="33600" namespace="0xeeee0000" />
        <service id="0x002d" sid="45" name="TVA" type="1" provider="TELEOGGI" onid="8572" tsid="33600" namespace="0xeeee0000" />
        <service id="0x03ee" sid="1006" name="RCN" type="2" provider="TELEOGGI" onid="8572" tsid="33600" namespace="0xeeee0000" radio="1" />
        <service id="0x03ed" sid="1005" name="RMA altri suoni!" type="2" provider="TELEOGGI" onid="8572" tsid="33600" namespace="0xeeee0000" radio="1" />
      </transponder>
    </terrestrial>
  </terrestrials>
</zapit>
