<?xml version='1.0' encoding='utf-8'?>
<zapit api="4">
  <satellites>
    <satellite key="00460000:0a12:007e" name="Sat-7E" namespace="0x00460000" position="7">
      <transponder key="00460000:0a12:007e" frequency="10721000" symbol_rate="27500000" polarization="V" fec="3" system="0" modulation="0">
        <service id="0x0e5d" sid="3677" name="BBC Afghan" type="2" provider="BBC World Service" onid="126" tsid="2578" namespace="0x00460000" radio="1" />
        <service id="0x365c" sid="13916" name="BBC Arabic" type="2" provider="BBC World Service" onid="126" tsid="2578" namespace="0x00460000" radio="1" />
        <service id="0x0e45" sid="3653" name="BBC English (Europe)" type="2" provider="BBC World Service" onid="126" tsid="2578" namespace="0x00460000" radio="1" />
        <service id="0x0e47" sid="3655" name="BBC English Aus NZ" type="2" provider="BBC World Service" onid="126" tsid="2578" namespace="0x00460000" radio="1" />
        <service id="0x0e48" sid="3656" name="BBC English News" type="2" provider="BBC World Service" onid="126" tsid="2578" namespace="0x00460000" radio="1" />
        <service id="0x0e6d" sid="3693" name="BBC Eur Feed 1" type="2" provider="BBC World Service" onid="126" tsid="2578" namespace="0x00460000" radio="1" />
        <service id="0x0e6e" sid="3694" name="BBC Eur Feed 2" type="2" provider="BBC World Service" onid="126" tsid="2578" namespace="0x00460000" radio="1" />
        <service id="0x0e6f" sid="3695" name="BBC Eur Feed 3" type="2" provider="BBC World Service" onid="126" tsid="2578" namespace="0x00460000" radio="1" />
        <service id="0x0e70" sid="3696" name="BBC Eur Feed 4" type="2" provider="BBC World Service" onid="126" tsid="2578" namespace="0x00460000" radio="1" />
        <service id="0x0e71" sid="3697" name="BBC Eur Feed 5" type="2" provider="BBC World Service" onid="126" tsid="2578" namespace="0x00460000" radio="1" />
        <service id="0x0e72" sid="3698" name="BBC Eur Feed 6" type="2" provider="BBC World Service" onid="126" tsid="2578" namespace="0x00460000" radio="1" />
      </transponder>
    </satellite>
    <satellite key="00460000:1000:2000" name="Sat-7E" namespace="0x00460000" position="7">
      <transponder key="00460000:1000:2000" frequency="11672000" symbol_rate="3780000" polarization="V" fec="8" system="0" modulation="0">
        <service id="0x0001" sid="1" name="Kurdistan TV" type="1" provider="Harmonic" onid="8192" tsid="4096" namespace="0x00460000" />
        <service id="0x0041" sid="65" name="satview" type="1" provider="Harmonic" onid="8192" tsid="4096" namespace="0x00460000" />
      </transponder>
    </satellite>
    <satellite key="00460000:4e20:0064" name="Sat-7E" namespace="0x00460000" position="7">
      <transponder key="00460000:4e20:0064" frequency="10721000" symbol_rate="22000000" polarization="H" fec="3" system="0" modulation="0">
        <service id="0x0001" sid="1" name="BBC Persian" type="1" provider="BBC World Service" onid="100" tsid="20000" namespace="0x00460000" />
        <service id="0x232d" sid="9005" name="Iran International" type="1" provider="ABS" onid="100" tsid="20000" namespace="0x00460000" />
        <service id="0x232a" sid="9002" name="Kanal Yek" type="1" provider="" onid="100" tsid="20000" namespace="0x00460000" />
        <service id="0x1cbb" sid="7355" name="Manoto" type="1" provider="Manoto" onid="100" tsid="20000" namespace="0x00460000" />
        <service id="0x0381" sid="897" name="Rangarang Radio" type="1" provider="iKO Media Group" onid="100" tsid="20000" namespace="0x00460000" />
        <service id="0x0002" sid="2" name="Simaye-Azadi" type="1" provider="GLOBECAST" onid="100" tsid="20000" namespace="0x00460000" />
      </transponder>
    </satellite>
    <satellite key="00460000:4fb0:007e" name="Sat-7E" namespace="0x00460000" position="7">
      <transponder key="00460000:4fb0:007e" frequency="10803000" symbol_rate="30000000" polarization="V" fec="4" system="0" modulation="0">
        <service id="0x213b" sid="8507" name="TRT 3/TRT SPOR" type="17" provider="Digital Platform" onid="126" tsid="20400" namespace="0x00460000" />
        <service id="0x035b" sid="859" name="TRT ARABİ" type="1" provider="Digital Platform" onid="126" tsid="20400" namespace="0x00460000" />
        <service id="0x0359" sid="857" name="TRT AVAZ HD" type="17" provider="Digital Platform" onid="126" tsid="20400" namespace="0x00460000" />
        <service id="0x085e" sid="2142" name="TRT BELGESEL HD" type="17" provider="Digital Platform" onid="126" tsid="20400" namespace="0x00460000" />
        <service id="0x085d" sid="2141" name="TRT HABER HD" type="17" provider="Digital Platform" onid="126" tsid="20400" namespace="0x00460000" />
        <service id="0x213a" sid="8506" name="TRT KURDİ" type="1" provider="Digital Platform" onid="126" tsid="20400" namespace="0x00460000" />
        <service id="0x213e" sid="8510" name="TRT MÜZİK" type="1" provider="Digital Platform" onid="126" tsid="20400" namespace="0x00460000" />
        <service id="0x085f" sid="2143" name="TRT SPOR HD" type="17" provider="Digital Platform" onid="126" tsid="20400" namespace="0x00460000" />
        <service id="0x213d" sid="8509" name="TRT SPOR YILDIZ" type="17" provider="Digital Platform" onid="126" tsid="20400" namespace="0x00460000" />
        <service id="0x085b" sid="2139" name="TRT TÜRK" type="1" provider="Digital Platform" onid="126" tsid="20400" namespace="0x00460000" />
        <service id="0x213f" sid="8511" name="TRT ÇOCUK" type="1" provider="Digital Platform" onid="126" tsid="20400" namespace="0x00460000" />
        <service id="0x035a" sid="858" name="TRT2 HD" type="17" provider="Digital Platform" onid="126" tsid="20400" namespace="0x00460000" />
        <service id="0x035d" sid="861" name="10803V SID 0x2145" type="2" provider="DVB-S2 QPSK 10803V 7.0Â°E" onid="126" tsid="20400" namespace="0x00460000" radio="1" />
      </transponder>
    </satellite>
    <satellite key="00460000:5014:007e" name="Sat-7E" namespace="0x00460000" position="7">
      <transponder key="00460000:5014:007e" frequency="10803000" symbol_rate="30000000" polarization="H" fec="4" system="0" modulation="0">
        <service id="0x09ce" sid="2510" name="beIN SERIES SCI-FI HD" type="17" provider="Digital Platform" onid="126" tsid="20500" namespace="0x00460000" />
        <service id="0x09d8" sid="2520" name="CGTN DOCUMENTARY HD" type="17" provider="Digital Platform" onid="126" tsid="20500" namespace="0x00460000" />
        <service id="0x09c9" sid="2505" name="EUROSPORT 1 HD" type="17" provider="Digital Platform" onid="126" tsid="20500" namespace="0x00460000" />
        <service id="0x09cf" sid="2511" name="EUROSPORT 2 HD" type="17" provider="Digital Platform" onid="126" tsid="20500" namespace="0x00460000" />
        <service id="0x09d0" sid="2512" name="HBB_664" type="17" provider="Digital Platform" onid="126" tsid="20500" namespace="0x00460000" />
        <service id="0x09d1" sid="2513" name="HBB_665" type="17" provider="Digital Platform" onid="126" tsid="20500" namespace="0x00460000" />
        <service id="0x09cd" sid="2509" name="KANAL 7 HD" type="17" provider="Digital Platform" onid="126" tsid="20500" namespace="0x00460000" />
        <service id="0x09c5" sid="2501" name="MTV Live HD" type="17" provider="Digital Platform" onid="126" tsid="20500" namespace="0x00460000" />
      </transponder>
    </satellite>
    <satellite key="00460000:50dc:007e" name="Sat-7E" namespace="0x00460000" position="7">
      <transponder key="00460000:50dc:007e" frequency="10848000" symbol_rate="27500000" polarization="H" fec="4" system="0" modulation="0">
        <service id="0x1fb6" sid="8118" name="beIN İZ HD" type="17" provider="Digital Platform" onid="126" tsid="20700" namespace="0x00460000" />
        <service id="0x1ffd" sid="8189" name="beIN İZ HD" type="17" provider="Digital Platform" onid="126" tsid="20700" namespace="0x00460000" />
        <service id="0x1fa5" sid="8101" name="beIN MOVIES FAMILY HD" type="17" provider="Digital Platform" onid="126" tsid="20700" namespace="0x00460000" />
        <service id="0x1fab" sid="8107" name="BEYAZ TV HD" type="17" provider="Digital Platform" onid="126" tsid="20700" namespace="0x00460000" />
        <service id="0x1faa" sid="8106" name="DISCOVERY CHANNEL HD" type="17" provider="Digital Platform" onid="126" tsid="20700" namespace="0x00460000" />
        <service id="0x07d7" sid="2007" name="DMAX HD" type="17" provider="Digital Platform" onid="126" tsid="20700" namespace="0x00460000" />
        <service id="0x1fa6" sid="8102" name="National Geographic WILD HD" type="17" provider="Digital Platform" onid="126" tsid="20700" namespace="0x00460000" />
        <service id="0x1fb0" sid="8112" name="test_i4-" type="1" provider="Digital Platform" onid="126" tsid="20700" namespace="0x00460000" />
        <service id="0x1faf" sid="8111" name="test_i3-" type="2" provider="Digital Platform" onid="126" tsid="20700" namespace="0x00460000" radio="1" />
      </transponder>
    </satellite>
    <satellite key="00460000:5140:007e" name="Sat-7E" namespace="0x00460000" position="7">
      <transponder key="00460000:5140:007e" frequency="10845000" symbol_rate="30000000" polarization="V" fec="4" system="0" modulation="0">
        <service id="0x1f46" sid="8006" name="A NEWS HD" type="17" provider="Digital Platform" onid="126" tsid="20800" namespace="0x00460000" />
        <service id="0x1f44" sid="8004" name="A2 HD" type="17" provider="Digital Platform" onid="126" tsid="20800" namespace="0x00460000" />
        <service id="0x1f49" sid="8009" name="AL JAZEERA INTERNATIONAL HD" type="17" provider="Digital Platform" onid="126" tsid="20800" namespace="0x00460000" />
        <service id="0x1f4f" sid="8015" name="BBC WORLD NEWS HD" type="17" provider="Digital Platform" onid="126" tsid="20800" namespace="0x00460000" />
        <service id="0x1f51" sid="8017" name="BLOOMBERG" type="1" provider="Digital Platform" onid="126" tsid="20800" namespace="0x00460000" />
        <service id="0x1f4a" sid="8010" name="FRANCE 24 HD" type="17" provider="Digital Platform" onid="126" tsid="20800" namespace="0x00460000" />
        <service id="0x1f50" sid="8016" name="HALK TV HD" type="17" provider="Digital Platform" onid="126" tsid="20800" namespace="0x00460000" />
        <service id="0x1f4c" sid="8012" name="TLC HD" type="17" provider="Digital Platform" onid="126" tsid="20800" namespace="0x00460000" />
        <service id="0x1f42" sid="8002" name="ÜLKE TV HD" type="17" provider="Digital Platform" onid="126" tsid="20800" namespace="0x00460000" />
      </transponder>
    </satellite>
    <satellite key="00460000:51a4:007e" name="Sat-7E" namespace="0x00460000" position="7">
      <transponder key="00460000:51a4:007e" frequency="10886000" symbol_rate="30000000" polarization="H" fec="4" system="0" modulation="0">
        <service id="0x1eee" sid="7918" name="A HABER HD" type="17" provider="Digital Platform" onid="126" tsid="20900" namespace="0x00460000" />
        <service id="0x1eed" sid="7917" name="ATV HD" type="17" provider="Digital Platform" onid="126" tsid="20900" namespace="0x00460000" />
        <service id="0x1ee8" sid="7912" name="beIN MOVIES STARS HD" type="17" provider="Digital Platform" onid="126" tsid="20900" namespace="0x00460000" />
        <service id="0x1ede" sid="7902" name="beIN SERIES DRAMA HD" type="17" provider="Digital Platform" onid="126" tsid="20900" namespace="0x00460000" />
        <service id="0x1ee1" sid="7905" name="FOX HD" type="17" provider="Digital Platform" onid="126" tsid="20900" namespace="0x00460000" />
        <service id="0x1ee2" sid="7906" name="KANAL D HD" type="17" provider="Digital Platform" onid="126" tsid="20900" namespace="0x00460000" />
        <service id="0x1eea" sid="7914" name="STAR TV HD" type="17" provider="Digital Platform" onid="126" tsid="20900" namespace="0x00460000" />
        <service id="0x1ee4" sid="7908" name="TV8 HD" type="17" provider="Digital Platform" onid="126" tsid="20900" namespace="0x00460000" />
      </transponder>
    </satellite>
    <satellite key="00460000:5208:007e" name="Sat-7E" namespace="0x00460000" position="7">
      <transponder key="00460000:5208:007e" frequency="10928000" symbol_rate="30000000" polarization="H" fec="4" system="0" modulation="0">
        <service id="0x1e82" sid="7810" name="24 HD" type="17" provider="Digital Platform" onid="126" tsid="21000" namespace="0x00460000" />
        <service id="0x1e85" sid="7813" name="Al Quran Al Kareem TV HD" type="17" provider="Digital Platform" onid="126" tsid="21000" namespace="0x00460000" />
        <service id="0x1e84" sid="7812" name="Al Sunnah Al Nabawiyah TV HD" type="17" provider="Digital Platform" onid="126" tsid="21000" namespace="0x00460000" />
        <service id="0x1e80" sid="7808" name="beIN HD" type="17" provider="Digital Platform" onid="126" tsid="21000" namespace="0x00460000" />
        <service id="0x1e87" sid="7815" name="beIN SPORTS INTERNATIONAL HD" type="17" provider="Digital Platform" onid="126" tsid="21000" namespace="0x00460000" />
        <service id="0x1e88" sid="7816" name="beIN SPORTS INTERNATIONAL TICARI HD" type="17" provider="Digital Platform" onid="126" tsid="21000" namespace="0x00460000" />
        <service id="0x1e81" sid="7809" name="BLOOMBERG HT HD" type="17" provider="Digital Platform" onid="126" tsid="21000" namespace="0x00460000" />
        <service id="0x1e79" sid="7801" name="DISCOVERY SCIENCE HD" type="17" provider="Digital Platform" onid="126" tsid="21000" namespace="0x00460000" />
        <service id="0x1e86" sid="7814" name="EURO STAR" type="1" provider="Digital Platform" onid="126" tsid="21000" namespace="0x00460000" />
        <service id="0x1e7e" sid="7806" name="TEVE2 HD" type="17" provider="Digital Platform" onid="126" tsid="21000" namespace="0x00460000" />
      </transponder>
    </satellite>
    <satellite key="00460000:526c:007e" name="Sat-7E" namespace="0x00460000" position="7">
      <transponder key="00460000:526c:007e" frequency="10886000" symbol_rate="30000000" polarization="V" fec="4" system="0" modulation="0">
        <service id="0x00cb" sid="203" name="beIN GURME HD" type="17" provider="Digital Platform" onid="126" tsid="21100" namespace="0x00460000" />
        <service id="0x00cd" sid="205" name="beIN MOVIES PREMIERE HD" type="17" provider="Digital Platform" onid="126" tsid="21100" namespace="0x00460000" />
        <service id="0x00cc" sid="204" name="beIN MOVIES TURK HD" type="17" provider="Digital Platform" onid="126" tsid="21100" namespace="0x00460000" />
        <service id="0x00d2" sid="210" name="beIN SERIES VICE HD" type="17" provider="Digital Platform" onid="126" tsid="21100" namespace="0x00460000" />
        <service id="0x00ca" sid="202" name="beIN SPORTS HD 1" type="17" provider="Digital Platform" onid="126" tsid="21100" namespace="0x00460000" />
        <service id="0x00d0" sid="208" name="beIN SPORTS HD 3" type="17" provider="Digital Platform" onid="126" tsid="21100" namespace="0x00460000" />
        <service id="0x006d" sid="109" name="TARAFTAR 3 HD" type="17" provider="Digital Platform" onid="126" tsid="21100" namespace="0x00460000" />
        <service id="0x00de" sid="222" name="TARAFTAR HD" type="17" provider="Digital Platform" onid="126" tsid="21100" namespace="0x00460000" />
        <service id="0x00df" sid="223" name="TİCARİ beIN SPORTS HD 1" type="17" provider="Digital Platform" onid="126" tsid="21100" namespace="0x00460000" />
        <service id="0x006c" sid="108" name="TİCARİ beIN SPORTS HD 3" type="17" provider="Digital Platform" onid="126" tsid="21100" namespace="0x00460000" />
        <service id="0x00ce" sid="206" name="TRT WORLD HD" type="17" provider="Digital Platform" onid="126" tsid="21100" namespace="0x00460000" />
      </transponder>
    </satellite>
    <satellite key="00460000:52d0:007e" name="Sat-7E" namespace="0x00460000" position="7">
      <transponder key="00460000:52d0:007e" frequency="10928000" symbol_rate="30000000" polarization="V" fec="4" system="0" modulation="0">
        <service id="0x206d" sid="8301" name="beIN H&amp;E HD" type="17" provider="Digital Platform" onid="126" tsid="21200" namespace="0x00460000" />
        <service id="0x20bd" sid="8381" name="beIN H&amp;E HD" type="17" provider="Digital Platform" onid="126" tsid="21200" namespace="0x00460000" />
        <service id="0x081f" sid="2079" name="beIN MOVIES ACTION HD" type="17" provider="Digital Platform" onid="126" tsid="21200" namespace="0x00460000" />
        <service id="0x081a" sid="2074" name="beIN MOVIES PREMIERE 2 HD" type="17" provider="Digital Platform" onid="126" tsid="21200" namespace="0x00460000" />
        <service id="0x0331" sid="817" name="beIN SERIES COMEDY HD" type="17" provider="Digital Platform" onid="126" tsid="21200" namespace="0x00460000" />
        <service id="0x081c" sid="2076" name="beIN SPORTS MAX HD 2" type="17" provider="Digital Platform" onid="126" tsid="21200" namespace="0x00460000" />
        <service id="0x208a" sid="8330" name="CGTN HD" type="17" provider="Digital Platform" onid="126" tsid="21200" namespace="0x00460000" />
        <service id="0x207a" sid="8314" name="EKOTÜRK HD" type="17" provider="Digital Platform" onid="126" tsid="21200" namespace="0x00460000" />
        <service id="0x0332" sid="818" name="FB TV HD" type="17" provider="Digital Platform" onid="126" tsid="21200" namespace="0x00460000" />
        <service id="0x208b" sid="8331" name="MTV Hits" type="1" provider="Digital Platform" onid="126" tsid="21200" namespace="0x00460000" />
      </transponder>
    </satellite>
    <satellite key="00460000:765c:007e" name="Sat-7E" namespace="0x00460000" position="7">
      <transponder key="00460000:765c:007e" frequency="11304000" symbol_rate="29700000" polarization="H" fec="2" system="0" modulation="0">
        <service id="0x01ff" sid="511" name="Cine Series HD" type="25" provider="" onid="126" tsid="30300" namespace="0x00460000" />
        <service id="0x01fe" sid="510" name="CineFilm HD" type="25" provider="" onid="126" tsid="30300" namespace="0x00460000" />
        <service id="0x00c9" sid="201" name="Iran International HD" type="1" provider="ABS" onid="126" tsid="30300" namespace="0x00460000" />
        <service id="0x00ca" sid="202" name="ITOON HD" type="25" provider="" onid="126" tsid="30300" namespace="0x00460000" />
        <service id="0x0001" sid="1" name="Manoto HD" type="1" provider="Manoto HD" onid="126" tsid="30300" namespace="0x00460000" />
      </transponder>
    </satellite>
    <satellite key="00460000:7788:007e" name="Sat-7E" namespace="0x00460000" position="7">
      <transponder key="00460000:7788:007e" frequency="11324000" symbol_rate="29700000" polarization="V" fec="2" system="0" modulation="0">
        <service id="0x032b" sid="811" name="Avang TV HD" type="25" provider="" onid="126" tsid="30600" namespace="0x00460000" />
        <service id="0x0146" sid="326" name="Bartar TV HD" type="1" provider="" onid="126" tsid="30600" namespace="0x00460000" />
        <service id="0x080f" sid="2063" name="Cine Series HD" type="25" provider="" onid="126" tsid="30600" namespace="0x00460000" />
        <service id="0x080e" sid="2062" name="CineFilm HD" type="25" provider="" onid="126" tsid="30600" namespace="0x00460000" />
        <service id="0x0142" sid="322" name="IFILM HD" type="1" provider="ERICSSON Television" onid="126" tsid="30600" namespace="0x00460000" />
        <service id="0x032a" sid="810" name="Manoto HD +2" type="1" provider="Eutelsat" onid="126" tsid="30600" namespace="0x00460000" />
        <service id="0x0149" sid="329" name="PMC HD" type="1" provider="" onid="126" tsid="30600" namespace="0x00460000" />
      </transponder>
    </satellite>
    <satellite key="00460000:9efc:007e" name="Sat-7E" namespace="0x00460000" position="7">
      <transponder key="00460000:9efc:007e" frequency="11345000" symbol_rate="27500000" polarization="H" fec="4" system="0" modulation="0">
        <service id="0x012f" sid="303" name="Album TV" type="1" provider="" onid="126" tsid="40700" namespace="0x00460000" />
        <service id="0x013b" sid="315" name="Cine Film" type="1" provider="" onid="126" tsid="40700" namespace="0x00460000" />
        <service id="0x013c" sid="316" name="Cine Series" type="1" provider="" onid="126" tsid="40700" namespace="0x00460000" />
        <service id="0x013d" sid="317" name="Iran International" type="1" provider="ABS" onid="126" tsid="40700" namespace="0x00460000" />
        <service id="0x0058" sid="88" name="Kanal Yek" type="1" provider="" onid="126" tsid="40700" namespace="0x00460000" />
        <service id="0x0054" sid="84" name="Manoto SD" type="1" provider="Manoto" onid="126" tsid="40700" namespace="0x00460000" />
        <service id="0x0055" sid="85" name="Mohabat TV" type="1" provider="" onid="126" tsid="40700" namespace="0x00460000" />
        <service id="0x0057" sid="87" name="Mohabat Radio" type="2" provider="" onid="126" tsid="40700" namespace="0x00460000" radio="1" />
        <service id="0x0056" sid="86" name="Radio Mojdeh" type="2" provider="Radio Mojdeh" onid="126" tsid="40700" namespace="0x00460000" radio="1" />
      </transponder>
    </satellite>
    <satellite key="00460000:9fc4:007e" name="Sat-7E" namespace="0x00460000" position="7">
      <transponder key="00460000:9fc4:007e" frequency="11387000" symbol_rate="27500000" polarization="H" fec="4" system="0" modulation="0">
        <service id="0x012f" sid="303" name="4U TV HD" type="1" provider="" onid="126" tsid="40900" namespace="0x00460000" />
        <service id="0x076f" sid="1903" name="ESR Persia" type="1" provider="" onid="126" tsid="40900" namespace="0x00460000" />
        <service id="0x0134" sid="308" name="ICC HD" type="1" provider="" onid="126" tsid="40900" namespace="0x00460000" />
        <service id="0x0132" sid="306" name="KANAL JADID" type="1" provider="MMB" onid="126" tsid="40900" namespace="0x00460000" />
        <service id="0x0133" sid="307" name="Manoto HD +1" type="1" provider="" onid="126" tsid="40900" namespace="0x00460000" />
        <service id="0x076d" sid="1901" name="MBC Persia HD" type="1" provider="MBC" onid="126" tsid="40900" namespace="0x00460000" />
        <service id="0x0135" sid="309" name="NOW" type="1" provider="" onid="126" tsid="40900" namespace="0x00460000" />
      </transponder>
    </satellite>
    <satellite key="00460000:c3b4:007e" name="Sat-7E" namespace="0x00460000" position="7">
      <transponder key="00460000:c3b4:007e" frequency="11470000" symbol_rate="30000000" polarization="H" fec="4" system="0" modulation="0">
        <service id="0x1d70" sid="7536" name="360 HD" type="17" provider="Digital Platform" onid="126" tsid="50100" namespace="0x00460000" />
        <service id="0x1d68" sid="7528" name="DİYANET TV HD" type="17" provider="Digital Platform" onid="126" tsid="50100" namespace="0x00460000" />
        <service id="0x1d69" sid="7529" name="KRT HD" type="17" provider="Digital Platform" onid="126" tsid="50100" namespace="0x00460000" />
        <service id="0x1d6a" sid="7530" name="NICKELODEON HD" type="17" provider="Digital Platform" onid="126" tsid="50100" namespace="0x00460000" />
        <service id="0x1d6f" sid="7535" name="NTV HD" type="17" provider="Digital Platform" onid="126" tsid="50100" namespace="0x00460000" />
        <service id="0x1d6b" sid="7531" name="TGRT HABER HD" type="17" provider="Digital Platform" onid="126" tsid="50100" namespace="0x00460000" />
        <service id="0x1d6d" sid="7533" name="YABAN TV HD" type="17" provider="Digital Platform" onid="126" tsid="50100" namespace="0x00460000" />
        <service id="0x1d6e" sid="7534" name="CNN TÜRK HD" type="17" provider="Digital Platform" onid="126" tsid="50100" namespace="0x00460000" />
      </transponder>
    </satellite>
    <satellite key="00460000:c418:007e" name="Sat-7E" namespace="0x00460000" position="7">
      <transponder key="00460000:c418:007e" frequency="11470000" symbol_rate="30000000" polarization="V" fec="4" system="0" modulation="0">
        <service id="0x060f" sid="1551" name="beIN BOX OFFICE HD 1" type="17" provider="Digital Platform" onid="126" tsid="50200" namespace="0x00460000" />
        <service id="0x0106" sid="262" name="beIN BOX OFFICE HD 2" type="17" provider="Digital Platform" onid="126" tsid="50200" namespace="0x00460000" />
        <service id="0x0107" sid="263" name="beIN BOX OFFICE HD 3" type="17" provider="Digital Platform" onid="126" tsid="50200" namespace="0x00460000" />
        <service id="0x026b" sid="619" name="HBB_662" type="17" provider="Digital Platform" onid="126" tsid="50200" namespace="0x00460000" />
        <service id="0x061a" sid="1562" name="HBB_663" type="17" provider="Digital Platform" onid="126" tsid="50200" namespace="0x00460000" />
        <service id="0x010d" sid="269" name="test_i1" type="1" provider="Digital Platform" onid="126" tsid="50200" namespace="0x00460000" />
        <service id="0x026a" sid="618" name="test_i2" type="1" provider="Digital Platform" onid="126" tsid="50200" namespace="0x00460000" />
        <service id="0x061b" sid="1563" name="TRT EBA TV İLKOKUL HD" type="17" provider="Digital Platform" onid="126" tsid="50200" namespace="0x00460000" />
        <service id="0x061d" sid="1565" name="TRT EBA TV LİSE HD" type="17" provider="Digital Platform" onid="126" tsid="50200" namespace="0x00460000" />
        <service id="0x061c" sid="1564" name="TRT EBA TV ORTAOKUL HD" type="17" provider="Digital Platform" onid="126" tsid="50200" namespace="0x00460000" />
        <service id="0x0108" sid="264" name="ULUSAL TV HD" type="17" provider="Digital Platform" onid="126" tsid="50200" namespace="0x00460000" />
        <service id="0x0109" sid="265" name="VAV TV HD" type="17" provider="Digital Platform" onid="126" tsid="50200" namespace="0x00460000" />
      </transponder>
    </satellite>
    <satellite key="00460000:c47c:007e" name="Sat-7E" namespace="0x00460000" position="7">
      <transponder key="00460000:c47c:007e" frequency="11636000" symbol_rate="30000000" polarization="H" fec="4" system="0" modulation="0">
        <service id="0x026d" sid="621" name="A SPOR HD" type="17" provider="Digital Platform" onid="126" tsid="50300" namespace="0x00460000" />
        <service id="0x006f" sid="111" name="beIN SPORTS HABER HD" type="17" provider="Digital Platform" onid="126" tsid="50300" namespace="0x00460000" />
        <service id="0x026e" sid="622" name="beIN SPORTS HD 2" type="17" provider="Digital Platform" onid="126" tsid="50300" namespace="0x00460000" />
        <service id="0x026a" sid="618" name="beIN SPORTS HD 4" type="17" provider="Digital Platform" onid="126" tsid="50300" namespace="0x00460000" />
        <service id="0x006e" sid="110" name="BOOMERANG HD" type="17" provider="Digital Platform" onid="126" tsid="50300" namespace="0x00460000" />
        <service id="0x010f" sid="271" name="HABER GLOBAL HD" type="17" provider="Digital Platform" onid="126" tsid="50300" namespace="0x00460000" />
        <service id="0x0066" sid="102" name="HABERTÜRK HD" type="17" provider="Digital Platform" onid="126" tsid="50300" namespace="0x00460000" />
        <service id="0x026b" sid="619" name="SHOW TV HD" type="17" provider="Digital Platform" onid="126" tsid="50300" namespace="0x00460000" />
        <service id="0x011a" sid="282" name="TARAFTAR 2 HD" type="17" provider="Digital Platform" onid="126" tsid="50300" namespace="0x00460000" />
        <service id="0x0074" sid="116" name="TİCARİ beIN SPORTS HD 2" type="17" provider="Digital Platform" onid="126" tsid="50300" namespace="0x00460000" />
        <service id="0x027e" sid="638" name="TİCARİ beIN SPORTS HD 4" type="17" provider="Digital Platform" onid="126" tsid="50300" namespace="0x00460000" />
        <service id="0x026c" sid="620" name="TRT1 HD" type="17" provider="Digital Platform" onid="126" tsid="50300" namespace="0x00460000" />
      </transponder>
    </satellite>
    <satellite key="00460000:c544:007e" name="Sat-7E" namespace="0x00460000" position="7">
      <transponder key="00460000:c544:007e" frequency="11554000" symbol_rate="29750000" polarization="V" fec="3" system="0" modulation="0">
        <service id="0x03aa" sid="938" name="DIGITURK 4K" type="31" provider="Digital Platform" onid="126" tsid="50500" namespace="0x00460000" />
        <service id="0x03ac" sid="940" name="TEST XML1" type="1" provider="Digital Platform" onid="126" tsid="50500" namespace="0x00460000" />
        <service id="0x093b" sid="2363" name="TRT 4K" type="31" provider="Digital Platform" onid="126" tsid="50500" namespace="0x00460000" />
      </transponder>
    </satellite>
    <satellite key="00460000:c5a8:007e" name="Sat-7E" namespace="0x00460000" position="7">
      <transponder key="00460000:c5a8:007e" frequency="11554000" symbol_rate="29750000" polarization="H" fec="3" system="0" modulation="0">
        <service id="0x1de0" sid="7648" name="AYAZAGA_MAIN" type="17" provider="Digital Platform" onid="126" tsid="50600" namespace="0x00460000" />
        <service id="0x1ddf" sid="7647" name="AYAZAGA_PGM" type="17" provider="Digital Platform" onid="126" tsid="50600" namespace="0x00460000" />
        <service id="0x1de1" sid="7649" name="AYAZAGA_YEDEK" type="17" provider="Digital Platform" onid="126" tsid="50600" namespace="0x00460000" />
        <service id="0x1ddb" sid="7643" name="MCR_MW1" type="17" provider="Digital Platform" onid="126" tsid="50600" namespace="0x00460000" />
        <service id="0x1ddc" sid="7644" name="MCR_MW2" type="17" provider="Digital Platform" onid="126" tsid="50600" namespace="0x00460000" />
        <service id="0x1ddd" sid="7645" name="MCR_MW3" type="17" provider="Digital Platform" onid="126" tsid="50600" namespace="0x00460000" />
        <service id="0x1dde" sid="7646" name="MCR_MW4" type="17" provider="Digital Platform" onid="126" tsid="50600" namespace="0x00460000" />
        <service id="0x1dd9" sid="7641" name="PCR_MW1" type="17" provider="Digital Platform" onid="126" tsid="50600" namespace="0x00460000" />
        <service id="0x1dda" sid="7642" name="PCR_MW2" type="17" provider="Digital Platform" onid="126" tsid="50600" namespace="0x00460000" />
        <service id="0x1de2" sid="7650" name="PCR_MW3" type="17" provider="Digital Platform" onid="126" tsid="50600" namespace="0x00460000" />
        <service id="0x1dd8" sid="7640" name="TEST XML2" type="17" provider="Digital Platform" onid="126" tsid="50600" namespace="0x00460000" />
        <service id="0x1de3" sid="7651" name="TEST_x81" type="17" provider="Digital Platform" onid="126" tsid="50600" namespace="0x00460000" />
      </transponder>
    </satellite>
    <satellite key="00460000:c60c:007e" name="Sat-7E" namespace="0x00460000" position="7">
      <transponder key="00460000:c60c:007e" frequency="11595000" symbol_rate="30000000" polarization="H" fec="4" system="0" modulation="0">
        <service id="0x0317" sid="791" name="BBC ENT" type="1" provider="Digital Platform" onid="126" tsid="50700" namespace="0x00460000" />
        <service id="0x078b" sid="1931" name="CNN INT HD" type="17" provider="Digital Platform" onid="126" tsid="50700" namespace="0x00460000" />
        <service id="0x0319" sid="793" name="EURO D" type="1" provider="Digital Platform" onid="126" tsid="50700" namespace="0x00460000" />
        <service id="0x192c" sid="6444" name="EURONEWS HD" type="17" provider="Digital Platform" onid="126" tsid="50700" namespace="0x00460000" />
        <service id="0x078e" sid="1934" name="MEZZO HD" type="17" provider="Digital Platform" onid="126" tsid="50700" namespace="0x00460000" />
        <service id="0x0318" sid="792" name="MİNİKAGO" type="1" provider="Digital Platform" onid="126" tsid="50700" namespace="0x00460000" />
        <service id="0x078f" sid="1935" name="MTV 00s" type="1" provider="Digital Platform" onid="126" tsid="50700" namespace="0x00460000" />
        <service id="0x079a" sid="1946" name="NICK JR." type="1" provider="Digital Platform" onid="126" tsid="50700" namespace="0x00460000" />
        <service id="0x193e" sid="6462" name="NICKELODEON" type="1" provider="Digital Platform" onid="126" tsid="50700" namespace="0x00460000" />
        <service id="0x0315" sid="789" name="RAI 1" type="1" provider="Digital Platform" onid="126" tsid="50700" namespace="0x00460000" />
        <service id="0x192b" sid="6443" name="RTR PLANETA" type="1" provider="Digital Platform" onid="126" tsid="50700" namespace="0x00460000" />
        <service id="0x031f" sid="799" name="TV 100 HD" type="17" provider="Digital Platform" onid="126" tsid="50700" namespace="0x00460000" />
        <service id="0x192e" sid="6446" name="TV5 MONDE EUROPE HD" type="17" provider="Digital Platform" onid="126" tsid="50700" namespace="0x00460000" />
      </transponder>
    </satellite>
    <satellite key="00460000:c670:007e" name="Sat-7E" namespace="0x00460000" position="7">
      <transponder key="00460000:c670:007e" frequency="11678000" symbol_rate="30000000" polarization="H" fec="4" system="0" modulation="0">
        <service id="0x01c4" sid="452" name="A PARA HD" type="17" provider="Digital Platform" onid="126" tsid="50800" namespace="0x00460000" />
        <service id="0x10fe" sid="4350" name="BBC CBeebies HD" type="17" provider="Digital Platform" onid="126" tsid="50800" namespace="0x00460000" />
        <service id="0x10ff" sid="4351" name="BBC EARTH HD" type="17" provider="Digital Platform" onid="126" tsid="50800" namespace="0x00460000" />
        <service id="0x044e" sid="1102" name="FASHION TV HD" type="17" provider="Digital Platform" onid="126" tsid="50800" namespace="0x00460000" />
        <service id="0x044d" sid="1101" name="MCM TOP HD" type="17" provider="Digital Platform" onid="126" tsid="50800" namespace="0x00460000" />
        <service id="0x01c3" sid="451" name="NAT GEO HD" type="17" provider="Digital Platform" onid="126" tsid="50800" namespace="0x00460000" />
        <service id="0x01c5" sid="453" name="SHOWTÜRK HD" type="17" provider="Digital Platform" onid="126" tsid="50800" namespace="0x00460000" />
        <service id="0x01c6" sid="454" name="TJK tv HD" type="17" provider="Digital Platform" onid="126" tsid="50800" namespace="0x00460000" />
        <service id="0x044c" sid="1100" name="TVNET HD" type="17" provider="Digital Platform" onid="126" tsid="50800" namespace="0x00460000" />
      </transponder>
    </satellite>
    <satellite key="00460000:c6d4:007e" name="Sat-7E" namespace="0x00460000" position="7">
      <transponder key="00460000:c6d4:007e" frequency="11512000" symbol_rate="29900000" polarization="H" fec="4" system="0" modulation="0">
        <service id="0x14e3" sid="5347" name="5+1 Concerts" type="130" provider="Digital Platform" onid="126" tsid="50900" namespace="0x00460000" />
        <service id="0x14c0" sid="5312" name="80'S HITS" type="130" provider="Digital Platform" onid="126" tsid="50900" namespace="0x00460000" />
        <service id="0x14bf" sid="5311" name="90'S HITS" type="130" provider="Digital Platform" onid="126" tsid="50900" namespace="0x00460000" />
        <service id="0x14dd" sid="5341" name="ALEM FM 89.2" type="130" provider="Digital Platform" onid="126" tsid="50900" namespace="0x00460000" />
        <service id="0x14c3" sid="5315" name="AMERICA'S CLASSICS" type="130" provider="Digital Platform" onid="126" tsid="50900" namespace="0x00460000" />
        <service id="0x14e6" sid="5350" name="BABA RADYO" type="130" provider="Digital Platform" onid="126" tsid="50900" namespace="0x00460000" />
        <service id="0x14f0" sid="5360" name="BABY TV HD" type="17" provider="Digital Platform" onid="126" tsid="50900" namespace="0x00460000" />
        <service id="0x14ba" sid="5306" name="BBC First" type="17" provider="Digital Platform" onid="126" tsid="50900" namespace="0x00460000" />
        <service id="0x14b6" sid="5302" name="beIN MOVIES ACTION 2 HD" type="17" provider="Digital Platform" onid="126" tsid="50900" namespace="0x00460000" />
        <service id="0x14b7" sid="5303" name="beIN SPORTS MAX HD 1" type="17" provider="Digital Platform" onid="126" tsid="50900" namespace="0x00460000" />
        <service id="0x14e7" sid="5351" name="BEST FM" type="130" provider="Digital Platform" onid="126" tsid="50900" namespace="0x00460000" />
        <service id="0x14ca" sid="5322" name="BLUES" type="130" provider="Digital Platform" onid="126" tsid="50900" namespace="0x00460000" />
        <service id="0x14f2" sid="5362" name="CARTOON NETWORK" type="1" provider="Digital Platform" onid="126" tsid="50900" namespace="0x00460000" />
        <service id="0x14cf" sid="5327" name="CHILL OUT / LOUNGE" type="130" provider="Digital Platform" onid="126" tsid="50900" namespace="0x00460000" />
        <service id="0x14c7" sid="5319" name="CLASSIC ROCK" type="130" provider="Digital Platform" onid="126" tsid="50900" namespace="0x00460000" />
        <service id="0x14c4" sid="5316" name="CLASSICAL MUSIC" type="130" provider="Digital Platform" onid="126" tsid="50900" namespace="0x00460000" />
        <service id="0x14c2" sid="5314" name="CONCERTS" type="130" provider="Digital Platform" onid="126" tsid="50900" namespace="0x00460000" />
        <service id="0x14ef" sid="5359" name="DA VINCI HD" type="17" provider="Digital Platform" onid="126" tsid="50900" namespace="0x00460000" />
        <service id="0x14f4" sid="5364" name="DISNEY CHANNEL" type="1" provider="Digital Platform" onid="126" tsid="50900" namespace="0x00460000" />
        <service id="0x14f3" sid="5363" name="DISNEY JUNIOR" type="1" provider="Digital Platform" onid="126" tsid="50900" namespace="0x00460000" />
        <service id="0x14d4" sid="5332" name="DREAMY" type="130" provider="Digital Platform" onid="126" tsid="50900" namespace="0x00460000" />
        <service id="0x14d1" sid="5329" name="EASY LISTENING" type="130" provider="Digital Platform" onid="126" tsid="50900" namespace="0x00460000" />
        <service id="0x14c6" sid="5318" name="ENERGETIC" type="130" provider="Digital Platform" onid="126" tsid="50900" namespace="0x00460000" />
        <service id="0x14ea" sid="5354" name="GREEK SONGS" type="130" provider="Digital Platform" onid="126" tsid="50900" namespace="0x00460000" />
        <service id="0x14b8" sid="5304" name="GS TV HD" type="17" provider="Digital Platform" onid="126" tsid="50900" namespace="0x00460000" />
        <service id="0x14d7" sid="5335" name="HAPPY" type="130" provider="Digital Platform" onid="126" tsid="50900" namespace="0x00460000" />
        <service id="0x14d0" sid="5328" name="HIP HOP R&amp;B" type="130" provider="Digital Platform" onid="126" tsid="50900" namespace="0x00460000" />
        <service id="0x14bc" sid="5308" name="HOTTEST HITS" type="130" provider="Digital Platform" onid="126" tsid="50900" namespace="0x00460000" />
        <service id="0x14be" sid="5310" name="IN LOVE" type="130" provider="Digital Platform" onid="126" tsid="50900" namespace="0x00460000" />
        <service id="0x14d3" sid="5331" name="INTERNATIONAL" type="130" provider="Digital Platform" onid="126" tsid="50900" namespace="0x00460000" />
        <service id="0x14c9" sid="5321" name="JAZZ" type="130" provider="Digital Platform" onid="126" tsid="50900" namespace="0x00460000" />
        <service id="0x14eb" sid="5355" name="JOY FM" type="130" provider="Digital Platform" onid="126" tsid="50900" namespace="0x00460000" />
        <service id="0x14df" sid="5343" name="JOY TURK FM" type="130" provider="Digital Platform" onid="126" tsid="50900" namespace="0x00460000" />
        <service id="0x14e4" sid="5348" name="KAFA RADYO" type="130" provider="Digital Platform" onid="126" tsid="50900" namespace="0x00460000" />
        <service id="0x14e8" sid="5352" name="KRAL FM" type="130" provider="Digital Platform" onid="126" tsid="50900" namespace="0x00460000" />
        <service id="0x14e9" sid="5353" name="KRAL POP RADYO" type="130" provider="Digital Platform" onid="126" tsid="50900" namespace="0x00460000" />
        <service id="0x14cc" sid="5324" name="LATIN" type="130" provider="Digital Platform" onid="126" tsid="50900" namespace="0x00460000" />
        <service id="0x14bd" sid="5309" name="LOVE SONGS" type="130" provider="Digital Platform" onid="126" tsid="50900" namespace="0x00460000" />
        <service id="0x14ed" sid="5357" name="MASAL RADYO" type="130" provider="Digital Platform" onid="126" tsid="50900" namespace="0x00460000" />
        <service id="0x14d5" sid="5333" name="MELANCHOLIC" type="130" provider="Digital Platform" onid="126" tsid="50900" namespace="0x00460000" />
        <service id="0x14ce" sid="5326" name="MORNING COFFEE" type="130" provider="Digital Platform" onid="126" tsid="50900" namespace="0x00460000" />
        <service id="0x14c8" sid="5320" name="NU JAZZ" type="130" provider="Digital Platform" onid="126" tsid="50900" namespace="0x00460000" />
        <service id="0x14cd" sid="5325" name="OLDIES BUT GOLDIES" type="130" provider="Digital Platform" onid="126" tsid="50900" namespace="0x00460000" />
        <service id="0x14c1" sid="5313" name="PARTY" type="130" provider="Digital Platform" onid="126" tsid="50900" namespace="0x00460000" />
        <service id="0x14ec" sid="5356" name="RADYO 7" type="130" provider="Digital Platform" onid="126" tsid="50900" namespace="0x00460000" />
        <service id="0x14de" sid="5342" name="RADYO VİVA" type="130" provider="Digital Platform" onid="126" tsid="50900" namespace="0x00460000" />
        <service id="0x14cb" sid="5323" name="REGGAE" type="130" provider="Digital Platform" onid="126" tsid="50900" namespace="0x00460000" />
        <service id="0x14d2" sid="5330" name="RELAXATION" type="130" provider="Digital Platform" onid="126" tsid="50900" namespace="0x00460000" />
        <service id="0x14c5" sid="5317" name="ROCK" type="130" provider="Digital Platform" onid="126" tsid="50900" namespace="0x00460000" />
        <service id="0x14dc" sid="5340" name="SHOW RADYO" type="130" provider="Digital Platform" onid="126" tsid="50900" namespace="0x00460000" />
        <service id="0x14d8" sid="5336" name="SLOW TURK" type="130" provider="Digital Platform" onid="126" tsid="50900" namespace="0x00460000" />
        <service id="0x14d6" sid="5334" name="SMOOTH JAZZ" type="130" provider="Digital Platform" onid="126" tsid="50900" namespace="0x00460000" />
        <service id="0x14db" sid="5339" name="SÜPER FM" type="130" provider="Digital Platform" onid="126" tsid="50900" namespace="0x00460000" />
        <service id="0x14b9" sid="5305" name="TELE 1 HD" type="17" provider="Digital Platform" onid="126" tsid="50900" namespace="0x00460000" />
        <service id="0x14e2" sid="5346" name="TRT FM" type="130" provider="Digital Platform" onid="126" tsid="50900" namespace="0x00460000" />
        <service id="0x14e0" sid="5344" name="TRT NAĞME" type="130" provider="Digital Platform" onid="126" tsid="50900" namespace="0x00460000" />
        <service id="0x14da" sid="5338" name="TRT RADYO 3" type="130" provider="Digital Platform" onid="126" tsid="50900" namespace="0x00460000" />
        <service id="0x14e1" sid="5345" name="TRT TÜRKÜ" type="130" provider="Digital Platform" onid="126" tsid="50900" namespace="0x00460000" />
        <service id="0x14bb" sid="5307" name="ŞÖMİNE KEYFİ" type="130" provider="Digital Platform" onid="126" tsid="50900" namespace="0x00460000" />
      </transponder>
    </satellite>
    <satellite key="00462bd6:0000:0000" name="Sat-7E" namespace="0x00462bd6" position="7">
      <transponder key="00462bd6:0000:0000" frequency="11222000" symbol_rate="27500000" polarization="H" fec="3" system="0" modulation="0">
        <service id="0x065e" sid="1630" name="Andisheh TV" type="1" provider="" onid="0" tsid="0" namespace="0x00462bd6" />
        <service id="0x1af4" sid="6900" name="IRANEFARDA" type="1" provider="Eutelsat" onid="0" tsid="0" namespace="0x00462bd6" />
        <service id="0x164a" sid="5706" name="Kanal Yek" type="1" provider="" onid="0" tsid="0" namespace="0x00462bd6" />
        <service id="0x0288" sid="648" name="PARS TV" type="1" provider="" onid="0" tsid="0" namespace="0x00462bd6" />
        <service id="0x15e0" sid="5600" name="PUBLIRAD" type="1" provider="" onid="0" tsid="0" namespace="0x00462bd6" />
        <service id="0x164b" sid="5707" name="Telstra GMN - FT" type="1" provider="none" onid="0" tsid="0" namespace="0x00462bd6" />
        <service id="0x164c" sid="5708" name="Telstra GMN - OU 1" type="1" provider="none" onid="0" tsid="0" namespace="0x00462bd6" />
      </transponder>
    </satellite>
    <satellite key="00462bfe:0000:0000" name="Sat-7E" namespace="0x00462bfe" position="7">
      <transponder key="00462bfe:0000:0000" frequency="11262000" symbol_rate="27500000" polarization="H" fec="2" system="0" modulation="0">
        <service id="0x016e" sid="366" name="4U TV" type="1" provider="" onid="0" tsid="0" namespace="0x00462bfe" />
        <service id="0x017a" sid="378" name="Didgah TV" type="1" provider="" onid="0" tsid="0" namespace="0x00462bfe" />
        <service id="0x012e" sid="302" name="Erfan Halgheh" type="1" provider="" onid="0" tsid="0" namespace="0x00462bfe" />
        <service id="0x00aa" sid="170" name="Hadi 4 TV" type="1" provider="none" onid="0" tsid="0" namespace="0x00462bfe" />
        <service id="0x00b0" sid="176" name="iToon TV" type="1" provider="" onid="0" tsid="0" namespace="0x00462bfe" />
        <service id="0x012f" sid="303" name="Kral TV" type="1" provider="" onid="0" tsid="0" namespace="0x00462bfe" />
        <service id="0x00b1" sid="177" name="Nostalgic Radio" type="1" provider="" onid="0" tsid="0" namespace="0x00462bfe" />
        <service id="0x0052" sid="82" name="T+ TV" type="1" provider="" onid="0" tsid="0" namespace="0x00462bfe" />
      </transponder>
    </satellite>
    <satellite key="00463188:0001:0001" name="Sat-7E" namespace="0x00463188" position="7">
      <transponder key="00463188:0001:0001" frequency="12680000" symbol_rate="3250000" polarization="H" fec="4" system="0" modulation="0">
        <service id="0x0001" sid="1" name="ALKAFEEL" type="25" provider="ALKAFEEL" onid="1" tsid="1" namespace="0x00463188" />
      </transponder>
    </satellite>
    <satellite key="0046abb3:0001:ffff" name="Sat-7E" namespace="0x0046abb3" position="7">
      <transponder key="0046abb3:0001:ffff" frequency="11187000" symbol_rate="3715000" polarization="V" fec="4" system="0" modulation="0">
        <service id="0x0001" sid="1" name="TEST 1" type="1" provider="Service Provider" onid="65535" tsid="1" namespace="0x0046abb3" />
      </transponder>
    </satellite>
    <satellite key="0046ad8e:0001:0001" name="Sat-7E" namespace="0x0046ad8e" position="7">
      <transponder key="0046ad8e:0001:0001" frequency="11662000" symbol_rate="2000000" polarization="V" fec="4" system="0" modulation="0">
        <service id="0x0001" sid="1" name="ZagBAG" type="1" provider="Net 1" onid="1" tsid="1" namespace="0x0046ad8e" />
        <service id="0x0041" sid="65" name="zagros - baghdad" type="1" provider="TV-Provider" onid="1" tsid="1" namespace="0x0046ad8e" />
      </transponder>
    </satellite>
    <satellite key="0046ad9d:0001:0001" name="Sat-7E" namespace="0x0046ad9d" position="7">
      <transponder key="0046ad9d:0001:0001" frequency="11677000" symbol_rate="5040000" polarization="V" fec="8" system="0" modulation="0">
        <service id="0x0001" sid="1" name="Kurdistan24" type="1" provider="none" onid="1" tsid="1" namespace="0x0046ad9d" />
      </transponder>
    </satellite>
    <satellite key="0046ada9:0001:0001" name="Sat-7E" namespace="0x0046ada9" position="7">
      <transponder key="0046ada9:0001:0001" frequency="11689000" symbol_rate="5040000" polarization="V" fec="8" system="0" modulation="0">
        <service id="0x0001" sid="1" name="AVA" type="1" provider="none" onid="1" tsid="1" namespace="0x0046ada9" />
      </transponder>
    </satellite>
    <satellite key="0046b105:0001:0000" name="Sat-7E" namespace="0x0046b105" position="7">
      <transponder key="0046b105:0001:0000" frequency="12549000" symbol_rate="2222000" polarization="V" fec="4" system="0" modulation="0">
        <service id="0x0008" sid="8" name="Corallo SAT Bkp" type="1" provider="Globecast Italia" onid="0" tsid="1" namespace="0x0046b105" />
      </transponder>
    </satellite>
  </satellites>
</zapit>
