<?xml version='1.0' encoding='utf-8'?>
<zapit api="4">
  <terrestrials>
    <terrestrial key="eeee0000:2710:217c" name="DTV" namespace="0xeeee0000">
      <transponder key="eeee0000:2710:217c" frequency="530000000" symbol_rate="0" polarization="H" fec="5" system="0" modulation="4">
        <service id="0x05dc" sid="1500" name="CAMPANIA TV" type="1" provider="DTV" onid="8572" tsid="10000" namespace="0xeeee0000" />
        <service id="0x03e8" sid="1000" name="RETE+ITALIA" type="1" provider="TandbergTV" onid="8572" tsid="10000" namespace="0xeeee0000" />
      </transponder>
    </terrestrial>
  </terrestrials>
</zapit>
