<?xml version='1.0' encoding='utf-8'?>
<zapit api="4">
  <satellites>
    <satellite key="00300000:0002:0055" name="Sat-4.8E" namespace="0x00300000" position="4.8">
      <transponder key="00300000:0002:0055" frequency="12379000" symbol_rate="27500000" polarization="H" fec="3" system="0" modulation="0">
        <service id="0x010e" sid="270" name="8 Kanal int" type="22" provider="" onid="85" tsid="2" namespace="0x00300000" />
        <service id="0x007a" sid="122" name="DW Deutsch" type="1" provider="" onid="85" tsid="2" namespace="0x00300000" />
        <service id="0x00f0" sid="240" name="Gunaz TV" type="1" provider="" onid="85" tsid="2" namespace="0x00300000" />
        <service id="0x00dc" sid="220" name="RTVi" type="1" provider="" onid="85" tsid="2" namespace="0x00300000" />
        <service id="0x00fa" sid="250" name="SBN International" type="1" provider="" onid="85" tsid="2" namespace="0x00300000" />
        <service id="0x00c8" sid="200" name="TVGE INTERNATIONAL" type="1" provider="" onid="85" tsid="2" namespace="0x00300000" />
        <service id="0x00e6" sid="230" name="European Radio for Belarus" type="2" provider="" onid="85" tsid="2" namespace="0x00300000" radio="1" />
        <service id="0x00ea" sid="234" name="Radio Marija Latvia" type="2" provider="" onid="85" tsid="2" namespace="0x00300000" radio="1" />
        <service id="0x00ec" sid="236" name="Test R" type="2" provider="" onid="85" tsid="2" namespace="0x00300000" radio="1" />
      </transponder>
    </satellite>
    <satellite key="00300000:0006:0056" name="Sat-4.8E" namespace="0x00300000" position="4.8">
      <transponder key="00300000:0006:0056" frequency="11996000" symbol_rate="27500000" polarization="H" fec="3" system="0" modulation="0">
        <service id="0x0fdc" sid="4060" name="GOD Channel" type="1" provider="" onid="86" tsid="6" namespace="0x00300000" />
        <service id="0x0fd2" sid="4050" name="Kanal 10" type="1" provider="" onid="86" tsid="6" namespace="0x00300000" />
        <service id="0x0fa0" sid="4000" name="TVN Chile Nordic" type="1" provider="NSAB" onid="86" tsid="6" namespace="0x00300000" />
        <service id="0x0ffa" sid="4090" name="Vision Sverige" type="22" provider="" onid="86" tsid="6" namespace="0x00300000" />
      </transponder>
    </satellite>
    <satellite key="00300000:000c:0055" name="Sat-4.8E" namespace="0x00300000" position="4.8">
      <transponder key="00300000:000c:0055" frequency="11766000" symbol_rate="30000000" polarization="H" fec="2" system="0" modulation="0">
        <service id="0x17d4" sid="6100" name="1+1" type="22" provider="1plus1 Media" onid="85" tsid="12" namespace="0x00300000" />
        <service id="0x17d5" sid="6101" name="1+1 HD" type="25" provider="1plus1 Media" onid="85" tsid="12" namespace="0x00300000" />
        <service id="0x17ed" sid="6125" name="1+1 International" type="22" provider="1plus1 Media" onid="85" tsid="12" namespace="0x00300000" />
        <service id="0x17e8" sid="6120" name="2+2" type="22" provider="1plus1 Media" onid="85" tsid="12" namespace="0x00300000" />
        <service id="0x180a" sid="6154" name="36.6 TV" type="22" provider="1plus1 Media" onid="85" tsid="12" namespace="0x00300000" />
        <service id="0x02cd" sid="717" name="AVERS" type="22" provider="1plus1 Media" onid="85" tsid="12" namespace="0x00300000" />
        <service id="0x17e2" sid="6114" name="Bigudi" type="22" provider="1plus1 Media" onid="85" tsid="12" namespace="0x00300000" />
        <service id="0x17f4" sid="6132" name="Dacha" type="22" provider="1plus1 Media" onid="85" tsid="12" namespace="0x00300000" />
        <service id="0x17fe" sid="6142" name="Fauna" type="22" provider="1plus1 Media" onid="85" tsid="12" namespace="0x00300000" />
        <service id="0x02c6" sid="710" name="FilmUADrama" type="22" provider="1plus1 Media" onid="85" tsid="12" namespace="0x00300000" />
        <service id="0x02d8" sid="728" name="Kus-Kus" type="22" provider="1plus1 Media" onid="85" tsid="12" namespace="0x00300000" />
        <service id="0x17dc" sid="6108" name="Kvartal TV" type="22" provider="1plus1 Media" onid="85" tsid="12" namespace="0x00300000" />
        <service id="0x181f" sid="6175" name="Music Box" type="22" provider="1plus1 Media" onid="85" tsid="12" namespace="0x00300000" />
        <service id="0x02c4" sid="708" name="Nauka" type="22" provider="1plus1 Media" onid="85" tsid="12" namespace="0x00300000" />
        <service id="0x180e" sid="6158" name="Nicktoons" type="22" provider="1plus1 Media" onid="85" tsid="12" namespace="0x00300000" />
        <service id="0x182e" sid="6190" name="O-TV" type="22" provider="1plus1 Media" onid="85" tsid="12" namespace="0x00300000" />
        <service id="0x180c" sid="6156" name="Paramount Channel" type="22" provider="1plus1 Media" onid="85" tsid="12" namespace="0x00300000" />
        <service id="0x17f2" sid="6130" name="Paramount Comedy" type="22" provider="1plus1 Media" onid="85" tsid="12" namespace="0x00300000" />
        <service id="0x182d" sid="6189" name="Paramount Comedy" type="22" provider="1plus1 Media" onid="85" tsid="12" namespace="0x00300000" />
        <service id="0x17e0" sid="6112" name="Plus Plus" type="22" provider="1plus1 Media" onid="85" tsid="12" namespace="0x00300000" />
        <service id="0x182c" sid="6188" name="Plus Plus" type="22" provider="1plus1 Media" onid="85" tsid="12" namespace="0x00300000" />
        <service id="0x070a" sid="1802" name="Terra" type="22" provider="1plus1 Media" onid="85" tsid="12" namespace="0x00300000" />
        <service id="0x02cf" sid="719" name="Test Unian" type="22" provider="1plus1 Media" onid="85" tsid="12" namespace="0x00300000" />
        <service id="0x17de" sid="6110" name="TET" type="22" provider="1plus1 Media" onid="85" tsid="12" namespace="0x00300000" />
        <service id="0x070c" sid="1804" name="Trofey" type="22" provider="1plus1 Media" onid="85" tsid="12" namespace="0x00300000" />
        <service id="0x02c8" sid="712" name="Unian TV" type="22" provider="1plus1 Media" onid="85" tsid="12" namespace="0x00300000" />
        <service id="0x02d7" sid="727" name="Unian TV" type="22" provider="1plus1 Media" onid="85" tsid="12" namespace="0x00300000" />
        <service id="0x072a" sid="1834" name="UTravel" type="22" provider="1plus1 Media" onid="85" tsid="12" namespace="0x00300000" />
        <service id="0x02ca" sid="714" name="Епоха" type="22" provider="1plus1 Media" onid="85" tsid="12" namespace="0x00300000" />
      </transponder>
    </satellite>
    <satellite key="00300000:000f:0055" name="Sat-4.8E" namespace="0x00300000" position="4.8">
      <transponder key="00300000:000f:0055" frequency="12073000" symbol_rate="27500000" polarization="H" fec="3" system="0" modulation="0">
        <service id="0x07ba" sid="1978" name="Espreso TV" type="1" provider="" onid="85" tsid="15" namespace="0x00300000" />
        <service id="0x07be" sid="1982" name="GLAS" type="1" provider="Glas" onid="85" tsid="15" namespace="0x00300000" />
        <service id="0x07c7" sid="1991" name="KARAVAN" type="1" provider="" onid="85" tsid="15" namespace="0x00300000" />
        <service id="0x19be" sid="6590" name="NATALI" type="1" provider="" onid="85" tsid="15" namespace="0x00300000" />
        <service id="0x07b1" sid="1969" name="New Christian" type="22" provider="" onid="85" tsid="15" namespace="0x00300000" />
        <service id="0x07cc" sid="1996" name="ROZPAKUI" type="1" provider="" onid="85" tsid="15" namespace="0x00300000" />
        <service id="0x19aa" sid="6570" name="Svarogichi TEST" type="1" provider="" onid="85" tsid="15" namespace="0x00300000" />
        <service id="0x07ac" sid="1964" name="Emmanuel" type="2" provider="Svitle Radio" onid="85" tsid="15" namespace="0x00300000" radio="1" />
        <service id="0x07af" sid="1967" name="radio nv" type="2" provider="TRK ERA" onid="85" tsid="15" namespace="0x00300000" radio="1" />
      </transponder>
    </satellite>
    <satellite key="00300000:0010:0055" name="Sat-4.8E" namespace="0x00300000" position="4.8">
      <transponder key="00300000:0010:0055" frequency="12130000" symbol_rate="27500000" polarization="V" fec="3" system="0" modulation="0">
        <service id="0x1a18" sid="6680" name="1+1 International" type="1" provider="" onid="85" tsid="16" namespace="0x00300000" />
        <service id="0x19dc" sid="6620" name="DOM TV" type="1" provider="" onid="85" tsid="16" namespace="0x00300000" />
        <service id="0x19fa" sid="6650" name="ICTV UA" type="1" provider="" onid="85" tsid="16" namespace="0x00300000" />
        <service id="0x1a0e" sid="6670" name="INTER +" type="1" provider="" onid="85" tsid="16" namespace="0x00300000" />
        <service id="0x1a22" sid="6690" name="Ukraina 24" type="1" provider="" onid="85" tsid="16" namespace="0x00300000" />
        <service id="0x19d2" sid="6610" name="Unian TV" type="1" provider="" onid="85" tsid="16" namespace="0x00300000" />
      </transponder>
    </satellite>
    <satellite key="00300000:0011:0055" name="Sat-4.8E" namespace="0x00300000" position="4.8">
      <transponder key="00300000:0011:0055" frequency="12284000" symbol_rate="27500000" polarization="V" fec="3" system="0" modulation="0">
        <service id="0x1b3a" sid="6970" name="' Apostrophe TV" type="1" provider="" onid="85" tsid="17" namespace="0x00300000" />
        <service id="0x1b12" sid="6930" name="Channel 5 (Ukraine)" type="1" provider="Channel 5 (Ukraine)" onid="85" tsid="17" namespace="0x00300000" />
        <service id="0x1b4e" sid="6990" name="Kyiv TV" type="1" provider="" onid="85" tsid="17" namespace="0x00300000" />
        <service id="0x1afe" sid="6910" name="LIVE" type="1" provider="" onid="85" tsid="17" namespace="0x00300000" />
        <service id="0x1b03" sid="6915" name="NADIYA" type="22" provider="" onid="85" tsid="17" namespace="0x00300000" />
        <service id="0x1b44" sid="6980" name="NASH" type="1" provider="" onid="85" tsid="17" namespace="0x00300000" />
        <service id="0x1b1c" sid="6940" name="SONATA TV" type="1" provider="" onid="85" tsid="17" namespace="0x00300000" />
        <service id="0x1b08" sid="6920" name="SONCE (UA)" type="1" provider="SOLAR MEDIA" onid="85" tsid="17" namespace="0x00300000" />
        <service id="0x1b26" sid="6950" name="TV-1" type="1" provider="" onid="85" tsid="17" namespace="0x00300000" />
        <service id="0x1b21" sid="6945" name="UNC" type="22" provider="" onid="85" tsid="17" namespace="0x00300000" />
        <service id="0x1af4" sid="6900" name="ARMY FM" type="2" provider="" onid="85" tsid="17" namespace="0x00300000" radio="1" />
      </transponder>
    </satellite>
    <satellite key="00300000:0012:0055" name="Sat-4.8E" namespace="0x00300000" position="4.8">
      <transponder key="00300000:0012:0055" frequency="12303000" symbol_rate="25547000" polarization="H" fec="5" system="0" modulation="0">
        <service id="0x050b" sid="1291" name="Belsat TV" type="1" provider="" onid="85" tsid="18" namespace="0x00300000" />
      </transponder>
    </satellite>
    <satellite key="00300000:0018:0044" name="Sat-4.8E" namespace="0x00300000" position="4.8">
      <transponder key="00300000:0018:0044" frequency="12207000" symbol_rate="30000000" polarization="V" fec="2" system="0" modulation="0">
        <service id="0x0a21" sid="2593" name="4ever Music" type="22" provider="VIASAT" onid="68" tsid="24" namespace="0x00300000" />
        <service id="0x09ce" sid="2510" name="Animal Planet" type="22" provider="VIASAT" onid="68" tsid="24" namespace="0x00300000" />
        <service id="0x09e2" sid="2530" name="Discovery Channel" type="22" provider="VIASAT" onid="68" tsid="24" namespace="0x00300000" />
        <service id="0x0a0a" sid="2570" name="Discovery Science" type="22" provider="VIASAT" onid="68" tsid="24" namespace="0x00300000" />
        <service id="0x0a00" sid="2560" name="DORAMA" type="22" provider="VIASAT" onid="68" tsid="24" namespace="0x00300000" />
        <service id="0x0a04" sid="2564" name="DUCK TV" type="22" provider="VIASAT" onid="68" tsid="24" namespace="0x00300000" />
        <service id="0x0a1f" sid="2591" name="EU Music" type="22" provider="VIASAT" onid="68" tsid="24" namespace="0x00300000" />
        <service id="0x09f1" sid="2545" name="Eurosport 1 HD" type="31" provider="VIASAT" onid="68" tsid="24" namespace="0x00300000" />
        <service id="0x0bc2" sid="3010" name="Eurosport 2" type="22" provider="VIASAT" onid="68" tsid="24" namespace="0x00300000" />
        <service id="0x0aaa" sid="2730" name="Food Network" type="22" provider="VIASAT" onid="68" tsid="24" namespace="0x00300000" />
        <service id="0x0a14" sid="2580" name="Fox" type="22" provider="VIASAT" onid="68" tsid="24" namespace="0x00300000" />
        <service id="0x0a18" sid="2584" name="Fox Life" type="22" provider="VIASAT" onid="68" tsid="24" namespace="0x00300000" />
        <service id="0x0a8c" sid="2700" name="History" type="22" provider="VIASAT" onid="68" tsid="24" namespace="0x00300000" />
        <service id="0x0a1c" sid="2588" name="Hollywood" type="22" provider="VIASAT" onid="68" tsid="24" namespace="0x00300000" />
        <service id="0x0a3c" sid="2620" name="National Geographic" type="22" provider="VIASAT" onid="68" tsid="24" namespace="0x00300000" />
        <service id="0x0a64" sid="2660" name="Nick Jr." type="22" provider="VIASAT" onid="68" tsid="24" namespace="0x00300000" />
        <service id="0x0a5a" sid="2650" name="Nickelodeon" type="25" provider="VIASAT" onid="68" tsid="24" namespace="0x00300000" />
        <service id="0x0a25" sid="2597" name="NIKI Junior" type="22" provider="VIASAT" onid="68" tsid="24" namespace="0x00300000" />
        <service id="0x0a23" sid="2595" name="NIKI Kids" type="22" provider="VIASAT" onid="68" tsid="24" namespace="0x00300000" />
        <service id="0x09ef" sid="2543" name="TeSt" type="22" provider="Viasat" onid="68" tsid="24" namespace="0x00300000" />
        <service id="0x09d8" sid="2520" name="TLC" type="22" provider="VIASAT" onid="68" tsid="24" namespace="0x00300000" />
        <service id="0x09ec" sid="2540" name="Travel Channel" type="22" provider="VIASAT" onid="68" tsid="24" namespace="0x00300000" />
        <service id="0x0a02" sid="2562" name="ZEE TV" type="22" provider="VIASAT" onid="68" tsid="24" namespace="0x00300000" />
      </transponder>
    </satellite>
    <satellite key="00300000:001a:0044" name="Sat-4.8E" namespace="0x00300000" position="4.8">
      <transponder key="00300000:001a:0044" frequency="12092000" symbol_rate="30000000" polarization="V" fec="2" system="0" modulation="0">
        <service id="0x0adc" sid="2780" name="BOLT" type="22" provider="VIASAT" onid="68" tsid="26" namespace="0x00300000" />
        <service id="0x0be0" sid="3040" name="Discovery ID HD" type="25" provider="VIASAT" onid="68" tsid="26" namespace="0x00300000" />
        <service id="0x0bd6" sid="3030" name="Epic Drama HD" type="25" provider="VIASAT" onid="68" tsid="26" namespace="0x00300000" />
        <service id="0x01a7" sid="423" name="Penthouse" type="22" provider="VIASAT" onid="68" tsid="26" namespace="0x00300000" />
        <service id="0x0ac8" sid="2760" name="Playboy TV" type="22" provider="VIASAT" onid="68" tsid="26" namespace="0x00300000" />
        <service id="0x0abe" sid="2750" name="TV1000" type="25" provider="VIASAT" onid="68" tsid="26" namespace="0x00300000" />
        <service id="0x01ba" sid="442" name="TV1000 Action" type="25" provider="VIASAT" onid="68" tsid="26" namespace="0x00300000" />
        <service id="0x0afa" sid="2810" name="TV1000 World Kino" type="22" provider="VIASAT" onid="68" tsid="26" namespace="0x00300000" />
        <service id="0x0ad2" sid="2770" name="Viasat Explorer" type="22" provider="VIASAT" onid="68" tsid="26" namespace="0x00300000" />
        <service id="0x0a1e" sid="2590" name="Viasat History" type="22" provider="VIASAT" onid="68" tsid="26" namespace="0x00300000" />
        <service id="0x0ab4" sid="2740" name="Viasat Nature" type="22" provider="VIASAT" onid="68" tsid="26" namespace="0x00300000" />
        <service id="0x043e" sid="1086" name="Viasat Sport HD" type="25" provider="VIASAT" onid="68" tsid="26" namespace="0x00300000" />
        <service id="0x107c" sid="4220" name="ViP Comedy HD" type="25" provider="VIASAT" onid="68" tsid="26" namespace="0x00300000" />
        <service id="0x01ae" sid="430" name="ViP Megahit HD" type="25" provider="VIASAT" onid="68" tsid="26" namespace="0x00300000" />
        <service id="0x042c" sid="1068" name="ViP Premiere HD" type="25" provider="VIASAT" onid="68" tsid="26" namespace="0x00300000" />
        <service id="0x03fe" sid="1022" name="ViP Serial HD" type="25" provider="VIASAT" onid="68" tsid="26" namespace="0x00300000" />
      </transponder>
    </satellite>
    <satellite key="00300000:002b:0055" name="Sat-4.8E" namespace="0x00300000" position="4.8">
      <transponder key="00300000:002b:0055" frequency="11747000" symbol_rate="30000000" polarization="V" fec="3" system="0" modulation="0">
        <service id="0x1dd3" sid="7635" name="'Apostrophe TV" type="25" provider="" onid="85" tsid="43" namespace="0x00300000" />
        <service id="0x1dc0" sid="7616" name="/////PRYAMIY" type="22" provider="" onid="85" tsid="43" namespace="0x00300000" />
        <service id="0x1de7" sid="7655" name="CENTRAL" type="22" provider="" onid="85" tsid="43" namespace="0x00300000" />
        <service id="0x1dd8" sid="7640" name="Channel 4 (Ukraine)" type="22" provider="" onid="85" tsid="43" namespace="0x00300000" />
        <service id="0x1dc9" sid="7625" name="Channel 5 (Ukraine) HD" type="22" provider="" onid="85" tsid="43" namespace="0x00300000" />
        <service id="0x1e0f" sid="7695" name="COVID-19" type="25" provider="" onid="85" tsid="43" namespace="0x00300000" />
        <service id="0x1dbf" sid="7615" name="DOM TV" type="25" provider="" onid="85" tsid="43" namespace="0x00300000" />
        <service id="0x1dfb" sid="7675" name="DONBAS ONLINE" type="22" provider="" onid="85" tsid="43" namespace="0x00300000" />
        <service id="0x1e0a" sid="7690" name="English Club HD" type="25" provider="" onid="85" tsid="43" namespace="0x00300000" />
        <service id="0x1de2" sid="7650" name="ERC" type="22" provider="" onid="85" tsid="43" namespace="0x00300000" />
        <service id="0x1e05" sid="7685" name="ObozTV" type="22" provider="" onid="85" tsid="43" namespace="0x00300000" />
        <service id="0x1dec" sid="7660" name="Pershyy Nezalezhnyy" type="22" provider="" onid="85" tsid="43" namespace="0x00300000" />
        <service id="0x1dc4" sid="7620" name="Sirius TV" type="22" provider="" onid="85" tsid="43" namespace="0x00300000" />
        <service id="0x1ddd" sid="7645" name="Svarogichi" type="22" provider="" onid="85" tsid="43" namespace="0x00300000" />
        <service id="0x1e00" sid="7680" name="TAK TB CENTER+" type="22" provider="" onid="85" tsid="43" namespace="0x00300000" />
        <service id="0x1db5" sid="7605" name="Tellytrack" type="22" provider="" onid="85" tsid="43" namespace="0x00300000" />
        <service id="0x1dba" sid="7610" name="TV-1" type="25" provider="" onid="85" tsid="43" namespace="0x00300000" />
        <service id="0x1df1" sid="7665" name="TV5" type="22" provider="" onid="85" tsid="43" namespace="0x00300000" />
        <service id="0x1df6" sid="7670" name="ZORAYNIY" type="22" provider="" onid="85" tsid="43" namespace="0x00300000" />
      </transponder>
    </satellite>
    <satellite key="00300000:002e:0055" name="Sat-4.8E" namespace="0x00300000" position="4.8">
      <transponder key="00300000:002e:0055" frequency="12437000" symbol_rate="30000000" polarization="V" fec="2" system="0" modulation="0">
        <service id="0x1ef4" sid="7924" name="Enter Film" type="22" provider="" onid="85" tsid="46" namespace="0x00300000" />
        <service id="0x1ef5" sid="7925" name="Enter Film HD" type="25" provider="" onid="85" tsid="46" namespace="0x00300000" />
        <service id="0x1ee6" sid="7910" name="Inter" type="22" provider="" onid="85" tsid="46" namespace="0x00300000" />
        <service id="0x1ef6" sid="7926" name="INTER + HD" type="25" provider="INTER +" onid="85" tsid="46" namespace="0x00300000" />
        <service id="0x1ee7" sid="7911" name="Inter HD" type="25" provider="" onid="85" tsid="46" namespace="0x00300000" />
        <service id="0x1eec" sid="7916" name="K1" type="22" provider="" onid="85" tsid="46" namespace="0x00300000" />
        <service id="0x1eed" sid="7917" name="K1 HD" type="25" provider="" onid="85" tsid="46" namespace="0x00300000" />
        <service id="0x1eee" sid="7918" name="K2" type="22" provider="" onid="85" tsid="46" namespace="0x00300000" />
        <service id="0x1eef" sid="7919" name="K2 HD" type="25" provider="" onid="85" tsid="46" namespace="0x00300000" />
        <service id="0x1eea" sid="7914" name="MEGA" type="22" provider="" onid="85" tsid="46" namespace="0x00300000" />
        <service id="0x1eeb" sid="7915" name="MEGA HD" type="25" provider="" onid="85" tsid="46" namespace="0x00300000" />
        <service id="0x1ee8" sid="7912" name="NTN" type="22" provider="" onid="85" tsid="46" namespace="0x00300000" />
        <service id="0x1ee9" sid="7913" name="NTN HD" type="25" provider="" onid="85" tsid="46" namespace="0x00300000" />
        <service id="0x1ef2" sid="7922" name="PIXEL" type="22" provider="" onid="85" tsid="46" namespace="0x00300000" />
        <service id="0x1ef3" sid="7923" name="PIXEL HD" type="25" provider="" onid="85" tsid="46" namespace="0x00300000" />
        <service id="0x1ef0" sid="7920" name="ZOOM" type="22" provider="" onid="85" tsid="46" namespace="0x00300000" />
        <service id="0x1ef1" sid="7921" name="ZOOM HD" type="25" provider="" onid="85" tsid="46" namespace="0x00300000" />
      </transponder>
    </satellite>
    <satellite key="00300000:0035:0055" name="Sat-4.8E" namespace="0x00300000" position="4.8">
      <transponder key="00300000:0035:0055" frequency="12245000" symbol_rate="30000000" polarization="V" fec="2" system="0" modulation="0">
        <service id="0x0b67" sid="2919" name="34" type="22" provider="XTRA TV" onid="85" tsid="53" namespace="0x00300000" />
        <service id="0x0b66" sid="2918" name="Donbass" type="22" provider="XTRA TV" onid="85" tsid="53" namespace="0x00300000" />
        <service id="0x0b62" sid="2914" name="FOOTBALL 1 HD" type="25" provider="XTRA TV" onid="85" tsid="53" namespace="0x00300000" />
        <service id="0x0b63" sid="2915" name="FOOTBALL 1 SD" type="22" provider="XTRA TV" onid="85" tsid="53" namespace="0x00300000" />
        <service id="0x0b64" sid="2916" name="FOOTBALL 2 HD" type="25" provider="XTRA TV" onid="85" tsid="53" namespace="0x00300000" />
        <service id="0x0b65" sid="2917" name="FOOTBALL 2 SD" type="22" provider="XTRA TV" onid="85" tsid="53" namespace="0x00300000" />
        <service id="0x0b73" sid="2931" name="FOOTBALL 3 HD" type="25" provider="XTRA TV" onid="85" tsid="53" namespace="0x00300000" />
        <service id="0x0b60" sid="2912" name="Indigo HD" type="25" provider="XTRA TV" onid="85" tsid="53" namespace="0x00300000" />
        <service id="0x0b5f" sid="2911" name="NLO HD" type="25" provider="XTRA TV" onid="85" tsid="53" namespace="0x00300000" />
        <service id="0x0b72" sid="2930" name="Rybalka" type="22" provider="XTRA TV" onid="85" tsid="53" namespace="0x00300000" />
        <service id="0x0b61" sid="2913" name="Ukraina 24" type="25" provider="XTRA TV" onid="85" tsid="53" namespace="0x00300000" />
        <service id="0x0b5e" sid="2910" name="Ukraine HD" type="25" provider="XTRA TV" onid="85" tsid="53" namespace="0x00300000" />
        <service id="0x0b71" sid="2929" name="XSPORT" type="22" provider="XTRA TV" onid="85" tsid="53" namespace="0x00300000" />
      </transponder>
    </satellite>
    <satellite key="00300000:0065:0001" name="Sat-4.8E" namespace="0x00300000" position="4.8">
      <transponder key="00300000:0065:0001" frequency="12418000" symbol_rate="27500000" polarization="H" fec="3" system="0" modulation="0">
        <service id="0x007a" sid="122" name="ALPHAMERIC UK - CISCO 1" type="1" provider="" onid="1" tsid="101" namespace="0x00300000" />
        <service id="0x004b" sid="75" name="ALPHAMERIC UK WITH BTC" type="1" provider="" onid="1" tsid="101" namespace="0x00300000" />
        <service id="0x000c" sid="12" name="ALT VC 11" type="1" provider="" onid="1" tsid="101" namespace="0x00300000" />
        <service id="0x007c" sid="124" name="ALT VC 122" type="1" provider="" onid="1" tsid="101" namespace="0x00300000" />
        <service id="0x005e" sid="94" name="ALT VC 147" type="1" provider="" onid="1" tsid="101" namespace="0x00300000" />
        <service id="0x009a" sid="154" name="ALT VC 152" type="1" provider="" onid="1" tsid="101" namespace="0x00300000" />
        <service id="0x009b" sid="155" name="ALT VC 153" type="1" provider="" onid="1" tsid="101" namespace="0x00300000" />
        <service id="0x00a9" sid="169" name="ALT VC 168" type="1" provider="" onid="1" tsid="101" namespace="0x00300000" />
        <service id="0x0054" sid="84" name="ALT VC 302" type="1" provider="" onid="1" tsid="101" namespace="0x00300000" />
        <service id="0x0011" sid="17" name="ALT VC 39" type="1" provider="" onid="1" tsid="101" namespace="0x00300000" />
        <service id="0x002a" sid="42" name="ALT VC 49" type="1" provider="" onid="1" tsid="101" namespace="0x00300000" />
        <service id="0x002f" sid="47" name="ALT VC 70" type="1" provider="" onid="1" tsid="101" namespace="0x00300000" />
        <service id="0x004c" sid="76" name="ALT VC 75" type="1" provider="" onid="1" tsid="101" namespace="0x00300000" />
        <service id="0x0020" sid="32" name="ALT VC 79" type="1" provider="" onid="1" tsid="101" namespace="0x00300000" />
        <service id="0x00a8" sid="168" name="BETFRED SIS - CISCO 1" type="1" provider="" onid="1" tsid="101" namespace="0x00300000" />
        <service id="0x001f" sid="31" name="BETFRED TOTE 2 - CISCO 1" type="1" provider="" onid="1" tsid="101" namespace="0x00300000" />
        <service id="0x026c" sid="620" name="CoralTV1" type="1" provider="" onid="1" tsid="101" namespace="0x00300000" />
        <service id="0x026f" sid="623" name="CoralTV2" type="1" provider="" onid="1" tsid="101" namespace="0x00300000" />
        <service id="0x000f" sid="15" name="LADBROKES SIS LES2 - CISCO 1" type="1" provider="" onid="1" tsid="101" namespace="0x00300000" />
        <service id="0x02b0" sid="688" name="LTV2" type="1" provider="" onid="1" tsid="101" namespace="0x00300000" />
        <service id="0x00c8" sid="200" name="MCUK Test" type="1" provider="" onid="1" tsid="101" namespace="0x00300000" />
        <service id="0x005d" sid="93" name="NEW BOYLES SPORTS - CISCO 1" type="1" provider="" onid="1" tsid="101" namespace="0x00300000" />
        <service id="0x006f" sid="111" name="PPTV1" type="1" provider="" onid="1" tsid="101" namespace="0x00300000" />
        <service id="0x02cc" sid="716" name="PPTV3 Temp" type="1" provider="" onid="1" tsid="101" namespace="0x00300000" />
        <service id="0x005b" sid="91" name="SIS EUROPE (NO DATA) - CISCO 2" type="1" provider="" onid="1" tsid="101" namespace="0x00300000" />
        <service id="0x005a" sid="90" name="SIS EUROPE - CISCO 2" type="1" provider="" onid="1" tsid="101" namespace="0x00300000" />
        <service id="0x02b4" sid="692" name="SIS Spanish" type="1" provider="" onid="1" tsid="101" namespace="0x00300000" />
        <service id="0x0053" sid="83" name="SIS UK (AUDIO ONLY)" type="1" provider="" onid="1" tsid="101" namespace="0x00300000" />
        <service id="0x003e" sid="62" name="SIS UK with 2DB" type="1" provider="" onid="1" tsid="101" namespace="0x00300000" />
        <service id="0x004f" sid="79" name="SIS UK WITH BTC" type="1" provider="" onid="1" tsid="101" namespace="0x00300000" />
        <service id="0x003f" sid="63" name="SIS UK with BTC and 2DB" type="1" provider="" onid="1" tsid="101" namespace="0x00300000" />
        <service id="0x000b" sid="11" name="SIS VISION AUDIO &amp; VBI - CISCO 1" type="1" provider="" onid="1" tsid="101" namespace="0x00300000" />
        <service id="0x002e" sid="46" name="SIS VISION BTC AUDIO (Ch11)" type="1" provider="" onid="1" tsid="101" namespace="0x00300000" />
        <service id="0x02fe" sid="766" name="Temp LTV1" type="1" provider="" onid="1" tsid="101" namespace="0x00300000" />
        <service id="0x02c9" sid="713" name="Temp PPTV1 - IE" type="1" provider="" onid="1" tsid="101" namespace="0x00300000" />
        <service id="0x02ca" sid="714" name="Temp PPTV1 - UK" type="1" provider="" onid="1" tsid="101" namespace="0x00300000" />
        <service id="0x02c8" sid="712" name="Temp PPTV2" type="1" provider="" onid="1" tsid="101" namespace="0x00300000" />
        <service id="0x02bc" sid="700" name="Temp SIS TWO" type="1" provider="" onid="1" tsid="101" namespace="0x00300000" />
        <service id="0x02ee" sid="750" name="Temp SIS TWO BAR ONE" type="1" provider="" onid="1" tsid="101" namespace="0x00300000" />
        <service id="0x02e0" sid="736" name="Temp SIS TWO BTC" type="1" provider="" onid="1" tsid="101" namespace="0x00300000" />
        <service id="0x0031" sid="49" name="TEST CHANNEL - CISCO 1" type="1" provider="" onid="1" tsid="101" namespace="0x00300000" />
        <service id="0x0018" sid="24" name="WH 2" type="1" provider="" onid="1" tsid="101" namespace="0x00300000" />
        <service id="0x0017" sid="23" name="WILLIAM HILL IP CLEAR - CISCO 6" type="1" provider="" onid="1" tsid="101" namespace="0x00300000" />
        <service id="0x01f4" sid="500" name="Upgrade Test Channel" type="2" provider="" onid="1" tsid="101" namespace="0x00300000" radio="1" />
      </transponder>
    </satellite>
    <satellite key="00300000:00c9:0001" name="Sat-4.8E" namespace="0x00300000" position="4.8">
      <transponder key="00300000:00c9:0001" frequency="11727000" symbol_rate="27500000" polarization="H" fec="3" system="0" modulation="0">
        <service id="0x00a0" sid="160" name="Betfred1" type="1" provider="SIS Limited" onid="1" tsid="201" namespace="0x00300000" />
        <service id="0x00a2" sid="162" name="Betfred2" type="1" provider="SIS Limited" onid="1" tsid="201" namespace="0x00300000" />
        <service id="0x00a3" sid="163" name="Betfred3" type="1" provider="SIS Limited" onid="1" tsid="201" namespace="0x00300000" />
        <service id="0x0005" sid="5" name="Channel_5" type="1" provider="SIS Limited" onid="1" tsid="201" namespace="0x00300000" />
        <service id="0x0006" sid="6" name="Channel_6" type="1" provider="SIS Limited" onid="1" tsid="201" namespace="0x00300000" />
        <service id="0x0007" sid="7" name="Channel_7" type="1" provider="SIS Limited" onid="1" tsid="201" namespace="0x00300000" />
        <service id="0x0008" sid="8" name="Channel_8" type="1" provider="SIS Limited" onid="1" tsid="201" namespace="0x00300000" />
        <service id="0x0009" sid="9" name="Channel_9" type="1" provider="SIS Limited" onid="1" tsid="201" namespace="0x00300000" />
        <service id="0x002a" sid="42" name="Ladbrokes_1" type="1" provider="SIS" onid="1" tsid="201" namespace="0x00300000" />
        <service id="0x002f" sid="47" name="PaddyPower1 IE" type="1" provider="SIS" onid="1" tsid="201" namespace="0x00300000" />
        <service id="0x0030" sid="48" name="PaddyPower1 UK" type="1" provider="SIS" onid="1" tsid="201" namespace="0x00300000" />
        <service id="0x002e" sid="46" name="PaddyPower2" type="1" provider="SIS" onid="1" tsid="201" namespace="0x00300000" />
        <service id="0x004a" sid="74" name="PaddyPower3" type="1" provider="SIS" onid="1" tsid="201" namespace="0x00300000" />
        <service id="0x005f" sid="95" name="RTVi" type="1" provider="SIS Limited" onid="1" tsid="201" namespace="0x00300000" />
        <service id="0x00be" sid="190" name="SIS Two" type="1" provider="NEPC" onid="1" tsid="201" namespace="0x00300000" />
        <service id="0x00fa" sid="250" name="SISTwo BarOne" type="1" provider="SIS" onid="1" tsid="201" namespace="0x00300000" />
        <service id="0x003a" sid="58" name="SISTwo BTC" type="1" provider="SIS" onid="1" tsid="201" namespace="0x00300000" />
      </transponder>
    </satellite>
    <satellite key="00300000:00c9:0055" name="Sat-4.8E" namespace="0x00300000" position="4.8">
      <transponder key="00300000:00c9:0055" frequency="11785000" symbol_rate="27500000" polarization="V" fec="4" system="0" modulation="0">
        <service id="0x27ce" sid="10190" name="" type="1" provider="AMB" onid="85" tsid="201" namespace="0x00300000" />
        <service id="0x0ae8" sid="2792" name="3+ Latvija" type="1" provider="AMB" onid="85" tsid="201" namespace="0x00300000" />
        <service id="0x27a1" sid="10145" name="Baltijos televizija" type="1" provider="AMB" onid="85" tsid="201" namespace="0x00300000" />
        <service id="0x27ec" sid="10220" name="Duo 3" type="1" provider="AMB" onid="85" tsid="201" namespace="0x00300000" />
        <service id="0x27e2" sid="10210" name="Duo 5" type="1" provider="AMB" onid="85" tsid="201" namespace="0x00300000" />
        <service id="0x27e7" sid="10215" name="Fox" type="1" provider="AMB" onid="85" tsid="201" namespace="0x00300000" />
        <service id="0x27dd" sid="10205" name="Kidzone+" type="1" provider="AMB" onid="85" tsid="201" namespace="0x00300000" />
        <service id="0x279c" sid="10140" name="LNK" type="1" provider="AMB" onid="85" tsid="201" namespace="0x00300000" />
        <service id="0x0ad6" sid="2774" name="LTV 1" type="1" provider="AMB" onid="85" tsid="201" namespace="0x00300000" />
        <service id="0x0adb" sid="2779" name="LTV 7" type="1" provider="AMB" onid="85" tsid="201" namespace="0x00300000" />
        <service id="0x277e" sid="10110" name="Mir" type="1" provider="AMB" onid="85" tsid="201" namespace="0x00300000" />
        <service id="0x27d8" sid="10200" name="MTV Hits" type="1" provider="AMB" onid="85" tsid="201" namespace="0x00300000" />
        <service id="0x27c4" sid="10180" name="National Geographic HD" type="1" provider="AMB" onid="85" tsid="201" namespace="0x00300000" />
        <service id="0x27ab" sid="10155" name="STS Baltic" type="1" provider="AMB" onid="85" tsid="201" namespace="0x00300000" />
        <service id="0x27b5" sid="10165" name="TLC" type="1" provider="AMB" onid="85" tsid="201" namespace="0x00300000" />
        <service id="0x27a6" sid="10150" name="TV 1 Lithuania" type="1" provider="AMB" onid="85" tsid="201" namespace="0x00300000" />
        <service id="0x27ba" sid="10170" name="TV 1000 East" type="1" provider="AMB" onid="85" tsid="201" namespace="0x00300000" />
        <service id="0x27bf" sid="10175" name="TV 1000 Russkoe Kino" type="1" provider="AMB" onid="85" tsid="201" namespace="0x00300000" />
        <service id="0x0ae4" sid="2788" name="TV 6 Latvia" type="1" provider="AMB" onid="85" tsid="201" namespace="0x00300000" />
        <service id="0x27b0" sid="10160" name="TV3 Film" type="1" provider="AMB" onid="85" tsid="201" namespace="0x00300000" />
        <service id="0x0adf" sid="2783" name="TV3 Life" type="1" provider="AMB" onid="85" tsid="201" namespace="0x00300000" />
        <service id="0x278d" sid="10125" name="TV3 Mini" type="1" provider="AMB" onid="85" tsid="201" namespace="0x00300000" />
        <service id="0x0aed" sid="2797" name="TV8 Lithuania" type="1" provider="AMB" onid="85" tsid="201" namespace="0x00300000" />
        <service id="0x27c9" sid="10185" name="Viasat Explore HD" type="1" provider="AMB" onid="85" tsid="201" namespace="0x00300000" />
      </transponder>
    </satellite>
    <satellite key="00302eb6:0000:0000" name="Sat-4.8E" namespace="0x00302eb6" position="4.8">
      <transponder key="00302eb6:0000:0000" frequency="11958000" symbol_rate="27500000" polarization="H" fec="4" system="0" modulation="0">
        <service id="0x289b" sid="10395" name="BBC World News" type="1" provider="AMB" onid="0" tsid="0" namespace="0x00302eb6" />
        <service id="0x0b39" sid="2873" name="Disney Channel" type="1" provider="AMB" onid="0" tsid="0" namespace="0x00302eb6" />
        <service id="0x0b3e" sid="2878" name="Disney Junior" type="1" provider="AMB" onid="0" tsid="0" namespace="0x00302eb6" />
        <service id="0x0b27" sid="2855" name="Duo 4" type="1" provider="AMB" onid="0" tsid="0" namespace="0x00302eb6" />
        <service id="0x0b50" sid="2896" name="E! Entertainment" type="1" provider="AMB" onid="0" tsid="0" namespace="0x00302eb6" />
        <service id="0x284b" sid="10315" name="ETV" type="1" provider="AMB" onid="0" tsid="0" namespace="0x00302eb6" />
        <service id="0x28d7" sid="10455" name="Fox Life" type="1" provider="AMB" onid="0" tsid="0" namespace="0x00302eb6" />
        <service id="0x0b22" sid="2850" name="Kanal 2" type="1" provider="AMB" onid="0" tsid="0" namespace="0x00302eb6" />
        <service id="0x28cd" sid="10445" name="LRT Plius" type="1" provider="AMB" onid="0" tsid="0" namespace="0x00302eb6" />
        <service id="0x28aa" sid="10410" name="MTV 00s" type="1" provider="AMB" onid="0" tsid="0" namespace="0x00302eb6" />
        <service id="0x28c8" sid="10440" name="NBA TV" type="1" provider="AMB" onid="0" tsid="0" namespace="0x00302eb6" />
        <service id="0x288c" sid="10380" name="Nick JR" type="1" provider="AMB" onid="0" tsid="0" namespace="0x00302eb6" />
        <service id="0x0b47" sid="2887" name="Nickelodeon" type="1" provider="AMB" onid="0" tsid="0" namespace="0x00302eb6" />
        <service id="0x0b4b" sid="2891" name="Nicktoons" type="1" provider="AMB" onid="0" tsid="0" namespace="0x00302eb6" />
        <service id="0x0b30" sid="2864" name="Ohota i Rybalka" type="1" provider="AMB" onid="0" tsid="0" namespace="0x00302eb6" />
        <service id="0x28af" sid="10415" name="Playboy TV" type="1" provider="AMB" onid="0" tsid="0" namespace="0x00302eb6" />
        <service id="0x287d" sid="10365" name="ReTV" type="1" provider="AMB" onid="0" tsid="0" namespace="0x00302eb6" />
        <service id="0x28d2" sid="10450" name="Riga TV 24" type="1" provider="AMB" onid="0" tsid="0" namespace="0x00302eb6" />
        <service id="0x0b35" sid="2869" name="Setanta Sport" type="1" provider="AMB" onid="0" tsid="0" namespace="0x00302eb6" />
        <service id="0x28a0" sid="10400" name="Ticket" type="1" provider="AMB" onid="0" tsid="0" namespace="0x00302eb6" />
        <service id="0x285f" sid="10335" name="TV1000 Action" type="1" provider="AMB" onid="0" tsid="0" namespace="0x00302eb6" />
        <service id="0x28a5" sid="10405" name="TV3 Sport 2 HD" type="25" provider="" onid="0" tsid="0" namespace="0x00302eb6" />
        <service id="0x0b42" sid="2882" name="TV3 Sport Open" type="1" provider="AMB" onid="0" tsid="0" namespace="0x00302eb6" />
        <service id="0x0b1e" sid="2846" name="TV6 (EE)" type="1" provider="AMB" onid="0" tsid="0" namespace="0x00302eb6" />
        <service id="0x283c" sid="10300" name="TV6 (LT)" type="1" provider="AMB" onid="0" tsid="0" namespace="0x00302eb6" />
      </transponder>
    </satellite>
    <satellite key="003031be:0001:0001" name="Sat-4.8E" namespace="0x003031be" position="4.8">
      <transponder key="003031be:0001:0001" frequency="12734000" symbol_rate="3600000" polarization="H" fec="2" system="0" modulation="0">
        <service id="0x0001" sid="1" name="JurnalTV HD" type="25" provider="ReformaArt" onid="1" tsid="1" namespace="0x003031be" />
        <service id="0x0003" sid="3" name="JurnalFM" type="2" provider="JurnalTV" onid="1" tsid="1" namespace="0x003031be" radio="1" />
      </transponder>
    </satellite>
    <satellite key="0030aea2:0000:0000" name="Sat-4.8E" namespace="0x0030aea2" position="4.8">
      <transponder key="0030aea2:0000:0000" frequency="11938000" symbol_rate="27500000" polarization="V" fec="4" system="0" modulation="0">
        <service id="0x297c" sid="10620" name="Discovery Channel" type="1" provider="" onid="0" tsid="0" namespace="0x0030aea2" />
        <service id="0x296d" sid="10605" name="Duo 6" type="1" provider="" onid="0" tsid="0" namespace="0x0030aea2" />
        <service id="0x0b66" sid="2918" name="ETV 2" type="1" provider="" onid="0" tsid="0" namespace="0x0030aea2" />
        <service id="0x0b98" sid="2968" name="ETV+" type="1" provider="" onid="0" tsid="0" namespace="0x0030aea2" />
        <service id="0x0b9c" sid="2972" name="Eurosport 1" type="1" provider="" onid="0" tsid="0" namespace="0x0030aea2" />
        <service id="0x0ba1" sid="2977" name="Eurosport 2" type="1" provider="" onid="0" tsid="0" namespace="0x0030aea2" />
        <service id="0x0b61" sid="2913" name="Lietuvos Rytas TV" type="1" provider="" onid="0" tsid="0" namespace="0x0030aea2" />
        <service id="0x290e" sid="10510" name="LRT Lituanica" type="1" provider="" onid="0" tsid="0" namespace="0x0030aea2" />
        <service id="0x0b5d" sid="2909" name="LRT Televizija" type="1" provider="" onid="0" tsid="0" namespace="0x0030aea2" />
        <service id="0x291d" sid="10525" name="NTV Mir Lietuva" type="1" provider="" onid="0" tsid="0" namespace="0x0030aea2" />
        <service id="0x0b58" sid="2904" name="Pirmais Balt Kan Igaunija" type="1" provider="" onid="0" tsid="0" namespace="0x0030aea2" />
        <service id="0x293b" sid="10555" name="Pirmais Balt Kan Lietuva" type="1" provider="" onid="0" tsid="0" namespace="0x0030aea2" />
        <service id="0x0b6a" sid="2922" name="Pirmais Baltijals Kanals" type="1" provider="" onid="0" tsid="0" namespace="0x0030aea2" />
        <service id="0x0b6f" sid="2927" name="REN TV Lietuva" type="1" provider="" onid="0" tsid="0" namespace="0x0030aea2" />
        <service id="0x294f" sid="10575" name="TV3 Estonia HD" type="1" provider="" onid="0" tsid="0" namespace="0x0030aea2" />
        <service id="0x0b7c" sid="2940" name="TV3 Film HD" type="1" provider="" onid="0" tsid="0" namespace="0x0030aea2" />
        <service id="0x0b8a" sid="2954" name="TV3 Latvia HD" type="1" provider="" onid="0" tsid="0" namespace="0x0030aea2" />
        <service id="0x0b8f" sid="2959" name="TV3 Lithuania HD" type="1" provider="" onid="0" tsid="0" namespace="0x0030aea2" />
        <service id="0x0b93" sid="2963" name="TV3 Sport 3" type="1" provider="" onid="0" tsid="0" namespace="0x0030aea2" />
        <service id="0x0b81" sid="2945" name="TV3 Sport HD" type="1" provider="" onid="0" tsid="0" namespace="0x0030aea2" />
        <service id="0x294a" sid="10570" name="Viasat Epic Drama HD" type="1" provider="" onid="0" tsid="0" namespace="0x0030aea2" />
        <service id="0x292c" sid="10540" name="Viasat Explore" type="1" provider="" onid="0" tsid="0" namespace="0x0030aea2" />
        <service id="0x0b73" sid="2931" name="Viasat History" type="1" provider="" onid="0" tsid="0" namespace="0x0030aea2" />
        <service id="0x0b78" sid="2936" name="Viasat Nature CEE" type="1" provider="" onid="0" tsid="0" namespace="0x0030aea2" />
      </transponder>
    </satellite>
  </satellites>
</zapit>
