<?xml version='1.0' encoding='utf-8'?>
<zapit>
  <bouquet name="General" category="tv">
    <channel service_ref="1:0:1:0001:0000:0000:00d7ace0:0:0:0:" name="11488V SID 0x01" service_name="11488V SID 0x01" provider="DVB-S2 8PSK 11488V 21.5Â°E" sid="1" onid="0" tsid="0" />
    <channel service_ref="1:0:1:002c:0002:0000:00d7aaa7:0:0:0:" name="AHTV-HD" service_name="AHTV-HD" provider="" sid="44" onid="0" tsid="2" />
    <channel service_ref="1:0:1:0001:0005:0001:00d70000:0:0:0:" name="Alarabiy Alhadath" service_name="Alarabiy Alhadath" provider="du" sid="1" onid="1" tsid="5" />
    <channel service_ref="1:0:22:03ec:0001:0001:00d7a9e3:0:0:0:" name="Animal Planet CAAC SD" service_name="Animal Planet CAAC SD" provider="Warner Bros. Discovery" sid="1004" onid="1" tsid="1" />
    <channel service_ref="1:0:22:12c0:0001:0001:00d7a9e3:0:0:0:" name="Cartoon Network Central Europe SD" service_name="Cartoon Network Central Europe SD" provider="Warner Bros. Discovery" sid="4800" onid="1" tsid="1" />
    <channel service_ref="1:0:22:04aa:0001:0001:00d7a9e3:0:0:0:" name="Cartoonito CEE SD" service_name="Cartoonito CEE SD" provider="Warner Bros. Discovery" sid="1194" onid="1" tsid="1" />
    <channel service_ref="1:0:1:0015:0002:0000:00d7aaa7:0:0:0:" name="CCTV1-HD" service_name="CCTV1-HD" provider="" sid="21" onid="0" tsid="2" />
    <channel service_ref="1:0:1:003c:0002:0000:00d7aaa7:0:0:0:" name="CCTV13-HD" service_name="CCTV13-HD" provider="" sid="60" onid="0" tsid="2" />
    <channel service_ref="1:0:1:0016:0002:0000:00d7aaa7:0:0:0:" name="CCTV2-HD" service_name="CCTV2-HD" provider="" sid="22" onid="0" tsid="2" />
    <channel service_ref="1:0:1:0017:0002:0000:00d7aaa7:0:0:0:" name="CCTV3-HD" service_name="CCTV3-HD" provider="" sid="23" onid="0" tsid="2" />
    <channel service_ref="1:0:1:0018:0002:0000:00d7aaa7:0:0:0:" name="CCTV4-HD" service_name="CCTV4-HD" provider="" sid="24" onid="0" tsid="2" />
    <channel service_ref="1:0:1:003d:0002:0000:00d7aaa7:0:0:0:" name="CCTV6-HD" service_name="CCTV6-HD" provider="" sid="61" onid="0" tsid="2" />
    <channel service_ref="1:0:1:003b:0002:0000:00d7aaa7:0:0:0:" name="CCTV7-HD" service_name="CCTV7-HD" provider="" sid="59" onid="0" tsid="2" />
    <channel service_ref="1:0:1:003a:0002:0000:00d7aaa7:0:0:0:" name="CCTV8-HD" service_name="CCTV8-HD" provider="" sid="58" onid="0" tsid="2" />
    <channel service_ref="1:0:1:003e:0002:0000:00d7aaa7:0:0:0:" name="CCTV9-HD" service_name="CCTV9-HD" provider="" sid="62" onid="0" tsid="2" />
    <channel service_ref="1:0:1:003f:0002:0000:00d7aaa7:0:0:0:" name="CHC-F" service_name="CHC-F" provider="" sid="63" onid="0" tsid="2" />
    <channel service_ref="1:0:1:001a:0002:0000:00d7aaa7:0:0:0:" name="CHC-HD" service_name="CHC-HD" provider="" sid="26" onid="0" tsid="2" />
    <channel service_ref="1:0:22:0fa0:0001:0001:00d7a9e3:0:0:0:" name="Discovery Central Europe SD" service_name="Discovery Central Europe SD" provider="Warner Bros. Discovery" sid="4000" onid="1" tsid="1" />
    <channel service_ref="1:0:25:11f8:0001:0001:00d7a9e3:0:0:0:" name="Eurosport 1 NEE HD" service_name="Eurosport 1 NEE HD" provider="Warner Bros. Discovery" sid="4600" onid="1" tsid="1" />
    <channel service_ref="1:0:25:125c:0001:0001:00d7a9e3:0:0:0:" name="Eurosport 2 NEE HD" service_name="Eurosport 2 NEE HD" provider="Warner Bros. Discovery" sid="4700" onid="1" tsid="1" />
    <channel service_ref="1:0:1:001d:0002:0000:00d7aaa7:0:0:0:" name="HNTV-HD" service_name="HNTV-HD" provider="" sid="29" onid="0" tsid="2" />
    <channel service_ref="1:0:22:042c:0001:0001:00d7a9e3:0:0:0:" name="ID CAAC SD" service_name="ID CAAC SD" provider="Warner Bros. Discovery" sid="1068" onid="1" tsid="1" />
    <channel service_ref="1:0:1:0001:0001:ffff:00d72d66:0:0:0:" name="Iman TV" service_name="Iman TV" provider="IDC" sid="1" onid="65535" tsid="1" />
    <channel service_ref="1:0:1:1ee3:0001:0001:00d72cef:0:0:0:" name="IP" service_name="IP" provider="IRAN PRESS" sid="7907" onid="1" tsid="1" />
    <channel service_ref="1:0:1:002a:0002:0000:00d7aaa7:0:0:0:" name="JSTV-HD" service_name="JSTV-HD" provider="" sid="42" onid="0" tsid="2" />
    <channel service_ref="1:0:1:0002:0001:fffe:00d7ad8d:0:0:0:" name="lad" service_name="lad" provider="A1 M" sid="2" onid="65534" tsid="1" />
    <channel service_ref="1:0:1:0001:0001:ffff:00d7ad97:0:0:0:" name="Libya Sport 2 HD" service_name="Libya Sport 2 HD" provider="TANDBERG Television" sid="1" onid="65535" tsid="1" />
    <channel service_ref="1:0:1:0001:0001:0001:00d7ad7c:0:0:0:" name="Libya Sport HD1" service_name="Libya Sport HD1" provider="" sid="1" onid="1" tsid="1" />
    <channel service_ref="1:0:1:002d:0002:0000:00d7aaa7:0:0:0:" name="LNTV-HD" service_name="LNTV-HD" provider="" sid="45" onid="0" tsid="2" />
    <channel service_ref="1:0:31:0001:0000:0000:00d7ad2f:0:0:0:" name="MBC DQ FM Main" service_name="MBC DQ FM Main" provider="" sid="1" onid="0" tsid="0" />
    <channel service_ref="1:0:25:0001:0041:0800:00d70000:0:0:0:" name="MBC FEED HD" service_name="MBC FEED HD" provider="" sid="1" onid="2048" tsid="65" />
    <channel service_ref="1:0:1:0001:0001:0001:00d7ad3f:0:0:0:" name="MBC HOTBIRD" service_name="MBC HOTBIRD" provider="MBC" sid="1" onid="1" tsid="1" />
    <channel service_ref="1:0:1:0001:0045:0800:00d70000:0:0:0:" name="MBC Test1" service_name="MBC Test1" provider="MBC" sid="1" onid="2048" tsid="69" />
    <channel service_ref="1:0:1:0002:0045:0800:00d70000:0:0:0:" name="MBC Test2" service_name="MBC Test2" provider="MBC" sid="2" onid="2048" tsid="69" />
    <channel service_ref="1:0:1:002e:0002:0000:00d7aaa7:0:0:0:" name="PHX Info HD" service_name="PHX Info HD" provider="" sid="46" onid="0" tsid="2" />
    <channel service_ref="1:0:1:0001:0001:ffff:00d7ad3b:0:0:0:" name="Riyadh MCR" service_name="Riyadh MCR" provider="Ericsson" sid="1" onid="65535" tsid="1" />
    <channel service_ref="1:0:1:001c:0002:0000:00d7aaa7:0:0:0:" name="SBN-HD" service_name="SBN-HD" provider="" sid="28" onid="0" tsid="2" />
    <channel service_ref="1:0:1:0001:0001:ffff:00d72d00:0:0:0:" name="Service-1" service_name="Service-1" provider="Service Provider" sid="1" onid="65535" tsid="1" />
    <channel service_ref="1:0:1:0001:0001:ffff:00d7ad94:0:0:0:" name="Service-1" service_name="Service-1" provider="Service Provider" sid="1" onid="65535" tsid="1" />
    <channel service_ref="1:0:1:0001:0001:ffff:00d7adb0:0:0:0:" name="Service-H" service_name="Service-H" provider="Service Provider" sid="1" onid="65535" tsid="1" />
    <channel service_ref="1:0:1:0001:000c:ffff:00d7acf5:0:0:0:" name="Service1" service_name="Service1" provider="Service Provider" sid="1" onid="65535" tsid="12" />
    <channel service_ref="1:0:1:001b:0002:0000:00d7aaa7:0:0:0:" name="SPORT+HD" service_name="SPORT+HD" provider="" sid="27" onid="0" tsid="2" />
    <channel service_ref="1:0:1:0019:0002:0000:00d7aaa7:0:0:0:" name="SPORT-HD" service_name="SPORT-HD" provider="" sid="25" onid="0" tsid="2" />
    <channel service_ref="1:0:1:0001:0001:ffff:00d7acd3:0:0:0:" name="TANDBERG5" service_name="TANDBERG5" provider="TandbergTV" sid="1" onid="65535" tsid="1" />
    <channel service_ref="1:0:22:10cc:0001:0001:00d7a9e3:0:0:0:" name="TLC CAAC SD" service_name="TLC CAAC SD" provider="Warner Bros. Discovery" sid="4300" onid="1" tsid="1" />
    <channel service_ref="1:0:1:002b:0002:0000:00d7aaa7:0:0:0:" name="ZJTV-HD" service_name="ZJTV-HD" provider="" sid="43" onid="0" tsid="2" />
  </bouquet>
  <bouquet name="Sports" category="tv">
    <channel service_ref="1:0:25:11f8:0001:0001:00d7a9e3:0:0:0:" name="Eurosport 1 NEE HD" service_name="Eurosport 1 NEE HD" provider="Warner Bros. Discovery" sid="4600" onid="1" tsid="1" />
    <channel service_ref="1:0:25:125c:0001:0001:00d7a9e3:0:0:0:" name="Eurosport 2 NEE HD" service_name="Eurosport 2 NEE HD" provider="Warner Bros. Discovery" sid="4700" onid="1" tsid="1" />
    <channel service_ref="1:0:1:0001:0001:ffff:00d7ad97:0:0:0:" name="Libya Sport 2 HD" service_name="Libya Sport 2 HD" provider="TANDBERG Television" sid="1" onid="65535" tsid="1" />
    <channel service_ref="1:0:1:0001:0001:0001:00d7ad7c:0:0:0:" name="Libya Sport HD1" service_name="Libya Sport HD1" provider="" sid="1" onid="1" tsid="1" />
    <channel service_ref="1:0:1:001b:0002:0000:00d7aaa7:0:0:0:" name="SPORT+HD" service_name="SPORT+HD" provider="" sid="27" onid="0" tsid="2" />
    <channel service_ref="1:0:1:0019:0002:0000:00d7aaa7:0:0:0:" name="SPORT-HD" service_name="SPORT-HD" provider="" sid="25" onid="0" tsid="2" />
  </bouquet>
  <bouquet name="Kids" category="tv">
    <channel service_ref="1:0:22:12c0:0001:0001:00d7a9e3:0:0:0:" name="Cartoon Network Central Europe SD" service_name="Cartoon Network Central Europe SD" provider="Warner Bros. Discovery" sid="4800" onid="1" tsid="1" />
    <channel service_ref="1:0:22:04aa:0001:0001:00d7a9e3:0:0:0:" name="Cartoonito CEE SD" service_name="Cartoonito CEE SD" provider="Warner Bros. Discovery" sid="1194" onid="1" tsid="1" />
  </bouquet>
  <bouquet name="Documentary" category="tv">
    <channel service_ref="1:0:22:03ec:0001:0001:00d7a9e3:0:0:0:" name="Animal Planet CAAC SD" service_name="Animal Planet CAAC SD" provider="Warner Bros. Discovery" sid="1004" onid="1" tsid="1" />
  </bouquet>
  <bouquet name="RTL" category="tv">
    <channel service_ref="1:0:1:001d:0002:0000:00d7aaa7:0:0:0:" name="HNTV-HD" service_name="HNTV-HD" provider="" sid="29" onid="0" tsid="2" />
    <channel service_ref="1:0:1:002d:0002:0000:00d7aaa7:0:0:0:" name="LNTV-HD" service_name="LNTV-HD" provider="" sid="45" onid="0" tsid="2" />
  </bouquet>
  <bouquet name="ARD/ZDF" category="tv">
    <channel service_ref="1:0:22:0fa0:0001:0001:00d7a9e3:0:0:0:" name="Discovery Central Europe SD" service_name="Discovery Central Europe SD" provider="Warner Bros. Discovery" sid="4000" onid="1" tsid="1" />
    <channel service_ref="1:0:22:042c:0001:0001:00d7a9e3:0:0:0:" name="ID CAAC SD" service_name="ID CAAC SD" provider="Warner Bros. Discovery" sid="1068" onid="1" tsid="1" />
    <channel service_ref="1:0:22:10cc:0001:0001:00d7a9e3:0:0:0:" name="TLC CAAC SD" service_name="TLC CAAC SD" provider="Warner Bros. Discovery" sid="4300" onid="1" tsid="1" />
  </bouquet>
  <bouquet name="Switzerland" category="tv">
    <channel service_ref="1:0:1:0001:0000:0000:00d7ace0:0:0:0:" name="11488V SID 0x01" service_name="11488V SID 0x01" provider="DVB-S2 8PSK 11488V 21.5Â°E" sid="1" onid="0" tsid="0" />
    <channel service_ref="1:0:1:003c:0002:0000:00d7aaa7:0:0:0:" name="CCTV13-HD" service_name="CCTV13-HD" provider="" sid="60" onid="0" tsid="2" />
    <channel service_ref="1:0:1:0017:0002:0000:00d7aaa7:0:0:0:" name="CCTV3-HD" service_name="CCTV3-HD" provider="" sid="23" onid="0" tsid="2" />
    <channel service_ref="1:0:1:0001:0001:ffff:00d7acd3:0:0:0:" name="TANDBERG5" service_name="TANDBERG5" provider="TandbergTV" sid="1" onid="65535" tsid="1" />
  </bouquet>
  <bouquet name="Resolution - HD" category="tv">
    <channel service_ref="1:0:1:002c:0002:0000:00d7aaa7:0:0:0:" name="AHTV-HD" service_name="AHTV-HD" provider="" sid="44" onid="0" tsid="2" />
    <channel service_ref="1:0:1:0015:0002:0000:00d7aaa7:0:0:0:" name="CCTV1-HD" service_name="CCTV1-HD" provider="" sid="21" onid="0" tsid="2" />
    <channel service_ref="1:0:1:003c:0002:0000:00d7aaa7:0:0:0:" name="CCTV13-HD" service_name="CCTV13-HD" provider="" sid="60" onid="0" tsid="2" />
    <channel service_ref="1:0:1:0016:0002:0000:00d7aaa7:0:0:0:" name="CCTV2-HD" service_name="CCTV2-HD" provider="" sid="22" onid="0" tsid="2" />
    <channel service_ref="1:0:1:0017:0002:0000:00d7aaa7:0:0:0:" name="CCTV3-HD" service_name="CCTV3-HD" provider="" sid="23" onid="0" tsid="2" />
    <channel service_ref="1:0:1:0018:0002:0000:00d7aaa7:0:0:0:" name="CCTV4-HD" service_name="CCTV4-HD" provider="" sid="24" onid="0" tsid="2" />
    <channel service_ref="1:0:1:003d:0002:0000:00d7aaa7:0:0:0:" name="CCTV6-HD" service_name="CCTV6-HD" provider="" sid="61" onid="0" tsid="2" />
    <channel service_ref="1:0:1:003b:0002:0000:00d7aaa7:0:0:0:" name="CCTV7-HD" service_name="CCTV7-HD" provider="" sid="59" onid="0" tsid="2" />
    <channel service_ref="1:0:1:003a:0002:0000:00d7aaa7:0:0:0:" name="CCTV8-HD" service_name="CCTV8-HD" provider="" sid="58" onid="0" tsid="2" />
    <channel service_ref="1:0:1:003e:0002:0000:00d7aaa7:0:0:0:" name="CCTV9-HD" service_name="CCTV9-HD" provider="" sid="62" onid="0" tsid="2" />
    <channel service_ref="1:0:1:001a:0002:0000:00d7aaa7:0:0:0:" name="CHC-HD" service_name="CHC-HD" provider="" sid="26" onid="0" tsid="2" />
    <channel service_ref="1:0:25:11f8:0001:0001:00d7a9e3:0:0:0:" name="Eurosport 1 NEE HD" service_name="Eurosport 1 NEE HD" provider="Warner Bros. Discovery" sid="4600" onid="1" tsid="1" />
    <channel service_ref="1:0:25:125c:0001:0001:00d7a9e3:0:0:0:" name="Eurosport 2 NEE HD" service_name="Eurosport 2 NEE HD" provider="Warner Bros. Discovery" sid="4700" onid="1" tsid="1" />
    <channel service_ref="1:0:1:001d:0002:0000:00d7aaa7:0:0:0:" name="HNTV-HD" service_name="HNTV-HD" provider="" sid="29" onid="0" tsid="2" />
    <channel service_ref="1:0:1:002a:0002:0000:00d7aaa7:0:0:0:" name="JSTV-HD" service_name="JSTV-HD" provider="" sid="42" onid="0" tsid="2" />
    <channel service_ref="1:0:1:0001:0001:ffff:00d7ad97:0:0:0:" name="Libya Sport 2 HD" service_name="Libya Sport 2 HD" provider="TANDBERG Television" sid="1" onid="65535" tsid="1" />
    <channel service_ref="1:0:1:002d:0002:0000:00d7aaa7:0:0:0:" name="LNTV-HD" service_name="LNTV-HD" provider="" sid="45" onid="0" tsid="2" />
    <channel service_ref="1:0:25:0001:0041:0800:00d70000:0:0:0:" name="MBC FEED HD" service_name="MBC FEED HD" provider="" sid="1" onid="2048" tsid="65" />
    <channel service_ref="1:0:1:002e:0002:0000:00d7aaa7:0:0:0:" name="PHX Info HD" service_name="PHX Info HD" provider="" sid="46" onid="0" tsid="2" />
    <channel service_ref="1:0:1:001c:0002:0000:00d7aaa7:0:0:0:" name="SBN-HD" service_name="SBN-HD" provider="" sid="28" onid="0" tsid="2" />
    <channel service_ref="1:0:1:001b:0002:0000:00d7aaa7:0:0:0:" name="SPORT+HD" service_name="SPORT+HD" provider="" sid="27" onid="0" tsid="2" />
    <channel service_ref="1:0:1:0019:0002:0000:00d7aaa7:0:0:0:" name="SPORT-HD" service_name="SPORT-HD" provider="" sid="25" onid="0" tsid="2" />
    <channel service_ref="1:0:1:002b:0002:0000:00d7aaa7:0:0:0:" name="ZJTV-HD" service_name="ZJTV-HD" provider="" sid="43" onid="0" tsid="2" />
  </bouquet>
  <bouquet name="Resolution - SD" category="tv">
    <channel service_ref="1:0:22:03ec:0001:0001:00d7a9e3:0:0:0:" name="Animal Planet CAAC SD" service_name="Animal Planet CAAC SD" provider="Warner Bros. Discovery" sid="1004" onid="1" tsid="1" />
    <channel service_ref="1:0:22:12c0:0001:0001:00d7a9e3:0:0:0:" name="Cartoon Network Central Europe SD" service_name="Cartoon Network Central Europe SD" provider="Warner Bros. Discovery" sid="4800" onid="1" tsid="1" />
    <channel service_ref="1:0:22:04aa:0001:0001:00d7a9e3:0:0:0:" name="Cartoonito CEE SD" service_name="Cartoonito CEE SD" provider="Warner Bros. Discovery" sid="1194" onid="1" tsid="1" />
    <channel service_ref="1:0:22:0fa0:0001:0001:00d7a9e3:0:0:0:" name="Discovery Central Europe SD" service_name="Discovery Central Europe SD" provider="Warner Bros. Discovery" sid="4000" onid="1" tsid="1" />
    <channel service_ref="1:0:22:042c:0001:0001:00d7a9e3:0:0:0:" name="ID CAAC SD" service_name="ID CAAC SD" provider="Warner Bros. Discovery" sid="1068" onid="1" tsid="1" />
    <channel service_ref="1:0:22:10cc:0001:0001:00d7a9e3:0:0:0:" name="TLC CAAC SD" service_name="TLC CAAC SD" provider="Warner Bros. Discovery" sid="4300" onid="1" tsid="1" />
  </bouquet>
  <bouquet name="Religion" category="tv">
    <channel service_ref="1:0:1:0015:0002:0000:00d7aaa7:0:0:0:" name="CCTV1-HD" service_name="CCTV1-HD" provider="" sid="21" onid="0" tsid="2" />
    <channel service_ref="1:0:1:0016:0002:0000:00d7aaa7:0:0:0:" name="CCTV2-HD" service_name="CCTV2-HD" provider="" sid="22" onid="0" tsid="2" />
    <channel service_ref="1:0:1:0018:0002:0000:00d7aaa7:0:0:0:" name="CCTV4-HD" service_name="CCTV4-HD" provider="" sid="24" onid="0" tsid="2" />
    <channel service_ref="1:0:1:003d:0002:0000:00d7aaa7:0:0:0:" name="CCTV6-HD" service_name="CCTV6-HD" provider="" sid="61" onid="0" tsid="2" />
    <channel service_ref="1:0:1:003b:0002:0000:00d7aaa7:0:0:0:" name="CCTV7-HD" service_name="CCTV7-HD" provider="" sid="59" onid="0" tsid="2" />
    <channel service_ref="1:0:1:003a:0002:0000:00d7aaa7:0:0:0:" name="CCTV8-HD" service_name="CCTV8-HD" provider="" sid="58" onid="0" tsid="2" />
    <channel service_ref="1:0:1:003e:0002:0000:00d7aaa7:0:0:0:" name="CCTV9-HD" service_name="CCTV9-HD" provider="" sid="62" onid="0" tsid="2" />
  </bouquet>
  <bouquet name="International" category="tv">
    <channel service_ref="1:0:1:0001:0005:0001:00d70000:0:0:0:" name="Alarabiy Alhadath" service_name="Alarabiy Alhadath" provider="du" sid="1" onid="1" tsid="5" />
  </bouquet>
  <bouquet name="Others" category="tv">
    <channel service_ref="1:0:1:002c:0002:0000:00d7aaa7:0:0:0:" name="AHTV-HD" service_name="AHTV-HD" provider="" sid="44" onid="0" tsid="2" />
    <channel service_ref="1:0:1:003f:0002:0000:00d7aaa7:0:0:0:" name="CHC-F" service_name="CHC-F" provider="" sid="63" onid="0" tsid="2" />
    <channel service_ref="1:0:1:001a:0002:0000:00d7aaa7:0:0:0:" name="CHC-HD" service_name="CHC-HD" provider="" sid="26" onid="0" tsid="2" />
    <channel service_ref="1:0:1:0001:0001:ffff:00d72d66:0:0:0:" name="Iman TV" service_name="Iman TV" provider="IDC" sid="1" onid="65535" tsid="1" />
    <channel service_ref="1:0:1:1ee3:0001:0001:00d72cef:0:0:0:" name="IP" service_name="IP" provider="IRAN PRESS" sid="7907" onid="1" tsid="1" />
    <channel service_ref="1:0:1:002a:0002:0000:00d7aaa7:0:0:0:" name="JSTV-HD" service_name="JSTV-HD" provider="" sid="42" onid="0" tsid="2" />
    <channel service_ref="1:0:1:0002:0001:fffe:00d7ad8d:0:0:0:" name="lad" service_name="lad" provider="A1 M" sid="2" onid="65534" tsid="1" />
    <channel service_ref="1:0:31:0001:0000:0000:00d7ad2f:0:0:0:" name="MBC DQ FM Main" service_name="MBC DQ FM Main" provider="" sid="1" onid="0" tsid="0" />
    <channel service_ref="1:0:25:0001:0041:0800:00d70000:0:0:0:" name="MBC FEED HD" service_name="MBC FEED HD" provider="" sid="1" onid="2048" tsid="65" />
    <channel service_ref="1:0:1:0001:0001:0001:00d7ad3f:0:0:0:" name="MBC HOTBIRD" service_name="MBC HOTBIRD" provider="MBC" sid="1" onid="1" tsid="1" />
    <channel service_ref="1:0:1:0001:0045:0800:00d70000:0:0:0:" name="MBC Test1" service_name="MBC Test1" provider="MBC" sid="1" onid="2048" tsid="69" />
    <channel service_ref="1:0:1:0002:0045:0800:00d70000:0:0:0:" name="MBC Test2" service_name="MBC Test2" provider="MBC" sid="2" onid="2048" tsid="69" />
    <channel service_ref="1:0:1:002e:0002:0000:00d7aaa7:0:0:0:" name="PHX Info HD" service_name="PHX Info HD" provider="" sid="46" onid="0" tsid="2" />
    <channel service_ref="1:0:1:0001:0001:ffff:00d7ad3b:0:0:0:" name="Riyadh MCR" service_name="Riyadh MCR" provider="Ericsson" sid="1" onid="65535" tsid="1" />
    <channel service_ref="1:0:1:001c:0002:0000:00d7aaa7:0:0:0:" name="SBN-HD" service_name="SBN-HD" provider="" sid="28" onid="0" tsid="2" />
    <channel service_ref="1:0:1:0001:0001:ffff:00d72d00:0:0:0:" name="Service-1" service_name="Service-1" provider="Service Provider" sid="1" onid="65535" tsid="1" />
    <channel service_ref="1:0:1:0001:0001:ffff:00d7ad94:0:0:0:" name="Service-1" service_name="Service-1" provider="Service Provider" sid="1" onid="65535" tsid="1" />
    <channel service_ref="1:0:1:0001:0001:ffff:00d7adb0:0:0:0:" name="Service-H" service_name="Service-H" provider="Service Provider" sid="1" onid="65535" tsid="1" />
    <channel service_ref="1:0:1:0001:000c:ffff:00d7acf5:0:0:0:" name="Service1" service_name="Service1" provider="Service Provider" sid="1" onid="65535" tsid="12" />
    <channel service_ref="1:0:1:002b:0002:0000:00d7aaa7:0:0:0:" name="ZJTV-HD" service_name="ZJTV-HD" provider="" sid="43" onid="0" tsid="2" />
  </bouquet>
  <bouquet name="Radio" category="radio">
    <channel service_ref="1:0:2:03e8:0001:0000:00d72d4f:0:0:0:" name="11599H SID 0x3e8" service_name="11599H SID 0x3e8" provider="DVB-S QPSK 11599H 21.5Â°E" sid="1000" onid="0" tsid="1" />
    <channel service_ref="1:0:2:07d0:0001:0000:00d72d4f:0:0:0:" name="11599H SID 0x7d0" service_name="11599H SID 0x7d0" provider="DVB-S QPSK 11599H 21.5Â°E" sid="2000" onid="0" tsid="1" />
    <channel service_ref="1:0:2:03e8:0001:0001:00d72d39:0:0:0:" name="Program 1000" service_name="Program 1000" provider="Qbit GmbH" sid="1000" onid="1" tsid="1" />
    <channel service_ref="1:0:2:07d0:0001:0001:00d72d39:0:0:0:" name="Program 2000" service_name="Program 2000" provider="Qbit GmbH" sid="2000" onid="1" tsid="1" />
  </bouquet>
</zapit>
