<?xml version='1.0' encoding='utf-8'?>
<zapit>
  <bouquet name="General" category="tv">
    <channel service_ref="1:0:1:020c:0017:0003:00130000:0:0:0:" name="24 Horas" service_name="24 Horas" provider="neosat" sid="524" onid="3" tsid="23" />
    <channel service_ref="1:0:1:024a:0019:0003:00130000:0:0:0:" name="360 TuneBox HD" service_name="360 TuneBox HD" provider="neosat" sid="586" onid="3" tsid="25" />
    <channel service_ref="1:0:1:00dd:0018:0003:00130000:0:0:0:" name="7/8 TV HD" service_name="7/8 TV HD" provider="neosat" sid="221" onid="3" tsid="24" />
    <channel service_ref="1:0:1:01bb:000a:0002:00130000:0:0:0:" name="Agro Tv" service_name="Agro Tv" provider="neosat" sid="443" onid="2" tsid="10" />
    <channel service_ref="1:0:1:01c1:000a:0002:00130000:0:0:0:" name="Al Jazerra" service_name="Al Jazerra" provider="neosat" sid="449" onid="2" tsid="10" />
    <channel service_ref="1:0:1:025e:001a:0003:00130000:0:0:0:" name="Ambience TV" service_name="Ambience TV" provider="neosat" sid="606" onid="3" tsid="26" />
    <channel service_ref="1:0:1:01a8:000a:0002:00130000:0:0:0:" name="AMC" service_name="AMC" provider="neosat" sid="424" onid="2" tsid="10" />
    <channel service_ref="1:0:1:004e:000c:0003:00130000:0:0:0:" name="Animal Planet HD" service_name="Animal Planet HD" provider="neosat" sid="78" onid="3" tsid="12" />
    <channel service_ref="1:0:1:00ca:0017:0003:00130000:0:0:0:" name="Arirang" service_name="Arirang" provider="neosat" sid="202" onid="3" tsid="23" />
    <channel service_ref="1:0:1:010b:001a:0003:00130000:0:0:0:" name="Auto Motor und Sport HD" service_name="Auto Motor und Sport HD" provider="neosat" sid="267" onid="3" tsid="26" />
    <channel service_ref="1:0:1:002f:000e:0003:00130000:0:0:0:" name="AXN" service_name="AXN" provider="neosat" sid="47" onid="3" tsid="14" />
    <channel service_ref="1:0:1:01f5:0017:0003:00130000:0:0:0:" name="AXN Black" service_name="AXN Black" provider="neosat" sid="501" onid="3" tsid="23" />
    <channel service_ref="1:0:1:01f4:0017:0003:00130000:0:0:0:" name="AXN White" service_name="AXN White" provider="neosat" sid="500" onid="3" tsid="23" />
    <channel service_ref="1:0:1:005b:000f:0003:00130000:0:0:0:" name="Balkanika HD" service_name="Balkanika HD" provider="neosat" sid="91" onid="3" tsid="15" />
    <channel service_ref="1:0:1:00a5:0008:0003:00130000:0:0:0:" name="Barely Legal" service_name="Barely Legal" provider="neosat" sid="165" onid="3" tsid="8" />
    <channel service_ref="1:0:1:004a:000e:0003:00130000:0:0:0:" name="BG Music Channel" service_name="BG Music Channel" provider="neosat" sid="74" onid="3" tsid="14" />
    <channel service_ref="1:0:1:0066:001a:0003:00130000:0:0:0:" name="BG+ HD" service_name="BG+ HD" provider="neosat" sid="102" onid="3" tsid="26" />
    <channel service_ref="1:0:1:01bc:000a:0002:00130000:0:0:0:" name="BHTV" service_name="BHTV" provider="neosat" sid="444" onid="2" tsid="10" />
    <channel service_ref="1:0:1:00d6:0012:0003:00130000:0:0:0:" name="Bloomberg TV HD" service_name="Bloomberg TV HD" provider="neosat" sid="214" onid="3" tsid="18" />
    <channel service_ref="1:0:1:008a:000f:0003:00130000:0:0:0:" name="BNT 1 HD" service_name="BNT 1 HD" provider="neosat" sid="138" onid="3" tsid="15" />
    <channel service_ref="1:0:1:008d:000f:0003:00130000:0:0:0:" name="BNT 2 HD" service_name="BNT 2 HD" provider="neosat" sid="141" onid="3" tsid="15" />
    <channel service_ref="1:0:1:008f:000f:0003:00130000:0:0:0:" name="BNT 3 HD" service_name="BNT 3 HD" provider="neosat" sid="143" onid="3" tsid="15" />
    <channel service_ref="1:0:25:010d:0015:0003:00130000:0:0:0:" name="BNT 4 HD" service_name="BNT 4 HD" provider="neosat" sid="269" onid="3" tsid="21" />
    <channel service_ref="1:0:1:005c:000f:0003:00130000:0:0:0:" name="bTV Action HD" service_name="bTV Action HD" provider="neosat" sid="92" onid="3" tsid="15" />
    <channel service_ref="1:0:1:00e9:0013:0003:00130000:0:0:0:" name="bTV Cinema HD" service_name="bTV Cinema HD" provider="neosat" sid="233" onid="3" tsid="19" />
    <channel service_ref="1:0:1:00de:0013:0003:00130000:0:0:0:" name="bTV Comedy HD" service_name="bTV Comedy HD" provider="neosat" sid="222" onid="3" tsid="19" />
    <channel service_ref="1:0:1:003b:000f:0003:00130000:0:0:0:" name="bTV HD" service_name="bTV HD" provider="neosat" sid="59" onid="3" tsid="15" />
    <channel service_ref="1:0:1:00df:0013:0003:00130000:0:0:0:" name="bTV Story HD" service_name="bTV Story HD" provider="neosat" sid="223" onid="3" tsid="19" />
    <channel service_ref="1:0:1:00a7:0010:0003:00130000:0:0:0:" name="Bulgaria 24 HD" service_name="Bulgaria 24 HD" provider="neosat" sid="167" onid="3" tsid="16" />
    <channel service_ref="1:0:1:00a8:0010:0003:00130000:0:0:0:" name="Bulgaria On Air HD" service_name="Bulgaria On Air HD" provider="neosat" sid="168" onid="3" tsid="16" />
    <channel service_ref="1:0:1:01fc:0017:0003:00130000:0:0:0:" name="Cartoon Network" service_name="Cartoon Network" provider="neosat" sid="508" onid="3" tsid="23" />
    <channel service_ref="1:0:1:021e:0018:0003:00130000:0:0:0:" name="Chasse et Peche HD" service_name="Chasse et Peche HD" provider="neosat" sid="542" onid="3" tsid="24" />
    <channel service_ref="1:0:1:00d4:0012:0003:00130000:0:0:0:" name="Cinemania HD" service_name="Cinemania HD" provider="neosat" sid="212" onid="3" tsid="18" />
    <channel service_ref="1:0:1:0029:000e:0003:00130000:0:0:0:" name="City TV" service_name="City TV" provider="neosat" sid="41" onid="3" tsid="14" />
    <channel service_ref="1:0:1:01ff:0017:0003:00130000:0:0:0:" name="Classical Harmony" service_name="Classical Harmony" provider="neosat" sid="511" onid="3" tsid="23" />
    <channel service_ref="1:0:1:00e3:0013:0003:00130000:0:0:0:" name="CNBC Europe HD" service_name="CNBC Europe HD" provider="neosat" sid="227" onid="3" tsid="19" />
    <channel service_ref="1:0:1:006d:000e:0003:00130000:0:0:0:" name="CNN Int" service_name="CNN Int" provider="neosat" sid="109" onid="3" tsid="14" />
    <channel service_ref="1:0:1:00d7:0012:0003:00130000:0:0:0:" name="Code Fashion HD" service_name="Code Fashion HD" provider="neosat" sid="215" onid="3" tsid="18" />
    <channel service_ref="1:0:1:00d9:0017:0003:00130000:0:0:0:" name="Code Health TV" service_name="Code Health TV" provider="neosat" sid="217" onid="3" tsid="23" />
    <channel service_ref="1:0:1:0031:000e:0003:00130000:0:0:0:" name="Current Time" service_name="Current Time" provider="neosat" sid="49" onid="3" tsid="14" />
    <channel service_ref="1:0:1:002a:000e:0003:00130000:0:0:0:" name="Da Vinci" service_name="Da Vinci" provider="neosat" sid="42" onid="3" tsid="14" />
    <channel service_ref="1:0:1:025d:001a:0003:00130000:0:0:0:" name="Datann" service_name="Datann" provider="" sid="605" onid="3" tsid="26" />
    <channel service_ref="1:0:1:024b:0019:0003:00130000:0:0:0:" name="Deluxe Lounge HD" service_name="Deluxe Lounge HD" provider="neosat" sid="587" onid="3" tsid="25" />
    <channel service_ref="1:0:1:00e0:0018:0003:00130000:0:0:0:" name="Deluxe Music HD" service_name="Deluxe Music HD" provider="neosat" sid="224" onid="3" tsid="24" />
    <channel service_ref="1:0:1:008c:000f:0003:00130000:0:0:0:" name="Discovery Channel HD" service_name="Discovery Channel HD" provider="neosat" sid="140" onid="3" tsid="15" />
    <channel service_ref="1:0:1:00ab:0010:0003:00130000:0:0:0:" name="Dizi HD" service_name="Dizi HD" provider="neosat" sid="171" onid="3" tsid="16" />
    <channel service_ref="1:0:1:025c:001a:0003:00130000:0:0:0:" name="Dizi HD" service_name="Dizi HD" provider="neosat" sid="604" onid="3" tsid="26" />
    <channel service_ref="1:0:1:01b2:000a:0002:00130000:0:0:0:" name="DM Sat" service_name="DM Sat" provider="neosat" sid="434" onid="2" tsid="10" />
    <channel service_ref="1:0:1:004d:000c:0003:00130000:0:0:0:" name="DocuBox HD" service_name="DocuBox HD" provider="neosat" sid="77" onid="3" tsid="12" />
    <channel service_ref="1:0:1:00f8:0019:0003:00130000:0:0:0:" name="Dom Kino Premium HD" service_name="Dom Kino Premium HD" provider="neosat" sid="248" onid="3" tsid="25" />
    <channel service_ref="1:0:1:006e:000e:0003:00130000:0:0:0:" name="DSTV" service_name="DSTV" provider="neosat" sid="110" onid="3" tsid="14" />
    <channel service_ref="1:0:1:01ad:000a:0002:00130000:0:0:0:" name="Duga" service_name="Duga" provider="neosat" sid="429" onid="2" tsid="10" />
    <channel service_ref="1:0:1:00cf:000a:0002:00130000:0:0:0:" name="DW" service_name="DW" provider="neosat" sid="207" onid="2" tsid="10" />
    <channel service_ref="1:0:1:01fd:0017:0003:00130000:0:0:0:" name="English Club" service_name="English Club" provider="neosat" sid="509" onid="3" tsid="23" />
    <channel service_ref="1:0:1:00de:0018:0003:00130000:0:0:0:" name="Epic Drama HD" service_name="Epic Drama HD" provider="neosat" sid="222" onid="3" tsid="24" />
    <channel service_ref="1:0:1:015c:0008:0003:00130000:0:0:0:" name="Erox HD" service_name="Erox HD" provider="neosat" sid="348" onid="3" tsid="8" />
    <channel service_ref="1:0:1:015d:0008:0003:00130000:0:0:0:" name="Eroxxx HD" service_name="Eroxxx HD" provider="neosat" sid="349" onid="3" tsid="8" />
    <channel service_ref="1:0:1:020a:0017:0003:00130000:0:0:0:" name="ERT World" service_name="ERT World" provider="neosat" sid="522" onid="3" tsid="23" />
    <channel service_ref="1:0:1:01aa:000a:0002:00130000:0:0:0:" name="ESPRESO TV" service_name="ESPRESO TV" provider="neosat" sid="426" onid="2" tsid="10" />
    <channel service_ref="1:0:1:007b:000e:0003:00130000:0:0:0:" name="Euronews Bulgaria" service_name="Euronews Bulgaria" provider="neosat" sid="123" onid="3" tsid="14" />
    <channel service_ref="1:0:1:004f:000c:0003:00130000:0:0:0:" name="Euronews HD" service_name="Euronews HD" provider="neosat" sid="79" onid="3" tsid="12" />
    <channel service_ref="1:0:1:00d2:0012:0003:00130000:0:0:0:" name="Eurosport 1 HD" service_name="Eurosport 1 HD" provider="neosat" sid="210" onid="3" tsid="18" />
    <channel service_ref="1:0:1:00d3:0012:0003:00130000:0:0:0:" name="Eurosport 2 HD" service_name="Eurosport 2 HD" provider="neosat" sid="211" onid="3" tsid="18" />
    <channel service_ref="1:0:1:015a:0008:0003:00130000:0:0:0:" name="Evil Angel HD" service_name="Evil Angel HD" provider="neosat" sid="346" onid="3" tsid="8" />
    <channel service_ref="1:0:25:0044:0015:0003:00130000:0:0:0:" name="Evrokom HD" service_name="Evrokom HD" provider="neosat" sid="68" onid="3" tsid="21" />
    <channel service_ref="1:0:1:00a4:0008:0003:00130000:0:0:0:" name="Fantazzy TV" service_name="Fantazzy TV" provider="neosat" sid="164" onid="3" tsid="8" />
    <channel service_ref="1:0:1:004a:000c:0003:00130000:0:0:0:" name="Fashion TV HD" service_name="Fashion TV HD" provider="neosat" sid="74" onid="3" tsid="12" />
    <channel service_ref="1:0:1:00fa:0019:0003:00130000:0:0:0:" name="FashionBox HD" service_name="FashionBox HD" provider="neosat" sid="250" onid="3" tsid="25" />
    <channel service_ref="1:0:1:0069:001a:0003:00130000:0:0:0:" name="Fast and FunBox HD" service_name="Fast and FunBox HD" provider="neosat" sid="105" onid="3" tsid="26" />
    <channel service_ref="1:0:22:006b:0015:0003:00130000:0:0:0:" name="Fen Folk" service_name="Fen Folk" provider="neosat" sid="107" onid="3" tsid="21" />
    <channel service_ref="1:0:1:00cd:0012:0003:00130000:0:0:0:" name="FEN TV HD" service_name="FEN TV HD" provider="neosat" sid="205" onid="3" tsid="18" />
    <channel service_ref="1:0:1:00fc:0019:0003:00130000:0:0:0:" name="Fight Box HD" service_name="Fight Box HD" provider="neosat" sid="252" onid="3" tsid="25" />
    <channel service_ref="1:0:1:00fd:0019:0003:00130000:0:0:0:" name="Fight Network HD" service_name="Fight Network HD" provider="neosat" sid="253" onid="3" tsid="25" />
    <channel service_ref="1:0:22:010a:0015:0003:00130000:0:0:0:" name="FilmBox" service_name="FilmBox" provider="neosat" sid="266" onid="3" tsid="21" />
    <channel service_ref="1:0:1:00f6:0019:0003:00130000:0:0:0:" name="FilmBox Arthouse HD" service_name="FilmBox Arthouse HD" provider="neosat" sid="246" onid="3" tsid="25" />
    <channel service_ref="1:0:1:004c:000c:0003:00130000:0:0:0:" name="FilmBox Extra HD" service_name="FilmBox Extra HD" provider="neosat" sid="76" onid="3" tsid="12" />
    <channel service_ref="1:0:1:00d1:0012:0003:00130000:0:0:0:" name="FilmBox Stars HD" service_name="FilmBox Stars HD" provider="neosat" sid="209" onid="3" tsid="18" />
    <channel service_ref="1:0:1:00f4:0019:0003:00130000:0:0:0:" name="Fishing and Hunting HD" service_name="Fishing and Hunting HD" provider="neosat" sid="244" onid="3" tsid="25" />
    <channel service_ref="1:0:1:020e:0017:0003:00130000:0:0:0:" name="Fix and Foxi" service_name="Fix and Foxi" provider="neosat" sid="526" onid="3" tsid="23" />
    <channel service_ref="1:0:1:002b:000e:0003:00130000:0:0:0:" name="Folklor TV" service_name="Folklor TV" provider="neosat" sid="43" onid="3" tsid="14" />
    <channel service_ref="1:0:1:006f:000e:0003:00130000:0:0:0:" name="France 24" service_name="France 24" provider="neosat" sid="111" onid="3" tsid="14" />
    <channel service_ref="1:0:1:002c:000e:0003:00130000:0:0:0:" name="France 24 eng" service_name="France 24 eng" provider="neosat" sid="44" onid="3" tsid="14" />
    <channel service_ref="1:0:1:00d7:0017:0003:00130000:0:0:0:" name="Freedom" service_name="Freedom" provider="neosat" sid="215" onid="3" tsid="23" />
    <channel service_ref="1:0:1:00dc:0018:0003:00130000:0:0:0:" name="Gametoon HD" service_name="Gametoon HD" provider="neosat" sid="220" onid="3" tsid="24" />
    <channel service_ref="1:0:1:00a1:0010:0003:00130000:0:0:0:" name="HGTV HD" service_name="HGTV HD" provider="neosat" sid="161" onid="3" tsid="16" />
    <channel service_ref="1:0:1:00ea:0013:0003:00130000:0:0:0:" name="Hit Mix HD" service_name="Hit Mix HD" provider="neosat" sid="234" onid="3" tsid="19" />
    <channel service_ref="1:0:1:00a1:0008:0003:00130000:0:0:0:" name="Hustler" service_name="Hustler" provider="neosat" sid="161" onid="3" tsid="8" />
    <channel service_ref="1:0:1:009f:0008:0003:00130000:0:0:0:" name="Hustler HD" service_name="Hustler HD" provider="neosat" sid="159" onid="3" tsid="8" />
    <channel service_ref="1:0:1:010c:001a:0003:00130000:0:0:0:" name="iConcert HD" service_name="iConcert HD" provider="neosat" sid="268" onid="3" tsid="26" />
    <channel service_ref="1:0:1:006d:001a:0003:00130000:0:0:0:" name="Investigation Discovery HD" service_name="Investigation Discovery HD" provider="neosat" sid="109" onid="3" tsid="26" />
    <channel service_ref="1:0:1:00e6:0018:0003:00130000:0:0:0:" name="Jim Jam" service_name="Jim Jam" provider="neosat" sid="230" onid="3" tsid="24" />
    <channel service_ref="1:0:1:024c:0019:0003:00130000:0:0:0:" name="Jukebox HD" service_name="Jukebox HD" provider="neosat" sid="588" onid="3" tsid="25" />
    <channel service_ref="1:0:1:022a:0018:0003:00130000:0:0:0:" name="Kanal 0" service_name="Kanal 0" provider="neosat" sid="554" onid="3" tsid="24" />
    <channel service_ref="1:0:1:00d8:0017:0003:00130000:0:0:0:" name="Kanal 3" service_name="Kanal 3" provider="neosat" sid="216" onid="3" tsid="23" />
    <channel service_ref="1:0:1:00c8:0017:0003:00130000:0:0:0:" name="Karusel" service_name="Karusel" provider="neosat" sid="200" onid="3" tsid="23" />
    <channel service_ref="1:0:1:01ac:000a:0002:00130000:0:0:0:" name="KCN Music 2" service_name="KCN Music 2" provider="neosat" sid="428" onid="2" tsid="10" />
    <channel service_ref="1:0:25:010e:0015:0003:00130000:0:0:0:" name="Kitchen TV HD" service_name="Kitchen TV HD" provider="neosat" sid="270" onid="3" tsid="21" />
    <channel service_ref="1:0:1:00e5:0018:0003:00130000:0:0:0:" name="Lolly Kids HD" service_name="Lolly Kids HD" provider="neosat" sid="229" onid="3" tsid="24" />
    <channel service_ref="1:0:1:01f9:0017:0003:00130000:0:0:0:" name="M1-Global" service_name="M1-Global" provider="neosat" sid="505" onid="3" tsid="23" />
    <channel service_ref="1:0:1:00a6:0010:0003:00130000:0:0:0:" name="MAX Sport 1 HD" service_name="MAX Sport 1 HD" provider="neosat" sid="166" onid="3" tsid="16" />
    <channel service_ref="1:0:1:00dd:0013:0003:00130000:0:0:0:" name="MAX Sport 2 HD" service_name="MAX Sport 2 HD" provider="neosat" sid="221" onid="3" tsid="19" />
    <channel service_ref="1:0:1:00a3:0010:0003:00130000:0:0:0:" name="MAX Sport 3 HD" service_name="MAX Sport 3 HD" provider="neosat" sid="163" onid="3" tsid="16" />
    <channel service_ref="1:0:1:00a0:0010:0003:00130000:0:0:0:" name="MAX Sport 4 HD" service_name="MAX Sport 4 HD" provider="neosat" sid="160" onid="3" tsid="16" />
    <channel service_ref="1:0:1:002e:000e:0003:00130000:0:0:0:" name="Motorvision" service_name="Motorvision" provider="neosat" sid="46" onid="3" tsid="14" />
    <channel service_ref="1:0:1:020d:0017:0003:00130000:0:0:0:" name="MTV" service_name="MTV" provider="neosat" sid="525" onid="3" tsid="23" />
    <channel service_ref="1:0:1:00ce:0017:0003:00130000:0:0:0:" name="MTV 00s" service_name="MTV 00s" provider="neosat" sid="206" onid="3" tsid="23" />
    <channel service_ref="1:0:1:00cf:0017:0003:00130000:0:0:0:" name="MTV 80s" service_name="MTV 80s" provider="neosat" sid="207" onid="3" tsid="23" />
    <channel service_ref="1:0:1:00cc:0017:0003:00130000:0:0:0:" name="MTV 90s" service_name="MTV 90s" provider="neosat" sid="204" onid="3" tsid="23" />
    <channel service_ref="1:0:1:00cd:0017:0003:00130000:0:0:0:" name="MTV Hits" service_name="MTV Hits" provider="neosat" sid="205" onid="3" tsid="23" />
    <channel service_ref="1:0:1:01fb:0017:0003:00130000:0:0:0:" name="NHK WORLD" service_name="NHK WORLD" provider="neosat" sid="507" onid="3" tsid="23" />
    <channel service_ref="1:0:22:006e:0015:0003:00130000:0:0:0:" name="Nick Jr" service_name="Nick Jr" provider="neosat" sid="110" onid="3" tsid="21" />
    <channel service_ref="1:0:1:00cb:0017:0003:00130000:0:0:0:" name="Nick Junior" service_name="Nick Junior" provider="neosat" sid="203" onid="3" tsid="23" />
    <channel service_ref="1:0:22:0046:0015:0003:00130000:0:0:0:" name="Nicktoons" service_name="Nicktoons" provider="neosat" sid="70" onid="3" tsid="21" />
    <channel service_ref="1:0:1:00d5:0012:0003:00130000:0:0:0:" name="Nostalgia HD" service_name="Nostalgia HD" provider="neosat" sid="213" onid="3" tsid="18" />
    <channel service_ref="1:0:1:01b9:000a:0002:00130000:0:0:0:" name="Passion XXX" service_name="Passion XXX" provider="neosat" sid="441" onid="2" tsid="10" />
    <channel service_ref="1:0:1:01bf:000a:0002:00130000:0:0:0:" name="Passion XXX 2" service_name="Passion XXX 2" provider="neosat" sid="447" onid="2" tsid="10" />
    <channel service_ref="1:0:1:00e7:0013:0003:00130000:0:0:0:" name="Planeta Folk" service_name="Planeta Folk" provider="neosat" sid="231" onid="3" tsid="19" />
    <channel service_ref="1:0:1:00cc:0012:0003:00130000:0:0:0:" name="Planeta HD" service_name="Planeta HD" provider="neosat" sid="204" onid="3" tsid="18" />
    <channel service_ref="1:0:1:009c:0008:0003:00130000:0:0:0:" name="Playboy TV HD" service_name="Playboy TV HD" provider="neosat" sid="156" onid="3" tsid="8" />
    <channel service_ref="1:0:1:006b:000e:0003:00130000:0:0:0:" name="PPTV" service_name="PPTV" provider="neosat" sid="107" onid="3" tsid="14" />
    <channel service_ref="1:0:1:015b:0008:0003:00130000:0:0:0:" name="Private HD" service_name="Private HD" provider="neosat" sid="347" onid="3" tsid="8" />
    <channel service_ref="1:0:1:00e3:0018:0003:00130000:0:0:0:" name="PRO7" service_name="PRO7" provider="neosat" sid="227" onid="3" tsid="24" />
    <channel service_ref="1:0:1:022f:0018:0003:00130000:0:0:0:" name="RiC" service_name="RiC" provider="neosat" sid="559" onid="3" tsid="24" />
    <channel service_ref="1:0:1:020b:0017:0003:00130000:0:0:0:" name="RIK Sat" service_name="RIK Sat" provider="neosat" sid="523" onid="3" tsid="23" />
    <channel service_ref="1:0:1:00e8:0013:0003:00130000:0:0:0:" name="RING HD" service_name="RING HD" provider="neosat" sid="232" onid="3" tsid="19" />
    <channel service_ref="1:0:1:00f9:0019:0003:00130000:0:0:0:" name="Rock TV HD" service_name="Rock TV HD" provider="neosat" sid="249" onid="3" tsid="25" />
    <channel service_ref="1:0:1:022e:0018:0003:00130000:0:0:0:" name="RTL" service_name="RTL" provider="neosat" sid="558" onid="3" tsid="24" />
    <channel service_ref="1:0:1:01b8:000a:0002:00130000:0:0:0:" name="RTP Internacional" service_name="RTP Internacional" provider="neosat" sid="440" onid="2" tsid="10" />
    <channel service_ref="1:0:1:01a5:000a:0002:00130000:0:0:0:" name="SAT1" service_name="SAT1" provider="neosat" sid="421" onid="2" tsid="10" />
    <channel service_ref="1:0:1:00da:0017:0003:00130000:0:0:0:" name="SHOW TURK" service_name="SHOW TURK" provider="neosat" sid="218" onid="3" tsid="23" />
    <channel service_ref="1:0:1:01bd:000a:0002:00130000:0:0:0:" name="Skat TV" service_name="Skat TV" provider="neosat" sid="445" onid="2" tsid="10" />
    <channel service_ref="1:0:22:0045:0015:0003:00130000:0:0:0:" name="Sky News" service_name="Sky News" provider="neosat" sid="69" onid="3" tsid="21" />
    <channel service_ref="1:0:1:009b:0008:0003:00130000:0:0:0:" name="Super One" service_name="Super One" provider="neosat" sid="155" onid="3" tsid="8" />
    <channel service_ref="1:0:1:022c:0018:0003:00130000:0:0:0:" name="Super RTL" service_name="Super RTL" provider="neosat" sid="556" onid="3" tsid="24" />
    <channel service_ref="1:0:1:01c2:000a:0002:00130000:0:0:0:" name="Svet Plus" service_name="Svet Plus" provider="neosat" sid="450" onid="2" tsid="10" />
    <channel service_ref="1:0:1:021d:0018:0003:00130000:0:0:0:" name="Test 42 HD" service_name="Test 42 HD" provider="neosat" sid="541" onid="3" tsid="24" />
    <channel service_ref="1:0:1:01ae:000a:0002:00130000:0:0:0:" name="TG COM24" service_name="TG COM24" provider="neosat" sid="430" onid="2" tsid="10" />
    <channel service_ref="1:0:1:004e:000e:0003:00130000:0:0:0:" name="The World" service_name="The World" provider="neosat" sid="78" onid="3" tsid="14" />
    <channel service_ref="1:0:1:00e7:0018:0003:00130000:0:0:0:" name="This is Bulgaria HD" service_name="This is Bulgaria HD" provider="neosat" sid="231" onid="3" tsid="24" />
    <channel service_ref="1:0:25:004a:0015:0003:00130000:0:0:0:" name="Tiankov Folk HD" service_name="Tiankov Folk HD" provider="neosat" sid="74" onid="3" tsid="21" />
    <channel service_ref="1:0:1:01b1:000a:0002:00130000:0:0:0:" name="Tiankov Orient Folk" service_name="Tiankov Orient Folk" provider="neosat" sid="433" onid="2" tsid="10" />
    <channel service_ref="1:0:1:01b7:000a:0002:00130000:0:0:0:" name="TLC" service_name="TLC" provider="neosat" sid="439" onid="2" tsid="10" />
    <channel service_ref="1:0:1:00e8:0018:0003:00130000:0:0:0:" name="TNT Music" service_name="TNT Music" provider="neosat" sid="232" onid="3" tsid="24" />
    <channel service_ref="1:0:1:022d:0018:0003:00130000:0:0:0:" name="Toggo Plus" service_name="Toggo Plus" provider="neosat" sid="557" onid="3" tsid="24" />
    <channel service_ref="1:0:1:004b:000c:0003:00130000:0:0:0:" name="Travel Channel HD" service_name="Travel Channel HD" provider="neosat" sid="75" onid="3" tsid="12" />
    <channel service_ref="1:0:22:006d:0015:0003:00130000:0:0:0:" name="Travel TV" service_name="Travel TV" provider="neosat" sid="109" onid="3" tsid="21" />
    <channel service_ref="1:0:1:00d4:0017:0003:00130000:0:0:0:" name="TRT World" service_name="TRT World" provider="neosat" sid="212" onid="3" tsid="23" />
    <channel service_ref="1:0:1:00aa:0010:0003:00130000:0:0:0:" name="TV Rodina HD" service_name="TV Rodina HD" provider="neosat" sid="170" onid="3" tsid="16" />
    <channel service_ref="1:0:1:01f8:0017:0003:00130000:0:0:0:" name="TV Shumen" service_name="TV Shumen" provider="neosat" sid="504" onid="3" tsid="23" />
    <channel service_ref="1:0:1:00a4:0010:0003:00130000:0:0:0:" name="TV1 HD" service_name="TV1 HD" provider="neosat" sid="164" onid="3" tsid="16" />
    <channel service_ref="1:0:1:004f:000e:0003:00130000:0:0:0:" name="TV1000" service_name="TV1000" provider="neosat" sid="79" onid="3" tsid="14" />
    <channel service_ref="1:0:1:01f6:0017:0003:00130000:0:0:0:" name="TV1000" service_name="TV1000" provider="neosat" sid="502" onid="3" tsid="23" />
    <channel service_ref="1:0:1:0032:000e:0003:00130000:0:0:0:" name="TV5 Monde" service_name="TV5 Monde" provider="neosat" sid="50" onid="3" tsid="14" />
    <channel service_ref="1:0:1:01b5:000a:0002:00130000:0:0:0:" name="TVE Internacional" service_name="TVE Internacional" provider="neosat" sid="437" onid="2" tsid="10" />
    <channel service_ref="1:0:1:021c:0018:0003:00130000:0:0:0:" name="TVRi" service_name="TVRi" provider="neosat" sid="540" onid="3" tsid="24" />
    <channel service_ref="1:0:1:004b:000e:0003:00130000:0:0:0:" name="TVT" service_name="TVT" provider="neosat" sid="75" onid="3" tsid="14" />
    <channel service_ref="1:0:1:001e:000c:0003:00130000:0:0:0:" name="Viasat Explore HD" service_name="Viasat Explore HD" provider="neosat" sid="30" onid="3" tsid="12" />
    <channel service_ref="1:0:1:002e:000c:0003:00130000:0:0:0:" name="Viasat History HD" service_name="Viasat History HD" provider="neosat" sid="46" onid="3" tsid="12" />
    <channel service_ref="1:0:1:002f:000c:0003:00130000:0:0:0:" name="Viasat Nature HD" service_name="Viasat Nature HD" provider="neosat" sid="47" onid="3" tsid="12" />
    <channel service_ref="1:0:1:025b:001a:0003:00130000:0:0:0:" name="VNT HD" service_name="VNT HD" provider="neosat" sid="603" onid="3" tsid="26" />
    <channel service_ref="1:0:1:00e2:0018:0003:00130000:0:0:0:" name="VOX" service_name="VOX" provider="neosat" sid="226" onid="3" tsid="24" />
    <channel service_ref="1:0:1:00e6:0013:0003:00130000:0:0:0:" name="VTK" service_name="VTK" provider="neosat" sid="230" onid="3" tsid="19" />
    <channel service_ref="1:0:1:021f:0018:0003:00130000:0:0:0:" name="WNESS TV HD" service_name="WNESS TV HD" provider="neosat" sid="543" onid="3" tsid="24" />
    <channel service_ref="1:0:1:01ab:000a:0002:00130000:0:0:0:" name="XY max" service_name="XY max" provider="neosat" sid="427" onid="2" tsid="10" />
    <channel service_ref="1:0:1:01c0:000a:0002:00130000:0:0:0:" name="XY mix" service_name="XY mix" provider="neosat" sid="448" onid="2" tsid="10" />
    <channel service_ref="1:0:1:01be:000a:0002:00130000:0:0:0:" name="XY plus" service_name="XY plus" provider="neosat" sid="446" onid="2" tsid="10" />
  </bouquet>
  <bouquet name="Movies" category="tv">
    <channel service_ref="1:0:1:00e9:0013:0003:00130000:0:0:0:" name="bTV Cinema HD" service_name="bTV Cinema HD" provider="neosat" sid="233" onid="3" tsid="19" />
    <channel service_ref="1:0:1:00d4:0012:0003:00130000:0:0:0:" name="Cinemania HD" service_name="Cinemania HD" provider="neosat" sid="212" onid="3" tsid="18" />
    <channel service_ref="1:0:22:010a:0015:0003:00130000:0:0:0:" name="FilmBox" service_name="FilmBox" provider="neosat" sid="266" onid="3" tsid="21" />
    <channel service_ref="1:0:1:00f6:0019:0003:00130000:0:0:0:" name="FilmBox Arthouse HD" service_name="FilmBox Arthouse HD" provider="neosat" sid="246" onid="3" tsid="25" />
    <channel service_ref="1:0:1:004c:000c:0003:00130000:0:0:0:" name="FilmBox Extra HD" service_name="FilmBox Extra HD" provider="neosat" sid="76" onid="3" tsid="12" />
    <channel service_ref="1:0:1:00d1:0012:0003:00130000:0:0:0:" name="FilmBox Stars HD" service_name="FilmBox Stars HD" provider="neosat" sid="209" onid="3" tsid="18" />
  </bouquet>
  <bouquet name="Series" category="tv">
    <channel service_ref="1:0:1:00de:0018:0003:00130000:0:0:0:" name="Epic Drama HD" service_name="Epic Drama HD" provider="neosat" sid="222" onid="3" tsid="24" />
  </bouquet>
  <bouquet name="News" category="tv">
    <channel service_ref="1:0:1:007b:000e:0003:00130000:0:0:0:" name="Euronews Bulgaria" service_name="Euronews Bulgaria" provider="neosat" sid="123" onid="3" tsid="14" />
    <channel service_ref="1:0:1:004f:000c:0003:00130000:0:0:0:" name="Euronews HD" service_name="Euronews HD" provider="neosat" sid="79" onid="3" tsid="12" />
    <channel service_ref="1:0:22:0045:0015:0003:00130000:0:0:0:" name="Sky News" service_name="Sky News" provider="neosat" sid="69" onid="3" tsid="21" />
  </bouquet>
  <bouquet name="Sports" category="tv">
    <channel service_ref="1:0:1:010b:001a:0003:00130000:0:0:0:" name="Auto Motor und Sport HD" service_name="Auto Motor und Sport HD" provider="neosat" sid="267" onid="3" tsid="26" />
    <channel service_ref="1:0:1:00d2:0012:0003:00130000:0:0:0:" name="Eurosport 1 HD" service_name="Eurosport 1 HD" provider="neosat" sid="210" onid="3" tsid="18" />
    <channel service_ref="1:0:1:00d3:0012:0003:00130000:0:0:0:" name="Eurosport 2 HD" service_name="Eurosport 2 HD" provider="neosat" sid="211" onid="3" tsid="18" />
    <channel service_ref="1:0:1:00a6:0010:0003:00130000:0:0:0:" name="MAX Sport 1 HD" service_name="MAX Sport 1 HD" provider="neosat" sid="166" onid="3" tsid="16" />
    <channel service_ref="1:0:1:00dd:0013:0003:00130000:0:0:0:" name="MAX Sport 2 HD" service_name="MAX Sport 2 HD" provider="neosat" sid="221" onid="3" tsid="19" />
    <channel service_ref="1:0:1:00a3:0010:0003:00130000:0:0:0:" name="MAX Sport 3 HD" service_name="MAX Sport 3 HD" provider="neosat" sid="163" onid="3" tsid="16" />
    <channel service_ref="1:0:1:00a0:0010:0003:00130000:0:0:0:" name="MAX Sport 4 HD" service_name="MAX Sport 4 HD" provider="neosat" sid="160" onid="3" tsid="16" />
  </bouquet>
  <bouquet name="Kids" category="tv">
    <channel service_ref="1:0:1:01fc:0017:0003:00130000:0:0:0:" name="Cartoon Network" service_name="Cartoon Network" provider="neosat" sid="508" onid="3" tsid="23" />
    <channel service_ref="1:0:1:00e5:0018:0003:00130000:0:0:0:" name="Lolly Kids HD" service_name="Lolly Kids HD" provider="neosat" sid="229" onid="3" tsid="24" />
    <channel service_ref="1:0:1:00cb:0017:0003:00130000:0:0:0:" name="Nick Junior" service_name="Nick Junior" provider="neosat" sid="203" onid="3" tsid="23" />
    <channel service_ref="1:0:1:022d:0018:0003:00130000:0:0:0:" name="Toggo Plus" service_name="Toggo Plus" provider="neosat" sid="557" onid="3" tsid="24" />
  </bouquet>
  <bouquet name="Music" category="tv">
    <channel service_ref="1:0:1:004a:000e:0003:00130000:0:0:0:" name="BG Music Channel" service_name="BG Music Channel" provider="neosat" sid="74" onid="3" tsid="14" />
    <channel service_ref="1:0:1:00e0:0018:0003:00130000:0:0:0:" name="Deluxe Music HD" service_name="Deluxe Music HD" provider="neosat" sid="224" onid="3" tsid="24" />
    <channel service_ref="1:0:1:01ac:000a:0002:00130000:0:0:0:" name="KCN Music 2" service_name="KCN Music 2" provider="neosat" sid="428" onid="2" tsid="10" />
    <channel service_ref="1:0:1:020d:0017:0003:00130000:0:0:0:" name="MTV" service_name="MTV" provider="neosat" sid="525" onid="3" tsid="23" />
    <channel service_ref="1:0:1:00ce:0017:0003:00130000:0:0:0:" name="MTV 00s" service_name="MTV 00s" provider="neosat" sid="206" onid="3" tsid="23" />
    <channel service_ref="1:0:1:00cf:0017:0003:00130000:0:0:0:" name="MTV 80s" service_name="MTV 80s" provider="neosat" sid="207" onid="3" tsid="23" />
    <channel service_ref="1:0:1:00cc:0017:0003:00130000:0:0:0:" name="MTV 90s" service_name="MTV 90s" provider="neosat" sid="204" onid="3" tsid="23" />
    <channel service_ref="1:0:1:00cd:0017:0003:00130000:0:0:0:" name="MTV Hits" service_name="MTV Hits" provider="neosat" sid="205" onid="3" tsid="23" />
    <channel service_ref="1:0:1:00e8:0018:0003:00130000:0:0:0:" name="TNT Music" service_name="TNT Music" provider="neosat" sid="232" onid="3" tsid="24" />
  </bouquet>
  <bouquet name="Documentary" category="tv">
    <channel service_ref="1:0:1:004e:000c:0003:00130000:0:0:0:" name="Animal Planet HD" service_name="Animal Planet HD" provider="neosat" sid="78" onid="3" tsid="12" />
    <channel service_ref="1:0:1:00e7:0013:0003:00130000:0:0:0:" name="Planeta Folk" service_name="Planeta Folk" provider="neosat" sid="231" onid="3" tsid="19" />
    <channel service_ref="1:0:1:00cc:0012:0003:00130000:0:0:0:" name="Planeta HD" service_name="Planeta HD" provider="neosat" sid="204" onid="3" tsid="18" />
    <channel service_ref="1:0:1:002e:000c:0003:00130000:0:0:0:" name="Viasat History HD" service_name="Viasat History HD" provider="neosat" sid="46" onid="3" tsid="12" />
  </bouquet>
  <bouquet name="RTL" category="tv">
    <channel service_ref="1:0:1:022e:0018:0003:00130000:0:0:0:" name="RTL" service_name="RTL" provider="neosat" sid="558" onid="3" tsid="24" />
    <channel service_ref="1:0:1:022c:0018:0003:00130000:0:0:0:" name="Super RTL" service_name="Super RTL" provider="neosat" sid="556" onid="3" tsid="24" />
    <channel service_ref="1:0:1:00e2:0018:0003:00130000:0:0:0:" name="VOX" service_name="VOX" provider="neosat" sid="226" onid="3" tsid="24" />
  </bouquet>
  <bouquet name="TF1" category="tv">
    <channel service_ref="1:0:1:006f:000e:0003:00130000:0:0:0:" name="France 24" service_name="France 24" provider="neosat" sid="111" onid="3" tsid="14" />
    <channel service_ref="1:0:1:002c:000e:0003:00130000:0:0:0:" name="France 24 eng" service_name="France 24 eng" provider="neosat" sid="44" onid="3" tsid="14" />
  </bouquet>
  <bouquet name="Switzerland" category="tv">
    <channel service_ref="1:0:1:024a:0019:0003:00130000:0:0:0:" name="360 TuneBox HD" service_name="360 TuneBox HD" provider="neosat" sid="586" onid="3" tsid="25" />
    <channel service_ref="1:0:1:008f:000f:0003:00130000:0:0:0:" name="BNT 3 HD" service_name="BNT 3 HD" provider="neosat" sid="143" onid="3" tsid="15" />
    <channel service_ref="1:0:1:00d8:0017:0003:00130000:0:0:0:" name="Kanal 3" service_name="Kanal 3" provider="neosat" sid="216" onid="3" tsid="23" />
    <channel service_ref="1:0:1:0032:000e:0003:00130000:0:0:0:" name="TV5 Monde" service_name="TV5 Monde" provider="neosat" sid="50" onid="3" tsid="14" />
  </bouquet>
  <bouquet name="Spain" category="tv">
    <channel service_ref="1:0:1:01b5:000a:0002:00130000:0:0:0:" name="TVE Internacional" service_name="TVE Internacional" provider="neosat" sid="437" onid="2" tsid="10" />
  </bouquet>
  <bouquet name="Resolution - HD" category="tv">
    <channel service_ref="1:0:1:024a:0019:0003:00130000:0:0:0:" name="360 TuneBox HD" service_name="360 TuneBox HD" provider="neosat" sid="586" onid="3" tsid="25" />
    <channel service_ref="1:0:1:00dd:0018:0003:00130000:0:0:0:" name="7/8 TV HD" service_name="7/8 TV HD" provider="neosat" sid="221" onid="3" tsid="24" />
    <channel service_ref="1:0:1:004e:000c:0003:00130000:0:0:0:" name="Animal Planet HD" service_name="Animal Planet HD" provider="neosat" sid="78" onid="3" tsid="12" />
    <channel service_ref="1:0:1:010b:001a:0003:00130000:0:0:0:" name="Auto Motor und Sport HD" service_name="Auto Motor und Sport HD" provider="neosat" sid="267" onid="3" tsid="26" />
    <channel service_ref="1:0:1:005b:000f:0003:00130000:0:0:0:" name="Balkanika HD" service_name="Balkanika HD" provider="neosat" sid="91" onid="3" tsid="15" />
    <channel service_ref="1:0:1:0066:001a:0003:00130000:0:0:0:" name="BG+ HD" service_name="BG+ HD" provider="neosat" sid="102" onid="3" tsid="26" />
    <channel service_ref="1:0:1:00d6:0012:0003:00130000:0:0:0:" name="Bloomberg TV HD" service_name="Bloomberg TV HD" provider="neosat" sid="214" onid="3" tsid="18" />
    <channel service_ref="1:0:1:008a:000f:0003:00130000:0:0:0:" name="BNT 1 HD" service_name="BNT 1 HD" provider="neosat" sid="138" onid="3" tsid="15" />
    <channel service_ref="1:0:1:008d:000f:0003:00130000:0:0:0:" name="BNT 2 HD" service_name="BNT 2 HD" provider="neosat" sid="141" onid="3" tsid="15" />
    <channel service_ref="1:0:1:008f:000f:0003:00130000:0:0:0:" name="BNT 3 HD" service_name="BNT 3 HD" provider="neosat" sid="143" onid="3" tsid="15" />
    <channel service_ref="1:0:25:010d:0015:0003:00130000:0:0:0:" name="BNT 4 HD" service_name="BNT 4 HD" provider="neosat" sid="269" onid="3" tsid="21" />
    <channel service_ref="1:0:1:005c:000f:0003:00130000:0:0:0:" name="bTV Action HD" service_name="bTV Action HD" provider="neosat" sid="92" onid="3" tsid="15" />
    <channel service_ref="1:0:1:00e9:0013:0003:00130000:0:0:0:" name="bTV Cinema HD" service_name="bTV Cinema HD" provider="neosat" sid="233" onid="3" tsid="19" />
    <channel service_ref="1:0:1:00de:0013:0003:00130000:0:0:0:" name="bTV Comedy HD" service_name="bTV Comedy HD" provider="neosat" sid="222" onid="3" tsid="19" />
    <channel service_ref="1:0:1:003b:000f:0003:00130000:0:0:0:" name="bTV HD" service_name="bTV HD" provider="neosat" sid="59" onid="3" tsid="15" />
    <channel service_ref="1:0:1:00df:0013:0003:00130000:0:0:0:" name="bTV Story HD" service_name="bTV Story HD" provider="neosat" sid="223" onid="3" tsid="19" />
    <channel service_ref="1:0:1:00a7:0010:0003:00130000:0:0:0:" name="Bulgaria 24 HD" service_name="Bulgaria 24 HD" provider="neosat" sid="167" onid="3" tsid="16" />
    <channel service_ref="1:0:1:00a8:0010:0003:00130000:0:0:0:" name="Bulgaria On Air HD" service_name="Bulgaria On Air HD" provider="neosat" sid="168" onid="3" tsid="16" />
    <channel service_ref="1:0:1:021e:0018:0003:00130000:0:0:0:" name="Chasse et Peche HD" service_name="Chasse et Peche HD" provider="neosat" sid="542" onid="3" tsid="24" />
    <channel service_ref="1:0:1:00d4:0012:0003:00130000:0:0:0:" name="Cinemania HD" service_name="Cinemania HD" provider="neosat" sid="212" onid="3" tsid="18" />
    <channel service_ref="1:0:1:00e3:0013:0003:00130000:0:0:0:" name="CNBC Europe HD" service_name="CNBC Europe HD" provider="neosat" sid="227" onid="3" tsid="19" />
    <channel service_ref="1:0:1:00d7:0012:0003:00130000:0:0:0:" name="Code Fashion HD" service_name="Code Fashion HD" provider="neosat" sid="215" onid="3" tsid="18" />
    <channel service_ref="1:0:1:024b:0019:0003:00130000:0:0:0:" name="Deluxe Lounge HD" service_name="Deluxe Lounge HD" provider="neosat" sid="587" onid="3" tsid="25" />
    <channel service_ref="1:0:1:00e0:0018:0003:00130000:0:0:0:" name="Deluxe Music HD" service_name="Deluxe Music HD" provider="neosat" sid="224" onid="3" tsid="24" />
    <channel service_ref="1:0:1:008c:000f:0003:00130000:0:0:0:" name="Discovery Channel HD" service_name="Discovery Channel HD" provider="neosat" sid="140" onid="3" tsid="15" />
    <channel service_ref="1:0:1:00ab:0010:0003:00130000:0:0:0:" name="Dizi HD" service_name="Dizi HD" provider="neosat" sid="171" onid="3" tsid="16" />
    <channel service_ref="1:0:1:025c:001a:0003:00130000:0:0:0:" name="Dizi HD" service_name="Dizi HD" provider="neosat" sid="604" onid="3" tsid="26" />
    <channel service_ref="1:0:1:004d:000c:0003:00130000:0:0:0:" name="DocuBox HD" service_name="DocuBox HD" provider="neosat" sid="77" onid="3" tsid="12" />
    <channel service_ref="1:0:1:00f8:0019:0003:00130000:0:0:0:" name="Dom Kino Premium HD" service_name="Dom Kino Premium HD" provider="neosat" sid="248" onid="3" tsid="25" />
    <channel service_ref="1:0:1:00de:0018:0003:00130000:0:0:0:" name="Epic Drama HD" service_name="Epic Drama HD" provider="neosat" sid="222" onid="3" tsid="24" />
    <channel service_ref="1:0:1:015c:0008:0003:00130000:0:0:0:" name="Erox HD" service_name="Erox HD" provider="neosat" sid="348" onid="3" tsid="8" />
    <channel service_ref="1:0:1:015d:0008:0003:00130000:0:0:0:" name="Eroxxx HD" service_name="Eroxxx HD" provider="neosat" sid="349" onid="3" tsid="8" />
    <channel service_ref="1:0:1:004f:000c:0003:00130000:0:0:0:" name="Euronews HD" service_name="Euronews HD" provider="neosat" sid="79" onid="3" tsid="12" />
    <channel service_ref="1:0:1:00d2:0012:0003:00130000:0:0:0:" name="Eurosport 1 HD" service_name="Eurosport 1 HD" provider="neosat" sid="210" onid="3" tsid="18" />
    <channel service_ref="1:0:1:00d3:0012:0003:00130000:0:0:0:" name="Eurosport 2 HD" service_name="Eurosport 2 HD" provider="neosat" sid="211" onid="3" tsid="18" />
    <channel service_ref="1:0:1:015a:0008:0003:00130000:0:0:0:" name="Evil Angel HD" service_name="Evil Angel HD" provider="neosat" sid="346" onid="3" tsid="8" />
    <channel service_ref="1:0:25:0044:0015:0003:00130000:0:0:0:" name="Evrokom HD" service_name="Evrokom HD" provider="neosat" sid="68" onid="3" tsid="21" />
    <channel service_ref="1:0:1:004a:000c:0003:00130000:0:0:0:" name="Fashion TV HD" service_name="Fashion TV HD" provider="neosat" sid="74" onid="3" tsid="12" />
    <channel service_ref="1:0:1:00fa:0019:0003:00130000:0:0:0:" name="FashionBox HD" service_name="FashionBox HD" provider="neosat" sid="250" onid="3" tsid="25" />
    <channel service_ref="1:0:1:0069:001a:0003:00130000:0:0:0:" name="Fast and FunBox HD" service_name="Fast and FunBox HD" provider="neosat" sid="105" onid="3" tsid="26" />
    <channel service_ref="1:0:1:00cd:0012:0003:00130000:0:0:0:" name="FEN TV HD" service_name="FEN TV HD" provider="neosat" sid="205" onid="3" tsid="18" />
    <channel service_ref="1:0:1:00fc:0019:0003:00130000:0:0:0:" name="Fight Box HD" service_name="Fight Box HD" provider="neosat" sid="252" onid="3" tsid="25" />
    <channel service_ref="1:0:1:00fd:0019:0003:00130000:0:0:0:" name="Fight Network HD" service_name="Fight Network HD" provider="neosat" sid="253" onid="3" tsid="25" />
    <channel service_ref="1:0:1:00f6:0019:0003:00130000:0:0:0:" name="FilmBox Arthouse HD" service_name="FilmBox Arthouse HD" provider="neosat" sid="246" onid="3" tsid="25" />
    <channel service_ref="1:0:1:004c:000c:0003:00130000:0:0:0:" name="FilmBox Extra HD" service_name="FilmBox Extra HD" provider="neosat" sid="76" onid="3" tsid="12" />
    <channel service_ref="1:0:1:00d1:0012:0003:00130000:0:0:0:" name="FilmBox Stars HD" service_name="FilmBox Stars HD" provider="neosat" sid="209" onid="3" tsid="18" />
    <channel service_ref="1:0:1:00f4:0019:0003:00130000:0:0:0:" name="Fishing and Hunting HD" service_name="Fishing and Hunting HD" provider="neosat" sid="244" onid="3" tsid="25" />
    <channel service_ref="1:0:1:00dc:0018:0003:00130000:0:0:0:" name="Gametoon HD" service_name="Gametoon HD" provider="neosat" sid="220" onid="3" tsid="24" />
    <channel service_ref="1:0:1:00a1:0010:0003:00130000:0:0:0:" name="HGTV HD" service_name="HGTV HD" provider="neosat" sid="161" onid="3" tsid="16" />
    <channel service_ref="1:0:1:00ea:0013:0003:00130000:0:0:0:" name="Hit Mix HD" service_name="Hit Mix HD" provider="neosat" sid="234" onid="3" tsid="19" />
    <channel service_ref="1:0:1:009f:0008:0003:00130000:0:0:0:" name="Hustler HD" service_name="Hustler HD" provider="neosat" sid="159" onid="3" tsid="8" />
    <channel service_ref="1:0:1:010c:001a:0003:00130000:0:0:0:" name="iConcert HD" service_name="iConcert HD" provider="neosat" sid="268" onid="3" tsid="26" />
    <channel service_ref="1:0:1:006d:001a:0003:00130000:0:0:0:" name="Investigation Discovery HD" service_name="Investigation Discovery HD" provider="neosat" sid="109" onid="3" tsid="26" />
    <channel service_ref="1:0:1:024c:0019:0003:00130000:0:0:0:" name="Jukebox HD" service_name="Jukebox HD" provider="neosat" sid="588" onid="3" tsid="25" />
    <channel service_ref="1:0:25:010e:0015:0003:00130000:0:0:0:" name="Kitchen TV HD" service_name="Kitchen TV HD" provider="neosat" sid="270" onid="3" tsid="21" />
    <channel service_ref="1:0:1:00e5:0018:0003:00130000:0:0:0:" name="Lolly Kids HD" service_name="Lolly Kids HD" provider="neosat" sid="229" onid="3" tsid="24" />
    <channel service_ref="1:0:1:00a6:0010:0003:00130000:0:0:0:" name="MAX Sport 1 HD" service_name="MAX Sport 1 HD" provider="neosat" sid="166" onid="3" tsid="16" />
    <channel service_ref="1:0:1:00dd:0013:0003:00130000:0:0:0:" name="MAX Sport 2 HD" service_name="MAX Sport 2 HD" provider="neosat" sid="221" onid="3" tsid="19" />
    <channel service_ref="1:0:1:00a3:0010:0003:00130000:0:0:0:" name="MAX Sport 3 HD" service_name="MAX Sport 3 HD" provider="neosat" sid="163" onid="3" tsid="16" />
    <channel service_ref="1:0:1:00a0:0010:0003:00130000:0:0:0:" name="MAX Sport 4 HD" service_name="MAX Sport 4 HD" provider="neosat" sid="160" onid="3" tsid="16" />
    <channel service_ref="1:0:1:00d5:0012:0003:00130000:0:0:0:" name="Nostalgia HD" service_name="Nostalgia HD" provider="neosat" sid="213" onid="3" tsid="18" />
    <channel service_ref="1:0:1:00cc:0012:0003:00130000:0:0:0:" name="Planeta HD" service_name="Planeta HD" provider="neosat" sid="204" onid="3" tsid="18" />
    <channel service_ref="1:0:1:009c:0008:0003:00130000:0:0:0:" name="Playboy TV HD" service_name="Playboy TV HD" provider="neosat" sid="156" onid="3" tsid="8" />
    <channel service_ref="1:0:1:015b:0008:0003:00130000:0:0:0:" name="Private HD" service_name="Private HD" provider="neosat" sid="347" onid="3" tsid="8" />
    <channel service_ref="1:0:1:00e8:0013:0003:00130000:0:0:0:" name="RING HD" service_name="RING HD" provider="neosat" sid="232" onid="3" tsid="19" />
    <channel service_ref="1:0:1:00f9:0019:0003:00130000:0:0:0:" name="Rock TV HD" service_name="Rock TV HD" provider="neosat" sid="249" onid="3" tsid="25" />
    <channel service_ref="1:0:1:021d:0018:0003:00130000:0:0:0:" name="Test 42 HD" service_name="Test 42 HD" provider="neosat" sid="541" onid="3" tsid="24" />
    <channel service_ref="1:0:1:00e7:0018:0003:00130000:0:0:0:" name="This is Bulgaria HD" service_name="This is Bulgaria HD" provider="neosat" sid="231" onid="3" tsid="24" />
    <channel service_ref="1:0:25:004a:0015:0003:00130000:0:0:0:" name="Tiankov Folk HD" service_name="Tiankov Folk HD" provider="neosat" sid="74" onid="3" tsid="21" />
    <channel service_ref="1:0:1:004b:000c:0003:00130000:0:0:0:" name="Travel Channel HD" service_name="Travel Channel HD" provider="neosat" sid="75" onid="3" tsid="12" />
    <channel service_ref="1:0:1:00aa:0010:0003:00130000:0:0:0:" name="TV Rodina HD" service_name="TV Rodina HD" provider="neosat" sid="170" onid="3" tsid="16" />
    <channel service_ref="1:0:1:00a4:0010:0003:00130000:0:0:0:" name="TV1 HD" service_name="TV1 HD" provider="neosat" sid="164" onid="3" tsid="16" />
    <channel service_ref="1:0:1:001e:000c:0003:00130000:0:0:0:" name="Viasat Explore HD" service_name="Viasat Explore HD" provider="neosat" sid="30" onid="3" tsid="12" />
    <channel service_ref="1:0:1:002e:000c:0003:00130000:0:0:0:" name="Viasat History HD" service_name="Viasat History HD" provider="neosat" sid="46" onid="3" tsid="12" />
    <channel service_ref="1:0:1:002f:000c:0003:00130000:0:0:0:" name="Viasat Nature HD" service_name="Viasat Nature HD" provider="neosat" sid="47" onid="3" tsid="12" />
    <channel service_ref="1:0:1:025b:001a:0003:00130000:0:0:0:" name="VNT HD" service_name="VNT HD" provider="neosat" sid="603" onid="3" tsid="26" />
    <channel service_ref="1:0:1:021f:0018:0003:00130000:0:0:0:" name="WNESS TV HD" service_name="WNESS TV HD" provider="neosat" sid="543" onid="3" tsid="24" />
  </bouquet>
  <bouquet name="Adult" category="tv">
    <channel service_ref="1:0:1:00a1:0008:0003:00130000:0:0:0:" name="Hustler" service_name="Hustler" provider="neosat" sid="161" onid="3" tsid="8" />
    <channel service_ref="1:0:1:009f:0008:0003:00130000:0:0:0:" name="Hustler HD" service_name="Hustler HD" provider="neosat" sid="159" onid="3" tsid="8" />
    <channel service_ref="1:0:1:009c:0008:0003:00130000:0:0:0:" name="Playboy TV HD" service_name="Playboy TV HD" provider="neosat" sid="156" onid="3" tsid="8" />
  </bouquet>
  <bouquet name="International" category="tv">
    <channel service_ref="1:0:1:020a:0017:0003:00130000:0:0:0:" name="ERT World" service_name="ERT World" provider="neosat" sid="522" onid="3" tsid="23" />
    <channel service_ref="1:0:1:01fb:0017:0003:00130000:0:0:0:" name="NHK WORLD" service_name="NHK WORLD" provider="neosat" sid="507" onid="3" tsid="23" />
    <channel service_ref="1:0:1:00da:0017:0003:00130000:0:0:0:" name="SHOW TURK" service_name="SHOW TURK" provider="neosat" sid="218" onid="3" tsid="23" />
    <channel service_ref="1:0:1:004e:000e:0003:00130000:0:0:0:" name="The World" service_name="The World" provider="neosat" sid="78" onid="3" tsid="14" />
    <channel service_ref="1:0:1:00d4:0017:0003:00130000:0:0:0:" name="TRT World" service_name="TRT World" provider="neosat" sid="212" onid="3" tsid="23" />
  </bouquet>
  <bouquet name="Others" category="tv">
    <channel service_ref="1:0:1:020c:0017:0003:00130000:0:0:0:" name="24 Horas" service_name="24 Horas" provider="neosat" sid="524" onid="3" tsid="23" />
    <channel service_ref="1:0:1:00dd:0018:0003:00130000:0:0:0:" name="7/8 TV HD" service_name="7/8 TV HD" provider="neosat" sid="221" onid="3" tsid="24" />
    <channel service_ref="1:0:1:01bb:000a:0002:00130000:0:0:0:" name="Agro Tv" service_name="Agro Tv" provider="neosat" sid="443" onid="2" tsid="10" />
    <channel service_ref="1:0:1:01c1:000a:0002:00130000:0:0:0:" name="Al Jazerra" service_name="Al Jazerra" provider="neosat" sid="449" onid="2" tsid="10" />
    <channel service_ref="1:0:1:025e:001a:0003:00130000:0:0:0:" name="Ambience TV" service_name="Ambience TV" provider="neosat" sid="606" onid="3" tsid="26" />
    <channel service_ref="1:0:1:01a8:000a:0002:00130000:0:0:0:" name="AMC" service_name="AMC" provider="neosat" sid="424" onid="2" tsid="10" />
    <channel service_ref="1:0:1:00ca:0017:0003:00130000:0:0:0:" name="Arirang" service_name="Arirang" provider="neosat" sid="202" onid="3" tsid="23" />
    <channel service_ref="1:0:1:002f:000e:0003:00130000:0:0:0:" name="AXN" service_name="AXN" provider="neosat" sid="47" onid="3" tsid="14" />
    <channel service_ref="1:0:1:01f5:0017:0003:00130000:0:0:0:" name="AXN Black" service_name="AXN Black" provider="neosat" sid="501" onid="3" tsid="23" />
    <channel service_ref="1:0:1:01f4:0017:0003:00130000:0:0:0:" name="AXN White" service_name="AXN White" provider="neosat" sid="500" onid="3" tsid="23" />
    <channel service_ref="1:0:1:005b:000f:0003:00130000:0:0:0:" name="Balkanika HD" service_name="Balkanika HD" provider="neosat" sid="91" onid="3" tsid="15" />
    <channel service_ref="1:0:1:00a5:0008:0003:00130000:0:0:0:" name="Barely Legal" service_name="Barely Legal" provider="neosat" sid="165" onid="3" tsid="8" />
    <channel service_ref="1:0:1:0066:001a:0003:00130000:0:0:0:" name="BG+ HD" service_name="BG+ HD" provider="neosat" sid="102" onid="3" tsid="26" />
    <channel service_ref="1:0:1:01bc:000a:0002:00130000:0:0:0:" name="BHTV" service_name="BHTV" provider="neosat" sid="444" onid="2" tsid="10" />
    <channel service_ref="1:0:1:00d6:0012:0003:00130000:0:0:0:" name="Bloomberg TV HD" service_name="Bloomberg TV HD" provider="neosat" sid="214" onid="3" tsid="18" />
    <channel service_ref="1:0:1:008a:000f:0003:00130000:0:0:0:" name="BNT 1 HD" service_name="BNT 1 HD" provider="neosat" sid="138" onid="3" tsid="15" />
    <channel service_ref="1:0:1:008d:000f:0003:00130000:0:0:0:" name="BNT 2 HD" service_name="BNT 2 HD" provider="neosat" sid="141" onid="3" tsid="15" />
    <channel service_ref="1:0:25:010d:0015:0003:00130000:0:0:0:" name="BNT 4 HD" service_name="BNT 4 HD" provider="neosat" sid="269" onid="3" tsid="21" />
    <channel service_ref="1:0:1:005c:000f:0003:00130000:0:0:0:" name="bTV Action HD" service_name="bTV Action HD" provider="neosat" sid="92" onid="3" tsid="15" />
    <channel service_ref="1:0:1:00de:0013:0003:00130000:0:0:0:" name="bTV Comedy HD" service_name="bTV Comedy HD" provider="neosat" sid="222" onid="3" tsid="19" />
    <channel service_ref="1:0:1:003b:000f:0003:00130000:0:0:0:" name="bTV HD" service_name="bTV HD" provider="neosat" sid="59" onid="3" tsid="15" />
    <channel service_ref="1:0:1:00df:0013:0003:00130000:0:0:0:" name="bTV Story HD" service_name="bTV Story HD" provider="neosat" sid="223" onid="3" tsid="19" />
    <channel service_ref="1:0:1:00a7:0010:0003:00130000:0:0:0:" name="Bulgaria 24 HD" service_name="Bulgaria 24 HD" provider="neosat" sid="167" onid="3" tsid="16" />
    <channel service_ref="1:0:1:00a8:0010:0003:00130000:0:0:0:" name="Bulgaria On Air HD" service_name="Bulgaria On Air HD" provider="neosat" sid="168" onid="3" tsid="16" />
    <channel service_ref="1:0:1:021e:0018:0003:00130000:0:0:0:" name="Chasse et Peche HD" service_name="Chasse et Peche HD" provider="neosat" sid="542" onid="3" tsid="24" />
    <channel service_ref="1:0:1:0029:000e:0003:00130000:0:0:0:" name="City TV" service_name="City TV" provider="neosat" sid="41" onid="3" tsid="14" />
    <channel service_ref="1:0:1:01ff:0017:0003:00130000:0:0:0:" name="Classical Harmony" service_name="Classical Harmony" provider="neosat" sid="511" onid="3" tsid="23" />
    <channel service_ref="1:0:1:00e3:0013:0003:00130000:0:0:0:" name="CNBC Europe HD" service_name="CNBC Europe HD" provider="neosat" sid="227" onid="3" tsid="19" />
    <channel service_ref="1:0:1:006d:000e:0003:00130000:0:0:0:" name="CNN Int" service_name="CNN Int" provider="neosat" sid="109" onid="3" tsid="14" />
    <channel service_ref="1:0:1:00d7:0012:0003:00130000:0:0:0:" name="Code Fashion HD" service_name="Code Fashion HD" provider="neosat" sid="215" onid="3" tsid="18" />
    <channel service_ref="1:0:1:00d9:0017:0003:00130000:0:0:0:" name="Code Health TV" service_name="Code Health TV" provider="neosat" sid="217" onid="3" tsid="23" />
    <channel service_ref="1:0:1:0031:000e:0003:00130000:0:0:0:" name="Current Time" service_name="Current Time" provider="neosat" sid="49" onid="3" tsid="14" />
    <channel service_ref="1:0:1:002a:000e:0003:00130000:0:0:0:" name="Da Vinci" service_name="Da Vinci" provider="neosat" sid="42" onid="3" tsid="14" />
    <channel service_ref="1:0:1:025d:001a:0003:00130000:0:0:0:" name="Datann" service_name="Datann" provider="" sid="605" onid="3" tsid="26" />
    <channel service_ref="1:0:1:024b:0019:0003:00130000:0:0:0:" name="Deluxe Lounge HD" service_name="Deluxe Lounge HD" provider="neosat" sid="587" onid="3" tsid="25" />
    <channel service_ref="1:0:1:008c:000f:0003:00130000:0:0:0:" name="Discovery Channel HD" service_name="Discovery Channel HD" provider="neosat" sid="140" onid="3" tsid="15" />
    <channel service_ref="1:0:1:00ab:0010:0003:00130000:0:0:0:" name="Dizi HD" service_name="Dizi HD" provider="neosat" sid="171" onid="3" tsid="16" />
    <channel service_ref="1:0:1:025c:001a:0003:00130000:0:0:0:" name="Dizi HD" service_name="Dizi HD" provider="neosat" sid="604" onid="3" tsid="26" />
    <channel service_ref="1:0:1:01b2:000a:0002:00130000:0:0:0:" name="DM Sat" service_name="DM Sat" provider="neosat" sid="434" onid="2" tsid="10" />
    <channel service_ref="1:0:1:004d:000c:0003:00130000:0:0:0:" name="DocuBox HD" service_name="DocuBox HD" provider="neosat" sid="77" onid="3" tsid="12" />
    <channel service_ref="1:0:1:00f8:0019:0003:00130000:0:0:0:" name="Dom Kino Premium HD" service_name="Dom Kino Premium HD" provider="neosat" sid="248" onid="3" tsid="25" />
    <channel service_ref="1:0:1:006e:000e:0003:00130000:0:0:0:" name="DSTV" service_name="DSTV" provider="neosat" sid="110" onid="3" tsid="14" />
    <channel service_ref="1:0:1:01ad:000a:0002:00130000:0:0:0:" name="Duga" service_name="Duga" provider="neosat" sid="429" onid="2" tsid="10" />
    <channel service_ref="1:0:1:00cf:000a:0002:00130000:0:0:0:" name="DW" service_name="DW" provider="neosat" sid="207" onid="2" tsid="10" />
    <channel service_ref="1:0:1:01fd:0017:0003:00130000:0:0:0:" name="English Club" service_name="English Club" provider="neosat" sid="509" onid="3" tsid="23" />
    <channel service_ref="1:0:1:015c:0008:0003:00130000:0:0:0:" name="Erox HD" service_name="Erox HD" provider="neosat" sid="348" onid="3" tsid="8" />
    <channel service_ref="1:0:1:015d:0008:0003:00130000:0:0:0:" name="Eroxxx HD" service_name="Eroxxx HD" provider="neosat" sid="349" onid="3" tsid="8" />
    <channel service_ref="1:0:1:01aa:000a:0002:00130000:0:0:0:" name="ESPRESO TV" service_name="ESPRESO TV" provider="neosat" sid="426" onid="2" tsid="10" />
    <channel service_ref="1:0:1:015a:0008:0003:00130000:0:0:0:" name="Evil Angel HD" service_name="Evil Angel HD" provider="neosat" sid="346" onid="3" tsid="8" />
    <channel service_ref="1:0:25:0044:0015:0003:00130000:0:0:0:" name="Evrokom HD" service_name="Evrokom HD" provider="neosat" sid="68" onid="3" tsid="21" />
    <channel service_ref="1:0:1:00a4:0008:0003:00130000:0:0:0:" name="Fantazzy TV" service_name="Fantazzy TV" provider="neosat" sid="164" onid="3" tsid="8" />
    <channel service_ref="1:0:1:004a:000c:0003:00130000:0:0:0:" name="Fashion TV HD" service_name="Fashion TV HD" provider="neosat" sid="74" onid="3" tsid="12" />
    <channel service_ref="1:0:1:00fa:0019:0003:00130000:0:0:0:" name="FashionBox HD" service_name="FashionBox HD" provider="neosat" sid="250" onid="3" tsid="25" />
    <channel service_ref="1:0:1:0069:001a:0003:00130000:0:0:0:" name="Fast and FunBox HD" service_name="Fast and FunBox HD" provider="neosat" sid="105" onid="3" tsid="26" />
    <channel service_ref="1:0:22:006b:0015:0003:00130000:0:0:0:" name="Fen Folk" service_name="Fen Folk" provider="neosat" sid="107" onid="3" tsid="21" />
    <channel service_ref="1:0:1:00cd:0012:0003:00130000:0:0:0:" name="FEN TV HD" service_name="FEN TV HD" provider="neosat" sid="205" onid="3" tsid="18" />
    <channel service_ref="1:0:1:00fc:0019:0003:00130000:0:0:0:" name="Fight Box HD" service_name="Fight Box HD" provider="neosat" sid="252" onid="3" tsid="25" />
    <channel service_ref="1:0:1:00fd:0019:0003:00130000:0:0:0:" name="Fight Network HD" service_name="Fight Network HD" provider="neosat" sid="253" onid="3" tsid="25" />
    <channel service_ref="1:0:1:00f4:0019:0003:00130000:0:0:0:" name="Fishing and Hunting HD" service_name="Fishing and Hunting HD" provider="neosat" sid="244" onid="3" tsid="25" />
    <channel service_ref="1:0:1:020e:0017:0003:00130000:0:0:0:" name="Fix and Foxi" service_name="Fix and Foxi" provider="neosat" sid="526" onid="3" tsid="23" />
    <channel service_ref="1:0:1:002b:000e:0003:00130000:0:0:0:" name="Folklor TV" service_name="Folklor TV" provider="neosat" sid="43" onid="3" tsid="14" />
    <channel service_ref="1:0:1:00d7:0017:0003:00130000:0:0:0:" name="Freedom" service_name="Freedom" provider="neosat" sid="215" onid="3" tsid="23" />
    <channel service_ref="1:0:1:00dc:0018:0003:00130000:0:0:0:" name="Gametoon HD" service_name="Gametoon HD" provider="neosat" sid="220" onid="3" tsid="24" />
    <channel service_ref="1:0:1:00a1:0010:0003:00130000:0:0:0:" name="HGTV HD" service_name="HGTV HD" provider="neosat" sid="161" onid="3" tsid="16" />
    <channel service_ref="1:0:1:00ea:0013:0003:00130000:0:0:0:" name="Hit Mix HD" service_name="Hit Mix HD" provider="neosat" sid="234" onid="3" tsid="19" />
    <channel service_ref="1:0:1:010c:001a:0003:00130000:0:0:0:" name="iConcert HD" service_name="iConcert HD" provider="neosat" sid="268" onid="3" tsid="26" />
    <channel service_ref="1:0:1:006d:001a:0003:00130000:0:0:0:" name="Investigation Discovery HD" service_name="Investigation Discovery HD" provider="neosat" sid="109" onid="3" tsid="26" />
    <channel service_ref="1:0:1:00e6:0018:0003:00130000:0:0:0:" name="Jim Jam" service_name="Jim Jam" provider="neosat" sid="230" onid="3" tsid="24" />
    <channel service_ref="1:0:1:024c:0019:0003:00130000:0:0:0:" name="Jukebox HD" service_name="Jukebox HD" provider="neosat" sid="588" onid="3" tsid="25" />
    <channel service_ref="1:0:1:022a:0018:0003:00130000:0:0:0:" name="Kanal 0" service_name="Kanal 0" provider="neosat" sid="554" onid="3" tsid="24" />
    <channel service_ref="1:0:1:00c8:0017:0003:00130000:0:0:0:" name="Karusel" service_name="Karusel" provider="neosat" sid="200" onid="3" tsid="23" />
    <channel service_ref="1:0:25:010e:0015:0003:00130000:0:0:0:" name="Kitchen TV HD" service_name="Kitchen TV HD" provider="neosat" sid="270" onid="3" tsid="21" />
    <channel service_ref="1:0:1:01f9:0017:0003:00130000:0:0:0:" name="M1-Global" service_name="M1-Global" provider="neosat" sid="505" onid="3" tsid="23" />
    <channel service_ref="1:0:1:002e:000e:0003:00130000:0:0:0:" name="Motorvision" service_name="Motorvision" provider="neosat" sid="46" onid="3" tsid="14" />
    <channel service_ref="1:0:22:006e:0015:0003:00130000:0:0:0:" name="Nick Jr" service_name="Nick Jr" provider="neosat" sid="110" onid="3" tsid="21" />
    <channel service_ref="1:0:22:0046:0015:0003:00130000:0:0:0:" name="Nicktoons" service_name="Nicktoons" provider="neosat" sid="70" onid="3" tsid="21" />
    <channel service_ref="1:0:1:00d5:0012:0003:00130000:0:0:0:" name="Nostalgia HD" service_name="Nostalgia HD" provider="neosat" sid="213" onid="3" tsid="18" />
    <channel service_ref="1:0:1:01b9:000a:0002:00130000:0:0:0:" name="Passion XXX" service_name="Passion XXX" provider="neosat" sid="441" onid="2" tsid="10" />
    <channel service_ref="1:0:1:01bf:000a:0002:00130000:0:0:0:" name="Passion XXX 2" service_name="Passion XXX 2" provider="neosat" sid="447" onid="2" tsid="10" />
    <channel service_ref="1:0:1:006b:000e:0003:00130000:0:0:0:" name="PPTV" service_name="PPTV" provider="neosat" sid="107" onid="3" tsid="14" />
    <channel service_ref="1:0:1:015b:0008:0003:00130000:0:0:0:" name="Private HD" service_name="Private HD" provider="neosat" sid="347" onid="3" tsid="8" />
    <channel service_ref="1:0:1:00e3:0018:0003:00130000:0:0:0:" name="PRO7" service_name="PRO7" provider="neosat" sid="227" onid="3" tsid="24" />
    <channel service_ref="1:0:1:022f:0018:0003:00130000:0:0:0:" name="RiC" service_name="RiC" provider="neosat" sid="559" onid="3" tsid="24" />
    <channel service_ref="1:0:1:020b:0017:0003:00130000:0:0:0:" name="RIK Sat" service_name="RIK Sat" provider="neosat" sid="523" onid="3" tsid="23" />
    <channel service_ref="1:0:1:00e8:0013:0003:00130000:0:0:0:" name="RING HD" service_name="RING HD" provider="neosat" sid="232" onid="3" tsid="19" />
    <channel service_ref="1:0:1:00f9:0019:0003:00130000:0:0:0:" name="Rock TV HD" service_name="Rock TV HD" provider="neosat" sid="249" onid="3" tsid="25" />
    <channel service_ref="1:0:1:01b8:000a:0002:00130000:0:0:0:" name="RTP Internacional" service_name="RTP Internacional" provider="neosat" sid="440" onid="2" tsid="10" />
    <channel service_ref="1:0:1:01a5:000a:0002:00130000:0:0:0:" name="SAT1" service_name="SAT1" provider="neosat" sid="421" onid="2" tsid="10" />
    <channel service_ref="1:0:1:01bd:000a:0002:00130000:0:0:0:" name="Skat TV" service_name="Skat TV" provider="neosat" sid="445" onid="2" tsid="10" />
    <channel service_ref="1:0:1:009b:0008:0003:00130000:0:0:0:" name="Super One" service_name="Super One" provider="neosat" sid="155" onid="3" tsid="8" />
    <channel service_ref="1:0:1:01c2:000a:0002:00130000:0:0:0:" name="Svet Plus" service_name="Svet Plus" provider="neosat" sid="450" onid="2" tsid="10" />
    <channel service_ref="1:0:1:021d:0018:0003:00130000:0:0:0:" name="Test 42 HD" service_name="Test 42 HD" provider="neosat" sid="541" onid="3" tsid="24" />
    <channel service_ref="1:0:1:01ae:000a:0002:00130000:0:0:0:" name="TG COM24" service_name="TG COM24" provider="neosat" sid="430" onid="2" tsid="10" />
    <channel service_ref="1:0:1:00e7:0018:0003:00130000:0:0:0:" name="This is Bulgaria HD" service_name="This is Bulgaria HD" provider="neosat" sid="231" onid="3" tsid="24" />
    <channel service_ref="1:0:25:004a:0015:0003:00130000:0:0:0:" name="Tiankov Folk HD" service_name="Tiankov Folk HD" provider="neosat" sid="74" onid="3" tsid="21" />
    <channel service_ref="1:0:1:01b1:000a:0002:00130000:0:0:0:" name="Tiankov Orient Folk" service_name="Tiankov Orient Folk" provider="neosat" sid="433" onid="2" tsid="10" />
    <channel service_ref="1:0:1:01b7:000a:0002:00130000:0:0:0:" name="TLC" service_name="TLC" provider="neosat" sid="439" onid="2" tsid="10" />
    <channel service_ref="1:0:1:004b:000c:0003:00130000:0:0:0:" name="Travel Channel HD" service_name="Travel Channel HD" provider="neosat" sid="75" onid="3" tsid="12" />
    <channel service_ref="1:0:22:006d:0015:0003:00130000:0:0:0:" name="Travel TV" service_name="Travel TV" provider="neosat" sid="109" onid="3" tsid="21" />
    <channel service_ref="1:0:1:00aa:0010:0003:00130000:0:0:0:" name="TV Rodina HD" service_name="TV Rodina HD" provider="neosat" sid="170" onid="3" tsid="16" />
    <channel service_ref="1:0:1:01f8:0017:0003:00130000:0:0:0:" name="TV Shumen" service_name="TV Shumen" provider="neosat" sid="504" onid="3" tsid="23" />
    <channel service_ref="1:0:1:00a4:0010:0003:00130000:0:0:0:" name="TV1 HD" service_name="TV1 HD" provider="neosat" sid="164" onid="3" tsid="16" />
    <channel service_ref="1:0:1:004f:000e:0003:00130000:0:0:0:" name="TV1000" service_name="TV1000" provider="neosat" sid="79" onid="3" tsid="14" />
    <channel service_ref="1:0:1:01f6:0017:0003:00130000:0:0:0:" name="TV1000" service_name="TV1000" provider="neosat" sid="502" onid="3" tsid="23" />
    <channel service_ref="1:0:1:021c:0018:0003:00130000:0:0:0:" name="TVRi" service_name="TVRi" provider="neosat" sid="540" onid="3" tsid="24" />
    <channel service_ref="1:0:1:004b:000e:0003:00130000:0:0:0:" name="TVT" service_name="TVT" provider="neosat" sid="75" onid="3" tsid="14" />
    <channel service_ref="1:0:1:001e:000c:0003:00130000:0:0:0:" name="Viasat Explore HD" service_name="Viasat Explore HD" provider="neosat" sid="30" onid="3" tsid="12" />
    <channel service_ref="1:0:1:002f:000c:0003:00130000:0:0:0:" name="Viasat Nature HD" service_name="Viasat Nature HD" provider="neosat" sid="47" onid="3" tsid="12" />
    <channel service_ref="1:0:1:025b:001a:0003:00130000:0:0:0:" name="VNT HD" service_name="VNT HD" provider="neosat" sid="603" onid="3" tsid="26" />
    <channel service_ref="1:0:1:00e6:0013:0003:00130000:0:0:0:" name="VTK" service_name="VTK" provider="neosat" sid="230" onid="3" tsid="19" />
    <channel service_ref="1:0:1:021f:0018:0003:00130000:0:0:0:" name="WNESS TV HD" service_name="WNESS TV HD" provider="neosat" sid="543" onid="3" tsid="24" />
    <channel service_ref="1:0:1:01ab:000a:0002:00130000:0:0:0:" name="XY max" service_name="XY max" provider="neosat" sid="427" onid="2" tsid="10" />
    <channel service_ref="1:0:1:01c0:000a:0002:00130000:0:0:0:" name="XY mix" service_name="XY mix" provider="neosat" sid="448" onid="2" tsid="10" />
    <channel service_ref="1:0:1:01be:000a:0002:00130000:0:0:0:" name="XY plus" service_name="XY plus" provider="neosat" sid="446" onid="2" tsid="10" />
  </bouquet>
  <bouquet name="Radio" category="radio">
    <channel service_ref="1:0:2:00ee:0018:0003:00130000:0:0:0:" name="Eparhiiski glas" service_name="Eparhiiski glas" provider="neosat" sid="238" onid="3" tsid="24" />
    <channel service_ref="1:0:2:00ed:0018:0003:00130000:0:0:0:" name="radio BG Radio" service_name="radio BG Radio" provider="neosat" sid="237" onid="3" tsid="24" />
    <channel service_ref="1:0:2:00ef:0018:0003:00130000:0:0:0:" name="radio BNR Horizont" service_name="radio BNR Horizont" provider="neosat" sid="239" onid="3" tsid="24" />
    <channel service_ref="1:0:2:023a:0018:0003:00130000:0:0:0:" name="radio Darik radio" service_name="radio Darik radio" provider="neosat" sid="570" onid="3" tsid="24" />
    <channel service_ref="1:0:2:0065:0019:0003:00130000:0:0:0:" name="radio Magic FM" service_name="radio Magic FM" provider="neosat" sid="101" onid="3" tsid="25" />
    <channel service_ref="1:0:2:026a:001a:0003:00130000:0:0:0:" name="radio N-Joy" service_name="radio N-Joy" provider="neosat" sid="618" onid="3" tsid="26" />
    <channel service_ref="1:0:2:00ec:0018:0003:00130000:0:0:0:" name="radio Radio 1" service_name="radio Radio 1" provider="neosat" sid="236" onid="3" tsid="24" />
    <channel service_ref="1:0:10:021a:0017:0003:00130000:0:0:0:" name="radio test 101" service_name="radio test 101" provider="" sid="538" onid="3" tsid="23" />
    <channel service_ref="1:0:2:0064:0019:0003:00130000:0:0:0:" name="radio The Voice" service_name="radio The Voice" provider="neosat" sid="100" onid="3" tsid="25" />
    <channel service_ref="1:0:2:00ff:0019:0003:00130000:0:0:0:" name="radio Veronika" service_name="radio Veronika" provider="neosat" sid="255" onid="3" tsid="25" />
    <channel service_ref="1:0:2:026c:001a:0003:00130000:0:0:0:" name="radio Veselina" service_name="radio Veselina" provider="neosat" sid="620" onid="3" tsid="26" />
    <channel service_ref="1:0:2:026b:001a:0003:00130000:0:0:0:" name="radio Z-rock" service_name="radio Z-rock" provider="neosat" sid="619" onid="3" tsid="26" />
  </bouquet>
  <bouquet name="Radio - Music" category="radio">
    <channel service_ref="1:0:2:0065:0019:0003:00130000:0:0:0:" name="radio Magic FM" service_name="radio Magic FM" provider="neosat" sid="101" onid="3" tsid="25" />
    <channel service_ref="1:0:2:026b:001a:0003:00130000:0:0:0:" name="radio Z-rock" service_name="radio Z-rock" provider="neosat" sid="619" onid="3" tsid="26" />
  </bouquet>
</zapit>
