<?xml version='1.0' encoding='utf-8'?>
<zapit api="4">
  <satellites>
    <satellite key="0de80000:0001:002a" name="Sat-4W" namespace="0x0de80000" position="-4">
      <transponder key="0de80000:0001:002a" frequency="12410000" symbol_rate="20833000" polarization="H" fec="5" system="0" modulation="0">
        <service id="0x0001" sid="1" name="1ZAHID" type="1" provider="Ukrkosmos" onid="42" tsid="1" namespace="0x0de80000" />
        <service id="0x0005" sid="5" name="4P_INFO" type="1" provider="Ukrkosmos" onid="42" tsid="1" namespace="0x0de80000" />
        <service id="0x000c" sid="12" name="8 channel" type="1" provider="Ukrkosmos" onid="42" tsid="1" namespace="0x0de80000" />
        <service id="0x0004" sid="4" name="BOUTIQUE TV" type="1" provider="Ukrkosmos" onid="42" tsid="1" namespace="0x0de80000" />
        <service id="0x000a" sid="10" name="Donechchyna.TV" type="1" provider="Ukrkosmos" onid="42" tsid="1" namespace="0x0de80000" />
        <service id="0x0009" sid="9" name="GALYCHYNA" type="1" provider="Ukrkosmos" onid="42" tsid="1" namespace="0x0de80000" />
        <service id="0x0007" sid="7" name="MALYATKO TV" type="1" provider="Ukrkosmos" onid="42" tsid="1" namespace="0x0de80000" />
        <service id="0x0003" sid="3" name="Pravda Tyt" type="1" provider="Ukrkosmos" onid="42" tsid="1" namespace="0x0de80000" />
        <service id="0x000b" sid="11" name="Pravda Tyt SD" type="1" provider="Ukrkosmos" onid="42" tsid="1" namespace="0x0de80000" />
        <service id="0x0008" sid="8" name="Televsesvit" type="1" provider="Ukrkosmos" onid="42" tsid="1" namespace="0x0de80000" />
        <service id="0x000d" sid="13" name="TVi" type="1" provider="Ukrkosmos" onid="42" tsid="1" namespace="0x0de80000" />
        <service id="0x0002" sid="2" name="Vozrogdenie TV" type="1" provider="Ukrkosmos" onid="42" tsid="1" namespace="0x0de80000" />
      </transponder>
    </satellite>
    <satellite key="0de80000:0002:002a" name="Sat-4W" namespace="0x0de80000" position="-4">
      <transponder key="0de80000:0002:002a" frequency="12364000" symbol_rate="13333000" polarization="H" fec="3" system="0" modulation="0">
        <service id="0x0004" sid="4" name="4ever music HD" type="1" provider="VIANET" onid="42" tsid="2" namespace="0x0de80000" />
        <service id="0x0001" sid="1" name="EU MUSIC HD" type="1" provider="VIANET" onid="42" tsid="2" namespace="0x0de80000" />
        <service id="0x0002" sid="2" name="NIKI Junior HD" type="1" provider="VIANET" onid="42" tsid="2" namespace="0x0de80000" />
        <service id="0x0003" sid="3" name="NIKI Kids HD" type="1" provider="VIANET" onid="42" tsid="2" namespace="0x0de80000" />
      </transponder>
    </satellite>
    <satellite key="0de80000:0003:002a" name="Sat-4W" namespace="0x0de80000" position="-4">
      <transponder key="0de80000:0003:002a" frequency="12518000" symbol_rate="12500000" polarization="H" fec="3" system="0" modulation="0">
        <service id="0x0006" sid="6" name="12 kanal" type="1" provider="Ukrkosmos" onid="42" tsid="3" namespace="0x0de80000" />
        <service id="0x0007" sid="7" name="ATR HD" type="1" provider="Ukrkosmos" onid="42" tsid="3" namespace="0x0de80000" />
        <service id="0x0008" sid="8" name="ATR SD" type="1" provider="Ukrkosmos" onid="42" tsid="3" namespace="0x0de80000" />
        <service id="0x0009" sid="9" name="LALE SD" type="1" provider="Ukrkosmos" onid="42" tsid="3" namespace="0x0de80000" />
        <service id="0x0005" sid="5" name="TVA" type="1" provider="Ukrkosmos" onid="42" tsid="3" namespace="0x0de80000" />
        <service id="0x0029" sid="41" name="MEYDAN" type="2" provider="Ukrkosmos" onid="42" tsid="3" namespace="0x0de80000" radio="1" />
      </transponder>
    </satellite>
    <satellite key="0de82b84:0004:0001" name="Sat-4W" namespace="0x0de82b84" position="-4">
      <transponder key="0de82b84:0004:0001" frequency="11140000" symbol_rate="30000000" polarization="H" fec="3" system="0" modulation="0">
        <service id="0x0004" sid="4" name="112 SD" type="1" provider="Harmonic" onid="1" tsid="4" namespace="0x0de82b84" />
        <service id="0x0009" sid="9" name="Culture" type="1" provider="Harmonic" onid="1" tsid="4" namespace="0x0de82b84" />
        <service id="0x0002" sid="2" name="Pervy delovoy" type="1" provider="Harmonic" onid="1" tsid="4" namespace="0x0de82b84" />
        <service id="0x0006" sid="6" name="PRYAMIY HD" type="1" provider="Harmonic" onid="1" tsid="4" namespace="0x0de82b84" />
        <service id="0x0003" sid="3" name="UA ZAKARPATTYA" type="1" provider="Harmonic" onid="1" tsid="4" namespace="0x0de82b84" />
        <service id="0x0001" sid="1" name="XSPORT" type="1" provider="Harmonic" onid="1" tsid="4" namespace="0x0de82b84" />
        <service id="0x000b" sid="11" name="Golos Donbasu" type="2" provider="Harmonic" onid="1" tsid="4" namespace="0x0de82b84" radio="1" />
        <service id="0x000f" sid="15" name="Radio Promin" type="2" provider="Harmonic" onid="1" tsid="4" namespace="0x0de82b84" radio="1" />
        <service id="0x000c" sid="12" name="Radio Ukraine international" type="2" provider="Harmonic" onid="1" tsid="4" namespace="0x0de82b84" radio="1" />
        <service id="0x000e" sid="14" name="UR-1" type="2" provider="Harmonic" onid="1" tsid="4" namespace="0x0de82b84" radio="1" />
        <service id="0x000a" sid="10" name="UR-3" type="2" provider="Harmonic" onid="1" tsid="4" namespace="0x0de82b84" radio="1" />
      </transponder>
    </satellite>
    <satellite key="0de82ba7:0003:0001" name="Sat-4W" namespace="0x0de82ba7" position="-4">
      <transponder key="0de82ba7:0003:0001" frequency="11175000" symbol_rate="30000000" polarization="H" fec="3" system="0" modulation="0">
        <service id="0x0009" sid="9" name="Eko TV" type="1" provider="Harmonic" onid="1" tsid="3" namespace="0x0de82ba7" />
        <service id="0x0005" sid="5" name="ICTV" type="1" provider="Harmonic" onid="1" tsid="3" namespace="0x0de82ba7" />
        <service id="0x0001" sid="1" name="KIEV STB" type="1" provider="Harmonic" onid="1" tsid="3" namespace="0x0de82ba7" />
        <service id="0x0002" sid="2" name="M1" type="1" provider="Harmonic" onid="1" tsid="3" namespace="0x0de82ba7" />
        <service id="0x0006" sid="6" name="M2" type="1" provider="Harmonic" onid="1" tsid="3" namespace="0x0de82ba7" />
        <service id="0x0003" sid="3" name="MILADY TELEVISION" type="1" provider="Harmonic" onid="1" tsid="3" namespace="0x0de82ba7" />
        <service id="0x0008" sid="8" name="NEWS 24" type="1" provider="Harmonic" onid="1" tsid="3" namespace="0x0de82ba7" />
        <service id="0x0004" sid="4" name="NOVY CHANNEL" type="1" provider="Harmonic" onid="1" tsid="3" namespace="0x0de82ba7" />
        <service id="0x000b" sid="11" name="OCE" type="1" provider="Harmonic" onid="1" tsid="3" namespace="0x0de82ba7" />
        <service id="0x000a" sid="10" name="PRYAMIY SD" type="1" provider="Harmonic" onid="1" tsid="3" namespace="0x0de82ba7" />
        <service id="0x000d" sid="13" name="UA" type="1" provider="Harmonic" onid="1" tsid="3" namespace="0x0de82ba7" />
        <service id="0x000e" sid="14" name="UA KRYM" type="1" provider="Harmonic" onid="1" tsid="3" namespace="0x0de82ba7" />
      </transponder>
    </satellite>
    <satellite key="0de82c28:0001:0001" name="Sat-4W" namespace="0x0de82c28" position="-4">
      <transponder key="0de82c28:0001:0001" frequency="11304000" symbol_rate="8889000" polarization="H" fec="3" system="0" modulation="0">
        <service id="0x0009" sid="9" name="DaVinci Learning" type="1" provider="Antenna Hungaria / Globecast" onid="1" tsid="1" namespace="0x0de82c28" />
        <service id="0x0002" sid="2" name="hirTV" type="1" provider="hirTV / AH / HDT" onid="1" tsid="1" namespace="0x0de82c28" />
        <service id="0x000a" sid="10" name="Karc FM" type="2" provider="Antenna Hungaria" onid="1" tsid="1" namespace="0x0de82c28" radio="1" />
      </transponder>
    </satellite>
    <satellite key="0de82d68:0001:0001" name="Sat-4W" namespace="0x0de82d68" position="-4">
      <transponder key="0de82d68:0001:0001" frequency="11624000" symbol_rate="22500000" polarization="H" fec="3" system="0" modulation="0">
        <service id="0x0005" sid="5" name="Tippmix elő 5" type="25" provider="HDT" onid="1" tsid="1" namespace="0x0de82d68" />
        <service id="0x0001" sid="1" name="Tippmix élő 1" type="25" provider="HDT" onid="1" tsid="1" namespace="0x0de82d68" />
        <service id="0x0002" sid="2" name="Tippmix élő 2" type="25" provider="HDT" onid="1" tsid="1" namespace="0x0de82d68" />
        <service id="0x0003" sid="3" name="Tippmix élő 3" type="25" provider="HDT" onid="1" tsid="1" namespace="0x0de82d68" />
        <service id="0x0004" sid="4" name="Tippmix élő 4" type="25" provider="HDT" onid="1" tsid="1" namespace="0x0de82d68" />
      </transponder>
    </satellite>
    <satellite key="0de83042:0001:ffff" name="Sat-4W" namespace="0x0de83042" position="-4">
      <transponder key="0de83042:0001:ffff" frequency="12354000" symbol_rate="3333000" polarization="H" fec="3" system="0" modulation="0">
        <service id="0x0001" sid="1" name="Romania TV" type="1" provider="Romania TV" onid="65535" tsid="1" namespace="0x0de83042" />
      </transponder>
    </satellite>
  </satellites>
</zapit>
