<?xml version='1.0' encoding='utf-8'?>
<zapit>
  <bouquet name="General" category="tv">
    <channel service_ref="1:0:1:00c3:4da8:217c:eeee0000:0:0:0:" name="7 GOLD IN MUSICA" service_name="7 GOLD IN MUSICA" provider="" sid="195" onid="8572" tsid="19880" />
    <channel service_ref="1:0:1:011d:4da8:217c:eeee0000:0:0:0:" name="77 HQ" service_name="77 HQ" provider="TELEREGIONE" sid="285" onid="8572" tsid="19880" />
    <channel service_ref="1:0:1:0001:4daf:217c:eeee0000:0:0:0:" name="7G" service_name="7G" provider="7 GOLD" sid="1" onid="8572" tsid="19887" />
    <channel service_ref="1:0:1:000d:4da8:217c:eeee0000:0:0:0:" name="7G" service_name="7G" provider="7 GOLD" sid="13" onid="8572" tsid="19880" />
    <channel service_ref="1:0:1:00ad:4da8:217c:eeee0000:0:0:0:" name="7GOLD +1" service_name="7GOLD +1" provider="7GOLD" sid="173" onid="8572" tsid="19880" />
    <channel service_ref="1:0:1:006e:4daf:217c:eeee0000:0:0:0:" name="AZZURRA TV" service_name="AZZURRA TV" provider="TEST" sid="110" onid="8572" tsid="19887" />
    <channel service_ref="1:0:1:006f:4da8:217c:eeee0000:0:0:0:" name="CAFE' TV 24" service_name="CAFE' TV 24" provider="Spotinvest" sid="111" onid="8572" tsid="19880" />
    <channel service_ref="1:0:1:0005:4da8:217c:eeee0000:0:0:0:" name="DOMUS" service_name="DOMUS" provider="TELEREGIONE EMILIA ROMAGNA" sid="5" onid="8572" tsid="19880" />
    <channel service_ref="1:0:1:004d:4daf:217c:eeee0000:0:0:0:" name="DOMUS" service_name="DOMUS" provider="RETE 8" sid="77" onid="8572" tsid="19887" />
    <channel service_ref="1:0:1:0004:4daf:217c:eeee0000:0:0:0:" name="LepidaTVRTITV" service_name="LepidaTVRTITV" provider="LepidaTVRTITV" sid="4" onid="8572" tsid="19887" />
    <channel service_ref="1:0:1:00c4:4da8:217c:eeee0000:0:0:0:" name="P.RADIO TV" service_name="P.RADIO TV" provider="7 GOLD" sid="196" onid="8572" tsid="19880" />
    <channel service_ref="1:0:1:0007:4da8:217c:eeee0000:0:0:0:" name="Radio Italia Anni 60 TV" service_name="Radio Italia Anni 60 TV" provider="TELEREGIONE" sid="7" onid="8572" tsid="19880" />
    <channel service_ref="1:0:1:0002:4daf:217c:eeee0000:0:0:0:" name="RETE 8 VGA" service_name="RETE 8 VGA" provider="RETE 8 ROMAGNA" sid="2" onid="8572" tsid="19887" />
    <channel service_ref="1:0:1:000c:4daf:217c:eeee0000:0:0:0:" name="Telesanterno." service_name="Telesanterno." provider="GTV" sid="12" onid="8572" tsid="19887" />
    <channel service_ref="1:0:1:000a:4daf:217c:eeee0000:0:0:0:" name="Telestense." service_name="Telestense." provider="gtv" sid="10" onid="8572" tsid="19887" />
    <channel service_ref="1:0:1:0025:4daf:217c:eeee0000:0:0:0:" name="TVB STUDIO 85" service_name="TVB STUDIO 85" provider="" sid="37" onid="8572" tsid="19887" />
  </bouquet>
  <bouquet name="Music" category="tv">
    <channel service_ref="1:0:1:00c3:4da8:217c:eeee0000:0:0:0:" name="7 GOLD IN MUSICA" service_name="7 GOLD IN MUSICA" provider="" sid="195" onid="8572" tsid="19880" />
  </bouquet>
  <bouquet name="RAI" category="tv">
    <channel service_ref="1:0:1:0007:4da8:217c:eeee0000:0:0:0:" name="Radio Italia Anni 60 TV" service_name="Radio Italia Anni 60 TV" provider="TELEREGIONE" sid="7" onid="8572" tsid="19880" />
  </bouquet>
  <bouquet name="Austria" category="tv">
    <channel service_ref="1:0:1:0004:4daf:217c:eeee0000:0:0:0:" name="LepidaTVRTITV" service_name="LepidaTVRTITV" provider="LepidaTVRTITV" sid="4" onid="8572" tsid="19887" />
  </bouquet>
  <bouquet name="Switzerland" category="tv">
    <channel service_ref="1:0:1:011d:4da8:217c:eeee0000:0:0:0:" name="77 HQ" service_name="77 HQ" provider="TELEREGIONE" sid="285" onid="8572" tsid="19880" />
    <channel service_ref="1:0:1:0005:4da8:217c:eeee0000:0:0:0:" name="DOMUS" service_name="DOMUS" provider="TELEREGIONE EMILIA ROMAGNA" sid="5" onid="8572" tsid="19880" />
    <channel service_ref="1:0:1:000c:4daf:217c:eeee0000:0:0:0:" name="Telesanterno." service_name="Telesanterno." provider="GTV" sid="12" onid="8572" tsid="19887" />
    <channel service_ref="1:0:1:000a:4daf:217c:eeee0000:0:0:0:" name="Telestense." service_name="Telestense." provider="gtv" sid="10" onid="8572" tsid="19887" />
    <channel service_ref="1:0:1:0025:4daf:217c:eeee0000:0:0:0:" name="TVB STUDIO 85" service_name="TVB STUDIO 85" provider="" sid="37" onid="8572" tsid="19887" />
  </bouquet>
  <bouquet name="Others" category="tv">
    <channel service_ref="1:0:1:0001:4daf:217c:eeee0000:0:0:0:" name="7G" service_name="7G" provider="7 GOLD" sid="1" onid="8572" tsid="19887" />
    <channel service_ref="1:0:1:000d:4da8:217c:eeee0000:0:0:0:" name="7G" service_name="7G" provider="7 GOLD" sid="13" onid="8572" tsid="19880" />
    <channel service_ref="1:0:1:00ad:4da8:217c:eeee0000:0:0:0:" name="7GOLD +1" service_name="7GOLD +1" provider="7GOLD" sid="173" onid="8572" tsid="19880" />
    <channel service_ref="1:0:1:006e:4daf:217c:eeee0000:0:0:0:" name="AZZURRA TV" service_name="AZZURRA TV" provider="TEST" sid="110" onid="8572" tsid="19887" />
    <channel service_ref="1:0:1:006f:4da8:217c:eeee0000:0:0:0:" name="CAFE' TV 24" service_name="CAFE' TV 24" provider="Spotinvest" sid="111" onid="8572" tsid="19880" />
    <channel service_ref="1:0:1:004d:4daf:217c:eeee0000:0:0:0:" name="DOMUS" service_name="DOMUS" provider="RETE 8" sid="77" onid="8572" tsid="19887" />
    <channel service_ref="1:0:1:00c4:4da8:217c:eeee0000:0:0:0:" name="P.RADIO TV" service_name="P.RADIO TV" provider="7 GOLD" sid="196" onid="8572" tsid="19880" />
    <channel service_ref="1:0:1:0002:4daf:217c:eeee0000:0:0:0:" name="RETE 8 VGA" service_name="RETE 8 VGA" provider="RETE 8 ROMAGNA" sid="2" onid="8572" tsid="19887" />
  </bouquet>
  <bouquet name="UK" category="tv">
    <channel service_ref="1:0:1:0004:4daf:217c:eeee0000:0:0:0:" name="LepidaTVRTITV" service_name="LepidaTVRTITV" provider="LepidaTVRTITV" sid="4" onid="8572" tsid="19887" />
  </bouquet>
  <bouquet name="Radio" category="radio">
    <channel service_ref="1:0:2:00c6:4da8:217c:eeee0000:0:0:0:" name="RADIO ITALIA ANNI 60" service_name="RADIO ITALIA ANNI 60" provider="NUOVARETE" sid="198" onid="8572" tsid="19880" />
    <channel service_ref="1:0:2:02cc:4daf:217c:eeee0000:0:0:0:" name="RadioItaliaTrend" service_name="RadioItaliaTrend" provider="RadioItalia" sid="716" onid="8572" tsid="19887" />
  </bouquet>
  <bouquet name="Digitale Terrestre" category="tv">
    <channel service_ref="1:0:1:7:4da8:217c:eeee0000:0:0:0:" name="Radio Italia Anni 60 TV" service_name="Radio Italia Anni 60 TV" provider="TELEREGIONE" sid="7" onid="8572" tsid="19880" />
    <channel service_ref="1:0:1:d:4da8:217c:eeee0000:0:0:0:" name="7G" service_name="7G" provider="7 GOLD" sid="13" onid="8572" tsid="19880" />
    <channel service_ref="1:0:1:5:4da8:217c:eeee0000:0:0:0:" name="DOMUS" service_name="DOMUS" provider="TELEREGIONE EMILIA ROMAGNA" sid="5" onid="8572" tsid="19880" />
    <channel service_ref="1:0:1:11d:4da8:217c:eeee0000:0:0:0:" name="77 HQ" service_name="77 HQ" provider="TELEREGIONE" sid="285" onid="8572" tsid="19880" />
    <channel service_ref="1:0:1:c4:4da8:217c:eeee0000:0:0:0:" name="P.RADIO TV" service_name="P.RADIO TV" provider="7 GOLD" sid="196" onid="8572" tsid="19880" />
    <channel service_ref="1:0:1:ad:4da8:217c:eeee0000:0:0:0:" name="7GOLD +1" service_name="7GOLD +1" provider="7GOLD" sid="173" onid="8572" tsid="19880" />
    <channel service_ref="1:0:1:c3:4da8:217c:eeee0000:0:0:0:" name="7 GOLD IN MUSICA" service_name="7 GOLD IN MUSICA" provider="" sid="195" onid="8572" tsid="19880" />
    <channel service_ref="1:0:1:1:4daf:217c:eeee0000:0:0:0:" name="7G" service_name="7G" provider="7 GOLD" sid="1" onid="8572" tsid="19887" />
    <channel service_ref="1:0:1:2:4daf:217c:eeee0000:0:0:0:" name="RETE 8 VGA" service_name="RETE 8 VGA" provider="RETE 8 ROMAGNA" sid="2" onid="8572" tsid="19887" />
    <channel service_ref="1:0:1:4:4daf:217c:eeee0000:0:0:0:" name="LepidaTVRTITV" service_name="LepidaTVRTITV" provider="LepidaTVRTITV" sid="4" onid="8572" tsid="19887" />
    <channel service_ref="1:0:1:4d:4daf:217c:eeee0000:0:0:0:" name="DOMUS" service_name="DOMUS" provider="RETE 8" sid="77" onid="8572" tsid="19887" />
    <channel service_ref="1:0:2:c6:4da8:217c:eeee0000:0:0:0:" name="RADIO ITALIA ANNI 60" service_name="RADIO ITALIA ANNI 60" provider="NUOVARETE" sid="198" onid="8572" tsid="19880" />
    <channel service_ref="1:0:2:2cc:4daf:217c:eeee0000:0:0:0:" name="RadioItaliaTrend" service_name="RadioItaliaTrend" provider="RadioItalia" sid="716" onid="8572" tsid="19887" />
  </bouquet>
  <bouquet name="Digitale Terrestre" category="tv">
    <channel service_ref="1:0:1:7:4da8:217c:eeee0000:0:0:0:" name="Radio Italia Anni 60 TV" service_name="Radio Italia Anni 60 TV" provider="TELEREGIONE" sid="7" onid="8572" tsid="19880" />
    <channel service_ref="1:0:1:d:4da8:217c:eeee0000:0:0:0:" name="7G" service_name="7G" provider="7 GOLD" sid="13" onid="8572" tsid="19880" />
    <channel service_ref="1:0:1:5:4da8:217c:eeee0000:0:0:0:" name="DOMUS" service_name="DOMUS" provider="TELEREGIONE EMILIA ROMAGNA" sid="5" onid="8572" tsid="19880" />
    <channel service_ref="1:0:1:11d:4da8:217c:eeee0000:0:0:0:" name="77 HQ" service_name="77 HQ" provider="TELEREGIONE" sid="285" onid="8572" tsid="19880" />
    <channel service_ref="1:0:1:c4:4da8:217c:eeee0000:0:0:0:" name="P.RADIO TV" service_name="P.RADIO TV" provider="7 GOLD" sid="196" onid="8572" tsid="19880" />
    <channel service_ref="1:0:1:ad:4da8:217c:eeee0000:0:0:0:" name="7GOLD +1" service_name="7GOLD +1" provider="7GOLD" sid="173" onid="8572" tsid="19880" />
    <channel service_ref="1:0:1:c3:4da8:217c:eeee0000:0:0:0:" name="7 GOLD IN MUSICA" service_name="7 GOLD IN MUSICA" provider="" sid="195" onid="8572" tsid="19880" />
    <channel service_ref="1:0:1:1:4daf:217c:eeee0000:0:0:0:" name="7G" service_name="7G" provider="7 GOLD" sid="1" onid="8572" tsid="19887" />
    <channel service_ref="1:0:1:2:4daf:217c:eeee0000:0:0:0:" name="RETE 8 VGA" service_name="RETE 8 VGA" provider="RETE 8 ROMAGNA" sid="2" onid="8572" tsid="19887" />
    <channel service_ref="1:0:1:4:4daf:217c:eeee0000:0:0:0:" name="LepidaTVRTITV" service_name="LepidaTVRTITV" provider="LepidaTVRTITV" sid="4" onid="8572" tsid="19887" />
    <channel service_ref="1:0:1:4d:4daf:217c:eeee0000:0:0:0:" name="DOMUS" service_name="DOMUS" provider="RETE 8" sid="77" onid="8572" tsid="19887" />
    <channel service_ref="1:0:2:2cc:4daf:217c:eeee0000:0:0:0:" name="RadioItaliaTrend" service_name="RadioItaliaTrend" provider="RadioItalia" sid="716" onid="8572" tsid="19887" />
    <channel service_ref="1:0:2:c6:4da8:217c:eeee0000:0:0:0:" name="RADIO ITALIA ANNI 60" service_name="RADIO ITALIA ANNI 60" provider="NUOVARETE" sid="198" onid="8572" tsid="19880" />
  </bouquet>
</zapit>
