<?xml version='1.0' encoding='utf-8'?>
<zapit api="4">
  <terrestrials>
    <terrestrial key="eeee0000:4da8:217c" name="7-GOLD" namespace="0xeeee0000">
      <transponder key="eeee0000:4da8:217c" frequency="482000000" symbol_rate="0" polarization="H" fec="5" system="0" modulation="4">
        <service id="0x00c3" sid="195" name="7 GOLD IN MUSICA" type="1" provider="" onid="8572" tsid="19880" namespace="0xeeee0000" />
        <service id="0x011d" sid="285" name="77 HQ" type="1" provider="TELEREGIONE" onid="8572" tsid="19880" namespace="0xeeee0000" />
        <service id="0x000d" sid="13" name="7G" type="1" provider="7 GOLD" onid="8572" tsid="19880" namespace="0xeeee0000" />
        <service id="0x00ad" sid="173" name="7GOLD +1" type="1" provider="7GOLD" onid="8572" tsid="19880" namespace="0xeeee0000" />
        <service id="0x006f" sid="111" name="CAFE' TV 24" type="1" provider="Spotinvest" onid="8572" tsid="19880" namespace="0xeeee0000" />
        <service id="0x0005" sid="5" name="DOMUS" type="1" provider="TELEREGIONE EMILIA ROMAGNA" onid="8572" tsid="19880" namespace="0xeeee0000" />
        <service id="0x00c4" sid="196" name="P.RADIO TV" type="1" provider="7 GOLD" onid="8572" tsid="19880" namespace="0xeeee0000" />
        <service id="0x0007" sid="7" name="Radio Italia Anni 60 TV" type="1" provider="TELEREGIONE" onid="8572" tsid="19880" namespace="0xeeee0000" />
        <service id="0x00c6" sid="198" name="RADIO ITALIA ANNI 60" type="2" provider="NUOVARETE" onid="8572" tsid="19880" namespace="0xeeee0000" radio="1" />
      </transponder>
    </terrestrial>
    <terrestrial key="eeee0000:4daf:217c" name="7-GOLD" namespace="0xeeee0000">
      <transponder key="eeee0000:4daf:217c" frequency="778000000" symbol_rate="0" polarization="H" fec="5" system="0" modulation="4">
        <service id="0x0001" sid="1" name="7G" type="1" provider="7 GOLD" onid="8572" tsid="19887" namespace="0xeeee0000" />
        <service id="0x006e" sid="110" name="AZZURRA TV" type="1" provider="TEST" onid="8572" tsid="19887" namespace="0xeeee0000" />
        <service id="0x004d" sid="77" name="DOMUS" type="1" provider="RETE 8" onid="8572" tsid="19887" namespace="0xeeee0000" />
        <service id="0x0004" sid="4" name="LepidaTVRTITV" type="1" provider="LepidaTVRTITV" onid="8572" tsid="19887" namespace="0xeeee0000" />
        <service id="0x0002" sid="2" name="RETE 8 VGA" type="1" provider="RETE 8 ROMAGNA" onid="8572" tsid="19887" namespace="0xeeee0000" />
        <service id="0x000c" sid="12" name="Telesanterno." type="1" provider="GTV" onid="8572" tsid="19887" namespace="0xeeee0000" />
        <service id="0x000a" sid="10" name="Telestense." type="1" provider="gtv" onid="8572" tsid="19887" namespace="0xeeee0000" />
        <service id="0x0025" sid="37" name="TVB STUDIO 85" type="1" provider="" onid="8572" tsid="19887" namespace="0xeeee0000" />
        <service id="0x02cc" sid="716" name="RadioItaliaTrend" type="2" provider="RadioItalia" onid="8572" tsid="19887" namespace="0xeeee0000" radio="1" />
      </transponder>
    </terrestrial>
  </terrestrials>
</zapit>
