<?xml version='1.0' encoding='utf-8'?>
<zapit>
  <bouquet name="General" category="tv">
    <channel service_ref="1:0:1:0001:0001:ffff:0212b157:0:0:0:" name="Al Manar" service_name="Al Manar" provider="Al Manar" sid="1" onid="65535" tsid="1" />
    <channel service_ref="1:0:1:010a:0000:0000:0212b17f:0:0:0:" name="ALALAM service" service_name="ALALAM service" provider="" sid="266" onid="0" tsid="0" />
    <channel service_ref="1:0:1:0001:1000:2000:0212b18b:0:0:0:" name="Allhthah TV" service_name="Allhthah TV" provider="Harmonic" sid="1" onid="8192" tsid="4096" />
    <channel service_ref="1:0:1:0009:59d8:013e:02120000:0:0:0:" name="AZADI" service_name="AZADI" provider="" sid="9" onid="318" tsid="23000" />
    <channel service_ref="1:0:1:000e:59d8:013e:02120000:0:0:0:" name="IMAM HUSSEIN 1" service_name="IMAM HUSSEIN 1" provider="Wide Network Solutions" sid="14" onid="318" tsid="23000" />
    <channel service_ref="1:0:1:0005:59d8:013e:02120000:0:0:0:" name="Kalemeh TV" service_name="Kalemeh TV" provider="Wide Network Solutions" sid="5" onid="318" tsid="23000" />
    <channel service_ref="1:0:1:0001:0001:ffff:0212b17b:0:0:0:" name="Kurdsat HD" service_name="Kurdsat HD" provider="Service Provider" sid="1" onid="65535" tsid="1" />
    <channel service_ref="1:0:1:0001:0001:ffff:0212b183:0:0:0:" name="Kurdsat News" service_name="Kurdsat News" provider="Service Provider" sid="1" onid="65535" tsid="1" />
    <channel service_ref="1:0:1:000c:59d8:013e:02120000:0:0:0:" name="Kurdsat SD" service_name="Kurdsat SD" provider="" sid="12" onid="318" tsid="23000" />
    <channel service_ref="1:0:1:0003:0001:0000:0212b172:0:0:0:" name="M_LEB_BH" service_name="M_LEB_BH" provider="SV" sid="3" onid="0" tsid="1" />
    <channel service_ref="1:0:1:0003:59d8:013e:02120000:0:0:0:" name="Mohabat TV" service_name="Mohabat TV" provider="Wide Network Solutions" sid="3" onid="318" tsid="23000" />
    <channel service_ref="1:0:1:0005:0001:0000:0212b172:0:0:0:" name="MTV-HD-BH" service_name="MTV-HD-BH" provider="SV" sid="5" onid="0" tsid="1" />
    <channel service_ref="1:0:1:0001:0001:0000:0212b172:0:0:0:" name="ONE_BH" service_name="ONE_BH" provider="SV" sid="1" onid="0" tsid="1" />
    <channel service_ref="1:0:1:000b:59d8:013e:02120000:0:0:0:" name="Payam Aramesh" service_name="Payam Aramesh" provider="Wide Network Solutions" sid="11" onid="318" tsid="23000" />
    <channel service_ref="1:0:1:0007:59d8:013e:02120000:0:0:0:" name="Radio Javan HD" service_name="Radio Javan HD" provider="Wide Network Solutions" sid="7" onid="318" tsid="23000" />
    <channel service_ref="1:0:1:0002:59d8:013e:02120000:0:0:0:" name="Radio Javan SD" service_name="Radio Javan SD" provider="Wide Network Solutions" sid="2" onid="318" tsid="23000" />
    <channel service_ref="1:0:1:0006:59d8:013e:02120000:0:0:0:" name="Teleshoma TV" service_name="Teleshoma TV" provider="Wide Network Solutions" sid="6" onid="318" tsid="23000" />
    <channel service_ref="1:0:1:000a:59d8:013e:02120000:0:0:0:" name="TISHK TV HD" service_name="TISHK TV HD" provider="Wide Network Solutions" sid="10" onid="318" tsid="23000" />
    <channel service_ref="1:0:1:000d:59d8:013e:02120000:0:0:0:" name="Towheed TV" service_name="Towheed TV" provider="" sid="13" onid="318" tsid="23000" />
    <channel service_ref="1:0:1:0006:0001:0000:0212b172:0:0:0:" name="WASAT_TV_BH" service_name="WASAT_TV_BH" provider="" sid="6" onid="0" tsid="1" />
    <channel service_ref="1:0:1:000f:59d8:013e:02120000:0:0:0:" name="Your Time TV" service_name="Your Time TV" provider="Wide Network Solutions" sid="15" onid="318" tsid="23000" />
  </bouquet>
  <bouquet name="News" category="tv">
    <channel service_ref="1:0:1:0001:0001:ffff:0212b183:0:0:0:" name="Kurdsat News" service_name="Kurdsat News" provider="Service Provider" sid="1" onid="65535" tsid="1" />
  </bouquet>
  <bouquet name="Music" category="tv">
    <channel service_ref="1:0:1:0005:0001:0000:0212b172:0:0:0:" name="MTV-HD-BH" service_name="MTV-HD-BH" provider="SV" sid="5" onid="0" tsid="1" />
  </bouquet>
  <bouquet name="Switzerland" category="tv">
    <channel service_ref="1:0:1:0006:59d8:013e:02120000:0:0:0:" name="Teleshoma TV" service_name="Teleshoma TV" provider="Wide Network Solutions" sid="6" onid="318" tsid="23000" />
  </bouquet>
  <bouquet name="Resolution - HD" category="tv">
    <channel service_ref="1:0:1:0001:0001:ffff:0212b17b:0:0:0:" name="Kurdsat HD" service_name="Kurdsat HD" provider="Service Provider" sid="1" onid="65535" tsid="1" />
    <channel service_ref="1:0:1:0005:0001:0000:0212b172:0:0:0:" name="MTV-HD-BH" service_name="MTV-HD-BH" provider="SV" sid="5" onid="0" tsid="1" />
    <channel service_ref="1:0:1:0007:59d8:013e:02120000:0:0:0:" name="Radio Javan HD" service_name="Radio Javan HD" provider="Wide Network Solutions" sid="7" onid="318" tsid="23000" />
    <channel service_ref="1:0:1:000a:59d8:013e:02120000:0:0:0:" name="TISHK TV HD" service_name="TISHK TV HD" provider="Wide Network Solutions" sid="10" onid="318" tsid="23000" />
  </bouquet>
  <bouquet name="Resolution - SD" category="tv">
    <channel service_ref="1:0:1:000c:59d8:013e:02120000:0:0:0:" name="Kurdsat SD" service_name="Kurdsat SD" provider="" sid="12" onid="318" tsid="23000" />
    <channel service_ref="1:0:1:0002:59d8:013e:02120000:0:0:0:" name="Radio Javan SD" service_name="Radio Javan SD" provider="Wide Network Solutions" sid="2" onid="318" tsid="23000" />
  </bouquet>
  <bouquet name="Others" category="tv">
    <channel service_ref="1:0:1:0001:0001:ffff:0212b157:0:0:0:" name="Al Manar" service_name="Al Manar" provider="Al Manar" sid="1" onid="65535" tsid="1" />
    <channel service_ref="1:0:1:010a:0000:0000:0212b17f:0:0:0:" name="ALALAM service" service_name="ALALAM service" provider="" sid="266" onid="0" tsid="0" />
    <channel service_ref="1:0:1:0001:1000:2000:0212b18b:0:0:0:" name="Allhthah TV" service_name="Allhthah TV" provider="Harmonic" sid="1" onid="8192" tsid="4096" />
    <channel service_ref="1:0:1:0009:59d8:013e:02120000:0:0:0:" name="AZADI" service_name="AZADI" provider="" sid="9" onid="318" tsid="23000" />
    <channel service_ref="1:0:1:000e:59d8:013e:02120000:0:0:0:" name="IMAM HUSSEIN 1" service_name="IMAM HUSSEIN 1" provider="Wide Network Solutions" sid="14" onid="318" tsid="23000" />
    <channel service_ref="1:0:1:0005:59d8:013e:02120000:0:0:0:" name="Kalemeh TV" service_name="Kalemeh TV" provider="Wide Network Solutions" sid="5" onid="318" tsid="23000" />
    <channel service_ref="1:0:1:0001:0001:ffff:0212b17b:0:0:0:" name="Kurdsat HD" service_name="Kurdsat HD" provider="Service Provider" sid="1" onid="65535" tsid="1" />
    <channel service_ref="1:0:1:000c:59d8:013e:02120000:0:0:0:" name="Kurdsat SD" service_name="Kurdsat SD" provider="" sid="12" onid="318" tsid="23000" />
    <channel service_ref="1:0:1:0003:0001:0000:0212b172:0:0:0:" name="M_LEB_BH" service_name="M_LEB_BH" provider="SV" sid="3" onid="0" tsid="1" />
    <channel service_ref="1:0:1:0003:59d8:013e:02120000:0:0:0:" name="Mohabat TV" service_name="Mohabat TV" provider="Wide Network Solutions" sid="3" onid="318" tsid="23000" />
    <channel service_ref="1:0:1:0001:0001:0000:0212b172:0:0:0:" name="ONE_BH" service_name="ONE_BH" provider="SV" sid="1" onid="0" tsid="1" />
    <channel service_ref="1:0:1:000b:59d8:013e:02120000:0:0:0:" name="Payam Aramesh" service_name="Payam Aramesh" provider="Wide Network Solutions" sid="11" onid="318" tsid="23000" />
    <channel service_ref="1:0:1:0007:59d8:013e:02120000:0:0:0:" name="Radio Javan HD" service_name="Radio Javan HD" provider="Wide Network Solutions" sid="7" onid="318" tsid="23000" />
    <channel service_ref="1:0:1:0002:59d8:013e:02120000:0:0:0:" name="Radio Javan SD" service_name="Radio Javan SD" provider="Wide Network Solutions" sid="2" onid="318" tsid="23000" />
    <channel service_ref="1:0:1:000a:59d8:013e:02120000:0:0:0:" name="TISHK TV HD" service_name="TISHK TV HD" provider="Wide Network Solutions" sid="10" onid="318" tsid="23000" />
    <channel service_ref="1:0:1:000d:59d8:013e:02120000:0:0:0:" name="Towheed TV" service_name="Towheed TV" provider="" sid="13" onid="318" tsid="23000" />
    <channel service_ref="1:0:1:0006:0001:0000:0212b172:0:0:0:" name="WASAT_TV_BH" service_name="WASAT_TV_BH" provider="" sid="6" onid="0" tsid="1" />
    <channel service_ref="1:0:1:000f:59d8:013e:02120000:0:0:0:" name="Your Time TV" service_name="Your Time TV" provider="Wide Network Solutions" sid="15" onid="318" tsid="23000" />
  </bouquet>
  <bouquet name="Radio" category="radio">
    <channel service_ref="1:0:2:0029:0000:0000:0212b17f:0:0:0:" name="AFAQ FM" service_name="AFAQ FM" provider="" sid="41" onid="0" tsid="0" />
    <channel service_ref="1:0:2:0002:0001:ffff:0212b157:0:0:0:" name="Al Nour" service_name="Al Nour" provider="Al Manar" sid="2" onid="65535" tsid="1" />
    <channel service_ref="1:0:2:0002:1000:2000:0212b18b:0:0:0:" name="Allahthah-FM" service_name="Allahthah-FM" provider="Harmonic" sid="2" onid="8192" tsid="4096" />
    <channel service_ref="1:0:2:0001:59d8:013e:02120000:0:0:0:" name="R Radio" service_name="R Radio" provider="" sid="1" onid="318" tsid="23000" />
    <channel service_ref="1:0:2:00c9:0000:0000:0212b17f:0:0:0:" name="SAM FM" service_name="SAM FM" provider="" sid="201" onid="0" tsid="0" />
    <channel service_ref="1:0:2:012d:0000:0000:0212b17f:0:0:0:" name="SAWT ALAHRAR FM" service_name="SAWT ALAHRAR FM" provider="" sid="301" onid="0" tsid="0" />
  </bouquet>
  <bouquet name="Radio - Music" category="radio">
    <channel service_ref="1:0:2:0029:0000:0000:0212b17f:0:0:0:" name="AFAQ FM" service_name="AFAQ FM" provider="" sid="41" onid="0" tsid="0" />
    <channel service_ref="1:0:2:0002:1000:2000:0212b18b:0:0:0:" name="Allahthah-FM" service_name="Allahthah-FM" provider="Harmonic" sid="2" onid="8192" tsid="4096" />
    <channel service_ref="1:0:2:00c9:0000:0000:0212b17f:0:0:0:" name="SAM FM" service_name="SAM FM" provider="" sid="201" onid="0" tsid="0" />
    <channel service_ref="1:0:2:012d:0000:0000:0212b17f:0:0:0:" name="SAWT ALAHRAR FM" service_name="SAWT ALAHRAR FM" provider="" sid="301" onid="0" tsid="0" />
  </bouquet>
  <bouquet name="Radio - Regional" category="radio">
    <channel service_ref="1:0:2:012d:0000:0000:0212b17f:0:0:0:" name="SAWT ALAHRAR FM" service_name="SAWT ALAHRAR FM" provider="" sid="301" onid="0" tsid="0" />
  </bouquet>
</zapit>
