<?xml version='1.0' encoding='utf-8'?>
<zapit api="4">
  <satellites>
    <satellite key="00640000:0001:0010" name="Sat-10E" namespace="0x00640000" position="10">
      <transponder key="00640000:0001:0010" frequency="11222000" symbol_rate="30000000" polarization="V" fec="4" system="0" modulation="0">
        <service id="0x1f41" sid="8001" name="01 BBC One" type="22" provider="BFBS" onid="16" tsid="1" namespace="0x00640000" />
        <service id="0x1f42" sid="8002" name="02 BBC Two" type="22" provider="BFBS" onid="16" tsid="1" namespace="0x00640000" />
        <service id="0x1f43" sid="8003" name="03 ITV" type="22" provider="BFBS" onid="16" tsid="1" namespace="0x00640000" />
        <service id="0x1f49" sid="8009" name="04 Channel 4" type="22" provider="BFBS" onid="16" tsid="1" namespace="0x00640000" />
        <service id="0x1f4a" sid="8010" name="05 Channel 5" type="22" provider="BFBS" onid="16" tsid="1" namespace="0x00640000" />
        <service id="0x1f44" sid="8004" name="06 BFBS Extra" type="22" provider="BFBS" onid="16" tsid="1" namespace="0x00640000" />
        <service id="0x1f51" sid="8017" name="07 BFBS Extra 2" type="22" provider="BFBS" onid="16" tsid="1" namespace="0x00640000" />
        <service id="0x1f4b" sid="8011" name="08 BBC One Delay" type="22" provider="BFBS" onid="16" tsid="1" namespace="0x00640000" />
        <service id="0x1f4c" sid="8012" name="09 BBC Two Delay" type="22" provider="BFBS" onid="16" tsid="1" namespace="0x00640000" />
        <service id="0x0359" sid="857" name="1 Aldershot" type="12" provider="BFBS" onid="16" tsid="1" namespace="0x00640000" />
        <service id="0x1f4d" sid="8013" name="10 ITV Delay" type="22" provider="BFBS" onid="16" tsid="1" namespace="0x00640000" />
        <service id="0x1f4f" sid="8015" name="11" type="22" provider="BFBS" onid="16" tsid="1" namespace="0x00640000" />
        <service id="0x1f50" sid="8016" name="12" type="22" provider="BFBS" onid="16" tsid="1" namespace="0x00640000" />
        <service id="0x1f4e" sid="8014" name="13 BFBS Extra Delay" type="22" provider="BFBS" onid="16" tsid="1" namespace="0x00640000" />
        <service id="0x1f54" sid="8020" name="14" type="22" provider="BFBS" onid="16" tsid="1" namespace="0x00640000" />
        <service id="0x1f52" sid="8018" name="15 Kantipur TV" type="22" provider="BFBS" onid="16" tsid="1" namespace="0x00640000" />
        <service id="0x1f53" sid="8019" name="16" type="22" provider="BFBS" onid="16" tsid="1" namespace="0x00640000" />
        <service id="0x1f48" sid="8008" name="17 Sky News" type="22" provider="BFBS" onid="16" tsid="1" namespace="0x00640000" />
        <service id="0x1f45" sid="8005" name="18 Sky Sports" type="22" provider="BFBS" onid="16" tsid="1" namespace="0x00640000" />
        <service id="0x1f46" sid="8006" name="19 TNT Sports" type="22" provider="BFBS" onid="16" tsid="1" namespace="0x00640000" />
        <service id="0x035a" sid="858" name="2 Brize Norton" type="12" provider="BFBS" onid="16" tsid="1" namespace="0x00640000" />
        <service id="0x1f47" sid="8007" name="20 BFBS Sport" type="22" provider="BFBS" onid="16" tsid="1" namespace="0x00640000" />
        <service id="0x035b" sid="859" name="3 Bulford" type="12" provider="BFBS" onid="16" tsid="1" namespace="0x00640000" />
        <service id="0x085a" sid="2138" name="4 Catterick" type="12" provider="BFBS" onid="16" tsid="1" namespace="0x00640000" />
        <service id="0x085b" sid="2139" name="5 Colchester" type="12" provider="BFBS" onid="16" tsid="1" namespace="0x00640000" />
        <service id="0x213a" sid="8506" name="6 Blandford" type="12" provider="BFBS" onid="16" tsid="1" namespace="0x00640000" />
        <service id="0x213b" sid="8507" name="7 Holywood" type="12" provider="BFBS" onid="16" tsid="1" namespace="0x00640000" />
        <service id="0x08aa" sid="2218" name="8728 Quadrille Data" type="22" provider="BFBS" onid="16" tsid="1" namespace="0x00640000" />
        <service id="0x03e8" sid="1000" name="99(DATA)" type="12" provider="BFBS" onid="16" tsid="1" namespace="0x00640000" />
        <service id="0x213c" sid="8508" name="Program 8" type="12" provider="BFBS" onid="16" tsid="1" namespace="0x00640000" />
        <service id="0x21fd" sid="8701" name="Salisbury EDI B" type="12" provider="BFBS" onid="16" tsid="1" namespace="0x00640000" />
        <service id="0x1f5f" sid="8031" name="51 BFBS Radio" type="2" provider="BFBS" onid="16" tsid="1" namespace="0x00640000" radio="1" />
        <service id="0x1f58" sid="8024" name="52 BFBS Radio 2" type="2" provider="BFBS" onid="16" tsid="1" namespace="0x00640000" radio="1" />
        <service id="0x1f5b" sid="8027" name="53 BFBS UK National" type="2" provider="BFBS" onid="16" tsid="1" namespace="0x00640000" radio="1" />
        <service id="0x1f55" sid="8021" name="61 BFBS Ops" type="2" provider="BFBS" onid="16" tsid="1" namespace="0x00640000" radio="1" />
        <service id="0x1f56" sid="8022" name="62 BFBS Cyprus" type="2" provider="BFBS" onid="16" tsid="1" namespace="0x00640000" radio="1" />
        <service id="0x1f5d" sid="8029" name="63 BFBS East" type="2" provider="BFBS" onid="16" tsid="1" namespace="0x00640000" radio="1" />
        <service id="0x1f66" sid="8038" name="64" type="2" provider="BFBS" onid="16" tsid="1" namespace="0x00640000" radio="1" />
        <service id="0x1f59" sid="8025" name="65 BFBS Germany" type="2" provider="BFBS" onid="16" tsid="1" namespace="0x00640000" radio="1" />
        <service id="0x1f5e" sid="8030" name="66 BFBS N.Ireland" type="2" provider="BFBS" onid="16" tsid="1" namespace="0x00640000" radio="1" />
        <service id="0x1f57" sid="8023" name="67 BFBS UK Bases" type="2" provider="BFBS" onid="16" tsid="1" namespace="0x00640000" radio="1" />
        <service id="0x1f70" sid="8048" name="68 BFBS Gurkha East" type="2" provider="BFBS" onid="16" tsid="1" namespace="0x00640000" radio="1" />
        <service id="0x1f61" sid="8033" name="69 BFBS Gurkha Radio" type="2" provider="BFBS" onid="16" tsid="1" namespace="0x00640000" radio="1" />
        <service id="0x1f60" sid="8032" name="71 BFBS Beats" type="2" provider="BFBS" onid="16" tsid="1" namespace="0x00640000" radio="1" />
        <service id="0x1f62" sid="8034" name="72 BFBS Edge" type="2" provider="BFBS" onid="16" tsid="1" namespace="0x00640000" radio="1" />
        <service id="0x1f63" sid="8035" name="73 BFBS Rewind" type="2" provider="BFBS" onid="16" tsid="1" namespace="0x00640000" radio="1" />
        <service id="0x1f65" sid="8037" name="74 BFBS Samishran" type="2" provider="BFBS" onid="16" tsid="1" namespace="0x00640000" radio="1" />
        <service id="0x1f5a" sid="8026" name="75 BFBS Best of British" type="2" provider="BFBS" onid="16" tsid="1" namespace="0x00640000" radio="1" />
        <service id="0x1f67" sid="8039" name="81" type="2" provider="BFBS" onid="16" tsid="1" namespace="0x00640000" radio="1" />
        <service id="0x1f68" sid="8040" name="82 World Service" type="2" provider="BFBS" onid="16" tsid="1" namespace="0x00640000" radio="1" />
        <service id="0x1f69" sid="8041" name="83 Fun Kids" type="2" provider="BFBS" onid="16" tsid="1" namespace="0x00640000" radio="1" />
        <service id="0x1f6a" sid="8042" name="84 Talk Sport" type="2" provider="BFBS" onid="16" tsid="1" namespace="0x00640000" radio="1" />
        <service id="0x1f6b" sid="8043" name="85 BFBS Blandford" type="2" provider="BFBS" onid="16" tsid="1" namespace="0x00640000" radio="1" />
        <service id="0x1f6c" sid="8044" name="86 BFBS Scotland" type="2" provider="BFBS" onid="16" tsid="1" namespace="0x00640000" radio="1" />
        <service id="0x1f6d" sid="8045" name="87 BFBS BZN" type="2" provider="BFBS" onid="16" tsid="1" namespace="0x00640000" radio="1" />
        <service id="0x1f6e" sid="8046" name="88" type="2" provider="BFBS" onid="16" tsid="1" namespace="0x00640000" radio="1" />
        <service id="0x1f6f" sid="8047" name="91 Gibraltar" type="2" provider="BFBS" onid="16" tsid="1" namespace="0x00640000" radio="1" />
        <service id="0x1f5c" sid="8028" name="92 (Contribution)" type="2" provider="BFBS" onid="16" tsid="1" namespace="0x00640000" radio="1" />
        <service id="0x1f64" sid="8036" name="93" type="2" provider="BFBS" onid="16" tsid="1" namespace="0x00640000" radio="1" />
        <service id="0x1f71" sid="8049" name="94" type="2" provider="BFBS" onid="16" tsid="1" namespace="0x00640000" radio="1" />
        <service id="0x1f72" sid="8050" name="95" type="2" provider="BFBS" onid="16" tsid="1" namespace="0x00640000" radio="1" />
      </transponder>
    </satellite>
    <satellite key="00640000:1000:2000" name="Sat-10E" namespace="0x00640000" position="10">
      <transponder key="00640000:1000:2000" frequency="12642000" symbol_rate="2061000" polarization="V" fec="3" system="0" modulation="0">
        <service id="0x0001" sid="1" name="ortc" type="1" provider="Harmonic" onid="8192" tsid="4096" namespace="0x00640000" />
      </transponder>
    </satellite>
    <satellite key="00640000:7850:010e" name="Sat-10E" namespace="0x00640000" position="10">
      <transponder key="00640000:7850:010e" frequency="10771000" symbol_rate="22963000" polarization="H" fec="3" system="0" modulation="0">
        <service id="0x9c44" sid="40004" name="AFP2 EU" type="25" provider="EBU" onid="270" tsid="30800" namespace="0x00640000" />
        <service id="0x9c41" sid="40001" name="IPE" type="1" provider="MAINDATA" onid="270" tsid="30800" namespace="0x00640000" />
      </transponder>
    </satellite>
    <satellite key="0064abf2:0441:0000" name="Sat-10E" namespace="0x0064abf2" position="10">
      <transponder key="0064abf2:0441:0000" frequency="11250000" symbol_rate="10000000" polarization="V" fec="1" system="0" modulation="0">
        <service id="0x4f49" sid="20297" name="11250V SID 0x4f49" type="100" provider="DVB-S2 QPSK 11250V 10.0Â°E" onid="0" tsid="1089" namespace="0x0064abf2" />
        <service id="0x4f4a" sid="20298" name="11250V SID 0x4f4a" type="100" provider="DVB-S2 QPSK 11250V 10.0Â°E" onid="0" tsid="1089" namespace="0x0064abf2" />
        <service id="0x0574" sid="1396" name="11250V SID 0x5014" type="100" provider="DVB-S2 QPSK 11250V 10.0Â°E" onid="0" tsid="1089" namespace="0x0064abf2" />
        <service id="0x76bd" sid="30397" name="11250V SID 0x76bd" type="100" provider="DVB-S2 QPSK 11250V 10.0Â°E" onid="0" tsid="1089" namespace="0x0064abf2" />
        <service id="0x76be" sid="30398" name="11250V SID 0x76be" type="100" provider="DVB-S2 QPSK 11250V 10.0Â°E" onid="0" tsid="1089" namespace="0x0064abf2" />
        <service id="0x1e2c" sid="7724" name="11250V SID 0x7724" type="100" provider="DVB-S2 QPSK 11250V 10.0Â°E" onid="0" tsid="1089" namespace="0x0064abf2" />
        <service id="0x1e2d" sid="7725" name="11250V SID 0x7725" type="100" provider="DVB-S2 QPSK 11250V 10.0Â°E" onid="0" tsid="1089" namespace="0x0064abf2" />
        <service id="0x9c40" sid="40000" name="11250V SID 0x9c40" type="100" provider="DVB-S2 QPSK 11250V 10.0Â°E" onid="0" tsid="1089" namespace="0x0064abf2" />
      </transponder>
    </satellite>
    <satellite key="0064b1c0:0001:0001" name="Sat-10E" namespace="0x0064b1c0" position="10">
      <transponder key="0064b1c0:0001:0001" frequency="12736000" symbol_rate="4000000" polarization="V" fec="9" system="0" modulation="0">
        <service id="0x045f" sid="1119" name="ZAP VIVA INTERNACIONAL" type="1" provider="ZAP VIVA - PROD" onid="1" tsid="1" namespace="0x0064b1c0" />
      </transponder>
    </satellite>
  </satellites>
</zapit>
