<?xml version='1.0' encoding='utf-8'?>
<zapit api="4">
  <satellites>
    <satellite key="0de80000:0001:4660" name="Sat-4W" namespace="0x0de80000" position="-4">
      <transponder key="0de80000:0001:4660" frequency="11610000" symbol_rate="3600000" polarization="H" fec="3" system="0" modulation="0">
        <service id="0x0003" sid="3" name="Zik (Ukraine)" type="1" provider="UKR" onid="18016" tsid="1" namespace="0x0de80000" />
      </transponder>
    </satellite>
    <satellite key="0de80000:0002:0064" name="Sat-4W" namespace="0x0de80000" position="-4">
      <transponder key="0de80000:0002:0064" frequency="10759000" symbol_rate="30000000" polarization="V" fec="3" system="0" modulation="0">
        <service id="0x04ba" sid="1210" name="Blue Hustler|  Nights" type="25" provider="T-Home" onid="100" tsid="2" namespace="0x0de80000" />
        <service id="0x04c2" sid="1218" name="Chili" type="25" provider="T-Home" onid="100" tsid="2" namespace="0x0de80000" />
        <service id="0x04c5" sid="1221" name="Discovery Channel Hungary" type="25" provider="T-Home" onid="100" tsid="2" namespace="0x0de80000" />
        <service id="0x04c6" sid="1222" name="Discovery Science" type="25" provider="T-Home" onid="100" tsid="2" namespace="0x0de80000" />
        <service id="0x04cc" sid="1228" name="Dorcel TV| |  Nights" type="25" provider="T-Home" onid="100" tsid="2" namespace="0x0de80000" />
        <service id="0x04b6" sid="1206" name="Duna TV" type="25" provider="T-Home" onid="100" tsid="2" namespace="0x0de80000" />
        <service id="0x04b3" sid="1203" name="HBO Hungary" type="25" provider="T-Home" onid="100" tsid="2" namespace="0x0de80000" />
        <service id="0x04bb" sid="1211" name="Humor +" type="25" provider="T-Home" onid="100" tsid="2" namespace="0x0de80000" />
        <service id="0x04b7" sid="1207" name="Hustler TV|  Nights" type="25" provider="T-Home" onid="100" tsid="2" namespace="0x0de80000" />
        <service id="0x04bd" sid="1213" name="Izaura TV" type="25" provider="T-Home" onid="100" tsid="2" namespace="0x0de80000" />
        <service id="0x04c1" sid="1217" name="JimJam EMEA" type="25" provider="T-Home" onid="100" tsid="2" namespace="0x0de80000" />
        <service id="0x04b9" sid="1209" name="M1 - Magyar TV" type="25" provider="T-Home" onid="100" tsid="2" namespace="0x0de80000" />
        <service id="0x04c0" sid="1216" name="Mediaset Italia" type="25" provider="T-Home" onid="100" tsid="2" namespace="0x0de80000" />
        <service id="0x04cb" sid="1227" name="Megamax" type="25" provider="T-Home" onid="100" tsid="2" namespace="0x0de80000" />
        <service id="0x04b5" sid="1205" name="Nickelodeon Hungary" type="25" provider="T-Home" onid="100" tsid="2" namespace="0x0de80000" />
        <service id="0x04c8" sid="1224" name="ORF 1" type="25" provider="T-Home" onid="100" tsid="2" namespace="0x0de80000" />
        <service id="0x04b4" sid="1204" name="Prime" type="25" provider="T-Home" onid="100" tsid="2" namespace="0x0de80000" />
        <service id="0x04b1" sid="1201" name="RTL Klub" type="25" provider="T-Home" onid="100" tsid="2" namespace="0x0de80000" />
        <service id="0x04be" sid="1214" name="Spektrum TV Hungary" type="25" provider="T-Home" onid="100" tsid="2" namespace="0x0de80000" />
        <service id="0x04b8" sid="1208" name="Super TV 2" type="25" provider="T-Home" onid="100" tsid="2" namespace="0x0de80000" />
        <service id="0x04ca" sid="1226" name="Travel Channel" type="25" provider="T-Home" onid="100" tsid="2" namespace="0x0de80000" />
        <service id="0x04b2" sid="1202" name="TV 2 (Hungary)" type="25" provider="T-Home" onid="100" tsid="2" namespace="0x0de80000" />
        <service id="0x04bf" sid="1215" name="Viasat Explore" type="25" provider="T-Home" onid="100" tsid="2" namespace="0x0de80000" />
        <service id="0x04c9" sid="1225" name="Viva TV Hungary" type="25" provider="T-Home" onid="100" tsid="2" namespace="0x0de80000" />
      </transponder>
    </satellite>
    <satellite key="0de80000:0003:0064" name="Sat-4W" namespace="0x0de80000" position="-4">
      <transponder key="0de80000:0003:0064" frequency="10842000" symbol_rate="30000000" polarization="V" fec="3" system="0" modulation="0">
        <service id="0x051b" sid="1307" name="AXN HD" type="25" provider="T-Home" onid="100" tsid="3" namespace="0x0de80000" />
        <service id="0x051c" sid="1308" name="Duna World HD" type="25" provider="T-Home" onid="100" tsid="3" namespace="0x0de80000" />
        <service id="0x00d1" sid="209" name="FEM3" type="25" provider="T-Home" onid="100" tsid="3" namespace="0x0de80000" />
        <service id="0x00cb" sid="203" name="M1 HD" type="25" provider="T-Home" onid="100" tsid="3" namespace="0x0de80000" />
        <service id="0x00cc" sid="204" name="M2 HD" type="25" provider="T-Home" onid="100" tsid="3" namespace="0x0de80000" />
        <service id="0x051a" sid="1306" name="M4 Sport" type="25" provider="T-Home" onid="100" tsid="3" namespace="0x0de80000" />
        <service id="0x051f" sid="1311" name="m5" type="25" provider="T-Home" onid="100" tsid="3" namespace="0x0de80000" />
        <service id="0x051e" sid="1310" name="Magyar ATV HD" type="25" provider="T-Home" onid="100" tsid="3" namespace="0x0de80000" />
        <service id="0x00ce" sid="206" name="RTL Klub HD" type="25" provider="T-Home" onid="100" tsid="3" namespace="0x0de80000" />
        <service id="0x00cf" sid="207" name="Sport 1 HD Hungary" type="25" provider="T-Home" onid="100" tsid="3" namespace="0x0de80000" />
        <service id="0x00cd" sid="205" name="STV2 HD" type="25" provider="T-Home" onid="100" tsid="3" namespace="0x0de80000" />
        <service id="0x020b" sid="523" name="VH-1 (Video Hits One)" type="25" provider="T-Home" onid="100" tsid="3" namespace="0x0de80000" />
        <service id="0x020a" sid="522" name="Zenebutik" type="25" provider="T-Home" onid="100" tsid="3" namespace="0x0de80000" />
      </transponder>
    </satellite>
    <satellite key="0de80000:0004:0064" name="Sat-4W" namespace="0x0de80000" position="-4">
      <transponder key="0de80000:0004:0064" frequency="10806000" symbol_rate="30000000" polarization="V" fec="3" system="0" modulation="0">
        <service id="0x057c" sid="1404" name="BBC Earth HD" type="25" provider="T-Home" onid="100" tsid="4" namespace="0x0de80000" />
        <service id="0x00f8" sid="248" name="Bónusz" type="25" provider="T-Home" onid="100" tsid="4" namespace="0x0de80000" />
        <service id="0x057f" sid="1407" name="Cool TV HD" type="25" provider="T-Home" onid="100" tsid="4" namespace="0x0de80000" />
        <service id="0x00f3" sid="243" name="Duna 1 HD" type="25" provider="T-Home" onid="100" tsid="4" namespace="0x0de80000" />
        <service id="0x00f5" sid="245" name="Film+ HD" type="25" provider="T-Home" onid="100" tsid="4" namespace="0x0de80000" />
        <service id="0x057a" sid="1402" name="M4 Sport HD" type="25" provider="T-Home" onid="100" tsid="4" namespace="0x0de80000" />
        <service id="0x057b" sid="1403" name="M5 HD" type="25" provider="T-Home" onid="100" tsid="4" namespace="0x0de80000" />
        <service id="0x00f4" sid="244" name="RTL 2 HD Hungary" type="25" provider="T-Home" onid="100" tsid="4" namespace="0x0de80000" />
        <service id="0x057e" sid="1406" name="Spektrum HD" type="25" provider="T-Home" onid="100" tsid="4" namespace="0x0de80000" />
        <service id="0x057d" sid="1405" name="Sport 2 HD Hungary" type="25" provider="T-Home" onid="100" tsid="4" namespace="0x0de80000" />
        <service id="0x00f7" sid="247" name="TV 2 HD (Hungary)" type="25" provider="T-Home" onid="100" tsid="4" namespace="0x0de80000" />
      </transponder>
    </satellite>
    <satellite key="0de80000:0005:0064" name="Sat-4W" namespace="0x0de80000" position="-4">
      <transponder key="0de80000:0005:0064" frequency="10925000" symbol_rate="30000000" polarization="V" fec="3" system="0" modulation="0">
        <service id="0x05e2" sid="1506" name="Animal Planet HD" type="25" provider="T-Home" onid="100" tsid="5" namespace="0x0de80000" />
        <service id="0x05ea" sid="1514" name="AXN Black" type="25" provider="T-Home" onid="100" tsid="5" namespace="0x0de80000" />
        <service id="0x05ee" sid="1518" name="AXN White" type="25" provider="T-Home" onid="100" tsid="5" namespace="0x0de80000" />
        <service id="0x05e7" sid="1511" name="BBC Earth" type="25" provider="T-Home" onid="100" tsid="5" namespace="0x0de80000" />
        <service id="0x05f8" sid="1528" name="Cartoon Network Eastern Europe" type="25" provider="T-Home" onid="100" tsid="5" namespace="0x0de80000" />
        <service id="0x05e6" sid="1510" name="Cinemax 2 Europe" type="25" provider="T-Home" onid="100" tsid="5" namespace="0x0de80000" />
        <service id="0x05ed" sid="1517" name="Cinemax East Europe" type="25" provider="T-Home" onid="100" tsid="5" namespace="0x0de80000" />
        <service id="0x05de" sid="1502" name="Comedy Central Extra Central Europe" type="25" provider="T-Home" onid="100" tsid="5" namespace="0x0de80000" />
        <service id="0x05e0" sid="1504" name="Discovery HD Showcase" type="25" provider="T-Home" onid="100" tsid="5" namespace="0x0de80000" />
        <service id="0x05df" sid="1503" name="Disney Channel Hungary &amp; Czechia" type="25" provider="T-Home" onid="100" tsid="5" namespace="0x0de80000" />
        <service id="0x05e5" sid="1509" name="EuroNews" type="25" provider="T-Home" onid="100" tsid="5" namespace="0x0de80000" />
        <service id="0x05dd" sid="1501" name="Film Café" type="25" provider="T-Home" onid="100" tsid="5" namespace="0x0de80000" />
        <service id="0x05f2" sid="1522" name="Filmbox Family" type="25" provider="T-Home" onid="100" tsid="5" namespace="0x0de80000" />
        <service id="0x05f3" sid="1523" name="Filmbox HD" type="25" provider="T-Home" onid="100" tsid="5" namespace="0x0de80000" />
        <service id="0x05f1" sid="1521" name="Filmbox Plus" type="25" provider="T-Home" onid="100" tsid="5" namespace="0x0de80000" />
        <service id="0x05e8" sid="1512" name="Food Network" type="25" provider="T-Home" onid="100" tsid="5" namespace="0x0de80000" />
        <service id="0x05f4" sid="1524" name="Fox Hungary" type="25" provider="T-Home" onid="100" tsid="5" namespace="0x0de80000" />
        <service id="0x05ec" sid="1516" name="HBO 2 Central Europe" type="25" provider="T-Home" onid="100" tsid="5" namespace="0x0de80000" />
        <service id="0x05ef" sid="1519" name="HBO Comedy Hungary &amp; Czech" type="25" provider="T-Home" onid="100" tsid="5" namespace="0x0de80000" />
        <service id="0x05e1" sid="1505" name="NatGeo Wild Hungary" type="25" provider="T-Home" onid="100" tsid="5" namespace="0x0de80000" />
        <service id="0x05eb" sid="1515" name="National Geographic Europe" type="25" provider="T-Home" onid="100" tsid="5" namespace="0x0de80000" />
        <service id="0x05f5" sid="1525" name="Paramount Channel Hungary &amp; Romania" type="25" provider="T-Home" onid="100" tsid="5" namespace="0x0de80000" />
        <service id="0x05e9" sid="1513" name="RTL Spike" type="25" provider="T-Home" onid="100" tsid="5" namespace="0x0de80000" />
        <service id="0x05f6" sid="1526" name="Slagr TV" type="25" provider="T-Home" onid="100" tsid="5" namespace="0x0de80000" />
        <service id="0x05e3" sid="1507" name="Sport 1 Hungary" type="25" provider="T-Home" onid="100" tsid="5" namespace="0x0de80000" />
        <service id="0x05e4" sid="1508" name="Sport 2 Hungary" type="25" provider="T-Home" onid="100" tsid="5" namespace="0x0de80000" />
      </transponder>
    </satellite>
    <satellite key="0de80000:0006:0064" name="Sat-4W" namespace="0x0de80000" position="-4">
      <transponder key="0de80000:0006:0064" frequency="10889000" symbol_rate="30000000" polarization="V" fec="3" system="0" modulation="0">
        <service id="0x0a2d" sid="2605" name="" type="25" provider="" onid="100" tsid="6" namespace="0x0de80000" />
        <service id="0x0a3d" sid="2621" name="" type="25" provider="" onid="100" tsid="6" namespace="0x0de80000" />
        <service id="0x065b" sid="1627" name="AMC Eastern Europe" type="25" provider="T-Home" onid="100" tsid="6" namespace="0x0de80000" />
        <service id="0x0122" sid="290" name="Animax+|  Nights" type="25" provider="T-Home" onid="100" tsid="6" namespace="0x0de80000" />
        <service id="0x011a" sid="282" name="AXN Central Europe" type="25" provider="T-Home" onid="100" tsid="6" namespace="0x0de80000" />
        <service id="0x011b" sid="283" name="Boomerang" type="25" provider="T-Home" onid="100" tsid="6" namespace="0x0de80000" />
        <service id="0x064a" sid="1610" name="Brazzers TV| |  Nights" type="25" provider="T-Home" onid="100" tsid="6" namespace="0x0de80000" />
        <service id="0x028b" sid="651" name="Classica" type="25" provider="T-Home" onid="100" tsid="6" namespace="0x0de80000" />
        <service id="0x0124" sid="292" name="CNN International" type="25" provider="T-Home" onid="100" tsid="6" namespace="0x0de80000" />
        <service id="0x028c" sid="652" name="Comedy Central Hungary" type="25" provider="T-Home" onid="100" tsid="6" namespace="0x0de80000" />
        <service id="0x028a" sid="650" name="Da Vinci Learning" type="25" provider="T-Home" onid="100" tsid="6" namespace="0x0de80000" />
        <service id="0x011d" sid="285" name="Echo TV" type="25" provider="T-Home" onid="100" tsid="6" namespace="0x0de80000" />
        <service id="0x028f" sid="655" name="Eurosport 2 Romania &amp; Hungary" type="25" provider="T-Home" onid="100" tsid="6" namespace="0x0de80000" />
        <service id="0x0121" sid="289" name="Film Mánia" type="25" provider="T-Home" onid="100" tsid="6" namespace="0x0de80000" />
        <service id="0x0120" sid="288" name="KIKA - Der KinderKanal" type="25" provider="T-Home" onid="100" tsid="6" namespace="0x0de80000" />
        <service id="0x011f" sid="287" name="Kiwi TV" type="25" provider="T-Home" onid="100" tsid="6" namespace="0x0de80000" />
        <service id="0x011c" sid="284" name="Mozi+" type="25" provider="T-Home" onid="100" tsid="6" namespace="0x0de80000" />
        <service id="0x0125" sid="293" name="Nick Junior" type="25" provider="T-Home" onid="100" tsid="6" namespace="0x0de80000" />
        <service id="0x064d" sid="1613" name="RTL Television" type="25" provider="T-Home" onid="100" tsid="6" namespace="0x0de80000" />
        <service id="0x028d" sid="653" name="RTR Planeta" type="25" provider="T-Home" onid="100" tsid="6" namespace="0x0de80000" />
        <service id="0x064c" sid="1612" name="Sat 1" type="25" provider="T-Home" onid="100" tsid="6" namespace="0x0de80000" />
        <service id="0x064b" sid="1611" name="Sundance TV" type="25" provider="T-Home" onid="100" tsid="6" namespace="0x0de80000" />
        <service id="0x064e" sid="1614" name="TLC Europe" type="25" provider="T-Home" onid="100" tsid="6" namespace="0x0de80000" />
        <service id="0x011e" sid="286" name="TV5 Monde Europe" type="25" provider="T-Home" onid="100" tsid="6" namespace="0x0de80000" />
        <service id="0x028e" sid="654" name="TVE International" type="25" provider="T-Home" onid="100" tsid="6" namespace="0x0de80000" />
        <service id="0x0119" sid="281" name="Viasat 3" type="25" provider="T-Home" onid="100" tsid="6" namespace="0x0de80000" />
        <service id="0x065a" sid="1626" name="Viasat Nature CEE" type="25" provider="T-Home" onid="100" tsid="6" namespace="0x0de80000" />
        <service id="0x064f" sid="1615" name="ZDF" type="25" provider="T-Home" onid="100" tsid="6" namespace="0x0de80000" />
      </transponder>
    </satellite>
    <satellite key="0de80000:0008:0064" name="Sat-4W" namespace="0x0de80000" position="-4">
      <transponder key="0de80000:0008:0064" frequency="11425000" symbol_rate="30000000" polarization="H" fec="3" system="0" modulation="0">
        <service id="0x02c9" sid="713" name="Animal Planet" type="25" provider="T-Home" onid="100" tsid="8" namespace="0x0de80000" />
        <service id="0x070d" sid="1805" name="Bónum" type="25" provider="T-Home" onid="100" tsid="8" namespace="0x0de80000" />
        <service id="0x02ca" sid="714" name="DTX" type="25" provider="T-Home" onid="100" tsid="8" namespace="0x0de80000" />
        <service id="0x02cd" sid="717" name="English Club" type="25" provider="T-Home" onid="100" tsid="8" namespace="0x0de80000" />
        <service id="0x02c6" sid="710" name="Eurosport 1 HD" type="25" provider="T-Home" onid="100" tsid="8" namespace="0x0de80000" />
        <service id="0x02ce" sid="718" name="FilmBox" type="25" provider="T-Home" onid="100" tsid="8" namespace="0x0de80000" />
        <service id="0x070b" sid="1803" name="Fit (Hungary)" type="25" provider="T-Home" onid="100" tsid="8" namespace="0x0de80000" />
        <service id="0x070a" sid="1802" name="Fix.TV" type="25" provider="T-Home" onid="100" tsid="8" namespace="0x0de80000" />
        <service id="0x070f" sid="1807" name="HBO HD Hungary" type="25" provider="T-Home" onid="100" tsid="8" namespace="0x0de80000" />
        <service id="0x02c5" sid="709" name="History" type="25" provider="T-Home" onid="100" tsid="8" namespace="0x0de80000" />
        <service id="0x02c7" sid="711" name="History HD Europe" type="25" provider="T-Home" onid="100" tsid="8" namespace="0x0de80000" />
        <service id="0x02cb" sid="715" name="Investigation Discovery Xtra" type="25" provider="T-Home" onid="100" tsid="8" namespace="0x0de80000" />
        <service id="0x070e" sid="1806" name="Sport M" type="25" provider="T-Home" onid="100" tsid="8" namespace="0x0de80000" />
        <service id="0x02c4" sid="708" name="Teszt" type="25" provider="T-Home" onid="100" tsid="8" namespace="0x0de80000" />
        <service id="0x02c8" sid="712" name="Travel Channel HD" type="25" provider="T-Home" onid="100" tsid="8" namespace="0x0de80000" />
        <service id="0x02cc" sid="716" name="Viasat 6" type="25" provider="T-Home" onid="100" tsid="8" namespace="0x0de80000" />
        <service id="0x02cf" sid="719" name="Viasat History" type="25" provider="T-Home" onid="100" tsid="8" namespace="0x0de80000" />
        <service id="0x070c" sid="1804" name="Ötös csatorna" type="25" provider="T-Home" onid="100" tsid="8" namespace="0x0de80000" />
      </transponder>
    </satellite>
    <satellite key="0de80000:000a:07d1" name="Sat-4W" namespace="0x0de80000" position="-4">
      <transponder key="0de80000:000a:07d1" frequency="11557000" symbol_rate="2600000" polarization="H" fec="3" system="0" modulation="0">
        <service id="0x0002" sid="2" name="TV Neptun" type="1" provider="Soti Cable System" onid="2001" tsid="10" namespace="0x0de80000" />
      </transponder>
    </satellite>
    <satellite key="0de80000:0018:0044" name="Sat-4W" namespace="0x0de80000" position="-4">
      <transponder key="0de80000:0018:0044" frequency="11222000" symbol_rate="30000000" polarization="H" fec="5" system="0" modulation="0">
        <service id="0x0a6e" sid="2670" name="AMC" type="1" provider="Viasat Ukraine" onid="68" tsid="24" namespace="0x0de80000" />
        <service id="0x0a82" sid="2690" name="CBS Reality" type="1" provider="Viasat Ukraine" onid="68" tsid="24" namespace="0x0de80000" />
        <service id="0x09e2" sid="2530" name="Discovery Channel" type="1" provider="Viasat Ukraine" onid="68" tsid="24" namespace="0x0de80000" />
        <service id="0x0a0a" sid="2570" name="Discovery Science" type="1" provider="Viasat Ukraine" onid="68" tsid="24" namespace="0x0de80000" />
        <service id="0x0a32" sid="2610" name="Erotika TV" type="1" provider="Viasat Ukraine" onid="68" tsid="24" namespace="0x0de80000" />
        <service id="0x0a28" sid="2600" name="Erox" type="1" provider="Viasat Ukraine" onid="68" tsid="24" namespace="0x0de80000" />
        <service id="0x0a78" sid="2680" name="Eurokino" type="1" provider="Viasat Ukraine" onid="68" tsid="24" namespace="0x0de80000" />
        <service id="0x0a00" sid="2560" name="Extreme Sports" type="1" provider="Viasat Ukraine" onid="68" tsid="24" namespace="0x0de80000" />
        <service id="0x0a14" sid="2580" name="Fox Russia" type="1" provider="Viasat Ukraine" onid="68" tsid="24" namespace="0x0de80000" />
        <service id="0x0a3c" sid="2620" name="National Geographic Russia" type="1" provider="Viasat Ukraine" onid="68" tsid="24" namespace="0x0de80000" />
        <service id="0x0a64" sid="2660" name="Nick Jr Russia" type="1" provider="Viasat Ukraine" onid="68" tsid="24" namespace="0x0de80000" />
        <service id="0x0aa0" sid="2720" name="Nickelodeon Russia" type="1" provider="Viasat Ukraine" onid="68" tsid="24" namespace="0x0de80000" />
        <service id="0x0a46" sid="2630" name="Outdoor Channel" type="1" provider="Viasat Ukraine" onid="68" tsid="24" namespace="0x0de80000" />
        <service id="0x0a5a" sid="2650" name="Pershiy Avtomobilniy" type="1" provider="Viasat Ukraine" onid="68" tsid="24" namespace="0x0de80000" />
        <service id="0x0a96" sid="2710" name="SET Eastern Europe" type="1" provider="Viasat Ukraine" onid="68" tsid="24" namespace="0x0de80000" />
        <service id="0x09c4" sid="2500" name="Sony Sci-Fi Ukraine" type="1" provider="Viasat Ukraine" onid="68" tsid="24" namespace="0x0de80000" />
        <service id="0x09f6" sid="2550" name="Sony Turbo" type="1" provider="Viasat Ukraine" onid="68" tsid="24" namespace="0x0de80000" />
        <service id="0x09d8" sid="2520" name="TLC Russia" type="1" provider="Viasat Ukraine" onid="68" tsid="24" namespace="0x0de80000" />
        <service id="0x09ec" sid="2540" name="Travel Channel" type="1" provider="Viasat Ukraine" onid="68" tsid="24" namespace="0x0de80000" />
        <service id="0x0a8c" sid="2700" name="TV XXI" type="1" provider="Viasat Ukraine" onid="68" tsid="24" namespace="0x0de80000" />
        <service id="0x0a1e" sid="2590" name="Viasat History" type="1" provider="Viasat Ukraine" onid="68" tsid="24" namespace="0x0de80000" />
        <service id="0x0ab4" sid="2740" name="Viasat Nature CEE" type="1" provider="Viasat Ukraine" onid="68" tsid="24" namespace="0x0de80000" />
        <service id="0x0bb8" sid="3000" name="тест1" type="1" provider="Viasat Ukraine" onid="68" tsid="24" namespace="0x0de80000" />
        <service id="0x0bc2" sid="3010" name="тест2" type="1" provider="Viasat Ukraine" onid="68" tsid="24" namespace="0x0de80000" />
      </transponder>
    </satellite>
    <satellite key="0de80000:001a:0044" name="Sat-4W" namespace="0x0de80000" position="-4">
      <transponder key="0de80000:001a:0044" frequency="11258000" symbol_rate="30000000" polarization="H" fec="2" system="0" modulation="0">
        <service id="0x0be0" sid="3040" name="Discovery HD Showcase" type="25" provider="Viasat Ukraine" onid="68" tsid="26" namespace="0x0de80000" />
        <service id="0x0c08" sid="3080" name="Fine Living Network" type="25" provider="Viasat Ukraine" onid="68" tsid="26" namespace="0x0de80000" />
        <service id="0x0ac8" sid="2760" name="Playboy TV" type="25" provider="Viasat Ukraine" onid="68" tsid="26" namespace="0x0de80000" />
        <service id="0x0ae6" sid="2790" name="TV 1000 Action East" type="25" provider="Viasat Ukraine" onid="68" tsid="26" namespace="0x0de80000" />
        <service id="0x03fa" sid="1018" name="TV 1000 Comedy" type="25" provider="Viasat" onid="68" tsid="26" namespace="0x0de80000" />
        <service id="0x107c" sid="4220" name="TV 1000 Comedy HD" type="25" provider="Viasat" onid="68" tsid="26" namespace="0x0de80000" />
        <service id="0x0abe" sid="2750" name="TV 1000 East" type="25" provider="Viasat Ukraine" onid="68" tsid="26" namespace="0x0de80000" />
        <service id="0x100e" sid="4110" name="TV 1000 Megahit" type="25" provider="Viasat" onid="68" tsid="26" namespace="0x0de80000" />
        <service id="0x01ae" sid="430" name="TV 1000 Megahit HD" type="25" provider="Viasat" onid="68" tsid="26" namespace="0x0de80000" />
        <service id="0x03ec" sid="1004" name="TV 1000 Premium" type="25" provider="Viasat" onid="68" tsid="26" namespace="0x0de80000" />
        <service id="0x042c" sid="1068" name="TV 1000 Premium HD" type="25" provider="Viasat" onid="68" tsid="26" namespace="0x0de80000" />
        <service id="0x0afa" sid="2810" name="TV 1000 Russkoe Kino" type="25" provider="Viasat Ukraine" onid="68" tsid="26" namespace="0x0de80000" />
        <service id="0x0ad2" sid="2770" name="Viasat Explore" type="25" provider="Viasat Ukraine" onid="68" tsid="26" namespace="0x0de80000" />
        <service id="0x0bd6" sid="3030" name="Viasat History" type="25" provider="Viasat" onid="68" tsid="26" namespace="0x0de80000" />
        <service id="0x03fe" sid="1022" name="Viasat Sport Baltic &amp; Russia" type="25" provider="Viasat Ukraine" onid="68" tsid="26" namespace="0x0de80000" />
        <service id="0x043e" sid="1086" name="Viasat Sport HD" type="25" provider="Viasat" onid="68" tsid="26" namespace="0x0de80000" />
      </transponder>
    </satellite>
    <satellite key="0de80000:00a3:0141" name="Sat-4W" namespace="0x0de80000" position="-4">
      <transponder key="0de80000:00a3:0141" frequency="11123000" symbol_rate="2500000" polarization="H" fec="3" system="0" modulation="0">
        <service id="0x0004" sid="4" name="MTV Adria" type="25" provider="OiV  Zagreb" onid="321" tsid="163" namespace="0x0de80000" />
      </transponder>
    </satellite>
    <satellite key="0de829e2:0001:0001" name="Sat-4W" namespace="0x0de829e2" position="-4">
      <transponder key="0de829e2:0001:0001" frequency="10722000" symbol_rate="27500000" polarization="H" fec="3" system="0" modulation="0">
        <service id="0x0003" sid="3" name="1+1" type="1" provider="SPACECOM" onid="1" tsid="1" namespace="0x0de829e2" />
        <service id="0x0008" sid="8" name="3S.TV" type="1" provider="SPACECOM" onid="1" tsid="1" namespace="0x0de829e2" />
        <service id="0x0007" sid="7" name="Eko-TV" type="1" provider="SPACECOM" onid="1" tsid="1" namespace="0x0de829e2" />
        <service id="0x0002" sid="2" name="OTV Music" type="1" provider="SPACECOM" onid="1" tsid="1" namespace="0x0de829e2" />
        <service id="0x0005" sid="5" name="PlusPlus" type="1" provider="SPACECOM" onid="1" tsid="1" namespace="0x0de829e2" />
        <service id="0x0009" sid="9" name="TEST_9" type="1" provider="Harmonic" onid="1" tsid="1" namespace="0x0de829e2" />
        <service id="0x0006" sid="6" name="Tonis" type="1" provider="SPACECOM" onid="1" tsid="1" namespace="0x0de829e2" />
        <service id="0x0004" sid="4" name="TV Kiev" type="1" provider="SPACECOM" onid="1" tsid="1" namespace="0x0de829e2" />
        <service id="0x0001" sid="1" name="Unian TV" type="1" provider="SPACECOM" onid="1" tsid="1" namespace="0x0de829e2" />
      </transponder>
    </satellite>
    <satellite key="0de82a07:000d:0001" name="Sat-4W" namespace="0x0de82a07" position="-4">
      <transponder key="0de82a07:000d:0001" frequency="10759000" symbol_rate="30000000" polarization="H" fec="3" system="0" modulation="0">
        <service id="0x0005" sid="5" name="ICTV" type="1" provider="Harmonic" onid="1" tsid="13" namespace="0x0de82a07" />
        <service id="0x000c" sid="12" name="Kultura" type="1" provider="Harmonic" onid="1" tsid="13" namespace="0x0de82a07" />
        <service id="0x0002" sid="2" name="M1" type="1" provider="Harmonic" onid="1" tsid="13" namespace="0x0de82a07" />
        <service id="0x0006" sid="6" name="M2 Ukrainia" type="1" provider="Harmonic" onid="1" tsid="13" namespace="0x0de82a07" />
        <service id="0x0003" sid="3" name="Milady Television" type="1" provider="Harmonic" onid="1" tsid="13" namespace="0x0de82a07" />
        <service id="0x0008" sid="8" name="News 24 (Ukraine)" type="1" provider="Harmonic" onid="1" tsid="13" namespace="0x0de82a07" />
        <service id="0x0004" sid="4" name="Novy Kanal" type="1" provider="Harmonic" onid="1" tsid="13" namespace="0x0de82a07" />
        <service id="0x000a" sid="10" name="Pershiy Diloviy" type="1" provider="Harmonic" onid="1" tsid="13" namespace="0x0de82a07" />
        <service id="0x000d" sid="13" name="Pershiy Nacionalniy" type="1" provider="" onid="1" tsid="13" namespace="0x0de82a07" />
        <service id="0x000b" sid="11" name="QTV (Ukraine)" type="1" provider="Harmonic" onid="1" tsid="13" namespace="0x0de82a07" />
        <service id="0x0001" sid="1" name="Telekanal STB" type="1" provider="Harmonic" onid="1" tsid="13" namespace="0x0de82a07" />
        <service id="0x000e" sid="14" name="UA Krym" type="1" provider="Harmonic" onid="1" tsid="13" namespace="0x0de82a07" />
      </transponder>
    </satellite>
    <satellite key="0de82a36:0014:0001" name="Sat-4W" namespace="0x0de82a36" position="-4">
      <transponder key="0de82a36:0014:0001" frequency="10806000" symbol_rate="30000000" polarization="H" fec="3" system="0" modulation="0">
        <service id="0x0004" sid="4" name="112 Ukraine" type="1" provider="Harmonic" onid="1" tsid="20" namespace="0x0de82a36" />
        <service id="0x000c" sid="12" name="112 Ukraine HD" type="1" provider="Harmonic" onid="1" tsid="20" namespace="0x0de82a36" />
        <service id="0x0002" sid="2" name="Bigudi TV" type="1" provider="Harmonic" onid="1" tsid="20" namespace="0x0de82a36" />
        <service id="0x0005" sid="5" name="EuroNews" type="1" provider="Harmonic" onid="1" tsid="20" namespace="0x0de82a36" />
        <service id="0x0007" sid="7" name="Inter" type="1" provider="Harmonic" onid="1" tsid="20" namespace="0x0de82a36" />
        <service id="0x000a" sid="10" name="KDRTRK" type="1" provider="Harmonic" onid="1" tsid="20" namespace="0x0de82a36" />
        <service id="0x0001" sid="1" name="MusicBox Ukraine" type="1" provider="STB" onid="1" tsid="20" namespace="0x0de82a36" />
        <service id="0x0008" sid="8" name="NTN" type="1" provider="Harmonic" onid="1" tsid="20" namespace="0x0de82a36" />
        <service id="0x000b" sid="11" name="Pershiy Avtomobilniy" type="1" provider="Xtra TV" onid="1" tsid="20" namespace="0x0de82a36" />
        <service id="0x0003" sid="3" name="TISA 1" type="1" provider="Harmonic" onid="1" tsid="20" namespace="0x0de82a36" />
        <service id="0x0006" sid="6" name="Tonis HD" type="1" provider="Harmonic" onid="1" tsid="20" namespace="0x0de82a36" />
      </transponder>
    </satellite>
    <satellite key="0de82a5a:0001:0001" name="Sat-4W" namespace="0x0de82a5a" position="-4">
      <transponder key="0de82a5a:0001:0001" frequency="10842000" symbol_rate="30000000" polarization="H" fec="5" system="0" modulation="0">
        <service id="0x0001" sid="1" name="1zahid" type="1" provider="Ukrkosmos" onid="1" tsid="1" namespace="0x0de82a5a" />
        <service id="0x0004" sid="4" name="Boutique TV" type="1" provider="Ukrkosmos" onid="1" tsid="1" namespace="0x0de82a5a" />
        <service id="0x0005" sid="5" name="Che-Pe Info" type="1" provider="Ukrkosmos" onid="1" tsid="1" namespace="0x0de82a5a" />
        <service id="0x0006" sid="6" name="Eko-TV" type="1" provider="Ukrkosmos" onid="1" tsid="1" namespace="0x0de82a5a" />
        <service id="0x0009" sid="9" name="Galychyna" type="1" provider="Ukrkosmos" onid="1" tsid="1" namespace="0x0de82a5a" />
        <service id="0x0007" sid="7" name="Malyatko TV" type="1" provider="Ukrkosmos" onid="1" tsid="1" namespace="0x0de82a5a" />
        <service id="0x0008" sid="8" name="Tele Vsesvit" type="1" provider="Ukrkosmos" onid="1" tsid="1" namespace="0x0de82a5a" />
        <service id="0x0003" sid="3" name="UTR - Ukraina i Svit" type="1" provider="Ukrkosmos" onid="1" tsid="1" namespace="0x0de82a5a" />
        <service id="0x0002" sid="2" name="Vozrogdenie TV" type="1" provider="Ukrkosmos" onid="1" tsid="1" namespace="0x0de82a5a" />
      </transponder>
    </satellite>
    <satellite key="0de82a9c:0001:0001" name="Sat-4W" namespace="0x0de82a9c" position="-4">
      <transponder key="0de82a9c:0001:0001" frequency="10908000" symbol_rate="15000000" polarization="H" fec="2" system="0" modulation="0">
        <service id="0x0006" sid="6" name="Tippmix elő 2" type="25" provider="HDT" onid="1" tsid="1" namespace="0x0de82a9c" />
        <service id="0x0001" sid="1" name="Tippmix info 1" type="25" provider="HDT" onid="1" tsid="1" namespace="0x0de82a9c" />
        <service id="0x0002" sid="2" name="Tippmix info 2" type="25" provider="HDT" onid="1" tsid="1" namespace="0x0de82a9c" />
        <service id="0x0003" sid="3" name="Tippmix info 3" type="25" provider="HDT" onid="1" tsid="1" namespace="0x0de82a9c" />
        <service id="0x0004" sid="4" name="Tippmix info 4" type="25" provider="HDT" onid="1" tsid="1" namespace="0x0de82a9c" />
        <service id="0x0005" sid="5" name="Tippmix élő 1" type="25" provider="HDT" onid="1" tsid="1" namespace="0x0de82a9c" />
      </transponder>
    </satellite>
    <satellite key="0de82ba7:0003:0001" name="Sat-4W" namespace="0x0de82ba7" position="-4">
      <transponder key="0de82ba7:0003:0001" frequency="11175000" symbol_rate="30000000" polarization="H" fec="3" system="0" modulation="0">
        <service id="0x0005" sid="5" name="ICTV" type="1" provider="Harmonic" onid="1" tsid="3" namespace="0x0de82ba7" />
        <service id="0x000c" sid="12" name="Kultura" type="1" provider="Harmonic" onid="1" tsid="3" namespace="0x0de82ba7" />
        <service id="0x0002" sid="2" name="M1" type="1" provider="Harmonic" onid="1" tsid="3" namespace="0x0de82ba7" />
        <service id="0x0006" sid="6" name="M2" type="1" provider="Harmonic" onid="1" tsid="3" namespace="0x0de82ba7" />
        <service id="0x0003" sid="3" name="Milady Television" type="1" provider="Harmonic" onid="1" tsid="3" namespace="0x0de82ba7" />
        <service id="0x0008" sid="8" name="News 24 (Ukraine)" type="1" provider="Harmonic" onid="1" tsid="3" namespace="0x0de82ba7" />
        <service id="0x0004" sid="4" name="Novy Kanal" type="1" provider="Harmonic" onid="1" tsid="3" namespace="0x0de82ba7" />
        <service id="0x000b" sid="11" name="QTV (Ukraine)" type="1" provider="Harmonic" onid="1" tsid="3" namespace="0x0de82ba7" />
        <service id="0x0001" sid="1" name="Telekanal STB" type="1" provider="Harmonic" onid="1" tsid="3" namespace="0x0de82ba7" />
        <service id="0x0009" sid="9" name="TEST" type="1" provider="Harmonic" onid="1" tsid="3" namespace="0x0de82ba7" />
        <service id="0x000e" sid="14" name="UA Krym" type="1" provider="Harmonic" onid="1" tsid="3" namespace="0x0de82ba7" />
        <service id="0x000d" sid="13" name="UA TV" type="1" provider="Harmonic" onid="1" tsid="3" namespace="0x0de82ba7" />
      </transponder>
    </satellite>
    <satellite key="0de82c27:0001:0001" name="Sat-4W" namespace="0x0de82c27" position="-4">
      <transponder key="0de82c27:0001:0001" frequency="11303000" symbol_rate="13333000" polarization="H" fec="3" system="0" modulation="0">
        <service id="0x0009" sid="9" name="Da Vinci Learning" type="1" provider="Xtra TV" onid="1" tsid="1" namespace="0x0de82c27" />
        <service id="0x0002" sid="2" name="Hir TV" type="1" provider="hirTV / AH / HDT" onid="1" tsid="1" namespace="0x0de82c27" />
        <service id="0x0004" sid="4" name="Mozi+" type="1" provider="TV2/HDT" onid="1" tsid="1" namespace="0x0de82c27" />
        <service id="0x0003" sid="3" name="Prime" type="1" provider="TV2/HDT" onid="1" tsid="1" namespace="0x0de82c27" />
        <service id="0x0005" sid="5" name="Super TV 2" type="1" provider="TV2/HDT" onid="1" tsid="1" namespace="0x0de82c27" />
      </transponder>
    </satellite>
    <satellite key="0de82d17:ffff:ffff" name="Sat-4W" namespace="0x0de82d17" position="-4">
      <transponder key="0de82d17:ffff:ffff" frequency="11543000" symbol_rate="3700000" polarization="H" fec="3" system="0" modulation="0">
        <service id="0x0001" sid="1" name="TVH 2.0" type="1" provider="Service Provider" onid="65535" tsid="65535" namespace="0x0de82d17" />
      </transponder>
    </satellite>
    <satellite key="0de8a9e3:0001:0064" name="Sat-4W" namespace="0x0de8a9e3" position="-4">
      <transponder key="0de8a9e3:0001:0064" frequency="10723000" symbol_rate="30000000" polarization="V" fec="2" system="0" modulation="0">
        <service id="0x01d4" sid="468" name="" type="25" provider="" onid="100" tsid="1" namespace="0x0de8a9e3" />
        <service id="0x045c" sid="1116" name="4! Story TV" type="25" provider="T-Home" onid="100" tsid="1" namespace="0x0de8a9e3" />
        <service id="0x001a" sid="26" name="DoQ TV" type="25" provider="T-Home" onid="100" tsid="1" namespace="0x0de8a9e3" />
        <service id="0x044e" sid="1102" name="Duna World" type="25" provider="T-Home" onid="100" tsid="1" namespace="0x0de8a9e3" />
        <service id="0x044d" sid="1101" name="Eurosport 1" type="25" provider="T-Home" onid="100" tsid="1" namespace="0x0de8a9e3" />
        <service id="0x000a" sid="10" name="Film +" type="25" provider="T-Home" onid="100" tsid="1" namespace="0x0de8a9e3" />
        <service id="0x000c" sid="12" name="Film 2+" type="25" provider="T-Home" onid="100" tsid="1" namespace="0x0de8a9e3" />
        <service id="0x000b" sid="11" name="Fishing &amp; Hunting" type="25" provider="T-Home" onid="100" tsid="1" namespace="0x0de8a9e3" />
        <service id="0x01d1" sid="465" name="Galaxy" type="25" provider="T-Home" onid="100" tsid="1" namespace="0x0de8a9e3" />
        <service id="0x001e" sid="30" name="Hir TV" type="25" provider="T-Home" onid="100" tsid="1" namespace="0x0de8a9e3" />
        <service id="0x001c" sid="28" name="Life Network" type="25" provider="T-Home" onid="100" tsid="1" namespace="0x0de8a9e3" />
        <service id="0x01c5" sid="453" name="M3" type="25" provider="T-Home" onid="100" tsid="1" namespace="0x0de8a9e3" />
        <service id="0x0004" sid="4" name="Magyar TV 2" type="25" provider="T-Home" onid="100" tsid="1" namespace="0x0de8a9e3" />
        <service id="0x046b" sid="1131" name="Muzsika TV" type="25" provider="T-Home" onid="100" tsid="1" namespace="0x0de8a9e3" />
        <service id="0x001d" sid="29" name="Ozone Network" type="25" provider="T-Home" onid="100" tsid="1" namespace="0x0de8a9e3" />
        <service id="0x0009" sid="9" name="Private TV|  Nights" type="25" provider="T-Home" onid="100" tsid="1" namespace="0x0de8a9e3" />
        <service id="0x000e" sid="14" name="RTL+" type="25" provider="T-Home" onid="100" tsid="1" namespace="0x0de8a9e3" />
        <service id="0x000f" sid="15" name="Sorozat +" type="25" provider="T-Home" onid="100" tsid="1" namespace="0x0de8a9e3" />
        <service id="0x0005" sid="5" name="Spektrum Home" type="25" provider="T-Home" onid="100" tsid="1" namespace="0x0de8a9e3" />
        <service id="0x01c9" sid="457" name="Spíller TV" type="25" provider="T-Home" onid="100" tsid="1" namespace="0x0de8a9e3" />
        <service id="0x045a" sid="1114" name="Story 5" type="25" provider="T-Home" onid="100" tsid="1" namespace="0x0de8a9e3" />
        <service id="0x000d" sid="13" name="Teszt" type="25" provider="T-Home" onid="100" tsid="1" namespace="0x0de8a9e3" />
        <service id="0x0006" sid="6" name="TV Paprika" type="25" provider="T-Home" onid="100" tsid="1" namespace="0x0de8a9e3" />
      </transponder>
    </satellite>
  </satellites>
</zapit>
