<?xml version='1.0' encoding='utf-8'?>
<zapit>
  <bouquet name="General" category="tv">
    <channel service_ref="1:0:1:0002:001a:0014:02ad0000:0:0:0:" name="12522H SID 0x02" service_name="12522H SID 0x02" provider="DVB-S2 QPSK 12522H 68.5Â°E" sid="2" onid="20" tsid="26" />
    <channel service_ref="1:0:1:0004:001a:0014:02ad0000:0:0:0:" name="12522H SID 0x04" service_name="12522H SID 0x04" provider="DVB-S2 QPSK 12522H 68.5Â°E" sid="4" onid="20" tsid="26" />
    <channel service_ref="1:0:1:0005:001a:0014:02ad0000:0:0:0:" name="12522H SID 0x05" service_name="12522H SID 0x05" provider="DVB-S2 QPSK 12522H 68.5Â°E" sid="5" onid="20" tsid="26" />
    <channel service_ref="1:0:1:0006:001a:0014:02ad0000:0:0:0:" name="12522H SID 0x06" service_name="12522H SID 0x06" provider="DVB-S2 QPSK 12522H 68.5Â°E" sid="6" onid="20" tsid="26" />
    <channel service_ref="1:0:1:0007:001a:0014:02ad0000:0:0:0:" name="12522H SID 0x07" service_name="12522H SID 0x07" provider="DVB-S2 QPSK 12522H 68.5Â°E" sid="7" onid="20" tsid="26" />
    <channel service_ref="1:0:1:c57b:0006:0049:02ad0000:0:0:0:" name="a'SPARETV" service_name="a'SPARETV" provider="PTM" sid="50555" onid="73" tsid="6" />
    <channel service_ref="1:0:1:004b:0005:0049:02ad0000:0:0:0:" name="ABN TV" service_name="ABN TV" provider="SENTECH" sid="75" onid="73" tsid="5" />
    <channel service_ref="1:0:1:0013:0001:0001:02adb159:0:0:0:" name="Access TV" service_name="Access TV" provider="DBS" sid="19" onid="1" tsid="1" />
    <channel service_ref="1:0:1:001e:0001:0001:02ad3112:0:0:0:" name="ACNN TV" service_name="ACNN TV" provider="ViewMedia" sid="30" onid="1" tsid="1" />
    <channel service_ref="1:0:1:032a:03e8:0049:02ad0000:0:0:0:" name="AfricaXP Promo" service_name="AfricaXP Promo" provider="" sid="810" onid="73" tsid="1000" />
    <channel service_ref="1:0:1:032c:03e8:0049:02ad0000:0:0:0:" name="Afriwood Blockbuster" service_name="Afriwood Blockbuster" provider="" sid="812" onid="73" tsid="1000" />
    <channel service_ref="1:0:1:032b:03e8:0049:02ad0000:0:0:0:" name="Afriwood Series" service_name="Afriwood Series" provider="" sid="811" onid="73" tsid="1000" />
    <channel service_ref="1:0:1:008a:0002:0049:02ad0000:0:0:0:" name="AGAPE" service_name="AGAPE" provider="SENTECH" sid="138" onid="73" tsid="2" />
    <channel service_ref="1:0:1:c583:0006:0049:02ad0000:0:0:0:" name="AMAZING DISCOVERY TV" service_name="AMAZING DISCOVERY TV" provider="MX1" sid="50563" onid="73" tsid="6" />
    <channel service_ref="1:0:1:c577:0006:0049:02ad0000:0:0:0:" name="AMI TV" service_name="AMI TV" provider="DTK-SATELIO" sid="50551" onid="73" tsid="6" />
    <channel service_ref="1:0:1:c670:0006:0049:02ad0000:0:0:0:" name="ANGEL TV" service_name="ANGEL TV" provider="STN PLC" sid="50800" onid="73" tsid="6" />
    <channel service_ref="1:0:1:00d8:0005:0049:02ad0000:0:0:0:" name="ATV" service_name="ATV" provider="SENTECH" sid="216" onid="73" tsid="5" />
    <channel service_ref="1:0:1:000b:0004:0001:02ad0000:0:0:0:" name="AVO TV" service_name="AVO TV" provider="ViewMedia" sid="11" onid="1" tsid="4" />
    <channel service_ref="1:0:1:001a:0001:0001:02ad3112:0:0:0:" name="BCS StarCross TV" service_name="BCS StarCross TV" provider="ViewMedia" sid="26" onid="1" tsid="1" />
    <channel service_ref="1:0:1:033a:03e8:0049:02ad0000:0:0:0:" name="Bongo" service_name="Bongo" provider="" sid="826" onid="73" tsid="1000" />
    <channel service_ref="1:0:1:000e:0001:0001:02adb159:0:0:0:" name="BTV Digital" service_name="BTV Digital" provider="DBS" sid="14" onid="1" tsid="1" />
    <channel service_ref="1:0:1:0001:0001:ffff:02adb170:0:0:0:" name="BTV ENC B" service_name="BTV ENC B" provider="TELEMEDIA" sid="1" onid="65535" tsid="1" />
    <channel service_ref="1:0:1:001a:0001:0001:02adb159:0:0:0:" name="BTV Mobile" service_name="BTV Mobile" provider="DBS" sid="26" onid="1" tsid="1" />
    <channel service_ref="1:0:1:0012:0001:0001:02adb159:0:0:0:" name="BTV Test Channel" service_name="BTV Test Channel" provider="DBS" sid="18" onid="1" tsid="1" />
    <channel service_ref="1:0:1:000c:0001:0001:02ad3112:0:0:0:" name="Caught Up TV Plus" service_name="Caught Up TV Plus" provider="ViewMedia" sid="12" onid="1" tsid="1" />
    <channel service_ref="1:0:1:00cb:0005:0049:02ad0000:0:0:0:" name="Celebration TV" service_name="Celebration TV" provider="SENTECH" sid="203" onid="73" tsid="5" />
    <channel service_ref="1:0:1:00d7:0005:0049:02ad0000:0:0:0:" name="CELEBRATION TV Plus" service_name="CELEBRATION TV Plus" provider="SENTECH" sid="215" onid="73" tsid="5" />
    <channel service_ref="1:0:1:00cf:0002:0049:02ad0000:0:0:0:" name="Champions TV Plus" service_name="Champions TV Plus" provider="SENTECH" sid="207" onid="73" tsid="2" />
    <channel service_ref="1:0:1:00da:0005:0049:02ad0000:0:0:0:" name="Charis TV" service_name="Charis TV" provider="SENTECH" sid="218" onid="73" tsid="5" />
    <channel service_ref="1:0:1:000a:0001:0001:02ad3112:0:0:0:" name="Chosen TV" service_name="Chosen TV" provider="ViewMedia" sid="10" onid="1" tsid="1" />
    <channel service_ref="1:0:1:c587:0006:0049:02ad0000:0:0:0:" name="CHRIST-TV" service_name="CHRIST-TV" provider="PTM" sid="50567" onid="73" tsid="6" />
    <channel service_ref="1:0:1:003b:0002:0049:02ad0000:0:0:0:" name="Christian Family TV" service_name="Christian Family TV" provider="SENTECH" sid="59" onid="73" tsid="2" />
    <channel service_ref="1:0:1:033b:03e8:0049:02ad0000:0:0:0:" name="Cinema Hausa" service_name="Cinema Hausa" provider="" sid="827" onid="73" tsid="1000" />
    <channel service_ref="1:0:1:00e0:0002:0049:02ad0000:0:0:0:" name="CLC TV" service_name="CLC TV" provider="SENTECH" sid="224" onid="73" tsid="2" />
    <channel service_ref="1:0:1:00fa:0005:0049:02ad0000:0:0:0:" name="COMMEC Channel" service_name="COMMEC Channel" provider="SENTECH" sid="250" onid="73" tsid="5" />
    <channel service_ref="1:0:1:00f0:0002:0049:02ad0000:0:0:0:" name="Commec Satellite" service_name="Commec Satellite" provider="Sentech" sid="240" onid="73" tsid="2" />
    <channel service_ref="1:0:1:0006:0001:0001:02ad3112:0:0:0:" name="COZA TV" service_name="COZA TV" provider="ViewMedia" sid="6" onid="1" tsid="1" />
    <channel service_ref="1:0:1:001e:0004:0001:02ad0000:0:0:0:" name="CVV" service_name="CVV" provider="ViewMedia" sid="30" onid="1" tsid="4" />
    <channel service_ref="1:0:1:c57f:0006:0049:02ad0000:0:0:0:" name="DAYSTAR TV" service_name="DAYSTAR TV" provider="MX1" sid="50559" onid="73" tsid="6" />
    <channel service_ref="1:0:1:001d:0001:0001:02ad3112:0:0:0:" name="DBN TV" service_name="DBN TV" provider="Harmonic" sid="29" onid="1" tsid="1" />
    <channel service_ref="1:0:1:0010:0001:0001:02ad3112:0:0:0:" name="Deep Life TV" service_name="Deep Life TV" provider="ViewMedia" sid="16" onid="1" tsid="1" />
    <channel service_ref="1:0:1:0099:03e8:0049:02ad0000:0:0:0:" name="Diva" service_name="Diva" provider="" sid="153" onid="73" tsid="1000" />
    <channel service_ref="1:0:1:0013:0001:0001:02ad3112:0:0:0:" name="DIVINE HAND TV" service_name="DIVINE HAND TV" provider="ViewMedia" sid="19" onid="1" tsid="1" />
    <channel service_ref="1:0:1:00e2:0002:0049:02ad0000:0:0:0:" name="Divine Touch TV" service_name="Divine Touch TV" provider="Sentech" sid="226" onid="73" tsid="2" />
    <channel service_ref="1:0:1:000b:0001:0001:02ad3112:0:0:0:" name="DOVE TV" service_name="DOVE TV" provider="ViewMedia" sid="11" onid="1" tsid="1" />
    <channel service_ref="1:0:1:00d4:0005:0049:02ad0000:0:0:0:" name="DUNAMIS TV" service_name="DUNAMIS TV" provider="SENTECH" sid="212" onid="73" tsid="5" />
    <channel service_ref="1:0:1:00db:0005:0049:02ad0000:0:0:0:" name="EAGLES TV" service_name="EAGLES TV" provider="SENTECH" sid="219" onid="73" tsid="5" />
    <channel service_ref="1:0:1:00fe:0005:0049:02ad0000:0:0:0:" name="Ebira Unity TV" service_name="Ebira Unity TV" provider="Sentech" sid="254" onid="73" tsid="5" />
    <channel service_ref="1:0:1:c585:0006:0049:02ad0000:0:0:0:" name="EMMANUEL TV" service_name="EMMANUEL TV" provider="DTK-SATELIO" sid="50565" onid="73" tsid="6" />
    <channel service_ref="1:0:1:0042:0005:0049:02ad0000:0:0:0:" name="Encounter TV" service_name="Encounter TV" provider="Sentech" sid="66" onid="73" tsid="5" />
    <channel service_ref="1:0:1:00fd:0005:0049:02ad0000:0:0:0:" name="Eternal Life TV" service_name="Eternal Life TV" provider="Sentech" sid="253" onid="73" tsid="5" />
    <channel service_ref="1:0:1:00cd:0005:0049:02ad0000:0:0:0:" name="Evangel TV" service_name="Evangel TV" provider="SENTECH" sid="205" onid="73" tsid="5" />
    <channel service_ref="1:0:1:c582:0006:0049:02ad0000:0:0:0:" name="EZEKIEL TV" service_name="EZEKIEL TV" provider="DTK-SATELIO" sid="50562" onid="73" tsid="6" />
    <channel service_ref="1:0:1:0039:0002:0049:02ad0000:0:0:0:" name="Fano TV" service_name="Fano TV" provider="Sentech" sid="57" onid="73" tsid="2" />
    <channel service_ref="1:0:1:0032:0005:0049:02ad0000:0:0:0:" name="Favour TV" service_name="Favour TV" provider="Sentech" sid="50" onid="73" tsid="5" />
    <channel service_ref="1:0:1:0098:03e8:0049:02ad0000:0:0:0:" name="Fight Night" service_name="Fight Night" provider="" sid="152" onid="73" tsid="1000" />
    <channel service_ref="1:0:1:0011:0001:0001:02adb159:0:0:0:" name="France24" service_name="France24" provider="DBS" sid="17" onid="1" tsid="1" />
    <channel service_ref="1:0:1:006a:0002:0049:02ad0000:0:0:0:" name="Free Indeed TV" service_name="Free Indeed TV" provider="Sentech" sid="106" onid="73" tsid="2" />
    <channel service_ref="1:0:1:014c:03e8:0049:02ad0000:0:0:0:" name="FreshTV" service_name="FreshTV" provider="" sid="332" onid="73" tsid="1000" />
    <channel service_ref="1:0:1:00d5:0005:0049:02ad0000:0:0:0:" name="Full Life TV" service_name="Full Life TV" provider="SENTECH" sid="213" onid="73" tsid="5" />
    <channel service_ref="1:0:1:07d1:001a:0014:02ad0000:0:0:0:" name="FUS HENC004R" service_name="FUS HENC004R" provider="Intelsat" sid="2001" onid="20" tsid="26" />
    <channel service_ref="1:0:1:0bb9:001a:0014:02ad0000:0:0:0:" name="FUS HENC004R" service_name="FUS HENC004R" provider="Intelsat" sid="3001" onid="20" tsid="26" />
    <channel service_ref="1:0:1:0fa1:001a:0014:02ad0000:0:0:0:" name="FUS HENC004R" service_name="FUS HENC004R" provider="Intelsat" sid="4001" onid="20" tsid="26" />
    <channel service_ref="1:0:1:0041:0005:0049:02ad0000:0:0:0:" name="Gehom TV" service_name="Gehom TV" provider="Sentech" sid="65" onid="73" tsid="5" />
    <channel service_ref="1:0:1:007b:0002:0049:02ad0000:0:0:0:" name="GM TV" service_name="GM TV" provider="Sentech" sid="123" onid="73" tsid="2" />
    <channel service_ref="1:0:1:00dd:0005:0049:02ad0000:0:0:0:" name="GNF TV" service_name="GNF TV" provider="Sentech" sid="221" onid="73" tsid="5" />
    <channel service_ref="1:0:1:000c:0004:0001:02ad0000:0:0:0:" name="GOD TV New" service_name="GOD TV New" provider="ViewMedia" sid="12" onid="1" tsid="4" />
    <channel service_ref="1:0:1:0007:0001:0001:02ad3112:0:0:0:" name="Good Morning Miracle TV" service_name="Good Morning Miracle TV" provider="ViewMedia" sid="7" onid="1" tsid="1" />
    <channel service_ref="1:0:1:0097:03e8:0049:02ad0000:0:0:0:" name="Gospel Life" service_name="Gospel Life" provider="" sid="151" onid="73" tsid="1000" />
    <channel service_ref="1:0:1:0012:0001:0001:02ad3112:0:0:0:" name="GRACEHILL TV" service_name="GRACEHILL TV" provider="ViewMedia" sid="18" onid="1" tsid="1" />
    <channel service_ref="1:0:1:00e1:0005:0049:02ad0000:0:0:0:" name="HALLELUJAH TV" service_name="HALLELUJAH TV" provider="Sentech" sid="225" onid="73" tsid="5" />
    <channel service_ref="1:0:1:0003:0005:0001:02ad0000:0:0:0:" name="HC Africa" service_name="HC Africa" provider="MX1" sid="3" onid="1" tsid="5" />
    <channel service_ref="1:0:1:0001:0005:0001:02ad0000:0:0:0:" name="HC International" service_name="HC International" provider="MX1" sid="1" onid="1" tsid="5" />
    <channel service_ref="1:0:1:0004:0005:0001:02ad0000:0:0:0:" name="HC MorningStar" service_name="HC MorningStar" provider="MX1" sid="4" onid="1" tsid="5" />
    <channel service_ref="1:0:1:0002:0005:0001:02ad0000:0:0:0:" name="HC Novo Tempo" service_name="HC Novo Tempo" provider="MX1" sid="2" onid="1" tsid="5" />
    <channel service_ref="1:0:1:0007:0005:0001:02ad0000:0:0:0:" name="HC Tanzania" service_name="HC Tanzania" provider="MX1" sid="7" onid="1" tsid="5" />
    <channel service_ref="1:0:1:0005:0005:0001:02ad0000:0:0:0:" name="HC Voice of Hope" service_name="HC Voice of Hope" provider="MX1" sid="5" onid="1" tsid="5" />
    <channel service_ref="1:0:1:0011:0001:0001:02ad3112:0:0:0:" name="Healing Jesus TV" service_name="Healing Jesus TV" provider="ViewMedia" sid="17" onid="1" tsid="1" />
    <channel service_ref="1:0:1:0003:0001:0001:02ad3112:0:0:0:" name="Homebase TV" service_name="Homebase TV" provider="ViewMedia" sid="3" onid="1" tsid="1" />
    <channel service_ref="1:0:1:0001:0001:0001:02ad3112:0:0:0:" name="Hope Channel Network" service_name="Hope Channel Network" provider="ViewMedia" sid="1" onid="1" tsid="1" />
    <channel service_ref="1:0:1:001a:0004:0001:02ad0000:0:0:0:" name="IFILM English" service_name="IFILM English" provider="ViewMedia" sid="26" onid="1" tsid="4" />
    <channel service_ref="1:0:1:000e:0004:0001:02ad0000:0:0:0:" name="Inspiration TV" service_name="Inspiration TV" provider="ViewMedia" sid="14" onid="1" tsid="4" />
    <channel service_ref="1:0:1:001c:0001:0001:02ad3112:0:0:0:" name="Kairos TV" service_name="Kairos TV" provider="ViewMedia" sid="28" onid="1" tsid="1" />
    <channel service_ref="1:0:1:0010:0001:0001:02adb159:0:0:0:" name="KhudugaHD" service_name="KhudugaHD" provider="DBS" sid="16" onid="1" tsid="1" />
    <channel service_ref="1:0:1:0005:0004:0001:02ad0000:0:0:0:" name="KICC TV" service_name="KICC TV" provider="ViewMedia" sid="5" onid="1" tsid="4" />
    <channel service_ref="1:0:1:032e:03e8:0049:02ad0000:0:0:0:" name="Kiddiwinks" service_name="Kiddiwinks" provider="" sid="814" onid="73" tsid="1000" />
    <channel service_ref="1:0:1:007d:0002:0049:02ad0000:0:0:0:" name="KLN" service_name="KLN" provider="SENTECH" sid="125" onid="73" tsid="2" />
    <channel service_ref="1:0:1:0001:001a:0014:02ad0000:0:0:0:" name="LIBERATION TV" service_name="LIBERATION TV" provider="_" sid="1" onid="20" tsid="26" />
    <channel service_ref="1:0:1:0002:0001:0001:02ad3112:0:0:0:" name="Life Center Network" service_name="Life Center Network" provider="ViewMedia" sid="2" onid="1" tsid="1" />
    <channel service_ref="1:0:1:014a:03e8:0049:02ad0000:0:0:0:" name="LifeTV" service_name="LifeTV" provider="" sid="330" onid="73" tsid="1000" />
    <channel service_ref="1:0:1:032f:03e8:0049:02ad0000:0:0:0:" name="Limelight" service_name="Limelight" provider="" sid="815" onid="73" tsid="1000" />
    <channel service_ref="1:0:1:014f:03e8:0049:02ad0000:0:0:0:" name="LOL" service_name="LOL" provider="" sid="335" onid="73" tsid="1000" />
    <channel service_ref="1:0:1:0004:0001:0001:02ad3112:0:0:0:" name="LoveWorld SAT" service_name="LoveWorld SAT" provider="ViewMedia" sid="4" onid="1" tsid="1" />
    <channel service_ref="1:0:1:0034:0002:0049:02ad0000:0:0:0:" name="Marima Fire TV" service_name="Marima Fire TV" provider="Sentech" sid="52" onid="73" tsid="2" />
    <channel service_ref="1:0:1:0036:0005:0049:02ad0000:0:0:0:" name="Master's TV" service_name="Master's TV" provider="SENTECH" sid="54" onid="73" tsid="5" />
    <channel service_ref="1:0:1:000d:0001:0001:02ad3112:0:0:0:" name="MCTV Global 02" service_name="MCTV Global 02" provider="ViewMedia" sid="13" onid="1" tsid="1" />
    <channel service_ref="1:0:1:006d:0002:0049:02ad0000:0:0:0:" name="Mercy TV Plus" service_name="Mercy TV Plus" provider="SENTECH" sid="109" onid="73" tsid="2" />
    <channel service_ref="1:0:1:000a:0004:0001:02ad0000:0:0:0:" name="MFM TV" service_name="MFM TV" provider="ViewMedia" sid="10" onid="1" tsid="4" />
    <channel service_ref="1:0:1:015c:03e8:0049:02ad0000:0:0:0:" name="Mindset" service_name="Mindset" provider="" sid="348" onid="73" tsid="1000" />
    <channel service_ref="1:0:1:0001:0004:0001:02ad0000:0:0:0:" name="Miracle TV" service_name="Miracle TV" provider="ViewMedia" sid="1" onid="1" tsid="4" />
    <channel service_ref="1:0:1:0033:0005:0049:02ad0000:0:0:0:" name="My Passion TV" service_name="My Passion TV" provider="Sentech" sid="51" onid="73" tsid="5" />
    <channel service_ref="1:0:1:c671:0006:0049:02ad0000:0:0:0:" name="NACTV" service_name="NACTV" provider="PTM" sid="50801" onid="73" tsid="6" />
    <channel service_ref="1:0:1:0043:0005:0049:02ad0000:0:0:0:" name="New Breath" service_name="New Breath" provider="Sentech" sid="67" onid="73" tsid="5" />
    <channel service_ref="1:0:1:00de:0005:0049:02ad0000:0:0:0:" name="NEW JERUSALEM" service_name="NEW JERUSALEM" provider="Sentech" sid="222" onid="73" tsid="5" />
    <channel service_ref="1:0:1:000f:0001:0001:02adb159:0:0:0:" name="NOW!" service_name="NOW!" provider="DBS" sid="15" onid="1" tsid="1" />
    <channel service_ref="1:0:1:00cc:0005:0049:02ad0000:0:0:0:" name="Number 1 TV" service_name="Number 1 TV" provider="Sentech" sid="204" onid="73" tsid="5" />
    <channel service_ref="1:0:1:000f:0004:0001:02ad0000:0:0:0:" name="OMEGA" service_name="OMEGA" provider="ViewMedia" sid="15" onid="1" tsid="4" />
    <channel service_ref="1:0:1:00d6:0005:0049:02ad0000:0:0:0:" name="Oracle TV" service_name="Oracle TV" provider="SENTECH" sid="214" onid="73" tsid="5" />
    <channel service_ref="1:0:1:0040:0005:0049:02ad0000:0:0:0:" name="Possibility TV" service_name="Possibility TV" provider="Sentech" sid="64" onid="73" tsid="5" />
    <channel service_ref="1:0:1:0031:0002:0049:02ad0000:0:0:0:" name="Praise TV" service_name="Praise TV" provider="SENTECH" sid="49" onid="73" tsid="2" />
    <channel service_ref="1:0:1:000d:0004:0001:02ad0000:0:0:0:" name="PRESS TV" service_name="PRESS TV" provider="ViewMedia" sid="13" onid="1" tsid="4" />
    <channel service_ref="1:0:1:00dc:0005:0049:02ad0000:0:0:0:" name="Prophet Mafohla TV" service_name="Prophet Mafohla TV" provider="Sentech" sid="220" onid="73" tsid="5" />
    <channel service_ref="1:0:1:00df:0005:0049:02ad0000:0:0:0:" name="Prophet Sbu Mokoena" service_name="Prophet Sbu Mokoena" provider="Sentech" sid="223" onid="73" tsid="5" />
    <channel service_ref="1:0:1:002d:0002:0049:02ad0000:0:0:0:" name="Prophetic" service_name="Prophetic" provider="Sentech" sid="45" onid="73" tsid="2" />
    <channel service_ref="1:0:1:007e:0005:0049:02ad0000:0:0:0:" name="Prophetic 24/7 TV" service_name="Prophetic 24/7 TV" provider="Sentech" sid="126" onid="73" tsid="5" />
    <channel service_ref="1:0:1:0009:0004:0001:02ad0000:0:0:0:" name="Prophetikos TV" service_name="Prophetikos TV" provider="ViewMedia" sid="9" onid="1" tsid="4" />
    <channel service_ref="1:0:1:0096:03e8:0049:02ad0000:0:0:0:" name="Pulse" service_name="Pulse" provider="" sid="150" onid="73" tsid="1000" />
    <channel service_ref="1:0:1:c57a:0006:0049:02ad0000:0:0:0:" name="RABBONI TV" service_name="RABBONI TV" provider="DTK-SATELIO" sid="50554" onid="73" tsid="6" />
    <channel service_ref="1:0:1:000e:0001:0001:02ad3112:0:0:0:" name="Remite TV Plus" service_name="Remite TV Plus" provider="VieweMedia" sid="14" onid="1" tsid="1" />
    <channel service_ref="1:0:1:00e4:0002:0049:02ad0000:0:0:0:" name="RevivalLand TV" service_name="RevivalLand TV" provider="Sentech" sid="228" onid="73" tsid="2" />
    <channel service_ref="1:0:1:0005:0001:0001:02ad3112:0:0:0:" name="RLW TV" service_name="RLW TV" provider="ViewMedia" sid="5" onid="1" tsid="1" />
    <channel service_ref="1:0:1:032d:03e8:0049:02ad0000:0:0:0:" name="Romanza" service_name="Romanza" provider="" sid="813" onid="73" tsid="1000" />
    <channel service_ref="1:0:1:001f:0001:0001:02ad3112:0:0:0:" name="ROV TV" service_name="ROV TV" provider="ViewMedia" sid="31" onid="1" tsid="1" />
    <channel service_ref="1:0:1:014e:03e8:0049:02ad0000:0:0:0:" name="RPM" service_name="RPM" provider="" sid="334" onid="73" tsid="1000" />
    <channel service_ref="1:0:1:0035:0002:0049:02ad0000:0:0:0:" name="RTM TV" service_name="RTM TV" provider="Sentech" sid="53" onid="73" tsid="2" />
    <channel service_ref="1:0:1:0009:0001:0001:02ad3112:0:0:0:" name="Salvation TV" service_name="Salvation TV" provider="ViewMedia" sid="9" onid="1" tsid="1" />
    <channel service_ref="1:0:1:007f:0005:0049:02ad0000:0:0:0:" name="SHALOM TV" service_name="SHALOM TV" provider="Sentech" sid="127" onid="73" tsid="5" />
    <channel service_ref="1:0:1:00fc:0005:0049:02ad0000:0:0:0:" name="Shekinah TV" service_name="Shekinah TV" provider="Sentech" sid="252" onid="73" tsid="5" />
    <channel service_ref="1:0:1:c576:0006:0049:02ad0000:0:0:0:" name="SMTV" service_name="SMTV" provider="iKO Media Group" sid="50550" onid="73" tsid="6" />
    <channel service_ref="1:0:1:0002:0004:0001:02ad0000:0:0:0:" name="Sonlife" service_name="Sonlife" provider="ViewMedia" sid="2" onid="1" tsid="4" />
    <channel service_ref="1:0:1:c578:0006:0049:02ad0000:0:0:0:" name="SPARE" service_name="SPARE" provider="DTK-SATELIO" sid="50552" onid="73" tsid="6" />
    <channel service_ref="1:0:1:c579:0006:0049:02ad0000:0:0:0:" name="SPARE" service_name="SPARE" provider="DTK-SATELIO" sid="50553" onid="73" tsid="6" />
    <channel service_ref="1:0:1:c57d:0006:0049:02ad0000:0:0:0:" name="SPARE" service_name="SPARE" provider="iKO-Media" sid="50557" onid="73" tsid="6" />
    <channel service_ref="1:0:1:c586:0006:0049:02ad0000:0:0:0:" name="SPARE" service_name="SPARE" provider="DTK-SATELIO" sid="50566" onid="73" tsid="6" />
    <channel service_ref="1:0:1:014d:03e8:0049:02ad0000:0:0:0:" name="Sports Connect" service_name="Sports Connect" provider="" sid="333" onid="73" tsid="1000" />
    <channel service_ref="1:0:1:0003:0004:0001:02ad0000:0:0:0:" name="SpringsNetwork" service_name="SpringsNetwork" provider="ViewMedia" sid="3" onid="1" tsid="4" />
    <channel service_ref="1:0:1:001b:0001:0001:02ad3112:0:0:0:" name="SYNAGOGUE TV" service_name="SYNAGOGUE TV" provider="ViewMedia" sid="27" onid="1" tsid="1" />
    <channel service_ref="1:0:1:00f1:0005:0049:02ad0000:0:0:0:" name="Temple TV" service_name="Temple TV" provider="SENTECH" sid="241" onid="73" tsid="5" />
    <channel service_ref="1:0:1:002b:0005:0049:02ad0000:0:0:0:" name="TEST1" service_name="TEST1" provider="SENTECH" sid="43" onid="73" tsid="5" />
    <channel service_ref="1:0:1:006c:0005:0049:02ad0000:0:0:0:" name="TEST2" service_name="TEST2" provider="SENTECH" sid="108" onid="73" tsid="5" />
    <channel service_ref="1:0:1:0037:0005:0049:02ad0000:0:0:0:" name="TEST3" service_name="TEST3" provider="SENTECH" sid="55" onid="73" tsid="5" />
    <channel service_ref="1:0:1:c58c:0006:0049:02ad0000:0:0:0:" name="TEST_DTK" service_name="TEST_DTK" provider="DTK-SATELIO" sid="50572" onid="73" tsid="6" />
    <channel service_ref="1:0:1:0008:0001:0001:02ad3112:0:0:0:" name="The NOW Network (USA)" service_name="The NOW Network (USA)" provider="ViewMedia" sid="8" onid="1" tsid="1" />
    <channel service_ref="1:0:22:0001:0001:0001:02ad3153:0:0:0:" name="TRENET" service_name="TRENET" provider="INTELSAT" sid="1" onid="1" tsid="1" />
    <channel service_ref="1:0:1:014b:03e8:0049:02ad0000:0:0:0:" name="True African" service_name="True African" provider="" sid="331" onid="73" tsid="1000" />
    <channel service_ref="1:0:1:0006:0004:0001:02ad0000:0:0:0:" name="TRUTH TV" service_name="TRUTH TV" provider="ViewMedia" sid="6" onid="1" tsid="4" />
    <channel service_ref="1:0:1:002a:0002:0049:02ad0000:0:0:0:" name="UBN" service_name="UBN" provider="UBN" sid="42" onid="73" tsid="2" />
    <channel service_ref="1:0:1:00e3:0005:0049:02ad0000:0:0:0:" name="Uma Ukpai TV" service_name="Uma Ukpai TV" provider="Sentech" sid="227" onid="73" tsid="5" />
    <channel service_ref="1:0:22:0003:0001:0001:02ad3153:0:0:0:" name="Unnamed" service_name="Unnamed" provider="INTELSAT" sid="3" onid="1" tsid="1" />
    <channel service_ref="1:0:1:0007:0004:0001:02ad0000:0:0:0:" name="ViewMedia Promo" service_name="ViewMedia Promo" provider="ViewMedia" sid="7" onid="1" tsid="4" />
    <channel service_ref="1:0:1:000f:0001:0001:02ad3112:0:0:0:" name="WORLD OF PLENTY TV" service_name="WORLD OF PLENTY TV" provider="ViewMedia" sid="15" onid="1" tsid="1" />
    <channel service_ref="1:0:1:00e7:0005:0049:02ad0000:0:0:0:" name="WRM TV" service_name="WRM TV" provider="SENTECH" sid="231" onid="73" tsid="5" />
    <channel service_ref="1:0:1:0001:0001:0001:02adb0ff:0:0:0:" name="YTV Botswana" service_name="YTV Botswana" provider="www.telemedia.co.za" sid="1" onid="1" tsid="1" />
  </bouquet>
  <bouquet name="Movies" category="tv">
    <channel service_ref="1:0:1:033b:03e8:0049:02ad0000:0:0:0:" name="Cinema Hausa" service_name="Cinema Hausa" provider="" sid="827" onid="73" tsid="1000" />
    <channel service_ref="1:0:1:001a:0004:0001:02ad0000:0:0:0:" name="IFILM English" service_name="IFILM English" provider="ViewMedia" sid="26" onid="1" tsid="4" />
  </bouquet>
  <bouquet name="Series" category="tv">
    <channel service_ref="1:0:1:032b:03e8:0049:02ad0000:0:0:0:" name="Afriwood Series" service_name="Afriwood Series" provider="" sid="811" onid="73" tsid="1000" />
  </bouquet>
  <bouquet name="Sports" category="tv">
    <channel service_ref="1:0:1:014d:03e8:0049:02ad0000:0:0:0:" name="Sports Connect" service_name="Sports Connect" provider="" sid="333" onid="73" tsid="1000" />
  </bouquet>
  <bouquet name="Music" category="tv">
    <channel service_ref="1:0:1:00e4:0002:0049:02ad0000:0:0:0:" name="RevivalLand TV" service_name="RevivalLand TV" provider="Sentech" sid="228" onid="73" tsid="2" />
    <channel service_ref="1:0:1:c576:0006:0049:02ad0000:0:0:0:" name="SMTV" service_name="SMTV" provider="iKO Media Group" sid="50550" onid="73" tsid="6" />
  </bouquet>
  <bouquet name="ARD/ZDF" category="tv">
    <channel service_ref="1:0:1:00cb:0005:0049:02ad0000:0:0:0:" name="Celebration TV" service_name="Celebration TV" provider="SENTECH" sid="203" onid="73" tsid="5" />
    <channel service_ref="1:0:1:00d7:0005:0049:02ad0000:0:0:0:" name="CELEBRATION TV Plus" service_name="CELEBRATION TV Plus" provider="SENTECH" sid="215" onid="73" tsid="5" />
    <channel service_ref="1:0:1:c587:0006:0049:02ad0000:0:0:0:" name="CHRIST-TV" service_name="CHRIST-TV" provider="PTM" sid="50567" onid="73" tsid="6" />
    <channel service_ref="1:0:1:003b:0002:0049:02ad0000:0:0:0:" name="Christian Family TV" service_name="Christian Family TV" provider="SENTECH" sid="59" onid="73" tsid="2" />
    <channel service_ref="1:0:1:0043:0005:0049:02ad0000:0:0:0:" name="New Breath" service_name="New Breath" provider="Sentech" sid="67" onid="73" tsid="5" />
  </bouquet>
  <bouquet name="RAI" category="tv">
    <channel service_ref="1:0:1:0031:0002:0049:02ad0000:0:0:0:" name="Praise TV" service_name="Praise TV" provider="SENTECH" sid="49" onid="73" tsid="2" />
  </bouquet>
  <bouquet name="TF1" category="tv">
    <channel service_ref="1:0:1:0011:0001:0001:02adb159:0:0:0:" name="France24" service_name="France24" provider="DBS" sid="17" onid="1" tsid="1" />
  </bouquet>
  <bouquet name="Austria" category="tv">
    <channel service_ref="1:0:1:00d8:0005:0049:02ad0000:0:0:0:" name="ATV" service_name="ATV" provider="SENTECH" sid="216" onid="73" tsid="5" />
  </bouquet>
  <bouquet name="Switzerland" category="tv">
    <channel service_ref="1:0:1:0002:001a:0014:02ad0000:0:0:0:" name="12522H SID 0x02" service_name="12522H SID 0x02" provider="DVB-S2 QPSK 12522H 68.5Â°E" sid="2" onid="20" tsid="26" />
    <channel service_ref="1:0:1:0004:001a:0014:02ad0000:0:0:0:" name="12522H SID 0x04" service_name="12522H SID 0x04" provider="DVB-S2 QPSK 12522H 68.5Â°E" sid="4" onid="20" tsid="26" />
    <channel service_ref="1:0:1:0005:001a:0014:02ad0000:0:0:0:" name="12522H SID 0x05" service_name="12522H SID 0x05" provider="DVB-S2 QPSK 12522H 68.5Â°E" sid="5" onid="20" tsid="26" />
    <channel service_ref="1:0:1:0006:001a:0014:02ad0000:0:0:0:" name="12522H SID 0x06" service_name="12522H SID 0x06" provider="DVB-S2 QPSK 12522H 68.5Â°E" sid="6" onid="20" tsid="26" />
    <channel service_ref="1:0:1:0007:001a:0014:02ad0000:0:0:0:" name="12522H SID 0x07" service_name="12522H SID 0x07" provider="DVB-S2 QPSK 12522H 68.5Â°E" sid="7" onid="20" tsid="26" />
    <channel service_ref="1:0:1:0001:0001:ffff:02adb170:0:0:0:" name="BTV ENC B" service_name="BTV ENC B" provider="TELEMEDIA" sid="1" onid="65535" tsid="1" />
    <channel service_ref="1:0:1:0037:0005:0049:02ad0000:0:0:0:" name="TEST3" service_name="TEST3" provider="SENTECH" sid="55" onid="73" tsid="5" />
    <channel service_ref="1:0:1:0001:0001:0001:02adb0ff:0:0:0:" name="YTV Botswana" service_name="YTV Botswana" provider="www.telemedia.co.za" sid="1" onid="1" tsid="1" />
  </bouquet>
  <bouquet name="Resolution - HD" category="tv">
    <channel service_ref="1:0:1:0010:0001:0001:02adb159:0:0:0:" name="KhudugaHD" service_name="KhudugaHD" provider="DBS" sid="16" onid="1" tsid="1" />
  </bouquet>
  <bouquet name="Religion" category="tv">
    <channel service_ref="1:0:1:00cd:0005:0049:02ad0000:0:0:0:" name="Evangel TV" service_name="Evangel TV" provider="SENTECH" sid="205" onid="73" tsid="5" />
    <channel service_ref="1:0:1:0005:0005:0001:02ad0000:0:0:0:" name="HC Voice of Hope" service_name="HC Voice of Hope" provider="MX1" sid="5" onid="1" tsid="5" />
    <channel service_ref="1:0:1:0001:0001:0001:02ad3112:0:0:0:" name="Hope Channel Network" service_name="Hope Channel Network" provider="ViewMedia" sid="1" onid="1" tsid="1" />
    <channel service_ref="1:0:1:000d:0001:0001:02ad3112:0:0:0:" name="MCTV Global 02" service_name="MCTV Global 02" provider="ViewMedia" sid="13" onid="1" tsid="1" />
    <channel service_ref="1:0:1:c671:0006:0049:02ad0000:0:0:0:" name="NACTV" service_name="NACTV" provider="PTM" sid="50801" onid="73" tsid="6" />
    <channel service_ref="1:0:1:007f:0005:0049:02ad0000:0:0:0:" name="SHALOM TV" service_name="SHALOM TV" provider="Sentech" sid="127" onid="73" tsid="5" />
  </bouquet>
  <bouquet name="International" category="tv">
    <channel service_ref="1:0:1:000e:0001:0001:02adb159:0:0:0:" name="BTV Digital" service_name="BTV Digital" provider="DBS" sid="14" onid="1" tsid="1" />
    <channel service_ref="1:0:1:0004:0001:0001:02ad3112:0:0:0:" name="LoveWorld SAT" service_name="LoveWorld SAT" provider="ViewMedia" sid="4" onid="1" tsid="1" />
    <channel service_ref="1:0:1:000f:0001:0001:02ad3112:0:0:0:" name="WORLD OF PLENTY TV" service_name="WORLD OF PLENTY TV" provider="ViewMedia" sid="15" onid="1" tsid="1" />
  </bouquet>
  <bouquet name="Others" category="tv">
    <channel service_ref="1:0:1:c57b:0006:0049:02ad0000:0:0:0:" name="a'SPARETV" service_name="a'SPARETV" provider="PTM" sid="50555" onid="73" tsid="6" />
    <channel service_ref="1:0:1:004b:0005:0049:02ad0000:0:0:0:" name="ABN TV" service_name="ABN TV" provider="SENTECH" sid="75" onid="73" tsid="5" />
    <channel service_ref="1:0:1:0013:0001:0001:02adb159:0:0:0:" name="Access TV" service_name="Access TV" provider="DBS" sid="19" onid="1" tsid="1" />
    <channel service_ref="1:0:1:001e:0001:0001:02ad3112:0:0:0:" name="ACNN TV" service_name="ACNN TV" provider="ViewMedia" sid="30" onid="1" tsid="1" />
    <channel service_ref="1:0:1:032a:03e8:0049:02ad0000:0:0:0:" name="AfricaXP Promo" service_name="AfricaXP Promo" provider="" sid="810" onid="73" tsid="1000" />
    <channel service_ref="1:0:1:032c:03e8:0049:02ad0000:0:0:0:" name="Afriwood Blockbuster" service_name="Afriwood Blockbuster" provider="" sid="812" onid="73" tsid="1000" />
    <channel service_ref="1:0:1:008a:0002:0049:02ad0000:0:0:0:" name="AGAPE" service_name="AGAPE" provider="SENTECH" sid="138" onid="73" tsid="2" />
    <channel service_ref="1:0:1:c583:0006:0049:02ad0000:0:0:0:" name="AMAZING DISCOVERY TV" service_name="AMAZING DISCOVERY TV" provider="MX1" sid="50563" onid="73" tsid="6" />
    <channel service_ref="1:0:1:c577:0006:0049:02ad0000:0:0:0:" name="AMI TV" service_name="AMI TV" provider="DTK-SATELIO" sid="50551" onid="73" tsid="6" />
    <channel service_ref="1:0:1:c670:0006:0049:02ad0000:0:0:0:" name="ANGEL TV" service_name="ANGEL TV" provider="STN PLC" sid="50800" onid="73" tsid="6" />
    <channel service_ref="1:0:1:000b:0004:0001:02ad0000:0:0:0:" name="AVO TV" service_name="AVO TV" provider="ViewMedia" sid="11" onid="1" tsid="4" />
    <channel service_ref="1:0:1:001a:0001:0001:02ad3112:0:0:0:" name="BCS StarCross TV" service_name="BCS StarCross TV" provider="ViewMedia" sid="26" onid="1" tsid="1" />
    <channel service_ref="1:0:1:033a:03e8:0049:02ad0000:0:0:0:" name="Bongo" service_name="Bongo" provider="" sid="826" onid="73" tsid="1000" />
    <channel service_ref="1:0:1:001a:0001:0001:02adb159:0:0:0:" name="BTV Mobile" service_name="BTV Mobile" provider="DBS" sid="26" onid="1" tsid="1" />
    <channel service_ref="1:0:1:0012:0001:0001:02adb159:0:0:0:" name="BTV Test Channel" service_name="BTV Test Channel" provider="DBS" sid="18" onid="1" tsid="1" />
    <channel service_ref="1:0:1:000c:0001:0001:02ad3112:0:0:0:" name="Caught Up TV Plus" service_name="Caught Up TV Plus" provider="ViewMedia" sid="12" onid="1" tsid="1" />
    <channel service_ref="1:0:1:00cf:0002:0049:02ad0000:0:0:0:" name="Champions TV Plus" service_name="Champions TV Plus" provider="SENTECH" sid="207" onid="73" tsid="2" />
    <channel service_ref="1:0:1:00da:0005:0049:02ad0000:0:0:0:" name="Charis TV" service_name="Charis TV" provider="SENTECH" sid="218" onid="73" tsid="5" />
    <channel service_ref="1:0:1:000a:0001:0001:02ad3112:0:0:0:" name="Chosen TV" service_name="Chosen TV" provider="ViewMedia" sid="10" onid="1" tsid="1" />
    <channel service_ref="1:0:1:00e0:0002:0049:02ad0000:0:0:0:" name="CLC TV" service_name="CLC TV" provider="SENTECH" sid="224" onid="73" tsid="2" />
    <channel service_ref="1:0:1:00fa:0005:0049:02ad0000:0:0:0:" name="COMMEC Channel" service_name="COMMEC Channel" provider="SENTECH" sid="250" onid="73" tsid="5" />
    <channel service_ref="1:0:1:00f0:0002:0049:02ad0000:0:0:0:" name="Commec Satellite" service_name="Commec Satellite" provider="Sentech" sid="240" onid="73" tsid="2" />
    <channel service_ref="1:0:1:0006:0001:0001:02ad3112:0:0:0:" name="COZA TV" service_name="COZA TV" provider="ViewMedia" sid="6" onid="1" tsid="1" />
    <channel service_ref="1:0:1:001e:0004:0001:02ad0000:0:0:0:" name="CVV" service_name="CVV" provider="ViewMedia" sid="30" onid="1" tsid="4" />
    <channel service_ref="1:0:1:c57f:0006:0049:02ad0000:0:0:0:" name="DAYSTAR TV" service_name="DAYSTAR TV" provider="MX1" sid="50559" onid="73" tsid="6" />
    <channel service_ref="1:0:1:001d:0001:0001:02ad3112:0:0:0:" name="DBN TV" service_name="DBN TV" provider="Harmonic" sid="29" onid="1" tsid="1" />
    <channel service_ref="1:0:1:0010:0001:0001:02ad3112:0:0:0:" name="Deep Life TV" service_name="Deep Life TV" provider="ViewMedia" sid="16" onid="1" tsid="1" />
    <channel service_ref="1:0:1:0099:03e8:0049:02ad0000:0:0:0:" name="Diva" service_name="Diva" provider="" sid="153" onid="73" tsid="1000" />
    <channel service_ref="1:0:1:0013:0001:0001:02ad3112:0:0:0:" name="DIVINE HAND TV" service_name="DIVINE HAND TV" provider="ViewMedia" sid="19" onid="1" tsid="1" />
    <channel service_ref="1:0:1:00e2:0002:0049:02ad0000:0:0:0:" name="Divine Touch TV" service_name="Divine Touch TV" provider="Sentech" sid="226" onid="73" tsid="2" />
    <channel service_ref="1:0:1:000b:0001:0001:02ad3112:0:0:0:" name="DOVE TV" service_name="DOVE TV" provider="ViewMedia" sid="11" onid="1" tsid="1" />
    <channel service_ref="1:0:1:00d4:0005:0049:02ad0000:0:0:0:" name="DUNAMIS TV" service_name="DUNAMIS TV" provider="SENTECH" sid="212" onid="73" tsid="5" />
    <channel service_ref="1:0:1:00db:0005:0049:02ad0000:0:0:0:" name="EAGLES TV" service_name="EAGLES TV" provider="SENTECH" sid="219" onid="73" tsid="5" />
    <channel service_ref="1:0:1:00fe:0005:0049:02ad0000:0:0:0:" name="Ebira Unity TV" service_name="Ebira Unity TV" provider="Sentech" sid="254" onid="73" tsid="5" />
    <channel service_ref="1:0:1:c585:0006:0049:02ad0000:0:0:0:" name="EMMANUEL TV" service_name="EMMANUEL TV" provider="DTK-SATELIO" sid="50565" onid="73" tsid="6" />
    <channel service_ref="1:0:1:0042:0005:0049:02ad0000:0:0:0:" name="Encounter TV" service_name="Encounter TV" provider="Sentech" sid="66" onid="73" tsid="5" />
    <channel service_ref="1:0:1:00fd:0005:0049:02ad0000:0:0:0:" name="Eternal Life TV" service_name="Eternal Life TV" provider="Sentech" sid="253" onid="73" tsid="5" />
    <channel service_ref="1:0:1:c582:0006:0049:02ad0000:0:0:0:" name="EZEKIEL TV" service_name="EZEKIEL TV" provider="DTK-SATELIO" sid="50562" onid="73" tsid="6" />
    <channel service_ref="1:0:1:0039:0002:0049:02ad0000:0:0:0:" name="Fano TV" service_name="Fano TV" provider="Sentech" sid="57" onid="73" tsid="2" />
    <channel service_ref="1:0:1:0032:0005:0049:02ad0000:0:0:0:" name="Favour TV" service_name="Favour TV" provider="Sentech" sid="50" onid="73" tsid="5" />
    <channel service_ref="1:0:1:0098:03e8:0049:02ad0000:0:0:0:" name="Fight Night" service_name="Fight Night" provider="" sid="152" onid="73" tsid="1000" />
    <channel service_ref="1:0:1:006a:0002:0049:02ad0000:0:0:0:" name="Free Indeed TV" service_name="Free Indeed TV" provider="Sentech" sid="106" onid="73" tsid="2" />
    <channel service_ref="1:0:1:014c:03e8:0049:02ad0000:0:0:0:" name="FreshTV" service_name="FreshTV" provider="" sid="332" onid="73" tsid="1000" />
    <channel service_ref="1:0:1:00d5:0005:0049:02ad0000:0:0:0:" name="Full Life TV" service_name="Full Life TV" provider="SENTECH" sid="213" onid="73" tsid="5" />
    <channel service_ref="1:0:1:07d1:001a:0014:02ad0000:0:0:0:" name="FUS HENC004R" service_name="FUS HENC004R" provider="Intelsat" sid="2001" onid="20" tsid="26" />
    <channel service_ref="1:0:1:0bb9:001a:0014:02ad0000:0:0:0:" name="FUS HENC004R" service_name="FUS HENC004R" provider="Intelsat" sid="3001" onid="20" tsid="26" />
    <channel service_ref="1:0:1:0fa1:001a:0014:02ad0000:0:0:0:" name="FUS HENC004R" service_name="FUS HENC004R" provider="Intelsat" sid="4001" onid="20" tsid="26" />
    <channel service_ref="1:0:1:0041:0005:0049:02ad0000:0:0:0:" name="Gehom TV" service_name="Gehom TV" provider="Sentech" sid="65" onid="73" tsid="5" />
    <channel service_ref="1:0:1:007b:0002:0049:02ad0000:0:0:0:" name="GM TV" service_name="GM TV" provider="Sentech" sid="123" onid="73" tsid="2" />
    <channel service_ref="1:0:1:00dd:0005:0049:02ad0000:0:0:0:" name="GNF TV" service_name="GNF TV" provider="Sentech" sid="221" onid="73" tsid="5" />
    <channel service_ref="1:0:1:000c:0004:0001:02ad0000:0:0:0:" name="GOD TV New" service_name="GOD TV New" provider="ViewMedia" sid="12" onid="1" tsid="4" />
    <channel service_ref="1:0:1:0007:0001:0001:02ad3112:0:0:0:" name="Good Morning Miracle TV" service_name="Good Morning Miracle TV" provider="ViewMedia" sid="7" onid="1" tsid="1" />
    <channel service_ref="1:0:1:0097:03e8:0049:02ad0000:0:0:0:" name="Gospel Life" service_name="Gospel Life" provider="" sid="151" onid="73" tsid="1000" />
    <channel service_ref="1:0:1:0012:0001:0001:02ad3112:0:0:0:" name="GRACEHILL TV" service_name="GRACEHILL TV" provider="ViewMedia" sid="18" onid="1" tsid="1" />
    <channel service_ref="1:0:1:00e1:0005:0049:02ad0000:0:0:0:" name="HALLELUJAH TV" service_name="HALLELUJAH TV" provider="Sentech" sid="225" onid="73" tsid="5" />
    <channel service_ref="1:0:1:0003:0005:0001:02ad0000:0:0:0:" name="HC Africa" service_name="HC Africa" provider="MX1" sid="3" onid="1" tsid="5" />
    <channel service_ref="1:0:1:0001:0005:0001:02ad0000:0:0:0:" name="HC International" service_name="HC International" provider="MX1" sid="1" onid="1" tsid="5" />
    <channel service_ref="1:0:1:0004:0005:0001:02ad0000:0:0:0:" name="HC MorningStar" service_name="HC MorningStar" provider="MX1" sid="4" onid="1" tsid="5" />
    <channel service_ref="1:0:1:0002:0005:0001:02ad0000:0:0:0:" name="HC Novo Tempo" service_name="HC Novo Tempo" provider="MX1" sid="2" onid="1" tsid="5" />
    <channel service_ref="1:0:1:0007:0005:0001:02ad0000:0:0:0:" name="HC Tanzania" service_name="HC Tanzania" provider="MX1" sid="7" onid="1" tsid="5" />
    <channel service_ref="1:0:1:0011:0001:0001:02ad3112:0:0:0:" name="Healing Jesus TV" service_name="Healing Jesus TV" provider="ViewMedia" sid="17" onid="1" tsid="1" />
    <channel service_ref="1:0:1:0003:0001:0001:02ad3112:0:0:0:" name="Homebase TV" service_name="Homebase TV" provider="ViewMedia" sid="3" onid="1" tsid="1" />
    <channel service_ref="1:0:1:000e:0004:0001:02ad0000:0:0:0:" name="Inspiration TV" service_name="Inspiration TV" provider="ViewMedia" sid="14" onid="1" tsid="4" />
    <channel service_ref="1:0:1:001c:0001:0001:02ad3112:0:0:0:" name="Kairos TV" service_name="Kairos TV" provider="ViewMedia" sid="28" onid="1" tsid="1" />
    <channel service_ref="1:0:1:0010:0001:0001:02adb159:0:0:0:" name="KhudugaHD" service_name="KhudugaHD" provider="DBS" sid="16" onid="1" tsid="1" />
    <channel service_ref="1:0:1:0005:0004:0001:02ad0000:0:0:0:" name="KICC TV" service_name="KICC TV" provider="ViewMedia" sid="5" onid="1" tsid="4" />
    <channel service_ref="1:0:1:032e:03e8:0049:02ad0000:0:0:0:" name="Kiddiwinks" service_name="Kiddiwinks" provider="" sid="814" onid="73" tsid="1000" />
    <channel service_ref="1:0:1:007d:0002:0049:02ad0000:0:0:0:" name="KLN" service_name="KLN" provider="SENTECH" sid="125" onid="73" tsid="2" />
    <channel service_ref="1:0:1:0001:001a:0014:02ad0000:0:0:0:" name="LIBERATION TV" service_name="LIBERATION TV" provider="_" sid="1" onid="20" tsid="26" />
    <channel service_ref="1:0:1:0002:0001:0001:02ad3112:0:0:0:" name="Life Center Network" service_name="Life Center Network" provider="ViewMedia" sid="2" onid="1" tsid="1" />
    <channel service_ref="1:0:1:014a:03e8:0049:02ad0000:0:0:0:" name="LifeTV" service_name="LifeTV" provider="" sid="330" onid="73" tsid="1000" />
    <channel service_ref="1:0:1:032f:03e8:0049:02ad0000:0:0:0:" name="Limelight" service_name="Limelight" provider="" sid="815" onid="73" tsid="1000" />
    <channel service_ref="1:0:1:014f:03e8:0049:02ad0000:0:0:0:" name="LOL" service_name="LOL" provider="" sid="335" onid="73" tsid="1000" />
    <channel service_ref="1:0:1:0034:0002:0049:02ad0000:0:0:0:" name="Marima Fire TV" service_name="Marima Fire TV" provider="Sentech" sid="52" onid="73" tsid="2" />
    <channel service_ref="1:0:1:0036:0005:0049:02ad0000:0:0:0:" name="Master's TV" service_name="Master's TV" provider="SENTECH" sid="54" onid="73" tsid="5" />
    <channel service_ref="1:0:1:006d:0002:0049:02ad0000:0:0:0:" name="Mercy TV Plus" service_name="Mercy TV Plus" provider="SENTECH" sid="109" onid="73" tsid="2" />
    <channel service_ref="1:0:1:000a:0004:0001:02ad0000:0:0:0:" name="MFM TV" service_name="MFM TV" provider="ViewMedia" sid="10" onid="1" tsid="4" />
    <channel service_ref="1:0:1:015c:03e8:0049:02ad0000:0:0:0:" name="Mindset" service_name="Mindset" provider="" sid="348" onid="73" tsid="1000" />
    <channel service_ref="1:0:1:0001:0004:0001:02ad0000:0:0:0:" name="Miracle TV" service_name="Miracle TV" provider="ViewMedia" sid="1" onid="1" tsid="4" />
    <channel service_ref="1:0:1:0033:0005:0049:02ad0000:0:0:0:" name="My Passion TV" service_name="My Passion TV" provider="Sentech" sid="51" onid="73" tsid="5" />
    <channel service_ref="1:0:1:00de:0005:0049:02ad0000:0:0:0:" name="NEW JERUSALEM" service_name="NEW JERUSALEM" provider="Sentech" sid="222" onid="73" tsid="5" />
    <channel service_ref="1:0:1:000f:0001:0001:02adb159:0:0:0:" name="NOW!" service_name="NOW!" provider="DBS" sid="15" onid="1" tsid="1" />
    <channel service_ref="1:0:1:00cc:0005:0049:02ad0000:0:0:0:" name="Number 1 TV" service_name="Number 1 TV" provider="Sentech" sid="204" onid="73" tsid="5" />
    <channel service_ref="1:0:1:000f:0004:0001:02ad0000:0:0:0:" name="OMEGA" service_name="OMEGA" provider="ViewMedia" sid="15" onid="1" tsid="4" />
    <channel service_ref="1:0:1:00d6:0005:0049:02ad0000:0:0:0:" name="Oracle TV" service_name="Oracle TV" provider="SENTECH" sid="214" onid="73" tsid="5" />
    <channel service_ref="1:0:1:0040:0005:0049:02ad0000:0:0:0:" name="Possibility TV" service_name="Possibility TV" provider="Sentech" sid="64" onid="73" tsid="5" />
    <channel service_ref="1:0:1:000d:0004:0001:02ad0000:0:0:0:" name="PRESS TV" service_name="PRESS TV" provider="ViewMedia" sid="13" onid="1" tsid="4" />
    <channel service_ref="1:0:1:00dc:0005:0049:02ad0000:0:0:0:" name="Prophet Mafohla TV" service_name="Prophet Mafohla TV" provider="Sentech" sid="220" onid="73" tsid="5" />
    <channel service_ref="1:0:1:00df:0005:0049:02ad0000:0:0:0:" name="Prophet Sbu Mokoena" service_name="Prophet Sbu Mokoena" provider="Sentech" sid="223" onid="73" tsid="5" />
    <channel service_ref="1:0:1:002d:0002:0049:02ad0000:0:0:0:" name="Prophetic" service_name="Prophetic" provider="Sentech" sid="45" onid="73" tsid="2" />
    <channel service_ref="1:0:1:007e:0005:0049:02ad0000:0:0:0:" name="Prophetic 24/7 TV" service_name="Prophetic 24/7 TV" provider="Sentech" sid="126" onid="73" tsid="5" />
    <channel service_ref="1:0:1:0009:0004:0001:02ad0000:0:0:0:" name="Prophetikos TV" service_name="Prophetikos TV" provider="ViewMedia" sid="9" onid="1" tsid="4" />
    <channel service_ref="1:0:1:0096:03e8:0049:02ad0000:0:0:0:" name="Pulse" service_name="Pulse" provider="" sid="150" onid="73" tsid="1000" />
    <channel service_ref="1:0:1:c57a:0006:0049:02ad0000:0:0:0:" name="RABBONI TV" service_name="RABBONI TV" provider="DTK-SATELIO" sid="50554" onid="73" tsid="6" />
    <channel service_ref="1:0:1:000e:0001:0001:02ad3112:0:0:0:" name="Remite TV Plus" service_name="Remite TV Plus" provider="VieweMedia" sid="14" onid="1" tsid="1" />
    <channel service_ref="1:0:1:0005:0001:0001:02ad3112:0:0:0:" name="RLW TV" service_name="RLW TV" provider="ViewMedia" sid="5" onid="1" tsid="1" />
    <channel service_ref="1:0:1:032d:03e8:0049:02ad0000:0:0:0:" name="Romanza" service_name="Romanza" provider="" sid="813" onid="73" tsid="1000" />
    <channel service_ref="1:0:1:001f:0001:0001:02ad3112:0:0:0:" name="ROV TV" service_name="ROV TV" provider="ViewMedia" sid="31" onid="1" tsid="1" />
    <channel service_ref="1:0:1:014e:03e8:0049:02ad0000:0:0:0:" name="RPM" service_name="RPM" provider="" sid="334" onid="73" tsid="1000" />
    <channel service_ref="1:0:1:0035:0002:0049:02ad0000:0:0:0:" name="RTM TV" service_name="RTM TV" provider="Sentech" sid="53" onid="73" tsid="2" />
    <channel service_ref="1:0:1:0009:0001:0001:02ad3112:0:0:0:" name="Salvation TV" service_name="Salvation TV" provider="ViewMedia" sid="9" onid="1" tsid="1" />
    <channel service_ref="1:0:1:00fc:0005:0049:02ad0000:0:0:0:" name="Shekinah TV" service_name="Shekinah TV" provider="Sentech" sid="252" onid="73" tsid="5" />
    <channel service_ref="1:0:1:0002:0004:0001:02ad0000:0:0:0:" name="Sonlife" service_name="Sonlife" provider="ViewMedia" sid="2" onid="1" tsid="4" />
    <channel service_ref="1:0:1:c578:0006:0049:02ad0000:0:0:0:" name="SPARE" service_name="SPARE" provider="DTK-SATELIO" sid="50552" onid="73" tsid="6" />
    <channel service_ref="1:0:1:c579:0006:0049:02ad0000:0:0:0:" name="SPARE" service_name="SPARE" provider="DTK-SATELIO" sid="50553" onid="73" tsid="6" />
    <channel service_ref="1:0:1:c57d:0006:0049:02ad0000:0:0:0:" name="SPARE" service_name="SPARE" provider="iKO-Media" sid="50557" onid="73" tsid="6" />
    <channel service_ref="1:0:1:c586:0006:0049:02ad0000:0:0:0:" name="SPARE" service_name="SPARE" provider="DTK-SATELIO" sid="50566" onid="73" tsid="6" />
    <channel service_ref="1:0:1:0003:0004:0001:02ad0000:0:0:0:" name="SpringsNetwork" service_name="SpringsNetwork" provider="ViewMedia" sid="3" onid="1" tsid="4" />
    <channel service_ref="1:0:1:001b:0001:0001:02ad3112:0:0:0:" name="SYNAGOGUE TV" service_name="SYNAGOGUE TV" provider="ViewMedia" sid="27" onid="1" tsid="1" />
    <channel service_ref="1:0:1:00f1:0005:0049:02ad0000:0:0:0:" name="Temple TV" service_name="Temple TV" provider="SENTECH" sid="241" onid="73" tsid="5" />
    <channel service_ref="1:0:1:002b:0005:0049:02ad0000:0:0:0:" name="TEST1" service_name="TEST1" provider="SENTECH" sid="43" onid="73" tsid="5" />
    <channel service_ref="1:0:1:006c:0005:0049:02ad0000:0:0:0:" name="TEST2" service_name="TEST2" provider="SENTECH" sid="108" onid="73" tsid="5" />
    <channel service_ref="1:0:1:c58c:0006:0049:02ad0000:0:0:0:" name="TEST_DTK" service_name="TEST_DTK" provider="DTK-SATELIO" sid="50572" onid="73" tsid="6" />
    <channel service_ref="1:0:1:0008:0001:0001:02ad3112:0:0:0:" name="The NOW Network (USA)" service_name="The NOW Network (USA)" provider="ViewMedia" sid="8" onid="1" tsid="1" />
    <channel service_ref="1:0:22:0001:0001:0001:02ad3153:0:0:0:" name="TRENET" service_name="TRENET" provider="INTELSAT" sid="1" onid="1" tsid="1" />
    <channel service_ref="1:0:1:014b:03e8:0049:02ad0000:0:0:0:" name="True African" service_name="True African" provider="" sid="331" onid="73" tsid="1000" />
    <channel service_ref="1:0:1:0006:0004:0001:02ad0000:0:0:0:" name="TRUTH TV" service_name="TRUTH TV" provider="ViewMedia" sid="6" onid="1" tsid="4" />
    <channel service_ref="1:0:1:002a:0002:0049:02ad0000:0:0:0:" name="UBN" service_name="UBN" provider="UBN" sid="42" onid="73" tsid="2" />
    <channel service_ref="1:0:1:00e3:0005:0049:02ad0000:0:0:0:" name="Uma Ukpai TV" service_name="Uma Ukpai TV" provider="Sentech" sid="227" onid="73" tsid="5" />
    <channel service_ref="1:0:22:0003:0001:0001:02ad3153:0:0:0:" name="Unnamed" service_name="Unnamed" provider="INTELSAT" sid="3" onid="1" tsid="1" />
    <channel service_ref="1:0:1:0007:0004:0001:02ad0000:0:0:0:" name="ViewMedia Promo" service_name="ViewMedia Promo" provider="ViewMedia" sid="7" onid="1" tsid="4" />
    <channel service_ref="1:0:1:00e7:0005:0049:02ad0000:0:0:0:" name="WRM TV" service_name="WRM TV" provider="SENTECH" sid="231" onid="73" tsid="5" />
  </bouquet>
  <bouquet name="Radio" category="radio">
    <channel service_ref="1:0:2:005a:0002:0049:02ad0000:0:0:0:" name="Al Ansaar" service_name="Al Ansaar" provider="Sentech" sid="90" onid="73" tsid="2" />
    <channel service_ref="1:0:2:005d:0002:0049:02ad0000:0:0:0:" name="ChAfr" service_name="ChAfr" provider="ChAfr" sid="93" onid="73" tsid="2" />
    <channel service_ref="1:0:2:008d:0002:0049:02ad0000:0:0:0:" name="Cii" service_name="Cii" provider="Sentech" sid="141" onid="73" tsid="2" />
    <channel service_ref="1:0:2:0002:0001:0001:02adb0ff:0:0:0:" name="Gabz FM" service_name="Gabz FM" provider="www.telemedia.co.za" sid="2" onid="1" tsid="1" />
    <channel service_ref="1:0:2:0004:0004:0001:02ad0000:0:0:0:" name="IRIB 06 WORLD SERVICE" service_name="IRIB 06 WORLD SERVICE" provider="ViewMedia" sid="4" onid="1" tsid="4" />
    <channel service_ref="1:0:2:0009:0005:0001:02ad0000:0:0:0:" name="Malawi Adventist Radio" service_name="Malawi Adventist Radio" provider="MX1" sid="9" onid="1" tsid="5" />
    <channel service_ref="1:0:2:0006:0005:0001:02ad0000:0:0:0:" name="Maranatha" service_name="Maranatha" provider="MX1" sid="6" onid="1" tsid="5" />
    <channel service_ref="1:0:2:c591:0006:0049:02ad0000:0:0:0:" name="MARKAZ SAHABA" service_name="MARKAZ SAHABA" provider="DTK-SATELIO" sid="50577" onid="73" tsid="6" />
    <channel service_ref="1:0:2:008f:0002:0049:02ad0000:0:0:0:" name="Radio Islam" service_name="Radio Islam" provider="Sentech" sid="143" onid="73" tsid="2" />
    <channel service_ref="1:0:2:008e:0002:0049:02ad0000:0:0:0:" name="Salaamedia" service_name="Salaamedia" provider="Sentech" sid="142" onid="73" tsid="2" />
  </bouquet>
  <bouquet name="Radio - Music" category="radio">
    <channel service_ref="1:0:2:0002:0001:0001:02adb0ff:0:0:0:" name="Gabz FM" service_name="Gabz FM" provider="www.telemedia.co.za" sid="2" onid="1" tsid="1" />
  </bouquet>
</zapit>
