<?xml version='1.0' encoding='utf-8'?>
<zapit>
  <bouquet name="General" category="tv">
    <channel service_ref="1:0:1:0001:0001:ffff:0212b158:0:0:0:" name="AL Manar" service_name="AL Manar" provider="AL Manar" sid="1" onid="65535" tsid="1" />
    <channel service_ref="1:0:1:0001:1000:2000:02120000:0:0:0:" name="Allhthah TV" service_name="Allhthah TV" provider="Harmonic" sid="1" onid="8192" tsid="4096" />
    <channel service_ref="1:0:1:0006:01f4:03e8:02120000:0:0:0:" name="Alternative Shorai TV" service_name="Alternative Shorai TV" provider="MENASAT" sid="6" onid="1000" tsid="500" />
    <channel service_ref="1:0:1:0007:01f4:03e8:02120000:0:0:0:" name="DW International" service_name="DW International" provider="MENASAT" sid="7" onid="1000" tsid="500" />
    <channel service_ref="1:0:1:0001:0001:0000:0212b0e0:0:0:0:" name="khalij" service_name="khalij" provider="khalij" sid="1" onid="0" tsid="1" />
    <channel service_ref="1:0:1:000f:0001:0001:0212b173:0:0:0:" name="MTV Lebanon HD" service_name="MTV Lebanon HD" provider="Twofour54" sid="15" onid="1" tsid="1" />
    <channel service_ref="1:0:1:0001:0001:0001:02122cc1:0:0:0:" name="NTV Mir" service_name="NTV Mir" provider="RSCC" sid="1" onid="1" tsid="1" />
    <channel service_ref="1:0:1:0001:0001:ffff:0212b187:0:0:0:" name="Rojava HD" service_name="Rojava HD" provider="Service Provider" sid="1" onid="65535" tsid="1" />
    <channel service_ref="1:0:25:0005:01f4:03e8:02120000:0:0:0:" name="Rojhelat TV" service_name="Rojhelat TV" provider="MENASAT" sid="5" onid="1000" tsid="500" />
    <channel service_ref="1:0:25:0003:01f4:03e8:02120000:0:0:0:" name="Rudaw TV" service_name="Rudaw TV" provider="MENASAT" sid="3" onid="1000" tsid="500" />
    <channel service_ref="1:0:1:0006:0001:0001:0212b16f:0:0:0:" name="SRV_06" service_name="SRV_06" provider="" sid="6" onid="1" tsid="1" />
    <channel service_ref="1:0:1:0008:01f4:03e8:02120000:0:0:0:" name="TBS TV" service_name="TBS TV" provider="MENASAT" sid="8" onid="1000" tsid="500" />
    <channel service_ref="1:0:1:0009:01f4:03e8:02120000:0:0:0:" name="TIGRAI TV" service_name="TIGRAI TV" provider="MENASAT" sid="9" onid="1000" tsid="500" />
  </bouquet>
  <bouquet name="Music" category="tv">
    <channel service_ref="1:0:1:000f:0001:0001:0212b173:0:0:0:" name="MTV Lebanon HD" service_name="MTV Lebanon HD" provider="Twofour54" sid="15" onid="1" tsid="1" />
  </bouquet>
  <bouquet name="RTL" category="tv">
    <channel service_ref="1:0:1:0001:0001:0001:02122cc1:0:0:0:" name="NTV Mir" service_name="NTV Mir" provider="RSCC" sid="1" onid="1" tsid="1" />
  </bouquet>
  <bouquet name="RAI" category="tv">
    <channel service_ref="1:0:1:0006:01f4:03e8:02120000:0:0:0:" name="Alternative Shorai TV" service_name="Alternative Shorai TV" provider="MENASAT" sid="6" onid="1000" tsid="500" />
    <channel service_ref="1:0:1:0009:01f4:03e8:02120000:0:0:0:" name="TIGRAI TV" service_name="TIGRAI TV" provider="MENASAT" sid="9" onid="1000" tsid="500" />
  </bouquet>
  <bouquet name="Resolution - HD" category="tv">
    <channel service_ref="1:0:1:000f:0001:0001:0212b173:0:0:0:" name="MTV Lebanon HD" service_name="MTV Lebanon HD" provider="Twofour54" sid="15" onid="1" tsid="1" />
    <channel service_ref="1:0:1:0001:0001:ffff:0212b187:0:0:0:" name="Rojava HD" service_name="Rojava HD" provider="Service Provider" sid="1" onid="65535" tsid="1" />
  </bouquet>
  <bouquet name="Others" category="tv">
    <channel service_ref="1:0:1:0001:0001:ffff:0212b158:0:0:0:" name="AL Manar" service_name="AL Manar" provider="AL Manar" sid="1" onid="65535" tsid="1" />
    <channel service_ref="1:0:1:0001:1000:2000:02120000:0:0:0:" name="Allhthah TV" service_name="Allhthah TV" provider="Harmonic" sid="1" onid="8192" tsid="4096" />
    <channel service_ref="1:0:1:0007:01f4:03e8:02120000:0:0:0:" name="DW International" service_name="DW International" provider="MENASAT" sid="7" onid="1000" tsid="500" />
    <channel service_ref="1:0:1:0001:0001:0000:0212b0e0:0:0:0:" name="khalij" service_name="khalij" provider="khalij" sid="1" onid="0" tsid="1" />
    <channel service_ref="1:0:1:0001:0001:ffff:0212b187:0:0:0:" name="Rojava HD" service_name="Rojava HD" provider="Service Provider" sid="1" onid="65535" tsid="1" />
    <channel service_ref="1:0:25:0005:01f4:03e8:02120000:0:0:0:" name="Rojhelat TV" service_name="Rojhelat TV" provider="MENASAT" sid="5" onid="1000" tsid="500" />
    <channel service_ref="1:0:25:0003:01f4:03e8:02120000:0:0:0:" name="Rudaw TV" service_name="Rudaw TV" provider="MENASAT" sid="3" onid="1000" tsid="500" />
    <channel service_ref="1:0:1:0006:0001:0001:0212b16f:0:0:0:" name="SRV_06" service_name="SRV_06" provider="" sid="6" onid="1" tsid="1" />
    <channel service_ref="1:0:1:0008:01f4:03e8:02120000:0:0:0:" name="TBS TV" service_name="TBS TV" provider="MENASAT" sid="8" onid="1000" tsid="500" />
  </bouquet>
  <bouquet name="Radio" category="radio">
    <channel service_ref="1:0:2:001c:01f4:03e8:02120000:0:0:0:" name="AFAQ" service_name="AFAQ" provider="MENASAT" sid="28" onid="1000" tsid="500" />
    <channel service_ref="1:0:2:0002:1000:2000:02120000:0:0:0:" name="Allahthah-FM" service_name="Allahthah-FM" provider="Harmonic" sid="2" onid="8192" tsid="4096" />
    <channel service_ref="1:0:2:0001:01f4:03e8:02120000:0:0:0:" name="R Radio" service_name="R Radio" provider="MENASAT" sid="1" onid="1000" tsid="500" />
    <channel service_ref="1:0:2:000f:0001:0001:02122cc1:0:0:0:" name="Radio CH54" service_name="Radio CH54" provider="RSCC" sid="15" onid="1" tsid="1" />
    <channel service_ref="1:0:2:000a:0001:0001:02122cc1:0:0:0:" name="Radio CH55" service_name="Radio CH55" provider="RSCC" sid="10" onid="1" tsid="1" />
    <channel service_ref="1:0:2:000b:0001:0001:02122cc1:0:0:0:" name="Radio CH56" service_name="Radio CH56" provider="RSCC" sid="11" onid="1" tsid="1" />
    <channel service_ref="1:0:2:000c:0001:0001:02122cc1:0:0:0:" name="Radio CH57" service_name="Radio CH57" provider="RSCC" sid="12" onid="1" tsid="1" />
    <channel service_ref="1:0:2:000d:0001:0001:02122cc1:0:0:0:" name="Radio CH58" service_name="Radio CH58" provider="RSCC" sid="13" onid="1" tsid="1" />
    <channel service_ref="1:0:2:000e:0001:0001:02122cc1:0:0:0:" name="Radio CH59" service_name="Radio CH59" provider="RSCC" sid="14" onid="1" tsid="1" />
    <channel service_ref="1:0:2:001b:01f4:03e8:02120000:0:0:0:" name="SAM FM" service_name="SAM FM" provider="MENASAT" sid="27" onid="1000" tsid="500" />
    <channel service_ref="1:0:2:001d:01f4:03e8:02120000:0:0:0:" name="SWAT FM" service_name="SWAT FM" provider="MENASAT" sid="29" onid="1000" tsid="500" />
    <channel service_ref="1:0:2:000a:01f4:03e8:02120000:0:0:0:" name="TIGRAI Radio" service_name="TIGRAI Radio" provider="MENASAT" sid="10" onid="1000" tsid="500" />
  </bouquet>
  <bouquet name="Radio - International" category="radio">
    <channel service_ref="1:0:2:000a:01f4:03e8:02120000:0:0:0:" name="TIGRAI Radio" service_name="TIGRAI Radio" provider="MENASAT" sid="10" onid="1000" tsid="500" />
  </bouquet>
  <bouquet name="Radio - Music" category="radio">
    <channel service_ref="1:0:2:0002:1000:2000:02120000:0:0:0:" name="Allahthah-FM" service_name="Allahthah-FM" provider="Harmonic" sid="2" onid="8192" tsid="4096" />
    <channel service_ref="1:0:2:001b:01f4:03e8:02120000:0:0:0:" name="SAM FM" service_name="SAM FM" provider="MENASAT" sid="27" onid="1000" tsid="500" />
    <channel service_ref="1:0:2:001d:01f4:03e8:02120000:0:0:0:" name="SWAT FM" service_name="SWAT FM" provider="MENASAT" sid="29" onid="1000" tsid="500" />
  </bouquet>
</zapit>
