<?xml version='1.0' encoding='utf-8'?>
<zapit api="4">
  <satellites>
    <satellite key="005a0000:0001:0064" name="Eutelsat-9.0E" namespace="0x005a0000" position="9">
      <transponder key="005a0000:0001:0064" frequency="11823000" symbol_rate="27500000" polarization="H" fec="3" system="0" modulation="0">
        <service id="0x02c8" sid="712" name="SISAL 1" type="1" provider="Eutelsat" onid="100" tsid="1" namespace="0x005a0000" />
        <service id="0x071c" sid="1820" name="SISAL 2" type="1" provider="Eutelsat" onid="100" tsid="1" namespace="0x005a0000" />
        <service id="0x02d6" sid="726" name="SISAL 3" type="1" provider="Eutelsat" onid="100" tsid="1" namespace="0x005a0000" />
        <service id="0x02da" sid="730" name="SISAL 4" type="1" provider="Eutelsat" onid="100" tsid="1" namespace="0x005a0000" />
        <service id="0x073a" sid="1850" name="SISAL 5" type="1" provider="Eutelsat" onid="100" tsid="1" namespace="0x005a0000" />
        <service id="0x065e" sid="1630" name="Carrefour Iper" type="2" provider="Eutelsat" onid="100" tsid="1" namespace="0x005a0000" radio="1" />
        <service id="0x029c" sid="668" name="Carrefour Market" type="2" provider="Eutelsat" onid="100" tsid="1" namespace="0x005a0000" radio="1" />
        <service id="0x06a4" sid="1700" name="RADIO WE" type="2" provider="" onid="100" tsid="1" namespace="0x005a0000" radio="1" />
        <service id="0x064a" sid="1610" name="Ros * Ros" type="2" provider="Eutelsat" onid="100" tsid="1" namespace="0x005a0000" radio="1" />
        <service id="0x028e" sid="654" name="Ros * Ros Selex" type="2" provider="Eutelsat" onid="100" tsid="1" namespace="0x005a0000" radio="1" />
      </transponder>
    </satellite>
    <satellite key="005a0000:0065:0012" name="Eutelsat-9.0E" namespace="0x005a0000" position="9">
      <transponder key="005a0000:0065:0012" frequency="11804000" symbol_rate="27500000" polarization="V" fec="2" system="0" modulation="0">
        <service id="0x006c" sid="108" name="AFN|family" type="25" provider="" onid="18" tsid="101" namespace="0x005a0000" />
        <service id="0x006d" sid="109" name="AFN|movie" type="25" provider="" onid="18" tsid="101" namespace="0x005a0000" />
        <service id="0x002b" sid="43" name="AFN|news" type="25" provider="" onid="18" tsid="101" namespace="0x005a0000" />
        <service id="0x002a" sid="42" name="AFN|prime Atlantic" type="25" provider="" onid="18" tsid="101" namespace="0x005a0000" />
        <service id="0x002d" sid="45" name="AFN|prime Pacific" type="25" provider="" onid="18" tsid="101" namespace="0x005a0000" />
        <service id="0x006a" sid="106" name="AFN|spectrum" type="25" provider="" onid="18" tsid="101" namespace="0x005a0000" />
        <service id="0x002c" sid="44" name="AFN|sports" type="25" provider="" onid="18" tsid="101" namespace="0x005a0000" />
        <service id="0x006b" sid="107" name="AFN|sports 2" type="22" provider="" onid="18" tsid="101" namespace="0x005a0000" />
        <service id="0x00c0" sid="192" name="Bars &amp; Tone" type="25" provider="" onid="18" tsid="101" namespace="0x005a0000" />
        <service id="0x00bf" sid="191" name="Reaper (EPG Video)" type="25" provider="" onid="18" tsid="101" namespace="0x005a0000" />
        <service id="0x004e" sid="78" name="AFN Atlantic Eagle" type="2" provider="" onid="18" tsid="101" namespace="0x005a0000" radio="1" />
        <service id="0x0036" sid="54" name="AFN Contingency" type="2" provider="" onid="18" tsid="101" namespace="0x005a0000" radio="1" />
        <service id="0x0033" sid="51" name="AFN Country" type="2" provider="" onid="18" tsid="101" namespace="0x005a0000" radio="1" />
        <service id="0x007c" sid="124" name="AFN Fans" type="2" provider="" onid="18" tsid="101" namespace="0x005a0000" radio="1" />
        <service id="0x0032" sid="50" name="AFN Gravity" type="2" provider="" onid="18" tsid="101" namespace="0x005a0000" radio="1" />
        <service id="0x007d" sid="125" name="AFN Hot AC" type="2" provider="" onid="18" tsid="101" namespace="0x005a0000" radio="1" />
        <service id="0x007f" sid="127" name="AFN Joe FM" type="2" provider="" onid="18" tsid="101" namespace="0x005a0000" radio="1" />
        <service id="0x007e" sid="126" name="AFN Legacy" type="2" provider="" onid="18" tsid="101" namespace="0x005a0000" radio="1" />
        <service id="0x0035" sid="53" name="AFN Seasonal" type="2" provider="" onid="18" tsid="101" namespace="0x005a0000" radio="1" />
        <service id="0x0039" sid="57" name="Aviano Eagle" type="2" provider="" onid="18" tsid="101" namespace="0x005a0000" radio="1" />
        <service id="0x003a" sid="58" name="Bavaria Eagle" type="2" provider="" onid="18" tsid="101" namespace="0x005a0000" radio="1" />
        <service id="0x003b" sid="59" name="Benelux Eagle" type="2" provider="" onid="18" tsid="101" namespace="0x005a0000" radio="1" />
        <service id="0x007b" sid="123" name="Clutch Sports Radio" type="2" provider="" onid="18" tsid="101" namespace="0x005a0000" radio="1" />
        <service id="0x0037" sid="55" name="Freedom Radio" type="2" provider="" onid="18" tsid="101" namespace="0x005a0000" radio="1" />
        <service id="0x008a" sid="138" name="Incirlik Eagle" type="2" provider="" onid="18" tsid="101" namespace="0x005a0000" radio="1" />
        <service id="0x008b" sid="139" name="Kaiserslautern Eagle" type="2" provider="" onid="18" tsid="101" namespace="0x005a0000" radio="1" />
        <service id="0x008c" sid="140" name="Naples Eagle" type="2" provider="" onid="18" tsid="101" namespace="0x005a0000" radio="1" />
        <service id="0x0034" sid="52" name="NPR International" type="2" provider="" onid="18" tsid="101" namespace="0x005a0000" radio="1" />
        <service id="0x007a" sid="122" name="Power Talk" type="2" provider="" onid="18" tsid="101" namespace="0x005a0000" radio="1" />
        <service id="0x008d" sid="141" name="Rota Eagle" type="2" provider="" onid="18" tsid="101" namespace="0x005a0000" radio="1" />
        <service id="0x005e" sid="94" name="Sembach Afternoon Radio" type="2" provider="" onid="18" tsid="101" namespace="0x005a0000" radio="1" />
        <service id="0x008e" sid="142" name="Souda Bay Eagle" type="2" provider="" onid="18" tsid="101" namespace="0x005a0000" radio="1" />
        <service id="0x008f" sid="143" name="Spangdahlem Eagle" type="2" provider="" onid="18" tsid="101" namespace="0x005a0000" radio="1" />
        <service id="0x005a" sid="90" name="Stuttgart Eagle" type="2" provider="" onid="18" tsid="101" namespace="0x005a0000" radio="1" />
        <service id="0x004f" sid="79" name="The Voice" type="2" provider="" onid="18" tsid="101" namespace="0x005a0000" radio="1" />
        <service id="0x005b" sid="91" name="Vicenza Eagle" type="2" provider="" onid="18" tsid="101" namespace="0x005a0000" radio="1" />
        <service id="0x005c" sid="92" name="Weisbaden Eagle" type="2" provider="" onid="18" tsid="101" namespace="0x005a0000" radio="1" />
      </transponder>
    </satellite>
    <satellite key="005a0000:14b4:009c" name="Eutelsat-9.0E" namespace="0x005a0000" position="9">
      <transponder key="005a0000:14b4:009c" frequency="11785000" symbol_rate="27500000" polarization="H" fec="2" system="0" modulation="0">
        <service id="0x00f0" sid="240" name="BBC World" type="1" provider="BASIS 1" onid="156" tsid="5300" namespace="0x005a0000" />
        <service id="0x00f1" sid="241" name="Bloomberg" type="1" provider="BASIS 1" onid="156" tsid="5300" namespace="0x005a0000" />
        <service id="0x00cc" sid="204" name="Channel 21 Shop" type="1" provider="BASIS 1" onid="156" tsid="5300" namespace="0x005a0000" />
        <service id="0x00d8" sid="216" name="Comedy Central" type="1" provider="BASIS 1" onid="156" tsid="5300" namespace="0x005a0000" />
        <service id="0x00f6" sid="246" name="Deluxe Music" type="1" provider="BASIS 1" onid="156" tsid="5300" namespace="0x005a0000" />
        <service id="0x00cd" sid="205" name="Eurosport 1 HD" type="25" provider="BASIS 1" onid="156" tsid="5300" namespace="0x005a0000" />
        <service id="0x00e4" sid="228" name="HSE 24 Extra" type="1" provider="BASIS 1" onid="156" tsid="5300" namespace="0x005a0000" />
        <service id="0x00ca" sid="202" name="MTV HD" type="25" provider="BASIS 1" onid="156" tsid="5300" namespace="0x005a0000" />
        <service id="0x00d5" sid="213" name="NICK/MTV+" type="1" provider="BASIS 1" onid="156" tsid="5300" namespace="0x005a0000" />
        <service id="0x00c9" sid="201" name="ProSieben MAXX HD" type="25" provider="BASIS 1" onid="156" tsid="5300" namespace="0x005a0000" />
        <service id="0x00f5" sid="245" name="Servus TV" type="1" provider="BASIS 1" onid="156" tsid="5300" namespace="0x005a0000" />
        <service id="0x00cb" sid="203" name="WELT HD" type="25" provider="BASIS 1" onid="156" tsid="5300" namespace="0x005a0000" />
        <service id="0x00f3" sid="243" name="Deutsches Musik Fernsehen" type="1" provider="BASIS 1" onid="156" tsid="5300" namespace="0x005a0000" />
      </transponder>
    </satellite>
    <satellite key="005a0000:1644:009c" name="Eutelsat-9.0E" namespace="0x005a0000" position="9">
      <transponder key="005a0000:1644:009c" frequency="11861000" symbol_rate="27500000" polarization="H" fec="2" system="0" modulation="0">
        <service id="0x00e7" sid="231" name="DMAX HD" type="25" provider="BASIS 1" onid="156" tsid="5700" namespace="0x005a0000" />
        <service id="0x00e6" sid="230" name="Kabel eins HD" type="25" provider="BASIS 1" onid="156" tsid="5700" namespace="0x005a0000" />
        <service id="0x00e9" sid="233" name="NICK/MTV+ HD" type="25" provider="BASIS 1" onid="156" tsid="5700" namespace="0x005a0000" />
        <service id="0x00ea" sid="234" name="SPORT 1 HD" type="25" provider="BASIS 1" onid="156" tsid="5700" namespace="0x005a0000" />
        <service id="0x00e8" sid="232" name="TELE 5 HD" type="25" provider="BASIS 1" onid="156" tsid="5700" namespace="0x005a0000" />
        <service id="0x00eb" sid="235" name="TLC HD" type="25" provider="BASIS 1" onid="156" tsid="5700" namespace="0x005a0000" />
      </transponder>
    </satellite>
    <satellite key="005a0000:16a8:009c" name="Eutelsat-9.0E" namespace="0x005a0000" position="9">
      <transponder key="005a0000:16a8:009c" frequency="11881000" symbol_rate="27500000" polarization="V" fec="2" system="0" modulation="0">
        <service id="0x0db7" sid="3511" name="EUROBET 11" type="1" provider="encoder" onid="156" tsid="5800" namespace="0x005a0000" />
        <service id="0x0db8" sid="3512" name="EUROBET 12" type="1" provider="encoder" onid="156" tsid="5800" namespace="0x005a0000" />
        <service id="0x0db9" sid="3513" name="EUROBET 13" type="1" provider="encoder" onid="156" tsid="5800" namespace="0x005a0000" />
        <service id="0x0dba" sid="3514" name="EUROBET 14" type="1" provider="encoder" onid="156" tsid="5800" namespace="0x005a0000" />
        <service id="0x0dbe" sid="3518" name="Love Nature HD" type="1" provider="iKO Media Group" onid="156" tsid="5800" namespace="0x005a0000" />
        <service id="0x0dc3" sid="3523" name="OPAP HR" type="1" provider="Encoder" onid="156" tsid="5800" namespace="0x005a0000" />
        <service id="0x0dc2" sid="3522" name="OPAP MG" type="1" provider="encoder" onid="156" tsid="5800" namespace="0x005a0000" />
        <service id="0x0dc1" sid="3521" name="OPAP VG1" type="1" provider="encoder" onid="156" tsid="5800" namespace="0x005a0000" />
        <service id="0x0dbb" sid="3515" name="ORTB TV" type="1" provider="" onid="156" tsid="5800" namespace="0x005a0000" />
        <service id="0x0daf" sid="3503" name="Rai Africa" type="1" provider="Rai" onid="156" tsid="5800" namespace="0x005a0000" />
        <service id="0x0db5" sid="3509" name="RTI" type="1" provider="" onid="156" tsid="5800" namespace="0x005a0000" />
        <service id="0x0dbf" sid="3519" name="RTS 1" type="1" provider="Scopus Network Technologies" onid="156" tsid="5800" namespace="0x005a0000" />
        <service id="0x0dae" sid="3502" name="Virtual Giallo" type="1" provider="Telespazio" onid="156" tsid="5800" namespace="0x005a0000" />
        <service id="0x0dad" sid="3501" name="Virtual Verde" type="1" provider="Telespazio" onid="156" tsid="5800" namespace="0x005a0000" />
        <service id="0x0dc0" sid="3520" name="RSI" type="2" provider="Scopus Network Technologies" onid="156" tsid="5800" namespace="0x005a0000" radio="1" />
        <service id="0x0dc4" sid="3524" name="TRT Tamil Oli" type="2" provider="iKOMG" onid="156" tsid="5800" namespace="0x005a0000" radio="1" />
      </transponder>
    </satellite>
    <satellite key="005a0000:170c:009e" name="Eutelsat-9.0E" namespace="0x005a0000" position="9">
      <transponder key="005a0000:170c:009e" frequency="11900000" symbol_rate="27500000" polarization="H" fec="2" system="0" modulation="0">
        <service id="0x006f" sid="111" name="Better-1" type="1" provider="encoder" onid="158" tsid="5900" namespace="0x005a0000" />
        <service id="0x002e" sid="46" name="Better-2" type="1" provider="encoder" onid="158" tsid="5900" namespace="0x005a0000" />
        <service id="0x002f" sid="47" name="Better-3" type="1" provider="encoder" onid="158" tsid="5900" namespace="0x005a0000" />
        <service id="0x0030" sid="48" name="Better-4" type="1" provider="encoder" onid="158" tsid="5900" namespace="0x005a0000" />
        <service id="0x01b1" sid="433" name="EBS+HD" type="25" provider="" onid="158" tsid="5900" namespace="0x005a0000" />
        <service id="0x00e9" sid="233" name="EBSHD" type="25" provider="" onid="158" tsid="5900" namespace="0x005a0000" />
        <service id="0x02a0" sid="672" name="myZen.tv HD" type="25" provider="Eutelsat" onid="158" tsid="5900" namespace="0x005a0000" />
        <service id="0x000c" sid="12" name="RTB Radio" type="1" provider="" onid="158" tsid="5900" namespace="0x005a0000" />
        <service id="0x000b" sid="11" name="RTB TV" type="1" provider="" onid="158" tsid="5900" namespace="0x005a0000" />
        <service id="0x0029" sid="41" name="RTS2" type="25" provider="aCAN Group" onid="158" tsid="5900" namespace="0x005a0000" />
        <service id="0x000e" sid="14" name="TVT International" type="22" provider="TVT" onid="158" tsid="5900" namespace="0x005a0000" />
        <service id="0x000f" sid="15" name="TVT Radio 1 (Radio Lome)" type="2" provider="" onid="158" tsid="5900" namespace="0x005a0000" radio="1" />
        <service id="0x000a" sid="10" name="TVT Radio 2 (Radio Kara)" type="2" provider="" onid="158" tsid="5900" namespace="0x005a0000" radio="1" />
      </transponder>
    </satellite>
    <satellite key="005a0000:1770:0064" name="Eutelsat-9.0E" namespace="0x005a0000" position="9">
      <transponder key="005a0000:1770:0064" frequency="11919000" symbol_rate="27500000" polarization="V" fec="3" system="0" modulation="0">
        <service id="0x0001" sid="1" name="Fashion Television" type="1" provider="RRsat" onid="100" tsid="6000" namespace="0x005a0000" />
        <service id="0x000a" sid="10" name="Holy God TV" type="1" provider="RR Media" onid="100" tsid="6000" namespace="0x005a0000" />
        <service id="0x002c" sid="44" name="Italy Service 2" type="1" provider="RRSat" onid="100" tsid="6000" namespace="0x005a0000" />
        <service id="0x003a" sid="58" name="Italy Service 3" type="1" provider="RRSat" onid="100" tsid="6000" namespace="0x005a0000" />
        <service id="0x003c" sid="60" name="Italy Service 5" type="1" provider="RRsat" onid="100" tsid="6000" namespace="0x005a0000" />
        <service id="0x000b" sid="11" name="NLM TV" type="1" provider="RRSat" onid="100" tsid="6000" namespace="0x005a0000" />
        <service id="0x002a" sid="42" name="Star Vijay" type="1" provider="RRsat" onid="100" tsid="6000" namespace="0x005a0000" />
        <service id="0x000c" sid="12" name="TIN_972737998873" type="1" provider="RRSat" onid="100" tsid="6000" namespace="0x005a0000" />
      </transponder>
    </satellite>
    <satellite key="005a0000:1838:009e" name="Eutelsat-9.0E" namespace="0x005a0000" position="9">
      <transponder key="005a0000:1838:009e" frequency="11958000" symbol_rate="27500000" polarization="V" fec="2" system="0" modulation="0">
        <service id="0x002b" sid="43" name="Duna HD" type="25" provider="MTVA" onid="158" tsid="6200" namespace="0x005a0000" />
        <service id="0x002f" sid="47" name="Duna HD (Europa)" type="25" provider="MTVA" onid="158" tsid="6200" namespace="0x005a0000" />
        <service id="0x002d" sid="45" name="Duna World SD" type="22" provider="MTVA" onid="158" tsid="6200" namespace="0x005a0000" />
        <service id="0x0029" sid="41" name="M1 HD" type="25" provider="MTVA" onid="158" tsid="6200" namespace="0x005a0000" />
        <service id="0x006f" sid="111" name="M1 HD (Europa)" type="25" provider="MTVA" onid="158" tsid="6200" namespace="0x005a0000" />
        <service id="0x002a" sid="42" name="M2 HD" type="25" provider="MTVA" onid="158" tsid="6200" namespace="0x005a0000" />
        <service id="0x002e" sid="46" name="M2 HD (Europa)" type="25" provider="MTVA" onid="158" tsid="6200" namespace="0x005a0000" />
        <service id="0x006e" sid="110" name="M3" type="1" provider="MTVA" onid="158" tsid="6200" namespace="0x005a0000" />
        <service id="0x002c" sid="44" name="M4 Sport HD" type="25" provider="MTVA" onid="158" tsid="6200" namespace="0x005a0000" />
        <service id="0x0030" sid="48" name="M4 Sport HD (Europa)" type="25" provider="MTVA" onid="158" tsid="6200" namespace="0x005a0000" />
        <service id="0x006a" sid="106" name="M5 HD" type="25" provider="MTVA" onid="158" tsid="6200" namespace="0x005a0000" />
        <service id="0x004a" sid="74" name="M5 HD (Europa)" type="25" provider="MTVA" onid="158" tsid="6200" namespace="0x005a0000" />
        <service id="0x003f" sid="63" name="Bartok Radio (AAC)" type="2" provider="MTVA" onid="158" tsid="6200" namespace="0x005a0000" radio="1" />
        <service id="0x00a3" sid="163" name="Bartok Radio (L2)" type="2" provider="MTVA" onid="158" tsid="6200" namespace="0x005a0000" radio="1" />
        <service id="0x00a8" sid="168" name="D192ser" type="2" provider="MTVA" onid="158" tsid="6200" namespace="0x005a0000" radio="1" />
        <service id="0x009c" sid="156" name="Danko Radio (AAC)" type="2" provider="MTVA" onid="158" tsid="6200" namespace="0x005a0000" radio="1" />
        <service id="0x00a6" sid="166" name="Danko Radio (L2)" type="2" provider="MTVA" onid="158" tsid="6200" namespace="0x005a0000" radio="1" />
        <service id="0x009d" sid="157" name="Duna World Radio (AAC)" type="2" provider="MTVA" onid="158" tsid="6200" namespace="0x005a0000" radio="1" />
        <service id="0x00a7" sid="167" name="K192ser" type="2" provider="MTVA" onid="158" tsid="6200" namespace="0x005a0000" radio="1" />
        <service id="0x009e" sid="158" name="Katolikus Radio (AAC)" type="2" provider="Katolikus Radio" onid="158" tsid="6200" namespace="0x005a0000" radio="1" />
        <service id="0x003d" sid="61" name="Kossuth Radio (AAC)" type="2" provider="MTVA" onid="158" tsid="6200" namespace="0x005a0000" radio="1" />
        <service id="0x00a1" sid="161" name="Kossuth Radio (L2)" type="2" provider="MTVA" onid="158" tsid="6200" namespace="0x005a0000" radio="1" />
        <service id="0x009a" sid="154" name="Nemzetisegi Radio (AAC)" type="2" provider="MTVA" onid="158" tsid="6200" namespace="0x005a0000" radio="1" />
        <service id="0x009b" sid="155" name="Parlamenti Radio (AAC)" type="2" provider="MTVA" onid="158" tsid="6200" namespace="0x005a0000" radio="1" />
        <service id="0x003e" sid="62" name="Petofi Radio (AAC)" type="2" provider="MTVA" onid="158" tsid="6200" namespace="0x005a0000" radio="1" />
        <service id="0x00a2" sid="162" name="Petofi Radio (L2)" type="2" provider="MTVA" onid="158" tsid="6200" namespace="0x005a0000" radio="1" />
      </transponder>
    </satellite>
    <satellite key="005a0000:1900:009c" name="Eutelsat-9.0E" namespace="0x005a0000" position="9">
      <transponder key="005a0000:1900:009c" frequency="11996000" symbol_rate="27500000" polarization="V" fec="3" system="0" modulation="0">
        <service id="0x026b" sid="619" name="CCTV-4" type="1" provider="Globecast" onid="156" tsid="6400" namespace="0x005a0000" />
        <service id="0x026f" sid="623" name="CGTN Documentary" type="1" provider="Globecast" onid="156" tsid="6400" namespace="0x005a0000" />
        <service id="0x026e" sid="622" name="CGTN-A" type="1" provider="Globecast" onid="156" tsid="6400" namespace="0x005a0000" />
        <service id="0x026c" sid="620" name="CGTN-E" type="1" provider="Globecast" onid="156" tsid="6400" namespace="0x005a0000" />
        <service id="0x026d" sid="621" name="CGTN-R" type="1" provider="Globecast" onid="156" tsid="6400" namespace="0x005a0000" />
        <service id="0x006e" sid="110" name="PTV Global" type="1" provider="Globecast" onid="156" tsid="6400" namespace="0x005a0000" />
        <service id="0x0073" sid="115" name="Babcock FM Feed 1" type="2" provider="Globecast" onid="156" tsid="6400" namespace="0x005a0000" radio="1" />
      </transponder>
    </satellite>
    <satellite key="005a0000:1964:009c" name="Eutelsat-9.0E" namespace="0x005a0000" position="9">
      <transponder key="005a0000:1964:009c" frequency="12015000" symbol_rate="27500000" polarization="H" fec="2" system="0" modulation="0">
        <service id="0x01a3" sid="419" name="Comedy Central HD" type="25" provider="BASIS 1" onid="156" tsid="6500" namespace="0x005a0000" />
        <service id="0x01a2" sid="418" name="Deluxe Music HD" type="25" provider="BASIS 1" onid="156" tsid="6500" namespace="0x005a0000" />
        <service id="0x01a4" sid="420" name="Disney Channel HD" type="25" provider="BASIS 1" onid="156" tsid="6500" namespace="0x005a0000" />
        <service id="0x01a1" sid="417" name="RTL 2 HD" type="25" provider="BASIS 2" onid="156" tsid="6500" namespace="0x005a0000" />
        <service id="0x01a0" sid="416" name="sixx HD" type="25" provider="BASIS 2" onid="156" tsid="6500" namespace="0x005a0000" />
        <service id="0x00c4" sid="196" name="SUPER RTL HD" type="25" provider="BASIS 2" onid="156" tsid="6500" namespace="0x005a0000" />
      </transponder>
    </satellite>
    <satellite key="005a0000:19c8:009e" name="Eutelsat-9.0E" namespace="0x005a0000" position="9">
      <transponder key="005a0000:19c8:009e" frequency="12034000" symbol_rate="27500000" polarization="V" fec="3" system="0" modulation="0">
        <service id="0x00cc" sid="204" name="6 TER Suisse HD" type="1" provider="GLOBECAST" onid="158" tsid="6600" namespace="0x005a0000" />
        <service id="0x00a5" sid="165" name="BBC_Entertainment_Europe" type="1" provider="Globecast" onid="158" tsid="6600" namespace="0x005a0000" />
        <service id="0x00a6" sid="166" name="Disney Channel ME" type="1" provider="ARC/DCM2 TSOIP" onid="158" tsid="6600" namespace="0x005a0000" />
        <service id="0x00a8" sid="168" name="Karusel Int" type="1" provider="GLOBECAST" onid="158" tsid="6600" namespace="0x005a0000" />
        <service id="0x00ca" sid="202" name="M6 Suisse HD" type="1" provider="GLOBECAST" onid="158" tsid="6600" namespace="0x005a0000" />
        <service id="0x00a2" sid="162" name="ORTM" type="1" provider="GLOBECAST" onid="158" tsid="6600" namespace="0x005a0000" />
        <service id="0x00a1" sid="161" name="Phoenix Info News" type="1" provider="GLOBECAST" onid="158" tsid="6600" namespace="0x005a0000" />
        <service id="0x00a0" sid="160" name="RTG int" type="1" provider="GLOBECAST" onid="158" tsid="6600" namespace="0x005a0000" />
        <service id="0x00a3" sid="163" name="Télé Sahel" type="1" provider="GLOBECAST" onid="158" tsid="6600" namespace="0x005a0000" />
        <service id="0x00cd" sid="205" name="W9 Suisse HD" type="1" provider="GLOBECAST" onid="158" tsid="6600" namespace="0x005a0000" />
        <service id="0x00a4" sid="164" name="La Voix Du Sahel" type="2" provider="GLOBECAST" onid="158" tsid="6600" namespace="0x005a0000" radio="1" />
      </transponder>
    </satellite>
    <satellite key="005a0000:1af4:009e" name="Eutelsat-9.0E" namespace="0x005a0000" position="9">
      <transponder key="005a0000:1af4:009e" frequency="12092000" symbol_rate="27500000" polarization="H" fec="3" system="0" modulation="0">
        <service id="0x01c3" sid="451" name="DISJ1_CEMA" type="1" provider="Arqiva" onid="158" tsid="6900" namespace="0x005a0000" />
        <service id="0x01df" sid="479" name="E! Entertainment Europe" type="25" provider="Arqiva" onid="158" tsid="6900" namespace="0x005a0000" />
        <service id="0x01c8" sid="456" name="Luxe TV" type="25" provider="Arqiva" onid="158" tsid="6900" namespace="0x005a0000" />
        <service id="0x01cc" sid="460" name="NTDTV" type="22" provider="ARQIVA" onid="158" tsid="6900" namespace="0x005a0000" />
        <service id="0x01e8" sid="488" name="TV5MONDE France Belgique Suisse" type="1" provider="Arqiva LTD" onid="158" tsid="6900" namespace="0x005a0000" />
        <service id="0x046a" sid="1130" name="Vivolta" type="1" provider="Arqiva" onid="158" tsid="6900" namespace="0x005a0000" />
      </transponder>
    </satellite>
    <satellite key="005a0000:1bbc:009c" name="Eutelsat-9.0E" namespace="0x005a0000" position="9">
      <transponder key="005a0000:1bbc:009c" frequency="12130000" symbol_rate="27500000" polarization="H" fec="2" system="0" modulation="0">
        <service id="0x0bb8" sid="3000" name="BonGusto" type="1" provider="KabelKiosk" onid="156" tsid="7100" namespace="0x005a0000" />
        <service id="0x0b22" sid="2850" name="Channel One Russia" type="1" provider="KabelKiosk" onid="156" tsid="7100" namespace="0x005a0000" />
        <service id="0x09c4" sid="2500" name="Euro Star" type="1" provider="KabelKiosk" onid="156" tsid="7100" namespace="0x005a0000" />
        <service id="0x0aaa" sid="2730" name="EuroNews English" type="1" provider="KabelKiosk" onid="156" tsid="7100" namespace="0x005a0000" />
        <service id="0x0aa0" sid="2720" name="EuroNews French" type="1" provider="KabelKiosk" onid="156" tsid="7100" namespace="0x005a0000" />
        <service id="0x0bea" sid="3050" name="Heimatkanal" type="1" provider="KabelKiosk" onid="156" tsid="7100" namespace="0x005a0000" />
        <service id="0x0b86" sid="2950" name="Kinowelt TV" type="1" provider="KabelKiosk" onid="156" tsid="7100" namespace="0x005a0000" />
        <service id="0x0abe" sid="2750" name="Marco Polo TV" type="1" provider="KabelKiosk" onid="156" tsid="7100" namespace="0x005a0000" />
        <service id="0x0b54" sid="2900" name="Pro7 FUN HD" type="25" provider="KabelKiosk" onid="156" tsid="7100" namespace="0x005a0000" />
        <service id="0x09f6" sid="2550" name="RTR Planeta" type="1" provider="KabelKiosk" onid="156" tsid="7100" namespace="0x005a0000" />
        <service id="0x0fa0" sid="4000" name="Silverline" type="1" provider="KabelKiosk" onid="156" tsid="7100" namespace="0x005a0000" />
        <service id="0x0faa" sid="4010" name="SONY CHANNEL HD" type="25" provider="KabelKiosk" onid="156" tsid="7100" namespace="0x005a0000" />
        <service id="0xfffd" sid="65533" name="SWDL 65533" type="1" provider="KabelKiosk" onid="156" tsid="7100" namespace="0x005a0000" />
      </transponder>
    </satellite>
    <satellite key="005a0000:1edc:009c" name="Eutelsat-9.0E" namespace="0x005a0000" position="9">
      <transponder key="005a0000:1edc:009c" frequency="12245000" symbol_rate="27500000" polarization="H" fec="2" system="0" modulation="0">
        <service id="0x0055" sid="85" name="n-tv HD" type="25" provider="BASIS 1" onid="156" tsid="7900" namespace="0x005a0000" />
        <service id="0x0054" sid="84" name="NITRO HD" type="25" provider="BASIS 1" onid="156" tsid="7900" namespace="0x005a0000" />
        <service id="0x0052" sid="82" name="PRO 7 HD" type="25" provider="BASIS 1" onid="156" tsid="7900" namespace="0x005a0000" />
        <service id="0x012d" sid="301" name="RTL HD" type="25" provider="BASIS 1" onid="156" tsid="7900" namespace="0x005a0000" />
        <service id="0x012f" sid="303" name="SAT.1 HD" type="25" provider="BASIS 1" onid="156" tsid="7900" namespace="0x005a0000" />
        <service id="0x012e" sid="302" name="VOX HD" type="25" provider="BASIS 1" onid="156" tsid="7900" namespace="0x005a0000" />
      </transponder>
    </satellite>
    <satellite key="005a0000:1fa4:009c" name="Eutelsat-9.0E" namespace="0x005a0000" position="9">
      <transponder key="005a0000:1fa4:009c" frequency="12322000" symbol_rate="27500000" polarization="H" fec="2" system="0" modulation="0">
        <service id="0x02a0" sid="672" name="Animal Planet HD" type="25" provider="KabelKiosk" onid="156" tsid="8100" namespace="0x005a0000" />
        <service id="0x00de" sid="222" name="ATV Avrupa" type="1" provider="KabelKiosk" onid="156" tsid="8100" namespace="0x005a0000" />
        <service id="0x044c" sid="1100" name="CNN TURK" type="1" provider="KabelKiosk" onid="156" tsid="8100" namespace="0x005a0000" />
        <service id="0x04b0" sid="1200" name="Euro D" type="1" provider="KabelKiosk" onid="156" tsid="8100" namespace="0x005a0000" />
        <service id="0x047e" sid="1150" name="Kanal 7 avrupa" type="1" provider="KabelKiosk" onid="156" tsid="8100" namespace="0x005a0000" />
        <service id="0x06a4" sid="1700" name="MTV Live HD" type="25" provider="KabelKiosk" onid="156" tsid="8100" namespace="0x005a0000" />
        <service id="0x00f2" sid="242" name="RAI Tre" type="1" provider="KabelKiosk" onid="156" tsid="8100" namespace="0x005a0000" />
        <service id="0x00ca" sid="202" name="RAI Uno" type="1" provider="KabelKiosk" onid="156" tsid="8100" namespace="0x005a0000" />
        <service id="0x041a" sid="1050" name="Show Turk" type="1" provider="KabelKiosk" onid="156" tsid="8100" namespace="0x005a0000" />
        <service id="0x060e" sid="1550" name="TRT-Turk TV" type="1" provider="KabelKiosk" onid="156" tsid="8100" namespace="0x005a0000" />
        <service id="0x05dc" sid="1500" name="TV Polonia" type="1" provider="KabelKiosk" onid="156" tsid="8100" namespace="0x005a0000" />
        <service id="0x04e2" sid="1250" name="TV8 Int" type="1" provider="KabelKiosk" onid="156" tsid="8100" namespace="0x005a0000" />
        <service id="0x0118" sid="280" name="wetter.com TV" type="1" provider="KabelKiosk" onid="156" tsid="8100" namespace="0x005a0000" />
      </transponder>
    </satellite>
    <satellite key="005a0000:206c:009c" name="Eutelsat-9.0E" namespace="0x005a0000" position="9">
      <transponder key="005a0000:206c:009c" frequency="12360000" symbol_rate="27500000" polarization="H" fec="2" system="0" modulation="0">
        <service id="0x026c" sid="620" name="13th Street HD" type="25" provider="KabelKiosk" onid="156" tsid="8300" namespace="0x005a0000" />
        <service id="0x026a" sid="618" name="A&amp;E HD" type="25" provider="KabelKiosk" onid="156" tsid="8300" namespace="0x005a0000" />
        <service id="0x010d" sid="269" name="History" type="1" provider="KabelKiosk" onid="156" tsid="8300" namespace="0x005a0000" />
        <service id="0x026e" sid="622" name="National Geographic HD" type="25" provider="KabelKiosk" onid="156" tsid="8300" namespace="0x005a0000" />
        <service id="0x010b" sid="267" name="Nick Jr." type="1" provider="KabelKiosk" onid="156" tsid="8300" namespace="0x005a0000" />
        <service id="0x010c" sid="268" name="Spiegel TV Wissen HD" type="25" provider="KabelKiosk" onid="156" tsid="8300" namespace="0x005a0000" />
        <service id="0x026f" sid="623" name="SPORT1+ HD" type="25" provider="KabelKiosk" onid="156" tsid="8300" namespace="0x005a0000" />
        <service id="0x026d" sid="621" name="SyFy HD" type="25" provider="KabelKiosk" onid="156" tsid="8300" namespace="0x005a0000" />
      </transponder>
    </satellite>
    <satellite key="005a0000:2134:009c" name="Eutelsat-9.0E" namespace="0x005a0000" position="9">
      <transponder key="005a0000:2134:009c" frequency="11977000" symbol_rate="27500000" polarization="H" fec="2" system="0" modulation="0">
        <service id="0x01f8" sid="504" name="auto motor und sport channel" type="1" provider="KabelKiosk" onid="156" tsid="8500" namespace="0x005a0000" />
        <service id="0x01fc" sid="508" name="Blue Hustler" type="1" provider="KabelKiosk" onid="156" tsid="8500" namespace="0x005a0000" />
        <service id="0x01fa" sid="506" name="Fix &amp; Foxi" type="1" provider="KabelKiosk" onid="156" tsid="8500" namespace="0x005a0000" />
        <service id="0x01f9" sid="505" name="FUEL TV HD" type="25" provider="KabelKiosk" onid="156" tsid="8500" namespace="0x005a0000" />
        <service id="0x01f7" sid="503" name="iTVN" type="1" provider="KabelKiosk" onid="156" tsid="8500" namespace="0x005a0000" />
        <service id="0x01ff" sid="511" name="Kinomir" type="1" provider="KabelKiosk" onid="156" tsid="8500" namespace="0x005a0000" />
        <service id="0x01f5" sid="501" name="Mediaset Italia" type="1" provider="KabelKiosk" onid="156" tsid="8500" namespace="0x005a0000" />
        <service id="0x01fd" sid="509" name="Mezzo Live HD" type="25" provider="KabelKiosk" onid="156" tsid="8500" namespace="0x005a0000" />
        <service id="0x01fe" sid="510" name="OstWest" type="1" provider="KabelKiosk" onid="156" tsid="8500" namespace="0x005a0000" />
        <service id="0x01fb" sid="507" name="Penthouse Passion" type="25" provider="KabelKiosk" onid="156" tsid="8500" namespace="0x005a0000" />
        <service id="0x00c9" sid="201" name="Penthouse Passion (20-06)" type="25" provider="KabelKiosk" onid="156" tsid="8500" namespace="0x005a0000" />
        <service id="0x01f6" sid="502" name="Playboy TV" type="1" provider="KabelKiosk" onid="156" tsid="8500" namespace="0x005a0000" />
        <service id="0x00cb" sid="203" name="Playboy TV SD (20-06)" type="1" provider="KabelKiosk" onid="156" tsid="8500" namespace="0x005a0000" />
        <service id="0x00c8" sid="200" name="TeleBom/TeleDom" type="1" provider="KabelKiosk" onid="156" tsid="8500" namespace="0x005a0000" />
      </transponder>
    </satellite>
    <satellite key="005a0000:21fc:009c" name="Eutelsat-9.0E" namespace="0x005a0000" position="9">
      <transponder key="005a0000:21fc:009c" frequency="12437000" symbol_rate="27500000" polarization="H" fec="2" system="0" modulation="0">
        <service id="0x4eeb" sid="20203" name="AXN HD" type="25" provider="KabelKiosk" onid="156" tsid="8700" namespace="0x005a0000" />
        <service id="0x4ef3" sid="20211" name="Discovery Channel HD" type="25" provider="KabelKiosk" onid="156" tsid="8700" namespace="0x005a0000" />
        <service id="0x4eee" sid="20206" name="Duck TV SD" type="22" provider="KabelKiosk" onid="156" tsid="8700" namespace="0x005a0000" />
        <service id="0x4eed" sid="20205" name="E! Entertainment D" type="1" provider="KabelKiosk" onid="156" tsid="8700" namespace="0x005a0000" />
        <service id="0x4ef1" sid="20209" name="Eurosport 2" type="1" provider="KabelKiosk" onid="156" tsid="8700" namespace="0x005a0000" />
        <service id="0x4ef6" sid="20214" name="FOX HD" type="25" provider="KabelKiosk" onid="156" tsid="8700" namespace="0x005a0000" />
        <service id="0x4ef2" sid="20210" name="Gute Laune TV" type="1" provider="KabelKiosk" onid="156" tsid="8700" namespace="0x005a0000" />
        <service id="0x4eea" sid="20202" name="Romance TV" type="1" provider="KabelKiosk" onid="156" tsid="8700" namespace="0x005a0000" />
        <service id="0x4eef" sid="20207" name="sportdigital HD" type="25" provider="KabelKiosk" onid="156" tsid="8700" namespace="0x005a0000" />
      </transponder>
    </satellite>
    <satellite key="005a0000:c35a:009e" name="Eutelsat-9.0E" namespace="0x005a0000" position="9">
      <transponder key="005a0000:c35a:009e" frequency="11727000" symbol_rate="30000000" polarization="V" fec="3" system="0" modulation="0">
        <service id="0x0095" sid="149" name="CAZ" type="22" provider="Joyne" onid="158" tsid="50010" namespace="0x005a0000" />
        <service id="0x033e" sid="830" name="Groot nieuws Radio" type="2" provider="Joyne" onid="158" tsid="50010" namespace="0x005a0000" radio="1" />
        <service id="0x033b" sid="827" name="Joe" type="2" provider="Joyne" onid="158" tsid="50010" namespace="0x005a0000" radio="1" />
        <service id="0x0097" sid="151" name="Klara" type="2" provider="Joyne" onid="158" tsid="50010" namespace="0x005a0000" radio="1" />
        <service id="0x0098" sid="152" name="Klara Continuo" type="2" provider="Joyne" onid="158" tsid="50010" namespace="0x005a0000" radio="1" />
        <service id="0x014e" sid="334" name="MNM" type="2" provider="Joyne" onid="158" tsid="50010" namespace="0x005a0000" radio="1" />
        <service id="0x014f" sid="335" name="MNM Hits" type="2" provider="Joyne" onid="158" tsid="50010" namespace="0x005a0000" radio="1" />
        <service id="0x033c" sid="828" name="Nostalgie" type="2" provider="Joyne" onid="158" tsid="50010" namespace="0x005a0000" radio="1" />
        <service id="0x033a" sid="826" name="Q Music" type="2" provider="Joyne" onid="158" tsid="50010" namespace="0x005a0000" radio="1" />
        <service id="0x033d" sid="829" name="Radio Continu" type="2" provider="Joyne" onid="158" tsid="50010" namespace="0x005a0000" radio="1" />
        <service id="0x0099" sid="153" name="Sporza" type="2" provider="Joyne" onid="158" tsid="50010" namespace="0x005a0000" radio="1" />
        <service id="0x0096" sid="150" name="Studio Brussel" type="2" provider="Joyne" onid="158" tsid="50010" namespace="0x005a0000" radio="1" />
        <service id="0x014d" sid="333" name="VRT NMS" type="2" provider="Joyne" onid="158" tsid="50010" namespace="0x005a0000" radio="1" />
        <service id="0x014b" sid="331" name="VRT Radio 1" type="2" provider="Joyne" onid="158" tsid="50010" namespace="0x005a0000" radio="1" />
        <service id="0x014c" sid="332" name="VRT Radio 2" type="2" provider="Joyne" onid="158" tsid="50010" namespace="0x005a0000" radio="1" />
      </transponder>
    </satellite>
    <satellite key="005a0000:c3c8:009e" name="Eutelsat-9.0E" namespace="0x005a0000" position="9">
      <transponder key="005a0000:c3c8:009e" frequency="11938000" symbol_rate="27500000" polarization="H" fec="2" system="0" modulation="0">
        <service id="0x025a" sid="602" name="Better-1" type="1" provider="encoder" onid="158" tsid="50120" namespace="0x005a0000" />
        <service id="0x025b" sid="603" name="Better-2" type="1" provider="encoder" onid="158" tsid="50120" namespace="0x005a0000" />
        <service id="0x025c" sid="604" name="Better-3" type="1" provider="encoder" onid="158" tsid="50120" namespace="0x005a0000" />
        <service id="0x025d" sid="605" name="Better-4" type="1" provider="encoder" onid="158" tsid="50120" namespace="0x005a0000" />
      </transponder>
    </satellite>
    <satellite key="005a0000:c40e:009e" name="Eutelsat-9.0E" namespace="0x005a0000" position="9">
      <transponder key="005a0000:c40e:009e" frequency="12074000" symbol_rate="30000000" polarization="V" fec="3" system="0" modulation="0">
        <service id="0x019b" sid="411" name="NashvilleTV" type="22" provider="Joyne" onid="158" tsid="50190" namespace="0x005a0000" />
        <service id="0x019d" sid="413" name="NL Regionaal 1" type="22" provider="Joyne" onid="158" tsid="50190" namespace="0x005a0000" />
        <service id="0x019e" sid="414" name="NL Regionaal 2" type="22" provider="Joyne" onid="158" tsid="50190" namespace="0x005a0000" />
        <service id="0x019a" sid="410" name="SchlagerTV" type="22" provider="Joyne" onid="158" tsid="50190" namespace="0x005a0000" />
        <service id="0x00c7" sid="199" name="TV Oranje" type="22" provider="Joyne" onid="158" tsid="50190" namespace="0x005a0000" />
        <service id="0x01b7" sid="439" name="100% NL" type="2" provider="Joyne" onid="158" tsid="50190" namespace="0x005a0000" radio="1" />
        <service id="0x01b1" sid="433" name="NPO Radio 1" type="2" provider="Joyne" onid="158" tsid="50190" namespace="0x005a0000" radio="1" />
        <service id="0x01b2" sid="434" name="NPO Radio 2" type="2" provider="Joyne" onid="158" tsid="50190" namespace="0x005a0000" radio="1" />
        <service id="0x01b3" sid="435" name="NPO Radio 3" type="2" provider="Joyne" onid="158" tsid="50190" namespace="0x005a0000" radio="1" />
        <service id="0x01b4" sid="436" name="NPO Radio 4" type="2" provider="Joyne" onid="158" tsid="50190" namespace="0x005a0000" radio="1" />
        <service id="0x01b5" sid="437" name="NPO Radio 5" type="2" provider="Joyne" onid="158" tsid="50190" namespace="0x005a0000" radio="1" />
        <service id="0x01b9" sid="441" name="Radio 538" type="2" provider="Joyne" onid="158" tsid="50190" namespace="0x005a0000" radio="1" />
        <service id="0x01b6" sid="438" name="Radio NL" type="2" provider="Joyne" onid="158" tsid="50190" namespace="0x005a0000" radio="1" />
        <service id="0x01b8" sid="440" name="Sky Radio" type="2" provider="Joyne" onid="158" tsid="50190" namespace="0x005a0000" radio="1" />
        <service id="0x01ba" sid="442" name="Veronica" type="2" provider="Joyne" onid="158" tsid="50190" namespace="0x005a0000" radio="1" />
      </transponder>
    </satellite>
  </satellites>
</zapit>
