<?xml version='1.0' encoding='utf-8'?>
<zapit api="4">
  <satellites>
    <satellite key="02582d98:0001:0001" name="Sat-60E" namespace="0x02582d98" position="60">
      <transponder key="02582d98:0001:0001" frequency="11672000" symbol_rate="4960000" polarization="H" fec="5" system="0" modulation="0">
        <service id="0x0002" sid="2" name="KISS TV" type="1" provider="ESS" onid="1" tsid="1" namespace="0x02582d98" />
        <service id="0x0001" sid="1" name="PRIMA TV" type="1" provider="ESS" onid="1" tsid="1" namespace="0x02582d98" />
      </transponder>
    </satellite>
  </satellites>
</zapit>
