<?xml version='1.0' encoding='utf-8'?>
<zapit>
  <bouquet name="General" category="tv">
    <channel service_ref="1:0:1:0001:0001:ffff:0212b158:0:0:0:" name="Al Manar" service_name="Al Manar" provider="Al Manar" sid="1" onid="65535" tsid="1" />
    <channel service_ref="1:0:1:0002:0000:0000:0212b165:0:0:0:" name="Al-Sahat TV" service_name="Al-Sahat TV" provider="" sid="2" onid="0" tsid="0" />
    <channel service_ref="1:0:1:0001:1000:2000:0212b0db:0:0:0:" name="alhawyh tv" service_name="alhawyh tv" provider="Harmonic" sid="1" onid="8192" tsid="4096" />
    <channel service_ref="1:0:1:0001:1000:2000:02120000:0:0:0:" name="Allhthah TV" service_name="Allhthah TV" provider="Harmonic" sid="1" onid="8192" tsid="4096" />
    <channel service_ref="1:0:1:0001:0001:ffff:0212b163:0:0:0:" name="Almasirah" service_name="Almasirah" provider="Almasirah" sid="1" onid="65535" tsid="1" />
    <channel service_ref="1:0:1:0006:abe0:1388:02120000:0:0:0:" name="Alternative Shorai TV" service_name="Alternative Shorai TV" provider="" sid="6" onid="5000" tsid="44000" />
    <channel service_ref="1:0:1:0005:abe0:1388:02120000:0:0:0:" name="Iran International" service_name="Iran International" provider="Wide Network Solutions" sid="5" onid="5000" tsid="44000" />
    <channel service_ref="1:0:1:0008:abe0:1388:02120000:0:0:0:" name="ITT TV" service_name="ITT TV" provider="" sid="8" onid="5000" tsid="44000" />
    <channel service_ref="1:0:1:0001:0002:0000:0212aafa:0:0:0:" name="Kentron" service_name="Kentron" provider="kentron" sid="1" onid="0" tsid="2" />
    <channel service_ref="1:0:1:0001:0001:0000:0212b0e0:0:0:0:" name="khalij" service_name="khalij" provider="khalij" sid="1" onid="0" tsid="1" />
    <channel service_ref="1:0:1:000c:abe0:1388:02120000:0:0:0:" name="Kurd Channel HD" service_name="Kurd Channel HD" provider="" sid="12" onid="5000" tsid="44000" />
    <channel service_ref="1:0:1:0001:0001:ffff:0212b17b:0:0:0:" name="Kurdsat HD" service_name="Kurdsat HD" provider="Service Provider" sid="1" onid="65535" tsid="1" />
    <channel service_ref="1:0:1:0001:0001:ffff:0212b183:0:0:0:" name="Kurdsat News" service_name="Kurdsat News" provider="Service Provider" sid="1" onid="65535" tsid="1" />
    <channel service_ref="1:0:1:000b:abe0:1388:02120000:0:0:0:" name="Kurdsat News SD" service_name="Kurdsat News SD" provider="" sid="11" onid="5000" tsid="44000" />
    <channel service_ref="1:0:1:001a:abe0:1388:02120000:0:0:0:" name="Mihan Radio" service_name="Mihan Radio" provider="" sid="26" onid="5000" tsid="44000" />
    <channel service_ref="1:0:1:0001:0001:0000:0212b173:0:0:0:" name="MTV_BH" service_name="MTV_BH" provider="SV" sid="1" onid="0" tsid="1" />
    <channel service_ref="1:0:1:0002:0001:0000:0212b173:0:0:0:" name="ONE_BH" service_name="ONE_BH" provider="SV" sid="2" onid="0" tsid="1" />
    <channel service_ref="1:0:1:00d2:abe0:1388:02120000:0:0:0:" name="Quiz TV" service_name="Quiz TV" provider="" sid="210" onid="5000" tsid="44000" />
    <channel service_ref="1:0:1:0002:abe0:1388:02120000:0:0:0:" name="Quiz TV 2" service_name="Quiz TV 2" provider="" sid="2" onid="5000" tsid="44000" />
    <channel service_ref="1:0:1:0007:abe0:1388:02120000:0:0:0:" name="Radio Javan HD" service_name="Radio Javan HD" provider="Wide Network Solutions" sid="7" onid="5000" tsid="44000" />
    <channel service_ref="1:0:1:0002:0001:0001:0212ab04:0:0:0:" name="RasoulAllah TV" service_name="RasoulAllah TV" provider="TTS" sid="2" onid="1" tsid="1" />
    <channel service_ref="1:0:1:0001:0001:ffff:0212b16b:0:0:0:" name="Service-1" service_name="Service-1" provider="Service Provider" sid="1" onid="65535" tsid="1" />
    <channel service_ref="1:0:1:000f:abe0:1388:02120000:0:0:0:" name="Simay Azadi HD" service_name="Simay Azadi HD" provider="" sid="15" onid="5000" tsid="44000" />
    <channel service_ref="1:0:1:000e:abe0:1388:02120000:0:0:0:" name="Simay Azadi SD" service_name="Simay Azadi SD" provider="" sid="14" onid="5000" tsid="44000" />
    <channel service_ref="1:0:1:000a:abe0:1388:02120000:0:0:0:" name="TISHK TV HD" service_name="TISHK TV HD" provider="" sid="10" onid="5000" tsid="44000" />
    <channel service_ref="1:0:1:0001:0001:0001:0212ab04:0:0:0:" name="Towheed TV" service_name="Towheed TV" provider="TTS" sid="1" onid="1" tsid="1" />
    <channel service_ref="1:0:1:0006:0001:0001:0212b16f:0:0:0:" name="WASSAT TV" service_name="WASSAT TV" provider="WTV" sid="6" onid="1" tsid="1" />
  </bouquet>
  <bouquet name="News" category="tv">
    <channel service_ref="1:0:1:0001:0001:ffff:0212b183:0:0:0:" name="Kurdsat News" service_name="Kurdsat News" provider="Service Provider" sid="1" onid="65535" tsid="1" />
    <channel service_ref="1:0:1:000b:abe0:1388:02120000:0:0:0:" name="Kurdsat News SD" service_name="Kurdsat News SD" provider="" sid="11" onid="5000" tsid="44000" />
  </bouquet>
  <bouquet name="Music" category="tv">
    <channel service_ref="1:0:1:0001:0001:0000:0212b173:0:0:0:" name="MTV_BH" service_name="MTV_BH" provider="SV" sid="1" onid="0" tsid="1" />
  </bouquet>
  <bouquet name="RAI" category="tv">
    <channel service_ref="1:0:1:0006:abe0:1388:02120000:0:0:0:" name="Alternative Shorai TV" service_name="Alternative Shorai TV" provider="" sid="6" onid="5000" tsid="44000" />
  </bouquet>
  <bouquet name="Resolution - HD" category="tv">
    <channel service_ref="1:0:1:000c:abe0:1388:02120000:0:0:0:" name="Kurd Channel HD" service_name="Kurd Channel HD" provider="" sid="12" onid="5000" tsid="44000" />
    <channel service_ref="1:0:1:0001:0001:ffff:0212b17b:0:0:0:" name="Kurdsat HD" service_name="Kurdsat HD" provider="Service Provider" sid="1" onid="65535" tsid="1" />
    <channel service_ref="1:0:1:0007:abe0:1388:02120000:0:0:0:" name="Radio Javan HD" service_name="Radio Javan HD" provider="Wide Network Solutions" sid="7" onid="5000" tsid="44000" />
    <channel service_ref="1:0:1:000f:abe0:1388:02120000:0:0:0:" name="Simay Azadi HD" service_name="Simay Azadi HD" provider="" sid="15" onid="5000" tsid="44000" />
    <channel service_ref="1:0:1:000a:abe0:1388:02120000:0:0:0:" name="TISHK TV HD" service_name="TISHK TV HD" provider="" sid="10" onid="5000" tsid="44000" />
  </bouquet>
  <bouquet name="Resolution - SD" category="tv">
    <channel service_ref="1:0:1:000b:abe0:1388:02120000:0:0:0:" name="Kurdsat News SD" service_name="Kurdsat News SD" provider="" sid="11" onid="5000" tsid="44000" />
    <channel service_ref="1:0:1:000e:abe0:1388:02120000:0:0:0:" name="Simay Azadi SD" service_name="Simay Azadi SD" provider="" sid="14" onid="5000" tsid="44000" />
  </bouquet>
  <bouquet name="Others" category="tv">
    <channel service_ref="1:0:1:0001:0001:ffff:0212b158:0:0:0:" name="Al Manar" service_name="Al Manar" provider="Al Manar" sid="1" onid="65535" tsid="1" />
    <channel service_ref="1:0:1:0002:0000:0000:0212b165:0:0:0:" name="Al-Sahat TV" service_name="Al-Sahat TV" provider="" sid="2" onid="0" tsid="0" />
    <channel service_ref="1:0:1:0001:1000:2000:0212b0db:0:0:0:" name="alhawyh tv" service_name="alhawyh tv" provider="Harmonic" sid="1" onid="8192" tsid="4096" />
    <channel service_ref="1:0:1:0001:1000:2000:02120000:0:0:0:" name="Allhthah TV" service_name="Allhthah TV" provider="Harmonic" sid="1" onid="8192" tsid="4096" />
    <channel service_ref="1:0:1:0001:0001:ffff:0212b163:0:0:0:" name="Almasirah" service_name="Almasirah" provider="Almasirah" sid="1" onid="65535" tsid="1" />
    <channel service_ref="1:0:1:0005:abe0:1388:02120000:0:0:0:" name="Iran International" service_name="Iran International" provider="Wide Network Solutions" sid="5" onid="5000" tsid="44000" />
    <channel service_ref="1:0:1:0008:abe0:1388:02120000:0:0:0:" name="ITT TV" service_name="ITT TV" provider="" sid="8" onid="5000" tsid="44000" />
    <channel service_ref="1:0:1:0001:0002:0000:0212aafa:0:0:0:" name="Kentron" service_name="Kentron" provider="kentron" sid="1" onid="0" tsid="2" />
    <channel service_ref="1:0:1:0001:0001:0000:0212b0e0:0:0:0:" name="khalij" service_name="khalij" provider="khalij" sid="1" onid="0" tsid="1" />
    <channel service_ref="1:0:1:000c:abe0:1388:02120000:0:0:0:" name="Kurd Channel HD" service_name="Kurd Channel HD" provider="" sid="12" onid="5000" tsid="44000" />
    <channel service_ref="1:0:1:0001:0001:ffff:0212b17b:0:0:0:" name="Kurdsat HD" service_name="Kurdsat HD" provider="Service Provider" sid="1" onid="65535" tsid="1" />
    <channel service_ref="1:0:1:001a:abe0:1388:02120000:0:0:0:" name="Mihan Radio" service_name="Mihan Radio" provider="" sid="26" onid="5000" tsid="44000" />
    <channel service_ref="1:0:1:0002:0001:0000:0212b173:0:0:0:" name="ONE_BH" service_name="ONE_BH" provider="SV" sid="2" onid="0" tsid="1" />
    <channel service_ref="1:0:1:00d2:abe0:1388:02120000:0:0:0:" name="Quiz TV" service_name="Quiz TV" provider="" sid="210" onid="5000" tsid="44000" />
    <channel service_ref="1:0:1:0002:abe0:1388:02120000:0:0:0:" name="Quiz TV 2" service_name="Quiz TV 2" provider="" sid="2" onid="5000" tsid="44000" />
    <channel service_ref="1:0:1:0007:abe0:1388:02120000:0:0:0:" name="Radio Javan HD" service_name="Radio Javan HD" provider="Wide Network Solutions" sid="7" onid="5000" tsid="44000" />
    <channel service_ref="1:0:1:0002:0001:0001:0212ab04:0:0:0:" name="RasoulAllah TV" service_name="RasoulAllah TV" provider="TTS" sid="2" onid="1" tsid="1" />
    <channel service_ref="1:0:1:0001:0001:ffff:0212b16b:0:0:0:" name="Service-1" service_name="Service-1" provider="Service Provider" sid="1" onid="65535" tsid="1" />
    <channel service_ref="1:0:1:000f:abe0:1388:02120000:0:0:0:" name="Simay Azadi HD" service_name="Simay Azadi HD" provider="" sid="15" onid="5000" tsid="44000" />
    <channel service_ref="1:0:1:000e:abe0:1388:02120000:0:0:0:" name="Simay Azadi SD" service_name="Simay Azadi SD" provider="" sid="14" onid="5000" tsid="44000" />
    <channel service_ref="1:0:1:000a:abe0:1388:02120000:0:0:0:" name="TISHK TV HD" service_name="TISHK TV HD" provider="" sid="10" onid="5000" tsid="44000" />
    <channel service_ref="1:0:1:0001:0001:0001:0212ab04:0:0:0:" name="Towheed TV" service_name="Towheed TV" provider="TTS" sid="1" onid="1" tsid="1" />
    <channel service_ref="1:0:1:0006:0001:0001:0212b16f:0:0:0:" name="WASSAT TV" service_name="WASSAT TV" provider="WTV" sid="6" onid="1" tsid="1" />
  </bouquet>
  <bouquet name="Radio" category="radio">
    <channel service_ref="1:0:2:0002:0001:ffff:0212b158:0:0:0:" name="Al Nour" service_name="Al Nour" provider="Al Manar" sid="2" onid="65535" tsid="1" />
    <channel service_ref="1:0:2:0002:1000:2000:02120000:0:0:0:" name="Allahthah-FM" service_name="Allahthah-FM" provider="Harmonic" sid="2" onid="8192" tsid="4096" />
    <channel service_ref="1:0:2:0001:abe0:1388:02120000:0:0:0:" name="R Radio" service_name="R Radio" provider="" sid="1" onid="5000" tsid="44000" />
    <channel service_ref="1:0:2:0002:1000:2000:0212b0db:0:0:0:" name="radio alhawyah tv" service_name="radio alhawyah tv" provider="Harmonic" sid="2" onid="8192" tsid="4096" />
  </bouquet>
  <bouquet name="Radio - Music" category="radio">
    <channel service_ref="1:0:2:0002:1000:2000:02120000:0:0:0:" name="Allahthah-FM" service_name="Allahthah-FM" provider="Harmonic" sid="2" onid="8192" tsid="4096" />
  </bouquet>
</zapit>
