<?xml version='1.0' encoding='utf-8'?>
<zapit api="4">
  <terrestrials>
    <terrestrial key="eeee0000:27d7:217c" name="QUENZA" namespace="0xeeee0000">
      <transponder key="eeee0000:27d7:217c" frequency="618000000" symbol_rate="0" polarization="H" fec="5" system="0" modulation="4">
        <service id="0x0004" sid="4" name="BERGAMO TV..." type="1" provider="QUENZA" onid="8572" tsid="10199" namespace="0xeeee0000" />
        <service id="0x002b" sid="43" name="Lodi Crema Tv..." type="1" provider="QUENZA" onid="8572" tsid="10199" namespace="0xeeee0000" />
        <service id="0x0006" sid="6" name="RADIO LOMBARDIA TV..." type="1" provider="QUENZA" onid="8572" tsid="10199" namespace="0xeeee0000" />
        <service id="0x109b" sid="4251" name="RDS Social TV..." type="1" provider="QUENZA" onid="8572" tsid="10199" namespace="0xeeee0000" />
        <service id="0x0001" sid="1" name="RN1TV..." type="1" provider="QUENZA" onid="8572" tsid="10199" namespace="0xeeee0000" />
        <service id="0x0002" sid="2" name="SEILATV..." type="1" provider="QUENZA" onid="8572" tsid="10199" namespace="0xeeee0000" />
        <service id="0x000a" sid="10" name="TELE RITMO..." type="1" provider="QUENZA" onid="8572" tsid="10199" namespace="0xeeee0000" />
        <service id="0x000c" sid="12" name="TELECUPOLE..." type="1" provider="QUENZA" onid="8572" tsid="10199" namespace="0xeeee0000" />
        <service id="0x002c" sid="44" name="Telepace..." type="1" provider="QUENZA" onid="8572" tsid="10199" namespace="0xeeee0000" />
        <service id="0x0005" sid="5" name="UNICA SONDRIO" type="1" provider="QUENZA" onid="8572" tsid="10199" namespace="0xeeee0000" />
        <service id="0x000f" sid="15" name="VideoNovara..." type="1" provider="QUENZA" onid="8572" tsid="10199" namespace="0xeeee0000" />
        <service id="0x000e" sid="14" name="RADIO ALTA..." type="2" provider="QUENZA" onid="8572" tsid="10199" namespace="0xeeee0000" radio="1" />
        <service id="0x000d" sid="13" name="RADIO MILLENOTE..." type="2" provider="QUENZA" onid="8572" tsid="10199" namespace="0xeeee0000" radio="1" />
        <service id="0x000b" sid="11" name="RADIONUMBERONE..." type="2" provider="QUENZA" onid="8572" tsid="10199" namespace="0xeeee0000" radio="1" />
        <service id="0x0007" sid="7" name="RADIOPACE..." type="2" provider="QUENZA" onid="8572" tsid="10199" namespace="0xeeee0000" radio="1" />
      </transponder>
    </terrestrial>
  </terrestrials>
</zapit>
