<?xml version='1.0' encoding='utf-8'?>
<zapit api="4">
  <satellites>
    <satellite key="0dc00000:0001:0800" name="Sat-8W" namespace="0x0dc00000" position="-8">
      <transponder key="0dc00000:0001:0800" frequency="11055000" symbol_rate="27500000" polarization="H" fec="2" system="0" modulation="0">
        <service id="0x0a8e" sid="2702" name="Al Safwa" type="25" provider="Orbit Showtime Network" onid="2048" tsid="1" namespace="0x0dc00000" />
        <service id="0x0a8d" sid="2701" name="Al Yawm" type="25" provider="Orbit Showtime Network" onid="2048" tsid="1" namespace="0x0dc00000" />
        <service id="0x0a91" sid="2705" name="Arabic Series +2" type="25" provider="Orbit Showtime Network" onid="2048" tsid="1" namespace="0x0dc00000" />
        <service id="0x0a92" sid="2706" name="Arabic Series Channel" type="25" provider="Orbit Showtime Network" onid="2048" tsid="1" namespace="0x0dc00000" />
        <service id="0x0a8f" sid="2703" name="Cinema 1" type="25" provider="Orbit Showtime Network" onid="2048" tsid="1" namespace="0x0dc00000" />
        <service id="0x0a90" sid="2704" name="Cinema 2" type="25" provider="Orbit Showtime Network" onid="2048" tsid="1" namespace="0x0dc00000" />
        <service id="0x0a93" sid="2707" name="Fann" type="25" provider="Orbit Showtime Network" onid="2048" tsid="1" namespace="0x0dc00000" />
        <service id="0x0a94" sid="2708" name="Music Now" type="25" provider="Orbit Showtime Network" onid="2048" tsid="1" namespace="0x0dc00000" />
      </transponder>
    </satellite>
    <satellite key="0dc00000:001e:006e" name="Sat-8W" namespace="0x0dc00000" position="-8">
      <transponder key="0dc00000:001e:006e" frequency="11137000" symbol_rate="27500000" polarization="H" fec="4" system="0" modulation="0">
        <service id="0x001d" sid="29" name="Aldawaa Alshafy" type="1" provider="NOORSAT" onid="110" tsid="30" namespace="0x0dc00000" />
        <service id="0x0002" sid="2" name="Cairo One TV" type="1" provider="NOORSAT" onid="110" tsid="30" namespace="0x0dc00000" />
        <service id="0x000c" sid="12" name="Cinema 1" type="1" provider="NOORSAT" onid="110" tsid="30" namespace="0x0dc00000" />
        <service id="0x000a" sid="10" name="Cinema 2" type="1" provider="NOORSAT" onid="110" tsid="30" namespace="0x0dc00000" />
        <service id="0x000e" sid="14" name="El Shasha Cinema" type="1" provider="NOORSAT" onid="110" tsid="30" namespace="0x0dc00000" />
        <service id="0x0005" sid="5" name="Health &amp; Food TV" type="1" provider="" onid="110" tsid="30" namespace="0x0dc00000" />
        <service id="0x001c" sid="28" name="IUC" type="1" provider="NOORSAT" onid="110" tsid="30" namespace="0x0dc00000" />
        <service id="0x0008" sid="8" name="Layaly Cinema" type="1" provider="NOORSAT" onid="110" tsid="30" namespace="0x0dc00000" />
        <service id="0x0010" sid="16" name="Lumiere TV" type="1" provider="NOORSAT" onid="110" tsid="30" namespace="0x0dc00000" />
        <service id="0x0011" sid="17" name="Masr Alhayah" type="1" provider="" onid="110" tsid="30" namespace="0x0dc00000" />
        <service id="0x001b" sid="27" name="Music Sha3by" type="1" provider="NOORSAT" onid="110" tsid="30" namespace="0x0dc00000" />
        <service id="0x000f" sid="15" name="Nabd Syria TV" type="1" provider="NOORSAT" onid="110" tsid="30" namespace="0x0dc00000" />
        <service id="0x0001" sid="1" name="Nour El Keddisin" type="1" provider="NOORSAT" onid="110" tsid="30" namespace="0x0dc00000" />
        <service id="0x001f" sid="31" name="Nour Kids" type="1" provider="NOORSAT" onid="110" tsid="30" namespace="0x0dc00000" />
        <service id="0x000b" sid="11" name="Qamishlo TV" type="1" provider="NOORSAT" onid="110" tsid="30" namespace="0x0dc00000" />
        <service id="0x001a" sid="26" name="Rojava TV" type="1" provider="" onid="110" tsid="30" namespace="0x0dc00000" />
        <service id="0x0003" sid="3" name="Samarra TV" type="1" provider="NOORSAT" onid="110" tsid="30" namespace="0x0dc00000" />
        <service id="0x000d" sid="13" name="Sout Masr" type="1" provider="NOORSAT" onid="110" tsid="30" namespace="0x0dc00000" />
        <service id="0x0012" sid="18" name="TEST-EGYPT" type="1" provider="NOORSAT" onid="110" tsid="30" namespace="0x0dc00000" />
        <service id="0x001e" sid="30" name="Uber Cinema" type="1" provider="NOORSAT" onid="110" tsid="30" namespace="0x0dc00000" />
      </transponder>
    </satellite>
    <satellite key="0dc00000:001f:006e" name="Sat-8W" namespace="0x0dc00000" position="-8">
      <transponder key="0dc00000:001f:006e" frequency="11179000" symbol_rate="27500000" polarization="H" fec="4" system="0" modulation="0">
        <service id="0x001c" sid="28" name="22 TV" type="1" provider="OSAT" onid="110" tsid="31" namespace="0x0dc00000" />
        <service id="0x002f" sid="47" name="Aflam Tube" type="1" provider="OSAT" onid="110" tsid="31" namespace="0x0dc00000" />
        <service id="0x0024" sid="36" name="Albaghdadia Now" type="1" provider="NOORSAT" onid="110" tsid="31" namespace="0x0dc00000" />
        <service id="0x004c" sid="76" name="Cima Tube" type="1" provider="OSAT" onid="110" tsid="31" namespace="0x0dc00000" />
        <service id="0x0014" sid="20" name="Cinema Tube" type="1" provider="OSAT" onid="110" tsid="31" namespace="0x0dc00000" />
        <service id="0x003f" sid="63" name="Correct October" type="1" provider="NOORSAT" onid="110" tsid="31" namespace="0x0dc00000" />
        <service id="0x004a" sid="74" name="Film Tube" type="1" provider="NOORSAT" onid="110" tsid="31" namespace="0x0dc00000" />
        <service id="0x0017" sid="23" name="Halaba Stret" type="1" provider="OSAT" onid="110" tsid="31" namespace="0x0dc00000" />
        <service id="0x003e" sid="62" name="Masr Alyoum" type="1" provider="NOORSAT" onid="110" tsid="31" namespace="0x0dc00000" />
        <service id="0x001a" sid="26" name="Mosalsalat Tube" type="1" provider="OSAT" onid="110" tsid="31" namespace="0x0dc00000" />
        <service id="0x0022" sid="34" name="Music Alaraab" type="1" provider="NOORSAT" onid="110" tsid="31" namespace="0x0dc00000" />
        <service id="0x0026" sid="38" name="Nour El Sham" type="1" provider="NOORSAT" onid="110" tsid="31" namespace="0x0dc00000" />
        <service id="0x004d" sid="77" name="Quran TV" type="1" provider="OSAT" onid="110" tsid="31" namespace="0x0dc00000" />
        <service id="0x0015" sid="21" name="Sama TV" type="1" provider="NOORSAT" onid="110" tsid="31" namespace="0x0dc00000" />
        <service id="0x003d" sid="61" name="Super Cinema" type="1" provider="OSAT" onid="110" tsid="31" namespace="0x0dc00000" />
        <service id="0x0027" sid="39" name="SYRIA FM" type="1" provider="NOORSAT" onid="110" tsid="31" namespace="0x0dc00000" />
        <service id="0x001e" sid="30" name="Syria Satellite Channel" type="1" provider="NOORSAT" onid="110" tsid="31" namespace="0x0dc00000" />
        <service id="0x001f" sid="31" name="Syrian Drama TV" type="1" provider="NOORSAT" onid="110" tsid="31" namespace="0x0dc00000" />
        <service id="0x002e" sid="46" name="Tatt7 TV" type="1" provider="OSAT" onid="110" tsid="31" namespace="0x0dc00000" />
        <service id="0x002d" sid="45" name="Uber Aflam" type="1" provider="NOORSAT" onid="110" tsid="31" namespace="0x0dc00000" />
        <service id="0x0025" sid="37" name="Uber Classic" type="1" provider="OSAT" onid="110" tsid="31" namespace="0x0dc00000" />
        <service id="0x003b" sid="59" name="Uber Drama" type="1" provider="NOORSAT" onid="110" tsid="31" namespace="0x0dc00000" />
      </transponder>
    </satellite>
    <satellite key="0dc00000:0208:02be" name="Sat-8W" namespace="0x0dc00000" position="-8">
      <transponder key="0dc00000:0208:02be" frequency="11013000" symbol_rate="27500000" polarization="V" fec="4" system="0" modulation="0">
        <service id="0x0005" sid="5" name="Al Wousta from Al Dhaid HD" type="1" provider="" onid="702" tsid="520" namespace="0x0dc00000" />
        <service id="0x0001" sid="1" name="Sharjah HD" type="1" provider="" onid="702" tsid="520" namespace="0x0dc00000" />
        <service id="0x0007" sid="7" name="Sharjah Sport" type="1" provider="" onid="702" tsid="520" namespace="0x0dc00000" />
        <service id="0x0006" sid="6" name="Sharjah Sport HD" type="1" provider="" onid="702" tsid="520" namespace="0x0dc00000" />
        <service id="0x0002" sid="2" name="Sharjah TV" type="1" provider="" onid="702" tsid="520" namespace="0x0dc00000" />
        <service id="0x0004" sid="4" name="Sharqiya from Kalba" type="1" provider="" onid="702" tsid="520" namespace="0x0dc00000" />
        <service id="0x0003" sid="3" name="Sharqiya from Kalba HD" type="1" provider="SHARQIYA from Kalba-Main" onid="702" tsid="520" namespace="0x0dc00000" />
      </transponder>
    </satellite>
    <satellite key="0dc00000:0237:0800" name="Sat-8W" namespace="0x0dc00000" position="-8">
      <transponder key="0dc00000:0237:0800" frequency="11095000" symbol_rate="30000000" polarization="V" fec="4" system="0" modulation="0">
        <service id="0x162b" sid="5675" name="Comedy Central HD MEA" type="25" provider="Orbit Showtime Network" onid="2048" tsid="567" namespace="0x0dc00000" />
        <service id="0x065d" sid="1629" name="H2 HD" type="25" provider="Orbit Showtime Network" onid="2048" tsid="567" namespace="0x0dc00000" />
        <service id="0x162a" sid="5674" name="ID Xtra HD MEA" type="25" provider="Orbit Showtime Network" onid="2048" tsid="567" namespace="0x0dc00000" />
        <service id="0x162c" sid="5676" name="OSN Movies HD 007" type="25" provider="Orbit Showtime Network" onid="2048" tsid="567" namespace="0x0dc00000" />
        <service id="0x065c" sid="1628" name="Spare 5672" type="25" provider="OSN" onid="2048" tsid="567" namespace="0x0dc00000" />
      </transponder>
    </satellite>
    <satellite key="0dc00000:0320:5000" name="Sat-8W" namespace="0x0dc00000" position="-8">
      <transponder key="0dc00000:0320:5000" frequency="10971000" symbol_rate="27500000" polarization="H" fec="4" system="0" modulation="0">
        <service id="0x154a" sid="5450" name="Al Aqila TV" type="1" provider="GULFSAT" onid="20480" tsid="800" namespace="0x0dc00000" />
        <service id="0x05a6" sid="1446" name="Al Araby TV" type="1" provider="GULFSAT" onid="20480" tsid="800" namespace="0x0dc00000" />
        <service id="0x14d2" sid="5330" name="Al-Ebaa  TV" type="1" provider="gulfsat" onid="20480" tsid="800" namespace="0x0dc00000" />
        <service id="0x166c" sid="5740" name="Alwalaa TV" type="1" provider="GULFSAT" onid="20480" tsid="800" namespace="0x0dc00000" />
        <service id="0x14be" sid="5310" name="Annahar Iraq" type="1" provider="GULFSAT" onid="20480" tsid="800" namespace="0x0dc00000" />
        <service id="0x0278" sid="632" name="Benghazi TV" type="1" provider="gulfsat" onid="20480" tsid="800" namespace="0x0dc00000" />
        <service id="0x066c" sid="1644" name="Damaa TV" type="1" provider="gulfsat" onid="20480" tsid="800" namespace="0x0dc00000" />
        <service id="0x14aa" sid="5290" name="Forsan Al Iraq" type="1" provider="GULFSAT" onid="20480" tsid="800" namespace="0x0dc00000" />
        <service id="0x15d6" sid="5590" name="Hala TV" type="1" provider="GULFSAT" onid="20480" tsid="800" namespace="0x0dc00000" />
        <service id="0x15f4" sid="5620" name="Kirkuk TV" type="1" provider="gulfsat" onid="20480" tsid="800" namespace="0x0dc00000" />
        <service id="0x02b2" sid="690" name="Libya Alwatnya" type="1" provider="gulfsat" onid="20480" tsid="800" namespace="0x0dc00000" />
        <service id="0x0252" sid="594" name="Libya News Channel" type="1" provider="GULFSAT" onid="20480" tsid="800" namespace="0x0dc00000" />
        <service id="0x168a" sid="5770" name="Liwan TV" type="1" provider="GULFSAT" onid="20480" tsid="800" namespace="0x0dc00000" />
        <service id="0x068c" sid="1676" name="Manhaj" type="1" provider="GULFSAT" onid="20480" tsid="800" namespace="0x0dc00000" />
        <service id="0x146e" sid="5230" name="Music Alremas" type="1" provider="GULFSAT" onid="20480" tsid="800" namespace="0x0dc00000" />
        <service id="0x067e" sid="1662" name="Shifa TV" type="1" provider="gulfsat" onid="20480" tsid="800" namespace="0x0dc00000" />
        <service id="0x067a" sid="1658" name="TRT World HD" type="1" provider="GULFSAT" onid="20480" tsid="800" namespace="0x0dc00000" />
      </transponder>
    </satellite>
    <satellite key="0dc00000:0384:5000" name="Sat-8W" namespace="0x0dc00000" position="-8">
      <transponder key="0dc00000:0384:5000" frequency="12646000" symbol_rate="27500000" polarization="H" fec="4" system="0" modulation="0">
        <service id="0x0d20" sid="3360" name="Al Falestinyah" type="1" provider="Palsat" onid="20480" tsid="900" namespace="0x0dc00000" />
        <service id="0x0d52" sid="3410" name="An-Najah NBC" type="1" provider="Palsat" onid="20480" tsid="900" namespace="0x0dc00000" />
        <service id="0x0d2a" sid="3370" name="Awdeh" type="1" provider="Palsat" onid="20480" tsid="900" namespace="0x0dc00000" />
        <service id="0x0d34" sid="3380" name="Feed 1" type="1" provider="Palsat" onid="20480" tsid="900" namespace="0x0dc00000" />
        <service id="0x0cf8" sid="3320" name="Maan TV" type="1" provider="Palsat" onid="20480" tsid="900" namespace="0x0dc00000" />
        <service id="0x0ba4" sid="2980" name="Musawa TV" type="1" provider="Palsat" onid="20480" tsid="900" namespace="0x0dc00000" />
        <service id="0x0d02" sid="3330" name="Palestine LIVE" type="1" provider="Palsat" onid="20480" tsid="900" namespace="0x0dc00000" />
        <service id="0x0bae" sid="2990" name="Palestine News" type="1" provider="Palsat" onid="20480" tsid="900" namespace="0x0dc00000" />
        <service id="0x0d66" sid="3430" name="Palestine Sport" type="1" provider="Palsat" onid="20480" tsid="900" namespace="0x0dc00000" />
        <service id="0x0d16" sid="3350" name="PSC - Palestinian Satellite Channel" type="1" provider="Palsat" onid="20480" tsid="900" namespace="0x0dc00000" />
        <service id="0x0d3e" sid="3390" name="QOU.EDU" type="1" provider="Palsat" onid="20480" tsid="900" namespace="0x0dc00000" />
      </transponder>
    </satellite>
    <satellite key="0dc00000:0c26:006e" name="Sat-8W" namespace="0x0dc00000" position="-8">
      <transponder key="0dc00000:0c26:006e" frequency="11012000" symbol_rate="27500000" polarization="H" fec="4" system="0" modulation="0">
        <service id="0x1f44" sid="8004" name="Al Ahvaz TV" type="1" provider="BHS Telecom" onid="110" tsid="3110" namespace="0x0dc00000" />
        <service id="0x1f49" sid="8009" name="Al Amir TV" type="1" provider="BHS Telecom" onid="110" tsid="3110" namespace="0x0dc00000" />
        <service id="0x1f43" sid="8003" name="Al Huja TV" type="1" provider="BHS Telecom" onid="110" tsid="3110" namespace="0x0dc00000" />
        <service id="0x1f41" sid="8001" name="Al Masirah TV" type="1" provider="BHS Telecom" onid="110" tsid="3110" namespace="0x0dc00000" />
        <service id="0x1f4f" sid="8015" name="Al Naba TV" type="1" provider="BHS Telecom" onid="110" tsid="3110" namespace="0x0dc00000" />
        <service id="0x1f4e" sid="8014" name="Al Sahat" type="1" provider="BHS Telecom" onid="110" tsid="3110" namespace="0x0dc00000" />
        <service id="0x1f4c" sid="8012" name="Awlayah Hausu TV" type="1" provider="BHS Telecom" onid="110" tsid="3110" namespace="0x0dc00000" />
        <service id="0x1f4b" sid="8011" name="Hebron Sat TV" type="1" provider="BHS Telecom" onid="110" tsid="3110" namespace="0x0dc00000" />
        <service id="0x1f46" sid="8006" name="ME Music TV" type="1" provider="BHS Telecom" onid="110" tsid="3110" namespace="0x0dc00000" />
        <service id="0x1f4d" sid="8013" name="Mekameleen TV" type="1" provider="BHS Telecom" onid="110" tsid="3110" namespace="0x0dc00000" />
        <service id="0x1f4a" sid="8010" name="PSC - Palestinian Satellite Channel" type="1" provider="BHS Telecom" onid="110" tsid="3110" namespace="0x0dc00000" />
        <service id="0x1f53" sid="8019" name="Seraj" type="1" provider="BHS Telecom" onid="110" tsid="3110" namespace="0x0dc00000" />
        <service id="0x1f48" sid="8008" name="TNN Tunisia" type="1" provider="BHS Telecom" onid="110" tsid="3110" namespace="0x0dc00000" />
        <service id="0x1f54" sid="8020" name="WATAN TV" type="1" provider="BHS Telecom" onid="110" tsid="3110" namespace="0x0dc00000" />
      </transponder>
    </satellite>
    <satellite key="0dc00000:0c28:006e" name="Sat-8W" namespace="0x0dc00000" position="-8">
      <transponder key="0dc00000:0c28:006e" frequency="12729000" symbol_rate="27500000" polarization="H" fec="4" system="0" modulation="0">
        <service id="0x006f" sid="111" name="7Star Belgium" type="1" provider="MENA MEDIA" onid="110" tsid="3112" namespace="0x0dc00000" />
        <service id="0x006e" sid="110" name="7Star Greece" type="1" provider="DARSAT" onid="110" tsid="3112" namespace="0x0dc00000" />
        <service id="0x006d" sid="109" name="7Star Sweden" type="1" provider="DARSAT" onid="110" tsid="3112" namespace="0x0dc00000" />
        <service id="0x0073" sid="115" name="7Stars Austria" type="1" provider="DARSAT" onid="110" tsid="3112" namespace="0x0dc00000" />
        <service id="0x010a" sid="266" name="7Stars Denmark" type="1" provider="DARSAT" onid="110" tsid="3112" namespace="0x0dc00000" />
        <service id="0x006b" sid="107" name="7Stars France" type="1" provider="DARSAT" onid="110" tsid="3112" namespace="0x0dc00000" />
        <service id="0x006a" sid="106" name="7Stars Holland" type="1" provider="DARSAT" onid="110" tsid="3112" namespace="0x0dc00000" />
        <service id="0x0068" sid="104" name="7Stars Norway" type="1" provider="DARSAT" onid="110" tsid="3112" namespace="0x0dc00000" />
        <service id="0x026e" sid="622" name="7Stars Portugal" type="1" provider="DARSAT" onid="110" tsid="3112" namespace="0x0dc00000" />
        <service id="0x0074" sid="116" name="7Stars Romania" type="1" provider="DARSAT" onid="110" tsid="3112" namespace="0x0dc00000" />
        <service id="0x026c" sid="620" name="7Stars Spain" type="1" provider="DarSat" onid="110" tsid="3112" namespace="0x0dc00000" />
        <service id="0x010c" sid="268" name="Al Falooja TV" type="1" provider="DARSAT" onid="110" tsid="3112" namespace="0x0dc00000" />
        <service id="0x0069" sid="105" name="Al Salam" type="1" provider="DARSAT" onid="110" tsid="3112" namespace="0x0dc00000" />
        <service id="0x025b" sid="603" name="Al Tasweqiah" type="1" provider="DARSAT" onid="110" tsid="3112" namespace="0x0dc00000" />
        <service id="0x006c" sid="108" name="Arabia Romouz" type="1" provider="DarSat" onid="110" tsid="3112" namespace="0x0dc00000" />
        <service id="0x026b" sid="619" name="Benghazi 24 TV" type="1" provider="DarSat" onid="110" tsid="3112" namespace="0x0dc00000" />
        <service id="0x026d" sid="621" name="Iladhamiyah News" type="1" provider="DARSAT" onid="110" tsid="3112" namespace="0x0dc00000" />
        <service id="0x0067" sid="103" name="Iraq Now" type="1" provider="Darsat" onid="110" tsid="3112" namespace="0x0dc00000" />
        <service id="0x025a" sid="602" name="Kahramana TV" type="1" provider="DARSAT" onid="110" tsid="3112" namespace="0x0dc00000" />
        <service id="0x025d" sid="605" name="Kitabat TV" type="1" provider="DARSAT" onid="110" tsid="3112" namespace="0x0dc00000" />
        <service id="0x025f" sid="607" name="Libya Alhadath" type="1" provider="DARSAT" onid="110" tsid="3112" namespace="0x0dc00000" />
        <service id="0x025e" sid="606" name="Libya Business" type="1" provider="DARSAT" onid="110" tsid="3112" namespace="0x0dc00000" />
        <service id="0x025c" sid="604" name="Naynawa Alghad" type="1" provider="DARSAT" onid="110" tsid="3112" namespace="0x0dc00000" />
        <service id="0x010b" sid="267" name="Qatar Aswaq" type="1" provider="Darsat" onid="110" tsid="3112" namespace="0x0dc00000" />
        <service id="0x0070" sid="112" name="Toyor Al Iraq" type="1" provider="DARSAT" onid="110" tsid="3112" namespace="0x0dc00000" />
      </transponder>
    </satellite>
    <satellite key="0dc00000:4ee8:077e" name="Sat-8W" namespace="0x0dc00000" position="-8">
      <transponder key="0dc00000:4ee8:077e" frequency="10971000" symbol_rate="27500000" polarization="V" fec="3" system="0" modulation="0">
        <service id="0x00c2" sid="194" name="Al Jazeera Documentary" type="1" provider="Al Jazeera" onid="1918" tsid="20200" namespace="0x0dc00000" />
        <service id="0x00c1" sid="193" name="Al Jazeera English" type="1" provider="Al Jazeera" onid="1918" tsid="20200" namespace="0x0dc00000" />
        <service id="0x00c0" sid="192" name="Al Jazeera Mubasher" type="1" provider="Al Jazeera" onid="1918" tsid="20200" namespace="0x0dc00000" />
        <service id="0x00c3" sid="195" name="Al Jazeera Mubasher" type="1" provider="Al Jazeera" onid="1918" tsid="20200" namespace="0x0dc00000" />
        <service id="0x00bf" sid="191" name="Al Jazeera Satellite Channel" type="1" provider="Al Jazeera" onid="1918" tsid="20200" namespace="0x0dc00000" />
        <service id="0x00c7" sid="199" name="Qatar TV" type="1" provider="Al Jazeera" onid="1918" tsid="20200" namespace="0x0dc00000" />
        <service id="0x00c4" sid="196" name="TEST" type="1" provider="Al Jazeera" onid="1918" tsid="20200" namespace="0x0dc00000" />
      </transponder>
    </satellite>
    <satellite key="0dc00000:7594:077e" name="Sat-8W" namespace="0x0dc00000" position="-8">
      <transponder key="0dc00000:7594:077e" frequency="11054000" symbol_rate="27500000" polarization="V" fec="2" system="0" modulation="0">
        <service id="0x01c5" sid="453" name="Al Majlis HD" type="25" provider="MOI" onid="1918" tsid="30100" namespace="0x0dc00000" />
        <service id="0x044f" sid="1103" name="HD-KTV Sports" type="25" provider="MOI" onid="1918" tsid="30100" namespace="0x0dc00000" />
        <service id="0x044d" sid="1101" name="KTV 1 HD" type="25" provider="MOI" onid="1918" tsid="30100" namespace="0x0dc00000" />
        <service id="0x044e" sid="1102" name="KTV 2 HD" type="25" provider="MOI" onid="1918" tsid="30100" namespace="0x0dc00000" />
        <service id="0x01c4" sid="452" name="KTV Al Arabi HD" type="25" provider="MOI" onid="1918" tsid="30100" namespace="0x0dc00000" />
        <service id="0x01c3" sid="451" name="KTV Ethraa HD" type="25" provider="MOI" onid="1918" tsid="30100" namespace="0x0dc00000" />
        <service id="0x01c6" sid="454" name="KTV Plus HD" type="25" provider="MOI" onid="1918" tsid="30100" namespace="0x0dc00000" />
        <service id="0x01c2" sid="450" name="KTV Sport Plus HD" type="25" provider="MOI" onid="1918" tsid="30100" namespace="0x0dc00000" />
      </transponder>
    </satellite>
    <satellite key="0dc00000:c3b4:077e" name="Sat-8W" namespace="0x0dc00000" position="-8">
      <transponder key="0dc00000:c3b4:077e" frequency="11636000" symbol_rate="27500000" polarization="V" fec="3" system="0" modulation="0">
        <service id="0x0001" sid="1" name="Al Araby TV" type="1" provider="" onid="1918" tsid="50100" namespace="0x0dc00000" />
        <service id="0x0002" sid="2" name="Al Araby TV" type="1" provider="" onid="1918" tsid="50100" namespace="0x0dc00000" />
        <service id="0x0005" sid="5" name="Al Karma" type="1" provider="" onid="1918" tsid="50100" namespace="0x0dc00000" />
        <service id="0x000c" sid="12" name="Alkadhmy" type="1" provider="" onid="1918" tsid="50100" namespace="0x0dc00000" />
        <service id="0x000f" sid="15" name="Alkashash" type="1" provider="" onid="1918" tsid="50100" namespace="0x0dc00000" />
        <service id="0x001c" sid="28" name="Almasalah" type="1" provider="" onid="1918" tsid="50100" namespace="0x0dc00000" />
        <service id="0x001f" sid="31" name="Alrai (radio)" type="1" provider="" onid="1918" tsid="50100" namespace="0x0dc00000" />
        <service id="0x000e" sid="14" name="Ditve Test 1" type="1" provider="" onid="1918" tsid="50100" namespace="0x0dc00000" />
        <service id="0x0003" sid="3" name="FMI TV" type="1" provider="" onid="1918" tsid="50100" namespace="0x0dc00000" />
        <service id="0x0007" sid="7" name="GEM Kurd" type="1" provider="" onid="1918" tsid="50100" namespace="0x0dc00000" />
        <service id="0x0006" sid="6" name="GEM TV" type="1" provider="" onid="1918" tsid="50100" namespace="0x0dc00000" />
        <service id="0x001a" sid="26" name="IRAQI ADVISORY CLINIC" type="1" provider="" onid="1918" tsid="50100" namespace="0x0dc00000" />
        <service id="0x000d" sid="13" name="JNC" type="1" provider="" onid="1918" tsid="50100" namespace="0x0dc00000" />
        <service id="0x000b" sid="11" name="Jordan Alhurra" type="1" provider="" onid="1918" tsid="50100" namespace="0x0dc00000" />
        <service id="0x0008" sid="8" name="Med Music" type="1" provider="" onid="1918" tsid="50100" namespace="0x0dc00000" />
        <service id="0x0004" sid="4" name="Mekameleen TV" type="1" provider="" onid="1918" tsid="50100" namespace="0x0dc00000" />
        <service id="0x000a" sid="10" name="Sajaya TV" type="1" provider="" onid="1918" tsid="50100" namespace="0x0dc00000" />
        <service id="0x001b" sid="27" name="Salah el-Din" type="1" provider="" onid="1918" tsid="50100" namespace="0x0dc00000" />
        <service id="0x001d" sid="29" name="SMART FM" type="1" provider="" onid="1918" tsid="50100" namespace="0x0dc00000" />
        <service id="0x0009" sid="9" name="Sterk TV" type="1" provider="" onid="1918" tsid="50100" namespace="0x0dc00000" />
        <service id="0x001e" sid="30" name="ur fm iraq" type="1" provider="" onid="1918" tsid="50100" namespace="0x0dc00000" />
      </transponder>
    </satellite>
    <satellite key="0dc00000:eac4:077e" name="Sat-8W" namespace="0x0dc00000" position="-8">
      <transponder key="0dc00000:eac4:077e" frequency="12520000" symbol_rate="27500000" polarization="H" fec="2" system="0" modulation="0">
        <service id="0x01f8" sid="504" name="Al Jazeera Documentary HD" type="25" provider="Al Jazeera" onid="1918" tsid="60100" namespace="0x0dc00000" />
        <service id="0x01f7" sid="503" name="Al Jazeera English HD" type="25" provider="Al Jazeera" onid="1918" tsid="60100" namespace="0x0dc00000" />
        <service id="0x01f5" sid="501" name="Al Jazeera HD" type="25" provider="Al Jazeera" onid="1918" tsid="60100" namespace="0x0dc00000" />
      </transponder>
    </satellite>
    <satellite key="0dc00000:ffdc:077e" name="Sat-8W" namespace="0x0dc00000" position="-8">
      <transponder key="0dc00000:ffdc:077e" frequency="12604000" symbol_rate="27500000" polarization="H" fec="4" system="0" modulation="0">
        <service id="0x052e" sid="1326" name="Al Hiwar TV" type="1" provider="Mena Media" onid="1918" tsid="65500" namespace="0x0dc00000" />
        <service id="0x00d3" sid="211" name="DTV Algérie" type="1" provider="Mena Media" onid="1918" tsid="65500" namespace="0x0dc00000" />
        <service id="0x00d6" sid="214" name="El Sharq" type="1" provider="Mena Media" onid="1918" tsid="65500" namespace="0x0dc00000" />
        <service id="0x00d1" sid="209" name="Kurdmax Pepule" type="1" provider="Mena Media" onid="1918" tsid="65500" namespace="0x0dc00000" />
        <service id="0x052d" sid="1325" name="Libya 24" type="1" provider="Mena Media" onid="1918" tsid="65500" namespace="0x0dc00000" />
        <service id="0x00d7" sid="215" name="Libya Panorama" type="1" provider="Mena Media" onid="1918" tsid="65500" namespace="0x0dc00000" />
        <service id="0x00cc" sid="204" name="Marjaeyat 2" type="1" provider="Mena Media" onid="1918" tsid="65500" namespace="0x0dc00000" />
        <service id="0x00cd" sid="205" name="Mena Media" type="1" provider="Mena Media" onid="1918" tsid="65500" namespace="0x0dc00000" />
        <service id="0x00cb" sid="203" name="Rudaw TV" type="1" provider="Mena Media" onid="1918" tsid="65500" namespace="0x0dc00000" />
        <service id="0x00ce" sid="206" name="Speda TV" type="1" provider="Mena Media" onid="1918" tsid="65500" namespace="0x0dc00000" />
        <service id="0x00d8" sid="216" name="Vin TV" type="1" provider="Mena Media" onid="1918" tsid="65500" namespace="0x0dc00000" />
      </transponder>
    </satellite>
    <satellite key="0dc02b58:0002:ffff" name="Sat-8W" namespace="0x0dc02b58" position="-8">
      <transponder key="0dc02b58:0002:ffff" frequency="11096000" symbol_rate="27500000" polarization="H" fec="4" system="0" modulation="0">
        <service id="0x000a" sid="10" name="7Alawet Ro7" type="1" provider="Harmonic" onid="65535" tsid="2" namespace="0x0dc02b58" />
        <service id="0x0009" sid="9" name="Al Falak" type="1" provider="ViewSat" onid="65535" tsid="2" namespace="0x0dc02b58" />
        <service id="0x0001" sid="1" name="Al Karama" type="1" provider="ViewSat" onid="65535" tsid="2" namespace="0x0dc02b58" />
        <service id="0x0002" sid="2" name="Al Karma" type="1" provider="ViewSat" onid="65535" tsid="2" namespace="0x0dc02b58" />
        <service id="0x002f" sid="47" name="Al Malakoot" type="1" provider="ViewSat" onid="65535" tsid="2" namespace="0x0dc02b58" />
        <service id="0x000d" sid="13" name="Al Naba TV" type="1" provider="Viewsat" onid="65535" tsid="2" namespace="0x0dc02b58" />
        <service id="0x000e" sid="14" name="Alons TV" type="1" provider="Harmonic" onid="65535" tsid="2" namespace="0x0dc02b58" />
        <service id="0x000f" sid="15" name="Altarek - The Way TV" type="1" provider="ViewSat" onid="65535" tsid="2" namespace="0x0dc02b58" />
        <service id="0x0012" sid="18" name="BETV" type="1" provider="ViewSat" onid="65535" tsid="2" namespace="0x0dc02b58" />
        <service id="0x002b" sid="43" name="Cairo Cinema" type="1" provider="Viewsat" onid="65535" tsid="2" namespace="0x0dc02b58" />
        <service id="0x001c" sid="28" name="Dolly Cinema" type="1" provider="Harmonic" onid="65535" tsid="2" namespace="0x0dc02b58" />
        <service id="0x001d" sid="29" name="ElKeraza" type="1" provider="ViewSat" onid="65535" tsid="2" namespace="0x0dc02b58" />
        <service id="0x0004" sid="4" name="Elohi TV" type="1" provider="ViewSat" onid="65535" tsid="2" namespace="0x0dc02b58" />
        <service id="0x0011" sid="17" name="Iraq Future TV" type="1" provider="ViewSat" onid="65535" tsid="2" namespace="0x0dc02b58" />
        <service id="0x0003" sid="3" name="Jesus Wonderful TV" type="1" provider="ViewSat" onid="65535" tsid="2" namespace="0x0dc02b58" />
        <service id="0x0007" sid="7" name="Lamsat TV" type="1" provider="ViewSat" onid="65535" tsid="2" namespace="0x0dc02b58" />
        <service id="0x000b" sid="11" name="Logos TV" type="1" provider="ViewSat" onid="65535" tsid="2" namespace="0x0dc02b58" />
        <service id="0x002e" sid="46" name="Mariam TV" type="1" provider="ViewSat" onid="65535" tsid="2" namespace="0x0dc02b58" />
        <service id="0x000c" sid="12" name="Misr ELBald" type="1" provider="ViewSat" onid="65535" tsid="2" namespace="0x0dc02b58" />
        <service id="0x0006" sid="6" name="MOA TV" type="1" provider="ViewSat" onid="65535" tsid="2" namespace="0x0dc02b58" />
        <service id="0x002c" sid="44" name="Nour Al Sharq" type="1" provider="ViewSat" onid="65535" tsid="2" namespace="0x0dc02b58" />
        <service id="0x002d" sid="45" name="Nour Koddass" type="1" provider="ViewSat" onid="65535" tsid="2" namespace="0x0dc02b58" />
        <service id="0x001a" sid="26" name="Presence TV Channel" type="1" provider="ViewSat" onid="65535" tsid="2" namespace="0x0dc02b58" />
        <service id="0x0005" sid="5" name="RTV" type="1" provider="ViewSat" onid="65535" tsid="2" namespace="0x0dc02b58" />
        <service id="0x001f" sid="31" name="Savior Satellite Network" type="1" provider="ViewSat" onid="65535" tsid="2" namespace="0x0dc02b58" />
      </transponder>
    </satellite>
    <satellite key="0dc0b14f:0001:ffff" name="Sat-8W" namespace="0x0dc0b14f" position="-8">
      <transponder key="0dc0b14f:0001:ffff" frequency="12623000" symbol_rate="2428000" polarization="V" fec="2" system="0" modulation="0">
        <service id="0x0001" sid="1" name="ERT World" type="25" provider="ERT" onid="65535" tsid="1" namespace="0x0dc0b14f" />
      </transponder>
    </satellite>
    <satellite key="ffb0318d:ffdc:077e" name="Sat-8W" namespace="0xffb0318d" position="-8">
      <transponder key="ffb0318d:ffdc:077e" frequency="12685000" symbol_rate="27500000" polarization="H" fec="4" system="0" modulation="0">
        <service id="0x05f0" sid="1520" name="Aden" type="1" provider="" onid="1918" tsid="65500" namespace="0xffb0318d" />
        <service id="0x05c8" sid="1480" name="Ahl-E-Bait TV Arabic" type="1" provider="" onid="1918" tsid="65500" namespace="0xffb0318d" />
        <service id="0x05fa" sid="1530" name="El Eiman TV" type="1" provider="" onid="1918" tsid="65500" namespace="0xffb0318d" />
        <service id="0x05aa" sid="1450" name="Gali Kurdistan TV" type="1" provider="" onid="1918" tsid="65500" namespace="0xffb0318d" />
        <service id="0x058c" sid="1420" name="Kurdsat" type="1" provider="" onid="1918" tsid="65500" namespace="0xffb0318d" />
        <service id="0x00f2" sid="242" name="Kurdsat HD" type="1" provider="" onid="1918" tsid="65500" namespace="0xffb0318d" />
        <service id="0x00fe" sid="254" name="Kurdsat News" type="1" provider="" onid="1918" tsid="65500" namespace="0xffb0318d" />
        <service id="0x00f6" sid="246" name="Kurdsat News HD" type="1" provider="" onid="1918" tsid="65500" namespace="0xffb0318d" />
        <service id="0x05e6" sid="1510" name="Sheba TV" type="1" provider="" onid="1918" tsid="65500" namespace="0xffb0318d" />
        <service id="0x05be" sid="1470" name="Suroyo TV" type="1" provider="" onid="1918" tsid="65500" namespace="0xffb0318d" />
        <service id="0x05dc" sid="1500" name="Yemen Today" type="1" provider="" onid="1918" tsid="65500" namespace="0xffb0318d" />
        <service id="0x05d2" sid="1490" name="Yemen TV" type="1" provider="" onid="1918" tsid="65500" namespace="0xffb0318d" />
      </transponder>
    </satellite>
  </satellites>
</zapit>
