<?xml version='1.0' encoding='utf-8'?>
<zapit>
  <bouquet name="General" category="tv">
    <channel service_ref="1:0:25:0029:a000:217c:eeee0000:0:0:0:" name="6 SESTARETE TV" service_name="6 SESTARETE TV" provider="RaiWay" sid="41" onid="8572" tsid="40960" />
    <channel service_ref="1:0:1:003b:a000:217c:eeee0000:0:0:0:" name="ANTENNA SICILIA" service_name="ANTENNA SICILIA" provider="RaiWay" sid="59" onid="8572" tsid="40960" />
    <channel service_ref="1:0:1:002b:a000:217c:eeee0000:0:0:0:" name="CANALE ITALIA EXTRA" service_name="CANALE ITALIA EXTRA" provider="RaiWay" sid="43" onid="8572" tsid="40960" />
    <channel service_ref="1:0:22:003f:a000:217c:eeee0000:0:0:0:" name="CIAK TELESUD" service_name="CIAK TELESUD" provider="Rai Way" sid="63" onid="8572" tsid="40960" />
    <channel service_ref="1:0:25:005a:a000:217c:eeee0000:0:0:0:" name="ETNA CHANNEL" service_name="ETNA CHANNEL" provider="RaiWay" sid="90" onid="8572" tsid="40960" />
    <channel service_ref="1:0:25:005c:a000:217c:eeee0000:0:0:0:" name="REI TV" service_name="REI TV" provider="Rai Way" sid="92" onid="8572" tsid="40960" />
    <channel service_ref="1:0:25:005f:a000:217c:eeee0000:0:0:0:" name="TELE ONE" service_name="TELE ONE" provider="RaiWay" sid="95" onid="8572" tsid="40960" />
    <channel service_ref="1:0:1:005b:a000:217c:eeee0000:0:0:0:" name="TELECOLOR" service_name="TELECOLOR" provider="RaiWay" sid="91" onid="8572" tsid="40960" />
    <channel service_ref="1:0:25:003d:a000:217c:eeee0000:0:0:0:" name="TELERENT 7GOLD" service_name="TELERENT 7GOLD" provider="Rai Way" sid="61" onid="8572" tsid="40960" />
    <channel service_ref="1:0:25:0028:a000:217c:eeee0000:0:0:0:" name="TELESTAR" service_name="TELESTAR" provider="RaiWay" sid="40" onid="8572" tsid="40960" />
    <channel service_ref="1:0:25:003e:a000:217c:eeee0000:0:0:0:" name="TELESUD" service_name="TELESUD" provider="Rai Way" sid="62" onid="8572" tsid="40960" />
    <channel service_ref="1:0:1:005e:a000:217c:eeee0000:0:0:0:" name="TGS" service_name="TGS" provider="RaiWay" sid="94" onid="8572" tsid="40960" />
    <channel service_ref="1:0:25:002c:a000:217c:eeee0000:0:0:0:" name="Tm Telemistretta" service_name="Tm Telemistretta" provider="Rai Way" sid="44" onid="8572" tsid="40960" />
    <channel service_ref="1:0:22:002a:a000:217c:eeee0000:0:0:0:" name="TRIS" service_name="TRIS" provider="Rai Way" sid="42" onid="8572" tsid="40960" />
    <channel service_ref="1:0:1:003c:a000:217c:eeee0000:0:0:0:" name="TRM" service_name="TRM" provider="RaiWay" sid="60" onid="8572" tsid="40960" />
    <channel service_ref="1:0:22:002d:a000:217c:eeee0000:0:0:0:" name="TVA TELENORMANNA" service_name="TVA TELENORMANNA" provider="Rai Way" sid="45" onid="8572" tsid="40960" />
    <channel service_ref="1:0:1:005d:a000:217c:eeee0000:0:0:0:" name="Video Mediterraneo" service_name="Video Mediterraneo" provider="RaiWay" sid="93" onid="8572" tsid="40960" />
  </bouquet>
  <bouquet name="RAI" category="tv">
    <channel service_ref="1:0:25:0029:a000:217c:eeee0000:0:0:0:" name="6 SESTARETE TV" service_name="6 SESTARETE TV" provider="RaiWay" sid="41" onid="8572" tsid="40960" />
    <channel service_ref="1:0:25:0029:a000:217c:eeee0000:0:0:0:" name="6 SESTARETE TV" service_name="6 SESTARETE TV" provider="RaiWay" sid="41" onid="8572" tsid="40960" />
    <channel service_ref="1:0:1:003b:a000:217c:eeee0000:0:0:0:" name="ANTENNA SICILIA" service_name="ANTENNA SICILIA" provider="RaiWay" sid="59" onid="8572" tsid="40960" />
    <channel service_ref="1:0:1:003b:a000:217c:eeee0000:0:0:0:" name="ANTENNA SICILIA" service_name="ANTENNA SICILIA" provider="RaiWay" sid="59" onid="8572" tsid="40960" />
    <channel service_ref="1:0:1:002b:a000:217c:eeee0000:0:0:0:" name="CANALE ITALIA EXTRA" service_name="CANALE ITALIA EXTRA" provider="RaiWay" sid="43" onid="8572" tsid="40960" />
    <channel service_ref="1:0:1:002b:a000:217c:eeee0000:0:0:0:" name="CANALE ITALIA EXTRA" service_name="CANALE ITALIA EXTRA" provider="RaiWay" sid="43" onid="8572" tsid="40960" />
    <channel service_ref="1:0:22:003f:a000:217c:eeee0000:0:0:0:" name="CIAK TELESUD" service_name="CIAK TELESUD" provider="Rai Way" sid="63" onid="8572" tsid="40960" />
    <channel service_ref="1:0:22:003f:a000:217c:eeee0000:0:0:0:" name="CIAK TELESUD" service_name="CIAK TELESUD" provider="Rai Way" sid="63" onid="8572" tsid="40960" />
    <channel service_ref="1:0:25:005a:a000:217c:eeee0000:0:0:0:" name="ETNA CHANNEL" service_name="ETNA CHANNEL" provider="RaiWay" sid="90" onid="8572" tsid="40960" />
    <channel service_ref="1:0:25:005a:a000:217c:eeee0000:0:0:0:" name="ETNA CHANNEL" service_name="ETNA CHANNEL" provider="RaiWay" sid="90" onid="8572" tsid="40960" />
    <channel service_ref="1:0:25:005c:a000:217c:eeee0000:0:0:0:" name="REI TV" service_name="REI TV" provider="Rai Way" sid="92" onid="8572" tsid="40960" />
    <channel service_ref="1:0:25:005c:a000:217c:eeee0000:0:0:0:" name="REI TV" service_name="REI TV" provider="Rai Way" sid="92" onid="8572" tsid="40960" />
    <channel service_ref="1:0:25:005f:a000:217c:eeee0000:0:0:0:" name="TELE ONE" service_name="TELE ONE" provider="RaiWay" sid="95" onid="8572" tsid="40960" />
    <channel service_ref="1:0:25:005f:a000:217c:eeee0000:0:0:0:" name="TELE ONE" service_name="TELE ONE" provider="RaiWay" sid="95" onid="8572" tsid="40960" />
    <channel service_ref="1:0:1:005b:a000:217c:eeee0000:0:0:0:" name="TELECOLOR" service_name="TELECOLOR" provider="RaiWay" sid="91" onid="8572" tsid="40960" />
    <channel service_ref="1:0:1:005b:a000:217c:eeee0000:0:0:0:" name="TELECOLOR" service_name="TELECOLOR" provider="RaiWay" sid="91" onid="8572" tsid="40960" />
    <channel service_ref="1:0:25:003d:a000:217c:eeee0000:0:0:0:" name="TELERENT 7GOLD" service_name="TELERENT 7GOLD" provider="Rai Way" sid="61" onid="8572" tsid="40960" />
    <channel service_ref="1:0:25:003d:a000:217c:eeee0000:0:0:0:" name="TELERENT 7GOLD" service_name="TELERENT 7GOLD" provider="Rai Way" sid="61" onid="8572" tsid="40960" />
    <channel service_ref="1:0:25:0028:a000:217c:eeee0000:0:0:0:" name="TELESTAR" service_name="TELESTAR" provider="RaiWay" sid="40" onid="8572" tsid="40960" />
    <channel service_ref="1:0:25:0028:a000:217c:eeee0000:0:0:0:" name="TELESTAR" service_name="TELESTAR" provider="RaiWay" sid="40" onid="8572" tsid="40960" />
    <channel service_ref="1:0:25:003e:a000:217c:eeee0000:0:0:0:" name="TELESUD" service_name="TELESUD" provider="Rai Way" sid="62" onid="8572" tsid="40960" />
    <channel service_ref="1:0:25:003e:a000:217c:eeee0000:0:0:0:" name="TELESUD" service_name="TELESUD" provider="Rai Way" sid="62" onid="8572" tsid="40960" />
    <channel service_ref="1:0:1:005e:a000:217c:eeee0000:0:0:0:" name="TGS" service_name="TGS" provider="RaiWay" sid="94" onid="8572" tsid="40960" />
    <channel service_ref="1:0:1:005e:a000:217c:eeee0000:0:0:0:" name="TGS" service_name="TGS" provider="RaiWay" sid="94" onid="8572" tsid="40960" />
    <channel service_ref="1:0:25:002c:a000:217c:eeee0000:0:0:0:" name="Tm Telemistretta" service_name="Tm Telemistretta" provider="Rai Way" sid="44" onid="8572" tsid="40960" />
    <channel service_ref="1:0:25:002c:a000:217c:eeee0000:0:0:0:" name="Tm Telemistretta" service_name="Tm Telemistretta" provider="Rai Way" sid="44" onid="8572" tsid="40960" />
    <channel service_ref="1:0:22:002a:a000:217c:eeee0000:0:0:0:" name="TRIS" service_name="TRIS" provider="Rai Way" sid="42" onid="8572" tsid="40960" />
    <channel service_ref="1:0:22:002a:a000:217c:eeee0000:0:0:0:" name="TRIS" service_name="TRIS" provider="Rai Way" sid="42" onid="8572" tsid="40960" />
    <channel service_ref="1:0:1:003c:a000:217c:eeee0000:0:0:0:" name="TRM" service_name="TRM" provider="RaiWay" sid="60" onid="8572" tsid="40960" />
    <channel service_ref="1:0:1:003c:a000:217c:eeee0000:0:0:0:" name="TRM" service_name="TRM" provider="RaiWay" sid="60" onid="8572" tsid="40960" />
    <channel service_ref="1:0:22:002d:a000:217c:eeee0000:0:0:0:" name="TVA TELENORMANNA" service_name="TVA TELENORMANNA" provider="Rai Way" sid="45" onid="8572" tsid="40960" />
    <channel service_ref="1:0:22:002d:a000:217c:eeee0000:0:0:0:" name="TVA TELENORMANNA" service_name="TVA TELENORMANNA" provider="Rai Way" sid="45" onid="8572" tsid="40960" />
    <channel service_ref="1:0:1:005d:a000:217c:eeee0000:0:0:0:" name="Video Mediterraneo" service_name="Video Mediterraneo" provider="RaiWay" sid="93" onid="8572" tsid="40960" />
    <channel service_ref="1:0:1:005d:a000:217c:eeee0000:0:0:0:" name="Video Mediterraneo" service_name="Video Mediterraneo" provider="RaiWay" sid="93" onid="8572" tsid="40960" />
  </bouquet>
  <bouquet name="Digitale Terrestre                       by Lanus" category="tv">
    <channel service_ref="1:0:1:5a:a000:217c:eeee0000:0:0:0:" name="ETNA CHANNEL" service_name="ETNA CHANNEL" provider="RaiWay" sid="90" onid="8572" tsid="40960" />
    <channel service_ref="1:0:1:5b:a000:217c:eeee0000:0:0:0:" name="TELECOLOR" service_name="TELECOLOR" provider="RaiWay" sid="91" onid="8572" tsid="40960" />
    <channel service_ref="1:0:19:5c:a000:217c:eeee0000:0:0:0:" name="REI TV" service_name="REI TV" provider="Rai Way" sid="92" onid="8572" tsid="40960" />
    <channel service_ref="1:0:1:5d:a000:217c:eeee0000:0:0:0:" name="Video Mediterraneo" service_name="Video Mediterraneo" provider="RaiWay" sid="93" onid="8572" tsid="40960" />
    <channel service_ref="1:0:1:5e:a000:217c:eeee0000:0:0:0:" name="TGS" service_name="TGS" provider="RaiWay" sid="94" onid="8572" tsid="40960" />
    <channel service_ref="1:0:19:5f:a000:217c:eeee0000:0:0:0:" name="TELE ONE" service_name="TELE ONE" provider="RaiWay" sid="95" onid="8572" tsid="40960" />
  </bouquet>
</zapit>
