<?xml version='1.0' encoding='utf-8'?>
<zapit api="4">
  <terrestrials>
    <terrestrial key="eeee0000:a000:217c" name="RaiWay" namespace="0xeeee0000">
      <transponder key="eeee0000:a000:217c" frequency="642000000" symbol_rate="0" polarization="H" fec="5" system="0" modulation="4">
        <service id="0x0029" sid="41" name="6 SESTARETE TV" type="25" provider="RaiWay" onid="8572" tsid="40960" namespace="0xeeee0000" />
        <service id="0x003b" sid="59" name="ANTENNA SICILIA" type="1" provider="RaiWay" onid="8572" tsid="40960" namespace="0xeeee0000" />
        <service id="0x002b" sid="43" name="CANALE ITALIA EXTRA" type="1" provider="RaiWay" onid="8572" tsid="40960" namespace="0xeeee0000" />
        <service id="0x003f" sid="63" name="CIAK TELESUD" type="22" provider="Rai Way" onid="8572" tsid="40960" namespace="0xeeee0000" />
        <service id="0x005a" sid="90" name="ETNA CHANNEL" type="25" provider="RaiWay" onid="8572" tsid="40960" namespace="0xeeee0000" />
        <service id="0x005c" sid="92" name="REI TV" type="25" provider="Rai Way" onid="8572" tsid="40960" namespace="0xeeee0000" />
        <service id="0x005f" sid="95" name="TELE ONE" type="25" provider="RaiWay" onid="8572" tsid="40960" namespace="0xeeee0000" />
        <service id="0x005b" sid="91" name="TELECOLOR" type="1" provider="RaiWay" onid="8572" tsid="40960" namespace="0xeeee0000" />
        <service id="0x003d" sid="61" name="TELERENT 7GOLD" type="25" provider="Rai Way" onid="8572" tsid="40960" namespace="0xeeee0000" />
        <service id="0x0028" sid="40" name="TELESTAR" type="25" provider="RaiWay" onid="8572" tsid="40960" namespace="0xeeee0000" />
        <service id="0x003e" sid="62" name="TELESUD" type="25" provider="Rai Way" onid="8572" tsid="40960" namespace="0xeeee0000" />
        <service id="0x005e" sid="94" name="TGS" type="1" provider="RaiWay" onid="8572" tsid="40960" namespace="0xeeee0000" />
        <service id="0x002c" sid="44" name="Tm Telemistretta" type="25" provider="Rai Way" onid="8572" tsid="40960" namespace="0xeeee0000" />
        <service id="0x002a" sid="42" name="TRIS" type="22" provider="Rai Way" onid="8572" tsid="40960" namespace="0xeeee0000" />
        <service id="0x003c" sid="60" name="TRM" type="1" provider="RaiWay" onid="8572" tsid="40960" namespace="0xeeee0000" />
        <service id="0x002d" sid="45" name="TVA TELENORMANNA" type="22" provider="Rai Way" onid="8572" tsid="40960" namespace="0xeeee0000" />
        <service id="0x005d" sid="93" name="Video Mediterraneo" type="1" provider="RaiWay" onid="8572" tsid="40960" namespace="0xeeee0000" />
      </transponder>
    </terrestrial>
  </terrestrials>
</zapit>
