<?xml version='1.0' encoding='utf-8'?>
<zapit>
  <bouquet name="General" category="tv">
    <channel service_ref="1:0:1:000a:6814:217c:eeee0000:0:0:0:" name="NPC TV" service_name="NPC TV" provider="" sid="10" onid="8572" tsid="26644" />
    <channel service_ref="1:0:1:000b:6814:217c:eeee0000:0:0:0:" name="RTR 3.0" service_name="RTR 3.0" provider="" sid="11" onid="8572" tsid="26644" />
    <channel service_ref="1:0:1:0001:6814:217c:eeee0000:0:0:0:" name="TELEROMA 56" service_name="TELEROMA 56" provider="Teleroma 56" sid="1" onid="8572" tsid="26644" />
    <channel service_ref="1:0:1:0005:6814:217c:eeee0000:0:0:0:" name="TELEROMA 56 DOMUS" service_name="TELEROMA 56 DOMUS" provider="Teleroma 56" sid="5" onid="8572" tsid="26644" />
    <channel service_ref="1:0:1:0004:6814:217c:eeee0000:0:0:0:" name="TELEROMA 56 ENTERTAINMENT" service_name="TELEROMA 56 ENTERTAINMENT" provider="Teleroma 56" sid="4" onid="8572" tsid="26644" />
    <channel service_ref="1:0:1:0006:6814:217c:eeee0000:0:0:0:" name="TELEROMA 56 HD" service_name="TELEROMA 56 HD" provider="Teleroma 56" sid="6" onid="8572" tsid="26644" />
    <channel service_ref="1:0:1:0003:6814:217c:eeee0000:0:0:0:" name="TELEROMA 56 SPORT" service_name="TELEROMA 56 SPORT" provider="Teleroma 56" sid="3" onid="8572" tsid="26644" />
  </bouquet>
  <bouquet name="Sports" category="tv">
    <channel service_ref="1:0:1:0003:6814:217c:eeee0000:0:0:0:" name="TELEROMA 56 SPORT" service_name="TELEROMA 56 SPORT" provider="Teleroma 56" sid="3" onid="8572" tsid="26644" />
  </bouquet>
  <bouquet name="Switzerland" category="tv">
    <channel service_ref="1:0:1:000b:6814:217c:eeee0000:0:0:0:" name="RTR 3.0" service_name="RTR 3.0" provider="" sid="11" onid="8572" tsid="26644" />
    <channel service_ref="1:0:1:0001:6814:217c:eeee0000:0:0:0:" name="TELEROMA 56" service_name="TELEROMA 56" provider="Teleroma 56" sid="1" onid="8572" tsid="26644" />
    <channel service_ref="1:0:1:0005:6814:217c:eeee0000:0:0:0:" name="TELEROMA 56 DOMUS" service_name="TELEROMA 56 DOMUS" provider="Teleroma 56" sid="5" onid="8572" tsid="26644" />
    <channel service_ref="1:0:1:0004:6814:217c:eeee0000:0:0:0:" name="TELEROMA 56 ENTERTAINMENT" service_name="TELEROMA 56 ENTERTAINMENT" provider="Teleroma 56" sid="4" onid="8572" tsid="26644" />
    <channel service_ref="1:0:1:0006:6814:217c:eeee0000:0:0:0:" name="TELEROMA 56 HD" service_name="TELEROMA 56 HD" provider="Teleroma 56" sid="6" onid="8572" tsid="26644" />
  </bouquet>
  <bouquet name="Resolution - HD" category="tv">
    <channel service_ref="1:0:1:0006:6814:217c:eeee0000:0:0:0:" name="TELEROMA 56 HD" service_name="TELEROMA 56 HD" provider="Teleroma 56" sid="6" onid="8572" tsid="26644" />
  </bouquet>
  <bouquet name="Others" category="tv">
    <channel service_ref="1:0:1:000a:6814:217c:eeee0000:0:0:0:" name="NPC TV" service_name="NPC TV" provider="" sid="10" onid="8572" tsid="26644" />
  </bouquet>
  <bouquet name="Digitale terrestre               by Dragonfire" category="tv">
    <channel service_ref="1:0:1:1:6814:217c:eeee0000:0:0:0:" name="TELEROMA 56" service_name="TELEROMA 56" provider="Teleroma 56" sid="1" onid="8572" tsid="26644" />
    <channel service_ref="1:0:1:3:6814:217c:eeee0000:0:0:0:" name="TELEROMA 56 SPORT" service_name="TELEROMA 56 SPORT" provider="Teleroma 56" sid="3" onid="8572" tsid="26644" />
    <channel service_ref="1:0:1:6:6814:217c:eeee0000:0:0:0:" name="TELEROMA 56 HD" service_name="TELEROMA 56 HD" provider="Teleroma 56" sid="6" onid="8572" tsid="26644" />
    <channel service_ref="1:0:1:4:6814:217c:eeee0000:0:0:0:" name="TELEROMA 56 ENTERTAINMENT" service_name="TELEROMA 56 ENTERTAINMENT" provider="Teleroma 56" sid="4" onid="8572" tsid="26644" />
    <channel service_ref="1:0:1:5:6814:217c:eeee0000:0:0:0:" name="TELEROMA 56 DOMUS" service_name="TELEROMA 56 DOMUS" provider="Teleroma 56" sid="5" onid="8572" tsid="26644" />
    <channel service_ref="1:0:1:a:6814:217c:eeee0000:0:0:0:" name="NPC TV" service_name="NPC TV" provider="" sid="10" onid="8572" tsid="26644" />
    <channel service_ref="1:0:1:b:6814:217c:eeee0000:0:0:0:" name="RTR 3.0" service_name="RTR 3.0" provider="" sid="11" onid="8572" tsid="26644" />
  </bouquet>
  <bouquet name="Digitale terrestre               by Dragonfire" category="tv">
    <channel service_ref="1:0:1:1:6814:217c:eeee0000:0:0:0:" name="TELEROMA 56" service_name="TELEROMA 56" provider="Teleroma 56" sid="1" onid="8572" tsid="26644" />
    <channel service_ref="1:0:1:3:6814:217c:eeee0000:0:0:0:" name="TELEROMA 56 SPORT" service_name="TELEROMA 56 SPORT" provider="Teleroma 56" sid="3" onid="8572" tsid="26644" />
    <channel service_ref="1:0:1:6:6814:217c:eeee0000:0:0:0:" name="TELEROMA 56 HD" service_name="TELEROMA 56 HD" provider="Teleroma 56" sid="6" onid="8572" tsid="26644" />
    <channel service_ref="1:0:1:4:6814:217c:eeee0000:0:0:0:" name="TELEROMA 56 ENTERTAINMENT" service_name="TELEROMA 56 ENTERTAINMENT" provider="Teleroma 56" sid="4" onid="8572" tsid="26644" />
    <channel service_ref="1:0:1:5:6814:217c:eeee0000:0:0:0:" name="TELEROMA 56 DOMUS" service_name="TELEROMA 56 DOMUS" provider="Teleroma 56" sid="5" onid="8572" tsid="26644" />
  </bouquet>
  <bouquet name="Digitale terrestre               by Dragonfire" category="tv">
    <channel service_ref="1:0:1:1:6814:217c:eeee0000:0:0:0:" name="TELEROMA 56" service_name="TELEROMA 56" provider="Teleroma 56" sid="1" onid="8572" tsid="26644" />
    <channel service_ref="1:0:1:3:6814:217c:eeee0000:0:0:0:" name="TELEROMA 56 SPORT" service_name="TELEROMA 56 SPORT" provider="Teleroma 56" sid="3" onid="8572" tsid="26644" />
    <channel service_ref="1:0:1:6:6814:217c:eeee0000:0:0:0:" name="TELEROMA 56 HD" service_name="TELEROMA 56 HD" provider="Teleroma 56" sid="6" onid="8572" tsid="26644" />
    <channel service_ref="1:0:1:4:6814:217c:eeee0000:0:0:0:" name="TELEROMA 56 ENTERTAINMENT" service_name="TELEROMA 56 ENTERTAINMENT" provider="Teleroma 56" sid="4" onid="8572" tsid="26644" />
    <channel service_ref="1:0:1:5:6814:217c:eeee0000:0:0:0:" name="TELEROMA 56 DOMUS" service_name="TELEROMA 56 DOMUS" provider="Teleroma 56" sid="5" onid="8572" tsid="26644" />
  </bouquet>
</zapit>
