<?xml version='1.0' encoding='utf-8'?>
<zapit api="4">
  <satellites>
    <satellite key="0d840000:0008:1111" name="Sat-14W" namespace="0x0d840000" position="-14">
      <transponder key="0d840000:0008:1111" frequency="10955000" symbol_rate="1555000" polarization="H" fec="3" system="0" modulation="0">
        <service id="0x0001" sid="1" name="Radio CH50" type="2" provider="RSCC" onid="4369" tsid="8" namespace="0x0d840000" radio="1" />
        <service id="0x0002" sid="2" name="Radio CH51" type="2" provider="RSCC" onid="4369" tsid="8" namespace="0x0d840000" radio="1" />
        <service id="0x0003" sid="3" name="Radio CH52" type="2" provider="RSCC" onid="4369" tsid="8" namespace="0x0d840000" radio="1" />
        <service id="0x0004" sid="4" name="Radio CH54" type="2" provider="RSCC" onid="4369" tsid="8" namespace="0x0d840000" radio="1" />
        <service id="0x0005" sid="5" name="Radio CH55" type="2" provider="RSCC" onid="4369" tsid="8" namespace="0x0d840000" radio="1" />
        <service id="0x0006" sid="6" name="Radio CH56" type="2" provider="RSCC" onid="4369" tsid="8" namespace="0x0d840000" radio="1" />
        <service id="0x0007" sid="7" name="Radio CH57" type="2" provider="RSCC" onid="4369" tsid="8" namespace="0x0d840000" radio="1" />
        <service id="0x0008" sid="8" name="Radio CH58" type="2" provider="RSCC" onid="4369" tsid="8" namespace="0x0d840000" radio="1" />
        <service id="0x0009" sid="9" name="Radio CH59" type="2" provider="RSCC" onid="4369" tsid="8" namespace="0x0d840000" radio="1" />
      </transponder>
    </satellite>
    <satellite key="0d842adf:0001:ffff" name="Sat-14W" namespace="0x0d842adf" position="-14">
      <transponder key="0d842adf:0001:ffff" frequency="10975000" symbol_rate="2962000" polarization="H" fec="3" system="0" modulation="0">
        <service id="0x0001" sid="1" name="Al Manar" type="1" provider="Al Manar" onid="65535" tsid="1" namespace="0x0d842adf" />
        <service id="0x0002" sid="2" name="Al Nour" type="2" provider="Al Manar" onid="65535" tsid="1" namespace="0x0d842adf" radio="1" />
      </transponder>
    </satellite>
    <satellite key="0d842b70:0003:0000" name="Sat-14W" namespace="0x0d842b70" position="-14">
      <transponder key="0d842b70:0003:0000" frequency="11120000" symbol_rate="3590000" polarization="H" fec="3" system="0" modulation="0">
        <service id="0x0003" sid="3" name="RT auf Deutsch SD" type="1" provider="SynterraMedia" onid="0" tsid="3" namespace="0x0d842b70" />
      </transponder>
    </satellite>
    <satellite key="0d842cc0:0001:ffff" name="Sat-14W" namespace="0x0d842cc0" position="-14">
      <transponder key="0d842cc0:0001:ffff" frequency="11456000" symbol_rate="3000000" polarization="H" fec="3" system="0" modulation="0">
        <service id="0x0001" sid="1" name="Al Manar" type="1" provider="Al Manar" onid="65535" tsid="1" namespace="0x0d842cc0" />
        <service id="0x0002" sid="2" name="Al Nour" type="2" provider="Al Manar" onid="65535" tsid="1" namespace="0x0d842cc0" radio="1" />
      </transponder>
    </satellite>
  </satellites>
</zapit>
