<?xml version='1.0' encoding='utf-8'?>
<zapit>
  <bouquet name="General" category="tv">
    <channel service_ref="1:0:1:1f66:80e3:217c:eeee0000:0:0:0:" name="105TV" service_name="105TV" provider="In Aria!" sid="8038" onid="8572" tsid="32995" />
    <channel service_ref="1:0:1:1f41:80e1:217c:eeee0000:0:0:0:" name="CANALE 21" service_name="CANALE 21" provider="CANALE 21" sid="8001" onid="8572" tsid="32993" />
    <channel service_ref="1:0:1:1f61:80e3:217c:eeee0000:0:0:0:" name="CANALE 58" service_name="CANALE 58" provider="CANALE 58" sid="8033" onid="8572" tsid="32995" />
    <channel service_ref="1:0:1:1f45:80e1:217c:eeee0000:0:0:0:" name="CANALE 8" service_name="CANALE 8" provider="CANALE 8" sid="8005" onid="8572" tsid="32993" />
    <channel service_ref="1:0:1:1f44:80e1:217c:eeee0000:0:0:0:" name="Canale 9" service_name="Canale 9" provider="Canale 9" sid="8004" onid="8572" tsid="32993" />
    <channel service_ref="1:0:1:1f60:80e3:217c:eeee0000:0:0:0:" name="CANALE ITALIA" service_name="CANALE ITALIA" provider="Canale Italia" sid="8032" onid="8572" tsid="32995" />
    <channel service_ref="1:0:25:1f68:80e3:217c:eeee0000:0:0:0:" name="GT CHANNEL" service_name="GT CHANNEL" provider="AjV-Ottcast" sid="8040" onid="8572" tsid="32995" />
    <channel service_ref="1:0:1:1f4b:80e1:217c:eeee0000:0:0:0:" name="IRPINIATV" service_name="IRPINIATV" provider="GLOBAL" sid="8011" onid="8572" tsid="32993" />
    <channel service_ref="1:0:1:1f4c:80e1:217c:eeee0000:0:0:0:" name="KISS KISS NAPOLI TV" service_name="KISS KISS NAPOLI TV" provider="KISS KISS NAPOLI TV" sid="8012" onid="8572" tsid="32993" />
    <channel service_ref="1:0:25:1f49:80e1:217c:eeee0000:0:0:0:" name="LIRA TV" service_name="LIRA TV" provider="LIRA TV" sid="8009" onid="8572" tsid="32993" />
    <channel service_ref="1:0:1:1f67:80e3:217c:eeee0000:0:0:0:" name="NAPOFLIX" service_name="NAPOFLIX" provider="NAPOFLIX" sid="8039" onid="8572" tsid="32995" />
    <channel service_ref="1:0:1:1f47:80e1:217c:eeee0000:0:0:0:" name="Otto Channel" service_name="Otto Channel" provider="Otto Channel" sid="8007" onid="8572" tsid="32993" />
    <channel service_ref="1:0:1:1f48:80e1:217c:eeee0000:0:0:0:" name="Primativvù" service_name="Primativvù" provider="Primativvù" sid="8008" onid="8572" tsid="32993" />
    <channel service_ref="1:0:1:1f6d:80e3:217c:eeee0000:0:0:0:" name="RADIO MARTE TV" service_name="RADIO MARTE TV" provider="RADIO MARTE TV" sid="8045" onid="8572" tsid="32995" />
    <channel service_ref="1:0:1:1f71:80e3:217c:eeee0000:0:0:0:" name="ROMANTICA RADIO" service_name="ROMANTICA RADIO" provider="ROMANTICA RADIO" sid="8049" onid="8572" tsid="32995" />
    <channel service_ref="1:0:22:1f5f:80e3:217c:eeee0000:0:0:0:" name="STILETV" service_name="STILETV" provider="STILETV" sid="8031" onid="8572" tsid="32995" />
    <channel service_ref="1:0:1:1f63:80e3:217c:eeee0000:0:0:0:" name="TDS" service_name="TDS" provider="TDS" sid="8035" onid="8572" tsid="32995" />
    <channel service_ref="1:0:1:1f43:80e1:217c:eeee0000:0:0:0:" name="Tele A" service_name="Tele A" provider="AjV-Ottcast" sid="8003" onid="8572" tsid="32993" />
    <channel service_ref="1:0:25:1f70:80e3:217c:eeee0000:0:0:0:" name="Tele Dehon" service_name="Tele Dehon" provider="Tele Dehon" sid="8048" onid="8572" tsid="32995" />
    <channel service_ref="1:0:25:1f46:80e1:217c:eeee0000:0:0:0:" name="TELECAPRI" service_name="TELECAPRI" provider="In Aria!" sid="8006" onid="8572" tsid="32993" />
    <channel service_ref="1:0:25:1f64:80e3:217c:eeee0000:0:0:0:" name="TELECAPRI SPORT" service_name="TELECAPRI SPORT" provider="In Aria!" sid="8036" onid="8572" tsid="32995" />
    <channel service_ref="1:0:1:1f4d:80e1:217c:eeee0000:0:0:0:" name="TELECLUBITALIA" service_name="TELECLUBITALIA" provider="ASSOCIAZIONE DREAMER" sid="8013" onid="8572" tsid="32993" />
    <channel service_ref="1:0:1:1f6a:80e3:217c:eeee0000:0:0:0:" name="TELENOSTRA" service_name="TELENOSTRA" provider="TELENOSTRA" sid="8042" onid="8572" tsid="32995" />
    <channel service_ref="1:0:1:1f42:80e1:217c:eeee0000:0:0:0:" name="TELEVOMERO" service_name="TELEVOMERO" provider="TELEVOMERO" sid="8002" onid="8572" tsid="32993" />
    <channel service_ref="1:0:25:1f4a:80e1:217c:eeee0000:0:0:0:" name="TV LUNA HD" service_name="TV LUNA HD" provider="In Aria!" sid="8010" onid="8572" tsid="32993" />
    <channel service_ref="1:0:1:1f65:80e3:217c:eeee0000:0:0:0:" name="VIDEONOLA" service_name="VIDEONOLA" provider="VIDEONOLA" sid="8037" onid="8572" tsid="32995" />
  </bouquet>
  <bouquet name="Sports" category="tv">
    <channel service_ref="1:0:25:1f64:80e3:217c:eeee0000:0:0:0:" name="TELECAPRI SPORT" service_name="TELECAPRI SPORT" provider="In Aria!" sid="8036" onid="8572" tsid="32995" />
  </bouquet>
  <bouquet name="RAI" category="tv">
    <channel service_ref="1:0:1:1f60:80e3:217c:eeee0000:0:0:0:" name="CANALE ITALIA" service_name="CANALE ITALIA" provider="Canale Italia" sid="8032" onid="8572" tsid="32995" />
    <channel service_ref="1:0:1:1f4d:80e1:217c:eeee0000:0:0:0:" name="TELECLUBITALIA" service_name="TELECLUBITALIA" provider="ASSOCIAZIONE DREAMER" sid="8013" onid="8572" tsid="32993" />
  </bouquet>
  <bouquet name="TF1" category="tv">
    <channel service_ref="1:0:1:1f41:80e1:217c:eeee0000:0:0:0:" name="CANALE 21" service_name="CANALE 21" provider="CANALE 21" sid="8001" onid="8572" tsid="32993" />
    <channel service_ref="1:0:1:1f61:80e3:217c:eeee0000:0:0:0:" name="CANALE 58" service_name="CANALE 58" provider="CANALE 58" sid="8033" onid="8572" tsid="32995" />
    <channel service_ref="1:0:1:1f45:80e1:217c:eeee0000:0:0:0:" name="CANALE 8" service_name="CANALE 8" provider="CANALE 8" sid="8005" onid="8572" tsid="32993" />
    <channel service_ref="1:0:1:1f44:80e1:217c:eeee0000:0:0:0:" name="Canale 9" service_name="Canale 9" provider="Canale 9" sid="8004" onid="8572" tsid="32993" />
  </bouquet>
  <bouquet name="Austria" category="tv">
    <channel service_ref="1:0:1:1f4b:80e1:217c:eeee0000:0:0:0:" name="IRPINIATV" service_name="IRPINIATV" provider="GLOBAL" sid="8011" onid="8572" tsid="32993" />
  </bouquet>
  <bouquet name="Switzerland" category="tv">
    <channel service_ref="1:0:1:1f66:80e3:217c:eeee0000:0:0:0:" name="105TV" service_name="105TV" provider="In Aria!" sid="8038" onid="8572" tsid="32995" />
    <channel service_ref="1:0:1:1f43:80e1:217c:eeee0000:0:0:0:" name="Tele A" service_name="Tele A" provider="AjV-Ottcast" sid="8003" onid="8572" tsid="32993" />
    <channel service_ref="1:0:25:1f70:80e3:217c:eeee0000:0:0:0:" name="Tele Dehon" service_name="Tele Dehon" provider="Tele Dehon" sid="8048" onid="8572" tsid="32995" />
    <channel service_ref="1:0:25:1f46:80e1:217c:eeee0000:0:0:0:" name="TELECAPRI" service_name="TELECAPRI" provider="In Aria!" sid="8006" onid="8572" tsid="32993" />
    <channel service_ref="1:0:1:1f6a:80e3:217c:eeee0000:0:0:0:" name="TELENOSTRA" service_name="TELENOSTRA" provider="TELENOSTRA" sid="8042" onid="8572" tsid="32995" />
    <channel service_ref="1:0:1:1f42:80e1:217c:eeee0000:0:0:0:" name="TELEVOMERO" service_name="TELEVOMERO" provider="TELEVOMERO" sid="8002" onid="8572" tsid="32993" />
  </bouquet>
  <bouquet name="Resolution - HD" category="tv">
    <channel service_ref="1:0:25:1f4a:80e1:217c:eeee0000:0:0:0:" name="TV LUNA HD" service_name="TV LUNA HD" provider="In Aria!" sid="8010" onid="8572" tsid="32993" />
  </bouquet>
  <bouquet name="Others" category="tv">
    <channel service_ref="1:0:25:1f68:80e3:217c:eeee0000:0:0:0:" name="GT CHANNEL" service_name="GT CHANNEL" provider="AjV-Ottcast" sid="8040" onid="8572" tsid="32995" />
    <channel service_ref="1:0:1:1f4c:80e1:217c:eeee0000:0:0:0:" name="KISS KISS NAPOLI TV" service_name="KISS KISS NAPOLI TV" provider="KISS KISS NAPOLI TV" sid="8012" onid="8572" tsid="32993" />
    <channel service_ref="1:0:25:1f49:80e1:217c:eeee0000:0:0:0:" name="LIRA TV" service_name="LIRA TV" provider="LIRA TV" sid="8009" onid="8572" tsid="32993" />
    <channel service_ref="1:0:1:1f67:80e3:217c:eeee0000:0:0:0:" name="NAPOFLIX" service_name="NAPOFLIX" provider="NAPOFLIX" sid="8039" onid="8572" tsid="32995" />
    <channel service_ref="1:0:1:1f47:80e1:217c:eeee0000:0:0:0:" name="Otto Channel" service_name="Otto Channel" provider="Otto Channel" sid="8007" onid="8572" tsid="32993" />
    <channel service_ref="1:0:1:1f48:80e1:217c:eeee0000:0:0:0:" name="Primativvù" service_name="Primativvù" provider="Primativvù" sid="8008" onid="8572" tsid="32993" />
    <channel service_ref="1:0:1:1f6d:80e3:217c:eeee0000:0:0:0:" name="RADIO MARTE TV" service_name="RADIO MARTE TV" provider="RADIO MARTE TV" sid="8045" onid="8572" tsid="32995" />
    <channel service_ref="1:0:1:1f71:80e3:217c:eeee0000:0:0:0:" name="ROMANTICA RADIO" service_name="ROMANTICA RADIO" provider="ROMANTICA RADIO" sid="8049" onid="8572" tsid="32995" />
    <channel service_ref="1:0:22:1f5f:80e3:217c:eeee0000:0:0:0:" name="STILETV" service_name="STILETV" provider="STILETV" sid="8031" onid="8572" tsid="32995" />
    <channel service_ref="1:0:1:1f63:80e3:217c:eeee0000:0:0:0:" name="TDS" service_name="TDS" provider="TDS" sid="8035" onid="8572" tsid="32995" />
    <channel service_ref="1:0:25:1f4a:80e1:217c:eeee0000:0:0:0:" name="TV LUNA HD" service_name="TV LUNA HD" provider="In Aria!" sid="8010" onid="8572" tsid="32993" />
    <channel service_ref="1:0:1:1f65:80e3:217c:eeee0000:0:0:0:" name="VIDEONOLA" service_name="VIDEONOLA" provider="VIDEONOLA" sid="8037" onid="8572" tsid="32995" />
  </bouquet>
  <bouquet name="Ireland" category="tv">
    <channel service_ref="1:0:1:1f6d:80e3:217c:eeee0000:0:0:0:" name="RADIO MARTE TV" service_name="RADIO MARTE TV" provider="RADIO MARTE TV" sid="8045" onid="8572" tsid="32995" />
  </bouquet>
  <bouquet name="Digitale Terrestre                    by MisterX" category="tv">
    <channel service_ref="1:0:1:1f41:80e1:217c:eeee0000:0:0:0:" name="CANALE 21" service_name="CANALE 21" provider="CANALE 21" sid="8001" onid="8572" tsid="32993" />
    <channel service_ref="1:0:1:1f42:80e1:217c:eeee0000:0:0:0:" name="TELEVOMERO" service_name="TELEVOMERO" provider="TELEVOMERO" sid="8002" onid="8572" tsid="32993" />
    <channel service_ref="1:0:1:1f43:80e1:217c:eeee0000:0:0:0:" name="Tele A" service_name="Tele A" provider="AjV-Ottcast" sid="8003" onid="8572" tsid="32993" />
    <channel service_ref="1:0:1:1f44:80e1:217c:eeee0000:0:0:0:" name="Canale 9" service_name="Canale 9" provider="Canale 9" sid="8004" onid="8572" tsid="32993" />
    <channel service_ref="1:0:1:1f45:80e1:217c:eeee0000:0:0:0:" name="CANALE 8" service_name="CANALE 8" provider="CANALE 8" sid="8005" onid="8572" tsid="32993" />
    <channel service_ref="1:0:19:1f46:80e1:217c:eeee0000:0:0:0:" name="TELECAPRI" service_name="TELECAPRI" provider="In Aria!" sid="8006" onid="8572" tsid="32993" />
    <channel service_ref="1:0:1:1f47:80e1:217c:eeee0000:0:0:0:" name="Otto Channel" service_name="Otto Channel" provider="Otto Channel" sid="8007" onid="8572" tsid="32993" />
    <channel service_ref="1:0:1:1f48:80e1:217c:eeee0000:0:0:0:" name="Primativvù" service_name="Primativvù" provider="Primativvù" sid="8008" onid="8572" tsid="32993" />
    <channel service_ref="1:0:19:1f49:80e1:217c:eeee0000:0:0:0:" name="LIRA TV" service_name="LIRA TV" provider="LIRA TV" sid="8009" onid="8572" tsid="32993" />
    <channel service_ref="1:0:19:1f4a:80e1:217c:eeee0000:0:0:0:" name="TV LUNA HD" service_name="TV LUNA HD" provider="In Aria!" sid="8010" onid="8572" tsid="32993" />
    <channel service_ref="1:0:1:1f4b:80e1:217c:eeee0000:0:0:0:" name="IRPINIATV" service_name="IRPINIATV" provider="GLOBAL" sid="8011" onid="8572" tsid="32993" />
    <channel service_ref="1:0:1:1f4c:80e1:217c:eeee0000:0:0:0:" name="KISS KISS NAPOLI TV" service_name="KISS KISS NAPOLI TV" provider="KISS KISS NAPOLI TV" sid="8012" onid="8572" tsid="32993" />
    <channel service_ref="1:0:1:1f4d:80e1:217c:eeee0000:0:0:0:" name="TELECLUBITALIA" service_name="TELECLUBITALIA" provider="ASSOCIAZIONE DREAMER" sid="8013" onid="8572" tsid="32993" />
    <channel service_ref="1:0:16:1f5f:80e3:217c:eeee0000:0:0:0:" name="STILETV" service_name="STILETV" provider="STILETV" sid="8031" onid="8572" tsid="32995" />
    <channel service_ref="1:0:1:1f60:80e3:217c:eeee0000:0:0:0:" name="CANALE ITALIA" service_name="CANALE ITALIA" provider="Canale Italia" sid="8032" onid="8572" tsid="32995" />
    <channel service_ref="1:0:1:1f61:80e3:217c:eeee0000:0:0:0:" name="CANALE 58" service_name="CANALE 58" provider="CANALE 58" sid="8033" onid="8572" tsid="32995" />
    <channel service_ref="1:0:1:1f63:80e3:217c:eeee0000:0:0:0:" name="TDS" service_name="TDS" provider="TDS" sid="8035" onid="8572" tsid="32995" />
    <channel service_ref="1:0:19:1f64:80e3:217c:eeee0000:0:0:0:" name="TELECAPRI SPORT" service_name="TELECAPRI SPORT" provider="In Aria!" sid="8036" onid="8572" tsid="32995" />
    <channel service_ref="1:0:1:1f65:80e3:217c:eeee0000:0:0:0:" name="VIDEONOLA" service_name="VIDEONOLA" provider="VIDEONOLA" sid="8037" onid="8572" tsid="32995" />
    <channel service_ref="1:0:1:1f66:80e3:217c:eeee0000:0:0:0:" name="105TV" service_name="105TV" provider="In Aria!" sid="8038" onid="8572" tsid="32995" />
    <channel service_ref="1:0:1:1f67:80e3:217c:eeee0000:0:0:0:" name="NAPOFLIX" service_name="NAPOFLIX" provider="NAPOFLIX" sid="8039" onid="8572" tsid="32995" />
    <channel service_ref="1:0:19:1f68:80e3:217c:eeee0000:0:0:0:" name="GT CHANNEL" service_name="GT CHANNEL" provider="AjV-Ottcast" sid="8040" onid="8572" tsid="32995" />
    <channel service_ref="1:0:1:1f6a:80e3:217c:eeee0000:0:0:0:" name="TELENOSTRA" service_name="TELENOSTRA" provider="TELENOSTRA" sid="8042" onid="8572" tsid="32995" />
    <channel service_ref="1:0:1:1f6d:80e3:217c:eeee0000:0:0:0:" name="RADIO MARTE TV" service_name="RADIO MARTE TV" provider="RADIO MARTE TV" sid="8045" onid="8572" tsid="32995" />
    <channel service_ref="1:0:19:1f70:80e3:217c:eeee0000:0:0:0:" name="Tele Dehon" service_name="Tele Dehon" provider="Tele Dehon" sid="8048" onid="8572" tsid="32995" />
    <channel service_ref="1:0:1:1f71:80e3:217c:eeee0000:0:0:0:" name="ROMANTICA RADIO" service_name="ROMANTICA RADIO" provider="ROMANTICA RADIO" sid="8049" onid="8572" tsid="32995" />
  </bouquet>
</zapit>
