<?xml version='1.0' encoding='utf-8'?>
<zapit>
  <bouquet name="General" category="tv">
    <channel service_ref="1:0:1:085b:0001:036e:01680000:0:0:0:" name="1 TV Georgia" service_name="1 TV Georgia" provider="" sid="2139" onid="878" tsid="1" />
    <channel service_ref="1:0:1:0001:0080:0000:016830db:0:0:0:" name="12507H SID 0x01" service_name="12507H SID 0x01" provider="DVB-S2 QPSK 12507H 36.0Â°E" sid="1" onid="0" tsid="128" />
    <channel service_ref="1:0:1:0001:0001:ffff:0168b11c:0:0:0:" name="AL_ETEJAH TV" service_name="AL_ETEJAH TV" provider="AL_ETEJAH TV" sid="1" onid="65535" tsid="1" />
    <channel service_ref="1:0:1:0001:0001:ffff:0168b0e8:0:0:0:" name="ALMasar" service_name="ALMasar" provider="ALMasar" sid="1" onid="65535" tsid="1" />
    <channel service_ref="1:0:1:0001:0001:0001:01682d4c:0:0:0:" name="ALYAUM TV" service_name="ALYAUM TV" provider="SYR" sid="1" onid="1" tsid="1" />
    <channel service_ref="1:0:22:0001:0001:0001:01682d8f:0:0:0:" name="assirat-ch" service_name="assirat-ch" provider="alsirat" sid="1" onid="1" tsid="1" />
    <channel service_ref="1:0:1:002a:00f5:036e:01680000:0:0:0:" name="BNT World" service_name="BNT World" provider="VIVACOM" sid="42" onid="878" tsid="245" />
    <channel service_ref="1:0:1:213b:0001:036e:01680000:0:0:0:" name="CurrentTime SD" service_name="CurrentTime SD" provider="" sid="8507" onid="878" tsid="1" />
    <channel service_ref="1:0:1:0001:0001:ffff:0168ad47:0:0:0:" name="DRAMA" service_name="DRAMA" provider="Service Provider" sid="1" onid="65535" tsid="1" />
    <channel service_ref="1:0:25:002b:00f5:036e:01680000:0:0:0:" name="Fox Greece HD" service_name="Fox Greece HD" provider="VIVACOM" sid="43" onid="878" tsid="245" />
    <channel service_ref="1:0:25:002c:00f5:036e:01680000:0:0:0:" name="Fox Life Greece HD" service_name="Fox Life Greece HD" provider="VIVACOM" sid="44" onid="878" tsid="245" />
    <channel service_ref="1:0:1:0002:7594:036e:01680000:0:0:0:" name="GDS TEST" service_name="GDS TEST" provider="" sid="2" onid="878" tsid="30100" />
    <channel service_ref="1:0:1:213d:0001:036e:01680000:0:0:0:" name="GEOSAT radio" service_name="GEOSAT radio" provider="" sid="8509" onid="878" tsid="1" />
    <channel service_ref="1:0:1:0001:7594:036e:01680000:0:0:0:" name="IMEDI" service_name="IMEDI" provider="STEREO +" sid="1" onid="878" tsid="30100" />
    <channel service_ref="1:0:1:0001:0001:ffff:0168b199:0:0:0:" name="IMN" service_name="IMN" provider="ALWTHEKATV" sid="1" onid="65535" tsid="1" />
    <channel service_ref="1:0:1:0001:0001:ffff:0168b1a8:0:0:0:" name="IMN SPORT" service_name="IMN SPORT" provider="Service Provider" sid="1" onid="65535" tsid="1" />
    <channel service_ref="1:0:1:0001:0001:ffff:0168b1ab:0:0:0:" name="IMN TURKMEN" service_name="IMN TURKMEN" provider="Service Provider" sid="1" onid="65535" tsid="1" />
    <channel service_ref="1:0:1:085a:0001:036e:01680000:0:0:0:" name="KAVKASIA" service_name="KAVKASIA" provider="GEOSAT" sid="2138" onid="878" tsid="1" />
    <channel service_ref="1:0:1:000e:7594:036e:01680000:0:0:0:" name="MAESTRO TEST" service_name="MAESTRO TEST" provider="" sid="14" onid="878" tsid="30100" />
    <channel service_ref="1:0:1:0004:7594:036e:01680000:0:0:0:" name="MARAO" service_name="MARAO" provider="STEREO +" sid="4" onid="878" tsid="30100" />
    <channel service_ref="1:0:1:035b:0001:036e:01680000:0:0:0:" name="MARAO" service_name="MARAO" provider="GEOSAT" sid="859" onid="878" tsid="1" />
    <channel service_ref="1:0:1:0006:7594:036e:01680000:0:0:0:" name="mesame" service_name="mesame" provider="STEREO +" sid="6" onid="878" tsid="30100" />
    <channel service_ref="1:0:1:035a:0001:036e:01680000:0:0:0:" name="MESAME" service_name="MESAME" provider="GEOSAT" sid="858" onid="878" tsid="1" />
    <channel service_ref="1:0:1:0029:00f5:036e:01680000:0:0:0:" name="Nat Geo Wild Europe" service_name="Nat Geo Wild Europe" provider="VIVACOM" sid="41" onid="878" tsid="245" />
    <channel service_ref="1:0:1:0003:0001:ffff:0168ad47:0:0:0:" name="NOURCHAM" service_name="NOURCHAM" provider="Service Provider" sid="3" onid="65535" tsid="1" />
    <channel service_ref="1:0:1:0007:7594:036e:01680000:0:0:0:" name="OBIEQTIVI" service_name="OBIEQTIVI" provider="STEREO +" sid="7" onid="878" tsid="30100" />
    <channel service_ref="1:0:1:000f:7594:036e:01680000:0:0:0:" name="PALITRANEWS" service_name="PALITRANEWS" provider="STEREO +" sid="15" onid="878" tsid="30100" />
    <channel service_ref="1:0:1:0003:7594:036e:01680000:0:0:0:" name="RUSTAVI 2" service_name="RUSTAVI 2" provider="STEREO +" sid="3" onid="878" tsid="30100" />
    <channel service_ref="1:0:1:0359:0001:036e:01680000:0:0:0:" name="RUSTAVI2" service_name="RUSTAVI2" provider="GEOSAT" sid="857" onid="878" tsid="1" />
    <channel service_ref="1:0:1:006e:00f5:036e:01680000:0:0:0:" name="Rybalka i Okhota International" service_name="Rybalka i Okhota International" provider="VIVACOM" sid="110" onid="878" tsid="245" />
    <channel service_ref="1:0:1:0002:0001:ffff:01682d98:0:0:0:" name="Service Name" service_name="Service Name" provider="Service Provider" sid="2" onid="65535" tsid="1" />
    <channel service_ref="1:0:1:0003:0001:ffff:01682d98:0:0:0:" name="Service Name" service_name="Service Name" provider="Service Provider" sid="3" onid="65535" tsid="1" />
    <channel service_ref="1:0:1:0001:0001:ffff:01682d98:0:0:0:" name="Service-1" service_name="Service-1" provider="Service Provider" sid="1" onid="65535" tsid="1" />
    <channel service_ref="1:0:1:0001:0001:ffff:016831b2:0:0:0:" name="Service-1" service_name="Service-1" provider="Service Provider" sid="1" onid="65535" tsid="1" />
    <channel service_ref="1:0:1:0004:0001:ffff:0168ad47:0:0:0:" name="SYRIA" service_name="SYRIA" provider="Service Provider" sid="4" onid="65535" tsid="1" />
    <channel service_ref="1:0:1:0002:0001:ffff:0168ad47:0:0:0:" name="SYRIANA" service_name="SYRIANA" provider="Service Provider" sid="2" onid="65535" tsid="1" />
    <channel service_ref="1:0:1:0001:0001:ffff:0168ace3:0:0:0:" name="TANDBERG" service_name="TANDBERG" provider="TandbergTV" sid="1" onid="65535" tsid="1" />
    <channel service_ref="1:0:1:0001:0001:ffff:01682d42:0:0:0:" name="Tandberg Service" service_name="Tandberg Service" provider="TandbergTV" sid="1" onid="65535" tsid="1" />
    <channel service_ref="1:0:1:0004:0001:ffff:0168b0fe:0:0:0:" name="Tandberg Service" service_name="Tandberg Service" provider="TandbergTV" sid="4" onid="65535" tsid="1" />
    <channel service_ref="1:0:1:0028:0001:0001:01682c97:0:0:0:" name="Tm1 HD" service_name="Tm1 HD" provider="Telemedia" sid="40" onid="1" tsid="1" />
    <channel service_ref="1:0:1:0005:7594:036e:01680000:0:0:0:" name="TV PIRVELI" service_name="TV PIRVELI" provider="STEREO +" sid="5" onid="878" tsid="30100" />
  </bouquet>
  <bouquet name="Series" category="tv">
    <channel service_ref="1:0:1:0001:0001:ffff:0168ad47:0:0:0:" name="DRAMA" service_name="DRAMA" provider="Service Provider" sid="1" onid="65535" tsid="1" />
  </bouquet>
  <bouquet name="News" category="tv">
    <channel service_ref="1:0:1:000f:7594:036e:01680000:0:0:0:" name="PALITRANEWS" service_name="PALITRANEWS" provider="STEREO +" sid="15" onid="878" tsid="30100" />
  </bouquet>
  <bouquet name="Sports" category="tv">
    <channel service_ref="1:0:1:0001:0001:ffff:0168b1a8:0:0:0:" name="IMN SPORT" service_name="IMN SPORT" provider="Service Provider" sid="1" onid="65535" tsid="1" />
  </bouquet>
  <bouquet name="Music" category="tv">
    <channel service_ref="1:0:1:002a:00f5:036e:01680000:0:0:0:" name="BNT World" service_name="BNT World" provider="VIVACOM" sid="42" onid="878" tsid="245" />
    <channel service_ref="1:0:25:002b:00f5:036e:01680000:0:0:0:" name="Fox Greece HD" service_name="Fox Greece HD" provider="VIVACOM" sid="43" onid="878" tsid="245" />
    <channel service_ref="1:0:25:002c:00f5:036e:01680000:0:0:0:" name="Fox Life Greece HD" service_name="Fox Life Greece HD" provider="VIVACOM" sid="44" onid="878" tsid="245" />
    <channel service_ref="1:0:1:0029:00f5:036e:01680000:0:0:0:" name="Nat Geo Wild Europe" service_name="Nat Geo Wild Europe" provider="VIVACOM" sid="41" onid="878" tsid="245" />
    <channel service_ref="1:0:1:006e:00f5:036e:01680000:0:0:0:" name="Rybalka i Okhota International" service_name="Rybalka i Okhota International" provider="VIVACOM" sid="110" onid="878" tsid="245" />
  </bouquet>
  <bouquet name="Documentary" category="tv">
    <channel service_ref="1:0:1:085b:0001:036e:01680000:0:0:0:" name="1 TV Georgia" service_name="1 TV Georgia" provider="" sid="2139" onid="878" tsid="1" />
    <channel service_ref="1:0:1:213d:0001:036e:01680000:0:0:0:" name="GEOSAT radio" service_name="GEOSAT radio" provider="" sid="8509" onid="878" tsid="1" />
    <channel service_ref="1:0:1:085a:0001:036e:01680000:0:0:0:" name="KAVKASIA" service_name="KAVKASIA" provider="GEOSAT" sid="2138" onid="878" tsid="1" />
    <channel service_ref="1:0:1:035b:0001:036e:01680000:0:0:0:" name="MARAO" service_name="MARAO" provider="GEOSAT" sid="859" onid="878" tsid="1" />
    <channel service_ref="1:0:1:035a:0001:036e:01680000:0:0:0:" name="MESAME" service_name="MESAME" provider="GEOSAT" sid="858" onid="878" tsid="1" />
    <channel service_ref="1:0:1:0359:0001:036e:01680000:0:0:0:" name="RUSTAVI2" service_name="RUSTAVI2" provider="GEOSAT" sid="857" onid="878" tsid="1" />
  </bouquet>
  <bouquet name="Austria" category="tv">
    <channel service_ref="1:0:1:0001:0001:ffff:0168b199:0:0:0:" name="IMN" service_name="IMN" provider="ALWTHEKATV" sid="1" onid="65535" tsid="1" />
  </bouquet>
  <bouquet name="Switzerland" category="tv">
    <channel service_ref="1:0:1:0001:0080:0000:016830db:0:0:0:" name="12507H SID 0x01" service_name="12507H SID 0x01" provider="DVB-S2 QPSK 12507H 36.0Â°E" sid="1" onid="0" tsid="128" />
    <channel service_ref="1:0:1:0028:0001:0001:01682c97:0:0:0:" name="Tm1 HD" service_name="Tm1 HD" provider="Telemedia" sid="40" onid="1" tsid="1" />
  </bouquet>
  <bouquet name="Resolution - HD" category="tv">
    <channel service_ref="1:0:25:002b:00f5:036e:01680000:0:0:0:" name="Fox Greece HD" service_name="Fox Greece HD" provider="VIVACOM" sid="43" onid="878" tsid="245" />
    <channel service_ref="1:0:25:002c:00f5:036e:01680000:0:0:0:" name="Fox Life Greece HD" service_name="Fox Life Greece HD" provider="VIVACOM" sid="44" onid="878" tsid="245" />
    <channel service_ref="1:0:1:0028:0001:0001:01682c97:0:0:0:" name="Tm1 HD" service_name="Tm1 HD" provider="Telemedia" sid="40" onid="1" tsid="1" />
  </bouquet>
  <bouquet name="Resolution - SD" category="tv">
    <channel service_ref="1:0:1:213b:0001:036e:01680000:0:0:0:" name="CurrentTime SD" service_name="CurrentTime SD" provider="" sid="8507" onid="878" tsid="1" />
  </bouquet>
  <bouquet name="International" category="tv">
    <channel service_ref="1:0:1:0001:0001:ffff:0168b1ab:0:0:0:" name="IMN TURKMEN" service_name="IMN TURKMEN" provider="Service Provider" sid="1" onid="65535" tsid="1" />
  </bouquet>
  <bouquet name="Others" category="tv">
    <channel service_ref="1:0:1:0001:0001:ffff:0168b11c:0:0:0:" name="AL_ETEJAH TV" service_name="AL_ETEJAH TV" provider="AL_ETEJAH TV" sid="1" onid="65535" tsid="1" />
    <channel service_ref="1:0:1:0001:0001:ffff:0168b0e8:0:0:0:" name="ALMasar" service_name="ALMasar" provider="ALMasar" sid="1" onid="65535" tsid="1" />
    <channel service_ref="1:0:1:0001:0001:0001:01682d4c:0:0:0:" name="ALYAUM TV" service_name="ALYAUM TV" provider="SYR" sid="1" onid="1" tsid="1" />
    <channel service_ref="1:0:22:0001:0001:0001:01682d8f:0:0:0:" name="assirat-ch" service_name="assirat-ch" provider="alsirat" sid="1" onid="1" tsid="1" />
    <channel service_ref="1:0:1:213b:0001:036e:01680000:0:0:0:" name="CurrentTime SD" service_name="CurrentTime SD" provider="" sid="8507" onid="878" tsid="1" />
    <channel service_ref="1:0:1:0002:7594:036e:01680000:0:0:0:" name="GDS TEST" service_name="GDS TEST" provider="" sid="2" onid="878" tsid="30100" />
    <channel service_ref="1:0:1:0001:7594:036e:01680000:0:0:0:" name="IMEDI" service_name="IMEDI" provider="STEREO +" sid="1" onid="878" tsid="30100" />
    <channel service_ref="1:0:1:000e:7594:036e:01680000:0:0:0:" name="MAESTRO TEST" service_name="MAESTRO TEST" provider="" sid="14" onid="878" tsid="30100" />
    <channel service_ref="1:0:1:0004:7594:036e:01680000:0:0:0:" name="MARAO" service_name="MARAO" provider="STEREO +" sid="4" onid="878" tsid="30100" />
    <channel service_ref="1:0:1:0006:7594:036e:01680000:0:0:0:" name="mesame" service_name="mesame" provider="STEREO +" sid="6" onid="878" tsid="30100" />
    <channel service_ref="1:0:1:0003:0001:ffff:0168ad47:0:0:0:" name="NOURCHAM" service_name="NOURCHAM" provider="Service Provider" sid="3" onid="65535" tsid="1" />
    <channel service_ref="1:0:1:0007:7594:036e:01680000:0:0:0:" name="OBIEQTIVI" service_name="OBIEQTIVI" provider="STEREO +" sid="7" onid="878" tsid="30100" />
    <channel service_ref="1:0:1:0003:7594:036e:01680000:0:0:0:" name="RUSTAVI 2" service_name="RUSTAVI 2" provider="STEREO +" sid="3" onid="878" tsid="30100" />
    <channel service_ref="1:0:1:0002:0001:ffff:01682d98:0:0:0:" name="Service Name" service_name="Service Name" provider="Service Provider" sid="2" onid="65535" tsid="1" />
    <channel service_ref="1:0:1:0003:0001:ffff:01682d98:0:0:0:" name="Service Name" service_name="Service Name" provider="Service Provider" sid="3" onid="65535" tsid="1" />
    <channel service_ref="1:0:1:0001:0001:ffff:01682d98:0:0:0:" name="Service-1" service_name="Service-1" provider="Service Provider" sid="1" onid="65535" tsid="1" />
    <channel service_ref="1:0:1:0001:0001:ffff:016831b2:0:0:0:" name="Service-1" service_name="Service-1" provider="Service Provider" sid="1" onid="65535" tsid="1" />
    <channel service_ref="1:0:1:0004:0001:ffff:0168ad47:0:0:0:" name="SYRIA" service_name="SYRIA" provider="Service Provider" sid="4" onid="65535" tsid="1" />
    <channel service_ref="1:0:1:0002:0001:ffff:0168ad47:0:0:0:" name="SYRIANA" service_name="SYRIANA" provider="Service Provider" sid="2" onid="65535" tsid="1" />
    <channel service_ref="1:0:1:0001:0001:ffff:0168ace3:0:0:0:" name="TANDBERG" service_name="TANDBERG" provider="TandbergTV" sid="1" onid="65535" tsid="1" />
    <channel service_ref="1:0:1:0001:0001:ffff:01682d42:0:0:0:" name="Tandberg Service" service_name="Tandberg Service" provider="TandbergTV" sid="1" onid="65535" tsid="1" />
    <channel service_ref="1:0:1:0004:0001:ffff:0168b0fe:0:0:0:" name="Tandberg Service" service_name="Tandberg Service" provider="TandbergTV" sid="4" onid="65535" tsid="1" />
    <channel service_ref="1:0:1:0005:7594:036e:01680000:0:0:0:" name="TV PIRVELI" service_name="TV PIRVELI" provider="STEREO +" sid="5" onid="878" tsid="30100" />
  </bouquet>
  <bouquet name="Radio" category="radio">
    <channel service_ref="1:0:2:000d:0001:ffff:0168b199:0:0:0:" name="IMN 3 AM" service_name="IMN 3 AM" provider="ALWTHEKATV" sid="13" onid="65535" tsid="1" />
    <channel service_ref="1:0:2:0002:0001:ffff:0168b199:0:0:0:" name="IMN 3 FM" service_name="IMN 3 FM" provider="ALWTHEKATV" sid="2" onid="65535" tsid="1" />
  </bouquet>
  <bouquet name="Radio - Music" category="radio">
    <channel service_ref="1:0:2:0002:0001:ffff:0168b199:0:0:0:" name="IMN 3 FM" service_name="IMN 3 FM" provider="ALWTHEKATV" sid="2" onid="65535" tsid="1" />
  </bouquet>
</zapit>
