<?xml version='1.0' encoding='utf-8'?>
<zapit api="4">
  <satellites>
    <satellite key="01680000:0001:036e" name="Sat-36E" namespace="0x01680000" position="36">
      <transponder key="01680000:0001:036e" frequency="11212000" symbol_rate="14400000" polarization="H" fec="7" system="0" modulation="0">
        <service id="0x085b" sid="2139" name="1 TV Georgia" type="1" provider="" onid="878" tsid="1" namespace="0x01680000" />
        <service id="0x213b" sid="8507" name="CurrentTime SD" type="1" provider="" onid="878" tsid="1" namespace="0x01680000" />
        <service id="0x213d" sid="8509" name="GEOSAT radio" type="1" provider="" onid="878" tsid="1" namespace="0x01680000" />
        <service id="0x085a" sid="2138" name="KAVKASIA" type="1" provider="GEOSAT" onid="878" tsid="1" namespace="0x01680000" />
        <service id="0x035b" sid="859" name="MARAO" type="1" provider="GEOSAT" onid="878" tsid="1" namespace="0x01680000" />
        <service id="0x035a" sid="858" name="MESAME" type="1" provider="GEOSAT" onid="878" tsid="1" namespace="0x01680000" />
        <service id="0x0359" sid="857" name="RUSTAVI2" type="1" provider="GEOSAT" onid="878" tsid="1" namespace="0x01680000" />
      </transponder>
    </satellite>
    <satellite key="01680000:00f5:036e" name="Sat-36E" namespace="0x01680000" position="36">
      <transponder key="01680000:00f5:036e" frequency="11345000" symbol_rate="30000000" polarization="H" fec="3" system="0" modulation="0">
        <service id="0x002a" sid="42" name="BNT World" type="1" provider="VIVACOM" onid="878" tsid="245" namespace="0x01680000" />
        <service id="0x002b" sid="43" name="Fox Greece HD" type="25" provider="VIVACOM" onid="878" tsid="245" namespace="0x01680000" />
        <service id="0x002c" sid="44" name="Fox Life Greece HD" type="25" provider="VIVACOM" onid="878" tsid="245" namespace="0x01680000" />
        <service id="0x0029" sid="41" name="Nat Geo Wild Europe" type="1" provider="VIVACOM" onid="878" tsid="245" namespace="0x01680000" />
        <service id="0x006e" sid="110" name="Rybalka i Okhota International" type="1" provider="VIVACOM" onid="878" tsid="245" namespace="0x01680000" />
      </transponder>
    </satellite>
    <satellite key="01680000:7594:036e" name="Sat-36E" namespace="0x01680000" position="36">
      <transponder key="01680000:7594:036e" frequency="11230000" symbol_rate="15000000" polarization="H" fec="7" system="0" modulation="0">
        <service id="0x0002" sid="2" name="GDS TEST" type="1" provider="" onid="878" tsid="30100" namespace="0x01680000" />
        <service id="0x0001" sid="1" name="IMEDI" type="1" provider="STEREO +" onid="878" tsid="30100" namespace="0x01680000" />
        <service id="0x000e" sid="14" name="MAESTRO TEST" type="1" provider="" onid="878" tsid="30100" namespace="0x01680000" />
        <service id="0x0004" sid="4" name="MARAO" type="1" provider="STEREO +" onid="878" tsid="30100" namespace="0x01680000" />
        <service id="0x0006" sid="6" name="mesame" type="1" provider="STEREO +" onid="878" tsid="30100" namespace="0x01680000" />
        <service id="0x0007" sid="7" name="OBIEQTIVI" type="1" provider="STEREO +" onid="878" tsid="30100" namespace="0x01680000" />
        <service id="0x000f" sid="15" name="PALITRANEWS" type="1" provider="STEREO +" onid="878" tsid="30100" namespace="0x01680000" />
        <service id="0x0003" sid="3" name="RUSTAVI 2" type="1" provider="STEREO +" onid="878" tsid="30100" namespace="0x01680000" />
        <service id="0x0005" sid="5" name="TV PIRVELI" type="1" provider="STEREO +" onid="878" tsid="30100" namespace="0x01680000" />
      </transponder>
    </satellite>
    <satellite key="01682c97:0001:0001" name="Sat-36E" namespace="0x01682c97" position="36">
      <transponder key="01682c97:0001:0001" frequency="11415000" symbol_rate="3200000" polarization="H" fec="2" system="0" modulation="0">
        <service id="0x0028" sid="40" name="Tm1 HD" type="1" provider="Telemedia" onid="1" tsid="1" namespace="0x01682c97" />
      </transponder>
    </satellite>
    <satellite key="01682d42:0001:ffff" name="Sat-36E" namespace="0x01682d42" position="36">
      <transponder key="01682d42:0001:ffff" frequency="11586000" symbol_rate="2170000" polarization="H" fec="4" system="0" modulation="0">
        <service id="0x0001" sid="1" name="Tandberg Service" type="1" provider="TandbergTV" onid="65535" tsid="1" namespace="0x01682d42" />
      </transponder>
    </satellite>
    <satellite key="01682d4c:0001:0001" name="Sat-36E" namespace="0x01682d4c" position="36">
      <transponder key="01682d4c:0001:0001" frequency="11596000" symbol_rate="1750000" polarization="H" fec="4" system="0" modulation="0">
        <service id="0x0001" sid="1" name="ALYAUM TV" type="1" provider="SYR" onid="1" tsid="1" namespace="0x01682d4c" />
      </transponder>
    </satellite>
    <satellite key="01682d8f:0001:0001" name="Sat-36E" namespace="0x01682d8f" position="36">
      <transponder key="01682d8f:0001:0001" frequency="11663000" symbol_rate="1111000" polarization="H" fec="3" system="0" modulation="0">
        <service id="0x0001" sid="1" name="assirat-ch" type="22" provider="alsirat" onid="1" tsid="1" namespace="0x01682d8f" />
      </transponder>
    </satellite>
    <satellite key="01682d98:0001:ffff" name="Sat-36E" namespace="0x01682d98" position="36">
      <transponder key="01682d98:0001:ffff" frequency="11672000" symbol_rate="2220000" polarization="H" fec="4" system="0" modulation="0">
        <service id="0x0002" sid="2" name="Service Name" type="1" provider="Service Provider" onid="65535" tsid="1" namespace="0x01682d98" />
        <service id="0x0003" sid="3" name="Service Name" type="1" provider="Service Provider" onid="65535" tsid="1" namespace="0x01682d98" />
        <service id="0x0001" sid="1" name="Service-1" type="1" provider="Service Provider" onid="65535" tsid="1" namespace="0x01682d98" />
      </transponder>
    </satellite>
    <satellite key="016830db:0080:0000" name="Sat-36E" namespace="0x016830db" position="36">
      <transponder key="016830db:0080:0000" frequency="12507000" symbol_rate="1667000" polarization="H" fec="4" system="0" modulation="0">
        <service id="0x0001" sid="1" name="12507H SID 0x01" type="1" provider="DVB-S2 QPSK 12507H 36.0Â°E" onid="0" tsid="128" namespace="0x016830db" />
      </transponder>
    </satellite>
    <satellite key="016831b2:0001:ffff" name="Sat-36E" namespace="0x016831b2" position="36">
      <transponder key="016831b2:0001:ffff" frequency="12722000" symbol_rate="1852000" polarization="H" fec="4" system="0" modulation="0">
        <service id="0x0001" sid="1" name="Service-1" type="1" provider="Service Provider" onid="65535" tsid="1" namespace="0x016831b2" />
      </transponder>
    </satellite>
    <satellite key="0168ace3:0001:ffff" name="Sat-36E" namespace="0x0168ace3" position="36">
      <transponder key="0168ace3:0001:ffff" frequency="11491000" symbol_rate="2200000" polarization="V" fec="3" system="0" modulation="0">
        <service id="0x0001" sid="1" name="TANDBERG" type="1" provider="TandbergTV" onid="65535" tsid="1" namespace="0x0168ace3" />
      </transponder>
    </satellite>
    <satellite key="0168ad47:0001:ffff" name="Sat-36E" namespace="0x0168ad47" position="36">
      <transponder key="0168ad47:0001:ffff" frequency="11591000" symbol_rate="5425000" polarization="V" fec="4" system="0" modulation="0">
        <service id="0x0001" sid="1" name="DRAMA" type="1" provider="Service Provider" onid="65535" tsid="1" namespace="0x0168ad47" />
        <service id="0x0003" sid="3" name="NOURCHAM" type="1" provider="Service Provider" onid="65535" tsid="1" namespace="0x0168ad47" />
        <service id="0x0004" sid="4" name="SYRIA" type="1" provider="Service Provider" onid="65535" tsid="1" namespace="0x0168ad47" />
        <service id="0x0002" sid="2" name="SYRIANA" type="1" provider="Service Provider" onid="65535" tsid="1" namespace="0x0168ad47" />
      </transponder>
    </satellite>
    <satellite key="0168b0e8:0001:ffff" name="Sat-36E" namespace="0x0168b0e8" position="36">
      <transponder key="0168b0e8:0001:ffff" frequency="12520000" symbol_rate="1428000" polarization="V" fec="4" system="0" modulation="0">
        <service id="0x0001" sid="1" name="ALMasar" type="1" provider="ALMasar" onid="65535" tsid="1" namespace="0x0168b0e8" />
      </transponder>
    </satellite>
    <satellite key="0168b0fe:0001:ffff" name="Sat-36E" namespace="0x0168b0fe" position="36">
      <transponder key="0168b0fe:0001:ffff" frequency="12542000" symbol_rate="2220000" polarization="V" fec="3" system="0" modulation="0">
        <service id="0x0004" sid="4" name="Tandberg Service" type="1" provider="TandbergTV" onid="65535" tsid="1" namespace="0x0168b0fe" />
      </transponder>
    </satellite>
    <satellite key="0168b11c:0001:ffff" name="Sat-36E" namespace="0x0168b11c" position="36">
      <transponder key="0168b11c:0001:ffff" frequency="12572000" symbol_rate="2000000" polarization="V" fec="3" system="0" modulation="0">
        <service id="0x0001" sid="1" name="AL_ETEJAH TV" type="1" provider="AL_ETEJAH TV" onid="65535" tsid="1" namespace="0x0168b11c" />
      </transponder>
    </satellite>
    <satellite key="0168b199:0001:ffff" name="Sat-36E" namespace="0x0168b199" position="36">
      <transponder key="0168b199:0001:ffff" frequency="12697000" symbol_rate="2200000" polarization="V" fec="5" system="0" modulation="0">
        <service id="0x0001" sid="1" name="IMN" type="1" provider="ALWTHEKATV" onid="65535" tsid="1" namespace="0x0168b199" />
        <service id="0x000d" sid="13" name="IMN 3 AM" type="2" provider="ALWTHEKATV" onid="65535" tsid="1" namespace="0x0168b199" radio="1" />
        <service id="0x0002" sid="2" name="IMN 3 FM" type="2" provider="ALWTHEKATV" onid="65535" tsid="1" namespace="0x0168b199" radio="1" />
      </transponder>
    </satellite>
    <satellite key="0168b1a8:0001:ffff" name="Sat-36E" namespace="0x0168b1a8" position="36">
      <transponder key="0168b1a8:0001:ffff" frequency="12712000" symbol_rate="2500000" polarization="V" fec="4" system="0" modulation="0">
        <service id="0x0001" sid="1" name="IMN SPORT" type="1" provider="Service Provider" onid="65535" tsid="1" namespace="0x0168b1a8" />
      </transponder>
    </satellite>
    <satellite key="0168b1ab:0001:ffff" name="Sat-36E" namespace="0x0168b1ab" position="36">
      <transponder key="0168b1ab:0001:ffff" frequency="12715000" symbol_rate="1800000" polarization="V" fec="4" system="0" modulation="0">
        <service id="0x0001" sid="1" name="IMN TURKMEN" type="1" provider="Service Provider" onid="65535" tsid="1" namespace="0x0168b1ab" />
      </transponder>
    </satellite>
  </satellites>
</zapit>
