<?xml version='1.0' encoding='utf-8'?>
<zapit api="4">
  <terrestrials>
    <terrestrial key="eeee0000:0200:001d" name="Persidera" namespace="0xeeee0000">
      <transponder key="eeee0000:0200:001d" frequency="642000000" symbol_rate="0" polarization="H" fec="5" system="0" modulation="4">
        <service id="0x0020" sid="32" name="Cielo" type="25" provider="Persidera" onid="29" tsid="512" namespace="0xeeee0000" />
        <service id="0x005c" sid="92" name="frisbee" type="22" provider="Persidera" onid="29" tsid="512" namespace="0xeeee0000" />
        <service id="0x00a0" sid="160" name="IlSole24ORE TV" type="25" provider="Persidera" onid="29" tsid="512" namespace="0xeeee0000" />
        <service id="0x003d" sid="61" name="K2" type="22" provider="Persidera" onid="29" tsid="512" namespace="0xeeee0000" />
        <service id="0x006e" sid="110" name="RADIO KISS KISS TV" type="25" provider="Persidera" onid="29" tsid="512" namespace="0xeeee0000" />
        <service id="0x001d" sid="29" name="RadioItaliaTV" type="25" provider="Persidera" onid="29" tsid="512" namespace="0xeeee0000" />
        <service id="0x003c" sid="60" name="RadioItaliaTV" type="25" provider="Persidera" onid="29" tsid="512" namespace="0xeeee0000" />
        <service id="0x005a" sid="90" name="Sky TG24" type="25" provider="Persidera" onid="29" tsid="512" namespace="0xeeee0000" />
        <service id="0x0019" sid="25" name="Super!" type="22" provider="Persidera" onid="29" tsid="512" namespace="0xeeee0000" />
        <service id="0x001c" sid="28" name="SUPERTENNIS" type="25" provider="Persidera" onid="29" tsid="512" namespace="0xeeee0000" />
        <service id="0x0028" sid="40" name="TV2000" type="25" provider="Persidera" onid="29" tsid="512" namespace="0xeeee0000" />
        <service id="0x0029" sid="41" name="TV2000" type="25" provider="Persidera" onid="29" tsid="512" namespace="0xeeee0000" />
        <service id="0x001e" sid="30" name="TV8 HD" type="25" provider="Persidera" onid="29" tsid="512" namespace="0xeeee0000" />
        <service id="0x002e" sid="46" name="TV8 HD" type="25" provider="Persidera" onid="29" tsid="512" namespace="0xeeee0000" />
        <service id="0x002f" sid="47" name="TV8 HD" type="25" provider="Persidera" onid="29" tsid="512" namespace="0xeeee0000" />
        <service id="0x0070" sid="112" name="TV8 News On Demand" type="1" provider="Persidera" onid="29" tsid="512" namespace="0xeeee0000" />
        <service id="0x004e" sid="78" name="VH1" type="1" provider="Persidera" onid="29" tsid="512" namespace="0xeeee0000" />
        <service id="0x002c" sid="44" name="inBlu2000" type="2" provider="Persidera" onid="29" tsid="512" namespace="0xeeee0000" radio="1" />
        <service id="0x000d" sid="13" name="R Italia SMI" type="2" provider="Persidera" onid="29" tsid="512" namespace="0xeeee0000" radio="1" />
        <service id="0x002d" sid="45" name="RADIO VATICANA ITALIA" type="2" provider="Persidera" onid="29" tsid="512" namespace="0xeeee0000" radio="1" />
      </transponder>
    </terrestrial>
    <terrestrial key="eeee0000:0204:001d" name="Persidera" namespace="0xeeee0000">
      <transponder key="eeee0000:0204:001d" frequency="682000000" symbol_rate="0" polarization="H" fec="5" system="0" modulation="4">
        <service id="0x001b" sid="27" name="ARTE E CULTURA" type="22" provider="Persidera" onid="29" tsid="516" namespace="0xeeee0000" />
        <service id="0x003f" sid="63" name="AutoMoto" type="22" provider="Persidera" onid="29" tsid="516" namespace="0xeeee0000" />
        <service id="0x000e" sid="14" name="CANALE 227" type="22" provider="Persidera" onid="29" tsid="516" namespace="0xeeee0000" />
        <service id="0x000f" sid="15" name="CANALE 235" type="22" provider="Persidera" onid="29" tsid="516" namespace="0xeeee0000" />
        <service id="0x0011" sid="17" name="CANALE 268" type="22" provider="Persidera" onid="29" tsid="516" namespace="0xeeee0000" />
        <service id="0x001c" sid="28" name="CLASS CNBC" type="22" provider="Persidera" onid="29" tsid="516" namespace="0xeeee0000" />
        <service id="0x001d" sid="29" name="CLASS TV MODA" type="22" provider="Persidera" onid="29" tsid="516" namespace="0xeeee0000" />
        <service id="0x000c" sid="12" name="CS24.LIVE" type="22" provider="Persidera" onid="29" tsid="516" namespace="0xeeee0000" />
        <service id="0x000a" sid="10" name="Discovery" type="25" provider="Persidera" onid="29" tsid="516" namespace="0xeeee0000" />
        <service id="0x000b" sid="11" name="Discovery" type="25" provider="Persidera" onid="29" tsid="516" namespace="0xeeee0000" />
        <service id="0x0014" sid="20" name="DMAX" type="25" provider="Persidera" onid="29" tsid="516" namespace="0xeeee0000" />
        <service id="0x0010" sid="16" name="DR PALMAS TV" type="22" provider="Persidera" onid="29" tsid="516" namespace="0xeeee0000" />
        <service id="0x003e" sid="62" name="GAMBERO ROSSO" type="22" provider="Persidera" onid="29" tsid="516" namespace="0xeeee0000" />
        <service id="0x0013" sid="19" name="IMPRESE" type="22" provider="Persidera" onid="29" tsid="516" namespace="0xeeee0000" />
        <service id="0x001e" sid="30" name="IT CHANNEL" type="22" provider="Persidera" onid="29" tsid="516" namespace="0xeeee0000" />
        <service id="0x001a" sid="26" name="ITALIAN FISHING TV" type="22" provider="Persidera" onid="29" tsid="516" namespace="0xeeee0000" />
        <service id="0x0012" sid="18" name="MADE IN BUSINESS" type="22" provider="Persidera" onid="29" tsid="516" namespace="0xeeee0000" />
        <service id="0x002a" sid="42" name="Man-ga" type="22" provider="Persidera" onid="29" tsid="516" namespace="0xeeee0000" />
        <service id="0x0034" sid="52" name="RADIO ZETA" type="25" provider="Persidera" onid="29" tsid="516" namespace="0xeeee0000" />
        <service id="0x008c" sid="140" name="RADIO ZETA" type="25" provider="Persidera" onid="29" tsid="516" namespace="0xeeee0000" />
        <service id="0x00da" sid="218" name="RADIOFRECCIA" type="25" provider="Persidera" onid="29" tsid="516" namespace="0xeeee0000" />
        <service id="0x00dc" sid="220" name="RADIOFRECCIA" type="25" provider="Persidera" onid="29" tsid="516" namespace="0xeeee0000" />
        <service id="0x002c" sid="44" name="Real Time" type="25" provider="Persidera" onid="29" tsid="516" namespace="0xeeee0000" />
        <service id="0x00db" sid="219" name="RTL 102.5" type="25" provider="Persidera" onid="29" tsid="516" namespace="0xeeee0000" />
        <service id="0x003c" sid="60" name="RTL 102.5 CALIENTE" type="22" provider="Persidera" onid="29" tsid="516" namespace="0xeeee0000" />
        <service id="0x00a0" sid="160" name="RTL 102.5 CALIENTE" type="22" provider="Persidera" onid="29" tsid="516" namespace="0xeeee0000" />
        <service id="0x003d" sid="61" name="URANIA" type="22" provider="Persidera" onid="29" tsid="516" namespace="0xeeee0000" />
        <service id="0x001f" sid="31" name="WELCOME IN" type="22" provider="Persidera" onid="29" tsid="516" namespace="0xeeee0000" />
        <service id="0x00de" sid="222" name="RADIO ZETA" type="2" provider="Persidera" onid="29" tsid="516" namespace="0xeeee0000" radio="1" />
        <service id="0x00df" sid="223" name="RADIOFRECCIA" type="2" provider="Persidera" onid="29" tsid="516" namespace="0xeeee0000" radio="1" />
        <service id="0x00dd" sid="221" name="RTL 102.5" type="2" provider="Persidera" onid="29" tsid="516" namespace="0xeeee0000" radio="1" />
        <service id="0x00e1" sid="225" name="RTL 102.5 BEST" type="2" provider="Persidera" onid="29" tsid="516" namespace="0xeeee0000" radio="1" />
        <service id="0x00e5" sid="229" name="RTL 102.5 BRO&amp;SIS" type="2" provider="Persidera" onid="29" tsid="516" namespace="0xeeee0000" radio="1" />
        <service id="0x00e4" sid="228" name="RTL 102.5 CALIENTE" type="2" provider="Persidera" onid="29" tsid="516" namespace="0xeeee0000" radio="1" />
        <service id="0x00e3" sid="227" name="RTL 102.5 DISCO" type="2" provider="Persidera" onid="29" tsid="516" namespace="0xeeee0000" radio="1" />
        <service id="0x00e2" sid="226" name="RTL 102.5 NAPULE'" type="2" provider="Persidera" onid="29" tsid="516" namespace="0xeeee0000" radio="1" />
        <service id="0x00e0" sid="224" name="RTL 102.5 TRAFFIC" type="2" provider="Persidera" onid="29" tsid="516" namespace="0xeeee0000" radio="1" />
      </transponder>
    </terrestrial>
    <terrestrial key="eeee0000:7918:217c" name="Persidera" namespace="0xeeee0000">
      <transponder key="eeee0000:7918:217c" frequency="562000000" symbol_rate="0" polarization="H" fec="5" system="0" modulation="4">
        <service id="0x0022" sid="34" name="ALMA TV" type="22" provider="Persidera" onid="8572" tsid="31000" namespace="0xeeee0000" />
        <service id="0x0023" sid="35" name="ALMA TV" type="22" provider="Persidera" onid="8572" tsid="31000" namespace="0xeeee0000" />
        <service id="0x005b" sid="91" name="CANALE 144" type="22" provider="Persidera" onid="8572" tsid="31000" namespace="0xeeee0000" />
        <service id="0x003b" sid="59" name="CANALE 162" type="22" provider="Persidera" onid="8572" tsid="31000" namespace="0xeeee0000" />
        <service id="0x003d" sid="61" name="CANALE 230" type="22" provider="Persidera" onid="8572" tsid="31000" namespace="0xeeee0000" />
        <service id="0x002d" sid="45" name="CANALE 232" type="22" provider="Persidera" onid="8572" tsid="31000" namespace="0xeeee0000" />
        <service id="0x0029" sid="41" name="CANALE 243" type="22" provider="Persidera" onid="8572" tsid="31000" namespace="0xeeee0000" />
        <service id="0x002b" sid="43" name="CANALE 263" type="22" provider="Persidera" onid="8572" tsid="31000" namespace="0xeeee0000" />
        <service id="0x0026" sid="38" name="CHANNEL 24" type="22" provider="Persidera" onid="8572" tsid="31000" namespace="0xeeee0000" />
        <service id="0x0031" sid="49" name="CUSANO NEWS 7" type="22" provider="Persidera" onid="8572" tsid="31000" namespace="0xeeee0000" />
        <service id="0x001c" sid="28" name="Deejay TV HD" type="25" provider="Persidera" onid="8572" tsid="31000" namespace="0xeeee0000" />
        <service id="0x0024" sid="36" name="GOLD TV ITALIA" type="22" provider="Persidera" onid="8572" tsid="31000" namespace="0xeeee0000" />
        <service id="0x000d" sid="13" name="HGTV - Home&amp;Garden" type="25" provider="Persidera" onid="8572" tsid="31000" namespace="0xeeee0000" />
        <service id="0x004e" sid="78" name="iL61" type="22" provider="Persidera" onid="8572" tsid="31000" namespace="0xeeee0000" />
        <service id="0x004f" sid="79" name="iL61" type="22" provider="Persidera" onid="8572" tsid="31000" namespace="0xeeee0000" />
        <service id="0x002f" sid="47" name="Italia 141" type="22" provider="Persidera" onid="8572" tsid="31000" namespace="0xeeee0000" />
        <service id="0x001e" sid="30" name="Italia 150" type="22" provider="Persidera" onid="8572" tsid="31000" namespace="0xeeee0000" />
        <service id="0x002e" sid="46" name="Italia 53" type="22" provider="Persidera" onid="8572" tsid="31000" namespace="0xeeee0000" />
        <service id="0x008b" sid="139" name="ITALIA CHANNEL" type="22" provider="Persidera" onid="8572" tsid="31000" namespace="0xeeee0000" />
        <service id="0x0025" sid="37" name="LA 4 ITALIA" type="22" provider="Persidera" onid="8572" tsid="31000" namespace="0xeeee0000" />
        <service id="0x005a" sid="90" name="LUXURY CHANNEL 137" type="22" provider="Persidera" onid="8572" tsid="31000" namespace="0xeeee0000" />
        <service id="0x0002" sid="2" name="Motor Trend" type="25" provider="Persidera" onid="8572" tsid="31000" namespace="0xeeee0000" />
        <service id="0x0001" sid="1" name="NOVE" type="25" provider="Persidera" onid="8572" tsid="31000" namespace="0xeeee0000" />
        <service id="0x000e" sid="14" name="NOVE" type="25" provider="Persidera" onid="8572" tsid="31000" namespace="0xeeee0000" />
        <service id="0x001d" sid="29" name="NOVE" type="25" provider="Persidera" onid="8572" tsid="31000" namespace="0xeeee0000" />
        <service id="0x007d" sid="125" name="PAROLE DI VITA" type="22" provider="Persidera" onid="8572" tsid="31000" namespace="0xeeee0000" />
        <service id="0x005d" sid="93" name="PROMO FOOD" type="22" provider="Persidera" onid="8572" tsid="31000" namespace="0xeeee0000" />
        <service id="0x005e" sid="94" name="PROMO HOME" type="22" provider="Persidera" onid="8572" tsid="31000" namespace="0xeeee0000" />
        <service id="0x0028" sid="40" name="PROMO KIDS" type="22" provider="Persidera" onid="8572" tsid="31000" namespace="0xeeee0000" />
        <service id="0x005f" sid="95" name="PROMO LIFE" type="22" provider="Persidera" onid="8572" tsid="31000" namespace="0xeeee0000" />
        <service id="0x003c" sid="60" name="PROMO LIVING" type="22" provider="Persidera" onid="8572" tsid="31000" namespace="0xeeee0000" />
        <service id="0x002c" sid="44" name="PROMO SHOPPING" type="22" provider="Persidera" onid="8572" tsid="31000" namespace="0xeeee0000" />
        <service id="0x002a" sid="42" name="PROMO SPORT" type="22" provider="Persidera" onid="8572" tsid="31000" namespace="0xeeee0000" />
        <service id="0x003f" sid="63" name="PROMO TRAVEL" type="22" provider="Persidera" onid="8572" tsid="31000" namespace="0xeeee0000" />
        <service id="0x0027" sid="39" name="RETE ITALIA" type="22" provider="Persidera" onid="8572" tsid="31000" namespace="0xeeee0000" />
        <service id="0x0020" sid="32" name="SPORTITALIA HD" type="25" provider="Persidera" onid="8572" tsid="31000" namespace="0xeeee0000" />
        <service id="0x0021" sid="33" name="SPORTITALIA HD" type="25" provider="Persidera" onid="8572" tsid="31000" namespace="0xeeee0000" />
        <service id="0x003e" sid="62" name="STARMARKET" type="22" provider="Persidera" onid="8572" tsid="31000" namespace="0xeeee0000" />
        <service id="0x003a" sid="58" name="TV 153" type="22" provider="Persidera" onid="8572" tsid="31000" namespace="0xeeee0000" />
        <service id="0x000a" sid="10" name="Radio Capital" type="2" provider="Persidera" onid="8572" tsid="31000" namespace="0xeeee0000" radio="1" />
        <service id="0x0009" sid="9" name="Radio Deejay" type="2" provider="Persidera" onid="8572" tsid="31000" namespace="0xeeee0000" radio="1" />
        <service id="0x000b" sid="11" name="Radio m2o" type="2" provider="Persidera" onid="8572" tsid="31000" namespace="0xeeee0000" radio="1" />
        <service id="0x000c" sid="12" name="Radio Maria" type="2" provider="Persidera" onid="8572" tsid="31000" namespace="0xeeee0000" radio="1" />
        <service id="0x005c" sid="92" name="RDS 100% GRANDI SUCCESSI" type="2" provider="Persidera" onid="8572" tsid="31000" namespace="0xeeee0000" radio="1" />
      </transponder>
    </terrestrial>
  </terrestrials>
</zapit>
