<?xml version='1.0' encoding='utf-8'?>
<zapit>
  <bouquet name="General" category="tv">
    <channel service_ref="1:0:25:007a:f001:2268:014a0000:0:0:0:" name="Comedy Central Family Polska" service_name="Comedy Central Family Polska" provider="Cyfrowy Polsat" sid="122" onid="8808" tsid="61441" />
    <channel service_ref="1:0:25:002d:f001:2268:014a0000:0:0:0:" name="Comedy Central Polska" service_name="Comedy Central Polska" provider="Cyfrowy Polsat" sid="45" onid="8808" tsid="61441" />
    <channel service_ref="1:0:25:006b:f001:2268:014a0000:0:0:0:" name="Kino Polska" service_name="Kino Polska" provider="Cyfrowy Polsat" sid="107" onid="8808" tsid="61441" />
    <channel service_ref="1:0:25:006a:f001:2268:014a0000:0:0:0:" name="Nickelodeon Polska" service_name="Nickelodeon Polska" provider="Cyfrowy Polsat" sid="106" onid="8808" tsid="61441" />
    <channel service_ref="1:0:1:0007:7788:007e:014a0000:0:0:0:" name="NT 1 HD Suisse" service_name="NT 1 HD Suisse" provider="" sid="7" onid="126" tsid="30600" />
    <channel service_ref="1:0:25:007b:f001:2268:014a0000:0:0:0:" name="Polsat Café" service_name="Polsat Café" provider="Cyfrowy Polsat" sid="123" onid="8808" tsid="61441" />
    <channel service_ref="1:0:25:002c:f001:2268:014a0000:0:0:0:" name="Polsat Film" service_name="Polsat Film" provider="Cyfrowy Polsat" sid="44" onid="8808" tsid="61441" />
    <channel service_ref="1:0:25:0029:f001:2268:014a0000:0:0:0:" name="Polsat News" service_name="Polsat News" provider="Cyfrowy Polsat" sid="41" onid="8808" tsid="61441" />
    <channel service_ref="1:0:25:006d:f001:2268:014a0000:0:0:0:" name="Polsat News" service_name="Polsat News" provider="Cyfrowy Polsat" sid="109" onid="8808" tsid="61441" />
    <channel service_ref="1:0:25:007c:f001:2268:014a0000:0:0:0:" name="Polsat Play" service_name="Polsat Play" provider="Cyfrowy Polsat" sid="124" onid="8808" tsid="61441" />
    <channel service_ref="1:0:25:002b:f001:2268:014a0000:0:0:0:" name="Polsat Sport" service_name="Polsat Sport" provider="Cyfrowy Polsat" sid="43" onid="8808" tsid="61441" />
    <channel service_ref="1:0:25:006c:f001:2268:014a0000:0:0:0:" name="Polsat Sport Extra" service_name="Polsat Sport Extra" provider="Cyfrowy Polsat" sid="108" onid="8808" tsid="61441" />
    <channel service_ref="1:0:1:0008:7788:007e:014a0000:0:0:0:" name="TF 1" service_name="TF 1" provider="" sid="8" onid="126" tsid="30600" />
    <channel service_ref="1:0:1:0006:7788:007e:014a0000:0:0:0:" name="TMC HD Suisse" service_name="TMC HD Suisse" provider="" sid="6" onid="126" tsid="30600" />
    <channel service_ref="1:0:25:0002:7724:033e:014a0000:0:0:0:" name="TTV AL1" service_name="TTV AL1" provider="Turf TV" sid="2" onid="830" tsid="30500" />
    <channel service_ref="1:0:25:0001:7724:033e:014a0000:0:0:0:" name="Turf TV" service_name="Turf TV" provider="Turf TV" sid="1" onid="830" tsid="30500" />
    <channel service_ref="1:0:25:007d:f001:2268:014a0000:0:0:0:" name="TVN Style" service_name="TVN Style" provider="Cyfrowy Polsat" sid="125" onid="8808" tsid="61441" />
    <channel service_ref="1:0:25:002a:f001:2268:014a0000:0:0:0:" name="TVP Seriale" service_name="TVP Seriale" provider="Cyfrowy Polsat" sid="42" onid="8808" tsid="61441" />
  </bouquet>
  <bouquet name="Movies" category="tv">
    <channel service_ref="1:0:25:002c:f001:2268:014a0000:0:0:0:" name="Polsat Film" service_name="Polsat Film" provider="Cyfrowy Polsat" sid="44" onid="8808" tsid="61441" />
  </bouquet>
  <bouquet name="News" category="tv">
    <channel service_ref="1:0:25:0029:f001:2268:014a0000:0:0:0:" name="Polsat News" service_name="Polsat News" provider="Cyfrowy Polsat" sid="41" onid="8808" tsid="61441" />
    <channel service_ref="1:0:25:006d:f001:2268:014a0000:0:0:0:" name="Polsat News" service_name="Polsat News" provider="Cyfrowy Polsat" sid="109" onid="8808" tsid="61441" />
  </bouquet>
  <bouquet name="Sports" category="tv">
    <channel service_ref="1:0:25:002b:f001:2268:014a0000:0:0:0:" name="Polsat Sport" service_name="Polsat Sport" provider="Cyfrowy Polsat" sid="43" onid="8808" tsid="61441" />
    <channel service_ref="1:0:25:006c:f001:2268:014a0000:0:0:0:" name="Polsat Sport Extra" service_name="Polsat Sport Extra" provider="Cyfrowy Polsat" sid="108" onid="8808" tsid="61441" />
  </bouquet>
  <bouquet name="Kids" category="tv">
    <channel service_ref="1:0:25:006a:f001:2268:014a0000:0:0:0:" name="Nickelodeon Polska" service_name="Nickelodeon Polska" provider="Cyfrowy Polsat" sid="106" onid="8808" tsid="61441" />
  </bouquet>
  <bouquet name="Poland" category="tv">
    <channel service_ref="1:0:25:007a:f001:2268:014a0000:0:0:0:" name="Comedy Central Family Polska" service_name="Comedy Central Family Polska" provider="Cyfrowy Polsat" sid="122" onid="8808" tsid="61441" />
    <channel service_ref="1:0:25:007a:f001:2268:014a0000:0:0:0:" name="Comedy Central Family Polska" service_name="Comedy Central Family Polska" provider="Cyfrowy Polsat" sid="122" onid="8808" tsid="61441" />
    <channel service_ref="1:0:25:002d:f001:2268:014a0000:0:0:0:" name="Comedy Central Polska" service_name="Comedy Central Polska" provider="Cyfrowy Polsat" sid="45" onid="8808" tsid="61441" />
    <channel service_ref="1:0:25:002d:f001:2268:014a0000:0:0:0:" name="Comedy Central Polska" service_name="Comedy Central Polska" provider="Cyfrowy Polsat" sid="45" onid="8808" tsid="61441" />
    <channel service_ref="1:0:25:006b:f001:2268:014a0000:0:0:0:" name="Kino Polska" service_name="Kino Polska" provider="Cyfrowy Polsat" sid="107" onid="8808" tsid="61441" />
    <channel service_ref="1:0:25:006b:f001:2268:014a0000:0:0:0:" name="Kino Polska" service_name="Kino Polska" provider="Cyfrowy Polsat" sid="107" onid="8808" tsid="61441" />
    <channel service_ref="1:0:25:006a:f001:2268:014a0000:0:0:0:" name="Nickelodeon Polska" service_name="Nickelodeon Polska" provider="Cyfrowy Polsat" sid="106" onid="8808" tsid="61441" />
    <channel service_ref="1:0:25:007b:f001:2268:014a0000:0:0:0:" name="Polsat Café" service_name="Polsat Café" provider="Cyfrowy Polsat" sid="123" onid="8808" tsid="61441" />
    <channel service_ref="1:0:25:007b:f001:2268:014a0000:0:0:0:" name="Polsat Café" service_name="Polsat Café" provider="Cyfrowy Polsat" sid="123" onid="8808" tsid="61441" />
    <channel service_ref="1:0:25:002c:f001:2268:014a0000:0:0:0:" name="Polsat Film" service_name="Polsat Film" provider="Cyfrowy Polsat" sid="44" onid="8808" tsid="61441" />
    <channel service_ref="1:0:25:0029:f001:2268:014a0000:0:0:0:" name="Polsat News" service_name="Polsat News" provider="Cyfrowy Polsat" sid="41" onid="8808" tsid="61441" />
    <channel service_ref="1:0:25:006d:f001:2268:014a0000:0:0:0:" name="Polsat News" service_name="Polsat News" provider="Cyfrowy Polsat" sid="109" onid="8808" tsid="61441" />
    <channel service_ref="1:0:25:007c:f001:2268:014a0000:0:0:0:" name="Polsat Play" service_name="Polsat Play" provider="Cyfrowy Polsat" sid="124" onid="8808" tsid="61441" />
    <channel service_ref="1:0:25:007c:f001:2268:014a0000:0:0:0:" name="Polsat Play" service_name="Polsat Play" provider="Cyfrowy Polsat" sid="124" onid="8808" tsid="61441" />
    <channel service_ref="1:0:25:002b:f001:2268:014a0000:0:0:0:" name="Polsat Sport" service_name="Polsat Sport" provider="Cyfrowy Polsat" sid="43" onid="8808" tsid="61441" />
    <channel service_ref="1:0:25:006c:f001:2268:014a0000:0:0:0:" name="Polsat Sport Extra" service_name="Polsat Sport Extra" provider="Cyfrowy Polsat" sid="108" onid="8808" tsid="61441" />
    <channel service_ref="1:0:25:007d:f001:2268:014a0000:0:0:0:" name="TVN Style" service_name="TVN Style" provider="Cyfrowy Polsat" sid="125" onid="8808" tsid="61441" />
    <channel service_ref="1:0:25:007d:f001:2268:014a0000:0:0:0:" name="TVN Style" service_name="TVN Style" provider="Cyfrowy Polsat" sid="125" onid="8808" tsid="61441" />
    <channel service_ref="1:0:25:002a:f001:2268:014a0000:0:0:0:" name="TVP Seriale" service_name="TVP Seriale" provider="Cyfrowy Polsat" sid="42" onid="8808" tsid="61441" />
    <channel service_ref="1:0:25:002a:f001:2268:014a0000:0:0:0:" name="TVP Seriale" service_name="TVP Seriale" provider="Cyfrowy Polsat" sid="42" onid="8808" tsid="61441" />
  </bouquet>
  <bouquet name="Resolution - HD" category="tv">
    <channel service_ref="1:0:1:0007:7788:007e:014a0000:0:0:0:" name="NT 1 HD Suisse" service_name="NT 1 HD Suisse" provider="" sid="7" onid="126" tsid="30600" />
    <channel service_ref="1:0:1:0006:7788:007e:014a0000:0:0:0:" name="TMC HD Suisse" service_name="TMC HD Suisse" provider="" sid="6" onid="126" tsid="30600" />
  </bouquet>
  <bouquet name="Others" category="tv">
    <channel service_ref="1:0:1:0007:7788:007e:014a0000:0:0:0:" name="NT 1 HD Suisse" service_name="NT 1 HD Suisse" provider="" sid="7" onid="126" tsid="30600" />
    <channel service_ref="1:0:1:0008:7788:007e:014a0000:0:0:0:" name="TF 1" service_name="TF 1" provider="" sid="8" onid="126" tsid="30600" />
    <channel service_ref="1:0:1:0006:7788:007e:014a0000:0:0:0:" name="TMC HD Suisse" service_name="TMC HD Suisse" provider="" sid="6" onid="126" tsid="30600" />
    <channel service_ref="1:0:25:0002:7724:033e:014a0000:0:0:0:" name="TTV AL1" service_name="TTV AL1" provider="Turf TV" sid="2" onid="830" tsid="30500" />
    <channel service_ref="1:0:25:0001:7724:033e:014a0000:0:0:0:" name="Turf TV" service_name="Turf TV" provider="Turf TV" sid="1" onid="830" tsid="30500" />
  </bouquet>
</zapit>
