<?xml version='1.0' encoding='utf-8'?>
<zapit api="4">
  <satellites>
    <satellite key="01cc2b57:0000:0000" name="Sat-46E" namespace="0x01cc2b57" position="46">
      <transponder key="01cc2b57:0000:0000" frequency="11095000" symbol_rate="30000000" polarization="H" fec="4" system="0" modulation="0">
        <service id="0x0001" sid="1" name="1 Arkhi" type="1" provider="Vector A.G" onid="0" tsid="0" namespace="0x01cc2b57" />
        <service id="0x0002" sid="2" name="Ajara TV" type="1" provider="Vector A.G" onid="0" tsid="0" namespace="0x01cc2b57" />
        <service id="0x001a" sid="26" name="Equalympic TV" type="1" provider="Vector A.G" onid="0" tsid="0" namespace="0x01cc2b57" />
        <service id="0x0004" sid="4" name="GDS TV" type="1" provider="Vector A.G" onid="0" tsid="0" namespace="0x01cc2b57" />
        <service id="0x0003" sid="3" name="Imedi TV" type="1" provider="Vector A.G" onid="0" tsid="0" namespace="0x01cc2b57" />
        <service id="0x000d" sid="13" name="Inrating TV" type="1" provider="Vector A.G" onid="0" tsid="0" namespace="0x01cc2b57" />
        <service id="0x001b" sid="27" name="Islandia_TV" type="1" provider="Vector A.G" onid="0" tsid="0" namespace="0x01cc2b57" />
        <service id="0x0005" sid="5" name="Maestro" type="1" provider="Vector A.G" onid="0" tsid="0" namespace="0x01cc2b57" />
        <service id="0x0012" sid="18" name="Marao" type="1" provider="Vector A.G" onid="0" tsid="0" namespace="0x01cc2b57" />
        <service id="0x0007" sid="7" name="Mtavari Arkhi" type="1" provider="Vector A.G" onid="0" tsid="0" namespace="0x01cc2b57" />
        <service id="0x0008" sid="8" name="Obieqtivi" type="1" provider="Vector A.G" onid="0" tsid="0" namespace="0x01cc2b57" />
        <service id="0x000c" sid="12" name="Pravda TUT" type="1" provider="Vector A.G" onid="0" tsid="0" namespace="0x01cc2b57" />
        <service id="0x001c" sid="28" name="Promo" type="1" provider="Vector A.G" onid="0" tsid="0" namespace="0x01cc2b57" />
        <service id="0x000f" sid="15" name="Topaz 1" type="1" provider="Vector A.G" onid="0" tsid="0" namespace="0x01cc2b57" />
        <service id="0x0013" sid="19" name="Topaz_2" type="1" provider="Vector A.G" onid="0" tsid="0" namespace="0x01cc2b57" />
        <service id="0x000a" sid="10" name="TRT Haber" type="1" provider="Vector A.G" onid="0" tsid="0" namespace="0x01cc2b57" />
        <service id="0x0006" sid="6" name="TV Pirveli" type="1" provider="Vector A.G" onid="0" tsid="0" namespace="0x01cc2b57" />
        <service id="0x0009" sid="9" name="TV25" type="1" provider="Vector A.G" onid="0" tsid="0" namespace="0x01cc2b57" />
        <service id="0x000b" sid="11" name="Yuvelirochka TV" type="1" provider="Vector A.G" onid="0" tsid="0" namespace="0x01cc2b57" />
        <service id="0x000e" sid="14" name="radio 1Arkhi Muz" type="2" provider="Vector A.G" onid="0" tsid="0" namespace="0x01cc2b57" radio="1" />
        <service id="0x001d" sid="29" name="radio Imedi" type="2" provider="Vector A.G" onid="0" tsid="0" namespace="0x01cc2b57" radio="1" />
        <service id="0x001e" sid="30" name="radio Iveria" type="2" provider="Vector A.G" onid="0" tsid="0" namespace="0x01cc2b57" radio="1" />
        <service id="0x001f" sid="31" name="radio Saz.Mau." type="2" provider="Vector A.G" onid="0" tsid="0" namespace="0x01cc2b57" radio="1" />
      </transponder>
    </satellite>
    <satellite key="01ccab11:0001:0000" name="Sat-46E" namespace="0x01ccab11" position="46">
      <transponder key="01ccab11:0001:0000" frequency="11025000" symbol_rate="12700000" polarization="V" fec="4" system="0" modulation="0">
        <service id="0x0003" sid="3" name="ARB Gunes HD" type="1" provider="" onid="0" tsid="1" namespace="0x01ccab11" />
        <service id="0x0001" sid="1" name="ARB HD" type="1" provider="" onid="0" tsid="1" namespace="0x01ccab11" />
        <service id="0x0002" sid="2" name="ARB24 HD" type="1" provider="" onid="0" tsid="1" namespace="0x01ccab11" />
        <service id="0x0004" sid="4" name="Kanal S" type="1" provider="" onid="0" tsid="1" namespace="0x01ccab11" />
        <service id="0x0005" sid="5" name="Kepez_FM" type="2" provider="" onid="0" tsid="1" namespace="0x01ccab11" radio="1" />
      </transponder>
    </satellite>
  </satellites>
</zapit>
