{
  "api_version": 4,
  "bouquet_count": "61",
  "category": "all",
  "deduplicated_services": "0",
  "display_name": "All",
  "lamedb_version": "4",
  "last_seen": "unknown",
  "service_count": "3960",
  "source": "work/ingest/oe-alliance/malimali.13e.16e.19e.28e/enigma2",
  "stale": "unknown",
  "stats": "{\"bouquet_count\": 36, \"cable_services\": 0, \"radio_services\": 0, \"sat_services\": 3960, \"terrestrial_services\": 0, \"total_services\": 3960}",
  "thresholds": "{\"cable\": 20, \"sat\": 50, \"terrestrial\": 20}",
  "transponder_count": "327"
}