<?xml version='1.0' encoding='utf-8'?>
<zapit>
  <bouquet name="General" category="tv">
    <channel service_ref="1:0:1:0001:0001:0001:001e2d99:0:0:0:" name="" service_name="" provider="DARkMEDIAP" sid="1" onid="1" tsid="1" />
    <channel service_ref="1:0:1:002b:0001:0001:001e2d88:0:0:0:" name="2M MENA HD" service_name="2M MENA HD" provider="SOREAD 2M" sid="43" onid="1" tsid="1" />
    <channel service_ref="1:0:1:002a:0001:0001:001e2d88:0:0:0:" name="2M MONDE HD" service_name="2M MONDE HD" provider="SOREAD 2M" sid="42" onid="1" tsid="1" />
    <channel service_ref="1:0:1:0029:0001:0001:001e2d88:0:0:0:" name="2M NATIONAL HD" service_name="2M NATIONAL HD" provider="SOREAD 2M" sid="41" onid="1" tsid="1" />
    <channel service_ref="1:0:1:0148:0101:0627:001e0000:0:0:0:" name="AFRIQUEMEDIA1" service_name="AFRIQUEMEDIA1" provider="TV PLUS" sid="328" onid="1575" tsid="257" />
    <channel service_ref="1:0:1:0011:0001:0001:001e2a76:0:0:0:" name="CAM 10 TV" service_name="CAM 10 TV" provider="FFmpeg" sid="17" onid="1" tsid="1" />
    <channel service_ref="1:0:1:080d:0101:0627:001e0000:0:0:0:" name="CAM10_TELEVISION" service_name="CAM10_TELEVISION" provider="TV PLUS" sid="2061" onid="1575" tsid="257" />
    <channel service_ref="1:0:1:0001:0001:ffff:001e2d9d:0:0:0:" name="IMAM ALI HD" service_name="IMAM ALI HD" provider="IMAM ALI HD" sid="1" onid="65535" tsid="1" />
    <channel service_ref="1:0:1:080c:0101:0627:001e0000:0:0:0:" name="INFO LEBRE" service_name="INFO LEBRE" provider="TV PLUS" sid="2060" onid="1575" tsid="257" />
    <channel service_ref="1:0:1:0001:1000:2000:001e0000:0:0:0:" name="M24 MAROC" service_name="M24 MAROC" provider="Harmonic" sid="1" onid="8192" tsid="4096" />
    <channel service_ref="1:0:1:0001:0001:ffff:001e3170:0:0:0:" name="Noursat" service_name="Noursat" provider="DTVi" sid="1" onid="65535" tsid="1" />
    <channel service_ref="1:0:1:0001:0001:ffff:001e2dad:0:0:0:" name="Service-1" service_name="Service-1" provider="Service Provider" sid="1" onid="65535" tsid="1" />
    <channel service_ref="1:0:1:080b:0101:0627:001e0000:0:0:0:" name="SUD FM TV" service_name="SUD FM TV" provider="TV PLUS" sid="2059" onid="1575" tsid="257" />
  </bouquet>
  <bouquet name="ARD/ZDF" category="tv">
    <channel service_ref="1:0:1:080c:0101:0627:001e0000:0:0:0:" name="INFO LEBRE" service_name="INFO LEBRE" provider="TV PLUS" sid="2060" onid="1575" tsid="257" />
  </bouquet>
  <bouquet name="Switzerland" category="tv">
    <channel service_ref="1:0:1:080d:0101:0627:001e0000:0:0:0:" name="CAM10_TELEVISION" service_name="CAM10_TELEVISION" provider="TV PLUS" sid="2061" onid="1575" tsid="257" />
  </bouquet>
  <bouquet name="Resolution - HD" category="tv">
    <channel service_ref="1:0:1:002b:0001:0001:001e2d88:0:0:0:" name="2M MENA HD" service_name="2M MENA HD" provider="SOREAD 2M" sid="43" onid="1" tsid="1" />
    <channel service_ref="1:0:1:002a:0001:0001:001e2d88:0:0:0:" name="2M MONDE HD" service_name="2M MONDE HD" provider="SOREAD 2M" sid="42" onid="1" tsid="1" />
    <channel service_ref="1:0:1:0029:0001:0001:001e2d88:0:0:0:" name="2M NATIONAL HD" service_name="2M NATIONAL HD" provider="SOREAD 2M" sid="41" onid="1" tsid="1" />
    <channel service_ref="1:0:1:0001:0001:ffff:001e2d9d:0:0:0:" name="IMAM ALI HD" service_name="IMAM ALI HD" provider="IMAM ALI HD" sid="1" onid="65535" tsid="1" />
  </bouquet>
  <bouquet name="Others" category="tv">
    <channel service_ref="1:0:1:0001:0001:0001:001e2d99:0:0:0:" name="" service_name="" provider="DARkMEDIAP" sid="1" onid="1" tsid="1" />
    <channel service_ref="1:0:1:002b:0001:0001:001e2d88:0:0:0:" name="2M MENA HD" service_name="2M MENA HD" provider="SOREAD 2M" sid="43" onid="1" tsid="1" />
    <channel service_ref="1:0:1:002a:0001:0001:001e2d88:0:0:0:" name="2M MONDE HD" service_name="2M MONDE HD" provider="SOREAD 2M" sid="42" onid="1" tsid="1" />
    <channel service_ref="1:0:1:0029:0001:0001:001e2d88:0:0:0:" name="2M NATIONAL HD" service_name="2M NATIONAL HD" provider="SOREAD 2M" sid="41" onid="1" tsid="1" />
    <channel service_ref="1:0:1:0148:0101:0627:001e0000:0:0:0:" name="AFRIQUEMEDIA1" service_name="AFRIQUEMEDIA1" provider="TV PLUS" sid="328" onid="1575" tsid="257" />
    <channel service_ref="1:0:1:0011:0001:0001:001e2a76:0:0:0:" name="CAM 10 TV" service_name="CAM 10 TV" provider="FFmpeg" sid="17" onid="1" tsid="1" />
    <channel service_ref="1:0:1:0001:0001:ffff:001e2d9d:0:0:0:" name="IMAM ALI HD" service_name="IMAM ALI HD" provider="IMAM ALI HD" sid="1" onid="65535" tsid="1" />
    <channel service_ref="1:0:1:0001:1000:2000:001e0000:0:0:0:" name="M24 MAROC" service_name="M24 MAROC" provider="Harmonic" sid="1" onid="8192" tsid="4096" />
    <channel service_ref="1:0:1:0001:0001:ffff:001e3170:0:0:0:" name="Noursat" service_name="Noursat" provider="DTVi" sid="1" onid="65535" tsid="1" />
    <channel service_ref="1:0:1:0001:0001:ffff:001e2dad:0:0:0:" name="Service-1" service_name="Service-1" provider="Service Provider" sid="1" onid="65535" tsid="1" />
    <channel service_ref="1:0:1:080b:0101:0627:001e0000:0:0:0:" name="SUD FM TV" service_name="SUD FM TV" provider="TV PLUS" sid="2059" onid="1575" tsid="257" />
  </bouquet>
  <bouquet name="Radio" category="radio">
    <channel service_ref="1:0:2:002c:0001:0001:001e2d88:0:0:0:" name="RADIO 2M" service_name="RADIO 2M" provider="SOREAD 2M" sid="44" onid="1" tsid="1" />
    <channel service_ref="1:0:2:080a:0101:0627:001e0000:0:0:0:" name="Radio SIRIRI" service_name="Radio SIRIRI" provider="TV PLUS" sid="2058" onid="1575" tsid="257" />
    <channel service_ref="1:0:2:0149:0101:0627:001e0000:0:0:0:" name="RADIO_KALANGOU" service_name="RADIO_KALANGOU" provider="TV PLUS" sid="329" onid="1575" tsid="257" />
  </bouquet>
</zapit>
