<?xml version='1.0' encoding='utf-8'?>
<zapit>
  <bouquet name="General" category="tv">
    <channel service_ref="1:0:1:00d2:000f:001c:01860000:0:0:0:" name="" service_name="" provider="Dolce TV" sid="210" onid="28" tsid="15" />
    <channel service_ref="1:0:1:0012:0002:0001:0186313e:0:0:0:" name="24Kitchen" service_name="24Kitchen" provider="Bulsatcom" sid="18" onid="1" tsid="2" />
    <channel service_ref="1:0:1:005c:0011:001c:01860000:0:0:0:" name="Acasa TV Gold" service_name="Acasa TV Gold" provider="Dolce TV" sid="92" onid="28" tsid="17" />
    <channel service_ref="1:0:1:00a7:000e:001c:01860000:0:0:0:" name="Acasá TV" service_name="Acasá TV" provider="Dolce TV" sid="167" onid="28" tsid="14" />
    <channel service_ref="1:0:25:000f:0005:0001:01863167:0:0:0:" name="Action Plus HD" service_name="Action Plus HD" provider="Bulsatcom" sid="15" onid="1" tsid="5" />
    <channel service_ref="1:0:1:00ba:0011:001c:01860000:0:0:0:" name="Agro TV" service_name="Agro TV" provider="Dolce TV" sid="186" onid="28" tsid="17" />
    <channel service_ref="1:0:1:006e:0004:0001:01863115:0:0:0:" name="Alfa TV Bulgaria" service_name="Alfa TV Bulgaria" provider="Bulsatcom" sid="110" onid="1" tsid="4" />
    <channel service_ref="1:0:25:01e8:000b:0001:0186ab7f:0:0:0:" name="AMC Eastern Europe" service_name="AMC Eastern Europe" provider="Bulsatcom" sid="488" onid="1" tsid="11" />
    <channel service_ref="1:0:1:005c:000d:001c:01860000:0:0:0:" name="AMS" service_name="AMS" provider="Dolce TV" sid="92" onid="28" tsid="13" />
    <channel service_ref="1:0:1:0010:0002:0001:0186313e:0:0:0:" name="Animal Planet Eastern Europe" service_name="Animal Planet Eastern Europe" provider="Bulsatcom" sid="16" onid="1" tsid="2" />
    <channel service_ref="1:0:1:0033:000d:001c:01860000:0:0:0:" name="Animal Planet Eastern Europe" service_name="Animal Planet Eastern Europe" provider="Dolce TV" sid="51" onid="28" tsid="13" />
    <channel service_ref="1:0:25:00c5:0003:001c:01860000:0:0:0:" name="Animal Planet HD" service_name="Animal Planet HD" provider="Dolce TV" sid="197" onid="28" tsid="3" />
    <channel service_ref="1:0:1:0029:000e:001c:01860000:0:0:0:" name="Antena 1" service_name="Antena 1" provider="Dolce TV" sid="41" onid="28" tsid="14" />
    <channel service_ref="1:0:25:004a:0002:001c:01860000:0:0:0:" name="Antena 1 HD" service_name="Antena 1 HD" provider="Dolce TV" sid="74" onid="28" tsid="2" />
    <channel service_ref="1:0:1:002b:000e:001c:01860000:0:0:0:" name="Antena 3 Romania" service_name="Antena 3 Romania" provider="Dolce TV" sid="43" onid="28" tsid="14" />
    <channel service_ref="1:0:1:002a:000e:001c:01860000:0:0:0:" name="Antena Stars" service_name="Antena Stars" provider="Dolce TV" sid="42" onid="28" tsid="14" />
    <channel service_ref="1:0:25:01e2:000b:0001:0186ab7f:0:0:0:" name="Arena Sport 5" service_name="Arena Sport 5" provider="POLARIS" sid="482" onid="1" tsid="11" />
    <channel service_ref="1:0:25:01db:000b:0001:0186ab7f:0:0:0:" name="Arena Sport BIH" service_name="Arena Sport BIH" provider="POLARIS" sid="475" onid="1" tsid="11" />
    <channel service_ref="1:0:25:01cf:000b:0001:0186ab7f:0:0:0:" name="ArenaSport 1" service_name="ArenaSport 1" provider="Bulsatcom" sid="463" onid="1" tsid="11" />
    <channel service_ref="1:0:25:01d0:000b:0001:0186ab7f:0:0:0:" name="ArenaSport 2" service_name="ArenaSport 2" provider="Bulsatcom" sid="464" onid="1" tsid="11" />
    <channel service_ref="1:0:25:01d1:000b:0001:0186ab7f:0:0:0:" name="ArenaSport 3" service_name="ArenaSport 3" provider="Bulsatcom" sid="465" onid="1" tsid="11" />
    <channel service_ref="1:0:25:01d2:000b:0001:0186ab7f:0:0:0:" name="ArenaSport 4" service_name="ArenaSport 4" provider="Bulsatcom" sid="466" onid="1" tsid="11" />
    <channel service_ref="1:0:25:01d8:000b:0001:0186ab7f:0:0:0:" name="AXN Adria" service_name="AXN Adria" provider="Bulsatcom" sid="472" onid="1" tsid="11" />
    <channel service_ref="1:0:1:00a2:0010:001c:01860000:0:0:0:" name="AXN Black" service_name="AXN Black" provider="Dolce TV" sid="162" onid="28" tsid="16" />
    <channel service_ref="1:0:1:000a:0003:0001:01863190:0:0:0:" name="AXN Bulgaria" service_name="AXN Bulgaria" provider="Bulsatcom" sid="10" onid="1" tsid="3" />
    <channel service_ref="1:0:25:00c3:0003:001c:01860000:0:0:0:" name="AXN HD" service_name="AXN HD" provider="Dolce TV" sid="195" onid="28" tsid="3" />
    <channel service_ref="1:0:1:002d:000e:001c:01860000:0:0:0:" name="AXN Romania" service_name="AXN Romania" provider="Dolce TV" sid="45" onid="28" tsid="14" />
    <channel service_ref="1:0:1:007b:0012:001c:01860000:0:0:0:" name="AXN Spin Romania" service_name="AXN Spin Romania" provider="Dolce TV" sid="123" onid="28" tsid="18" />
    <channel service_ref="1:0:1:00a1:0010:001c:01860000:0:0:0:" name="AXN White" service_name="AXN White" provider="Dolce TV" sid="161" onid="28" tsid="16" />
    <channel service_ref="1:0:25:01d6:000b:0001:0186ab7f:0:0:0:" name="B92" service_name="B92" provider="Bulsatcom" sid="470" onid="1" tsid="11" />
    <channel service_ref="1:0:1:00db:0010:001c:01860000:0:0:0:" name="Baby TV" service_name="Baby TV" provider="Dolce TV" sid="219" onid="28" tsid="16" />
    <channel service_ref="1:0:1:007b:0004:0001:01863115:0:0:0:" name="Balkanika" service_name="Balkanika" provider="Bulsatcom" sid="123" onid="1" tsid="4" />
    <channel service_ref="1:0:1:008e:0010:001c:01860000:0:0:0:" name="BBC Earth" service_name="BBC Earth" provider="Dolce TV" sid="142" onid="28" tsid="16" />
    <channel service_ref="1:0:1:0030:000e:001c:01860000:0:0:0:" name="BBC World News" service_name="BBC World News" provider="Dolce TV" sid="48" onid="28" tsid="14" />
    <channel service_ref="1:0:25:01de:000b:0001:0186ab7f:0:0:0:" name="Belle Amie" service_name="Belle Amie" provider="POLARIS" sid="478" onid="1" tsid="11" />
    <channel service_ref="1:0:1:03eb:0001:0001:018630ec:0:0:0:" name="BNT 1" service_name="BNT 1" provider="Bulsatcom" sid="1003" onid="1" tsid="1" />
    <channel service_ref="1:0:1:0006:0003:0001:01863190:0:0:0:" name="BNT 2" service_name="BNT 2" provider="Bulsatcom" sid="6" onid="1" tsid="3" />
    <channel service_ref="1:0:1:03f0:0001:0001:018630ec:0:0:0:" name="BNT HD" service_name="BNT HD" provider="Bulsatcom" sid="1008" onid="1" tsid="1" />
    <channel service_ref="1:0:1:008b:0003:0001:01863190:0:0:0:" name="BNT World" service_name="BNT World" provider="Bulsatcom" sid="139" onid="1" tsid="3" />
    <channel service_ref="1:0:1:014b:0001:001c:01860000:0:0:0:" name="Bollywood TV" service_name="Bollywood TV" provider="Dolce TV" sid="331" onid="28" tsid="1" />
    <channel service_ref="1:0:1:005e:000d:001c:01860000:0:0:0:" name="Boomerang" service_name="Boomerang" provider="Dolce TV" sid="94" onid="28" tsid="13" />
    <channel service_ref="1:0:1:008f:000f:001c:01860000:0:0:0:" name="Brazzers TV| |  Nights" service_name="Brazzers TV| |  Nights" provider="Dolce TV" sid="143" onid="28" tsid="15" />
    <channel service_ref="1:0:1:013b:0003:0001:01863190:0:0:0:" name="bTV Action" service_name="bTV Action" provider="Bulsatcom" sid="315" onid="1" tsid="3" />
    <channel service_ref="1:0:1:03ef:0001:0001:018630ec:0:0:0:" name="BTV Bulgaria" service_name="BTV Bulgaria" provider="Bulsatcom" sid="1007" onid="1" tsid="1" />
    <channel service_ref="1:0:1:012f:0003:0001:01863190:0:0:0:" name="BTV Cinema" service_name="BTV Cinema" provider="Bulsatcom" sid="303" onid="1" tsid="3" />
    <channel service_ref="1:0:1:0059:0003:0001:01863190:0:0:0:" name="bTV Comedy" service_name="bTV Comedy" provider="Bulsatcom" sid="89" onid="1" tsid="3" />
    <channel service_ref="1:0:25:00cf:0005:0001:01863167:0:0:0:" name="BTV HD Bulgaria" service_name="BTV HD Bulgaria" provider="Bulsatcom" sid="207" onid="1" tsid="5" />
    <channel service_ref="1:0:1:007d:0004:0001:01863115:0:0:0:" name="bTV Lady" service_name="bTV Lady" provider="Bulsatcom" sid="125" onid="1" tsid="4" />
    <channel service_ref="1:0:1:006a:000e:001c:01860000:0:0:0:" name="Bucuresti 1 TV" service_name="Bucuresti 1 TV" provider="Dolce TV" sid="106" onid="28" tsid="14" />
    <channel service_ref="1:0:25:01e7:000b:0001:0186ab7f:0:0:0:" name="Bulgaria 24" service_name="Bulgaria 24" provider="Bulsatcom" sid="487" onid="1" tsid="11" />
    <channel service_ref="1:0:1:001d:0002:0001:0186313e:0:0:0:" name="Bulgaria On Air" service_name="Bulgaria On Air" provider="Bulsatcom" sid="29" onid="1" tsid="2" />
    <channel service_ref="1:0:1:0052:0003:0001:01863190:0:0:0:" name="Bulgarian International TV" service_name="Bulgarian International TV" provider="Bulsatcom" sid="82" onid="1" tsid="3" />
    <channel service_ref="1:0:1:00e0:0010:001c:01860000:0:0:0:" name="Cartoon Network" service_name="Cartoon Network" provider="Dolce TV" sid="224" onid="28" tsid="16" />
    <channel service_ref="1:0:1:005f:0010:001c:01860000:0:0:0:" name="Cartoon Network Eastern Europe" service_name="Cartoon Network Eastern Europe" provider="Dolce TV" sid="95" onid="28" tsid="16" />
    <channel service_ref="1:0:1:002f:0004:0001:01863115:0:0:0:" name="Cartoon Network Russia &amp; South Eastern Europe|  3h-21h" service_name="Cartoon Network Russia &amp; South Eastern Europe|  3h-21h" provider="Bulsatcom" sid="47" onid="1" tsid="4" />
    <channel service_ref="1:0:25:01f3:000b:0001:0186ab7f:0:0:0:" name="Cinema Plus" service_name="Cinema Plus" provider="Bulsatcom" sid="499" onid="1" tsid="11" />
    <channel service_ref="1:0:1:009d:0010:001c:01860000:0:0:0:" name="Cinemax 2 Europe" service_name="Cinemax 2 Europe" provider="Dolce TV" sid="157" onid="28" tsid="16" />
    <channel service_ref="1:0:1:009c:0012:001c:01860000:0:0:0:" name="Cinemax East Europe" service_name="Cinemax East Europe" provider="Dolce TV" sid="156" onid="28" tsid="18" />
    <channel service_ref="1:0:25:01f0:000b:0001:0186ab7f:0:0:0:" name="City TV" service_name="City TV" provider="Bulsatcom" sid="496" onid="1" tsid="11" />
    <channel service_ref="1:0:1:008b:0011:001c:01860000:0:0:0:" name="CNN International Europe" service_name="CNN International Europe" provider="Dolce TV" sid="139" onid="28" tsid="17" />
    <channel service_ref="1:0:1:008f:0012:001c:01860000:0:0:0:" name="Comedy Central Bulgaria &amp; Romania" service_name="Comedy Central Bulgaria &amp; Romania" provider="Dolce TV" sid="143" onid="28" tsid="18" />
    <channel service_ref="1:0:25:01e9:000b:0001:0186ab7f:0:0:0:" name="Comedy Central Bulgaria &amp; Romania" service_name="Comedy Central Bulgaria &amp; Romania" provider="Bulsatcom" sid="489" onid="1" tsid="11" />
    <channel service_ref="1:0:25:00d1:0005:0001:01863167:0:0:0:" name="Comedy Plus" service_name="Comedy Plus" provider="Bulsatcom" sid="209" onid="1" tsid="5" />
    <channel service_ref="1:0:1:012e:0001:001c:01860000:0:0:0:" name="Cool TV" service_name="Cool TV" provider="Dolce TV" sid="302" onid="28" tsid="1" />
    <channel service_ref="1:0:1:010b:000f:001c:01860000:0:0:0:" name="Crime &amp; Investigation Network" service_name="Crime &amp; Investigation Network" provider="Dolce TV" sid="267" onid="28" tsid="15" />
    <channel service_ref="1:0:1:004e:0012:001c:01860000:0:0:0:" name="Da Vinci Learning" service_name="Da Vinci Learning" provider="Dolce TV" sid="78" onid="28" tsid="18" />
    <channel service_ref="1:0:1:000e:0002:0001:0186313e:0:0:0:" name="Destination BG" service_name="Destination BG" provider="Bulsatcom" sid="14" onid="1" tsid="2" />
    <channel service_ref="1:0:1:046a:0001:0001:018630ec:0:0:0:" name="Diema" service_name="Diema" provider="Bulsatcom" sid="1130" onid="1" tsid="1" />
    <channel service_ref="1:0:1:0001:0003:0001:01863190:0:0:0:" name="Diema Family" service_name="Diema Family" provider="Bulsatcom" sid="1" onid="1" tsid="3" />
    <channel service_ref="1:0:1:002a:0002:0001:0186313e:0:0:0:" name="Diema Sport" service_name="Diema Sport" provider="Bulsatcom" sid="42" onid="1" tsid="2" />
    <channel service_ref="1:0:1:001a:0002:0001:0186313e:0:0:0:" name="Diema Sport 2" service_name="Diema Sport 2" provider="Bulsatcom" sid="26" onid="1" tsid="2" />
    <channel service_ref="1:0:1:03f8:0001:0001:018630ec:0:0:0:" name="Discovery Channel Bulgaria" service_name="Discovery Channel Bulgaria" provider="Bulsatcom" sid="1016" onid="1" tsid="1" />
    <channel service_ref="1:0:1:0032:000d:001c:01860000:0:0:0:" name="Discovery Channel Romania" service_name="Discovery Channel Romania" provider="Dolce TV" sid="50" onid="28" tsid="13" />
    <channel service_ref="1:0:25:01d9:000b:0001:0186ab7f:0:0:0:" name="Discovery Channel Serbia" service_name="Discovery Channel Serbia" provider="Bulsatcom" sid="473" onid="1" tsid="11" />
    <channel service_ref="1:0:25:016a:0002:001c:01860000:0:0:0:" name="Discovery HD Showcase" service_name="Discovery HD Showcase" provider="Dolce TV" sid="362" onid="28" tsid="2" />
    <channel service_ref="1:0:1:0035:0010:001c:01860000:0:0:0:" name="Discovery Science" service_name="Discovery Science" provider="Dolce TV" sid="53" onid="28" tsid="16" />
    <channel service_ref="1:0:1:002e:0004:0001:01863115:0:0:0:" name="Disney Channel Romania, Bulgaria &amp; Ukraine" service_name="Disney Channel Romania, Bulgaria &amp; Ukraine" provider="Bulsatcom" sid="46" onid="1" tsid="4" />
    <channel service_ref="1:0:1:00da:000e:001c:01860000:0:0:0:" name="Disney Channel Romania, Bulgaria &amp; Ukraine" service_name="Disney Channel Romania, Bulgaria &amp; Ukraine" provider="Dolce TV" sid="218" onid="28" tsid="14" />
    <channel service_ref="1:0:1:002d:0002:0001:0186313e:0:0:0:" name="Disney Junior Bulgaria" service_name="Disney Junior Bulgaria" provider="Bulsatcom" sid="45" onid="1" tsid="2" />
    <channel service_ref="1:0:1:006d:000e:001c:01860000:0:0:0:" name="Disney Junior Romania" service_name="Disney Junior Romania" provider="Dolce TV" sid="109" onid="28" tsid="14" />
    <channel service_ref="1:0:1:008d:000d:001c:01860000:0:0:0:" name="Diva Universal Romania" service_name="Diva Universal Romania" provider="Dolce TV" sid="141" onid="28" tsid="13" />
    <channel service_ref="1:0:1:0054:000e:001c:01860000:0:0:0:" name="Dolce Info" service_name="Dolce Info" provider="Dolce TV" sid="84" onid="28" tsid="14" />
    <channel service_ref="1:0:1:008d:000e:001c:01860000:0:0:0:" name="Dolce Info" service_name="Dolce Info" provider="Dolce TV" sid="141" onid="28" tsid="14" />
    <channel service_ref="1:0:1:011c:000e:001c:01860000:0:0:0:" name="Dolce Info" service_name="Dolce Info" provider="Dolce TV" sid="284" onid="28" tsid="14" />
    <channel service_ref="1:0:1:0051:0012:001c:01860000:0:0:0:" name="Dolce Mooz RO" service_name="Dolce Mooz RO" provider="Dolce TV" sid="81" onid="28" tsid="18" />
    <channel service_ref="1:0:1:00e1:000d:001c:01860000:0:0:0:" name="Dolce Sport" service_name="Dolce Sport" provider="Dolce TV" sid="225" onid="28" tsid="13" />
    <channel service_ref="1:0:1:00f5:000d:001c:01860000:0:0:0:" name="Dolce Sport 1" service_name="Dolce Sport 1" provider="Dolce TV" sid="245" onid="28" tsid="13" />
    <channel service_ref="1:0:25:0055:0002:001c:01860000:0:0:0:" name="Dolce Sport 1 HD" service_name="Dolce Sport 1 HD" provider="Dolce TV" sid="85" onid="28" tsid="2" />
    <channel service_ref="1:0:25:0056:0002:001c:01860000:0:0:0:" name="Dolce Sport 1 HD" service_name="Dolce Sport 1 HD" provider="Dolce TV" sid="86" onid="28" tsid="2" />
    <channel service_ref="1:0:1:004d:0011:001c:01860000:0:0:0:" name="Dolce Sport 2" service_name="Dolce Sport 2" provider="Dolce TV" sid="77" onid="28" tsid="17" />
    <channel service_ref="1:0:1:0057:0011:001c:01860000:0:0:0:" name="Dolce Sport 2" service_name="Dolce Sport 2" provider="Dolce TV" sid="87" onid="28" tsid="17" />
    <channel service_ref="1:0:25:00bf:0003:001c:01860000:0:0:0:" name="Dolce Sport 2 HD" service_name="Dolce Sport 2 HD" provider="Dolce TV" sid="191" onid="28" tsid="3" />
    <channel service_ref="1:0:25:011f:0003:001c:01860000:0:0:0:" name="Dolce Sport 2 HD" service_name="Dolce Sport 2 HD" provider="Dolce TV" sid="287" onid="28" tsid="3" />
    <channel service_ref="1:0:1:0038:000f:001c:01860000:0:0:0:" name="Dolce Sport 3" service_name="Dolce Sport 3" provider="Dolce TV" sid="56" onid="28" tsid="15" />
    <channel service_ref="1:0:1:018b:000f:001c:01860000:0:0:0:" name="Dolce Sport 3" service_name="Dolce Sport 3" provider="Dolce TV" sid="395" onid="28" tsid="15" />
    <channel service_ref="1:0:1:00de:000f:001c:01860000:0:0:0:" name="Dolce Sport 4" service_name="Dolce Sport 4" provider="Dolce TV" sid="222" onid="28" tsid="15" />
    <channel service_ref="1:0:1:018c:000f:001c:01860000:0:0:0:" name="Dolce Sport 4" service_name="Dolce Sport 4" provider="Dolce TV" sid="396" onid="28" tsid="15" />
    <channel service_ref="1:0:1:014d:0001:001c:01860000:0:0:0:" name="Dolce Sport 5" service_name="Dolce Sport 5" provider="Dolce TV" sid="333" onid="28" tsid="1" />
    <channel service_ref="1:0:1:014e:0001:001c:01860000:0:0:0:" name="Dolce Sport 6" service_name="Dolce Sport 6" provider="Dolce TV" sid="334" onid="28" tsid="1" />
    <channel service_ref="1:0:25:011d:0002:001c:01860000:0:0:0:" name="Dolce Sport HD" service_name="Dolce Sport HD" provider="Dolce TV" sid="285" onid="28" tsid="2" />
    <channel service_ref="1:0:1:007a:0001:001c:01860000:0:0:0:" name="DoQ TV" service_name="DoQ TV" provider="Dolce TV" sid="122" onid="28" tsid="1" />
    <channel service_ref="1:0:1:0034:0010:001c:01860000:0:0:0:" name="DTX" service_name="DTX" provider="Dolce TV" sid="52" onid="28" tsid="16" />
    <channel service_ref="1:0:1:006f:0001:001c:01860000:0:0:0:" name="Duna TV" service_name="Duna TV" provider="Dolce TV" sid="111" onid="28" tsid="1" />
    <channel service_ref="1:0:1:010a:000f:001c:01860000:0:0:0:" name="E! Entertainment TV" service_name="E! Entertainment TV" provider="Dolce TV" sid="266" onid="28" tsid="15" />
    <channel service_ref="1:0:25:01e0:000b:0001:0186ab7f:0:0:0:" name="EKids" service_name="EKids" provider="Bulsatcom" sid="480" onid="1" tsid="11" />
    <channel service_ref="1:0:1:00d3:0011:001c:01860000:0:0:0:" name="Etno TV" service_name="Etno TV" provider="Dolce TV" sid="211" onid="28" tsid="17" />
    <channel service_ref="1:0:1:002b:0002:0001:0186313e:0:0:0:" name="Eurosport 1" service_name="Eurosport 1" provider="Bulsatcom" sid="43" onid="1" tsid="2" />
    <channel service_ref="1:0:25:000a:0005:0001:01863167:0:0:0:" name="Eurosport 1 HD" service_name="Eurosport 1 HD" provider="Bulsatcom" sid="10" onid="1" tsid="5" />
    <channel service_ref="1:0:25:008a:0002:001c:01860000:0:0:0:" name="Eurosport 1 HD" service_name="Eurosport 1 HD" provider="Dolce TV" sid="138" onid="28" tsid="2" />
    <channel service_ref="1:0:1:003a:000d:001c:01860000:0:0:0:" name="Eurosport 2 Romania &amp; Hungary" service_name="Eurosport 2 Romania &amp; Hungary" provider="Dolce TV" sid="58" onid="28" tsid="13" />
    <channel service_ref="1:0:25:016b:0002:001c:01860000:0:0:0:" name="Eurosport HD" service_name="Eurosport HD" provider="Dolce TV" sid="363" onid="28" tsid="2" />
    <channel service_ref="1:0:1:014a:000f:001c:01860000:0:0:0:" name="Eurosport Romania" service_name="Eurosport Romania" provider="Dolce TV" sid="330" onid="28" tsid="15" />
    <channel service_ref="1:0:25:01e6:000b:0001:0186ab7f:0:0:0:" name="Evrokom" service_name="Evrokom" provider="Bulsatcom" sid="486" onid="1" tsid="11" />
    <channel service_ref="1:0:1:004f:0004:0001:01863115:0:0:0:" name="Fan TV" service_name="Fan TV" provider="Bulsatcom" sid="79" onid="1" tsid="4" />
    <channel service_ref="1:0:1:00a4:000f:001c:01860000:0:0:0:" name="Fashion TV" service_name="Fashion TV" provider="Dolce TV" sid="164" onid="28" tsid="15" />
    <channel service_ref="1:0:25:00be:0003:001c:01860000:0:0:0:" name="Fashion TV" service_name="Fashion TV" provider="Dolce TV" sid="190" onid="28" tsid="3" />
    <channel service_ref="1:0:1:006c:000e:001c:01860000:0:0:0:" name="Favorit TV" service_name="Favorit TV" provider="Dolce TV" sid="108" onid="28" tsid="14" />
    <channel service_ref="1:0:1:0031:0004:0001:01863115:0:0:0:" name="Fen Folk TV" service_name="Fen Folk TV" provider="Bulsatcom" sid="49" onid="1" tsid="4" />
    <channel service_ref="1:0:1:0046:0001:001c:01860000:0:0:0:" name="Film +" service_name="Film +" provider="Dolce TV" sid="70" onid="28" tsid="1" />
    <channel service_ref="1:0:1:001e:0002:0001:0186313e:0:0:0:" name="Film Plus" service_name="Film Plus" provider="Bulsatcom" sid="30" onid="1" tsid="2" />
    <channel service_ref="1:0:1:03f3:0001:0001:018630ec:0:0:0:" name="Film Plus" service_name="Film Plus" provider="Bulsatcom" sid="1011" onid="1" tsid="1" />
    <channel service_ref="1:0:1:007c:0012:001c:01860000:0:0:0:" name="FilmBox" service_name="FilmBox" provider="Dolce TV" sid="124" onid="28" tsid="18" />
    <channel service_ref="1:0:25:01f5:000b:0001:0186ab7f:0:0:0:" name="FilmBox" service_name="FilmBox" provider="Bulsatcom" sid="501" onid="1" tsid="11" />
    <channel service_ref="1:0:25:00c4:0003:001c:01860000:0:0:0:" name="Filmbox Extra HD Poland" service_name="Filmbox Extra HD Poland" provider="Dolce TV" sid="196" onid="28" tsid="3" />
    <channel service_ref="1:0:1:007d:0012:001c:01860000:0:0:0:" name="Filmbox Plus" service_name="Filmbox Plus" provider="Dolce TV" sid="125" onid="28" tsid="18" />
    <channel service_ref="1:0:1:001c:0002:0001:0186313e:0:0:0:" name="Fine Living Network" service_name="Fine Living Network" provider="Bulsatcom" sid="28" onid="1" tsid="2" />
    <channel service_ref="1:0:1:007b:000d:001c:01860000:0:0:0:" name="Fine Living Network" service_name="Fine Living Network" provider="Dolce TV" sid="123" onid="28" tsid="13" />
    <channel service_ref="1:0:1:013f:000f:001c:01860000:0:0:0:" name="Fishing &amp; Hunting" service_name="Fishing &amp; Hunting" provider="Dolce TV" sid="319" onid="28" tsid="15" />
    <channel service_ref="1:0:1:004d:0004:0001:01863115:0:0:0:" name="Folklor TV" service_name="Folklor TV" provider="Bulsatcom" sid="77" onid="1" tsid="4" />
    <channel service_ref="1:0:1:00fb:000f:001c:01860000:0:0:0:" name="Food Network" service_name="Food Network" provider="Dolce TV" sid="251" onid="28" tsid="15" />
    <channel service_ref="1:0:1:004c:0004:0001:01863115:0:0:0:" name="Fox Bulgaria" service_name="Fox Bulgaria" provider="Bulsatcom" sid="76" onid="1" tsid="4" />
    <channel service_ref="1:0:1:001e:0003:0001:01863190:0:0:0:" name="Fox Crime Bulgaria" service_name="Fox Crime Bulgaria" provider="Bulsatcom" sid="30" onid="1" tsid="3" />
    <channel service_ref="1:0:1:001c:0003:0001:01863190:0:0:0:" name="Fox Life Bulgaria" service_name="Fox Life Bulgaria" provider="Bulsatcom" sid="28" onid="1" tsid="3" />
    <channel service_ref="1:0:1:014c:0001:001c:01860000:0:0:0:" name="France 24 (en Français)" service_name="France 24 (en Français)" provider="Dolce TV" sid="332" onid="28" tsid="1" />
    <channel service_ref="1:0:1:00dc:000d:001c:01860000:0:0:0:" name="Ginx" service_name="Ginx" provider="Dolce TV" sid="220" onid="28" tsid="13" />
    <channel service_ref="1:0:1:002c:000d:001c:01860000:0:0:0:" name="Happy Channel Romania" service_name="Happy Channel Romania" provider="Dolce TV" sid="44" onid="28" tsid="13" />
    <channel service_ref="1:0:25:01d7:000b:0001:0186ab7f:0:0:0:" name="Happy TV" service_name="Happy TV" provider="Bulsatcom" sid="471" onid="1" tsid="11" />
    <channel service_ref="1:0:1:00c2:0010:001c:01860000:0:0:0:" name="HBO 2 Central Europe" service_name="HBO 2 Central Europe" provider="Dolce TV" sid="194" onid="28" tsid="16" />
    <channel service_ref="1:0:1:0031:000f:001c:01860000:0:0:0:" name="HBO 3 Romania" service_name="HBO 3 Romania" provider="Dolce TV" sid="49" onid="28" tsid="15" />
    <channel service_ref="1:0:25:008b:0002:001c:01860000:0:0:0:" name="HBO HD" service_name="HBO HD" provider="Dolce TV" sid="139" onid="28" tsid="2" />
    <channel service_ref="1:0:25:004c:0002:001c:01860000:0:0:0:" name="HBO HD Romania" service_name="HBO HD Romania" provider="Dolce TV" sid="76" onid="28" tsid="2" />
    <channel service_ref="1:0:1:009b:0012:001c:01860000:0:0:0:" name="HBO Romania" service_name="HBO Romania" provider="Dolce TV" sid="155" onid="28" tsid="18" />
    <channel service_ref="1:0:25:01d3:000b:0001:0186ab7f:0:0:0:" name="History 2" service_name="History 2" provider="POLARIS" sid="467" onid="1" tsid="11" />
    <channel service_ref="1:0:1:0013:0002:0001:0186313e:0:0:0:" name="History Channel Eastern Europe" service_name="History Channel Eastern Europe" provider="Bulsatcom" sid="19" onid="1" tsid="2" />
    <channel service_ref="1:0:1:007e:0012:001c:01860000:0:0:0:" name="History Channel Eastern Europe" service_name="History Channel Eastern Europe" provider="Dolce TV" sid="126" onid="28" tsid="18" />
    <channel service_ref="1:0:25:00c1:0003:001c:01860000:0:0:0:" name="History Channel HD Romania" service_name="History Channel HD Romania" provider="Dolce TV" sid="193" onid="28" tsid="3" />
    <channel service_ref="1:0:25:00d0:0005:0001:01863167:0:0:0:" name="History HD Europe" service_name="History HD Europe" provider="Bulsatcom" sid="208" onid="1" tsid="5" />
    <channel service_ref="1:0:1:000f:0002:0001:0186313e:0:0:0:" name="Hobby lov" service_name="Hobby lov" provider="Bulsatcom" sid="15" onid="1" tsid="2" />
    <channel service_ref="1:0:1:03f6:0001:0001:018630ec:0:0:0:" name="Hobby TV" service_name="Hobby TV" provider="Bulsatcom" sid="1014" onid="1" tsid="1" />
    <channel service_ref="1:0:25:00cb:0005:0001:01863167:0:0:0:" name="Hobby TV HD" service_name="Hobby TV HD" provider="Bulsatcom" sid="203" onid="1" tsid="5" />
    <channel service_ref="1:0:1:006b:0010:001c:01860000:0:0:0:" name="Hustler TV" service_name="Hustler TV" provider="Dolce TV" sid="107" onid="28" tsid="16" />
    <channel service_ref="1:0:25:00c2:0003:001c:01860000:0:0:0:" name="iConcert" service_name="iConcert" provider="Dolce TV" sid="194" onid="28" tsid="3" />
    <channel service_ref="1:0:1:007a:0004:0001:01863115:0:0:0:" name="ID Xtra" service_name="ID Xtra" provider="Bulsatcom" sid="122" onid="1" tsid="4" />
    <channel service_ref="1:0:1:003b:0001:001c:01860000:0:0:0:" name="Inedit TV" service_name="Inedit TV" provider="Dolce TV" sid="59" onid="28" tsid="1" />
    <channel service_ref="1:0:1:013e:0012:001c:01860000:0:0:0:" name="Investigation Discovery Xtra" service_name="Investigation Discovery Xtra" provider="Dolce TV" sid="318" onid="28" tsid="18" />
    <channel service_ref="1:0:1:004e:0004:0001:01863115:0:0:0:" name="Kanal 3" service_name="Kanal 3" provider="Bulsatcom" sid="78" onid="1" tsid="4" />
    <channel service_ref="1:0:1:00be:000d:001c:01860000:0:0:0:" name="Kanal D Romania" service_name="Kanal D Romania" provider="Dolce TV" sid="190" onid="28" tsid="13" />
    <channel service_ref="1:0:1:007c:0004:0001:01863115:0:0:0:" name="KCN Music 2" service_name="KCN Music 2" provider="Bulsatcom" sid="124" onid="1" tsid="4" />
    <channel service_ref="1:0:1:03f5:0001:0001:018630ec:0:0:0:" name="Kino Nova" service_name="Kino Nova" provider="Bulsatcom" sid="1013" onid="1" tsid="1" />
    <channel service_ref="1:0:1:007c:0010:001c:01860000:0:0:0:" name="Kiss TV" service_name="Kiss TV" provider="Dolce TV" sid="124" onid="28" tsid="16" />
    <channel service_ref="1:0:1:002e:000d:001c:01860000:0:0:0:" name="Look Plus" service_name="Look Plus" provider="Dolce TV" sid="46" onid="28" tsid="13" />
    <channel service_ref="1:0:1:010f:0001:001c:01860000:0:0:0:" name="M1 - Magyar TV" service_name="M1 - Magyar TV" provider="Dolce TV" sid="271" onid="28" tsid="1" />
    <channel service_ref="1:0:25:01f2:000b:0001:0186ab7f:0:0:0:" name="Magic TV (Bulgaria)" service_name="Magic TV (Bulgaria)" provider="Bulsatcom" sid="498" onid="1" tsid="11" />
    <channel service_ref="1:0:1:006e:0001:001c:01860000:0:0:0:" name="Magyar TV 2" service_name="Magyar TV 2" provider="Dolce TV" sid="110" onid="28" tsid="1" />
    <channel service_ref="1:0:1:0050:0012:001c:01860000:0:0:0:" name="Mezzo" service_name="Mezzo" provider="Bulsatcom" sid="80" onid="28" tsid="18" />
    <channel service_ref="1:0:25:01df:000b:0001:0186ab7f:0:0:0:" name="MiniMax Romania" service_name="MiniMax Romania" provider="Bulsatcom" sid="479" onid="1" tsid="11" />
    <channel service_ref="1:0:1:005f:0001:001c:01860000:0:0:0:" name="Mooz Dance" service_name="Mooz Dance" provider="Dolce TV" sid="95" onid="28" tsid="1" />
    <channel service_ref="1:0:1:005e:0001:001c:01860000:0:0:0:" name="Mooz Hits" service_name="Mooz Hits" provider="Dolce TV" sid="94" onid="28" tsid="1" />
    <channel service_ref="1:0:1:0058:0012:001c:01860000:0:0:0:" name="Mooz Ro" service_name="Mooz Ro" provider="Dolce TV" sid="88" onid="28" tsid="18" />
    <channel service_ref="1:0:1:001b:0002:0001:0186313e:0:0:0:" name="MTV Hits" service_name="MTV Hits" provider="Bulsatcom" sid="27" onid="1" tsid="2" />
    <channel service_ref="1:0:1:00a6:0010:001c:01860000:0:0:0:" name="MTV Rocks" service_name="MTV Rocks" provider="Bulsatcom" sid="166" onid="28" tsid="16" />
    <channel service_ref="1:0:1:00a9:0011:001c:01860000:0:0:0:" name="MTV Romania" service_name="MTV Romania" provider="Dolce TV" sid="169" onid="28" tsid="17" />
    <channel service_ref="1:0:1:008e:0001:001c:01860000:0:0:0:" name="N 24 Plus" service_name="N 24 Plus" provider="Dolce TV" sid="142" onid="28" tsid="1" />
    <channel service_ref="1:0:1:005a:0011:001c:01860000:0:0:0:" name="Nasul TV" service_name="Nasul TV" provider="Dolce TV" sid="90" onid="28" tsid="17" />
    <channel service_ref="1:0:1:00fc:0011:001c:01860000:0:0:0:" name="Nat Geo People" service_name="Nat Geo People" provider="Dolce TV" sid="252" onid="28" tsid="17" />
    <channel service_ref="1:0:1:004a:0004:0001:01863115:0:0:0:" name="NatGeo Wild" service_name="NatGeo Wild" provider="Bulsatcom" sid="74" onid="1" tsid="4" />
    <channel service_ref="1:0:1:006d:000d:001c:01860000:0:0:0:" name="NatGeo Wild" service_name="NatGeo Wild" provider="Dolce TV" sid="109" onid="28" tsid="13" />
    <channel service_ref="1:0:25:00d2:0005:0001:01863167:0:0:0:" name="NatGeo Wild HD" service_name="NatGeo Wild HD" provider="Bulsatcom" sid="210" onid="1" tsid="5" />
    <channel service_ref="1:0:1:0002:0003:0001:01863190:0:0:0:" name="National Geographic Bulgaria" service_name="National Geographic Bulgaria" provider="Bulsatcom" sid="2" onid="1" tsid="3" />
    <channel service_ref="1:0:25:01dd:000b:0001:0186ab7f:0:0:0:" name="National Geographic Bulgaria" service_name="National Geographic Bulgaria" provider="Bulsatcom" sid="477" onid="1" tsid="11" />
    <channel service_ref="1:0:25:00cc:0005:0001:01863167:0:0:0:" name="National Geographic Europe" service_name="National Geographic Europe" provider="Bulsatcom" sid="204" onid="1" tsid="5" />
    <channel service_ref="1:0:1:008a:0011:001c:01860000:0:0:0:" name="National Geographic Romania" service_name="National Geographic Romania" provider="Dolce TV" sid="138" onid="28" tsid="17" />
    <channel service_ref="1:0:1:006f:000e:001c:01860000:0:0:0:" name="National TV" service_name="National TV" provider="Dolce TV" sid="111" onid="28" tsid="14" />
    <channel service_ref="1:0:1:016f:000f:001c:01860000:0:0:0:" name="Nick Jr Hungary" service_name="Nick Jr Hungary" provider="Dolce TV" sid="367" onid="28" tsid="15" />
    <channel service_ref="1:0:1:006c:0004:0001:01863115:0:0:0:" name="Nickelodeon Bulgaria" service_name="Nickelodeon Bulgaria" provider="Bulsatcom" sid="108" onid="1" tsid="4" />
    <channel service_ref="1:0:1:00dd:000f:001c:01860000:0:0:0:" name="Nickelodeon Hungary" service_name="Nickelodeon Hungary" provider="Dolce TV" sid="221" onid="28" tsid="15" />
    <channel service_ref="1:0:1:0009:0003:0001:01863190:0:0:0:" name="Nova Sport Bulgaria" service_name="Nova Sport Bulgaria" provider="Bulsatcom" sid="9" onid="1" tsid="3" />
    <channel service_ref="1:0:1:03f4:0001:0001:018630ec:0:0:0:" name="Nova TV" service_name="Nova TV" provider="Bulsatcom" sid="1012" onid="1" tsid="1" />
    <channel service_ref="1:0:25:01e1:000b:0001:0186ab7f:0:0:0:" name="OBN" service_name="OBN" provider="POLARIS" sid="481" onid="1" tsid="11" />
    <channel service_ref="1:0:1:016d:0012:001c:01860000:0:0:0:" name="Paramount Channel Hungary &amp; Romania" service_name="Paramount Channel Hungary &amp; Romania" provider="Dolce TV" sid="365" onid="28" tsid="18" />
    <channel service_ref="1:0:1:002c:0002:0001:0186313e:0:0:0:" name="Penthouse" service_name="Penthouse" provider="Bulsatcom" sid="44" onid="1" tsid="2" />
    <channel service_ref="1:0:1:0011:0002:0001:0186313e:0:0:0:" name="Perviy Kanal" service_name="Perviy Kanal" provider="Bulsatcom" sid="17" onid="1" tsid="2" />
    <channel service_ref="1:0:1:0032:0004:0001:01863115:0:0:0:" name="Planeta Folk" service_name="Planeta Folk" provider="Bulsatcom" sid="50" onid="1" tsid="4" />
    <channel service_ref="1:0:25:00ce:0005:0001:01863167:0:0:0:" name="Planeta HD" service_name="Planeta HD" provider="Bulsatcom" sid="206" onid="1" tsid="5" />
    <channel service_ref="1:0:1:03ea:0001:0001:018630ec:0:0:0:" name="Planeta TV" service_name="Planeta TV" provider="Bulsatcom" sid="1002" onid="1" tsid="1" />
    <channel service_ref="1:0:1:0030:0004:0001:01863115:0:0:0:" name="Platinum TV|  23h-5h CET" service_name="Platinum TV|  23h-5h CET" provider="Bulsatcom" sid="48" onid="1" tsid="4" />
    <channel service_ref="1:0:1:002f:000e:001c:01860000:0:0:0:" name="Prima TV" service_name="Prima TV" provider="Dolce TV" sid="47" onid="28" tsid="14" />
    <channel service_ref="1:0:1:004b:0011:001c:01860000:0:0:0:" name="Pro Cinema" service_name="Pro Cinema" provider="Dolce TV" sid="75" onid="28" tsid="17" />
    <channel service_ref="1:0:1:00a8:000e:001c:01860000:0:0:0:" name="Pro TV" service_name="Pro TV" provider="Dolce TV" sid="168" onid="28" tsid="14" />
    <channel service_ref="1:0:25:0049:0002:001c:01860000:0:0:0:" name="Pro TV HD" service_name="Pro TV HD" provider="Dolce TV" sid="73" onid="28" tsid="2" />
    <channel service_ref="1:0:25:01d4:000b:0001:0186ab7f:0:0:0:" name="Prva Srpska Televizija" service_name="Prva Srpska Televizija" provider="Bulsatcom" sid="468" onid="1" tsid="11" />
    <channel service_ref="1:0:1:004d:000e:001c:01860000:0:0:0:" name="Realitatea TV" service_name="Realitatea TV" provider="Dolce TV" sid="77" onid="28" tsid="14" />
    <channel service_ref="1:0:1:0001:0001:0001:0186ab46:0:0:0:" name="RIK Sat" service_name="RIK Sat" provider="Cybc" sid="1" onid="1" tsid="1" />
    <channel service_ref="1:0:1:014b:0003:0001:01863190:0:0:0:" name="Ring BG" service_name="Ring BG" provider="Bulsatcom" sid="331" onid="1" tsid="3" />
    <channel service_ref="1:0:1:010e:0001:001c:01860000:0:0:0:" name="RTL 2 Hungary" service_name="RTL 2 Hungary" provider="Dolce TV" sid="270" onid="28" tsid="1" />
    <channel service_ref="1:0:1:0047:0001:001c:01860000:0:0:0:" name="RTL Klub" service_name="RTL Klub" provider="Dolce TV" sid="71" onid="28" tsid="1" />
    <channel service_ref="1:0:25:01cd:000b:0001:0186ab7f:0:0:0:" name="RTS 1 Serbia" service_name="RTS 1 Serbia" provider="Bulsatcom" sid="461" onid="1" tsid="11" />
    <channel service_ref="1:0:25:01ce:000b:0001:0186ab7f:0:0:0:" name="RTS 2" service_name="RTS 2" provider="Bulsatcom" sid="462" onid="1" tsid="11" />
    <channel service_ref="1:0:1:008c:0011:001c:01860000:0:0:0:" name="RTV (Romania)" service_name="RTV (Romania)" provider="Dolce TV" sid="140" onid="28" tsid="17" />
    <channel service_ref="1:0:25:01dc:000b:0001:0186ab7f:0:0:0:" name="RTV 1 (Vojvodina)" service_name="RTV 1 (Vojvodina)" provider="Bulsatcom" sid="476" onid="1" tsid="11" />
    <channel service_ref="1:0:25:01d5:000b:0001:0186ab7f:0:0:0:" name="RTV Novi Pazar" service_name="RTV Novi Pazar" provider="Bulsatcom" sid="469" onid="1" tsid="11" />
    <channel service_ref="1:0:1:004a:0010:001c:01860000:0:0:0:" name="Shorts Romania" service_name="Shorts Romania" provider="Dolce TV" sid="74" onid="28" tsid="16" />
    <channel service_ref="1:0:1:000b:0003:0001:01863190:0:0:0:" name="Skat TV" service_name="Skat TV" provider="Bulsatcom" sid="11" onid="1" tsid="3" />
    <channel service_ref="1:0:25:01e3:000b:0001:0186ab7f:0:0:0:" name="SOS Kanal" service_name="SOS Kanal" provider="POLARIS" sid="483" onid="1" tsid="11" />
    <channel service_ref="1:0:25:00cd:0005:0001:01863167:0:0:0:" name="Sport Plus HD" service_name="Sport Plus HD" provider="Bulsatcom" sid="205" onid="1" tsid="5" />
    <channel service_ref="1:0:1:004c:0011:001c:01860000:0:0:0:" name="Sport.ro" service_name="Sport.ro" provider="Dolce TV" sid="76" onid="28" tsid="17" />
    <channel service_ref="1:0:25:00c0:0003:001c:01860000:0:0:0:" name="Sundance Channel HD" service_name="Sundance Channel HD" provider="Dolce TV" sid="192" onid="28" tsid="3" />
    <channel service_ref="1:0:1:0053:0010:001c:01860000:0:0:0:" name="Super 1" service_name="Super 1" provider="Dolce TV" sid="83" onid="28" tsid="16" />
    <channel service_ref="1:0:1:007e:0004:0001:01863115:0:0:0:" name="Superone" service_name="Superone" provider="Bulsatcom" sid="126" onid="1" tsid="4" />
    <channel service_ref="1:0:1:00d4:0011:001c:01860000:0:0:0:" name="Taraf TV" service_name="Taraf TV" provider="Dolce TV" sid="212" onid="28" tsid="17" />
    <channel service_ref="1:0:25:0001:0001:ffff:0186ab4b:0:0:0:" name="The Media Office" service_name="The Media Office" provider="" sid="1" onid="65535" tsid="1" />
    <channel service_ref="1:0:1:03f7:0001:0001:018630ec:0:0:0:" name="The Voice Bulgaria" service_name="The Voice Bulgaria" provider="Bulsatcom" sid="1015" onid="1" tsid="1" />
    <channel service_ref="1:0:1:002f:0002:0001:0186313e:0:0:0:" name="Tiankov TV" service_name="Tiankov TV" provider="Bulsatcom" sid="47" onid="1" tsid="2" />
    <channel service_ref="1:0:1:013a:0003:0001:01863190:0:0:0:" name="TLC Bulgaria" service_name="TLC Bulgaria" provider="Bulsatcom" sid="314" onid="1" tsid="3" />
    <channel service_ref="1:0:1:0036:000f:001c:01860000:0:0:0:" name="TLC Europe" service_name="TLC Europe" provider="Dolce TV" sid="54" onid="28" tsid="15" />
    <channel service_ref="1:0:1:00df:0010:001c:01860000:0:0:0:" name="TNT Bulgaria &amp; Romania" service_name="TNT Bulgaria &amp; Romania" provider="Dolce TV" sid="223" onid="28" tsid="16" />
    <channel service_ref="1:0:1:00f0:000e:001c:01860000:0:0:0:" name="Transilvania Look" service_name="Transilvania Look" provider="Dolce TV" sid="240" onid="28" tsid="14" />
    <channel service_ref="1:0:1:00aa:0010:001c:01860000:0:0:0:" name="Travel Channel" service_name="Travel Channel" provider="Dolce TV" sid="170" onid="28" tsid="16" />
    <channel service_ref="1:0:1:00e2:0011:001c:01860000:0:0:0:" name="Trinitas TV" service_name="Trinitas TV" provider="Dolce TV" sid="226" onid="28" tsid="17" />
    <channel service_ref="1:0:1:012d:0012:001c:01860000:0:0:0:" name="TV 1000 Balkan" service_name="TV 1000 Balkan" provider="Bulsatcom" sid="301" onid="28" tsid="18" />
    <channel service_ref="1:0:1:000c:0003:0001:01863190:0:0:0:" name="TV 7 Bulgaria" service_name="TV 7 Bulgaria" provider="Bulsatcom" sid="12" onid="1" tsid="3" />
    <channel service_ref="1:0:1:001f:0002:0001:0186313e:0:0:0:" name="TV Evropa" service_name="TV Evropa" provider="Bulsatcom" sid="31" onid="1" tsid="2" />
    <channel service_ref="1:0:25:01da:000b:0001:0186ab7f:0:0:0:" name="TV Kopernikus" service_name="TV Kopernikus" provider="POLARIS" sid="474" onid="1" tsid="11" />
    <channel service_ref="1:0:1:00e5:000d:001c:01860000:0:0:0:" name="TV Neptun" service_name="TV Neptun" provider="Dolce TV" sid="229" onid="28" tsid="13" />
    <channel service_ref="1:0:1:00f1:000f:001c:01860000:0:0:0:" name="TV Paprika" service_name="TV Paprika" provider="Dolce TV" sid="241" onid="28" tsid="15" />
    <channel service_ref="1:0:1:03f2:0001:0001:018630ec:0:0:0:" name="TV Plus" service_name="TV Plus" provider="Bulsatcom" sid="1010" onid="1" tsid="1" />
    <channel service_ref="1:0:1:00e7:0011:001c:01860000:0:0:0:" name="TV5 Monde Europe" service_name="TV5 Monde Europe" provider="Dolce TV" sid="231" onid="28" tsid="17" />
    <channel service_ref="1:0:1:007f:000e:001c:01860000:0:0:0:" name="TVH 2.0" service_name="TVH 2.0" provider="Dolce TV" sid="127" onid="28" tsid="14" />
    <channel service_ref="1:0:1:007d:000d:001c:01860000:0:0:0:" name="TVR 1" service_name="TVR 1" provider="Dolce TV" sid="125" onid="28" tsid="13" />
    <channel service_ref="1:0:1:007e:000d:001c:01860000:0:0:0:" name="TVR 2" service_name="TVR 2" provider="Dolce TV" sid="126" onid="28" tsid="13" />
    <channel service_ref="1:0:1:00e8:0011:001c:01860000:0:0:0:" name="TVR 3" service_name="TVR 3" provider="Dolce TV" sid="232" onid="28" tsid="17" />
    <channel service_ref="1:0:25:0048:0002:001c:01860000:0:0:0:" name="TVR HD" service_name="TVR HD" provider="Dolce TV" sid="72" onid="28" tsid="2" />
    <channel service_ref="1:0:25:0059:0002:001c:01860000:0:0:0:" name="TVR HD" service_name="TVR HD" provider="Dolce TV" sid="89" onid="28" tsid="2" />
    <channel service_ref="1:0:1:004e:000f:001c:01860000:0:0:0:" name="VH-1 (Video Hits One)" service_name="VH-1 (Video Hits One)" provider="Dolce TV" sid="78" onid="28" tsid="15" />
    <channel service_ref="1:0:1:00a7:0010:001c:01860000:0:0:0:" name="VH-1 Classic" service_name="VH-1 Classic" provider="Dolce TV" sid="167" onid="28" tsid="16" />
    <channel service_ref="1:0:1:00f3:000f:001c:01860000:0:0:0:" name="Viasat Explore" service_name="Viasat Explore" provider="Dolce TV" sid="243" onid="28" tsid="15" />
    <channel service_ref="1:0:1:006f:0004:0001:01863115:0:0:0:" name="Viasat Explore| |  5h-23h CET" service_name="Viasat Explore| |  5h-23h CET" provider="Bulsatcom" sid="111" onid="1" tsid="4" />
    <channel service_ref="1:0:1:012f:0012:001c:01860000:0:0:0:" name="Viasat History" service_name="Viasat History" provider="Bulsatcom" sid="303" onid="28" tsid="18" />
    <channel service_ref="1:0:1:0052:0012:001c:01860000:0:0:0:" name="Viasat Nature CEE" service_name="Viasat Nature CEE" provider="Bulsatcom" sid="82" onid="28" tsid="18" />
    <channel service_ref="1:0:25:004b:0002:001c:01860000:0:0:0:" name="Viasat Nature HD" service_name="Viasat Nature HD" provider="Dolce TV" sid="75" onid="28" tsid="2" />
    <channel service_ref="1:0:1:011e:000d:001c:01860000:0:0:0:" name="Zu TV" service_name="Zu TV" provider="Dolce TV" sid="286" onid="28" tsid="13" />
  </bouquet>
  <bouquet name="Movies" category="tv">
    <channel service_ref="1:0:1:012f:0003:0001:01863190:0:0:0:" name="BTV Cinema" service_name="BTV Cinema" provider="Bulsatcom" sid="303" onid="1" tsid="3" />
    <channel service_ref="1:0:25:01f3:000b:0001:0186ab7f:0:0:0:" name="Cinema Plus" service_name="Cinema Plus" provider="Bulsatcom" sid="499" onid="1" tsid="11" />
    <channel service_ref="1:0:1:009d:0010:001c:01860000:0:0:0:" name="Cinemax 2 Europe" service_name="Cinemax 2 Europe" provider="Dolce TV" sid="157" onid="28" tsid="16" />
    <channel service_ref="1:0:1:009c:0012:001c:01860000:0:0:0:" name="Cinemax East Europe" service_name="Cinemax East Europe" provider="Dolce TV" sid="156" onid="28" tsid="18" />
    <channel service_ref="1:0:1:0046:0001:001c:01860000:0:0:0:" name="Film +" service_name="Film +" provider="Dolce TV" sid="70" onid="28" tsid="1" />
    <channel service_ref="1:0:1:001e:0002:0001:0186313e:0:0:0:" name="Film Plus" service_name="Film Plus" provider="Bulsatcom" sid="30" onid="1" tsid="2" />
    <channel service_ref="1:0:1:03f3:0001:0001:018630ec:0:0:0:" name="Film Plus" service_name="Film Plus" provider="Bulsatcom" sid="1011" onid="1" tsid="1" />
    <channel service_ref="1:0:1:007c:0012:001c:01860000:0:0:0:" name="FilmBox" service_name="FilmBox" provider="Dolce TV" sid="124" onid="28" tsid="18" />
    <channel service_ref="1:0:25:01f5:000b:0001:0186ab7f:0:0:0:" name="FilmBox" service_name="FilmBox" provider="Bulsatcom" sid="501" onid="1" tsid="11" />
    <channel service_ref="1:0:25:00c4:0003:001c:01860000:0:0:0:" name="Filmbox Extra HD Poland" service_name="Filmbox Extra HD Poland" provider="Dolce TV" sid="196" onid="28" tsid="3" />
    <channel service_ref="1:0:1:007d:0012:001c:01860000:0:0:0:" name="Filmbox Plus" service_name="Filmbox Plus" provider="Dolce TV" sid="125" onid="28" tsid="18" />
    <channel service_ref="1:0:1:004b:0011:001c:01860000:0:0:0:" name="Pro Cinema" service_name="Pro Cinema" provider="Dolce TV" sid="75" onid="28" tsid="17" />
  </bouquet>
  <bouquet name="News" category="tv">
    <channel service_ref="1:0:1:0030:000e:001c:01860000:0:0:0:" name="BBC World News" service_name="BBC World News" provider="Dolce TV" sid="48" onid="28" tsid="14" />
  </bouquet>
  <bouquet name="Sports" category="tv">
    <channel service_ref="1:0:25:01e2:000b:0001:0186ab7f:0:0:0:" name="Arena Sport 5" service_name="Arena Sport 5" provider="POLARIS" sid="482" onid="1" tsid="11" />
    <channel service_ref="1:0:25:01db:000b:0001:0186ab7f:0:0:0:" name="Arena Sport BIH" service_name="Arena Sport BIH" provider="POLARIS" sid="475" onid="1" tsid="11" />
    <channel service_ref="1:0:25:01cf:000b:0001:0186ab7f:0:0:0:" name="ArenaSport 1" service_name="ArenaSport 1" provider="Bulsatcom" sid="463" onid="1" tsid="11" />
    <channel service_ref="1:0:25:01d0:000b:0001:0186ab7f:0:0:0:" name="ArenaSport 2" service_name="ArenaSport 2" provider="Bulsatcom" sid="464" onid="1" tsid="11" />
    <channel service_ref="1:0:25:01d1:000b:0001:0186ab7f:0:0:0:" name="ArenaSport 3" service_name="ArenaSport 3" provider="Bulsatcom" sid="465" onid="1" tsid="11" />
    <channel service_ref="1:0:25:01d2:000b:0001:0186ab7f:0:0:0:" name="ArenaSport 4" service_name="ArenaSport 4" provider="Bulsatcom" sid="466" onid="1" tsid="11" />
    <channel service_ref="1:0:1:002a:0002:0001:0186313e:0:0:0:" name="Diema Sport" service_name="Diema Sport" provider="Bulsatcom" sid="42" onid="1" tsid="2" />
    <channel service_ref="1:0:1:001a:0002:0001:0186313e:0:0:0:" name="Diema Sport 2" service_name="Diema Sport 2" provider="Bulsatcom" sid="26" onid="1" tsid="2" />
    <channel service_ref="1:0:1:00e1:000d:001c:01860000:0:0:0:" name="Dolce Sport" service_name="Dolce Sport" provider="Dolce TV" sid="225" onid="28" tsid="13" />
    <channel service_ref="1:0:1:00f5:000d:001c:01860000:0:0:0:" name="Dolce Sport 1" service_name="Dolce Sport 1" provider="Dolce TV" sid="245" onid="28" tsid="13" />
    <channel service_ref="1:0:25:0055:0002:001c:01860000:0:0:0:" name="Dolce Sport 1 HD" service_name="Dolce Sport 1 HD" provider="Dolce TV" sid="85" onid="28" tsid="2" />
    <channel service_ref="1:0:25:0056:0002:001c:01860000:0:0:0:" name="Dolce Sport 1 HD" service_name="Dolce Sport 1 HD" provider="Dolce TV" sid="86" onid="28" tsid="2" />
    <channel service_ref="1:0:1:004d:0011:001c:01860000:0:0:0:" name="Dolce Sport 2" service_name="Dolce Sport 2" provider="Dolce TV" sid="77" onid="28" tsid="17" />
    <channel service_ref="1:0:1:0057:0011:001c:01860000:0:0:0:" name="Dolce Sport 2" service_name="Dolce Sport 2" provider="Dolce TV" sid="87" onid="28" tsid="17" />
    <channel service_ref="1:0:25:00bf:0003:001c:01860000:0:0:0:" name="Dolce Sport 2 HD" service_name="Dolce Sport 2 HD" provider="Dolce TV" sid="191" onid="28" tsid="3" />
    <channel service_ref="1:0:25:011f:0003:001c:01860000:0:0:0:" name="Dolce Sport 2 HD" service_name="Dolce Sport 2 HD" provider="Dolce TV" sid="287" onid="28" tsid="3" />
    <channel service_ref="1:0:1:0038:000f:001c:01860000:0:0:0:" name="Dolce Sport 3" service_name="Dolce Sport 3" provider="Dolce TV" sid="56" onid="28" tsid="15" />
    <channel service_ref="1:0:1:018b:000f:001c:01860000:0:0:0:" name="Dolce Sport 3" service_name="Dolce Sport 3" provider="Dolce TV" sid="395" onid="28" tsid="15" />
    <channel service_ref="1:0:1:00de:000f:001c:01860000:0:0:0:" name="Dolce Sport 4" service_name="Dolce Sport 4" provider="Dolce TV" sid="222" onid="28" tsid="15" />
    <channel service_ref="1:0:1:018c:000f:001c:01860000:0:0:0:" name="Dolce Sport 4" service_name="Dolce Sport 4" provider="Dolce TV" sid="396" onid="28" tsid="15" />
    <channel service_ref="1:0:1:014d:0001:001c:01860000:0:0:0:" name="Dolce Sport 5" service_name="Dolce Sport 5" provider="Dolce TV" sid="333" onid="28" tsid="1" />
    <channel service_ref="1:0:1:014e:0001:001c:01860000:0:0:0:" name="Dolce Sport 6" service_name="Dolce Sport 6" provider="Dolce TV" sid="334" onid="28" tsid="1" />
    <channel service_ref="1:0:25:011d:0002:001c:01860000:0:0:0:" name="Dolce Sport HD" service_name="Dolce Sport HD" provider="Dolce TV" sid="285" onid="28" tsid="2" />
    <channel service_ref="1:0:1:002b:0002:0001:0186313e:0:0:0:" name="Eurosport 1" service_name="Eurosport 1" provider="Bulsatcom" sid="43" onid="1" tsid="2" />
    <channel service_ref="1:0:25:000a:0005:0001:01863167:0:0:0:" name="Eurosport 1 HD" service_name="Eurosport 1 HD" provider="Bulsatcom" sid="10" onid="1" tsid="5" />
    <channel service_ref="1:0:25:008a:0002:001c:01860000:0:0:0:" name="Eurosport 1 HD" service_name="Eurosport 1 HD" provider="Dolce TV" sid="138" onid="28" tsid="2" />
    <channel service_ref="1:0:1:003a:000d:001c:01860000:0:0:0:" name="Eurosport 2 Romania &amp; Hungary" service_name="Eurosport 2 Romania &amp; Hungary" provider="Dolce TV" sid="58" onid="28" tsid="13" />
    <channel service_ref="1:0:25:016b:0002:001c:01860000:0:0:0:" name="Eurosport HD" service_name="Eurosport HD" provider="Dolce TV" sid="363" onid="28" tsid="2" />
    <channel service_ref="1:0:1:014a:000f:001c:01860000:0:0:0:" name="Eurosport Romania" service_name="Eurosport Romania" provider="Dolce TV" sid="330" onid="28" tsid="15" />
    <channel service_ref="1:0:1:0009:0003:0001:01863190:0:0:0:" name="Nova Sport Bulgaria" service_name="Nova Sport Bulgaria" provider="Bulsatcom" sid="9" onid="1" tsid="3" />
    <channel service_ref="1:0:25:00cd:0005:0001:01863167:0:0:0:" name="Sport Plus HD" service_name="Sport Plus HD" provider="Bulsatcom" sid="205" onid="1" tsid="5" />
    <channel service_ref="1:0:1:004c:0011:001c:01860000:0:0:0:" name="Sport.ro" service_name="Sport.ro" provider="Dolce TV" sid="76" onid="28" tsid="17" />
  </bouquet>
  <bouquet name="Kids" category="tv">
    <channel service_ref="1:0:1:005e:000d:001c:01860000:0:0:0:" name="Boomerang" service_name="Boomerang" provider="Dolce TV" sid="94" onid="28" tsid="13" />
    <channel service_ref="1:0:1:00e0:0010:001c:01860000:0:0:0:" name="Cartoon Network" service_name="Cartoon Network" provider="Dolce TV" sid="224" onid="28" tsid="16" />
    <channel service_ref="1:0:1:005f:0010:001c:01860000:0:0:0:" name="Cartoon Network Eastern Europe" service_name="Cartoon Network Eastern Europe" provider="Dolce TV" sid="95" onid="28" tsid="16" />
    <channel service_ref="1:0:1:002f:0004:0001:01863115:0:0:0:" name="Cartoon Network Russia &amp; South Eastern Europe|  3h-21h" service_name="Cartoon Network Russia &amp; South Eastern Europe|  3h-21h" provider="Bulsatcom" sid="47" onid="1" tsid="4" />
    <channel service_ref="1:0:1:002e:0004:0001:01863115:0:0:0:" name="Disney Channel Romania, Bulgaria &amp; Ukraine" service_name="Disney Channel Romania, Bulgaria &amp; Ukraine" provider="Bulsatcom" sid="46" onid="1" tsid="4" />
    <channel service_ref="1:0:1:00da:000e:001c:01860000:0:0:0:" name="Disney Channel Romania, Bulgaria &amp; Ukraine" service_name="Disney Channel Romania, Bulgaria &amp; Ukraine" provider="Dolce TV" sid="218" onid="28" tsid="14" />
    <channel service_ref="1:0:1:002d:0002:0001:0186313e:0:0:0:" name="Disney Junior Bulgaria" service_name="Disney Junior Bulgaria" provider="Bulsatcom" sid="45" onid="1" tsid="2" />
    <channel service_ref="1:0:1:006d:000e:001c:01860000:0:0:0:" name="Disney Junior Romania" service_name="Disney Junior Romania" provider="Dolce TV" sid="109" onid="28" tsid="14" />
    <channel service_ref="1:0:25:01e0:000b:0001:0186ab7f:0:0:0:" name="EKids" service_name="EKids" provider="Bulsatcom" sid="480" onid="1" tsid="11" />
    <channel service_ref="1:0:1:006c:0004:0001:01863115:0:0:0:" name="Nickelodeon Bulgaria" service_name="Nickelodeon Bulgaria" provider="Bulsatcom" sid="108" onid="1" tsid="4" />
    <channel service_ref="1:0:1:00dd:000f:001c:01860000:0:0:0:" name="Nickelodeon Hungary" service_name="Nickelodeon Hungary" provider="Dolce TV" sid="221" onid="28" tsid="15" />
  </bouquet>
  <bouquet name="Music" category="tv">
    <channel service_ref="1:0:1:0031:0004:0001:01863115:0:0:0:" name="Fen Folk TV" service_name="Fen Folk TV" provider="Bulsatcom" sid="49" onid="1" tsid="4" />
    <channel service_ref="1:0:1:007c:0004:0001:01863115:0:0:0:" name="KCN Music 2" service_name="KCN Music 2" provider="Bulsatcom" sid="124" onid="1" tsid="4" />
    <channel service_ref="1:0:1:0050:0012:001c:01860000:0:0:0:" name="Mezzo" service_name="Mezzo" provider="Bulsatcom" sid="80" onid="28" tsid="18" />
    <channel service_ref="1:0:1:001b:0002:0001:0186313e:0:0:0:" name="MTV Hits" service_name="MTV Hits" provider="Bulsatcom" sid="27" onid="1" tsid="2" />
    <channel service_ref="1:0:1:00a6:0010:001c:01860000:0:0:0:" name="MTV Rocks" service_name="MTV Rocks" provider="Bulsatcom" sid="166" onid="28" tsid="16" />
    <channel service_ref="1:0:1:00a9:0011:001c:01860000:0:0:0:" name="MTV Romania" service_name="MTV Romania" provider="Dolce TV" sid="169" onid="28" tsid="17" />
  </bouquet>
  <bouquet name="Documentary" category="tv">
    <channel service_ref="1:0:1:0010:0002:0001:0186313e:0:0:0:" name="Animal Planet Eastern Europe" service_name="Animal Planet Eastern Europe" provider="Bulsatcom" sid="16" onid="1" tsid="2" />
    <channel service_ref="1:0:1:0033:000d:001c:01860000:0:0:0:" name="Animal Planet Eastern Europe" service_name="Animal Planet Eastern Europe" provider="Dolce TV" sid="51" onid="28" tsid="13" />
    <channel service_ref="1:0:25:00c5:0003:001c:01860000:0:0:0:" name="Animal Planet HD" service_name="Animal Planet HD" provider="Dolce TV" sid="197" onid="28" tsid="3" />
    <channel service_ref="1:0:25:01d3:000b:0001:0186ab7f:0:0:0:" name="History 2" service_name="History 2" provider="POLARIS" sid="467" onid="1" tsid="11" />
    <channel service_ref="1:0:1:0013:0002:0001:0186313e:0:0:0:" name="History Channel Eastern Europe" service_name="History Channel Eastern Europe" provider="Bulsatcom" sid="19" onid="1" tsid="2" />
    <channel service_ref="1:0:1:007e:0012:001c:01860000:0:0:0:" name="History Channel Eastern Europe" service_name="History Channel Eastern Europe" provider="Dolce TV" sid="126" onid="28" tsid="18" />
    <channel service_ref="1:0:25:00c1:0003:001c:01860000:0:0:0:" name="History Channel HD Romania" service_name="History Channel HD Romania" provider="Dolce TV" sid="193" onid="28" tsid="3" />
    <channel service_ref="1:0:25:00d0:0005:0001:01863167:0:0:0:" name="History HD Europe" service_name="History HD Europe" provider="Bulsatcom" sid="208" onid="1" tsid="5" />
    <channel service_ref="1:0:1:00fc:0011:001c:01860000:0:0:0:" name="Nat Geo People" service_name="Nat Geo People" provider="Dolce TV" sid="252" onid="28" tsid="17" />
    <channel service_ref="1:0:1:004a:0004:0001:01863115:0:0:0:" name="NatGeo Wild" service_name="NatGeo Wild" provider="Bulsatcom" sid="74" onid="1" tsid="4" />
    <channel service_ref="1:0:1:006d:000d:001c:01860000:0:0:0:" name="NatGeo Wild" service_name="NatGeo Wild" provider="Dolce TV" sid="109" onid="28" tsid="13" />
    <channel service_ref="1:0:25:00d2:0005:0001:01863167:0:0:0:" name="NatGeo Wild HD" service_name="NatGeo Wild HD" provider="Bulsatcom" sid="210" onid="1" tsid="5" />
    <channel service_ref="1:0:1:0002:0003:0001:01863190:0:0:0:" name="National Geographic Bulgaria" service_name="National Geographic Bulgaria" provider="Bulsatcom" sid="2" onid="1" tsid="3" />
    <channel service_ref="1:0:25:01dd:000b:0001:0186ab7f:0:0:0:" name="National Geographic Bulgaria" service_name="National Geographic Bulgaria" provider="Bulsatcom" sid="477" onid="1" tsid="11" />
    <channel service_ref="1:0:25:00cc:0005:0001:01863167:0:0:0:" name="National Geographic Europe" service_name="National Geographic Europe" provider="Bulsatcom" sid="204" onid="1" tsid="5" />
    <channel service_ref="1:0:1:008a:0011:001c:01860000:0:0:0:" name="National Geographic Romania" service_name="National Geographic Romania" provider="Dolce TV" sid="138" onid="28" tsid="17" />
    <channel service_ref="1:0:1:0032:0004:0001:01863115:0:0:0:" name="Planeta Folk" service_name="Planeta Folk" provider="Bulsatcom" sid="50" onid="1" tsid="4" />
    <channel service_ref="1:0:25:00ce:0005:0001:01863167:0:0:0:" name="Planeta HD" service_name="Planeta HD" provider="Bulsatcom" sid="206" onid="1" tsid="5" />
    <channel service_ref="1:0:1:03ea:0001:0001:018630ec:0:0:0:" name="Planeta TV" service_name="Planeta TV" provider="Bulsatcom" sid="1002" onid="1" tsid="1" />
    <channel service_ref="1:0:1:012f:0012:001c:01860000:0:0:0:" name="Viasat History" service_name="Viasat History" provider="Bulsatcom" sid="303" onid="28" tsid="18" />
  </bouquet>
  <bouquet name="RTL" category="tv">
    <channel service_ref="1:0:1:010e:0001:001c:01860000:0:0:0:" name="RTL 2 Hungary" service_name="RTL 2 Hungary" provider="Dolce TV" sid="270" onid="28" tsid="1" />
    <channel service_ref="1:0:1:0047:0001:001c:01860000:0:0:0:" name="RTL Klub" service_name="RTL Klub" provider="Dolce TV" sid="71" onid="28" tsid="1" />
  </bouquet>
  <bouquet name="ARD/ZDF" category="tv">
    <channel service_ref="1:0:1:008f:000f:001c:01860000:0:0:0:" name="Brazzers TV| |  Nights" service_name="Brazzers TV| |  Nights" provider="Dolce TV" sid="143" onid="28" tsid="15" />
  </bouquet>
  <bouquet name="BBC" category="tv">
    <channel service_ref="1:0:1:008e:0010:001c:01860000:0:0:0:" name="BBC Earth" service_name="BBC Earth" provider="Dolce TV" sid="142" onid="28" tsid="16" />
  </bouquet>
  <bouquet name="TF1" category="tv">
    <channel service_ref="1:0:1:014c:0001:001c:01860000:0:0:0:" name="France 24 (en Français)" service_name="France 24 (en Français)" provider="Dolce TV" sid="332" onid="28" tsid="1" />
  </bouquet>
  <bouquet name="Switzerland" category="tv">
    <channel service_ref="1:0:1:002b:000e:001c:01860000:0:0:0:" name="Antena 3 Romania" service_name="Antena 3 Romania" provider="Dolce TV" sid="43" onid="28" tsid="14" />
    <channel service_ref="1:0:1:0031:000f:001c:01860000:0:0:0:" name="HBO 3 Romania" service_name="HBO 3 Romania" provider="Dolce TV" sid="49" onid="28" tsid="15" />
    <channel service_ref="1:0:1:004e:0004:0001:01863115:0:0:0:" name="Kanal 3" service_name="Kanal 3" provider="Bulsatcom" sid="78" onid="1" tsid="4" />
    <channel service_ref="1:0:1:0030:0004:0001:01863115:0:0:0:" name="Platinum TV|  23h-5h CET" service_name="Platinum TV|  23h-5h CET" provider="Bulsatcom" sid="48" onid="1" tsid="4" />
    <channel service_ref="1:0:25:01d4:000b:0001:0186ab7f:0:0:0:" name="Prva Srpska Televizija" service_name="Prva Srpska Televizija" provider="Bulsatcom" sid="468" onid="1" tsid="11" />
    <channel service_ref="1:0:1:00e7:0011:001c:01860000:0:0:0:" name="TV5 Monde Europe" service_name="TV5 Monde Europe" provider="Dolce TV" sid="231" onid="28" tsid="17" />
    <channel service_ref="1:0:1:00e8:0011:001c:01860000:0:0:0:" name="TVR 3" service_name="TVR 3" provider="Dolce TV" sid="232" onid="28" tsid="17" />
    <channel service_ref="1:0:1:006f:0004:0001:01863115:0:0:0:" name="Viasat Explore| |  5h-23h CET" service_name="Viasat Explore| |  5h-23h CET" provider="Bulsatcom" sid="111" onid="1" tsid="4" />
  </bouquet>
  <bouquet name="Spain" category="tv">
    <channel service_ref="1:0:1:0029:000e:001c:01860000:0:0:0:" name="Antena 1" service_name="Antena 1" provider="Dolce TV" sid="41" onid="28" tsid="14" />
    <channel service_ref="1:0:25:004a:0002:001c:01860000:0:0:0:" name="Antena 1 HD" service_name="Antena 1 HD" provider="Dolce TV" sid="74" onid="28" tsid="2" />
    <channel service_ref="1:0:1:002a:000e:001c:01860000:0:0:0:" name="Antena Stars" service_name="Antena Stars" provider="Dolce TV" sid="42" onid="28" tsid="14" />
  </bouquet>
  <bouquet name="PyTV" category="tv">
    <channel service_ref="1:0:25:01d7:000b:0001:0186ab7f:0:0:0:" name="Happy TV" service_name="Happy TV" provider="Bulsatcom" sid="471" onid="1" tsid="11" />
  </bouquet>
  <bouquet name="Resolution - HD" category="tv">
    <channel service_ref="1:0:25:000f:0005:0001:01863167:0:0:0:" name="Action Plus HD" service_name="Action Plus HD" provider="Bulsatcom" sid="15" onid="1" tsid="5" />
    <channel service_ref="1:0:25:00c5:0003:001c:01860000:0:0:0:" name="Animal Planet HD" service_name="Animal Planet HD" provider="Dolce TV" sid="197" onid="28" tsid="3" />
    <channel service_ref="1:0:25:004a:0002:001c:01860000:0:0:0:" name="Antena 1 HD" service_name="Antena 1 HD" provider="Dolce TV" sid="74" onid="28" tsid="2" />
    <channel service_ref="1:0:25:00c3:0003:001c:01860000:0:0:0:" name="AXN HD" service_name="AXN HD" provider="Dolce TV" sid="195" onid="28" tsid="3" />
    <channel service_ref="1:0:1:03f0:0001:0001:018630ec:0:0:0:" name="BNT HD" service_name="BNT HD" provider="Bulsatcom" sid="1008" onid="1" tsid="1" />
    <channel service_ref="1:0:25:00cf:0005:0001:01863167:0:0:0:" name="BTV HD Bulgaria" service_name="BTV HD Bulgaria" provider="Bulsatcom" sid="207" onid="1" tsid="5" />
    <channel service_ref="1:0:25:016a:0002:001c:01860000:0:0:0:" name="Discovery HD Showcase" service_name="Discovery HD Showcase" provider="Dolce TV" sid="362" onid="28" tsid="2" />
    <channel service_ref="1:0:25:0055:0002:001c:01860000:0:0:0:" name="Dolce Sport 1 HD" service_name="Dolce Sport 1 HD" provider="Dolce TV" sid="85" onid="28" tsid="2" />
    <channel service_ref="1:0:25:0056:0002:001c:01860000:0:0:0:" name="Dolce Sport 1 HD" service_name="Dolce Sport 1 HD" provider="Dolce TV" sid="86" onid="28" tsid="2" />
    <channel service_ref="1:0:25:00bf:0003:001c:01860000:0:0:0:" name="Dolce Sport 2 HD" service_name="Dolce Sport 2 HD" provider="Dolce TV" sid="191" onid="28" tsid="3" />
    <channel service_ref="1:0:25:011f:0003:001c:01860000:0:0:0:" name="Dolce Sport 2 HD" service_name="Dolce Sport 2 HD" provider="Dolce TV" sid="287" onid="28" tsid="3" />
    <channel service_ref="1:0:25:011d:0002:001c:01860000:0:0:0:" name="Dolce Sport HD" service_name="Dolce Sport HD" provider="Dolce TV" sid="285" onid="28" tsid="2" />
    <channel service_ref="1:0:25:000a:0005:0001:01863167:0:0:0:" name="Eurosport 1 HD" service_name="Eurosport 1 HD" provider="Bulsatcom" sid="10" onid="1" tsid="5" />
    <channel service_ref="1:0:25:008a:0002:001c:01860000:0:0:0:" name="Eurosport 1 HD" service_name="Eurosport 1 HD" provider="Dolce TV" sid="138" onid="28" tsid="2" />
    <channel service_ref="1:0:25:016b:0002:001c:01860000:0:0:0:" name="Eurosport HD" service_name="Eurosport HD" provider="Dolce TV" sid="363" onid="28" tsid="2" />
    <channel service_ref="1:0:25:00c4:0003:001c:01860000:0:0:0:" name="Filmbox Extra HD Poland" service_name="Filmbox Extra HD Poland" provider="Dolce TV" sid="196" onid="28" tsid="3" />
    <channel service_ref="1:0:25:008b:0002:001c:01860000:0:0:0:" name="HBO HD" service_name="HBO HD" provider="Dolce TV" sid="139" onid="28" tsid="2" />
    <channel service_ref="1:0:25:004c:0002:001c:01860000:0:0:0:" name="HBO HD Romania" service_name="HBO HD Romania" provider="Dolce TV" sid="76" onid="28" tsid="2" />
    <channel service_ref="1:0:25:00c1:0003:001c:01860000:0:0:0:" name="History Channel HD Romania" service_name="History Channel HD Romania" provider="Dolce TV" sid="193" onid="28" tsid="3" />
    <channel service_ref="1:0:25:00d0:0005:0001:01863167:0:0:0:" name="History HD Europe" service_name="History HD Europe" provider="Bulsatcom" sid="208" onid="1" tsid="5" />
    <channel service_ref="1:0:25:00cb:0005:0001:01863167:0:0:0:" name="Hobby TV HD" service_name="Hobby TV HD" provider="Bulsatcom" sid="203" onid="1" tsid="5" />
    <channel service_ref="1:0:25:00d2:0005:0001:01863167:0:0:0:" name="NatGeo Wild HD" service_name="NatGeo Wild HD" provider="Bulsatcom" sid="210" onid="1" tsid="5" />
    <channel service_ref="1:0:25:00ce:0005:0001:01863167:0:0:0:" name="Planeta HD" service_name="Planeta HD" provider="Bulsatcom" sid="206" onid="1" tsid="5" />
    <channel service_ref="1:0:25:0049:0002:001c:01860000:0:0:0:" name="Pro TV HD" service_name="Pro TV HD" provider="Dolce TV" sid="73" onid="28" tsid="2" />
    <channel service_ref="1:0:25:00cd:0005:0001:01863167:0:0:0:" name="Sport Plus HD" service_name="Sport Plus HD" provider="Bulsatcom" sid="205" onid="1" tsid="5" />
    <channel service_ref="1:0:25:00c0:0003:001c:01860000:0:0:0:" name="Sundance Channel HD" service_name="Sundance Channel HD" provider="Dolce TV" sid="192" onid="28" tsid="3" />
    <channel service_ref="1:0:25:0048:0002:001c:01860000:0:0:0:" name="TVR HD" service_name="TVR HD" provider="Dolce TV" sid="72" onid="28" tsid="2" />
    <channel service_ref="1:0:25:0059:0002:001c:01860000:0:0:0:" name="TVR HD" service_name="TVR HD" provider="Dolce TV" sid="89" onid="28" tsid="2" />
    <channel service_ref="1:0:25:004b:0002:001c:01860000:0:0:0:" name="Viasat Nature HD" service_name="Viasat Nature HD" provider="Dolce TV" sid="75" onid="28" tsid="2" />
  </bouquet>
  <bouquet name="Adult" category="tv">
    <channel service_ref="1:0:1:006b:0010:001c:01860000:0:0:0:" name="Hustler TV" service_name="Hustler TV" provider="Dolce TV" sid="107" onid="28" tsid="16" />
  </bouquet>
  <bouquet name="International" category="tv">
    <channel service_ref="1:0:1:008b:0003:0001:01863190:0:0:0:" name="BNT World" service_name="BNT World" provider="Bulsatcom" sid="139" onid="1" tsid="3" />
    <channel service_ref="1:0:1:03f5:0001:0001:018630ec:0:0:0:" name="Kino Nova" service_name="Kino Nova" provider="Bulsatcom" sid="1013" onid="1" tsid="1" />
    <channel service_ref="1:0:1:03f4:0001:0001:018630ec:0:0:0:" name="Nova TV" service_name="Nova TV" provider="Bulsatcom" sid="1012" onid="1" tsid="1" />
  </bouquet>
  <bouquet name="UHD/4K" category="tv">
    <channel service_ref="1:0:1:0012:0002:0001:0186313e:0:0:0:" name="24Kitchen" service_name="24Kitchen" provider="Bulsatcom" sid="18" onid="1" tsid="2" />
  </bouquet>
  <bouquet name="Others" category="tv">
    <channel service_ref="1:0:1:00d2:000f:001c:01860000:0:0:0:" name="" service_name="" provider="Dolce TV" sid="210" onid="28" tsid="15" />
    <channel service_ref="1:0:1:005c:0011:001c:01860000:0:0:0:" name="Acasa TV Gold" service_name="Acasa TV Gold" provider="Dolce TV" sid="92" onid="28" tsid="17" />
    <channel service_ref="1:0:1:00a7:000e:001c:01860000:0:0:0:" name="Acasá TV" service_name="Acasá TV" provider="Dolce TV" sid="167" onid="28" tsid="14" />
    <channel service_ref="1:0:25:000f:0005:0001:01863167:0:0:0:" name="Action Plus HD" service_name="Action Plus HD" provider="Bulsatcom" sid="15" onid="1" tsid="5" />
    <channel service_ref="1:0:1:00ba:0011:001c:01860000:0:0:0:" name="Agro TV" service_name="Agro TV" provider="Dolce TV" sid="186" onid="28" tsid="17" />
    <channel service_ref="1:0:1:006e:0004:0001:01863115:0:0:0:" name="Alfa TV Bulgaria" service_name="Alfa TV Bulgaria" provider="Bulsatcom" sid="110" onid="1" tsid="4" />
    <channel service_ref="1:0:25:01e8:000b:0001:0186ab7f:0:0:0:" name="AMC Eastern Europe" service_name="AMC Eastern Europe" provider="Bulsatcom" sid="488" onid="1" tsid="11" />
    <channel service_ref="1:0:1:005c:000d:001c:01860000:0:0:0:" name="AMS" service_name="AMS" provider="Dolce TV" sid="92" onid="28" tsid="13" />
    <channel service_ref="1:0:25:01d8:000b:0001:0186ab7f:0:0:0:" name="AXN Adria" service_name="AXN Adria" provider="Bulsatcom" sid="472" onid="1" tsid="11" />
    <channel service_ref="1:0:1:00a2:0010:001c:01860000:0:0:0:" name="AXN Black" service_name="AXN Black" provider="Dolce TV" sid="162" onid="28" tsid="16" />
    <channel service_ref="1:0:1:000a:0003:0001:01863190:0:0:0:" name="AXN Bulgaria" service_name="AXN Bulgaria" provider="Bulsatcom" sid="10" onid="1" tsid="3" />
    <channel service_ref="1:0:25:00c3:0003:001c:01860000:0:0:0:" name="AXN HD" service_name="AXN HD" provider="Dolce TV" sid="195" onid="28" tsid="3" />
    <channel service_ref="1:0:1:002d:000e:001c:01860000:0:0:0:" name="AXN Romania" service_name="AXN Romania" provider="Dolce TV" sid="45" onid="28" tsid="14" />
    <channel service_ref="1:0:1:007b:0012:001c:01860000:0:0:0:" name="AXN Spin Romania" service_name="AXN Spin Romania" provider="Dolce TV" sid="123" onid="28" tsid="18" />
    <channel service_ref="1:0:1:00a1:0010:001c:01860000:0:0:0:" name="AXN White" service_name="AXN White" provider="Dolce TV" sid="161" onid="28" tsid="16" />
    <channel service_ref="1:0:25:01d6:000b:0001:0186ab7f:0:0:0:" name="B92" service_name="B92" provider="Bulsatcom" sid="470" onid="1" tsid="11" />
    <channel service_ref="1:0:1:00db:0010:001c:01860000:0:0:0:" name="Baby TV" service_name="Baby TV" provider="Dolce TV" sid="219" onid="28" tsid="16" />
    <channel service_ref="1:0:1:007b:0004:0001:01863115:0:0:0:" name="Balkanika" service_name="Balkanika" provider="Bulsatcom" sid="123" onid="1" tsid="4" />
    <channel service_ref="1:0:25:01de:000b:0001:0186ab7f:0:0:0:" name="Belle Amie" service_name="Belle Amie" provider="POLARIS" sid="478" onid="1" tsid="11" />
    <channel service_ref="1:0:1:03eb:0001:0001:018630ec:0:0:0:" name="BNT 1" service_name="BNT 1" provider="Bulsatcom" sid="1003" onid="1" tsid="1" />
    <channel service_ref="1:0:1:0006:0003:0001:01863190:0:0:0:" name="BNT 2" service_name="BNT 2" provider="Bulsatcom" sid="6" onid="1" tsid="3" />
    <channel service_ref="1:0:1:03f0:0001:0001:018630ec:0:0:0:" name="BNT HD" service_name="BNT HD" provider="Bulsatcom" sid="1008" onid="1" tsid="1" />
    <channel service_ref="1:0:1:014b:0001:001c:01860000:0:0:0:" name="Bollywood TV" service_name="Bollywood TV" provider="Dolce TV" sid="331" onid="28" tsid="1" />
    <channel service_ref="1:0:1:013b:0003:0001:01863190:0:0:0:" name="bTV Action" service_name="bTV Action" provider="Bulsatcom" sid="315" onid="1" tsid="3" />
    <channel service_ref="1:0:1:03ef:0001:0001:018630ec:0:0:0:" name="BTV Bulgaria" service_name="BTV Bulgaria" provider="Bulsatcom" sid="1007" onid="1" tsid="1" />
    <channel service_ref="1:0:1:0059:0003:0001:01863190:0:0:0:" name="bTV Comedy" service_name="bTV Comedy" provider="Bulsatcom" sid="89" onid="1" tsid="3" />
    <channel service_ref="1:0:25:00cf:0005:0001:01863167:0:0:0:" name="BTV HD Bulgaria" service_name="BTV HD Bulgaria" provider="Bulsatcom" sid="207" onid="1" tsid="5" />
    <channel service_ref="1:0:1:007d:0004:0001:01863115:0:0:0:" name="bTV Lady" service_name="bTV Lady" provider="Bulsatcom" sid="125" onid="1" tsid="4" />
    <channel service_ref="1:0:1:006a:000e:001c:01860000:0:0:0:" name="Bucuresti 1 TV" service_name="Bucuresti 1 TV" provider="Dolce TV" sid="106" onid="28" tsid="14" />
    <channel service_ref="1:0:25:01e7:000b:0001:0186ab7f:0:0:0:" name="Bulgaria 24" service_name="Bulgaria 24" provider="Bulsatcom" sid="487" onid="1" tsid="11" />
    <channel service_ref="1:0:1:001d:0002:0001:0186313e:0:0:0:" name="Bulgaria On Air" service_name="Bulgaria On Air" provider="Bulsatcom" sid="29" onid="1" tsid="2" />
    <channel service_ref="1:0:1:0052:0003:0001:01863190:0:0:0:" name="Bulgarian International TV" service_name="Bulgarian International TV" provider="Bulsatcom" sid="82" onid="1" tsid="3" />
    <channel service_ref="1:0:25:01f0:000b:0001:0186ab7f:0:0:0:" name="City TV" service_name="City TV" provider="Bulsatcom" sid="496" onid="1" tsid="11" />
    <channel service_ref="1:0:1:008b:0011:001c:01860000:0:0:0:" name="CNN International Europe" service_name="CNN International Europe" provider="Dolce TV" sid="139" onid="28" tsid="17" />
    <channel service_ref="1:0:1:008f:0012:001c:01860000:0:0:0:" name="Comedy Central Bulgaria &amp; Romania" service_name="Comedy Central Bulgaria &amp; Romania" provider="Dolce TV" sid="143" onid="28" tsid="18" />
    <channel service_ref="1:0:25:01e9:000b:0001:0186ab7f:0:0:0:" name="Comedy Central Bulgaria &amp; Romania" service_name="Comedy Central Bulgaria &amp; Romania" provider="Bulsatcom" sid="489" onid="1" tsid="11" />
    <channel service_ref="1:0:25:00d1:0005:0001:01863167:0:0:0:" name="Comedy Plus" service_name="Comedy Plus" provider="Bulsatcom" sid="209" onid="1" tsid="5" />
    <channel service_ref="1:0:1:012e:0001:001c:01860000:0:0:0:" name="Cool TV" service_name="Cool TV" provider="Dolce TV" sid="302" onid="28" tsid="1" />
    <channel service_ref="1:0:1:010b:000f:001c:01860000:0:0:0:" name="Crime &amp; Investigation Network" service_name="Crime &amp; Investigation Network" provider="Dolce TV" sid="267" onid="28" tsid="15" />
    <channel service_ref="1:0:1:004e:0012:001c:01860000:0:0:0:" name="Da Vinci Learning" service_name="Da Vinci Learning" provider="Dolce TV" sid="78" onid="28" tsid="18" />
    <channel service_ref="1:0:1:000e:0002:0001:0186313e:0:0:0:" name="Destination BG" service_name="Destination BG" provider="Bulsatcom" sid="14" onid="1" tsid="2" />
    <channel service_ref="1:0:1:046a:0001:0001:018630ec:0:0:0:" name="Diema" service_name="Diema" provider="Bulsatcom" sid="1130" onid="1" tsid="1" />
    <channel service_ref="1:0:1:0001:0003:0001:01863190:0:0:0:" name="Diema Family" service_name="Diema Family" provider="Bulsatcom" sid="1" onid="1" tsid="3" />
    <channel service_ref="1:0:1:03f8:0001:0001:018630ec:0:0:0:" name="Discovery Channel Bulgaria" service_name="Discovery Channel Bulgaria" provider="Bulsatcom" sid="1016" onid="1" tsid="1" />
    <channel service_ref="1:0:1:0032:000d:001c:01860000:0:0:0:" name="Discovery Channel Romania" service_name="Discovery Channel Romania" provider="Dolce TV" sid="50" onid="28" tsid="13" />
    <channel service_ref="1:0:25:01d9:000b:0001:0186ab7f:0:0:0:" name="Discovery Channel Serbia" service_name="Discovery Channel Serbia" provider="Bulsatcom" sid="473" onid="1" tsid="11" />
    <channel service_ref="1:0:25:016a:0002:001c:01860000:0:0:0:" name="Discovery HD Showcase" service_name="Discovery HD Showcase" provider="Dolce TV" sid="362" onid="28" tsid="2" />
    <channel service_ref="1:0:1:0035:0010:001c:01860000:0:0:0:" name="Discovery Science" service_name="Discovery Science" provider="Dolce TV" sid="53" onid="28" tsid="16" />
    <channel service_ref="1:0:1:008d:000d:001c:01860000:0:0:0:" name="Diva Universal Romania" service_name="Diva Universal Romania" provider="Dolce TV" sid="141" onid="28" tsid="13" />
    <channel service_ref="1:0:1:0054:000e:001c:01860000:0:0:0:" name="Dolce Info" service_name="Dolce Info" provider="Dolce TV" sid="84" onid="28" tsid="14" />
    <channel service_ref="1:0:1:008d:000e:001c:01860000:0:0:0:" name="Dolce Info" service_name="Dolce Info" provider="Dolce TV" sid="141" onid="28" tsid="14" />
    <channel service_ref="1:0:1:011c:000e:001c:01860000:0:0:0:" name="Dolce Info" service_name="Dolce Info" provider="Dolce TV" sid="284" onid="28" tsid="14" />
    <channel service_ref="1:0:1:0051:0012:001c:01860000:0:0:0:" name="Dolce Mooz RO" service_name="Dolce Mooz RO" provider="Dolce TV" sid="81" onid="28" tsid="18" />
    <channel service_ref="1:0:1:007a:0001:001c:01860000:0:0:0:" name="DoQ TV" service_name="DoQ TV" provider="Dolce TV" sid="122" onid="28" tsid="1" />
    <channel service_ref="1:0:1:0034:0010:001c:01860000:0:0:0:" name="DTX" service_name="DTX" provider="Dolce TV" sid="52" onid="28" tsid="16" />
    <channel service_ref="1:0:1:006f:0001:001c:01860000:0:0:0:" name="Duna TV" service_name="Duna TV" provider="Dolce TV" sid="111" onid="28" tsid="1" />
    <channel service_ref="1:0:1:010a:000f:001c:01860000:0:0:0:" name="E! Entertainment TV" service_name="E! Entertainment TV" provider="Dolce TV" sid="266" onid="28" tsid="15" />
    <channel service_ref="1:0:1:00d3:0011:001c:01860000:0:0:0:" name="Etno TV" service_name="Etno TV" provider="Dolce TV" sid="211" onid="28" tsid="17" />
    <channel service_ref="1:0:25:01e6:000b:0001:0186ab7f:0:0:0:" name="Evrokom" service_name="Evrokom" provider="Bulsatcom" sid="486" onid="1" tsid="11" />
    <channel service_ref="1:0:1:004f:0004:0001:01863115:0:0:0:" name="Fan TV" service_name="Fan TV" provider="Bulsatcom" sid="79" onid="1" tsid="4" />
    <channel service_ref="1:0:1:00a4:000f:001c:01860000:0:0:0:" name="Fashion TV" service_name="Fashion TV" provider="Dolce TV" sid="164" onid="28" tsid="15" />
    <channel service_ref="1:0:25:00be:0003:001c:01860000:0:0:0:" name="Fashion TV" service_name="Fashion TV" provider="Dolce TV" sid="190" onid="28" tsid="3" />
    <channel service_ref="1:0:1:006c:000e:001c:01860000:0:0:0:" name="Favorit TV" service_name="Favorit TV" provider="Dolce TV" sid="108" onid="28" tsid="14" />
    <channel service_ref="1:0:1:001c:0002:0001:0186313e:0:0:0:" name="Fine Living Network" service_name="Fine Living Network" provider="Bulsatcom" sid="28" onid="1" tsid="2" />
    <channel service_ref="1:0:1:007b:000d:001c:01860000:0:0:0:" name="Fine Living Network" service_name="Fine Living Network" provider="Dolce TV" sid="123" onid="28" tsid="13" />
    <channel service_ref="1:0:1:013f:000f:001c:01860000:0:0:0:" name="Fishing &amp; Hunting" service_name="Fishing &amp; Hunting" provider="Dolce TV" sid="319" onid="28" tsid="15" />
    <channel service_ref="1:0:1:004d:0004:0001:01863115:0:0:0:" name="Folklor TV" service_name="Folklor TV" provider="Bulsatcom" sid="77" onid="1" tsid="4" />
    <channel service_ref="1:0:1:00fb:000f:001c:01860000:0:0:0:" name="Food Network" service_name="Food Network" provider="Dolce TV" sid="251" onid="28" tsid="15" />
    <channel service_ref="1:0:1:004c:0004:0001:01863115:0:0:0:" name="Fox Bulgaria" service_name="Fox Bulgaria" provider="Bulsatcom" sid="76" onid="1" tsid="4" />
    <channel service_ref="1:0:1:001e:0003:0001:01863190:0:0:0:" name="Fox Crime Bulgaria" service_name="Fox Crime Bulgaria" provider="Bulsatcom" sid="30" onid="1" tsid="3" />
    <channel service_ref="1:0:1:001c:0003:0001:01863190:0:0:0:" name="Fox Life Bulgaria" service_name="Fox Life Bulgaria" provider="Bulsatcom" sid="28" onid="1" tsid="3" />
    <channel service_ref="1:0:1:00dc:000d:001c:01860000:0:0:0:" name="Ginx" service_name="Ginx" provider="Dolce TV" sid="220" onid="28" tsid="13" />
    <channel service_ref="1:0:1:002c:000d:001c:01860000:0:0:0:" name="Happy Channel Romania" service_name="Happy Channel Romania" provider="Dolce TV" sid="44" onid="28" tsid="13" />
    <channel service_ref="1:0:1:00c2:0010:001c:01860000:0:0:0:" name="HBO 2 Central Europe" service_name="HBO 2 Central Europe" provider="Dolce TV" sid="194" onid="28" tsid="16" />
    <channel service_ref="1:0:25:008b:0002:001c:01860000:0:0:0:" name="HBO HD" service_name="HBO HD" provider="Dolce TV" sid="139" onid="28" tsid="2" />
    <channel service_ref="1:0:25:004c:0002:001c:01860000:0:0:0:" name="HBO HD Romania" service_name="HBO HD Romania" provider="Dolce TV" sid="76" onid="28" tsid="2" />
    <channel service_ref="1:0:1:009b:0012:001c:01860000:0:0:0:" name="HBO Romania" service_name="HBO Romania" provider="Dolce TV" sid="155" onid="28" tsid="18" />
    <channel service_ref="1:0:1:000f:0002:0001:0186313e:0:0:0:" name="Hobby lov" service_name="Hobby lov" provider="Bulsatcom" sid="15" onid="1" tsid="2" />
    <channel service_ref="1:0:1:03f6:0001:0001:018630ec:0:0:0:" name="Hobby TV" service_name="Hobby TV" provider="Bulsatcom" sid="1014" onid="1" tsid="1" />
    <channel service_ref="1:0:25:00cb:0005:0001:01863167:0:0:0:" name="Hobby TV HD" service_name="Hobby TV HD" provider="Bulsatcom" sid="203" onid="1" tsid="5" />
    <channel service_ref="1:0:25:00c2:0003:001c:01860000:0:0:0:" name="iConcert" service_name="iConcert" provider="Dolce TV" sid="194" onid="28" tsid="3" />
    <channel service_ref="1:0:1:007a:0004:0001:01863115:0:0:0:" name="ID Xtra" service_name="ID Xtra" provider="Bulsatcom" sid="122" onid="1" tsid="4" />
    <channel service_ref="1:0:1:003b:0001:001c:01860000:0:0:0:" name="Inedit TV" service_name="Inedit TV" provider="Dolce TV" sid="59" onid="28" tsid="1" />
    <channel service_ref="1:0:1:013e:0012:001c:01860000:0:0:0:" name="Investigation Discovery Xtra" service_name="Investigation Discovery Xtra" provider="Dolce TV" sid="318" onid="28" tsid="18" />
    <channel service_ref="1:0:1:00be:000d:001c:01860000:0:0:0:" name="Kanal D Romania" service_name="Kanal D Romania" provider="Dolce TV" sid="190" onid="28" tsid="13" />
    <channel service_ref="1:0:1:007c:0010:001c:01860000:0:0:0:" name="Kiss TV" service_name="Kiss TV" provider="Dolce TV" sid="124" onid="28" tsid="16" />
    <channel service_ref="1:0:1:002e:000d:001c:01860000:0:0:0:" name="Look Plus" service_name="Look Plus" provider="Dolce TV" sid="46" onid="28" tsid="13" />
    <channel service_ref="1:0:1:010f:0001:001c:01860000:0:0:0:" name="M1 - Magyar TV" service_name="M1 - Magyar TV" provider="Dolce TV" sid="271" onid="28" tsid="1" />
    <channel service_ref="1:0:25:01f2:000b:0001:0186ab7f:0:0:0:" name="Magic TV (Bulgaria)" service_name="Magic TV (Bulgaria)" provider="Bulsatcom" sid="498" onid="1" tsid="11" />
    <channel service_ref="1:0:1:006e:0001:001c:01860000:0:0:0:" name="Magyar TV 2" service_name="Magyar TV 2" provider="Dolce TV" sid="110" onid="28" tsid="1" />
    <channel service_ref="1:0:25:01df:000b:0001:0186ab7f:0:0:0:" name="MiniMax Romania" service_name="MiniMax Romania" provider="Bulsatcom" sid="479" onid="1" tsid="11" />
    <channel service_ref="1:0:1:005f:0001:001c:01860000:0:0:0:" name="Mooz Dance" service_name="Mooz Dance" provider="Dolce TV" sid="95" onid="28" tsid="1" />
    <channel service_ref="1:0:1:005e:0001:001c:01860000:0:0:0:" name="Mooz Hits" service_name="Mooz Hits" provider="Dolce TV" sid="94" onid="28" tsid="1" />
    <channel service_ref="1:0:1:0058:0012:001c:01860000:0:0:0:" name="Mooz Ro" service_name="Mooz Ro" provider="Dolce TV" sid="88" onid="28" tsid="18" />
    <channel service_ref="1:0:1:008e:0001:001c:01860000:0:0:0:" name="N 24 Plus" service_name="N 24 Plus" provider="Dolce TV" sid="142" onid="28" tsid="1" />
    <channel service_ref="1:0:1:005a:0011:001c:01860000:0:0:0:" name="Nasul TV" service_name="Nasul TV" provider="Dolce TV" sid="90" onid="28" tsid="17" />
    <channel service_ref="1:0:1:006f:000e:001c:01860000:0:0:0:" name="National TV" service_name="National TV" provider="Dolce TV" sid="111" onid="28" tsid="14" />
    <channel service_ref="1:0:1:016f:000f:001c:01860000:0:0:0:" name="Nick Jr Hungary" service_name="Nick Jr Hungary" provider="Dolce TV" sid="367" onid="28" tsid="15" />
    <channel service_ref="1:0:25:01e1:000b:0001:0186ab7f:0:0:0:" name="OBN" service_name="OBN" provider="POLARIS" sid="481" onid="1" tsid="11" />
    <channel service_ref="1:0:1:016d:0012:001c:01860000:0:0:0:" name="Paramount Channel Hungary &amp; Romania" service_name="Paramount Channel Hungary &amp; Romania" provider="Dolce TV" sid="365" onid="28" tsid="18" />
    <channel service_ref="1:0:1:002c:0002:0001:0186313e:0:0:0:" name="Penthouse" service_name="Penthouse" provider="Bulsatcom" sid="44" onid="1" tsid="2" />
    <channel service_ref="1:0:1:0011:0002:0001:0186313e:0:0:0:" name="Perviy Kanal" service_name="Perviy Kanal" provider="Bulsatcom" sid="17" onid="1" tsid="2" />
    <channel service_ref="1:0:1:002f:000e:001c:01860000:0:0:0:" name="Prima TV" service_name="Prima TV" provider="Dolce TV" sid="47" onid="28" tsid="14" />
    <channel service_ref="1:0:1:00a8:000e:001c:01860000:0:0:0:" name="Pro TV" service_name="Pro TV" provider="Dolce TV" sid="168" onid="28" tsid="14" />
    <channel service_ref="1:0:25:0049:0002:001c:01860000:0:0:0:" name="Pro TV HD" service_name="Pro TV HD" provider="Dolce TV" sid="73" onid="28" tsid="2" />
    <channel service_ref="1:0:1:004d:000e:001c:01860000:0:0:0:" name="Realitatea TV" service_name="Realitatea TV" provider="Dolce TV" sid="77" onid="28" tsid="14" />
    <channel service_ref="1:0:1:0001:0001:0001:0186ab46:0:0:0:" name="RIK Sat" service_name="RIK Sat" provider="Cybc" sid="1" onid="1" tsid="1" />
    <channel service_ref="1:0:1:014b:0003:0001:01863190:0:0:0:" name="Ring BG" service_name="Ring BG" provider="Bulsatcom" sid="331" onid="1" tsid="3" />
    <channel service_ref="1:0:25:01cd:000b:0001:0186ab7f:0:0:0:" name="RTS 1 Serbia" service_name="RTS 1 Serbia" provider="Bulsatcom" sid="461" onid="1" tsid="11" />
    <channel service_ref="1:0:25:01ce:000b:0001:0186ab7f:0:0:0:" name="RTS 2" service_name="RTS 2" provider="Bulsatcom" sid="462" onid="1" tsid="11" />
    <channel service_ref="1:0:1:008c:0011:001c:01860000:0:0:0:" name="RTV (Romania)" service_name="RTV (Romania)" provider="Dolce TV" sid="140" onid="28" tsid="17" />
    <channel service_ref="1:0:25:01dc:000b:0001:0186ab7f:0:0:0:" name="RTV 1 (Vojvodina)" service_name="RTV 1 (Vojvodina)" provider="Bulsatcom" sid="476" onid="1" tsid="11" />
    <channel service_ref="1:0:25:01d5:000b:0001:0186ab7f:0:0:0:" name="RTV Novi Pazar" service_name="RTV Novi Pazar" provider="Bulsatcom" sid="469" onid="1" tsid="11" />
    <channel service_ref="1:0:1:004a:0010:001c:01860000:0:0:0:" name="Shorts Romania" service_name="Shorts Romania" provider="Dolce TV" sid="74" onid="28" tsid="16" />
    <channel service_ref="1:0:1:000b:0003:0001:01863190:0:0:0:" name="Skat TV" service_name="Skat TV" provider="Bulsatcom" sid="11" onid="1" tsid="3" />
    <channel service_ref="1:0:25:01e3:000b:0001:0186ab7f:0:0:0:" name="SOS Kanal" service_name="SOS Kanal" provider="POLARIS" sid="483" onid="1" tsid="11" />
    <channel service_ref="1:0:25:00c0:0003:001c:01860000:0:0:0:" name="Sundance Channel HD" service_name="Sundance Channel HD" provider="Dolce TV" sid="192" onid="28" tsid="3" />
    <channel service_ref="1:0:1:0053:0010:001c:01860000:0:0:0:" name="Super 1" service_name="Super 1" provider="Dolce TV" sid="83" onid="28" tsid="16" />
    <channel service_ref="1:0:1:007e:0004:0001:01863115:0:0:0:" name="Superone" service_name="Superone" provider="Bulsatcom" sid="126" onid="1" tsid="4" />
    <channel service_ref="1:0:1:00d4:0011:001c:01860000:0:0:0:" name="Taraf TV" service_name="Taraf TV" provider="Dolce TV" sid="212" onid="28" tsid="17" />
    <channel service_ref="1:0:25:0001:0001:ffff:0186ab4b:0:0:0:" name="The Media Office" service_name="The Media Office" provider="" sid="1" onid="65535" tsid="1" />
    <channel service_ref="1:0:1:03f7:0001:0001:018630ec:0:0:0:" name="The Voice Bulgaria" service_name="The Voice Bulgaria" provider="Bulsatcom" sid="1015" onid="1" tsid="1" />
    <channel service_ref="1:0:1:002f:0002:0001:0186313e:0:0:0:" name="Tiankov TV" service_name="Tiankov TV" provider="Bulsatcom" sid="47" onid="1" tsid="2" />
    <channel service_ref="1:0:1:013a:0003:0001:01863190:0:0:0:" name="TLC Bulgaria" service_name="TLC Bulgaria" provider="Bulsatcom" sid="314" onid="1" tsid="3" />
    <channel service_ref="1:0:1:0036:000f:001c:01860000:0:0:0:" name="TLC Europe" service_name="TLC Europe" provider="Dolce TV" sid="54" onid="28" tsid="15" />
    <channel service_ref="1:0:1:00df:0010:001c:01860000:0:0:0:" name="TNT Bulgaria &amp; Romania" service_name="TNT Bulgaria &amp; Romania" provider="Dolce TV" sid="223" onid="28" tsid="16" />
    <channel service_ref="1:0:1:00f0:000e:001c:01860000:0:0:0:" name="Transilvania Look" service_name="Transilvania Look" provider="Dolce TV" sid="240" onid="28" tsid="14" />
    <channel service_ref="1:0:1:00aa:0010:001c:01860000:0:0:0:" name="Travel Channel" service_name="Travel Channel" provider="Dolce TV" sid="170" onid="28" tsid="16" />
    <channel service_ref="1:0:1:00e2:0011:001c:01860000:0:0:0:" name="Trinitas TV" service_name="Trinitas TV" provider="Dolce TV" sid="226" onid="28" tsid="17" />
    <channel service_ref="1:0:1:012d:0012:001c:01860000:0:0:0:" name="TV 1000 Balkan" service_name="TV 1000 Balkan" provider="Bulsatcom" sid="301" onid="28" tsid="18" />
    <channel service_ref="1:0:1:000c:0003:0001:01863190:0:0:0:" name="TV 7 Bulgaria" service_name="TV 7 Bulgaria" provider="Bulsatcom" sid="12" onid="1" tsid="3" />
    <channel service_ref="1:0:1:001f:0002:0001:0186313e:0:0:0:" name="TV Evropa" service_name="TV Evropa" provider="Bulsatcom" sid="31" onid="1" tsid="2" />
    <channel service_ref="1:0:25:01da:000b:0001:0186ab7f:0:0:0:" name="TV Kopernikus" service_name="TV Kopernikus" provider="POLARIS" sid="474" onid="1" tsid="11" />
    <channel service_ref="1:0:1:00e5:000d:001c:01860000:0:0:0:" name="TV Neptun" service_name="TV Neptun" provider="Dolce TV" sid="229" onid="28" tsid="13" />
    <channel service_ref="1:0:1:00f1:000f:001c:01860000:0:0:0:" name="TV Paprika" service_name="TV Paprika" provider="Dolce TV" sid="241" onid="28" tsid="15" />
    <channel service_ref="1:0:1:03f2:0001:0001:018630ec:0:0:0:" name="TV Plus" service_name="TV Plus" provider="Bulsatcom" sid="1010" onid="1" tsid="1" />
    <channel service_ref="1:0:1:007f:000e:001c:01860000:0:0:0:" name="TVH 2.0" service_name="TVH 2.0" provider="Dolce TV" sid="127" onid="28" tsid="14" />
    <channel service_ref="1:0:1:007d:000d:001c:01860000:0:0:0:" name="TVR 1" service_name="TVR 1" provider="Dolce TV" sid="125" onid="28" tsid="13" />
    <channel service_ref="1:0:1:007e:000d:001c:01860000:0:0:0:" name="TVR 2" service_name="TVR 2" provider="Dolce TV" sid="126" onid="28" tsid="13" />
    <channel service_ref="1:0:25:0048:0002:001c:01860000:0:0:0:" name="TVR HD" service_name="TVR HD" provider="Dolce TV" sid="72" onid="28" tsid="2" />
    <channel service_ref="1:0:25:0059:0002:001c:01860000:0:0:0:" name="TVR HD" service_name="TVR HD" provider="Dolce TV" sid="89" onid="28" tsid="2" />
    <channel service_ref="1:0:1:004e:000f:001c:01860000:0:0:0:" name="VH-1 (Video Hits One)" service_name="VH-1 (Video Hits One)" provider="Dolce TV" sid="78" onid="28" tsid="15" />
    <channel service_ref="1:0:1:00a7:0010:001c:01860000:0:0:0:" name="VH-1 Classic" service_name="VH-1 Classic" provider="Dolce TV" sid="167" onid="28" tsid="16" />
    <channel service_ref="1:0:1:00f3:000f:001c:01860000:0:0:0:" name="Viasat Explore" service_name="Viasat Explore" provider="Dolce TV" sid="243" onid="28" tsid="15" />
    <channel service_ref="1:0:1:0052:0012:001c:01860000:0:0:0:" name="Viasat Nature CEE" service_name="Viasat Nature CEE" provider="Bulsatcom" sid="82" onid="28" tsid="18" />
    <channel service_ref="1:0:25:004b:0002:001c:01860000:0:0:0:" name="Viasat Nature HD" service_name="Viasat Nature HD" provider="Dolce TV" sid="75" onid="28" tsid="2" />
    <channel service_ref="1:0:1:011e:000d:001c:01860000:0:0:0:" name="Zu TV" service_name="Zu TV" provider="Dolce TV" sid="286" onid="28" tsid="13" />
  </bouquet>
  <bouquet name="PayTV - Sky - DE - HD" category="tv">
    <channel service_ref="1:0:1:010a:000f:001c:01860000:0:0:0:" name="E! Entertainment TV" service_name="E! Entertainment TV" provider="Dolce TV" sid="266" onid="28" tsid="15" />
  </bouquet>
</zapit>
