<?xml version='1.0' encoding='utf-8'?>
<zapit api="4">
  <satellites>
    <satellite key="0d930000:000a:347d" name="Sat-12.5W" namespace="0x0d930000" position="-12.5">
      <transponder key="0d930000:000a:347d" frequency="11391000" symbol_rate="27500000" polarization="V" fec="3" system="0" modulation="0">
        <service id="0x000b" sid="11" name="KTO" type="1" provider="GLOBECAST" onid="13437" tsid="10" namespace="0x0d930000" />
      </transponder>
    </satellite>
    <satellite key="0d930000:0200:001d" name="Sat-12.5W" namespace="0x0d930000" position="-12.5">
      <transponder key="0d930000:0200:001d" frequency="12718000" symbol_rate="36512000" polarization="H" fec="4" system="0" modulation="0">
        <service id="0x005c" sid="92" name="Frisbee" type="25" provider="Persidera" onid="29" tsid="512" namespace="0x0d930000" />
        <service id="0x003d" sid="61" name="K2 (Italy)" type="25" provider="Persidera" onid="29" tsid="512" namespace="0x0d930000" />
        <service id="0x008c" sid="140" name="LA7 Provvisorio" type="25" provider="Persidera" onid="29" tsid="512" namespace="0x0d930000" />
        <service id="0x006d" sid="109" name="LA7 Provvisorio -Premi tasto i" type="25" provider="Persidera" onid="29" tsid="512" namespace="0x0d930000" />
        <service id="0x026a" sid="618" name="LA7D Provvisorio" type="25" provider="Persidera" onid="29" tsid="512" namespace="0x0d930000" />
        <service id="0x010d" sid="269" name="LA7d Provvisorio -Premi tasto i" type="25" provider="Persidera" onid="29" tsid="512" namespace="0x0d930000" />
        <service id="0x001c" sid="28" name="Super Tennis" type="25" provider="Persidera" onid="29" tsid="512" namespace="0x0d930000" />
        <service id="0x010a" sid="266" name="TV8" type="25" provider="Persidera" onid="29" tsid="512" namespace="0x0d930000" />
        <service id="0x010b" sid="267" name="TV8" type="25" provider="Persidera" onid="29" tsid="512" namespace="0x0d930000" />
        <service id="0x003c" sid="60" name="TV8 (Italy)" type="25" provider="Persidera" onid="29" tsid="512" namespace="0x0d930000" />
        <service id="0x004e" sid="78" name="VH-1 Italy" type="25" provider="Persidera" onid="29" tsid="512" namespace="0x0d930000" />
        <service id="0x004f" sid="79" name="VH1" type="25" provider="Persidera" onid="29" tsid="512" namespace="0x0d930000" />
      </transponder>
    </satellite>
    <satellite key="0d930000:0202:001d" name="Sat-12.5W" namespace="0x0d930000" position="-12.5">
      <transponder key="0d930000:0202:001d" frequency="12718000" symbol_rate="36512000" polarization="H" fec="4" system="0" modulation="0">
        <service id="0x004b" sid="75" name="Alice Cucina" type="25" provider="Persidera" onid="29" tsid="514" namespace="0x0d930000" />
        <service id="0x006f" sid="111" name="Italia Channel" type="25" provider="Persidera" onid="29" tsid="514" namespace="0x0d930000" />
        <service id="0x0020" sid="32" name="Marco Polo" type="25" provider="Persidera" onid="29" tsid="514" namespace="0x0d930000" />
        <service id="0x0025" sid="37" name="MARCOPOLO DIARI" type="25" provider="Persidera" onid="29" tsid="514" namespace="0x0d930000" />
        <service id="0x006e" sid="110" name="MEDIATEXT.IT" type="25" provider="Persidera" onid="29" tsid="514" namespace="0x0d930000" />
        <service id="0x000f" sid="15" name="Nove HD" type="25" provider="Persidera" onid="29" tsid="514" namespace="0x0d930000" />
        <service id="0x005f" sid="95" name="Orler TV" type="25" provider="Persidera" onid="29" tsid="514" namespace="0x0d930000" />
        <service id="0x002e" sid="46" name="PIANETA TV" type="25" provider="Persidera" onid="29" tsid="514" namespace="0x0d930000" />
        <service id="0x0028" sid="40" name="Servizio TEST" type="25" provider="Persidera" onid="29" tsid="514" namespace="0x0d930000" />
        <service id="0x0014" sid="20" name="Split TV" type="25" provider="Persidera" onid="29" tsid="514" namespace="0x0d930000" />
        <service id="0x001c" sid="28" name="Super Tennis" type="25" provider="Persidera" onid="29" tsid="514" namespace="0x0d930000" />
      </transponder>
    </satellite>
    <satellite key="0d930000:0204:001d" name="Sat-12.5W" namespace="0x0d930000" position="-12.5">
      <transponder key="0d930000:0204:001d" frequency="12718000" symbol_rate="36512000" polarization="H" fec="4" system="0" modulation="0">
        <service id="0x002c" sid="44" name="Discovery Real Time Italia" type="25" provider="Persidera" onid="29" tsid="516" namespace="0x0d930000" />
        <service id="0x0014" sid="20" name="DMAX Italia" type="25" provider="Persidera" onid="29" tsid="516" namespace="0x0d930000" />
        <service id="0x000a" sid="10" name="HSE 24 Italia" type="25" provider="Persidera" onid="29" tsid="516" namespace="0x0d930000" />
        <service id="0x00da" sid="218" name="Radio Freccia" type="25" provider="Persidera" onid="29" tsid="516" namespace="0x0d930000" />
        <service id="0x00dc" sid="220" name="RADIOFRECCIA HD" type="25" provider="Persidera" onid="29" tsid="516" namespace="0x0d930000" />
        <service id="0x000f" sid="15" name="RTL 102.5" type="25" provider="Persidera" onid="29" tsid="516" namespace="0x0d930000" />
        <service id="0x00db" sid="219" name="RTL 102.5 TV HD" type="25" provider="Persidera" onid="29" tsid="516" namespace="0x0d930000" />
        <service id="0x006a" sid="106" name="Super!" type="25" provider="Persidera" onid="29" tsid="516" namespace="0x0d930000" />
        <service id="0x00de" sid="222" name="Zeta Italiana" type="25" provider="Persidera" onid="29" tsid="516" namespace="0x0d930000" />
      </transponder>
    </satellite>
    <satellite key="0d930000:1fa4:013e" name="Sat-12.5W" namespace="0x0d930000" position="-12.5">
      <transponder key="0d930000:1fa4:013e" frequency="12595000" symbol_rate="1875000" polarization="H" fec="4" system="0" modulation="0">
        <service id="0x3a0c" sid="14860" name="Radionorba TV" type="25" provider="Telenorba" onid="318" tsid="8100" namespace="0x0d930000" />
        <service id="0x3a0b" sid="14859" name="TG Norba 24" type="25" provider="Telenorba" onid="318" tsid="8100" namespace="0x0d930000" />
      </transponder>
    </satellite>
    <satellite key="0d930000:7918:217c" name="Sat-12.5W" namespace="0x0d930000" position="-12.5">
      <transponder key="0d930000:7918:217c" frequency="12718000" symbol_rate="36512000" polarization="H" fec="4" system="0" modulation="0">
        <service id="0x0002" sid="2" name="Cielo" type="25" provider="Persidera" onid="8572" tsid="31000" namespace="0x0d930000" />
        <service id="0x000d" sid="13" name="Focus" type="25" provider="Persidera" onid="8572" tsid="31000" namespace="0x0d930000" />
        <service id="0x0001" sid="1" name="Nove" type="25" provider="Persidera" onid="8572" tsid="31000" namespace="0x0d930000" />
        <service id="0x000e" sid="14" name="NOVE" type="25" provider="Persidera" onid="8572" tsid="31000" namespace="0x0d930000" />
        <service id="0x0003" sid="3" name="Paramount Channel Italy" type="25" provider="Persidera" onid="8572" tsid="31000" namespace="0x0d930000" />
        <service id="0x0004" sid="4" name="Radio Italia TV" type="25" provider="Persidera" onid="8572" tsid="31000" namespace="0x0d930000" />
        <service id="0x0005" sid="5" name="Sky TG24" type="25" provider="Persidera" onid="8572" tsid="31000" namespace="0x0d930000" />
        <service id="0x00a1" sid="161" name="Winga TV" type="25" provider="Persidera" onid="8572" tsid="31000" namespace="0x0d930000" />
      </transponder>
    </satellite>
    <satellite key="0d930000:791a:217c" name="Sat-12.5W" namespace="0x0d930000" position="-12.5">
      <transponder key="0d930000:791a:217c" frequency="12638000" symbol_rate="13980000" polarization="H" fec="7" system="0" modulation="0">
        <service id="0x0013" sid="19" name="Air Italia" type="25" provider="Persidera" onid="8572" tsid="31002" namespace="0x0d930000" />
        <service id="0x001a" sid="26" name="Air Italia" type="25" provider="Persidera" onid="8572" tsid="31002" namespace="0x0d930000" />
        <service id="0x0007" sid="7" name="Canale 158" type="25" provider="Persidera" onid="8572" tsid="31002" namespace="0x0d930000" />
        <service id="0x0008" sid="8" name="Canale 162" type="25" provider="Persidera" onid="8572" tsid="31002" namespace="0x0d930000" />
        <service id="0x000b" sid="11" name="Channel 24" type="25" provider="Persidera" onid="8572" tsid="31002" namespace="0x0d930000" />
        <service id="0x005f" sid="95" name="Fire TV Italy" type="25" provider="Persidera" onid="8572" tsid="31002" namespace="0x0d930000" />
        <service id="0x000f" sid="15" name="Gold TV Italia" type="25" provider="Persidera" onid="8572" tsid="31002" namespace="0x0d930000" />
        <service id="0x0010" sid="16" name="Italia +" type="25" provider="Persidera" onid="8572" tsid="31002" namespace="0x0d930000" />
        <service id="0x001d" sid="29" name="La 3" type="25" provider="Persidera" onid="8572" tsid="31002" namespace="0x0d930000" />
        <service id="0x000e" sid="14" name="La 4 Italia" type="25" provider="Persidera" onid="8572" tsid="31002" namespace="0x0d930000" />
        <service id="0x0011" sid="17" name="Linea Italia" type="25" provider="Persidera" onid="8572" tsid="31002" namespace="0x0d930000" />
        <service id="0x003c" sid="60" name="Nuvolari" type="25" provider="Persidera" onid="8572" tsid="31002" namespace="0x0d930000" />
        <service id="0x001f" sid="31" name="Rete Italia" type="25" provider="Persidera" onid="8572" tsid="31002" namespace="0x0d930000" />
        <service id="0x001b" sid="27" name="Top Calcio" type="25" provider="Persidera" onid="8572" tsid="31002" namespace="0x0d930000" />
        <service id="0x001e" sid="30" name="Vero" type="25" provider="Persidera" onid="8572" tsid="31002" namespace="0x0d930000" />
      </transponder>
    </satellite>
    <satellite key="0d933121:0001:ffff" name="Sat-12.5W" namespace="0x0d933121" position="-12.5">
      <transponder key="0d933121:0001:ffff" frequency="12577000" symbol_rate="2222000" polarization="H" fec="4" system="0" modulation="0">
        <service id="0x0008" sid="8" name="Corallo Sat" type="25" provider="Globecast Italia" onid="65535" tsid="1" namespace="0x0d933121" />
      </transponder>
    </satellite>
    <satellite key="0d93ab00:0001:ffff" name="Sat-12.5W" namespace="0x0d93ab00" position="-12.5">
      <transponder key="0d93ab00:0001:ffff" frequency="11008000" symbol_rate="2141000" polarization="V" fec="3" system="0" modulation="0">
        <service id="0x0001" sid="1" name="RIT TV" type="1" provider="RIT" onid="65535" tsid="1" namespace="0x0d93ab00" />
      </transponder>
    </satellite>
    <satellite key="0d93b10c:ffff:ffff" name="Sat-12.5W" namespace="0x0d93b10c" position="-12.5">
      <transponder key="0d93b10c:ffff:ffff" frequency="12556000" symbol_rate="8210000" polarization="V" fec="2" system="0" modulation="0">
        <service id="0x0003" sid="3" name="Echorouk Benna" type="25" provider="" onid="65535" tsid="65535" namespace="0x0d93b10c" />
        <service id="0x0002" sid="2" name="Echorouk News HD" type="25" provider="none" onid="65535" tsid="65535" namespace="0x0d93b10c" />
        <service id="0x0001" sid="1" name="Echourouk TV HD" type="25" provider="none" onid="65535" tsid="65535" namespace="0x0d93b10c" />
      </transponder>
    </satellite>
  </satellites>
</zapit>
