<?xml version='1.0' encoding='utf-8'?>
<zapit api="4">
  <satellites>
    <satellite key="00300000:0002:0055" name="Sat-4.8E" namespace="0x00300000" position="4.8">
      <transponder key="00300000:0002:0055" frequency="12380000" symbol_rate="27500000" polarization="H" fec="3" system="0" modulation="0">
        <service id="0x050b" sid="1291" name="BELSAT TV HD" type="1" provider="SES ASTRA" onid="85" tsid="2" namespace="0x00300000" />
        <service id="0x00f0" sid="240" name="Echo" type="1" provider="SES" onid="85" tsid="2" namespace="0x00300000" />
        <service id="0x00fa" sid="250" name="SBN International" type="1" provider="SES" onid="85" tsid="2" namespace="0x00300000" />
        <service id="0x00d2" sid="210" name="TBN Ukraine" type="1" provider="" onid="85" tsid="2" namespace="0x00300000" />
        <service id="0x00dc" sid="220" name="TV Rain HD" type="1" provider="FFmpeg" onid="85" tsid="2" namespace="0x00300000" />
        <service id="0x00e6" sid="230" name="European Radio for Belarus" type="2" provider="SES ASTRA" onid="85" tsid="2" namespace="0x00300000" radio="1" />
        <service id="0x00ea" sid="234" name="Radio Marija Latvia" type="2" provider="SES ASTRA" onid="85" tsid="2" namespace="0x00300000" radio="1" />
      </transponder>
    </satellite>
    <satellite key="00300000:0004:0001" name="Sat-4.8E" namespace="0x00300000" position="4.8">
      <transponder key="00300000:0004:0001" frequency="12226000" symbol_rate="27500000" polarization="H" fec="2" system="0" modulation="0">
        <service id="0x004b" sid="75" name="BBC HD" type="1" provider="" onid="1" tsid="4" namespace="0x00300000" />
        <service id="0x006a" sid="106" name="BBC WORLD NEWS" type="1" provider="" onid="1" tsid="4" namespace="0x00300000" />
        <service id="0x002c" sid="44" name="CNBC HD" type="1" provider="MTNTV" onid="1" tsid="4" namespace="0x00300000" />
        <service id="0x007c" sid="124" name="FOOD" type="1" provider="MTNTV" onid="1" tsid="4" namespace="0x00300000" />
        <service id="0x002b" sid="43" name="FOX NEWS" type="1" provider="MTNTV" onid="1" tsid="4" namespace="0x00300000" />
        <service id="0x0035" sid="53" name="FRANCE24" type="1" provider="MTNTV" onid="1" tsid="4" namespace="0x00300000" />
        <service id="0x007d" sid="125" name="HGTV" type="1" provider="MTTNTV" onid="1" tsid="4" namespace="0x00300000" />
        <service id="0x0036" sid="54" name="MEDIASET ITALIA" type="1" provider="" onid="1" tsid="4" namespace="0x00300000" />
        <service id="0x005c" sid="92" name="METROTV" type="1" provider="" onid="1" tsid="4" namespace="0x00300000" />
        <service id="0x002a" sid="42" name="MSNBC" type="1" provider="MTNTV" onid="1" tsid="4" namespace="0x00300000" />
        <service id="0x0028" sid="40" name="MTN INFO" type="1" provider="MTNTV" onid="1" tsid="4" namespace="0x00300000" />
        <service id="0x0029" sid="41" name="MTN SE HD" type="1" provider="MTNTV" onid="1" tsid="4" namespace="0x00300000" />
        <service id="0x00c8" sid="200" name="MTN SE HD2" type="1" provider="MTNTV" onid="1" tsid="4" namespace="0x00300000" />
        <service id="0x00a1" sid="161" name="NATGEO" type="1" provider="" onid="1" tsid="4" namespace="0x00300000" />
        <service id="0x004a" sid="74" name="PRIME FAVORITE" type="1" provider="MTNTV" onid="1" tsid="4" namespace="0x00300000" />
        <service id="0x006e" sid="110" name="PRIME ONE" type="1" provider="" onid="1" tsid="4" namespace="0x00300000" />
        <service id="0x002e" sid="46" name="RTL" type="1" provider="" onid="1" tsid="4" namespace="0x00300000" />
        <service id="0x002d" sid="45" name="SKY NEWS" type="1" provider="MTNTV" onid="1" tsid="4" namespace="0x00300000" />
        <service id="0x006c" sid="108" name="SKY SPORT NEWS" type="1" provider="" onid="1" tsid="4" namespace="0x00300000" />
        <service id="0x006d" sid="109" name="SPORT24" type="1" provider="MTNTTV" onid="1" tsid="4" namespace="0x00300000" />
        <service id="0x006f" sid="111" name="SPORT24 EXTRA" type="1" provider="" onid="1" tsid="4" namespace="0x00300000" />
        <service id="0x0031" sid="49" name="TFC" type="1" provider="MTNTV" onid="1" tsid="4" namespace="0x00300000" />
        <service id="0x007e" sid="126" name="TRAVEL" type="1" provider="MTNTV" onid="1" tsid="4" namespace="0x00300000" />
        <service id="0x0030" sid="48" name="TVASIA" type="1" provider="" onid="1" tsid="4" namespace="0x00300000" />
        <service id="0x004c" sid="76" name="TVE" type="1" provider="MTNTV" onid="1" tsid="4" namespace="0x00300000" />
      </transponder>
    </satellite>
    <satellite key="00300000:0006:0056" name="Sat-4.8E" namespace="0x00300000" position="4.8">
      <transponder key="00300000:0006:0056" frequency="11996000" symbol_rate="27500000" polarization="H" fec="3" system="0" modulation="0">
        <service id="0x0fdc" sid="4060" name="GOD Channel" type="1" provider="" onid="86" tsid="6" namespace="0x00300000" />
      </transponder>
    </satellite>
    <satellite key="00300000:000a:002c" name="Sat-4.8E" namespace="0x00300000" position="4.8">
      <transponder key="00300000:000a:002c" frequency="12073000" symbol_rate="30000000" polarization="H" fec="2" system="0" modulation="0">
        <service id="0x0006" sid="6" name="TECT6" type="22" provider="" onid="44" tsid="10" namespace="0x00300000" />
        <service id="0x0001" sid="1" name="Армія ТБ" type="22" provider="" onid="44" tsid="10" namespace="0x00300000" />
        <service id="0x0003" sid="3" name="Мегого Спорт ТЕСТ" type="22" provider="" onid="44" tsid="10" namespace="0x00300000" />
        <service id="0x0004" sid="4" name="Ми-Україна" type="25" provider="" onid="44" tsid="10" namespace="0x00300000" />
        <service id="0x0009" sid="9" name="Перший" type="22" provider="" onid="44" tsid="10" namespace="0x00300000" />
        <service id="0x0002" sid="2" name="Рада" type="25" provider="" onid="44" tsid="10" namespace="0x00300000" />
        <service id="0x000a" sid="10" name="ТЕСТ10" type="22" provider="" onid="44" tsid="10" namespace="0x00300000" />
        <service id="0x000b" sid="11" name="ТЕСТ11" type="22" provider="" onid="44" tsid="10" namespace="0x00300000" />
        <service id="0x000c" sid="12" name="ТЕСТ12" type="22" provider="" onid="44" tsid="10" namespace="0x00300000" />
        <service id="0x0005" sid="5" name="ТЕСТ5" type="22" provider="" onid="44" tsid="10" namespace="0x00300000" />
        <service id="0x0007" sid="7" name="ТЕСТ7" type="22" provider="" onid="44" tsid="10" namespace="0x00300000" />
        <service id="0x0008" sid="8" name="ТЕСТ8" type="25" provider="" onid="44" tsid="10" namespace="0x00300000" />
      </transponder>
    </satellite>
    <satellite key="00300000:000c:002c" name="Sat-4.8E" namespace="0x00300000" position="4.8">
      <transponder key="00300000:000c:002c" frequency="12073000" symbol_rate="30000000" polarization="H" fec="2" system="0" modulation="0">
        <service id="0x0001" sid="1" name="DSNS Informed" type="22" provider="BRT" onid="44" tsid="12" namespace="0x00300000" />
        <service id="0x0002" sid="2" name="DSNS Informed" type="22" provider="BRT" onid="44" tsid="12" namespace="0x00300000" />
        <service id="0x0003" sid="3" name="DSNS Informed" type="22" provider="BRT" onid="44" tsid="12" namespace="0x00300000" />
        <service id="0x0004" sid="4" name="DSNS Informed" type="22" provider="BRT" onid="44" tsid="12" namespace="0x00300000" />
        <service id="0x0005" sid="5" name="DSNS Informed" type="22" provider="BRT" onid="44" tsid="12" namespace="0x00300000" />
        <service id="0x0006" sid="6" name="DSNS Informed" type="22" provider="BRT" onid="44" tsid="12" namespace="0x00300000" />
        <service id="0x0007" sid="7" name="DSNS Informed" type="22" provider="BRT" onid="44" tsid="12" namespace="0x00300000" />
        <service id="0x0008" sid="8" name="DSNS Informed" type="22" provider="BRT" onid="44" tsid="12" namespace="0x00300000" />
        <service id="0x0009" sid="9" name="DSNS Informed" type="22" provider="BRT" onid="44" tsid="12" namespace="0x00300000" />
        <service id="0x000a" sid="10" name="DSNS Informed" type="22" provider="BRT" onid="44" tsid="12" namespace="0x00300000" />
        <service id="0x000b" sid="11" name="DSNS Informed" type="22" provider="BRT" onid="44" tsid="12" namespace="0x00300000" />
        <service id="0x000c" sid="12" name="DSNS Informed" type="22" provider="BRT" onid="44" tsid="12" namespace="0x00300000" />
      </transponder>
    </satellite>
    <satellite key="00300000:000c:0055" name="Sat-4.8E" namespace="0x00300000" position="4.8">
      <transponder key="00300000:000c:0055" frequency="11766000" symbol_rate="30000000" polarization="H" fec="2" system="0" modulation="0">
        <service id="0x17ef" sid="6127" name=".2+2 Marafon" type="22" provider="1plus1 Media" onid="85" tsid="12" namespace="0x00300000" />
        <service id="0x17d4" sid="6100" name="1+1" type="22" provider="1plus1 Media" onid="85" tsid="12" namespace="0x00300000" />
        <service id="0x17ed" sid="6125" name="1+1 International" type="22" provider="1plus1 Media" onid="85" tsid="12" namespace="0x00300000" />
        <service id="0x17d5" sid="6101" name="1+1 Ukraine" type="22" provider="1plus1 Media" onid="85" tsid="12" namespace="0x00300000" />
        <service id="0x17e8" sid="6120" name="2+2" type="22" provider="1plus1 Media" onid="85" tsid="12" namespace="0x00300000" />
        <service id="0x17f7" sid="6135" name="24 Kanal" type="22" provider="1plus1 Media" onid="85" tsid="12" namespace="0x00300000" />
        <service id="0x17fd" sid="6141" name="Animal Planet" type="22" provider="VIASAT" onid="85" tsid="12" namespace="0x00300000" />
        <service id="0x070e" sid="1806" name="Army TV" type="22" provider="1plus1 Media" onid="85" tsid="12" namespace="0x00300000" />
        <service id="0x182e" sid="6190" name="ATR T" type="22" provider="1plus1 Media" onid="85" tsid="12" namespace="0x00300000" />
        <service id="0x17e2" sid="6114" name="Bigudi" type="22" provider="1plus1 Media" onid="85" tsid="12" namespace="0x00300000" />
        <service id="0x072b" sid="1835" name="Blue Hustler" type="22" provider="VIASAT" onid="85" tsid="12" namespace="0x00300000" />
        <service id="0x17f5" sid="6133" name="BOLT" type="22" provider="VIASAT" onid="85" tsid="12" namespace="0x00300000" />
        <service id="0x17fe" sid="6142" name="BTQ" type="22" provider="1plus1 Media" onid="85" tsid="12" namespace="0x00300000" />
        <service id="0x17ff" sid="6143" name="Discovery Channel" type="22" provider="VIASAT" onid="85" tsid="12" namespace="0x00300000" />
        <service id="0x02c5" sid="709" name="Dorama" type="22" provider="VIASAT" onid="85" tsid="12" namespace="0x00300000" />
        <service id="0x02c6" sid="710" name="FilmUADrama" type="22" provider="VIASAT" onid="85" tsid="12" namespace="0x00300000" />
        <service id="0x071f" sid="1823" name="Food Network" type="22" provider="VIASAT" onid="85" tsid="12" namespace="0x00300000" />
        <service id="0x180b" sid="6155" name="FX" type="22" provider="VIASAT" onid="85" tsid="12" namespace="0x00300000" />
        <service id="0x02cb" sid="715" name="FX Life" type="22" provider="VIASAT" onid="85" tsid="12" namespace="0x00300000" />
        <service id="0x070d" sid="1805" name="Karavan TV" type="22" provider="1plus1 Media" onid="85" tsid="12" namespace="0x00300000" />
        <service id="0x17dc" sid="6108" name="Kvartal TV" type="22" provider="1plus1 Media" onid="85" tsid="12" namespace="0x00300000" />
        <service id="0x181f" sid="6175" name="National Geographic" type="22" provider="VIASAT" onid="85" tsid="12" namespace="0x00300000" />
        <service id="0x071d" sid="1821" name="National Geographic Wild" type="22" provider="VIASAT" onid="85" tsid="12" namespace="0x00300000" />
        <service id="0x17fb" sid="6139" name="Nick Jr." type="22" provider="VIASAT" onid="85" tsid="12" namespace="0x00300000" />
        <service id="0x17f9" sid="6137" name="Nickelodeon" type="22" provider="VIASAT" onid="85" tsid="12" namespace="0x00300000" />
        <service id="0x180e" sid="6158" name="Nicktoons" type="22" provider="1plus1 Media" onid="85" tsid="12" namespace="0x00300000" />
        <service id="0x071b" sid="1819" name="NIKI Junior" type="22" provider="VIASAT" onid="85" tsid="12" namespace="0x00300000" />
        <service id="0x02cf" sid="719" name="NIKI Kids" type="22" provider="VIASAT" onid="85" tsid="12" namespace="0x00300000" />
        <service id="0x02d9" sid="729" name="Playboy TV" type="22" provider="VIASAT" onid="85" tsid="12" namespace="0x00300000" />
        <service id="0x17e0" sid="6112" name="Plus Plus" type="22" provider="1plus1 Media" onid="85" tsid="12" namespace="0x00300000" />
        <service id="0x182c" sid="6188" name="Plus Plus" type="22" provider="1plus1 Media" onid="85" tsid="12" namespace="0x00300000" />
        <service id="0x02d5" sid="725" name="Rybalka" type="22" provider="VIASAT" onid="85" tsid="12" namespace="0x00300000" />
        <service id="0x181b" sid="6171" name="Star Cinema" type="22" provider="VIASAT" onid="85" tsid="12" namespace="0x00300000" />
        <service id="0x17eb" sid="6123" name="Svit+" type="22" provider="1plus1 Media" onid="85" tsid="12" namespace="0x00300000" />
        <service id="0x17de" sid="6110" name="TET" type="22" provider="1plus1 Media" onid="85" tsid="12" namespace="0x00300000" />
        <service id="0x02d1" sid="721" name="TLC" type="22" provider="VIASAT" onid="85" tsid="12" namespace="0x00300000" />
        <service id="0x02d3" sid="723" name="Travel Channel" type="22" provider="VIASAT" onid="85" tsid="12" namespace="0x00300000" />
        <service id="0x070c" sid="1804" name="Tuso" type="22" provider="1plus1 Media" onid="85" tsid="12" namespace="0x00300000" />
        <service id="0x02c8" sid="712" name="UNIAN Series" type="22" provider="1plus1 Media" onid="85" tsid="12" namespace="0x00300000" />
        <service id="0x182b" sid="6187" name="XSport" type="22" provider="1plus1 Media" onid="85" tsid="12" namespace="0x00300000" />
      </transponder>
    </satellite>
    <satellite key="00300000:0010:0055" name="Sat-4.8E" namespace="0x00300000" position="4.8">
      <transponder key="00300000:0010:0055" frequency="12130000" symbol_rate="27500000" polarization="V" fec="3" system="0" modulation="0">
        <service id="0x1a22" sid="6690" name="/////PRYAMIY" type="1" provider="" onid="85" tsid="16" namespace="0x00300000" />
        <service id="0x1a18" sid="6680" name="1+1 Ukraine" type="1" provider="1plus1 Media" onid="85" tsid="16" namespace="0x00300000" />
        <service id="0x19d2" sid="6610" name="2+2" type="1" provider="1plus1 Media" onid="85" tsid="16" namespace="0x00300000" />
        <service id="0x19fa" sid="6650" name="ICTV 2 SD" type="1" provider="SLM" onid="85" tsid="16" namespace="0x00300000" />
        <service id="0x19f5" sid="6645" name="NADIYA" type="22" provider="Hope Media Group" onid="85" tsid="16" namespace="0x00300000" />
        <service id="0x1a09" sid="6665" name="ROZPAKUY" type="1" provider="" onid="85" tsid="16" namespace="0x00300000" />
        <service id="0x1a0e" sid="6670" name="SONATA TV" type="1" provider="" onid="85" tsid="16" namespace="0x00300000" />
        <service id="0x19f0" sid="6640" name="SONCE (UA)" type="1" provider="SOLAR MEDIA" onid="85" tsid="16" namespace="0x00300000" />
        <service id="0x19e6" sid="6630" name="STB SD" type="1" provider="SLM" onid="85" tsid="16" namespace="0x00300000" />
        <service id="0x1a04" sid="6660" name="WE-UKRAINE+" type="1" provider="" onid="85" tsid="16" namespace="0x00300000" />
        <service id="0x19e1" sid="6625" name="ARMY FM" type="2" provider="" onid="85" tsid="16" namespace="0x00300000" radio="1" />
        <service id="0x19ff" sid="6655" name="Emmanuel" type="2" provider="Svitle Radio" onid="85" tsid="16" namespace="0x00300000" radio="1" />
        <service id="0x19cc" sid="6604" name="Radio Culture" type="2" provider="" onid="85" tsid="16" namespace="0x00300000" radio="1" />
        <service id="0x19d7" sid="6615" name="radio nv" type="2" provider="TRK ERA" onid="85" tsid="16" namespace="0x00300000" radio="1" />
        <service id="0x19ca" sid="6602" name="Radio Promin" type="2" provider="" onid="85" tsid="16" namespace="0x00300000" radio="1" />
        <service id="0x19ce" sid="6606" name="RadioTochka" type="2" provider="Suspilne" onid="85" tsid="16" namespace="0x00300000" radio="1" />
        <service id="0x1a27" sid="6695" name="Tysa FM" type="2" provider="Suspilne" onid="85" tsid="16" namespace="0x00300000" radio="1" />
        <service id="0x19c8" sid="6600" name="Ukrayinske Radio" type="2" provider="" onid="85" tsid="16" namespace="0x00300000" radio="1" />
        <service id="0x19d0" sid="6608" name="Voice" type="2" provider="Suspilne" onid="85" tsid="16" namespace="0x00300000" radio="1" />
      </transponder>
    </satellite>
    <satellite key="00300000:0011:0055" name="Sat-4.8E" namespace="0x00300000" position="4.8">
      <transponder key="00300000:0011:0055" frequency="12284000" symbol_rate="27500000" polarization="V" fec="3" system="0" modulation="0">
        <service id="0x1b03" sid="6915" name="NADIYA" type="22" provider="" onid="85" tsid="17" namespace="0x00300000" />
        <service id="0x1afe" sid="6910" name="ROZPAKUY" type="1" provider="" onid="85" tsid="17" namespace="0x00300000" />
        <service id="0x1b1c" sid="6940" name="SONATA TV" type="1" provider="" onid="85" tsid="17" namespace="0x00300000" />
        <service id="0x1b3f" sid="6975" name="WE-UKRAINE+" type="1" provider="" onid="85" tsid="17" namespace="0x00300000" />
        <service id="0x1af6" sid="6902" name="Emmanuel" type="2" provider="Svitle Radio" onid="85" tsid="17" namespace="0x00300000" radio="1" />
        <service id="0x1af8" sid="6904" name="radio nv" type="2" provider="TRK ERA" onid="85" tsid="17" namespace="0x00300000" radio="1" />
      </transponder>
    </satellite>
    <satellite key="00300000:0018:0044" name="Sat-4.8E" namespace="0x00300000" position="4.8">
      <transponder key="00300000:0018:0044" frequency="12207000" symbol_rate="30000000" polarization="V" fec="2" system="0" modulation="0">
        <service id="0x0a01" sid="2561" name="Cine+" type="22" provider="VIASAT" onid="68" tsid="24" namespace="0x00300000" />
        <service id="0x09fd" sid="2557" name="Cine+ HIT" type="22" provider="VIASAT" onid="68" tsid="24" namespace="0x00300000" />
        <service id="0x0a03" sid="2563" name="Cine+ Kids" type="22" provider="VIASAT" onid="68" tsid="24" namespace="0x00300000" />
        <service id="0x0a05" sid="2565" name="Cine+ Legend" type="22" provider="VIASAT" onid="68" tsid="24" namespace="0x00300000" />
        <service id="0x09e5" sid="2533" name="Discovery ID" type="22" provider="VIASAT" onid="68" tsid="24" namespace="0x00300000" />
        <service id="0x09e9" sid="2537" name="Dizi" type="22" provider="VIASAT" onid="68" tsid="24" namespace="0x00300000" />
        <service id="0x09d9" sid="2521" name="Epic Drama HD" type="25" provider="VIASAT" onid="68" tsid="24" namespace="0x00300000" />
        <service id="0x09f1" sid="2545" name="Eurosport 1 HD" type="31" provider="VIASAT" onid="68" tsid="24" namespace="0x00300000" />
        <service id="0x0bc2" sid="3010" name="Eurosport 2 HD" type="31" provider="VIASAT" onid="68" tsid="24" namespace="0x00300000" />
        <service id="0x0a8c" sid="2700" name="History" type="22" provider="VIASAT" onid="68" tsid="24" namespace="0x00300000" />
        <service id="0x09f9" sid="2553" name="History2 HD" type="25" provider="VIASAT" onid="68" tsid="24" namespace="0x00300000" />
        <service id="0x0a1c" sid="2588" name="Hollywood" type="22" provider="VIASAT" onid="68" tsid="24" namespace="0x00300000" />
        <service id="0x0a19" sid="2585" name="Hollywood HD" type="31" provider="VIASAT" onid="68" tsid="24" namespace="0x00300000" />
        <service id="0x09f3" sid="2547" name="Setanta Sport +" type="31" provider="VIASAT" onid="68" tsid="24" namespace="0x00300000" />
        <service id="0x09ed" sid="2541" name="Setanta Sports" type="22" provider="VIASAT" onid="68" tsid="24" namespace="0x00300000" />
        <service id="0x09e3" sid="2531" name="UPL.TV" type="31" provider="VIASAT" onid="68" tsid="24" namespace="0x00300000" />
        <service id="0x09c9" sid="2505" name="Viasat Explorer" type="22" provider="VIASAT" onid="68" tsid="24" namespace="0x00300000" />
        <service id="0x09cb" sid="2507" name="Viasat History" type="25" provider="VIASAT" onid="68" tsid="24" namespace="0x00300000" />
        <service id="0x09cf" sid="2511" name="Viasat Kino" type="25" provider="VIASAT" onid="68" tsid="24" namespace="0x00300000" />
        <service id="0x09d1" sid="2513" name="Viasat Kino Action" type="25" provider="VIASAT" onid="68" tsid="24" namespace="0x00300000" />
        <service id="0x09d3" sid="2515" name="Viasat Kino Comedy" type="25" provider="VIASAT" onid="68" tsid="24" namespace="0x00300000" />
        <service id="0x09d5" sid="2517" name="Viasat Kino Megahit" type="25" provider="VIASAT" onid="68" tsid="24" namespace="0x00300000" />
        <service id="0x09d7" sid="2519" name="Viasat Kino World" type="22" provider="VIASAT" onid="68" tsid="24" namespace="0x00300000" />
        <service id="0x09cd" sid="2509" name="Viasat Nature" type="22" provider="VIASAT" onid="68" tsid="24" namespace="0x00300000" />
      </transponder>
    </satellite>
    <satellite key="00300000:002b:0055" name="Sat-4.8E" namespace="0x00300000" position="4.8">
      <transponder key="00300000:002b:0055" frequency="11747000" symbol_rate="30000000" polarization="V" fec="3" system="0" modulation="0">
        <service id="0x1de2" sid="7650" name="ERC" type="1" provider="" onid="85" tsid="43" namespace="0x00300000" />
      </transponder>
    </satellite>
    <satellite key="00300000:002e:0055" name="Sat-4.8E" namespace="0x00300000" position="4.8">
      <transponder key="00300000:002e:0055" frequency="12437000" symbol_rate="30000000" polarization="V" fec="2" system="0" modulation="0">
        <service id="0x1ee1" sid="7905" name="Channel 5 (Ukraine) HD" type="25" provider="" onid="85" tsid="46" namespace="0x00300000" />
        <service id="0x1f36" sid="7990" name="English Club HD" type="25" provider="English Club" onid="85" tsid="46" namespace="0x00300000" />
        <service id="0x1ef5" sid="7925" name="Enter Film HD" type="25" provider="" onid="85" tsid="46" namespace="0x00300000" />
        <service id="0x1f0e" sid="7950" name="ERC" type="1" provider="" onid="85" tsid="46" namespace="0x00300000" />
        <service id="0x1ee7" sid="7911" name="Inter HD" type="25" provider="" onid="85" tsid="46" namespace="0x00300000" />
        <service id="0x1eed" sid="7917" name="K1 HD" type="25" provider="" onid="85" tsid="46" namespace="0x00300000" />
        <service id="0x1eeb" sid="7915" name="MEGA HD" type="25" provider="" onid="85" tsid="46" namespace="0x00300000" />
        <service id="0x1ee9" sid="7913" name="NTN HD" type="25" provider="" onid="85" tsid="46" namespace="0x00300000" />
        <service id="0x1efb" sid="7931" name="Pershiy" type="1" provider="" onid="85" tsid="46" namespace="0x00300000" />
        <service id="0x1ef3" sid="7923" name="PIXEL HD" type="25" provider="" onid="85" tsid="46" namespace="0x00300000" />
        <service id="0x1f03" sid="7939" name="Suspilne Krym" type="1" provider="" onid="85" tsid="46" namespace="0x00300000" />
        <service id="0x1efd" sid="7933" name="Suspilne Kultura" type="1" provider="" onid="85" tsid="46" namespace="0x00300000" />
        <service id="0x1f01" sid="7937" name="Suspilne Sport" type="1" provider="" onid="85" tsid="46" namespace="0x00300000" />
      </transponder>
    </satellite>
    <satellite key="00300000:0065:0001" name="Sat-4.8E" namespace="0x00300000" position="4.8">
      <transponder key="00300000:0065:0001" frequency="12418000" symbol_rate="27500000" polarization="H" fec="3" system="0" modulation="0">
        <service id="0x026c" sid="620" name="CoralTV1" type="1" provider="" onid="1" tsid="101" namespace="0x00300000" />
        <service id="0x026f" sid="623" name="CoralTV2" type="1" provider="" onid="1" tsid="101" namespace="0x00300000" />
        <service id="0x000a" sid="10" name="CTV1" type="1" provider="" onid="1" tsid="101" namespace="0x00300000" />
        <service id="0x000b" sid="11" name="CTV2" type="1" provider="" onid="1" tsid="101" namespace="0x00300000" />
        <service id="0x000f" sid="15" name="LADBROKES SIS LES2 - CISCO 1" type="1" provider="" onid="1" tsid="101" namespace="0x00300000" />
        <service id="0x000d" sid="13" name="LTV1" type="1" provider="" onid="1" tsid="101" namespace="0x00300000" />
        <service id="0x000e" sid="14" name="LTV2" type="1" provider="" onid="1" tsid="101" namespace="0x00300000" />
        <service id="0x02b0" sid="688" name="LTV2" type="1" provider="" onid="1" tsid="101" namespace="0x00300000" />
        <service id="0x005d" sid="93" name="NEW BOYLES SPORTS - CISCO 1" type="1" provider="" onid="1" tsid="101" namespace="0x00300000" />
        <service id="0x005a" sid="90" name="SIS EUROPE - CISCO 2" type="1" provider="" onid="1" tsid="101" namespace="0x00300000" />
        <service id="0x02b4" sid="692" name="SIS Spanish" type="1" provider="" onid="1" tsid="101" namespace="0x00300000" />
        <service id="0x002e" sid="46" name="SIS VISION BTC AUDIO (Ch11)" type="1" provider="" onid="1" tsid="101" namespace="0x00300000" />
      </transponder>
    </satellite>
    <satellite key="00300000:00c9:0001" name="Sat-4.8E" namespace="0x00300000" position="4.8">
      <transponder key="00300000:00c9:0001" frequency="11727000" symbol_rate="27500000" polarization="H" fec="3" system="0" modulation="0">
        <service id="0x00a0" sid="160" name="Betfred1" type="1" provider="SIS Limited" onid="1" tsid="201" namespace="0x00300000" />
        <service id="0x00a2" sid="162" name="Betfred2" type="1" provider="SIS Limited" onid="1" tsid="201" namespace="0x00300000" />
        <service id="0x00a3" sid="163" name="Betfred3" type="1" provider="SIS Limited" onid="1" tsid="201" namespace="0x00300000" />
        <service id="0x000c" sid="12" name="Boyles" type="1" provider="SIS Ltd" onid="1" tsid="201" namespace="0x00300000" />
        <service id="0x0009" sid="9" name="SIS EURO" type="1" provider="SIS Limited" onid="1" tsid="201" namespace="0x00300000" />
        <service id="0x0007" sid="7" name="SIS ONE" type="1" provider="SIS Limited" onid="1" tsid="201" namespace="0x00300000" />
        <service id="0x005f" sid="95" name="SIS Spanish" type="1" provider="SIS Limited" onid="1" tsid="201" namespace="0x00300000" />
        <service id="0x0008" sid="8" name="SIS TWO" type="1" provider="SIS Limited" onid="1" tsid="201" namespace="0x00300000" />
        <service id="0x00be" sid="190" name="SIS Two" type="1" provider="NEPC" onid="1" tsid="201" namespace="0x00300000" />
        <service id="0x00fa" sid="250" name="SISTwo BarOne" type="1" provider="SIS" onid="1" tsid="201" namespace="0x00300000" />
        <service id="0x003a" sid="58" name="SISTwo BTC" type="1" provider="SIS" onid="1" tsid="201" namespace="0x00300000" />
        <service id="0x0005" sid="5" name="WHTV1" type="1" provider="SIS Limited" onid="1" tsid="201" namespace="0x00300000" />
        <service id="0x0006" sid="6" name="WHTV2" type="1" provider="SIS Limited" onid="1" tsid="201" namespace="0x00300000" />
      </transponder>
    </satellite>
    <satellite key="00300000:00c9:0055" name="Sat-4.8E" namespace="0x00300000" position="4.8">
      <transponder key="00300000:00c9:0055" frequency="11785000" symbol_rate="27500000" polarization="V" fec="4" system="0" modulation="0">
        <service id="0x0ae8" sid="2792" name="3 plus" type="1" provider="TV3 Group" onid="85" tsid="201" namespace="0x00300000" />
        <service id="0x27a1" sid="10145" name="BTV" type="1" provider="TV3 Group" onid="85" tsid="201" namespace="0x00300000" />
        <service id="0x27ec" sid="10220" name="Duo 3" type="1" provider="TV3 Group" onid="85" tsid="201" namespace="0x00300000" />
        <service id="0x27e2" sid="10210" name="Duo 5" type="1" provider="TV3 Group" onid="85" tsid="201" namespace="0x00300000" />
        <service id="0x27e7" sid="10215" name="FX" type="1" provider="TV3 Group" onid="85" tsid="201" namespace="0x00300000" />
        <service id="0x27e8" sid="10216" name="FX" type="1" provider="TV3 Group" onid="85" tsid="201" namespace="0x00300000" />
        <service id="0x27dd" sid="10205" name="Kidzone Mini" type="1" provider="TV3 Group" onid="85" tsid="201" namespace="0x00300000" />
        <service id="0x279c" sid="10140" name="LNK" type="1" provider="TV3 Group" onid="85" tsid="201" namespace="0x00300000" />
        <service id="0x0ad6" sid="2774" name="LTV1" type="1" provider="TV3 Group" onid="85" tsid="201" namespace="0x00300000" />
        <service id="0x0adb" sid="2779" name="LTV7" type="1" provider="TV3 Group" onid="85" tsid="201" namespace="0x00300000" />
        <service id="0x27d8" sid="10200" name="MTV Hits" type="1" provider="TV3 Group" onid="85" tsid="201" namespace="0x00300000" />
        <service id="0x27c4" sid="10180" name="National Geographic HD" type="25" provider="TV3 Group" onid="85" tsid="201" namespace="0x00300000" />
        <service id="0x27c5" sid="10181" name="National_Geographic HD" type="25" provider="TV3 Group" onid="85" tsid="201" namespace="0x00300000" />
        <service id="0x27ab" sid="10155" name="OTV" type="1" provider="TV3 Group" onid="85" tsid="201" namespace="0x00300000" />
        <service id="0x277e" sid="10110" name="Star Family" type="1" provider="TV3 Group" onid="85" tsid="201" namespace="0x00300000" />
        <service id="0x27b5" sid="10165" name="TLC" type="1" provider="TV3 Group" onid="85" tsid="201" namespace="0x00300000" />
        <service id="0x27b6" sid="10166" name="TLC_" type="1" provider="TV3 Group" onid="85" tsid="201" namespace="0x00300000" />
        <service id="0x27a6" sid="10150" name="TV1 (LT)" type="1" provider="TV3 Group" onid="85" tsid="201" namespace="0x00300000" />
        <service id="0x0adf" sid="2783" name="TV3 Life" type="1" provider="TV3 Group" onid="85" tsid="201" namespace="0x00300000" />
        <service id="0x278d" sid="10125" name="TV3 Mini" type="1" provider="TV3 Group" onid="85" tsid="201" namespace="0x00300000" />
        <service id="0x0ae4" sid="2788" name="TV6 (LV)" type="1" provider="TV3 Group" onid="85" tsid="201" namespace="0x00300000" />
        <service id="0x0aed" sid="2797" name="TV8" type="1" provider="TV3 Group" onid="85" tsid="201" namespace="0x00300000" />
        <service id="0x27c9" sid="10185" name="Viasat Explore HD" type="25" provider="TV3 Group" onid="85" tsid="201" namespace="0x00300000" />
        <service id="0x27ce" sid="10190" name="Viasat History HD" type="25" provider="TV3 Group" onid="85" tsid="201" namespace="0x00300000" />
        <service id="0x27cf" sid="10191" name="Viasat History HD" type="25" provider="TV3 Group" onid="85" tsid="201" namespace="0x00300000" />
        <service id="0x27ba" sid="10170" name="Viasat Kino" type="1" provider="TV3 Group" onid="85" tsid="201" namespace="0x00300000" />
        <service id="0x27bf" sid="10175" name="Viasat Kino World" type="1" provider="TV3 Group" onid="85" tsid="201" namespace="0x00300000" />
        <service id="0x27ca" sid="10186" name="Viasat_Explore HD" type="25" provider="TV3 Group" onid="85" tsid="201" namespace="0x00300000" />
        <service id="0x27bb" sid="10171" name="Viasat_Kino" type="1" provider="TV3 Group" onid="85" tsid="201" namespace="0x00300000" />
      </transponder>
    </satellite>
    <satellite key="00300000:107b:0055" name="Sat-4.8E" namespace="0x00300000" position="4.8">
      <transponder key="00300000:107b:0055" frequency="12073000" symbol_rate="30000000" polarization="H" fec="2" system="0" modulation="0">
        <service id="0x1d9c" sid="7580" name="Espreso TV HD" type="25" provider="" onid="85" tsid="4219" namespace="0x00300000" />
        <service id="0x1d74" sid="7540" name="GALYCHYNA HD" type="25" provider="SLM" onid="85" tsid="4219" namespace="0x00300000" />
        <service id="0x19aa" sid="6570" name="ICTV 2" type="25" provider="SLM" onid="85" tsid="4219" namespace="0x00300000" />
        <service id="0x07ba" sid="1978" name="ICTV HD" type="25" provider="SLM" onid="85" tsid="4219" namespace="0x00300000" />
        <service id="0x1da6" sid="7590" name="KYIV24" type="22" provider="" onid="85" tsid="4219" namespace="0x00300000" />
        <service id="0x198c" sid="6540" name="M1 HD" type="25" provider="SLM" onid="85" tsid="4219" namespace="0x00300000" />
        <service id="0x07cc" sid="1996" name="M2 HD" type="25" provider="SLM" onid="85" tsid="4219" namespace="0x00300000" />
        <service id="0x1d5b" sid="7515" name="MILADY TV" type="22" provider="SLM" onid="85" tsid="4219" namespace="0x00300000" />
        <service id="0x1d88" sid="7560" name="New Christian" type="22" provider="SLM" onid="85" tsid="4219" namespace="0x00300000" />
        <service id="0x07be" sid="1982" name="NOVY CHANNEL HD" type="25" provider="SLM" onid="85" tsid="4219" namespace="0x00300000" />
        <service id="0x19a0" sid="6560" name="OCE HD" type="25" provider="SLM" onid="85" tsid="4219" namespace="0x00300000" />
        <service id="0x196e" sid="6510" name="STB HD" type="25" provider="SLM" onid="85" tsid="4219" namespace="0x00300000" />
        <service id="0x19be" sid="6590" name="super+" type="25" provider="SLM" onid="85" tsid="4219" namespace="0x00300000" />
        <service id="0x1d92" sid="7570" name="Televsesvit" type="22" provider="SLM" onid="85" tsid="4219" namespace="0x00300000" />
        <service id="0x1d65" sid="7525" name="Test2" type="22" provider="SES" onid="85" tsid="4219" namespace="0x00300000" />
        <service id="0x1d6f" sid="7535" name="Test3" type="22" provider="SES" onid="85" tsid="4219" namespace="0x00300000" />
        <service id="0x19b4" sid="6580" name="TVIY SERIAL" type="25" provider="SLM" onid="85" tsid="4219" namespace="0x00300000" />
      </transponder>
    </satellite>
    <satellite key="00302eb6:0000:0000" name="Sat-4.8E" namespace="0x00302eb6" position="4.8">
      <transponder key="00302eb6:0000:0000" frequency="11958000" symbol_rate="27500000" polarization="H" fec="4" system="0" modulation="0">
        <service id="0x285a" sid="10330" name="3Plus LT" type="1" provider="TV3 Group" onid="0" tsid="0" namespace="0x00302eb6" />
        <service id="0x289b" sid="10395" name="BBC NEWS" type="1" provider="TV3 Group" onid="0" tsid="0" namespace="0x00302eb6" />
        <service id="0x28a0" sid="10400" name="Brazzers TV" type="1" provider="TV3 Group" onid="0" tsid="0" namespace="0x00302eb6" />
        <service id="0x0b39" sid="2873" name="Disney Channel" type="1" provider="TV3 Group" onid="0" tsid="0" namespace="0x00302eb6" />
        <service id="0x0b3e" sid="2878" name="Disney Junior" type="1" provider="TV3 Group" onid="0" tsid="0" namespace="0x00302eb6" />
        <service id="0x0b27" sid="2855" name="Duo 4" type="1" provider="TV3 Group" onid="0" tsid="0" namespace="0x00302eb6" />
        <service id="0x284b" sid="10315" name="ETV" type="1" provider="TV3 Group" onid="0" tsid="0" namespace="0x00302eb6" />
        <service id="0x0b30" sid="2864" name="FILMUADRAMA" type="1" provider="TV3 Group" onid="0" tsid="0" namespace="0x00302eb6" />
        <service id="0x28d7" sid="10455" name="FX Life" type="1" provider="TV3 Group" onid="0" tsid="0" namespace="0x00302eb6" />
        <service id="0x28d8" sid="10456" name="FX_Life" type="1" provider="TV3 Group" onid="0" tsid="0" namespace="0x00302eb6" />
        <service id="0x28a5" sid="10405" name="Go3 Sport 2 HD" type="25" provider="TV3 Group" onid="0" tsid="0" namespace="0x00302eb6" />
        <service id="0x0b42" sid="2882" name="Go3 Sport Open" type="1" provider="TV3 Group" onid="0" tsid="0" namespace="0x00302eb6" />
        <service id="0x0b22" sid="2850" name="Kanal 2" type="1" provider="TV3 Group" onid="0" tsid="0" namespace="0x00302eb6" />
        <service id="0x28cd" sid="10445" name="LRT Plius" type="1" provider="TV3 Group" onid="0" tsid="0" namespace="0x00302eb6" />
        <service id="0x28aa" sid="10410" name="MTV 00s" type="1" provider="TV3 Group" onid="0" tsid="0" namespace="0x00302eb6" />
        <service id="0x288c" sid="10380" name="Nick JR" type="1" provider="TV3 Group" onid="0" tsid="0" namespace="0x00302eb6" />
        <service id="0x0b47" sid="2887" name="Nickelodeon" type="1" provider="TV3 Group" onid="0" tsid="0" namespace="0x00302eb6" />
        <service id="0x0b4b" sid="2891" name="Nicktoons" type="1" provider="TV3 Group" onid="0" tsid="0" namespace="0x00302eb6" />
        <service id="0x28af" sid="10415" name="Playboy TV" type="1" provider="TV3 Group" onid="0" tsid="0" namespace="0x00302eb6" />
        <service id="0x287d" sid="10365" name="Re:TV" type="1" provider="TV3 Group" onid="0" tsid="0" namespace="0x00302eb6" />
        <service id="0x0b35" sid="2869" name="Setanta Sport" type="1" provider="TV3 Group" onid="0" tsid="0" namespace="0x00302eb6" />
        <service id="0x28d2" sid="10450" name="TV24" type="1" provider="TV3 Group" onid="0" tsid="0" namespace="0x00302eb6" />
        <service id="0x286e" sid="10350" name="TV3 Life EE" type="1" provider="TV Group" onid="0" tsid="0" namespace="0x00302eb6" />
        <service id="0x0b1e" sid="2846" name="TV6" type="1" provider="TV3 Group" onid="0" tsid="0" namespace="0x00302eb6" />
        <service id="0x283c" sid="10300" name="TV6 (LT)" type="1" provider="TV3 Group" onid="0" tsid="0" namespace="0x00302eb6" />
        <service id="0x285f" sid="10335" name="Viasat Kino Action" type="1" provider="TV3 Group" onid="0" tsid="0" namespace="0x00302eb6" />
        <service id="0x0b2c" sid="2860" name="Viasat_Kino Action" type="1" provider="TV3 Group" onid="0" tsid="0" namespace="0x00302eb6" />
      </transponder>
    </satellite>
    <satellite key="0030ade3:000a:002c" name="Sat-4.8E" namespace="0x0030ade3" position="4.8">
      <transponder key="0030ade3:000a:002c" frequency="11747000" symbol_rate="30000000" polarization="V" fec="3" system="0" modulation="0">
        <service id="0x0006" sid="6" name="TECT6" type="22" provider="" onid="44" tsid="10" namespace="0x0030ade3" />
        <service id="0x0001" sid="1" name="Армія ТБ" type="22" provider="" onid="44" tsid="10" namespace="0x0030ade3" />
        <service id="0x0003" sid="3" name="Мегого Спорт ТЕСТ" type="22" provider="" onid="44" tsid="10" namespace="0x0030ade3" />
        <service id="0x0004" sid="4" name="Ми-Україна" type="25" provider="" onid="44" tsid="10" namespace="0x0030ade3" />
        <service id="0x0009" sid="9" name="Перший" type="22" provider="" onid="44" tsid="10" namespace="0x0030ade3" />
        <service id="0x0002" sid="2" name="Рада" type="25" provider="" onid="44" tsid="10" namespace="0x0030ade3" />
        <service id="0x000a" sid="10" name="ТЕСТ10" type="22" provider="" onid="44" tsid="10" namespace="0x0030ade3" />
        <service id="0x000b" sid="11" name="ТЕСТ11" type="22" provider="" onid="44" tsid="10" namespace="0x0030ade3" />
        <service id="0x000c" sid="12" name="ТЕСТ12" type="22" provider="" onid="44" tsid="10" namespace="0x0030ade3" />
        <service id="0x0005" sid="5" name="ТЕСТ5" type="22" provider="" onid="44" tsid="10" namespace="0x0030ade3" />
        <service id="0x0007" sid="7" name="ТЕСТ7" type="22" provider="" onid="44" tsid="10" namespace="0x0030ade3" />
        <service id="0x0008" sid="8" name="ТЕСТ8" type="25" provider="" onid="44" tsid="10" namespace="0x0030ade3" />
      </transponder>
    </satellite>
    <satellite key="0030ade3:000c:002c" name="Sat-4.8E" namespace="0x0030ade3" position="4.8">
      <transponder key="0030ade3:000c:002c" frequency="11747000" symbol_rate="30000000" polarization="V" fec="3" system="0" modulation="0">
        <service id="0x0001" sid="1" name="DSNS Informed" type="22" provider="BRT" onid="44" tsid="12" namespace="0x0030ade3" />
        <service id="0x0002" sid="2" name="DSNS Informed" type="22" provider="BRT" onid="44" tsid="12" namespace="0x0030ade3" />
        <service id="0x0003" sid="3" name="DSNS Informed" type="22" provider="BRT" onid="44" tsid="12" namespace="0x0030ade3" />
        <service id="0x0004" sid="4" name="DSNS Informed" type="22" provider="BRT" onid="44" tsid="12" namespace="0x0030ade3" />
        <service id="0x0005" sid="5" name="DSNS Informed" type="22" provider="BRT" onid="44" tsid="12" namespace="0x0030ade3" />
        <service id="0x0006" sid="6" name="DSNS Informed" type="22" provider="BRT" onid="44" tsid="12" namespace="0x0030ade3" />
        <service id="0x0007" sid="7" name="DSNS Informed" type="22" provider="BRT" onid="44" tsid="12" namespace="0x0030ade3" />
        <service id="0x0008" sid="8" name="DSNS Informed" type="22" provider="BRT" onid="44" tsid="12" namespace="0x0030ade3" />
        <service id="0x0009" sid="9" name="DSNS Informed" type="22" provider="BRT" onid="44" tsid="12" namespace="0x0030ade3" />
        <service id="0x000a" sid="10" name="DSNS Informed" type="22" provider="BRT" onid="44" tsid="12" namespace="0x0030ade3" />
        <service id="0x000b" sid="11" name="DSNS Informed" type="22" provider="BRT" onid="44" tsid="12" namespace="0x0030ade3" />
        <service id="0x000c" sid="12" name="DSNS Informed" type="22" provider="BRT" onid="44" tsid="12" namespace="0x0030ade3" />
      </transponder>
    </satellite>
    <satellite key="0030aea2:0000:0000" name="Sat-4.8E" namespace="0x0030aea2" position="4.8">
      <transponder key="0030aea2:0000:0000" frequency="11938000" symbol_rate="27500000" polarization="V" fec="4" system="0" modulation="0">
        <service id="0x0b6a" sid="2922" name="360TV" type="1" provider="TV3 Group" onid="0" tsid="0" namespace="0x0030aea2" />
        <service id="0x0b58" sid="2904" name="Current Time" type="1" provider="TV3 Group" onid="0" tsid="0" namespace="0x0030aea2" />
        <service id="0x297c" sid="10620" name="Discovery Channel" type="1" provider="TV3 Group" onid="0" tsid="0" namespace="0x0030aea2" />
        <service id="0x297d" sid="10621" name="Discovery_Channel" type="1" provider="TV3 Group" onid="0" tsid="0" namespace="0x0030aea2" />
        <service id="0x296d" sid="10605" name="Duo 6" type="1" provider="TV3 Group" onid="0" tsid="0" namespace="0x0030aea2" />
        <service id="0x294a" sid="10570" name="Epic Drama" type="1" provider="TV3 Group" onid="0" tsid="0" namespace="0x0030aea2" />
        <service id="0x294b" sid="10571" name="Epic_Drama" type="1" provider="TV3 Group" onid="0" tsid="0" namespace="0x0030aea2" />
        <service id="0x0b98" sid="2968" name="ETV+" type="1" provider="TV3 Group" onid="0" tsid="0" namespace="0x0030aea2" />
        <service id="0x0b66" sid="2918" name="ETV2" type="1" provider="TV3 Group" onid="0" tsid="0" namespace="0x0030aea2" />
        <service id="0x293b" sid="10555" name="Euronews" type="1" provider="TV3 Group" onid="0" tsid="0" namespace="0x0030aea2" />
        <service id="0x0b9c" sid="2972" name="Eurosport 1" type="1" provider="TV3 Group" onid="0" tsid="0" namespace="0x0030aea2" />
        <service id="0x0ba1" sid="2977" name="Eurosport 2" type="1" provider="TV3 Group" onid="0" tsid="0" namespace="0x0030aea2" />
        <service id="0x0b7c" sid="2940" name="Go3 Film HD" type="25" provider="TV3 Group" onid="0" tsid="0" namespace="0x0030aea2" />
        <service id="0x0b81" sid="2945" name="Go3 Sport 1 HD" type="25" provider="TV3 Group" onid="0" tsid="0" namespace="0x0030aea2" />
        <service id="0x0b93" sid="2963" name="Go3 sport 3" type="1" provider="TV3 Group" onid="0" tsid="0" namespace="0x0030aea2" />
        <service id="0x0b61" sid="2913" name="Lietuvos Rytas TV" type="1" provider="TV3 Group" onid="0" tsid="0" namespace="0x0030aea2" />
        <service id="0x290e" sid="10510" name="LRT Lituanica" type="1" provider="TV3 Group" onid="0" tsid="0" namespace="0x0030aea2" />
        <service id="0x0b5d" sid="2909" name="LRT Televizija" type="1" provider="TV3 Group" onid="0" tsid="0" namespace="0x0030aea2" />
        <service id="0x299a" sid="10650" name="RADA" type="1" provider="TV3 Group" onid="0" tsid="0" namespace="0x0030aea2" />
        <service id="0x294f" sid="10575" name="TV3 Estonia HD" type="25" provider="TV3 Group" onid="0" tsid="0" namespace="0x0030aea2" />
        <service id="0x291d" sid="10525" name="TV3 Gold" type="1" provider="TV3 Group" onid="0" tsid="0" namespace="0x0030aea2" />
        <service id="0x0b8a" sid="2954" name="TV3 Latvia HD" type="25" provider="TV3 Group" onid="0" tsid="0" namespace="0x0030aea2" />
        <service id="0x0b8f" sid="2959" name="TV3 Lithuania HD" type="25" provider="TV3 Group" onid="0" tsid="0" namespace="0x0030aea2" />
        <service id="0x0b78" sid="2936" name="Viasat Nature" type="1" provider="TV3 Group" onid="0" tsid="0" namespace="0x0030aea2" />
        <service id="0x0b79" sid="2937" name="Viasat Nature LV" type="1" provider="TV3 Group" onid="0" tsid="0" namespace="0x0030aea2" />
      </transponder>
    </satellite>
  </satellites>
</zapit>
