<?xml version='1.0' encoding='utf-8'?>
<zapit>
  <bouquet name="General" category="tv">
    <channel service_ref="1:0:25:0013:791a:217c:0d930000:0:0:0:" name="Air Italia" service_name="Air Italia" provider="Persidera" sid="19" onid="8572" tsid="31002" />
    <channel service_ref="1:0:25:001a:791a:217c:0d930000:0:0:0:" name="Air Italia" service_name="Air Italia" provider="Persidera" sid="26" onid="8572" tsid="31002" />
    <channel service_ref="1:0:25:004b:0202:001d:0d930000:0:0:0:" name="Alice Cucina" service_name="Alice Cucina" provider="Persidera" sid="75" onid="29" tsid="514" />
    <channel service_ref="1:0:25:0007:791a:217c:0d930000:0:0:0:" name="Canale 158" service_name="Canale 158" provider="Persidera" sid="7" onid="8572" tsid="31002" />
    <channel service_ref="1:0:25:0008:791a:217c:0d930000:0:0:0:" name="Canale 162" service_name="Canale 162" provider="Persidera" sid="8" onid="8572" tsid="31002" />
    <channel service_ref="1:0:25:000b:791a:217c:0d930000:0:0:0:" name="Channel 24" service_name="Channel 24" provider="Persidera" sid="11" onid="8572" tsid="31002" />
    <channel service_ref="1:0:25:0002:7918:217c:0d930000:0:0:0:" name="Cielo" service_name="Cielo" provider="Persidera" sid="2" onid="8572" tsid="31000" />
    <channel service_ref="1:0:25:0008:0001:ffff:0d933121:0:0:0:" name="Corallo Sat" service_name="Corallo Sat" provider="Globecast Italia" sid="8" onid="65535" tsid="1" />
    <channel service_ref="1:0:25:002c:0204:001d:0d930000:0:0:0:" name="Discovery Real Time Italia" service_name="Discovery Real Time Italia" provider="Persidera" sid="44" onid="29" tsid="516" />
    <channel service_ref="1:0:25:0014:0204:001d:0d930000:0:0:0:" name="DMAX Italia" service_name="DMAX Italia" provider="Persidera" sid="20" onid="29" tsid="516" />
    <channel service_ref="1:0:25:0003:ffff:ffff:0d93b10c:0:0:0:" name="Echorouk Benna" service_name="Echorouk Benna" provider="" sid="3" onid="65535" tsid="65535" />
    <channel service_ref="1:0:25:0002:ffff:ffff:0d93b10c:0:0:0:" name="Echorouk News HD" service_name="Echorouk News HD" provider="none" sid="2" onid="65535" tsid="65535" />
    <channel service_ref="1:0:25:0001:ffff:ffff:0d93b10c:0:0:0:" name="Echourouk TV HD" service_name="Echourouk TV HD" provider="none" sid="1" onid="65535" tsid="65535" />
    <channel service_ref="1:0:25:005f:791a:217c:0d930000:0:0:0:" name="Fire TV Italy" service_name="Fire TV Italy" provider="Persidera" sid="95" onid="8572" tsid="31002" />
    <channel service_ref="1:0:25:000d:7918:217c:0d930000:0:0:0:" name="Focus" service_name="Focus" provider="Persidera" sid="13" onid="8572" tsid="31000" />
    <channel service_ref="1:0:25:005c:0200:001d:0d930000:0:0:0:" name="Frisbee" service_name="Frisbee" provider="Persidera" sid="92" onid="29" tsid="512" />
    <channel service_ref="1:0:25:000f:791a:217c:0d930000:0:0:0:" name="Gold TV Italia" service_name="Gold TV Italia" provider="Persidera" sid="15" onid="8572" tsid="31002" />
    <channel service_ref="1:0:25:000a:0204:001d:0d930000:0:0:0:" name="HSE 24 Italia" service_name="HSE 24 Italia" provider="Persidera" sid="10" onid="29" tsid="516" />
    <channel service_ref="1:0:25:0010:791a:217c:0d930000:0:0:0:" name="Italia +" service_name="Italia +" provider="Persidera" sid="16" onid="8572" tsid="31002" />
    <channel service_ref="1:0:25:006f:0202:001d:0d930000:0:0:0:" name="Italia Channel" service_name="Italia Channel" provider="Persidera" sid="111" onid="29" tsid="514" />
    <channel service_ref="1:0:25:003d:0200:001d:0d930000:0:0:0:" name="K2 (Italy)" service_name="K2 (Italy)" provider="Persidera" sid="61" onid="29" tsid="512" />
    <channel service_ref="1:0:1:000b:000a:347d:0d930000:0:0:0:" name="KTO" service_name="KTO" provider="GLOBECAST" sid="11" onid="13437" tsid="10" />
    <channel service_ref="1:0:25:001d:791a:217c:0d930000:0:0:0:" name="La 3" service_name="La 3" provider="Persidera" sid="29" onid="8572" tsid="31002" />
    <channel service_ref="1:0:25:000e:791a:217c:0d930000:0:0:0:" name="La 4 Italia" service_name="La 4 Italia" provider="Persidera" sid="14" onid="8572" tsid="31002" />
    <channel service_ref="1:0:25:008c:0200:001d:0d930000:0:0:0:" name="LA7 Provvisorio" service_name="LA7 Provvisorio" provider="Persidera" sid="140" onid="29" tsid="512" />
    <channel service_ref="1:0:25:006d:0200:001d:0d930000:0:0:0:" name="LA7 Provvisorio -Premi tasto i" service_name="LA7 Provvisorio -Premi tasto i" provider="Persidera" sid="109" onid="29" tsid="512" />
    <channel service_ref="1:0:25:026a:0200:001d:0d930000:0:0:0:" name="LA7D Provvisorio" service_name="LA7D Provvisorio" provider="Persidera" sid="618" onid="29" tsid="512" />
    <channel service_ref="1:0:25:010d:0200:001d:0d930000:0:0:0:" name="LA7d Provvisorio -Premi tasto i" service_name="LA7d Provvisorio -Premi tasto i" provider="Persidera" sid="269" onid="29" tsid="512" />
    <channel service_ref="1:0:25:0011:791a:217c:0d930000:0:0:0:" name="Linea Italia" service_name="Linea Italia" provider="Persidera" sid="17" onid="8572" tsid="31002" />
    <channel service_ref="1:0:25:0020:0202:001d:0d930000:0:0:0:" name="Marco Polo" service_name="Marco Polo" provider="Persidera" sid="32" onid="29" tsid="514" />
    <channel service_ref="1:0:25:0025:0202:001d:0d930000:0:0:0:" name="MARCOPOLO DIARI" service_name="MARCOPOLO DIARI" provider="Persidera" sid="37" onid="29" tsid="514" />
    <channel service_ref="1:0:25:006e:0202:001d:0d930000:0:0:0:" name="MEDIATEXT.IT" service_name="MEDIATEXT.IT" provider="Persidera" sid="110" onid="29" tsid="514" />
    <channel service_ref="1:0:25:0001:7918:217c:0d930000:0:0:0:" name="Nove" service_name="Nove" provider="Persidera" sid="1" onid="8572" tsid="31000" />
    <channel service_ref="1:0:25:000e:7918:217c:0d930000:0:0:0:" name="NOVE" service_name="NOVE" provider="Persidera" sid="14" onid="8572" tsid="31000" />
    <channel service_ref="1:0:25:000f:0202:001d:0d930000:0:0:0:" name="Nove HD" service_name="Nove HD" provider="Persidera" sid="15" onid="29" tsid="514" />
    <channel service_ref="1:0:25:003c:791a:217c:0d930000:0:0:0:" name="Nuvolari" service_name="Nuvolari" provider="Persidera" sid="60" onid="8572" tsid="31002" />
    <channel service_ref="1:0:25:005f:0202:001d:0d930000:0:0:0:" name="Orler TV" service_name="Orler TV" provider="Persidera" sid="95" onid="29" tsid="514" />
    <channel service_ref="1:0:25:0003:7918:217c:0d930000:0:0:0:" name="Paramount Channel Italy" service_name="Paramount Channel Italy" provider="Persidera" sid="3" onid="8572" tsid="31000" />
    <channel service_ref="1:0:25:002e:0202:001d:0d930000:0:0:0:" name="PIANETA TV" service_name="PIANETA TV" provider="Persidera" sid="46" onid="29" tsid="514" />
    <channel service_ref="1:0:25:00da:0204:001d:0d930000:0:0:0:" name="Radio Freccia" service_name="Radio Freccia" provider="Persidera" sid="218" onid="29" tsid="516" />
    <channel service_ref="1:0:25:0004:7918:217c:0d930000:0:0:0:" name="Radio Italia TV" service_name="Radio Italia TV" provider="Persidera" sid="4" onid="8572" tsid="31000" />
    <channel service_ref="1:0:25:00dc:0204:001d:0d930000:0:0:0:" name="RADIOFRECCIA HD" service_name="RADIOFRECCIA HD" provider="Persidera" sid="220" onid="29" tsid="516" />
    <channel service_ref="1:0:25:3a0c:1fa4:013e:0d930000:0:0:0:" name="Radionorba TV" service_name="Radionorba TV" provider="Telenorba" sid="14860" onid="318" tsid="8100" />
    <channel service_ref="1:0:25:001f:791a:217c:0d930000:0:0:0:" name="Rete Italia" service_name="Rete Italia" provider="Persidera" sid="31" onid="8572" tsid="31002" />
    <channel service_ref="1:0:1:0001:0001:ffff:0d93ab00:0:0:0:" name="RIT TV" service_name="RIT TV" provider="RIT" sid="1" onid="65535" tsid="1" />
    <channel service_ref="1:0:25:000f:0204:001d:0d930000:0:0:0:" name="RTL 102.5" service_name="RTL 102.5" provider="Persidera" sid="15" onid="29" tsid="516" />
    <channel service_ref="1:0:25:00db:0204:001d:0d930000:0:0:0:" name="RTL 102.5 TV HD" service_name="RTL 102.5 TV HD" provider="Persidera" sid="219" onid="29" tsid="516" />
    <channel service_ref="1:0:25:0028:0202:001d:0d930000:0:0:0:" name="Servizio TEST" service_name="Servizio TEST" provider="Persidera" sid="40" onid="29" tsid="514" />
    <channel service_ref="1:0:25:0005:7918:217c:0d930000:0:0:0:" name="Sky TG24" service_name="Sky TG24" provider="Persidera" sid="5" onid="8572" tsid="31000" />
    <channel service_ref="1:0:25:0014:0202:001d:0d930000:0:0:0:" name="Split TV" service_name="Split TV" provider="Persidera" sid="20" onid="29" tsid="514" />
    <channel service_ref="1:0:25:001c:0200:001d:0d930000:0:0:0:" name="Super Tennis" service_name="Super Tennis" provider="Persidera" sid="28" onid="29" tsid="512" />
    <channel service_ref="1:0:25:001c:0202:001d:0d930000:0:0:0:" name="Super Tennis" service_name="Super Tennis" provider="Persidera" sid="28" onid="29" tsid="514" />
    <channel service_ref="1:0:25:006a:0204:001d:0d930000:0:0:0:" name="Super!" service_name="Super!" provider="Persidera" sid="106" onid="29" tsid="516" />
    <channel service_ref="1:0:25:3a0b:1fa4:013e:0d930000:0:0:0:" name="TG Norba 24" service_name="TG Norba 24" provider="Telenorba" sid="14859" onid="318" tsid="8100" />
    <channel service_ref="1:0:25:001b:791a:217c:0d930000:0:0:0:" name="Top Calcio" service_name="Top Calcio" provider="Persidera" sid="27" onid="8572" tsid="31002" />
    <channel service_ref="1:0:25:010a:0200:001d:0d930000:0:0:0:" name="TV8" service_name="TV8" provider="Persidera" sid="266" onid="29" tsid="512" />
    <channel service_ref="1:0:25:010b:0200:001d:0d930000:0:0:0:" name="TV8" service_name="TV8" provider="Persidera" sid="267" onid="29" tsid="512" />
    <channel service_ref="1:0:25:003c:0200:001d:0d930000:0:0:0:" name="TV8 (Italy)" service_name="TV8 (Italy)" provider="Persidera" sid="60" onid="29" tsid="512" />
    <channel service_ref="1:0:25:001e:791a:217c:0d930000:0:0:0:" name="Vero" service_name="Vero" provider="Persidera" sid="30" onid="8572" tsid="31002" />
    <channel service_ref="1:0:25:004e:0200:001d:0d930000:0:0:0:" name="VH-1 Italy" service_name="VH-1 Italy" provider="Persidera" sid="78" onid="29" tsid="512" />
    <channel service_ref="1:0:25:004f:0200:001d:0d930000:0:0:0:" name="VH1" service_name="VH1" provider="Persidera" sid="79" onid="29" tsid="512" />
    <channel service_ref="1:0:25:00a1:7918:217c:0d930000:0:0:0:" name="Winga TV" service_name="Winga TV" provider="Persidera" sid="161" onid="8572" tsid="31000" />
    <channel service_ref="1:0:25:00de:0204:001d:0d930000:0:0:0:" name="Zeta Italiana" service_name="Zeta Italiana" provider="Persidera" sid="222" onid="29" tsid="516" />
  </bouquet>
  <bouquet name="News" category="tv">
    <channel service_ref="1:0:25:0002:ffff:ffff:0d93b10c:0:0:0:" name="Echorouk News HD" service_name="Echorouk News HD" provider="none" sid="2" onid="65535" tsid="65535" />
  </bouquet>
  <bouquet name="Sky" category="tv">
    <channel service_ref="1:0:25:0005:7918:217c:0d930000:0:0:0:" name="Sky TG24" service_name="Sky TG24" provider="Persidera" sid="5" onid="8572" tsid="31000" />
  </bouquet>
  <bouquet name="RTL" category="tv">
    <channel service_ref="1:0:25:000f:0204:001d:0d930000:0:0:0:" name="RTL 102.5" service_name="RTL 102.5" provider="Persidera" sid="15" onid="29" tsid="516" />
    <channel service_ref="1:0:25:00db:0204:001d:0d930000:0:0:0:" name="RTL 102.5 TV HD" service_name="RTL 102.5 TV HD" provider="Persidera" sid="219" onid="29" tsid="516" />
  </bouquet>
  <bouquet name="RAI" category="tv">
    <channel service_ref="1:0:25:0013:791a:217c:0d930000:0:0:0:" name="Air Italia" service_name="Air Italia" provider="Persidera" sid="19" onid="8572" tsid="31002" />
    <channel service_ref="1:0:25:001a:791a:217c:0d930000:0:0:0:" name="Air Italia" service_name="Air Italia" provider="Persidera" sid="26" onid="8572" tsid="31002" />
    <channel service_ref="1:0:25:0008:0001:ffff:0d933121:0:0:0:" name="Corallo Sat" service_name="Corallo Sat" provider="Globecast Italia" sid="8" onid="65535" tsid="1" />
    <channel service_ref="1:0:25:002c:0204:001d:0d930000:0:0:0:" name="Discovery Real Time Italia" service_name="Discovery Real Time Italia" provider="Persidera" sid="44" onid="29" tsid="516" />
    <channel service_ref="1:0:25:0014:0204:001d:0d930000:0:0:0:" name="DMAX Italia" service_name="DMAX Italia" provider="Persidera" sid="20" onid="29" tsid="516" />
    <channel service_ref="1:0:25:000f:791a:217c:0d930000:0:0:0:" name="Gold TV Italia" service_name="Gold TV Italia" provider="Persidera" sid="15" onid="8572" tsid="31002" />
    <channel service_ref="1:0:25:000a:0204:001d:0d930000:0:0:0:" name="HSE 24 Italia" service_name="HSE 24 Italia" provider="Persidera" sid="10" onid="29" tsid="516" />
    <channel service_ref="1:0:25:0010:791a:217c:0d930000:0:0:0:" name="Italia +" service_name="Italia +" provider="Persidera" sid="16" onid="8572" tsid="31002" />
    <channel service_ref="1:0:25:006f:0202:001d:0d930000:0:0:0:" name="Italia Channel" service_name="Italia Channel" provider="Persidera" sid="111" onid="29" tsid="514" />
    <channel service_ref="1:0:25:000e:791a:217c:0d930000:0:0:0:" name="La 4 Italia" service_name="La 4 Italia" provider="Persidera" sid="14" onid="8572" tsid="31002" />
    <channel service_ref="1:0:25:0011:791a:217c:0d930000:0:0:0:" name="Linea Italia" service_name="Linea Italia" provider="Persidera" sid="17" onid="8572" tsid="31002" />
    <channel service_ref="1:0:25:0004:7918:217c:0d930000:0:0:0:" name="Radio Italia TV" service_name="Radio Italia TV" provider="Persidera" sid="4" onid="8572" tsid="31000" />
    <channel service_ref="1:0:25:001f:791a:217c:0d930000:0:0:0:" name="Rete Italia" service_name="Rete Italia" provider="Persidera" sid="31" onid="8572" tsid="31002" />
    <channel service_ref="1:0:25:00de:0204:001d:0d930000:0:0:0:" name="Zeta Italiana" service_name="Zeta Italiana" provider="Persidera" sid="222" onid="29" tsid="516" />
  </bouquet>
  <bouquet name="TF1" category="tv">
    <channel service_ref="1:0:25:0007:791a:217c:0d930000:0:0:0:" name="Canale 158" service_name="Canale 158" provider="Persidera" sid="7" onid="8572" tsid="31002" />
    <channel service_ref="1:0:25:0008:791a:217c:0d930000:0:0:0:" name="Canale 162" service_name="Canale 162" provider="Persidera" sid="8" onid="8572" tsid="31002" />
  </bouquet>
  <bouquet name="Switzerland" category="tv">
    <channel service_ref="1:0:25:001d:791a:217c:0d930000:0:0:0:" name="La 3" service_name="La 3" provider="Persidera" sid="29" onid="8572" tsid="31002" />
    <channel service_ref="1:0:25:3a0c:1fa4:013e:0d930000:0:0:0:" name="Radionorba TV" service_name="Radionorba TV" provider="Telenorba" sid="14860" onid="318" tsid="8100" />
    <channel service_ref="1:0:25:3a0b:1fa4:013e:0d930000:0:0:0:" name="TG Norba 24" service_name="TG Norba 24" provider="Telenorba" sid="14859" onid="318" tsid="8100" />
  </bouquet>
  <bouquet name="Italy" category="tv">
    <channel service_ref="1:0:25:008c:0200:001d:0d930000:0:0:0:" name="LA7 Provvisorio" service_name="LA7 Provvisorio" provider="Persidera" sid="140" onid="29" tsid="512" />
    <channel service_ref="1:0:25:006d:0200:001d:0d930000:0:0:0:" name="LA7 Provvisorio -Premi tasto i" service_name="LA7 Provvisorio -Premi tasto i" provider="Persidera" sid="109" onid="29" tsid="512" />
    <channel service_ref="1:0:25:026a:0200:001d:0d930000:0:0:0:" name="LA7D Provvisorio" service_name="LA7D Provvisorio" provider="Persidera" sid="618" onid="29" tsid="512" />
    <channel service_ref="1:0:25:010d:0200:001d:0d930000:0:0:0:" name="LA7d Provvisorio -Premi tasto i" service_name="LA7d Provvisorio -Premi tasto i" provider="Persidera" sid="269" onid="29" tsid="512" />
  </bouquet>
  <bouquet name="Resolution - HD" category="tv">
    <channel service_ref="1:0:25:0002:ffff:ffff:0d93b10c:0:0:0:" name="Echorouk News HD" service_name="Echorouk News HD" provider="none" sid="2" onid="65535" tsid="65535" />
    <channel service_ref="1:0:25:0001:ffff:ffff:0d93b10c:0:0:0:" name="Echourouk TV HD" service_name="Echourouk TV HD" provider="none" sid="1" onid="65535" tsid="65535" />
    <channel service_ref="1:0:25:000f:0202:001d:0d930000:0:0:0:" name="Nove HD" service_name="Nove HD" provider="Persidera" sid="15" onid="29" tsid="514" />
    <channel service_ref="1:0:25:00dc:0204:001d:0d930000:0:0:0:" name="RADIOFRECCIA HD" service_name="RADIOFRECCIA HD" provider="Persidera" sid="220" onid="29" tsid="516" />
    <channel service_ref="1:0:25:00db:0204:001d:0d930000:0:0:0:" name="RTL 102.5 TV HD" service_name="RTL 102.5 TV HD" provider="Persidera" sid="219" onid="29" tsid="516" />
  </bouquet>
  <bouquet name="International" category="tv">
    <channel service_ref="1:0:25:005f:791a:217c:0d930000:0:0:0:" name="Fire TV Italy" service_name="Fire TV Italy" provider="Persidera" sid="95" onid="8572" tsid="31002" />
    <channel service_ref="1:0:25:003d:0200:001d:0d930000:0:0:0:" name="K2 (Italy)" service_name="K2 (Italy)" provider="Persidera" sid="61" onid="29" tsid="512" />
    <channel service_ref="1:0:1:000b:000a:347d:0d930000:0:0:0:" name="KTO" service_name="KTO" provider="GLOBECAST" sid="11" onid="13437" tsid="10" />
    <channel service_ref="1:0:25:0003:7918:217c:0d930000:0:0:0:" name="Paramount Channel Italy" service_name="Paramount Channel Italy" provider="Persidera" sid="3" onid="8572" tsid="31000" />
    <channel service_ref="1:0:25:003c:0200:001d:0d930000:0:0:0:" name="TV8 (Italy)" service_name="TV8 (Italy)" provider="Persidera" sid="60" onid="29" tsid="512" />
    <channel service_ref="1:0:25:004e:0200:001d:0d930000:0:0:0:" name="VH-1 Italy" service_name="VH-1 Italy" provider="Persidera" sid="78" onid="29" tsid="512" />
  </bouquet>
  <bouquet name="Others" category="tv">
    <channel service_ref="1:0:25:004b:0202:001d:0d930000:0:0:0:" name="Alice Cucina" service_name="Alice Cucina" provider="Persidera" sid="75" onid="29" tsid="514" />
    <channel service_ref="1:0:25:000b:791a:217c:0d930000:0:0:0:" name="Channel 24" service_name="Channel 24" provider="Persidera" sid="11" onid="8572" tsid="31002" />
    <channel service_ref="1:0:25:0002:7918:217c:0d930000:0:0:0:" name="Cielo" service_name="Cielo" provider="Persidera" sid="2" onid="8572" tsid="31000" />
    <channel service_ref="1:0:25:0003:ffff:ffff:0d93b10c:0:0:0:" name="Echorouk Benna" service_name="Echorouk Benna" provider="" sid="3" onid="65535" tsid="65535" />
    <channel service_ref="1:0:25:0001:ffff:ffff:0d93b10c:0:0:0:" name="Echourouk TV HD" service_name="Echourouk TV HD" provider="none" sid="1" onid="65535" tsid="65535" />
    <channel service_ref="1:0:25:000d:7918:217c:0d930000:0:0:0:" name="Focus" service_name="Focus" provider="Persidera" sid="13" onid="8572" tsid="31000" />
    <channel service_ref="1:0:25:005c:0200:001d:0d930000:0:0:0:" name="Frisbee" service_name="Frisbee" provider="Persidera" sid="92" onid="29" tsid="512" />
    <channel service_ref="1:0:25:0020:0202:001d:0d930000:0:0:0:" name="Marco Polo" service_name="Marco Polo" provider="Persidera" sid="32" onid="29" tsid="514" />
    <channel service_ref="1:0:25:0025:0202:001d:0d930000:0:0:0:" name="MARCOPOLO DIARI" service_name="MARCOPOLO DIARI" provider="Persidera" sid="37" onid="29" tsid="514" />
    <channel service_ref="1:0:25:006e:0202:001d:0d930000:0:0:0:" name="MEDIATEXT.IT" service_name="MEDIATEXT.IT" provider="Persidera" sid="110" onid="29" tsid="514" />
    <channel service_ref="1:0:25:0001:7918:217c:0d930000:0:0:0:" name="Nove" service_name="Nove" provider="Persidera" sid="1" onid="8572" tsid="31000" />
    <channel service_ref="1:0:25:000e:7918:217c:0d930000:0:0:0:" name="NOVE" service_name="NOVE" provider="Persidera" sid="14" onid="8572" tsid="31000" />
    <channel service_ref="1:0:25:000f:0202:001d:0d930000:0:0:0:" name="Nove HD" service_name="Nove HD" provider="Persidera" sid="15" onid="29" tsid="514" />
    <channel service_ref="1:0:25:003c:791a:217c:0d930000:0:0:0:" name="Nuvolari" service_name="Nuvolari" provider="Persidera" sid="60" onid="8572" tsid="31002" />
    <channel service_ref="1:0:25:005f:0202:001d:0d930000:0:0:0:" name="Orler TV" service_name="Orler TV" provider="Persidera" sid="95" onid="29" tsid="514" />
    <channel service_ref="1:0:25:002e:0202:001d:0d930000:0:0:0:" name="PIANETA TV" service_name="PIANETA TV" provider="Persidera" sid="46" onid="29" tsid="514" />
    <channel service_ref="1:0:25:00da:0204:001d:0d930000:0:0:0:" name="Radio Freccia" service_name="Radio Freccia" provider="Persidera" sid="218" onid="29" tsid="516" />
    <channel service_ref="1:0:25:00dc:0204:001d:0d930000:0:0:0:" name="RADIOFRECCIA HD" service_name="RADIOFRECCIA HD" provider="Persidera" sid="220" onid="29" tsid="516" />
    <channel service_ref="1:0:1:0001:0001:ffff:0d93ab00:0:0:0:" name="RIT TV" service_name="RIT TV" provider="RIT" sid="1" onid="65535" tsid="1" />
    <channel service_ref="1:0:25:0028:0202:001d:0d930000:0:0:0:" name="Servizio TEST" service_name="Servizio TEST" provider="Persidera" sid="40" onid="29" tsid="514" />
    <channel service_ref="1:0:25:0014:0202:001d:0d930000:0:0:0:" name="Split TV" service_name="Split TV" provider="Persidera" sid="20" onid="29" tsid="514" />
    <channel service_ref="1:0:25:001c:0200:001d:0d930000:0:0:0:" name="Super Tennis" service_name="Super Tennis" provider="Persidera" sid="28" onid="29" tsid="512" />
    <channel service_ref="1:0:25:001c:0202:001d:0d930000:0:0:0:" name="Super Tennis" service_name="Super Tennis" provider="Persidera" sid="28" onid="29" tsid="514" />
    <channel service_ref="1:0:25:006a:0204:001d:0d930000:0:0:0:" name="Super!" service_name="Super!" provider="Persidera" sid="106" onid="29" tsid="516" />
    <channel service_ref="1:0:25:001b:791a:217c:0d930000:0:0:0:" name="Top Calcio" service_name="Top Calcio" provider="Persidera" sid="27" onid="8572" tsid="31002" />
    <channel service_ref="1:0:25:010a:0200:001d:0d930000:0:0:0:" name="TV8" service_name="TV8" provider="Persidera" sid="266" onid="29" tsid="512" />
    <channel service_ref="1:0:25:010b:0200:001d:0d930000:0:0:0:" name="TV8" service_name="TV8" provider="Persidera" sid="267" onid="29" tsid="512" />
    <channel service_ref="1:0:25:001e:791a:217c:0d930000:0:0:0:" name="Vero" service_name="Vero" provider="Persidera" sid="30" onid="8572" tsid="31002" />
    <channel service_ref="1:0:25:004f:0200:001d:0d930000:0:0:0:" name="VH1" service_name="VH1" provider="Persidera" sid="79" onid="29" tsid="512" />
    <channel service_ref="1:0:25:00a1:7918:217c:0d930000:0:0:0:" name="Winga TV" service_name="Winga TV" provider="Persidera" sid="161" onid="8572" tsid="31000" />
  </bouquet>
</zapit>
