<?xml version='1.0' encoding='utf-8'?>
<zapit>
  <bouquet name="General" category="tv">
    <channel service_ref="1:0:1:0bba:0107:217c:eeee0000:0:0:0:" name="ARTE ITALIA 124" service_name="ARTE ITALIA 124" provider="Canale Italia" sid="3002" onid="8572" tsid="263" />
    <channel service_ref="1:0:1:0bbb:0107:217c:eeee0000:0:0:0:" name="ARTE ITALIA 125" service_name="ARTE ITALIA 125" provider="Canale Italia" sid="3003" onid="8572" tsid="263" />
    <channel service_ref="1:0:1:02fb:0107:217c:eeee0000:0:0:0:" name="Caccia e Pesca" service_name="Caccia e Pesca" provider="" sid="763" onid="8572" tsid="263" />
    <channel service_ref="1:0:1:0c84:0107:217c:eeee0000:0:0:0:" name="FRANCE 24" service_name="FRANCE 24" provider="Canale Italia" sid="3204" onid="8572" tsid="263" />
    <channel service_ref="1:0:1:0bb9:0107:217c:eeee0000:0:0:0:" name="ITALIA 121" service_name="ITALIA 121" provider="Canale Italia" sid="3001" onid="8572" tsid="263" />
    <channel service_ref="1:0:1:0bbc:0107:217c:eeee0000:0:0:0:" name="ITALIA 126" service_name="ITALIA 126" provider="Canale Italia" sid="3004" onid="8572" tsid="263" />
    <channel service_ref="1:0:1:0bbd:0107:217c:eeee0000:0:0:0:" name="ITALIA 127" service_name="ITALIA 127" provider="Canale Italia" sid="3005" onid="8572" tsid="263" />
    <channel service_ref="1:0:1:0bbf:0107:217c:eeee0000:0:0:0:" name="ITALIA 134" service_name="ITALIA 134" provider="Canale Italia" sid="3007" onid="8572" tsid="263" />
    <channel service_ref="1:0:1:0bbe:0107:217c:eeee0000:0:0:0:" name="ITALIA 135" service_name="ITALIA 135" provider="Canale Italia" sid="3006" onid="8572" tsid="263" />
    <channel service_ref="1:0:1:0c1f:0107:217c:eeee0000:0:0:0:" name="ITALIA 136" service_name="ITALIA 136" provider="Canale Italia" sid="3103" onid="8572" tsid="263" />
    <channel service_ref="1:0:1:0c82:0107:217c:eeee0000:0:0:0:" name="ITALIA 142" service_name="ITALIA 142" provider="Canale Italia" sid="3202" onid="8572" tsid="263" />
    <channel service_ref="1:0:1:0c22:0107:217c:eeee0000:0:0:0:" name="ITALIA 143" service_name="ITALIA 143" provider="Canale Italia" sid="3106" onid="8572" tsid="263" />
    <channel service_ref="1:0:1:0c21:0107:217c:eeee0000:0:0:0:" name="ITALIA 148" service_name="ITALIA 148" provider="Canale Italia" sid="3105" onid="8572" tsid="263" />
    <channel service_ref="1:0:1:0c20:0107:217c:eeee0000:0:0:0:" name="ITALIA 154" service_name="ITALIA 154" provider="Canale Italia" sid="3104" onid="8572" tsid="263" />
    <channel service_ref="1:0:1:0c87:0107:217c:eeee0000:0:0:0:" name="ITALIA 155" service_name="ITALIA 155" provider="Canale Italia" sid="3207" onid="8572" tsid="263" />
    <channel service_ref="1:0:1:0c1e:0107:217c:eeee0000:0:0:0:" name="ITALIA 156" service_name="ITALIA 156" provider="Canale Italia" sid="3102" onid="8572" tsid="263" />
    <channel service_ref="1:0:1:0c85:0107:217c:eeee0000:0:0:0:" name="ITALIA 159" service_name="ITALIA 159" provider="Canale Italia" sid="3205" onid="8572" tsid="263" />
    <channel service_ref="1:0:1:0c83:0107:217c:eeee0000:0:0:0:" name="ITALIA 160" service_name="ITALIA 160" provider="Canale Italia" sid="3203" onid="8572" tsid="263" />
    <channel service_ref="1:0:1:0c1d:0107:217c:eeee0000:0:0:0:" name="ITALIA 161" service_name="ITALIA 161" provider="Canale Italia" sid="3101" onid="8572" tsid="263" />
    <channel service_ref="1:0:1:0c23:0107:217c:eeee0000:0:0:0:" name="ITALIA 164" service_name="ITALIA 164" provider="Canale Italia" sid="3107" onid="8572" tsid="263" />
    <channel service_ref="1:0:25:02c7:0107:217c:eeee0000:0:0:0:" name="LA7 HD" service_name="LA7 HD" provider="" sid="711" onid="8572" tsid="263" />
    <channel service_ref="1:0:25:02d1:0107:217c:eeee0000:0:0:0:" name="LA7 HD" service_name="LA7 HD" provider="" sid="721" onid="8572" tsid="263" />
    <channel service_ref="1:0:25:02ef:0107:217c:eeee0000:0:0:0:" name="LA7 HD" service_name="LA7 HD" provider="" sid="751" onid="8572" tsid="263" />
    <channel service_ref="1:0:25:013e:0107:217c:eeee0000:0:0:0:" name="LA7 on demand" service_name="LA7 on demand" provider="" sid="318" onid="8572" tsid="263" />
    <channel service_ref="1:0:1:02fa:0107:217c:eeee0000:0:0:0:" name="LA7 Servizi on demand" service_name="LA7 Servizi on demand" provider="" sid="762" onid="8572" tsid="263" />
    <channel service_ref="1:0:1:013d:0107:217c:eeee0000:0:0:0:" name="LA7 Test" service_name="LA7 Test" provider="" sid="317" onid="8572" tsid="263" />
    <channel service_ref="1:0:1:02f9:0107:217c:eeee0000:0:0:0:" name="LA7 TEST" service_name="LA7 TEST" provider="" sid="761" onid="8572" tsid="263" />
    <channel service_ref="1:0:1:02fc:0107:217c:eeee0000:0:0:0:" name="LA7 TEST" service_name="LA7 TEST" provider="" sid="764" onid="8572" tsid="263" />
    <channel service_ref="1:0:25:02c8:0107:217c:eeee0000:0:0:0:" name="LA7CINEMA" service_name="LA7CINEMA" provider="" sid="712" onid="8572" tsid="263" />
    <channel service_ref="1:0:25:02d2:0107:217c:eeee0000:0:0:0:" name="LA7CINEMA" service_name="LA7CINEMA" provider="" sid="722" onid="8572" tsid="263" />
    <channel service_ref="1:0:25:02f0:0107:217c:eeee0000:0:0:0:" name="LA7CINEMA" service_name="LA7CINEMA" provider="" sid="752" onid="8572" tsid="263" />
    <channel service_ref="1:0:1:02fd:0107:217c:eeee0000:0:0:0:" name="LA7CINEMA TEST" service_name="LA7CINEMA TEST" provider="" sid="765" onid="8572" tsid="263" />
  </bouquet>
  <bouquet name="Movies" category="tv">
    <channel service_ref="1:0:25:02c8:0107:217c:eeee0000:0:0:0:" name="LA7CINEMA" service_name="LA7CINEMA" provider="" sid="712" onid="8572" tsid="263" />
    <channel service_ref="1:0:25:02d2:0107:217c:eeee0000:0:0:0:" name="LA7CINEMA" service_name="LA7CINEMA" provider="" sid="722" onid="8572" tsid="263" />
    <channel service_ref="1:0:25:02f0:0107:217c:eeee0000:0:0:0:" name="LA7CINEMA" service_name="LA7CINEMA" provider="" sid="752" onid="8572" tsid="263" />
    <channel service_ref="1:0:1:02fd:0107:217c:eeee0000:0:0:0:" name="LA7CINEMA TEST" service_name="LA7CINEMA TEST" provider="" sid="765" onid="8572" tsid="263" />
  </bouquet>
  <bouquet name="RAI" category="tv">
    <channel service_ref="1:0:1:0bba:0107:217c:eeee0000:0:0:0:" name="ARTE ITALIA 124" service_name="ARTE ITALIA 124" provider="Canale Italia" sid="3002" onid="8572" tsid="263" />
    <channel service_ref="1:0:1:0bbb:0107:217c:eeee0000:0:0:0:" name="ARTE ITALIA 125" service_name="ARTE ITALIA 125" provider="Canale Italia" sid="3003" onid="8572" tsid="263" />
    <channel service_ref="1:0:1:0c84:0107:217c:eeee0000:0:0:0:" name="FRANCE 24" service_name="FRANCE 24" provider="Canale Italia" sid="3204" onid="8572" tsid="263" />
    <channel service_ref="1:0:1:0bb9:0107:217c:eeee0000:0:0:0:" name="ITALIA 121" service_name="ITALIA 121" provider="Canale Italia" sid="3001" onid="8572" tsid="263" />
    <channel service_ref="1:0:1:0bbc:0107:217c:eeee0000:0:0:0:" name="ITALIA 126" service_name="ITALIA 126" provider="Canale Italia" sid="3004" onid="8572" tsid="263" />
    <channel service_ref="1:0:1:0bbd:0107:217c:eeee0000:0:0:0:" name="ITALIA 127" service_name="ITALIA 127" provider="Canale Italia" sid="3005" onid="8572" tsid="263" />
    <channel service_ref="1:0:1:0bbf:0107:217c:eeee0000:0:0:0:" name="ITALIA 134" service_name="ITALIA 134" provider="Canale Italia" sid="3007" onid="8572" tsid="263" />
    <channel service_ref="1:0:1:0bbe:0107:217c:eeee0000:0:0:0:" name="ITALIA 135" service_name="ITALIA 135" provider="Canale Italia" sid="3006" onid="8572" tsid="263" />
    <channel service_ref="1:0:1:0c1f:0107:217c:eeee0000:0:0:0:" name="ITALIA 136" service_name="ITALIA 136" provider="Canale Italia" sid="3103" onid="8572" tsid="263" />
    <channel service_ref="1:0:1:0c82:0107:217c:eeee0000:0:0:0:" name="ITALIA 142" service_name="ITALIA 142" provider="Canale Italia" sid="3202" onid="8572" tsid="263" />
    <channel service_ref="1:0:1:0c22:0107:217c:eeee0000:0:0:0:" name="ITALIA 143" service_name="ITALIA 143" provider="Canale Italia" sid="3106" onid="8572" tsid="263" />
    <channel service_ref="1:0:1:0c21:0107:217c:eeee0000:0:0:0:" name="ITALIA 148" service_name="ITALIA 148" provider="Canale Italia" sid="3105" onid="8572" tsid="263" />
    <channel service_ref="1:0:1:0c20:0107:217c:eeee0000:0:0:0:" name="ITALIA 154" service_name="ITALIA 154" provider="Canale Italia" sid="3104" onid="8572" tsid="263" />
    <channel service_ref="1:0:1:0c87:0107:217c:eeee0000:0:0:0:" name="ITALIA 155" service_name="ITALIA 155" provider="Canale Italia" sid="3207" onid="8572" tsid="263" />
    <channel service_ref="1:0:1:0c1e:0107:217c:eeee0000:0:0:0:" name="ITALIA 156" service_name="ITALIA 156" provider="Canale Italia" sid="3102" onid="8572" tsid="263" />
    <channel service_ref="1:0:1:0c85:0107:217c:eeee0000:0:0:0:" name="ITALIA 159" service_name="ITALIA 159" provider="Canale Italia" sid="3205" onid="8572" tsid="263" />
    <channel service_ref="1:0:1:0c83:0107:217c:eeee0000:0:0:0:" name="ITALIA 160" service_name="ITALIA 160" provider="Canale Italia" sid="3203" onid="8572" tsid="263" />
    <channel service_ref="1:0:1:0c1d:0107:217c:eeee0000:0:0:0:" name="ITALIA 161" service_name="ITALIA 161" provider="Canale Italia" sid="3101" onid="8572" tsid="263" />
    <channel service_ref="1:0:1:0c23:0107:217c:eeee0000:0:0:0:" name="ITALIA 164" service_name="ITALIA 164" provider="Canale Italia" sid="3107" onid="8572" tsid="263" />
  </bouquet>
  <bouquet name="Italy" category="tv">
    <channel service_ref="1:0:25:02c7:0107:217c:eeee0000:0:0:0:" name="LA7 HD" service_name="LA7 HD" provider="" sid="711" onid="8572" tsid="263" />
    <channel service_ref="1:0:25:02d1:0107:217c:eeee0000:0:0:0:" name="LA7 HD" service_name="LA7 HD" provider="" sid="721" onid="8572" tsid="263" />
    <channel service_ref="1:0:25:02ef:0107:217c:eeee0000:0:0:0:" name="LA7 HD" service_name="LA7 HD" provider="" sid="751" onid="8572" tsid="263" />
    <channel service_ref="1:0:25:013e:0107:217c:eeee0000:0:0:0:" name="LA7 on demand" service_name="LA7 on demand" provider="" sid="318" onid="8572" tsid="263" />
    <channel service_ref="1:0:1:02fa:0107:217c:eeee0000:0:0:0:" name="LA7 Servizi on demand" service_name="LA7 Servizi on demand" provider="" sid="762" onid="8572" tsid="263" />
    <channel service_ref="1:0:1:013d:0107:217c:eeee0000:0:0:0:" name="LA7 Test" service_name="LA7 Test" provider="" sid="317" onid="8572" tsid="263" />
    <channel service_ref="1:0:1:02f9:0107:217c:eeee0000:0:0:0:" name="LA7 TEST" service_name="LA7 TEST" provider="" sid="761" onid="8572" tsid="263" />
    <channel service_ref="1:0:1:02fc:0107:217c:eeee0000:0:0:0:" name="LA7 TEST" service_name="LA7 TEST" provider="" sid="764" onid="8572" tsid="263" />
  </bouquet>
  <bouquet name="Resolution - HD" category="tv">
    <channel service_ref="1:0:25:02c7:0107:217c:eeee0000:0:0:0:" name="LA7 HD" service_name="LA7 HD" provider="" sid="711" onid="8572" tsid="263" />
    <channel service_ref="1:0:25:02d1:0107:217c:eeee0000:0:0:0:" name="LA7 HD" service_name="LA7 HD" provider="" sid="721" onid="8572" tsid="263" />
    <channel service_ref="1:0:25:02ef:0107:217c:eeee0000:0:0:0:" name="LA7 HD" service_name="LA7 HD" provider="" sid="751" onid="8572" tsid="263" />
  </bouquet>
  <bouquet name="Others" category="tv">
    <channel service_ref="1:0:1:02fb:0107:217c:eeee0000:0:0:0:" name="Caccia e Pesca" service_name="Caccia e Pesca" provider="" sid="763" onid="8572" tsid="263" />
  </bouquet>
</zapit>
