{
  "api_version": 4,
  "bouquet_count": "244",
  "category": "all",
  "deduplicated_services": "0",
  "display_name": "All",
  "lamedb_version": "4",
  "last_seen": "unknown",
  "service_count": "13014",
  "source": "work/ingest/oe-alliance/vhannibal.motor.and.dtt.romagna/enigma2",
  "stale": "unknown",
  "stats": "{\"bouquet_count\": 48, \"cable_services\": 0, \"radio_services\": 2005, \"sat_services\": 12633, \"terrestrial_services\": 381, \"total_services\": 13014}",
  "thresholds": "{\"cable\": 20, \"sat\": 50, \"terrestrial\": 20}",
  "transponder_count": "966"
}