<?xml version='1.0' encoding='utf-8'?>
<zapit>
  <bouquet name="General" category="tv">
    <channel service_ref="1:0:1:0002:0003:ffff:02c1b0db:0:0:0:" name="Al Ayam TV" service_name="Al Ayam TV" provider="" sid="2" onid="65535" tsid="3" />
    <channel service_ref="1:0:1:0001:0000:0000:02c1b0e8:0:0:0:" name="Al Nujaba TV" service_name="Al Nujaba TV" provider="" sid="1" onid="0" tsid="0" />
    <channel service_ref="1:0:1:0001:0000:0000:02c1b116:0:0:0:" name="Al-Naeem TV HD" service_name="Al-Naeem TV HD" provider="" sid="1" onid="0" tsid="0" />
    <channel service_ref="1:0:1:0040:0001:0001:02c1b0eb:0:0:0:" name="Alanwar TV 2" service_name="Alanwar TV 2" provider="" sid="64" onid="1" tsid="1" />
    <channel service_ref="1:0:1:0001:0001:0000:02c1b114:0:0:0:" name="Bayyinat TV" service_name="Bayyinat TV" provider="BayyinatTV" sid="1" onid="0" tsid="1" />
    <channel service_ref="1:0:1:0029:0001:ffff:02c1b112:0:0:0:" name="ERICSSON" service_name="ERICSSON" provider="Service Provider" sid="41" onid="65535" tsid="1" />
    <channel service_ref="1:0:1:0001:0001:ffff:02c1b0f4:0:0:0:" name="Media TV" service_name="Media TV" provider="Service Provider" sid="1" onid="65535" tsid="1" />
    <channel service_ref="1:0:25:0001:0001:0001:02c1b18a:0:0:0:" name="MTA1-HD" service_name="MTA1-HD" provider="MTA INT." sid="1" onid="1" tsid="1" />
    <channel service_ref="1:0:1:0001:0001:ffff:02c131a4:0:0:0:" name="Service-1" service_name="Service-1" provider="Service Provider" sid="1" onid="65535" tsid="1" />
    <channel service_ref="1:0:1:0001:0001:0001:02c1b11a:0:0:0:" name="Thaqalayn" service_name="Thaqalayn" provider="Thaqalayn" sid="1" onid="1" tsid="1" />
  </bouquet>
  <bouquet name="Resolution - HD" category="tv">
    <channel service_ref="1:0:1:0001:0000:0000:02c1b116:0:0:0:" name="Al-Naeem TV HD" service_name="Al-Naeem TV HD" provider="" sid="1" onid="0" tsid="0" />
    <channel service_ref="1:0:25:0001:0001:0001:02c1b18a:0:0:0:" name="MTA1-HD" service_name="MTA1-HD" provider="MTA INT." sid="1" onid="1" tsid="1" />
  </bouquet>
  <bouquet name="Others" category="tv">
    <channel service_ref="1:0:1:0002:0003:ffff:02c1b0db:0:0:0:" name="Al Ayam TV" service_name="Al Ayam TV" provider="" sid="2" onid="65535" tsid="3" />
    <channel service_ref="1:0:1:0001:0000:0000:02c1b0e8:0:0:0:" name="Al Nujaba TV" service_name="Al Nujaba TV" provider="" sid="1" onid="0" tsid="0" />
    <channel service_ref="1:0:1:0001:0000:0000:02c1b116:0:0:0:" name="Al-Naeem TV HD" service_name="Al-Naeem TV HD" provider="" sid="1" onid="0" tsid="0" />
    <channel service_ref="1:0:1:0040:0001:0001:02c1b0eb:0:0:0:" name="Alanwar TV 2" service_name="Alanwar TV 2" provider="" sid="64" onid="1" tsid="1" />
    <channel service_ref="1:0:1:0001:0001:0000:02c1b114:0:0:0:" name="Bayyinat TV" service_name="Bayyinat TV" provider="BayyinatTV" sid="1" onid="0" tsid="1" />
    <channel service_ref="1:0:1:0029:0001:ffff:02c1b112:0:0:0:" name="ERICSSON" service_name="ERICSSON" provider="Service Provider" sid="41" onid="65535" tsid="1" />
    <channel service_ref="1:0:1:0001:0001:ffff:02c1b0f4:0:0:0:" name="Media TV" service_name="Media TV" provider="Service Provider" sid="1" onid="65535" tsid="1" />
    <channel service_ref="1:0:25:0001:0001:0001:02c1b18a:0:0:0:" name="MTA1-HD" service_name="MTA1-HD" provider="MTA INT." sid="1" onid="1" tsid="1" />
    <channel service_ref="1:0:1:0001:0001:ffff:02c131a4:0:0:0:" name="Service-1" service_name="Service-1" provider="Service Provider" sid="1" onid="65535" tsid="1" />
    <channel service_ref="1:0:1:0001:0001:0001:02c1b11a:0:0:0:" name="Thaqalayn" service_name="Thaqalayn" provider="Thaqalayn" sid="1" onid="1" tsid="1" />
  </bouquet>
  <bouquet name="Radio" category="radio">
    <channel service_ref="1:0:2:0003:0001:0001:02c1b18a:0:0:0:" name="RFA Asia Radio" service_name="RFA Asia Radio" provider="M-Three Satcom" sid="3" onid="1" tsid="1" />
    <channel service_ref="1:0:2:0002:0001:0001:02c1b18a:0:0:0:" name="VOA Tibetan Radio" service_name="VOA Tibetan Radio" provider="M-Three Satcom" sid="2" onid="1" tsid="1" />
  </bouquet>
  <bouquet name="Radio - Regional" category="radio">
    <channel service_ref="1:0:2:0003:0001:0001:02c1b18a:0:0:0:" name="RFA Asia Radio" service_name="RFA Asia Radio" provider="M-Three Satcom" sid="3" onid="1" tsid="1" />
    <channel service_ref="1:0:2:0002:0001:0001:02c1b18a:0:0:0:" name="VOA Tibetan Radio" service_name="VOA Tibetan Radio" provider="M-Three Satcom" sid="2" onid="1" tsid="1" />
  </bouquet>
</zapit>
