<?xml version='1.0' encoding='utf-8'?>
<zapit>
  <bouquet name="General" category="tv">
    <channel service_ref="1:0:1:0028:003c:217c:eeee0000:0:0:0:" name="DI.TV" service_name="DI.TV" provider="Scopus Network Technologies" sid="40" onid="8572" tsid="60" />
    <channel service_ref="1:0:1:0029:003c:217c:eeee0000:0:0:0:" name="DI.TV210" service_name="DI.TV210" provider="Scopus Network Technologies" sid="41" onid="8572" tsid="60" />
    <channel service_ref="1:0:1:000c:003c:217c:eeee0000:0:0:0:" name="ERREUNO TV" service_name="ERREUNO TV" provider="Iniziative" sid="12" onid="8572" tsid="60" />
    <channel service_ref="1:0:1:0008:003c:217c:eeee0000:0:0:0:" name="Icaro 211" service_name="Icaro 211" provider="Iniziative" sid="8" onid="8572" tsid="60" />
    <channel service_ref="1:0:1:0006:003c:217c:eeee0000:0:0:0:" name="Icaro TV" service_name="Icaro TV" provider="Iniziative" sid="6" onid="8572" tsid="60" />
    <channel service_ref="1:0:1:0007:003c:217c:eeee0000:0:0:0:" name="NewsRimini.Tv" service_name="NewsRimini.Tv" provider="iniziative" sid="7" onid="8572" tsid="60" />
    <channel service_ref="1:0:1:0003:003c:217c:eeee0000:0:0:0:" name="RETEBLU'" service_name="RETEBLU'" provider="Iniziative" sid="3" onid="8572" tsid="60" />
    <channel service_ref="1:0:1:000b:003c:217c:eeee0000:0:0:0:" name="test" service_name="test" provider="Iniziative" sid="11" onid="8572" tsid="60" />
  </bouquet>
  <bouquet name="News" category="tv">
    <channel service_ref="1:0:1:0007:003c:217c:eeee0000:0:0:0:" name="NewsRimini.Tv" service_name="NewsRimini.Tv" provider="iniziative" sid="7" onid="8572" tsid="60" />
  </bouquet>
  <bouquet name="Others" category="tv">
    <channel service_ref="1:0:1:0028:003c:217c:eeee0000:0:0:0:" name="DI.TV" service_name="DI.TV" provider="Scopus Network Technologies" sid="40" onid="8572" tsid="60" />
    <channel service_ref="1:0:1:0029:003c:217c:eeee0000:0:0:0:" name="DI.TV210" service_name="DI.TV210" provider="Scopus Network Technologies" sid="41" onid="8572" tsid="60" />
    <channel service_ref="1:0:1:000c:003c:217c:eeee0000:0:0:0:" name="ERREUNO TV" service_name="ERREUNO TV" provider="Iniziative" sid="12" onid="8572" tsid="60" />
    <channel service_ref="1:0:1:0008:003c:217c:eeee0000:0:0:0:" name="Icaro 211" service_name="Icaro 211" provider="Iniziative" sid="8" onid="8572" tsid="60" />
    <channel service_ref="1:0:1:0006:003c:217c:eeee0000:0:0:0:" name="Icaro TV" service_name="Icaro TV" provider="Iniziative" sid="6" onid="8572" tsid="60" />
    <channel service_ref="1:0:1:0003:003c:217c:eeee0000:0:0:0:" name="RETEBLU'" service_name="RETEBLU'" provider="Iniziative" sid="3" onid="8572" tsid="60" />
    <channel service_ref="1:0:1:000b:003c:217c:eeee0000:0:0:0:" name="test" service_name="test" provider="Iniziative" sid="11" onid="8572" tsid="60" />
  </bouquet>
  <bouquet name="Radio" category="radio">
    <channel service_ref="1:0:2:0002:003c:217c:eeee0000:0:0:0:" name="Radio Musica" service_name="Radio Musica" provider="COOP. APERTA" sid="2" onid="8572" tsid="60" />
  </bouquet>
  <bouquet name="Radio - Music" category="radio">
    <channel service_ref="1:0:2:0002:003c:217c:eeee0000:0:0:0:" name="Radio Musica" service_name="Radio Musica" provider="COOP. APERTA" sid="2" onid="8572" tsid="60" />
  </bouquet>
</zapit>
