{
  "api_version": 4,
  "bouquet_count": "244",
  "category": "sat",
  "deduplicated_services": "0",
  "display_name": "Sat-36E",
  "lamedb_version": "4",
  "last_seen": "unknown",
  "satellite_code": "S36E",
  "service_count": "13009",
  "source": "work/ingest/oe-alliance/vhannibal.motor.and.dtt.romagna/enigma2",
  "stale": "unknown",
  "stats": "{\"bouquet_count\": 48, \"cable_services\": 0, \"radio_services\": 2002, \"sat_services\": 12628, \"terrestrial_services\": 381, \"total_services\": 13009}",
  "thresholds": "{\"cable\": 20, \"sat\": 50, \"terrestrial\": 20}",
  "transponder_count": "965"
}