<?xml version='1.0' encoding='utf-8'?>
<zapit>
  <bouquet name="General" category="tv">
    <channel service_ref="1:0:1:0001:0001:ffff:013130f5:0:0:0:" name="2M NAT" service_name="2M NAT" provider="SOREAD 2M" sid="1" onid="65535" tsid="1" />
    <channel service_ref="1:0:25:0001:0001:ffff:0131ab48:0:0:0:" name="Al Basrah TV" service_name="Al Basrah TV" provider="" sid="1" onid="65535" tsid="1" />
    <channel service_ref="1:0:1:0001:0001:0001:0131ada0:0:0:0:" name="AljadeedTv" service_name="AljadeedTv" provider="none" sid="1" onid="1" tsid="1" />
    <channel service_ref="1:0:1:c515:0000:0000:01312cfb:0:0:0:" name="ALKARMA TURKEY ME1" service_name="ALKARMA TURKEY ME1" provider="TRT" sid="50453" onid="0" tsid="0" />
    <channel service_ref="1:0:1:0001:0001:0000:0131b0db:0:0:0:" name="Digital 1" service_name="Digital 1" provider="" sid="1" onid="0" tsid="1" />
    <channel service_ref="1:0:1:0001:0001:ffff:0131b1b6:0:0:0:" name="Ericsson Service" service_name="Ericsson Service" provider="EricssonTV" sid="1" onid="65535" tsid="1" />
    <channel service_ref="1:0:25:0001:0005:000a:01310000:0:0:0:" name="LBC International" service_name="LBC International" provider="" sid="1" onid="10" tsid="5" />
    <channel service_ref="1:0:1:0001:02bd:02bd:01310000:0:0:0:" name="LBCI AM" service_name="LBCI AM" provider="" sid="1" onid="701" tsid="701" />
    <channel service_ref="1:0:25:001b:0000:0000:0131b1be:0:0:0:" name="NBN" service_name="NBN" provider="" sid="27" onid="0" tsid="0" />
    <channel service_ref="1:0:1:0002:0001:ffff:013130f5:0:0:0:" name="RADIO 2M" service_name="RADIO 2M" provider="SOREAD 2M" sid="2" onid="65535" tsid="1" />
    <channel service_ref="1:0:1:0001:0001:006e:01312b90:0:0:0:" name="SBC EN 1" service_name="SBC EN 1" provider="SAUDI TV1" sid="1" onid="110" tsid="1" />
    <channel service_ref="1:0:1:026e:0001:026e:01310000:0:0:0:" name="SERVICE 01" service_name="SERVICE 01" provider="ALMAJD" sid="622" onid="622" tsid="1" />
    <channel service_ref="1:0:1:0001:0001:ffff:01312ae7:0:0:0:" name="SNG 6 MAIN" service_name="SNG 6 MAIN" provider="Service Provider" sid="1" onid="65535" tsid="1" />
    <channel service_ref="1:0:1:0001:0000:0000:01313196:0:0:0:" name="Sunna TV" service_name="Sunna TV" provider="" sid="1" onid="0" tsid="0" />
    <channel service_ref="1:0:1:0028:0000:0000:0131b0fd:0:0:0:" name="Tele Liban" service_name="Tele Liban" provider="" sid="40" onid="0" tsid="0" />
    <channel service_ref="1:0:25:0001:0001:ffff:0131ab5c:0:0:0:" name="TL SNG5A" service_name="TL SNG5A" provider="TANDBERG Television" sid="1" onid="65535" tsid="1" />
    <channel service_ref="1:0:25:c514:0000:0000:01312cfb:0:0:0:" name="TRT ARABI HD" service_name="TRT ARABI HD" provider="TRT" sid="50452" onid="0" tsid="0" />
    <channel service_ref="1:0:25:c513:0000:0000:01312cfb:0:0:0:" name="TRT WORLD HD" service_name="TRT WORLD HD" provider="TRT" sid="50451" onid="0" tsid="0" />
    <channel service_ref="1:0:1:c512:0000:0000:01312cfb:0:0:0:" name="TURKSAT TANITIM" service_name="TURKSAT TANITIM" provider="" sid="50450" onid="0" tsid="0" />
    <channel service_ref="1:0:1:0001:0001:ff01:0131aaf0:0:0:0:" name="TURKSAT TANITIM SD" service_name="TURKSAT TANITIM SD" provider="TURKSAT" sid="1" onid="65281" tsid="1" />
    <channel service_ref="1:0:1:0001:0001:ffff:0131b0f1:0:0:0:" name="TV" service_name="TV" provider="ALDEWAN" sid="1" onid="65535" tsid="1" />
  </bouquet>
  <bouquet name="RTL" category="tv">
    <channel service_ref="1:0:1:0001:0001:ffff:0131b1b6:0:0:0:" name="Ericsson Service" service_name="Ericsson Service" provider="EricssonTV" sid="1" onid="65535" tsid="1" />
  </bouquet>
  <bouquet name="Switzerland" category="tv">
    <channel service_ref="1:0:1:0028:0000:0000:0131b0fd:0:0:0:" name="Tele Liban" service_name="Tele Liban" provider="" sid="40" onid="0" tsid="0" />
    <channel service_ref="1:0:25:0001:0001:ffff:0131ab5c:0:0:0:" name="TL SNG5A" service_name="TL SNG5A" provider="TANDBERG Television" sid="1" onid="65535" tsid="1" />
  </bouquet>
  <bouquet name="Resolution - HD" category="tv">
    <channel service_ref="1:0:25:c514:0000:0000:01312cfb:0:0:0:" name="TRT ARABI HD" service_name="TRT ARABI HD" provider="TRT" sid="50452" onid="0" tsid="0" />
    <channel service_ref="1:0:25:c513:0000:0000:01312cfb:0:0:0:" name="TRT WORLD HD" service_name="TRT WORLD HD" provider="TRT" sid="50451" onid="0" tsid="0" />
  </bouquet>
  <bouquet name="Resolution - SD" category="tv">
    <channel service_ref="1:0:1:0001:0001:ff01:0131aaf0:0:0:0:" name="TURKSAT TANITIM SD" service_name="TURKSAT TANITIM SD" provider="TURKSAT" sid="1" onid="65281" tsid="1" />
  </bouquet>
  <bouquet name="International" category="tv">
    <channel service_ref="1:0:1:c515:0000:0000:01312cfb:0:0:0:" name="ALKARMA TURKEY ME1" service_name="ALKARMA TURKEY ME1" provider="TRT" sid="50453" onid="0" tsid="0" />
    <channel service_ref="1:0:1:0001:0001:0000:0131b0db:0:0:0:" name="Digital 1" service_name="Digital 1" provider="" sid="1" onid="0" tsid="1" />
    <channel service_ref="1:0:25:c514:0000:0000:01312cfb:0:0:0:" name="TRT ARABI HD" service_name="TRT ARABI HD" provider="TRT" sid="50452" onid="0" tsid="0" />
    <channel service_ref="1:0:25:c513:0000:0000:01312cfb:0:0:0:" name="TRT WORLD HD" service_name="TRT WORLD HD" provider="TRT" sid="50451" onid="0" tsid="0" />
    <channel service_ref="1:0:1:c512:0000:0000:01312cfb:0:0:0:" name="TURKSAT TANITIM" service_name="TURKSAT TANITIM" provider="" sid="50450" onid="0" tsid="0" />
    <channel service_ref="1:0:1:0001:0001:ff01:0131aaf0:0:0:0:" name="TURKSAT TANITIM SD" service_name="TURKSAT TANITIM SD" provider="TURKSAT" sid="1" onid="65281" tsid="1" />
  </bouquet>
  <bouquet name="Others" category="tv">
    <channel service_ref="1:0:1:0001:0001:ffff:013130f5:0:0:0:" name="2M NAT" service_name="2M NAT" provider="SOREAD 2M" sid="1" onid="65535" tsid="1" />
    <channel service_ref="1:0:25:0001:0001:ffff:0131ab48:0:0:0:" name="Al Basrah TV" service_name="Al Basrah TV" provider="" sid="1" onid="65535" tsid="1" />
    <channel service_ref="1:0:1:0001:0001:0001:0131ada0:0:0:0:" name="AljadeedTv" service_name="AljadeedTv" provider="none" sid="1" onid="1" tsid="1" />
    <channel service_ref="1:0:25:0001:0005:000a:01310000:0:0:0:" name="LBC International" service_name="LBC International" provider="" sid="1" onid="10" tsid="5" />
    <channel service_ref="1:0:1:0001:02bd:02bd:01310000:0:0:0:" name="LBCI AM" service_name="LBCI AM" provider="" sid="1" onid="701" tsid="701" />
    <channel service_ref="1:0:25:001b:0000:0000:0131b1be:0:0:0:" name="NBN" service_name="NBN" provider="" sid="27" onid="0" tsid="0" />
    <channel service_ref="1:0:1:0002:0001:ffff:013130f5:0:0:0:" name="RADIO 2M" service_name="RADIO 2M" provider="SOREAD 2M" sid="2" onid="65535" tsid="1" />
    <channel service_ref="1:0:1:0001:0001:006e:01312b90:0:0:0:" name="SBC EN 1" service_name="SBC EN 1" provider="SAUDI TV1" sid="1" onid="110" tsid="1" />
    <channel service_ref="1:0:1:026e:0001:026e:01310000:0:0:0:" name="SERVICE 01" service_name="SERVICE 01" provider="ALMAJD" sid="622" onid="622" tsid="1" />
    <channel service_ref="1:0:1:0001:0001:ffff:01312ae7:0:0:0:" name="SNG 6 MAIN" service_name="SNG 6 MAIN" provider="Service Provider" sid="1" onid="65535" tsid="1" />
    <channel service_ref="1:0:1:0001:0000:0000:01313196:0:0:0:" name="Sunna TV" service_name="Sunna TV" provider="" sid="1" onid="0" tsid="0" />
    <channel service_ref="1:0:1:0001:0001:ffff:0131b0f1:0:0:0:" name="TV" service_name="TV" provider="ALDEWAN" sid="1" onid="65535" tsid="1" />
  </bouquet>
</zapit>
