<?xml version='1.0' encoding='utf-8'?>
<zapit api="4">
  <terrestrials>
    <terrestrial key="eeee0000:0144:217c" name="ANTENNATRE" namespace="0xeeee0000">
      <transponder key="eeee0000:0144:217c" frequency="674000000" symbol_rate="0" polarization="H" fec="5" system="0" modulation="4">
        <service id="0x0fac" sid="4012" name="19 Espansione TV" type="1" provider="19 Espansione TV" onid="8572" tsid="324" namespace="0xeeee0000" />
        <service id="0x0faa" sid="4010" name="19 EspansioneTV" type="1" provider="19 EspansioneTv" onid="8572" tsid="324" namespace="0xeeee0000" />
        <service id="0x0002" sid="2" name="ANTENNATRE" type="1" provider="TELELOMBARDIA" onid="8572" tsid="324" namespace="0xeeee0000" />
        <service id="0x023b" sid="571" name="ANTENNATRE HD" type="1" provider="ANTENNATRE" onid="8572" tsid="324" namespace="0xeeee0000" />
        <service id="0x0fad" sid="4013" name="Espansione TV HD" type="1" provider="Espansione TV" onid="8572" tsid="324" namespace="0xeeee0000" />
        <service id="0x0006" sid="6" name="MILANOW" type="1" provider="TELELOMBARDIA" onid="8572" tsid="324" namespace="0xeeee0000" />
        <service id="0x0001" sid="1" name="TELELOMBARDIA" type="1" provider="TELELOMBARDIA" onid="8572" tsid="324" namespace="0xeeee0000" />
        <service id="0x023a" sid="570" name="TELELOMBARDIA HD" type="1" provider="ANTENNATRE" onid="8572" tsid="324" namespace="0xeeee0000" />
        <service id="0x0004" sid="4" name="TOP CALCIO 24" type="1" provider="TELELOMBARDIA" onid="8572" tsid="324" namespace="0xeeee0000" />
        <service id="0x0009" sid="9" name="TOP MUSIC" type="1" provider="ANTENNATRE" onid="8572" tsid="324" namespace="0xeeee0000" />
        <service id="0x0003" sid="3" name="TOP PLANET TOP GUSTO - C6" type="1" provider="AntennaTre" onid="8572" tsid="324" namespace="0xeeee0000" />
        <service id="0x0008" sid="8" name="TOP TECH" type="1" provider="ANTENNATRE" onid="8572" tsid="324" namespace="0xeeee0000" />
        <service id="0x0fae" sid="4014" name="ViVo Pavia" type="1" provider="ViVo Pavia" onid="8572" tsid="324" namespace="0xeeee0000" />
      </transponder>
    </terrestrial>
  </terrestrials>
</zapit>
