<?xml version='1.0' encoding='utf-8'?>
<zapit api="4">
  <terrestrials>
    <terrestrial key="eeee0000:27fb:0148" name="STUDIO1" namespace="0xeeee0000">
      <transponder key="eeee0000:27fb:0148" frequency="554000000" symbol_rate="0" polarization="H" fec="5" system="0" modulation="4">
        <service id="0x0001" sid="1" name="CREMONA1" type="22" provider="STUDIO1" onid="328" tsid="10235" namespace="0xeeee0000" />
        <service id="0x0008" sid="8" name="RADIO BRUNO" type="25" provider="STUDIO1" onid="328" tsid="10235" namespace="0xeeee0000" />
        <service id="0x0002" sid="2" name="STUDIO1 LOMBARDIA" type="22" provider="STUDIO1" onid="328" tsid="10235" namespace="0xeeee0000" />
        <service id="0x002e" sid="46" name="TELECAMPIONE" type="22" provider="STUDIO1" onid="328" tsid="10235" namespace="0xeeee0000" />
      </transponder>
    </terrestrial>
  </terrestrials>
</zapit>
