<?xml version='1.0' encoding='utf-8'?>
<zapit>
  <bouquet name="General" category="tv">
    <channel service_ref="1:0:25:0bd6:0003:0001:013bafaf:0:0:0:" name="1.tv Georgia" service_name="1.tv Georgia" provider="Magtisat" sid="3030" onid="1" tsid="3" />
    <channel service_ref="1:0:25:019f:0002:0001:013b2eb2:0:0:0:" name="24 Dok" service_name="24 Dok" provider="Magtisat" sid="415" onid="1" tsid="2" />
    <channel service_ref="1:0:25:041c:0002:0001:013b2eb2:0:0:0:" name="365 dnei TV" service_name="365 dnei TV" provider="Magtisat" sid="1052" onid="1" tsid="2" />
    <channel service_ref="1:0:25:044a:0003:0001:013bafaf:0:0:0:" name="Abkhazetis Khma" service_name="Abkhazetis Khma" provider="Magtisat" sid="1098" onid="1" tsid="3" />
    <channel service_ref="1:0:25:1db7:145c:0005:013b0000:0:0:0:" name="Acasa TV Gold" service_name="Acasa TV Gold" provider="Orange Romania" sid="7607" onid="5" tsid="5212" />
    <channel service_ref="1:0:25:1db2:145c:0005:013b0000:0:0:0:" name="Acasá TV" service_name="Acasá TV" provider="Orange Romania" sid="7602" onid="5" tsid="5212" />
    <channel service_ref="1:0:25:20d2:1470:00a7:013b0000:0:0:0:" name="Acasá TV HD" service_name="Acasá TV HD" provider="Orange Romania" sid="8402" onid="167" tsid="5232" />
    <channel service_ref="1:0:25:01b8:0003:0001:013bafaf:0:0:0:" name="Adjara TV" service_name="Adjara TV" provider="Magtisat" sid="440" onid="1" tsid="3" />
    <channel service_ref="1:0:25:07dd:1464:00a7:013b0000:0:0:0:" name="AMC Eastern Europe" service_name="AMC Eastern Europe" provider="Orange Romania" sid="2013" onid="167" tsid="5220" />
    <channel service_ref="1:0:25:00c2:0001:0001:013baec5:0:0:0:" name="Animal Planet Eastern Europe" service_name="Animal Planet Eastern Europe" provider="Magtisat" sid="194" onid="1" tsid="1" />
    <channel service_ref="1:0:25:07da:1464:00a7:013b0000:0:0:0:" name="Animal Planet HD" service_name="Animal Planet HD" provider="Orange Romania" sid="2010" onid="167" tsid="5220" />
    <channel service_ref="1:0:25:07d9:1464:00a7:013b0000:0:0:0:" name="Antena 1 HD" service_name="Antena 1 HD" provider="Orange Romania" sid="2009" onid="167" tsid="5220" />
    <channel service_ref="1:0:25:20d4:1470:00a7:013b0000:0:0:0:" name="Antena 3 HD Romania" service_name="Antena 3 HD Romania" provider="Orange Romania" sid="8404" onid="167" tsid="5232" />
    <channel service_ref="1:0:25:200b:1464:00a7:013b0000:0:0:0:" name="Antena International HD" service_name="Antena International HD" provider="Orange Romania" sid="8203" onid="167" tsid="5220" />
    <channel service_ref="1:0:25:206d:146c:00a7:013b0000:0:0:0:" name="Antena Stars HD" service_name="Antena Stars HD" provider="Orange Romania" sid="8301" onid="167" tsid="5228" />
    <channel service_ref="1:0:25:03fa:0004:0001:013b2fea:0:0:0:" name="Armenia TV" service_name="Armenia TV" provider="Magtisat" sid="1018" onid="1" tsid="4" />
    <channel service_ref="1:0:25:01a2:0002:0001:013b2eb2:0:0:0:" name="Auto Plus (Russia)" service_name="Auto Plus (Russia)" provider="Magtisat" sid="418" onid="1" tsid="2" />
    <channel service_ref="1:0:25:089e:1468:00a7:013b0000:0:0:0:" name="AXN Black" service_name="AXN Black" provider="Orange Romania" sid="2206" onid="167" tsid="5224" />
    <channel service_ref="1:0:25:1fb3:1460:00a7:013b0000:0:0:0:" name="AXN HD" service_name="AXN HD" provider="Orange Romania" sid="8115" onid="167" tsid="5216" />
    <channel service_ref="1:0:25:220c:1468:00a7:013b0000:0:0:0:" name="AXN Spin Romania" service_name="AXN Spin Romania" provider="Orange Romania" sid="8716" onid="167" tsid="5224" />
    <channel service_ref="1:0:25:089f:1468:00a7:013b0000:0:0:0:" name="AXN White" service_name="AXN White" provider="Orange Romania" sid="2207" onid="167" tsid="5224" />
    <channel service_ref="1:0:25:100e:0004:0001:013b2fea:0:0:0:" name="Az TV 1" service_name="Az TV 1" provider="magtisat" sid="4110" onid="1" tsid="4" />
    <channel service_ref="1:0:25:1faa:1460:00a7:013b0000:0:0:0:" name="Baby TV" service_name="Baby TV" provider="Orange Romania" sid="8106" onid="167" tsid="5216" />
    <channel service_ref="1:0:25:200c:1464:00a7:013b0000:0:0:0:" name="Balkanika" service_name="Balkanika" provider="Orange Romania" sid="8204" onid="167" tsid="5220" />
    <channel service_ref="1:0:25:07dc:1464:00a7:013b0000:0:0:0:" name="BBC Earth" service_name="BBC Earth" provider="Orange Romania" sid="2012" onid="167" tsid="5220" />
    <channel service_ref="1:0:25:03ed:0001:0001:013baec5:0:0:0:" name="BBC World News" service_name="BBC World News" provider="Magtisat" sid="1005" onid="1" tsid="1" />
    <channel service_ref="1:0:25:08a0:1468:00a7:013b0000:0:0:0:" name="BBC World News" service_name="BBC World News" provider="Orange Romania" sid="2208" onid="167" tsid="5224" />
    <channel service_ref="1:0:25:035a:1474:00a7:013b0000:0:0:0:" name="Bollywood HD" service_name="Bollywood HD" provider="Orange Romania" sid="858" onid="167" tsid="5236" />
    <channel service_ref="1:0:25:206e:146c:00a7:013b0000:0:0:0:" name="Bucuresti 1 TV" service_name="Bucuresti 1 TV" provider="Orange Romania" sid="8302" onid="167" tsid="5228" />
    <channel service_ref="1:0:25:019e:0002:0001:013b2eb2:0:0:0:" name="Cartoon Network Russia &amp; South Eastern Europe" service_name="Cartoon Network Russia &amp; South Eastern Europe" provider="Magtisat" sid="414" onid="1" tsid="2" />
    <channel service_ref="1:0:1:1c70:1453:0005:013b0000:0:0:0:" name="Caspionet (Khaber TV)" service_name="Caspionet (Khaber TV)" provider="Poverkhnost TV" sid="7280" onid="5" tsid="5203" />
    <channel service_ref="1:0:25:040d:0002:0001:013b2eb2:0:0:0:" name="Chasse et Pêche" service_name="Chasse et Pêche" provider="Magtisat" sid="1037" onid="1" tsid="2" />
    <channel service_ref="1:0:25:01c1:0003:0001:013bafaf:0:0:0:" name="Chveni Magti" service_name="Chveni Magti" provider="Harmonic" sid="449" onid="1" tsid="3" />
    <channel service_ref="1:0:25:03f0:0001:0001:013baec5:0:0:0:" name="CNBC Europe" service_name="CNBC Europe" provider="Magtisat" sid="1008" onid="1" tsid="1" />
    <channel service_ref="1:0:25:0ff0:0004:0001:013b2fea:0:0:0:" name="CNN International Europe" service_name="CNN International Europe" provider="magtisat" sid="4080" onid="1" tsid="4" />
    <channel service_ref="1:0:25:07d0:0003:0001:013bafaf:0:0:0:" name="Comedy Arkhi" service_name="Comedy Arkhi" provider="Magtisat" sid="2000" onid="1" tsid="3" />
    <channel service_ref="1:0:25:1faf:1460:00a7:013b0000:0:0:0:" name="Comedy Central Bulgaria &amp; Romania" service_name="Comedy Central Bulgaria &amp; Romania" provider="Orange Romania" sid="8111" onid="167" tsid="5216" />
    <channel service_ref="1:0:25:207d:146c:00a7:013b0000:0:0:0:" name="Cool TV Romania" service_name="Cool TV Romania" provider="Orange Romania" sid="8317" onid="167" tsid="5228" />
    <channel service_ref="1:0:25:1fb4:1460:00a7:013b0000:0:0:0:" name="Crime &amp; Investigation Network" service_name="Crime &amp; Investigation Network" provider="Orange Romania" sid="8116" onid="167" tsid="5216" />
    <channel service_ref="1:0:25:043b:0004:0001:013b2fea:0:0:0:" name="Da Vinci Learning" service_name="Da Vinci Learning" provider="magtisat" sid="1083" onid="1" tsid="4" />
    <channel service_ref="1:0:25:0bcc:0003:0001:013bafaf:0:0:0:" name="Dardi Mandi" service_name="Dardi Mandi" provider="Magtisat" sid="3020" onid="1" tsid="3" />
    <channel service_ref="1:0:25:00c1:0001:0001:013baec5:0:0:0:" name="Discovery Channel Eastern Europe" service_name="Discovery Channel Eastern Europe" provider="Magtisat" sid="193" onid="1" tsid="1" />
    <channel service_ref="1:0:25:081a:146c:00a7:013b0000:0:0:0:" name="Discovery Channel Romania" service_name="Discovery Channel Romania" provider="Orange Romania" sid="2074" onid="167" tsid="5228" />
    <channel service_ref="1:0:25:1fac:1460:00a7:013b0000:0:0:0:" name="Discovery HD Showcase" service_name="Discovery HD Showcase" provider="Orange Romania" sid="8108" onid="167" tsid="5216" />
    <channel service_ref="1:0:25:00bf:0001:0001:013baec5:0:0:0:" name="Discovery Science" service_name="Discovery Science" provider="Magtisat" sid="191" onid="1" tsid="1" />
    <channel service_ref="1:0:25:219f:1478:00a7:013b0000:0:0:0:" name="Discovery Science" service_name="Discovery Science" provider="Orange Romania" sid="8607" onid="167" tsid="5240" />
    <channel service_ref="1:0:25:00c0:0001:0001:013baec5:0:0:0:" name="Discovery World" service_name="Discovery World" provider="Magtisat" sid="192" onid="1" tsid="1" />
    <channel service_ref="1:0:25:20d6:1470:00a7:013b0000:0:0:0:" name="Disney Channel Romania, Bulgaria &amp; Ukraine" service_name="Disney Channel Romania, Bulgaria &amp; Ukraine" provider="Orange Romania" sid="8406" onid="167" tsid="5232" />
    <channel service_ref="1:0:25:085b:1474:00a7:013b0000:0:0:0:" name="Disney Junior Romania" service_name="Disney Junior Romania" provider="Orange Romania" sid="2139" onid="167" tsid="5236" />
    <channel service_ref="1:0:25:207b:146c:00a7:013b0000:0:0:0:" name="Diva Universal Romania" service_name="Diva Universal Romania" provider="Orange Romania" sid="8315" onid="167" tsid="5228" />
    <channel service_ref="1:0:25:03f3:0001:0001:013baec5:0:0:0:" name="DocuBox" service_name="DocuBox" provider="Magtisat" sid="1011" onid="1" tsid="1" />
    <channel service_ref="1:0:25:1fad:1460:00a7:013b0000:0:0:0:" name="DocuBOX HD" service_name="DocuBOX HD" provider="Orange Romania" sid="8109" onid="167" tsid="5216" />
    <channel service_ref="1:0:25:03f8:0001:0001:013baec5:0:0:0:" name="Dom Kino" service_name="Dom Kino" provider="Magtisat" sid="1016" onid="1" tsid="1" />
    <channel service_ref="1:0:25:01ac:0002:0001:013b2eb2:0:0:0:" name="Dom Kino Premium" service_name="Dom Kino Premium" provider="Magtisat" sid="428" onid="1" tsid="2" />
    <channel service_ref="1:0:25:20df:1470:00a7:013b0000:0:0:0:" name="Dorcel TV" service_name="Dorcel TV" provider="Orange Romania" sid="8415" onid="167" tsid="5232" />
    <channel service_ref="1:0:25:0bc2:0003:0001:013bafaf:0:0:0:" name="Dro TV" service_name="Dro TV" provider="Magtisat" sid="3010" onid="1" tsid="3" />
    <channel service_ref="1:0:25:21fe:1468:00a7:013b0000:0:0:0:" name="DTX HD" service_name="DTX HD" provider="Orange Romania" sid="8702" onid="167" tsid="5224" />
    <channel service_ref="1:0:25:03f4:0001:0001:013baec5:0:0:0:" name="Duck TV" service_name="Duck TV" provider="Magtisat" sid="1012" onid="1" tsid="1" />
    <channel service_ref="1:0:25:200d:1464:00a7:013b0000:0:0:0:" name="Duck TV" service_name="Duck TV" provider="Orange Romania" sid="8205" onid="167" tsid="5220" />
    <channel service_ref="1:0:25:07e3:1464:00a7:013b0000:0:0:0:" name="Duna TV" service_name="Duna TV" provider="Orange Romania" sid="2019" onid="167" tsid="5220" />
    <channel service_ref="1:0:25:0fdc:0004:0001:013b2fea:0:0:0:" name="DW-TV (Deutsche Welle)" service_name="DW-TV (Deutsche Welle)" provider="magtisat" sid="4060" onid="1" tsid="4" />
    <channel service_ref="1:0:25:21a5:1478:00a7:013b0000:0:0:0:" name="E! Eastern Europe HD" service_name="E! Eastern Europe HD" provider="Orange Romania" sid="8613" onid="167" tsid="5240" />
    <channel service_ref="1:0:25:03f6:0001:0001:013baec5:0:0:0:" name="Enki Benki" service_name="Enki Benki" provider="Harmonic" sid="1014" onid="1" tsid="1" />
    <channel service_ref="1:0:25:089b:1468:00a7:013b0000:0:0:0:" name="Erotica HD" service_name="Erotica HD" provider="Orange Romania" sid="2203" onid="167" tsid="5224" />
    <channel service_ref="1:0:25:040a:0002:0001:013b2eb2:0:0:0:" name="Erox HD" service_name="Erox HD" provider="Magtisat" sid="1034" onid="1" tsid="2" />
    <channel service_ref="1:0:25:081f:146c:00a7:013b0000:0:0:0:" name="EroXX HD" service_name="EroXX HD" provider="Orange Romania" sid="2079" onid="167" tsid="5228" />
    <channel service_ref="1:0:25:014a:0003:0001:013bafaf:0:0:0:" name="Ertsulovneba" service_name="Ertsulovneba" provider="Magtisat" sid="330" onid="1" tsid="3" />
    <channel service_ref="1:0:25:1fb0:1460:00a7:013b0000:0:0:0:" name="Etno TV" service_name="Etno TV" provider="Orange Romania" sid="8112" onid="167" tsid="5216" />
    <channel service_ref="1:0:25:03f2:0001:0001:013baec5:0:0:0:" name="EuroNews" service_name="EuroNews" provider="Magtisat" sid="1010" onid="1" tsid="1" />
    <channel service_ref="1:0:25:20d5:1470:00a7:013b0000:0:0:0:" name="EuroNews" service_name="EuroNews" provider="Orange Romania" sid="8405" onid="167" tsid="5232" />
    <channel service_ref="1:0:25:03fd:0001:0001:013baec5:0:0:0:" name="Eurosport 1" service_name="Eurosport 1" provider="Magtisat" sid="1021" onid="1" tsid="1" />
    <channel service_ref="1:0:25:213a:1474:00a7:013b0000:0:0:0:" name="Eurosport 1 HD" service_name="Eurosport 1 HD" provider="Orange Romania" sid="8506" onid="167" tsid="5236" />
    <channel service_ref="1:0:25:03fe:0001:0001:013baec5:0:0:0:" name="Eurosport 2" service_name="Eurosport 2" provider="Magtisat" sid="1022" onid="1" tsid="1" />
    <channel service_ref="1:0:25:219e:1478:00a7:013b0000:0:0:0:" name="Eurosport 2 HD" service_name="Eurosport 2 HD" provider="Orange Romania" sid="8606" onid="167" tsid="5240" />
    <channel service_ref="1:0:25:03fb:0001:0001:013baec5:0:0:0:" name="Eurosport News" service_name="Eurosport News" provider="Magtisat" sid="1019" onid="1" tsid="1" />
    <channel service_ref="1:0:25:207c:146c:00a7:013b0000:0:0:0:" name="Extreme Sports" service_name="Extreme Sports" provider="Orange Romania" sid="8316" onid="167" tsid="5228" />
    <channel service_ref="1:0:25:03ef:0001:0001:013baec5:0:0:0:" name="Fashion TV" service_name="Fashion TV" provider="Magtisat" sid="1007" onid="1" tsid="1" />
    <channel service_ref="1:0:25:01b0:0003:0001:013bafaf:0:0:0:" name="FashionBox" service_name="FashionBox" provider="Magtisat" sid="432" onid="1" tsid="3" />
    <channel service_ref="1:0:25:085d:1474:00a7:013b0000:0:0:0:" name="FashionBOX HD" service_name="FashionBOX HD" provider="Orange Romania" sid="2141" onid="167" tsid="5236" />
    <channel service_ref="1:0:25:01af:0003:0001:013bafaf:0:0:0:" name="FastNFunbox" service_name="FastNFunbox" provider="Magtisat" sid="431" onid="1" tsid="3" />
    <channel service_ref="1:0:25:21a3:1478:00a7:013b0000:0:0:0:" name="Favorit TV" service_name="Favorit TV" provider="Orange Romania" sid="8611" onid="167" tsid="5240" />
    <channel service_ref="1:0:25:03f9:0001:0001:013baec5:0:0:0:" name="Fightbox" service_name="Fightbox" provider="Magtisat" sid="1017" onid="1" tsid="1" />
    <channel service_ref="1:0:25:219c:1478:00a7:013b0000:0:0:0:" name="FightBOX HD" service_name="FightBOX HD" provider="Orange Romania" sid="8604" onid="167" tsid="5240" />
    <channel service_ref="1:0:25:21a8:1478:00a7:013b0000:0:0:0:" name="Film +" service_name="Film +" provider="Orange Romania" sid="8616" onid="167" tsid="5240" />
    <channel service_ref="1:0:25:213e:1474:00a7:013b0000:0:0:0:" name="Film Café" service_name="Film Café" provider="Orange Romania" sid="8510" onid="167" tsid="5236" />
    <channel service_ref="1:0:25:07ee:0003:0001:013bafaf:0:0:0:" name="Filmbox Arthouse" service_name="Filmbox Arthouse" provider="Magtisat" sid="2030" onid="1" tsid="3" />
    <channel service_ref="1:0:25:081b:146c:00a7:013b0000:0:0:0:" name="Filmbox Extra HD Romania" service_name="Filmbox Extra HD Romania" provider="Orange Romania" sid="2075" onid="167" tsid="5228" />
    <channel service_ref="1:0:25:040e:0002:0001:013b2eb2:0:0:0:" name="FilmBox Russia" service_name="FilmBox Russia" provider="Magtisat" sid="1038" onid="1" tsid="2" />
    <channel service_ref="1:0:25:03f5:0001:0001:013baec5:0:0:0:" name="Fine Living Network" service_name="Fine Living Network" provider="Magtisat" sid="1013" onid="1" tsid="1" />
    <channel service_ref="1:0:25:035f:1474:00a7:013b0000:0:0:0:" name="Fishing and Hunting HD" service_name="Fishing and Hunting HD" provider="Orange Romania" sid="863" onid="167" tsid="5236" />
    <channel service_ref="1:0:25:040c:0002:0001:013b2eb2:0:0:0:" name="Fox Russia" service_name="Fox Russia" provider="Magtisat" sid="1036" onid="1" tsid="2" />
    <channel service_ref="1:0:25:085a:1474:00a7:013b0000:0:0:0:" name="France 24 (en Français)" service_name="France 24 (en Français)" provider="Orange Romania" sid="2138" onid="167" tsid="5236" />
    <channel service_ref="1:0:25:0fd2:0004:0001:013b2fea:0:0:0:" name="France 24 (in English)" service_name="France 24 (in English)" provider="Magtisat" sid="4050" onid="1" tsid="4" />
    <channel service_ref="1:0:25:200f:1464:00a7:013b0000:0:0:0:" name="Fuel HD" service_name="Fuel HD" provider="Orange Romania" sid="8207" onid="167" tsid="5220" />
    <channel service_ref="1:0:25:01a0:0002:0001:013b2eb2:0:0:0:" name="GDE i KTO" service_name="GDE i KTO" provider="Magtisat" sid="416" onid="1" tsid="2" />
    <channel service_ref="1:0:25:01bc:0003:0001:013bafaf:0:0:0:" name="GDS TV" service_name="GDS TV" provider="Magtisat" sid="444" onid="1" tsid="3" />
    <channel service_ref="1:0:25:07da:0003:0001:013bafaf:0:0:0:" name="Gurjaani" service_name="Gurjaani" provider="Magtisat" sid="2010" onid="1" tsid="3" />
    <channel service_ref="1:0:25:081e:146c:00a7:013b0000:0:0:0:" name="Happy Channel HD Romania" service_name="Happy Channel HD Romania" provider="Orange Romania" sid="2078" onid="167" tsid="5228" />
    <channel service_ref="1:0:25:01bf:0004:0001:013b2fea:0:0:0:" name="HD Life" service_name="HD Life" provider="Magtisat" sid="447" onid="1" tsid="4" />
    <channel service_ref="1:0:1:1c7a:1453:0005:013b0000:0:0:0:" name="Historia M TEST" service_name="Historia M TEST" provider="" sid="7290" onid="5" tsid="5203" />
    <channel service_ref="1:0:25:21a0:1478:00a7:013b0000:0:0:0:" name="History Channel HD Romania" service_name="History Channel HD Romania" provider="Orange Romania" sid="8608" onid="167" tsid="5240" />
    <channel service_ref="1:0:25:0383:1468:00a7:013b0000:0:0:0:" name="Hustler HD 3D" service_name="Hustler HD 3D" provider="Orange Romania" sid="899" onid="167" tsid="5224" />
    <channel service_ref="1:0:25:03fc:0001:0001:013baec5:0:0:0:" name="Hustler TV" service_name="Hustler TV" provider="Magtisat" sid="1020" onid="1" tsid="1" />
    <channel service_ref="1:0:25:0176:0003:0001:013bafaf:0:0:0:" name="Iberia TV" service_name="Iberia TV" provider="Magtisat" sid="374" onid="1" tsid="3" />
    <channel service_ref="1:0:25:00be:0001:0001:013baec5:0:0:0:" name="ID Xtra Russia" service_name="ID Xtra Russia" provider="Magtisat" sid="190" onid="1" tsid="1" />
    <channel service_ref="1:0:25:0c1c:0003:0001:013bafaf:0:0:0:" name="Imedi TV" service_name="Imedi TV" provider="Magtisat" sid="3100" onid="1" tsid="3" />
    <channel service_ref="1:0:25:01a1:0002:0001:013b2eb2:0:0:0:" name="India TV (Russia)" service_name="India TV (Russia)" provider="Magtisat" sid="417" onid="1" tsid="2" />
    <channel service_ref="1:0:25:20d9:1470:00a7:013b0000:0:0:0:" name="Investigation Discovery Xtra" service_name="Investigation Discovery Xtra" provider="Orange Romania" sid="8409" onid="167" tsid="5232" />
    <channel service_ref="1:0:25:043c:0004:0001:013b2fea:0:0:0:" name="Istoria" service_name="Istoria" provider="Magtisat" sid="1084" onid="1" tsid="4" />
    <channel service_ref="1:0:25:03f7:0001:0001:013baec5:0:0:0:" name="Jim Jam Rossiya" service_name="Jim Jam Rossiya" provider="Magtisat" sid="1015" onid="1" tsid="1" />
    <channel service_ref="1:0:25:220b:1468:00a7:013b0000:0:0:0:" name="JimJam EMEA" service_name="JimJam EMEA" provider="Orange Romania" sid="8715" onid="167" tsid="5224" />
    <channel service_ref="1:0:25:20d1:1470:00a7:013b0000:0:0:0:" name="Kanal D Romania" service_name="Kanal D Romania" provider="Orange Romania" sid="8401" onid="167" tsid="5232" />
    <channel service_ref="1:0:25:01aa:0002:0001:013b2eb2:0:0:0:" name="Karusel" service_name="Karusel" provider="Magtisat" sid="426" onid="1" tsid="2" />
    <channel service_ref="1:0:25:0c08:0003:0001:013bafaf:0:0:0:" name="Kavkasia" service_name="Kavkasia" provider="Magtisat" sid="3080" onid="1" tsid="3" />
    <channel service_ref="1:0:25:01b9:0004:0001:013b2fea:0:0:0:" name="Kinokomedia" service_name="Kinokomedia" provider="Magtisat" sid="441" onid="1" tsid="4" />
    <channel service_ref="1:0:25:041e:0002:0001:013b2eb2:0:0:0:" name="Kinomix" service_name="Kinomix" provider="Magtisat" sid="1054" onid="1" tsid="2" />
    <channel service_ref="1:0:25:01b7:0003:0001:013bafaf:0:0:0:" name="Kinopremiera" service_name="Kinopremiera" provider="Magtisat" sid="439" onid="1" tsid="3" />
    <channel service_ref="1:0:25:01a9:0002:0001:013b2eb2:0:0:0:" name="Kinosemia" service_name="Kinosemia" provider="Magtisat" sid="425" onid="1" tsid="2" />
    <channel service_ref="1:0:25:040b:0002:0001:013b2eb2:0:0:0:" name="Kinosvidania" service_name="Kinosvidania" provider="Magtisat" sid="1035" onid="1" tsid="2" />
    <channel service_ref="1:0:25:213f:1474:00a7:013b0000:0:0:0:" name="Kiss TV" service_name="Kiss TV" provider="Orange Romania" sid="8511" onid="167" tsid="5236" />
    <channel service_ref="1:0:25:01a3:0002:0001:013b2eb2:0:0:0:" name="Kuchnja TV" service_name="Kuchnja TV" provider="Magtisat" sid="419" onid="1" tsid="2" />
    <channel service_ref="1:0:25:01a4:0002:0001:013b2eb2:0:0:0:" name="Kultura TV" service_name="Kultura TV" provider="Magtisat" sid="420" onid="1" tsid="2" />
    <channel service_ref="1:0:25:019a:0002:0001:013b2eb2:0:0:0:" name="La Minor" service_name="La Minor" provider="Magtisat" sid="410" onid="1" tsid="2" />
    <channel service_ref="1:0:25:089c:1468:00a7:013b0000:0:0:0:" name="Look Plus HD" service_name="Look Plus HD" provider="Orange Romania" sid="2204" onid="167" tsid="5224" />
    <channel service_ref="1:0:25:21a9:1478:00a7:013b0000:0:0:0:" name="M1 - Magyar TV" service_name="M1 - Magyar TV" provider="Orange Romania" sid="8617" onid="167" tsid="5240" />
    <channel service_ref="1:0:25:21aa:1478:00a7:013b0000:0:0:0:" name="M2" service_name="M2" provider="Orange Romania" sid="8618" onid="167" tsid="5240" />
    <channel service_ref="1:0:25:03e9:0001:0001:013baec5:0:0:0:" name="Maestro" service_name="Maestro" provider="Magtisat" sid="1001" onid="1" tsid="1" />
    <channel service_ref="1:0:25:087a:0003:0001:013bafaf:0:0:0:" name="Magti Hit" service_name="Magti Hit" provider="Magtisat" sid="2170" onid="1" tsid="3" />
    <channel service_ref="1:0:25:041f:0002:0001:013b2eb2:0:0:0:" name="Magti Kino" service_name="Magti Kino" provider="Magtisat" sid="1055" onid="1" tsid="2" />
    <channel service_ref="1:0:25:07e4:0004:0001:013b2fea:0:0:0:" name="Mama" service_name="Mama" provider="Magtisat" sid="2020" onid="1" tsid="4" />
    <channel service_ref="1:0:25:03eb:0001:0001:013baec5:0:0:0:" name="Marao TV" service_name="Marao TV" provider="Magtisat" sid="1003" onid="1" tsid="1" />
    <channel service_ref="1:0:25:041b:0002:0001:013b2eb2:0:0:0:" name="Match Planeta" service_name="Match Planeta" provider="Magtisat" sid="1051" onid="1" tsid="2" />
    <channel service_ref="1:0:25:200e:1464:00a7:013b0000:0:0:0:" name="Megamax" service_name="Megamax" provider="Orange Romania" sid="8206" onid="167" tsid="5220" />
    <channel service_ref="1:0:25:044b:0003:0001:013bafaf:0:0:0:" name="Meore Arkhi" service_name="Meore Arkhi" provider="Magtisat" sid="1099" onid="1" tsid="3" />
    <channel service_ref="1:0:25:01b2:0003:0001:013bafaf:0:0:0:" name="Mezzo" service_name="Mezzo" provider="Magtisat" sid="434" onid="1" tsid="3" />
    <channel service_ref="1:0:25:20dc:1470:00a7:013b0000:0:0:0:" name="Mezzo" service_name="Mezzo" provider="Orange Romania" sid="8412" onid="167" tsid="5232" />
    <channel service_ref="1:0:25:1fb2:1460:00a7:013b0000:0:0:0:" name="Mezzo Live HD" service_name="Mezzo Live HD" provider="Orange Romania" sid="8114" onid="167" tsid="5216" />
    <channel service_ref="1:0:25:0330:146c:00a7:013b0000:0:0:0:" name="MiniMax Romania" service_name="MiniMax Romania" provider="Orange Romania" sid="816" onid="167" tsid="5228" />
    <channel service_ref="1:0:25:01bb:0004:0001:013b2fea:0:0:0:" name="Mnogo TV" service_name="Mnogo TV" provider="Magtisat" sid="443" onid="1" tsid="4" />
    <channel service_ref="1:0:25:21fd:1468:00a7:013b0000:0:0:0:" name="Motorvision HD" service_name="Motorvision HD" provider="Orange Romania" sid="8701" onid="167" tsid="5224" />
    <channel service_ref="1:0:25:043d:0004:0001:013b2fea:0:0:0:" name="Moya Planeta" service_name="Moya Planeta" provider="Magtisat" sid="1085" onid="1" tsid="4" />
    <channel service_ref="1:0:25:085c:1474:00a7:013b0000:0:0:0:" name="MTV Live HD" service_name="MTV Live HD" provider="Orange Romania" sid="2140" onid="167" tsid="5236" />
    <channel service_ref="1:0:25:1db6:145c:0005:013b0000:0:0:0:" name="MTV Romania" service_name="MTV Romania" provider="Orange Romania" sid="7606" onid="5" tsid="5212" />
    <channel service_ref="1:0:25:00c6:0001:0001:013baec5:0:0:0:" name="MTV Russia" service_name="MTV Russia" provider="Magtisat" sid="198" onid="1" tsid="1" />
    <channel service_ref="1:0:25:01a6:0002:0001:013b2eb2:0:0:0:" name="Mult" service_name="Mult" provider="Magtisat" sid="422" onid="1" tsid="2" />
    <channel service_ref="1:0:25:0382:1468:00a7:013b0000:0:0:0:" name="Museum HD" service_name="Museum HD" provider="Orange Romania" sid="898" onid="167" tsid="5224" />
    <channel service_ref="1:0:25:041a:0002:0001:013b2eb2:0:0:0:" name="Muzhskoy" service_name="Muzhskoy" provider="Magtisat" sid="1050" onid="1" tsid="2" />
    <channel service_ref="1:0:25:07e2:1464:00a7:013b0000:0:0:0:" name="Muzsika TV" service_name="Muzsika TV" provider="Orange Romania" sid="2018" onid="167" tsid="5220" />
    <channel service_ref="1:0:25:20dd:1470:00a7:013b0000:0:0:0:" name="MyZen.tv" service_name="MyZen.tv" provider="Orange Romania" sid="8413" onid="167" tsid="5232" />
    <channel service_ref="1:0:25:1fa8:1460:00a7:013b0000:0:0:0:" name="N 24 Plus" service_name="N 24 Plus" provider="Orange Romania" sid="8104" onid="167" tsid="5216" />
    <channel service_ref="1:0:25:019d:0002:0001:013b2eb2:0:0:0:" name="Nashe Novoe Kino" service_name="Nashe Novoe Kino" provider="Magtisat" sid="413" onid="1" tsid="2" />
    <channel service_ref="1:0:25:03ea:0001:0001:013baec5:0:0:0:" name="NatGeo Wild Central Europe" service_name="NatGeo Wild Central Europe" provider="Magtisat" sid="1002" onid="1" tsid="1" />
    <channel service_ref="1:0:25:20d8:1470:00a7:013b0000:0:0:0:" name="NatGeo Wild HD" service_name="NatGeo Wild HD" provider="Orange Romania" sid="8408" onid="167" tsid="5232" />
    <channel service_ref="1:0:25:0333:146c:00a7:013b0000:0:0:0:" name="National Geographic HD East Europe" service_name="National Geographic HD East Europe" provider="Orange Romania" sid="819" onid="167" tsid="5228" />
    <channel service_ref="1:0:25:01ab:0002:0001:013b2eb2:0:0:0:" name="National Geographic Russia" service_name="National Geographic Russia" provider="Magtisat" sid="427" onid="1" tsid="2" />
    <channel service_ref="1:0:25:200a:1464:00a7:013b0000:0:0:0:" name="National TV" service_name="National TV" provider="Orange Romania" sid="8202" onid="167" tsid="5220" />
    <channel service_ref="1:0:25:03ec:0004:0001:013b2fea:0:0:0:" name="Nauka 2.0" service_name="Nauka 2.0" provider="magtisat" sid="1004" onid="1" tsid="4" />
    <channel service_ref="1:0:25:00c4:0001:0001:013baec5:0:0:0:" name="Nick Jr Russia" service_name="Nick Jr Russia" provider="Magtisat" sid="196" onid="1" tsid="1" />
    <channel service_ref="1:0:25:1fa9:1460:00a7:013b0000:0:0:0:" name="Nickelodeon HD" service_name="Nickelodeon HD" provider="Orange Romania" sid="8105" onid="167" tsid="5216" />
    <channel service_ref="1:0:25:00c7:0002:0001:013b2eb2:0:0:0:" name="Nickelodeon Russia" service_name="Nickelodeon Russia" provider="Magtisat" sid="199" onid="1" tsid="2" />
    <channel service_ref="1:0:25:01bd:0004:0001:013b2fea:0:0:0:" name="Nostalgia (Russia)" service_name="Nostalgia (Russia)" provider="Magtisat" sid="445" onid="1" tsid="4" />
    <channel service_ref="1:0:25:0fbe:0004:0001:013b2fea:0:0:0:" name="NSTV" service_name="NSTV" provider="magtisat" sid="4030" onid="1" tsid="4" />
    <channel service_ref="1:0:25:01a8:0002:0001:013b2eb2:0:0:0:" name="NTV+ Kinohit" service_name="NTV+ Kinohit" provider="Magtisat" sid="424" onid="1" tsid="2" />
    <channel service_ref="1:0:25:0fb4:0003:0001:013bafaf:0:0:0:" name="Objieqtivi TV" service_name="Objieqtivi TV" provider="Magtisat" sid="4020" onid="1" tsid="3" />
    <channel service_ref="1:0:25:220a:1468:00a7:013b0000:0:0:0:" name="Orange Info (Romania)" service_name="Orange Info (Romania)" provider="Orange Romania" sid="8714" onid="167" tsid="5224" />
    <channel service_ref="1:0:25:085e:1474:00a7:013b0000:0:0:0:" name="Outdoor Channel EMEA HD" service_name="Outdoor Channel EMEA HD" provider="Orange Romania" sid="2142" onid="167" tsid="5236" />
    <channel service_ref="1:0:25:20e1:1470:00a7:013b0000:0:0:0:" name="Paramount Channel Hungary &amp; Romania" service_name="Paramount Channel Hungary &amp; Romania" provider="Orange Romania" sid="8417" onid="167" tsid="5232" />
    <channel service_ref="1:0:25:00c3:0001:0001:013baec5:0:0:0:" name="Paramount Comedy Russia" service_name="Paramount Comedy Russia" provider="Magtisat" sid="195" onid="1" tsid="1" />
    <channel service_ref="1:0:25:043a:0003:0001:013bafaf:0:0:0:" name="Paramount Comedy Russia" service_name="Paramount Comedy Russia" provider="Magtisat" sid="1082" onid="1" tsid="3" />
    <channel service_ref="1:0:25:01c0:0004:0001:013b2fea:0:0:0:" name="Park Razvlechenie" service_name="Park Razvlechenie" provider="Magtisat" sid="448" onid="1" tsid="4" />
    <channel service_ref="1:0:25:01b6:0003:0001:013bafaf:0:0:0:" name="Perviy Kanal" service_name="Perviy Kanal" provider="Magtisat" sid="438" onid="1" tsid="3" />
    <channel service_ref="1:0:25:0faa:0004:0001:013b2fea:0:0:0:" name="PirveliArkhi HD" service_name="PirveliArkhi HD" provider="Magtisat" sid="4010" onid="1" tsid="4" />
    <channel service_ref="1:0:25:0ffa:0004:0001:013b2fea:0:0:0:" name="Planeta HD" service_name="Planeta HD" provider="magtisat" sid="4090" onid="1" tsid="4" />
    <channel service_ref="1:0:25:1fa6:1460:00a7:013b0000:0:0:0:" name="Prima TV" service_name="Prima TV" provider="Orange Romania" sid="8102" onid="167" tsid="5216" />
    <channel service_ref="1:0:25:1db4:145c:0005:013b0000:0:0:0:" name="Pro Cinema" service_name="Pro Cinema" provider="Orange Romania" sid="7604" onid="5" tsid="5212" />
    <channel service_ref="1:0:25:1db1:145c:0005:013b0000:0:0:0:" name="Pro TV" service_name="Pro TV" provider="Orange Romania" sid="7601" onid="5" tsid="5212" />
    <channel service_ref="1:0:25:1db8:145c:0005:013b0000:0:0:0:" name="Pro TV" service_name="Pro TV" provider="ProTV" sid="7608" onid="5" tsid="5212" />
    <channel service_ref="1:0:25:1fa5:1460:00a7:013b0000:0:0:0:" name="Pro TV HD" service_name="Pro TV HD" provider="Orange Romania" sid="8101" onid="167" tsid="5216" />
    <channel service_ref="1:0:25:1db3:145c:0005:013b0000:0:0:0:" name="Pro TV International" service_name="Pro TV International" provider="ProTV" sid="7603" onid="5" tsid="5212" />
    <channel service_ref="1:0:25:085c:0003:0001:013bafaf:0:0:0:" name="Qartuli Arkhi" service_name="Qartuli Arkhi" provider="Magtisat" sid="2140" onid="1" tsid="3" />
    <channel service_ref="1:0:25:01be:0004:0001:013b2fea:0:0:0:" name="Radnoe Kino" service_name="Radnoe Kino" provider="Magtisat" sid="446" onid="1" tsid="4" />
    <channel service_ref="1:0:25:102c:0004:0001:013b2fea:0:0:0:" name="RBC TV" service_name="RBC TV" provider="magtisat" sid="4140" onid="1" tsid="4" />
    <channel service_ref="1:0:25:219b:1478:00a7:013b0000:0:0:0:" name="Realitatea TV" service_name="Realitatea TV" provider="Orange Romania" sid="8603" onid="167" tsid="5240" />
    <channel service_ref="1:0:25:089a:1468:00a7:013b0000:0:0:0:" name="Redlight HD" service_name="Redlight HD" provider="Orange Romania" sid="2202" onid="167" tsid="5224" />
    <channel service_ref="1:0:25:01b4:0003:0001:013bafaf:0:0:0:" name="Redlight TV" service_name="Redlight TV" provider="Magtisat" sid="436" onid="1" tsid="3" />
    <channel service_ref="1:0:25:019b:0002:0001:013b2eb2:0:0:0:" name="Rioni TV" service_name="Rioni TV" provider="Magtisat" sid="411" onid="1" tsid="2" />
    <channel service_ref="1:0:25:08a1:1468:00a7:013b0000:0:0:0:" name="RTL 2 Hungary" service_name="RTL 2 Hungary" provider="Orange Romania" sid="2209" onid="167" tsid="5224" />
    <channel service_ref="1:0:25:035c:1474:00a7:013b0000:0:0:0:" name="RTL Klub HD" service_name="RTL Klub HD" provider="Orange Romania" sid="860" onid="167" tsid="5236" />
    <channel service_ref="1:0:25:20e0:1470:00a7:013b0000:0:0:0:" name="RTL+" service_name="RTL+" provider="Orange Romania" sid="8416" onid="167" tsid="5232" />
    <channel service_ref="1:0:25:03ee:0001:0001:013baec5:0:0:0:" name="RTR Planeta" service_name="RTR Planeta" provider="Magtisat" sid="1006" onid="1" tsid="1" />
    <channel service_ref="1:0:25:03f1:0001:0001:013baec5:0:0:0:" name="RTV International" service_name="RTV International" provider="Magtisat" sid="1009" onid="1" tsid="1" />
    <channel service_ref="1:0:25:01a7:0002:0001:013b2eb2:0:0:0:" name="Rus Bestseller" service_name="Rus Bestseller" provider="Magtisat" sid="423" onid="1" tsid="2" />
    <channel service_ref="1:0:25:040f:0002:0001:013b2eb2:0:0:0:" name="Russia 24" service_name="Russia 24" provider="Magtisat" sid="1039" onid="1" tsid="2" />
    <channel service_ref="1:0:25:03fe:0004:0001:013b2fea:0:0:0:" name="Russia Today" service_name="Russia Today" provider="magtisat" sid="1022" onid="1" tsid="4" />
    <channel service_ref="1:0:25:0142:0003:0001:013bafaf:0:0:0:" name="Russkaja Noch" service_name="Russkaja Noch" provider="Magtisat" sid="322" onid="1" tsid="3" />
    <channel service_ref="1:0:25:01b1:0004:0001:013b2fea:0:0:0:" name="Russkiy Extream" service_name="Russkiy Extream" provider="Magtisat" sid="433" onid="1" tsid="4" />
    <channel service_ref="1:0:25:043e:0003:0001:013bafaf:0:0:0:" name="Rustavi 2" service_name="Rustavi 2" provider="Magtisat" sid="1086" onid="1" tsid="3" />
    <channel service_ref="1:0:25:0fe6:0004:0001:013b2fea:0:0:0:" name="Sarafan Plus" service_name="Sarafan Plus" provider="magtisat" sid="4070" onid="1" tsid="4" />
    <channel service_ref="1:0:25:03ec:0001:0001:013baec5:0:0:0:" name="Setanta Sport Evraziya" service_name="Setanta Sport Evraziya" provider="Magtisat" sid="1004" onid="1" tsid="1" />
    <channel service_ref="1:0:25:01b3:0003:0001:013bafaf:0:0:0:" name="Setanta Sport Evraziya +" service_name="Setanta Sport Evraziya +" provider="Magtisat" sid="435" onid="1" tsid="3" />
    <channel service_ref="1:0:25:0c30:0003:0001:013bafaf:0:0:0:" name="Silk TV" service_name="Silk TV" provider="magtisat" sid="3120" onid="1" tsid="3" />
    <channel service_ref="1:0:25:207e:146c:00a7:013b0000:0:0:0:" name="Speranta TV" service_name="Speranta TV" provider="Orange Romania" sid="8318" onid="167" tsid="5228" />
    <channel service_ref="1:0:1:1c5c:1453:0005:013b0000:0:0:0:" name="Sport 1 Ukraine" service_name="Sport 1 Ukraine" provider="Poverkhnost TV" sid="7260" onid="5" tsid="5203" />
    <channel service_ref="1:0:1:1c66:1453:0005:013b0000:0:0:0:" name="Sport 2 Ukraine" service_name="Sport 2 Ukraine" provider="Poverkhnost TV" sid="7270" onid="5" tsid="5203" />
    <channel service_ref="1:0:25:1db5:145c:0005:013b0000:0:0:0:" name="Sport.ro" service_name="Sport.ro" provider="Orange Romania" sid="7605" onid="5" tsid="5212" />
    <channel service_ref="1:0:25:0331:146c:00a7:013b0000:0:0:0:" name="Sport.ro HD" service_name="Sport.ro HD" provider="Orange Romania" sid="817" onid="167" tsid="5228" />
    <channel service_ref="1:0:25:080c:0004:0001:013b2fea:0:0:0:" name="Strana TV" service_name="Strana TV" provider="Magtisat" sid="2060" onid="1" tsid="4" />
    <channel service_ref="1:0:25:041d:0002:0001:013b2eb2:0:0:0:" name="STV Georgia" service_name="STV Georgia" provider="Magtisat" sid="1053" onid="1" tsid="2" />
    <channel service_ref="1:0:25:201a:1464:00a7:013b0000:0:0:0:" name="Sundance Channel HD" service_name="Sundance Channel HD" provider="Orange Romania" sid="8218" onid="167" tsid="5220" />
    <channel service_ref="1:0:25:07de:1464:00a7:013b0000:0:0:0:" name="Taraf TV" service_name="Taraf TV" provider="Orange Romania" sid="2014" onid="167" tsid="5220" />
    <channel service_ref="1:0:25:03fa:0001:0001:013baec5:0:0:0:" name="TiJi" service_name="TiJi" provider="Magtisat" sid="1018" onid="1" tsid="1" />
    <channel service_ref="1:0:25:085f:1474:00a7:013b0000:0:0:0:" name="TLC Romania" service_name="TLC Romania" provider="Orange Romania" sid="2143" onid="167" tsid="5236" />
    <channel service_ref="1:0:25:03ff:0001:0001:013baec5:0:0:0:" name="TLC Russia" service_name="TLC Russia" provider="Magtisat" sid="1023" onid="1" tsid="1" />
    <channel service_ref="1:0:25:07f8:0003:0001:013bafaf:0:0:0:" name="TNT Comedy" service_name="TNT Comedy" provider="Magtisat" sid="2040" onid="1" tsid="3" />
    <channel service_ref="1:0:25:1fab:1460:00a7:013b0000:0:0:0:" name="Trace Sports Stars HD" service_name="Trace Sports Stars HD" provider="Orange Romania" sid="8107" onid="167" tsid="5216" />
    <channel service_ref="1:0:25:21a4:1478:00a7:013b0000:0:0:0:" name="Trace Tropical HD" service_name="Trace Tropical HD" provider="Orange Romania" sid="8612" onid="167" tsid="5240" />
    <channel service_ref="1:0:25:081d:146c:00a7:013b0000:0:0:0:" name="Trace Urban International HD" service_name="Trace Urban International HD" provider="Orange Romania" sid="2077" onid="167" tsid="5228" />
    <channel service_ref="1:0:25:089d:1468:00a7:013b0000:0:0:0:" name="Transilvania Look" service_name="Transilvania Look" provider="Orange Romania" sid="2205" onid="167" tsid="5224" />
    <channel service_ref="1:0:25:01a5:0002:0001:013b2eb2:0:0:0:" name="Travel Channel" service_name="Travel Channel" provider="Magtisat" sid="421" onid="1" tsid="2" />
    <channel service_ref="1:0:25:21a6:1478:00a7:013b0000:0:0:0:" name="Travel Channel HD" service_name="Travel Channel HD" provider="Orange Romania" sid="8614" onid="167" tsid="5240" />
    <channel service_ref="1:0:25:21ff:1468:00a7:013b0000:0:0:0:" name="Travel Mix" service_name="Travel Mix" provider="Orange Romania" sid="8703" onid="167" tsid="5224" />
    <channel service_ref="1:0:25:07e1:1464:00a7:013b0000:0:0:0:" name="Trinitas TV" service_name="Trinitas TV" provider="Orange Romania" sid="2017" onid="167" tsid="5220" />
    <channel service_ref="1:0:25:019c:0002:0001:013b2eb2:0:0:0:" name="Tune Box" service_name="Tune Box" provider="Magtisat" sid="412" onid="1" tsid="2" />
    <channel service_ref="1:0:25:014e:0004:0001:013b2fea:0:0:0:" name="TV 1000 Action East" service_name="TV 1000 Action East" provider="Magtisat" sid="334" onid="1" tsid="4" />
    <channel service_ref="1:0:25:0156:0004:0001:013b2fea:0:0:0:" name="TV 1000 East" service_name="TV 1000 East" provider="Magtisat" sid="342" onid="1" tsid="4" />
    <channel service_ref="1:0:25:21a2:1478:00a7:013b0000:0:0:0:" name="TV 1000 East" service_name="TV 1000 East" provider="Orange Romania" sid="8610" onid="167" tsid="5240" />
    <channel service_ref="1:0:25:015e:0004:0001:013b2fea:0:0:0:" name="TV 1000 Russkoe Kino" service_name="TV 1000 Russkoe Kino" provider="Magtisat" sid="350" onid="1" tsid="4" />
    <channel service_ref="1:0:25:220d:1468:00a7:013b0000:0:0:0:" name="TV Neptun" service_name="TV Neptun" provider="Orange Romania" sid="8717" onid="167" tsid="5224" />
    <channel service_ref="1:0:25:20de:1470:00a7:013b0000:0:0:0:" name="TV Paprika Romania" service_name="TV Paprika Romania" provider="Orange Romania" sid="8414" onid="167" tsid="5232" />
    <channel service_ref="1:0:25:035b:1474:00a7:013b0000:0:0:0:" name="TV Romania International" service_name="TV Romania International" provider="Orange Romania" sid="859" onid="167" tsid="5236" />
    <channel service_ref="1:0:25:20d3:1470:00a7:013b0000:0:0:0:" name="TV Romania International" service_name="TV Romania International" provider="Orange Romania" sid="8403" onid="167" tsid="5232" />
    <channel service_ref="1:0:25:088e:0003:0001:013bafaf:0:0:0:" name="TV XXI" service_name="TV XXI" provider="Magtisat" sid="2190" onid="1" tsid="3" />
    <channel service_ref="1:0:25:043f:0003:0001:013bafaf:0:0:0:" name="TV25 Batumi" service_name="TV25 Batumi" provider="Magtisat" sid="1087" onid="1" tsid="3" />
    <channel service_ref="1:0:25:081c:146c:00a7:013b0000:0:0:0:" name="TV5 Monde Europe" service_name="TV5 Monde Europe" provider="Orange Romania" sid="2076" onid="167" tsid="5228" />
    <channel service_ref="1:0:25:0359:1474:00a7:013b0000:0:0:0:" name="TVR 1" service_name="TVR 1" provider="Orange Romania" sid="857" onid="167" tsid="5236" />
    <channel service_ref="1:0:25:0381:1478:00a7:013b0000:0:0:0:" name="TVR 2" service_name="TVR 2" provider="Orange Romania" sid="897" onid="167" tsid="5240" />
    <channel service_ref="1:0:25:1fa7:1460:00a7:013b0000:0:0:0:" name="TVR 3" service_name="TVR 3" provider="Orange Romania" sid="8103" onid="167" tsid="5216" />
    <channel service_ref="1:0:25:219a:1478:00a7:013b0000:0:0:0:" name="TVR HD" service_name="TVR HD" provider="Orange Romania" sid="8602" onid="167" tsid="5240" />
    <channel service_ref="1:0:25:1fb1:1460:00a7:013b0000:0:0:0:" name="VH-1 (Video Hits One)" service_name="VH-1 (Video Hits One)" provider="Orange Romania" sid="8113" onid="167" tsid="5216" />
    <channel service_ref="1:0:25:00c5:0001:0001:013baec5:0:0:0:" name="VH-1 Classic" service_name="VH-1 Classic" provider="Magtisat" sid="197" onid="1" tsid="1" />
    <channel service_ref="1:0:25:1fae:1460:00a7:013b0000:0:0:0:" name="Viasat Explore" service_name="Viasat Explore" provider="Orange Romania" sid="8110" onid="167" tsid="5216" />
    <channel service_ref="1:0:25:082a:0004:0001:013b2fea:0:0:0:" name="Viasat Explorer Russia" service_name="Viasat Explorer Russia" provider="Magtisat" sid="2090" onid="1" tsid="4" />
    <channel service_ref="1:0:25:083e:0004:0001:013b2fea:0:0:0:" name="Viasat History" service_name="Viasat History" provider="Magtisat" sid="2110" onid="1" tsid="4" />
    <channel service_ref="1:0:25:21a1:1478:00a7:013b0000:0:0:0:" name="Viasat History" service_name="Viasat History" provider="Orange Romania" sid="8609" onid="167" tsid="5240" />
    <channel service_ref="1:0:25:213c:1474:00a7:013b0000:0:0:0:" name="Viasat History HD|  Time sharing" service_name="Viasat History HD|  Time sharing" provider="Orange Romania" sid="8508" onid="167" tsid="5236" />
    <channel service_ref="1:0:25:017e:0004:0001:013b2fea:0:0:0:" name="Viasat Nature CEE" service_name="Viasat Nature CEE" provider="Magtisat" sid="382" onid="1" tsid="4" />
    <channel service_ref="1:0:25:213d:1474:00a7:013b0000:0:0:0:" name="Viasat Nature CEE" service_name="Viasat Nature CEE" provider="Orange Romania" sid="8509" onid="167" tsid="5236" />
    <channel service_ref="1:0:25:01b5:0004:0001:013b2fea:0:0:0:" name="Viasat Sport Baltic &amp; Russia" service_name="Viasat Sport Baltic &amp; Russia" provider="Magtisat" sid="437" onid="1" tsid="4" />
    <channel service_ref="1:0:25:0fc8:0004:0001:013b2fea:0:0:0:" name="Vremja" service_name="Vremja" provider="magtisat" sid="4040" onid="1" tsid="4" />
    <channel service_ref="1:0:1:1d92:1456:0005:013b0000:0:0:0:" name="VTV Romania" service_name="VTV Romania" provider="" sid="7570" onid="5" tsid="5206" />
    <channel service_ref="1:0:1:1c34:1453:0005:013b0000:0:0:0:" name="VTV Ukraine" service_name="VTV Ukraine" provider="" sid="7220" onid="5" tsid="5203" />
    <channel service_ref="1:0:25:20d7:1470:00a7:013b0000:0:0:0:" name="Zu TV HD" service_name="Zu TV HD" provider="Orange Romania" sid="8407" onid="167" tsid="5232" />
  </bouquet>
  <bouquet name="Movies" category="tv">
    <channel service_ref="1:0:25:21a8:1478:00a7:013b0000:0:0:0:" name="Film +" service_name="Film +" provider="Orange Romania" sid="8616" onid="167" tsid="5240" />
    <channel service_ref="1:0:25:213e:1474:00a7:013b0000:0:0:0:" name="Film Café" service_name="Film Café" provider="Orange Romania" sid="8510" onid="167" tsid="5236" />
    <channel service_ref="1:0:25:07ee:0003:0001:013bafaf:0:0:0:" name="Filmbox Arthouse" service_name="Filmbox Arthouse" provider="Magtisat" sid="2030" onid="1" tsid="3" />
    <channel service_ref="1:0:25:081b:146c:00a7:013b0000:0:0:0:" name="Filmbox Extra HD Romania" service_name="Filmbox Extra HD Romania" provider="Orange Romania" sid="2075" onid="167" tsid="5228" />
    <channel service_ref="1:0:25:040e:0002:0001:013b2eb2:0:0:0:" name="FilmBox Russia" service_name="FilmBox Russia" provider="Magtisat" sid="1038" onid="1" tsid="2" />
    <channel service_ref="1:0:25:1db4:145c:0005:013b0000:0:0:0:" name="Pro Cinema" service_name="Pro Cinema" provider="Orange Romania" sid="7604" onid="5" tsid="5212" />
  </bouquet>
  <bouquet name="News" category="tv">
    <channel service_ref="1:0:25:03ed:0001:0001:013baec5:0:0:0:" name="BBC World News" service_name="BBC World News" provider="Magtisat" sid="1005" onid="1" tsid="1" />
    <channel service_ref="1:0:25:08a0:1468:00a7:013b0000:0:0:0:" name="BBC World News" service_name="BBC World News" provider="Orange Romania" sid="2208" onid="167" tsid="5224" />
    <channel service_ref="1:0:25:03f2:0001:0001:013baec5:0:0:0:" name="EuroNews" service_name="EuroNews" provider="Magtisat" sid="1010" onid="1" tsid="1" />
    <channel service_ref="1:0:25:20d5:1470:00a7:013b0000:0:0:0:" name="EuroNews" service_name="EuroNews" provider="Orange Romania" sid="8405" onid="167" tsid="5232" />
    <channel service_ref="1:0:25:03fb:0001:0001:013baec5:0:0:0:" name="Eurosport News" service_name="Eurosport News" provider="Magtisat" sid="1019" onid="1" tsid="1" />
  </bouquet>
  <bouquet name="Sports" category="tv">
    <channel service_ref="1:0:25:03fd:0001:0001:013baec5:0:0:0:" name="Eurosport 1" service_name="Eurosport 1" provider="Magtisat" sid="1021" onid="1" tsid="1" />
    <channel service_ref="1:0:25:213a:1474:00a7:013b0000:0:0:0:" name="Eurosport 1 HD" service_name="Eurosport 1 HD" provider="Orange Romania" sid="8506" onid="167" tsid="5236" />
    <channel service_ref="1:0:25:03fe:0001:0001:013baec5:0:0:0:" name="Eurosport 2" service_name="Eurosport 2" provider="Magtisat" sid="1022" onid="1" tsid="1" />
    <channel service_ref="1:0:25:219e:1478:00a7:013b0000:0:0:0:" name="Eurosport 2 HD" service_name="Eurosport 2 HD" provider="Orange Romania" sid="8606" onid="167" tsid="5240" />
    <channel service_ref="1:0:25:207c:146c:00a7:013b0000:0:0:0:" name="Extreme Sports" service_name="Extreme Sports" provider="Orange Romania" sid="8316" onid="167" tsid="5228" />
    <channel service_ref="1:0:25:03ec:0001:0001:013baec5:0:0:0:" name="Setanta Sport Evraziya" service_name="Setanta Sport Evraziya" provider="Magtisat" sid="1004" onid="1" tsid="1" />
    <channel service_ref="1:0:25:01b3:0003:0001:013bafaf:0:0:0:" name="Setanta Sport Evraziya +" service_name="Setanta Sport Evraziya +" provider="Magtisat" sid="435" onid="1" tsid="3" />
    <channel service_ref="1:0:1:1c5c:1453:0005:013b0000:0:0:0:" name="Sport 1 Ukraine" service_name="Sport 1 Ukraine" provider="Poverkhnost TV" sid="7260" onid="5" tsid="5203" />
    <channel service_ref="1:0:1:1c66:1453:0005:013b0000:0:0:0:" name="Sport 2 Ukraine" service_name="Sport 2 Ukraine" provider="Poverkhnost TV" sid="7270" onid="5" tsid="5203" />
    <channel service_ref="1:0:25:1db5:145c:0005:013b0000:0:0:0:" name="Sport.ro" service_name="Sport.ro" provider="Orange Romania" sid="7605" onid="5" tsid="5212" />
    <channel service_ref="1:0:25:0331:146c:00a7:013b0000:0:0:0:" name="Sport.ro HD" service_name="Sport.ro HD" provider="Orange Romania" sid="817" onid="167" tsid="5228" />
    <channel service_ref="1:0:25:1fab:1460:00a7:013b0000:0:0:0:" name="Trace Sports Stars HD" service_name="Trace Sports Stars HD" provider="Orange Romania" sid="8107" onid="167" tsid="5216" />
    <channel service_ref="1:0:25:01b5:0004:0001:013b2fea:0:0:0:" name="Viasat Sport Baltic &amp; Russia" service_name="Viasat Sport Baltic &amp; Russia" provider="Magtisat" sid="437" onid="1" tsid="4" />
  </bouquet>
  <bouquet name="Kids" category="tv">
    <channel service_ref="1:0:25:019e:0002:0001:013b2eb2:0:0:0:" name="Cartoon Network Russia &amp; South Eastern Europe" service_name="Cartoon Network Russia &amp; South Eastern Europe" provider="Magtisat" sid="414" onid="1" tsid="2" />
    <channel service_ref="1:0:25:20d6:1470:00a7:013b0000:0:0:0:" name="Disney Channel Romania, Bulgaria &amp; Ukraine" service_name="Disney Channel Romania, Bulgaria &amp; Ukraine" provider="Orange Romania" sid="8406" onid="167" tsid="5232" />
    <channel service_ref="1:0:25:085b:1474:00a7:013b0000:0:0:0:" name="Disney Junior Romania" service_name="Disney Junior Romania" provider="Orange Romania" sid="2139" onid="167" tsid="5236" />
    <channel service_ref="1:0:25:1fa9:1460:00a7:013b0000:0:0:0:" name="Nickelodeon HD" service_name="Nickelodeon HD" provider="Orange Romania" sid="8105" onid="167" tsid="5216" />
    <channel service_ref="1:0:25:00c7:0002:0001:013b2eb2:0:0:0:" name="Nickelodeon Russia" service_name="Nickelodeon Russia" provider="Magtisat" sid="199" onid="1" tsid="2" />
  </bouquet>
  <bouquet name="Music" category="tv">
    <channel service_ref="1:0:25:01b2:0003:0001:013bafaf:0:0:0:" name="Mezzo" service_name="Mezzo" provider="Magtisat" sid="434" onid="1" tsid="3" />
    <channel service_ref="1:0:25:20dc:1470:00a7:013b0000:0:0:0:" name="Mezzo" service_name="Mezzo" provider="Orange Romania" sid="8412" onid="167" tsid="5232" />
    <channel service_ref="1:0:25:1fb2:1460:00a7:013b0000:0:0:0:" name="Mezzo Live HD" service_name="Mezzo Live HD" provider="Orange Romania" sid="8114" onid="167" tsid="5216" />
    <channel service_ref="1:0:25:085c:1474:00a7:013b0000:0:0:0:" name="MTV Live HD" service_name="MTV Live HD" provider="Orange Romania" sid="2140" onid="167" tsid="5236" />
    <channel service_ref="1:0:25:1db6:145c:0005:013b0000:0:0:0:" name="MTV Romania" service_name="MTV Romania" provider="Orange Romania" sid="7606" onid="5" tsid="5212" />
    <channel service_ref="1:0:25:00c6:0001:0001:013baec5:0:0:0:" name="MTV Russia" service_name="MTV Russia" provider="Magtisat" sid="198" onid="1" tsid="1" />
    <channel service_ref="1:0:25:21a4:1478:00a7:013b0000:0:0:0:" name="Trace Tropical HD" service_name="Trace Tropical HD" provider="Orange Romania" sid="8612" onid="167" tsid="5240" />
    <channel service_ref="1:0:25:081d:146c:00a7:013b0000:0:0:0:" name="Trace Urban International HD" service_name="Trace Urban International HD" provider="Orange Romania" sid="2077" onid="167" tsid="5228" />
  </bouquet>
  <bouquet name="Documentary" category="tv">
    <channel service_ref="1:0:25:0bd6:0003:0001:013bafaf:0:0:0:" name="1.tv Georgia" service_name="1.tv Georgia" provider="Magtisat" sid="3030" onid="1" tsid="3" />
    <channel service_ref="1:0:25:00c2:0001:0001:013baec5:0:0:0:" name="Animal Planet Eastern Europe" service_name="Animal Planet Eastern Europe" provider="Magtisat" sid="194" onid="1" tsid="1" />
    <channel service_ref="1:0:25:07da:1464:00a7:013b0000:0:0:0:" name="Animal Planet HD" service_name="Animal Planet HD" provider="Orange Romania" sid="2010" onid="167" tsid="5220" />
    <channel service_ref="1:0:25:21a0:1478:00a7:013b0000:0:0:0:" name="History Channel HD Romania" service_name="History Channel HD Romania" provider="Orange Romania" sid="8608" onid="167" tsid="5240" />
    <channel service_ref="1:0:25:041b:0002:0001:013b2eb2:0:0:0:" name="Match Planeta" service_name="Match Planeta" provider="Magtisat" sid="1051" onid="1" tsid="2" />
    <channel service_ref="1:0:25:043d:0004:0001:013b2fea:0:0:0:" name="Moya Planeta" service_name="Moya Planeta" provider="Magtisat" sid="1085" onid="1" tsid="4" />
    <channel service_ref="1:0:25:03ea:0001:0001:013baec5:0:0:0:" name="NatGeo Wild Central Europe" service_name="NatGeo Wild Central Europe" provider="Magtisat" sid="1002" onid="1" tsid="1" />
    <channel service_ref="1:0:25:20d8:1470:00a7:013b0000:0:0:0:" name="NatGeo Wild HD" service_name="NatGeo Wild HD" provider="Orange Romania" sid="8408" onid="167" tsid="5232" />
    <channel service_ref="1:0:25:0333:146c:00a7:013b0000:0:0:0:" name="National Geographic HD East Europe" service_name="National Geographic HD East Europe" provider="Orange Romania" sid="819" onid="167" tsid="5228" />
    <channel service_ref="1:0:25:01ab:0002:0001:013b2eb2:0:0:0:" name="National Geographic Russia" service_name="National Geographic Russia" provider="Magtisat" sid="427" onid="1" tsid="2" />
    <channel service_ref="1:0:25:0ffa:0004:0001:013b2fea:0:0:0:" name="Planeta HD" service_name="Planeta HD" provider="magtisat" sid="4090" onid="1" tsid="4" />
    <channel service_ref="1:0:25:03ee:0001:0001:013baec5:0:0:0:" name="RTR Planeta" service_name="RTR Planeta" provider="Magtisat" sid="1006" onid="1" tsid="1" />
    <channel service_ref="1:0:25:041d:0002:0001:013b2eb2:0:0:0:" name="STV Georgia" service_name="STV Georgia" provider="Magtisat" sid="1053" onid="1" tsid="2" />
    <channel service_ref="1:0:25:083e:0004:0001:013b2fea:0:0:0:" name="Viasat History" service_name="Viasat History" provider="Magtisat" sid="2110" onid="1" tsid="4" />
    <channel service_ref="1:0:25:21a1:1478:00a7:013b0000:0:0:0:" name="Viasat History" service_name="Viasat History" provider="Orange Romania" sid="8609" onid="167" tsid="5240" />
    <channel service_ref="1:0:25:213c:1474:00a7:013b0000:0:0:0:" name="Viasat History HD|  Time sharing" service_name="Viasat History HD|  Time sharing" provider="Orange Romania" sid="8508" onid="167" tsid="5236" />
  </bouquet>
  <bouquet name="RTL" category="tv">
    <channel service_ref="1:0:25:01a8:0002:0001:013b2eb2:0:0:0:" name="NTV+ Kinohit" service_name="NTV+ Kinohit" provider="Magtisat" sid="424" onid="1" tsid="2" />
    <channel service_ref="1:0:25:08a1:1468:00a7:013b0000:0:0:0:" name="RTL 2 Hungary" service_name="RTL 2 Hungary" provider="Orange Romania" sid="2209" onid="167" tsid="5224" />
    <channel service_ref="1:0:25:035c:1474:00a7:013b0000:0:0:0:" name="RTL Klub HD" service_name="RTL Klub HD" provider="Orange Romania" sid="860" onid="167" tsid="5236" />
    <channel service_ref="1:0:25:20e0:1470:00a7:013b0000:0:0:0:" name="RTL+" service_name="RTL+" provider="Orange Romania" sid="8416" onid="167" tsid="5232" />
  </bouquet>
  <bouquet name="ARD/ZDF" category="tv">
    <channel service_ref="1:0:25:0bcc:0003:0001:013bafaf:0:0:0:" name="Dardi Mandi" service_name="Dardi Mandi" provider="Magtisat" sid="3020" onid="1" tsid="3" />
  </bouquet>
  <bouquet name="BBC" category="tv">
    <channel service_ref="1:0:25:07dc:1464:00a7:013b0000:0:0:0:" name="BBC Earth" service_name="BBC Earth" provider="Orange Romania" sid="2012" onid="167" tsid="5220" />
  </bouquet>
  <bouquet name="RAI" category="tv">
    <channel service_ref="1:0:1:1c34:1453:0005:013b0000:0:0:0:" name="VTV Ukraine" service_name="VTV Ukraine" provider="" sid="7220" onid="5" tsid="5203" />
  </bouquet>
  <bouquet name="TF1" category="tv">
    <channel service_ref="1:0:25:085a:1474:00a7:013b0000:0:0:0:" name="France 24 (en Français)" service_name="France 24 (en Français)" provider="Orange Romania" sid="2138" onid="167" tsid="5236" />
    <channel service_ref="1:0:25:0fd2:0004:0001:013b2fea:0:0:0:" name="France 24 (in English)" service_name="France 24 (in English)" provider="Magtisat" sid="4050" onid="1" tsid="4" />
  </bouquet>
  <bouquet name="Switzerland" category="tv">
    <channel service_ref="1:0:25:041c:0002:0001:013b2eb2:0:0:0:" name="365 dnei TV" service_name="365 dnei TV" provider="Magtisat" sid="1052" onid="1" tsid="2" />
    <channel service_ref="1:0:25:20d4:1470:00a7:013b0000:0:0:0:" name="Antena 3 HD Romania" service_name="Antena 3 HD Romania" provider="Orange Romania" sid="8404" onid="167" tsid="5232" />
    <channel service_ref="1:0:25:0383:1468:00a7:013b0000:0:0:0:" name="Hustler HD 3D" service_name="Hustler HD 3D" provider="Orange Romania" sid="899" onid="167" tsid="5224" />
    <channel service_ref="1:0:25:043f:0003:0001:013bafaf:0:0:0:" name="TV25 Batumi" service_name="TV25 Batumi" provider="Magtisat" sid="1087" onid="1" tsid="3" />
    <channel service_ref="1:0:25:081c:146c:00a7:013b0000:0:0:0:" name="TV5 Monde Europe" service_name="TV5 Monde Europe" provider="Orange Romania" sid="2076" onid="167" tsid="5228" />
    <channel service_ref="1:0:25:1fa7:1460:00a7:013b0000:0:0:0:" name="TVR 3" service_name="TVR 3" provider="Orange Romania" sid="8103" onid="167" tsid="5216" />
  </bouquet>
  <bouquet name="Spain" category="tv">
    <channel service_ref="1:0:25:07d9:1464:00a7:013b0000:0:0:0:" name="Antena 1 HD" service_name="Antena 1 HD" provider="Orange Romania" sid="2009" onid="167" tsid="5220" />
    <channel service_ref="1:0:25:200b:1464:00a7:013b0000:0:0:0:" name="Antena International HD" service_name="Antena International HD" provider="Orange Romania" sid="8203" onid="167" tsid="5220" />
    <channel service_ref="1:0:25:206d:146c:00a7:013b0000:0:0:0:" name="Antena Stars HD" service_name="Antena Stars HD" provider="Orange Romania" sid="8301" onid="167" tsid="5228" />
  </bouquet>
  <bouquet name="Poland" category="tv">
    <channel service_ref="1:0:1:1c70:1453:0005:013b0000:0:0:0:" name="Caspionet (Khaber TV)" service_name="Caspionet (Khaber TV)" provider="Poverkhnost TV" sid="7280" onid="5" tsid="5203" />
  </bouquet>
  <bouquet name="Resolution - HD" category="tv">
    <channel service_ref="1:0:25:20d2:1470:00a7:013b0000:0:0:0:" name="Acasá TV HD" service_name="Acasá TV HD" provider="Orange Romania" sid="8402" onid="167" tsid="5232" />
    <channel service_ref="1:0:25:07da:1464:00a7:013b0000:0:0:0:" name="Animal Planet HD" service_name="Animal Planet HD" provider="Orange Romania" sid="2010" onid="167" tsid="5220" />
    <channel service_ref="1:0:25:07d9:1464:00a7:013b0000:0:0:0:" name="Antena 1 HD" service_name="Antena 1 HD" provider="Orange Romania" sid="2009" onid="167" tsid="5220" />
    <channel service_ref="1:0:25:20d4:1470:00a7:013b0000:0:0:0:" name="Antena 3 HD Romania" service_name="Antena 3 HD Romania" provider="Orange Romania" sid="8404" onid="167" tsid="5232" />
    <channel service_ref="1:0:25:200b:1464:00a7:013b0000:0:0:0:" name="Antena International HD" service_name="Antena International HD" provider="Orange Romania" sid="8203" onid="167" tsid="5220" />
    <channel service_ref="1:0:25:206d:146c:00a7:013b0000:0:0:0:" name="Antena Stars HD" service_name="Antena Stars HD" provider="Orange Romania" sid="8301" onid="167" tsid="5228" />
    <channel service_ref="1:0:25:1fb3:1460:00a7:013b0000:0:0:0:" name="AXN HD" service_name="AXN HD" provider="Orange Romania" sid="8115" onid="167" tsid="5216" />
    <channel service_ref="1:0:25:035a:1474:00a7:013b0000:0:0:0:" name="Bollywood HD" service_name="Bollywood HD" provider="Orange Romania" sid="858" onid="167" tsid="5236" />
    <channel service_ref="1:0:25:1fac:1460:00a7:013b0000:0:0:0:" name="Discovery HD Showcase" service_name="Discovery HD Showcase" provider="Orange Romania" sid="8108" onid="167" tsid="5216" />
    <channel service_ref="1:0:25:1fad:1460:00a7:013b0000:0:0:0:" name="DocuBOX HD" service_name="DocuBOX HD" provider="Orange Romania" sid="8109" onid="167" tsid="5216" />
    <channel service_ref="1:0:25:21fe:1468:00a7:013b0000:0:0:0:" name="DTX HD" service_name="DTX HD" provider="Orange Romania" sid="8702" onid="167" tsid="5224" />
    <channel service_ref="1:0:25:21a5:1478:00a7:013b0000:0:0:0:" name="E! Eastern Europe HD" service_name="E! Eastern Europe HD" provider="Orange Romania" sid="8613" onid="167" tsid="5240" />
    <channel service_ref="1:0:25:089b:1468:00a7:013b0000:0:0:0:" name="Erotica HD" service_name="Erotica HD" provider="Orange Romania" sid="2203" onid="167" tsid="5224" />
    <channel service_ref="1:0:25:040a:0002:0001:013b2eb2:0:0:0:" name="Erox HD" service_name="Erox HD" provider="Magtisat" sid="1034" onid="1" tsid="2" />
    <channel service_ref="1:0:25:081f:146c:00a7:013b0000:0:0:0:" name="EroXX HD" service_name="EroXX HD" provider="Orange Romania" sid="2079" onid="167" tsid="5228" />
    <channel service_ref="1:0:25:213a:1474:00a7:013b0000:0:0:0:" name="Eurosport 1 HD" service_name="Eurosport 1 HD" provider="Orange Romania" sid="8506" onid="167" tsid="5236" />
    <channel service_ref="1:0:25:219e:1478:00a7:013b0000:0:0:0:" name="Eurosport 2 HD" service_name="Eurosport 2 HD" provider="Orange Romania" sid="8606" onid="167" tsid="5240" />
    <channel service_ref="1:0:25:085d:1474:00a7:013b0000:0:0:0:" name="FashionBOX HD" service_name="FashionBOX HD" provider="Orange Romania" sid="2141" onid="167" tsid="5236" />
    <channel service_ref="1:0:25:219c:1478:00a7:013b0000:0:0:0:" name="FightBOX HD" service_name="FightBOX HD" provider="Orange Romania" sid="8604" onid="167" tsid="5240" />
    <channel service_ref="1:0:25:081b:146c:00a7:013b0000:0:0:0:" name="Filmbox Extra HD Romania" service_name="Filmbox Extra HD Romania" provider="Orange Romania" sid="2075" onid="167" tsid="5228" />
    <channel service_ref="1:0:25:035f:1474:00a7:013b0000:0:0:0:" name="Fishing and Hunting HD" service_name="Fishing and Hunting HD" provider="Orange Romania" sid="863" onid="167" tsid="5236" />
    <channel service_ref="1:0:25:200f:1464:00a7:013b0000:0:0:0:" name="Fuel HD" service_name="Fuel HD" provider="Orange Romania" sid="8207" onid="167" tsid="5220" />
    <channel service_ref="1:0:25:081e:146c:00a7:013b0000:0:0:0:" name="Happy Channel HD Romania" service_name="Happy Channel HD Romania" provider="Orange Romania" sid="2078" onid="167" tsid="5228" />
    <channel service_ref="1:0:25:01bf:0004:0001:013b2fea:0:0:0:" name="HD Life" service_name="HD Life" provider="Magtisat" sid="447" onid="1" tsid="4" />
    <channel service_ref="1:0:25:21a0:1478:00a7:013b0000:0:0:0:" name="History Channel HD Romania" service_name="History Channel HD Romania" provider="Orange Romania" sid="8608" onid="167" tsid="5240" />
    <channel service_ref="1:0:25:0383:1468:00a7:013b0000:0:0:0:" name="Hustler HD 3D" service_name="Hustler HD 3D" provider="Orange Romania" sid="899" onid="167" tsid="5224" />
    <channel service_ref="1:0:25:089c:1468:00a7:013b0000:0:0:0:" name="Look Plus HD" service_name="Look Plus HD" provider="Orange Romania" sid="2204" onid="167" tsid="5224" />
    <channel service_ref="1:0:25:1fb2:1460:00a7:013b0000:0:0:0:" name="Mezzo Live HD" service_name="Mezzo Live HD" provider="Orange Romania" sid="8114" onid="167" tsid="5216" />
    <channel service_ref="1:0:25:21fd:1468:00a7:013b0000:0:0:0:" name="Motorvision HD" service_name="Motorvision HD" provider="Orange Romania" sid="8701" onid="167" tsid="5224" />
    <channel service_ref="1:0:25:085c:1474:00a7:013b0000:0:0:0:" name="MTV Live HD" service_name="MTV Live HD" provider="Orange Romania" sid="2140" onid="167" tsid="5236" />
    <channel service_ref="1:0:25:0382:1468:00a7:013b0000:0:0:0:" name="Museum HD" service_name="Museum HD" provider="Orange Romania" sid="898" onid="167" tsid="5224" />
    <channel service_ref="1:0:25:20d8:1470:00a7:013b0000:0:0:0:" name="NatGeo Wild HD" service_name="NatGeo Wild HD" provider="Orange Romania" sid="8408" onid="167" tsid="5232" />
    <channel service_ref="1:0:25:0333:146c:00a7:013b0000:0:0:0:" name="National Geographic HD East Europe" service_name="National Geographic HD East Europe" provider="Orange Romania" sid="819" onid="167" tsid="5228" />
    <channel service_ref="1:0:25:1fa9:1460:00a7:013b0000:0:0:0:" name="Nickelodeon HD" service_name="Nickelodeon HD" provider="Orange Romania" sid="8105" onid="167" tsid="5216" />
    <channel service_ref="1:0:25:085e:1474:00a7:013b0000:0:0:0:" name="Outdoor Channel EMEA HD" service_name="Outdoor Channel EMEA HD" provider="Orange Romania" sid="2142" onid="167" tsid="5236" />
    <channel service_ref="1:0:25:0faa:0004:0001:013b2fea:0:0:0:" name="PirveliArkhi HD" service_name="PirveliArkhi HD" provider="Magtisat" sid="4010" onid="1" tsid="4" />
    <channel service_ref="1:0:25:0ffa:0004:0001:013b2fea:0:0:0:" name="Planeta HD" service_name="Planeta HD" provider="magtisat" sid="4090" onid="1" tsid="4" />
    <channel service_ref="1:0:25:1fa5:1460:00a7:013b0000:0:0:0:" name="Pro TV HD" service_name="Pro TV HD" provider="Orange Romania" sid="8101" onid="167" tsid="5216" />
    <channel service_ref="1:0:25:089a:1468:00a7:013b0000:0:0:0:" name="Redlight HD" service_name="Redlight HD" provider="Orange Romania" sid="2202" onid="167" tsid="5224" />
    <channel service_ref="1:0:25:035c:1474:00a7:013b0000:0:0:0:" name="RTL Klub HD" service_name="RTL Klub HD" provider="Orange Romania" sid="860" onid="167" tsid="5236" />
    <channel service_ref="1:0:25:0331:146c:00a7:013b0000:0:0:0:" name="Sport.ro HD" service_name="Sport.ro HD" provider="Orange Romania" sid="817" onid="167" tsid="5228" />
    <channel service_ref="1:0:25:201a:1464:00a7:013b0000:0:0:0:" name="Sundance Channel HD" service_name="Sundance Channel HD" provider="Orange Romania" sid="8218" onid="167" tsid="5220" />
    <channel service_ref="1:0:25:1fab:1460:00a7:013b0000:0:0:0:" name="Trace Sports Stars HD" service_name="Trace Sports Stars HD" provider="Orange Romania" sid="8107" onid="167" tsid="5216" />
    <channel service_ref="1:0:25:21a4:1478:00a7:013b0000:0:0:0:" name="Trace Tropical HD" service_name="Trace Tropical HD" provider="Orange Romania" sid="8612" onid="167" tsid="5240" />
    <channel service_ref="1:0:25:081d:146c:00a7:013b0000:0:0:0:" name="Trace Urban International HD" service_name="Trace Urban International HD" provider="Orange Romania" sid="2077" onid="167" tsid="5228" />
    <channel service_ref="1:0:25:21a6:1478:00a7:013b0000:0:0:0:" name="Travel Channel HD" service_name="Travel Channel HD" provider="Orange Romania" sid="8614" onid="167" tsid="5240" />
    <channel service_ref="1:0:25:219a:1478:00a7:013b0000:0:0:0:" name="TVR HD" service_name="TVR HD" provider="Orange Romania" sid="8602" onid="167" tsid="5240" />
    <channel service_ref="1:0:25:213c:1474:00a7:013b0000:0:0:0:" name="Viasat History HD|  Time sharing" service_name="Viasat History HD|  Time sharing" provider="Orange Romania" sid="8508" onid="167" tsid="5236" />
    <channel service_ref="1:0:25:20d7:1470:00a7:013b0000:0:0:0:" name="Zu TV HD" service_name="Zu TV HD" provider="Orange Romania" sid="8407" onid="167" tsid="5232" />
  </bouquet>
  <bouquet name="Adult" category="tv">
    <channel service_ref="1:0:25:20df:1470:00a7:013b0000:0:0:0:" name="Dorcel TV" service_name="Dorcel TV" provider="Orange Romania" sid="8415" onid="167" tsid="5232" />
    <channel service_ref="1:0:25:03fc:0001:0001:013baec5:0:0:0:" name="Hustler TV" service_name="Hustler TV" provider="Magtisat" sid="1020" onid="1" tsid="1" />
    <channel service_ref="1:0:25:089a:1468:00a7:013b0000:0:0:0:" name="Redlight HD" service_name="Redlight HD" provider="Orange Romania" sid="2202" onid="167" tsid="5224" />
    <channel service_ref="1:0:25:01b4:0003:0001:013bafaf:0:0:0:" name="Redlight TV" service_name="Redlight TV" provider="Magtisat" sid="436" onid="1" tsid="3" />
  </bouquet>
  <bouquet name="International" category="tv">
    <channel service_ref="1:0:25:00c0:0001:0001:013baec5:0:0:0:" name="Discovery World" service_name="Discovery World" provider="Magtisat" sid="192" onid="1" tsid="1" />
  </bouquet>
  <bouquet name="Others" category="tv">
    <channel service_ref="1:0:25:019f:0002:0001:013b2eb2:0:0:0:" name="24 Dok" service_name="24 Dok" provider="Magtisat" sid="415" onid="1" tsid="2" />
    <channel service_ref="1:0:25:044a:0003:0001:013bafaf:0:0:0:" name="Abkhazetis Khma" service_name="Abkhazetis Khma" provider="Magtisat" sid="1098" onid="1" tsid="3" />
    <channel service_ref="1:0:25:1db7:145c:0005:013b0000:0:0:0:" name="Acasa TV Gold" service_name="Acasa TV Gold" provider="Orange Romania" sid="7607" onid="5" tsid="5212" />
    <channel service_ref="1:0:25:1db2:145c:0005:013b0000:0:0:0:" name="Acasá TV" service_name="Acasá TV" provider="Orange Romania" sid="7602" onid="5" tsid="5212" />
    <channel service_ref="1:0:25:20d2:1470:00a7:013b0000:0:0:0:" name="Acasá TV HD" service_name="Acasá TV HD" provider="Orange Romania" sid="8402" onid="167" tsid="5232" />
    <channel service_ref="1:0:25:01b8:0003:0001:013bafaf:0:0:0:" name="Adjara TV" service_name="Adjara TV" provider="Magtisat" sid="440" onid="1" tsid="3" />
    <channel service_ref="1:0:25:07dd:1464:00a7:013b0000:0:0:0:" name="AMC Eastern Europe" service_name="AMC Eastern Europe" provider="Orange Romania" sid="2013" onid="167" tsid="5220" />
    <channel service_ref="1:0:25:03fa:0004:0001:013b2fea:0:0:0:" name="Armenia TV" service_name="Armenia TV" provider="Magtisat" sid="1018" onid="1" tsid="4" />
    <channel service_ref="1:0:25:01a2:0002:0001:013b2eb2:0:0:0:" name="Auto Plus (Russia)" service_name="Auto Plus (Russia)" provider="Magtisat" sid="418" onid="1" tsid="2" />
    <channel service_ref="1:0:25:089e:1468:00a7:013b0000:0:0:0:" name="AXN Black" service_name="AXN Black" provider="Orange Romania" sid="2206" onid="167" tsid="5224" />
    <channel service_ref="1:0:25:1fb3:1460:00a7:013b0000:0:0:0:" name="AXN HD" service_name="AXN HD" provider="Orange Romania" sid="8115" onid="167" tsid="5216" />
    <channel service_ref="1:0:25:220c:1468:00a7:013b0000:0:0:0:" name="AXN Spin Romania" service_name="AXN Spin Romania" provider="Orange Romania" sid="8716" onid="167" tsid="5224" />
    <channel service_ref="1:0:25:089f:1468:00a7:013b0000:0:0:0:" name="AXN White" service_name="AXN White" provider="Orange Romania" sid="2207" onid="167" tsid="5224" />
    <channel service_ref="1:0:25:100e:0004:0001:013b2fea:0:0:0:" name="Az TV 1" service_name="Az TV 1" provider="magtisat" sid="4110" onid="1" tsid="4" />
    <channel service_ref="1:0:25:1faa:1460:00a7:013b0000:0:0:0:" name="Baby TV" service_name="Baby TV" provider="Orange Romania" sid="8106" onid="167" tsid="5216" />
    <channel service_ref="1:0:25:200c:1464:00a7:013b0000:0:0:0:" name="Balkanika" service_name="Balkanika" provider="Orange Romania" sid="8204" onid="167" tsid="5220" />
    <channel service_ref="1:0:25:035a:1474:00a7:013b0000:0:0:0:" name="Bollywood HD" service_name="Bollywood HD" provider="Orange Romania" sid="858" onid="167" tsid="5236" />
    <channel service_ref="1:0:25:206e:146c:00a7:013b0000:0:0:0:" name="Bucuresti 1 TV" service_name="Bucuresti 1 TV" provider="Orange Romania" sid="8302" onid="167" tsid="5228" />
    <channel service_ref="1:0:25:040d:0002:0001:013b2eb2:0:0:0:" name="Chasse et Pêche" service_name="Chasse et Pêche" provider="Magtisat" sid="1037" onid="1" tsid="2" />
    <channel service_ref="1:0:25:01c1:0003:0001:013bafaf:0:0:0:" name="Chveni Magti" service_name="Chveni Magti" provider="Harmonic" sid="449" onid="1" tsid="3" />
    <channel service_ref="1:0:25:03f0:0001:0001:013baec5:0:0:0:" name="CNBC Europe" service_name="CNBC Europe" provider="Magtisat" sid="1008" onid="1" tsid="1" />
    <channel service_ref="1:0:25:0ff0:0004:0001:013b2fea:0:0:0:" name="CNN International Europe" service_name="CNN International Europe" provider="magtisat" sid="4080" onid="1" tsid="4" />
    <channel service_ref="1:0:25:07d0:0003:0001:013bafaf:0:0:0:" name="Comedy Arkhi" service_name="Comedy Arkhi" provider="Magtisat" sid="2000" onid="1" tsid="3" />
    <channel service_ref="1:0:25:1faf:1460:00a7:013b0000:0:0:0:" name="Comedy Central Bulgaria &amp; Romania" service_name="Comedy Central Bulgaria &amp; Romania" provider="Orange Romania" sid="8111" onid="167" tsid="5216" />
    <channel service_ref="1:0:25:207d:146c:00a7:013b0000:0:0:0:" name="Cool TV Romania" service_name="Cool TV Romania" provider="Orange Romania" sid="8317" onid="167" tsid="5228" />
    <channel service_ref="1:0:25:1fb4:1460:00a7:013b0000:0:0:0:" name="Crime &amp; Investigation Network" service_name="Crime &amp; Investigation Network" provider="Orange Romania" sid="8116" onid="167" tsid="5216" />
    <channel service_ref="1:0:25:043b:0004:0001:013b2fea:0:0:0:" name="Da Vinci Learning" service_name="Da Vinci Learning" provider="magtisat" sid="1083" onid="1" tsid="4" />
    <channel service_ref="1:0:25:00c1:0001:0001:013baec5:0:0:0:" name="Discovery Channel Eastern Europe" service_name="Discovery Channel Eastern Europe" provider="Magtisat" sid="193" onid="1" tsid="1" />
    <channel service_ref="1:0:25:081a:146c:00a7:013b0000:0:0:0:" name="Discovery Channel Romania" service_name="Discovery Channel Romania" provider="Orange Romania" sid="2074" onid="167" tsid="5228" />
    <channel service_ref="1:0:25:1fac:1460:00a7:013b0000:0:0:0:" name="Discovery HD Showcase" service_name="Discovery HD Showcase" provider="Orange Romania" sid="8108" onid="167" tsid="5216" />
    <channel service_ref="1:0:25:00bf:0001:0001:013baec5:0:0:0:" name="Discovery Science" service_name="Discovery Science" provider="Magtisat" sid="191" onid="1" tsid="1" />
    <channel service_ref="1:0:25:219f:1478:00a7:013b0000:0:0:0:" name="Discovery Science" service_name="Discovery Science" provider="Orange Romania" sid="8607" onid="167" tsid="5240" />
    <channel service_ref="1:0:25:207b:146c:00a7:013b0000:0:0:0:" name="Diva Universal Romania" service_name="Diva Universal Romania" provider="Orange Romania" sid="8315" onid="167" tsid="5228" />
    <channel service_ref="1:0:25:03f3:0001:0001:013baec5:0:0:0:" name="DocuBox" service_name="DocuBox" provider="Magtisat" sid="1011" onid="1" tsid="1" />
    <channel service_ref="1:0:25:1fad:1460:00a7:013b0000:0:0:0:" name="DocuBOX HD" service_name="DocuBOX HD" provider="Orange Romania" sid="8109" onid="167" tsid="5216" />
    <channel service_ref="1:0:25:03f8:0001:0001:013baec5:0:0:0:" name="Dom Kino" service_name="Dom Kino" provider="Magtisat" sid="1016" onid="1" tsid="1" />
    <channel service_ref="1:0:25:01ac:0002:0001:013b2eb2:0:0:0:" name="Dom Kino Premium" service_name="Dom Kino Premium" provider="Magtisat" sid="428" onid="1" tsid="2" />
    <channel service_ref="1:0:25:0bc2:0003:0001:013bafaf:0:0:0:" name="Dro TV" service_name="Dro TV" provider="Magtisat" sid="3010" onid="1" tsid="3" />
    <channel service_ref="1:0:25:21fe:1468:00a7:013b0000:0:0:0:" name="DTX HD" service_name="DTX HD" provider="Orange Romania" sid="8702" onid="167" tsid="5224" />
    <channel service_ref="1:0:25:03f4:0001:0001:013baec5:0:0:0:" name="Duck TV" service_name="Duck TV" provider="Magtisat" sid="1012" onid="1" tsid="1" />
    <channel service_ref="1:0:25:200d:1464:00a7:013b0000:0:0:0:" name="Duck TV" service_name="Duck TV" provider="Orange Romania" sid="8205" onid="167" tsid="5220" />
    <channel service_ref="1:0:25:07e3:1464:00a7:013b0000:0:0:0:" name="Duna TV" service_name="Duna TV" provider="Orange Romania" sid="2019" onid="167" tsid="5220" />
    <channel service_ref="1:0:25:0fdc:0004:0001:013b2fea:0:0:0:" name="DW-TV (Deutsche Welle)" service_name="DW-TV (Deutsche Welle)" provider="magtisat" sid="4060" onid="1" tsid="4" />
    <channel service_ref="1:0:25:21a5:1478:00a7:013b0000:0:0:0:" name="E! Eastern Europe HD" service_name="E! Eastern Europe HD" provider="Orange Romania" sid="8613" onid="167" tsid="5240" />
    <channel service_ref="1:0:25:03f6:0001:0001:013baec5:0:0:0:" name="Enki Benki" service_name="Enki Benki" provider="Harmonic" sid="1014" onid="1" tsid="1" />
    <channel service_ref="1:0:25:089b:1468:00a7:013b0000:0:0:0:" name="Erotica HD" service_name="Erotica HD" provider="Orange Romania" sid="2203" onid="167" tsid="5224" />
    <channel service_ref="1:0:25:040a:0002:0001:013b2eb2:0:0:0:" name="Erox HD" service_name="Erox HD" provider="Magtisat" sid="1034" onid="1" tsid="2" />
    <channel service_ref="1:0:25:081f:146c:00a7:013b0000:0:0:0:" name="EroXX HD" service_name="EroXX HD" provider="Orange Romania" sid="2079" onid="167" tsid="5228" />
    <channel service_ref="1:0:25:014a:0003:0001:013bafaf:0:0:0:" name="Ertsulovneba" service_name="Ertsulovneba" provider="Magtisat" sid="330" onid="1" tsid="3" />
    <channel service_ref="1:0:25:1fb0:1460:00a7:013b0000:0:0:0:" name="Etno TV" service_name="Etno TV" provider="Orange Romania" sid="8112" onid="167" tsid="5216" />
    <channel service_ref="1:0:25:03ef:0001:0001:013baec5:0:0:0:" name="Fashion TV" service_name="Fashion TV" provider="Magtisat" sid="1007" onid="1" tsid="1" />
    <channel service_ref="1:0:25:01b0:0003:0001:013bafaf:0:0:0:" name="FashionBox" service_name="FashionBox" provider="Magtisat" sid="432" onid="1" tsid="3" />
    <channel service_ref="1:0:25:085d:1474:00a7:013b0000:0:0:0:" name="FashionBOX HD" service_name="FashionBOX HD" provider="Orange Romania" sid="2141" onid="167" tsid="5236" />
    <channel service_ref="1:0:25:01af:0003:0001:013bafaf:0:0:0:" name="FastNFunbox" service_name="FastNFunbox" provider="Magtisat" sid="431" onid="1" tsid="3" />
    <channel service_ref="1:0:25:21a3:1478:00a7:013b0000:0:0:0:" name="Favorit TV" service_name="Favorit TV" provider="Orange Romania" sid="8611" onid="167" tsid="5240" />
    <channel service_ref="1:0:25:03f9:0001:0001:013baec5:0:0:0:" name="Fightbox" service_name="Fightbox" provider="Magtisat" sid="1017" onid="1" tsid="1" />
    <channel service_ref="1:0:25:219c:1478:00a7:013b0000:0:0:0:" name="FightBOX HD" service_name="FightBOX HD" provider="Orange Romania" sid="8604" onid="167" tsid="5240" />
    <channel service_ref="1:0:25:03f5:0001:0001:013baec5:0:0:0:" name="Fine Living Network" service_name="Fine Living Network" provider="Magtisat" sid="1013" onid="1" tsid="1" />
    <channel service_ref="1:0:25:035f:1474:00a7:013b0000:0:0:0:" name="Fishing and Hunting HD" service_name="Fishing and Hunting HD" provider="Orange Romania" sid="863" onid="167" tsid="5236" />
    <channel service_ref="1:0:25:040c:0002:0001:013b2eb2:0:0:0:" name="Fox Russia" service_name="Fox Russia" provider="Magtisat" sid="1036" onid="1" tsid="2" />
    <channel service_ref="1:0:25:200f:1464:00a7:013b0000:0:0:0:" name="Fuel HD" service_name="Fuel HD" provider="Orange Romania" sid="8207" onid="167" tsid="5220" />
    <channel service_ref="1:0:25:01a0:0002:0001:013b2eb2:0:0:0:" name="GDE i KTO" service_name="GDE i KTO" provider="Magtisat" sid="416" onid="1" tsid="2" />
    <channel service_ref="1:0:25:01bc:0003:0001:013bafaf:0:0:0:" name="GDS TV" service_name="GDS TV" provider="Magtisat" sid="444" onid="1" tsid="3" />
    <channel service_ref="1:0:25:07da:0003:0001:013bafaf:0:0:0:" name="Gurjaani" service_name="Gurjaani" provider="Magtisat" sid="2010" onid="1" tsid="3" />
    <channel service_ref="1:0:25:081e:146c:00a7:013b0000:0:0:0:" name="Happy Channel HD Romania" service_name="Happy Channel HD Romania" provider="Orange Romania" sid="2078" onid="167" tsid="5228" />
    <channel service_ref="1:0:25:01bf:0004:0001:013b2fea:0:0:0:" name="HD Life" service_name="HD Life" provider="Magtisat" sid="447" onid="1" tsid="4" />
    <channel service_ref="1:0:1:1c7a:1453:0005:013b0000:0:0:0:" name="Historia M TEST" service_name="Historia M TEST" provider="" sid="7290" onid="5" tsid="5203" />
    <channel service_ref="1:0:25:0176:0003:0001:013bafaf:0:0:0:" name="Iberia TV" service_name="Iberia TV" provider="Magtisat" sid="374" onid="1" tsid="3" />
    <channel service_ref="1:0:25:00be:0001:0001:013baec5:0:0:0:" name="ID Xtra Russia" service_name="ID Xtra Russia" provider="Magtisat" sid="190" onid="1" tsid="1" />
    <channel service_ref="1:0:25:0c1c:0003:0001:013bafaf:0:0:0:" name="Imedi TV" service_name="Imedi TV" provider="Magtisat" sid="3100" onid="1" tsid="3" />
    <channel service_ref="1:0:25:01a1:0002:0001:013b2eb2:0:0:0:" name="India TV (Russia)" service_name="India TV (Russia)" provider="Magtisat" sid="417" onid="1" tsid="2" />
    <channel service_ref="1:0:25:20d9:1470:00a7:013b0000:0:0:0:" name="Investigation Discovery Xtra" service_name="Investigation Discovery Xtra" provider="Orange Romania" sid="8409" onid="167" tsid="5232" />
    <channel service_ref="1:0:25:043c:0004:0001:013b2fea:0:0:0:" name="Istoria" service_name="Istoria" provider="Magtisat" sid="1084" onid="1" tsid="4" />
    <channel service_ref="1:0:25:03f7:0001:0001:013baec5:0:0:0:" name="Jim Jam Rossiya" service_name="Jim Jam Rossiya" provider="Magtisat" sid="1015" onid="1" tsid="1" />
    <channel service_ref="1:0:25:220b:1468:00a7:013b0000:0:0:0:" name="JimJam EMEA" service_name="JimJam EMEA" provider="Orange Romania" sid="8715" onid="167" tsid="5224" />
    <channel service_ref="1:0:25:20d1:1470:00a7:013b0000:0:0:0:" name="Kanal D Romania" service_name="Kanal D Romania" provider="Orange Romania" sid="8401" onid="167" tsid="5232" />
    <channel service_ref="1:0:25:01aa:0002:0001:013b2eb2:0:0:0:" name="Karusel" service_name="Karusel" provider="Magtisat" sid="426" onid="1" tsid="2" />
    <channel service_ref="1:0:25:0c08:0003:0001:013bafaf:0:0:0:" name="Kavkasia" service_name="Kavkasia" provider="Magtisat" sid="3080" onid="1" tsid="3" />
    <channel service_ref="1:0:25:01b9:0004:0001:013b2fea:0:0:0:" name="Kinokomedia" service_name="Kinokomedia" provider="Magtisat" sid="441" onid="1" tsid="4" />
    <channel service_ref="1:0:25:041e:0002:0001:013b2eb2:0:0:0:" name="Kinomix" service_name="Kinomix" provider="Magtisat" sid="1054" onid="1" tsid="2" />
    <channel service_ref="1:0:25:01b7:0003:0001:013bafaf:0:0:0:" name="Kinopremiera" service_name="Kinopremiera" provider="Magtisat" sid="439" onid="1" tsid="3" />
    <channel service_ref="1:0:25:01a9:0002:0001:013b2eb2:0:0:0:" name="Kinosemia" service_name="Kinosemia" provider="Magtisat" sid="425" onid="1" tsid="2" />
    <channel service_ref="1:0:25:040b:0002:0001:013b2eb2:0:0:0:" name="Kinosvidania" service_name="Kinosvidania" provider="Magtisat" sid="1035" onid="1" tsid="2" />
    <channel service_ref="1:0:25:213f:1474:00a7:013b0000:0:0:0:" name="Kiss TV" service_name="Kiss TV" provider="Orange Romania" sid="8511" onid="167" tsid="5236" />
    <channel service_ref="1:0:25:01a3:0002:0001:013b2eb2:0:0:0:" name="Kuchnja TV" service_name="Kuchnja TV" provider="Magtisat" sid="419" onid="1" tsid="2" />
    <channel service_ref="1:0:25:01a4:0002:0001:013b2eb2:0:0:0:" name="Kultura TV" service_name="Kultura TV" provider="Magtisat" sid="420" onid="1" tsid="2" />
    <channel service_ref="1:0:25:019a:0002:0001:013b2eb2:0:0:0:" name="La Minor" service_name="La Minor" provider="Magtisat" sid="410" onid="1" tsid="2" />
    <channel service_ref="1:0:25:089c:1468:00a7:013b0000:0:0:0:" name="Look Plus HD" service_name="Look Plus HD" provider="Orange Romania" sid="2204" onid="167" tsid="5224" />
    <channel service_ref="1:0:25:21a9:1478:00a7:013b0000:0:0:0:" name="M1 - Magyar TV" service_name="M1 - Magyar TV" provider="Orange Romania" sid="8617" onid="167" tsid="5240" />
    <channel service_ref="1:0:25:21aa:1478:00a7:013b0000:0:0:0:" name="M2" service_name="M2" provider="Orange Romania" sid="8618" onid="167" tsid="5240" />
    <channel service_ref="1:0:25:03e9:0001:0001:013baec5:0:0:0:" name="Maestro" service_name="Maestro" provider="Magtisat" sid="1001" onid="1" tsid="1" />
    <channel service_ref="1:0:25:087a:0003:0001:013bafaf:0:0:0:" name="Magti Hit" service_name="Magti Hit" provider="Magtisat" sid="2170" onid="1" tsid="3" />
    <channel service_ref="1:0:25:041f:0002:0001:013b2eb2:0:0:0:" name="Magti Kino" service_name="Magti Kino" provider="Magtisat" sid="1055" onid="1" tsid="2" />
    <channel service_ref="1:0:25:07e4:0004:0001:013b2fea:0:0:0:" name="Mama" service_name="Mama" provider="Magtisat" sid="2020" onid="1" tsid="4" />
    <channel service_ref="1:0:25:03eb:0001:0001:013baec5:0:0:0:" name="Marao TV" service_name="Marao TV" provider="Magtisat" sid="1003" onid="1" tsid="1" />
    <channel service_ref="1:0:25:200e:1464:00a7:013b0000:0:0:0:" name="Megamax" service_name="Megamax" provider="Orange Romania" sid="8206" onid="167" tsid="5220" />
    <channel service_ref="1:0:25:044b:0003:0001:013bafaf:0:0:0:" name="Meore Arkhi" service_name="Meore Arkhi" provider="Magtisat" sid="1099" onid="1" tsid="3" />
    <channel service_ref="1:0:25:0330:146c:00a7:013b0000:0:0:0:" name="MiniMax Romania" service_name="MiniMax Romania" provider="Orange Romania" sid="816" onid="167" tsid="5228" />
    <channel service_ref="1:0:25:01bb:0004:0001:013b2fea:0:0:0:" name="Mnogo TV" service_name="Mnogo TV" provider="Magtisat" sid="443" onid="1" tsid="4" />
    <channel service_ref="1:0:25:21fd:1468:00a7:013b0000:0:0:0:" name="Motorvision HD" service_name="Motorvision HD" provider="Orange Romania" sid="8701" onid="167" tsid="5224" />
    <channel service_ref="1:0:25:01a6:0002:0001:013b2eb2:0:0:0:" name="Mult" service_name="Mult" provider="Magtisat" sid="422" onid="1" tsid="2" />
    <channel service_ref="1:0:25:0382:1468:00a7:013b0000:0:0:0:" name="Museum HD" service_name="Museum HD" provider="Orange Romania" sid="898" onid="167" tsid="5224" />
    <channel service_ref="1:0:25:041a:0002:0001:013b2eb2:0:0:0:" name="Muzhskoy" service_name="Muzhskoy" provider="Magtisat" sid="1050" onid="1" tsid="2" />
    <channel service_ref="1:0:25:07e2:1464:00a7:013b0000:0:0:0:" name="Muzsika TV" service_name="Muzsika TV" provider="Orange Romania" sid="2018" onid="167" tsid="5220" />
    <channel service_ref="1:0:25:20dd:1470:00a7:013b0000:0:0:0:" name="MyZen.tv" service_name="MyZen.tv" provider="Orange Romania" sid="8413" onid="167" tsid="5232" />
    <channel service_ref="1:0:25:1fa8:1460:00a7:013b0000:0:0:0:" name="N 24 Plus" service_name="N 24 Plus" provider="Orange Romania" sid="8104" onid="167" tsid="5216" />
    <channel service_ref="1:0:25:019d:0002:0001:013b2eb2:0:0:0:" name="Nashe Novoe Kino" service_name="Nashe Novoe Kino" provider="Magtisat" sid="413" onid="1" tsid="2" />
    <channel service_ref="1:0:25:200a:1464:00a7:013b0000:0:0:0:" name="National TV" service_name="National TV" provider="Orange Romania" sid="8202" onid="167" tsid="5220" />
    <channel service_ref="1:0:25:03ec:0004:0001:013b2fea:0:0:0:" name="Nauka 2.0" service_name="Nauka 2.0" provider="magtisat" sid="1004" onid="1" tsid="4" />
    <channel service_ref="1:0:25:00c4:0001:0001:013baec5:0:0:0:" name="Nick Jr Russia" service_name="Nick Jr Russia" provider="Magtisat" sid="196" onid="1" tsid="1" />
    <channel service_ref="1:0:25:01bd:0004:0001:013b2fea:0:0:0:" name="Nostalgia (Russia)" service_name="Nostalgia (Russia)" provider="Magtisat" sid="445" onid="1" tsid="4" />
    <channel service_ref="1:0:25:0fbe:0004:0001:013b2fea:0:0:0:" name="NSTV" service_name="NSTV" provider="magtisat" sid="4030" onid="1" tsid="4" />
    <channel service_ref="1:0:25:0fb4:0003:0001:013bafaf:0:0:0:" name="Objieqtivi TV" service_name="Objieqtivi TV" provider="Magtisat" sid="4020" onid="1" tsid="3" />
    <channel service_ref="1:0:25:220a:1468:00a7:013b0000:0:0:0:" name="Orange Info (Romania)" service_name="Orange Info (Romania)" provider="Orange Romania" sid="8714" onid="167" tsid="5224" />
    <channel service_ref="1:0:25:085e:1474:00a7:013b0000:0:0:0:" name="Outdoor Channel EMEA HD" service_name="Outdoor Channel EMEA HD" provider="Orange Romania" sid="2142" onid="167" tsid="5236" />
    <channel service_ref="1:0:25:20e1:1470:00a7:013b0000:0:0:0:" name="Paramount Channel Hungary &amp; Romania" service_name="Paramount Channel Hungary &amp; Romania" provider="Orange Romania" sid="8417" onid="167" tsid="5232" />
    <channel service_ref="1:0:25:00c3:0001:0001:013baec5:0:0:0:" name="Paramount Comedy Russia" service_name="Paramount Comedy Russia" provider="Magtisat" sid="195" onid="1" tsid="1" />
    <channel service_ref="1:0:25:043a:0003:0001:013bafaf:0:0:0:" name="Paramount Comedy Russia" service_name="Paramount Comedy Russia" provider="Magtisat" sid="1082" onid="1" tsid="3" />
    <channel service_ref="1:0:25:01c0:0004:0001:013b2fea:0:0:0:" name="Park Razvlechenie" service_name="Park Razvlechenie" provider="Magtisat" sid="448" onid="1" tsid="4" />
    <channel service_ref="1:0:25:01b6:0003:0001:013bafaf:0:0:0:" name="Perviy Kanal" service_name="Perviy Kanal" provider="Magtisat" sid="438" onid="1" tsid="3" />
    <channel service_ref="1:0:25:0faa:0004:0001:013b2fea:0:0:0:" name="PirveliArkhi HD" service_name="PirveliArkhi HD" provider="Magtisat" sid="4010" onid="1" tsid="4" />
    <channel service_ref="1:0:25:1fa6:1460:00a7:013b0000:0:0:0:" name="Prima TV" service_name="Prima TV" provider="Orange Romania" sid="8102" onid="167" tsid="5216" />
    <channel service_ref="1:0:25:1db1:145c:0005:013b0000:0:0:0:" name="Pro TV" service_name="Pro TV" provider="Orange Romania" sid="7601" onid="5" tsid="5212" />
    <channel service_ref="1:0:25:1db8:145c:0005:013b0000:0:0:0:" name="Pro TV" service_name="Pro TV" provider="ProTV" sid="7608" onid="5" tsid="5212" />
    <channel service_ref="1:0:25:1fa5:1460:00a7:013b0000:0:0:0:" name="Pro TV HD" service_name="Pro TV HD" provider="Orange Romania" sid="8101" onid="167" tsid="5216" />
    <channel service_ref="1:0:25:1db3:145c:0005:013b0000:0:0:0:" name="Pro TV International" service_name="Pro TV International" provider="ProTV" sid="7603" onid="5" tsid="5212" />
    <channel service_ref="1:0:25:085c:0003:0001:013bafaf:0:0:0:" name="Qartuli Arkhi" service_name="Qartuli Arkhi" provider="Magtisat" sid="2140" onid="1" tsid="3" />
    <channel service_ref="1:0:25:01be:0004:0001:013b2fea:0:0:0:" name="Radnoe Kino" service_name="Radnoe Kino" provider="Magtisat" sid="446" onid="1" tsid="4" />
    <channel service_ref="1:0:25:102c:0004:0001:013b2fea:0:0:0:" name="RBC TV" service_name="RBC TV" provider="magtisat" sid="4140" onid="1" tsid="4" />
    <channel service_ref="1:0:25:219b:1478:00a7:013b0000:0:0:0:" name="Realitatea TV" service_name="Realitatea TV" provider="Orange Romania" sid="8603" onid="167" tsid="5240" />
    <channel service_ref="1:0:25:019b:0002:0001:013b2eb2:0:0:0:" name="Rioni TV" service_name="Rioni TV" provider="Magtisat" sid="411" onid="1" tsid="2" />
    <channel service_ref="1:0:25:03f1:0001:0001:013baec5:0:0:0:" name="RTV International" service_name="RTV International" provider="Magtisat" sid="1009" onid="1" tsid="1" />
    <channel service_ref="1:0:25:01a7:0002:0001:013b2eb2:0:0:0:" name="Rus Bestseller" service_name="Rus Bestseller" provider="Magtisat" sid="423" onid="1" tsid="2" />
    <channel service_ref="1:0:25:040f:0002:0001:013b2eb2:0:0:0:" name="Russia 24" service_name="Russia 24" provider="Magtisat" sid="1039" onid="1" tsid="2" />
    <channel service_ref="1:0:25:03fe:0004:0001:013b2fea:0:0:0:" name="Russia Today" service_name="Russia Today" provider="magtisat" sid="1022" onid="1" tsid="4" />
    <channel service_ref="1:0:25:0142:0003:0001:013bafaf:0:0:0:" name="Russkaja Noch" service_name="Russkaja Noch" provider="Magtisat" sid="322" onid="1" tsid="3" />
    <channel service_ref="1:0:25:01b1:0004:0001:013b2fea:0:0:0:" name="Russkiy Extream" service_name="Russkiy Extream" provider="Magtisat" sid="433" onid="1" tsid="4" />
    <channel service_ref="1:0:25:043e:0003:0001:013bafaf:0:0:0:" name="Rustavi 2" service_name="Rustavi 2" provider="Magtisat" sid="1086" onid="1" tsid="3" />
    <channel service_ref="1:0:25:0fe6:0004:0001:013b2fea:0:0:0:" name="Sarafan Plus" service_name="Sarafan Plus" provider="magtisat" sid="4070" onid="1" tsid="4" />
    <channel service_ref="1:0:25:0c30:0003:0001:013bafaf:0:0:0:" name="Silk TV" service_name="Silk TV" provider="magtisat" sid="3120" onid="1" tsid="3" />
    <channel service_ref="1:0:25:207e:146c:00a7:013b0000:0:0:0:" name="Speranta TV" service_name="Speranta TV" provider="Orange Romania" sid="8318" onid="167" tsid="5228" />
    <channel service_ref="1:0:25:080c:0004:0001:013b2fea:0:0:0:" name="Strana TV" service_name="Strana TV" provider="Magtisat" sid="2060" onid="1" tsid="4" />
    <channel service_ref="1:0:25:201a:1464:00a7:013b0000:0:0:0:" name="Sundance Channel HD" service_name="Sundance Channel HD" provider="Orange Romania" sid="8218" onid="167" tsid="5220" />
    <channel service_ref="1:0:25:07de:1464:00a7:013b0000:0:0:0:" name="Taraf TV" service_name="Taraf TV" provider="Orange Romania" sid="2014" onid="167" tsid="5220" />
    <channel service_ref="1:0:25:03fa:0001:0001:013baec5:0:0:0:" name="TiJi" service_name="TiJi" provider="Magtisat" sid="1018" onid="1" tsid="1" />
    <channel service_ref="1:0:25:085f:1474:00a7:013b0000:0:0:0:" name="TLC Romania" service_name="TLC Romania" provider="Orange Romania" sid="2143" onid="167" tsid="5236" />
    <channel service_ref="1:0:25:03ff:0001:0001:013baec5:0:0:0:" name="TLC Russia" service_name="TLC Russia" provider="Magtisat" sid="1023" onid="1" tsid="1" />
    <channel service_ref="1:0:25:07f8:0003:0001:013bafaf:0:0:0:" name="TNT Comedy" service_name="TNT Comedy" provider="Magtisat" sid="2040" onid="1" tsid="3" />
    <channel service_ref="1:0:25:089d:1468:00a7:013b0000:0:0:0:" name="Transilvania Look" service_name="Transilvania Look" provider="Orange Romania" sid="2205" onid="167" tsid="5224" />
    <channel service_ref="1:0:25:01a5:0002:0001:013b2eb2:0:0:0:" name="Travel Channel" service_name="Travel Channel" provider="Magtisat" sid="421" onid="1" tsid="2" />
    <channel service_ref="1:0:25:21a6:1478:00a7:013b0000:0:0:0:" name="Travel Channel HD" service_name="Travel Channel HD" provider="Orange Romania" sid="8614" onid="167" tsid="5240" />
    <channel service_ref="1:0:25:21ff:1468:00a7:013b0000:0:0:0:" name="Travel Mix" service_name="Travel Mix" provider="Orange Romania" sid="8703" onid="167" tsid="5224" />
    <channel service_ref="1:0:25:07e1:1464:00a7:013b0000:0:0:0:" name="Trinitas TV" service_name="Trinitas TV" provider="Orange Romania" sid="2017" onid="167" tsid="5220" />
    <channel service_ref="1:0:25:019c:0002:0001:013b2eb2:0:0:0:" name="Tune Box" service_name="Tune Box" provider="Magtisat" sid="412" onid="1" tsid="2" />
    <channel service_ref="1:0:25:014e:0004:0001:013b2fea:0:0:0:" name="TV 1000 Action East" service_name="TV 1000 Action East" provider="Magtisat" sid="334" onid="1" tsid="4" />
    <channel service_ref="1:0:25:0156:0004:0001:013b2fea:0:0:0:" name="TV 1000 East" service_name="TV 1000 East" provider="Magtisat" sid="342" onid="1" tsid="4" />
    <channel service_ref="1:0:25:21a2:1478:00a7:013b0000:0:0:0:" name="TV 1000 East" service_name="TV 1000 East" provider="Orange Romania" sid="8610" onid="167" tsid="5240" />
    <channel service_ref="1:0:25:015e:0004:0001:013b2fea:0:0:0:" name="TV 1000 Russkoe Kino" service_name="TV 1000 Russkoe Kino" provider="Magtisat" sid="350" onid="1" tsid="4" />
    <channel service_ref="1:0:25:220d:1468:00a7:013b0000:0:0:0:" name="TV Neptun" service_name="TV Neptun" provider="Orange Romania" sid="8717" onid="167" tsid="5224" />
    <channel service_ref="1:0:25:20de:1470:00a7:013b0000:0:0:0:" name="TV Paprika Romania" service_name="TV Paprika Romania" provider="Orange Romania" sid="8414" onid="167" tsid="5232" />
    <channel service_ref="1:0:25:035b:1474:00a7:013b0000:0:0:0:" name="TV Romania International" service_name="TV Romania International" provider="Orange Romania" sid="859" onid="167" tsid="5236" />
    <channel service_ref="1:0:25:20d3:1470:00a7:013b0000:0:0:0:" name="TV Romania International" service_name="TV Romania International" provider="Orange Romania" sid="8403" onid="167" tsid="5232" />
    <channel service_ref="1:0:25:088e:0003:0001:013bafaf:0:0:0:" name="TV XXI" service_name="TV XXI" provider="Magtisat" sid="2190" onid="1" tsid="3" />
    <channel service_ref="1:0:25:0359:1474:00a7:013b0000:0:0:0:" name="TVR 1" service_name="TVR 1" provider="Orange Romania" sid="857" onid="167" tsid="5236" />
    <channel service_ref="1:0:25:0381:1478:00a7:013b0000:0:0:0:" name="TVR 2" service_name="TVR 2" provider="Orange Romania" sid="897" onid="167" tsid="5240" />
    <channel service_ref="1:0:25:219a:1478:00a7:013b0000:0:0:0:" name="TVR HD" service_name="TVR HD" provider="Orange Romania" sid="8602" onid="167" tsid="5240" />
    <channel service_ref="1:0:25:1fb1:1460:00a7:013b0000:0:0:0:" name="VH-1 (Video Hits One)" service_name="VH-1 (Video Hits One)" provider="Orange Romania" sid="8113" onid="167" tsid="5216" />
    <channel service_ref="1:0:25:00c5:0001:0001:013baec5:0:0:0:" name="VH-1 Classic" service_name="VH-1 Classic" provider="Magtisat" sid="197" onid="1" tsid="1" />
    <channel service_ref="1:0:25:1fae:1460:00a7:013b0000:0:0:0:" name="Viasat Explore" service_name="Viasat Explore" provider="Orange Romania" sid="8110" onid="167" tsid="5216" />
    <channel service_ref="1:0:25:082a:0004:0001:013b2fea:0:0:0:" name="Viasat Explorer Russia" service_name="Viasat Explorer Russia" provider="Magtisat" sid="2090" onid="1" tsid="4" />
    <channel service_ref="1:0:25:017e:0004:0001:013b2fea:0:0:0:" name="Viasat Nature CEE" service_name="Viasat Nature CEE" provider="Magtisat" sid="382" onid="1" tsid="4" />
    <channel service_ref="1:0:25:213d:1474:00a7:013b0000:0:0:0:" name="Viasat Nature CEE" service_name="Viasat Nature CEE" provider="Orange Romania" sid="8509" onid="167" tsid="5236" />
    <channel service_ref="1:0:25:0fc8:0004:0001:013b2fea:0:0:0:" name="Vremja" service_name="Vremja" provider="magtisat" sid="4040" onid="1" tsid="4" />
    <channel service_ref="1:0:1:1d92:1456:0005:013b0000:0:0:0:" name="VTV Romania" service_name="VTV Romania" provider="" sid="7570" onid="5" tsid="5206" />
    <channel service_ref="1:0:25:20d7:1470:00a7:013b0000:0:0:0:" name="Zu TV HD" service_name="Zu TV HD" provider="Orange Romania" sid="8407" onid="167" tsid="5232" />
  </bouquet>
</zapit>
