<?xml version='1.0' encoding='utf-8'?>
<zapit api="4">
  <terrestrials>
    <terrestrial key="eeee0000:13ec:217c" name="GRP" namespace="0xeeee0000">
      <transponder key="eeee0000:13ec:217c" frequency="618000000" symbol_rate="0" polarization="H" fec="5" system="0" modulation="4">
        <service id="0x0002" sid="2" name="13 TV" type="1" provider="GRP" onid="8572" tsid="5100" namespace="0xeeee0000" />
        <service id="0x0006" sid="6" name="GRP DUE PUNTO ZERO" type="1" provider="GRP" onid="8572" tsid="5100" namespace="0xeeee0000" />
        <service id="0x0003" sid="3" name="GRP MARKET" type="1" provider="GRP" onid="8572" tsid="5100" namespace="0xeeee0000" />
        <service id="0x0005" sid="5" name="GRP PIEDMONT" type="1" provider="GRP" onid="8572" tsid="5100" namespace="0xeeee0000" />
        <service id="0x0004" sid="4" name="GRP SEI TU" type="1" provider="GRP" onid="8572" tsid="5100" namespace="0xeeee0000" />
        <service id="0x0001" sid="1" name="GRP TELEVISIONE" type="1" provider="GRP" onid="8572" tsid="5100" namespace="0xeeee0000" />
        <service id="0x0007" sid="7" name="TBNE - TCI" type="1" provider="GRP" onid="8572" tsid="5100" namespace="0xeeee0000" />
      </transponder>
    </terrestrial>
  </terrestrials>
</zapit>
