<?xml version='1.0' encoding='utf-8'?>
<zapit api="4">
  <satellites>
    <satellite key="02ad0000:0001:0e26" name="Sat-68.5E" namespace="0x02ad0000" position="68.5">
      <transponder key="02ad0000:0001:0e26" frequency="12639000" symbol_rate="7794000" polarization="H" fec="1" system="0" modulation="0">
        <service id="0x0092" sid="146" name="iFILM ENG" type="1" provider="IRIB" onid="3622" tsid="1" namespace="0x02ad0000" />
        <service id="0x0091" sid="145" name="PRESS TV" type="1" provider="IRIB" onid="3622" tsid="1" namespace="0x02ad0000" />
        <service id="0x0093" sid="147" name="RADIO 06 WORLD SERVICE" type="2" provider="IRIB" onid="3622" tsid="1" namespace="0x02ad0000" radio="1" />
      </transponder>
    </satellite>
    <satellite key="02ad0000:0002:0049" name="Sat-68.5E" namespace="0x02ad0000" position="68.5">
      <transponder key="02ad0000:0002:0049" frequency="12722000" symbol_rate="30000000" polarization="V" fec="1" system="0" modulation="0">
        <service id="0x00e4" sid="228" name="Ambience TV" type="1" provider="Sentech" onid="73" tsid="2" namespace="0x02ad0000" />
        <service id="0x00e0" sid="224" name="APTIM TV" type="1" provider="SENTECH" onid="73" tsid="2" namespace="0x02ad0000" />
        <service id="0x00cc" sid="204" name="Celebration TV_35K" type="1" provider="Sentech" onid="73" tsid="2" namespace="0x02ad0000" />
        <service id="0x00cf" sid="207" name="Champions TV Plus" type="1" provider="SENTECH" onid="73" tsid="2" namespace="0x02ad0000" />
        <service id="0x00ec" sid="236" name="Divine Hand TV_35K" type="1" provider="Sentech" onid="73" tsid="2" namespace="0x02ad0000" />
        <service id="0x00d5" sid="213" name="DUNIMAS TV_35K" type="1" provider="Sentech" onid="73" tsid="2" namespace="0x02ad0000" />
        <service id="0x00ed" sid="237" name="EBENEZER TV_35K" type="1" provider="Sentech" onid="73" tsid="2" namespace="0x02ad0000" />
        <service id="0x0033" sid="51" name="Encounter Jesus TV" type="1" provider="Sentech" onid="73" tsid="2" namespace="0x02ad0000" />
        <service id="0x010d" sid="269" name="Encounter TV_35K" type="1" provider="Sentech" onid="73" tsid="2" namespace="0x02ad0000" />
        <service id="0x003a" sid="58" name="FANO TV" type="1" provider="SENTECH" onid="73" tsid="2" namespace="0x02ad0000" />
        <service id="0x006a" sid="106" name="Free Indeed TV" type="1" provider="Sentech" onid="73" tsid="2" namespace="0x02ad0000" />
        <service id="0x010f" sid="271" name="Impact Voice Network" type="1" provider="Sentech" onid="73" tsid="2" namespace="0x02ad0000" />
        <service id="0x007d" sid="125" name="KLN" type="1" provider="SENTECH" onid="73" tsid="2" namespace="0x02ad0000" />
        <service id="0x00e2" sid="226" name="Liberation TV" type="1" provider="Sentech" onid="73" tsid="2" namespace="0x02ad0000" />
        <service id="0x006d" sid="109" name="Mercy TV Plus" type="1" provider="SENTECH" onid="73" tsid="2" namespace="0x02ad0000" />
        <service id="0x004c" sid="76" name="MERIBA TV" type="1" provider="Sentech" onid="73" tsid="2" namespace="0x02ad0000" />
        <service id="0x002d" sid="45" name="Prophetic" type="1" provider="Sentech" onid="73" tsid="2" namespace="0x02ad0000" />
        <service id="0x010e" sid="270" name="RHEMA TV" type="1" provider="Sentech" onid="73" tsid="2" namespace="0x02ad0000" />
        <service id="0x0035" sid="53" name="RTM TV" type="1" provider="Sentech" onid="73" tsid="2" namespace="0x02ad0000" />
        <service id="0x00f4" sid="244" name="Temple TV" type="1" provider="Sentech" onid="73" tsid="2" namespace="0x02ad0000" />
        <service id="0x002a" sid="42" name="UBN" type="1" provider="UBN" onid="73" tsid="2" namespace="0x02ad0000" />
        <service id="0x005d" sid="93" name="ChAfr" type="2" provider="ChAfr" onid="73" tsid="2" namespace="0x02ad0000" radio="1" />
        <service id="0x008d" sid="141" name="Cii" type="2" provider="Sentech" onid="73" tsid="2" namespace="0x02ad0000" radio="1" />
        <service id="0x008f" sid="143" name="Radio Islam" type="2" provider="Sentech" onid="73" tsid="2" namespace="0x02ad0000" radio="1" />
        <service id="0x008e" sid="142" name="Salaamedia" type="2" provider="Sentech" onid="73" tsid="2" namespace="0x02ad0000" radio="1" />
      </transponder>
    </satellite>
    <satellite key="02ad0000:0005:0049" name="Sat-68.5E" namespace="0x02ad0000" position="68.5">
      <transponder key="02ad0000:0005:0049" frequency="12682000" symbol_rate="30000000" polarization="V" fec="2" system="0" modulation="0">
        <service id="0x010b" sid="267" name="APTIM TV_33K" type="1" provider="Sentech" onid="73" tsid="5" namespace="0x02ad0000" />
        <service id="0x00cb" sid="203" name="Celebration TV" type="1" provider="SENTECH" onid="73" tsid="5" namespace="0x02ad0000" />
        <service id="0x010a" sid="266" name="Champions TVPlus_33K" type="1" provider="Sentech" onid="73" tsid="5" namespace="0x02ad0000" />
        <service id="0x00e8" sid="232" name="Divine Hand TV" type="1" provider="Sentech" onid="73" tsid="5" namespace="0x02ad0000" />
        <service id="0x00d4" sid="212" name="DUNAMIS TV" type="1" provider="SENTECH" onid="73" tsid="5" namespace="0x02ad0000" />
        <service id="0x00ea" sid="234" name="EBENZER TV" type="1" provider="SENTECH" onid="73" tsid="5" namespace="0x02ad0000" />
        <service id="0x007f" sid="127" name="Encounter Jesus_33K" type="1" provider="Sentech" onid="73" tsid="5" namespace="0x02ad0000" />
        <service id="0x0042" sid="66" name="Encounter TV" type="1" provider="Sentech" onid="73" tsid="5" namespace="0x02ad0000" />
        <service id="0x006a" sid="106" name="Free Indeed TV_33K" type="1" provider="Sentech" onid="73" tsid="5" namespace="0x02ad0000" />
        <service id="0x00f2" sid="242" name="Full Life TV" type="1" provider="Sentech" onid="73" tsid="5" namespace="0x02ad0000" />
        <service id="0x00f5" sid="245" name="GNF TV" type="1" provider="SENTECH" onid="73" tsid="5" namespace="0x02ad0000" />
        <service id="0x006c" sid="108" name="KLN TV" type="1" provider="Sentech" onid="73" tsid="5" namespace="0x02ad0000" />
        <service id="0x010c" sid="268" name="Liberation TV_33K" type="1" provider="Sentech" onid="73" tsid="5" namespace="0x02ad0000" />
        <service id="0x006b" sid="107" name="Mercy TV Plus_33K" type="1" provider="Sentech" onid="73" tsid="5" namespace="0x02ad0000" />
        <service id="0x004b" sid="75" name="MERIBA TV_33K" type="1" provider="SENTECH" onid="73" tsid="5" namespace="0x02ad0000" />
        <service id="0x0045" sid="69" name="Prophetic Channel" type="1" provider="Sentech" onid="73" tsid="5" namespace="0x02ad0000" />
        <service id="0x0043" sid="67" name="RHEMA TV" type="1" provider="Sentech" onid="73" tsid="5" namespace="0x02ad0000" />
        <service id="0x006d" sid="109" name="RTM TV" type="1" provider="Sentech" onid="73" tsid="5" namespace="0x02ad0000" />
        <service id="0x00f1" sid="241" name="Temple TV_33K" type="1" provider="SENTECH" onid="73" tsid="5" namespace="0x02ad0000" />
        <service id="0x00f3" sid="243" name="Truth TV_33K" type="1" provider="Sentech" onid="73" tsid="5" namespace="0x02ad0000" />
        <service id="0x0044" sid="68" name="UBN_33K" type="1" provider="Sentech" onid="73" tsid="5" namespace="0x02ad0000" />
        <service id="0x007e" sid="126" name="WRM TV" type="1" provider="Sentech" onid="73" tsid="5" namespace="0x02ad0000" />
        <service id="0x014b" sid="331" name="Channel Africa_new" type="2" provider="Sentech" onid="73" tsid="5" namespace="0x02ad0000" radio="1" />
        <service id="0x005a" sid="90" name="Cii_new" type="2" provider="Sentech" onid="73" tsid="5" namespace="0x02ad0000" radio="1" />
        <service id="0x005c" sid="92" name="Radio Islam_new" type="2" provider="Sentech" onid="73" tsid="5" namespace="0x02ad0000" radio="1" />
        <service id="0x005b" sid="91" name="Salaamedia_new" type="2" provider="Sentech" onid="73" tsid="5" namespace="0x02ad0000" radio="1" />
      </transponder>
    </satellite>
    <satellite key="02ad0000:0006:0049" name="Sat-68.5E" namespace="0x02ad0000" position="68.5">
      <transponder key="02ad0000:0006:0049" frequency="12522000" symbol_rate="27500000" polarization="V" fec="3" system="0" modulation="0">
        <service id="0xc670" sid="50800" name="ANGEL TV" type="1" provider="STN PLC" onid="73" tsid="6" namespace="0x02ad0000" />
        <service id="0xc587" sid="50567" name="CHRIST-TV" type="1" provider="PTM" onid="73" tsid="6" namespace="0x02ad0000" />
        <service id="0xc57f" sid="50559" name="DAYSTAR" type="1" provider="DTK-SATELIO" onid="73" tsid="6" namespace="0x02ad0000" />
        <service id="0xc585" sid="50565" name="EMMANUEL TV HD" type="1" provider="DTK-SATELIO" onid="73" tsid="6" namespace="0x02ad0000" />
        <service id="0xc582" sid="50562" name="Ezekiel HD" type="1" provider="DTK-SATELIO" onid="73" tsid="6" namespace="0x02ad0000" />
        <service id="0xc671" sid="50801" name="NAC" type="1" provider="TELEMEDIA" onid="73" tsid="6" namespace="0x02ad0000" />
        <service id="0xc577" sid="50551" name="SPARE" type="1" provider="DTK-SATELIO" onid="73" tsid="6" namespace="0x02ad0000" />
        <service id="0xc576" sid="50550" name="SPARE1" type="1" provider="DTK-SATELIO" onid="73" tsid="6" namespace="0x02ad0000" />
        <service id="0xc57d" sid="50557" name="Markaz Sahaba" type="2" provider="DTK-SATELIO" onid="73" tsid="6" namespace="0x02ad0000" radio="1" />
      </transponder>
    </satellite>
    <satellite key="02ad0000:001a:0014" name="Sat-68.5E" namespace="0x02ad0000" position="68.5">
      <transponder key="02ad0000:001a:0014" frequency="12522000" symbol_rate="30000000" polarization="H" fec="3" system="0" modulation="0">
        <service id="0x000e" sid="14" name="Amazing Facts" type="25" provider="iKO Media Group" onid="20" tsid="26" namespace="0x02ad0000" />
        <service id="0x0003" sid="3" name="AVO - Channels TV" type="1" provider="ViewMedia" onid="20" tsid="26" namespace="0x02ad0000" />
        <service id="0x0007" sid="7" name="AVO - TVC Entertainment" type="1" provider="ViewMedia" onid="20" tsid="26" namespace="0x02ad0000" />
        <service id="0x0006" sid="6" name="AVO - TVC News" type="1" provider="ViewMedia" onid="20" tsid="26" namespace="0x02ad0000" />
        <service id="0x0004" sid="4" name="AVO - WAP TV" type="1" provider="ViewMedia" onid="20" tsid="26" namespace="0x02ad0000" />
        <service id="0x000a" sid="10" name="Freedom on air HD" type="25" provider="" onid="20" tsid="26" namespace="0x02ad0000" />
        <service id="0x000b" sid="11" name="Freedom on air SD" type="1" provider="" onid="20" tsid="26" namespace="0x02ad0000" />
        <service id="0x000c" sid="12" name="HC Tanzania" type="1" provider="Hope Channel" onid="20" tsid="26" namespace="0x02ad0000" />
        <service id="0x000f" sid="15" name="HC Uganda" type="1" provider="Hope Channel" onid="20" tsid="26" namespace="0x02ad0000" />
        <service id="0x000d" sid="13" name="HC Zambia" type="1" provider="Hope Channel" onid="20" tsid="26" namespace="0x02ad0000" />
        <service id="0x0001" sid="1" name="Rapid TV" type="1" provider="Quickstream" onid="20" tsid="26" namespace="0x02ad0000" />
        <service id="0x005f" sid="95" name="AWR SID Radio" type="2" provider="Hope Channel" onid="20" tsid="26" namespace="0x02ad0000" radio="1" />
        <service id="0x005b" sid="91" name="AWR Tanzania" type="2" provider="Hope Channel" onid="20" tsid="26" namespace="0x02ad0000" radio="1" />
        <service id="0x005d" sid="93" name="Malawi Adventist Radio" type="2" provider="Hope Channel" onid="20" tsid="26" namespace="0x02ad0000" radio="1" />
        <service id="0x005c" sid="92" name="Radio Maranatha" type="2" provider="Hope Channel" onid="20" tsid="26" namespace="0x02ad0000" radio="1" />
        <service id="0x005e" sid="94" name="Radio Novo Tempo" type="2" provider="Hope Channel" onid="20" tsid="26" namespace="0x02ad0000" radio="1" />
      </transponder>
    </satellite>
    <satellite key="02ad0000:0022:0014" name="Sat-68.5E" namespace="0x02ad0000" position="68.5">
      <transponder key="02ad0000:0022:0014" frequency="12682000" symbol_rate="30000000" polarization="H" fec="3" system="0" modulation="0">
        <service id="0x0002" sid="2" name="Amen TV" type="1" provider="ViewMedia" onid="20" tsid="34" namespace="0x02ad0000" />
        <service id="0x0005" sid="5" name="Full Life TV" type="1" provider="ViewMedia" onid="20" tsid="34" namespace="0x02ad0000" />
        <service id="0x0004" sid="4" name="GFN Soccer" type="1" provider="ViewMedia" onid="20" tsid="34" namespace="0x02ad0000" />
        <service id="0x0028" sid="40" name="Intelsat FUS Test" type="1" provider="Intelsat" onid="20" tsid="34" namespace="0x02ad0000" />
        <service id="0x00c8" sid="200" name="Intelsat FUS Test" type="1" provider="Intelsat" onid="20" tsid="34" namespace="0x02ad0000" />
        <service id="0x0001" sid="1" name="SMTV" type="1" provider="" onid="20" tsid="34" namespace="0x02ad0000" />
      </transponder>
    </satellite>
    <satellite key="02ad3112:0001:0001" name="Sat-68.5E" namespace="0x02ad3112" position="68.5">
      <transponder key="02ad3112:0001:0001" frequency="12562000" symbol_rate="30000000" polarization="H" fec="4" system="0" modulation="0">
        <service id="0x001e" sid="30" name="ACNN TV" type="1" provider="ViewMedia" onid="1" tsid="1" namespace="0x02ad3112" />
        <service id="0x000f" sid="15" name="Bible Explorations TV" type="1" provider="ViewMedia" onid="1" tsid="1" namespace="0x02ad3112" />
        <service id="0x000a" sid="10" name="Chosen TV" type="1" provider="ViewMedia" onid="1" tsid="1" namespace="0x02ad3112" />
        <service id="0x0006" sid="6" name="COZA TV" type="1" provider="ViewMedia" onid="1" tsid="1" namespace="0x02ad3112" />
        <service id="0x001c" sid="28" name="CVV TV" type="1" provider="ViewMedia" onid="1" tsid="1" namespace="0x02ad3112" />
        <service id="0x001a" sid="26" name="Dove Entertainment" type="1" provider="ViewMedia" onid="1" tsid="1" namespace="0x02ad3112" />
        <service id="0x000b" sid="11" name="DOVE TV" type="1" provider="ViewMedia" onid="1" tsid="1" namespace="0x02ad3112" />
        <service id="0x0005" sid="5" name="Flame TV" type="1" provider="ViewMedia" onid="1" tsid="1" namespace="0x02ad3112" />
        <service id="0x0003" sid="3" name="Homebase TV" type="1" provider="ViewMedia" onid="1" tsid="1" namespace="0x02ad3112" />
        <service id="0x0013" sid="19" name="KICC TV" type="1" provider="ViewMedia" onid="1" tsid="1" namespace="0x02ad3112" />
        <service id="0x000c" sid="12" name="Kingdom TV" type="1" provider="ViewMedia" onid="1" tsid="1" namespace="0x02ad3112" />
        <service id="0x0004" sid="4" name="LN24 International" type="1" provider="ViewMedia" onid="1" tsid="1" namespace="0x02ad3112" />
        <service id="0x0001" sid="1" name="LoveWorld SAT" type="25" provider="ViewMedia" onid="1" tsid="1" namespace="0x02ad3112" />
        <service id="0x000d" sid="13" name="MCTV Global 02" type="1" provider="ViewMedia" onid="1" tsid="1" namespace="0x02ad3112" />
        <service id="0x0010" sid="16" name="Miracle TV" type="1" provider="ViewMedia" onid="1" tsid="1" namespace="0x02ad3112" />
        <service id="0x000e" sid="14" name="REVIVAL CHANNEL" type="1" provider="ViewMedia" onid="1" tsid="1" namespace="0x02ad3112" />
        <service id="0x001f" sid="31" name="ROV TV" type="1" provider="ViewMedia" onid="1" tsid="1" namespace="0x02ad3112" />
        <service id="0x0009" sid="9" name="Salvation TV" type="25" provider="ViewMedia" onid="1" tsid="1" namespace="0x02ad3112" />
        <service id="0x0007" sid="7" name="Samuel Mutendi TV" type="1" provider="ViewMedia" onid="1" tsid="1" namespace="0x02ad3112" />
        <service id="0x0002" sid="2" name="Sonlife" type="1" provider="ViewMedia" onid="1" tsid="1" namespace="0x02ad3112" />
        <service id="0x001b" sid="27" name="SYNAGOGUE TV" type="1" provider="ViewMedia" onid="1" tsid="1" namespace="0x02ad3112" />
        <service id="0x0008" sid="8" name="WRM Television" type="1" provider="ViewMedia" onid="1" tsid="1" namespace="0x02ad3112" />
      </transponder>
    </satellite>
    <satellite key="02adb15a:0001:0001" name="Sat-68.5E" namespace="0x02adb15a" position="68.5">
      <transponder key="02adb15a:0001:0001" frequency="12634000" symbol_rate="16166000" polarization="V" fec="4" system="0" modulation="0">
        <service id="0x000e" sid="14" name="BTV 1" type="1" provider="DBS" onid="1" tsid="1" namespace="0x02adb15a" />
        <service id="0x0012" sid="18" name="BTV 2" type="1" provider="DBS" onid="1" tsid="1" namespace="0x02adb15a" />
        <service id="0x001a" sid="26" name="BTV Mobile" type="1" provider="DBS" onid="1" tsid="1" namespace="0x02adb15a" />
        <service id="0x000f" sid="15" name="BTV News" type="1" provider="DBS" onid="1" tsid="1" namespace="0x02adb15a" />
        <service id="0x0011" sid="17" name="France24" type="1" provider="DBS" onid="1" tsid="1" namespace="0x02adb15a" />
        <service id="0x0010" sid="16" name="KhudugaHD" type="1" provider="DBS" onid="1" tsid="1" namespace="0x02adb15a" />
        <service id="0x0013" sid="19" name="YTV Botswana" type="1" provider="DBS" onid="1" tsid="1" namespace="0x02adb15a" />
      </transponder>
    </satellite>
    <satellite key="02adb171:0001:ffff" name="Sat-68.5E" namespace="0x02adb171" position="68.5">
      <transponder key="02adb171:0001:ffff" frequency="12657000" symbol_rate="4883000" polarization="V" fec="3" system="0" modulation="0">
        <service id="0x0001" sid="1" name="BTV ENC A" type="1" provider="DBS" onid="65535" tsid="1" namespace="0x02adb171" />
      </transponder>
    </satellite>
  </satellites>
</zapit>
