<?xml version='1.0' encoding='utf-8'?>
<zapit api="4">
  <satellites>
    <satellite key="00460000:0a12:007e" name="Sat-7E" namespace="0x00460000" position="7">
      <transponder key="00460000:0a12:007e" frequency="10722000" symbol_rate="27500000" polarization="V" fec="3" system="0" modulation="0">
        <service id="0x36b1" sid="14001" name="IRANEFARDA" type="1" provider="ABS" onid="126" tsid="2578" namespace="0x00460000" />
        <service id="0x36b2" sid="14002" name="NOW" type="1" provider="" onid="126" tsid="2578" namespace="0x00460000" />
        <service id="0x36b0" sid="14000" name="PUBLIRAD" type="1" provider="" onid="126" tsid="2578" namespace="0x00460000" />
      </transponder>
    </satellite>
    <satellite key="00460000:1000:2000" name="Sat-7E" namespace="0x00460000" position="7">
      <transponder key="00460000:1000:2000" frequency="11672000" symbol_rate="3780000" polarization="V" fec="8" system="0" modulation="0">
        <service id="0x0001" sid="1" name="Kurdistan TV" type="1" provider="Harmonic" onid="8192" tsid="4096" namespace="0x00460000" />
      </transponder>
    </satellite>
    <satellite key="00460000:4321:00eb" name="Sat-7E" namespace="0x00460000" position="7">
      <transponder key="00460000:4321:00eb" frequency="10963000" symbol_rate="9875000" polarization="H" fec="3" system="0" modulation="0">
        <service id="0x0001" sid="1" name="Fi14_GNVE" type="25" provider="EBUER" onid="235" tsid="17185" namespace="0x00460000" />
      </transponder>
    </satellite>
    <satellite key="00460000:4e20:0064" name="Sat-7E" namespace="0x00460000" position="7">
      <transponder key="00460000:4e20:0064" frequency="10721000" symbol_rate="22000000" polarization="H" fec="3" system="0" modulation="0">
        <service id="0x232a" sid="9002" name="Kanal Yek HD" type="1" provider="GMN" onid="100" tsid="20000" namespace="0x00460000" />
        <service id="0x091a" sid="2330" name="Kanal Yek SD" type="1" provider="" onid="100" tsid="20000" namespace="0x00460000" />
        <service id="0x1cbb" sid="7355" name="Manoto SD" type="1" provider="Manoto" onid="100" tsid="20000" namespace="0x00460000" />
        <service id="0x232e" sid="9006" name="PARS TV" type="1" provider="" onid="100" tsid="20000" namespace="0x00460000" />
      </transponder>
    </satellite>
    <satellite key="00460000:765c:007e" name="Sat-7E" namespace="0x00460000" position="7">
      <transponder key="00460000:765c:007e" frequency="11304000" symbol_rate="29700000" polarization="H" fec="2" system="0" modulation="0">
        <service id="0x020b" sid="523" name="ATRINA TV" type="1" provider="" onid="126" tsid="30300" namespace="0x00460000" />
        <service id="0x01fe" sid="510" name="AVA Max1 HD" type="1" provider="GMN" onid="126" tsid="30300" namespace="0x00460000" />
        <service id="0x00cf" sid="207" name="FX HD" type="1" provider="" onid="126" tsid="30300" namespace="0x00460000" />
        <service id="0x00c8" sid="200" name="Home+ HD" type="1" provider="" onid="126" tsid="30300" namespace="0x00460000" />
        <service id="0x020c" sid="524" name="Iran International" type="1" provider="" onid="126" tsid="30300" namespace="0x00460000" />
        <service id="0x01f4" sid="500" name="Manoto HD" type="1" provider="Manoto HD" onid="126" tsid="30300" namespace="0x00460000" />
        <service id="0x00cd" sid="205" name="Navahang" type="1" provider="" onid="126" tsid="30300" namespace="0x00460000" />
        <service id="0x00ce" sid="206" name="PBC Tapesh HD" type="1" provider="" onid="126" tsid="30300" namespace="0x00460000" />
        <service id="0x00d0" sid="208" name="Persiana Emirates" type="1" provider="" onid="126" tsid="30300" namespace="0x00460000" />
        <service id="0x00cb" sid="203" name="Persiana HD" type="1" provider="" onid="126" tsid="30300" namespace="0x00460000" />
        <service id="0x00d1" sid="209" name="Persiana Plus One" type="1" provider="" onid="126" tsid="30300" namespace="0x00460000" />
        <service id="0x020a" sid="522" name="Persiana Travel" type="1" provider="" onid="126" tsid="30300" namespace="0x00460000" />
        <service id="0x00ca" sid="202" name="Radio Javan HD" type="1" provider="GMN" onid="126" tsid="30300" namespace="0x00460000" />
        <service id="0x00cc" sid="204" name="Simaye Azadi HD" type="1" provider="" onid="126" tsid="30300" namespace="0x00460000" />
      </transponder>
    </satellite>
    <satellite key="00460000:9fc4:007e" name="Sat-7E" namespace="0x00460000" position="7">
      <transponder key="00460000:9fc4:007e" frequency="11387000" symbol_rate="27500000" polarization="H" fec="4" system="0" modulation="0">
        <service id="0x012f" sid="303" name="4U TV HD" type="1" provider="GMN" onid="126" tsid="40900" namespace="0x00460000" />
        <service id="0x0134" sid="308" name="ITN HD" type="1" provider="GMN" onid="126" tsid="40900" namespace="0x00460000" />
        <service id="0x0132" sid="306" name="Kanal Jadid HD" type="1" provider="GMN" onid="126" tsid="40900" namespace="0x00460000" />
        <service id="0x076d" sid="1901" name="MBC Persia HD" type="25" provider="MBC" onid="126" tsid="40900" namespace="0x00460000" />
      </transponder>
    </satellite>
    <satellite key="00462b25:0000:0001" name="Sat-7E" namespace="0x00462b25" position="7">
      <transponder key="00462b25:0000:0001" frequency="11045000" symbol_rate="4937000" polarization="H" fec="3" system="0" modulation="0">
        <service id="0x0001" sid="1" name="ZZGVA1 ENC1" type="25" provider="EBU Eurovision" onid="1" tsid="0" namespace="0x00462b25" />
      </transponder>
    </satellite>
    <satellite key="00462b2f:0000:0000" name="Sat-7E" namespace="0x00462b2f" position="7">
      <transponder key="00462b2f:0000:0000" frequency="11055000" symbol_rate="4937000" polarization="H" fec="3" system="0" modulation="0">
        <service id="0x0001" sid="1" name="ZZGVA1 ENC3" type="25" provider="EBU Eurovision" onid="0" tsid="0" namespace="0x00462b2f" />
      </transponder>
    </satellite>
    <satellite key="00462bfe:0000:0000" name="Sat-7E" namespace="0x00462bfe" position="7">
      <transponder key="00462bfe:0000:0000" frequency="11262000" symbol_rate="27500000" polarization="H" fec="2" system="0" modulation="0">
        <service id="0x016e" sid="366" name="4U TV" type="1" provider="" onid="0" tsid="0" namespace="0x00462bfe" />
        <service id="0x008e" sid="142" name="AVANG TV HD" type="1" provider="" onid="0" tsid="0" namespace="0x00462bfe" />
        <service id="0x012e" sid="302" name="Erfan halgheh" type="1" provider="" onid="0" tsid="0" namespace="0x00462bfe" />
        <service id="0x008b" sid="139" name="T2" type="1" provider="" onid="0" tsid="0" namespace="0x00462bfe" />
        <service id="0x008f" sid="143" name="TMTV HD" type="1" provider="" onid="0" tsid="0" namespace="0x00462bfe" />
      </transponder>
    </satellite>
    <satellite key="00462d92:0001:ffff" name="Sat-7E" namespace="0x00462d92" position="7">
      <transponder key="00462d92:0001:ffff" frequency="11666000" symbol_rate="7200000" polarization="H" fec="3" system="0" modulation="0">
        <service id="0x1d6b" sid="7531" name="GCUK Enc 1" type="1" provider="GlobeCast UK" onid="65535" tsid="1" namespace="0x00462d92" />
      </transponder>
    </satellite>
    <satellite key="004630f2:0000:0000" name="Sat-7E" namespace="0x004630f2" position="7">
      <transponder key="004630f2:0000:0000" frequency="12530000" symbol_rate="1480000" polarization="H" fec="1" system="0" modulation="0">
        <service id="0x0041" sid="65" name="satview" type="1" provider="Harmonic" onid="0" tsid="0" namespace="0x004630f2" />
      </transponder>
    </satellite>
    <satellite key="00463170:0001:ffff" name="Sat-7E" namespace="0x00463170" position="7">
      <transponder key="00463170:0001:ffff" frequency="12656000" symbol_rate="2476000" polarization="H" fec="3" system="0" modulation="0">
        <service id="0x0001" sid="1" name="Al-Forat HD" type="1" provider="Service Provider" onid="65535" tsid="1" namespace="0x00463170" />
      </transponder>
    </satellite>
    <satellite key="0046aa0a:0001:ffff" name="Sat-7E" namespace="0x0046aa0a" position="7">
      <transponder key="0046aa0a:0001:ffff" frequency="10762000" symbol_rate="30000000" polarization="V" fec="3" system="0" modulation="0">
        <service id="0x0006" sid="6" name="ESPN EMEA Service-6" type="1" provider="Telstra" onid="65535" tsid="1" namespace="0x0046aa0a" />
        <service id="0x0001" sid="1" name="NHL Service-1" type="1" provider="Telstra" onid="65535" tsid="1" namespace="0x0046aa0a" />
        <service id="0x0002" sid="2" name="NHL Service-2" type="1" provider="Telstra" onid="65535" tsid="1" namespace="0x0046aa0a" />
        <service id="0x0005" sid="5" name="NHL Service-5" type="1" provider="Telstra" onid="65535" tsid="1" namespace="0x0046aa0a" />
      </transponder>
    </satellite>
    <satellite key="0046ad28:0001:ffff" name="Sat-7E" namespace="0x0046ad28" position="7">
      <transponder key="0046ad28:0001:ffff" frequency="11560000" symbol_rate="3600000" polarization="V" fec="3" system="0" modulation="0">
        <service id="0x0001" sid="1" name="E302 FEED 1" type="1" provider="Service Provider" onid="65535" tsid="1" namespace="0x0046ad28" />
      </transponder>
    </satellite>
    <satellite key="0046ad56:0001:ffff" name="Sat-7E" namespace="0x0046ad56" position="7">
      <transponder key="0046ad56:0001:ffff" frequency="11606000" symbol_rate="7200000" polarization="V" fec="3" system="0" modulation="0">
        <service id="0x0001" sid="1" name="Primary education channel" type="1" provider="" onid="65535" tsid="1" namespace="0x0046ad56" />
      </transponder>
    </satellite>
    <satellite key="0046ad93:1000:2000" name="Sat-7E" namespace="0x0046ad93" position="7">
      <transponder key="0046ad93:1000:2000" frequency="11667000" symbol_rate="3780000" polarization="V" fec="8" system="0" modulation="0">
        <service id="0x0001" sid="1" name="Shams tv" type="1" provider="Harmonic" onid="8192" tsid="4096" namespace="0x0046ad93" />
      </transponder>
    </satellite>
    <satellite key="0046ad9d:0001:0001" name="Sat-7E" namespace="0x0046ad9d" position="7">
      <transponder key="0046ad9d:0001:0001" frequency="11677000" symbol_rate="5040000" polarization="V" fec="8" system="0" modulation="0">
        <service id="0x0001" sid="1" name="Kurdistan24" type="1" provider="none" onid="1" tsid="1" namespace="0x0046ad9d" />
      </transponder>
    </satellite>
    <satellite key="0046ada9:0001:0001" name="Sat-7E" namespace="0x0046ada9" position="7">
      <transponder key="0046ada9:0001:0001" frequency="11689000" symbol_rate="5040000" polarization="V" fec="8" system="0" modulation="0">
        <service id="0x0001" sid="1" name="AVA" type="1" provider="none" onid="1" tsid="1" namespace="0x0046ada9" />
      </transponder>
    </satellite>
    <satellite key="0046adaf:1000:0000" name="Sat-7E" namespace="0x0046adaf" position="7">
      <transponder key="0046adaf:1000:0000" frequency="11695000" symbol_rate="3333000" polarization="V" fec="4" system="0" modulation="0">
        <service id="0x0001" sid="1" name="11695V SID 0x01" type="1" provider="DVB-S2 8PSK 11695V 7.0Â°E" onid="0" tsid="4096" namespace="0x0046adaf" />
      </transponder>
    </satellite>
    <satellite key="0046adb1:0001:0001" name="Sat-7E" namespace="0x0046adb1" position="7">
      <transponder key="0046adb1:0001:0001" frequency="11697000" symbol_rate="1111000" polarization="V" fec="0" system="0" modulation="0">
        <service id="0x0001" sid="1" name="BANG-1" type="2" provider="SIGNALTEL" onid="1" tsid="1" namespace="0x0046adb1" radio="1" />
        <service id="0x000a" sid="10" name="BANG-10" type="2" provider="SIGNALTEL" onid="1" tsid="1" namespace="0x0046adb1" radio="1" />
        <service id="0x000b" sid="11" name="BANG-11" type="2" provider="SIGNALTEL" onid="1" tsid="1" namespace="0x0046adb1" radio="1" />
        <service id="0x000c" sid="12" name="BANG-12" type="2" provider="SIGNALTEL" onid="1" tsid="1" namespace="0x0046adb1" radio="1" />
        <service id="0x000d" sid="13" name="BANG-13" type="2" provider="SIGNALTEL" onid="1" tsid="1" namespace="0x0046adb1" radio="1" />
        <service id="0x0002" sid="2" name="BANG-2" type="2" provider="SIGNALTEL" onid="1" tsid="1" namespace="0x0046adb1" radio="1" />
        <service id="0x0003" sid="3" name="BANG-3" type="2" provider="SIGNALTEL" onid="1" tsid="1" namespace="0x0046adb1" radio="1" />
        <service id="0x0004" sid="4" name="BANG-4" type="2" provider="SIGNALTEL" onid="1" tsid="1" namespace="0x0046adb1" radio="1" />
        <service id="0x0005" sid="5" name="BANG-5" type="2" provider="SIGNALTEL" onid="1" tsid="1" namespace="0x0046adb1" radio="1" />
        <service id="0x0006" sid="6" name="BANG-6" type="2" provider="SIGNALTEL" onid="1" tsid="1" namespace="0x0046adb1" radio="1" />
        <service id="0x0007" sid="7" name="BANG-7" type="2" provider="SIGNALTEL" onid="1" tsid="1" namespace="0x0046adb1" radio="1" />
        <service id="0x0008" sid="8" name="BANG-8" type="2" provider="SIGNALTEL" onid="1" tsid="1" namespace="0x0046adb1" radio="1" />
        <service id="0x0009" sid="9" name="BANG-9" type="2" provider="SIGNALTEL" onid="1" tsid="1" namespace="0x0046adb1" radio="1" />
      </transponder>
    </satellite>
    <satellite key="0046b136:0000:0000" name="Sat-7E" namespace="0x0046b136" position="7">
      <transponder key="0046b136:0000:0000" frequency="12598000" symbol_rate="4800000" polarization="V" fec="2" system="0" modulation="0">
        <service id="0x0001" sid="1" name="POL 058 C_2" type="25" provider="" onid="0" tsid="0" namespace="0x0046b136" />
      </transponder>
    </satellite>
    <satellite key="0046b148:0001:ffff" name="Sat-7E" namespace="0x0046b148" position="7">
      <transponder key="0046b148:0001:ffff" frequency="12616000" symbol_rate="4600000" polarization="V" fec="4" system="0" modulation="0">
        <service id="0x0001" sid="1" name="AP LDN UPA" type="1" provider="AP London" onid="65535" tsid="1" namespace="0x0046b148" />
      </transponder>
    </satellite>
    <satellite key="0046b14e:0001:ffff" name="Sat-7E" namespace="0x0046b14e" position="7">
      <transponder key="0046b14e:0001:ffff" frequency="12622000" symbol_rate="4600000" polarization="V" fec="4" system="0" modulation="0">
        <service id="0x0001" sid="1" name="AP LDN UPB" type="1" provider="AP London" onid="65535" tsid="1" namespace="0x0046b14e" />
      </transponder>
    </satellite>
    <satellite key="0046b1c2:0000:0000" name="Sat-7E" namespace="0x0046b1c2" position="7">
      <transponder key="0046b1c2:0000:0000" frequency="12738000" symbol_rate="7200000" polarization="V" fec="3" system="0" modulation="0">
        <service id="0x0001" sid="1" name="ENC 6" type="25" provider="" onid="0" tsid="0" namespace="0x0046b1c2" />
      </transponder>
    </satellite>
  </satellites>
</zapit>
