<?xml version='1.0' encoding='utf-8'?>
<zapit api="4">
  <satellites>
    <satellite key="02120000:1000:2000" name="Sat-53E" namespace="0x02120000" position="53">
      <transponder key="02120000:1000:2000" frequency="12683000" symbol_rate="1100000" polarization="V" fec="4" system="0" modulation="0">
        <service id="0x0001" sid="1" name="Allhthah TV" type="1" provider="Harmonic" onid="8192" tsid="4096" namespace="0x02120000" />
        <service id="0x0002" sid="2" name="Allahthah-FM" type="2" provider="Harmonic" onid="8192" tsid="4096" namespace="0x02120000" radio="1" />
      </transponder>
    </satellite>
    <satellite key="02120000:abe0:1388" name="Sat-53E" namespace="0x02120000" position="53">
      <transponder key="02120000:abe0:1388" frequency="12594000" symbol_rate="27500000" polarization="V" fec="2" system="0" modulation="0">
        <service id="0x0006" sid="6" name="Alternative Shorai TV" type="1" provider="" onid="5000" tsid="44000" namespace="0x02120000" />
        <service id="0x0005" sid="5" name="Iran International" type="1" provider="Wide Network Solutions" onid="5000" tsid="44000" namespace="0x02120000" />
        <service id="0x0008" sid="8" name="ITT TV" type="1" provider="" onid="5000" tsid="44000" namespace="0x02120000" />
        <service id="0x000c" sid="12" name="Kurd Channel HD" type="1" provider="" onid="5000" tsid="44000" namespace="0x02120000" />
        <service id="0x000b" sid="11" name="Kurdsat News SD" type="1" provider="" onid="5000" tsid="44000" namespace="0x02120000" />
        <service id="0x001a" sid="26" name="Mihan Radio" type="1" provider="" onid="5000" tsid="44000" namespace="0x02120000" />
        <service id="0x00d2" sid="210" name="Quiz TV" type="1" provider="" onid="5000" tsid="44000" namespace="0x02120000" />
        <service id="0x0002" sid="2" name="Quiz TV 2" type="1" provider="" onid="5000" tsid="44000" namespace="0x02120000" />
        <service id="0x0007" sid="7" name="Radio Javan HD" type="1" provider="Wide Network Solutions" onid="5000" tsid="44000" namespace="0x02120000" />
        <service id="0x000f" sid="15" name="Simay Azadi HD" type="1" provider="" onid="5000" tsid="44000" namespace="0x02120000" />
        <service id="0x000e" sid="14" name="Simay Azadi SD" type="1" provider="" onid="5000" tsid="44000" namespace="0x02120000" />
        <service id="0x000a" sid="10" name="TISHK TV HD" type="1" provider="" onid="5000" tsid="44000" namespace="0x02120000" />
        <service id="0x0001" sid="1" name="R Radio" type="2" provider="" onid="5000" tsid="44000" namespace="0x02120000" radio="1" />
      </transponder>
    </satellite>
    <satellite key="0212aafa:0002:0000" name="Sat-53E" namespace="0x0212aafa" position="53">
      <transponder key="0212aafa:0002:0000" frequency="11002000" symbol_rate="1200000" polarization="V" fec="4" system="0" modulation="0">
        <service id="0x0001" sid="1" name="Kentron" type="1" provider="kentron" onid="0" tsid="2" namespace="0x0212aafa" />
      </transponder>
    </satellite>
    <satellite key="0212ab04:0001:0001" name="Sat-53E" namespace="0x0212ab04" position="53">
      <transponder key="0212ab04:0001:0001" frequency="11012000" symbol_rate="2200000" polarization="V" fec="2" system="0" modulation="0">
        <service id="0x0002" sid="2" name="RasoulAllah TV" type="1" provider="TTS" onid="1" tsid="1" namespace="0x0212ab04" />
        <service id="0x0001" sid="1" name="Towheed TV" type="1" provider="TTS" onid="1" tsid="1" namespace="0x0212ab04" />
      </transponder>
    </satellite>
    <satellite key="0212b0db:1000:2000" name="Sat-53E" namespace="0x0212b0db" position="53">
      <transponder key="0212b0db:1000:2000" frequency="12507000" symbol_rate="1100000" polarization="V" fec="4" system="0" modulation="0">
        <service id="0x0001" sid="1" name="alhawyh tv" type="1" provider="Harmonic" onid="8192" tsid="4096" namespace="0x0212b0db" />
        <service id="0x0002" sid="2" name="radio alhawyah tv" type="2" provider="Harmonic" onid="8192" tsid="4096" namespace="0x0212b0db" radio="1" />
      </transponder>
    </satellite>
    <satellite key="0212b0e0:0001:0000" name="Sat-53E" namespace="0x0212b0e0" position="53">
      <transponder key="0212b0e0:0001:0000" frequency="12512000" symbol_rate="1815000" polarization="V" fec="4" system="0" modulation="0">
        <service id="0x0001" sid="1" name="khalij" type="1" provider="khalij" onid="0" tsid="1" namespace="0x0212b0e0" />
      </transponder>
    </satellite>
    <satellite key="0212b158:0001:ffff" name="Sat-53E" namespace="0x0212b158" position="53">
      <transponder key="0212b158:0001:ffff" frequency="12632000" symbol_rate="3000000" polarization="V" fec="3" system="0" modulation="0">
        <service id="0x0001" sid="1" name="Al Manar" type="1" provider="Al Manar" onid="65535" tsid="1" namespace="0x0212b158" />
        <service id="0x0002" sid="2" name="Al Nour" type="2" provider="Al Manar" onid="65535" tsid="1" namespace="0x0212b158" radio="1" />
      </transponder>
    </satellite>
    <satellite key="0212b163:0001:ffff" name="Sat-53E" namespace="0x0212b163" position="53">
      <transponder key="0212b163:0001:ffff" frequency="12643000" symbol_rate="1430000" polarization="V" fec="4" system="0" modulation="0">
        <service id="0x0001" sid="1" name="Almasirah" type="1" provider="Almasirah" onid="65535" tsid="1" namespace="0x0212b163" />
      </transponder>
    </satellite>
    <satellite key="0212b165:0000:0000" name="Sat-53E" namespace="0x0212b165" position="53">
      <transponder key="0212b165:0000:0000" frequency="12645000" symbol_rate="1500000" polarization="V" fec="4" system="0" modulation="0">
        <service id="0x0002" sid="2" name="Al-Sahat TV" type="1" provider="" onid="0" tsid="0" namespace="0x0212b165" />
      </transponder>
    </satellite>
    <satellite key="0212b16b:0001:ffff" name="Sat-53E" namespace="0x0212b16b" position="53">
      <transponder key="0212b16b:0001:ffff" frequency="12651000" symbol_rate="3077000" polarization="V" fec="3" system="0" modulation="0">
        <service id="0x0001" sid="1" name="Service-1" type="1" provider="Service Provider" onid="65535" tsid="1" namespace="0x0212b16b" />
      </transponder>
    </satellite>
    <satellite key="0212b16f:0001:0001" name="Sat-53E" namespace="0x0212b16f" position="53">
      <transponder key="0212b16f:0001:0001" frequency="12655000" symbol_rate="2500000" polarization="V" fec="3" system="0" modulation="0">
        <service id="0x0006" sid="6" name="WASSAT TV" type="1" provider="WTV" onid="1" tsid="1" namespace="0x0212b16f" />
      </transponder>
    </satellite>
    <satellite key="0212b173:0001:0000" name="Sat-53E" namespace="0x0212b173" position="53">
      <transponder key="0212b173:0001:0000" frequency="12659000" symbol_rate="4080000" polarization="V" fec="4" system="0" modulation="0">
        <service id="0x0001" sid="1" name="MTV_BH" type="1" provider="SV" onid="0" tsid="1" namespace="0x0212b173" />
        <service id="0x0002" sid="2" name="ONE_BH" type="1" provider="SV" onid="0" tsid="1" namespace="0x0212b173" />
      </transponder>
    </satellite>
    <satellite key="0212b17b:0001:ffff" name="Sat-53E" namespace="0x0212b17b" position="53">
      <transponder key="0212b17b:0001:ffff" frequency="12667000" symbol_rate="4240000" polarization="V" fec="4" system="0" modulation="0">
        <service id="0x0001" sid="1" name="Kurdsat HD" type="1" provider="Service Provider" onid="65535" tsid="1" namespace="0x0212b17b" />
      </transponder>
    </satellite>
    <satellite key="0212b183:0001:ffff" name="Sat-53E" namespace="0x0212b183" position="53">
      <transponder key="0212b183:0001:ffff" frequency="12675000" symbol_rate="4240000" polarization="V" fec="4" system="0" modulation="0">
        <service id="0x0001" sid="1" name="Kurdsat News" type="1" provider="Service Provider" onid="65535" tsid="1" namespace="0x0212b183" />
      </transponder>
    </satellite>
  </satellites>
</zapit>
