<?xml version='1.0' encoding='utf-8'?>
<zapit api="4">
  <terrestrials>
    <terrestrial key="eeee0000:003c:217c" name="Iniziative" namespace="0xeeee0000">
      <transponder key="eeee0000:003c:217c" frequency="650000000" symbol_rate="0" polarization="H" fec="6" system="0" modulation="0">
        <service id="0x0028" sid="40" name="DI.TV" type="1" provider="Scopus Network Technologies" onid="8572" tsid="60" namespace="0xeeee0000" />
        <service id="0x0029" sid="41" name="DI.TV210" type="1" provider="Scopus Network Technologies" onid="8572" tsid="60" namespace="0xeeee0000" />
        <service id="0x000c" sid="12" name="ERREUNO TV" type="1" provider="Iniziative" onid="8572" tsid="60" namespace="0xeeee0000" />
        <service id="0x0008" sid="8" name="Icaro 211" type="1" provider="Iniziative" onid="8572" tsid="60" namespace="0xeeee0000" />
        <service id="0x0006" sid="6" name="Icaro TV" type="1" provider="Iniziative" onid="8572" tsid="60" namespace="0xeeee0000" />
        <service id="0x0007" sid="7" name="NewsRimini.Tv" type="1" provider="iniziative" onid="8572" tsid="60" namespace="0xeeee0000" />
        <service id="0x0003" sid="3" name="RETEBLU'" type="1" provider="Iniziative" onid="8572" tsid="60" namespace="0xeeee0000" />
        <service id="0x000b" sid="11" name="test" type="1" provider="Iniziative" onid="8572" tsid="60" namespace="0xeeee0000" />
        <service id="0x0002" sid="2" name="Radio Musica" type="2" provider="COOP. APERTA" onid="8572" tsid="60" namespace="0xeeee0000" radio="1" />
      </transponder>
    </terrestrial>
  </terrestrials>
</zapit>
