<?xml version='1.0' encoding='utf-8'?>
<zapit>
  <bouquet name="General" category="tv">
    <channel service_ref="1:0:25:07d5:20e1:217c:eeee0000:0:0:0:" name="Bergamo TV HD" service_name="Bergamo TV HD" provider="" sid="2005" onid="8572" tsid="8417" />
    <channel service_ref="1:0:1:07dd:20e1:217c:eeee0000:0:0:0:" name="CANALE ITALIA 77" service_name="CANALE ITALIA 77" provider="Canale Italia" sid="2013" onid="8572" tsid="8417" />
    <channel service_ref="1:0:1:07e3:20e1:217c:eeee0000:0:0:0:" name="DTV1" service_name="DTV1" provider="" sid="2019" onid="8572" tsid="8417" />
    <channel service_ref="1:0:25:07d4:20e1:217c:eeee0000:0:0:0:" name="Espansione Tv HD" service_name="Espansione Tv HD" provider="Espansione TV" sid="2004" onid="8572" tsid="8417" />
    <channel service_ref="1:0:1:07e2:20e1:217c:eeee0000:0:0:0:" name="OROBIK 98" service_name="OROBIK 98" provider="OROBIK 98" sid="2018" onid="8572" tsid="8417" />
    <channel service_ref="1:0:25:07db:20e1:217c:eeee0000:0:0:0:" name="PIU VALLI TV" service_name="PIU VALLI TV" provider="PIU VALLI TV" sid="2011" onid="8572" tsid="8417" />
    <channel service_ref="1:0:25:07d6:20e1:217c:eeee0000:0:0:0:" name="R55" service_name="R55" provider="TOTOPARTNER" sid="2006" onid="8572" tsid="8417" />
    <channel service_ref="1:0:25:07df:20e1:217c:eeee0000:0:0:0:" name="RADIO BRUNO Lombardia" service_name="RADIO BRUNO Lombardia" provider="RADIO BRUNO" sid="2015" onid="8572" tsid="8417" />
    <channel service_ref="1:0:1:07d1:20e1:217c:eeee0000:0:0:0:" name="RADIO MATER DAB*" service_name="RADIO MATER DAB*" provider="RADIO MATER DAB*" sid="2001" onid="8572" tsid="8417" />
    <channel service_ref="1:0:1:07de:20e1:217c:eeee0000:0:0:0:" name="SEILATV Bergamo HD" service_name="SEILATV Bergamo HD" provider="COELMEDIA" sid="2014" onid="8572" tsid="8417" />
    <channel service_ref="1:0:1:07da:20e1:217c:eeee0000:0:0:0:" name="SUPERTV" service_name="SUPERTV" provider="SUPERTV" sid="2010" onid="8572" tsid="8417" />
    <channel service_ref="1:0:1:07d3:20e1:217c:eeee0000:0:0:0:" name="Telecity Lombardia" service_name="Telecity Lombardia" provider="In Aria!" sid="2003" onid="8572" tsid="8417" />
    <channel service_ref="1:0:22:07d9:20e1:217c:eeee0000:0:0:0:" name="TI RICORDI TV" service_name="TI RICORDI TV" provider="TOTOPARTNER" sid="2009" onid="8572" tsid="8417" />
    <channel service_ref="1:0:1:07d8:20e1:217c:eeee0000:0:0:0:" name="TSN" service_name="TSN" provider="TSN" sid="2008" onid="8572" tsid="8417" />
    <channel service_ref="1:0:25:07d7:20e1:217c:eeee0000:0:0:0:" name="TT-TELETUTTO" service_name="TT-TELETUTTO" provider="EI-TOWERS" sid="2007" onid="8572" tsid="8417" />
    <channel service_ref="1:0:22:07e0:20e1:217c:eeee0000:0:0:0:" name="VALENZA TV" service_name="VALENZA TV" provider="VALENZA TV" sid="2016" onid="8572" tsid="8417" />
  </bouquet>
  <bouquet name="ARD/ZDF" category="tv">
    <channel service_ref="1:0:25:07df:20e1:217c:eeee0000:0:0:0:" name="RADIO BRUNO Lombardia" service_name="RADIO BRUNO Lombardia" provider="RADIO BRUNO" sid="2015" onid="8572" tsid="8417" />
    <channel service_ref="1:0:1:07d3:20e1:217c:eeee0000:0:0:0:" name="Telecity Lombardia" service_name="Telecity Lombardia" provider="In Aria!" sid="2003" onid="8572" tsid="8417" />
  </bouquet>
  <bouquet name="RAI" category="tv">
    <channel service_ref="1:0:1:07dd:20e1:217c:eeee0000:0:0:0:" name="CANALE ITALIA 77" service_name="CANALE ITALIA 77" provider="Canale Italia" sid="2013" onid="8572" tsid="8417" />
  </bouquet>
  <bouquet name="Austria" category="tv">
    <channel service_ref="1:0:1:07de:20e1:217c:eeee0000:0:0:0:" name="SEILATV Bergamo HD" service_name="SEILATV Bergamo HD" provider="COELMEDIA" sid="2014" onid="8572" tsid="8417" />
  </bouquet>
  <bouquet name="Switzerland" category="tv">
    <channel service_ref="1:0:25:07d6:20e1:217c:eeee0000:0:0:0:" name="R55" service_name="R55" provider="TOTOPARTNER" sid="2006" onid="8572" tsid="8417" />
    <channel service_ref="1:0:25:07d7:20e1:217c:eeee0000:0:0:0:" name="TT-TELETUTTO" service_name="TT-TELETUTTO" provider="EI-TOWERS" sid="2007" onid="8572" tsid="8417" />
  </bouquet>
  <bouquet name="Spain" category="tv">
    <channel service_ref="1:0:25:07d4:20e1:217c:eeee0000:0:0:0:" name="Espansione Tv HD" service_name="Espansione Tv HD" provider="Espansione TV" sid="2004" onid="8572" tsid="8417" />
  </bouquet>
  <bouquet name="Resolution - HD" category="tv">
    <channel service_ref="1:0:25:07d5:20e1:217c:eeee0000:0:0:0:" name="Bergamo TV HD" service_name="Bergamo TV HD" provider="" sid="2005" onid="8572" tsid="8417" />
    <channel service_ref="1:0:25:07d4:20e1:217c:eeee0000:0:0:0:" name="Espansione Tv HD" service_name="Espansione Tv HD" provider="Espansione TV" sid="2004" onid="8572" tsid="8417" />
    <channel service_ref="1:0:1:07de:20e1:217c:eeee0000:0:0:0:" name="SEILATV Bergamo HD" service_name="SEILATV Bergamo HD" provider="COELMEDIA" sid="2014" onid="8572" tsid="8417" />
  </bouquet>
  <bouquet name="Others" category="tv">
    <channel service_ref="1:0:25:07d5:20e1:217c:eeee0000:0:0:0:" name="Bergamo TV HD" service_name="Bergamo TV HD" provider="" sid="2005" onid="8572" tsid="8417" />
    <channel service_ref="1:0:1:07e3:20e1:217c:eeee0000:0:0:0:" name="DTV1" service_name="DTV1" provider="" sid="2019" onid="8572" tsid="8417" />
    <channel service_ref="1:0:1:07e2:20e1:217c:eeee0000:0:0:0:" name="OROBIK 98" service_name="OROBIK 98" provider="OROBIK 98" sid="2018" onid="8572" tsid="8417" />
    <channel service_ref="1:0:25:07db:20e1:217c:eeee0000:0:0:0:" name="PIU VALLI TV" service_name="PIU VALLI TV" provider="PIU VALLI TV" sid="2011" onid="8572" tsid="8417" />
    <channel service_ref="1:0:1:07d1:20e1:217c:eeee0000:0:0:0:" name="RADIO MATER DAB*" service_name="RADIO MATER DAB*" provider="RADIO MATER DAB*" sid="2001" onid="8572" tsid="8417" />
    <channel service_ref="1:0:1:07da:20e1:217c:eeee0000:0:0:0:" name="SUPERTV" service_name="SUPERTV" provider="SUPERTV" sid="2010" onid="8572" tsid="8417" />
    <channel service_ref="1:0:22:07d9:20e1:217c:eeee0000:0:0:0:" name="TI RICORDI TV" service_name="TI RICORDI TV" provider="TOTOPARTNER" sid="2009" onid="8572" tsid="8417" />
    <channel service_ref="1:0:1:07d8:20e1:217c:eeee0000:0:0:0:" name="TSN" service_name="TSN" provider="TSN" sid="2008" onid="8572" tsid="8417" />
    <channel service_ref="1:0:22:07e0:20e1:217c:eeee0000:0:0:0:" name="VALENZA TV" service_name="VALENZA TV" provider="VALENZA TV" sid="2016" onid="8572" tsid="8417" />
  </bouquet>
  <bouquet name="Digitale Terrestre                    by Rennys" category="tv">
    <channel service_ref="1:0:1:7d3:20e1:217c:eeee0000:0:0:0:" name="Telecity Lombardia" service_name="Telecity Lombardia" provider="In Aria!" sid="2003" onid="8572" tsid="8417" />
    <channel service_ref="1:0:19:7d4:20e1:217c:eeee0000:0:0:0:" name="Espansione Tv HD" service_name="Espansione Tv HD" provider="Espansione TV" sid="2004" onid="8572" tsid="8417" />
    <channel service_ref="1:0:19:7d5:20e1:217c:eeee0000:0:0:0:" name="Bergamo TV HD" service_name="Bergamo TV HD" provider="" sid="2005" onid="8572" tsid="8417" />
    <channel service_ref="1:0:19:7d6:20e1:217c:eeee0000:0:0:0:" name="R55" service_name="R55" provider="TOTOPARTNER" sid="2006" onid="8572" tsid="8417" />
    <channel service_ref="1:0:19:7d7:20e1:217c:eeee0000:0:0:0:" name="TT-TELETUTTO" service_name="TT-TELETUTTO" provider="EI-TOWERS" sid="2007" onid="8572" tsid="8417" />
    <channel service_ref="1:0:1:7d8:20e1:217c:eeee0000:0:0:0:" name="TSN" service_name="TSN" provider="TSN" sid="2008" onid="8572" tsid="8417" />
    <channel service_ref="1:0:16:7d9:20e1:217c:eeee0000:0:0:0:" name="TI RICORDI TV" service_name="TI RICORDI TV" provider="TOTOPARTNER" sid="2009" onid="8572" tsid="8417" />
    <channel service_ref="1:0:1:7da:20e1:217c:eeee0000:0:0:0:" name="SUPERTV" service_name="SUPERTV" provider="SUPERTV" sid="2010" onid="8572" tsid="8417" />
    <channel service_ref="1:0:19:7db:20e1:217c:eeee0000:0:0:0:" name="PIU VALLI TV" service_name="PIU VALLI TV" provider="PIU VALLI TV" sid="2011" onid="8572" tsid="8417" />
    <channel service_ref="1:0:1:7dd:20e1:217c:eeee0000:0:0:0:" name="CANALE ITALIA 77" service_name="CANALE ITALIA 77" provider="Canale Italia" sid="2013" onid="8572" tsid="8417" />
    <channel service_ref="1:0:1:7de:20e1:217c:eeee0000:0:0:0:" name="SEILATV Bergamo HD" service_name="SEILATV Bergamo HD" provider="COELMEDIA" sid="2014" onid="8572" tsid="8417" />
    <channel service_ref="1:0:19:7df:20e1:217c:eeee0000:0:0:0:" name="RADIO BRUNO Lombardia" service_name="RADIO BRUNO Lombardia" provider="RADIO BRUNO" sid="2015" onid="8572" tsid="8417" />
    <channel service_ref="1:0:16:7e0:20e1:217c:eeee0000:0:0:0:" name="VALENZA TV" service_name="VALENZA TV" provider="VALENZA TV" sid="2016" onid="8572" tsid="8417" />
    <channel service_ref="1:0:1:7e2:20e1:217c:eeee0000:0:0:0:" name="OROBIK 98" service_name="OROBIK 98" provider="OROBIK 98" sid="2018" onid="8572" tsid="8417" />
    <channel service_ref="1:0:1:7e3:20e1:217c:eeee0000:0:0:0:" name="DTV1" service_name="DTV1" provider="" sid="2019" onid="8572" tsid="8417" />
    <channel service_ref="1:0:1:7d1:20e1:217c:eeee0000:0:0:0:" name="RADIO MATER DAB*" service_name="RADIO MATER DAB*" provider="RADIO MATER DAB*" sid="2001" onid="8572" tsid="8417" />
  </bouquet>
</zapit>
