{
  "api_version": 4,
  "bouquet_count": "22",
  "category": "all",
  "deduplicated_services": "0",
  "display_name": "All",
  "lamedb_version": "4",
  "last_seen": "unknown",
  "service_count": "1422",
  "source": "work/ingest/oe-alliance/malimali.13e/enigma2",
  "stale": "unknown",
  "stats": "{\"bouquet_count\": 28, \"cable_services\": 0, \"radio_services\": 0, \"sat_services\": 1422, \"terrestrial_services\": 0, \"total_services\": 1422}",
  "thresholds": "{\"cable\": 20, \"sat\": 50, \"terrestrial\": 20}",
  "transponder_count": "97"
}