<?xml version='1.0' encoding='utf-8'?>
<zapit api="4">
  <satellites>
    <satellite key="001e0000:0002:212c" name="Sat-3E" namespace="0x001e0000" position="3">
      <transponder key="001e0000:0002:212c" frequency="12734000" symbol_rate="16751000" polarization="V" fec="7" system="0" modulation="0">
        <service id="0x000a" sid="10" name="ERT 1" type="25" provider="ERT" onid="8492" tsid="2" namespace="0x001e0000" />
        <service id="0x000e" sid="14" name="ERT 2" type="25" provider="ERT" onid="8492" tsid="2" namespace="0x001e0000" />
        <service id="0x0011" sid="17" name="ERT 3" type="25" provider="ERT" onid="8492" tsid="2" namespace="0x001e0000" />
        <service id="0x001c" sid="28" name="ERT HD" type="25" provider="ERT" onid="8492" tsid="2" namespace="0x001e0000" />
        <service id="0x001e" sid="30" name="Kanali Voulis" type="25" provider="ERT" onid="8492" tsid="2" namespace="0x001e0000" />
      </transponder>
    </satellite>
    <satellite key="001e0000:0008:0008" name="Sat-3E" namespace="0x001e0000" position="3">
      <transponder key="001e0000:0008:0008" frequency="10914000" symbol_rate="2047000" polarization="H" fec="8" system="0" modulation="0">
        <service id="0x000e" sid="14" name="La Voie Sainte TV (VSTV)" type="25" provider="TV-Provider" onid="8" tsid="8" namespace="0x001e0000" />
      </transponder>
    </satellite>
    <satellite key="001e0000:0064:212c" name="Sat-3E" namespace="0x001e0000" position="3">
      <transponder key="001e0000:0064:212c" frequency="12702000" symbol_rate="13960000" polarization="H" fec="7" system="0" modulation="0">
        <service id="0x0028" sid="40" name="Alpha TV Greece" type="25" provider="DIGEA" onid="8492" tsid="100" namespace="0x001e0000" />
        <service id="0x012c" sid="300" name="ANT 1" type="25" provider="DIGEA" onid="8492" tsid="100" namespace="0x001e0000" />
        <service id="0x015e" sid="350" name="Art TV" type="25" provider="DIGEA" onid="8492" tsid="100" namespace="0x001e0000" />
        <service id="0x008c" sid="140" name="E TV" type="25" provider="DIGEA" onid="8492" tsid="100" namespace="0x001e0000" />
      </transponder>
    </satellite>
    <satellite key="001e0000:0066:212c" name="Sat-3E" namespace="0x001e0000" position="3">
      <transponder key="001e0000:0066:212c" frequency="12720000" symbol_rate="13960000" polarization="H" fec="7" system="0" modulation="0">
        <service id="0x00be" sid="190" name="Macedonia TV" type="25" provider="DIGEA" onid="8492" tsid="102" namespace="0x001e0000" />
        <service id="0x01f4" sid="500" name="Mega Channel" type="25" provider="DIGEA" onid="8492" tsid="102" namespace="0x001e0000" />
        <service id="0x0066" sid="102" name="Skai" type="25" provider="DIGEA" onid="8492" tsid="102" namespace="0x001e0000" />
        <service id="0x02bc" sid="700" name="Star Channel" type="25" provider="DIGEA" onid="8492" tsid="102" namespace="0x001e0000" />
      </transponder>
    </satellite>
    <satellite key="001e0000:006e:006e" name="Sat-3E" namespace="0x001e0000" position="3">
      <transponder key="001e0000:006e:006e" frequency="11474000" symbol_rate="4600000" polarization="V" fec="4" system="0" modulation="0">
        <service id="0x1efa" sid="7930" name="Al Kawthar" type="25" provider="IRIB" onid="110" tsid="110" namespace="0x001e0000" />
        <service id="0x1ef1" sid="7921" name="IRIB" type="25" provider="IRIB" onid="110" tsid="110" namespace="0x001e0000" />
        <service id="0x1ef9" sid="7929" name="Sahar TV Kurdish" type="25" provider="IRIB" onid="110" tsid="110" namespace="0x001e0000" />
        <service id="0x1ef8" sid="7928" name="SAHAR UR" type="25" provider="IRIB" onid="110" tsid="110" namespace="0x001e0000" />
      </transponder>
    </satellite>
    <satellite key="001e2b1e:0001:0001" name="Sat-3E" namespace="0x001e2b1e" position="3">
      <transponder key="001e2b1e:0001:0001" frequency="11038000" symbol_rate="1000000" polarization="H" fec="2" system="0" modulation="0">
        <service id="0x0001" sid="1" name="Libya One" type="25" provider="Alriyada" onid="1" tsid="1" namespace="0x001e2b1e" />
      </transponder>
    </satellite>
    <satellite key="001e2b21:0001:ffff" name="Sat-3E" namespace="0x001e2b21" position="3">
      <transponder key="001e2b21:0001:ffff" frequency="11041000" symbol_rate="4279000" polarization="H" fec="6" system="0" modulation="0">
        <service id="0x0002" sid="2" name="Dzair News" type="25" provider="Dzair" onid="65535" tsid="1" namespace="0x001e2b21" />
        <service id="0x0001" sid="1" name="DZair TV" type="25" provider="Dzair" onid="65535" tsid="1" namespace="0x001e2b21" />
      </transponder>
    </satellite>
    <satellite key="001e2ccc:0001:ffff" name="Sat-3E" namespace="0x001e2ccc" position="3">
      <transponder key="001e2ccc:0001:ffff" frequency="11468000" symbol_rate="2963000" polarization="H" fec="3" system="0" modulation="0">
        <service id="0x0001" sid="1" name="Sama TV" type="1" provider="SNG" onid="65535" tsid="1" namespace="0x001e2ccc" />
      </transponder>
    </satellite>
    <satellite key="001e2cd3:0001:ffff" name="Sat-3E" namespace="0x001e2cd3" position="3">
      <transponder key="001e2cd3:0001:ffff" frequency="11475000" symbol_rate="2600000" polarization="H" fec="3" system="0" modulation="0">
        <service id="0x0002" sid="2" name="Syria News" type="1" provider="SD Unnamed" onid="65535" tsid="1" namespace="0x001e2cd3" />
      </transponder>
    </satellite>
    <satellite key="001e2cdd:0001:ffff" name="Sat-3E" namespace="0x001e2cdd" position="3">
      <transponder key="001e2cdd:0001:ffff" frequency="11485000" symbol_rate="1477000" polarization="H" fec="4" system="0" modulation="0">
        <service id="0x0001" sid="1" name="Al Iman TV" type="25" provider="TANDBERG Television" onid="65535" tsid="1" namespace="0x001e2cdd" />
      </transponder>
    </satellite>
    <satellite key="001e2ce1:0001:ffff" name="Sat-3E" namespace="0x001e2ce1" position="3">
      <transponder key="001e2ce1:0001:ffff" frequency="11489000" symbol_rate="2222000" polarization="H" fec="4" system="0" modulation="0">
        <service id="0x0001" sid="1" name="Karbala TV" type="1" provider="Ericsson 2" onid="65535" tsid="1" namespace="0x001e2ce1" />
      </transponder>
    </satellite>
    <satellite key="001e2ce5:0001:0001" name="Sat-3E" namespace="0x001e2ce5" position="3">
      <transponder key="001e2ce5:0001:0001" frequency="11493000" symbol_rate="2220000" polarization="H" fec="3" system="0" modulation="0">
        <service id="0x000a" sid="10" name="Libya ALrasmia TV" type="1" provider="Libya Alrsmia TV" onid="1" tsid="1" namespace="0x001e2ce5" />
      </transponder>
    </satellite>
    <satellite key="001e2ce7:ffff:ffff" name="Sat-3E" namespace="0x001e2ce7" position="3">
      <transponder key="001e2ce7:ffff:ffff" frequency="11495000" symbol_rate="1510000" polarization="H" fec="3" system="0" modulation="0">
        <service id="0x066d" sid="1645" name="Aden" type="1" provider="" onid="65535" tsid="65535" namespace="0x001e2ce7" />
      </transponder>
    </satellite>
    <satellite key="001e2cef:0001:0001" name="Sat-3E" namespace="0x001e2cef" position="3">
      <transponder key="001e2cef:0001:0001" frequency="11503000" symbol_rate="1480000" polarization="H" fec="4" system="0" modulation="0">
        <service id="0x0001" sid="1" name="Libya Panorama" type="25" provider="none" onid="1" tsid="1" namespace="0x001e2cef" />
      </transponder>
    </satellite>
    <satellite key="001e2d7d:0001:ffff" name="Sat-3E" namespace="0x001e2d7d" position="3">
      <transponder key="001e2d7d:0001:ffff" frequency="11645000" symbol_rate="2220000" polarization="H" fec="4" system="0" modulation="0">
        <service id="0x0001" sid="1" name="Al Ahd" type="25" provider="Service Provider" onid="65535" tsid="1" namespace="0x001e2d7d" />
      </transponder>
    </satellite>
    <satellite key="001e2d83:0001:ffff" name="Sat-3E" namespace="0x001e2d83" position="3">
      <transponder key="001e2d83:0001:ffff" frequency="11651000" symbol_rate="1560000" polarization="H" fec="3" system="0" modulation="0">
        <service id="0x0001" sid="1" name="Alghadeer" type="25" provider="TandbergTV" onid="65535" tsid="1" namespace="0x001e2d83" />
      </transponder>
    </satellite>
    <satellite key="001e2d8c:0001:ffff" name="Sat-3E" namespace="0x001e2d8c" position="3">
      <transponder key="001e2d8c:0001:ffff" frequency="11660000" symbol_rate="1500000" polarization="H" fec="3" system="0" modulation="0">
        <service id="0x0001" sid="1" name="Al-Eshragh TV" type="25" provider="Service Provider" onid="65535" tsid="1" namespace="0x001e2d8c" />
      </transponder>
    </satellite>
    <satellite key="001e30ee:0001:0001" name="Sat-3E" namespace="0x001e30ee" position="3">
      <transponder key="001e30ee:0001:0001" frequency="12526000" symbol_rate="4444000" polarization="H" fec="3" system="0" modulation="0">
        <service id="0x002b" sid="43" name="2M MENA" type="25" provider="2M" onid="1" tsid="1" namespace="0x001e30ee" />
        <service id="0x002a" sid="42" name="2M Monde" type="25" provider="2M" onid="1" tsid="1" namespace="0x001e30ee" />
        <service id="0x0029" sid="41" name="2M National" type="25" provider="2M" onid="1" tsid="1" namespace="0x001e30ee" />
      </transponder>
    </satellite>
    <satellite key="001e30f4:0001:ffff" name="Sat-3E" namespace="0x001e30f4" position="3">
      <transponder key="001e30f4:0001:ffff" frequency="12532000" symbol_rate="2115000" polarization="H" fec="4" system="0" modulation="0">
        <service id="0x0001" sid="1" name="Al Hiwar Ettounsi TV" type="25" provider="Ettounisa" onid="65535" tsid="1" namespace="0x001e30f4" />
      </transponder>
    </satellite>
    <satellite key="001eace9:0001:ffff" name="Sat-3E" namespace="0x001eace9" position="3">
      <transponder key="001eace9:0001:ffff" frequency="11497000" symbol_rate="9720000" polarization="V" fec="3" system="0" modulation="0">
        <service id="0x0001" sid="1" name="Hispan TV" type="25" provider="Service Provider" onid="65535" tsid="1" namespace="0x001eace9" />
        <service id="0x0028" sid="40" name="iFilm" type="25" provider="Service Provider" onid="65535" tsid="1" namespace="0x001eace9" />
        <service id="0x0002" sid="2" name="IFILMServices." type="25" provider="Service Provider" onid="65535" tsid="1" namespace="0x001eace9" />
        <service id="0x0004" sid="4" name="Press TV" type="25" provider="Service Provider" onid="65535" tsid="1" namespace="0x001eace9" />
      </transponder>
    </satellite>
    <satellite key="001ead41:ffff:ffff" name="Sat-3E" namespace="0x001ead41" position="3">
      <transponder key="001ead41:ffff:ffff" frequency="11585000" symbol_rate="9260000" polarization="V" fec="3" system="0" modulation="0">
        <service id="0x0002" sid="2" name="Fann" type="1" provider="Orbit" onid="65535" tsid="65535" namespace="0x001ead41" />
        <service id="0x0003" sid="3" name="FEED 1" type="1" provider="Orbit" onid="65535" tsid="65535" namespace="0x001ead41" />
        <service id="0x0001" sid="1" name="Music Now" type="1" provider="Orbit" onid="65535" tsid="65535" namespace="0x001ead41" />
      </transponder>
    </satellite>
    <satellite key="001ead55:0001:ffff" name="Sat-3E" namespace="0x001ead55" position="3">
      <transponder key="001ead55:0001:ffff" frequency="11605000" symbol_rate="1480000" polarization="V" fec="3" system="0" modulation="0">
        <service id="0x0001" sid="1" name="Lualua TV" type="25" provider="LuaLua" onid="65535" tsid="1" namespace="0x001ead55" />
      </transponder>
    </satellite>
    <satellite key="001ead94:0001:ffff" name="Sat-3E" namespace="0x001ead94" position="3">
      <transponder key="001ead94:0001:ffff" frequency="11668000" symbol_rate="1500000" polarization="V" fec="3" system="0" modulation="0">
        <service id="0x0001" sid="1" name="Al Ittihad" type="25" provider="Etihad" onid="65535" tsid="1" namespace="0x001ead94" />
        <service id="0x0041" sid="65" name="Baeynat Satellite Channel" type="25" provider="TV-Provider" onid="65535" tsid="1" namespace="0x001ead94" />
      </transponder>
    </satellite>
    <satellite key="001ead98:0001:0001" name="Sat-3E" namespace="0x001ead98" position="3">
      <transponder key="001ead98:0001:0001" frequency="11672000" symbol_rate="1100000" polarization="V" fec="4" system="0" modulation="0">
        <service id="0x0041" sid="65" name="Music Alremas" type="25" provider="TV-Provider" onid="1" tsid="1" namespace="0x001ead98" />
      </transponder>
    </satellite>
    <satellite key="001ead9c:0001:0001" name="Sat-3E" namespace="0x001ead9c" position="3">
      <transponder key="001ead9c:0001:0001" frequency="11676000" symbol_rate="1770000" polarization="V" fec="4" system="0" modulation="0">
        <service id="0x0001" sid="1" name="Central Asia TV" type="25" provider="Net 1" onid="1" tsid="1" namespace="0x001ead9c" />
      </transponder>
    </satellite>
    <satellite key="001eb107:0001:0001" name="Sat-3E" namespace="0x001eb107" position="3">
      <transponder key="001eb107:0001:0001" frequency="12551000" symbol_rate="1500000" polarization="V" fec="3" system="0" modulation="0">
        <service id="0x0001" sid="1" name="Thaqalayn TV" type="25" provider="Net 1" onid="1" tsid="1" namespace="0x001eb107" />
      </transponder>
    </satellite>
    <satellite key="001eb108:0001:ffff" name="Sat-3E" namespace="0x001eb108" position="3">
      <transponder key="001eb108:0001:ffff" frequency="12552000" symbol_rate="1100000" polarization="V" fec="4" system="0" modulation="0">
        <service id="0x0001" sid="1" name="Al Huja TV" type="25" provider="Alhujja Sattelite Channel" onid="65535" tsid="1" namespace="0x001eb108" />
        <service id="0x0002" sid="2" name="Al Thabat TV" type="25" provider="Althabat" onid="65535" tsid="1" namespace="0x001eb108" />
      </transponder>
    </satellite>
    <satellite key="001eb10e:0001:ffff" name="Sat-3E" namespace="0x001eb10e" position="3">
      <transponder key="001eb10e:0001:ffff" frequency="12558000" symbol_rate="1500000" polarization="V" fec="4" system="0" modulation="0">
        <service id="0x0001" sid="1" name="Al Naeem" type="25" provider="ALNAEEM TV" onid="65535" tsid="1" namespace="0x001eb10e" />
      </transponder>
    </satellite>
    <satellite key="001eb110:0001:0001" name="Sat-3E" namespace="0x001eb110" position="3">
      <transponder key="001eb110:0001:0001" frequency="12560000" symbol_rate="1500000" polarization="V" fec="4" system="0" modulation="0">
        <service id="0x0002" sid="2" name="Asia TV" type="25" provider="Asia Tv" onid="1" tsid="1" namespace="0x001eb110" />
      </transponder>
    </satellite>
    <satellite key="001eb11b:0001:ffff" name="Sat-3E" namespace="0x001eb11b" position="3">
      <transponder key="001eb11b:0001:ffff" frequency="12571000" symbol_rate="3650000" polarization="V" fec="2" system="0" modulation="0">
        <service id="0x0001" sid="1" name="JBC" type="25" provider="Waar" onid="65535" tsid="1" namespace="0x001eb11b" />
      </transponder>
    </satellite>
  </satellites>
</zapit>
