<?xml version='1.0' encoding='utf-8'?>
<zapit api="4">
  <terrestrials>
    <terrestrial key="eeee0000:02d1:0079" name="Canale-8" namespace="0xeeee0000">
      <transponder key="eeee0000:02d1:0079" frequency="522000000" symbol_rate="0" polarization="H" fec="5" system="0" modulation="4">
        <service id="0x005a" sid="90" name="+n Piuenne" type="1" provider="Canale 8" onid="121" tsid="721" namespace="0xeeee0000" />
        <service id="0x00cc" sid="204" name="Canale 58" type="1" provider="Canale 8" onid="121" tsid="721" namespace="0xeeee0000" />
        <service id="0x0001" sid="1" name="Canale 8" type="1" provider="Canale 8" onid="121" tsid="721" namespace="0xeeee0000" />
        <service id="0x003c" sid="60" name="Canale 8 HD" type="1" provider="Canale 8" onid="121" tsid="721" namespace="0xeeee0000" />
        <service id="0x028f" sid="655" name="Radio Marte TV" type="1" provider="Canale 8" onid="121" tsid="721" namespace="0xeeee0000" />
        <service id="0x0008" sid="8" name="RTC QUARTA RETE" type="1" provider="Canale 8" onid="121" tsid="721" namespace="0xeeee0000" />
        <service id="0x0007" sid="7" name="TELE PRIMA" type="1" provider="Canale 8" onid="121" tsid="721" namespace="0xeeee0000" />
        <service id="0x0009" sid="9" name="Telecolore" type="1" provider="Canale 8" onid="121" tsid="721" namespace="0xeeee0000" />
      </transponder>
    </terrestrial>
  </terrestrials>
</zapit>
