<?xml version='1.0' encoding='utf-8'?>
<zapit api="4">
  <terrestrials>
    <terrestrial key="eeee0000:146b:217c" name="TELECOLOR" namespace="0xeeee0000">
      <transponder key="eeee0000:146b:217c" frequency="666000000" symbol_rate="0" polarization="H" fec="5" system="0" modulation="4">
        <service id="0x0ff8" sid="4088" name="96" type="1" provider="TELECOLOR" onid="8572" tsid="5227" namespace="0xeeee0000" />
        <service id="0xb016" sid="45078" name="Canale 78 HD" type="1" provider="Telecity" onid="8572" tsid="5227" namespace="0xeeee0000" />
        <service id="0x0008" sid="8" name="Italia 8 Canale 78" type="1" provider="Italia 8 Canale 78" onid="8572" tsid="5227" namespace="0xeeee0000" />
        <service id="0xb03a" sid="45114" name="PRIMANTENNA" type="1" provider="PRIMANTENNA" onid="8572" tsid="5227" namespace="0xeeee0000" />
        <service id="0x0005" sid="5" name="Salute e Natura" type="1" provider="TELECOLOR" onid="8572" tsid="5227" namespace="0xeeee0000" />
        <service id="0x001a" sid="26" name="SUPERTV" type="1" provider="SUPERTV" onid="8572" tsid="5227" namespace="0xeeee0000" />
        <service id="0xb076" sid="45174" name="SVI 74" type="1" provider="SVI74" onid="8572" tsid="5227" namespace="0xeeee0000" />
        <service id="0x0001" sid="1" name="Telecity" type="1" provider="TELECITY" onid="8572" tsid="5227" namespace="0xeeee0000" />
        <service id="0xa862" sid="43106" name="Telecity HD" type="1" provider="Telestar" onid="8572" tsid="5227" namespace="0xeeee0000" />
        <service id="0x0002" sid="2" name="Telecity TO" type="1" provider="TELECITY" onid="8572" tsid="5227" namespace="0xeeee0000" />
        <service id="0x0fd6" sid="4054" name="TELECOLOR" type="1" provider="TELECOLOR" onid="8572" tsid="5227" namespace="0xeeee0000" />
        <service id="0xa477" sid="42103" name="TELEREPORTER" type="1" provider="TELEREPORTER" onid="8572" tsid="5227" namespace="0xeeee0000" />
        <service id="0xa863" sid="43107" name="TELEREPORTER_" type="1" provider="TELEREPORTER_" onid="8572" tsid="5227" namespace="0xeeee0000" />
        <service id="0x004d" sid="77" name="Telestar Canale 77" type="1" provider="TELESTAR" onid="8572" tsid="5227" namespace="0xeeee0000" />
        <service id="0x03ed" sid="1005" name="Telestar Canale 77 HD" type="1" provider="Telecity" onid="8572" tsid="5227" namespace="0xeeee0000" />
        <service id="0x0fdf" sid="4063" name="TRS 93" type="1" provider="TELECOLOR" onid="8572" tsid="5227" namespace="0xeeee0000" />
      </transponder>
    </terrestrial>
  </terrestrials>
</zapit>
