{
  "api_version": 4,
  "bouquet_count": "506",
  "category": "sat",
  "deduplicated_services": "0",
  "display_name": "Eutelsat-16.0E",
  "lamedb_version": "4",
  "last_seen": "unknown",
  "satellite_code": "S16E",
  "service_count": "14496",
  "source": "work/ingest/oe-alliance/vhannibal.motor.and.dtt.torino/enigma2",
  "stale": "unknown",
  "stats": "{\"bouquet_count\": 54, \"cable_services\": 0, \"radio_services\": 2225, \"sat_services\": 14097, \"terrestrial_services\": 399, \"total_services\": 14496}",
  "thresholds": "{\"cable\": 20, \"sat\": 50, \"terrestrial\": 20}",
  "transponder_count": "1125"
}