<?xml version='1.0' encoding='utf-8'?>
<zapit>
  <bouquet name="General" category="tv">
    <channel service_ref="1:0:22:0003:1000:217c:eeee0000:0:0:0:" name="GIOCABET.TV" service_name="GIOCABET.TV" provider="Rai Way" sid="3" onid="8572" tsid="4096" />
    <channel service_ref="1:0:1:000d:1000:217c:eeee0000:0:0:0:" name="PIEMONTE+ HD" service_name="PIEMONTE+ HD" provider="Rai Way" sid="13" onid="8572" tsid="4096" />
    <channel service_ref="1:0:1:0006:1000:217c:eeee0000:0:0:0:" name="RADIO 4 YOU TV 3" service_name="RADIO 4 YOU TV 3" provider="Rai Way" sid="6" onid="8572" tsid="4096" />
    <channel service_ref="1:0:1:0007:1000:217c:eeee0000:0:0:0:" name="RADIO BIRIKINA TV" service_name="RADIO BIRIKINA TV" provider="Rai Way" sid="7" onid="8572" tsid="4096" />
    <channel service_ref="1:0:25:000a:1000:217c:eeee0000:0:0:0:" name="RADIO BRUNO Piemonte" service_name="RADIO BRUNO Piemonte" provider="Rai Way" sid="10" onid="8572" tsid="4096" />
    <channel service_ref="1:0:22:000f:1000:217c:eeee0000:0:0:0:" name="RBE-TV" service_name="RBE-TV" provider="Rai Way" sid="15" onid="8572" tsid="4096" />
    <channel service_ref="1:0:1:000b:1000:217c:eeee0000:0:0:0:" name="TELEREPORTER" service_name="TELEREPORTER" provider="Rai Way" sid="11" onid="8572" tsid="4096" />
  </bouquet>
  <bouquet name="ARD/ZDF" category="tv">
    <channel service_ref="1:0:25:000a:1000:217c:eeee0000:0:0:0:" name="RADIO BRUNO Piemonte" service_name="RADIO BRUNO Piemonte" provider="Rai Way" sid="10" onid="8572" tsid="4096" />
  </bouquet>
  <bouquet name="RAI" category="tv">
    <channel service_ref="1:0:22:0003:1000:217c:eeee0000:0:0:0:" name="GIOCABET.TV" service_name="GIOCABET.TV" provider="Rai Way" sid="3" onid="8572" tsid="4096" />
    <channel service_ref="1:0:22:0003:1000:217c:eeee0000:0:0:0:" name="GIOCABET.TV" service_name="GIOCABET.TV" provider="Rai Way" sid="3" onid="8572" tsid="4096" />
    <channel service_ref="1:0:1:000d:1000:217c:eeee0000:0:0:0:" name="PIEMONTE+ HD" service_name="PIEMONTE+ HD" provider="Rai Way" sid="13" onid="8572" tsid="4096" />
    <channel service_ref="1:0:1:000d:1000:217c:eeee0000:0:0:0:" name="PIEMONTE+ HD" service_name="PIEMONTE+ HD" provider="Rai Way" sid="13" onid="8572" tsid="4096" />
    <channel service_ref="1:0:1:0006:1000:217c:eeee0000:0:0:0:" name="RADIO 4 YOU TV 3" service_name="RADIO 4 YOU TV 3" provider="Rai Way" sid="6" onid="8572" tsid="4096" />
    <channel service_ref="1:0:1:0006:1000:217c:eeee0000:0:0:0:" name="RADIO 4 YOU TV 3" service_name="RADIO 4 YOU TV 3" provider="Rai Way" sid="6" onid="8572" tsid="4096" />
    <channel service_ref="1:0:1:0007:1000:217c:eeee0000:0:0:0:" name="RADIO BIRIKINA TV" service_name="RADIO BIRIKINA TV" provider="Rai Way" sid="7" onid="8572" tsid="4096" />
    <channel service_ref="1:0:1:0007:1000:217c:eeee0000:0:0:0:" name="RADIO BIRIKINA TV" service_name="RADIO BIRIKINA TV" provider="Rai Way" sid="7" onid="8572" tsid="4096" />
    <channel service_ref="1:0:25:000a:1000:217c:eeee0000:0:0:0:" name="RADIO BRUNO Piemonte" service_name="RADIO BRUNO Piemonte" provider="Rai Way" sid="10" onid="8572" tsid="4096" />
    <channel service_ref="1:0:22:000f:1000:217c:eeee0000:0:0:0:" name="RBE-TV" service_name="RBE-TV" provider="Rai Way" sid="15" onid="8572" tsid="4096" />
    <channel service_ref="1:0:22:000f:1000:217c:eeee0000:0:0:0:" name="RBE-TV" service_name="RBE-TV" provider="Rai Way" sid="15" onid="8572" tsid="4096" />
    <channel service_ref="1:0:1:000b:1000:217c:eeee0000:0:0:0:" name="TELEREPORTER" service_name="TELEREPORTER" provider="Rai Way" sid="11" onid="8572" tsid="4096" />
    <channel service_ref="1:0:1:000b:1000:217c:eeee0000:0:0:0:" name="TELEREPORTER" service_name="TELEREPORTER" provider="Rai Way" sid="11" onid="8572" tsid="4096" />
  </bouquet>
  <bouquet name="Resolution - HD" category="tv">
    <channel service_ref="1:0:1:000d:1000:217c:eeee0000:0:0:0:" name="PIEMONTE+ HD" service_name="PIEMONTE+ HD" provider="Rai Way" sid="13" onid="8572" tsid="4096" />
  </bouquet>
  <bouquet name="Digitale Terrestre                     by Gerry" category="tv">
    <channel service_ref="1:0:16:3:1000:217c:eeee0000:0:0:0:" name="GIOCABET.TV" service_name="GIOCABET.TV" provider="Rai Way" sid="3" onid="8572" tsid="4096" />
    <channel service_ref="1:0:1:6:1000:217c:eeee0000:0:0:0:" name="RADIO 4 YOU TV 3" service_name="RADIO 4 YOU TV 3" provider="Rai Way" sid="6" onid="8572" tsid="4096" />
    <channel service_ref="1:0:1:7:1000:217c:eeee0000:0:0:0:" name="RADIO BIRIKINA TV" service_name="RADIO BIRIKINA TV" provider="Rai Way" sid="7" onid="8572" tsid="4096" />
    <channel service_ref="1:0:1:b:1000:217c:eeee0000:0:0:0:" name="TELEREPORTER" service_name="TELEREPORTER" provider="Rai Way" sid="11" onid="8572" tsid="4096" />
    <channel service_ref="1:0:16:f:1000:217c:eeee0000:0:0:0:" name="RBE-TV" service_name="RBE-TV" provider="Rai Way" sid="15" onid="8572" tsid="4096" />
  </bouquet>
</zapit>
