<?xml version='1.0' encoding='utf-8'?>
<zapit api="4">
  <satellites>
    <satellite key="00d70000:0002:0001" name="Sat-21.5E" namespace="0x00d70000" position="21.5">
      <transponder key="00d70000:0002:0001" frequency="10856000" symbol_rate="30000000" polarization="V" fec="1" system="0" modulation="0">
        <service id="0x002c" sid="44" name="AHTV-HD" type="1" provider="" onid="1" tsid="2" namespace="0x00d70000" />
        <service id="0x003e" sid="62" name="ASTV-HD" type="1" provider="" onid="1" tsid="2" namespace="0x00d70000" />
        <service id="0x003f" sid="63" name="BTV-HD" type="1" provider="" onid="1" tsid="2" namespace="0x00d70000" />
        <service id="0x0015" sid="21" name="CCTV1-HD" type="1" provider="" onid="1" tsid="2" namespace="0x00d70000" />
        <service id="0x003c" sid="60" name="CCTV13-HD" type="1" provider="" onid="1" tsid="2" namespace="0x00d70000" />
        <service id="0x0016" sid="22" name="CCTV2-HD" type="1" provider="" onid="1" tsid="2" namespace="0x00d70000" />
        <service id="0x0017" sid="23" name="CCTV3-HD" type="1" provider="" onid="1" tsid="2" namespace="0x00d70000" />
        <service id="0x0018" sid="24" name="CCTV4-HD" type="1" provider="" onid="1" tsid="2" namespace="0x00d70000" />
        <service id="0x003b" sid="59" name="CCTV7-HD" type="1" provider="" onid="1" tsid="2" namespace="0x00d70000" />
        <service id="0x003a" sid="58" name="CCTV8-HD" type="1" provider="" onid="1" tsid="2" namespace="0x00d70000" />
        <service id="0x001a" sid="26" name="CHC-HD" type="1" provider="" onid="1" tsid="2" namespace="0x00d70000" />
        <service id="0x001d" sid="29" name="HNTV-HD" type="1" provider="" onid="1" tsid="2" namespace="0x00d70000" />
        <service id="0x002a" sid="42" name="JSTV-HD" type="1" provider="" onid="1" tsid="2" namespace="0x00d70000" />
        <service id="0x003d" sid="61" name="KAKU-HD" type="1" provider="" onid="1" tsid="2" namespace="0x00d70000" />
        <service id="0x002d" sid="45" name="LNTV-HD" type="1" provider="" onid="1" tsid="2" namespace="0x00d70000" />
        <service id="0x002e" sid="46" name="PHX Info HD" type="1" provider="" onid="1" tsid="2" namespace="0x00d70000" />
        <service id="0x001c" sid="28" name="SBN-HD" type="1" provider="" onid="1" tsid="2" namespace="0x00d70000" />
        <service id="0x001b" sid="27" name="SPORT+HD" type="1" provider="" onid="1" tsid="2" namespace="0x00d70000" />
        <service id="0x0019" sid="25" name="SPORT-HD" type="1" provider="" onid="1" tsid="2" namespace="0x00d70000" />
        <service id="0x002b" sid="43" name="ZJTV-HD" type="1" provider="" onid="1" tsid="2" namespace="0x00d70000" />
      </transponder>
    </satellite>
    <satellite key="00d70000:0041:0800" name="Sat-21.5E" namespace="0x00d70000" position="21.5">
      <transponder key="00d70000:0041:0800" frequency="11564000" symbol_rate="3333000" polarization="V" fec="4" system="0" modulation="0">
        <service id="0x0001" sid="1" name="FEED HD MBC" type="25" provider="" onid="2048" tsid="65" namespace="0x00d70000" />
      </transponder>
    </satellite>
    <satellite key="00d70000:0045:02be" name="Sat-21.5E" namespace="0x00d70000" position="21.5">
      <transponder key="00d70000:0045:02be" frequency="11559000" symbol_rate="5000000" polarization="V" fec="4" system="0" modulation="0">
        <service id="0x0001" sid="1" name="MBC Test1" type="1" provider="MBC" onid="702" tsid="69" namespace="0x00d70000" />
        <service id="0x0002" sid="2" name="MBC Test2" type="1" provider="MBC" onid="702" tsid="69" namespace="0x00d70000" />
      </transponder>
    </satellite>
    <satellite key="00d70000:021c:012d" name="Sat-21.5E" namespace="0x00d70000" position="21.5">
      <transponder key="00d70000:021c:012d" frequency="11515000" symbol_rate="3990000" polarization="H" fec="7" system="0" modulation="0">
        <service id="0x1f7c" sid="8060" name="BWTV HD" type="25" provider="MBS" onid="301" tsid="540" namespace="0x00d70000" />
        <service id="0x1f7d" sid="8061" name="RADIO ANDERNACH" type="2" provider="MBS" onid="301" tsid="540" namespace="0x00d70000" radio="1" />
      </transponder>
    </satellite>
    <satellite key="00d70000:021d:012d" name="Sat-21.5E" namespace="0x00d70000" position="21.5">
      <transponder key="00d70000:021d:012d" frequency="11185000" symbol_rate="3190000" polarization="V" fec="3" system="0" modulation="0">
        <service id="0x1f7c" sid="8060" name="BWTV HD" type="25" provider="MBS" onid="301" tsid="541" namespace="0x00d70000" />
        <service id="0x1f7d" sid="8061" name="RADIO ANDERNACH" type="2" provider="MBS" onid="301" tsid="541" namespace="0x00d70000" radio="1" />
      </transponder>
    </satellite>
    <satellite key="00d70000:1000:2000" name="Sat-21.5E" namespace="0x00d70000" position="21.5">
      <transponder key="00d70000:1000:2000" frequency="11689000" symbol_rate="1300000" polarization="V" fec="4" system="0" modulation="0">
        <service id="0x0001" sid="1" name="YEMEN TODAY TV" type="1" provider="Harmonic" onid="8192" tsid="4096" namespace="0x00d70000" />
      </transponder>
    </satellite>
    <satellite key="00d70000:21fc:013e" name="Sat-21.5E" namespace="0x00d70000" position="21.5">
      <transponder key="00d70000:21fc:013e" frequency="11520000" symbol_rate="2220000" polarization="H" fec="3" system="0" modulation="0">
        <service id="0x1ee3" sid="7907" name="IRAN PRESS" type="1" provider="IRAN PRESS" onid="318" tsid="8700" namespace="0x00d70000" />
      </transponder>
    </satellite>
    <satellite key="00d72b62:0001:0001" name="Sat-21.5E" namespace="0x00d72b62" position="21.5">
      <transponder key="00d72b62:0001:0001" frequency="11106000" symbol_rate="4540000" polarization="H" fec="2" system="0" modulation="0">
        <service id="0x002a" sid="42" name="canal 1" type="1" provider="INTRALOT" onid="1" tsid="1" namespace="0x00d72b62" />
        <service id="0x002c" sid="44" name="canal 2" type="1" provider="INTRALOT" onid="1" tsid="1" namespace="0x00d72b62" />
      </transponder>
    </satellite>
    <satellite key="00d72cc3:0001:ffff" name="Sat-21.5E" namespace="0x00d72cc3" position="21.5">
      <transponder key="00d72cc3:0001:ffff" frequency="11459000" symbol_rate="1250000" polarization="H" fec="3" system="0" modulation="0">
        <service id="0x0001" sid="1" name="Iman TV" type="1" provider="IDC" onid="65535" tsid="1" namespace="0x00d72cc3" />
      </transponder>
    </satellite>
    <satellite key="00d72ce6:0001:0001" name="Sat-21.5E" namespace="0x00d72ce6" position="21.5">
      <transponder key="00d72ce6:0001:0001" frequency="11494000" symbol_rate="1427000" polarization="H" fec="4" system="0" modulation="0">
        <service id="0x0001" sid="1" name="CCB" type="1" provider="none" onid="1" tsid="1" namespace="0x00d72ce6" />
      </transponder>
    </satellite>
    <satellite key="00d72d31:0016:0001" name="Sat-21.5E" namespace="0x00d72d31" position="21.5">
      <transponder key="00d72d31:0016:0001" frequency="11569000" symbol_rate="9500000" polarization="H" fec="3" system="0" modulation="0">
        <service id="0x0004" sid="4" name="Arryadia HD SAT Pr" type="1" provider="SNRT" onid="1" tsid="22" namespace="0x00d72d31" />
        <service id="0x0003" sid="3" name="Arryadia HD TNT Pr" type="1" provider="SNRT" onid="1" tsid="22" namespace="0x00d72d31" />
        <service id="0x0001" sid="1" name="Arryadia SD SAT Pr" type="1" provider="SNRT" onid="1" tsid="22" namespace="0x00d72d31" />
        <service id="0x0002" sid="2" name="Arryadia SD TNT Pr" type="1" provider="SNRT" onid="1" tsid="22" namespace="0x00d72d31" />
      </transponder>
    </satellite>
    <satellite key="00d72da2:0001:0001" name="Sat-21.5E" namespace="0x00d72da2" position="21.5">
      <transponder key="00d72da2:0001:0001" frequency="11682000" symbol_rate="3220000" polarization="H" fec="4" system="0" modulation="0">
        <service id="0x03e8" sid="1000" name="RUDAW TV" type="25" provider="RUDAW" onid="1" tsid="1" namespace="0x00d72da2" />
      </transponder>
    </satellite>
    <satellite key="00d7acd4:0001:ffff" name="Sat-21.5E" namespace="0x00d7acd4" position="21.5">
      <transponder key="00d7acd4:0001:ffff" frequency="11476000" symbol_rate="1480000" polarization="V" fec="4" system="0" modulation="0">
        <service id="0x0001" sid="1" name="AJYAL TV" type="1" provider="TandbergTV" onid="65535" tsid="1" namespace="0x00d7acd4" />
      </transponder>
    </satellite>
    <satellite key="00d7acf4:000c:ffff" name="Sat-21.5E" namespace="0x00d7acf4" position="21.5">
      <transponder key="00d7acf4:000c:ffff" frequency="11508000" symbol_rate="2963000" polarization="V" fec="3" system="0" modulation="0">
        <service id="0x0001" sid="1" name="Service1" type="1" provider="Service Provider" onid="65535" tsid="12" namespace="0x00d7acf4" />
      </transponder>
    </satellite>
    <satellite key="00d7ad3f:0001:0001" name="Sat-21.5E" namespace="0x00d7ad3f" position="21.5">
      <transponder key="00d7ad3f:0001:0001" frequency="11583000" symbol_rate="2850000" polarization="V" fec="5" system="0" modulation="0">
        <service id="0x0001" sid="1" name="MBC HOTBIRD" type="1" provider="MBC" onid="1" tsid="1" namespace="0x00d7ad3f" />
      </transponder>
    </satellite>
    <satellite key="00d7ad42:0001:ffff" name="Sat-21.5E" namespace="0x00d7ad42" position="21.5">
      <transponder key="00d7ad42:0001:ffff" frequency="11586000" symbol_rate="2500000" polarization="V" fec="3" system="0" modulation="0">
        <service id="0x0001" sid="1" name="Riyadh MCR" type="1" provider="Service Provider" onid="65535" tsid="1" namespace="0x00d7ad42" />
      </transponder>
    </satellite>
    <satellite key="00d7ad61:0000:0000" name="Sat-21.5E" namespace="0x00d7ad61" position="21.5">
      <transponder key="00d7ad61:0000:0000" frequency="11617000" symbol_rate="27500000" polarization="V" fec="3" system="0" modulation="0">
        <service id="0x0007" sid="7" name="Aflam HD" type="1" provider="SNRT" onid="0" tsid="0" namespace="0x00d7ad61" />
        <service id="0x000d" sid="13" name="Arryadia HD" type="1" provider="SNRT" onid="0" tsid="0" namespace="0x00d7ad61" />
        <service id="0x000a" sid="10" name="Assadissa HD" type="1" provider="SNRT" onid="0" tsid="0" namespace="0x00d7ad61" />
        <service id="0x0009" sid="9" name="Laayoune TV" type="1" provider="SNRT" onid="0" tsid="0" namespace="0x00d7ad61" />
        <service id="0x0008" sid="8" name="Tamazight" type="1" provider="SNRT" onid="0" tsid="0" namespace="0x00d7ad61" />
        <service id="0x0001" sid="1" name="TX SPORT 2" type="1" provider="Harmonic" onid="0" tsid="0" namespace="0x00d7ad61" />
      </transponder>
    </satellite>
    <satellite key="00d7ad61:0001:0001" name="Sat-21.5E" namespace="0x00d7ad61" position="21.5">
      <transponder key="00d7ad61:0001:0001" frequency="11617000" symbol_rate="27500000" polarization="V" fec="3" system="0" modulation="0">
        <service id="0x0002" sid="2" name="2M" type="1" provider="SNRT" onid="1" tsid="1" namespace="0x00d7ad61" />
        <service id="0x0001" sid="1" name="Al Aoula" type="1" provider="SNRT" onid="1" tsid="1" namespace="0x00d7ad61" />
        <service id="0x0005" sid="5" name="Al Maghribia" type="1" provider="SNRT" onid="1" tsid="1" namespace="0x00d7ad61" />
        <service id="0x0003" sid="3" name="Arryadia" type="1" provider="SNRT" onid="1" tsid="1" namespace="0x00d7ad61" />
        <service id="0x0006" sid="6" name="Assadissa" type="1" provider="SNRT" onid="1" tsid="1" namespace="0x00d7ad61" />
        <service id="0x0004" sid="4" name="Athaqafia" type="1" provider="SNRT" onid="1" tsid="1" namespace="0x00d7ad61" />
        <service id="0x000b" sid="11" name="Medi1 TV" type="1" provider="SNRT" onid="1" tsid="1" namespace="0x00d7ad61" />
      </transponder>
    </satellite>
    <satellite key="00d7ad61:0004:0000" name="Sat-21.5E" namespace="0x00d7ad61" position="21.5">
      <transponder key="00d7ad61:0004:0000" frequency="11617000" symbol_rate="27500000" polarization="V" fec="3" system="0" modulation="0">
        <service id="0x001f" sid="31" name="chaine amazigh" type="2" provider="SNRT" onid="0" tsid="4" namespace="0x00d7ad61" radio="1" />
        <service id="0x000f" sid="15" name="chaine Inter" type="2" provider="SNRT" onid="0" tsid="4" namespace="0x00d7ad61" radio="1" />
        <service id="0x001d" sid="29" name="chaine Med VI" type="2" provider="SNRT" onid="0" tsid="4" namespace="0x00d7ad61" radio="1" />
        <service id="0x000b" sid="11" name="chaine nationale" type="2" provider="SNRT" onid="0" tsid="4" namespace="0x00d7ad61" radio="1" />
        <service id="0x0001" sid="1" name="Info Trafic" type="2" provider="SNRT" onid="0" tsid="4" namespace="0x00d7ad61" radio="1" />
        <service id="0x0002" sid="2" name="Radio sud" type="2" provider="SNRT" onid="0" tsid="4" namespace="0x00d7ad61" radio="1" />
        <service id="0x0014" sid="20" name="Str Agadir" type="2" provider="SNRT" onid="0" tsid="4" namespace="0x00d7ad61" radio="1" />
        <service id="0x023c" sid="572" name="Str Alhouceima" type="2" provider="SNRT" onid="0" tsid="4" namespace="0x00d7ad61" radio="1" />
        <service id="0x0018" sid="24" name="Str Casa" type="2" provider="SNRT" onid="0" tsid="4" namespace="0x00d7ad61" radio="1" />
        <service id="0x005b" sid="91" name="Str Dakhla" type="2" provider="SNRT" onid="0" tsid="4" namespace="0x00d7ad61" radio="1" />
        <service id="0x001e" sid="30" name="Str Fes" type="2" provider="SNRT" onid="0" tsid="4" namespace="0x00d7ad61" radio="1" />
        <service id="0x005a" sid="90" name="Str Laayoune" type="2" provider="SNRT" onid="0" tsid="4" namespace="0x00d7ad61" radio="1" />
        <service id="0x001c" sid="28" name="Str Marrakech" type="2" provider="SNRT" onid="0" tsid="4" namespace="0x00d7ad61" radio="1" />
        <service id="0x0020" sid="32" name="Str Meknes" type="2" provider="SNRT" onid="0" tsid="4" namespace="0x00d7ad61" radio="1" />
        <service id="0x0017" sid="23" name="Str Oujda" type="2" provider="SNRT" onid="0" tsid="4" namespace="0x00d7ad61" radio="1" />
        <service id="0x000e" sid="14" name="Str tanger" type="2" provider="SNRT" onid="0" tsid="4" namespace="0x00d7ad61" radio="1" />
        <service id="0x002e" sid="46" name="Str tetouan" type="2" provider="SNRT" onid="0" tsid="4" namespace="0x00d7ad61" radio="1" />
      </transponder>
    </satellite>
    <satellite key="00d7ad8c:0000:0001" name="Sat-21.5E" namespace="0x00d7ad8c" position="21.5">
      <transponder key="00d7ad8c:0000:0001" frequency="11660000" symbol_rate="2000000" polarization="V" fec="4" system="0" modulation="0">
        <service id="0x0028" sid="40" name="DEFU: TV" type="1" provider="" onid="1" tsid="0" namespace="0x00d7ad8c" />
      </transponder>
    </satellite>
    <satellite key="00d7ad8f:0001:ffff" name="Sat-21.5E" namespace="0x00d7ad8f" position="21.5">
      <transponder key="00d7ad8f:0001:ffff" frequency="11663000" symbol_rate="2220000" polarization="V" fec="3" system="0" modulation="0">
        <service id="0x0001" sid="1" name="Service-1" type="1" provider="Service Provider" onid="65535" tsid="1" namespace="0x00d7ad8f" />
      </transponder>
    </satellite>
    <satellite key="00d7ad94:0001:ffff" name="Sat-21.5E" namespace="0x00d7ad94" position="21.5">
      <transponder key="00d7ad94:0001:ffff" frequency="11668000" symbol_rate="1667000" polarization="V" fec="6" system="0" modulation="0">
        <service id="0x0001" sid="1" name="Libya Sport 1 SD" type="1" provider="Service Provider" onid="65535" tsid="1" namespace="0x00d7ad94" />
      </transponder>
    </satellite>
    <satellite key="00d7ad96:0001:ffff" name="Sat-21.5E" namespace="0x00d7ad96" position="21.5">
      <transponder key="00d7ad96:0001:ffff" frequency="11670000" symbol_rate="2917000" polarization="V" fec="3" system="0" modulation="0">
        <service id="0x0001" sid="1" name="Libya Sport 2 HD" type="1" provider="TANDBERG Television" onid="65535" tsid="1" namespace="0x00d7ad96" />
      </transponder>
    </satellite>
    <satellite key="00d7ad9e:0001:0000" name="Sat-21.5E" namespace="0x00d7ad9e" position="21.5">
      <transponder key="00d7ad9e:0001:0000" frequency="11678000" symbol_rate="2850000" polarization="V" fec="5" system="0" modulation="0">
        <service id="0x0001" sid="1" name="Alarabiy Alhadath" type="1" provider="du" onid="0" tsid="1" namespace="0x00d7ad9e" />
      </transponder>
    </satellite>
    <satellite key="00d7ada1:0001:ffff" name="Sat-21.5E" namespace="0x00d7ada1" position="21.5">
      <transponder key="00d7ada1:0001:ffff" frequency="11681000" symbol_rate="1480000" polarization="V" fec="3" system="0" modulation="0">
        <service id="0x0001" sid="1" name="Al Taleaa TV" type="1" provider="" onid="65535" tsid="1" namespace="0x00d7ada1" />
      </transponder>
    </satellite>
    <satellite key="00d7ada3:0000:0000" name="Sat-21.5E" namespace="0x00d7ada3" position="21.5">
      <transponder key="00d7ada3:0000:0000" frequency="11683000" symbol_rate="1650000" polarization="V" fec="7" system="0" modulation="0">
        <service id="0x0001" sid="1" name="TV-001" type="1" provider="Encoder" onid="0" tsid="0" namespace="0x00d7ada3" />
      </transponder>
    </satellite>
    <satellite key="00d7ada5:0001:ffff" name="Sat-21.5E" namespace="0x00d7ada5" position="21.5">
      <transponder key="00d7ada5:0001:ffff" frequency="11685000" symbol_rate="1480000" polarization="V" fec="3" system="0" modulation="0">
        <service id="0x0001" sid="1" name="LuaLua" type="1" provider="LuaLua" onid="65535" tsid="1" namespace="0x00d7ada5" />
      </transponder>
    </satellite>
    <satellite key="00d7adac:0001:fffe" name="Sat-21.5E" namespace="0x00d7adac" position="21.5">
      <transponder key="00d7adac:0001:fffe" frequency="11692000" symbol_rate="1100000" polarization="V" fec="2" system="0" modulation="0">
        <service id="0x0002" sid="2" name="lad" type="1" provider="Al M" onid="65534" tsid="1" namespace="0x00d7adac" />
      </transponder>
    </satellite>
    <satellite key="00d82d39:0001:0001" name="Sat-21.5E" namespace="0x00d82d39" position="21.5">
      <transponder key="00d82d39:0001:0001" frequency="11577000" symbol_rate="512000" polarization="H" fec="2" system="0" modulation="0">
        <service id="0x03e8" sid="1000" name="Program 1000" type="2" provider="Qbit GmbH" onid="1" tsid="1" namespace="0x00d82d39" radio="1" />
        <service id="0x07d0" sid="2000" name="Program 2000" type="2" provider="Qbit GmbH" onid="1" tsid="1" namespace="0x00d82d39" radio="1" />
      </transponder>
    </satellite>
  </satellites>
</zapit>
