<?xml version='1.0' encoding='utf-8'?>
<zapit api="4">
  <terrestrials>
    <terrestrial key="eeee0000:0107:217c" name="Canale-Italia" namespace="0xeeee0000">
      <transponder key="eeee0000:0107:217c" frequency="506000000" symbol_rate="0" polarization="H" fec="5" system="0" modulation="4">
        <service id="0x0bba" sid="3002" name="Arte Italia 124" type="1" provider="Canale Italia" onid="8572" tsid="263" namespace="0xeeee0000" />
        <service id="0x0bbb" sid="3003" name="Arte Italia 125" type="1" provider="Canale Italia" onid="8572" tsid="263" namespace="0xeeee0000" />
        <service id="0x02fb" sid="763" name="Caccia e Pesca" type="1" provider="" onid="8572" tsid="263" namespace="0xeeee0000" />
        <service id="0x008d" sid="141" name="DAZN Channel - Premi Info" type="25" provider="" onid="8572" tsid="263" namespace="0xeeee0000" />
        <service id="0x0bb9" sid="3001" name="Italia 121" type="1" provider="Canale Italia" onid="8572" tsid="263" namespace="0xeeee0000" />
        <service id="0x0bbc" sid="3004" name="Italia 126" type="1" provider="Canale Italia" onid="8572" tsid="263" namespace="0xeeee0000" />
        <service id="0x0bbd" sid="3005" name="Italia 127" type="1" provider="Canale Italia" onid="8572" tsid="263" namespace="0xeeee0000" />
        <service id="0x0bbf" sid="3007" name="Italia 134" type="1" provider="Canale Italia" onid="8572" tsid="263" namespace="0xeeee0000" />
        <service id="0x0bbe" sid="3006" name="Italia 135" type="1" provider="Canale Italia" onid="8572" tsid="263" namespace="0xeeee0000" />
        <service id="0x0c1f" sid="3103" name="Italia 136" type="1" provider="Canale Italia" onid="8572" tsid="263" namespace="0xeeee0000" />
        <service id="0x0c22" sid="3106" name="Italia 143" type="1" provider="Canale Italia" onid="8572" tsid="263" namespace="0xeeee0000" />
        <service id="0x0c21" sid="3105" name="Italia 148" type="1" provider="Canale Italia" onid="8572" tsid="263" namespace="0xeeee0000" />
        <service id="0x0c20" sid="3104" name="Italia 154" type="1" provider="Canale Italia" onid="8572" tsid="263" namespace="0xeeee0000" />
        <service id="0x0c1e" sid="3102" name="Italia 156" type="1" provider="Canale Italia" onid="8572" tsid="263" namespace="0xeeee0000" />
        <service id="0x0c1d" sid="3101" name="Italia 161" type="1" provider="Canale Italia" onid="8572" tsid="263" namespace="0xeeee0000" />
        <service id="0x0c23" sid="3107" name="Italia 164" type="1" provider="Canale Italia" onid="8572" tsid="263" namespace="0xeeee0000" />
        <service id="0x02c7" sid="711" name="LA7" type="1" provider="" onid="8572" tsid="263" namespace="0xeeee0000" />
        <service id="0x02d1" sid="721" name="LA7" type="1" provider="" onid="8572" tsid="263" namespace="0xeeee0000" />
        <service id="0x02ef" sid="751" name="LA7 HD" type="25" provider="" onid="8572" tsid="263" namespace="0xeeee0000" />
        <service id="0x013e" sid="318" name="LA7 on demand" type="1" provider="" onid="8572" tsid="263" namespace="0xeeee0000" />
        <service id="0x02fa" sid="762" name="LA7 Servizi on demand" type="1" provider="" onid="8572" tsid="263" namespace="0xeeee0000" />
        <service id="0x013d" sid="317" name="LA7 Test" type="1" provider="" onid="8572" tsid="263" namespace="0xeeee0000" />
        <service id="0x02f9" sid="761" name="LA7 TEST" type="1" provider="" onid="8572" tsid="263" namespace="0xeeee0000" />
        <service id="0x02fc" sid="764" name="LA7 TEST" type="1" provider="" onid="8572" tsid="263" namespace="0xeeee0000" />
        <service id="0x02fd" sid="765" name="LA7 TEST" type="1" provider="" onid="8572" tsid="263" namespace="0xeeee0000" />
        <service id="0x02c8" sid="712" name="LA7d" type="1" provider="" onid="8572" tsid="263" namespace="0xeeee0000" />
        <service id="0x02d2" sid="722" name="LA7d" type="1" provider="" onid="8572" tsid="263" namespace="0xeeee0000" />
        <service id="0x02f0" sid="752" name="LA7d HD" type="25" provider="" onid="8572" tsid="263" namespace="0xeeee0000" />
      </transponder>
    </terrestrial>
    <terrestrial key="eeee0000:47d0:217c" name="Canale-Italia" namespace="0xeeee0000">
      <transponder key="eeee0000:47d0:217c" frequency="522000000" symbol_rate="0" polarization="H" fec="5" system="0" modulation="4">
        <service id="0x0001" sid="1" name="CANALE ITALIA 83" type="1" provider="Canale Italia" onid="8572" tsid="18384" namespace="0xeeee0000" />
        <service id="0x000a" sid="10" name="CANALE ITALIA 83" type="1" provider="Canale Italia" onid="8572" tsid="18384" namespace="0xeeee0000" />
        <service id="0x0002" sid="2" name="CANALE ITALIA 84" type="1" provider="Canale Italia" onid="8572" tsid="18384" namespace="0xeeee0000" />
        <service id="0x000b" sid="11" name="CANALE ITALIA 84" type="1" provider="Canale Italia" onid="8572" tsid="18384" namespace="0xeeee0000" />
        <service id="0x001c" sid="28" name="FRANCE 24" type="1" provider="Canale Italia" onid="8572" tsid="18384" namespace="0xeeee0000" />
        <service id="0x0006" sid="6" name="ITALIA 121" type="1" provider="Canale Italia" onid="8572" tsid="18384" namespace="0xeeee0000" />
        <service id="0x001f" sid="31" name="ITALIA 134" type="1" provider="Canale Italia" onid="8572" tsid="18384" namespace="0xeeee0000" />
        <service id="0x0007" sid="7" name="ITALIA 141" type="1" provider="Canale Italia" onid="8572" tsid="18384" namespace="0xeeee0000" />
        <service id="0x001b" sid="27" name="ITALIA 143" type="1" provider="Canale Italia" onid="8572" tsid="18384" namespace="0xeeee0000" />
        <service id="0x001d" sid="29" name="ITALIA 148" type="1" provider="Canale Italia" onid="8572" tsid="18384" namespace="0xeeee0000" />
        <service id="0x0005" sid="5" name="ITALIA 150" type="1" provider="Canale Italia" onid="8572" tsid="18384" namespace="0xeeee0000" />
        <service id="0x0003" sid="3" name="ITALIA 156" type="1" provider="Canale Italia" onid="8572" tsid="18384" namespace="0xeeee0000" />
        <service id="0x0008" sid="8" name="ITALIA 160" type="1" provider="Canale Italia" onid="8572" tsid="18384" namespace="0xeeee0000" />
        <service id="0x001e" sid="30" name="ITALIA 160" type="1" provider="Canale Italia" onid="8572" tsid="18384" namespace="0xeeee0000" />
        <service id="0x0004" sid="4" name="ITALIA 161" type="1" provider="Canale Italia" onid="8572" tsid="18384" namespace="0xeeee0000" />
        <service id="0x000d" sid="13" name="ITALIA 164" type="1" provider="Canale Italia" onid="8572" tsid="18384" namespace="0xeeee0000" />
        <service id="0x000c" sid="12" name="ITALIA 53" type="1" provider="Canale Italia" onid="8572" tsid="18384" namespace="0xeeee0000" />
        <service id="0x000e" sid="14" name="ITALIA 53" type="1" provider="Canale Italia" onid="8572" tsid="18384" namespace="0xeeee0000" />
        <service id="0x0009" sid="9" name="RADIO LIBERTA`" type="1" provider="Canale Italia" onid="8572" tsid="18384" namespace="0xeeee0000" />
        <service id="0x000f" sid="15" name="RADIO CANALE ITALIA" type="2" provider="Canale Italia" onid="8572" tsid="18384" namespace="0xeeee0000" radio="1" />
        <service id="0x0010" sid="16" name="VOLAMI NEL CUORE" type="2" provider="Canale Italia" onid="8572" tsid="18384" namespace="0xeeee0000" radio="1" />
      </transponder>
    </terrestrial>
  </terrestrials>
</zapit>
