<?xml version='1.0' encoding='utf-8'?>
<zapit>
  <bouquet name="General" category="tv">
    <channel service_ref="1:0:25:008f:6800:217c:eeee0000:0:0:0:" name="180TV" service_name="180TV" provider="Rai Way" sid="143" onid="8572" tsid="26624" />
    <channel service_ref="1:0:25:0032:6800:217c:eeee0000:0:0:0:" name="ANITA" service_name="ANITA" provider="Rai Way" sid="50" onid="8572" tsid="26624" />
    <channel service_ref="1:0:1:007e:6800:217c:eeee0000:0:0:0:" name="CANALE 21 EXTRA" service_name="CANALE 21 EXTRA" provider="Rai Way" sid="126" onid="8572" tsid="26624" />
    <channel service_ref="1:0:1:0033:6800:217c:eeee0000:0:0:0:" name="Canale 81 Lazio" service_name="Canale 81 Lazio" provider="Rai Way" sid="51" onid="8572" tsid="26624" />
    <channel service_ref="1:0:22:0034:6800:217c:eeee0000:0:0:0:" name="CITTACELESTE TV LA TV DEI LAZIALI" service_name="CITTACELESTE TV LA TV DEI LAZIALI" provider="Rai Way" sid="52" onid="8572" tsid="26624" />
    <channel service_ref="1:0:1:008e:6800:217c:eeee0000:0:0:0:" name="ERRETIESSE TV" service_name="ERRETIESSE TV" provider="Rai Way" sid="142" onid="8572" tsid="26624" />
    <channel service_ref="1:0:25:0039:6800:217c:eeee0000:0:0:0:" name="MADE IN CALABRIA" service_name="MADE IN CALABRIA" provider="Rai Way" sid="57" onid="8572" tsid="26624" />
    <channel service_ref="1:0:22:003b:6800:217c:eeee0000:0:0:0:" name="RADIO IMMAGINE TV" service_name="RADIO IMMAGINE TV" provider="Rai Way" sid="59" onid="8572" tsid="26624" />
    <channel service_ref="1:0:22:0037:6800:217c:eeee0000:0:0:0:" name="RADIO RADIO 2 TV" service_name="RADIO RADIO 2 TV" provider="Rai Way" sid="55" onid="8572" tsid="26624" />
    <channel service_ref="1:0:1:007f:6800:217c:eeee0000:0:0:0:" name="RETE ORO" service_name="RETE ORO" provider="Rai Way" sid="127" onid="8572" tsid="26624" />
    <channel service_ref="1:0:25:008d:6800:217c:eeee0000:0:0:0:" name="RETESOLE" service_name="RETESOLE" provider="Rai Way" sid="141" onid="8572" tsid="26624" />
    <channel service_ref="1:0:25:0036:6800:217c:eeee0000:0:0:0:" name="RTR 99 TV" service_name="RTR 99 TV" provider="Rai Way" sid="54" onid="8572" tsid="26624" />
    <channel service_ref="1:0:1:008b:6800:217c:eeee0000:0:0:0:" name="STUDIOPIU' On Air" service_name="STUDIOPIU' On Air" provider="Rai Way" sid="139" onid="8572" tsid="26624" />
    <channel service_ref="1:0:1:003a:6800:217c:eeee0000:0:0:0:" name="TELE IN INFORMAZIONE" service_name="TELE IN INFORMAZIONE" provider="Rai Way" sid="58" onid="8572" tsid="26624" />
    <channel service_ref="1:0:22:007c:6800:217c:eeee0000:0:0:0:" name="Teleambiente" service_name="Teleambiente" provider="Rai Way" sid="124" onid="8572" tsid="26624" />
    <channel service_ref="1:0:1:0038:6800:217c:eeee0000:0:0:0:" name="TELEROMADUE" service_name="TELEROMADUE" provider="Rai Way" sid="56" onid="8572" tsid="26624" />
    <channel service_ref="1:0:22:008c:6800:217c:eeee0000:0:0:0:" name="TRC" service_name="TRC" provider="Rai Way" sid="140" onid="8572" tsid="26624" />
    <channel service_ref="1:0:22:0035:6800:217c:eeee0000:0:0:0:" name="TV SL48" service_name="TV SL48" provider="Rai Way" sid="53" onid="8572" tsid="26624" />
    <channel service_ref="1:0:22:008a:6800:217c:eeee0000:0:0:0:" name="TV YES" service_name="TV YES" provider="Rai Way" sid="138" onid="8572" tsid="26624" />
  </bouquet>
  <bouquet name="ARD/ZDF" category="tv">
    <channel service_ref="1:0:25:0039:6800:217c:eeee0000:0:0:0:" name="MADE IN CALABRIA" service_name="MADE IN CALABRIA" provider="Rai Way" sid="57" onid="8572" tsid="26624" />
  </bouquet>
  <bouquet name="RAI" category="tv">
    <channel service_ref="1:0:25:008f:6800:217c:eeee0000:0:0:0:" name="180TV" service_name="180TV" provider="Rai Way" sid="143" onid="8572" tsid="26624" />
    <channel service_ref="1:0:25:008f:6800:217c:eeee0000:0:0:0:" name="180TV" service_name="180TV" provider="Rai Way" sid="143" onid="8572" tsid="26624" />
    <channel service_ref="1:0:25:0032:6800:217c:eeee0000:0:0:0:" name="ANITA" service_name="ANITA" provider="Rai Way" sid="50" onid="8572" tsid="26624" />
    <channel service_ref="1:0:25:0032:6800:217c:eeee0000:0:0:0:" name="ANITA" service_name="ANITA" provider="Rai Way" sid="50" onid="8572" tsid="26624" />
    <channel service_ref="1:0:1:007e:6800:217c:eeee0000:0:0:0:" name="CANALE 21 EXTRA" service_name="CANALE 21 EXTRA" provider="Rai Way" sid="126" onid="8572" tsid="26624" />
    <channel service_ref="1:0:1:007e:6800:217c:eeee0000:0:0:0:" name="CANALE 21 EXTRA" service_name="CANALE 21 EXTRA" provider="Rai Way" sid="126" onid="8572" tsid="26624" />
    <channel service_ref="1:0:1:0033:6800:217c:eeee0000:0:0:0:" name="Canale 81 Lazio" service_name="Canale 81 Lazio" provider="Rai Way" sid="51" onid="8572" tsid="26624" />
    <channel service_ref="1:0:1:0033:6800:217c:eeee0000:0:0:0:" name="Canale 81 Lazio" service_name="Canale 81 Lazio" provider="Rai Way" sid="51" onid="8572" tsid="26624" />
    <channel service_ref="1:0:22:0034:6800:217c:eeee0000:0:0:0:" name="CITTACELESTE TV LA TV DEI LAZIALI" service_name="CITTACELESTE TV LA TV DEI LAZIALI" provider="Rai Way" sid="52" onid="8572" tsid="26624" />
    <channel service_ref="1:0:22:0034:6800:217c:eeee0000:0:0:0:" name="CITTACELESTE TV LA TV DEI LAZIALI" service_name="CITTACELESTE TV LA TV DEI LAZIALI" provider="Rai Way" sid="52" onid="8572" tsid="26624" />
    <channel service_ref="1:0:1:008e:6800:217c:eeee0000:0:0:0:" name="ERRETIESSE TV" service_name="ERRETIESSE TV" provider="Rai Way" sid="142" onid="8572" tsid="26624" />
    <channel service_ref="1:0:1:008e:6800:217c:eeee0000:0:0:0:" name="ERRETIESSE TV" service_name="ERRETIESSE TV" provider="Rai Way" sid="142" onid="8572" tsid="26624" />
    <channel service_ref="1:0:25:0039:6800:217c:eeee0000:0:0:0:" name="MADE IN CALABRIA" service_name="MADE IN CALABRIA" provider="Rai Way" sid="57" onid="8572" tsid="26624" />
    <channel service_ref="1:0:22:003b:6800:217c:eeee0000:0:0:0:" name="RADIO IMMAGINE TV" service_name="RADIO IMMAGINE TV" provider="Rai Way" sid="59" onid="8572" tsid="26624" />
    <channel service_ref="1:0:22:003b:6800:217c:eeee0000:0:0:0:" name="RADIO IMMAGINE TV" service_name="RADIO IMMAGINE TV" provider="Rai Way" sid="59" onid="8572" tsid="26624" />
    <channel service_ref="1:0:22:0037:6800:217c:eeee0000:0:0:0:" name="RADIO RADIO 2 TV" service_name="RADIO RADIO 2 TV" provider="Rai Way" sid="55" onid="8572" tsid="26624" />
    <channel service_ref="1:0:22:0037:6800:217c:eeee0000:0:0:0:" name="RADIO RADIO 2 TV" service_name="RADIO RADIO 2 TV" provider="Rai Way" sid="55" onid="8572" tsid="26624" />
    <channel service_ref="1:0:1:007f:6800:217c:eeee0000:0:0:0:" name="RETE ORO" service_name="RETE ORO" provider="Rai Way" sid="127" onid="8572" tsid="26624" />
    <channel service_ref="1:0:1:007f:6800:217c:eeee0000:0:0:0:" name="RETE ORO" service_name="RETE ORO" provider="Rai Way" sid="127" onid="8572" tsid="26624" />
    <channel service_ref="1:0:25:008d:6800:217c:eeee0000:0:0:0:" name="RETESOLE" service_name="RETESOLE" provider="Rai Way" sid="141" onid="8572" tsid="26624" />
    <channel service_ref="1:0:25:008d:6800:217c:eeee0000:0:0:0:" name="RETESOLE" service_name="RETESOLE" provider="Rai Way" sid="141" onid="8572" tsid="26624" />
    <channel service_ref="1:0:25:0036:6800:217c:eeee0000:0:0:0:" name="RTR 99 TV" service_name="RTR 99 TV" provider="Rai Way" sid="54" onid="8572" tsid="26624" />
    <channel service_ref="1:0:25:0036:6800:217c:eeee0000:0:0:0:" name="RTR 99 TV" service_name="RTR 99 TV" provider="Rai Way" sid="54" onid="8572" tsid="26624" />
    <channel service_ref="1:0:1:008b:6800:217c:eeee0000:0:0:0:" name="STUDIOPIU' On Air" service_name="STUDIOPIU' On Air" provider="Rai Way" sid="139" onid="8572" tsid="26624" />
    <channel service_ref="1:0:1:008b:6800:217c:eeee0000:0:0:0:" name="STUDIOPIU' On Air" service_name="STUDIOPIU' On Air" provider="Rai Way" sid="139" onid="8572" tsid="26624" />
    <channel service_ref="1:0:1:003a:6800:217c:eeee0000:0:0:0:" name="TELE IN INFORMAZIONE" service_name="TELE IN INFORMAZIONE" provider="Rai Way" sid="58" onid="8572" tsid="26624" />
    <channel service_ref="1:0:1:003a:6800:217c:eeee0000:0:0:0:" name="TELE IN INFORMAZIONE" service_name="TELE IN INFORMAZIONE" provider="Rai Way" sid="58" onid="8572" tsid="26624" />
    <channel service_ref="1:0:22:007c:6800:217c:eeee0000:0:0:0:" name="Teleambiente" service_name="Teleambiente" provider="Rai Way" sid="124" onid="8572" tsid="26624" />
    <channel service_ref="1:0:22:007c:6800:217c:eeee0000:0:0:0:" name="Teleambiente" service_name="Teleambiente" provider="Rai Way" sid="124" onid="8572" tsid="26624" />
    <channel service_ref="1:0:1:0038:6800:217c:eeee0000:0:0:0:" name="TELEROMADUE" service_name="TELEROMADUE" provider="Rai Way" sid="56" onid="8572" tsid="26624" />
    <channel service_ref="1:0:1:0038:6800:217c:eeee0000:0:0:0:" name="TELEROMADUE" service_name="TELEROMADUE" provider="Rai Way" sid="56" onid="8572" tsid="26624" />
    <channel service_ref="1:0:22:008c:6800:217c:eeee0000:0:0:0:" name="TRC" service_name="TRC" provider="Rai Way" sid="140" onid="8572" tsid="26624" />
    <channel service_ref="1:0:22:008c:6800:217c:eeee0000:0:0:0:" name="TRC" service_name="TRC" provider="Rai Way" sid="140" onid="8572" tsid="26624" />
    <channel service_ref="1:0:22:0035:6800:217c:eeee0000:0:0:0:" name="TV SL48" service_name="TV SL48" provider="Rai Way" sid="53" onid="8572" tsid="26624" />
    <channel service_ref="1:0:22:0035:6800:217c:eeee0000:0:0:0:" name="TV SL48" service_name="TV SL48" provider="Rai Way" sid="53" onid="8572" tsid="26624" />
    <channel service_ref="1:0:22:008a:6800:217c:eeee0000:0:0:0:" name="TV YES" service_name="TV YES" provider="Rai Way" sid="138" onid="8572" tsid="26624" />
    <channel service_ref="1:0:22:008a:6800:217c:eeee0000:0:0:0:" name="TV YES" service_name="TV YES" provider="Rai Way" sid="138" onid="8572" tsid="26624" />
  </bouquet>
  <bouquet name="Digitale Terrestre                 by Mauriemma" category="tv">
    <channel service_ref="1:0:16:7c:6800:217c:eeee0000:0:0:0:" name="Teleambiente" service_name="Teleambiente" provider="Rai Way" sid="124" onid="8572" tsid="26624" />
    <channel service_ref="1:0:1:7e:6800:217c:eeee0000:0:0:0:" name="CANALE 21 EXTRA" service_name="CANALE 21 EXTRA" provider="Rai Way" sid="126" onid="8572" tsid="26624" />
    <channel service_ref="1:0:1:7f:6800:217c:eeee0000:0:0:0:" name="RETE ORO" service_name="RETE ORO" provider="Rai Way" sid="127" onid="8572" tsid="26624" />
    <channel service_ref="1:0:16:8a:6800:217c:eeee0000:0:0:0:" name="TV YES" service_name="TV YES" provider="Rai Way" sid="138" onid="8572" tsid="26624" />
    <channel service_ref="1:0:1:8b:6800:217c:eeee0000:0:0:0:" name="STUDIOPIU' On Air" service_name="STUDIOPIU' On Air" provider="Rai Way" sid="139" onid="8572" tsid="26624" />
    <channel service_ref="1:0:16:8c:6800:217c:eeee0000:0:0:0:" name="TRC" service_name="TRC" provider="Rai Way" sid="140" onid="8572" tsid="26624" />
    <channel service_ref="1:0:19:8d:6800:217c:eeee0000:0:0:0:" name="RETESOLE" service_name="RETESOLE" provider="Rai Way" sid="141" onid="8572" tsid="26624" />
    <channel service_ref="1:0:1:8e:6800:217c:eeee0000:0:0:0:" name="ERRETIESSE TV" service_name="ERRETIESSE TV" provider="Rai Way" sid="142" onid="8572" tsid="26624" />
    <channel service_ref="1:0:19:8f:6800:217c:eeee0000:0:0:0:" name="180TV" service_name="180TV" provider="Rai Way" sid="143" onid="8572" tsid="26624" />
  </bouquet>
</zapit>
