<?xml version='1.0' encoding='utf-8'?>
<zapit api="4">
  <satellites>
    <satellite key="00310000:0002:0055" name="Sat-4.9E" namespace="0x00310000" position="4.9">
      <transponder key="00310000:0002:0055" frequency="12379000" symbol_rate="27500000" polarization="H" fec="3" system="0" modulation="0">
        <service id="0x00d2" sid="210" name="ATG EU BSS" type="1" provider="NSAB" onid="85" tsid="2" namespace="0x00310000" />
        <service id="0x007a" sid="122" name="DW Deutsch" type="1" provider="" onid="85" tsid="2" namespace="0x00310000" />
        <service id="0x0044" sid="68" name="K75 International" type="1" provider="NSAB" onid="85" tsid="2" namespace="0x00310000" />
        <service id="0x00f0" sid="240" name="LTV World" type="1" provider="" onid="85" tsid="2" namespace="0x00310000" />
        <service id="0x00fa" sid="250" name="SBN Global" type="1" provider="" onid="85" tsid="2" namespace="0x00310000" />
        <service id="0x00c8" sid="200" name="TVGE INTERNATIONAL" type="1" provider="" onid="85" tsid="2" namespace="0x00310000" />
        <service id="0x00e6" sid="230" name="European Radio for Belarus" type="2" provider="" onid="85" tsid="2" namespace="0x00310000" radio="1" />
        <service id="0x00ea" sid="234" name="Radio Marija Latvia" type="2" provider="" onid="85" tsid="2" namespace="0x00310000" radio="1" />
      </transponder>
    </satellite>
    <satellite key="00310000:0003:0056" name="Sat-4.9E" namespace="0x00310000" position="4.9">
      <transponder key="00310000:0003:0056" frequency="12054000" symbol_rate="27500000" polarization="V" fec="3" system="0" modulation="0">
        <service id="0x046a" sid="1130" name="Disney Junior" type="1" provider="" onid="86" tsid="3" namespace="0x00310000" />
        <service id="0x01c8" sid="456" name="Ohota i Rybalka" type="1" provider="Viasat" onid="86" tsid="3" namespace="0x00310000" />
      </transponder>
    </satellite>
    <satellite key="00310000:0006:0056" name="Sat-4.9E" namespace="0x00310000" position="4.9">
      <transponder key="00310000:0006:0056" frequency="11996000" symbol_rate="27500000" polarization="H" fec="3" system="0" modulation="0">
        <service id="0x0fdc" sid="4060" name="GOD Channel" type="1" provider="" onid="86" tsid="6" namespace="0x00310000" />
        <service id="0x0fd2" sid="4050" name="Kanal 10" type="1" provider="" onid="86" tsid="6" namespace="0x00310000" />
        <service id="0x0fb4" sid="4020" name="Nick JR" type="1" provider="" onid="86" tsid="6" namespace="0x00310000" />
        <service id="0x0fbe" sid="4030" name="RTR Planeta" type="1" provider="" onid="86" tsid="6" namespace="0x00310000" />
        <service id="0x0ff0" sid="4080" name="Russia Today" type="1" provider="" onid="86" tsid="6" namespace="0x00310000" />
        <service id="0x0fa0" sid="4000" name="TVN Chile Nordic" type="1" provider="NSAB" onid="86" tsid="6" namespace="0x00310000" />
        <service id="0x0fbc" sid="4028" name="VH1" type="1" provider="" onid="86" tsid="6" namespace="0x00310000" />
        <service id="0x0ffa" sid="4090" name="Vision Sverige" type="1" provider="" onid="86" tsid="6" namespace="0x00310000" />
        <service id="0x0faa" sid="4010" name="Visjon Norge" type="1" provider="" onid="86" tsid="6" namespace="0x00310000" />
        <service id="0x0fb9" sid="4025" name="TT" type="2" provider="" onid="86" tsid="6" namespace="0x00310000" radio="1" />
      </transponder>
    </satellite>
    <satellite key="00310000:0007:0056" name="Sat-4.9E" namespace="0x00310000" position="4.9">
      <transponder key="00310000:0007:0056" frequency="11881000" symbol_rate="28000000" polarization="H" fec="3" system="0" modulation="0">
        <service id="0x056c" sid="1388" name="Cmore Fotboll HD" type="25" provider="" onid="86" tsid="7" namespace="0x00310000" />
        <service id="0x023a" sid="570" name="Comedy Central (D)" type="22" provider="" onid="86" tsid="7" namespace="0x00310000" />
        <service id="0x13c4" sid="5060" name="DR K" type="22" provider="" onid="86" tsid="7" namespace="0x00310000" />
        <service id="0x13c9" sid="5065" name="DR Ramasjang" type="22" provider="" onid="86" tsid="7" namespace="0x00310000" />
        <service id="0x13bf" sid="5055" name="DR Ultra" type="22" provider="" onid="86" tsid="7" namespace="0x00310000" />
        <service id="0x13ba" sid="5050" name="DR2" type="22" provider="" onid="86" tsid="7" namespace="0x00310000" />
        <service id="0x138d" sid="5005" name="Kanal 11 (S)" type="22" provider="" onid="86" tsid="7" namespace="0x00310000" />
        <service id="0x13dd" sid="5085" name="Kanal 9 (S)" type="22" provider="" onid="86" tsid="7" namespace="0x00310000" />
        <service id="0x13e2" sid="5090" name="Sjuan HD" type="25" provider="" onid="86" tsid="7" namespace="0x00310000" />
        <service id="0x13b0" sid="5040" name="TV 2 Øst" type="22" provider="" onid="86" tsid="7" namespace="0x00310000" />
        <service id="0x13b5" sid="5045" name="TV2 Bornholm" type="22" provider="" onid="86" tsid="7" namespace="0x00310000" />
        <service id="0x13ab" sid="5035" name="TV2 Fyn" type="22" provider="" onid="86" tsid="7" namespace="0x00310000" />
        <service id="0x139c" sid="5020" name="TV2 Midt-Vest" type="22" provider="" onid="86" tsid="7" namespace="0x00310000" />
        <service id="0x023f" sid="575" name="TV2 Nord" type="22" provider="" onid="86" tsid="7" namespace="0x00310000" />
        <service id="0x13a6" sid="5030" name="TV2 Syd" type="22" provider="" onid="86" tsid="7" namespace="0x00310000" />
        <service id="0x13a1" sid="5025" name="TV2 Østjylland" type="22" provider="" onid="86" tsid="7" namespace="0x00310000" />
        <service id="0x13ce" sid="5070" name="TV4 Fakta" type="22" provider="" onid="86" tsid="7" namespace="0x00310000" />
        <service id="0x13d3" sid="5075" name="TV4 Film" type="22" provider="" onid="86" tsid="7" namespace="0x00310000" />
        <service id="0x13d8" sid="5080" name="TV4 Guld" type="22" provider="" onid="86" tsid="7" namespace="0x00310000" />
        <service id="0x13e7" sid="5095" name="TV4 HD" type="25" provider="" onid="86" tsid="7" namespace="0x00310000" />
      </transponder>
    </satellite>
    <satellite key="00310000:000c:0055" name="Sat-4.9E" namespace="0x00310000" position="4.9">
      <transponder key="00310000:000c:0055" frequency="11766000" symbol_rate="27500000" polarization="H" fec="3" system="0" modulation="0">
        <service id="0x17d4" sid="6100" name="1+1" type="1" provider="1plus1 Media" onid="85" tsid="12" namespace="0x00310000" />
        <service id="0x17ed" sid="6125" name="1+1 International" type="22" provider="1plus1 Media" onid="85" tsid="12" namespace="0x00310000" />
        <service id="0x17e8" sid="6120" name="2+2" type="1" provider="1plus1 Media" onid="85" tsid="12" namespace="0x00310000" />
        <service id="0x02cd" sid="717" name="AVERS" type="22" provider="1plus1 Media" onid="85" tsid="12" namespace="0x00310000" />
        <service id="0x02c5" sid="709" name="Bigudi" type="1" provider="1plus1 Media" onid="85" tsid="12" namespace="0x00310000" />
        <service id="0x02d0" sid="720" name="Kvartal TV" type="22" provider="1plus1 Media" onid="85" tsid="12" namespace="0x00310000" />
        <service id="0x181f" sid="6175" name="Music Box" type="1" provider="1plus1 Media" onid="85" tsid="12" namespace="0x00310000" />
        <service id="0x182e" sid="6190" name="O-TV" type="1" provider="1plus1 Media" onid="85" tsid="12" namespace="0x00310000" />
        <service id="0x17f2" sid="6130" name="Paramount Comedy" type="22" provider="1plus1 Media" onid="85" tsid="12" namespace="0x00310000" />
        <service id="0x182d" sid="6189" name="Paramount Comedy" type="22" provider="1plus1 Media" onid="85" tsid="12" namespace="0x00310000" />
        <service id="0x17fc" sid="6140" name="Plus Plus" type="1" provider="1plus1 Media" onid="85" tsid="12" namespace="0x00310000" />
        <service id="0x182c" sid="6188" name="Plus Plus" type="1" provider="1plus1 Media" onid="85" tsid="12" namespace="0x00310000" />
        <service id="0x070e" sid="1806" name="Spike" type="22" provider="1plus1 Media" onid="85" tsid="12" namespace="0x00310000" />
        <service id="0x17de" sid="6110" name="TET" type="1" provider="1plus1 Media" onid="85" tsid="12" namespace="0x00310000" />
        <service id="0x02c8" sid="712" name="Unian TV" type="1" provider="1plus1 Media" onid="85" tsid="12" namespace="0x00310000" />
      </transponder>
    </satellite>
    <satellite key="00310000:000d:0055" name="Sat-4.9E" namespace="0x00310000" position="4.9">
      <transponder key="00310000:000d:0055" frequency="11842000" symbol_rate="27500000" polarization="H" fec="3" system="0" modulation="0">
        <service id="0x183f" sid="6207" name="Core SI" type="1" provider="" onid="85" tsid="13" namespace="0x00310000" />
        <service id="0x02f8" sid="760" name="Tallinna TV" type="22" provider="" onid="85" tsid="13" namespace="0x00310000" />
      </transponder>
    </satellite>
    <satellite key="00310000:000f:0055" name="Sat-4.9E" namespace="0x00310000" position="4.9">
      <transponder key="00310000:000f:0055" frequency="12072000" symbol_rate="27500000" polarization="H" fec="3" system="0" modulation="0">
        <service id="0x19b4" sid="6580" name="ENGLISH CLUB TV" type="1" provider="ENGLISH CLUB" onid="85" tsid="15" namespace="0x00310000" />
        <service id="0x07ba" sid="1978" name="Espreso TV" type="1" provider="" onid="85" tsid="15" namespace="0x00310000" />
        <service id="0x07be" sid="1982" name="GLAS" type="1" provider="Glas" onid="85" tsid="15" namespace="0x00310000" />
        <service id="0x07cc" sid="1996" name="hromadske" type="1" provider="Hromadske TV" onid="85" tsid="15" namespace="0x00310000" />
        <service id="0x07c7" sid="1991" name="KARAVAN" type="1" provider="" onid="85" tsid="15" namespace="0x00310000" />
        <service id="0x19a5" sid="6565" name="Mist TV test" type="1" provider="" onid="85" tsid="15" namespace="0x00310000" />
        <service id="0x19be" sid="6590" name="NATALI" type="1" provider="" onid="85" tsid="15" namespace="0x00310000" />
        <service id="0x196e" sid="6510" name="NEWS ONE" type="1" provider="" onid="85" tsid="15" namespace="0x00310000" />
        <service id="0x19aa" sid="6570" name="RADA" type="1" provider="DTRP Verkhovna Rada" onid="85" tsid="15" namespace="0x00310000" />
        <service id="0x19af" sid="6575" name="UKRAINA-SD" type="1" provider="TRK Ukraina" onid="85" tsid="15" namespace="0x00310000" />
        <service id="0x19a0" sid="6560" name="ZIK" type="1" provider="" onid="85" tsid="15" namespace="0x00310000" />
        <service id="0x07ac" sid="1964" name="Emmanuel" type="2" provider="Svitle Radio" onid="85" tsid="15" namespace="0x00310000" radio="1" />
        <service id="0x196c" sid="6508" name="Hromadske Radio" type="2" provider="" onid="85" tsid="15" namespace="0x00310000" radio="1" />
        <service id="0x07af" sid="1967" name="RADIO ERA" type="2" provider="TRK ERA" onid="85" tsid="15" namespace="0x00310000" radio="1" />
      </transponder>
    </satellite>
    <satellite key="00310000:0010:0055" name="Sat-4.9E" namespace="0x00310000" position="4.9">
      <transponder key="00310000:0010:0055" frequency="12130000" symbol_rate="27500000" polarization="V" fec="3" system="0" modulation="0">
        <service id="0x1a0e" sid="6670" name="34" type="22" provider="TRK Ukraine" onid="85" tsid="16" namespace="0x00310000" />
        <service id="0x19fa" sid="6650" name="Donbass" type="22" provider="TRK Ukraine" onid="85" tsid="16" namespace="0x00310000" />
        <service id="0x19dc" sid="6620" name="FOOTBALL 1 HD" type="25" provider="XTRA TV" onid="85" tsid="16" namespace="0x00310000" />
        <service id="0x1a04" sid="6660" name="FOOTBALL 2" type="1" provider="TRK Ukraine" onid="85" tsid="16" namespace="0x00310000" />
        <service id="0x19f0" sid="6640" name="FOOTBALL 2 HD" type="25" provider="XTRA TV" onid="85" tsid="16" namespace="0x00310000" />
        <service id="0x19e6" sid="6630" name="FOOTBALL1" type="1" provider="TRK Ukraine" onid="85" tsid="16" namespace="0x00310000" />
        <service id="0x1a22" sid="6690" name="Indigo" type="1" provider="TRK Ukraine" onid="85" tsid="16" namespace="0x00310000" />
        <service id="0x1a18" sid="6680" name="NLO TV" type="1" provider="TRK Ukraine" onid="85" tsid="16" namespace="0x00310000" />
        <service id="0x19d2" sid="6610" name="UKRAINA-SD" type="1" provider="TRK Ukraina" onid="85" tsid="16" namespace="0x00310000" />
      </transponder>
    </satellite>
    <satellite key="00310000:0011:0055" name="Sat-4.9E" namespace="0x00310000" position="4.9">
      <transponder key="00310000:0011:0055" frequency="12284000" symbol_rate="27500000" polarization="V" fec="3" system="0" modulation="0">
        <service id="0x1b26" sid="6950" name="ATR" type="1" provider="ATR" onid="85" tsid="17" namespace="0x00310000" />
        <service id="0x1b12" sid="6930" name="Channel 5 (Ukraine)" type="1" provider="Channel 5 (Ukraine)" onid="85" tsid="17" namespace="0x00310000" />
        <service id="0x1b1c" sid="6940" name="KRT" type="1" provider="TRK Astra" onid="85" tsid="17" namespace="0x00310000" />
        <service id="0x1b3a" sid="6970" name="LALE" type="1" provider="" onid="85" tsid="17" namespace="0x00310000" />
        <service id="0x1b44" sid="6980" name="MAXXI TV" type="1" provider="MAXXI TV" onid="85" tsid="17" namespace="0x00310000" />
        <service id="0x1b03" sid="6915" name="NADIYA" type="22" provider="" onid="85" tsid="17" namespace="0x00310000" />
        <service id="0x1afe" sid="6910" name="NewsNetwork Ukraine" type="1" provider="" onid="85" tsid="17" namespace="0x00310000" />
        <service id="0x1b08" sid="6920" name="SONCE (UA)" type="1" provider="SOLAR MEDIA" onid="85" tsid="17" namespace="0x00310000" />
        <service id="0x1b21" sid="6945" name="VINTAGE TV Test" type="1" provider="" onid="85" tsid="17" namespace="0x00310000" />
        <service id="0x1af4" sid="6900" name="ARMY FM" type="2" provider="" onid="85" tsid="17" namespace="0x00310000" radio="1" />
        <service id="0x1af6" sid="6902" name="Meydan FM TEST" type="2" provider="" onid="85" tsid="17" namespace="0x00310000" radio="1" />
      </transponder>
    </satellite>
    <satellite key="00310000:0013:0055" name="Sat-4.9E" namespace="0x00310000" position="4.9">
      <transponder key="00310000:0013:0055" frequency="12398000" symbol_rate="27500000" polarization="V" fec="3" system="0" modulation="0">
        <service id="0x1c93" sid="7315" name="Black Sea TV" type="1" provider="" onid="85" tsid="19" namespace="0x00310000" />
        <service id="0x1cca" sid="7370" name="Enter Film" type="1" provider="" onid="85" tsid="19" namespace="0x00310000" />
        <service id="0x1ca2" sid="7330" name="Horizont TEST" type="1" provider="" onid="85" tsid="19" namespace="0x00310000" />
        <service id="0x1c8e" sid="7310" name="Inter" type="1" provider="" onid="85" tsid="19" namespace="0x00310000" />
        <service id="0x1cde" sid="7390" name="INTER +" type="22" provider="INTER +" onid="85" tsid="19" namespace="0x00310000" />
        <service id="0x1cb6" sid="7350" name="K1" type="1" provider="" onid="85" tsid="19" namespace="0x00310000" />
        <service id="0x1cbb" sid="7355" name="K2" type="1" provider="" onid="85" tsid="19" namespace="0x00310000" />
        <service id="0x1cac" sid="7340" name="MEGA" type="1" provider="" onid="85" tsid="19" namespace="0x00310000" />
        <service id="0x1c98" sid="7320" name="NTN" type="1" provider="" onid="85" tsid="19" namespace="0x00310000" />
        <service id="0x1cc5" sid="7365" name="PIXEL" type="1" provider="" onid="85" tsid="19" namespace="0x00310000" />
        <service id="0x1cc0" sid="7360" name="ZOOM" type="1" provider="" onid="85" tsid="19" namespace="0x00310000" />
      </transponder>
    </satellite>
    <satellite key="00310000:0018:0056" name="Sat-4.9E" namespace="0x00310000" position="4.9">
      <transponder key="00310000:0018:0056" frequency="11919000" symbol_rate="28000000" polarization="H" fec="3" system="0" modulation="0">
        <service id="0x113c" sid="4412" name="Kunskapskanalen" type="22" provider="" onid="86" tsid="24" namespace="0x00310000" />
        <service id="0x047f" sid="1151" name="SVT1 Dalarna" type="22" provider="" onid="86" tsid="24" namespace="0x00310000" />
        <service id="0x114b" sid="4427" name="SVT1 Norrbotten" type="22" provider="" onid="86" tsid="24" namespace="0x00310000" />
        <service id="0x047c" sid="1148" name="SVT1 SD" type="22" provider="" onid="86" tsid="24" namespace="0x00310000" />
        <service id="0x01eb" sid="491" name="SVT1 Skåne" type="22" provider="" onid="86" tsid="24" namespace="0x00310000" />
        <service id="0x048e" sid="1166" name="SVT1 Småland" type="22" provider="" onid="86" tsid="24" namespace="0x00310000" />
        <service id="0x01e2" sid="482" name="SVT1 Värmland" type="22" provider="" onid="86" tsid="24" namespace="0x00310000" />
        <service id="0x048b" sid="1163" name="SVT1 Väst" type="22" provider="" onid="86" tsid="24" namespace="0x00310000" />
        <service id="0x114e" sid="4430" name="SVT1 Västerbotten" type="22" provider="" onid="86" tsid="24" namespace="0x00310000" />
        <service id="0x01e5" sid="485" name="SVT1 Västernorrland" type="22" provider="" onid="86" tsid="24" namespace="0x00310000" />
        <service id="0x115a" sid="4442" name="SVT1 Örebro" type="22" provider="" onid="86" tsid="24" namespace="0x00310000" />
        <service id="0x01e8" sid="488" name="SVT1 Öst" type="22" provider="" onid="86" tsid="24" namespace="0x00310000" />
        <service id="0x01f1" sid="497" name="SVT2 Dalarna" type="22" provider="" onid="86" tsid="24" namespace="0x00310000" />
        <service id="0x116f" sid="4463" name="SVT2 Norrbotten" type="22" provider="" onid="86" tsid="24" namespace="0x00310000" />
        <service id="0x116c" sid="4460" name="SVT2 SD" type="22" provider="" onid="86" tsid="24" namespace="0x00310000" />
        <service id="0x118d" sid="4493" name="SVT2 Skåne" type="22" provider="" onid="86" tsid="24" namespace="0x00310000" />
        <service id="0x118a" sid="4490" name="SVT2 Småland" type="22" provider="" onid="86" tsid="24" namespace="0x00310000" />
        <service id="0x049a" sid="1178" name="SVT2 Värmland" type="22" provider="" onid="86" tsid="24" namespace="0x00310000" />
        <service id="0x04a3" sid="1187" name="SVT2 Väst" type="22" provider="" onid="86" tsid="24" namespace="0x00310000" />
        <service id="0x01ee" sid="494" name="SVT2 Västerbotten" type="22" provider="" onid="86" tsid="24" namespace="0x00310000" />
        <service id="0x117b" sid="4475" name="SVT2 Västernorrland" type="22" provider="" onid="86" tsid="24" namespace="0x00310000" />
        <service id="0x117e" sid="4478" name="SVT2 Örebro" type="22" provider="" onid="86" tsid="24" namespace="0x00310000" />
        <service id="0x04a0" sid="1184" name="SVT2 Öst" type="22" provider="" onid="86" tsid="24" namespace="0x00310000" />
        <service id="0x01dc" sid="476" name="SVT24" type="22" provider="" onid="86" tsid="24" namespace="0x00310000" />
        <service id="0x113f" sid="4415" name="SVTB" type="22" provider="" onid="86" tsid="24" namespace="0x00310000" />
        <service id="0x01d6" sid="470" name="TV10" type="22" provider="" onid="86" tsid="24" namespace="0x00310000" />
        <service id="0x046a" sid="1130" name="TV10 HD" type="25" provider="" onid="86" tsid="24" namespace="0x00310000" />
        <service id="0x046d" sid="1133" name="TV3 Puls HD" type="25" provider="" onid="86" tsid="24" namespace="0x00310000" />
        <service id="0x01d9" sid="473" name="TV8" type="22" provider="" onid="86" tsid="24" namespace="0x00310000" />
        <service id="0x01df" sid="479" name="TV8 HD" type="25" provider="" onid="86" tsid="24" namespace="0x00310000" />
      </transponder>
    </satellite>
    <satellite key="00310000:0018:0044" name="Sat-4.9E" namespace="0x00310000" position="4.9">
      <transponder key="00310000:0018:0044" frequency="12206000" symbol_rate="30000000" polarization="V" fec="3" system="0" modulation="0">
        <service id="0x0a5a" sid="2650" name="Nickelodeon HD" type="25" provider="" onid="68" tsid="24" namespace="0x00310000" />
        <service id="0x0a6e" sid="2670" name="UA: Перший" type="1" provider="VIASAT" onid="68" tsid="24" namespace="0x00310000" />
      </transponder>
    </satellite>
    <satellite key="00310000:0019:0056" name="Sat-4.9E" namespace="0x00310000" position="4.9">
      <transponder key="00310000:0019:0056" frequency="11345000" symbol_rate="30000000" polarization="V" fec="3" system="0" modulation="0">
        <service id="0x06ea" sid="1770" name="Cmore Hockey HD" type="25" provider="" onid="86" tsid="25" namespace="0x00310000" />
        <service id="0x06ae" sid="1710" name="Discovery Channel SE" type="22" provider="" onid="86" tsid="25" namespace="0x00310000" />
        <service id="0x06cc" sid="1740" name="DR3" type="25" provider="" onid="86" tsid="25" namespace="0x00310000" />
        <service id="0x06e0" sid="1760" name="FEM" type="22" provider="" onid="86" tsid="25" namespace="0x00310000" />
        <service id="0x06c2" sid="1730" name="TV2 HD Lorry" type="25" provider="" onid="86" tsid="25" namespace="0x00310000" />
        <service id="0x06d6" sid="1750" name="TV3 MAX" type="25" provider="" onid="86" tsid="25" namespace="0x00310000" />
        <service id="0x06b8" sid="1720" name="TV3 SPORT" type="25" provider="" onid="86" tsid="25" namespace="0x00310000" />
        <service id="0x06a4" sid="1700" name="Viasat Golf HD" type="25" provider="" onid="86" tsid="25" namespace="0x00310000" />
        <service id="0x1f54" sid="8020" name="Viasat Xtra 1" type="22" provider="" onid="86" tsid="25" namespace="0x00310000" />
        <service id="0x1f5e" sid="8030" name="Viasat Xtra 2" type="22" provider="" onid="86" tsid="25" namespace="0x00310000" />
        <service id="0x1f68" sid="8040" name="Viasat Xtra 3" type="22" provider="" onid="86" tsid="25" namespace="0x00310000" />
        <service id="0x1f90" sid="8080" name="Viasat Xtra 4" type="22" provider="" onid="86" tsid="25" namespace="0x00310000" />
        <service id="0x1f72" sid="8050" name="Viasat Xtra 5" type="22" provider="" onid="86" tsid="25" namespace="0x00310000" />
        <service id="0x1fb8" sid="8120" name="VSS Test" type="22" provider="" onid="86" tsid="25" namespace="0x00310000" />
      </transponder>
    </satellite>
    <satellite key="00310000:001b:0056" name="Sat-4.9E" namespace="0x00310000" position="4.9">
      <transponder key="00310000:001b:0056" frequency="11823000" symbol_rate="27500000" polarization="V" fec="3" system="0" modulation="0">
        <service id="0x069a" sid="1690" name="Cmore Live HD" type="25" provider="" onid="86" tsid="27" namespace="0x00310000" />
        <service id="0x067c" sid="1660" name="MAX HD" type="25" provider="" onid="86" tsid="27" namespace="0x00310000" />
        <service id="0x02ae" sid="686" name="NatGeo HD" type="25" provider="" onid="86" tsid="27" namespace="0x00310000" />
        <service id="0x064a" sid="1610" name="SVT 1 HD" type="25" provider="" onid="86" tsid="27" namespace="0x00310000" />
        <service id="0x029c" sid="668" name="SVT 2 HD" type="25" provider="" onid="86" tsid="27" namespace="0x00310000" />
        <service id="0x02a0" sid="672" name="TV2 Humorkanalen" type="22" provider="" onid="86" tsid="27" namespace="0x00310000" />
        <service id="0x065e" sid="1630" name="TV3+ HD" type="25" provider="" onid="86" tsid="27" namespace="0x00310000" />
        <service id="0x0118" sid="280" name="Viasat Film Premiere HD" type="25" provider="" onid="86" tsid="27" namespace="0x00310000" />
        <service id="0x02b2" sid="690" name="Viasat Urheilu" type="22" provider="" onid="86" tsid="27" namespace="0x00310000" />
        <service id="0x028e" sid="654" name="VOX" type="22" provider="" onid="86" tsid="27" namespace="0x00310000" />
      </transponder>
    </satellite>
    <satellite key="00310000:001c:0056" name="Sat-4.9E" namespace="0x00310000" position="4.9">
      <transponder key="00310000:001c:0056" frequency="12015000" symbol_rate="27500000" polarization="V" fec="3" system="0" modulation="0">
        <service id="0x1edb" sid="7899" name="Fox Nor" type="22" provider="" onid="86" tsid="28" namespace="0x00310000" />
        <service id="0x019b" sid="411" name="NRK Super/NRK3" type="25" provider="" onid="86" tsid="28" namespace="0x00310000" />
        <service id="0x1eba" sid="7866" name="NRK Tegnspråk" type="22" provider="" onid="86" tsid="28" namespace="0x00310000" />
        <service id="0x040f" sid="1039" name="NRK1" type="25" provider="" onid="86" tsid="28" namespace="0x00310000" />
        <service id="0x465c" sid="18012" name="NRK1 lydtekst" type="25" provider="" onid="86" tsid="28" namespace="0x00310000" />
        <service id="0x1eb2" sid="7858" name="NRK1 Midtnytt" type="25" provider="" onid="86" tsid="28" namespace="0x00310000" />
        <service id="0x1eb3" sid="7859" name="NRK1 Møre og Romsdal" type="25" provider="" onid="86" tsid="28" namespace="0x00310000" />
        <service id="0x1eb1" sid="7857" name="NRK1 Nordland" type="25" provider="" onid="86" tsid="28" namespace="0x00310000" />
        <service id="0x1eb0" sid="7856" name="NRK1 Nordnytt" type="25" provider="" onid="86" tsid="28" namespace="0x00310000" />
        <service id="0x1eb5" sid="7861" name="NRK1 Rogaland" type="25" provider="" onid="86" tsid="28" namespace="0x00310000" />
        <service id="0x1eb6" sid="7862" name="NRK1 Sørlandet" type="25" provider="" onid="86" tsid="28" namespace="0x00310000" />
        <service id="0x1eb4" sid="7860" name="NRK1 Vestlandsrevyen" type="25" provider="" onid="86" tsid="28" namespace="0x00310000" />
        <service id="0x1eb7" sid="7863" name="NRK1 Østafjells" type="25" provider="" onid="86" tsid="28" namespace="0x00310000" />
        <service id="0x1eb9" sid="7865" name="NRK1 Østfold" type="25" provider="" onid="86" tsid="28" namespace="0x00310000" />
        <service id="0x1eb8" sid="7864" name="NRK1 Østnytt" type="25" provider="" onid="86" tsid="28" namespace="0x00310000" />
        <service id="0x019a" sid="410" name="NRK2" type="25" provider="" onid="86" tsid="28" namespace="0x00310000" />
        <service id="0x465d" sid="18013" name="NRK2 lydtekst" type="25" provider="" onid="86" tsid="28" namespace="0x00310000" />
        <service id="0x465e" sid="18014" name="NRKSuper/NRK3lydtekst" type="25" provider="" onid="86" tsid="28" namespace="0x00310000" />
        <service id="0x1ecf" sid="7887" name="NRK Alltid Nyheter" type="10" provider="" onid="86" tsid="28" namespace="0x00310000" radio="1" />
        <service id="0x1ed6" sid="7894" name="NRK Folkemusikk" type="10" provider="" onid="86" tsid="28" namespace="0x00310000" radio="1" />
        <service id="0x1ed4" sid="7892" name="NRK Jazz" type="10" provider="" onid="86" tsid="28" namespace="0x00310000" radio="1" />
        <service id="0x1ecc" sid="7884" name="NRK Klassisk" type="10" provider="" onid="86" tsid="28" namespace="0x00310000" radio="1" />
        <service id="0x1ece" sid="7886" name="NRK mP3" type="10" provider="" onid="86" tsid="28" namespace="0x00310000" radio="1" />
        <service id="0x1ec7" sid="7879" name="NRK P1 Buskerud" type="10" provider="" onid="86" tsid="28" namespace="0x00310000" radio="1" />
        <service id="0x1ebd" sid="7869" name="NRK P1 Finnmark" type="10" provider="" onid="86" tsid="28" namespace="0x00310000" radio="1" />
        <service id="0x1ec8" sid="7880" name="NRK P1 Hedmark-Oppland" type="10" provider="" onid="86" tsid="28" namespace="0x00310000" radio="1" />
        <service id="0x1ec2" sid="7874" name="NRK P1 Hordaland" type="10" provider="" onid="86" tsid="28" namespace="0x00310000" radio="1" />
        <service id="0x1ec0" sid="7872" name="NRK P1 Møre og Romsdal" type="10" provider="" onid="86" tsid="28" namespace="0x00310000" radio="1" />
        <service id="0x1ebe" sid="7870" name="NRK P1 Nordland" type="10" provider="" onid="86" tsid="28" namespace="0x00310000" radio="1" />
        <service id="0x1ebb" sid="7867" name="NRK P1 Oslo" type="10" provider="" onid="86" tsid="28" namespace="0x00310000" radio="1" />
        <service id="0x1ec3" sid="7875" name="NRK P1 Rogaland" type="10" provider="" onid="86" tsid="28" namespace="0x00310000" radio="1" />
        <service id="0x1ec1" sid="7873" name="NRK P1 Sogn og Fjordane" type="10" provider="" onid="86" tsid="28" namespace="0x00310000" radio="1" />
        <service id="0x1ec4" sid="7876" name="NRK P1 Sørlandet" type="10" provider="" onid="86" tsid="28" namespace="0x00310000" radio="1" />
        <service id="0x1ec5" sid="7877" name="NRK P1 Telemark" type="10" provider="" onid="86" tsid="28" namespace="0x00310000" radio="1" />
        <service id="0x1ebc" sid="7868" name="NRK P1 Troms" type="10" provider="" onid="86" tsid="28" namespace="0x00310000" radio="1" />
        <service id="0x1ebf" sid="7871" name="NRK P1 Trøndelag" type="10" provider="" onid="86" tsid="28" namespace="0x00310000" radio="1" />
        <service id="0x1ec6" sid="7878" name="NRK P1 Vestfold" type="10" provider="" onid="86" tsid="28" namespace="0x00310000" radio="1" />
        <service id="0x1ec9" sid="7881" name="NRK P1 Østfold" type="10" provider="" onid="86" tsid="28" namespace="0x00310000" radio="1" />
        <service id="0x1ed3" sid="7891" name="NRK P1+" type="10" provider="" onid="86" tsid="28" namespace="0x00310000" radio="1" />
        <service id="0x1ed0" sid="7888" name="NRK P13" type="10" provider="" onid="86" tsid="28" namespace="0x00310000" radio="1" />
        <service id="0x1eca" sid="7882" name="NRK P2" type="10" provider="" onid="86" tsid="28" namespace="0x00310000" radio="1" />
        <service id="0x1ecb" sid="7883" name="NRK P3" type="10" provider="" onid="86" tsid="28" namespace="0x00310000" radio="1" />
        <service id="0x1ed2" sid="7890" name="NRK Radio Super" type="10" provider="" onid="86" tsid="28" namespace="0x00310000" radio="1" />
        <service id="0x1ecd" sid="7885" name="NRK Sami Radio" type="10" provider="" onid="86" tsid="28" namespace="0x00310000" radio="1" />
        <service id="0x1ed5" sid="7893" name="NRK Sport" type="10" provider="" onid="86" tsid="28" namespace="0x00310000" radio="1" />
        <service id="0x1ed1" sid="7889" name="NRK Været til sjøs" type="10" provider="" onid="86" tsid="28" namespace="0x00310000" radio="1" />
      </transponder>
    </satellite>
    <satellite key="00310000:001d:0056" name="Sat-4.9E" namespace="0x00310000" position="4.9">
      <transponder key="00310000:001d:0056" frequency="12608000" symbol_rate="27500000" polarization="H" fec="3" system="0" modulation="0">
        <service id="0x0134" sid="308" name="TV 1000 Ru Kino FSS" type="1" provider="" onid="86" tsid="29" namespace="0x00310000" />
        <service id="0x079e" sid="1950" name="TV1000 Action East FSS" type="1" provider="" onid="86" tsid="29" namespace="0x00310000" />
        <service id="0x030c" sid="780" name="TV1000 East FSS" type="1" provider="" onid="86" tsid="29" namespace="0x00310000" />
        <service id="0x078a" sid="1930" name="Viasat Golf" type="1" provider="" onid="86" tsid="29" namespace="0x00310000" />
        <service id="0x07a8" sid="1960" name="Viasat Nature East FSS" type="1" provider="" onid="86" tsid="29" namespace="0x00310000" />
        <service id="0x07b2" sid="1970" name="Viasat Nature/History HD" type="25" provider="" onid="86" tsid="29" namespace="0x00310000" />
      </transponder>
    </satellite>
    <satellite key="00310000:001f:0056" name="Sat-4.9E" namespace="0x00310000" position="4.9">
      <transponder key="00310000:001f:0056" frequency="11385000" symbol_rate="30000000" polarization="V" fec="3" system="0" modulation="0">
        <service id="0x00ea" sid="234" name="6'eren HD" type="25" provider="" onid="86" tsid="31" namespace="0x00310000" />
        <service id="0x051e" sid="1310" name="National Geographic S" type="22" provider="" onid="86" tsid="31" namespace="0x00310000" />
        <service id="0x00ca" sid="202" name="TV 2 Nyhetskanalen HD" type="25" provider="" onid="86" tsid="31" namespace="0x00310000" />
        <service id="0x00e2" sid="226" name="TV 2 Sport 2" type="25" provider="" onid="86" tsid="31" namespace="0x00310000" />
        <service id="0x055a" sid="1370" name="TV2 HD" type="25" provider="" onid="86" tsid="31" namespace="0x00310000" />
        <service id="0x00de" sid="222" name="TV2 Sport 1" type="25" provider="" onid="86" tsid="31" namespace="0x00310000" />
        <service id="0x00d6" sid="214" name="TV2 Sport Premium 1" type="25" provider="" onid="86" tsid="31" namespace="0x00310000" />
        <service id="0x053c" sid="1340" name="TV2 Sport Premium 2" type="25" provider="" onid="86" tsid="31" namespace="0x00310000" />
        <service id="0x00d2" sid="210" name="TV2 Zebra HD" type="25" provider="" onid="86" tsid="31" namespace="0x00310000" />
      </transponder>
    </satellite>
    <satellite key="00310000:0020:0056" name="Sat-4.9E" namespace="0x00310000" position="4.9">
      <transponder key="00310000:0020:0056" frequency="11305000" symbol_rate="30000000" polarization="V" fec="3" system="0" modulation="0">
        <service id="0x05c8" sid="1480" name="Eurosport Norge HD" type="25" provider="" onid="86" tsid="32" namespace="0x00310000" />
        <service id="0x05aa" sid="1450" name="Kanal 5 HD" type="25" provider="" onid="86" tsid="32" namespace="0x00310000" />
        <service id="0x00fe" sid="254" name="TV3 HD" type="25" provider="" onid="86" tsid="32" namespace="0x00310000" />
        <service id="0x05be" sid="1470" name="TV3 HD NO" type="25" provider="" onid="86" tsid="32" namespace="0x00310000" />
        <service id="0x00f2" sid="242" name="VFActionHD" type="25" provider="" onid="86" tsid="32" namespace="0x00310000" />
        <service id="0x00f6" sid="246" name="VFilm Hits HD" type="25" provider="" onid="86" tsid="32" namespace="0x00310000" />
        <service id="0x05a0" sid="1440" name="Viasat Motor HD" type="25" provider="" onid="86" tsid="32" namespace="0x00310000" />
        <service id="0x058c" sid="1420" name="Viasat Series HD" type="25" provider="" onid="86" tsid="32" namespace="0x00310000" />
      </transponder>
    </satellite>
    <satellite key="00310000:0021:0056" name="Sat-4.9E" namespace="0x00310000" position="4.9">
      <transponder key="00310000:0021:0056" frequency="11265000" symbol_rate="30000000" polarization="V" fec="3" system="0" modulation="0">
        <service id="0x08f5" sid="2293" name="BBC World" type="22" provider="" onid="86" tsid="33" namespace="0x00310000" />
        <service id="0x08c0" sid="2240" name="CANAL9" type="22" provider="" onid="86" tsid="33" namespace="0x00310000" />
        <service id="0x08e3" sid="2275" name="Disney Channel (D)" type="22" provider="" onid="86" tsid="33" namespace="0x00310000" />
        <service id="0x017e" sid="382" name="Disney Channel NO" type="22" provider="" onid="86" tsid="33" namespace="0x00310000" />
        <service id="0x08a2" sid="2210" name="Disney Channel SE" type="22" provider="" onid="86" tsid="33" namespace="0x00310000" />
        <service id="0x08c5" sid="2245" name="Disney JR" type="22" provider="" onid="86" tsid="33" namespace="0x00310000" />
        <service id="0x08ac" sid="2220" name="Disney XD" type="22" provider="" onid="86" tsid="33" namespace="0x00310000" />
        <service id="0x08d9" sid="2265" name="DK4" type="22" provider="" onid="86" tsid="33" namespace="0x00310000" />
        <service id="0x08bb" sid="2235" name="Eurosport DK" type="22" provider="" onid="86" tsid="33" namespace="0x00310000" />
        <service id="0x08f2" sid="2290" name="Fox Swe" type="22" provider="" onid="86" tsid="33" namespace="0x00310000" />
        <service id="0x08ed" sid="2285" name="Kanal 4 (D)" type="22" provider="" onid="86" tsid="33" namespace="0x00310000" />
        <service id="0x08f7" sid="2295" name="Kanal 5 DK" type="25" provider="" onid="86" tsid="33" namespace="0x00310000" />
        <service id="0x08de" sid="2270" name="Nat Geo Norway" type="22" provider="" onid="86" tsid="33" namespace="0x00310000" />
        <service id="0x08b9" sid="2233" name="National Geographic (D)" type="22" provider="" onid="86" tsid="33" namespace="0x00310000" />
        <service id="0x08b6" sid="2230" name="Nickelodeon SE" type="22" provider="" onid="86" tsid="33" namespace="0x00310000" />
        <service id="0x08e8" sid="2280" name="TV 2 Livsstil" type="22" provider="" onid="86" tsid="33" namespace="0x00310000" />
        <service id="0x08a7" sid="2215" name="TV2 Charlie" type="22" provider="" onid="86" tsid="33" namespace="0x00310000" />
        <service id="0x089d" sid="2205" name="TV2 Fri" type="22" provider="" onid="86" tsid="33" namespace="0x00310000" />
        <service id="0x08b1" sid="2225" name="TV2 NEWS" type="22" provider="" onid="86" tsid="33" namespace="0x00310000" />
        <service id="0x08cf" sid="2255" name="TV2 Zulu" type="22" provider="" onid="86" tsid="33" namespace="0x00310000" />
        <service id="0x08ca" sid="2250" name="TV6 (N)" type="22" provider="" onid="86" tsid="33" namespace="0x00310000" />
        <service id="0x08fa" sid="2298" name="VFilm Family" type="22" provider="" onid="86" tsid="33" namespace="0x00310000" />
      </transponder>
    </satellite>
    <satellite key="00310000:0022:0056" name="Sat-4.9E" namespace="0x00310000" position="4.9">
      <transponder key="00310000:0022:0056" frequency="11265000" symbol_rate="30000000" polarization="H" fec="3" system="0" modulation="0">
        <service id="0x0a2d" sid="2605" name="Comedy Central (S)" type="22" provider="" onid="86" tsid="34" namespace="0x00310000" />
        <service id="0x0a37" sid="2615" name="E!" type="22" provider="" onid="86" tsid="34" namespace="0x00310000" />
        <service id="0x0a41" sid="2625" name="MTV (S)" type="22" provider="" onid="86" tsid="34" namespace="0x00310000" />
        <service id="0x0a78" sid="2680" name="MTV DK" type="22" provider="" onid="86" tsid="34" namespace="0x00310000" />
        <service id="0x0a64" sid="2660" name="MTV Hits" type="22" provider="" onid="86" tsid="34" namespace="0x00310000" />
        <service id="0x0a69" sid="2665" name="Nick DK" type="22" provider="" onid="86" tsid="34" namespace="0x00310000" />
        <service id="0x0a82" sid="2690" name="Nick JR" type="22" provider="" onid="86" tsid="34" namespace="0x00310000" />
        <service id="0x0a87" sid="2695" name="Nick Toons" type="22" provider="" onid="86" tsid="34" namespace="0x00310000" />
        <service id="0x0a6e" sid="2670" name="Nickelodeon Norge" type="22" provider="" onid="86" tsid="34" namespace="0x00310000" />
        <service id="0x0a5a" sid="2650" name="TV3 HD Danmark" type="25" provider="" onid="86" tsid="34" namespace="0x00310000" />
        <service id="0x0a32" sid="2610" name="TV6 HD Sweden" type="25" provider="" onid="86" tsid="34" namespace="0x00310000" />
        <service id="0x0a7d" sid="2685" name="VH1" type="22" provider="" onid="86" tsid="34" namespace="0x00310000" />
        <service id="0x0a73" sid="2675" name="VH1 Classic" type="22" provider="" onid="86" tsid="34" namespace="0x00310000" />
        <service id="0x0a46" sid="2630" name="Viasat 4  HD" type="25" provider="" onid="86" tsid="34" namespace="0x00310000" />
        <service id="0x0a3c" sid="2620" name="Viasat Explore HD" type="25" provider="" onid="86" tsid="34" namespace="0x00310000" />
        <service id="0x0a28" sid="2600" name="Viasat History HD" type="25" provider="" onid="86" tsid="34" namespace="0x00310000" />
        <service id="0x0a50" sid="2640" name="Viasat Nature HD" type="25" provider="" onid="86" tsid="34" namespace="0x00310000" />
      </transponder>
    </satellite>
    <satellite key="00310000:0023:0056" name="Sat-4.9E" namespace="0x00310000" position="4.9">
      <transponder key="00310000:0023:0056" frequency="11305000" symbol_rate="30000000" polarization="H" fec="3" system="0" modulation="0">
        <service id="0x0ae6" sid="2790" name="Discovery Channel NO" type="22" provider="" onid="86" tsid="35" namespace="0x00310000" />
        <service id="0x0ab4" sid="2740" name="DR1 HD" type="25" provider="" onid="86" tsid="35" namespace="0x00310000" />
        <service id="0x0abe" sid="2750" name="ESPORTSTV" type="25" provider="" onid="86" tsid="35" namespace="0x00310000" />
        <service id="0x0adc" sid="2780" name="Eurosport 1" type="22" provider="" onid="86" tsid="35" namespace="0x00310000" />
        <service id="0x0a91" sid="2705" name="HISTORY" type="22" provider="" onid="86" tsid="35" namespace="0x00310000" />
        <service id="0x0aaa" sid="2730" name="TV2 Sport HD" type="25" provider="" onid="86" tsid="35" namespace="0x00310000" />
        <service id="0x0ad2" sid="2770" name="TV3 Sport HD" type="25" provider="" onid="86" tsid="35" namespace="0x00310000" />
        <service id="0x0a96" sid="2710" name="Viasat Hockey HD" type="25" provider="" onid="86" tsid="35" namespace="0x00310000" />
        <service id="0x0a8c" sid="2700" name="Viasat Sport HD" type="25" provider="" onid="86" tsid="35" namespace="0x00310000" />
        <service id="0x0ac8" sid="2760" name="Viasat Sport Premium HD" type="25" provider="" onid="86" tsid="35" namespace="0x00310000" />
        <service id="0x0aa0" sid="2720" name="Viasport 1" type="25" provider="" onid="86" tsid="35" namespace="0x00310000" />
      </transponder>
    </satellite>
    <satellite key="00310000:0024:0056" name="Sat-4.9E" namespace="0x00310000" position="4.9">
      <transponder key="00310000:0024:0056" frequency="11345000" symbol_rate="30000000" polarization="H" fec="3" system="0" modulation="0">
        <service id="0x0b45" sid="2885" name="Boomerang" type="22" provider="" onid="86" tsid="36" namespace="0x00310000" />
        <service id="0x0b40" sid="2880" name="Cartoon Network" type="22" provider="" onid="86" tsid="36" namespace="0x00310000" />
        <service id="0x0aff" sid="2815" name="CNN" type="22" provider="" onid="86" tsid="36" namespace="0x00310000" />
        <service id="0x0af5" sid="2805" name="Nat Geo Wild" type="22" provider="" onid="86" tsid="36" namespace="0x00310000" />
        <service id="0x0b4f" sid="2895" name="NHK World TV" type="22" provider="" onid="86" tsid="36" namespace="0x00310000" />
        <service id="0x0b3b" sid="2875" name="SBN" type="22" provider="" onid="86" tsid="36" namespace="0x00310000" />
        <service id="0x0af0" sid="2800" name="Sportkanalen HD" type="25" provider="" onid="86" tsid="36" namespace="0x00310000" />
        <service id="0x0b04" sid="2820" name="TV Norge HD" type="25" provider="" onid="86" tsid="36" namespace="0x00310000" />
        <service id="0x0b18" sid="2840" name="Viasat Fotboll HD" type="25" provider="" onid="86" tsid="36" namespace="0x00310000" />
        <service id="0x0afa" sid="2810" name="Viasport 2" type="25" provider="" onid="86" tsid="36" namespace="0x00310000" />
        <service id="0x0b22" sid="2850" name="Viasport 3" type="25" provider="" onid="86" tsid="36" namespace="0x00310000" />
        <service id="0x0b0e" sid="2830" name="Viasport+" type="25" provider="" onid="86" tsid="36" namespace="0x00310000" />
      </transponder>
    </satellite>
    <satellite key="00310000:0025:0056" name="Sat-4.9E" namespace="0x00310000" position="4.9">
      <transponder key="00310000:0025:0056" frequency="11385000" symbol_rate="30000000" polarization="H" fec="3" system="0" modulation="0">
        <service id="0x0be0" sid="3040" name="Cmore Fotboll HD" type="25" provider="" onid="86" tsid="37" namespace="0x00310000" />
        <service id="0x0bf4" sid="3060" name="Cmore Golf HD" type="25" provider="" onid="86" tsid="37" namespace="0x00310000" />
        <service id="0x0bd6" sid="3030" name="Cmore Hockey HD" type="25" provider="" onid="86" tsid="37" namespace="0x00310000" />
        <service id="0x0bfe" sid="3070" name="Cmore Live HD" type="25" provider="" onid="86" tsid="37" namespace="0x00310000" />
        <service id="0x0bcc" sid="3020" name="Cmore Sport HD" type="25" provider="" onid="86" tsid="37" namespace="0x00310000" />
        <service id="0x0c08" sid="3080" name="TV12 HD" type="25" provider="" onid="86" tsid="37" namespace="0x00310000" />
        <service id="0x0bb8" sid="3000" name="U test 27" type="31" provider="" onid="86" tsid="37" namespace="0x00310000" />
        <service id="0x0bea" sid="3050" name="U test 27 2" type="25" provider="" onid="86" tsid="37" namespace="0x00310000" />
        <service id="0x0c14" sid="3092" name="Bandit" type="2" provider="" onid="86" tsid="37" namespace="0x00310000" radio="1" />
        <service id="0x0bc8" sid="3016" name="Bandit Classics" type="2" provider="" onid="86" tsid="37" namespace="0x00310000" radio="1" />
        <service id="0x0c0c" sid="3084" name="Classic" type="2" provider="" onid="86" tsid="37" namespace="0x00310000" radio="1" />
        <service id="0x0bc6" sid="3014" name="DR Klassisk" type="2" provider="" onid="86" tsid="37" namespace="0x00310000" radio="1" />
        <service id="0x0bc2" sid="3010" name="DR P1" type="2" provider="" onid="86" tsid="37" namespace="0x00310000" radio="1" />
        <service id="0x0bc4" sid="3012" name="DR P3" type="2" provider="" onid="86" tsid="37" namespace="0x00310000" radio="1" />
        <service id="0x0c1a" sid="3098" name="Lugna Favoriter" type="2" provider="" onid="86" tsid="37" namespace="0x00310000" radio="1" />
        <service id="0x0c18" sid="3096" name="P4 Lyden av Norge" type="2" provider="" onid="86" tsid="37" namespace="0x00310000" radio="1" />
        <service id="0x0c10" sid="3088" name="Power Club" type="2" provider="" onid="86" tsid="37" namespace="0x00310000" radio="1" />
        <service id="0x0c0e" sid="3086" name="Power Hit Radio" type="2" provider="" onid="86" tsid="37" namespace="0x00310000" radio="1" />
        <service id="0x0c16" sid="3094" name="Rix FM" type="2" provider="" onid="86" tsid="37" namespace="0x00310000" radio="1" />
        <service id="0x0c12" sid="3090" name="Star 90" type="2" provider="" onid="86" tsid="37" namespace="0x00310000" radio="1" />
        <service id="0x0bca" sid="3018" name="Svenska Favoriter" type="2" provider="" onid="86" tsid="37" namespace="0x00310000" radio="1" />
      </transponder>
    </satellite>
    <satellite key="00310000:002b:0055" name="Sat-4.9E" namespace="0x00310000" position="4.9">
      <transponder key="00310000:002b:0055" frequency="11746000" symbol_rate="30000000" polarization="V" fec="3" system="0" modulation="0">
        <service id="0x1e00" sid="7680" name="ATR HD" type="25" provider="" onid="85" tsid="43" namespace="0x00310000" />
        <service id="0x1dd8" sid="7640" name="Channel 4 (Ukraine)" type="22" provider="" onid="85" tsid="43" namespace="0x00310000" />
        <service id="0x1e0a" sid="7690" name="English Club HD" type="25" provider="" onid="85" tsid="43" namespace="0x00310000" />
        <service id="0x1de2" sid="7650" name="ERC" type="22" provider="" onid="85" tsid="43" namespace="0x00310000" />
        <service id="0x1dbf" sid="7615" name="Mist TV" type="22" provider="" onid="85" tsid="43" namespace="0x00310000" />
        <service id="0x1dce" sid="7630" name="NEWS ONE HD" type="25" provider="" onid="85" tsid="43" namespace="0x00310000" />
        <service id="0x1e05" sid="7685" name="ObozTV" type="22" provider="" onid="85" tsid="43" namespace="0x00310000" />
        <service id="0x1db0" sid="7600" name="Shanson" type="1" provider="" onid="85" tsid="43" namespace="0x00310000" />
        <service id="0x1dc4" sid="7620" name="Sirius TV" type="22" provider="" onid="85" tsid="43" namespace="0x00310000" />
        <service id="0x1db5" sid="7605" name="Tellytrack" type="22" provider="" onid="85" tsid="43" namespace="0x00310000" />
        <service id="0x1df1" sid="7665" name="TV5" type="22" provider="" onid="85" tsid="43" namespace="0x00310000" />
        <service id="0x1dba" sid="7610" name="ZIK HD TEST" type="25" provider="" onid="85" tsid="43" namespace="0x00310000" />
      </transponder>
    </satellite>
    <satellite key="00310000:002c:0055" name="Sat-4.9E" namespace="0x00310000" position="4.9">
      <transponder key="00310000:002c:0055" frequency="12264000" symbol_rate="30000000" polarization="H" fec="3" system="0" modulation="0">
        <service id="0x1e27" sid="7719" name="36.6" type="1" provider="SatTelecom" onid="85" tsid="44" namespace="0x00310000" />
        <service id="0x1e26" sid="7718" name="BOLT" type="1" provider="SatTelecom" onid="85" tsid="44" namespace="0x00310000" />
        <service id="0x1e20" sid="7712" name="DACHA" type="1" provider="SatTelecom" onid="85" tsid="44" namespace="0x00310000" />
        <service id="0x1e21" sid="7713" name="EPOQUE" type="1" provider="SatTelecom" onid="85" tsid="44" namespace="0x00310000" />
        <service id="0x1e24" sid="7716" name="Fauna" type="22" provider="" onid="85" tsid="44" namespace="0x00310000" />
        <service id="0x1e25" sid="7717" name="FILMUADRAMA" type="1" provider="SatTelecom" onid="85" tsid="44" namespace="0x00310000" />
        <service id="0x1e23" sid="7715" name="Nauka" type="22" provider="" onid="85" tsid="44" namespace="0x00310000" />
        <service id="0x1e22" sid="7714" name="Terra" type="22" provider="" onid="85" tsid="44" namespace="0x00310000" />
        <service id="0x1e1f" sid="7711" name="Trofey" type="1" provider="" onid="85" tsid="44" namespace="0x00310000" />
        <service id="0x1e29" sid="7721" name="TV KYIV" type="1" provider="" onid="85" tsid="44" namespace="0x00310000" />
        <service id="0x1e69" sid="7785" name="UKRAINA-SD" type="1" provider="TRK Ukraina" onid="85" tsid="44" namespace="0x00310000" />
      </transponder>
    </satellite>
    <satellite key="00310000:00c9:0055" name="Sat-4.9E" namespace="0x00310000" position="4.9">
      <transponder key="00310000:00c9:0055" frequency="11785000" symbol_rate="27500000" polarization="V" fec="4" system="0" modulation="0">
        <service id="0x0ae8" sid="2792" name="3+ (LV)" type="1" provider="AMB" onid="85" tsid="201" namespace="0x00310000" />
        <service id="0x27a1" sid="10145" name="BTV" type="1" provider="AMB" onid="85" tsid="201" namespace="0x00310000" />
        <service id="0x27ab" sid="10155" name="CTC Baltic" type="1" provider="AMB" onid="85" tsid="201" namespace="0x00310000" />
        <service id="0x27e2" sid="10210" name="Kanal 12" type="1" provider="AMB" onid="85" tsid="201" namespace="0x00310000" />
        <service id="0x278d" sid="10125" name="Kanāls 2" type="1" provider="AMB" onid="85" tsid="201" namespace="0x00310000" />
        <service id="0x27dd" sid="10205" name="Kidzone TV" type="1" provider="AMB" onid="85" tsid="201" namespace="0x00310000" />
        <service id="0x279c" sid="10140" name="LNK" type="1" provider="AMB" onid="85" tsid="201" namespace="0x00310000" />
        <service id="0x0adf" sid="2783" name="LNT" type="1" provider="AMB" onid="85" tsid="201" namespace="0x00310000" />
        <service id="0x0ad6" sid="2774" name="LTV1" type="1" provider="AMB" onid="85" tsid="201" namespace="0x00310000" />
        <service id="0x0adb" sid="2779" name="LTV7" type="1" provider="AMB" onid="85" tsid="201" namespace="0x00310000" />
        <service id="0x27d8" sid="10200" name="MTV Hits" type="1" provider="AMB" onid="85" tsid="201" namespace="0x00310000" />
        <service id="0x27c4" sid="10180" name="National Geographic HD" type="25" provider="AMB" onid="85" tsid="201" namespace="0x00310000" />
        <service id="0x27a6" sid="10150" name="TV1 (LT)" type="1" provider="AMB" onid="85" tsid="201" namespace="0x00310000" />
        <service id="0x27ba" sid="10170" name="TV1000" type="1" provider="AMB" onid="85" tsid="201" namespace="0x00310000" />
        <service id="0x27b0" sid="10160" name="TV1000 Premium" type="1" provider="AMB" onid="85" tsid="201" namespace="0x00310000" />
        <service id="0x27bf" sid="10175" name="TV1000 Russkoe Kino" type="1" provider="AMB" onid="85" tsid="201" namespace="0x00310000" />
        <service id="0x277e" sid="10110" name="TV3 (LV)" type="1" provider="AMB" onid="85" tsid="201" namespace="0x00310000" />
        <service id="0x0ae4" sid="2788" name="TV6 (LV)" type="1" provider="AMB" onid="85" tsid="201" namespace="0x00310000" />
        <service id="0x0aed" sid="2797" name="TV8" type="1" provider="AMB" onid="85" tsid="201" namespace="0x00310000" />
        <service id="0x27b5" sid="10165" name="TVPlay Sports" type="1" provider="AMB" onid="85" tsid="201" namespace="0x00310000" />
        <service id="0x27c9" sid="10185" name="Viasat Explore HD" type="25" provider="AMB" onid="85" tsid="201" namespace="0x00310000" />
        <service id="0x27ce" sid="10190" name="Viasat History HD" type="25" provider="" onid="85" tsid="201" namespace="0x00310000" />
      </transponder>
    </satellite>
    <satellite key="00310000:00ca:0055" name="Sat-4.9E" namespace="0x00310000" position="4.9">
      <transponder key="00310000:00ca:0055" frequency="11728000" symbol_rate="27500000" polarization="H" fec="4" system="0" modulation="0">
        <service id="0x289b" sid="10395" name="BBC World News" type="1" provider="AMB" onid="85" tsid="202" namespace="0x00310000" />
        <service id="0x0b42" sid="2882" name="CNN" type="1" provider="AMB" onid="85" tsid="202" namespace="0x00310000" />
        <service id="0x0b39" sid="2873" name="Disney Channel" type="1" provider="AMB" onid="85" tsid="202" namespace="0x00310000" />
        <service id="0x0b3e" sid="2878" name="Disney Junior" type="1" provider="AMB" onid="85" tsid="202" namespace="0x00310000" />
        <service id="0x287d" sid="10365" name="Disney XD" type="1" provider="AMB" onid="85" tsid="202" namespace="0x00310000" />
        <service id="0x0b50" sid="2896" name="E! Entertainment" type="1" provider="AMB" onid="85" tsid="202" namespace="0x00310000" />
        <service id="0x286e" sid="10350" name="ESPORTSTV HD" type="25" provider="viasat" onid="85" tsid="202" namespace="0x00310000" />
        <service id="0x284b" sid="10315" name="ETV" type="1" provider="AMB" onid="85" tsid="202" namespace="0x00310000" />
        <service id="0x0b27" sid="2855" name="Kanal 11 (EE)" type="1" provider="AMB" onid="85" tsid="202" namespace="0x00310000" />
        <service id="0x0b22" sid="2850" name="Kanal 2" type="1" provider="AMB" onid="85" tsid="202" namespace="0x00310000" />
        <service id="0x28b4" sid="10420" name="NHK World Japan" type="1" provider="viasat" onid="85" tsid="202" namespace="0x00310000" />
        <service id="0x288c" sid="10380" name="Nick JR" type="1" provider="AMB" onid="85" tsid="202" namespace="0x00310000" />
        <service id="0x0b47" sid="2887" name="Nickelodeon" type="1" provider="AMB" onid="85" tsid="202" namespace="0x00310000" />
        <service id="0x0b4b" sid="2891" name="Nicktoons" type="1" provider="AMB" onid="85" tsid="202" namespace="0x00310000" />
        <service id="0x0b30" sid="2864" name="Ohota i Rybalka" type="1" provider="AMB" onid="85" tsid="202" namespace="0x00310000" />
        <service id="0x28af" sid="10415" name="Playboy TV" type="1" provider="AMB" onid="85" tsid="202" namespace="0x00310000" />
        <service id="0x0b35" sid="2869" name="Setanta Sport" type="1" provider="AMB" onid="85" tsid="202" namespace="0x00310000" />
        <service id="0x285a" sid="10330" name="Tallinna TV" type="1" provider="AMB" onid="85" tsid="202" namespace="0x00310000" />
        <service id="0x28a0" sid="10400" name="Ticket" type="1" provider="AMB" onid="85" tsid="202" namespace="0x00310000" />
        <service id="0x285f" sid="10335" name="TV1000 Action" type="1" provider="AMB" onid="85" tsid="202" namespace="0x00310000" />
        <service id="0x0b19" sid="2841" name="TV3" type="1" provider="AMB" onid="85" tsid="202" namespace="0x00310000" />
        <service id="0x0b1e" sid="2846" name="TV6 (EE)" type="1" provider="AMB" onid="85" tsid="202" namespace="0x00310000" />
        <service id="0x283c" sid="10300" name="TV6 (LT)" type="1" provider="AMB" onid="85" tsid="202" namespace="0x00310000" />
        <service id="0x28a5" sid="10405" name="TVPlay Sports+ HD" type="25" provider="" onid="85" tsid="202" namespace="0x00310000" />
        <service id="0x28aa" sid="10410" name="VH1" type="1" provider="AMB" onid="85" tsid="202" namespace="0x00310000" />
      </transponder>
    </satellite>
    <satellite key="00310000:00cb:0055" name="Sat-4.9E" namespace="0x00310000" position="4.9">
      <transponder key="00310000:00cb:0055" frequency="11938000" symbol_rate="27500000" polarization="V" fec="4" system="0" modulation="0">
        <service id="0x0b66" sid="2918" name="ETV2" type="1" provider="AMB" onid="85" tsid="203" namespace="0x00310000" />
        <service id="0x0b61" sid="2913" name="Lietuvos Rytas TV" type="1" provider="AMB" onid="85" tsid="203" namespace="0x00310000" />
        <service id="0x290e" sid="10510" name="LRT Lituanica" type="1" provider="AMB" onid="85" tsid="203" namespace="0x00310000" />
        <service id="0x0b5d" sid="2909" name="LRT Televizija" type="1" provider="AMB" onid="85" tsid="203" namespace="0x00310000" />
        <service id="0x293b" sid="10555" name="Nat Geo Wild" type="1" provider="AMB" onid="85" tsid="203" namespace="0x00310000" />
        <service id="0x291d" sid="10525" name="NTV Mir Baltic" type="1" provider="AMB" onid="85" tsid="203" namespace="0x00310000" />
        <service id="0x0b6a" sid="2922" name="PBK Baltic" type="1" provider="AMB" onid="85" tsid="203" namespace="0x00310000" />
        <service id="0x0b6f" sid="2927" name="Ren TV Baltic" type="1" provider="AMB" onid="85" tsid="203" namespace="0x00310000" />
        <service id="0x0b7c" sid="2940" name="TV1000 Premium HD" type="25" provider="AMB" onid="85" tsid="203" namespace="0x00310000" />
        <service id="0x0b58" sid="2904" name="TV3 (LT)" type="1" provider="AMB" onid="85" tsid="203" namespace="0x00310000" />
        <service id="0x294f" sid="10575" name="TV3 Estonia HD" type="25" provider="AMB" onid="85" tsid="203" namespace="0x00310000" />
        <service id="0x0b8a" sid="2954" name="TV3 Latvia HD" type="25" provider="AMB" onid="85" tsid="203" namespace="0x00310000" />
        <service id="0x0b8f" sid="2959" name="TV3 Lithuania HD" type="25" provider="AMB" onid="85" tsid="203" namespace="0x00310000" />
        <service id="0x0b81" sid="2945" name="TVPlay Sports HD" type="25" provider="AMB" onid="85" tsid="203" namespace="0x00310000" />
        <service id="0x294a" sid="10570" name="Viasat Epic Drama HD" type="25" provider="AMB" onid="85" tsid="203" namespace="0x00310000" />
        <service id="0x292c" sid="10540" name="Viasat Explore" type="1" provider="AMB" onid="85" tsid="203" namespace="0x00310000" />
        <service id="0x0b73" sid="2931" name="Viasat History" type="1" provider="AMB" onid="85" tsid="203" namespace="0x00310000" />
        <service id="0x0b78" sid="2936" name="Viasat Nature" type="1" provider="AMB" onid="85" tsid="203" namespace="0x00310000" />
      </transponder>
    </satellite>
    <satellite key="00310000:01f2:0055" name="Sat-4.9E" namespace="0x00310000" position="4.9">
      <transponder key="00310000:01f2:0055" frequency="12735000" symbol_rate="3333000" polarization="H" fec="4" system="0" modulation="0">
        <service id="0x0001" sid="1" name="JurnalTV" type="1" provider="Scopus" onid="85" tsid="498" namespace="0x00310000" />
        <service id="0x0002" sid="2" name="RTR_Moldova" type="1" provider="Scopus" onid="85" tsid="498" namespace="0x00310000" />
        <service id="0x0003" sid="3" name="Radio-JurnalFM" type="2" provider="Scopus" onid="85" tsid="498" namespace="0x00310000" radio="1" />
        <service id="0x0005" sid="5" name="Radio-Micul_Samaritean" type="2" provider="Scopus" onid="85" tsid="498" namespace="0x00310000" radio="1" />
      </transponder>
    </satellite>
    <satellite key="00312f75:00c9:0001" name="Sat-4.9E" namespace="0x00312f75" position="4.9">
      <transponder key="00312f75:00c9:0001" frequency="12149000" symbol_rate="27500000" polarization="H" fec="3" system="0" modulation="0">
        <service id="0x000e" sid="14" name="CORAL TV1 - PVU4" type="1" provider="" onid="1" tsid="201" namespace="0x00312f75" />
        <service id="0x001d" sid="29" name="CORAL TV1 SIS DATA - PVU4" type="1" provider="" onid="1" tsid="201" namespace="0x00312f75" />
        <service id="0x000b" sid="11" name="CORAL TV2 - PVU6" type="1" provider="" onid="1" tsid="201" namespace="0x00312f75" />
        <service id="0x002a" sid="42" name="Ladbrokes 1-PVU 3" type="1" provider="" onid="1" tsid="201" namespace="0x00312f75" />
        <service id="0x00c9" sid="201" name="MK Test" type="1" provider="" onid="1" tsid="201" namespace="0x00312f75" />
        <service id="0x002f" sid="47" name="PPTV1-IE" type="1" provider="" onid="1" tsid="201" namespace="0x00312f75" />
        <service id="0x0030" sid="48" name="PPTV1-UK" type="1" provider="" onid="1" tsid="201" namespace="0x00312f75" />
        <service id="0x002e" sid="46" name="PPTV2" type="1" provider="" onid="1" tsid="201" namespace="0x00312f75" />
        <service id="0x004a" sid="74" name="PPTV3" type="1" provider="" onid="1" tsid="201" namespace="0x00312f75" />
        <service id="0x00fa" sid="250" name="SIS BarOne Indep" type="1" provider="" onid="1" tsid="201" namespace="0x00312f75" />
        <service id="0x006c" sid="108" name="SIS MK Test PVU 8" type="1" provider="" onid="1" tsid="201" namespace="0x00312f75" />
        <service id="0x00be" sid="190" name="SIS+ (PVU1)" type="1" provider="" onid="1" tsid="201" namespace="0x00312f75" />
        <service id="0x003a" sid="58" name="SIS+ with BTC Audio" type="1" provider="" onid="1" tsid="201" namespace="0x00312f75" />
        <service id="0x005c" sid="92" name="SPANISH - PVU2" type="1" provider="" onid="1" tsid="201" namespace="0x00312f75" />
        <service id="0x00cb" sid="203" name="VBI Test" type="1" provider="" onid="1" tsid="201" namespace="0x00312f75" />
      </transponder>
    </satellite>
    <satellite key="0031300f:0000:0001" name="Sat-4.9E" namespace="0x0031300f" position="4.9">
      <transponder key="0031300f:0000:0001" frequency="12303000" symbol_rate="25546000" polarization="H" fec="5" system="0" modulation="0">
        <service id="0x050b" sid="1291" name="Belsat TV" type="1" provider="ARQIVA" onid="1" tsid="0" namespace="0x0031300f" />
        <service id="0x0001" sid="1" name="Bootstrap Master" type="1" provider="" onid="1" tsid="0" namespace="0x0031300f" />
        <service id="0x003c" sid="60" name="DAB D1" type="1" provider="" onid="1" tsid="0" namespace="0x0031300f" />
        <service id="0x026c" sid="620" name="Diva Balkans" type="1" provider="" onid="1" tsid="0" namespace="0x0031300f" />
        <service id="0x006a" sid="106" name="Diva Romania" type="1" provider="" onid="1" tsid="0" namespace="0x0031300f" />
        <service id="0x01f5" sid="501" name="Diva Romania" type="1" provider="" onid="1" tsid="0" namespace="0x0031300f" />
        <service id="0x0020" sid="32" name="SDL NATL" type="1" provider="" onid="1" tsid="0" namespace="0x0031300f" />
        <service id="0x008c" sid="140" name="talkSPORT Dist" type="12" provider="" onid="1" tsid="0" namespace="0x0031300f" />
        <service id="0x01fb" sid="507" name="Travel" type="1" provider="Arqiva" onid="1" tsid="0" namespace="0x0031300f" />
        <service id="0x01f6" sid="502" name="Universal HUNGARY" type="1" provider="" onid="1" tsid="0" namespace="0x0031300f" />
        <service id="0x026d" sid="621" name="Universal HUNGARY" type="1" provider="" onid="1" tsid="0" namespace="0x0031300f" />
        <service id="0x026f" sid="623" name="Universal HUNGARY" type="1" provider="" onid="1" tsid="0" namespace="0x0031300f" />
        <service id="0x01f7" sid="503" name="1283" type="2" provider="ARQIVA" onid="1" tsid="0" namespace="0x0031300f" radio="1" />
        <service id="0x03ee" sid="1006" name="Absolute Radio" type="2" provider="Arqiva" onid="1" tsid="0" namespace="0x0031300f" radio="1" />
        <service id="0x04f9" sid="1273" name="IRN" type="2" provider="Arqiva" onid="1" tsid="0" namespace="0x0031300f" radio="1" />
        <service id="0x00d4" sid="212" name="Premier Radio 96k" type="2" provider="" onid="1" tsid="0" namespace="0x0031300f" radio="1" />
      </transponder>
    </satellite>
    <satellite key="00313082:0065:0001" name="Sat-4.9E" namespace="0x00313082" position="4.9">
      <transponder key="00313082:0065:0001" frequency="12418000" symbol_rate="27500000" polarization="H" fec="3" system="0" modulation="0">
        <service id="0x006f" sid="111" name="PPTV1" type="1" provider="" onid="1" tsid="101" namespace="0x00313082" />
        <service id="0x005f" sid="95" name="RTVi" type="1" provider="" onid="1" tsid="101" namespace="0x00313082" />
      </transponder>
    </satellite>
    <satellite key="0031b022:0001:005e" name="Sat-4.9E" namespace="0x0031b022" position="4.9">
      <transponder key="0031b022:0001:005e" frequency="12322000" symbol_rate="27500000" polarization="V" fec="4" system="0" modulation="0">
        <service id="0x0028" sid="40" name="Animal Planet Europe" type="1" provider="" onid="94" tsid="1" namespace="0x0031b022" />
        <service id="0x0029" sid="41" name="Animal Planet Europe" type="1" provider="" onid="94" tsid="1" namespace="0x0031b022" />
        <service id="0x002a" sid="42" name="Animal Planet Europe" type="1" provider="" onid="94" tsid="1" namespace="0x0031b022" />
        <service id="0x00ca" sid="202" name="Animal Planet Turkey HD" type="1" provider="" onid="94" tsid="1" namespace="0x0031b022" />
        <service id="0x00c8" sid="200" name="Discovery Central Europe" type="1" provider="" onid="94" tsid="1" namespace="0x0031b022" />
        <service id="0x00c9" sid="201" name="Discovery Central Europe" type="1" provider="" onid="94" tsid="1" namespace="0x0031b022" />
        <service id="0x01f4" sid="500" name="Discovery Central Europe" type="1" provider="" onid="94" tsid="1" namespace="0x0031b022" />
        <service id="0x044c" sid="1100" name="Discovery Turkey HD" type="1" provider="" onid="94" tsid="1" namespace="0x0031b022" />
        <service id="0x03e8" sid="1000" name="Discovery World" type="1" provider="" onid="94" tsid="1" namespace="0x0031b022" />
        <service id="0x03e9" sid="1001" name="Discovery World" type="1" provider="" onid="94" tsid="1" namespace="0x0031b022" />
        <service id="0x03ea" sid="1002" name="Discovery World" type="1" provider="" onid="94" tsid="1" namespace="0x0031b022" />
        <service id="0x046a" sid="1130" name="ESP1 Clean" type="1" provider="none" onid="94" tsid="1" namespace="0x0031b022" />
        <service id="0x10cc" sid="4300" name="ESP1 Clean DE" type="1" provider="none" onid="94" tsid="1" namespace="0x0031b022" />
        <service id="0x11f8" sid="4600" name="ESP2 BL Clean" type="1" provider="none" onid="94" tsid="1" namespace="0x0031b022" />
        <service id="0x04aa" sid="1194" name="ESP2 Clean" type="1" provider="none" onid="94" tsid="1" namespace="0x0031b022" />
        <service id="0x042c" sid="1068" name="ESP2 Clean DE" type="1" provider="none" onid="94" tsid="1" namespace="0x0031b022" />
        <service id="0x03ec" sid="1004" name="Eurosport2 Poland" type="1" provider="Eurosport" onid="94" tsid="1" namespace="0x0031b022" />
        <service id="0x00be" sid="190" name="ID Xtra Europe" type="1" provider="" onid="94" tsid="1" namespace="0x0031b022" />
        <service id="0x00bf" sid="191" name="ID Xtra Europe" type="1" provider="" onid="94" tsid="1" namespace="0x0031b022" />
        <service id="0x00c0" sid="192" name="ID Xtra Europe" type="1" provider="" onid="94" tsid="1" namespace="0x0031b022" />
        <service id="0x00b4" sid="180" name="Science Europe" type="1" provider="" onid="94" tsid="1" namespace="0x0031b022" />
        <service id="0x00b5" sid="181" name="Science Europe" type="1" provider="" onid="94" tsid="1" namespace="0x0031b022" />
        <service id="0x00b6" sid="182" name="Science Europe" type="1" provider="" onid="94" tsid="1" namespace="0x0031b022" />
        <service id="0x05dc" sid="1500" name="Science Turkey HD" type="1" provider="" onid="94" tsid="1" namespace="0x0031b022" />
      </transponder>
    </satellite>
    <satellite key="0031b048:0001:005e" name="Sat-4.9E" namespace="0x0031b048" position="4.9">
      <transponder key="0031b048:0001:005e" frequency="12360000" symbol_rate="27500000" polarization="V" fec="4" system="0" modulation="0">
        <service id="0x06a4" sid="1700" name="Animal Planet Poland HD" type="1" provider="" onid="94" tsid="1" namespace="0x0031b048" />
        <service id="0x05dc" sid="1500" name="Discovery Life Poland" type="1" provider="" onid="94" tsid="1" namespace="0x0031b048" />
        <service id="0x04b0" sid="1200" name="Discovery Poland" type="1" provider="" onid="94" tsid="1" namespace="0x0031b048" />
        <service id="0x017e" sid="382" name="Discovery Sweden" type="1" provider="" onid="94" tsid="1" namespace="0x0031b048" />
        <service id="0x125c" sid="4700" name="ESP2 PAN HD" type="25" provider="Eurosport" onid="94" tsid="1" namespace="0x0031b048" />
        <service id="0x0156" sid="342" name="ID Poland" type="1" provider="" onid="94" tsid="1" namespace="0x0031b048" />
        <service id="0x0118" sid="280" name="ID Sweden" type="1" provider="" onid="94" tsid="1" namespace="0x0031b048" />
        <service id="0x02c4" sid="708" name="Science Poland HD" type="1" provider="" onid="94" tsid="1" namespace="0x0031b048" />
        <service id="0x008c" sid="140" name="TLC Balkans" type="1" provider="" onid="94" tsid="1" namespace="0x0031b048" />
        <service id="0x03e8" sid="1000" name="TLC Hungary" type="1" provider="" onid="94" tsid="1" namespace="0x0031b048" />
        <service id="0x0b54" sid="2900" name="TLC Pan Regional" type="1" provider="" onid="94" tsid="1" namespace="0x0031b048" />
        <service id="0x0b55" sid="2901" name="TLC Pan regional - Portuguese" type="1" provider="" onid="94" tsid="1" namespace="0x0031b048" />
        <service id="0x0c1c" sid="3100" name="TLC Poland HD" type="1" provider="" onid="94" tsid="1" namespace="0x0031b048" />
        <service id="0x0066" sid="102" name="Turbo Xtra Poland" type="1" provider="" onid="94" tsid="1" namespace="0x0031b048" />
      </transponder>
    </satellite>
  </satellites>
</zapit>
