<?xml version='1.0' encoding='utf-8'?>
<zapit>
  <bouquet name="General" category="tv">
    <channel service_ref="1:0:1:0002:0001:0001:02582d98:0:0:0:" name="KISS TV" service_name="KISS TV" provider="ESS" sid="2" onid="1" tsid="1" />
    <channel service_ref="1:0:1:0001:0001:0001:02582d98:0:0:0:" name="PRIMA TV" service_name="PRIMA TV" provider="ESS" sid="1" onid="1" tsid="1" />
  </bouquet>
  <bouquet name="Others" category="tv">
    <channel service_ref="1:0:1:0002:0001:0001:02582d98:0:0:0:" name="KISS TV" service_name="KISS TV" provider="ESS" sid="2" onid="1" tsid="1" />
    <channel service_ref="1:0:1:0001:0001:0001:02582d98:0:0:0:" name="PRIMA TV" service_name="PRIMA TV" provider="ESS" sid="1" onid="1" tsid="1" />
  </bouquet>
</zapit>
