<?xml version='1.0' encoding='utf-8'?>
<zapit api="4">
  <satellites>
    <satellite key="01680000:0001:036e" name="Sat-36E" namespace="0x01680000" position="36">
      <transponder key="01680000:0001:036e" frequency="11212000" symbol_rate="14400000" polarization="H" fec="7" system="0" modulation="0">
        <service id="0x085b" sid="2139" name="1 ARKHI" type="1" provider="" onid="878" tsid="1" namespace="0x01680000" />
        <service id="0x213d" sid="8509" name="GEOSAT radio" type="1" provider="" onid="878" tsid="1" namespace="0x01680000" />
        <service id="0x000e" sid="14" name="TV 2" type="1" provider="" onid="878" tsid="1" namespace="0x01680000" />
      </transponder>
    </satellite>
    <satellite key="01680000:00f5:0001" name="Sat-36E" namespace="0x01680000" position="36">
      <transponder key="01680000:00f5:0001" frequency="11345000" symbol_rate="30000000" polarization="H" fec="3" system="0" modulation="0">
        <service id="0x004d" sid="77" name="24 Kitchen Adria" type="22" provider="Overon" onid="1" tsid="245" namespace="0x01680000" />
        <service id="0x006b" sid="107" name="Disney Channel" type="22" provider="EDML" onid="1" tsid="245" namespace="0x01680000" />
        <service id="0x006a" sid="106" name="Disney Junior" type="22" provider="EDML" onid="1" tsid="245" namespace="0x01680000" />
        <service id="0x0031" sid="49" name="FOX Adria" type="22" provider="Overon" onid="1" tsid="245" namespace="0x01680000" />
        <service id="0x004b" sid="75" name="FOX Crime Adria" type="22" provider="Overon" onid="1" tsid="245" namespace="0x01680000" />
        <service id="0x002b" sid="43" name="Fox Greece HD" type="25" provider="Overon" onid="1" tsid="245" namespace="0x01680000" />
        <service id="0x004a" sid="74" name="FOX Life Adria" type="22" provider="Overon" onid="1" tsid="245" namespace="0x01680000" />
        <service id="0x002c" sid="44" name="Fox Life Greece HD" type="25" provider="Overon" onid="1" tsid="245" namespace="0x01680000" />
        <service id="0x006f" sid="111" name="Friday! International" type="1" provider="Harmonic" onid="1" tsid="245" namespace="0x01680000" />
        <service id="0x0029" sid="41" name="Nat Geo Wild Europe" type="1" provider="" onid="1" tsid="245" namespace="0x01680000" />
        <service id="0x002d" sid="45" name="NG HD Greece" type="1" provider="" onid="1" tsid="245" namespace="0x01680000" />
        <service id="0x004c" sid="76" name="NGC Adria" type="22" provider="Overon" onid="1" tsid="245" namespace="0x01680000" />
        <service id="0x006c" sid="108" name="Nick Jr Bulgaria" type="1" provider="DGB2" onid="1" tsid="245" namespace="0x01680000" />
        <service id="0x002a" sid="42" name="Nickelodeon BG" type="1" provider="DGB2" onid="1" tsid="245" namespace="0x01680000" />
        <service id="0x006d" sid="109" name="NickToons BG" type="1" provider="DGB2" onid="1" tsid="245" namespace="0x01680000" />
        <service id="0x006e" sid="110" name="Rybalka i Okhota International" type="22" provider="" onid="1" tsid="245" namespace="0x01680000" />
        <service id="0x002e" sid="46" name="TNT international" type="22" provider="GLOBECAST" onid="1" tsid="245" namespace="0x01680000" />
        <service id="0x002f" sid="47" name="TNT4 International" type="1" provider="Harmonic" onid="1" tsid="245" namespace="0x01680000" />
        <service id="0x0030" sid="48" name="TV-3 International" type="1" provider="Harmonic" onid="1" tsid="245" namespace="0x01680000" />
        <service id="0x004e" sid="78" name="United States of Africa Russia TV" type="1" provider="" onid="1" tsid="245" namespace="0x01680000" />
      </transponder>
    </satellite>
    <satellite key="01680000:7594:036e" name="Sat-36E" namespace="0x01680000" position="36">
      <transponder key="01680000:7594:036e" frequency="11230000" symbol_rate="15000000" polarization="H" fec="7" system="0" modulation="0">
        <service id="0x0006" sid="6" name="COMEDY ARKHI" type="1" provider="STEREO +" onid="878" tsid="30100" namespace="0x01680000" />
        <service id="0x0002" sid="2" name="GDS" type="1" provider="STEREO +" onid="878" tsid="30100" namespace="0x01680000" />
        <service id="0x0001" sid="1" name="IMEDI" type="1" provider="STEREO +" onid="878" tsid="30100" namespace="0x01680000" />
        <service id="0x000e" sid="14" name="MAESTRO" type="1" provider="STEREO +" onid="878" tsid="30100" namespace="0x01680000" />
        <service id="0x0007" sid="7" name="MARAO" type="1" provider="STEREO +" onid="878" tsid="30100" namespace="0x01680000" />
        <service id="0x000d" sid="13" name="PALITRANES" type="1" provider="Stereo+" onid="878" tsid="30100" namespace="0x01680000" />
        <service id="0x0004" sid="4" name="POSTV" type="1" provider="Stereo+" onid="878" tsid="30100" namespace="0x01680000" />
        <service id="0x0003" sid="3" name="RUSTAVI 2" type="1" provider="STEREO +" onid="878" tsid="30100" namespace="0x01680000" />
        <service id="0x0005" sid="5" name="TV PIRVELI" type="1" provider="STEREO +" onid="878" tsid="30100" namespace="0x01680000" />
      </transponder>
    </satellite>
    <satellite key="01680000:ff79:036e" name="Sat-36E" namespace="0x01680000" position="36">
      <transponder key="01680000:ff79:036e" frequency="12245000" symbol_rate="27500000" polarization="H" fec="3" system="0" modulation="0">
        <service id="0x006e" sid="110" name="AMFam" type="1" provider="MCK" onid="878" tsid="65401" namespace="0x01680000" />
        <service id="0x002e" sid="46" name="FAITH" type="1" provider="MCK" onid="878" tsid="65401" namespace="0x01680000" />
        <service id="0x002d" sid="45" name="MaiM+" type="1" provider="MCK" onid="878" tsid="65401" namespace="0x01680000" />
        <service id="0x006a" sid="106" name="Max 1" type="1" provider="MCK" onid="878" tsid="65401" namespace="0x01680000" />
        <service id="0x0030" sid="48" name="Max1P" type="1" provider="MCK" onid="878" tsid="65401" namespace="0x01680000" />
        <service id="0x006d" sid="109" name="Me" type="1" provider="MCK" onid="878" tsid="65401" namespace="0x01680000" />
        <service id="0x006f" sid="111" name="Mega" type="1" provider="MCK" onid="878" tsid="65401" namespace="0x01680000" />
        <service id="0x0031" sid="49" name="Mira" type="1" provider="MCK" onid="878" tsid="65401" namespace="0x01680000" />
        <service id="0x002a" sid="42" name="MM1 E" type="1" provider="MCK" onid="878" tsid="65401" namespace="0x01680000" />
        <service id="0x0029" sid="41" name="MNetW" type="1" provider="MCK" onid="878" tsid="65401" namespace="0x01680000" />
        <service id="0x002c" sid="44" name="PREML" type="1" provider="MCK" onid="878" tsid="65401" namespace="0x01680000" />
        <service id="0x004a" sid="74" name="PREMP" type="1" provider="MCK" onid="878" tsid="65401" namespace="0x01680000" />
        <service id="0x006c" sid="108" name="SABCN" type="1" provider="MCK" onid="878" tsid="65401" namespace="0x01680000" />
        <service id="0x002b" sid="43" name="VAR 3" type="1" provider="MCK" onid="878" tsid="65401" namespace="0x01680000" />
        <service id="0x004b" sid="75" name="Var 3" type="1" provider="MCK" onid="878" tsid="65401" namespace="0x01680000" />
        <service id="0x004c" sid="76" name="VAR3P" type="1" provider="MCK" onid="878" tsid="65401" namespace="0x01680000" />
        <service id="0x006b" sid="107" name="W17" type="1" provider="MCK" onid="878" tsid="65401" namespace="0x01680000" />
      </transponder>
    </satellite>
    <satellite key="01680000:ff7a:036e" name="Sat-36E" namespace="0x01680000" position="36">
      <transponder key="01680000:ff7a:036e" frequency="12054000" symbol_rate="27500000" polarization="H" fec="3" system="0" modulation="0">
        <service id="0x00d7" sid="215" name="ACT" type="1" provider="MCK" onid="878" tsid="65402" namespace="0x01680000" />
        <service id="0x00de" sid="222" name="Act" type="1" provider="MCK" onid="878" tsid="65402" namespace="0x01680000" />
        <service id="0x00df" sid="223" name="ACTP" type="1" provider="MCK" onid="878" tsid="65402" namespace="0x01680000" />
        <service id="0x1fa4" sid="8100" name="AOKS" type="1" provider="MCK" onid="878" tsid="65402" namespace="0x01680000" />
        <service id="0x00ce" sid="206" name="BBC W" type="1" provider="MCK" onid="878" tsid="65402" namespace="0x01680000" />
        <service id="0x00d3" sid="211" name="DMove" type="1" provider="MCK" onid="878" tsid="65402" namespace="0x01680000" />
        <service id="0x00d5" sid="213" name="Dsny" type="1" provider="MCK" onid="878" tsid="65402" namespace="0x01680000" />
        <service id="0x00d4" sid="212" name="FOOTB" type="1" provider="MCK" onid="878" tsid="65402" namespace="0x01680000" />
        <service id="0x00da" sid="218" name="FootB" type="1" provider="MCK" onid="878" tsid="65402" namespace="0x01680000" />
        <service id="0x00d8" sid="216" name="FTBP" type="1" provider="MCK" onid="878" tsid="65402" namespace="0x01680000" />
        <service id="0x00d0" sid="208" name="GOLF" type="1" provider="MCK" onid="878" tsid="65402" namespace="0x01680000" />
        <service id="0x00e2" sid="226" name="Golf" type="1" provider="MCK" onid="878" tsid="65402" namespace="0x01680000" />
        <service id="0x00e3" sid="227" name="GOLFP" type="1" provider="MCK" onid="878" tsid="65402" namespace="0x01680000" />
        <service id="0x00c9" sid="201" name="MNetE" type="1" provider="MCK" onid="878" tsid="65402" namespace="0x01680000" />
        <service id="0x00dd" sid="221" name="MOTOP" type="1" provider="MCK" onid="878" tsid="65402" namespace="0x01680000" />
        <service id="0x00ca" sid="202" name="MOTOR" type="1" provider="MCK" onid="878" tsid="65402" namespace="0x01680000" />
        <service id="0x00dc" sid="220" name="Motor" type="1" provider="MCK" onid="878" tsid="65402" namespace="0x01680000" />
        <service id="0x00d2" sid="210" name="MTV" type="1" provider="MCK" onid="878" tsid="65402" namespace="0x01680000" />
        <service id="0x00cf" sid="207" name="MTV B" type="1" provider="MCK" onid="878" tsid="65402" namespace="0x01680000" />
        <service id="0x00d1" sid="209" name="OneZ" type="1" provider="MCK" onid="878" tsid="65402" namespace="0x01680000" />
        <service id="0x00fa" sid="250" name="PVRG" type="1" provider="MCK" onid="878" tsid="65402" namespace="0x01680000" />
        <service id="0x00e1" sid="225" name="RUGBP" type="1" provider="MCK" onid="878" tsid="65402" namespace="0x01680000" />
        <service id="0x00cb" sid="203" name="RUGBY" type="1" provider="MCK" onid="878" tsid="65402" namespace="0x01680000" />
        <service id="0x00e0" sid="224" name="Rugby" type="1" provider="MCK" onid="878" tsid="65402" namespace="0x01680000" />
        <service id="0x00cd" sid="205" name="VAR 2" type="1" provider="MCK" onid="878" tsid="65402" namespace="0x01680000" />
        <service id="0x00d9" sid="217" name="Var 2" type="1" provider="MCK" onid="878" tsid="65402" namespace="0x01680000" />
        <service id="0x00db" sid="219" name="VAR2P" type="1" provider="MCK" onid="878" tsid="65402" namespace="0x01680000" />
        <service id="0x00d6" sid="214" name="Zbezi" type="1" provider="MCK" onid="878" tsid="65402" namespace="0x01680000" />
      </transponder>
    </satellite>
    <satellite key="01680000:ff7b:036e" name="Sat-36E" namespace="0x01680000" position="36">
      <transponder key="01680000:ff7b:036e" frequency="12015000" symbol_rate="27500000" polarization="H" fec="3" system="0" modulation="0">
        <service id="0x013a" sid="314" name="CBS J" type="1" provider="MCK" onid="878" tsid="65403" namespace="0x01680000" />
        <service id="0x0054" sid="84" name="EMMTV" type="1" provider="MCK" onid="878" tsid="65403" namespace="0x01680000" />
        <service id="0x0052" sid="82" name="EuroF" type="1" provider="MCK" onid="878" tsid="65403" namespace="0x01680000" />
        <service id="0x0058" sid="88" name="EuroG" type="1" provider="MCK" onid="878" tsid="65403" namespace="0x01680000" />
        <service id="0x012e" sid="302" name="EuroN" type="1" provider="MCK" onid="878" tsid="65403" namespace="0x01680000" />
        <service id="0x008a" sid="138" name="EuroP" type="1" provider="MCK" onid="878" tsid="65403" namespace="0x01680000" />
        <service id="0x0057" sid="87" name="HipTV" type="1" provider="MCK" onid="878" tsid="65403" namespace="0x01680000" />
        <service id="0x012f" sid="303" name="InfoS" type="1" provider="MCK" onid="878" tsid="65403" namespace="0x01680000" />
        <service id="0x012d" sid="301" name="JimJ" type="1" provider="MCK" onid="878" tsid="65403" namespace="0x01680000" />
        <service id="0x0053" sid="83" name="RAI" type="1" provider="MCK" onid="878" tsid="65403" namespace="0x01680000" />
        <service id="0x013b" sid="315" name="SPICE" type="1" provider="MCK" onid="878" tsid="65403" namespace="0x01680000" />
        <service id="0x0059" sid="89" name="WION" type="1" provider="MCK" onid="878" tsid="65403" namespace="0x01680000" />
        <service id="0x0056" sid="86" name="Okapi" type="2" provider="MCK" onid="878" tsid="65403" namespace="0x01680000" radio="1" />
      </transponder>
    </satellite>
    <satellite key="01680000:ff7c:036e" name="Sat-36E" namespace="0x01680000" position="36">
      <transponder key="01680000:ff7c:036e" frequency="11977000" symbol_rate="27500000" polarization="H" fec="3" system="0" modulation="0">
        <service id="0x019b" sid="411" name="AYVTV" type="1" provider="MCK" onid="878" tsid="65404" namespace="0x01680000" />
        <service id="0x00c5" sid="197" name="BBC B" type="1" provider="MCK" onid="878" tsid="65404" namespace="0x01680000" />
        <service id="0x00c4" sid="196" name="BestB" type="1" provider="MCK" onid="878" tsid="65404" namespace="0x01680000" />
        <service id="0x00c0" sid="192" name="C+" type="1" provider="MCK" onid="878" tsid="65404" namespace="0x01680000" />
        <service id="0x00c1" sid="193" name="E !" type="1" provider="MCK" onid="878" tsid="65404" namespace="0x01680000" />
        <service id="0x00bf" sid="191" name="E ! P" type="1" provider="MCK" onid="878" tsid="65404" namespace="0x01680000" />
        <service id="0x019f" sid="415" name="FOOD" type="1" provider="MCK" onid="878" tsid="65404" namespace="0x01680000" />
        <service id="0x019d" sid="413" name="FOOD P" type="1" provider="MCK" onid="878" tsid="65404" namespace="0x01680000" />
        <service id="0x00c3" sid="195" name="HIST" type="1" provider="MCK" onid="878" tsid="65404" namespace="0x01680000" />
        <service id="0x00c6" sid="198" name="NDTV" type="1" provider="MCK" onid="878" tsid="65404" namespace="0x01680000" />
        <service id="0x00c7" sid="199" name="NTA I" type="1" provider="MCK" onid="878" tsid="65404" namespace="0x01680000" />
        <service id="0x019a" sid="410" name="RTPi" type="1" provider="MCK" onid="878" tsid="65404" namespace="0x01680000" />
        <service id="0x00c2" sid="194" name="TV5" type="1" provider="MCK" onid="878" tsid="65404" namespace="0x01680000" />
        <service id="0x019c" sid="412" name="Zee C" type="1" provider="MCK" onid="878" tsid="65404" namespace="0x01680000" />
        <service id="0x01c6" sid="454" name="RFI" type="2" provider="MCK" onid="878" tsid="65404" namespace="0x01680000" radio="1" />
      </transponder>
    </satellite>
    <satellite key="01680000:ff7d:036e" name="Sat-36E" namespace="0x01680000" position="36">
      <transponder key="01680000:ff7d:036e" frequency="11938000" symbol_rate="27500000" polarization="H" fec="3" system="0" modulation="0">
        <service id="0x00c9" sid="201" name="513" type="1" provider="MCK" onid="878" tsid="65405" namespace="0x01680000" />
        <service id="0x01f7" sid="503" name="AIT" type="1" provider="MCK" onid="878" tsid="65405" namespace="0x01680000" />
        <service id="0x01fc" sid="508" name="AJE" type="1" provider="MCK" onid="878" tsid="65405" namespace="0x01680000" />
        <service id="0x01f9" sid="505" name="BBC L" type="1" provider="MCK" onid="878" tsid="65405" namespace="0x01680000" />
        <service id="0x01fa" sid="506" name="Boom" type="1" provider="MCK" onid="878" tsid="65405" namespace="0x01680000" />
        <service id="0x01f6" sid="502" name="CCTV4" type="1" provider="MCK" onid="878" tsid="65405" namespace="0x01680000" />
        <service id="0x01f5" sid="501" name="CGTN" type="1" provider="MCK" onid="878" tsid="65405" namespace="0x01680000" />
        <service id="0x01ff" sid="511" name="Curio" type="1" provider="MCK" onid="878" tsid="65405" namespace="0x01680000" />
        <service id="0x01f8" sid="504" name="DiscF" type="1" provider="MCK" onid="878" tsid="65405" namespace="0x01680000" />
        <service id="0x01fd" sid="509" name="DYSTR" type="1" provider="MCK" onid="878" tsid="65405" namespace="0x01680000" />
        <service id="0x01fe" sid="510" name="Mitv" type="1" provider="MCK" onid="878" tsid="65405" namespace="0x01680000" />
        <service id="0x00c8" sid="200" name="NHK" type="1" provider="MCK" onid="878" tsid="65405" namespace="0x01680000" />
        <service id="0x01fb" sid="507" name="NickJ" type="1" provider="MCK" onid="878" tsid="65405" namespace="0x01680000" />
        <service id="0x00ca" sid="202" name="NickJA" type="1" provider="MCK" onid="878" tsid="65405" namespace="0x01680000" />
      </transponder>
    </satellite>
    <satellite key="01680000:ff7e:036e" name="Sat-36E" namespace="0x01680000" position="36">
      <transponder key="01680000:ff7e:036e" frequency="11900000" symbol_rate="27500000" polarization="H" fec="3" system="0" modulation="0">
        <service id="0x025f" sid="607" name="AMEpic" type="1" provider="MCK" onid="878" tsid="65406" namespace="0x01680000" />
        <service id="0x0068" sid="104" name="BLITZ" type="1" provider="MCK" onid="878" tsid="65406" namespace="0x01680000" />
        <service id="0x026c" sid="620" name="Blitz" type="1" provider="MCK" onid="878" tsid="65406" namespace="0x01680000" />
        <service id="0x010b" sid="267" name="BLTZP" type="1" provider="MCK" onid="878" tsid="65406" namespace="0x01680000" />
        <service id="0x0067" sid="103" name="CBS P" type="1" provider="MCK" onid="878" tsid="65406" namespace="0x01680000" />
        <service id="0x025a" sid="602" name="CBS R" type="1" provider="MCK" onid="878" tsid="65406" namespace="0x01680000" />
        <service id="0x025c" sid="604" name="CN" type="1" provider="MCK" onid="878" tsid="65406" namespace="0x01680000" />
        <service id="0x025b" sid="603" name="FOOT+" type="1" provider="MCK" onid="878" tsid="65406" namespace="0x01680000" />
        <service id="0x010d" sid="269" name="FTB+P" type="1" provider="MCK" onid="878" tsid="65406" namespace="0x01680000" />
        <service id="0x006c" sid="108" name="GRAND" type="1" provider="MCK" onid="878" tsid="65406" namespace="0x01680000" />
        <service id="0x026b" sid="619" name="Grand" type="1" provider="MCK" onid="878" tsid="65406" namespace="0x01680000" />
        <service id="0x010c" sid="268" name="GRNDP" type="1" provider="MCK" onid="878" tsid="65406" namespace="0x01680000" />
        <service id="0x010a" sid="266" name="HAUSA" type="1" provider="MCK" onid="878" tsid="65406" namespace="0x01680000" />
        <service id="0x026a" sid="618" name="LIGAP" type="1" provider="MCK" onid="878" tsid="65406" namespace="0x01680000" />
        <service id="0x0069" sid="105" name="LLIGA" type="1" provider="MCK" onid="878" tsid="65406" namespace="0x01680000" />
        <service id="0x025e" sid="606" name="NaGeo" type="1" provider="MCK" onid="878" tsid="65406" namespace="0x01680000" />
        <service id="0x006b" sid="107" name="STN" type="1" provider="MCK" onid="878" tsid="65406" namespace="0x01680000" />
        <service id="0x006a" sid="106" name="TVE" type="1" provider="MCK" onid="878" tsid="65406" namespace="0x01680000" />
        <service id="0x006d" sid="109" name="YORUB" type="1" provider="MCK" onid="878" tsid="65406" namespace="0x01680000" />
      </transponder>
    </satellite>
    <satellite key="01680000:ff7f:036e" name="Sat-36E" namespace="0x01680000" position="36">
      <transponder key="01680000:ff7f:036e" frequency="11862000" symbol_rate="27500000" polarization="H" fec="3" system="0" modulation="0">
        <service id="0x1b60" sid="7008" name="1M E" type="1" provider="MCK" onid="878" tsid="65407" namespace="0x01680000" />
        <service id="0x1b5e" sid="7006" name="AMIgb" type="1" provider="MCK" onid="878" tsid="65407" namespace="0x01680000" />
        <service id="0x1b62" sid="7010" name="BONGO" type="1" provider="MCK" onid="878" tsid="65407" namespace="0x01680000" />
        <service id="0x1b5c" sid="7004" name="CITIZ" type="1" provider="MCK" onid="878" tsid="65407" namespace="0x01680000" />
        <service id="0x1b8a" sid="7050" name="EasyInfo" type="1" provider="MCK" onid="878" tsid="65407" namespace="0x01680000" />
        <service id="0x1b64" sid="7012" name="MM 4" type="1" provider="MCK" onid="878" tsid="65407" namespace="0x01680000" />
        <service id="0x1b5f" sid="7007" name="OGTV" type="1" provider="MCK" onid="878" tsid="65407" namespace="0x01680000" />
        <service id="0x1b61" sid="7009" name="ZeeTV" type="1" provider="MCK" onid="878" tsid="65407" namespace="0x01680000" />
        <service id="0x1b63" sid="7011" name="ZeeW" type="1" provider="MCK" onid="878" tsid="65407" namespace="0x01680000" />
        <service id="0x1b65" sid="7013" name="ZeeW P" type="1" provider="MCK" onid="878" tsid="65407" namespace="0x01680000" />
      </transponder>
    </satellite>
    <satellite key="01680000:ff80:036e" name="Sat-36E" namespace="0x01680000" position="36">
      <transponder key="01680000:ff80:036e" frequency="11823000" symbol_rate="27500000" polarization="H" fec="3" system="0" modulation="0">
        <service id="0x014b" sid="331" name="A+" type="1" provider="MCK" onid="878" tsid="65408" namespace="0x01680000" />
        <service id="0x0094" sid="148" name="C+ CC" type="1" provider="MCK" onid="878" tsid="65408" namespace="0x01680000" />
        <service id="0x008d" sid="141" name="C+ S3" type="1" provider="MCK" onid="878" tsid="65408" namespace="0x01680000" />
        <service id="0x008e" sid="142" name="FR2" type="1" provider="MCK" onid="878" tsid="65408" namespace="0x01680000" />
        <service id="0x032a" sid="810" name="MUNDL" type="1" provider="MCK" onid="878" tsid="65408" namespace="0x01680000" />
        <service id="0x0095" sid="149" name="Naija" type="1" provider="MCK" onid="878" tsid="65408" namespace="0x01680000" />
        <service id="0x0093" sid="147" name="Novel" type="1" provider="MCK" onid="878" tsid="65408" namespace="0x01680000" />
        <service id="0x032b" sid="811" name="Piwi+" type="1" provider="MCK" onid="878" tsid="65408" namespace="0x01680000" />
        <service id="0x0091" sid="145" name="Plan" type="1" provider="MCK" onid="878" tsid="65408" namespace="0x01680000" />
        <service id="0x0092" sid="146" name="RTL9" type="1" provider="MCK" onid="878" tsid="65408" namespace="0x01680000" />
        <service id="0x032d" sid="813" name="SkyN" type="1" provider="MCK" onid="878" tsid="65408" namespace="0x01680000" />
        <service id="0x032c" sid="812" name="TF1" type="1" provider="MCK" onid="878" tsid="65408" namespace="0x01680000" />
        <service id="0x0090" sid="144" name="Toon+" type="1" provider="MCK" onid="878" tsid="65408" namespace="0x01680000" />
      </transponder>
    </satellite>
    <satellite key="01680000:ff81:036e" name="Sat-36E" namespace="0x01680000" position="36">
      <transponder key="01680000:ff81:036e" frequency="11958000" symbol_rate="27500000" polarization="V" fec="3" system="0" modulation="0">
        <service id="0x038c" sid="908" name="Amhra" type="1" provider="MCK" onid="878" tsid="65409" namespace="0x01680000" />
        <service id="0x00bd" sid="189" name="AXN M" type="1" provider="MCK" onid="878" tsid="65409" namespace="0x01680000" />
        <service id="0x00b7" sid="183" name="ComTest1" type="1" provider="MCK" onid="878" tsid="65409" namespace="0x01680000" />
        <service id="0x00b8" sid="184" name="ComTest2" type="1" provider="MCK" onid="878" tsid="65409" namespace="0x01680000" />
        <service id="0x00ba" sid="186" name="GLOOM" type="1" provider="MCK" onid="878" tsid="65409" namespace="0x01680000" />
        <service id="0x038a" sid="906" name="MTV P" type="1" provider="MCK" onid="878" tsid="65409" namespace="0x01680000" />
        <service id="0x00bb" sid="187" name="Mundo" type="1" provider="MCK" onid="878" tsid="65409" namespace="0x01680000" />
        <service id="0x00b6" sid="182" name="MyCha" type="1" provider="MCK" onid="878" tsid="65409" namespace="0x01680000" />
        <service id="0x038b" sid="907" name="NGeoP" type="1" provider="MCK" onid="878" tsid="65409" namespace="0x01680000" />
        <service id="0x00b9" sid="185" name="Nick P" type="1" provider="MCK" onid="878" tsid="65409" namespace="0x01680000" />
        <service id="0x00b5" sid="181" name="RTPa" type="1" provider="MCK" onid="878" tsid="65409" namespace="0x01680000" />
        <service id="0x038d" sid="909" name="TeleM P" type="1" provider="MCK" onid="878" tsid="65409" namespace="0x01680000" />
        <service id="0x00bc" sid="188" name="VIW" type="1" provider="MCK" onid="878" tsid="65409" namespace="0x01680000" />
      </transponder>
    </satellite>
    <satellite key="01680000:ff82:036e" name="Sat-36E" namespace="0x01680000" position="36">
      <transponder key="01680000:ff82:036e" frequency="11996000" symbol_rate="27500000" polarization="V" fec="2" system="0" modulation="0">
        <service id="0x03ec" sid="1004" name="AXN HD" type="25" provider="MCK" onid="878" tsid="65410" namespace="0x01680000" />
        <service id="0x03ef" sid="1007" name="BandaHD" type="25" provider="MCK" onid="878" tsid="65410" namespace="0x01680000" />
        <service id="0x03ee" sid="1006" name="CineHD" type="25" provider="MCK" onid="878" tsid="65410" namespace="0x01680000" />
        <service id="0x03e9" sid="1001" name="Disc HD" type="25" provider="MCK" onid="878" tsid="65410" namespace="0x01680000" />
        <service id="0x03ea" sid="1002" name="MyChaHD" type="25" provider="MCK" onid="878" tsid="65410" namespace="0x01680000" />
        <service id="0x03ed" sid="1005" name="StUniHD" type="25" provider="MCK" onid="878" tsid="65410" namespace="0x01680000" />
        <service id="0x03eb" sid="1003" name="TVCT HD" type="25" provider="MCK" onid="878" tsid="65410" namespace="0x01680000" />
      </transponder>
    </satellite>
    <satellite key="01680000:ff83:036e" name="Sat-36E" namespace="0x01680000" position="36">
      <transponder key="01680000:ff83:036e" frequency="12073000" symbol_rate="27500000" polarization="V" fec="3" system="0" modulation="0">
        <service id="0x07d4" sid="2004" name="Adom" type="1" provider="MCK" onid="878" tsid="65411" namespace="0x01680000" />
        <service id="0x07d5" sid="2005" name="CGTNF" type="1" provider="MCK" onid="878" tsid="65411" namespace="0x01680000" />
        <service id="0x07dc" sid="2012" name="Dove" type="1" provider="MCK" onid="878" tsid="65411" namespace="0x01680000" />
        <service id="0x07d3" sid="2003" name="ESPN" type="1" provider="MCK" onid="878" tsid="65411" namespace="0x01680000" />
        <service id="0x07de" sid="2014" name="ESPNP" type="1" provider="MCK" onid="878" tsid="65411" namespace="0x01680000" />
        <service id="0x07d2" sid="2002" name="GHOne" type="1" provider="MCK" onid="878" tsid="65411" namespace="0x01680000" />
        <service id="0x07dd" sid="2013" name="Joy N" type="1" provider="MCK" onid="878" tsid="65411" namespace="0x01680000" />
        <service id="0x07d6" sid="2006" name="Joy P" type="1" provider="MCK" onid="878" tsid="65411" namespace="0x01680000" />
        <service id="0x07db" sid="2011" name="LTV" type="1" provider="MCK" onid="878" tsid="65411" namespace="0x01680000" />
        <service id="0x07d7" sid="2007" name="NBStv" type="1" provider="MCK" onid="878" tsid="65411" namespace="0x01680000" />
        <service id="0x07d1" sid="2001" name="Plnca" type="1" provider="MCK" onid="878" tsid="65411" namespace="0x01680000" />
        <service id="0x07da" sid="2010" name="StarL" type="1" provider="MCK" onid="878" tsid="65411" namespace="0x01680000" />
        <service id="0x07d9" sid="2009" name="TV3" type="1" provider="MCK" onid="878" tsid="65411" namespace="0x01680000" />
        <service id="0x07d8" sid="2008" name="UTV" type="1" provider="MCK" onid="878" tsid="65411" namespace="0x01680000" />
      </transponder>
    </satellite>
    <satellite key="01680000:ff85:036e" name="Sat-36E" namespace="0x01680000" position="36">
      <transponder key="01680000:ff85:036e" frequency="12034000" symbol_rate="27500000" polarization="V" fec="3" system="0" modulation="0">
        <service id="0x00cc" sid="204" name="Akili" type="1" provider="MCK" onid="878" tsid="65413" namespace="0x01680000" />
        <service id="0x00d0" sid="208" name="CGTND" type="1" provider="MCK" onid="878" tsid="65413" namespace="0x01680000" />
        <service id="0x00cf" sid="207" name="ETV N" type="1" provider="MCK" onid="878" tsid="65413" namespace="0x01680000" />
        <service id="0x00cd" sid="205" name="Event5" type="1" provider="MCK" onid="878" tsid="65413" namespace="0x01680000" />
        <service id="0x051f" sid="1311" name="EWTN" type="1" provider="MCK" onid="878" tsid="65413" namespace="0x01680000" />
        <service id="0x051e" sid="1310" name="FR24" type="1" provider="MCK" onid="878" tsid="65413" namespace="0x01680000" />
        <service id="0x00cb" sid="203" name="JimJ P" type="1" provider="MCK" onid="878" tsid="65413" namespace="0x01680000" />
        <service id="0x00d1" sid="209" name="Lumen" type="1" provider="MCK" onid="878" tsid="65413" namespace="0x01680000" />
        <service id="0x051d" sid="1309" name="PBS K" type="1" provider="MCK" onid="878" tsid="65413" namespace="0x01680000" />
        <service id="0x051b" sid="1307" name="RealT" type="1" provider="MCK" onid="878" tsid="65413" namespace="0x01680000" />
        <service id="0x00ce" sid="206" name="Sunna" type="1" provider="MCK" onid="878" tsid="65413" namespace="0x01680000" />
        <service id="0x051a" sid="1306" name="TeleM" type="1" provider="MCK" onid="878" tsid="65413" namespace="0x01680000" />
        <service id="0x051c" sid="1308" name="Vinci" type="1" provider="MCK" onid="878" tsid="65413" namespace="0x01680000" />
      </transponder>
    </satellite>
    <satellite key="01680000:ff86:036e" name="Sat-36E" namespace="0x01680000" position="36">
      <transponder key="01680000:ff86:036e" frequency="11747000" symbol_rate="27500000" polarization="H" fec="3" system="0" modulation="0">
        <service id="0x057a" sid="1402" name="B4U" type="1" provider="MCK" onid="878" tsid="65414" namespace="0x01680000" />
        <service id="0x057f" sid="1407" name="CNBCA" type="1" provider="MCK" onid="878" tsid="65414" namespace="0x01680000" />
        <service id="0x00f7" sid="247" name="CNN" type="1" provider="MCK" onid="878" tsid="65414" namespace="0x01680000" />
        <service id="0x00f5" sid="245" name="CRICK" type="1" provider="MCK" onid="878" tsid="65414" namespace="0x01680000" />
        <service id="0x024b" sid="587" name="Crick" type="1" provider="MCK" onid="878" tsid="65414" namespace="0x01680000" />
        <service id="0x024c" sid="588" name="CRICP" type="1" provider="MCK" onid="878" tsid="65414" namespace="0x01680000" />
        <service id="0x057e" sid="1406" name="DsnyJ" type="1" provider="MCK" onid="878" tsid="65414" namespace="0x01680000" />
        <service id="0x00f4" sid="244" name="HONEY" type="1" provider="MCK" onid="878" tsid="65414" namespace="0x01680000" />
        <service id="0x00f3" sid="243" name="MM 2" type="1" provider="MCK" onid="878" tsid="65414" namespace="0x01680000" />
        <service id="0x00f8" sid="248" name="Pearl" type="1" provider="MCK" onid="878" tsid="65414" namespace="0x01680000" />
        <service id="0x057b" sid="1403" name="Strng" type="1" provider="MCK" onid="878" tsid="65414" namespace="0x01680000" />
        <service id="0x00f6" sid="246" name="TOPTV" type="1" provider="MCK" onid="878" tsid="65414" namespace="0x01680000" />
        <service id="0x024a" sid="586" name="Var 1" type="1" provider="MCK" onid="878" tsid="65414" namespace="0x01680000" />
        <service id="0x057c" sid="1404" name="VAR 1" type="1" provider="MCK" onid="878" tsid="65414" namespace="0x01680000" />
        <service id="0x00f9" sid="249" name="VAR1P" type="1" provider="MCK" onid="878" tsid="65414" namespace="0x01680000" />
        <service id="0x057d" sid="1405" name="VU7" type="1" provider="MCK" onid="878" tsid="65414" namespace="0x01680000" />
        <service id="0x05ad" sid="1453" name="Ahadu" type="2" provider="MCK" onid="878" tsid="65414" namespace="0x01680000" radio="1" />
        <service id="0x05ab" sid="1451" name="Ethio" type="2" provider="MCK" onid="878" tsid="65414" namespace="0x01680000" radio="1" />
        <service id="0x05ac" sid="1452" name="NXT R" type="2" provider="MCK" onid="878" tsid="65414" namespace="0x01680000" radio="1" />
      </transponder>
    </satellite>
    <satellite key="01680000:ff87:036e" name="Sat-36E" namespace="0x01680000" position="36">
      <transponder key="01680000:ff87:036e" frequency="11881000" symbol_rate="27500000" polarization="V" fec="3" system="0" modulation="0">
        <service id="0x3aa1" sid="15009" name="AfrN" type="1" provider="MCK" onid="878" tsid="65415" namespace="0x01680000" />
        <service id="0x0003" sid="3" name="DMX RDR" type="1" provider="MCK" onid="878" tsid="65415" namespace="0x01680000" />
        <service id="0x3a9e" sid="15006" name="Evnt3" type="1" provider="MCK" onid="878" tsid="65415" namespace="0x01680000" />
        <service id="0x3aa2" sid="15010" name="Mais" type="1" provider="MCK" onid="878" tsid="65415" namespace="0x01680000" />
        <service id="0x3a9a" sid="15002" name="Minds" type="1" provider="MCK" onid="878" tsid="65415" namespace="0x01680000" />
        <service id="0x3a9b" sid="15003" name="TBN" type="1" provider="MCK" onid="878" tsid="65415" namespace="0x01680000" />
        <service id="0x3a9d" sid="15005" name="TNT A" type="1" provider="MCK" onid="878" tsid="65415" namespace="0x01680000" />
        <service id="0x3a9c" sid="15004" name="URBAN" type="1" provider="MCK" onid="878" tsid="65415" namespace="0x01680000" />
        <service id="0x3a99" sid="15001" name="Zimbo" type="1" provider="MCK" onid="878" tsid="65415" namespace="0x01680000" />
        <service id="0x06f8" sid="1784" name="'70s" type="2" provider="MCK" onid="878" tsid="65415" namespace="0x01680000" radio="1" />
        <service id="0x06f7" sid="1783" name="'90s" type="2" provider="MCK" onid="878" tsid="65415" namespace="0x01680000" radio="1" />
        <service id="0x06f9" sid="1785" name="80's" type="2" provider="MCK" onid="878" tsid="65415" namespace="0x01680000" radio="1" />
        <service id="0x06ed" sid="1773" name="A &amp; O" type="2" provider="MCK" onid="878" tsid="65415" namespace="0x01680000" radio="1" />
        <service id="0x178a" sid="6026" name="AdulC" type="2" provider="MCK" onid="878" tsid="65415" namespace="0x01680000" radio="1" />
        <service id="0x06ff" sid="1791" name="AfriR" type="2" provider="MCK" onid="878" tsid="65415" namespace="0x01680000" radio="1" />
        <service id="0x177e" sid="6014" name="AltR" type="2" provider="MCK" onid="878" tsid="65415" namespace="0x01680000" radio="1" />
        <service id="0x3afd" sid="15101" name="BBCen" type="2" provider="MCK" onid="878" tsid="65415" namespace="0x01680000" radio="1" />
        <service id="0x3afe" sid="15102" name="BBCfr" type="2" provider="MCK" onid="878" tsid="65415" namespace="0x01680000" radio="1" />
        <service id="0x3aff" sid="15103" name="BBCln" type="2" provider="MCK" onid="878" tsid="65415" namespace="0x01680000" radio="1" />
        <service id="0x06ef" sid="1775" name="Beaut" type="2" provider="MCK" onid="878" tsid="65415" namespace="0x01680000" radio="1" />
        <service id="0x06fe" sid="1790" name="Blues" type="2" provider="MCK" onid="878" tsid="65415" namespace="0x01680000" radio="1" />
        <service id="0x177c" sid="6012" name="CampR" type="2" provider="MCK" onid="878" tsid="65415" namespace="0x01680000" radio="1" />
        <service id="0x06ec" sid="1772" name="Chamb" type="2" provider="MCK" onid="878" tsid="65415" namespace="0x01680000" radio="1" />
        <service id="0x3b00" sid="15104" name="CII" type="2" provider="MCK" onid="878" tsid="65415" namespace="0x01680000" radio="1" />
        <service id="0x3b04" sid="15108" name="Citi" type="2" provider="MCK" onid="878" tsid="65415" namespace="0x01680000" radio="1" />
        <service id="0x178f" sid="6031" name="City" type="2" provider="MCK" onid="878" tsid="65415" namespace="0x01680000" radio="1" />
        <service id="0x178d" sid="6029" name="ClasJ" type="2" provider="MCK" onid="878" tsid="65415" namespace="0x01680000" radio="1" />
        <service id="0x06f2" sid="1778" name="ClasR" type="2" provider="MCK" onid="878" tsid="65415" namespace="0x01680000" radio="1" />
        <service id="0x06f0" sid="1776" name="ContI" type="2" provider="MCK" onid="878" tsid="65415" namespace="0x01680000" radio="1" />
        <service id="0x177a" sid="6010" name="Dance" type="2" provider="MCK" onid="878" tsid="65415" namespace="0x01680000" radio="1" />
        <service id="0x06fd" sid="1789" name="FamF" type="2" provider="MCK" onid="878" tsid="65415" namespace="0x01680000" radio="1" />
        <service id="0x3b06" sid="15110" name="FanaFM" type="2" provider="MCK" onid="878" tsid="65415" namespace="0x01680000" radio="1" />
        <service id="0x02c2" sid="706" name="FrenC" type="2" provider="MCK" onid="878" tsid="65415" namespace="0x01680000" radio="1" />
        <service id="0x06f6" sid="1782" name="GoldO" type="2" provider="MCK" onid="878" tsid="65415" namespace="0x01680000" radio="1" />
        <service id="0x02bf" sid="703" name="Gospl" type="2" provider="MCK" onid="878" tsid="65415" namespace="0x01680000" radio="1" />
        <service id="0x178e" sid="6030" name="Groov" type="2" provider="MCK" onid="878" tsid="65415" namespace="0x01680000" radio="1" />
        <service id="0x177d" sid="6013" name="HardR" type="2" provider="MCK" onid="878" tsid="65415" namespace="0x01680000" radio="1" />
        <service id="0x3b05" sid="15109" name="HOT96" type="2" provider="MCK" onid="878" tsid="65415" namespace="0x01680000" radio="1" />
        <service id="0x06f3" sid="1779" name="HsPty" type="2" provider="MCK" onid="878" tsid="65415" namespace="0x01680000" radio="1" />
        <service id="0x02c0" sid="704" name="ItalC" type="2" provider="MCK" onid="878" tsid="65415" namespace="0x01680000" radio="1" />
        <service id="0x06f1" sid="1777" name="Light" type="2" provider="MCK" onid="878" tsid="65415" namespace="0x01680000" radio="1" />
        <service id="0x06ee" sid="1774" name="LiteC" type="2" provider="MCK" onid="878" tsid="65415" namespace="0x01680000" radio="1" />
        <service id="0x06fb" sid="1787" name="Love" type="2" provider="MCK" onid="878" tsid="65415" namespace="0x01680000" radio="1" />
        <service id="0x02c1" sid="705" name="MetrB" type="2" provider="MCK" onid="878" tsid="65415" namespace="0x01680000" radio="1" />
        <service id="0x02c3" sid="707" name="ModnC" type="2" provider="MCK" onid="878" tsid="65415" namespace="0x01680000" radio="1" />
        <service id="0x06f4" sid="1780" name="PowrH" type="2" provider="MCK" onid="878" tsid="65415" namespace="0x01680000" radio="1" />
        <service id="0x06fa" sid="1786" name="R&amp;B" type="2" provider="MCK" onid="878" tsid="65415" namespace="0x01680000" radio="1" />
        <service id="0x02bd" sid="701" name="Regga" type="2" provider="MCK" onid="878" tsid="65415" namespace="0x01680000" radio="1" />
        <service id="0x3b07" sid="15111" name="Shger" type="2" provider="MCK" onid="878" tsid="65415" namespace="0x01680000" radio="1" />
        <service id="0x178c" sid="6028" name="SmthJ" type="2" provider="MCK" onid="878" tsid="65415" namespace="0x01680000" radio="1" />
        <service id="0x06fc" sid="1788" name="SoftH" type="2" provider="MCK" onid="878" tsid="65415" namespace="0x01680000" radio="1" />
        <service id="0x06eb" sid="1771" name="Symph" type="2" provider="MCK" onid="878" tsid="65415" namespace="0x01680000" radio="1" />
        <service id="0x3b01" sid="15105" name="TAR" type="2" provider="MCK" onid="878" tsid="65415" namespace="0x01680000" radio="1" />
        <service id="0x177f" sid="6015" name="TdayH" type="2" provider="MCK" onid="878" tsid="65415" namespace="0x01680000" radio="1" />
        <service id="0x02be" sid="702" name="TradC" type="2" provider="MCK" onid="878" tsid="65415" namespace="0x01680000" radio="1" />
        <service id="0x02bc" sid="700" name="Trots" type="2" provider="MCK" onid="878" tsid="65415" namespace="0x01680000" radio="1" />
        <service id="0x06f5" sid="1781" name="UBeat" type="2" provider="MCK" onid="878" tsid="65415" namespace="0x01680000" radio="1" />
        <service id="0x178b" sid="6027" name="urban" type="2" provider="MCK" onid="878" tsid="65415" namespace="0x01680000" radio="1" />
        <service id="0x3b02" sid="15106" name="VOA" type="2" provider="MCK" onid="878" tsid="65415" namespace="0x01680000" radio="1" />
        <service id="0x3b03" sid="15107" name="WRN" type="2" provider="MCK" onid="878" tsid="65415" namespace="0x01680000" radio="1" />
        <service id="0x177b" sid="6011" name="Y2K" type="2" provider="MCK" onid="878" tsid="65415" namespace="0x01680000" radio="1" />
      </transponder>
    </satellite>
    <satellite key="01680000:ff89:036e" name="Sat-36E" namespace="0x01680000" position="36">
      <transponder key="01680000:ff89:036e" frequency="11804000" symbol_rate="27500000" polarization="V" fec="2" system="0" modulation="0">
        <service id="0x06af" sid="1711" name="Oly1PHD" type="25" provider="MCK" onid="878" tsid="65417" namespace="0x01680000" />
        <service id="0x06ae" sid="1710" name="OLYM1HD" type="25" provider="MCK" onid="878" tsid="65417" namespace="0x01680000" />
      </transponder>
    </satellite>
    <satellite key="01680000:ff8a:036e" name="Sat-36E" namespace="0x01680000" position="36">
      <transponder key="01680000:ff8a:036e" frequency="11843000" symbol_rate="27500000" polarization="V" fec="3" system="0" modulation="0">
        <service id="0x02c9" sid="713" name="AMShw" type="1" provider="MCK" onid="878" tsid="65418" namespace="0x01680000" />
        <service id="0x02c8" sid="712" name="AMUrb" type="1" provider="MCK" onid="878" tsid="65418" namespace="0x01680000" />
        <service id="0x070b" sid="1803" name="dish" type="1" provider="MCK" onid="878" tsid="65418" namespace="0x01680000" />
        <service id="0x070a" sid="1802" name="e.tvA" type="1" provider="MCK" onid="878" tsid="65418" namespace="0x01680000" />
        <service id="0x070d" sid="1805" name="EDU" type="1" provider="MCK" onid="878" tsid="65418" namespace="0x01680000" />
        <service id="0x02cb" sid="715" name="M360" type="1" provider="MCK" onid="878" tsid="65418" namespace="0x01680000" />
        <service id="0x02c6" sid="710" name="MaiME" type="1" provider="MCK" onid="878" tsid="65418" namespace="0x01680000" />
        <service id="0x070f" sid="1807" name="Max 2" type="1" provider="MCK" onid="878" tsid="65418" namespace="0x01680000" />
        <service id="0x02ca" sid="714" name="Max2P" type="1" provider="MCK" onid="878" tsid="65418" namespace="0x01680000" />
        <service id="0x02c5" sid="709" name="PlusA" type="1" provider="MCK" onid="878" tsid="65418" namespace="0x01680000" />
        <service id="0x070e" sid="1806" name="TBC1" type="1" provider="MCK" onid="878" tsid="65418" namespace="0x01680000" />
        <service id="0x02cd" sid="717" name="Tenis" type="1" provider="MCK" onid="878" tsid="65418" namespace="0x01680000" />
        <service id="0x070c" sid="1804" name="TENIS" type="1" provider="MCK" onid="878" tsid="65418" namespace="0x01680000" />
        <service id="0x02ce" sid="718" name="TENSP" type="1" provider="MCK" onid="878" tsid="65418" namespace="0x01680000" />
        <service id="0x02c7" sid="711" name="VAR 4" type="1" provider="MCK" onid="878" tsid="65418" namespace="0x01680000" />
        <service id="0x02cc" sid="716" name="Var 4" type="1" provider="MCK" onid="878" tsid="65418" namespace="0x01680000" />
        <service id="0x02cf" sid="719" name="VAR4P" type="1" provider="MCK" onid="878" tsid="65418" namespace="0x01680000" />
      </transponder>
    </satellite>
    <satellite key="01680000:ff8b:036e" name="Sat-36E" namespace="0x01680000" position="36">
      <transponder key="01680000:ff8b:036e" frequency="11766000" symbol_rate="27500000" polarization="V" fec="3" system="0" modulation="0">
        <service id="0x0132" sid="306" name="BBC C" type="1" provider="MCK" onid="878" tsid="65419" namespace="0x01680000" />
        <service id="0x012f" sid="303" name="Comdy" type="1" provider="MCK" onid="878" tsid="65419" namespace="0x01680000" />
        <service id="0x0131" sid="305" name="Disc" type="1" provider="MCK" onid="878" tsid="65419" namespace="0x01680000" />
        <service id="0x076f" sid="1903" name="ID" type="1" provider="MCK" onid="878" tsid="65419" namespace="0x01680000" />
        <service id="0x0130" sid="304" name="Jama" type="1" provider="MCK" onid="878" tsid="65419" namespace="0x01680000" />
        <service id="0x0135" sid="309" name="Nick" type="1" provider="MCK" onid="878" tsid="65419" namespace="0x01680000" />
        <service id="0x030a" sid="778" name="Ramog" type="1" provider="MCK" onid="878" tsid="65419" namespace="0x01680000" />
        <service id="0x0134" sid="308" name="S Max" type="1" provider="MCK" onid="878" tsid="65419" namespace="0x01680000" />
        <service id="0x0133" sid="307" name="SET A" type="1" provider="MCK" onid="878" tsid="65419" namespace="0x01680000" />
        <service id="0x076e" sid="1902" name="StUni" type="1" provider="MCK" onid="878" tsid="65419" namespace="0x01680000" />
        <service id="0x012e" sid="302" name="TLC" type="1" provider="MCK" onid="878" tsid="65419" namespace="0x01680000" />
        <service id="0x076d" sid="1901" name="UniTV" type="1" provider="MCK" onid="878" tsid="65419" namespace="0x01680000" />
      </transponder>
    </satellite>
    <satellite key="01680000:ff8c:036e" name="Sat-36E" namespace="0x01680000" position="36">
      <transponder key="01680000:ff8c:036e" frequency="12303000" symbol_rate="27500000" polarization="V" fec="3" system="0" modulation="0">
        <service id="0x4e27" sid="20007" name="Arise" type="1" provider="MCK" onid="878" tsid="65420" namespace="0x01680000" />
        <service id="0x4e2a" sid="20010" name="Gospe" type="1" provider="MCK" onid="878" tsid="65420" namespace="0x01680000" />
        <service id="0x4e28" sid="20008" name="ROK 2" type="1" provider="MCK" onid="878" tsid="65420" namespace="0x01680000" />
        <service id="0x4e2b" sid="20011" name="ROKGH" type="1" provider="MCK" onid="878" tsid="65420" namespace="0x01680000" />
        <service id="0x4e2c" sid="20012" name="SSBC" type="1" provider="MCK" onid="878" tsid="65420" namespace="0x01680000" />
        <service id="0x4e23" sid="20003" name="Suces" type="1" provider="MCK" onid="878" tsid="65420" namespace="0x01680000" />
        <service id="0x4e22" sid="20002" name="TK7" type="1" provider="MCK" onid="878" tsid="65420" namespace="0x01680000" />
        <service id="0x4e29" sid="20009" name="TVAfr" type="1" provider="MCK" onid="878" tsid="65420" namespace="0x01680000" />
        <service id="0x4e25" sid="20005" name="VL7" type="1" provider="MCK" onid="878" tsid="65420" namespace="0x01680000" />
        <service id="0x4e24" sid="20004" name="WildE" type="1" provider="MCK" onid="878" tsid="65420" namespace="0x01680000" />
        <service id="0x4e21" sid="20001" name="ZNBC" type="1" provider="MCK" onid="878" tsid="65420" namespace="0x01680000" />
        <service id="0x4e26" sid="20006" name="ZNBC2" type="1" provider="MCK" onid="878" tsid="65420" namespace="0x01680000" />
      </transponder>
    </satellite>
    <satellite key="01680000:ff91:036e" name="Sat-36E" namespace="0x01680000" position="36">
      <transponder key="01680000:ff91:036e" frequency="12207000" symbol_rate="27500000" polarization="H" fec="3" system="0" modulation="0">
        <service id="0x61a9" sid="25001" name="Euro" type="1" provider="MCK" onid="878" tsid="65425" namespace="0x01680000" />
        <service id="0x61aa" sid="25002" name="Foot+" type="1" provider="MCK" onid="878" tsid="65425" namespace="0x01680000" />
        <service id="0x61b4" sid="25012" name="GL TV" type="1" provider="MCK" onid="878" tsid="65425" namespace="0x01680000" />
        <service id="0x61af" sid="25007" name="Glaxy" type="1" provider="MCK" onid="878" tsid="65425" namespace="0x01680000" />
        <service id="0x61b5" sid="25013" name="Kamem" type="1" provider="MCK" onid="878" tsid="65425" namespace="0x01680000" />
        <service id="0x61b0" sid="25008" name="KBCTV" type="1" provider="MCK" onid="878" tsid="65425" namespace="0x01680000" />
        <service id="0x61ad" sid="25005" name="ONMAX" type="1" provider="MCK" onid="878" tsid="65425" namespace="0x01680000" />
        <service id="0x61ab" sid="25003" name="PremL" type="1" provider="MCK" onid="878" tsid="65425" namespace="0x01680000" />
        <service id="0x61ac" sid="25004" name="RTV" type="1" provider="MCK" onid="878" tsid="65425" namespace="0x01680000" />
        <service id="0x61b1" sid="25009" name="Sfari" type="1" provider="MCK" onid="878" tsid="65425" namespace="0x01680000" />
        <service id="0x61ae" sid="25006" name="TVC" type="1" provider="MCK" onid="878" tsid="65425" namespace="0x01680000" />
        <service id="0x61b2" sid="25010" name="WAPTV" type="1" provider="MCK" onid="878" tsid="65425" namespace="0x01680000" />
        <service id="0x61b3" sid="25011" name="Zee A" type="1" provider="MCK" onid="878" tsid="65425" namespace="0x01680000" />
        <service id="0x0733" sid="1843" name="CORO" type="2" provider="MCK" onid="878" tsid="65425" namespace="0x01680000" radio="1" />
        <service id="0x0734" sid="1844" name="East" type="2" provider="MCK" onid="878" tsid="65425" namespace="0x01680000" radio="1" />
        <service id="0x620f" sid="25103" name="KBCes" type="2" provider="MCK" onid="878" tsid="65425" namespace="0x01680000" radio="1" />
        <service id="0x620d" sid="25101" name="KE7" type="2" provider="MCK" onid="878" tsid="65425" namespace="0x01680000" radio="1" />
        <service id="0x0737" sid="1847" name="MshFM" type="2" provider="MCK" onid="878" tsid="65425" namespace="0x01680000" radio="1" />
        <service id="0x0736" sid="1846" name="Mwatu" type="2" provider="MCK" onid="878" tsid="65425" namespace="0x01680000" radio="1" />
        <service id="0x620e" sid="25102" name="N FM" type="2" provider="MCK" onid="878" tsid="65425" namespace="0x01680000" radio="1" />
        <service id="0x0735" sid="1845" name="Nosim" type="2" provider="MCK" onid="878" tsid="65425" namespace="0x01680000" radio="1" />
        <service id="0x0732" sid="1842" name="TAIFA" type="2" provider="MCK" onid="878" tsid="65425" namespace="0x01680000" radio="1" />
      </transponder>
    </satellite>
    <satellite key="01680000:ff92:036e" name="Sat-36E" namespace="0x01680000" position="36">
      <transponder key="01680000:ff92:036e" frequency="12400000" symbol_rate="27500000" polarization="H" fec="3" system="0" modulation="0">
        <service id="0x659d" sid="26013" name="ADDIS" type="1" provider="MCK" onid="878" tsid="65426" namespace="0x01680000" />
        <service id="0x19c5" sid="6597" name="ARTS" type="1" provider="MCK" onid="878" tsid="65426" namespace="0x01680000" />
        <service id="0x659b" sid="26011" name="Asham" type="1" provider="MCK" onid="878" tsid="65426" namespace="0x01680000" />
        <service id="0x19c2" sid="6594" name="BABA" type="1" provider="MCK" onid="878" tsid="65426" namespace="0x01680000" />
        <service id="0x659c" sid="26012" name="Balag" type="1" provider="MCK" onid="878" tsid="65426" namespace="0x01680000" />
        <service id="0x19c4" sid="6596" name="Buk2" type="1" provider="MCK" onid="878" tsid="65426" namespace="0x01680000" />
        <service id="0x19c1" sid="6593" name="CitTV" type="1" provider="MCK" onid="878" tsid="65426" namespace="0x01680000" />
        <service id="0x19c0" sid="6592" name="DomTV" type="1" provider="MCK" onid="878" tsid="65426" namespace="0x01680000" />
        <service id="0x659a" sid="26010" name="Muzik" type="1" provider="MCK" onid="878" tsid="65426" namespace="0x01680000" />
        <service id="0x19c6" sid="6598" name="Nahoo" type="1" provider="MCK" onid="878" tsid="65426" namespace="0x01680000" />
        <service id="0x19c3" sid="6595" name="SALT" type="1" provider="MCK" onid="878" tsid="65426" namespace="0x01680000" />
        <service id="0x19bf" sid="6591" name="SBN" type="1" provider="MCK" onid="878" tsid="65426" namespace="0x01680000" />
        <service id="0x19c7" sid="6599" name="Walta" type="1" provider="MCK" onid="878" tsid="65426" namespace="0x01680000" />
        <service id="0x65c3" sid="26051" name="CitFM" type="2" provider="MCK" onid="878" tsid="65426" namespace="0x01680000" radio="1" />
      </transponder>
    </satellite>
    <satellite key="01680000:ff93:036e" name="Sat-36E" namespace="0x01680000" position="36">
      <transponder key="01680000:ff93:036e" frequency="12361000" symbol_rate="27500000" polarization="H" fec="3" system="0" modulation="0">
        <service id="0x0a94" sid="2708" name="Arewa" type="1" provider="MCK" onid="878" tsid="65427" namespace="0x01680000" />
        <service id="0x0a98" sid="2712" name="BBS" type="1" provider="MCK" onid="878" tsid="65427" namespace="0x01680000" />
        <service id="0x0a8d" sid="2701" name="Inoro" type="1" provider="MCK" onid="878" tsid="65427" namespace="0x01680000" />
        <service id="0x0a96" sid="2710" name="KASS" type="1" provider="MCK" onid="878" tsid="65427" namespace="0x01680000" />
        <service id="0x0a92" sid="2706" name="OBN" type="1" provider="MCK" onid="878" tsid="65427" namespace="0x01680000" />
        <service id="0x0a8e" sid="2702" name="Spark" type="1" provider="MCK" onid="878" tsid="65427" namespace="0x01680000" />
        <service id="0x0a97" sid="2711" name="TeleV" type="1" provider="MCK" onid="878" tsid="65427" namespace="0x01680000" />
        <service id="0x0a91" sid="2705" name="Tigray" type="1" provider="MCK" onid="878" tsid="65427" namespace="0x01680000" />
        <service id="0x0a8f" sid="2703" name="Trybe" type="1" provider="MCK" onid="878" tsid="65427" namespace="0x01680000" />
        <service id="0x0a90" sid="2704" name="TV47" type="1" provider="MCK" onid="878" tsid="65427" namespace="0x01680000" />
        <service id="0x0a93" sid="2707" name="Urban" type="1" provider="MCK" onid="878" tsid="65427" namespace="0x01680000" />
        <service id="0x0a95" sid="2709" name="West" type="1" provider="MCK" onid="878" tsid="65427" namespace="0x01680000" />
      </transponder>
    </satellite>
    <satellite key="01680000:ff94:036e" name="Sat-36E" namespace="0x01680000" position="36">
      <transponder key="01680000:ff94:036e" frequency="12130000" symbol_rate="27500000" polarization="H" fec="2" system="0" modulation="0">
        <service id="0x0afe" sid="2814" name="13W" type="1" provider="MCK" onid="878" tsid="65428" namespace="0x01680000" />
        <service id="0x0af2" sid="2802" name="1M W" type="1" provider="MCK" onid="878" tsid="65428" namespace="0x01680000" />
        <service id="0x0af1" sid="2801" name="Akwaa" type="1" provider="MCK" onid="878" tsid="65428" namespace="0x01680000" />
        <service id="0x0af6" sid="2806" name="BBN" type="1" provider="MCK" onid="878" tsid="65428" namespace="0x01680000" />
        <service id="0x0af5" sid="2805" name="CoG" type="1" provider="MCK" onid="878" tsid="65428" namespace="0x01680000" />
        <service id="0x0b04" sid="2820" name="Evnt4" type="1" provider="MCK" onid="878" tsid="65428" namespace="0x01680000" />
        <service id="0x0b00" sid="2816" name="Golf N" type="1" provider="MCK" onid="878" tsid="65428" namespace="0x01680000" />
        <service id="0x0b02" sid="2818" name="GOLF P" type="1" provider="MCK" onid="878" tsid="65428" namespace="0x01680000" />
        <service id="0x0af8" sid="2808" name="MM 3" type="1" provider="MCK" onid="878" tsid="65428" namespace="0x01680000" />
        <service id="0x0af7" sid="2807" name="MM1 W" type="1" provider="MCK" onid="878" tsid="65428" namespace="0x01680000" />
        <service id="0x0afa" sid="2810" name="NovMg" type="1" provider="MCK" onid="878" tsid="65428" namespace="0x01680000" />
        <service id="0x0af9" sid="2809" name="PopUp" type="1" provider="MCK" onid="878" tsid="65428" namespace="0x01680000" />
        <service id="0x0b03" sid="2819" name="Prime" type="1" provider="MCK" onid="878" tsid="65428" namespace="0x01680000" />
        <service id="0x0afd" sid="2813" name="WWE" type="1" provider="MCK" onid="878" tsid="65428" namespace="0x01680000" />
        <service id="0x0b05" sid="2821" name="WWE C" type="1" provider="MCK" onid="878" tsid="65428" namespace="0x01680000" />
        <service id="0x0b01" sid="2817" name="WWE P" type="1" provider="MCK" onid="878" tsid="65428" namespace="0x01680000" />
        <service id="0x0b27" sid="2855" name="LacFM" type="2" provider="MCK" onid="878" tsid="65428" namespace="0x01680000" radio="1" />
        <service id="0x0b26" sid="2854" name="LuandaFM" type="2" provider="MCK" onid="878" tsid="65428" namespace="0x01680000" radio="1" />
        <service id="0x0b23" sid="2851" name="MFM" type="2" provider="MCK" onid="878" tsid="65428" namespace="0x01680000" radio="1" />
        <service id="0x0b25" sid="2853" name="R One" type="2" provider="MCK" onid="878" tsid="65428" namespace="0x01680000" radio="1" />
        <service id="0x0b24" sid="2852" name="RMais" type="2" provider="MCK" onid="878" tsid="65428" namespace="0x01680000" radio="1" />
      </transponder>
    </satellite>
    <satellite key="01680000:ff95:036e" name="Sat-36E" namespace="0x01680000" position="36">
      <transponder key="01680000:ff95:036e" frequency="12169000" symbol_rate="27500000" polarization="H" fec="2" system="0" modulation="0">
        <service id="0x0b55" sid="2901" name="AMShwHD" type="25" provider="MCA" onid="878" tsid="65429" namespace="0x01680000" />
        <service id="0x0b5e" sid="2910" name="BLITZHD" type="25" provider="MCK" onid="878" tsid="65429" namespace="0x01680000" />
        <service id="0x0b60" sid="2912" name="BlitzHD" type="25" provider="MCK" onid="878" tsid="65429" namespace="0x01680000" />
        <service id="0x0b5f" sid="2911" name="BLTZPHD" type="25" provider="MCK" onid="878" tsid="65429" namespace="0x01680000" />
        <service id="0x0b58" sid="2904" name="EuroHD" type="25" provider="MCK" onid="878" tsid="65429" namespace="0x01680000" />
        <service id="0x0b5a" sid="2906" name="EUROpHD" type="25" provider="MCK" onid="878" tsid="65429" namespace="0x01680000" />
        <service id="0x0b5d" sid="2909" name="EuroPHD" type="25" provider="MCK" onid="878" tsid="65429" namespace="0x01680000" />
        <service id="0x0b56" sid="2902" name="MaiMEHD" type="25" provider="MCA" onid="878" tsid="65429" namespace="0x01680000" />
        <service id="0x0b5c" sid="2908" name="Max1 HD" type="25" provider="MCK" onid="878" tsid="65429" namespace="0x01680000" />
        <service id="0x0b59" sid="2905" name="Max1PHD" type="25" provider="MCK" onid="878" tsid="65429" namespace="0x01680000" />
        <service id="0x0b62" sid="2914" name="PopUp 3 HD" type="25" provider="MCK" onid="878" tsid="65429" namespace="0x01680000" />
        <service id="0x0b5b" sid="2907" name="PopUp HD" type="25" provider="MCK" onid="878" tsid="65429" namespace="0x01680000" />
        <service id="0x0b61" sid="2913" name="PopUp2 HD" type="25" provider="MCK" onid="878" tsid="65429" namespace="0x01680000" />
        <service id="0x0b57" sid="2903" name="PremLHD" type="25" provider="MCK" onid="878" tsid="65429" namespace="0x01680000" />
        <service id="0x0b63" sid="2915" name="Spare1 HD" type="25" provider="MCK" onid="878" tsid="65429" namespace="0x01680000" />
      </transponder>
    </satellite>
    <satellite key="01680000:ff96:036e" name="Sat-36E" namespace="0x01680000" position="36">
      <transponder key="01680000:ff96:036e" frequency="12284000" symbol_rate="27500000" polarization="H" fec="2" system="0" modulation="0">
        <service id="0x0bbd" sid="3005" name="1M E HD" type="25" provider="MCK" onid="878" tsid="65430" namespace="0x01680000" />
        <service id="0x0bc0" sid="3008" name="BBN HD" type="25" provider="MCK" onid="878" tsid="65430" namespace="0x01680000" />
        <service id="0x0bbe" sid="3006" name="Foot+HD" type="25" provider="MCK" onid="878" tsid="65430" namespace="0x01680000" />
        <service id="0x0bb9" sid="3001" name="MM1WHD" type="25" provider="MCK" onid="878" tsid="65430" namespace="0x01680000" />
        <service id="0x0bbf" sid="3007" name="MM2 HD" type="25" provider="MCK" onid="878" tsid="65430" namespace="0x01680000" />
        <service id="0x0bba" sid="3002" name="MM3 HD" type="25" provider="MCK" onid="878" tsid="65430" namespace="0x01680000" />
        <service id="0x0bbc" sid="3004" name="MNetEHD" type="25" provider="MCK" onid="878" tsid="65430" namespace="0x01680000" />
        <service id="0x0bc3" sid="3011" name="Moz FL1 HD" type="25" provider="MCK" onid="878" tsid="65430" namespace="0x01680000" />
        <service id="0x0bbb" sid="3003" name="TENISHD" type="25" provider="MCK" onid="878" tsid="65430" namespace="0x01680000" />
        <service id="0x0bc1" sid="3009" name="TenisHD" type="25" provider="MCK" onid="878" tsid="65430" namespace="0x01680000" />
        <service id="0x0bc2" sid="3010" name="TENSPHD" type="25" provider="MCK" onid="878" tsid="65430" namespace="0x01680000" />
      </transponder>
    </satellite>
    <satellite key="01680000:ff98:036e" name="Sat-36E" namespace="0x01680000" position="36">
      <transponder key="01680000:ff98:036e" frequency="12092000" symbol_rate="27500000" polarization="H" fec="2" system="0" modulation="0">
        <service id="0x0c82" sid="3202" name="DiscFHD" type="25" provider="MCK" onid="878" tsid="65432" namespace="0x01680000" />
        <service id="0x0c85" sid="3205" name="ESPN 2 HD" type="25" provider="MCK" onid="878" tsid="65432" namespace="0x01680000" />
        <service id="0x0c89" sid="3209" name="ESPN2P HD" type="25" provider="MCK" onid="878" tsid="65432" namespace="0x01680000" />
        <service id="0x0c88" sid="3208" name="HDC" type="25" provider="MCK" onid="878" tsid="65432" namespace="0x01680000" />
        <service id="0x0c87" sid="3207" name="HDN" type="25" provider="MCK" onid="878" tsid="65432" namespace="0x01680000" />
        <service id="0x0c83" sid="3203" name="ID HD" type="25" provider="MCK" onid="878" tsid="65432" namespace="0x01680000" />
        <service id="0x0c86" sid="3206" name="KIX HD" type="25" provider="MCK" onid="878" tsid="65432" namespace="0x01680000" />
        <service id="0x0c81" sid="3201" name="TLC HD" type="25" provider="MCK" onid="878" tsid="65432" namespace="0x01680000" />
        <service id="0x0c84" sid="3204" name="ZimboHD" type="25" provider="MCK" onid="878" tsid="65432" namespace="0x01680000" />
      </transponder>
    </satellite>
    <satellite key="01680000:ff99:036e" name="Sat-36E" namespace="0x01680000" position="36">
      <transponder key="01680000:ff99:036e" frequency="12341000" symbol_rate="27500000" polarization="V" fec="2" system="0" modulation="0">
        <service id="0x0cec" sid="3308" name="1M W HD" type="25" provider="MCK" onid="878" tsid="65433" namespace="0x01680000" />
        <service id="0x0ce7" sid="3303" name="ACT HD" type="25" provider="MCK" onid="878" tsid="65433" namespace="0x01680000" />
        <service id="0x0cf1" sid="3313" name="Act HD" type="25" provider="MCK" onid="878" tsid="65433" namespace="0x01680000" />
        <service id="0x0cf5" sid="3317" name="ACTP HD" type="25" provider="MCK" onid="878" tsid="65433" namespace="0x01680000" />
        <service id="0x0ce6" sid="3302" name="GRANDHD" type="25" provider="MCK" onid="878" tsid="65433" namespace="0x01680000" />
        <service id="0x0cf0" sid="3312" name="GrandHD" type="25" provider="MCK" onid="878" tsid="65433" namespace="0x01680000" />
        <service id="0x0cf4" sid="3316" name="GRNDPHD" type="25" provider="MCK" onid="878" tsid="65433" namespace="0x01680000" />
        <service id="0x0cfa" sid="3322" name="HW7" type="25" provider="MCK" onid="878" tsid="65433" namespace="0x01680000" />
        <service id="0x0ceb" sid="3307" name="MaiM+HD" type="25" provider="MCK" onid="878" tsid="65433" namespace="0x01680000" />
        <service id="0x0cf6" sid="3318" name="MOTOPHD" type="25" provider="MCK" onid="878" tsid="65433" namespace="0x01680000" />
        <service id="0x0ce8" sid="3304" name="MOTORHD" type="25" provider="MCK" onid="878" tsid="65433" namespace="0x01680000" />
        <service id="0x0cf2" sid="3314" name="MotorHD" type="25" provider="MCK" onid="878" tsid="65433" namespace="0x01680000" />
        <service id="0x0ced" sid="3309" name="Moz FL2 HD" type="25" provider="MCK" onid="878" tsid="65433" namespace="0x01680000" />
        <service id="0x0ce9" sid="3305" name="NewzAHD" type="25" provider="MCK" onid="878" tsid="65433" namespace="0x01680000" />
        <service id="0x0cf8" sid="3320" name="NH3" type="25" provider="MCK" onid="878" tsid="65433" namespace="0x01680000" />
        <service id="0x0cf9" sid="3321" name="PH3" type="25" provider="MCK" onid="878" tsid="65433" namespace="0x01680000" />
        <service id="0x0ce5" sid="3301" name="VAR 3 HD" type="25" provider="MCK" onid="878" tsid="65433" namespace="0x01680000" />
        <service id="0x0cef" sid="3311" name="Var 3 HD" type="25" provider="MCK" onid="878" tsid="65433" namespace="0x01680000" />
        <service id="0x0cf3" sid="3315" name="VAR3PHD" type="25" provider="MCK" onid="878" tsid="65433" namespace="0x01680000" />
        <service id="0x0cea" sid="3306" name="WWE HD" type="25" provider="MCK" onid="878" tsid="65433" namespace="0x01680000" />
        <service id="0x0cf7" sid="3319" name="WWEP HD" type="25" provider="MCK" onid="878" tsid="65433" namespace="0x01680000" />
      </transponder>
    </satellite>
    <satellite key="01680000:ff9a:036e" name="Sat-36E" namespace="0x01680000" position="36">
      <transponder key="01680000:ff9a:036e" frequency="11919000" symbol_rate="27500000" polarization="V" fec="3" system="0" modulation="0">
        <service id="0x0d50" sid="3408" name="ABOL" type="1" provider="MCK" onid="878" tsid="65434" namespace="0x01680000" />
        <service id="0x0d55" sid="3413" name="CloudsTV" type="1" provider="MCK" onid="878" tsid="65434" namespace="0x01680000" />
        <service id="0x0d4c" sid="3404" name="EBS" type="1" provider="MCK" onid="878" tsid="65434" namespace="0x01680000" />
        <service id="0x0d54" sid="3412" name="Fana" type="1" provider="MCK" onid="878" tsid="65434" namespace="0x01680000" />
        <service id="0x0d51" sid="3409" name="KISS TV" type="1" provider="MCK" onid="878" tsid="65434" namespace="0x01680000" />
        <service id="0x0d53" sid="3411" name="NewzA" type="1" provider="MCK" onid="878" tsid="65434" namespace="0x01680000" />
        <service id="0x0d4a" sid="3402" name="NTA 2" type="1" provider="MCK" onid="878" tsid="65434" namespace="0x01680000" />
        <service id="0x0d4b" sid="3403" name="NTA P" type="1" provider="MCK" onid="878" tsid="65434" namespace="0x01680000" />
        <service id="0x0d49" sid="3401" name="NTAN24" type="1" provider="MCK" onid="878" tsid="65434" namespace="0x01680000" />
        <service id="0x0d4e" sid="3406" name="POP C" type="1" provider="MCK" onid="878" tsid="65434" namespace="0x01680000" />
        <service id="0x0d4f" sid="3407" name="Wasfi" type="1" provider="MCK" onid="878" tsid="65434" namespace="0x01680000" />
        <service id="0x0d4d" sid="3405" name="Y254" type="1" provider="MCK" onid="878" tsid="65434" namespace="0x01680000" />
        <service id="0x0d52" sid="3410" name="ZanTV" type="1" provider="MCK" onid="878" tsid="65434" namespace="0x01680000" />
        <service id="0x0d81" sid="3457" name="AdmFM" type="2" provider="MCK" onid="878" tsid="65434" namespace="0x01680000" radio="1" />
        <service id="0x0d7c" sid="3452" name="Hope" type="2" provider="MCK" onid="878" tsid="65434" namespace="0x01680000" radio="1" />
        <service id="0x0d7f" sid="3455" name="JoyFM" type="2" provider="MCK" onid="878" tsid="65434" namespace="0x01680000" radio="1" />
        <service id="0x0d82" sid="3458" name="KasFM" type="2" provider="MCK" onid="878" tsid="65434" namespace="0x01680000" radio="1" />
        <service id="0x0d84" sid="3460" name="LM FM" type="2" provider="MCK" onid="878" tsid="65434" namespace="0x01680000" radio="1" />
        <service id="0x0d83" sid="3459" name="MagFM" type="2" provider="MCK" onid="878" tsid="65434" namespace="0x01680000" radio="1" />
        <service id="0x0d7d" sid="3453" name="Peace" type="2" provider="MCK" onid="878" tsid="65434" namespace="0x01680000" radio="1" />
        <service id="0x0d80" sid="3456" name="Starr" type="2" provider="MCK" onid="878" tsid="65434" namespace="0x01680000" radio="1" />
        <service id="0x0d7b" sid="3451" name="Wasafi FM" type="2" provider="MCK" onid="878" tsid="65434" namespace="0x01680000" radio="1" />
        <service id="0x0d7e" sid="3454" name="Y FM" type="2" provider="MCK" onid="878" tsid="65434" namespace="0x01680000" radio="1" />
      </transponder>
    </satellite>
    <satellite key="01680000:ffa0:036e" name="Sat-36E" namespace="0x01680000" position="36">
      <transponder key="01680000:ffa0:036e" frequency="12111000" symbol_rate="27500000" polarization="V" fec="2" system="0" modulation="0">
        <service id="0x9c47" sid="40007" name="Abol HD" type="25" provider="MCK" onid="878" tsid="65440" namespace="0x01680000" />
        <service id="0x9c45" sid="40005" name="AkwaaHD" type="25" provider="MCK" onid="878" tsid="65440" namespace="0x01680000" />
        <service id="0x9c48" sid="40008" name="AMEpicHD" type="25" provider="MCK" onid="878" tsid="65440" namespace="0x01680000" />
        <service id="0x9c49" sid="40009" name="AMUrbHD" type="25" provider="MCK" onid="878" tsid="65440" namespace="0x01680000" />
        <service id="0x9c4a" sid="40010" name="BONGOHD" type="25" provider="MCK" onid="878" tsid="65440" namespace="0x01680000" />
        <service id="0x9c44" sid="40004" name="Cartoon HD" type="25" provider="MCK" onid="878" tsid="65440" namespace="0x01680000" />
        <service id="0x9c43" sid="40003" name="CNN HD" type="25" provider="MCK" onid="878" tsid="65440" namespace="0x01680000" />
        <service id="0x9c42" sid="40002" name="HONEY HD" type="25" provider="MCK" onid="878" tsid="65440" namespace="0x01680000" />
        <service id="0x9c41" sid="40001" name="Maish HD" type="25" provider="MCK" onid="878" tsid="65440" namespace="0x01680000" />
        <service id="0x9c46" sid="40006" name="PrimeHD" type="25" provider="MCK" onid="878" tsid="65440" namespace="0x01680000" />
      </transponder>
    </satellite>
    <satellite key="01680000:ffa1:036e" name="Sat-36E" namespace="0x01680000" position="36">
      <transponder key="01680000:ffa1:036e" frequency="12149000" symbol_rate="27500000" polarization="V" fec="3" system="0" modulation="0">
        <service id="0xa08d" sid="41101" name="Maish" type="1" provider="MCK" onid="878" tsid="65441" namespace="0x01680000" />
        <service id="0xa091" sid="41105" name="MMPOA" type="1" provider="MCK" onid="878" tsid="65441" namespace="0x01680000" />
        <service id="0xa096" sid="41110" name="Svc10" type="1" provider="MCK" onid="878" tsid="65441" namespace="0x01680000" />
        <service id="0xa097" sid="41111" name="Svc11" type="1" provider="MCK" onid="878" tsid="65441" namespace="0x01680000" />
        <service id="0xa098" sid="41112" name="Svc12" type="1" provider="MCK" onid="878" tsid="65441" namespace="0x01680000" />
        <service id="0xa099" sid="41113" name="Svc13" type="1" provider="MCK" onid="878" tsid="65441" namespace="0x01680000" />
        <service id="0xa09a" sid="41114" name="Svc14" type="1" provider="MCK" onid="878" tsid="65441" namespace="0x01680000" />
        <service id="0xa09b" sid="41115" name="Svc15" type="1" provider="MCK" onid="878" tsid="65441" namespace="0x01680000" />
        <service id="0xa09c" sid="41116" name="Svc16" type="1" provider="MCK" onid="878" tsid="65441" namespace="0x01680000" />
        <service id="0xa08e" sid="41102" name="Svc2" type="1" provider="MCK" onid="878" tsid="65441" namespace="0x01680000" />
        <service id="0xa08f" sid="41103" name="Svc3" type="1" provider="MCK" onid="878" tsid="65441" namespace="0x01680000" />
        <service id="0xa090" sid="41104" name="Svc4" type="1" provider="MCK" onid="878" tsid="65441" namespace="0x01680000" />
        <service id="0xa092" sid="41106" name="Svc6" type="1" provider="MCK" onid="878" tsid="65441" namespace="0x01680000" />
        <service id="0xa093" sid="41107" name="Svc7" type="1" provider="MCK" onid="878" tsid="65441" namespace="0x01680000" />
        <service id="0xa094" sid="41108" name="Svc8" type="1" provider="MCK" onid="878" tsid="65441" namespace="0x01680000" />
        <service id="0xa095" sid="41109" name="Svc9" type="1" provider="MCK" onid="878" tsid="65441" namespace="0x01680000" />
      </transponder>
    </satellite>
    <satellite key="01680000:ffdd:036e" name="Sat-36E" namespace="0x01680000" position="36">
      <transponder key="01680000:ffdd:036e" frequency="12476000" symbol_rate="27500000" polarization="H" fec="2" system="0" modulation="0">
        <service id="0x02bd" sid="701" name="Ahadu TV" type="1" provider="MCK" onid="878" tsid="65501" namespace="0x01680000" />
        <service id="0x02bf" sid="703" name="CCTVE" type="1" provider="MCK" onid="878" tsid="65501" namespace="0x01680000" />
        <service id="0x02be" sid="702" name="CMC" type="1" provider="MCK" onid="878" tsid="65501" namespace="0x01680000" />
        <service id="0x02c9" sid="713" name="DW" type="1" provider="MCK" onid="878" tsid="65501" namespace="0x01680000" />
        <service id="0x02cc" sid="716" name="ESP2P" type="1" provider="MCK" onid="878" tsid="65501" namespace="0x01680000" />
        <service id="0x02c2" sid="706" name="ESPN2" type="1" provider="MCK" onid="878" tsid="65501" namespace="0x01680000" />
        <service id="0x02c5" sid="709" name="Fr24E" type="1" provider="MCK" onid="878" tsid="65501" namespace="0x01680000" />
        <service id="0x02c4" sid="708" name="KIX" type="1" provider="MCK" onid="878" tsid="65501" namespace="0x01680000" />
        <service id="0x02c3" sid="707" name="Mambo" type="1" provider="MCK" onid="878" tsid="65501" namespace="0x01680000" />
        <service id="0x02c0" sid="704" name="Metro" type="1" provider="MCK" onid="878" tsid="65501" namespace="0x01680000" />
        <service id="0x02ca" sid="714" name="ROK" type="1" provider="MCK" onid="878" tsid="65501" namespace="0x01680000" />
        <service id="0x02c1" sid="705" name="ZheTV" type="1" provider="MCK" onid="878" tsid="65501" namespace="0x01680000" />
        <service id="0x02c8" sid="712" name="RayFM" type="2" provider="MCK" onid="878" tsid="65501" namespace="0x01680000" radio="1" />
        <service id="0x02c6" sid="710" name="Rythm" type="2" provider="MCK" onid="878" tsid="65501" namespace="0x01680000" radio="1" />
        <service id="0x02cd" sid="717" name="STAR" type="2" provider="MCK" onid="878" tsid="65501" namespace="0x01680000" radio="1" />
      </transponder>
    </satellite>
    <satellite key="01680000:ffde:036e" name="Sat-36E" namespace="0x01680000" position="36">
      <transponder key="01680000:ffde:036e" frequency="11785000" symbol_rate="27500000" polarization="H" fec="3" system="0" modulation="0">
        <service id="0x0fa2" sid="4002" name="AFRO" type="1" provider="MCK" onid="878" tsid="65502" namespace="0x01680000" />
        <service id="0x0fa8" sid="4008" name="BET" type="1" provider="MCK" onid="878" tsid="65502" namespace="0x01680000" />
        <service id="0x0fa7" sid="4007" name="Bloom" type="1" provider="MCK" onid="878" tsid="65502" namespace="0x01680000" />
        <service id="0x0fa1" sid="4001" name="C+ S2" type="1" provider="MCK" onid="878" tsid="65502" namespace="0x01680000" />
        <service id="0x0fa6" sid="4006" name="GTV" type="1" provider="MCK" onid="878" tsid="65502" namespace="0x01680000" />
        <service id="0x0fab" sid="4011" name="ISLAM" type="1" provider="MCK" onid="878" tsid="65502" namespace="0x01680000" />
        <service id="0x0fac" sid="4012" name="LifeT" type="1" provider="MCK" onid="878" tsid="65502" namespace="0x01680000" />
        <service id="0x0fa9" sid="4009" name="Mziki" type="1" provider="MCK" onid="878" tsid="65502" namespace="0x01680000" />
        <service id="0x0fa4" sid="4004" name="NGwld" type="1" provider="MCK" onid="878" tsid="65502" namespace="0x01680000" />
        <service id="0x0faf" sid="4015" name="NGwld P" type="1" provider="MCK" onid="878" tsid="65502" namespace="0x01680000" />
        <service id="0x0fa5" sid="4005" name="NickT" type="1" provider="MCK" onid="878" tsid="65502" namespace="0x01680000" />
        <service id="0x0faa" sid="4010" name="SCITY" type="1" provider="MCK" onid="878" tsid="65502" namespace="0x01680000" />
        <service id="0x0fa3" sid="4003" name="TAfri" type="1" provider="MCK" onid="878" tsid="65502" namespace="0x01680000" />
      </transponder>
    </satellite>
    <satellite key="01680000:ffdf:036e" name="Sat-36E" namespace="0x01680000" position="36">
      <transponder key="01680000:ffdf:036e" frequency="12440000" symbol_rate="27500000" polarization="H" fec="2" system="0" modulation="0">
        <service id="0x55f9" sid="22009" name="BUK" type="1" provider="MCK" onid="878" tsid="65503" namespace="0x01680000" />
        <service id="0x55f8" sid="22008" name="CH 44" type="1" provider="MCK" onid="878" tsid="65503" namespace="0x01680000" />
        <service id="0x55fb" sid="22011" name="Chann" type="1" provider="MCK" onid="878" tsid="65503" namespace="0x01680000" />
        <service id="0x55f7" sid="22007" name="K24" type="1" provider="MCK" onid="878" tsid="65503" namespace="0x01680000" />
        <service id="0x55f2" sid="22002" name="KTN" type="1" provider="MCK" onid="878" tsid="65503" namespace="0x01680000" />
        <service id="0x55f6" sid="22006" name="KTN N" type="1" provider="MCK" onid="878" tsid="65503" namespace="0x01680000" />
        <service id="0x55f3" sid="22003" name="NTV" type="1" provider="MCK" onid="878" tsid="65503" namespace="0x01680000" />
        <service id="0x55f4" sid="22004" name="NTVU" type="1" provider="MCK" onid="878" tsid="65503" namespace="0x01680000" />
        <service id="0x55fc" sid="22012" name="SilvB" type="1" provider="MCK" onid="878" tsid="65503" namespace="0x01680000" />
        <service id="0x55fa" sid="22010" name="TLNov" type="1" provider="MCK" onid="878" tsid="65503" namespace="0x01680000" />
        <service id="0x55f5" sid="22005" name="UBC" type="1" provider="MCK" onid="878" tsid="65503" namespace="0x01680000" />
        <service id="0x55f1" sid="22001" name="W Max" type="1" provider="MCK" onid="878" tsid="65503" namespace="0x01680000" />
      </transponder>
    </satellite>
    <satellite key="01682d42:0001:0001" name="Sat-36E" namespace="0x01682d42" position="36">
      <transponder key="01682d42:0001:0001" frequency="11586000" symbol_rate="2170000" polarization="H" fec="3" system="0" modulation="0">
        <service id="0x0001" sid="1" name="Service 01" type="1" provider="Net 1" onid="1" tsid="1" namespace="0x01682d42" />
      </transponder>
    </satellite>
    <satellite key="01682d4c:0001:ffff" name="Sat-36E" namespace="0x01682d4c" position="36">
      <transponder key="01682d4c:0001:ffff" frequency="11596000" symbol_rate="1600000" polarization="H" fec="4" system="0" modulation="0">
        <service id="0x0001" sid="1" name="Service-1" type="1" provider="Service Provider" onid="65535" tsid="1" namespace="0x01682d4c" />
      </transponder>
    </satellite>
    <satellite key="01682d4e:0001:0001" name="Sat-36E" namespace="0x01682d4e" position="36">
      <transponder key="01682d4e:0001:0001" frequency="11598000" symbol_rate="1750000" polarization="H" fec="4" system="0" modulation="0">
        <service id="0x0001" sid="1" name="ALYAUM TV" type="1" provider="SYR" onid="1" tsid="1" namespace="0x01682d4e" />
      </transponder>
    </satellite>
    <satellite key="01682dae:0001:0001" name="Sat-36E" namespace="0x01682dae" position="36">
      <transponder key="01682dae:0001:0001" frequency="11694000" symbol_rate="3200000" polarization="H" fec="2" system="0" modulation="0">
        <service id="0x0028" sid="40" name="Tm1 HD" type="1" provider="Telemedia" onid="1" tsid="1" namespace="0x01682dae" />
      </transponder>
    </satellite>
    <satellite key="016830de:0001:ffff" name="Sat-36E" namespace="0x016830de" position="36">
      <transponder key="016830de:0001:ffff" frequency="12510000" symbol_rate="3333000" polarization="H" fec="2" system="0" modulation="0">
        <service id="0x0003" sid="3" name="Alhuseinya Radio" type="1" provider="Service Provider" onid="65535" tsid="1" namespace="0x016830de" />
        <service id="0x0001" sid="1" name="K1" type="1" provider="Service Provider" onid="65535" tsid="1" namespace="0x016830de" />
        <service id="0x0002" sid="2" name="Q1" type="1" provider="Service Provider" onid="65535" tsid="1" namespace="0x016830de" />
      </transponder>
    </satellite>
    <satellite key="016830f4:0001:0001" name="Sat-36E" namespace="0x016830f4" position="36">
      <transponder key="016830f4:0001:0001" frequency="12532000" symbol_rate="1110000" polarization="H" fec="4" system="0" modulation="0">
        <service id="0x0001" sid="1" name="assirat-ch" type="22" provider="alsirat" onid="1" tsid="1" namespace="0x016830f4" />
      </transponder>
    </satellite>
    <satellite key="0168ace7:0001:ffff" name="Sat-36E" namespace="0x0168ace7" position="36">
      <transponder key="0168ace7:0001:ffff" frequency="11495000" symbol_rate="2300000" polarization="V" fec="3" system="0" modulation="0">
        <service id="0x0001" sid="1" name="TANDBERG5" type="1" provider="TandbergTV" onid="65535" tsid="1" namespace="0x0168ace7" />
      </transponder>
    </satellite>
    <satellite key="0168aced:0001:ffff" name="Sat-36E" namespace="0x0168aced" position="36">
      <transponder key="0168aced:0001:ffff" frequency="11501000" symbol_rate="5787000" polarization="V" fec="3" system="0" modulation="0">
        <service id="0x0001" sid="1" name="CNC-HD-M" type="1" provider="Service Provider" onid="65535" tsid="1" namespace="0x0168aced" />
      </transponder>
    </satellite>
    <satellite key="0168ada4:0001:ffff" name="Sat-36E" namespace="0x0168ada4" position="36">
      <transponder key="0168ada4:0001:ffff" frequency="11684000" symbol_rate="5425000" polarization="V" fec="4" system="0" modulation="0">
        <service id="0x0001" sid="1" name="DRAMA" type="1" provider="Service Provider" onid="65535" tsid="1" namespace="0x0168ada4" />
        <service id="0x0003" sid="3" name="NOURCHAM" type="1" provider="Service Provider" onid="65535" tsid="1" namespace="0x0168ada4" />
        <service id="0x0004" sid="4" name="SYRIA" type="1" provider="Service Provider" onid="65535" tsid="1" namespace="0x0168ada4" />
        <service id="0x0005" sid="5" name="SYRIA EDUCATION" type="1" provider="Service Provider" onid="65535" tsid="1" namespace="0x0168ada4" />
        <service id="0x0002" sid="2" name="SYRIANA" type="1" provider="Service Provider" onid="65535" tsid="1" namespace="0x0168ada4" />
      </transponder>
    </satellite>
    <satellite key="0168adaf:0001:0001" name="Sat-36E" namespace="0x0168adaf" position="36">
      <transponder key="0168adaf:0001:0001" frequency="11695000" symbol_rate="1800000" polarization="V" fec="4" system="0" modulation="0">
        <service id="0x0001" sid="1" name="IMN" type="25" provider="IMN" onid="1" tsid="1" namespace="0x0168adaf" />
      </transponder>
    </satellite>
    <satellite key="0168adcf:0000:0000" name="Sat-36E" namespace="0x0168adcf" position="36">
      <transponder key="0168adcf:0000:0000" frequency="11727000" symbol_rate="27500000" polarization="V" fec="2" system="0" modulation="0">
        <service id="0x011c" sid="284" name="DecFix" type="1" provider="MCK" onid="0" tsid="0" namespace="0x0168adcf" />
        <service id="0x0120" sid="288" name="EIT Data" type="1" provider="MCK" onid="0" tsid="0" namespace="0x0168adcf" />
        <service id="0x0121" sid="289" name="HDgui" type="1" provider="MCK" onid="0" tsid="0" namespace="0x0168adcf" />
        <service id="0x011a" sid="282" name="MNetWHD" type="25" provider="MCK" onid="0" tsid="0" namespace="0x0168adcf" />
        <service id="0x011d" sid="285" name="MPrmEHD" type="25" provider="MCK" onid="0" tsid="0" namespace="0x0168adcf" />
        <service id="0x067c" sid="1660" name="PDC" type="1" provider="MCK" onid="0" tsid="0" namespace="0x0168adcf" />
        <service id="0x067b" sid="1659" name="PVOD" type="1" provider="MCK" onid="0" tsid="0" namespace="0x0168adcf" />
        <service id="0x011b" sid="283" name="SSHD3" type="25" provider="MCK" onid="0" tsid="0" namespace="0x0168adcf" />
        <service id="0x064a" sid="1610" name="SSHD3 P" type="25" provider="MCK" onid="0" tsid="0" namespace="0x0168adcf" />
        <service id="0x064b" sid="1611" name="SSHD3Ni" type="25" provider="MCK" onid="0" tsid="0" namespace="0x0168adcf" />
        <service id="0x064c" sid="1612" name="SSHD5Ni" type="25" provider="MCK" onid="0" tsid="0" namespace="0x0168adcf" />
        <service id="0x0119" sid="281" name="SSHD6" type="25" provider="MCK" onid="0" tsid="0" namespace="0x0168adcf" />
        <service id="0x011e" sid="286" name="SSHD6 P" type="25" provider="MCK" onid="0" tsid="0" namespace="0x0168adcf" />
      </transponder>
    </satellite>
    <satellite key="0168b0ea:00b0:00b1" name="Sat-36E" namespace="0x0168b0ea" position="36">
      <transponder key="0168b0ea:00b0:00b1" frequency="12522000" symbol_rate="1346000" polarization="V" fec="3" system="0" modulation="0">
        <service id="0x0001" sid="1" name="Topaz Tazı Yarışı feed" type="1" provider="" onid="177" tsid="176" namespace="0x0168b0ea" />
      </transponder>
    </satellite>
    <satellite key="0168b10b:0001:ffff" name="Sat-36E" namespace="0x0168b10b" position="36">
      <transponder key="0168b10b:0001:ffff" frequency="12555000" symbol_rate="2020000" polarization="V" fec="4" system="0" modulation="0">
        <service id="0x0001" sid="1" name="IMAM ALI HD" type="1" provider="IMAM ALI HD" onid="65535" tsid="1" namespace="0x0168b10b" />
      </transponder>
    </satellite>
    <satellite key="0168b114:0001:ffff" name="Sat-36E" namespace="0x0168b114" position="36">
      <transponder key="0168b114:0001:ffff" frequency="12564000" symbol_rate="2500000" polarization="V" fec="4" system="0" modulation="0">
        <service id="0x0001" sid="1" name="Edu-Iraq" type="1" provider="Service Provider" onid="65535" tsid="1" namespace="0x0168b114" />
      </transponder>
    </satellite>
    <satellite key="0168b121:0001:0001" name="Sat-36E" namespace="0x0168b121" position="36">
      <transponder key="0168b121:0001:0001" frequency="12577000" symbol_rate="1472000" polarization="V" fec="4" system="0" modulation="0">
        <service id="0x0041" sid="65" name="Samarra TV" type="1" provider="" onid="1" tsid="1" namespace="0x0168b121" />
      </transponder>
    </satellite>
    <satellite key="0168b19f:0001:ffff" name="Sat-36E" namespace="0x0168b19f" position="36">
      <transponder key="0168b19f:0001:ffff" frequency="12703000" symbol_rate="2200000" polarization="V" fec="5" system="0" modulation="0">
        <service id="0x0001" sid="1" name="IMN-POOL" type="1" provider="TandbergTV" onid="65535" tsid="1" namespace="0x0168b19f" />
      </transponder>
    </satellite>
  </satellites>
</zapit>
