<?xml version='1.0' encoding='utf-8'?>
<zapit api="4">
  <terrestrials>
    <terrestrial key="eeee0000:7f1f:217c" name="TLA" namespace="0xeeee0000">
      <transponder key="eeee0000:7f1f:217c" frequency="530000000" symbol_rate="0" polarization="H" fec="5" system="0" modulation="4">
        <service id="0x00b2" sid="178" name="Ciao TV" type="1" provider="EKA1-Provider" onid="8572" tsid="32543" namespace="0xeeee0000" />
        <service id="0x0b05" sid="2821" name="Delta TV" type="1" provider="TLA" onid="8572" tsid="32543" namespace="0xeeee0000" />
        <service id="0x000f" sid="15" name="ENJOY TV" type="1" provider="AjV - Ottcast" onid="8572" tsid="32543" namespace="0xeeee0000" />
        <service id="0x03f2" sid="1010" name="Magic Music TV" type="1" provider="TLA TV" onid="8572" tsid="32543" namespace="0xeeee0000" />
        <service id="0x002b" sid="43" name="MsSport" type="1" provider="TLA" onid="8572" tsid="32543" namespace="0xeeee0000" />
        <service id="0x000b" sid="11" name="NEOMELODICA" type="1" provider="TLA" onid="8572" tsid="32543" namespace="0xeeee0000" />
        <service id="0x012d" sid="301" name="NORA TV" type="1" provider="DTV" onid="8572" tsid="32543" namespace="0xeeee0000" />
        <service id="0x004e" sid="78" name="RL Channel" type="1" provider="TLA" onid="8572" tsid="32543" namespace="0xeeee0000" />
        <service id="0x00c0" sid="192" name="RTC Targato Napoli" type="1" provider="Scopus Network Technologies" onid="8572" tsid="32543" namespace="0xeeee0000" />
        <service id="0x0b01" sid="2817" name="RTE-TELEVISION-Ciao TV" type="1" provider="TLA" onid="8572" tsid="32543" namespace="0xeeee0000" />
        <service id="0x0001" sid="1" name="Tele Dehon" type="1" provider="Tele Dehon" onid="8572" tsid="32543" namespace="0xeeee0000" />
        <service id="0x002d" sid="45" name="TeleSpazio2" type="1" provider="TLA" onid="8572" tsid="32543" namespace="0xeeee0000" />
        <service id="0x0141" sid="321" name="Teleuniverso" type="1" provider="Teleuniverso" onid="8572" tsid="32543" namespace="0xeeee0000" />
        <service id="0x0002" sid="2" name="TLA TV" type="1" provider="TLA" onid="8572" tsid="32543" namespace="0xeeee0000" />
        <service id="0x00b3" sid="179" name="TR BUONCONSIGLIO" type="1" provider="Scopus Network Technologies" onid="8572" tsid="32543" namespace="0xeeee0000" />
        <service id="0x00bf" sid="191" name="TV CAMPANE 1" type="1" provider="AjV - Ottcast" onid="8572" tsid="32543" namespace="0xeeee0000" />
        <service id="0x03ea" sid="1002" name="TV7" type="1" provider="TLA" onid="8572" tsid="32543" namespace="0xeeee0000" />
        <service id="0x0b03" sid="2819" name="E lite TV" type="2" provider="" onid="8572" tsid="32543" namespace="0xeeee0000" radio="1" />
        <service id="0x0b04" sid="2820" name="E-lite TV" type="2" provider="" onid="8572" tsid="32543" namespace="0xeeee0000" radio="1" />
        <service id="0x0b02" sid="2818" name="TeleSpazio2" type="2" provider="" onid="8572" tsid="32543" namespace="0xeeee0000" radio="1" />
      </transponder>
    </terrestrial>
  </terrestrials>
</zapit>
