{
  "api_version": 4,
  "bouquet_count": "69",
  "category": "terrestrial",
  "deduplicated_services": "0",
  "display_name": "Rai",
  "lamedb_version": "4",
  "last_seen": "unknown",
  "region_code": "rai",
  "service_count": "1871",
  "source": "work/ingest/oe-alliance/vhannibal.hotbird.and.dtt.campania/enigma2",
  "stale": "unknown",
  "stats": "{\"bouquet_count\": 42, \"cable_services\": 0, \"radio_services\": 261, \"sat_services\": 1563, \"terrestrial_services\": 308, \"total_services\": 1871}",
  "thresholds": "{\"cable\": 20, \"sat\": 50, \"terrestrial\": 20}",
  "transponder_count": "118"
}