<?xml version='1.0' encoding='utf-8'?>
<zapit>
  <bouquet name="General" category="tv">
    <channel service_ref="1:0:1:0002:0001:0000:01312aeb:0:0:0:" name="10987H SID 0x02" service_name="10987H SID 0x02" provider="DVB-S QPSK 10987H 30.5Â°E" sid="2" onid="0" tsid="1" />
    <channel service_ref="1:0:1:0002:0001:0000:0131b1be:0:0:0:" name="12735V SID 0x02" service_name="12735V SID 0x02" provider="DVB-S QPSK 12735V 30.5Â°E" sid="2" onid="0" tsid="1" />
    <channel service_ref="1:0:1:0001:0001:ffff:013130f4:0:0:0:" name="2M NAT" service_name="2M NAT" provider="SOREAD 2M" sid="1" onid="65535" tsid="1" />
    <channel service_ref="1:0:1:0001:0001:ffff:0131b0f1:0:0:0:" name="Ericsson Service" service_name="Ericsson Service" provider="EricssonTV" sid="1" onid="65535" tsid="1" />
    <channel service_ref="1:0:1:0001:0001:ffff:0131ab73:0:0:0:" name="Gazzoul" service_name="Gazzoul" provider="Service Provider" sid="1" onid="65535" tsid="1" />
    <channel service_ref="1:0:1:0001:0002:0001:0131b0f5:0:0:0:" name="Hd3 hd3 02" service_name="Hd3 hd3 02" provider="ERTU" sid="1" onid="1" tsid="2" />
    <channel service_ref="1:0:25:0001:0000:0000:0131ab51:0:0:0:" name="LBC International" service_name="LBC International" provider="" sid="1" onid="0" tsid="0" />
    <channel service_ref="1:0:25:0001:0000:0000:0131b0da:0:0:0:" name="LBC International" service_name="LBC International" provider="" sid="1" onid="0" tsid="0" />
    <channel service_ref="1:0:1:01f5:0005:000a:01310000:0:0:0:" name="LBCI AM" service_name="LBCI AM" provider="LBCI" sid="501" onid="10" tsid="5" />
    <channel service_ref="1:0:1:0001:0000:0000:0131b1b8:0:0:0:" name="LEBANON" service_name="LEBANON" provider="OTV" sid="1" onid="0" tsid="0" />
    <channel service_ref="1:0:25:001b:0000:0000:0131b1c3:0:0:0:" name="NBN" service_name="NBN" provider="" sid="27" onid="0" tsid="0" />
    <channel service_ref="1:0:1:0002:0000:0001:0131b1a5:0:0:0:" name="Rotana RIY" service_name="Rotana RIY" provider="Net 1" sid="2" onid="1" tsid="0" />
    <channel service_ref="1:0:1:0001:0001:006e:01310000:0:0:0:" name="SBC EN 3" service_name="SBC EN 3" provider="SAUDI TV1" sid="1" onid="110" tsid="1" />
    <channel service_ref="1:0:1:002a:0001:0001:0131b0e1:0:0:0:" name="SERVICE 01" service_name="SERVICE 01" provider="ALMAJD" sid="42" onid="1" tsid="1" />
    <channel service_ref="1:0:1:026e:0001:026e:01310000:0:0:0:" name="SERVICE 01" service_name="SERVICE 01" provider="ALMAJD" sid="622" onid="622" tsid="1" />
    <channel service_ref="1:0:1:03ea:0000:0001:0131b1ae:0:0:0:" name="Sudan Tx" service_name="Sudan Tx" provider="Sudan TV" sid="1002" onid="1" tsid="0" />
    <channel service_ref="1:0:1:0001:0001:ffff:0131b1a9:0:0:0:" name="sudania24" service_name="sudania24" provider="Service Provider" sid="1" onid="65535" tsid="1" />
    <channel service_ref="1:0:1:0028:0001:ffff:0131b0ef:0:0:0:" name="Tele Liban" service_name="Tele Liban" provider="" sid="40" onid="65535" tsid="1" />
    <channel service_ref="1:0:1:0001:0001:ffff:0131aafa:0:0:0:" name="TL SNG5A" service_name="TL SNG5A" provider="TANDBERG Television" sid="1" onid="65535" tsid="1" />
    <channel service_ref="1:0:25:0001:0001:ffff:0131ab5b:0:0:0:" name="TL SNG5A" service_name="TL SNG5A" provider="TANDBERG Television" sid="1" onid="65535" tsid="1" />
    <channel service_ref="1:0:1:0001:0005:1f40:01310000:0:0:0:" name="TURKSAT TANITIM" service_name="TURKSAT TANITIM" provider="" sid="1" onid="8000" tsid="5" />
    <channel service_ref="1:0:1:0001:0000:0000:01312acf:0:0:0:" name="TURKSAT TANITIM" service_name="TURKSAT TANITIM" provider="" sid="1" onid="0" tsid="0" />
    <channel service_ref="1:0:1:0001:0000:0000:0131ad8a:0:0:0:" name="TURKSAT TANITIM" service_name="TURKSAT TANITIM" provider="" sid="1" onid="0" tsid="0" />
    <channel service_ref="1:0:1:0001:0000:0000:0131b0ff:0:0:0:" name="TV" service_name="TV" provider="ALDEWAN" sid="1" onid="0" tsid="0" />
  </bouquet>
  <bouquet name="RTL" category="tv">
    <channel service_ref="1:0:1:0001:0001:ffff:0131b0f1:0:0:0:" name="Ericsson Service" service_name="Ericsson Service" provider="EricssonTV" sid="1" onid="65535" tsid="1" />
  </bouquet>
  <bouquet name="Switzerland" category="tv">
    <channel service_ref="1:0:1:0002:0001:0000:01312aeb:0:0:0:" name="10987H SID 0x02" service_name="10987H SID 0x02" provider="DVB-S QPSK 10987H 30.5Â°E" sid="2" onid="0" tsid="1" />
    <channel service_ref="1:0:1:0002:0001:0000:0131b1be:0:0:0:" name="12735V SID 0x02" service_name="12735V SID 0x02" provider="DVB-S QPSK 12735V 30.5Â°E" sid="2" onid="0" tsid="1" />
    <channel service_ref="1:0:1:0001:0002:0001:0131b0f5:0:0:0:" name="Hd3 hd3 02" service_name="Hd3 hd3 02" provider="ERTU" sid="1" onid="1" tsid="2" />
    <channel service_ref="1:0:1:0001:0001:006e:01310000:0:0:0:" name="SBC EN 3" service_name="SBC EN 3" provider="SAUDI TV1" sid="1" onid="110" tsid="1" />
    <channel service_ref="1:0:1:0028:0001:ffff:0131b0ef:0:0:0:" name="Tele Liban" service_name="Tele Liban" provider="" sid="40" onid="65535" tsid="1" />
    <channel service_ref="1:0:1:0001:0001:ffff:0131aafa:0:0:0:" name="TL SNG5A" service_name="TL SNG5A" provider="TANDBERG Television" sid="1" onid="65535" tsid="1" />
    <channel service_ref="1:0:25:0001:0001:ffff:0131ab5b:0:0:0:" name="TL SNG5A" service_name="TL SNG5A" provider="TANDBERG Television" sid="1" onid="65535" tsid="1" />
  </bouquet>
  <bouquet name="International" category="tv">
    <channel service_ref="1:0:1:0001:0005:1f40:01310000:0:0:0:" name="TURKSAT TANITIM" service_name="TURKSAT TANITIM" provider="" sid="1" onid="8000" tsid="5" />
    <channel service_ref="1:0:1:0001:0000:0000:01312acf:0:0:0:" name="TURKSAT TANITIM" service_name="TURKSAT TANITIM" provider="" sid="1" onid="0" tsid="0" />
    <channel service_ref="1:0:1:0001:0000:0000:0131ad8a:0:0:0:" name="TURKSAT TANITIM" service_name="TURKSAT TANITIM" provider="" sid="1" onid="0" tsid="0" />
  </bouquet>
  <bouquet name="Others" category="tv">
    <channel service_ref="1:0:1:0001:0001:ffff:013130f4:0:0:0:" name="2M NAT" service_name="2M NAT" provider="SOREAD 2M" sid="1" onid="65535" tsid="1" />
    <channel service_ref="1:0:1:0001:0001:ffff:0131ab73:0:0:0:" name="Gazzoul" service_name="Gazzoul" provider="Service Provider" sid="1" onid="65535" tsid="1" />
    <channel service_ref="1:0:25:0001:0000:0000:0131ab51:0:0:0:" name="LBC International" service_name="LBC International" provider="" sid="1" onid="0" tsid="0" />
    <channel service_ref="1:0:25:0001:0000:0000:0131b0da:0:0:0:" name="LBC International" service_name="LBC International" provider="" sid="1" onid="0" tsid="0" />
    <channel service_ref="1:0:1:01f5:0005:000a:01310000:0:0:0:" name="LBCI AM" service_name="LBCI AM" provider="LBCI" sid="501" onid="10" tsid="5" />
    <channel service_ref="1:0:1:0001:0000:0000:0131b1b8:0:0:0:" name="LEBANON" service_name="LEBANON" provider="OTV" sid="1" onid="0" tsid="0" />
    <channel service_ref="1:0:25:001b:0000:0000:0131b1c3:0:0:0:" name="NBN" service_name="NBN" provider="" sid="27" onid="0" tsid="0" />
    <channel service_ref="1:0:1:0002:0000:0001:0131b1a5:0:0:0:" name="Rotana RIY" service_name="Rotana RIY" provider="Net 1" sid="2" onid="1" tsid="0" />
    <channel service_ref="1:0:1:002a:0001:0001:0131b0e1:0:0:0:" name="SERVICE 01" service_name="SERVICE 01" provider="ALMAJD" sid="42" onid="1" tsid="1" />
    <channel service_ref="1:0:1:026e:0001:026e:01310000:0:0:0:" name="SERVICE 01" service_name="SERVICE 01" provider="ALMAJD" sid="622" onid="622" tsid="1" />
    <channel service_ref="1:0:1:03ea:0000:0001:0131b1ae:0:0:0:" name="Sudan Tx" service_name="Sudan Tx" provider="Sudan TV" sid="1002" onid="1" tsid="0" />
    <channel service_ref="1:0:1:0001:0001:ffff:0131b1a9:0:0:0:" name="sudania24" service_name="sudania24" provider="Service Provider" sid="1" onid="65535" tsid="1" />
    <channel service_ref="1:0:1:0001:0000:0000:0131b0ff:0:0:0:" name="TV" service_name="TV" provider="ALDEWAN" sid="1" onid="0" tsid="0" />
  </bouquet>
  <bouquet name="Radio" category="radio">
    <channel service_ref="1:0:2:0002:0001:ffff:013130f4:0:0:0:" name="Radio 2M" service_name="Radio 2M" provider="SOREAD 2M" sid="2" onid="65535" tsid="1" />
  </bouquet>
</zapit>
