<?xml version='1.0' encoding='utf-8'?>
<zapit api="4">
  <satellites>
    <satellite key="02252b33:0000:0000" name="Sat-54.9E" namespace="0x02252b33" position="54.9">
      <transponder key="02252b33:0000:0000" frequency="11059000" symbol_rate="9500000" polarization="H" fec="4" system="0" modulation="0">
        <service id="0x027f" sid="639" name="ALALAM HD" type="1" provider="IRIB" onid="0" tsid="0" namespace="0x02252b33" />
        <service id="0x02bd" sid="701" name="ALALAM SYRIA" type="1" provider="IRIB" onid="0" tsid="0" namespace="0x02252b33" />
        <service id="0x0033" sid="51" name="ALKAWTHAR HD" type="1" provider="IRIB" onid="0" tsid="0" namespace="0x02252b33" />
        <service id="0x008a" sid="138" name="IFILM ARABIC" type="1" provider="IRIB" onid="0" tsid="0" namespace="0x02252b33" />
        <service id="0x0034" sid="52" name="PRESS TV HD" type="1" provider="IRIB" onid="0" tsid="0" namespace="0x02252b33" />
        <service id="0x01ad" sid="429" name="SAHAR KURDISH" type="1" provider="IRIB" onid="0" tsid="0" namespace="0x02252b33" />
        <service id="0x062f" sid="1583" name="RADIO 03 WORLD SERVICE" type="2" provider="IRIB" onid="0" tsid="0" namespace="0x02252b33" radio="1" />
        <service id="0x0040" sid="64" name="RADIO TALAVAT" type="2" provider="IRIB" onid="0" tsid="0" namespace="0x02252b33" radio="1" />
      </transponder>
    </satellite>
    <satellite key="022530f3:0001:0001" name="Sat-54.9E" namespace="0x022530f3" position="54.9">
      <transponder key="022530f3:0001:0001" frequency="12531000" symbol_rate="500000" polarization="H" fec="4" system="0" modulation="0">
        <service id="0x01a1" sid="417" name="Business FM" type="2" provider="CONNECTO.TV" onid="1" tsid="1" namespace="0x022530f3" radio="1" />
        <service id="0x01a3" sid="419" name="Militsejskaja Volna FM 107.8" type="2" provider="CONNECTO.TV" onid="1" tsid="1" namespace="0x022530f3" radio="1" />
        <service id="0x019f" sid="415" name="Radio Gordost" type="2" provider="CONNECTO.TV" onid="1" tsid="1" namespace="0x022530f3" radio="1" />
        <service id="0x01b9" sid="441" name="Radio Kniga" type="2" provider="CONNECTO.TV" onid="1" tsid="1" namespace="0x022530f3" radio="1" />
      </transponder>
    </satellite>
    <satellite key="02253134:0041:0000" name="Sat-54.9E" namespace="0x02253134" position="54.9">
      <transponder key="02253134:0041:0000" frequency="12596000" symbol_rate="21554000" polarization="H" fec="4" system="0" modulation="0">
        <service id="0x028b" sid="651" name="12596H SID 0x28b" type="100" provider="DVB-S2 QPSK 12596H 54.9Â°E" onid="0" tsid="65" namespace="0x02253134" />
      </transponder>
    </satellite>
    <satellite key="0225b0da:0000:0000" name="Sat-54.9E" namespace="0x0225b0da" position="54.9">
      <transponder key="0225b0da:0000:0000" frequency="12506000" symbol_rate="1000000" polarization="V" fec="5" system="0" modulation="0">
        <service id="0x0001" sid="1" name="Rossiya 24" type="1" provider="" onid="0" tsid="0" namespace="0x0225b0da" />
      </transponder>
    </satellite>
  </satellites>
</zapit>
